CFR;MSSI;Country of registration;Administration responsible of registration;Registration on national registry;GT Tonnage;Other tonnage;GTs;Code;LOA;LBP;Name;Registration number;External marking;Registration Place;Status on national registry;Radio;IRCS;VMS;ERS;AIS;UVI;IMO;Vessel Type;Operates at;Fishing gear;Main engine;Power of auxiliary engine;Hull material;Image;Date of entry into service;Segment;Year of construction;Year of destruction;Year of retirement
BGR002010206;264900344;ROU;;;119.00;0.00;0.00;;23.19;0.00;RK 21;65154;3 6523 CT;Constanta;;Y;YQQC;N;Y;Y;8966236;;FX;;TBB, OTM, GNS;220.65;0.00;Metal;;2016-08-15;MFL;1975-01-01;;
ROM000000001;;ROU;;;246.00;0.00;0.00;;39.80;34.80;PELICAN 1;ROUP048639CT;ROUP048639CT;;;Y;;N;N;N;;;FX;;OTM, GNS;441.00;71.20;Metal;;2004-03-26;MFL;1986-01-01;;2008-06-17
ROM000000002;;ROU;;;134.00;0.00;0.00;;25.67;0.00;MORUNUL;63247;ROUP090187CT;Constanta;;Y;YQLC;N;Y;Y;;;FX;;OTM, NO;420.00;50.00;Metal;;2004-03-26;MFL;1981-01-01;;2011-09-05
ROM000000003;;ROU;;;134.00;0.00;0.00;;25.80;0.00;DELFIN;63252;ROUP054365CT;Constanta;;N;;N;Y;Y;;;FX;;OTM, NO;420.00;0.00;Metal;;2005-03-01;MFL;1981-01-01;;2008-07-17
ROM000000004;;ROU;;;129.00;0.00;0.00;;25.30;23.48;CHEFALU 6;ROUP040082SL;ROUP040082SL;;;Y;YQZV;N;N;N;;;FX;;OTM, GNS;283.00;68.00;Metal;;2004-03-26;MFL;1985-01-01;;2010-07-12
ROM000000005;;ROU;;;115.00;0.00;0.00;;25.43;0.00;MEDUZA 2;ROUP100073CT;ROUP100073CT;;;Y;YQZU;Y;Y;N;;;FX;;OTM, GNS;287.00;47.00;Metal;;2004-03-26;MFL;1981-01-01;;2010-07-15
ROM000000006;;ROU;;;129.00;0.00;0.00;;25.35;0.00;CHEFALU 12;63261;ROUP105745SL;Sulina;;Y;YQZY;N;Y;Y;;;FX;;OTM, NO;283.00;70.00;Metal;;2005-03-21;MFL;1989-01-01;;2010-07-19
ROM000000008;;ROU;;;137.00;0.00;0.00;;21.70;0.00;HENDEM MUSTAFA;ROUP040026CT;ROUP040026CT;;;Y;YQZW;Y;Y;N;;;FX;;OTM, GNS;470.00;20.00;Metal;;2004-03-26;MFL;1997-01-01;;2011-07-25
ROM000000009;;ROU;;;20.00;0.00;0.00;;15.42;0.00;MARIO;ROUP040025CT;ROUP040025CT;;;Y;;Y;Y;N;;;FX;;GNS, LLD;110.00;0.00;Metal;;2004-03-26;MFL;1956-01-01;;2012-09-14
ROM000000010;;ROU;;;129.00;0.00;0.00;;25.28;0.00;TETHYS 2;ROUP047090CT;ROUP047090CT;;;Y;;N;N;N;;;FX;;OTM, NO;283.00;0.00;Metal;;2004-03-26;MFL;1987-01-01;;2008-07-17
ROM000000011;;ROU;;;115.00;0.00;0.00;;25.45;0.00;MEDUZA 4;ROUP040144CT;ROUP040144CT;;;Y;YQZT;Y;Y;N;;;FX;;OTM, GNS;220.00;96.00;Metal;;2004-03-26;MFL;1982-01-01;;2010-06-16
ROM000000012;264900113;ROU;;;129.00;0.00;0.00;;23.01;0.00;FLAMINGO 4;63280;3 1007 CT;Constanta;;Y;YQZS;N;Y;Y;9043249;;FX;;TBB, LLS, PS, OTM, DRB;309.00;0.00;Metal;;2007-01-01;MFL;1996-01-01;;
ROM000000014;;ROU;;;0.87;0.00;0.00;;6.70;0.00;26 CT;ROUP050026CT;ROUP050026CT;;;N;;N;N;N;;;FX;;GNS, LLD;3.60;0.00;Wood;;2005-03-01;MFL;1998-01-01;;2012-09-14
ROM000000015;;ROU;;;0.96;0.00;0.00;;7.22;0.00;246 TO;ROUP050246TO;ROUP050246TO;;;N;;N;N;N;;;FX;;GNS, LLD;3.80;0.00;Wood;;2005-01-18;MFL;2004-01-01;;2012-09-12
ROM000000016;;ROU;;;47.00;0.00;0.00;;22.05;0.00;DRAGON 1;ROUP040254CT;ROUP040254CT;;;Y;YQZR;Y;Y;N;;;FX;;OTM, GNS;220.80;0.00;Metal;;2004-06-24;MFL;1982-01-01;;2010-06-16
ROM000000017;;ROU;;;1.61;0.00;0.00;;8.22;0.00;296 MG;ROUP050296MG;ROUP050296MG;;;N;;N;N;N;;;FX;;GND, GNS;11.00;0.00;Wood;;2005-01-18;MFL;2003-01-01;;2012-09-11
ROM000000018;;ROU;;;3.87;0.00;0.00;;10.60;0.00;48 JR;ROUP050048JR;ROUP050048JR;;;N;;N;N;N;;;FX;;GNS, LLD;11.00;0.00;Fiber/Plastic;;2005-01-18;MFL;1987-01-01;;2015-03-12
ROM000000019;;ROU;;;129.00;0.00;0.00;;25.28;25.25;CHEFALU 10;ROUP100312TL;ROUP100312TL;;;Y;YQZX;Y;Y;N;;;FX;;OTM, NO;283.00;70.00;Metal;;2005-03-21;MFL;1982-01-01;;2010-07-19
ROM000000020;;ROU;;;1.35;0.00;0.00;;8.11;0.00;644 MH;ROUP040644MH;ROUP040644MH;;;N;;N;N;N;;;FX;;GNS, GTR;0.00;0.00;Wood;;2004-09-08;MFL;2000-01-01;;2012-09-11
ROM000000021;;ROU;;;1.33;0.00;0.00;;8.05;0.00;645 MH;ROUP040645MH;ROUP040645MH;;;N;;N;N;N;;;FX;;GNS, LLD;0.00;0.00;Wood;;2004-09-08;MFL;2000-01-01;;2012-09-11
ROM000000022;;ROU;;;2.99;0.00;0.00;;10.42;0.00;643 MH;ROUP040643MH;ROUP040643MH;;;N;;N;N;N;;;FX;;GNS, LLD;0.00;0.00;Fiber/Plastic;;2004-09-08;MFL;1990-01-01;;2012-09-11
ROM000000023;;ROU;;;0.64;0.00;0.00;;6.95;0.00;82 CT;ROUP050082CT;ROUP050082CT;;;N;;N;N;N;;;FX;;GNS, LLD;0.00;0.00;Wood;;2005-01-18;MFL;1989-01-01;;2012-09-14
ROM000000024;;ROU;;;3.88;0.00;0.00;;10.90;0.00;38 CT;ROUP050038CT;ROUP050038CT;;;N;;N;N;N;;;FX;;GNS, LLD;0.00;0.00;Fiber/Plastic;;2005-01-18;MFL;1998-01-01;;2012-09-14
ROM000000025;;ROU;;;0.64;0.00;0.00;;6.66;0.00;4 TO;ROUP050004TO;ROUP050004TO;;;N;;N;N;N;;;FX;;GNS, LLD;16.32;0.00;Fiber/Plastic;;2005-01-18;MFL;1991-01-01;;2012-09-11
ROM000000026;;ROU;;;0.70;0.00;0.00;;6.43;0.00;13 TO;ROUP050013TO;ROUP050013TO;;;N;;N;N;N;;;FX;;GNS, GND;4.37;0.00;Wood;;2005-01-18;MFL;1976-01-01;;2007-03-13
ROM000000027;;ROU;;;0.72;0.00;0.00;;6.60;0.00;23 MG;ROUP050023MG;ROUP050023MG;;;N;;N;N;N;;;FX;;GNS, LLD;7.27;0.00;Wood;;2005-01-18;MFL;1999-01-01;;2012-09-11
ROM000000028;;ROU;;;0.55;0.00;0.00;;6.54;0.00;25 MG;ROUP050025MG;ROUP050025MG;;;N;;N;N;N;;;FX;;GNS, LLD;3.30;0.00;Fiber/Plastic;;2005-01-18;MFL;1989-01-01;;2012-09-11
ROM000000029;;ROU;;;0.62;0.00;0.00;;6.63;0.00;223 TO;ROUP050223TO;ROUP050223TO;;;N;;N;N;N;;;FX;;GNS, LLD;0.00;0.00;Fiber/Plastic;;2005-01-18;MFL;1984-01-01;;2012-09-11
ROM000000030;;ROU;;;0.71;0.00;0.00;;6.73;0.00;141 CT;ROUP100141CT;ROUP100141CT;;;N;;N;N;N;;;FX;;GNS, LHP;3.68;0.00;Wood;;2005-01-18;MFL;2004-01-01;;2014-08-18
ROM000000032;;ROU;;;0.67;0.00;0.00;;6.56;0.00;138 CT;ROUP100138CT;ROUP100138CT;;;N;;N;N;N;;;FX;;GNS, LHP;4.41;0.00;Wood;;2006-03-24;MFL;2001-01-01;;2012-09-11
ROM000000033;;ROU;;;0.63;0.00;0.00;;6.50;0.00;101 CT;ROUP050101CT;ROUP050101CT;;;N;;N;N;N;;;FX;;GNS, LLD;5.89;0.00;Wood;;2005-01-26;MFL;1991-01-01;;2012-09-14
ROM000000034;;ROU;;;0.79;0.00;0.00;;6.65;0.00;22 MG;ROUP050022MG;ROUP050022MG;;;N;;N;N;N;;;FX;;GNS, LLD;5.88;0.00;Wood;;2005-01-26;MFL;2000-01-01;;2012-09-14
ROM000000035;;ROU;;;0.60;0.00;0.00;;6.20;0.00;4014;63335;3 4014 CT;Constanta;;N;;N;Y;Y;;;FX;;GNS, LHP, LLS;0.00;0.00;Fiber/Plastic;;2005-01-26;MFL;1983-01-01;;2024-07-17
ROM000000036;;ROU;;;0.67;0.00;0.00;;6.50;0.00;4796;63340;3 4796 CT;Constanta;;Y;;N;Y;Y;;;FX;;GNS, LHP, LLS;4.41;0.00;Wood;;2005-01-26;MFL;1989-01-01;;
ROM000000037;;ROU;;;0.77;0.00;0.00;;6.66;0.00;5 MG;ROUP050005MG;ROUP050005MG;;;N;;N;N;N;;;FX;;GNS, LLD;4.41;0.00;Wood;;2005-01-26;MFL;1998-01-01;;2012-09-12
ROM000000038;;ROU;;;0.63;0.00;0.00;;6.48;0.00;4069;63348;3 4069 CT;Constanta;;Y;;N;Y;Y;;;FX;;GNS, LHP, LLS;4.41;0.00;Wood;;2005-01-26;MFL;1989-01-01;;2021-10-29
ROM000000039;;ROU;;;0.55;0.00;0.00;;6.17;0.00;8 MG;ROUP050008MG;ROUP050008MG;;;N;;N;N;N;;;FX;;GNS, LLS;4.41;0.00;Wood;;2005-01-26;MFL;1994-01-01;;2013-05-14
ROM000000040;;ROU;;;0.61;0.00;0.00;;6.48;0.00;4727;3 4727 CT;3 4727 CT;;;N;;N;N;N;;;FX;;GNS, LHP;4.41;0.00;Wood;;2005-04-21;MFL;1988-01-01;;2017-02-27
ROM000000041;;ROU;;;0.57;0.00;0.00;;6.27;0.00;442 MG;ROUP050442MG;ROUP050442MG;;;N;;N;N;N;;;FX;;GNS, LLD;4.41;0.00;Wood;;2005-01-26;MFL;1985-01-01;;2013-09-30
ROM000000042;;ROU;;;0.90;0.00;0.00;;6.70;0.00;27 MG;ROUP050027MG;ROUP050027MG;;;N;;N;N;N;;;FX;;GNS, LLD;4.41;0.00;Wood;;2005-01-26;MFL;1995-01-01;;2012-09-14
ROM000000043;;ROU;;;0.55;0.00;0.00;;6.20;0.00;6728;63365;3 6728 CT;Constanta;;N;;N;Y;Y;;;FX;;GNS, LHP;0.00;0.00;Fiber/Plastic;;2007-01-01;MFL;1996-01-01;;2024-07-17
ROM000000044;;ROU;;;0.73;0.00;0.00;;6.50;0.00;5318;63370;3 5318 CT;Constanta;;N;;N;Y;Y;;;FX;;GNS, LHP, LLS;4.37;0.00;Wood;;2005-01-26;MFL;1990-01-01;;2024-11-29
ROM000000045;;ROU;;;0.59;0.00;0.00;;6.40;0.00;34 CT;ROUP050034CT;ROUP050034CT;;;N;;N;N;N;;;FX;;GNS, LLS;4.41;0.00;Wood;;2005-01-27;MFL;1985-01-01;;2012-09-14
ROM000000046;;ROU;;;0.79;0.00;0.00;;7.08;0.00;36 MG;ROUP050036MG;ROUP050036MG;;;N;;N;N;N;;;FX;;GNS, LLD;4.41;0.00;Wood;;2005-01-27;MFL;1999-01-01;;2012-09-14
ROM000000047;;ROU;;;0.76;0.00;0.00;;6.86;0.00;3886;63383;3 3886 CT;Constanta;;Y;;N;Y;Y;;;FX;;TBB, LHP, LLS, PS;5.88;0.00;Wood;;2005-01-27;MFL;2002-01-01;;2023-04-10
ROM000000048;;ROU;;;0.63;0.00;0.00;;6.36;0.00;4067;63388;3 4067 CT;Constanta;;N;;N;Y;Y;;;FX;;GNS, LLS, LHP;4.41;0.00;Wood;;2005-01-27;MFL;1995-01-01;;2024-07-24
ROM000000049;;ROU;;;0.84;0.00;0.00;;6.32;0.00;48 MG;ROUP050048MG;ROUP050048MG;;;N;;N;N;N;;;FX;;GNS, LLD;4.41;0.00;Wood;;2005-01-28;MFL;1970-01-01;;2013-09-30
ROM000000050;;ROU;;;0.76;0.00;0.00;;6.62;0.00;49 MG;ROUP050049MG;ROUP050049MG;;;N;;N;N;N;;;FX;;GNS, LLD;4.41;0.00;Wood;;2005-01-28;MFL;1980-01-01;;2013-09-30
ROM000000051;;ROU;;;0.74;0.00;0.00;;6.98;0.00;4797;63397;3 4797 CT;Constanta;;N;;N;Y;Y;;;FX;;GNS, LHP, LLS;4.41;0.00;Wood;;2005-01-28;MFL;1976-01-01;;2024-04-24
ROM000000052;;ROU;;;0.69;0.00;0.00;;6.37;0.00;56 MG;ROUP050056MG;ROUP050056MG;;;N;;N;N;N;;;FX;;GNS, LLD;4.41;0.00;Fiber/Plastic;;2005-01-28;MFL;1983-01-01;;2010-07-21
ROM000000053;;ROU;;;0.78;0.00;0.00;;6.66;0.00;4792;63403;3 4792 CT;Constanta;;N;;N;Y;Y;;;FX;;LLS, GNS, FPO;4.41;0.00;Wood;;2005-01-28;MFL;2000-01-01;;
ROM000000054;;ROU;;;0.74;0.00;0.00;;6.86;0.00;61 MG;ROUP050061MG;ROUP050061MG;;;N;;N;N;N;;;FX;;GNS, LLS;5.88;0.00;Wood;;2005-01-28;MFL;1972-01-01;;2011-04-29
ROM000000055;;ROU;;;0.64;0.00;0.00;;6.59;0.00;63 MG;ROUP050063MG;ROUP050063MG;;;N;;N;N;N;;;FX;;GNS, LLD;5.88;0.00;Wood;;2005-01-28;MFL;1993-01-01;;2014-01-29
ROM000000056;;ROU;;;0.85;0.00;0.00;;7.10;0.00;4087;63412;3 4087 CT;Constanta;;Y;;N;Y;Y;;;FX;;GNS, LHP, LLS;2.94;0.00;Wood;;2005-01-28;MFL;1990-01-01;;
ROM000000057;;ROU;;;0.66;0.00;0.00;;6.50;0.00;69 MG;ROUP050069MG;ROUP050069MG;;;N;;N;N;N;;;FX;;GNS, LLS;4.41;0.00;Wood;;2005-01-28;MFL;1989-01-01;;2013-09-30
ROM000000058;;ROU;;;0.59;0.00;0.00;;6.40;0.00;148 CT;ROUP100148CT;ROUP100148CT;;;N;;N;N;N;;;FX;;LHP, LLS;4.41;0.00;Wood;;2005-01-28;MFL;1985-01-01;;2015-03-12
ROM000000059;;ROU;;;0.54;0.00;0.00;;6.24;0.00;74 MG;ROUP050074MG;ROUP050074MG;;;N;;N;N;N;;;FX;;GNS, LLD;4.41;0.00;Wood;;2005-01-28;MFL;1973-01-01;;2012-09-14
ROM000000060;;ROU;;;0.67;0.00;0.00;;6.57;0.00;4090;3 4090 CT;3 4090 CT;;;N;;N;N;N;;;FX;;GNS, LHP, LLS;4.41;0.00;Wood;;2005-01-28;MFL;1997-01-01;;2016-10-31
ROM000000061;;ROU;;;0.77;0.00;0.00;;6.70;0.00;79 MG;ROUP050079MG;ROUP050079MG;;;N;;N;N;N;;;FX;;GNS, LLD;5.88;0.00;Wood;;2005-01-28;MFL;2000-01-01;;2012-09-13
ROM000000062;;ROU;;;0.66;0.00;0.00;;6.46;0.00;163 CT;ROUP100163CT;ROUP100163CT;;;N;;N;N;N;;;FX;;GNS, LHP;7.36;0.00;Wood;;2005-01-26;MFL;1980-01-01;;2014-07-08
ROM000000063;;ROU;;;0.85;0.00;0.00;;7.27;0.00;160 CT;ROUP100160CT;ROUP100160CT;;;N;;N;N;N;;;FX;;GNS, LHP;5.88;0.00;Wood;;2005-01-26;MFL;1991-01-01;;2012-07-24
ROM000000064;;ROU;;;0.68;0.00;0.00;;6.70;0.00;150 CT;3 150 CT;3 150 CT;;;N;;N;N;N;;;FX;;GNS, LHP, LLS;4.41;0.00;Wood;;2005-01-26;MFL;1994-01-01;;2014-08-18
ROM000000065;;ROU;;;0.51;0.00;0.00;;6.09;0.00;88 MG;ROUP050088MG;ROUP050088MG;;;N;;N;N;N;;;FX;;GNS, LLD;4.41;0.00;Fiber/Plastic;;2005-01-26;MFL;1990-01-01;;2012-09-13
ROM000000066;;ROU;;;0.78;0.00;0.00;;6.79;0.00;89 MG;ROUP050089MG;ROUP050089MG;;;N;;N;N;N;;;FX;;GNS, LLD;4.41;0.00;Wood;;2005-01-26;MFL;1999-01-01;;2012-09-13
ROM000000067;;ROU;;;0.64;0.00;0.00;;6.40;0.00;90 MG;ROUP050090MG;ROUP050090MG;;;N;;N;N;N;;;FX;;GNS, LLD;4.41;0.00;Wood;;2005-01-26;MFL;1983-01-01;;2013-09-30
ROM000000068;;ROU;;;0.83;0.00;0.00;;7.15;0.00;4782;63450;3 4782 CT;Constanta;;Y;;N;Y;Y;;;FX;;GNS, LLS, SB, LHP;4.41;0.00;Wood;;2005-01-26;MFL;1995-01-01;;
ROM000000069;;ROU;;;0.69;0.00;0.00;;6.59;0.00;293 CT;3 293 CT;3 293 CT;;;N;;N;N;N;;;FX;;GNS, LLS, LHP;4.41;0.00;Wood;;2005-01-26;MFL;1971-01-01;;2017-05-31
ROM000000070;;ROU;;;0.66;0.00;0.00;;6.33;0.00;141 MG;ROUP050141MG;ROUP050141MG;;;N;;N;N;N;;;FX;;GNS, LLD;4.41;0.00;Wood;;2005-01-26;MFL;1983-01-01;;2012-09-14
ROM000000071;;ROU;;;0.77;0.00;0.00;;6.90;0.00;5327;63463;3 5327 CT;Constanta;;Y;;N;Y;Y;;;FX;;GNS, LLS, LHP;4.41;0.00;Wood;;2005-01-26;MFL;1999-01-01;;2021-11-17
ROM000000072;;ROU;;;0.76;0.00;0.00;;6.70;0.00;262 MG;ROUP050262MG;ROUP050262MG;;;N;;N;N;N;;;FX;;GNS, LLD;4.41;0.00;Wood;;2005-01-26;MFL;1999-01-01;;2012-09-14
ROM000000073;;ROU;;;0.73;0.00;0.00;;6.29;0.00;3809;63471;3 3809 CT;Constanta;;Y;;N;Y;Y;;;FX;;GNS, LHP, LLS;6.00;0.00;Wood;;2005-01-26;MFL;1999-01-01;;2019-09-16
ROM000000074;;ROU;;;1.03;0.00;0.00;;7.19;0.00;3810;63478;3 3810 CT;Constanta;;Y;;N;Y;Y;;;FX;;GNS, LHP, LLS;4.41;0.00;Wood;;2005-01-26;MFL;2002-01-01;;
ROM000000075;;ROU;;;0.85;0.00;0.00;;7.28;0.00;12 TO;ROUP050012TO;ROUP050012TO;;;N;;N;N;N;;;FX;;GNS, LLS;7.15;0.00;Wood;;2005-01-27;MFL;2000-01-01;;2011-02-09
ROM000000076;;ROU;;;0.82;0.00;0.00;;7.00;0.00;5355;3 5355 CT;3 5355 CT;;;N;;N;N;N;;;FX;;GNS, LLS, LHP;11.00;0.00;Wood;;2005-01-27;MFL;2001-01-01;;2019-01-17
ROM000000077;;ROU;;;0.82;0.00;0.00;;6.76;0.00;3 CT;ROUP050003CT;ROUP050003CT;;;N;;N;N;N;;;FX;;GNS, LLD;4.42;0.00;Wood;;2005-01-27;MFL;1993-01-01;;2010-03-17
ROM000000078;;ROU;;;0.62;0.00;0.00;;6.62;0.00;206 MG;ROUP050206MG;ROUP050206MG;;;N;;N;N;N;;;FX;;GNS, LLD;3.68;0.00;Fiber/Plastic;;2005-01-27;MFL;1985-01-01;;2012-09-11
ROM000000079;;ROU;;;0.53;0.00;0.00;;6.20;0.00;19 TO;ROUP050019TO;ROUP050019TO;;;N;;N;N;N;;;FX;;GNS, LLD;4.37;0.00;Wood;;2005-07-01;MFL;1973-01-01;;2012-09-13
ROM000000080;;ROU;;;0.54;0.00;0.00;;4.90;0.00;511 TO;ROUP080511TO;ROUP080511TO;;;N;;N;N;N;;;FX;;GNS, GND;29.40;0.00;Metal;;2005-01-27;MFL;1990-01-01;;2009-01-22
ROM000000081;;ROU;;;0.34;0.00;0.00;;3.90;0.00;3345;3 3345 CT;3 3345 CT;;;N;;N;N;N;;;FX;;GNS, FPO;0.00;0.00;Fiber/Plastic;;2005-01-27;MFL;1996-01-01;;2019-01-17
ROM000000082;;ROU;;;0.54;0.00;0.00;;6.50;0.00;3344;63506;3 3344 CT;Constanta;;Y;;N;Y;Y;;;FX;;FPN, GNS;0.00;0.00;Fiber/Plastic;;2005-01-27;MFL;2004-01-01;;
ROM000000083;;ROU;;;1.99;0.00;0.00;;7.60;0.00;5367;3 5367 CT;3 5367 CT;;;N;;N;N;N;;;FX;;GNS, LLS, LHP;50.00;0.00;Fiber/Plastic;;2010-03-04;MFL;1979-01-01;;2018-03-14
ROM000000096;;ROU;;;0.65;0.00;0.00;;6.65;0.00;142 MG;ROUP050142MG;ROUP050142MG;;;N;;N;N;N;;;FX;;GNS, LLD;0.00;0.00;Fiber/Plastic;;2005-01-28;MFL;1999-01-01;;2012-09-12
ROM000000097;;ROU;;;0.66;0.00;0.00;;6.74;0.00;19 MG;ROUP050019MG;ROUP050019MG;;;N;;N;N;N;;;FX;;GNS, LLD;8.82;0.00;Wood;;2005-01-28;MFL;2000-01-01;;2012-09-14
ROM000000098;;ROU;;;0.76;0.00;0.00;;6.93;0.00;139 CT;ROUP100139CT;ROUP100139CT;;;N;;N;N;N;;;FX;;GNS, LHP;11.04;0.00;Wood;;2005-01-28;MFL;2000-01-01;;2014-08-18
ROM000000099;;ROU;;;0.48;0.00;0.00;;6.10;0.00;40 MG;ROUP050040MG;ROUP050040MG;;;N;;N;N;N;;;FX;;GNS, LLD;0.00;0.00;Fiber/Plastic;;2005-01-28;MFL;1992-01-01;;2012-09-13
ROM000000100;;ROU;;;0.73;0.00;0.00;;6.69;0.00;282 CT;3 282 CT;3 282 CT;;;N;;N;N;N;;;FX;;GNS, LLS, LHP;4.41;0.00;Wood;;2005-01-28;MFL;2001-01-01;;2016-12-06
ROM000000101;;ROU;;;0.69;0.00;0.00;;6.60;0.00;4088;63527;3 4088 CT;Constanta;;Y;;N;Y;Y;;;FX;;GNS, LHP, LLS;4.40;0.00;Wood;;2005-01-28;MFL;2002-01-01;;
ROM000000102;;ROU;;;0.88;0.00;0.00;;6.95;0.00;157 CT;ROUP100157CT;ROUP100157CT;;;N;;N;N;N;;;FX;;GNS, LHP;4.41;0.00;Wood;;2005-01-28;MFL;1992-01-01;;2014-08-18
ROM000000103;;ROU;;;0.70;0.00;0.00;;6.52;0.00;4089;63533;3 4089 CT;Constanta;;Y;;N;Y;Y;;;FX;;GNS, LLS, LHP;4.41;0.00;Wood;;2005-01-28;MFL;1999-01-01;;
ROM000000104;;ROU;;;0.45;0.00;0.00;;4.93;0.00;2 MG;ROUP050002MG;ROUP050002MG;;;N;;N;N;N;;;FX;;GNS, LLD;0.00;0.00;Fiber/Plastic;;2005-01-28;MFL;1985-01-01;;2013-09-30
ROM000000105;;ROU;;;0.74;0.00;0.00;;6.90;0.00;114 CT;ROUP090114CT;ROUP090114CT;;;N;;N;N;N;;;FX;;GNS, LHP;4.41;0.00;Wood;;2005-01-31;MFL;1988-01-01;;2014-08-18
ROM000000106;;ROU;;;0.36;0.00;0.00;;4.50;0.00;15 MG;ROUP050015MG;ROUP050015MG;;;N;;N;N;N;;;FX;;GNS, LLS;0.00;0.00;Fiber/Plastic;;2005-01-28;MFL;1983-01-01;;2011-07-25
ROM000000107;;ROU;;;0.96;0.00;0.00;;7.08;0.00;52 MG;ROUP050052MG;ROUP050052MG;;;N;;N;N;N;;;FX;;GNS, LLD;4.41;0.00;Wood;;2005-01-28;MFL;2001-01-01;;2010-07-21
ROM000000108;;ROU;;;0.83;0.00;0.00;;6.99;0.00;144 CT;3 144 CT;3 144 CT;;;N;;N;N;N;;;FX;;GNS, LLS, LHP;0.00;0.00;Wood;;2005-01-28;MFL;1984-01-01;;2014-08-18
ROM000000109;;ROU;;;1.03;0.00;0.00;;8.20;0.00;3837;63557;3 3837 CT;Constanta;;Y;;N;Y;Y;;;FX;;GNS, LLS, LHP;0.00;0.00;Fiber/Plastic;;2010-04-16;MFL;1987-01-01;;
ROM000000110;;ROU;;;3.18;0.00;0.00;;10.50;0.00;5522;63558;3 5522 CT;Constanta;;Y;;N;Y;Y;;;FX;;GNS, LLS, LHP;0.00;0.00;Fiber/Plastic;;2005-02-01;MFL;1985-01-01;;
ROM000000111;;ROU;;;0.90;0.00;0.00;;8.20;0.00;227 MM;ROUP050227MM;ROUP050227MM;;;N;;N;N;N;;;FX;;GNS, LLS;0.00;0.00;Fiber/Plastic;;2005-02-01;MFL;1987-01-01;;2014-08-18
ROM000000112;;ROU;;;0.90;0.00;0.00;;8.20;0.00;225 MM;ROUP050225MM;ROUP050225MM;;;N;;N;N;N;;;FX;;GNS, LLD;11.00;0.00;Fiber/Plastic;;2005-02-01;MFL;1986-01-01;;2014-08-18
ROM000000113;;ROU;;;3.03;0.00;0.00;;10.40;0.00;5299;63563;3 5299 CT;Constanta;;Y;;N;Y;Y;;;FX;;GNS, LLS, SB;0.00;0.00;Fiber/Plastic;;2005-02-01;MFL;1983-01-01;;
ROM000000114;;ROU;;;2.81;0.00;0.00;;10.50;0.00;226 MM;ROUP050226MM;ROUP050226MM;;;N;;N;N;N;;;FX;;GNS, LLD;0.00;0.00;Fiber/Plastic;;2005-02-01;MFL;1983-01-01;;2014-08-18
ROM000000115;;ROU;;;1.18;0.00;0.00;;7.62;0.00;212 CT;3 212 CT;3 212 CT;;;N;;N;N;N;;;FX;;GNS, LLS;18.24;0.00;Fiber/Plastic;;2005-02-01;MFL;1990-01-01;;2014-07-23
ROM000000116;;ROU;;;1.01;0.00;0.00;;7.70;0.00;3268;63572;3 3268 CT;Constanta;;Y;;N;Y;Y;;;FX;;SB, LHP, LLS, FPN;0.00;0.00;Fiber/Plastic;;2010-06-18;MFL;1985-01-01;;
ROM000000117;;ROU;;;3.18;0.00;0.00;;10.12;0.00;271 TO;ROUP050271TO;ROUP050271TO;;;N;;N;N;N;;;FX;;GNS, LLD;0.00;0.00;Fiber/Plastic;;2005-02-01;MFL;1986-01-01;;2012-09-12
ROM000000118;;ROU;;;1.99;0.00;0.00;;7.60;0.00;3267;3 3267 CT;3 3267 CT;;;N;;N;N;N;;;FX;;GNS, NO;33.00;0.00;Fiber/Plastic;;2010-06-18;MFL;1982-01-01;;2017-02-21
ROM000000119;;ROU;;;3.92;0.00;0.00;;10.40;0.00;3914;63577;3 3914 CT;Constanta;;Y;;N;Y;Y;;;FX;;GNS, FPN, LHP;0.00;0.00;Fiber/Plastic;;2005-02-01;MFL;1983-01-01;;
ROM000000120;;ROU;;;3.65;0.00;0.00;;10.50;0.00;5445;63580;3 5445 CT;Constanta;;Y;;N;Y;Y;;;FX;;GNS, NO;0.00;0.00;Fiber/Plastic;;2005-02-01;MFL;1987-01-01;;2023-02-22
ROM000000121;;ROU;;;1.01;0.00;0.00;;7.50;0.00;46 CT;ROUP050046CT;ROUP050046CT;;;N;;N;N;N;;;FX;;GNS, LLD;0.00;0.00;Wood;;2005-02-01;MFL;2000-01-01;;2012-09-11
ROM000000122;;ROU;;;0.45;0.00;0.00;;4.95;0.00;3842;63588;3 3842 CT;Constanta;;Y;;N;Y;Y;;;FX;;GNS, LLS, LHP, SB;0.00;0.00;Fiber/Plastic;;2005-02-01;MFL;1976-01-01;;
ROM000000123;;ROU;;;3.74;0.00;0.00;;10.53;0.00;290 MG;ROUP050290MG;ROUP050290MG;;;N;;N;N;N;;;FX;;GNS, LLS;0.00;0.00;Fiber/Plastic;;2006-04-14;MFL;1985-01-01;;2013-12-10
ROM000000124;;ROU;;;0.67;0.00;0.00;;6.47;0.00;136 CT;ROUP100136CT;ROUP100136CT;;;N;;N;N;N;;;FX;;GNS, LHP;4.40;0.00;Wood;;2005-02-17;MFL;1993-01-01;;2012-09-11
ROM000000125;;ROU;;;0.80;0.00;0.00;;6.86;0.00;130 CT;ROUP100130CT;ROUP100130CT;;;N;;N;N;N;;;FX;;GNS, LLD;4.41;0.00;Wood;;2005-02-17;MFL;2001-01-01;;2015-02-19
ROM000000126;;ROU;;;0.86;0.00;0.00;;6.97;0.00;86 MG;ROUP050086MG;ROUP050086MG;;;N;;N;N;N;;;FX;;GNS, LLS;4.41;0.00;Wood;;2005-02-17;MFL;2000-01-01;;2012-09-11
ROM000000127;;ROU;;;0.69;0.00;0.00;;6.79;0.00;4 CT;ROUP050004CT;ROUP050004CT;;;N;;N;N;N;;;FX;;GNS, LLS;4.42;0.00;Wood;;2005-05-12;MFL;1998-01-01;;2012-09-11
ROM000000128;;ROU;;;0.62;0.00;0.00;;6.62;0.00;263 TO;ROUP050263TO;ROUP050263TO;;;N;;N;N;N;;;FX;;GNS, NO;9.00;0.00;Fiber/Plastic;;2005-02-22;MFL;1991-01-01;;2014-08-18
ROM000000129;;ROU;;;4.10;0.00;0.00;;8.30;0.00;26 TO;ROUP050026TO;ROUP050026TO;;;N;;N;N;N;;;FX;;GNS, LLD;26.00;0.00;Fiber/Plastic;;2005-02-22;MFL;1995-01-01;;2012-09-12
ROM000000130;;ROU;;;0.98;0.00;0.00;;5.70;0.00;5491;63618;3 5491 CT;Constanta;;N;;N;Y;Y;;;FX;;MDV;0.00;0.00;Fiber/Plastic;;2005-02-25;MFL;1996-01-01;;
ROM000000131;;ROU;;;0.60;0.00;0.00;;6.10;0.00;283 CT;3 283 CT;3 283 CT;;;N;;N;N;N;;;FX;;GNS, LLS;0.00;0.00;Fiber/Plastic;;2005-02-25;MFL;1990-01-01;;2016-12-06
ROM000000132;;ROU;;;0.62;0.00;0.00;;6.56;0.00;96 MM;ROUP050096MM;ROUP050096MM;;;N;;N;N;N;;;FX;;GNS, LLD;0.00;0.00;Fiber/Plastic;;2005-03-01;MFL;1988-01-01;;2012-09-12
ROM000000133;;ROU;;;0.62;0.00;0.00;;6.65;0.00;45 MM;ROUP050045MM;ROUP050045MM;;;N;;N;N;N;;;FX;;GNS, LLD;5.80;0.00;Fiber/Plastic;;2005-03-01;MFL;1988-01-01;;2012-09-14
ROM000000134;;ROU;;;0.78;0.00;0.00;;6.80;0.00;3913;63632;3 3913 CT;Constanta;;N;;N;Y;Y;;;FX;;LLS, GNS, FPO;7.36;0.00;Wood;;2005-03-01;MFL;2000-01-01;;
ROM000000135;;ROU;;;3.44;0.00;0.00;;10.55;0.00;3868;63633;3 3868 CT;Constanta;;Y;;N;Y;Y;;;FX;;LLS, SB;29.41;0.00;Fiber/Plastic;;2005-03-01;MFL;1989-01-01;;
ROM000000136;;ROU;;;3.68;0.00;0.00;;10.55;0.00;353 MG;ROUP050353MG;ROUP050353MG;;;N;;N;N;N;;;FX;;GNS, LLS;0.00;0.00;Fiber/Plastic;;2005-03-01;MFL;1986-01-01;;2013-10-18
ROM000000137;;ROU;;;0.42;0.00;0.00;;6.00;0.00;316 TO;ROUP050316TO;ROUP050316TO;;;N;;N;N;N;;;FX;;GNS, LLD;4.40;0.00;Fiber/Plastic;;2005-03-01;MFL;1998-01-01;;2012-09-13
ROM000000138;;ROU;;;0.47;0.00;0.00;;5.00;0.00;62 MM;ROUP050062MM;ROUP050062MM;;;N;;N;N;N;;;FX;;GNS, LLD;0.00;0.00;Fiber/Plastic;;2005-03-01;MFL;2002-01-01;;2012-09-14
ROM000000139;;ROU;;;0.64;0.00;0.00;;7.00;0.00;603 TO;ROUP050603TO;ROUP050603TO;;;N;;N;N;N;;;FX;;GNS, NO;0.00;0.00;Wood;;2005-03-01;MFL;1989-01-01;;2012-09-11
ROM000000140;;ROU;;;3.88;0.00;0.00;;10.90;0.00;38 TO;ROUP050038TO;ROUP050038TO;;;N;;N;N;N;;;FX;;GNS, LLD;0.00;0.00;Fiber/Plastic;;2005-03-01;MFL;1998-01-01;;2012-09-11
ROM000000141;;ROU;;;0.79;0.00;0.00;;6.86;0.00;70 CT;ROUP050070CT;ROUP050070CT;;;N;;N;N;N;;;FX;;GNS, LLD;0.00;0.00;Wood;;2005-03-14;MFL;2003-01-01;;2012-09-11
ROM000000142;;ROU;;;0.60;0.00;0.00;;6.60;0.00;3701;63656;3 3701 CT;Constanta;;N;;N;Y;Y;;;FX;;GNS, LLS, LHP;4.40;0.00;Wood;;2005-03-14;MFL;1988-01-01;;2024-07-29
ROM000000143;;ROU;;;0.64;0.00;0.00;;6.55;0.00;264 TO;ROUP050264TO;ROUP050264TO;;;N;;N;N;N;;;FX;;GNS, LLD;0.00;0.00;Fiber/Plastic;;2005-03-14;MFL;1989-01-01;;2012-09-11
ROM000000144;;ROU;;;0.94;0.00;0.00;;7.36;0.00;321 TO;ROUP050321TO;ROUP050321TO;;;N;;N;N;N;;;FX;;GNS, LLD;11.00;0.00;Wood;;2005-03-16;MFL;2000-01-01;;2015-03-09
ROM000000145;;ROU;;;3.59;0.00;0.00;;10.53;0.00;96 MG;ROUP050096MG;ROUP050096MG;;;N;;N;N;N;;;FX;;GNS, LLD;33.00;0.00;Fiber/Plastic;;2005-03-16;MFL;1988-01-01;;2012-09-11
ROM000000146;;ROU;;;0.96;0.00;0.00;;7.46;0.00;322 TO;ROUP050322TO;ROUP050322TO;;;N;;N;N;N;;;FX;;GNS, LLD;11.00;0.00;Wood;;2005-03-16;MFL;2000-01-01;;2012-09-11
ROM000000147;;ROU;;;0.73;0.00;0.00;;6.90;0.00;318 TO;ROUP050318TO;ROUP080470MG;;;N;;N;N;N;;;FX;;GNS, LLD;0.00;0.00;Fiber/Plastic;;2005-03-17;MFL;1997-01-01;;2017-01-30
ROM000000148;;ROU;;;1.12;0.00;0.00;;7.86;0.00;319 TO;ROUP050319TO;ROUP050319TO;;;N;;N;N;N;;;FX;;GNS, LLD;0.00;0.00;Fiber/Plastic;;2005-03-17;MFL;1993-01-01;;2017-01-30
ROM000000149;;ROU;;;0.58;0.00;0.00;;7.00;0.00;3764;63675;3 3764 CT;Constanta;;N;;N;Y;Y;;;FX;;GNS, FPO, SB;0.00;0.00;Fiber/Plastic;;2010-03-18;MFL;2003-01-01;;
ROM000000150;;ROU;;;2.66;0.00;0.00;;10.53;0.00;177 CT;3 177 CT;3 177 CT;;;N;;N;N;N;;;FX;;GNS, LLS;0.00;0.00;Fiber/Plastic;;2010-08-18;MFL;1995-01-01;;2012-11-22
ROM000000151;;ROU;;;0.62;0.00;0.00;;6.78;0.00;165 CT;ROUP100165CT;ROUP100165CT;;;N;;N;N;N;;;FX;;GNS, SB;0.00;0.00;Fiber/Plastic;;2005-03-25;MFL;2004-01-01;;2014-03-20
ROM000000152;;ROU;;;3.63;0.00;0.00;;10.50;0.00;166 CT;ROUP100166CT;ROUP100166CT;;;N;;N;N;N;;;FX;;GNS, LLD;0.00;0.00;Fiber/Plastic;;2005-03-25;MFL;2004-01-01;;2012-11-22
ROM000000153;;ROU;;;0.48;0.00;0.00;;6.55;0.00;18 CT;ROUP050018CT;ROUP050018CT;;;N;;N;N;N;;;FX;;GNS, LLS;5.80;0.00;Wood;;2005-04-04;MFL;1992-01-01;;2012-09-13
ROM000000154;;ROU;;;1.23;0.00;0.00;;7.84;0.00;294 MG;ROUP050294MG;ROUP050294MG;;;N;;N;N;N;;;FX;;GNS, LLD;0.00;0.00;Fiber/Plastic;;2005-04-12;MFL;1989-01-01;;2012-09-14
ROM000000155;;ROU;;;1.54;0.00;0.00;;6.12;0.00;151 MM;ROUP050151MM;ROUP050151MM;;;N;;N;N;N;;;FX;;GNS, LLS;18.00;0.00;Fiber/Plastic;;2005-04-12;MFL;2002-01-01;;2012-09-14
ROM000000156;;ROU;;;0.97;0.00;0.00;;7.13;0.00;387 MG;ROUP050387MG;ROUP050387MG;;;N;;N;N;N;;;FX;;GNS, LLD;0.00;0.00;Wood;;2005-04-12;MFL;2005-01-01;;2014-08-18
ROM000000157;;ROU;;;0.77;0.00;0.00;;7.25;0.00;39 MG;ROUP050039MG;ROUP050039MG;;;N;;N;N;N;;;FX;;GNS, LLD;4.41;0.00;Wood;;2005-04-19;MFL;1999-01-01;;2012-09-13
ROM000000158;;ROU;;;0.36;0.00;0.00;;4.50;0.00;15 MG;ROUP050015MG;ROUP050015MG;;;N;;N;N;N;;;FX;;GNS, LLS;0.00;0.00;Fiber/Plastic;;2005-04-21;MFL;1983-01-01;;2011-07-25
ROM000000159;;ROU;;;0.72;0.00;0.00;;6.75;0.00;159 CT;3 159 CT;3 159 CT;;;N;;N;N;N;;;FX;;GNS, LHP, LLS;2.94;0.00;Wood;;2005-04-21;MFL;1994-01-01;;2017-01-30
ROM000000160;;ROU;;;0.38;0.00;0.00;;3.61;0.00;70 MG;ROUP050070MG;ROUP050070MG;;;N;;N;N;N;;;FX;;GNS, LLD;4.41;0.00;Wood;;2005-04-21;MFL;1993-01-01;;2014-01-29
ROM000000161;;ROU;;;0.57;0.00;0.00;;6.60;0.00;11 MG;ROUP050011MG;ROUP050011MG;;;N;;N;N;N;;;FX;;GNS, LHP;4.41;0.00;Wood;;2005-04-21;MFL;1997-01-01;;2012-07-24
ROM000000162;;ROU;;;0.79;0.00;0.00;;6.80;0.00;294 CT;3 294 CT;3 294 CT;;;N;;N;N;N;;;FX;;GNS, LLS, LHP;4.41;0.00;Wood;;2005-04-21;MFL;1991-01-01;;2016-12-13
ROM000000163;;ROU;;;0.73;0.00;0.00;;6.63;0.00;736 MH;ROUP050736MH;ROUP050736MH;;;N;;N;N;N;;;FX;;GND, GTR;0.00;0.00;Wood;;2005-04-22;MFL;1976-01-01;;2012-09-11
ROM000000164;;ROU;;;0.88;0.00;0.00;;6.30;0.00;403 MH;ROUP050403MH;ROUP050403MH;;;N;;N;N;N;;;FX;;GND, GTR;6.62;0.00;Wood;;2005-04-22;MFL;2001-01-01;;2012-09-11
ROM000000165;;ROU;;;1.38;0.00;0.00;;8.33;0.00;402 MH;ROUP050402MH;ROUP050402MH;;;N;;N;N;N;;;FX;;GNS, LLD;33.08;0.00;Wood;;2005-04-22;MFL;1975-01-01;;2012-09-11
ROM000000166;;ROU;;;0.35;0.00;0.00;;5.45;0.00;214 MM;ROUP050214MM;ROUP050214MM;;;N;;N;N;N;;;FX;;GNS, LLD;0.00;0.00;Fiber/Plastic;;2005-05-04;MFL;1999-01-01;;2012-09-12
ROM000000167;;ROU;;;0.63;0.00;0.00;;6.24;0.00;25 CT;ROUP050025CT;ROUP050025CT;;;N;;N;N;N;;;FX;;GNS, LLD;4.37;0.00;Wood;;2005-05-04;MFL;1988-01-01;;2012-09-13
ROM000000168;;ROU;;;3.78;0.00;0.00;;8.50;0.00;VATOS;ROUP050143CT;ROUP050143CT;;;N;;N;N;N;;;FX;;GNS, LLD;35.00;0.00;Fiber/Plastic;;2005-05-04;MFL;1978-01-01;;2012-09-13
ROM000000169;;ROU;;;0.52;0.00;0.00;;6.13;0.00;732 MH;ROUP050732MH;ROUP050732MH;;;N;;N;N;N;;;FX;;GND, GTR;0.00;0.00;Wood;;2005-05-09;MFL;1992-01-01;;2012-09-11
ROM000000170;;ROU;;;0.66;0.00;0.00;;6.20;0.00;734 MH;ROUP050734MH;ROUP050734MH;;;N;;N;N;N;;;FX;;GND, GTR;0.00;0.00;Wood;;2005-05-09;MFL;1977-01-01;;2012-09-11
ROM000000171;;ROU;;;0.60;0.00;0.00;;6.57;0.00;139 MG;ROUP050139MG;ROUP050139MG;;;N;;N;N;N;;;FX;;GNS, LLD;4.41;0.00;Wood;;2005-05-12;MFL;1970-01-01;;2012-09-11
ROM000000172;;ROU;;;0.90;0.00;0.00;;7.52;0.00;111 JR;ROUP050111JR;ROUP050111JR;;;N;;N;N;N;;;FX;;GNS, LLD;0.00;0.00;Wood;;2005-05-13;MFL;1982-01-01;;2012-09-14
ROM000000173;;ROU;;;0.90;0.00;0.00;;7.52;0.00;110 JR;ROUP050110JR;ROUP050110JR;;;N;;N;N;N;;;FX;;GNS, LLD;0.00;0.00;Wood;;2005-05-13;MFL;1997-01-01;;2012-09-14
ROM000000174;;ROU;;;1.01;0.00;0.00;;7.40;0.00;109 JR;ROUP050109JR;ROUP050109JR;;;N;;N;N;N;;;FX;;GNS, LLD;0.00;0.00;Wood;;2005-05-13;MFL;1975-01-01;;2012-09-11
ROM000000175;;ROU;;;1.01;0.00;0.00;;7.40;0.00;108 JR;ROUP050108JR;ROUP050108JR;;;N;;N;N;N;;;FX;;GNS, LLS;0.00;0.00;Wood;;2005-05-13;MFL;1975-01-01;;2012-09-11
ROM000000176;;ROU;;;1.01;0.00;0.00;;7.40;0.00;107 JR;ROUP050107JR;ROUP050107JR;;;N;;N;N;N;;;FX;;GNS, LLD;0.00;0.00;Wood;;2005-05-13;MFL;1975-01-01;;2012-09-13
ROM000000177;;ROU;;;0.90;0.00;0.00;;7.52;0.00;106 JR;ROUP050106JR;ROUP050106JR;;;N;;N;N;N;;;FX;;GNS, LLD;0.00;0.00;Wood;;2005-05-13;MFL;1974-01-01;;2012-09-11
ROM000000178;;ROU;;;3.49;0.00;0.00;;10.50;0.00;105 JR;ROUP050105JR;ROUP050105JR;;;N;;N;N;N;;;FX;;GNS, LLD;0.00;0.00;Wood;;2005-05-13;MFL;1988-01-01;;2012-09-14
ROM000000179;;ROU;;;0.97;0.00;0.00;;7.45;0.00;104 JR;ROUP05104JR;ROUP05104JR;;;N;;N;N;N;;;FX;;GNS, LLD;0.00;0.00;Wood;;2005-05-13;MFL;1999-01-01;;2012-09-11
ROM000000180;;ROU;;;0.96;0.00;0.00;;7.16;0.00;103 JR;ROUP050103JR;ROUP050103JR;;;N;;N;N;N;;;FX;;GNS, LLD;0.00;0.00;Wood;;2005-05-13;MFL;1999-01-01;;2012-09-11
ROM000000181;;ROU;;;3.49;0.00;0.00;;10.50;0.00;573 TL;3 573 TL;3 573 TL;;;N;;N;N;N;;;FX;;GNS, LLS;36.80;0.00;Fiber/Plastic;;2005-06-02;MFL;1988-01-01;;2015-04-01
ROM000000182;;ROU;;;6.44;0.00;0.00;;9.42;0.00;GOLOVITA;ROUP050018TL;ROUP050018TL;;;N;;N;N;N;;;FX;;GNS, LLD;47.00;0.00;Wood;;2005-06-02;MFL;1948-01-01;;2008-10-06
ROM000000183;;ROU;;;9.50;0.00;0.00;;11.38;0.00;CALCAN 1;ROUP050103CT;ROUP050103CT;;;N;;N;N;N;;;FX;;GNS, LLD;47.00;0.00;Wood;;2005-06-02;MFL;1948-01-01;;2010-07-30
ROM000000184;;ROU;;;10.17;0.00;0.00;;12.00;0.00;CALCAN 3;ROUP050009TL;ROUP050009TL;;;N;;N;N;N;;;FX;;GNS, LLD;47.00;0.00;Wood;;2005-06-02;MFL;1948-01-01;;2009-04-06
ROM000000185;;ROU;;;0.50;0.00;0.00;;6.17;0.00;244 TO;ROUP050244TO;ROUP050244TO;;;N;;N;N;N;;;FX;;GNS, LLS;0.00;0.00;Wood;;2005-06-01;MFL;1996-01-01;;2012-09-12
ROM000000186;;ROU;;;2.73;0.00;0.00;;7.60;0.00;251 SL;ROUP050251SL;ROUP050251SL;;;N;;N;N;N;;;FX;;GNS, LLS;33.00;0.00;Metal;;2005-06-01;MFL;1998-01-01;;2009-01-22
ROM000000187;;ROU;;;0.54;0.00;0.00;;5.97;0.00;247 SL;ROUP050247SL;ROUP050247SL;;;N;;N;N;N;;;FX;;GNS, LLD;3.80;0.00;Fiber/Plastic;;2005-06-01;MFL;2000-01-01;;2012-09-11
ROM000000188;;ROU;;;1.42;0.00;0.00;;8.02;0.00;114 SL;ROUP050114SL;ROUP050114SL;;;N;;N;N;N;;;FX;;GNS, LLD;9.00;0.00;Wood;;2005-06-01;MFL;2001-01-01;;2012-09-11
ROM000000190;;ROU;;;0.73;0.00;0.00;;6.72;0.00;1198 TL;ROUP051198TL;ROUP051198TL;;;N;;N;N;N;;;FX;;GNS, LLD;0.00;0.00;Wood;;2005-06-16;MFL;1996-01-01;;2012-09-14
ROM000000191;;ROU;;;0.70;0.00;0.00;;6.12;0.00;1199 TL;ROUP051199TL;ROUP051199TL;;;N;;N;N;N;;;FX;;GNS, LLD;0.00;0.00;Wood;;2005-06-16;MFL;2000-01-01;;2012-09-14
ROM000000192;;ROU;;;0.88;0.00;0.00;;7.00;0.00;164 TL;ROUP050164TL;ROUP050164TL;;;N;;N;N;N;;;FX;;GNS, LLD;0.00;0.00;Wood;;2005-06-16;MFL;1998-01-01;;2012-09-13
ROM000000193;;ROU;;;0.91;0.00;0.00;;7.32;0.00;1375 TL;ROUP051375TL;ROUP051375TL;;;N;;N;N;N;;;FX;;GNS, LLD;0.00;0.00;Wood;;2005-06-16;MFL;2001-01-01;;2012-06-01
ROM000000194;;ROU;;;0.91;0.00;0.00;;7.11;0.00;1005 TL;ROUP051005TL;ROUP051005TL;;;N;;N;N;N;;;FX;;GNS, LLD;33.00;0.00;Wood;;2005-06-16;MFL;2000-01-01;;2012-09-13
ROM000000195;;ROU;;;0.64;0.00;0.00;;6.78;0.00;490 TL;ROUP050490TL;ROUP050490TL;;;N;;N;N;N;;;FX;;GNS, LLD;0.00;0.00;Wood;;2005-06-16;MFL;2001-01-01;;2012-09-13
ROM000000198;;ROU;;;0.81;0.00;0.00;;6.71;0.00;5 JR;ROUP050005JR;ROUP050005JR;;;N;;N;N;N;;;FX;;GNS, LLD;5.88;0.00;Wood;;2005-06-16;MFL;1998-01-01;;2012-09-11
ROM000000201;;ROU;;;0.78;0.00;0.00;;6.76;0.00;307 JR;ROUP050307JR;ROUP050307JR;;;N;;N;N;N;;;FX;;GNS, LLD;22.05;0.00;Wood;;2005-06-16;MFL;1999-01-01;;2012-09-11
ROM000000202;;ROU;;;0.63;0.00;0.00;;6.70;0.00;313 JR;ROUP050313JR;ROUP050313JR;;;N;;N;N;N;;;FX;;GNS, LLD;11.03;0.00;Wood;;2005-06-16;MFL;2005-01-01;;2012-09-11
ROM000000204;;ROU;;;0.77;0.00;0.00;;7.00;0.00;312 JR;ROUP050312JR;ROUP050312JR;;;N;;N;N;N;;;FX;;GNS, LLD;11.03;0.00;Wood;;2005-06-16;MFL;2005-01-01;;2012-09-11
ROM000000206;;ROU;;;0.75;0.00;0.00;;6.70;0.00;310 JR;ROUP050310JR;ROUP050310JR;;;N;;N;N;N;;;FX;;GNS, LLD;0.00;0.00;Wood;;2010-03-17;MFL;1999-01-01;;2012-09-14
ROM000000208;;ROU;;;0.51;0.00;0.00;;5.50;0.00;592 SL;ROUP050592SL;ROUP050592SL;;;N;;N;N;N;;;FX;;GNS, LLD;0.00;0.00;Metal;;2005-06-16;MFL;2001-01-01;;2012-11-22
ROM000000209;;ROU;;;1.54;0.00;0.00;;7.80;0.00;554 TL;3 554 TL;3 554 TL;;;N;;N;N;N;;;FX;;GNS, NO;21.00;0.00;Wood;;2005-06-16;MFL;1999-01-01;;2012-12-10
ROM000000211;;ROU;;;0.53;0.00;0.00;;5.86;0.00;1658 TL;ROUP051658TL;ROUP051658TL;;;N;;N;N;N;;;FX;;GNS, LLD;16.00;0.00;Wood;;2005-06-23;MFL;1999-01-01;;2012-09-11
ROM000000212;;ROU;;;0.84;0.00;0.00;;6.92;0.00;320 JR;ROUP050320JR;ROUP050320JR;;;N;;N;N;N;;;FX;;GNS, LLD;0.00;0.00;Wood;;2005-06-23;MFL;1998-01-01;;2012-09-14
ROM000000213;;ROU;;;0.44;0.00;0.00;;5.61;0.00;859 MH;ROUP050859MH;ROUP050859MH;;;N;;N;N;N;;;FX;;GNS, LLD;0.00;0.00;Wood;;2005-07-06;MFL;1992-01-01;;2012-09-14
ROM000000214;;ROU;;;0.74;0.00;0.00;;7.21;0.00;861 MH;ROUP050861MH;ROUP050861MH;;;N;;N;N;N;;;FX;;GNS, LLD;0.00;0.00;Wood;;2005-07-06;MFL;2000-01-01;;2012-09-14
ROM000000215;;ROU;;;0.65;0.00;0.00;;6.50;0.00;325 JR;ROUP050325JR;ROUP050325JR;;;N;;N;N;N;;;FX;;GNS, LLD;0.00;0.00;Wood;;2005-07-06;MFL;2005-01-01;;2012-09-11
ROM000000217;;ROU;;;0.66;0.00;0.00;;6.27;0.00;16 JR;ROUP050016JR;ROUP050016JR;;;N;;N;N;N;;;FX;;GNS, LLD;5.88;0.00;Wood;;2005-07-06;MFL;2001-01-01;;2012-09-11
ROM000000218;;ROU;;;0.99;0.00;0.00;;7.24;0.00;971 TL;ROUP050971TL;ROUP050971TL;;;N;;N;N;N;;;FX;;GNS, LLD;0.00;0.00;Wood;;2005-07-06;MFL;2000-01-01;;2012-09-14
ROM000000219;;ROU;;;0.78;0.00;0.00;;6.80;0.00;969 TL;ROUP050969TL;ROUP050969TL;;;N;;N;N;N;;;FX;;GNS, LLD;0.00;0.00;Wood;;2005-07-06;MFL;1996-01-01;;2012-09-11
ROM000000220;;ROU;;;0.62;0.00;0.00;;6.30;0.00;299 JR;ROUP050299JR;ROUP050299JR;;;N;;N;N;N;;;FX;;GNS, LLD;2.95;0.00;Wood;;2005-07-06;MFL;2005-01-01;;2012-09-14
ROM000000221;;ROU;;;0.47;0.00;0.00;;6.17;0.00;254 JR;ROUP050254JR;ROUP050254JR;;;N;;N;N;N;;;FX;;GNS, LLD;0.00;0.00;Wood;;2005-07-06;MFL;2001-01-01;;2012-09-11
ROM000000222;;ROU;;;1.00;0.00;0.00;;7.32;0.00;1374 TL;ROUP051374TL;ROUP051374TL;;;N;;N;N;N;;;FX;;GNS, LLD;0.00;0.00;Wood;;2005-07-06;MFL;2001-01-01;;2012-11-22
ROM000000223;;ROU;;;0.85;0.00;0.00;;6.90;0.00;324 JR;ROUP100324JR;ROUP100324JR;;;N;;N;N;N;;;FX;;GNS, SB;11.02;0.00;Wood;;2005-07-06;MFL;2000-01-01;;2012-09-11
ROM000000224;;ROU;;;3.49;0.00;0.00;;10.50;0.00;162 JR;ROUP050162JR;ROUP050162JR;;;N;;N;N;N;;;FX;;GNS, LLS;0.00;0.00;Fiber/Plastic;;2005-07-08;MFL;1984-01-01;;2012-09-14
ROM000000225;;ROU;;;3.41;0.00;0.00;;10.50;0.00;163 JR;ROUP050163JR;ROUP050163JR;;;N;;N;N;N;;;FX;;GNS, LLS;0.00;0.00;Fiber/Plastic;;2005-07-08;MFL;1985-01-01;;2012-09-14
ROM000000226;;ROU;;;4.05;0.00;0.00;;9.70;0.00;164 JR;ROUP050164JR;ROUP050164JR;;;N;;N;N;N;;;FX;;GNS, LLD;0.00;0.00;Fiber/Plastic;;2005-07-08;MFL;1990-01-01;;2012-09-14
ROM000000227;;ROU;;;4.05;0.00;0.00;;9.70;0.00;165 JR;ROUP050165JR;ROUP050165JR;;;N;;N;N;N;;;FX;;GNS, LLD;0.00;0.00;Fiber/Plastic;;2005-07-08;MFL;1990-01-01;;2012-09-14
ROM000000228;;ROU;;;0.74;0.00;0.00;;6.75;0.00;46 JR;ROUP050046JR;ROUP050046JR;;;N;;N;N;N;;;FX;;GNS, LLS;0.00;0.00;Wood;;2005-07-08;MFL;2002-01-01;;2012-09-11
ROM000000229;;ROU;;;0.74;0.00;0.00;;6.72;0.00;47 JR;ROUP050047JR;ROUP050047JR;;;N;;N;N;N;;;FX;;GNS, LLD;0.00;0.00;Wood;;2005-07-08;MFL;2002-01-01;;2012-09-11
ROM000000230;;ROU;;;0.74;0.00;0.00;;6.73;0.00;209 JR;ROUP050209JR;ROUP050209JR;;;N;;N;N;N;;;FX;;GNS, LLD;0.00;0.00;Wood;;2005-07-08;MFL;2002-01-01;;2012-09-14
ROM000000232;;ROU;;;0.81;0.00;0.00;;6.75;0.00;29 JR;ROUP050029JR;ROUP050029JR;;;N;;N;N;N;;;FX;;GNS, LLD;0.00;0.00;Wood;;2005-07-08;MFL;2003-01-01;;2012-09-11
ROM000000233;;ROU;;;0.81;0.00;0.00;;6.75;0.00;28 JR;ROUP050028JR;ROUP050028JR;;;N;;N;N;N;;;FX;;GNS, LLD;0.00;0.00;Wood;;2005-07-08;MFL;2003-01-01;;2012-09-11
ROM000000234;;ROU;;;0.81;0.00;0.00;;6.75;0.00;41 JR;ROUP050041JR;ROUP050041JR;;;N;;N;N;N;;;FX;;GNS, LLD;0.00;0.00;Wood;;2005-07-08;MFL;2003-01-01;;2012-09-11
ROM000000235;;ROU;;;0.81;0.00;0.00;;6.45;0.00;40 JR;ROUP050040JR;ROUP050040JR;;;N;;N;N;N;;;FX;;GNS, LLS;5.88;0.00;Wood;;2005-07-08;MFL;2003-01-01;;2012-09-11
ROM000000236;;ROU;;;0.81;0.00;0.00;;6.75;0.00;38 JR;ROUP050038JR;ROUP050038JR;;;N;;N;N;N;;;FX;;GNS, LLD;0.00;0.00;Wood;;2005-07-08;MFL;2003-01-01;;2012-09-12
ROM000000237;;ROU;;;0.81;0.00;0.00;;6.75;0.00;39 JR;ROUP050039JR;ROUP050039JR;;;N;;N;N;N;;;FX;;GNS, LLD;0.00;0.00;Wood;;2005-07-08;MFL;2003-01-01;;2012-09-14
ROM000000238;;ROU;;;0.81;0.00;0.00;;6.75;0.00;36 JR;ROUP050036JR;ROUP050036JR;;;N;;N;N;N;;;FX;;GNS, LLD;0.00;0.00;Wood;;2005-07-08;MFL;2003-01-01;;2012-09-11
ROM000000239;;ROU;;;0.81;0.00;0.00;;6.75;0.00;37 JR;ROUP050037JR;ROUP050037JR;;;N;;N;N;N;;;FX;;GNS, LLD;0.00;0.00;Wood;;2005-07-08;MFL;2003-01-01;;2012-09-14
ROM000000240;;ROU;;;0.81;0.00;0.00;;6.75;0.00;34 JR;ROUP050034JR;ROUP050034JR;;;N;;N;N;N;;;FX;;GNS, LLD;0.00;0.00;Wood;;2005-07-08;MFL;2003-01-01;;2012-09-11
ROM000000241;;ROU;;;0.81;0.00;0.00;;6.75;0.00;35 JR;ROUP050035JR;ROUP050035JR;;;N;;N;N;N;;;FX;;GNS, LLD;0.00;0.00;Wood;;2005-07-08;MFL;2003-01-01;;2012-11-22
ROM000000242;;ROU;;;0.81;0.00;0.00;;6.75;0.00;33 JR;ROUP050033JR;ROUP050033JR;;;N;;N;N;N;;;FX;;GNS, LLD;0.00;0.00;Wood;;2005-07-08;MFL;2003-01-01;;2012-09-12
ROM000000243;;ROU;;;0.81;0.00;0.00;;6.75;0.00;32 JR;ROUP050032JR;ROUP050032JR;;;N;;N;N;N;;;FX;;GNS, LLD;0.00;0.00;Wood;;2005-07-08;MFL;2003-01-01;;2012-09-14
ROM000000244;;ROU;;;0.81;0.00;0.00;;6.75;0.00;24 JR;ROUP050024JR;ROUP050024JR;;;N;;N;N;N;;;FX;;GNS, LLS;0.00;0.00;Wood;;2005-07-08;MFL;2003-01-01;;2012-06-01
ROM000000245;;ROU;;;0.81;0.00;0.00;;6.75;0.00;25 JR;ROUP050025JR;ROUP050025JR;;;N;;N;N;N;;;FX;;GNS, LLD;0.00;0.00;Wood;;2005-07-08;MFL;2003-01-01;;2012-09-14
ROM000000246;;ROU;;;0.81;0.00;0.00;;6.06;0.00;31 JR;ROUP050031JR;ROUP050031JR;;;N;;N;N;N;;;FX;;GNS, NO;11.00;0.00;Wood;;2005-07-08;MFL;2003-01-01;;2012-11-22
ROM000000247;;ROU;;;0.81;0.00;0.00;;6.75;0.00;30 JR;ROUP050030JR;ROUP050030JR;;;N;;N;N;N;;;FX;;GNS, LLD;0.00;0.00;Wood;;2005-07-08;MFL;2003-01-01;;2012-09-11
ROM000000248;;ROU;;;0.86;0.00;0.00;;7.00;0.00;82 JR;ROUP050082JR;ROUP050082JR;;;N;;N;N;N;;;FX;;GNS, LLD;0.00;0.00;Wood;;2005-07-08;MFL;1998-01-01;;2012-09-11
ROM000000249;;ROU;;;1.01;0.00;0.00;;7.32;0.00;1806 TL;ROUP051806TL;ROUP051806TL;;;N;;N;N;N;;;FX;;GNS, LLD;0.00;0.00;Wood;;2005-07-08;MFL;2001-01-01;;2009-02-25
ROM000000250;;ROU;;;1.01;0.00;0.00;;7.32;0.00;1621 TL;ROUP051621TL;ROUP051621TL;;;N;;N;N;N;;;FX;;GNS, LLD;0.00;0.00;Wood;;2005-07-08;MFL;2001-01-01;;2012-09-11
ROM000000252;;ROU;;;0.68;0.00;0.00;;6.46;0.00;4 JR;ROUP050004JR;ROUP050004JR;;;N;;N;N;N;;;FX;;GNS, LLD;0.00;0.00;Wood;;2005-07-08;MFL;1998-01-01;;2012-09-11
ROM000000253;;ROU;;;0.72;0.00;0.00;;6.33;0.00;6 JR;ROUP050006JR;ROUP050006JR;;;N;;N;N;N;;;FX;;GNS, LLD;0.00;0.00;Wood;;2005-07-08;MFL;1998-01-01;;2012-09-11
ROM000000254;;ROU;;;0.87;0.00;0.00;;7.05;0.00;15 TL;ROUP050015TL;ROUP050015TL;;;N;;N;N;N;;;FX;;GNS, LLD;0.00;0.00;Wood;;2005-07-08;MFL;2001-01-01;;2012-09-11
ROM000000255;;ROU;;;0.50;0.00;0.00;;6.15;0.00;315 JR;ROUP050315JR;ROUP050315JR;;;N;;N;N;N;;;FX;;GNS, LLD;0.00;0.00;Wood;;2005-07-08;MFL;1998-01-01;;2012-09-11
ROM000000256;;ROU;;;0.88;0.00;0.00;;7.15;0.00;314 JR;ROUP050314JR;ROUP050314JR;;;N;;N;N;N;;;FX;;GNS, LLD;0.00;0.00;Wood;;2005-07-08;MFL;2000-01-01;;2012-09-14
ROM000000257;;ROU;;;0.81;0.00;0.00;;6.75;0.00;22 JR;ROUP050022JR;ROUP050022JR;;;N;;N;N;N;;;FX;;GNS, LLD;0.00;0.00;Wood;;2005-07-08;MFL;2003-01-01;;2012-09-14
ROM000000258;;ROU;;;0.81;0.00;0.00;;6.75;0.00;23 JR;ROUP050023JR;ROUP050023JR;;;N;;N;N;N;;;FX;;GNS, LLD;0.00;0.00;Wood;;2005-07-08;MFL;2003-01-01;;2012-09-11
ROM000000259;;ROU;;;0.81;0.00;0.00;;6.75;0.00;26 JR;ROUP050026JR;ROUP050026JR;;;N;;N;N;N;;;FX;;GNS, LLD;0.00;0.00;Wood;;2005-07-08;MFL;2003-01-01;;2012-09-11
ROM000000260;;ROU;;;0.81;0.00;0.00;;6.75;0.00;27 JR;ROUP050027JR;ROUP050027JR;;;N;;N;N;N;;;FX;;GNS, LLD;0.00;0.00;Wood;;2005-07-08;MFL;2003-01-01;;2012-09-12
ROM000000261;;ROU;;;0.76;0.00;0.00;;6.40;0.00;66 JR;ROUP050066JR;ROUP050066JR;;;N;;N;N;N;;;FX;;GNS, LLD;0.00;0.00;Wood;;2005-07-08;MFL;1999-01-01;;2012-09-14
ROM000000262;;ROU;;;0.71;0.00;0.00;;6.30;0.00;317 JR;ROUP050317JR;ROUP050317JR;;;N;;N;N;N;;;FX;;GNS, LLD;0.00;0.00;Wood;;2005-07-20;MFL;2004-01-01;;2012-09-11
ROM000000263;;ROU;;;0.54;0.00;0.00;;6.20;0.00;319 JR;ROUP050319JR;ROUP050319JR;;;N;;N;N;N;;;FX;;GNS, LLD;2.95;0.00;Wood;;2005-07-20;MFL;2002-01-01;;2012-09-11
ROM000000265;;ROU;;;0.52;0.00;0.00;;6.30;0.00;272 JR;ROUP050272JR;ROUP050272JR;;;N;;N;N;N;;;FX;;GNS, LLS;0.00;0.00;Wood;;2005-07-20;MFL;2001-01-01;;2012-09-11
ROM000000266;;ROU;;;0.68;0.00;0.00;;6.32;0.00;303 JR;ROUP050303JR;ROUP050303JR;;;N;;N;N;N;;;FX;;GNS, LLS;0.00;0.00;Wood;;2005-07-20;MFL;2005-01-01;;2012-09-11
ROM000000268;;ROU;;;0.56;0.00;0.00;;6.30;0.00;318 JR;ROUP050318JR;ROUP050318JR;;;N;;N;N;N;;;FX;;GNS, LLD;2.95;0.00;Wood;;2005-07-20;MFL;2004-01-01;;2012-09-11
ROM000000269;;ROU;;;0.42;0.00;0.00;;6.10;0.00;74 JR;ROUP050074JR;ROUP050074JR;;;N;;N;N;N;;;FX;;GNS, LLD;0.00;0.00;Wood;;2005-07-20;MFL;1981-01-01;;2012-09-13
ROM000000270;;ROU;;;0.62;0.00;0.00;;6.60;0.00;19 JR;ROUP050019JR;ROUP050019JR;;;N;;N;N;N;;;FX;;GNS, LLD;0.00;0.00;Wood;;2005-07-20;MFL;2002-01-01;;2012-09-11
ROM000000271;;ROU;;;0.57;0.00;0.00;;5.80;0.00;49 JR;ROUP050049JR;ROUP050049JR;;;N;;N;N;N;;;FX;;GNS, LLD;0.00;0.00;Fiber/Plastic;;2005-07-20;MFL;1997-01-01;;2012-09-11
ROM000000272;;ROU;;;0.55;0.00;0.00;;6.05;0.00;316 JR;ROUP050316JR;ROUP050316JR;;;N;;N;N;N;;;FX;;GNS, LLD;0.00;0.00;Wood;;2005-07-20;MFL;2002-01-01;;2012-09-11
ROM000000273;;ROU;;;0.66;0.00;0.00;;6.55;0.00;214 JR;ROUP050214JR;ROUP050214JR;;;N;;N;N;N;;;FX;;GNS, NO;0.00;0.00;Wood;;2005-07-20;MFL;2003-01-01;;2010-09-07
ROM000000274;;ROU;;;2.20;0.00;0.00;;8.35;0.00;215 JR;ROUP050215JR;ROUP050215JR;;;N;;N;N;N;;;FX;;GNS, LLD;33.90;0.00;Wood;;2005-07-20;MFL;2001-01-01;;2010-07-29
ROM000000275;;ROU;;;0.62;0.00;0.00;;6.20;0.00;291 JR;ROUP050291JR;ROUP050291JR;;;N;;N;N;N;;;FX;;GNS, LLD;0.00;0.00;Wood;;2005-07-20;MFL;2004-01-01;;2012-09-11
ROM000000276;;ROU;;;0.74;0.00;0.00;;6.75;0.00;344 TL;ROUP100344TL;ROUP100344TL;;;N;;N;N;N;;;FX;;GNS, NO;10.00;0.00;Wood;;2005-07-20;MFL;2002-01-01;;2012-11-22
ROM000000277;;ROU;;;0.73;0.00;0.00;;6.70;0.00;21 JR;ROUP050021JR;ROUP050021JR;;;N;;N;N;N;;;FX;;GNS, LLS;0.00;0.00;Wood;;2005-07-20;MFL;2002-01-01;;2010-05-06
ROM000000278;;ROU;;;0.75;0.00;0.00;;6.77;0.00;20 JR;ROUP050020JR;ROUP050020JR;;;N;;N;N;N;;;FX;;GNS, LLD;0.00;0.00;Wood;;2005-07-20;MFL;2002-01-01;;2012-09-14
ROM000000279;;ROU;;;0.50;0.00;0.00;;6.20;0.00;211 JR;ROUP050211JR;ROUP050211JR;;;N;;N;N;N;;;FX;;GNS, LLD;0.00;0.00;Wood;;2005-07-20;MFL;2002-01-01;;2012-09-14
ROM000000280;;ROU;;;0.76;0.00;0.00;;6.18;0.00;212 JR;ROUP050212JR;ROUP050212JR;;;N;;N;N;N;;;FX;;GNS, LLD;0.00;0.00;Wood;;2005-07-20;MFL;2002-01-01;;2012-09-14
ROM000000281;;ROU;;;0.63;0.00;0.00;;6.35;0.00;229 JR;ROUP050229JR;ROUP050229JR;;;N;;N;N;N;;;FX;;GNS, LLD;0.00;0.00;Wood;;2005-07-20;MFL;2002-01-01;;2012-09-12
ROM000000282;;ROU;;;0.49;0.00;0.00;;6.12;0.00;43 JR;ROUP050043JR;ROUP050043JR;;;N;;N;N;N;;;FX;;GNS, LLD;0.00;0.00;Wood;;2005-07-20;MFL;2002-01-01;;2012-09-14
ROM000000283;;ROU;;;0.74;0.00;0.00;;6.73;0.00;44 JR;ROUP050044JR;ROUP050044JR;;;N;;N;N;N;;;FX;;GNS, LLD;0.00;0.00;Wood;;2005-07-20;MFL;2002-01-01;;2012-09-14
ROM000000284;;ROU;;;0.53;0.00;0.00;;6.19;0.00;322 JR;ROUP050322JR;ROUP050322JR;;;N;;N;N;N;;;FX;;GNS, LLS;18.38;0.00;Wood;;2005-07-21;MFL;1999-01-01;;2012-09-13
ROM000000285;;ROU;;;3.41;0.00;0.00;;10.50;0.00;150 JR;ROUP050150JR;ROUP050150JR;;;N;;N;N;N;;;FX;;GNS, LLD;0.00;0.00;Fiber/Plastic;;2005-07-21;MFL;1997-01-01;;2012-09-14
ROM000000286;;ROU;;;1.01;0.00;0.00;;7.20;0.00;151 JR;ROUP050151JR;ROUP050151JR;;;N;;N;N;N;;;FX;;GNS, LLD;0.00;0.00;Wood;;2005-07-21;MFL;1996-01-01;;2012-09-14
ROM000000287;;ROU;;;0.71;0.00;0.00;;6.70;0.00;138 JR;ROUP050138JR;ROUP050138JR;;;N;;N;N;N;;;FX;;GNS, LLD;0.00;0.00;Wood;;2005-07-21;MFL;1987-01-01;;2012-09-14
ROM000000289;;ROU;;;0.28;0.00;0.00;;5.23;0.00;720 MH;ROUP050720MH;ROUP050720MH;;;N;;N;N;N;;;FX;;GNS, LLD;16.91;0.00;Wood;;2005-08-04;MFL;2001-01-01;;2011-06-08
ROM000000290;;ROU;;;0.60;0.00;0.00;;6.63;0.00;577 MH;ROUP050577MH;ROUP050577MH;;;N;;N;N;N;;;FX;;GNS, LLD;7.20;0.00;Fiber/Plastic;;2005-08-04;MFL;1990-01-01;;2012-09-12
ROM000000291;;ROU;;;0.45;0.00;0.00;;5.95;0.00;912 TL;ROUP050912TL;ROUP050912TL;;;N;;N;N;N;;;FX;;GNS, LLD;0.00;0.00;Fiber/Plastic;;2005-08-08;MFL;1997-01-01;;2012-09-12
ROM000000292;;ROU;;;2.59;0.00;0.00;;7.47;0.00;491 MG;ROUP090491MG;ROUP090491MG;;;N;;N;N;N;;;FX;;GNS, LLS;33.12;0.00;Fiber/Plastic;;2005-08-24;MFL;1981-01-01;;2010-12-15
ROM000000293;;ROU;;;0.68;0.00;0.00;;7.00;0.00;333 TO;ROUP050333TO;ROUP050333TO;;;N;;N;N;N;;;FX;;GNS, LLD;7.27;0.00;Fiber/Plastic;;2005-09-02;MFL;1989-01-01;;2012-09-11
ROM000000294;;ROU;;;3.65;0.00;0.00;;10.54;0.00;385 MG;ROUP050385MG;ROUP050385MG;;;N;;N;N;N;;;FX;;GNS, LLS;0.00;0.00;Fiber/Plastic;;2005-03-03;MFL;1988-01-01;;2011-04-04
ROM000001066;;ROU;;;0.53;0.00;0.00;;5.97;0.00;250 SL;ROUP040250SL;ROUP040250SL;;;N;;N;N;N;;;FX;;GNS, LLD;18.00;0.00;Fiber/Plastic;;2004-09-08;MFL;2001-01-01;;2012-09-11
ROM000001067;;ROU;;;4.12;0.00;0.00;;10.20;0.00;86 SL;ROUP040086SL;ROUP040086SL;;;N;;N;N;N;;;FX;;GNS, LLD;33.00;0.00;Metal;;2004-09-08;MFL;2002-01-01;;2009-01-22
ROM000001260;;ROU;;;0.79;0.00;0.00;;6.40;0.00;218 MM;ROUP040218MM;ROUP040218MM;;;N;;N;N;N;;;FX;;GNS, LLD;5.80;0.00;Fiber/Plastic;;2004-12-14;MFL;1997-01-01;;2012-09-14
ROM000001387;;ROU;;;12.23;0.00;0.00;;13.50;0.00;CIRUS;ROUP050153TL;ROUP050153TL;;;Y;YQZZ;N;N;N;;;FX;;GNS, GND;110.00;0.00;Metal;;2005-01-21;MFL;1953-01-01;;2012-09-11
ROM000001673;;ROU;;;0.67;0.00;0.00;;6.83;0.00;300 MH;ROUP050300MH;ROUP050300MH;;;N;;N;N;N;;;FX;;GND, GTR;0.00;0.00;Wood;;2005-03-16;MFL;2000-01-01;;2012-09-11
ROM000001674;;ROU;;;0.77;0.00;0.00;;6.64;0.00;303 MH;ROUP050303MH;ROUP050303MH;;;N;;N;N;N;;;FX;;GND, GTR;0.00;0.00;Wood;;2005-03-16;MFL;2001-01-01;;2012-09-11
ROM000001675;;ROU;;;0.26;0.00;0.00;;5.31;0.00;260 MH;ROUP050260MH;ROUP050260MH;;;N;;N;N;N;;;FX;;GNS, LLD;0.00;0.00;Wood;;2005-03-16;MFL;1995-01-01;;2012-09-11
ROM000001676;;ROU;;;0.65;0.00;0.00;;6.74;0.00;278 MH;ROUP050278MH;ROUP050278MH;;;N;;N;N;N;;;FX;;GND, GTR;0.00;0.00;Wood;;2005-03-16;MFL;1993-01-01;;2012-09-11
ROM000001677;;ROU;;;0.67;0.00;0.00;;6.56;0.00;801 MH;ROUP050801MH;ROUP050801MH;;;N;;N;N;N;;;FX;;GNS, LLD;0.00;0.00;Wood;;2005-03-16;MFL;1979-01-01;;2012-09-11
ROM000001678;;ROU;;;0.63;0.00;0.00;;6.50;0.00;811 MH;ROUP050811MH;ROUP050811MH;;;N;;N;N;N;;;FX;;GND, LLD;4.04;0.00;Wood;;2005-03-16;MFL;1999-01-01;;2012-09-11
ROM000001679;;ROU;;;0.83;0.00;0.00;;6.98;0.00;337 MH;ROUP050337MH;ROUP050337MH;;;N;;N;N;N;;;FX;;GND, GTR;0.00;0.00;Wood;;2005-03-16;MFL;1998-01-01;;2012-07-12
ROM000001680;;ROU;;;2.81;0.00;0.00;;8.50;0.00;559 MH;ROUP050559MH;ROUP050559MH;;;N;;N;N;N;;;FX;;GND, GTR;33.00;0.00;Fiber/Plastic;;2005-03-16;MFL;1979-01-01;;2012-09-11
ROM000001681;;ROU;;;0.53;0.00;0.00;;6.02;0.00;810 MH;ROUP050810MH;ROUP050810MH;;;N;;N;N;N;;;FX;;GNS, GTR;0.00;0.00;Wood;;2005-03-16;MFL;1993-01-01;;2012-09-11
ROM000001682;;ROU;;;0.28;0.00;0.00;;5.16;0.00;514 MH;ROUP050514MH;ROUP050514MH;;;N;;N;N;N;;;FX;;GND, GTR;7.36;0.00;Wood;;2005-03-16;MFL;1994-01-01;;2012-09-11
ROM000001683;;ROU;;;0.50;0.00;0.00;;6.30;0.00;681 MH;ROUP050681MH;ROUP050681MH;;;N;;N;N;N;;;FX;;GND, GTR;0.00;0.00;Wood;;2005-03-16;MFL;1960-01-01;;2012-09-12
ROM000001684;;ROU;;;1.69;0.00;0.00;;8.49;0.00;735 MH;ROUP050735MH;ROUP050735MH;;;N;;N;N;N;;;FX;;GND, GTR;0.00;0.00;Wood;;2005-03-16;MFL;1975-01-01;;2012-09-11
ROM000001685;;ROU;;;0.57;0.00;0.00;;6.34;0.00;609 MH;ROUP050609MH;ROUP050609MH;;;N;;N;N;N;;;FX;;GND, GTR;0.00;0.00;Wood;;2005-03-16;MFL;1996-01-01;;2012-09-11
ROM000001686;;ROU;;;0.52;0.00;0.00;;6.32;0.00;728 MH;ROUP050728MH;ROUP050728MH;;;N;;N;N;N;;;FX;;GND, GTR;0.00;0.00;Wood;;2005-03-16;MFL;1988-01-01;;2012-09-11
ROM000001687;;ROU;;;0.52;0.00;0.00;;6.21;0.00;232 MH;ROUP050232MH;ROUP050232MH;;;N;;N;N;N;;;FX;;GNS, GTR;0.00;0.00;Wood;;2005-03-16;MFL;1976-01-01;;2012-09-11
ROM000001688;;ROU;;;1.45;0.00;0.00;;8.30;0.00;657 MH;ROUP050657MH;ROUP050657MH;;;N;;N;N;N;;;FX;;GND, GTR;20.50;0.00;Wood;;2005-03-16;MFL;1974-01-01;;2012-09-11
ROM000001689;;ROU;;;0.66;0.00;0.00;;6.56;0.00;279 MH;ROUP050279MH;ROUP050279MH;;;N;;N;N;N;;;FX;;GND, GTR;0.00;0.00;Wood;;2005-03-16;MFL;1978-01-01;;2012-09-11
ROM000001690;;ROU;;;1.10;0.00;0.00;;7.39;0.00;452 SL;ROUP050452SL;ROUP050597MH;;;N;;N;N;N;;;FX;;GNS, LLD;4.40;0.00;Wood;;2005-03-16;MFL;1990-01-01;;2012-09-11
ROM000001691;;ROU;;;0.88;0.00;0.00;;7.00;0.00;291 MH;ROUP050291MH;ROUP050291MH;;;N;;N;N;N;;;FX;;GND, GTR;0.00;0.00;Wood;;2005-03-16;MFL;1995-01-01;;2012-09-11
ROM000001719;;ROU;;;0.52;0.00;0.00;;6.76;0.00;231 MM;ROUP050231MM;ROUP050231MM;;;N;;N;N;N;;;FX;;GNS, LLD;0.00;0.00;Fiber/Plastic;;2005-03-21;MFL;1988-01-01;;2012-09-14
ROM000001720;;ROU;;;0.62;0.00;0.00;;6.63;0.00;232 MM;ROUP050232MM;ROUP050232MM;;;N;;N;N;N;;;FX;;GNS, LLD;0.00;0.00;Fiber/Plastic;;2005-03-21;MFL;1988-01-01;;2012-09-14
ROM000001721;;ROU;;;3.65;0.00;0.00;;10.50;0.00;4781;64110;3 4781 CT;Constanta;;Y;;N;Y;Y;;;FX;;GNS, LHP, LLS;0.00;0.00;Fiber/Plastic;;2005-03-21;MFL;1983-01-01;;2023-02-22
ROM000001722;;ROU;;;0.53;0.00;0.00;;6.10;0.00;45 CT;ROUP050045CT;ROUP050045CT;;;N;;N;N;N;;;FX;;GNS, LLD;5.80;0.00;Wood;;2005-03-21;MFL;1973-01-01;;2012-09-14
ROM000001723;;ROU;;;0.75;0.00;0.00;;6.83;0.00;21 CT;ROUP050021CT;ROUP050021CT;;;N;;N;N;N;;;FX;;GNS, LLD;0.00;0.00;Wood;;2005-03-21;MFL;1989-01-01;;2012-09-14
ROM000001724;;ROU;;;0.70;0.00;0.00;;6.70;0.00;4068;64123;3 4068 CT;Constanta;;Y;;N;Y;Y;;;FX;;GNS, LHP, LLS;7.30;0.00;Wood;;2005-03-21;MFL;1998-01-01;;
ROM000001725;;ROU;;;0.72;0.00;0.00;;7.00;0.00;10 TO;ROUP050010TO;ROUP050010TO;;;N;;N;N;N;;;FX;;GNS, LLD;5.80;0.00;Fiber/Plastic;;2005-03-21;MFL;1989-01-01;;2011-06-08
ROM000001726;;ROU;;;0.75;0.00;0.00;;6.87;0.00;17 CT;ROUP050017CT;ROUP050017CT;;;N;;N;N;N;;;FX;;GNS, LLD;5.80;0.00;Wood;;2005-03-21;MFL;1999-01-01;;2012-09-11
ROM000001733;;ROU;;;0.72;0.00;0.00;;6.60;0.00;200 MH;ROUP050200MH;ROUP050200MH;;;N;;N;N;N;;;FX;;GND, GTR;0.00;0.00;Wood;;2005-03-23;MFL;1976-01-01;;2012-09-11
ROM000001735;;ROU;;;0.63;0.00;0.00;;6.48;0.00;199 MH;ROUP050199MH;ROUP050199MH;;;N;;N;N;N;;;FX;;GND, GTR;0.00;0.00;Wood;;2005-03-23;MFL;1999-01-01;;2012-09-11
ROM000001737;;ROU;;;0.79;0.00;0.00;;6.96;0.00;23 MH;ROUP050023MH;ROUP050023MH;;;N;;N;N;N;;;FX;;GND, GTR;0.00;0.00;Wood;;2005-03-23;MFL;2000-01-01;;2012-09-11
ROM000001738;;ROU;;;0.66;0.00;0.00;;6.56;0.00;237 MH;ROUP050237MH;ROUP050237MH;;;N;;N;N;N;;;FX;;GNS, LLD;0.00;0.00;Wood;;2005-03-23;MFL;1978-01-01;;2012-09-11
ROM000001739;;ROU;;;0.73;0.00;0.00;;6.63;0.00;323 TL;ROUP100323TL;ROUP100323TL;;;N;;N;N;N;;;FX;;GND, FPO;7.40;0.00;Wood;;2010-03-09;MFL;1976-01-01;;2012-09-11
ROM000001740;;ROU;;;0.68;0.00;0.00;;6.54;0.00;249 MH;ROUP050249MH;ROUP050249MH;;;N;;N;N;N;;;FX;;GNS, LLD;0.00;0.00;Wood;;2005-03-23;MFL;1997-01-01;;2012-09-11
ROM000001741;;ROU;;;0.47;0.00;0.00;;6.11;0.00;250 MH;ROUP050250MH;ROUP050250MH;;;N;;N;N;N;;;FX;;GND, GTR;7.28;0.00;Fiber/Plastic;;2005-03-23;MFL;1990-01-01;;2012-09-11
ROM000001742;;ROU;;;0.73;0.00;0.00;;6.77;0.00;262 MH;ROUP050262MH;ROUP050262MH;;;N;;N;N;N;;;FX;;GND, GTR;7.35;0.00;Wood;;2005-03-23;MFL;1996-01-01;;2012-09-11
ROM000001743;;ROU;;;0.87;0.00;0.00;;6.83;0.00;282 MH;ROUP050282MH;ROUP050282MH;;;N;;N;N;N;;;FX;;GND, LLD;4.78;0.00;Wood;;2005-03-23;MFL;1994-01-01;;2012-09-11
ROM000001744;;ROU;;;0.82;0.00;0.00;;6.89;0.00;294 MH;ROUP050294MH;ROUP050294MH;;;N;;N;N;N;;;FX;;GND, GTR;5.14;0.00;Wood;;2005-03-23;MFL;1998-01-01;;2011-06-08
ROM000001745;;ROU;;;0.76;0.00;0.00;;6.88;0.00;295 MH;ROUP050295MH;ROUP050295MH;;;N;;N;N;N;;;FX;;GND, GTR;0.00;0.00;Wood;;2005-03-23;MFL;1998-01-01;;2012-09-11
ROM000001746;;ROU;;;0.19;0.00;0.00;;5.03;0.00;296 MH;ROUP050296MH;ROUP050296MH;;;N;;N;N;N;;;FX;;GND, GTR;0.00;0.00;Wood;;2005-03-23;MFL;1982-01-01;;2012-09-11
ROM000001747;;ROU;;;0.71;0.00;0.00;;6.70;0.00;308 MH;ROUP050308MH;ROUP050308MH;;;N;;N;N;N;;;FX;;GNS, LLD;0.00;0.00;Wood;;2005-03-23;MFL;1983-01-01;;2012-09-11
ROM000001748;;ROU;;;0.65;0.00;0.00;;6.66;0.00;352 MH;ROUP050352MH;ROUP050352MH;;;N;;N;N;N;;;FX;;GND, GTR;0.00;0.00;Wood;;2005-03-23;MFL;1993-01-01;;2012-09-11
ROM000001749;;ROU;;;2.30;0.00;0.00;;9.00;0.00;361 MH;ROUP050361MH;ROUP050361MH;;;N;;N;N;N;;;FX;;GND, GTR;33.00;0.00;Metal;;2005-03-23;MFL;2001-01-01;;2012-09-11
ROM000001750;;ROU;;;0.63;0.00;0.00;;6.66;0.00;363 MH;ROUP050363MH;ROUP050363MH;;;N;;N;N;N;;;FX;;GND, LLD;6.62;0.00;Wood;;2005-03-23;MFL;1985-01-01;;2012-09-11
ROM000001751;;ROU;;;1.64;0.00;0.00;;8.41;0.00;4190;3 4190 TL;3 4190 TL;;;N;;N;N;N;;;FX;;GNS, SB, LLS;33.00;0.00;Wood;;2005-05-23;MFL;1977-01-01;;2017-05-09
ROM000001752;;ROU;;;0.81;0.00;0.00;;6.90;0.00;378 MH;ROUP050378MH;ROUP050378MH;;;N;;N;N;N;;;FX;;GND, GTR;9.00;0.00;Wood;;2005-03-23;MFL;2003-01-01;;2012-05-08
ROM000001753;;ROU;;;0.70;0.00;0.00;;6.52;0.00;395 MH;ROUP050395MH;ROUP050395MH;;;N;;N;N;N;;;FX;;GND, GTR;0.00;0.00;Wood;;2005-03-23;MFL;1993-01-01;;2012-09-11
ROM000001754;;ROU;;;0.58;0.00;0.00;;6.24;0.00;401 MH;ROUP050401MH;ROUP050401MH;;;N;;N;N;N;;;FX;;GND, GTR;0.00;0.00;Wood;;2005-03-23;MFL;1991-01-01;;2008-10-17
ROM000001755;;ROU;;;0.74;0.00;0.00;;6.72;0.00;443 MH;ROUP050443MH;ROUP050443MH;;;N;;N;N;N;;;FX;;GND, GTR;0.00;0.00;Wood;;2005-03-23;MFL;2001-01-01;;2010-04-06
ROM000001756;;ROU;;;0.75;0.00;0.00;;6.85;0.00;458 MH;ROUP050458MH;ROUP050458MH;;;N;;N;N;N;;;FX;;GND, LLD;0.00;0.00;Wood;;2005-03-23;MFL;1998-01-01;;2012-09-14
ROM000001757;;ROU;;;0.67;0.00;0.00;;6.70;0.00;464 MH;ROUP05464MH;ROUP05464MH;;;N;;N;N;N;;;FX;;GND, GTR;0.00;0.00;Wood;;2005-03-23;MFL;2003-01-01;;2012-09-11
ROM000001758;;ROU;;;0.73;0.00;0.00;;6.25;0.00;465 MH;ROUP050465MH;ROUP050465MH;;;N;;N;N;N;;;FX;;GND, GTR;0.00;0.00;Wood;;2005-03-23;MFL;2001-01-01;;2012-09-11
ROM000001759;;ROU;;;1.25;0.00;0.00;;7.58;0.00;521 MH;ROUP050521MH;ROUP050521MH;;;N;;N;N;N;;;FX;;GND, GTR;4.41;0.00;Wood;;2005-03-23;MFL;2003-01-01;;2012-09-11
ROM000001761;;ROU;;;0.78;0.00;0.00;;6.85;0.00;589 MH;ROUP050589MH;ROUP050589MH;;;N;;N;N;N;;;FX;;GND, GTR;0.00;0.00;Wood;;2005-03-23;MFL;2001-01-01;;2012-09-11
ROM000001762;;ROU;;;0.73;0.00;0.00;;6.67;0.00;597 MH;ROUP050597MH;ROUP050597MH;;;N;;N;N;N;;;FX;;GND, GTR;0.00;0.00;Wood;;2005-03-23;MFL;1995-01-01;;2012-09-11
ROM000001763;;ROU;;;0.59;0.00;0.00;;6.57;0.00;341 MH;ROUP050341MH;ROUP050341MH;;;N;;N;N;N;;;FX;;GND, GTR;0.00;0.00;Wood;;2005-03-23;MFL;1974-01-01;;2012-09-11
ROM000001764;;ROU;;;1.36;0.00;0.00;;8.17;0.00;627 MH;ROUP050627MH;ROUP050627MH;;;N;;N;N;N;;;FX;;GNS, LLD;4.41;0.00;Wood;;2005-03-23;MFL;2003-01-01;;2012-09-12
ROM000001765;;ROU;;;0.91;0.00;0.00;;7.31;0.00;649 MH;ROUP050649MH;ROUP050649MH;;;N;;N;N;N;;;FX;;GND, GTR;0.00;0.00;Wood;;2005-03-23;MFL;1975-01-01;;2012-09-11
ROM000001767;;ROU;;;0.65;0.00;0.00;;6.66;0.00;674 MH;ROUP050674MH;ROUP050674MH;;;N;;N;N;N;;;FX;;GND, GTR;0.00;0.00;Wood;;2005-03-23;MFL;2001-01-01;;2012-07-12
ROM000001768;;ROU;;;0.66;0.00;0.00;;6.65;0.00;686 MH;ROUP050686MH;ROUP050686MH;;;N;;N;N;N;;;FX;;GNS, LLD;4.41;0.00;Wood;;2005-03-23;MFL;1979-01-01;;2009-04-06
ROM000001769;;ROU;;;0.52;0.00;0.00;;6.12;0.00;729 MH;ROUP050729MH;ROUP050729MH;;;N;;N;N;N;;;FX;;GND, LLD;0.00;0.00;Wood;;2005-03-23;MFL;1991-01-01;;2012-09-11
ROM000001770;;ROU;;;0.91;0.00;0.00;;7.31;0.00;730 MH;ROUP050730MH;ROUP050730MH;;;N;;N;N;N;;;FX;;GND, GTR;0.00;0.00;Wood;;2005-03-23;MFL;1975-01-01;;2012-09-11
ROM000001771;;ROU;;;1.69;0.00;0.00;;8.40;0.00;745 MH;ROUP050745MH;ROUP050745MH;;;N;;N;N;N;;;FX;;GND, GTR;0.00;0.00;Wood;;2005-03-23;MFL;2001-01-01;;2012-09-11
ROM000001793;;ROU;;;0.74;0.00;0.00;;6.50;0.00;303 MG;ROUP050303MG;ROUP050303MG;;;N;;N;N;N;;;FX;;GNS, LLS;5.14;0.00;Wood;;2006-04-14;MFL;1999-01-01;;2013-12-10
ROM000001882;;ROU;;;0.73;0.00;0.00;;7.20;0.00;170 JR;ROUP050170JR;ROUP050170JR;;;N;;N;N;N;;;FX;;GNS, LLS;0.00;0.00;Wood;;2005-06-03;MFL;1981-01-01;;2012-11-22
ROM000001883;;ROU;;;0.73;0.00;0.00;;7.20;0.00;169 JR;ROUP050169JR;ROUP050169JR;;;N;;N;N;N;;;FX;;GNS, LLS;0.00;0.00;Wood;;2005-06-02;MFL;1981-01-01;;2012-09-14
ROM000001884;;ROU;;;0.94;0.00;0.00;;7.35;0.00;168 JR;ROUP050168JR;ROUP050168JR;;;N;;N;N;N;;;FX;;GNS, LLD;0.00;0.00;Wood;;2005-06-02;MFL;1998-01-01;;2012-09-14
ROM000001885;;ROU;;;0.83;0.00;0.00;;7.35;0.00;167 JR;ROUP050167JR;ROUP050167JR;;;N;;N;N;N;;;FX;;GNS, LLD;0.00;0.00;Wood;;2005-06-02;MFL;1999-01-01;;2012-09-11
ROM000001886;;ROU;;;0.77;0.00;0.00;;7.15;0.00;166 JR;ROUP050166JR;ROUP050166JR;;;N;;N;N;N;;;FX;;GNS, LLD;0.00;0.00;Wood;;2005-06-02;MFL;1979-01-01;;2012-09-14
ROM000001887;;ROU;;;3.44;0.00;0.00;;10.50;0.00;161 JR;ROUP050161JR;ROUP050161JR;;;N;;N;N;N;;;FX;;GNS, LLD;0.00;0.00;Fiber/Plastic;;2005-06-02;MFL;1984-01-01;;2012-09-14
ROM000001888;;ROU;;;4.05;0.00;0.00;;9.70;0.00;160 JR;ROUP050160JR;ROUP050160JR;;;N;;N;N;N;;;FX;;GNS, LLD;0.00;0.00;Fiber/Plastic;;2005-06-02;MFL;1990-01-01;;2012-09-14
ROM000001889;;ROU;;;3.49;0.00;0.00;;10.50;0.00;367 TL;3 367 TL;3 367 TL;;;N;;N;N;N;;;FX;;GNS, NO;0.00;0.00;Fiber/Plastic;;2005-06-02;MFL;1987-01-01;;2012-11-22
ROM000001890;;ROU;;;3.49;0.00;0.00;;10.50;0.00;6081;64270;3 6081 CT;Constanta;;Y;;N;Y;Y;;;FX;;GNS, NO;0.00;0.00;Fiber/Plastic;;2005-06-02;MFL;1988-01-01;;2023-02-22
ROM000001891;;ROU;;;3.49;0.00;0.00;;10.50;0.00;157 JR;ROUP050157JR;ROUP050157JR;;;N;;N;N;N;;;FX;;GNS, LLD;0.00;0.00;Fiber/Plastic;;2005-06-02;MFL;1984-01-01;;2012-09-14
ROM000001892;;ROU;;;0.75;0.00;0.00;;6.76;0.00;90 JR;ROUP050090JR;ROUP050090JR;;;N;;N;N;N;;;FX;;GNS, LLD;0.00;0.00;Wood;;2005-06-02;MFL;2003-01-01;;2012-09-14
ROM000001900;;ROU;;;0.76;0.00;0.00;;6.98;0.00;217 MH;ROUP050217MH;ROUP050217MH;;;N;;N;N;N;;;FX;;GND, NO;42.65;0.00;Wood;;2005-06-22;MFL;1990-01-01;;2012-09-13
ROM000001910;;ROU;;;0.49;0.00;0.00;;6.12;0.00;251 JR;ROUP050251JR;ROUP050251JR;;;N;;N;N;N;;;FX;;GNS, LLD;0.00;0.00;Wood;;2005-06-22;MFL;1999-01-01;;2012-09-11
ROM000001911;;ROU;;;0.55;0.00;0.00;;6.30;0.00;252 JR;ROUP050252JR;ROUP050252JR;;;N;;N;N;N;;;FX;;GNS, LLD;0.00;0.00;Wood;;2005-06-22;MFL;2000-01-01;;2012-09-11
ROM000001912;;ROU;;;0.66;0.00;0.00;;6.40;0.00;311 JR;ROUP050311JR;ROUP050311JR;;;N;;N;N;N;;;FX;;GNS, LLD;0.00;0.00;Wood;;2005-06-22;MFL;2005-01-01;;2012-09-11
ROM000001913;;ROU;;;0.46;0.00;0.00;;6.16;0.00;14 JR;ROUP050014JR;ROUP050014JR;;;N;;N;N;N;;;FX;;GNS, LLD;0.00;0.00;Wood;;2005-06-22;MFL;2001-01-01;;2012-09-13
ROM000001914;;ROU;;;0.55;0.00;0.00;;5.92;0.00;153 CT;ROUP100153CT;ROUP100153CT;;;N;;N;N;N;;;FX;;GNS, LHP;0.00;0.00;Wood;;2005-06-21;MFL;1999-01-01;;2012-11-22
ROM000001915;;ROU;;;0.61;0.00;0.00;;6.20;0.00;293 JR;ROUP050293JR;ROUP050293JR;;;N;;N;N;N;;;FX;;GNS, LLD;0.00;0.00;Wood;;2005-06-22;MFL;2004-01-01;;2012-09-11
ROM000001916;;ROU;;;0.52;0.00;0.00;;6.30;0.00;257 JR;ROUP050257JR;ROUP050257JR;;;N;;N;N;N;;;FX;;GNS, GTR;0.00;0.00;Wood;;2005-06-22;MFL;1998-01-01;;2014-04-10
ROM000002051;;ROU;;;0.97;0.00;0.00;;8.17;0.00;702 SL;ROUP050702SL;ROUP050702SL;;;N;;N;N;N;;;FX;;GNS, LLS;8.95;0.00;Wood;;2011-04-18;MFL;1993-01-01;;2012-11-22
ROM000002201;;ROU;;;0.68;0.00;0.00;;7.20;0.00;128 JR;ROUP100128JR;ROUP100128JR;;;N;;N;N;N;;;FX;;GNS, SB;0.00;0.00;Wood;;2010-06-17;MFL;1981-01-01;;2012-11-22
ROM000002224;;ROU;;;1.46;0.00;0.00;;7.13;0.00;4450;64309;3 4450 TL;Tulcea;;N;;N;Y;Y;;;FX;;GNS, LLS;18.38;0.00;Wood;;2010-03-18;MFL;2001-01-01;;
ROM000002235;;ROU;;;1.29;0.00;0.00;;8.02;0.00;452 TL;3 452 TL;3 452 TL;;;N;;N;N;N;;;FX;;GNS, LLS;9.00;0.00;Wood;;2010-05-18;MFL;1982-01-01;;2012-09-11
ROM000002247;;ROU;;;0.76;0.00;0.00;;6.50;0.00;314 TL;3 314 TL;3 314 TL;;;N;;N;N;N;;;FX;;GNS, LLD;11.03;0.00;Fiber/Plastic;;2011-02-10;MFL;2005-01-01;;2012-01-30
ROM000002253;;ROU;;;0.90;0.00;0.00;;7.52;0.00;188 JR;ROUP050188JR;ROUP050188JR;;;N;;N;N;N;;;FX;;GNS, LLD;0.00;0.00;Wood;;2010-03-09;MFL;1981-01-01;;2012-09-11
ROM000002270;;ROU;;;1.03;0.00;0.00;;7.90;0.00;256 SL;ROUP050256SL;ROUP050256SL;;;N;;N;N;N;;;FX;;GND, GTR;9.00;0.00;Wood;;2010-05-18;MFL;1969-01-01;;2012-09-11
ROM000002447;;ROU;;;0.60;0.00;0.00;;6.65;0.00;58 MM;ROUP050058MM;ROUP050058MM;;;N;;N;N;N;;;FX;;GNS, SB;0.00;0.00;Fiber/Plastic;;2005-12-12;MFL;1994-01-01;;2012-09-11
ROM000002448;;ROU;;;0.60;0.00;0.00;;6.65;0.00;5490;64329;3 5490 CT;Constanta;;Y;;N;Y;Y;;;FX;;GNS, LLS, LHP;0.00;0.00;Wood;;2005-12-12;MFL;2002-01-01;;
ROM000002449;;ROU;;;6.08;0.00;0.00;;9.34;0.00;LICURICI;ROUP050056CT;ROUP050056CT;;;N;;N;N;N;;;FX;;GNS, SB;48.00;0.00;Metal;;2005-12-12;MFL;1979-01-01;;2013-01-30
ROM000002450;;ROU;;;3.55;0.00;0.00;;10.50;0.00;3765;64335;3 3765 CT;Constanta;;N;;N;Y;Y;;;FX;;GNS, SB, FPO;0.00;0.00;Fiber/Plastic;;2005-12-12;MFL;1985-01-01;;
ROM000002451;;ROU;;;0.60;0.00;0.00;;7.00;0.00;3836;64336;3 3836 CT;Constanta;;N;;N;Y;Y;;;FX;;GNS, LLS, SB;0.00;0.00;Fiber/Plastic;;2005-12-12;MFL;1988-01-01;;2024-07-29
ROM000002452;;ROU;;;1.11;0.00;0.00;;7.70;0.00;5328;64341;3 5328 CT;Constanta;;N;;N;Y;Y;;;FX;;GNS, FPO;0.00;0.00;Fiber/Plastic;;2005-12-12;MFL;1988-01-01;;
ROM000002501;;ROU;;;0.62;0.00;0.00;;5.35;0.00;1010 SL;ROUP101010SL;ROU101010SL;;;N;;N;N;N;;;FX;;GNS, SB;11.00;0.00;Fiber/Plastic;;2010-06-18;MFL;2005-01-01;;2012-11-22
ROM000002600;;ROU;;;0.58;0.00;0.00;;4.75;0.00;327 TO;ROUP060327TO;ROUP060327TO;;;N;;N;N;N;;;FX;;GNS, LLD;0.00;0.00;Fiber/Plastic;;2006-03-02;MFL;1976-01-01;;2012-09-13
ROM000002609;;ROU;;;0.60;0.00;0.00;;6.90;0.00;330 TO;ROUP060330TO;ROUP050089MG;;;N;;N;N;N;;;FX;;GNS, GND;7.27;0.00;Fiber/Plastic;;2006-02-16;MFL;2004-01-01;;2012-09-12
ROM000002610;;ROU;;;4.51;0.00;0.00;;10.57;0.00;BARACUDA II;ROUP060342TO;ROUP060342TO;;;N;;N;N;N;;;FX;;GNS, NO;77.00;0.00;Fiber/Plastic;;2006-02-16;MFL;1983-01-01;;2012-11-22
ROM000002639;;ROU;;;38.20;0.00;0.00;;15.50;0.00;PETRU RARES;ROUP060710GL;ROUP060710GL;;;N;;Y;Y;N;;;FX;;GNS, LLS;132.48;0.00;Metal;;2006-02-17;MFL;1957-01-01;;2012-09-13
ROM000002640;;ROU;;;20.88;0.00;0.00;;12.66;0.00;LABANU;ROUP090689GL;ROUP090689GL;;;N;;N;N;N;;;FX;;GNS, NO;158.00;0.00;Metal;;2006-02-17;MFL;1967-01-01;;2010-11-26
ROM000002641;;ROU;;;3.44;0.00;0.00;;10.55;0.00;795 SL;ROUP060795SL;ROUP060795SL;;;N;;N;N;N;;;FX;;GNS, LLS;7.28;0.00;Fiber/Plastic;;2006-02-17;MFL;1989-01-01;;2012-09-14
ROM000002646;;ROU;;;0.62;0.00;0.00;;5.35;0.00;993 SL;ROUP060993SL;ROUP060993SL;;;N;;N;N;N;;;FX;;GNS, NO;14.72;0.00;Metal;;2006-02-21;MFL;1993-01-01;;2009-07-31
ROM000002649;;ROU;;;3.44;0.00;0.00;;10.55;0.00;510 TL;3 510 TL;3 510 TL;;;N;;N;N;N;;;FX;;GNS, NO;33.00;0.00;Fiber/Plastic;;2006-02-21;MFL;1989-01-01;;2012-12-10
ROM000002650;;ROU;;;1.08;0.00;0.00;;7.60;0.00;2033 TL;ROUP062033TL;ROUP062033TL;;;N;;N;N;N;;;FX;;GNS, NO;11.00;0.00;Fiber/Plastic;;2006-02-21;MFL;1986-01-01;;2012-09-14
ROM000002651;;ROU;;;3.79;0.00;0.00;;10.30;0.00;LUFARUL 1;3 3018 CT;3 3018 CT;;;N;;N;N;N;;;FX;;GNS, LLS;47.90;0.00;Fiber/Plastic;;2006-06-21;MFL;1986-01-01;;2017-02-21
ROM000002653;;ROU;;;1.08;0.00;0.00;;7.60;0.00;2035 TL;ROUP062035TL;ROUP062035TL;;;N;;N;N;N;;;FX;;GNS, NO;0.00;0.00;Fiber/Plastic;;2006-02-21;MFL;2006-01-01;;2012-09-12
ROM000002668;;ROU;;;3.44;0.00;0.00;;10.55;0.00;496 TL;3 496 TL;3 496 TL;;;N;;N;N;N;;;FX;;GNS, LLD;21.00;0.00;Fiber/Plastic;;2006-02-27;MFL;1989-01-01;;2011-09-08
ROM000002731;;ROU;;;0.80;0.00;0.00;;6.60;0.00;4791;64381;3 4791 CT;Constanta;;Y;;N;Y;Y;;;FX;;GNS, LHP, LLS;4.41;0.00;Wood;;2006-03-13;MFL;2005-01-01;;2023-07-07
ROM000002732;;ROU;;;0.56;0.00;0.00;;5.95;0.00;60 MG;ROUP060060MG;ROUP060060MG;;;N;;N;N;N;;;FX;;GNS, LLD;19.11;0.00;Fiber/Plastic;;2006-03-13;MFL;1999-01-01;;2012-09-13
ROM000002733;;ROU;;;0.76;0.00;0.00;;6.72;0.00;17 MG;ROUP060017MG;ROUP060017MG;;;N;;N;N;N;;;FX;;GNS, LLD;4.41;0.00;Wood;;2006-03-13;MFL;2000-01-01;;2012-09-11
ROM000002734;;ROU;;;0.82;0.00;0.00;;7.08;0.00;138 MG;ROUP060138MG;ROUP060138MG;;;N;;N;N;N;;;FX;;GNS, LLS;4.41;0.00;Wood;;2006-03-13;MFL;1999-01-01;;2013-05-14
ROM000002788;;ROU;;;1.12;0.00;0.00;;7.35;0.00;356 JR;ROUP060356JR;ROUP060356JR;;;N;;N;N;N;;;FX;;GNS, LLD;0.00;0.00;Wood;;2006-03-21;MFL;1999-01-01;;2012-09-11
ROM000002789;;ROU;;;1.07;0.00;0.00;;7.18;0.00;357 JR;ROUP060357JR;ROUP060357JR;;;N;;N;N;N;;;FX;;GNS, LLD;0.00;0.00;Wood;;2006-03-21;MFL;1999-01-01;;2012-09-11
ROM000002790;;ROU;;;1.10;0.00;0.00;;7.36;0.00;358 JR;ROUP060358JR;ROUP060358JR;;;N;;N;N;N;;;FX;;GNS, LLD;0.00;0.00;Wood;;2006-03-21;MFL;1999-01-01;;2012-09-11
ROM000002791;;ROU;;;1.12;0.00;0.00;;7.36;0.00;359 JR;ROUP060359JR;ROUP060359JR;;;N;;N;N;N;;;FX;;GNS, GTR;0.00;0.00;Wood;;2006-03-21;MFL;1999-01-01;;2012-09-11
ROM000002792;;ROU;;;1.03;0.00;0.00;;7.30;0.00;360 JR;ROUP060360JR;ROUP060360JR;;;N;;N;N;N;;;FX;;GNS, GTR;0.00;0.00;Wood;;2006-03-21;MFL;2000-01-01;;2012-09-11
ROM000002793;;ROU;;;0.94;0.00;0.00;;7.26;0.00;361 JR;ROUP060361JR;ROUP060361JR;;;N;;N;N;N;;;FX;;GNS, LLD;0.00;0.00;Wood;;2006-03-21;MFL;2000-01-01;;2012-09-11
ROM000002820;;ROU;;;2.42;0.00;0.00;;8.95;0.00;371 TO;ROUP060371TO;ROUP060371TO;;;N;;N;N;N;;;FX;;GNS, LLS;55.00;0.00;Wood;;2006-03-27;MFL;2005-01-01;;2014-06-10
ROM000002821;;ROU;;;0.60;0.00;0.00;;6.50;0.00;39 MM;ROUP060039MM;ROUP060039MM;;;N;;N;N;N;;;FX;;GNS, LLD;10.00;0.00;Fiber/Plastic;;2006-03-22;MFL;1999-01-01;;2012-09-11
ROM000002823;;ROU;;;0.60;0.00;0.00;;6.51;0.00;285 TO;ROUP060285TO;ROUP060285TO;;;N;;N;N;N;;;FX;;GNS, LLD;0.00;0.00;Wood;;2006-03-22;MFL;1974-01-01;;2012-09-14
ROM000002825;;ROU;;;0.33;0.00;0.00;;4.50;0.00;87 TO;ROUP060087TO;ROUP060087TO;;;N;;N;N;N;;;FX;;GNS, LLS;0.00;0.00;Fiber/Plastic;;2006-03-24;MFL;1990-01-01;;2014-08-18
ROM000002826;;ROU;;;1.24;0.00;0.00;;8.10;0.00;3648;64415;3 3648 CT;Constanta;;Y;;N;Y;Y;;;FX;;GNS, LLS;0.00;0.00;Fiber/Plastic;;2006-03-24;MFL;1993-01-01;;
ROM000002827;;ROU;;;0.72;0.00;0.00;;7.00;0.00;ALEV;ROUP100125CT;ROUP100125CT;;;N;;N;N;N;;;FX;;GNS, LHP;0.00;0.00;Fiber/Plastic;;2010-01-25;MFL;1989-01-01;;2016-12-06
ROM000002828;;ROU;;;0.53;0.00;0.00;;6.76;0.00;316 MH;ROUP060316MH;ROUP060316MH;;;N;;N;N;N;;;FX;;GNS, LLS;0.00;0.00;Fiber/Plastic;;2006-03-27;MFL;1990-01-01;;2012-09-11
ROM000002829;;ROU;;;1.13;0.00;0.00;;7.85;0.00;92 MG;ROUP060092MG;ROUP060092MG;;;N;;N;N;N;;;FX;;GNS, LLD;7.35;0.00;Fiber/Plastic;;2006-03-27;MFL;1992-01-01;;2012-09-11
ROM000002847;;ROU;;;2.38;0.00;0.00;;6.90;0.00;5298;64427;3 5298 CT;Constanta;;N;;N;Y;Y;;;FX;;GNS, LLS, LHP, SB;0.00;0.00;Wood;;2006-03-30;MFL;1987-01-01;;
ROM000002848;;ROU;;;2.49;0.00;0.00;;7.35;0.00;SPONTIS;ROUP060523TO;ROUP060523TO;;;N;;N;N;N;;;FX;;GNS, LLS;33.00;0.00;Fiber/Plastic;;2006-03-30;MFL;1993-01-01;;2014-08-18
ROM000002871;;ROU;;;0.82;0.00;0.00;;7.06;0.00;373 JR;ROUP060373JR;ROUP060373JR;;;N;;N;N;N;;;FX;;GND, GTR;0.00;0.00;Wood;;2010-03-15;MFL;2006-01-01;;2012-09-11
ROM000002900;;ROU;;;0.77;0.00;0.00;;6.96;0.00;42 CT;ROUP060042CT;ROUP060042CT;;;N;;N;N;N;;;FX;;GNS, LLD;3.60;0.00;Wood;;2006-04-12;MFL;1998-01-01;;2012-09-13
ROM000002901;;ROU;;;0.70;0.00;0.00;;7.03;0.00;63 CT;ROUP060063CT;ROUP060063CT;;;N;;N;N;N;;;FX;;GNS, GTR;4.42;0.00;Wood;;2006-04-12;MFL;1998-01-01;;2012-09-12
ROM000002902;;ROU;;;0.63;0.00;0.00;;6.63;0.00;16 CT;ROUP060016CT;ROUP060016CT;;;N;;N;N;N;;;FX;;GNS, LLD;0.00;0.00;Fiber/Plastic;;2006-04-12;MFL;1992-01-01;;2012-09-14
ROM000002903;;ROU;;;0.67;0.00;0.00;;6.25;0.00;2974;64443;3 2974 CT;Constanta;;Y;;N;Y;Y;;;FX;;GNS, LHP, LLS;0.00;0.00;Wood;;2006-04-12;MFL;1970-01-01;;
ROM000002904;;ROU;;;0.59;0.00;0.00;;6.00;0.00;10 CT;ROUP060010CT;ROUP060010CT;;;N;;N;N;N;;;FX;;GNS, LLD;4.40;0.00;Wood;;2006-04-12;MFL;1971-01-01;;2012-09-12
ROM000002905;;ROU;;;0.55;0.00;0.00;;6.20;0.00;103 CT;ROUP060103CT;ROUP060103CT;;;N;;N;N;N;;;FX;;GNS, LLD;0.00;0.00;Wood;;2006-04-12;MFL;2003-01-01;;2012-09-13
ROM000002906;;ROU;;;0.88;0.00;0.00;;6.85;0.00;64 MM;ROUP060064MM;ROUP060064MM;;;N;;N;N;N;;;FX;;GNS, LLS;5.88;0.00;Wood;;2006-04-12;MFL;2000-01-01;;2012-09-12
ROM000002907;;ROU;;;0.87;0.00;0.00;;7.23;0.00;148 CT;ROUP060148CT;ROUP060148CT;;;N;;N;N;N;;;FX;;GNS, LLD;21.00;0.00;Wood;;2006-04-12;MFL;2003-01-01;;2012-09-12
ROM000002908;;ROU;;;0.83;0.00;0.00;;7.03;0.00;332 TO;ROUP060332TO;ROUP060332TO;;;N;;N;N;N;;;FX;;GNS, LLD;0.00;0.00;Wood;;2006-04-12;MFL;2005-01-01;;2012-09-11
ROM000002909;;ROU;;;0.89;0.00;0.00;;7.50;0.00;375 TO;ROUP060375TO;ROUP060375TO;;;N;;N;N;N;;;FX;;GNS, LLD;0.00;0.00;Wood;;2006-04-12;MFL;2006-01-01;;2012-09-14
ROM000002910;;ROU;;;0.74;0.00;0.00;;6.70;0.00;85 CT;ROUP060085CT;ROUP060085CT;;;N;;N;N;N;;;FX;;GNS, LLD;4.40;0.00;Wood;;2006-04-12;MFL;1990-01-01;;2012-09-12
ROM000002911;;ROU;;;0.48;0.00;0.00;;6.55;0.00;18 CT;ROUP060018CT;ROUP060018CT;;;N;;N;N;N;;;FX;;GNS, GTR;5.80;0.00;Wood;;2006-04-12;MFL;1992-01-01;;2012-09-13
ROM000002912;;ROU;;;0.80;0.00;0.00;;7.20;0.00;376 TO;ROUP060376TO;ROUP060376TO;;;N;;N;N;N;;;FX;;GNS, LLD;18.38;0.00;Wood;;2006-04-12;MFL;2006-01-01;;2012-09-13
ROM000002933;;ROU;;;0.72;0.00;0.00;;6.60;0.00;263 MH;ROUP060263MH;ROUP060263MH;;;N;;N;N;N;;;FX;;GNS, NO;0.00;0.00;Wood;;2010-06-11;MFL;1977-01-01;;2012-09-11
ROM000002987;;ROU;;;0.96;0.00;0.00;;4.90;0.00;360 CT;ROUP060360CT;ROUP060360CT;;;N;;N;N;N;;;FX;;GNS, GTR;29.44;0.00;Fiber/Plastic;;2006-04-27;MFL;1990-01-01;;2012-09-13
ROM000003004;;ROU;;;0.78;0.00;0.00;;6.54;0.00;6 TO;ROUP060006TO;ROUP060006TO;;;N;;N;N;N;;;FX;;GNS, GTR;8.16;0.00;Wood;;2006-05-02;MFL;1987-01-01;;2012-09-13
ROM000003011;;ROU;;;0.58;0.00;0.00;;6.39;0.00;22 TO;ROUP060022TO;ROUP060022TO;;;N;;N;N;N;;;FX;;GNS, LLD;4.34;0.00;Wood;;2006-05-03;MFL;1972-01-01;;2012-09-13
ROM000003079;;ROU;;;9.34;0.00;0.00;;11.70;10.39;BARACUDA;ROUP060244CT;ROUP060244CT;;;N;;N;N;N;;;FX;;GNS, GTR;66.00;0.00;Wood;;2006-05-26;MFL;1994-01-01;;2012-09-11
ROM000003107;;ROU;;;1.22;0.00;0.00;;5.40;0.00;232 CT;ROUP060232CT;ROUP060232CT;;;N;;N;N;N;;;FX;;GNS, LLD;44.16;0.00;Fiber/Plastic;;2006-06-05;MFL;1998-01-01;;2012-09-14
ROM000003108;;ROU;;;1.21;0.00;0.00;;4.70;0.00;179 CT;ROUP060179CT;ROUP060179CT;;;N;;N;N;N;;;FX;;GNS, LLD;18.40;0.00;Fiber/Plastic;;2006-06-05;MFL;1998-01-01;;2012-09-12
ROM000003109;;ROU;;;0.70;0.00;0.00;;4.37;0.00;BALENA;ROUP060186CT;ROUP060186CT;;;N;;N;N;N;;;FX;;GNS, LLS;18.40;0.00;Fiber/Plastic;;2006-06-05;MFL;2004-01-01;;2012-09-14
ROM000003119;;ROU;;;0.68;0.00;0.00;;6.67;0.00;261 MG;ROUP060261MG;ROUP060261MG;;;N;;N;N;N;;;FX;;GNS, LLD;4.41;0.00;Fiber/Plastic;;2006-06-14;MFL;1985-01-01;;2012-09-14
ROM000003125;;ROU;;;0.69;0.00;0.00;;7.00;0.00;5320;64496;3 5320 CT;Constanta;;Y;;N;Y;Y;;;FX;;GNS, SB, FPO;0.00;0.00;Fiber/Plastic;;2006-06-20;MFL;1989-01-01;;
ROM000003126;;ROU;;;0.46;0.00;0.00;;4.70;0.00;134 CT;3 134 CT;3 134 CT;;;N;;N;N;N;;;FX;;GNS, LLS;0.00;0.00;Fiber/Plastic;;2008-06-20;MFL;1997-01-01;;2014-08-18
ROM000003158;;ROU;;;0.47;0.00;0.00;;4.88;0.00;230 MM;ROUP060230MM;ROUP060230MM;;;N;;N;N;N;;;FX;;GNS, LLD;11.00;0.00;Fiber/Plastic;;2006-07-17;MFL;1974-01-01;;2014-08-18
ROM000003159;;ROU;;;2.27;0.00;0.00;;5.20;0.00;40 MM;ROUP060040MM;ROUP060040MM;;;N;;N;N;N;;;FX;;GNS, LLD;100.00;0.00;Fiber/Plastic;;2006-07-17;MFL;1988-01-01;;2012-09-11
ROM000003160;;ROU;;;1.17;0.00;0.00;;5.60;0.00;DON PEDRO;64514;3 4776 CT;Constanta;;Y;;N;Y;Y;;;FX;;LLS, FPO, LHP;10.00;0.00;Fiber/Plastic;;2006-07-17;MFL;1999-01-01;;2023-02-22
ROM000003161;;ROU;;;0.79;0.00;0.00;;6.30;0.00;4874;3 4874 CT;3 4874 CT;;;N;;N;N;N;;;FX;;GNS, LHP, LLS;0.00;0.00;Wood;;2006-07-17;MFL;1970-01-01;;2017-05-24
ROM000003176;;ROU;;;0.87;0.00;0.00;;7.15;0.00;393 JR;ROUP060393JR;ROUP060393JR;;;N;;N;N;N;;;FX;;GNS, LLD;0.00;0.00;Wood;;2006-07-19;MFL;2006-01-01;;2014-08-18
ROM000003181;;ROU;;;0.48;0.00;0.00;;4.80;0.00;263 CT;3 263 CT;3 263 CT;;;N;;N;N;N;;;FX;;GNS, GTR;11.20;0.00;Fiber/Plastic;;2006-07-13;MFL;1991-01-01;;2012-11-22
ROM000003182;;ROU;;;0.41;0.00;0.00;;4.60;0.00;3221;64524;3 3221 CT;Constanta;;N;;N;Y;Y;;;FX;;GNS, SB;0.00;0.00;Fiber/Plastic;;2006-09-01;MFL;1996-01-01;;
ROM000003184;;ROU;;;0.50;0.00;0.00;;5.65;0.00;388 DEJ;ROUP060388DEJ;ROUP060388DEJ;;;N;;N;N;N;;;FX;;GNS, LLD;5.80;0.00;Fiber/Plastic;;2006-07-17;MFL;2006-01-01;;2012-09-14
ROM000003206;;ROU;;;0.91;0.00;0.00;;7.00;0.00;244 CT;3 244 CT;3 244 CT;;;N;;N;N;N;;;FX;;GNS, LLS;9.90;0.00;Wood;;2006-08-21;MFL;2006-01-01;;2014-04-10
ROM000003223;;ROU;;;0.93;0.00;0.00;;7.43;0.00;372 TO;ROUP060372TO;ROUP060372TO;;;N;;N;N;N;;;FX;;GNS, LLD;0.00;0.00;Wood;;2006-08-24;MFL;2000-01-01;;2012-09-14
ROM000003247;;ROU;;;0.55;0.00;0.00;;4.80;0.00;748 SL;ROUP060748SL;ROUP060748SL;;;N;;N;N;N;;;FX;;GNS, LLD;14.72;0.00;Fiber/Plastic;;2006-09-01;MFL;2004-01-01;;2012-09-11
ROM000003248;;ROU;;;0.67;0.00;0.00;;6.20;0.00;844 SL;ROUP060844SL;ROUP060844SL;;;N;;N;N;N;;;FX;;GNS, LLD;4.00;0.00;Fiber/Plastic;;2006-09-01;MFL;1993-01-01;;2012-09-11
ROM000003262;;ROU;;;0.88;0.00;0.00;;7.33;0.00;403 JR;ROUP060403JR;ROUP060403JR;;;N;;N;N;N;;;FX;;GNS, GND;0.00;0.00;Wood;;2010-05-18;MFL;2006-01-01;;2014-08-18
ROM000003274;;ROU;;;0.27;0.00;0.00;;5.32;0.00;572 SL;ROUP060572SL;ROUP060572SL;;;N;;N;N;N;;;FX;;GNS, LLD;0.00;0.00;Wood;;2006-09-01;MFL;1997-01-01;;2012-09-11
ROM000003275;;ROU;;;0.36;0.00;0.00;;5.63;0.00;190 SL;ROUP060190SL;ROUP060190SL;;;N;;N;N;N;;;FX;;GNS, LLD;0.00;0.00;Wood;;2006-09-01;MFL;2002-01-01;;2012-09-13
ROM000003276;;ROU;;;0.21;0.00;0.00;;5.18;0.00;643 SL;ROUP060643SL;ROUP060643SL;;;N;;N;N;N;;;FX;;GNS, LLS;0.00;0.00;Wood;;2006-09-01;MFL;1985-01-01;;2012-09-11
ROM000003282;;ROU;;;0.39;0.00;0.00;;5.00;0.00;312 MM;ROUP060312MM;ROUP060312MM;;;N;;N;N;N;;;FX;;GNS, LLS;0.00;0.00;Fiber/Plastic;;2006-09-01;MFL;1978-01-01;;2016-12-06
ROM000003285;;ROU;;;1.23;0.00;0.00;;7.80;0.00;520 HR;ROUP060520HR;ROUP060520HR;;;N;;N;N;N;;;FX;;GND, GTR;0.00;0.00;Fiber/Plastic;;2010-03-04;MFL;2005-01-01;;2012-11-22
ROM000003286;;ROU;;;1.21;0.00;0.00;;7.80;0.00;521 HR;ROUP060521HR;ROUP060521HR;;;N;;N;N;N;;;FX;;GNS, LLS;0.00;0.00;Fiber/Plastic;;2010-03-15;MFL;2005-01-01;;2016-12-06
ROM000003287;;ROU;;;3.65;0.00;0.00;;10.54;0.00;5495;64569;3 5495 CT;Constanta;;Y;;N;Y;Y;;;FX;;GNS, SB, LLS;0.00;0.00;Fiber/Plastic;;2006-09-01;MFL;1988-01-01;;
ROM000003319;;ROU;;;0.94;0.00;0.00;;7.36;0.00;321 TO;ROUP060321TO;ROUP060321TO;;;N;;N;N;N;;;FX;;SB, GNS;8.00;0.00;Wood;;2006-10-17;MFL;2000-01-01;;2012-09-13
ROM000003320;;ROU;;;0.93;0.00;0.00;;7.45;0.00;323 TO;ROUP060323TO;ROUP060323TO;;;N;;N;N;N;;;FX;;SB, GNS;11.00;0.00;Wood;;2006-10-17;MFL;2000-01-01;;2012-09-11
ROM000003323;;ROU;;;1.20;0.00;0.00;;7.90;0.00;3245;64572;3 3245 CT;Constanta;;Y;;N;Y;Y;;;FX;;GNS, LHP;0.00;0.00;Fiber/Plastic;;2006-10-27;MFL;1992-01-01;;
ROM000003324;;ROU;;;1.20;0.00;0.00;;7.90;0.00;98 MG;ROUP060098MG;ROUP060098MG;;;N;;N;N;N;;;FX;;GNS, NO;11.00;0.00;Fiber/Plastic;;2006-10-27;MFL;1992-01-01;;2012-09-11
ROM000003362;;ROU;;;0.68;0.00;0.00;;6.47;0.00;85 MG;ROUP060085MG;ROUP060085MG;;;N;;N;N;N;;;FX;;LLD, GTR;0.00;0.00;Wood;;2006-11-02;MFL;1990-01-01;;2012-09-13
ROM000003398;;ROU;;;0.67;0.00;0.00;;4.97;0.00;EGRETA;ROUP060431TO;ROUP060431TO;;;N;;N;N;N;;;FX;;SB, GNS;11.00;0.00;Fiber/Plastic;;2006-11-10;MFL;2006-01-01;;2012-09-11
ROM000003399;;ROU;;;1.38;0.00;0.00;;8.06;0.00;522 TL;3 522 TL;3 522 TL;;;N;;N;N;N;;;FX;;GNS, LLS;0.00;0.00;Fiber/Plastic;;2006-11-10;MFL;1992-01-01;;2012-09-11
ROM000003400;;ROU;;;0.32;0.00;0.00;;4.50;0.00;264 CT;3 264 CT;3 264 CT;;;N;;N;N;N;;;FX;;GNS, LLS;11.20;0.00;Fiber/Plastic;;2006-11-10;MFL;1990-01-01;;2014-07-23
ROM000003419;;ROU;;;0.41;0.00;0.00;;4.80;0.00;438 TO;ROUP060438TO;ROUP060438TO;;;N;;N;N;N;;;FX;;SB, NO;17.00;0.00;Fiber/Plastic;;2006-11-20;MFL;2006-01-01;;2012-09-14
ROM000003434;;ROU;;;0.35;0.00;0.00;;5.45;0.00;214 MM;ROUP060214MM;ROUP060214MM;;;N;;N;N;N;;;FX;;GNS, LLS;0.00;0.00;Fiber/Plastic;;2006-11-30;MFL;1999-01-01;;2014-08-18
ROM000003441;;ROU;;;9.43;0.00;0.00;;11.20;0.00;ZENIT;ROUP060393TO;ROUP060393TO;;;N;;N;N;N;;;FX;;OTM, LLD;77.28;0.00;Wood;;2006-12-04;MFL;1996-01-01;2008-01-25;
ROM000003448;;ROU;;;5.99;0.00;0.00;;10.10;0.00;78 TO;ROUP060078TO;ROUP060078TO;;;N;;N;N;N;;;FX;;GTR, GNS;40.00;0.00;Fiber/Plastic;;2006-12-13;MFL;1966-01-01;;2012-09-11
ROM000003459;;ROU;;;0.51;0.00;0.00;;5.00;0.00;229 SN;ROUP060229SN;ROUP060229SN;;;N;;N;N;N;;;FX;;LLD, GNS;2.90;0.00;Fiber/Plastic;;2006-12-14;MFL;2002-01-01;;2012-09-14
ROM000003469;;ROU;;;6.60;0.00;0.00;;12.38;0.00;HAMSIA;ROUP061001SL;ROUP061001SL;;;N;;N;N;N;;;FX;;GNS, NO;110.00;0.00;Metal;;2006-12-19;MFL;2005-01-01;;2015-03-12
ROM000003476;;ROU;;;0.58;0.00;0.00;;6.50;0.00;312 MG;ROUP060312MG;ROUP060312MG;;;N;;N;N;N;;;FX;;GNS, NO;5.88;0.00;Wood;;2006-12-29;MFL;2006-01-01;;2009-04-06
ROM000003485;;ROU;;;3.44;0.00;0.00;;10.55;0.00;333 SL;ROUP060333SL;ROUP060333SL;;;N;;N;N;N;;;FX;;GNS, NO;29.41;0.00;Fiber/Plastic;;2006-12-29;MFL;1999-01-01;;2011-09-08
ROM000003513;;ROU;;;47.51;0.00;0.00;;19.33;16.13;YILDIRIMLAR 1;ROUP060030CT;ROUP060030CT;;;Y;YQJO;Y;Y;N;;;FX;;PTM, GNS;147.00;0.00;Wood;;2006-12-29;MFL;1978-01-01;2007-11-09;
ROM000003515;;ROU;;;109.00;0.00;0.00;;25.43;6.80;SHARK - 1;ROUP060298CT;ROUP060298CT;;;Y;YQJU;Y;Y;N;;;FX;;PTM, GNS;223.50;0.00;Metal;;2006-12-29;MFL;1981-01-01;;2008-07-17
ROM000003516;;ROU;;;0.60;0.00;0.00;;5.35;0.00;1112 SL;ROUP061112SL;ROUP06112SL;;;N;;N;N;N;;;FX;;GNS, NO;22.00;0.00;Fiber/Plastic;;2006-12-29;MFL;2006-01-01;;2015-02-19
ROM000003519;;ROU;;;0.83;0.00;0.00;;7.47;0.00;408 JR;ROUP100408JR;ROUP100408JR;;;N;;N;N;N;;;FX;;GNS, LLS;18.38;0.00;Wood;;2010-06-18;MFL;2006-01-01;;2014-06-10
ROM000003760;;ROU;;;1.38;0.00;0.00;;7.75;0.00;3525;64620;3 3525 CT;Constanta;;Y;;N;Y;Y;;;FX;;GNS, LHP, LLS;4.40;0.00;Fiber/Plastic;;2007-03-22;MFL;2007-01-01;;
ROM000003973;;ROU;;;2.08;0.00;0.00;;6.65;0.00;678 GL;ROUP070678GL;ROUP070678GL;;;N;;N;N;N;;;FX;;GNS, NO;110.00;0.00;Fiber/Plastic;;2007-05-09;MFL;1997-01-01;;2012-09-14
ROM000003974;;ROU;;;4.34;0.00;0.00;;9.80;0.00;SHARK;ROUP070683GL;ROUP070683GL;;;N;;N;N;N;;;FX;;GNS, NO;110.00;0.00;Fiber/Plastic;;2007-05-09;MFL;2007-01-01;;2012-09-14
ROM000003976;;ROU;;;3.37;0.00;0.00;;10.55;0.00;682 GL;ROUP070682GL;ROUP070682GL;;;N;;N;N;N;;;FX;;GNS, NO;88.30;0.00;Fiber/Plastic;;2007-05-09;MFL;1989-01-01;;2012-09-14
ROM000003977;;ROU;;;106.52;0.00;0.00;;22.95;0.00;753 BR;ROUP070753BR;ROUP070753BR;;;N;;N;N;N;;;FX;;GNS, OTM;265.00;0.00;Metal;;2007-08-06;MFL;1959-01-01;;2011-07-25
ROM000004140;;ROU;;;0.89;0.00;0.00;;7.40;0.00;435 JR;ROUP100435JR;ROUP100435JR;;;N;;N;N;N;;;FX;;GNS, NO;5.97;0.00;Wood;;2010-06-17;MFL;2010-01-01;;2014-05-21
ROM000004154;;ROU;;;0.98;0.00;0.00;;7.40;0.00;468 MG;ROUP080468MG;ROUP080468MG;;;N;;N;N;N;;;FX;;GNS, NO;0.00;0.00;Fiber/Plastic;;2008-10-13;MFL;2008-01-01;;2012-09-14
ROM000004155;;ROU;;;0.98;0.00;0.00;;7.40;0.00;173 CT;3 173 CT;3 173 CT;;;N;;N;N;N;;;FX;;GNS, LLS;11.00;0.00;Fiber/Plastic;;2008-10-13;MFL;2008-01-01;;2015-03-12
ROM000004156;;ROU;;;0.98;0.00;0.00;;7.40;0.00;470 MG;ROUP080470MG;ROUP080470MG;;;N;;N;N;N;;;FX;;GNS, LLS;0.00;0.00;Fiber/Plastic;;2008-10-13;MFL;2008-01-01;;2016-12-06
ROM000004157;;ROU;;;0.98;0.00;0.00;;7.40;0.00;471 MG;ROUP080471MG;ROUP080471MG;;;N;;N;N;N;;;FX;;GNS, NO;0.00;0.00;Fiber/Plastic;;2008-10-13;MFL;2008-01-01;;2014-08-18
ROM000004158;;ROU;;;0.98;0.00;0.00;;7.40;0.00;472 MG;ROUP080472MG;ROUP080472MG;;;N;;N;N;N;;;FX;;GNS, NO;0.00;0.00;Fiber/Plastic;;2008-10-13;MFL;2008-01-01;;2012-09-14
ROM000004159;;ROU;;;0.98;0.00;0.00;;7.40;0.00;473 MG;ROUP080473MG;ROUP080473MG;;;N;;N;N;N;;;FX;;GNS, NO;0.00;0.00;Fiber/Plastic;;2008-10-13;MFL;2008-01-01;;2012-09-14
ROM000004166;;ROU;;;70.00;0.00;0.00;;20.20;0.00;CALATIS 1;ROUP090448CT;ROUP090448CT;;;Y;CALATIS;Y;Y;Y;;;FX;;GNS, NO;412.00;0.00;Metal;;2009-01-09;MFL;1999-01-01;;2012-07-24
ROM000004201;;ROU;;;2.12;0.00;0.00;;6.25;0.00;620 TL;3 620 TL;3 620 TL;;;N;;N;N;N;;;FX;;GNS, NO;58.88;0.00;Fiber/Plastic;;2009-02-25;MFL;1981-01-01;;2015-03-12
ROM000004203;;ROU;;;0.62;0.00;0.00;;4.95;0.00;341 MM;ROUP090341MM;ROUP090341MM;;;N;;N;N;N;;;FX;;GNS, LLS;0.00;0.00;Fiber/Plastic;;2009-02-25;MFL;2007-01-01;;2016-12-06
ROM000004204;;ROU;;;0.54;0.00;0.00;;6.20;0.00;118 TO;ROUP090118TO;ROUP090118TO;;;N;;N;N;N;;;FX;;GNS, LLD;5.80;0.00;Wood;;2009-02-25;MFL;1975-01-01;;2012-09-13
ROM000004226;;ROU;;;1.16;0.00;0.00;;5.73;0.00;444 JR;ROUP090444JR;ROUP090444JR;;;N;;N;N;N;;;FX;;GNS, NO;44.16;0.00;Fiber/Plastic;;2009-04-06;MFL;1990-01-01;;2010-03-04
ROM000004227;;ROU;;;0.58;0.00;0.00;;6.60;0.00;317 MG;ROUP090317MG;ROUP090317MG;;;N;;N;N;N;;;FX;;GNS, LLD;0.00;0.00;Fiber/Plastic;;2009-04-06;MFL;1993-01-01;;2012-09-11
ROM000004228;;ROU;;;0.90;0.00;0.00;;5.65;0.00;4849;64668;3 4849 CT;Constanta;;Y;;N;Y;Y;;;FX;;GNS, NO;0.00;0.00;Fiber/Plastic;;2011-09-09;MFL;2007-01-01;;2020-08-05
ROM000004237;;ROU;;;1.16;0.00;0.00;;6.50;0.00;110 CT;3 110 CT;3 110 CT;;;N;;N;N;N;;;FX;;GNS, NO;14.70;0.00;Fiber/Plastic;;2009-04-06;MFL;2007-01-01;;2012-11-22
ROM000004247;;ROU;;;0.96;0.00;0.00;;7.60;0.00;419 TL;3 419 TL;3 419 TL;;;N;;N;N;N;;;FX;;GNS, NO;11.20;0.00;Wood;;2010-06-17;MFL;2007-01-01;;2014-10-08
ROM000004249;;ROU;;;3.44;0.00;0.00;;10.55;0.00;1111 SL;ROUP091111SL;ROUP091111SL;;;N;;N;N;N;;;FX;;GNS, NO;18.38;0.00;Fiber/Plastic;;2009-05-04;MFL;1989-01-01;;2012-07-24
ROM000004259;;ROU;;;4.00;0.00;0.00;;9.70;0.00;3844;64686;3 3844 TL;Tulcea;;Y;;N;Y;Y;;;FX;;GNS, LLS;18.40;0.00;Fiber/Plastic;;2009-07-14;MFL;1985-01-01;;
ROM000004268;;ROU;;;0.94;0.00;0.00;;6.10;0.00;292 TL;3 292 TL;3 292 TL;;;N;;N;N;N;;;FX;;GNS, LLS;29.40;0.00;Fiber/Plastic;;2009-07-31;MFL;2009-01-01;;2015-02-19
ROM000004293;;ROU;;;0.67;0.00;0.00;;6.65;0.00;3749;64696;3 3749 CT;Constanta;;Y;;N;Y;Y;;;FX;;GNS, SB;0.00;0.00;Wood;;2012-02-13;MFL;1976-01-01;;
ROM000004297;;ROU;;;1.21;0.00;0.00;;7.03;0.00;MARIO 23;64701;3 5540 CT;Constanta;;Y;;N;Y;Y;;;FX;;GNS, LHP, LLS;4.41;0.00;Fiber/Plastic;;2010-02-12;MFL;2008-01-01;;
ROM000004300;;ROU;;;1.21;0.00;0.00;;7.00;0.00;SIMBAD MARINARU;64708;3 4094 CT;Constanta;;Y;;N;Y;Y;;;FX;;GNS, LLS, LHP;0.00;0.00;Fiber/Plastic;;2010-01-12;MFL;2008-01-01;;
ROM000004302;;ROU;;;6.10;0.00;0.00;;10.80;0.00;ODISEI;3 4244 CT;3 4244 CT;;;N;;N;N;N;;;FX;;TBB, LLS, GNS, LHP, OTM;88.00;0.00;Metal;;2010-01-12;MFL;1996-01-01;;2018-01-16
ROM000004305;;ROU;;;0.88;0.00;0.00;;7.10;0.00;297 TL;ROUP100297TL;ROUP100297TL;;;N;;N;N;N;;;FX;;FPO, GNS;14.71;0.00;Fiber/Plastic;;2010-01-18;MFL;2008-01-01;;2012-11-22
ROM000004313;;ROU;;;1.44;0.00;0.00;;7.04;0.00;329 TL;3 329 TL;3 329 TL;;;N;;N;N;N;;;FX;;GNS, NO;84.56;0.00;Fiber/Plastic;;2010-08-20;MFL;2008-01-01;;2014-07-08
ROM000004315;;ROU;;;1.26;0.00;0.00;;7.06;0.00;321 TL;ROUP100321TL;ROUP100321TL;;;N;;N;N;N;;;FX;;GNS, LLS;18.38;0.00;Fiber/Plastic;;2010-03-02;MFL;2008-01-01;;2012-09-11
ROM000004317;;ROU;;;1.26;0.00;0.00;;7.01;0.00;324 TL;3 324 TL;3 324 TL;;;N;;N;N;N;;;FX;;GNS, NO;103.00;0.00;Fiber/Plastic;;2010-09-03;MFL;2008-01-01;;2014-07-03
ROM000004319;;ROU;;;1.08;0.00;0.00;;6.10;0.00;3495;64726;3 3495 TL;Tulcea;;Y;;N;Y;Y;;;FX;;SB, FPN, LLS;44.16;0.00;Fiber/Plastic;;2010-02-03;MFL;2009-01-01;;
ROM000004321;;ROU;;;0.79;0.00;0.00;;6.90;0.00;FAN;64731;3 3481 CT;Constanta;;Y;;N;Y;Y;;;FX;;LLS, LHP, FPO;0.00;0.00;Fiber/Plastic;;2010-03-02;MFL;2008-01-01;;
ROM000004324;;ROU;;;1.23;0.00;0.00;;7.00;0.00;3299;64734;3 3299 TL;Tulcea;;Y;;N;Y;Y;;;FX;;GNS, LLS;58.82;0.00;Fiber/Plastic;;2010-03-22;MFL;2008-01-01;;
ROM000004332;;ROU;;;1.46;0.00;0.00;;7.13;0.00;317 TL;3 317 TL;3 317 TL;;;N;;N;N;N;;;FX;;GNS, NO;110.00;0.00;Fiber/Plastic;;2010-09-03;MFL;2008-01-01;;2014-08-18
ROM000004336;;ROU;;;3.74;0.00;0.00;;10.50;0.00;5308;64742;3 5308 CT;Constanta;;Y;;N;Y;Y;;;FX;;GNS, FPN;0.00;0.00;Fiber/Plastic;;2010-03-17;MFL;1994-01-01;;
ROM000004338;;ROU;;;1.19;0.00;0.00;;7.03;0.00;5330;64743;3 5330 CT;Constanta;;Y;;N;Y;Y;;;FX;;TBB, LLS;84.56;0.00;Fiber/Plastic;;2010-03-22;MFL;2008-01-01;;2019-09-16
ROM000004360;;ROU;;;1.36;0.00;0.00;;7.04;0.00;338 TL;3 338 TL;3 338 TL;;;N;;N;N;N;;;FX;;GNS, NO;110.00;0.00;Fiber/Plastic;;2010-05-20;MFL;2010-01-01;;2014-04-10
ROM000004362;;ROU;;;3.40;0.00;0.00;;10.80;0.00;169 CT;3 169 CT;3 169 CT;;;N;;N;N;N;;;FX;;GNS, LLS;103.00;0.00;Fiber/Plastic;;2010-04-07;MFL;2010-01-01;;2014-06-12
ROM000004367;;ROU;;;1.03;0.00;0.00;;6.80;0.00;3826;64754;3 3826 CT;Constanta;;Y;;N;Y;Y;;;FX;;GNS, LHP, LLS;4.41;0.00;Fiber/Plastic;;2010-06-11;MFL;2010-01-01;;2023-07-07
ROM000004375;;ROU;;;1.35;0.00;0.00;;7.83;0.00;359 TL;ROUP100359TL;ROUP100359TL;;;N;;N;N;N;;;FX;;GNS, GTR;18.38;0.00;Wood;;2010-07-20;MFL;2007-01-01;;2012-09-11
ROM000004376;;ROU;;;1.08;0.00;0.00;;4.80;0.00;184 CT;3 184 CT;3 184 CT;;;N;;N;N;N;;;FX;;GNS, NO;44.10;0.00;Fiber/Plastic;;2010-07-15;MFL;2007-01-01;;2013-05-14
ROM000004382;;ROU;;;0.93;0.00;0.00;;7.10;0.00;3450;64767;3 3450 CT;Constanta;;Y;;N;Y;Y;;;FX;;GNS, LHP, LLS;7.28;0.00;Fiber/Plastic;;2010-07-19;MFL;2008-01-01;;
ROM000004383;;ROU;;;0.80;0.00;0.00;;7.14;0.00;31 MG;ROUP100031MG;ROUP100031MG;;;N;;N;N;N;;;FX;;GNS, LHP;5.88;0.00;Wood;;2010-07-27;MFL;2002-01-01;;2015-03-12
ROM000004384;;ROU;;;1.04;0.00;0.00;;6.10;0.00;348 TL;3 348 TL;3 348 TL;;;N;;N;N;N;;;FX;;GNS, NO;36.76;0.00;Fiber/Plastic;;2010-07-27;MFL;2010-01-01;;2013-11-27
ROM000004392;;ROU;;;1.17;0.00;0.00;;5.98;0.00;343 TL;ROUP100343TL;ROUP100343TL;;;N;;N;N;N;;;FX;;GNS, LLS;84.64;0.00;Fiber/Plastic;;2010-07-29;MFL;2010-01-01;;2014-03-20
ROM000004393;;ROU;;;0.92;0.00;0.00;;6.46;0.00;3429;64781;3 3429 CT;Constanta;;Y;;N;Y;Y;;;FX;;GNS, LHP, LLS;0.00;0.00;Fiber/Plastic;;2010-08-05;MFL;2008-01-01;;
ROM000004410;;ROU;;;0.49;0.00;0.00;;4.90;0.00;3780;64784;3 3780 CT;Constanta;;Y;;N;Y;Y;;;FX;;MDV;0.00;0.00;Fiber/Plastic;;2010-09-03;MFL;2008-01-01;;
ROM000004414;;ROU;;;1.69;0.00;0.00;;7.33;0.00;373 TL;3 373 TL;3 373 TL;;;N;;N;N;N;;;FX;;GNS, LLS;110.29;0.00;Fiber/Plastic;;2010-09-06;MFL;2010-01-01;;2016-04-14
ROM000004417;;ROU;;;1.03;0.00;0.00;;6.10;0.00;183 CT;3 183 CT;3 183 CT;;;N;;N;N;N;;;FX;;GNS, NO;66.20;0.00;Fiber/Plastic;;2010-09-22;MFL;2010-01-01;;2014-04-23
ROM000004441;;ROU;;;2.87;0.00;0.00;;6.95;0.00;BARACUDA 2;3 202 CT;3 202 CT;;;N;;N;N;N;;;FX;;GNS, LLD;183.80;0.00;Fiber/Plastic;;2011-02-04;MFL;2010-01-01;;2015-03-09
ROM000004446;;ROU;;;1.00;0.00;0.00;;6.45;0.00;370 TL;3 370 TL;3 370 TL;;;N;;N;N;N;;;FX;;GNS, NO;66.00;0.00;Fiber/Plastic;;2011-02-04;MFL;2010-01-01;;2012-11-22
ROM000004454;;ROU;;;1.04;0.00;0.00;;6.10;0.00;3678;64803;3 3678 TL;Tulcea;;Y;;N;Y;Y;;;FX;;GNS, LLS, FPN;0.00;0.00;Fiber/Plastic;;2011-02-15;MFL;2010-01-01;;
ROM000004467;;ROU;;;1.08;0.00;0.00;;6.10;0.00;3732;64810;3 3732 TL;Tulcea;;N;;N;Y;Y;;;FX;;LLS, GNS;66.20;0.00;Fiber/Plastic;;2011-03-07;MFL;2010-01-01;;2025-04-17
ROM000004469;;ROU;;;0.64;0.00;0.00;;6.20;0.00;IOANA D;64811;3 6758 CT;Constanta;;N;;N;Y;Y;;;FX;;GNS, LHP;0.00;0.00;Fiber/Plastic;;2011-03-03;MFL;2010-01-01;;2024-10-15
ROM000004476;;ROU;;;0.35;0.00;0.00;;4.52;0.00;4907;64814;3 4907 CT;Constanta;;Y;;N;Y;Y;;;FX;;GNS, LHP, LLS;2.57;0.00;Fiber/Plastic;;2011-03-09;MFL;1997-01-01;;
ROM000004479;;ROU;;;1.08;0.00;0.00;;6.10;0.00;405 TL;3 405 TL;3 405 TL;;;N;;N;N;N;;;FX;;GNS, NO;36.80;0.00;Fiber/Plastic;;2011-03-18;MFL;2010-01-01;;2012-11-22
ROM000004482;;ROU;;;0.63;0.00;0.00;;4.80;0.00;DON PEDRO 1;3 4818 CT;3 4818 CT;;;N;;N;N;N;;;FX;;GNS, LHP, LLS;111.00;0.00;Fiber/Plastic;;2011-03-28;MFL;2009-01-01;;2018-08-27
ROM000004498;;ROU;;;1.03;0.00;0.00;;7.12;0.00;461 TL;3 461 TL;3 461 TL;;;N;;N;N;N;;;FX;;GNS, NO;18.40;0.00;Fiber/Plastic;;2011-04-08;MFL;2011-01-01;;2014-04-23
ROM000004499;;ROU;;;0.52;0.00;0.00;;5.93;0.00;462 TL;3 462 TL;3 462 TL;;;N;;N;N;N;;;FX;;GNS, NO;7.50;0.00;Fiber/Plastic;;2011-04-08;MFL;2011-01-01;;2014-04-23
ROM000004500;;ROU;;;4.48;0.00;0.00;;9.70;0.00;463 TL;3 463 TL;3 463 TL;;;N;;N;N;N;;;FX;;TBB, LLS, GNS, PS, OTM;100.00;0.00;Metal;;2011-04-08;MFL;1979-01-01;;2016-05-06
ROM000004501;;ROU;;;0.51;0.00;0.00;;6.32;0.00;209 CT;3 209 CT;3 209 CT;;;N;;N;N;N;;;FX;;GNS, LLS;5.88;0.00;Fiber/Plastic;;2011-04-14;MFL;1983-01-01;;2014-08-18
ROM000004508;;ROU;;;1.67;0.00;0.00;;7.00;0.00;470 TL;3 470 TL;3 470 TL;;;N;;N;N;N;;;FX;;GNS, LLS;129.00;0.00;Fiber/Plastic;;2011-04-21;MFL;2010-01-01;;2013-03-14
ROM000004509;;ROU;;;3.07;0.00;0.00;;10.64;0.00;215 CT;3 215 CT;3 215 CT;;;N;;N;N;N;;;FX;;GNS, LLS;0.00;0.00;Fiber/Plastic;;2011-04-26;MFL;1983-01-01;;2014-08-18
ROM000004554;;ROU;;;3.68;0.00;0.00;;10.55;0.00;4942;64839;3 4942 CT;Constanta;;N;;N;Y;Y;;;FX;;LHP, FPO, LLS;0.00;0.00;Fiber/Plastic;;2011-06-10;MFL;1993-01-01;;
ROM000004561;;ROU;;;0.67;0.00;0.00;;8.00;0.00;3537;64840;3 3537 CT;Constanta;;N;;N;Y;Y;;;FX;;LLS, GNS, SB;29.41;0.00;Fiber/Plastic;;2011-06-29;MFL;2007-01-01;;
ROM000004562;;ROU;;;1.69;0.00;0.00;;7.30;0.00;5251;64845;3 5251 CT;Constanta;;N;;N;Y;Y;;;FX;;LLS, GNS;14.71;0.00;Fiber/Plastic;;2011-06-29;MFL;2010-01-01;;2024-06-12
ROM000004563;;ROU;;;0.78;0.00;0.00;;6.70;0.00;217 CT;3 217 CT;3 217 CT;;;N;;N;N;N;;;FX;;LHP, LLS;4.41;0.00;Fiber/Plastic;;2011-06-29;MFL;2011-01-01;;2015-03-12
ROM000004564;;ROU;;;0.74;0.00;0.00;;6.70;0.00;219 CT;3 219 CT;3 219 CT;;;N;;N;N;N;;;FX;;LHP, NO;4.41;0.00;Wood;;2011-06-29;MFL;1994-01-01;;2014-08-18
ROM000004568;;ROU;;;1.41;0.00;0.00;;7.12;0.00;486 TL;3 486 TL;3 486 TL;;;N;;N;N;N;;;FX;;GNS, NO;110.29;0.00;Fiber/Plastic;;2011-06-29;MFL;2010-01-01;;2012-11-22
ROM000004573;;ROU;;;2.76;0.00;0.00;;6.41;0.00;527 TL;3 527 TL;3 527 TL;;;N;;N;N;N;;;FX;;GNS, LLS;183.80;0.00;Fiber/Plastic;;2011-07-01;MFL;1994-01-01;;2014-06-12
ROM000004579;;ROU;;;0.94;0.00;0.00;;6.46;0.00;4963;3 4963 CT;3 4963 CT;;;N;;N;N;N;;;FX;;LHP, SB, LLS, GNS;29.44;0.00;Fiber/Plastic;;2011-07-15;MFL;2007-01-01;;2017-01-20
ROM000004582;;ROU;;;87.76;21.02;0.00;;22.55;0.00;HASIP REIS;3 44 CT;3 44 CT;;;Y;YQGZ;Y;Y;N;;;FX;;OTM, GNS;331.00;0.00;Metal;;2011-09-06;MFL;1993-01-01;;2013-07-16
ROM000004593;;ROU;;;1.11;0.00;0.00;;6.02;0.00;439 TL;3 439 TL;3 439 TL;;;N;;N;N;N;;;FX;;GNS, LLS;73.53;0.00;Fiber/Plastic;;2011-09-20;MFL;2010-01-01;;2015-04-01
ROM000004594;;ROU;;;1.15;0.00;0.00;;6.95;0.00;524 TL;3 524 TL;3 524 TL;;;N;;N;N;N;;;FX;;GNS, LLS, TBB, SB, FPO;84.56;0.00;Fiber/Plastic;;2011-09-20;MFL;2011-01-01;;2016-02-16
ROM000004595;;ROU;;;1.20;0.00;0.00;;7.15;0.00;536 TL;3 536 TL;3 536 TL;;;N;;N;N;N;;;FX;;GNS, LLS;110.00;0.00;Fiber/Plastic;;2011-09-20;MFL;2011-01-01;;2015-09-15
ROM000004596;;ROU;;;1.15;0.00;0.00;;6.95;0.00;223 CT;3 223 CT;3 223 CT;;;N;;N;N;N;;;FX;;GNS, LLS;85.00;0.00;Fiber/Plastic;;2011-09-28;MFL;2011-01-01;;2014-07-23
ROM000004597;;ROU;;;0.99;0.00;0.00;;7.12;0.00;3898;64876;3 3898 CT;Constanta;;Y;;N;Y;Y;;;FX;;GNS, LLS, LHP;0.00;0.00;Fiber/Plastic;;2011-09-28;MFL;2011-01-01;;2023-02-22
ROM000004598;;ROU;;;1.70;0.00;0.00;;7.23;0.00;418 TL;3 418 TL;3 418 TL;;;N;;N;N;N;;;FX;;GNS, NO;110.00;0.00;Fiber/Plastic;;2011-09-28;MFL;2010-01-01;;2012-11-22
ROM000004599;;ROU;;;0.86;0.00;0.00;;6.74;0.00;464 TL;3 464 TL;3 464 TL;;;N;;N;N;N;;;FX;;GNS, GND;11.03;0.00;Fiber/Plastic;;2011-09-30;MFL;1992-01-01;;2012-09-07
ROM000004603;;ROU;;;1.15;0.00;0.00;;5.60;0.00;224 CT;3 224 CT;3 224 CT;;;N;;N;N;N;;;FX;;GNS, LLS;22.08;0.00;Fiber/Plastic;;2011-11-16;MFL;2004-01-01;;2014-07-23
ROM000004604;;ROU;;;1.08;0.00;0.00;;6.10;0.00;4235;64892;3 4235 TL;Tulcea;;N;;N;Y;Y;;;FX;;LLS, GNS, SB;58.80;0.00;Fiber/Plastic;;2011-11-16;MFL;2011-01-01;;
ROM000004605;;ROU;;;0.88;0.00;0.00;;5.00;0.00;562 TL;3 562 TL;3 562 TL;;;N;;N;N;N;;;FX;;GNS, NO;36.80;0.00;Fiber/Plastic;;2011-11-16;MFL;2010-01-01;;2012-11-22
ROM000004615;;ROU;;;3.49;0.00;0.00;;10.50;0.00;4756;3 4756 TL;3 4756 TL;;;N;;N;N;N;;;FX;;GNS, TBB;29.44;0.00;Fiber/Plastic;;2011-12-06;MFL;1989-01-01;;2017-02-21
ROM000004616;;ROU;;;2.00;0.00;0.00;;7.00;0.00;225 CT;3 225 CT;3 225 CT;;;N;;N;N;N;;;FX;;GNS, LLS;169.00;0.00;Fiber/Plastic;;2011-12-12;MFL;2001-01-01;;2016-12-06
ROM000004618;;ROU;;;3.74;0.00;0.00;;7.60;0.00;CASALOTUL;3 3397 CT;3 3397 CT;;;N;;N;N;N;;;FX;;GNS, LLS, LHP;33.00;0.00;Fiber/Plastic;;2011-12-14;MFL;2011-01-01;;2017-05-09
ROM000004623;;ROU;;;1.01;0.00;0.00;;5.50;0.00;584 TL;3 584 TL;3 584 TL;;;N;;N;N;N;;;FX;;GNS, SB, LLS;22.06;0.00;Fiber/Plastic;;2012-01-03;MFL;2003-01-01;;2016-06-07
ROM000004624;;ROU;;;2.84;0.00;0.00;;8.30;0.00;585 TL;3 585 TL;3 585 TL;;;N;;N;N;N;;;FX;;OTM, SB, TBB, GNS, LHP;58.84;0.00;Fiber/Plastic;;2012-01-03;MFL;2007-01-01;;2016-06-07
ROM000004634;;ROU;;;1.59;0.00;0.00;;7.56;0.00;3101;3 3101 TL;3 3101 TL;;;N;;N;N;N;;;FX;;GNS, NO;147.00;0.00;Fiber/Plastic;;2012-02-09;MFL;2011-01-01;;2014-07-03
ROM000004638;;ROU;;;3.39;0.00;0.00;;10.60;0.00;238 CT;3 238 CT;3 238 CT;;;N;;N;N;N;;;FX;;GNS, LLS;13.25;0.00;Fiber/Plastic;;2012-02-21;MFL;1987-01-01;;2013-05-14
ROM000004645;;ROU;;;3.49;0.00;0.00;;10.50;0.00;601 TL;3 601 TL;3 601 TL;;;N;;N;N;N;;;FX;;OTM, GNS, LLS, LHP, TBB, SB;29.44;0.00;Fiber/Plastic;;2012-03-06;MFL;2011-01-01;;2016-06-07
ROM000004647;;ROU;;;0.75;0.00;0.00;;6.40;0.00;558 TL;3 558 TL;3 558 TL;;;N;;N;N;N;;;FX;;GNS, LLS;36.80;0.00;Fiber/Plastic;;2012-03-07;MFL;2010-01-01;;2014-07-23
ROM000004648;;ROU;;;3.00;0.00;0.00;;10.42;0.00;607 TL;3 607 TL;3 607 TL;;;N;;N;N;N;;;FX;;GNS, LLS;0.00;0.00;Fiber/Plastic;;2012-03-09;MFL;1990-01-01;;2012-11-22
ROM000004649;;ROU;;;1.45;0.00;0.00;;6.60;0.00;579 TL;3 579 TL;3 579 TL;;;N;;N;N;N;;;FX;;GNS, LLS;66.18;0.00;Fiber/Plastic;;2012-03-13;MFL;2011-01-01;;2012-10-02
ROM000004650;;ROU;;;0.73;0.00;0.00;;6.82;0.00;4858;3 4858 CT;3 4858 CT;;;N;;N;N;N;;;FX;;GNS, LHP;3.68;0.00;Fiber/Plastic;;2012-03-15;MFL;2011-01-01;;2018-11-06
ROM000004665;;ROU;;;1.68;0.00;0.00;;7.30;0.00;247 CT;3 247 CT;3 247 CT;;;N;;N;N;N;;;FX;;GNS, LLS;110.30;0.00;Fiber/Plastic;;2012-04-05;MFL;2010-01-01;;2014-07-03
ROM000004677;264900116;ROU;;;38.37;0.00;0.00;;14.90;0.00;OLIMPUS 1;64945;3 5336 CT;Constanta;;Y;YQZR;N;Y;Y;;;FX;;TBB, LLS, OTM;203.00;0.00;Metal;;2012-06-22;MFL;2012-01-01;;
ROM000004696;;ROU;;;0.49;0.00;0.00;;5.00;0.00;249 CT;3 249 CT;3 249 CT;;;N;;N;N;N;;;FX;;GNS, LLS;3.70;0.00;Fiber/Plastic;;2012-07-06;MFL;2007-01-01;;2014-08-18
ROM000004702;;ROU;;;0.65;0.00;0.00;;6.70;0.00;254 CT;3 254 CT;3 254 CT;;;N;;N;N;N;;;FX;;GNS, LHP, LLS;4.41;0.00;Fiber/Plastic;;2012-08-01;MFL;2012-01-01;;2014-08-18
ROM000004703;;ROU;;;0.72;0.00;0.00;;6.70;0.00;6711;64952;3 6711 CT;Constanta;;N;;N;Y;Y;;;FX;;GNS, LLS, LHP;0.00;0.00;Fiber/Plastic;;2012-08-01;MFL;2011-01-01;;2024-07-24
ROM000004710;;ROU;;;1.77;0.00;0.00;;7.36;0.00;3049;64953;3 3049 CT;Constanta;;Y;;N;Y;Y;;;FX;;GNS, LHP, LLS;7.35;0.00;Fiber/Plastic;;2012-09-05;MFL;2011-01-01;;
ROM000004714;;ROU;;;0.80;0.00;0.00;;6.90;0.00;245 CT;3 245 CT;3 245 CT;;;N;;N;N;N;;;FX;;GNS, LLS;11.00;0.00;Fiber/Plastic;;2012-09-13;MFL;2007-01-01;;2014-09-11
ROM000004725;264900259;ROU;;;111.00;0.00;0.00;;26.70;0.00;ROMFISH I;64963;3 2916 CT;Constanta;;Y;YQHN;N;Y;Y;1502665;;FX;;TBB, LLS, FPO, OTM;335.00;0.00;Metal;;2012-10-12;MFL;2003-01-01;;
ROM000004727;;ROU;;;0.79;0.00;0.00;;6.86;0.00;4815;64966;3 4815 CT;Constanta;;Y;;N;Y;Y;;;FX;;GNS, LLS, LHP;4.41;0.00;Wood;;2012-10-23;MFL;2003-01-01;;
ROM000004756;;ROU;;;2.69;0.00;0.00;;7.50;0.00;697 TL;3 697 TL;3 697 TL;;;N;;N;N;N;;;FX;;GNS, SB;36.76;0.00;Fiber/Plastic;;2012-11-29;MFL;2012-01-01;;2015-03-12
ROM000004765;;ROU;;;4.56;0.00;0.00;;7.90;0.00;3819;64972;3 3819 CT;Constanta;;N;;N;Y;Y;;;FX;;GNS, LLS, TBB;22.00;0.00;Fiber/Plastic;;2012-12-18;MFL;2007-01-01;;2025-08-19
ROM000004807;;ROU;;;1.55;0.00;0.00;;6.05;0.00;5359;64979;3 5359 CT;Constanta;;Y;;N;Y;Y;;;FX;;GNS, NO;29.44;0.00;Fiber/Plastic;;2013-03-13;MFL;1977-01-01;;2020-02-12
ROM000004810;;ROU;;;1.07;0.00;0.00;;7.00;0.00;4027;581793;3 4027 CT;Constanta;;N;;Y;Y;Y;;;FX;;GNS, LHP, LLS, SB;0.00;0.00;Fiber/Plastic;;2021-05-14;MFL;2009-01-01;;2024-07-29
ROM000004823;;ROU;;;1.43;0.00;0.00;;8.10;0.00;5105;64982;3 5105 TL;Tulcea;;Y;;N;Y;Y;;;FX;;GNS, LLS;7.20;0.00;Fiber/Plastic;;2013-04-15;MFL;2001-01-01;;2021-06-28
ROM000004824;;ROU;;;2.61;0.00;0.00;;7.50;0.00;5186;64985;3 5186 TL;Tulcea;;Y;;N;Y;Y;;;FX;;GNS, NO;0.00;0.00;Fiber/Plastic;;2013-04-17;MFL;1986-01-01;;2021-12-23
ROM000004825;;ROU;;;1.55;0.00;0.00;;5.50;0.00;5187;64990;3 5187 TL;Tulcea;;Y;;N;Y;Y;;;FX;;GNS, NO;0.00;0.00;Fiber/Plastic;;2013-04-17;MFL;2011-01-01;;2021-12-23
ROM000004829;;ROU;;;1.37;0.00;0.00;;6.10;0.00;4804;64993;3 4804 CT;Constanta;;Y;;N;Y;Y;;;FX;;SB, LHP, FPO, LLS;7.30;0.00;Other;;2013-04-18;MFL;1965-01-01;;
ROM000004832;;ROU;;;1.67;0.00;0.00;;6.40;0.00;286 CT;3 286 CT;3 286 CT;;;N;;N;N;N;;;FX;;GNS, LHP, LLS;26.47;0.00;Fiber/Plastic;;2013-04-29;MFL;1974-01-01;;2013-06-20
ROM000004833;;ROU;;;1.67;0.00;0.00;;6.40;0.00;287 CT;3 287 CT;3 287 CT;;;N;;N;N;N;;;FX;;GNS, LHP, LLS;18.38;0.00;Fiber/Plastic;;2013-04-29;MFL;1973-01-01;;2013-06-20
ROM000004847;;ROU;;;1.19;0.00;0.00;;7.70;0.00;790 TL;3 790 TL;3 790 TL;;;N;;N;N;N;;;FX;;GNS, LLS;0.00;0.00;Fiber/Plastic;;2013-05-23;MFL;2012-01-01;;2014-08-18
ROM000004854;;ROU;;;3.49;0.00;0.00;;10.50;0.00;5126;65003;3 5126 CT;Constanta;;Y;;N;Y;Y;;;FX;;FPN, NO;0.00;0.00;Fiber/Plastic;;2013-06-06;MFL;1998-01-01;;
ROM000004859;;ROU;;;0.48;0.00;0.00;;5.43;0.00;5042;65006;3 5042 CT;Constanta;;Y;;N;Y;Y;;;FX;;GNS, LHP, LLS;0.00;0.00;Fiber/Plastic;;2013-06-10;MFL;2007-01-01;;2021-12-23
ROM000004865;264900270;ROU;;;38.22;0.00;0.00;;14.90;0.00;BLUE FISH;65011;3 5096 TL;Tulcea;;Y;YQHR;N;Y;Y;;;FX;;TBB, OTM, LLS, PS;169.00;0.00;Metal;;2013-06-25;MFL;2012-01-01;;
ROM000004871;264900316;ROU;;;12.32;0.00;0.00;;11.95;0.00;CORMORAN 1;65016;3 4310 CT;Constanta;;Y;YQPM;N;Y;Y;;;FX;;TBB, LLS, OTM;133.00;0.00;Wood;;2013-06-25;MFL;2005-01-01;;
ROM000004886;;ROU;;;3.39;0.00;0.00;;10.60;0.00;238 CT;3 238 CT;3 238 CT;;;N;;N;N;N;;;FX;;GNS, LHP, LLS;13.25;0.00;Fiber/Plastic;;2013-06-28;MFL;1997-01-01;;2015-02-19
ROM000004888;;ROU;;;20.52;0.00;0.00;;14.00;0.00;ANGEL WITE;65018;3 3813 CT;Constanta;;Y;YQHT;N;Y;Y;;;FX;;TBB, LLS, LHP, FPO, OTM;100.30;0.00;Wood;;2013-07-25;MFL;1999-01-01;;
ROM000004893;;ROU;;;0.60;0.00;0.00;;6.50;0.00;5801;65027;3 5801 CT;Constanta;;Y;;N;Y;Y;;;FX;;GNS, LHP, SB, LLS;0.00;0.00;Fiber/Plastic;;2013-09-02;MFL;1988-01-01;;
ROM000004896;;ROU;;;3.44;0.00;0.00;;10.55;0.00;4434;65030;3 4434 CT;Constanta;;Y;;N;Y;Y;;;FX;;GNS, LLS;29.44;0.00;Fiber/Plastic;;2013-09-02;MFL;1989-01-01;;
ROM000004903;;ROU;;;1.67;0.00;0.00;;6.40;0.00;286 CT;3 286 CT;3 286 CT;;;N;;N;N;N;;;FX;;GNS, LLS;26.47;0.00;Fiber/Plastic;;2013-10-03;MFL;1974-01-01;;2014-04-23
ROM000004922;;ROU;;;1.67;0.00;0.00;;6.40;0.00;287 CT;3 287 CT;3 287 CT;;;N;;N;N;N;;;FX;;GNS, LHP, LLS;36.76;0.00;Fiber/Plastic;;2013-12-03;MFL;1973-01-01;;2014-04-23
ROM000004928;;ROU;;;0.98;0.00;0.00;;7.40;0.00;301 CT;3 301 CT;3 301 CT;;;N;;N;N;N;;;FX;;GNS, LHP;0.00;0.00;Fiber/Plastic;;2014-01-15;MFL;2008-01-01;;2016-12-06
ROM000004938;;ROU;;;0.76;0.00;0.00;;6.64;0.00;300 CT;3 300 CT;3 300 CT;;;N;;N;N;N;;;FX;;GNS, LHP, LLS;4.41;0.00;Wood;;2014-01-24;MFL;1999-01-01;;2016-12-06
ROM000004940;;ROU;;;3.63;0.00;0.00;;10.50;0.00;3748;65041;3 3748 CT;Constanta;;N;;N;Y;Y;;;FX;;GNS, SB;0.00;0.00;Fiber/Plastic;;2014-03-10;MFL;2004-01-01;;
ROM000004959;;ROU;;;3.44;0.00;0.00;;10.55;0.00;3051;65044;3 3051 CT;Constanta;;N;;N;Y;Y;;;FX;;GNS, LLS, LHP, FPO;0.00;0.00;Fiber/Plastic;;2014-04-15;MFL;2014-01-01;;
ROM000004960;;ROU;;;0.52;0.00;0.00;;6.70;0.00;4945;65045;3 4945 CT;Constanta;;Y;;N;Y;Y;;;FX;;SB, LHP, FPN, LLS;0.00;0.00;Fiber/Plastic;;2014-04-15;MFL;2007-01-01;;
ROM000004961;264900280;ROU;;;20.91;0.00;0.00;;14.90;0.00;ALEXARIA;65046;3 3108 CT;Constanta;;Y;YQHX;N;Y;Y;8583929;;FX;;TBB, OTM, LLS;89.00;0.00;Wood;;2014-04-16;MFL;1968-01-01;;2023-07-07
ROM000004964;264900279;ROU;;;32.91;0.00;0.00;;14.90;0.00;CORMORAN 2;65049;3 3128 CT;Constanta;;Y;YQHW;N;Y;Y;;;FX;;TBB, LHP, LLS;160.00;0.00;Metal;;2014-04-25;MFL;2012-01-01;;
ROM000004965;;ROU;;;3.49;0.00;0.00;;10.50;0.00;3107;65050;3 3107 CT;Constanta;;Y;;N;Y;Y;;;FX;;SB, GNS;0.00;0.00;Fiber/Plastic;;2014-04-30;MFL;1988-01-01;;
ROM000004970;;ROU;;;3.34;0.00;0.00;;7.70;0.00;LUFARUL 2;3 3158 CT;3 3158 CT;;;N;;N;N;N;;;FX;;GNS, FPO;110.00;0.00;Fiber/Plastic;;2014-05-13;MFL;2000-01-01;;2017-02-21
ROM000004971;;ROU;;;3.59;0.00;0.00;;10.53;0.00;3244;65056;3 3244 CT;Constanta;;Y;;N;Y;Y;;;FX;;GNS, LHP;0.00;0.00;Fiber/Plastic;;2014-05-21;MFL;1988-01-01;;
ROM000004977;;ROU;;;1.03;0.00;0.00;;6.10;0.00;183 CT;3 183 CT;3 183 CT;;;N;;N;N;N;;;FX;;GNS, NO;66.20;0.00;Fiber/Plastic;;2014-06-19;MFL;2010-01-01;;2015-04-01
ROM000004978;;ROU;;;3.49;0.00;0.00;;10.50;0.00;3279;65058;3 3279 CT;Constanta;;Y;;N;Y;Y;;;FX;;LHP, FPO, LLS;0.00;0.00;Fiber/Plastic;;2014-06-03;MFL;1978-01-01;;2021-12-23
ROM000004983;;ROU;;;2.46;0.00;0.00;;10.12;0.00;3289;65059;3 3289 CT;Constanta;;N;;N;Y;Y;;;FX;;LLS, SB, DRB, GNS, FPO;9.93;0.00;Fiber/Plastic;;2014-06-12;MFL;1986-01-01;;
ROM000004996;;ROU;;;0.98;0.00;0.00;;7.40;0.00;3290;65060;3 3290 CT;Constanta;;Y;;N;Y;Y;;;FX;;GNS, LLS, LHP;21.21;0.00;Fiber/Plastic;;2014-07-16;MFL;2008-01-01;;
ROM000004997;264900300;ROU;;;32.08;0.00;0.00;;14.95;0.00;OLIMPUS 2;65061;3 3400 CT;Constanta;;Y;YQPJ;N;Y;Y;;;FX;;TBB, LLS, OTM;102.00;0.00;Metal;;2014-07-21;MFL;2014-01-01;;
ROM000005016;;ROU;;;2.34;0.00;0.00;;8.45;0.00;1192 TL;ROUP101192TL;ROUP101192TL;;;N;;N;N;N;;;FX;;GNS, LLD;33.00;0.00;Wood;;2010-06-11;MFL;1999-01-01;;2012-09-13
ROM000005066;;ROU;;;0.81;0.00;0.00;;4.90;0.00;213 JR;ROUP100213JR;ROUP100213JR;;;N;;N;N;N;;;FX;;GNS, LLS;66.17;0.00;Fiber/Plastic;;2010-06-11;MFL;2001-01-01;;2012-09-13
ROM000005152;;ROU;;;2.46;0.00;0.00;;7.50;0.00;4367;132661;3 4367 CT;Constanta;;Y;;N;Y;Y;;;FX;;LLS, FPO, SB, LHP;0.00;0.00;Fiber/Plastic;;2014-03-18;MFL;2012-01-01;;
ROM000005154;;ROU;;;1.20;0.00;0.00;;7.10;0.00;3307;65066;3 3307 CT;Constanta;;Y;;N;Y;Y;;;FX;;GNS, SB, LLS;0.00;0.00;Fiber/Plastic;;2014-06-18;MFL;2011-01-01;;
ROM000005158;;ROU;;;1.27;0.00;0.00;;7.20;0.00;3424;65069;3 3424 CT;Constanta;;Y;;N;Y;Y;;;FX;;LLS, FPO, SB;4.41;0.00;Fiber/Plastic;;2014-08-11;MFL;2008-01-01;;
ROM000005166;;ROU;;;5.22;0.00;0.00;;8.65;0.00;NOOR TUNA;190659;3 3513 CT;Constanta;;Y;;N;Y;Y;;;FX;;TBB, FPO, PS, OTM, LLS;9.90;0.00;Fiber/Plastic;;2015-03-17;MFL;1975-01-01;;
ROM000005172;;ROU;;;1.44;0.00;0.00;;7.04;0.00;4331;132620;3 4331 CT;Constanta;;N;;N;Y;Y;;;FX;;GNS, LHP, LLS;0.00;0.00;Fiber/Plastic;;2020-08-03;MFL;2008-01-01;;2024-07-29
ROM000005182;;ROU;;;1.41;0.00;0.00;;7.12;0.00;5044;437250;3 5044 CT;Constanta;;Y;;N;Y;Y;;;FX;;GNS, LLS, LHP;4.40;0.00;Fiber/Plastic;;2022-03-10;MFL;2010-01-01;;
ROM000005197;;ROU;;;2.11;0.00;0.00;;7.55;0.00;5406;435233;3 5406 CT;Constanta;;N;;Y;Y;Y;;;FX;;LLS, FPO, LHP, SB;0.00;0.00;Fiber/Plastic;;2024-08-14;MFL;2016-01-01;;
ROM000005216;;ROU;;;1.51;0.00;0.00;;6.88;0.00;5677;309745;3 5677 CT;Constanta;;N;;Y;Y;Y;;;FX;;MDV;0.00;0.00;Fiber/Plastic;;2020-08-24;MFL;2015-01-01;;
ROM000005224;;ROU;;;1.90;0.00;0.00;;7.40;0.00;5775;306357;3 5775 CT;Constanta;;N;;Y;Y;Y;;;FX;;LLS, FPO, GNS;85.00;0.00;Fiber/Plastic;;2024-05-15;MFL;2018-01-01;;
ROM000005228;;ROU;;;1.90;0.00;0.00;;7.40;0.00;5776;306339;3 5776 CT;Constanta;;Y;;N;Y;Y;;;FX;;GNS, FPO, LLS, LHP;4.41;0.00;Fiber/Plastic;;2023-10-20;MFL;2018-01-01;;
ROM000005232;264900392;ROU;;;23.11;0.00;0.00;;14.90;0.00;ANGEL WHITE 1;65070;3 5850 CT;Constanta;;Y;YQSI;N;Y;Y;;;FX;;TBB, LLS, OTM;115.00;0.00;Wood;;2018-10-16;MFL;1974-01-01;;
ROM000005235;;ROU;;;2.06;0.00;0.00;;7.40;0.00;5895;306264;3 5895 TL;Tulcea;;Y;;N;Y;Y;;;FX;;GNS, LLS;29.44;0.00;Fiber/Plastic;;2019-01-16;MFL;2018-01-01;;
ROM000005240;;ROU;;;0.96;0.00;0.00;;6.50;0.00;RAHMANI II;300724;3 6014 CT;Constanta;;Y;;N;Y;Y;;;FX;;GNS, LHP, FPO;0.00;0.00;Fiber/Plastic;;2019-06-28;MFL;1997-01-01;;
ROM000005253;264900501;ROU;;;3.19;0.00;0.00;;7.80;0.00;PREDATOR;1889437;3 7085 CT;Constanta;;Y;YQLE;Y;Y;Y;;;FX;;LLS, GNS;66.20;0.00;Fiber/Plastic;;2023-05-31;MFL;2023-01-01;;
ROM000005501;264900286;ROU;;;35.03;0.00;0.00;;14.80;0.00;BARACUDA 3;65071;3 3417 CT;Constanta;;Y;BARACUD;N;Y;Y;;;FX;;TBB, LHP, LLS, OTM;179.00;0.00;Metal;;2014-08-12;MFL;2014-01-01;;
ROM000005504;264900292;ROU;;;40.11;0.00;0.00;;14.90;0.00;DELFIN 1;65074;3 3427 CT;Constanta;;Y;YQSZ;N;Y;Y;8583785;;FX;;TBB, OTM;70.00;0.00;Metal;;2014-08-12;MFL;2011-01-01;;
ROM000005505;;ROU;;;9.42;0.00;0.00;;11.12;0.00;ARGO;65079;3 3422 CT;Constanta;;Y;ARGO;N;Y;Y;;;FX;;TBB, FPO, PS, GNS, LLS, SB;100.30;0.00;Wood;;2014-08-12;MFL;2010-01-01;;2025-03-11
ROM000005514;264900304;ROU;;;34.00;0.00;0.00;;14.95;0.00;HISAR 1;65084;3 3457 CT;Constanta;;Y;YQUR;N;Y;Y;;;FX;;TBB, LHP, OTM;150.00;0.00;Metal;;2014-09-09;MFL;2014-01-01;;
ROM000005539;;ROU;;;0.90;0.00;0.00;;5.65;0.00;3534;65087;3 3534 TL;Tulcea;;Y;;N;Y;Y;;;FX;;GNS, SB, FPO, LHP;29.41;0.00;Fiber/Plastic;;2014-12-08;MFL;2008-01-01;;
ROM000005543;;ROU;;;1.15;0.00;0.00;;7.02;0.00;3528;3 3528 TL;3 3528 TL;;;N;;N;N;N;;;FX;;GNS, NO;0.00;0.00;Fiber/Plastic;;2014-12-29;MFL;2008-01-01;;2016-05-06
ROM000005563;264900297;ROU;;;32.08;0.00;0.00;;14.95;0.00;AP PONTICA;65089;3 3733 TL;Tulcea;;Y;YQTQ;N;Y;Y;;;FX;;TBB, GNS;210.00;0.00;Metal;;2015-05-07;MFL;2014-01-01;;
ROM000005564;;ROU;;;0.69;0.00;0.00;;6.35;0.00;3482;65090;3 3482 CT;Constanta;;Y;;N;Y;Y;;;FX;;GNS, LHP, LLS;3.68;0.00;Fiber/Plastic;;2015-03-03;MFL;1983-01-01;;2019-09-16
ROM000005567;;ROU;;;0.83;0.00;0.00;;6.70;0.00;2967;65093;3 2967 CT;Constanta;;Y;;N;Y;Y;;;FX;;GNS, LHP, LLS, SB;4.41;0.00;Fiber/Plastic;;2015-03-18;MFL;2011-01-01;;
ROM000005576;;ROU;;;1.27;0.00;0.00;;5.53;0.00;COSTINA;65100;3 3411 CT;Constanta;;Y;;N;Y;Y;;;FX;;GNS, LLS;0.00;0.00;Fiber/Plastic;;2015-03-26;MFL;1970-01-01;;2019-08-14
ROM000005577;;ROU;;;1.30;0.00;0.00;;7.65;0.00;PESCARU;3 4154 CT;3 4154 CT;;;N;;N;N;N;;;FX;;GNS, LHP, SB, LLS;0.00;0.00;Fiber/Plastic;;2015-04-22;MFL;1992-01-01;;2019-01-17
ROM000005583;;ROU;;;2.15;0.00;0.00;;6.10;0.00;4215;3 4215 CT;3 4215 CT;;;N;;N;N;N;;;FX;;LLS, SB, TBB, GNS, LHP;62.50;0.00;Fiber/Plastic;;2015-05-13;MFL;1983-01-01;;2017-02-21
ROM000005586;;ROU;;;1.08;0.00;0.00;;6.10;0.00;4159;3 4159 CT;3 4159 CT;;;N;;N;N;N;;;FX;;TBB, GNS, FPO;44.12;0.00;Fiber/Plastic;;2015-05-26;MFL;2014-01-01;;2016-06-07
ROM000005587;;ROU;;;1.08;0.00;0.00;;6.10;0.00;4155;3 4155 CT;3 4155 CT;;;N;;N;N;N;;;FX;;GNS, TBB, FPO;44.12;0.00;Fiber/Plastic;;2015-05-26;MFL;2014-01-01;;2016-06-07
ROM000005588;264900299;ROU;;;70.00;0.00;0.00;;20.20;0.00;CALATIS 1;65113;3 2731 CT;Constanta;;Y;YQPH;N;Y;Y;;;FX;;TBB, LLS, OTM;184.00;0.00;Metal;;2015-05-26;MFL;1999-01-01;;
ROM000005589;;ROU;;;2.80;0.00;0.00;;7.00;0.00;4297;3 4297 CT;3 4297 CT;;;N;;N;N;N;;;FX;;GNS, LLS, TBB, LHP, PS;29.40;0.00;Fiber/Plastic;;2015-06-08;MFL;1993-01-01;;2016-12-19
ROM000005590;;ROU;;;4.99;0.00;0.00;;10.50;0.00;MUSSELS 1;65117;3 4332 CT;Constanta;;N;;N;Y;Y;;;FX;;TBB, LLS, OTM;48.00;0.00;Metal;;2015-06-08;MFL;1995-01-01;;
ROM000005627;;ROU;;;0.76;0.00;0.00;;6.15;0.00;4598;65118;3 4598 CT;Constanta;;Y;;N;Y;Y;;;FX;;TBB, FPO, SB, LHP, LLS;11.00;0.00;Fiber/Plastic;;2015-09-29;MFL;2011-01-01;;
ROM000005667;;ROU;;;4.43;0.00;0.00;;7.90;0.00;ARROW;3 4734 CT;3 4734 CT;;;N;;N;N;N;;;FX;;SB, GNS, LLS, LHP;0.00;0.00;Fiber/Plastic;;2016-01-14;MFL;2001-01-01;;2018-01-29
ROM000005677;;ROU;;;0.81;0.00;0.00;;6.90;0.00;EVELYN;65128;3 4706 CT;Constanta;;Y;;N;Y;Y;;;FX;;GNS, LHP, LLS;0.00;0.00;Fiber/Plastic;;2016-02-05;MFL;2007-01-01;;
ROM000005709;;ROU;;;2.25;0.00;0.00;;6.80;0.00;SOVORE;65131;3 4875 CT;Constanta;;Y;;N;Y;Y;;;FX;;GNS, LLS, FPO, LHP;0.00;0.00;Fiber/Plastic;;2016-03-25;MFL;1998-01-01;;
ROM000005719;264900322;ROU;;;24.99;0.00;0.00;;14.65;0.00;TUNET;65132;3 5026 CT;Constanta;;Y;TUNET;N;Y;Y;;;FX;;TBB, LHP, OTM, LLS;110.30;0.00;Metal;;2016-04-13;MFL;2016-01-01;;
ROM000005724;;ROU;;;1.23;0.00;0.00;;6.73;0.00;MIRUMAR;65135;3 4311 CT;Constanta;;Y;;N;Y;Y;;;FX;;GNS, LLS, LHP;0.00;0.00;Fiber/Plastic;;2016-04-26;MFL;2014-01-01;;2021-12-23
ROM000005739;;ROU;;;3.00;0.00;0.00;;10.42;0.00;4628;65140;3 4628 TL;Tulcea;;N;;N;Y;Y;;;FX;;GNS, FPN, SB, PS;7.28;0.00;Fiber/Plastic;;2016-05-05;MFL;1990-01-01;;
ROM000005741;;ROU;;;1.15;0.00;0.00;;6.95;0.00;5084;65141;3 5084 CT;Constanta;;Y;;N;Y;Y;;;FX;;TBB, LLS, LHP;5.88;0.00;Fiber/Plastic;;2016-05-20;MFL;2011-01-01;;2023-02-22
ROM000005752;;ROU;;;19.21;0.00;0.00;;11.95;0.00;FLIPPER;65142;3 5113 CT;Constanta;;Y;;N;Y;Y;;;FX;;TBB, LLS, LHP;88.20;0.00;Metal;;2016-05-31;MFL;1997-01-01;;
ROM000005762;;ROU;;;0.91;0.00;0.00;;7.65;0.00;5177;65143;3 5177 CT;Constanta;;Y;;N;Y;Y;;;FX;;LHP, NO;0.00;0.00;Wood;;2016-06-23;MFL;2005-01-01;;2019-08-14
ROM000005769;;ROU;;;2.11;0.00;0.00;;7.55;0.00;5180;65148;3 5180 CT;Constanta;;Y;;N;Y;Y;;;FX;;GNS, LHP, LLS;4.11;0.00;Fiber/Plastic;;2016-06-29;MFL;2016-01-01;;
ROM000005770;;ROU;;;2.11;0.00;0.00;;7.55;0.00;5179;65149;3 5179 CT;Constanta;;Y;;N;Y;Y;;;FX;;LHP, LLS;2.94;0.00;Fiber/Plastic;;2016-06-29;MFL;2016-01-01;;
ROM000005771;;ROU;;;3.07;0.00;0.00;;10.64;0.00;5150;65150;3 5150 CT;Constanta;;Y;;N;Y;Y;;;FX;;FPN, NO;0.00;0.00;Fiber/Plastic;;2016-07-05;MFL;1983-01-01;;2021-12-23
ROM000005774;;ROU;;;2.11;0.00;0.00;;7.55;0.00;5193;65151;3 5193 CT;Constanta;;Y;;N;Y;Y;;;FX;;LHP, LLS, FPO;7.28;0.00;Fiber/Plastic;;2016-07-14;MFL;2016-01-01;;
ROM000005786;264900323;ROU;;;22.77;0.00;0.00;;14.00;0.00;BELUGA 1;65152;3 5206 CT;Constanta;;Y;BELUGA1;N;Y;Y;;;FX;;TBB, LLS, GNS;100.00;0.00;Metal;;2016-08-01;MFL;2016-01-01;;
ROM000005793;264900319;ROU;;;53.77;0.00;0.00;;14.95;0.00;5233;65153;3 5233 TL;Tulcea;;Y;YQPO;N;Y;Y;;;FX;;TBB, LLS, PS, OTM;184.00;0.00;Metal;;2016-08-18;MFL;2016-01-01;;
ROM000005817;;ROU;;;4.87;0.00;0.00;;8.90;0.00;URANUS;65159;3 5285 CT;Constanta;;Y;;N;Y;Y;;;FX;;GNS, LHP, LLS, SB;37.60;0.00;Fiber/Plastic;;2016-10-24;MFL;2013-01-01;;
ROM000005829;;ROU;;;3.68;0.00;0.00;;7.60;0.00;5300;65160;3 5300 CT;Constanta;;Y;;N;Y;Y;;;FX;;GNS, LHP, LLS;5.88;0.00;Fiber/Plastic;;2016-12-20;MFL;1986-01-01;;
ROM000005835;;ROU;;;0.50;0.00;0.00;;5.98;0.00;MARI;65161;3 5329 CT;Constanta;;Y;;N;Y;Y;;;FX;;GNS, FPN, FPO;4.41;0.00;Fiber/Plastic;;2016-12-20;MFL;2013-01-01;;2021-08-11
ROM000005865;;ROU;;;2.11;0.00;0.00;;7.55;0.00;NEMO 3;65166;3 5427 CT;Constanta;;Y;;N;Y;Y;;;FX;;GNS, LHP;4.41;0.00;Fiber/Plastic;;2017-03-27;MFL;2017-01-01;;
ROM000005874;;ROU;;;4.48;0.00;0.00;;9.70;0.00;5204;65167;3 5204 CT;Constanta;;N;;N;Y;Y;;;FX;;TBB, LHP, FPO, GNS, LLS;18.50;0.00;Metal;;2017-04-07;MFL;1979-01-01;;2024-02-19
ROM000005875;;ROU;;;0.97;0.00;0.00;;7.28;0.00;5383;65172;3 5383 CT;Constanta;;Y;;N;Y;Y;;;FX;;GNS, LLS;0.00;0.00;Wood;;2017-04-07;MFL;2012-01-01;;2021-12-23
ROM000005876;;ROU;;;0.89;0.00;0.00;;7.40;0.00;5381;65173;3 5381 CT;Constanta;;Y;;N;Y;Y;;;FX;;LLS, SB, LHP;0.00;0.00;Wood;;2017-04-07;MFL;2007-01-01;;2021-12-23
ROM000005877;;ROU;;;0.97;0.00;0.00;;7.25;0.00;5384;65174;3 5384 CT;Constanta;;Y;;N;Y;Y;;;FX;;SB, LLS, LHP;0.00;0.00;Wood;;2017-04-07;MFL;2012-01-01;;2021-12-23
ROM000005878;;ROU;;;1.03;0.00;0.00;;7.35;0.00;5382;65175;3 5382 CT;Constanta;;Y;;N;Y;Y;;;FX;;SB, LHP, LLS;0.00;0.00;Wood;;2017-04-07;MFL;2012-01-01;;2021-12-23
ROM000005879;;ROU;;;0.66;0.00;0.00;;6.25;0.00;5380;65176;3 5380 CT;Constanta;;Y;;N;Y;Y;;;FX;;LLS, SB, LHP;0.00;0.00;Wood;;2017-04-07;MFL;1979-01-01;;2023-02-22
ROM000005880;;ROU;;;0.57;0.00;0.00;;6.50;0.00;5379;65177;3 5379 CT;Constanta;;Y;;N;Y;Y;;;FX;;LLS, SB, LHP;0.00;0.00;Wood;;2017-04-07;MFL;1976-01-01;;
ROM000005881;;ROU;;;0.99;0.00;0.00;;7.16;0.00;5385;65178;3 5385 CT;Constanta;;Y;;N;Y;Y;;;FX;;SB, LLS, LHP;0.00;0.00;Wood;;2017-04-07;MFL;2012-01-01;;2021-12-23
ROM000005882;;ROU;;;0.95;0.00;0.00;;6.00;0.00;5444;3 5444 CT;3 5444 CT;;;N;;N;N;N;;;FX;;NO;0.00;0.00;Fiber/Plastic;;2017-04-07;MFL;2012-01-01;;2018-05-23
ROM000005884;;ROU;;;2.40;0.00;0.00;;6.60;0.00;MARINARUL 2;65184;3 5447 CT;Constanta;;Y;;N;Y;Y;;;FX;;GNS, LLS, LHP;4.41;0.00;Fiber/Plastic;;2017-04-07;MFL;1991-01-01;;
ROM000005894;264900346;ROU;;;41.73;0.00;0.00;;14.95;0.00;EFE FISH;65185;3 5371 CT;Constanta;;Y;YQQE;N;Y;Y;;;FX;;TBB, OTM, LLS;216.00;0.00;Metal;;2017-04-21;MFL;2016-01-01;;
ROM000005898;;ROU;;;2.92;0.00;0.00;;10.70;0.00;5478;65188;3 5478 CT;Constanta;;Y;;N;Y;Y;;;FX;;FPN, GNS;0.00;0.00;Fiber/Plastic;;2017-04-28;MFL;1995-01-01;;
ROM000005900;;ROU;;;10.31;0.00;0.00;;10.00;0.00;RECHINUL 10;65191;3 5467 CT;Constanta;;Y;;N;Y;Y;;;FX;;OTM, TBB, SB;58.80;0.00;Fiber/Plastic;;2017-05-08;MFL;2017-01-01;;
ROM000005901;264163331;ROU;;;117.00;0.00;0.00;;25.50;0.00;SUNNY 1;65192;3 5466 CT;Constanta;;Y;YP3331;N;Y;Y;;;FX;;TBB, LLS, DRB;220.00;0.00;Metal;;2017-05-08;MFL;1982-01-01;;
ROM000005902;;ROU;;;0.79;0.00;0.00;;6.90;0.00;5489;65195;3 5489 CT;Constanta;;N;;N;Y;Y;;;FX;;GNS, HMD, LHP;0.00;0.00;Wood;;2017-05-08;MFL;2008-01-01;;2025-05-13
ROM000005913;;ROU;;;0.90;0.00;0.00;;5.65;0.00;5506;65200;3 5506 CT;Constanta;;Y;;N;Y;Y;;;FX;;SB, LLS, LHP;0.00;0.00;Fiber/Plastic;;2017-05-25;MFL;2008-01-01;;
ROM000005914;264900339;ROU;;;40.92;0.00;0.00;;14.90;0.00;ROMFISH II;65203;3 5521 CT;Constanta;;Y;YQPF;N;Y;Y;;;FX;;TBB, FPO, LLS, OTM;294.00;0.00;Metal;;2017-05-29;MFL;2017-01-01;;
ROM000005915;264900330;ROU;;;23.27;0.00;0.00;;14.95;0.00;TOMIS 2;65204;3 5529 CT;Constanta;;Y;YQPV;N;Y;Y;;;FX;;TBB, GNS, PS, NK, HMD, LLS;108.11;0.00;Metal;;2017-06-06;MFL;1991-01-01;;
ROM000005916;;ROU;;;0.98;0.00;0.00;;5.00;0.00;5530;65205;3 5530 CT;Constanta;;Y;;N;Y;Y;;;FX;;GNS, LHP, LLS;14.72;0.00;Fiber/Plastic;;2017-05-31;MFL;2017-01-01;;2021-08-23
ROM000005927;;ROU;;;0.66;0.00;0.00;;7.00;0.00;5542;65206;3 5542 CT;Constanta;;N;;N;Y;Y;;;FX;;MDV, NO;0.00;0.00;Fiber/Plastic;;2017-06-16;MFL;1990-01-01;;2024-07-29
ROM000005928;;ROU;;;0.63;0.00;0.00;;6.50;0.00;5546;65207;3 5546 CT;Constanta;;Y;;N;Y;Y;;;FX;;SB, LHP, LLS, FPN;0.00;0.00;Fiber/Plastic;;2017-06-20;MFL;1988-01-01;;
ROM000005930;;ROU;;;0.79;0.00;0.00;;6.70;0.00;5557;65212;3 5557 CT;Constanta;;Y;;N;Y;Y;;;FX;;GNS, LHP, LLS;4.41;0.00;Fiber/Plastic;;2017-06-22;MFL;2017-01-01;;
ROM000005939;;ROU;;;1.34;0.00;0.00;;7.00;0.00;3014;65213;3 3014 TL;Tulcea;;Y;;N;Y;Y;;;FX;;GNS, LLS;29.42;0.00;Fiber/Plastic;;2017-07-12;MFL;2013-01-01;;2021-05-04
ROM000005940;264900337;ROU;;;31.05;0.00;0.00;;14.90;0.00;DEM;190563;3 5579 CT;Constanta;;Y;YQPD;Y;Y;Y;;;FX;;OTM, TBB, GNS, LLS;125.00;0.00;Metal;;2017-07-19;MFL;2017-01-01;;
ROM000005969;264900347;ROU;;;37.54;0.00;0.00;;14.90;0.00;EFE MEHMET;65215;3 5632 CT;Constanta;;Y;YQQF;N;Y;Y;8584571;;FX;;TBB, GNS, LLS;165.00;0.00;Metal;;2017-10-26;MFL;2017-01-01;;
ROM000005995;;ROU;;;1.09;0.00;0.00;;6.40;0.00;5675;65216;3 5675 CT;Constanta;;Y;;N;Y;Y;;;FX;;LHP, FPO, LLS;0.00;0.00;Fiber/Plastic;;2018-01-29;MFL;2008-01-01;;
ROM000005996;;ROU;;;0.81;0.00;0.00;;6.84;0.00;5680;65221;3 5680 CT;Constanta;;Y;;N;Y;Y;;;FX;;GNS, LHP, LLS;0.00;0.00;Fiber/Plastic;;2018-02-05;MFL;1986-01-01;;
ROM000006006;;ROU;;;17.56;0.00;0.00;;11.75;0.00;ODISEEA;65222;3 5698 CT;Constanta;;Y;;N;Y;Y;;;FX;;TBB, FPN, LHP, LLS;84.56;0.00;Metal;;2018-02-26;MFL;2016-01-01;;
ROM000006007;;ROU;;;15.56;0.00;0.00;;11.20;0.00;SEA SHARK 1;65223;3 5703 CT;Constanta;;Y;;N;Y;Y;;;FX;;TBB, PS, LHP, LLS;117.65;0.00;Metal;;2018-02-26;MFL;2017-01-01;;
ROM000006013;;ROU;;;3.44;0.00;0.00;;10.55;0.00;5697;65224;3 5697 CT;Constanta;;Y;;N;Y;Y;;;FX;;GNS, LLS, LHP;0.00;0.00;Fiber/Plastic;;2018-03-13;MFL;1989-01-01;;
ROM000006021;;ROU;;;1.26;0.00;0.00;;5.00;0.00;5691;65225;3 5691 CT;Constanta;;Y;;N;Y;Y;;;FX;;MDV, NO;0.00;0.00;Fiber/Plastic;;2018-03-20;MFL;1989-01-01;;
ROM000006023;;ROU;;;0.95;0.00;0.00;;6.00;0.00;5725;65230;3 5725 CT;Constanta;;Y;;N;Y;Y;;;FX;;GNS, FPO, LLS, LHP;36.80;0.00;Fiber/Plastic;;2018-03-22;MFL;2017-01-01;;2021-08-23
ROM000006031;;ROU;;;0.57;0.00;0.00;;4.75;0.00;5741;65231;3 5741 CT;Constanta;;Y;;N;Y;Y;;;FX;;MDV, NO;0.00;0.00;Fiber/Plastic;;2018-04-26;MFL;;;
ROM000006036;;ROU;;;0.53;0.00;0.00;;4.96;0.00;5755;65236;3 5755 CT;Constanta;;Y;;N;Y;Y;;;FX;;GNS, LLS;0.00;0.00;Fiber/Plastic;;2018-05-16;MFL;2012-01-01;;2021-12-23
ROM000006037;;ROU;;;0.96;0.00;0.00;;7.40;0.00;5758;65243;3 5758 CT;Constanta;;Y;;N;Y;Y;;;FX;;GNS, LHP, LLS;0.00;0.00;Fiber/Plastic;;2018-05-22;MFL;2008-01-01;;2023-02-22
ROM000006061;;ROU;;;1.26;0.00;0.00;;7.01;0.00;5787;65246;3 5787 CT;Constanta;;Y;;N;Y;Y;;;FX;;GNS, LLS, LHP;0.00;0.00;Fiber/Plastic;;2018-06-15;MFL;2008-01-01;;
ROM000006066;;ROU;;;7.36;0.00;0.00;;11.45;0.00;CALATIS 2;65249;3 5792 CT;Constanta;;Y;;N;Y;Y;;;FX;;TBB, OTM, LLS;81.00;0.00;Other;;2018-06-19;MFL;2005-01-01;;
ROM000006091;;ROU;;;9.32;0.00;0.00;;9.72;0.00;OLIMPUS 3;65252;3 5821 CT;Constanta;;N;;N;Y;Y;;;FX;;TBB, OTM, PS, GNS, LLS;33.50;0.00;Metal;;2018-08-13;MFL;2017-01-01;;
ROM000006101;264900355;ROU;;;24.87;0.00;0.00;;14.90;0.00;ROYAL SEA;65253;3 5860 CT;Constanta;;Y;YQQP;N;Y;Y;;;FX;;TBB, LHP, LLS, OTM;109.00;0.00;Wood;;2018-10-08;MFL;2018-01-01;;
ROM000006102;;ROU;;;11.11;0.00;0.00;;11.28;0.00;5847;65256;3 5847 CT;Constanta;;N;;N;Y;Y;;;FX;;GNS;125.15;0.00;Wood;;2018-10-08;MFL;2005-01-01;;2024-07-02
ROM000006111;;ROU;;;6.63;0.00;0.00;;11.70;0.00;5870;65257;3 5870 CT;Constanta;;Y;;N;Y;Y;;;FX;;GNS, LLS, LHP;0.00;0.00;Fiber/Plastic;;2018-10-30;MFL;2018-01-01;;
ROM000006154;264900388;ROU;;;34.37;0.00;0.00;;14.90;0.00;SEA SHARK 2;65260;3 5947 CT;Constanta;;Y;YQSD;N;Y;Y;;;FX;;TBB, OTM, PS, LLS;105.00;0.00;Metal;;2019-03-28;MFL;2018-01-01;;
ROM000006160;;ROU;;;0.45;0.00;0.00;;3.80;0.00;5949;65261;3 5949 CT;Constanta;;Y;;N;Y;Y;;;FX;;MDV, NO;0.00;0.00;Other;;2019-04-04;MFL;2004-01-01;;2023-09-27
ROM000006203;;ROU;;;1.08;0.00;0.00;;6.10;0.00;5988;1660565;3 5988 CT;Constanta;;Y;;N;Y;Y;;;FX;;GNS, LLS;11.03;0.00;Fiber/Plastic;;2023-03-21;MFL;2014-01-01;;
ROM000006221;264900401;ROU;;;18.91;0.00;0.00;;14.25;0.00;TOMIS 1;65266;3 6092 CT;Constanta;;Y;YQST;N;Y;Y;;;FX;;TBB, PS, GNS;72.13;0.00;Wood;;2019-09-27;MFL;2002-01-01;;2020-11-23
ROM000006222;264900399;ROU;;;33.21;0.00;0.00;;14.85;0.00;SEA ANGEL 2;65267;3 6792 CT;Constanta;;Y;YQSP;N;Y;Y;;;FX;;TBB, GNS, LLS;154.56;0.00;Metal;;2019-09-27;MFL;2016-01-01;;
ROM000006242;;ROU;;;1.30;0.00;0.00;;7.01;0.00;BLACK PEARL;65272;3 6126 CT;Constanta;;Y;;N;Y;Y;;;FX;;GNS, LHP, LLS;4.40;0.00;Fiber/Plastic;;2019-11-07;MFL;2010-01-01;;
ROM000006292;;ROU;;;0.85;0.00;0.00;;7.10;0.00;BELUGA;65273;3 6175 CT;Constanta;;Y;;N;Y;Y;;;FX;;GNS, FPO;0.00;0.00;Fiber/Plastic;;2020-03-02;MFL;;;
ROM000006302;;ROU;;;0.79;0.00;0.00;;5.65;0.00;6191;65274;3 6191 CT;Constanta;;N;;N;Y;Y;;;FX;;GNS, LLS;29.42;0.00;Fiber/Plastic;;2020-03-16;MFL;1988-01-01;;
ROM000006310;;ROU;;;1.77;0.00;0.00;;8.07;0.00;6207;65275;3 6207 CT;Constanta;;Y;;N;Y;Y;;;FX;;GNS, FPO;0.00;0.00;Fiber/Plastic;;2020-04-13;MFL;2014-01-01;;
ROM000006323;;ROU;;;20.56;0.00;0.00;;11.76;0.00;SEA ANGEL 1;154293;3 6239 CT;Constanta;;Y;;N;Y;Y;;;FX;;TBB, OTM, LLS;65.00;0.00;Metal;;2020-06-04;MFL;2017-01-01;;
ROM000006324;;ROU;;;3.39;0.00;0.00;;5.72;0.00;FLIDA I;154263;3 6225 CT;Constanta;;Y;;N;Y;Y;;;FX;;GNS, LHP, LLS;84.55;0.00;Fiber/Plastic;;2020-06-04;MFL;2006-01-01;;2022-03-23
ROM000006326;;ROU;;;16.16;0.00;0.00;;10.85;0.00;SEA SHARK 3;86357;3 6240 CT;Constanta;;Y;;N;Y;Y;;;FX;;TBB, OTM, LLS;81.00;0.00;Metal;;2020-06-09;MFL;2017-01-01;;
ROM000006339;;ROU;;;1.26;0.00;0.00;;7.29;0.00;6280;138343;3 6280 CT;Constanta;;Y;;N;Y;Y;;;FX;;GNS, SB;0.00;0.00;Fiber/Plastic;;2020-08-11;MFL;2020-01-01;;
ROM000006359;;ROU;;;0.89;0.00;0.00;;6.45;0.00;NABOI;236172;3 6323 CT;Constanta;;N;;Y;Y;Y;;;FX;;GNS, FPO;0.00;0.00;Fiber/Plastic;;2020-10-08;MFL;2020-01-01;;
ROM000006414;;ROU;;;0.99;0.00;0.00;;6.90;0.00;6419;470849;3 6419 CT;Constanta;;N;;Y;Y;Y;;;FX;;GNS, LHP, LLS;0.00;0.00;Fiber/Plastic;;2021-03-03;MFL;2018-01-01;;2024-09-25
ROM000006432;;ROU;;;0.82;0.00;0.00;;6.65;0.00;6456;581723;3 6456 CT;Constanta;;Y;;N;Y;Y;;;FX;;GNS, LLS, LHP;0.00;0.00;Fiber/Plastic;;2021-04-22;MFL;2021-01-01;;2023-02-22
ROM000006520;;ROU;;;2.18;0.00;0.00;;6.95;0.00;FAR FAR AWAY;737973;3 6567 CT;Constanta;;N;;Y;Y;Y;;;FX;;LLS, LHP, GNS, FPN;51.47;0.00;Fiber/Plastic;;2021-08-24;MFL;2021-01-01;;2024-03-26
ROM000006531;;ROU;;;2.89;0.00;0.00;;9.20;0.00;6599;810121;3 6599 TL;Tulcea;;N;;Y;Y;Y;;;FX;;LLS, GNS, PS;7.20;0.00;Fiber/Plastic;;2021-10-07;MFL;1989-01-01;;
ROM000006533;;ROU;;;0.85;0.00;0.00;;6.42;0.00;6584;1660641;3 6584 CT;Constanta;;Y;;N;Y;Y;;;FX;;GNS, LLS;11.03;0.00;Fiber/Plastic;;2023-03-21;MFL;2014-01-01;;
ROM000006559;;ROU;;;0.84;0.00;0.00;;6.80;0.00;6636;874716;3 6636 CT;Constanta;;Y;;N;Y;Y;;;FX;;GNS, LLS, LHP;4.41;0.00;Fiber/Plastic;;2021-11-17;MFL;2021-01-01;;
ROM000006619;;ROU;;;0.52;0.00;0.00;;5.20;0.00;6716;1895066;3 6716 CT;Constanta;;N;;Y;Y;Y;;;FX;;LLS, SB, LHP;0.00;0.00;Fiber/Plastic;;2022-03-18;MFL;2012-01-01;;
ROM000006622;;ROU;;;1.11;0.00;0.00;;6.30;0.00;6719;4281646;3 6719 CT;Constanta;;N;;Y;Y;Y;;;FX;;GNS, LLS;4.41;0.00;Fiber/Plastic;;2024-09-25;MFL;2021-01-01;;
ROM000006695;;ROU;;;1.15;0.00;0.00;;7.05;0.00;6804;1858131;3 6804 CT;Constanta;;N;;Y;Y;Y;;;FX;;GNS, LLS, FPO;1.91;0.00;Fiber/Plastic;;2022-07-20;MFL;1986-01-01;;
ROM000006700;;ROU;;;0.66;0.00;0.00;;5.00;0.00;SEA ANGEL 3;1301518;3 6801 CT;Constanta;;Y;;N;Y;Y;;;FX;;GNS, LLS;3.68;0.00;Fiber/Plastic;;2022-08-03;MFL;2010-01-01;;
ROM000006711;;ROU;;;1.58;0.00;0.00;;7.22;0.00;6802;1341440;3 6802 CT;Constanta;;Y;;N;Y;Y;;;FX;;GNS, SB, FPO;0.00;0.00;Fiber/Plastic;;2022-08-30;MFL;2008-01-01;;
ROM000006726;;ROU;;;0.68;0.00;0.00;;6.90;0.00;6929;1423562;3 6929 CT;Constanta;;Y;;N;Y;Y;;;FX;;GNS, LHP, FPO;0.00;0.00;Fiber/Plastic;;2022-10-25;MFL;2008-01-01;;
ROM000006753;;ROU;;;0.75;0.00;0.00;;6.40;0.00;6987;1891071;3 6987 CT;Constanta;;N;;Y;Y;Y;;;FX;;LLS, GNS;4.41;0.00;Fiber/Plastic;;2023-01-27;MFL;2010-01-01;;
ROM000006754;;ROU;;;0.68;0.00;0.00;;6.60;0.00;6752;1890966;3 6752 CT;Constanta;;N;;Y;Y;Y;;;FX;;GNS, LLS, LHP;0.00;0.00;Wood;;2023-01-27;MFL;1988-01-01;;2025-03-19
ROM000006755;;ROU;;;0.83;0.00;0.00;;6.79;0.00;6753;1927383;3 6753 CT;Constanta;;N;;Y;Y;Y;;;FX;;GNS, LHP;0.00;0.00;Fiber/Plastic;;2023-01-27;MFL;2008-01-01;;2025-02-20
ROM000006756;;ROU;;;0.90;0.00;0.00;;6.80;0.00;6768;1890916;3 6768 CT;Constanta;;N;;Y;Y;Y;;;FX;;GNS, LHP, LLS;0.00;0.00;Fiber/Plastic;;2023-01-27;MFL;2016-01-01;;2024-10-15
ROM000006786;;ROU;;;1.14;0.00;0.00;;7.48;0.00;7032;1889748;3 7032 CT;Constanta;;N;;Y;Y;Y;;;FX;;GNS, LLS, LHP;0.00;0.00;Fiber/Plastic;;2023-03-22;MFL;1993-01-01;;2024-10-15
ROM000006797;;ROU;;;0.54;0.00;0.00;;5.10;0.00;7047;1691098;3 7047 CT;Constanta;;Y;;N;Y;Y;;;FX;;GNS, FPO, LLS;0.00;0.00;Fiber/Plastic;;2023-04-12;MFL;2004-01-01;;
ROM000006798;;ROU;;;0.87;0.00;0.00;;6.70;0.00;7055;1889697;3 7055 CT;Constanta;;N;;Y;Y;Y;;;FX;;LLS, LHP, FPO;0.00;0.00;Fiber/Plastic;;2023-04-12;MFL;2019-01-01;;2024-10-15
ROM000006850;264163599;ROU;;;35.41;0.00;0.00;;14.90;0.00;LMC FISH 1;1825070;3 7141 CT;Constanta;;Y;YP3599;Y;Y;Y;;;FX;;TBB, PS, GNS, LLS;108.00;0.00;Metal;;2023-10-10;MFL;2017-01-01;;
ROM000006862;;ROU;;;0.50;0.00;0.00;;5.10;0.00;7176;2466990;3 7176 CT;Constanta;;Y;;N;Y;Y;;;FX;;LHP, LLS, FPO;0.00;0.00;Fiber/Plastic;;2023-11-13;MFL;2023-01-01;;
ROM000006873;;ROU;;;3.71;0.00;0.00;;8.00;0.00;PESCARELA;1927407;3 7214 CT;Constanta;;N;;Y;Y;Y;;;FX;;LLS, OTM, LHP, PS, GNS, TBB;5.88;0.00;Fiber/Plastic;;2023-12-18;MFL;2000-01-01;;
ROM000006890;;ROU;;;0.78;0.00;0.00;;5.20;0.00;7228;2190396;3 7228 CT;Constanta;;N;;Y;Y;Y;;;FX;;LLS, SB, FPO;0.00;0.00;Fiber/Plastic;;2024-03-11;MFL;1990-01-01;;
ROM000006901;;ROU;;;0.90;0.00;0.00;;5.65;0.00;7295;2662677;3 7295 TL;Tulcea;;N;;Y;Y;Y;;;FX;;FPN;0.00;0.00;Fiber/Plastic;;2024-04-24;MFL;2007-01-01;;
ROM000006904;;ROU;;;9.23;0.00;0.00;;9.00;0.00;KING OF THE SEA;2808687;3 7294 CT;Constanta;;N;;Y;Y;Y;;;FX;;GNS, LLS, LHP;52.12;0.00;Fiber/Plastic;;2024-05-08;MFL;2020-01-01;;
ROM000006921;264900538;ROU;;;49.31;0.00;0.00;;14.90;0.00;KAMAR;3395243;3 7359 CT;Constanta;;Y;YQBD;Y;Y;Y;;;FX;;TBB, LLS;120.15;0.00;Metal;;2024-07-03;MFL;2013-01-01;;
ROM000006927;;ROU;;;0.69;0.00;0.00;;5.00;0.00;7371;4074023;3 7371 CT;Constanta;;N;;Y;Y;Y;;;FX;;MDV;0.00;0.00;Fiber/Plastic;;2024-07-15;MFL;2012-01-01;;
ROM000006943;;ROU;;;1.11;0.00;0.00;;6.50;0.00;7391;4283203;3 7391 CT;Constanta;;N;;Y;Y;Y;;;FX;;GNS, LLS, LHP;0.00;0.00;Fiber/Plastic;;2024-09-25;MFL;2024-01-01;;
ROM000006964;;ROU;;;0.92;0.00;0.00;;6.10;0.00;7424;4959721;3 7424 CT;Constanta;;N;;Y;Y;Y;;;FX;;GNS, FPO;0.00;0.00;Fiber/Plastic;;2024-11-26;MFL;2023-01-01;;
ROM000007232;;ROU;;;4.46;0.00;0.00;;8.10;0.00;7605;7453272;3 7605 CT;Constanta;;N;;Y;Y;Y;;;FX;;GNS, TBB, LLS;22.00;0.00;Fiber/Plastic;;2025-08-18;MFL;1984-01-01;;
