CFR;MSSI;Country of registration;Administration responsible of registration;Registration on national registry;GT Tonnage;Other tonnage;GTs;Code;LOA;LBP;Name;Registration number;External marking;Registration Place;Status on national registry;Radio;IRCS;VMS;ERS;AIS;UVI;IMO;Vessel Type;Operates at;Fishing gear;Main engine;Power of auxiliary engine;Hull material;Image;Date of entry into service;Segment;Year of construction;Year of destruction;Year of retirement
BEL010322007;;IRL;;;12.40;0.00;0.00;;11.50;0.00;DONNA JULIE II;394;SO394;Sligo;;Y;EIQL8;N;N;N;;;MO;;OTB, FPO, GNS, DRB;93.26;9.60;Fiber/Plastic;;2007-08-20;MFL;2007-01-01;;
BEL010871987;;IRL;;;68.00;0.00;0.00;;20.06;0.00;SEAN ANTHONY;628;S628;Skibbereen;;Y;EIND4;Y;Y;Y;;;TO;;TBB, NK;221.00;0.00;Metal;;1987-01-01;MFL;1986-01-01;2017-07-11;
BEL015181969;;IRL;;;136.00;0.00;0.00;;24.80;0.00;KAREN ANN;118;WD118;;;Y;EI5539;Y;Y;Y;;;MO;;DRB, NK;390.00;0.00;Metal;;1969-01-01;MFL;1969-01-01;2005-12-06;
BEL030341988;;IRL;;;68.00;0.00;0.00;;20.04;0.00;JOHNNY K;34;WD34;Wexford;;Y;EI2492;Y;Y;Y;8586359;;TO;;DRB, OTB, TBB;221.00;0.00;Metal;;1988-11-28;MFL;1988-01-01;;2019-10-22
BEL030471980;;IRL;;;187.00;0.00;0.00;;27.55;0.00;SATURNUS;47;WD47;Wexford;;Y;EI8999;Y;Y;Y;7902441;;TO;;DRB, NK;524.00;0.00;Fiber/Plastic;;1998-10-07;MFL;1980-01-01;;
BEL030501982;;IRL;;;238.00;0.00;0.00;;35.00;0.00;SEA QUEEN;244;W244;;;Y;EITC;Y;Y;Y;;;TO;;DRB, NK;883.00;0.00;Metal;;1982-06-01;MFL;1982-01-01;2006-03-22;
BEL034621968;;IRL;;;145.00;0.00;0.00;;30.20;0.00;MARTINA EILIS;181;WD181;;;Y;EI5608;Y;Y;Y;;;DO;;DRB, NK;662.00;0.00;Metal;;1968-01-01;MFL;1968-01-01;2006-03-22;
BEL040031974;;IRL;;;183.00;0.00;57.00;;27.30;0.00;FLEETWOOD LADY;374;D374;;;Y;EI2602;Y;Y;Y;;;TO;;OTB, NK;331.00;0.00;Metal;;1974-01-01;MFL;1974-01-01;;2017-09-08
DEU302580203;;IRL;;;198.00;0.00;0.00;;29.67;0.00;KATHLEEN K;29;WD29;;;Y;EI5697;Y;Y;Y;;;DO;;DRB, NK;722.00;0.00;Metal;;1971-01-01;MFL;1971-01-01;2005-12-13;
DEU302620207;;IRL;;;154.00;0.00;0.00;;23.99;0.00;LADY LU;86;WD86;Wexford;;Y;EITI9;Y;Y;Y;9107617;;DO;;DRB, NK;221.00;0.00;Metal;;1994-07-24;MFL;1994-01-01;;
DEU400710101;;IRL;;;130.00;0.00;0.00;;24.26;0.00;RESOLUTION II;178;D178;Dublin;;Y;EI4829;Y;Y;Y;;;TO;;FPO, NK;254.00;0.00;Metal;;1974-01-01;MFL;1964-01-01;2013-03-13;
DEU401220101;;IRL;;;196.00;0.00;0.00;;28.05;0.00;MARY KATE;30;WD30;Wexford;;Y;EIDY9;Y;Y;Y;;;TO;;TBB, OTB;221.00;0.00;Metal;;1992-01-01;MFL;1992-01-01;2023-02-07;
DEU401260101;;IRL;;;145.00;0.00;0.00;;23.90;0.00;RACKARD;11;WD11;Wexford;;Y;EIA2151;Y;Y;Y;9056129;;DO;;DRB, NK;324.00;0.00;Metal;;1992-01-01;MFL;1992-01-01;;
DEU401270101;;IRL;;;159.00;0.00;0.00;;23.90;0.00;BOOLAVOGUE;98;WD98;Wexford;;Y;EIA2177;Y;Y;Y;9056131;;TO;;OTB, OTM;324.00;0.00;Metal;;1995-05-15;MFL;1995-01-01;;
DEU500310102;;IRL;;;134.00;0.00;0.00;;33.10;0.00;EDE CUNZE;323A;WD323A;Wexford;;Y;EIUA6;Y;N;Y;8404848;;DO;;DRB, NK;292.00;0.00;Metal;;1984-01-01;AQU;1984-01-01;;
DEU500830113;;IRL;;;186.00;0.00;0.00;;36.00;0.00;EX MARE GRATIA;182A;DA182A;Drogheda;;Y;EIVR2;Y;N;Y;8702094;;DO;;DRB, NK;383.00;0.00;Metal;;1987-01-01;AQU;1986-01-01;;
DNK000003296;;IRL;;;215.00;0.00;0.00;;26.27;0.00;ANDERS NEES;626;S626;Skibbereen;;Y;EINC6;Y;Y;Y;8108626;;TO;;OTB, SDN;423.00;0.00;Metal;;1982-01-01;MFL;1981-01-01;2023-06-28;
DNK000011569;;IRL;;;170.00;0.00;0.00;;25.45;0.00;MIANDA;70;DA70;Drogheda;;Y;EI8697;Y;Y;Y;8802569;;TO;;OTB, NK;180.00;0.00;Metal;;2006-01-01;MFL;1987-01-01;;
DNK000029627;;IRL;;;139.00;0.00;0.00;;23.95;0.00;WILLIE JOE;74;WD74;Wexford;;Y;EIEI3;Y;Y;Y;9152686;;DO;;DRB, NK;220.00;85.00;Metal;;1997-06-01;MFL;1997-01-01;;
DNK000032067;;IRL;;;1198.00;0.00;0.00;;55.95;0.00;VERONICA;95;D95;Dublin;;Y;EIJC3;Y;Y;Y;9202455;;TT;;OTM, NK;3840.00;1014.00;Metal;;2000-01-01;MFL;2000-01-01;;
ESP000022941;;IRL;;;279.00;0.00;0.00;;33.50;0.00;PLAYA DE TUYA;285;SO285;;;Y;EIIV7;Y;N;N;9108013;;FX;;OTB, NK;361.00;250.00;Metal;;1994-07-01;MFL;1994-01-01;;2014-04-22
ESP000023281;;IRL;;;418.00;0.00;0.00;;39.40;0.00;MYRDOMA F;532;T532;Finland;;Y;EI8810;Y;Y;Y;;;FX;;OTB, PTM;1065.00;192.00;Metal;;1996-01-01;MFL;1996-01-01;;2010-08-12
ESP000023821;;IRL;;;338.00;0.00;0.00;;34.50;0.00;DUNBOY;418;C418;Cork;;Y;EIGS4;Y;Y;Y;9147564;;TO;;LLS, OTB, LLD;735.00;535.00;Metal;;1998-04-01;MFL;1998-01-01;;
FIN000101242;;IRL;;;816.00;0.00;0.00;;49.70;0.00;MENHADEN;135;S135;Skibbereen;;Y;EIVT;Y;Y;Y;9189330;;TO;;PTM, OTM;895.00;0.00;Metal;;1999-06-15;MFL;1999-01-01;;
FRA000265438;;IRL;;;110.00;0.00;0.00;;18.17;0.00;GALOPIN II;33;DA33;;;Y;EI6054;Y;Y;Y;;;TO;;GND, NK;461.50;0.00;Metal;;1975-06-01;MFL;1975-01-01;2008-09-16;
FRA000317605;;IRL;;;97.00;0.00;0.00;;20.45;0.00;LE DOLMEN;69;DA69;Drogheda;;Y;EI8578;Y;Y;Y;8557683;;TO;;OTB, NK;309.00;0.00;Fiber/Plastic;;1975-01-01;MFL;1975-01-01;2023-04-06;
FRA000463234;;IRL;;;120.00;0.00;0.00;;20.50;0.00;SANCTA MARIA I;29;DA29;;;Y;EI6274;Y;N;N;8662141;;FX;;OTM, NK;336.00;0.00;Metal;;1980-01-01;MFL;1979-01-01;;2011-10-28
FRA000463879;;IRL;;;61.00;0.00;0.00;;16.01;0.00;GIOLLA NA MARA;972;SO972;;;Y;EI7368;Y;Y;Y;;;FX;;GND, NK;316.00;0.00;Fiber/Plastic;;1981-06-01;MFL;1981-01-01;;2007-12-21
FRA000463928;;IRL;;;95.00;0.00;0.00;;20.48;0.00;LA TROUBADOUR;36;DA36;;;Y;EI7061;Y;Y;Y;;;TO;;FPO, NK;261.00;0.00;Metal;;1981-06-01;MFL;1981-01-01;2008-09-26;
FRA000463943;;IRL;;;120.00;0.00;0.00;;20.50;0.00;BOY JOHN;3;DA3;;;Y;EI7524;Y;Y;Y;;;TO;;OTB, NK;447.00;40.00;Metal;;1980-10-22;MFL;1980-01-01;;2017-01-04
FRA000492696;;IRL;;;44.00;0.00;0.00;;17.04;0.00;BONNE CHANCE;434;S434;Skibbereen;;Y;EI6880;Y;Y;Y;8577190;;TO;;OTB, NK;228.00;0.00;Metal;;1982-01-30;MFL;1980-01-01;2023-05-24;
FRA000506967;;IRL;;;172.00;0.00;0.00;;24.95;0.00;FRAGRANT CLOUD;48;DA48;Drogheda;;Y;EI2495;Y;Y;Y;8319809;;MO;;OTM, NK;324.00;0.00;Fiber/Plastic;;1984-06-20;MFL;1984-01-01;;
FRA000514575;;IRL;;;85.00;0.00;0.00;;19.25;0.00;MEN-SCOEDEC;700;S700;Skibbereen;;Y;EIBG8;Y;Y;Y;8580185;;TO;;GNS, FPO;96.00;0.00;Metal;;1982-12-19;MFL;1982-06-01;;
FRA000514596;;IRL;;;31.20;0.00;0.00;;14.99;0.00;EDELWEISS;447;S447;Skibbereen;;Y;EI8471;Y;Y;N;8586567;;TO;;OTB, OTM;220.00;0.00;Fiber/Plastic;;1982-01-01;MFL;1982-01-01;;
FRA000531363;;IRL;;;94.00;0.00;0.00;;20.50;0.00;THE BOY CONOR;895;SO895;Sligo;;Y;EI7478;Y;Y;Y;8581000;;TO;;OTB, NK;272.33;0.00;Metal;;1981-01-01;MFL;1981-01-01;;
FRA000546676;;IRL;;;79.00;0.00;0.00;;19.20;0.00;JENNY M;325;C325;Cork;;Y;EIBN6;Y;Y;Y;8558508;;GO;;FPO, OTB, GND;298.44;104.00;Metal;;1982-02-01;MFL;1981-01-01;;
FRA000555235;;IRL;;;55.00;0.00;0.00;;16.89;0.00;EMERALD SHORE;137;DA137;Drogheda;;Y;EIWG4;Y;Y;Y;8576768;;TO;;OTB, NK;269.00;0.00;Metal;;1982-10-07;MFL;1982-01-01;;
FRA000555240;;IRL;;;130.00;0.00;0.00;;23.48;0.00;CAOIMHUALA;486;S486;;;Y;EI6742;Y;Y;Y;;;TO;;GND, NK;360.00;0.00;Metal;;1984-08-21;MFL;1983-01-01;2009-06-22;
FRA000555504;;IRL;;;117.00;0.00;0.00;;20.30;0.00;KRISTEL PATRICK;511;S511;Skibbereen;;Y;EICH5;Y;Y;Y;9098050;;TO;;OTM, GNS;368.00;0.00;Metal;;1984-01-01;MFL;1984-01-01;;
FRA000555508;;IRL;;;110.00;0.00;0.00;;20.40;0.00;JERH O'D;57;S57;Skibbereen;;Y;EICX6;Y;Y;Y;8650980;;TO;;OTM, GNS, SSC, OTB;324.00;0.00;Metal;;1984-03-01;MFL;1984-01-01;;
FRA000555516;;IRL;;;62.00;0.00;0.00;;16.94;0.00;CHALLENGER;885;G885;Galway;;Y;EITL3;Y;Y;Y;8558118;;TO;;OTB, OTM;298.00;0.00;Metal;;1983-01-01;MFL;1983-01-01;;
FRA000562119;;IRL;;;100.00;0.00;0.00;;20.00;0.00;PERE CHARLES;34;DA34;;;Y;EI8384;Y;Y;Y;;;MO;;DRB, OTM;336.00;0.00;Metal;;2001-08-10;MFL;1982-01-01;2007-01-10;
FRA000584767;;IRL;;;163.00;0.00;0.00;;23.40;0.00;VIRTUOUS;80;S80;Skibbereen;;Y;EIDC6;Y;Y;Y;8502339;;TO;;OTB, LHP, OTM;400.00;0.00;Metal;;1984-12-03;MFL;1984-01-01;;
FRA000584826;;IRL;;;156.00;0.00;0.00;;22.90;0.00;OCEAN HARVESTER II;688;G688;Galway;;Y;EIDI4;Y;Y;Y;9098189;;TO;;OTB, NK;400.00;0.00;Metal;;1986-01-01;MFL;1986-01-01;;
FRA000584850;;IRL;;;163.00;0.00;0.00;;23.40;0.00;COURAGEOUS;18;DA18;Drogheda;;Y;EIGP4;Y;Y;Y;8705175;;TO;;OTB, NK;399.00;60.00;Metal;;1986-09-22;MFL;1986-01-01;;
FRA000585033;;IRL;;;103.00;0.00;0.00;;20.40;0.00;HANNAH J;483;S483;Skibbereen;;Y;EI8715;Y;Y;Y;9068598;;TO;;OTM, OTB;360.00;0.00;Metal;;1990-01-01;MFL;1990-01-01;;
FRA000590122;;IRL;;;159.00;0.00;0.00;;25.22;0.00;DEVOTION;59;DA59;Drogheda;;Y;EI7060;Y;Y;Y;8319811;;TO;;OTM, OTB;403.00;0.00;Metal;;2004-01-30;MFL;1984-01-01;;
FRA000601012;;IRL;;;71.00;0.00;0.00;;18.39;0.00;RENAISSANCE;89;DA89;Drogheda;;Y;EI8111;Y;Y;Y;;;TO;;OTB, OTM;169.00;22.38;Metal;;1990-04-06;MFL;1984-06-01;;
FRA000623068;;IRL;;;88.00;0.00;0.00;;20.40;0.00;CELTIC VENTURE;5;DA5;Drogheda;;Y;EI6720;Y;Y;Y;;;LL;;OTM, HMD, PS;300.00;0.00;Metal;;1986-01-01;MFL;1986-01-01;;
FRA000627917;;IRL;;;157.00;0.00;0.00;;24.02;0.00;CELTIC ORIEL;5;DA5;Drogheda;;Y;EIUX6;Y;Y;Y;8705163;;TO;;OTB, OTM, SPR;515.00;0.00;Metal;;1986-10-07;MFL;1985-12-18;2023-05-08;
FRA000639852;;IRL;;;186.00;0.00;0.00;;24.95;0.00;ROSE OF SHARON II;70;S70;Skibbereen;;Y;EIEJ7;Y;Y;Y;8910184;;TO;;OTM, NK;435.00;0.00;Metal;;1990-07-01;MFL;1990-01-01;;
FRA000642408;;IRL;;;100.00;0.00;0.00;;19.92;0.00;ADRIANNE;401;C401;Cork;;Y;EIGX7;Y;Y;Y;9761968;;TO;;OTM, OTB;250.00;0.00;Metal;;1989-01-01;MFL;1985-01-01;;
FRA000642589;;IRL;;;94.00;0.00;0.00;;22.03;0.00;ADVENTURER;391;C391;Cork;;Y;EICC9;Y;Y;Y;9095670;;TO;;GNS, OTM, OTB;450.00;0.00;Metal;;1987-01-01;MFL;1987-01-01;;
FRA000642590;;IRL;;;119.00;0.00;0.00;;22.05;0.00;SYRACUSE;41;DA41;Drogheda;;Y;EI7600;Y;Y;Y;8651013;;TO;;OTB, GND, PTM, OTT, GNS, OTM;392.00;0.00;Metal;;1987-06-01;MFL;1987-01-01;2023-07-18;
FRA000642962;;IRL;;;68.00;0.00;0.00;;16.81;0.00;KALICOBA;692;S692;Skibbereen;;Y;EIUY5;Y;Y;Y;8584911;;GO;;GNS, FPO, LHP;150.00;0.00;Metal;;1989-05-05;MFL;1988-01-01;;
FRA000644529;;IRL;;;130.00;0.00;0.00;;22.40;0.00;AMBITIOUS;62;DA62;;;Y;EI5232;Y;Y;Y;;;MO;;OTM, NK;526.00;0.00;Metal;;1986-01-01;MFL;1986-01-01;;2016-01-04
FRA000644732;;IRL;;;106.00;0.00;0.00;;20.40;0.00;CELTIC CROSS;10;DA10;Drogheda;;Y;EIAZ5;Y;Y;Y;;;LL;;OTM, PTB;324.00;0.00;Metal;;1986-01-01;MFL;1986-01-01;;
FRA000644742;;IRL;;;179.00;0.00;0.00;;24.40;0.00;CLODAGH O;343;S343;Skibbereen;;Y;EI5790;Y;Y;Y;8806759;;TO;;OTB, GTR, PTB, GNS, PTM, OTM;492.00;0.00;Metal;;1987-01-01;MFL;1987-01-01;;
FRA000644743;;IRL;;;128.00;0.00;0.00;;23.00;0.00;A LA GARDE DE DIEU;278;W278;Waterford;;Y;EICU3;Y;Y;Y;9095187;;TO;;OTM, NK;405.00;0.00;Metal;;1986-01-01;MFL;1986-01-01;;
FRA000655492;;IRL;;;55.00;0.00;0.00;;15.30;0.00;LAETITIA;15;D15;Dublin;;Y;EI5901;Y;Y;Y;8558259;;TO;;DRB, GNS, PTB, PTM, GND, OTM;273.00;0.00;Metal;;1986-01-01;MFL;1986-01-01;;
FRA000681170;;IRL;;;18.28;0.00;0.00;;11.87;0.00;CLAUD EDITH;237;WD237;Wexford;;Y;EIA2956;N;N;N;;;MO;;FPO, GNS, LHP, OTM, OTB, DRB;82.00;0.00;Aluminium;;1985-01-01;MFL;1985-01-01;;
FRA000683110;;IRL;;;159.00;0.00;0.00;;24.00;0.00;VERLAINE;5;WD5;Wexford;;Y;EIPQ8;Y;Y;Y;8705204;;TO;;OTB, OTM;478.00;40.00;Metal;;1986-01-01;MFL;1986-01-01;;
FRA000683191;;IRL;;;181.00;0.00;0.00;;24.40;0.00;SAINT CLAIR;811;SO811;Sligo;;Y;EINQ3;Y;Y;Y;8806773;;TO;;OTB, OTM;515.00;0.00;Metal;;1986-12-31;MFL;1986-01-01;2023-06-23;
FRA000683436;;IRL;;;94.00;0.00;0.00;;22.55;0.00;SEAN MAIR II;352;C352;Cork;;Y;EI8168;Y;Y;Y;;;TO;;OTB, NK;331.00;0.00;Metal;;1998-01-01;MFL;1987-01-01;;
FRA000683437;;IRL;;;137.00;0.00;0.00;;22.40;0.00;KERIOLET;550;S550;Skibbereen;;Y;EIIF9;Y;Y;Y;8736760;;TO;;OTB, NK;456.00;40.00;Metal;;1989-01-01;MFL;1987-01-01;;
FRA000683737;;IRL;;;147.00;0.00;0.00;;22.40;0.00;CELTIC CHIEFTAIN;2;DA2;Drogheda;;Y;EINO2;Y;Y;Y;9761750;;TO;;SPR, OTB, DRM;324.00;0.00;Metal;;1989-01-31;MFL;1988-01-01;2023-05-08;
FRA000686632;;IRL;;;115.00;0.00;0.00;;20.26;0.00;MONICA II;275;S275;Skibbereen;;Y;EILT6;Y;Y;Y;8657902;;TO;;OTB, NK;331.00;0.00;Metal;;1989-06-06;MFL;1988-01-01;2023-02-20;
FRA000686912;;IRL;;;117.00;0.00;0.00;;20.26;0.00;DEVER AR MOR;425;C425;Cork;;Y;EIOE2;Y;Y;Y;8229509;;TO;;GNS, LHM, GND, OTB;375.00;0.00;Metal;;1989-11-01;MFL;1989-01-01;2023-07-05;
FRA000691725;;IRL;;;87.00;0.00;0.00;;17.97;0.00;ELSIE MARIA II;114;T114;Tralee;;Y;EI8827;Y;Y;Y;;;GO;;GNS, FPO;201.00;0.00;Metal;;1987-01-01;MFL;1987-01-01;;
FRA000707800;;IRL;;;123.00;0.00;0.00;;21.06;0.00;TIT BONHOMME;331;C331;Cork;;Y;EI7050;Y;Y;Y;;;TO;;OTM, OTB;448.00;0.00;Metal;;1988-01-01;MFL;1988-01-01;2014-08-27;
FRA000711426;;IRL;;;1.96;0.00;0.00;;6.13;0.00;JOSHUA;77A;T77A;Finland;;Y;EI8508;N;N;N;;;DO;;DRB, NK;44.10;0.00;Aluminium;;1988-01-01;AQU;1988-01-01;;2014-12-05
FRA000711723;;IRL;;;180.00;0.00;0.00;;24.90;0.00;SAINT ROSA;711;SO711;Sligo;;Y;EIRE6;Y;Y;Y;9068859;;TO;;OTB, NK;559.00;0.00;Metal;;1989-01-25;MFL;1989-01-01;2023-06-23;
FRA000715681;;IRL;;;101.00;0.00;0.00;;22.00;0.00;EBLANA;379;D379;Dublin;;Y;EI2241;Y;Y;Y;9089243;;MO;;OTM, OTB;442.00;51.00;Metal;;1997-04-22;MFL;1988-01-01;;
FRA000719744;;IRL;;;90.00;0.00;0.00;;17.83;0.00;L'OURS DES MERS;532;S532;Skibbereen;;Y;EIFB2;Y;Y;Y;8578443;;TO;;GNS, OTM, OTB;250.00;0.00;Fiber/Plastic;;1990-06-01;MFL;1990-01-01;;2025-01-29
FRA000721890;;IRL;;;121.00;0.00;0.00;;21.00;0.00;MATER DEI;66;DA66;;;Y;EI8343;Y;N;N;9095175;;FX;;OTB, NK;423.00;0.00;Metal;;2005-01-01;MFL;1990-01-01;;2015-11-10
FRA000722229;;IRL;;;114.00;0.00;0.00;;19.50;0.00;NAUSICAA;63;DA63;Drogheda;;Y;EI3671;Y;Y;Y;8650954;;TO;;OTB, SSC, SDN, OTM, GNS;316.00;0.00;Metal;;1989-01-01;MFL;1989-01-01;;
FRA000724757;;IRL;;;140.00;0.00;0.00;;22.50;0.00;ALMA AMY;271;W271;Waterford;;Y;EIBD6;Y;Y;Y;9032501;;TO;;OTM, OTB, GNS, LHP;406.00;0.00;Metal;;1992-06-01;MFL;1992-03-12;;
FRA000726662;;IRL;;;160.00;0.00;0.00;;24.40;0.00;MARANELLO;95;S95;Skibbereen;;Y;EISB8;Y;Y;Y;8818609;;TO;;OTB, NK;331.00;0.00;Metal;;1989-02-27;MFL;1988-01-01;;
FRA000730400;;IRL;;;94.00;0.00;0.00;;22.00;0.00;WESTERN VENTURE;335;C335;Cork;;Y;EI7657;Y;Y;Y;9089310;;TO;;OTB, GNS, OTM;450.00;0.00;Metal;;1990-01-01;MFL;1989-01-01;;
FRA000730722;;IRL;;;150.00;0.00;0.00;;23.00;0.00;DEARBHLA;55;DA55;Drogheda;;Y;EIDT5;Y;Y;Y;9008457;;TO;;OTB, NK;405.00;80.00;Metal;;1992-01-01;MFL;1992-01-01;2023-06-01;
FRA000730806;;IRL;;;109.00;0.00;0.00;;20.60;0.00;CONQUEST;340;S340;Skibbereen;;Y;EIBQ2;Y;Y;Y;9092381;;TO;;OTM, FPO, SX, OTB, GNS;354.00;0.00;Metal;;1990-01-01;MFL;1990-01-01;2023-04-03;
FRA000734548;;IRL;;;163.00;0.00;0.00;;24.00;0.00;MARGARET KATIE;689;S689;Skibbereen;;Y;EI2896;Y;Y;Y;8712532;;SO;;OTM, SPR, SSC, OTB;442.00;0.00;Metal;;1988-12-08;MFL;1987-01-01;;
FRA000734550;;IRL;;;163.00;0.00;0.00;;24.44;0.00;MARIA MAGDALENA III;482;G482;Galway;;Y;EI6674;Y;Y;Y;8847210;;TO;;OTB, NK;453.00;0.00;Metal;;1988-01-01;MFL;1988-01-01;;
FRA000734552;;IRL;;;165.00;0.00;0.00;;24.40;0.00;SAINT JOSSE;2;WD2;Wexford;;Y;EI6123;Y;Y;Y;8847208;;TO;;OTB, SDN;526.00;50.00;Metal;;1988-01-01;MFL;1988-01-01;;
FRA000734689;;IRL;;;153.00;0.00;0.00;;24.00;0.00;ST JEAN BAPTISTE;25;WD25;Wexford;;Y;EIQS2;Y;Y;Y;8712556;;TO;;OTB, NK;441.00;0.00;Metal;;1988-01-01;MFL;1988-01-01;;
FRA000734909;;IRL;;;141.00;0.00;0.00;;22.40;0.00;VIERGE MARIE;32;DA32;Drogheda;;Y;EI8467;Y;Y;Y;8847179;;TO;;OTB, NK;442.00;0.00;Metal;;1998-01-01;MFL;1988-01-01;;2018-12-06
FRA000734994;;IRL;;;135.00;0.00;0.00;;23.00;0.00;MARGARET MARY;56;DA56;Drogheda;;Y;EI2734;Y;Y;Y;9008433;;TO;;OTB, NK;324.00;55.96;Metal;;1989-12-14;MFL;1989-01-01;;
FRA000734995;;IRL;;;164.00;0.00;0.00;;24.40;0.00;OCEAN REAPER II;41;S41;;;Y;EI6431;Y;Y;Y;;;TO;;GND, PS;469.00;0.00;Metal;;1989-06-01;MFL;1989-01-01;;2007-12-19
FRA000735032;;IRL;;;153.00;0.00;0.00;;24.00;0.00;SAUVEUR DU MONDE;28;WD28;Wexford;;Y;EISB9;Y;Y;Y;9010747;;TO;;OTB, OTM;447.00;0.00;Metal;;1990-06-10;MFL;1990-01-01;;
FRA000735100;;IRL;;;151.00;0.00;0.00;;24.00;0.00;SAINTE MARIE DE LA MER;690;S690;Skibbereen;;Y;EIUN4;Y;Y;Y;9010759;;TO;;OTB, OTM;447.00;0.00;Metal;;1991-01-01;MFL;1989-01-01;;
FRA000752690;;IRL;;;102.00;0.00;0.00;;22.03;0.00;BRIAN EOIN;482;S482;Skibbereen;;Y;EI8869;Y;Y;Y;9027087;;TO;;OTM, DRB, OTB;330.00;0.00;Metal;;1989-01-01;MFL;1989-01-01;;
FRA000753310;;IRL;;;89.00;0.00;0.00;;18.00;0.00;TERESA MAE;253;T253;Tralee;;Y;EICX4;Y;Y;Y;8575958;;MO;;GNS, LHP, OTB, OTM;233.00;0.00;Metal;;1990-11-06;MFL;1990-01-01;;
FRA000753357;;IRL;;;138.00;0.00;0.00;;21.00;0.00;PRIMROSE;93;DA93;Drogheda;;Y;EIFB9;Y;Y;Y;8650978;;TO;;OTB, GNS, OTM, FPO;316.30;0.00;Metal;;1991-05-13;MFL;1991-01-01;2023-06-23;
FRA000767148;;IRL;;;148.00;0.00;0.00;;22.46;0.00;BREIZH ARVOR II;436;C436;Cork;;Y;EIRX3;Y;Y;Y;8228921;;TO;;OTB, OTM;324.00;0.00;Metal;;1991-01-02;MFL;1991-01-01;;
FRA000775449;;IRL;;;6.64;0.00;0.00;;9.78;0.00;ELLIE MARIE;331;WD331;Tralee;;Y;EIPK9;N;N;N;;;MO;;FPO, GNS, LHP;74.60;0.00;Fiber/Plastic;;1990-01-01;MFL;1989-01-01;;
FRA000785320;;IRL;;;172.00;0.00;0.00;;24.90;0.00;CELTIC WARRIOR II;8;DA8;Drogheda;;Y;EILM4;Y;Y;Y;9010773;;TO;;OTB, DRM, PS;370.00;0.00;Metal;;1991-01-01;MFL;1990-01-01;2023-05-08;
FRA000788027;;IRL;;;153.00;0.00;0.00;;22.50;0.00;AMADEUS;324;C324;Cork;;Y;EI6213;Y;Y;Y;8973150;;TO;;SPR, OTM, LHP, GNS, OTB, SSC;442.00;40.00;Metal;;1992-01-30;MFL;1991-01-01;2023-04-19;
FRA000818453;;IRL;;;156.00;0.00;0.00;;23.40;21.10;MELISANDRE;143;DA143;Drogheda;;Y;EIUP7;Y;Y;Y;9134074;;TO;;OTB, NK;401.00;0.00;Metal;;1996-03-13;MFL;1996-01-01;;
FRA000844606;;IRL;;;92.00;0.00;0.00;;17.00;0.00;COPIOUS;202;W202;Waterford;;Y;EI8378;Y;Y;Y;8794669;;MO;;PS, OTB, FPO, GNS, OTM, OTT;308.00;0.00;Metal;;1995-01-01;MFL;1995-01-01;2023-02-20;
FRA000898407;;IRL;;;168.00;0.00;0.00;;23.40;0.00;AILBHE ROSE;7;S7;Skibbereen;;Y;EINZ7;Y;Y;Y;8663432;;TO;;OTB, OTM;442.00;0.00;Metal;;2000-01-01;MFL;2000-01-01;;
FRA000899837;;IRL;;;143.00;0.00;0.00;;22.50;0.00;SANCTA MARIA III;40;DA40;Drogheda;;Y;EIOV9;Y;Y;Y;9761712;;TO;;OTB, NK;460.00;80.00;Metal;;2000-01-01;MFL;1999-01-01;;
FRA000907899;;IRL;;;181.00;0.00;0.00;;24.65;24.64;AMADEUS;324;C324;Cork;;Y;EIA2574;Y;Y;Y;9099511;;TO;;OTB, OTM;442.00;0.00;Metal;;2003-01-24;MFL;2002-01-01;;
FRA000907972;;IRL;;;184.00;0.00;0.00;;25.15;0.00;ATLANTIC ROSE;71;S71;Skibbereen;;Y;EIXR3;Y;Y;Y;9417610;;TO;;OTB, OTM;552.00;0.00;Metal;;2006-10-11;MFL;2006-01-01;;
FRA000925600;;IRL;;;153.00;0.00;0.00;;22.50;0.00;AVE MARIA II;126;DA126;Drogheda;;Y;EIRB4;Y;Y;Y;9417608;;TO;;OTM, PTB;526.00;106.00;Metal;;2006-04-12;MFL;2006-01-01;;
FRA000925606;;IRL;;;186.00;0.00;0.00;;24.40;0.00;SAINTE CATHERINE LABOURE;54;DA54;Drogheda;;Y;EIPL5;Y;Y;Y;9095321;;TO;;OTB, NK;442.00;0.00;Aluminium;;2006-01-01;MFL;2006-01-01;2025-01-20;
GBR00000M134;;IRL;;;104.00;0.00;0.00;;24.28;0.00;SUZANNA G;253;W253;;;Y;EI2229;Y;Y;Y;;;TO;;SPR, NK;372.00;0.00;Other;;1999-07-02;MFL;1966-01-01;2008-10-28;
GBR00000M136;;IRL;;;5.98;0.00;0.00;;9.56;0.00;ORCA;312;WD312;Wexford;;Y;EIRV5;N;N;N;;;MO;;GNS, DRB, LHP, FPO;54.00;0.00;Fiber/Plastic;;2016-06-30;MFL;2000-01-01;;
GBR00000M155;;IRL;;;4.70;0.00;0.00;;8.98;0.00;ELENA ROSE;280;S280;Skibbereen;;Y;EITK3;N;N;N;;;MO;;GNS, FPO, LHP;62.50;0.00;Fiber/Plastic;;2005-01-01;MFL;2003-01-01;;2025-04-02
GBR000037690;;IRL;;;14.05;0.00;0.00;;11.86;0.00;SHANIC SIOBH;72;DA72;Drogheda;;Y;EIEI4;N;N;N;;;MO;;OTB, OTM, FPO, DRB, LHP, DRM;52.00;0.00;Metal;;1989-01-01;MFL;1978-01-01;;
GBR000341649;;IRL;;;26.90;0.00;0.00;;14.50;0.00;KELLY;668;D668;;;Y;EI5597;N;Y;N;;;PO;;DRB, NK;134.00;0.00;Wood;;1989-01-01;MFL;1952-01-01;;2006-11-08
GBR000A10015;;IRL;;;4.14;0.00;0.00;;8.56;0.00;DANCING QUEEN;659;SO659;Sligo;;Y;EI2698;N;N;N;;;MO;;GNS, LHP, FPO;30.90;0.00;Fiber/Plastic;;1989-01-01;MFL;1984-01-01;;
GBR000A10178;;IRL;;;20.25;0.00;0.00;;11.96;0.00;TELSTAR;400;D400;;;Y;EI3055;N;N;N;;;MO;;FPO, GNS;82.00;0.00;Wood;;1989-01-01;MFL;1962-01-01;;2017-02-15
GBR000A10230;;IRL;;;66.00;0.00;0.00;;19.23;0.00;PARAIC SEOSAMH;194;WD194;;;Y;EIAC5;Y;Y;Y;;;TO;;OTM, OTB;236.58;0.00;Wood;;1989-01-01;MFL;1975-01-01;;2015-12-22
GBR000A10241;;IRL;;;11.89;0.00;0.00;;11.00;0.00;INTREPID;91;DA91;Drogheda;;Y;EIEO5;N;N;N;;;DO;;DRB, DRM;57.00;0.00;Metal;;1989-08-02;MFL;1980-01-01;;2021-10-21
GBR000A10267;;IRL;;;12.42;0.00;0.00;;10.94;0.00;NORTHERN LIGHTS;506;G506;Galway;;Y;EI7143;N;N;N;;;MO;;GND, FPO;95.00;0.00;Fiber/Plastic;;2005-07-01;MFL;1983-01-01;;
GBR000A10273;;IRL;;;147.00;0.00;0.00;;21.32;0.00;OWENIE PADRAIG;611;S611;Skibbereen;;Y;EIMJ3;Y;Y;Y;8317631;;SO;;SSC, NK;410.00;198.00;Metal;;1989-03-09;MFL;1984-01-01;;
GBR000A10425;;IRL;;;10.89;0.00;0.00;;9.98;0.00;VIKING;218;DK218;Dundalk;;Y;EIOW3;N;N;N;;;MO;;DRB, NK;93.00;0.00;Metal;;1987-06-24;MFL;1987-01-01;;
GBR000A10469;;IRL;;;11.70;0.00;0.00;;10.88;0.00;VITAL SPARK;239;W239;;;N;;N;N;N;;;MO;;DRB, NK;90.00;0.00;Metal;;2001-01-01;MFL;1984-01-01;;2006-05-22
GBR000A10539;;IRL;;;8.01;0.00;0.00;;11.73;0.00;GEM I;210;WT210;Westport;;Y;EI2819;N;N;N;;;MO;;FPO, LHP, OTM, GNS;53.72;0.00;Metal;;1986-09-17;MFL;1986-01-01;;
GBR000A10556;;IRL;;;176.00;0.00;0.00;;23.65;0.00;ATLANTIC FISHER;116;T116;Tralee;;Y;EI6277;Y;Y;Y;8783634;;MO;;GND, GNS;309.59;0.00;Wood;;1988-10-01;MFL;1987-03-03;2023-05-19;
GBR000A10640;;IRL;;;126.00;0.00;0.00;;22.55;0.00;IOLAIR;500;G500;Galway;;Y;EI7522;Y;Y;Y;8335059;;MO;;OTM, NK;351.00;0.00;Metal;;2002-10-10;MFL;1974-01-01;;2018-10-30
GBR000A10641;;IRL;;;185.00;0.00;0.00;;22.86;0.00;SOLAN;228;S228;;;Y;EI5085;Y;Y;Y;;;TO;;GND, OTM;346.94;0.00;Wood;;1989-01-01;MFL;1984-01-01;2005-12-09;
GBR000A10675;;IRL;;;137.00;0.00;0.00;;23.85;0.00;CARONIA II;297;W297;Waterford;;Y;EI3443;Y;Y;Y;8006440;;TO;;PS, NK;413.00;142.00;Metal;;1989-01-01;MFL;1981-01-01;;
GBR000A10685;;IRL;;;71.00;0.00;0.00;;17.14;0.00;LAURALENA;262;S262;Skibbereen;;Y;EI5893;Y;Y;Y;8550439;;TO;;GNS, LLS, OTB, GTR;276.00;0.00;Metal;;1989-01-01;MFL;1978-01-01;;2023-07-12
GBR000A10765;;IRL;;;95.00;0.00;0.00;;20.81;0.00;ARGENT;22;DA22;Drogheda;;Y;EI5763;Y;N;N;;;TO;;GND, NK;253.00;0.00;Wood;;1975-08-07;MFL;1975-01-01;;
GBR000A10817;;IRL;;;470.00;0.00;0.00;;41.10;0.00;EX WESTWARD ISLE;185;G185;United Kingdom;;Y;EILK;Y;Y;Y;;;TO;;OTM, NK;700.00;179.00;Metal;;1982-12-01;MFL;1975-01-01;;2015-07-24
GBR000A10891;;IRL;;;117.00;0.00;0.00;;21.02;0.00;FERTILE;568;S568;Skibbereen;;Y;EIKE3;Y;Y;Y;8783658;;MO;;GNS, SDN, GND, PS, OTM, SSC;309.00;0.00;Wood;;1989-01-01;MFL;1973-01-01;;
GBR000A10961;;IRL;;;8.59;0.00;0.00;;9.82;0.00;ASPIRE;44;S44;Skibbereen;;Y;EINQ4;N;N;N;;;MO;;OTB, GNS, GND, LHP, OTM;89.00;0.00;Metal;;1988-05-03;MFL;1988-01-01;;2019-03-06
GBR000A10981;;IRL;;;24.10;0.00;0.00;;13.18;0.00;MAIRI MAREE;555;S555;Skibbereen;;Y;EIIK8;Y;Y;N;;;MO;;OTM, DRB, FPO, LHP, GNS, OTB;74.00;0.00;Fiber/Plastic;;1989-01-01;MFL;1980-01-01;;
GBR000A11004;;IRL;;;17.54;0.00;0.00;;11.74;0.00;D IRIS;522;S522;Skibbereen;;Y;EI-BF-3;N;N;N;;;MO;;FPO, DRB, OTM, GND, LHP;82.50;0.00;Wood;;1968-02-03;MFL;1968-01-01;;2020-02-18
GBR000A11012;;IRL;;;5.66;0.00;0.00;;9.14;0.00;RED SKY;34;DK34;Dundalk;;Y;EI8803;N;N;N;;;DO;;DRB, NK;40.00;0.00;Metal;;1978-07-26;MFL;1978-01-01;;
GBR000A11295;;IRL;;;8.39;0.00;0.00;;11.20;0.00;BERNERAY ISLE;993P;SO993P;Sligo;;Y;EI2498;N;N;N;;;MO;;FPO, NK;96.99;0.00;Fiber/Plastic;;1989-01-01;MFL;1974-01-01;;2021-03-29
GBR000A11328;;IRL;;;4.13;0.00;0.00;;9.55;0.00;CALYPSO;891P;G891P;Galway;;Y;EIZX2;N;N;N;;;WO;;FPO, NK;32.86;0.00;Fiber/Plastic;;1979-02-13;MFL;1979-01-01;;
GBR000A11395;;IRL;;;15.55;0.00;0.00;;11.02;0.00;SERENE DAWN;204;DK204;Dundalk;;Y;EIA2623;N;N;N;;;DO;;DRB, NK;42.00;0.00;Metal;;1982-07-27;MFL;1982-01-01;;
GBR000A11453;;IRL;;;39.97;33.88;0.00;;16.23;0.00;KESTREL;15;DA15;;;N;;N;Y;Y;;;MO;;DRB, NK;104.00;0.00;Wood;;1989-01-01;4G1;1961-01-01;;2002-12-04
GBR000A11503;;IRL;;;6.92;0.00;0.00;;9.73;0.00;GRACIOUS;227;G227;Galway;;Y;EI5599;N;N;N;;;MO;;OTB, DRM, OTM, OTT, GNS, FPO;36.00;0.00;Wood;;1999-01-07;MFL;1957-01-01;;
GBR000A11511;;IRL;;;74.00;0.00;0.00;;17.22;0.00;HARVEST REAPER II;287;S287;Skibbereen;;Y;EIXW3;Y;Y;Y;8531811;;GO;;GNS, LHP;191.00;0.00;Wood;;1975-04-16;MFL;1975-01-01;;
GBR000A11519;;IRL;;;79.00;0.00;0.00;;17.85;0.00;INDEPENDENCE;423;WT423;Westport;;Y;EIXS8;Y;Y;Y;;;MO;;OTB, GNS, OTM, FPO;279.00;0.00;Wood;;1977-09-05;MFL;1977-01-01;;
GBR000A11549;;IRL;;;196.00;0.00;0.00;;24.36;0.00;ARGONAUT;22;DA22;Drogheda;;Y;EIA3057;Y;Y;Y;8616910;;TO;;SPR, SSC, SDN, PS;403.00;0.00;Metal;;1987-09-27;MFL;1987-01-01;;
GBR000A11640;;IRL;;;162.00;0.00;0.00;;23.01;0.00;SCEPTRE;338;S338;;;Y;EI6041;Y;Y;Y;;;TO;;OTB, PTB;373.00;80.00;Wood;;1989-01-01;MFL;1982-01-01;;2017-01-04
GBR000A11661;;IRL;;;207.00;0.00;0.00;;26.00;0.00;KILORAN;209;G209;Galway;;Y;EIUZ6;Y;Y;Y;8306503;;TO;;OTB, SX, OTM;447.00;0.00;Metal;;1983-04-04;MFL;1983-01-01;;
GBR000A11703;;IRL;;;112.00;0.00;0.00;;21.56;0.00;NORTHERN DAWN;514;D514;;;Y;EI6187;Y;Y;Y;;;TO;;OTM, FPO;180.00;0.00;Wood;;1989-01-01;MFL;1975-01-01;2005-12-06;
GBR000A11754;;IRL;;;199.00;0.00;0.00;;22.95;0.00;RACHEL MARIE;404;S404;Skibbereen;;Y;EI6904;Y;N;N;8716667;;SO;;PS, NK;413.00;0.00;Metal;;1998-01-15;MFL;1988-01-01;;
GBR000A11771;;IRL;;;5.47;0.00;0.00;;10.60;0.00;AURORA BOREALIS;385;C385;Cork;;Y;EIBC4;N;N;N;;;MO;;GNS, OTB, LHP, FPO, DRB;54.00;0.00;Fiber/Plastic;;1978-06-01;MFL;1978-01-01;;
GBR000A11798;;IRL;;;188.00;0.00;0.00;;24.01;0.00;ROISE CATRIONA;100;T100;Tralee;;Y;EI6628;Y;Y;Y;8209470;;SO;;SSC, SPR;413.00;0.00;Metal;;1989-01-01;MFL;1982-01-01;;
GBR000A11810;;IRL;;;108.00;0.00;0.00;;21.25;0.00;HARMONY;207;D207;;;Y;EI4616;Y;Y;Y;;;TO;;OTM, PS;354.00;0.00;Wood;;1989-01-01;MFL;1978-01-01;2008-09-16;
GBR000A11844;;IRL;;;17.26;0.00;0.00;;11.98;0.00;KERRI HEATHER;250;WD250;Wexford;;Y;EIEC8;N;N;N;;;MO;;DRB, GNS, OTB, FPO, LHP;61.50;0.00;Wood;;1989-01-01;MFL;1971-01-01;;
GBR000A11859;;IRL;;;126.00;0.00;0.00;;24.79;0.00;NORTHERN STAR;918;SO918;;;Y;EI5900;Y;Y;Y;;;TO;;GND, FPO;421.00;0.00;Metal;;1996-03-29;MFL;1976-01-01;;2007-04-04
GBR000A11899;;IRL;;;11.62;0.00;0.00;;11.40;0.00;PAULINE MARY;406;WT406;Westport;;Y;EIVR6;N;N;N;;;MO;;OTB, GNS, FPO;47.00;0.00;Wood;;1986-04-18;MFL;1986-01-01;;
GBR000A11916;;IRL;;;190.94;227.00;0.00;;22.86;0.00;GIRL MAUREEN;667;D667;;;Y;EI5650;N;Y;Y;;;TO;;OTB, NK;662.00;0.00;Wood;;1999-08-31;4G1;1979-01-01;;2001-11-07
GBR000A12084;;IRL;;;10.15;0.00;0.00;;11.10;0.00;FORTH RANGER;222P;W222P;Waterford;;Y;EI2755;N;N;N;;;WO;;FPO, NK;89.00;0.00;Wood;;1998-04-01;MFL;1970-01-01;;
GBR000A12128;;IRL;;;3.84;0.00;0.00;;7.74;0.00;OIR SHORE;531;S531;Skibbereen;;Y;EIEB3;N;N;N;;;MO;;GNS, FPO;25.00;0.00;Fiber/Plastic;;1989-01-01;MFL;1981-01-01;;
GBR000A12171;;IRL;;;148.00;0.00;0.00;;24.36;0.00;ARGONAUT IV;22;DA22;Drogheda;;Y;EI7492;Y;Y;Y;7510262;;SO;;SSC, NK;253.00;0.00;Metal;;1976-07-16;MFL;1976-01-01;;2025-05-20
GBR000A12284;;IRL;;;21.44;0.00;0.00;;11.98;0.00;ASPIRE II;430;WT430;Westport;;Y;EIZC5;N;N;N;;;MO;;OTB, FPO, GNS, LHP;128.00;0.00;Wood;;1989-01-01;MFL;1975-01-01;;
GBR000A12317;;IRL;;;3.38;0.00;0.00;;9.23;0.00;CIMARRON;221P;WD221P;Wexford;;Y;EIZJ7;N;N;N;;;MO;;FPO, NK;44.00;0.00;Fiber/Plastic;;1983-06-10;MFL;1980-01-01;;
GBR000A12330;;IRL;;;12.45;0.00;0.00;;11.98;0.00;CALEDONIA;77;DK77;Dundalk;;Y;EIOJ6;N;N;N;;;DO;;DRB, DRM;94.00;0.00;Metal;;1987-11-20;MFL;1987-01-01;;
GBR000A12331;;IRL;;;6.66;0.00;0.00;;9.68;0.00;FLOWING TIDE;927;G927;Galway;;Y;EIVO8;N;N;N;;;MO;;GNS, OTM, LHP, FPO, OTB, LHM;35.00;0.00;Fiber/Plastic;;1989-01-01;MFL;1977-01-01;;
GBR000A12362;;IRL;;;33.03;0.00;0.00;;13.41;0.00;KINDRED STAR II;337;C337;;;Y;EI7678;N;Y;N;;;TO;;OTM, NK;187.00;0.00;Fiber/Plastic;;1979-08-01;MFL;1979-01-01;2010-06-15;
GBR000A12412;;IRL;;;197.00;0.00;0.00;;23.93;0.00;LOTHIAN ROSE;495;S495;;;N;;Y;Y;Y;;;MO;;DRB, NK;423.00;0.00;Metal;;2001-10-15;MFL;1979-01-01;;2007-05-17
GBR000A12590;;IRL;;;81.00;0.00;0.00;;17.48;0.00;HORIZON;329;S329;Skibbereen;;Y;EICZ4;Y;Y;Y;4032776;;TO;;OTB, NK;187.00;0.00;Wood;;1989-01-01;MFL;1981-01-01;2022-07-04;
GBR000A12626;;IRL;;;9.16;0.00;0.00;;11.13;0.00;ATLANTIC REDEEMER;200;WT200;Westport;;Y;EIAG5;N;N;N;;;MO;;GNS, FPO, OTB, LHP;43.00;0.00;Fiber/Plastic;;1989-10-01;MFL;1979-01-01;;2023-01-17
GBR000A12645;;IRL;;;206.00;0.00;0.00;;24.65;0.00;CELTIC BUCCANEER;58;DA58;;;Y;EI2822;Y;Y;Y;;;MO;;PTM, DRB;394.00;0.00;Metal;;1985-02-21;MFL;1985-01-01;2008-09-30;
GBR000A12774;;IRL;;;36.70;0.00;0.00;;14.33;0.00;TIR NA NÓG;173;T173;Tralee;;Y;EIA2652;Y;Y;Y;;;TO;;OTB, GNS, OTM;235.00;0.00;Wood;;2024-03-12;MFL;1988-01-01;;
GBR000A12812;;IRL;;;10.28;0.00;0.00;;10.52;0.00;WATCHFUL;302;T302;Tralee;;Y;EI2649;N;N;N;;;MO;;FPO, LHP;37.00;0.00;Fiber/Plastic;;1975-09-01;MFL;1975-01-01;;
GBR000A12881;;IRL;;;24.68;0.00;0.00;;13.50;0.00;LITTLE MOLLY;819;SO819;Sligo;;Y;EIKZ2;Y;Y;N;8586074;;TO;;OTB, NK;81.00;0.00;Fiber/Plastic;;1988-01-01;MFL;1987-01-01;;
GBR000A12883;;IRL;;;7.00;0.00;0.00;;8.35;0.00;CURLEW;10;DK10;Dundalk;;Y;EIA3036;N;N;N;;;WO;;FPO, NK;30.00;0.00;Fiber/Plastic;;1985-12-06;MFL;1985-01-01;;
GBR000A12925;;IRL;;;36.85;0.00;0.00;;13.24;0.00;DEFIANCE;480;T480;Tralee;;Y;EI8162;N;Y;N;;;TO;;OTM, GNS;134.28;0.00;Metal;;1981-03-25;MFL;1981-01-01;;
GBR000A12961;;IRL;;;6.66;0.00;0.00;;9.89;0.00;EILIDH C;224;WD224;Wexford;;Y;EI5179;N;N;N;;;MO;;FPO, GND;29.55;0.00;Fiber/Plastic;;1984-01-31;MFL;1983-01-01;;
GBR000A13000;;IRL;;;2.55;0.00;0.00;;8.05;0.00;KESTREL;441;SO441;Sligo;;Y;EIA2311;N;N;N;;;MO;;FPO, GNS, LHP;20.00;0.00;Fiber/Plastic;;1978-06-08;MFL;1978-01-01;;
GBR000A13001;;IRL;;;3.88;0.00;0.00;;8.99;0.00;DREADNOT;139;DA139;Drogheda;;Y;EIA2511;N;N;N;;;DO;;DRB, NK;55.00;0.00;Metal;;1981-04-21;MFL;1980-01-01;;
GBR000A13007;;IRL;;;6.36;0.00;0.00;;10.95;0.00;BLACK TIGRESS;212;DK212;Dundalk;;Y;EIWK6;N;N;N;;;DO;;DRB, NK;80.00;0.00;Metal;;1987-11-18;MFL;1987-01-01;;
GBR000A13092;;IRL;;;12.31;0.00;0.00;;9.94;0.00;KYLEMHOR;991;S991;;;N;;N;N;N;;;MO;;DRB, NK;88.00;0.00;Metal;;1989-01-01;MFL;1988-01-01;;2004-08-25
GBR000A13155;;IRL;;;13.38;0.00;0.00;;11.03;0.00;HOPE;43;DA43;Dundalk;;Y;EI8274;N;N;N;;;WO;;OTM, NK;71.00;0.00;Wood;;1964-05-12;MFL;1964-01-01;;
GBR000A13202;;IRL;;;27.69;0.00;0.00;;13.59;0.00;BARBARELLA;960;SO960;Sligo;;Y;EI6637;Y;Y;N;8558467;;MO;;GNS, OTB, FPO, LHP, OTM;100.00;0.00;Metal;;2001-02-13;MFL;1969-01-01;;
GBR000A13203;;IRL;;;152.00;0.00;0.00;;24.36;0.00;TEA ROSE;73;S73;Skibbereen;;Y;EIHK8;Y;Y;Y;7342055;;MO;;SSC, OTB, PTB, OTM, SPR, PTM;421.50;0.00;Metal;;1976-08-21;MFL;1974-01-01;2023-08-03;
GBR000A13204;;IRL;;;304.00;0.00;11.00;;33.40;0.00;SPARKLING S;437;D437;Dublin;;Y;EI6212;Y;Y;Y;7392945;;TO;;OTM, NK;700.00;0.00;Metal;;1989-01-01;MFL;1974-01-01;;2023-02-22
GBR000A13248;;IRL;;;196.00;0.00;0.00;;29.74;0.00;GOLDEN DAWN;344;S344;;;Y;EI5783;Y;Y;Y;;;MO;;OTB, NK;358.00;0.00;Metal;;1989-01-01;MFL;1975-01-01;;2003-01-03
GBR000A13298;;IRL;;;1.66;0.00;0.00;;7.32;0.00;ST. MATTHIEU;970;SO970;Sligo;;Y;EIMY7;N;N;N;;;MO;;GNC, FPO, LHP;11.02;0.00;Fiber/Plastic;;1989-01-01;MFL;1986-01-01;;2024-10-09
GBR000A13318;;IRL;;;128.00;0.00;0.00;;22.80;0.00;BRIAN EOIN;347;S347;;;Y;EI5940;Y;Y;Y;;;TO;;OTM, GND;373.00;0.00;Wood;;1977-02-16;MFL;1976-01-01;2006-05-31;
GBR000A13352;;IRL;;;9.13;0.00;0.00;;9.97;0.00;TREASA Q;420;WT420;Westport;;Y;EIXN9;N;N;N;;;MO;;DRB, DRM;29.50;0.00;Fiber/Plastic;;1977-11-10;MFL;1977-01-01;;2022-11-10
GBR000A13400;;IRL;;;45.00;0.00;0.00;;14.95;0.00;CORAL STRAND;234;S234;Skibbereen;;Y;EI4198;Y;Y;N;;;MO;;LHP, GNC;171.00;0.00;Wood;;1989-01-01;MFL;1969-01-01;2013-12-04;
GBR000A13449;;IRL;;;10.77;0.00;0.00;;11.27;0.00;GOLDEN RULE II;204;WD204;Wexford;;Y;EIFE2;N;N;N;;;MO;;GNS, FPO;53.72;0.00;Fiber/Plastic;;1987-08-21;MFL;1987-01-01;;
GBR000A13504;;IRL;;;24.08;0.00;0.00;;13.26;0.00;PROVIDENCE II;420;S420;Skibbereen;;Y;EI4102;Y;Y;N;8580068;;MO;;OTM, GNS, OTB, FPO;112.00;0.00;Fiber/Plastic;;1986-09-04;MFL;1986-01-01;;
GBR000A13516;;IRL;;;12.79;0.00;0.00;;10.88;0.00;ROISIN DUBH;523;S523;;;Y;EI5257;N;N;N;;;LO;;FPO, LHP;32.00;0.00;Wood;;1977-01-07;MFL;1964-01-01;;2015-07-24
GBR000A13535;;IRL;;;12.55;0.00;0.00;;11.29;0.00;SERPICO;37;L37;Finland;;Y;EI2512;N;N;N;;;FX;;DRB, GNS;70.87;0.00;Wood;;1979-07-23;MFL;1978-01-01;;2010-11-24
GBR000A13539;;IRL;;;20.08;0.00;0.00;;12.90;0.00;GIRL NORMA;82;DA82;;;Y;EIDN9;Y;Y;N;;;TO;;HMD, NK;78.00;0.00;Wood;;1961-09-18;MFL;1961-01-01;;2008-07-10
GBR000A13758;;IRL;;;14.76;0.00;0.00;;11.73;0.00;HANDA ISLE;662;SO662;Sligo;;Y;EIXW8;N;N;N;;;WO;;FPO, NK;80.00;0.00;Fiber/Plastic;;1989-01-01;MFL;1988-01-01;;
GBR000A13887;;IRL;;;8.41;0.00;0.00;;10.70;0.00;CHARA MAITH;198;SO198;Sligo;;Y;EIBR5;N;N;N;;;WO;;GNS, FPO;50.00;0.00;Wood;;1973-12-18;MFL;1970-01-01;;
GBR000A14023;;IRL;;;6.23;0.00;0.00;;9.67;0.00;PRIDE OF MON;898;G898;Galway;;Y;EIUX2;N;N;N;;;MO;;FPO, GNS, LHP;35.00;0.00;Fiber/Plastic;;1983-05-10;MFL;1976-01-01;;
GBR000A14044;;IRL;;;96.00;0.00;0.00;;19.81;0.00;BERACHAH;207;W207;;;Y;EI5003;Y;Y;Y;;;TO;;GND, NK;246.00;0.00;Wood;;1989-01-01;MFL;1974-01-01;;2006-12-14
GBR000A14065;;IRL;;;13.78;0.00;0.00;;13.04;0.00;FIONNUALA ANN;13;DA13;Drogheda;;N;;N;Y;N;;;DO;;DRB, NK;94.00;0.00;Wood;;1970-04-14;MFL;1960-01-01;2013-10-03;
GBR000A14138;;IRL;;;9.37;0.00;0.00;;9.73;0.00;GRACEFUL MORN;130;DK130;;;Y;EINF5;N;N;N;;;TO;;OTB, OTM;60.00;0.00;Wood;;1966-11-04;MFL;1957-01-01;;2013-07-30
GBR000A14185;;IRL;;;159.00;0.00;0.00;;24.70;0.00;VILLAGE QUEEN;751;G751;United Kingdom;;Y;EIHK7;Y;Y;Y;;;TO;;OTM, NK;466.00;0.00;Wood;;1979-02-01;MFL;1978-01-01;;2011-08-02
GBR000A14364;;IRL;;;7.71;0.00;0.00;;9.98;0.00;CONQUEST;852;SO852;Sligo;;Y;EIUJ4;N;N;N;;;TO;;OTB, GNS, LHP, FPO;35.00;0.00;Fiber/Plastic;;1988-06-17;MFL;1980-01-01;;
GBR000A14543;;IRL;;;8.15;0.00;0.00;;9.72;0.00;DUN LIR;409;T409;Tralee;;Y;EIPL8;N;N;N;;;MO;;GNS, FPO, LHP;41.50;0.00;Fiber/Plastic;;1989-01-01;MFL;1981-01-01;;
GBR000A14546;;IRL;;;32.00;0.00;0.00;;15.19;0.00;FRANLEON II;679;D679;;;Y;EI7075;Y;Y;Y;;;MO;;DRB, NK;128.00;0.00;Wood;;1969-08-11;MFL;1958-01-01;;2009-02-06
GBR000A14756;;IRL;;;30.95;0.00;0.00;;14.44;0.00;SHERIFF;42;DA42;Drogheda;;Y;EI7630;N;Y;N;;;TO;;OTB, NK;75.00;0.00;Metal;;1998-01-22;MFL;1970-01-01;;2018-07-13
GBR000A14836;;IRL;;;9.00;0.00;0.00;;9.99;0.00;MAJESTIC IV;646;S646;Skibbereen;;Y;EI013;N;N;N;;;MO;;OTB, LHP, FPO, GNS;63.41;0.00;Fiber/Plastic;;1987-08-26;MFL;1987-01-01;;
GBR000A14952;;IRL;;;13.28;0.00;0.00;;11.54;0.00;IRIS III;24;DA24;;;Y;EI6196;N;N;N;;;DO;;DRB, NK;67.00;0.00;Metal;;1984-01-25;MFL;1983-01-01;;2016-06-07
GBR000A14953;;IRL;;;13.39;0.00;0.00;;11.13;0.00;MEDWAY HARVEST;236;G236;Galway;;Y;EI7507;N;N;N;;;MO;;DRB, NK;89.53;0.00;Other;;1999-12-17;MFL;1970-01-01;;2022-04-12
GBR000A14975;;IRL;;;17.23;0.00;0.00;;11.06;0.00;BOY THOMAS;38;DK38;Dundalk;;Y;EI2377;N;N;N;;;DO;;DRB, NK;186.00;0.00;Metal;;1989-01-01;MFL;1987-01-01;;
GBR000A14977;;IRL;;;11.56;0.00;0.00;;10.36;0.00;HUNTRESS;216;DK216;Dundalk;;Y;EI4625;N;N;N;;;MO;;DRB, NK;75.00;0.00;Metal;;1981-06-03;MFL;1981-01-01;;
GBR000A15034;;IRL;;;2.26;0.00;0.00;;7.92;0.00;THOMAS D II;296;WD296;Wexford;;Y;EIOH2;N;N;N;;;MO;;FPO, LHP, DRB, OTB, GNS;25.00;0.00;Fiber/Plastic;;1979-06-04;MFL;1979-01-01;;
GBR000A15055;;IRL;;;34.23;0.00;0.00;;13.41;0.00;PAULONA;30;S30;Skibbereen;;Y;EI2037;Y;Y;N;8558649;;TO;;OTM, OTB, GNS;174.00;0.00;Fiber/Plastic;;1986-03-13;MFL;1982-01-01;;
GBR000A15196;;IRL;;;26.20;0.00;0.00;;13.26;0.00;KAYLEIGH;220;S220;Skibbereen;;Y;EIGF2;Y;Y;N;;;TO;;GND, PTB, OTM, GNS, OTB, PTM;145.00;0.00;Fiber/Plastic;;1988-02-23;MFL;1987-01-01;;2020-07-21
GBR000A15203;;IRL;;;13.20;0.00;0.00;;10.42;0.00;MUIR EINNE;210;G210;Galway;;Y;EI6399;N;N;N;;;TO;;OTM, OTB;116.00;0.00;Fiber/Plastic;;1993-07-23;MFL;1982-01-01;;
GBR000A15214;;IRL;;;4.32;0.00;0.00;;9.16;0.00;HAYLEY L;95;DK95;Dundalk;;Y;EIAY4;N;N;N;;;DO;;DRB, NK;35.00;0.00;Metal;;1978-09-07;MFL;1978-06-01;;
GBR000A15307;;IRL;;;1.76;0.00;0.00;;7.07;0.00;AILEEN DES;694;S694;Skibbereen;;Y;EIVE2;N;N;N;;;MO;;FPO, LHP;12.00;0.00;Fiber/Plastic;;1988-12-22;MFL;1985-01-01;;2021-07-08
GBR000A15369;;IRL;;;11.55;0.00;0.00;;11.39;0.00;SIOBHAN;161;SO161;;;Y;EI8536;N;N;N;;;MO;;DRB, HMD;49.00;0.00;Wood;;1989-01-01;MFL;1987-01-01;;2010-06-11
GBR000A15395;;IRL;;;27.90;0.00;0.00;;14.88;0.00;RATHLIN VENTURE;931;SO931;Sligo;;Y;EI7487;N;Y;N;;;MO;;GND, DRB;145.00;0.00;Wood;;1969-08-08;MFL;1969-01-01;;2018-06-05
GBR000A15406;;IRL;;;2.50;0.00;0.00;;6.45;0.00;VALHALLA;418;SO418;Sligo;;Y;EITX2;N;N;N;;;MO;;FPO, DRB, GNS;22.00;0.00;Fiber/Plastic;;1984-05-17;MFL;1984-01-01;;2025-07-10
GBR000A15467;;IRL;;;3.80;0.00;0.00;;7.85;0.00;BLUE MOON;308;WD308;Wexford;;Y;EIQ19;N;N;N;;;MO;;FPO, LHP;36.00;0.00;Fiber/Plastic;;1992-04-13;MFL;1979-01-01;;
GBR000A15553;;IRL;;;4.35;0.00;0.00;;9.65;0.00;MAVERICK;702;S702;Skibbereen;;Y;EIVM2;N;N;N;;;MO;;FPO, GNS, LHP;35.00;0.00;Fiber/Plastic;;1973-03-16;MFL;1972-01-01;;2021-07-08
GBR000A15579;;IRL;;;6.10;0.00;0.00;;8.80;0.00;MAIRE BHAIN II;683;G683;Galway;;Y;EIBW6;N;N;N;;;MO;;LHP, GNS, GND, OTB, FPO, OTM;44.00;0.00;Fiber/Plastic;;2007-08-09;MFL;1981-01-01;;
GBR000A15649;;IRL;;;3.97;0.00;0.00;;9.08;0.00;MY WAY;127;DK127;Dundalk;;Y;EILU6;N;N;N;;;WO;;FPO, NK;21.50;0.00;Metal;;1989-01-01;MFL;1979-01-01;;
GBR000A16134;;IRL;;;4.58;0.00;0.00;;8.15;0.00;SERENE;342;WT342;Westport;;Y;EILM7;N;N;N;;;MO;;FPO, LHP, GNS;34.00;0.00;Fiber/Plastic;;1989-04-26;MFL;1984-01-01;;
GBR000A16153;;IRL;;;5.16;0.00;0.00;;9.26;0.00;SKOMER;111;DK111;Dundalk;;Y;EI8792;N;N;N;;;PO;;DRB, NK;35.00;0.00;Metal;;1979-09-14;MFL;1979-01-01;2016-06-13;
GBR000A16247;;IRL;;;1.40;0.00;0.00;;7.10;0.00;RONAN FINBAR;46;S46;Skibbereen;;Y;EIQW7;N;N;N;;;MO;;GNS, FPO;11.00;0.00;Fiber/Plastic;;1980-01-01;MFL;1978-01-01;;
GBR000A16376;;IRL;;;11.20;0.00;0.00;;11.05;0.00;PEGGY M;639;S639;Skibbereen;;Y;EIIF3;N;N;N;;;MO;;OTB, LHP, GNS;61.00;6.00;Fiber/Plastic;;1989-01-01;MFL;1978-01-01;;
GBR000A16509;;IRL;;;70.00;0.00;0.00;;23.94;0.00;PRINA CORNELIA;145;WD145;;;Y;EI6219;Y;Y;Y;;;DO;;DRB, NK;560.00;0.00;Metal;;1989-01-01;MFL;1965-01-01;2005-12-06;
GBR000A16811;;IRL;;;2.23;0.00;0.00;;7.30;0.00;IVY MAY;351P;WD351P;Wexford;;Y;EIA2739;N;N;N;;;WO;;FPO, NK;85.70;0.00;Fiber/Plastic;;1981-06-04;MFL;1978-01-01;;
GBR000A16815;;IRL;;;16.68;0.00;0.00;;11.45;0.00;WATCHFUL II;387;C387;;;Y;EIBB2;N;N;N;;;FX;;OTB, OTM;150.00;0.00;Fiber/Plastic;;1988-11-09;MFL;1988-01-01;;2017-07-10
GBR000A17088;;IRL;;;13.07;0.00;0.00;;11.34;0.00;SOUTHOVER GEMINI;145;S145;Skibbereen;;Y;EI3550;N;N;N;;;MO;;FPO, GNS, LHP, OTT, PS, OTM;127.00;0.00;Fiber/Plastic;;1982-02-01;MFL;1982-01-01;;
GBR000A17179;;IRL;;;2.59;0.00;0.00;;7.72;0.00;SARAH JANE;87;DA87;Drogheda;;Y;EICN3;N;N;N;;;MO;;FPO, DRB, OTB, GNS, LHP;25.00;0.00;Wood;;1984-01-01;MFL;1983-01-01;;
GBR000A17400;;IRL;;;15.98;0.00;0.00;;11.26;0.00;ORKLA;2;DA2;Drogheda;;Y;EIA2453;N;N;N;;;DO;;DRB, NK;110.00;0.00;Metal;;1979-09-17;MFL;1979-01-01;;
GBR000A17419;;IRL;;;1.30;0.00;0.00;;6.03;0.00;LADY KENSA;532;SO532;Sligo;;Y;EIA2967;N;N;N;;;MO;;LHP, GNS, FPO;8.00;0.00;Fiber/Plastic;;1980-01-01;MFL;1979-01-01;;
GBR000A17431;;IRL;;;9.40;0.00;0.00;;9.30;0.00;JACK MAC;132;DK132;Dundalk;;Y;EINY3;N;N;N;;;DO;;DRB, NK;55.00;0.00;Metal;;1989-01-01;MFL;1981-01-01;;
GBR000A17626;;IRL;;;39.68;0.00;0.00;;16.87;0.00;BENNISAN;431;G431;United Kingdom;;N;;N;Y;Y;;;MO;;DRB, NK;111.90;0.00;Wood;;1961-07-31;MFL;1961-01-01;;2004-05-26
GBR000A17692;;IRL;;;6.20;0.00;0.00;;11.05;0.00;MY QUEST;73;DA73;Drogheda;;Y;EIBO3;N;N;N;;;DO;;DRB, NK;53.50;0.00;Metal;;1986-04-23;MFL;1983-01-01;;
GBR000A17741;;IRL;;;28.22;0.00;0.00;;14.91;0.00;CRYSTAL SEA;212;WT212;;;Y;EI8203;N;Y;N;;;TO;;OTB, FPO;142.00;0.00;Metal;;1970-08-06;MFL;1970-08-06;2009-07-09;
GBR000A17794;;IRL;;;90.00;0.00;0.00;;18.37;0.00;STAR OF HOPE;233;G233;United Kingdom;;Y;EI5529;Y;Y;Y;;;TO;;OTM, GND;274.00;0.00;Metal;;1977-05-06;MFL;1977-01-01;2006-05-26;
GBR000A17884;;IRL;;;1.39;0.00;0.00;;6.50;0.00;BONNY LASS;286;WD286;Wexford;;Y;EIMF5;N;N;N;;;MO;;OTB, OTM;11.30;0.00;Fiber/Plastic;;1983-09-14;MFL;1981-01-01;;
GBR000A17910;;IRL;;;7.52;0.00;0.00;;11.43;0.00;IRENE M;33;DK33;;;Y;EI7732;N;N;N;;;TO;;DRB, NK;60.00;0.00;Metal;;1989-01-01;MFL;1978-01-01;;2017-06-12
GBR000A18010;;IRL;;;21.11;0.00;0.00;;12.68;0.00;OUR TRACY JANE;185;WT185;;;Y;EI2693;N;Y;N;;;MO;;DRB, NK;71.00;0.00;Wood;;1948-01-30;MFL;1947-01-01;;2013-09-24
GBR000A18027;;IRL;;;18.52;0.00;0.00;;11.54;0.00;JULANTE;242;WD242;Wexford;;Y;EIAB06;N;N;N;;;MO;;DRB, GNS;59.70;0.00;Wood;;1978-05-30;MFL;1978-01-01;;
GBR000A18031;;IRL;;;5.47;0.00;0.00;;9.82;0.00;BOY AONGHUS;929;G929;Galway;;Y;EIA2231;N;N;N;;;MO;;OTB, FPO, DRB;50.00;0.00;Fiber/Plastic;;1980-09-21;MFL;1980-01-01;;
GBR000A18069;;IRL;;;7.99;0.00;0.00;;9.98;0.00;INVADER;181;DA181;Drogheda;;Y;EITW3;N;N;N;;;DO;;DRB, NK;75.00;0.00;Metal;;1988-10-13;MFL;1983-01-01;;
GBR000A18180;;IRL;;;12.73;0.00;0.00;;12.35;0.00;LADY JAN;671;D671;Dublin;;Y;EI2523;Y;Y;N;;;MO;;FPO, DRB, OTM, OTB;70.87;0.00;Metal;;2000-03-22;MFL;1984-01-01;;
GBR000A18220;;IRL;;;4.87;0.00;0.00;;9.99;0.00;JENAL;248;WD248;Wexford;;Y;EIBC6;N;N;N;;;WO;;GNS, FPO;89.00;0.00;Fiber/Plastic;;2007-10-31;MFL;1988-01-01;;
GBR000A18392;;IRL;;;10.27;0.00;0.00;;11.59;0.00;NAOMH CRONE;773;SO773;Sligo;;Y;EI2989;N;N;N;;;MO;;DRB, GNS;59.69;0.00;Fiber/Plastic;;1983-09-27;MFL;1983-01-01;;
GBR000A18442;;IRL;;;16.86;0.00;0.00;;10.92;0.00;LUCKY LUKE;951;SO951;;;N;;N;N;N;;;TO;;DRB, NK;112.00;0.00;Fiber/Plastic;;1986-12-17;MFL;1986-01-01;;2003-02-12
GBR000A18583;;IRL;;;6.79;0.00;0.00;;9.82;0.00;BEE-JAY II;232;DK232;Dundalk;;Y;EIA2149;N;N;N;;;DO;;DRB, NK;89.53;0.00;Metal;;1979-07-06;MFL;1978-01-01;;
GBR000A18981;;IRL;;;247.00;0.00;0.00;;30.16;0.00;ALICIA;149;WD149;;;Y;EI3362;Y;Y;Y;;;DO;;OTM, DRB;668.00;0.00;Metal;;1989-01-01;MFL;1973-01-01;2005-12-13;
GBR000A19008;;IRL;;;1.99;0.00;0.00;;7.74;0.00;CLARALU;415;C415;Cork;;Y;EIKL2;N;N;N;;;MO;;FPO, LHP, OTM, GNS, OTB;20.00;0.00;Fiber/Plastic;;1989-01-01;MFL;1974-01-01;;
GBR000A19045;;IRL;;;2.89;0.00;0.00;;7.00;0.00;JEN LAURA;221;SO221;Sligo;;Y;EICW4;N;N;N;;;MO;;GNS, LHP, FPO, DRB;90.00;0.00;Fiber/Plastic;;1982-12-17;MFL;1979-01-01;;
GBR000A19090;;IRL;;;12.45;0.00;0.00;;11.95;0.00;PATRICK J;215;DK215;Dundalk;;Y;EIXC9;N;N;N;;;DO;;DRB, NK;55.00;0.00;Metal;;1978-07-28;MFL;1978-01-01;;
GBR000A19120;;IRL;;;18.12;0.00;0.00;;11.96;0.00;SUNBEAM;630;D630;Dublin;;Y;EI5939;N;N;N;;;TO;;OTB, SUX, LHP, GNS, SX, FPO;95.00;0.00;Metal;;1989-01-01;MFL;1985-01-01;;
GBR000A19288;;IRL;;;7.21;0.00;0.00;;9.95;0.00;VALDEZ;129;DA129;Drogheda;;Y;EISC6;N;N;N;;;DO;;DRB, NK;55.00;0.00;Aluminium;;2016-11-15;MFL;1982-01-01;;
GBR000A19302;;IRL;;;2.20;0.00;0.00;;8.23;0.00;LILY SMALLS;687;D687;;;Y;EI8371;N;N;N;;;WO;;FPO, NK;36.00;0.00;Fiber/Plastic;;1981-12-08;MFL;1981-01-01;;2008-11-05
GBR000A19324;;IRL;;;3.26;0.00;0.00;;8.97;0.00;REGINA MARIS;80;T80;Tralee;;Y;EIHG2;N;N;N;;;MO;;DRB, GNS;30.00;0.00;Fiber/Plastic;;1989-01-01;MFL;1979-01-01;;
GBR000A19502;;IRL;;;4.95;0.00;0.00;;9.70;0.00;ASTRID;9;DA9;Drogheda;;Y;EIOX6;N;N;N;;;MO;;DRB, NK;60.00;0.00;Metal;;1986-10-27;MFL;1979-01-01;;2022-12-01
GBR000A19514;;IRL;;;13.36;0.00;0.00;;11.99;0.00;JOAN FRANCIS;36;L36;Finland;;Y;EI3696;N;N;N;;;TO;;FPO, NK;83.20;0.00;Metal;;1984-06-06;MFL;1984-01-01;;2015-12-22
GBR000A19519;;IRL;;;7.26;0.00;0.00;;10.47;0.00;LUCKY LADY;50;DK50;Dundalk;;Y;EIMD7;N;N;N;;;DO;;DRB, DRM;40.00;0.00;Metal;;1984-01-01;MFL;1984-01-01;;2021-04-15
GBR000A19575;;IRL;;;8.86;0.00;0.00;;11.98;0.00;DYLAN B;220;DK220;Wexford;;Y;EIPY8;N;N;N;;;DO;;DRB, NK;67.00;0.00;Metal;;1980-11-05;MFL;1976-01-01;;
GBR000A19646;;IRL;;;20.16;0.00;0.00;;11.64;0.00;KAREN MARY;127;DA127;Drogheda;;Y;EI5584;N;N;N;;;MO;;OTB, LHP, GNS, DRB, FPO;150.00;0.00;Fiber/Plastic;;1986-04-10;MFL;1986-01-01;;
GBR000A19685;;IRL;;;8.36;0.00;0.00;;9.30;0.00;LEANA;327;WD327;Wexford;;Y;EIUN8;N;N;N;;;TO;;OTB, FPO;45.00;0.00;Fiber/Plastic;;1989-01-01;MFL;1987-01-01;;
GBR000A19691;;IRL;;;1.59;0.00;0.00;;6.52;0.00;JOHN B;258P;SO258P;;;Y;EIKK9;N;N;N;;;WO;;FPO, NK;22.00;0.00;Fiber/Plastic;;1989-01-01;MFL;1978-01-01;;2017-08-28
GBR000A19737;;IRL;;;79.00;0.00;0.00;;21.01;0.00;AMBITIOUS;500;G500;Galway;;Y;EITX4;Y;Y;Y;8598352;;TO;;PS, OTB, LHP, OTM;336.00;0.00;Wood;;1965-06-10;MFL;1964-01-01;2024-10-24;
GBR000A19743;;IRL;;;5.28;0.00;0.00;;9.99;0.00;OUR CLAIRE;236;WD236;Wexford;;Y;EIAA5;N;N;N;;;WO;;FPO, LHP;33.00;0.00;Wood;;1986-09-15;MFL;1986-01-01;;
GBR000A19782;;IRL;;;216.00;0.00;0.00;;23.21;0.00;VELVET CHORD II;750;S750;Skibbereen;;Y;EIIC3;Y;Y;Y;8802686;;MO;;SSC, OTM, PTB, SPR, PTM;526.00;281.00;Metal;;1988-07-01;MFL;1988-01-01;2023-08-03;
GBR000A19799;;IRL;;;25.78;0.00;0.00;;11.86;0.00;EMMA LOU;444;C444;Cork;;Y;EIWB6;N;N;N;;;MO;;GNS, FPO, LHP;62.50;0.00;Fiber/Plastic;;1985-11-19;MFL;1985-01-01;;
GBR000A19827;;IRL;;;5.38;0.00;0.00;;9.56;0.00;DUNMORE LASS II;728P;S728P;Skibbereen;;Y;EIA2108;N;N;N;;;WO;;FPO, NK;58.00;0.00;Wood;;1983-01-24;MFL;1983-01-01;;
GBR000A19847;;IRL;;;55.55;0.00;0.00;;19.53;0.00;THE PROVIDER;414;D414;;;N;;Y;Y;Y;;;TO;;OTB, NK;172.00;0.00;Metal;;1989-01-01;MFL;1959-01-01;;2004-12-01
GBR000A19851;;IRL;;;111.00;0.00;0.00;;25.45;0.00;ARGO K;897;SO897;Sligo;;Y;EI6641;Y;Y;Y;8800846;;TO;;OTB, OTM;180.00;0.00;Metal;;1989-01-01;MFL;1986-01-01;;2019-06-26
GBR000A19891;;IRL;;;10.25;0.00;0.00;;11.25;0.00;QED;399;S399;;;N;;N;N;N;;;MO;;FPO, DRB;133.55;0.00;Fiber/Plastic;;2001-01-01;MFL;1988-01-01;;2013-11-04
GBR000A19892;;IRL;;;25.95;0.00;0.00;;14.68;0.00;SARDIUS;438;C438;Cork;;Y;EISK4;Y;Y;N;8558699;;TO;;DRB, NK;115.00;0.00;Metal;;1985-01-01;MFL;1985-01-01;;2021-10-22
GBR000A19985;;IRL;;;4.23;0.00;0.00;;9.19;0.00;SILVER DAWN;782;G782;Galway;;Y;EIKS7;N;N;N;;;MO;;GND, GNS, FPO, LHP;35.00;0.00;Fiber/Plastic;;1977-02-28;MFL;1977-01-01;;2024-11-25
GBR000A20032;;IRL;;;17.16;0.00;0.00;;12.85;0.00;OUR LISA MARIE;133;DK133;Dundalk;;Y;EIOY3;Y;Y;N;;;MO;;DRM, DRB;90.22;0.00;Metal;;1982-03-29;MFL;1982-01-01;;
GBR000A20455;;IRL;;;6.10;0.00;0.00;;9.90;0.00;DON C;36;DA36;Drogheda;;Y;EIOJ8;N;N;N;;;DO;;DRB, NK;62.00;0.00;Metal;;1982-10-27;MFL;1982-01-01;;
GBR000A20478;;IRL;;;5.10;0.00;0.00;;9.77;0.00;MAID MAGGIE;332;W332;Waterford;;Y;EIED9;N;N;N;;;MO;;OTB, OTM, FPO, DRB;40.00;0.00;Fiber/Plastic;;1980-04-17;MFL;1978-01-01;;
GBR000A20577;;IRL;;;5.19;0.00;0.00;;9.41;0.00;WARLORD;121;DK121;Dundalk;;Y;EIXT6;N;N;N;;;DO;;DRB, DRM;30.00;0.00;Metal;;1985-07-23;MFL;1979-01-01;;2025-07-16
GBR000A20667;;IRL;;;7.35;0.00;0.00;;9.68;0.00;BEN THOMAS;131;DA131;Drogheda;;Y;EIS19;N;N;N;;;NO;;DRB, NK;95.00;0.00;Metal;;1989-01-23;MFL;1986-01-01;;2024-08-19
GBR000A20778;;IRL;;;1.90;0.00;0.00;;7.00;0.00;MY GIRL LISA;223;WD223;Wexford;;Y;EI3406;N;N;N;;;WO;;FPO, NK;29.84;0.00;Fiber/Plastic;;1975-01-28;MFL;1967-01-01;;
GBR000A20923;;IRL;;;5.49;0.00;0.00;;9.65;0.00;LADY MATILDA;709;D709;Dublin;;Y;EIKL9;N;N;N;;;TO;;FPO, LHP, GND, GNS;50.00;0.00;Fiber/Plastic;;1982-04-19;MFL;1982-01-01;;
GBR000A20986;;IRL;;;46.66;0.00;0.00;;14.79;0.00;NAURU;260;WD260;;;Y;EIHB6;N;N;N;;;DO;;DRB, NK;327.00;20.00;Metal;;1989-01-01;MFL;1974-01-01;;2010-10-22
GBR000A21273;;IRL;;;2.98;0.00;0.00;;9.10;0.00;ELLIE MAY;714;S714;Skibbereen;;Y;EIWQ9;N;N;N;;;MO;;GNS, FPO, LHP;20.00;0.00;Fiber/Plastic;;1976-01-20;MFL;1976-01-01;;2025-04-16
GBR000A21332;;IRL;;;5.17;0.00;0.00;;9.77;0.00;BOY AARON;20;DA20;Drogheda;;Y;EIPI8;N;N;N;;;MO;;FPO, OTM;28.00;0.00;Metal;;1986-11-18;MFL;1979-01-01;;
GBR000A21339;;IRL;;;7.05;0.00;0.00;;10.56;0.00;ELLIE-MAY;714;S714;Skibbereen;;Y;EIA3112;N;N;N;;;MO;;GNS, DRB, OTM, FPO, LHP, OTB;36.40;0.00;Fiber/Plastic;;2025-04-28;MFL;1982-01-01;;
GBR000A21355;;IRL;;;10.74;0.00;0.00;;11.00;0.00;ATLANTA II;60;DA60;Drogheda;;Y;EI3047;N;N;N;;;MO;;FPO, DRB;49.50;0.00;Metal;;1983-09-06;MFL;1983-01-01;;
GBR000A21365;;IRL;;;6.33;0.00;0.00;;10.66;0.00;AQUARIUS OF NEWQUAY;693P;D693P;;;Y;EI8716;N;N;N;;;WO;;FPO, NK;59.75;0.00;Wood;;1989-01-01;MFL;1972-01-01;;2016-06-15
GBR000A21421;;IRL;;;4.91;0.00;0.00;;8.20;0.00;OLAN;416;C416;Cork;;Y;EI8670;N;N;N;;;MO;;LHP, GND;31.20;0.00;Fiber/Plastic;;1992-06-01;MFL;1992-01-01;;
GBR000A21536;;IRL;;;17.88;0.00;0.00;;12.02;0.00;GUIDING LIGHT II;338;C338;Cork;;Y;EI2513;Y;Y;N;;;MO;;DRM, NK;90.00;0.00;Wood;;1985-10-22;MFL;1985-01-01;;2020-05-11
GBR000A21800;;IRL;;;1.36;0.00;0.00;;6.30;0.00;FENAGH MARIE;524;T524;Skibbereen;;Y;EI8840;N;N;N;;;MO;;GNS, DRB, OTB, OTM;9.62;0.00;Fiber/Plastic;;1987-01-01;MFL;1987-01-01;;
GBR000A21819;;IRL;;;120.00;0.00;0.00;;22.50;0.00;REBECCA ELIZABETH;228;S228;;;Y;EIIN8;Y;Y;Y;;;TO;;SSC, OTB;200.00;143.00;Metal;;1989-01-01;MFL;1967-01-01;;2013-05-07
GBR000A21874;;IRL;;;13.81;0.00;0.00;;11.35;0.00;SALLY PAMELA;377;C377;Cork;;Y;EI8041;N;N;N;;;TO;;OTM, GNS, LHP;60.00;0.00;Fiber/Plastic;;1989-01-01;MFL;1985-01-01;;2025-08-07
GBR000A21902;;IRL;;;24.13;0.00;0.00;;12.90;0.00;DESTINY;422;WT422;Westport;;Y;EIYG7;Y;Y;N;;;MO;;FPO, LHP, GNS;82.07;0.00;Wood;;1988-05-11;MFL;1982-01-01;;
GBR000A21966;;IRL;;;8.07;0.00;0.00;;9.93;0.00;PRUE ESTHER;573;G573;Galway;;Y;EI3119;N;N;N;;;MO;;FPO, GNS;80.00;0.00;Fiber/Plastic;;1989-01-01;MFL;1982-01-01;;
GBR000A22250;;IRL;;;6.34;0.00;0.00;;9.74;0.00;WENDY JANE;228;WD228;Wexford;;Y;EIBH6;N;N;N;;;TO;;FPO, GNS;52.20;0.00;Fiber/Plastic;;1989-02-07;MFL;1979-06-30;;
GBR000A22356;;IRL;;;3.83;0.00;0.00;;9.28;0.00;CHRISAARON;225;WD225;Wexford;;Y;EISP4;N;N;N;;;WO;;FPO, GNS;35.00;0.00;Fiber/Plastic;;1988-08-15;MFL;1982-01-01;;
GBR000A22414;;IRL;;;2.74;0.00;0.00;;7.45;0.00;HEATHER ANN;371;C371;Cork;;Y;EI8468;N;N;N;;;MO;;GNS, FPO;30.00;0.00;Fiber/Plastic;;1978-04-11;MFL;1978-01-01;;
GBR000A22434;;IRL;;;3.12;0.00;0.00;;8.14;0.00;CERES;245;S245;Skibbereen;;Y;EIKT3;N;N;N;;;MO;;FPO, DRB, GNS;30.00;0.00;Fiber/Plastic;;1989-01-01;MFL;1979-01-01;;
GBR000A22478;;IRL;;;11.72;0.00;0.00;;11.12;0.00;GIRL JANE;610;S610;Skibbereen;;Y;EIL06;N;N;N;;;MO;;OTB, OTM, FPO, GNS;94.00;0.00;Fiber/Plastic;;1987-02-06;MFL;1986-01-01;;
GBR000A22585;;IRL;;;2.91;0.00;0.00;;6.83;0.00;HOPEFUL;252;SO252;Sligo;;Y;EIDQ4;N;N;N;;;DO;;DRB, NK;35.00;0.00;Wood;;1988-01-22;MFL;1978-01-01;;
GBR000A22588;;IRL;;;12.28;0.00;0.00;;11.28;0.00;AN TUSA;136P;SO136P;Sligo;;Y;EI8476;N;N;N;;;WO;;FPO, NK;58.00;0.00;Fiber/Plastic;;1981-01-01;MFL;1980-01-01;;
GBR000A22688;;IRL;;;33.96;0.00;0.00;;13.32;0.00;SUNRISE II;216;W216;Waterford;;Y;EI5781;Y;Y;N;8579954;;TO;;OTM, OTB;221.00;0.00;Metal;;1999-08-19;MFL;1986-01-01;;2025-03-12
GBR000A22779;;IRL;;;6.72;0.00;0.00;;9.47;0.00;CRYSTAL DAWN;201;WD201;Wexford;;Y;EI7613;N;N;N;;;MO;;DRB, OTB, OTM;70.88;0.00;Metal;;1984-07-18;MFL;1984-01-01;;
GBR000A22849;;IRL;;;12.34;0.00;0.00;;10.78;0.00;GENNESARET;114;DK114;Dundalk;;Y;EIBX4;N;N;N;;;DO;;DRB, NK;90.00;0.00;Metal;;1987-06-11;MFL;1987-01-01;;
GBR000A22957;;IRL;;;18.20;0.00;0.00;;11.73;0.00;ANRAJO;435;S435;Skibbereen;;Y;EI7179;N;N;N;;;PO;;DRM, NK;70.00;0.00;Metal;;1982-09-02;MFL;1982-01-01;;2024-06-07
GBR000A23113;;IRL;;;11.93;0.00;0.00;;11.92;0.00;LOUISE JOANNE;252;WT252;Westport;;Y;EI8773;N;N;N;;;MO;;FPO, OTM, GNS, GND;34.32;0.00;Wood;;1974-04-19;MFL;1973-12-31;;
GBR000A23166;;IRL;;;6.09;0.00;0.00;;9.60;0.00;FREEDOM;167;S167;Skibbereen;;Y;EI2737;N;N;N;;;MO;;DRB, GNS, FPO;42.00;0.00;Fiber/Plastic;;2008-03-18;MFL;1978-01-01;;
GBR000A23257;;IRL;;;3.11;0.00;0.00;;7.90;0.00;CHARLOTTE KATE;253;WD253;Wexford;;Y;EIBQ8;N;N;N;;;MO;;GNS, GND;33.00;0.00;Fiber/Plastic;;1980-10-02;MFL;1980-01-01;;
GBR000A23387;;IRL;;;19.39;0.00;0.00;;11.76;0.00;EGY STAR;206;DK206;Dundalk;;Y;EIA2979;N;N;N;;;DO;;DRB, NK;73.00;0.00;Metal;;1988-03-16;MFL;1988-01-01;;
GBR000A23401;;IRL;;;3.71;0.00;0.00;;9.34;0.00;SALAMANDER;707;D707;Dublin;;Y;EIJF9;N;N;N;;;MO;;FPO, LHP, GND, GNS;25.00;0.00;Fiber/Plastic;;2010-06-11;MFL;1974-01-01;;
GBR000A23402;;IRL;;;6.41;0.00;0.00;;9.81;0.00;NIGHTRIDER;456;SO456;Sligo;;Y;EIZI9;N;N;N;;;MO;;GNS, LHP, OTM, OTB;40.65;0.00;Fiber/Plastic;;1994-10-12;MFL;1994-01-01;;
GBR000A23468;;IRL;;;59.00;0.00;0.00;;19.76;0.00;ELLY GERDA;133;WD133;;;Y;EI4964;N;Y;Y;;;TO;;DRB, NK;221.00;0.00;Metal;;1989-01-01;MFL;1958-01-01;2003-05-01;
GBR000A23495;;IRL;;;2.50;0.00;0.00;;8.30;0.00;JOWELL;50;S50;Skibbereen;;Y;EI4079;N;N;N;;;DO;;DRB, NK;21.00;0.00;Wood;;1987-05-22;MFL;1972-01-01;;
GBR000A23615;;IRL;;;9.23;0.00;0.00;;11.10;0.00;AINGEAL MO CHROI;272;WT272;Westport;;Y;EICX2;N;N;N;;;MO;;OTM, DRB;100.00;0.00;Fiber/Plastic;;1982-07-08;MFL;1982-01-01;;
GBR000A23639;;IRL;;;4.56;0.00;0.00;;8.10;0.00;TUMADOIR;764;G764;Galway;;Y;EIIN6;N;N;N;;;WO;;GNS, FPO, LHP;90.00;0.00;Fiber/Plastic;;1989-01-01;MFL;1983-01-01;;
GBR000A23710;;IRL;;;5.90;0.00;0.00;;9.71;0.00;JBC;487P;T487P;Tralee;;Y;EI2917;N;N;N;;;WO;;FPO, NK;190.00;0.00;Fiber/Plastic;;1989-01-01;MFL;1986-01-01;;
GBR000A23725;;IRL;;;26.32;0.00;0.00;;11.98;0.00;REALT AN OILEAIN;733;G733;Galway;;Y;EIHJ9;N;N;N;;;MO;;FPO, LHP;128.33;0.00;Fiber/Plastic;;1987-02-26;MFL;1986-01-01;;
GBR000A23759;;IRL;;;3.57;0.00;0.00;;8.10;0.00;LIGHT OF HOPE;353;S353;;;N;;N;N;N;;;DO;;DRB, NK;83.00;0.00;Fiber/Plastic;;1999-10-13;MFL;1972-01-01;;2003-02-05
GBR000A23831;;IRL;;;3.57;0.00;0.00;;8.01;0.00;SHALOM;967;SO967;Skibbereen;;Y;EIXX3;N;N;N;;;MO;;OTB, GNS, FPO;61.00;0.00;Fiber/Plastic;;1988-11-11;MFL;1984-01-01;;
GBR000A23847;;IRL;;;4.70;0.00;0.00;;9.89;0.00;BAND OF HOPE;655;S655;Skibbereen;;Y;EIKS8;N;N;N;;;TO;;GNS, GND;71.90;0.00;Fiber/Plastic;;1989-01-01;MFL;1977-01-01;;
GBR000A23861;;IRL;;;10.76;0.00;0.00;;11.40;0.00;LADY JANE;254;SO254;;;Y;EIFT7;N;N;N;;;DO;;DRB, NK;64.00;0.00;Fiber/Plastic;;1978-09-15;MFL;1978-01-01;;2013-02-26
GBR000A23885;;IRL;;;6.11;0.00;0.00;;10.01;0.00;BLACK TIGRESS;609;D609;Dublin;;Y;EI7390;N;N;N;;;DO;;DRB, NK;80.00;0.00;Metal;;1989-01-01;MFL;1979-01-01;;2020-01-22
GBR000A23937;;IRL;;;11.62;0.00;0.00;;11.24;0.00;SEAN B;222;DK222;Dundalk;;Y;EIA2545;N;N;N;;;DO;;DRB, DRM;80.00;0.00;Metal;;1981-08-25;MFL;1981-01-01;;
GBR000A24198;;IRL;;;8.55;0.00;0.00;;11.47;0.00;GANNET;246;W246;Waterford;;Y;EI3633;N;N;N;;;MO;;OTB, LHP;33.00;0.00;Fiber/Plastic;;1989-01-01;MFL;1969-01-01;;
GBR000A24205;;IRL;;;14.46;0.00;0.00;;11.20;0.00;ENDEAVOUR A;332;C332;Cork;;Y;EI3501;N;N;N;;;TO;;OTM, LHP, LHM, OTT, OTB, FPO;71.00;0.00;Wood;;1976-11-08;MFL;1976-01-01;;2020-05-11
GBR000A24523;;IRL;;;10.08;0.00;0.00;;11.09;0.00;PRINCESS HOLLIE;717;D717;Dublin;;Y;EIQQ9;N;N;N;;;DO;;DRB, NK;55.00;0.00;Aluminium;;2016-03-18;MFL;1982-01-01;;
GBR000A24549;;IRL;;;182.00;0.00;0.00;;23.21;0.00;ATLANTIC FISHER II;116;T116;Tralee;;Y;EIA2283;Y;Y;Y;8802698;;GO;;GNS, LHP;335.00;0.00;Aluminium;;1989-02-10;MFL;1988-01-01;;
GBR000A24573;;IRL;;;17.70;0.00;0.00;;11.96;0.00;VALKYRIE;614;S614;Skibbereen;;Y;EILT8;N;N;N;;;SO;;GND, GNS, FPO, OTM, OTB, LHP;75.00;0.00;Fiber/Plastic;;1988-11-16;MFL;1988-01-01;;
GBR000A24583;;IRL;;;9.54;0.00;0.00;;9.94;0.00;JENNA MAREE;35;DA35;Drogheda;;Y;EINZ3;N;N;N;;;MO;;DRB, NK;107.00;0.00;Metal;;1989-03-13;MFL;1988-01-01;;
GBR000A24630;;IRL;;;163.00;0.00;0.00;;21.99;0.00;AQUILA;603;S603;Skibbereen;;Y;EIKS4;Y;Y;Y;8783476;;SO;;SDN, OTB;447.66;134.30;Wood;;1989-02-10;MFL;1988-01-01;2023-04-06;
GBR000A24794;;IRL;;;41.00;0.00;0.00;;15.85;0.00;MYSTICAL ROSE II;224;G224;United Kingdom;;Y;EI6633;Y;N;N;;;TO;;OTB, OTM;171.60;0.00;Wood;;1989-06-30;MFL;1981-01-01;;2014-02-19
GBR000A24815;;IRL;;;21.39;0.00;0.00;;11.90;0.00;WHITE HEATHER;378;SO378;Sligo;;Y;EISZ2;N;N;N;;;MO;;FPO, OTB, LHP, GNS;111.00;0.00;Fiber/Plastic;;1988-08-22;MFL;1988-01-01;;
GBR000A24830;;IRL;;;26.91;0.00;0.00;;13.69;0.00;MARY MARIE;307;C307;Cork;;Y;EI6518;Y;Y;N;;;DO;;DRB, NK;89.00;0.00;Metal;;1999-08-03;MFL;1986-01-01;;
GBR000A24843;;IRL;;;16.52;0.00;0.00;;12.92;0.00;IONA ISLE;211;WT211;;;Y;EI8358;N;Y;N;;;MO;;DRB, FPO;49.69;0.00;Wood;;1980-07-31;MFL;1975-01-01;2010-02-03;
GBR000B10017;;IRL;;;356.00;0.00;0.00;;35.50;0.00;MOLLY B;87;WD87;;;Y;EI6687;Y;Y;Y;;;TO;;TBB, NK;1267.00;0.00;Metal;;1989-01-26;MFL;1989-01-01;2008-10-02;
GBR000B10022;;IRL;;;3.23;0.00;0.00;;7.85;0.00;FALCON STAR;684;D684;Dublin;;Y;EI7968;N;N;N;;;MO;;DRB, GNS, LNB, FPO, LHP;36.00;0.00;Fiber/Plastic;;1989-04-29;MFL;1989-01-01;;2020-10-20
GBR000B10023;;IRL;;;4.41;0.00;0.00;;10.44;0.00;NIKKI D;69A;T69A;Tralee;;Y;EI2922;N;N;N;;;FX;;HMD, NK;200.00;0.00;Fiber/Plastic;;1989-01-01;AQU;1988-01-01;;
GBR000B10121;;IRL;;;14.51;0.00;0.00;;10.88;0.00;SEVERANCE;326;C326;Cork;;Y;EI2998;N;N;N;;;TO;;OTB, OTM;95.00;0.00;Metal;;2000-03-02;MFL;1989-01-01;;
GBR000B10196;;IRL;;;7.25;0.00;0.00;;10.94;0.00;BOY DAVID;149;DA149;Drogheda;;Y;EIUU2;N;N;N;;;DO;;DRB, DRM;55.00;0.00;Metal;;1989-06-15;MFL;1984-01-01;;
GBR000B10287;;IRL;;;16.32;0.00;0.00;;11.54;0.00;SILVER STRAND;48P;D48P;Dublin;;Y;EI2583;N;N;N;;;WO;;FPO, NK;134.00;0.00;Fiber/Plastic;;1989-01-01;MFL;1989-01-01;;
GBR000B10289;;IRL;;;160.00;0.00;0.00;;21.64;0.00;HOLLY B;420;T420;Finland;;Y;EI5732;Y;Y;Y;;;TO;;GND, NK;391.70;0.00;Metal;;1989-10-10;MFL;1989-01-01;2008-09-30;
GBR000B10310;;IRL;;;5.32;0.00;0.00;;9.93;0.00;SADIE MAY;122;DA122;Drogheda;;Y;EIQD3;N;N;N;;;DO;;DRB, NK;101.00;0.00;Metal;;1989-05-18;MFL;1988-01-01;;
GBR000B10325;;IRL;;;6.20;0.00;0.00;;8.62;0.00;BOY JAMIE;71;T71;Tralee;;Y;EIEN5;N;N;N;;;WO;;FPO, DRB, GNS, LHP, OTB;33.56;0.00;Fiber/Plastic;;1990-01-01;MFL;1985-01-01;;
GBR000B10349;;IRL;;;3.68;0.00;0.00;;9.04;0.00;GOLDEN SHORE;865;G865;Galway;;Y;EIRA8;N;N;N;;;DO;;DRB, NK;66.50;0.00;Fiber/Plastic;;1990-07-19;MFL;1983-01-01;;
GBR000B10378;;IRL;;;8.15;0.00;0.00;;10.70;0.00;FREYA;124;DA124;Drogheda;;Y;EIQL6;N;N;N;;;DO;;OTB, NK;55.00;0.00;Metal;;1989-09-25;MFL;1988-01-01;;2025-08-05
GBR000B10395;;IRL;;;18.11;0.00;0.00;;11.50;0.00;STELLA MARIS;486;T486;Tralee;;Y;EI3551;N;N;N;;;TO;;OTM, GND;238.75;0.00;Metal;;1989-04-27;MFL;1988-06-01;;
GBR000B10412;;IRL;;;5.84;0.00;0.00;;9.70;9.00;OCEAN HARLEY;640;SO640;Sligo;;Y;EIA2864;N;N;N;;;MO;;DRB, NK;55.00;0.00;Fiber/Plastic;;1989-07-20;MFL;1989-01-01;;
GBR000B10456;;IRL;;;13.94;0.00;0.00;;10.86;0.00;AARON H;229;S229;;;Y;EI8412;N;N;N;;;MO;;OTB, GNS;65.50;0.00;Wood;;2005-06-30;MFL;1989-01-01;;2014-06-04
GBR000B10477;;IRL;;;17.36;0.00;0.00;;11.87;0.00;CADNO;969;SO969;Sligo;;Y;EI7111;N;N;N;;;MO;;GNS, OTB, OTM, FPO;120.00;0.00;Wood;;1989-08-17;MFL;1968-01-01;;2025-03-10
GBR000B10497;;IRL;;;6.01;0.00;0.00;;9.94;0.00;JENNIFER CONSTANCE;225;SO225;Sligo;;Y;EI7401;N;N;N;;;MO;;GNS, OTB, LHP, FPO;59.00;0.00;Fiber/Plastic;;1989-08-24;MFL;1989-01-01;;
GBR000B10503;;IRL;;;17.78;0.00;0.00;;11.92;0.00;TUSKER LIGHT;677;D677;Dublin;;Y;EI7978;N;N;N;;;DO;;DRB, NK;155.00;0.00;Metal;;2001-06-22;MFL;1988-01-01;;
GBR000B10617;;IRL;;;7.09;0.00;0.00;;9.94;0.00;ANGELENE;206;W206;Waterford;;Y;EI8956;N;N;N;;;MO;;DRB, OTB, GNS, LHP, FPO;55.00;0.00;Fiber/Plastic;;1989-12-19;MFL;1989-01-01;;
GBR000B10653;;IRL;;;25.00;0.00;0.00;;11.59;0.00;ATLANTIC OSPREY;274;G274;Galway;;Y;EIPK5;N;N;N;;;MO;;OTB, FPO;175.00;0.00;Fiber/Plastic;;1990-02-06;MFL;1989-01-01;;2018-09-14
GBR000B10723;;IRL;;;3.96;0.00;0.00;;7.90;0.00;SEA ROSE;606;S606;Skibbereen;;Y;EI2995;N;N;N;;;MO;;GNS, LHP, FPO;62.80;0.00;Fiber/Plastic;;1989-08-24;MFL;1989-01-01;;
GBR000B10832;;IRL;;;3.71;0.00;0.00;;9.50;0.00;CARRAIG NA MARA;37;T37;Tralee;;Y;EIEC9;N;N;N;;;MO;;DRB, GNS, OTB, FPO, LHP, GND;11.20;0.00;Fiber/Plastic;;1989-12-12;MFL;1989-01-01;;
GBR000B10850;;IRL;;;15.40;0.00;0.00;;11.76;0.00;PADDY ROSE;334;C334;Cork;;Y;EIYB8;N;N;N;;;DO;;DRB, NK;60.00;0.00;Metal;;1989-09-22;MFL;1989-01-01;;
GBR000B10869;;IRL;;;14.87;0.00;0.00;;11.01;0.00;LUCY D;242;D242;Dublin;;Y;EI4340;N;N;N;;;DO;;DRB, NK;94.00;0.00;Metal;;1989-01-01;MFL;1988-01-01;;
GBR000B10902;;IRL;;;3.88;0.00;0.00;;8.62;0.00;BAY OF PLENTY;129;DK129;Dundalk;;Y;EILZ9;N;N;N;;;DO;;DRB, NK;55.00;0.00;Metal;;1989-10-02;MFL;1989-01-01;;2020-01-28
GBR000B10912;;IRL;;;4.02;0.00;0.00;;8.30;0.00;IOLAIRE;642;S642;Skibbereen;;Y;EIA2176;N;N;N;;;WO;;GNS, FPO, LHP;56.70;0.00;Fiber/Plastic;;1990-02-01;MFL;1989-01-01;;
GBR000B10918;;IRL;;;1.51;0.00;0.00;;5.79;0.00;ABIGAIL;37P;SO37P;Sligo;;Y;EIDK3;N;N;N;;;WO;;FPO, NK;10.00;0.00;Fiber/Plastic;;1989-06-01;MFL;1989-01-01;;
GBR000B10919;;IRL;;;10.19;0.00;0.00;;9.92;0.00;CREACHAN MHOR;432;SO432;Sligo;;Y;EIZP6;N;N;N;;;MO;;OTB, DRB, FPO, LHP, GNS;46.26;0.00;Metal;;1989-08-25;MFL;1989-01-01;;
GBR000B10933;;IRL;;;9.48;0.00;0.00;;11.12;0.00;GADUS;51;DK51;Dundalk;;Y;EI8573;N;N;N;;;MO;;DRB, NK;96.00;0.00;Metal;;1989-01-30;MFL;1989-01-01;;
GBR000B10967;;IRL;;;2.50;0.00;0.00;;8.80;0.00;LAURA JANE;650;S650;Skibbereen;;Y;EINM7;N;N;N;;;MO;;GNS, GND;40.00;0.00;Fiber/Plastic;;1989-11-14;MFL;1989-01-01;;
GBR000B10969;;IRL;;;22.13;0.00;0.00;;13.39;0.00;SOPHIE C;64;DA64;;;Y;EI7843;N;N;N;8556160;;WOP;;FPO, NK;100.00;0.00;Metal;;1989-01-01;MFL;1989-01-01;;2014-01-24
GBR000B10977;;IRL;;;11.79;10.78;0.00;;9.63;0.00;ROBERT CLARE;301;C301;Cork;;N;;N;N;N;;;TO;;FPO, DRB;70.84;0.00;Metal;;1989-11-13;4G1;1989-01-01;;
GBR000B11028;;IRL;;;8.80;0.00;0.00;;9.75;0.00;ELSIE LOUISE;711;G711;Galway;;Y;EIFV7;N;N;N;;;MO;;DRB, OTB, FPO, DRM;44.83;0.00;Fiber/Plastic;;1989-10-10;MFL;1989-01-01;;
GBR000B11032;;IRL;;;3.92;0.00;0.00;;10.85;0.00;KATHRYN ANN;379;C379;Cork;;Y;EI8606;N;N;N;;;MO;;FPO, LHP, DRB, OTB, OTM, GNS;56.18;0.00;Fiber/Plastic;;1990-01-01;MFL;1989-01-01;;
GBR000B11036;;IRL;;;29.60;0.00;0.00;;11.61;0.00;ALIZE;207;WD207;Wexford;;Y;EI7149;N;N;N;;;MO;;DRB, NK;221.00;0.00;Metal;;1989-11-13;MFL;1989-01-01;;2022-06-16
GBR000B11063;;IRL;;;26.50;0.00;0.00;;13.19;0.00;STEPHANIE I;237;S237;Skibbereen;;Y;EICO9;Y;Y;N;8586361;;MO;;GNS, FPO, OTB;157.52;0.00;Fiber/Plastic;;1989-11-27;MFL;1989-01-01;;
GBR000B11072;;IRL;;;12.81;0.00;0.00;;9.63;0.00;MARTIN PAUL;882;SO882;Sligo;;Y;EI3647;N;N;N;;;MO;;DRB, FPO, LHP, OTM, GND;106.00;0.00;Metal;;1990-05-03;MFL;1989-01-01;;2020-12-22
GBR000B11104;;IRL;;;41.00;0.00;0.00;;15.72;0.00;MAGGIE B;113;WD113;;;Y;EI7530;Y;Y;Y;;;TO;;TBB, NK;172.00;0.00;Metal;;1990-03-13;MFL;1989-10-20;;2006-03-31
GBR000B11142;;IRL;;;5.18;0.00;0.00;;9.72;0.00;RENEGADE;310;WD310;Wexford;;Y;EIQQ3;N;N;N;;;DO;;DRB, NK;75.00;0.00;Metal;;1990-04-04;MFL;1985-01-01;;
GBR000B11145;;IRL;;;107.00;0.00;0.00;;18.04;0.00;SOWENNA;175;S175;Skibbereen;;Y;EIHB5;Y;Y;Y;4045034;;MO;;FPO, OTB, OTM, GNS, LHP;360.00;35.00;Fiber/Plastic;;1990-01-01;MFL;1989-01-01;;
GBR000B11220;;IRL;;;2.65;0.00;0.00;;8.00;0.00;GIRL KAY;982;SO982;Sligo;;Y;EIIH5;N;N;N;;;WO;;GNS, FPO;32.83;0.00;Fiber/Plastic;;1990-03-05;MFL;1982-01-01;;
GBR000B11281;;IRL;;;10.50;0.00;0.00;;11.52;0.00;SEABIRD;65;DA65;Drogheda;;Y;EIOC6;N;N;N;;;PO;;DRB, DRM;60.00;0.00;Metal;;1990-03-22;MFL;1978-01-01;;
GBR000B11343;;IRL;;;6.63;0.00;0.00;;10.65;0.00;CELTIC MONARCH;119;DK119;;;Y;EIDT6;N;N;N;;;DO;;DRB, NK;40.00;0.00;Fiber/Plastic;;1990-05-21;MFL;1990-01-01;;2012-04-25
GBR000B11362;;IRL;;;11.83;0.00;0.00;;9.92;0.00;MICHELLE;454;S454;Skibbereen;;Y;EI8817;N;N;N;;;TO;;OTM, OTB;95.00;0.00;Fiber/Plastic;;1989-01-01;MFL;1989-01-01;;
GBR000B11450;;IRL;;;2.45;0.00;0.00;;7.28;0.00;SHERKY STAR;501;T501;Tralee;;Y;EI6927;N;N;N;;;TO;;DRB, FPO;18.70;0.00;Fiber/Plastic;;1989-01-01;MFL;1989-01-01;;
GBR000B11512;;IRL;;;14.72;0.00;0.00;;11.46;0.00;JENNIFER ANN;223;W223;Waterford;;Y;EI6027;N;N;N;;;TO;;DRB, OTM;89.52;0.00;Metal;;1998-08-12;MFL;1990-01-01;;
GBR000B11570;;IRL;;;8.64;0.00;0.00;;11.58;0.00;GENNESARET;215;WD215;Wexford;;Y;EI7077;N;N;N;;;MO;;DRB, DRM;96.00;0.00;Metal;;1990-10-08;MFL;1990-01-01;;
GBR000B11573;;IRL;;;6.26;0.00;0.00;;9.93;0.00;EXCELSIOR;449;C449;Cork;;Y;EIYE6;N;N;N;;;WO;;GNS, FPO;52.00;0.00;Fiber/Plastic;;1990-07-04;MFL;1990-01-01;;
GBR000B11597;;IRL;;;304.00;0.00;0.00;;26.52;0.00;RACHEL JAY;448;S448;Skibbereen;;Y;EI8447;Y;Y;Y;8808939;;TO;;OTB, OTM, GNS;570.00;380.00;Metal;;2005-12-30;MFL;1990-06-01;;
GBR000B11611;;IRL;;;2.70;0.00;0.00;;7.29;0.00;GIRL GILLIAN;701;D701;Dublin;;Y;EIBJ3;N;N;N;;;WO;;FPO, NK;30.00;0.00;Fiber/Plastic;;1990-06-07;MFL;1978-06-01;;
GBR000B11723;;IRL;;;2.16;0.00;0.00;;7.56;0.00;SWEET WATERS;284;W284;Waterford;;Y;EI4278;N;N;N;;;MO;;FPO, GNS, LHP;26.11;0.00;Fiber/Plastic;;2000-04-02;MFL;1990-01-01;;
GBR000B11728;;IRL;;;1.72;0.00;0.00;;7.40;0.00;SOVEREIGN SUN;730;SO730;Sligo;;Y;EIQB9;N;N;N;;;MO;;OTB, LHP, OTM, GNS;35.00;0.00;Fiber/Plastic;;2015-06-25;MFL;1990-01-01;;
GBR000B11765;;IRL;;;5.48;0.00;0.00;;10.81;0.00;OPTIMIST;409;WT409;Westport;;Y;EIVX9;N;N;N;;;MO;;GNS, FPO, LHP;20.00;0.00;Fiber/Plastic;;1988-11-04;MFL;1988-01-01;;
GBR000B11772;;IRL;;;6.32;0.00;0.00;;9.83;0.00;SWIFT;333;WD333;Wexford;;Y;EIUY9;N;N;N;;;MO;;FPO, GNS, DRB, OTB, LHP;40.00;0.00;Fiber/Plastic;;1990-11-09;MFL;1990-01-01;;
GBR000B11782;;IRL;;;11.32;0.00;0.00;;10.59;0.00;SAOIRSE;141;DA141;Drogheda;;Y;EIXT3;N;N;N;;;TO;;DRB, OTB;90.00;0.00;Aluminium;;1990-09-07;MFL;1989-01-01;;
GBR000B11783;;IRL;;;4.08;0.00;0.00;;8.23;0.00;AILBHE MARIE;614;SO614;Sligo;;Y;EIWH8;N;N;N;;;WO;;FPO, NK;45.00;0.00;Fiber/Plastic;;1990-11-20;MFL;1990-01-01;;
GBR000B11789;;IRL;;;2.87;0.00;0.00;;8.20;0.00;CELTIC STAR;321;W321;Waterford;;Y;EIIY4;N;N;N;;;MO;;LHP, GNS;22.35;0.00;Fiber/Plastic;;2007-05-16;MFL;1995-01-01;;2018-03-12
GBR000B11823;;IRL;;;5.63;0.00;0.00;;9.79;0.00;GEOSAM P;302;WD302;Wexford;;Y;EIA2601;N;N;N;;;WO;;FPO, LHP, GNS, DRB;62.50;0.00;Fiber/Plastic;;1991-01-29;MFL;1990-01-01;;
GBR000B11835;;IRL;;;3.72;0.00;0.00;;9.15;0.00;BEATRICE B;249P;WD249P;Wexford;;Y;EI8600;N;N;N;;;WO;;FPO, NK;56.00;0.00;Fiber/Plastic;;1991-01-22;MFL;1982-01-01;;
GBR000B11933;;IRL;;;248.00;0.00;0.00;;26.64;0.00;ARKH ANGELL;33;DA33;Drogheda;;Y;EILL3;Y;Y;Y;9009413;;TO;;OTB, NK;420.00;0.00;Metal;;1990-12-19;MFL;1990-01-01;2023-06-16;
GBR000B11962;;IRL;;;167.00;0.00;0.00;;32.95;0.00;ANGELA B;158;WD158;;;Y;EI5473;Y;Y;Y;;;MO;;DRB, NK;745.00;0.00;Metal;;1990-12-10;MFL;1964-01-01;2005-12-09;
GBR000B11970;;IRL;;;9.85;0.00;0.00;;9.88;0.00;DOLPHIN;27;DA27;;;N;;N;N;N;;;DO;;DRB, FPO;186.53;0.00;Metal;;1991-04-08;MFL;1991-01-01;;2006-09-08
GBR000B12026;;IRL;;;4.65;0.00;0.00;;9.05;0.00;MARY MARTINA;473;T473;Tralee;;Y;EI2721;N;N;N;;;MO;;OTM, FPO;96.00;0.00;Fiber/Plastic;;1991-04-02;MFL;1991-01-01;;
GBR000B12053;;IRL;;;14.87;0.00;0.00;;9.90;0.00;MAISIE J;419;C419;Cork;;Y;EILS4;N;N;N;;;GO;;GND, GNS;75.00;0.00;Fiber/Plastic;;1991-04-24;MFL;1991-01-01;;
GBR000B12145;;IRL;;;24.56;0.00;0.00;;13.40;0.00;SHAUNETTE;763;SO763;Sligo;;Y;EIXW9;Y;Y;N;;;WO;;FPO, GNS;100.00;0.00;Fiber/Plastic;;1991-06-24;MFL;1991-01-01;;
GBR000B12218;;IRL;;;6.66;0.00;0.00;;9.90;0.00;BOY LEO;182;T182;Tralee;;Y;EIA2935;N;N;N;;;MO;;GNS, FPO, LHP;49.00;0.00;Fiber/Plastic;;1991-10-09;MFL;1991-01-01;;
GBR000B12219;;IRL;;;2.82;0.00;0.00;;9.17;0.00;JODI MAY;210;DK210;Dundalk;;Y;EIVI4;N;N;N;;;DO;;DRB, NK;23.00;0.00;Metal;;1991-07-02;MFL;1987-01-01;;
GBR000B12232;;IRL;;;3.80;0.00;0.00;;8.05;0.00;CHLOE ROSE;3;W3;Waterford;;Y;EIGU8;N;N;N;;;MO;;OTB, OTM;36.00;0.00;Fiber/Plastic;;1991-12-17;MFL;1991-01-01;;
GBR000B12254;;IRL;;;3.56;0.00;0.00;;8.03;0.00;REBECCA JANE;37;W37;Waterford;;Y;EIFO9;N;N;N;;;MO;;LHP, DRB, FPO, GNS, OTB;30.00;0.00;Fiber/Plastic;;1991-07-01;MFL;1991-01-01;;
GBR000B12331;;IRL;;;251.00;0.00;0.00;;30.55;0.00;ALMA C;56;DA56;Drogheda;;N;;N;Y;Y;;;TO;;OTB, NK;671.00;0.00;Metal;;1991-08-15;4G1;1979-01-01;;
GBR000B12358;;IRL;;;1.73;0.00;0.00;;7.09;0.00;DOLPHIN;767;G767;Galway;;Y;EIA2228;N;N;N;;;MO;;GNS, FPO, LHP;8.50;0.00;Fiber/Plastic;;1991-11-25;MFL;1991-01-01;;
GBR000B12515;;IRL;;;1.50;0.00;0.00;;6.45;0.00;WINNIE THE POOH;402;C402;Cork;;Y;EIGR9;N;N;N;;;MO;;LHP, OTM, DRB, FPO, OTB, GNS;13.00;0.00;Fiber/Plastic;;1992-04-27;MFL;1985-01-01;;
GBR000B12570;;IRL;;;2.55;0.00;0.00;;7.50;0.00;CHLOE;776;SO776;Sligo;;Y;EIA2557;N;N;N;;;DO;;DRB, NK;28.00;0.00;Fiber/Plastic;;1992-03-30;MFL;1991-01-01;;
GBR000B12596;;IRL;;;2.41;0.00;0.00;;8.15;0.00;CORAL STRAND;824;G824;Galway;;Y;EI2693;N;N;N;;;MO;;DRB, DRM, FPO, GNS, LHP;18.58;0.00;Fiber/Plastic;;1992-05-01;MFL;1991-01-01;;
GBR000B12665;;IRL;;;5.86;0.00;0.00;;9.77;0.00;JUST ABOUT;567;G567;Galway;;Y;EI8001;N;N;N;;;WO;;FPO, LHP;50.00;0.00;Fiber/Plastic;;1992-03-19;MFL;1988-01-01;;2018-06-12
GBR000B12678;;IRL;;;2.83;0.00;0.00;;7.51;0.00;CELTIC LASS;556;S556;Skibbereen;;Y;EIIT9;N;N;N;;;GO;;GNS, FPO;30.00;0.00;Fiber/Plastic;;1992-01-01;MFL;1992-01-01;;
GBR000B12682;;IRL;;;2.27;0.00;0.00;;7.69;0.00;HANNAHS HOPE;219P;WD219P;;;Y;EI3988;N;N;N;;;WO;;FPO, NK;90.00;0.00;Fiber/Plastic;;1992-01-01;MFL;1979-01-01;;2014-01-31
GBR000B12716;;IRL;;;12.32;0.00;0.00;;11.25;0.00;GLENRINNES;199;WD199;;;Y;EI8426;N;N;N;;;MO;;GNS, FPO;82.00;0.00;Fiber/Plastic;;1992-05-07;MFL;1973-01-01;;2015-03-09
GBR000B12742;;IRL;;;3.67;0.00;0.00;;7.10;0.00;OSPREY;221;S221;;;Y;EI4584;N;N;N;;;MO;;FPO, LHP;20.62;0.00;Fiber/Plastic;;1992-01-01;MFL;1984-01-01;;2016-02-03
GBR000B12824;;IRL;;;7.17;0.00;0.00;;9.80;0.00;MAURA KATE;133;DA133;Drogheda;;Y;EISJ6;N;N;N;;;MO;;DRB, NK;60.00;0.00;Metal;;1992-06-02;MFL;1991-01-01;;
GBR000B12860;;IRL;;;2.64;0.00;0.00;;7.41;0.00;CONSTANT HOPE III;680;G680;United Kingdom;;Y;EIBL7;N;N;N;;;MO;;OTM, DRB;23.43;0.00;Fiber/Plastic;;1992-01-01;MFL;1989-01-01;;2014-07-17
GBR000B12936;;IRL;;;2.52;0.00;0.00;;7.20;0.00;GUARDIAN ANGEL II;936;G936;Galway;;Y;EIA3076;N;N;N;;;MO;;GNS, FPO, LHP;15.00;0.00;Fiber/Plastic;;2025-03-29;MFL;1992-01-01;;
GBR000B13187;;IRL;;;5.85;0.00;0.00;;9.78;0.00;DARCY ROSE;113;DA113;Drogheda;;Y;EIPE6;N;N;N;;;DO;;DRB, NK;83.00;0.00;Metal;;1992-07-13;MFL;1990-01-01;;
GBR000B13210;;IRL;;;3.37;0.00;0.00;;7.02;0.00;MISTY ISLE II;952;SO952;Sligo;;Y;EI3221;N;N;N;;;MO;;FPO, OTM;38.97;0.00;Fiber/Plastic;;1993-01-01;MFL;1990-01-01;;2024-01-08
GBR000B13475;;IRL;;;6.12;0.00;0.00;;9.80;0.00;IRIS;201;DK201;Dundalk;;Y;EIA3195;N;N;N;;;DO;;DRB, NK;67.00;0.00;Metal;;1992-12-03;MFL;1992-01-01;;
GBR000B13578;;IRL;;;1.16;0.00;0.00;;6.07;0.00;SIAR O THUAIDH;59;T59;Finland;;Y;EIIG5;N;N;N;;;MO;;GNS, FPO;22.38;0.00;Fiber/Plastic;;1993-01-01;MFL;1993-01-01;;2017-06-14
GBR000B13946;;IRL;;;5.30;0.00;0.00;;10.73;0.00;LAVICCA;257;WD257;Wexford;;Y;EIKT4;N;N;N;;;MO;;GND, FPO;45.00;0.00;Fiber/Plastic;;1994-04-21;MFL;1990-01-01;2015-05-18;
GBR000B14014;;IRL;;;94.00;0.00;0.00;;16.84;0.00;ASHRONA;18;S18;Skibbereen;;Y;EI8805;Y;Y;Y;8576794;;TO;;LNB, GNS, OTB, SDN, PTM, PTB;260.00;0.00;Metal;;1994-06-01;MFL;1994-01-01;;
GBR000B14038;;IRL;;;1.23;0.00;0.00;;6.40;0.00;TARA SIOBHAN;439;WT439;Westport;;Y;EIA2276;N;N;N;;;MO;;GNS, FPO, LHP;12.00;0.00;Fiber/Plastic;;1994-04-18;MFL;1992-01-01;;
GBR000B14100;;IRL;;;4.85;0.00;0.00;;9.99;0.00;LADY K;536;T536;Tralee;;Y;EI2738;N;N;N;;;MO;;GNS, FPO;50.00;0.00;Fiber/Plastic;;2007-05-21;MFL;1994-01-01;;
GBR000B14185;;IRL;;;3.43;0.00;0.00;;9.18;0.00;OCEAN ROSE;435;SO435;Sligo;;Y;EIZQ2;N;N;N;;;MO;;FPO, OTM, LHP, OTB, DRB, GNS;14.92;0.00;Fiber/Plastic;;1994-10-31;MFL;1978-01-01;;
GBR000B14292;;IRL;;;8.37;0.00;0.00;;9.95;0.00;DONNA MARY;389P;SO389P;Sligo;;Y;EIOJ5;N;N;N;;;WO;;FPO, NK;97.30;0.00;Fiber/Plastic;;1995-01-01;MFL;1991-01-01;;2025-01-21
GBR000B14343;;IRL;;;5.11;0.00;0.00;;9.68;0.00;PROVIDENCE II;150;DA150;Drogheda;;Y;EIA2159;N;N;N;;;DO;;DRB, NK;70.00;0.00;Metal;;1995-06-13;MFL;1995-01-01;;
GBR000B14344;;IRL;;;24.23;0.00;0.00;;14.50;0.00;SIAN ELIZABETH;199;DA199;Drogheda;;Y;EIMC5;Y;Y;N;;;DO;;DRB, NK;179.00;0.00;Metal;;1995-06-14;MFL;1995-01-01;;
GBR000B14355;;IRL;;;1.69;0.00;0.00;;7.16;0.00;SURF HUNTER;706;D706;;;Y;EIJD5;N;N;N;;;WO;;FPO, LHP;20.00;0.00;Fiber/Plastic;;1986-06-01;MFL;1986-01-01;;2016-03-09
GBR000B14362;;IRL;;;18.80;0.00;0.00;;11.63;0.00;JESS A DAN;288;W288;;;Y;EI2003;N;N;N;;;MO;;GND, NK;120.00;0.00;Fiber/Plastic;;2005-06-15;MFL;1995-01-01;;2010-02-12
GBR000B14471;;IRL;;;14.90;0.00;0.00;;11.93;0.00;CONOR OG;209;DK209;Dundalk;;Y;EIDH4;N;N;N;;;DO;;DRB, FPO, DRM;179.00;0.00;Fiber/Plastic;;2007-07-02;MFL;1995-01-01;;
GBR000B14576;;IRL;;;4.86;0.00;0.00;;9.86;0.00;BOY GRIFFIN;131;T131;Tralee;;Y;EIPE2;N;N;N;;;GO;;GND, FPO;60.00;0.00;Fiber/Plastic;;1996-02-22;MFL;1984-01-01;;
GBR000B14618;;IRL;;;2.83;0.00;0.00;;8.80;0.00;LAURA ANN;54;S54;Skibbereen;;Y;EILU8;N;N;N;;;MO;;GNS, GND, FPO, LHP;104.00;0.00;Fiber/Plastic;;1996-03-07;MFL;1996-01-01;;
GBR000B14619;;IRL;;;1.09;0.00;0.00;;5.93;0.00;FIONA MAJELLA II;255;SO255;Sligo;;Y;EIFP6;N;N;N;;;MO;;GNS, LHP, FPO;7.39;0.00;Fiber/Plastic;;1996-04-29;MFL;1996-01-01;;
GBR000B14621;;IRL;;;6.53;0.00;0.00;;9.74;0.00;STARLIGHT;340;W340;Waterford;;Y;EIKN3;N;N;N;;;MO;;OTB, FPO;50.00;0.00;Fiber/Plastic;;1996-06-17;MFL;1993-01-01;;
GBR000B14723;;IRL;;;320.00;0.00;23.00;;33.29;0.00;CROINE;208;S208;Skibbereen;;Y;EI5519;Y;Y;Y;7904786;;TO;;OTM, OTB;709.00;0.00;Metal;;1996-01-01;MFL;1980-01-01;;
GBR000B14730;;IRL;;;5.86;0.00;0.00;;9.97;0.00;JUST ABOUT II;894;G894;Galway;;Y;EIUD6;N;N;N;;;WO;;GNS, FPO;50.00;0.00;Fiber/Plastic;;1996-09-16;MFL;1996-01-01;;
GBR000B14733;;IRL;;;3.00;0.00;0.00;;8.03;0.00;FOUR WINDS I;31;WD31;;;Y;EI7058;N;N;N;;;FX;;GND, FPO;60.00;0.00;Fiber/Plastic;;1996-01-01;MFL;1990-01-01;;2016-02-02
GBR000B14753;;IRL;;;4.30;0.00;0.00;;9.20;0.00;LILY KAY;629;S629;Skibbereen;;Y;EIND3;N;N;N;;;MO;;FPO, LHM, GNS;34.00;0.00;Fiber/Plastic;;1996-08-01;MFL;1994-01-01;;
GBR000B14813;;IRL;;;5.80;0.00;0.00;;9.80;0.00;GEORGIE GIRL;140;T140;Tralee;;Y;EI2119;N;N;N;;;MO;;GNS, FPO, DRB;63.00;0.00;Fiber/Plastic;;1996-09-17;MFL;1996-01-01;;
GBR000B14829;;IRL;;;1.24;0.00;0.00;;6.22;0.00;MARCELLA II;3;W3;;;Y;EI8596;N;N;N;;;MO;;DRB, OTM;29.80;0.00;Fiber/Plastic;;1996-01-01;MFL;1996-01-01;;2008-08-01
GBR000B14838;;IRL;;;2.10;0.00;0.00;;7.79;0.00;AURORA 2;216P;WD216P;;;Y;EI3161;N;N;N;;;WO;;FPO, NK;83.60;0.00;Fiber/Plastic;;1997-01-01;MFL;1990-01-01;;2009-10-09
GBR000B14867;;IRL;;;2.69;0.00;0.00;;7.78;0.00;NEW VENTURE;14;S14;Skibbereen;;Y;EIVX5;N;N;N;;;MO;;DRB, NK;16.50;0.00;Fiber/Plastic;;2019-09-19;MFL;1976-01-01;;
GBR000B14870;;IRL;;;13.80;0.00;0.00;;11.76;0.00;TARKA;330;WD330;Wexford;;Y;EIVB7;N;N;N;;;MO;;GNS, DRB, LHP, OTB, FPO;62.50;0.00;Fiber/Plastic;;1996-11-11;MFL;1996-01-01;;
GBR000B14884;;IRL;;;9.79;0.00;0.00;;9.99;0.00;TERRI LOUISE;246;WD246;Wexford;;Y;EICQ6;N;N;N;;;WO;;DRB, FPO;62.50;0.00;Metal;;1988-01-02;MFL;1988-01-01;;
GBR000B14940;;IRL;;;12.01;0.00;0.00;;9.98;0.00;LITTLE PEARL;318;WD318;Wexford;;Y;EISU3;N;N;N;;;WO;;FPO, GNS, OTB;92.00;0.00;Fiber/Plastic;;1997-04-18;MFL;1997-01-01;;
GBR000B14943;;IRL;;;6.43;0.00;0.00;;11.99;0.00;ALISHA MARY;382;SO382;Sligo;;Y;EIQE9;N;N;N;;;WO;;FPO, LHP, GNS;67.00;0.00;Fiber/Plastic;;1997-02-20;MFL;1995-01-01;;
GBR000B14962;;IRL;;;12.99;0.00;0.00;;9.94;0.00;SOLAN;84;DA84;Drogheda;;Y;EIEP4;N;N;N;;;TO;;DRB, LHP, OTM;64.00;0.00;Metal;;2008-03-25;MFL;1997-01-01;;2022-11-24
GBR000B15019;;IRL;;;9.34;0.00;0.00;;9.79;0.00;ROANNAH;300;W300;Waterford;;Y;EIIH2;N;N;N;;;MO;;OTM, FPO, OTB, GNS, DRB, DRM;71.25;0.00;Metal;;1997-03-26;MFL;1997-01-01;;
GBR000C15912;;IRL;;;1.35;0.00;0.00;;5.70;0.00;TONNTA II;733;S733;Skibbereen;;Y;EIA2922;N;N;N;;;MO;;LHP, GNS, FPO;14.00;0.00;Metal;;2020-09-11;MFL;2020-01-01;;
GBR000C16007;;IRL;;;5.68;0.00;0.00;;8.30;0.00;MAGGIE ANNE;200;SO200;Sligo;;Y;EIBO5;N;N;N;;;MO;;FPO, OTB, DRB;83.55;0.00;Fiber/Plastic;;1997-04-25;MFL;1997-01-01;;
GBR000C16047;;IRL;;;5.21;0.00;0.00;;8.35;0.00;JEN LAURA II;221;SO221;Sligo;;Y;EIA2460;N;N;N;;;MO;;OTB, FPO, GNS, DRB, LHP;96.00;0.00;Fiber/Plastic;;1997-07-16;MFL;1997-04-12;;
GBR000C16104;;IRL;;;3.16;0.00;0.00;;8.05;0.00;LADY JANE;79;DA79;Drogheda;;Y;EIBJ2;N;N;N;;;DO;;DRB, NK;44.70;0.00;Fiber/Plastic;;1997-07-21;MFL;1997-01-01;;2019-04-01
GBR000C16154;;IRL;;;15.20;0.00;0.00;;9.87;0.00;SOUTHERN SUN V;309;W309;Waterford;;Y;EIJO9;N;N;N;;;MO;;OTM, OTB;95.50;0.00;Metal;;1998-02-17;MFL;1997-01-01;;
GBR000C16155;;IRL;;;6.52;0.00;0.00;;9.89;0.00;GIRL NICOLE;988P;SO988P;Sligo;;Y;EIPQ3;N;N;N;;;WO;;FPO, NK;95.00;0.00;Fiber/Plastic;;1997-11-18;MFL;1997-01-01;;
GBR000C16160;;IRL;;;184.00;0.00;0.00;;21.26;0.00;LADY EMMA;342;WD342;Wexford;;Y;EIYA4;Y;Y;Y;8774085;;TO;;OTM, OTB;438.00;0.00;Wood;;1997-09-12;MFL;1997-01-01;;
GBR000C16172;;IRL;;;244.00;0.00;0.00;;24.40;0.00;RESILIENT;125;DA125;Drogheda;;Y;EIRA9;Y;Y;Y;9171797;;TO;;OTB, OTM;616.00;0.00;Metal;;1997-12-01;MFL;1997-01-01;2023-06-19;
GBR000C16181;;IRL;;;6.70;0.00;0.00;;9.89;0.00;CLODAGH MAI;110;S110;Skibbereen;;Y;EITF6;N;N;N;;;WO;;LHP, GNS, DRB, FPO;45.00;0.00;Fiber/Plastic;;1998-01-06;MFL;1997-01-01;;
GBR000C16182;;IRL;;;5.36;0.00;0.00;;9.88;0.00;LYNN CATHERINE;682;D682;Dublin;;Y;EI8252;N;N;N;;;MO;;FPO, GNS;112.00;0.00;Fiber/Plastic;;1997-12-08;MFL;1989-01-01;;
GBR000C16207;;IRL;;;16.84;0.00;0.00;;11.77;0.00;KINGFISHER;208;DK208;Dundalk;;Y;EITG2;N;N;N;;;DO;;DRB, NK;44.00;0.00;Metal;;1997-11-12;MFL;1997-01-01;;
GBR000C16235;;IRL;;;240.00;0.00;0.00;;23.99;0.00;PROGRESS II;966;SO966;Sligo;;Y;EI6893;Y;Y;Y;8955615;;TO;;OTB, OTM;652.75;0.00;Metal;;1998-01-02;MFL;1997-01-01;;
GBR000C16406;;IRL;;;361.00;0.00;0.00;;27.00;0.00;MARK AMAY II;954;SO954;;;Y;EIFM7;Y;Y;Y;9183099;;TO;;SSC, OTM;744.00;190.00;Metal;;1998-06-01;MFL;1998-01-01;;2016-02-11
GBR000C16486;;IRL;;;34.56;0.00;0.00;;13.21;0.00;WAYFINDER;313;W313;Waterford;;Y;EILF8;Y;Y;N;8576287;;TO;;GNS, OTB;179.00;0.00;Metal;;1998-07-01;MFL;1998-01-01;;
GBR000C16501;;IRL;;;16.12;0.00;0.00;;9.71;0.00;BOY BRADLEY;303;WD303;Wexford;;Y;EIEM2;N;N;N;;;DO;;DRB, NK;172.00;0.00;Metal;;1998-11-05;MFL;1998-01-01;;
GBR000C16506;;IRL;;;8.28;0.00;0.00;;9.85;0.00;SAM LEWETTE;712;G712;United Kingdom;;Y;EIFW6;N;N;N;;;FX;;OTM, DRB;53.38;0.00;Fiber/Plastic;;1998-01-01;MFL;1998-01-01;;2015-06-29
GBR000C16523;;IRL;;;1.91;0.00;0.00;;8.19;0.00;GIRL AOIFE;96;DA96;Galway;;Y;EI8613;N;N;N;;;WO;;FPO, NK;25.00;0.00;Fiber/Plastic;;1978-01-01;MFL;1978-01-01;;
GBR000C16550;;IRL;;;6.35;0.00;0.00;;9.54;0.00;BOY GRANT II;899;G899;Galway;;Y;EIVC2;N;N;N;;;MO;;FPO, LHP, GNS;58.00;0.00;Fiber/Plastic;;1998-11-12;MFL;1998-01-01;;
GBR000C16551;;IRL;;;3.02;0.00;0.00;;7.92;0.00;SEA LION;394;C394;Cork;;Y;EIBR2;N;N;N;;;WO;;GNS, FPO;28.40;0.00;Fiber/Plastic;;2000-07-17;MFL;1984-01-01;;
GBR000C16558;;IRL;;;0.88;0.00;0.00;;4.88;0.00;FINN;288;WD288;Wexford;;Y;EIRG9;N;N;N;;;MO;;GND, GNS, LHP, FPO;5.97;0.00;Fiber/Plastic;;1999-05-17;MFL;1973-01-01;;2019-02-05
GBR000C16581;;IRL;;;6.10;0.00;0.00;;9.80;0.00;NEW DAWN;728;D728;Dublin;;Y;EIA2454;N;N;N;;;MO;;GNS, FPO, LHP;62.50;0.00;Fiber/Plastic;;1998-12-30;MFL;1998-01-01;;
GBR000C16593;;IRL;;;629.00;0.00;0.00;;33.75;0.00;CARVIDA;857;SO857;Sligo;;Y;EI7007;Y;Y;Y;9177014;;MO;;OTM, NK;1022.00;279.00;Metal;;2003-03-21;MFL;1997-01-01;;
GBR000C16639;;IRL;;;130.00;0.00;0.00;;17.95;0.00;COURAGE;790;W790;Waterford;;Y;EIOQ5;Y;Y;Y;8957209;;TO;;OTB, OTM;375.00;0.00;Metal;;1999-05-14;MFL;1999-01-01;;
GBR000C16735;;IRL;;;15.67;0.00;0.00;;13.34;0.00;OCEAN STAR;315;WD315;Wexford;;Y;EIIY6;Y;Y;N;;;DO;;DRB, NK;45.00;0.00;Metal;;1999-07-14;MFL;1980-01-01;;
GBR000C16744;;IRL;;;1.49;0.00;0.00;;6.48;0.00;ST MICHAEL;100;DA100;Drogheda;;Y;EIHJ8;N;N;N;;;MO;;LHP, GND, GNS, FPO;17.00;0.00;Fiber/Plastic;;1999-07-01;MFL;1984-01-01;;
GBR000C16758;;IRL;;;15.40;0.00;0.00;;9.90;0.00;PREVAIL;305;WD305;Wexford;;Y;EIQE3;N;N;N;;;MO;;OTB, GNS, FPO, DRM, DRB, OTM;90.00;0.00;Metal;;1999-08-17;MFL;1999-01-01;;2020-06-15
GBR000C16816;;IRL;;;7.20;0.00;0.00;;9.20;0.00;GIRL KAYLA;877;SO877;Sligo;;Y;EITI6;N;N;N;;;DO;;DRB, NK;45.00;0.00;Metal;;1999-11-19;MFL;1999-01-01;;
GBR000C16822;;IRL;;;9.48;0.00;0.00;;9.79;0.00;MEDWAY IV;147;DA147;Drogheda;;Y;EIA2038;N;N;N;;;DO;;DRB, DRM;74.60;0.00;Metal;;1999-10-12;MFL;1999-01-01;;
GBR000C16832;;IRL;;;4.18;0.00;0.00;;9.11;0.00;ADVANCE;461;T461;Tralee;;Y;EI7064;N;N;N;;;MO;;GNS, FPO;111.00;0.00;Fiber/Plastic;;1999-10-22;MFL;1999-01-01;;
GBR000C16840;;IRL;;;9.25;0.00;0.00;;9.35;0.00;OPHELIA;399;WT399;Westport;;Y;EIUK5;N;N;N;;;MO;;DRB, GNS, DRM, FPO, SX, OTB;29.50;0.00;Wood;;1999-10-12;MFL;1971-01-01;;2021-02-01
GBR000C16851;;IRL;;;5.80;0.00;0.00;;9.48;0.00;BETTY M;619;S619;Skibbereen;;Y;EIMN6;N;N;N;;;MO;;FPO, GNS, LHP;80.00;0.00;Fiber/Plastic;;2000-06-05;MFL;2000-01-01;;
GBR000C16871;;IRL;;;6.10;0.00;0.00;;9.36;0.00;IOLAIR;676;S676;Skibbereen;;Y;EISD9;N;N;N;;;MO;;GNS, FPO, LHP;62.50;0.00;Fiber/Plastic;;1999-11-10;MFL;1999-01-01;;
GBR000C16911;;IRL;;;183.00;0.00;0.00;;21.70;0.00;MELLIFONT;1;DA1;Drogheda;;Y;EI7328;Y;Y;Y;8965402;;TO;;OTB, OTM;460.00;0.00;Metal;;2000-01-07;MFL;1999-01-01;;
GBR000C16997;;IRL;;;7.07;0.00;0.00;;9.92;0.00;LEO C;88;DA88;Drogheda;;Y;EIGI4;N;N;N;;;DO;;DRB, NK;28.03;0.00;Metal;;2000-08-07;MFL;1985-01-01;;
GBR000C17026;;IRL;;;6.00;0.00;0.00;;9.95;0.00;ESTROLITA I;110;C110;Cork;;Y;EIA2158;N;N;N;;;MO;;SPR, SSC, PS, SDN;52.00;0.00;Fiber/Plastic;;2000-06-26;MFL;2000-01-01;;
GBR000C17047;;IRL;;;6.03;0.00;0.00;;9.67;0.00;CIARA MARIE;386;WT386;Westport;;Y;EISO8;N;N;N;;;MO;;GNS, FPO;51.00;0.00;Fiber/Plastic;;2000-08-24;MFL;2000-01-01;;
GBR000C17089;;IRL;;;9.89;0.00;0.00;;9.70;0.00;ELLEN M;683;S683;Skibbereen;;Y;EIPY3;N;N;N;;;MO;;OTB, GNS, FPO, DRB, LHP, PS;60.74;0.00;Fiber/Plastic;;2000-08-11;MFL;1988-01-01;;
GBR000C17117;;IRL;;;4.99;0.00;0.00;;7.90;0.00;AINE TREASA;128;T128;Finland;;Y;EINY5;N;N;N;;;MO;;FPO, GND;20.00;0.00;Fiber/Plastic;;2000-11-02;MFL;1999-01-01;;2015-12-08
GBR000C17127;;IRL;;;7.28;0.00;0.00;;9.68;0.00;SARAH JANE;262;WD262;Wexford;;Y;EIHS8;N;N;N;;;MO;;FPO, GNS, LHP, OTM, PS, OTB;50.00;0.00;Fiber/Plastic;;2000-09-01;MFL;2000-01-01;;2019-06-17
GBR000C17162;;IRL;;;5.45;0.00;0.00;;8.74;0.00;IOLAIR;676;T676;Tralee;;Y;EIA2199;N;N;N;;;WO;;GNS, LHP, FPO;52.20;0.00;Fiber/Plastic;;2001-02-02;MFL;2000-01-01;;
GBR000C17247;;IRL;;;297.00;0.00;0.00;;24.80;0.00;ACHIEVE;954;SO954;Sligo;;Y;EITG6;Y;Y;Y;9222144;;TO;;OTB, NK;738.00;0.00;Metal;;2001-02-09;MFL;2001-01-01;2023-06-29;
GBR000C17285;;IRL;;;7.25;0.00;0.00;;9.94;0.00;RISE N SHINE;791;G791;United Kingdom;;Y;EI5214;N;N;N;;;MO;;GNS, FPO;51.00;0.00;Fiber/Plastic;;2001-03-28;MFL;2001-01-01;;2012-03-26
GBR000C17309;;IRL;;;8.90;0.00;0.00;;9.81;0.00;EMMA LOU;450;T450;Tralee;;Y;EIAJ3;N;N;N;;;MO;;DRB, NK;110.00;0.00;Fiber/Plastic;;2001-06-11;MFL;2001-06-01;;
GBR000C17317;;IRL;;;1.95;0.00;0.00;;8.09;0.00;INISH MOURNE;85;DK85;;;Y;EI2259;N;N;N;;;TO;;DRB, NK;22.00;0.00;Fiber/Plastic;;2001-05-09;MFL;1990-01-01;;2017-03-28
GBR000C17322;;IRL;;;7.64;0.00;0.00;;9.57;0.00;SHARON M;75;DK75;Dundalk;;Y;EI7756;N;N;N;;;DO;;DRB, NK;115.00;0.00;Metal;;2001-07-24;MFL;2001-06-30;;
GBR000C17339;;IRL;;;128.00;0.00;0.00;;32.00;0.00;WESTERN ADVENTURE II;87A;T87A;Tralee;;Y;EIGD4;Y;N;Y;8136142;;DO;;DRB, NK;409.00;0.00;Metal;;2001-03-21;AQU;1980-01-01;;
GBR000C17364;;IRL;;;1.43;0.00;0.00;;5.86;0.00;ISLAND FISHER;527;SO527;Sligo;;Y;EIYT7;N;N;N;;;MO;;GNS, FPO, LHP;13.00;0.00;Fiber/Plastic;;2001-01-25;MFL;2000-01-01;;
GBR000C17368;;IRL;;;7.18;0.00;0.00;;9.84;0.00;CENTURION;325;WD325;Wexford;;Y;EIOT5;N;N;N;;;MO;;GNS, FPO;84.00;0.00;Fiber/Plastic;;2001-07-16;MFL;2000-01-01;;
GBR000C17371;;IRL;;;42.50;0.00;0.00;;13.89;0.00;ROISIN BAIRBRE;777;G777;Galway;;Y;EIKG7;Y;Y;N;8571641;;MO;;OTM, SSC, GNS, OTB;224.00;0.00;Metal;;2010-10-19;MFL;2001-01-01;;2018-12-04
GBR000C17380;;IRL;;;9.43;0.00;0.00;;9.69;0.00;SOLAS NA MARA;99;S99;;;Y;EIME9;N;N;N;;;TO;;LNB, GND;100.00;0.00;Fiber/Plastic;;2001-07-10;MFL;2001-01-01;;2015-10-06
GBR000C17485;;IRL;;;5.68;0.00;0.00;;9.77;0.00;PROSPERITY;489;S489;Skibbereen;;Y;EI8903;N;N;N;;;TO;;OTM, GNS;119.00;0.00;Fiber/Plastic;;2001-11-19;MFL;2000-11-22;;
GBR000C17512;;IRL;;;52.90;0.00;0.00;;14.95;0.00;CASTLEMORE;297;S297;Skibbereen;;Y;EISI7;Y;Y;N;8593625;;TO;;OTB, GNS, OTM;214.00;0.00;Metal;;2017-01-01;MFL;2001-01-01;;2023-11-15
GBR000C17515;;IRL;;;9.80;0.00;0.00;;9.47;0.00;MISTY DAWN;539;T539;Tralee;;Y;EI3307;N;N;N;;;WO;;FPO, GNS;50.00;0.00;Fiber/Plastic;;2002-01-01;MFL;1995-01-01;;
GBR000C17527;;IRL;;;5.82;0.00;0.00;;9.50;0.00;BOUNTY;285;WD285;Wexford;;Y;EILY3;N;N;N;;;MO;;OTB, GND;86.00;0.00;Fiber/Plastic;;2002-07-01;MFL;2002-01-01;;
GBR000C17539;;IRL;;;42.46;0.00;0.00;;13.89;0.00;STARONIA II;633;S633;Skibbereen;;Y;EILA8;Y;Y;N;8577334;;MO;;FPO, OTB, SX, GNS, OTM, PTM;134.92;0.00;Metal;;2002-03-04;MFL;2002-01-01;;
GBR000C17583;;IRL;;;6.00;0.00;0.00;;9.50;0.00;PATHFINDER;282;WD282;Wexford;;Y;EILW3;N;N;N;;;WO;;FPO, LHP;140.00;0.00;Fiber/Plastic;;2002-04-30;MFL;2002-01-01;;
GBR000C17793;;IRL;;;1632.00;0.00;0.00;;61.50;0.00;VERONICA I;730;D730;Dublin;;Y;EITH3;Y;Y;Y;9256810;;TO;;OTB, OTM;3452.00;0.00;Metal;;2002-12-19;MFL;2002-01-01;;2022-09-22
GBR000C17809;;IRL;;;215.00;0.00;0.00;;22.64;0.00;CATHERINE R;956;SO956;Sligo;;Y;EIOF9;Y;Y;Y;9261475;;TO;;OTB, OTM;460.00;0.00;Metal;;2003-02-24;MFL;2003-01-01;2023-02-22;
GBR000C17819;;IRL;;;5.48;0.00;0.00;;8.63;0.00;SONAS M;524;S524;;;Y;EIEC6;N;N;N;;;WO;;GNS, FPO;84.00;0.00;Fiber/Plastic;;2003-02-25;MFL;2002-01-01;;2012-04-10
GBR000C18031;;IRL;;;1.92;0.00;0.00;;7.16;0.00;SEA OTTER;240;WD240;;;Y;EI-AC-4;N;N;N;;;WO;;DRB, LHP;15.00;0.00;Fiber/Plastic;;2003-10-30;MFL;1985-01-01;;2017-05-15
GBR000C18047;;IRL;;;138.00;0.00;0.00;;16.80;0.00;EXCEL;110;W110;Waterford;;Y;EIIZ7;Y;Y;Y;9280990;;TO;;OTM, OTB;360.00;0.00;Metal;;2003-06-01;MFL;2003-01-01;;
GBR000C18050;;IRL;;;11.40;0.00;0.00;;9.98;0.00;AMBER MIST;272;WD272;Wexford;;Y;EIKL4;N;N;N;;;MO;;FPO, OTM, DRB, GNS, LHP, OTB;95.00;0.00;Metal;;2004-01-12;MFL;2004-01-01;;
GBR000C18066;;IRL;;;1.56;0.00;0.00;;6.19;0.00;BANRION NA FARRAIGE;772P;G772P;Galway;;Y;EIJU4;N;N;N;;;WO;;FPO, NK;17.50;0.00;Fiber/Plastic;;2003-06-01;MFL;2003-01-01;;
GBR000C18125;;IRL;;;60.87;0.00;0.00;;14.95;0.00;MARY ELLEN;77;SO77;Sligo;;Y;EIA2566;Y;Y;N;8541127;;WO;;FPO, LHP;150.00;0.00;Metal;;2004-03-24;MFL;2004-01-01;;
GBR000C18146;;IRL;;;5.07;0.00;0.00;;8.26;0.00;LEIGHANNE;734;G734;Galway;;Y;EIGZ8;N;N;N;;;MO;;GNS, FPO;55.00;0.00;Fiber/Plastic;;2004-04-16;MFL;2004-01-01;;
GBR000C18150;;IRL;;;93.00;0.00;0.00;;18.41;0.00;CAAREEN;693;S693;Skibbereen;;Y;EIVA2;Y;Y;Y;8799970;;TO;;GNS, FPO;221.00;0.00;Wood;;2004-04-08;MFL;1979-01-01;2023-06-23;
GBR000C18154;;IRL;;;3.07;0.00;0.00;;9.41;0.00;MANXIE;129;WD129;Wexford;;Y;EILW2;N;N;N;;;MO;;FPO, DRB, GNS, LHP;37.50;0.00;Fiber/Plastic;;2004-05-24;MFL;1994-01-01;;
GBR000C18167;;IRL;;;3.34;0.00;0.00;;7.91;0.00;MAJOR DISTRACTION;383;SO383;;;Y;EIBO9;N;N;N;;;FX;;LHP, FPO;33.00;0.00;Fiber/Plastic;;2004-01-01;MFL;2004-01-01;;2014-08-28
GBR000C18185;;IRL;;;24.30;0.00;0.00;;13.21;0.00;JEANETTE ROBERTA;58;S58;Skibbereen;;Y;EI8691;N;Y;N;;;TO;;OTB, FPO;145.00;0.00;Fiber/Plastic;;1992-01-01;MFL;1992-01-01;2012-02-16;
GBR000C18205;;IRL;;;6.74;0.00;0.00;;9.80;0.00;GINALYN;761;G761;Galway;;Y;EIJC4;N;N;N;;;MO;;OTB, GND;60.10;0.00;Fiber/Plastic;;2004-06-01;MFL;2004-01-01;;
GBR000C18216;;IRL;;;15.60;0.00;0.00;;9.95;0.00;MIA-C;119;WD119;Wexford;;Y;EIQC6;N;N;N;;;DO;;DRB, DRM;110.00;0.00;Metal;;2004-06-29;MFL;2000-01-01;;2019-04-29
GBR000C18230;;IRL;;;1.65;0.00;0.00;;5.90;0.00;CRAYDEN;31;S31;Skibbereen;;Y;EIVL4;N;N;N;;;MO;;FPO, GNS, LHP;20.00;0.00;Fiber/Plastic;;2004-11-30;MFL;2001-01-01;;
GBR000C18320;;IRL;;;4.37;0.00;0.00;;9.07;0.00;GIRL DENISE;649;S649;Skibbereen;;Y;EIOP2;N;N;N;;;MO;;GND, GNS;62.50;0.00;Fiber/Plastic;;2006-08-03;MFL;2004-01-01;;
GBR000C18342;;IRL;;;6.60;0.00;0.00;;9.94;0.00;MERDINA II;719;D719;Dublin;;Y;EITY9;N;N;N;;;WO;;FPO, NK;92.50;0.00;Fiber/Plastic;;2005-01-27;MFL;2004-01-01;;
GBR000C18370;;IRL;;;12.00;0.00;0.00;;11.95;0.00;KEALINCHA DAWN;130;DA130;Drogheda;;Y;EISC7;N;N;N;;;DO;;DRB, NK;75.00;0.00;Metal;;2005-03-15;MFL;1996-01-01;;
GBR000C18421;;IRL;;;10.92;0.00;0.00;;10.81;0.00;EMULATE;67;DA67;Drogheda;;Y;EI8410;N;N;N;;;MO;;OTM, FPO, OTB, DRB;50.00;0.00;Metal;;1990-10-01;MFL;1990-01-01;;
GBR000C18476;;IRL;;;7.70;0.00;0.00;;9.87;0.00;CLISINOR;65;T65;Tralee;;Y;EIUS6;N;N;N;;;MO;;GNS, LHP, FPO;93.18;0.00;Fiber/Plastic;;2005-07-12;MFL;2005-01-01;;2020-03-12
GBR000C18515;;IRL;;;2.81;0.00;0.00;;7.36;0.00;OCEAN DAWN;40;S40;Skibbereen;;Y;EIA2628;N;N;N;;;MO;;GNS, FPO;15.30;0.00;Fiber/Plastic;;2005-08-02;MFL;2005-01-01;;
GBR000C18603;;IRL;;;12.00;0.00;0.00;;9.98;0.00;PADRAIG OG;296;S296;Skibbereen;;Y;EIKC6;N;N;N;;;TO;;DRB, LHP, FPO, GNS, OTB, OTM;93.00;0.00;Metal;;2005-12-02;MFL;2005-01-01;;2020-10-23
GBR000C18629;;IRL;;;9.59;0.00;0.00;;9.83;0.00;DAVID JAMES;1;S1;Skibbereen;;Y;EIHL2;N;N;N;;;MO;;OTM, OTB, GNS, FPO, LHP;55.00;0.00;Fiber/Plastic;;2006-02-01;MFL;2003-01-01;;
GBR000C18686;;IRL;;;15.77;0.00;0.00;;9.98;0.00;LEAH MARIE;294;WD294;Wexford;;Y;EIOE7;N;N;N;;;DO;;DRB, NK;150.00;0.00;Metal;;2006-06-26;MFL;2006-01-01;;
GBR000C18690;;IRL;;;23.86;0.00;0.00;;13.20;0.00;CHANNEL VENTURE II;430;SO430;Sligo;;Y;EIZF5;Y;Y;N;8592023;;TO;;OTM, GNS, OTB;120.00;0.00;Fiber/Plastic;;2006-03-29;MFL;1982-01-01;;
GBR000C18744;;IRL;;;1.31;0.00;0.00;;5.88;0.00;AARON J;756;SO756;Sligo;;Y;EIZR5;N;N;N;;;WO;;FPO, LHP, GNS;10.00;0.00;Fiber/Plastic;;2006-08-23;MFL;2006-01-01;;
GBR000C18767;;IRL;;;1.67;0.00;0.00;;5.86;0.00;BOY ROBBIE;318;SO318;Sligo;;Y;EIGL9;N;N;N;;;WO;;GNS, FPO, LHP;6.00;0.00;Fiber/Plastic;;2006-06-08;MFL;2006-01-01;;
GBR000C18823;;IRL;;;2.41;0.00;0.00;;7.26;0.00;KATIE C III;817;SO817;Sligo;;Y;EIA2555;N;N;N;;;WO;;FPO, GNS, LHP;12.00;0.00;Fiber/Plastic;;2006-08-21;MFL;1982-01-01;;
GBR000C18881;;IRL;;;0.25;0.00;0.00;;5.80;0.00;THE CAILIN;306;WD306;Wexford;;Y;EIPP2;N;N;N;;;MO;;FPO, GNS, LHP;4.00;0.00;Fiber/Plastic;;2006-12-28;MFL;2006-01-01;;
GBR000C18903;;IRL;;;199.00;0.00;0.00;;21.70;0.00;OUR LASS II;261;DA261;Drogheda;;Y;EILX9;Y;Y;Y;9095515;;TO;;OTB, NK;484.00;89.53;Metal;;2007-07-01;MFL;2007-01-01;;2020-07-31
GBR000C18917;;IRL;;;3.98;0.00;0.00;;9.68;0.00;SHADANE;269;WD269;;;Y;EIMA8;N;N;N;;;MO;;FPO, GNS;22.36;0.00;Fiber/Plastic;;2007-04-23;MFL;2005-01-01;;2016-07-07
GBR000C19029;;IRL;;;3.50;0.00;0.00;;9.32;0.00;QUEST;295;WD295;Wexford;;Y;EIOH7;N;N;N;;;MO;;DRB, FPO;41.00;0.00;Fiber/Plastic;;2007-07-09;MFL;1988-01-01;;
GBR000C19079;;IRL;;;5.70;0.00;0.00;;9.70;0.00;RELENTLESS II;349;WD349;Wexford;;Y;EIA2507;N;N;N;;;MO;;FPO, GNS, LHP, DRB, OTB;71.25;0.00;Fiber/Plastic;;2007-07-24;MFL;2007-01-01;;
GBR000C19142;;IRL;;;8.00;0.00;0.00;;9.90;0.00;VELVET STRAND II;6;D6;Dublin;;Y;EIMM7;N;N;N;;;WO;;FPO, NK;62.00;0.00;Fiber/Plastic;;2007-11-27;MFL;2007-01-01;;
GBR000C19271;;IRL;;;1.34;0.00;0.00;;5.94;0.00;CLODIARA;605;SO605;Sligo;;Y;EITD8;N;N;N;;;MO;;FPO, GNS, LHP;5.90;0.00;Fiber/Plastic;;2008-05-13;MFL;1998-01-01;;
GBR000C19293;;IRL;;;3.20;0.00;0.00;;7.95;0.00;CHARLIE BOY II;293;WD293;Wexford;;Y;EIOE5;N;N;N;;;MO;;GNS, OTB, OTM, LHP;40.00;0.00;Fiber/Plastic;;2008-06-17;MFL;2008-01-01;;
GBR000C19305;;IRL;;;3.59;0.00;0.00;;8.01;0.00;D'ARKH;33;DA33;Drogheda;;Y;EISF5;N;N;N;;;MO;;FPO, LHP, OTM, OTB;70.00;0.00;Fiber/Plastic;;2008-06-10;MFL;2008-01-01;;
GBR000C19326;;IRL;;;4.70;0.00;0.00;;9.15;0.00;RYLENNA-C;243;WD243;Wexford;;Y;EIXB5;N;N;N;;;MO;;FPO, OTB, LHP, GNS;62.50;0.00;Fiber/Plastic;;2008-08-28;MFL;2008-01-01;;
GBR000C19451;;IRL;;;9.50;0.00;0.00;;9.90;0.00;LADY CIARA II;411;WT411;Westport;;Y;EIVO6;N;N;N;;;MO;;OTB, DRB, GNS, FPO;65.00;0.00;Fiber/Plastic;;2009-02-25;MFL;2009-01-01;;2020-11-25
GBR000C19499;;IRL;;;4.03;0.00;0.00;;8.06;0.00;CLARIN;906;G906;Galway;;Y;EISC9;N;N;N;;;MO;;GNS, NK;35.00;0.00;Fiber/Plastic;;2009-01-01;MFL;2009-01-01;;
GBR000C19642;;IRL;;;1.58;0.00;0.00;;6.46;0.00;BALLAGH BOY;814;G814;Galway;;Y;EING4;N;N;N;;;MO;;FPO, LHP;12.00;0.00;Fiber/Plastic;;2010-02-18;MFL;2009-01-01;;
GBR000C19655;;IRL;;;2.23;0.00;0.00;;7.90;0.00;PERSEVERANCE;348;WD348;Wexford;;Y;EIA2297;N;N;N;;;MO;;FPO, GNS;34.00;0.00;Fiber/Plastic;;2010-04-23;MFL;2009-01-01;;
GBR000C19700;;IRL;;;1.70;0.00;0.00;;6.40;0.00;PETIT JO;564;S564;Skibbereen;;Y;EIPO6;N;N;N;;;GO;;GND, GNS, FPO;19.00;0.00;Fiber/Plastic;;2010-05-27;MFL;2010-01-01;;2023-11-06
GBR000C19754;;IRL;;;5.06;0.00;0.00;;9.60;0.00;CAOMMA;384;WT384;Westport;;Y;EISO2;N;N;N;;;MO;;LHP, GNS, FPO;37.00;0.00;Fiber/Plastic;;2010-06-30;MFL;2010-01-01;;
GBR000C19888;;IRL;;;9.10;0.00;0.00;;9.85;9.85;J.P;338;WD338;Wexford;;Y;EIWU6;N;N;N;;;MO;;GNS, LHP, FPO;80.00;0.00;Fiber/Plastic;;2011-07-20;MFL;2009-01-01;;
GBR000C19939;;IRL;;;2.36;0.00;0.00;;6.45;0.00;CAROLYN;830;SO830;Sligo;;Y;EITX5;N;N;N;;;MO;;DRB, NK;30.00;0.00;Fiber/Plastic;;2011-08-31;MFL;2010-01-01;;
GBR000C20125;;IRL;;;4.10;0.00;0.00;;9.99;0.00;REALT AN OILEAIN II;733;G733;Galway;;Y;EIRX2;N;N;N;;;MO;;FPO, DRB;134.04;0.00;Fiber/Plastic;;2016-09-30;MFL;2011-01-01;;
GBR000C20167;;IRL;;;10.90;0.00;0.00;;9.80;9.80;TREASA MAIREAD;404;WT404;Westport;;Y;EIVI3;N;N;N;;;MO;;LHP, FPO, OTB;30.00;0.00;Fiber/Plastic;;2019-04-25;MFL;2011-01-01;;
GBR000C20239;;IRL;;;3.37;0.00;0.00;;8.50;0.00;CALEDONIAN LASS;291;WD291;Wexford;;Y;EINL5;N;N;N;;;MO;;FPO, GND;33.00;0.00;Fiber/Plastic;;2012-10-08;MFL;1985-01-01;;
GBR000C20302;;IRL;;;7.80;0.00;0.00;;10.92;0.00;OCEAN PREDATOR;685;S685;Skibbereen;;Y;EITT5;N;N;N;;;MO;;GNS, DRB, FPO;125.00;0.00;Other;;2018-05-15;MFL;2011-01-01;;
GBR000C20414;;IRL;;;4.70;0.00;0.00;;9.98;0.00;LADY LEAH;401;WT401;Westport;;Y;EIUQ4;N;N;N;;;MO;;OTB, FPO;82.06;0.00;Fiber/Plastic;;2013-10-17;MFL;2013-01-01;;
GBR000C20487;;IRL;;;3.70;0.00;0.00;;9.98;0.00;EVIE MAE;833;SO833;Sligo;;Y;EIA2633;N;N;N;;;WO;;GNS, LHP, FPO;63.00;0.00;Fiber/Plastic;;2014-04-07;MFL;2014-01-01;;
GBR000C20504;;IRL;;;2.58;0.00;0.00;;7.98;0.00;BLUE FIN;203;DK203;Dundalk;;Y;EITZ8;N;N;N;;;MO;;FPO, DRB, GNS;55.00;0.00;Fiber/Plastic;;2014-05-01;MFL;1989-01-01;;
GBR000C20532;;IRL;;;5.00;0.00;0.00;;9.95;0.00;LADY BETH II;163;WD163;Wexford;;Y;EIUZ5;N;N;N;;;MO;;GNS, LHP, FPO;40.00;0.00;Fiber/Plastic;;2014-07-14;MFL;1984-01-01;;
GBR000C20584;;IRL;;;3.93;0.00;0.00;;7.36;0.00;SILVER LEAF;155;T155;Tralee;;Y;EIA2400;N;N;N;;;MO;;GNS, LHP, DRB, FPO;12.00;0.00;Fiber/Plastic;;2014-10-02;MFL;1980-01-01;;
GBR000C20768;;IRL;;;7.13;0.00;0.00;;10.42;0.00;ROSALEEN;417P;SO417P;Sligo;;Y;EIWX4;N;N;N;;;TO;;FPO, NK;95.00;0.00;Fiber/Plastic;;2015-12-22;MFL;2015-01-01;;
GBR000C20810;;IRL;;;4.90;0.00;0.00;;9.72;0.00;RIAN JOHN II;211;DK211;Dundalk;;Y;EIVO6;N;N;N;;;WO;;FPO, NK;62.40;0.00;Fiber/Plastic;;2016-03-17;MFL;2016-01-01;;
GBR000C20840;;IRL;;;8.57;0.00;0.00;;11.55;0.00;VESPER;1P;WD1P;Wexford;;Y;EIXR5;N;N;N;;;WO;;FPO, NK;104.76;0.00;Fiber/Plastic;;2016-07-07;MFL;2015-01-01;;
GBR000C21166;;IRL;;;6.10;0.00;0.00;;9.77;0.00;QUEST;508;T508;Tralee;;Y;EIUX7;N;N;N;;;WO;;FPO, GNS, DRB, LHP;80.00;0.00;Fiber/Plastic;;2018-07-10;MFL;2017-01-01;;
GBR000C21185;;IRL;;;10.97;0.00;0.00;;11.80;0.00;LADY CIARA III;411;WT411;Westport;;Y;EIXQ7;N;N;N;;;MO;;OTB, FPO, LHP, DRB, OTM, GNS;62.00;0.00;Fiber/Plastic;;2018-08-09;MFL;2018-01-01;;2023-12-21
GBR000C21318;;IRL;;;1.71;0.00;0.00;;7.03;0.00;IOLAR NA MARA;981;SO981;Sligo;;Y;EIA2212;N;N;N;;;GO;;GNS, FPO, LHP;14.40;0.00;Fiber/Plastic;;2019-09-30;MFL;2019-01-01;;
GBR000G00188;;IRL;;;3.95;0.00;0.00;;8.80;0.00;INIS FADA;496;S496;Skibbereen;;Y;EI5177;N;N;N;;;MO;;GND, FPO;162.40;0.00;Fiber/Plastic;;1989-07-01;MFL;1989-06-01;;
GBR000G00219;;IRL;;;20.87;0.00;0.00;;11.76;0.00;RACHAEL B;358;W358;Waterford;;Y;EINN8;N;N;N;;;MO;;OTB, FPO;70.88;0.00;Fiber/Plastic;;1991-01-01;MFL;1990-01-01;;
GBR000G00222;;IRL;;;10.60;0.00;0.00;;13.20;0.00;MARIE ROSSETTI;331;SO331;Sligo;;Y;EILR6;Y;Y;N;;;MO;;FPO, LHP, GNS, GND;46.26;0.00;Fiber/Plastic;;1990-01-01;MFL;1990-01-01;;
GBR000G00270;;IRL;;;2.92;0.00;0.00;;6.85;0.00;GOLDCREST;264;SO264;Sligo;;Y;EIDP5;N;N;N;;;MO;;DRB, OTM, LHP, FPO, GNS;22.38;0.00;Fiber/Plastic;;1993-04-22;MFL;1993-01-01;;
GBR000G00327;;IRL;;;1.54;0.00;0.00;;6.48;0.00;MARIE ROSE;86P;SO86P;Sligo;;Y;EIA2548;N;N;N;;;WO;;FPO, NK;11.19;0.00;Fiber/Plastic;;1981-07-04;MFL;1981-01-01;;
GBR000G00368;;IRL;;;2.11;0.00;0.00;;7.30;0.00;JANET V;315;S315;Skibbereen;;Y;EI7938;N;N;N;;;MO;;DRB, GNS;44.77;0.00;Fiber/Plastic;;2002-11-15;MFL;1992-01-01;;
GBR000G00392;;IRL;;;35.00;0.00;0.00;;14.86;0.00;CHELARIS;235;W235;;;N;;N;Y;N;;;MO;;OTM, FPO;134.00;0.00;Metal;;2001-11-01;MFL;1971-01-01;;2008-07-18
GBR000J10003;;IRL;;;7.73;0.00;0.00;;11.19;0.00;SUNSET GUIDE;145;WT145;Westport;;Y;EI8977;N;N;N;;;MO;;DRB, NK;64.53;0.00;Metal;;1999-01-18;MFL;1979-01-01;;
GBR000J10033;;IRL;;;89.00;0.00;0.00;;19.02;0.00;ALPHERAX;980;SO980;;;N;;Y;Y;Y;;;LO;;PS, FPO;200.00;0.00;Wood;;1968-06-01;MFL;1968-01-01;2006-05-15;
GBR000J10189;;IRL;;;2.41;0.00;0.00;;6.97;0.00;JERSEY GIRL;696;S696;Skibbereen;;Y;EIVJ7;N;N;N;;;MO;;FPO, GNS;10.00;0.00;Fiber/Plastic;;1993-03-17;MFL;1990-01-01;;
GBR000J10219;;IRL;;;4.00;0.00;0.00;;8.84;0.00;PROLIFIC;713;D713;Dublin;;Y;EIUN6;N;N;N;;;WO;;FPO, NK;62.50;0.00;Fiber/Plastic;;2012-06-25;MFL;2000-01-01;;
GBR000J10339;;IRL;;;17.20;0.00;0.00;;11.84;0.00;TRICKY BUSINESS;684;S684;Skibbereen;;Y;EITK7;N;N;N;;;MO;;GNS, FPO, LHP;148.00;0.00;Aluminium;;2017-04-20;MFL;2004-01-01;;
IRL000I00015;;IRL;;;4.35;0.00;0.00;;8.62;0.00;YAKUTAT;655;SO655;;;N;;N;N;N;;;MO;;DRB, NK;19.58;0.00;Wood;;1977-12-09;4G1;1977-01-01;;2002-12-09
IRL000I00016;;IRL;;;3.36;0.00;0.00;;7.52;0.00;AN TAINGEAL COIMHEADACH;950;SO950;;;N;;N;N;N;;;MO;;PS, FPO;13.43;0.00;Wood;;2002-12-09;MFL;1998-01-01;;2005-02-07
IRL000I00026;;IRL;;;3.55;0.00;0.00;;7.01;0.00;BARVIC;376;S376;Skibbereen;;Y;EI2787;N;N;N;;;MO;;DRB, NK;48.50;0.00;Fiber/Plastic;;2000-08-23;MFL;1986-01-01;;
IRL000I00033;;IRL;;;7.30;6.74;0.00;;9.85;0.00;REALT NA mBOHA;29;DK29;;;N;;N;N;N;;;DO;;DRB, NK;59.69;0.00;Wood;;1963-12-11;4GZ;1963-01-01;;2002-12-11
IRL000I00034;;IRL;;;132.00;0.00;0.00;;19.12;0.00;ROBYN R.J.;494;S494;Skibbereen;;Y;EIAQ6;Y;Y;Y;8967072;;TO;;OTM, GNS, OTB;335.74;0.00;Metal;;2001-09-17;MFL;1998-01-01;2023-07-18;
IRL000I00040;;IRL;;;37.00;0.00;0.00;;16.79;0.00;VALIANT P;195;WD195;;;N;;N;Y;Y;;;MO;;OTB, NK;279.00;0.00;Wood;;1984-12-31;MFL;1968-01-01;;2004-03-12
IRL000I00053;;IRL;;;4.44;0.00;0.00;;9.85;0.00;MYROSS MIST;416;S416;;;Y;EI6924;N;N;N;;;MO;;DRB, GND;70.00;0.00;Fiber/Plastic;;2000-05-16;MFL;1989-01-01;;2007-01-08
IRL000I00058;;IRL;;;4.78;0.00;0.00;;7.62;0.00;CHARLENE;940;SO940;;;N;;N;N;N;;;MO;;DRB, NK;59.69;0.00;Fiber/Plastic;;2002-01-13;MFL;1990-01-01;;2003-04-14
IRL000I00063;;IRL;;;4.98;0.00;0.00;;8.75;0.00;SHALOM;967;SO967;Sligo;;Y;EI2085;N;N;N;;;MO;;DRB, LHP, FPO, OTB;61.00;0.00;Wood;;2002-03-08;MFL;1975-01-01;2025-03-25;
IRL000I00064;;IRL;;;14.92;0.00;0.00;;12.44;0.00;OBJ;437;G437;Galway;;Y;EI6787;Y;Y;N;;;MO;;DRB, NK;70.50;0.00;Fiber/Plastic;;1998-08-28;MFL;1987-01-01;;2019-01-07
IRL000I00067;;IRL;;;1.14;0.00;0.00;;5.85;0.00;BOY ROBERT;438;G438;Galway;;Y;EI6516;N;N;N;;;MO;;FPO, GNS, LHP, GNC;14.70;0.00;Fiber/Plastic;;2000-07-10;MFL;1998-01-01;;
IRL000I00091;;IRL;;;4.20;0.00;0.00;;9.36;0.00;PERSISTENCE;859;SO859;Sligo;;Y;EIAU4;N;N;N;;;WO;;LHP, FPO;18.70;0.00;Fiber/Plastic;;1989-12-22;MFL;1989-01-01;;
IRL000I00143;;IRL;;;122.00;0.00;0.00;;21.05;0.00;DAYSPRING II;660;D660;;;Y;EI6190;Y;Y;Y;;;SO;;SB, PS;209.00;0.00;Wood;;1976-02-03;MFL;1976-01-01;2008-10-14;
IRL000I00146;;IRL;;;230.00;0.00;0.00;;24.50;0.00;GLOR NA DTONN;454;G454;Galway;;Y;EI6283;Y;Y;Y;8968052;;MO;;OTM, NK;410.36;0.00;Metal;;2001-12-06;MFL;2001-01-01;;
IRL000I00148;;IRL;;;10.03;0.00;0.00;;11.80;0.00;K MAR K;965;SO965;Sligo;;Y;EI6771;N;N;N;;;MO;;OTM, FPO, GND;108.00;0.00;Fiber/Plastic;;2002-08-15;MFL;2002-01-01;;
IRL000I00169;;IRL;;;8.02;0.00;0.00;;9.29;0.00;LAURELLE;453;G453;United Kingdom;;N;;N;N;N;;;MO;;FPO, GND;92.00;0.00;Wood;;1988-12-11;MFL;1985-01-01;;2007-02-28
IRL000I00170;;IRL;;;0.61;0.00;0.00;;5.27;0.00;POLLBAN;340P;WT340P;Westport;;Y;EI3224;N;N;N;;;WO;;FPO, NK;11.20;0.00;Wood;;2000-03-14;MFL;1992-01-01;;
IRL000I00195;;IRL;;;48.00;0.00;0.00;;14.17;0.00;DUN DUIRN;923;SO923;;;N;;N;Y;N;;;MO;;OTM, NK;260.00;0.00;Metal;;2004-01-30;MFL;1999-01-01;;2005-08-12
IRL000I00198;;IRL;;;324.00;0.00;0.00;;33.20;0.00;SKELLIG LIGHT II;456;T456;Tralee;;Y;EIBF;Y;Y;Y;9265263;;TO;;OTB, OTM, LLD, PTM, GNS, LLS;1055.00;318.58;Metal;;2002-12-21;MFL;2001-01-01;2023-03-30;
IRL000I00252;;IRL;;;183.00;0.00;0.00;;25.00;0.00;SONIA AND NANCY;231;S231;;;N;;N;Y;Y;;;MO;;OTM, NK;522.00;0.00;Metal;;1997-09-18;4G1;1988-01-01;;1998-01-04
IRL000I00292;;IRL;;;346.00;0.00;0.00;;27.42;0.00;ENDURANCE;31;DA31;Drogheda;;Y;EI8285;Y;Y;Y;9210672;;TO;;OTB, NK;749.00;0.00;Other;;2000-10-04;MFL;2000-01-01;;
IRL000I00338;;IRL;;;1.56;0.00;0.00;;6.22;0.00;ELIZA JANE;237;W237;;;N;;N;N;N;;;FX;;DRB, NK;16.50;0.00;Fiber/Plastic;;2003-03-14;MFL;1985-01-01;;2004-06-14
IRL000I00354;;IRL;;;0.59;0.00;0.00;;4.34;0.00;DINO;356;S356;Skibbereen;;Y;EI2927;N;N;N;;;WO;;FPO, GNS, LHP;3.73;0.00;Fiber/Plastic;;1995-01-01;MFL;1994-01-01;;
IRL000I00355;;IRL;;;5.10;0.00;0.00;;8.70;0.00;BEE-JAY;32;DK32;Dundalk;;Y;EI7818;N;N;N;;;DO;;DRB, NK;89.53;0.00;Metal;;1980-06-01;MFL;1980-01-01;;2022-12-01
IRL000I00512;;IRL;;;1630.00;0.00;0.00;;57.80;0.00;VERONICA;95;D95;;;Y;EI5520;Y;Y;Y;;;TO;;OTM, NK;1567.00;0.00;Metal;;1999-07-08;MFL;1998-01-01;;2009-10-20
IRL000I00532;;IRL;;;4.78;0.00;0.00;;9.14;0.00;ROISIN;441;T441;Tralee;;Y;EI2621;N;N;N;;;MO;;FPO, GNS;31.32;0.00;Fiber/Plastic;;1983-01-01;MFL;1978-01-01;;
IRL000I00552;;IRL;;;5.17;0.00;0.00;;9.57;0.00;GUTH NA MARA;484;G484;Galway;;Y;EI7952;N;N;N;;;MO;;GNS, LHP, GND, FPO;41.04;0.00;Wood;;2002-08-26;MFL;2001-01-01;;2024-01-17
IRL000I00572;;IRL;;;12.30;0.00;0.00;;10.06;0.00;DAYSPRING;311;T311;Finland;;N;;N;N;N;;;GO;;GNS, FPO;90.00;0.00;Fiber/Plastic;;1990-05-30;MFL;1990-01-01;;2009-06-15
IRL000I00612;;IRL;;;1.74;0.00;0.00;;6.86;0.00;BOY TOMMY;434;G434;United Kingdom;;N;;N;N;N;;;MO;;DRB, NK;48.47;0.00;Fiber/Plastic;;2001-06-16;MFL;1975-01-01;;2006-06-01
IRL000I00632;;IRL;;;2.28;0.00;0.00;;6.89;0.00;PROVIDER;1000;SO1000;Sligo;;N;;N;N;N;;;MO;;DRB, NK;37.31;0.00;Fiber/Plastic;;2001-06-22;MFL;1980-01-01;;
IRL000I00633;;IRL;;;3.51;0.00;0.00;;8.68;0.00;CATHERINE TRESA;402;SO402;;;N;;N;N;N;;;MO;;DRB, NK;14.55;0.00;Wood;;1988-06-19;MFL;1972-01-01;;2013-05-07
IRL000I00634;;IRL;;;11.06;0.00;0.00;;9.64;0.00;LADY LORAINE;34;L34;Finland;;Y;EI6297;N;N;N;;;TO;;OTM, FPO;114.15;0.00;Metal;;2001-09-07;MFL;1989-01-01;;2014-02-04
IRL000I00636;;IRL;;;13.49;0.00;0.00;;11.39;0.00;ROSS KILLARD;973;SO973;Sligo;;Y;EI5784;N;N;N;;;DO;;DRB, NK;56.25;0.00;Wood;;2001-06-25;MFL;1980-01-01;;2025-06-26
IRL000I00640;;IRL;;;5.56;0.00;0.00;;9.02;0.00;BANGOR CREST;869;SO869;;;Y;EI3391;N;N;N;;;MO;;FPO, LHP;22.38;0.00;Wood;;2002-11-12;MFL;1985-01-01;;2017-10-19
IRL000I00643;;IRL;;;8.73;0.00;0.00;;10.64;0.00;FIDELITY;494;G494;United Kingdom;;N;;N;N;N;;;MO;;DRB, FPO;89.53;0.00;Metal;;2002-12-01;MFL;1987-01-01;;2005-05-27
IRL000I00644;;IRL;;;38.00;0.00;0.00;;15.69;0.00;ADASTRA;485;G485;Galway;;Y;EI4398;Y;Y;Y;;;TO;;DRB, NK;130.00;0.00;Wood;;2002-05-22;MFL;1969-01-01;;
IRL000I00646;;IRL;;;62.00;0.00;0.00;;27.40;0.00;SWILLY WARRIOR;959;SO959;;;Y;EI6127;Y;Y;Y;;;MO;;DRB, FPO;238.75;0.00;Metal;;2002-01-21;MFL;1932-01-01;;2010-03-29
IRL000I00648;;IRL;;;3.33;0.00;0.00;;7.92;0.00;ITA;166;S166;;;N;;N;N;N;;;MO;;FPO, DRB;25.74;0.00;Fiber/Plastic;;1990-10-01;MFL;1978-01-01;;2016-09-28
IRL000I00649;;IRL;;;0.71;0.00;0.00;;5.15;0.00;COLM JADE;330;C330;;;Y;EI8331;N;N;N;;;MO;;FPO, NK;11.19;0.00;Fiber/Plastic;;2002-08-14;MFL;1995-01-01;;2009-09-29
IRL000I00650;;IRL;;;28.34;0.00;0.00;;19.57;0.00;RISING SEA;2760;D2760;;;N;;Y;Y;Y;;;MO;;OTM, NK;57.00;0.00;Metal;;2001-12-11;MFL;1949-01-01;;2004-10-06
IRL000I00651;;IRL;;;6.36;0.00;0.00;;9.14;0.00;SEA HUNTER II;113;T113;Finland;;N;;N;N;N;;;MO;;FPO, NK;90.00;0.00;Fiber/Plastic;;2001-06-27;MFL;1982-01-01;2008-05-12;
IRL000I00652;;IRL;;;10.52;0.00;0.00;;10.97;0.00;FIDAWN;6260;SO6260;;;N;;N;N;N;;;MO;;FPO, NK;44.02;0.00;Metal;;2001-07-04;MFL;1976-01-01;2003-01-01;
IRL000I00693;;IRL;;;3.75;0.00;0.00;;7.86;0.00;CRIMSON TIDE;219;SO219;;;Y;EIEE6;N;N;N;;;MO;;DRB, NK;54.59;0.00;Fiber/Plastic;;2001-06-18;MFL;1989-01-01;;2013-11-29
IRL000I00754;;IRL;;;5.38;0.00;0.00;;9.69;0.00;VIGILANT;444;G444;United Kingdom;;N;;N;N;N;;;MO;;DRB, FPO;59.69;0.00;Fiber/Plastic;;2001-07-01;MFL;1985-01-01;;2005-11-17
IRL000I00755;;IRL;;;5.70;0.00;0.00;;9.66;0.00;WESTERN WARRIOR;464;T464;Tralee;;Y;EI7486;N;N;N;;;WO;;FPO, LHP;60.00;0.00;Fiber/Plastic;;2003-12-24;MFL;2003-01-01;;
IRL000I00756;;IRL;;;8.59;0.00;0.00;;11.30;0.00;KATE MARIE;13;S13;Skibbereen;;Y;EI7142;N;N;N;;;MO;;FPO, GNS, LHP;62.50;0.00;Fiber/Plastic;;2003-12-24;MFL;2003-01-01;;
IRL000I00757;;IRL;;;177.00;0.00;0.00;;23.00;0.00;JOHN B;39;DA39;Drogheda;;Y;EI7280;Y;Y;Y;8993928;;TO;;OTB, OTM;320.00;0.00;Metal;;2003-12-24;MFL;2003-01-01;2023-07-03;
IRL000I00758;;IRL;;;279.00;0.00;32.00;;26.90;0.00;GUIDING STAR II;120;T120;Tralee;;Y;EI7283;Y;Y;Y;8993174;;MO;;OTB, SDN, PS, SPR, SSC, GNS;375.00;0.00;Metal;;2003-12-24;MFL;2003-01-01;;
IRL000I00759;;IRL;;;193.00;0.00;0.00;;22.65;0.00;CISEMAIR;430;S430;Skibbereen;;Y;EI7396;Y;Y;Y;8993916;;TO;;OTB, OTM;522.00;0.00;Metal;;2003-12-24;MFL;2003-01-01;;
IRL000I00760;;IRL;;;201.00;0.00;0.00;;22.65;0.00;BOY JASON;440;S440;Skibbereen;;Y;EI7397;Y;Y;Y;8993904;;MO;;OTM, NK;746.00;0.00;Metal;;2003-12-24;MFL;2003-01-01;;
IRL000I00812;;IRL;;;0.54;0.00;0.00;;4.81;0.00;FARRAN;238;W238;;;N;;N;N;N;;;MO;;DRB, FPO;5.97;0.00;Fiber/Plastic;;2004-01-30;MFL;1970-01-01;;2004-12-23
IRL000I00813;;IRL;;;3.45;0.00;0.00;;9.20;0.00;LAGOSTA;147;C147;Cork;;Y;EIA2988;N;N;N;;;MO;;GNS, FPO, LHP;30.00;0.00;Fiber/Plastic;;2004-01-30;MFL;1975-01-01;;
IRL000I00816;;IRL;;;3.52;0.00;0.00;;7.16;0.00;PATRICIA;5;S5;Skibbereen;;Y;EI7151;N;N;N;;;MO;;FPO, DRB, GND, LHP, OTB, GNS;14.92;0.00;Fiber/Plastic;;2004-01-30;MFL;1989-01-01;;
IRL000I00817;;IRL;;;0.87;0.00;0.00;;5.73;0.00;BRIGHTSIDE;466;T466;Finland;;Y;EI5573;N;N;N;;;MO;;DRB, NK;2.98;0.00;Fiber/Plastic;;2004-01-30;MFL;1992-01-01;;2017-11-10
IRL000I00819;;IRL;;;1.45;0.00;0.00;;6.52;0.00;STELLA MARIS;184;W184;;;Y;EI2122;N;N;N;;;MO;;DRB, NK;11.19;0.00;Wood;;2004-01-30;MFL;1987-01-01;;2008-07-07
IRL000I00820;;IRL;;;0.95;0.00;0.00;;6.30;0.00;PHONEIX;682;D682;;;N;;N;N;N;;;MO;;SDN, DRB;20.14;0.00;Fiber/Plastic;;2004-01-30;MFL;1999-01-01;;2005-11-07
IRL000I00821;;IRL;;;1.43;0.00;0.00;;6.64;0.00;BANNOW BAY;234;W234;;;Y;EI2118;N;N;N;;;MO;;FPO, NK;5.96;0.00;Fiber/Plastic;;2004-01-30;MFL;1986-01-01;;2009-10-30
IRL000I00822;;IRL;;;13.79;0.00;0.00;;11.28;0.00;CURLEW;197;WD197;Wexford;;Y;EI6286;N;N;N;;;MO;;FPO, OTB;82.00;0.00;Fiber/Plastic;;2004-01-30;MFL;1975-01-01;;
IRL000I00825;;IRL;;;10.80;0.00;0.00;;11.27;0.00;ROSSES FISHER;682;S682;Skibbereen;;Y;EI4489;N;N;N;;;MO;;FPO, OTB;82.06;0.00;Fiber/Plastic;;2004-01-30;MFL;1978-01-01;;
IRL000I00827;;IRL;;;18.80;0.00;0.00;;11.27;0.00;PATRICIA MARY;653;S653;Skibbereen;;Y;EINU5;N;N;N;;;MO;;LHP, FPO, OTB, GNS;70.00;0.00;Fiber/Plastic;;2004-01-30;MFL;1995-01-01;;
IRL000I00829;;IRL;;;0.55;0.00;0.00;;5.36;0.00;MARY M;496;G496;Galway;;Y;EI4821;N;N;N;;;MO;;FPO, DRB;4.48;0.00;Fiber/Plastic;;2004-01-30;MFL;1990-01-01;;
IRL000I00833;;IRL;;;0.76;0.00;0.00;;5.18;0.00;ST. BRECKEN;489;G489;Galway;;Y;EI3325;N;N;N;;;MO;;DRB, NK;2.88;0.00;Wood;;2004-01-30;MFL;2001-01-01;;
IRL000I00836;;IRL;;;17.56;0.00;0.00;;11.71;0.00;OSPREY;231;W231;Waterford;;Y;EI2472;N;N;N;;;MO;;LHP, PS, OTB, GNS, DRB, FPO;82.07;0.00;Metal;;2004-01-30;MFL;1977-01-01;;
IRL000I00852;;IRL;;;1588.00;0.00;0.00;;61.60;0.00;SHEANNE;716;SO716;Sligo;;Y;EIGP;Y;Y;Y;9280093;;TO;;OTM, NK;2238.00;0.00;Metal;;2004-02-17;MFL;2003-01-01;;
IRL000I00853;;IRL;;;850.00;0.00;0.00;;51.20;0.00;OLGARRY;591;SO591;Sligo;;Y;EIDF;Y;Y;Y;9278193;;TO;;OTM, PTM;1999.50;0.00;Metal;;2004-02-17;MFL;2003-01-01;;
IRL000I00875;;IRL;;;469.00;0.00;22.00;;37.30;0.00;SARAH DAVID;411;S411;Skibbereen;;Y;EIA3087;Y;Y;Y;9285914;;TO;;OTB, PTB, PTM, GND, GNS, OTM;1119.00;0.00;Metal;;2004-02-03;MFL;2002-01-01;;
IRL000I00876;;IRL;;;469.00;0.00;22.00;;37.30;0.00;RONAN ROSS;412;S412;Skibbereen;;Y;EIBW;Y;Y;Y;9285926;;TO;;GNS, GND, LLD, OTM, OTB, PTM;1119.00;600.00;Metal;;2004-02-03;MFL;2002-01-01;;
IRL000I00878;;IRL;;;663.00;0.00;0.00;;45.00;0.00;CHIEFTAIN I;237;SO237;Sligo;;Y;EILQ;Y;Y;Y;9281982;;TO;;OTM, NK;2400.00;0.00;Metal;;2004-10-18;MFL;2003-01-01;;2018-08-22
IRL000I00916;;IRL;;;11.59;0.00;0.00;;10.83;0.00;JUEAST;245;W245;Waterford;;Y;EI7138;N;N;N;;;MO;;FPO, GNS;89.53;0.00;Fiber/Plastic;;2004-02-04;MFL;2003-01-01;;
IRL000I00975;;IRL;;;3.14;0.00;0.00;;7.01;0.00;CHRYSALIS;248;W248;Waterford;;Y;EI7210;N;N;N;;;MO;;GND, NK;17.90;0.00;Fiber/Plastic;;2004-04-19;MFL;2003-01-01;;
IRL000I01095;;IRL;;;1.32;0.00;0.00;;5.80;0.00;MORNING STAR III;242;W242;Waterford;;Y;EI6069;N;N;N;;;MO;;GND, GNS;5.96;0.00;Fiber/Plastic;;2003-02-17;MFL;2000-01-01;;
IRL000I01118;;IRL;;;28.40;0.00;0.00;;13.70;0.00;RACHEL D;976;SO976;Sligo;;Y;EI7523;Y;Y;N;8586048;;TO;;OTB, FPO, GNS, GND, OTM;160.00;0.00;Metal;;2004-04-08;MFL;2003-01-01;;
IRL000I01147;;IRL;;;190.00;0.00;0.00;;22.50;0.00;BUDDY M;333;C333;Cork;;Y;EI7539;Y;Y;Y;9299240;;SO;;OTB, SDN, SSC, OTM, SPR, PTB;368.00;0.00;Metal;;2004-04-30;MFL;2004-01-01;;
IRL000I01148;;IRL;;;5.10;0.00;0.00;;9.25;0.00;JAM-MAR;414;S414;Skibbereen;;Y;EI7144;N;N;N;;;MO;;GND, NK;130.00;0.00;Fiber/Plastic;;2003-12-17;MFL;2003-01-01;;
IRL000I01150;;IRL;;;0.82;0.00;0.00;;4.57;0.00;GLORIA;465;T465;Tralee;;Y;EI8441;N;N;N;;;MO;;GND, NK;11.19;0.00;Fiber/Plastic;;1990-06-01;MFL;1990-01-01;;
IRL000I01161;;IRL;;;0.94;0.00;0.00;;5.85;0.00;GIRL MARIE;198;WT198;Westport;;Y;EI2952;N;N;N;;;MO;;GND, NK;4.40;0.00;Wood;;1997-06-01;MFL;1997-01-01;;
IRL000I01175;;IRL;;;1584.00;0.00;0.00;;64.40;57.60;ANTARCTIC;97;D97;Dublin;;Y;EI5121;Y;Y;Y;;;MO;;OTM, NK;2500.00;1308.00;Metal;;1998-12-10;MFL;1997-01-01;;
IRL000I01176;;IRL;;;714.00;0.00;0.00;;44.25;0.00;LAINEL;734;SO734;;;Y;EI3388;Y;Y;Y;;;TO;;OTM, NK;1103.00;1417.00;Metal;;1998-02-11;MFL;1997-01-01;;2004-03-22
IRL000I01177;;IRL;;;806.00;0.00;0.00;;42.48;0.00;WESTERN VIKING;718;SO718;;;Y;EI5056;Y;Y;Y;;;TO;;OTM, NK;1600.00;0.00;Metal;;1998-12-09;MFL;1997-01-01;;2005-09-14
IRL000I01195;;IRL;;;798.00;0.00;0.00;;48.60;0.00;AINE;734;SO734;Sligo;;Y;EIGK;Y;N;N;9278129;;TT;;OTM, NK;1103.00;0.00;Metal;;2004-06-21;MFL;2003-01-01;;
IRL000I01218;;IRL;;;46.40;0.00;0.00;;14.99;0.00;OCEAN DAWN;467;T467;Tralee;;Y;EI7564;Y;Y;N;;;TO;;OTB, GNS, LHP;145.49;0.00;Fiber/Plastic;;2004-05-20;MFL;2004-01-01;;
IRL000I01219;;IRL;;;4.95;0.00;0.00;;8.99;0.00;ANSERINA;459;T459;Tralee;;Y;EI2153;N;N;N;;;WO;;GND, GNS, LHP, FPO;33.57;0.00;Fiber/Plastic;;2002-08-30;MFL;1988-01-01;;
IRL000I01223;;IRL;;;252.00;0.00;0.00;;27.00;0.00;OILEAN AN OIR;501;G501;Galway;;Y;EI7573;Y;Y;Y;9297462;;TO;;OTM, OTB;522.00;0.00;Metal;;2004-06-17;MFL;2004-01-01;;
IRL000I01224;;IRL;;;362.00;0.00;0.00;;32.50;0.00;MARLIONA;975;SO975;Sligo;;Y;EIND;Y;Y;Y;9321342;;TO;;OTB, NK;721.00;0.00;Metal;;2004-06-15;MFL;2004-01-01;;
IRL000I01226;;IRL;;;7.16;0.00;0.00;;10.49;0.00;NEPRO;415;S415;Skibbereen;;Y;EI7583;N;N;N;;;MO;;OTM, GNS;36.00;0.00;Wood;;2004-05-05;MFL;1980-01-01;2016-11-14;
IRL000I01227;;IRL;;;178.56;0.00;0.00;;24.70;0.00;FOYLE FISHER;497;G497;Galway;;Y;EI7503;Y;Y;Y;9335630;;TO;;OTM, OTB;441.00;0.00;Metal;;2004-02-10;MFL;2003-01-01;;
IRL000I01255;;IRL;;;0.86;0.00;0.00;;5.20;0.00;CATHERINE A;410;S410;;;N;;N;N;N;;;MO;;DRB, NK;7.39;0.00;Fiber/Plastic;;2002-10-12;MFL;2002-01-01;;2007-05-08
IRL000I01275;;IRL;;;1535.00;0.00;0.00;;64.60;0.00;FATHER MCKEE;708;SO708;Sligo;;Y;EIPG;Y;Y;Y;9295878;;TO;;OTM, NK;2710.00;1140.00;Other;;2004-08-17;MFL;2004-01-01;;
IRL000I01277;;IRL;;;1587.00;0.00;0.00;;64.60;0.00;BRENDELEN;709;SO709;Sligo;;Y;EINR;Y;Y;Y;9295880;;TO;;OTM, NK;2710.00;0.00;Other;;2004-08-17;MFL;2004-01-01;;
IRL000I01379;;IRL;;;230.00;0.00;0.00;;25.00;0.00;ELLIE ADHAMH;206;WD206;Wexford;;Y;EI7536;Y;Y;Y;9299238;;TO;;OTB, NK;488.00;257.41;Metal;;2004-10-14;MFL;2004-01-01;2023-04-05;
IRL000I01395;;IRL;;;663.00;0.00;0.00;;45.00;0.00;GIRL STEPHANIE;190;G190;Galway;;Y;EILG;Y;Y;Y;9281994;;TO;;OTM, NK;1670.00;1150.00;Metal;;2004-10-01;MFL;2003-01-01;;2018-11-30
IRL000I01397;;IRL;;;798.00;0.00;0.00;;48.60;0.00;NEPTUNE;715;SO715;Sligo;;Y;EIGN;Y;Y;Y;9278131;;TO;;OTM, NK;1070.00;0.00;Metal;;2004-06-01;MFL;2003-01-01;;
IRL000I01415;;IRL;;;40.39;0.00;0.00;;14.49;0.00;OCEAN PEARL;287;W287;Waterford;;Y;EI7337;Y;Y;N;8347155;;MO;;OTM, GNS, FPO, OTT, DRB;187.00;0.00;Fiber/Plastic;;2004-12-08;MFL;2004-01-01;;
IRL000I01420;;IRL;;;507.00;0.00;0.00;;37.05;0.00;INDIA ROSE;683;D683;Dublin;;Y;EISB;Y;Y;Y;9295892;;TTW;;OTM, NK;700.00;0.00;Metal;;2004-12-10;MFL;2004-01-01;;
IRL000I01421;;IRL;;;178.00;0.00;0.00;;24.70;0.00;SUPREME II;38;DA38;Drogheda;;Y;EI7350;Y;Y;Y;9335642;;TO;;OTM, OTB;421.00;90.00;Metal;;2004-01-06;MFL;2004-01-01;;
IRL000I01442;;IRL;;;22.51;0.00;0.00;;11.96;0.00;CELTIC SUN;160;T160;Tralee;;Y;EI2048;N;N;N;;;MO;;LHP, FPO, GNS, DRB, OTM;91.00;0.00;Fiber/Plastic;;2004-12-23;MFL;2003-05-12;;
IRL000I01444;;IRL;;;473.00;0.00;0.00;;43.60;0.00;CREADAN LADY;243A;W243A;Waterford;;Y;EIQL;N;N;N;9306055;;DO;;DRB, NK;661.60;0.00;Metal;;2004-12-23;AQU;2004-01-01;;
IRL000I01446;;IRL;;;3.13;0.00;0.00;;7.85;0.00;RON NA MARA;469;T469;Tralee;;Y;EI5358;N;N;N;;;MO;;GND, NK;43.27;0.00;Wood;;1973-06-01;MFL;1973-01-01;;
IRL000I01497;;IRL;;;4.71;0.00;0.00;;9.32;0.00;NA BUACHAILLI;217;WD217;Wexford;;Y;EI7748;N;N;N;;;MO;;GND, DRB;31.00;0.00;Wood;;1976-06-01;MFL;1976-01-01;;
IRL000I01502;;IRL;;;11.73;0.00;0.00;;11.41;0.00;OCEAN STAR II;323;C323;Cork;;Y;EI3484;N;N;N;;;MO;;FPO, LHP, GNS;112.00;0.00;Fiber/Plastic;;2001-07-01;MFL;1997-01-01;;
IRL000I01516;;IRL;;;8.59;0.00;0.00;;12.02;0.00;SERENITY;413;S413;Skibbereen;;Y;EI7512;Y;Y;N;;;MO;;DRB, LHP, FPO, GNS;102.00;0.00;Fiber/Plastic;;2005-01-28;MFL;2003-11-01;;
IRL000I01595;;IRL;;;1.64;0.00;0.00;;6.43;0.00;SAOIRSE;470;T470;Tralee;;Y;EI7607;N;N;N;;;MO;;OTB, FPO;20.00;0.00;Fiber/Plastic;;2005-02-18;MFL;2002-01-01;;
IRL000I01615;;IRL;;;2.56;0.00;0.00;;8.47;0.00;ANDREW CLODAGH;251;W251;Waterford;;Y;EI2260;N;N;N;;;MO;;LHP, DRB;6.00;0.00;Fiber/Plastic;;2005-02-22;MFL;1967-01-01;;
IRL000I01618;;IRL;;;2.59;0.00;0.00;;7.04;0.00;SENGA;252;W252;Waterford;;Y;EIUP2;N;N;N;;;MO;;FPO, OTB, LHP;22.38;0.00;Fiber/Plastic;;2005-02-14;MFL;1989-01-01;;2022-04-13
IRL000I01635;;IRL;;;2.16;0.00;0.00;;8.08;0.00;WESTKUSTEN III;214;WD214;Wexford;;Y;EI2043;N;N;N;;;MO;;OTM, DRB, LHM, GNS, FPO;26.80;0.00;Fiber/Plastic;;2005-03-01;MFL;2004-01-01;;2019-01-25
IRL000I01696;;IRL;;;1.87;0.00;0.00;;6.61;0.00;REBECCA JANE;86;DK86;Dundalk;;Y;EIYH8;N;N;N;;;DO;;DRB, NK;25.00;0.00;Fiber/Plastic;;2005-03-21;MFL;1986-01-01;;
IRL000I01735;;IRL;;;2.79;0.00;0.00;;7.31;0.00;DELTA STAR;199;WT199;Westport;;Y;EI7393;N;N;N;;;MO;;LHP, OTM;48.00;0.00;Fiber/Plastic;;2005-04-01;MFL;2003-01-01;;
IRL000I01737;;IRL;;;5.25;0.00;0.00;;8.33;0.00;GREENCASTLE;350;SO350;Sligo;;Y;EI5946;N;N;N;;;MO;;DRB, OTM;48.00;0.00;Fiber/Plastic;;2005-03-04;MFL;2001-01-01;;
IRL000I01816;;IRL;;;1.23;0.00;0.00;;6.93;0.00;PROPER JOB;472;T472;Finland;;Y;EI7190;N;N;N;;;LO;;LHM, NK;59.69;0.00;Fiber/Plastic;;2005-05-09;MFL;2003-01-01;;2006-10-26
IRL000I10001;;IRL;;;6.04;5.81;0.00;;9.14;0.00;ABRAHAM;188;D188;;;N;;N;N;N;;;WO;;FPO, DRB;16.79;0.00;Wood;;1970-01-01;4G1;1970-01-01;;2000-01-20
IRL000I10002;;IRL;;;64.00;0.00;0.00;;17.67;0.00;SUSANNE II;301;D301;Dublin;;Y;EI4872;Y;Y;Y;;;TO;;OTM, LHP;253.67;12.00;Wood;;1988-04-29;MFL;1965-01-01;;2019-06-19
IRL000I10003;;IRL;;;6.73;9.40;0.00;;10.36;0.00;ACHILL LASSIE;85;G85;United Kingdom;;N;;N;N;N;;;WO;;FPO, NK;89.53;0.00;Wood;;1971-06-01;4G1;1971-01-01;;1996-08-19
IRL000I10004;;IRL;;;120.00;0.00;0.00;;19.88;0.00;ADRIANNE;613;D613;;;Y;EI4002;Y;Y;Y;;;TO;;OTM, GND;309.63;15.00;Wood;;1978-01-01;MFL;1978-01-01;2008-08-02;
IRL000I10005;;IRL;;;7.43;6.65;0.00;;9.45;0.00;ADVENTURER;122;T122;Finland;;N;;N;N;N;;;MO;;DRB, NK;26.86;0.00;Wood;;1969-10-01;4G1;1969-01-01;;1992-11-06
IRL000I10006;;IRL;;;126.00;0.00;0.00;;19.96;0.00;AELINDREW;687;SO687;;;Y;EIBG;Y;Y;Y;;;TO;;OTB, NK;399.16;25.00;Wood;;1979-01-01;MFL;1978-01-01;;2004-02-03
IRL000I10007;;IRL;;;1.30;1.84;0.00;;6.10;0.00;AENGUS;110;WT110;;;N;;N;N;N;;;WO;;FPO, NK;7.46;0.00;Wood;;1977-01-01;4G1;1972-01-01;;1999-07-13
IRL000I10008;;IRL;;;19.15;0.00;0.00;;11.09;0.00;AERAE PERENNIUS;74;C74;;;Y;EIMR7;N;N;N;;;GO;;GND, DRB;70.00;0.00;Wood;;1986-03-01;MFL;1986-01-01;;2013-09-24
IRL000I10009;;IRL;;;10.94;9.94;0.00;;10.67;0.00;AGNES OILIBHEAR;98;C98;;;Y;EI2204;N;N;N;;;FX;;FPO, NK;89.53;0.00;Wood;;1975-09-01;4GZ;1975-01-01;;1996-10-11
IRL000I10010;;IRL;;;26.32;21.47;0.00;;15.24;14.08;AGNES PALMER;10;W10;;;N;;N;Y;N;;;MO;;PS, NK;89.53;0.00;Wood;;1954-05-15;4G1;1948-01-01;;1998-08-10
IRL000I10011;;IRL;;;3.54;4.59;0.00;;8.53;0.00;AILEEN;726;S726;;;Y;EI2726;N;N;N;;;MO;;DRB, NK;16.41;0.00;Wood;;1982-09-01;4G1;1910-01-01;;1994-05-30
IRL000I10012;;IRL;;;9.63;0.00;0.00;;11.00;0.00;AILEEN ROSE;721;SO721;Sligo;;Y;EIAJ4;N;N;N;;;MO;;GND, FPO;58.20;0.00;Wood;;1980-06-21;MFL;1980-01-01;;
IRL000I10013;;IRL;;;1.10;1.83;0.00;;6.10;0.00;AILLEAN NA MARA;3;D3;;;N;;N;N;N;;;WO;;FPO, NK;18.65;0.00;Wood;;1981-11-05;4G1;1973-01-01;;2000-07-26
IRL000I10014;;IRL;;;9.83;0.00;0.00;;10.35;0.00;AILSA GRACE;257P;C257P;Cork;;Y;EIAN8;N;N;N;;;WO;;FPO, NK;96.98;0.00;Wood;;1982-03-16;MFL;1981-01-01;;
IRL000I10015;;IRL;;;37.00;0.00;0.00;;13.75;0.00;AINE CAITRIONA;256;C256;;;N;;N;Y;N;;;MO;;FPO, NK;126.84;8.00;Wood;;1981-01-01;MFL;1981-01-01;;2011-01-31
IRL000I10016;;IRL;;;142.00;0.00;0.00;;21.34;0.00;AINE IDE;180;G180;United Kingdom;;Y;EIRC;Y;Y;Y;;;TO;;OTM, FPO;369.32;0.00;Wood;;1978-09-27;MFL;1978-01-01;;2017-03-27
IRL000I10017;;IRL;;;3.60;0.00;0.00;;7.86;0.00;AINE J;172;C172;;;N;;N;N;N;;;WO;;GND, FPO;16.41;0.00;Wood;;1977-08-01;MFL;1977-01-01;;2006-05-18
IRL000I10018;;IRL;;;4.65;0.00;0.00;;8.84;0.00;AINE M;102;S102;;;Y;EI4523;N;N;N;;;MO;;DRB, NK;59.69;0.00;Wood;;1977-01-01;MFL;1976-01-01;;2007-05-01
IRL000I10019;;IRL;;;16.26;0.00;0.00;;12.19;0.00;AINE PATRICIA;30;G30;United Kingdom;;N;;N;Y;N;;;FX;;OTM, GND;83.56;0.00;Wood;;1981-06-01;MFL;1981-01-01;;2005-06-28
IRL000I10020;;IRL;;;3.47;0.00;0.00;;7.32;0.00;AISLING;62;C62;;;N;;N;N;N;;;GO;;GND, FPO;18.65;0.00;Wood;;1973-07-17;MFL;1972-01-01;;2010-07-27
IRL000I10021;;IRL;;;7.20;8.00;0.00;;10.49;0.00;AISLING SINEAD;793;SO793;;;N;;N;N;N;;;FX;;FPO, NK;34.69;0.00;Wood;;1986-07-01;4G1;1986-01-01;;1997-07-16
IRL000I10022;;IRL;;;13.03;0.00;0.00;;12.30;0.00;AISLING SIOBHAN;32;G32;Galway;;Y;EI7114;Y;Y;N;;;TO;;GNS, FPO, OTM;45.00;0.00;Wood;;1980-01-01;MFL;1980-01-01;;2022-07-12
IRL000I10023;;IRL;;;24.84;22.97;0.00;;14.33;0.00;ALAINE DOMINIQUE;207;G207;United Kingdom;;N;;N;Y;N;;;TO;;OTB, NK;119.38;0.00;Wood;;1988-06-30;4G1;1951-01-01;;1993-02-26
IRL000I10024;;IRL;;;219.00;0.00;0.00;;24.99;0.00;CEATHRAR ALUINN;504;G504;United Kingdom;;Y;EI2623;Y;Y;Y;;;TO;;GND, NK;447.00;0.00;Wood;;1979-01-01;MFL;1979-01-01;2008-09-23;
IRL000I10025;;IRL;;;173.00;0.00;0.00;;22.68;0.00;ALEGNA II;730;SO730;;;Y;EITK;Y;Y;Y;;;TO;;GND, NK;421.55;75.00;Wood;;1981-04-01;MFL;1980-01-01;;2004-10-26
IRL000I10026;;IRL;;;125.00;0.00;0.00;;25.24;0.00;ALIDA;125;WD125;;;N;;N;Y;Y;;;MO;;DRB, NK;369.00;20.00;Metal;;1980-05-11;4GZ;1962-01-01;;1998-09-24
IRL000I10027;;IRL;;;54.40;47.32;0.00;;20.03;0.00;ALLIANCE;85;D85;;;N;;N;Y;Y;;;TO;;OTB, NK;113.41;0.00;Wood;;1964-01-01;4G1;1946-01-01;;1991-04-30
IRL000I10028;;IRL;;;261.00;0.00;0.00;;35.05;0.00;SKELLIG ROCK;102;D102;;;Y;EIBZ;Y;Y;Y;;;TO;;OTM, FPO;895.32;0.00;Metal;;1981-05-07;MFL;1967-01-01;;2006-06-09
IRL000I10029;;IRL;;;106.00;0.00;0.00;;18.12;0.00;AN AINNIR ORDA;161;W161;;;Y;EI5944;Y;Y;Y;;;TO;;GND, OTM;279.79;27.00;Wood;;1984-09-01;MFL;1984-01-01;2008-09-23;
IRL000I10030;;IRL;;;3.33;0.00;0.00;;7.32;0.00;AN BLATH BAN;171;G171;United Kingdom;;Y;EI8144;N;N;N;;;FX;;DRB, GND;22.38;0.00;Wood;;1977-01-01;MFL;1977-01-01;;2008-05-20
IRL000I10031;;IRL;;;11.60;0.00;0.00;;10.70;0.00;AN CAILIN MAIRE;786;SO786;Sligo;;Y;EI8163;N;N;N;;;MO;;OTM, DRB;69.39;0.00;Wood;;1985-08-01;MFL;1985-01-01;;
IRL000I10032;;IRL;;;97.68;83.13;0.00;;19.81;0.00;AN CAPALL BAN;172;G172;United Kingdom;;Y;EI2211;N;Y;Y;;;TO;;OTB, NK;335.75;0.00;Metal;;1982-12-01;4G1;1982-01-01;;1996-12-11
IRL000I10033;;IRL;;;2.85;3.76;0.00;;7.92;0.00;AN CASAN;84;T84;Finland;;N;;N;N;N;;;MO;;DRB, NK;9.70;0.00;Wood;;1970-01-01;4G1;1970-01-01;;1995-03-03
IRL000I10034;;IRL;;;6.09;6.95;0.00;;9.42;0.00;AN CEATRAR ALUINN;65;G65;United Kingdom;;Y;EI6303;N;N;N;;;MO;;DRB, NK;49.24;0.00;Wood;;1969-08-15;4G1;1969-01-01;;1997-07-16
IRL000I10035;;IRL;;;4.09;0.00;0.00;;7.45;0.00;AN CHAILLEACH BHEARRA;55;WD55;;;N;;N;N;N;;;GO;;FPO, GND;22.38;0.00;Wood;;1975-06-06;MFL;1975-01-01;;2005-06-20
IRL000I10036;;IRL;;;3.56;4.13;0.00;;8.72;0.00;AN CRUAGH;355;SO355;;;N;;N;N;N;;;WO;;FPO, NK;11.19;0.00;Wood;;1971-01-04;4G1;1971-01-01;;1996-12-11
IRL000I10037;;IRL;;;8.56;0.00;0.00;;11.27;0.00;AN FIACH;250;C250;;;N;;N;N;N;;;MO;;GND, FPO;70.13;0.00;Wood;;1981-01-01;MFL;1981-01-01;;2005-04-20
IRL000I10038;;IRL;;;13.51;0.00;0.00;;11.28;0.00;AN FININ;176;C176;Cork;;Y;EI6298;N;N;N;;;TO;;OTM, FPO;104.45;0.00;Wood;;1977-02-01;MFL;1977-01-01;;
IRL000I10039;;IRL;;;5.77;5.91;0.00;;9.81;0.00;AN GHEALACH;303;SO303;;;N;;N;N;N;;;MO;;FPO, NK;30.78;0.00;Wood;;1970-01-01;4G1;1970-01-01;;1996-12-13
IRL000I10040;;IRL;;;5.28;5.29;0.00;;10.06;0.00;AN MUC MHARA;8;WT8;;;N;;N;N;N;;;GO;;FPO, DRB;33.01;0.00;Wood;;1984-06-01;4G1;1974-01-01;;1998-08-10
IRL000I10041;;IRL;;;12.12;12.14;0.00;;10.94;0.00;AN REALT THUAIDH;576;SO576;;;N;;N;N;N;;;FX;;FPO, DRB;44.02;0.00;Wood;;1975-01-01;4G1;1975-01-01;;1999-09-15
IRL000I10042;;IRL;;;7.00;0.00;0.00;;10.39;0.00;AN TOR BAN;206;SO206;;;Y;EI3500;N;N;N;;;MO;;GND, FPO;30.59;0.00;Wood;;1968-01-01;MFL;1961-01-01;;2017-10-31
IRL000I10043;;IRL;;;8.21;8.72;0.00;;11.11;0.00;AN TOILEANACH;627;SO627;;;N;;N;N;N;;;GO;;FPO, NK;26.86;0.00;Wood;;1976-10-04;4G1;1973-01-01;;1993-07-12
IRL000I10044;;IRL;;;4.90;4.73;0.00;;9.57;0.00;AN TSALL CUAC;140;G140;United Kingdom;;N;;N;N;N;;;FX;;FPO, DRB;44.77;0.00;Wood;;1981-04-02;4G1;1981-01-01;;2000-09-27
IRL000I10045;;IRL;;;7.41;0.00;0.00;;10.12;0.00;ANASTASIA;266A;SO266A;;;Y;EI8065;N;N;N;;;WO;;DRB, NK;20.03;0.00;Wood;;1969-01-01;AQU;1969-01-01;;2013-12-02
IRL000I10046;;IRL;;;34.63;0.00;0.00;;14.95;0.00;ANCRE DE SALUTE;293;D293;;;N;;N;Y;N;;;TO;;DRB, FPO;164.14;0.00;Wood;;1988-05-01;MFL;1961-01-01;;2013-07-04
IRL000I10047;;IRL;;;7.85;0.00;0.00;;10.85;0.00;ANGEL EMIR;331P;T331P;Finland;;Y;EIDX5;N;N;N;;;WO;;FPO, NK;89.53;0.00;Wood;;1979-01-01;MFL;1979-01-01;;2017-05-19
IRL000I10048;;IRL;;;29.55;26.16;0.00;;15.33;0.00;ANGELA;312;SO312;;;N;;N;Y;Y;;;TO;;OTB, NK;167.87;10.00;Wood;;1970-01-01;4G1;1970-01-01;;1998-01-12
IRL000I10049;;IRL;;;8.24;0.00;0.00;;11.52;0.00;ANGELA MARIE;236;C236;Cork;;Y;EI6487;N;N;N;;;MO;;LHP, OTB, OTM, FPO;38.80;0.00;Wood;;1981-01-01;MFL;1980-01-01;;2019-06-27
IRL000I10050;;IRL;;;2.04;2.43;0.00;;7.47;0.00;ANGELEEN;774;SO774;;;N;;N;N;N;;;NO;;FPO, NK;11.19;0.00;Wood;;1984-01-01;4G1;1983-01-01;;1997-12-15
IRL000I10051;;IRL;;;0.68;0.00;0.00;;5.36;0.00;ANGELUS BELL II;262;C262;;;N;;N;N;N;;;WO;;FPO, NK;3.73;0.00;Wood;;1976-12-31;MFL;1976-01-01;2005-05-27;
IRL000I10052;;IRL;;;8.60;0.00;0.00;;11.13;0.00;JESSICA JENNIFER;154P;W154P;Waterford;;Y;EI6098;N;N;N;;;WO;;FPO, NK;52.00;0.00;Wood;;1982-03-15;MFL;1982-01-01;;
IRL000I10053;;IRL;;;42.38;0.00;0.00;;17.09;0.00;ANN BARBARA;662;D662;;;N;;N;Y;Y;;;FX;;OTB, NK;261.13;0.00;Wood;;1981-01-01;MFL;1954-01-01;;2003-03-07
IRL000I10054;;IRL;;;4.42;0.00;0.00;;8.69;0.00;ANN CAROLINE;83;S83;;;N;;N;N;N;;;FX;;DRB, GND;53.72;0.00;Wood;;1976-01-01;MFL;1975-01-01;;2005-10-05
IRL000I10055;;IRL;;;9.40;0.00;0.00;;9.98;0.00;ANN MAJELLA;94;WD94;Wexford;;Y;EIMK3;N;N;N;;;MO;;OTB, LHP;40.00;0.00;Wood;;1981-06-01;MFL;1980-01-01;;
IRL000I10056;;IRL;;;7.56;0.00;0.00;;9.71;0.00;ANN PATRICIA;52;T52;Finland;;Y;EI3123;N;N;N;;;MO;;DRB, FPO;46.80;0.00;Wood;;1970-08-21;MFL;1970-01-01;;2014-10-13
IRL000I10057;;IRL;;;27.10;26.09;0.00;;14.63;0.00;ANNA MARIA;93;D93;;;N;;N;Y;N;;;MO;;OTB, NK;70.88;0.00;Wood;;1959-01-01;4G1;1959-01-01;;1994-10-05
IRL000I10058;;IRL;;;5.29;5.11;0.00;;8.84;0.00;ANNA MARIA;82;SO82;;;N;;N;N;N;;;MO;;FPO, NK;14.18;0.00;Wood;;1973-01-01;4G1;1973-01-01;;1995-03-03
IRL000I10059;;IRL;;;2.33;0.00;0.00;;7.32;0.00;ANNA MARIE;67;G67;United Kingdom;;N;;N;N;N;;;MO;;DRB, GND;9.70;0.00;Wood;;1950-01-01;MFL;1950-01-01;;2005-11-28
IRL000I10060;;IRL;;;2.13;2.21;0.00;;7.89;0.00;ANNIE;44;W44;;;N;;N;N;N;;;MO;;FPO, NK;6.34;0.00;Wood;;1942-05-13;4G1;1942-01-01;;1998-08-18
IRL000I10061;;IRL;;;782.00;0.00;0.00;;48.27;0.00;ANTARCTIC;406;D406;;;Y;EIPG;N;Y;Y;;;MO;;PS, NK;1566.81;0.00;Metal;;1980-01-01;4G1;1980-01-01;;1990-10-22
IRL000I10062;;IRL;;;14.01;14.40;0.00;;10.76;0.00;APPEL DU CLOCHER;274;W274;;;N;;N;N;N;;;MO;;FPO, DRB;52.23;0.00;Wood;;1988-09-01;4G1;1962-01-01;;1999-05-17
IRL000I10063;;IRL;;;12.60;0.00;0.00;;12.19;0.00;ARAN LASS;151;G151;United Kingdom;;N;;N;Y;N;;;TO;;GND, DRB;53.72;0.00;Wood;;1976-06-29;MFL;1975-01-01;;2006-12-18
IRL000I10064;;IRL;;;63.00;0.00;0.00;;18.26;0.00;ARBUTUS;403;D403;;;Y;EI6230;Y;Y;Y;;;FX;;GND, DRB;299.93;0.00;Wood;;1971-07-15;MFL;1971-01-01;2006-03-14;
IRL000I10066;;IRL;;;58.00;0.00;0.00;;17.25;0.00;ARD  CHLUAIN;349;D349;;;N;;N;Y;Y;;;FX;;OTB, NK;131.31;0.00;Wood;;1958-01-01;MFL;1958-01-01;;2004-05-26
IRL000I10067;;IRL;;;41.53;36.59;0.00;;16.18;0.00;ARD AILBHE;198;D198;;;N;;N;Y;Y;;;TO;;OTB, NK;128.33;0.00;Wood;;1960-11-30;4G1;1960-01-01;;2001-08-21
IRL000I10068;;IRL;;;38.00;0.00;0.00;;17.69;0.00;ARD ALUINN;498;D498;;;Y;EISV;Y;Y;Y;;;TO;;FPO, OTM;186.53;0.00;Wood;;1968-01-01;MFL;1968-01-01;;2010-06-28
IRL000I10069;;IRL;;;35.00;0.00;0.00;;15.56;0.00;ARD BEARA;462;D462;;;Y;EI5546;Y;Y;Y;;;TO;;OTM, DRB;186.53;9.00;Wood;;1968-01-01;MFL;1967-01-01;2011-04-15;
IRL000I10070;;IRL;;;35.00;0.00;0.00;;17.22;0.00;ARD CARNA;328;D328;;;Y;EI6488;Y;Y;Y;;;FX;;OTB, PTB;111.91;0.00;Wood;;1961-11-01;MFL;1961-01-01;;2011-06-27
IRL000I10071;;IRL;;;35.00;0.00;0.00;;17.22;0.00;ARD CASTA;321;D321;;;Y;EI2162;Y;Y;Y;;;TO;;FPO, OTM;171.60;0.00;Wood;;1958-03-01;MFL;1957-01-01;;2014-07-22
IRL000I10072;;IRL;;;44.86;38.20;0.00;;17.07;0.00;ARD CROINE;237;D237;;;N;;N;Y;Y;;;MO;;OTB, NK;85.06;0.00;Wood;;1961-01-01;4G1;1961-01-01;;1995-09-15
IRL000I10073;;IRL;;;36.00;0.00;0.00;;17.25;0.00;ARD EIREANN;106;D106;;;Y;EIGX;Y;Y;Y;;;TO;;OTM, GND;171.60;0.00;Wood;;1964-01-01;MFL;1964-01-01;;2010-12-21
IRL000I10074;;IRL;;;36.00;0.00;0.00;;17.07;0.00;ARD FIONNBARR;370;D370;Dublin;;Y;EI3248;Y;Y;Y;;;MO;;OTM, GND;111.91;0.00;Wood;;1961-06-22;MFL;1961-01-01;;
IRL000I10075;;IRL;;;45.41;0.00;0.00;;16.76;0.00;ARD GILLEN;453;D453;;;N;;N;Y;Y;;;TO;;OTB, NK;208.91;0.00;Wood;;1968-01-01;MFL;1967-01-01;;2004-05-26
IRL000I10076;;IRL;;;43.71;36.99;0.00;;17.07;0.00;ARD MACHA;387;D387;;;N;;N;Y;Y;;;MO;;OTB, GNS;85.06;0.00;Wood;;1956-01-01;4G1;1956-01-01;;2000-12-05
IRL000I10077;;IRL;;;35.00;0.00;0.00;;15.56;0.00;ARD MHUIRE;5;D5;;;N;;Y;Y;Y;;;TO;;GND, FPO;128.33;0.00;Wood;;1990-10-01;MFL;1959-01-01;;2007-03-26
IRL000I10078;;IRL;;;3.19;0.00;0.00;;6.71;0.00;ARD NA LI;89;T89;Finland;;N;;N;N;N;;;WO;;DRB, NK;8.95;0.00;Wood;;1980-06-11;MFL;1980-01-01;;2003-12-19
IRL000I10079;;IRL;;;56.00;0.00;0.00;;15.96;0.00;ARD SCIA;55;D55;;;Y;EI6209;Y;Y;Y;;;TO;;OTM, FPO;179.06;0.00;Wood;;1966-09-17;MFL;1966-01-01;;2014-10-20
IRL000I10080;;IRL;;;6.28;7.12;0.00;;9.14;0.00;ARDEEN;783;SO783;;;Y;EI2303;N;N;N;;;WO;;FPO, NK;35.81;0.00;Wood;;1985-05-13;4G1;1985-01-01;;1997-12-17
IRL000I10081;;IRL;;;7.69;8.17;0.00;;10.52;0.00;ARGO;114;WD114;;;N;;N;N;N;;;MO;;DRB, NK;59.69;0.00;Wood;;1982-10-01;4GZ;1982-01-01;;1998-07-10
IRL000I10082;;IRL;;;0.85;0.00;0.00;;6.49;0.00;ARIES VII;136;D136;;;N;;N;N;N;;;FX;;FPO, GND;18.65;3.00;Wood;;1989-05-20;MFL;1989-01-01;;2004-09-01
IRL000I10083;;IRL;;;110.35;87.10;0.00;;21.40;0.00;ARKIN CASTLE;8;G8;United Kingdom;;Y;EIBN;N;Y;Y;;;FX;;OTB, GNS;410.36;45.00;Wood;;1976-09-30;4G1;1976-01-01;;2001-05-02
IRL000I10084;;IRL;;;38.89;30.22;0.00;;15.73;0.00;ARNAUD JOHAN;287;D287;;;Y;EI2558;N;Y;Y;;;TO;;OTB, GNS;214.13;0.00;Wood;;1987-06-01;4G1;1971-01-01;;2000-04-17
IRL000I10085;;IRL;;;6.12;0.00;0.00;;9.15;0.00;ARRAN BAY;740;SO740;;;N;;N;N;N;;;MO;;DRB, NK;37.30;0.00;Wood;;1982-01-01;MFL;1979-01-01;;2013-04-08
IRL000I10086;;IRL;;;8.01;8.22;0.00;;10.61;0.00;ARRAN HEAD;341;SO341;;;N;;N;N;N;;;MO;;FPO, NK;47.75;0.00;Wood;;1971-12-31;4G1;1971-01-01;;1996-03-15
IRL000I10087;;IRL;;;0.79;0.86;0.00;;6.02;0.00;ARTIC DAWN;90;D90;;;N;;N;N;N;;;WO;;FPO, NK;8.95;0.00;Fiber/Plastic;;1983-02-07;4G1;1981-01-01;;1999-05-18
IRL000I10088;;IRL;;;62.50;51.18;0.00;;18.90;0.00;ARTIC FOX;440;D440;;;N;;N;Y;Y;;;TO;;OTB, NK;253.67;0.00;Wood;;1986-06-01;4G1;1962-01-01;1996-03-12;
IRL000I10089;;IRL;;;27.00;0.00;0.00;;16.92;0.00;ARCTIC SWAN;171;S171;;;Y;EIAY7;Y;Y;Y;;;TO;;OTB, OTM;149.22;0.00;Wood;;1971-01-01;MFL;1970-01-01;;2017-11-08
IRL000I10090;;IRL;;;68.44;51.82;0.00;;19.39;0.00;ASCANIA;187;SO187;;;N;;N;Y;Y;;;MO;;OTB, NK;238.75;4.00;Wood;;1963-02-01;4G1;1958-01-01;;1992-11-06
IRL000I10091;;IRL;;;83.46;0.00;0.00;;27.25;0.00;ASHDORN;138;D138;;;N;;N;Y;Y;;;TO;;OTB, NK;279.79;45.00;Metal;;1986-01-01;4G1;1961-01-01;1996-07-10;
IRL000I10092;;IRL;;;3.40;4.22;0.00;;8.53;0.00;ASSAROE;814;SO814;;;N;;N;N;N;;;WO;;FPO, NK;11.19;0.00;Wood;;1987-03-23;4G1;1970-01-01;;1994-05-23
IRL000I10093;;IRL;;;792.00;0.00;0.00;;53.20;0.00;ATLANTEAN;95;D95;Dublin;;Y;EIQP;N;Y;Y;;;TO;;OTB, GNS;1566.81;452.00;Metal;;1981-05-01;4G2;1981-01-01;;
IRL000I10094;;IRL;;;1702.00;0.00;0.00;;65.00;0.00;ATLANTIC CHALLENGE;642;D642;;;Y;EI2289;N;Y;Y;;;TO;;OTB, NK;2432.29;347.00;Metal;;1986-05-01;4G1;1986-01-01;;1995-06-27
IRL000I10095;;IRL;;;9.31;0.00;0.00;;10.96;0.00;ATLANTIC DRIFT;510;S510;Skibbereen;;Y;EI8082;N;N;N;;;MO;;GNS, OTB, FPO, DRB, OTM, LHP;58.92;0.00;Wood;;1986-01-01;MFL;1986-01-01;;
IRL000I10096;;IRL;;;83.00;0.00;0.00;;17.99;0.00;CELTIC FISHER;428;T428;Tralee;;Y;EICL6;Y;Y;Y;;;TO;;OTM, GNS;201.00;0.00;Wood;;1984-08-01;MFL;1984-01-01;;2021-08-17
IRL000I10097;;IRL;;;3.34;3.00;0.00;;7.01;0.00;ATLANTIC SOUND;195;G195;United Kingdom;;N;;N;N;N;;;MO;;FPO, NK;22.38;22.00;Wood;;1983-01-01;4G1;1983-01-01;;2000-01-27
IRL000I10098;;IRL;;;55.67;49.52;0.00;;17.22;0.00;AUDREY ANN;563;D563;;;N;;N;Y;Y;;;TO;;OTB, NK;279.79;0.00;Wood;;1972-01-01;4G1;1972-01-01;;1996-07-11
IRL000I10100;;IRL;;;6.05;0.00;0.00;;8.60;0.00;AUTUMN DAWN;58;WD58;;;Y;EI5834;N;N;N;;;TO;;OTB, NK;48.50;0.00;Wood;;1975-05-23;MFL;1975-01-01;;2003-05-02
IRL000I10101;;IRL;;;85.00;0.00;0.00;;19.81;0.00;STEREN AN MOR II;520;SO520;;;Y;EI2916;Y;Y;Y;;;DO;;DRB, NK;279.79;0.00;Wood;;1974-10-01;MFL;1974-01-01;;2006-02-28
IRL000I10102;;IRL;;;98.00;67.03;0.00;;19.81;0.00;AVE MARIA;568;D568;;;Y;EI6194;Y;Y;Y;;;MO;;OTT, OTM;279.79;0.00;Wood;;1973-05-01;4G1;1973-01-01;;2001-08-21
IRL000I10103;;IRL;;;8.81;8.59;0.00;;9.75;0.00;AVE MARIA;640;SO640;;;N;;N;N;N;;;FX;;FPO, NK;32.83;0.00;Wood;;1969-01-01;4G1;1969-01-01;;1995-03-07
IRL000I10104;;IRL;;;68.40;48.66;0.00;;18.78;0.00;AVOCETTE;539;D539;;;N;;N;Y;Y;;;TO;;OTB, GNS;328.28;0.00;Wood;;1988-06-01;4G1;1971-01-01;;1999-10-15
IRL000I10105;;IRL;;;121.18;101.67;0.00;;22.62;0.00;AZURE SEA;585;D585;;;N;;N;Y;Y;;;FX;;OTB, GNS;484.96;42.00;Wood;;1974-01-01;4G1;1973-01-01;;1999-04-19
IRL000I10106;;IRL;;;4.71;0.00;0.00;;8.82;0.00;BAGINBUN;58;W58;;;Y;EIST;N;N;N;;;MO;;GNS, LLD;14.55;0.00;Wood;;1971-03-25;MFL;1971-01-01;;2005-05-25
IRL000I10107;;IRL;;;0.55;0.00;0.00;;5.03;0.00;BAIDIN;323;D323;;;N;;N;N;N;;;MO;;PS, NK;5.97;0.00;Wood;;1975-06-01;MFL;1975-01-01;;2005-09-12
IRL000I10108;;IRL;;;6.52;8.79;0.00;;9.60;0.00;BAINRION AN GHLEANNA;109;WT109;;;Y;EI2576;N;N;N;;;MO;;FPO, NK;33.01;0.00;Wood;;1976-06-22;4G1;1976-01-01;;2002-12-30
IRL000I10109;;IRL;;;29.05;0.00;0.00;;14.78;0.00;BAINRION NA MARA;130;D130;;;Y;EI2252;N;Y;N;;;MO;;GNS, NK;111.91;0.00;Wood;;1961-01-01;MFL;1959-01-01;;2007-09-24
IRL000I10110;;IRL;;;4.62;0.00;0.00;;8.71;0.00;BALLYDAVID POINT;223;C223;;;N;;N;N;N;;;TO;;GNS, LLS;40.29;0.00;Wood;;1979-09-01;MFL;1979-01-01;2009-07-23;
IRL000I10111;;IRL;;;52.05;44.53;0.00;;18.59;0.00;BALTIC STAR;264;D264;;;N;;N;Y;Y;;;TO;;OTB, NK;111.91;0.00;Wood;;1988-03-29;4G1;1958-01-01;1996-03-12;
IRL000I10112;;IRL;;;59.76;48.08;0.00;;18.38;0.00;BAMBINO;402;D402;;;N;;N;Y;Y;;;TO;;OTB, NK;261.13;0.00;Wood;;1989-02-01;4G1;1966-01-01;;1994-01-07
IRL000I10113;;IRL;;;1.89;2.08;0.00;;6.52;0.00;BANRION AN CHUASA;264;T264;Finland;;N;;N;N;N;;;WO;;FPO, NK;14.18;0.00;Wood;;1977-05-01;4G1;1977-01-01;;2000-08-15
IRL000I10114;;IRL;;;24.64;22.12;0.00;;14.57;0.00;BANRION NA DTONN;444;SO444;;;Y;EI2568;N;Y;N;;;FX;;OTB, GNS;82.07;0.00;Wood;;1973-01-01;4G1;1972-01-01;;1999-12-16
IRL000I10115;;IRL;;;7.91;8.46;0.00;;10.97;0.00;BANRION NA NAOMH;564;SO564;;;N;;N;N;N;;;FX;;FPO, NK;32.83;0.00;Wood;;1975-01-01;4G1;1975-01-01;1996-07-03;
IRL000I10116;;IRL;;;10.49;0.00;0.00;;11.28;0.00;BARBARA ANN;93;G93;United Kingdom;;Y;EIOI;N;N;N;;;MO;;GND, OTM;89.53;0.00;Wood;;1971-01-01;MFL;1971-01-01;;2004-08-06
IRL000I10117;;IRL;;;17.02;0.00;0.00;;11.89;0.00;BARBARA MARIA;616;D616;Dublin;;Y;EI8365;N;N;N;;;TO;;OTM, NK;70.13;19.00;Metal;;1978-01-01;MFL;1978-01-01;;
IRL000I10119;;IRL;;;5.48;8.73;0.00;;9.75;0.00;BEAL ABHA;170;D170;;;N;;N;N;N;;;FX;;FPO, DRB;25.00;0.00;Wood;;1965-01-01;4G1;1965-01-01;;2000-03-07
IRL000I10120;;IRL;;;7.07;8.43;0.00;;9.81;0.00;BEAL ARD;120;C120;;;N;;N;N;N;;;MO;;FPO, DRB;61.18;0.00;Wood;;1963-06-01;4G1;1962-01-01;;1998-08-10
IRL000I10121;;IRL;;;6.14;0.00;0.00;;9.91;0.00;BEAL ATHA;380;D380;Dublin;;N;;N;N;N;;;GO;;GND, NK;24.62;0.00;Wood;;1966-05-22;MFL;1965-01-01;;
IRL000I10122;;IRL;;;7.07;0.00;0.00;;9.81;0.00;BEAL BAN;382;D382;;;N;;N;N;N;;;MO;;GND, FPO;33.01;0.00;Wood;;1962-05-01;MFL;1962-01-01;;2006-03-08
IRL000I10123;;IRL;;;4.49;9.25;0.00;;9.91;0.00;BEAL BOCHT;494;D494;;;Y;EI2251;N;N;N;;;MO;;DRB, NK;55.21;0.00;Wood;;1968-07-01;4GZ;1968-01-01;;1996-08-20
IRL000I10124;;IRL;;;7.20;8.54;0.00;;9.94;0.00;BEAL BOIRNE;201;D201;;;N;;N;N;N;;;FX;;DRB, NK;24.62;0.00;Wood;;1963-06-01;4G1;1962-01-01;;2001-05-02
IRL000I10125;;IRL;;;5.92;9.11;0.00;;9.85;0.00;BEAL BREACHAN;141;C141;;;N;;N;N;N;;;TO;;FPO, NK;24.62;0.00;Wood;;1968-01-01;4GZ;1963-01-01;;1996-07-17
IRL000I10126;;IRL;;;5.62;9.31;0.00;;9.83;0.00;BEAL CEARA;172;D172;;;N;;N;N;N;;;WO;;FPO, DRB;24.62;0.00;Wood;;1966-01-01;4G1;1966-01-01;;2000-05-29
IRL000I10127;;IRL;;;6.19;0.00;0.00;;9.75;0.00;BEAL CHOINNIGH;218;D218;Dublin;;Y;EIDV3;N;N;N;;;MO;;GNS, LHP, FPO, DRB;43.27;0.00;Wood;;1963-01-01;MFL;1963-01-01;;
IRL000I10128;;IRL;;;6.50;0.00;0.00;;9.75;0.00;BEAL CU;446;D446;Dublin;;Y;EI2981;N;N;N;;;GO;;OTM, GNS, FPO;52.20;0.00;Wood;;1968-02-29;MFL;1968-01-01;;2022-11-10
IRL000I10129;;IRL;;;6.06;9.24;0.00;;9.88;0.00;BEAL CUAN;369;D369;;;N;;N;N;N;;;FX;;DRB, NK;33.57;0.00;Wood;;1966-01-01;4G1;1966-01-01;;1998-09-04
IRL000I10130;;IRL;;;6.58;9.11;0.00;;9.91;0.00;BEAL DARA;442;D442;;;N;;N;N;N;;;FX;;DRB, NK;31.71;0.00;Wood;;1968-01-01;4G1;1968-01-01;;1998-06-19
IRL000I10131;;IRL;;;6.11;0.00;0.00;;9.81;0.00;BEAL DORCHA;405;D405;Dublin;;Y;EI7895;N;N;N;;;MO;;GND, NK;53.72;0.00;Wood;;1967-05-03;MFL;1966-01-01;;
IRL000I10132;;IRL;;;7.07;8.15;0.00;;9.81;0.00;BEAL FEIRSDE;351;D351;;;N;;N;N;N;;;FX;;FPO, DRB;26.86;0.00;Wood;;1962-01-01;4G1;1962-01-01;;1998-06-19
IRL000I10133;;IRL;;;6.73;0.00;0.00;;9.88;0.00;BEAL INSE;146;D146;Dublin;;Y;EI5312;N;N;N;;;MO;;DRB, GNS, FPO, OTB, LHP, GND;59.69;0.00;Wood;;1969-02-10;MFL;1967-01-01;;2021-02-24
IRL000I10134;;IRL;;;6.56;0.00;0.00;;9.75;0.00;BEAL LINN;445;D445;;;N;;N;N;N;;;GO;;FPO, NK;24.62;0.00;Wood;;1967-07-17;MFL;1967-01-01;;2004-01-05
IRL000I10135;;IRL;;;6.05;0.00;0.00;;9.85;0.00;BEAL LOCHA;385;D385;;;N;;N;N;N;;;MO;;DRB, NK;24.62;0.00;Wood;;1969-01-01;MFL;1966-01-01;;2004-08-06
IRL000I10136;;IRL;;;6.32;9.41;0.00;;9.85;0.00;BEAL NA SIONAINNE;450;D450;;;N;;N;N;N;;;WO;;FPO, DRB;24.62;0.00;Wood;;1968-01-01;4G1;1967-01-01;;2000-04-17
IRL000I10137;;IRL;;;7.34;0.00;0.00;;9.85;0.00;BEAL TRAGHA;303;D303;Dublin;;Y;EI3064;N;N;N;;;WO;;FPO, DRB;24.62;0.00;Wood;;1962-07-01;MFL;1961-01-01;;2021-03-16
IRL000I10138;;IRL;;;13.31;0.00;0.00;;11.58;0.00;BEARA FISHER;17;C17;Cork;;Y;EI2796;N;N;N;;;WO;;GNS, FPO, LHP;49.00;0.00;Wood;;1989-06-01;MFL;1987-01-01;;
IRL000I10139;;IRL;;;6.52;6.01;0.00;;10.06;0.00;BECALM;550;D550;;;N;;N;N;N;;;MO;;FPO, NK;22.01;0.00;Wood;;1972-01-01;4G1;1933-01-01;;1997-08-27
IRL000I10140;;IRL;;;49.00;0.00;0.00;;14.11;0.00;BERCEAU DE SAINT PIERRE;165;W165;;;Y;EI2527;N;Y;N;;;TO;;OTM, FPO;160.00;0.00;Wood;;1985-05-01;MFL;1975-01-01;;2007-01-09
IRL000I10141;;IRL;;;8.95;0.00;0.00;;10.41;0.00;BERNI;350;D350;Dublin;;Y;EI4030;N;N;N;;;TO;;LHP, OTB;74.61;0.00;Wood;;1974-09-03;MFL;1947-01-01;;
IRL000I10143;;IRL;;;3.66;0.00;0.00;;8.90;0.00;SEA AZURE;494;SO494;;;Y;EI8595;N;N;N;;;MO;;GND, GNS;14.92;0.00;Wood;;1973-10-30;MFL;1973-01-01;;2013-08-20
IRL000I10144;;IRL;;;7.34;0.00;0.00;;9.85;0.00;BLAITHIN;502;D502;Dublin;;Y;EI6489;N;N;N;;;WO;;FPO, GNS;46.26;0.00;Wood;;1968-01-01;MFL;1968-01-01;;
IRL000I10145;;IRL;;;9.14;0.00;0.00;;10.70;0.00;BLATH BAWN;603;SO603;;;N;;N;N;N;;;MO;;DRB, NK;59.69;0.00;Wood;;1976-05-01;MFL;1975-01-01;;2005-01-31
IRL000I10146;;IRL;;;8.43;0.00;0.00;;11.13;0.00;BLATH NA HOIGE;21;G21;Galway;;Y;EI2676;N;N;N;;;MO;;FPO, GNS, OTB, LHP, DRB;88.04;0.00;Wood;;1989-07-01;MFL;1988-01-01;;
IRL000I10147;;IRL;;;6.16;6.20;0.00;;9.81;0.00;BLATH NA MARA;372;SO372;;;N;;N;N;N;;;MO;;FPO, NK;32.83;0.00;Wood;;1971-06-01;4G1;1971-01-01;;1996-12-11
IRL000I10148;;IRL;;;1.63;0.00;0.00;;7.32;0.00;BLATH NA NOIGE;177;G177;Galway;;Y;EI6033;N;N;N;;;MO;;DRB, GND;11.94;0.00;Wood;;1978-01-01;MFL;1978-01-01;;
IRL000I10149;;IRL;;;5.44;0.00;0.00;;9.30;0.00;BLIND HARBOUR;88;WT88;;;N;;N;N;N;;;MO;;FPO, LLD;38.80;0.00;Wood;;1972-05-29;MFL;1972-01-01;;2006-09-27
IRL000I10150;;IRL;;;7.21;0.00;0.00;;8.66;0.00;BLUE BOY;163;G163;Galway;;Y;EI4023;N;N;N;;;MO;;FPO, GND;59.69;0.00;Fiber/Plastic;;1978-01-01;MFL;1976-01-01;;
IRL000I10151;;IRL;;;11.68;0.00;0.00;;11.06;0.00;BLUE DIVER;261;C261;Cork;;Y;EI2191;N;N;N;;;GO;;FPO, GNS;89.53;0.00;Wood;;1983-04-01;MFL;1983-01-01;;2022-01-20
IRL000I10152;;IRL;;;50.69;48.13;0.00;;17.28;0.00;BOJAN;15;D15;;;N;;N;Y;Y;;;TO;;OTB, NK;179.06;3.00;Wood;;1989-08-22;4G1;1959-01-01;;1993-12-01
IRL000I10153;;IRL;;;6.25;6.27;0.00;;9.14;0.00;BONAVENTURE;101;W101;;;N;;N;N;N;;;MO;;DRB, NK;52.23;0.00;Wood;;1974-08-01;4G1;1974-01-01;1996-07-10;
IRL000I10154;;IRL;;;37.75;0.00;0.00;;15.48;0.00;BORDER MAID;325;D325;;;N;;N;Y;Y;;;FX;;OTB, NK;85.06;0.00;Wood;;1970-01-01;MFL;1958-01-01;;2003-12-22
IRL000I10155;;IRL;;;103.68;80.10;0.00;;23.16;0.00;BORDER PRINCE;35;G35;United Kingdom;;N;;N;Y;Y;;;TO;;FPO, NK;272.33;7.00;Wood;;1990-01-01;4G1;1959-01-01;;1991-07-26
IRL000I10156;;IRL;;;27.95;33.55;0.00;;12.95;0.00;BORU;166;W166;;;N;;N;Y;N;;;MO;;OTB, NK;185.78;0.00;Wood;;1986-01-01;4G1;1986-01-01;;1993-07-23
IRL000I10157;;IRL;;;59.55;48.27;0.00;;18.59;0.00;LADY EVELYN;424;SO424;;;Y;EILJ;N;Y;Y;;;TO;;OTB, GNS;246.21;30.00;Wood;;1972-07-01;4G1;1972-01-01;;2001-05-02
IRL000I10158;;IRL;;;6.41;0.00;0.00;;8.78;0.00;BOY ALAN;137;W137;Waterford;;Y;EI5747;N;N;N;;;GO;;FPO, GNS;33.20;0.00;Wood;;1979-04-04;MFL;1978-01-01;;2025-02-24
IRL000I10159;;IRL;;;47.00;0.00;0.00;;15.85;0.00;BOY EVIN;560;D560;;;Y;EI6643;Y;Y;Y;;;TO;;PTB, OTM;164.14;0.00;Wood;;1972-01-01;MFL;1972-01-01;;2010-03-02
IRL000I10160;;IRL;;;16.55;13.97;0.00;;11.61;0.00;BOY LORNE;656;SO656;;;N;;N;N;N;;;MO;;FPO, NK;94.75;0.00;Wood;;1978-01-01;4G1;1949-01-01;;1996-11-05
IRL000I10161;;IRL;;;28.80;24.41;0.00;;14.33;0.00;BOY PETER II;870;SO870;;;N;;N;Y;N;;;GO;;OTB, NK;85.06;0.00;Wood;;1985-03-01;4G1;1949-01-01;;1992-06-05
IRL000I10162;;IRL;;;1.81;0.00;0.00;;6.40;0.00;BOY ROBERT;65;T65;Finland;;N;;N;N;N;;;FX;;FPO, NK;18.65;0.00;Wood;;1973-01-01;MFL;1973-01-01;;2005-09-26
IRL000I10163;;IRL;;;41.89;34.80;0.00;;16.76;0.00;BOY STEPHEN;656;D656;;;N;;N;Y;Y;;;TO;;OTB, NK;208.91;13.00;Wood;;1985-01-01;4G1;1960-01-01;;1997-12-04
IRL000I10164;;IRL;;;6.75;7.01;0.00;;10.67;0.00;BOY TAD;766;SO766;;;N;;N;N;N;;;GO;;FPO, NK;47.75;0.00;Wood;;1984-01-27;4G1;1962-01-01;;1994-09-19
IRL000I10165;;IRL;;;5.50;5.55;0.00;;9.51;0.00;BOYLE;348;SO348;;;N;;N;N;N;;;FX;;FPO, NK;26.86;0.00;Wood;;1971-06-01;4G1;1971-01-01;;1996-12-20
IRL000I10166;;IRL;;;5.60;0.00;0.00;;9.19;0.00;BOYS PRIDE;85;W85;Waterford;;Y;EI4533;N;N;N;;;MO;;FPO, GNS;16.41;0.00;Wood;;1973-01-05;MFL;1973-01-01;;2022-02-21
IRL000I10167;;IRL;;;12.39;0.00;0.00;;11.52;0.00;BRADAN;112;G112;Galway;;Y;EI8137;N;N;N;;;MO;;GNS, FPO;89.53;0.00;Wood;;1970-05-01;MFL;1969-01-01;;2025-03-25
IRL000I10168;;IRL;;;10.22;0.00;0.00;;10.36;0.00;BRANDON EAGLE;144;G144;United Kingdom;;N;;N;N;N;;;MO;;FPO, NK;89.53;0.00;Wood;;1975-01-01;MFL;1975-01-01;;2003-04-03
IRL000I10169;;IRL;;;82.75;67.93;0.00;;21.95;0.00;BREDA ANNETTE;91;S91;;;Y;EI2026;N;Y;Y;;;TO;;OTB, NK;279.79;12.00;Wood;;1960-01-01;4G1;1955-01-01;;1998-03-19
IRL000I10170;;IRL;;;6.27;0.00;0.00;;10.71;0.00;BREDA CAROLINE;124;C124;;;Y;EI8581;N;N;N;;;GO;;FPO, GNS;53.72;0.00;Wood;;1975-02-20;MFL;1975-01-01;;2008-06-17
IRL000I10171;;IRL;;;127.00;0.00;0.00;;21.34;0.00;BREDA HELEN;144;S144;;;Y;EI2953;Y;Y;Y;;;MO;;OTM, PS;290.98;11.00;Wood;;1972-04-01;MFL;1972-01-01;2008-09-23;
IRL000I10172;;IRL;;;4.65;0.00;0.00;;9.27;0.00;BRENDAN MARTIN;138;W138;Waterford;;Y;EI5727;N;N;N;;;MO;;GNS, LHM, GND, FPO;57.45;0.00;Fiber/Plastic;;1979-01-01;MFL;1978-01-01;;2025-02-24
IRL000I10173;;IRL;;;374.00;0.00;0.00;;38.05;34.72;BRENDELEN;709;SO709;Sligo;;Y;EIGBO1;N;Y;Y;7904750;;TO;;OTB, NK;1133.90;631.86;Metal;;1980-06-20;4G1;1980-01-01;;
IRL000I10174;;IRL;;;99.62;76.41;0.00;;22.86;0.00;BRENDETTE;553;D553;;;Y;EI2218;N;Y;Y;;;TO;;OTB, SDN;317.00;10.00;Wood;;1972-01-01;4G1;1961-01-01;;2000-10-03
IRL000I10175;;IRL;;;70.92;64.79;0.00;;19.81;0.00;BRIAN OG;531;D531;;;Y;EI2208;N;Y;Y;;;TO;;OTB, SDN;272.33;6.00;Wood;;1970-12-01;4G1;1969-01-01;;2001-06-29
IRL000I10176;;IRL;;;4.41;0.00;0.00;;8.53;0.00;BRIDGET;29;T29;Tralee;;Y;EI3757;N;N;N;;;MO;;DRB, GND, FPO;19.40;0.00;Wood;;1974-01-01;MFL;1974-01-01;;2024-02-15
IRL000I10177;;IRL;;;2.91;3.05;0.00;;7.28;0.00;BRIDGET;54;W54;;;N;;N;N;N;;;FX;;FPO, NK;14.55;0.00;Wood;;1933-05-19;4G1;1928-01-01;;2000-01-27
IRL000I10178;;IRL;;;3.68;3.91;0.00;;8.66;0.00;BRIDGET ANN;272;SO272;;;N;;N;N;N;;;FX;;FPO, NK;14.92;0.00;Wood;;1970-06-01;4G1;1970-01-01;;1996-07-03
IRL000I10179;;IRL;;;212.00;0.00;0.00;;22.34;0.00;DINAH B;93;WD93;;;Y;EIQV;Y;Y;Y;;;TO;;OTB, NK;447.66;86.00;Wood;;1980-08-01;MFL;1980-01-01;;2004-03-29
IRL000I10180;;IRL;;;4.40;0.00;0.00;;8.81;0.00;BRISEANURA;126;C126;Cork;;Y;EI8822;N;N;N;;;MO;;OTB, OTM, FPO, GND, DRB, LHP;22.37;0.00;Wood;;1976-02-01;MFL;1975-01-01;;
IRL000I10181;;IRL;;;14.46;11.98;0.00;;12.34;0.00;BRITTANIA II;118;S118;;;N;;N;Y;N;;;MO;;DRB, NK;94.75;0.00;Wood;;1957-01-01;4G1;1950-01-01;;1995-12-06
IRL000I10182;;IRL;;;6.73;8.16;0.00;;10.36;0.00;BROAD HAVEN;121;WT121;;;N;;N;N;N;;;TO;;FPO, NK;32.83;0.00;Wood;;1974-06-01;4G1;1974-01-01;;1997-08-26
IRL000I10183;;IRL;;;4.00;7.19;0.00;;8.75;0.00;BROADHAVEN BAY;162;T162;Finland;;N;;N;N;N;;;MO;;FPO, NK;33.57;0.00;Wood;;1971-01-01;4G1;1971-01-01;;1996-03-01
IRL000I10184;;IRL;;;11.95;0.00;0.00;;11.58;0.00;BROADHAVEN FISHER;112;WT112;Westport;;Y;EI5719;N;N;N;;;MO;;GND, FPO;70.88;0.00;Wood;;1977-01-01;MFL;1977-01-01;;
IRL000I10185;;IRL;;;7.62;7.99;0.00;;10.97;0.00;BROD AN IARTHAIR;490;SO490;;;N;;N;N;N;;;FX;;FPO, NK;55.96;0.00;Wood;;1973-09-01;4G1;1973-01-01;;2002-12-10
IRL000I10186;;IRL;;;8.01;7.58;0.00;;10.97;0.00;BROD THORAI;340;SO340;;;N;;N;N;N;;;FX;;FPO, NK;30.78;0.00;Wood;;1971-05-26;4G1;1971-01-01;;1997-08-26
IRL000I10187;;IRL;;;3.45;0.00;0.00;;8.63;0.00;ELAINE GRACE;641;SO641;;;Y;EILO3;N;N;N;;;WO;;GNS, GND;18.65;0.00;Wood;;1977-05-04;MFL;1976-01-01;;2017-08-30
IRL000I10188;;IRL;;;27.55;26.61;0.00;;14.54;0.00;BROTHERS HOPE;247;D247;;;N;;N;Y;N;;;MO;;OTB, NK;82.07;0.00;Wood;;1956-07-24;4G1;1956-01-01;;1993-11-10
IRL000I10189;;IRL;;;4.11;0.00;0.00;;9.65;0.00;BROTHERS PRIDE;40;C40;;;N;;N;N;N;;;TO;;DRB, NK;62.67;0.00;Wood;;1971-01-01;MFL;1971-01-01;;2004-09-23
IRL000I10190;;IRL;;;8.17;0.00;0.00;;10.52;0.00;BRUACH NA MARA;88;G88;United Kingdom;;N;;N;N;N;;;FX;;GND, FPO;52.97;0.00;Wood;;1972-01-01;MFL;1972-01-01;;2007-08-07
IRL000I10191;;IRL;;;30.35;23.29;0.00;;14.02;0.00;BUDDING ROSE;419;D419;;;N;;N;Y;N;;;TO;;OTB, NK;82.07;0.00;Wood;;1963-01-01;4G1;1938-01-01;;1998-04-22
IRL000I10192;;IRL;;;1.87;0.00;0.00;;6.25;0.00;BULLOCH ROSE;640;D640;;;Y;EILJ3;N;N;N;;;WO;;FPO, LHP;12.00;0.00;Fiber/Plastic;;1983-12-19;MFL;1983-01-01;;2014-01-08
IRL000I10193;;IRL;;;5.48;0.00;0.00;;10.63;0.00;BULLSMOUTH;76;WT76;Westport;;Y;EI8871;N;N;N;;;WO;;FPO, LHP, GNS;32.85;0.00;Wood;;1977-06-01;MFL;1971-01-01;;
IRL000I10194;;IRL;;;9.40;10.82;0.00;;9.88;0.00;BUN BEAG;145;D145;;;N;;N;N;N;;;MO;;FPO, NK;37.30;0.00;Wood;;1960-03-09;4G1;1959-01-01;;1995-08-22
IRL000I10195;;IRL;;;6.05;0.00;0.00;;7.92;0.00;BUNAGEE LASS;837;SO837;;;N;;N;N;N;;;MO;;GND, FPO;20.89;0.00;Wood;;1984-01-01;MFL;1983-01-01;;2006-08-01
IRL000I10196;;IRL;;;93.00;0.00;0.00;;18.29;0.00;CAAREEN;699;SO699;;;N;;Y;Y;Y;;;MO;;OTB, NK;266.36;0.00;Wood;;1979-06-01;MFL;1979-01-01;;2004-02-02
IRL000I10197;;IRL;;;8.12;0.00;0.00;;11.25;0.00;CAILIN GHABHLA;769;SO769;Sligo;;Y;EI2304;N;N;N;;;MO;;FPO, GNS;57.45;0.00;Wood;;1985-06-01;MFL;1984-01-01;;
IRL000I10198;;IRL;;;6.39;6.51;0.00;;9.85;0.00;CAILIN GWEEDORE;314;SO314;;;N;;N;N;N;;;MO;;FPO, NK;20.14;0.00;Wood;;1970-11-01;4G1;1970-01-01;;1996-12-20
IRL000I10199;;IRL;;;9.93;0.00;0.00;;11.89;0.00;CAILIN HEILIN;250;SO250;Sligo;;Y;EIDX9;N;N;N;;;MO;;DRB, NK;30.00;0.00;Wood;;1971-01-01;MFL;1971-01-01;2017-11-10;
IRL000I10200;;IRL;;;4.30;0.00;0.00;;8.38;0.00;CAILIN OG;49;G49;Galway;;Y;EI7915;N;N;N;;;MO;;DRB, GND;19.40;0.00;Wood;;1968-01-01;MFL;1968-01-01;;2019-03-26
IRL000I10201;;IRL;;;3.28;3.94;0.00;;8.53;0.00;CAILIN THORAI;536;SO536;;;N;;N;N;N;;;FX;;FPO, GND;22.38;0.00;Wood;;1984-01-01;4G1;1974-01-01;;1998-11-19
IRL000I10202;;IRL;;;3.85;0.00;0.00;;9.55;0.00;CAILIN BAN;299;WT299;Westport;;Y;EIKU8;N;N;N;;;MO;;GNS, FPO, LHP;26.80;0.00;Wood;;1981-06-01;MFL;1979-01-01;;
IRL000I10203;;IRL;;;2.17;0.00;0.00;;6.80;0.00;CAITLIN;121;G121;United Kingdom;;N;;N;N;N;;;MO;;DRB, GND;18.65;0.00;Wood;;1973-07-16;MFL;1972-01-01;;2007-07-25
IRL000I10204;;IRL;;;63.00;0.00;0.00;;19.91;0.00;CALEDONIA ROSE;331;D331;;;Y;EI2254;Y;Y;Y;;;TO;;OTM, FPO;171.60;0.00;Wood;;1970-01-29;MFL;1955-01-01;2006-07-31;
IRL000I10205;;IRL;;;23.40;0.00;0.00;;12.59;0.00;CALLY MARIE;248;C248;;;Y;EI2445;N;Y;N;;;TO;;OTB, OTM;94.75;0.00;Wood;;1981-01-01;MFL;1981-01-01;;2017-01-26
IRL000I10206;;IRL;;;2.59;2.07;0.00;;7.62;0.00;CANOG;101;C101;;;N;;N;N;N;;;GO;;FPO, NK;22.38;0.00;Wood;;1975-01-01;4G1;1975-01-01;;1998-07-14
IRL000I10207;;IRL;;;2.21;0.00;0.00;;7.62;0.00;CANON SHIELDS;440;SO440;;;N;;N;N;N;;;FX;;FPO, NK;11.19;0.00;Wood;;1972-01-01;MFL;1972-01-01;;2004-08-06
IRL000I10208;;IRL;;;5.91;7.66;0.00;;9.75;0.00;CAORAN;76;G76;United Kingdom;;N;;N;N;N;;;FX;;PS, NK;53.72;0.00;Wood;;1970-08-10;4G1;1969-01-01;1998-07-01;
IRL000I10209;;IRL;;;4.55;0.00;0.00;;8.70;0.00;CAPELLA;86;C86;;;Y;EIMX6;N;N;N;;;MO;;GND, FPO;31.30;0.00;Wood;;1980-01-01;MFL;1980-01-01;;2016-01-06
IRL000I10210;;IRL;;;24.84;24.93;0.00;;14.33;0.00;CARA MUIR;648;SO648;;;N;;N;Y;N;;;TO;;OTB, NK;119.38;0.00;Wood;;1977-01-01;4G1;1958-01-01;;1996-07-23
IRL000I10211;;IRL;;;129.74;93.31;0.00;;22.86;0.00;CARANNDON;546;D546;;;N;;N;Y;Y;;;FX;;OTB, SDN;328.28;12.00;Wood;;1972-01-01;4G1;1971-01-01;;2000-09-14
IRL000I10212;;IRL;;;5.35;6.46;0.00;;8.38;0.00;CARBERY LASS;144;C144;;;N;;N;N;N;;;FX;;FPO, GND;29.84;0.00;Wood;;1976-09-08;4G1;1976-01-01;;1998-08-10
IRL000I10213;;IRL;;;10.11;24.74;0.00;;10.06;0.00;CARBERY MARLIN;73;S73;;;N;;N;N;N;;;MO;;FPO, NK;111.91;0.00;Wood;;1986-04-03;4G1;1979-01-01;;1991-05-01
IRL000I10214;;IRL;;;8.77;0.00;0.00;;10.30;0.00;CARBURY QUEEN;4;C4;;;N;;N;N;N;;;FX;;GND, FPO;54.47;0.00;Wood;;1977-01-01;MFL;1977-01-01;;2010-11-03
IRL000I10215;;IRL;;;0.57;0.72;0.00;;4.57;0.00;CAREMMA;262;T262;Finland;;N;;N;N;N;;;WO;;FPO, NK;7.46;0.00;Wood;;1977-01-10;4GZ;1973-01-01;;1996-11-20
IRL000I10216;;IRL;;;55.53;57.64;0.00;;19.72;0.00;CARINA;21;W21;;;Y;EI2031;N;Y;Y;;;MO;;OTB, NK;113.41;15.00;Wood;;1960-01-01;4G1;1946-01-01;;1993-09-08
IRL000I10217;;IRL;;;85.00;0.00;0.00;;22.19;0.00;CARMARA;854;SO854;;;Y;EI2991;Y;Y;Y;;;TO;;OTM, NK;373.05;0.00;Metal;;1974-01-01;MFL;1965-01-01;2006-02-06;
IRL000I10218;;IRL;;;7.51;0.00;0.00;;10.71;0.00;CARMEL PATRICIA;688;SO688;Sligo;;Y;EI2560;N;N;N;;;GO;;GND, NK;53.72;0.00;Wood;;1979-07-01;MFL;1979-01-01;;
IRL000I10219;;IRL;;;121.00;0.00;0.00;;19.14;0.00;CARNOWN BAY;590;D590;;;Y;EIBV5;Y;Y;Y;;;TO;;OTM, GND;313.36;0.00;Wood;;1977-01-01;MFL;1977-01-01;2008-09-30;
IRL000I10220;;IRL;;;2.41;0.00;0.00;;8.25;0.00;LUCKY LASS;636;S636;Skibbereen;;Y;EINS8;N;N;N;;;MO;;OTB, OTM;46.26;0.00;Wood;;1975-12-31;MFL;1974-01-01;;
IRL000I10221;;IRL;;;7.99;8.14;0.00;;11.09;0.00;CAROL PHYLLIS;399;SO399;;;N;;N;N;N;;;MO;;FPO, NK;33.01;0.00;Wood;;1972-01-01;4G1;1972-01-01;;1991-08-30
IRL000I10222;;IRL;;;42.69;36.36;0.00;;14.72;0.00;CAROL ANN;244;C244;;;N;;N;Y;N;;;FX;;OTB, SDN;171.60;0.00;Wood;;1981-05-01;4G1;1981-01-01;1998-09-18;
IRL000I10223;;IRL;;;9.07;0.00;0.00;;10.90;0.00;CAROLE DENISE;593;D593;Dublin;;Y;EIA2953;N;N;N;;;DO;;DRB, NK;80.58;0.00;Metal;;1977-01-01;MFL;1977-01-01;;
IRL000I10224;;IRL;;;107.22;106.80;0.00;;21.73;0.00;CAROLINE ANN;27;D27;;;Y;EI2484;N;Y;Y;;;FX;;OTB, SDN;447.66;19.00;Wood;;1966-01-01;4G1;1966-01-01;;2000-07-10
IRL000I10225;;IRL;;;5.63;9.11;0.00;;9.63;0.00;CAROLINE MARIE;141;S141;;;N;;N;N;N;;;TO;;FPO, NK;53.72;0.00;Wood;;1971-01-01;4G1;1971-01-01;;1997-09-01
IRL000I10226;;IRL;;;7.78;0.00;0.00;;10.52;0.00;CARRAIG ANN;44;WT44;;;N;;N;N;N;;;MO;;DRB, GND;44.02;0.00;Wood;;1974-01-01;MFL;1974-01-01;;2006-01-24
IRL000I10227;;IRL;;;10.61;13.86;0.00;;11.40;0.00;CARRAIG AONAR;45;S45;;;N;;N;N;N;;;TO;;PS, NK;56.70;0.00;Wood;;1956-01-01;4G1;1956-01-01;;1995-07-03
IRL000I10228;;IRL;;;13.31;0.00;0.00;;10.97;0.00;CARRAIG BAWN;179;G179;United Kingdom;;N;;N;N;N;;;MO;;DRB, GND;89.53;0.00;Wood;;1978-01-01;MFL;1978-01-01;;2004-12-23
IRL000I10229;;IRL;;;26.44;0.00;0.00;;14.33;0.00;CARRAIG BUI;498;SO498;;;N;;N;Y;N;;;TO;;OTB, NK;220.10;0.00;Wood;;1973-01-01;MFL;1973-01-01;;2006-06-26
IRL000I10230;;IRL;;;32.74;0.00;0.00;;13.96;0.00;CARRAIG CHUIN;162;G162;Galway;;Y;EI3961;N;Y;N;;;TO;;GND, OTM;141.76;12.00;Wood;;1981-01-01;MFL;1980-01-01;2016-07-29;
IRL000I10231;;IRL;;;10.96;0.00;0.00;;11.28;0.00;CARRAIG EAMONN;599;SO599;;;N;;N;N;N;;;WO;;GND, FPO;52.23;0.00;Wood;;1975-01-01;MFL;1975-01-01;;2005-04-22
IRL000I10232;;IRL;;;80.94;73.51;0.00;;19.05;0.00;CARRAIG EINNE;130;G130;United Kingdom;;N;;N;Y;Y;;;FX;;OTB, SDN;272.33;0.00;Wood;;1974-01-01;4G1;1974-01-01;;2001-12-06
IRL000I10233;;IRL;;;3.22;5.48;0.00;;8.23;0.00;CARRAIGART;416;D416;;;N;;N;N;N;;;GO;;FPO, GND;37.30;0.00;Wood;;1953-01-01;4G1;1953-01-01;;1999-06-11
IRL000I10234;;IRL;;;159.00;0.00;0.00;;24.38;0.00;CARRIGEEN BAY;618;D618;;;Y;EIBW9;Y;Y;Y;;;MO;;LLS, PTB;421.55;0.00;Wood;;1978-07-01;MFL;1978-01-01;2008-09-16;
IRL000I10235;;IRL;;;65.00;0.00;0.00;;19.81;0.00;CARRAIGH BREACH;530;D530;;;N;;Y;Y;Y;;;TO;;OTB, NK;298.44;9.00;Wood;;1971-01-01;MFL;1971-01-01;;2004-08-17
IRL000I10236;;IRL;;;1.46;0.00;0.00;;7.54;0.00;CARRIG MOR;119;WD119;;;N;;N;N;N;;;FX;;GND, OTM;6.34;0.00;Wood;;1988-01-01;MFL;1960-01-01;;2010-10-22
IRL000I10238;;IRL;;;3.72;0.00;0.00;;8.93;0.00;CARRYMACARRY;660;SO660;Sligo;;Y;EI7858;N;N;N;;;MO;;OTM, DRB;11.19;0.00;Wood;;1977-06-03;MFL;1977-01-01;;
IRL000I10239;;IRL;;;7.53;7.06;0.00;;10.67;0.00;CASHEN HEATHER;214;C214;;;N;;N;N;N;;;MO;;FPO, NK;53.71;0.00;Wood;;1978-01-01;4G1;1978-01-01;;1995-10-09
IRL000I10240;;IRL;;;83.10;0.00;0.00;;19.81;0.00;CASTLE QUEEN;500;SO500;;;Y;EIQL;N;Y;Y;;;TO;;PS, NK;272.33;15.00;Wood;;1974-04-05;MFL;1974-01-01;;2003-02-19
IRL000I10241;;IRL;;;373.00;0.00;0.00;;37.85;0.00;CASTLETOWN;637;D637;;;Y;EIQX;Y;Y;Y;;;TO;;OTM, OTB;746.10;0.00;Metal;;1982-03-01;MFL;1982-01-01;;2013-11-01
IRL000I10242;;IRL;;;1.20;0.00;0.00;;5.79;0.00;CATHAL BRUGHA;319;SO319;;;N;;N;N;N;;;WO;;GND, NK;11.19;11.00;Wood;;1971-01-01;MFL;1970-01-01;;2004-09-23
IRL000I10243;;IRL;;;83.89;77.86;0.00;;22.49;0.00;CATHARINA;21;D21;;;N;;N;Y;Y;;;TO;;DRB, NK;220.65;22.00;Metal;;1978-06-01;4GZ;1960-01-01;;2002-12-05
IRL000I10244;;IRL;;;10.92;0.00;0.00;;10.61;0.00;CATHERINE AGNES;136;C136;Cork;;Y;EI6017;N;N;N;;;MO;;FPO, DRB;54.00;0.00;Wood;;1976-01-01;MFL;1976-01-01;;
IRL000I10245;;IRL;;;5.67;8.25;0.00;;10.97;0.00;CATHERINE ANN;212;SO212;;;N;;N;N;N;;;MO;;FPO, NK;26.86;0.00;Wood;;1969-01-01;4G1;1968-01-01;;1995-01-06
IRL000I10246;;IRL;;;7.61;0.00;0.00;;9.75;0.00;CATHERINE CLAIRE;175;G175;United Kingdom;;Y;EI2961;N;N;N;;;TO;;FPO, NK;35.07;0.00;Wood;;1978-05-01;MFL;1978-01-01;;2004-05-26
IRL000I10247;;IRL;;;2.97;3.11;0.00;;6.71;0.00;CEANN LOCH;486;D486;;;N;;N;N;N;;;MO;;FPO, NK;18.65;0.00;Wood;;1975-04-01;4G1;1975-01-01;;1992-09-30
IRL000I10248;;IRL;;;2.57;0.00;0.00;;6.55;0.00;CEIM MULACH;187;C187;;;N;;N;N;N;;;WO;;FPO, LLD;14.92;0.00;Wood;;1978-07-01;MFL;1978-01-01;;2005-03-01
IRL000I10249;;IRL;;;34.61;30.49;0.00;;14.45;0.00;CELENE PATRICE;371;D371;;;N;;N;Y;N;;;TO;;OTB, NK;111.91;0.00;Wood;;1985-05-22;4G1;1956-01-01;;1994-02-15
IRL000I10250;;IRL;;;6.40;7.85;0.00;;9.91;0.00;CELTIC PRIDE;41;C41;;;N;;N;N;N;;;MO;;FPO, NK;34.51;0.00;Wood;;1974-01-01;4G1;1973-01-01;;1995-03-03
IRL000I10251;;IRL;;;5.96;6.99;0.00;;9.20;0.00;CELTIC STAR;722;SO722;;;N;;N;N;N;;;MO;;FPO, NK;26.86;0.00;Wood;;1980-01-01;4G1;1980-01-01;;1993-11-10
IRL000I10252;;IRL;;;4.92;5.55;0.00;;9.24;0.00;CEOL NA DTONN;533;SO533;;;N;;N;N;N;;;MO;;FPO, NK;16.41;0.00;Wood;;1974-01-01;4G1;1974-01-01;;1997-09-02
IRL000I10253;;IRL;;;3.83;0.00;0.00;;7.92;0.00;CEOL NA MARA;148;G148;United Kingdom;;N;;N;N;N;;;FX;;FPO, LLD;37.30;0.00;Wood;;1975-01-01;MFL;1975-01-01;;2006-03-30
IRL000I10254;;IRL;;;2.76;0.00;0.00;;8.60;0.00;CHANNEL PRIDE;254;C254;;;Y;EI8597;N;N;N;;;GO;;FPO, NK;31.34;0.00;Wood;;1981-11-12;MFL;1980-01-01;;2008-02-19
IRL000I10255;;IRL;;;43.73;41.25;0.00;;16.64;0.00;CHANTS D'ESPERANCE;124;WD124;;;Y;EI5911;N;Y;Y;;;TO;;OTB, NK;175.33;0.00;Wood;;1989-07-01;4G1;1965-01-01;;1997-09-03
IRL000I10256;;IRL;;;84.00;0.00;0.00;;19.00;0.00;CHRIST MARIA;481;D481;;;N;;Y;Y;Y;;;FX;;OTB, NK;320.82;0.00;Wood;;1986-01-01;MFL;1969-01-01;;2004-05-17
IRL000I10257;;IRL;;;4.90;0.00;0.00;;9.27;0.00;CHRISTIAN ISLAND;133A;T133A;Tralee;;Y;EI5204;N;N;N;;;MO;;DRB, NK;47.70;0.00;Wood;;1977-01-01;AQU;1977-01-01;;
IRL000I10258;;IRL;;;10.68;0.00;0.00;;8.53;0.00;CHRISTINE;12;G12;United Kingdom;;Y;EI2845;N;N;N;;;MO;;DRB, GND;59.69;0.00;Metal;;1979-01-01;MFL;1979-01-01;;2005-06-08
IRL000I10259;;IRL;;;4.21;5.08;0.00;;8.84;0.00;CHRISTINE;66;WT66;;;N;;N;N;N;;;WO;;DRB, NK;23.13;0.00;Wood;;1970-01-01;4G1;1970-01-01;;1998-06-18
IRL000I10260;;IRL;;;7.41;0.00;0.00;;9.41;0.00;CHRISTMAS EVE;149;C149;;;Y;EI2130;N;N;N;;;MO;;DRB, NK;50.00;0.00;Wood;;1977-01-01;MFL;1976-01-01;;2006-06-28
IRL000I10261;;IRL;;;83.00;0.00;0.00;;18.17;0.00;CHRISTMAS TIDE;677;SO677;;;Y;EIMF;Y;Y;Y;;;MO;;PS, OTM;309.63;0.00;Wood;;1978-01-01;MFL;1978-01-01;2008-11-17;
IRL000I10262;;IRL;;;5.91;0.00;0.00;;11.08;0.00;CHRYSTAL SKY;452;SO452;;;Y;EI259;N;N;N;;;FX;;LHP, NK;74.61;123.00;Wood;;1973-01-01;MFL;1973-01-01;;2005-07-06
IRL000I10263;;IRL;;;5.71;5.83;0.00;;9.14;0.00;CHURCHTOWN PRIDE;99;W99;;;N;;N;N;N;;;TO;;FPO, NK;35.81;0.00;Wood;;1974-04-18;4G1;1974-01-01;;1998-03-05
IRL000I10264;;IRL;;;5.41;5.26;0.00;;9.45;0.00;CIL - MOR;1;WT1;;;N;;N;N;N;;;FX;;FPO, GND;17.91;18.00;Wood;;1931-01-01;4G1;1930-01-01;;1999-11-05
IRL000I10265;;IRL;;;2.55;2.99;0.00;;7.85;0.00;CILL ATHRACHTA;83;D83;;;N;;N;N;N;;;WO;;FPO, NK;6.34;0.00;Wood;;1959-01-01;4GZ;1959-01-01;;1997-08-27
IRL000I10266;;IRL;;;2.39;0.00;0.00;;7.92;0.00;CILL BROGAN;352;D352;Dublin;;Y;EI2667;N;N;N;;;GO;;GNS, FPO;6.34;0.00;Wood;;1962-08-24;MFL;1962-01-01;;
IRL000I10267;;IRL;;;7.17;8.23;0.00;;9.43;0.00;CILL CHEANAINN;137;G137;United Kingdom;;N;;N;N;N;;;MO;;DRB, NK;57.45;0.00;Wood;;1975-04-24;4GZ;1975-01-01;;1996-12-11
IRL000I10268;;IRL;;;2.49;0.00;0.00;;7.89;0.00;CILL CHIARAIN;211;D211;;;N;;N;N;N;;;MO;;DRB, NK;10.07;0.00;Wood;;1961-01-01;MFL;1960-01-01;;2005-10-25
IRL000I10269;;IRL;;;1.89;3.00;0.00;;8.23;0.00;CILL CHISIN;263;D263;;;N;;N;N;N;;;FX;;FPO, GND;10.07;0.00;Wood;;1960-01-01;4G1;1960-01-01;;1998-11-25
IRL000I10270;;IRL;;;2.19;2.74;0.00;;8.02;0.00;CILL CONAILL;324;D324;;;N;;N;N;N;;;MO;;FPO, NK;7.09;0.00;Wood;;1961-07-08;4G1;1961-01-01;1996-05-10;
IRL000I10271;;IRL;;;2.44;2.78;0.00;;7.92;0.00;CILL EAMOINN;200;SO200;;;N;;N;N;N;;;MO;;FPO, NK;9.70;0.00;Wood;;1968-10-08;4G1;1967-01-01;;2000-04-25
IRL000I10272;;IRL;;;2.11;0.00;0.00;;7.99;0.00;CILL FACHTNA;29;D29;;;N;;N;N;N;;;WO;;FPO, NK;6.34;0.00;Wood;;1964-01-01;MFL;1964-01-01;;2005-05-17
IRL000I10273;;IRL;;;2.28;3.39;0.00;;7.99;0.00;CILL MANACH;112;D112;;;N;;N;N;N;;;MO;;FPO, NK;9.70;0.00;Wood;;1965-01-01;4G1;1965-01-01;;1995-06-27
IRL000I10274;;IRL;;;1.95;0.00;0.00;;7.96;0.00;CILL MANTAIN;118;D118;;;N;;N;N;N;;;GO;;OTM, NK;6.34;0.00;Wood;;1965-01-01;MFL;1965-01-01;;2007-07-02
IRL000I10275;;IRL;;;2.31;0.00;0.00;;7.92;0.00;CILL MAOILE;114;D114;;;N;;N;N;N;;;FX;;GND, FPO;9.70;0.00;Wood;;1967-05-05;MFL;1965-01-01;;2003-02-11
IRL000I10276;;IRL;;;1.93;0.00;0.00;;7.92;0.00;CILL MOIBHI;338;D338;;;N;;N;N;N;;;WO;;DRB, NK;10.07;0.00;Wood;;1961-03-01;MFL;1960-01-01;;2006-06-20
IRL000I10277;;IRL;;;5.99;0.00;0.00;;8.02;0.00;CILL NA GCROS;241;D241;;;N;;N;N;N;;;MO;;GND, NK;10.45;0.00;Wood;;1961-01-01;MFL;1961-01-01;;2005-12-14
IRL000I10278;;IRL;;;2.16;2.25;0.00;;7.92;0.00;CILL RONAIN;119;SO119;;;N;;N;N;N;;;FX;;FPO, NK;9.70;0.00;Wood;;1967-02-22;4G1;1963-01-01;;1996-03-15
IRL000I10280;;IRL;;;96.39;0.00;0.00;;21.64;0.00;CISEMAIR;533;D533;;;Y;E12768;N;Y;Y;;;FX;;OTB, NK;373.05;13.00;Wood;;1971-05-01;MFL;1971-01-01;;2003-01-22
IRL000I10281;;IRL;;;7.22;6.81;0.00;;10.67;0.00;CLADACH GEAL;100;WT100;;;N;;N;N;N;;;MO;;FPO, GND;44.02;0.00;Wood;;1984-01-01;4G1;1983-01-01;;2001-08-31
IRL000I10282;;IRL;;;5.21;5.46;0.00;;9.68;0.00;CLAIRE MAIREAD;22;C22;;;N;;N;N;N;;;FX;;FPO, GND;62.67;0.00;Wood;;1980-04-09;4G1;1980-01-01;;2000-12-19
IRL000I10283;;IRL;;;7.06;0.00;0.00;;9.42;0.00;CLARE COLLEEN;135A;G135A;Galway;;Y;EIDZ7;N;N;N;;;DO;;DRB, NK;57.45;0.00;Wood;;1974-07-01;AQU;1974-01-01;;
IRL000I10284;;IRL;;;8.69;7.76;0.00;;10.61;0.00;CLEONA;5;WT5;;;N;;N;N;N;;;GO;;FPO, NK;89.53;0.00;Wood;;1973-08-01;4G1;1973-01-01;;1995-03-03
IRL000I10285;;IRL;;;9.57;9.64;0.00;;11.09;0.00;CLEWBAY STAR;2;G2;United Kingdom;;N;;N;N;N;;;FX;;FPO, GNS;94.75;0.00;Wood;;1979-07-14;4G1;1979-01-01;;1998-09-18
IRL000I10287;;IRL;;;4.77;4.59;0.00;;9.14;0.00;CLODAGH;60;WT60;;;N;;N;N;N;;;MO;;FPO, NK;17.91;0.00;Wood;;1977-04-01;4G1;1967-01-01;;1992-07-24
IRL000I10288;;IRL;;;2.02;0.00;0.00;;6.10;0.00;CNOC MACHAN;285;W285;Waterford;;Y;EIEL7;N;N;N;;;MO;;GNS, LHP, FPO;7.00;0.00;Fiber/Plastic;;1976-01-01;MFL;1976-01-01;;2023-10-26
IRL000I10289;;IRL;;;7.54;8.80;0.00;;9.72;0.00;CNOC MUIRE;53;G53;United Kingdom;;N;;N;N;N;;;MO;;FPO, NK;26.86;0.00;Wood;;1969-01-01;4G1;1969-01-01;;1996-08-19
IRL000I10290;;IRL;;;6.03;6.54;0.00;;10.70;0.00;CNOC NA NAOMH;211;SO211;;;N;;N;N;N;;;WO;;FPO, NK;17.91;0.00;Wood;;1968-01-01;4G1;1968-01-01;;1993-11-10
IRL000I10291;;IRL;;;7.87;0.00;0.00;;9.32;0.00;COLIN SUSAN;39A;T39A;Tralee;;Y;EI9583;N;N;N;;;DO;;DRB, NK;35.00;0.00;Wood;;1980-06-10;AQU;1979-01-01;;
IRL000I10292;;IRL;;;6.63;6.54;0.00;;9.75;0.00;COLLEEN II;129;W129;;;N;;N;N;N;;;FX;;DRB, NK;33.01;0.00;Wood;;1976-11-18;4G1;1976-01-01;;1998-11-10
IRL000I10293;;IRL;;;2.14;0.00;0.00;;6.86;0.00;COLMCILLE;6;G6;United Kingdom;;N;;N;N;N;;;MO;;DRB, GND;5.97;0.00;Wood;;1964-02-01;MFL;1938-01-01;;2006-06-09
IRL000I10294;;IRL;;;256.00;0.00;0.00;;27.05;0.00;EX COLMCILLE;186;G186;Galway;;Y;EIBR6;Y;Y;Y;8022731;;TO;;PS, OTM;708.79;179.00;Metal;;1982-09-12;MFL;1982-01-01;;
IRL000I10296;;IRL;;;51.35;37.03;0.00;;18.29;0.00;COMPAGNON DU LARGE;661;D661;;;N;;N;Y;Y;;;FX;;OTB, SDN;223.83;0.00;Wood;;1988-04-20;4G1;1963-01-01;;2000-09-15
IRL000I10297;;IRL;;;60.00;0.00;0.00;;17.22;0.00;CONNACHT RANGER;47;G47;Galway;;Y;EI2575;Y;Y;Y;8562743;;TO;;PS, OTM, GNS;128.30;0.00;Wood;;1970-01-01;MFL;1970-01-01;2023-06-20;
IRL000I10298;;IRL;;;9.62;9.86;0.00;;10.36;0.00;CONNEMARA LASS;393;SO393;;;N;;N;N;N;;;FX;;FPO, GNS;89.53;0.00;Wood;;1972-01-01;4G1;1972-01-01;;2001-06-29
IRL000I10299;;IRL;;;17.55;12.91;0.00;;13.41;0.00;CONNEMARA QUEEN;157;G157;United Kingdom;;Y;EI2299;N;Y;N;;;MO;;OTB, NK;104.45;0.00;Wood;;1977-01-14;4G1;1976-01-01;;1993-02-26
IRL000I10300;;IRL;;;2.88;0.00;0.00;;6.52;0.00;CONSTANT HOPE;107;S107;;;Y;EI7827;N;N;N;;;MO;;GND, FPO;33.57;0.00;Wood;;1980-03-21;MFL;1977-01-01;;2014-04-09
IRL000I10301;;IRL;;;9.41;8.52;0.00;;15.24;0.00;COOS BAY;75;C75;;;Y;EINX;N;Y;Y;;;FX;;OTB, NK;44.77;0.00;Wood;;1980-03-01;4G1;1980-01-01;;1995-06-01
IRL000I10302;;IRL;;;3.14;0.00;0.00;;7.32;0.00;CORILAUN;228;SO228;;;N;;N;N;N;;;FX;;GND, NK;29.84;0.00;Wood;;1961-01-01;MFL;1961-01-01;;2004-06-15
IRL000I10303;;IRL;;;8.58;0.00;0.00;;9.14;0.00;CORULAN;127;WT127;Westport;;Y;EI5871;N;N;N;;;DO;;DRB, GND;134.30;0.00;Fiber/Plastic;;1989-06-23;MFL;1979-01-01;;
IRL000I10304;;IRL;;;47.62;0.00;0.00;;18.96;0.00;CORUNNA;356;D356;;;N;;N;Y;Y;;;MO;;OTB, NK;149.22;0.00;Metal;;1971-01-01;4G1;1927-01-01;;1995-06-27
IRL000I10305;;IRL;;;2.51;0.00;0.00;;7.38;0.00;COSTAL BOY;230;T230;Finland;;N;;N;N;N;;;FX;;DRB, FPO;14.18;0.00;Metal;;1974-01-01;MFL;1964-01-01;;2009-03-12
IRL000I10306;;IRL;;;3.59;4.27;0.00;;8.60;0.00;COASTAL HUNTER;652;SO652;;;N;;N;N;N;;;MO;;FPO, NK;20.52;0.00;Wood;;1977-06-01;4G1;1976-01-01;;1993-06-21
IRL000I10307;;IRL;;;7.14;0.00;0.00;;10.67;0.00;COASTAL QUEEN;184;SO184;Sligo;;Y;EIPJ6;N;N;N;;;MO;;DRB, NK;26.86;0.00;Wood;;1968-06-01;MFL;1968-01-01;;
IRL000I10308;;IRL;;;5.73;0.00;0.00;;10.12;0.00;COASTAL STAR;222;SO222;Sligo;;Y;EI5412;N;N;N;;;GO;;GNS, LHP, FPO;26.86;0.00;Wood;;1969-06-01;MFL;1968-01-01;;2020-07-03
IRL000I10309;;IRL;;;10.05;0.00;0.00;;10.79;0.00;COTTON ROSE;103;C103;Cork;;Y;EI2759;N;N;N;;;MO;;GND, FPO;54.00;0.00;Wood;;1987-02-01;MFL;1986-01-01;;
IRL000I10310;;IRL;;;3.40;3.83;0.00;;9.14;0.00;COULIN;79;C79;;;N;;N;N;N;;;GO;;FPO, NK;20.89;0.00;Wood;;1986-05-22;4G1;1938-01-01;;1991-10-31
IRL000I10311;;IRL;;;20.82;0.00;0.00;;12.19;0.00;COUNSALEAC;93;T93;Tralee;;Y;EI8183;Y;Y;N;;;TO;;GND, NK;94.75;0.00;Wood;;1982-01-01;MFL;1982-01-01;;
IRL000I10312;;IRL;;;1.91;3.17;0.00;;8.26;0.00;COUNTESS;39;C39;;;N;;N;N;N;;;WO;;FPO, NK;9.70;0.00;Wood;;1971-01-01;4G1;1970-01-01;;1994-07-11
IRL000I10313;;IRL;;;5.74;0.00;0.00;;9.45;0.00;CRANGY;75;SO75;;;Y;EI8858;N;N;N;;;LO;;GNS, FPO;21.64;0.00;Wood;;1966-05-03;MFL;1966-01-01;;2008-02-21
IRL000I10314;;IRL;;;60.73;56.75;0.00;;18.07;0.00;CREDO DU MARIN;507;D507;;;N;;N;Y;Y;;;TO;;OTB, NK;320.82;0.00;Wood;;1988-05-27;4G1;1967-01-01;;1998-01-20
IRL000I10315;;IRL;;;124.00;0.00;0.00;;24.35;0.00;CREST;109;WD109;;;Y;EI3271;Y;Y;Y;;;TO;;OTM, DRB;447.66;0.00;Metal;;1987-05-06;MFL;1962-01-01;;2004-11-26
IRL000I10316;;IRL;;;4.35;0.00;0.00;;8.53;0.00;CRUAG PADRAIG;33;G33;United Kingdom;;N;;N;N;N;;;MO;;DRB, GND;16.41;0.00;Wood;;1966-01-01;MFL;1966-01-01;;2006-02-14
IRL000I10317;;IRL;;;6.94;0.00;0.00;;11.06;0.00;CRUAGH PADRAIC;116A;G116A;Galway;;Y;EIJP4;N;N;N;;;DO;;DRB, NK;90.00;0.00;Wood;;1972-01-01;AQU;1971-01-01;;2019-03-04
IRL000I10318;;IRL;;;66.32;67.40;0.00;;21.03;0.00;CRUDEN BAY;229;D229;;;N;;N;Y;Y;;;MO;;OTB, NK;171.60;0.00;Wood;;1960-12-01;4G1;1945-01-01;;1991-07-29
IRL000I10319;;IRL;;;11.26;0.00;0.00;;11.40;0.00;CRYSTAL DAWN;801;SO801;;;Y;EI3198;N;N;N;;;GO;;GND, FPO;69.39;0.00;Wood;;1986-06-20;MFL;1986-01-01;;2011-11-11
IRL000I10320;;IRL;;;8.68;7.85;0.00;;10.43;0.00;CRYSTAL RIVER;268;W268;;;N;;N;N;N;;;WO;;FPO, NK;89.53;0.00;Wood;;1979-11-21;4G1;1974-01-01;;1996-08-21
IRL000I10321;;IRL;;;5.39;0.00;0.00;;11.22;0.00;CRYSTAL STAR;159;C159;;;Y;EI4608;N;N;N;;;MO;;GNS, GND;55.00;0.00;Wood;;1977-01-01;MFL;1977-01-01;;2016-04-06
IRL000I10322;;IRL;;;92.87;0.00;0.00;;24.38;0.00;CU FEASA;427;D427;;;N;;N;Y;Y;;;TO;;OTB, NK;373.05;75.00;Metal;;1960-01-01;4G1;1959-01-01;;1991-07-26
IRL000I10323;;IRL;;;8.82;0.00;0.00;;10.97;0.00;CU GHABHLA;488;SO488;;;Y;EI2010;N;N;N;;;MO;;LHP, LNB;51.26;0.00;Wood;;1974-01-01;MFL;1973-01-01;;2012-02-07
IRL000I10324;;IRL;;;67.14;53.11;0.00;;19.81;0.00;CONSTANT HOPE II;368;D368;;;N;;N;Y;Y;;;TO;;OTB, NK;260.39;11.00;Wood;;1966-01-01;4G1;1966-01-01;;1994-07-11
IRL000I10325;;IRL;;;1.94;0.00;0.00;;8.03;0.00;CUAIN BAOI;199;D199;;;N;;N;N;N;;;DO;;DRB, NK;9.70;0.00;Wood;;1966-01-01;MFL;1965-01-01;;2017-05-12
IRL000I10326;;IRL;;;5.54;6.07;0.00;;9.45;0.00;CUAN GEARR;479;SO479;;;N;;N;N;N;;;GO;;FPO, NK;22.01;0.00;Wood;;1973-05-09;4G1;1973-01-01;;1992-09-18
IRL000I10327;;IRL;;;2.61;0.00;0.00;;7.32;0.00;CUAN GHARA;419;SO419;;;N;;N;N;N;;;GO;;GND, FPO;9.70;0.00;Wood;;1972-01-01;MFL;1972-01-01;;2008-08-15
IRL000I10328;;IRL;;;10.22;12.80;0.00;;10.97;0.00;CUDAR;114;G114;United Kingdom;;N;;N;N;N;;;GO;;FPO, NK;73.12;0.00;Wood;;1980-01-01;4G1;1971-01-01;;1998-03-23
IRL000I10329;;IRL;;;3.16;0.00;0.00;;8.84;0.00;CULKENNY;612;SO612;;;Y;EI4298;N;N;N;;;WO;;GND, FPO;11.19;0.00;Wood;;1976-06-01;MFL;1976-01-01;;2014-08-12
IRL000I10330;;IRL;;;2.79;0.00;0.00;;7.92;0.00;CUNAMORE GLORY;174;C174;Cork;;Y;EI2975;N;N;N;;;WO;;OTM, GND;33.57;0.00;Wood;;1977-08-19;MFL;1977-01-01;;
IRL000I10331;;IRL;;;2.86;0.00;0.00;;8.08;0.00;SOUTHWESTERN;564;S564;;;Y;EIJU8;N;N;N;;;WO;;FPO, LHP;18.00;0.00;Fiber/Plastic;;1977-04-15;MFL;1977-01-01;2011-03-03;
IRL000I10332;;IRL;;;3.96;3.89;0.00;;9.14;0.00;CYMA;825;SO825;;;N;;N;N;N;;;WO;;FPO, NK;10.45;0.00;Wood;;1987-01-01;4G1;1972-01-01;;1995-03-03
IRL000I10333;;IRL;;;29.48;29.45;0.00;;13.72;0.00;DABHACH EINNE;187;G187;United Kingdom;;N;;N;Y;N;;;MO;;OTB, NK;134.30;6.00;Wood;;1982-06-01;4G1;1982-01-01;;1996-06-19
IRL000I10334;;IRL;;;10.32;10.15;0.00;;11.00;0.00;DANCING MERMAID;681;SO681;;;N;;N;N;N;;;GO;;FPO, NK;44.02;0.00;Wood;;1978-01-01;4G1;1978-01-01;;1996-06-19
IRL000I10335;;IRL;;;7.23;0.00;0.00;;9.81;0.00;DANCING QUEEN;659;SO659;Sligo;;Y;EI8134;N;N;N;;;FX;;GND, FPO;30.96;0.00;Wood;;1977-06-25;MFL;1977-01-01;;2024-12-12
IRL000I10336;;IRL;;;8.63;0.00;0.00;;11.54;0.00;DANCING WAVE;191P;C191P;Cork;;Y;EI2933;N;N;N;;;WO;;FPO, NK;119.00;0.00;Wood;;1978-05-01;MFL;1978-01-01;;2025-05-06
IRL000I10337;;IRL;;;21.86;23.73;0.00;;14.04;0.00;DANIELLE BRIGITTE;184;T184;Finland;;N;;N;Y;N;;;MO;;DRB, NK;119.38;0.00;Wood;;1976-06-08;4G1;1954-01-01;;1992-12-02
IRL000I10338;;IRL;;;4.13;4.27;0.00;;7.92;0.00;DARBY GREEN;194;G194;United Kingdom;;N;;N;N;N;;;MO;;FPO, NK;32.83;0.00;Wood;;1983-01-01;4G1;1983-01-01;;1995-07-03
IRL000I10339;;IRL;;;14.58;0.00;0.00;;10.82;0.00;DARK ISLAND;168;W168;Waterford;;Y;EI3461;N;N;N;;;MO;;OTB, FPO, LHP, GNS;72.00;0.00;Fiber/Plastic;;1986-09-01;MFL;1981-01-01;;
IRL000I10340;;IRL;;;6.93;6.70;0.00;;10.06;0.00;DARK ROZALINE;298;SO298;;;Y;EI5052;N;N;N;;;GO;;FPO, NK;26.86;0.00;Wood;;1970-09-14;4G1;1970-01-01;;1991-08-30
IRL000I10341;;IRL;;;93.00;0.00;0.00;;19.81;0.00;DARNETTE;503;SO503;;;Y;EI6794;Y;Y;Y;;;TO;;OTM, GND;279.79;24.00;Wood;;1974-01-01;MFL;1974-01-01;2009-08-21;
IRL000I10342;;IRL;;;212.00;0.00;0.00;;24.41;0.00;ATLANTIC VENTURE;95;WD95;;;Y;EICP;Y;Y;Y;;;TO;;OTM, NK;447.66;126.77;Wood;;1980-01-01;MFL;1980-01-01;;2004-05-26
IRL000I10343;;IRL;;;85.52;0.00;0.00;;21.95;0.00;DAY DAWN II;3;G3;United Kingdom;;N;;N;Y;Y;;;TO;;OTB, NK;272.33;0.00;Wood;;1988-02-01;MFL;1960-01-01;;2003-01-04
IRL000I10344;;IRL;;;1.46;0.00;0.00;;5.49;0.00;DE PORRES;102;WD102;;;N;;N;N;N;;;WO;;FPO, NK;7.46;0.00;Wood;;1983-01-01;MFL;1981-01-01;;2004-05-26
IRL000I10345;;IRL;;;39.00;0.00;0.00;;15.85;0.00;DEBORAH ANNE;437;SO437;Sligo;;Y;EI5908;Y;Y;Y;;;TO;;FPO, NK;186.53;0.00;Wood;;1972-11-06;MFL;1972-01-01;;2021-10-13
IRL000I10346;;IRL;;;4.33;5.07;0.00;;7.47;0.00;DECLAN P;59;WD59;;;N;;N;N;N;;;WO;;FPO, NK;22.38;0.00;Wood;;1975-10-10;4G1;1975-01-01;;1996-07-04
IRL000I10347;;IRL;;;142.00;0.00;0.00;;22.86;0.00;DEE MARIE;448;W448;;;Y;EI2240;N;Y;Y;;;TO;;OTB, NK;488.70;63.00;Wood;;1983-11-30;MFL;1977-01-01;;2003-12-18
IRL000I10348;;IRL;;;12.21;0.00;0.00;;12.19;0.00;DEIRDRE BRID;189;G189;Galway;;Y;EI7181;Y;Y;N;;;GO;;FPO, LHP, GNS;94.75;0.00;Wood;;1982-01-01;MFL;1982-01-01;;
IRL000I10349;;IRL;;;156.10;0.00;0.00;;30.54;0.00;DEIRDRE MAIREAD;113;WD113;;;N;;N;Y;Y;;;TO;;PS, NK;708.79;45.00;Metal;;1987-09-09;4G1;1963-01-01;;2001-09-05
IRL000I10350;;IRL;;;6.53;7.12;0.00;;9.11;0.00;DEIRDRE MARIA;316;T316;Finland;;N;;N;N;N;;;MO;;DRB, NK;22.31;0.00;Wood;;1979-06-05;4GZ;1979-01-01;1996-05-10;
IRL000I10351;;IRL;;;7.00;7.61;0.00;;9.93;0.00;DEISEACH;44;C44;;;Y;EI2555;N;N;N;;;FX;;FPO, GNS;34.32;0.00;Wood;;1985-01-01;4G1;1973-01-01;;1999-07-27
IRL000I10352;;IRL;;;129.00;0.00;0.00;;20.73;0.00;DELINN;711;SO711;;;Y;EI6160;Y;Y;Y;;;MO;;GND, NK;317.09;0.00;Wood;;1980-01-01;MFL;1979-01-01;2008-12-10;
IRL000I10353;;IRL;;;5.40;0.00;0.00;;8.63;0.00;DELLA MARY;58;T58;Tralee;;Y;EI6495;N;N;N;;;MO;;GNS, LHP;33.57;0.00;Wood;;1981-01-03;MFL;1980-01-01;;
IRL000I10354;;IRL;;;11.06;12.16;0.00;;11.28;0.00;DELTA DAWN;177;C177;;;N;;N;N;N;;;GO;;FPO, NK;94.75;0.00;Wood;;1978-03-28;4GZ;1977-01-01;;1998-03-05
IRL000I10355;;IRL;;;6.30;0.00;0.00;;9.75;0.00;DELTIC;29;L29;Limerick;;Y;EIA3037;N;N;N;;;MO;;GNS, FPO, LHP;44.74;0.00;Fiber/Plastic;;1989-07-20;MFL;1979-01-01;;
IRL000I10356;;IRL;;;3.12;3.60;0.00;;8.05;0.00;DENISE;726;SO726;;;N;;N;N;N;;;WO;;FPO, NK;22.38;0.00;Wood;;1980-01-01;4G1;1980-01-01;;1995-12-20
IRL000I10357;;IRL;;;64.00;0.00;0.00;;21.52;0.00;DEO VOLENTE;575;D575;;;Y;EIDZ;Y;Y;Y;;;TO;;DRB, NK;220.00;0.00;Metal;;1973-10-01;MFL;1969-01-01;;2011-09-01
IRL000I10358;;IRL;;;142.00;0.00;0.00;;21.34;0.00;DERISA;67;S67;;;Y;EI6841;Y;Y;Y;;;TO;;OTM, NK;421.55;26.00;Wood;;1980-06-01;MFL;1980-01-01;2008-09-26;
IRL000I10359;;IRL;;;180.90;0.00;0.00;;26.21;0.00;DERMOT ANNE;712;SO712;;;Y;EIVB;N;Y;Y;;;TO;;OTB, SSC;634.18;122.00;Wood;;1980-09-01;4G1;1980-01-01;;2000-11-21
IRL000I10360;;IRL;;;97.00;0.00;0.00;;19.81;0.00;DERNALINE;51;WD51;;;Y;EI5978;Y;Y;Y;;;TO;;OTB, NK;279.79;10.00;Wood;;1974-11-01;MFL;1974-01-01;;2004-01-29
IRL000I10361;;IRL;;;33.57;0.00;0.00;;14.52;0.00;DEUX ORCHIDEES;286;D286;;;Y;EI8632;N;Y;N;;;TO;;OTB, DRB;272.29;0.00;Wood;;1986-10-10;MFL;1972-01-01;;2013-02-12
IRL000I10362;;IRL;;;4.16;6.17;0.00;;8.84;0.00;DINGLE HARBOUR;206;T206;Finland;;N;;N;N;N;;;MO;;FPO, NK;26.86;0.00;Wood;;1974-02-25;4G1;1973-01-01;;1994-05-26
IRL000I10364;;IRL;;;11.76;0.00;0.00;;10.97;0.00;DIPPER;741;SO741;Sligo;;Y;EI6535;N;N;N;;;GO;;GNS, NK;80.58;0.00;Wood;;1982-09-22;MFL;1974-01-01;;
IRL000I10365;;IRL;;;3.03;0.00;0.00;;7.77;0.00;DISCOVERY II;143;C143;;;N;;N;N;N;;;WO;;GND, NK;9.70;0.00;Wood;;1977-01-01;MFL;1970-01-01;;2005-12-01
IRL000I10366;;IRL;;;6.15;0.00;0.00;;9.14;0.00;DOCHAS LAN;313;T313;Finland;;N;;N;N;N;;;MO;;DRB, NK;32.83;0.00;Wood;;1979-01-01;MFL;1978-01-01;;2004-05-26
IRL000I10367;;IRL;;;26.98;23.16;0.00;;13.99;0.00;DOCTEUR BOMBARD;330;D330;;;N;;N;Y;N;;;TO;;OTB, NK;119.38;0.00;Wood;;1988-03-09;4G1;1956-01-01;;1998-03-09
IRL000I10369;;IRL;;;3.18;4.57;0.00;;9.14;0.00;DOLORS;115;S115;;;N;;N;N;N;;;MO;;DRB, NK;33.00;0.00;Wood;;1972-01-01;4GZ;1970-01-01;;2000-01-27
IRL000I10370;;IRL;;;8.59;0.00;0.00;;10.97;0.00;DOMHNALL NOREEN;198P;G198P;Galway;;Y;EI4353;N;N;N;;;WO;;FPO, NK;81.32;0.00;Wood;;1984-01-01;MFL;1983-01-01;;
IRL000I10372;;IRL;;;5.93;0.00;0.00;;8.29;0.00;DOROTHY;92;C92;;;N;;N;N;N;;;LO;;DRB, GNS;11.94;0.00;Wood;;1968-09-30;MFL;1968-01-01;;2006-06-07
IRL000I10373;;IRL;;;25.47;24.61;0.00;;14.48;0.00;DOUX PRESAGE;107;C107;;;Y;EI2826;N;Y;N;;;TO;;OTB, NK;160.41;0.00;Wood;;1987-12-01;4G1;1965-01-01;;1996-12-20
IRL000I10374;;IRL;;;227.00;0.00;0.00;;24.83;0.00;DRAIOCHT NA MARA;501;D501;;;Y;EIWG;Y;Y;Y;;;TO;;OTB, NK;596.88;209.00;Metal;;1980-02-01;MFL;1980-01-01;;2004-05-26
IRL000I10375;;IRL;;;80.37;0.00;0.00;;19.81;0.00;DREADNOT;573;D573;;;N;;N;Y;Y;;;TO;;OTB, NK;261.13;37.00;Wood;;1973-07-01;MFL;1973-01-01;;2003-04-11
IRL000I10376;;IRL;;;6.41;0.00;0.00;;10.36;0.00;DRUMAWEIR;563;SO563;;;N;;N;N;N;;;FX;;FPO, NK;34.69;0.00;Wood;;1975-06-01;MFL;1975-01-01;;2003-02-11
IRL000I10377;;IRL;;;5.01;12.00;0.00;;10.07;0.00;DRUMDERRIG;11;C11;;;N;;N;N;N;;;MO;;FPO, NK;49.24;0.00;Wood;;1970-01-01;4G1;1970-01-01;;1998-03-05
IRL000I10378;;IRL;;;12.46;11.80;0.00;;11.52;0.00;DUN ATHA;4;WD4;;;N;;N;N;N;;;MO;;FPO, NK;70.88;0.00;Wood;;1971-12-16;4G1;1950-01-01;;1997-12-04
IRL000I10379;;IRL;;;12.46;11.96;0.00;;11.52;0.00;DUN BEAG;271;D271;;;Y;EI2713;N;N;N;;;MO;;FPO, NK;67.15;0.00;Wood;;1952-01-01;4G1;1952-01-01;;1996-07-04
IRL000I10380;;IRL;;;197.94;0.00;0.00;;33.53;0.00;DUN EOCHALLA;713;SO713;;;Y;EIMW;N;Y;Y;;;TO;;OTB, NK;746.10;90.00;Metal;;1979-01-01;4G1;1955-01-01;;2002-12-03
IRL000I10381;;IRL;;;21.71;0.00;0.00;;12.98;0.00;DUN LAOIRE;175;D175;;;Y;EI7896;N;Y;N;;;MO;;DRB, GNS;83.56;0.00;Wood;;1956-01-01;MFL;1956-01-01;;2008-12-18
IRL000I10382;;IRL;;;11.36;7.96;0.00;;11.17;0.00;DUN LOUGH BAY;76;S76;;;N;;N;N;N;;;GO;;FPO, GNS;80.57;0.00;Wood;;1975-01-01;4G1;1958-01-01;;1999-05-06
IRL000I10383;;IRL;;;8.49;0.00;0.00;;11.22;0.00;DUN MOR;4;D4;Dublin;;N;;N;N;N;;;MO;;GND, OTM;38.80;0.00;Wood;;1964-01-01;MFL;1963-01-01;;
IRL000I10384;;IRL;;;28.43;26.35;0.00;;14.72;0.00;DUN NA RIOGH;389;D389;;;N;;N;Y;N;;;MO;;OTB, NK;70.88;0.00;Wood;;1958-01-01;4G1;1958-01-01;;1996-07-17
IRL000I10385;;IRL;;;10.96;11.74;0.00;;11.16;0.00;DUN RIABHACH;396;D396;;;N;;N;N;N;;;FX;;FPO, GNS;94.75;0.00;Wood;;1962-10-01;4G1;1962-01-01;;1999-05-06
IRL000I10386;;IRL;;;6.41;0.00;0.00;;10.36;0.00;DUNAFF GIRL;633;SO633;;;Y;EI2811;N;N;N;;;NO;;GND, NK;32.83;0.00;Wood;;1976-11-01;MFL;1976-01-01;;2014-06-06
IRL000I10388;;IRL;;;83.88;64.11;0.00;;21.87;0.00;DUNCARIN;165;WD165;;;N;;N;Y;Y;;;TO;;OTB, NK;113.41;5.00;Wood;;1978-09-01;4G1;1954-01-01;;1995-08-08
IRL000I10389;;IRL;;;3.45;4.19;0.00;;7.92;0.00;DUNMANUS FISHER;188;C188;;;N;;N;N;N;;;MO;;FPO, NK;13.43;0.00;Wood;;1978-02-27;4GZ;1978-01-01;;1997-11-10
IRL000I10390;;IRL;;;2.80;2.76;0.00;;8.23;0.00;DUROG;95;G95;United Kingdom;;N;;N;N;N;;;FX;;FPO, GNS;9.70;0.00;Wood;;1973-01-01;4G1;1972-01-01;;1999-05-06
IRL000I10392;;IRL;;;91.90;68.25;0.00;;22.86;0.00;DUTHIES;557;D557;;;Y;EI2761;N;Y;Y;;;TO;;OTB, NK;246.21;6.00;Wood;;1973-01-01;4G1;1960-01-01;;1996-07-04
IRL000I10393;;IRL;;;5.62;6.76;0.00;;9.75;0.00;TWILIGHT;174;G174;United Kingdom;;N;;N;N;N;;;GO;;FPO, NK;59.69;0.00;Wood;;1978-01-01;4G1;1978-01-01;;1993-08-11
IRL000I10394;;IRL;;;4.72;0.00;0.00;;8.93;0.00;EASKEY LASS;529;SO529;;;Y;EICX5;N;N;N;;;MO;;GND, FPO;22.01;0.00;Wood;;1974-06-06;MFL;1974-01-01;;2014-09-30
IRL000I10396;;IRL;;;2.67;0.00;0.00;;7.68;0.00;EIBHLIN OG;180;C180;Cork;;Y;EI8527;N;N;N;;;MO;;FPO, GNS, LHP;43.27;0.00;Fiber/Plastic;;1977-10-20;MFL;1977-01-01;;
IRL000I10397;;IRL;;;5.71;6.19;0.00;;9.14;0.00;EILEEN;19;C19;;;N;;N;N;N;;;MO;;FPO, NK;14.92;0.00;Wood;;1953-01-01;4G1;1953-01-01;;1995-01-06
IRL000I10398;;IRL;;;3.69;0.00;0.00;;9.14;0.00;EILEEN;138;SO138;Sligo;;Y;EI4006;N;N;N;;;DO;;DRB, NK;59.69;0.00;Wood;;1967-06-01;MFL;1967-01-01;;
IRL000I10399;;IRL;;;11.06;10.07;0.00;;10.97;0.00;EILEEN ANNE;179;S179;;;N;;N;N;N;;;MO;;FPO, GNS;46.26;0.00;Wood;;1975-08-03;4G1;1974-01-01;;2001-03-21
IRL000I10400;;IRL;;;5.26;0.00;0.00;;9.30;0.00;EILEEN BREDA;16A;T16A;Tralee;;Y;EIDM5;N;N;N;;;DO;;DRB, NK;44.02;0.00;Wood;;1980-04-14;AQU;1979-01-01;;
IRL000I10401;;IRL;;;6.30;0.00;0.00;;9.33;0.00;EILEENS PRIDE;704;SO704;Sligo;;Y;EI5664;N;N;N;;;WO;;FPO, NK;22.38;0.00;Wood;;1980-01-01;MFL;1979-01-01;;2019-07-09
IRL000I10402;;IRL;;;27.90;0.00;0.00;;14.69;0.00;EILIS;9;D9;Dublin;;Y;EI5087;Y;Y;N;;;GO;;GND, FPO;70.88;0.00;Wood;;1959-01-01;MFL;1959-01-01;;2021-03-26
IRL000I10403;;IRL;;;106.97;99.63;0.00;;21.86;0.00;EILISH ANNE;27;WD27;;;N;;N;Y;Y;;;TO;;OTB, NK;350.67;22.00;Wood;;1971-01-01;4G1;1971-01-01;;1993-10-22
IRL000I10404;;IRL;;;4.01;0.00;0.00;;9.14;0.00;EIRE NUA;41A;WD41A;Wexford;;Y;EI4181;N;N;N;;;DO;;DRB, NK;52.97;0.00;Wood;;1973-09-01;AQU;1973-01-01;;
IRL000I10406;;IRL;;;231.00;0.00;0.00;;32.06;0.00;EL ORZAN;176;D176;;;Y;EI6053;Y;Y;Y;;;TO;;OTB, NK;596.88;0.00;Metal;;1982-01-01;MFL;1964-01-01;;2004-02-23
IRL000I10407;;IRL;;;2.27;0.00;0.00;;7.50;0.00;ELANIA MARIA;849;SO849;;;N;;N;N;N;;;MO;;GND, FPO;14.55;0.00;Wood;;1987-01-01;MFL;1987-01-01;;1991-01-01
IRL000I10408;;IRL;;;6.39;7.69;0.00;;10.85;0.00;ELEANA;216;SO216;;;N;;N;N;N;;;FX;;FPO, GNS;32.83;0.00;Wood;;1969-02-12;4G1;1969-01-01;;2000-08-08
IRL000I10409;;IRL;;;9.54;8.85;0.00;;10.06;0.00;ELEANOR ROSE;141;W141;;;N;;N;N;N;;;GO;;FPO, GNS;44.02;0.00;Wood;;1979-01-01;4G1;1979-01-01;;2000-10-17
IRL000I10410;;IRL;;;5.93;12.49;0.00;;10.97;0.00;ELGWYN;208;SO208;;;N;;N;N;N;;;FX;;FPO, GNS;92.52;0.00;Wood;;1968-01-01;4G1;1968-01-01;;2001-04-05
IRL000I10411;;IRL;;;9.86;0.00;0.00;;11.14;0.00;ELLEN MARIAN;167;W167;Waterford;;Y;EILU2;N;N;N;;;MO;;LHP, GNS;73.86;0.00;Wood;;1987-01-01;MFL;1987-01-01;;
IRL000I10412;;IRL;;;51.74;42.04;0.00;;19.26;0.00;ELM GROVE;747;SO747;;;N;;N;Y;Y;;;TO;;OTB, NK;149.22;0.00;Wood;;1983-01-01;4G1;1947-01-01;;1995-10-11
IRL000I10413;;IRL;;;94.00;0.00;0.00;;18.44;0.00;ELSIE MARIA;114;T114;Finland;;Y;EI3540;Y;Y;Y;;;MO;;OTM, NK;335.75;0.00;Wood;;1970-01-01;MFL;1970-01-01;;2006-06-27
IRL000I10414;;IRL;;;185.13;0.00;0.00;;26.21;0.00;EMER MARIE;670;SO670;;;N;;N;Y;Y;;;TO;;OTB, SSC;634.18;92.00;Wood;;1979-01-24;4G1;1978-01-01;;2000-12-19
IRL000I10415;;IRL;;;50.00;0.00;0.00;;17.07;0.00;EMERALD ISLE;61;WD61;Wexford;;Y;EI2713;Y;Y;Y;;;FX;;OTM, NK;201.45;0.00;Wood;;1975-09-01;MFL;1975-01-01;2014-01-27;
IRL000I10416;;IRL;;;6.54;6.73;0.00;;9.39;0.00;EMERALD STAR;30;T30;Finland;;N;;N;N;N;;;WO;;DRB, NK;33.01;0.00;Wood;;1975-04-01;4GZ;1974-01-01;;2002-12-03
IRL000I10417;;IRL;;;102.00;0.00;0.00;;20.33;0.00;PRINCESS GRAINNE;53;WD53;;;Y;EI2468;Y;Y;Y;;;TO;;GND, NK;180.00;17.00;Wood;;1974-11-01;MFL;1974-01-01;;2004-10-28
IRL000I10418;;IRL;;;10.70;0.00;0.00;;12.98;0.00;EMMA ELIZABETH;25;C25;Cork;;Y;EIA2338;Y;Y;N;;;WO;;FPO, GNS, LHP;95.00;0.00;Fiber/Plastic;;1989-08-30;MFL;1989-01-01;;
IRL000I10419;;IRL;;;5.19;4.96;0.00;;9.14;0.00;ENDEAVOUR;9;C9;;;N;;N;N;N;;;MO;;FPO, GNS;95.50;0.00;Wood;;1989-02-22;4G1;1988-01-01;;1998-11-18
IRL000I10420;;IRL;;;5.92;0.00;0.00;;9.45;0.00;ENDURANCE;193;D193;;;N;;N;N;N;;;WO;;GND, FPO;26.11;0.00;Metal;;1975-01-01;MFL;1975-01-01;;2013-09-27
IRL000I10421;;IRL;;;25.88;19.99;0.00;;14.94;0.00;ENTERPRISE;175;WD175;;;N;;N;Y;N;;;TO;;OTB, NK;134.29;134.00;Wood;;1960-01-01;4G1;1939-01-01;;1992-12-04
IRL000I10422;;IRL;;;18.72;0.00;0.00;;11.58;0.00;EOIN POL II;111;G111;Galway;;Y;EI8856;N;N;N;;;TO;;OTM, FPO;94.75;0.00;Wood;;1981-01-01;MFL;1981-01-01;;
IRL000I10423;;IRL;;;5.91;0.00;0.00;;9.75;0.00;ERINS HOPE;514;SO514;;;N;;N;N;N;;;WO;;DRB, GND;22.01;0.00;Wood;;1971-01-01;MFL;1932-01-01;;2007-03-26
IRL000I10424;;IRL;;;11.84;0.00;0.00;;11.09;0.00;ERRIS QUEEN;58;WT58;;;N;;N;N;N;;;FX;;FPO, NK;33.01;0.00;Wood;;1981-07-01;MFL;1981-01-01;;2005-11-29
IRL000I10425;;IRL;;;3.44;0.00;0.00;;8.08;0.00;ERRISMORE;59;G59;United Kingdom;;Y;EI2563;N;N;N;;;WO;;GND, NK;10.07;0.00;Wood;;1969-01-13;MFL;1968-01-01;;2006-03-30
IRL000I10426;;IRL;;;45.23;62.16;0.00;;21.02;0.00;ESTROLITA;225;D225;;;Y;EI2387;N;Y;Y;;;FX;;OTB, DRB;208.91;4.00;Wood;;1966-02-22;4G1;1954-01-01;;2000-12-04
IRL000I10429;;IRL;;;2.13;0.00;0.00;;7.32;0.00;EVENING STAR;14;G14;United Kingdom;;N;;N;N;N;;;FX;;FPO, NK;12.68;0.00;Wood;;1984-01-01;MFL;1980-01-01;;2009-05-07
IRL000I10430;;IRL;;;75.23;0.00;0.00;;24.35;0.00;EXPLORER I;554;D554;;;N;;N;Y;Y;;;TO;;OTB, NK;410.36;10.00;Metal;;1981-02-01;4G1;1959-01-01;;1992-11-10
IRL000I10431;;IRL;;;9.80;0.00;0.00;;11.55;0.00;FAIR MAIDEN;96;C96;Cork;;Y;EI4091;N;N;N;;;MO;;DRB, GND;89.53;0.00;Wood;;1987-04-01;MFL;1986-01-01;;
IRL000I10432;;IRL;;;5.29;0.00;0.00;;9.14;0.00;FAIRWINDS;90;S90;;;N;;N;N;N;;;GO;;GND, PS;59.69;0.00;Wood;;1986-01-01;MFL;1970-01-01;;2005-06-29
IRL000I10433;;IRL;;;6.45;6.24;0.00;;9.27;0.00;FAIRY BRAE;67;W67;;;N;;N;N;N;;;TO;;FPO, NK;22.38;0.00;Wood;;1947-01-01;4G1;1947-01-01;;1992-09-18
IRL000I10434;;IRL;;;53.00;0.00;0.00;;16.42;0.00;FALCON OF YORK;106;S106;;;Y;EI8413;Y;Y;Y;;;TO;;OTM, NK;208.91;0.00;Wood;;1969-12-31;MFL;1969-01-01;;2012-05-31
IRL000I10435;;IRL;;;74.08;62.51;0.00;;19.72;0.00;FALKEN;124;D124;;;N;;N;Y;Y;;;TO;;OTB, NK;373.05;13.00;Wood;;1975-01-01;4G1;1962-01-01;;1995-07-03
IRL000I10436;;IRL;;;19.10;0.00;0.00;;12.08;0.00;FAOILEAN BAN;94;T94;Tralee;;Y;EI2551;Y;Y;N;8586139;;WO;;FPO, NK;55.00;0.00;Wood;;1983-01-01;MFL;1983-01-01;;
IRL000I10437;;IRL;;;10.29;0.00;0.00;;10.67;0.00;FAOILEAN NA MARA;60;T60;Finland;;Y;EI2661;N;N;N;;;MO;;OTM, GNS;94.75;0.00;Wood;;1981-01-01;MFL;1980-01-01;;2013-06-05
IRL000I10438;;IRL;;;10.69;0.00;0.00;;12.18;0.00;FASTNET FISHER;104;G104;Galway;;Y;EIDR8;Y;Y;N;;;MO;;OTB, GNS, FPO, DRB, OTM;89.53;0.00;Wood;;1972-01-01;MFL;1972-01-01;;
IRL000I10439;;IRL;;;11.52;13.52;0.00;;10.85;0.00;FATHER BRENDAN;839;SO839;;;Y;EI2628;N;N;N;;;MO;;FPO, GNS;67.15;0.00;Wood;;1987-06-01;4G1;1987-01-01;;1999-04-09
IRL000I10440;;IRL;;;6.95;7.65;0.00;;10.55;0.00;FATHER EDDIE;737;SO737;;;N;;N;N;N;;;FX;;FPO, NK;32.83;0.00;Wood;;1982-01-01;4G1;1982-01-01;;1994-03-01
IRL000I10441;;IRL;;;374.00;0.00;0.00;;53.05;34.72;FATHER MCKEE;708;SO708;;;Y;EILL37;N;Y;Y;;;MO;;OTB, NK;1133.90;604.26;Metal;;1980-04-13;4G1;1980-01-01;;1995-11-16
IRL000I10442;;IRL;;;117.81;99.64;0.00;;23.20;0.00;FATHER MURPHY;56;D56;;;N;;N;Y;Y;;;TO;;OTB, NK;279.79;9.00;Metal;;1968-06-03;4G1;1968-01-01;;1993-05-17
IRL000I10443;;IRL;;;2.29;0.00;0.00;;8.08;0.00;FEAR NOT;537;W537;;;N;;N;N;N;;;NO;;LLD, OTM;17.35;0.00;Wood;;1984-11-12;MFL;1981-01-01;;2006-10-16
IRL000I10444;;IRL;;;2.85;0.00;0.00;;7.28;0.00;FEARLESS;82;W82;Waterford;;N;;N;N;N;;;GO;;GND, FPO;14.55;0.00;Wood;;1947-09-03;MFL;1935-01-01;;
IRL000I10445;;IRL;;;7.37;0.00;0.00;;10.36;0.00;FEARLESS II;147;W147;Waterford;;Y;EI8069;N;N;N;;;MO;;FPO, GND;56.70;0.00;Wood;;1981-09-02;MFL;1980-01-01;;
IRL000I10446;;IRL;;;3.62;0.00;0.00;;9.14;0.00;FETHARD BAY;69;WD69;Wexford;;Y;EIYC2;N;N;N;;;MO;;LHP, OTB, OTM;32.83;0.00;Wood;;1977-05-04;MFL;1977-01-01;;
IRL000I10447;;IRL;;;3.90;0.00;0.00;;8.34;0.00;FIACH MARA;74A;T74A;Tralee;;Y;EIEF5;N;N;N;;;DO;;DRB, NK;16.40;0.00;Wood;;1975-04-15;AQU;1975-01-01;;2024-06-10
IRL000I10448;;IRL;;;3.58;4.05;0.00;;8.96;0.00;FILLE BAN;506;SO506;;;N;;N;N;N;;;TO;;DRB, NK;22.00;0.00;Wood;;1975-01-01;4G1;1975-01-01;;1996-05-13
IRL000I10449;;IRL;;;2.67;0.00;0.00;;7.68;0.00;FIN-RON;169;C169;Cork;;Y;EI7494;N;N;N;;;MO;;GND, FPO, DRB, LHP;27.98;0.00;Fiber/Plastic;;1977-01-01;MFL;1977-01-01;;
IRL000I10450;;IRL;;;8.73;0.00;0.00;;11.20;0.00;FINBARR MARTIN;117;WT117;;;Y;EI7955;N;N;N;;;MO;;GND, FPO;89.53;0.00;Wood;;1989-04-10;MFL;1978-01-01;;2016-10-14
IRL000I10451;;IRL;;;10.90;0.00;0.00;;10.97;0.00;FINNAUN;26;WT26;;;N;;N;N;N;;;GO;;GND, NK;80.58;0.00;Wood;;1979-06-20;MFL;1979-01-01;;2007-01-11
IRL000I10452;;IRL;;;9.62;8.14;0.00;;10.97;0.00;FINTAN BAY;39;WT39;;;N;;N;N;N;;;FX;;FPO, GNS;53.72;0.00;Wood;;1982-12-09;4G1;1969-01-01;;1998-12-11
IRL000I10453;;IRL;;;6.18;6.74;0.00;;9.33;0.00;FINTRA BAY;686;SO686;;;N;;N;N;N;;;MO;;FPO, NK;37.30;0.00;Wood;;1978-01-01;4G1;1978-01-01;;1995-02-07
IRL000I10454;;IRL;;;3.93;0.00;0.00;;7.92;0.00;FIONNUALA;20;S20;;;N;;N;N;N;;;MO;;FPO, GND;14.92;0.00;Wood;;1980-01-01;MFL;1980-01-01;2005-08-22;
IRL000I10455;;IRL;;;9.99;0.00;0.00;;10.97;0.00;FIONA DAVID;243;C243;Cork;;Y;EI6679;N;N;N;;;TO;;DRB, NK;80.00;0.00;Wood;;1980-01-01;MFL;1970-01-01;;2024-11-11
IRL000I10456;;IRL;;;19.98;17.66;0.00;;12.19;0.00;FIONA II;846;SO846;;;Y;EI2721;N;Y;N;;;TO;;OTB, DRB;83.56;0.00;Wood;;1986-01-01;4G1;1955-01-01;;1998-08-18
IRL000I10457;;IRL;;;115.19;97.53;0.00;;22.07;0.00;FIONA PATRICIA;100;T100;Finland;;Y;EITS;N;Y;Y;;;FX;;OTB, DRB;484.96;52.00;Wood;;1971-03-01;4G1;1971-01-01;;2001-11-19
IRL000I10458;;IRL;;;6.58;6.61;0.00;;9.45;0.00;FIONA YVONNE;104;W104;;;N;;N;N;N;;;FX;;FPO, GNS;33.57;0.00;Wood;;1975-01-01;4G1;1975-01-01;;1999-01-22
IRL000I10459;;IRL;;;2.83;2.85;0.00;;8.53;0.00;FIONUALA;164;SO164;;;N;;N;N;N;;;MO;;DRB, NK;9.70;0.00;Wood;;1961-01-01;4G1;1960-01-01;;1996-12-19
IRL000I10460;;IRL;;;4.77;0.00;0.00;;8.38;0.00;FISHER BOY;797;SO797;;;N;;N;N;N;;;FX;;FPO, NK;12.24;0.00;Wood;;1980-05-19;MFL;1980-01-01;;2003-05-09
IRL000I10461;;IRL;;;5.88;7.22;0.00;;9.28;0.00;FISHERS FRIEND;685;SO685;;;N;;N;N;N;;;MO;;FPO, NK;55.96;0.00;Other;;1978-08-01;4G1;1978-01-01;;1994-09-19
IRL000I10462;;IRL;;;29.83;30.93;0.00;;15.24;0.00;FISHERSGATE;666;SO666;;;N;;N;Y;Y;;;TO;;OTB, NK;82.07;0.00;Wood;;1987-08-27;4G1;1946-01-01;;1995-01-17
IRL000I10463;;IRL;;;7.82;8.19;0.00;;10.06;0.00;FISHING QUEEN;650;SO650;;;N;;N;N;N;;;MO;;FPO, NK;32.83;33.00;Wood;;1977-05-16;4G1;1977-01-01;;1994-09-19
IRL000I10464;;IRL;;;105.80;0.00;0.00;;25.89;0.00;FLEETWOOD LADY;374;D374;;;Y;EI2602;N;Y;Y;;;FX;;OTB, DRB;373.05;75.00;Metal;;1988-03-04;4G1;1962-01-01;1998-05-27;
IRL000I10465;;IRL;;;28.33;27.68;0.00;;15.24;0.00;FLEUR DE LISIEUX;412;T412;Finland;;N;;N;Y;Y;;;TO;;OTB, NK;119.38;5.00;Wood;;1969-12-05;4G1;1959-01-01;;1996-09-09
IRL000I10466;;IRL;;;50.60;51.79;0.00;;16.52;0.00;FLEUR DE LOTUS;205;D205;;;N;;N;Y;Y;;;TO;;OTB, DRB;212.64;213.00;Wood;;1985-06-20;4G1;1966-01-01;;1998-08-10
IRL000I10467;;IRL;;;50.00;0.00;0.00;;17.98;0.00;FLORALIE;790;SO790;;;N;;N;Y;Y;;;TO;;OTB, NK;214.13;0.00;Wood;;1986-02-01;MFL;1970-01-01;;2004-05-26
IRL000I10468;;IRL;;;8.44;8.83;0.00;;10.36;0.00;FLORENCE;31;C31;;;N;;N;N;N;;;GO;;FPO, NK;59.69;0.00;Wood;;1963-09-27;4G1;1963-01-01;;1995-12-06
IRL000I10469;;IRL;;;35.00;0.00;0.00;;16.46;0.00;FLORIAGE;676;SO676;;;Y;EI4285;Y;Y;Y;;;MO;;GND, OTM;111.91;0.00;Wood;;1977-05-08;MFL;1955-01-01;;2006-06-28
IRL000I10470;;IRL;;;164.00;0.00;0.00;;24.23;0.00;FORT AENGUS;4;G4;Galway;;Y;EI6080;Y;Y;Y;8781349;;TO;;OTM, PTM, OTB;447.66;238.00;Wood;;1975-08-01;MFL;1975-01-01;;2019-11-04
IRL000I10471;;IRL;;;3.48;3.98;0.00;;8.75;0.00;FOUR WINDS;62;WD62;;;N;;N;N;N;;;FX;;FPO, GNS;47.75;0.00;Wood;;1975-10-24;4G1;1975-01-01;;2001-06-18
IRL000I10472;;IRL;;;2.52;3.03;0.00;;7.38;0.00;FOYLE LARC;762;SO762;;;N;;N;N;N;;;FX;;FPO, NK;14.92;0.00;Wood;;1983-01-01;4G1;1983-01-01;;1999-02-15
IRL000I10473;;IRL;;;3.67;0.00;0.00;;8.92;0.00;FOYLE STAR;728;SO728;;;N;;N;N;N;;;FX;;PS, DRB;14.92;0.00;Wood;;1981-06-01;MFL;1980-01-01;;2006-08-01
IRL000I10474;;IRL;;;79.92;65.44;0.00;;19.81;0.00;FOYLE WARRIOR;427;SO427;;;Y;EIKQ;N;Y;Y;;;FX;;OTB, DRB;328.28;37.00;Wood;;1972-01-01;4G1;1972-01-01;;2000-06-29
IRL000I10475;;IRL;;;6.30;7.49;0.00;;8.63;0.00;FR GRIFFIN;90;G90;United Kingdom;;N;;N;N;N;;;MO;;FPO, NK;53.72;0.00;Wood;;1971-01-01;4G1;1971-01-01;;1998-02-23
IRL000I10476;;IRL;;;93.00;0.00;0.00;;19.81;0.00;FRAGRANT CLOUD;511;D511;;;N;;Y;Y;Y;;;TO;;OTB, NK;272.33;28.00;Wood;;1969-01-01;MFL;1969-01-01;;2004-08-20
IRL000I10477;;IRL;;;54.83;42.27;0.00;;17.39;0.00;FRAN-ANN;543;D543;;;N;;N;Y;Y;;;TO;;OTB, DRB;223.83;0.00;Wood;;1988-07-01;4G1;1971-01-01;;2000-07-10
IRL000I10478;;IRL;;;53.59;51.64;0.00;;17.68;0.00;FRANCESITO;25;WD25;;;N;;N;Y;Y;;;MO;;OTB, NK;187.00;0.00;Wood;;1970-01-01;4G1;1963-01-01;;1997-12-04
IRL000I10479;;IRL;;;71.00;0.00;0.00;;19.81;0.00;FRANCIS MARIE;441;D441;;;Y;EI2732;Y;Y;Y;;;TO;;GND, NK;309.63;0.00;Wood;;1976-05-19;MFL;1976-01-01;2005-12-20;
IRL000I10480;;IRL;;;4.76;4.90;0.00;;8.90;0.00;FRANCISCO;56;W56;;;N;;N;N;N;;;MO;;FPO, GNS;14.55;0.00;Wood;;1970-01-01;4G1;1970-01-01;2000-10-13;
IRL000I10481;;IRL;;;8.31;8.04;0.00;;10.67;0.00;FRAULINE ANNE;361;SO361;;;N;;N;N;N;;;FX;;FPO, NK;30.96;31.00;Wood;;1971-01-01;4G1;1971-01-01;;1996-08-20
IRL000I10482;;IRL;;;12.03;12.55;0.00;;12.95;0.00;FREE ENTERPRISE;276;C276;;;Y;EI2596;N;Y;N;;;FX;;OTB, NK;92.52;0.00;Metal;;1980-05-01;4G1;1980-01-01;;1994-04-26
IRL000I10483;;IRL;;;4.77;0.00;0.00;;8.38;0.00;FRISCO;69;DK69;Dundalk;;Y;EI5949;N;N;N;;;WO;;GND, LLD, FPO;31.34;0.00;Wood;;1989-05-01;MFL;1989-01-01;;2024-05-21
IRL000I10485;;IRL;;;1.70;0.00;0.00;;6.20;0.00;FROISIN;11;D11;;;Y;EI3098;N;N;N;;;MO;;GNS, FPO;7.46;0.00;Fiber/Plastic;;1984-05-01;MFL;1984-01-01;;2016-02-23
IRL000I10486;;IRL;;;6.65;0.00;0.00;;9.17;0.00;FUNDALE;32;WD32;;;N;;N;N;N;;;WO;;GND, FPO;50.73;0.00;Wood;;1971-02-10;MFL;1971-01-01;;2006-03-08
IRL000I10487;;IRL;;;14.77;0.00;0.00;;11.54;0.00;GABRIELLE;156;C156;;;N;;N;N;N;;;TO;;OTM, GND;80.58;0.00;Wood;;1977-01-01;MFL;1977-01-01;;2007-03-26
IRL000I10488;;IRL;;;13.17;0.00;0.00;;11.58;0.00;GAIA;277;C277;Cork;;Y;EIMH5;N;N;N;;;MO;;OTB, FPO, LHP, GNS, OTM;160.41;0.00;Fiber/Plastic;;1988-12-01;MFL;1988-01-01;;
IRL000I10489;;IRL;;;4.42;5.58;0.00;;8.58;0.00;GAN EAGLA;158;T158;Finland;;N;;N;N;N;;;MO;;DRB, NK;11.19;0.00;Wood;;1971-01-01;4G1;1971-01-01;;1995-02-08
IRL000I10490;;IRL;;;1.65;0.00;0.00;;5.97;0.00;GANNET II;26;D26;;;N;;N;N;N;;;FX;;GND, NK;7.39;0.00;Wood;;1974-05-02;MFL;1971-01-01;;2017-02-02
IRL000I10491;;IRL;;;9.31;9.26;0.00;;10.82;0.00;GAOTH DOBHAIR;625;SO625;;;N;;N;N;N;;;TO;;FPO, GNS;33.20;0.00;Wood;;1976-01-01;4G1;1976-01-01;;1998-07-20
IRL000I10492;;IRL;;;2.88;0.00;0.00;;8.08;0.00;GARNISH FISHER;178;C178;Cork;;Y;EI8979;N;N;N;;;GO;;GND, LLD;29.84;0.00;Wood;;1977-01-01;MFL;1977-01-01;;
IRL000I10493;;IRL;;;5.39;6.70;0.00;;8.32;0.00;GARNISH GLORY;135;C135;;;N;;N;N;N;;;MO;;FPO, NK;26.86;0.00;Wood;;1976-01-01;4G1;1975-01-01;;1995-07-20
IRL000I10494;;IRL;;;233.00;0.00;0.00;;26.21;0.00;OCEAN VENTURE;674;SO674;;;Y;EI7632;Y;Y;Y;;;TO;;OTM, NK;671.49;82.00;Wood;;1979-10-01;MFL;1979-01-01;;2009-08-07
IRL000I10495;;IRL;;;1.07;0.00;0.00;;5.18;0.00;GEABHROG;335;D335;;;N;;N;N;N;;;WO;;FPO, NK;5.60;0.00;Wood;;1987-01-01;MFL;1987-01-01;;2006-01-18
IRL000I10496;;IRL;;;27.81;0.00;0.00;;23.18;0.00;GEERTRUIDA;90;WD90;;;N;;N;Y;Y;;;FX;;DRB, NK;111.91;0.00;Metal;;1979-01-01;MFL;1927-01-01;;2003-07-30
IRL000I10497;;IRL;;;10.80;0.00;0.00;;11.43;0.00;GEMMA;752;SO752;;;Y;EI4107;N;N;N;;;TO;;OTM, OTB;93.26;0.00;Wood;;1983-05-05;MFL;1983-01-01;;2014-05-01
IRL000I10499;;IRL;;;135.00;0.00;0.00;;22.80;0.00;GENEVIEVE ANN;421;D421;;;N;;N;Y;Y;;;TO;;OTB, NK;403.00;0.00;Metal;;1989-04-04;MFL;1964-01-01;;2003-03-07
IRL000I10500;;IRL;;;6.63;4.05;0.00;;8.23;0.00;GEORGE;217;D217;;;N;;N;N;N;;;TO;;FPO, GNS;11.19;0.00;Wood;;1943-01-01;4G1;1941-01-01;;1998-08-18
IRL000I10502;;IRL;;;5.06;6.27;0.00;;9.37;0.00;GERARD DESMOND;168;C168;;;Y;EI2781;N;N;N;;;MO;;FPO, NK;29.84;0.00;Wood;;1977-01-01;4G1;1977-01-01;;1998-03-23
IRL000I10503;;IRL;;;88.00;0.00;0.00;;19.81;0.00;GERLISA;446;SO446;;;Y;EIDP;Y;Y;Y;;;TO;;GND, NK;261.13;15.00;Wood;;1973-01-01;MFL;1972-01-01;2006-04-26;
IRL000I10504;;IRL;;;29.02;25.20;0.00;;15.24;0.00;GINA MARIE;13;SO13;;;N;;N;Y;Y;;;TO;;OTB, DRB;82.07;0.00;Wood;;1954-01-01;4G1;1947-01-01;;2001-06-18
IRL000I10505;;IRL;;;4.27;14.61;0.00;;7.01;0.00;GIOLLA MEAR;203;C203;;;Y;EI2733;N;N;N;;;MO;;FPO, NK;238.75;0.00;Wood;;1984-05-04;4G1;1984-01-01;;1992-11-06
IRL000I10506;;IRL;;;7.21;7.39;0.00;;11.03;0.00;GIPSY ROVER;225;C225;;;N;;N;N;N;;;MO;;DRB, NK;62.67;0.00;Wood;;1979-01-01;4GZ;1979-01-01;;2001-11-14
IRL000I10507;;IRL;;;5.92;6.87;0.00;;8.58;0.00;GIRL ALIX;622;D622;;;N;;N;N;N;;;WO;;FPO, GNS;33.01;0.00;Wood;;1978-01-01;4G1;1978-01-01;;1999-07-05
IRL000I10508;;IRL;;;26.86;24.71;0.00;;15.24;0.00;GIRL ANN;180;D180;;;N;;N;Y;Y;;;MO;;OTB, NK;70.88;0.00;Wood;;1955-11-01;4G1;1945-01-01;;1996-05-10
IRL000I10509;;IRL;;;2.51;0.00;0.00;;7.74;0.00;GIRL ANN;72;S72;;;N;;N;N;N;;;MO;;FPO, NK;8.95;0.00;Wood;;1966-11-11;MFL;1965-01-01;;2003-02-24
IRL000I10510;;IRL;;;7.13;7.07;0.00;;10.06;0.00;GIRL BERNADETTE;552;SO552;;;N;;N;N;N;;;FX;;PS, NK;33.01;0.00;Wood;;1975-06-18;4G1;1974-01-01;;1998-10-13
IRL000I10511;;IRL;;;9.24;0.00;0.00;;11.02;0.00;GIRL CATHRIONA;586;SO586;;;N;;N;N;N;;;FX;;GND, NK;33.01;0.00;Wood;;1975-07-04;MFL;1975-01-01;;2006-06-01
IRL000I10512;;IRL;;;18.57;0.00;0.00;;12.13;0.00;GIRL CHRISTINA;607;SO607;;;Y;EI6075;N;Y;N;;;MO;;GND, NK;111.91;0.00;Wood;;1948-01-01;MFL;1940-01-01;;2011-05-24
IRL000I10513;;IRL;;;159.00;0.00;0.00;;27.74;0.00;RENEGADE;576;D576;;;Y;EI4800;Y;Y;Y;;;MO;;DRB, NK;634.18;0.00;Metal;;1986-11-21;MFL;1968-01-01;2007-10-08;
IRL000I10514;;IRL;;;41.00;0.00;0.00;;14.81;0.00;GIRL FIONA;26;C26;Cork;;Y;EI5553;Y;N;N;;;TO;;OTB, LHP, GNS;186.52;0.00;Wood;;1984-10-01;MFL;1984-01-01;2023-06-19;
IRL000I10515;;IRL;;;126.00;0.00;0.00;;19.81;0.00;GIRL GERALDINE;153;D153;Dublin;;Y;EI2695;Y;Y;Y;8335047;;TO;;OTB, NK;309.63;0.00;Wood;;1977-01-01;MFL;1977-01-01;;
IRL000I10516;;IRL;;;54.93;46.02;0.00;;17.51;0.00;GIRL JANE;199;G199;United Kingdom;;N;;N;Y;Y;;;TO;;OTB, NK;261.00;0.00;Wood;;1984-01-01;4G1;1965-01-01;;2001-03-27
IRL000I10517;;IRL;;;1.69;0.00;0.00;;8.02;0.00;GIRL KATHERINE;6;WT6;;;N;;N;N;N;;;WO;;OTM, NK;13.06;0.00;Wood;;1964-11-18;MFL;1964-01-01;;2005-09-20
IRL000I10519;;IRL;;;78.47;61.97;0.00;;21.73;0.00;GIRL MAY;572;D572;;;N;;N;Y;Y;;;TO;;OTB, NK;253.67;9.00;Wood;;1986-08-28;4G1;1953-01-01;;1995-08-08
IRL000I10520;;IRL;;;3.54;3.60;0.00;;7.77;0.00;GIRL MICHELLE;753;SO753;;;N;;N;N;N;;;FX;;FPO, GTR;47.75;0.00;Wood;;1983-05-20;4G1;1983-01-01;;2000-07-17
IRL000I10521;;IRL;;;14.30;0.00;0.00;;10.97;0.00;GIRL NUALA;843;SO843;Sligo;;Y;EI7964;N;N;N;;;MO;;DRB, NK;73.12;0.00;Wood;;1989-01-01;MFL;1987-01-01;;
IRL000I10522;;IRL;;;7.20;0.00;0.00;;10.00;0.00;GIRL OLIVIA;624;SO624;;;N;;N;N;N;;;MO;;GND, FPO;35.81;0.00;Wood;;1976-05-01;MFL;1976-01-01;;2005-07-07
IRL000I10523;;IRL;;;6.76;6.99;0.00;;10.76;0.00;GIRL PATRICIA;251;SO251;;;N;;N;N;N;;;FX;;FPO, NK;26.86;0.00;Wood;;1969-01-01;4G1;1969-01-01;;1994-10-05
IRL000I10524;;IRL;;;1.95;0.00;0.00;;6.71;0.00;GIRL PAULA;24;WD24;;;N;;N;N;N;;;WO;;FPO, NK;6.71;0.00;Wood;;1970-10-01;MFL;1970-01-01;;2009-04-21
IRL000I10525;;IRL;;;8.95;0.00;0.00;;10.36;0.00;GIRL ROSE;789;SO789;;;N;;N;N;N;;;MO;;FPO, NK;62.67;0.00;Wood;;1986-07-11;MFL;1984-01-01;;2003-12-22
IRL000I10526;;IRL;;;8.88;9.09;0.00;;10.58;0.00;GIRL SALLY ANN;10;WT10;;;N;;N;N;N;;;GO;;FPO, NK;52.23;0.00;Wood;;1974-01-01;4G1;1974-01-01;;1996-03-01
IRL000I10527;;IRL;;;470.00;296.00;0.00;;26.52;0.00;GIRL STEPHANIE;190;G190;United Kingdom;;Y;EI5288;N;Y;Y;;;TO;;OTB, DRB;641.65;179.00;Wood;;1982-12-01;4G1;1982-01-01;;1997-03-09
IRL000I10528;;IRL;;;131.00;0.00;0.00;;21.95;0.00;GIRONA;630;SO630;;;N;;Y;Y;Y;;;TO;;OTB, NK;317.09;28.00;Wood;;1976-01-01;MFL;1976-01-01;;2004-08-26
IRL000I10529;;IRL;;;7.69;6.42;0.00;;12.18;0.00;GLEANN DARAI;114;WT114;;;N;;N;Y;N;;;GO;;OTB, NK;89.53;0.00;Wood;;1977-01-01;4G1;1977-01-01;;1995-03-06
IRL000I10530;;IRL;;;2.07;2.91;0.00;;8.23;0.00;GLEANN EADA;487;D487;;;N;;N;N;N;;;MO;;DRB, NK;6.34;0.00;Wood;;1960-01-01;4G1;1960-01-01;;1992-09-30
IRL000I10531;;IRL;;;7.41;0.00;0.00;;9.45;0.00;GLEN BAY;140;W140;;;N;;N;N;N;;;GO;;GND, FPO;33.01;0.00;Wood;;1978-01-01;MFL;1978-01-01;;2013-07-09
IRL000I10532;;IRL;;;8.01;8.68;0.00;;9.30;0.00;GLENDINE;2;C2;;;N;;N;N;N;;;MO;;DRB, NK;58.94;0.00;Wood;;1979-01-01;4G1;1979-01-01;;1996-12-11
IRL000I10533;;IRL;;;5.01;6.55;0.00;;9.05;0.00;GLENLARA;73;WT73;;;N;;N;N;N;;;MO;;FPO, NK;21.64;22.00;Wood;;1971-01-01;4G1;1970-01-01;;1997-08-27
IRL000I10534;;IRL;;;174.00;0.00;0.00;;26.30;0.00;GLENRAVEL;329;D329;;;Y;EI3178;Y;Y;Y;;;TO;;OTM, DRB;574.50;45.00;Metal;;1987-11-01;MFL;1968-01-01;;2006-01-11
IRL000I10535;;IRL;;;6.98;0.00;0.00;;9.42;0.00;GLOR NA MARA;78;G78;United Kingdom;;Y;EI3414;N;N;N;;;MO;;FPO, GND;25.00;0.00;Wood;;1970-01-01;MFL;1970-01-01;;2016-07-06
IRL000I10536;;IRL;;;59.07;26.33;0.00;;16.76;0.00;GLORIOUS;345;SO345;;;N;;N;Y;Y;;;TO;;PS, NK;85.06;0.00;Wood;;1973-01-01;4G1;1948-01-01;;1996-12-20
IRL000I10537;;IRL;;;6.71;8.04;0.00;;11.89;0.00;GLYNTHORN;108;WD108;;;N;;N;N;N;;;MO;;FPO, NK;89.53;0.00;Wood;;1986-10-01;4GZ;1957-01-01;;1997-08-27
IRL000I10538;;IRL;;;5.34;0.00;0.00;;9.75;0.00;GOILIN BAN;69;C69;Cork;;Y;EI4138;N;N;N;;;MO;;OTM, FPO;35.81;0.00;Wood;;1980-01-01;MFL;1980-01-01;;
IRL000I10539;;IRL;;;3.30;0.00;0.00;;8.17;0.00;GOLAM HEAD;73;G73;United Kingdom;;N;;N;N;N;;;MO;;DRB, GND;14.55;0.00;Wood;;1970-01-01;MFL;1970-01-01;;2006-03-08
IRL000I10540;;IRL;;;6.95;8.23;0.00;;9.31;0.00;GOLDEN ADVENTURE;156;G156;United Kingdom;;N;;N;N;N;;;MO;;FPO, NK;55.96;0.00;Wood;;1976-01-01;4G1;1976-01-01;;1992-06-05
IRL000I10541;;IRL;;;4.01;3.96;0.00;;8.53;0.00;GOLDEN BOUGH;364;D364;;;N;;N;N;N;;;TO;;PS, NK;32.80;0.00;Wood;;1988-04-19;4G1;1980-01-01;;1996-07-17
IRL000I10542;;IRL;;;67.59;60.66;0.00;;20.36;0.00;GOLDEN FEATHER;225;W225;;;N;;N;Y;Y;;;TO;;OTB, FPO;171.60;6.00;Wood;;1970-01-01;4G1;1949-01-01;;1999-07-27
IRL000I10544;;IRL;;;26.61;23.76;0.00;;14.36;0.00;GOLDEN ORIOLE;383;SO383;;;N;;N;Y;N;;;TO;;OTB, FPO;112.00;0.00;Wood;;1974-01-01;4G1;1947-01-01;;1998-10-06
IRL000I10545;;IRL;;;419.00;0.00;0.00;;36.60;0.00;GOLDEN ROSE;714;SO714;;;Y;EI2914;Y;Y;Y;7922415;;TO;;OTM, NK;1007.24;474.00;Metal;;1981-05-01;MFL;1981-01-01;;2004-09-06
IRL000I10546;;IRL;;;8.37;0.00;0.00;;10.85;0.00;GOLDEN SEEKER;184;S184;Skibbereen;;Y;EIJA9;N;N;N;;;TO;;OTB, GNS;89.53;0.00;Wood;;1987-07-16;MFL;1987-01-01;;
IRL000I10547;;IRL;;;50.66;46.93;0.00;;17.01;0.00;GOLDEN SUNSET;535;D535;;;N;;N;Y;Y;;;TO;;OTB, NK;272.33;0.00;Wood;;1971-01-01;4G1;1971-01-01;;1991-03-12
IRL000I10548;;IRL;;;30.77;30.14;0.00;;15.24;0.00;GOLDEN WEST;775;SO775;;;N;;N;Y;Y;;;MO;;OTB, NK;67.15;0.00;Wood;;1984-01-01;4G1;1947-01-01;;1993-01-18
IRL000I10549;;IRL;;;8.64;0.00;0.00;;9.75;0.00;GOLDING;126;G126;United Kingdom;;N;;N;N;N;;;MO;;GND, NK;59.69;0.00;Wood;;1973-01-01;MFL;1973-01-01;;2008-05-07
IRL000I10550;;IRL;;;4.04;4.75;0.00;;8.63;0.00;GOLEEN LASS;17;G17;United Kingdom;;N;;N;N;N;;;MO;;FPO, GNS;14.92;0.00;Wood;;1980-04-01;4G1;1979-01-01;;2000-02-09
IRL000I10551;;IRL;;;5.49;0.00;0.00;;9.30;0.00;GORUMNA;167;G167;Galway;;Y;EI8158;N;N;N;;;MO;;DRB, GND;35.81;0.00;Wood;;1978-01-01;MFL;1978-01-01;;2018-05-03
IRL000I10552;;IRL;;;85.25;66.87;0.00;;23.07;0.00;GOWAN LEA;132;D132;;;N;;N;Y;Y;;;MO;;OTB, NK;113.41;0.00;Wood;;1969-01-01;4G1;1952-01-01;;1992-02-25
IRL000I10555;;IRL;;;3.77;3.47;0.00;;9.14;0.00;GRAINNE MHAOL;15;G15;United Kingdom;;N;;N;N;N;;;MO;;DRB, NK;9.70;0.00;Wood;;1964-01-01;4G1;1964-01-01;;1998-03-19
IRL000I10556;;IRL;;;99.67;0.00;0.00;;25.60;0.00;GRAINULA;478;D478;;;Y;EIWT;N;Y;Y;;;TO;;OTB, FPO;484.96;30.00;Wood;;1971-10-17;4G1;1962-01-01;;2000-06-09
IRL000I10557;;IRL;;;92.99;72.13;0.00;;22.56;0.00;GREEN ISLE;52;D52;;;N;;N;Y;Y;;;TO;;OTB, NK;320.82;0.00;Wood;;1973-08-27;4G1;1959-01-01;;1996-08-20
IRL000I10559;;IRL;;;6.17;0.00;0.00;;10.38;0.00;GREENORE;65;D65;Dublin;;Y;EI8771;N;N;N;;;MO;;GNS, FPO;52.00;0.00;Wood;;1964-12-31;MFL;1964-01-01;;
IRL000I10560;;IRL;;;472.00;0.00;0.00;;37.53;0.00;GROVE;250;D250;;;Y;EIWV;Y;Y;Y;;;TO;;OTM, NK;1342.98;0.00;Metal;;1987-02-01;MFL;1978-01-01;;2006-10-10
IRL000I10561;;IRL;;;59.00;0.00;0.00;;16.18;0.00;GUIDING STAR;2;D2;;;N;;N;Y;Y;;;TO;;DRB, NK;111.91;9.00;Wood;;1964-07-22;MFL;1963-01-01;;2004-06-02
IRL000I10562;;IRL;;;16.62;0.00;0.00;;11.90;0.00;HANNAIN;172;W172;Waterford;;Y;EI7986;N;N;N;;;TO;;OTM, GND;89.53;5.00;Metal;;1989-01-01;MFL;1988-01-01;;
IRL000I10563;;IRL;;;5.62;0.00;0.00;;9.20;0.00;HARBOUR PRIDE;103;W103;Waterford;;Y;EI4688;N;N;N;;;FX;;DRB, GND;33.20;0.00;Wood;;1975-01-01;MFL;1974-01-01;2014-01-13;
IRL000I10564;;IRL;;;22.39;31.25;0.00;;14.54;0.00;HARMONY LEE;91;C91;;;N;;N;Y;N;;;TO;;OTB, NK;126.84;0.00;Wood;;1968-01-01;4G1;1934-01-01;;1996-07-11
IRL000I10565;;IRL;;;42.00;0.00;0.00;;18.09;0.00;HARVE DE VIE;55;W55;;;Y;EI4041;Y;Y;Y;;;TO;;OTM, DRB;240.00;0.00;Wood;;1970-01-01;MFL;1965-01-01;2008-09-05;
IRL000I10566;;IRL;;;5.47;5.74;0.00;;9.30;0.00;HARVEST HOME;77;C77;;;N;;N;N;N;;;FX;;FPO, NK;26.86;0.00;Wood;;1974-06-01;4G1;1974-01-01;;1998-02-23
IRL000I10567;;IRL;;;4.16;4.22;0.00;;7.77;0.00;HAZEL LOU;64;S64;;;N;;N;N;N;;;MO;;DRB, NK;59.68;15.00;Wood;;1975-04-01;4G1;1975-01-01;;1998-06-24
IRL000I10568;;IRL;;;4.60;4.97;0.00;;8.64;0.00;HAZEL MARIA;2;T2;Finland;;N;;N;N;N;;;WO;;DRB, NK;24.62;0.00;Wood;;1985-05-07;4GZ;1985-01-01;;2000-05-24
IRL000I10569;;IRL;;;9.21;0.00;0.00;;10.56;0.00;HEATHER BERRY;628;SO628;Sligo;;Y;EI8673;N;N;N;;;MO;;GND, GNS, LHP, DRB, FPO;46.99;0.00;Wood;;1976-01-01;MFL;1976-01-01;;
IRL000I10570;;IRL;;;4.14;0.00;0.00;;8.23;0.00;HEATHER BREEZE;23;G23;United Kingdom;;N;;N;N;N;;;MO;;DRB, NK;22.38;0.00;Wood;;1987-01-01;MFL;1986-01-01;;2006-08-04
IRL000I10571;;IRL;;;1.43;0.00;0.00;;6.10;0.00;HEL-LYN;183;D183;;;Y;EI4007;N;N;N;;;TO;;FPO, LLD;11.19;0.00;Wood;;1987-11-01;MFL;1987-01-01;;2013-03-08
IRL000I10572;;IRL;;;3.44;0.00;0.00;;8.00;0.00;HELEN D;256;SO256;Sligo;;Y;EI3801;N;N;N;;;WO;;FPO, OTM, GNS;14.55;0.00;Wood;;1970-01-01;MFL;1969-01-01;;2019-12-06
IRL000I10574;;IRL;;;91.00;0.00;0.00;;18.94;0.00;HELGA IRENE;855;SO855;;;Y;EI5320;Y;Y;Y;;;TO;;OTM, NK;373.05;18.00;Metal;;1985-01-01;MFL;1969-01-01;2006-04-03;
IRL000I10575;;IRL;;;12.12;13.98;0.00;;10.39;0.00;HELVIC;127;C127;;;N;;N;N;N;;;TO;;FPO, GNS;33.13;0.00;Wood;;1975-08-28;4G1;1970-01-01;;1999-09-21
IRL000I10576;;IRL;;;148.00;0.00;0.00;;29.24;0.00;HENDRIKJE;115;WD115;;;Y;EI6186;Y;Y;Y;;;TO;;DRB, NK;526.00;52.00;Metal;;1988-01-17;MFL;1969-01-01;;2004-08-13
IRL000I10577;;IRL;;;28.40;29.06;0.00;;14.39;0.00;HETTIANNE;309;D309;;;N;;N;Y;N;;;TO;;OTB, NK;85.01;0.00;Wood;;1957-08-01;4G1;1946-01-01;;1995-10-09
IRL000I10578;;IRL;;;6.24;0.00;0.00;;9.20;0.00;HILARY SUSAN;134;W134;Waterford;;Y;EI5201;N;N;N;;;MO;;GND, FPO;40.29;0.00;Wood;;1977-06-01;MFL;1977-01-01;;
IRL000I10579;;IRL;;;98.00;0.00;0.00;;18.29;0.00;HILDA HELENA;32;W32;;;Y;EI4912;Y;Y;Y;;;TO;;OTM, FPO;179.06;0.00;Wood;;1970-03-01;MFL;1970-01-01;;2006-05-18
IRL000I10580;;IRL;;;3.62;4.15;0.00;;8.63;0.00;HILL HEAD;362;SO362;;;N;;N;N;N;;;WO;;FPO, GNS;14.92;0.00;Wood;;1971-02-01;4G1;1971-01-01;;1998-12-11
IRL000I10581;;IRL;;;70.21;63.78;0.00;;20.30;0.00;HONEY BEE;597;D597;;;N;;N;Y;Y;;;MO;;OTB, NK;272.33;14.00;Wood;;1977-05-01;4G1;1954-01-01;;1995-06-27
IRL000I10583;;IRL;;;76.13;64.88;0.00;;21.61;0.00;HORIZON II;827;SO827;;;Y;EI2770;N;Y;Y;;;TO;;OTB, NK;171.60;6.00;Wood;;1986-01-01;4G1;1955-01-01;;1994-01-11
IRL000I10584;;IRL;;;11.68;13.57;0.00;;11.46;0.00;IKOM J;46;C46;;;N;;N;N;N;;;WO;;FPO, NK;89.53;0.00;Wood;;1981-01-01;4G1;1980-01-01;;1995-07-17
IRL000I10585;;IRL;;;10.79;0.00;0.00;;10.97;0.00;ILEN LASS;66;WD66;Wexford;;Y;EI2964;N;N;N;;;MO;;GND, DRB, GNS, OTM, LHP;89.53;0.00;Wood;;1976-08-19;MFL;1976-01-01;;
IRL000I10586;;IRL;;;12.36;13.38;0.00;;12.01;0.00;ILEN QUEEN;58;S58;;;N;;N;Y;N;;;GO;;OTB, NK;120.12;10.00;Wood;;1979-01-01;4G1;1947-01-01;;1991-04-17
IRL000I10587;;IRL;;;42.82;31.99;0.00;;16.15;0.00;ILLANAVOREE;782;SO782;;;N;;N;Y;Y;;;TO;;OTB, NK;113.41;0.00;Wood;;1985-01-01;4G1;1968-01-01;;1995-08-08
IRL000I10588;;IRL;;;41.44;36.18;0.00;;14.75;0.00;INANE;212;S212;;;Y;EI2583;N;Y;N;;;TO;;OTB, NK;190.26;0.00;Wood;;1982-01-01;4G1;1981-01-01;;1998-03-23
IRL000I10589;;IRL;;;1.74;0.00;0.00;;6.30;0.00;INCH GIRL;867;SO867;Sligo;;N;;N;N;N;;;GO;;GND, NK;7.46;0.00;Wood;;1989-01-01;MFL;1982-01-01;;
IRL000I10590;;IRL;;;27.16;25.74;0.00;;14.39;0.00;INIS ARCAIN;274;D274;;;N;;N;Y;N;;;MO;;OTB, FPO;126.84;0.00;Wood;;1957-01-01;4G1;1957-01-01;;2001-01-12
IRL000I10591;;IRL;;;9.15;11.39;0.00;;10.18;0.00;INIS BARRA;418;D418;;;N;;N;N;N;;;GO;;DRB, NK;62.67;0.00;Wood;;1953-12-31;4G1;1953-01-01;;1998-12-21
IRL000I10592;;IRL;;;1.07;0.00;0.00;;6.16;0.00;INIS CAORAGH;824;SO824;;;Y;EI8642;N;N;N;;;MO;;GND, FPO;7.39;0.00;Wood;;1987-01-01;MFL;1980-01-01;;2017-08-30
IRL000I10594;;IRL;;;20.80;19.49;0.00;;12.22;0.00;INIS EAGLA;263;C263;;;N;;N;Y;N;;;TO;;OTB, NK;94.75;0.00;Wood;;1982-06-01;4G1;1982-01-01;;1995-05-02
IRL000I10595;;IRL;;;59.01;58.12;0.00;;19.81;0.00;INIS MIL;829;SO829;;;N;;N;Y;Y;;;TO;;OTB, NK;113.41;0.00;Wood;;1987-01-01;4G1;1949-01-01;;1991-08-30
IRL000I10596;;IRL;;;6.88;0.00;0.00;;10.97;0.00;INIS MOR;475;D475;;;Y;EI2108;N;N;N;;;MO;;PS, NK;89.53;0.00;Wood;;1968-11-01;MFL;1968-01-01;;2017-05-09
IRL000I10597;;IRL;;;7.76;7.63;0.00;;10.39;0.00;INIS SCE;90;WT90;;;N;;N;N;N;;;TO;;DRB, NK;32.83;0.00;Wood;;1972-07-01;4G1;1972-01-01;;1995-03-03
IRL000I10599;;IRL;;;12.59;12.89;0.00;;12.19;0.00;INISGALLON;34;G34;United Kingdom;;N;;N;Y;N;;;WO;;OTB, NK;89.53;0.00;Wood;;1980-01-01;4G1;1980-01-01;;1995-12-06
IRL000I10600;;IRL;;;10.88;0.00;0.00;;10.85;0.00;INISHCANNON;15;WT15;Westport;;N;;N;N;N;;;TO;;OTM, DRB;73.86;0.00;Metal;;1986-01-01;MFL;1985-01-01;;
IRL000I10601;;IRL;;;10.57;0.00;0.00;;10.97;0.00;INISHMURRAY;278;SO278;;;Y;EI3697;N;N;N;;;MO;;GND, FPO;82.07;0.00;Wood;;1970-12-31;MFL;1970-01-01;;2017-05-30
IRL000I10602;;IRL;;;3.08;0.00;0.00;;9.17;0.00;INISHSLACKEN;100;G100;United Kingdom;;Y;EI8786;N;N;N;;;MO;;DRB, NK;53.72;0.00;Wood;;1980-07-01;MFL;1971-01-01;;2007-09-06
IRL000I10603;;IRL;;;7.44;9.50;0.00;;9.45;0.00;INNIS BEAG;89;G89;United Kingdom;;N;;N;N;N;;;MO;;DRB, NK;55.96;0.00;Wood;;1971-01-01;4G1;1971-01-01;;1994-05-24
IRL000I10604;;IRL;;;5.95;5.65;0.00;;10.00;0.00;INNISKEA MAID;83;WT83;;;N;;N;N;N;;;MO;;FPO, NK;17.91;0.00;Wood;;1971-12-31;4G1;1971-01-01;;1995-03-14
IRL000I10605;;IRL;;;4.63;0.00;0.00;;9.08;0.00;INNISMEAN;425;SO425;;;N;;N;N;N;;;MO;;GND, FPO;16.41;0.00;Wood;;1933-04-01;MFL;1927-01-01;;2006-11-14
IRL000I10606;;IRL;;;29.79;0.00;0.00;;14.10;0.00;INTER-NOS II;794;SO794;;;N;;N;Y;N;;;TO;;OTB, NK;70.88;0.00;Wood;;1985-05-03;MFL;1957-01-01;;2003-12-22
IRL000I10607;;IRL;;;8.79;8.64;0.00;;8.78;0.00;INTERCEPTOR;114;C114;;;N;;N;N;N;;;WO;;FPO, NK;53.72;0.00;Wood;;1975-02-01;4G1;1974-01-01;;1996-12-13
IRL000I10608;;IRL;;;3.32;0.00;0.00;;8.53;0.00;IONA;543;SO543;;;Y;EI7868;N;N;N;;;MO;;GND, FPO;13.43;0.00;Wood;;1974-11-07;MFL;1974-01-01;;2015-08-12
IRL000I10609;;IRL;;;79.08;68.89;0.00;;22.28;0.00;IRIS;91;D91;;;N;;N;Y;Y;;;TO;;OTB, NK;223.83;15.00;Metal;;1979-01-01;4G1;1958-01-01;1996-07-10;
IRL000I10610;;IRL;;;7.01;6.46;0.00;;10.67;0.00;IRISH LADY;127;G127;United Kingdom;;N;;N;N;N;;;MO;;PS, NK;59.69;0.00;Wood;;1976-06-01;4G1;1945-01-01;;1996-10-09
IRL000I10611;;IRL;;;105.00;0.00;0.00;;26.25;0.00;IRISH ROSE;592;D592;;;Y;EI3213;Y;Y;Y;;;TO;;OTM, NK;447.66;15.00;Metal;;1989-01-01;MFL;1961-01-01;;2005-08-30
IRL000I10612;;IRL;;;2.32;3.71;0.00;;7.80;0.00;ISABELLE;500;W500;;;N;;N;N;N;;;NO;;FPO, GTR;14.18;0.00;Wood;;1945-01-01;4G1;1945-01-01;;1999-09-15
IRL000I10613;;IRL;;;7.76;7.96;0.00;;10.97;0.00;ISLAND FISHER;680;SO680;;;N;;N;N;N;;;MO;;FPO, NK;44.77;0.00;Wood;;1978-06-01;4G1;1978-01-01;;1997-08-27
IRL000I10614;;IRL;;;5.26;5.29;0.00;;9.98;0.00;ISLAND LASS;123;T123;Finland;;N;;N;N;N;;;MO;;DRB, NK;19.59;0.00;Wood;;1929-01-01;4G1;1929-01-01;;1993-08-16
IRL000I10615;;IRL;;;3.54;3.69;0.00;;7.01;0.00;ISLAND LASS;40;WD40;;;N;;N;N;N;;;TO;;DRB, NK;58.80;0.00;Wood;;1972-01-01;4G1;1972-01-01;;1992-09-30
IRL000I10616;;IRL;;;3.39;4.55;0.00;;8.14;0.00;ISLAND ROSE;92;WT92;;;N;;N;N;N;;;MO;;FPO, NK;14.92;0.00;Wood;;1970-01-01;4G1;1970-01-01;;1996-02-20
IRL000I10617;;IRL;;;4.36;4.47;0.00;;8.63;0.00;ISLANDER;85;WD85;;;N;;N;N;N;;;TO;;DRB, NK;37.30;0.00;Wood;;1979-01-01;4G1;1973-01-01;;1993-10-20
IRL000I10618;;IRL;;;198.00;0.00;0.00;;24.99;0.00;IUDA NAOFA;679;SO679;Sligo;;Y;EIFS;Y;Y;Y;;;TO;;OTM, NK;492.43;82.00;Wood;;1978-01-01;MFL;1978-01-01;2015-11-13;
IRL000I10619;;IRL;;;18.53;0.00;0.00;;11.09;0.00;DEIRBHILE AINE;272;C272;Cork;;Y;EIQC8;N;N;N;;;MO;;OTB, FPO;86.00;0.00;Wood;;1984-01-01;MFL;1983-01-01;;
IRL000I10620;;IRL;;;7.58;0.00;0.00;;10.64;0.00;JACQUELINE ANN;151;W151;Waterford;;Y;EIWP3;N;N;N;;;MO;;LHP, FPO, GNS;31.00;0.00;Wood;;1981-01-01;MFL;1981-01-01;;
IRL000I10621;;IRL;;;6.54;0.00;0.00;;8.72;0.00;JANE ANN;139;W139;;;N;;N;N;N;;;WO;;GND, FPO;33.01;0.00;Wood;;1978-06-23;MFL;1978-01-01;;2006-08-24
IRL000I10622;;IRL;;;8.45;0.00;0.00;;9.20;0.00;JANELMA;91;T91;Finland;;N;;N;N;N;;;MO;;DRB, NK;52.23;0.00;Wood;;1970-02-01;MFL;1970-01-01;;2003-12-22
IRL000I10623;;IRL;;;62.00;0.00;0.00;;19.81;0.00;JANETTE ANN;513;D513;;;Y;EI5948;Y;Y;Y;;;TO;;GND, NK;179.06;10.00;Wood;;1971-12-01;MFL;1971-01-01;2005-12-19;
IRL000I10624;;IRL;;;88.00;0.00;0.00;;22.86;0.00;JANIREH;273;SO273;;;Y;EI5134;Y;Y;Y;;;TO;;PS, NK;317.09;7.00;Wood;;1970-04-19;MFL;1970-01-01;;2013-07-25
IRL000I10626;;IRL;;;60.50;55.90;0.00;;19.81;0.00;JASPER;318;D318;;;N;;N;Y;Y;;;MO;;OTB, NK;223.83;10.00;Wood;;1965-01-01;4G1;1949-01-01;;1994-02-22
IRL000I10627;;IRL;;;9.59;9.94;0.00;;10.61;0.00;JE REVIENS;707;SO707;;;N;;N;N;N;;;TO;;DRB, NK;89.53;0.00;Wood;;1979-12-01;4G1;1979-01-01;;2001-12-06
IRL000I10628;;IRL;;;64.95;68.87;0.00;;20.12;0.00;JEAN ELAINE;20;G20;United Kingdom;;N;;N;Y;Y;;;TO;;OTB, NK;171.60;0.00;Wood;;1980-08-01;4G1;1955-01-01;;1994-01-10
IRL000I10629;;IRL;;;67.05;51.97;0.00;;18.29;0.00;JEMALEEN;447;SO447;;;N;;N;Y;Y;;;TO;;OTB, FPO;179.06;10.00;Wood;;1973-01-01;4G1;1973-01-01;;2000-03-09
IRL000I10630;;IRL;;;10.95;11.70;0.00;;11.16;0.00;JENALISA;156;W156;;;N;;N;N;N;;;MO;;FPO, GNS;111.91;0.00;Metal;;1984-01-02;4G1;1983-01-01;1998-07-20;
IRL000I10631;;IRL;;;25.09;23.81;0.00;;15.09;0.00;JILL II;274;C274;;;Y;EIMJ;N;Y;Y;;;MO;;OTB, NK;82.07;35.00;Wood;;1988-07-01;4G1;1943-01-01;;1996-08-20
IRL000I10632;;IRL;;;2.74;2.85;0.00;;8.54;0.00;JOAN;176;SO176;;;N;;N;N;N;;;MO;;DRB, NK;14.92;0.00;Wood;;1961-06-22;4G1;1961-01-01;;1996-03-15
IRL000I10633;;IRL;;;1.48;0.00;0.00;;6.71;0.00;JOANN;834;SO834;;;N;;N;N;N;;;MO;;GND, FPO;11.94;0.00;Wood;;1983-01-01;MFL;1980-01-01;;2005-07-01
IRL000I10634;;IRL;;;1.39;1.00;0.00;;6.10;0.00;JOHANNA;44;S44;;;N;;N;N;N;;;MO;;FPO, GTR;6.34;0.00;Wood;;1961-01-01;4G1;1961-01-01;;2001-04-05
IRL000I10635;;IRL;;;60.80;49.63;0.00;;19.81;0.00;JOHANNES;485;D485;;;N;;N;Y;Y;;;TO;;OTB, FPO;126.84;0.00;Wood;;1987-03-01;4G1;1953-01-01;;2000-03-22
IRL000I10636;;IRL;;;6.22;6.05;0.00;;8.53;0.00;JOHN CHRISTOPHER;19;WT19;;;N;;N;N;N;;;MO;;FPO, NK;17.91;0.00;Wood;;1957-01-01;4G1;1900-01-01;;1995-05-03
IRL000I10637;;IRL;;;50.00;0.00;0.00;;17.98;0.00;JOHN MARTIN;379;D379;;;Y;EI2224;N;Y;Y;;;TO;;OTM, NK;214.13;0.00;Wood;;1969-12-17;MFL;1961-01-01;;2004-09-27
IRL000I10638;;IRL;;;9.20;0.00;0.00;;11.77;0.00;JOHN MICHAEL;161A;T161A;Tralee;;Y;EI2160;N;N;N;;;DO;;DRB, NK;73.12;0.00;Wood;;1971-04-01;AQU;1971-01-01;;
IRL000I10639;;IRL;;;8.07;0.00;0.00;;10.97;0.00;JOHN MICHELLE;193;G193;Galway;;Y;EI3815;N;N;N;;;MO;;FPO, GNS, LHP;73.86;0.00;Wood;;1983-04-01;MFL;1983-01-01;;
IRL000I10640;;IRL;;;8.14;0.00;0.00;;10.56;0.00;JOHNNY BAN;398;SO398;;;N;;N;N;N;;;GO;;GND, FPO;33.01;0.00;Wood;;1972-01-01;MFL;1972-01-01;;2005-08-29
IRL000I10642;;IRL;;;42.31;31.20;0.00;;16.22;0.00;JONARA;163;W163;;;Y;EI2548;N;Y;Y;;;TO;;OTB, NK;308.89;0.00;Wood;;1986-02-10;4G1;1968-01-01;;1998-03-05
IRL000I10643;;IRL;;;2.90;0.00;0.00;;8.38;0.00;JOSEPHINE;317;SO317;;;N;;N;N;N;;;MO;;FPO, NK;9.70;0.00;Wood;;1970-01-01;MFL;1970-01-01;;2006-11-08
IRL000I10644;;IRL;;;7.33;0.00;0.00;;9.24;0.00;JULIA MAY;64;C64;Cork;;Y;EI4013;N;N;N;;;MO;;GNS, DRB;53.72;0.00;Wood;;1980-04-01;MFL;1980-01-01;;2018-03-26
IRL000I10645;;IRL;;;2.90;0.00;0.00;;7.93;0.00;SANDRA ANN;60;S60;;;Y;EI8004;N;N;N;;;MO;;DRB, GND;46.26;0.00;Wood;;1988-11-01;MFL;1988-01-01;;2013-07-25
IRL000I10646;;IRL;;;4.82;5.06;0.00;;8.96;0.00;JULIE EGE;64;W64;;;N;;N;N;N;;;MO;;FPO, NK;22.38;0.00;Wood;;1971-11-15;4G1;1971-01-01;;1998-03-09
IRL000I10647;;IRL;;;93.00;0.00;0.00;;21.34;0.00;JULIEM;169;G169;United Kingdom;;Y;EI2554;Y;Y;Y;;;TO;;OTM, FPO;346.94;32.00;Wood;;1979-01-01;MFL;1979-01-01;;2005-09-05
IRL000I10648;;IRL;;;1.16;0.00;0.00;;5.92;0.00;JUSTINA;39;W39;;;N;;N;N;N;;;GO;;GND, FPO;8.21;0.00;Wood;;1966-01-01;MFL;1966-01-01;;2009-04-09
IRL000I10649;;IRL;;;5.33;0.00;0.00;;9.39;0.00;CAILIN DOIREANN;121;C121;Cork;;Y;EI3011;N;N;N;;;FX;;DRB, PTM;47.00;0.00;Wood;;1979-01-01;MFL;1979-01-01;;
IRL000I10650;;IRL;;;27.48;26.66;0.00;;14.30;0.00;KARYCRAFT;127;D127;;;N;;N;Y;N;;;MO;;OTB, NK;107.44;0.00;Wood;;1951-01-01;4G1;1950-01-01;;1991-04-17
IRL000I10651;;IRL;;;6.41;11.80;0.00;;11.59;0.00;KATHERINA;200;T200;Finland;;N;;N;N;N;;;MO;;DRB, NK;58.20;0.00;Wood;;1973-12-31;4GZ;1973-01-01;;1998-03-20
IRL000I10652;;IRL;;;8.36;4.25;0.00;;9.61;0.00;KATHLEEN;58;C58;;;N;;N;N;N;;;TO;;FPO, GNS;53.72;0.00;Wood;;1968-12-31;4G1;1968-01-01;;1999-07-27
IRL000I10653;;IRL;;;3.05;0.00;0.00;;7.69;0.00;KATHRYN M;128;C128;;;N;;N;N;N;;;FX;;GND, FPO;26.11;0.00;Wood;;1975-11-01;MFL;1975-01-01;2008-04-22;
IRL000I10654;;IRL;;;2.77;0.00;0.00;;8.23;0.00;KATY;100;W100;;;N;;N;N;N;;;GO;;GND, FPO;11.19;0.00;Wood;;1972-01-01;MFL;1972-01-01;;2007-07-23
IRL000I10655;;IRL;;;9.89;7.91;0.00;;10.79;0.00;KATY M;189;C189;;;N;;N;N;N;;;MO;;FPO, GNS;55.96;0.00;Wood;;1978-12-31;4G1;1978-01-01;;2000-06-09
IRL000I10656;;IRL;;;5.51;12.00;0.00;;10.49;0.00;KERN;81;C81;;;N;;N;N;N;;;LO;;FPO, NK;59.69;0.00;Wood;;1969-07-29;4G1;1967-01-01;;1996-12-20
IRL000I10657;;IRL;;;53.66;49.15;0.00;;16.46;0.00;KEROGAN;663;D663;;;N;;N;Y;Y;;;TO;;OTB, FPO;400.00;0.00;Wood;;1989-01-01;4G1;1974-01-01;1999-06-09;
IRL000I10658;;IRL;;;0.87;2.00;0.00;;5.18;0.00;KERRY HEAD;305;T305;Finland;;N;;N;N;N;;;GO;;DRB, NK;11.19;0.00;Wood;;1977-11-15;4G1;1976-01-01;;1992-06-17
IRL000I10659;;IRL;;;4.49;5.32;0.00;;7.96;0.00;KILBEG STAR;114;S114;;;N;;N;N;N;;;MO;;FPO, NK;22.50;0.00;Wood;;1981-01-01;4G1;1980-01-01;;1996-07-04
IRL000I10660;;IRL;;;5.92;0.00;0.00;;9.51;0.00;KILKILOGUE;469;D469;Dublin;;Y;EI8060;N;N;N;;;MO;;OTB, GNS, OTM, FPO, LHP;52.23;0.00;Wood;;1968-01-01;MFL;1967-01-01;;
IRL000I10661;;IRL;;;2.72;2.83;0.00;;7.54;0.00;KILMUN;815;SO815;;;N;;N;N;N;;;WO;;FPO, NK;10.45;0.00;Wood;;1986-11-25;4G1;1985-01-01;;1996-12-20
IRL000I10662;;IRL;;;57.30;47.32;0.00;;20.12;0.00;KILORAN;228;D228;;;N;;N;Y;Y;;;TO;;PS, NK;171.60;0.00;Wood;;1968-08-01;4G1;1954-01-01;;2000-02-10
IRL000I10663;;IRL;;;6.96;0.00;0.00;;9.42;0.00;KING OF THE SEA;82;G82;Galway;;Y;EINP9;N;N;N;;;MO;;LHM, FPO;30.00;0.00;Wood;;1971-01-01;MFL;1971-01-01;;2018-05-25
IRL000I10664;;IRL;;;4.74;4.87;0.00;;8.87;0.00;KINGS BAY;20;W20;;;N;;N;N;N;;;MO;;FPO, NK;14.40;0.00;Wood;;1970-01-01;4G1;1970-01-01;;1997-10-21
IRL000I10665;;IRL;;;131.00;0.00;0.00;;21.95;0.00;KITTIWAKE;25;G25;Galway;;Y;EI3445;Y;Y;Y;8797609;;TO;;GNS, OTM, OTB, LHP;242.48;17.00;Metal;;1989-01-01;MFL;1989-01-01;2023-09-11;
IRL000I10666;;IRL;;;1.42;0.00;0.00;;6.61;0.00;KITTY;26;W26;;;N;;N;N;N;;;FX;;GND, FPO;9.70;0.00;Wood;;1955-09-13;MFL;1955-01-01;;2005-12-29
IRL000I10667;;IRL;;;4.82;0.00;0.00;;9.33;0.00;KNOCK-A-BRIN;468;SO468;;;N;;N;N;N;;;GO;;GND, FPO;22.38;0.00;Wood;;1973-01-01;MFL;1973-01-01;;2008-10-23
IRL000I10668;;IRL;;;9.67;8.86;0.00;;11.00;0.00;KOHOUTEK;509;SO509;;;N;;N;N;N;;;MO;;FPO, NK;44.02;0.00;Wood;;1974-07-01;4G1;1974-01-01;;1993-11-10
IRL000I10669;;IRL;;;14.24;12.98;0.00;;12.68;0.00;LA COLOMBE;75;W75;;;N;;N;Y;N;;;MO;;OTB, FPO;59.69;0.00;Wood;;1973-01-01;4G1;1956-01-01;;1999-02-24
IRL000I10670;;IRL;;;2.29;0.00;0.00;;8.08;0.00;LA FONTAINE;160;C160;Cork;;Y;EI8326;N;N;N;;;WO;;LNB, FPO;28.35;0.00;Wood;;1977-05-26;MFL;1977-01-01;;2018-02-02
IRL000I10671;;IRL;;;34.32;24.33;0.00;;15.61;0.00;SILENT SEAS;395;D395;;;N;;N;Y;Y;;;TO;;OTB, FPO;156.68;0.00;Wood;;1988-04-01;4G1;1968-01-01;;2000-01-20
IRL000I10673;;IRL;;;2.01;0.00;0.00;;7.01;0.00;LADLY LINE;8;DK8;;;N;;N;N;N;;;GO;;PS, NK;5.22;0.00;Wood;;1973-01-01;MFL;1972-01-01;;2013-12-02
IRL000I10674;;IRL;;;5.25;0.00;0.00;;10.85;0.00;LADY EILEEN;170;G170;Galway;;Y;EI8522;N;N;N;;;GO;;PS, NK;83.56;0.00;Wood;;1977-01-01;MFL;1977-01-01;2013-02-14;
IRL000I10675;;IRL;;;7.36;9.25;0.00;;10.97;0.00;LADY HELEN;123;WT123;;;N;;N;N;N;;;MO;;DRB, NK;134.30;0.00;Wood;;1975-08-01;4G1;1975-01-01;;1997-09-11
IRL000I10676;;IRL;;;5.63;0.00;0.00;;9.24;0.00;LADY IRENE;291;WT291;Westport;;Y;EI6204;N;N;N;;;MO;;DRB, OTM, GNS, LHP, FPO, GNC;36.56;0.00;Fiber/Plastic;;1976-03-08;MFL;1976-01-01;;
IRL000I10677;;IRL;;;2.64;2.94;0.00;;8.81;0.00;LADY JOSEPHINE;1;W1;;;N;;N;N;N;;;TO;;FPO, GNS;14.55;0.00;Wood;;1969-03-11;4G1;1969-01-01;;1998-09-07
IRL000I10678;;IRL;;;4.22;0.00;0.00;;8.53;0.00;LADY OF LOURDES;167;SO167;;;Y;EI7980;N;N;N;;;TO;;GND, FPO;22.00;0.00;Wood;;1967-01-01;MFL;1967-01-01;;2010-01-05
IRL000I10679;;IRL;;;46.06;44.89;0.00;;17.13;0.00;LAOCHRA BHEARA;36;S36;;;N;;N;Y;Y;;;TO;;OTB, NK;276.06;0.00;Wood;;1986-02-01;4G1;1961-01-01;;1997-11-11
IRL000I10680;;IRL;;;3.29;0.00;0.00;;8.23;0.00;LAOGH-MO-CHROI;249;T249;Finland;;N;;N;N;N;;;MO;;LLD, FPO;13.43;0.00;Wood;;1977-05-01;MFL;1976-01-01;;2006-10-11
IRL000I10681;;IRL;;;64.55;55.74;0.00;;17.83;0.00;LAR EASA;297;SO297;;;Y;EI2217;N;Y;Y;;;TO;;OTB, FPO;272.33;6.00;Wood;;1971-01-01;4G1;1971-01-01;;1999-01-22
IRL000I10682;;IRL;;;11.17;10.22;0.00;;11.16;0.00;LAURA CATHY;56;WT56;;;N;;N;N;N;;;TO;;FPO, GNS;53.72;0.00;Wood;;1981-01-01;4G1;1981-01-01;;1999-06-21
IRL000I10683;;IRL;;;1.99;2.14;0.00;;5.49;0.00;LAURA-K;140;D140;;;N;;N;N;N;;;FX;;FPO, NK;11.19;0.00;Wood;;1986-01-09;4G1;1980-01-01;;1995-10-11
IRL000I10684;;IRL;;;148.70;0.00;0.00;;30.78;0.00;LE CEILE;110;WD110;;;N;;N;Y;Y;;;TO;;DRB, NK;447.66;30.00;Metal;;1986-06-15;4GZ;1962-01-01;;2002-12-03
IRL000I10685;;IRL;;;45.41;39.85;0.00;;17.22;0.00;LE MARIN;285;D285;;;N;;N;Y;Y;;;FX;;OTB, FPO;223.83;0.00;Wood;;1987-10-01;4G1;1957-01-01;1998-09-25;
IRL000I10686;;IRL;;;7.00;7.65;0.00;;10.55;0.00;LEENAN LASS;768;SO768;;;N;;N;N;N;;;MO;;FPO, GNS;33.01;0.00;Wood;;1984-01-01;4G1;1984-01-01;;1999-06-11
IRL000I10687;;IRL;;;5.07;0.00;0.00;;10.41;0.00;LEIM AN BHRADAN;49P;WT49P;;;Y;EI8569;N;N;N;;;WO;;FPO, NK;32.97;0.00;Wood;;1975-07-09;MFL;1975-01-01;2011-03-24;
IRL000I10688;;IRL;;;33.00;0.00;0.00;;16.77;0.00;LEMARAI;473;D473;;;Y;EI7437;Y;Y;Y;;;TO;;GND, NK;134.00;0.00;Wood;;1988-04-07;MFL;1965-01-01;;2012-03-26
IRL000I10689;;IRL;;;41.00;0.00;0.00;;17.93;0.00;LENA JOZINA;48;WD48;;;N;;Y;Y;Y;;;FX;;DRB, NK;109.68;0.00;Metal;;1974-01-01;MFL;1935-01-01;;2005-07-07
IRL000I10690;;IRL;;;121.00;0.00;0.00;;29.79;0.00;LEON;1;D1;;;Y;EILP;Y;Y;Y;;;MO;;DRB, NK;596.88;56.00;Metal;;1978-01-01;MFL;1961-01-01;;2007-05-15
IRL000I10691;;IRL;;;5.94;0.00;0.00;;8.60;0.00;LEONORA JACINTHA;82;WD82;Wexford;;Y;EI5188;N;N;N;;;MO;;GND, FPO;38.80;0.00;Wood;;1978-06-01;MFL;1978-01-01;2014-07-04;
IRL000I10692;;IRL;;;101.70;0.00;0.00;;24.99;0.00;LES BRISANTS;377;D377;;;N;;N;Y;Y;;;TO;;OTB, FPO;298.44;0.00;Wood;;1968-01-01;4G1;1957-01-01;;1990-10-03
IRL000I10693;;IRL;;;3.18;0.00;0.00;;8.02;0.00;LIAM OG;461;SO461;;;Y;EI7752;N;N;N;;;MO;;GNS, FPO;31.55;0.00;Wood;;1973-05-28;MFL;1973-01-01;;2016-03-02
IRL000I10694;;IRL;;;31.47;28.50;0.00;;13.96;0.00;LIBELLULE;464;D464;;;N;;N;Y;N;;;TO;;OTB, NK;164.14;0.00;Wood;;1988-05-14;4G1;1958-01-01;;1991-04-30
IRL000I10695;;IRL;;;6.37;0.00;0.00;;10.05;0.00;LILY JEAN;15;L15;Finland;;Y;EI3808;N;N;N;;;MO;;GND, FPO;41.78;0.00;Wood;;1969-07-01;MFL;1969-01-01;;2013-06-17
IRL000I10696;;IRL;;;5.78;6.70;0.00;;10.00;0.00;LIMEBURN FISHER;421;SO421;;;N;;N;N;N;;;MO;;FPO, GNS;33.20;0.00;Wood;;1972-01-01;4G1;1972-01-01;;1999-01-22
IRL000I10697;;IRL;;;7.87;0.00;0.00;;9.17;0.00;LINDISFARNE;131;W131;;;N;;N;N;N;;;GO;;FPO, NK;53.72;0.00;Wood;;1978-02-06;MFL;1974-01-01;;2003-09-10
IRL000I10698;;IRL;;;4.66;5.50;0.00;;7.92;0.00;LINDSEY;657;D657;;;N;;N;N;N;;;TO;;FPO, NK;59.69;0.00;Metal;;1986-07-03;4G1;1980-01-01;;1998-03-19
IRL000I10699;;IRL;;;4.01;0.00;0.00;;9.24;0.00;LIOS DAOIN;57;G57;Galway;;N;;N;N;N;;;MO;;DRB, GND;26.86;0.00;Wood;;1968-01-01;MFL;1968-01-01;;
IRL000I10700;;IRL;;;4.29;6.55;0.00;;9.14;0.00;LIOS DARAGH;289;D289;;;N;;N;N;N;;;MO;;FPO, NK;17.91;0.00;Wood;;1967-01-01;4G1;1966-01-01;;1996-12-20
IRL000I10701;;IRL;;;5.01;6.29;0.00;;9.45;0.00;LIOS IN;452;D452;;;N;;N;N;N;;;WO;;FPO, NK;48.50;0.00;Wood;;1967-01-01;4G1;1967-01-01;;1997-09-11
IRL000I10702;;IRL;;;3.26;0.00;0.00;;9.27;0.00;LIOS LEASA;411;D411;Dublin;;N;;N;N;N;;;MO;;DRB, GND;17.91;0.00;Wood;;1967-01-01;MFL;1967-01-01;2013-04-04;
IRL000I10703;;IRL;;;4.69;6.55;0.00;;9.14;0.00;LIOS LINNE;252;D252;;;N;;N;N;N;;;TO;;FPO, NK;26.86;0.00;Wood;;1967-01-01;4G1;1966-01-01;;1992-07-24
IRL000I10704;;IRL;;;4.19;0.00;0.00;;9.36;0.00;LIOS LORGAN;233;D233;Dublin;;Y;EI-CE-4;N;N;N;;;MO;;DRB, LLD;26.86;0.00;Wood;;1966-09-01;MFL;1966-01-01;;
IRL000I10705;;IRL;;;9.71;0.00;0.00;;10.67;0.00;LIOS NA SI;106P;G106P;Galway;;Y;EI3439;N;N;N;;;WO;;FPO, NK;89.53;0.00;Wood;;1972-01-01;MFL;1972-01-01;;
IRL000I10706;;IRL;;;34.41;29.34;0.00;;16.00;0.00;LISA ANN;570;D570;;;N;;N;Y;Y;;;TO;;PS, NK;156.68;0.00;Wood;;1988-10-01;4G1;1955-01-01;;1996-03-11
IRL000I10707;;IRL;;;6.72;7.28;0.00;;9.60;0.00;LISA MAREAE;162;W162;;;N;;N;N;N;;;MO;;DRB, NK;89.53;0.00;Metal;;1986-06-03;4GZ;1983-01-01;;2001-03-28
IRL000I10708;;IRL;;;4.79;0.00;0.00;;9.02;0.00;LITTLE BETTY;657;SO657;;;N;;N;N;N;;;MO;;GND, FPO;34.32;0.00;Wood;;1977-05-01;MFL;1977-01-01;;2005-12-13
IRL000I10709;;IRL;;;3.44;3.39;0.00;;8.99;0.00;LITTLE FLOWER;16;D16;;;N;;N;N;N;;;DO;;FPO, GNS;17.91;0.00;Wood;;1985-03-27;4G1;1952-01-01;;2001-08-21
IRL000I10710;;IRL;;;6.40;5.96;0.00;;9.75;0.00;LITTLE FLOWER;192;SO192;;;N;;N;N;N;;;FX;;FPO, GNS;41.78;0.00;Wood;;1956-01-01;4G1;1952-01-01;;2000-09-13
IRL000I10711;;IRL;;;4.36;0.00;0.00;;7.16;0.00;LITTLE SAMPHIRE;190;T190;Finland;;N;;N;N;N;;;MO;;DRB, NK;16.41;0.00;Wood;;1973-04-01;MFL;1973-01-01;;2003-12-22
IRL000I10712;;IRL;;;2.20;0.00;0.00;;7.99;0.00;LOCH AINE;457;D457;;;N;;N;N;N;;;MO;;DRB, GND;10.07;0.00;Wood;;1968-01-10;MFL;1967-01-01;;2006-03-28
IRL000I10713;;IRL;;;6.19;15.99;0.00;;10.97;0.00;LOCH AN IASC;22;T22;Finland;;N;;N;N;N;;;GO;;FPO, NK;268.60;0.00;Wood;;1985-06-01;4G1;1985-01-01;;1996-07-17
IRL000I10715;;IRL;;;2.33;0.00;0.00;;7.96;0.00;LOCH CE;456;D456;Dublin;;Y;EI8926;N;N;N;;;WO;;FPO, NK;9.70;0.00;Wood;;1967-09-22;MFL;1967-01-01;;2019-03-01
IRL000I10716;;IRL;;;2.50;4.01;0.00;;8.05;0.00;LOCH CLAOIN;256;D256;;;N;;N;N;N;;;MO;;DRB, NK;9.70;0.00;Wood;;1966-10-24;4G1;1966-01-01;;1997-12-15
IRL000I10718;;IRL;;;2.05;0.00;0.00;;7.99;0.00;LOCH GARA;424;D424;;;N;;N;N;N;;;DO;;DRB, NK;9.70;0.00;Wood;;1968-03-01;MFL;1966-01-01;;2006-05-19
IRL000I10719;;IRL;;;1.96;0.00;0.00;;7.99;0.00;LOCH GARBH;296;D296;;;N;;N;N;N;;;DO;;DRB, NK;9.70;0.00;Wood;;1965-01-01;MFL;1965-01-01;;2007-02-22
IRL000I10720;;IRL;;;2.25;0.00;0.00;;7.92;0.00;LOCH GLINNE;410;D410;;;N;;N;N;N;;;FX;;GND, NK;9.70;0.00;Wood;;1966-06-01;MFL;1966-01-01;;2006-05-18
IRL000I10721;;IRL;;;3.36;4.78;0.00;;8.69;0.00;LOCH MOURCHAUN;460;D460;;;N;;N;N;N;;;MO;;DRB, NK;29.84;0.00;Wood;;1968-01-01;4G1;1968-01-01;;1992-09-30
IRL000I10722;;IRL;;;1.97;0.00;0.00;;8.20;0.00;LOCH OMNA;443;D443;Dublin;;Y;EI6045;N;N;N;;;WO;;GND, FPO;9.70;0.00;Wood;;1968-01-01;MFL;1967-01-01;;2021-02-11
IRL000I10723;;IRL;;;2.52;0.00;0.00;;8.02;0.00;LOCH SAILE;251;D251;Dublin;;N;;N;N;N;;;MO;;DRB, NK;11.19;0.00;Wood;;1966-01-01;MFL;1966-01-01;;2022-06-07
IRL000I10724;;IRL;;;7.11;0.00;0.00;;10.18;0.00;LOCH SHELIN;316;SO316;;;Y;EI6166;N;N;N;;;MO;;GND, FPO;59.00;0.00;Wood;;1970-01-01;MFL;1970-01-01;;2010-06-18
IRL000I10725;;IRL;;;4.84;0.00;0.00;;7.62;0.00;LOCH VENTURE;173;S173;Skibbereen;;Y;EI5833;N;N;N;;;MO;;DRB, NK;11.19;0.00;Wood;;1983-01-01;MFL;1983-01-01;;
IRL000I10726;;IRL;;;9.50;0.00;0.00;;12.15;0.00;LONE RANGER;255;D255;Dublin;;Y;EIA220;Y;Y;N;;;MO;;GNS, LHP, FPO;43.00;0.00;Wood;;1970-01-01;MFL;1970-01-01;;
IRL000I10727;;IRL;;;93.44;64.22;0.00;;21.70;0.00;LONNIR;26;S26;;;Y;EI2928;N;Y;Y;;;TO;;OTB, FPO;399.16;19.00;Wood;;1984-01-01;4G1;1967-01-01;;2000-02-18
IRL000I10728;;IRL;;;79.92;0.00;0.00;;19.81;0.00;LORADON;400;SO400;;;Y;E12256;Y;Y;Y;;;TO;;OTB, NK;246.00;16.00;Wood;;1972-06-07;MFL;1972-01-01;;2004-01-29
IRL000I10729;;IRL;;;60.50;0.00;0.00;;18.93;0.00;LORELLA;785;SO785;;;N;;Y;Y;Y;;;TO;;DRB, NK;171.60;7.00;Wood;;1958-01-01;MFL;1958-01-01;;2004-10-14
IRL000I10730;;IRL;;;6.20;7.72;0.00;;8.66;0.00;LOUGH ATALIA;74;G74;United Kingdom;;N;;N;N;N;;;WO;;FPO, GNS;59.69;0.00;Wood;;1970-01-01;4G1;1969-01-01;;2001-03-27
IRL000I10731;;IRL;;;12.59;12.24;0.00;;11.28;0.00;LOUGH ELIE;531;SO531;;;N;;N;N;N;;;MO;;FPO, NK;52.23;0.00;Wood;;1974-01-01;4G1;1974-01-01;;1995-01-06
IRL000I10732;;IRL;;;25.57;0.00;0.00;;13.70;0.00;LOUGH SWILLY;150;D150;Dublin;;Y;EINM;Y;Y;N;;;MO;;OTM, FPO, LLD;145.00;33.00;Metal;;1989-05-01;MFL;1980-01-01;;2020-10-16
IRL000I10734;;IRL;;;1.50;0.00;0.00;;6.46;0.00;LOUGHROS LASS;828;SO828;Sligo;;Y;EI8709;N;N;N;;;WO;;GND, FPO;18.65;0.00;Wood;;1987-05-25;MFL;1986-01-01;;
IRL000I10735;;IRL;;;1.98;2.63;0.00;;7.92;0.00;LUAS NA MARA;55;T55;Finland;;N;;N;N;N;;;FX;;FPO, GTR;111.91;0.00;Wood;;1989-09-01;4G1;1989-01-01;;1998-07-01
IRL000I10736;;IRL;;;5.96;9.09;0.00;;9.59;0.00;LUCKY ELLA;162;C162;;;N;;N;N;N;;;LO;;FPO, NK;60.43;0.00;Wood;;1977-08-01;4G1;1969-01-01;;1991-06-12
IRL000I10737;;IRL;;;8.80;0.00;0.00;;11.06;0.00;LUCKY STAR;595;SO595;Sligo;;Y;EIEL2;N;N;N;;;MO;;GNS, FPO, LHP;31.00;0.00;Wood;;1975-06-06;MFL;1975-01-01;;2020-06-29
IRL000I10739;;IRL;;;15.75;0.00;0.00;;12.07;0.00;MAC DARA;196;G196;Galway;;Y;EI4827;Y;Y;N;;;MO;;DRB, NK;111.91;0.00;Wood;;1984-01-01;MFL;1981-01-01;;
IRL000I10740;;IRL;;;2.11;2.21;0.00;;7.77;0.00;MADCAP;68;W68;;;N;;N;N;N;;;WO;;FPO, GTR;9.70;0.00;Wood;;1910-01-01;4G1;1910-01-01;;1999-10-18
IRL000I10741;;IRL;;;1.68;0.00;0.00;;6.10;0.00;MADONA;852;SO852;;;N;;N;N;N;;;FX;;GND, FPO;9.70;0.00;Wood;;1986-06-15;MFL;1986-01-01;;2012-02-24
IRL000I10742;;IRL;;;9.65;0.00;0.00;;10.97;0.00;MADONA MARIE;758;SO758;Sligo;;Y;EI5089;N;N;N;;;GO;;FPO, GNS, LLD;70.88;0.00;Wood;;1983-06-10;MFL;1983-01-01;;2021-10-21
IRL000I10743;;IRL;;;5.54;0.00;0.00;;9.51;0.00;MAEVE PATRICIA;861;SO861;Sligo;;Y;EI6284;N;N;N;;;DO;;DRB, NK;47.75;0.00;Wood;;1989-06-01;MFL;1977-01-01;;
IRL000I10744;;IRL;;;3.18;3.11;0.00;;8.66;0.00;MAGGIE;45;SO45;;;N;;N;N;N;;;FX;;DRB, NK;6.34;0.00;Wood;;1970-01-01;4G1;1964-01-01;;1995-06-27
IRL000I10745;;IRL;;;83.95;67.19;0.00;;22.56;0.00;MAGNIFICENT;51;SO51;;;N;;N;Y;Y;;;TO;;OTB, NK;149.22;0.00;Wood;;1965-02-12;4G1;1954-01-01;;1994-02-22
IRL000I10746;;IRL;;;6.31;0.00;0.00;;9.97;0.00;MAHON LASS;495;D495;;;Y;EI4710;N;N;N;;;WO;;FPO, GND;26.85;0.00;Wood;;1968-05-02;MFL;1968-01-01;;2016-09-27
IRL000I10747;;IRL;;;12.44;0.00;0.00;;10.66;0.00;MAID OF CLEW BAY;17;WT17;;;Y;EI3763;N;N;N;;;MO;;FPO, GNS;89.53;0.00;Fiber/Plastic;;1982-01-01;MFL;1978-01-01;;2008-04-08
IRL000I10748;;IRL;;;3.06;3.23;0.00;;7.62;0.00;MAID OF EIREANN;21;T21;Finland;;N;;N;N;N;;;GO;;FPO, NK;14.18;0.00;Wood;;1984-06-20;4GZ;1984-01-01;;1998-03-05
IRL000I10749;;IRL;;;9.19;9.99;0.00;;11.23;0.00;MAID OF LOUGH SHINNEY;66;C66;;;N;;N;N;N;;;TO;;PS, NK;93.26;0.00;Wood;;1949-07-01;4G1;1949-01-01;;1992-09-30
IRL000I10750;;IRL;;;68.00;0.00;0.00;;19.81;0.00;MAID OF NAZARETH;197;T197;Finland;;Y;EI3651;Y;Y;Y;;;MO;;OTB, NK;328.28;10.00;Wood;;1972-12-01;MFL;1972-01-01;;2004-05-26
IRL000I10751;;IRL;;;3.63;5.93;0.00;;8.63;0.00;MAID OF THE WEST;110;W110;;;N;;N;N;N;;;FX;;DRB, NK;14.55;0.00;Wood;;1927-10-26;4GZ;1927-01-01;;2000-05-24
IRL000I10752;;IRL;;;8.48;8.86;0.00;;10.85;0.00;MAIGRE NA MARA;525;SO525;;;N;;N;N;N;;;WO;;FPO, NK;44.02;0.00;Wood;;1974-01-01;4G1;1974-01-01;;1993-11-10
IRL000I10753;;IRL;;;5.00;0.00;0.00;;9.17;0.00;MAIRCIN JOE;19;G19;United Kingdom;;N;;N;N;N;;;MO;;DRB, NK;55.96;0.00;Wood;;1990-07-01;4G1;1988-01-01;;1997-09-01
IRL000I10754;;IRL;;;3.07;0.00;0.00;;7.98;0.00;MAIRCREAL;502;T502;Finland;;Y;EI8192;N;N;N;;;WO;;FPO, GNS;22.38;0.00;Wood;;1976-01-01;MFL;1976-01-01;;2008-03-14
IRL000I10755;;IRL;;;6.98;0.00;0.00;;8.63;0.00;MAIRE II;65;S65;;;N;;N;N;N;;;TO;;OTM, GND;59.69;0.00;Wood;;1980-05-21;MFL;1966-01-01;;2008-04-07
IRL000I10756;;IRL;;;10.37;0.00;0.00;;10.52;0.00;MAIREAD;125;C125;Cork;;Y;EI8282;N;N;N;;;MO;;FPO, GNS, LHP;89.53;0.00;Wood;;1976-06-06;MFL;1975-01-01;;
IRL000I10757;;IRL;;;2.13;0.00;0.00;;7.32;0.00;MAIREAD GRAINNE;85;C85;;;N;;N;N;N;;;GO;;GND, FPO;8.95;0.00;Wood;;1979-12-31;MFL;1979-01-01;;2005-05-05
IRL000I10758;;IRL;;;3.14;0.00;0.00;;7.01;0.00;MAJELLA;30;D30;Dublin;;Y;EIJA4;N;N;N;;;WO;;FPO, LHP;14.92;0.00;Wood;;1974-07-17;MFL;1957-01-01;;
IRL000I10759;;IRL;;;6.92;0.00;0.00;;10.52;0.00;MAJELLA ROSE;733;SO733;Sligo;;Y;EIIM8;N;N;N;;;DO;;DRB, NK;32.83;0.00;Wood;;1981-06-01;MFL;1981-01-01;;
IRL000I10760;;IRL;;;68.00;0.00;0.00;;17.71;0.00;MARBER THERESE;61;T61;Finland;;Y;EI2574;Y;Y;Y;;;TO;;OTM, FPO;279.79;28.00;Metal;;1989-03-20;MFL;1981-01-01;;2011-06-27
IRL000I10761;;IRL;;;40.25;37.09;0.00;;15.30;0.00;MARCH SOD;111;WD111;;;N;;N;Y;Y;;;TO;;OTB, FPO;186.53;0.00;Wood;;1987-03-01;4G1;1963-01-01;;1998-09-23
IRL000I10762;;IRL;;;1.36;1.72;0.00;;6.70;0.00;MARCHELE;738;SO738;;;N;;N;N;N;;;MO;;FPO, NK;14.92;0.00;Wood;;1982-06-08;4G1;1982-01-01;;1995-03-02
IRL000I10763;;IRL;;;136.00;0.00;0.00;;21.55;0.00;MARDEN;372;D372;;;Y;EI4162;Y;Y;Y;;;TO;;GND, OTM;421.55;41.00;Metal;;1976-03-01;MFL;1976-01-01;2006-11-06;
IRL000I10764;;IRL;;;5.11;3.98;0.00;;8.26;0.00;MAREE CLARE II;204;G204;United Kingdom;;N;;N;N;N;;;MO;;DRB, NK;68.64;0.00;Wood;;1988-05-01;4G1;1988-01-01;;1998-03-30
IRL000I10765;;IRL;;;36.61;31.17;0.00;;16.40;0.00;MARGARET D;13;C13;;;N;;N;Y;Y;;;TO;;OTB, NK;160.41;0.00;Wood;;1987-05-20;4G1;1965-01-01;;1998-04-03
IRL000I10767;;IRL;;;5.35;0.00;0.00;;9.02;0.00;MARGARET NOELLE;81;W81;Waterford;;Y;EI5763;N;N;N;;;GO;;GND, FPO, OTM;22.01;0.00;Wood;;1973-05-01;MFL;1973-01-01;;2024-05-10
IRL000I10768;;IRL;;;14.33;14.15;0.00;;11.22;0.00;MARGARET PATRICIA;78;S78;;;N;;N;N;N;;;MO;;FPO, NK;89.53;0.00;Metal;;1980-12-31;4G1;1980-01-01;;1996-05-09
IRL000I10769;;IRL;;;6.52;8.29;0.00;;10.00;0.00;MARGARET THERESA;200;C200;;;N;;N;N;N;;;MO;;FPO, GNS;74.61;0.00;Wood;;1978-07-01;4G1;1978-01-01;;1999-11-16
IRL000I10770;;IRL;;;56.01;41.66;0.00;;17.07;0.00;MARGURITE MARIE;519;SO519;;;N;;N;Y;Y;;;TO;;OTB, FPO;280.00;19.00;Wood;;1975-01-01;4G1;1975-01-01;;2000-05-29
IRL000I10771;;IRL;;;4.35;0.00;0.00;;8.53;0.00;MARIA;49;W49;;;Y;EI8533;N;N;N;;;GO;;DRB, OTM;16.41;0.00;Wood;;1929-01-01;MFL;1928-01-01;;2014-02-24
IRL000I10772;;IRL;;;28.72;25.61;0.00;;15.24;0.00;MARIA;847;SO847;;;Y;EI2754;N;Y;Y;;;TO;;OTB, NK;89.53;0.00;Wood;;1959-01-08;4G1;1956-01-01;;1995-01-18
IRL000I10773;;IRL;;;7.64;8.78;0.00;;9.94;0.00;MARIA LORRAINE;154;G154;United Kingdom;;N;;N;N;N;;;MO;;FPO, NK;53.72;54.00;Wood;;1982-03-12;4G1;1981-01-01;;1997-10-06
IRL000I10774;;IRL;;;53.22;44.72;0.00;;18.35;0.00;MARIAN;436;D436;;;Y;EI2569;N;Y;Y;;;TO;;DRB, NK;111.91;0.00;Wood;;1954-07-01;4G1;1954-01-01;;2000-02-10
IRL000I10775;;IRL;;;9.31;0.00;0.00;;11.00;0.00;MARIANNE;486;SO486;Sligo;;Y;EIKT2;N;N;N;;;DO;;DRB, DRM;75.00;0.00;Wood;;1973-01-01;MFL;1973-01-01;;2022-04-05
IRL000I10776;;IRL;;;6.87;6.86;0.00;;9.66;0.00;MARIE CATHERINE;9;G9;United Kingdom;;N;;N;N;N;;;MO;;DRB, NK;53.72;0.00;Wood;;1978-01-01;4G1;1978-01-01;;1997-12-04
IRL000I10777;;IRL;;;3.17;3.79;0.00;;8.47;0.00;MARIE GORETTI;201;SO201;;;N;;N;N;N;;;WO;;FPO, NK;14.18;0.00;Wood;;1968-01-01;4G1;1968-01-01;;1996-09-09
IRL000I10778;;IRL;;;123.00;0.00;0.00;;20.72;0.00;MARINA;532;D532;;;Y;EI2546;Y;Y;Y;;;TO;;PS, OTM;279.79;10.00;Wood;;1971-09-01;MFL;1971-01-01;2008-08-21;
IRL000I10779;;IRL;;;29.53;0.00;0.00;;14.95;0.00;MARITA;1;G1;United Kingdom;;Y;EIIA3;N;Y;N;;;TO;;DRB, NK;100.00;0.00;Wood;;1970-07-23;MFL;1968-01-01;;2013-08-02
IRL000I10780;;IRL;;;58.04;52.95;0.00;;19.96;0.00;MARIZZA;154;C154;;;N;;N;Y;Y;;;TO;;OTB, NK;186.53;0.00;Wood;;1988-07-28;4G1;1961-01-01;;1995-07-03
IRL000I10781;;IRL;;;5.92;5.46;0.00;;10.06;0.00;MARK ANTHONY;186;C186;;;N;;N;N;N;;;FX;;FPO;53.72;0.00;Wood;;1972-01-01;4G1;1972-01-01;;2001-07-17
IRL000I10782;;IRL;;;1.55;0.00;0.00;;5.79;0.00;MARLINDA;813;SO813;;;N;;N;N;N;;;GO;;GND, NK;22.38;0.00;Wood;;1986-04-01;MFL;1985-01-01;;2005-05-30
IRL000I10783;;IRL;;;194.00;0.00;0.00;;28.88;0.00;MARRIE JACOB;141;D141;;;Y;EI6000;Y;Y;Y;;;TO;;DRB, TBB;921.43;140.00;Metal;;1986-10-01;MFL;1972-01-01;2008-09-05;
IRL000I10784;;IRL;;;8.20;0.00;0.00;;9.45;0.00;MARSIN;161;G161;United Kingdom;;N;;N;N;N;;;MO;;FPO, NK;44.77;0.00;Wood;;1990-10-01;MFL;1977-01-01;;2004-03-01
IRL000I10785;;IRL;;;154.00;0.00;0.00;;23.32;0.00;MARTHA DAVID;635;SO635;;;Y;EI7350;Y;Y;Y;;;TO;;GND, NK;421.55;57.00;Wood;;1977-08-01;MFL;1977-01-01;;2006-01-04
IRL000I10786;;IRL;;;40.56;42.72;0.00;;17.25;0.00;MARTHA HELEN;16;S16;;;N;;N;Y;Y;;;TO;;OTB, NK;111.91;0.00;Wood;;1947-01-01;4G1;1947-01-01;;1991-07-10
IRL000I10787;;IRL;;;3.39;0.00;0.00;;7.97;0.00;ANNE CAROLINE;518;S518;Skibbereen;;Y;EIA2605;N;N;N;;;WO;;FPO, LHP, GNS;53.72;0.00;Fiber/Plastic;;1979-09-12;MFL;1979-01-01;;
IRL000I10788;;IRL;;;7.96;0.00;0.00;;9.39;0.00;MARTINIQUE;197;C197;Cork;;Y;EI2599;N;N;N;;;GO;;GND, NK;34.32;0.00;Wood;;1978-01-01;MFL;1978-01-01;;
IRL000I10789;;IRL;;;22.31;19.59;0.00;;14.33;0.00;MARY BUCHAN;168;D168;;;N;;N;Y;N;;;TO;;OTB, NK;89.53;0.00;Wood;;1940-01-01;4G1;1940-01-01;;1993-11-09
IRL000I10790;;IRL;;;103.00;0.00;0.00;;20.42;0.00;MARY CHRISTINA;484;D484;;;N;;Y;Y;Y;;;TO;;OTB, NK;179.04;9.00;Wood;;1968-01-01;MFL;1968-01-01;;2005-02-14
IRL000I10791;;IRL;;;4.97;6.06;0.00;;9.75;0.00;MARY CLARET;94;WT94;;;N;;N;N;N;;;GO;;FPO, NK;32.83;0.00;Wood;;1973-01-01;4G1;1973-01-01;;1994-10-05
IRL000I10792;;IRL;;;5.66;0.00;0.00;;9.14;0.00;MARY EILEEN;120;S120;;;N;;N;N;N;;;MO;;DRB, GND;53.72;0.00;Wood;;1979-01-01;MFL;1977-01-01;2005-06-21;
IRL000I10793;;IRL;;;76.17;65.49;0.00;;21.31;0.00;MARY FRASER;455;D455;;;N;;N;Y;Y;;;TO;;OTB, NK;179.06;0.00;Wood;;1971-01-01;4G1;1957-01-01;;1991-06-12
IRL000I10795;;IRL;;;8.21;0.00;0.00;;11.16;0.00;MARY JOHN;620;S620;Skibbereen;;Y;EILT3;N;N;N;;;MO;;GND, LHP;51.26;0.00;Wood;;1978-05-01;MFL;1978-01-01;;
IRL000I10796;;IRL;;;127.00;0.00;0.00;;19.81;0.00;ROISIN BAIRBRE;544;D544;;;Y;EIRT;Y;Y;Y;;;TO;;GND, NK;317.00;110.00;Wood;;1976-12-16;MFL;1976-01-01;2008-08-22;
IRL000I10797;;IRL;;;516.00;0.00;0.00;;34.81;0.00;MARY M;857;SO857;;;N;;N;Y;Y;;;TO;;OTB, SSC;1342.80;0.00;Metal;;1988-01-01;4G1;1988-01-01;;2001-03-27
IRL000I10798;;IRL;;;2.63;4.54;0.00;;8.96;0.00;MARY MARGARET;94;S94;;;N;;N;N;N;;;MO;;DRB, NK;14.73;0.00;Wood;;1969-01-01;4G1;1969-01-01;;2002-12-03
IRL000I10799;;IRL;;;5.88;5.58;0.00;;9.14;0.00;MARY OLIVIA;76;C76;;;N;;N;N;N;;;GO;;FPO, NK;59.69;0.00;Wood;;1980-01-01;4G1;1974-01-01;;1997-11-20
IRL000I10800;;IRL;;;4.89;9.95;0.00;;10.36;0.00;MARY SUE;59;T59;Finland;;N;;N;N;N;;;LO;;FPO, NK;41.78;0.00;Wood;;1970-01-01;4G1;1970-01-01;;1998-04-09
IRL000I10801;;IRL;;;30.00;22.53;0.00;;15.24;0.00;MARY VONNE;277;D277;;;N;;N;Y;Y;;;TO;;OTB, SSC;119.38;0.00;Wood;;1986-02-19;4G1;1966-01-01;;1998-12-01
IRL000I10802;;IRL;;;44.82;34.54;0.00;;16.38;0.00;MASSENA;196;W196;;;N;;N;Y;Y;;;TO;;OTB, SSC;268.00;0.00;Wood;;1989-12-01;4G1;1971-01-01;;2000-01-21
IRL000I10803;;IRL;;;28.07;27.13;0.00;;14.75;0.00;MAURA;375;D375;;;N;;N;Y;N;;;TO;;OTB, SSC;70.88;0.00;Other;;1958-01-01;4G1;1958-01-01;;1999-01-22
IRL000I10804;;IRL;;;153.16;117.00;0.00;;24.38;0.00;OILEAN CLEIRE;610;D610;;;Y;EILT;N;Y;Y;;;TO;;OTB, SSC;484.96;48.00;Wood;;1978-04-01;4G1;1978-01-01;;1999-10-27
IRL000I10805;;IRL;;;4.97;5.06;0.00;;7.62;0.00;MAY QUEEN;70;S70;;;N;;N;N;N;;;MO;;FPO, GTR;32.83;0.00;Wood;;1982-01-01;4G1;1982-01-01;;1998-10-06
IRL000I10806;;IRL;;;0.71;0.00;0.00;;4.88;0.00;MAYFLOWER;132;W132;;;N;;N;N;N;;;LO;;LLD, NK;7.46;0.00;Wood;;1980-05-01;MFL;1980-01-01;;2013-09-24
IRL000I10807;;IRL;;;0.79;0.00;0.00;;5.18;0.00;MAYFLOWER;810;SO810;Sligo;;Y;EILP6;N;N;N;;;MO;;FPO, GNS;3.73;0.00;Fiber/Plastic;;1986-01-01;MFL;1980-01-01;;
IRL000I10808;;IRL;;;122.00;0.00;0.00;;19.81;0.00;MELLIFONT;1;DA1;Drogheda;;Y;EI6228;Y;Y;Y;8794645;;MO;;GND, OTB, OTM, GNS;309.63;37.00;Wood;;1978-04-01;MFL;1978-01-01;;2021-12-03
IRL000I10809;;IRL;;;11.95;0.00;0.00;;12.19;0.00;MEMORARE;134;G134;Galway;;Y;EI5852;Y;Y;N;;;MO;;FPO, LHP, OTB, GNS;67.15;0.00;Wood;;1974-01-01;MFL;1974-01-01;;
IRL000I10810;;IRL;;;229.00;0.00;0.00;;26.97;0.00;HADEN;135;S135;Skibbereen;;Y;EIVT;Y;Y;Y;7817153;;TO;;OTM, NK;895.00;90.00;Metal;;1979-10-01;MFL;1979-01-01;;
IRL000I10811;;IRL;;;52.52;44.89;0.00;;18.26;0.00;MERLYN;41;S41;;;N;;N;Y;Y;;;TO;;OTB, SSC;179.06;0.00;Wood;;1985-03-01;4G1;1966-01-01;;1999-12-16
IRL000I10812;;IRL;;;70.34;63.80;0.00;;21.03;0.00;META BRUCE;195;D195;;;N;;N;Y;Y;;;MO;;OTB, SSC;220.10;0.00;Wood;;1963-11-25;4G1;1948-01-01;;2001-03-27
IRL000I10813;;IRL;;;7.92;8.04;0.00;;11.06;0.00;MICHAEL ANTHONY;649;SO649;;;N;;N;N;N;;;WO;;FPO;33.57;0.00;Wood;;1977-05-18;4G1;1977-01-01;;1999-05-18
IRL000I10814;;IRL;;;11.86;0.00;0.00;;11.28;0.00;MICHELLE MORGAN;70;D70;Dublin;;Y;EI8425;N;N;N;;;MO;;FPO, GNS, OTM, OTB;55.00;0.00;Metal;;1985-01-01;MFL;1985-01-01;;
IRL000I10815;;IRL;;;14.56;0.00;0.00;;10.97;0.00;MIDNIGHT EXPRESS;199;C199;Cork;;Y;EI2647;N;N;N;;;MO;;OTM, GNS;89.53;0.00;Wood;;1982-01-01;MFL;1982-01-01;;
IRL000I10816;;IRL;;;35.72;29.48;0.00;;16.24;0.00;MIDNIGHT STAR;365;SO365;;;N;;N;Y;Y;;;TO;;OTB, SSC;128.33;10.00;Wood;;1971-01-01;4G1;1971-01-01;;2000-01-11
IRL000I10817;;IRL;;;7.50;0.00;0.00;;9.89;0.00;MIDNIGHT SUN;208;C208;Cork;;Y;EI6006;N;N;N;;;MO;;LHP, FPO;46.00;0.00;Fiber/Plastic;;1978-07-28;MFL;1978-01-01;;
IRL000I10818;;IRL;;;3.74;0.00;0.00;;8.96;0.00;MILLBROOK;583;SO583;;;N;;N;N;N;;;MO;;GND, NK;14.92;0.00;Wood;;1975-01-01;MFL;1975-01-01;;2005-05-27
IRL000I10819;;IRL;;;120.00;0.00;0.00;;17.96;0.00;MIRACULOUS;603;D603;;;Y;EI4906;Y;Y;Y;;;TO;;OTM, NK;309.00;15.00;Wood;;1978-01-01;MFL;1977-01-01;;2006-07-18
IRL000I10820;;IRL;;;7.95;7.13;0.00;;11.16;0.00;MIRIAM ANNE;101;WT101;;;N;;N;N;N;;;MO;;FPO, NK;44.02;0.00;Wood;;1974-01-01;4G1;1974-01-01;;1998-03-18
IRL000I10821;;IRL;;;6.54;0.00;0.00;;9.27;0.00;MIRROR OF JUSTICE;777;SO777;Sligo;;Y;EI5835;N;N;N;;;MO;;DRB, GNS, OTM, LHP;53.72;0.00;Wood;;1984-06-01;MFL;1984-01-01;;2021-10-20
IRL000I10822;;IRL;;;52.00;0.00;0.00;;17.14;0.00;MISIS;591;D591;;;N;;Y;Y;Y;;;TO;;OTM, FPO;210.00;0.00;Wood;;1989-03-01;MFL;1967-01-01;;2005-08-12
IRL000I10823;;IRL;;;1.52;1.71;0.00;;6.19;0.00;MISS CLAIRE;203;G203;United Kingdom;;N;;N;N;N;;;MO;;DRB, NK;12.68;0.00;Wood;;1985-01-01;4G1;1985-01-01;;2000-02-21
IRL000I10824;;IRL;;;80.07;67.86;0.00;;22.86;0.00;MOIRA HERO;667;SO667;;;N;;N;Y;Y;;;TO;;OTB, NK;134.30;7.00;Wood;;1977-06-26;4G1;1945-01-01;;1990-12-12
IRL000I10825;;IRL;;;12.85;0.00;0.00;;12.18;0.00;MOLLY BAWN;131;G131;Galway;;Y;EI2564;Y;Y;N;;;MO;;GND, NK;89.53;0.00;Wood;;1981-01-01;MFL;1981-01-01;;2019-12-02
IRL000I10826;;IRL;;;21.66;22.59;0.00;;13.72;0.00;MONA LISA;403;SO403;;;N;;N;Y;N;;;TO;;OTB, NK;82.07;0.00;Wood;;1972-01-01;4G1;1972-01-01;;1996-12-20
IRL000I10827;;IRL;;;3.40;3.92;0.00;;8.53;0.00;MONEYGOLD;313;SO313;;;N;;N;N;N;;;WO;;FPO;11.19;0.00;Wood;;1971-01-01;4G1;1970-01-01;;2001-06-18
IRL000I10828;;IRL;;;211.00;220.37;0.00;;34.75;0.00;SKELLIG DAWN;115;D115;;;Y;EI2212;N;Y;Y;;;TO;;OTB, NK;671.49;0.00;Metal;;1981-05-07;4G1;1967-01-01;;2002-12-04
IRL000I10829;;IRL;;;1.70;0.00;0.00;;6.40;0.00;MOON DANCER;264;C264;Cork;;N;;N;N;N;;;GO;;GND, FPO;4.48;0.00;Wood;;1983-07-01;MFL;1983-01-01;;
IRL000I10830;;IRL;;;54.38;42.18;0.00;;18.18;0.00;MOON WIND;778;SO778;;;N;;N;Y;Y;;;MO;;PS, NK;186.53;0.00;Wood;;1985-05-02;4G1;1955-01-01;;1995-10-09
IRL000I10831;;IRL;;;8.18;7.64;0.00;;9.85;0.00;MOONLIGHTER;48;C48;;;N;;N;N;N;;;TO;;FPO;59.69;0.00;Wood;;1961-09-13;4G1;1961-01-01;;1999-06-25
IRL000I10832;;IRL;;;3.16;0.00;0.00;;8.23;0.00;MOONRAKER;158;G158;United Kingdom;;N;;N;N;N;;;GO;;GND, NK;16.41;0.00;Wood;;1970-12-31;MFL;1970-01-01;;2005-03-18
IRL000I10833;;IRL;;;37.71;32.55;0.00;;15.70;0.00;MORAY LASS;816;SO816;;;N;;N;Y;Y;;;GO;;OTB, NK;113.41;0.00;Wood;;1986-01-01;4G1;1952-01-01;;1993-11-10
IRL000I10834;;IRL;;;70.00;0.00;0.00;;21.26;0.00;MORGENSONNE;259;D259;;;Y;EI2203;Y;Y;Y;;;MO;;OTM, DRB;373.00;49.00;Metal;;1982-01-03;MFL;1961-01-01;2010-01-19;
IRL000I10835;;IRL;;;9.08;8.65;0.00;;11.03;0.00;MORNING DEW;442;SO442;;;N;;N;N;N;;;MO;;FPO, NK;33.20;0.00;Wood;;1972-12-31;4G1;1972-01-01;;1993-11-10
IRL000I10836;;IRL;;;4.16;4.30;0.00;;7.32;0.00;MORNING LARK;798;SO798;;;N;;N;N;N;;;WO;;FPO, NK;14.92;0.00;Wood;;1986-01-01;4G1;1984-01-01;;1994-09-08
IRL000I10837;;IRL;;;1.12;0.00;0.00;;5.85;0.00;MORNING STAR;459;SO459;Sligo;;Y;EI8122;N;N;N;;;WO;;FPO, LHP, GNS;5.60;0.00;Fiber/Plastic;;1973-01-01;MFL;1971-01-01;;2022-05-12
IRL000I10838;;IRL;;;42.99;37.45;0.00;;16.18;0.00;MORNING STAR;28;D28;;;N;;N;Y;Y;;;TO;;OTB, NK;111.91;0.00;Wood;;1964-01-01;4G1;1964-01-01;;1996-07-17
IRL000I10839;;IRL;;;2.86;2.96;0.00;;7.56;0.00;MORNING STAR II;60;W60;;;N;;N;N;N;;;FX;;FPO, NK;14.92;0.00;Wood;;1975-10-16;4G1;1968-01-01;2002-12-03;
IRL000I10840;;IRL;;;90.00;0.00;0.00;;19.81;0.00;MOTHERS WISH;154;D154;;;Y;EI5052;Y;Y;Y;;;TO;;PS, OTM;309.63;9.00;Wood;;1969-01-01;MFL;1969-01-01;2008-09-25;
IRL000I10841;;IRL;;;64.90;53.28;0.00;;17.98;0.00;MOUEZ AR MOR;61;C61;;;N;;N;Y;Y;;;TO;;OTB, SSC;320.82;0.00;Wood;;1985-11-01;4G1;1968-01-01;;1999-09-21
IRL000I10842;;IRL;;;8.11;9.42;0.00;;9.97;0.00;MOURNE;9;DK9;;;N;;N;N;N;;;MO;;DRB, NK;89.00;0.00;Wood;;1985-05-20;4GZ;1949-01-01;;2000-03-20
IRL000I10843;;IRL;;;0.67;0.00;0.00;;4.88;0.00;MOYA;265;D265;;;N;;N;N;N;;;GO;;GND, NK;4.48;0.00;Wood;;1988-01-29;MFL;1988-01-01;;2017-02-06
IRL000I10844;;IRL;;;68.63;58.50;0.00;;20.12;0.00;MOYNESS;86;W86;;;Y;EIOI;N;Y;Y;;;TO;;OTB, SSC;171.60;0.00;Wood;;1976-06-30;4G1;1956-01-01;;1998-12-16
IRL000I10845;;IRL;;;43.85;0.00;0.00;;14.83;0.00;MOYUNA;757;SO757;;;N;;N;Y;N;;;FX;;PS, NK;179.06;0.00;Wood;;1984-08-08;MFL;1973-01-01;;2004-02-05
IRL000I10846;;IRL;;;7.23;9.90;0.00;;9.81;0.00;MUIR ARA;169;D169;;;N;;N;N;N;;;MO;;FPO;80.57;0.00;Wood;;1966-01-01;4G1;1966-01-01;;1999-05-18
IRL000I10847;;IRL;;;5.65;0.00;0.00;;10.32;0.00;MUIR LAIGHIN;775;G775;Galway;;Y;EIFL4;N;N;N;;;MO;;FPO, GND;24.91;0.00;Wood;;1969-09-22;MFL;1969-01-01;;
IRL000I10848;;IRL;;;5.53;0.00;0.00;;8.18;0.00;MUIRE NA MARA;37;S37;;;Y;E14207;N;N;N;;;MO;;DRB, GND;27.98;6.00;Wood;;1989-06-30;MFL;1979-01-01;;2012-05-02
IRL000I10849;;IRL;;;7.42;7.50;0.00;;10.18;0.00;MUIRE NA NAOMH;346;SO346;;;N;;N;N;N;;;MO;;FPO;32.83;0.00;Wood;;1971-06-01;4G1;1971-01-01;;1999-01-25
IRL000I10850;;IRL;;;6.61;8.21;0.00;;10.91;0.00;MUIRE NA NAINGEAL;229;SO229;;;N;;N;N;N;;;FX;;FPO;46.26;0.00;Wood;;1969-06-01;4G1;1969-01-01;;1999-12-16
IRL000I10851;;IRL;;;4.09;0.00;0.00;;8.53;0.00;MUIRE NA NGEAL;705;SO705;;;N;;N;N;N;;;GO;;GND, FPO;11.19;0.00;Wood;;1979-01-01;MFL;1962-01-01;;2013-04-08
IRL000I10852;;IRL;;;6.24;7.39;0.00;;10.52;0.00;MUIRE NA NGRAS;202;SO202;;;N;;N;N;N;;;WO;;FPO, NK;30.59;0.00;Wood;;1968-01-01;4G1;1968-01-01;;1994-09-19
IRL000I10853;;IRL;;;116.03;88.47;0.00;;22.25;0.00;MULROY BAY 2;600;SO600;;;N;;N;Y;Y;;;TO;;OTB, SSC;414.83;0.00;Wood;;1976-01-01;4G1;1976-01-01;;2000-12-20
IRL000I10854;;IRL;;;3.93;4.23;0.00;;7.92;0.00;MUR-CU;212;C212;;;N;;N;N;N;;;MO;;FPO, GTR;14.92;0.00;Wood;;1978-09-19;4G1;1978-01-01;;2000-02-21
IRL000I10855;;IRL;;;461.00;0.00;0.00;;40.75;0.00;MURIEL GRACE;92;D92;;;Y;EI2441;Y;Y;Y;;;TO;;TBB, NK;1492.20;526.00;Metal;;1987-02-26;MFL;1973-01-01;2003-05-13;
IRL000I10856;;IRL;;;1.59;1.93;0.00;;6.98;0.00;MURLA STAR;755;SO755;;;N;;N;N;N;;;FX;;FPO, NK;11.19;0.00;Wood;;1985-03-06;4G1;1982-01-01;;1997-12-04
IRL000I10857;;IRL;;;6.95;8.00;0.00;;9.45;0.00;MURLOCK;91;G91;United Kingdom;;N;;N;N;N;;;MO;;DRB, NK;53.72;0.00;Wood;;1970-01-01;4G1;1970-01-01;;1996-12-19
IRL000I10858;;IRL;;;2.23;0.00;0.00;;7.16;0.00;MWEELOON;175;T175;Finland;;N;;N;N;N;;;WO;;GND, FPO;11.19;0.00;Wood;;1971-01-01;MFL;1971-01-01;;2013-07-04
IRL000I10859;;IRL;;;48.12;0.00;0.00;;18.59;0.00;MYSTIC GLOW;327;D327;;;N;;N;Y;Y;;;TO;;OTB, NK;113.41;0.00;Wood;;1976-01-09;MFL;1945-01-01;;2003-02-01
IRL000I10861;;IRL;;;26.91;26.05;0.00;;14.45;0.00;NAMOH SIOBHAIN;22;D22;;;N;;N;Y;N;;;TO;;OTB, NK;70.88;0.00;Wood;;1959-01-01;4G1;1958-01-01;;1994-02-28
IRL000I10862;;IRL;;;3.83;4.00;0.00;;8.23;0.00;NANA MAI;200;G200;United Kingdom;;N;;N;N;N;;;MO;;FPO;23.88;0.00;Wood;;1961-01-01;4G1;1961-01-01;;2001-12-12
IRL000I10863;;IRL;;;0.97;0.00;0.00;;5.33;0.00;NANCY;244;D244;Dublin;;N;;N;N;N;;;WO;;FPO, NK;11.19;0.00;Wood;;1956-07-13;MFL;1955-01-01;;
IRL000I10864;;IRL;;;3.01;0.00;0.00;;8.53;0.00;NANETTE O;654;D654;;;N;;N;N;N;;;MO;;OTM, DRB;24.62;0.00;Metal;;1984-08-10;MFL;1984-01-01;;2014-05-01
IRL000I10865;;IRL;;;5.13;0.00;0.00;;10.52;0.00;NAOM ANNA;177;D177;;;N;;N;N;N;;;FX;;FPO, DRB;26.86;0.00;Wood;;1957-12-31;MFL;1957-01-01;;2005-06-01
IRL000I10866;;IRL;;;12.30;13.40;0.00;;11.13;0.00;NAOM CAIT;401;D401;;;Y;EI2153;N;N;N;;;MO;;FPO;89.53;0.00;Wood;;1949-02-22;4G1;1949-01-01;;1999-05-06
IRL000I10867;;IRL;;;5.54;0.00;0.00;;9.60;0.00;NAOM CAITRIONA;159;SO159;;;N;;N;N;N;;;MO;;GND, FPO;33.57;0.00;Wood;;1961-01-01;MFL;1937-01-01;;2006-11-14
IRL000I10868;;IRL;;;6.10;7.39;0.00;;9.51;0.00;NAOM CONALL;183;WD183;;;N;;N;N;N;;;MO;;FPO;17.91;0.00;Wood;;1936-01-01;4G1;1932-01-01;;1999-05-18
IRL000I10869;;IRL;;;3.99;3.95;0.00;;8.53;0.00;NAOM CRONE;322;SO322;;;N;;N;N;N;;;MO;;FPO, NK;22.38;0.00;Wood;;1971-01-01;4G1;1971-01-01;;1999-05-27
IRL000I10870;;IRL;;;14.64;13.05;0.00;;11.67;0.00;NAOM DIARMUID;167;D167;;;N;;N;N;N;;;MO;;FPO, NK;70.88;0.00;Wood;;1940-12-12;4G1;1940-01-01;;1992-09-30
IRL000I10871;;IRL;;;26.87;26.31;0.00;;15.24;0.00;NAOM FIONNAN;99;D99;;;N;;N;Y;Y;;;TO;;OTB, NK;63.42;0.00;Wood;;1950-01-01;4G1;1950-01-01;;1996-10-11
IRL000I10872;;IRL;;;5.25;0.00;0.00;;9.05;0.00;NAOM MAIRE;41;G41;United Kingdom;;N;;N;N;N;;;MO;;DRB, NK;17.91;0.00;Wood;;1967-01-01;MFL;1967-01-01;;2013-03-13
IRL000I10873;;IRL;;;6.96;0.00;0.00;;9.42;0.00;NAOM MARTAN;66;G66;United Kingdom;;Y;EI8937;N;N;N;;;MO;;DRB, GND;53.72;0.00;Wood;;1969-01-01;MFL;1969-01-01;;2008-01-08
IRL000I10874;;IRL;;;6.05;6.95;0.00;;9.37;0.00;NAOM MAUR;386;D386;;;N;;N;N;N;;;TO;;FPO, NK;14.92;0.00;Wood;;1943-01-01;4G1;1943-01-01;;1998-09-09
IRL000I10875;;IRL;;;9.13;10.17;0.00;;10.00;0.00;NAOM MOIBHI;151;D151;;;N;;N;N;N;;;MO;;FPO, NK;31.34;0.00;Wood;;1960-01-14;4G1;1932-01-01;;1997-12-16
IRL000I10876;;IRL;;;5.09;5.15;0.00;;7.65;0.00;NAOMH BERNADETTE;263;T263;Finland;;Y;0;N;N;N;;;WO;;FPO, NK;16.41;0.00;Wood;;1977-05-24;4GZ;1977-01-01;1996-07-10;
IRL000I10877;;IRL;;;3.21;5.69;0.00;;8.47;0.00;NAOMH BHERONICA;79;W79;;;N;;N;N;N;;;NO;;FPO, NK;22.38;0.00;Wood;;1927-01-01;4G1;1927-01-01;;2000-06-22
IRL000I10878;;IRL;;;41.76;37.47;0.00;;16.76;0.00;NAOMH BRANDAIN;79;D79;;;Y;EI2791;N;Y;Y;;;GO;;OTB, NK;85.06;0.00;Wood;;1960-01-01;4G1;1959-01-01;;1996-07-23
IRL000I10879;;IRL;;;4.20;0.00;0.00;;10.97;0.00;NAOMH BRID;5;SO5;;;Y;EI3231;N;N;N;;;WO;;FPO, GNS;25.37;0.00;Wood;;1964-01-01;MFL;1964-01-01;;2006-10-11
IRL000I10880;;IRL;;;9.52;9.63;0.00;;10.06;0.00;NAOMH BRIGHID;165;D165;;;N;;N;N;N;;;MO;;FPO, NK;37.30;0.00;Wood;;1932-01-01;4G1;1932-01-01;;1990-11-28
IRL000I10881;;IRL;;;2.60;0.00;0.00;;6.77;0.00;NAOMH BRIOCAN;159;G159;United Kingdom;;Y;EIET8;N;N;N;;;WO;;DRB, FPO;10.07;0.00;Wood;;1976-08-31;MFL;1976-01-01;;2017-08-31
IRL000I10882;;IRL;;;25.00;0.00;0.00;;14.99;0.00;NAOMH CAILEAN;80;D80;Dublin;;Y;EIFQ9;Y;Y;N;;;TO;;OTM, FPO, GND;70.88;0.00;Wood;;1959-01-01;MFL;1959-01-01;;
IRL000I10883;;IRL;;;8.68;11.47;0.00;;9.30;0.00;NAOM CAILIN;166;G166;United Kingdom;;N;;N;N;N;;;MO;;DRB, NK;33.20;0.00;Wood;;1977-01-01;4G1;1977-01-01;;1997-08-26
IRL000I10884;;IRL;;;3.97;4.82;0.00;;8.53;0.00;NAOMH CAINEC;37;W37;;;N;;N;N;N;;;WO;;DRB, NK;14.92;0.00;Wood;;1970-06-16;4GZ;1970-01-01;;2000-08-10
IRL000I10885;;IRL;;;1.70;2.50;0.00;;6.40;0.00;NAOMH CAITLIN;39;T39;Finland;;N;;N;N;N;;;WO;;DRB, NK;7.46;0.00;Wood;;1987-06-01;4GZ;1987-01-01;;2000-08-08
IRL000I10886;;IRL;;;6.71;7.85;0.00;;10.36;0.00;NAOMH CAPRIT;102;SO102;;;N;;N;N;N;;;MO;;FPO, NK;108.18;0.00;Wood;;1966-04-01;4G1;1966-01-01;;1993-11-10
IRL000I10887;;IRL;;;6.70;7.70;0.00;;9.14;0.00;NAOMH COLMAIN;80;G80;United Kingdom;;N;;N;N;N;;;MO;;FPO, NK;53.72;0.00;Wood;;1970-01-01;4G1;1970-01-01;;2001-06-18
IRL000I10888;;IRL;;;6.41;6.72;0.00;;9.39;0.00;NAOMH COLMCILLE;62;WT62;;;N;;N;N;N;;;MO;;DRB, NK;33.01;0.00;Wood;;1969-12-31;4G1;1969-01-01;;1997-10-20
IRL000I10889;;IRL;;;8.96;0.00;0.00;;11.16;0.00;NAOMH CRONE;773;SO773;;;Y;EI2898;N;N;N;;;TO;;GND, FPO;59.69;0.00;Wood;;1985-01-01;MFL;1982-01-01;;2010-07-14
IRL000I10890;;IRL;;;34.00;0.00;0.00;;16.76;0.00;NAOMH DEARARCA;253;D253;;;Y;EI3112;Y;Y;Y;;;TO;;OTM, GND;149.22;5.00;Wood;;1956-09-26;MFL;1956-01-01;;2007-08-21
IRL000I10891;;IRL;;;27.16;26.42;0.00;;14.39;0.00;NAOMH DONNCADHA;310;D310;;;N;;N;Y;N;;;GO;;OTB, SSC;65.65;0.00;Wood;;1957-05-30;4G1;1957-01-01;;2000-06-29
IRL000I10892;;IRL;;;21.01;21.06;0.00;;13.41;0.00;NAOMH EAMONN;166;D166;;;N;;N;Y;N;;;TO;;OTB, NK;82.07;0.00;Wood;;1941-01-01;4G1;1940-01-01;;1992-09-30
IRL000I10893;;IRL;;;4.08;0.00;0.00;;8.23;0.00;NAOMH EOGHAN;302;SO302;;;N;;N;N;N;;;MO;;FPO, NK;37.30;0.00;Wood;;1939-01-01;4G1;1939-01-01;;1997-08-27
IRL000I10894;;IRL;;;4.45;4.20;0.00;;8.53;0.00;NAOMH EOIN;19;SO19;;;N;;N;N;N;;;WO;;FPO, NK;11.19;0.00;Wood;;1964-01-01;4G1;1964-01-01;;1993-07-12
IRL000I10895;;IRL;;;4.68;10.62;0.00;;10.36;0.00;NAOMH GALLIGAN;291;SO291;;;N;;N;N;N;;;MO;;FPO, NK;70.88;0.00;Wood;;1970-06-27;4G1;1970-01-01;;1995-03-03
IRL000I10896;;IRL;;;2.32;3.80;0.00;;8.02;0.00;NAOMH GOBNAIT;87;T87;Finland;;N;;N;N;N;;;MO;;DRB, NK;9.70;0.00;Wood;;1970-01-01;4G1;1970-01-01;;1998-05-27
IRL000I10897;;IRL;;;28.02;0.00;0.00;;14.63;0.00;NAOMH IUD;317;D317;;;N;;N;Y;N;;;TO;;OTM, FPO;65.56;0.00;Wood;;1957-07-19;MFL;1957-01-01;;2005-07-11
IRL000I10898;;IRL;;;4.93;0.00;0.00;;8.53;0.00;NAOMH MACDARA;153;G153;United Kingdom;;N;;N;N;N;;;FX;;DRB, NK;29.84;54.00;Wood;;1976-01-01;MFL;1976-01-01;;2004-08-24
IRL000I10899;;IRL;;;4.50;0.00;0.00;;9.11;0.00;NAOMH MHUIRE;3;WD3;;;N;;N;N;N;;;WO;;GND, FPO;22.38;0.00;Wood;;1990-07-01;MFL;1972-01-01;;2006-06-01
IRL000I10900;;IRL;;;73.00;0.00;0.00;;19.81;0.00;NAOMH OILIBHEAR;268;D268;;;Y;EI2810;Y;Y;Y;;;TO;;OTM, GNS;325.00;0.00;Wood;;1976-01-01;MFL;1975-01-01;2009-02-10;
IRL000I10901;;IRL;;;4.41;0.00;0.00;;8.26;0.00;NAOMH PADRAIG;160;G160;United Kingdom;;N;;N;N;N;;;MO;;FPO, GND;29.84;0.00;Wood;;1977-01-01;MFL;1977-01-01;;2012-12-20
IRL000I10902;;IRL;;;6.12;6.23;0.00;;9.39;0.00;NAOMH POL;34;D34;;;N;;N;N;N;;;WO;;FPO, NK;24.62;0.00;Wood;;1930-02-01;4G1;1929-01-01;;1997-12-09
IRL000I10903;;IRL;;;2.54;2.68;0.00;;7.16;0.00;NAOMH SEOSAMH;71;G71;United Kingdom;;N;;N;N;N;;;MO;;DRB, NK;10.07;0.00;Wood;;1969-01-01;4G1;1969-01-01;;1998-04-04
IRL000I10904;;IRL;;;56.06;51.17;0.00;;18.44;0.00;NARINIA;525;D525;;;N;;N;Y;Y;;;TO;;OTB, NK;113.41;0.00;Wood;;1971-01-01;4G1;1952-01-01;;1993-11-09
IRL000I10905;;IRL;;;22.22;30.14;0.00;;16.49;0.00;NARU;105;WD105;;;N;;N;Y;Y;;;MO;;OTB, NK;223.83;8.00;Metal;;1984-03-01;4G1;1954-01-01;;1995-10-09
IRL000I10906;;IRL;;;8.92;8.87;0.00;;11.13;0.00;NEILY PHIL;654;SO654;;;N;;N;N;N;;;MO;;FPO, NK;46.26;0.00;Wood;;1976-01-01;4G1;1976-01-01;;1996-12-20
IRL000I10907;;IRL;;;51.86;46.59;0.00;;16.89;0.00;NEIZ BIHEN;107;WD107;;;N;;N;Y;Y;;;TO;;PS, NK;272.33;0.00;Wood;;1985-05-01;4G1;1964-01-01;;1998-07-08
IRL000I10908;;IRL;;;419.00;0.00;0.00;;36.60;0.00;NEPTUNE;715;SO715;Sligo;;N;;N;Y;Y;;;TO;;OTM, PTM;960.00;155.00;Metal;;1980-01-01;4G2;1980-01-01;;
IRL000I10909;;IRL;;;201.00;0.00;0.00;;34.00;0.00;NEWGRANGE;489;D489;;;Y;EI6185;Y;Y;Y;;;TO;;GNC, OTM;925.16;75.00;Metal;;1987-09-23;MFL;1973-01-01;;2006-01-31
IRL000I10910;;IRL;;;8.52;8.34;0.00;;10.82;0.00;NIAMH OG;368;SO368;;;N;;N;N;N;;;MO;;FPO, NK;33.01;0.00;Wood;;1971-05-01;4G1;1971-01-01;;1994-09-28
IRL000I10911;;IRL;;;3.89;0.00;0.00;;8.72;0.00;NICOLA;24;W24;;;N;;N;N;N;;;NO;;LNB, NK;14.55;0.00;Wood;;1970-05-01;MFL;1969-01-01;;2007-08-07
IRL000I10912;;IRL;;;100.00;0.00;0.00;;20.06;0.00;NICOLA SHARON;56;WD56;;;Y;EI5009;Y;Y;Y;;;TO;;OTM, FPO;279.79;15.00;Wood;;1975-04-30;MFL;1975-01-01;2006-06-30;
IRL000I10913;;IRL;;;2.59;0.00;0.00;;6.58;0.00;NIGHT PROWLER;239;C239;Cork;;Y;EIAN7;N;N;N;;;MO;;GNS, FPO, LHP;14.92;0.00;Fiber/Plastic;;1983-08-19;MFL;1980-01-01;;
IRL000I10914;;IRL;;;6.80;0.00;0.00;;8.47;0.00;NOIRIN FAOIDE;266;C266;Cork;;Y;EI7461;N;N;N;;;MO;;DRB, FPO;29.10;0.00;Wood;;1983-02-14;MFL;1983-01-01;;
IRL000I10915;;IRL;;;5.31;0.00;0.00;;9.30;0.00;NORA FRANCIS;220;C220;;;N;;N;N;N;;;MO;;OTM, FPO;32.98;0.00;Wood;;1979-01-01;MFL;1978-01-01;;2014-10-20
IRL000I10916;;IRL;;;13.51;0.00;0.00;;11.31;0.00;NOREEN BAWN;105;WT105;;;N;;N;N;N;;;WO;;FPO, GND;44.02;0.00;Wood;;1977-01-01;MFL;1974-01-01;;2006-05-22
IRL000I10917;;IRL;;;21.45;20.19;0.00;;12.41;0.00;NOREEN JULIE;249;C249;;;N;;N;Y;N;;;TO;;OTB, NK;109.68;0.00;Wood;;1980-01-01;4G1;1979-01-01;;1999-05-06
IRL000I10918;;IRL;;;2.37;3.95;0.00;;8.32;0.00;NORTH BAY;130;S130;;;N;;N;N;N;;;WO;;FPO, NK;14.18;0.00;Wood;;1970-01-01;4G1;1970-01-01;;1998-03-09
IRL000I10919;;IRL;;;7.96;7.89;0.00;;11.05;0.00;NORTH STAR;620;SO620;;;N;;N;N;N;;;WO;;FPO, NK;29.84;0.00;Wood;;1976-01-01;4G1;1976-01-01;;1992-07-24
IRL000I10920;;IRL;;;3.39;0.00;0.00;;8.38;0.00;NORTH STAR;822;SO822;Sligo;;Y;EI2264;N;N;N;;;MO;;FPO, GNS;14.92;0.00;Wood;;1979-05-01;MFL;1978-01-01;;2022-02-17
IRL000I10921;;IRL;;;12.51;12.71;0.00;;10.79;0.00;NORTHERN RANGER;45;WT45;;;N;;N;N;N;;;TO;;FPO, NK;94.75;0.00;Wood;;1954-01-01;4G1;1954-01-01;;1996-10-11
IRL000I10922;;IRL;;;66.53;48.76;0.00;;18.50;0.00;NOTRE DAME DE LORETTE;20;D20;;;N;;N;Y;Y;;;TO;;OTB, NK;320.82;0.00;Wood;;1986-01-01;4G1;1968-01-01;;2000-02-10
IRL000I10923;;IRL;;;58.00;0.00;0.00;;17.43;0.00;NOZ DEI;159;W159;;;N;;Y;Y;Y;;;TO;;OTM, FPO;171.00;0.00;Wood;;1986-07-11;MFL;1966-01-01;;2005-09-01
IRL000I10924;;IRL;;;80.00;0.00;0.00;;17.00;0.00;OCEAN BREEZE;96;D96;Dublin;;Y;EIAS4;Y;Y;Y;8577205;;TO;;GND, NK;224.00;0.00;Wood;;1981-05-03;MFL;1981-01-01;;
IRL000I10925;;IRL;;;64.43;59.10;0.00;;20.31;0.00;OCEAN GAIN II;208;G208;United Kingdom;;N;;N;Y;Y;;;MO;;OTB, NK;309.63;19.00;Wood;;1986-11-01;4G1;1946-01-01;;1999-05-06
IRL000I10926;;IRL;;;117.00;0.00;0.00;;21.03;0.00;OCEAN HARVESTER;162;D162;;;Y;EI3167;Y;Y;Y;;;TO;;OTM, NK;298.44;0.00;Metal;;1971-01-01;MFL;1971-01-01;2008-09-26;
IRL000I10927;;IRL;;;81.26;91.67;0.00;;19.48;0.00;OCEAN HARVESTER M.I.;162;D162;;;N;;N;Y;Y;;;MO;;OTB, NK;89.53;0.00;Wood;;1990-10-01;4G1;1971-01-01;;1990-10-26
IRL000I10928;;IRL;;;11.43;13.33;0.00;;11.57;0.00;OCEAN MIST;107;G107;United Kingdom;;N;;N;N;N;;;MO;;FPO, NK;73.12;0.00;Wood;;1972-06-01;4G1;1972-01-01;;1997-09-01
IRL000I10929;;IRL;;;2.78;0.00;0.00;;8.32;0.00;OCEAN QUEEN;11;T11;Finland;;N;;N;N;N;;;MO;;DRB, NK;19.40;0.00;Wood;;1972-01-01;MFL;1972-01-01;;2004-09-01
IRL000I10930;;IRL;;;5.75;7.42;0.00;;10.06;0.00;OCEAN QUEEN;150;SO150;;;N;;N;N;N;;;MO;;FPO, NK;26.86;0.00;Wood;;1968-01-01;4G1;1968-01-01;;1995-11-16
IRL000I10931;;IRL;;;71.56;71.14;0.00;;21.03;0.00;OCEAN SEARCHER;145;W145;;;Y;EITY;N;Y;Y;;;TO;;OTB, NK;171.60;0.00;Wood;;1980-01-01;4G1;1945-01-01;;1996-05-10
IRL000I10932;;IRL;;;50.30;44.03;0.00;;19.51;0.00;OCEAN SKIP;360;D360;;;N;;N;Y;Y;;;TO;;OTB, NK;111.91;0.00;Wood;;1976-02-04;4G1;1946-01-01;;1995-08-08
IRL000I10933;;IRL;;;5.02;5.01;0.00;;8.11;0.00;OCEAN SPRAY;11;S11;;;N;;N;N;N;;;MO;;DRB, NK;26.85;0.00;Wood;;1988-06-03;4G1;1984-01-01;;2000-09-26
IRL000I10934;;IRL;;;9.83;0.00;0.00;;10.67;0.00;OCEAN STAR;106;C106;;;N;;N;N;N;;;MO;;DRB, NK;53.72;0.00;Wood;;1974-01-01;MFL;1974-01-01;;2003-01-28
IRL000I10935;;IRL;;;32.02;32.04;0.00;;16.12;0.00;OCEAN STARLIGHT;706;SO706;;;N;;N;Y;Y;;;MO;;OTB, NK;82.07;4.00;Wood;;1979-01-01;4G1;1946-01-01;;1994-02-07
IRL000I10936;;IRL;;;8.15;0.00;0.00;;9.42;0.00;OCEAN WANDERER;196;C196;Cork;;Y;EI2109;N;N;N;;;MO;;DRB, GNS;56.70;0.00;Wood;;1978-06-01;MFL;1978-01-01;;2018-08-29
IRL000I10937;;IRL;;;8.31;0.00;0.00;;10.97;0.00;OCEAN WAVE;142;G142;Galway;;Y;EI8902;N;N;N;;;MO;;GND, OTM, GNS, OTB, FPO;89.53;0.00;Wood;;1982-05-01;MFL;1981-01-01;;2020-04-06
IRL000I10938;;IRL;;;4.09;0.00;0.00;;7.68;0.00;OCEANEERING;119A;T119A;Tralee;;Y;EIBQ5;N;N;N;;;DO;;DRB, NK;27.61;0.00;Wood;;1980-01-01;AQU;1980-01-01;;
IRL000I10939;;IRL;;;320.39;0.00;0.00;;41.14;0.00;OGANO;779;SO779;;;N;;N;Y;Y;;;TO;;OTB, NK;670.00;448.00;Metal;;1984-08-01;4G1;1959-01-01;;1995-01-06
IRL000I10940;;IRL;;;45.00;0.00;0.00;;17.68;0.00;OILEAN GLAS;328;SO328;;;Y;EI6066;Y;Y;Y;;;TO;;GND, NK;240.40;0.00;Wood;;1971-01-01;MFL;1971-01-01;;2005-11-24
IRL000I10941;;IRL;;;341.00;0.00;0.00;;33.80;0.00;ORLOIN;591;SO591;Sligo;;Y;EIVY;Y;Y;Y;;;TO;;OTM, NK;634.18;260.00;Metal;;1976-07-12;MFL;1976-01-01;;
IRL000I10942;;IRL;;;2.38;2.90;0.00;;7.56;0.00;OLINDA III;65;W65;;;N;;N;N;N;;;MO;;FPO, NK;16.79;0.00;Wood;;1946-01-01;4G1;1931-01-01;;1997-12-15
IRL000I10943;;IRL;;;74.92;54.05;0.00;;22.25;0.00;OLIVE LEAF;850;SO850;;;N;;N;Y;Y;;;TO;;OTB, NK;171.60;10.00;Wood;;1988-09-19;4G1;1955-01-01;1996-06-04;
IRL000I10944;;IRL;;;57.08;48.52;0.00;;16.92;0.00;OPPORTUNE;115;C115;;;N;;N;Y;Y;;;TO;;OTB, NK;179.06;0.00;Wood;;1988-01-01;4G1;1968-01-01;;1997-12-04
IRL000I10945;;IRL;;;49.37;44.24;0.00;;17.19;0.00;ORCHIDEE;175;W175;;;N;;N;Y;Y;;;TO;;OTB, NK;208.91;0.00;Wood;;1989-07-06;4G1;1963-01-01;;1993-11-02
IRL000I10946;;IRL;;;51.20;48.24;0.00;;17.85;0.00;ORIEL;571;D571;;;N;;N;Y;Y;;;TO;;OTB, NK;149.22;0.00;Wood;;1975-06-16;4G1;1953-01-01;;1992-11-24
IRL000I10947;;IRL;;;159.00;0.00;0.00;;23.17;0.00;ORION;643;SO643;;;Y;EI5281;Y;Y;Y;;;TO;;OTB, NK;410.36;34.00;Wood;;1977-11-01;MFL;1977-01-01;;2004-05-26
IRL000I10948;;IRL;;;2.58;2.73;0.00;;7.01;0.00;ORLA;423;D423;;;N;;N;N;N;;;MO;;FPO, NK;7.46;0.00;Wood;;1976-01-01;4G1;1976-01-01;;1995-01-30
IRL000I10949;;IRL;;;324.60;0.00;0.00;;41.80;0.00;OSAKO;70;C70;;;N;;N;Y;Y;;;TO;;OTB, NK;549.13;694.00;Metal;;1986-02-17;4G1;1958-01-01;;1996-12-11
IRL000I10950;;IRL;;;1.38;0.00;0.00;;5.94;0.00;OSPREY;539;SO539;;;N;;N;N;N;;;MO;;FPO, NK;5.97;0.00;Wood;;1974-01-01;MFL;1974-01-01;;2004-06-14
IRL000I10952;;IRL;;;46.00;0.00;0.00;;23.77;0.00;OSTREA;121;WD121;;;Y;EI5894;Y;Y;Y;;;DO;;DRB, NK;135.79;14.00;Metal;;1987-01-01;MFL;1921-01-01;;2014-10-20
IRL000I10953;;IRL;;;23.86;20.46;0.00;;12.34;0.00;OTRANTO;43;C43;;;N;;N;Y;N;;;TO;;OTB, NK;149.22;0.00;Wood;;1985-05-01;4G1;1984-01-01;;1994-02-22
IRL000I10954;;IRL;;;2.91;3.12;0.00;;6.71;0.00;OYSTER;129;G129;United Kingdom;;N;;N;N;N;;;MO;;DRB, NK;11.19;0.00;Wood;;1969-01-01;4G1;1969-01-01;;2000-01-20
IRL000I10955;;IRL;;;341.00;0.00;0.00;;32.57;0.00;LARGY;383;D383;;;Y;EIVX;Y;Y;Y;;;TO;;OTM, NK;708.79;347.00;Metal;;1977-01-01;MFL;1977-01-01;;2003-12-04
IRL000I10956;;IRL;;;7.62;8.00;0.00;;9.86;0.00;PACIFIC QUEEN;841;SO841;;;N;;N;N;N;;;GO;;FPO, NK;35.81;0.00;Wood;;1988-01-01;4G1;1988-01-01;;2001-10-30
IRL000I10957;;IRL;;;10.92;0.00;0.00;;11.98;0.00;PADRE PIO;117;G117;United Kingdom;;Y;EI2931;N;N;N;;;TO;;DRB, NK;86.00;0.00;Wood;;1973-01-01;MFL;1973-01-01;;2016-11-16
IRL000I10958;;IRL;;;3.57;4.12;0.00;;8.53;0.00;PADUA;416;SO416;;;N;;N;N;N;;;FX;;DRB, NK;11.19;0.00;Wood;;1973-01-01;4G1;1973-01-01;;1995-06-27
IRL000I10959;;IRL;;;9.81;0.00;0.00;;10.93;0.00;PAMELA ANN;103;WT103;Westport;;Y;EI3105;N;N;N;;;WO;;GND, LHP;44.02;0.00;Wood;;1973-12-31;MFL;1973-01-01;;
IRL000I10960;;IRL;;;504.00;0.00;0.00;;39.00;0.00;PARACLETE;736;SO736;;;Y;EI2587;Y;Y;Y;;;TO;;OTM, NK;917.00;298.00;Metal;;1982-01-01;MFL;1982-01-01;;2004-08-09
IRL000I10961;;IRL;;;5.00;5.91;0.00;;8.23;0.00;PARNELL;65;WD65;;;N;;N;N;N;;;NO;;FPO, NK;19.96;0.00;Wood;;1976-07-01;4G1;1976-01-01;;1999-09-15
IRL000I10962;;IRL;;;5.12;5.92;0.00;;10.97;0.00;PASSAGE WEST;252;C252;;;N;;N;N;N;;;MO;;FPO, NK;80.58;0.00;Wood;;1981-10-01;4G1;1977-01-01;;1998-08-10
IRL000I10963;;IRL;;;7.52;0.00;0.00;;10.26;0.00;PATHWAY;22;G22;United Kingdom;;N;;N;N;N;;;MO;;DRB, NK;85.80;0.00;Wood;;1979-11-15;MFL;1979-01-01;;2005-06-08
IRL000I10964;;IRL;;;68.00;0.00;0.00;;19.82;0.00;PATO'S WISH;185;T185;Finland;;Y;EI6192;Y;Y;Y;;;FX;;GND, NK;268.60;0.00;Wood;;1972-08-01;MFL;1972-01-01;2008-12-10;
IRL000I10965;;IRL;;;7.01;0.00;0.00;;9.63;0.00;PATRICIA ANNE;122;G122;Galway;;Y;EI7836;N;N;N;;;MO;;FPO, OTB, GNS, DRB, GNC, LHP;59.69;0.00;Wood;;1973-12-31;MFL;1973-01-01;;
IRL000I10966;;IRL;;;97.00;0.00;0.00;;17.07;0.00;JEDDIE;746;SO746;Sligo;;Y;EILN;Y;Y;Y;8558235;;GO;;OTB, OTM, GNS, GND, SSC;186.53;0.00;Wood;;1983-01-01;MFL;1982-01-01;2023-04-06;
IRL000I10967;;IRL;;;766.00;0.00;0.00;;51.60;0.00;AVRIL;720;SO720;;;Y;EIPT;N;Y;Y;;;TO;;OTB, NK;1566.81;448.00;Metal;;1980-11-10;4G1;1980-01-01;;1994-11-23
IRL000I10968;;IRL;;;5.74;7.46;0.00;;8.72;0.00;PAULINE ALICE;251;C251;;;N;;N;N;N;;;WO;;FPO, NK;55.96;0.00;Wood;;1981-08-12;4G1;1981-01-01;;1996-07-17
IRL000I10969;;IRL;;;2.45;0.00;0.00;;7.32;0.00;PAULINE D;42;WD42;Wexford;;N;;N;N;N;;;MO;;FPO, NK;33.57;0.00;Wood;;1973-01-01;MFL;1973-01-01;;
IRL000I10970;;IRL;;;7.19;8.60;0.00;;9.88;0.00;PEG-E-G;138;G138;United Kingdom;;N;;N;N;N;;;WO;;DRB, NK;35.81;0.00;Wood;;1969-04-01;4G1;1969-01-01;;1996-03-01
IRL000I10971;;IRL;;;46.36;47.00;0.00;;16.12;0.00;PETITE MIMI;865;SO865;;;N;;N;Y;Y;;;GO;;OTB, NK;208.91;0.00;Wood;;1989-08-01;4G1;1959-01-01;;1996-04-05
IRL000I10972;;IRL;;;30.19;0.00;0.00;;14.75;0.00;PETIT FANCH;556;D556;Dublin;;Y;EI3236;Y;Y;N;;;MO;;GNS, OTB, DRB, OTM, FPO, LLS;170.11;0.00;Wood;;1989-01-01;MFL;1957-01-01;;
IRL000I10973;;IRL;;;56.61;43.28;0.00;;18.29;0.00;PETITE SARAH;177;W177;;;N;;N;Y;Y;;;TO;;OTB, NK;268.60;0.00;Wood;;1989-08-14;4G1;1966-01-01;;1999-05-17
IRL000I10974;;IRL;;;6.27;7.98;0.00;;9.24;0.00;PINALIA;624;D624;;;N;;N;N;N;;;MO;;FPO, NK;59.69;0.00;Wood;;1980-01-01;4G1;1977-01-01;;1997-08-26
IRL000I10975;;IRL;;;3.30;0.00;0.00;;8.78;0.00;PIPERHILL;323;SO323;;;N;;N;N;N;;;FX;;FPO, NK;11.19;0.00;Wood;;1971-01-01;MFL;1970-01-01;;2004-05-26
IRL000I10977;;IRL;;;24.49;27.56;0.00;;13.72;0.00;POLARIS;152;W152;;;N;;N;Y;N;;;MO;;OTB, NK;145.49;2.00;Metal;;1982-03-01;4G1;1982-01-01;;1999-04-09
IRL000I10978;;IRL;;;1.77;7.01;0.00;;9.42;0.00;POLERONE;133;W133;;;N;;N;N;N;;;GO;;FPO, NK;41.78;0.00;Wood;;1978-01-01;4G1;1977-01-01;;1997-12-04
IRL000I10979;;IRL;;;6.20;5.90;0.00;;10.06;0.00;POPE JOHN;203;SO203;;;N;;N;N;N;;;GO;;FPO, NK;16.41;0.00;Wood;;1974-01-01;4G1;1967-01-01;;1997-08-27
IRL000I10980;;IRL;;;2.44;2.52;0.00;;7.99;0.00;PORT ARTHUR;388;SO388;;;N;;N;N;N;;;TO;;FPO, NK;11.19;0.00;Wood;;1940-01-01;4G1;1940-01-01;;1994-09-19
IRL000I10981;;IRL;;;6.60;0.00;0.00;;8.99;0.00;PORT CILL;518;SO518;Sligo;;Y;EI6522;N;N;N;;;DO;;DRB, NK;48.00;0.00;Wood;;1974-06-01;MFL;1974-01-01;;
IRL000I10982;;IRL;;;13.43;0.00;0.00;;12.19;0.00;PORTAN;113;G113;Galway;;Y;EI2697;Y;Y;N;;;MO;;PS, NK;94.75;0.00;Wood;;1972-10-01;MFL;1969-01-01;;
IRL000I10983;;IRL;;;4.85;5.20;0.00;;8.93;0.00;PORTERS GATE;62;W62;;;N;;N;N;N;;;MO;;FPO, NK;14.55;0.00;Wood;;1971-06-01;4G1;1971-01-01;;1998-03-23
IRL000I10984;;IRL;;;6.34;6.48;0.00;;10.15;0.00;PORTURLIN QUEEN;82;WT82;;;Y;EI6192;N;N;N;;;MO;;FPO, NK;32.83;0.00;Wood;;1971-12-31;4G1;1971-01-01;;1999-07-01
IRL000I10985;;IRL;;;10.44;0.00;0.00;;10.36;0.00;PORTURLIN RANGER;108;WT108;;;N;;N;N;N;;;MO;;GND, NK;89.53;0.00;Wood;;1976-05-01;MFL;1976-01-01;;2005-05-12
IRL000I10987;;IRL;;;3.92;0.00;0.00;;8.99;0.00;PRIDE OF BUNN;268;SO268;Sligo;;Y;EI5154;N;N;N;;;DO;;DRB, FPO;59.69;0.00;Wood;;1969-12-30;MFL;1969-01-01;;2024-05-20
IRL000I10988;;IRL;;;5.70;6.80;0.00;;9.78;0.00;PRIDE OF HELVICK;306;D306;;;N;;N;N;N;;;FX;;FPO, NK;14.92;0.00;Wood;;1934-02-05;4G1;1934-01-01;;1996-07-04
IRL000I10989;;IRL;;;8.80;9.96;0.00;;10.00;0.00;PRIDE OF KILMICHAEL;179;WD179;;;N;;N;N;N;;;WO;;FPO, NK;53.72;0.00;Wood;;1935-10-13;4G1;1935-01-01;;1997-08-26
IRL000I10990;;IRL;;;5.17;5.65;0.00;;9.88;0.00;PRIDE OF LACKBEG;20;SO20;;;Y;EI2746;N;N;N;;;MO;;FPO, NK;30.78;0.00;Wood;;1953-01-01;4G1;1932-01-01;;1997-12-04
IRL000I10991;;IRL;;;7.30;8.59;0.00;;10.09;0.00;PRIDE OF LEINSTER;312;D312;;;N;;N;N;N;;;WO;;FPO, NK;53.71;0.00;Wood;;1934-01-01;4G1;1934-01-01;;1999-11-16
IRL000I10992;;IRL;;;3.47;4.02;0.00;;8.90;0.00;PRIDE OF PORTALEEN;325;SO325;;;N;;N;N;N;;;LO;;DRB, NK;11.19;0.00;Wood;;1971-09-01;4G1;1970-01-01;;1997-12-15
IRL000I10993;;IRL;;;0.81;0.00;0.00;;5.64;0.00;PRIDE OF THE ISLE;445;SO445;Sligo;;Y;EI8734;N;N;N;;;MO;;GND, NK;5.97;0.00;Wood;;1976-08-13;MFL;1944-01-01;;2018-04-18
IRL000I10994;;IRL;;;10.28;0.00;0.00;;10.97;0.00;PRIDE OF THE WEST;585;SO585;;;N;;N;N;N;;;GO;;GND, NK;89.53;0.00;Wood;;1975-07-02;MFL;1975-01-01;;2004-12-23
IRL000I10995;;IRL;;;1.48;0.00;0.00;;5.49;0.00;PRINCE;806;SO806;;;Y;EI8334;N;N;N;;;FX;;GND, NK;7.39;0.00;Wood;;1983-01-01;MFL;1982-01-01;;2014-06-06
IRL000I10996;;IRL;;;10.30;10.74;0.00;;11.28;0.00;PRINCESS STEPHANIE;772;SO772;;;N;;N;N;N;;;MO;;FPO, NK;46.26;0.00;Wood;;1984-08-28;4G1;1984-01-01;;2001-06-18
IRL000I10997;;IRL;;;1.63;1.91;0.00;;7.01;0.00;PRISA;202;G202;United Kingdom;;N;;N;N;N;;;MO;;FPO, GTR;22.38;0.00;Wood;;1988-10-01;4G1;1980-01-01;;2000-05-24
IRL000I10998;;IRL;;;48.33;45.45;0.00;;18.99;0.00;PRIVET;480;D480;;;N;;N;Y;Y;;;TO;;OTB, NK;113.40;0.00;Wood;;1975-01-01;4G1;1947-01-01;;1991-04-30
IRL000I10999;;IRL;;;10.18;9.29;0.00;;9.91;0.00;PROGRESS;72;WD72;;;N;;N;N;N;;;MO;;FPO, NK;56.70;0.00;Metal;;1980-01-01;4G1;1976-01-01;;1995-01-30
IRL000I11000;;IRL;;;3.88;6.05;0.00;;8.08;0.00;PROSPECT;28;W28;;;N;;N;N;N;;;MO;;FPO, NK;14.92;0.00;Wood;;1915-01-01;4G1;1910-01-01;;1992-04-23
IRL000I11001;;IRL;;;51.87;48.71;0.00;;18.90;0.00;PROSPECTIVE;636;D636;;;N;;N;Y;Y;;;TO;;OTB, NK;113.41;0.00;Wood;;1983-02-25;4G1;1947-01-01;;1993-08-04
IRL000I11002;;IRL;;;46.94;37.49;0.00;;17.28;0.00;PTIT NICHOLAS;21;S21;;;N;;N;Y;Y;;;TO;;OTB, NK;214.13;4.00;Wood;;1988-01-01;4G1;1973-01-01;;1999-11-08
IRL000I11003;;IRL;;;11.35;0.00;0.00;;12.50;0.00;PUCAN NAIDHREACH;149;G149;Galway;;Y;EI7438;Y;Y;N;;;MO;;OTB, DRB, OTM, FPO, LHP;89.53;0.00;Wood;;1976-06-01;MFL;1976-01-01;;
IRL000I11004;;IRL;;;10.72;9.22;0.00;;11.67;0.00;PUFFIN;68;T68;Finland;;N;;N;N;N;;;MO;;DRB, NK;59.69;0.00;Wood;;1958-12-31;4G1;1958-01-01;;1992-11-06
IRL000I11006;;IRL;;;2.76;0.00;0.00;;8.02;0.00;HELEN MARY;163;C163;Cork;;Y;EI7176;N;N;N;;;MO;;OTM, FPO, OTB, LHP;30.00;0.00;Fiber/Plastic;;1977-01-01;MFL;1976-01-01;;
IRL000I11007;;IRL;;;7.83;8.49;0.00;;8.78;0.00;Q TEE;255;C255;;;Y;EI2071;N;N;N;;;MO;;FPO, NK;23.88;0.00;Wood;;1981-01-01;4G1;1981-01-01;;1996-07-03
IRL000I11008;;IRL;;;4.68;6.13;0.00;;9.14;0.00;QUAY STAR;74;W74;;;N;;N;N;N;;;FX;;FPO, NK;44.77;0.00;Wood;;1972-12-13;4G1;1972-01-01;;1997-12-04
IRL000I11009;;IRL;;;4.59;4.63;0.00;;7.92;0.00;QUEEN OF CAVE;205;G205;United Kingdom;;N;;N;N;N;;;MO;;DRB, NK;10.45;0.00;Wood;;1987-01-01;4G1;1987-01-01;;1999-01-13
IRL000I11010;;IRL;;;9.52;0.00;0.00;;11.26;0.00;QUEEN OF HEAVEN;664P;SO664P;Sligo;;Y;EIDO5;N;N;N;;;WO;;FPO, NK;100.71;0.00;Wood;;1977-01-01;MFL;1976-01-01;2022-10-11;
IRL000I11011;;IRL;;;8.45;28.50;0.00;;9.20;0.00;QUEEN OF KILLARY;540;D540;;;N;;N;N;N;;;MO;;DRB, NK;47.75;0.00;Wood;;1971-01-01;4G1;1971-01-01;;1996-12-11
IRL000I11012;;IRL;;;4.68;0.00;0.00;;9.54;0.00;QUEEN OF PEACE;831;SO831;;;N;;N;N;N;;;TO;;GND, NK;22.38;0.00;Wood;;1987-01-01;MFL;1970-01-01;;2013-04-08
IRL000I11013;;IRL;;;28.27;32.21;0.00;;15.94;0.00;RADIANCE;56;S56;;;N;;N;Y;Y;;;TO;;OTB, NK;70.88;0.00;Wood;;1936-12-31;4G1;1936-01-01;;1996-07-17
IRL000I11014;;IRL;;;2.13;3.95;0.00;;6.40;0.00;RAG OBAIR;150;C150;;;N;;N;N;N;;;WO;;DRB, NK;29.84;0.00;Wood;;1978-01-01;4GZ;1978-01-01;;1999-06-14
IRL000I11015;;IRL;;;1.21;1.38;0.00;;5.36;0.00;RAINE GIRL;821;SO821;;;N;;N;N;N;;;GO;;FPO, GTR;22.38;0.00;Wood;;1987-01-01;4G1;1980-01-01;;2001-06-29
IRL000I11016;;IRL;;;4.26;3.89;0.00;;10.82;0.00;RAMBLER;299;SO299;;;Y;EI2817;N;N;N;;;GO;;FPO, NK;59.69;0.00;Wood;;1970-12-01;4G1;1952-01-01;1999-08-04;
IRL000I11017;;IRL;;;42.93;32.16;0.00;;16.43;0.00;RANDOM HARVEST;226;SO226;;;N;;N;Y;Y;;;TO;;OTB, NK;113.41;0.00;Wood;;1969-01-01;4G1;1955-01-01;;1997-09-01
IRL000I11018;;IRL;;;3.80;0.00;0.00;;8.53;0.00;RAMONA;95;W95;;;N;;N;N;N;;;NO;;GND, NK;22.38;0.00;Wood;;1974-02-28;MFL;1973-01-01;;2006-07-25
IRL000I11019;;IRL;;;58.99;44.00;0.00;;19.81;0.00;RANGER;862;SO862;;;N;;N;Y;Y;;;TO;;OTB, NK;261.00;0.00;Wood;;1987-08-01;4G1;1957-01-01;;1996-08-19
IRL000I11020;;IRL;;;4.87;0.00;0.00;;8.96;0.00;RAPHAELLE ANN;91;WT91;;;N;;N;N;N;;;WO;;GND, NK;21.64;0.00;Wood;;1972-01-01;MFL;1972-01-01;;2013-09-05
IRL000I11021;;IRL;;;28.51;26.21;0.00;;14.75;0.00;RATH CONNLA;304;D304;;;N;;N;Y;N;;;TO;;OTB, NK;82.07;0.00;Wood;;1961-03-01;4G1;1961-01-01;;2001-06-29
IRL000I11022;;IRL;;;42.00;0.00;0.00;;14.63;0.00;RATH EILTE;236;D236;Dublin;;Y;EIAT7;Y;Y;N;;;TO;;GND, NK;70.88;0.00;Wood;;1961-03-01;MFL;1961-01-01;;
IRL000I11023;;IRL;;;27.78;0.00;0.00;;14.45;0.00;RATH FEARNAN;400;D400;;;N;;N;Y;N;;;MO;;OTB, NK;134.30;0.00;Wood;;1962-04-16;MFL;1961-01-01;;2004-08-06
IRL000I11024;;IRL;;;28.17;0.00;0.00;;14.63;0.00;RATH OSAN;208;D208;;;Y;EI7838;N;Y;N;;;TO;;GND, NK;70.88;0.00;Wood;;1960-12-31;MFL;1960-01-01;;2013-06-20
IRL000I11025;;IRL;;;10.42;0.00;0.00;;10.36;0.00;RAUGHLEY STAR;764;SO764;;;N;;N;N;N;;;GO;;GND, NK;53.72;0.00;Wood;;1988-03-01;MFL;1985-01-01;;2006-05-18
IRL000I11026;;IRL;;;1.38;1.57;0.00;;6.00;0.00;RAZOR;174;W174;;;N;;N;N;N;;;MO;;FPO, GTR;4.48;0.00;Wood;;1971-01-01;4G1;1971-01-01;1999-09-21;
IRL000I11027;;IRL;;;6.22;0.00;0.00;;10.52;0.00;REALT AN DUAIGH;95;WT95;;;Y;EI2982;N;N;N;;;MO;;DRB, NK;67.14;0.00;Wood;;1972-10-27;MFL;1972-01-01;;2017-05-11
IRL000I11028;;IRL;;;2.58;0.00;0.00;;7.25;0.00;REALT AN TINBHEAR MOR;147;D147;Dublin;;N;;N;N;N;;;MO;;GND, NK;13.43;0.00;Wood;;1989-01-01;MFL;1985-01-01;;
IRL000I11029;;IRL;;;7.46;9.45;0.00;;10.52;0.00;REALT FEASA;155;G155;United Kingdom;;N;;N;N;N;;;MO;;FPO, NK;79.09;0.00;Wood;;1976-08-19;4G1;1976-01-01;;1998-03-03
IRL000I11030;;IRL;;;6.45;0.00;0.00;;10.06;0.00;REALT FHANADA;103;D103;;;Y;EI3635;N;N;N;;;MO;;GND, FPO;34.69;0.00;Wood;;1966-07-01;MFL;1966-01-01;;2017-01-31
IRL000I11031;;IRL;;;3.00;3.67;0.00;;7.91;0.00;REALT MI BUIDE;261;SO261;;;N;;N;N;N;;;FX;;FPO, NK;8.95;0.00;Wood;;1969-12-31;4G1;1969-01-01;;1998-01-29
IRL000I11032;;IRL;;;12.54;15.38;0.00;;11.43;0.00;REALT NA MAIDNE;64;G64;United Kingdom;;N;;N;N;N;;;TO;;FPO, NK;55.96;0.00;Wood;;1970-01-01;4G1;1969-01-01;;1996-03-11
IRL000I11033;;IRL;;;6.11;6.43;0.00;;9.88;0.00;REALT NA MAOILE RUAIDHE;569;SO569;;;N;;N;N;N;;;MO;;FPO, NK;26.86;0.00;Wood;;1975-05-05;4G1;1963-01-01;;1996-07-11
IRL000I11034;;IRL;;;12.69;0.00;0.00;;11.40;0.00;REALT NA MARA;175;C175;Cork;;Y;EIFO3;N;N;N;;;MO;;GNC, OTM;94.75;0.00;Fiber/Plastic;;1981-01-01;MFL;1981-01-01;;
IRL000I11035;;IRL;;;7.47;10.97;0.00;;9.88;0.00;REALT NA MARA;54;D54;;;N;;N;N;N;;;FX;;FPO, NK;41.78;0.00;Wood;;1964-12-31;4G1;1964-01-01;;2000-01-18
IRL000I11036;;IRL;;;30.23;20.30;0.00;;15.24;0.00;REALT NA MARA;125;SO125;;;N;;N;Y;Y;;;MO;;OTB, NK;65.66;0.00;Wood;;1958-01-01;4G1;1948-01-01;;1997-11-20
IRL000I11037;;IRL;;;1.61;2.13;0.00;;6.25;0.00;REALT NA MARA;238;D238;;;N;;N;N;N;;;TO;;FPO, NK;9.33;0.00;Wood;;1941-01-01;4G1;1941-01-01;;1996-10-16
IRL000I11038;;IRL;;;5.51;5.39;0.00;;8.53;0.00;REALT NA MARA;22;WT22;;;N;;N;N;N;;;GO;;FPO, NK;14.92;0.00;Wood;;1969-08-29;4G1;1930-01-01;;1999-04-21
IRL000I11039;;IRL;;;5.31;0.00;0.00;;10.12;0.00;REALT NA NDEISE;136;W136;;;N;;N;N;N;;;GO;;GND, NK;89.53;0.00;Wood;;1977-01-01;MFL;1971-01-01;;2006-07-25
IRL000I11040;;IRL;;;6.05;7.23;0.00;;8.75;0.00;REALT NA N-AINGEAL;267;T267;Finland;;N;;N;N;N;;;WO;;FPO, NK;19.59;0.00;Wood;;1977-05-17;4G1;1977-01-01;;1998-10-05
IRL000I11041;;IRL;;;6.04;6.20;0.00;;9.91;0.00;REALT THORAI;457;SO457;;;N;;N;N;N;;;MO;;FPO, NK;44.77;0.00;Wood;;1973-04-12;4G1;1971-01-01;;1998-11-02
IRL000I11042;;IRL;;;4.54;0.00;0.00;;7.65;0.00;REALT TRATHNONA;87;G87;Galway;;Y;EI2687;N;N;N;;;WO;;DRB, NK;21.64;0.00;Wood;;1971-01-01;MFL;1971-01-01;;
IRL000I11043;;IRL;;;6.42;0.00;0.00;;10.44;0.00;REALT UAIGH;698;SO698;Sligo;;Y;EIHQ3;N;N;N;;;DO;;DRB, NK;32.83;0.00;Wood;;1981-01-01;MFL;1980-01-01;;2023-11-29
IRL000I11044;;IRL;;;10.99;0.00;0.00;;10.82;0.00;REALT NA MAIDHNE;799;SO799;;;N;;N;N;N;;;FX;;OTB, NK;26.86;0.00;Wood;;1986-01-01;MFL;1985-01-01;;2005-08-04
IRL000I11045;;IRL;;;7.27;6.69;0.00;;10.36;0.00;REAPER;220;W220;;;N;;N;N;N;;;TO;;FPO, NK;38.80;0.00;Wood;;1967-08-25;4G1;1937-01-01;;1995-09-19
IRL000I11046;;IRL;;;8.70;0.00;0.00;;11.40;0.00;REGINA ANN;269;C269;Cork;;Y;EI7386;N;N;N;;;MO;;FPO, DRB, GNS, LHP, OTB;72.37;0.00;Wood;;1983-01-01;MFL;1983-01-01;;
IRL000I11047;;IRL;;;86.82;58.12;0.00;;23.29;0.00;REGINA D;751;SO751;;;N;;N;Y;Y;;;TO;;OTB, NK;171.60;11.00;Wood;;1986-11-12;4G1;1953-01-01;;1995-09-19
IRL000I11048;;IRL;;;4.13;0.00;0.00;;8.84;0.00;REILLY'S HOPE;623P;SO623P;Sligo;;Y;EI8381;N;N;N;;;WO;;FPO, NK;53.00;0.00;Wood;;1976-05-01;MFL;1976-01-01;;2024-05-30
IRL000I11049;;IRL;;;23.39;20.71;0.00;;14.33;0.00;REINE DU CIEL;100;C100;;;N;;N;Y;N;;;MO;;OTB, NK;119.38;15.00;Wood;;1985-02-01;4G1;1957-01-01;;1992-02-25
IRL000I11050;;IRL;;;64.43;57.62;0.00;;20.73;0.00;RESOLUTION;148;D148;;;N;;N;Y;Y;;;MO;;OTB, NK;94.75;3.00;Wood;;1949-01-01;4G1;1949-01-01;;1992-01-22
IRL000I11051;;IRL;;;172.00;0.00;0.00;;20.81;0.00;RESPLENDENT;160;S160;;;Y;EIRW;Y;Y;Y;;;MO;;GND, NK;399.16;0.00;Wood;;1982-07-12;MFL;1982-01-01;2005-12-14;
IRL000I11052;;IRL;;;12.65;0.00;0.00;;10.66;0.00;RESTLESS WAVE;617;D617;Dublin;;Y;EI2726;N;N;N;;;MO;;DRB, NK;71.63;0.00;Other;;1978-03-21;MFL;1978-01-01;;
IRL000I11053;;IRL;;;9.67;0.00;0.00;;9.45;0.00;REUBEN BULMER 2;282;D282;;;N;;N;N;N;;;TO;;FPO, NK;59.69;0.00;Wood;;1975-01-01;MFL;1975-01-01;;2004-05-26
IRL000I11054;;IRL;;;9.28;0.00;0.00;;10.82;0.00;RIAN BAIN;454;SO454;;;N;;N;N;N;;;GO;;GND, NK;53.72;0.00;Wood;;1973-05-01;MFL;1973-01-01;;2005-08-03
IRL000I11055;;IRL;;;244.00;0.00;0.00;;35.92;0.00;BRIDGET CARMEL;162;WD162;;;Y;EI4916;Y;Y;Y;;;MO;;OTB, NK;1119.15;158.00;Metal;;1987-10-27;MFL;1973-01-01;;2004-06-01
IRL000I11056;;IRL;;;193.99;0.00;0.00;;34.00;0.00;RIEKELT KRAMER;477;D477;;;N;;N;Y;Y;;;MO;;OTB, NK;1119.15;107.00;Metal;;1987-11-24;4G1;1974-01-01;;1991-04-26
IRL000I11057;;IRL;;;51.82;48.88;0.00;;18.26;0.00;RIKKE PIA;780;SO780;;;Y;EI2387;N;Y;Y;;;TO;;OTB, NK;179.06;4.00;Wood;;1987-01-01;4G1;1958-01-01;;1993-12-16
IRL000I11058;;IRL;;;6.18;6.75;0.00;;9.02;0.00;RINN LIATH;116;W116;;;N;;N;N;N;;;WO;;FPO, NK;22.38;0.00;Wood;;1975-04-30;4G1;1975-01-01;;1998-04-22
IRL000I11059;;IRL;;;8.26;7.65;0.00;;10.42;0.00;RINNRUADH;98;WT98;;;N;;N;N;N;;;MO;;FPO, NK;53.72;0.00;Wood;;1973-01-01;4G1;1973-01-01;;1998-03-30
IRL000I11060;;IRL;;;4.96;5.21;0.00;;9.14;0.00;RIVERDALE;84;W84;;;N;;N;N;N;;;MO;;FPO, NK;16.41;0.00;Wood;;1973-08-01;4G1;1973-01-01;;1999-01-25
IRL000I11061;;IRL;;;7.32;0.00;0.00;;9.20;0.00;ROCK ROSE;123;C123;;;Y;EI2593;N;N;N;;;MO;;OTM, GND;59.69;0.00;Wood;;1980-10-23;MFL;1980-01-01;;2017-04-12
IRL000I11062;;IRL;;;6.49;0.00;0.00;;9.30;0.00;ROISIN ANNE;717;SO717;;;N;;N;N;N;;;FX;;FPO, NK;22.38;0.00;Wood;;1980-03-05;MFL;1980-01-01;;2005-11-25
IRL000I11063;;IRL;;;48.60;53.27;0.00;;20.73;0.00;ROLLING SEA;307;D307;;;Y;EI2553;N;Y;Y;;;MO;;OTB, NK;113.41;9.00;Wood;;1975-06-28;4G1;1972-01-01;;1991-04-26
IRL000I11064;;IRL;;;15.38;0.00;0.00;;12.19;0.00;RON CARRIG;9;S9;;;N;;N;Y;N;;;MO;;GND, NK;123.11;0.00;Metal;;1988-04-04;MFL;1988-01-01;;2007-05-23
IRL000I11065;;IRL;;;157.00;0.00;0.00;;22.55;0.00;PILGRIM LIGHT;136;WD136;;;Y;EI3965;Y;Y;Y;;;TO;;PTB, OTB;363.40;34.00;Wood;;1981-08-01;MFL;1981-01-01;2008-09-23;
IRL000I11066;;IRL;;;29.49;26.12;0.00;;14.72;0.00;ROS ALUINN;340;D340;;;N;;N;Y;N;;;MO;;OTB, NK;141.76;0.00;Wood;;1953-01-01;4G1;1953-01-01;;2000-02-02
IRL000I11067;;IRL;;;12.04;0.00;0.00;;12.19;0.00;ROS ANNE;120;G120;Galway;;Y;EIKE9;Y;Y;N;;;MO;;FPO, GNS, GND, DRB, LHP;55.00;0.00;Wood;;1973-01-01;MFL;1973-01-01;;2019-06-20
IRL000I11068;;IRL;;;27.94;0.00;0.00;;14.60;0.00;ROS AOIBHINN;429;D429;;;Y;EI6208;N;Y;N;;;TO;;DRB, NK;96.99;0.00;Wood;;1954-02-01;MFL;1953-01-01;;2015-07-15
IRL000I11069;;IRL;;;27.49;0.00;0.00;;14.48;0.00;ROS BEAG;101;D101;;;N;;N;Y;N;;;TO;;OTB, NK;82.07;0.00;Wood;;1950-11-07;MFL;1950-01-01;;2003-05-28
IRL000I11070;;IRL;;;25.83;26.04;0.00;;14.45;0.00;ROSS BEARA;784;SO784;;;N;;N;Y;N;;;TO;;OTB, NK;70.88;0.00;Wood;;1955-12-31;4G1;1955-01-01;;1995-03-02
IRL000I11071;;IRL;;;21.35;25.42;0.00;;14.87;0.00;ROS BEITHE;44;D44;;;N;;N;Y;N;;;FX;;OTB, NK;89.53;0.00;Wood;;1964-01-01;4G1;1964-01-01;;1998-10-24
IRL000I11072;;IRL;;;27.29;26.31;0.00;;15.24;0.00;ROS BREMORE;434;D434;;;N;;N;Y;Y;;;TO;;OTB, NK;70.88;0.00;Wood;;1954-12-31;4G1;1954-01-01;;1998-08-10
IRL000I11073;;IRL;;;26.53;25.86;0.00;;14.48;0.00;ROS CAIRBRE;173;W173;;;N;;N;Y;N;;;MO;;OTB, NK;82.07;0.00;Wood;;1950-01-01;4G1;1950-01-01;;1996-10-29
IRL000I11074;;IRL;;;27.10;26.70;0.00;;15.24;0.00;ROS CATHAL;125;D125;;;N;;N;Y;Y;;;TO;;OTB, NK;89.53;0.00;Wood;;1951-01-01;4G1;1951-01-01;;1997-11-11
IRL000I11075;;IRL;;;28.34;26.79;0.00;;14.69;0.00;ROS CORCAN;417;D417;;;N;;N;Y;N;;;TO;;OTB, NK;70.88;0.00;Wood;;1953-01-01;4G1;1953-01-01;;1996-07-23
IRL000I11076;;IRL;;;27.48;26.66;0.00;;14.30;0.00;ROS DUBH;179;D179;;;N;;N;Y;N;;;TO;;OTB, NK;65.66;0.00;Wood;;1951-03-18;4G1;1951-01-01;;1998-12-16
IRL000I11077;;IRL;;;27.40;27.86;0.00;;15.15;0.00;ROS EINNE;142;D142;;;N;;N;Y;Y;;;FX;;OTB, NK;70.88;0.00;Wood;;1955-09-01;4G1;1955-01-01;;2001-06-18
IRL000I11078;;IRL;;;29.98;26.28;0.00;;14.90;0.00;ROS EO;267;D267;;;N;;N;Y;N;;;TO;;OTB, NK;82.07;0.00;Wood;;1952-01-01;4G1;1952-01-01;;1997-11-11
IRL000I11079;;IRL;;;27.28;25.50;0.00;;14.58;0.00;ROS GEAL;155;D155;;;N;;N;Y;N;;;MO;;OTB, NK;70.88;0.00;Wood;;1956-01-01;4G1;1955-01-01;1996-06-17;
IRL000I11080;;IRL;;;27.69;0.00;0.00;;14.42;0.00;ROS LIATH;192;D192;;;N;;N;Y;N;;;TO;;OTM, NK;74.61;0.00;Wood;;1956-01-01;MFL;1956-01-01;;2005-03-22
IRL000I11081;;IRL;;;27.48;25.23;0.00;;14.66;0.00;ROS MAOLAN;415;D415;;;N;;N;Y;N;;;TO;;PS, NK;89.53;0.00;Wood;;1954-01-01;4G1;1953-01-01;;1999-06-21
IRL000I11082;;IRL;;;27.71;25.73;0.00;;14.63;0.00;ROS MHUIRE;51;D51;;;N;;N;Y;N;;;SO;;OTB, NK;65.65;0.00;Wood;;1954-01-01;4G1;1954-01-01;;1991-09-02
IRL000I11083;;IRL;;;27.48;26.66;0.00;;14.30;0.00;ROS MUC;131;D131;;;N;;N;Y;N;;;TO;;OTB, NK;0.00;0.00;Wood;;1951-01-01;4G1;1951-01-01;;1992-11-17
IRL000I11084;;IRL;;;10.64;0.00;0.00;;11.24;0.00;ROS NA BARTAIN;760;SO760;Sligo;;Y;EIQL2;N;N;N;;;MO;;LHP, DRB, GNS, FPO;46.26;0.00;Wood;;1983-06-01;MFL;1983-01-01;;2022-05-10
IRL000I11085;;IRL;;;29.52;25.56;0.00;;14.94;0.00;ROS NA CILLE;189;D189;;;N;;N;Y;N;;;TO;;OTB, NK;89.53;0.00;Wood;;1956-01-01;4G1;1956-01-01;;1995-10-09
IRL000I11086;;IRL;;;28.24;26.64;0.00;;14.72;0.00;ROS OIRTHIR;59;D59;;;N;;N;Y;N;;;TO;;OTB, NK;70.88;0.00;Wood;;1955-11-29;4G1;1955-01-01;;1993-11-10
IRL000I11087;;IRL;;;27.94;26.07;0.00;;14.57;0.00;ROS PADRAIG;84;D84;;;Y;EI2255;N;Y;N;;;TO;;OTB, NK;65.65;0.00;Wood;;1955-01-01;4G1;1954-01-01;;2000-03-31
IRL000I11088;;IRL;;;29.51;25.51;0.00;;15.24;0.00;ROS RONAIN;261;D261;;;N;;N;Y;Y;;;GO;;OTB, NK;93.26;0.00;Wood;;1956-08-01;4G1;1956-01-01;;1992-09-30
IRL000I11089;;IRL;;;27.87;26.09;0.00;;15.24;0.00;ROS SEAN;157;D157;;;N;;N;Y;Y;;;TO;;OTB, NK;96.99;0.00;Wood;;1955-01-01;4G1;1955-01-01;;1992-09-30
IRL000I11090;;IRL;;;27.14;23.32;0.00;;15.24;0.00;ROS SEANAN;347;D347;;;N;;N;Y;Y;;;MO;;OTB, NK;70.88;7.00;Wood;;1953-03-01;4G1;1953-01-01;;1994-09-19
IRL000I11091;;IRL;;;26.53;0.00;0.00;;14.48;0.00;ROSARD;745;SO745;Sligo;;Y;EI4580;N;Y;N;8576770;;TO;;GND, NK;89.53;0.00;Wood;;1983-01-01;MFL;1950-01-01;;
IRL000I11092;;IRL;;;4.09;3.97;0.00;;8.99;0.00;ROSE A;248;SO248;;;N;;N;N;N;;;GO;;FPO, NK;15.67;0.00;Wood;;1969-10-13;4G1;1969-01-01;;1997-09-02
IRL000I11093;;IRL;;;11.21;0.00;0.00;;10.97;0.00;ROSEBUD;188;T188;Tralee;;Y;EI2490;N;N;N;;;MO;;DRB, GNS;44.02;0.00;Wood;;1972-11-01;MFL;1972-01-01;;2018-06-05
IRL000I11094;;IRL;;;57.00;0.00;0.00;;20.12;0.00;ROSE CREST;133;D133;;;Y;EI3249;Y;Y;Y;;;TO;;GND, NK;149.22;0.00;Wood;;1963-06-01;MFL;1947-01-01;2008-11-19;
IRL000I11095;;IRL;;;70.58;60.07;0.00;;18.38;0.00;ROSE D'IVOIRE;432;D432;;;N;;N;Y;Y;;;TO;;OTB, NK;272.33;10.00;Wood;;1976-01-01;4G1;1973-01-01;;1998-05-20
IRL000I11096;;IRL;;;2.02;3.71;0.00;;6.71;0.00;ROSE MAUREEN;335;T335;Finland;;N;;N;N;N;;;WO;;FPO, GTR;13.43;0.00;Wood;;1979-10-12;4G1;1978-01-01;;2000-08-10
IRL000I11097;;IRL;;;4.39;4.67;0.00;;9.24;0.00;ROSS FADA;412;SO412;;;N;;N;N;N;;;LO;;FPO, NK;21.82;0.00;Wood;;1972-05-01;4G1;1972-01-01;;1994-11-23
IRL000I11098;;IRL;;;3.51;0.00;0.00;;8.26;0.00;ROSS REVENGE;693;SO693;Sligo;;N;;N;N;N;;;WO;;DRB, NK;29.84;0.00;Wood;;1978-10-01;MFL;1978-01-01;;
IRL000I11100;;IRL;;;135.11;102.90;0.00;;23.77;0.00;ROSSES MORN;538;SO538;;;Y;EIVW;N;Y;Y;;;TO;;OTB, NK;537.19;29.00;Wood;;1974-11-01;4G1;1974-01-01;;1999-07-13
IRL000I11101;;IRL;;;75.51;53.29;0.00;;19.20;0.00;ROUANEZ LOCTUDY;171;W171;;;N;;N;Y;Y;;;TO;;OTB, NK;308.89;0.00;Wood;;1988-06-01;4G1;1974-01-01;;2002-12-02
IRL000I11102;;IRL;;;3.79;0.00;0.00;;9.04;0.00;ROVER;138;S138;Skibbereen;;Y;EI2609;N;N;N;;;MO;;DRB, GND, GNS, FPO;31.00;0.00;Fiber/Plastic;;1986-07-01;MFL;1978-01-01;;2025-07-08
IRL000I11103;;IRL;;;2.89;0.00;0.00;;8.14;0.00;ROVING MARIA;173;C173;Cork;;Y;EIDE8;N;N;N;;;MO;;LHP, FPO, GNS;28.35;0.00;Fiber/Plastic;;1977-01-01;MFL;1977-01-01;;
IRL000I11104;;IRL;;;3.16;0.00;0.00;;6.64;0.00;ROVING STAR;55;C55;;;N;;N;N;N;;;WO;;GND, NK;14.92;0.00;Wood;;1982-10-01;MFL;1982-01-01;;2009-04-01
IRL000I11105;;IRL;;;59.64;37.00;0.00;;17.07;0.00;THE ROVING SWAN;64;D64;;;N;;N;Y;Y;;;TO;;OTB, NK;164.14;6.00;Wood;;1959-01-01;4G1;1959-01-01;;2000-07-10
IRL000I11106;;IRL;;;6.45;6.19;0.00;;9.45;0.00;RUBY TUESDAY;75;WD75;;;N;;N;N;N;;;TO;;FPO, NK;33.01;0.00;Wood;;1979-01-01;4G1;1979-01-01;;2000-01-20
IRL000I11107;;IRL;;;5.12;0.00;0.00;;8.41;0.00;RUSHEEN BAY;165A;G165A;United Kingdom;;Y;EIGW2;N;N;N;;;TO;;DRB, NK;58.19;0.00;Wood;;1977-01-01;AQU;1977-01-01;;2016-12-07
IRL000I11108;;IRL;;;2.52;0.00;0.00;;6.55;0.00;RYAN MARTIN;201;C201;;;N;;N;N;N;;;WO;;DRB, NK;22.38;0.00;Wood;;1978-12-31;MFL;1978-01-01;;2005-06-20
IRL000I11109;;IRL;;;47.86;39.48;0.00;;17.37;0.00;SABRINA;522;D522;;;N;;N;Y;Y;;;TO;;OTB, NK;180.56;0.00;Wood;;1969-01-01;4G1;1969-01-01;;2002-12-04
IRL000I11110;;IRL;;;5.04;6.50;0.00;;9.45;0.00;SADDLE ROCK;682;SO682;;;N;;N;N;N;;;GO;;FPO, NK;21.64;0.00;Wood;;1978-01-01;4G1;1978-01-01;;1999-01-25
IRL000I11111;;IRL;;;4.66;4.63;0.00;;9.30;0.00;SAFE RETURN;374;SO374;;;N;;N;N;N;;;WO;;FPO, NK;14.55;0.00;Wood;;1971-01-01;4G1;1971-01-01;;2001-03-27
IRL000I11112;;IRL;;;11.92;0.00;0.00;;11.48;0.00;GIRL AUTUMN;197;G197;Galway;;Y;EI2786;N;N;N;;;MO;;FPO, OTB, GNS, LHP;70.00;0.00;Wood;;1983-01-01;MFL;1983-01-01;;2023-01-26
IRL000I11113;;IRL;;;53.76;27.54;0.00;;15.24;0.00;SAINT ANNE;9;T9;Finland;;N;;N;Y;Y;;;FX;;OTB, NK;89.53;0.00;Wood;;1969-01-01;4G1;1969-01-01;;1999-11-08
IRL000I11114;;IRL;;;3.01;0.00;0.00;;8.14;0.00;SAINT CUMMIN;840;SO840;;;N;;N;N;N;;;WO;;GND, NK;14.92;0.00;Wood;;1986-01-01;MFL;1986-01-01;;2013-10-22
IRL000I11115;;IRL;;;3.78;0.00;0.00;;8.60;0.00;SAINT DERIBLA;588;SO588;;;N;;N;N;N;;;FX;;FPO, NK;14.55;0.00;Wood;;1975-07-06;MFL;1975-01-01;;2003-12-22
IRL000I11116;;IRL;;;7.10;0.00;0.00;;10.55;0.00;SAINT KEVIN;93;WT93;Westport;;Y;EI8770;N;N;N;;;MO;;GNS, FPO;30.78;0.00;Wood;;1972-07-01;MFL;1972-01-01;;
IRL000I11117;;IRL;;;2.88;3.21;0.00;;8.05;0.00;SAINT MARTIN;9;WT9;;;N;;N;N;N;;;MO;;FPO, NK;6.34;0.00;Wood;;1965-01-01;4G1;1965-01-01;;1998-03-27
IRL000I11118;;IRL;;;8.54;8.24;0.00;;9.85;0.00;ST MARY;292;D292;;;N;;N;N;N;;;WO;;FPO, NK;53.72;0.00;Wood;;1961-01-01;4GZ;1961-01-01;;1996-12-11
IRL000I11119;;IRL;;;103.00;0.00;0.00;;19.81;0.00;SAINT OLIVER;601;SO601;;;N;;Y;Y;Y;;;MO;;GND, NK;272.33;10.00;Wood;;1975-12-16;MFL;1975-01-01;;2005-03-09
IRL000I11120;;IRL;;;44.93;35.14;0.00;;17.83;0.00;SAINT SAUVEUR;459;D459;;;N;;N;Y;Y;;;TO;;OTB, NK;179.06;0.00;Wood;;1988-05-06;4G1;1955-01-01;;1995-03-02
IRL000I11121;;IRL;;;2.20;2.29;0.00;;7.92;0.00;SAINT SENAN;44;SO44;;;N;;N;N;N;;;MO;;FPO, NK;9.70;0.00;Wood;;1956-01-01;4G1;1956-01-01;;1995-06-27
IRL000I11122;;IRL;;;37.05;35.04;0.00;;16.31;0.00;SAINTE ANNE DE LA CHAUME;10;G10;United Kingdom;;N;;N;Y;Y;;;MO;;OTB, NK;171.60;18.00;Wood;;1989-03-16;4G1;1961-01-01;;1996-07-04
IRL000I11124;;IRL;;;62.00;0.00;0.00;;16.69;0.00;WESTERN EXPLORER;34;S34;;;N;;N;Y;Y;;;TO;;DRB, NK;244.72;25.00;Wood;;1984-09-10;MFL;1984-01-01;;2004-07-26
IRL000I11125;;IRL;;;11.05;0.00;0.00;;11.28;0.00;SALIA QUEEN;43;WT43;;;N;;N;N;N;;;WO;;GND, FPO;56.70;0.00;Wood;;1977-01-01;MFL;1977-01-01;;2006-01-17
IRL000I11126;;IRL;;;42.81;0.00;0.00;;15.73;0.00;SALLY CLAIRE;805;SO805;;;N;;N;Y;Y;;;TO;;OTB, NK;149.22;0.00;Wood;;1987-03-12;MFL;1956-01-01;;2003-02-01
IRL000I11127;;IRL;;;10.46;0.00;0.00;;10.91;0.00;SALLY MARIE;702;SO702;Sligo;;Y;EI7979;N;N;N;;;TO;;GND, FPO;89.53;0.00;Wood;;1979-01-09;MFL;1979-01-01;;
IRL000I11128;;IRL;;;10.98;0.00;0.00;;11.27;0.00;SALTHILLS;662;SO662;;;Y;EI5594;N;N;N;;;MO;;GND, FPO;80.58;0.00;Wood;;1977-10-16;MFL;1977-01-01;;2014-09-11
IRL000I11129;;IRL;;;223.50;0.00;0.00;;27.43;0.00;SALVE REGINA;345;D345;;;Y;EIGT;N;Y;Y;7521560;;TO;;OTB, NK;708.79;192.00;Metal;;1977-09-01;4G1;1977-01-01;;2000-12-19
IRL000I11130;;IRL;;;5.99;0.00;0.00;;9.75;0.00;SAMANTHA;638;SO638;;;N;;N;N;N;;;MO;;OTM, NK;22.01;0.00;Wood;;1976-11-29;MFL;1976-01-01;;2010-09-28
IRL000I11131;;IRL;;;1.19;0.00;0.00;;6.10;0.00;SAMANTHA D;614;D614;;;N;;N;N;N;;;MO;;FPO, NK;5.97;0.00;Wood;;1984-11-01;MFL;1974-01-01;;2004-06-15
IRL000I11132;;IRL;;;68.15;59.51;0.00;;19.81;0.00;SAN PABLO;384;SO384;;;N;;N;Y;Y;;;TO;;OTB, NK;299.93;8.00;Wood;;1971-01-01;4G1;1971-01-01;;1994-09-08
IRL000I11133;;IRL;;;8.08;8.62;0.00;;9.36;0.00;SAN PUEBLO;216;C216;;;N;;N;N;N;;;FX;;FPO, NK;35.81;0.00;Wood;;1978-11-08;4G1;1978-01-01;;2002-12-04
IRL000I11134;;IRL;;;29.97;27.32;0.00;;14.94;0.00;SANCTA MARIA;58;D58;;;N;;N;Y;N;;;TO;;PS, NK;70.88;0.00;Wood;;1959-01-01;4G1;1959-01-01;;1995-03-02
IRL000I11135;;IRL;;;2.55;2.63;0.00;;7.92;0.00;SANCTA MARIA;20;WT20;;;N;;N;N;N;;;MO;;DRB, NK;11.19;0.00;Wood;;1966-01-01;4G1;1966-01-01;;1995-08-08
IRL000I11136;;IRL;;;65.23;49.79;0.00;;19.42;0.00;SANCTA MARIA II;660;D660;;;N;;N;Y;Y;;;TO;;OTB, NK;205.17;0.00;Wood;;1984-06-01;4G1;1960-01-01;;1996-07-04
IRL000I11137;;IRL;;;1.72;0.00;0.00;;6.71;0.00;SANDRA;13;D13;Dublin;;Y;EIAA8;N;N;N;;;TO;;GNS, NK;11.80;0.00;Fiber/Plastic;;1982-05-18;MFL;1982-01-01;;
IRL000I11138;;IRL;;;62.99;49.08;0.00;;18.12;0.00;SANTIK DU;381;D381;;;N;;N;Y;Y;;;TO;;OTB, NK;320.82;0.00;Wood;;1988-04-20;4G1;1968-01-01;;1999-08-04
IRL000I11139;;IRL;;;24.86;21.18;0.00;;14.42;0.00;SANTO DOMINGO;273;C273;;;N;;N;Y;N;;;TO;;OTB, NK;119.38;0.00;Wood;;1988-01-01;4G1;1962-01-01;;1996-07-04
IRL000I11140;;IRL;;;35.00;0.00;0.00;;17.07;0.00;SAOIRSE;346;D346;;;Y;EI6131;Y;Y;Y;;;TO;;DRB, GND;171.60;6.00;Wood;;1958-02-01;MFL;1958-01-01;;2006-02-10
IRL000I11141;;IRL;;;58.55;46.14;0.00;;17.56;0.00;SAPPORO;281;D281;;;N;;N;Y;Y;;;TO;;OTB, NK;276.06;0.00;Wood;;1987-11-27;4G1;1968-01-01;1999-01-15;
IRL000I11142;;IRL;;;3.46;3.82;0.00;;8.69;0.00;SARAH GERALDINE;235;SO235;;;N;;N;N;N;;;MO;;FPO, NK;9.70;11.00;Wood;;1969-01-01;4G1;1965-01-01;;1993-09-08
IRL000I11143;;IRL;;;3.67;0.00;0.00;;8.61;0.00;SARAH LENA;450;SO450;;;N;;N;N;N;;;WO;;GND, FPO;14.55;0.00;Wood;;1973-05-01;MFL;1973-01-01;;2007-05-01
IRL000I11144;;IRL;;;4.61;0.00;0.00;;9.75;0.00;SARAH LOUISE;97;S97;Skibbereen;;Y;EIKI2;N;N;N;;;MO;;OTB, OTM;27.00;0.00;Wood;;1974-01-01;MFL;1969-01-01;;
IRL000I11145;;IRL;;;76.58;65.31;0.00;;16.76;0.00;SCARLET BUCCANEER;101;WD101;;;N;;N;Y;Y;;;TO;;OTB, NK;186.53;19.00;Wood;;1983-01-01;4G1;1983-01-01;;1996-12-11
IRL000I11146;;IRL;;;3.37;0.00;0.00;;7.99;0.00;SCHRAGGANE BAY;312;T312;Tralee;;Y;EI3270;N;N;N;;;MO;;FPO, GND, GNS, LHP;19.40;0.00;Wood;;1990-10-01;MFL;1978-01-01;;2018-12-20
IRL000I11147;;IRL;;;5.97;7.19;0.00;;8.53;0.00;SEA ANGLER;135;T135;Finland;;N;;N;N;N;;;MO;;FPO, NK;59.68;0.00;Wood;;1978-04-01;4G1;1978-01-01;;1992-12-21
IRL000I11148;;IRL;;;1.51;1.57;0.00;;7.01;0.00;SEA BIRD;92;W92;;;N;;N;N;N;;;WO;;FPO, GTR;5.97;0.00;Wood;;1974-01-01;4G1;1974-01-01;;2000-01-27
IRL000I11149;;IRL;;;9.73;0.00;0.00;;11.03;0.00;SEA CRAFT;495;SO495;;;N;;N;N;N;;;WO;;FPO, NK;32.83;0.00;Wood;;1973-01-01;4G1;1973-01-01;;2000-05-04
IRL000I11150;;IRL;;;51.00;0.00;0.00;;17.68;0.00;SEA EAGLE;637;SO637;;;N;;N;Y;Y;;;TO;;OTB, NK;272.33;0.00;Wood;;1977-03-01;MFL;1977-01-01;;2004-08-19
IRL000I11151;;IRL;;;3.56;0.00;0.00;;7.03;0.00;FIADH;419;WT419;Westport;;Y;EIJT8;N;N;N;;;MO;;DRB, GNS, LHP, FPO, OTB;16.41;0.00;Fiber/Plastic;;1979-06-18;MFL;1979-01-01;;
IRL000I11152;;IRL;;;4.02;0.00;0.00;;8.60;0.00;SEA MAID;70;WD70;;;Y;EI2978;N;N;N;;;WO;;OTM, GNS;34.32;0.00;Wood;;1977-10-03;MFL;1977-01-01;;2014-07-31
IRL000I11153;;IRL;;;6.11;6.57;0.00;;10.38;0.00;SEA OF GALILEE;145;C145;;;Y;EI2932;N;N;N;;;MO;;FPO, NK;59.68;0.00;Wood;;1976-10-10;4G1;1976-01-01;;1998-04-03
IRL000I11154;;IRL;;;1.44;0.00;0.00;;6.55;0.00;SEA PEARL;800;SO800;Sligo;;Y;EI8283;N;N;N;;;WO;;FPO, GNS;11.19;0.00;Wood;;1985-01-01;MFL;1985-01-01;;2024-06-14
IRL000I11155;;IRL;;;5.81;5.66;0.00;;8.56;0.00;SEA QUEST;82;S82;;;Y;EI27235;N;N;N;;;WO;;DRB, NK;29.10;0.00;Wood;;1981-02-05;4G1;1980-01-01;;1998-11-11
IRL000I11156;;IRL;;;4.49;4.44;0.00;;7.92;0.00;SEA RANGER;791;SO791;;;N;;N;N;N;;;GO;;FPO, GTR;48.50;0.00;Wood;;1986-03-01;4G1;1986-01-01;;2000-12-04
IRL000I11157;;IRL;;;5.62;4.71;0.00;;9.45;0.00;SEA RANGER;117;WD117;;;N;;N;N;N;;;WO;;FPO, NK;48.50;0.00;Wood;;1970-01-01;4G1;1962-01-01;;1999-05-06
IRL000I11158;;IRL;;;4.56;4.32;0.00;;9.75;0.00;SEA SALTER;499;D499;;;N;;N;N;N;;;TO;;FPO, NK;89.53;0.00;Wood;;1988-01-01;4G1;1958-01-01;;1996-09-13
IRL000I11159;;IRL;;;214.00;0.00;0.00;;29.38;0.00;SEA SPARKLE;6;S6;;;Y;EIWB;Y;Y;Y;;;MO;;OTB, NK;440.00;0.00;Metal;;1977-01-01;MFL;1977-01-01;2006-02-06;
IRL000I11160;;IRL;;;1.46;1.61;0.00;;6.71;0.00;SEA SPRAY (A);116;S116;;;N;;N;N;N;;;MO;;DRB, NK;4.85;0.00;Wood;;1970-01-01;4GZ;1970-01-01;;2000-01-13
IRL000I11162;;IRL;;;0.94;0.00;0.00;;4.57;0.00;SEA SPRAY;181;W181;Waterford;;Y;EI8813;N;N;N;;;MO;;GNS, LHP, FPO;12.68;0.00;Wood;;1984-01-01;MFL;1973-01-01;;2020-01-30
IRL000I11163;;IRL;;;7.33;6.69;0.00;;10.20;0.00;SEA SWALLOW;524;D524;;;N;;N;N;N;;;TO;;PS, NK;59.69;0.00;Wood;;1988-06-02;4G1;1979-01-01;;1998-02-23
IRL000I11164;;IRL;;;19.17;0.00;0.00;;11.64;0.00;SEACO;81;T81;Tralee;;N;;N;N;N;;;DO;;OTM, FPO;63.42;0.00;Metal;;1971-01-01;MFL;1970-01-01;;
IRL000I11165;;IRL;;;23.22;0.00;0.00;;12.19;0.00;ANITA MARIE;135;W135;Waterford;;Y;EI3159;Y;Y;N;;;MO;;FPO, GNS;82.07;0.00;Wood;;1977-10-01;MFL;1977-01-01;2025-07-07;
IRL000I11166;;IRL;;;85.03;71.17;0.00;;18.29;0.00;ANDRIAS;3;DA3;;;Y;EILR;N;Y;Y;;;TO;;OTB, NK;313.36;23.00;Wood;;1983-01-01;4G1;1983-01-01;;2000-02-22
IRL000I11167;;IRL;;;58.08;55.29;0.00;;20.12;0.00;SEALGAIR;91;W91;;;N;;N;Y;Y;;;TO;;OTB, NK;179.06;11.00;Wood;;1973-06-01;4G1;1953-01-01;;2001-06-18
IRL000I11168;;IRL;;;15.78;0.00;0.00;;11.13;0.00;SEAN MAIR;278;C278;Cork;;Y;EI6983;N;N;N;;;MO;;LHP, LHM, FPO, GNS, OTB, OTM;118.00;0.00;Wood;;1989-01-01;MFL;1989-01-01;;2024-10-09
IRL000I11169;;IRL;;;55.33;48.38;0.00;;17.68;0.00;SEAN OG;551;D551;;;N;;N;Y;Y;;;MO;;OTB, NK;208.91;0.00;Wood;;1972-05-30;4G1;1972-01-01;;1999-11-30
IRL000I11170;;IRL;;;477.00;0.00;0.00;;33.10;0.00;SEAN POL;641;D641;Dublin;;Y;EIVL;Y;Y;Y;;;TO;;OTM, NK;1081.85;373.00;Metal;;1984-09-14;MFL;1984-01-01;;
IRL000I11171;;IRL;;;80.35;70.30;0.00;;23.80;0.00;SEAN SEOSAMH;85;S85;;;Y;EI2678;N;Y;Y;;;TO;;OTB, NK;380.51;112.00;Metal;;1987-09-01;4G1;1957-01-01;;1997-12-15
IRL000I11172;;IRL;;;9.52;10.05;0.00;;10.45;0.00;SEAWYFE;71;D71;;;N;;N;N;N;;;MO;;FPO, NK;89.53;0.00;Wood;;1974-01-01;4G1;1974-01-01;;1996-12-11
IRL000I11173;;IRL;;;7.99;12.52;0.00;;9.30;0.00;SECURITY;152;C152;;;N;;N;N;N;;;GO;;FPO, NK;53.72;0.00;Wood;;1979-01-01;4G1;1972-01-01;;1995-07-03
IRL000I11174;;IRL;;;74.56;67.01;0.00;;18.99;0.00;SEPDEMAR;352;SO352;;;N;;N;Y;Y;;;TO;;PS, NK;272.33;10.00;Wood;;1972-04-01;4G1;1971-01-01;;2002-12-02
IRL000I11176;;IRL;;;12.22;13.09;0.00;;10.67;0.00;SHAMROCK GANNET;67;C67;;;Y;EI2598;N;N;N;;;LO;;FPO, NK;80.58;0.00;Wood;;1970-01-01;4G1;1969-01-01;;1995-11-16
IRL000I11177;;IRL;;;29.08;23.43;0.00;;15.21;0.00;SHANADORE;46;S46;;;N;;N;Y;Y;;;GO;;OTB, NK;70.88;0.00;Wood;;1989-06-16;4G1;1949-01-01;;1996-12-11
IRL000I11178;;IRL;;;7.87;7.06;0.00;;10.52;0.00;SHANE OG;311;D311;;;N;;N;N;N;;;MO;;DRB, NK;89.53;0.00;Metal;;1982-01-01;4G1;1982-01-01;;1998-04-20
IRL000I11179;;IRL;;;12.46;14.42;0.00;;11.58;0.00;SHANEMAR;234;C234;;;N;;N;N;N;;;MO;;FPO, NK;71.63;0.00;Wood;;1980-06-17;4G1;1980-01-01;;1997-11-11
IRL000I11180;;IRL;;;7.57;0.00;0.00;;9.57;0.00;SHANNON VENTURE;103A;G103A;Galway;;Y;EI7394;N;N;N;;;DO;;DRB, NK;53.72;0.00;Wood;;1973-07-01;AQU;1972-01-01;;
IRL000I11181;;IRL;;;170.00;0.00;0.00;;24.02;0.00;FIDELMA;629;D629;;;Y;EI2533;Y;Y;Y;;;TO;;GND, NK;470.00;54.00;Wood;;1979-01-01;MFL;1979-01-01;;2004-09-23
IRL000I11182;;IRL;;;25.00;0.00;0.00;;14.98;0.00;SHARLISA;765;SO765;Sligo;;Y;EI8107;Y;Y;N;8558106;;MO;;OTB, OTM, DRM, PS;171.60;12.00;Metal;;1984-04-02;MFL;1984-01-01;;
IRL000I11183;;IRL;;;6.21;7.94;0.00;;9.27;0.00;SHARON ELIZABETH;665;SO665;;;N;;N;N;N;;;WO;;FPO, NK;71.63;0.00;Wood;;1977-01-01;4G1;1972-01-01;;2000-02-15
IRL000I11184;;IRL;;;34.00;0.00;0.00;;15.61;0.00;SHAUN SHAUN;731;SO731;;;Y;EI5836;Y;Y;Y;;;SO;;PS, NK;171.60;21.00;Metal;;1981-05-28;MFL;1980-01-01;2010-03-04;
IRL000I11185;;IRL;;;166.00;0.00;0.00;;21.17;0.00;HONEYDEW II;749;SO749;;;Y;EIPZ;Y;Y;Y;;;MO;;PS, OTM;447.66;75.00;Wood;;1983-04-01;MFL;1983-01-01;2007-01-11;
IRL000I11186;;IRL;;;782.00;0.00;0.00;;48.72;0.00;SHEANNE;716;SO716;;;Y;EIPF;N;Y;Y;;;MO;;OTB, NK;1566.81;0.00;Metal;;1980-01-14;4G1;1980-01-01;;1995-01-18
IRL000I11187;;IRL;;;3.84;4.18;0.00;;7.86;0.00;SHEARWATER;158;C158;;;N;;N;N;N;;;FX;;FPO, NK;16.41;0.00;Wood;;1977-04-26;4G1;1977-01-01;;1994-09-29
IRL000I11188;;IRL;;;4.17;6.43;0.00;;9.57;0.00;SHEELAGH;113;S113;;;N;;N;N;N;;;MO;;DRB, NK;22.38;0.00;Wood;;1971-01-01;4G1;1971-01-01;;1997-08-27
IRL000I11189;;IRL;;;82.00;0.00;0.00;;21.34;0.00;SHELMALIER;63;WD63;;;Y;EI3018;Y;Y;Y;;;TO;;OTM, FPO;308.89;16.00;Wood;;1975-01-01;MFL;1975-01-01;2006-05-26;
IRL000I11190;;IRL;;;23.89;0.00;0.00;;14.02;0.00;SHENANDOAH;606;SO606;;;Y;EI7946;N;Y;N;;;MO;;PS, GND;56.70;0.00;Wood;;1948-11-01;MFL;1939-01-01;;2008-10-16
IRL000I11191;;IRL;;;5.71;0.00;0.00;;9.60;0.00;SHEVARA;64;WD64;;;N;;N;N;N;;;MO;;GND, FPO;33.20;0.00;Wood;;1976-01-05;MFL;1976-01-01;;2013-11-04
IRL000I11192;;IRL;;;13.57;14.06;0.00;;10.97;0.00;SHEILA ANNE;104;WT104;;;N;;N;N;N;;;GO;;FPO, NK;44.77;0.00;Wood;;1974-01-01;4G1;1972-01-01;;1996-03-15
IRL000I11193;;IRL;;;10.03;0.00;0.00;;10.99;0.00;SILE A DO;40;S40;;;Y;EI8474;N;N;N;;;TO;;OTM, NK;65.00;0.00;Wood;;1979-01-01;MFL;1979-01-01;;2008-05-07
IRL000I11194;;IRL;;;5.12;0.00;0.00;;8.46;0.00;SILEAN;25;S25;;;Y;EIBH7;N;N;N;;;MO;;OTM, FPO;29.10;0.00;Wood;;1988-12-23;MFL;1983-01-01;;2015-08-06
IRL000I11195;;IRL;;;41.62;0.00;0.00;;14.90;0.00;SILVER BELL;240;C240;Cork;;Y;EI8496;Y;Y;N;8576873;;WO;;FPO, GNS;70.50;0.00;Wood;;1980-11-01;MFL;1980-01-01;;
IRL000I11196;;IRL;;;91.65;73.33;0.00;;21.95;0.00;SILVER CREST;103;S103;;;Y;EI2540;N;Y;Y;;;FX;;OTB, NK;373.05;9.00;Metal;;1983-01-01;4G1;1961-01-01;;1998-06-18
IRL000I11197;;IRL;;;32.68;27.71;0.00;;15.85;0.00;SILVER FERN;534;D534;;;N;;N;Y;Y;;;MO;;OTB, NK;96.99;4.00;Wood;;1971-01-01;4G1;1971-01-01;1996-09-09;
IRL000I11198;;IRL;;;165.00;0.00;0.00;;29.02;0.00;SILVER HARVEST II;88;D88;;;Y;EICY;Y;Y;Y;;;TO;;OTM, NK;895.32;126.00;Metal;;1986-01-01;MFL;1969-01-01;2008-09-30;
IRL000I11199;;IRL;;;258.00;0.00;0.00;;27.25;0.00;SILVER KING;87;D87;;;Y;EIRG;Y;Y;Y;;;TO;;OTM, NK;671.49;246.00;Metal;;1985-11-01;MFL;1980-01-01;;2003-12-10
IRL000I11200;;IRL;;;25.53;23.77;0.00;;15.24;0.00;SILVER LIGHT;273;T273;Finland;;N;;N;Y;Y;;;GO;;OTB, NK;83.56;0.00;Wood;;1978-01-01;4G1;1945-01-01;;1994-05-26
IRL000I11201;;IRL;;;7.93;0.00;0.00;;9.30;0.00;SILVER MOON;250;WT250;Westport;;Y;EI8469;N;N;N;;;MO;;DRB, FPO, GNS, LHP;22.00;0.00;Wood;;1978-01-01;MFL;1978-01-01;;
IRL000I11202;;IRL;;;21.07;0.00;0.00;;14.75;0.00;SILVER ROSE;492;D492;;;Y;EI6391;N;Y;N;;;MO;;GND, FPO;89.53;0.00;Wood;;1969-01-01;MFL;1969-01-01;;2012-08-07
IRL000I11203;;IRL;;;7.44;0.00;0.00;;11.28;0.00;SILVER SAND;238;C238;Cork;;Y;EI4573;N;N;N;;;TO;;GND, FPO;92.52;0.00;Wood;;1981-01-01;MFL;1980-01-01;;2021-03-22
IRL000I11204;;IRL;;;65.00;0.00;0.00;;19.81;0.00;SILVER SCOUT;639;D639;;;N;;Y;Y;Y;;;MO;;DRB, FPO;171.60;0.00;Wood;;1983-02-27;MFL;1947-01-01;;2005-10-12
IRL000I11205;;IRL;;;22.51;21.34;0.00;;12.19;0.00;SILVER SPRAY;103;T103;Finland;;N;;N;Y;N;;;GO;;OTB, NK;94.75;0.00;Wood;;1983-07-17;4G1;1983-01-01;;1995-06-19
IRL000I11206;;IRL;;;108.40;87.24;0.00;;21.34;0.00;SILVER SPRUCE;125;W125;;;Y;EIGF;N;Y;Y;;;TO;;OTB, NK;309.63;0.00;Wood;;1977-01-16;4G1;1976-01-01;;2000-05-19
IRL000I11207;;IRL;;;8.68;0.00;0.00;;11.28;0.00;SINBAD;767;SO767;;;Y;EI7799;N;N;N;;;TO;;GND, OTM;94.75;0.00;Metal;;1983-01-01;MFL;1983-01-01;;2012-06-12
IRL000I11208;;IRL;;;8.05;0.00;0.00;;9.45;0.00;SINEAD;224;C224;;;N;;N;N;N;;;FX;;FPO, NK;53.72;0.00;Wood;;1979-07-26;MFL;1979-01-01;;2004-05-26
IRL000I11209;;IRL;;;6.62;6.16;0.00;;9.75;0.00;SIOBHAN;85;WT85;;;N;;N;N;N;;;WO;;FPO, NK;26.86;0.00;Wood;;1970-01-01;4G1;1970-01-01;;1995-06-27
IRL000I11210;;IRL;;;53.85;0.00;0.00;;18.29;0.00;SIOBHAN;226;D226;;;N;;Y;Y;Y;;;TO;;OTB, NK;164.14;0.00;Wood;;1956-01-01;MFL;1956-01-01;;2004-09-30
IRL000I11211;;IRL;;;73.00;0.00;0.00;;20.12;0.00;SIOBHANNA;52;C52;;;N;;Y;Y;Y;;;TO;;OTM, FPO;309.63;21.00;Wood;;1974-12-31;MFL;1974-01-01;;2013-04-16
IRL000I11212;;IRL;;;6.29;0.00;0.00;;10.36;0.00;SIONNACH DANA;423;SO423;;;Y;EI7062;N;N;N;;;WO;;FPO, GND;33.01;0.00;Wood;;1972-06-01;MFL;1972-01-01;;2010-03-23
IRL000I11213;;IRL;;;2.61;0.00;0.00;;8.72;0.00;SIRIUS;218;W218;;;N;;N;N;N;;;MO;;FPO, NK;21.64;0.00;Wood;;1929-01-01;4G1;1928-01-01;;1998-11-05
IRL000I11214;;IRL;;;7.13;7.98;0.00;;10.76;0.00;TRAWMORE BAY;333;SO333;;;N;;N;N;N;;;SO;;FPO, NK;33.20;0.00;Wood;;1971-01-01;4G1;1970-01-01;;1997-12-18
IRL000I11215;;IRL;;;7.05;0.00;0.00;;10.97;0.00;SKUA;265;C265;;;N;;N;N;N;;;GO;;GND, NK;89.53;0.00;Wood;;1979-01-01;MFL;1979-01-01;;2007-09-25
IRL000I11216;;IRL;;;2.82;0.00;0.00;;8.08;0.00;NORTHERN LIGHT;364;SO364;Sligo;;Y;EIML2;N;N;N;;;SO;;SDN, OTB, SSC, OTM, LHP, FPO;28.35;0.00;Fiber/Plastic;;1979-01-01;MFL;1979-01-01;;
IRL000I11217;;IRL;;;1.89;1.99;0.00;;6.92;0.00;SKY LARK;121;S121;;;N;;N;N;N;;;DO;;DRB, NK;7.46;0.00;Wood;;1974-01-01;4G1;1974-01-01;;1995-11-16
IRL000I11218;;IRL;;;22.92;22.51;0.00;;13.01;0.00;SKYE MAID;166;C166;;;N;;N;Y;N;;;TO;;OTB, NK;134.30;0.00;Wood;;1984-10-01;4G1;1970-01-01;;1998-04-22
IRL000I11219;;IRL;;;4.04;0.00;0.00;;7.74;0.00;SLANEY STAR;60;WD60;;;N;;N;N;N;;;GO;;FPO, NK;22.38;0.00;Wood;;1975-12-31;MFL;1975-01-01;;2003-05-01
IRL000I11220;;IRL;;;6.88;0.00;0.00;;10.67;0.00;SLIABH MISH;190;C190;;;Y;EI7994;N;N;N;;;MO;;GND, FPO;53.72;0.00;Wood;;1978-03-28;MFL;1978-01-01;;2011-06-17
IRL000I11221;;IRL;;;111.04;0.00;0.00;;24.38;0.00;SLIEVE BLOOM;582;SO582;;;Y;EI2007;N;Y;Y;;;TO;;OTB, NK;492.43;27.00;Wood;;1976-01-01;4G1;1975-01-01;;2001-06-18
IRL000I11222;;IRL;;;16.23;0.00;0.00;;12.19;0.00;SNAVE;84;C84;;;N;;N;Y;N;;;MO;;PTM, GND;128.33;0.00;Metal;;1971-01-01;MFL;1969-01-01;2005-06-20;
IRL000I11223;;IRL;;;64.94;50.64;0.00;;18.90;0.00;SOSTO;289;W289;;;Y;EI2436;N;Y;Y;;;TO;;OTB, NK;186.53;0.00;Wood;;1985-01-01;4G1;1965-01-01;;1995-10-09
IRL000I11224;;IRL;;;15.38;0.00;0.00;;11.00;0.00;SOVEREIGN DAWN;170;C170;Cork;;Y;EI5872;N;N;N;;;MO;;GND, FPO;70.88;0.00;Wood;;1981-12-31;MFL;1981-01-01;;
IRL000I11225;;IRL;;;7.74;8.74;0.00;;9.14;0.00;SOVEREIGN QUEEN;207;C207;;;N;;N;N;N;;;GO;;FPO, NK;53.72;0.00;Wood;;1978-01-01;4G1;1978-01-01;;1997-12-09
IRL000I11226;;IRL;;;66.00;0.00;0.00;;19.02;0.00;SPAILPIN FANACH;179;T179;Finland;;Y;EI2538;Y;Y;Y;;;TO;;GND, LHP;309.63;10.00;Wood;;1972-04-01;MFL;1972-01-01;;2005-10-25
IRL000I11227;;IRL;;;104.38;93.00;0.00;;19.20;0.00;ATLANTIC WARRIOR;694;SO694;;;N;;N;Y;Y;;;TO;;OTB, NK;363.00;19.00;Wood;;1979-01-01;4G1;1979-01-01;;1999-07-27
IRL000I11228;;IRL;;;6.56;7.04;0.00;;9.75;0.00;SPIRITUAL VESSEL;725;SO725;;;N;;N;N;N;;;WO;;FPO, NK;33.57;0.00;Wood;;1980-01-01;4G1;1980-01-01;;1997-08-26
IRL000I11229;;IRL;;;8.60;0.00;0.00;;10.46;0.00;SPRING FLOWER;68;WD68;;;Y;EI3114;N;N;N;;;GO;;DRB, GND;44.02;0.00;Wood;;1977-04-01;MFL;1977-01-01;;2017-04-20
IRL000I11230;;IRL;;;8.81;10.00;0.00;;9.49;0.00;SQUEZI;555;D555;;;N;;N;N;N;;;GO;;FPO, NK;122.36;0.00;Wood;;1971-05-05;4G1;1971-01-01;;1995-01-18
IRL000I11231;;IRL;;;5.88;0.00;0.00;;9.60;0.00;SRON BHROIN;268;T268;Tralee;;Y;EI8851;N;N;N;;;MO;;DRB, FPO, GNS;59.69;0.00;Wood;;1977-01-01;MFL;1970-01-01;;2020-06-15
IRL000I11232;;IRL;;;7.51;7.00;0.00;;9.45;0.00;ST AGNES;229;W229;;;N;;N;N;N;;;MO;;FPO, NK;32.83;0.00;Wood;;1902-01-11;4G1;1902-01-01;;2001-06-29
IRL000I11233;;IRL;;;2.91;2.92;0.00;;8.56;0.00;ST AIDEN;8;W8;;;N;;N;N;N;;;MO;;FPO, NK;14.55;0.00;Wood;;1934-01-01;4G1;1934-01-01;;1997-08-26
IRL000I11234;;IRL;;;10.41;10.92;0.00;;11.58;0.00;ST COLMAN;108;C108;;;Y;EI2762;N;N;N;;;MO;;FPO, NK;62.67;0.00;Wood;;1988-04-28;4G1;1947-01-01;;1998-12-10
IRL000I11235;;IRL;;;12.76;0.00;0.00;;11.40;0.00;ST ADRIAN CHRISTOPHER;724;SO724;Sligo;;Y;EI7867;N;N;N;;;WO;;GND, NK;67.15;0.00;Wood;;1980-01-01;MFL;1980-01-01;;2021-08-19
IRL000I11236;;IRL;;;1.53;1.66;0.00;;7.01;0.00;ST ANN;17;L17;Finland;;N;;N;N;N;;;MO;;FPO, NK;6.71;0.00;Wood;;1969-01-01;4G1;1969-01-01;;1995-12-05
IRL000I11237;;IRL;;;1.44;0.00;0.00;;6.71;0.00;ST ANNE;181;SO181;Sligo;;N;;N;N;N;;;WO;;LHP, GND;0.00;0.00;Wood;;1968-01-01;MFL;1968-01-01;;
IRL000I11238;;IRL;;;11.22;0.00;0.00;;11.46;0.00;SAINT ANTHONY;231;SO231;Sligo;;Y;EI7829;N;N;N;;;MO;;GNS, FPO, LHP;33.57;0.00;Wood;;1969-06-03;MFL;1968-01-01;;
IRL000I11239;;IRL;;;6.55;0.00;0.00;;10.67;0.00;ST AUGUSTINE;246;SO246;;;Y;EI3494;N;N;N;;;GO;;GNS, FPO;26.86;0.00;Wood;;1969-01-01;MFL;1969-01-01;;2016-02-11
IRL000I11240;;IRL;;;9.70;9.60;0.00;;11.28;0.00;ST BENEDICT;300;SO300;;;N;;N;N;N;;;MO;;FPO, NK;55.96;0.00;Wood;;1971-01-01;4G1;1970-01-01;;1995-06-27
IRL000I11241;;IRL;;;4.26;0.00;0.00;;8.72;0.00;ST BRENDAN;110A;T110A;Tralee;;Y;EIEA8;N;N;N;;;DO;;DRB, NK;59.68;0.00;Wood;;1979-12-31;AQU;1979-01-01;;
IRL000I11242;;IRL;;;6.23;0.00;0.00;;10.06;0.00;EILEIGH MAE;415;WT415;Westport;;Y;EIWQ8;N;N;N;;;MO;;GNS, FPO, LHP;20.00;0.00;Wood;;1981-01-01;MFL;1981-01-01;;
IRL000I11243;;IRL;;;1.11;0.00;0.00;;6.71;0.00;ST BRIDGET;35;W35;;;N;;N;N;N;;;SO;;GND, NK;7.46;0.00;Wood;;1967-11-17;MFL;1964-01-01;;2013-09-24
IRL000I11244;;IRL;;;62.61;49.85;0.00;;19.81;0.00;ST BRITWIN;305;D305;;;N;;N;Y;Y;;;TO;;OTB, NK;279.79;12.00;Wood;;1989-04-01;4G1;1973-01-01;;2001-05-02
IRL000I11245;;IRL;;;35.00;0.00;0.00;;16.61;0.00;ST CATHERINE;299;D299;Dublin;;Y;EI6162;Y;Y;Y;8579966;;TO;;OTB, PTB, GNC, DRM, OTT, GNS;85.06;0.00;Wood;;1958-01-01;MFL;1958-01-01;;
IRL000I11247;;IRL;;;2.68;0.00;0.00;;8.53;0.00;ST CHRISTOPHER;72;SO72;;;N;;N;N;N;;;NO;;GND, NK;9.70;0.00;Wood;;1957-03-08;MFL;1943-01-01;;2004-09-17
IRL000I11248;;IRL;;;6.00;11.08;0.00;;11.06;0.00;ST CILLIAN;99;S99;;;N;;N;N;N;;;GO;;FPO, NK;89.53;0.00;Wood;;1969-08-13;4G1;1969-01-01;;1995-04-25
IRL000I11249;;IRL;;;2.13;0.00;0.00;;7.27;0.00;ST COLBY;744;SO744;Sligo;;Y;EI7899;N;N;N;;;WO;;GND, NK;22.38;0.00;Wood;;1983-01-01;MFL;1982-01-01;;
IRL000I11250;;IRL;;;12.19;12.71;0.00;;11.59;0.00;SAINT COLMCILLE;695;SO695;;;N;;N;N;N;;;WO;;FPO, NK;72.37;0.00;Wood;;1978-01-01;4G1;1978-01-01;;1998-03-30
IRL000I11251;;IRL;;;5.53;0.00;0.00;;10.06;0.00;ST COLUMBA;151;SO151;;;N;;N;N;N;;;GO;;DRB, NK;37.30;0.00;Wood;;1967-01-01;MFL;1967-01-01;;2007-04-23
IRL000I11252;;IRL;;;5.89;0.00;0.00;;9.75;0.00;ST CONNORA;24;L24;Finland;;Y;EIFJ7;N;N;N;;;MO;;FPO, GNS;30.00;0.00;Wood;;1976-07-22;MFL;1976-01-01;;2012-04-12
IRL000I11254;;IRL;;;7.58;0.00;0.00;;9.75;0.00;ST CRISPIN;20;L20;Finland;;N;;N;N;N;;;GO;;GND, NK;52.23;0.00;Wood;;1970-01-01;MFL;1970-01-01;;2005-05-25
IRL000I11255;;IRL;;;4.23;6.67;0.00;;10.06;0.00;ST CRONE;165;SO165;;;N;;N;N;N;;;MO;;FPO, NK;22.23;0.00;Wood;;1968-01-01;4G1;1968-01-01;;1994-09-19
IRL000I11256;;IRL;;;3.29;0.00;0.00;;8.63;0.00;ST ELIZABETH;353;SO353;;;Y;EI3760;N;N;N;;;MO;;DRB, LNB;21.70;0.00;Wood;;1971-01-01;MFL;1971-01-01;;2013-08-02
IRL000I11257;;IRL;;;8.26;0.00;0.00;;10.70;0.00;ST FINIAN;356;SO356;Sligo;;N;;N;N;N;;;WO;;GND, NK;53.72;0.00;Wood;;1971-04-01;MFL;1971-01-01;;2019-02-12
IRL000I11258;;IRL;;;2.74;0.00;0.00;;9.39;0.00;ST FRANCIS;13;T13;Finland;;N;;N;N;N;;;TO;;GND, NK;29.84;0.00;Wood;;1928-01-01;MFL;1928-01-01;;2006-04-05
IRL000I11259;;IRL;;;4.15;8.75;0.00;;9.45;0.00;ST GABRIEL;128;S128;;;N;;N;N;N;;;FX;;FPO, NK;33.50;0.00;Wood;;1971-01-01;4GZ;1971-01-01;;1997-09-09
IRL000I11260;;IRL;;;52.79;0.00;0.00;;19.11;0.00;ST GERARD;19;S19;;;N;;N;Y;Y;;;TO;;OTB, NK;175.33;0.00;Wood;;1966-01-01;MFL;1939-01-01;;2003-02-01
IRL000I11261;;IRL;;;76.47;0.00;0.00;;20.73;0.00;ST GERVASE;92;S92;;;Y;EI2089;Y;Y;Y;;;MO;;OTB, NK;268.60;0.00;Wood;;1969-01-01;MFL;1969-01-01;;2004-05-26
IRL000I11262;;IRL;;;2.01;2.08;0.00;;7.01;0.00;ST HELENA;723;SO723;;;N;;N;N;N;;;MO;;FPO, NK;11.19;0.00;Wood;;1987-01-01;4G1;1980-01-01;;1996-03-01
IRL000I11263;;IRL;;;4.90;0.00;0.00;;9.94;0.00;ST JARLATH;94;SO94;Sligo;;N;;N;N;N;;;MO;;FPO, NK;17.91;0.00;Wood;;1966-01-05;MFL;1966-01-01;2016-06-15;
IRL000I11264;;IRL;;;27.54;26.45;0.00;;14.63;0.00;ST JOHN;49;D49;;;N;;N;Y;N;;;TO;;OTB, NK;70.88;0.00;Wood;;1959-05-01;4G1;1958-01-01;;2000-06-28
IRL000I11266;;IRL;;;0.72;0.00;0.00;;5.49;0.00;ST JOSEPH;823;SO823;Sligo;;N;;N;N;N;;;LO;;GND, NK;5.97;0.00;Wood;;1987-01-01;MFL;1980-01-01;;2018-05-25
IRL000I11267;;IRL;;;29.94;26.21;0.00;;15.85;0.00;ST JUDE;36;D36;;;N;;N;Y;Y;;;TO;;OTB, NK;186.53;0.00;Wood;;1959-01-01;4G1;1959-01-01;;1996-08-19
IRL000I11268;;IRL;;;2.10;0.00;0.00;;7.96;0.00;ST MAC DARA;55;G55;United Kingdom;;N;;N;N;N;;;MO;;DRB, NK;14.55;0.00;Wood;;1969-01-01;MFL;1968-01-01;;2009-07-23
IRL000I11269;;IRL;;;3.91;3.86;0.00;;8.53;0.00;ST MARGARET;127;W127;;;N;;N;N;N;;;TO;;FPO, NK;94.75;0.00;Wood;;1927-01-01;4G1;1927-01-01;;1993-11-16
IRL000I11270;;IRL;;;7.92;0.00;0.00;;9.08;0.00;ST MARIE ANNE;105;S105;Skibbereen;;Y;EI3686;N;N;N;;;MO;;GND, NK;33.57;0.00;Wood;;1977-06-01;MFL;1977-01-01;;
IRL000I11271;;IRL;;;4.17;0.00;0.00;;8.05;0.00;SAINT MARTIN;14;S14;;;Y;EI2719;N;N;N;;;MO;;DRB, NK;34.32;0.00;Wood;;1974-12-19;MFL;1974-01-01;;2012-02-02
IRL000I11273;;IRL;;;1.62;1.78;0.00;;6.71;0.00;ST MARY;43;G43;United Kingdom;;N;;N;N;N;;;MO;;FPO, GTR;4.85;0.00;Wood;;1967-10-06;4G1;1916-01-01;;2000-06-09
IRL000I11274;;IRL;;;2.59;2.56;0.00;;8.69;0.00;ST MARY;33;W33;;;N;;N;N;N;;;TO;;FPO, NK;9.70;0.00;Wood;;1932-03-01;4G1;1919-01-01;;1999-06-14
IRL000I11275;;IRL;;;4.63;4.42;0.00;;9.36;0.00;ST MARY;154;WD154;;;N;;N;N;N;;;WO;;FPO, NK;17.91;0.00;Wood;;1948-12-04;4G1;1900-01-01;;1992-12-04
IRL000I11276;;IRL;;;3.89;4.16;0.00;;8.81;0.00;ST NICHOLAS;271;SO271;;;N;;N;N;N;;;FX;;FPO, NK;22.38;0.00;Wood;;1970-05-04;4G1;1970-01-01;;1997-08-27
IRL000I11277;;IRL;;;1.58;0.00;0.00;;6.10;0.00;ST PETER;650;D650;Dublin;;N;;N;N;N;;;WO;;GND, FPO;14.92;0.00;Wood;;1985-02-21;MFL;1984-01-01;;
IRL000I11278;;IRL;;;25.00;0.00;0.00;;15.24;0.00;ST PETER;306;W306;;;N;;Y;Y;Y;;;MO;;DRB, OTM;89.53;0.00;Wood;;1971-01-01;MFL;1969-01-01;;2006-01-10
IRL000I11279;;IRL;;;7.66;8.54;0.00;;10.97;0.00;ST PHILOMENA;415;SO415;;;N;;N;N;N;;;MO;;FPO, NK;33.20;0.00;Wood;;1972-05-01;4G1;1972-01-01;;1998-10-24
IRL000I11280;;IRL;;;5.53;0.00;0.00;;9.75;0.00;ST PIOUS AND JUDE;173;SO173;;;N;;N;N;N;;;MO;;FPO, NK;26.86;0.00;Wood;;1956-01-01;MFL;1956-01-01;;2003-05-23
IRL000I11281;;IRL;;;6.49;7.30;0.00;;10.06;0.00;ST STEPHEN;205;SO205;;;N;;N;N;N;;;TO;;FPO, NK;44.00;0.00;Wood;;1968-08-15;4G1;1968-01-01;;1998-10-06
IRL000I11282;;IRL;;;7.59;0.00;0.00;;9.45;0.00;ST TERESA;123;G123;Galway;;Y;EI3086;N;N;N;;;MO;;GND, FPO;41.04;0.00;Wood;;1973-01-01;MFL;1972-01-01;;
IRL000I11283;;IRL;;;4.10;0.00;0.00;;8.96;0.00;ST VINCENT;116;WT116;;;N;;N;N;N;;;WO;;FPO, NK;14.18;0.00;Wood;;1978-02-17;MFL;1977-01-01;;2005-11-11
IRL000I11284;;IRL;;;0.75;0.00;0.00;;5.24;0.00;ST. ANNE;458;SO458;Sligo;;N;;N;N;N;;;MO;;GND, NK;3.73;0.00;Wood;;1980-11-12;MFL;1971-01-01;2013-05-03;
IRL000I11285;;IRL;;;27.10;0.00;0.00;;14.63;0.00;STABAT MATER;66;D66;;;Y;EI2589;N;Y;N;;;GO;;OTB, NK;119.38;0.00;Wood;;1960-01-01;MFL;1959-01-01;;2003-04-23
IRL000I11286;;IRL;;;104.20;78.36;0.00;;22.86;0.00;STAR IMMACULATE;266;D266;;;Y;EI2601;N;Y;Y;;;MO;;OTB, NK;500.00;7.00;Wood;;1970-11-03;4G1;1970-01-01;;1994-07-11
IRL000I11287;;IRL;;;56.00;0.00;0.00;;17.53;0.00;STAR OF BETHLEHEM;269;D269;;;N;;N;Y;Y;;;TO;;OTB, NK;272.32;9.00;Wood;;1975-04-01;MFL;1975-01-01;;2004-02-18
IRL000I11288;;IRL;;;32.00;0.00;0.00;;13.23;0.00;STAR OF DAVID;60;C60;Cork;;Y;EI6818;Y;Y;N;8558091;;MO;;DRB, OTB, FPO, GNS, OTM;128.33;0.00;Wood;;1980-04-10;MFL;1979-01-01;;
IRL000I11289;;IRL;;;69.00;0.00;0.00;;21.82;0.00;STAR OF FAITH;260;D260;;;N;;Y;Y;Y;;;TO;;OTM, FPO;272.33;8.00;Wood;;1965-09-01;MFL;1956-01-01;;2006-01-18
IRL000I11290;;IRL;;;5.46;6.64;0.00;;9.95;0.00;STAR OF MULROY;392;SO392;;;N;;N;N;N;;;WO;;FPO, NK;32.83;0.00;Wood;;1972-01-01;4G1;1971-01-01;;1994-09-19
IRL000I11291;;IRL;;;148.00;0.00;0.00;;20.39;0.00;STAR OF NAZARETH;38;D38;;;Y;EI6635;Y;Y;Y;;;TO;;OTM, FPO;373.05;16.00;Wood;;1980-01-01;MFL;1980-01-01;2005-12-13;
IRL000I11292;;IRL;;;6.90;6.27;0.00;;10.36;0.00;STAR OF THE SEA;228;C228;;;N;;N;N;N;;;GO;;FPO, NK;52.23;0.00;Wood;;1948-09-09;4G1;1948-01-01;;1995-03-03
IRL000I11293;;IRL;;;4.14;4.21;0.00;;8.25;0.00;STAR OF ULSTER;692;SO692;;;N;;N;N;N;;;MO;;FPO, NK;26.86;0.00;Wood;;1980-06-03;4G1;1958-01-01;;1994-02-23
IRL000I11294;;IRL;;;37.36;30.01;0.00;;16.34;0.00;STARDUST;428;D428;;;N;;N;Y;Y;;;TO;;OTB, NK;135.00;0.00;Wood;;1987-05-25;4G1;1947-01-01;;1997-08-27
IRL000I11295;;IRL;;;61.36;48.00;0.00;;19.22;0.00;STARONIA;203;D203;;;N;;N;Y;Y;;;TO;;OTB, NK;208.91;0.00;Wood;;1987-02-02;4G1;1959-01-01;;1998-01-23
IRL000I11296;;IRL;;;102.00;0.00;0.00;;18.98;0.00;STELIMAR;146;W146;Waterford;;Y;EI2535;Y;Y;Y;8783816;;TO;;OTM, PTM, PTB, GNS, LLD, GND;309.63;0.00;Metal;;1986-02-20;MFL;1981-01-01;2023-06-28;
IRL000I11297;;IRL;;;8.78;0.00;0.00;;9.75;0.00;STEPHEN ANTHONY;38;C38;Cork;;Y;EI6168;N;N;N;;;MO;;FPO, DRB, GNS, LHP, GND, OTB;30.00;0.00;Wood;;1980-06-01;MFL;1980-01-01;;
IRL000I11298;;IRL;;;5.43;0.00;0.00;;9.33;0.00;STETRU;209;C209;;;Y;EIBE4;N;N;N;;;MO;;FPO, LHP;53.72;0.00;Wood;;1978-08-01;MFL;1978-01-01;;2012-04-10
IRL000I11299;;IRL;;;4.94;4.90;0.00;;8.23;0.00;STORMY JOHNNY;5;W5;;;N;;N;N;N;;;TO;;FPO, NK;33.00;0.00;Wood;;1983-01-01;4G1;1983-01-01;;1999-09-07
IRL000I11300;;IRL;;;6.01;0.00;0.00;;8.84;0.00;STORMY PETREL;42;WT42;;;N;;N;N;N;;;GO;;GND, FPO;32.83;0.00;Wood;;1979-01-01;MFL;1979-01-01;;2008-04-07
IRL000I11301;;IRL;;;3.64;0.00;0.00;;9.12;0.00;STRATH MARIE;602P;SO602P;;;Y;EI7961;N;N;N;;;WO;;FPO, NK;15.00;0.00;Wood;;1975-01-01;MFL;1975-01-01;2011-04-13;
IRL000I11302;;IRL;;;67.24;51.13;0.00;;20.42;0.00;STRATHCLYDE;812;SO812;;;Y;EI3150;N;Y;Y;;;MO;;OTB, GNS;156.68;9.00;Wood;;1986-06-01;4G1;1966-01-01;;1999-06-11
IRL000I11303;;IRL;;;62.58;50.94;0.00;;19.81;0.00;STRATHNAIRN;316;D316;;;N;;N;Y;Y;;;MO;;OTB, GNS;113.41;5.00;Wood;;1987-09-01;4G1;1955-01-01;;1999-07-13
IRL000I11305;;IRL;;;3.53;0.00;0.00;;8.52;0.00;SUMMER MOOD;703;SO703;;;Y;EI8123;N;N;N;;;MO;;GNS, FPO;23.13;0.00;Wood;;1979-01-01;MFL;1978-01-01;;2008-02-07
IRL000I11306;;IRL;;;7.54;0.00;0.00;;10.40;0.00;SUMMER SILVER;182;C182;;;Y;EI7616;N;N;N;;;GO;;GNS, NK;40.00;0.00;Wood;;1977-01-01;MFL;1977-01-01;;2006-11-06
IRL000I11307;;IRL;;;63.00;0.00;0.00;;18.25;0.00;SUMMER STAR;497;SO497;;;Y;EI6217;Y;Y;Y;;;TO;;OTM, GND;197.70;0.00;Wood;;1974-01-01;MFL;1974-01-01;2005-12-09;
IRL000I11308;;IRL;;;16.75;0.00;0.00;;11.89;0.00;SUNBEAM;630;D630;Dublin;;Y;EI3583;N;N;N;;;MO;;OTM, NK;94.75;6.00;Metal;;1979-01-01;MFL;1979-01-01;;2019-09-30
IRL000I11309;;IRL;;;3.38;3.44;0.00;;7.83;0.00;SUNDOWN;110;T110;Finland;;N;;N;N;N;;;MO;;DRB, NK;10.07;0.00;Wood;;1967-01-01;4G1;1967-01-01;;1992-11-06
IRL000I11310;;IRL;;;3.63;0.00;0.00;;8.53;0.00;SUNFLOWER;143;W143;Waterford;;N;;N;N;N;;;MO;;GND, FPO;22.38;0.00;Wood;;1928-01-31;MFL;1928-01-01;;
IRL000I11311;;IRL;;;83.14;61.64;0.00;;22.51;0.00;SUNSHINE II;566;D566;;;N;;N;Y;Y;;;MO;;OTB, NK;113.41;0.00;Wood;;1987-07-01;4G1;1956-01-01;;1996-05-10
IRL000I11312;;IRL;;;76.00;0.00;0.00;;19.81;0.00;SUPREME;336;D336;;;Y;EIRK;Y;Y;Y;;;TO;;GND, NK;309.63;15.00;Wood;;1976-01-01;MFL;1975-01-01;2008-11-17;
IRL000I11313;;IRL;;;56.15;53.92;0.00;;19.17;0.00;SURESWIFT;287;W287;;;Y;E12830;N;Y;Y;;;TO;;OTB, NK;171.60;0.00;Wood;;1968-01-01;4G1;1950-01-01;1996-05-10;
IRL000I11314;;IRL;;;11.51;0.00;0.00;;11.28;0.00;SUSAN MARIA;219;C219;Cork;;Y;EI7384;N;N;N;;;MO;;FPO, GNS;94.50;0.00;Fiber/Plastic;;1979-02-08;MFL;1977-01-01;;
IRL000I11315;;IRL;;;10.39;11.00;0.00;;10.36;0.00;SUSANNE;803;SO803;;;N;;N;N;N;;;FX;;FPO, NK;55.21;0.00;Wood;;1986-09-24;4G1;1986-01-01;;1998-03-30
IRL000I11316;;IRL;;;4.43;4.71;0.00;;9.30;0.00;SWEET NELLIE;376;SO376;;;N;;N;N;N;;;NO;;DRB, NK;14.92;0.00;Wood;;1971-01-01;4G1;1971-01-01;;1996-06-21
IRL000I11317;;IRL;;;12.18;0.00;0.00;;11.12;0.00;SWEET CHARITY;206;G206;United Kingdom;;Y;EI7387;N;N;N;;;GO;;OTM, NK;89.53;0.00;Wood;;1988-07-01;MFL;1978-01-01;2010-08-26;
IRL000I11318;;IRL;;;12.71;0.00;0.00;;10.52;0.00;ROS EIREANN;663;SO663;;;Y;EI2133;N;N;N;;;WO;;GND, GNS;89.53;0.00;Wood;;1986-01-01;MFL;1984-01-01;;2017-03-02
IRL000I11319;;IRL;;;40.18;34.74;0.00;;15.79;0.00;SYLVANA;209;D209;;;N;;N;Y;Y;;;TO;;OTB, NK;149.22;0.00;Wood;;1969-03-25;4G1;1956-01-01;;1992-09-30
IRL000I11320;;IRL;;;65.37;46.31;0.00;;21.00;0.00;SYLVIE LYDIE;628;D628;;;N;;N;Y;Y;;;TO;;OTB, GNS;308.89;0.00;Metal;;1989-02-24;4G1;1962-01-01;1999-10-05;
IRL000I11321;;IRL;;;5.01;0.00;0.00;;8.69;0.00;TAMARISK;187A;T187A;Finland;;Y;EIDV2;N;N;N;;;DO;;DRB, NK;29.83;0.00;Wood;;1989-01-01;AQU;1980-01-01;;2017-04-12
IRL000I11322;;IRL;;;27.88;26.59;0.00;;15.24;0.00;TAOBH A GLEANNA;269;T269;Finland;;N;;N;Y;Y;;;TO;;OTB, NK;89.53;0.00;Wood;;1959-06-30;4G1;1959-01-01;;1995-09-19
IRL000I11323;;IRL;;;10.85;11.58;0.00;;11.37;0.00;TEELIN BAY;420;SO420;;;N;;N;N;N;;;TO;;FPO, NK;66.03;0.00;Wood;;1972-06-21;4G1;1972-01-01;;2002-12-04
IRL000I11324;;IRL;;;2.88;2.95;0.00;;7.92;0.00;TEMPLEMOYLE;386;SO386;;;N;;N;N;N;;;MO;;FPO, GTR;18.65;0.00;Wood;;1948-01-01;4G1;1948-01-01;;1999-09-15
IRL000I11325;;IRL;;;35.00;0.00;0.00;;15.42;0.00;THE ASSUMPTA;199;T199;Finland;;Y;EI6221;Y;Y;Y;;;TO;;DRB, GNS;140.00;0.00;Wood;;1974-01-01;MFL;1974-01-01;;2010-08-30
IRL000I11326;;IRL;;;4.75;5.10;0.00;;8.05;0.00;THE BERYL J;192;C192;;;N;;N;N;N;;;FX;;FPO, NK;14.55;0.00;Wood;;1978-01-01;4G1;1978-01-01;;1999-04-19
IRL000I11327;;IRL;;;2.58;0.00;0.00;;6.55;0.00;THE BREDA;185;C185;;;Y;EI7270;N;N;N;;;WO;;LHP, GNS;14.92;0.00;Fiber/Plastic;;1978-01-01;MFL;1978-01-01;;2016-07-13
IRL000I11328;;IRL;;;8.59;9.35;0.00;;11.00;0.00;THE CARRIG CANNON;475;SO475;;;N;;N;N;N;;;WO;;FPO, NK;46.26;0.00;Wood;;1973-01-01;4G1;1973-01-01;;1992-12-04
IRL000I11329;;IRL;;;8.00;0.00;0.00;;10.97;0.00;THE DINGLE DAWN;111;T111;Tralee;;Y;EI5436;N;N;N;;;GO;;GND, FPO;70.13;0.00;Wood;;1986-01-01;MFL;1983-01-01;;
IRL000I11330;;IRL;;;2.04;3.65;0.00;;8.14;0.00;THE DOVE;496;D496;;;N;;N;N;N;;;GO;;FPO, NK;9.70;0.00;Wood;;1969-09-15;4G1;1969-01-01;;1998-09-18
IRL000I11331;;IRL;;;3.25;2.97;0.00;;8.17;0.00;THE EAGLE;72;WT72;;;N;;N;N;N;;;GO;;FPO, NK;9.70;0.00;Wood;;1971-05-01;4G1;1971-01-01;;1995-05-03
IRL000I11332;;IRL;;;1.32;0.00;0.00;;6.49;0.00;THE EARLY BIRD;807;SO807;;;N;;N;N;N;;;TO;;GND, FPO;5.97;0.00;Wood;;1987-02-13;MFL;1971-01-01;;2013-06-05
IRL000I11333;;IRL;;;2.50;3.89;0.00;;6.16;0.00;THE EILEEN;213;C213;;;N;;N;N;N;;;FX;;DRB, NK;16.41;0.00;Wood;;1978-01-01;4G1;1978-01-01;;1999-10-27
IRL000I11334;;IRL;;;6.63;0.00;0.00;;9.75;0.00;THE GIRL AFRIC;295;SO295;;;N;;N;N;N;;;GO;;GND, FPO;30.78;0.00;Wood;;1970-01-01;MFL;1970-01-01;;2005-12-20
IRL000I11335;;IRL;;;9.57;0.00;0.00;;11.20;0.00;THE GIRL KATHLEEN;107;WT107;Westport;;Y;EI6235;N;N;N;;;MO;;GNS, FPO;89.53;0.00;Wood;;1976-03-15;MFL;1976-01-01;;
IRL000I11336;;IRL;;;20.72;19.58;0.00;;12.25;0.00;GLEN ROVER;242;C242;;;N;;N;Y;N;;;MO;;OTB, GNS;94.75;0.00;Wood;;1987-02-14;4G1;1980-01-01;;1999-10-05
IRL000I11337;;IRL;;;7.15;6.54;0.00;;10.61;0.00;THE GUARDIAN ANGEL;590;SO590;;;N;;N;N;N;;;FX;;FPO, NK;25.37;0.00;Wood;;1976-01-01;4G1;1975-01-01;;2001-01-12
IRL000I11338;;IRL;;;2.02;3.22;0.00;;7.89;0.00;THE IMMIGRANT;41;T41;Finland;;N;;N;N;N;;;MO;;PS, NK;119.38;0.00;Wood;;1987-06-01;4GZ;1987-01-01;;1998-04-30
IRL000I11339;;IRL;;;27.16;26.43;0.00;;14.39;0.00;THE LADS;658;D658;;;N;;N;Y;N;;;MO;;OTB, NK;74.61;0.00;Wood;;1983-01-01;4G1;1945-01-01;;1992-12-02
IRL000I11340;;IRL;;;3.38;0.00;0.00;;8.53;0.00;THE LONG VALLEY;510;SO510;;;N;;N;N;N;;;MO;;PS, DRB;18.65;0.00;Wood;;1974-09-01;MFL;1974-01-01;;2005-06-20
IRL000I11341;;IRL;;;3.47;3.44;0.00;;8.53;0.00;THE MARY;284;SO284;;;N;;N;N;N;;;FX;;FPO, NK;9.74;0.00;Wood;;1941-07-26;4G1;1939-01-01;2000-06-13;
IRL000I11342;;IRL;;;3.72;3.87;0.00;;8.38;0.00;THE MAY FLOWER;622;SO622;;;N;;N;N;N;;;MO;;DRB, NK;11.94;0.00;Wood;;1976-01-01;4G1;1976-01-01;;1997-12-04
IRL000I11344;;IRL;;;8.28;7.29;0.00;;9.45;0.00;THE NOEL;633;D633;;;N;;N;N;N;;;TO;;FPO, NK;44.77;0.00;Wood;;1989-01-24;4G1;1948-01-01;2000-08-28;
IRL000I11345;;IRL;;;9.34;9.55;0.00;;11.43;0.00;THE PATRICK J;61;WT61;;;N;;N;N;N;;;MO;;FPO, NK;89.53;0.00;Wood;;1982-08-11;4G1;1982-01-01;;1998-08-10
IRL000I11346;;IRL;;;1.48;0.00;0.00;;6.25;0.00;THE PROMISE;309;T309;Tralee;;Y;EIOI2;N;N;N;;;WO;;FPO, NK;8.95;0.00;Wood;;1978-01-01;MFL;1978-01-01;;2019-02-05
IRL000I11348;;IRL;;;1.92;3.21;0.00;;7.62;0.00;THE RISING SUN;194;T194;Finland;;N;;N;N;N;;;MO;;DRB, NK;89.53;0.00;Wood;;1976-12-11;4GZ;1976-01-01;;1998-03-09
IRL000I11349;;IRL;;;83.75;0.00;0.00;;19.14;0.00;THE ROVING SWAN;50;T50;Finland;;N;;N;Y;Y;;;TO;;OTB, NK;279.79;19.00;Wood;;1975-10-01;MFL;1975-01-01;;2003-05-02
IRL000I11350;;IRL;;;1.11;1.18;0.00;;5.67;0.00;THE STAR;7;DK7;;;N;;N;N;N;;;GO;;FPO, NK;7.46;0.00;Wood;;1985-07-15;4G1;1984-01-01;;2002-12-04
IRL000I11351;;IRL;;;5.93;0.00;0.00;;9.45;0.00;THE STAR OF THE OCEAN;387;SO387;;;N;;N;N;N;;;WO;;FPO, NK;14.55;0.00;Wood;;1971-11-23;MFL;1971-01-01;;2003-01-22
IRL000I11352;;IRL;;;28.35;25.46;0.00;;14.66;0.00;THE THREE FLOWERS;326;D326;;;N;;N;Y;N;;;TO;;OTB, NK;70.88;0.00;Wood;;1958-01-01;4G1;1958-01-01;;1996-12-20
IRL000I11353;;IRL;;;4.76;5.98;0.00;;7.92;0.00;VIRTUE;47;S47;;;N;;N;N;N;;;FX;;DRB, NK;16.41;0.00;Wood;;1975-12-31;4GZ;1975-01-01;;1999-06-11
IRL000I11355;;IRL;;;7.89;9.00;0.00;;9.14;0.00;THISTLE;87;W87;;;N;;N;N;N;;;GO;;FPO, NK;17.91;0.00;Wood;;1982-11-19;4G1;1960-01-01;;1995-01-06
IRL000I11356;;IRL;;;74.68;64.56;0.00;;19.81;0.00;THOMAS MC DONAGH;509;D509;;;N;;N;Y;Y;;;MO;;PS, NK;179.06;15.00;Wood;;1969-04-02;4G1;1969-01-01;;1996-12-11
IRL000I11357;;IRL;;;8.06;8.70;0.00;;10.39;0.00;THOMOND PRINCESS;109;G109;United Kingdom;;N;;N;N;N;;;MO;;FPO, NK;57.45;0.00;Wood;;1972-01-01;4G1;1972-01-01;;1998-06-10
IRL000I11358;;IRL;;;7.04;8.31;0.00;;9.40;0.00;THORN;853;SO853;;;N;;N;N;N;;;WO;;FPO, NK;53.72;0.00;Wood;;1973-10-01;4G1;1973-01-01;;1994-10-21
IRL000I11359;;IRL;;;6.63;0.00;0.00;;10.59;0.00;THREE BOYS;138;C138;;;Y;EI5211;N;N;N;;;MO;;OTM, GND;104.45;0.00;Wood;;1983-01-01;MFL;1978-01-01;;2012-04-30
IRL000I11360;;IRL;;;1.64;1.78;0.00;;6.95;0.00;THREE FLOWERS;32;WT32;;;N;;N;N;N;;;MO;;DRB, NK;12.68;0.00;Wood;;1986-04-04;4G1;1972-01-01;;1999-06-21
IRL000I11361;;IRL;;;17.72;18.87;0.00;;11.19;0.00;THRESHLYN;795;SO795;;;N;;N;N;N;;;TO;;FPO, NK;83.56;0.00;Wood;;1987-06-25;4G1;1960-01-01;;2001-05-02
IRL000I11362;;IRL;;;0.62;0.00;0.00;;5.09;0.00;THRIFTY;171;SO171;Sligo;;N;;N;N;N;;;FX;;GND, FPO;2.24;0.00;Wood;;1960-01-01;MFL;1960-01-01;;
IRL000I11363;;IRL;;;44.25;46.10;0.00;;16.52;0.00;TON TON LOUIS;488;D488;;;N;;N;Y;Y;;;TO;;PS, NK;134.30;0.00;Wood;;1968-04-27;4G1;1958-01-01;;1994-05-23
IRL000I11364;;IRL;;;8.75;7.48;0.00;;12.19;0.00;TOPAZ II;38;G38;United Kingdom;;N;;N;Y;N;;;MO;;OTB, NK;89.53;0.00;Wood;;1980-01-01;4G1;1979-01-01;;1995-05-03
IRL000I11365;;IRL;;;4.49;0.00;0.00;;10.55;0.00;TOR GLASS;164;D164;;;N;;N;N;N;;;WO;;FPO, NK;14.92;0.00;Wood;;1965-01-01;MFL;1965-01-01;;2006-05-26
IRL000I11366;;IRL;;;68.03;56.94;0.00;;20.73;0.00;TORFNESS;378;D378;;;N;;N;Y;Y;;;TO;;OTB, GNS;113.41;4.00;Wood;;1987-01-01;4G1;1947-01-01;;2000-02-09
IRL000I11368;;IRL;;;0.50;0.60;0.00;;5.79;0.00;TRA BHEAG;35;T35;Finland;;N;;N;N;N;;;WO;;FPO, NK;70.88;0.00;Wood;;1986-06-01;4G1;1986-01-01;;1993-06-21
IRL000I11369;;IRL;;;5.78;0.00;0.00;;9.60;0.00;TRA VALLEY;147;G147;United Kingdom;;N;;N;N;N;;;MO;;PS, OTM;53.72;0.00;Wood;;1982-11-08;MFL;1968-01-01;;2013-09-17
IRL000I11370;;IRL;;;3.88;0.00;0.00;;8.60;0.00;TRALISPEEN ROSE;195;C195;;;Y;EI3873;N;N;N;;;MO;;DRB, GND;14.92;0.00;Wood;;1978-01-01;MFL;1977-01-01;;2016-01-18
IRL000I11372;;IRL;;;30.20;0.00;0.00;;14.95;0.00;TRINITY;729;SO729;Sligo;;Y;EI2145;N;Y;N;;;TO;;OTB, GNS;171.60;15.00;Metal;;1981-01-01;MFL;1980-01-01;;
IRL000I11373;;IRL;;;41.00;0.00;0.00;;19.24;0.00;TRUDELLA;864;SO864;;;N;;Y;Y;Y;;;SO;;DRB, NK;208.91;0.00;Metal;;1987-05-01;MFL;1947-01-01;;2008-05-21
IRL000I11374;;IRL;;;9.32;0.00;0.00;;9.72;0.00;TUDOR LADY;150;W150;Waterford;;Y;EIHJ6;N;N;N;;;WO;;OTM, LNB;70.88;0.00;Wood;;1979-12-09;MFL;1979-01-01;;
IRL000I11375;;IRL;;;4.37;0.00;0.00;;8.63;0.00;TURNOG;108;G108;Galway;;Y;EIDL9;N;N;N;;;WO;;GNS, FPO, LHP;26.86;0.00;Wood;;1973-01-01;MFL;1971-01-01;;
IRL000I11376;;IRL;;;1.47;4.30;0.00;;7.32;0.00;TUSCANY;856;SO856;;;N;;N;N;N;;;MO;;DRB, NK;13.43;0.00;Wood;;1988-04-01;4G1;1988-01-01;;1996-07-23
IRL000I11378;;IRL;;;6.24;6.98;0.00;;9.14;0.00;TUSKAR PRIDE;88;WD88;;;N;;N;N;N;;;WO;;FPO, NK;62.67;0.00;Wood;;1979-10-17;4G1;1979-01-01;;1998-06-10
IRL000I11379;;IRL;;;9.83;7.63;0.00;;9.75;0.00;TWILIGHT;174;G174;United Kingdom;;N;;N;N;N;;;MO;;FPO, NK;74.61;0.00;Wood;;1977-01-01;4G1;1977-01-01;;1999-02-23
IRL000I11380;;IRL;;;43.68;36.95;0.00;;17.07;0.00;TWILIGHT STAR;198;S198;;;N;;N;Y;Y;;;FX;;OTB, GNS;201.45;0.00;Wood;;1957-01-01;4G1;1957-01-01;;2000-02-04
IRL000I11381;;IRL;;;3.53;0.00;0.00;;8.05;0.00;TWILIGHT STAR;27;WT27;Westport;;Y;EI8790;N;N;N;;;MO;;GNS, GND, FPO, LHP, DRB;22.38;0.00;Wood;;1979-01-01;MFL;1979-01-01;;2022-03-02
IRL000I11382;;IRL;;;98.04;69.40;0.00;;22.31;0.00;TWINKLING STAR;149;W149;;;N;;N;Y;Y;;;TO;;OTB, GNS;171.60;9.00;Wood;;1981-04-01;4G1;1961-01-01;;1999-11-16
IRL000I11383;;IRL;;;12.96;11.75;0.00;;9.75;0.00;TWIT;342;SO342;;;N;;N;N;N;;;MO;;FPO, NK;14.92;0.00;Wood;;1972-01-01;4G1;1970-01-01;;1993-06-21
IRL000I11384;;IRL;;;5.73;0.00;0.00;;9.30;0.00;UISCE BEATHA;215;C215;Cork;;Y;EI3769;N;N;N;;;MO;;FPO, DRB;89.53;0.00;Wood;;1980-01-01;MFL;1980-01-01;;
IRL000I11385;;IRL;;;112.00;0.00;0.00;;21.34;0.00;UNA ALAN;178;S178;;;Y;E.I.J.F;Y;Y;Y;;;TO;;OTB, NK;309.63;11.00;Wood;;1973-10-01;MFL;1973-01-01;;2004-01-29
IRL000I11386;;IRL;;;9.90;0.00;0.00;;10.82;0.00;UNA MARIE;710;SO710;Sligo;;Y;EI4066;N;N;N;;;MO;;GND, SSC, FPO;53.72;0.00;Wood;;1980-01-01;MFL;1979-01-01;;
IRL000I11387;;IRL;;;92.43;66.44;0.00;;21.21;0.00;UTOPIA;567;D567;;;N;;N;Y;Y;;;TO;;OTB, GNS;272.33;86.00;Wood;;1988-10-01;4G1;1969-01-01;;2000-06-08
IRL000I11388;;IRL;;;41.93;0.00;0.00;;17.68;0.00;UTOPIA;43;T43;Finland;;N;;N;Y;Y;;;TO;;OTB, NK;179.06;0.00;Wood;;1985-01-01;MFL;1948-01-01;;2004-12-01
IRL000I11389;;IRL;;;26.53;25.86;0.00;;14.48;0.00;VEGA;102;W102;;;N;;N;Y;N;;;MO;;OTB, NK;70.88;0.00;Wood;;1950-11-01;4G1;1950-01-01;;1995-07-20
IRL000I11390;;IRL;;;4034.00;0.00;0.00;;91.30;0.00;VERONICA;602;D602;;;Y;EIDQ;N;Y;Y;;;FX;;OTB, NK;4849.65;1343.00;Metal;;1987-12-01;4G1;1987-01-01;;1993-07-08
IRL000I11391;;IRL;;;24.33;0.00;0.00;;20.12;0.00;VERTROUWEN;100;WD100;;;N;;N;Y;Y;;;FX;;DRB, NK;114.15;0.00;Metal;;1983-01-01;MFL;1928-01-01;;2003-02-01
IRL000I11392;;IRL;;;6.28;0.00;0.00;;9.20;0.00;VESSEL OF HONOUR;776;SO776;Sligo;;Y;EI3456;N;N;N;;;MO;;DRB, NK;28.00;0.00;Wood;;1984-07-04;MFL;1984-01-01;;2023-09-20
IRL000I11393;;IRL;;;77.44;69.44;0.00;;21.15;0.00;VESTKUSTEN;122;D122;;;N;;N;Y;Y;;;MO;;OTB, NK;0.00;0.00;Wood;;1969-10-23;4G1;1950-01-01;;1996-12-11
IRL000I11394;;IRL;;;59.16;0.00;0.00;;25.27;0.00;VIER GEBROEDERS;97;WD97;;;Y;EI2799;Y;Y;Y;;;DO;;DRB, NK;173.84;0.00;Metal;;1979-01-01;MFL;1921-01-01;;2004-09-23
IRL000I11395;;IRL;;;4.17;8.26;0.00;;9.14;0.00;VILLAGE GIRL;42;W42;;;N;;N;N;N;;;GO;;FPO, NK;53.72;0.00;Wood;;1968-01-01;4G1;1968-01-01;;1997-12-04
IRL000I11396;;IRL;;;39.00;0.00;0.00;;15.18;0.00;VILLAGE MAID;315;SO315;;;Y;EI6886;Y;Y;Y;;;TO;;GND, NK;179.06;0.00;Wood;;1970-01-01;MFL;1961-01-01;;2005-10-04
IRL000I11397;;IRL;;;278.00;0.00;0.00;;35.05;0.00;SKELLIG LIGHT;135;D135;;;Y;EICD;Y;Y;Y;;;TO;;GND, NK;895.32;0.00;Metal;;1981-05-07;MFL;1966-01-01;;2006-04-05
IRL000I11398;;IRL;;;4.90;0.00;0.00;;9.82;0.00;VIOLET II;69;W69;;;Y;EI8622;N;N;N;;;GO;;GNS, NK;24.62;0.00;Wood;;1965-12-31;MFL;1965-01-01;;2012-02-15
IRL000I11399;;IRL;;;32.29;21.69;0.00;;15.24;0.00;VIRGINIA;202;W202;;;Y;EI2084;N;Y;Y;;;MO;;OTB, NK;70.88;4.00;Wood;;1979-12-31;4G1;1979-01-01;;1995-05-03
IRL000I11400;;IRL;;;92.57;0.00;0.00;;23.23;0.00;VITA NOVA;99;WD99;;;N;;N;Y;Y;;;MO;;DRB, NK;220.00;5.00;Metal;;1984-01-01;MFL;1967-01-01;;2003-01-04
IRL000I11401;;IRL;;;2.34;0.00;0.00;;7.07;0.00;BOY ADAM;112;WD112;Wexford;;Y;EI2855;N;N;N;;;MO;;GNS, DRB, DRM, FPO, LHP;26.86;0.00;Wood;;1987-10-01;MFL;1987-01-01;;
IRL000I11402;;IRL;;;56.00;0.00;0.00;;20.92;0.00;VRIJHEID;105;D105;;;Y;EI6310;Y;Y;Y;;;TO;;DRB, FPO;149.22;0.00;Metal;;1975-01-28;MFL;1949-01-01;2006-05-22;
IRL000I11403;;IRL;;;73.00;0.00;0.00;;18.59;0.00;WARREN LOCK;161;D161;;;Y;EI6182;Y;Y;Y;;;TO;;OTM, NK;238.75;0.00;Wood;;1985-01-01;MFL;1968-01-01;;2008-03-14
IRL000I11404;;IRL;;;2.75;3.33;0.00;;7.92;0.00;WATER BEETLE;57;W57;;;N;;N;N;N;;;TO;;FPO, GTR;9.70;0.00;Wood;;1937-12-31;4G1;1937-01-01;;2000-07-07
IRL000I11405;;IRL;;;91.38;70.81;0.00;;21.31;0.00;WAVE CREST;519;D519;;;N;;N;Y;Y;;;TO;;OTB, NK;310.00;0.00;Wood;;1969-06-21;4G1;1965-01-01;;2002-12-04
IRL000I11406;;IRL;;;13.47;0.00;0.00;;13.81;0.00;WAVE SWEEPER;105;C105;Cork;;Y;EI5755;Y;Y;N;;;MO;;GND, OTB, DRB, LHP, GNS, FPO;55.00;0.00;Wood;;1973-01-01;MFL;1973-01-01;;
IRL000I11407;;IRL;;;1.87;0.00;0.00;;6.94;0.00;WAYSIDE FLOWER;234;D234;;;N;;N;N;N;;;WO;;GND, FPO;5.97;0.00;Wood;;1975-03-19;MFL;1963-01-01;;2013-08-22
IRL000I11408;;IRL;;;3.44;0.00;0.00;;8.53;0.00;WENDY;575;SO575;;;Y;EI2553;N;N;N;;;MO;;DRB, NK;14.92;0.00;Wood;;1975-08-01;MFL;1975-01-01;;2010-09-24
IRL000I11409;;IRL;;;6.35;0.00;0.00;;10.39;0.00;WENDY CHRISTINE;144;W144;Waterford;;Y;EI4548;N;N;N;;;MO;;GND, NK;71.63;0.00;Metal;;1980-06-01;MFL;1980-01-01;;
IRL000I11410;;IRL;;;28.57;26.77;0.00;;15.54;0.00;WESTARDS;851;SO851;;;Y;EI2192;N;Y;Y;;;MO;;OTB, GNS;126.84;7.00;Wood;;1988-09-01;4G1;1955-01-01;;1999-09-07
IRL000I11411;;IRL;;;312.00;0.00;0.00;;33.24;0.00;WESTERLEA;635;D635;;;Y;EI2585;Y;Y;Y;;;TO;;OTB, NK;746.10;0.00;Metal;;1987-01-01;MFL;1972-01-01;;2004-05-26
IRL000I11412;;IRL;;;23.00;0.00;0.00;;12.04;0.00;WESTERN DAWN;44;T44;Tralee;;Y;EI7542;Y;Y;N;8558209;;MO;;GTR, FPO, OTM, PTB, GNS, PTM;145.49;4.00;Wood;;1987-12-01;MFL;1987-01-01;;
IRL000I11413;;IRL;;;1988.00;0.00;0.00;;71.00;0.00;WESTERN ENDEAVOUR;653;D653;Dublin;;Y;EIDN;Y;Y;Y;8610681;;TO;;OTM, NK;2984.40;918.00;Metal;;1987-06-01;MFL;1987-01-01;;
IRL000I11414;;IRL;;;43.55;0.00;0.00;;14.87;0.00;SEA VENTURE;245;C245;Cork;;Y;EI2900;Y;Y;N;;;MO;;OTM, PTM, GNS, FPO, PTB, OTB;114.00;0.00;Wood;;1981-01-01;MFL;1980-01-01;;
IRL000I11415;;IRL;;;737.22;0.00;0.00;;47.96;0.00;WESTERN VIKING;718;SO718;Sligo;;Y;EIPV;N;Y;Y;;;TT;;OTM, PTM;1544.00;455.00;Metal;;1980-12-01;4G2;1980-01-01;;
IRL000I11416;;IRL;;;10.74;0.00;0.00;;10.21;0.00;EOMHUIN MACHA;35;L35;Finland;;Y;EI7682;N;N;N;;;MO;;LHP, OTM;100.00;0.00;Wood;;1980-07-01;MFL;1980-01-01;;2015-12-22
IRL000I11417;;IRL;;;256.00;0.00;0.00;;27.00;0.00;EX CARMAROSE;555;SO555;;;Y;EIKW;Y;Y;Y;;;TO;;OTM, NK;670.60;224.00;Metal;;1982-09-01;MFL;1982-01-01;;2015-08-06
IRL000I11418;;IRL;;;3.42;0.00;0.00;;6.61;0.00;WHILKEEN;52;WD52;Wexford;;Y;EI3333;N;N;N;;;MO;;FPO, OTM;22.38;0.00;Wood;;1974-10-24;MFL;1974-01-01;;
IRL000I11419;;IRL;;;24.48;24.30;0.00;;13.87;0.00;WHITBY LIGHT;164;G164;United Kingdom;;N;;N;Y;N;;;MO;;OTB, GNS;70.88;0.00;Wood;;1961-01-01;4G1;1961-01-01;;1999-05-27
IRL000I11420;;IRL;;;49.00;0.00;0.00;;16.96;0.00;WHITEBANK;12;C12;;;Y;EI3297;N;Y;Y;;;GO;;OTB, NK;133.00;0.00;Wood;;1989-08-01;MFL;1960-01-01;;2004-09-01
IRL000I11421;;IRL;;;2.67;2.46;0.00;;9.14;0.00;WIDGEON;5;C5;;;N;;N;N;N;;;GO;;FPO, NK;41.04;0.00;Wood;;1969-05-15;4G1;1940-01-01;;1993-09-08
IRL000I11422;;IRL;;;41.00;0.00;0.00;;15.85;0.00;WILD WAVE;541;D541;;;N;;Y;Y;Y;;;TO;;GND, NK;160.41;16.00;Wood;;1971-09-01;MFL;1971-01-01;;2005-10-25
IRL000I11424;;IRL;;;1.82;2.06;0.00;;5.61;0.00;WILLIAM H;187;W187;;;N;;N;N;N;;;MO;;PS, NK;12.68;0.00;Wood;;1987-03-01;4G1;1985-01-01;;1999-09-15
IRL000I11425;;IRL;;;74.26;58.40;0.00;;21.34;0.00;XMAS MORN;426;D426;;;N;;N;Y;Y;;;TO;;OTB, NK;113.41;0.00;Wood;;1962-01-01;4G1;1952-01-01;;1994-02-04
IRL000I11426;;IRL;;;5.20;5.50;0.00;;9.30;0.00;YANKEE GIRL;129;C129;;;N;;N;N;N;;;TO;;FPO, NK;55.96;0.00;Wood;;1933-01-01;4G1;1931-01-01;;1996-12-11
IRL000I11427;;IRL;;;5.92;0.00;0.00;;9.45;0.00;YOUNG JOHN II;365;D365;;;N;;N;N;N;;;MO;;PS, NK;17.91;0.00;Wood;;1988-03-30;MFL;1971-01-01;;2004-11-04
IRL000I11428;;IRL;;;7.56;8.84;0.00;;10.85;0.00;ZEDORA;47;C47;;;N;;N;N;N;;;GO;;FPO, NK;47.00;0.00;Wood;;1963-01-01;4G1;1963-01-01;;1993-07-20
IRL000I11429;;IRL;;;107.51;0.00;0.00;;21.82;0.00;ZEEMANSBLIK II;178;W178;;;N;;N;Y;Y;;;TO;;OTB, NK;279.79;0.00;Metal;;1989-08-07;MFL;1970-01-01;;2003-01-09
IRL000I11430;;IRL;;;76.24;0.00;0.00;;31.70;0.00;ZEEMEEUW;116;WD116;;;Y;OPAN;Y;Y;Y;;;FX;;DRB, NK;238.75;82.00;Metal;;1988-01-01;MFL;1930-01-01;;2004-08-19
IRL000I11431;;IRL;;;1.08;1.46;0.00;;4.88;0.00;ANNIE D;605;D605;;;N;;N;N;N;;;FX;;FPO, GTR;4.48;0.00;Wood;;1976-01-01;4G1;1976-01-01;;2000-07-06
IRL000I11432;;IRL;;;4.41;0.00;0.00;;6.58;0.00;CEANN SLEA;27;T27;Finland;;Y;EI8799;N;N;N;;;WO;;GND, NK;14.92;0.00;Wood;;1978-06-01;MFL;1978-01-01;;2017-09-21
IRL000I11433;;IRL;;;53.00;0.00;0.00;;18.26;0.00;OILEAN BAOI;471;D471;;;Y;EI5103;Y;Y;Y;;;TO;;GND, NK;223.83;0.00;Wood;;1982-01-01;MFL;1962-01-01;;2004-09-27
IRL000I11434;;IRL;;;25.99;27.00;0.00;;15.24;0.00;ROS INBHIR;836;SO836;;;N;;N;Y;Y;;;TO;;OTB, NK;134.30;0.00;Wood;;1951-01-01;4G1;1951-01-01;;2002-12-04
IRL000I11435;;IRL;;;13.52;0.00;0.00;;11.95;0.00;TRAZBAR;787;SO787;Sligo;;Y;EIAN4;N;N;N;;;GO;;FPO, GNS, LHP;82.07;0.00;Wood;;1984-06-01;MFL;1974-01-01;;
IRL000I11436;;IRL;;;86.57;54.96;0.00;;21.95;0.00;VICTORY;506;D506;;;N;;N;Y;Y;;;TO;;OTB, NK;179.06;0.00;Wood;;1976-12-01;4G1;1976-01-01;;1996-02-27
IRL000I11437;;IRL;;;66.54;55.22;0.00;;20.12;0.00;CONTESTER P;627;D627;;;N;;N;Y;Y;;;TO;;OTB, NK;238.75;19.00;Wood;;1990-05-10;4G1;1957-01-01;;1993-11-02
IRL000I11438;;IRL;;;78.00;0.00;0.00;;22.25;0.00;SALLY G;871;SO871;;;Y;EI3930;Y;Y;Y;;;TO;;OTM, FPO;164.14;15.00;Metal;;1989-01-01;MFL;1959-01-01;2006-02-06;
IRL000I11439;;IRL;;;41.92;42.18;0.00;;17.36;0.00;ALAN DAVID;387;D387;;;N;;N;Y;Y;;;TO;;OTB, NK;182.79;0.00;Wood;;1952-12-31;4G1;1952-01-01;1996-03-12;
IRL000I11440;;IRL;;;2.82;5.06;0.00;;8.53;0.00;ST ANTHONY;10;S10;;;Y;EI2167;N;N;N;;;LO;;DRB, NK;9.70;0.00;Wood;;1925-01-01;4G1;1925-01-01;;2001-11-07
IRL000I11441;;IRL;;;9.02;0.00;0.00;;9.45;0.00;BOLD WARRIOR;643;D643;;;N;;N;N;N;;;TO;;OTM, FPO;48.50;0.00;Wood;;1984-06-01;MFL;1978-01-01;;2010-11-03
IRL000I11442;;IRL;;;81.41;69.58;0.00;;20.79;0.00;GYPSY ROSE;611;D611;;;N;;N;N;N;;;FX;;DRB, NK;0.00;0.00;Wood;;1990-10-01;4GZ;1957-01-01;;1990-10-22
IRL000I11443;;IRL;;;462.00;0.00;0.00;;38.13;0.00;AINE;734;SO734;;;Y;EI5057;N;Y;Y;;;TO;;OTM, NK;1105.00;224.00;Metal;;1981-11-01;4G2;1981-01-01;;1998-12-10
IRL000I11444;;IRL;;;5.59;5.34;0.00;;10.24;0.00;HAZEL CAROL;122;WD122;;;N;;N;N;N;;;WO;;FPO, NK;16.41;0.00;Wood;;1989-09-11;4GZ;1988-01-01;;1996-11-20
IRL000I11445;;IRL;;;3.36;6.05;0.00;;10.06;0.00;ROINN RUA;99;WT99;;;N;;N;N;N;;;GO;;FPO, NK;33.00;0.00;Wood;;1973-01-02;4G1;1972-01-01;;2000-11-14
IRL000I11446;;IRL;;;60.23;70.00;0.00;;17.98;0.00;MARITA ANN;156;T156;Finland;;N;;N;Y;Y;;;TO;;OTB, NK;298.44;0.00;Wood;;1971-01-01;4G1;1953-01-01;;1992-01-30
IRL000I11447;;IRL;;;32.12;24.98;0.00;;15.07;0.00;MIDAS;34;WT34;;;N;;N;Y;Y;;;TO;;OTB, NK;95.00;0.00;Wood;;1978-11-24;4G1;1960-01-01;;1997-08-27
IRL000I11448;;IRL;;;2.00;3.32;0.00;;7.86;0.00;NORA DALY;14;WT14;;;N;;N;N;N;;;MO;;FPO, GTR;93.26;0.00;Wood;;1990-06-28;4G1;1990-01-01;;1999-04-19
IRL000I11449;;IRL;;;90.27;0.00;0.00;;24.93;0.00;TARNO;340;S340;;;Y;EI3168;Y;Y;Y;;;TO;;OTB, NK;537.00;37.00;Wood;;1990-01-24;MFL;1961-01-01;;2004-12-01
IRL000I11450;;IRL;;;5.31;11.55;0.00;;10.35;0.00;PATRINA;82;C82;;;N;;N;N;N;;;LO;;FPO, NK;49.24;0.00;Wood;;1968-08-06;4G1;1967-01-01;;1995-03-01
IRL000I11451;;IRL;;;5.84;0.00;0.00;;8.99;0.00;BRID MARIE;3;S3;;;N;;N;N;N;;;FX;;DRB, NK;32.00;0.00;Wood;;1988-04-26;MFL;1982-01-01;;2003-01-02
IRL000I11452;;IRL;;;2.05;3.36;0.00;;8.08;0.00;CILL CRE;89;WT89;;;N;;N;N;N;;;FX;;PS, NK;11.00;0.00;Wood;;1988-02-15;4G1;1965-01-01;;1996-12-20
IRL000I11453;;IRL;;;1.72;1.91;0.00;;6.40;0.00;TERN;176;S176;;;N;;N;N;N;;;MO;;FPO, GTR;4.85;0.00;Wood;;1965-09-16;4G1;1965-01-01;1998-07-01;
IRL000I11454;;IRL;;;39.42;0.00;0.00;;19.20;0.00;GER ANNA;16;T16;Finland;;N;;Y;Y;Y;;;TO;;OTM, NK;82.07;0.00;Metal;;1979-01-01;MFL;1938-01-01;;2004-10-26
IRL000I11455;;IRL;;;3.28;6.24;0.00;;8.66;0.00;BETTINA;97;C97;;;N;;N;N;N;;;MO;;FPO, NK;35.01;0.00;Wood;;1986-01-01;4G1;1963-01-01;;1994-12-19
IRL000I11456;;IRL;;;82.32;69.04;0.00;;21.94;21.12;FAIR WEATHER;197;D197;;;N;;N;Y;Y;;;FX;;OTB, NK;171.61;0.00;Wood;;1963-01-01;4G1;1954-01-01;;1995-12-13
IRL000I11457;;IRL;;;1.03;1.29;0.00;;5.49;0.00;MAUREEN;606;D606;;;N;;N;N;N;;;FX;;FPO, GTR;4.48;0.00;Wood;;1977-01-01;4G1;1977-01-01;;2000-07-07
IRL000I11458;;IRL;;;30.92;29.49;0.00;;15.39;0.00;TRUST;804;SO804;;;N;;N;Y;Y;;;TO;;PS, NK;134.30;0.00;Wood;;1983-01-01;4G1;1946-01-01;;2002-09-08
IRL000I11459;;IRL;;;2.02;0.00;0.00;;8.08;0.00;LOCH CROINE;447;D447;Dublin;;Y;EI8420;N;N;N;;;MO;;GND, FPO;9.70;0.00;Wood;;1966-01-01;MFL;1966-01-01;;
IRL000I11460;;IRL;;;5.93;0.00;0.00;;9.75;0.00;SAILORS GUIDE;23;C23;;;Y;EI5303;N;N;N;;;MO;;GND, FPO;33.40;0.00;Wood;;1971-01-01;MFL;1969-01-01;;2017-03-22
IRL000I11461;;IRL;;;7.95;7.13;0.00;;11.16;0.00;CAT WALK;511;SO511;;;N;;N;N;N;;;FX;;FPO, NK;33.00;0.00;Wood;;1974-01-01;4G1;1974-01-01;;2000-05-29
IRL000I11462;;IRL;;;86.00;0.00;0.00;;22.56;0.00;GOLDEN HARVEST;2;S2;;;Y;EI5086;Y;Y;Y;;;TO;;OTM, NK;230.00;5.00;Wood;;1978-07-28;MFL;1961-01-01;;2006-02-10
IRL000I11463;;IRL;;;11.52;0.00;0.00;;11.28;0.00;KINGFISHER;229;C229;;;Y;EI8913;N;N;N;;;MO;;FPO, GND;87.28;0.00;Fiber/Plastic;;1980-01-01;MFL;1979-01-01;;2014-05-01
IRL000I11464;;IRL;;;22.35;33.49;0.00;;15.09;0.00;HIBISCUS;59;C59;;;Y;3112196;N;Y;Y;;;MO;;OTB, NK;126.84;0.00;Wood;;1961-12-31;4G1;1961-01-01;;1993-03-30
IRL000I11465;;IRL;;;45.04;35.87;0.00;;16.25;0.00;EXODUS;577;W577;;;N;;N;Y;Y;;;TO;;OTB, NK;179.06;0.00;Wood;;1988-12-31;4G1;1963-01-01;;1997-10-13
IRL000I11466;;IRL;;;119.09;104.50;0.00;;22.86;0.00;MARIE ANGELIQUE;517;D517;;;Y;EI2009;N;Y;Y;;;TO;;OTB, GNS;320.82;13.00;Wood;;1969-12-09;4G1;1969-01-01;;1998-08-10
IRL000I11467;;IRL;;;5.62;6.76;0.00;;9.75;0.00;EAMON MARIA;178;G178;United Kingdom;;N;;N;N;N;;;GO;;FPO, NK;59.69;0.00;Wood;;1978-01-01;4G1;1978-01-01;;1997-11-21
IRL000I11468;;IRL;;;1.24;0.00;0.00;;5.88;0.00;GERALDINE MARY;76;WD76;;;N;;N;N;N;;;WO;;FPO, NK;7.39;0.00;Wood;;1970-04-12;MFL;1969-01-01;;2006-08-17
IRL000I11469;;IRL;;;6.18;0.00;0.00;;9.30;0.00;ROSSERK ABBEY;696;SO696;;;N;;N;N;N;;;MO;;GND, NK;111.91;0.00;Wood;;1979-11-01;MFL;1978-01-01;;2013-09-27
IRL000I11470;;IRL;;;88.00;0.00;0.00;;28.82;0.00;CORNELIA;157;WD157;;;Y;EI3915;Y;Y;Y;;;DO;;DRB, NK;266.51;0.00;Metal;;1923-12-31;MFL;1923-01-01;;2007-04-17
IRL000I11471;;IRL;;;9.25;0.00;0.00;;10.97;0.00;MARTINA MARIE;173;G173;Galway;;Y;EI5629;N;N;N;;;MO;;OTM, NK;83.56;0.00;Wood;;1990-10-17;MFL;1981-01-01;;
IRL000I11472;;IRL;;;211.00;0.00;0.00;;26.00;0.00;STAR OF HOPE;233;G233;Galway;;Y;EIKK7;Y;Y;Y;7521091;;TO;;OTB, SDN, PS, LHM, SSC, OTM;466.00;0.00;Metal;;1977-01-01;MFL;1977-01-01;;2020-12-23
IRL000I11473;;IRL;;;83.92;57.96;0.00;;22.86;0.00;BRANDON CLOUD;219;D219;;;N;;N;Y;Y;;;TO;;OTB, NK;280.00;0.00;Wood;;1990-11-02;4G1;1955-01-01;1991-07-29;
IRL000I11474;;IRL;;;9.32;0.00;0.00;;9.14;0.00;TUMADOIR;20;C20;;;N;;N;N;N;;;FX;;DRB, NK;56.00;0.00;Wood;;1990-11-07;MFL;1981-01-01;;2003-01-13
IRL000I11475;;IRL;;;2.52;0.00;0.00;;7.22;0.00;ST CHRISTOPHER;40;G40;United Kingdom;;Y;EI7817;N;N;N;;;MO;;DRB, NK;10.00;0.00;Wood;;1967-01-01;MFL;1967-01-01;;2010-02-22
IRL000I11476;;IRL;;;8.44;8.72;0.00;;11.06;0.00;ST CORDELIA;683;SO683;;;N;;N;N;N;;;MO;;DRB, NK;46.26;0.00;Wood;;1977-01-01;4GZ;1977-01-01;;1998-11-23
IRL000I11477;;IRL;;;1.25;0.00;0.00;;6.70;0.00;URCHIN;54;T54;Finland;;N;;N;N;N;;;MO;;DRB, NK;0.00;0.00;Wood;;1990-11-07;MFL;1972-01-01;;2010-07-27
IRL000I11478;;IRL;;;0.94;0.00;0.00;;4.88;0.00;TINA;83;WD83;;;N;;N;N;N;;;FX;;DRB, NK;6.00;0.00;Wood;;1990-11-08;MFL;1973-01-01;;2004-03-10
IRL000I11479;;IRL;;;1.19;0.00;0.00;;6.00;0.00;THE LILY;48;S48;;;N;;N;N;N;;;DO;;DRB, FPO;4.00;0.00;Wood;;1990-11-08;MFL;1966-01-01;;2006-09-07
IRL000I11480;;IRL;;;2.94;0.00;0.00;;8.00;0.00;CLYNISH LASS;84;WT84;;;N;;N;N;N;;;DO;;DRB, NK;10.00;0.00;Wood;;1972-01-01;MFL;1971-01-01;;2003-01-23
IRL000I11481;;IRL;;;3.65;0.00;0.00;;8.53;0.00;THE YANK;15;W15;;;N;;N;N;N;;;NO;;GND, LNB;15.00;0.00;Wood;;1990-11-13;MFL;1936-01-01;;2006-11-06
IRL000I11482;;IRL;;;116.24;0.00;0.00;;24.38;0.00;TREMINOU;98;W98;;;Y;EI2626;N;Y;Y;;;TO;;OTB, NK;373.00;45.00;Metal;;1974-02-07;4G1;1963-01-01;;1996-12-20
IRL000I11483;;IRL;;;64.89;47.70;0.00;;18.32;0.00;ALLIANCE II;134;WD134;;;N;;N;Y;Y;;;TO;;DRB, NK;272.00;4.00;Wood;;1990-11-28;4G1;1974-01-01;1996-12-19;
IRL000I11484;;IRL;;;6.76;8.36;0.00;;9.60;0.00;BEAL DEARG;404;D404;;;N;;N;N;N;;;GO;;DRB, NK;25.00;0.00;Wood;;1990-11-30;4G1;1962-01-01;1992-12-15;
IRL000I11485;;IRL;;;145.00;0.00;0.00;;23.62;0.00;COMET II;214;S214;;;Y;EI3812;Y;Y;Y;;;TO;;OTB, NK;317.00;16.00;Wood;;1990-12-13;MFL;1971-01-01;;2004-05-26
IRL000I11486;;IRL;;;58.96;46.47;0.00;;17.06;0.00;EVENING TWILIGHT;213;S213;;;N;;N;Y;Y;;;TO;;OTB, NK;272.00;0.00;Wood;;1990-12-19;4G1;1979-01-01;1995-06-27;
IRL000I11487;;IRL;;;41.86;0.00;0.00;;17.37;0.00;JOHNNY K;135;WD135;;;N;;N;Y;Y;;;TO;;OTB, NK;231.00;0.00;Wood;;1991-01-23;MFL;1972-01-01;;2004-02-10
IRL000I11488;;IRL;;;3.26;0.00;0.00;;7.62;0.00;IRISH ROVER;65;T65;Finland;;Y;EIFK5;N;N;N;;;WO;;GNS, FPO;11.00;0.00;Fiber/Plastic;;1991-01-23;MFL;1976-01-01;;2016-05-17
IRL000I11489;;IRL;;;26.50;0.00;0.00;;13.70;0.00;JOSE JACQUELINE;34;C34;;;N;;N;Y;N;;;TO;;OTB, NK;160.00;0.00;Wood;;1991-01-30;MFL;1951-01-01;2004-05-17;
IRL000I11490;;IRL;;;5.55;6.62;0.00;;8.96;0.00;LOUGHINE;156;S156;;;N;;N;N;N;;;GO;;DRB, NK;30.00;0.00;Wood;;1991-01-30;4GZ;1975-01-01;;1998-12-11
IRL000I11491;;IRL;;;3.50;6.31;0.00;;9.69;0.00;LISA SILENA;875;SO875;;;N;;N;N;N;;;GO;;FPO, NK;37.00;0.00;Wood;;1991-02-27;4G1;1990-01-01;1999-05-17;
IRL000I11493;;IRL;;;177.00;0.00;0.00;;23.69;0.00;KAREN ROSE;152;D152;;;Y;EI5751;Y;Y;Y;;;TO;;GND, SB;448.00;0.00;Metal;;1991-04-26;MFL;1974-01-01;2008-12-17;
IRL000I11494;;IRL;;;2.80;0.00;0.00;;7.01;0.00;GENEVIEVE;35;WD35;Wexford;;Y;EIHB7;N;N;N;;;MO;;GND, FPO;22.00;0.00;Fiber/Plastic;;1991-04-30;MFL;1966-01-01;;
IRL000I11495;;IRL;;;6.90;8.59;0.00;;10.67;0.00;PRIDE OF ARDMORE;313;D313;;;N;;N;N;N;;;TO;;PS, NK;34.00;0.00;Wood;;1991-04-30;4G1;1934-01-01;;1992-09-18
IRL000I11496;;IRL;;;2.43;0.00;0.00;;8.00;0.00;PISCES;397;D397;;;N;;N;N;N;;;TO;;FPO, NK;15.00;0.00;Wood;;1991-05-06;MFL;1980-01-01;;2003-04-07
IRL000I11497;;IRL;;;3.52;6.49;0.00;;7.77;0.00;MALIN STAR;877;SO877;;;Y;EI3364;N;N;N;;;WO;;FPO, GTR;90.00;0.00;Wood;;1991-05-08;4G1;1989-01-01;;1999-09-07
IRL000I11498;;IRL;;;36.18;23.26;0.00;;13.41;0.00;EQUINOX;54;C54;;;N;;N;Y;N;;;GO;;OTB, PTM;134.00;134.00;Metal;;1991-05-09;4G1;1990-01-01;;2000-03-21
IRL000I11499;;IRL;;;39.00;0.00;0.00;;18.29;0.00;OSPREY II;42;C42;Cork;;Y;EI1482;Y;Y;Y;;;TO;;DRB, NK;276.00;0.00;Wood;;1991-05-09;MFL;1964-01-01;2013-08-02;
IRL000I11500;;IRL;;;7.66;0.00;0.00;;10.85;0.00;REGINA MARIS;129;WT129;;;N;;N;N;N;;;GO;;GND, NK;187.00;0.00;Metal;;1991-05-09;MFL;1990-01-01;;2005-03-01
IRL000I11501;;IRL;;;9.64;0.00;0.00;;9.98;0.00;ALICE AGAIN;8;S8;Skibbereen;;Y;EI8857;N;N;N;;;MO;;OTM, GNS;94.75;0.00;Fiber/Plastic;;1991-05-24;MFL;1983-01-01;;
IRL000I11502;;IRL;;;39.18;39.36;0.00;;16.76;0.00;THE PROVIDER;414;D414;;;Y;EI2388;N;Y;Y;;;TO;;DRB, NK;172.00;0.00;Wood;;1991-06-04;4G1;1946-01-01;;1998-03-30
IRL000I11503;;IRL;;;3.56;3.59;0.00;;7.32;0.00;YVONNE;37;WD37;;;N;;N;N;N;;;MO;;FPO, GTR;27.00;0.00;Wood;;1991-06-05;4G1;1970-01-01;;1999-09-27
IRL000I11504;;IRL;;;5.39;9.39;0.00;;10.85;0.00;LARISSA;153;S153;;;N;;N;N;N;;;MO;;DRB, NK;46.00;0.00;Wood;;1991-06-06;4G1;1972-01-01;;2000-10-23
IRL000I11505;;IRL;;;95.00;0.00;0.00;;21.61;0.00;NIMROD;2;DA2;;;Y;EI5867;Y;Y;Y;;;TO;;GND, FPO;317.00;27.00;Wood;;1991-06-12;MFL;1973-01-01;2009-04-24;
IRL000I11506;;IRL;;;126.00;0.00;0.00;;18.28;0.00;AMY JANE;876;SO876;;;Y;EI3197;Y;Y;Y;;;MO;;FPO, OTM;224.00;0.00;Metal;;1992-01-07;MFL;1990-01-01;;2015-03-25
IRL000I11507;;IRL;;;3.06;0.00;0.00;;6.52;0.00;ST CORAN;45;WD45;;;N;;N;N;N;;;MO;;GND, NK;15.00;0.00;Wood;;1991-06-17;MFL;1974-01-01;;2005-04-25
IRL000I11508;;IRL;;;379.00;0.00;0.00;;40.75;0.00;DINISH;558;D558;;;Y;EITG;Y;Y;Y;;;TO;;GNS, OTM;895.00;0.00;Metal;;1991-07-18;MFL;1973-01-01;2006-06-09;
IRL000I11509;;IRL;;;379.00;0.00;0.00;;40.75;0.00;DUNBOY;631;D631;;;Y;EITJ;Y;Y;Y;;;TO;;OTB, NK;895.00;0.00;Metal;;1991-07-18;MFL;1974-01-01;2011-06-17;
IRL000I11510;;IRL;;;379.00;0.00;0.00;;35.35;0.00;DURSEY;582;D582;;;Y;EITD;N;Y;Y;;;TO;;OTB, NK;895.00;0.00;Metal;;1991-07-18;4G1;1973-01-01;;2002-12-03
IRL000I11511;;IRL;;;224.00;0.00;0.00;;30.05;0.00;LA MAREA;221;D221;;;Y;EIQW;Y;Y;Y;;;LO;;LLD, GND;421.00;0.00;Metal;;1991-07-18;MFL;1982-01-01;;2004-10-19
IRL000I11512;;IRL;;;2.67;0.00;0.00;;6.40;0.00;THE MOLL;48;D48;Dublin;;Y;EI8846;N;N;N;;;GO;;GND, FPO;13.00;0.00;Wood;;1991-07-22;MFL;1985-01-01;;
IRL000I11513;;IRL;;;5.01;0.00;0.00;;8.50;0.00;KATHERINE II;119;WT119;Westport;;Y;EI3582;N;N;N;;;MO;;DRB, GND;32.00;0.00;Wood;;1991-08-08;MFL;1984-01-01;;
IRL000I11514;;IRL;;;6.21;5.86;0.00;;9.67;0.00;ST JOSEPH;529;D529;;;N;;N;N;N;;;MO;;FPO, NK;16.00;0.00;Wood;;1988-06-15;4G1;1970-01-01;;1995-01-09
IRL000I11515;;IRL;;;99.59;0.00;0.00;;25.90;0.00;CARRICKATINE;878;SO878;;;N;;N;Y;Y;;;TO;;OTB, NK;298.00;19.00;Metal;;1991-08-30;4G1;1970-01-01;;1996-12-11
IRL000I11516;;IRL;;;39.97;37.43;0.00;;16.39;0.00;SANCTA LUCIA;177;WD177;;;N;;N;Y;Y;;;TO;;OTB, NK;85.00;0.00;Wood;;1991-08-30;4G1;1959-01-01;;1995-06-27
IRL000I11517;;IRL;;;27.14;25.01;0.00;;14.63;0.00;EISCIR RIADA;361;D361;;;N;;N;Y;N;;;GO;;OTB, NK;95.00;0.00;Wood;;1991-08-30;4G1;1957-01-01;1996-10-10;
IRL000I11518;;IRL;;;18.52;41.19;0.00;;16.52;0.00;ATLANTIC BREEZE;111;D111;;;N;;N;Y;Y;;;TO;;OTB, NK;83.00;0.00;Wood;;1991-08-30;4G1;1959-01-01;1996-03-13;
IRL000I11519;;IRL;;;35.54;29.73;0.00;;15.66;0.00;VAGABOND DES MERS;164;W164;Waterford;;N;;N;Y;Y;;;TO;;OTB, PTM;134.00;0.00;Wood;;1991-08-30;4G1;1962-01-01;;
IRL000I11520;;IRL;;;14.12;0.00;0.00;;11.89;0.00;ANGELA MADELINE;215;S215;Skibbereen;;Y;EI8305;N;N;N;;;MO;;FPO, OTM, LHP, GND, OTB, GNS;85.80;0.00;Metal;;1991-06-01;MFL;1991-01-01;;
IRL000I11521;;IRL;;;2.90;3.39;0.00;;6.85;0.00;SEAGULL;140;C140;;;N;;N;N;N;;;WO;;FPO, NK;19.00;0.00;Wood;;1991-10-17;4G1;1978-01-01;;1995-12-05
IRL000I11522;;IRL;;;1239.00;1057.11;0.00;;60.31;0.00;ANTARCTIC;97;D97;;;Y;EI3465;N;Y;Y;;;TO;;OTM, NK;2500.00;403.00;Metal;;1991-10-18;4G2;1979-01-01;;1998-12-09
IRL000I11523;;IRL;;;2.91;0.00;0.00;;8.39;0.00;GREENCASTLE;350;SO350;;;N;;N;N;N;;;NO;;GNC, NK;15.00;0.00;Wood;;1991-11-19;MFL;1971-01-01;;2005-02-14
IRL000I11524;;IRL;;;0.91;0.00;0.00;;6.24;0.00;BERNICE;57;D57;;;N;;N;N;N;;;LO;;FPO, NK;11.00;0.00;Fiber/Plastic;;1991-11-20;MFL;1972-01-01;;2010-09-28
IRL000I11525;;IRL;;;9.58;9.97;0.00;;9.75;0.00;HELEN MARGARET;98;WD98;;;N;;N;N;N;;;MO;;FPO, NK;66.00;0.00;Wood;;1991-12-04;4G1;1982-01-01;;2001-07-20
IRL000I11526;;IRL;;;25.36;0.00;0.00;;13.86;0.00;THE MORNING LARK;247;C247;Cork;;Y;EI6067;Y;Y;N;;;MO;;OTM, FPO, GNS, OTB;127.00;0.00;Wood;;1992-01-07;MFL;1981-01-01;;
IRL000I11527;;IRL;;;85.23;81.08;0.00;;18.29;0.00;NIAMH AINE;881;SO881;;;N;;N;Y;Y;;;FX;;OTB, PTM;317.00;239.00;Metal;;1992-01-06;4G1;1991-01-01;;2000-05-04
IRL000I11528;;IRL;;;31.98;19.65;0.00;;14.33;0.00;ELSIE MABEL;130;WT130;;;N;;N;Y;N;;;MO;;OTB, PTM;75.00;0.00;Wood;;1992-01-10;4G1;1937-01-01;;1999-11-30
IRL000I11529;;IRL;;;60.29;57.62;0.00;;19.81;19.42;RESOLUTION;178;D178;;;N;;N;Y;Y;;;TO;;OTB, NK;93.00;0.00;Wood;;1992-01-22;4G1;1949-01-01;;1993-11-16
IRL000I11530;;IRL;;;60.23;70.00;0.00;;17.98;0.00;DARAGH LIAM;569;D569;;;N;;N;Y;Y;;;TO;;OTB, PTM;298.00;0.00;Wood;;1992-01-30;4G1;1953-01-01;1999-06-21;
IRL000I11531;;IRL;;;5.30;0.00;0.00;;9.45;0.00;NAOMI;227;C227;;;N;;N;N;N;;;MO;;GND, FPO;36.00;0.00;Metal;;1992-02-19;MFL;1979-01-01;;2004-11-25
IRL000I11532;;IRL;;;93.00;0.00;0.00;;24.98;0.00;SEMPER FORTIS;561;D561;;;Y;EI5276;Y;Y;Y;;;TO;;PS, DRB;298.00;13.00;Metal;;1992-02-25;MFL;1964-01-01;;2003-06-11
IRL000I11533;;IRL;;;123.52;116.59;0.00;;19.81;18.94;ARTIC GULL;4;DA4;;;N;;N;Y;Y;;;TO;;OTB, NK;399.00;45.00;Wood;;1990-12-10;4G1;1984-01-01;;1995-01-18
IRL000I11534;;IRL;;;108.54;74.28;0.00;;22.80;0.00;VISION;5;DA5;;;N;;N;Y;Y;;;TO;;OTB, NK;373.00;0.00;Metal;;1992-03-13;4G1;1975-01-01;;1997-12-04
IRL000I11535;;IRL;;;2.48;4.97;0.00;;8.38;0.00;CLIARA;74;WT74;;;Y;CLIARA;N;N;N;;;MO;;FPO, NK;23.00;0.00;Wood;;1992-03-20;4G1;1970-01-01;;1999-07-05
IRL000I11536;;IRL;;;51.98;45.45;0.00;;19.50;0.00;EUROPA;173;D173;;;N;;N;Y;Y;;;TO;;OTB, NK;205.00;3.00;Wood;;1992-03-24;4G1;1947-01-01;;1996-06-21
IRL000I11537;;IRL;;;5.91;5.54;0.00;;9.69;0.00;NOIRIN;107;T107;Finland;;N;;N;N;N;;;TO;;FPO, NK;33.00;0.00;Wood;;1992-03-26;4G1;1967-01-01;;1995-08-08
IRL000I11538;;IRL;;;50.20;43.30;0.00;;19.49;0.00;SAINT RITA;879;SO879;;;N;;N;Y;Y;;;SO;;OTB, NK;113.00;0.00;Wood;;1992-03-26;4G1;1949-01-01;;1995-10-09
IRL000I11539;;IRL;;;4.47;4.55;0.00;;7.80;0.00;GEORGE THE FIRST;10;WD10;;;N;;N;N;N;;;TO;;FPO, GTR;10.00;0.00;Wood;;1992-03-27;4G1;1926-01-01;;1999-09-07
IRL000I11540;;IRL;;;4.19;5.14;0.00;;8.81;0.00;MAEVE;117;C117;;;N;;N;N;N;;;WO;;FPO, NK;15.00;0.00;Wood;;1992-04-14;4G1;1975-01-01;;2002-12-03
IRL000I11541;;IRL;;;6.10;6.73;0.00;;10.64;0.00;AN CAILIN BAN;198;SO198;;;N;;N;N;N;;;WO;;FPO, NK;24.00;0.00;Wood;;1992-05-07;4G1;1968-01-01;;1993-07-23
IRL000I11542;;IRL;;;2.90;3.02;0.00;;7.31;0.00;GIRL MARION;482;D482;;;N;;N;N;N;;;TO;;FPO, NK;19.50;0.00;Wood;;1992-05-12;4G1;1974-01-01;;1994-10-21
IRL000I11543;;IRL;;;21.20;0.00;0.00;;14.02;0.00;KAY B B;203;W203;Waterford;;Y;EI3743;N;Y;N;;;TO;;LHP, OTM;82.00;0.00;Wood;;1992-05-27;MFL;1964-01-01;;2018-07-06
IRL000I11544;;IRL;;;120.00;0.00;0.00;;26.30;0.00;JOHN COLM;32;T32;Finland;;Y;EI3260;Y;Y;Y;;;TO;;OTB, NK;403.00;75.00;Metal;;1992-06-04;MFL;1960-01-01;;2003-01-30
IRL000I11545;;IRL;;;126.00;0.00;0.00;;26.20;0.00;ANTONIA;3;T3;Finland;;Y;EI5986;Y;Y;Y;;;TO;;OTB, NK;466.00;26.00;Metal;;1992-06-12;MFL;1961-01-01;;2004-09-24
IRL000I11546;;IRL;;;206.20;0.00;0.00;;34.74;0.00;SIONNAINN;20;T20;Tralee;;N;;N;Y;Y;;;TO;;OTB, PTM;895.00;37.00;Metal;;1992-06-22;4G1;1975-01-01;;
IRL000I11547;;IRL;;;260.00;0.00;0.00;;35.60;0.00;TERRA NOVA II;15;T15;Finland;;Y;EI3985;Y;Y;Y;;;TO;;OTB, NK;895.00;153.25;Metal;;1992-06-22;MFL;1975-01-01;;2004-05-26
IRL000I11548;;IRL;;;10.08;9.95;0.00;;10.97;0.00;ST SIRENUS;632;SO632;;;N;;N;N;N;;;FX;;FPO, NK;56.00;0.00;Wood;;1992-06-23;4G1;1976-01-01;;1996-04-02
IRL000I11549;;IRL;;;188.00;0.00;0.00;;28.80;0.00;JACOB;7;T7;Finland;;Y;EI3259;Y;Y;Y;;;TO;;OTM, PS;597.00;34.00;Metal;;1992-06-24;MFL;1961-01-01;;2005-08-05
IRL000I11551;;IRL;;;321.00;0.00;0.00;;39.90;0.00;DRAKKAR II;31;T31;Finland;;Y;OPNE;Y;Y;Y;;;TO;;OTB, NK;671.00;48.00;Metal;;1992-07-09;MFL;1957-01-01;;2004-05-26
IRL000I11552;;IRL;;;89.39;0.00;0.00;;27.40;0.00;UNDAUNTED II;23;T23;Finland;;N;;N;Y;Y;;;TO;;OTB, NK;448.00;22.00;Metal;;1992-07-09;4G1;1966-01-01;;1996-12-11
IRL000I11553;;IRL;;;60.23;0.00;0.00;;17.56;0.00;ALHENA;276;D276;;;N;;N;Y;Y;;;TO;;OTB, NK;328.00;4.00;Wood;;1992-07-13;MFL;1973-01-01;;2003-01-12
IRL000I11554;;IRL;;;4.19;0.00;0.00;;9.14;0.00;MARY CAROLINE;151;T151;Tralee;;Y;EICX7;N;N;N;;;MO;;FPO, GNS, LHP;30.70;0.00;Wood;;1992-07-15;MFL;1992-01-01;;
IRL000I11555;;IRL;;;7.94;0.00;0.00;;9.30;0.00;CAIT SIOBHAN;18;C18;Cork;;Y;EIA2975;N;N;N;;;MO;;GNS, FPO, LHP;19.25;0.00;Wood;;1992-07-15;MFL;1989-01-01;;
IRL000I11556;;IRL;;;3.15;3.53;0.00;;8.05;0.00;SHAMROCK;124;WT124;;;N;;N;N;N;;;MO;;DRB, NK;15.00;0.00;Wood;;1992-07-29;4G1;1978-01-01;;1998-07-21
IRL000I11557;;IRL;;;66.38;0.00;0.00;;24.68;0.00;BRANDARIS 11;42;T42;Finland;;Y;EI3226;N;Y;Y;;;TO;;OTB, PTM;373.00;0.00;Metal;;1992-07-29;4G1;1953-01-01;;1998-10-07
IRL000I11558;;IRL;;;1.22;0.00;0.00;;6.25;0.00;AISMARA;10;D10;;;Y;E101;N;N;N;;;WO;;FPO, NK;19.00;0.00;Wood;;1992-07-30;MFL;1979-01-01;;2003-04-10
IRL000I11559;;IRL;;;6.48;0.00;0.00;;10.70;0.00;JANITORE;307;SO307;;;N;;N;N;N;;;WO;;FPO, NK;21.00;0.00;Wood;;1992-07-31;MFL;1969-01-01;;2006-02-14
IRL000I11560;;IRL;;;273.00;0.00;0.00;;32.24;0.00;ALIMAR;6;D6;;;Y;EI3905;Y;Y;Y;;;TO;;OTM, NK;732.00;149.22;Metal;;1992-09-16;MFL;1972-01-01;2005-12-14;
IRL000I11561;;IRL;;;140.00;0.00;0.00;;26.24;0.00;TANNETJE;56;T56;Finland;;Y;EI4335;Y;Y;Y;;;MO;;OTM, GND;478.00;24.30;Metal;;1992-09-17;MFL;1968-01-01;2006-06-13;
IRL000I11562;;IRL;;;153.00;0.00;0.00;;22.20;0.00;VICTORY 111;209;G209;United Kingdom;;Y;EI3974;Y;Y;Y;;;SO;;PS, OTM;317.09;0.00;Metal;;1992-09-17;MFL;1970-01-01;2008-09-19;
IRL000I11563;;IRL;;;2.66;2.89;0.00;;6.80;0.00;SUNRISE;98;S98;;;N;;N;N;N;;;MO;;FPO, NK;7.00;0.00;Wood;;1992-09-17;4G1;1977-01-01;;1996-10-11
IRL000I11564;;IRL;;;15.01;43.92;0.00;;17.13;0.00;JOELLE MICHELLE;140;WD140;;;N;;N;Y;Y;;;TO;;OTB, NK;308.88;0.00;Wood;;1992-09-24;4G1;1967-01-01;;1998-01-14
IRL000I11565;;IRL;;;11.02;0.00;0.00;;12.95;0.00;MICHELE J;884;SO884;Sligo;;Y;EIRM8;Y;Y;N;;;MO;;GNS, FPO;45.00;0.00;Fiber/Plastic;;1992-09-25;MFL;1992-01-01;;
IRL000I11566;;IRL;;;4.23;0.00;0.00;;8.70;0.00;REALT NA MEANOICHE;226;C226;;;N;;N;N;N;;;MO;;DRB, NK;29.90;0.00;Wood;;1992-09-25;MFL;1980-01-01;;2004-08-26
IRL000I11567;;IRL;;;10.73;0.00;0.00;;12.96;0.00;GARVIN ISLES;883;SO883;Sligo;;Y;EI5729;Y;Y;N;;;WO;;FPO, LHP, GNS;45.00;0.00;Fiber/Plastic;;1992-09-25;MFL;1992-01-01;;
IRL000I11568;;IRL;;;14.99;8.10;0.00;;9.14;0.00;LADY AVALON;1;T1;Finland;;N;;N;N;N;;;MO;;FPO, NK;83.56;0.00;Wood;;1992-10-01;4G1;1987-01-01;;2000-05-03
IRL000I11569;;IRL;;;35.46;34.66;0.00;;16.00;0.00;GUIDE US;880;SO880;;;N;;N;Y;Y;;;TO;;OTB, PTM;171.60;0.00;Wood;;1992-06-05;4G1;1960-01-01;;2000-02-21
IRL000I11570;;IRL;;;33.54;39.81;0.00;;15.14;0.00;SMALLWOOD;6;DA6;;;N;;N;Y;Y;;;TO;;OTB, NK;208.90;24.00;Metal;;1970-08-07;4G1;1966-01-01;1996-04-10;
IRL000I11571;;IRL;;;5.05;0.00;0.00;;8.32;0.00;INISALDA;18;L18;Finland;;Y;EI8188;N;N;N;;;WO;;FPO, NK;33.00;0.00;Wood;;1992-11-17;MFL;1970-01-01;;2017-01-16
IRL000I11572;;IRL;;;3.97;0.00;0.00;;7.92;0.00;LAURA;701;SO701;;;Y;EI8726;N;N;N;;;WO;;FPO, LHP;31.30;0.00;Wood;;1992-11-24;MFL;1978-01-01;;2012-08-15
IRL000I11573;;IRL;;;2.80;0.00;0.00;;7.01;0.00;DAWN;69;D69;;;N;;N;N;N;;;WO;;DRB, FPO;19.00;0.00;Wood;;1992-11-24;MFL;1982-01-01;;2011-11-28
IRL000I11574;;IRL;;;4.01;3.75;0.00;;9.14;0.00;HELENA;239;SO239;;;N;;N;N;N;;;GO;;FPO, NK;11.00;0.00;Wood;;1992-12-03;4G1;1969-01-01;;1996-11-05
IRL000I11575;;IRL;;;1.98;0.00;0.00;;7.92;0.00;TAPAIDH;139;WD139;;;N;;N;N;N;;;MO;;FPO, NK;82.00;0.00;Wood;;1992-12-04;MFL;1990-01-01;;2004-08-24
IRL000I11576;;IRL;;;23.24;0.00;0.00;;13.11;0.00;SAMPHIRE DAWN;63;T63;Finland;;N;;N;Y;N;;;TO;;OTB, NK;145.00;0.00;Fiber/Plastic;;1992-12-04;MFL;1990-01-01;;2004-09-23
IRL000I11577;;IRL;;;106.33;0.00;0.00;;29.82;0.00;CORNELIS FERDINAND;67;T67;Finland;;N;;N;Y;Y;;;TO;;OTB, NK;448.00;48.00;Metal;;1992-12-21;4G1;1962-01-01;;1996-12-11
IRL000I11578;;IRL;;;154.26;0.00;0.00;;32.80;0.00;BJARNAREY;70;T70;Finland;;Y;TFLP;N;Y;Y;;;MO;;OTB, PTM;563.00;0.00;Metal;;1992-12-24;4G1;1973-01-01;;1999-06-21
IRL000I11579;;IRL;;;89.20;80.98;0.00;;18.30;0.00;PEADAR ELAINE;77;D77;;;N;;N;Y;Y;;;WO;;OTB, PTM;261.00;201.00;Metal;;1993-01-18;4G1;1992-01-01;;2000-10-17
IRL000I11580;;IRL;;;44.97;39.35;0.00;;17.46;0.00;FAIR ISLE;61;D61;;;Y;EI3208;N;Y;Y;;;TO;;OTB, NK;179.00;0.00;Wood;;1993-01-19;4G1;1948-01-01;;1994-04-26
IRL000I11581;;IRL;;;4.49;0.00;0.00;;9.14;0.00;CASHEEN BAY;48;G48;United Kingdom;;Y;EI8868;N;N;N;;;MO;;DRB, GND;22.00;0.00;Wood;;1993-01-21;MFL;1969-01-01;;2017-07-05
IRL000I11582;;IRL;;;4.69;0.00;0.00;;9.11;0.00;GLEAMING LIGHT;642;SO642;;;N;;N;N;N;;;MO;;GND, LLD;33.00;0.00;Wood;;1993-01-21;MFL;1977-01-01;;2004-08-19
IRL000I11583;;IRL;;;2.97;3.44;0.00;;8.17;0.00;NOIRIN;68;WT68;;;N;;N;N;N;;;MO;;DRB, NK;11.00;0.00;Wood;;1993-01-21;4G1;1976-01-01;;1997-12-04
IRL000I11584;;IRL;;;8.01;6.56;0.00;;10.97;0.00;STAR OF MEEVAGH;360;SO360;;;N;;N;N;N;;;GO;;FPO, NK;31.00;0.00;Wood;;1993-01-21;4G1;1971-01-01;;1996-12-20
IRL000I11585;;IRL;;;2.19;3.47;0.00;;7.98;0.00;CILL CAISIL;74;D74;;;N;;N;N;N;;;MO;;DRB, NK;6.00;0.00;Wood;;1993-01-21;4G1;1965-01-01;;1998-11-04
IRL000I11586;;IRL;;;2.71;0.00;0.00;;8.56;0.00;GIFT OF TEELIN;478;SO478;Sligo;;Y;EI8067;N;N;N;;;MO;;GNS, LHP;13.00;0.00;Wood;;1993-01-21;MFL;1973-01-01;;2022-02-23
IRL000I11587;;IRL;;;2.27;0.00;0.00;;6.98;0.00;ANNETTE;5;WD5;;;Y;EI7832;N;N;N;;;MO;;FPO, GNS;9.00;0.00;Wood;;1993-01-21;MFL;1982-01-01;;2011-12-22
IRL000I11588;;IRL;;;1.76;0.00;0.00;;6.70;0.00;CHRISTINA;27;S27;;;N;;N;N;N;;;MO;;FPO, GTR;22.00;0.00;Wood;;1993-01-21;MFL;1975-01-01;;2005-05-11
IRL000I11589;;IRL;;;5.23;6.18;0.00;;9.17;0.00;CROSTAIN;171;C171;;;N;;N;N;N;;;MO;;FPO, NK;34.00;0.00;Wood;;1993-01-26;4G1;1977-01-01;;1994-02-22
IRL000I11590;;IRL;;;2.10;0.00;0.00;;6.74;0.00;NAOMH BRIGID;44;G44;United Kingdom;;Y;EI4857;N;N;N;;;MO;;FPO, LHP;10.00;0.00;Wood;;1993-01-27;MFL;1907-01-01;;2016-08-16
IRL000I11591;;IRL;;;6.10;7.56;0.00;;10.88;0.00;NAOMH BREANANN;175;SO175;;;N;;N;N;N;;;WO;;FPO, NK;27.00;0.00;Wood;;1993-02-09;4G1;1967-01-01;;1996-01-04
IRL000I11592;;IRL;;;6.56;7.52;0.00;;11.00;0.00;AUGHINISH;626;D626;;;N;;N;N;N;;;MO;;DRB, NK;73.00;0.00;Wood;;1993-02-09;4G1;1978-01-01;;2000-04-17
IRL000I11593;;IRL;;;7.50;0.00;0.00;;10.39;0.00;MARIE PATRICIA;188;G188;Galway;;Y;EIKN8;N;N;N;;;MO;;DRB, OTM, LHP, FPO, GNS, OTB;55.00;0.00;Wood;;1993-02-09;MFL;1982-01-01;;
IRL000I11594;;IRL;;;2.08;3.48;0.00;;8.11;0.00;LOCH EOIN;467;D467;;;N;;N;N;N;;;DO;;DRB, NK;19.00;0.00;Wood;;1993-02-12;4G1;1968-01-01;;1995-09-19
IRL000I11595;;IRL;;;68.77;0.00;0.00;;18.93;0.00;OLYMPIADE;62;T62;Finland;;N;;N;Y;Y;;;TO;;OTB, NK;194.00;145.00;Wood;;1993-02-12;MFL;1968-01-01;;2003-03-07
IRL000I11596;;IRL;;;5.07;5.12;0.00;;8.93;0.00;AURORA;70;W70;;;N;;N;N;N;;;NO;;FPO, NK;15.00;0.00;Wood;;1993-02-19;4G1;1972-01-01;;1997-12-15
IRL000I11597;;IRL;;;3.33;3.96;0.00;;8.24;0.00;THE HILDA;106;WT106;;;N;;N;N;N;;;TO;;FPO, NK;15.00;0.00;Wood;;1993-02-26;4G1;1974-01-01;;1998-07-22
IRL000I11598;;IRL;;;7.07;8.18;0.00;;9.87;0.00;BEAL GEAL;422;D422;;;N;;N;N;N;;;TO;;FPO, NK;25.00;0.00;Wood;;1993-02-26;4G1;1963-01-01;;1996-01-04
IRL000I11599;;IRL;;;6.59;0.00;0.00;;10.14;0.00;CARRAIG NEIL;327;SO327;;;N;;N;N;N;;;MO;;GND, FPO;33.00;0.00;Wood;;1993-02-26;MFL;1971-01-01;;2005-06-20
IRL000I11600;;IRL;;;6.35;0.00;0.00;;8.67;0.00;SILVER STAR;208;SO208;Sligo;;Y;EIBX6;N;N;N;;;MO;;FPO, GND, LHP;18.00;0.00;Wood;;1993-03-01;MFL;1988-01-01;;2019-06-10
IRL000I11601;;IRL;;;2.04;0.00;0.00;;8.02;0.00;CILL PADRAIG;110;D110;;;N;;N;N;N;;;MO;;GND, NK;6.00;0.00;Wood;;1993-03-12;MFL;1965-01-01;;2007-10-22
IRL000I11602;;IRL;;;3.13;0.00;0.00;;8.05;0.00;AN SEARRACH;164;C164;Cork;;Y;EILP8;N;N;N;;;MO;;GNS, LHP, FPO;25.00;0.00;Fiber/Plastic;;1993-03-15;MFL;1977-01-01;;
IRL000I11603;;IRL;;;6.27;8.75;0.00;;9.36;0.00;TUNA;437;D437;;;N;;N;N;N;;;GO;;FPO, NK;90.00;0.00;Wood;;1993-03-24;4G1;1966-01-01;;1993-10-18
IRL000I11604;;IRL;;;271.00;0.00;0.00;;34.99;0.00;KOPANES;702;S702;;;Y;EI3983;Y;Y;Y;;;TO;;GND, NK;671.00;0.00;Metal;;1993-03-30;MFL;1973-01-01;2005-12-21;
IRL000I11605;;IRL;;;2.24;2.74;0.00;;8.02;0.00;CILL BAN;288;D288;;;N;;N;N;N;;;MO;;FPO, NK;10.00;0.00;Wood;;1993-03-30;4G1;1960-01-01;;1999-04-01
IRL000I11606;;IRL;;;2.78;2.68;0.00;;8.81;0.00;ANGELUS BELL;190;D190;;;N;;N;N;N;;;WO;;FPO, NK;13.00;0.00;Wood;;1993-04-08;4G1;1972-01-01;;2001-06-29
IRL000I11607;;IRL;;;127.00;0.00;0.00;;18.29;0.00;AINMIRE;536;D536;;;Y;EI3756;Y;Y;Y;;;WO;;FPO, NK;319.00;203.00;Metal;;1993-04-21;MFL;1993-01-01;2011-10-20;
IRL000I11608;;IRL;;;14.77;14.97;0.00;;11.28;0.00;MYSTIC MORN;281;C281;;;N;;N;N;N;;;TO;;FPO, NK;67.00;0.00;Wood;;1993-04-21;4G1;1992-01-01;;1998-12-11
IRL000I11609;;IRL;;;7.18;8.15;0.00;;10.03;0.00;BEAL NA CARRAIGE;295;D295;;;N;;N;N;N;;;WO;;FPO, NK;54.00;0.00;Wood;;1993-05-06;4G1;1963-01-01;;1995-06-27
IRL000I11610;;IRL;;;3.54;5.54;0.00;;9.02;0.00;LIOS BEALAID;430;D430;;;N;;N;N;N;;;WO;;FPO, NK;18.00;0.00;Wood;;1993-05-06;4G1;1966-01-01;;1995-05-11
IRL000I11611;;IRL;;;79.82;0.00;0.00;;25.74;0.00;JESSICA B;56;D56;;;N;;N;Y;Y;;;MO;;OTB, PTM;352.00;15.00;Metal;;1993-05-17;4G1;1967-01-01;;1999-09-07
IRL000I11613;;IRL;;;8.26;0.00;0.00;;10.14;0.00;BUN-A-TSRUTHAN;404;SO404;;;N;;N;N;N;;;GO;;GND, DRB;33.00;0.00;Wood;;1993-06-02;MFL;1972-01-01;;2004-08-06
IRL000I11614;;IRL;;;31.00;0.00;0.00;;15.60;0.00;BONNIE LASS;14;DK14;;;Y;EILM;Y;Y;Y;;;MO;;FPO, GNS;90.00;19.00;Wood;;1993-06-03;MFL;1949-01-01;;2005-11-07
IRL000I11615;;IRL;;;2.42;0.00;0.00;;7.92;0.00;MAIRE SHAN;87;S87;Skibbereen;;Y;EIAU3;N;N;N;;;MO;;DRB, GND;13.50;0.00;Wood;;1993-06-15;MFL;1967-01-01;2014-05-01;
IRL000I11617;;IRL;;;272.00;0.00;0.00;;35.92;0.00;BYLGJA;75;T75;Finland;;Y;EI6256;Y;Y;Y;;;MO;;OTB, NK;563.00;127.00;Metal;;1993-06-21;MFL;1975-01-01;;2004-02-23
IRL000I11618;;IRL;;;300.00;0.00;0.00;;33.53;0.00;ADINA;665;D665;;;Y;EI3963;Y;Y;Y;;;MO;;OTB, NK;615.00;123.00;Metal;;1993-07-12;MFL;1975-01-01;;2004-05-26
IRL000I11620;;IRL;;;34.50;29.68;0.00;;16.15;0.00;SEAGULL;204;W204;;;N;;N;Y;Y;;;TO;;OTB, NK;113.00;0.00;Wood;;1993-07-23;4G1;1959-01-01;;1997-09-11
IRL000I11621;;IRL;;;37.37;0.00;0.00;;15.97;0.00;PRINCESSE DE LA MER;85;D85;;;N;;N;Y;Y;;;TO;;OTB, NK;164.00;0.00;Wood;;1993-08-12;MFL;1961-01-01;;2004-06-11
IRL000I11622;;IRL;;;4.82;0.00;0.00;;7.92;0.00;RAVENFORT;141;WD141;Wexford;;Y;EI3483;N;N;N;;;TO;;GND, NK;22.00;0.00;Wood;;1993-08-16;MFL;1979-01-01;;
IRL000I11623;;IRL;;;100.22;81.09;0.00;;21.36;0.00;KENURE;359;D359;;;N;;N;Y;Y;;;MO;;OTB, PTM;272.00;0.00;Wood;;1993-09-08;4G1;1972-01-01;;2000-02-17
IRL000I11624;;IRL;;;2.27;3.44;0.00;;8.02;0.00;CILL EINNE;98;D98;;;N;;N;N;N;;;MO;;FPO, NK;6.00;0.00;Wood;;1993-09-08;4G1;1965-01-01;;1997-12-04
IRL000I11625;;IRL;;;6.33;10.02;0.00;;10.27;0.00;EILIS MAVOURNEEN;109;C109;;;N;;N;N;N;;;MO;;FPO, NK;90.00;0.00;Wood;;1993-09-08;4G1;1973-01-01;1993-10-22;
IRL000I11626;;IRL;;;122.00;0.00;0.00;;23.43;0.00;ATLANTIS;44;WD44;;;Y;EI5481;Y;Y;Y;;;DO;;DRB, NK;492.00;0.00;Metal;;1993-09-13;MFL;1967-01-01;;2004-05-26
IRL000I11627;;IRL;;;3.01;4.42;0.00;;9.14;0.00;BOY COLM;72;T72;Finland;;N;;N;N;N;;;MO;;FPO, NK;80.00;0.00;Wood;;1993-10-18;4G1;1980-01-01;;2000-05-24
IRL000I11628;;IRL;;;6.33;10.02;0.00;;10.27;0.00;EILIS MAVOURNEEN;109;C109;;;Y;6.87;N;N;N;;;MO;;FPO, NK;90.00;0.00;Wood;;1993-10-26;4G1;1973-01-01;;1994-04-25
IRL000I11629;;IRL;;;280.00;0.00;0.00;;24.25;0.00;MARIE DAWN;121;D121;;;Y;EI4004;Y;Y;Y;;;MO;;OTB, NK;522.27;111.92;Metal;;1993-11-10;MFL;1978-01-01;;2004-12-03
IRL000I11631;;IRL;;;184.42;0.00;0.00;;29.95;0.00;RADIANT WAY;664;D664;;;N;;N;Y;Y;;;TO;;OTB, NK;746.00;336.00;Metal;;1993-12-15;4G1;1977-01-01;1996-12-20;
IRL000I11632;;IRL;;;15.11;0.00;0.00;;12.00;0.00;MYSTICAL ROSE;142;WD142;;;N;;N;Y;N;;;MO;;OTM, FPO;55.00;50.00;Metal;;1994-01-10;MFL;1980-01-01;;2006-05-18
IRL000I11633;;IRL;;;39.59;0.00;0.00;;14.63;0.00;AMY BLUE;282;C282;;;N;;N;Y;N;;;MO;;GNS, NK;171.00;0.00;Wood;;1994-02-14;MFL;1993-01-01;;2004-12-09
IRL000I11634;;IRL;;;27.54;0.00;0.00;;15.24;0.00;ROS SEAN;157;D157;;;N;;N;Y;Y;;;TO;;OTB, NK;96.99;0.00;Wood;;1994-02-21;MFL;1955-01-01;;2003-05-02
IRL000I11635;;IRL;;;5.40;0.00;0.00;;10.05;0.00;THE CAVE;75;WT75;;;Y;EI8871;N;N;N;;;MO;;GND, FPO;33.00;0.00;Wood;;1994-02-21;MFL;1971-01-01;;2008-02-21
IRL000I11637;;IRL;;;3.83;0.00;0.00;;7.92;0.00;MOONLIGHT;127;D127;;;N;;N;N;N;;;WO;;GND, FPO;127.00;0.00;Wood;;1994-04-11;MFL;1990-01-01;;2004-08-17
IRL000I11638;;IRL;;;73.57;62.06;0.00;;18.59;0.00;INA MCBAIN;216;S216;;;N;;N;Y;Y;;;MO;;OTB, NK;171.00;0.00;Wood;;1994-04-25;4G1;1968-01-01;;1998-02-24
IRL000I11639;;IRL;;;56.71;47.27;0.00;;17.37;0.00;CASTOR ET POLLUX;73;T73;Finland;;N;;N;Y;Y;;;TO;;OTB, NK;261.00;0.00;Wood;;1994-04-26;4G1;1968-01-01;;2002-12-05
IRL000I11640;;IRL;;;471.70;0.00;0.00;;36.21;0.00;SHAUNADON;885;SO885;;;N;;N;Y;Y;;;TO;;OTB, NK;1089.00;0.00;Wood;;1994-05-05;4G1;1972-01-01;1996-07-10;
IRL000I11641;;IRL;;;15.87;0.00;0.00;;12.04;0.00;NAOMH BEANNAN;212;G212;Galway;;Y;EI2483;Y;Y;N;;;MO;;DRB, FPO, GND;208.00;0.00;Wood;;1994-05-19;MFL;1989-01-01;;
IRL000I11642;;IRL;;;392.83;0.00;0.00;;39.40;0.00;ARMANA;327;D327;;;N;;N;Y;Y;;;TO;;OTB, NK;1268.00;0.00;Metal;;1994-05-20;4G1;1976-01-01;1996-07-10;
IRL000I11643;;IRL;;;75.18;64.73;0.00;;20.72;0.00;WESTRA;886;SO886;;;N;;N;Y;Y;;;MO;;OTB, NK;149.22;0.00;Metal;;1994-05-23;4G1;1959-01-01;;1995-06-27
IRL000I11644;;IRL;;;10.73;0.00;0.00;;12.96;0.00;CAHER ISLE;211;G211;Galway;;Y;EI8509;N;Y;N;;;MO;;FPO, GND;88.00;0.00;Fiber/Plastic;;1994-05-23;MFL;1993-01-01;;
IRL000I11645;;IRL;;;50.45;43.69;0.00;;17.00;0.00;GOLDEN SUNSET;217;S217;;;N;;N;Y;Y;;;MO;;OTB, PTM;134.30;0.00;Wood;;1994-05-23;4G1;1971-01-01;;2001-05-08
IRL000I11646;;IRL;;;62.00;0.00;0.00;;23.23;0.00;BRANDING;143;WD143;;;Y;EI6224;Y;Y;Y;;;TO;;TBB, NK;149.00;0.00;Metal;;1994-05-24;MFL;1965-01-01;;2004-09-28
IRL000I11647;;IRL;;;3.84;0.00;0.00;;7.86;0.00;SHEARWATER;158;C158;Cork;;Y;EI3866;N;N;N;;;MO;;OTM, FPO;16.41;0.00;Wood;;1994-09-08;MFL;1977-01-01;;
IRL000I11648;;IRL;;;62.28;48.83;0.00;;18.13;0.00;JASPER II;888;SO888;;;N;;N;Y;Y;;;MO;;OTB, NK;179.00;5.00;Wood;;1994-09-19;4G1;1968-01-01;;1996-03-11
IRL000I11649;;IRL;;;63.75;48.78;0.00;;19.20;0.00;VERALLA;889;SO889;;;N;;N;Y;Y;;;MO;;OTB, PTM;208.00;0.00;Wood;;1994-09-22;4G1;1974-01-01;;1998-12-23
IRL000I11650;;IRL;;;79.06;0.00;0.00;;21.70;0.00;THE ROSE OF LOUGH GILL;559;D559;;;N;;Y;Y;Y;;;MO;;OTB, NK;242.00;0.00;Wood;;1994-09-30;MFL;1960-01-01;;2004-12-01
IRL000I11651;;IRL;;;224.00;0.00;0.00;;31.07;0.00;SAELJON;891;SO891;;;Y;EI4209;Y;Y;Y;;;MO;;OTB, NK;634.00;100.00;Metal;;1994-10-04;MFL;1974-01-01;;2004-05-26
IRL000I11652;;IRL;;;12.59;0.00;0.00;;11.66;0.00;BERNIE CATRIONA;890;SO890;Sligo;;Y;EI8904;N;N;N;;;DO;;DRB, NK;42.50;0.00;Wood;;1994-10-04;MFL;1987-01-01;;
IRL000I11653;;IRL;;;47.45;0.00;0.00;;14.96;0.00;GISMONDE;218;S218;;;Y;EI8860;N;Y;N;;;MO;;OTM, FPO;261.00;0.00;Wood;;1994-10-04;MFL;1989-01-01;2009-07-22;
IRL000I11654;;IRL;;;2.73;2.90;0.00;;7.16;0.00;ST BRENDAN;182;D182;;;N;;N;N;N;;;MO;;FPO, NK;11.00;0.00;Wood;;1994-10-04;4G1;1985-01-01;;1996-10-11
IRL000I11655;;IRL;;;37.00;0.00;0.00;;15.95;0.00;ARD MOR;7;DA7;;;N;;Y;Y;Y;;;TO;;OTM, NK;145.00;0.00;Wood;;1994-10-21;MFL;1957-01-01;;2006-04-10
IRL000I11656;;IRL;;;5.02;4.75;0.00;;9.45;0.00;IONA DEE;220;D220;;;N;;N;N;N;;;MO;;FPO, NK;45.00;0.00;Wood;;1994-10-21;4G1;1991-01-01;;2001-06-18
IRL000I11657;;IRL;;;2.43;2.64;0.00;;6.40;0.00;CLIABHAN NA DOIMHNE;41;D41;;;N;;N;N;N;;;GO;;FPO, NK;14.54;0.00;Wood;;1994-10-21;4G1;1984-01-01;;1997-08-27
IRL000I11658;;IRL;;;9.92;0.00;0.00;;10.67;0.00;OCEAN BREAKER;267;C267;;;Y;EI7178;N;N;N;;;MO;;FPO, LHP;57.00;0.00;Wood;;1994-10-24;MFL;1982-01-01;;2016-09-27
IRL000I11659;;IRL;;;35.00;0.00;0.00;;15.22;0.00;GIRL MARGARET;458;D458;;;N;;Y;Y;Y;;;MO;;OTM, NK;82.07;0.00;Wood;;1994-11-08;MFL;1984-01-01;;2006-10-26
IRL000I11660;;IRL;;;105.04;88.36;0.00;;23.16;0.00;STAR IMMACULATE;266;D266;;;N;;N;Y;Y;;;TO;;OTB, NK;220.00;0.00;Metal;;1994-11-09;4G1;1951-01-01;;1996-12-20
IRL000I11661;;IRL;;;1302.00;0.00;0.00;;59.20;0.00;PAULA;165;D165;;;Y;EI4242;Y;Y;Y;;;TO;;OTM, PTM;3460.00;0.00;Wood;;1994-11-10;MFL;1994-01-01;;2011-02-28
IRL000I11662;;IRL;;;32.79;27.78;0.00;;15.54;0.00;GUIDING LIGHT;51;D51;;;N;;N;Y;Y;;;TO;;OTB, NK;254.00;0.00;Wood;;1994-11-11;4G1;1947-01-01;;1996-12-11
IRL000I11663;;IRL;;;2.79;0.00;0.00;;5.97;0.00;THOR;148;D148;;;N;;N;N;N;;;WO;;FPO, NK;22.38;0.00;Wood;;1994-11-23;MFL;1978-01-01;;2003-12-22
IRL000I11664;;IRL;;;1.98;2.17;0.00;;6.70;0.00;CALYPSO;168;D168;;;N;;N;N;N;;;TO;;FPO, GTR;21.00;0.00;Wood;;1995-01-06;4G1;1960-01-01;1999-05-05;
IRL000I11665;;IRL;;;1.70;1.75;0.00;;6.49;0.00;STARIK;22;D22;;;N;;N;N;N;;;MO;;FPO, NK;12.00;0.00;Wood;;1995-01-10;4G1;1972-01-01;;2002-12-04
IRL000I11666;;IRL;;;1.84;0.00;0.00;;6.09;0.00;SUMMER DAWN;240;W240;Waterford;;Y;EI3212;N;N;N;;;MO;;LHP, LHM;16.00;0.00;Wood;;1995-01-10;MFL;1982-01-01;;2020-07-14
IRL000I11667;;IRL;;;3.97;0.00;0.00;;9.14;0.00;DAWN HUNTER;219;S219;;;N;;N;N;N;;;GO;;DRB, GND;53.69;0.00;Wood;;1995-01-12;MFL;1980-01-01;;2005-06-27
IRL000I11668;;IRL;;;5206.00;0.00;0.00;;97.89;0.00;VERONICA;602;D602;;;N;;N;Y;Y;;;MO;;FPO, NK;5850.00;0.00;Metal;;1995-01-18;4G2;1994-01-01;;2002-03-20
IRL000I11669;;IRL;;;3.25;0.00;0.00;;6.67;0.00;JOHN FORTUNE;49;WD49;Wexford;;Y;EI5595;N;N;N;;;MO;;DRB, NK;39.54;0.00;Wood;;1995-01-18;MFL;1974-01-01;;
IRL000I11670;;IRL;;;4.67;6.53;0.00;;8.38;0.00;CLUANA;284;C284;;;N;;N;N;N;;;FX;;DRB, NK;37.30;0.00;Wood;;1995-01-30;4G1;1981-01-01;;2001-06-29
IRL000I11671;;IRL;;;1479.00;0.00;0.00;;53.16;0.00;SHEANNE;716;SO716;;;Y;EI4247;Y;Y;Y;;;MO;;OTM, NK;2238.30;0.00;Metal;;1995-02-07;MFL;1994-01-01;;2004-02-17
IRL000I11672;;IRL;;;4.04;4.37;0.00;;8.68;0.00;REGINA AARON;129;WD129;;;N;;N;N;N;;;MO;;FPO, NK;18.84;0.00;Wood;;1995-02-21;4G1;1970-01-01;;1998-12-16
IRL000I11673;;IRL;;;7.06;6.44;0.00;;10.21;0.00;MARY;611;SO611;;;N;;N;N;N;;;TO;;FPO, NK;59.69;0.00;Wood;;1995-02-28;4G1;1949-01-01;;1998-03-30
IRL000I11674;;IRL;;;0.99;0.00;0.00;;6.40;0.00;TWERP;286;C286;;;Y;EI4001;N;N;N;;;WO;;LLD, GND;17.00;0.00;Wood;;1995-03-01;MFL;1983-01-01;;2017-02-08
IRL000I11675;;IRL;;;2.63;0.00;0.00;;6.27;0.00;ORLA II;423;D423;;;N;;N;N;N;;;MO;;GND, NK;7.00;0.00;Wood;;1995-03-03;MFL;1995-01-01;;2005-09-12
IRL000I11676;;IRL;;;1.23;0.00;0.00;;6.34;0.00;ST BRIDGET;892;SO892;;;Y;EI8504;N;N;N;;;FX;;PS, NK;11.19;0.00;Wood;;1995-03-03;MFL;1980-01-01;;2007-04-24
IRL000I11677;;IRL;;;7.93;9.84;0.00;;9.49;0.00;THE GIRL EMER;50;WT50;;;N;;N;N;N;;;WO;;FPO, NK;59.69;0.00;Wood;;1995-04-20;4G1;1969-01-01;;1995-08-08
IRL000I11679;;IRL;;;188.00;0.00;0.00;;26.74;0.00;KELLY J;894;SO894;;;Y;EI4487;Y;Y;Y;;;MO;;OTB, NK;442.00;0.00;Metal;;1995-05-02;MFL;1972-01-01;;2003-03-19
IRL000I11680;;IRL;;;26.65;24.25;0.00;;15.17;0.00;BONNIE ROY;866;SO866;;;N;;N;Y;Y;;;MO;;OTB, NK;83.56;0.00;Wood;;1995-05-02;4G1;1948-01-01;;1997-02-17
IRL000I11681;;IRL;;;10.21;0.00;0.00;;10.05;0.00;MARY ANNE;205;W205;Waterford;;Y;EI7074;N;N;N;;;TO;;DRB, NK;70.00;0.00;Metal;;1995-05-03;MFL;1994-01-01;;
IRL000I11682;;IRL;;;6.47;6.41;0.00;;7.62;0.00;MI DANA ARK;200;D200;;;N;;N;N;N;;;WO;;FPO, NK;45.00;0.00;Wood;;1995-05-03;4G1;1980-01-01;;1997-02-17
IRL000I11683;;IRL;;;3.87;0.00;0.00;;8.80;0.00;NAOMH CORAN;285;C285;Cork;;Y;EIBP4;N;N;N;;;WO;;FPO, GND;22.00;0.00;Wood;;1995-05-04;MFL;1983-01-01;;
IRL000I11684;;IRL;;;3.82;0.00;0.00;;9.29;0.00;LORNA DOONE;190;W190;;;N;;N;N;N;;;MO;;OTM, FPO;37.00;0.00;Wood;;1995-05-04;MFL;1975-01-01;;2006-06-01
IRL000I11685;;IRL;;;4.86;0.00;0.00;;10.05;0.00;SEAGULL ISLE;579;SO579;;;Y;EI7893;N;N;N;;;GO;;FPO, GNS;15.00;0.00;Wood;;1995-05-04;MFL;1948-01-01;;2011-05-23
IRL000I11686;;IRL;;;1.51;0.00;0.00;;5.18;0.00;THE GANNET;215;D215;;;N;;N;N;N;;;WO;;FPO, NK;15.00;3.00;Wood;;1995-05-04;MFL;1982-01-01;;2006-06-28
IRL000I11687;;IRL;;;200.00;0.00;0.00;;21.80;0.00;SEAGULL II;9;DA9;;;N;;Y;Y;Y;;;TO;;OTB, NK;399.00;0.00;Wood;;1995-05-09;MFL;1984-01-01;;2004-10-05
IRL000I11688;;IRL;;;69.00;0.00;0.00;;18.18;0.00;MISTLETOE;220;S220;;;Y;EI5600;Y;Y;Y;;;TO;;OTM, NK;238.70;0.00;Wood;;1995-05-10;MFL;1967-01-01;2005-12-13;
IRL000I11689;;IRL;;;0.64;0.00;0.00;;6.25;0.00;DAWN MARIE;283;C283;;;N;;N;N;N;;;GO;;FPO, GND;19.00;0.00;Wood;;1995-05-12;MFL;1982-01-01;;2005-11-01
IRL000I11690;;IRL;;;10.05;8.41;0.00;;10.97;0.00;STAR OF TEELIN;684;SO684;;;N;;N;N;N;;;GO;;FPO, NK;54.00;0.00;Wood;;1995-05-31;4G1;1978-01-01;;2002-12-04
IRL000I11691;;IRL;;;2.86;0.00;0.00;;8.22;0.00;ROUGH POINT;549;G549;Tralee;;Y;EI3052;N;N;N;;;WO;;DRB, NK;27.00;0.00;Wood;;1995-05-31;MFL;1984-01-01;2019-01-14;
IRL000I11692;;IRL;;;10.65;0.00;0.00;;11.58;0.00;REBECCA JEAN;18;WT18;;;N;;N;N;N;;;MO;;DRB, NK;90.00;0.00;Wood;;1995-05-31;MFL;1974-01-01;;2013-04-18
IRL000I11693;;IRL;;;3.24;0.00;0.00;;9.29;0.00;UNDAUNTED;30;L30;Finland;;Y;EI2131;N;N;N;;;MO;;FPO, NK;90.00;0.00;Wood;;1995-05-31;MFL;1980-01-01;;2012-11-13
IRL000I11694;;IRL;;;12.15;14.93;0.00;;12.19;0.00;BLUE BANGER;214;G214;United Kingdom;;N;;N;Y;N;;;MO;;DRB, NK;187.00;0.00;Metal;;1995-06-19;4G1;1982-01-01;;1997-02-17
IRL000I11695;;IRL;;;37.05;38.16;0.00;;15.58;0.00;KATHY ANGELA;64;T64;Finland;;N;;N;Y;Y;;;MO;;OTB, NK;260.00;0.00;Metal;;1995-06-19;4G1;1992-01-01;1996-08-20;
IRL000I11696;;IRL;;;6.33;7.72;0.00;;8.90;0.00;ST KIERAN;68;S68;;;N;;N;N;N;;;MO;;DRB, NK;59.68;0.00;Wood;;1995-06-23;4G1;1977-01-01;;1998-02-05
IRL000I11697;;IRL;;;147.00;0.00;0.00;;25.15;0.00;OCEAN FREEDOM;395;S395;;;Y;EI4983;Y;Y;Y;;;MO;;OTB, NK;370.00;0.00;Metal;;1995-06-27;MFL;1970-01-01;;2004-09-30
IRL000I11698;;IRL;;;9.48;0.00;0.00;;11.74;0.00;GRAINNE MARIE;83;C83;Cork;;Y;EI8463;N;N;N;;;MO;;GNS, FPO;69.00;0.00;Wood;;1995-06-27;MFL;1974-01-01;;2018-12-12
IRL000I11699;;IRL;;;4.58;0.00;0.00;;7.41;0.00;COLM BAIRBRE;213;G213;United Kingdom;;Y;EI3665;N;N;N;;;MO;;DRB, FPO;54.00;0.00;Wood;;1995-08-03;MFL;1974-01-01;;2015-01-07
IRL000I11700;;IRL;;;3.89;0.00;0.00;;8.00;0.00;CHRISTIAN KANE;76;T76;Finland;;Y;EI4749;N;N;N;;;MO;;LHP, FPO;74.60;0.00;Fiber/Plastic;;1995-08-14;MFL;1989-01-01;;2016-03-31
IRL000I11701;;IRL;;;6.18;5.95;0.00;;8.93;0.00;CARRAIG SEAN;34;WD34;;;N;;N;N;N;;;MO;;FPO, NK;28.00;0.00;Wood;;1995-09-28;4G1;1951-01-01;;1997-12-15
IRL000I11702;;IRL;;;18.53;19.96;0.00;;11.70;0.00;PREVAIL;377;D377;Dublin;;N;;N;N;N;;;MO;;FPO, NK;82.06;0.00;Metal;;1995-10-03;4G1;1972-01-01;;
IRL000I11703;;IRL;;;5.40;5.17;0.00;;9.44;0.00;THE AISLING;64;WT64;;;N;;N;N;N;;;MO;;FPO, NK;21.00;0.00;Wood;;1995-10-04;4G1;1967-01-01;;1996-03-01
IRL000I11704;;IRL;;;7.53;0.00;0.00;;8.16;0.00;BEAL CHOINNIGH 11;83;T83;Tralee;;Y;EI4614;N;N;N;;;MO;;DRB, NK;59.69;0.00;Wood;;1995-10-11;MFL;1994-01-01;;
IRL000I11705;;IRL;;;41.28;0.00;0.00;;23.98;0.00;SPERO IN DEO;82;T82;Finland;;Y;EI6135;Y;Y;Y;;;TO;;DRB, NK;235.00;0.00;Metal;;1995-10-11;MFL;1908-01-01;;2007-10-25
IRL000I11707;;IRL;;;12.32;15.16;0.00;;10.97;0.00;AN POTA GLIOMACH;19;WT19;;;N;;N;N;N;;;MO;;FPO, NK;160.40;0.00;Metal;;1995-10-12;4G1;1994-01-01;;1999-07-05
IRL000I11708;;IRL;;;6.34;0.00;0.00;;11.58;0.00;EMILY DEE;287;C287;;;Y;EI6200;N;N;N;;;NO;;GND, FPO;60.10;0.00;Wood;;1995-10-12;MFL;1995-01-01;;2010-03-23
IRL000I11709;;IRL;;;4.28;0.00;0.00;;10.05;0.00;JERDEMAR;85;T85;Finland;;Y;EI4511;N;N;N;;;DO;;DRB, NK;89.53;0.00;Metal;;1995-12-05;MFL;1994-01-01;;2007-12-06
IRL000I11710;;IRL;;;37.15;19.82;0.00;;11.90;0.00;ALTRATUS;402;D402;;;N;;N;N;N;;;TO;;FPO, NK;216.00;0.00;Wood;;1996-01-11;4G1;1991-01-01;;1998-08-12
IRL000I11712;;IRL;;;40.51;31.14;0.00;;16.03;0.00;NUMORA;216;G216;United Kingdom;;N;;N;Y;Y;;;TO;;OTB, PTM;116.00;0.00;Wood;;1996-05-27;4G1;1965-01-01;;1999-07-13
IRL000I11713;;IRL;;;1093.00;0.00;0.00;;58.00;0.00;FELUCCA;108;SO108;Sligo;;Y;EIGC;Y;Y;Y;9131981;;TO;;PS, OTM;2710.00;800.00;Metal;;1996-05-29;MFL;1995-01-01;;2021-05-21
IRL000I11714;;IRL;;;0.91;1.05;0.00;;5.63;0.00;VALDA;58;D58;;;N;;N;N;N;;;WO;;FPO, GTR;7.00;0.00;Wood;;1996-06-21;4G1;1996-01-01;;1999-07-05
IRL000I11715;;IRL;;;104.00;0.00;0.00;;19.43;0.00;CELTIC WARRIOR;8;DA8;;;Y;EI5779;Y;Y;Y;;;TO;;OTM, NK;321.00;0.00;Metal;;1996-07-01;MFL;1982-01-01;2008-09-30;
IRL000I11716;;IRL;;;1093.00;0.00;0.00;;53.06;0.00;VIGILANT;109;SO109;Sligo;;Y;EIPX;Y;Y;Y;9131979;;TO;;OTM, NK;1007.00;0.00;Metal;;1996-07-23;MFL;1995-01-01;;
IRL000I11717;;IRL;;;84.00;0.00;0.00;;22.19;0.00;ANNANDALE;217;G217;Galway;;Y;EI7182;Y;Y;Y;;;TO;;GND, NK;238.00;0.00;Metal;;1996-08-22;MFL;1959-01-01;2015-10-06;
IRL000I11718;;IRL;;;83.43;64.73;0.00;;22.19;0.00;WESTRA;886;SO886;;;N;;N;Y;Y;;;MO;;OTB, PTM;149.20;0.00;Metal;;1996-10-01;4G1;1959-01-01;;1999-01-15
IRL000I11719;;IRL;;;28.33;21.58;0.00;;13.84;0.00;JEAN RENE;146;WD146;;;N;;N;Y;N;;;WO;;OTB, NK;74.61;0.00;Wood;;1996-10-16;4G1;1969-01-01;;1997-10-21
IRL000I11720;;IRL;;;54.20;72.87;0.00;;22.44;0.00;SANS PEUR;219;G219;United Kingdom;;Y;EI4556;N;Y;Y;;;MO;;OTB, PTM;280.00;0.00;Wood;;1996-10-16;4G1;1968-01-01;;2000-05-24
IRL000I11721;;IRL;;;15.29;0.00;0.00;;10.98;0.00;HAFBJORG;222;S222;;;Y;EI5117;N;N;N;;;MO;;OTM, GND;110.00;0.00;Wood;;1996-11-20;MFL;1985-01-01;;2008-09-11
IRL000I11722;;IRL;;;224.00;0.00;0.00;;29.80;0.00;MARLIONA;59;D59;Dublin;;Y;EI4486;Y;Y;Y;8700802;;SPE;;PS, NK;736.00;0.00;Metal;;1996-11-21;MFL;1986-01-01;;
IRL000I11724;;IRL;;;1793.00;0.00;0.00;;70.00;0.00;ATLANTIC CHALLENGE;642;D642;Dublin;;Y;EI4547;N;Y;Y;;;TO;;OTM, PTM;2940.00;0.00;Metal;;1996-12-20;4G2;1996-01-01;;
IRL000I11726;;IRL;;;68.00;0.00;0.00;;18.36;0.00;HERCULES III;218;G218;United Kingdom;;Y;EI4576;Y;Y;Y;;;TO;;OTM, PS;261.14;0.00;Metal;;1997-09-22;MFL;1964-01-01;;2005-06-28
IRL000I11727;;IRL;;;66.73;0.00;0.00;;19.88;0.00;ALTAIR;98;T98;Finland;;N;;Y;Y;Y;;;TO;;OTM, NK;246.00;0.00;Wood;;1997-09-22;MFL;1957-01-01;;2004-02-01
IRL000I11728;;IRL;;;146.00;0.00;0.00;;23.42;0.00;DISCOVERY;225;S225;;;Y;EI6197;Y;Y;Y;;;TO;;PS, OTM;421.50;0.00;Metal;;1997-09-23;MFL;1980-01-01;2009-05-11;
IRL000I11729;;IRL;;;124.90;72.33;0.00;;19.40;0.00;FIONA K;117;T117;Finland;;N;;N;Y;Y;;;MO;;OTB, PTM;358.00;0.00;Wood;;1997-10-02;4G1;1983-01-01;;2000-06-12
IRL000I11730;;IRL;;;67.92;0.00;0.00;;24.55;0.00;MANTA;119;T119;Tralee;;N;;N;Y;Y;;;MO;;OTB, PTM;220.00;0.00;Metal;;1997-10-02;4G1;1986-01-01;;
IRL000I11731;;IRL;;;77.00;0.00;0.00;;17.51;0.00;TRESHELLE;508;D508;;;N;;N;Y;Y;;;MO;;OTB, NK;180.00;0.00;Wood;;1997-10-02;MFL;1971-01-01;;2003-06-09
IRL000I11734;;IRL;;;180.00;0.00;0.00;;24.77;0.00;ARCTIC SUN;898;SO898;;;Y;EI6910;Y;Y;Y;;;MO;;GND, NK;600.00;0.00;Metal;;1997-10-23;MFL;1973-01-01;;2012-08-13
IRL000I11737;;IRL;;;176.00;0.00;0.00;;23.50;0.00;OCEAN ENTERPRISE;115;T115;Finland;;Y;EI5164;Y;Y;Y;;;TO;;OTM, NK;295.00;0.00;Metal;;1997-11-17;MFL;1973-01-01;2008-10-08;
IRL000I11738;;IRL;;;120.00;0.00;0.00;;23.47;0.00;CHARISMA;220;G220;United Kingdom;;N;;N;Y;Y;;;TO;;OTB, NK;280.00;0.00;Wood;;1997-11-18;MFL;1970-01-01;;2003-03-05
IRL000I11741;;IRL;;;9.82;0.00;0.00;;10.61;0.00;SPEEDWELL;99;T99;Finland;;N;;N;N;N;;;FX;;FPO, NK;93.26;0.00;Wood;;1997-11-19;MFL;1974-01-01;;2006-08-15
IRL000I11742;;IRL;;;7.24;0.00;0.00;;10.36;0.00;SUNDANCER II;223;S223;Skibbereen;;N;;N;N;N;;;DO;;DRB, FPO;560.00;0.00;Wood;;1997-11-20;MFL;1990-01-01;;
IRL000I11743;;IRL;;;242.00;0.00;0.00;;33.25;0.00;ELLIE KEANE;96;T96;Finland;;Y;EI4842;N;Y;Y;;;TO;;OTB, PTM;895.00;0.00;Metal;;1997-11-20;4G1;1972-01-01;;2000-05-23
IRL000I11744;;IRL;;;127.00;0.00;0.00;;22.55;0.00;ATLANTIC MARINER;226;S226;;;Y;EI4844;Y;Y;Y;;;TO;;OTM, GND;291.00;0.00;Metal;;1997-11-20;MFL;1980-01-01;;2013-07-03
IRL000I11747;;IRL;;;105.00;0.00;0.00;;19.32;0.00;POD SANT YANN;105;T105;Finland;;Y;EI6007;Y;Y;Y;;;TO;;GND, NK;316.00;0.00;Wood;;1997-11-24;MFL;1984-01-01;2007-01-30;
IRL000I11748;;IRL;;;59.41;0.00;0.00;;18.68;0.00;VALOUR;476;D476;;;Y;EI4817;Y;Y;Y;;;MO;;DRB, NK;171.00;0.00;Wood;;1997-11-24;MFL;1965-01-01;;2004-10-31
IRL000I11749;;IRL;;;77.08;0.00;0.00;;23.83;0.00;QUO VADIS;676;D676;;;N;;N;Y;Y;;;TO;;OTB, NK;380.51;0.00;Metal;;1997-12-15;MFL;1957-01-01;;2003-04-30
IRL000I11750;;IRL;;;169.00;0.00;0.00;;23.00;0.00;OCEAN REAPER;229;S229;;;Y;EI5720;Y;Y;Y;;;MO;;OTB, NK;448.00;0.00;Wood;;1997-12-17;MFL;1976-01-01;;2004-05-26
IRL000I11751;;IRL;;;44.54;38.41;0.00;;16.76;0.00;SMERBHIC;118;T118;Finland;;N;;N;Y;Y;;;GO;;OTB, PTM;147.00;0.00;Wood;;1998-01-14;4G1;1950-01-01;;2000-05-03
IRL000I11752;;IRL;;;10.93;0.00;0.00;;11.28;0.00;UNA AOIFE;232;S232;;;N;;N;N;N;;;MO;;FPO, NK;110.00;0.00;Wood;;1998-01-29;MFL;1996-01-01;;2003-05-28
IRL000I11753;;IRL;;;13.15;48.83;0.00;;18.13;0.00;JASPER II;888;SO888;;;N;;N;Y;Y;;;TO;;OTB, NK;179.00;0.00;Wood;;1998-02-23;4G1;1968-01-01;;1998-02-28
IRL000I11754;;IRL;;;128.00;0.00;0.00;;20.62;0.00;AMITY;233;S233;;;Y;EI5883;Y;Y;Y;;;SO;;OTM, DRB;178.00;0.00;Wood;;1998-02-23;MFL;1973-01-01;2008-09-05;
IRL000I11755;;IRL;;;120.17;91.70;0.00;;22.55;0.00;ACHILLES;230;S230;;;N;;N;Y;Y;;;MO;;OTB, PTM;403.00;0.00;Wood;;1998-03-04;4G1;1968-01-01;;1999-10-05
IRL000I11756;;IRL;;;188.00;0.00;0.00;;29.11;0.00;CELESTIAL DAWN;900;SO900;;;Y;EI5041;Y;Y;Y;;;TO;;OTB, NK;420.00;0.00;Metal;;1998-03-04;MFL;1973-01-01;;2003-01-09
IRL000I11757;;IRL;;;174.00;0.00;0.00;;24.34;0.00;STAR IMMACULATE II;40;DA40;;;Y;EI7544;Y;Y;Y;;;MO;;GND, NK;375.00;0.00;Metal;;1998-03-23;MFL;1974-01-01;2008-09-16;
IRL000I11758;;IRL;;;137.00;0.00;0.00;;27.36;0.00;PARAMOUNT;150;WD150;;;Y;EI5265;Y;Y;Y;;;DO;;DRB, NK;559.57;59.69;Metal;;1998-04-20;MFL;1968-01-01;;2007-11-13
IRL000I11759;;IRL;;;106.10;65.05;0.00;;22.57;0.00;BOUNTEOUS SEA;10;DA10;;;N;;N;Y;Y;;;TO;;OTB, PTM;200.00;0.00;Wood;;1998-04-21;4G1;1967-01-01;;2001-02-22
IRL000I11761;;IRL;;;3.37;0.00;0.00;;7.80;0.00;LA MAREE;208;W208;Waterford;;Y;EI7911;N;N;N;;;MO;;DRB, NK;89.53;0.00;Wood;;1998-04-29;MFL;1988-01-01;;
IRL000I11767;;IRL;;;2.54;0.00;0.00;;6.40;0.00;SNOWDROPS;731;S731;;;N;;N;N;N;;;GO;;LNB, GND;11.19;0.00;Wood;;1998-05-20;MFL;1978-01-01;;2007-06-19
IRL000I11768;;IRL;;;143.00;0.00;0.00;;24.30;0.00;SHEARWATER II;221;G221;United Kingdom;;Y;EI5127;Y;Y;Y;;;TO;;DRB, NK;447.00;0.00;Metal;;1998-08-31;MFL;1975-01-01;;2005-04-07
IRL000I11770;;IRL;;;32.00;0.00;0.00;;15.24;0.00;MUIREANN;292;C292;;;N;;Y;Y;Y;;;DO;;DRB, FPO;134.28;0.00;Metal;;1998-06-09;MFL;1997-01-01;;2014-09-30
IRL000I11776;;IRL;;;10.62;0.00;0.00;;10.50;0.00;LADYBIRD;11;DA11;;;N;;N;N;N;;;MO;;GND, NK;60.00;0.00;Wood;;1998-06-22;MFL;1988-01-01;;2006-12-19
IRL000I11787;;IRL;;;2.55;0.00;0.00;;7.01;0.00;VENTRY ROVER;345;T345;Finland;;Y;EIMW4;N;N;N;;;MO;;LHP, FPO;13.43;0.00;Fiber/Plastic;;1998-10-07;MFL;1984-01-01;;2014-08-28
IRL000I11794;;IRL;;;63.00;0.00;0.00;;18.66;0.00;INCENTIVE;906;SO906;;;Y;EI6698;Y;Y;Y;;;TO;;GNC, NK;207.41;0.00;Wood;;1998-08-28;MFL;1970-01-01;;2006-09-06
IRL000I11795;;IRL;;;2.48;4.52;0.00;;8.53;0.00;STAR OF THE SEA;46;W46;;;N;;N;N;N;;;MO;;FPO, NK;19.50;0.00;Wood;;1998-10-07;4G1;1985-01-01;;1999-10-28
IRL000I11796;;IRL;;;11.74;10.31;0.00;;10.91;0.00;ISHGAIR;212;W212;;;N;;N;N;N;;;TO;;FPO, NK;82.06;0.00;Fiber/Plastic;;1998-09-04;4G1;1986-01-01;;2002-12-09
IRL000I11805;;IRL;;;5.96;0.00;0.00;;9.30;0.00;NAOMH BRID;1;DK1;;;Y;EI8101;N;N;N;;;TO;;DRB, NK;59.68;0.00;Fiber/Plastic;;1998-09-07;MFL;1994-01-01;;2013-11-04
IRL000I11807;;IRL;;;1.39;0.00;0.00;;6.71;0.00;NORTH CAPE;104;T104;Tralee;;Y;EI8659;N;N;N;;;DO;;DRB, NK;14.17;0.00;Fiber/Plastic;;1998-08-17;MFL;1970-01-01;;
IRL000I11814;;IRL;;;151.00;0.00;0.00;;24.35;0.00;FIDELIA;4;DA4;;;Y;EI5483;Y;Y;Y;;;TO;;OTM, FPO;421.00;0.00;Metal;;1998-09-08;MFL;1973-01-01;2008-09-24;
IRL000I11830;;IRL;;;71.00;0.00;0.00;;15.07;0.00;ALLY MARIE;901;SO901;;;N;;N;Y;Y;;;TO;;OTB, NK;186.00;6.71;Metal;;1998-09-23;MFL;1977-01-01;;2003-12-19
IRL000I11835;;IRL;;;61.00;0.00;0.00;;16.03;0.00;RADIANT TRUST;625;D625;;;Y;EI5345;Y;Y;Y;;;DO;;DRB, NK;135.00;0.00;Wood;;1998-10-05;MFL;1972-01-01;;2007-02-06
IRL000I11840;;IRL;;;5.85;8.93;0.00;;11.00;0.00;PULLIT;294;C294;;;N;;N;N;N;;;TO;;GTR, NK;65.66;0.00;Metal;;1998-10-06;4G1;1980-01-01;;2001-04-05
IRL000I11846;;IRL;;;9.13;0.00;0.00;;9.96;0.00;NAPIER;295;C295;Cork;;Y;EI7652;N;N;N;;;MO;;OTM, NK;88.80;0.00;Fiber/Plastic;;1998-10-12;MFL;1980-01-01;2015-05-01;
IRL000I11847;;IRL;;;4.43;6.82;0.00;;9.75;0.00;MICHELE;135;WT135;;;N;;N;N;N;;;MO;;GTR, NK;33.10;0.00;Wood;;1998-10-12;4G1;1969-01-01;;2000-05-29
IRL000I11863;;IRL;;;707.00;0.00;0.00;;47.45;0.00;ARTIC FOX;715;SO715;;;Y;EI5386;Y;Y;Y;;;TO;;OTM, NK;1070.00;0.00;Metal;;1998-11-03;MFL;1998-01-01;;2004-03-22
IRL000I11878;;IRL;;;3.86;0.00;0.00;;7.77;0.00;SEA QUEST;5;DK5;;;N;;N;N;N;;;MO;;DRB, NK;33.00;0.00;Wood;;1998-11-03;MFL;1980-01-01;;2004-05-26
IRL000I11883;;IRL;;;1.20;2.97;0.00;;8.53;0.00;DOLPHIN;14;W14;;;N;;N;N;N;;;TO;;GTR, NK;22.40;0.00;Wood;;1998-11-19;4G1;1930-01-01;;1999-10-14
IRL000I11888;;IRL;;;5.70;0.00;0.00;;9.16;0.00;NAOMH CIARAIN;215;G215;United Kingdom;;N;;N;N;N;;;MO;;DRB, NK;22.00;0.00;Wood;;1998-11-23;MFL;1978-01-01;;2008-04-16
IRL000I11890;;IRL;;;9.00;0.00;0.00;;10.08;0.00;STAR OF THE SEA;913;SO913;;;N;;N;N;N;;;MO;;GND, FPO;64.16;0.00;Wood;;1998-11-24;MFL;1985-01-01;;2005-11-01
IRL000I11898;;IRL;;;81.00;0.00;0.00;;28.22;0.00;OLIVE RACHEL;156;WD156;;;Y;EI5925;Y;Y;Y;;;DO;;DRB, NK;268.00;0.00;Metal;;1998-12-15;MFL;1950-01-01;;2013-05-01
IRL000I11902;;IRL;;;61.07;0.00;0.00;;19.11;0.00;OCEAN QUEST;594;D594;;;N;;N;Y;Y;;;TO;;SSC, NK;180.00;0.00;Wood;;1998-12-18;4G1;1972-01-01;;2002-11-29
IRL000I11908;;IRL;;;1.21;0.00;0.00;;5.79;0.00;AN FAOILEAN;916;SO916;;;N;;N;N;N;;;MO;;GND, LHP;7.46;0.00;Fiber/Plastic;;1999-01-14;MFL;1987-01-01;;2006-03-30
IRL000I11909;;IRL;;;106.00;0.00;0.00;;19.83;0.00;HEROINE;291;C291;;;N;;Y;Y;Y;;;TO;;OTM, GND;317.09;0.00;Wood;;1999-01-15;MFL;1971-01-01;;2005-02-08
IRL000I11912;;IRL;;;59.00;0.00;0.00;;16.84;0.00;LES MARQUISES;899;SO899;Sligo;;Y;EIAT6;Y;Y;Y;;;TO;;GND, OTM;193.09;0.00;Metal;;1999-01-19;MFL;1986-01-01;2023-05-19;
IRL000I11914;;IRL;;;213.00;0.00;0.00;;33.89;0.00;SALTEES GANNET;147;WD147;;;Y;EI6169;Y;Y;Y;;;TO;;TBB, NK;882.00;0.00;Metal;;1999-05-27;MFL;1973-01-01;2008-09-24;
IRL000I11917;;IRL;;;174.00;0.00;0.00;;24.43;0.00;ARCTIC WARRIOR;352;T352;Finland;;Y;EI6038;Y;Y;Y;;;GO;;OTB, NK;373.00;0.00;Metal;;1999-01-29;MFL;1973-01-01;;2004-05-26
IRL000I11920;;IRL;;;49.56;40.74;0.00;;15.97;0.00;CELTIC ROSE;264;S264;;;N;;N;Y;Y;;;MO;;OTB, PTM;223.71;0.00;Metal;;1999-01-29;4G1;1979-01-01;;2000-05-25
IRL000I11921;;IRL;;;83.29;52.36;0.00;;19.75;0.00;OCEAN VENTURE;124;D124;;;N;;N;Y;Y;;;TO;;OTB, PTM;224.00;0.00;Wood;;1999-02-02;4G1;1971-01-01;;2000-05-24
IRL000I11937;;IRL;;;2.28;3.55;0.00;;6.70;0.00;ENBAR;299;C299;;;N;;N;N;N;;;GO;;FPO, NK;14.55;0.00;Fiber/Plastic;;1982-01-01;4G1;1982-01-01;;2000-04-17
IRL000I11938;;IRL;;;3.00;0.00;0.00;;7.53;0.00;SEA BREEZE;919;SO919;Sligo;;Y;EI2134;N;N;N;;;MO;;DRB, GND;53.72;0.00;Fiber/Plastic;;1998-09-01;MFL;1985-01-01;;
IRL000I11942;;IRL;;;207.00;0.00;0.00;;23.95;0.00;ROSE OF SHARON;17;DA17;;;Y;EI5478;Y;Y;Y;;;TO;;GND, NK;413.00;0.00;Wood;;1999-04-09;MFL;1987-01-01;2008-09-24;
IRL000I11944;;IRL;;;128.00;0.00;0.00;;20.42;0.00;ARIANE;275;S275;;;Y;EI5767;Y;Y;Y;;;TO;;PS, OTM;298.00;0.00;Wood;;1999-05-05;MFL;1984-01-01;2008-09-19;
IRL000I11947;;IRL;;;8.19;0.00;0.00;;10.49;0.00;SEROFINA;213;W213;;;Y;EI-5598;N;N;N;;;MO;;DRB, NK;89.60;0.00;Metal;;1999-05-05;MFL;1979-01-01;;2014-03-18
IRL000I11948;;IRL;;;297.00;0.00;0.00;;33.10;0.00;EILEAN CROINE;283;S283;;;Y;EI5519;Y;Y;Y;;;TO;;OTM, NK;709.00;0.00;Metal;;1999-05-13;MFL;1979-01-01;;2005-09-08
IRL000I11953;;IRL;;;131.00;64.80;0.00;;21.12;0.00;EL SHADDAI;12;DA12;;;Y;EI5909;N;Y;Y;;;MO;;OTB, NK;358.00;0.00;Wood;;1999-05-17;4G1;1975-01-01;;2002-12-12
IRL000I11955;;IRL;;;421.00;0.00;0.00;;40.11;0.00;JOSEPH S;166;WD166;;;Y;EI5526;Y;Y;Y;;;TO;;OTB, NK;749.00;0.00;Metal;;1999-05-18;MFL;1990-01-01;2008-08-22;
IRL000I11961;;IRL;;;132.41;92.18;0.00;;22.84;0.00;GOLDEN SPLENDOUR;222;G222;United Kingdom;;N;;N;Y;Y;;;TO;;PS, NK;224.00;0.00;Wood;;1999-06-28;4G1;1973-01-01;;2001-06-18
IRL000I11963;;IRL;;;1.99;0.00;0.00;;6.49;0.00;SAINT HELENA;917;SO917;;;N;;N;N;N;;;DO;;DRB, NK;27.00;0.00;Wood;;1999-07-13;MFL;1973-01-01;;2014-02-17
IRL000I11966;;IRL;;;26.80;35.08;0.00;;13.71;0.00;AQUARIUS 1;922;SO922;Sligo;;N;;N;Y;N;;;TO;;OTB, PTM;251.00;0.00;Metal;;1999-07-14;4G1;1980-01-01;;
IRL000I11980;;IRL;;;59.00;0.00;0.00;;19.72;0.00;HARVEST REAPER;16;DA16;;;N;;Y;Y;Y;;;TO;;OTM, NK;200.00;0.00;Wood;;1999-07-30;MFL;1961-01-01;;2005-02-14
IRL000I11995;;IRL;;;1.92;0.00;0.00;;6.40;0.00;SULA;188;S188;Skibbereen;;Y;EI7800;N;N;N;;;WO;;FPO, GND;13.43;0.00;Fiber/Plastic;;1999-09-01;MFL;1990-01-01;;
IRL000I11999;;IRL;;;3.62;3.43;0.00;;9.96;0.00;MARLIN;371;D371;;;Y;EI2601;N;N;N;;;GO;;DRB, NK;37.50;0.00;Fiber/Plastic;;1999-09-02;MFL;1983-01-01;2008-08-29;
IRL000I12002;;IRL;;;6.97;0.00;0.00;;11.06;0.00;ST. CILLIAN;320;S320;;;Y;EI2724;N;N;N;;;DO;;DRB, NK;81.00;0.00;Wood;;1999-09-07;MFL;1969-01-01;;2015-04-14
IRL000I12010;;IRL;;;90.00;0.00;0.00;;22.25;0.00;MATTANJA;106;WD106;;;Y;EI3263;Y;Y;Y;;;DO;;DRB, NK;221.00;0.00;Metal;;1984-09-14;MFL;1960-01-01;;2007-08-03
IRL000I12018;;IRL;;;160.00;0.00;0.00;;22.75;0.00;COURAGEOUS;18;DA18;;;Y;EI5540;Y;Y;Y;;;TO;;OTM, NK;373.00;0.00;Metal;;1972-09-12;MFL;1972-01-01;2008-10-02;
IRL000I12020;;IRL;;;1.71;1.92;0.00;;6.09;0.00;RAZOR;174;W174;;;N;;N;N;N;;;MO;;FPO, NK;13.00;0.00;Fiber/Plastic;;1997-01-01;4G1;1997-01-01;;2002-12-02
IRL000I12036;;IRL;;;5.07;0.00;0.00;;7.95;0.00;GIRL MOLLY;220;SO220;Sligo;;Y;EIWX6;N;N;N;;;TO;;FPO, OTB, GNS;40.00;0.00;Fiber/Plastic;;1999-01-01;MFL;1999-01-01;;2025-06-13
IRL000I12046;;IRL;;;557.00;0.00;0.00;;40.45;0.00;STRONGBOW 1;22;WD22;;;Y;EI5725;Y;Y;Y;;;TO;;GND, NK;2850.00;0.00;Metal;;1987-06-30;MFL;1987-01-01;;2006-05-10
IRL000I12055;;IRL;;;7.75;0.00;0.00;;9.85;0.00;BOY TIM;232;G232;United Kingdom;;N;;N;N;N;;;MO;;DRB, GND;89.53;0.00;Fiber/Plastic;;1975-04-27;MFL;1974-01-01;;2006-05-05
IRL000I12061;;IRL;;;9.94;0.00;0.00;;9.80;0.00;MORNING STAR;3;DK3;;;N;;N;N;N;;;WO;;GTR, NK;86.00;0.00;Wood;;1979-07-01;MFL;1976-01-01;;2004-12-07
IRL000I12063;;IRL;;;6.56;0.00;0.00;;11.04;0.00;BARNACLE II;185;WD185;Wexford;;Y;EIAW9;N;N;N;;;MO;;FPO, OTB, GNS;40.00;0.00;Fiber/Plastic;;1973-06-14;MFL;1973-01-01;;
IRL000I12072;;IRL;;;87.00;0.00;0.00;;24.92;0.00;WILHELMINA S;236;W236;;;Y;EI6218;Y;Y;Y;;;TO;;OTB, NK;224.00;0.00;Metal;;1960-01-01;MFL;1960-01-01;;2004-08-26
IRL000I12079;;IRL;;;2.65;2.80;0.00;;7.01;0.00;YUKON RIVER;921;SO921;;;N;;N;N;N;;;WO;;FPO, NK;21.00;0.00;Wood;;1999-11-30;4G1;1979-01-01;;2000-05-24
IRL000I12080;;IRL;;;78.00;0.00;0.00;;30.59;0.00;LUCTOR;927;SO927;;;Y;EI6741;Y;Y;Y;;;DO;;DRB, NK;264.90;0.00;Metal;;1999-11-18;MFL;1922-01-01;;2008-12-19
IRL000I12090;;IRL;;;1.79;0.00;0.00;;6.00;0.00;ISLAND ROSE II;422;T422;Tralee;;Y;EI6501;N;N;N;;;WO;;FPO, LHP, GNS;9.69;0.00;Fiber/Plastic;;1997-01-01;MFL;1997-01-01;;
IRL000I12091;;IRL;;;12.75;0.00;0.00;;12.96;0.00;MOLLIE OG;925;SO925;Sligo;;Y;EI2679;Y;Y;N;8558572;;MO;;FPO, GNS, DRB;58.00;0.00;Fiber/Plastic;;1999-01-01;MFL;1998-01-01;;
IRL000I12100;;IRL;;;12.97;0.00;0.00;;11.15;0.00;EMMA B;235;G235;Galway;;Y;EI3083;N;N;N;;;MO;;DRB, NK;80.00;0.00;Metal;;1999-12-17;MFL;1989-01-01;;
IRL000I12102;;IRL;;;20.93;20.99;0.00;;14.50;0.00;CHARLENE ANNE;942;SO942;;;N;;N;Y;N;;;TO;;DRB, NK;123.00;0.00;Metal;;1999-12-20;4G1;1978-01-01;;2002-12-02
IRL000I12103;;IRL;;;15.85;0.00;0.00;;11.65;0.00;MEDWAY VENTURE;237;G237;United Kingdom;;N;;N;N;N;;;DO;;DRB, NK;160.00;0.00;Metal;;1982-06-01;MFL;1982-01-01;;2014-12-02
IRL000I12105;;IRL;;;160.00;0.00;0.00;;24.69;0.00;VENTUROUS;336;S336;;;Y;EI5919;Y;Y;Y;;;MO;;GND, NK;200.00;0.00;Wood;;2000-01-06;MFL;1975-01-01;;2005-02-08
IRL000I12107;;IRL;;;27.43;0.00;0.00;;13.88;0.00;CATRINA;314;C314;;;N;;N;Y;N;;;MO;;OTB, NK;89.53;0.00;Metal;;1991-03-18;MFL;1991-01-01;;2003-01-30
IRL000I12124;;IRL;;;154.00;0.00;0.00;;22.96;0.00;OCEAN GAIN;410;T410;Finland;;N;;Y;Y;Y;;;MO;;OTB, NK;266.00;0.00;Wood;;1982-09-06;MFL;1975-01-01;;2004-04-20
IRL000I12127;;IRL;;;9.59;0.00;0.00;;12.08;0.00;CELTIC DAWN I;315;C315;Cork;;Y;EI5866;Y;Y;N;;;MO;;FPO, GNS;90.00;0.00;Fiber/Plastic;;1999-11-08;MFL;1999-01-01;;
IRL000I12130;;IRL;;;1.57;0.00;0.00;;5.87;0.00;BROSNA ROSE;932;SO932;;;Y;EI3576;N;N;N;;;MO;;GND, FPO;11.08;0.00;Fiber/Plastic;;1986-01-24;MFL;1986-01-01;;2014-11-27
IRL000I12135;;IRL;;;3.48;0.00;0.00;;8.07;0.00;DELTA STAR;142;WT142;;;N;;N;N;N;;;MO;;GTR, NK;59.69;0.00;Wood;;1978-08-06;MFL;1978-01-01;;2004-03-25
IRL000I12143;;IRL;;;1783.00;0.00;0.00;;59.00;0.00;ATLANTIC CHALLENGE;642;D642;Dublin;;Y;EI5772;Y;Y;Y;9213442;;TO;;OTM, NK;2940.00;0.00;Metal;;2000-02-09;MFL;1998-01-01;;
IRL000I12145;;IRL;;;71.64;49.78;0.00;;18.50;0.00;TACH GWEL;211;W211;;;N;;N;Y;Y;;;MO;;OTB, PTM;190.00;0.00;Wood;;1975-01-01;4G1;1974-01-01;;2001-10-30
IRL000I12148;;IRL;;;18.59;0.00;0.00;;11.95;0.00;RACHEL MARY;179;WT179;Westport;;Y;EI5678;N;N;N;;;MO;;FPO, GNS, DRB, LHP;82.00;0.00;Metal;;2000-02-14;MFL;1999-01-01;;
IRL000I12149;;IRL;;;3.24;3.34;0.00;;7.59;0.00;SWAN;240;G240;United Kingdom;;N;;N;N;N;;;MO;;FPO, NK;33.55;0.00;Wood;;1980-01-01;4G1;1980-01-01;;2000-06-08
IRL000I12152;;IRL;;;51.00;0.00;0.00;;19.86;0.00;WESTERN STAR;15;WD15;;;N;;Y;Y;Y;;;TO;;DRB, NK;220.00;0.00;Metal;;1961-06-01;MFL;1961-01-01;;2006-03-08
IRL000I12153;;IRL;;;233.00;0.00;0.00;;24.90;0.00;CU NA MARA;224;S224;Skibbereen;;Y;EI5777;Y;Y;Y;9215995;;TO;;OTB, NK;615.00;0.00;Metal;;2000-02-17;MFL;2000-01-01;;
IRL000I12157;;IRL;;;6.30;0.00;0.00;;10.58;0.00;ELIZABETH CHRISTINE;937;SO937;;;Y;EI5892;N;N;N;;;FX;;DRB, NK;89.53;0.00;Wood;;1986-02-01;MFL;1978-01-01;;2012-05-04
IRL000I12175;;IRL;;;233.00;0.00;0.00;;24.90;0.00;STELLA MARIS;22;S22;Skibbereen;;Y;EI5775;Y;Y;Y;9216004;;TO;;PS, LHM, PTM, GNS, OTT, OTM;738.00;0.00;Metal;;2000-01-28;MFL;2000-01-01;;
IRL000I12188;;IRL;;;4.19;0.00;0.00;;8.84;0.00;NEMESIS;267;WD267;;;Y;EI8713;N;N;N;;;MO;;FPO, LHP;30.00;0.00;Metal;;2000-03-20;MFL;1986-01-01;2011-08-02;
IRL000I12196;;IRL;;;100.00;0.00;29.00;;18.90;0.00;CELTIC QUEST;935;SO935;Sligo;;Y;EI5768;Y;Y;Y;9211729;;TO;;OTB, OTM;221.00;0.00;Metal;;1999-11-12;MFL;1999-01-01;;
IRL000I12207;;IRL;;;16.24;0.00;0.00;;9.70;0.00;VERONICA ANN;241;G241;United Kingdom;;N;;N;N;N;;;WO;;GTR, NK;60.00;0.00;Fiber/Plastic;;1993-08-31;MFL;1993-01-01;;2003-01-02
IRL000I12211;;IRL;;;3.21;0.00;0.00;;7.31;0.00;TURTLE;171;WD171;;;N;;N;N;N;;;MO;;GND, NK;52.20;0.00;Fiber/Plastic;;1980-01-30;MFL;1980-01-01;;2006-09-18
IRL000I12214;;IRL;;;637.00;0.00;0.00;;40.70;0.00;AVRO WARRIOR;28;WD28;;;Y;EI8890;Y;Y;Y;;;TO;;OTM, NK;1900.00;0.00;Metal;;2000-04-01;MFL;2000-01-01;;2008-12-16
IRL000I12215;;IRL;;;204.00;0.00;0.00;;23.00;0.00;NIAMH EOGHAN;934;SO934;Sligo;;Y;EI5776;Y;N;N;9213076;;MO;;GND, FPO;347.80;0.00;Metal;;2000-03-14;MFL;2000-01-01;;
IRL000I12219;;IRL;;;16.00;0.00;0.00;;10.80;0.00;SILVER ROSE;492;D492;Dublin;;Y;EI2231;N;N;N;;;WO;;FPO, GNS, LHP;89.00;0.00;Fiber/Plastic;;1997-10-29;MFL;1985-01-01;2024-10-23;
IRL000I12220;;IRL;;;2.58;0.00;0.00;;6.38;0.00;COASTAL BOY;8;SO8;Sligo;;Y;EI6092;N;N;N;;;MO;;OTM, NK;29.08;0.00;Fiber/Plastic;;1993-06-04;MFL;1990-01-01;;
IRL000I12238;;IRL;;;138.00;0.00;0.00;;20.90;0.00;ARCTIC BREEZE;19;DA19;;;Y;EI5865;Y;Y;Y;;;TO;;OTM, FPO;180.00;0.00;Wood;;1976-12-08;MFL;1976-01-01;2006-12-19;
IRL000I12279;;IRL;;;128.03;98.72;0.00;;22.67;0.00;SERENUS;948;SO948;;;N;;N;Y;Y;;;MO;;OTB, GNS;300.00;0.00;Metal;;1971-05-16;4G1;1971-01-01;;2001-06-29
IRL000I12282;;IRL;;;146.00;0.00;0.00;;22.89;0.00;WESTERLEA I;238;G238;United Kingdom;;N;;N;Y;Y;;;MO;;OTB, NK;447.00;0.00;Metal;;1999-11-12;4G1;1970-01-01;;2002-12-12
IRL000I12380;;IRL;;;233.00;0.00;0.00;;24.90;0.00;AN CAPALL BAN;172;G172;United Kingdom;;Y;EI5961;Y;Y;Y;;;LO;;LHM, LLD;450.00;0.00;Metal;;2000-05-01;MFL;1999-01-01;;2013-04-23
IRL000I12439;;IRL;;;1.87;0.00;0.00;;6.85;0.00;VIXEN;226;W226;;;N;;N;N;N;;;MO;;GND, NK;8.95;0.00;Fiber/Plastic;;2000-06-06;MFL;1972-01-01;;2014-05-14
IRL000I12440;;IRL;;;326.00;0.00;0.00;;27.85;0.00;DAWN ROSS;346;S346;Skibbereen;;Y;EI5955;Y;Y;Y;9244453;;TO;;OTM, NK;709.00;0.00;Metal;;2000-01-30;MFL;2000-01-01;2023-06-23;
IRL000I12442;;IRL;;;3.70;0.00;0.00;;8.23;0.00;TERESA;949;SO949;;;N;;N;N;N;;;DO;;DRB, FPO;59.69;0.00;Fiber/Plastic;;2000-05-05;MFL;1991-01-01;;2013-11-11
IRL000I12452;;IRL;;;1.18;0.00;0.00;;5.82;0.00;SEA SPRAY;230;W230;;;N;;N;N;N;;;TO;;GND, FPO;7.39;0.00;Fiber/Plastic;;1999-12-01;MFL;1999-01-01;;2005-08-29
IRL000I12467;;IRL;;;17.96;16.09;0.00;;9.78;0.00;DEFIANT;25;DA25;;;N;;N;N;N;;;MO;;GTR, NK;164.14;0.00;Metal;;1988-04-05;4G1;1988-01-01;;2000-08-08
IRL000I12482;;IRL;;;340.00;0.00;0.00;;27.30;0.00;SHAUNA ANN;276;G276;Galway;;Y;EI5920;Y;Y;Y;9210660;;TO;;OTB, FPO, OTM;696.00;0.00;Metal;;2000-08-15;MFL;2000-01-01;2023-05-24;
IRL000I12483;;IRL;;;115.00;0.00;0.00;;20.93;0.00;RANDOM HARVEST III;672;D672;;;Y;EI5758;Y;Y;Y;;;TO;;GND, NK;280.00;0.00;Metal;;1974-02-19;MFL;1973-01-01;2008-10-02;
IRL000I12486;;IRL;;;0.78;0.00;0.00;;5.70;0.00;ST. COLMCILLE;319;G319;United Kingdom;;N;;N;N;N;;;WO;;DRB, FPO;7.46;0.00;Wood;;1996-10-01;MFL;1995-01-01;;2006-02-06
IRL000I12487;;IRL;;;6.16;0.00;0.00;;10.06;0.00;LITTLE DAWN;430;T430;Tralee;;Y;EI7949;N;N;N;;;MO;;DRB, NK;89.53;0.00;Fiber/Plastic;;1990-10-01;MFL;1983-01-01;;
IRL000I12497;;IRL;;;368.00;0.00;0.00;;30.91;0.00;EMERALD DAWN;20;T20;Finland;;Y;EI5926;Y;Y;Y;;;TO;;GND, NK;1082.00;0.00;Metal;;2000-04-02;MFL;2000-01-01;;2007-05-23
IRL000I12507;;IRL;;;190.00;0.00;0.00;;25.08;0.00;FOYLE WARRIOR;274;SO274;Sligo;;Y;EI5952;Y;Y;Y;9211913;;TO;;GTR, NK;600.00;0.00;Metal;;2000-06-01;MFL;1999-01-01;;
IRL000I12509;;IRL;;;8.82;0.00;0.00;;10.97;0.00;SUNDOWN;429A;T429A;Tralee;;Y;EI7948;N;N;N;;;MO;;DRB, NK;35.00;0.00;Fiber/Plastic;;1999-10-01;AQU;1976-01-01;;
IRL000I12515;;IRL;;;326.00;0.00;0.00;;23.90;0.00;DEBORAH M;345;S345;Skibbereen;;Y;EI5954;Y;N;N;9244465;;FX;;OTM, GND;709.00;0.00;Metal;;2000-07-19;MFL;2000-01-01;;
IRL000I12516;;IRL;;;190.00;0.00;0.00;;25.08;0.00;NORTHERN CELT;472;SO472;Sligo;;Y;EI5953;Y;Y;Y;9211925;;TO;;OTB, NK;600.00;0.00;Metal;;2000-06-02;MFL;2000-01-01;;
IRL000I12521;;IRL;;;14.31;18.72;0.00;;9.94;0.00;SALTIRE;6;DK6;;;N;;N;N;N;;;TO;;DRB, NK;155.00;0.00;Fiber/Plastic;;1988-11-09;4G1;1988-01-01;;2002-12-04
IRL000I12523;;IRL;;;74.00;0.00;0.00;;16.78;0.00;WESTBOUND;936;SO936;Sligo;;Y;EI5958;Y;Y;Y;8780515;;TO;;OTM, OTB;171.00;0.00;Metal;;2000-06-23;MFL;2000-01-01;;
IRL000I12527;;IRL;;;155.00;0.00;0.00;;23.96;0.00;SURCOUF;191;WD191;;;Y;EI6015;Y;Y;Y;;;DO;;DRB, FPO;485.00;0.00;Metal;;1968-01-30;MFL;1968-01-01;;2008-05-27
IRL000I12528;;IRL;;;145.00;0.00;0.00;;21.12;0.00;ATLANTIC STAR;28;DA28;;;Y;EI5918;Y;Y;Y;;;TO;;DRB, OTM;180.00;0.00;Wood;;1988-05-25;MFL;1980-01-01;2006-05-17;
IRL000I12531;;IRL;;;243.00;0.00;0.00;;26.50;0.00;REALT ARA;897;G897;Galway;;Y;EI5964;Y;Y;Y;8965414;;TO;;OTB, OTM;448.00;0.00;Metal;;2000-06-12;MFL;2000-01-01;;
IRL000I12533;;IRL;;;3.75;0.00;0.00;;9.62;0.00;LADY FIONA;2;DK2;Dundalk;;Y;EI6193;N;N;N;;;MO;;DRB, NK;40.00;0.00;Fiber/Plastic;;2000-07-11;MFL;1975-01-01;;
IRL000I12542;;IRL;;;9.29;0.00;0.00;;10.39;0.00;ROS CARNEY;436;SO436;Sligo;;Y;EI4087;N;N;N;;;MO;;DRB, NK;32.83;0.00;Wood;;2000-10-01;MFL;1972-01-01;;
IRL000I12543;;IRL;;;1.88;0.00;0.00;;7.01;0.00;MARCILLA;944;SO944;;;N;;N;N;N;;;MO;;DRB, FPO;26.86;0.00;Wood;;1979-01-30;MFL;1979-01-01;;2008-01-22
IRL000I12547;;IRL;;;2.98;0.00;0.00;;6.94;0.00;NOVA DAWN;186;W186;Waterford;;Y;EI6198;N;N;N;;;MO;;FPO, GND;17.70;0.00;Fiber/Plastic;;2000-10-19;MFL;2000-01-01;;
IRL000I12562;;IRL;;;756.00;0.00;0.00;;32.75;0.00;MARK AMAY;954;SO954;;;Y;EISW;Y;Y;Y;9219721;;TO;;PS, NK;1243.00;0.00;Metal;;2000-01-30;MFL;2000-01-01;;2007-06-15
IRL000I12564;;IRL;;;127.00;0.00;0.00;;25.18;0.00;LADY LAUREN;189;WD189;;;Y;EI5995;Y;Y;Y;;;DO;;DRB, NK;477.00;0.00;Metal;;2000-05-30;MFL;1963-01-01;;2008-01-22
IRL000I12565;;IRL;;;145.00;0.00;0.00;;20.00;0.00;AINE CHRISTINA;366;S366;Skibbereen;;Y;EI6227;Y;Y;Y;8963246;;TO;;OTB, OTM;492.00;0.00;Metal;;2000-11-13;MFL;2000-01-01;;
IRL000I12566;;IRL;;;280.00;0.00;0.00;;25.50;0.00;HEATHER JANE II;674;D674;Dublin;;Y;EI6110;Y;Y;Y;9213844;;MO;;OTM, GND;478.00;0.00;Metal;;2000-11-28;MFL;2000-01-01;;
IRL000I12567;;IRL;;;1.70;0.00;0.00;;6.40;0.00;CATHERINE A;362;S362;;;N;;N;N;N;;;FX;;DRB, NK;29.84;0.00;Wood;;1988-08-18;MFL;1986-01-01;;2004-05-26
IRL000I12568;;IRL;;;17.11;0.00;0.00;;10.79;0.00;TIRCONAILL;372;G372;United Kingdom;;N;;N;N;N;;;DO;;DRB, FPO;100.00;0.00;Metal;;1982-07-29;MFL;1982-01-01;;2015-05-01
IRL000I12573;;IRL;;;81.00;0.00;0.00;;20.26;0.00;ANNANDALE II;217;G217;Galway;;Y;EIKQ;Y;Y;Y;8586830;;TO;;OTB, OTM, LHP;230.00;20.00;Wood;;1973-01-01;MFL;1973-01-01;;
IRL000I12576;;IRL;;;3.28;0.00;0.00;;7.01;0.00;SISTERS;227;W227;Waterford;;Y;EI2868;N;N;N;;;MO;;GND, FPO;26.11;0.00;Fiber/Plastic;;1985-10-21;MFL;1984-01-01;;
IRL000I12579;;IRL;;;3.69;0.00;0.00;;8.96;0.00;ALYSON MARY;955;SO955;;;N;;N;N;N;;;TO;;DRB, NK;37.30;0.00;Wood;;1970-01-01;MFL;1969-01-01;;2004-02-12
IRL000I12587;;IRL;;;280.00;0.00;0.00;;25.50;0.00;PEADAR ELAINE II;678;D678;Dublin;;Y;EI6109;Y;Y;Y;9213856;;MO;;OTB, GNS;478.00;0.00;Metal;;2001-01-01;MFL;2000-01-01;;
IRL000I12589;;IRL;;;1425.00;0.00;0.00;;46.15;0.00;AVRO VIKING;9;WD9;;;Y;EI6291;Y;Y;Y;;;LO;;OTB, NK;1650.00;0.00;Metal;;2001-03-01;MFL;2001-01-01;;2004-03-08
IRL000I12590;;IRL;;;1425.00;0.00;0.00;;46.15;0.00;AVRO CHIEFTAIN;8;WD8;;;Y;EI6291;Y;Y;Y;;;LO;;OTB, NK;1650.00;0.00;Metal;;2001-03-01;MFL;2001-01-01;;2004-01-29
IRL000I12591;;IRL;;;2.43;2.53;0.00;;7.65;0.00;MARY ELIZABETH;187;WD187;;;N;;N;N;N;;;MO;;GNS, NK;31.33;0.00;Fiber/Plastic;;1977-01-30;4G1;1975-01-01;;2002-12-03
IRL000I12592;;IRL;;;167.00;0.00;0.00;;26.35;0.00;ENDEAVOUR;28;D28;;;Y;EI6243;Y;Y;Y;;;TO;;PS, NK;375.00;0.00;Metal;;2001-02-01;MFL;1975-01-01;2008-09-23;
IRL000I12599;;IRL;;;0.81;0.00;0.00;;4.96;0.00;BLACK SWAN;238;S238;;;N;;N;N;N;;;MO;;FPO, NK;7.38;0.00;Fiber/Plastic;;1980-01-01;MFL;1980-01-01;;2004-05-26
IRL000I12608;;IRL;;;39.00;0.00;0.00;;17.74;0.00;FAVOURITE;194;WT194;;;Y;EI6285;Y;Y;Y;;;MO;;PS, SDN;171.60;0.00;Wood;;1972-01-30;MFL;1972-01-01;;2011-06-13
IRL000I12609;;IRL;;;14.61;0.00;0.00;;11.63;0.00;EIRE OG;938;SO938;Sligo;;Y;EI6203;N;N;N;;;WO;;GND, FPO, OTB;74.80;0.00;Metal;;2001-01-30;MFL;1999-01-01;;
IRL000I12610;;IRL;;;11.01;0.00;0.00;;9.98;0.00;LISCANNOR STAR;33;L33;Finland;;N;;N;N;N;;;MO;;DRB, NK;274.56;0.00;Fiber/Plastic;;1993-01-30;MFL;1992-01-01;;2004-05-26
IRL000I12611;;IRL;;;5.77;0.00;0.00;;10.57;0.00;THE THREE BROTHERS;390;S390;Skibbereen;;Y;EI6236;N;N;N;;;MO;;FPO, GND;67.05;0.00;Fiber/Plastic;;2000-10-21;MFL;2000-01-01;;
IRL000I12612;;IRL;;;14.61;0.00;0.00;;11.63;0.00;GIRL DENISE;939;SO939;Sligo;;Y;EI6215;N;N;N;;;MO;;GND, NK;64.00;0.00;Metal;;2000-01-19;MFL;1999-01-01;;
IRL000I12613;;IRL;;;293.00;0.00;0.00;;30.50;0.00;CATHERINE R;956;SO956;;;Y;EI6304;Y;Y;Y;;;MO;;OTM, NK;709.00;174.00;Metal;;2001-04-03;MFL;2000-01-01;;2013-07-29
IRL000I12614;;IRL;;;325.00;0.00;0.00;;30.48;0.00;REGINA PONTI;945;SO945;;;Y;EI6111;Y;Y;Y;;;MO;;GND, NK;900.00;0.00;Metal;;2001-03-05;MFL;2000-01-01;;2008-05-29
IRL000I12637;;IRL;;;2.07;0.00;0.00;;7.22;0.00;CIANORA;400;S400;;;N;;N;N;N;;;MO;;DRB, NK;26.86;0.00;Fiber/Plastic;;2000-10-27;MFL;1975-01-01;;2003-01-25
IRL000I12638;;IRL;;;1.17;0.00;0.00;;5.49;0.00;FULMAR;373;G373;Galway;;Y;EI3822;N;N;N;;;MO;;GNS, LHP;4.48;0.00;Fiber/Plastic;;1998-09-14;MFL;1990-01-01;;
IRL000I12639;;IRL;;;5.79;0.00;0.00;;10.59;0.00;UNITY;232;W232;;;N;;N;N;N;;;MO;;DRB, NK;59.68;0.00;Metal;;2000-12-06;MFL;1978-01-01;;2005-10-03
IRL000I12661;;IRL;;;10.92;0.00;0.00;;10.54;0.00;LOUP DE MER;961;SO961;;;N;;N;N;N;;;MO;;FPO, DRB;130.00;0.00;Fiber/Plastic;;1985-06-04;MFL;1985-01-01;;2007-10-05
IRL000I13000;;IRL;;;14055.00;0.00;0.00;;134.30;0.00;ATLANTIC DAWN;914;SO914;Sligo;;Y;EIBV;Y;N;N;9204556;;TT;;OTM, NK;14400.00;0.00;Metal;;2000-08-17;MFL;1999-01-01;;
IRL000I13012;;IRL;;;622.00;0.00;11.00;;43.20;0.00;SEA SPRAY;89;S89;Skibbereen;;Y;EIMG;Y;Y;Y;9057630;;TO;;OTM, NK;522.00;0.00;Metal;;2004-10-01;MFL;1993-01-01;;
IRL000I13013;;IRL;;;10.17;0.00;0.00;;9.99;0.00;BOYNE HARVESTER;46;DA46;Drogheda;;Y;EI7751;N;N;N;;;DO;;DRB, NK;60.00;0.00;Metal;;2004-11-03;MFL;1990-01-01;;2023-07-07
IRL000I13014;;IRL;;;20.11;0.00;0.00;;11.89;0.00;LAURANNE P;250;W250;;;Y;EI7750;N;N;N;;;MO;;FPO, OTM;125.00;0.00;Fiber/Plastic;;2004-11-11;MFL;1983-01-01;;2005-08-22
IRL000I13015;;IRL;;;240.00;0.00;0.00;;23.95;0.00;SEAGULL II;9;DA9;Drogheda;;Y;EI4388;Y;Y;Y;9292723;;TO;;OTM, NK;399.00;114.00;Metal;;2004-10-06;MFL;2004-01-01;;
IRL000I13017;;IRL;;;9.82;0.00;0.00;;9.80;0.00;GIRL BREEGE;974;SO974;Sligo;;Y;EI7572;N;N;N;;;MO;;DRB, OTM;47.00;0.00;Fiber/Plastic;;2004-08-12;MFL;2003-01-01;;
IRL000I13018;;IRL;;;5.64;0.00;0.00;;8.29;0.00;GIRL KATE;427;SO427;Sligo;;Y;EILP3;N;N;N;;;MO;;OTM, OTB, DRB, FPO;37.30;0.00;Fiber/Plastic;;1998-11-01;MFL;1998-01-01;;
IRL000I13019;;IRL;;;884.00;0.00;0.00;;51.20;0.00;PACELLI;383;D383;Dublin;;Y;EIDG;Y;Y;Y;9294446;;TO;;OTM, NK;2040.00;0.00;Metal;;2003-12-04;MFL;2003-01-01;;
IRL000I13020;;IRL;;;2.92;0.00;0.00;;7.00;0.00;SEA WOLF;249;W249;Waterford;;Y;EI7749;N;N;N;;;MO;;DRB, LHP, GNS, FPO;18.49;0.00;Fiber/Plastic;;2004-08-17;MFL;2001-01-01;;
IRL000I13022;;IRL;;;12.14;0.00;0.00;;12.80;0.00;ATLANTIC JEM;978;SO978;Sligo;;Y;EI7391;Y;Y;N;8580226;;GO;;GNS, LHP, FPO;69.00;0.00;Fiber/Plastic;;2004-11-01;MFL;2002-08-01;;2024-11-08
IRL000I13023;;IRL;;;2.82;0.00;0.00;;6.90;0.00;SKELLIG;247;W247;Waterford;;Y;EI2542;N;N;N;;;MO;;GND, GNS;16.50;0.00;Fiber/Plastic;;2004-11-01;MFL;1999-01-01;;
IRL000I13024;;IRL;;;16.00;0.00;0.00;;12.80;0.00;LADY NUALA;979;SO979;Sligo;;Y;EI7629;Y;Y;N;8558211;;MO;;FPO, LHP, GND, GNS;69.00;0.00;Fiber/Plastic;;2004-11-01;MFL;2002-10-01;;
IRL000I13027;;IRL;;;518.00;0.00;0.00;;36.00;0.00;CAPALL OIR;502;G502;United Kingdom;;Y;EI2026;Y;Y;Y;;;MO;;OTM, GNS;650.00;0.00;Metal;;2004-11-17;MFL;2004-01-01;;2015-07-20
IRL000I13028;;IRL;;;151.00;0.00;0.00;;25.91;0.00;AOIBHEANN LIA;47;DA47;Drogheda;;Y;EI2321;Y;Y;Y;8858142;;TO;;OTM, NK;180.00;0.00;Metal;;1987-06-06;MFL;1987-01-01;;2021-07-06
IRL000I13029;;IRL;;;23.95;0.00;0.00;;11.89;0.00;AZTEC;12;S12;Skibbereen;;Y;EI2534;N;N;N;;;TO;;OTM, GNS, FPO, OTB, LHP, GND;150.00;0.00;Fiber/Plastic;;2005-05-24;MFL;2004-10-06;;
IRL000I13030;;IRL;;;1.92;0.00;0.00;;7.00;0.00;BOY JACK;418;S418;Skibbereen;;Y;EI7727;N;N;N;;;MO;;DRB, NK;47.00;0.00;Fiber/Plastic;;2005-06-08;MFL;2003-01-01;;
IRL000I13031;;IRL;;;487.00;0.00;0.00;;44.65;0.00;WINGS OF THE MORNING;210A;WD210A;Wexford;;Y;EIVW5;Y;N;Y;9326172;;DO;;DRB, NK;662.00;0.00;Metal;;2005-04-14;AQU;2005-04-14;;
IRL000I13032;;IRL;;;343.00;0.00;0.00;;40.00;0.00;RONA;977A;SO977A;Sligo;;Y;EITN;Y;N;Y;9327712;;DO;;DRB, NK;697.00;0.00;Metal;;2005-06-20;AQU;2004-07-05;;
IRL000I13033;;IRL;;;420.00;0.00;0.00;;45.44;0.00;HIBERNIA;227A;WD227A;Wexford;;Y;EI5213;Y;N;Y;9334258;;DO;;DRB, NK;734.00;713.70;Metal;;2005-06-24;AQU;2005-01-01;;
IRL000I13034;;IRL;;;7.38;0.00;0.00;;10.27;0.00;DAWN HUNTER;405;S405;Skibbereen;;Y;EI6740;N;N;N;;;TO;;OTM, NK;110.00;0.00;Fiber/Plastic;;2004-11-26;MFL;2002-01-04;;
IRL000I13035;;IRL;;;2.08;0.00;0.00;;6.96;0.00;PHOENIX;249;S249;Skibbereen;;Y;EI2237;N;N;N;;;MO;;DRB, FPO;11.20;0.00;Fiber/Plastic;;2005-07-12;MFL;2001-02-01;;
IRL000I13036;;IRL;;;346.00;0.00;0.00;;40.00;0.00;DEIRDRE;212A;WD212A;Wexford;;Y;EITS;Y;N;Y;9327724;;DO;;DRB, NK;748.00;482.00;Metal;;2005-06-26;AQU;2005-05-30;;
IRL000I13037;;IRL;;;1.27;0.00;0.00;;6.61;0.00;CRABSTER;419;S419;Skibbereen;;Y;EILC7;N;N;N;;;WO;;LHP, FPO;30.00;0.00;Fiber/Plastic;;2004-11-19;MFL;2002-01-01;;
IRL000I13039;;IRL;;;0.50;0.00;0.00;;4.30;0.00;BOY LEENAN;986;SO986;Sligo;;Y;EI2728;N;N;N;;;WO;;FPO, NK;1.49;0.00;Fiber/Plastic;;1990-10-01;MFL;1985-01-01;;
IRL000I13040;;IRL;;;11.43;0.00;0.00;;9.99;0.00;AN PORTAN OIR;468;T468;Tralee;;Y;EI2547;N;N;N;;;WO;;FPO, OTB, OTM, SUX;85.80;0.00;Fiber/Plastic;;2005-08-05;MFL;2004-01-01;;
IRL000I13041;;IRL;;;1.03;0.00;0.00;;4.94;0.00;SUSY;341;C341;;;Y;EI2565;N;N;N;;;MO;;FPO, NK;10.07;0.00;Fiber/Plastic;;2005-06-15;MFL;2005-03-01;;2009-10-28
IRL000I13042;;IRL;;;1.60;0.00;0.00;;6.83;0.00;CHRISSIE;508P;G508P;Galway;;Y;EI3707;N;N;N;;;WO;;FPO, NK;11.20;0.00;Wood;;1990-10-01;MFL;1987-01-01;;
IRL000I13043;;IRL;;;14.65;0.00;0.00;;11.63;0.00;JAMES COLLINS;202;WT202;Westport;;Y;EI7628;N;N;N;;;WO;;FPO, LHP, GNS;50.00;0.00;Metal;;2004-05-01;MFL;2004-01-01;;
IRL000I13048;;IRL;;;329.00;0.00;0.00;;40.00;0.00;EDENVALE;218A;WD218A;Wexford;;Y;EI7916;Y;N;Y;9341055;;DO;;DRB, NK;714.00;0.00;Metal;;2005-01-01;AQU;2004-06-01;;
IRL000I13049;;IRL;;;1.25;0.00;0.00;;5.80;0.00;DAVEY BOY;509;G509;United Kingdom;;Y;EI3964;N;N;N;;;MO;;FPO, GNS;14.91;0.00;Fiber/Plastic;;2005-01-01;MFL;1999-01-01;;2011-07-11
IRL000I13050;;IRL;;;1.16;0.00;0.00;;5.63;0.00;RIONA;475;T475;Tralee;;Y;EI2793;N;N;N;;;MO;;FPO, GND;6.00;0.00;Fiber/Plastic;;2003-01-01;MFL;2003-01-01;;
IRL000I13051;;IRL;;;53.92;0.00;0.00;;14.98;0.00;DAVID LIAM;109;S109;;;Y;EI2977;N;N;N;8570556;;TO;;OTM, GNS;225.00;0.00;Metal;;2005-08-29;MFL;2004-09-30;;2017-01-27
IRL000I13052;;IRL;;;162.00;0.00;0.00;;20.00;0.00;AMY JANE II;876;SO876;Sligo;;Y;EI5875;Y;Y;Y;9366720;;MO;;GNS, LHP, FPO;261.10;160.00;Metal;;2005-08-09;MFL;2004-11-19;;
IRL000I13053;;IRL;;;3.12;0.00;0.00;;7.12;0.00;BLUE FIN II;98;DA98;;;Y;EI3023;N;N;N;;;WO;;DRB, NK;25.00;0.00;Fiber/Plastic;;1994-01-01;MFL;1993-01-01;;2016-04-18
IRL000I13058;;IRL;;;12.00;0.00;0.00;;11.35;0.00;ATLANTIC WEST;994;SO994;Sligo;;Y;EI6894;N;N;N;;;WO;;FPO, GND, LHP;89.53;0.00;Metal;;2005-01-01;MFL;1999-01-01;;2020-09-28
IRL000I13060;;IRL;;;834.00;0.00;0.00;;51.00;45.60;WESTERN VIKING;718;SO718;Sligo;;Y;EISZ;Y;Y;Y;9334337;;TO;;OTM, NK;2999.00;0.00;Metal;;2005-09-19;MFL;2005-08-01;;
IRL000I13061;;IRL;;;202.00;0.00;0.00;;23.20;0.00;ATLANTIC QUEST;985;SO985;Sligo;;Y;EI8132;Y;Y;Y;9089217;;TO;;OTM, OTB, SSC, PTB, PTM;375.00;0.00;Metal;;2005-09-26;MFL;2004-12-01;;
IRL000I13062;;IRL;;;7.67;0.00;0.00;;10.70;0.00;BOYNE VENTURE;45;DA45;Drogheda;;Y;EI7571;N;N;N;;;DO;;DRB, NK;60.00;0.00;Metal;;2004-01-01;MFL;1989-01-01;;2022-07-04
IRL000I13063;;IRL;;;1.53;0.00;0.00;;5.86;0.00;AMY E;255;W255;Waterford;;Y;EI4268;N;N;N;;;MO;;GND, FPO;7.38;0.00;Fiber/Plastic;;2005-10-05;MFL;2002-06-30;;
IRL000I13064;;IRL;;;1.11;0.00;0.00;;5.73;0.00;ST CHRISTOPHER;72;SO72;Sligo;;Y;EI2485;N;N;N;;;MO;;DRB, GNC, LHP;11.19;0.00;Fiber/Plastic;;2005-10-05;MFL;2002-03-01;;
IRL000I13067;;IRL;;;222.00;0.00;0.00;;22.75;0.00;NAOMH PEADAR II;958;SO958;Sligo;;Y;EI8173;Y;Y;Y;9049152;;TO;;OTB, OTM;485.00;0.00;Metal;;2005-10-14;MFL;2005-06-01;;
IRL000I13068;;IRL;;;1.59;0.00;0.00;;6.78;0.00;RACHEL ANNE;908;SO908;Sligo;;Y;EIA2178;N;N;N;;;MO;;FPO, LHP, GNS;18.70;0.00;Fiber/Plastic;;2005-10-24;MFL;1995-06-01;;
IRL000I13109;;IRL;;;1.32;0.00;0.00;;6.67;0.00;GLIOMACH;537;G537;Galway;;Y;EI3462;N;N;N;;;MO;;GNS, FPO;11.19;0.00;Wood;;2005-10-03;MFL;2003-06-30;;
IRL000I13111;;IRL;;;5.87;0.00;0.00;;9.94;0.00;TRA BHAN;79;WT79;;;Y;UNKNOWN;N;N;N;;;TO;;GNS, NK;32.82;0.00;Wood;;1990-10-01;MFL;1971-01-01;;2005-12-01
IRL000I13112;;IRL;;;2.12;0.00;0.00;;7.00;0.00;ST BRIDGET;380;G380;Sligo;;Y;EIA2675;N;N;N;;;WO;;FPO, LHP, GNS;10.07;0.00;Fiber/Plastic;;2004-08-30;MFL;2003-01-01;;
IRL000I13113;;IRL;;;2.91;0.00;0.00;;6.87;0.00;LADY BETH;707;S707;Skibbereen;;Y;EIWV2;N;N;N;;;WO;;FPO, GNS, LHP;13.40;0.00;Fiber/Plastic;;2005-04-18;MFL;2005-01-01;;
IRL000I13114;;IRL;;;0.65;0.00;0.00;;5.86;0.00;CEOL NA MARA;521;G521;United Kingdom;;Y;EI7988;N;N;N;;;SO;;PS, GND;4.00;0.00;Wood;;2002-06-30;MFL;2002-06-30;;2008-02-01
IRL000I13115;;IRL;;;2.23;0.00;0.00;;7.73;0.00;SEA BREEZE;451;S451;Skibbereen;;Y;EI3104;N;N;N;;;MO;;FPO, OTB;44.00;0.00;Fiber/Plastic;;1982-06-30;MFL;1982-06-30;;
IRL000I13119;;IRL;;;3.71;0.00;0.00;;7.32;0.00;HOPE OF ROSS;492;T492;Tralee;;Y;EIKL8;N;N;N;;;DO;;DRB, NK;29.08;0.00;Fiber/Plastic;;1998-01-01;MFL;1998-01-01;;
IRL000I13121;;IRL;;;0.82;0.00;0.00;;4.90;0.00;ARAN MIST;489;T489;Finland;;Y;EI4677;N;N;N;;;MO;;FPO, GNS;7.50;0.00;Fiber/Plastic;;1989-06-30;MFL;1989-06-30;;2008-12-17
IRL000I13122;;IRL;;;0.88;0.00;0.00;;6.50;0.00;ST. CORNELIUS;535;G535;Galway;;Y;EI3993;N;N;N;;;WO;;FPO, NK;3.70;0.00;Fiber/Plastic;;2005-07-18;MFL;2005-07-18;;
IRL000I13123;;IRL;;;1.25;0.00;0.00;;5.80;0.00;SEA OTTER;362;C362;Cork;;Y;EI3144;N;N;N;;;MO;;GNS, LHP, FPO;3.41;0.00;Fiber/Plastic;;2004-01-01;MFL;2004-01-01;;
IRL000I13124;;IRL;;;0.65;0.00;0.00;;4.82;0.00;KARALINE;14;SO14;Sligo;;Y;EIWL6;N;N;N;;;MO;;FPO, OTB, LHP, GNS;3.70;0.00;Fiber/Plastic;;1990-06-30;MFL;1990-06-30;;
IRL000I13127;;IRL;;;2.03;0.00;0.00;;6.17;0.00;EMILY RHIANN;493;T493;Tralee;;Y;EI8272;N;N;N;;;MO;;FPO, NK;14.77;0.00;Fiber/Plastic;;1999-02-02;MFL;1999-02-02;;
IRL000I13142;;IRL;;;0.55;0.00;0.00;;5.46;0.00;CANNACH ROSBEG;17;SO17;;;Y;EI8418;N;N;N;;;MO;;GNS, LLD;5.97;0.00;Wood;;2003-05-15;MFL;2003-05-15;;2007-06-14
IRL000I13143;;IRL;;;1.02;0.00;0.00;;5.17;0.00;HURRICANE;449;S449;Skibbereen;;Y;EI8376;N;N;N;;;MO;;FPO, GNS, LHP;11.19;0.00;Fiber/Plastic;;2002-01-01;MFL;2001-01-01;;
IRL000I13144;;IRL;;;3.77;0.00;0.00;;8.94;0.00;BOY DAVID;450;S450;Skibbereen;;Y;EI2758;N;N;N;;;GO;;DRB, GNS;31.50;0.00;Wood;;2000-01-01;MFL;1979-01-01;;
IRL000I13145;;IRL;;;3.16;0.00;0.00;;7.05;0.00;FREEDOM;496;T496;Tralee;;Y;EIPX4;N;N;N;;;MO;;FPO, GNS;22.38;0.00;Fiber/Plastic;;2005-01-01;MFL;1985-01-01;;
IRL000I13146;;IRL;;;0.90;0.00;0.00;;4.93;0.00;ARTIC DRIFTER;219;WT219;Westport;;Y;EI6785;N;N;N;;;MO;;FPO, NK;18.65;0.00;Fiber/Plastic;;1992-06-30;MFL;1992-06-30;;
IRL000I13147;;IRL;;;1.88;0.00;0.00;;6.70;0.00;SAN MARTIN;22;SO22;Sligo;;Y;EI8388;N;N;N;;;MO;;GNS, NK;7.30;0.00;Wood;;2003-01-01;MFL;2003-01-01;;
IRL000I13148;;IRL;;;0.74;0.00;0.00;;4.74;0.00;TRA PINGIN;452;S452;Skibbereen;;Y;EI7849;N;N;N;;;MO;;FPO, GNS;7.38;0.00;Fiber/Plastic;;1998-06-01;MFL;1998-01-01;;
IRL000I13149;;IRL;;;1.84;0.00;0.00;;6.99;0.00;JAY DEE;226;WD226;Wexford;;Y;EI2161;N;N;N;;;MO;;OTM, FPO, GND;26.11;0.00;Fiber/Plastic;;1972-11-30;MFL;1972-11-30;;2025-06-10
IRL000I13150;;IRL;;;1.60;0.00;0.00;;6.35;0.00;FRANKFORD LADY;19;SO19;;;Y;EI8390;N;N;N;;;MO;;FPO, LLD;11.00;0.00;Wood;;1998-06-13;MFL;1998-06-13;;2013-11-04
IRL000I13151;;IRL;;;1.25;0.00;0.00;;6.66;0.00;SEAN;550;G550;Galway;;Y;EI8271;N;N;N;;;MO;;LLD, GNS, FPO;8.00;0.00;Wood;;1916-06-30;MFL;1916-06-30;;
IRL000I13152;;IRL;;;1.02;0.00;0.00;;6.00;0.00;KELLY MARIE;547;G547;United Kingdom;;Y;EI8211;N;N;N;;;MO;;GNS, LLD;7.30;0.00;Wood;;1986-06-30;MFL;1986-06-30;;2017-08-11
IRL000I13153;;IRL;;;0.74;0.00;0.00;;4.60;0.00;ST FURSEY;497;T497;Tralee;;Y;EI8392;N;N;N;;;LO;;LLD, FPO;10.00;0.00;Fiber/Plastic;;1973-06-30;MFL;1973-06-30;;
IRL000I13154;;IRL;;;11.27;0.00;0.00;;11.97;0.00;OISIN OG;215;WT215;Westport;;Y;EI3945;N;N;N;;;MO;;GNS, FPO, LHP;65.00;0.00;Fiber/Plastic;;2004-01-01;MFL;2004-01-01;;
IRL000I13155;;IRL;;;0.92;0.00;0.00;;6.14;0.00;INIS GLOIRE MAID;217;WT217;Westport;;Y;EI8406;N;N;N;;;MO;;FPO, LLD;7.46;0.00;Wood;;1986-06-30;MFL;1986-06-30;;
IRL000I13156;;IRL;;;0.91;0.00;0.00;;5.80;0.00;CARRAIG MOR;216;WT216;Westport;;Y;EI8407;N;N;N;;;MO;;FPO, NK;7.46;0.00;Wood;;1984-01-01;MFL;1984-01-01;;
IRL000I13159;;IRL;;;1.25;0.00;0.00;;6.40;0.00;ZOE IAN;257;W257;;;Y;EI2632;N;N;N;;;MO;;GNS, FPO;5.90;0.00;Wood;;1979-01-01;MFL;1979-01-01;;2007-05-01
IRL000I13176;;IRL;;;1.31;0.00;0.00;;5.35;0.00;RICHARD ANNA;457;S457;Skibbereen;;Y;EI8039;N;N;N;;;WO;;FPO, NK;11.19;0.00;Fiber/Plastic;;2003-01-01;MFL;2003-01-01;;
IRL000I13179;;IRL;;;1.19;0.00;0.00;;5.74;0.00;AN COLLACH DUBH;491;T491;Tralee;;Y;EI2803;N;N;N;;;WO;;GNS, LHP;14.92;0.00;Fiber/Plastic;;1998-01-01;MFL;1997-01-01;;
IRL000I13189;;IRL;;;4.18;0.00;0.00;;10.41;0.00;BROADHAVEN;121;WT121;;;Y;EI8399;N;N;N;;;MO;;GNS, LHM;32.80;0.00;Wood;;2005-01-01;MFL;1974-01-01;;2009-01-27
IRL000I13194;;IRL;;;1.98;0.00;0.00;;6.19;0.00;CUAS AN BHODAIGH;645;S645;Skibbereen;;Y;EI3243;N;N;N;;;MO;;GND, FPO;11.00;0.00;Fiber/Plastic;;2002-06-30;MFL;2002-06-30;;
IRL000I13202;;IRL;;;21.09;0.00;0.00;;12.68;0.00;CAHER STAR;564;G564;Galway;;Y;EI4224;Y;Y;N;;;TO;;OTM, DRB;65.00;0.00;Metal;;1997-01-01;MFL;1997-01-01;;
IRL000I13235;;IRL;;;12.00;0.00;0.00;;11.96;0.00;ERRIS QUEEN;30;G30;Galway;;Y;EI2936;N;N;N;;;MO;;GNS, FPO;62.33;0.00;Wood;;1990-01-01;MFL;1990-01-01;;
IRL000I13237;;IRL;;;0.98;0.00;0.00;;5.08;0.00;MARJON;220;WT220;Westport;;Y;EI8473;N;N;N;;;MO;;LHP, FPO;18.65;0.00;Fiber/Plastic;;2006-02-03;MFL;1995-12-01;;
IRL000I13241;;IRL;;;1.11;0.00;0.00;;5.65;0.00;DALEMOOR;21;SO21;;;Y;EI8397;N;N;N;;;MO;;GNS, FPO;7.39;0.00;Fiber/Plastic;;2005-01-01;MFL;2005-01-01;;2013-01-04
IRL000I13266;;IRL;;;561.00;0.00;0.00;;49.07;0.00;EMERALD GRATIA;231A;WT231A;Westport;;Y;EI8357;Y;N;Y;9342449;;DO;;DRB, NK;728.00;0.00;Metal;;2006-01-01;AQU;2005-02-01;;
IRL000I13268;;IRL;;;2.63;0.00;0.00;;6.40;0.00;SUPER JACK;505;T505;Tralee;;Y;EI8126;N;N;N;;;MO;;GNS, FPO;25.00;0.00;Fiber/Plastic;;1990-06-30;MFL;1990-06-30;;
IRL000I13269;;IRL;;;2.03;0.00;0.00;;5.79;0.00;TILLY;99;W999;;;Y;EI4818;N;N;N;;;MO;;FPO, NK;11.19;0.00;Fiber/Plastic;;2003-01-11;MFL;2003-01-01;;2006-03-13
IRL000I13270;;IRL;;;7.18;0.00;0.00;;8.85;0.00;CHRISTINE;568;G568;Galway;;Y;EIA3250;N;N;N;;;MO;;GNS, FPO, LHP;59.69;0.00;Fiber/Plastic;;2006-01-01;MFL;1994-01-01;;
IRL000I13281;;IRL;;;0.62;0.00;0.00;;5.00;0.00;SWAN;232;WT232;;;Y;EI8570;N;N;N;;;WO;;OTM, NK;11.69;0.00;Fiber/Plastic;;1990-01-01;MFL;1988-01-01;;2007-03-21
IRL000I13282;;IRL;;;3.54;0.00;0.00;;8.73;0.00;KIMAR HELEN;69;S69;Skibbereen;;Y;EISO5;N;N;N;;;MO;;FPO, GNS;44.02;0.00;Fiber/Plastic;;1994-01-01;MFL;1994-01-01;;
IRL000I13284;;IRL;;;5.00;0.00;0.00;;9.49;0.00;CATHERINE MARK;254;W254;Waterford;;Y;EI8273;N;N;N;;;WO;;FPO, GNS, LHP;60.00;0.00;Fiber/Plastic;;2006-01-01;MFL;2005-01-01;;
IRL000I13293;;IRL;;;1.31;0.00;0.00;;6.12;0.00;ROCKY STAR;63;SO63;Sligo;;Y;EI8612;N;N;N;;;MO;;GNS, FPO;11.19;0.00;Wood;;2006-01-01;MFL;2003-01-01;;
IRL000I13294;;IRL;;;0.89;0.00;0.00;;4.07;0.00;NAOMH CATHALL;592;G592;United Kingdom;;Y;EI8335;N;N;N;;;WO;;FPO, NK;7.39;0.00;Fiber/Plastic;;2006-01-01;MFL;2005-01-01;;2013-05-15
IRL000I13295;;IRL;;;0.55;0.00;0.00;;4.50;0.00;HOLY GROUND LADY;365;C365;;;Y;EI7805;N;N;N;;;MO;;GNS, FPO;3.70;0.00;Wood;;2006-01-01;MFL;2004-01-01;;2013-06-20
IRL000I13296;;IRL;;;1.41;0.00;0.00;;6.78;0.00;RUISIN;583;G583;United Kingdom;;Y;EI3528;N;N;N;;;MO;;FPO, NK;5.96;0.00;Fiber/Plastic;;2001-06-30;MFL;2001-06-30;;2013-04-08
IRL000I13298;;IRL;;;2.88;0.00;0.00;;7.63;0.00;CIARAN BEAG;71;DA71;Drogheda;;Y;EI8249;N;N;N;;;WO;;FPO, GNS;54.00;0.00;Fiber/Plastic;;2005-05-12;MFL;1990-01-01;;
IRL000I13361;;IRL;;;1.09;0.00;0.00;;5.67;0.00;MILLBROOK;583;SO583;;;Y;EI2924;N;N;N;;;MO;;FPO, LHP;14.92;0.00;Fiber/Plastic;;1996-01-01;MFL;1996-01-01;;2009-04-15
IRL000I13363;;IRL;;;1.33;0.00;0.00;;5.85;0.00;MARGARET;230;WD230;Wexford;;Y;EI3918;N;N;N;;;WO;;FPO, LHP;11.19;0.00;Fiber/Plastic;;2004-05-01;MFL;2004-01-01;;
IRL000I13365;;IRL;;;0.96;0.00;0.00;;6.11;0.00;OCEAN CREST;613;G613;Galway;;Y;EI8186;N;N;N;;;MO;;FPO, GNS;11.19;0.00;Wood;;1997-01-01;MFL;1996-01-01;;
IRL000I13366;;IRL;;;0.84;0.00;0.00;;5.20;0.00;RYAN MARTIN II;459;S459;Skibbereen;;Y;EI3654;N;N;N;;;WO;;FPO, GNS;11.19;0.00;Fiber/Plastic;;2006-01-01;MFL;1995-01-01;;
IRL000I13375;;IRL;;;2.97;0.00;0.00;;7.83;0.00;LAST CHANCE;139;T139;Tralee;;Y;EIA2783;N;N;N;;;WO;;FPO, NK;16.32;0.00;Fiber/Plastic;;1990-01-01;MFL;1990-01-01;;
IRL000I13377;;IRL;;;3.14;0.00;0.00;;7.50;0.00;GABRIEL;202;WD202;Wexford;;Y;EI7517;N;N;N;;;WO;;FPO, NK;29.80;0.00;Fiber/Plastic;;1993-01-01;MFL;1993-01-01;;
IRL000I13379;;IRL;;;5.51;0.00;0.00;;10.40;0.00;LANTERN;621;G621;Galway;;Y;EI8277;N;N;N;;;DO;;DRB, DRM;89.53;0.00;Fiber/Plastic;;1990-01-01;MFL;1982-01-01;;
IRL000I13423;;IRL;;;0.72;0.00;0.00;;4.88;0.00;ST ANN;375;C375;Cork;;Y;EI8361;N;N;N;;;MO;;GNS, FPO;3.36;0.00;Fiber/Plastic;;1990-01-01;MFL;1990-01-01;;
IRL000I13424;;IRL;;;0.70;0.00;0.00;;4.92;0.00;AMOR PATRIAE;689;D689;;;Y;EIME2;N;N;N;;;WO;;LHP, FPO;5.98;0.00;Fiber/Plastic;;2005-01-01;MFL;2005-01-01;;2014-10-15
IRL000I13457;;IRL;;;1.00;0.00;0.00;;5.00;0.00;RACHEL;118;SO118;Sligo;;Y;EI8753;N;N;N;;;MO;;FPO, GNS;7.46;0.00;Fiber/Plastic;;2006-06-02;MFL;2006-01-01;;
IRL000I13458;;IRL;;;0.80;0.00;0.00;;5.49;0.00;KELLY GEMMA;115;SO115;;;Y;EI8671;N;N;N;;;MO;;GNS, FPO;3.73;0.00;Fiber/Plastic;;2006-01-01;MFL;2000-01-01;;2010-05-05
IRL000I13465;;IRL;;;2.46;0.00;0.00;;6.03;0.00;THE CUILEANN;521;T521;Tralee;;Y;EI8379;N;N;N;;;MO;;GNS, FPO;15.00;0.00;Fiber/Plastic;;2006-01-01;MFL;1994-01-01;;
IRL000I13466;;IRL;;;0.50;0.00;0.00;;4.30;0.00;DECLAN SINEAD;992;SO992;;;Y;EI8014;N;N;N;;;MO;;FPO, LHP;11.19;0.00;Fiber/Plastic;;2005-05-02;MFL;2005-01-01;;2009-11-27
IRL000I13475;;IRL;;;1.10;0.00;0.00;;6.24;0.00;DISCOVERY III;383;C383;;;Y;EI8756;N;N;N;;;MO;;FPO, LHP;7.32;0.00;Fiber/Plastic;;2006-01-01;MFL;2001-01-01;;2017-05-30
IRL000I13481;;IRL;;;1.93;0.00;0.00;;6.62;0.00;AN BARBARA ELLEN;27;G427;United Kingdom;;Y;EI8668;N;N;N;;;MO;;LHP, GNS;89.42;0.00;Wood;;1990-10-01;MFL;1982-01-01;;2006-08-01
IRL000I13485;;IRL;;;1.38;0.00;0.00;;6.30;0.00;TAMMIH L;533;T533;Finland;;Y;EI8634;Y;N;N;;;WO;;GNS, LHP;18.70;0.00;Fiber/Plastic;;2006-01-01;MFL;2006-01-01;;2011-02-24
IRL000I13488;;IRL;;;1.19;0.00;0.00;;5.95;0.00;KATHY CHRIS;616;G616;United Kingdom;;Y;E!8204;Y;N;N;;;MO;;GNS, LHP;11.19;0.00;Fiber/Plastic;;2006-01-01;MFL;2001-01-01;;2008-04-14
IRL000I13489;;IRL;;;1.36;0.00;0.00;;6.80;0.00;TREAN STAR;640;G640;Galway;;Y;EI8368;Y;N;N;;;MO;;LHP, GNS;7.39;0.00;Wood;;2006-01-01;MFL;2000-01-01;;
IRL000I13490;;IRL;;;0.77;0.00;0.00;;5.57;0.00;GLAISNEAN;593;G593;United Kingdom;;Y;EI7976;Y;N;N;;;MO;;GNS, LHP;11.75;0.00;Wood;;2001-01-01;MFL;1999-01-01;;2007-06-19
IRL000I13491;;IRL;;;3.45;0.00;0.00;;9.30;0.00;CEOL NA MARA;644;G644;Galway;;Y;EI8683;Y;N;N;;;MO;;GNS, NK;26.15;0.00;Fiber/Plastic;;2006-01-01;MFL;1975-01-01;;
IRL000I13492;;IRL;;;1.45;0.00;0.00;;6.95;0.00;NAOMH RONAN I;643;G643;Galway;;Y;EI7898;N;N;N;;;MO;;GND, FPO;11.19;0.00;Wood;;2006-01-01;MFL;2004-01-01;;2024-08-07
IRL000I13493;;IRL;;;35.00;0.00;0.00;;16.40;0.00;INVESTOR;232;WD232;;;Y;EI6191;Y;Y;Y;;;TO;;OTM, GNS;173.90;0.00;Wood;;2002-04-20;MFL;1961-01-01;;2009-08-12
IRL000I13514;;IRL;;;0.85;0.00;0.00;;5.52;0.00;LADY LILIA;692;D692;Dublin;;Y;EI8944;N;N;N;;;WO;;FPO, NK;3.75;0.00;Fiber/Plastic;;2006-07-01;MFL;2004-01-01;;
IRL000I13522;;IRL;;;1.64;0.00;0.00;;7.19;0.00;LIBERTY BELLE;484;S484;Skibbereen;;Y;EIOF8;N;N;N;;;MO;;GNS, FPO;17.90;0.00;Fiber/Plastic;;1983-01-01;MFL;1983-01-01;;
IRL000I13523;;IRL;;;0.91;0.00;0.00;;5.62;0.00;CIARA C;691;D691;Dublin;;Y;EI8741;N;N;N;;;WO;;GNS, FPO;7.30;0.00;Fiber/Plastic;;2004-01-01;MFL;2004-01-01;;
IRL000I13524;;IRL;;;1.49;0.00;0.00;;5.64;0.00;SHERAM-C;630;SO630;Westport;;Y;EIA2074;N;N;N;;;MO;;GNS, FPO, OTB, LHP;4.47;0.00;Fiber/Plastic;;2006-01-01;MFL;1990-01-01;;
IRL000I13532;;IRL;;;8.89;0.00;0.00;;11.41;0.00;PATRICK J;61;WT61;;;Y;EI5504;N;N;N;;;WO;;OTB, FPO;73.00;0.00;Wood;;1982-01-01;MFL;1982-01-01;2010-12-01;
IRL000I13538;;IRL;;;2.92;0.00;0.00;;7.05;0.00;ADMIRAL;382;C382;Cork;;Y;EI8901;N;N;N;;;MO;;FPO, LHP, GNS;22.38;0.00;Fiber/Plastic;;1994-01-01;MFL;1994-01-01;;
IRL000I13540;;IRL;;;0.63;0.00;0.00;;5.12;0.00;SAOIRSE K;537;T537;Tralee;;Y;EI5206;N;N;N;;;MO;;FPO, GNS, LHP;5.97;0.00;Fiber/Plastic;;2001-01-01;MFL;2001-01-01;;
IRL000I13541;;IRL;;;2.51;0.00;0.00;;6.59;0.00;MARLAY;653P;G653P;Galway;;Y;EI8017;N;N;N;;;WO;;FPO, NK;17.90;0.00;Fiber/Plastic;;1986-01-01;MFL;1986-01-01;;
IRL000I13543;;IRL;;;2.46;0.00;0.00;;7.62;0.00;CANON SHIELDS;708;G708;Galway;;Y;EI4858;N;N;N;;;MO;;GNS, FPO, LHP;11.19;0.00;Wood;;2000-01-01;MFL;2000-01-01;;2024-05-03
IRL000I13557;;IRL;;;1.15;0.00;0.00;;5.85;0.00;NAOMH GOBNAIT II;406;T406;Finland;;Y;EI3090;N;N;N;;;MO;;FPO, NK;14.92;0.00;Fiber/Plastic;;2006-01-01;MFL;2002-01-01;;2008-08-26
IRL000I13561;;IRL;;;1.22;0.00;0.00;;6.36;0.00;OILEAIN INNSE II;648;G648;Galway;;Y;EI8166;N;N;N;;;WO;;FPO, NK;11.19;0.00;Wood;;2000-01-01;MFL;2000-01-01;;
IRL000I13562;;IRL;;;3.85;0.00;0.00;;9.32;0.00;NAVIGATOR;28;S28;Skibbereen;;Y;EI8653;N;N;N;;;MO;;FPO, NK;62.00;0.00;Fiber/Plastic;;2006-01-01;MFL;2006-01-01;;
IRL000I13566;;IRL;;;0.39;0.00;0.00;;5.22;0.00;PEGGY M;485;S485;;;Y;EI3708;N;N;N;;;WO;;FPO, NK;11.00;0.00;Fiber/Plastic;;1995-01-01;MFL;1995-01-01;;2009-06-05
IRL000I13570;;IRL;;;9.89;0.00;0.00;;9.80;0.00;SAOL NA MARA;488;S488;Skibbereen;;Y;EI8912;N;N;N;;;WO;;GNS, FPO, LHP;60.00;0.00;Fiber/Plastic;;1999-01-01;MFL;1998-01-01;;
IRL000I13571;;IRL;;;190.00;0.00;0.00;;23.50;0.00;EMERALD ISLE I;257;S257;Skibbereen;;Y;EI8772;Y;Y;Y;9069918;;TO;;OTB, OTM;441.00;0.00;Metal;;2006-08-24;MFL;2006-01-01;;
IRL000I13579;;IRL;;;1.92;0.00;0.00;;7.14;0.00;EMILY ROSE;231;WD231;Wexford;;Y;EI8793;N;N;N;;;MO;;FPO, NK;11.95;0.00;Fiber/Plastic;;1982-01-01;MFL;1982-01-01;;
IRL000I13580;;IRL;;;2.98;0.00;0.00;;7.86;0.00;LILY SUE;235;WD235;Wexford;;Y;EI8751;N;N;N;;;MO;;FPO, GNS;30.00;0.00;Fiber/Plastic;;1984-01-01;MFL;1984-01-01;;
IRL000I13584;;IRL;;;2.24;0.00;0.00;;6.21;0.00;PETINA;656;G656;United Kingdom;;Y;EI5418;N;N;N;;;MO;;FPO, GNS;19.95;0.00;Fiber/Plastic;;1996-01-01;MFL;1996-01-01;;2012-07-19
IRL000I13597;;IRL;;;1.69;0.00;0.00;;6.00;0.00;ORDOG;256;WT256;;;Y;EI7871;N;N;N;;;MO;;FPO, NK;11.19;0.00;Fiber/Plastic;;2000-01-01;MFL;2000-01-01;;2017-05-30
IRL000I13610;;IRL;;;5.82;0.00;0.00;;9.44;0.00;CEATHAR ALUINN;65;G65;Galway;;Y;EI8106;N;N;N;;;WO;;FPO, NK;25.00;0.00;Wood;;1972-01-01;MFL;1972-01-01;;
IRL000I13616;;IRL;;;1.18;0.00;0.00;;5.77;0.00;DAWN MIST;379;S379;Skibbereen;;Y;EI3216;N;N;N;;;MO;;FPO, NK;15.00;0.00;Fiber/Plastic;;1990-01-01;MFL;1984-01-01;;
IRL000I13617;;IRL;;;1.29;0.00;0.00;;6.17;0.00;CELTIC SEA;263;WT263;Westport;;Y;EI8729;N;N;N;;;WO;;GNC, FPO;20.88;0.00;Fiber/Plastic;;2006-01-01;MFL;1986-01-01;;
IRL000I13623;;IRL;;;2.10;0.00;0.00;;8.35;0.00;MOLLY M;143;T143;Tralee;;Y;EI3566;N;N;N;;;DO;;DRB, NK;13.43;0.00;Wood;;2006-01-01;MFL;1982-01-01;;
IRL000I13625;;IRL;;;4.03;0.00;0.00;;8.08;0.00;TWILIGHT;654;G654;United Kingdom;;Y;EI8063;N;N;N;;;MO;;DRB, FPO;43.23;0.00;Fiber/Plastic;;2006-01-01;MFL;1990-01-01;;2008-04-07
IRL000I13626;;IRL;;;0.66;0.00;0.00;;4.87;0.00;SEARCOG;657;G657;Galway;;Y;EI8742;N;N;N;;;MO;;LHP, FPO;3.73;0.00;Fiber/Plastic;;2006-01-01;MFL;1995-01-01;;
IRL000I13627;;IRL;;;1.23;0.00;0.00;;6.76;0.00;SWILLY PRIDE;153;SO153;Sligo;;Y;EI8567;N;N;N;;;WO;;GNS, FPO;3.73;0.00;Wood;;1980-01-01;MFL;1980-01-01;;
IRL000I13629;;IRL;;;0.65;0.00;0.00;;5.60;0.00;KERRI ROSE;150;SO150;;;Y;EIAT2;N;N;N;;;MO;;LNB, FPO;2.98;0.00;Fiber/Plastic;;2006-09-14;MFL;2006-09-14;;2009-11-10
IRL000I13630;;IRL;;;1.52;0.00;0.00;;6.10;0.00;LEO MARIS;147;SO147;;;Y;EIAS9;N;N;N;;;MO;;FPO, LHP;7.39;0.00;Wood;;2006-01-01;MFL;1986-01-01;;2009-11-27
IRL000I13632;;IRL;;;0.87;0.00;0.00;;4.93;0.00;TONNTA;497;S497;Skibbereen;;Y;EI8717;N;N;N;;;WO;;FPO, LHP, GNS;10.30;0.00;Fiber/Plastic;;1989-01-01;MFL;1989-01-01;;
IRL000I13633;;IRL;;;0.66;0.00;0.00;;5.33;0.00;NIAMH CIARA;498;S498;Skibbereen;;Y;EI8972;N;N;N;;;MO;;FPO, NK;8.90;0.00;Fiber/Plastic;;2006-09-21;MFL;2004-01-01;;
IRL000I13638;;IRL;;;2.14;0.00;0.00;;7.60;0.00;SHAUNA MARIE;158;SO158;Sligo;;Y;EIAY3;N;N;N;;;GO;;GNS, FPO;12.00;0.00;Fiber/Plastic;;2006-10-12;MFL;1994-06-01;;
IRL000I13642;;IRL;;;1094.00;0.00;0.00;;50.70;0.00;ANTARCTIC;97;D97;Dublin;;Y;EIBC;Y;Y;Y;9133898;;TT;;PTM, PS, OTM;2500.00;0.00;Metal;;1996-01-01;MFL;1996-01-01;;2021-03-12
IRL000I13643;;IRL;;;17.21;0.00;0.00;;11.90;0.00;AOIBH AINE;160;SO160;Sligo;;Y;EIAA9;N;N;N;;;WO;;FPO, NK;120.00;0.00;Fiber/Plastic;;2006-01-01;MFL;2006-01-01;;
IRL000I13644;;IRL;;;0.48;0.00;0.00;;5.62;0.00;SARAH PASCAL;499;S499;Skibbereen;;Y;EI8628;N;N;N;;;WO;;FPO, NK;6.70;0.00;Fiber/Plastic;;1992-01-01;MFL;1992-01-01;;
IRL000I13645;;IRL;;;5.70;0.00;0.00;;8.15;0.00;OCEAN SPRAY;663;G663;United Kingdom;;Y;EI8802;N;N;N;;;MO;;GNC, NK;37.50;0.00;Fiber/Plastic;;2006-01-01;MFL;2002-01-01;;2009-08-04
IRL000I13648;;IRL;;;12.14;0.00;0.00;;12.80;0.00;ANNELISA;157;SO157;Sligo;;Y;EI8233;Y;Y;N;8557920;;WO;;FPO, NK;100.00;0.00;Fiber/Plastic;;2006-01-01;MFL;2005-01-01;;
IRL000I13649;;IRL;;;174.00;0.00;0.00;;22.40;0.00;OCEAN PIONEER;45;S45;Skibbereen;;Y;EIAX8;Y;Y;Y;9069906;;TO;;OTM, OTB;440.00;0.00;Metal;;2006-11-03;MFL;2006-10-18;;
IRL000I13655;;IRL;;;5.76;0.00;0.00;;9.77;0.00;THRIFT;238;WD238;Wexford;;Y;EIAV2;N;N;N;;;WO;;FPO, GNS;82.07;0.00;Fiber/Plastic;;2006-10-01;MFL;1978-01-01;;
IRL000I13656;;IRL;;;0.65;0.00;0.00;;4.45;0.00;VIANNE;491;S491;Skibbereen;;Y;EI8515;N;N;N;;;WO;;FPO, LHP;2.98;0.00;Fiber/Plastic;;2006-01-01;MFL;1995-01-01;;
IRL000I13657;;IRL;;;4.29;0.00;0.00;;9.10;0.00;LAUREN;492;S492;Skibbereen;;Y;EI8514;N;N;N;;;MO;;GNS, FPO, LHP;29.25;0.00;Fiber/Plastic;;2006-01-01;MFL;1988-01-01;;
IRL000I13658;;IRL;;;1.31;0.00;0.00;;5.90;0.00;Rebecca;317A;T317A;Tralee;;Y;EIAE7;N;N;N;;;DO;;DRB, NK;18.65;0.00;Fiber/Plastic;;2000-01-01;AQU;2000-01-01;;
IRL000I13660;;IRL;;;1.27;0.00;0.00;;5.26;0.00;LOCO;318A;T318A;Tralee;;Y;EIBA5;N;N;N;;;DO;;DRB, NK;18.65;0.00;Fiber/Plastic;;2000-01-01;AQU;2000-01-01;;2018-03-23
IRL000I13663;;IRL;;;6.98;0.00;0.00;;9.46;0.00;JOHNNY BAN;165;SO165;;;Y;EI4419;N;N;N;;;MO;;FPO, LHP;33.01;0.00;Wood;;2003-01-01;MFL;2002-01-01;;2013-03-25
IRL000I13665;;IRL;;;1.30;0.00;0.00;;5.88;0.00;AILBHE NIAMH;493;S493;Skibbereen;;Y;EIBE2;N;N;N;;;MO;;FPO, LHP;8.50;0.00;Fiber/Plastic;;2006-11-01;MFL;1988-01-01;;
IRL000I13667;;IRL;;;1.64;0.00;0.00;;7.00;0.00;BEALACH AN TSOIPIN;662;G662;Galway;;Y;EITU7;N;N;N;;;MO;;GND, GNS;11.19;0.00;Wood;;2006-01-01;MFL;2004-01-01;;
IRL000I13672;;IRL;;;3.51;0.00;0.00;;8.36;0.00;PRIDE AND JOY;10;W10;Waterford;;Y;EI8614;N;N;N;;;GO;;GNS, FPO;31.50;0.00;Wood;;2006-01-01;MFL;1980-01-01;;
IRL000I13675;;IRL;;;6.49;0.00;0.00;;9.66;0.00;GOLDEN QUEST;46;WD46;Wexford;;Y;EI8525;N;N;N;;;MO;;GNS, LHP, FPO;80.00;0.00;Fiber/Plastic;;2006-01-01;MFL;2006-01-01;;
IRL000I13683;;IRL;;;174.00;0.00;0.00;;22.00;0.00;BLUE HORIZON;77;DA77;Drogheda;;Y;EIBA7;Y;Y;Y;9093854;;TO;;OTM, OTB;447.00;0.00;Metal;;2007-01-01;MFL;2006-01-01;;
IRL000I13685;;IRL;;;11.10;0.00;0.00;;11.97;0.00;INNIS GALLOON;34P;G34P;Galway;;Y;EI8456;N;N;N;;;WO;;FPO, NK;59.68;0.00;Wood;;1980-01-01;MFL;1980-01-01;;
IRL000I13691;;IRL;;;1.70;0.00;0.00;;7.02;0.00;MARIE H;178;SO178;;;Y;EIAK8;N;N;N;;;LO;;DRB, LNB;22.38;0.00;Fiber/Plastic;;1996-01-01;MFL;1996-01-01;;2012-06-27
IRL000I13694;;IRL;;;0.59;0.00;0.00;;5.10;0.00;CAITLIN;180;SO180;;;Y;EIBE6;N;N;N;;;WO;;FPO, LHP;3.73;0.00;Fiber/Plastic;;2006-01-01;MFL;2004-01-01;;2011-05-24
IRL000I13698;;IRL;;;1.54;0.00;0.00;;5.81;0.00;BANDIT;270;W270;Waterford;;Y;EI5205;N;N;N;;;WO;;LHP, GNS;7.45;0.00;Fiber/Plastic;;1991-01-01;MFL;1991-01-01;;
IRL000I13700;;IRL;;;0.55;0.00;0.00;;4.48;0.00;OLAN;388;C388;;;Y;EI8670;N;N;N;;;MO;;GNS, FPO;11.20;0.00;Wood;;2007-02-06;MFL;2004-01-01;;2011-08-04
IRL000I13702;;IRL;;;1.39;0.00;0.00;;7.14;0.00;ST COLMAN;272;G272;Galway;;Y;EI8599;N;N;N;;;MO;;LNB, DRB, GNS, FPO, LHP;11.19;0.00;Wood;;2007-02-06;MFL;2001-01-01;;2021-03-24
IRL000I13704;;IRL;;;0.77;0.00;0.00;;4.87;0.00;AN FAINLEOG;440;T440;Finland;;Y;EIAD8;N;N;N;;;WO;;LHP, GNS;7.50;0.00;Fiber/Plastic;;2007-02-08;MFL;1986-01-01;;2009-12-04
IRL000I13707;;IRL;;;8.09;0.00;0.00;;11.30;0.00;RUBICON;181;SO181;Sligo;;Y;EI8892;N;N;N;;;MO;;DRB, NK;74.00;0.00;Other;;2000-01-01;MFL;2000-01-01;;
IRL000I13711;;IRL;;;0.69;0.00;0.00;;5.03;0.00;CHRISTINA;502;S502;Skibbereen;;Y;EI8723;N;N;N;;;WO;;GNS, FPO;6.00;0.00;Fiber/Plastic;;2005-01-01;MFL;1992-01-01;;
IRL000I13712;;IRL;;;3.50;0.00;0.00;;7.96;0.00;ST BENEDICT;182;SO182;Sligo;;Y;EI8411;N;N;N;;;LO;;GNS, FPO;27.98;0.00;Fiber/Plastic;;2003-01-01;MFL;1980-01-01;;
IRL000I13718;;IRL;;;4.48;0.00;0.00;;9.38;0.00;ALISON JANE;667;G667;Galway;;Y;EIAP6;N;N;N;;;WO;;GNS, FPO;35.00;0.00;Fiber/Plastic;;2007-02-27;MFL;1994-01-01;;
IRL000I13720;;IRL;;;9.73;0.00;0.00;;12.52;0.00;MDAC;25;T25;Tralee;;Y;EIAZ7;Y;Y;N;;;MO;;FPO, LHP, GNS;62.50;0.00;Fiber/Plastic;;2007-01-01;MFL;1988-01-01;;
IRL000I13725;;IRL;;;0.67;0.00;0.00;;4.89;0.00;DUNMORAN LASS;137;SO137;Sligo;;Y;EI8112;N;N;N;;;LO;;GNS, FPO;7.38;0.00;Fiber/Plastic;;1992-01-01;MFL;1992-01-01;;
IRL000I13726;;IRL;;;1.19;0.00;0.00;;5.14;0.00;The Pipers;507;S507;Skibbereen;;Y;EIBA2;N;N;N;;;MO;;LHP, FPO;11.18;0.00;Fiber/Plastic;;2007-03-02;MFL;2002-01-01;;
IRL000I13728;;IRL;;;1.00;0.00;0.00;;6.00;0.00;Tarka;664;G664;Galway;;Y;EIAM3;N;N;N;;;GO;;FPO, GNS;11.17;0.00;Wood;;2007-01-01;MFL;1998-01-01;;
IRL000I13729;;IRL;;;7.62;0.00;0.00;;10.88;0.00;CHLOE J;989A;SO989A;Sligo;;Y;EIA2098;N;N;N;;;DO;;DRB, NK;55.60;0.00;Wood;;1980-01-01;AQU;1980-01-01;;
IRL000I13730;;IRL;;;3.16;0.00;0.00;;7.23;0.00;SUNNY BAY;665;G665;Galway;;Y;EIAY9;N;N;N;;;MO;;FPO, LHP, GNS;21.50;0.00;Fiber/Plastic;;1980-01-01;MFL;1980-01-01;;
IRL000I13731;;IRL;;;7.09;0.00;0.00;;9.98;0.00;MYROSS CSA;16;S16;Skibbereen;;Y;EIBG6;N;N;N;;;MO;;FPO, LHP, GNS, GND, DRB;130.00;0.00;Fiber/Plastic;;2007-02-28;MFL;2007-01-01;;
IRL000I13732;;IRL;;;1.69;0.00;0.00;;5.86;0.00;NORRAD STAR;272;W272;Waterford;;Y;EIA2520;N;N;N;;;MO;;GNS, LHP, FPO;5.97;0.00;Fiber/Plastic;;2007-01-01;MFL;1992-01-01;;
IRL000I13733;;IRL;;;1.04;0.00;0.00;;5.00;0.00;BELLE ELLA;389;C389;Cork;;Y;EIBH8;N;N;N;;;WO;;FPO, NK;5.60;0.00;Fiber/Plastic;;2007-03-12;MFL;1990-01-01;;
IRL000I13734;;IRL;;;1.16;0.00;0.00;;5.70;0.00;An Fiach Mara;369;T369;Tralee;;Y;EIBI9;N;N;N;;;WO;;GNS, FPO;11.03;0.00;Fiber/Plastic;;2007-03-13;MFL;2006-01-01;;
IRL000I13735;;IRL;;;4.74;0.00;0.00;;9.70;0.00;BEAL DARA;668;G668;United Kingdom;;Y;EIAU6;N;N;N;;;WO;;GNS, FPO;33.00;0.00;Wood;;2006-01-01;MFL;1970-01-01;;2017-09-28
IRL000I13736;;IRL;;;2.30;0.00;0.00;;8.02;0.00;NAOMH CAILIN;340;G340;United Kingdom;;Y;EIAP4;N;N;N;;;TO;;DRB, GNS;9.69;0.00;Wood;;1987-01-01;MFL;1986-01-01;;2015-11-13
IRL000I13738;;IRL;;;1.78;0.00;0.00;;6.17;0.00;SHANNON CARREN;367;T367;Tralee;;Y;EI3209;N;N;N;;;MO;;LNB, LHP;11.19;0.00;Fiber/Plastic;;2007-03-23;MFL;2003-01-01;;
IRL000I13740;;IRL;;;1.56;0.00;0.00;;6.06;0.00;Mullán Bán;669;G669;Galway;;Y;EIAC8;N;N;N;;;WO;;GNS, FPO;7.38;0.00;Fiber/Plastic;;2006-01-01;MFL;2003-01-01;;
IRL000I13741;;IRL;;;8.24;0.00;0.00;;10.24;0.00;AN CHE;63A;T63A;Tralee;;Y;EIBE5;N;N;N;;;DO;;DRB, NK;47.00;0.00;Fiber/Plastic;;1980-01-01;AQU;1980-01-01;;
IRL000I13743;;IRL;;;1.68;0.00;0.00;;7.19;0.00;ALTERNATIVE;191;SO191;Sligo;;Y;EIBO8;N;N;N;;;MO;;GNS, FPO;7.50;0.00;Fiber/Plastic;;1994-01-01;MFL;1994-01-01;;
IRL000I13744;;IRL;;;0.90;0.00;0.00;;5.54;0.00;BLACK ROCK;193;SO193;Galway;;Y;EIIM2;N;N;N;;;WO;;GNS, FPO;4.50;0.00;Fiber/Plastic;;2006-01-01;MFL;2006-01-01;;
IRL000I13745;;IRL;;;2.16;0.00;0.00;;6.12;0.00;SIOFRA;500;S500;;;Y;EIAJ7;N;N;N;;;FX;;LHP, NK;22.38;0.00;Fiber/Plastic;;2006-09-01;MFL;2006-01-01;;2008-05-23
IRL000I13746;;IRL;;;1.34;0.00;0.00;;6.33;0.00;BEN EADAIR;194;SO194;;;Y;EI8755;N;N;N;;;LO;;GNS, FPO;14.92;0.00;Fiber/Plastic;;1991-01-01;MFL;1991-01-01;;2011-05-17
IRL000I13747;;IRL;;;1.23;0.00;0.00;;6.43;0.00;LOCH SAILE II;671;G671;Galway;;Y;EIBB3;N;N;N;;;MO;;FPO, LHP;4.47;0.00;Wood;;2007-01-01;MFL;2002-01-01;;
IRL000I13748;;IRL;;;4.99;0.00;0.00;;9.33;0.00;JESSICA LEE;115;DK115;Dundalk;;Y;EIQT9;N;N;N;;;DO;;DRM, DRB;35.00;0.00;Metal;;1984-01-01;MFL;1978-01-01;;2024-02-07
IRL000I13750;;IRL;;;224.00;0.00;0.00;;23.20;0.00;ARDENT;23;S23;Skibbereen;;Y;EIBP5;Y;Y;Y;9456642;;TO;;SPR, OTM, PTB, PTM, GNS;749.00;0.00;Metal;;2007-04-19;MFL;2006-01-30;;
IRL000I13751;;IRL;;;224.00;0.00;0.00;;23.20;0.00;DILLON OWEN;24;S24;Skibbereen;;Y;EIBP2;Y;Y;Y;9456654;;MO;;SPR, OTM, PTB, PTM;749.00;0.00;Metal;;2007-04-19;MFL;2006-06-01;;2020-02-25
IRL000I13753;;IRL;;;3.85;0.00;0.00;;9.32;0.00;WHITE ROSE;474;T474;Tralee;;Y;EI8534;N;N;N;;;MO;;FPO, GNS;62.00;0.00;Fiber/Plastic;;2007-04-25;MFL;2005-01-01;;2023-02-13
IRL000I13754;;IRL;;;1.70;0.00;0.00;;5.70;0.00;ROSHINE LASS;196;SO196;Sligo;;Y;EIBQ7;N;N;N;;;WO;;GNS, FPO;4.10;0.00;Fiber/Plastic;;2006-01-01;MFL;2006-01-01;;
IRL000I13755;;IRL;;;1.09;0.00;0.00;;5.79;0.00;AIRCIN;923;G923;Galway;;Y;EIA2077;N;N;N;;;GO;;GNS, FPO, LHP;4.47;0.00;Fiber/Plastic;;2002-01-01;MFL;2002-01-01;;
IRL000I13756;;IRL;;;1.47;0.00;0.00;;7.00;0.00;ROISIN SADHBH;390P;C390P;Cork;;Y;EIAR7;N;N;N;;;WO;;FPO, NK;50.66;0.00;Fiber/Plastic;;2007-01-01;MFL;1990-01-01;;2018-05-04
IRL000I13757;;IRL;;;4.01;0.00;0.00;;7.31;0.00;SEDNA;195;SO195;Sligo;;Y;EI8073;N;N;N;;;MO;;LHP, GNS, FPO;33.00;0.00;Fiber/Plastic;;1974-01-01;MFL;1974-01-01;;
IRL000I13758;;IRL;;;0.56;0.00;0.00;;5.45;0.00;CURRAGH;269;WT269;Westport;;Y;EI5206;N;N;N;;;MO;;LHP, FPO, GNS;5.97;0.00;Wood;;1992-01-01;MFL;1992-01-01;;2021-05-13
IRL000I13759;;IRL;;;2.84;0.00;0.00;;7.46;0.00;HARLEY J;244;WD244;Wexford;;Y;EIAZ2;N;N;N;;;DO;;DRB, NK;44.70;0.00;Fiber/Plastic;;2007-05-10;MFL;1979-01-01;;2025-07-24
IRL000I13760;;IRL;;;0.81;0.00;0.00;;5.78;0.00;CARRA BEAG;672;G672;Galway;;Y;EI7908;N;N;N;;;MO;;GNS, FPO;3.73;0.00;Wood;;1999-01-01;MFL;1960-01-01;;2018-02-21
IRL000I13761;;IRL;;;1.24;0.00;0.00;;5.30;0.00;ALBERT JOHN;456;S456;;;Y;EI8480;N;N;N;;;MO;;DRB, GNS;11.19;0.00;Fiber/Plastic;;2005-12-28;MFL;2000-01-01;;2015-04-16
IRL000I13762;;IRL;;;2.59;0.00;0.00;;8.40;0.00;DELTA DAWN;78;DA78;Drogheda;;Y;EI8483;N;N;N;;;WO;;FPO, NK;31.34;0.00;Fiber/Plastic;;2007-04-17;MFL;1995-01-01;;
IRL000I13763;;IRL;;;0.93;0.00;0.00;;6.40;0.00;ESKADOUR GLORY;47;T47;Finland;;Y;EIBG3;N;N;N;;;MO;;DRB, GNS;7.28;0.00;Wood;;2007-05-11;MFL;1990-01-01;;2015-02-23
IRL000I13764;;IRL;;;2.24;0.00;0.00;;7.06;0.00;HEARTS CONTENT;11;T11;Tralee;;Y;EI8921;N;N;N;;;WO;;FPO, DRB;29.80;0.00;Fiber/Plastic;;2001-06-01;MFL;1986-01-01;;
IRL000I13766;;IRL;;;0.66;0.00;0.00;;5.35;0.00;NAOMI;199;SO199;Sligo;;Y;EIBR7;N;N;N;;;MO;;DRB, NK;3.70;0.00;Metal;;1958-01-01;MFL;1958-01-01;;
IRL000I13767;;IRL;;;1.29;0.00;0.00;;5.83;0.00;NAOM ANNA;201;SO201;Sligo;;Y;EIBR8;N;N;N;;;TO;;FPO, GND;7.38;0.00;Fiber/Plastic;;2007-05-23;MFL;1993-06-01;;
IRL000I13768;;IRL;;;1.03;0.00;0.00;;5.12;0.00;KATE;56;S56;Skibbereen;;Y;EI7505;N;N;N;;;WO;;FPO, NK;3.00;0.00;Fiber/Plastic;;2007-05-23;MFL;2004-01-01;;
IRL000I13769;;IRL;;;2.50;0.00;0.00;;7.52;0.00;ATLANTIC PEARL;204;SO204;Sligo;;Y;EIBR3;N;N;N;;;MO;;GNS, LHP;23.00;0.00;Fiber/Plastic;;1988-01-01;MFL;1988-01-01;;2018-06-25
IRL000I13770;;IRL;;;1.10;0.00;0.00;;5.77;0.00;XMAS EVE II;31;T31;Tralee;;Y;EI3794;N;N;N;;;MO;;DRB, GNS, FPO;7.40;0.00;Fiber/Plastic;;2005-05-05;MFL;1999-01-01;;2025-01-31
IRL000I13773;;IRL;;;4.68;0.00;0.00;;8.72;0.00;KATHLEEN PATRICIA;221;T221;Finland;;Y;EI2028;N;N;N;;;WO;;GNS, FPO;9.50;0.00;Wood;;1979-09-01;MFL;1976-01-01;;2016-11-22
IRL000I13774;;IRL;;;7.89;0.00;0.00;;11.97;0.00;OCEAN VENTURE;66;T66;Tralee;;Y;EIBV4;N;N;N;;;DO;;DRB, NK;60.00;0.00;Fiber/Plastic;;2007-04-14;MFL;2003-01-01;;
IRL000I13775;;IRL;;;0.74;0.00;0.00;;5.10;0.00;LYNN HANNA;392;C392;;;Y;EI4086;N;N;N;;;MO;;GNS, FPO;5.90;0.00;Fiber/Plastic;;1979-05-02;MFL;1979-01-01;;2017-02-03
IRL000I13776;;IRL;;;0.91;0.00;0.00;;5.30;0.00;SILVA;515;S515;Skibbereen;;Y;EICD3;N;N;N;;;MO;;DRB, GNS, LHP, FPO;5.48;0.00;Fiber/Plastic;;2007-06-11;MFL;2007-01-01;;
IRL000I13777;;IRL;;;0.65;0.00;0.00;;4.63;0.00;AMANDA LOU;514;S514;;;Y;EIAD2;N;N;N;;;MO;;DRB, GNS;3.20;0.00;Fiber/Plastic;;1965-01-01;MFL;1965-01-01;;2016-06-14
IRL000I13778;;IRL;;;0.64;0.00;0.00;;4.88;0.00;QUERRIN LASS;676;G676;Galway;;Y;EIBB4;N;N;N;;;WO;;LHP, GND;3.00;0.00;Fiber/Plastic;;2007-06-14;MFL;1997-01-01;;
IRL000I13782;;IRL;;;4.51;0.00;0.00;;9.17;0.00;KESTREL;17;T17;Tralee;;Y;EIBS4;N;N;N;;;GO;;GNS, FPO;59.00;0.00;Wood;;2007-01-01;MFL;1981-01-01;;2019-01-17
IRL000I13783;;IRL;;;1.35;0.00;0.00;;6.81;0.00;DERROUGH;674;G674;Galway;;Y;EI8116;N;N;N;;;WO;;FPO, GNS;11.19;0.00;Wood;;2007-01-01;MFL;1998-01-01;;2024-07-18
IRL000I13784;;IRL;;;2.71;0.00;0.00;;6.74;0.00;CAOMHNOIR;276;W276;Waterford;;Y;EITM7;N;N;N;;;MO;;FPO, LHP;12.00;0.00;Fiber/Plastic;;2007-06-25;MFL;2000-01-01;;
IRL000I13785;;IRL;;;1.16;0.00;0.00;;5.43;0.00;ST JOSEPH;513;S513;Skibbereen;;Y;EIB03;N;N;N;;;WO;;GNS, FPO, LHP;5.90;0.00;Fiber/Plastic;;2007-01-01;MFL;1999-01-01;;
IRL000I13786;;IRL;;;0.84;0.00;0.00;;4.96;0.00;JOANNA;508;S508;Skibbereen;;Y;EIBM5;N;N;N;;;MO;;GNS, LHP, FPO;10.56;0.00;Fiber/Plastic;;2007-06-26;MFL;1985-01-01;;2019-03-15
IRL000I13787;;IRL;;;1.31;0.00;0.00;;6.40;0.00;JEANNIE;675;G675;Galway;;Y;EI5183;N;N;N;;;WO;;GNS, LHP;18.60;0.00;Wood;;2004-01-01;MFL;1998-01-01;;
IRL000I13788;;IRL;;;1.25;0.00;0.00;;6.95;0.00;ST BRIDGET;892;SO892;Sligo;;Y;EI8504;N;N;N;;;LO;;GNS, LHP;11.19;0.00;Fiber/Plastic;;1997-01-01;MFL;1997-01-01;;
IRL000I13789;;IRL;;;3.76;0.00;0.00;;9.24;0.00;PATHFINDER;677;G677;Galway;;Y;EICN4;N;N;N;;;MO;;GNS, PTB, FPO;43.50;0.00;Fiber/Plastic;;2007-07-02;MFL;1991-01-01;;2019-08-01
IRL000I13790;;IRL;;;3.30;0.00;0.00;;7.15;0.00;MARLOG;273;W273;;;Y;EICG5;N;N;N;;;MO;;FPO, LHP;13.00;0.00;Fiber/Plastic;;2007-06-28;MFL;1987-01-01;;2013-05-07
IRL000I13791;;IRL;;;128.00;0.00;0.00;;23.00;0.00;CORONA GLORIA;512;S512;Skibbereen;;Y;EICN5;Y;Y;Y;8650942;;TO;;LHP, OTM, OTB, GNS;395.00;0.00;Metal;;1987-01-01;MFL;1987-01-01;;
IRL000I13792;;IRL;;;3.30;0.00;0.00;;6.77;0.00;LORVALDEE;168;SO168;Sligo;;Y;EI7960;N;N;N;;;MO;;LHP, OTB, DRB, FPO, GNS;15.00;0.00;Fiber/Plastic;;1985-01-01;MFL;1985-01-01;;2021-10-13
IRL000I13793;;IRL;;;1.13;0.00;0.00;;5.97;0.00;CARRAIG MAIRTIN;205;SO205;;;Y;EI5328;N;N;N;;;WO;;GNS, FPO;7.39;0.00;Wood;;1990-01-01;MFL;1990-01-01;;2016-05-09
IRL000I13795;;IRL;;;0.69;0.00;0.00;;4.42;0.00;CIARA ROSE;183;SO183;Sligo;;Y;EIAY6;N;N;N;;;MO;;LHP, FPO;3.73;0.00;Fiber/Plastic;;2003-01-01;MFL;2003-01-01;2014-04-25;
IRL000I13796;;IRL;;;3.09;0.00;0.00;;7.60;0.00;CELTIC DREAM;211;SO211;Sligo;;Y;EICQ9;N;N;N;;;DO;;DRB, NK;27.00;0.00;Fiber/Plastic;;1988-01-01;MFL;1988-01-01;;
IRL000I13797;;IRL;;;4.68;0.00;0.00;;7.60;0.00;PHOENIX;209;SO209;;;Y;EICR2;N;N;N;;;DO;;DRB, NK;55.00;0.00;Fiber/Plastic;;1994-01-01;MFL;1994-01-01;;2016-07-14
IRL000I13799;;IRL;;;3.06;0.00;0.00;;7.60;0.00;ELIZABETH;290;WD290;;;Y;EINJ8;N;N;N;;;DO;;DRB, HMD;34.70;0.00;Fiber/Plastic;;1990-01-01;MFL;1990-01-01;;2017-07-17
IRL000I13800;;IRL;;;1.77;0.00;0.00;;5.84;0.00;TERN;520;S520;;;Y;EIBP6;N;N;N;;;LO;;LHP, GNS;11.17;0.00;Fiber/Plastic;;2007-07-19;MFL;1997-01-01;;2009-04-15
IRL000I13802;;IRL;;;15.00;0.00;0.00;;17.00;0.00;PEARL FISHER;241;WD241;;;Y;EI7874;Y;Y;Y;;;DO;;HMD, NK;97.00;0.00;Metal;;2003-10-01;MFL;2003-01-01;;2011-10-03
IRL000I13803;;IRL;;;3.08;0.00;0.00;;8.20;0.00;CHRISANN;81;DA81;;;Y;EICB8;N;N;N;;;DO;;DRB, NK;23.00;0.00;Fiber/Plastic;;2007-07-24;MFL;1990-01-01;;2016-06-28
IRL000I13804;;IRL;;;0.76;0.00;0.00;;4.95;0.00;ROWAN;519;S519;;;Y;EIDC3;N;N;N;;;MO;;GNS, FPO;11.19;0.00;Fiber/Plastic;;2007-07-24;MFL;2007-01-01;;2008-11-04
IRL000I13805;;IRL;;;5.30;0.00;0.00;;9.29;0.00;MARY ANN;678;G678;Galway;;Y;EIBN9;N;N;N;;;MO;;GND, FPO;22.00;0.00;Wood;;2007-07-26;MFL;1986-01-01;;
IRL000I13806;;IRL;;;2.10;0.00;0.00;;6.25;0.00;NAOMH BRID;673;G673;United Kingdom;;Y;EIBL8;N;N;N;;;MO;;LHP, GNS;21.18;0.00;Fiber/Plastic;;2007-07-26;MFL;1999-01-01;;2010-03-10
IRL000I13808;;IRL;;;2.47;0.00;0.00;;8.63;0.00;ST PETER;679;G679;United Kingdom;;Y;EIBJ8;N;N;N;;;WO;;GNS, FPO;27.42;0.00;Wood;;1970-01-01;MFL;1970-01-01;;2017-09-26
IRL000I13809;;IRL;;;1.80;0.00;0.00;;6.15;0.00;SHARON AOIFE;17;SO17;Sligo;;Y;EI8418;N;N;N;;;MO;;GNS, FPO;10.00;0.00;Fiber/Plastic;;2005-01-01;MFL;2004-01-01;;
IRL000I13810;;IRL;;;0.56;0.00;0.00;;5.70;0.00;PADDYS RETURN;681;G681;United Kingdom;;Y;EI8998;N;N;N;;;WO;;GNS, FPO;3.73;0.00;Wood;;2007-08-02;MFL;1995-01-01;;2014-04-15
IRL000I13812;;IRL;;;2.40;0.00;0.00;;7.94;0.00;AOIBHA C;174;SO174;Sligo;;Y;EI8594;N;N;N;;;DO;;DRB, NK;22.01;0.00;Fiber/Plastic;;1979-01-01;MFL;1979-01-01;;
IRL000I13813;;IRL;;;1.25;0.00;0.00;;5.35;0.00;FINBARR MICHAEL;455;S455;;;Y;EI8479;N;N;N;;;WO;;LNB, FPO;11.19;0.00;Fiber/Plastic;;2005-12-28;MFL;1999-01-01;;2015-10-06
IRL000I13814;;IRL;;;0.81;0.00;0.00;;5.26;0.00;ESKADOUR;516;S516;;;Y;EIBP3;N;N;N;;;WO;;FPO, NK;7.28;0.00;Fiber/Plastic;;2007-08-07;MFL;2001-01-01;;2015-02-23
IRL000I13815;;IRL;;;3.06;0.00;0.00;;7.60;0.00;ST FIDELIS;213;SO213;Sligo;;Y;EICR3;N;N;N;;;DO;;DRB, NK;55.60;0.00;Fiber/Plastic;;2006-01-01;MFL;1986-01-01;;
IRL000I13816;;IRL;;;2.88;0.00;0.00;;7.50;0.00;ROSIE;210;SO210;Sligo;;Y;EICV6;N;N;N;;;DO;;DRB, NK;21.70;0.00;Fiber/Plastic;;1986-01-01;MFL;1986-01-01;;2025-06-26
IRL000I13818;;IRL;;;0.95;0.00;0.00;;5.76;0.00;THE JAMES CAIRD;49;T49;Finland;;Y;EI8198;N;N;N;;;MO;;GNS, FPO;7.30;0.00;Fiber/Plastic;;2007-08-10;MFL;2005-01-01;;2011-07-08
IRL000I13819;;IRL;;;3.41;0.00;0.00;;9.40;0.00;OBSESSION;521;S521;;;Y;EI7279;N;N;N;;;LO;;LHP, NK;119.01;0.00;Metal;;2007-08-10;MFL;2003-01-01;;2012-08-13
IRL000I13820;;IRL;;;0.79;0.00;0.00;;6.98;0.00;AN FALCOG;6;T6;Tralee;;Y;EI8438;N;N;N;;;MO;;OTM, LNB;3.00;0.00;Fiber/Plastic;;1992-01-01;MFL;1992-01-01;;
IRL000I13821;;IRL;;;1.01;0.00;0.00;;5.74;0.00;WESTERN STAR;85A;T85A;Tralee;;Y;EIDH2;N;N;N;;;FX;;DRB, NK;18.38;0.00;Fiber/Plastic;;1990-01-01;AQU;1990-01-01;;
IRL000I13822;;IRL;;;0.80;0.00;0.00;;4.98;0.00;MAJISTIC STAR;86A;T86A;Tralee;;Y;EIDH3;N;N;N;;;FX;;DRB, NK;11.03;0.00;Fiber/Plastic;;1986-06-01;AQU;1985-01-01;;
IRL000I13823;;IRL;;;1.46;0.00;0.00;;6.00;0.00;GARRADH BÁN;91;SO91;Sligo;;Y;EI4192;N;N;N;;;WO;;LNB, LHP, FPO, GNS;5.97;0.00;Wood;;2006-01-01;MFL;2006-01-01;;
IRL000I13824;;IRL;;;3.07;0.00;0.00;;7.10;0.00;LEANNE;667;S667;Skibbereen;;Y;EIRD4;N;N;N;;;MO;;DRB, GNS, FPO;24.00;0.00;Fiber/Plastic;;2007-08-20;MFL;1996-01-01;;
IRL000I13825;;IRL;;;1.14;0.00;0.00;;5.08;0.00;EIBHLIN;247;WD247;;;Y;EIBK2;N;N;N;;;WO;;GNS, FPO;5.24;0.00;Fiber/Plastic;;2007-08-29;MFL;1987-01-01;;2013-01-30
IRL000I13828;;IRL;;;0.71;0.00;0.00;;5.62;0.00;MAUREEN;682;G682;United Kingdom;;Y;EIBW2;N;N;N;;;WO;;GND, FPO;7.38;0.00;Wood;;2003-01-01;MFL;1990-01-01;;2016-02-03
IRL000I13829;;IRL;;;1.26;0.00;0.00;;6.61;0.00;STOOKISLAND ROVER;43A;T43A;Tralee;;Y;EICB3;N;N;N;;;DO;;DRB, NK;11.03;0.00;Wood;;2006-06-01;AQU;2006-01-01;;2019-10-03
IRL000I13830;;IRL;;;1.42;0.00;0.00;;6.35;0.00;RINN NA MORT;217;SO217;Sligo;;Y;EICP8;N;N;N;;;LO;;GNS, FPO;7.39;0.00;Wood;;1989-01-01;MFL;1989-01-01;;
IRL000I13831;;IRL;;;2.82;0.00;0.00;;9.70;0.00;ROISIN;381;WT381;Westport;;Y;EIDK5;N;N;N;;;MO;;GNS, FPO;40.69;0.00;Fiber/Plastic;;1985-01-01;MFL;1985-01-01;;
IRL000I13832;;IRL;;;1.50;0.00;0.00;;5.85;0.00;CLOCH LIATH;279;W279;Waterford;;Y;EIAY8;N;N;N;;;MO;;GNS, FPO;5.97;0.00;Fiber/Plastic;;1990-01-01;MFL;1990-01-01;;
IRL000I13833;;IRL;;;1.21;0.00;0.00;;5.92;0.00;MARY ELLEN;41;T41;Finland;;Y;EICQ8;N;N;N;;;LO;;GNS, FPO;4.00;0.00;Fiber/Plastic;;2007-01-01;MFL;2007-01-01;;2012-02-29
IRL000I13834;;IRL;;;2.00;0.00;0.00;;6.12;0.00;KAYLASH;207;SO207;;;Y;EICH2;N;N;N;;;MO;;FPO, GNS;18.65;0.00;Wood;;2007-10-03;MFL;1993-01-01;;2008-10-28
IRL000I13835;;IRL;;;3.06;0.00;0.00;;7.60;0.00;LUCY LEE;218;SO218;Sligo;;Y;EIDG9;N;N;N;;;DO;;DRB, NK;55.60;0.00;Fiber/Plastic;;1990-01-01;MFL;1990-01-01;;2019-08-06
IRL000I13836;;IRL;;;1.04;0.00;0.00;;5.00;0.00;PAUDIEBAN;393;C393;Cork;;Y;EIDQ5;N;N;N;;;MO;;FPO, GNS, LHP;1.10;0.00;Fiber/Plastic;;2007-10-10;MFL;1980-01-01;;2021-08-09
IRL000I13837;;IRL;;;0.83;0.00;0.00;;5.24;0.00;BUNAW;525;S525;;;Y;EIDK2;N;N;N;;;WO;;FPO, GNS;4.48;0.00;Fiber/Plastic;;1996-06-01;MFL;1996-01-01;;2016-06-14
IRL000I13838;;IRL;;;1.00;0.00;0.00;;6.65;0.00;VARIA;687;G687;Galway;;Y;EICN9;N;N;N;;;MO;;FPO, GNS;5.90;0.00;Fiber/Plastic;;2006-01-01;MFL;2006-01-01;;
IRL000I13839;;IRL;;;0.74;0.00;0.00;;5.75;0.00;AN CAOLAIRE;603;G603;Galway;;Y;EI8644;N;N;N;;;MO;;GNS, FPO;11.19;0.00;Wood;;1990-10-01;MFL;1954-01-01;;
IRL000I13840;;IRL;;;0.94;0.00;0.00;;5.23;0.00;SEA PEARL;46;T46;Finland;;Y;EIBO7;N;N;N;;;MO;;GNS, FPO;3.00;0.00;Fiber/Plastic;;2007-10-24;MFL;1998-01-01;;2013-09-24
IRL000I13841;;IRL;;;0.85;0.00;0.00;;5.83;0.00;TOG GO BOG E;273;WT273;Westport;;Y;EIDI9;N;N;N;;;MO;;OTM, GNS;14.90;0.00;Fiber/Plastic;;2007-05-01;MFL;2006-01-01;;
IRL000I13842;;IRL;;;1.27;0.00;0.00;;5.48;0.00;GIRL LOUISE;214;SO214;Sligo;;Y;EIEC5;N;N;N;;;WO;;FPO, NK;15.00;0.00;Fiber/Plastic;;1986-01-01;MFL;1986-01-01;;
IRL000I13843;;IRL;;;1.35;0.00;0.00;;5.54;0.00;LUPIN;526;S526;Skibbereen;;Y;EIEC4;N;N;N;;;WO;;GNS, FPO;11.19;0.00;Fiber/Plastic;;1997-01-02;MFL;1997-01-01;;
IRL000I13844;;IRL;;;5.01;0.00;0.00;;9.82;0.00;SCAMP;690;G690;Galway;;Y;EIBA9;N;N;N;;;MO;;FPO, LHP;28.00;0.00;Fiber/Plastic;;2007-11-29;MFL;1980-01-01;;
IRL000I13845;;IRL;;;1.59;0.00;0.00;;6.78;0.00;JIMI D;754;SO754;Sligo;;Y;EIDF2;N;N;N;;;MO;;LHP, GNS, FPO;22.38;0.00;Fiber/Plastic;;2001-06-01;MFL;2001-01-01;;
IRL000I13846;;IRL;;;0.83;0.00;0.00;;5.85;0.00;PARAIC SEOSAMH;689;G689;United Kingdom;;Y;EIDJ7;N;N;N;;;MO;;GNS, FPO;3.00;0.00;Wood;;2007-01-01;MFL;2000-01-01;;2016-05-17
IRL000I13847;;IRL;;;1.57;0.00;0.00;;6.06;0.00;DOUBTSA II;528;S528;Skibbereen;;Y;EIEH9;N;N;N;;;MO;;FPO, LHP, GNS;5.90;0.00;Fiber/Plastic;;2007-12-07;MFL;2007-01-01;;2019-06-19
IRL000I13848;;IRL;;;1.91;0.00;0.00;;6.40;0.00;FININ;246;G246;Galway;;Y;EI5259;N;N;N;;;WO;;LNB, FPO;7.50;0.00;Fiber/Plastic;;2007-12-19;MFL;2007-01-01;;
IRL000I13849;;IRL;;;7.30;0.00;0.00;;10.88;0.00;JERDEMAR II;7;T7;Finland;;Y;EI4511;N;N;N;;;DO;;DRB, NK;89.53;0.00;Fiber/Plastic;;2001-01-01;MFL;2000-01-01;;2014-02-17
IRL000I13850;;IRL;;;1.98;0.00;0.00;;7.26;0.00;SEA JAY;770;SO770;Sligo;;Y;EIEB2;N;N;N;;;MO;;DRB, NK;25.00;0.00;Fiber/Plastic;;1982-01-01;MFL;1982-01-01;;
IRL000I13851;;IRL;;;1.00;0.00;0.00;;5.25;0.00;LADY LAURA II;89A;T89A;Tralee;;Y;EICE2;N;N;N;;;FX;;DRB, NK;11.03;0.00;Fiber/Plastic;;2008-01-09;AQU;2006-01-01;;
IRL000I13852;;IRL;;;1.72;0.00;0.00;;5.80;0.00;SKYLARK;21;T21;Tralee;;Y;EIXM2;N;N;N;;;MO;;DRB, LHP, FPO;10.00;0.00;Fiber/Plastic;;1981-01-01;MFL;1980-01-01;;
IRL000I13853;;IRL;;;0.81;0.00;0.00;;5.26;0.00;ETTIE;527;S527;Skibbereen;;Y;EI-CO-4;N;N;N;;;FX;;DRB, FPO, GNS, LNB, LHP;4.00;0.00;Fiber/Plastic;;1986-01-01;MFL;1986-01-01;;
IRL000I13854;;IRL;;;5.73;0.00;0.00;;9.99;0.00;PATRICK KILLIAN;200;C200;;;Y;EIDX4;N;N;N;;;WO;;DRB, OTM;30.00;0.00;Fiber/Plastic;;1978-02-01;MFL;1978-01-01;;2011-03-08
IRL000I13856;;IRL;;;2.20;0.00;0.00;;6.30;0.00;RAMBLER;35A;T35A;Tralee;;Y;EIDY3;N;N;N;;;DO;;DRB, NK;14.90;0.00;Fiber/Plastic;;2004-06-01;AQU;2004-01-01;;
IRL000I13857;;IRL;;;4.58;0.00;0.00;;8.10;0.00;NAOMH MICHEAL;32A;T32A;Tralee;;Y;EIDY6;N;N;N;;;DO;;DRB, NK;48.40;0.00;Wood;;1988-06-01;AQU;1988-01-01;;
IRL000I13858;;IRL;;;0.84;0.00;0.00;;5.76;0.00;ST OWEN;224;SO224;;;Y;EIDJ9;N;N;N;;;MO;;GNS, FPO;4.47;0.00;Wood;;1991-06-01;MFL;1991-01-01;;2011-04-08
IRL000I13859;;IRL;;;0.77;0.00;0.00;;5.14;0.00;ANNABEL;395;C395;Cork;;Y;EIEI2;N;N;N;;;WO;;GNS, DRB, FPO, LHP;3.00;0.00;Fiber/Plastic;;1989-06-18;MFL;1989-01-01;;
IRL000I13860;;IRL;;;2.19;0.00;0.00;;6.34;0.00;THE DOLPHIN;274A;WT274A;Westport;;Y;EI8491;N;N;N;;;MO;;DRB, HMD;10.00;0.00;Fiber/Plastic;;1989-06-01;AQU;1989-01-01;;
IRL000I13861;;IRL;;;0.67;0.00;0.00;;5.54;0.00;MARY ROSE;692;G692;Galway;;Y;EIEH7;N;N;N;;;WO;;FPO, LHP;0.00;0.00;Wood;;1970-01-01;MFL;1970-01-01;;
IRL000I13862;;IRL;;;1.40;0.00;0.00;;7.50;0.00;SCANN;42A;T42A;Finland;;Y;EICX8;N;N;N;;;MO;;HMD, NK;22.40;0.00;Metal;;2008-02-06;AQU;2007-01-01;;2015-02-24
IRL000I13863;;IRL;;;2.98;0.00;0.00;;7.89;0.00;EWE II;694A;G694A;Galway;;Y;EI8323;N;N;N;;;DO;;DRB, NK;20.00;0.00;Wood;;1990-01-01;AQU;1964-01-01;;
IRL000I13864;;IRL;;;0.76;0.00;0.00;;5.78;0.00;NAOMH PEADAR;686;G686;Galway;;Y;EIBF2;N;N;N;;;MO;;FPO, GNS;7.38;0.00;Wood;;1997-01-01;MFL;1997-01-01;;
IRL000I13865;;IRL;;;0.96;0.00;0.00;;5.25;0.00;BEHY ROVER;15A;T15A;Finland;;Y;EIEO6;N;N;N;;;DO;;DRB, NK;11.03;0.00;Fiber/Plastic;;1998-06-01;AQU;1998-01-01;;2014-12-05
IRL000I13866;;IRL;;;0.69;0.00;0.00;;4.78;0.00;AOIFE;223P;SO223P;Sligo;;Y;EI8825;N;N;N;;;WO;;FPO, NK;7.39;0.00;Fiber/Plastic;;1997-06-01;MFL;1997-01-01;;
IRL000I13867;;IRL;;;1.93;0.00;0.00;;7.91;0.00;WHITEHILL ROSE II;997;SO997;Sligo;;Y;EIDA6;N;N;N;;;DO;;DRM, DRB;29.00;0.00;Fiber/Plastic;;1995-07-01;MFL;1995-01-01;;2024-09-05
IRL000I13868;;IRL;;;3.55;0.00;0.00;;7.60;0.00;SHAUNA MARIA;227;SO227;Sligo;;Y;EIDS7;N;N;N;;;DO;;DRB, NK;21.70;0.00;Fiber/Plastic;;2008-02-26;MFL;1990-01-01;;
IRL000I13869;;IRL;;;2.88;0.00;0.00;;7.50;0.00;THE NICOLE;229;SO229;Sligo;;Y;EIDS4;N;N;N;;;DO;;DRB, NK;40.00;0.00;Fiber/Plastic;;2008-02-27;MFL;1990-01-01;;
IRL000I13870;;IRL;;;8.61;0.00;0.00;;9.36;0.00;DANIEL;120A;DK120A;Dundalk;;Y;EI8982;N;N;N;;;DO;;DRB, NK;118.60;0.00;Wood;;1968-06-01;AQU;1968-01-01;;
IRL000I13871;;IRL;;;1.02;0.00;0.00;;4.95;0.00;SUMMER WINE 2;9A;T9A;Tralee;;Y;EIED2;N;N;N;;;DO;;DRB, NK;11.18;0.00;Fiber/Plastic;;2008-02-29;AQU;1982-01-01;;
IRL000I13872;;IRL;;;2.49;0.00;0.00;;6.17;0.00;CAILIN DAMHSA;40A;T40A;Tralee;;Y;EI-DO-2;N;N;N;;;DO;;DRB, NK;22.38;0.00;Fiber/Plastic;;1980-06-01;AQU;1980-01-01;;2019-03-07
IRL000I13873;;IRL;;;1.21;0.00;0.00;;5.03;0.00;EIRI NA GREINE II;3A;T3A;Tralee;;Y;EIED6;N;N;N;;;DO;;DRB, NK;11.18;0.00;Fiber/Plastic;;1990-06-01;AQU;1990-01-01;;
IRL000I13874;;IRL;;;7.86;0.00;0.00;;10.93;0.00;QUEEN OF EDDY;693A;G693A;Galway;;Y;EIDV8;N;N;N;;;MO;;DRB, NK;74.50;0.00;Fiber/Plastic;;1992-06-01;AQU;1992-01-01;2015-02-17;
IRL000I13875;;IRL;;;1.25;0.00;0.00;;6.31;0.00;TIR NA NOG;696;D696;Dublin;;Y;EIEO7;N;N;N;;;MO;;FPO, PS, GNC, OTM, GNS, LHP;4.47;0.00;Wood;;2008-01-01;MFL;1995-01-01;;2019-03-11
IRL000I13876;;IRL;;;1.72;0.00;0.00;;6.12;0.00;CATHERINE;697;D697;Dublin;;Y;EIEO8;N;N;N;;;MO;;FPO, GNS;5.90;0.00;Fiber/Plastic;;1978-07-01;MFL;1978-01-01;;
IRL000I13877;;IRL;;;1.66;0.00;0.00;;5.79;0.00;DERRYMORE;55A;T55A;Tralee;;Y;EIBQ6;N;N;N;;;FX;;DRB, NK;19.40;0.00;Fiber/Plastic;;2008-03-26;AQU;1994-01-01;;
IRL000I13878;;IRL;;;2.88;0.00;0.00;;6.49;0.00;NORTH STAR;96A;G96A;Galway;;Y;EIDY05;N;N;N;;;DO;;DRB, NK;20.20;0.00;Fiber/Plastic;;2008-03-28;AQU;1970-01-01;;
IRL000I13879;;IRL;;;0.92;0.00;0.00;;5.59;0.00;OLD JOE;695;D695;Dublin;;Y;EIEL6;N;N;N;;;MO;;DRB, LHP, GNC, GND, FPO;4.50;0.00;Fiber/Plastic;;2007-01-01;MFL;1995-01-01;;
IRL000I13880;;IRL;;;1.07;0.00;0.00;;6.50;0.00;GALWAY GIRL;157;T157;Tralee;;Y;EIA3068;N;N;N;;;MO;;GNS, FPO, LHP;15.00;0.00;Fiber/Plastic;;1987-06-01;MFL;1987-01-01;;
IRL000I13881;;IRL;;;7.31;0.00;0.00;;9.98;0.00;KALIGARIAN J;698;D698;Dublin;;Y;EIEQ5;N;N;N;;;WO;;GNS, FPO;155.00;0.00;Fiber/Plastic;;2008-04-03;MFL;2007-01-01;;
IRL000I13882;;IRL;;;1.52;0.00;0.00;;6.30;0.00;DOON II;698;G698;Galway;;Y;EIFD4;N;N;N;;;MO;;FPO, LHP;11.00;0.00;Fiber/Plastic;;2008-04-01;MFL;2000-01-01;;
IRL000I13883;;IRL;;;2.11;0.00;0.00;;8.10;0.00;KAY PAULA;396;C396;Cork;;Y;EICI8;N;N;N;;;GO;;GNS, FPO;22.37;0.00;Fiber/Plastic;;2008-01-01;MFL;2001-01-01;;
IRL000I13884;;IRL;;;2.22;0.00;0.00;;10.10;0.00;SLIOGAN;22A;T22A;Tralee;;Y;EIDA9;N;N;N;;;FX;;DRH, NK;74.57;0.00;Metal;;1997-06-01;AQU;1997-01-01;;
IRL000I13885;;IRL;;;2.02;0.00;0.00;;8.03;0.00;LUCY LEE;218;SO218;Sligo;;Y;EIQY4;N;N;N;;;DO;;DRB, NK;26.00;0.00;Fiber/Plastic;;2008-03-25;MFL;1988-01-01;;
IRL000I13886;;IRL;;;0.82;0.00;0.00;;5.25;0.00;DONAL OWEN;251;WD251;;;Y;EIEU6;N;N;N;;;WO;;GNS, FPO;7.30;0.00;Fiber/Plastic;;2008-04-08;MFL;2006-01-01;;2015-08-12
IRL000I13887;;IRL;;;0.69;0.00;0.00;;5.56;0.00;SARAH;700;D700;;;Y;EIEV7;N;N;N;;;WO;;GNS, FPO;3.60;0.00;Fiber/Plastic;;2008-01-01;MFL;1995-01-01;;2017-10-10
IRL000I13888;;IRL;;;2.88;0.00;0.00;;6.49;0.00;MARY ROWS;695A;G695A;Galway;;Y;EIEM6;N;N;N;;;DO;;DRB, NK;14.91;0.00;Fiber/Plastic;;2006-01-01;AQU;1970-01-01;;
IRL000I13889;;IRL;;;1.66;0.00;0.00;;6.46;0.00;OCEAN GLORY;376;T376;Tralee;;Y;EIAN2;N;N;N;;;MO;;FPO, GNS;20.00;0.00;Fiber/Plastic;;2008-04-23;MFL;1985-01-01;;
IRL000I13890;;IRL;;;0.67;0.00;0.00;;5.56;0.00;AN AIRD;699;G699;United Kingdom;;Y;EIET2;N;N;N;;;WO;;FPO, GNS;7.73;0.00;Wood;;1960-01-01;MFL;1960-01-01;;2014-05-23
IRL000I13891;;IRL;;;1.00;0.00;0.00;;5.15;0.00;RATHAIOCHT;530;S530;Skibbereen;;Y;EIBW7;N;N;N;;;MO;;GNC, DRB, GNS, LHP, FPO;8.20;0.00;Fiber/Plastic;;1995-08-01;MFL;1995-01-01;;
IRL000I13892;;IRL;;;0.79;0.00;0.00;;7.24;0.00;AN CHE II;63;T63;Tralee;;Y;EIFE5;N;N;N;;;MO;;GNS, FPO;0.00;0.00;Fiber/Plastic;;2000-01-01;MFL;2000-01-01;2014-12-08;
IRL000I13893;;IRL;;;0.63;0.00;0.00;;5.11;0.00;ROOKERY LASS;282;W282;;;Y;EIFF6;N;N;N;;;GO;;GNS, FPO;5.90;0.00;Wood;;2008-05-01;MFL;1995-01-01;;2017-12-08
IRL000I13894;;IRL;;;2.84;0.00;0.00;;7.16;0.00;WHITE KNIGHT;277;WT277;Westport;;Y;EIES3;N;N;N;;;MO;;GNS, FPO;20.45;0.00;Fiber/Plastic;;2008-05-02;MFL;1989-01-01;;
IRL000I13895;;IRL;;;8.80;0.00;0.00;;9.72;0.00;BOY RIVER;280;W280;Waterford;;Y;EIFC3;N;N;N;;;PO;;DRB, DRM, OTM, LHP, GNS, FPO;49.00;0.00;Fiber/Plastic;;2008-05-01;MFL;1991-01-01;;
IRL000I13896;;IRL;;;1.89;0.00;0.00;;7.10;0.00;SILENT BOY;276;WT276;Westport;;Y;EICY8;N;N;N;;;MO;;LHP, PTM;19.00;0.00;Fiber/Plastic;;2008-05-09;MFL;2000-01-01;;
IRL000I13897;;IRL;;;3.33;0.00;0.00;;8.15;0.00;SUZANNE TOO;233;SO233;Sligo;;Y;EIET9;N;N;N;;;MO;;OTM, DRB;23.87;0.00;Fiber/Plastic;;1980-01-01;MFL;1980-01-01;;
IRL000I13898;;IRL;;;0.67;0.00;0.00;;4.87;0.00;BOY DARRAGH;281;W281;;;Y;EIEU2;N;N;N;;;MO;;LHP, FPO;6.00;0.00;Fiber/Plastic;;2008-01-01;MFL;1990-01-01;;2016-06-14
IRL000I13899;;IRL;;;3.94;0.00;0.00;;8.20;0.00;BRIAN OG;230;SO230;Sligo;;Y;EIEK3;N;N;N;;;WO;;FPO, SUX;40.00;0.00;Fiber/Plastic;;2008-01-01;MFL;2007-01-01;;
IRL000I13900;;IRL;;;3.76;0.00;0.00;;8.06;0.00;MELANIE S;228;SO228;;;Y;EIEE5;N;N;N;;;DO;;DRB, NK;65.00;0.00;Fiber/Plastic;;2008-01-01;MFL;1985-01-01;;2010-02-16
IRL000I13901;;IRL;;;9.81;0.00;0.00;;10.40;0.00;NEVER FORGET;90;DA90;Drogheda;;Y;EI5884;N;N;N;;;DO;;DRB, NK;57.50;0.00;Metal;;1986-07-10;MFL;1984-01-01;;
IRL000I13902;;IRL;;;1.33;0.00;0.00;;6.09;0.00;UNCLE BATT;23;T23;Tralee;;Y;EICU9;N;N;N;;;MO;;OTM, GNS;18.22;0.00;Fiber/Plastic;;2007-01-01;MFL;2004-01-01;;
IRL000I13903;;IRL;;;0.93;0.00;0.00;;6.00;0.00;CLEW BAY STAR;279;WT279;Westport;;Y;EIER8;N;N;N;;;LO;;GNS, FPO;5.96;0.00;Fiber/Plastic;;2008-05-22;MFL;2008-01-01;;
IRL000I13904;;IRL;;;12.33;0.00;0.00;;11.25;0.00;CRANGY II;236;SO236;Sligo;;Y;EIEZ9;N;N;N;;;LO;;OTM, GNS;33.00;0.00;Wood;;2008-05-23;MFL;2003-01-01;;
IRL000I13905;;IRL;;;1.97;0.00;0.00;;5.60;0.00;BOUNTY;278A;WT278A;Westport;;Y;EIEP3;N;N;N;;;DO;;DRB, LNB;14.90;0.00;Fiber/Plastic;;2008-05-26;AQU;1985-01-01;;
IRL000I13906;;IRL;;;3.27;0.00;0.00;;8.49;0.00;AVA;118;DK118;Dundalk;;Y;EIEW9;N;N;N;;;MO;;DRB, NK;42.00;0.00;Metal;;2008-05-28;MFL;1980-01-01;;
IRL000I13907;;IRL;;;1.52;0.00;0.00;;6.88;0.00;MATTHEW J;612P;G612P;Galway;;Y;EIFM4;N;N;N;;;WO;;FPO, NK;41.01;0.00;Fiber/Plastic;;2008-05-29;MFL;1995-01-01;;
IRL000I13908;;IRL;;;5.60;0.00;0.00;;8.75;0.00;VITAL SPARK II;239;W239;;;Y;EIFK2;N;N;N;;;MO;;DRB, LHP;26.00;0.00;Wood;;2008-05-01;MFL;1979-01-01;;2010-11-24
IRL000I13909;;IRL;;;0.95;0.00;0.00;;6.08;0.00;AN ROILLEACH;700A;G700A;Galway;;Y;EIEF9;N;N;N;;;DO;;DRB, NK;11.20;0.00;Wood;;2005-01-01;AQU;2000-01-01;;2019-06-19
IRL000I13910;;IRL;;;0.91;0.00;0.00;;4.95;0.00;SAMANTHA ANN;234;SO234;Sligo;;Y;EI8889;N;N;N;;;MO;;FPO, DRH, LHP, GNS;3.60;0.00;Fiber/Plastic;;2008-01-01;MFL;1994-01-01;;2025-03-13
IRL000I13911;;IRL;;;0.93;0.00;0.00;;6.45;0.00;SEAN JOE;701;G701;Galway;;Y;EIET7;N;N;N;;;WO;;GNS, FPO;4.00;0.00;Wood;;2008-01-01;MFL;2000-01-01;;
IRL000I13912;;IRL;;;1.50;0.00;0.00;;7.05;0.00;CRUSADER;703A;G703A;Galway;;Y;EIEG4;N;N;N;;;FX;;DRB, NK;14.90;0.00;Wood;;2000-12-01;AQU;2000-01-01;;
IRL000I13913;;IRL;;;0.69;0.00;0.00;;5.17;0.00;CATHY;281;WT281;;;Y;EIET4;N;N;N;;;LO;;GNS, LHP;7.37;0.00;Fiber/Plastic;;2008-01-01;MFL;2006-01-01;;2015-02-06
IRL000I13914;;IRL;;;0.62;0.00;0.00;;5.15;0.00;MARY PATRICIA II;282;WT282;Westport;;Y;EIEO2;N;N;N;;;MO;;FPO, LHP;4.47;0.00;Fiber/Plastic;;2008-06-06;MFL;2006-01-01;;
IRL000I13915;;IRL;;;3.49;0.00;0.00;;9.80;0.00;KILLEEN LASS;707;G707;Galway;;Y;EIDT7;N;N;N;;;WO;;FPO, LHP;43.23;0.00;Fiber/Plastic;;2008-01-01;MFL;1982-01-01;;
IRL000I13916;;IRL;;;2.71;0.00;0.00;;7.80;0.00;LOUGH REE;241;SO241;Sligo;;Y;EI2747;N;N;N;;;DO;;DRB, NK;65.00;0.00;Fiber/Plastic;;2008-06-13;MFL;1988-01-01;;
IRL000I13917;;IRL;;;0.78;0.00;0.00;;5.16;0.00;SINEAD;533;S533;Skibbereen;;Y;EICQ3;N;N;N;;;MO;;GNS, FPO;3.70;0.00;Fiber/Plastic;;2008-01-01;MFL;2000-01-01;;
IRL000I13918;;IRL;;;0.64;0.00;0.00;;5.70;0.00;MARCELLA;280;WT280;Westport;;Y;EICC3;N;N;N;;;MO;;DRB, GNS;7.35;0.00;Wood;;2008-06-18;MFL;1977-01-01;;2018-06-05
IRL000I13919;;IRL;;;1.57;0.00;0.00;;7.22;0.00;Mairtin Og;704;G704;United Kingdom;;Y;EIEP6;N;N;N;;;WO;;GNS, FPO;4.50;0.00;Fiber/Plastic;;2008-06-18;MFL;2004-01-01;;2009-07-22
IRL000I13920;;IRL;;;10.61;0.00;0.00;;11.13;0.00;SEACRAFT;495;SO495;;;Y;EI8891;N;N;N;;;DO;;DRB, NK;45.00;0.00;Wood;;2008-01-01;MFL;1985-01-01;;2014-02-17
IRL000I13921;;IRL;;;3.66;0.00;0.00;;8.18;0.00;TRUE STAR;642;G642;Galway;;Y;EIA3001;N;N;N;;;MO;;FPO, GNS, LHP;40.00;0.00;Fiber/Plastic;;2005-01-01;MFL;1987-01-01;;
IRL000I13922;;IRL;;;3.00;0.00;0.00;;7.66;0.00;GUARDIAN ANGEL;705;G705;Galway;;Y;EIEY4;N;N;N;;;MO;;GNS, FPO, LHP;15.00;0.00;Wood;;2008-06-25;MFL;2000-01-01;;
IRL000I13923;;IRL;;;0.85;0.00;0.00;;5.56;0.00;CARRIG DUBH;397;C397;Cork;;Y;EIEX3;N;N;N;;;MO;;FPO, LHP, GNS;6.60;0.00;Wood;;2008-06-25;MFL;1976-01-01;;2025-05-20
IRL000I13924;;IRL;;;3.06;0.00;0.00;;7.60;0.00;MARY CELINE;243;SO243;Sligo;;Y;EIDP6;N;N;N;;;DO;;DRB, NK;65.00;0.00;Fiber/Plastic;;2008-01-01;MFL;1986-01-01;;
IRL000I13925;;IRL;;;3.06;0.00;0.00;;7.60;0.00;FOYLE MIST;242;SO242;Sligo;;Y;EIDR3;N;N;N;;;DO;;DRB, NK;65.00;0.00;Fiber/Plastic;;2008-01-01;MFL;1988-01-01;;
IRL000I13926;;IRL;;;2.34;0.00;0.00;;7.50;0.00;AN DUN-ALT;245;SO245;Sligo;;Y;EI8585;N;N;N;;;MO;;GNS, FPO;7.39;0.00;Wood;;2006-07-01;MFL;2006-01-01;;
IRL000I13927;;IRL;;;1.91;0.00;0.00;;7.34;0.00;ARCTIC DAWN;83;DA83;Drogheda;;Y;EIFT6;N;N;N;;;WO;;DRB, FPO;18.70;0.00;Fiber/Plastic;;2008-01-01;MFL;1979-01-01;;
IRL000I13928;;IRL;;;2.18;0.00;0.00;;6.02;0.00;ARDAGH LASS;535;S535;Skibbereen;;Y;EIFM8;N;N;N;;;WO;;FPO, LHP;11.19;0.00;Fiber/Plastic;;2008-01-01;MFL;2000-01-01;;
IRL000I13929;;IRL;;;0.95;0.00;0.00;;4.80;0.00;TINA;83;WD83;;;Y;EI0609;N;N;N;;;LO;;LHP, NK;14.92;0.00;Fiber/Plastic;;2008-07-08;MFL;2001-01-01;;2009-04-15
IRL000I13930;;IRL;;;1.69;0.00;0.00;;6.10;0.00;MARY JOSEPHINE;95;DA95;;;Y;EIGC2;N;N;N;;;WO;;FPO, GNS;3.74;0.00;Fiber/Plastic;;1985-06-01;MFL;1985-01-01;;2014-12-22
IRL000I13931;;IRL;;;0.99;0.00;0.00;;4.99;0.00;CARRIG BREAN II;70;T70;Finland;;Y;EI7992;N;N;N;;;MO;;GNS, FPO;6.00;0.00;Fiber/Plastic;;2008-07-17;MFL;2002-01-01;;2013-05-15
IRL000I13932;;IRL;;;0.59;0.00;0.00;;4.87;0.00;CAILLEACH DUBH;283;WT283;Westport;;Y;EIJP7;N;N;N;;;MO;;DRB, GNS;1.47;0.00;Fiber/Plastic;;2008-07-17;MFL;2007-01-01;;
IRL000I13933;;IRL;;;2.31;0.00;0.00;;6.23;0.00;FRIENDSHIP;709;G709;Galway;;Y;EI8144;N;N;N;;;MO;;GNS, FPO;20.60;0.00;Fiber/Plastic;;2008-07-18;MFL;1993-01-01;;
IRL000I13934;;IRL;;;1.21;0.00;0.00;;5.66;0.00;STEPHANIE MARIA;710;G710;Galway;;Y;EIEK7;N;N;N;;;MO;;FPO, LHP, GNS;12.00;0.00;Fiber/Plastic;;2008-01-01;MFL;1995-01-01;;
IRL000I13935;;IRL;;;1.32;0.00;0.00;;5.85;0.00;BALLYHACK;252;WD252;Wexford;;Y;EIFG4;N;N;N;;;MO;;GND, GNS;7.30;0.00;Fiber/Plastic;;2008-07-01;MFL;2004-01-01;;
IRL000I13936;;IRL;;;3.37;0.00;0.00;;9.99;0.00;AN TIARLA;684;G684;United Kingdom;;Y;EI3278;N;N;N;;;WO;;FPO, GNS;26.00;0.00;Wood;;2007-01-01;MFL;1997-01-01;;2013-09-27
IRL000I13937;;IRL;;;4.40;0.00;0.00;;7.98;0.00;CNOCALOUGH;249;SO249;Sligo;;Y;EIEK6;N;N;N;;;DO;;DRB, NK;75.00;0.00;Fiber/Plastic;;2008-01-01;MFL;1991-01-01;;
IRL000I13938;;IRL;;;1.09;0.00;0.00;;5.19;0.00;DIARMAID MARI;536;S536;Cork;;Y;EIGA3;N;N;N;;;WO;;DRB, GNS;11.19;0.00;Fiber/Plastic;;2000-01-01;MFL;2000-01-01;;
IRL000I13939;;IRL;;;1.84;0.00;0.00;;6.08;0.00;AISLING II;713;G713;Galway;;Y;EIFM9;N;N;N;;;MO;;GNS, FPO;7.39;0.00;Fiber/Plastic;;2008-07-31;MFL;2008-01-01;;
IRL000I13940;;IRL;;;0.89;0.00;0.00;;4.99;0.00;EMER;714;G714;Galway;;Y;EIFU7;N;N;N;;;MO;;FPO, LHP, GNS;11.18;0.00;Fiber/Plastic;;2008-01-01;MFL;2005-01-01;;2019-03-01
IRL000I13941;;IRL;;;2.67;0.00;0.00;;8.00;0.00;LOCH GUILL;461;D461;;;Y;EI8638;N;N;N;;;MO;;FPO, GNS;9.71;0.00;Wood;;1990-10-01;MFL;1990-01-01;;2011-04-13
IRL000I13942;;IRL;;;2.03;0.00;0.00;;6.94;0.00;HELEN B;398;C398;Cork;;Y;EIFD9;N;N;N;;;WO;;OTM, GNS;20.00;0.00;Fiber/Plastic;;2008-08-06;MFL;1986-01-01;;2018-04-10
IRL000I13943;;IRL;;;1.82;0.00;0.00;;6.10;0.00;HOPE;715;G715;Galway;;Y;EIFL3;N;N;N;;;MO;;FPO, GNS, LHP, DRB;3.72;0.00;Fiber/Plastic;;2008-08-08;MFL;2004-01-01;;
IRL000I13944;;IRL;;;6.22;0.00;0.00;;11.10;0.00;AMY;691;G691;United Kingdom;;Y;EI8278;N;N;N;;;DO;;DRB, NK;89.53;0.00;Fiber/Plastic;;2008-01-01;MFL;1980-01-01;;2014-08-20
IRL000I13945;;IRL;;;2.10;0.00;0.00;;6.30;0.00;BRIDGET B;284;WT284;Westport;;Y;EIFK3;N;N;N;;;MO;;OTM, GNS, DRB, FPO, LHP;10.92;0.00;Fiber/Plastic;;2008-08-12;MFL;2000-01-01;;
IRL000I13946;;IRL;;;0.90;0.00;0.00;;4.86;0.00;CHLOE J;537;S537;Skibbereen;;Y;EIFS3;N;N;N;;;WO;;DRB, FPO, GNS, LHP;4.47;0.00;Fiber/Plastic;;2008-08-12;MFL;1995-01-01;;2025-03-25
IRL000I13947;;IRL;;;1.10;0.00;0.00;;5.57;0.00;SEAGULL;97;DA97;Drogheda;;Y;EIGM9;N;N;N;;;WO;;FPO, NK;2.60;0.00;Fiber/Plastic;;2008-06-07;MFL;2008-01-01;;
IRL000I13948;;IRL;;;2.55;0.00;0.00;;7.37;0.00;INBHEAR SCEINE II;534;S534;Skibbereen;;Y;EIFB6;N;N;N;;;MO;;DRB, GNS;35.80;0.00;Fiber/Plastic;;2008-01-01;MFL;2007-01-01;;
IRL000I13949;;IRL;;;0.85;0.00;0.00;;5.22;0.00;SOPHIE JACK;538;S538;;;Y;EIFY8;N;N;N;;;MO;;GNS, FPO;7.50;0.00;Fiber/Plastic;;2008-08-18;MFL;1996-01-01;;2013-10-17
IRL000I13950;;IRL;;;4.67;0.00;0.00;;7.95;0.00;NATALIE;275;WT275;;;Y;EIGJ2;N;N;N;;;MO;;LHP, GNC;40.00;0.00;Fiber/Plastic;;2008-08-18;MFL;2008-01-01;;2017-02-08
IRL000I13951;;IRL;;;2.51;0.00;0.00;;6.94;0.00;EMILY;293;W293;Waterford;;Y;EIEW7;N;N;N;;;MO;;GNS, FPO;12.00;0.00;Fiber/Plastic;;2008-01-01;MFL;1985-01-01;;
IRL000I13952;;IRL;;;0.82;0.00;0.00;;5.21;0.00;DAVY'S WAVE;540;S540;Skibbereen;;Y;EICO6;N;N;N;;;MO;;FPO, LHP;11.00;0.00;Fiber/Plastic;;2008-01-01;MFL;2003-01-01;;2019-07-25
IRL000I13953;;IRL;;;1.05;0.00;0.00;;5.70;0.00;KATIE H;539P;S539P;Skibbereen;;Y;EI2912;N;N;N;;;WO;;FPO, NK;11.17;0.00;Fiber/Plastic;;2008-08-22;MFL;1998-01-01;;
IRL000I13954;;IRL;;;2.33;0.00;0.00;;7.56;0.00;CATHERINE B;286;W286;Waterford;;Y;EIFE7;N;N;N;;;MO;;FPO, LHP, GNS;12.97;0.00;Fiber/Plastic;;2008-01-01;MFL;1977-01-01;;
IRL000I13955;;IRL;;;0.68;0.00;0.00;;4.60;0.00;SHANNON;399;C399;;;Y;EIGG3;N;N;N;;;MO;;GNS, FPO;4.00;0.00;Fiber/Plastic;;2008-01-01;MFL;1985-01-01;;2012-11-06
IRL000I13956;;IRL;;;0.96;0.00;0.00;;5.70;0.00;WEIR FISHER;292;W292;Waterford;;Y;EIFJ9;N;N;N;;;MO;;FPO, GNS;7.30;0.00;Wood;;2008-08-22;MFL;1991-01-01;;
IRL000I13957;;IRL;;;3.25;0.00;0.00;;7.70;0.00;PEBBLES;253;SO253;Sligo;;Y;EIGD6;N;N;N;;;DO;;DRB, NK;64.00;0.00;Fiber/Plastic;;2008-08-29;MFL;1995-01-01;;
IRL000I13958;;IRL;;;0.83;0.00;0.00;;6.96;0.00;CIARA MARIE;4P;T4P;Tralee;;Y;EI4137;N;N;N;;;WO;;FPO, NK;5.90;0.00;Fiber/Plastic;;2007-06-01;MFL;2007-01-01;;
IRL000I13959;;IRL;;;1.31;0.00;0.00;;6.05;0.00;YARROCK;12;T12;Tralee;;Y;EI8677;N;N;N;;;MO;;PS, OTB;11.37;0.00;Fiber/Plastic;;2006-06-01;MFL;2006-01-01;;
IRL000I13960;;IRL;;;0.92;0.00;0.00;;6.80;0.00;AN BAD BEAG;285;WT285;;;Y;EIGD3;N;N;N;;;MO;;FPO, GNS;7.44;0.00;Wood;;2008-05-10;MFL;2007-01-01;;2016-09-28
IRL000I13961;;IRL;;;2.25;0.00;0.00;;8.21;0.00;AINGEAL BAN;694P;D694P;Dublin;;Y;EIFS4;N;N;N;;;WO;;FPO, NK;160.00;0.00;Fiber/Plastic;;2008-09-09;MFL;1991-01-01;;
IRL000I13962;;IRL;;;0.81;0.00;0.00;;5.79;0.00;CUIG BUACHAILLI;21;S21;Skibbereen;;Y;EISC8;N;N;N;;;MO;;GTR, PTM, LHP, GNS, LNB, GND;2.98;0.00;Fiber/Plastic;;2008-09-11;MFL;2005-01-01;;2019-09-30
IRL000I13963;;IRL;;;1.54;0.00;0.00;;5.60;0.00;SEA PIPER;702;D702;;;Y;EI8617;N;N;N;;;MO;;FPO, GNS;13.32;0.00;Fiber/Plastic;;2008-01-01;MFL;1990-01-01;;2013-07-09
IRL000I13964;;IRL;;;0.88;0.00;0.00;;5.10;0.00;PRIDE OF DURSEY;48;S48;Skibbereen;;Y;EIFX3;N;N;N;;;MO;;LHP, GNS, GND, FPO;7.38;0.00;Fiber/Plastic;;2008-09-16;MFL;1983-01-01;;
IRL000I13965;;IRL;;;4.14;0.00;0.00;;9.31;0.00;KATIE AIDEEN;14A;T14A;Tralee;;Y;EIEE8;N;N;N;;;DO;;DRB, NK;104.30;0.00;Metal;;2008-09-16;AQU;1998-01-01;;
IRL000I13966;;IRL;;;1.77;0.00;0.00;;6.12;0.00;STAR;8A;T8A;Tralee;;Y;EIDW6;N;N;N;;;FX;;DRM, DRH;11.20;0.00;Fiber/Plastic;;2008-09-17;AQU;2004-01-01;;2024-07-22
IRL000I13967;;IRL;;;3.76;0.00;0.00;;7.72;0.00;MIDNIGHT STAR;288;WT288;Westport;;Y;EIGM2;N;N;N;;;DO;;DRB, NK;59.00;0.00;Fiber/Plastic;;2008-01-01;MFL;2000-01-01;;
IRL000I13968;;IRL;;;3.17;0.00;0.00;;7.98;0.00;ST ENDA;286;WT286;Westport;;Y;EIGM8;N;N;N;;;DO;;DRB, NK;30.00;0.00;Fiber/Plastic;;2008-01-01;MFL;1993-01-01;;
IRL000I13969;;IRL;;;0.96;0.00;0.00;;5.20;0.00;Dawn Hunter;287;WT287;Westport;;Y;EIGD8;N;N;N;;;GO;;GNS, FPO;11.18;0.00;Fiber/Plastic;;2008-09-22;MFL;2002-01-01;;
IRL000I13970;;IRL;;;3.15;0.00;0.00;;6.52;0.00;DEAN RICHARD;458;S458;;;Y;EI8489;N;N;N;;;FX;;OTM, DRB;3.73;0.00;Fiber/Plastic;;2008-09-25;MFL;2002-01-01;;2015-05-27
IRL000I13971;;IRL;;;0.96;0.00;0.00;;5.75;0.00;CYGNET;75;T75;Tralee;;Y;EIGQ4;N;N;N;;;MO;;FPO, LHP;5.96;0.00;Fiber/Plastic;;2008-10-07;MFL;1987-01-01;;
IRL000I13972;;IRL;;;0.61;0.00;0.00;;5.74;0.00;SARAH KATIE;289;WT289;Westport;;Y;EIGL5;N;N;N;;;WO;;FPO, GNS;3.70;0.00;Fiber/Plastic;;2008-10-15;MFL;2004-01-01;;
IRL000I13973;;IRL;;;1.16;0.00;0.00;;5.45;0.00;MARINER'S MATE;26;T26;Tralee;;Y;EIEQ3;N;N;N;;;MO;;DRB, GNS;11.17;0.00;Fiber/Plastic;;2008-10-20;MFL;1984-01-01;;
IRL000I13974;;IRL;;;0.57;0.00;0.00;;4.38;0.00;SORCHA;33A;T33A;Tralee;;Y;EIDZ9;N;N;N;;;DO;;DRB, NK;7.30;0.00;Fiber/Plastic;;2008-01-01;AQU;1985-01-01;;
IRL000I13975;;IRL;;;0.63;0.00;0.00;;5.18;0.00;SILE MAIREAD;718;G718;Galway;;Y;EIGT7;N;N;N;;;MO;;GNS, FPO;11.18;0.00;Fiber/Plastic;;2008-11-05;MFL;2002-01-01;;
IRL000I13976;;IRL;;;1.56;0.00;0.00;;5.82;0.00;SAMMY JOE;172;T172;Tralee;;Y;EIEM4;N;N;N;;;MO;;GNS, LHP, FPO;11.00;0.00;Fiber/Plastic;;2008-01-01;MFL;1995-01-01;;
IRL000I13977;;IRL;;;1.00;0.00;0.00;;5.85;0.00;VIKTORIA ELLIE;68A;T68A;Tralee;;Y;EI8382;N;N;N;;;DO;;DRB, NK;11.03;0.00;Fiber/Plastic;;2008-01-01;AQU;1998-01-01;;
IRL000I13978;;IRL;;;0.91;0.00;0.00;;5.26;0.00;MAGGIE T;67A;T67A;Tralee;;Y;EIED3;N;N;N;;;MO;;DRB, NK;14.70;0.00;Fiber/Plastic;;2008-11-06;AQU;2004-01-01;;
IRL000I13979;;IRL;;;0.97;0.00;0.00;;5.30;0.00;DOOKS OF HAZARD;56A;T56A;Tralee;;Y;EICJ2;N;N;N;;;FX;;DRB, NK;11.03;0.00;Fiber/Plastic;;2008-11-07;AQU;2004-01-01;;
IRL000I13980;;IRL;;;3.11;0.00;0.00;;7.46;0.00;MAIREAD II;262;SO262;Sligo;;Y;EIGU4;N;N;N;;;MO;;GNS, FPO;9.70;0.00;Fiber/Plastic;;1988-01-01;MFL;1988-01-01;;
IRL000I13981;;IRL;;;1.25;0.00;0.00;;5.03;0.00;LEANNE II;45;SO45;Sligo;;Y;EIA3187;N;N;N;;;MO;;GNS, FPO, LHP;4.00;0.00;Fiber/Plastic;;2008-01-01;MFL;2007-01-01;;
IRL000I13982;;IRL;;;1.38;0.00;0.00;;6.93;0.00;Isolda;270;G270;Galway;;Y;EIGK6;N;N;N;;;WO;;DRB, FPO;11.17;0.00;Wood;;2008-11-14;MFL;1993-01-01;;
IRL000I13983;;IRL;;;0.88;0.00;0.00;;4.95;0.00;Ebb Tide II;24;T24;Tralee;;Y;EIGR5;N;N;N;;;MO;;DRB, GNS;13.50;0.00;Fiber/Plastic;;2008-11-19;MFL;1995-01-01;;
IRL000I13984;;IRL;;;2.59;0.00;0.00;;6.35;0.00;PHOENIX;400;C400;;;Y;EIGT6;N;N;N;;;MO;;GNS, FPO;12.00;0.00;Fiber/Plastic;;2008-11-24;MFL;2001-01-01;;2016-10-17
IRL000I13985;;IRL;;;0.52;0.00;0.00;;5.00;0.00;JESSIE;290;WT290;Westport;;Y;EIHW5;N;N;N;;;MO;;DRB, GNS;4.00;0.00;Wood;;2008-11-27;MFL;2002-01-01;;
IRL000I13986;;IRL;;;0.88;0.00;0.00;;5.16;0.00;GLEESK BREEZE II;45;T45;Finland;;Y;EIGM3;N;N;N;;;MO;;GNS, FPO;7.40;0.00;Fiber/Plastic;;2008-12-04;MFL;2007-01-01;;2013-08-13
IRL000I13987;;IRL;;;4.70;0.00;0.00;;7.95;0.00;RYLENNA-C;243;WD243;Wexford;;Y;EIGO3;N;N;N;;;MO;;FPO, GNS, OTB, OTM, DRB, LHP;40.00;0.00;Fiber/Plastic;;2008-12-01;MFL;2008-01-01;;2021-03-31
IRL000I13988;;IRL;;;1.01;0.00;0.00;;6.10;0.00;CRAIG;719P;G719P;Galway;;Y;EIGD2;N;N;N;;;WO;;FPO, NK;29.80;0.00;Fiber/Plastic;;2008-01-01;MFL;1998-01-01;;
IRL000I13989;;IRL;;;5.31;0.00;0.00;;9.83;0.00;SKYE KATE;610;SO610;Sligo;;Y;EIA2642;N;N;N;;;MO;;DRB, GNS, FPO;41.11;0.00;Fiber/Plastic;;2008-12-15;MFL;1980-01-01;;
IRL000I13990;;IRL;;;1.15;0.00;0.00;;5.77;0.00;MATTHEW;263;SO263;;;Y;EIGS3;N;N;N;;;MO;;OTM, OTB;5.97;0.00;Wood;;1991-06-01;MFL;1991-01-01;;2012-04-10
IRL000I13991;;IRL;;;0.96;0.00;0.00;;5.21;0.00;BLUE LAGOON;28;T28;Tralee;;Y;EIGI8;N;N;N;;;MO;;GNS, FPO;3.70;0.00;Fiber/Plastic;;2008-01-01;MFL;1995-01-01;;
IRL000I13992;;IRL;;;3.89;0.00;0.00;;9.89;0.00;SILE MAY II;725;G725;Galway;;Y;EIGT9;N;N;N;;;MO;;DRB, LHP, LNB, FPO, GNS;22.91;0.00;Wood;;2009-01-14;MFL;1980-01-01;;2021-03-24
IRL000I13993;;IRL;;;4.94;0.00;0.00;;10.24;0.00;LADY BARBARA;726;G726;Galway;;Y;EIEI9;N;N;N;;;MO;;FPO, GNS;21.00;0.00;Wood;;2009-01-01;MFL;1978-01-01;;
IRL000I13994;;IRL;;;2.08;0.00;0.00;;7.45;0.00;ENDURANCE;254;WD254;;;Y;EIER4;N;N;N;;;DO;;HMD, DRB;14.70;0.00;Metal;;1987-07-01;MFL;1987-01-01;;2011-10-03
IRL000I13995;;IRL;;;0.69;0.00;0.00;;4.88;0.00;GIRL KATHLEEN;267;SO267;Sligo;;Y;EIGZ5;N;N;N;;;MO;;GNS, FPO;3.73;0.00;Fiber/Plastic;;2009-01-29;MFL;2003-01-01;;
IRL000I13996;;IRL;;;1.00;0.00;0.00;;4.95;0.00;RENOWN;309;SO309;Sligo;;Y;EIGP5;N;N;N;;;MO;;GNC, OTM, GNS, LHP, FPO;19.46;0.00;Fiber/Plastic;;1996-07-01;MFL;1996-01-01;;2024-06-17
IRL000I13997;;IRL;;;1.42;0.00;0.00;;5.90;0.00;SEAMROG;292P;WT292P;;;Y;EIEM9;N;N;N;;;WO;;FPO, NK;14.00;0.00;Fiber/Plastic;;1991-01-01;MFL;1990-01-01;;2013-12-23
IRL000I13998;;IRL;;;1.00;0.00;0.00;;5.72;0.00;BLUE FIN III;545;S545;Skibbereen;;Y;EIGU6;N;N;N;;;MO;;GNS, LHP, FPO;18.40;0.00;Fiber/Plastic;;2009-01-01;MFL;2008-01-01;;2021-03-01
IRL000I13999;;IRL;;;0.87;0.00;0.00;;5.80;0.00;AN DREOILIN;727A;G727A;Galway;;Y;EIEX7;N;N;N;;;DO;;DRB, NK;11.18;0.00;Wood;;2009-02-04;AQU;1996-01-01;;2024-11-07
IRL000I14000;;IRL;;;1.49;0.00;0.00;;4.91;0.00;SEDNA II;270;SO270;;;Y;EIHB9;N;N;N;;;MO;;OTM, DRB;15.49;0.00;Fiber/Plastic;;2009-02-06;MFL;1982-01-01;;2012-10-10
IRL000I14001;;IRL;;;1.34;0.00;0.00;;6.00;0.00;PYTHON;703;D703;Dublin;;Y;EIGS8;N;N;N;;;WO;;GNS, FPO, LHP;7.50;0.00;Fiber/Plastic;;2009-02-06;MFL;2003-01-01;;2020-11-13
IRL000I14002;;IRL;;;3.88;0.00;0.00;;8.08;0.00;SEAGAL;295A;WT295A;Westport;;Y;EIFN2;N;N;N;;;DO;;DRB, NK;59.70;0.00;Fiber/Plastic;;2009-01-01;AQU;1990-01-01;;
IRL000I14003;;IRL;;;1.19;0.00;0.00;;5.29;0.00;SHELLY II;57A;T57A;Tralee;;Y;EIGP9;N;N;N;;;DO;;DRB, NK;11.20;0.00;Fiber/Plastic;;1988-01-01;AQU;1988-01-01;;
IRL000I14004;;IRL;;;0.60;0.00;0.00;;5.51;0.00;KYLE OWEN;293;WT293;Westport;;Y;EIHA7;N;N;N;;;WO;;FPO, DRB, LHP, GNS;1.90;0.00;Wood;;2009-02-12;MFL;2008-01-01;;
IRL000I14005;;IRL;;;4.81;0.00;0.00;;9.18;0.00;MOLLY'S QUEST;94;DA94;Drogheda;;Y;EIGN9;N;N;N;;;DO;;DRB, NK;44.00;0.00;Metal;;2009-02-12;MFL;1985-01-01;;
IRL000I14006;;IRL;;;0.50;0.00;0.00;;4.94;0.00;Bernie Patricia;294;WT294;Westport;;Y;EIGW3;N;N;N;;;WO;;GNS, FPO;4.50;0.00;Wood;;2009-02-12;MFL;2000-01-01;;
IRL000I14007;;IRL;;;1.86;0.00;0.00;;7.04;0.00;JULIA MARY;675;S675;Skibbereen;;Y;EISA8;N;N;N;;;MO;;GNS, LHP;18.00;0.00;Fiber/Plastic;;2005-01-01;MFL;2005-01-01;;
IRL000I14008;;IRL;;;0.92;0.00;0.00;;4.93;0.00;St Therese;269;SO269;Sligo;;Y;EIDF9;N;N;N;;;MO;;GNS, FPO;3.73;0.00;Fiber/Plastic;;2009-02-16;MFL;2002-01-01;;
IRL000I14009;;IRL;;;18.85;0.00;0.00;;12.45;0.00;BOY LEO;344;WD344;Wexford;;Y;EIGZ7;Y;Y;N;;;WO;;FPO, GNS, DRB;89.00;0.00;Metal;;2009-01-01;MFL;2005-01-01;;2024-05-10
IRL000I14010;;IRL;;;0.83;0.00;0.00;;5.26;0.00;GRAEME;294;W294;Waterford;;Y;EI8046;N;N;N;;;MO;;FPO, GNS, LHP;7.39;0.00;Fiber/Plastic;;2009-01-01;MFL;1996-01-01;;
IRL000I14011;;IRL;;;1.80;0.00;0.00;;6.00;0.00;CAITLIN;28;DK28;Dundalk;;Y;EIGR2;N;N;N;;;WO;;FPO, NK;13.40;0.00;Fiber/Plastic;;2009-02-17;MFL;1989-01-01;;
IRL000I14012;;IRL;;;3.03;0.00;0.00;;8.97;0.00;THE KATE MARIE;716A;G716A;United Kingdom;;Y;EI8933;N;N;N;;;DO;;DRB, NK;33.50;0.00;Wood;;2009-01-01;AQU;1970-01-01;;2016-07-29
IRL000I14013;;IRL;;;0.92;0.00;0.00;;4.95;0.00;OLIVIA M;30;T30;Tralee;;Y;EIHA2;N;N;N;;;MO;;LNB, GNS;7.40;0.00;Fiber/Plastic;;2009-02-18;MFL;1998-01-01;;
IRL000I14014;;IRL;;;1.22;0.00;0.00;;5.86;0.00;LOCH GARBH;276;SO276;Sligo;;Y;EIGX9;N;N;N;;;MO;;DRB, FPO, GNS;8.98;0.00;Fiber/Plastic;;2009-01-01;MFL;1993-01-01;;
IRL000I14015;;IRL;;;1.83;0.00;0.00;;6.12;0.00;ST JOHN II;787;G787;Galway;;Y;EI8436;N;N;N;;;WO;;FPO, LHP;18.50;0.00;Fiber/Plastic;;2009-01-01;MFL;2005-01-01;;
IRL000I14016;;IRL;;;0.62;0.00;0.00;;5.70;0.00;PORTOON PRINCESS;296;WT296;Westport;;Y;EIFK8;N;N;N;;;MO;;FPO, GNS;5.97;0.00;Wood;;2009-01-01;MFL;1986-01-01;;
IRL000I14017;;IRL;;;0.81;0.00;0.00;;5.53;0.00;RUNNER;704;D704;Dublin;;Y;EIGZ6;N;N;N;;;MO;;LHP, DRB;4.40;0.00;Fiber/Plastic;;2009-01-01;MFL;2008-01-01;;
IRL000I14018;;IRL;;;1.55;0.00;0.00;;7.35;0.00;Saula Star;297;WT297;Westport;;Y;EIHC5;N;N;N;;;MO;;DRB, LNB;6.00;0.00;Fiber/Plastic;;1994-01-01;MFL;1994-01-01;;
IRL000I14019;;IRL;;;8.08;0.00;0.00;;10.77;0.00;RACHEL MICHELLE;298;WT298;;;Y;EI8700;N;N;N;;;MO;;GNS, FPO;50.00;0.00;Wood;;2009-03-09;MFL;2000-01-01;;2016-06-12
IRL000I14020;;IRL;;;0.95;0.00;0.00;;7.10;0.00;MARGUERITTE;277;SO277;Sligo;;Y;EIHA4;N;N;N;;;MO;;OTM, GNS;7.39;0.00;Fiber/Plastic;;1996-07-01;MFL;1996-01-01;;
IRL000I14021;;IRL;;;0.67;0.00;0.00;;4.85;0.00;JOANNE;279;SO279;Sligo;;Y;EI8959;N;N;N;;;MO;;GNS, FPO, OTM, LHP;3.73;0.00;Fiber/Plastic;;2009-03-12;MFL;2007-01-01;;2020-03-18
IRL000I14022;;IRL;;;0.70;0.00;0.00;;4.91;0.00;SOVEREIGN ISLES;403;C403;Cork;;Y;EIGW6;N;N;N;;;LO;;FPO, LHP;4.50;0.00;Fiber/Plastic;;2009-01-01;MFL;1998-01-01;;
IRL000I14023;;IRL;;;0.90;0.00;0.00;;5.64;0.00;ILEN QUEEN;543;S543;Skibbereen;;Y;EIGH6;N;N;N;;;MO;;DRB, GNS, FPO, LHP;15.00;0.00;Fiber/Plastic;;2009-03-16;MFL;2006-01-01;;
IRL000I14024;;IRL;;;1.09;0.00;0.00;;5.19;0.00;GIRL SADIE;544;S544;Skibbereen;;Y;EIGN5;N;N;N;;;MO;;DRB, GNS;4.40;0.00;Fiber/Plastic;;2009-01-01;MFL;2007-01-01;;
IRL000I14025;;IRL;;;0.98;0.00;0.00;;5.27;0.00;CLEE-OR;128;S128;Skibbereen;;Y;EIHD5;N;N;N;;;MO;;PS, OTM;11.00;0.00;Fiber/Plastic;;2009-01-01;MFL;2008-01-01;;
IRL000I14026;;IRL;;;0.73;0.00;0.00;;5.12;0.00;BLUE WATERS;219;S219;Skibbereen;;Y;EIGJ5;N;N;N;;;MO;;GNS, FPO;2.98;0.00;Fiber/Plastic;;2009-03-24;MFL;1990-01-01;;
IRL000I14027;;IRL;;;1.36;0.00;0.00;;6.47;0.00;LAURA C;729P;G729P;Galway;;Y;EIGU5;N;N;N;;;WO;;FPO, NK;7.38;0.00;Fiber/Plastic;;2009-01-01;MFL;2004-01-01;;
IRL000I14028;;IRL;;;0.58;0.00;0.00;;5.52;0.00;LUCKY LADY;731;G731;United Kingdom;;Y;EIGV6;N;N;N;;;MO;;FPO, LNB;6.00;0.00;Fiber/Plastic;;2009-01-01;MFL;2005-01-01;;2015-05-15
IRL000I14029;;IRL;;;1.31;0.00;0.00;;6.44;0.00;TRIONA;730P;G730P;Galway;;Y;EICI7;N;N;N;;;WO;;FPO, NK;37.30;0.00;Wood;;2009-02-17;MFL;2007-01-01;;
IRL000I14030;;IRL;;;0.60;0.00;0.00;;5.50;0.00;GIRL LEAH;300;WT300;Westport;;Y;EIHK2;N;N;N;;;WO;;GNS, FPO, LHP;3.00;0.00;Wood;;2009-01-01;MFL;2008-01-01;;
IRL000I14031;;IRL;;;0.68;0.00;0.00;;4.79;0.00;OSPREY;39P;L39P;Finland;;Y;EIGZ2;N;N;N;;;WO;;FPO, NK;5.96;0.00;Fiber/Plastic;;2009-01-01;MFL;2006-01-01;;2016-10-21
IRL000I14032;;IRL;;;0.51;0.00;0.00;;4.32;0.00;SHRIMP;256;WD256;Wexford;;Y;EIHF6;N;N;N;;;WO;;GNS, LHP;3.70;0.00;Fiber/Plastic;;2009-04-03;MFL;1999-01-01;;
IRL000I14033;;IRL;;;4.21;0.00;0.00;;8.24;0.00;JOSH ROZA;78A;T78A;Tralee;;Y;EIGO2;N;N;N;;;DO;;DRB, NK;89.00;0.00;Fiber/Plastic;;2009-01-01;AQU;1985-01-01;;
IRL000I14034;;IRL;;;2.63;0.00;0.00;;8.49;0.00;FAIRWINDS;404P;C404P;;;Y;EIEZ3;N;N;N;;;MO;;FPO, NK;31.00;0.00;Wood;;2009-04-03;MFL;1965-01-01;;2014-07-03
IRL000I14035;;IRL;;;1.20;0.00;0.00;;5.68;0.00;DILLON D;280;SO280;Sligo;;Y;EIFH3;N;N;N;;;MO;;GNS, LHP, FPO;3.73;0.00;Fiber/Plastic;;2009-01-01;MFL;1995-01-01;;
IRL000I14036;;IRL;;;1.54;0.00;0.00;;7.42;0.00;KARA LOUISE;735;G735;United Kingdom;;Y;EIHG6;N;N;N;;;MO;;FPO, LHP;60.00;0.00;Fiber/Plastic;;2009-01-01;MFL;1995-01-01;;2017-07-10
IRL000I14037;;IRL;;;0.79;0.00;0.00;;5.20;0.00;MIS TRES FLORES;302;WT302;Westport;;Y;EIHH4;N;N;N;;;MO;;DRB, GNS;5.00;0.00;Fiber/Plastic;;1990-07-01;MFL;1990-01-01;;
IRL000I14038;;IRL;;;0.80;0.00;0.00;;5.79;0.00;CUL TRA;253;WT253;;;Y;EIHF4;N;N;N;;;MO;;DRB, GNS;4.47;0.00;Wood;;2009-05-01;MFL;2008-01-01;;2016-11-14
IRL000I14039;;IRL;;;5.27;0.00;0.00;;9.98;0.00;DEIRDRE;301;WT301;;;Y;EIAJ8;N;N;N;;;WO;;GNS, FPO;37.50;0.00;Wood;;2009-05-11;MFL;1982-01-01;;2011-01-31
IRL000I14040;;IRL;;;0.80;0.00;0.00;;4.86;0.00;CULLY;258;WD258;Wexford;;Y;EIHU7;N;N;N;;;MO;;FPO, LHP;3.70;0.00;Fiber/Plastic;;2009-01-01;MFL;1998-01-01;;
IRL000I14041;;IRL;;;1.00;0.00;0.00;;5.90;0.00;DEAN LEANNE;296;W296;Waterford;;Y;EI8980;N;N;N;;;MO;;GNS, FPO;5.88;0.00;Wood;;2009-05-08;MFL;1985-01-01;2014-09-26;
IRL000I14042;;IRL;;;0.82;0.00;0.00;;5.25;0.00;BOY CIARAN;259;WD259;;;Y;EI5684;N;N;N;;;MO;;LHP, FPO;3.00;0.00;Fiber/Plastic;;2009-05-08;MFL;2000-01-01;;2015-05-11
IRL000I14043;;IRL;;;2.37;0.00;0.00;;8.03;0.00;BROTHERLY LOVE II;641;SO641;Sligo;;Y;EI4695;N;N;N;;;MO;;GNS, LHP, FPO;29.84;0.00;Fiber/Plastic;;2009-05-11;MFL;1985-01-01;;
IRL000I14044;;IRL;;;0.70;0.00;0.00;;5.33;0.00;BRIDGET ANNE;377;S377;Skibbereen;;Y;EI8884;N;N;N;;;MO;;FPO, LHP;7.38;0.00;Fiber/Plastic;;2006-01-01;MFL;2003-01-01;;
IRL000I14045;;IRL;;;0.75;0.00;0.00;;5.71;0.00;NIXIE;546;S546;;;Y;EIHF3;N;N;N;;;LO;;LHP, NK;37.30;0.00;Aluminium;;2009-01-01;MFL;2001-01-01;;2013-01-08
IRL000I14046;;IRL;;;1.71;0.00;0.00;;5.91;0.00;SUMAR;291;W291;Waterford;;Y;EIHJ3;N;N;N;;;MO;;GNS, FPO;7.00;0.00;Fiber/Plastic;;2009-01-01;MFL;1994-01-01;;
IRL000I14047;;IRL;;;0.80;0.00;0.00;;5.72;0.00;LITTLE LADS;122;T122;Tralee;;Y;EIEF4;N;N;N;;;MO;;DRB, FPO, LHP;11.17;3.73;Fiber/Plastic;;2009-01-01;MFL;2009-01-01;;2023-02-03
IRL000I14048;;IRL;;;3.47;0.00;0.00;;9.21;0.00;JULIA-PADDY;71;DK71;Dundalk;;Y;EIGX2;N;N;N;;;MO;;OTM, FPO;25.00;0.00;Fiber/Plastic;;2009-01-01;MFL;1985-01-01;;
IRL000I14049;;IRL;;;2.20;0.00;0.00;;6.47;0.00;CHLOE O;547;S547;Skibbereen;;Y;EIHE3;N;N;N;;;LO;;LHP, GNS;7.00;0.00;Fiber/Plastic;;2009-01-01;MFL;1998-01-01;;2020-01-07
IRL000I14050;;IRL;;;0.62;0.00;0.00;;5.66;0.00;JOEY;738;G738;Galway;;Y;EIHD3;N;N;N;;;MO;;GNS, FPO, LHP;4.50;0.00;Fiber/Plastic;;2009-05-25;MFL;2001-01-01;;2023-08-17
IRL000I14051;;IRL;;;1.35;0.00;0.00;;6.00;0.00;AEIDIN;737A;G737A;Galway;;Y;EIGW9;N;N;N;;;DO;;DRB, NK;9.70;0.00;Wood;;2009-01-01;AQU;1985-01-01;;
IRL000I14052;;IRL;;;0.51;0.00;0.00;;5.00;0.00;BROADHAVEN QUEEN;304;WT304;Westport;;Y;EIHQ2;N;N;N;;;MO;;DRB, GNS;2.00;0.00;Wood;;2009-01-01;MFL;2003-01-01;;
IRL000I14053;;IRL;;;0.60;0.00;0.00;;5.50;0.00;MICHEAL OG;306;WT306;Westport;;Y;EIHS3;N;N;N;;;MO;;DRB, GNS;1.90;0.00;Wood;;2009-01-01;MFL;2003-01-01;;
IRL000I14054;;IRL;;;0.62;0.00;0.00;;5.44;0.00;DTONNTA MORA;305;WT305;Westport;;Y;EIHM2;N;N;N;;;WO;;GNS, FPO;4.00;0.00;Wood;;2009-06-04;MFL;2001-01-01;;
IRL000I14055;;IRL;;;0.71;0.00;0.00;;5.06;0.00;PADDYS DAY II;529P;T529P;Sligo;;Y;EIHG3;N;N;N;;;WO;;FPO, NK;11.17;0.00;Fiber/Plastic;;2009-01-01;MFL;2007-01-01;;
IRL000I14056;;IRL;;;3.03;0.00;0.00;;7.88;0.00;ROISIN DUBH;549;S549;Skibbereen;;Y;EIHD2;N;N;N;;;MO;;DRB, GNS;18.00;0.00;Fiber/Plastic;;2009-06-15;MFL;2007-01-01;;
IRL000I14057;;IRL;;;1.09;0.00;0.00;;5.80;0.00;EVE;405;C405;Cork;;Y;EI3935;N;N;N;;;MO;;FPO, GNS;11.20;0.00;Fiber/Plastic;;2009-06-15;MFL;2002-01-01;;2018-06-11
IRL000I14058;;IRL;;;1.52;0.00;0.00;;6.03;0.00;EVENING STAR II;739;G739;Galway;;Y;EI3022;N;N;N;;;WO;;FPO, GNS;12.68;0.00;Fiber/Plastic;;2009-01-01;MFL;2006-01-01;;
IRL000I14059;;IRL;;;0.79;0.00;0.00;;5.60;0.00;SEA STAR;343P;C343P;Cork;;Y;EI5169;N;N;N;;;MO;;FPO, NK;11.00;0.00;Fiber/Plastic;;2009-06-19;MFL;2000-01-01;;
IRL000I14060;;IRL;;;1.19;0.00;0.00;;5.81;0.00;CUAN NA GCEALL;489;T489;Tralee;;Y;EI7529;N;N;N;;;WO;;GNS, FPO;29.50;0.00;Fiber/Plastic;;2009-01-01;MFL;2002-01-01;;
IRL000I14061;;IRL;;;1.83;0.00;0.00;;6.50;0.00;MAIREAD;473;G473;Galway;;Y;EI7860;N;N;N;;;MO;;GNS, FPO;9.32;0.00;Wood;;1981-01-01;MFL;1981-01-01;;
IRL000I14062;;IRL;;;1.00;0.00;0.00;;4.85;0.00;EMILY JANE;299;W299;;;Y;EIHX5;N;N;N;;;MO;;GNS, FPO;4.40;0.00;Fiber/Plastic;;2009-01-01;MFL;2004-01-01;;2011-05-26
IRL000I14063;;IRL;;;0.53;0.00;0.00;;5.50;0.00;AVA RUTH;307;WT307;Westport;;Y;EIHP9;N;N;N;;;WO;;GNS, FPO;6.00;0.00;Wood;;2009-01-01;MFL;1970-01-01;;
IRL000I14064;;IRL;;;0.90;0.00;0.00;;6.90;0.00;CHLOE ROSE;3;W3;;;Y;EIHY6;N;N;N;;;MO;;FPO, OTB;29.80;0.00;Fiber/Plastic;;2009-07-01;MFL;2009-01-01;;2011-03-11
IRL000I14065;;IRL;;;0.76;0.00;0.00;;5.25;0.00;SYCORAX;82;S82;Skibbereen;;Y;EIIG2;N;N;N;;;WO;;FPO, NK;4.48;0.00;Fiber/Plastic;;2009-01-01;MFL;2001-01-01;;2020-07-13
IRL000I14066;;IRL;;;1.31;0.00;0.00;;5.60;0.00;OLD PAL;281;SO281;Sligo;;Y;EIHI5;N;N;N;;;MO;;DRB, GNS;7.45;0.00;Fiber/Plastic;;2009-01-01;MFL;2002-01-01;;
IRL000I14067;;IRL;;;0.65;0.00;0.00;;5.20;0.00;IYA BEE;308;WT308;Westport;;Y;EIHY8;N;N;N;;;MO;;GNS, FPO;7.30;0.00;Fiber/Plastic;;2009-07-22;MFL;2008-01-01;;
IRL000I14068;;IRL;;;1.21;0.00;0.00;;6.86;0.00;AN DOL;740;G740;Galway;;Y;EINR8;N;N;N;;;WO;;FPO, LHP;11.19;0.00;Fiber/Plastic;;2009-07-22;MFL;2008-01-01;;
IRL000I14069;;IRL;;;2.04;0.00;0.00;;6.27;0.00;THREE BOYS;269;T269;Tralee;;Y;EIID4;N;N;N;;;MO;;DRB, GNS;30.00;0.00;Fiber/Plastic;;2009-07-24;MFL;2009-01-01;;
IRL000I14070;;IRL;;;8.50;0.00;0.00;;9.92;0.00;ATLANTIC FREEDOM;78;S78;Skibbereen;;Y;EIGE2;N;N;N;;;MO;;OTM, OTB;135.00;0.00;Fiber/Plastic;;2009-07-24;MFL;2009-01-01;;
IRL000I14071;;IRL;;;0.44;0.00;0.00;;5.40;0.00;PORTAIN;741;G741;Galway;;Y;EIHO3;N;N;N;;;MO;;GNS, GTR, LHP, FPO;2.96;0.00;Wood;;2009-07-27;MFL;2006-01-01;;2024-07-25
IRL000I14072;;IRL;;;1.30;0.00;0.00;;5.50;0.00;KELLY;298;W298;;;Y;EIHQ7;N;N;N;;;MO;;GNS, FPO;4.00;0.00;Fiber/Plastic;;2009-07-27;MFL;1989-01-01;;2016-01-26
IRL000I14073;;IRL;;;0.82;0.00;0.00;;5.17;0.00;CATRIONA L;552;S552;Skibbereen;;Y;EIHU5;N;N;N;;;MO;;FPO, LHP;3.00;0.00;Fiber/Plastic;;2009-08-05;MFL;1990-01-01;;
IRL000I14074;;IRL;;;1.52;0.00;0.00;;6.03;0.00;Aspire;84;S84;Skibbereen;;Y;EIIL5;N;N;N;;;GO;;GNS, FPO;11.18;0.00;Fiber/Plastic;;2009-08-06;MFL;2006-01-01;;
IRL000I14075;;IRL;;;0.76;0.00;0.00;;4.89;0.00;LOSS MAKER;551;S551;Skibbereen;;Y;EIHB2;N;N;N;;;MO;;FPO, GNS;3.70;0.00;Other;;2009-01-01;MFL;1980-01-01;;
IRL000I14076;;IRL;;;0.63;0.00;0.00;;4.85;0.00;LITTLE TERN;301;W301;Waterford;;Y;EIIO9;N;N;N;;;MO;;LHP, FPO;3.63;0.00;Fiber/Plastic;;2009-01-01;MFL;1998-01-01;;
IRL000I14077;;IRL;;;267.00;0.00;0.00;;27.36;0.00;OCEAN VENTURE II;121;S121;Skibbereen;;Y;EIHL3;Y;Y;Y;9515864;;TO;;OTM, OTB;662.00;397.00;Metal;;2009-01-01;MFL;2008-01-01;;
IRL000I14078;;IRL;;;1.91;0.00;0.00;;6.38;0.00;DUN AENGUS;742;G742;United Kingdom;;Y;EIHE4;N;N;N;;;WO;;FPO, GNS;14.80;0.00;Fiber/Plastic;;2009-08-01;MFL;1985-01-01;;2014-11-24
IRL000I14079;;IRL;;;1.14;0.00;0.00;;5.81;0.00;DEJA VU;409;C409;;;Y;EIIG3;N;N;N;;;MO;;GNS, FPO;7.30;0.00;Fiber/Plastic;;2009-08-28;MFL;2009-01-01;;2012-01-23
IRL000I14080;;IRL;;;0.87;0.00;0.00;;4.92;0.00;KATIE;68;S68;Skibbereen;;Y;EIHX4;N;N;N;;;MO;;FPO, LHP, GNS;3.70;0.00;Fiber/Plastic;;2009-01-01;MFL;1985-01-01;;
IRL000I14081;;IRL;;;4.96;0.00;0.00;;8.68;0.00;SHANIE BOY;101;DA101;Drogheda;;Y;EIHX6;N;N;N;;;DO;;DRB, NK;20.00;0.00;Metal;;2009-09-04;MFL;1985-01-01;2018-07-05;
IRL000I14082;;IRL;;;3.07;0.00;0.00;;7.70;0.00;LILY CARTER;282;SO282;Sligo;;Y;EIGP3;N;N;N;;;DO;;DRB, NK;48.75;0.00;Fiber/Plastic;;2009-01-01;MFL;1992-01-01;;
IRL000I14083;;IRL;;;0.80;0.00;0.00;;5.70;0.00;AINE TREASA;408P;C408P;Cork;;Y;EI8036;N;N;N;;;MO;;FPO, NK;3.70;0.00;Fiber/Plastic;;2001-01-30;MFL;2001-01-01;;
IRL000I14084;;IRL;;;0.80;0.00;0.00;;6.00;0.00;CRUADAN;743;G743;Galway;;Y;EIGC7;N;N;N;;;WO;;GNS, LHP, FPO;5.96;0.00;Wood;;2009-09-18;MFL;2004-01-01;;2021-05-26
IRL000I14085;;IRL;;;2.31;0.00;0.00;;6.22;0.00;AIRDMHOIR;302;W302;Waterford;;Y;EIHP6;N;N;N;;;MO;;GNS, FPO;4.50;0.00;Fiber/Plastic;;2009-09-18;MFL;1995-01-01;;
IRL000I14086;;IRL;;;1.61;0.00;0.00;;5.90;0.00;TURK HEAD LASS;553;S553;Skibbereen;;Y;EIIJ3;N;N;N;;;MO;;DRB, GNS;14.92;0.00;Fiber/Plastic;;2009-01-01;MFL;2000-01-01;;
IRL000I14087;;IRL;;;1.05;0.00;0.00;;5.79;0.00;STAR OF NICHOLAS;745;G745;Galway;;Y;EIIH6;N;N;N;;;WO;;DRB, FPO;10.00;0.00;Fiber/Plastic;;2009-09-22;MFL;2008-01-01;;
IRL000I14088;;IRL;;;3.47;0.00;0.00;;9.80;0.00;BEAL FEIRISTE;748A;G748A;United Kingdom;;Y;EIIH3;N;N;N;;;DO;;DRB, NK;59.20;0.00;Wood;;2009-01-01;AQU;1960-01-01;;2017-04-21
IRL000I14089;;IRL;;;3.26;0.00;0.00;;7.54;0.00;NORTHWESTERN I;263;WD263;Wexford;;Y;EIIR2;N;N;N;;;MO;;FPO, OTB;20.00;0.00;Fiber/Plastic;;2009-01-01;MFL;2008-01-01;;
IRL000I14090;;IRL;;;0.92;0.00;0.00;;5.90;0.00;BEALACHALAIDH;744P;G744P;Galway;;Y;EIHG5;N;N;N;;;WO;;FPO, NK;11.19;0.00;Wood;;2009-09-25;MFL;1990-01-01;;
IRL000I14091;;IRL;;;3.26;0.00;0.00;;9.75;0.00;KATSHA;554;S554;Skibbereen;;Y;EI3368;N;N;N;;;MO;;OTM, GNS;38.00;0.00;Fiber/Plastic;;2009-10-05;MFL;1974-01-01;;2018-01-10
IRL000I14092;;IRL;;;0.84;0.00;0.00;;5.18;0.00;BEAL NA TRA;276;S276;Skibbereen;;Y;EIHE9;N;N;N;;;WO;;FPO, LHP;7.38;0.00;Fiber/Plastic;;2009-01-01;MFL;2002-01-01;;
IRL000I14093;;IRL;;;4.40;0.00;0.00;;9.92;0.00;BOY CONOR;295;W295;Waterford;;Y;EIHS4;N;N;N;;;MO;;GNS, FPO;60.00;0.00;Fiber/Plastic;;2009-10-01;MFL;2009-07-14;;
IRL000I14094;;IRL;;;1.04;0.00;0.00;;5.54;0.00;WINTER FISHER;38A;T38A;Tralee;;Y;EIGQ5;N;N;N;;;DO;;DRB, NK;11.19;0.00;Fiber/Plastic;;2009-01-01;AQU;1999-01-01;;
IRL000I14095;;IRL;;;1.96;0.00;0.00;;5.99;0.00;GREY SEAL;48A;T48A;Tralee;;Y;EIDL3;N;N;N;;;DO;;DRB, NK;22.50;0.00;Fiber/Plastic;;2009-01-01;AQU;2000-01-01;;2024-05-21
IRL000I14096;;IRL;;;1.22;0.00;0.00;;5.60;0.00;BEAL BEAG;746P;G746P;Galway;;Y;EIHO4;N;N;N;;;WO;;FPO, NK;18.50;0.00;Fiber/Plastic;;2009-01-01;MFL;1998-01-01;;
IRL000I14097;;IRL;;;0.66;0.00;0.00;;5.13;0.00;GERDIE;309;WT309;;;Y;EIIN9;N;N;N;;;MO;;GNS, FPO;3.73;0.00;Fiber/Plastic;;2009-10-12;MFL;2008-01-01;;2013-07-18
IRL000I14098;;IRL;;;0.49;0.00;0.00;;5.46;0.00;JIMME;747;G747;United Kingdom;;Y;EI8720;N;N;N;;;WO;;GNS, FPO;3.35;0.00;Wood;;2009-10-15;MFL;1940-01-01;;2017-11-30
IRL000I14099;;IRL;;;1.53;0.00;0.00;;6.99;0.00;CLIONA;732A;G732A;Galway;;Y;EIGH8;N;N;N;;;DO;;DRB, NK;14.90;0.00;Wood;;2009-10-16;AQU;2000-01-01;;
IRL000I14100;;IRL;;;0.74;0.00;0.00;;4.95;0.00;ALISON JESSAMY;519P;G519P;Galway;;Y;EIA4618;N;N;N;;;WO;;FPO, NK;7.39;0.00;Fiber/Plastic;;2009-10-16;MFL;2006-01-01;;
IRL000I14101;;IRL;;;1.70;0.00;0.00;;9.56;0.00;BOY JOSHBERT;443;C443;Cork;;Y;EIA3085;N;N;N;;;MO;;FPO, OTM, TBB, LHP, GNS;14.92;0.00;Fiber/Plastic;;2009-10-01;MFL;2009-01-01;;
IRL000I14102;;IRL;;;1.35;0.00;0.00;;6.17;0.00;BOY AODHAN;544P;G544P;Galway;;Y;EIIU7;N;N;N;;;WO;;FPO, NK;18.63;0.00;Fiber/Plastic;;2009-10-22;MFL;2004-01-01;;
IRL000I14103;;IRL;;;2.23;0.00;0.00;;6.60;0.00;SPIRIT OF ROSS;310A;WT310A;Westport;;Y;EIHA5;N;N;N;;;DO;;DRB, NK;29.80;0.00;Fiber/Plastic;;2009-01-01;AQU;1982-01-01;;
IRL000I14104;;IRL;;;1.57;0.00;0.00;;6.13;0.00;DAMHROSS LASS;749;G749;Galway;;Y;EIIN2;N;N;N;;;WO;;FPO, LHP, GNS;11.14;0.00;Fiber/Plastic;;2009-01-01;MFL;1980-01-01;;2023-03-30
IRL000I14105;;IRL;;;3.29;0.00;0.00;;8.00;0.00;KILLBAY;265;WD265;Wexford;;Y;EIIA2;N;N;N;;;MO;;GNS, DRB, OTB, OTM, FPO, LHP;10.00;0.00;Fiber/Plastic;;2009-01-01;MFL;1985-01-01;;
IRL000I14106;;IRL;;;1.54;0.00;0.00;;6.94;0.00;HANNAH G;752;G752;Galway;;Y;EIID7;N;N;N;;;MO;;GNS, LHP, FPO;30.00;0.00;Fiber/Plastic;;2003-07-01;MFL;2003-01-01;;2021-09-30
IRL000I14107;;IRL;;;0.63;0.00;0.00;;5.18;0.00;NAOMH CAOMHAN II;750;G750;Galway;;Y;EIHH8;N;N;N;;;MO;;FPO, LHP;11.50;0.00;Fiber/Plastic;;2009-01-01;MFL;2004-01-01;;
IRL000I14108;;IRL;;;1.14;0.00;0.00;;5.69;0.00;DIARMUID OG;753;G753;United Kingdom;;Y;EIIQ6;N;N;N;;;MO;;FPO, GNS;7.50;0.00;Fiber/Plastic;;2009-01-01;MFL;1996-01-01;;2013-11-06
IRL000I14109;;IRL;;;1.75;0.00;0.00;;5.85;0.00;SARAH;283;SO283;Sligo;;Y;EIIR8;N;N;N;;;MO;;OTM, GNS;5.97;0.00;Fiber/Plastic;;2003-01-01;MFL;2003-01-01;;
IRL000I14110;;IRL;;;2.71;0.00;0.00;;7.83;0.00;EVA DAWN;557;S557;Skibbereen;;Y;EIIJ6;N;N;N;;;MO;;DRB, LHP, FPO, GNS;40.00;0.00;Fiber/Plastic;;2009-12-15;MFL;2004-01-01;;
IRL000I14111;;IRL;;;0.96;0.00;0.00;;4.92;0.00;MARIE II;488P;T488P;Tralee;;Y;EIIV2;N;N;N;;;WO;;FPO, NK;11.00;0.00;Fiber/Plastic;;2009-12-15;MFL;1990-01-01;;
IRL000I14112;;IRL;;;1.09;0.00;0.00;;5.29;0.00;MARY B II;79A;T79A;Tralee;;Y;EIIT2;N;N;N;;;DO;;DRB, NK;11.20;0.00;Fiber/Plastic;;1988-04-01;AQU;1987-01-01;;
IRL000I14113;;IRL;;;0.81;0.00;0.00;;5.53;0.00;ST MARTHA;705;D705;;;Y;EIHT2;N;N;N;;;MO;;FPO, LHP;4.40;0.00;Fiber/Plastic;;2009-12-18;MFL;2008-01-01;;2014-08-28
IRL000I14114;;IRL;;;2.00;0.00;0.00;;6.07;0.00;TAOIDE AN INBHIR;303;W303;Waterford;;Y;EIIW6;N;N;N;;;MO;;GNS, FPO, LHP;10.00;0.00;Fiber/Plastic;;2009-12-21;MFL;2001-01-01;;
IRL000I14115;;IRL;;;0.81;0.00;0.00;;6.23;0.00;AN CORRA BHAIN;754A;G754A;United Kingdom;;Y;EIGW7;N;N;N;;;DO;;DRB, NK;11.12;0.00;Wood;;1960-07-01;AQU;1960-01-01;;2016-03-10
IRL000I14116;;IRL;;;3.55;0.00;0.00;;8.00;0.00;AVA B;311A;WT311A;Westport;;Y;EIIY5;N;N;N;;;MO;;DRB, NK;34.32;0.00;Fiber/Plastic;;2010-01-01;AQU;1995-01-01;;
IRL000I14117;;IRL;;;0.55;0.00;0.00;;5.40;0.00;MARINA C;312;WT312;Westport;;Y;EIGS7;N;N;N;;;WO;;FPO, LHP, GNS;7.40;0.00;Wood;;2010-01-01;MFL;1995-01-01;;
IRL000I14118;;IRL;;;5.69;0.00;0.00;;10.60;0.00;ANURA;91A;T91A;Tralee;;Y;EIIQ7;N;N;N;;;DO;;DRB, NK;34.00;0.00;Wood;;2010-02-02;AQU;1979-01-01;;
IRL000I14119;;IRL;;;0.65;0.00;0.00;;5.00;0.00;CLOCH NA CLIONA;558P;S558P;Skibbereen;;Y;EIIQ3;N;N;N;;;WO;;FPO, NK;11.00;0.00;Fiber/Plastic;;2010-02-03;MFL;2009-01-01;;
IRL000I14120;;IRL;;;1.09;0.00;0.00;;6.35;0.00;DUILICIN;755A;G755A;United Kingdom;;Y;EIIW5;N;N;N;;;DO;;DRB, NK;11.10;0.00;Wood;;2010-02-08;AQU;1995-01-01;;2017-02-14
IRL000I14121;;IRL;;;1.08;0.00;0.00;;5.49;0.00;WHEAT ROCK;39P;SO39P;Sligo;;Y;EIIX3;N;N;N;;;WO;;FPO, NK;5.97;0.00;Wood;;2010-02-12;MFL;2004-01-01;;2018-02-23
IRL000I14122;;IRL;;;1.36;0.00;0.00;;6.77;0.00;GEABHROG;757A;G757A;United Kingdom;;Y;EIHE5;N;N;N;;;DO;;DRB, NK;18.65;0.00;Wood;;2010-01-01;AQU;2000-01-01;;2017-06-28
IRL000I14123;;IRL;;;1.07;0.00;0.00;;6.30;0.00;BENEDICTINE;756A;G756A;Galway;;Y;EIIQ5;N;N;N;;;DO;;DRB, NK;11.10;0.00;Wood;;2010-01-01;AQU;2000-01-01;;
IRL000I14124;;IRL;;;0.19;0.00;0.00;;3.06;0.00;EMILY JESS;560;S560;Skibbereen;;Y;EIIW7;N;N;N;;;LO;;GNS, LHP;0.00;0.00;Fiber/Plastic;;2010-01-01;MFL;2000-01-01;;
IRL000I14125;;IRL;;;0.52;0.00;0.00;;6.00;0.00;LEGAN;315;WT315;Westport;;Y;EIJE6;N;N;N;;;MO;;DRB, GNS;4.80;0.00;Wood;;2010-03-10;MFL;1995-01-01;;
IRL000I14126;;IRL;;;1.16;0.00;0.00;;4.93;0.00;FULMAR;286;SO286;Sligo;;Y;EI7135;N;N;N;;;MO;;DRB, OTM;7.46;0.00;Fiber/Plastic;;2010-03-10;MFL;2001-01-01;;
IRL000I14127;;IRL;;;0.94;0.00;0.00;;5.20;0.00;EMILY 3;411P;C411P;Cork;;Y;EIIT3;N;N;N;;;WO;;FPO, NK;18.63;0.00;Fiber/Plastic;;2010-01-01;MFL;1999-01-01;;
IRL000I14128;;IRL;;;4.17;0.00;0.00;;9.26;0.00;CHALLENGER;266;WD266;Wexford;;Y;EIFJ7;N;N;N;;;MO;;LHP, PTB, FPO, GNS, OTB, DRB;31.30;0.00;Fiber/Plastic;;2010-01-01;MFL;1983-01-01;;
IRL000I14129;;IRL;;;2.67;0.00;0.00;;8.12;0.00;OUR CATHERINE;258P;W258P;Waterford;;Y;EIJE9;N;N;N;;;WO;;FPO, NK;50.00;0.00;Fiber/Plastic;;2010-03-23;MFL;1983-01-01;;
IRL000I14130;;IRL;;;0.45;0.00;0.00;;5.23;0.00;SANDEEL;304;W304;;;Y;EIJE8;N;N;N;;;MO;;FPO, LHP;3.75;0.00;Fiber/Plastic;;2010-01-01;MFL;1999-01-01;;2014-07-23
IRL000I14131;;IRL;;;0.79;0.00;0.00;;4.92;0.00;SHORE CREEPER;559;S559;Skibbereen;;Y;EIA2432;N;N;N;;;MO;;GNS, FPO, LHP;11.18;0.00;Fiber/Plastic;;2010-03-24;MFL;1995-01-01;;
IRL000I14132;;IRL;;;0.56;0.00;0.00;;5.30;0.00;CARRAIG MOR;313A;WT313A;;;Y;EIJD3;N;N;N;;;DO;;DRB, NK;5.97;0.00;Wood;;2010-01-01;AQU;1996-01-01;;2016-11-11
IRL000I14133;;IRL;;;1.20;0.00;0.00;;5.65;0.00;TRILBY;830;G830;Galway;;Y;EIJK9;N;N;N;;;WO;;LHP, FPO;5.90;0.00;Fiber/Plastic;;2010-01-01;MFL;1996-01-01;2015-07-08;
IRL000I14134;;IRL;;;0.85;0.00;0.00;;4.74;0.00;CHRANZA;795;G795;Galway;;Y;EIMN5;N;N;N;;;MO;;FPO, GNS;7.35;0.00;Fiber/Plastic;;2010-01-01;MFL;2006-01-01;;
IRL000I14135;;IRL;;;0.60;0.00;0.00;;5.50;0.00;EIBHLIN;314;WT314;Westport;;Y;EIJB6;N;N;N;;;WO;;GNS, FPO;3.00;0.00;Wood;;2010-03-29;MFL;2009-01-01;;
IRL000I14136;;IRL;;;1.32;0.00;0.00;;5.70;0.00;AN FAOILEAN;412;C412;;;Y;EIJE5;N;N;N;;;MO;;GNS, FPO;3.00;0.00;Fiber/Plastic;;2010-03-29;MFL;2005-01-01;;2010-07-14
IRL000I14137;;IRL;;;3.33;0.00;0.00;;9.00;0.00;GUIDE ME;137;T137;Tralee;;Y;EIII7;N;N;N;;;MO;;DRB, LHP, GNS;35.00;0.00;Fiber/Plastic;;2010-04-08;MFL;1984-01-01;;
IRL000I14138;;IRL;;;1.20;0.00;0.00;;5.80;0.00;BOY RYAN;288;SO288;;;Y;EIJN2;N;N;N;;;MO;;FPO, LHP;3.70;0.00;Fiber/Plastic;;2010-04-12;MFL;1994-01-01;;2017-02-13
IRL000I14139;;IRL;;;1.25;0.00;0.00;;6.63;0.00;ST. BRENDA;758;G758;Galway;;Y;EIJE3;N;N;N;;;WO;;FPO, GNS;11.10;0.00;Wood;;2010-01-01;MFL;1999-01-01;;
IRL000I14140;;IRL;;;1.57;0.00;0.00;;6.79;0.00;ST CHRISTOPHER 2;760;G760;Galway;;Y;EI7817;N;N;N;;;WO;;FPO, LHP, GNS;11.00;0.00;Wood;;2010-01-01;MFL;2006-01-01;;
IRL000I14141;;IRL;;;4.37;0.00;0.00;;10.50;0.00;DOLOREE;317;WT317;Westport;;Y;EI7552;N;N;N;;;MO;;GND, FPO;56.00;0.00;Fiber/Plastic;;2010-04-28;MFL;1990-01-01;;
IRL000I14142;;IRL;;;1.14;0.00;0.00;;5.80;0.00;AMY MARIE;289;SO289;Sligo;;Y;EIJM2;N;N;N;;;WO;;GNS, FPO, LHP;6.00;0.00;Fiber/Plastic;;2010-04-28;MFL;2002-01-01;;2019-04-08
IRL000I14143;;IRL;;;0.28;0.00;0.00;;3.54;0.00;PORTURLIN LIGHT;318;WT318;Westport;;Y;EIJF6;N;N;N;;;WO;;GNS, FPO, LHP;1.56;0.00;Wood;;2010-01-01;MFL;2005-01-01;;
IRL000I14144;;IRL;;;1.67;0.00;0.00;;5.87;0.00;AN BANBH BEAG;306;W306;Waterford;;Y;EIIQ8;N;N;N;;;MO;;GNS, FPO;4.00;0.00;Fiber/Plastic;;2010-01-01;MFL;2004-01-01;;
IRL000I14145;;IRL;;;1.40;0.00;0.00;;6.90;0.00;OISIN;765;G765;United Kingdom;;Y;EIJG5;N;N;N;;;MO;;GNS, FPO;3.73;0.00;Wood;;2010-05-04;MFL;1998-01-01;;2015-05-01
IRL000I14146;;IRL;;;0.79;0.00;0.00;;4.94;0.00;CAROLINE IRIS;413P;C413P;;;Y;EIIZ2;N;N;N;;;WO;;FPO, NK;5.96;0.00;Fiber/Plastic;;2010-01-01;MFL;1999-01-01;;2017-01-04
IRL000I14147;;IRL;;;0.57;0.00;0.00;;4.26;0.00;ROISIN ANNE;290;SO290;;;Y;EIGR7;N;N;N;;;WO;;FPO, NK;4.50;0.00;Fiber/Plastic;;2010-05-06;MFL;1990-01-01;;2013-12-20
IRL000I14148;;IRL;;;0.52;0.00;0.00;;5.20;0.00;SIOBHAN;319;WT319;Westport;;Y;EIJK5;N;N;N;;;WO;;GNS, FPO;3.00;0.00;Wood;;2010-05-06;MFL;2003-01-01;;
IRL000I14149;;IRL;;;1.16;0.00;0.00;;5.60;0.00;MICHELLA;307;W307;Waterford;;Y;EIIW2;N;N;N;;;MO;;GNS, FPO;8.21;0.00;Fiber/Plastic;;2010-05-11;MFL;1994-01-01;;
IRL000I14150;;IRL;;;0.90;0.00;0.00;;5.62;0.00;ST PATRICK;766;G766;Galway;;Y;EIJE2;N;N;N;;;WO;;GNS, LHP, FPO;2.98;0.00;Fiber/Plastic;;2010-05-14;MFL;2000-01-01;;2020-04-09
IRL000I14151;;IRL;;;0.77;0.00;0.00;;5.27;0.00;DOLORES;561;S561;;;Y;EIJV6;N;N;N;;;MO;;FPO, GNS;11.20;0.00;Fiber/Plastic;;2010-06-03;MFL;1995-01-01;;2015-02-10
IRL000I14152;;IRL;;;6.54;0.00;0.00;;10.80;0.00;GALATHEA;123;DK123;Dundalk;;Y;EIJK6;N;N;N;;;DO;;DRB, NK;89.48;0.00;Fiber/Plastic;;2010-05-18;MFL;1991-01-01;;
IRL000I14153;;IRL;;;1.45;0.00;0.00;;5.91;0.00;DEE CAROLINE;562;S562;Skibbereen;;Y;EIJM4;N;N;N;;;MO;;GNS, FPO;7.53;0.00;Fiber/Plastic;;2010-05-18;MFL;2009-01-01;;
IRL000I14154;;IRL;;;1.10;0.00;0.00;;6.15;0.00;BOY DONAL;115;SO115;Sligo;;Y;EI8671;N;N;N;;;MO;;OTM, OTB, FPO, LHP, GNS, DRB;8.00;0.00;Fiber/Plastic;;2010-05-20;MFL;1990-01-01;;
IRL000I14155;;IRL;;;2.12;0.00;0.00;;6.76;0.00;TORGHLAS;292;SO292;Sligo;;Y;EIJR3;N;N;N;;;MO;;FPO, LHP, GNS;8.00;0.00;Wood;;2010-05-20;MFL;1996-01-01;;2020-04-02
IRL000I14156;;IRL;;;1.61;0.00;0.00;;6.10;0.00;BALLYFIN;708;G708;Galway;;Y;EIEK5;N;N;N;;;MO;;FPO, LHP, GNS;14.70;0.00;Fiber/Plastic;;2010-01-01;MFL;2006-01-01;;
IRL000I14157;;IRL;;;6.30;0.00;0.00;;9.70;0.00;NEW DAWN;320;WT320;Westport;;Y;EIIZ6;N;N;N;;;MO;;FPO, OTB, GND, GNS, DRB, LHP;55.00;0.00;Fiber/Plastic;;2010-05-27;MFL;1979-01-01;;
IRL000I14158;;IRL;;;0.67;0.00;0.00;;5.14;0.00;MEEVAGH I;293;SO293;;;Y;EIIZ4;N;N;N;;;WO;;FPO, NK;3.00;0.00;Fiber/Plastic;;2010-01-01;MFL;2000-01-01;;2013-04-02
IRL000I14159;;IRL;;;0.70;0.00;0.00;;4.86;0.00;LEAH RACHEL;308;W308;;;Y;EIJV8;N;N;N;;;MO;;FPO, GNS;5.96;0.00;Fiber/Plastic;;2010-06-08;MFL;1990-01-01;;2016-07-04
IRL000I14160;;IRL;;;0.84;0.00;0.00;;4.90;0.00;ISABELL ROSE;97;T97;Finland;;Y;EIIV6;N;N;N;;;MO;;LHP, GNS;4.50;0.00;Fiber/Plastic;;2010-01-01;MFL;2005-01-01;;2015-05-01
IRL000I14161;;IRL;;;0.66;0.00;0.00;;5.20;0.00;CARMILLA SUZANNE;294;SO294;Sligo;;Y;EICE3;N;N;N;;;MO;;DRB, GNS;6.00;0.00;Fiber/Plastic;;2010-06-16;MFL;2002-01-01;;
IRL000I14162;;IRL;;;5.74;0.00;0.00;;10.36;0.00;BOY AARON;103;DA103;;;Y;EI8362;N;N;N;;;TO;;FPO, LHP;28.00;0.00;Wood;;2010-06-16;MFL;1972-01-01;;2014-08-29
IRL000I14163;;IRL;;;1.14;0.00;0.00;;6.75;0.00;VERA JOYCE;67P;SO67P;Sligo;;Y;EIJQ2;N;N;N;;;WO;;FPO, NK;27.57;0.00;Fiber/Plastic;;2010-06-16;MFL;2004-01-01;;
IRL000I14164;;IRL;;;0.33;0.00;0.00;;3.85;0.00;ROSE;321;WT321;Westport;;Y;EIJG7;N;N;N;;;WO;;GNS, FPO;1.50;0.00;Wood;;2010-06-16;MFL;2009-01-01;;
IRL000I14165;;IRL;;;1.49;0.00;0.00;;6.53;0.00;POLARIS;768;G768;Galway;;Y;EIJB3;N;N;N;;;MO;;FPO, GND;7.46;0.00;Fiber/Plastic;;2010-06-17;MFL;2004-03-23;;
IRL000I14166;;IRL;;;0.67;0.00;0.00;;4.88;0.00;GEMJAM;313P;SO313P;Sligo;;Y;EIJT6;N;N;N;;;WO;;FPO, NK;11.19;0.00;Fiber/Plastic;;2010-06-22;MFL;2005-01-01;;2019-03-29
IRL000I14167;;IRL;;;0.55;0.00;0.00;;4.93;0.00;CAILIN;323;WT323;;;Y;EIJF5;N;N;N;;;WO;;GNS, FPO;6.00;0.00;Fiber/Plastic;;2010-01-01;MFL;2003-01-01;;2017-02-03
IRL000I14168;;IRL;;;0.70;0.00;0.00;;5.18;0.00;GIRL EABHA;770;G770;United Kingdom;;Y;EIJT5;N;N;N;;;MO;;FPO, GNS;7.50;0.00;Fiber/Plastic;;2010-01-01;MFL;2004-01-01;;2017-08-21
IRL000I14169;;IRL;;;0.27;0.00;0.00;;3.26;0.00;CLIVE PATRICK;322;WT322;;;Y;EIJI6;N;N;N;;;WO;;GNS, FPO;0.00;0.00;Wood;;2010-07-13;MFL;1997-01-01;;2016-12-06
IRL000I14170;;IRL;;;0.33;0.00;0.00;;4.09;0.00;HORIZON STAR;563;S563;;;Y;EIKB8;N;N;N;;;MO;;GNS, DRB;6.71;0.00;Fiber/Plastic;;2010-07-14;MFL;1986-01-01;;2014-06-06
IRL000I14171;;IRL;;;0.67;0.00;0.00;;4.86;0.00;NAOMH COLMCILLE II;769;G769;Galway;;Y;EIJV3;N;N;N;;;MO;;GNS, FPO;5.96;0.00;Fiber/Plastic;;2010-01-01;MFL;1990-01-01;;
IRL000I14172;;IRL;;;1.41;0.00;0.00;;5.53;0.00;FLORENCE ANNE;142;SO142;Sligo;;Y;EI8315;N;N;N;;;MO;;GNS, LHP, FPO;11.20;0.00;Fiber/Plastic;;2010-07-15;MFL;1992-01-01;;
IRL000I14173;;IRL;;;1.91;0.00;0.00;;7.56;0.00;ORLA BRID;324;WT324;Westport;;Y;EIKA6;N;N;N;;;WO;;GNS, LHP;16.00;0.00;Fiber/Plastic;;2010-01-01;MFL;1995-01-01;;
IRL000I14174;;IRL;;;1.56;0.00;0.00;;5.95;0.00;RIONACH B;310;W310;Waterford;;Y;EIKA9;N;N;N;;;MO;;GNS, FPO;7.38;0.00;Fiber/Plastic;;2010-01-01;MFL;1995-01-01;;
IRL000I14175;;IRL;;;1.15;0.00;0.00;;5.70;0.00;LOCH SHEELIN;316;SO316;Sligo;;Y;EI6166;N;N;N;;;MO;;DRB, FPO, LNB;29.40;0.00;Fiber/Plastic;;2010-08-12;MFL;1990-01-01;;2022-06-10
IRL000I14176;;IRL;;;0.53;0.00;0.00;;5.51;0.00;DINGLE BAY;771;G771;United Kingdom;;Y;EIIX7;N;N;N;;;MO;;GNS, FPO;10.70;0.00;Fiber/Plastic;;2010-08-17;MFL;1998-01-01;;2015-06-29
IRL000I14177;;IRL;;;1.80;0.00;0.00;;5.90;0.00;SEAMROG;124;DK124;;;Y;EIKA3;N;N;N;;;WO;;FPO, GNS;25.00;0.00;Fiber/Plastic;;2010-08-19;MFL;2004-01-01;;2013-01-04
IRL000I14178;;IRL;;;1.37;0.00;0.00;;6.10;0.00;RIONA;566;S566;Skibbereen;;Y;EIKE2;N;N;N;;;WO;;GNS, DRB, LHP, FPO, OTB;11.00;0.00;Fiber/Plastic;;2010-08-23;MFL;1995-01-01;;
IRL000I14179;;IRL;;;1.70;0.00;0.00;;6.00;0.00;JAMIE ANDREA;567;S567;;;Y;EIJZ3;N;N;N;;;LO;;DRB, LHP;8.00;0.00;Fiber/Plastic;;2010-08-23;MFL;1983-01-01;;2017-08-01
IRL000I14180;;IRL;;;1.21;0.00;0.00;;5.50;0.00;EILEEN;326P;WT326P;Westport;;Y;EIJF8;N;N;N;;;WO;;FPO, NK;26.10;0.00;Wood;;2010-09-06;MFL;2008-01-01;;
IRL000I14181;;IRL;;;4.51;0.00;0.00;;10.38;0.00;SAINT PIO;325;WT325;Westport;;Y;EIJO6;N;N;N;;;MO;;GNS, LHP;40.00;0.00;Wood;;2010-09-06;MFL;1975-01-01;;
IRL000I14182;;IRL;;;2.27;0.00;0.00;;7.90;0.00;FULMAR;125;DK125;;;Y;EIIZ8;N;N;N;;;MO;;GND, FPO;30.00;0.00;Fiber/Plastic;;2010-01-01;MFL;1992-01-01;;2016-07-06
IRL000I14183;;IRL;;;2.53;0.00;0.00;;6.72;0.00;LACKEN BAY;328;WT328;Westport;;Y;EIJY9;N;N;N;;;WO;;FPO, LHP;11.19;0.00;Fiber/Plastic;;2010-01-01;MFL;1995-01-01;;
IRL000I14184;;IRL;;;3.92;0.00;0.00;;10.18;0.00;AN DEISEACH;327;WT327;Westport;;Y;EIJW6;N;N;N;;;MO;;GND, FPO;27.00;0.00;Wood;;2010-09-22;MFL;1975-01-01;;
IRL000I14185;;IRL;;;0.87;0.00;0.00;;5.16;0.00;RAINBOW ROSS;20;T20;Tralee;;Y;EIJR5;N;N;N;;;MO;;GNS, FPO, LHP;11.25;0.00;Fiber/Plastic;;2010-09-23;MFL;2000-01-01;;
IRL000I14186;;IRL;;;0.84;0.00;0.00;;5.54;0.00;BOLEY C;311;W311;Waterford;;Y;EIJX8;N;N;N;;;MO;;FPO, LHP;4.35;0.00;Fiber/Plastic;;2010-01-01;MFL;1987-01-01;;
IRL000I14187;;IRL;;;3.31;0.00;0.00;;7.93;0.00;SHADANE;269;WD269;;;Y;EIKJ5;N;N;N;;;MO;;GNS, FPO;22.36;0.00;Fiber/Plastic;;2010-10-06;MFL;1980-01-01;;2012-03-21
IRL000I14188;;IRL;;;1.88;0.00;0.00;;6.14;0.00;GIRL CHLOE;773;G773;Galway;;Y;EIHI8;N;N;N;;;GO;;GNS, FPO;7.45;0.00;Fiber/Plastic;;2010-10-06;MFL;2007-01-01;;
IRL000I14189;;IRL;;;0.94;0.00;0.00;;5.75;0.00;L'OISEAU BLEU;569;S569;Skibbereen;;Y;EIKG8;N;N;N;;;MO;;FPO, LHP;7.45;0.00;Fiber/Plastic;;2010-10-19;MFL;1997-01-01;;
IRL000I14190;;IRL;;;1.29;0.00;0.00;;5.67;0.00;LADY LINDA;708;D708;Dublin;;Y;EIKG5;N;N;N;;;MO;;GNS, FPO;7.38;0.00;Fiber/Plastic;;2010-01-01;MFL;1990-01-01;;
IRL000I14191;;IRL;;;1.53;0.00;0.00;;7.50;0.00;AMBER;90A;T90A;Tralee;;Y;EIKH6;N;N;N;;;DO;;DRB, NK;11.19;0.00;Wood;;2010-01-01;AQU;1991-01-01;;2018-09-07
IRL000I14192;;IRL;;;9.78;0.00;0.00;;11.64;0.00;MY-CLAN;268;WD268;Wexford;;Y;EIKD7;N;N;N;;;MO;;GNS, FPO, LHP, GND;80.00;0.00;Fiber/Plastic;;2010-11-01;MFL;2010-01-01;;
IRL000I14193;;IRL;;;0.69;0.00;0.00;;5.94;0.00;EILIS;329P;WT329P;Westport;;Y;EIJY7;N;N;N;;;WO;;FPO, NK;14.80;0.00;Wood;;2010-01-01;MFL;2005-01-01;;2019-02-11
IRL000I14194;;IRL;;;3.10;0.00;0.00;;7.15;0.00;ELAINE MARIE;301;SO301;Sligo;;Y;EIKJ2;N;N;N;;;MO;;SDN, OTM, OTB, GNS, FPO, GND;18.00;0.00;Fiber/Plastic;;2010-01-01;MFL;1990-01-01;;2022-07-25
IRL000I14195;;IRL;;;1.03;0.00;0.00;;5.10;0.00;NIA'S DREAM;271;WD271;;;Y;EIKJ9;N;N;N;;;MO;;FPO, GNS;3.70;0.00;Fiber/Plastic;;2010-01-01;MFL;1978-01-01;;2013-01-15
IRL000I14196;;IRL;;;0.87;0.00;0.00;;5.70;0.00;LIVELY LADY;306;SO306;;;Y;EIBG9;N;N;N;;;MO;;DRB, FPO;3.70;0.00;Wood;;2010-11-26;MFL;1990-01-01;;2016-07-19
IRL000I14197;;IRL;;;0.81;0.00;0.00;;5.27;0.00;SEACREST;92A;T92A;Tralee;;Y;EIKI5;N;N;N;;;DO;;DRB, NK;10.44;0.00;Fiber/Plastic;;2010-12-03;AQU;2001-01-01;;
IRL000I14198;;IRL;;;7.48;0.00;0.00;;9.53;0.00;SEA BREEZE II;104;DA104;Sligo;;Y;EIKI3;N;N;N;;;DO;;DRB, NK;40.00;0.00;Metal;;2010-12-09;MFL;1982-01-01;;
IRL000I14199;;IRL;;;5.55;0.00;0.00;;9.02;0.00;CAROL ANNE;270;WD270;Wexford;;Y;EIKK6;N;N;N;;;MO;;FPO, DRB, GNS, OTM, LHP, OTB;35.00;0.00;Metal;;2010-12-10;MFL;2002-01-01;;
IRL000I14200;;IRL;;;1.72;0.00;0.00;;6.02;0.00;CARRAIG CHOLM AINE;774;G774;Galway;;Y;EIIY7;N;N;N;;;MO;;LHP, GNS;18.65;0.00;Fiber/Plastic;;2010-01-01;MFL;2009-11-01;;
IRL000I14201;;IRL;;;9.80;0.00;0.00;;9.83;0.00;GOLDEN VENTURE;54;WD54;Wexford;;Y;EIKD9;N;N;N;;;MO;;FPO, OTB, LHP, GNS, DRB;80.00;0.00;Fiber/Plastic;;2010-12-20;MFL;2010-01-01;;
IRL000I14202;;IRL;;;0.67;0.00;0.00;;4.86;0.00;LAURA D;778;G778;Galway;;Y;EIKJ7;N;N;N;;;MO;;FPO, LHP;6.00;0.00;Fiber/Plastic;;2011-01-01;MFL;1990-01-01;;2018-03-14
IRL000I14203;;IRL;;;0.72;0.00;0.00;;4.72;0.00;STAR OF PATRICK;95;T95;Tralee;;Y;EIIY3;N;N;N;;;MO;;GNS, FPO;3.00;0.00;Fiber/Plastic;;2011-01-28;MFL;1991-01-01;;2018-06-25
IRL000I14204;;IRL;;;1.52;0.00;0.00;;5.87;0.00;SEA BREEZE;96;T96;Tralee;;Y;EIKK8;N;N;N;;;WO;;LHP, GNS, FPO, GND;6.00;0.00;Fiber/Plastic;;2011-01-01;MFL;2002-01-01;;
IRL000I14205;;IRL;;;1.49;0.00;0.00;;6.31;0.00;CAITRIONA EILEEN;335;G335;Galway;;Y;EI8086;N;N;N;;;WO;;GNS, FPO;7.38;0.00;Fiber/Plastic;;2008-06-01;MFL;1980-01-01;;
IRL000I14206;;IRL;;;16.55;0.00;0.00;;11.96;0.00;KEITH OG;776;G776;Galway;;Y;EIKN4;N;N;N;;;TO;;OTB, OTM;59.88;0.00;Wood;;2011-01-01;MFL;1961-01-01;;2018-05-18
IRL000I14207;;IRL;;;5.43;0.00;0.00;;8.30;0.00;NORAH NANCY;779;G779;United Kingdom;;Y;EIJH9;N;N;N;;;WO;;GNS, FPO;37.00;0.00;Fiber/Plastic;;2011-03-07;MFL;2010-01-01;;2017-02-20
IRL000I14208;;IRL;;;1.65;0.00;0.00;;7.00;0.00;NAOMH PADRAIG;331;WT331;Westport;;Y;EIJ27;N;N;N;;;MO;;GNS, GND;6.63;0.00;Wood;;2011-01-01;MFL;2005-01-01;;
IRL000I14209;;IRL;;;0.85;0.00;0.00;;5.85;0.00;SUN RISE;780;G780;Galway;;Y;EIKM3;N;N;N;;;WO;;GNS, FPO;4.47;0.00;Wood;;2011-01-01;MFL;1986-01-01;;
IRL000I14210;;IRL;;;1.60;0.00;0.00;;5.77;0.00;NICOLE LOUISE;308;SO308;Sligo;;Y;EIKO2;N;N;N;;;MO;;LHP, GNC;7.40;0.00;Fiber/Plastic;;2011-03-29;MFL;2006-01-01;;
IRL000I14211;;IRL;;;0.55;0.00;0.00;;4.52;0.00;LADY HELEN;326;WD326;Wexford;;Y;EIKP3;N;N;N;;;MO;;LHP, OTB, OTM, DRB, FPO, GNS;3.70;0.00;Fiber/Plastic;;2011-03-29;MFL;1998-01-01;;2020-03-09
IRL000I14212;;IRL;;;0.83;0.00;0.00;;5.06;0.00;DAWN LIGHT;570;S570;Skibbereen;;Y;EIKC2;N;N;N;;;WO;;LHP, FPO;7.50;0.00;Fiber/Plastic;;2011-03-30;MFL;1998-01-01;;
IRL000I14213;;IRL;;;0.67;0.00;0.00;;4.90;0.00;TRALORE;148P;SO148P;Sligo;;Y;EI8607;N;N;N;;;WO;;FPO, NK;7.39;0.00;Fiber/Plastic;;2011-04-05;MFL;2007-01-01;;2018-12-04
IRL000I14214;;IRL;;;5.04;0.00;0.00;;9.90;0.00;OCEAN QUEST;732;S732;Skibbereen;;Y;EI4270;N;N;N;;;MO;;FPO, LHP, GNS;43.00;0.00;Fiber/Plastic;;2011-04-05;MFL;1983-01-01;;
IRL000I14215;;IRL;;;1.43;0.00;0.00;;5.70;0.00;DAVIDS STAR;84;T84;Tralee;;Y;EIKL7;N;N;N;;;MO;;FPO, GNS, GND, DRB, LHP;6.00;0.00;Fiber/Plastic;;2011-01-01;MFL;1990-01-01;;2020-02-26
IRL000I14216;;IRL;;;1.34;0.00;0.00;;5.82;0.00;BOY ARAN;274;WD274;;;Y;EIKX7;N;N;N;;;MO;;LHP, FPO;5.97;0.00;Fiber/Plastic;;2011-04-08;MFL;1994-01-01;;2013-06-28
IRL000I14217;;IRL;;;0.71;0.00;0.00;;4.57;0.00;SOUTH BAY;275;WD275;Wexford;;Y;EIKN2;N;N;N;;;MO;;LHP, FPO;6.00;0.00;Fiber/Plastic;;2011-04-08;MFL;1997-01-01;;
IRL000I14218;;IRL;;;0.89;0.00;0.00;;5.49;0.00;ORLA;720A;G720A;Galway;;Y;EIEG2;N;N;N;;;DO;;DRB, NK;14.90;0.00;Wood;;2011-01-01;AQU;1983-01-01;;
IRL000I14219;;IRL;;;1.98;0.00;0.00;;7.10;0.00;AUGHRUS BOY;311;SO311;Sligo;;Y;EIIC6;N;N;N;;;MO;;FPO, LHP;20.00;0.00;Fiber/Plastic;;2011-04-13;MFL;1985-01-01;;
IRL000I14220;;IRL;;;1.10;0.00;0.00;;5.74;0.00;MAUREEN;759;G759;United Kingdom;;Y;EIKR6;N;N;N;;;MO;;FPO, GNS;7.50;0.00;Fiber/Plastic;;2011-01-01;MFL;2010-01-01;;2016-02-03
IRL000I14221;;IRL;;;1.12;0.00;0.00;;6.85;0.00;AOIFE MARIA;490P;SO490P;Sligo;;Y;EIKF6;N;N;N;;;WO;;FPO, NK;59.68;0.00;Fiber/Plastic;;2011-01-01;MFL;2009-09-01;;
IRL000I14222;;IRL;;;1.06;0.00;0.00;;5.18;0.00;YELLOW LASS;602P;SO602P;Sligo;;Y;EIBH2;N;N;N;;;WO;;FPO, NK;15.00;0.00;Fiber/Plastic;;2011-01-01;MFL;1981-01-01;;
IRL000I14223;;IRL;;;1.14;0.00;0.00;;5.79;0.00;SHEILA;604;S604;Skibbereen;;Y;EIKR9;N;N;N;;;MO;;DRB, FPO;18.70;0.00;Fiber/Plastic;;2011-05-10;MFL;1997-01-01;;
IRL000I14224;;IRL;;;2.70;0.00;0.00;;6.52;0.00;TOSHER;126;DK126;;;Y;EIKU5;N;N;N;;;MO;;DRB, FPO;22.50;0.00;Fiber/Plastic;;2011-05-17;MFL;2011-03-30;;2015-02-26
IRL000I14225;;IRL;;;0.71;0.00;0.00;;5.18;0.00;FOCUS;163;T163;Tralee;;Y;EILE6;N;N;N;;;MO;;FPO, DRB, LHP, GNS;3.00;0.00;Fiber/Plastic;;2011-05-26;MFL;1992-01-01;;
IRL000I14226;;IRL;;;0.71;0.00;0.00;;5.18;0.00;KATE;609;S609;Skibbereen;;Y;EILE7;N;N;N;;;WO;;DRB, GNS;5.96;0.00;Fiber/Plastic;;2011-05-26;MFL;2002-01-01;;
IRL000I14227;;IRL;;;1.09;0.00;0.00;;6.43;0.00;OCEAN WAVE;781;G781;United Kingdom;;Y;EIKS2;N;N;N;;;MO;;LNB, FPO;7.50;0.00;Wood;;2011-05-18;MFL;1994-01-01;;2017-02-07
IRL000I14228;;IRL;;;0.58;0.00;0.00;;5.36;0.00;CIARAN OG;334;WT334;Westport;;Y;EIKP8;N;N;N;;;WO;;GNS, GND, LHP, FPO;3.12;0.00;Wood;;2011-01-01;MFL;2008-01-01;;2019-02-07
IRL000I14229;;IRL;;;1.42;0.00;0.00;;6.27;0.00;JESSICA B;784;G784;Galway;;Y;EIKS3;N;N;N;;;MO;;LHP, FPO;14.72;0.00;Fiber/Plastic;;2011-06-09;MFL;2011-01-01;;
IRL000I14230;;IRL;;;1.16;0.00;0.00;;5.52;0.00;MY SOPHIE;276;WD276;Wexford;;Y;EIKU6;N;N;N;;;MO;;LHP, DRB;6.00;0.00;Fiber/Plastic;;2011-06-10;MFL;1991-01-01;;
IRL000I14231;;IRL;;;1.08;0.00;0.00;;5.75;0.00;DONNA;320;SO320;Sligo;;Y;EIKR4;N;N;N;;;MO;;LHP, OTB, FPO, GNS;5.90;0.00;Fiber/Plastic;;2011-06-13;MFL;1990-01-01;;
IRL000I14232;;IRL;;;1.17;0.00;0.00;;6.47;0.00;LADY CELINE;333;WT333;Westport;;Y;EIKM8;N;N;N;;;MO;;LHP, FPO;5.96;0.00;Fiber/Plastic;;2011-06-15;MFL;2010-01-01;;
IRL000I14233;;IRL;;;1.28;0.00;0.00;;6.84;0.00;MARY ANN;321;SO321;Sligo;;Y;EIKZ5;N;N;N;;;MO;;SSC, SDN;6.00;0.00;Fiber/Plastic;;2011-01-01;MFL;1991-01-01;;
IRL000I14234;;IRL;;;1.61;0.00;0.00;;6.75;0.00;KATIE TARA;335;WT335;Westport;;Y;EIKR7;N;N;N;;;MO;;LHP, FPO;11.20;0.00;Wood;;2011-06-21;MFL;2000-01-01;;
IRL000I14235;;IRL;;;1.85;0.00;0.00;;5.91;0.00;SOUTHERN STAR;98;T98;Tralee;;Y;EIKL3;N;N;N;;;MO;;LHP, FPO;33.75;0.00;Fiber/Plastic;;2011-06-24;MFL;1990-01-01;;
IRL000I14236;;IRL;;;2.00;0.00;0.00;;6.97;0.00;CU NA MARA;128;DK128;;;Y;EIKY4;N;N;N;;;WO;;GNS, GND;10.00;0.00;Wood;;2011-06-01;MFL;1980-01-01;;2015-09-24
IRL000I14237;;IRL;;;1.90;0.00;0.00;;8.50;0.00;CHLOE ROSE II;3;W3;;;Y;EIKV8;N;N;N;;;MO;;LHP, OTB;29.40;0.00;Fiber/Plastic;;2011-06-30;MFL;2010-01-01;;2013-11-04
IRL000I14238;;IRL;;;1.60;0.00;0.00;;5.90;0.00;BEAU NYDLE;324;SO324;;;Y;EIKZ8;N;N;N;;;MO;;GNS, GND;15.00;0.00;Fiber/Plastic;;2011-01-01;MFL;1991-01-01;;2013-07-02
IRL000I14239;;IRL;;;4.10;0.00;0.00;;7.99;0.00;NATASHA MARIE;310;SO310;Sligo;;Y;EILF7;N;N;N;;;MO;;FPO, LHP, GNS;40.00;0.00;Fiber/Plastic;;2011-07-08;MFL;2011-01-01;;
IRL000I14240;;IRL;;;0.90;0.00;0.00;;4.98;0.00;JACK B;277;WD277;Wexford;;Y;EIKW6;N;N;N;;;MO;;FPO, GNS, LHP;3.70;0.00;Fiber/Plastic;;2011-07-12;MFL;2001-01-01;;
IRL000I14241;;IRL;;;0.81;0.00;0.00;;5.22;0.00;BRANDON BAY;785;G785;Galway;;Y;EIK64;N;N;N;;;MO;;LHP, FPO;4.50;0.00;Fiber/Plastic;;2011-07-13;MFL;1995-01-01;;
IRL000I14242;;IRL;;;0.86;0.00;0.00;;5.59;0.00;MISTY SEA;312;W312;;;Y;EID2;N;N;N;;;WO;;FPO, LHP;2.90;0.00;Wood;;2011-01-01;MFL;1996-01-01;;2014-10-01
IRL000I14243;;IRL;;;0.64;0.00;0.00;;5.63;0.00;ZODIAK;605;S605;Skibbereen;;Y;EIKT5;N;N;N;;;MO;;LNB, FPO;7.30;0.00;Fiber/Plastic;;2011-07-20;MFL;2011-01-01;;
IRL000I14244;;IRL;;;0.82;0.00;0.00;;4.98;0.00;SOSAI;101;T101;Tralee;;Y;EIKI6;N;N;N;;;MO;;FPO, LHP;11.17;0.00;Fiber/Plastic;;2011-01-01;MFL;1996-01-01;;
IRL000I14245;;IRL;;;1.58;0.00;0.00;;7.05;0.00;ST MACDARA II;788;G788;United Kingdom;;Y;EIAG9;N;N;N;;;MO;;GND, GNS;11.10;0.00;Wood;;2011-01-01;MFL;1998-01-01;;2017-12-07
IRL000I14246;;IRL;;;3.77;0.00;0.00;;9.67;0.00;SOLAN;336P;WT336P;Westport;;Y;EIKP6;N;N;N;;;WO;;FPO, NK;26.80;0.00;Fiber/Plastic;;2011-08-05;MFL;1985-01-01;;
IRL000I14247;;IRL;;;1.52;0.00;0.00;;6.85;0.00;MARY D;607;S607;Skibbereen;;Y;EILH3;N;N;N;;;MO;;LHP, GNS, FPO, DRB;20.00;0.00;Fiber/Plastic;;2011-08-05;MFL;2010-01-01;;2021-11-17
IRL000I14248;;IRL;;;1.59;0.00;0.00;;7.50;0.00;NEW DAWN;188;SO188;Sligo;;Y;EIKX2;N;N;N;;;WO;;LHP, FPO, GNS;18.00;0.00;Fiber/Plastic;;2011-08-09;MFL;1985-01-01;;
IRL000I14249;;IRL;;;2.67;0.00;0.00;;6.85;0.00;STAR OF ANTHONY;102;T102;Finland;;Y;EIKT9;N;N;N;;;MO;;FPO, LHP;10.04;0.00;Fiber/Plastic;;2011-08-16;MFL;2008-01-01;;2015-09-14
IRL000I14250;;IRL;;;1.30;0.00;0.00;;6.89;0.00;PERIWINKLE;405;T405;Tralee;;Y;EILG7;N;N;N;;;MO;;LHP, DRB;18.70;0.00;Fiber/Plastic;;2011-08-18;MFL;2010-01-01;;
IRL000I14251;;IRL;;;2.32;0.00;0.00;;6.79;0.00;SANDPIPER;329;SO329;Sligo;;Y;EILF2;N;N;N;;;MO;;LHP, FPO;12.00;0.00;Fiber/Plastic;;2011-08-23;MFL;1988-01-01;;
IRL000I14252;;IRL;;;1.72;0.00;0.00;;5.90;0.00;MOLLY K;326;SO326;Sligo;;Y;EILG4;N;N;N;;;MO;;GNC, GNS;5.92;0.00;Fiber/Plastic;;2011-08-24;MFL;1998-01-01;;
IRL000I14253;;IRL;;;1152.00;0.00;0.00;;53.00;0.00;GENESIS II;602;D602;Dublin;;Y;EILJ9;Y;Y;Y;9317688;;TO;;OTM, PS;2720.00;0.00;Metal;;2004-03-12;MFL;2004-01-01;;2022-03-24
IRL000I14254;;IRL;;;1.45;0.00;0.00;;6.19;0.00;GENEVIEVE;417;C417;Cork;;Y;EILI8;N;N;N;;;MO;;GND, GNS;23.00;0.00;Fiber/Plastic;;2011-09-15;MFL;2011-01-01;;2018-06-28
IRL000I14255;;IRL;;;1.19;0.00;0.00;;6.10;0.00;ST OWEN;224;SO224;;;Y;EILG3;N;N;N;;;MO;;FPO, GNS;4.47;0.00;Wood;;2011-09-21;MFL;1992-01-01;;2014-01-27
IRL000I14256;;IRL;;;1.34;0.00;0.00;;5.02;0.00;THE MERROW;789;G789;United Kingdom;;Y;EIKX6;N;N;N;;;WO;;FPO, LHP;3.00;0.00;Fiber/Plastic;;2011-01-01;MFL;1984-01-01;;2014-01-09
IRL000I14257;;IRL;;;3.25;0.00;0.00;;7.25;0.00;AMY;330;SO330;;;Y;EI4234;N;N;N;;;DO;;DRB, NK;44.00;0.00;Fiber/Plastic;;2011-01-01;MFL;1980-01-01;;2014-07-15
IRL000I14258;;IRL;;;0.31;0.00;0.00;;3.69;0.00;LORETTA;337;WT337;Westport;;Y;EILF9;N;N;N;;;MO;;GND, FPO;3.12;0.00;Wood;;2011-01-01;MFL;2006-01-01;;
IRL000I14259;;IRL;;;2.65;0.00;0.00;;8.20;0.00;MIGHTY CELT;332;SO332;Sligo;;Y;EILO4;N;N;N;;;DO;;DRB, NK;28.60;0.00;Fiber/Plastic;;2011-01-01;MFL;1990-01-01;;
IRL000I14260;;IRL;;;2.70;0.00;0.00;;6.94;0.00;EDDY;103A;T103A;Tralee;;Y;EIKI9;N;N;N;;;DO;;DRB, NK;55.00;0.00;Fiber/Plastic;;2011-10-07;AQU;1990-01-01;;
IRL000I14261;;IRL;;;0.87;0.00;0.00;;4.94;0.00;SWIFT;105A;T105A;Tralee;;Y;EIDZ2;N;N;N;;;DO;;DRB, NK;11.18;0.00;Fiber/Plastic;;2011-06-18;AQU;1988-01-01;;
IRL000I14262;;IRL;;;1.75;0.00;0.00;;7.90;0.00;LAURA LOUISE;790;G790;Galway;;Y;EILK3;N;N;N;;;MO;;LHP, FPO;20.00;0.00;Fiber/Plastic;;2011-10-13;MFL;2011-01-01;;
IRL000I14263;;IRL;;;0.94;0.00;0.00;;5.33;0.00;EMER JAMES;132;SO132;Sligo;;Y;EILK4;N;N;N;;;MO;;GND, FPO;5.97;0.00;Fiber/Plastic;;2011-08-01;MFL;1998-01-01;;
IRL000I14264;;IRL;;;4.44;0.00;0.00;;8.71;0.00;KAYLEIGH MARIE;109A;T109A;Tralee;;Y;EIA2506;N;N;N;;;DO;;DRB, NK;89.40;0.00;Wood;;2011-09-29;AQU;1978-01-01;;
IRL000I14265;;IRL;;;2.34;0.00;0.00;;7.61;0.00;THE LADS;108A;T108A;Tralee;;Y;EILN5;N;N;N;;;DO;;DRB, NK;13.00;0.00;Fiber/Plastic;;2011-11-02;AQU;1977-01-01;;
IRL000I14266;;IRL;;;0.82;0.00;0.00;;5.05;0.00;CHA'S POINT;106;T106;Tralee;;Y;EILJ7;N;N;N;;;MO;;DRB, GND;4.40;0.00;Fiber/Plastic;;2011-07-19;MFL;2005-01-01;;
IRL000I14267;;IRL;;;1375.00;0.00;0.00;;62.60;0.00;PAULA;165;D165;Dublin;;Y;EILQ9;Y;Y;Y;9605516;;TO;;OTM, OTB, PTM;3460.00;1595.00;Metal;;2011-11-30;MFL;2011-01-01;;
IRL000I14268;;IRL;;;1.94;0.00;0.00;;9.60;0.00;BREDA MICHELLE;112A;T112A;Tralee;;Y;EIED4;N;N;N;;;FX;;DRH, NK;37.30;0.00;Metal;;2007-03-01;AQU;2007-01-01;;2018-04-17
IRL000I14269;;IRL;;;6.17;0.00;0.00;;10.17;0.00;CHLOE CONOR;106;DA106;Drogheda;;Y;EIKP4;N;N;N;;;DO;;DRB, NK;29.00;0.00;Metal;;2011-12-14;MFL;2004-01-01;;
IRL000I14270;;IRL;;;0.33;0.00;0.00;;3.70;0.00;GLEAMING LIGHT;338;WT338;Westport;;Y;EILO2;N;N;N;;;WO;;FPO, GND, LHP, GNS;0.00;0.00;Wood;;2012-01-12;MFL;2006-01-01;;2021-03-29
IRL000I14271;;IRL;;;3.75;0.00;0.00;;9.81;0.00;SEA HUNTER;638;S638;Skibbereen;;Y;EINP7;N;N;N;;;MO;;FPO, DRB, LHP, GND, GNS, OTB;30.00;0.00;Fiber/Plastic;;2012-01-11;MFL;1984-01-01;;2025-07-17
IRL000I14272;;IRL;;;0.98;0.00;0.00;;6.00;0.00;TARA II;339;WT339;Westport;;Y;EI8138;N;N;N;;;MO;;GNS, FPO, GND, LHP, DRB;14.90;0.00;Wood;;2011-12-10;MFL;2008-01-01;;2024-01-24
IRL000I14273;;IRL;;;1.42;0.00;0.00;;7.10;0.00;GIRL MEGAN;135P;SO135P;Sligo;;Y;EILT5;N;N;N;;;WO;;FPO, NK;14.90;0.00;Fiber/Plastic;;2011-07-10;MFL;1996-01-01;;
IRL000I14274;;IRL;;;1.20;0.00;0.00;;6.08;0.00;JOCELYN R;336;SO336;Sligo;;Y;EILO7;N;N;N;;;MO;;FPO, OTB, GND, LHP, OTM, GNS;7.50;0.00;Wood;;2011-07-13;MFL;2004-01-01;;2019-03-15
IRL000I14275;;IRL;;;3.95;0.00;0.00;;8.95;0.00;SEA QUEST;280;WD280;Wexford;;Y;EILK5;N;N;N;;;MO;;GNS, FPO, LHP, GND;20.00;0.00;Wood;;2012-01-28;MFL;1981-01-01;;2022-05-10
IRL000I14276;;IRL;;;4.04;0.00;0.00;;9.98;0.00;AISLING PATRICK;341;WT341;Westport;;Y;EIKT8;N;N;N;;;MO;;GND, GNS, FPO, LHP;42.60;0.00;Fiber/Plastic;;2011-12-12;MFL;2011-01-01;2020-03-26;
IRL000I14277;;IRL;;;1.60;0.00;0.00;;5.90;0.00;CAROL-ANN;792A;G792A;Galway;;Y;EIDX6;N;N;N;;;DO;;DRB, NK;11.00;0.00;Fiber/Plastic;;2011-12-23;AQU;1995-01-01;;
IRL000I14278;;IRL;;;1.94;0.00;0.00;;6.04;0.00;ANNETTE C;337;SO337;Sligo;;Y;EILZ6;N;N;N;;;MO;;FPO, GNS;9.00;0.00;Fiber/Plastic;;2012-02-18;MFL;2011-01-01;;
IRL000I14279;;IRL;;;1.45;0.00;0.00;;5.03;0.00;ELIZABETH;115A;T115A;Tralee;;Y;EILQ3;N;N;N;;;DO;;DRB, NK;11.19;0.00;Fiber/Plastic;;2012-01-09;AQU;1990-01-01;;2024-11-25
IRL000I14280;;IRL;;;3.30;0.00;0.00;;7.95;0.00;SOUTH STAR;344;SO344;Sligo;;Y;EIMA6;N;N;N;;;DO;;DRB, NK;59.00;0.00;Fiber/Plastic;;2012-03-13;MFL;1990-01-01;;
IRL000I14281;;IRL;;;3.08;0.00;0.00;;7.52;0.00;PRINCE OF TIDES;343;SO343;Sligo;;Y;EIMA4;N;N;N;;;DO;;DRB, NK;64.00;0.00;Fiber/Plastic;;2012-03-13;MFL;1990-01-01;;2021-01-26
IRL000I14282;;IRL;;;3.41;0.00;0.00;;8.06;0.00;BREAFFY BOY;793;G793;Galway;;Y;EILZ7;N;N;N;;;WO;;GNS, FPO, LHP;26.43;0.00;Fiber/Plastic;;2012-02-21;MFL;1989-01-01;;
IRL000I14283;;IRL;;;4.50;0.00;0.00;;11.92;0.00;LE SEB WEN;279A;WD279A;Wexford;;Y;EILT7;N;N;N;;;DO;;DRB, NK;84.50;0.00;Metal;;2012-02-21;AQU;1990-01-01;;
IRL000I14284;;IRL;;;2.11;0.00;0.00;;6.90;0.00;DALY FISHER II;337;S337;Skibbereen;;Y;EILX5;N;N;N;;;WO;;GNS, LHP, FPO;42.50;0.00;Fiber/Plastic;;2012-02-09;MFL;2011-09-30;;
IRL000I14285;;IRL;;;1.38;0.00;0.00;;5.85;0.00;MARGARITE II;348;T348;Tralee;;Y;EIMD6;N;N;N;;;MO;;GNS, GND;11.19;0.00;Fiber/Plastic;;2012-04-06;MFL;2011-01-01;;
IRL000I14286;;IRL;;;0.35;0.00;0.00;;3.77;0.00;OCEAN WAVE;343;WT343;Westport;;Y;EIIP6;N;N;N;;;MO;;LHP, FPO, GND, GNS;1.85;0.00;Wood;;2012-02-29;MFL;2009-01-01;;
IRL000I14287;;IRL;;;4.53;0.00;0.00;;8.85;0.00;BE READY;283;WD283;Wexford;;Y;EILX4;N;N;N;;;WO;;GNS, FPO, LHP;14.92;0.00;Fiber/Plastic;;2012-04-21;MFL;1980-01-01;;
IRL000I14288;;IRL;;;1.60;0.00;0.00;;6.24;0.00;NORTHERN LIGHT;612;S612;;;Y;EIMK7;N;N;N;;;MO;;DRB, FPO;20.00;0.00;Fiber/Plastic;;2012-05-12;MFL;1990-01-01;;2017-05-18
IRL000I14289;;IRL;;;4.46;0.00;0.00;;9.00;0.00;SOUTHEASTERN;281;WD281;Wexford;;Y;EIA2984;N;N;N;;;MO;;LHP, DRB, GNS, FPO;35.00;0.00;Fiber/Plastic;;2012-02-29;MFL;1980-01-01;;
IRL000I14290;;IRL;;;0.80;0.00;0.00;;6.50;0.00;AN FIOGACH;118;T118;Finland;;Y;EILY2;N;N;N;;;MO;;LHP, FPO;0.00;0.00;Wood;;2012-04-14;MFL;2007-01-01;;2016-05-03
IRL000I14291;;IRL;;;0.76;0.00;0.00;;5.71;0.00;GLOR NA MARA II;794;G794;Galway;;Y;EIMG9;N;N;N;;;MO;;FPO, NK;7.50;0.00;Wood;;2012-05-01;MFL;1990-01-01;;
IRL000I14292;;IRL;;;1.87;0.00;0.00;;5.15;0.00;TONN FARRAIGE;615;S615;Skibbereen;;Y;EIMM2;N;N;N;;;MO;;LHP, GNS, FPO;10.00;0.00;Fiber/Plastic;;2012-05-08;MFL;1990-01-01;;
IRL000I14293;;IRL;;;2.57;0.00;0.00;;6.50;0.00;THOMAS D;256;WD256;Wexford;;Y;EIPC8;N;N;N;;;MO;;GNS, OTB, OTM, FPO, LHP;20.00;0.00;Fiber/Plastic;;2012-05-05;MFL;1980-01-01;;
IRL000I14294;;IRL;;;1.05;0.00;0.00;;5.79;0.00;MARY KAY;420;C420;Cork;;Y;EILV9;N;N;N;;;MO;;GND, FPO, LHP, GNS;4.50;0.00;Fiber/Plastic;;2012-02-17;MFL;2011-01-01;;
IRL000I14295;;IRL;;;2.44;0.00;0.00;;6.88;0.00;MO GHRÁ GEAL;616;S616;Skibbereen;;Y;EILE8;N;N;N;;;MO;;GNS, FPO, LHP;22.50;0.00;Fiber/Plastic;;2012-05-16;MFL;2010-11-28;;
IRL000I14296;;IRL;;;1.65;0.00;0.00;;6.40;0.00;ANTON G;349;SO349;Sligo;;Y;EILZ2;N;N;N;;;MO;;GNS, GND;4.00;0.00;Wood;;2012-04-21;MFL;2010-01-01;;
IRL000I14297;;IRL;;;0.92;0.00;0.00;;5.22;0.00;THE ROVER;121;T121;Tralee;;Y;EIMH4;N;N;N;;;MO;;FPO, DRB;4.20;0.00;Fiber/Plastic;;2012-04-14;MFL;2007-01-01;;
IRL000I14298;;IRL;;;0.63;0.00;0.00;;4.61;0.00;RACHEL;357;SO357;Sligo;;Y;EIMP9;N;N;N;;;MO;;GND, GNS;3.70;0.00;Fiber/Plastic;;2012-05-21;MFL;2000-01-01;;2018-08-01
IRL000I14299;;IRL;;;0.74;0.00;0.00;;7.36;0.00;ABIGALE S;354;SO354;Sligo;;Y;EIML4;N;N;N;;;MO;;FPO, GNS;6.00;0.00;Fiber/Plastic;;2012-05-19;MFL;2000-01-01;;
IRL000I14300;;IRL;;;6.64;0.00;0.00;;11.17;0.00;GALILEE SHORE;287;WD287;Wexford;;Y;EISE6;N;N;N;;;MO;;GNS, OTM, DRB, LHP, FPO, OTB;28.33;0.00;Fiber/Plastic;;2012-04-30;MFL;1985-01-01;;2019-01-21
IRL000I14301;;IRL;;;0.83;0.00;0.00;;5.21;0.00;SEA WAVE II;618;S618;Skibbereen;;Y;EINS5;N;N;N;;;MO;;LNB, FPO;4.00;0.00;Fiber/Plastic;;2012-06-16;MFL;1980-01-01;;
IRL000I14302;;IRL;;;2.73;0.00;0.00;;6.87;0.00;SEAN OG;688P;D688P;Dublin;;Y;EIMP5;N;N;N;;;WO;;FPO, NK;45.00;0.00;Fiber/Plastic;;2012-05-26;MFL;2012-03-01;;2020-07-06
IRL000I14303;;IRL;;;8.87;0.00;0.00;;11.96;0.00;KATIE ROSE;797;G797;Galway;;Y;EIMJ6;N;N;N;;;MO;;OTB, DRB, OTM, LNB;35.00;0.00;Metal;;2012-06-01;MFL;1987-01-01;;
IRL000I14304;;IRL;;;3.24;0.00;0.00;;6.77;0.00;MANDATOR;721A;G721A;Galway;;Y;EIFH4;N;N;N;;;DO;;DRB, NK;29.84;0.00;Fiber/Plastic;;2011-04-08;AQU;1963-01-01;;
IRL000I14305;;IRL;;;1.31;0.00;0.00;;6.00;0.00;PORTLEA;796;G796;Galway;;Y;EIMJ5;N;N;N;;;WO;;GND, LHP, GNS, FPO;11.19;0.00;Fiber/Plastic;;2012-05-07;MFL;1998-01-01;;
IRL000I14306;;IRL;;;0.53;0.00;0.00;;4.55;0.00;BAY FISHER;421;C421;Cork;;Y;EIMS2;N;N;N;;;MO;;LNB, LHP;2.98;0.00;Fiber/Plastic;;2012-06-10;MFL;1995-01-01;;
IRL000I14307;;IRL;;;1.21;0.00;0.00;;6.40;0.00;LUCKY LADY I;422;C422;Cork;;Y;EIBH4;N;N;N;;;MO;;FPO, NK;12.95;0.00;Fiber/Plastic;;2012-06-02;MFL;1998-01-01;;
IRL000I14308;;IRL;;;1.10;0.00;0.00;;5.79;0.00;CEATACH;800;G800;Galway;;Y;EILU9;N;N;N;;;MO;;GND, GNS;4.50;0.00;Fiber/Plastic;;2012-05-01;MFL;2007-01-01;;
IRL000I14309;;IRL;;;0.61;0.00;0.00;;4.87;0.00;CALM SEA;344;WT344;Westport;;Y;EIME3;N;N;N;;;MO;;FPO, GNS;1.86;0.00;Fiber/Plastic;;2012-05-31;MFL;2008-01-01;;
IRL000I14310;;IRL;;;0.96;0.00;0.00;;6.06;0.00;ST JOSEPH;799P;G799P;United Kingdom;;Y;EIMN8;N;N;N;;;WO;;FPO, NK;17.75;0.00;Fiber/Plastic;;2012-05-11;MFL;2001-01-01;;2014-09-11
IRL000I14311;;IRL;;;0.59;0.00;0.00;;5.06;0.00;LISA MARIA;359;SO359;Sligo;;Y;EIMW2;N;N;N;;;MO;;PS, GNC;5.97;0.00;Fiber/Plastic;;2012-07-01;MFL;2004-01-01;;
IRL000I14312;;IRL;;;199.00;0.00;0.00;;22.42;0.00;QAVAK;209;G209;United Kingdom;;Y;EILR4;Y;Y;Y;;;TO;;OTB, NK;637.50;250.00;Metal;;2011-12-20;MFL;1988-03-01;;2017-10-27
IRL000I14313;;IRL;;;1.05;0.00;0.00;;5.30;0.00;SARUE;801P;G801P;Galway;;Y;EIMP8;N;N;N;;;WO;;FPO, NK;15.00;0.00;Fiber/Plastic;;2012-03-13;MFL;2010-01-01;;2019-06-17
IRL000I14314;;IRL;;;36.00;0.00;0.00;;17.30;0.00;ORION;315A;W315A;Waterford;;Y;EIMW8;Y;N;Y;;;DO;;DRB, NK;210.00;0.00;Metal;;2012-08-22;AQU;1993-01-01;;
IRL000I14315;;IRL;;;0.81;0.00;0.00;;5.40;0.00;CAROLINE ROSE;798P;G798P;Galway;;Y;EI8996;N;N;N;;;WO;;FPO, NK;5.97;0.00;Fiber/Plastic;;2011-06-04;MFL;2000-01-01;;
IRL000I14316;;IRL;;;2.26;0.00;0.00;;7.77;0.00;MIRELLA;802;G802;Galway;;Y;EIMS4;N;N;N;;;MO;;FPO, GNS;24.95;0.00;Fiber/Plastic;;2012-07-20;MFL;1990-01-01;;
IRL000I14317;;IRL;;;0.67;0.00;0.00;;4.89;0.00;AMY M;621;S621;Skibbereen;;Y;EIMB2;N;N;N;;;MO;;FPO, NK;7.50;0.00;Fiber/Plastic;;2012-06-16;MFL;1998-01-01;;2025-03-03
IRL000I14318;;IRL;;;1.84;0.00;0.00;;5.83;0.00;MARY KATE;803;G803;Galway;;Y;EIMP3;N;N;N;;;MO;;FPO, GNS, GND, LHP;13.00;0.00;Fiber/Plastic;;2012-06-19;MFL;2006-01-01;;2025-05-20
IRL000I14319;;IRL;;;0.90;0.00;0.00;;5.62;0.00;LUCY JANE;363;SO363;;;Y;EIMN7;N;N;N;;;MO;;LHP, FPO;3.70;0.00;Fiber/Plastic;;2012-07-01;MFL;1980-01-01;;2016-07-13
IRL000I14320;;IRL;;;0.63;0.00;0.00;;4.87;0.00;ROCKABILL II;622;S622;Skibbereen;;Y;EIMU2;N;N;N;;;GO;;GND, LHP, FPO, GNS;1.90;0.00;Fiber/Plastic;;2012-07-19;MFL;1990-01-01;;
IRL000I14321;;IRL;;;0.71;0.00;0.00;;5.20;0.00;RYNN;345;WT345;Westport;;Y;EIMU8;N;N;N;;;WO;;LHP, GNS, GND, FPO;2.98;0.00;Fiber/Plastic;;2012-07-10;MFL;2004-01-01;;
IRL000I14322;;IRL;;;3.00;0.00;0.00;;8.04;0.00;CLAIRE BOUYANT;123;T123;Finland;;Y;EILU5;N;N;N;;;MO;;GNS, GND;55.00;0.00;Fiber/Plastic;;2012-04-14;MFL;2003-01-01;;2015-06-23
IRL000I14323;;IRL;;;0.99;0.00;0.00;;5.50;0.00;NORTHERN LASS;369;SO369;Sligo;;Y;EILY7;N;N;N;;;MO;;FPO, LHP;4.50;0.00;Fiber/Plastic;;2012-04-21;MFL;1995-01-01;;
IRL000I14324;;IRL;;;1.16;0.00;0.00;;5.76;0.00;SHAMROCK;124A;T124A;Tralee;;Y;EIMF3;N;N;N;;;DO;;DRB, NK;11.25;0.00;Fiber/Plastic;;2012-09-02;AQU;2000-01-01;;
IRL000I14325;;IRL;;;3.73;0.00;0.00;;8.98;0.00;JACKIE G;346P;WT346P;Westport;;Y;EIJM7;N;N;N;;;WO;;FPO, NK;27.00;0.00;Fiber/Plastic;;2012-07-20;MFL;1986-01-01;;
IRL000I14326;;IRL;;;0.85;0.00;0.00;;4.75;0.00;HYDRA;347;SO347;;;Y;EIMK5;N;N;N;;;TO;;GND, GNS;7.50;0.00;Fiber/Plastic;;2012-05-19;MFL;1999-01-01;;2016-03-08
IRL000I14327;;IRL;;;0.56;0.00;0.00;;4.85;0.00;HARBOUR LASS;623;S623;Skibbereen;;Y;EIMG2;N;N;N;;;MO;;GND, DRB;3.70;0.00;Fiber/Plastic;;2012-04-02;MFL;2000-01-01;;2018-02-21
IRL000I14328;;IRL;;;0.44;0.00;0.00;;5.18;0.00;GANNET;804;G804;Galway;;Y;EIMP2;N;N;N;;;WO;;GND, FPO;2.98;0.00;Wood;;2012-06-01;MFL;2000-01-01;;2018-05-21
IRL000I14329;;IRL;;;0.90;0.00;0.00;;5.23;0.00;AQUASTAR;125A;T125A;Tralee;;Y;EINA3;N;N;N;;;DO;;DRB, NK;11.25;0.00;Fiber/Plastic;;2012-09-15;AQU;1990-01-01;;
IRL000I14330;;IRL;;;0.84;0.00;0.00;;4.97;0.00;ST BENEDICT;369;SO369;;;Y;EIMX2;N;N;N;;;WO;;GND, GNS;4.50;0.00;Fiber/Plastic;;2012-07-01;MFL;1990-01-01;;2016-05-24
IRL000I14331;;IRL;;;0.93;0.00;0.00;;6.47;0.00;ST BRENDAN;625;S625;Skibbereen;;Y;EIMT8;N;N;N;;;MO;;DRB, LHP, FPO, GNS;15.00;0.00;Fiber/Plastic;;2012-10-24;MFL;1985-01-01;;
IRL000I14332;;IRL;;;0.50;0.00;0.00;;6.44;0.00;INVER LASS;370;SO370;Sligo;;Y;EINC8;N;N;N;;;MO;;GND, GNS;6.00;0.00;Fiber/Plastic;;2012-08-11;MFL;1992-01-01;;
IRL000I14333;;IRL;;;0.90;0.00;0.00;;7.10;0.00;AISLING MARIE;366;SO366;Sligo;;Y;EIMV6;N;N;N;;;MO;;FPO, LHP;3.00;0.00;Fiber/Plastic;;2012-07-01;MFL;1991-01-01;;
IRL000I14334;;IRL;;;5.36;0.00;0.00;;9.74;0.00;LIVELY LADY;807;G807;Galway;;Y;EIND7;N;N;N;;;MO;;OTB, OTM;25.00;0.00;Wood;;2012-11-22;MFL;1985-01-01;;
IRL000I14335;;IRL;;;1.21;0.00;0.00;;6.43;0.00;ST JOSEPH;806;G806;United Kingdom;;Y;EINA6;N;N;N;;;MO;;FPO, LHP;11.00;0.00;Wood;;2012-10-12;MFL;2012-01-01;;2017-11-09
IRL000I14336;;IRL;;;1.49;0.00;0.00;;6.00;0.00;THE FLOWER;810;G810;United Kingdom;;Y;EINA2;N;N;N;;;MO;;FPO, GND;3.75;0.00;Fiber/Plastic;;2012-09-28;MFL;2008-01-01;;2017-11-13
IRL000I14337;;IRL;;;1.34;0.00;0.00;;6.77;0.00;CHELSEA;812;G812;Galway;;Y;EIMR3;N;N;N;;;WO;;DRB, GND;6.50;0.00;Wood;;2012-11-21;MFL;1997-01-01;;
IRL000I14338;;IRL;;;0.55;0.00;0.00;;4.55;0.00;AINE II;630;S630;Skibbereen;;Y;EIMB4;N;N;N;;;WO;;FPO, LHP;3.30;0.00;Fiber/Plastic;;2012-06-10;MFL;1990-01-01;;
IRL000I14339;;IRL;;;1.92;0.00;0.00;;6.17;0.00;NEWLINE STAR;805A;G805A;Galway;;Y;EIEG3;N;N;N;;;DO;;DRB, NK;12.75;0.00;Fiber/Plastic;;2012-05-30;AQU;1987-01-01;;
IRL000I14340;;IRL;;;1.24;0.00;0.00;;6.39;0.00;NORTH STAR;811;G811;Galway;;Y;EIML6;N;N;N;;;WO;;DRB, FPO, LHP;4.50;0.00;Wood;;2012-06-25;MFL;1996-01-01;;2022-03-11
IRL000I14341;;IRL;;;1.73;0.00;0.00;;6.22;0.00;ELIZABETH;278;WD278;Wexford;;Y;EINC9;N;N;N;;;MO;;FPO, DRB, GND, OTM, OTB, GNS;7.50;0.00;Fiber/Plastic;;2012-11-01;MFL;1990-01-01;;2020-03-18
IRL000I14342;;IRL;;;1.49;0.00;0.00;;6.50;0.00;CAILIN ACLA;347;WT347;Westport;;Y;EINA8;N;N;N;;;MO;;GNS, FPO, DRB, DRM, LHP;13.92;0.00;Fiber/Plastic;;2013-01-12;MFL;2012-01-01;;
IRL000I14343;;IRL;;;0.88;0.00;0.00;;6.86;0.00;AN LAOCH;127;T127;Tralee;;Y;EIMH8;N;N;N;;;MO;;LHP, FPO;3.75;0.00;Wood;;2012-04-15;MFL;1986-01-01;;2018-10-12
IRL000I14344;;IRL;;;0.58;0.00;0.00;;5.53;0.00;LADY MARY;348;WT348;Westport;;Y;EIND5;N;N;N;;;WO;;LHP, FPO;3.00;0.00;Wood;;2013-01-12;MFL;2006-01-01;;
IRL000I14345;;IRL;;;0.42;0.00;0.00;;3.87;0.00;DIARMAID JOE;350;WT350;Westport;;Y;EINI7;N;N;N;;;WO;;GNS, LHP, FPO;0.00;0.00;Wood;;2013-03-06;MFL;2008-01-01;;
IRL000I14346;;IRL;;;1.51;0.00;0.00;;6.60;0.00;CAILIN AINE;349;WT349;Westport;;Y;EIA2624;N;N;N;;;MO;;GNS, LHM, FPO;4.00;0.00;Wood;;2013-02-22;MFL;2011-01-01;;
IRL000I14347;;IRL;;;0.79;0.00;0.00;;6.90;0.00;SUE;50;T50;Tralee;;Y;EIMA9;N;N;N;;;MO;;LNB, FPO;4.50;0.00;Fiber/Plastic;;2012-04-14;MFL;1980-01-01;;
IRL000I14348;;IRL;;;0.61;0.00;0.00;;4.86;0.00;WAVE RUNNER;423;C423;;;Y;EINE9;N;N;N;;;MO;;FPO, LHP;3.00;0.00;Fiber/Plastic;;2013-02-02;MFL;2001-01-01;;2015-07-24
IRL000I14349;;IRL;;;2.80;0.00;0.00;;6.95;0.00;TOM OG;131;DK131;;;Y;EINF2;N;N;N;;;MO;;GND, GNS;25.00;0.00;Fiber/Plastic;;2013-03-14;MFL;2012-11-01;;2016-02-16
IRL000I14350;;IRL;;;0.64;0.00;0.00;;4.85;0.00;CARA CRUM;711;D711;Dublin;;Y;EINC3;N;N;N;;;MO;;FPO, LHP;4.40;0.00;Fiber/Plastic;;2013-03-06;MFL;1996-01-01;;
IRL000I14351;;IRL;;;1.06;0.00;0.00;;4.91;0.00;CIAN MICHEAL;126;T126;Finland;;Y;EIMS6;N;N;N;;;MO;;LHP, FPO;3.00;0.00;Fiber/Plastic;;2013-01-31;MFL;1995-01-01;;2015-06-03
IRL000I14352;;IRL;;;11.09;0.00;0.00;;9.81;0.00;HELEN MARY;809;SO809;Sligo;;Y;EINK5;N;N;N;;;TO;;LHM, DRB, GND, FPO, GNS, OTM;190.00;0.00;Fiber/Plastic;;2013-04-20;MFL;2012-09-03;;
IRL000I14353;;IRL;;;0.40;0.00;0.00;;3.90;0.00;SOPHIE LOU;289;WD289;Wexford;;Y;EING9;N;N;N;;;MO;;OTB, OTM;4.00;0.00;Fiber/Plastic;;2013-03-26;MFL;2007-01-01;;
IRL000I14354;;IRL;;;2.82;0.00;0.00;;6.49;0.00;RESURRECTION II;637;S637;Skibbereen;;Y;EIMV2;N;N;N;;;MO;;DRB, GND;20.00;0.00;Fiber/Plastic;;2013-05-04;MFL;2002-01-01;;
IRL000I14355;;IRL;;;3.25;0.00;0.00;;8.05;0.00;BLUE DAWN;712;D712;Dublin;;Y;EING2;N;N;N;;;MO;;GNS, FPO, LHP, GND, OTM, OTB;30.00;0.00;Fiber/Plastic;;2013-03-09;MFL;1979-01-01;;2021-05-20
IRL000I14356;;IRL;;;0.42;0.00;0.00;;3.87;0.00;CORRAN BUI;351;WT351;Westport;;Y;EING8;N;N;N;;;MO;;GNS, GND, LHP, FPO;0.00;0.00;Fiber/Plastic;;2013-04-02;MFL;2002-01-01;;
IRL000I14357;;IRL;;;0.95;0.00;0.00;;5.39;0.00;PEIG;809A;G809A;Galway;;Y;EIGY4;N;N;N;;;DO;;DRB, NK;15.00;0.00;Wood;;2012-11-26;AQU;1941-01-01;;2019-02-19
IRL000I14358;;IRL;;;1.21;0.00;0.00;;7.23;0.00;LABHAOISE;27P;SO27P;Sligo;;Y;EINI2;N;N;N;;;WO;;FPO, NK;29.84;0.00;Fiber/Plastic;;2013-03-23;MFL;1982-01-01;;
IRL000I14359;;IRL;;;9.72;0.00;0.00;;9.83;0.00;HANNAH LILY;1;WD1;Wexford;;Y;EINM5;N;N;N;;;MO;;DRB, GNS, GND, LHP, FPO;70.00;0.00;Fiber/Plastic;;2013-05-30;MFL;2012-01-01;;2020-05-19
IRL000I14360;;IRL;;;6.65;0.00;0.00;;10.88;0.00;LEONADA;352;WT352;;;Y;EILZ4;N;N;N;;;MO;;FPO, GNS;50.00;0.00;Fiber/Plastic;;2013-04-28;MFL;1990-01-01;;2015-09-08
IRL000I14361;;IRL;;;0.49;0.00;0.00;;5.00;0.00;DANNY BOY;380;WT380;Westport;;Y;EINK3;N;N;N;;;WO;;GNS, LHP;1.50;0.00;Wood;;2013-04-04;MFL;2004-01-01;;
IRL000I14362;;IRL;;;1.25;0.00;0.00;;5.90;0.00;PIARAS A CHARA;634;S634;Skibbereen;;Y;EINO6;N;N;N;;;GO;;GNS, GND;11.20;0.00;Fiber/Plastic;;2013-05-09;MFL;2013-01-01;;2018-03-22
IRL000I14363;;IRL;;;2.67;0.00;0.00;;8.65;0.00;AINE F;819;G819;Galway;;Y;EIND8;N;N;N;;;TO;;FPO, NK;29.84;0.00;Fiber/Plastic;;2013-05-13;MFL;1987-01-01;;2022-06-14
IRL000I14364;;IRL;;;1.76;0.00;0.00;;6.41;0.00;KNOT EASY;816;G816;Galway;;Y;EINM4;N;N;N;;;WO;;LHP, GNS;13.10;0.00;Fiber/Plastic;;2013-05-04;MFL;2009-01-01;;
IRL000I14365;;IRL;;;1.29;0.00;0.00;;5.60;0.00;FULMAR;247;WD247;Wexford;;Y;EING7;N;N;N;;;MO;;OTB, OTM;12.00;0.00;Fiber/Plastic;;2013-06-15;MFL;2008-01-01;;
IRL000I14366;;IRL;;;1.09;0.00;0.00;;5.65;0.00;NAOMH CATHAL;820;G820;Galway;;Y;EI8335;N;N;N;;;WO;;FPO, GND, GNS, LHP;7.39;0.00;Fiber/Plastic;;2013-04-17;MFL;2007-01-01;;
IRL000I14367;;IRL;;;0.83;0.00;0.00;;5.50;0.00;AN PEARLA;808A;G808A;Galway;;Y;EINB9;N;N;N;;;DO;;DRB, NK;14.92;0.00;Wood;;2012-11-26;AQU;1979-01-01;;
IRL000I14368;;IRL;;;1.15;0.00;0.00;;5.66;0.00;LISA MARIE;822;G822;Galway;;Y;EINL3;N;N;N;;;WO;;GNS, GND;3.73;0.00;Fiber/Plastic;;2013-07-04;MFL;2000-01-01;;
IRL000I14369;;IRL;;;0.66;0.00;0.00;;4.84;0.00;FULMAR;316;W316;;;Y;EINT4;N;N;N;;;MO;;LNB, FPO;5.97;0.00;Fiber/Plastic;;2013-05-14;MFL;2003-01-01;;2016-10-11
IRL000I14370;;IRL;;;0.86;0.00;0.00;;5.01;0.00;NICOLE MARIE;821;G821;Galway;;Y;EINL9;N;N;N;;;MO;;FPO, LHP, GNS, GND;11.00;0.00;Fiber/Plastic;;2013-06-16;MFL;1995-01-01;;2022-03-10
IRL000I14371;;IRL;;;1.55;0.00;0.00;;6.40;0.00;SINEAD MARIA;367;SO367;Sligo;;Y;EINO7;N;N;N;;;WO;;FPO, NK;11.20;0.00;Wood;;2013-05-04;MFL;2012-01-01;;
IRL000I14372;;IRL;;;0.70;0.00;0.00;;5.20;0.00;FLYING FISH;632;S632;Skibbereen;;Y;EIOB2;N;N;N;;;MO;;FPO, GNS;14.92;0.00;Fiber/Plastic;;2013-07-31;MFL;2010-01-01;;
IRL000I14373;;IRL;;;1.75;0.00;0.00;;5.90;0.00;EDWARD BERNARD;292;WD292;Wexford;;Y;EINE6;N;N;N;;;MO;;GNS, LHP;18.65;0.00;Fiber/Plastic;;2013-08-10;MFL;2009-01-01;;
IRL000I14374;;IRL;;;1.31;0.00;0.00;;5.84;0.00;SAOIRSE;129;T129;Tralee;;Y;EIOB6;N;N;N;;;MO;;FPO, DRB;7.50;0.00;Fiber/Plastic;;2013-09-17;MFL;2007-01-01;;2018-02-06
IRL000I14375;;IRL;;;1.70;0.00;0.00;;6.17;0.00;MEEVAGH I;293;SO293;;;Y;EINL7;N;N;N;;;WO;;FPO, LHP;16.32;0.00;Fiber/Plastic;;2013-06-01;MFL;2002-01-01;;2016-07-05
IRL000I14376;;IRL;;;0.64;0.00;0.00;;5.65;0.00;SHEILA;711;S711;Skibbereen;;Y;EINW2;N;N;N;;;MO;;LLS, FPO, GNS;15.00;0.00;Fiber/Plastic;;2013-09-30;MFL;2013-01-01;;
IRL000I14377;;IRL;;;3.43;0.00;0.00;;7.53;0.00;ABBEY MARIE;373P;SO373P;Sligo;;Y;EINU4;N;N;N;;;WO;;FPO, NK;40.96;0.00;Fiber/Plastic;;2013-03-23;MFL;1986-01-01;;
IRL000I14378;;IRL;;;12.00;0.00;0.00;;9.75;0.00;PROVIDER;375;SO375;Sligo;;Y;EINX2;N;N;N;;;TO;;OTB, GNS, DRB, OTM;70.00;0.00;Metal;;2013-09-06;MFL;1992-01-01;;
IRL000I14379;;IRL;;;1.12;0.00;0.00;;5.88;0.00;MARINA MARIE;379;SO379;Tralee;;Y;EIA2336;N;N;N;;;MO;;LHP, GNS, GND, FPO;10.00;0.00;Fiber/Plastic;;2013-07-24;MFL;2013-01-01;;
IRL000I14380;;IRL;;;1.48;0.00;0.00;;5.85;0.00;EVA LEAH;377;SO377;Sligo;;Y;EIOH4;N;N;N;;;MO;;GNS, GND;22.18;0.00;Fiber/Plastic;;2013-10-27;MFL;2013-01-01;;
IRL000I14381;;IRL;;;0.82;0.00;0.00;;5.80;0.00;MAGDALENA;356;WT356;Westport;;Y;EINK9;N;N;N;;;WO;;GNS, GND;2.98;0.00;Fiber/Plastic;;2013-06-03;MFL;2002-01-01;;
IRL000I14382;;IRL;;;4.93;0.00;0.00;;8.35;0.00;TARAH F;640;S640;;;Y;EIOA9;N;N;N;;;MO;;FPO, GNS;34.00;0.00;Fiber/Plastic;;2013-09-07;MFL;1986-01-01;;2016-07-27
IRL000I14383;;IRL;;;0.94;0.00;0.00;;5.72;0.00;BAY FISHER;317;W317;Waterford;;Y;EIOC4;N;N;N;;;MO;;FPO, GNS, LHP, DRB, GND;6.00;0.00;Wood;;2013-09-26;MFL;1998-01-01;;2024-05-20
IRL000I14384;;IRL;;;1.35;0.00;0.00;;5.91;0.00;ST BRIDGET;823P;G823P;Galway;;Y;EIOD4;N;N;N;;;TO;;FPO, NK;22.38;0.00;Fiber/Plastic;;2013-04-02;MFL;2007-01-01;;
IRL000I14385;;IRL;;;1.34;0.00;0.00;;5.84;0.00;MERMAID;262P;W262P;Waterford;;Y;EIOE9;N;N;N;;;WO;;FPO, NK;11.00;0.00;Fiber/Plastic;;2010-10-03;MFL;2000-01-01;;
IRL000I14386;;IRL;;;2.35;0.00;0.00;;6.10;0.00;RINN DOIRE;354;WT354;Westport;;Y;EINJ7;N;N;N;;;MO;;DRB, FPO, OTB, LHP, GNS;9.70;0.00;Fiber/Plastic;;2013-10-07;MFL;1980-01-01;;
IRL000I14387;;IRL;;;1.00;0.00;0.00;;5.80;0.00;DOUGLAS HYDE;358P;WT358P;Westport;;Y;EINW9;N;N;N;;;WO;;FPO, NK;29.83;0.00;Fiber/Plastic;;2013-10-24;MFL;2007-01-01;;
IRL000I14388;;IRL;;;2.04;0.00;0.00;;6.34;0.00;HAPPY OUT;825;G825;Galway;;Y;EIOC2;N;N;N;;;MO;;FPO, LHP;10.00;0.00;Fiber/Plastic;;2013-11-29;MFL;1989-01-01;;2018-05-28
IRL000I14389;;IRL;;;1.29;0.00;0.00;;5.59;0.00;INDIEROSE;359;W359;Waterford;;Y;EION8;N;N;N;;;MO;;FPO, LHP, GND, GNS, DRB;7.38;0.00;Fiber/Plastic;;2013-12-03;MFL;1992-01-01;;
IRL000I14390;;IRL;;;0.53;0.00;0.00;;5.40;0.00;ANN GERALDINE;359;WT359;;;Y;EIOB3;N;N;N;;;WO;;GND, FPO;2.98;0.00;Wood;;2013-10-12;MFL;2005-01-01;;2016-08-16
IRL000I14391;;IRL;;;1.35;0.00;0.00;;5.49;0.00;UNA AINE;826;G826;Galway;;Y;EINM9;N;N;N;;;WO;;FPO, GND;5.96;0.00;Fiber/Plastic;;2013-11-29;MFL;1990-01-01;;
IRL000I14392;;IRL;;;1.21;0.00;0.00;;5.90;0.00;MERT;426;C426;Cork;;Y;EINX8;N;N;N;;;WO;;FPO, NK;3.70;0.00;Fiber/Plastic;;2013-07-15;MFL;2013-01-01;;2025-06-19
IRL000I14393;;IRL;;;6.87;0.00;0.00;;9.48;0.00;SEA ECHO;647;S647;Skibbereen;;Y;EINE3;N;N;N;;;MO;;OTB, DRB;89.48;0.00;Fiber/Plastic;;2013-10-05;MFL;1992-01-01;;
IRL000I14394;;IRL;;;0.75;0.00;0.00;;5.87;0.00;ST COLM;828;G828;Galway;;Y;EIOJ9;N;N;N;;;MO;;FPO, LHP;3.00;0.00;Wood;;2013-12-21;MFL;2000-01-01;;
IRL000I14395;;IRL;;;11.33;0.00;0.00;;11.20;0.00;EALLA BHAN;829;G829;Galway;;Y;EIOE4;N;N;N;;;MO;;FPO, LHP;42.50;0.00;Fiber/Plastic;;2013-11-09;MFL;1990-01-01;;
IRL000I14396;;IRL;;;2.80;0.00;0.00;;7.68;0.00;BOY ADAM;360A;WT360A;;;Y;EIIZ9;N;N;N;;;DO;;DRB, NK;21.60;0.00;Fiber/Plastic;;2014-01-23;AQU;1990-01-01;;2017-05-11
IRL000I14397;;IRL;;;0.73;0.00;0.00;;6.10;0.00;MARINA II;827P;G827P;Galway;;Y;EINZ8;N;N;N;;;WO;;FPO, NK;7.38;0.00;Wood;;2013-10-10;MFL;2012-01-01;;
IRL000I14398;;IRL;;;1.27;0.00;0.00;;5.80;0.00;BOY ADAM II;648P;S648P;Skibbereen;;Y;EIOL7;N;N;N;;;WO;;FPO, NK;14.70;0.00;Fiber/Plastic;;2013-09-30;MFL;1992-01-01;;
IRL000I14399;;IRL;;;3.30;0.00;0.00;;7.02;0.00;BARBARA BHEAG;832;G832;Galway;;Y;EIOE3;N;N;N;;;MO;;FPO, LHP;21.00;0.00;Metal;;2014-01-20;MFL;2003-01-01;;
IRL000I14400;;IRL;;;2.75;0.00;0.00;;9.59;0.00;MARINA MARIE;379;SO379;Sligo;;Y;EIOC9;N;N;N;;;GO;;GND, FPO, GNS;26.00;0.00;Fiber/Plastic;;2014-01-16;MFL;2007-01-01;;2023-02-28
IRL000I14401;;IRL;;;1.18;0.00;0.00;;5.80;0.00;ST OWEN;224;SO224;;;Y;EIOM8;N;N;N;;;MO;;PS, GND;4.47;0.00;Fiber/Plastic;;2014-01-21;MFL;2012-01-01;;2016-06-01
IRL000I14402;;IRL;;;10.86;0.00;0.00;;11.38;0.00;FREIGHA ROSE;714;D714;Dublin;;Y;EIOJ2;N;N;N;;;MO;;OTB, OTM;55.00;0.00;Metal;;2014-02-27;MFL;1999-01-01;;
IRL000I14403;;IRL;;;1.45;0.00;0.00;;5.55;0.00;MACDARA;831;G831;Galway;;Y;EIOI6;N;N;N;;;MO;;FPO, LHP;7.39;0.00;Fiber/Plastic;;2014-02-27;MFL;2000-01-01;;
IRL000I14404;;IRL;;;0.71;0.00;0.00;;5.10;0.00;ROISIN ANNE II;717;SO717;;;Y;EIGR7;N;N;N;;;WO;;FPO, GND;7.50;0.00;Fiber/Plastic;;2014-02-07;MFL;1985-01-01;;2016-02-11
IRL000I14405;;IRL;;;0.63;0.00;0.00;;4.85;0.00;FRANKFORD LADY II;19;SO19;Sligo;;Y;EIOI7;N;N;N;;;WO;;GND, FPO;5.96;0.00;Fiber/Plastic;;2013-12-01;MFL;1993-01-01;;
IRL000I14406;;IRL;;;2.42;0.00;0.00;;8.46;0.00;AVA LEE;340;WD340;Wexford;;Y;EIOM3;N;N;N;;;WO;;FPO, GNS, LHP;34.00;0.00;Fiber/Plastic;;2014-02-27;MFL;1991-01-01;;
IRL000I14408;;IRL;;;1.49;0.00;0.00;;7.24;0.00;SHAUNA MARIE;380;SO380;Sligo;;Y;EIOR8;N;N;N;;;MO;;FPO, GNS, GND, LHP;18.00;0.00;Fiber/Plastic;;2014-03-01;MFL;1991-01-01;;2021-06-14
IRL000I14409;;IRL;;;2.69;0.00;0.00;;8.09;0.00;AISLING J;299;WD299;Wexford;;Y;EIOT2;N;N;N;;;MO;;DRB, NK;34.00;0.00;Fiber/Plastic;;2014-02-26;MFL;1986-01-01;;
IRL000I14410;;IRL;;;0.94;0.00;0.00;;5.32;0.00;LUCKY DEAL;298;WD298;Wexford;;Y;EINQ2;N;N;N;;;MO;;GND, GNS;3.35;0.00;Fiber/Plastic;;2013-08-10;MFL;1992-01-01;;
IRL000I14411;;IRL;;;3.07;0.00;0.00;;8.00;0.00;ROISIN ANN;833;G833;Galway;;Y;EIOP7;N;N;N;;;MO;;OTB, DRB;37.29;0.00;Fiber/Plastic;;2014-02-22;MFL;1989-01-01;;
IRL000I14412;;IRL;;;1.10;0.00;0.00;;5.74;0.00;SHIP HAPPENS;86;S86;Skibbereen;;Y;EIOP4;N;N;N;;;MO;;GNS, FPO;20.00;0.00;Fiber/Plastic;;2014-02-23;MFL;2003-01-01;;
IRL000I14413;;IRL;;;3.96;0.00;0.00;;9.44;0.00;ALISHA MARY;382;SO382;;;Y;EIOS6;N;N;N;;;MO;;GND, FPO;35.00;0.00;Wood;;2014-03-02;MFL;1986-01-01;;2015-06-08
IRL000I14414;;IRL;;;11.07;0.00;0.00;;13.23;0.00;NAOMH OISIN;50;DA50;Drogheda;;Y;EIOT8;Y;Y;N;;;DO;;DRB, NK;69.00;0.00;Metal;;2014-04-24;MFL;1985-01-01;;2021-10-14
IRL000I14415;;IRL;;;1.10;0.00;0.00;;5.62;0.00;GIRL EILEEN II;431;C431;;;Y;EIQJ8;N;N;N;;;WO;;GNS, FPO;4.48;0.00;Fiber/Plastic;;2014-03-02;MFL;1993-01-01;;2016-02-11
IRL000I14416;;IRL;;;1.20;0.00;0.00;;6.80;0.00;GIRL MAIREAD;27;WT27;Sligo;;Y;EIOO3;N;N;N;;;MO;;GND, GNS, PTM, PS, OTM;22.38;0.00;Fiber/Plastic;;2014-05-13;MFL;2014-01-01;;
IRL000I14417;;IRL;;;2.57;0.00;0.00;;6.49;0.00;BOY WILLIAM;300;WD300;Wexford;;Y;EIA2164;N;N;N;;;MO;;GND, OTM, OTB, LHP, GNS, FPO;27.38;0.00;Fiber/Plastic;;2014-05-09;MFL;1988-01-01;;
IRL000I14418;;IRL;;;2.25;0.00;0.00;;7.48;0.00;FOUR WINDS;427;C427;Cork;;Y;EIPD7;N;N;N;;;MO;;FPO, GNS, OTB, LHP, OTM;8.00;0.00;Fiber/Plastic;;2014-06-26;MFL;1998-01-01;;
IRL000I14419;;IRL;;;5.80;0.00;0.00;;10.55;0.00;JOSEPH M;301;WD301;Wexford;;Y;EIOL6;N;N;N;;;DO;;DRB, NK;59.68;0.00;Metal;;2014-06-21;MFL;1982-01-01;;
IRL000I14420;;IRL;;;1.87;0.00;0.00;;6.03;0.00;SEA KAY;815A;G815A;Galway;;Y;EINB8;N;N;N;;;DO;;HMD, NK;10.00;0.00;Fiber/Plastic;;2013-03-27;AQU;1984-01-01;;
IRL000I14421;;IRL;;;0.73;0.00;0.00;;6.10;0.00;ANNA 2;563P;G563P;Galway;;Y;EIOU5;N;N;N;;;WO;;FPO, NK;18.65;0.00;Wood;;2014-06-10;MFL;2008-01-01;;
IRL000I14422;;IRL;;;1.42;0.00;0.00;;6.70;0.00;ST BRIDGET;834;G834;Galway;;Y;EIOL8;N;N;N;;;MO;;FPO, GNS;7.39;0.00;Wood;;2014-06-01;MFL;2001-01-01;;
IRL000I14423;;IRL;;;1.73;0.00;0.00;;5.81;0.00;ORION;651;S651;;;Y;EIPD4;N;N;N;;;MO;;GND, FPO;9.50;0.00;Fiber/Plastic;;2014-07-21;MFL;1975-01-01;;2014-12-12
IRL000I14424;;IRL;;;7.21;0.00;0.00;;11.12;0.00;BAD BOYZ;715;D715;Dublin;;Y;EIPA8;N;N;N;;;DO;;DRB, NK;83.00;0.00;Metal;;2014-07-28;MFL;1986-01-01;;
IRL000I14425;;IRL;;;12.66;0.00;0.00;;11.98;0.00;SWILLY STAR;808;SO808;Sligo;;Y;EIOZ4;N;N;N;;;MO;;GND, FPO;89.53;0.00;Fiber/Plastic;;2014-06-21;MFL;2014-01-01;;
IRL000I14426;;IRL;;;5.38;0.00;0.00;;9.87;0.00;OILEAIN AN TEAMPAILL;835;G835;Galway;;Y;EIOT9;N;N;N;;;MO;;GND, FPO;27.60;0.00;Wood;;2014-07-19;MFL;1980-01-01;;
IRL000I14427;;IRL;;;0.95;0.00;0.00;;5.27;0.00;LOCH ISLAND;388;S388;Skibbereen;;Y;EIPH6;N;N;N;;;MO;;GND, GNS, LHP, FPO;15.00;0.00;Fiber/Plastic;;2001-11-21;MFL;1992-01-01;;
IRL000I14428;;IRL;;;1.09;0.00;0.00;;4.92;0.00;GERALDINE;609;SO609;Sligo;;Y;EIPC3;N;N;N;;;MO;;FPO, DRB, LHP, GNS;6.00;0.00;Fiber/Plastic;;2014-07-01;MFL;2004-01-01;;2021-01-18
IRL000I14429;;IRL;;;4.23;0.00;0.00;;9.45;0.00;JOHNNY B;297;WD297;Wexford;;Y;EIPG8;N;N;N;;;MO;;FPO, GND;96.98;0.00;Fiber/Plastic;;2014-07-30;MFL;2014-01-01;;
IRL000I14430;;IRL;;;0.96;0.00;0.00;;6.05;0.00;MYIA;837P;G837P;Galway;;Y;EIPF5;N;N;N;;;WO;;FPO, NK;14.80;0.00;Fiber/Plastic;;2014-08-29;MFL;2008-01-01;;2022-07-06
IRL000I14431;;IRL;;;1.03;0.00;0.00;;5.20;0.00;THE SWALLOW;132A;T132A;Tralee;;Y;EIPH8;N;N;N;;;DO;;DRB, NK;11.19;0.00;Fiber/Plastic;;2014-08-28;AQU;1994-01-01;;
IRL000I14432;;IRL;;;1.48;0.00;0.00;;6.91;0.00;SEAMROG;678;S678;Skibbereen;;Y;EIUB2;N;N;N;;;MO;;OTB, FPO, GNS;15.00;0.00;Fiber/Plastic;;2014-09-27;MFL;1998-01-01;;2022-04-26
IRL000I14433;;IRL;;;4.25;0.00;0.00;;7.52;0.00;AOIBHE NA MARA;652;S652;Skibbereen;;Y;EIPK4;N;N;N;;;MO;;GND, FPO;59.65;0.00;Fiber/Plastic;;2014-09-28;MFL;1982-01-01;;
IRL000I14434;;IRL;;;2.73;0.00;0.00;;6.36;0.00;NELLSA;838;G838;United Kingdom;;Y;EIPK6;N;N;N;;;MO;;GND, FPO;11.19;0.00;Fiber/Plastic;;2014-06-21;MFL;1994-01-01;;2015-03-24
IRL000I14435;;IRL;;;1.14;0.00;0.00;;5.65;0.00;UISCE FUINNEOG;34P;SO34P;Sligo;;Y;EIPN9;N;N;N;;;WO;;FPO, NK;7.50;0.00;Fiber/Plastic;;2014-05-07;MFL;1995-01-01;;
IRL000I14436;;IRL;;;0.89;0.00;0.00;;5.24;0.00;ROSS;134;T134;Tralee;;Y;EIPC6;N;N;N;;;MO;;FPO, GND;4.50;0.00;Fiber/Plastic;;2014-08-30;MFL;2000-01-01;;
IRL000I14437;;IRL;;;1.65;0.00;0.00;;5.85;0.00;BUTTERFLY;331;W331;Galway;;Y;EIWD2;N;N;N;;;MO;;GND, FPO, GNS, LHP, TBB, OTM;7.40;0.00;Fiber/Plastic;;2014-10-26;MFL;1994-01-01;;
IRL000I14438;;IRL;;;1.48;0.00;0.00;;6.38;0.00;ELSIE;840;G840;Galway;;Y;EIPP4;N;N;N;;;WO;;FPO, GNS, LHP;17.50;0.00;Fiber/Plastic;;2014-11-22;MFL;2009-01-01;;2022-05-11
IRL000I14439;;IRL;;;1.11;0.00;0.00;;5.60;0.00;MISTY SEA II;312;W312;Waterford;;Y;EID2;N;N;N;;;MO;;FPO, LHP;2.90;0.00;Fiber/Plastic;;2014-05-03;MFL;2004-01-01;;
IRL000I14440;;IRL;;;2.45;0.00;0.00;;6.55;0.00;OCEAN WARRIOR;842A;G842A;Galway;;Y;EIPO5;N;N;N;;;DO;;DRB, NK;29.84;0.00;Fiber/Plastic;;2014-10-30;AQU;1980-01-01;;
IRL000I14441;;IRL;;;2.20;0.00;0.00;;6.25;0.00;ST CLARE;841A;G841A;Galway;;Y;EIPP3;N;N;N;;;DO;;DRB, NK;14.70;0.00;Fiber/Plastic;;2014-11-03;AQU;1998-01-01;;2025-01-21
IRL000I14442;;IRL;;;1.62;0.00;0.00;;5.81;0.00;SARAH AMY;843;G843;Galway;;Y;EIPL7;N;N;N;;;MO;;FPO, LHP;3.00;0.00;Fiber/Plastic;;2014-10-26;MFL;2005-01-01;;
IRL000I14443;;IRL;;;0.69;0.00;0.00;;5.20;0.00;CIARA ROSE;183;SO183;Sligo;;Y;EIPQ7;N;N;N;;;MO;;LHP, GNS;3.73;0.00;Fiber/Plastic;;2014-11-15;MFL;2000-01-01;;
IRL000I14444;;IRL;;;8.91;0.00;0.00;;11.33;0.00;GEORGIA W;113;DK113;Dundalk;;Y;EIPQ6;N;N;N;;;DO;;DRB, NK;86.00;0.00;Metal;;2014-11-28;MFL;1999-01-01;;
IRL000I14445;;IRL;;;1.12;0.00;0.00;;5.10;0.00;CUL AINE;480;SO480;Sligo;;Y;EIOX5;N;N;N;;;MO;;GND, FPO;18.39;0.00;Fiber/Plastic;;2014-09-29;MFL;2006-01-01;;
IRL000I14446;;IRL;;;6.15;0.00;0.00;;9.97;0.00;AINGEAL NA MARA;405;WT405;Westport;;Y;EIPP7;N;N;N;;;WO;;FPO, LHP, DRB;82.06;0.00;Fiber/Plastic;;2014-11-29;MFL;1988-01-01;;
IRL000I14447;;IRL;;;1.47;0.00;0.00;;5.85;0.00;ST MARTIN;51P;SO51P;Sligo;;Y;EIPL2;N;N;N;;;WO;;FPO, NK;11.19;0.00;Fiber/Plastic;;2014-10-25;MFL;2014-01-01;;
IRL000I14448;;IRL;;;1.28;0.00;0.00;;5.73;0.00;JOSHUA;77A;T77A;Tralee;;Y;EIPR4;N;N;N;;;DO;;DRB, NK;7.38;0.00;Fiber/Plastic;;2014-12-01;AQU;2014-01-01;;
IRL000I14449;;IRL;;;206.00;0.00;0.00;;24.01;0.00;PATRICK C;107;DA107;Drogheda;;Y;EIPJ5;Y;Y;Y;9730763;;TO;;OTB, NK;480.00;0.00;Metal;;2014-11-13;MFL;2014-02-14;;
IRL000I14450;;IRL;;;1.77;0.00;0.00;;5.81;0.00;SUSIE P;320;W320;Waterford;;Y;EIPS5;N;N;N;;;MO;;GND, FPO;11.19;0.00;Fiber/Plastic;;2012-05-01;MFL;2006-01-01;;
IRL000I14451;;IRL;;;0.75;0.00;0.00;;6.13;0.00;FRANCESCA;844;G844;Galway;;Y;EIOW7;N;N;N;;;MO;;GNS, GND, FPO, LHP;5.92;0.00;Wood;;2014-12-17;MFL;1993-01-01;;
IRL000I14452;;IRL;;;0.53;0.00;0.00;;4.70;0.00;MARCAIS;845P;G845P;Galway;;Y;EIOU2;N;N;N;;;WO;;FPO, NK;5.97;0.00;Fiber/Plastic;;2014-07-16;MFL;2000-01-01;;
IRL000I14453;;IRL;;;0.77;0.00;0.00;;5.17;0.00;CALLUM J;1;SO1;Sligo;;Y;EIRV6;N;N;N;;;MO;;LLS, FPO, LHP, GNS, GND, LLD;3.00;0.00;Fiber/Plastic;;2014-11-29;MFL;2000-01-01;;2021-06-29
IRL000I14454;;IRL;;;0.72;0.00;0.00;;5.20;0.00;RYNN MAGEE;363;WT363;Westport;;Y;EION9;N;N;N;;;WO;;GND, GNS;2.98;0.00;Fiber/Plastic;;2014-03-02;MFL;2005-01-01;;
IRL000I14455;;IRL;;;6.40;0.00;0.00;;9.70;0.00;BAY VENTURE;751;S751;Skibbereen;;Y;EIPO3;N;N;N;;;MO;;OTB, OTM;96.00;0.00;Fiber/Plastic;;2014-11-29;MFL;2014-01-01;;
IRL000I14456;;IRL;;;13.10;0.00;0.00;;10.99;0.00;BRANWEN;304;WD304;Wexford;;Y;EIPP5;N;N;N;;;DO;;DRB, NK;119.00;0.00;Metal;;2015-02-06;MFL;1999-01-01;;
IRL000I14457;;IRL;;;1.70;0.00;0.00;;6.88;0.00;DAWN TREADER;429;C429;Cork;;Y;EIA2450;N;N;N;;;MO;;GND, LHP, FPO, GNS;11.80;0.00;Fiber/Plastic;;2014-11-11;MFL;2014-01-01;;
IRL000I14458;;IRL;;;1.19;0.00;0.00;;5.73;0.00;AVA;847;G847;Galway;;Y;EIPP8;N;N;N;;;MO;;FPO, GND;14.80;0.00;Fiber/Plastic;;2015-01-01;MFL;2000-01-01;;
IRL000I14459;;IRL;;;0.76;0.00;0.00;;4.94;0.00;GERENE;700;SO700;Sligo;;Y;EIPD5;N;N;N;;;MO;;GNC, GND;3.00;0.00;Fiber/Plastic;;2014-11-15;MFL;1994-01-01;;
IRL000I14460;;IRL;;;0.31;0.00;0.00;;3.68;0.00;MARY ANNE;364;WT364;Westport;;Y;EIPQ5;N;N;N;;;WO;;FPO, GND;0.00;0.00;Wood;;2014-12-04;MFL;2012-01-01;;
IRL000I14461;;IRL;;;4.77;0.00;0.00;;9.15;0.00;ATLANTIC CHIEF;430;C430;Cork;;Y;EIPN3;N;N;N;;;GO;;GNS, FPO;41.00;0.00;Fiber/Plastic;;2015-02-25;MFL;2014-01-01;;
IRL000I14462;;IRL;;;12.37;0.00;0.00;;9.98;0.00;MAGGIE B;846;G846;Galway;;Y;EIPU3;N;N;N;;;MO;;OTM, GND, GNS, LHP, DRB, FPO;72.05;0.00;Fiber/Plastic;;2008-05-13;MFL;2001-01-01;;
IRL000I14463;;IRL;;;13.71;0.00;0.00;;11.09;0.00;OUR ROSE;110;DA110;Drogheda;;Y;EIPO8;N;N;N;;;DO;;DRB, HMD;52.00;0.00;Fiber/Plastic;;2015-03-11;MFL;1978-01-01;;
IRL000I14464;;IRL;;;4.06;0.00;0.00;;7.48;0.00;BUTTERCUP II;365A;WT365A;Westport;;Y;EIPS8;N;N;N;;;DO;;DRB, NK;52.00;0.00;Fiber/Plastic;;2015-02-02;AQU;1995-01-01;;
IRL000I14465;;IRL;;;33.60;0.00;0.00;;14.78;0.00;TORBAY ENDEAVOUR;848;G848;Galway;;Y;EIZF3;Y;Y;N;;;DO;;DRB, NK;115.00;0.00;Metal;;1998-02-01;MFL;1975-01-01;;
IRL000I14466;;IRL;;;0.77;0.00;0.00;;5.00;0.00;JAYNE D;57P;SO57P;Sligo;;Y;EIPK3;N;N;N;;;WO;;FPO, NK;7.39;0.00;Fiber/Plastic;;2014-11-15;MFL;2010-01-01;;
IRL000I14467;;IRL;;;2.38;0.00;0.00;;7.06;0.00;FAIRWATER;656;S656;Skibbereen;;Y;EIPZ5;N;N;N;;;MO;;DRB, LNB;22.00;0.00;Fiber/Plastic;;2015-03-28;MFL;1985-01-01;;
IRL000I14468;;IRL;;;0.73;0.00;0.00;;4.90;0.00;FILI FISHER;657;S657;Skibbereen;;Y;EI8558;N;N;N;;;MO;;GND, FPO;3.60;0.00;Fiber/Plastic;;2014-11-27;MFL;2008-01-01;;
IRL000I14469;;IRL;;;3.43;0.00;0.00;;7.08;0.00;CASSIE;265;SO265;Sligo;;Y;EIQB5;N;N;N;;;DO;;DRB, NK;36.00;0.00;Fiber/Plastic;;2015-04-20;MFL;1995-01-01;;
IRL000I14470;;IRL;;;0.86;0.00;0.00;;5.22;0.00;PRINCESS;658;S658;Skibbereen;;Y;EIPN2;N;N;N;;;WO;;OTM, GND;3.70;0.00;Fiber/Plastic;;2015-03-12;MFL;2007-01-01;;
IRL000I14471;;IRL;;;0.97;0.00;0.00;;5.33;0.00;GANNET;286;S286;Skibbereen;;Y;EIPT3;N;N;N;;;WO;;FPO, NK;11.20;0.00;Fiber/Plastic;;2008-01-01;MFL;2008-01-01;;
IRL000I14472;;IRL;;;7.00;0.00;0.00;;9.98;0.00;ROCKABILL LIGHT;121;DA121;Sligo;;Y;EIPR2;N;N;N;;;DO;;DRB, NK;93.00;0.00;Metal;;1988-09-14;MFL;1988-01-01;;2025-07-09
IRL000I14473;;IRL;;;0.91;0.00;0.00;;5.90;0.00;EITHNE HELEN;849;G849;United Kingdom;;Y;EIPZ9;N;N;N;;;GO;;FPO, LHP;4.24;0.00;Fiber/Plastic;;2015-04-21;MFL;1995-01-01;;2017-06-19
IRL000I14474;;IRL;;;0.92;0.00;0.00;;5.68;0.00;ESKADOUR;659;S659;Skibbereen;;Y;EIPY5;N;N;N;;;MO;;LTL, LHP, LLS, GNS, FPO, GND;7.28;0.00;Fiber/Plastic;;2015-05-30;MFL;2008-01-01;;
IRL000I14475;;IRL;;;1.06;0.00;0.00;;6.20;0.00;GOBNAIT;378P;C378P;Cork;;Y;EIQA7;N;N;N;;;WO;;FPO, NK;14.70;0.00;Fiber/Plastic;;2014-11-10;MFL;1980-01-01;;
IRL000I14476;;IRL;;;0.75;0.00;0.00;;5.22;0.00;ESKADOUR GLORY;47;T47;Tralee;;Y;EIBG3;N;N;N;;;WO;;GNS, LHP, FPO;7.28;0.00;Fiber/Plastic;;2015-05-14;MFL;2008-01-01;;
IRL000I14477;;IRL;;;9.19;0.00;0.00;;11.30;0.00;MALAK S;390;SO390;Sligo;;Y;EIPR3;N;N;N;;;DO;;DRB, DRM;100.00;0.00;Metal;;2015-04-25;MFL;1979-01-01;;
IRL000I14478;;IRL;;;1.05;0.00;0.00;;4.91;0.00;ALICE;850;G850;Galway;;Y;EIPY7;N;N;N;;;MO;;FPO, LHP, GNS;7.50;0.00;Fiber/Plastic;;2014-11-16;MFL;2000-01-01;;
IRL000I14479;;IRL;;;1.99;0.00;0.00;;7.25;0.00;MURUCH;851;G851;Galway;;Y;EIQH3;N;N;N;;;WO;;FPO, GND, GNS;20.29;0.00;Fiber/Plastic;;2015-06-04;MFL;1986-01-01;;
IRL000I14480;;IRL;;;2.75;0.00;0.00;;9.00;0.00;NICOLA;189P;SO189P;Sligo;;Y;EI4063;N;N;N;;;WO;;FPO, NK;16.00;0.00;Wood;;2015-07-10;MFL;1986-01-01;;
IRL000I14481;;IRL;;;4.21;0.00;0.00;;8.73;0.00;DEEP COVE;133;T133;Tralee;;Y;EI2261;N;N;N;;;MO;;LHP, GND, FPO, DRB, GNS;68.25;0.00;Fiber/Plastic;;2015-03-23;MFL;1983-01-01;;
IRL000I14482;;IRL;;;1.24;0.00;0.00;;5.98;0.00;PADRAIG II;852;G852;Galway;;Y;EIQL4;N;N;N;;;WO;;FPO, NK;7.38;0.00;Fiber/Plastic;;2015-07-03;MFL;1997-01-01;;2024-03-07
IRL000I14483;;IRL;;;1.07;0.00;0.00;;5.83;0.00;DEAN RICHARD;660;S660;Skibbereen;;Y;EI8489;N;N;N;;;MO;;FPO, DRB;18.65;0.00;Fiber/Plastic;;2015-07-27;MFL;2014-01-01;;
IRL000I14484;;IRL;;;0.75;0.00;0.00;;5.68;0.00;EVAN MARTIN;528P;T528P;Tralee;;Y;EIQH8;N;N;N;;;WO;;FPO, NK;11.00;0.00;Fiber/Plastic;;2015-06-26;MFL;1995-01-01;;
IRL000I14485;;IRL;;;325.00;0.00;0.00;;27.35;0.00;COLMCILLE;186;G186;Galway;;Y;EIQD8;Y;Y;Y;9734226;;TO;;OTM, NK;719.00;0.00;Metal;;2015-07-27;MFL;2015-01-01;;
IRL000I14486;;IRL;;;325.00;0.00;0.00;;27.35;0.00;WESTWARD ISLE;185;G185;Galway;;Y;EIQD9;Y;Y;Y;9734240;;TO;;OTM, NK;680.00;0.00;Metal;;2015-07-27;MFL;2015-01-01;;
IRL000I14487;;IRL;;;1.34;0.00;0.00;;6.21;0.00;LUCY JANE;463;SO463;Sligo;;Y;EIQQ5;N;N;N;;;MO;;FPO, GNS;19.00;0.00;Fiber/Plastic;;2015-07-15;MFL;1998-01-01;;
IRL000I14488;;IRL;;;1.46;0.00;0.00;;5.82;0.00;DAWN SHRIMPER;136;T136;Tralee;;Y;EINW4;N;N;N;;;MO;;FPO, LHP;7.40;0.00;Fiber/Plastic;;2013-06-21;MFL;2007-01-01;;
IRL000I14489;;IRL;;;0.94;0.00;0.00;;5.10;0.00;LORNEL IV;853P;G853P;Galway;;Y;EIQB2;N;N;N;;;WO;;FPO, NK;48.00;0.00;Fiber/Plastic;;2015-06-11;MFL;1995-01-01;;
IRL000I14490;;IRL;;;1.40;0.00;0.00;;5.86;0.00;SWAN;235;S235;Skibbereen;;Y;EIQQ4;N;N;N;;;MO;;FPO, GND;11.18;0.00;Fiber/Plastic;;2015-07-08;MFL;2009-01-01;;
IRL000I14491;;IRL;;;0.88;0.00;0.00;;6.60;0.00;AN CAILIN;632P;G632P;Galway;;Y;EIAW8;N;N;N;;;WO;;FPO, NK;5.97;0.00;Wood;;2014-05-09;MFL;2007-01-01;;
IRL000I14492;;IRL;;;0.95;0.00;0.00;;5.53;0.00;OISIN II;854;G854;Galway;;Y;EIQC7;N;N;N;;;MO;;FPO, LHP;3.73;0.00;Fiber/Plastic;;2015-05-14;MFL;2009-01-01;;
IRL000I14493;;IRL;;;1177.00;0.00;0.00;;56.50;0.00;WESTERN VIKING;718;SO718;Sligo;;Y;EIQD6;Y;Y;Y;9746085;;TO;;OTM, NK;2999.00;0.00;Metal;;2015-09-30;MFL;2015-01-01;;
IRL000I14494;;IRL;;;8.25;0.00;0.00;;10.58;0.00;KESTREL II;17;T17;Tralee;;Y;EIPY6;N;N;N;;;MO;;GNS, LHP, FPO;47.00;0.00;Fiber/Plastic;;2015-09-02;MFL;1980-01-01;;
IRL000I14495;;IRL;;;2.13;0.00;0.00;;6.60;0.00;CAPALL BAN;722A;G722A;Galway;;Y;EIEG6;N;N;N;;;DO;;DRB, NK;15.00;0.00;Wood;;2007-10-27;AQU;2007-01-01;;
IRL000I14496;;IRL;;;0.52;0.00;0.00;;5.56;0.00;CORRAGAUN LASS;367;WT367;Westport;;Y;EIQI6;N;N;N;;;MO;;GNS, GND, FPO, LHP;4.47;0.00;Fiber/Plastic;;2015-08-11;MFL;2004-01-01;;2022-05-05
IRL000I14497;;IRL;;;0.65;0.00;0.00;;4.38;0.00;SAOIRSE;663;S663;Skibbereen;;Y;EIQR3;N;N;N;;;MO;;OTB, GNS;0.00;0.00;Wood;;2015-09-25;MFL;1995-01-01;;
IRL000I14498;;IRL;;;10.07;0.00;0.00;;13.00;0.00;ST ESTHER;138;T138;Tralee;;Y;EIQR4;Y;Y;N;;;MO;;GNS, FPO, LHP, DRB;110.00;0.00;Fiber/Plastic;;2015-09-26;MFL;1987-01-01;;
IRL000I14499;;IRL;;;325.00;0.00;0.00;;27.35;0.00;CARMAROSE;555;SO555;Sligo;;Y;EIQD7;Y;Y;Y;9734238;;TO;;OTM, NK;680.00;0.00;Metal;;2015-11-06;MFL;2015-01-01;;
IRL000I14500;;IRL;;;4.03;0.00;0.00;;9.10;0.00;GOLDEN DAWN;432;C432;Cork;;Y;EIQO5;N;N;N;;;GO;;FPO, LHP, GNS;34.00;0.00;Fiber/Plastic;;2015-10-09;MFL;1980-01-01;;
IRL000I14501;;IRL;;;1.12;0.00;0.00;;6.33;0.00;SHARON LEONA;368;WT368;;;Y;EIQJ7;N;N;N;;;MO;;GND, LHP, FPO, DRM, GNS;15.00;0.00;Fiber/Plastic;;2015-09-03;MFL;1989-01-01;;2020-02-16
IRL000I14502;;IRL;;;1.20;0.00;0.00;;5.79;0.00;MULLET WARRIOR;287;S287;;;Y;EIQS7;N;N;N;;;MO;;GND, LHP, FPO, GNS;4.00;0.00;Fiber/Plastic;;2015-11-09;MFL;2010-01-01;;2020-08-28
IRL000I14503;;IRL;;;0.88;0.00;0.00;;5.54;0.00;SALERNA JOY II;856P;G856P;Galway;;Y;EIOL4;N;N;N;;;WO;;FPO, NK;7.39;0.00;Wood;;2015-10-15;MFL;2002-01-01;;
IRL000I14504;;IRL;;;1.25;0.00;0.00;;5.79;0.00;OILEAN LIATH;857;G857;Galway;;Y;EIQP5;N;N;N;;;MO;;FPO, LHP, GND, GNS;14.92;0.00;Fiber/Plastic;;2015-07-19;MFL;2000-01-01;;2024-08-19
IRL000I14505;;IRL;;;230.00;0.00;0.00;;25.60;0.00;AUDACIOUS;14;DA14;Drogheda;;Y;EIPN7;Y;Y;Y;9760732;;TO;;OTB, NK;395.00;467.00;Metal;;2016-01-09;MFL;2014-12-12;;
IRL000I14506;;IRL;;;0.96;0.00;0.00;;5.80;0.00;CAOL DUBH;64;T64;Tralee;;Y;EIQS3;N;N;N;;;WO;;FPO, LHP, GNS, DRB;3.75;0.00;Fiber/Plastic;;2015-11-05;MFL;2010-01-01;;
IRL000I14507;;IRL;;;1.21;0.00;0.00;;5.90;0.00;MARY G;433;C433;;;Y;EIQG9;N;N;N;;;MO;;GND, GNS;8.10;0.00;Fiber/Plastic;;2015-07-04;MFL;1995-01-01;;2017-08-08
IRL000I14508;;IRL;;;11.40;0.00;0.00;;11.55;0.00;MIGRATOR;116;DA116;Drogheda;;Y;EIQV6;N;N;N;;;TO;;OTM, SDN, SUX, SSC, PTB, PS;35.50;0.00;Metal;;2016-01-30;MFL;1990-01-01;;
IRL000I14509;;IRL;;;1.82;0.00;0.00;;6.56;0.00;CONOR LIAM;664;S664;Skibbereen;;Y;EIQT3;N;N;N;;;TO;;GND, GNS;16.00;0.00;Fiber/Plastic;;2016-01-21;MFL;2012-01-01;;
IRL000I14510;;IRL;;;7.73;0.00;0.00;;13.27;0.00;GRACEFULMORN 2;115;DA115;Drogheda;;Y;EINF5;Y;Y;N;;;DO;;DRB, DRM;57.00;0.00;Metal;;2016-02-16;MFL;1982-01-01;;
IRL000I14511;;IRL;;;0.81;0.00;0.00;;5.75;0.00;LADHRAN TRA;858;G858;United Kingdom;;Y;EIBX2;N;N;N;;;WO;;FPO, GND;7.40;0.00;Wood;;1968-01-01;MFL;1968-01-01;;2016-11-11
IRL000I14512;;IRL;;;1.77;0.00;0.00;;5.90;0.00;URCHIN II;82;T82;Finland;;Y;EIGW5;N;N;N;;;MO;;FPO, GND;7.38;0.00;Fiber/Plastic;;2015-11-30;MFL;1995-01-01;;2017-10-27
IRL000I14513;;IRL;;;1.89;0.00;0.00;;6.96;0.00;BARR NA SRAIDE;370;WT370;Waterford;;Y;EIQH4;N;N;N;;;WO;;GND, GNS;13.00;0.00;Fiber/Plastic;;2016-02-01;MFL;2015-01-01;;
IRL000I14514;;IRL;;;0.89;0.00;0.00;;5.54;0.00;JUPITER;130;W130;Wexford;;Y;EIXQ8;N;N;N;;;MO;;FPO, DRB, LHP, GNS;10.00;0.00;Fiber/Plastic;;2016-03-10;MFL;1998-01-01;;
IRL000I14515;;IRL;;;4.29;0.00;0.00;;9.28;0.00;ROSE OF SHARON;369;WT369;Westport;;Y;EIQQ6;N;N;N;;;MO;;FPO, LHP;35.50;0.00;Fiber/Plastic;;2015-12-16;MFL;1974-01-01;;
IRL000I14516;;IRL;;;1.46;0.00;0.00;;7.19;0.00;RUBY'O;434;C434;Cork;;Y;EIQW5;N;N;N;;;WO;;FPO, LHP;10.00;0.00;Fiber/Plastic;;2016-01-12;MFL;1996-01-01;;
IRL000I14517;;IRL;;;1.52;0.00;0.00;;6.54;0.00;SEA STAR II;665;S665;Skibbereen;;Y;EIQZ4;N;N;N;;;MO;;GND, GNS;14.70;0.00;Fiber/Plastic;;2016-03-22;MFL;2000-01-01;;
IRL000I14518;;IRL;;;1.00;0.00;0.00;;6.10;0.00;NAOMH CAILIN;859;G859;Galway;;Y;EIAP4;N;N;N;;;WO;;GTN, GNC;11.20;0.00;Wood;;2015-06-04;MFL;1982-01-01;;
IRL000I14519;;IRL;;;9.69;0.00;0.00;;11.73;0.00;VOYAGER;309;WD309;Wexford;;Y;EIRA3;N;N;N;;;WO;;GNS, DRB, FPO, OTM, OTB, LHP;90.00;0.00;Fiber/Plastic;;2016-04-19;MFL;2015-01-01;;
IRL000I14520;;IRL;;;1.40;0.00;0.00;;6.95;0.00;AVA JANE;464;SO464;Sligo;;Y;EIRD2;N;N;N;;;MO;;GNC, GNS;6.00;0.00;Fiber/Plastic;;2016-03-28;MFL;1994-01-01;;
IRL000I14521;;IRL;;;1.42;0.00;0.00;;5.86;0.00;LORRAINE;334;S334;Skibbereen;;Y;EI3426;N;N;N;;;MO;;GNS, FPO;18.65;0.00;Fiber/Plastic;;2016-04-26;MFL;2016-01-01;;
IRL000I14522;;IRL;;;0.62;0.00;0.00;;4.34;0.00;MICHAEL EOIN;323;W323;;;Y;EIR64;N;N;N;;;MO;;FPO, GND;7.50;0.00;Fiber/Plastic;;2016-04-19;MFL;2007-01-01;;2018-10-04
IRL000I14523;;IRL;;;1.15;0.00;0.00;;5.80;0.00;ROISIN ANNE II;717;SO717;Sligo;;Y;EIRG5;N;N;N;;;MO;;GNS, FPO, LHP;22.38;0.00;Fiber/Plastic;;2016-04-18;MFL;1991-01-01;;2022-05-05
IRL000I14524;;IRL;;;9.69;0.00;0.00;;9.81;0.00;DEOMAH;11;WD11;;;Y;EIQE8;N;N;N;;;MO;;GNS, LHP, FPO;70.00;0.00;Fiber/Plastic;;2016-04-21;MFL;2013-01-01;;2019-03-25
IRL000I14525;;IRL;;;1.60;0.00;0.00;;5.80;0.00;DUNAFF GIRL II;633;SO633;;;Y;EIRA2;N;N;N;;;WO;;LHP, GND;32.83;0.00;Fiber/Plastic;;2016-03-18;MFL;2000-01-01;;2017-09-25
IRL000I14526;;IRL;;;0.95;0.00;0.00;;4.92;0.00;BAY DRIFTER;5;T5;Tralee;;Y;EIRH9;N;N;N;;;MO;;FPO, GNS, LHP;3.04;0.00;Fiber/Plastic;;2016-04-09;MFL;2003-01-01;;
IRL000I14527;;IRL;;;1.18;0.00;0.00;;5.72;0.00;ELEDA;668;S668;Skibbereen;;Y;EIRF6;N;N;N;;;MO;;GTN, GND;7.30;0.00;Fiber/Plastic;;2016-05-18;MFL;2002-01-01;;
IRL000I14528;;IRL;;;1.49;0.00;0.00;;6.82;0.00;SEA HOLLY;36;T36;Tralee;;Y;EIPZ2;N;N;N;;;MO;;GNS, LHP, FPO;11.00;0.00;Fiber/Plastic;;2016-04-04;MFL;1989-01-01;;2021-12-03
IRL000I14529;;IRL;;;3.06;0.00;0.00;;7.95;0.00;SHENANDOAH;862;G862;Galway;;Y;EIQY5;N;N;N;;;MO;;LHP, FPO, GNS;45.43;0.00;Fiber/Plastic;;2016-05-17;MFL;2000-01-01;;2022-04-05
IRL000I14530;;IRL;;;0.36;0.00;0.00;;3.93;0.00;THE CAILLIN;662;S662;Skibbereen;;Y;EIRI9;N;N;N;;;MO;;GNS, LHP;0.00;0.00;Fiber/Plastic;;2016-05-12;MFL;1996-01-01;;2024-08-28
IRL000I14531;;IRL;;;4.07;0.00;0.00;;9.35;0.00;ISLAND DAWN;860;G860;Galway;;Y;EIQV7;N;N;N;;;MO;;GNS, FPO;19.00;0.00;Fiber/Plastic;;2016-02-28;MFL;1992-01-01;;
IRL000I14532;;IRL;;;1.34;0.00;0.00;;6.02;0.00;NAOMH ANTOINE;225;G225;Galway;;Y;EIR07;N;N;N;;;NO;;FPO, GNS;8.95;0.00;Fiber/Plastic;;2015-06-24;MFL;2015-01-01;;
IRL000I14533;;IRL;;;1.56;0.00;0.00;;5.85;0.00;AMELIA CLAIRE;863;G863;Galway;;Y;EIRH2;N;N;N;;;WO;;GNS, FPO, LHP;29.83;0.00;Fiber/Plastic;;2016-05-31;MFL;2015-01-01;;2024-01-26
IRL000I14534;;IRL;;;0.83;0.00;0.00;;5.21;0.00;GAVIN GERALD;669;S669;Skibbereen;;Y;EIQX5;N;N;N;;;MO;;GNS, FPO, LHP;4.75;0.00;Fiber/Plastic;;2016-04-01;MFL;1993-01-01;;
IRL000I14535;;IRL;;;2.82;0.00;0.00;;7.98;0.00;SEA PILOT;200;DK200;;;Y;EIRI6;N;N;N;;;DO;;DRB, NK;23.00;0.00;Metal;;2016-05-27;MFL;1994-01-01;;2019-04-08
IRL000I14536;;IRL;;;0.81;0.00;0.00;;5.85;0.00;PARAIC SEOSAMH;689;G689;Galway;;Y;EIOU8;N;N;N;;;WO;;FPO, LHP;3.00;0.00;Wood;;2014-11-26;MFL;2009-01-01;;
IRL000I14537;;IRL;;;1.60;0.00;0.00;;8.63;0.00;SHADANE;269;WD269;;;Y;EIMA8;N;N;N;;;MO;;FPO, GNS, LHP;22.36;0.00;Fiber/Plastic;;2016-01-20;MFL;2004-01-01;;2019-02-28
IRL000I14538;;IRL;;;5.10;0.00;0.00;;9.81;0.00;KATE D;124;W124;Waterford;;Y;EIQY8;N;N;N;;;MO;;FPO, GNS;70.00;0.00;Fiber/Plastic;;2016-07-16;MFL;2016-01-01;;
IRL000I14539;;IRL;;;0.45;0.00;0.00;;4.53;0.00;ST JUDE II;435P;C435P;Cork;;Y;EIRH8;N;N;N;;;WO;;FPO, NK;5.98;0.00;Fiber/Plastic;;2016-05-25;MFL;1979-01-01;;
IRL000I14540;;IRL;;;4.09;0.00;0.00;;8.48;0.00;ROSIE G;180;S180;Skibbereen;;Y;EIQX7;N;N;N;;;MO;;LHP, GNS, FPO;28.30;0.00;Fiber/Plastic;;2016-07-11;MFL;1989-01-01;;
IRL000I14541;;IRL;;;8.40;0.00;0.00;;10.87;0.00;CUILIN;70;T70;Tralee;;Y;EIRD8;N;N;N;;;MO;;LHP, FPO;60.00;0.00;Fiber/Plastic;;2016-06-30;MFL;1987-01-01;;
IRL000I14542;;IRL;;;6.42;0.00;0.00;;10.33;0.00;THE CHRISTINA;864;G864;Galway;;Y;EIQT5;N;N;N;;;MO;;FPO, DRB, LHP, GNS;33.56;0.00;Wood;;2016-04-15;MFL;1971-01-01;;2022-05-12
IRL000I14543;;IRL;;;0.87;0.00;0.00;;5.20;0.00;SHERAM C;630;SO630;Sligo;;Y;EIRR3;N;N;N;;;MO;;LHP, FPO, GNS;4.47;0.00;Fiber/Plastic;;2016-07-07;MFL;2005-01-01;;2022-10-11
IRL000I14544;;IRL;;;1.30;0.00;0.00;;6.59;0.00;KRIS ENYA;481;SO481;Sligo;;Y;EIRK7;N;N;N;;;MO;;FPO, LHP, GNS;6.00;0.00;Wood;;2016-07-07;MFL;2003-01-01;;2023-12-15
IRL000I14545;;IRL;;;2.20;0.00;0.00;;7.24;0.00;MEEVAGH I;293;SO293;Sligo;;Y;EIRD3;N;N;N;;;WO;;GNS, FPO, OTB;16.32;0.00;Fiber/Plastic;;2016-04-05;MFL;2010-01-01;;2024-05-16
IRL000I14546;;IRL;;;54.50;0.00;0.00;;14.97;0.00;SEAN OG 2;372;WT372;Westport;;Y;EIQR6;Y;Y;N;8558132;;TO;;FPO, NK;110.00;0.00;Metal;;2016-04-19;MFL;2016-01-01;;
IRL000I14547;;IRL;;;0.59;0.00;0.00;;5.15;0.00;TRUE LIGHT;866;G866;United Kingdom;;Y;EIRO4;N;N;N;;;MO;;LHP, FPO, GNS;11.97;0.00;Fiber/Plastic;;2016-07-10;MFL;2006-01-01;;2021-02-11
IRL000I14548;;IRL;;;0.75;0.00;0.00;;4.50;0.00;CAILIN CUINCHE;371;WT371;Westport;;Y;EIQY9;N;N;N;;;WO;;GNS, LHP;0.00;0.00;Fiber/Plastic;;2016-04-19;MFL;1990-01-01;;
IRL000I14549;;IRL;;;2.62;0.00;0.00;;7.06;0.00;JUPITER;718;D718;Dublin;;Y;EIRF7;N;N;N;;;WO;;FPO, NK;16.00;0.00;Fiber/Plastic;;2016-08-02;MFL;1983-01-01;;
IRL000I14550;;IRL;;;1.50;0.00;0.00;;5.73;0.00;TOMASIN OG;867;G867;Galway;;Y;EIRB6;N;N;N;;;WO;;GNS, DRB, FPO, LHP;4.50;0.00;Fiber/Plastic;;2016-01-01;MFL;2011-01-01;;
IRL000I14551;;IRL;;;5.92;0.00;0.00;;9.31;0.00;ANNA ROSE;53A;T53A;Tralee;;Y;EIRO5;N;N;N;;;DO;;PS, GNS;30.00;0.00;Fiber/Plastic;;2016-08-01;AQU;1975-01-01;;
IRL000I14552;;IRL;;;5.77;0.00;0.00;;8.60;0.00;AMETHYST;313;WD313;Wexford;;Y;EIRS7;N;N;N;;;DO;;DRB, DRM;96.00;0.00;Metal;;2016-07-21;MFL;1982-01-01;;
IRL000I14553;;IRL;;;2.98;0.00;0.00;;7.00;0.00;NIAMH MARIE;604;SO604;Sligo;;Y;EIRK3;N;N;N;;;WO;;GNC, FPO;10.00;0.00;Wood;;2016-05-19;MFL;1998-01-01;;
IRL000I14554;;IRL;;;1.71;0.00;0.00;;7.01;0.00;GOLDEN SEEKER;671;S671;Skibbereen;;Y;EIRR9;N;N;N;;;MO;;GNS, FPO;16.00;0.00;Fiber/Plastic;;2016-08-22;MFL;1982-01-01;;
IRL000I14555;;IRL;;;1.43;0.00;0.00;;5.85;0.00;CELTIC STAR;325;W325;Waterford;;Y;EIRL7;N;N;N;;;MO;;OTB, FPO;7.38;0.00;Fiber/Plastic;;2016-07-14;MFL;2015-01-01;;
IRL000I14556;;IRL;;;4.78;0.00;0.00;;9.10;0.00;MOLLY K;818;SO818;Sligo;;Y;EIQZ7;N;N;N;;;MO;;GNS, FPO, DRB;80.00;0.00;Fiber/Plastic;;2016-02-11;MFL;2015-01-01;;
IRL000I14557;;IRL;;;1.30;0.00;0.00;;5.90;0.00;MARYS WISH;674;S674;Skibbereen;;Y;EI8550;N;N;N;;;GO;;FPO, GNS, LHP;5.90;0.00;Fiber/Plastic;;2016-01-28;MFL;2003-01-01;;
IRL000I14558;;IRL;;;0.81;0.00;0.00;;4.90;0.00;ORION II;673;S673;Skibbereen;;Y;EIRP5;N;N;N;;;MO;;GNS, LHP, FPO;3.80;0.00;Wood;;2016-08-12;MFL;1978-01-01;;2024-03-28
IRL000I14559;;IRL;;;1.91;0.00;0.00;;7.36;0.00;GENESIS;405;SO405;;;Y;EIRK8;N;N;N;;;MO;;OTB, GNS, FPO;25.00;0.00;Fiber/Plastic;;2016-05-28;MFL;1986-01-01;;2020-04-09
IRL000I14560;;IRL;;;13.42;0.00;0.00;;11.96;0.00;PHOENIX;868;G868;Galway;;Y;EIRV7;N;N;N;;;DO;;DRB, NK;63.00;0.00;Metal;;2016-08-12;MFL;2007-01-01;;
IRL000I14561;;IRL;;;1.44;0.00;0.00;;5.83;0.00;CIAN MICHAEL II;139;T139;Finland;;Y;EIRO2;N;N;N;;;WO;;GNS, FPO;3.00;0.00;Fiber/Plastic;;2016-08-20;MFL;2016-01-01;;2019-01-31
IRL000I14562;;IRL;;;1.99;0.00;0.00;;6.29;0.00;CARA SHAY;324;W324;Waterford;;Y;EIRZ8;N;N;N;;;MO;;GNS, LHP;10.00;0.00;Fiber/Plastic;;2016-05-28;MFL;1991-01-01;;
IRL000I14563;;IRL;;;8.12;0.00;0.00;;10.70;0.00;ATLANTIC WARRIOR;761;SO761;Sligo;;Y;EIRC3;N;N;N;;;WO;;FPO, LHP, GNS;63.00;0.00;Fiber/Plastic;;2016-07-15;MFL;2016-01-01;;2024-01-12
IRL000I14564;;IRL;;;0.30;0.00;0.00;;3.52;0.00;FAYE;373;WT373;Westport;;Y;EIQZ3;N;N;N;;;WO;;GNS, FPO;1.85;0.00;Wood;;2016-04-18;MFL;2015-01-01;;
IRL000I14565;;IRL;;;1.29;0.00;0.00;;6.92;0.00;KATHLEEN;406;SO406;Sligo;;Y;EIRX8;N;N;N;;;MO;;FPO, GNS, LX, GNC;5.97;0.00;Wood;;2016-09-23;MFL;2002-01-01;;
IRL000I14566;;IRL;;;4.57;0.00;0.00;;7.50;0.00;GLAOIDH NA MARA II;7;T7;Finland;;Y;EI3600;N;N;N;;;MO;;OTB, GNS, FPO, DRB;44.00;0.00;Fiber/Plastic;;2016-10-03;MFL;2000-01-01;;2019-02-12
IRL000I14567;;IRL;;;1.20;0.00;0.00;;5.87;0.00;LEXI LEE;727;SO727;Sligo;;Y;EIRF5;N;N;N;;;WO;;FPO, NK;2.98;0.00;Fiber/Plastic;;2016-04-25;MFL;2007-01-01;;
IRL000I14568;;IRL;;;0.91;0.00;0.00;;5.00;0.00;BLACK BIRD;374P;WT374P;Westport;;Y;EIRR8;N;N;N;;;WO;;FPO, NK;22.38;0.00;Fiber/Plastic;;2016-08-09;MFL;1989-01-01;;
IRL000I14569;;IRL;;;1.29;0.00;0.00;;6.92;0.00;SHONA;465;SO465;Sligo;;Y;EIRW6;N;N;N;;;MO;;GNC, LHP, FPO, GNS;6.00;0.00;Fiber/Plastic;;2016-08-12;MFL;2002-01-01;;
IRL000I14570;;IRL;;;3.87;0.00;0.00;;9.10;0.00;CASTLE LIGHTS;314;WD314;Wexford;;Y;EIRY7;N;N;N;;;MO;;FPO, LHP, GNS;57.00;0.00;Fiber/Plastic;;2001-08-24;MFL;1982-01-01;;2022-10-27
IRL000I14571;;IRL;;;1.00;0.00;0.00;;5.55;0.00;NAILL;502;SO502;Sligo;;Y;EIRF2;N;N;N;;;MO;;OTB, GNS;4.70;0.00;Fiber/Plastic;;2016-05-28;MFL;2004-01-01;;
IRL000I14572;;IRL;;;1.29;0.00;0.00;;6.92;0.00;BRONAGH FRANCIE;501;SO501;Sligo;;Y;EIRZ5;N;N;N;;;MO;;PS, FPO, GNS, LHP;5.97;0.00;Fiber/Plastic;;2016-09-26;MFL;2002-01-01;;
IRL000I14573;;IRL;;;1.24;0.00;0.00;;5.80;0.00;NORA JOHN;655;G655;Galway;;Y;EIRI2;N;N;N;;;MO;;FPO, LHP;11.20;0.00;Fiber/Plastic;;2016-07-12;MFL;2014-01-01;;
IRL000I14574;;IRL;;;9.76;0.00;0.00;;11.29;0.00;TRACEY MARIE;375;WT375;Westport;;Y;EIOW8;N;N;N;;;MO;;OTB, DRB;37.50;0.00;Wood;;2016-02-29;MFL;1991-01-01;;
IRL000I14575;;IRL;;;0.30;0.00;0.00;;3.67;0.00;AN BAD BEAG 1;376;WT376;Westport;;Y;EIRU9;N;N;N;;;WO;;GNS, FPO;7.44;0.00;Wood;;2016-07-24;MFL;2009-01-01;;
IRL000I14576;;IRL;;;1.23;0.00;0.00;;5.81;0.00;CHER D;869P;G869P;Galway;;Y;EIRQ4;N;N;N;;;WO;;FPO, NK;11.21;0.00;Fiber/Plastic;;2016-06-19;MFL;2015-01-01;;
IRL000I14577;;IRL;;;3.03;0.00;0.00;;8.18;0.00;AISLING MARIE;870;G870;Galway;;Y;EIRB2;N;N;N;;;MO;;GNS, FPO;25.00;0.00;Fiber/Plastic;;2016-07-10;MFL;2001-01-01;;
IRL000I14578;;IRL;;;0.61;0.00;0.00;;5.75;0.00;MIYA;377;WT377;Westport;;Y;EIRS8;N;N;N;;;WO;;GNS, FPO;4.47;0.00;Fiber/Plastic;;2016-09-02;MFL;2015-01-01;;
IRL000I14579;;IRL;;;2.54;0.00;0.00;;6.50;0.00;NOVA;15;SO15;Sligo;;Y;EIRB5;N;N;N;;;MO;;GNS, LHP, FPO;11.19;0.00;Fiber/Plastic;;2016-09-02;MFL;1990-01-01;;
IRL000I14580;;IRL;;;0.73;0.00;0.00;;5.10;0.00;ROBLIS;504;SO504;Sligo;;Y;EIQZ6;N;N;N;;;MO;;FPO, LHP;6.00;0.00;Wood;;2016-09-27;MFL;2012-01-01;;
IRL000I14581;;IRL;;;8.96;0.00;0.00;;10.26;0.00;KATY M;128;DA128;Drogheda;;Y;EIQI4;N;N;N;;;DO;;DRB, NK;56.00;0.00;Wood;;2016-10-13;MFL;1978-01-01;;2021-05-20
IRL000I14582;;IRL;;;0.83;0.00;0.00;;5.00;0.00;AMANDA LOU;672;S672;Skibbereen;;Y;EISB7;N;N;N;;;MO;;FPO, GNS, LHP;3.20;0.00;Fiber/Plastic;;2016-05-28;MFL;2006-01-01;;
IRL000I14583;;IRL;;;0.90;0.00;0.00;;5.60;0.00;SPARROW;15;T15;Tralee;;Y;EIRR5;N;N;N;;;MO;;FPO, LHP;7.38;0.00;Fiber/Plastic;;2016-08-20;MFL;2007-01-01;;
IRL000I14584;;IRL;;;2.43;0.00;0.00;;6.76;0.00;OCEAN STAR;378A;WT378A;Westport;;Y;EIRY2;N;N;N;;;DO;;DRB, DRM;28.35;0.00;Fiber/Plastic;;2016-11-02;AQU;1990-01-01;;2025-05-28
IRL000I14585;;IRL;;;0.60;0.00;0.00;;5.51;0.00;KATELYN MAY;379;WT379;Westport;;Y;EIPI5;N;N;N;;;WO;;GNS, LHP, FPO;4.47;0.00;Wood;;2015-04-09;MFL;2007-01-01;;2022-03-02
IRL000I14586;;IRL;;;1.42;0.00;0.00;;6.65;0.00;GIRL MARIA;871;G871;United Kingdom;;Y;EISB6;N;N;N;;;MO;;FPO, GNS, LHP;18.65;0.00;Wood;;2016-11-23;MFL;2010-01-01;;2021-02-11
IRL000I14587;;IRL;;;0.64;0.00;0.00;;4.85;0.00;RADHARC AN CHUAIN II;872;G872;Galway;;Y;EISA4;N;N;N;;;MO;;GNS, FPO, LHP;5.96;0.00;Fiber/Plastic;;2016-01-01;MFL;1998-01-01;;2021-05-13
IRL000I14588;;IRL;;;0.80;0.00;0.00;;5.60;0.00;BEAL SRUTHAN;873;G873;United Kingdom;;Y;EIRT8;N;N;N;;;WO;;FPO, NK;5.00;0.00;Fiber/Plastic;;2006-01-01;MFL;2006-01-01;;2019-01-18
IRL000I14589;;IRL;;;4.80;0.00;0.00;;9.69;0.00;REVENGE;316;WD316;Wexford;;Y;EISD7;N;N;N;;;WO;;FPO, LHP, GNS;90.00;0.00;Fiber/Plastic;;2017-01-02;MFL;2016-01-01;;
IRL000I14590;;IRL;;;1.25;0.00;0.00;;6.73;0.00;AN FAOILEAN DUBH;874;G874;Galway;;Y;EISC5;N;N;N;;;WO;;FPO, LHP;7.50;0.00;Wood;;2016-12-16;MFL;1992-01-01;;
IRL000I14591;;IRL;;;11.30;0.00;0.00;;11.15;0.00;INSCHALLA;202;DK202;Dundalk;;Y;EISG5;N;N;N;;;DO;;DRB, NK;60.00;0.00;Metal;;1980-01-01;MFL;1979-01-01;;
IRL000I14592;;IRL;;;1.29;0.00;0.00;;5.90;0.00;KITTIWAKE;941;SO941;;;Y;EISE5;N;N;N;;;WO;;GNS, LHP, FPO;14.92;0.00;Fiber/Plastic;;2016-12-23;MFL;1991-01-01;;2018-11-21
IRL000I14593;;IRL;;;1.67;0.00;0.00;;5.88;0.00;ST CORNELIUS II;876;G876;Galway;;Y;EISF3;N;N;N;;;MO;;FPO, GNS, LHP;3.70;0.00;Fiber/Plastic;;2017-02-16;MFL;2000-01-01;;2020-12-09
IRL000I14594;;IRL;;;1.57;0.00;0.00;;7.13;0.00;GARRAI GARBH;875;G875;Galway;;Y;EIRW7;N;N;N;;;MO;;FPO, GNS, LHP;14.92;0.00;Fiber/Plastic;;2016-10-09;MFL;1998-01-01;;2020-12-09
IRL000I14595;;IRL;;;4.04;0.00;0.00;;9.65;0.00;MJ;437;C437;Cork;;Y;EISG4;N;N;N;;;WO;;FPO, DRB, GNS, LHP;50.92;0.00;Fiber/Plastic;;2017-02-13;MFL;1984-01-01;;
IRL000I14596;;IRL;;;0.99;0.00;0.00;;5.70;0.00;EMMA MARIE;24P;SO24P;Sligo;;Y;EISF9;N;N;N;;;WO;;FPO, NK;29.84;0.00;Fiber/Plastic;;2017-01-07;MFL;1998-01-01;;
IRL000I14597;;IRL;;;11.70;0.00;0.00;;11.90;0.00;ATLANTIC GRACE;397;SO397;Sligo;;Y;EISH8;N;N;N;;;MO;;GNS, FPO;109.50;0.00;Fiber/Plastic;;2017-02-08;MFL;2017-01-01;;
IRL000I14598;;IRL;;;0.79;0.00;0.00;;5.71;0.00;TOMMY ANN;971;SO971;Sligo;;Y;EISG3;N;N;N;;;GO;;GNS, FPO;2.60;0.00;Wood;;2017-01-27;MFL;2006-01-01;;
IRL000I14599;;IRL;;;1.51;0.00;0.00;;5.85;0.00;SHAMROCK;371;S371;Skibbereen;;Y;EI7826;N;N;N;;;MO;;GNS, FPO;7.38;0.00;Fiber/Plastic;;2017-03-18;MFL;2017-01-01;;
IRL000I14600;;IRL;;;8.00;0.00;0.00;;11.58;0.00;PRUE ESTHER II;55;WD55;Wexford;;Y;EIRZ7;N;N;N;;;MO;;GNS, OTB, LHP, DRB, FPO;86.00;0.00;Fiber/Plastic;;1988-01-01;MFL;1988-01-01;;2021-02-22
IRL000I14601;;IRL;;;1.30;0.00;0.00;;5.90;0.00;JOSH MIKE;680;S680;;;Y;EIQU3;N;N;N;;;MO;;GNS, LHP, FPO;7.30;0.00;Fiber/Plastic;;2017-04-27;MFL;1980-01-01;;2020-07-13
IRL000I14602;;IRL;;;1.80;0.00;0.00;;5.90;0.00;MAYFLY;877;G877;Galway;;Y;EISH2;N;N;N;;;WO;;FPO, GNS;8.00;0.00;Fiber/Plastic;;2017-03-05;MFL;2000-01-01;;
IRL000I14603;;IRL;;;2.39;0.00;0.00;;8.68;0.00;CEOL NA MARA;382;WT382;Westport;;Y;EIQJ2;N;N;N;;;WO;;GNS, LHP, FPO;30.00;0.00;Fiber/Plastic;;1989-01-01;MFL;1984-01-01;;
IRL000I14604;;IRL;;;2.29;0.00;0.00;;6.53;0.00;LUKE CHLOE;328;W328;Waterford;;Y;EISM8;N;N;N;;;WO;;FPO, GNS, LHP;27.00;0.00;Fiber/Plastic;;2017-04-21;MFL;1990-01-01;;
IRL000I14605;;IRL;;;0.76;0.00;0.00;;5.20;0.00;ARD CARNA;679;S679;Skibbereen;;Y;EISN2;N;N;N;;;MO;;FPO, DRB;5.00;0.00;Fiber/Plastic;;2017-04-12;MFL;2004-01-01;;
IRL000I14606;;IRL;;;8.99;0.00;0.00;;11.83;0.00;PATHFINDER II;317;WD317;Wexford;;Y;EISL8;N;N;N;;;WO;;FPO, GNS, LHP;140.00;0.00;Fiber/Plastic;;2017-01-01;MFL;2016-01-01;;
IRL000I14607;;IRL;;;374.00;0.00;0.00;;28.62;0.00;ALANNAH RILEY;40;S40;Skibbereen;;Y;EISH6;Y;Y;Y;9782390;;TO;;OTB, NK;709.00;0.00;Metal;;2017-04-05;MFL;2016-01-01;;
IRL000I14608;;IRL;;;4.00;0.00;0.00;;8.08;0.00;PHILY;858;SO858;Sligo;;Y;EISK7;N;N;N;;;MO;;FPO, GNS;30.00;0.00;Fiber/Plastic;;1995-08-10;MFL;1995-01-01;;
IRL000I14609;;IRL;;;22.40;0.00;0.00;;14.90;0.00;ONWARD;311;WD311;Wexford;;Y;EIRY9;Y;Y;N;;;MO;;FPO, LHP, GNS, OTB;106.00;0.00;Fiber/Plastic;;2017-01-01;MFL;2017-01-01;;
IRL000I14610;;IRL;;;1.01;0.00;0.00;;5.64;0.00;BRID ELLEN II;878;G878;Galway;;Y;EISE8;N;N;N;;;MO;;FPO, LHP;7.38;0.00;Fiber/Plastic;;2017-04-18;MFL;2005-01-01;;
IRL000I14611;;IRL;;;0.79;0.00;0.00;;6.35;0.00;BLACK PEARL;383P;WT383P;Westport;;Y;EIRV 9;N;N;N;;;WO;;FPO, NK;15.00;0.00;Fiber/Plastic;;2017-01-01;MFL;2015-01-01;;
IRL000I14612;;IRL;;;6.38;0.00;0.00;;9.83;0.00;SHANE OG;141;T141;Tralee;;Y;EISH5;N;N;N;;;MO;;GNS, FPO;33.43;0.00;Fiber/Plastic;;2017-05-09;MFL;1988-01-01;;
IRL000I14613;;IRL;;;7.81;0.00;0.00;;11.82;0.00;VOLTAN;207;DK207;Drogheda;;Y;EISU8;N;N;N;;;DO;;DRB, HMD;60.00;0.00;Metal;;2017-06-27;MFL;1995-01-01;;
IRL000I14614;;IRL;;;1.68;0.00;0.00;;5.96;0.00;DEIRDRE KAREN II;308;S308;Skibbereen;;Y;EISX2;N;N;N;;;MO;;FPO, OTB;18.64;0.00;Fiber/Plastic;;2017-06-26;MFL;2007-01-01;;
IRL000I14615;;IRL;;;10.24;0.00;0.00;;11.55;0.00;VENTURE;879;G879;Galway;;Y;EISQ3;N;N;N;;;MO;;LHP, GNS, FPO, OTB;37.00;0.00;Metal;;2017-01-01;MFL;1997-01-01;;
IRL000I14616;;IRL;;;1.37;0.00;0.00;;6.31;0.00;EITHNE HELEN;880;G880;Galway;;Y;EISP5;N;N;N;;;TO;;FPO, LHP;4.24;0.00;Wood;;2017-05-24;MFL;2000-01-01;;
IRL000I14617;;IRL;;;2.00;0.00;0.00;;6.00;0.00;LITTLE JACK;329;W329;Waterford;;Y;EISJ7;N;N;N;;;MO;;GNS, FPO;6.00;0.00;Fiber/Plastic;;2017-07-01;MFL;2002-01-01;;
IRL000I14618;;IRL;;;1.74;0.00;0.00;;6.78;0.00;MISTY MORNING;872;SO872;Sligo;;Y;EISS7;N;N;N;;;WO;;GNS, FPO;7.40;0.00;Wood;;2017-03-11;MFL;2006-01-01;;
IRL000I14619;;IRL;;;4.61;0.00;0.00;;9.18;0.00;LEANNE;7P;SO7P;Sligo;;Y;EISW4;N;N;N;;;WO;;FPO, NK;90.00;0.00;Fiber/Plastic;;2017-05-12;MFL;2017-01-01;;
IRL000I14620;;IRL;;;2.00;0.00;0.00;;6.00;0.00;AVA MARIE;385;WT385;Westport;;Y;EISD4;N;N;N;;;WO;;GNS, FPO, LHP;8.50;0.00;Fiber/Plastic;;2017-04-25;MFL;1980-01-01;;
IRL000I14621;;IRL;;;0.75;0.00;0.00;;5.50;0.00;SAMANTHA ANN;234;SO234;Sligo;;Y;EI8889;N;N;N;;;MO;;FPO, DRB, LHP, GNS;3.60;0.00;Fiber/Plastic;;2017-06-02;MFL;2008-01-01;;
IRL000I14622;;IRL;;;1.19;0.00;0.00;;5.15;0.00;SHANNON AMY;881;G881;United Kingdom;;Y;EISF7;N;N;N;;;WO;;FPO, LHP;7.39;0.00;Fiber/Plastic;;2017-06-01;MFL;1999-01-01;;2019-03-25
IRL000I14623;;IRL;;;0.86;0.00;0.00;;5.21;0.00;ELMA BRIDGET II;351;S351;Skibbereen;;Y;EITB7;N;N;N;;;MO;;FPO, LHP;11.18;0.00;Fiber/Plastic;;2017-08-11;MFL;1990-01-01;;
IRL000I14624;;IRL;;;0.59;0.00;0.00;;4.80;0.00;CLANN;658P;G658P;Galway;;Y;EISK5;N;N;N;;;WO;;FPO, NK;5.97;0.00;Fiber/Plastic;;2017-04-03;MFL;2007-01-01;;
IRL000I14625;;IRL;;;1128.00;0.00;0.00;;56.50;0.00;AINE;734;SO734;Sligo;;Y;EISY8;Y;Y;Y;9794886;;TO;;OTM, NK;2003.00;0.00;Metal;;2017-09-13;MFL;2017-01-01;;
IRL000I14626;;IRL;;;0.83;0.00;0.00;;5.20;0.00;ISLAND ROSE;374P;C374P;Cork;;Y;EISO4;N;N;N;;;WO;;FPO, NK;11.20;0.00;Fiber/Plastic;;2017-06-05;MFL;1975-01-01;;
IRL000I14627;;IRL;;;2.72;0.00;0.00;;7.80;0.00;PREDATOR;387;WT387;Westport;;Y;EISG2;N;N;N;;;MO;;FPO, GNS;11.18;0.00;Fiber/Plastic;;2017-04-08;MFL;2005-01-01;;
IRL000I14628;;IRL;;;1.57;0.00;0.00;;5.90;0.00;JOHN B;258P;SO258P;Sligo;;Y;EITD6;N;N;N;;;WO;;FPO, NK;22.00;0.00;Fiber/Plastic;;2017-08-24;MFL;2014-01-01;;
IRL000I14629;;IRL;;;1.88;0.00;0.00;;7.10;0.00;ST WINIFRED;142;T142;Tralee;;Y;EIKX3;N;N;N;;;MO;;FPO, LHP;18.65;0.00;Fiber/Plastic;;2017-08-31;MFL;2005-01-01;;
IRL000I14630;;IRL;;;6.15;0.00;0.00;;9.60;0.00;GAIA;15;S15;Sligo;;Y;EITG5;N;N;N;;;MO;;OTB, FPO, LHP, GNS;40.83;0.00;Fiber/Plastic;;1976-01-27;MFL;1974-01-01;;2022-11-15
IRL000I14631;;IRL;;;0.64;0.00;0.00;;4.98;0.00;NAOMH EANNA II;882;G882;Galway;;Y;EITD4;N;N;N;;;MO;;FPO, GNS;11.18;0.00;Fiber/Plastic;;2017-09-16;MFL;2002-01-01;;
IRL000I15626;;IRL;;;1.09;0.00;0.00;;5.80;0.00;SIOBHAN;58P;SO58P;Sligo;;Y;EITA5;N;N;N;;;WO;;FPO, NK;5.97;0.00;Fiber/Plastic;;2017-04-19;MFL;2017-01-01;;
IRL000I15628;;IRL;;;1.33;0.00;0.00;;5.70;0.00;EBISU;175P;SO175P;Sligo;;Y;EITB6;N;N;N;;;WO;;FPO, NK;26.86;0.00;Fiber/Plastic;;2017-08-10;MFL;2004-01-01;;
IRL000I15629;;IRL;;;4.56;0.00;0.00;;9.74;0.00;ACHILL LASSIE;144A;T144A;Tralee;;Y;EIIS9;N;N;N;;;DO;;DRB, NK;101.30;0.00;Wood;;2017-09-18;AQU;1980-01-01;;
IRL000I15630;;IRL;;;1.29;0.00;0.00;;6.64;0.00;NAOMH RONAN;290;G290;Galway;;Y;EITI2;N;N;N;;;WO;;GNS, DRB, FPO, LHP;11.18;0.00;Fiber/Plastic;;2017-09-27;MFL;1990-01-01;;2024-01-22
IRL000I15631;;IRL;;;0.62;0.00;0.00;;4.50;0.00;GALWAY ROSE;883;G883;Galway;;Y;EITE4;N;N;N;;;MO;;FPO, LHP;7.46;0.00;Fiber/Plastic;;2017-10-31;MFL;1997-01-01;;
IRL000I15632;;IRL;;;6.09;0.00;0.00;;9.60;0.00;LAURA LISA;145;T145;Tralee;;Y;EITC9;N;N;N;;;MO;;GNS, FPO;58.36;0.00;Fiber/Plastic;;2017-11-17;MFL;2009-01-01;;
IRL000I15633;;IRL;;;0.92;0.00;0.00;;4.96;0.00;CHLOE I;439;C439;;;Y;EIQV3;N;N;N;;;MO;;FPO, LHP;3.00;0.00;Fiber/Plastic;;2016-03-10;MFL;1994-01-01;;2018-12-12
IRL000I15634;;IRL;;;52.94;0.00;0.00;;14.94;0.00;SEIMI;388;WT388;Westport;;Y;EITC2;Y;Y;N;8558156;;MO;;GNS, FPO, LHP;110.00;0.00;Metal;;2017-10-24;MFL;2017-01-01;;
IRL000I15635;;IRL;;;0.67;0.00;0.00;;5.46;0.00;CUAN NA HAIRDE;884;G884;Galway;;Y;EITJ5;N;N;N;;;MO;;DRB, FPO;5.97;0.00;Wood;;2017-12-07;MFL;1940-01-01;;
IRL000I15636;;IRL;;;2.88;0.00;0.00;;8.44;0.00;NIAMH AINE;492;SO492;Sligo;;Y;EISJ3;N;N;N;;;MO;;GNS, FPO;17.90;0.00;Wood;;2017-09-04;MFL;1976-01-01;;
IRL000I15637;;IRL;;;1.53;0.00;0.00;;7.20;0.00;MICHELLE CLARE;482;SO482;Sligo;;Y;EITA8;N;N;N;;;MO;;OTB, FPO, DRB;7.45;0.00;Wood;;2017-09-14;MFL;1997-01-01;;2024-04-03
IRL000I15638;;IRL;;;1.56;0.00;0.00;;5.77;0.00;DESTINY;243;S243;Skibbereen;;Y;EI4753;N;N;N;;;MO;;FPO, LHP;14.92;0.00;Fiber/Plastic;;2018-02-08;MFL;2013-01-01;;
IRL000I15639;;IRL;;;206.00;0.00;0.00;;24.01;0.00;STELLA NOVA;57;DA57;Drogheda;;Y;EITK6;Y;Y;Y;9826744;;TO;;OTB, NK;423.00;0.00;Metal;;2018-02-21;MFL;2017-01-01;;
IRL000I15640;;IRL;;;7.24;0.00;0.00;;9.97;0.00;ROGUE WAVE;389;WT389;Westport;;Y;EITN2;N;N;N;;;DO;;DRB, NK;60.00;0.00;Metal;;2018-02-09;MFL;1980-01-01;;
IRL000I15641;;IRL;;;0.66;0.00;0.00;;5.35;0.00;AISLING;668;SO668;Sligo;;Y;EITG3;N;N;N;;;DO;;DRB, NK;3.70;0.00;Aluminium;;2018-02-26;MFL;1954-01-01;;
IRL000I15642;;IRL;;;1.68;0.00;0.00;;5.90;0.00;OYSTER BAY;147A;T147A;Tralee;;Y;EITH9;N;N;N;;;DO;;DRB, NK;20.00;0.00;Fiber/Plastic;;2017-12-22;AQU;2017-01-01;;
IRL000I15643;;IRL;;;0.91;0.00;0.00;;5.17;0.00;EMILEE SOPHIE;148;T148;Finland;;Y;EIPT6;N;N;N;;;MO;;FPO, DRB;4.50;0.00;Fiber/Plastic;;2015-01-30;MFL;2004-01-01;;2018-05-03
IRL000I15644;;IRL;;;1.70;0.00;0.00;;9.73;0.00;MEL;264P;WD264P;Wexford;;Y;EITD3;N;N;N;;;WO;;FPO, NK;83.60;0.00;Fiber/Plastic;;2018-02-07;MFL;2017-01-01;;
IRL000I15645;;IRL;;;0.88;0.00;0.00;;5.15;0.00;OWEY STAR;560;SO560;Sligo;;Y;EITL8;N;N;N;;;WO;;GNS, FPO;7.50;0.00;Fiber/Plastic;;2018-02-06;MFL;1994-01-01;;
IRL000I15646;;IRL;;;3.69;0.00;0.00;;7.00;0.00;NICO;3P;SO3P;Sligo;;Y;EITF7;N;N;N;;;WO;;FPO, NK;179.04;0.00;Fiber/Plastic;;2017-09-27;MFL;2002-01-01;;
IRL000I15647;;IRL;;;4.40;0.00;0.00;;9.79;0.00;WESTWARD;886;G886;Galway;;Y;EIST8;N;N;N;;;MO;;GNS, FPO, LHP;179.00;0.00;Fiber/Plastic;;2017-11-29;MFL;2016-05-26;;
IRL000I15648;;IRL;;;2.01;0.00;0.00;;6.57;0.00;SWAN;510;G510;Galway;;Y;EITM9;N;N;N;;;MO;;GNS, FPO;12.22;0.00;Fiber/Plastic;;2017-12-05;MFL;1991-01-01;;
IRL000I15649;;IRL;;;5.30;0.00;0.00;;9.92;0.00;FAIR DAWN;390;WT390;Westport;;Y;EITS4;N;N;N;;;WO;;FPO, GNS, LHP;62.00;0.00;Fiber/Plastic;;2018-03-29;MFL;1999-01-01;;
IRL000I15650;;IRL;;;0.80;0.00;0.00;;5.08;0.00;BEATIE;391;WT391;Westport;;Y;EISN6;N;N;N;;;MO;;FPO, GNS;5.97;0.00;Fiber/Plastic;;2017-11-13;MFL;1995-01-01;;
IRL000I15651;;IRL;;;0.99;0.00;0.00;;5.40;0.00;RENEGADE;207;S207;Skibbereen;;Y;EISC3;N;N;N;;;WO;;FPO, GNS, LHP;3.70;0.00;Fiber/Plastic;;2018-02-13;MFL;1990-01-01;;
IRL000I15652;;IRL;;;7.45;0.00;0.00;;9.98;0.00;ELENA ROSE;67;S67;Skibbereen;;Y;EIA2834;N;N;N;;;MO;;GNS, FPO, LHP;62.50;0.00;Fiber/Plastic;;2018-04-03;MFL;2018-01-01;;
IRL000I15653;;IRL;;;0.89;0.00;0.00;;5.18;0.00;LINDA;507;SO507;;;Y;EITK5;N;N;N;;;FX;;FPO, GN, LHP, DRB;4.48;0.00;Fiber/Plastic;;1980-01-01;MFL;1980-01-01;;2020-03-03
IRL000I15654;;IRL;;;1.19;0.00;0.00;;5.61;0.00;CUSAN;146;T146;Tralee;;Y;EITP3;N;N;N;;;WO;;FPO, GNS;7.40;0.00;Fiber/Plastic;;2017-11-23;MFL;2010-01-01;;
IRL000I15655;;IRL;;;6.05;0.00;0.00;;9.67;0.00;LADY CIARA;392;WT392;;;Y;EITU5;N;N;N;;;MO;;DRB, FPO, LHP, DRM;62.50;0.00;Fiber/Plastic;;2018-04-02;MFL;2003-01-01;;2019-06-07
IRL000I15656;;IRL;;;0.83;0.00;0.00;;4.95;0.00;CROA LEA;122;S122;Skibbereen;;Y;EITH6;N;N;N;;;MO;;GNS, FPO, LHP, PS;7.40;0.00;Fiber/Plastic;;2018-01-26;MFL;2008-01-01;;
IRL000I15657;;IRL;;;1.56;0.00;0.00;;6.80;0.00;CALLIE M;602;S602;Skibbereen;;Y;EIA2310;N;N;N;;;WO;;GNS, FPO, LHP;11.20;0.00;Fiber/Plastic;;2018-04-26;MFL;2012-01-01;;
IRL000I15658;;IRL;;;7.04;0.00;0.00;;8.61;0.00;JULIA MAY;64;C64;Cork;;Y;EITF5;N;N;N;;;MO;;DRB, GNS;96.00;0.00;Fiber/Plastic;;2018-03-24;MFL;2018-01-01;;
IRL000I15659;;IRL;;;2.27;0.00;0.00;;6.21;0.00;ST MARTIN II;888;G888;Galway;;Y;EITH2;N;N;N;;;MO;;FPO, LHP, GNS;11.50;0.00;Fiber/Plastic;;2018-02-01;MFL;2002-01-01;;
IRL000I15660;;IRL;;;1.03;0.00;0.00;;5.69;0.00;EMILEE SOPHIE;148;T148;Tralee;;Y;EITV7;N;N;N;;;MO;;OTB, DRB;11.17;0.00;Fiber/Plastic;;2018-04-12;MFL;2017-01-01;;
IRL000I15661;;IRL;;;3.10;0.00;0.00;;7.90;0.00;TRUE NORTH;889;G889;Galway;;Y;EIRT9;N;N;N;;;WO;;DRB, FPO;32.82;0.00;Fiber/Plastic;;2018-03-03;MFL;1977-01-01;;
IRL000I15662;;IRL;;;2.06;0.00;0.00;;6.40;0.00;LADY KATHLEEN;394A;WT394A;Westport;;Y;EITL2;N;N;N;;;DO;;DRB, NK;27.60;0.00;Fiber/Plastic;;2018-03-02;AQU;2002-01-01;;
IRL000I15663;;IRL;;;2.10;0.00;0.00;;6.87;0.00;NAOMH MACDARA;887;G887;Galway;;Y;EITO8;N;N;N;;;MO;;FPO, NK;9.70;0.00;Wood;;2017-09-16;MFL;1980-01-01;;
IRL000I15664;;IRL;;;0.34;0.00;0.00;;3.66;0.00;OILEAIN NA FARRAIGE;393;WT393;Westport;;Y;EITT3;N;N;N;;;WO;;FPO, NK;0.00;0.00;Wood;;2018-04-04;MFL;2003-01-01;;
IRL000I15665;;IRL;;;6.64;0.00;0.00;;10.66;0.00;CUDAR II;892;G892;Galway;;Y;EITW7;N;N;N;;;MO;;LHP, GNS, FPO;37.22;0.00;Wood;;2018-05-06;MFL;1995-01-01;;
IRL000I15666;;IRL;;;0.76;0.00;0.00;;5.15;0.00;GRACE AVRIL;873;SO873;Sligo;;Y;EITQ6;N;N;N;;;WO;;FPO, LHP, GNS;3.70;0.00;Fiber/Plastic;;2018-05-06;MFL;2000-01-01;;
IRL000I15667;;IRL;;;4.32;0.00;0.00;;9.66;0.00;ELLIE MARIE III;150A;T150A;Tralee;;Y;EISR5;N;N;N;;;DO;;DRB, NK;89.48;0.00;Fiber/Plastic;;2017-05-09;AQU;1989-01-01;;
IRL000I15668;;IRL;;;4.13;0.00;0.00;;7.70;0.00;CALYPSO;891P;G891P;Galway;;Y;EITO6;N;N;N;;;WO;;FPO, NK;32.86;0.00;Fiber/Plastic;;2018-02-22;MFL;1980-01-01;;2023-07-25
IRL000I15669;;IRL;;;0.54;0.00;0.00;;4.46;0.00;GORM;771;SO771;Sligo;;Y;EITV6;N;N;N;;;MO;;GNS, FPO;2.98;0.00;Fiber/Plastic;;2018-05-18;MFL;2000-01-01;;
IRL000I15670;;IRL;;;9.46;0.00;0.00;;11.62;0.00;CELTIC VISION;320;WD320;;;Y;EITS9;N;N;N;;;WO;;OTB, OTM;162.00;0.00;Fiber/Plastic;;2018-05-22;MFL;2018-01-01;;2018-07-10
IRL000I15671;;IRL;;;1.38;0.00;0.00;;6.63;0.00;GRAINNE B;124P;SO124P;Sligo;;Y;EI8547;N;N;N;;;WO;;FPO, NK;5.90;0.00;Wood;;2018-05-09;MFL;2006-01-01;;
IRL000I15672;;IRL;;;0.31;0.00;0.00;;3.68;0.00;HOLLIE KAY;395;WT395;Westport;;Y;EITP4;N;N;N;;;DO;;LHP, FPO;0.00;0.00;Wood;;2018-03-23;MFL;2003-01-01;;
IRL000I15673;;IRL;;;1.70;0.00;0.00;;5.70;0.00;BOY RYAN;288;SO288;Sligo;;Y;EITS5;N;N;N;;;MO;;FPO, LHP, GNS;3.70;0.00;Fiber/Plastic;;2018-05-14;MFL;1980-01-01;;
IRL000I15674;;IRL;;;0.53;0.00;0.00;;4.60;0.00;JJD;205;DK205;Dundalk;;Y;E1UC5;N;N;N;;;WO;;FPO, LHP;3.80;0.00;Fiber/Plastic;;2008-01-01;MFL;2008-01-01;;2024-06-21
IRL000I15675;;IRL;;;0.70;0.00;0.00;;5.30;0.00;CLARA ANNE;440;C440;;;Y;EIUD5;N;N;N;;;GO;;GNS, LHP, FPO;3.00;0.00;Fiber/Plastic;;2018-06-18;MFL;1990-01-01;;2019-12-09
IRL000I15676;;IRL;;;0.61;0.00;0.00;;5.11;0.00;EVA;687;S687;Skibbereen;;Y;EIUA2;N;N;N;;;MO;;FPO, LHP;4.50;0.00;Fiber/Plastic;;2018-06-20;MFL;1986-01-01;;
IRL000I15677;;IRL;;;0.26;0.00;0.00;;3.70;0.00;TYLER;396;WT396;Westport;;Y;EITM8;N;N;N;;;MO;;FPO, GNS;0.00;0.00;Wood;;2018-03-21;MFL;1997-01-01;;
IRL000I15678;;IRL;;;1.14;0.00;0.00;;5.80;0.00;HEATHER BERRY;93P;SO93P;Sligo;;Y;EITQ3;N;N;N;;;WO;;FPO, NK;7.39;0.00;Fiber/Plastic;;2018-04-19;MFL;2017-01-01;;
IRL000I15679;;IRL;;;3.37;0.00;0.00;;8.10;0.00;MO CARA NUA;397;WT397;Westport;;Y;EITS3;N;N;N;;;WO;;GNS, FPO;23.00;0.00;Fiber/Plastic;;2018-02-20;MFL;1988-01-01;;
IRL000I15680;;IRL;;;1.00;0.00;0.00;;4.86;0.00;MORNING STAR;459;SO459;Sligo;;Y;EITO5;N;N;N;;;MO;;FPO, GNS, LHP;11.00;0.00;Fiber/Plastic;;2018-06-20;MFL;2001-01-01;;
IRL000I15681;;IRL;;;1.17;0.00;0.00;;6.01;0.00;BANTRY LASS;331;S331;Skibbereen;;Y;EIIL6;N;N;N;;;MO;;DRB, FPO;18.64;0.00;Fiber/Plastic;;2018-07-12;MFL;2018-01-01;;
IRL000I15682;;IRL;;;0.46;0.00;0.00;;4.85;0.00;DENNY SEAN;398;WT398;Westport;;Y;EIUI8;N;N;N;;;MO;;LHP, FPO;0.00;0.00;Wood;;2018-06-15;MFL;2017-01-01;;
IRL000I15683;;IRL;;;0.69;0.00;0.00;;4.82;0.00;KATIE C;817;SO817;;;Y;EITW8;N;N;N;;;MO;;FPO, OTB, OTM, LHP;3.00;0.00;Fiber/Plastic;;2018-07-12;MFL;2018-01-01;;2021-02-11
IRL000I15684;;IRL;;;2.93;0.00;0.00;;8.20;0.00;WHITEHILL ROSE;212;SO212;Sligo;;Y;EIIY4;N;N;N;;;MO;;FPO, DRB;23.00;0.00;Fiber/Plastic;;2018-07-13;MFL;2018-01-01;;
IRL000I15685;;IRL;;;1.28;0.00;0.00;;5.60;0.00;INISH GROE;893;G893;Galway;;Y;EITW2;N;N;N;;;MO;;GNS, FPO;7.28;0.00;Fiber/Plastic;;2018-06-28;MFL;1994-01-01;;
IRL000I15686;;IRL;;;1.70;0.00;0.00;;6.31;0.00;DANU;925;G925;Galway;;Y;EITV5;N;N;N;;;MO;;FPO, GNS, LHP;7.30;0.00;Fiber/Plastic;;2018-05-24;MFL;2017-01-01;;
IRL000I15687;;IRL;;;1.45;0.00;0.00;;7.17;0.00;ROISIN;895P;G895P;Galway;;Y;EITM5;N;N;N;;;WO;;FPO, NK;48.00;0.00;Fiber/Plastic;;2018-04-10;MFL;1990-01-01;;
IRL000I15688;;IRL;;;1.57;0.00;0.00;;7.00;0.00;MOLLY O;896;G896;Galway;;Y;EITI5;N;N;N;;;MO;;FPO, GNS;5.88;0.00;Wood;;2017-11-20;MFL;2000-01-01;;
IRL000I15690;;IRL;;;1.85;0.00;0.00;;7.03;0.00;CEOL NA MARA;4;DK4;Dundalk;;Y;EIUE7;N;N;N;;;MO;;FPO, GNS;16.60;0.00;Fiber/Plastic;;2018-08-15;MFL;1985-01-01;;
IRL000I15691;;IRL;;;0.85;0.00;0.00;;4.86;0.00;DEIRDRE EILE;209;SO209;Sligo;;Y;EIUN5;N;N;N;;;MO;;GNS, FPO;3.73;0.00;Fiber/Plastic;;2018-08-03;MFL;1998-01-01;;
IRL000I15692;;IRL;;;0.65;0.00;0.00;;5.42;0.00;USA DAN;875;SO875;Sligo;;Y;EITM3;N;N;N;;;WO;;FPO, NK;2.98;0.00;Fiber/Plastic;;2018-06-08;MFL;2002-01-01;;
IRL000I15693;;IRL;;;0.63;0.00;0.00;;5.60;0.00;RACHEL;357;SO357;Sligo;;Y;EIUG8;N;N;N;;;MO;;GNS, FPO;3.76;0.00;Fiber/Plastic;;2012-05-21;MFL;2000-01-01;;
IRL000I15694;;IRL;;;2.15;0.00;0.00;;6.20;0.00;JACKO;688;S688;Skibbereen;;Y;EIUM8;N;N;N;;;MO;;FPO, LHP;12.00;0.00;Fiber/Plastic;;2018-08-28;MFL;1989-01-01;;
IRL000I15695;;IRL;;;1.67;0.00;0.00;;5.10;0.00;ISLANDER;122P;SO122P;Sligo;;Y;EIUJ5;N;N;N;;;WO;;FPO, NK;22.38;0.00;Fiber/Plastic;;2018-08-04;MFL;1985-01-01;;
IRL000I15696;;IRL;;;2.04;0.00;0.00;;7.35;0.00;HAPPY OUT;825;G825;Galway;;Y;EIUH7;N;N;N;;;MO;;GNS, FPO;10.00;0.00;Fiber/Plastic;;2018-09-10;MFL;1980-01-01;;
IRL000I15697;;IRL;;;1.93;0.00;0.00;;7.34;0.00;NIAMH;328;WD328;Wexford;;Y;EIUP4;N;N;N;;;MO;;FPO, GNS, LHP, OTB, DRB;5.90;0.00;Wood;;2018-08-16;MFL;2002-01-01;;2021-09-09
IRL000I15698;;IRL;;;0.34;0.00;0.00;;3.66;0.00;ISABELLE;400;WT400;Westport;;Y;EI4A4;N;N;N;;;WO;;FPO, GNS;0.00;0.00;Wood;;2010-01-01;MFL;2010-01-01;;
IRL000I15699;;IRL;;;853.00;0.00;0.00;;51.90;0.00;WESTERN CHIEFTAIN;237;SO237;Sligo;;Y;EIUE4;Y;Y;Y;9816787;;TO;;OTM, NK;2400.00;0.00;Metal;;2018-09-21;MFL;2017-01-01;;
IRL000I15700;;IRL;;;0.67;0.00;0.00;;4.34;0.00;ANAM CARA;152;T152;Tralee;;Y;EITQ8;N;N;N;;;MO;;FPO, LHP, DRB, GNS;3.00;0.00;Fiber/Plastic;;2018-10-24;MFL;2000-01-01;;2022-07-25
IRL000I15701;;IRL;;;0.44;0.00;0.00;;5.30;0.00;CARA NA FARRAIGE;402;WT402;Westport;;Y;EISX3;N;N;N;;;MO;;FPO, LHP;0.00;0.00;Wood;;2018-07-21;MFL;2006-01-01;;
IRL000I15702;;IRL;;;1.20;0.00;0.00;;5.55;0.00;NORTHERN ISLE;337;WD337;Wexford;;Y;EITJ4;N;N;N;;;MO;;GNS, FPO, OTB, LHP;3.00;0.00;Fiber/Plastic;;2018-04-09;MFL;2000-01-01;;2021-09-09
IRL000I15703;;IRL;;;0.70;0.00;0.00;;3.85;0.00;ROSE M;742;SO742;Sligo;;Y;EIUR8;N;N;N;;;MO;;FPO, LHP, GNS;6.00;0.00;Fiber/Plastic;;2018-11-08;MFL;2015-01-01;;
IRL000I15704;;IRL;;;0.78;0.00;0.00;;5.21;5.21;THE DAWN;691;S691;Skibbereen;;Y;EIUS9;N;N;N;;;MO;;GNS, LHP, FPO;11.20;0.00;Fiber/Plastic;;2018-11-18;MFL;2018-01-01;;
IRL000I15705;;IRL;;;1.85;0.00;0.00;;6.93;0.00;FANAD LIGHT;689;SO689;Sligo;;Y;EIUA9;N;N;N;;;MO;;OTB, GNS, GNC;4.39;0.00;Fiber/Plastic;;2018-07-27;MFL;2018-01-01;;2021-10-15
IRL000I15706;;IRL;;;247.00;0.00;0.00;;27.38;0.00;FIONA K III;117;T117;Tralee;;Y;EIUC2;Y;Y;Y;9826794;;TO;;OTB, GNS, GNC, LHP;448.00;0.00;Metal;;2018-11-29;MFL;2017-09-08;;
IRL000I15707;;IRL;;;853.00;0.00;0.00;;51.90;0.00;GIRL STEPHANIE;190;G190;Galway;;Y;EIUE3;Y;Y;Y;9816799;;TO;;OTM, NK;1670.00;0.00;Metal;;2018-12-14;MFL;2018-01-01;;
IRL000I15708;;IRL;;;0.98;0.00;0.00;;4.67;0.00;SOPHIE;99P;T99P;Tralee;;Y;EIUQ7;N;N;N;;;WO;;FPO, NK;11.19;0.00;Fiber/Plastic;;2018-05-27;MFL;2013-01-01;;
IRL000I15709;;IRL;;;3.20;0.00;0.00;;9.59;0.00;CLEAR SEAS;233P;WD233P;Wexford;;Y;EIUW2;N;N;N;;;WO;;FPO, NK;89.00;0.00;Fiber/Plastic;;2018-11-17;MFL;2017-01-01;;
IRL000I15710;;IRL;;;1.20;0.00;0.00;;5.80;0.00;DAWN FISHER;404;S404;Skibbereen;;Y;EIUT5;N;N;N;;;MO;;DRB, LHP, FPO, GNS;11.10;0.00;Fiber/Plastic;;2018-12-15;MFL;1998-01-01;;
IRL000I15711;;IRL;;;0.40;0.00;0.00;;3.94;0.00;KELLY GEMMA II;844;SO844;Sligo;;Y;EIUU6;N;N;N;;;MO;;GNS, FPO, LHP;2.98;0.00;Fiber/Plastic;;2018-11-22;MFL;2018-11-22;;
IRL000I15712;;IRL;;;6.15;0.00;0.00;;9.45;0.00;CHASER;329;WD329;Wexford;;Y;EIUU4;N;N;N;;;MO;;FPO, GNS, OTB, DRB, LHP;62.50;0.00;Fiber/Plastic;;2019-02-17;MFL;2003-01-01;;
IRL000I15713;;IRL;;;1.82;0.00;0.00;;6.19;0.00;DAWROS BAY III;842P;SO842P;Sligo;;Y;EIUS8;N;N;N;;;WO;;FPO, NK;22.38;0.00;Fiber/Plastic;;2018-10-05;MFL;1998-01-01;;
IRL000I15714;;IRL;;;0.98;0.00;0.00;;5.00;0.00;DUNAFF LASS;411;SO411;Sligo;;Y;EIUT4;N;N;N;;;WO;;GNS, FPO, LHP;1.90;0.00;Fiber/Plastic;;2018-11-27;MFL;1990-01-01;;
IRL000I15715;;IRL;;;1.35;0.00;0.00;;5.50;0.00;ISLANDER;873;SO873;;;Y;EIUZ2;N;N;N;;;WO;;FPO, NK;7.40;0.00;Fiber/Plastic;;2019-03-08;MFL;2006-01-01;;2020-02-18
IRL000I15716;;IRL;;;4.04;0.00;0.00;;9.00;0.00;CUAISIN CINNI;42;T42;Tralee;;Y;EI8743;N;N;N;;;MO;;FPO, LHM, GNS, LHP;29.55;0.00;Fiber/Plastic;;2019-02-08;MFL;1992-01-01;;2023-10-26
IRL000I15717;;IRL;;;11.00;0.00;0.00;;11.99;0.00;LILY TOM III;720;D720;Dublin;;Y;EIVD8;N;N;N;;;WO;;FPO, NK;109.00;0.00;Fiber/Plastic;;2019-03-07;MFL;2018-01-01;;
IRL000I15718;;IRL;;;2.10;0.00;0.00;;7.00;0.00;FRANCES GERARD;721;D721;Dublin;;Y;EIVA3;N;N;N;;;WO;;FPO, DRM, DRB, GNS, OTM;15.00;0.00;Fiber/Plastic;;2019-03-14;MFL;2003-01-01;;
IRL000I15719;;IRL;;;1.60;0.00;0.00;;8.81;0.00;SHADANE;269;WD269;Wexford;;Y;EIMA8;N;N;N;;;MO;;GNS, OTB, LHP, FPO;22.37;0.00;Fiber/Plastic;;2019-01-19;MFL;2016-01-01;;
IRL000I15720;;IRL;;;0.58;0.00;0.00;;4.50;0.00;CADEN P;403;WT403;Westport;;Y;EIUZ9;N;N;N;;;WO;;LHP, FPO;3.12;0.00;Fiber/Plastic;;2019-03-02;MFL;2010-01-01;;
IRL000I15721;;IRL;;;1.10;0.00;0.00;;7.15;0.00;LABHAOISE 111;27P;SO27P;Sligo;;Y;EIVF4;N;N;N;;;WO;;FPO, NK;29.84;0.00;Fiber/Plastic;;2019-03-30;MFL;1982-01-01;;
IRL000I15722;;IRL;;;0.50;0.00;0.00;;5.67;0.00;AMY MARIE;608;SO608;Sligo;;Y;EIUV9;N;N;N;;;MO;;SX, FPO, LHP;3.76;0.00;Fiber/Plastic;;2018-11-22;MFL;1992-01-01;;
IRL000I15723;;IRL;;;3.15;0.00;0.00;;7.29;0.00;MILLIE ANN;414;SO414;Sligo;;Y;EIVA5;N;N;N;;;MO;;PS, FPO, LHP, OTB;15.00;0.00;Fiber/Plastic;;2019-03-09;MFL;1994-01-01;;
IRL000I15724;;IRL;;;3.93;0.00;0.00;;9.08;0.00;NORTH STAR;900;G900;Galway;;Y;EIUU3;N;N;N;;;WO;;GNS, LHP, FPO;19.25;0.00;Fiber/Plastic;;2019-01-31;MFL;1980-01-01;;2024-10-18
IRL000I15725;;IRL;;;1.30;0.00;0.00;;5.82;0.00;LEAH RACHEL II;308;W308;Waterford;;Y;EIVD3;N;N;N;;;MO;;LHP, GNS, FPO;5.97;0.00;Fiber/Plastic;;2019-04-02;MFL;1987-01-01;;
IRL000I15726;;IRL;;;1.03;0.00;0.00;;5.86;0.00;SOPHIA MAY;634;SO634;Sligo;;Y;EIVF5;N;N;N;;;MO;;OTB, LHP, FPO, GNS;11.00;0.00;Wood;;2019-02-18;MFL;1999-01-01;;
IRL000I15727;;IRL;;;1.18;0.00;0.00;;5.90;0.00;LADY LOUISE;661;S661;Skibbereen;;Y;EIVG4;N;N;N;;;MO;;GNS, LHP, FPO;4.50;0.00;Fiber/Plastic;;2019-04-09;MFL;2008-01-01;;2025-07-02
IRL000I15728;;IRL;;;1.18;0.00;0.00;;5.85;0.00;VISION;695;S695;Skibbereen;;Y;EITV3;N;N;N;;;MO;;GNS, FPO, LHP;3.00;0.00;Fiber/Plastic;;2018-10-24;MFL;2008-01-01;;
IRL000I15729;;IRL;;;7.90;0.00;0.00;;10.60;0.00;PROLIFIC 2;722;D722;Dublin;;Y;EIUW6;N;N;N;;;MO;;FPO, NK;62.00;0.00;Fiber/Plastic;;2019-05-03;MFL;2018-01-01;;
IRL000I15730;;IRL;;;2.57;0.00;0.00;;6.30;0.00;PORTAN;441P;C441P;Cork;;Y;EIUU7;N;N;N;;;WO;;FPO, NK;25.00;0.00;Fiber/Plastic;;2019-01-14;MFL;1990-01-01;;
IRL000I15731;;IRL;;;2.15;0.00;0.00;;6.47;0.00;BEAGLE;332;WD332;;;Y;EIVD4;N;N;N;;;MO;;FPO, OTB, GNS, LHP;20.00;0.00;Fiber/Plastic;;2019-03-23;MFL;1982-01-01;;2020-02-26
IRL000I15732;;IRL;;;1.26;0.00;0.00;;6.41;0.00;CARRIE;334;WD334;Wexford;;Y;EIVL8;N;N;N;;;MO;;FPO, GNS, LHP;4.50;0.00;Wood;;2019-05-22;MFL;2011-01-01;;
IRL000I15733;;IRL;;;16.99;0.00;0.00;;11.37;0.00;OUR JOSH;505;SO505;Sligo;;Y;EIUJ6;N;N;N;;;DO;;DRB, NK;130.00;0.00;Metal;;2019-05-13;MFL;2018-01-01;;
IRL000I15734;;IRL;;;3.94;0.00;0.00;;9.12;0.00;MARY JAMES;724;D724;Dublin;;Y;EIVK4;N;N;N;;;MO;;FPO, LHP, GNS;62.50;0.00;Fiber/Plastic;;2019-05-28;MFL;2019-01-01;;
IRL000I15735;;IRL;;;1.04;0.00;0.00;;5.82;0.00;AN CRIOSTOIR;415;S415;Skibbereen;;Y;EIVP2;N;N;N;;;MO;;FPO, LHP, GNS;7.84;0.00;Fiber/Plastic;;2019-06-29;MFL;2014-01-01;;
IRL000I15736;;IRL;;;0.90;0.00;0.00;;5.58;0.00;CHARISMA;698;S698;Skibbereen;;Y;EIVP4;N;N;N;;;WO;;FPO, LHP, GNS;4.00;0.00;Fiber/Plastic;;2019-06-29;MFL;2007-01-01;;
IRL000I15737;;IRL;;;1.74;0.00;0.00;;7.16;0.00;QUANTUS;697;S697;Skibbereen;;Y;EIVP3;N;N;N;;;MO;;FPO, GNS, LHP;15.00;0.00;Fiber/Plastic;;2019-06-29;MFL;1996-01-01;;
IRL000I15738;;IRL;;;1.42;0.00;0.00;;5.85;0.00;SOPHIE J;442;C442;Cork;;Y;EIVH5;N;N;N;;;MO;;GNS, FPO, LHP;7.20;0.00;Fiber/Plastic;;2019-05-18;MFL;2019-01-01;;
IRL000I15739;;IRL;;;1.56;0.00;0.00;;5.87;0.00;BERNIE'S WISH;699;S699;Skibbereen;;Y;EIVV9;N;N;N;;;MO;;GNS, LHP, FPO;7.38;0.00;Fiber/Plastic;;2018-07-19;MFL;2005-01-01;;
IRL000I15740;;IRL;;;1.80;0.00;0.00;;5.90;0.00;SPARKLING WAVE;324;WD324;Wexford;;Y;EIUD9;N;N;N;;;MO;;FPO, DRB, GNS, LHP;5.19;0.00;Fiber/Plastic;;2019-07-02;MFL;1997-01-01;;
IRL000I15741;;IRL;;;10.00;0.00;0.00;;11.85;0.00;BRIDIE MAY;321;WD321;Wexford;;Y;EIUQ5;N;N;N;;;MO;;OTB, FPO, GNS, LHP;67.15;0.00;Fiber/Plastic;;2019-07-06;MFL;2019-06-14;;
IRL000I15742;;IRL;;;1.37;0.00;0.00;;6.80;0.00;GRAINNE BHEAG;902;G902;Galway;;Y;EIVK6;N;N;N;;;WO;;DRB, LHP, GNS, FPO;6.00;0.00;Wood;;2019-04-26;MFL;2007-01-01;;
IRL000I15743;;IRL;;;1.48;0.00;0.00;;6.75;0.00;LUCKY LADY;407;WT407;Westport;;Y;EIUY2;N;N;N;;;MO;;OTB, FPO;32.00;0.00;Fiber/Plastic;;2019-06-12;AQU;1987-01-01;;
IRL000I15744;;IRL;;;0.85;0.00;0.00;;5.11;0.00;NANCY C;701;S701;Skibbereen;;Y;EIVR7;N;N;N;;;WO;;FPO, GNS, LHP;8.00;0.00;Fiber/Plastic;;2019-07-24;MFL;2017-01-01;;
IRL000I15745;;IRL;;;0.31;0.00;0.00;;3.42;0.00;BLIND HARBOUR;408;WT408;Westport;;Y;EIUM9;N;N;N;;;WO;;GNS, FPO, LHP;0.00;0.00;Wood;;2019-06-12;MFL;2015-01-01;;
IRL000I15746;;IRL;;;6.20;0.00;0.00;;9.97;0.00;THREE SISTERS;410;WT410;Westport;;Y;EIVR3;N;N;N;;;MO;;FPO, GNS, LHP;80.10;0.00;Fiber/Plastic;;2019-08-03;MFL;1992-01-01;;
IRL000I15747;;IRL;;;1.16;0.00;0.00;;5.62;0.00;PIPERS BAY II;903;G903;Galway;;Y;EIVL2;N;N;N;;;MO;;FPO, GNS, LHP;11.19;0.00;Fiber/Plastic;;2019-07-25;MFL;1998-01-01;;
IRL000I15748;;IRL;;;1.43;0.00;0.00;;6.49;0.00;DAVYS WAVE;540;S540;Skibbereen;;Y;EIVP5;N;N;N;;;WO;;DRB, FPO, LHP, GNS, OTB;11.00;0.00;Fiber/Plastic;;2019-05-30;MFL;2017-01-01;;
IRL000I15749;;IRL;;;7.82;0.00;0.00;;9.86;0.00;CARMEL OLIVIA;904;G904;Galway;;Y;EIUY4;N;N;N;;;DO;;DRB, NK;30.00;0.00;Wood;;2019-08-04;MFL;1982-01-01;;2022-11-08
IRL000I15750;;IRL;;;1.07;0.00;0.00;;5.70;0.00;STOOKISLAND ROVER II;43A;T43A;Tralee;;Y;EIWD6;N;N;N;;;DO;;DRB, NK;11.03;0.00;Fiber/Plastic;;2019-09-02;AQU;2019-01-01;;
IRL000I15751;;IRL;;;2.17;0.00;0.00;;6.29;0.00;LIAM PAUDIE;901;G901;Galway;;Y;EIVS8;N;N;N;;;MO;;GNS, FPO, OTB;9.12;0.00;Metal;;2019-04-24;MFL;1980-01-01;;2024-08-07
IRL000I15752;;IRL;;;13.70;0.00;0.00;;11.95;0.00;DIGNITY;727;D727;Dublin;;Y;EIWA8;N;N;N;;;WO;;FPO, OTB, GNS;104.00;0.00;Fiber/Plastic;;2019-10-01;MFL;2018-01-01;;
IRL000I15753;;IRL;;;1.96;0.00;0.00;;7.50;0.00;CUIG BUACHAILLI;21;S21;Skibbereen;;Y;EIFC8;N;N;N;;;DO;;DRB, GNS, FPO, LHP;14.98;0.00;Fiber/Plastic;;2019-05-09;MFL;1980-01-01;;
IRL000I15754;;IRL;;;1.29;0.00;0.00;;5.55;0.00;DOUBTSA III;705;S705;Skibbereen;;Y;EIVI6;N;N;N;;;MO;;LHP, GNS, FPO;5.90;0.00;Fiber/Plastic;;2019-09-23;MFL;2011-01-01;;
IRL000I15755;;IRL;;;122.00;0.00;0.00;;26.05;0.00;TILLY;3;WD3;Wexford;;Y;EIWE6;Y;Y;Y;9862384;;TO;;TBB, NK;324.00;85.00;Metal;;2019-10-25;MFL;2019-01-01;;
IRL000I15756;;IRL;;;0.90;0.00;0.00;;5.77;0.00;NATALIE MARGARET;155P;SO155P;Sligo;;Y;EIVZ9;N;N;N;;;WO;;FPO, NK;7.39;0.00;Fiber/Plastic;;2019-06-13;MFL;2002-01-01;;
IRL000I15757;;IRL;;;7.00;0.00;0.00;;11.95;0.00;ATLANTIC CHIEFTAIN;703;S703;Skibbereen;;Y;EIWG2;N;N;N;;;WO;;FPO, LHP, GNS;125.00;0.00;Fiber/Plastic;;2019-10-22;MFL;2011-01-01;;
IRL000I15758;;IRL;;;4.64;0.00;0.00;;8.99;0.00;SHANNON;445;C445;Cork;;Y;EIVJ2;N;N;N;;;MO;;FPO, OTB, GNS, LHP;62.50;0.00;Fiber/Plastic;;1999-01-18;MFL;1998-01-01;;
IRL000I15759;;IRL;;;170.00;0.00;0.00;;26.16;0.00;TEMPO;349;D349;Dublin;;Y;EIVE8;Y;Y;Y;8732776;;TO;;OTB, GNS, PS, OTM;447.00;0.00;Metal;;2019-09-25;MFL;1986-01-01;;
IRL000I15760;;IRL;;;1.92;0.00;0.00;;5.53;0.00;FIDELMA K;725;D725;Dublin;;Y;EIWH6;N;N;N;;;WO;;FPO, GNS, LHP;14.00;0.00;Fiber/Plastic;;2019-11-18;MFL;1990-01-01;;2024-04-02
IRL000I15761;;IRL;;;1.70;0.00;0.00;;5.85;0.00;LAURA G;905;G905;Galway;;Y;EIUT7;N;N;N;;;MO;;GNS, LHP, FPO;12.00;0.00;Fiber/Plastic;;1995-01-01;MFL;1995-01-01;;
IRL000I15762;;IRL;;;0.60;0.00;0.00;;5.00;0.00;THE LADY MAR;907P;G907P;Galway;;Y;EI8526;N;N;N;;;WO;;FPO, NK;7.40;0.00;Fiber/Plastic;;2019-09-12;MFL;1980-01-01;2023-05-02;
IRL000I15763;;IRL;;;2.39;0.00;0.00;;7.20;0.00;SHAUNA BELLE;547;S547;Skibbereen;;Y;EIVW7;N;N;N;;;MO;;GNS, LHP, DRB, FPO, OTB;7.00;0.00;Fiber/Plastic;;2019-10-20;MFL;2012-01-01;;
IRL000I15764;;IRL;;;0.50;0.00;0.00;;5.10;0.00;CHRISTMAS TIDE;606;SO606;Sligo;;Y;EIWD8;N;N;N;;;MO;;GNS, OTB, DRB, LHP, FPO, GND;5.79;0.00;Fiber/Plastic;;2019-11-22;MFL;2000-01-01;;
IRL000I15765;;IRL;;;5.51;0.00;0.00;;9.04;0.00;CIARA;335;WD335;Wexford;;Y;EIWN5;N;N;N;;;MO;;FPO, GNS, OTB, LHP;74.06;0.00;Wood;;2019-12-03;MFL;1989-01-01;;
IRL000I15766;;IRL;;;2.86;0.00;0.00;;8.00;0.00;ABBIE K;256;SO256;Sligo;;Y;EIWH2;N;N;N;;;WO;;GNS, FPO;33.55;0.00;Fiber/Plastic;;2019-11-28;MFL;2000-01-01;;
IRL000I15767;;IRL;;;5.28;0.00;0.00;;9.94;0.00;VELVET STRAND;640;D640;Dublin;;Y;EIWO4;N;N;N;;;MO;;FPO, LHP, GNS;34.00;0.00;Fiber/Plastic;;2020-02-10;MFL;1999-01-01;;
IRL000I15768;;IRL;;;2.23;0.00;0.00;;8.05;0.00;ELIZABETH II;278;WD278;Wexford;;Y;EIWM9;N;N;N;;;MO;;GNS, FPO, LHP;7.30;0.00;Fiber/Plastic;;2020-01-09;MFL;1990-01-01;;
IRL000I15769;;IRL;;;0.80;0.00;0.00;;4.86;0.00;LADY HELEN II;326;WD326;Wexford;;Y;EIKP3;N;N;N;;;MO;;GNS, OTB, FPO, LHP;3.70;0.00;Fiber/Plastic;;2020-03-02;MFL;1994-01-01;;
IRL000I15770;;IRL;;;3.33;0.00;0.00;;9.23;0.00;CRUACH NA CARA;908;G908;Galway;;Y;EIWR9;N;N;N;;;WO;;GNS, FPO, LHP;30.00;0.00;Fiber/Plastic;;2020-01-15;MFL;1991-01-01;;
IRL000I15771;;IRL;;;3.90;0.00;0.00;;7.75;0.00;DOIREANN ERIN;336;WD336;Wexford;;Y;EIWQ4;N;N;N;;;WO;;FPO, GNS;67.40;0.00;Fiber/Plastic;;2020-03-24;MFL;2019-01-01;;
IRL000I15773;;IRL;;;12.90;0.00;0.00;;12.35;0.00;HANNAH LILLY II;92;WD92;Wexford;;Y;EIWT4;Y;Y;N;;;MO;;GNS, FPO, LHP;125.00;0.00;Fiber/Plastic;;2020-05-29;MFL;2019-01-01;;
IRL000I15774;;IRL;;;0.72;0.00;0.00;;5.15;0.00;PATRICIA MARIE;386;S386;Sligo;;Y;EIWR4;N;N;N;;;MO;;FPO, GNS, LHP, DRB;4.47;0.00;Fiber/Plastic;;2020-06-05;MFL;2001-01-01;;
IRL000I15775;;IRL;;;0.99;0.00;0.00;;5.64;0.00;SADIE ROSA;708;S708;Skibbereen;;Y;EIWT9;N;N;N;;;MO;;GNS, FPO, LHP;10.56;0.00;Fiber/Plastic;;2020-06-01;MFL;1985-01-01;;
IRL000I15776;;IRL;;;1.58;0.00;0.00;;5.90;0.00;AGNES-K;333;W333;Waterford;;Y;EIWB2;N;N;N;;;MO;;GNS, DRB, OTB, LHP, FPO;6.00;0.00;Fiber/Plastic;;2019-07-18;MFL;2005-01-01;;
IRL000I15777;;IRL;;;6.41;0.00;0.00;;8.65;0.00;CHLOE ANNE;405;SO405;Sligo;;Y;EIWV4;N;N;N;;;MO;;OTB, DRB, GNS;25.00;0.00;Fiber/Plastic;;2020-05-02;MFL;2003-01-01;;
IRL000I15778;;IRL;;;3.59;0.00;0.00;;7.92;0.00;MATRIX;710;S710;Skibbereen;;Y;EIWY8;N;N;N;;;MO;;GNS, LHP, FPO;38.26;0.00;Fiber/Plastic;;2020-06-17;MFL;1996-01-01;;
IRL000I15779;;IRL;;;2.72;0.00;0.00;;7.85;0.00;SEAN OG;688P;D688P;Dublin;;Y;EIWQ6;N;N;N;;;WO;;FPO, NK;45.00;0.00;Fiber/Plastic;;2020-06-23;MFL;2020-01-01;;
IRL000I15780;;IRL;;;0.50;0.00;0.00;;5.70;0.00;DERRYINVER;909;G909;Galway;;Y;EIWG7;N;N;N;;;WO;;GNS, LHP, FPO;0.00;0.00;Wood;;2019-10-30;MFL;2014-01-01;;
IRL000I15781;;IRL;;;2.33;0.00;0.00;;7.10;0.00;EVIE;680;S680;Skibbereen;;Y;EIWR5;N;N;N;;;MO;;FPO, DRB, LHP;15.00;0.00;Fiber/Plastic;;2020-07-08;MFL;2014-01-01;;
IRL000I15782;;IRL;;;0.63;0.00;0.00;;4.85;0.00;NORAH NANCY III;416;WT416;Westport;;Y;EIWS8;N;N;N;;;WO;;FPO, LHP, GNS;7.00;0.00;Fiber/Plastic;;2020-06-20;MFL;2000-01-01;;2024-05-16
IRL000I15783;;IRL;;;1.50;0.00;0.00;;5.81;0.00;COASTAL STAR;222;SO222;Sligo;;Y;EIWZ5;N;N;N;;;WO;;GNS, FPO, LHP;26.86;0.00;Fiber/Plastic;;2020-06-20;MFL;2020-01-01;;
IRL000I15784;;IRL;;;0.32;0.00;0.00;;3.67;0.00;SHARON M;417;WT417;Westport;;Y;EIWV6;N;N;N;;;WO;;GNS, FPO, LHP;0.00;0.00;Wood;;2020-05-31;MFL;2010-01-01;;
IRL000I15785;;IRL;;;2.50;0.00;0.00;;7.14;0.00;CAROL ANNE;706;S706;Skibbereen;;Y;EIWO2;N;N;N;;;MO;;GNS, FPO, LHP;15.00;0.00;Fiber/Plastic;;2020-07-30;MFL;2000-01-01;;
IRL000I15786;;IRL;;;12.45;0.00;0.00;;11.95;0.00;PATRICK J;215;DK215;Dundalk;;Y;EIXC9;N;N;N;;;DO;;DRB, NK;55.00;0.00;Metal;;1978-07-28;MFL;1978-01-01;;2024-08-23
IRL000I15787;;IRL;;;1.57;0.00;0.00;;8.10;0.00;ST MAE;71;SO71;Sligo;;Y;EIXK7;N;N;N;;;GO;;GNS, LHP, FPO;7.38;0.00;Fiber/Plastic;;2020-09-07;MFL;1987-01-01;;
IRL000I15788;;IRL;;;15.30;0.00;0.00;;11.70;0.00;SHAZLEAH;672;SO672;Sligo;;Y;EIXC5;N;N;N;;;MO;;OTB, FPO;132.00;0.00;Fiber/Plastic;;2020-09-23;MFL;2019-01-01;;
IRL000I15789;;IRL;;;3.66;0.00;0.00;;9.86;0.00;SPOONEY;911P;G911P;Galway;;Y;EIVN6;N;N;N;;;WO;;FPO, NK;55.00;0.00;Aluminium;;1984-09-10;MFL;1984-01-01;;
IRL000I15790;;IRL;;;3.50;0.00;0.00;;7.90;0.00;KATIE ANN;418;WT418;Westport;;Y;EIWX8;N;N;N;;;MO;;FPO, LHP, GNS;70.00;0.00;Fiber/Plastic;;2020-07-30;MFL;2012-01-01;;
IRL000I15791;;IRL;;;10.01;0.00;0.00;;11.30;0.00;VENUS II;158;T158;Tralee;;Y;EIWG3;N;N;N;;;WO;;GNS, LHP, FPO;50.00;0.00;Fiber/Plastic;;1997-11-28;MFL;1979-01-01;;
IRL000I15792;;IRL;;;0.54;0.00;0.00;;5.55;0.00;CUL TRA;913;G913;Galway;;Y;EIWU5;N;N;N;;;MO;;GNS, FPO, DRB, LHP;3.73;0.00;Fiber/Plastic;;2020-07-28;MFL;2003-01-01;;
IRL000I15793;;IRL;;;5.64;0.00;0.00;;9.90;0.00;SAORSTAT;446;C446;Cork;;Y;EIXE6;N;N;N;;;MO;;GNS, LHP, FPO;34.00;0.00;Fiber/Plastic;;2020-10-27;MFL;1985-01-01;;
IRL000I15794;;IRL;;;0.90;0.00;0.00;;5.10;0.00;CARRAIG GLEA;912;G912;Galway;;Y;EIWU4;N;N;N;;;MO;;GNS, LHP, FPO, DRB;5.97;0.00;Fiber/Plastic;;2020-07-28;MFL;2000-01-01;;
IRL000I15795;;IRL;;;1.35;0.00;0.00;;5.80;0.00;ATLANTIC JEM II;524;SO524;Sligo;;Y;EIWZ7;N;N;N;;;MO;;GNS, LHP, FPO;6.00;0.00;Fiber/Plastic;;2020-09-03;MFL;1990-01-01;;
IRL000I15796;;IRL;;;1.00;0.00;0.00;;5.71;0.00;MARY DEL MAR;159;T159;Tralee;;Y;EIWZ9;N;N;N;;;TO;;GNS, LHP, FPO;4.50;0.00;Fiber/Plastic;;2020-06-28;MFL;2016-01-01;;
IRL000I15797;;IRL;;;0.80;0.00;0.00;;5.16;0.00;CEILTEACH TAOIDE;339;WD339;Wexford;;Y;EIXP4;N;N;N;;;MO;;FPO, SUX, DRB, GNS, OTB, LHP;4.00;0.00;Fiber/Plastic;;2020-09-08;MFL;2010-01-01;;
IRL000I15798;;IRL;;;12.50;0.00;0.00;;11.96;0.00;DOONBEG;709;S709;Skibbereen;;Y;EIVZ4;N;N;N;;;TO;;DRB, NK;153.00;0.00;Metal;;2020-05-28;MFL;1997-01-01;;
IRL000I15799;;IRL;;;7.08;0.00;0.00;;10.75;0.00;GIRL MANDY;214;DK214;Dundalk;;Y;EIXJ6;N;N;N;;;DO;;DRB, NK;55.00;0.00;Metal;;2020-06-23;MFL;1988-01-01;;
IRL000I15800;;IRL;;;2.78;0.00;0.00;;7.28;0.00;FINAL SPLICE;447;C447;Cork;;Y;EIWR3;N;N;N;;;MO;;GNS, FPO, LHP;22.95;0.00;Fiber/Plastic;;2020-09-24;MFL;1990-01-01;;
IRL000I15801;;IRL;;;0.80;0.00;0.00;;5.35;0.00;ANNA LOUISE;715;S715;Skibbereen;;Y;EIXP3;N;N;N;;;MO;;FPO, LHP, GNS;4.50;0.00;Fiber/Plastic;;2020-11-17;MFL;2000-01-01;;2023-03-13
IRL000I15802;;IRL;;;1.02;0.00;0.00;;4.93;0.00;LMOS;716;S716;Skibbereen;;Y;EIXB3;N;N;N;;;GO;;GNS, FPO, LHP;4.00;0.00;Fiber/Plastic;;2020-11-10;MFL;1990-01-01;;
IRL000I15803;;IRL;;;1.48;0.00;0.00;;5.90;0.00;THE HULK;448;C448;Cork;;Y;EIXO7;N;N;N;;;MO;;GNS, LHP, FPO;7.38;0.00;Fiber/Plastic;;2020-11-13;MFL;1995-01-01;;
IRL000I15804;;IRL;;;1.00;0.00;0.00;;5.00;0.00;PUFFIN;341;WD341;Wexford;;Y;EIXL9;N;N;N;;;MO;;GNS, OTB, LHP, FPO, DRB;7.50;0.00;Wood;;2020-12-08;MFL;1999-01-01;;2024-02-07
IRL000I15805;;IRL;;;223.00;0.00;0.00;;26.00;0.00;MARY PAUL;723;D723;Dublin;;Y;EIXK2;Y;Y;Y;9887580;;TO;;OTB, NK;420.00;0.00;Metal;;2020-12-23;MFL;2019-05-20;;
IRL000I15806;;IRL;;;2.40;0.00;0.00;;6.06;0.00;JOHN B;914;G914;Galway;;Y;EIXR2;N;N;N;;;MO;;FPO, LHP;5.00;0.00;Fiber/Plastic;;2021-01-06;MFL;1999-01-01;;
IRL000I15807;;IRL;;;2.38;0.00;0.00;;7.05;0.00;STAR OF ANTHONY;421;WT421;Westport;;Y;EIXR4;N;N;N;;;WO;;FPO, LHP, GNS;12.00;12.00;Fiber/Plastic;;2021-02-08;MFL;2000-01-01;;
IRL000I15808;;IRL;;;3.23;0.00;0.00;;9.30;0.00;MARY MAY;684;D684;Dublin;;Y;EIXW2;N;N;N;;;MO;;LHP, FPO, DRB;36.00;0.00;Fiber/Plastic;;2020-05-26;MFL;1984-01-01;;
IRL000I15809;;IRL;;;0.94;0.00;0.00;;5.03;0.00;NIAMH OWEN;403;SO403;Sligo;;Y;EIXP5;N;N;N;;;MO;;GNS, FPO, LHP;4.50;0.00;Fiber/Plastic;;2020-12-21;MFL;2014-01-01;;2024-11-21
IRL000I15810;;IRL;;;1.97;0.00;0.00;;6.95;0.00;CELTIC SPIRIT III;726;D726;Dublin;;Y;EIXX9;N;N;N;;;WO;;GNS, FPO, LHP;22.00;0.00;Fiber/Plastic;;2021-02-23;MFL;2020-01-01;;
IRL000I15811;;IRL;;;1.33;0.00;0.00;;6.54;0.00;DINGLE BAY;162;T162;Tralee;;Y;EIXN6;N;N;N;;;MO;;GNS, LHP, FPO;12.68;0.00;Fiber/Plastic;;2021-01-10;MFL;2003-01-01;;
IRL000I15812;;IRL;;;3.24;0.00;0.00;;7.98;0.00;CLISINOR II;721;S721;Skibbereen;;Y;EIXG5;N;N;N;;;MO;;GNS, FPO, LHP;30.00;0.00;Fiber/Plastic;;2021-03-25;MFL;1994-01-01;;
IRL000I15813;;IRL;;;1.41;0.00;0.00;;5.84;0.00;ROSHINE QUEEN;18P;SO18P;Sligo;;Y;EIXY9;N;N;N;;;WO;;FPO, NK;7.39;0.00;Fiber/Plastic;;2021-04-12;MFL;2020-04-24;;
IRL000I15814;;IRL;;;59.10;0.00;0.00;;14.95;0.00;MICHELLE NA MARA;412;WT412;Westport;;Y;EIWL5;Y;Y;N;8579227;;WO;;FPO, NK;160.00;0.00;Metal;;2021-04-10;MFL;2020-04-03;;
IRL000I15815;;IRL;;;4.99;0.00;0.00;;9.70;0.00;CORA JO;713;S713;Skibbereen;;Y;EIV07;N;N;N;;;WO;;FPO, GNS, LHP;32.85;0.00;Fiber/Plastic;;2021-05-05;MFL;1990-01-01;;
IRL000I15816;;IRL;;;1.38;0.00;0.00;;6.65;0.00;DONNA C;621;SO621;Sligo;;Y;EIXV7;N;N;N;;;MO;;GNS, LHP, FPO;11.19;0.00;Fiber/Plastic;;2021-03-08;MFL;1998-01-01;;
IRL000I15817;;IRL;;;1.23;0.00;0.00;;5.70;0.00;BILLIE ANNA;428;SO428;Sligo;;Y;EIXV4;N;N;N;;;MO;;GNS, LHP, FPO;7.38;0.00;Fiber/Plastic;;2021-03-10;MFL;1995-01-01;;
IRL000I15818;;IRL;;;1.71;0.00;0.00;;6.06;0.00;CARRAIGIN BEAG;434;SO434;Sligo;;Y;EIYC3;N;N;N;;;MO;;GNS, LHP, FPO;7.36;0.00;Fiber/Plastic;;2021-04-17;MFL;2010-01-01;;
IRL000I15819;;IRL;;;1.40;0.00;0.00;;5.69;0.00;KATIE C 2;27;DA27;Dundalk;;Y;EIXY6;N;N;N;;;WO;;GNS, FPO, LHP;4.00;0.00;Fiber/Plastic;;2021-04-28;MFL;1985-01-01;;
IRL000I15820;;IRL;;;1.80;0.00;0.00;;6.14;0.00;CHLOE ALICE;343;WD343;Wexford;;Y;EIXW7;N;N;N;;;MO;;GNS, FPO, LHP;18.00;0.00;Fiber/Plastic;;2021-02-17;MFL;1980-01-01;;
IRL000I15821;;IRL;;;0.61;0.00;0.00;;4.85;0.00;NIAMH FIONN;424;WT424;Westport;;Y;EIXV2;N;N;N;;;MO;;FPO, LHP, GNS;3.00;0.00;Fiber/Plastic;;2021-03-02;MFL;1977-01-01;;
IRL000I15822;;IRL;;;0.66;0.00;0.00;;5.80;0.00;DÉIRAIS;425;WT425;Westport;;Y;EIYA6;N;N;N;;;MO;;FPO, GNS, LHP;3.00;0.00;Wood;;2021-04-11;MFL;1997-01-01;;
IRL000I15823;;IRL;;;1.06;0.00;0.00;;5.48;0.00;ST. RITA;879;SO879;Sligo;;Y;EIYI5;N;N;N;;;MO;;FPO, LHP;7.00;0.00;Fiber/Plastic;;2021-03-08;MFL;1981-01-01;;
IRL000I15824;;IRL;;;255.00;0.00;0.00;;27.38;0.00;ELLA;233;G233;Galway;;Y;EIXN4;Y;Y;Y;9888223;;TO;;OTB, OTM;450.00;0.00;Metal;;2021-06-03;MFL;2021-01-01;;
IRL000I15825;;IRL;;;0.95;0.00;0.00;;5.20;0.00;MARIA BHAN;426;WT426;Sligo;;Y;EIXZ3;N;N;N;;;MO;;GNS, DRB, FPO, LHP;11.19;0.00;Fiber/Plastic;;2021-03-16;MFL;2003-01-01;;
IRL000I15826;;IRL;;;3.47;0.00;0.00;;7.45;0.00;PUFFIN;164;T164;Tralee;;Y;EIYE9;N;N;N;;;WO;;GNS, FPO, LHP;13.50;0.00;Fiber/Plastic;;2021-04-26;MFL;1992-01-01;;
IRL000I15827;;IRL;;;2.14;0.00;0.00;;6.50;0.00;BLACK PEARL;915;G915;Galway;;Y;EIWM6;N;N;N;;;WO;;GNS, FPO, LHP;99.30;0.00;Fiber/Plastic;;2012-03-08;MFL;2010-01-01;;
IRL000I15828;;IRL;;;1.36;0.00;0.00;;5.99;0.00;DENISE;675;SO675;Sligo;;Y;EIYB5;N;N;N;;;MO;;GNS, LHP, FPO;3.75;0.00;Fiber/Plastic;;2021-04-10;MFL;1996-01-01;;2025-04-01
IRL000I15829;;IRL;;;0.54;0.00;0.00;;4.30;0.00;TREASA MAIREAD II;427;WT427;Westport;;Y;EIXK4;N;N;N;;;MO;;FPO, LHP, GNS;1.70;0.00;Fiber/Plastic;;2020-10-20;MFL;2003-01-01;;2025-04-25
IRL000I15830;;IRL;;;12.40;0.00;0.00;;11.80;0.00;ODYSSEY;910;G910;Galway;;Y;EIWY9;N;N;N;;;WO;;FPO, LHP, GNS;70.00;0.00;Fiber/Plastic;;2021-06-15;MFL;2021-01-01;;
IRL000I15831;;IRL;;;1398.00;0.00;0.00;;62.60;0.00;ANTARCTIC;97;D97;Dublin;;Y;EIXS6;Y;Y;Y;9885984;;TO;;OTM, PTM, PS;2499.00;0.00;Metal;;2021-07-09;MFL;2020-07-07;;
IRL000I15832;;IRL;;;3.78;0.00;0.00;;8.12;0.00;KATIE SHANNON;238;SO238;Sligo;;Y;EIXZ4;N;N;N;;;MO;;DRB, LHP, FPO, GNS;45.00;0.00;Fiber/Plastic;;2021-05-06;MFL;1993-01-01;;
IRL000I15833;;IRL;;;4.07;0.00;0.00;;9.22;0.00;PROVIDENCE;722;S722;Skibbereen;;Y;EINE7;N;N;N;;;MO;;GNS, OTM, PS, PTM;29.80;0.00;Fiber/Plastic;;2021-07-22;MFL;1989-01-01;;
IRL000I15834;;IRL;;;1.20;0.00;0.00;;5.78;0.00;SAOIRSE;117P;S117P;Skibbereen;;Y;EIYB7;N;N;N;;;WO;;FPO, NK;28.00;0.00;Fiber/Plastic;;2021-06-10;MFL;2003-01-01;;
IRL000I15835;;IRL;;;0.70;0.00;0.00;;6.95;0.00;EALA DUBH;916;G916;Galway;;Y;EIXA7;N;N;N;;;MO;;GNS, LHP, FPO;14.97;0.00;Fiber/Plastic;;2021-06-05;MFL;2020-01-01;;
IRL000I15836;;IRL;;;1.40;0.00;0.00;;6.00;0.00;SHAUNA MARIE 11;380;SO380;Sligo;;Y;EIYR6;N;N;N;;;MO;;FPO, GNS, LHP;7.38;0.00;Fiber/Plastic;;2021-08-04;MFL;1998-01-01;;
IRL000I15837;;IRL;;;1.20;0.00;0.00;;6.87;0.00;RISING TIDE;522;SO522;Sligo;;Y;EIYG9;N;N;N;;;WO;;GNS, LHP, FPO;22.40;0.00;Fiber/Plastic;;2021-03-08;MFL;2015-01-01;;
IRL000I15838;;IRL;;;1.41;0.00;0.00;;5.80;0.00;EMILY MARY;723;S723;Skibbereen;;Y;EIYP7;N;N;N;;;MO;;DRB, GNS, FPO;10.00;0.00;Fiber/Plastic;;2021-08-09;MFL;2003-01-01;;
IRL000I15839;;IRL;;;248.00;0.00;0.00;;26.62;0.00;AMBITIOUS II;62;DA62;Dundalk;;Y;EIXJ7;Y;Y;Y;9914773;;TO;;OTM, PTM, PS;460.00;478.00;Metal;;2021-04-14;MFL;2021-01-01;;
IRL000I15840;;IRL;;;1.26;0.00;0.00;;6.92;0.00;FIONN ODHRAN;521;SO521;Sligo;;Y;EIZE5;N;N;N;;;WO;;FPO, GNS;5.97;0.00;Fiber/Plastic;;2021-10-12;MFL;2002-01-01;;
IRL000I15841;;IRL;;;0.56;0.00;0.00;;6.90;0.00;AIBH CIARAN;31;C31;Cork;;Y;EIYT9;N;N;N;;;MO;;FPO, GNS, LHP;3.70;0.00;Fiber/Plastic;;2021-09-21;MFL;1995-01-01;;
IRL000I15842;;IRL;;;1.20;0.00;0.00;;6.02;0.00;CELTIC SPIRIT II;690P;D690P;Dublin;;Y;EIZA2;N;N;N;;;WO;;FPO, LHP;14.20;0.00;Fiber/Plastic;;2021-05-04;MFL;2002-01-01;;
IRL000I15843;;IRL;;;2172.00;0.00;0.00;;64.65;0.00;LEILA;108;SO108;Sligo;;Y;EIWV8;Y;Y;Y;9873199;;TO;;PS, OTM;2999.00;0.00;Metal;;2021-11-29;MFL;2021-01-01;;
IRL000I15844;;IRL;;;0.73;0.00;0.00;;5.00;0.00;PISCES;234P;WT234P;Sligo;;Y;EI8457;N;N;N;;;WO;;FPO, NK;16.40;0.00;Wood;;2019-04-09;MFL;2000-01-01;;
IRL000I15845;;IRL;;;0.57;0.00;0.00;;4.80;0.00;PIXIE;428;WT428;Westport;;Y;EIYX5;N;N;N;;;MO;;FPO, DRB, LHP, GNS;0.00;0.00;Fiber/Plastic;;2021-09-06;MFL;1998-01-01;;
IRL000I15846;;IRL;;;0.33;0.00;0.00;;4.48;0.00;MARK ALAN;526;SO526;Sligo;;Y;EISI3;N;N;N;;;MO;;GNC, FPO, GNS, LHP;4.50;0.00;Fiber/Plastic;;2021-08-03;MFL;1990-01-01;;
IRL000I15847;;IRL;;;0.93;0.00;0.00;;5.70;0.00;SILENT LADY;429;WT429;Sligo;;Y;EIYY3;N;N;N;;;WO;;FPO, DRB, GNS;6.00;0.00;Fiber/Plastic;;2021-09-07;MFL;1993-01-01;;
IRL000I15848;;IRL;;;2172.00;0.00;0.00;;64.65;0.00;LAUREN;95;D95;Dublin;;Y;EIXN5;Y;Y;Y;9873204;;TO;;PS, OTM;2999.00;940.00;Metal;;2022-03-16;MFL;2022-01-01;;
IRL000I15849;;IRL;;;0.99;0.00;0.00;;5.40;0.00;OCEAN CREST;10;S10;Skibbereen;;Y;EIYZ3;N;N;N;;;WO;;FPO, NK;4.00;0.00;Fiber/Plastic;;2022-02-21;MFL;1992-01-01;;
IRL000I15850;;IRL;;;0.85;0.00;0.00;;5.52;5.52;HEL-LYN;345;WD345;Wexford;;Y;EI4007;N;N;N;;;MO;;GNS, FPO, LHP;7.38;0.00;Fiber/Plastic;;2021-05-19;MFL;2010-01-01;;2024-05-20
IRL000I15851;;IRL;;;1.00;0.00;0.00;;5.55;0.00;NORTHERN ISLE II;337;WD337;Wexford;;Y;EIZA3;N;N;N;;;MO;;GNS, FPO, LHP;2.90;0.00;Fiber/Plastic;;2021-08-04;MFL;2010-01-01;;
IRL000I15852;;IRL;;;1.73;0.00;0.00;;6.64;0.00;KEILEE;918;G918;Galway;;Y;EIZD2;N;N;N;;;MO;;GNS, FPO, LHP;11.13;0.00;Fiber/Plastic;;2021-11-09;MFL;1984-01-01;;
IRL000I15853;;IRL;;;245.00;0.00;0.00;;26.63;0.00;DILLON OWEN II;720;S720;Skibbereen;;Y;EIZI4;Y;Y;Y;9924948;;TO;;OTB, PS, SDN, SPR, OTM, SSC;746.00;0.00;Metal;;2022-04-25;MFL;2022-01-01;;
IRL000I15854;;IRL;;;1.63;0.00;0.00;;5.90;0.00;NAOMH CAILLIN;917;G917;Galway;;Y;EIXR6;N;N;N;;;WO;;GNS, LHP, FPO;7.36;0.00;Fiber/Plastic;;2021-09-17;MFL;2000-01-01;;
IRL000I15855;;IRL;;;3.50;0.00;0.00;;8.85;0.00;KAM WATERS;426;SO426;Sligo;;Y;EIZU5;N;N;N;;;MO;;GNS, OTB, FPO;42.60;0.00;Fiber/Plastic;;2022-04-28;MFL;2019-05-31;;
IRL000I15856;;IRL;;;3.35;0.00;0.00;;9.26;0.00;BENJOMA;920;G920;Galway;;Y;EIYS8;N;N;N;;;MO;;FPO, GNS, LHP;19.25;0.00;Fiber/Plastic;;2022-02-23;MFL;1984-01-01;;
IRL000I15857;;IRL;;;4.20;0.00;0.00;;9.95;0.00;CAILINI ORGA;919;G919;Galway;;Y;EIZW2;N;N;N;;;GO;;GNS, LHP, FPO;106.00;0.00;Fiber/Plastic;;2022-04-02;MFL;2008-01-01;;
IRL000I15858;;IRL;;;4.11;0.00;0.00;;7.72;0.00;OCEAN SPRAY;921;G921;Galway;;Y;EIXO8;N;N;N;;;MO;;FPO, OTB, GNS, LHP, DRB;32.10;0.00;Fiber/Plastic;;2021-03-14;MFL;2000-01-01;;
IRL000I15859;;IRL;;;1.26;0.00;0.00;;5.78;0.00;NICOLE MARIE;821;G821;Galway;;Y;EIZO4;N;N;N;;;MO;;GNS, LHP, FPO;11.00;0.00;Fiber/Plastic;;2022-06-27;MFL;2021-01-01;;
IRL000I15860;;IRL;;;13.11;0.00;0.00;;12.50;0.00;WEE ROSIE;632;SO632;Sligo;;Y;EIZZ6;Y;Y;N;;;TO;;GNS, LHP, FPO;60.00;0.00;Fiber/Plastic;;2022-07-05;MFL;2021-01-01;;
IRL000I15861;;IRL;;;2.12;0.00;0.00;;7.90;0.00;SEAGULL;515;G515;Galway;;Y;EIYK3;N;N;N;;;MO;;GNS, LHP, FPO;17.03;0.00;Fiber/Plastic;;2021-05-15;MFL;2001-01-01;;
IRL000I15862;;IRL;;;1.24;0.00;0.00;;5.77;0.00;NORTH STAR;811;G811;Galway;;Y;EIZU4;N;N;N;;;WO;;FPO, LHP, GNS;4.50;0.00;Fiber/Plastic;;2022-06-25;MFL;2021-01-01;;
IRL000I15863;;IRL;;;1.21;0.00;0.00;;7.31;0.00;CLARENA;673;SO673;Sligo;;Y;EIZQ9;N;N;N;;;MO;;OTB, LHP, FPO, GNS;6.00;0.00;Fiber/Plastic;;2022-06-01;MFL;2001-01-01;;
IRL000I15864;;IRL;;;2.28;0.00;0.00;;6.07;0.00;SILVER DAWN;144;DA144;Drogheda;;Y;EIZV2;N;N;N;;;WO;;FPO, NK;15.00;0.00;Fiber/Plastic;;2022-07-09;MFL;1999-01-01;;
IRL000I15865;;IRL;;;14.92;0.00;0.00;;13.88;0.00;REIDE;146;DA146;Drogheda;;Y;EIA2039;Y;Y;N;;;TO;;DRB, DRM;74.60;0.00;Metal;;2022-07-23;MFL;1979-01-01;;
IRL000I15866;;IRL;;;1.52;0.00;0.00;;8.92;0.00;PIARAS A CHARA;724;S724;Skibbereen;;Y;EINO9;N;N;N;;;GO;;GNS, LHP, FPO;11.20;0.00;Fiber/Plastic;;2022-06-14;MFL;2003-01-01;;
IRL000I15867;;IRL;;;2172.00;0.00;0.00;;64.65;0.00;VERONICA;602;D602;Dublin;;Y;EIYB3;Y;Y;Y;9893553;;TO;;OTM, OTB;2999.00;940.00;Metal;;2022-09-20;MFL;2022-01-01;;
IRL000I15868;;IRL;;;0.90;0.00;0.00;;4.97;0.00;ROISIN DUBH;165;T165;Tralee;;Y;EIA2089;N;N;N;;;MO;;FPO, GNS, LHP;3.73;0.00;Fiber/Plastic;;2022-08-31;MFL;2000-01-01;;
IRL000I15869;;IRL;;;0.95;0.00;0.00;;5.70;0.00;MARY B;429;SO429;Sligo;;Y;EIA2091;N;N;N;;;MO;;GNS, LHP, FPO;3.70;0.00;Fiber/Plastic;;2022-09-13;MFL;2001-01-01;;
IRL000I15870;;IRL;;;1.20;0.00;0.00;;6.40;0.00;CARA BHARA;922;G922;Galway;;Y;EIZT7;N;N;N;;;MO;;GNS, FPO, LHP;3.14;0.00;Wood;;2022-08-16;MFL;2001-01-01;;2025-03-13
IRL000I15871;;IRL;;;1.26;0.00;0.00;;5.82;0.00;EIMEAR MAEVE;924;G924;Galway;;Y;EIZ07;N;N;N;;;MO;;GNS, LHP, FPO;14.45;0.00;Fiber/Plastic;;2022-06-30;MFL;1990-01-01;;
IRL000I15872;;IRL;;;354.00;0.00;0.00;;27.37;0.00;OCEAN CREST;381;S381;Skibbereen;;Y;EIA2035;Y;Y;Y;9924950;;TO;;OTB, SPR, SX, LHM, OTM, GNS;736.00;0.00;Metal;;2022-11-15;MFL;2022-01-01;;
IRL000I15873;;IRL;;;201.00;0.00;0.00;;22.67;0.00;GREEN ISLE;500;SO500;Sligo;;Y;EIZV4;Y;Y;Y;9963645;;TO;;OTB, OTM;480.00;0.00;Metal;;2022-10-28;MFL;2020-12-21;;
IRL000I15874;;IRL;;;1.70;0.00;0.00;;5.79;0.00;KERRY C;49;T49;Tralee;;Y;EIA2051;N;N;N;;;MO;;GNS, LHP, FPO;7.30;0.00;Fiber/Plastic;;2022-09-25;MFL;1995-01-01;;
IRL000I15875;;IRL;;;3.73;0.00;0.00;;8.09;0.00;LILY BRÍD;25;S25;Skibbereen;;Y;EIA2179;N;N;N;;;WO;;FPO, DRM, GNS, DRB;40.00;0.00;Fiber/Plastic;;2022-02-22;MFL;2003-01-01;;
IRL000I15876;;IRL;;;1.86;0.00;0.00;;6.10;2.30;CONUEIL;347;WD347;Wexford;;Y;EIZG9;N;N;N;;;MO;;GNS, OTM, LHP, FPO, DRB, OTB;20.00;0.00;Fiber/Plastic;;2022-11-22;MFL;2002-01-01;;
IRL000I15877;;IRL;;;8.49;0.00;0.00;;9.98;0.00;DOUBLE OR QUITS;145;DA145;Dundalk;;Y;EIA2150;N;N;N;;;DO;;DRB, NK;33.00;0.00;Metal;;2022-11-17;MFL;1985-01-01;;
IRL000I15878;;IRL;;;2.40;0.00;0.00;;6.10;0.00;CHARLIE'S PRIDE;540;SO540;Sligo;;Y;EIA2146;N;N;N;;;MO;;FPO, DRB, LHP, GNS;3.50;0.00;Fiber/Plastic;;2022-11-03;MFL;2014-01-01;;
IRL000I15879;;IRL;;;0.79;0.00;0.00;;5.30;0.00;MAUREEN T;432;WT432;Westport;;Y;EIZQ3;N;N;N;;;MO;;GNS, FPO, LHP;7.39;0.00;Fiber/Plastic;;2022-09-19;MFL;1995-01-01;;
IRL000I15880;;IRL;;;59.10;0.00;0.00;;14.95;0.00;AODH NA MARA;414;WT414;Sligo;;Y;EIXA8;Y;Y;N;8575233;;WO;;FPO, NK;160.00;0.00;Metal;;2022-11-10;MFL;2020-04-04;;
IRL000I15881;;IRL;;;11.36;0.00;0.00;;14.00;0.00;PATHFINDER III;346;WD346;Wexford;;Y;EIA2170;Y;Y;N;;;WO;;FPO, LHP, GNS;124.00;0.00;Fiber/Plastic;;2022-12-23;MFL;2018-01-01;;
IRL000I15882;;IRL;;;1.60;0.00;0.00;;6.00;0.00;CANON SHIELDS III;523;SO523;Sligo;;Y;EIA2226;N;N;N;;;MO;;DRB, GNS, FPO;20.00;0.00;Fiber/Plastic;;2023-01-17;MFL;2003-01-01;;
IRL000I15883;;IRL;;;0.94;0.00;0.00;;6.75;0.00;PURTEEN II;433;WT433;Westport;;Y;EIA2180;N;N;N;;;MO;;DRB, FPO, LHP;11.20;0.00;Fiber/Plastic;;2023-01-21;MFL;2017-01-01;;
IRL000I15884;;IRL;;;2.05;0.00;0.00;;7.10;0.00;GIRL MAUREEN;431;WT431;Westport;;Y;EIA2259;N;N;N;;;MO;;GNS, FPO, DRB;15.00;0.00;Fiber/Plastic;;2022-07-04;MFL;1978-01-01;;
IRL000I15885;;IRL;;;0.94;0.00;0.00;;6.75;0.00;BLUEFIN;726;S726;Skibbereen;;Y;EIA2198;N;N;N;;;MO;;OTB, OTM, GNS, DRB, LHP, FPO;20.00;0.00;Fiber/Plastic;;2022-05-28;MFL;2017-01-01;;
IRL000I15886;;IRL;;;0.60;0.00;0.00;;4.80;0.00;BOY BRILLIANCE;434;WT434;Sligo;;Y;ETA2236;N;N;N;;;MO;;GNS, FPO, LHP, DRM;4.50;0.00;Fiber/Plastic;;2023-02-06;MFL;2001-01-01;;
IRL000I15887;;IRL;;;346.00;0.00;0.00;;31.00;0.00;EILEAN CROINE;238;S238;Skibbereen;;Y;EIZH5;Y;Y;Y;9910002;;TO;;OTB, PTM, OTM, LHM;736.00;0.00;Metal;;2023-03-02;MFL;2020-09-09;;
IRL000I15888;;IRL;;;346.00;0.00;0.00;;31.00;0.00;SPARKLING STAR;437;D437;Dublin;;Y;EIZH8;Y;Y;Y;9910014;;TO;;OTB, OTM, PTM, LHM;736.00;0.00;Metal;;2023-02-22;MFL;2020-09-09;;
IRL000I15889;;IRL;;;1.50;0.00;0.00;;5.85;0.00;VALLEY PEARL;727;S727;Skibbereen;;Y;EIA2184;N;N;N;;;WO;;GNS, LHP, DRB, FPO;9.00;0.00;Fiber/Plastic;;2023-02-04;MFL;2022-01-01;;
IRL000I15890;;IRL;;;1.59;0.00;0.00;;7.74;0.00;ENDEAVOUR;926;G926;Galway;;Y;EIA2086;N;N;N;;;MO;;GNS, FPO, LHP;37.22;0.00;Fiber/Plastic;;2023-02-27;MFL;2003-01-01;;
IRL000I15891;;IRL;;;1.31;0.00;0.00;;6.12;0.00;SILVER ROSE;450;C450;Cork;;Y;EIYA3;N;N;N;;;GO;;GNS, OTB, LHP, OTM;8.00;0.00;Wood;;2022-06-16;MFL;1987-01-01;;
IRL000I15892;;IRL;;;0.79;0.00;0.00;;4.94;0.00;BLACK PEARL;534;SO534;Sligo;;Y;EIA2138;N;N;N;;;MO;;GNS, LHP, FPO;4.47;0.00;Fiber/Plastic;;2023-01-18;MFL;1988-01-01;;
IRL000I15893;;IRL;;;1.73;0.00;0.00;;6.20;0.00;DOCHAS;435A;WT435A;Westport;;Y;EIA2046;N;N;N;;;MO;;DRB, NK;29.80;0.00;Fiber/Plastic;;2023-02-05;AQU;1989-01-01;;
IRL000I15894;;IRL;;;0.80;0.00;0.00;;5.20;0.00;SCOTLANN;540;T540;Tralee;;Y;EIA2136;N;N;N;;;WO;;DRB, FPO, GNS, LHP;4.47;0.00;Fiber/Plastic;;2023-04-21;MFL;2012-01-01;;
IRL000I15895;;IRL;;;0.54;0.00;0.00;;5.55;0.00;ABSENT FRIENDS;438;WT438;Westport;;Y;EIA2237;N;N;N;;;MO;;GNS, FPO, LHP;4.40;0.00;Wood;;2023-03-29;MFL;2022-05-16;;
IRL000I15896;;IRL;;;5.54;0.00;0.00;;9.60;0.00;TOR MÓR;436;WT436;Westport;;Y;EIA2271;N;N;N;;;MO;;GNS, LHP, FPO;63.00;0.00;Fiber/Plastic;;2023-03-15;MFL;2009-01-01;;
IRL000I15897;;IRL;;;1.89;0.00;0.00;;6.40;0.00;ANNABEL MAE;88;S88;Skibbereen;;Y;EIA2330;N;N;N;;;WO;;GNS, FPO, LHP;11.00;0.00;Fiber/Plastic;;2023-05-03;MFL;2018-01-01;;
IRL000I15898;;IRL;;;8.70;0.00;0.00;;11.95;0.00;ATLANTIC DEFENDER;725P;S725P;Skibbereen;;Y;EIA2247;N;N;N;;;WO;;FPO, NK;380.00;0.00;Fiber/Plastic;;2023-03-09;MFL;2023-01-01;;
IRL000I15899;;IRL;;;0.60;0.00;0.00;;4.90;0.00;FÁINLEOG;928P;G928P;Galway;;Y;EI8526;N;N;N;;;WO;;FPO, NK;7.40;0.00;Fiber/Plastic;;2023-03-24;MFL;1999-01-01;;
IRL000I15900;;IRL;;;1.46;0.00;0.00;;5.80;0.00;ANNA LOUISE 2;715;S715;Skibbereen;;Y;EIA2161;N;N;N;;;MO;;FPO, DRB, GNS;4.50;0.00;Fiber/Plastic;;2023-03-02;MFL;2002-01-01;;
IRL000I15901;;IRL;;;5.03;0.00;0.00;;9.10;0.00;AUTUMN;730P;S730P;Skibbereen;;Y;EIA2373;N;N;N;;;WO;;FPO, NK;32.97;0.00;Fiber/Plastic;;2023-06-12;MFL;2003-01-01;;
IRL000I15902;;IRL;;;2.75;0.00;0.00;;7.02;0.00;BIDDY JOE;749;G749;Galway;;Y;EIA2194;N;N;N;;;MO;;GNS, LHP, FPO;15.00;0.00;Fiber/Plastic;;2023-05-22;MFL;1984-01-01;;
IRL000I15903;;IRL;;;1.48;0.00;0.00;;5.85;0.00;SINANNE MAY;282;S282;Skibbereen;;Y;EIA2242;N;N;N;;;WO;;DRB, FPO, LHP, GNS;22.36;0.00;Fiber/Plastic;;2023-07-06;MFL;2022-01-01;;
IRL000I15904;;IRL;;;5.81;0.00;0.00;;9.85;0.00;ST MARTIN;80;SO80;Sligo;;Y;EIA2312;N;N;N;;;MO;;FPO, GNS, LHP;80.35;0.00;Fiber/Plastic;;2023-06-26;MFL;2023-01-01;;
IRL000I15905;;IRL;;;2.70;0.00;0.00;;8.30;0.00;MOLLY ROSE;440;WT440;Westport;;Y;EIA2321;N;N;N;;;MO;;GNS, FPO, LHP;22.00;0.00;Fiber/Plastic;;2023-05-24;MFL;1988-01-01;;
IRL000I15906;;IRL;;;2.17;0.00;0.00;;6.60;0.00;JOEY;738;G738;Galway;;Y;EIA2306;N;N;N;;;GO;;GNS, FPO, LHP;11.50;0.00;Fiber/Plastic;;2023-07-25;MFL;2010-01-01;;
IRL000I15907;;IRL;;;2.20;0.00;0.00;;7.07;0.00;THE KITTY PATRICK;470;SO470;Sligo;;Y;EIA2251;N;N;N;;;MO;;OTB, FPO, GNS, LHP;10.00;0.00;Fiber/Plastic;;2023-07-26;MFL;1980-01-01;;
IRL000I15908;;IRL;;;0.93;0.00;0.00;;5.74;0.00;BOY JAMES;169;T169;Tralee;;Y;EIA2436;N;N;N;;;MO;;GNS, LHP, FPO;6.00;0.00;Fiber/Plastic;;2023-09-14;MFL;2020-04-20;;
IRL000I15909;;IRL;;;1.59;0.00;0.00;;7.26;0.00;DYLAN EVAN;168A;T168A;Tralee;;Y;EIA2421;N;N;N;;;DO;;DRB, NK;59.70;0.00;Fiber/Plastic;;2023-08-30;AQU;1988-01-01;;
IRL000I15910;;IRL;;;1.75;0.00;0.00;;7.00;0.00;ELLIE MARIE;438;SO438;Sligo;;Y;EIA2325;N;N;N;;;MO;;GNS, FPO, OTB, OTM, LHP;10.00;0.00;Fiber/Plastic;;2023-09-01;MFL;1985-01-01;;2023-12-01
IRL000I15911;;IRL;;;3.82;0.00;0.00;;9.20;0.00;ST JACINTA;13;G13;Galway;;Y;EIA2224;N;N;N;;;MO;;DRB, FPO, LHP, GNS;45.30;0.00;Fiber/Plastic;;2023-01-18;MFL;1988-01-01;;
IRL000I15912;;IRL;;;1.30;0.00;0.00;;5.80;0.00;MAGGIE ROSE;930;G930;Galway;;Y;EIA2401;N;N;N;;;WO;;GNS, LHP, FPO;7.40;0.00;Fiber/Plastic;;2023-08-09;MFL;2023-05-18;;
IRL000I15913;;IRL;;;0.69;0.00;0.00;;4.90;0.00;CHLOE;441;WT441;Westport;;Y;EIA2394;N;N;N;;;MO;;GNS, FPO, LHP;4.47;0.00;Fiber/Plastic;;2023-09-30;MFL;1979-01-01;;
IRL000I15914;;IRL;;;0.92;0.00;0.00;;5.20;0.00;LONE STAR;442;WT442;Westport;;Y;EIA2334;N;N;N;;;WO;;GNS, FPO, LHP;2.00;0.00;Fiber/Plastic;;2023-07-19;MFL;2012-01-01;;
IRL000I15915;;IRL;;;16.67;0.00;0.00;;11.95;0.00;ORLA MÉABH;13;T13;Tralee;;Y;EIA2304;N;N;N;;;MO;;FPO, GNS, OTB, OTM;142.40;0.00;Fiber/Plastic;;2023-10-15;MFL;2022-12-31;;
IRL000I15916;;IRL;;;8.00;0.00;0.00;;11.66;0.00;CUPLA NA FARRAIGE;731;S731;Skibbereen;;Y;EIA2581;N;N;N;;;MO;;GNS, LHP, FPO;125.00;0.00;Fiber/Plastic;;2023-11-11;MFL;2023-09-01;;
IRL000I15917;;IRL;;;0.50;0.00;0.00;;5.10;0.00;TMAC;443A;WT443A;Westport;;Y;EIZM6;N;N;N;;;DO;;DRM, NK;11.19;0.00;Wood;;2023-03-27;AQU;1998-01-01;;
IRL000I15918;;IRL;;;1.16;0.00;0.00;;5.60;0.00;LAUREN OISIN;448;SO448;Sligo;;Y;EIA2502;N;N;N;;;MO;;GNS, FPO, LHP;7.30;0.00;Fiber/Plastic;;2023-09-04;MFL;1998-01-01;;
IRL000I15919;;IRL;;;0.60;0.00;0.00;;6.15;0.00;AISLING;931;G931;Galway;;Y;EIA2560;N;N;N;;;MO;;GNS, FPO, LHP;3.00;0.00;Fiber/Plastic;;2023-11-12;MFL;2001-01-01;;
IRL000I15920;;IRL;;;1.36;0.00;0.00;;5.56;0.00;LIATHÁN;845;SO845;Sligo;;Y;EIA2487;N;N;N;;;MO;;GNS, LHP, FPO;12.38;0.00;Fiber/Plastic;;2023-10-20;MFL;1982-01-01;;
IRL000I15921;;IRL;;;1.60;0.00;0.00;;5.90;0.00;CODY;350;WD350;Wexford;;Y;EIA2167;N;N;N;;;MO;;GNS, DRB, OTM, OTB, LHP, FPO;7.30;0.00;Fiber/Plastic;;2023-07-05;MFL;1996-01-01;;
IRL000I15922;;IRL;;;1.50;0.00;0.00;;5.85;0.00;ROSEANN;171;T171;Tralee;;Y;EIA2488;N;N;N;;;WO;;GNS, FPO, GND, DRB, LHP;15.00;0.00;Fiber/Plastic;;2023-11-22;MFL;2023-04-26;;
IRL000I15923;;IRL;;;1.93;0.00;0.00;;7.03;0.00;SEASPRAY;174;T174;Tralee;;Y;EIA2088;N;N;N;;;MO;;FPO, GNS, LHP;10.00;0.00;Fiber/Plastic;;2023-11-22;MFL;1980-01-01;;
IRL000I15924;;IRL;;;1.53;0.00;0.00;;5.95;0.00;ST ANN;176;T176;Tralee;;Y;EIA2644;N;N;N;;;WO;;FPO, GNS, LHP, DRB;3.30;0.00;Fiber/Plastic;;2024-03-12;MFL;2003-07-18;;
IRL000I15925;;IRL;;;354.00;0.00;0.00;;27.37;0.00;WAVE CREST;383;S383;Skibbereen;;Y;EIA2486;Y;Y;Y;9924962;;TO;;OTB, SX, SPR, GNS, LHM, OTM;736.00;0.00;Aluminium;;2023-12-19;MFL;2020-11-12;;
IRL000I15926;;IRL;;;1.03;0.00;0.00;;6.60;0.00;AN RIOCHT;152;T152;Tralee;;Y;EIA2101;N;N;N;;;WO;;DRB, FPO, GNS, LHP;9.00;0.00;Fiber/Plastic;;2024-05-27;MFL;1994-01-01;;
IRL000I15927;;IRL;;;1.32;0.00;0.00;;5.82;0.00;DIARMAID MARI;536;S536;Skibbereen;;Y;EIA2661;N;N;N;;;WO;;LHP, GNS, FPO;11.19;0.00;Fiber/Plastic;;2024-05-28;MFL;2003-01-01;;
IRL000I15928;;IRL;;;0.79;0.00;0.00;;4.66;0.00;MIA BRIGID;177;T177;Tralee;;Y;EIA2585;N;N;N;;;WO;;FPO, GNS, LHP;7.39;0.00;Fiber/Plastic;;2024-05-06;MFL;1983-01-01;;
IRL000I15929;;IRL;;;1.15;0.00;0.00;;5.94;0.00;TONNTA MOR;444;WT444;Westport;;Y;EIA2698;N;N;N;;;MO;;GNS, FPO, LHP;4.00;0.00;Fiber/Plastic;;2024-05-08;MFL;2002-01-01;;
IRL000I15930;;IRL;;;1.27;0.00;0.00;;5.18;0.00;JJD;205;DK205;Dundalk;;Y;EIA2648;N;N;N;;;WO;;FPO, LHP;3.80;0.00;Fiber/Plastic;;2024-06-10;MFL;1999-01-01;;
IRL000I15931;;IRL;;;0.65;0.00;0.00;;5.00;0.00;MOYA;431;SO431;Sligo;;Y;EIA2717;N;N;N;;;MO;;GNS, LHP, FPO;2.00;0.00;Fiber/Plastic;;2024-05-22;MFL;1999-01-01;;
IRL000I15932;;IRL;;;1.30;0.00;0.00;;5.94;0.00;DAYSTAR;714;SO714;Sligo;;Y;EIA2745;N;N;N;;;MO;;OTB, FPO, GNS, LHP, OTM;31.46;0.00;Fiber/Plastic;;2024-05-27;MFL;2001-01-01;;
IRL000I15933;;IRL;;;1.50;0.00;0.00;;5.85;0.00;RACHEL GEMMA;317;W317;Waterford;;Y;EIA2765;N;N;N;;;MO;;FPO, GNS, LHP, OTB;6.00;0.00;Fiber/Plastic;;2024-07-31;MFL;2024-02-01;;
IRL000I15934;;IRL;;;1.37;0.00;0.00;;5.90;0.00;DERROUGH II;674;G674;Galway;;Y;EI8116;N;N;N;;;WO;;GNS, LHP, FPO;11.19;0.00;Fiber/Plastic;;2024-06-21;MFL;2023-01-01;;
IRL000I15935;;IRL;;;6.75;0.00;0.00;;9.80;0.00;MAC GRIANNA;180A;T180A;Tralee;;Y;EIA2112;N;N;N;;;DO;;DRB, NK;29.84;0.00;Wood;;2024-05-24;AQU;1970-01-01;;
IRL000I15936;;IRL;;;8.99;0.00;0.00;;10.71;0.00;SAIMIN SOG;352;WD352;Wexford;;Y;EI7309;N;N;N;;;MO;;DRB, OTM, LHP, OTB, FPO;74.06;0.00;Fiber/Plastic;;2024-07-22;MFL;1989-01-01;;
IRL000I15937;;IRL;;;1.38;0.00;0.00;;5.90;0.00;RÍ NA MARA II;932;G932;Galway;;Y;EIA2750;N;N;N;;;MO;;GNS, FPO, LHP;7.30;0.00;Fiber/Plastic;;2024-07-10;MFL;2024-01-01;;
IRL000I15938;;IRL;;;1.21;0.00;0.00;;5.70;0.00;PASS TIME;416;WT416;Westport;;Y;EIA2736;N;N;N;;;MO;;GNS, FPO, LHP;25.00;0.00;Fiber/Plastic;;2024-06-29;MFL;1998-01-01;;
IRL000I15939;;IRL;;;1.36;0.00;0.00;;5.10;0.00;GOLDEN STAR;170P;T170P;Tralee;;Y;EIA2554;N;N;N;;;WO;;FPO, NK;13.95;0.00;Fiber/Plastic;;2024-04-15;MFL;1998-01-01;;
IRL000I15940;;IRL;;;0.52;0.00;0.00;;5.00;0.00;GLAN POINT;445;WT445;Westport;;Y;EIA2824;N;N;N;;;MO;;GNS, LHP, FPO;4.47;0.00;Wood;;2024-09-14;MFL;2002-01-01;;
IRL000I15941;;IRL;;;3.14;0.00;0.00;;6.76;0.00;CHARLOTTE G;181A;T181A;Tralee;;Y;EIA2313;N;N;N;;;DO;;DRB, NK;15.00;0.00;Fiber/Plastic;;2024-10-04;AQU;1985-01-01;;
IRL000I15942;;IRL;;;1.44;0.00;0.00;;5.60;0.00;WESTEND;179;T179;Tralee;;Y;EIA2869;N;N;N;;;MO;;GNS, LHP, FPO;7.68;0.00;Fiber/Plastic;;2024-09-18;MFL;1999-01-01;;
IRL000I15943;;IRL;;;0.86;0.00;0.00;;5.71;0.00;NIAMH OWEN;403;SO403;Sligo;;Y;EIA2974;N;N;N;;;MO;;GNS, FPO, LHP;4.50;0.00;Fiber/Plastic;;2024-11-16;MFL;2001-01-01;;
IRL000I15944;;IRL;;;0.90;0.00;0.00;;6.05;0.00;GIRL CAROLINE;933;G933;Galway;;Y;EIA2888;N;N;N;;;MO;;GNS, LHP, FPO;14.92;0.00;Wood;;2024-11-25;MFL;2000-01-01;;
IRL000I15945;;IRL;;;5.10;0.00;0.00;;9.95;0.00;BRIGHT HORIZON;353;WD353;Wexford;;Y;EIA2986;N;N;N;;;MO;;OTB, FPO, DRB, LHP, GNS;40.00;0.00;Fiber/Plastic;;2024-11-07;MFL;1993-01-01;;
IRL000I15946;;IRL;;;1.77;0.00;0.00;;5.79;0.00;SWELL;183P;T183P;Tralee;;Y;EIA3005;N;N;N;;;WO;;FPO, NK;90.00;0.00;Fiber/Plastic;;2024-10-22;MFL;1998-01-01;;
IRL000I15947;;IRL;;;1.36;0.00;0.00;;5.86;0.00;SEAWEED LASS;934;G934;Galway;;Y;EIA2863;N;N;N;;;MO;;GNS, LHP, FPO;15.00;0.00;Fiber/Plastic;;2024-12-05;MFL;2024-09-26;;
IRL000I15948;;IRL;;;0.80;0.00;0.00;;4.70;0.00;MY GRACIE;600;SO600;Sligo;;Y;EIA3026;N;N;N;;;MO;;OTB, FPO, DRB;6.32;0.00;Fiber/Plastic;;2025-03-31;MFL;1980-01-01;;
IRL000I15949;;IRL;;;1.36;0.00;0.00;;5.88;0.00;CARA BHARA II;922;G922;Galway;;Y;EIA3075;N;N;N;;;MO;;GNS, LHP, FPO;3.14;0.00;Fiber/Plastic;;2025-04-03;MFL;2024-01-01;;
IRL000I15950;;IRL;;;3.50;0.00;0.00;;9.20;0.00;GOLDEN QUEST II;76;WD76;Wexford;;Y;EIA3028;N;N;N;;;MO;;OTM, LHP, OTP, GNS, FPO;80.00;0.00;Fiber/Plastic;;2025-04-02;MFL;2025-03-26;;
IRL000I15951;;IRL;;;1.60;0.00;0.00;;6.14;0.00;EAMON JAMES;355;WD355;Wexford;;Y;EIA3007;N;N;N;;;MO;;GNS, OTM, LHP, FPO, OTB;6.69;0.00;Fiber/Plastic;;2025-05-05;MFL;1999-01-01;;
IRL000I15952;;IRL;;;1.50;0.00;0.00;;5.85;0.00;AMY M;621;S621;Skibbereen;;Y;EIA3003;N;N;N;;;MO;;FPO, LHP, GNS;7.50;0.00;Fiber/Plastic;;2024-12-09;MFL;2024-01-01;;
IRL000I15953;;IRL;;;1.11;0.00;0.00;;5.76;0.00;LIAM PAUDIE S;935;G935;Galway;;Y;EIA2916;N;N;N;;;MO;;GNS, LHP, FPO;3.81;0.00;Fiber/Plastic;;2024-06-04;MFL;2000-01-01;;
IRL000I15954;;IRL;;;1.39;0.00;0.00;;6.42;0.00;GIRL CATRIONA;788;G788;Galway;;Y;EIA3008;N;N;N;;;MO;;GNS, LHP, FPO;7.47;0.00;Fiber/Plastic;;2025-04-28;MFL;1983-01-01;;
IRL000I15955;;IRL;;;2.19;0.00;0.00;;7.78;0.00;WHITE WATER II;803;G803;Galway;;Y;EIA3029;N;N;N;;;MO;;GNS, FPO, LHP;13.00;0.00;Fiber/Plastic;;2025-04-30;MFL;1996-01-01;;
IRL000I15956;;IRL;;;1.02;0.00;0.00;;5.60;0.00;EVA LILLY;334;W334;Wexford;;Y;EIA3105;N;N;N;;;MO;;GNS, LHP, OTM, OTB, FPO;4.00;0.00;Fiber/Plastic;;2025-04-20;MFL;2003-01-01;;
IRL000I15957;;IRL;;;9.26;0.00;0.00;;11.53;0.00;RUBÍ RÓISE;508;T508;Tralee;;Y;EIA3054;N;N;N;;;MO;;GNS, FPO, LHP;80.00;0.00;Fiber/Plastic;;2025-06-04;MFL;2002-01-01;;
IRL000I15958;;IRL;;;0.74;0.00;0.00;;6.90;0.00;BOY JOSH;426;C426;Cork;;Y;EIA3121;N;N;N;;;MO;;GNS, FPO, LHP;10.30;0.00;Fiber/Plastic;;2025-06-11;MFL;2025-01-01;;
IRL000I15959;;IRL;;;0.72;0.00;0.00;;5.30;0.00;TREASA MAIREAD 2;427;WT427;Westport;;Y;EIA3114;N;N;N;;;MO;;DRB, LHP, GNS, FPO;1.70;0.00;Metal;;2025-05-01;MFL;1959-01-01;;
IRL000I15960;;IRL;;;1.40;0.00;0.00;;5.88;0.00;PAULINE ANN;369;S369;Skibbereen;;Y;EIA3218;N;N;N;;;WO;;DRB, GNS, FPO, LHP;7.50;0.00;Fiber/Plastic;;2025-07-18;MFL;2025-01-01;;
IRL000I15961;;IRL;;;0.70;0.00;0.00;;6.95;0.00;EALA ÓG;633P;G633P;Galway;;Y;EIA3107;N;N;N;;;WO;;FPO, NK;63.00;0.00;Fiber/Plastic;;2025-07-04;MFL;2024-01-01;;
IRL000I15962;;IRL;;;6.87;0.00;0.00;;9.90;0.00;SEAHUNTER;446;WT446;Westport;;Y;EIA3194;N;N;N;;;MO;;OTB, GNS, FPO, OTM, DRB, LHP;62.50;0.00;Fiber/Plastic;;2025-07-30;MFL;2012-01-01;;
IRL000I15963;;IRL;;;1.96;0.00;0.00;;6.33;0.00;FREANGACH;461;G461;Galway;;Y;EIA3081;N;N;N;;;MO;;GNS, LHP, FPO;11.19;0.00;Metal;;2025-07-31;MFL;1992-01-01;;
IRL000I15965;;IRL;;;0.82;0.00;0.00;;6.00;0.00;INVER ROSE;103;SO103;Sligo;;Y;EIA3234;N;N;N;;;MO;;FPO, GNS, LHP, DRB;3.73;0.00;Fiber/Plastic;;2025-08-08;MFL;1991-01-01;;
IRL001I00002;;IRL;;;0.97;0.00;0.00;;7.92;0.00;AN BHRUCH;448;T448;Tralee;;Y;EI2867;N;N;N;;;MO;;FPO, DRB;3.73;0.00;Wood;;1990-10-01;MFL;1975-01-01;;
IRL001I00010;;IRL;;;1.28;0.00;0.00;;6.79;0.00;BANTRY LASS;331;S331;;;Y;EIIL6;N;N;N;;;MO;;FPO, DRB;18.64;0.00;Wood;;1980-09-22;MFL;1978-01-01;;2018-07-05
IRL001I00019;;IRL;;;1.46;0.00;0.00;;5.63;0.00;GOILIN NA BHRANDA;460;T460;Finland;;N;;N;N;N;;;MO;;GND, FPO;97.00;0.00;Wood;;1990-10-01;MFL;1980-01-01;;2004-08-24
IRL001I00021;;IRL;;;0.99;0.00;0.00;;5.24;0.00;THE ROSE;406;S406;Skibbereen;;Y;EI4188;N;N;N;;;MO;;GNS, FPO;11.18;0.00;Fiber/Plastic;;1990-10-01;MFL;1980-01-01;;
IRL001I00025;;IRL;;;4.80;0.00;0.00;;7.73;0.00;NAOMH BRID;403;S403;;;N;;N;N;N;;;MO;;DRB, NK;18.60;0.00;Wood;;1990-10-01;MFL;1978-01-01;;2003-12-22
IRL001I00027;;IRL;;;1.83;0.00;0.00;;7.46;0.00;ANITA;407;S407;;;N;;N;N;N;;;MO;;GNS, FPO;26.11;0.00;Fiber/Plastic;;1990-10-01;MFL;1985-01-01;;2004-12-09
IRL001I00030;;IRL;;;1.29;0.00;0.00;;6.91;0.00;FIONA SIOBHAN;341;S341;;;N;;N;N;N;;;MO;;GNS, FPO;11.18;0.00;Wood;;1990-10-01;MFL;1985-01-01;;2006-07-20
IRL001I00031;;IRL;;;6.39;0.00;0.00;;9.69;0.00;PAULINE ANN;369;S369;;;Y;EI3329;N;N;N;;;MO;;DRB, FPO;44.00;0.00;Wood;;1990-10-01;MFL;1972-01-01;;2014-11-20
IRL001I00032;;IRL;;;1.20;0.00;0.00;;7.46;0.00;MAIDEN ROCK;439;T439;Finland;;N;;N;N;N;;;MO;;FPO, NK;7.30;0.00;Wood;;1990-10-01;MFL;1984-01-01;;2006-11-06
IRL001I00042;;IRL;;;0.78;0.00;0.00;;5.58;0.00;ST COLMCILLE;445;G445;United Kingdom;;N;;N;N;N;;;MO;;GNS, FPO;7.38;0.00;Wood;;1990-10-01;MFL;1940-01-01;;2005-08-16
IRL001I00043;;IRL;;;1.37;0.00;0.00;;6.00;0.00;CRUADAN;432;G432;United Kingdom;;N;;N;N;N;;;MO;;FPO, GNS;7.39;0.00;Fiber/Plastic;;1990-10-01;MFL;1983-01-01;;2005-05-18
IRL001I00044;;IRL;;;1.43;0.00;0.00;;6.73;0.00;CIARAN;469;G469;United Kingdom;;N;;N;N;N;;;MO;;SB, DRB;18.64;0.00;Wood;;1990-10-01;MFL;1980-01-01;;2005-04-19
IRL001I00045;;IRL;;;4.57;0.00;0.00;;8.53;0.00;RIGH NA MARA;477;G477;United Kingdom;;N;;N;N;N;;;MO;;GNS, NK;22.40;0.00;Wood;;1990-10-01;MFL;1969-01-01;;2003-02-22
IRL001I00046;;IRL;;;0.82;0.00;0.00;;5.71;0.00;KITTYWAKE;478;G478;United Kingdom;;N;;N;N;N;;;MO;;FPO, GND;11.46;0.00;Wood;;1990-10-01;MFL;1970-01-01;;2006-05-18
IRL001I00047;;IRL;;;0.81;0.00;0.00;;5.94;0.00;REALT NA MARA;462;G462;United Kingdom;;N;;N;N;N;;;MO;;LTL, FPO;11.19;0.00;Other;;1990-10-01;MFL;1984-01-01;;2006-03-08
IRL001I00048;;IRL;;;1.40;0.00;0.00;;6.61;0.00;PELICAN;433;G433;United Kingdom;;N;;N;N;N;;;MO;;DRB, GNS;11.19;0.00;Fiber/Plastic;;1990-10-01;MFL;1977-01-01;;2005-05-18
IRL001I00051;;IRL;;;2.26;0.00;0.00;;6.09;0.00;JOANIE;459;G459;United Kingdom;;Y;EILC5;N;N;N;;;MO;;FPO, GND, LHP, GNS;7.38;0.00;Fiber/Plastic;;1990-10-01;MFL;1988-01-01;;2019-12-04
IRL001I00052;;IRL;;;6.04;0.00;0.00;;8.32;0.00;INBEAR SCEINE;372;S372;;;N;;N;N;N;;;MO;;DRB, GNS;35.80;0.00;Wood;;1990-10-01;MFL;1986-01-01;;2006-08-01
IRL001I00055;;IRL;;;2.07;0.00;0.00;;8.23;0.00;MAINE ROSE;444;T444;Finland;;N;;N;N;N;;;WO;;FPO, NK;41.00;0.00;Wood;;1990-10-01;MFL;1978-01-01;2009-07-08;
IRL001I00056;;IRL;;;1.51;0.00;0.00;;7.01;0.00;ST KEVIN;472;G472;United Kingdom;;N;;N;N;N;;;MO;;GNS, FPO;22.37;0.00;Wood;;1990-10-01;MFL;1988-01-01;;2010-02-26
IRL001I00057;;IRL;;;3.23;0.00;0.00;;6.58;0.00;CORDELIA;374;S374;;;N;;N;N;N;;;MO;;DRB, LLS;29.08;0.00;Fiber/Plastic;;1990-10-01;MFL;1984-01-01;;2010-09-29
IRL001I00062;;IRL;;;0.87;0.00;0.00;;4.69;0.00;SHRIMPER;382;S382;Skibbereen;;Y;EI2656;N;N;N;;;MO;;FPO, GNS, DRB;7.38;0.00;Fiber/Plastic;;1990-01-22;MFL;1979-01-01;;2023-04-24
IRL001I00065;;IRL;;;4.56;4.55;0.00;;8.38;0.00;NAOMH DOMHNALL;403;T403;Finland;;N;;N;N;N;;;MO;;DRB, NK;16.40;0.00;Wood;;1990-10-01;4G1;1974-01-01;;2002-08-06
IRL001I00068;;IRL;;;0.73;0.00;0.00;;5.87;0.00;EAS;456;G456;United Kingdom;;Y;EI6142;N;N;N;;;MO;;FPO, NK;11.19;0.00;Wood;;1990-10-01;MFL;1981-01-01;;2017-08-09
IRL001I00069;;IRL;;;1.11;0.00;0.00;;5.30;0.00;CURRYGLASS;398;S398;;;Y;EI5393;N;N;N;;;MO;;DRB, FPO;14.92;0.00;Fiber/Plastic;;1990-10-01;MFL;1985-01-01;;2011-06-07
IRL001I00086;;IRL;;;0.76;0.00;0.00;;5.49;0.00;THE KILLEEN;453;T453;Finland;;N;;N;N;N;;;MO;;LNB, NK;0.00;0.00;Wood;;1988-06-01;MFL;1988-01-01;;2013-09-16
IRL001I00087;;IRL;;;0.98;0.00;0.00;;6.10;0.00;ST. JOHN;470;G470;United Kingdom;;N;;N;N;N;;;MO;;DRB, FPO;7.38;0.00;Fiber/Plastic;;1990-10-01;MFL;1987-01-01;;2011-06-23
IRL001I00088;;IRL;;;7.63;0.00;0.00;;9.87;0.00;DARRYNANE;6;T6;Finland;;N;;N;N;N;;;MO;;FPO, DRB;60.00;0.00;Wood;;1990-10-01;MFL;1969-01-01;;2006-11-06
IRL001I00089;;IRL;;;1.13;0.00;0.00;;4.87;0.00;AN MADRA UISCE;446;T446;Finland;;N;;N;N;N;;;MO;;FPO, NK;22.38;0.00;Fiber/Plastic;;1990-10-01;MFL;1982-01-01;;2006-06-16
IRL001I00090;;IRL;;;0.65;0.00;0.00;;4.87;0.00;DOLPHIN;968;SO968;;;N;;N;N;N;;;MO;;FPO, GND;4.48;0.00;Fiber/Plastic;;1990-10-01;MFL;1983-01-01;;2006-06-28
IRL001I00092;;IRL;;;0.89;0.00;0.00;;4.87;0.00;CIARAN;458;T458;Finland;;Y;EIHE8;N;N;N;;;MO;;FPO, NK;6.00;0.00;Fiber/Plastic;;1990-10-01;MFL;1980-01-01;;2019-03-08
IRL001I00093;;IRL;;;0.86;0.00;0.00;;5.48;0.00;SLAINTE;483;G483;Galway;;Y;EI3692;N;N;N;;;MO;;FPO, GND;5.90;0.00;Fiber/Plastic;;1990-10-01;MFL;1988-01-01;;2022-06-02
IRL001I00094;;IRL;;;1.07;0.00;0.00;;5.79;0.00;OCEAN WAVE;379;S379;;;N;;N;N;N;;;MO;;FPO, NK;11.19;0.00;Wood;;1990-10-01;MFL;1978-01-01;;2006-09-12
IRL001I00095;;IRL;;;3.12;0.00;0.00;;8.50;0.00;RATHLEE;197;WT197;;;N;;N;N;N;;;MO;;FPO, NK;11.19;0.00;Wood;;1990-10-01;MFL;1970-01-01;;2006-03-30
IRL001I00096;;IRL;;;2.78;0.00;0.00;;6.40;0.00;SADIE II;480;G480;United Kingdom;;N;;N;N;N;;;MO;;FPO, GND;22.90;0.00;Wood;;1990-10-01;MFL;1982-01-01;;2005-05-18
IRL001I00097;;IRL;;;0.81;0.00;0.00;;6.94;0.00;AN PREACHAN;449;T449;Finland;;N;;N;N;N;;;MO;;FPO, NK;11.19;0.00;Fiber/Plastic;;1990-10-01;MFL;1984-01-01;;2005-10-13
IRL001I00098;;IRL;;;1.01;0.00;0.00;;6.40;0.00;BRID ELLEN;486;G486;United Kingdom;;Y;EI8021;N;N;N;;;MO;;DRB, FPO;7.38;0.00;Wood;;1990-10-01;MFL;1973-01-01;;2016-12-16
IRL001I00099;;IRL;;;0.88;0.00;0.00;;5.79;0.00;KING PUCK;443;T443;Finland;;N;;N;N;N;;;MO;;FPO, NK;30.00;0.00;Wood;;1990-10-01;MFL;1978-01-01;2009-07-08;
IRL001I00106;;IRL;;;6.09;0.00;0.00;;9.14;0.00;DYINISH SHOAL;357;G357;United Kingdom;;N;;N;N;N;;;MO;;FPO, NK;52.20;0.00;Wood;;1990-10-01;MFL;1979-01-01;;2004-08-19
IRL001I00107;;IRL;;;1.61;0.00;0.00;;6.85;0.00;GRAINNE MARIA;461;G461;Galway;;Y;EI4526;N;N;N;;;MO;;FPO, NK;11.19;0.00;Wood;;1990-10-01;MFL;1983-01-01;;
IRL001I00108;;IRL;;;0.47;0.00;0.00;;5.79;0.00;NAOMH COLMCILLE;465;G465;United Kingdom;;Y;EI7902;N;N;N;;;MO;;FPO, GND;5.96;0.00;Fiber/Plastic;;1990-10-01;MFL;1988-01-01;;2010-05-27
IRL001I00109;;IRL;;;1.15;0.00;0.00;;6.09;0.00;CUAN MARA;446;G446;United Kingdom;;N;;N;N;N;;;MO;;FPO, GND;7.38;0.00;Wood;;1990-10-01;MFL;1962-01-01;;2006-02-20
IRL001I00110;;IRL;;;1.92;0.00;0.00;;6.12;0.00;LADY LUCK;289;S289;Skibbereen;;Y;EI2984;N;N;N;;;MO;;FPO, LHP;18.65;0.00;Fiber/Plastic;;1990-10-01;MFL;1981-01-01;;
IRL001I00111;;IRL;;;1.59;0.00;0.00;;6.97;0.00;ST TREASA;275;G275;Galway;;Y;EICG6;N;N;N;;;WO;;FPO, DRB, GNS;14.90;0.00;Wood;;1990-10-01;MFL;1986-01-01;;2023-08-09
IRL001I00112;;IRL;;;2.54;0.00;0.00;;6.19;0.00;ROARING WATER BAY;305;S305;;;Y;EI8832;N;N;N;;;MO;;FPO, NK;18.64;0.00;Fiber/Plastic;;1990-10-01;MFL;1988-01-01;;2016-02-16
IRL001I00113;;IRL;;;1.75;0.00;0.00;;6.00;0.00;SWAN;247;S247;;;N;;N;N;N;;;MO;;FPO, DRB;12.66;0.00;Fiber/Plastic;;1990-10-01;MFL;1985-01-01;;2005-02-03
IRL001I00114;;IRL;;;2.79;0.00;0.00;;6.40;0.00;AN FIOGACH;440;T440;Finland;;N;;N;N;N;;;MO;;FPO, NK;13.40;0.00;Fiber/Plastic;;1990-10-01;MFL;1978-01-01;;2006-03-30
IRL001I00115;;IRL;;;1.00;0.00;0.00;;5.82;0.00;VIKING II;475;G475;United Kingdom;;N;;N;N;N;;;MO;;FPO, NK;37.30;0.00;Fiber/Plastic;;1990-10-01;MFL;1988-01-01;;2006-02-27
IRL001I00116;;IRL;;;10.72;0.00;0.00;;11.73;0.00;HEATHER VALLEY;454;T454;Finland;;N;;N;N;N;;;MO;;FPO, DRB;93.26;0.00;Wood;;1990-10-01;MFL;1975-01-01;;2004-10-14
IRL001I00117;;IRL;;;0.73;0.00;0.00;;4.87;0.00;WHITE CLOUD;192;WT192;Westport;;Y;EI6276;N;N;N;;;WO;;FPO, LHP, DRB;7.50;0.00;Fiber/Plastic;;1990-10-01;MFL;1989-01-01;;
IRL001I00118;;IRL;;;0.91;0.00;0.00;;6.97;0.00;MARIA;384;T384;Finland;;N;;N;N;N;;;MO;;FPO, NK;3.70;0.00;Fiber/Plastic;;1990-10-01;MFL;1985-01-01;;2007-11-28
IRL001I00119;;IRL;;;0.84;0.00;0.00;;5.94;0.00;JULIE MARIE;397;G397;United Kingdom;;N;;N;N;N;;;MO;;FPO, GTR;7.38;0.00;Wood;;1990-10-01;MFL;1988-01-01;;2005-05-18
IRL001I00120;;IRL;;;6.47;0.00;0.00;;9.44;0.00;KINGFISHER;72;DK72;Dundalk;;Y;EIEN9;N;N;N;;;MO;;FPO, NK;52.22;0.00;Fiber/Plastic;;1990-10-01;MFL;1980-01-01;;
IRL001I00122;;IRL;;;2.13;0.00;0.00;;6.03;0.00;LADYBIRD;319;D319;Dublin;;N;;N;N;N;;;MO;;FPO, GND;12.68;0.00;Fiber/Plastic;;1990-10-01;MFL;1965-01-01;;
IRL001I00123;;IRL;;;5.28;0.00;0.00;;9.29;0.00;CROSTAIN;329;C329;;;Y;EIAZ3;N;N;N;;;MO;;FPO, DRB;53.71;0.00;Wood;;1990-10-01;MFL;1977-01-01;;2019-03-15
IRL001I00124;;IRL;;;0.70;0.00;0.00;;5.54;0.00;CHRISTINE;468;G468;United Kingdom;;N;;N;N;N;;;MO;;FPO, NK;5.96;0.00;Wood;;1990-10-01;MFL;1945-01-01;;2006-01-05
IRL001I00125;;IRL;;;2.86;0.00;0.00;;6.25;0.00;THE BOY JAMES;467;G467;United Kingdom;;Y;EIE17;N;N;N;;;MO;;LHP, GNS;18.64;0.00;Fiber/Plastic;;1990-10-01;MFL;1982-01-01;;2019-02-01
IRL001I00126;;IRL;;;1.15;0.00;0.00;;6.55;0.00;MUIRIOSA;458;G458;United Kingdom;;N;;N;N;N;;;MO;;FPO, NK;11.19;0.00;Wood;;1990-10-01;MFL;1981-01-01;;2005-04-07
IRL001I00127;;IRL;;;1.35;0.00;0.00;;6.40;0.00;MARIE;450;G450;United Kingdom;;Y;EI7924;N;N;N;;;MO;;DRB, FPO;11.19;0.00;Wood;;1990-10-01;MFL;1984-01-01;2012-05-29;
IRL001I00128;;IRL;;;0.83;0.00;0.00;;4.87;0.00;CARRIG BREAN;361;T361;Finland;;N;;N;N;N;;;MO;;FPO, NK;6.00;0.00;Fiber/Plastic;;1990-10-01;MFL;1986-01-01;;2004-05-26
IRL001I00129;;IRL;;;2.12;0.00;0.00;;6.10;0.00;EMERALD STAR;368;T368;Tralee;;Y;EI4085;N;N;N;;;MO;;GND, FPO;11.19;0.00;Fiber/Plastic;;1990-10-01;MFL;1980-01-01;;
IRL001I00130;;IRL;;;3.50;0.00;0.00;;7.01;0.00;CEO DRIOCHTA;266;T266;Finland;;N;;N;N;N;;;MO;;DRB, FPO;7.50;0.00;Wood;;1990-10-01;MFL;1977-01-01;;2007-09-04
IRL001I00131;;IRL;;;1.35;0.00;0.00;;5.33;0.00;CORMAC L;259;S259;Skibbereen;;N;;N;N;N;;;MO;;FPO, DRB;18.65;0.00;Fiber/Plastic;;1990-10-01;MFL;1989-01-01;;
IRL001I00132;;IRL;;;1.18;0.00;0.00;;5.73;0.00;MAIRE BAIRBRE;491;G491;United Kingdom;;N;;N;N;N;;;MO;;DRB, NK;8.95;0.00;Wood;;1990-10-01;MFL;1968-01-01;;2004-05-26
IRL001I00133;;IRL;;;0.91;0.00;0.00;;5.30;0.00;ELLEN D;322;S322;Skibbereen;;Y;EI4226;N;N;N;;;MO;;FPO, GND;11.18;0.00;Fiber/Plastic;;1990-10-01;MFL;1983-01-01;;
IRL001I00134;;IRL;;;2.49;0.00;0.00;;6.10;0.00;ROSSMORE LILY;452;T452;Tralee;;Y;EIA2197;N;N;N;;;MO;;FPO, LHP, GNS, DRB;11.19;0.00;Fiber/Plastic;;1990-10-01;MFL;1990-01-01;;
IRL001I00159;;IRL;;;2.97;3.11;0.00;;7.65;0.00;VITAL SPARK;228;W228;;;N;;N;N;N;;;MO;;DRB, NK;32.00;0.00;Wood;;1990-10-01;4G1;1976-01-01;;2002-06-10
IRL001I00160;;IRL;;;0.57;0.00;0.00;;6.09;0.00;MAIRE TREASA;471;G471;United Kingdom;;N;;N;N;N;;;MO;;FPO, NK;14.90;0.00;Fiber/Plastic;;1990-10-01;MFL;1985-01-01;;2005-10-05
IRL001I00161;;IRL;;;1.47;0.00;0.00;;6.94;0.00;NAOMH PEADAR AN TIASCAIRE;447;G447;Galway;;Y;EI5652;N;N;N;;;MO;;FPO, GND;18.64;0.00;Wood;;1990-10-01;MFL;1985-01-01;;
IRL001I00163;;IRL;;;1.63;0.00;0.00;;5.88;0.00;EBB TIDE;265;S265;;;Y;EI8256;N;N;N;;;MO;;DRB, FPO;10.07;0.00;Fiber/Plastic;;1990-10-01;MFL;1975-01-01;;2015-09-08
IRL001I00164;;IRL;;;1.49;0.00;0.00;;5.33;0.00;ELMA ELLEN;375;S375;;;Y;EI2634;N;N;N;;;MO;;OTM, NK;11.19;0.00;Fiber/Plastic;;1990-10-01;MFL;1980-01-01;;2017-09-08
IRL001I00165;;IRL;;;0.65;0.00;0.00;;5.03;0.00;IRISH PRIDE;52;D52;;;N;;N;N;N;;;MO;;DRB, FPO;5.97;0.00;Fiber/Plastic;;1990-10-01;MFL;1982-01-01;;2005-02-10
IRL001I00166;;IRL;;;1.93;0.00;0.00;;6.91;0.00;WILLIAM;108;W108;;;N;;N;N;N;;;MO;;DRB, NK;27.50;0.00;Wood;;1990-10-01;MFL;1989-01-01;;2004-10-26
IRL001I00167;;IRL;;;1.09;0.00;0.00;;6.24;0.00;MICHAEL G;306;C306;;;Y;EI8136;N;N;N;;;MO;;FPO, DRB;14.92;0.00;Wood;;1990-10-01;MFL;1979-01-01;;2019-06-25
IRL001I00192;;IRL;;;11.47;0.00;0.00;;11.64;0.00;SAM OF LEIGH;198;W198;;;N;;N;N;N;;;MO;;FPO, GND;100.00;0.00;Fiber/Plastic;;1990-10-01;MFL;1978-01-01;;2006-03-07
IRL001I00193;;IRL;;;0.91;0.00;0.00;;5.88;0.00;ST PATRICK;464;G464;United Kingdom;;N;;N;N;N;;;MO;;DRB, FPO;11.19;0.00;Wood;;1990-10-01;MFL;1980-01-01;;2005-11-22
IRL001I00194;;IRL;;;1.57;0.00;0.00;;7.07;0.00;ST MARY;441;G441;United Kingdom;;Y;EIHC7;N;N;N;;;MO;;FPO, DRB;29.83;0.00;Wood;;1990-10-01;MFL;1984-01-01;;2016-06-07
IRL001I00212;;IRL;;;0.74;0.00;0.00;;5.41;0.00;ST COLMAN;272;G272;United Kingdom;;N;;N;N;N;;;MO;;DRB, FPO;18.65;0.00;Metal;;1990-10-01;MFL;1985-01-01;;2006-06-09
IRL001I00213;;IRL;;;0.70;0.00;0.00;;5.61;0.00;ST ANTHONY;466;G466;Galway;;N;;N;N;N;;;MO;;DRB, FPO;5.97;0.00;Wood;;1990-10-01;MFL;1960-01-01;;
IRL001I00214;;IRL;;;0.89;0.00;0.00;;7.01;0.00;MARK KAREN;447;T447;Finland;;N;;N;N;N;;;MO;;DRB, FPO;22.40;0.00;Fiber/Plastic;;1990-10-01;MFL;1985-01-01;;2014-01-22
IRL001I00215;;IRL;;;0.82;0.00;0.00;;5.79;0.00;MARTINA MAE;442;G442;Galway;;Y;EI8089;N;N;N;;;MO;;DRB, FPO;11.18;0.00;Wood;;1990-10-01;MFL;1983-01-01;;
IRL001I00216;;IRL;;;0.85;0.00;0.00;;5.85;0.00;KATE;452;G452;United Kingdom;;N;;N;N;N;;;MO;;DRB, FPO;10.45;0.00;Wood;;1990-10-01;MFL;1983-01-01;;2005-05-04
IRL001I00217;;IRL;;;3.52;0.00;0.00;;6.58;0.00;THE ORMOND QUEEN;445;T445;Tralee;;Y;EI2767;N;N;N;;;MO;;DRB, FPO;41.03;0.00;Fiber/Plastic;;1990-10-01;MFL;1983-01-01;;
IRL001I00218;;IRL;;;0.84;0.00;0.00;;5.30;0.00;DONEMARK;354;S354;;;N;;N;N;N;;;MO;;DRB, FPO;14.91;0.00;Wood;;1990-10-01;MFL;1980-01-01;;2005-05-27
IRL001I00232;;IRL;;;4.79;0.00;0.00;;10.36;0.00;LORRAINE;681;D681;;;N;;N;N;N;;;MO;;OTB, NK;53.70;0.00;Wood;;1990-10-01;MFL;1973-01-01;2003-05-06;
IRL001I00336;;IRL;;;0.82;0.00;0.00;;7.56;0.00;AN MACHAIRE;438;T438;Finland;;N;;N;N;N;;;MO;;FPO, DRB;0.01;0.00;Wood;;1990-10-01;MFL;1973-01-01;;2007-07-04
IRL001I00339;;IRL;;;1.96;0.00;0.00;;6.10;0.00;THE GLYNN;214;W214;;;Y;EI7828;N;N;N;;;MO;;FPO, DRB;11.19;0.00;Fiber/Plastic;;1998-09-29;MFL;1990-01-01;;2017-07-06
IRL001I00340;;IRL;;;1.17;0.00;0.00;;5.82;0.00;TOM AND GERRY;307;D307;Dublin;;N;;N;N;N;;;WO;;DRB, FPO;37.30;0.00;Fiber/Plastic;;1986-06-10;MFL;1986-01-01;;
IRL001I00352;;IRL;;;2.91;0.00;0.00;;10.45;0.00;SEAVAUX;650;G650;Galway;;Y;EI2567;N;N;N;;;MO;;FPO, GND;52.19;0.00;Fiber/Plastic;;1980-04-15;MFL;1979-01-01;;
IRL001I00375;;IRL;;;13.39;0.00;0.00;;12.19;0.00;CELIA ANNE;193;WT193;;;N;;N;Y;N;;;MO;;FPO, NK;94.74;0.00;Wood;;1990-10-01;MFL;1978-01-01;;2003-05-27
IRL001I00432;;IRL;;;1.09;0.00;0.00;;6.10;0.00;AOIFE;493;G493;United Kingdom;;N;;N;N;N;;;WO;;DRB, FPO;7.39;0.00;Wood;;1983-07-01;MFL;1983-01-01;;2006-02-27
IRL001I00452;;IRL;;;0.90;0.00;0.00;;5.30;0.00;BREDA;373;S373;;;N;;N;N;N;;;FX;;FPO, DRB;11.18;0.00;Fiber/Plastic;;1990-05-06;MFL;1990-01-01;;2005-04-01
IRL001I00823;;IRL;;;2.47;0.00;0.00;;8.23;0.00;NORJELCIA;387;T387;Finland;;N;;N;N;N;;;MO;;FPO, DRB;18.65;0.00;Wood;;2004-01-30;MFL;1982-01-01;;2013-12-02
IRL001I00933;;IRL;;;0.67;0.00;0.00;;5.55;0.00;AIRCIU;383;G383;United Kingdom;;N;;N;N;N;;;MO;;GND, NK;11.19;0.00;Wood;;1980-01-01;MFL;1975-01-01;;2006-03-30
IRL001I00953;;IRL;;;1.46;0.00;0.00;;6.49;0.00;BEALACH DYNISH;408;G408;Galway;;Y;EI6442;N;N;N;;;MO;;GND, FPO;18.65;0.00;Wood;;1984-06-01;MFL;1984-01-01;;
IRL001I00978;;IRL;;;1.98;0.00;0.00;;8.02;0.00;CILL COMAIR;4;DK4;;;N;;N;N;N;;;MO;;LNB, NK;6.34;0.00;Wood;;1960-06-01;MFL;1960-01-01;;2003-12-22
IRL001I01135;;IRL;;;6.79;0.00;0.00;;10.06;0.00;SINEAD B;186;WT186;;;N;;N;N;N;;;MO;;DRB, GND;44.74;0.00;Wood;;1975-06-01;MFL;1975-01-01;;2006-06-07
IRL001I01136;;IRL;;;0.81;0.00;0.00;;5.27;0.00;ROVER;402;S402;;;N;;N;N;N;;;MO;;GND, NK;18.65;0.00;Fiber/Plastic;;1988-06-01;MFL;1988-01-01;;2006-08-01
IRL001I01137;;IRL;;;0.83;0.00;0.00;;5.76;0.00;EERAGH LASS;488;G488;United Kingdom;;Y;EI3032;N;N;N;;;WO;;GND, NK;11.19;0.00;Wood;;1975-06-01;MFL;1975-01-01;;2016-01-18
IRL001I01138;;IRL;;;1.76;0.00;0.00;;6.77;0.00;CUAN MARA;487;G487;United Kingdom;;N;;N;N;N;;;MO;;GND, DRB;14.92;0.00;Wood;;1954-06-01;MFL;1954-01-01;;2005-01-31
IRL001I01139;;IRL;;;3.05;0.00;0.00;;8.23;0.00;C MARIE;386;T386;Finland;;N;;N;N;N;;;WO;;GND, DRB;11.19;0.00;Wood;;1983-06-01;MFL;1983-01-01;;2013-09-20
IRL001I01140;;IRL;;;0.76;0.00;0.00;;5.51;0.00;CARRAIG AINE;410;G410;Galway;;Y;EI8079;N;N;N;;;MO;;FPO, SDN, DRB, GNS, OTM, GND;7.39;0.00;Wood;;1969-06-01;MFL;1969-01-01;;
IRL001I01141;;IRL;;;0.95;0.00;0.00;;6.80;0.00;BUAIRCIN;448;G448;Galway;;Y;EI5530;N;N;N;;;WO;;GND, DRB;18.64;0.00;Wood;;1955-06-01;MFL;1955-01-01;;
IRL001I01142;;IRL;;;0.76;0.00;0.00;;5.70;0.00;BRID;318;G318;United Kingdom;;N;;N;N;N;;;MO;;DRB, GND;11.19;0.00;Wood;;1960-06-01;MFL;1960-01-01;;2006-03-30
IRL001I01143;;IRL;;;33.21;0.00;0.00;;14.66;0.00;WYNDUP;408;S408;;;Y;EI4653;N;Y;N;;;MO;;GND, FPO;128.26;0.00;Metal;;1966-06-01;MFL;1966-01-01;;2004-09-23
IRL001I01144;;IRL;;;0.94;0.00;0.00;;5.94;0.00;OISIN;490;G490;United Kingdom;;N;;N;N;N;;;MO;;GND, DRB;11.19;0.00;Wood;;1984-06-01;MFL;1984-01-01;;2005-03-14
IRL001I01155;;IRL;;;0.88;0.00;0.00;;5.18;0.00;LUCKY LADY;322;C322;;;N;;N;N;N;;;GO;;GND, NK;7.38;0.00;Fiber/Plastic;;1982-09-30;MFL;1982-01-01;;2006-05-12
IRL001I01156;;IRL;;;0.99;0.00;0.00;;4.94;0.00;FISHING SIXTEEN;397;S397;Skibbereen;;Y;EIAI8;N;N;N;;;WO;;FPO, LHP;7.35;0.00;Fiber/Plastic;;1987-06-01;MFL;1987-01-01;;
IRL001I01157;;IRL;;;0.69;0.00;0.00;;5.61;0.00;WIND;495;G495;United Kingdom;;N;;N;N;N;;;MO;;GND, NK;11.19;0.00;Wood;;1977-06-01;MFL;1977-01-01;;2005-04-19
IRL001I01158;;IRL;;;0.99;0.00;0.00;;5.30;0.00;SHAMROCK;371;S371;;;Y;EI7826;N;N;N;;;MO;;GNS, GND;7.38;0.00;Fiber/Plastic;;1986-06-01;MFL;1986-01-01;;2017-03-23
IRL001I01159;;IRL;;;3.98;0.00;0.00;;7.92;0.00;EBBTIDE;433;T433;Finland;;N;;N;N;N;;;MO;;GND, NK;37.30;0.00;Wood;;1980-06-01;MFL;1980-01-01;;2006-11-30
IRL001I01160;;IRL;;;14.84;0.00;0.00;;11.92;0.00;KATRINA PAUL;401;S401;;;N;;N;N;N;;;MO;;DRB, GND;278.00;0.00;Fiber/Plastic;;1985-06-01;MFL;1985-01-01;;2005-12-02
IRL001I01235;;IRL;;;6.06;0.00;0.00;;8.32;0.00;OSPREY EILE;396;S396;;;N;;N;N;N;;;MO;;GND, NK;35.80;0.00;Wood;;1990-10-01;MFL;1986-01-01;;2006-07-20
IRL001I01377;;IRL;;;4.79;0.00;0.00;;9.44;0.00;ATHAS AN IASCAIRE;381;SO381;;;N;;N;N;N;;;MO;;GND, NK;14.92;0.00;Wood;;1971-05-01;MFL;1971-01-01;;2004-02-13
IRL001I01378;;IRL;;;3.01;0.00;0.00;;7.62;0.00;BOY ALAN;70;DK70;;;N;;N;N;N;;;WO;;GND, NK;37.03;0.00;Fiber/Plastic;;1970-06-01;MFL;1970-01-01;;2004-08-06
IRL001I01398;;IRL;;;2.44;0.00;0.00;;6.10;0.00;HELENA;463;T463;Tralee;;N;;N;N;N;;;MO;;GND, NK;29.84;0.00;Fiber/Plastic;;1983-06-01;MFL;1983-01-01;;
IRL001I01417;;IRL;;;0.46;0.00;0.00;;4.60;0.00;HOLY GROUND LADY;318;C318;;;N;;N;N;N;;;MO;;DRB, NK;2.98;0.00;Wood;;1972-06-01;MFL;1972-01-01;;2005-09-16
IRL001I01418;;IRL;;;1.38;0.00;0.00;;6.40;0.00;INDEPENDENT;455;G455;Galway;;Y;EI8032;N;N;N;;;MO;;GNS, NK;18.40;0.00;Wood;;1983-06-01;MFL;1983-01-01;;
IRL001I01435;;IRL;;;2.29;0.00;0.00;;6.10;0.00;LUCKY LADY I;327;C327;;;Y;EIBH4;N;N;N;;;MO;;GNS, FPO;8.95;0.00;Fiber/Plastic;;1989-01-01;MFL;1988-01-01;;2012-06-29
IRL001I01447;;IRL;;;0.82;0.00;0.00;;5.00;0.00;KINGFISHER;417;S417;;;Y;EI8922;N;N;N;;;MO;;FPO, GND;13.42;0.00;Fiber/Plastic;;1988-06-01;MFL;1988-01-01;;2017-04-18
IRL001I01450;;IRL;;;0.70;0.00;0.00;;5.88;0.00;SNATHA MARA;503;G503;Galway;;Y;EI8118;N;N;N;;;MO;;DRB, GND;11.30;0.00;Wood;;1986-06-01;MFL;1986-01-01;;
IRL001I01451;;IRL;;;12.08;0.00;0.00;;10.49;0.00;THE BOY COOLEY;21;DK21;;;N;;N;N;N;;;TO;;DRB, NK;60.00;0.00;Wood;;1972-06-01;MFL;1972-01-01;;2005-06-01
IRL001I01455;;IRL;;;0.82;0.00;0.00;;5.36;0.00;ROISIN DUBH;499;G499;United Kingdom;;N;;N;N;N;;;MO;;GND, NK;29.82;0.00;Fiber/Plastic;;1982-06-01;MFL;1982-01-01;;2006-07-20
IRL001I01456;;IRL;;;1.46;0.00;0.00;;6.43;0.00;CARRAIG NA NOG;498;G498;United Kingdom;;N;;N;N;N;;;MO;;GND, NK;11.19;0.00;Wood;;1983-06-01;MFL;1983-01-01;;2006-07-20
IRL001I01457;;IRL;;;1.40;0.00;0.00;;6.71;0.00;MICHELLE;307;G307;Galway;;Y;EI7558;N;N;N;;;MO;;GND, NK;11.19;0.00;Wood;;1987-06-01;MFL;1987-01-01;;
IRL001I01517;;IRL;;;1.32;0.00;0.00;;6.64;0.00;BERNADETTE;440;G440;United Kingdom;;Y;EIHD6;N;N;N;;;WO;;LHP, FPO;22.37;0.00;Wood;;1980-06-28;MFL;1980-01-01;2018-03-06;
IRL001I01575;;IRL;;;3.87;0.00;0.00;;7.52;0.00;EILEEN OG;210;W210;;;Y;EI8445;N;N;N;;;MO;;DRB, GNS;16.41;0.00;Wood;;1988-01-01;MFL;1988-01-01;;2013-03-01
IRL001I01695;;IRL;;;2.77;0.00;0.00;;6.40;0.00;SAND DANCER;415;T415;Tralee;;Y;EI8356;N;N;N;;;MO;;GND, FPO, GNS, LHP;14.92;0.00;Fiber/Plastic;;1985-06-01;MFL;1985-01-01;;
IRL001I01736;;IRL;;;1.49;0.00;0.00;;6.74;0.00;PADRAIG;474;G474;United Kingdom;;Y;EIAC2;N;N;N;;;MO;;OTM, NK;7.38;0.00;Wood;;1990-10-01;MFL;1987-01-01;;2014-04-07
IRL001I01755;;IRL;;;1.61;0.00;0.00;;5.75;0.00;SHAMAL;336;C336;;;Y;EI5148;N;N;N;;;GO;;GND, LHP;13.43;0.00;Fiber/Plastic;;1990-10-01;MFL;1987-01-01;;2013-06-25
IRL001I01775;;IRL;;;4.14;0.00;0.00;;8.23;0.00;HEATHER BREEZE;23;G23;United Kingdom;;N;;N;N;N;;;MO;;OTM, NK;26.09;0.00;Wood;;1990-10-01;MFL;1986-01-01;;2005-04-20
IRL001I10038;;IRL;;;0.81;0.00;0.00;;6.25;0.00;AN FIDOIR;449;G449;United Kingdom;;Y;EIBX2;N;N;N;;;MO;;FPO, NK;7.38;0.00;Wood;;1965-01-01;MFL;1965-01-01;;2015-09-16
IRL001I11760;;IRL;;;3.57;3.66;0.00;;7.62;0.00;WINDFORTE;902;SO902;;;N;;N;N;N;;;MO;;FPO, GTR;18.70;0.00;Wood;;1972-04-24;4G1;1970-01-01;;2000-02-24
IRL001I11771;;IRL;;;1.79;2.20;0.00;;6.17;0.00;SLADEEN;350;T350;Finland;;N;;N;N;N;;;GO;;FPO, NK;7.50;0.00;Fiber/Plastic;;1980-10-07;4G1;1979-01-01;;2000-01-21
IRL001I11775;;IRL;;;4.43;8.48;0.00;;9.50;0.00;JOAN OF ARC;347;T347;Finland;;N;;N;N;N;;;MO;;FPO, NK;25.21;0.00;Wood;;1961-09-03;4G1;1960-01-01;;1999-10-15
IRL001I11777;;IRL;;;2.07;4.44;0.00;;7.92;0.00;BRYNALYNN;11;DK11;;;N;;N;N;N;;;MO;;FPO, GTR;29.84;0.00;Wood;;1984-09-03;4G1;1983-01-01;;1999-08-06
IRL001I11778;;IRL;;;1.85;5.00;0.00;;7.83;0.00;CEITRE MAISTRE;343;T343;Finland;;N;;N;N;N;;;FX;;FPO, GTR;13.42;0.00;Wood;;1970-09-22;4G1;1969-01-01;;1999-09-15
IRL001I11780;;IRL;;;6.78;0.00;0.00;;11.09;0.00;ALBACORE;18;DK18;;;Y;EI3008;N;N;N;;;MO;;FPO, GND;104.44;0.00;Fiber/Plastic;;1998-09-02;MFL;1986-01-01;;2015-03-30
IRL001I11782;;IRL;;;0.39;0.00;0.00;;6.79;0.00;AN TAILIUR;351;T351;Tralee;;N;;N;N;N;;;MO;;FPO, NK;0.00;0.00;Wood;;1998-09-11;MFL;1980-01-01;;
IRL001I11785;;IRL;;;4.43;7.64;0.00;;9.29;0.00;ANNE-MARIE;893;SO893;;;N;;N;N;N;;;MO;;FPO, NK;33.20;0.00;Wood;;1984-09-02;4G1;1983-01-01;;2000-08-28
IRL001I11786;;IRL;;;2.48;4.29;0.00;;8.01;0.00;PETA ANN;342;T342;Finland;;N;;N;N;N;;;GO;;FPO, NK;32.80;0.00;Wood;;1960-09-08;4G1;1955-01-01;;2000-02-10
IRL001I11788;;IRL;;;1.33;0.00;0.00;;5.79;0.00;PORT NA BPUCAI;344;T344;Finland;;N;;N;N;N;;;WO;;GND, NK;18.65;0.00;Fiber/Plastic;;1998-09-08;MFL;1989-01-01;;2005-11-29
IRL001I11789;;IRL;;;0.33;0.00;0.00;;4.54;0.00;SEA TROUT;346;T346;Finland;;N;;N;N;N;;;WO;;FPO, NK;7.31;0.00;Fiber/Plastic;;1998-10-07;MFL;1980-01-01;;2013-09-16
IRL001I11792;;IRL;;;0.13;0.00;0.00;;1.52;0.00;BAIDIN II;247;D247;;;N;;N;N;N;;;MO;;GNS, NK;7.39;0.00;Fiber/Plastic;;1998-09-02;MFL;1983-01-01;;2005-09-12
IRL001I11793;;IRL;;;2.07;5.37;0.00;;7.01;0.00;KEELBEG ROSE;289;C289;;;N;;N;N;N;;;MO;;FPO, NK;14.91;0.00;Fiber/Plastic;;1980-09-04;4G1;1979-01-01;;2001-06-18
IRL001I11797;;IRL;;;1.34;0.00;0.00;;6.55;0.00;NAOMH ANTOINE;225;G225;United Kingdom;;Y;EI3042;N;N;N;;;MO;;FPO, GNS;8.95;0.00;Wood;;1998-08-28;MFL;1980-01-01;;2016-04-04
IRL001I11799;;IRL;;;5.55;0.00;0.00;;9.44;0.00;ST COLUMBA;371;SO371;Sligo;;Y;EIMY2;N;N;N;;;MO;;FPO, GNS;17.89;0.00;Wood;;1974-07-01;MFL;1974-01-01;;
IRL001I11803;;IRL;;;33.21;0.00;0.00;;17.00;0.00;AMELAND;336;T336;Finland;;N;;N;Y;Y;;;TO;;OTB, NK;447.66;0.00;Wood;;1950-07-28;4G1;1949-01-01;;1998-12-10
IRL001I11806;;IRL;;;2.48;4.30;0.00;;8.87;0.00;DOREEN JEAN;131;WT131;;;N;;N;N;N;;;MO;;FPO, NK;21.62;0.00;Wood;;1972-09-03;4G1;1972-01-01;;2000-05-08
IRL001I11809;;IRL;;;1.70;0.00;0.00;;6.00;0.00;SHAMROCK SHORE;209;W209;;;N;;N;N;N;;;GO;;FPO, NK;13.43;0.00;Fiber/Plastic;;1998-09-02;MFL;1978-01-01;;2011-03-03
IRL001I11810;;IRL;;;4.05;0.00;0.00;;7.19;0.00;MARIA;236;S236;Skibbereen;;Y;EIKF9;N;N;N;;;MO;;DRB, OTB, GND, LHP, FPO, GNS;38.77;0.00;Fiber/Plastic;;1998-09-07;MFL;1983-01-01;;
IRL001I11811;;IRL;;;0.81;0.00;0.00;;5.18;0.00;BAD GORM;239;S239;Skibbereen;;Y;EIBG4;N;N;N;;;MO;;FPO, NK;7.38;0.00;Fiber/Plastic;;1998-09-02;MFL;1984-01-01;;
IRL001I11812;;IRL;;;2.48;0.00;0.00;;8.32;0.00;MAY QUEEN;351;W351;;;N;;N;N;N;;;WO;;DRB, NK;22.78;0.00;Wood;;1998-09-07;MFL;1986-01-01;;2007-11-06
IRL001I11815;;IRL;;;4.43;9.39;0.00;;9.90;0.00;OCEAN FISHER;66;T66;Finland;;N;;N;N;N;;;WO;;FPO, NK;65.00;0.00;Wood;;1969-09-08;4G1;1968-01-01;;2000-01-21
IRL001I11818;;IRL;;;1.42;0.00;0.00;;7.54;0.00;NAOMH BRID;226;G226;Galway;;Y;EI5458;N;N;N;;;MO;;FPO, GNS;18.65;0.00;Wood;;1998-09-11;MFL;1985-01-01;;
IRL001I11819;;IRL;;;2.92;2.48;0.00;;7.62;0.00;ELLIE MAY;290;C290;;;N;;N;N;N;;;GO;;FPO, NK;14.91;0.00;Fiber/Plastic;;1988-09-16;4G1;1973-01-01;;2001-06-18
IRL001I11820;;IRL;;;2.48;5.35;0.00;;8.59;0.00;RENVYLE LASS;65;WT65;;;N;;N;N;N;;;DO;;GTR, NK;33.55;0.00;Wood;;1978-09-16;4G1;1970-01-01;;2000-06-13
IRL001I11821;;IRL;;;0.69;0.00;0.00;;4.57;0.00;SWAN;235;S235;;;Y;EIKF8;N;N;N;;;MO;;FPO, GNS;11.18;0.00;Fiber/Plastic;;1998-09-16;MFL;1980-01-01;;2015-08-25
IRL001I11822;;IRL;;;3.77;0.00;0.00;;8.68;0.00;ST PATRICK;904;SO904;;;N;;N;N;N;;;GO;;GTR, NK;31.33;0.00;Wood;;1998-09-16;MFL;1972-01-01;;2004-08-06
IRL001I11823;;IRL;;;0.57;0.00;0.00;;4.87;0.00;MARY C;242;S242;;;N;;N;N;N;;;WO;;GND, NK;11.18;0.00;Fiber/Plastic;;1998-09-16;MFL;1980-01-01;;2013-07-26
IRL001I11825;;IRL;;;1.70;1.14;0.00;;6.00;0.00;GOOSLEEN BEAG;276;T276;Finland;;N;;N;N;N;;;TO;;FPO, NK;11.20;0.00;Fiber/Plastic;;1987-09-23;4G1;1986-01-01;;2001-06-18
IRL001I11826;;IRL;;;0.74;0.00;0.00;;5.36;0.00;NEESA;342;D342;;;N;;N;N;N;;;WO;;FPO, NK;5.97;0.00;Wood;;1998-10-24;MFL;1981-01-01;;2013-12-02
IRL001I11827;;IRL;;;5.12;7.51;0.00;;10.54;0.00;HANORA II;245;S245;;;N;;N;N;N;;;MO;;GTR, NK;31.32;0.00;Wood;;1978-09-23;4G1;1977-01-01;2002-12-04;
IRL001I11828;;IRL;;;3.72;0.00;0.00;;8.38;0.00;LADY LUCK;153;WD153;;;N;;N;N;N;;;WO;;GND, NK;23.80;0.00;Wood;;2000-03-21;MFL;1978-01-01;;2006-07-25
IRL001I11829;;IRL;;;5.12;8.58;0.00;;10.97;0.00;BEN MOR;530;SO530;;;N;;N;N;N;;;MO;;GTR, NK;44.00;0.00;Wood;;1980-09-23;4G1;1975-01-01;;1999-10-15
IRL001I11832;;IRL;;;1.97;2.95;0.00;;7.77;0.00;AN FIACH DEARG;341;T341;Finland;;N;;N;N;N;;;WO;;FPO, NK;30.00;0.00;Fiber/Plastic;;1982-10-05;4G1;1981-01-01;;2000-04-25
IRL001I11833;;IRL;;;1.90;0.00;0.00;;7.77;0.00;LUCY D;353;T353;Finland;;Y;EIJI8;N;N;N;;;MO;;FPO, GNS;26.90;0.00;Fiber/Plastic;;1998-10-05;MFL;1979-01-01;;2013-06-05
IRL001I11834;;IRL;;;1.28;0.00;0.00;;5.79;0.00;RACHEL ANNE;860;SO860;Sligo;;Y;EIXC7;N;N;N;;;MO;;FPO, GNS, LHP, OTM, OTB;2.98;0.00;Fiber/Plastic;;1987-01-01;MFL;1987-01-01;;
IRL001I11836;;IRL;;;1.36;0.00;0.00;;6.00;0.00;AN DUAN;355;T355;Finland;;Y;EI8159;N;N;N;;;MO;;FPO, GND;29.80;0.00;Fiber/Plastic;;1998-10-05;MFL;1984-01-01;;2017-03-29
IRL001I11838;;IRL;;;9.79;0.00;0.00;;11.00;0.00;ROISIN BAIRBRE;231;G231;United Kingdom;;N;;N;N;N;;;MO;;FPO, NK;208.79;0.00;Fiber/Plastic;;1984-10-06;4G1;1983-01-01;;1998-10-07
IRL001I11839;;IRL;;;0.76;0.00;0.00;;5.00;0.00;SAGE;248;S248;;;Y;EI3298;N;N;N;;;MO;;GND, GNS, FPO, DRB;11.18;0.00;Fiber/Plastic;;1998-10-06;MFL;1989-01-01;;2019-04-29
IRL001I11842;;IRL;;;3.10;0.00;0.00;;6.55;0.00;LAVENDER;151;WD151;;;N;;N;N;N;;;LO;;OTM, NK;18.65;0.00;Fiber/Plastic;;1998-10-06;MFL;1983-01-01;;2006-06-01
IRL001I11843;;IRL;;;10.46;0.00;0.00;;8.68;0.00;MICHAEL JAMES;16;DK16;;;N;;N;N;N;;;WO;;DRB, NK;14.50;0.00;Wood;;1998-10-06;MFL;1964-01-01;;2003-02-27
IRL001I11845;;IRL;;;5.85;9.11;0.00;;11.09;0.00;ST. VINCENT;197;SO197;;;N;;N;N;N;;;GO;;GTR, NK;53.71;0.00;Wood;;1969-10-07;4G1;1968-01-01;;1999-11-23
IRL001I11850;;IRL;;;1.80;0.00;0.00;;6.55;0.00;RINN RUA;133;WT133;;;N;;N;N;N;;;MO;;DRB, NK;9.70;0.00;Wood;;1998-10-14;MFL;1972-01-01;;2008-07-29
IRL001I11851;;IRL;;;1.65;0.00;0.00;;6.25;0.00;CARBERY GIRL;261;S261;Skibbereen;;Y;EIA2945;N;N;N;;;WO;;FPO, DRB, LHP, GNS;11.18;0.00;Fiber/Plastic;;1998-10-14;MFL;1976-01-01;;
IRL001I11852;;IRL;;;1.24;0.00;0.00;;7.00;0.00;AN LAIC;359;T359;Finland;;N;;N;N;N;;;WO;;GND, FPO;22.38;0.00;Fiber/Plastic;;1998-10-14;MFL;1987-01-01;;2005-07-29
IRL001I11853;;IRL;;;0.93;1.27;0.00;;6.09;0.00;EMERALD;146;T146;Finland;;N;;N;N;N;;;MO;;FPO, NK;7.50;0.00;Fiber/Plastic;;1987-10-14;4G1;1986-01-01;;2000-05-17
IRL001I11854;;IRL;;;12.60;0.00;0.00;;11.37;0.00;BUNACURRY LASS;139;WT139;Westport;;Y;EI8404;N;N;N;;;MO;;OTM, OTB;85.00;0.00;Wood;;1998-10-15;MFL;1980-01-01;;
IRL001I11856;;IRL;;;2.07;3.08;0.00;;7.01;0.00;SLIEVE BAWN;848;SO848;;;N;;N;N;N;;;TO;;FPO, NK;14.92;0.00;Wood;;1989-10-15;4G1;1988-01-01;;2001-06-18
IRL001I11857;;IRL;;;5.11;10.88;0.00;;10.86;0.00;SEARCHER;912;SO912;;;N;;N;N;N;;;TO;;GTR, NK;97.00;0.00;Metal;;1981-10-16;4G1;1980-01-01;;2001-06-18
IRL001I11858;;IRL;;;0.96;0.00;0.00;;5.33;0.00;HAZEL H;501;S501;;;Y;EIAF4;N;N;N;;;DO;;FPO, DRB;11.18;0.00;Fiber/Plastic;;1990-10-01;MFL;1979-01-01;;2008-03-31
IRL001I11859;;IRL;;;1.80;0.00;0.00;;6.09;0.00;HARDY 17;358;T358;Finland;;N;;N;N;N;;;FX;;FPO, NK;29.80;0.00;Fiber/Plastic;;1999-01-25;MFL;1988-01-01;;2004-08-06
IRL001I11860;;IRL;;;0.90;0.00;0.00;;5.24;0.00;DESTINY;243;S243;;;Y;EI4753;N;N;N;;;MO;;GND, NK;14.92;0.00;Fiber/Plastic;;1998-10-19;MFL;1980-01-01;;2018-01-29
IRL001I11864;;IRL;;;2.35;0.00;0.00;;7.00;0.00;RINN EILE;134;WT134;Westport;;Y;EI8988;N;N;N;;;MO;;DRB, NK;9.70;0.00;Wood;;1998-10-19;MFL;1965-01-01;;
IRL001I11865;;IRL;;;2.90;5.96;0.00;;9.00;0.00;JOHN DARRAN;241;S241;;;N;;N;N;N;;;DO;;GTR, NK;26.09;0.00;Wood;;1983-10-19;4G1;1982-01-01;;2000-05-03
IRL001I11869;;IRL;;;5.12;6.93;0.00;;10.21;0.00;JOHN LEONARD;95;C95;;;N;;N;N;N;;;TO;;GTR, NK;89.52;0.00;Metal;;1979-10-24;4G1;1978-01-01;;2000-04-17
IRL001I11871;;IRL;;;1.70;0.00;0.00;;6.10;0.00;COLUR TOINNE;363;T363;Tralee;;Y;EI8430;N;N;N;;;MO;;FPO, GNS, LHP;13.42;0.00;Fiber/Plastic;;1998-10-27;MFL;1982-01-01;;
IRL001I11872;;IRL;;;1.62;0.00;0.00;;7.22;0.00;CARREN;367;T367;Finland;;N;;N;N;N;;;WO;;FPO, NK;11.20;0.00;Wood;;1978-10-27;MFL;1976-01-01;;2003-12-22
IRL001I11873;;IRL;;;1.10;0.00;0.00;;5.57;0.00;SNOW 1;136;WT136;Westport;;Y;EINI3;N;N;N;;;MO;;DRB, NK;33.55;0.00;Fiber/Plastic;;1998-10-27;MFL;1986-01-01;;
IRL001I11874;;IRL;;;0.97;0.00;0.00;;6.64;0.00;GOLDEN WAVE;364;T364;Finland;;N;;N;N;N;;;MO;;FPO, NK;6.70;0.00;Wood;;1998-10-27;MFL;1975-01-01;;2013-08-15
IRL001I11875;;IRL;;;0.89;0.99;0.00;;5.28;0.00;THE AMBER;268;S268;;;N;;N;N;N;;;MO;;DRB, NK;11.19;0.00;Fiber/Plastic;;1985-10-29;4G1;1984-01-01;;1998-12-22
IRL001I11877;;IRL;;;2.48;3.62;0.00;;8.00;0.00;STAR OF RING;137;WT137;;;N;;N;N;N;;;MO;;FPO, NK;29.08;0.00;Fiber/Plastic;;1976-11-02;4G1;1975-01-01;;2000-06-13
IRL001I11881;;IRL;;;2.46;0.00;0.00;;6.34;0.00;CARBERY MAID;360;T360;Tralee;;Y;EISC4;N;N;N;;;MO;;FPO, GNS;7.46;0.00;Fiber/Plastic;;1998-11-06;MFL;1982-01-01;;
IRL001I11882;;IRL;;;0.65;0.00;0.00;;5.30;0.00;RYAN DEAN;266;S266;Skibbereen;;Y;EI2874;N;N;N;;;MO;;DRB, NK;11.18;0.00;Fiber/Plastic;;1998-11-11;MFL;1983-01-01;;
IRL001I11884;;IRL;;;2.83;2.86;0.00;;8.59;0.00;ST MARGARET;60;SO60;;;N;;N;N;N;;;MO;;GTR, NK;20.89;0.00;Wood;;1960-11-19;4G1;1958-01-01;;2000-05-24
IRL001I11886;;IRL;;;1.09;1.23;0.00;;5.18;0.00;KINGFISHER;366;T366;Finland;;N;;N;N;N;;;MO;;FPO, NK;41.00;0.00;Fiber/Plastic;;1980-11-19;4G1;1979-01-01;;2000-06-07
IRL001I11887;;IRL;;;2.98;0.00;0.00;;8.47;0.00;GIRL JOSIE;42;SO42;;;N;;N;N;N;;;NO;;DRB, NK;14.92;0.00;Wood;;1967-12-18;MFL;1965-01-01;;2004-05-26
IRL001I11889;;IRL;;;2.90;5.42;0.00;;9.32;0.00;MARCUS;229;G229;United Kingdom;;N;;N;N;N;;;TO;;GTR, NK;26.86;0.00;Wood;;1983-01-23;4G1;1982-01-01;;1998-12-23
IRL001I11891;;IRL;;;1.20;0.00;0.00;;5.27;0.00;SLIOGAN;297;C297;Cork;;Y;EINH3;N;N;N;;;MO;;DRB, GND;7.38;0.00;Fiber/Plastic;;1998-11-24;MFL;1983-01-01;;
IRL001I11893;;IRL;;;21.37;33.16;0.00;;16.13;0.00;SUMMER ROSE;905;SO905;;;N;;N;Y;Y;;;SO;;OTB, PTM;71.00;0.00;Wood;;1952-12-01;4G1;1950-01-01;;1999-11-01
IRL001I11894;;IRL;;;0.62;1.50;0.00;;5.48;0.00;BLUE BIRD;270;S270;;;N;;N;N;N;;;MO;;FPO, NK;4.47;0.00;Wood;;1981-12-02;4G1;1979-01-01;;1999-01-07
IRL001I11895;;IRL;;;6.98;6.37;0.00;;10.45;0.00;OILEAN UAIMHE;230;G230;United Kingdom;;N;;N;N;N;;;TO;;DRB, NK;64.16;0.00;Wood;;1966-01-15;4G1;1965-01-01;;1999-12-10
IRL001I11901;;IRL;;;2.07;0.00;0.00;;7.28;0.00;LOCH BEAG;240;S240;;;N;;N;N;N;;;MO;;FPO, NK;26.84;0.00;Fiber/Plastic;;1972-12-18;MFL;1971-01-01;;2003-03-06
IRL001I11904;;IRL;;;0.72;0.00;0.00;;5.92;0.00;JANET LISA;164;WD164;;;N;;N;N;N;;;WO;;FPO, NK;5.97;0.00;Fiber/Plastic;;1986-12-21;4G1;1985-01-01;;2000-02-28
IRL001I11911;;IRL;;;3.28;3.40;0.00;;7.46;0.00;KATHY M;874;SO874;;;N;;N;N;N;;;GO;;DRB, NK;20.89;0.00;Wood;;1985-01-19;4G1;1984-01-01;;1999-11-01
IRL001I11915;;IRL;;;0.65;0.00;0.00;;4.82;0.00;ISLAND LADY;258;S258;Skibbereen;;Y;EIFR2;N;N;N;;;MO;;DRB, GND;5.97;0.00;Fiber/Plastic;;1999-01-25;MFL;1986-01-01;;
IRL001I11916;;IRL;;;2.38;0.00;0.00;;6.68;0.00;TOWER STAR;305;W305;;;Y;EI7388;N;N;N;;;MO;;FPO, GNS;13.43;0.00;Fiber/Plastic;;1990-10-01;MFL;1978-01-01;;2018-07-17
IRL001I11918;;IRL;;;2.24;0.00;0.00;;8.23;0.00;MARGARITE;348;T348;Finland;;Y;EI5444;N;N;N;;;WO;;FPO, LLD;11.19;0.00;Wood;;1999-01-29;MFL;1983-01-01;;2012-03-12
IRL001I11925;;IRL;;;5.02;0.00;0.00;;8.81;0.00;ELAMAR;910;SO910;;;N;;N;N;N;;;MO;;GND, FPO;40.30;0.00;Wood;;1999-05-04;MFL;1982-01-01;;2006-04-19
IRL001I11926;;IRL;;;2.44;0.00;0.00;;7.32;0.00;BROADHAVEN STAR;735;SO735;;;N;;N;N;N;;;GO;;GND, FPO;9.70;0.00;Wood;;1999-05-04;MFL;1984-01-01;2010-07-14;
IRL001I11927;;IRL;;;2.43;0.00;0.00;;7.62;0.00;MORNING STAR;907;SO907;;;N;;N;N;N;;;MO;;FPO, NK;11.02;0.00;Wood;;1966-05-04;MFL;1965-01-01;;2003-05-21
IRL001I11939;;IRL;;;0.75;0.00;0.00;;7.01;0.00;ARD NA CAITHNE;379;T379;Finland;;N;;N;N;N;;;GO;;GND, FPO;6.00;0.00;Fiber/Plastic;;1982-01-01;MFL;1982-01-01;;2005-05-27
IRL001I11940;;IRL;;;2.57;0.00;0.00;;6.40;0.00;AN CUILFIONN;378;T378;Finland;;N;;N;N;N;;;GO;;GND, FPO;6.00;0.00;Wood;;1972-01-01;MFL;1972-01-01;;2006-06-07
IRL001I11945;;IRL;;;3.26;0.00;0.00;;7.01;0.00;LEE FISHER;293;C293;;;Y;EIDS5;N;N;N;;;MO;;GND, NK;26.85;0.00;Fiber/Plastic;;1999-05-05;MFL;1980-01-01;;2019-06-19
IRL001I11951;;IRL;;;7.19;8.23;0.00;;9.44;0.00;NAOMH ROC;139;G139;United Kingdom;;N;;N;N;N;;;MO;;FPO, NK;0.00;0.00;Wood;;1976-05-17;4G1;1975-01-01;;2000-06-09
IRL001I11965;;IRL;;;6.74;0.00;0.00;;8.53;0.00;MAEVE EILEEN;274;S274;;;N;;N;N;N;;;MO;;GND, FPO;72.00;0.00;Wood;;1999-07-14;MFL;1982-01-01;;2006-04-27
IRL001I11970;;IRL;;;5.54;0.00;0.00;;9.85;0.00;GIRL LOUIE;911;SO911;;;N;;N;N;N;;;MO;;GND, NK;48.49;0.00;Wood;;1999-07-15;MFL;1956-01-01;;2007-02-16
IRL001I11971;;IRL;;;6.07;5.86;0.00;;8.79;0.00;KITTIWAKE;924;SO924;;;N;;N;N;N;;;MO;;GTR, NK;13.43;0.00;Wood;;1985-07-26;4G1;1984-01-01;;2002-12-11
IRL001I11972;;IRL;;;7.61;8.10;0.00;;9.27;0.00;HEATHER VALLEY;6;DK6;;;N;;N;N;N;;;MO;;DRB, NK;56.00;0.00;Wood;;1983-07-26;4G1;1982-01-01;;1999-08-06
IRL001I11978;;IRL;;;5.61;5.21;0.00;;9.84;0.00;ST THRESA;483;SO483;;;N;;N;N;N;;;MO;;FPO, NK;26.86;0.00;Wood;;1988-07-30;4G1;1957-01-01;;2000-01-17
IRL001I11981;;IRL;;;0.81;0.00;0.00;;4.87;0.00;JLORRAINE;302;C302;;;N;;N;N;N;;;GO;;GNS, NK;7.39;0.00;Fiber/Plastic;;1999-07-30;MFL;1979-01-01;;2005-06-14
IRL001I11986;;IRL;;;0.90;1.08;0.00;;4.97;0.00;SUSAN SIOBHAN;298;C298;;;N;;N;N;N;;;MO;;FPO, NK;11.18;0.00;Fiber/Plastic;;1988-08-04;4G1;1988-01-01;;2000-07-17
IRL001I11987;;IRL;;;0.65;0.00;0.00;;4.88;0.00;LEANNE;920;SO920;Sligo;;Y;EI8620;N;N;N;;;MO;;GND, FPO;4.48;0.00;Fiber/Plastic;;1999-08-05;MFL;1986-01-01;;
IRL001I11988;;IRL;;;4.39;0.00;0.00;;7.62;0.00;EVENING STAR;215;W215;;;N;;N;N;N;;;MO;;DRB, NK;22.37;0.00;Wood;;1999-08-09;MFL;1971-01-01;;2005-07-07
IRL001I11993;;IRL;;;1.98;3.54;0.00;;6.43;0.00;HELENOVE;296;S296;;;N;;N;N;N;;;MO;;DRB, NK;33.55;0.00;Fiber/Plastic;;1988-08-26;4G1;1987-01-01;;2001-05-02
IRL001I11996;;IRL;;;3.87;4.62;0.00;;7.62;0.00;TOITINEAC;250;S250;;;N;;N;N;N;;;WO;;FPO, NK;53.71;0.00;Fiber/Plastic;;1988-09-01;4G1;1980-01-01;;2001-01-12
IRL001I11997;;IRL;;;0.82;0.00;0.00;;5.18;0.00;DANIEL;305;C305;Cork;;Y;EI8049;N;N;N;;;WO;;GND, FPO;11.19;0.00;Fiber/Plastic;;1999-09-01;MFL;1983-01-01;;2024-03-07
IRL001I12003;;IRL;;;7.67;6.98;0.00;;10.21;0.00;IRON EAGLE;382;T382;Finland;;N;;N;N;N;;;GO;;DRB, NK;89.50;0.00;Metal;;1988-09-07;4G1;1984-01-01;;2001-11-07
IRL001I12005;;IRL;;;1.08;0.00;0.00;;5.85;0.00;RONSEAC;299;S299;;;Y;EI5905;N;N;N;;;DO;;DRB, NK;18.41;0.00;Fiber/Plastic;;1987-01-01;MFL;1984-01-01;;2013-05-02
IRL001I12006;;IRL;;;10.76;0.00;0.00;;10.82;0.00;JULIE ANN;330;S330;;;N;;N;N;N;;;DO;;DRB, NK;59.65;0.00;Fiber/Plastic;;1988-09-07;MFL;1987-01-01;;2003-12-17
IRL001I12011;;IRL;;;6.33;7.19;0.00;;8.38;0.00;MASTER;300;S300;;;N;;N;N;N;;;MO;;DRB, NK;33.56;0.00;Wood;;1979-04-03;4G1;1978-01-01;;2001-06-18
IRL001I12012;;IRL;;;1.93;0.00;0.00;;6.79;0.00;WILDERNESS;143;WT143;;;N;;N;N;N;;;MO;;DRB, NK;11.93;0.00;Wood;;1975-01-01;MFL;1975-01-01;;2004-08-26
IRL001I12013;;IRL;;;0.64;0.00;0.00;;4.87;0.00;NORTH STAR;159;WT159;Westport;;Y;EI6359;N;N;N;;;MO;;GND, LLD;5.96;0.00;Fiber/Plastic;;1986-01-01;MFL;1985-01-01;;
IRL001I12015;;IRL;;;6.87;0.00;0.00;;10.21;0.00;ST. CECELIA;164;WT164;;;N;;N;N;N;;;MO;;DRB, NK;22.71;0.00;Wood;;1954-01-01;MFL;1954-01-01;;2003-01-17
IRL001I12016;;IRL;;;0.48;0.00;0.00;;5.27;0.00;ST. MARTIN;171;WT171;;;N;;N;N;N;;;MO;;FPO, DRB;4.40;0.00;Wood;;1979-01-01;MFL;1979-01-01;;2006-08-08
IRL001I12019;;IRL;;;5.44;0.00;0.00;;8.77;0.00;ORLA MARIE;147;WT147;Westport;;Y;EI3388;N;N;N;;;MO;;GND, NK;29.82;0.00;Wood;;1987-01-01;MFL;1986-01-01;;
IRL001I12021;;IRL;;;0.30;0.00;0.00;;4.94;0.00;NORA F;154;WT154;;;N;;N;N;N;;;MO;;GND, NK;4.47;0.00;Fiber/Plastic;;1980-01-01;MFL;1980-01-01;;2006-06-22
IRL001I12022;;IRL;;;0.60;0.74;0.00;;5.58;0.00;PIO;158;WT158;;;N;;N;N;N;;;MO;;DRB, NK;11.20;0.00;Wood;;1988-01-01;4G1;1988-01-01;;2001-04-19
IRL001I12023;;IRL;;;0.98;0.00;0.00;;5.27;0.00;ORLA MARIA;132;WT132;;;Y;EI8138;N;N;N;;;MO;;DRB, NK;14.90;0.00;Fiber/Plastic;;1985-12-30;MFL;1985-01-01;;2011-10-06
IRL001I12024;;IRL;;;1.21;0.00;0.00;;4.94;0.00;JESS;175;WT175;Westport;;Y;EI7996;N;N;N;;;MO;;DRB, GND;8.95;0.00;Fiber/Plastic;;1986-04-27;MFL;1985-01-01;;
IRL001I12025;;IRL;;;0.87;0.00;0.00;;4.93;0.00;MIKEY-O;141;WT141;Westport;;Y;EIKO4;N;N;N;;;MO;;DRB, FPO;11.19;0.00;Fiber/Plastic;;1979-12-31;MFL;1979-01-01;;
IRL001I12026;;IRL;;;0.64;0.00;0.00;;4.87;0.00;TUB;153;WT153;;;N;;N;N;N;;;MO;;FPO, NK;7.38;0.00;Fiber/Plastic;;1984-06-01;MFL;1983-01-01;;2006-05-19
IRL001I12027;;IRL;;;0.74;0.00;0.00;;5.94;0.00;CURRACH LORRAINE;150;WT150;;;Y;EI5228;N;N;N;;;MO;;FPO, DRB;4.50;0.00;Wood;;1982-03-19;MFL;1982-01-01;;2016-07-04
IRL001I12028;;IRL;;;5.25;0.00;0.00;;10.82;0.00;JULIE ELEANOR;577;G577;Galway;;Y;EI4497;N;N;N;;;MO;;FPO, GNS, DRB;41.78;0.00;Wood;;1983-01-01;MFL;1976-01-01;;
IRL001I12029;;IRL;;;0.51;0.00;0.00;;5.48;0.00;SHANEMAR 2;173;WT173;;;Y;EI8040;N;N;N;;;MO;;DRB, FPO;5.96;0.00;Wood;;1981-09-01;MFL;1981-01-01;;2017-06-14
IRL001I12030;;IRL;;;35.15;0.00;0.00;;10.97;0.00;JULIA ANN;149;WT149;;;N;;N;N;N;;;MO;;GTR, NK;55.95;0.00;Metal;;1980-07-01;MFL;1978-01-01;;2003-04-30
IRL001I12031;;IRL;;;0.53;0.00;0.00;;5.33;0.00;ST. PATRICK;151;WT151;;;N;;N;N;N;;;GO;;FPO, NK;5.90;0.00;Wood;;1980-01-01;MFL;1979-01-01;;2006-08-08
IRL001I12034;;IRL;;;1.00;0.00;0.00;;5.52;0.00;CU MHARA;176;WT176;Westport;;Y;EI8762;N;N;N;;;MO;;DRB, FPO;7.46;0.00;Wood;;1981-07-30;MFL;1980-01-01;;
IRL001I12038;;IRL;;;4.90;0.00;0.00;;7.62;0.00;ANNA MARIE;330;WT330;Westport;;Y;EIBL9;N;N;N;;;MO;;OTM, GNS, FPO, LHP, OTB;44.74;0.00;Fiber/Plastic;;1980-06-30;MFL;1980-01-01;;2025-04-22
IRL001I12039;;IRL;;;0.59;0.00;0.00;;5.52;0.00;BREDA MARIE;165;WT165;;;Y;EI5242;N;N;N;;;WO;;FPO, NK;5.96;0.00;Wood;;1987-01-31;MFL;1987-01-01;;2009-02-16
IRL001I12040;;IRL;;;2.83;0.00;0.00;;7.98;0.00;LEIM NA HAILT;86;WT86;;;N;;N;N;N;;;MO;;FPO, NK;10.07;0.00;Wood;;1972-01-31;MFL;1972-01-01;2008-11-03;
IRL001I12042;;IRL;;;1.68;0.00;0.00;;5.79;0.00;SHANTON;174;WT174;;;Y;EI7971;N;N;N;;;MO;;DRB, FPO;11.19;0.00;Fiber/Plastic;;1982-06-01;MFL;1982-01-01;;2013-04-11
IRL001I12043;;IRL;;;0.89;0.00;0.00;;5.57;0.00;KATHY;177;WT177;;;N;;N;N;N;;;MO;;FPO, DRB;7.38;0.00;Wood;;1983-01-01;MFL;1983-01-01;;2006-06-12
IRL001I12047;;IRL;;;3.15;3.69;0.00;;6.70;0.00;ITA;301;S301;;;N;;N;N;N;;;MO;;FPO, NK;28.35;0.00;Fiber/Plastic;;1989-01-01;4G1;1980-01-01;;2000-09-19
IRL001I12048;;IRL;;;4.24;0.00;0.00;;8.01;0.00;MARTIN CHRISTOPHER;162;WT162;;;N;;N;N;N;;;MO;;DRB, LTL;53.67;0.00;Metal;;1981-01-01;MFL;1980-01-01;;2010-10-08
IRL001I12049;;IRL;;;0.54;0.00;0.00;;5.33;0.00;BRIDGET;152;WT152;Westport;;Y;EI5249;N;N;N;;;MO;;FPO, NK;4.40;0.00;Wood;;1982-01-01;MFL;1980-01-01;;
IRL001I12050;;IRL;;;8.26;0.00;0.00;;10.97;0.00;INISHEE;380;T380;Finland;;N;;N;N;N;;;MO;;DRB, NK;35.79;0.00;Wood;;1955-01-01;MFL;1955-01-01;;2007-05-08
IRL001I12053;;IRL;;;4.94;0.00;0.00;;9.27;0.00;SLATHY;219;W219;;;N;;N;N;N;;;MO;;DRB, FPO;53.72;0.00;Wood;;1976-03-05;MFL;1975-01-01;;2006-02-20
IRL001I12058;;IRL;;;9.69;0.00;0.00;;10.48;0.00;DOLPHIN;16;WT16;;;N;;N;N;N;;;MO;;DRB, NK;83.55;0.00;Wood;;1969-12-03;MFL;1969-01-01;;2004-02-03
IRL001I12059;;IRL;;;0.85;0.00;0.00;;6.10;0.00;ST MALACHY;418;T418;Finland;;N;;N;N;N;;;MO;;FPO, NK;6.00;0.00;Wood;;1988-05-10;MFL;1988-01-01;;2013-11-04
IRL001I12060;;IRL;;;1.19;0.00;0.00;;5.79;0.00;SEA WITCH;404A;T404A;Tralee;;Y;EI8750;N;N;N;;;MO;;DRB, NK;9.70;0.00;Fiber/Plastic;;1982-01-01;AQU;1980-01-01;;
IRL001I12061;;IRL;;;9.94;0.00;0.00;;9.80;0.00;MORNING STAR;3;DK3;Dundalk;;Y;EI5492;N;N;N;;;WO;;GND, NK;86.00;0.00;Wood;;1979-07-01;MFL;1976-01-01;;
IRL001I12062;;IRL;;;3.80;3.76;0.00;;8.53;0.00;ISLAND QUEEN;155;WT155;;;N;;N;N;N;;;MO;;FPO, NK;16.41;0.00;Wood;;1971-01-01;4G1;1970-01-01;;1999-11-10
IRL001I12064;;IRL;;;1.19;1.37;0.00;;5.79;0.00;ST. PATRICK;170;WT170;;;N;;N;N;N;;;MO;;DRB, NK;38.70;0.00;Wood;;1985-01-01;4G1;1979-01-01;;2001-06-18
IRL001I12065;;IRL;;;3.65;3.74;0.00;;7.62;0.00;LEIM LADY;308;C308;;;N;;N;N;N;;;GO;;FPO, NK;23.87;0.00;Fiber/Plastic;;1980-06-01;4G1;1980-01-01;;2001-10-30
IRL001I12066;;IRL;;;0.44;0.00;0.00;;4.60;0.00;ELLEN;146;WT146;;;N;;N;N;N;;;MO;;FPO, NK;4.47;0.00;Wood;;1969-06-30;MFL;1969-01-01;;2006-06-22
IRL001I12067;;IRL;;;5.59;0.00;0.00;;9.29;0.00;KITTYWAKE;27;DK27;;;Y;EI5512;N;N;N;;;MO;;DRB, FPO;70.00;0.00;Wood;;1986-09-24;MFL;1983-01-01;;2016-05-04
IRL001I12068;;IRL;;;5.52;0.00;0.00;;9.14;0.00;CHERYL GAIL;23;DK23;;;N;;N;N;N;;;WO;;GTR, NK;75.00;0.00;Wood;;1973-06-30;MFL;1973-01-01;;2003-01-03
IRL001I12069;;IRL;;;4.54;4.57;0.00;;7.92;0.00;OILEAN FAING;373;T373;Finland;;N;;N;N;N;;;WO;;FPO, NK;89.50;0.00;Fiber/Plastic;;1980-06-30;4G1;1980-01-01;;2001-05-02
IRL001I12071;;IRL;;;6.07;0.00;0.00;;8.77;0.00;CAILLEACH;25;DK25;;;N;;N;N;N;;;MO;;DRB, FPO;25.00;0.00;Wood;;1969-06-30;MFL;1969-01-01;;2007-01-10
IRL001I12073;;IRL;;;2.05;0.00;0.00;;7.92;0.00;LOCHORDHA;24;DK24;;;N;;N;N;N;;;MO;;DRB, NK;14.54;0.00;Wood;;1968-10-01;MFL;1968-01-01;;2006-06-27
IRL001I12074;;IRL;;;2.56;0.00;0.00;;6.31;0.00;CASPER II;140;D140;;;Y;EIGZ4;N;N;N;;;WO;;FPO, NK;16.00;0.00;Fiber/Plastic;;1988-01-01;MFL;1987-01-01;;2013-09-20
IRL001I12076;;IRL;;;5.60;0.00;0.00;;9.83;0.00;CUAN NA CUIME;161;WT161;;;Y;EI5243;N;N;N;;;MO;;DRB, FPO;62.67;0.00;Wood;;1983-06-30;MFL;1983-01-01;;2014-05-27
IRL001I12078;;IRL;;;3.52;0.00;0.00;;9.14;0.00;GEMINI;32;L32;Limerick;;Y;EI3382;N;N;N;;;WO;;FPO, GND;53.69;0.00;Fiber/Plastic;;1982-04-01;MFL;1981-01-01;;
IRL001I12081;;IRL;;;3.96;0.00;0.00;;8.99;0.00;MOLLY HOPE;532;SO532;;;N;;N;N;N;;;WO;;DRB, NK;11.19;0.00;Wood;;1974-08-12;MFL;1974-01-01;;2003-05-21
IRL001I12082;;IRL;;;6.47;0.00;0.00;;8.75;0.00;SEA HUNTER;237;S237;;;N;;N;N;N;;;DO;;GTR, NK;29.10;0.00;Wood;;1979-01-01;MFL;1979-01-01;;2004-05-26
IRL001I12083;;IRL;;;3.93;3.49;0.00;;7.77;0.00;LADY J;180;D180;;;N;;N;N;N;;;MO;;FPO, NK;19.40;0.00;Wood;;1982-06-01;4G1;1982-01-01;;2000-07-10
IRL001I12084;;IRL;;;3.28;2.58;0.00;;8.77;0.00;SELINA;392;T392;Finland;;N;;N;N;N;;;WO;;DRB, NK;14.50;0.00;Wood;;1980-01-01;4G1;1980-01-01;;2000-05-24
IRL001I12089;;IRL;;;1.06;0.00;0.00;;6.10;0.00;CAPEL LADY;312;C312;;;Y;EI4459;N;N;N;;;MO;;GND, FPO;20.14;0.00;Fiber/Plastic;;1984-01-01;MFL;1984-01-01;;2017-02-03
IRL001I12092;;IRL;;;1.45;0.00;0.00;;6.10;0.00;GANNET;310;C310;;;Y;EIHY5;N;N;N;;;GO;;GNS, LHP, FPO;11.19;3.73;Fiber/Plastic;;1980-01-01;MFL;1980-01-01;;2020-05-26
IRL001I12094;;IRL;;;0.56;0.00;0.00;;5.09;0.00;ANKAM;168;WT168;;;N;;N;N;N;;;MO;;GND, FPO;7.46;0.00;Wood;;1986-06-30;MFL;1986-01-01;;2005-11-25
IRL001I12095;;IRL;;;2.19;0.00;0.00;;6.70;0.00;GEMINI;170;WD170;;;Y;EIDQ7;N;N;N;;;MO;;FPO, LHP;13.45;0.00;Fiber/Plastic;;1983-01-01;MFL;1983-01-01;;2017-06-21
IRL001I12096;;IRL;;;2.82;0.00;0.00;;8.10;0.00;CILL MOCHTA;172;WT172;;;N;;N;N;N;;;MO;;GND, NK;11.19;0.00;Wood;;1965-06-30;MFL;1965-01-01;;2009-01-13
IRL001I12097;;IRL;;;10.62;0.00;0.00;;11.43;0.00;ARRANMORE;157;WT157;;;Y;EI2935;N;N;N;;;MO;;DRB, FPO, GNS;53.71;0.00;Wood;;1983-06-30;MFL;1983-01-01;;2019-02-14
IRL001I12098;;IRL;;;2.70;2.98;0.00;;6.94;0.00;PISEOG;239;G239;United Kingdom;;N;;N;N;N;;;MO;;FPO, NK;167.87;0.00;Fiber/Plastic;;1988-12-17;4G1;1987-01-01;;2000-02-10
IRL001I12104;;IRL;;;8.43;0.00;0.00;;11.12;0.00;VALHALLA;62A;T62A;Tralee;;Y;EIDW4;N;N;N;;;DO;;DRB, NK;90.00;0.00;Wood;;2000-01-05;AQU;1980-01-01;;
IRL001I12108;;IRL;;;1.13;0.00;0.00;;5.36;0.00;VERONICA BLUE;244;S244;;;N;;N;N;N;;;WO;;DRB, NK;14.91;0.00;Wood;;1980-03-01;MFL;1980-01-01;;2005-09-13
IRL001I12109;;IRL;;;14.07;11.72;0.00;;12.25;0.00;GLADIA;402;T402;Finland;;N;;N;Y;N;;;MO;;OTB, PTM;55.96;0.00;Wood;;1990-06-01;4G1;1958-01-01;;2001-06-18
IRL001I12110;;IRL;;;0.75;0.00;0.00;;5.18;0.00;MAGNIFICENT;933;SO933;Sligo;;Y;EI7985;N;N;N;;;MO;;FPO, LHP, DRB, GNS;7.64;0.00;Fiber/Plastic;;1987-03-29;MFL;1987-01-01;;
IRL001I12112;;IRL;;;1.94;0.00;0.00;;5.73;0.00;SHARON KAREN;172;WD172;;;N;;N;N;N;;;WO;;FPO, NK;13.00;0.00;Fiber/Plastic;;1990-01-01;MFL;1989-01-01;;2006-08-17
IRL001I12116;;IRL;;;3.24;0.00;0.00;;8.00;0.00;ROSE MARY;178;WT178;;;N;;N;N;N;;;MO;;FPO, NK;26.10;0.00;Wood;;1991-01-01;MFL;1991-01-01;;2004-05-10
IRL001I12117;;IRL;;;4.74;4.75;0.00;;9.22;0.00;CIARA M;155;WD155;;;N;;N;N;N;;;MO;;GTR, NK;48.49;0.00;Wood;;1982-01-01;4G1;1982-01-01;;2000-05-31
IRL001I12119;;IRL;;;0.76;0.00;0.00;;5.18;0.00;CRACKER;313;C313;Cork;;Y;EI4462;N;N;N;;;MO;;GND, FPO;5.97;0.00;Fiber/Plastic;;1983-01-01;MFL;1983-01-01;;2021-08-10
IRL001I12120;;IRL;;;1.36;1.38;0.00;;6.86;0.00;BANARD;370;T370;Finland;;N;;N;N;N;;;MO;;FPO, NK;11.18;0.00;Wood;;1980-01-01;4G1;1980-01-01;;2000-01-18
IRL001I12121;;IRL;;;0.94;1.06;0.00;;5.91;0.00;THE ELM;372;T372;Finland;;N;;N;N;N;;;MO;;FPO, NK;11.18;0.00;Wood;;1980-01-01;4G1;1980-01-01;;2000-01-18
IRL001I12122;;IRL;;;4.68;0.00;0.00;;9.06;0.00;MURRISK LASS;102;WT102;;;N;;N;N;N;;;TO;;DRB, NK;23.00;0.00;Wood;;1973-09-01;MFL;1973-01-01;;2008-07-30
IRL001I12123;;IRL;;;0.60;0.00;0.00;;5.00;0.00;GRANET;362;T362;Tralee;;Y;EI1852;N;N;N;;;WO;;FPO, NK;3.70;0.00;Wood;;2000-01-20;MFL;1975-01-01;;
IRL001I12128;;IRL;;;4.16;4.22;0.00;;7.77;0.00;GILESKA;381;T381;Finland;;N;;N;N;N;;;WO;;FPO, SB;25.40;0.00;Wood;;1977-01-24;4G1;1977-01-01;;2001-07-26
IRL001I12129;;IRL;;;0.74;0.00;0.00;;7.22;0.00;NAOMH GOBNAIT;406;T406;Finland;;N;;N;N;N;;;WO;;FPO, NK;15.00;0.00;Other;;2000-01-25;MFL;1980-01-01;;2005-06-20
IRL001I12131;;IRL;;;1.93;0.00;0.00;;6.09;0.00;KATHLEEN MARIA;374;T374;Tralee;;Y;EI7892;N;N;N;;;WO;;FPO, NK;13.43;0.00;Fiber/Plastic;;2000-01-25;MFL;1983-01-01;;
IRL001I12132;;IRL;;;1.94;0.00;0.00;;6.09;0.00;SEA BREEZE;376;T376;Finland;;Y;EI5283;N;N;N;;;WO;;GND, FPO;20.10;0.00;Fiber/Plastic;;1998-03-23;MFL;1983-01-01;;2008-04-07
IRL001I12136;;IRL;;;1.84;0.00;0.00;;6.76;0.00;PURTEEN;140;WT140;;;N;;N;N;N;;;WO;;FPO, NK;11.20;0.00;Wood;;1985-06-01;MFL;1984-01-01;;2003-02-18
IRL001I12137;;IRL;;;1.60;0.00;0.00;;5.88;0.00;GIRL MAY;28;DK28;Dundalk;;Y;EIAK3;N;N;N;;;GO;;FPO, NK;4.50;0.00;Wood;;1979-01-01;MFL;1962-01-01;;
IRL001I12138;;IRL;;;1.27;1.40;0.00;;6.85;0.00;MAIREAD;377;T377;Finland;;N;;N;N;N;;;WO;;FPO, NK;18.70;0.00;Wood;;1990-10-01;4G1;1980-01-01;;2002-12-04
IRL001I12140;;IRL;;;1.79;0.00;0.00;;7.01;0.00;MAHON GIRL;300;C300;;;N;;N;N;N;;;MO;;OTM, NK;26.11;0.00;Fiber/Plastic;;2000-06-01;MFL;1983-01-01;;2005-06-01
IRL001I12141;;IRL;;;2.00;0.00;0.00;;6.67;0.00;LADY SARAH;144;WT144;;;Y;EI7993;N;N;N;;;MO;;DRB, NK;14.92;0.00;Wood;;1980-06-01;MFL;1966-01-01;;2014-11-07
IRL001I12142;;IRL;;;0.60;0.00;0.00;;5.39;0.00;CURRAGH;160;WT160;;;N;;N;N;N;;;MO;;DRB, GND;11.20;0.00;Wood;;1989-05-01;MFL;1989-01-01;;2005-11-25
IRL001I12144;;IRL;;;14.31;0.00;0.00;;10.82;0.00;GIRL DEBORAH;156;WT156;;;N;;N;N;N;;;NO;;DRB, NK;89.53;0.00;Wood;;1982-04-30;MFL;1972-01-01;;2004-01-29
IRL001I12151;;IRL;;;0.86;0.00;0.00;;5.02;0.00;SAILE;163;WT163;;;N;;N;N;N;;;MO;;GND, FPO;7.38;0.00;Wood;;1981-06-01;MFL;1981-01-01;;2005-11-25
IRL001I12154;;IRL;;;2.76;0.00;0.00;;7.32;0.00;KILEEN;138;WT138;Westport;;Y;EI2662;N;N;N;;;MO;;DRB, GND;29.82;0.00;Wood;;1979-07-19;MFL;1979-01-01;;
IRL001I12155;;IRL;;;0.83;0.00;0.00;;5.79;0.00;WAVE BREAKER;49;T49;Finland;;Y;EI8238;N;N;N;;;MO;;FPO, LHP;7.30;0.00;Fiber/Plastic;;1979-10-01;MFL;1975-01-01;;2015-07-20
IRL001I12156;;IRL;;;0.92;0.00;0.00;;5.18;0.00;MARY F;930;SO930;Sligo;;Y;EI8145;N;N;N;;;MO;;DRB, GND;11.19;0.00;Wood;;1983-02-21;MFL;1983-01-01;;
IRL001I12161;;IRL;;;1.63;1.81;0.00;;6.30;0.00;GIRL BRIDGET;20;DK20;;;N;;N;N;N;;;MO;;FPO, SB;6.00;0.00;Wood;;1973-01-30;4G1;1968-01-01;;2001-06-29
IRL001I12162;;IRL;;;1.66;0.00;0.00;;6.50;0.00;WANDERING STAR;20;S20;;;Y;EI6034;N;N;N;;;MO;;FPO, LHP, GNS;14.90;0.00;Fiber/Plastic;;1995-02-10;MFL;1986-01-01;;2019-12-20
IRL001I12164;;IRL;;;0.90;0.00;0.00;;5.46;0.00;MICHELLE;279;S279;Skibbereen;;Y;EI3044;N;N;N;;;MO;;DRB, NK;6.00;0.00;Wood;;1979-05-31;MFL;1940-01-01;;
IRL001I12166;;IRL;;;3.60;0.00;0.00;;8.23;0.00;CILL BATHA;389;T389;Finland;;N;;N;N;N;;;MO;;DRB, NK;10.00;0.00;Wood;;1967-11-10;MFL;1967-01-01;;2004-11-26
IRL001I12167;;IRL;;;2.23;0.00;0.00;;8.01;0.00;CILL COICE;542;D542;;;N;;N;N;N;;;MO;;GND, NK;11.19;0.00;Wood;;1965-12-14;MFL;1965-01-01;;2008-03-11
IRL001I12169;;IRL;;;1.82;0.00;0.00;;6.55;0.00;POULL COUM;311;C311;Cork;;Y;EIMO7;N;N;N;;;MO;;GND, FPO, GNS;12.00;0.00;Fiber/Plastic;;1986-03-02;MFL;1983-01-01;;
IRL001I12170;;IRL;;;1.47;0.00;0.00;;6.15;0.00;FININ;246;G246;United Kingdom;;N;;N;N;N;;;MO;;GND, NK;8.95;0.00;Wood;;1985-03-02;MFL;1980-01-01;;2005-12-29
IRL001I12171;;IRL;;;1.11;0.00;0.00;;5.09;0.00;DAVID MICHAEL;174;WD174;;;N;;N;N;N;;;MO;;GND, FPO;11.20;0.00;Fiber/Plastic;;1988-01-30;MFL;1983-01-01;;2007-09-18
IRL001I12172;;IRL;;;0.67;0.00;0.00;;4.87;0.00;GIRL ANNE;180;WD180;;;N;;N;N;N;;;MO;;GND, NK;6.00;0.00;Fiber/Plastic;;1991-01-30;MFL;1991-01-01;;2005-04-21
IRL001I12173;;IRL;;;1.11;1.27;0.00;;5.94;0.00;WESTERN SUNSET;397;T397;Finland;;N;;N;N;N;;;MO;;DRB, NK;11.12;0.00;Fiber/Plastic;;1984-02-08;4G1;1984-01-01;;2000-09-19
IRL001I12176;;IRL;;;0.68;0.00;0.00;;4.88;0.00;AINE K;421;T421;Tralee;;Y;EIHA8;N;N;N;;;MO;;GNS, FPO;7.56;0.00;Fiber/Plastic;;1983-06-01;MFL;1983-01-01;;
IRL001I12178;;IRL;;;5.22;0.00;0.00;;9.75;0.00;SCARLET ROSE;295;S295;;;N;;N;N;N;;;MO;;DRB, GND;26.90;0.00;Metal;;1987-03-02;MFL;1970-01-01;;2006-03-27
IRL001I12180;;IRL;;;14.44;0.00;0.00;;12.19;0.00;RAY ROCK;354;T354;Finland;;N;;N;Y;N;;;MO;;DRB, NK;89.50;0.00;Wood;;1982-01-30;MFL;1940-01-01;;2004-04-27
IRL001I12183;;IRL;;;0.97;1.60;0.00;;5.02;0.00;SILIN;262;G262;United Kingdom;;N;;N;N;N;;;MO;;FPO, SB;18.65;0.00;Fiber/Plastic;;1986-01-30;4G1;1985-01-01;;2000-07-26
IRL001I12184;;IRL;;;1.64;0.00;0.00;;6.73;0.00;ANNA;245;G245;Galway;;Y;EI3413;N;N;N;;;MO;;DRB, GND;7.39;0.00;Wood;;1970-01-30;MFL;1970-01-01;;
IRL001I12185;;IRL;;;2.17;3.41;0.00;;7.01;0.00;SANDRA MARIA;319;S319;;;N;;N;N;N;;;DO;;FPO, SB;29.82;0.00;Fiber/Plastic;;1990-03-20;4G1;1989-01-01;;2000-03-21
IRL001I12186;;IRL;;;1.70;0.00;0.00;;6.16;0.00;LOUBECK;152;WD152;;;N;;N;N;N;;;MO;;FPO, NK;6.71;0.00;Wood;;1970-01-30;MFL;1970-01-01;;2006-10-26
IRL001I12190;;IRL;;;2.05;0.00;0.00;;7.01;0.00;LAURA II;247;G247;United Kingdom;;N;;N;N;N;;;MO;;DRB, NK;14.90;0.00;Wood;;1995-01-30;MFL;1991-01-01;;2005-04-29
IRL001I12192;;IRL;;;3.35;2.94;0.00;;7.80;0.00;SEA HAWK;303;C303;;;N;;N;N;N;;;GO;;FPO, SB;26.86;0.00;Fiber/Plastic;;1985-05-01;4G1;1985-01-01;;2000-12-20
IRL001I12193;;IRL;;;1.65;0.00;0.00;;7.62;0.00;ST. BRENDAN;388;T388;Finland;;Y;EI8931;N;N;N;;;MO;;DRB, NK;7.40;0.00;Wood;;1988-03-01;MFL;1988-01-01;;2014-08-08
IRL001I12195;;IRL;;;1.48;1.63;0.00;;5.64;0.00;DAMHROS LASS;258;G258;United Kingdom;;N;;N;N;N;;;WO;;FPO, NK;18.64;0.00;Fiber/Plastic;;1981-03-27;4G1;1981-01-01;;2001-04-19
IRL001I12198;;IRL;;;1.22;0.00;0.00;;6.09;0.00;MARY ANN;260;G260;Galway;;Y;EI3549;N;N;N;;;MO;;GNS, FPO, LHP;11.19;0.00;Wood;;1981-03-22;MFL;1980-01-01;;
IRL001I12201;;IRL;;;5.92;6.44;0.00;;9.38;0.00;FIRST;317;C317;;;N;;N;N;N;;;MO;;GTR, NK;52.23;0.00;Wood;;1979-12-01;4G1;1979-01-01;;2000-05-05
IRL001I12203;;IRL;;;0.76;0.00;0.00;;5.79;0.00;CARRIGEEN;257;G257;Galway;;Y;EI3219;N;N;N;;;WO;;DRB, FPO;5.96;0.00;Wood;;2000-03-27;MFL;1983-01-01;;
IRL001I12205;;IRL;;;1.62;0.00;0.00;;7.52;0.00;MAMAKIS;251;G251;United Kingdom;;N;;N;N;N;;;MO;;GND, FPO;38.80;0.00;Wood;;1983-01-30;MFL;1983-01-01;;2004-08-24
IRL001I12206;;IRL;;;0.81;1.06;0.00;;5.36;0.00;REALTOG;371;T371;Finland;;N;;N;N;N;;;MO;;FPO, NK;7.45;0.00;Wood;;1982-03-01;4G1;1982-01-01;;2000-04-10
IRL001I12208;;IRL;;;1.24;0.00;0.00;;6.46;0.00;SUNAS2;176;WD176;;;N;;N;N;N;;;MO;;FPO, NK;11.19;0.00;Wood;;1986-01-30;MFL;1986-01-01;;2005-05-27
IRL001I12209;;IRL;;;2.58;0.00;0.00;;8.23;0.00;ST. JOSEPH;167;WD167;;;Y;EI7854;N;N;N;;;MO;;GND, NK;22.38;0.00;Fiber/Plastic;;1978-01-30;MFL;1970-01-01;;2011-12-22
IRL001I12213;;IRL;;;2.00;4.48;0.00;;8.04;0.00;SEAWOLF;285;S285;;;N;;N;N;N;;;MO;;GTR, NK;53.69;0.00;Fiber/Plastic;;1970-01-30;4G1;1970-01-01;;2001-06-18
IRL001I12221;;IRL;;;0.45;0.00;0.00;;4.71;0.00;FEENISH;263;G263;Galway;;Y;EI3588;N;N;N;;;MO;;DRB, NK;7.39;0.00;Wood;;1980-02-03;MFL;1980-01-01;;
IRL001I12222;;IRL;;;1.67;1.81;0.00;;6.85;0.00;BARBARA;264;G264;United Kingdom;;N;;N;N;N;;;MO;;FPO, NK;7.46;0.00;Wood;;1962-01-30;4G1;1962-01-01;;2000-08-16
IRL001I12223;;IRL;;;1.16;0.00;0.00;;6.61;0.00;ST JOHN;287;G287;Galway;;Y;EI7907;N;N;N;;;MO;;DRB, NK;11.18;0.00;Wood;;1970-01-30;MFL;1970-01-01;;
IRL001I12224;;IRL;;;0.68;0.00;0.00;;5.71;0.00;NAOM SEAN;282;G282;United Kingdom;;N;;N;N;N;;;MO;;DRB, NK;11.19;0.00;Wood;;1960-01-30;MFL;1960-01-01;;2006-06-01
IRL001I12225;;IRL;;;1.23;0.00;0.00;;6.34;0.00;CALLA SEABIRD;311;G311;United Kingdom;;Y;EIKQ2;N;N;N;;;MO;;FPO, GND;11.19;0.00;Wood;;1995-02-17;MFL;1987-01-01;;2014-09-12
IRL001I12226;;IRL;;;0.76;0.00;0.00;;5.61;0.00;PURTAN;256;G256;United Kingdom;;N;;N;N;N;;;MO;;DRB, NK;5.96;0.00;Wood;;1950-01-30;MFL;1950-01-01;;2005-03-10
IRL001I12227;;IRL;;;0.67;0.00;0.00;;5.66;0.00;MARY ANNE;261;G261;United Kingdom;;Y;EI8149;N;N;N;;;MO;;DRB, NK;11.19;0.00;Wood;;1980-01-30;MFL;1972-01-01;;2016-07-14
IRL001I12228;;IRL;;;1.38;0.00;0.00;;6.20;0.00;ST. BRENDAN;271;G271;Galway;;Y;EI8178;N;N;N;;;MO;;FPO, LHP, DRB;11.19;0.00;Wood;;1985-01-30;MFL;1985-01-01;;2021-02-24
IRL001I12229;;IRL;;;4.85;0.00;0.00;;9.75;0.00;LORD;266;G266;United Kingdom;;N;;N;N;N;;;MO;;DRB, GND;85.53;0.00;Wood;;1984-01-30;MFL;1984-01-01;;2004-11-12
IRL001I12230;;IRL;;;0.84;0.00;0.00;;5.94;0.00;BLATHAIN;265;G265;United Kingdom;;N;;N;N;N;;;MO;;DRB, GND;11.19;0.00;Wood;;1980-01-30;MFL;1980-01-01;;2006-05-31
IRL001I12231;;IRL;;;1.60;1.77;0.00;;6.49;0.00;MC DARA;268;G268;United Kingdom;;N;;N;N;N;;;MO;;DRB, NK;6.34;0.00;Wood;;1984-01-30;4G1;1982-01-01;;2001-04-19
IRL001I12232;;IRL;;;6.83;0.00;0.00;;9.60;0.00;SON NA MARA;309;G309;United Kingdom;;N;;N;N;N;;;MO;;GND, FPO;53.69;0.00;Wood;;1986-05-30;MFL;1986-01-01;;2007-12-03
IRL001I12233;;IRL;;;2.72;0.00;0.00;;6.40;0.00;PATOMIC;242;G242;United Kingdom;;N;;N;N;N;;;MO;;FPO, NK;16.45;0.00;Fiber/Plastic;;1986-10-30;MFL;1986-01-01;;2004-08-31
IRL001I12234;;IRL;;;0.72;0.00;0.00;;5.64;0.00;EIMEAR;259;G259;United Kingdom;;Y;EIBL6;N;N;N;;;MO;;DRB, GND;11.18;0.00;Wood;;1979-08-30;MFL;1979-01-01;2008-05-22;
IRL001I12235;;IRL;;;1.66;0.00;0.00;;6.34;0.00;MUIREANN;274;G274;United Kingdom;;Y;EI5353;N;N;N;;;MO;;GND, FPO;13.43;0.00;Fiber/Plastic;;1987-11-01;MFL;1986-01-01;;2007-05-18
IRL001I12240;;IRL;;;0.84;0.00;0.00;;5.15;0.00;COSHEEN;278;S278;;;N;;N;N;N;;;MO;;DRB, FPO;11.18;0.00;Fiber/Plastic;;1985-01-30;MFL;1980-01-01;;2006-03-30
IRL001I12241;;IRL;;;0.65;0.00;0.00;;5.39;0.00;MARY V;396;T396;Finland;;N;;N;N;N;;;MO;;GND, NK;29.80;0.00;Metal;;1985-01-30;MFL;1980-01-01;;2005-12-29
IRL001I12242;;IRL;;;7.01;0.00;0.00;;10.61;0.00;NAOMH AINNE;781;SO781;;;N;;N;N;N;;;MO;;GND, NK;54.00;0.00;Wood;;1982-06-15;MFL;1982-01-01;;2007-05-23
IRL001I12243;;IRL;;;0.70;0.00;0.00;;4.60;0.00;ANNA MARIE;302;S302;;;N;;N;N;N;;;MO;;GND, NK;5.96;0.00;Fiber/Plastic;;1980-01-30;MFL;1979-01-01;;2005-02-07
IRL001I12245;;IRL;;;3.15;0.00;0.00;;8.13;0.00;DANA;78;T78;Finland;;N;;N;N;N;;;MO;;FPO, GND;9.70;0.00;Wood;;1984-05-30;MFL;1972-01-01;;2006-10-17
IRL001I12246;;IRL;;;0.77;0.00;0.00;;7.10;0.00;CUAS NA NAOI;369;T369;Finland;;Y;EI8610;N;N;N;;;MO;;FPO, NK;2.70;0.00;Other;;1987-01-30;MFL;1987-01-01;;2006-12-11
IRL001I12247;;IRL;;;0.97;0.00;0.00;;5.30;0.00;TOGO;287;S287;;;Y;EI8213;N;N;N;;;MO;;FPO, NK;14.91;0.00;Fiber/Plastic;;1986-09-01;MFL;1986-01-01;2009-06-17;
IRL001I12248;;IRL;;;0.89;0.00;0.00;;5.27;0.00;LUCH NA FARRAIGE;395;T395;Tralee;;Y;EIA2200;N;N;N;;;WO;;FPO, GNS, LHP;3.00;0.00;Fiber/Plastic;;1987-01-30;MFL;1987-01-01;;
IRL001I12249;;IRL;;;0.88;0.00;0.00;;5.36;0.00;WINDANCER;306;S306;;;N;;N;N;N;;;MO;;GND, NK;11.18;0.00;Fiber/Plastic;;1984-01-30;MFL;1984-01-01;;2005-12-02
IRL001I12250;;IRL;;;5.47;5.19;0.00;;9.38;0.00;SAOIRE NA MARA;412;T412;Finland;;N;;N;N;N;;;MO;;GTR, NK;61.20;0.00;Wood;;1976-06-01;4G1;1976-01-01;;2002-12-09
IRL001I12251;;IRL;;;2.16;0.00;0.00;;6.10;0.00;TERN;427;T427;Tralee;;Y;EIA2600;N;N;N;;;MO;;OTB, OTM, FPO;7.50;0.00;Fiber/Plastic;;1983-10-01;MFL;1983-01-01;;
IRL001I12252;;IRL;;;0.77;0.00;0.00;;6.09;0.00;AMY;349;T349;Finland;;N;;N;N;N;;;MO;;FPO, NK;9.00;0.00;Wood;;1982-06-15;MFL;1982-01-01;;2004-08-26
IRL001I12253;;IRL;;;1.35;0.00;0.00;;5.97;0.00;HELEN;312;S312;;;Y;EI4429;N;N;N;;;MO;;DRB, NK;14.91;0.00;Wood;;1989-01-30;MFL;1988-01-01;;2009-02-16
IRL001I12254;;IRL;;;0.70;0.00;0.00;;4.72;0.00;MOON BEAM;316;S316;Skibbereen;;Y;EI4296;N;N;N;;;MO;;GND, NK;7.38;0.00;Fiber/Plastic;;1980-06-06;MFL;1974-01-01;;2021-09-30
IRL001I12255;;IRL;;;5.85;5.52;0.00;;9.60;0.00;AN BINN BAN POINT;424;T424;Finland;;N;;N;N;N;;;GO;;GTR, NK;60.00;0.00;Wood;;1976-05-02;4G1;1976-01-01;;2000-05-04
IRL001I12256;;IRL;;;1.02;0.00;0.00;;5.27;0.00;KAREN AISLING;272;S272;Skibbereen;;Y;EI8449;N;N;N;;;MO;;DRB, GND;11.18;0.00;Fiber/Plastic;;1980-05-10;MFL;1980-01-01;;
IRL001I12257;;IRL;;;0.87;0.00;0.00;;5.30;0.00;SEA ROSE;251;S251;Skibbereen;;Y;EI5027;N;N;N;;;MO;;DRB, FPO;11.18;0.00;Fiber/Plastic;;1983-01-30;MFL;1983-01-01;;
IRL001I12258;;IRL;;;0.97;0.00;0.00;;5.49;0.00;REEN BEAG;303;S303;Skibbereen;;Y;EI2865;N;N;N;;;MO;;GND, NK;11.18;0.00;Fiber/Plastic;;1980-01-30;MFL;1980-01-01;;
IRL001I12259;;IRL;;;3.52;0.00;0.00;;6.58;0.00;CEANN LOC;304;S304;Skibbereen;;Y;EI4260;N;N;N;;;MO;;FPO, GTR;18.64;0.00;Fiber/Plastic;;1976-12-06;MFL;1976-01-01;;
IRL001I12260;;IRL;;;0.91;0.00;0.00;;5.30;0.00;CAROLINE;260;S260;Skibbereen;;Y;EI5008;N;N;N;;;MO;;FPO, GNS;14.92;0.00;Fiber/Plastic;;1986-01-30;MFL;1986-01-01;;
IRL001I12261;;IRL;;;0.90;0.00;0.00;;5.30;0.00;SARAH JANE;282;S282;;;N;;N;N;N;;;MO;;GND, FPO;14.91;0.00;Fiber/Plastic;;1992-06-01;MFL;1986-01-01;;2010-09-03
IRL001I12262;;IRL;;;0.80;0.00;0.00;;5.91;0.00;GLOMACH;253;G253;United Kingdom;;N;;N;N;N;;;MO;;DRB, GND;11.19;0.00;Wood;;1946-01-30;MFL;1946-01-01;;2005-07-29
IRL001I12263;;IRL;;;0.81;0.00;0.00;;6.10;0.00;AINE;244;G244;United Kingdom;;N;;N;N;N;;;MO;;GND, DRB;7.39;0.00;Wood;;1932-01-30;MFL;1932-01-01;;2005-01-31
IRL001I12264;;IRL;;;1.87;0.00;0.00;;6.72;0.00;MAIRE;254;G254;United Kingdom;;N;;N;N;N;;;MO;;FPO, GND;7.39;0.00;Wood;;1990-10-01;MFL;1940-01-01;;2006-06-01
IRL001I12265;;IRL;;;1.47;0.00;0.00;;6.72;0.00;LUCHTON;248;G248;Galway;;Y;EI4553;N;N;N;;;MO;;FPO, OTB;18.65;0.00;Wood;;1977-01-30;MFL;1977-01-01;;
IRL001I12266;;IRL;;;0.65;0.00;0.00;;5.48;0.00;AN GLAISLEANN;252;G252;United Kingdom;;Y;EI8066;N;N;N;;;MO;;FPO, NK;7.46;0.00;Wood;;1970-05-08;MFL;1970-01-01;;2015-01-30
IRL001I12267;;IRL;;;0.63;0.00;0.00;;5.71;0.00;AN CAISAL;317;G317;Galway;;N;;N;N;N;;;MO;;DRB, FPO;5.96;0.00;Fiber/Plastic;;1994-01-15;MFL;1984-01-01;;
IRL001I12268;;IRL;;;0.92;0.00;0.00;;5.87;0.00;ANNA;321;G321;United Kingdom;;Y;EI8485;N;N;N;;;MO;;FPO, NK;11.18;0.00;Fiber/Plastic;;1989-06-16;MFL;1989-01-01;;2017-08-11
IRL001I12271;;IRL;;;0.85;0.00;0.00;;5.94;0.00;FAOICHEAN;332;G332;United Kingdom;;N;;N;N;N;;;MO;;GND, OTM;5.96;0.00;Wood;;1984-05-06;MFL;1984-01-01;;2005-02-08
IRL001I12273;;IRL;;;1.26;0.00;0.00;;5.60;0.00;ST. BRID;347;G347;United Kingdom;;N;;N;N;N;;;MO;;FPO, NK;7.39;0.00;Wood;;1960-05-08;MFL;1960-01-01;;2005-04-19
IRL001I12275;;IRL;;;1.13;0.00;0.00;;6.70;0.00;RAY;329;G329;United Kingdom;;N;;N;N;N;;;TO;;GND, DRB;11.19;0.00;Wood;;1984-03-01;MFL;1984-01-01;;2005-06-28
IRL001I12277;;IRL;;;1.14;0.00;0.00;;6.37;0.00;ST. MARTIN;330;G330;United Kingdom;;N;;N;N;N;;;MO;;DRB, NK;5.96;0.00;Wood;;2000-05-09;MFL;1977-01-01;;2014-01-27
IRL001I12280;;IRL;;;5.67;12.00;0.00;;8.38;0.00;THE LADY AVALON II;1;T1;Finland;;N;;N;N;N;;;MO;;GTR, NK;156.70;0.00;Fiber/Plastic;;1987-04-02;4G1;1987-01-01;;2000-07-17
IRL001I12283;;IRL;;;4.53;0.00;0.00;;7.62;0.00;THREE SISTERS;293;S293;Skibbereen;;Y;EI2646;N;N;N;;;MO;;DRB, GND;16.40;0.00;Fiber/Plastic;;1984-01-30;MFL;1976-01-01;;2024-05-14
IRL001I12284;;IRL;;;1.16;0.00;0.00;;5.36;0.00;DEIRDRE KAREN;308;S308;;;Y;EI8460;N;N;N;;;MO;;DRB, NK;18.64;0.00;Fiber/Plastic;;1985-07-01;MFL;1984-01-01;;2017-05-24
IRL001I12285;;IRL;;;1.25;0.00;0.00;;5.97;0.00;MARY HELEN;309;S309;Skibbereen;;Y;EI8783;N;N;N;;;MO;;FPO, NK;11.18;0.00;Fiber/Plastic;;1984-01-30;MFL;1984-01-01;;
IRL001I12286;;IRL;;;1.10;0.00;0.00;;5.49;0.00;MARY L;324;S324;;;N;;N;N;N;;;MO;;GND, DRB;11.19;0.00;Wood;;1989-01-30;MFL;1980-01-01;;2006-03-22
IRL001I12287;;IRL;;;2.42;0.00;0.00;;7.46;0.00;IKOM W;313;S313;;;N;;N;N;N;;;MO;;DRB, NK;38.77;0.00;Fiber/Plastic;;1995-02-16;MFL;1973-01-01;;2005-03-03
IRL001I12288;;IRL;;;1.05;0.00;0.00;;5.91;0.00;BEAL NA TRA;276;S276;;;Y;EIHE9;N;N;N;;;MO;;DRB, NK;7.38;0.00;Wood;;1982-01-30;MFL;1982-01-01;;2009-09-03
IRL001I12289;;IRL;;;4.21;0.00;0.00;;7.43;0.00;CASTLEMORE;297;S297;;;N;;N;N;N;;;MO;;DRB, GND;16.41;0.00;Fiber/Plastic;;1973-10-02;MFL;1973-01-01;;2005-08-16
IRL001I12291;;IRL;;;0.65;0.00;0.00;;4.66;0.00;PIRATE;291;S291;;;N;;N;N;N;;;MO;;DRB, NK;7.38;0.00;Fiber/Plastic;;1980-01-30;MFL;1980-01-01;;2019-04-26
IRL001I12293;;IRL;;;8.18;0.00;0.00;;9.54;0.00;ANDELE;292;S292;;;Y;EI7619;N;N;N;;;MO;;DRB, NK;89.48;0.00;Metal;;1995-02-12;MFL;1979-01-01;;2012-02-10
IRL001I12294;;IRL;;;0.87;0.00;0.00;;5.39;0.00;LORRAINE;334;S334;;;Y;EI3426;N;N;N;;;MO;;GND, NK;18.65;0.00;Fiber/Plastic;;1986-01-30;MFL;1979-01-01;;2016-04-06
IRL001I12295;;IRL;;;1.51;0.00;0.00;;5.76;0.00;ST. BERNARD;328;S328;;;N;;N;N;N;;;MO;;DRB, NK;18.64;0.00;Fiber/Plastic;;1980-01-30;MFL;1980-01-01;;2005-02-08
IRL001I12296;;IRL;;;0.78;0.00;0.00;;5.64;0.00;ST. BRIDGET;285;G285;United Kingdom;;Y;EIBW4;N;N;N;;;MO;;DRB, NK;7.39;0.00;Wood;;1962-01-30;MFL;1962-01-01;;2014-07-03
IRL001I12297;;IRL;;;0.94;0.00;0.00;;6.09;0.00;CIARA;323;G323;Galway;;Y;EI8375;N;N;N;;;MO;;FPO, NK;5.96;0.00;Wood;;1988-05-01;MFL;1988-01-01;;
IRL001I12298;;IRL;;;3.35;0.00;0.00;;8.32;0.00;CADHNACH;249;G249;United Kingdom;;Y;EICY9;N;N;N;;;MO;;GND, FPO;12.68;0.00;Wood;;1983-01-30;MFL;1983-01-29;;2012-07-04
IRL001I12299;;IRL;;;4.67;0.00;0.00;;8.61;0.00;ST. PATRICK;289;G289;Galway;;Y;EI8006;N;N;N;;;MO;;DRB, NK;12.68;0.00;Wood;;1980-01-30;MFL;1970-01-01;;2020-07-08
IRL001I12300;;IRL;;;1.17;0.00;0.00;;5.61;0.00;ST. MICHAEL;77;S77;Skibbereen;;Y;EI5332;N;N;N;;;MO;;GND, FPO;8.95;0.00;Fiber/Plastic;;1976-01-30;MFL;1974-01-01;;
IRL001I12301;;IRL;;;4.44;0.00;0.00;;10.51;0.00;FOXY BOYS;383;T383;Finland;;N;;N;N;N;;;MO;;GND, NK;89.50;0.00;Metal;;1985-01-30;MFL;1985-01-01;;2004-09-23
IRL001I12303;;IRL;;;3.17;0.00;0.00;;8.23;0.00;ST. FINBAR;335;S335;;;Y;EI7603;N;N;N;;;MO;;DRB, NK;6.33;0.00;Wood;;1988-09-10;MFL;1967-01-01;;2009-08-19
IRL001I12304;;IRL;;;0.85;0.00;0.00;;5.27;0.00;CIRCIN TRA;263;S263;;;Y;EI5838;N;N;N;;;MO;;GND, NK;11.19;0.00;Fiber/Plastic;;1986-01-01;MFL;1986-01-01;;2006-06-15
IRL001I12305;;IRL;;;9.10;7.99;0.00;;11.09;0.00;ELRIONA;417;T417;Finland;;N;;N;N;N;;;MO;;DRB, NK;89.53;0.00;Wood;;1984-03-01;4G1;1979-01-01;;2002-01-16
IRL001I12306;;IRL;;;0.83;0.00;0.00;;6.00;0.00;MORNING STAR;339;G339;United Kingdom;;Y;EI8029;N;N;N;;;MO;;DRB, NK;2.98;0.00;Wood;;1988-03-30;MFL;1978-01-01;;2014-05-01
IRL001I12307;;IRL;;;2.56;0.00;0.00;;8.02;0.00;NAOM CAILIN;340;G340;United Kingdom;;N;;N;N;N;;;MO;;FPO, GND;9.69;0.00;Wood;;1986-04-02;MFL;1970-01-01;;2006-05-18
IRL001I12309;;IRL;;;0.64;0.00;0.00;;5.72;0.00;PADRAIG;314;G314;United Kingdom;;N;;N;N;N;;;MO;;GND, NK;5.97;0.00;Wood;;1989-04-10;MFL;1989-01-01;;2014-09-11
IRL001I12312;;IRL;;;0.70;0.00;0.00;;5.79;0.00;MORNING STAR;338;G338;Galway;;Y;EI8984;N;N;N;;;MO;;GND, GNS;7.38;0.00;Wood;;1986-05-01;MFL;1986-01-01;;
IRL001I12313;;IRL;;;0.93;0.00;0.00;;5.85;0.00;ST. STEPHEN;331;G331;United Kingdom;;N;;N;N;N;;;MO;;GND, FPO;11.19;0.00;Wood;;1987-02-01;MFL;1987-01-01;;2005-05-18
IRL001I12314;;IRL;;;1.16;0.00;0.00;;6.40;0.00;PIPERS BAY;343;G343;United Kingdom;;Y;EI5391;N;N;N;;;WO;;GND, NK;11.19;0.00;Wood;;1987-06-01;MFL;1982-01-01;;2019-05-29
IRL001I12315;;IRL;;;1.54;0.00;0.00;;6.18;0.00;BAILE AN SLIBHE;278;G278;Galway;;Y;EI5209;N;N;N;;;MO;;FPO, NK;7.39;0.00;Wood;;1984-06-07;MFL;1984-01-01;;2020-06-24
IRL001I12316;;IRL;;;2.80;0.00;0.00;;8.38;0.00;MARCELLA;3;W3;;;N;;N;N;N;;;MO;;FPO, GND;11.19;0.00;Wood;;1990-10-01;MFL;1926-01-01;;2006-05-19
IRL001I12318;;IRL;;;0.58;0.00;0.00;;5.03;0.00;OILEAIN INNSE;342;G342;United Kingdom;;N;;N;N;N;;;MO;;DRB, NK;4.47;0.00;Wood;;1990-10-01;MFL;1985-01-01;;2004-12-23
IRL001I12320;;IRL;;;0.63;0.00;0.00;;5.71;0.00;BRID;322;G322;Galway;;Y;EI8540;N;N;N;;;MO;;DRB, FPO;5.96;0.00;Fiber/Plastic;;1989-07-10;MFL;1989-01-01;;2025-02-26
IRL001I12322;;IRL;;;1.30;0.00;0.00;;5.79;0.00;ETAIN;324;G324;United Kingdom;;Y;EI5580;N;N;N;;;MO;;FPO, DRB;18.65;0.00;Fiber/Plastic;;1990-10-01;MFL;1983-01-01;;2017-02-27
IRL001I12323;;IRL;;;1.86;0.00;0.00;;7.95;0.00;GAOTH SAILE;67;D67;;;N;;N;N;N;;;MO;;GNS, NK;7.46;0.00;Wood;;1990-10-01;MFL;1964-01-01;;2003-01-02
IRL001I12325;;IRL;;;1.19;0.00;0.00;;6.55;0.00;CAISIN;250;G250;United Kingdom;;Y;EICY4;N;N;N;;;MO;;DRB, GND;7.39;0.00;Wood;;1991-10-01;MFL;1981-01-01;;2015-07-06
IRL001I12328;;IRL;;;1.46;1.94;0.00;;5.88;0.00;HARBOUR PILOT;306;G306;United Kingdom;;N;;N;N;N;;;WO;;GNS, NK;85.80;0.00;Fiber/Plastic;;1990-10-01;4G1;1975-01-01;;2001-11-07
IRL001I12330;;IRL;;;0.83;0.00;0.00;;5.94;0.00;MARIE;267;G267;Galway;;Y;EITG9;N;N;N;;;MO;;LHP, GNS, FPO;11.19;0.00;Wood;;1990-10-01;MFL;1984-01-01;;
IRL001I12331;;IRL;;;1.84;0.00;0.00;;6.18;0.00;MARY ROSE;294;G294;United Kingdom;;N;;N;N;N;;;MO;;DRB, FPO;14.18;0.00;Other;;1990-10-01;MFL;1983-01-01;;2006-01-04
IRL001I12332;;IRL;;;5.05;0.00;0.00;;8.07;0.00;AN LADY BEAG;292;G292;United Kingdom;;Y;EI8317;N;N;N;;;WO;;GNS, FPO;14.55;0.00;Wood;;1990-10-01;MFL;1975-01-01;;2017-05-09
IRL001I12333;;IRL;;;2.32;0.00;0.00;;6.30;0.00;ST TREASA;275;G275;Galway;;Y;EIA2419;N;N;N;;;MO;;FPO, LHP, GNS;5.97;0.00;Fiber/Plastic;;1990-10-01;MFL;1981-01-01;;
IRL001I12334;;IRL;;;3.39;0.00;0.00;;7.92;0.00;DUNALLA;279;G279;Galway;;Y;EI3698;N;N;N;;;MO;;DRB, GND;27.98;0.00;Wood;;1992-10-01;MFL;1990-01-01;;
IRL001I12336;;IRL;;;0.73;0.00;0.00;;4.60;0.00;AMANDA;327;G327;United Kingdom;;N;;N;N;N;;;MO;;DRB, NK;7.38;0.00;Wood;;1990-10-01;MFL;1980-01-01;;2005-05-18
IRL001I12337;;IRL;;;1.06;0.00;0.00;;6.09;0.00;ARDMORA LASS;302;G302;United Kingdom;;N;;N;N;N;;;MO;;GND, NK;11.19;0.00;Wood;;1990-10-01;MFL;1986-01-01;;2016-07-29
IRL001I12338;;IRL;;;0.65;0.00;0.00;;5.72;0.00;RADHARC AN CHUAIN;345;G345;United Kingdom;;Y;EI8955;N;N;N;;;MO;;DRB, NK;5.96;0.00;Fiber/Plastic;;1987-01-30;MFL;1986-01-01;;2016-11-22
IRL001I12339;;IRL;;;0.62;0.00;0.00;;4.69;0.00;OISIN;283;G283;United Kingdom;;Y;EI8099;N;N;N;;;MO;;GND, NK;7.46;0.00;Fiber/Plastic;;1989-01-30;MFL;1988-01-01;;2017-08-21
IRL001I12340;;IRL;;;2.58;2.81;0.00;;6.43;0.00;SHANE OG;403;G403;United Kingdom;;N;;N;N;N;;;MO;;DRB, NK;18.65;0.00;Fiber/Plastic;;1979-01-30;4G1;1979-01-01;;2001-04-19
IRL001I12341;;IRL;;;1.98;0.00;0.00;;6.25;0.00;MARTINA;947;SO947;;;N;;N;N;N;;;MO;;GND, NK;10.44;0.00;Wood;;1990-10-01;MFL;1976-01-01;;2006-05-10
IRL001I12342;;IRL;;;0.95;0.00;0.00;;5.97;0.00;NORA JOE;362;G362;Galway;;Y;EI5275;N;N;N;;;MO;;DRB, GND;11.18;0.00;Wood;;1984-01-30;MFL;1980-01-01;;
IRL001I12344;;IRL;;;0.89;0.00;0.00;;5.48;0.00;SILE MAY;316;G316;United Kingdom;;N;;N;N;N;;;MO;;DRB, FPO;7.38;0.00;Wood;;1988-01-30;MFL;1988-01-01;;2008-10-16
IRL001I12345;;IRL;;;0.66;0.00;0.00;;5.63;0.00;CAROLYN;376;G376;United Kingdom;;N;;N;N;N;;;MO;;DRB, GND;7.39;0.00;Wood;;1984-01-30;MFL;1982-01-01;;2005-05-27
IRL001I12346;;IRL;;;0.89;0.00;0.00;;5.79;0.00;ST. JOHN;415;G415;Galway;;N;;N;N;N;;;MO;;DRB, NK;7.46;0.00;Wood;;1981-01-30;MFL;1980-01-01;;2022-07-20
IRL001I12347;;IRL;;;0.86;0.00;0.00;;5.79;0.00;ST. CAILIN;348;G348;Galway;;Y;EI8941;N;N;N;;;MO;;DRB, NK;11.18;0.00;Wood;;1989-01-30;MFL;1989-01-01;;
IRL001I12348;;IRL;;;1.31;0.00;0.00;;6.58;0.00;BLATH BAN;303;G303;United Kingdom;;N;;N;N;N;;;MO;;DRB, NK;2.60;0.00;Wood;;1980-01-30;MFL;1980-01-01;;2006-12-14
IRL001I12349;;IRL;;;1.91;0.00;0.00;;7.34;0.00;AOIFE;351;G351;Galway;;Y;EI7934;N;N;N;;;MO;;GNS, FPO, LHP;18.64;0.00;Wood;;1989-01-30;MFL;1987-01-01;;
IRL001I12350;;IRL;;;4.07;0.00;0.00;;7.67;0.00;DERRYINVER LASS;313;G313;United Kingdom;;N;;N;N;N;;;MO;;GND, FPO;41.04;0.00;Wood;;1985-01-30;MFL;1984-01-01;;2005-10-18
IRL001I12351;;IRL;;;2.84;0.00;0.00;;7.34;0.00;LITTLE TERN;328;G328;United Kingdom;;N;;N;N;N;;;MO;;GND, FPO;16.42;0.00;Wood;;1980-01-22;MFL;1980-01-01;;2006-12-14
IRL001I12352;;IRL;;;0.78;0.00;0.00;;5.69;0.00;ROS DUGAIN;270;G270;United Kingdom;;N;;N;N;N;;;MO;;DRB, NK;18.65;0.00;Wood;;1975-01-30;MFL;1975-01-01;;2006-08-08
IRL001I12353;;IRL;;;0.87;0.00;0.00;;5.76;0.00;GRAINNE;377;G377;United Kingdom;;N;;N;N;N;;;MO;;FPO, NK;11.19;0.00;Wood;;1988-01-30;MFL;1982-01-01;;2005-05-18
IRL001I12354;;IRL;;;3.59;0.00;0.00;;8.00;0.00;AN CAPTAEN;291;G291;United Kingdom;;Y;EI7966;N;N;N;;;MO;;DRB, NK;9.69;0.00;Wood;;1975-01-30;MFL;1970-01-01;;2014-07-16
IRL001I12355;;IRL;;;0.90;0.00;0.00;;4.75;0.00;AISLING;320;G320;United Kingdom;;N;;N;N;N;;;MO;;GND, FPO;7.39;0.00;Fiber/Plastic;;1978-01-30;MFL;1977-01-01;;2008-05-22
IRL001I12356;;IRL;;;1.20;0.00;0.00;;6.41;0.00;GARVOGE;334;G334;Galway;;Y;EI8910;N;N;N;;;MO;;FPO, NK;11.19;0.00;Wood;;1990-10-01;MFL;1983-01-01;;
IRL001I12357;;IRL;;;1.00;0.00;0.00;;5.79;0.00;NAOMH BREANDAN;295;G295;United Kingdom;;Y;EI7831;N;N;N;;;MO;;GND, NK;11.18;0.00;Fiber/Plastic;;1985-01-30;MFL;1984-01-01;;2007-01-30
IRL001I12358;;IRL;;;0.56;0.00;0.00;;5.73;0.00;NAOMH CAOMHAN;280;G280;United Kingdom;;Y;EI3826;N;N;N;;;MO;;GND, FPO;7.38;0.00;Fiber/Plastic;;1985-01-30;MFL;1985-01-01;;2009-03-04
IRL001I12359;;IRL;;;1.26;0.00;0.00;;6.40;0.00;NAOMH COLMCILLE;296;G296;United Kingdom;;Y;EI7903;N;N;N;;;MO;;FPO, DRB;11.19;0.00;Wood;;1990-10-01;MFL;1985-01-01;;2017-04-27
IRL001I12360;;IRL;;;0.51;0.00;0.00;;5.52;0.00;CRO BUI;312;G312;United Kingdom;;Y;EI7920;N;N;N;;;MO;;FPO, GND;7.38;0.00;Fiber/Plastic;;1985-01-30;MFL;1983-01-01;;2016-06-14
IRL001I12361;;IRL;;;0.66;0.00;0.00;;5.97;0.00;PORT NA CILLE;284;G284;United Kingdom;;N;;N;N;N;;;MO;;GND, NK;3.73;0.00;Fiber/Plastic;;1987-01-30;MFL;1987-01-01;;2006-05-18
IRL001I12362;;IRL;;;0.66;0.00;0.00;;5.48;0.00;ST. ANN;381;G381;United Kingdom;;N;;N;N;N;;;MO;;GND, NK;7.38;0.00;Wood;;1986-01-30;MFL;1986-01-01;;2006-12-12
IRL001I12364;;IRL;;;0.81;0.00;0.00;;5.59;0.00;ST. BRIDGET;286;G286;Galway;;Y;EI7932;N;N;N;;;MO;;GND, NK;11.19;0.00;Wood;;1986-01-30;MFL;1986-01-01;;
IRL001I12365;;IRL;;;5.01;0.00;0.00;;8.53;0.00;AILL BHAIN;354;G354;Galway;;Y;EI3846;N;N;N;;;MO;;DRB, GNS, OTB, FPO;33.57;0.00;Wood;;1986-06-01;MFL;1986-01-01;;
IRL001I12366;;IRL;;;1.11;0.00;0.00;;5.79;0.00;UNA BHAN;310;G310;United Kingdom;;Y;EIHT6;N;N;N;;;MO;;FPO, GND;22.37;0.00;Wood;;1985-01-30;MFL;1985-01-01;;2017-08-02
IRL001I12367;;IRL;;;3.08;0.00;0.00;;7.95;0.00;SAINT JOHN;378;G378;United Kingdom;;Y;EI3359;N;N;N;;;MO;;FPO, NK;32.82;0.00;Wood;;1980-01-30;MFL;1979-01-01;;2018-03-16
IRL001I12368;;IRL;;;0.79;0.00;0.00;;5.60;0.00;MARY MARGRET;359;G359;United Kingdom;;N;;N;N;N;;;MO;;DRB, NK;7.38;0.00;Wood;;1977-01-30;MFL;1952-01-01;;2006-02-14
IRL001I12369;;IRL;;;1.30;0.00;0.00;;6.70;0.00;TORNADO;371;G371;Galway;;Y;EI7982;N;N;N;;;MO;;DRB, FPO;11.92;0.00;Wood;;1983-01-30;MFL;1983-01-01;;
IRL001I12370;;IRL;;;1.36;0.00;0.00;;6.94;0.00;NORA ANN;361;G361;United Kingdom;;Y;EI8566;N;N;N;;;MO;;DRB, FPO, GND;10.44;0.00;Wood;;1984-01-30;MFL;1984-01-01;;2020-10-11
IRL001I12371;;IRL;;;0.78;0.00;0.00;;5.51;0.00;DOOHULLA WAVE;365;G365;Galway;;Y;EI8520;N;N;N;;;MO;;DRB, FPO, GNS, GTR;5.96;0.00;Wood;;1986-01-30;MFL;1986-01-01;;2023-12-22
IRL001I12372;;IRL;;;1.21;0.00;0.00;;5.15;0.00;MUSTANG SALLY;288;S288;Skibbereen;;Y;EI7343;N;N;N;;;MO;;DRB, FPO;7.38;0.00;Fiber/Plastic;;1984-01-30;MFL;1984-01-01;;
IRL001I12373;;IRL;;;0.91;0.00;0.00;;5.27;0.00;SEAGULL;290;S290;;;N;;N;N;N;;;MO;;DRB, GND;7.38;0.00;Fiber/Plastic;;1996-04-30;MFL;1980-01-01;;2019-04-26
IRL001I12376;;IRL;;;2.30;0.00;0.00;;6.09;0.00;NAOMH COLMCILLE;368;G368;United Kingdom;;N;;N;N;N;;;MO;;FPO, NK;18.65;0.00;Fiber/Plastic;;1990-10-01;MFL;1982-01-01;;2013-03-26
IRL001I12377;;IRL;;;2.35;0.00;0.00;;6.44;0.00;NAOMH MUIRE;281;G281;United Kingdom;;N;;N;N;N;;;MO;;DRB, FPO;13.43;0.00;Wood;;1990-10-01;MFL;1969-01-01;;2005-05-18
IRL001I12378;;IRL;;;1.29;0.00;0.00;;6.62;0.00;NAOMH RONAN;290;G290;United Kingdom;;Y;EI5251;N;N;N;;;MO;;DRB, FPO;11.18;0.00;Wood;;1990-10-01;MFL;1988-01-01;2015-11-26;
IRL001I12381;;IRL;;;2.56;0.00;0.00;;6.91;0.00;NAOMH RONAN;297;G297;United Kingdom;;Y;EI5251;N;N;N;;;MO;;FPO, DRB;22.38;0.00;Wood;;1990-10-01;MFL;1940-01-01;;2006-12-12
IRL001I12382;;IRL;;;0.91;0.00;0.00;;5.71;0.00;PATRICIA;333;G333;United Kingdom;;Y;EI8909;N;N;N;;;MO;;DRB, FPO;11.18;0.00;Wood;;1990-10-01;MFL;1980-01-01;;2019-06-17
IRL001I12384;;IRL;;;0.63;0.00;0.00;;5.72;0.00;PEADAR;308;G308;United Kingdom;;N;;N;N;N;;;WO;;GND, NK;5.96;0.00;Fiber/Plastic;;1992-10-01;MFL;1992-01-01;;2013-08-02
IRL001I12385;;IRL;;;0.95;0.00;0.00;;6.10;0.00;PRIDE OF CARNA;269;G269;United Kingdom;;Y;EI7823;N;N;N;;;MO;;FPO, DRB;7.39;0.00;Wood;;1990-10-01;MFL;1988-01-01;;2013-11-21
IRL001I12387;;IRL;;;9.16;0.00;0.00;;10.60;0.00;RACHEL;315;G315;Galway;;Y;EI2722;N;N;N;;;WO;;DRB, GNS;89.53;0.00;Fiber/Plastic;;1990-10-01;MFL;1984-01-01;;
IRL001I12388;;IRL;;;0.78;0.00;0.00;;5.79;0.00;SLIOBHAN;379;G379;United Kingdom;;N;;N;N;N;;;MO;;DRB, GND;7.39;0.00;Wood;;1990-10-01;MFL;1984-01-01;;2005-08-16
IRL001I12389;;IRL;;;2.11;0.00;0.00;;7.40;0.00;CORRA NA CLEITHE;305;G305;United Kingdom;;Y;EIH14;N;N;N;;;MO;;DRB, FPO;7.38;0.00;Wood;;1948-07-01;MFL;1948-01-01;;2013-06-06
IRL001I12390;;IRL;;;1.13;0.00;0.00;;6.40;0.00;DAMHACH EINNE;395;G395;Galway;;Y;EI5609;N;N;N;;;MO;;FPO, DRB, GND;11.18;0.00;Wood;;1974-07-01;MFL;1974-01-01;;2021-08-19
IRL001I12391;;IRL;;;0.91;0.00;0.00;;5.63;0.00;STAR OF THE SEA II;387;G387;United Kingdom;;N;;N;N;N;;;MO;;PS, FPO;11.19;0.00;Wood;;1985-07-21;MFL;1980-01-01;;2005-06-22
IRL001I12392;;IRL;;;0.68;0.00;0.00;;5.56;0.00;KIERAN;336;G336;United Kingdom;;N;;N;N;N;;;MO;;DRB, GND;4.48;0.00;Wood;;1995-03-05;MFL;1995-01-01;;2005-11-22
IRL001I12393;;IRL;;;0.77;0.00;0.00;;5.63;0.00;NAOMH CIARAIN;341;G341;United Kingdom;;N;;N;N;N;;;MO;;FPO, DRB;11.19;0.00;Wood;;1990-10-01;MFL;1967-01-01;;2005-12-29
IRL001I12394;;IRL;;;1.74;0.00;0.00;;5.94;0.00;DARRAGH 196;357;T357;Finland;;N;;N;N;N;;;MO;;GNS, NK;11.20;0.00;Fiber/Plastic;;1982-05-14;MFL;1982-01-01;;2003-12-22
IRL001I12395;;IRL;;;1.20;0.00;0.00;;5.94;0.00;SEA WITCH;273;S273;Skibbereen;;Y;EI8539;N;N;N;;;MO;;FPO, NK;14.91;0.00;Wood;;1983-09-07;MFL;1983-01-01;;
IRL001I12396;;IRL;;;1.58;0.00;0.00;;5.60;0.00;PHONEIX II;249;S249;;;N;;N;N;N;;;MO;;GNS, NK;11.18;0.00;Fiber/Plastic;;1984-01-30;MFL;1984-01-01;;2004-08-26
IRL001I12398;;IRL;;;1.30;0.00;0.00;;6.71;0.00;SUZANNE;406;G406;United Kingdom;;N;;N;N;N;;;MO;;DRB, FPO;11.19;0.00;Wood;;1982-07-05;MFL;1982-01-01;;2006-03-30
IRL001I12399;;IRL;;;31.40;28.37;0.00;;15.49;0.00;BOYS PRIDE;243;G243;United Kingdom;;N;;N;Y;Y;;;MO;;DRB, NK;95.00;0.00;Wood;;1980-07-01;4G1;1947-01-01;;2001-11-21
IRL001I12400;;IRL;;;0.97;0.00;0.00;;6.24;0.00;XMAS EVE;408;T408;Finland;;N;;N;N;N;;;MO;;DRB, NK;7.40;0.00;Wood;;1990-01-30;MFL;1988-01-01;;2005-05-27
IRL001I12402;;IRL;;;0.53;0.00;0.00;;4.60;0.00;PORTAN GLASS;414;G414;Galway;;Y;EIQZ2;N;N;N;;;MO;;FPO, LHP, GNS;5.60;0.00;Wood;;1982-01-30;MFL;1982-01-01;;2025-05-28
IRL001I12403;;IRL;;;3.62;0.00;0.00;;8.07;0.00;NAOMH CONNAL;413;G413;United Kingdom;;N;;N;N;N;;;MO;;DRB, FPO;9.70;0.00;Wood;;1990-10-01;MFL;1964-01-01;;2005-11-15
IRL001I12404;;IRL;;;1.47;0.00;0.00;;6.55;0.00;ST. CHRISTOPHER;369;G369;Galway;;Y;EI7977;N;N;N;;;MO;;FPO, DRB;7.39;0.00;Wood;;1990-10-01;MFL;1984-01-01;;
IRL001I12405;;IRL;;;1.52;0.00;0.00;;6.82;0.00;ST. BRID;346;G346;United Kingdom;;N;;N;N;N;;;MO;;DRB, NK;11.19;0.00;Wood;;2000-07-11;MFL;1982-01-01;;2005-04-07
IRL001I12406;;IRL;;;2.64;2.83;0.00;;6.79;0.00;TRUE LIGHT;390;G390;United Kingdom;;N;;N;N;N;;;GO;;GNS, DRB;59.65;0.00;Fiber/Plastic;;1985-01-30;4G1;1984-01-01;;2001-03-27
IRL001I12407;;IRL;;;0.75;0.00;0.00;;5.63;0.00;DERROUGH;396;G396;United Kingdom;;Y;EI8116;N;N;N;;;MO;;DRB, NK;11.18;0.00;Wood;;1984-01-30;MFL;1983-01-01;;2006-08-16
IRL001I12408;;IRL;;;0.80;0.00;0.00;;5.80;0.00;KATHRIONA EILEEN;335;G335;United Kingdom;;Y;EI8086;N;N;N;;;FX;;DRB, GND;7.38;0.00;Wood;;1990-10-01;MFL;1981-01-01;;2009-05-29
IRL001I12409;;IRL;;;0.78;0.00;0.00;;5.79;0.00;ST. MARTIN;370;G370;United Kingdom;;N;;N;N;N;;;MO;;DRB, FPO;11.19;0.00;Wood;;1990-10-01;MFL;1984-01-01;;2005-04-19
IRL001I12410;;IRL;;;1.91;0.00;0.00;;6.08;0.00;ST. BRENDAN;326;S326;Skibbereen;;Y;EI2893;N;N;N;;;MO;;GNS, NK;14.91;0.00;Fiber/Plastic;;1988-01-30;MFL;1988-01-01;;
IRL001I12411;;IRL;;;0.84;0.00;0.00;;5.85;0.00;ST. PATRICK;386;G386;United Kingdom;;N;;N;N;N;;;WO;;FPO, NK;7.39;0.00;Wood;;1974-01-30;MFL;1974-01-01;;2005-04-07
IRL001I12412;;IRL;;;0.90;1.02;0.00;;5.73;0.00;KILBRICKEN LASS;430;G430;United Kingdom;;N;;N;N;N;;;MO;;DRB, NK;11.18;0.00;Wood;;1982-01-30;4G1;1982-01-01;;2001-06-18
IRL001I12413;;IRL;;;0.52;0.00;0.00;;4.64;0.00;JOSEPHINE;384;G384;United Kingdom;;N;;N;N;N;;;MO;;DRB, GND;3.73;0.00;Wood;;1986-01-30;MFL;1985-01-01;;2006-07-20
IRL001I12414;;IRL;;;3.17;0.00;0.00;;7.86;0.00;STAR OF THE SEA 1;416;G416;United Kingdom;;N;;N;N;N;;;MO;;PS, FPO;14.92;0.00;Wood;;1965-01-30;MFL;1965-01-01;;2005-04-11
IRL001I12416;;IRL;;;0.72;0.00;0.00;;5.55;0.00;SAINT HELEN;299;G299;United Kingdom;;N;;N;N;N;;;MO;;FPO, DRB;11.19;0.00;Wood;;1990-10-01;MFL;1989-01-01;;2005-12-29
IRL001I12417;;IRL;;;1.29;0.00;0.00;;6.06;0.00;MUIGRIOS;255;G255;United Kingdom;;N;;N;N;N;;;MO;;GNS, NK;11.19;0.00;Wood;;1985-01-30;MFL;1985-01-01;;2003-01-08
IRL001I12418;;IRL;;;1.76;0.00;0.00;;6.88;0.00;MAY FLOWER;385;G385;Galway;;Y;EI7906;N;N;N;;;MO;;LHP, FPO, GNS;11.19;0.00;Wood;;1990-10-01;MFL;1989-01-01;;
IRL001I12419;;IRL;;;5.49;5.55;0.00;;7.62;0.00;PUCA;349;G349;United Kingdom;;N;;N;N;N;;;MO;;GNS, DRB;65.66;0.00;Wood;;1990-10-01;4G1;1989-01-01;;2001-01-30
IRL001I12420;;IRL;;;1.08;0.00;0.00;;5.36;0.00;CHRISTINA;359;S359;Skibbereen;;Y;EI8035;N;N;N;;;MO;;DRB, LHP, FPO, GNS;14.92;0.00;Fiber/Plastic;;1990-10-01;MFL;1980-01-01;;
IRL001I12421;;IRL;;;0.82;0.00;0.00;;5.27;0.00;ISLAND ROSE;339;S339;;;N;;N;N;N;;;MO;;DRB, OTM;7.45;0.00;Fiber/Plastic;;1990-10-01;MFL;1988-01-01;;2013-11-04
IRL001I12422;;IRL;;;1.85;0.00;0.00;;5.97;0.00;ARDRALLA LASS;267;S267;Skibbereen;;Y;EI3010;N;N;N;;;MO;;LHP, DRB, FPO, GNS;18.64;0.00;Fiber/Plastic;;1990-10-01;MFL;1983-01-01;;
IRL001I12423;;IRL;;;2.51;0.00;0.00;;6.79;0.00;GLITTER;360;S360;;;Y;EI3106;N;N;N;;;MO;;FPO, NK;13.43;0.00;Fiber/Plastic;;1990-10-01;MFL;1970-01-01;;2017-01-30
IRL001I12425;;IRL;;;1.43;0.00;0.00;;7.28;0.00;SWAN;353;G353;Galway;;Y;EI7943;N;N;N;;;MO;;FPO, GNS;18.64;0.00;Wood;;1990-10-01;MFL;1989-01-01;;
IRL001I12426;;IRL;;;3.48;0.00;0.00;;8.14;0.00;ST. BRIDGET;380;G380;United Kingdom;;Y;EI5693;N;N;N;;;MO;;DRB, FPO;10.06;0.00;Wood;;1990-10-01;MFL;1960-01-01;2013-11-25;
IRL001I12428;;IRL;;;0.78;0.00;0.00;;5.63;0.00;ST. ANNE;325;G325;United Kingdom;;N;;N;N;N;;;MO;;FPO, NK;3.73;0.00;Wood;;1990-10-01;MFL;1984-01-01;;2013-11-11
IRL001I12430;;IRL;;;1.03;0.00;0.00;;6.27;0.00;DEIRDRE;352;S352;;;Y;EIHB3;N;N;N;;;MO;;FPO, NK;11.19;0.00;Wood;;1990-10-01;MFL;1979-01-01;;2015-10-13
IRL001I12432;;IRL;;;1.20;0.00;0.00;;6.55;0.00;BALLYNAHOWN;419;G419;United Kingdom;;Y;EIAJ9;N;N;N;;;MO;;DRB, FPO;11.18;0.00;Wood;;1990-10-01;MFL;1976-01-01;;2014-11-11
IRL001I12433;;IRL;;;1.78;0.00;0.00;;6.88;0.00;CHRISTINA;420;G420;Galway;;Y;EI6211;N;N;N;;;WO;;DRB, FPO;20.14;0.00;Wood;;1990-10-01;MFL;1988-01-01;;
IRL001I12434;;IRL;;;1.51;0.00;0.00;;6.73;0.00;INISLUSCH;422;G422;United Kingdom;;N;;N;N;N;;;MO;;DRB, FPO;11.80;0.00;Wood;;1990-10-01;MFL;1990-01-01;;2005-09-27
IRL001I12435;;IRL;;;1.29;1.42;0.00;;6.93;0.00;CARRAIGH NA HAILLE;423;G423;United Kingdom;;N;;N;N;N;;;FX;;DRB, NK;14.91;0.00;Wood;;1990-10-01;4G1;1985-01-01;;2001-08-21
IRL001I12436;;IRL;;;1.90;0.00;0.00;;7.01;0.00;CARRAIG CHAITRIONA;364;G364;United Kingdom;;Y;EI3265;N;N;N;;;FX;;DRB, GND;7.46;0.00;Wood;;1990-10-01;MFL;1982-01-01;;2013-05-02
IRL001I12437;;IRL;;;0.65;0.00;0.00;;5.06;0.00;VENUS;418;G418;United Kingdom;;N;;N;N;N;;;MO;;FPO, NK;11.19;0.00;Wood;;1990-10-01;MFL;1983-01-01;;2006-08-16
IRL001I12441;;IRL;;;1.57;0.00;0.00;;5.57;0.00;CIARA VERONICA;398;T398;Finland;;Y;EI8154;N;N;N;;;MO;;GND, FPO;60.00;0.00;Fiber/Plastic;;1985-01-30;MFL;1983-01-01;;2009-03-30
IRL001I12443;;IRL;;;1.33;1.50;0.00;;6.24;0.00;ST. FRANCIS;928;SO928;;;N;;N;N;N;;;FX;;GNS, DRB;7.39;0.00;Wood;;1990-10-01;4G1;1987-01-01;;2000-09-13
IRL001I12444;;IRL;;;0.48;0.00;0.00;;6.03;0.00;AISLING SIOBHAN;355;G355;United Kingdom;;N;;N;N;N;;;MO;;DRB, NK;11.19;0.00;Wood;;1990-10-01;MFL;1984-01-01;;2006-02-08
IRL001I12445;;IRL;;;6.03;0.00;0.00;;9.84;0.00;HAPPY HOOKER;943;SO943;;;N;;N;N;N;;;WO;;DRB, FPO;41.03;0.00;Wood;;1990-10-01;MFL;1971-01-01;;2006-04-05
IRL001I12446;;IRL;;;1.18;0.00;0.00;;5.63;0.00;LADY JANE;398;G398;United Kingdom;;Y;EIKT6;N;N;N;;;WO;;FPO, DRB;11.19;0.00;Wood;;1990-10-01;MFL;1984-01-01;;2018-08-22
IRL001I12447;;IRL;;;1.92;0.00;0.00;;6.40;0.00;GEABHROG;421;G421;United Kingdom;;N;;N;N;N;;;MO;;DRB, FPO;22.38;0.00;Wood;;1990-10-01;MFL;1984-01-01;;2005-09-27
IRL001I12448;;IRL;;;0.82;0.00;0.00;;5.72;0.00;ST. MARGARET;288;G288;Galway;;Y;EI7824;N;N;N;;;MO;;FPO, NK;7.39;0.00;Wood;;1980-10-01;MFL;1980-01-01;;
IRL001I12449;;IRL;;;0.90;0.00;0.00;;5.33;0.00;GANNET;286;S286;;;N;;N;N;N;;;FX;;DRB, NK;11.19;0.00;Fiber/Plastic;;1991-10-01;MFL;1991-01-01;;2013-11-04
IRL001I12450;;IRL;;;1.78;0.00;0.00;;7.13;0.00;JOSEPHINE;412;G412;United Kingdom;;N;;N;N;N;;;MO;;DRB, FPO;9.70;0.00;Wood;;1990-10-01;MFL;1988-01-01;;2006-06-09
IRL001I12451;;IRL;;;0.71;0.00;0.00;;5.56;0.00;CARRAIG NA BFHAOILAIN;393;G393;United Kingdom;;N;;N;N;N;;;MO;;DRB, FPO;7.38;0.00;Wood;;1990-10-01;MFL;1984-01-01;;2006-03-30
IRL001I12453;;IRL;;;3.79;0.00;0.00;;7.37;0.00;DUN MANUS;356;G356;United Kingdom;;N;;N;N;N;;;FX;;DRB, NK;11.19;0.00;Wood;;1990-10-01;MFL;1960-01-01;;2006-02-07
IRL001I12454;;IRL;;;2.10;0.00;0.00;;7.53;0.00;HOLY QUEEN;425;G425;United Kingdom;;Y;EI7969;N;N;N;;;WO;;FPO, GNS;9.70;0.00;Wood;;1990-10-01;MFL;1980-01-01;2017-12-07;
IRL001I12455;;IRL;;;0.77;0.00;0.00;;5.67;0.00;MARY ESTHER;358;G358;United Kingdom;;N;;N;N;N;;;MO;;FPO, GND;7.38;0.00;Wood;;1990-10-01;MFL;1984-01-01;;2008-10-02
IRL001I12456;;IRL;;;0.74;0.00;0.00;;5.59;0.00;Q-OUR;402;G402;Galway;;Y;EI7975;N;N;N;;;MO;;DRB, FPO;11.19;0.00;Wood;;1990-10-01;MFL;1930-01-01;;
IRL001I12457;;IRL;;;3.02;0.00;0.00;;7.92;0.00;SHERKEY STAR;401;T401;Finland;;N;;N;N;N;;;WO;;DRB, GND;18.70;0.00;Wood;;1990-10-01;MFL;1982-01-01;;2005-11-29
IRL001I12458;;IRL;;;1.33;0.00;0.00;;6.95;0.00;BLACKBIRD;409;G409;Galway;;Y;EI7807;N;N;N;;;MO;;DRB, FPO;11.19;0.00;Wood;;1990-10-01;MFL;1986-01-01;;
IRL001I12459;;IRL;;;0.69;0.00;0.00;;5.49;0.00;MYLEEN;360;G360;United Kingdom;;N;;N;N;N;;;MO;;GND, DRB;6.72;0.00;Wood;;1990-10-01;MFL;1972-01-01;;2006-10-17
IRL001I12460;;IRL;;;1.72;0.00;0.00;;7.16;0.00;AN NAOMH PARAIC;273;G273;United Kingdom;;Y;EI8044;N;N;N;;;MO;;DRB, FPO;11.56;0.00;Wood;;1990-10-01;MFL;1959-01-01;;2014-01-17
IRL001I12461;;IRL;;;0.86;0.00;0.00;;5.73;0.00;TAINE MARIE;417;G417;United Kingdom;;N;;N;N;N;;;MO;;DRB, FPO;7.46;0.00;Wood;;1990-10-01;MFL;1980-01-01;;2006-06-01
IRL001I12464;;IRL;;;1.00;0.00;0.00;;6.09;0.00;NIAMH CAILIN;367;G367;Galway;;Y;EI8519;N;N;N;;;MO;;FPO, GNS, DRB, GND;7.38;0.00;Wood;;1988-01-30;MFL;1988-01-01;;2021-10-08
IRL001I12468;;IRL;;;12.37;10.63;0.00;;11.43;0.00;LOUGH KEEL;941;SO941;;;N;;N;N;N;;;MO;;GTR, NK;63.41;0.00;Wood;;1982-11-24;4G1;1981-01-01;;2000-08-08
IRL001I12469;;IRL;;;1.08;0.00;0.00;;5.71;0.00;GIRL EILEEN;163;WD163;;;Y;EI8970;N;N;N;;;MO;;GND, GNS;3.75;0.00;Wood;;1984-01-30;MFL;1984-01-01;;2014-05-01
IRL001I12470;;IRL;;;3.45;0.00;0.00;;8.01;0.00;LOCH IASC;181;WT181;;;Y;EI8080;N;N;N;;;MO;;DRB, OTM;10.07;0.00;Wood;;1966-01-30;MFL;1965-01-01;;2006-07-19
IRL001I12471;;IRL;;;1.01;0.00;0.00;;5.79;0.00;MORNING DEW;337;G337;United Kingdom;;N;;N;N;N;;;MO;;DRB, NK;3.73;0.00;Wood;;1985-01-30;MFL;1985-01-01;;2013-07-03
IRL001I12472;;IRL;;;1.89;0.00;0.00;;6.03;0.00;SEA BIRD;257;S257;;;N;;N;N;N;;;MO;;GND, FPO;18.65;0.00;Fiber/Plastic;;1985-01-30;MFL;1985-01-01;;2005-07-07
IRL001I12473;;IRL;;;1.57;0.00;0.00;;5.70;0.00;LITTLE FLOWER;294;S294;Skibbereen;;N;;N;N;N;;;MO;;DRB, FPO;7.45;0.00;Fiber/Plastic;;1978-01-30;MFL;1978-01-01;;
IRL001I12474;;IRL;;;1.05;0.00;0.00;;5.94;0.00;LAN MARA;361;S361;;;N;;N;N;N;;;MO;;GND, NK;7.38;0.00;Fiber/Plastic;;1988-01-30;MFL;1983-01-01;;2005-06-09
IRL001I12475;;IRL;;;1.03;0.00;0.00;;6.21;0.00;ELMA BRIDGET;351;S351;;;Y;EI5533;N;N;N;;;MO;;GNS, FPO;11.18;0.00;Wood;;1980-01-30;MFL;1979-01-01;;2017-08-14
IRL001I12476;;IRL;;;0.90;1.09;0.00;;4.99;0.00;TWO BOYS;323;S323;;;N;;N;N;N;;;MO;;DRB, NK;11.18;0.00;Fiber/Plastic;;1979-01-30;4G1;1978-01-01;;2002-12-04
IRL001I12477;;IRL;;;3.74;0.00;0.00;;7.62;0.00;THE RAMBLER;399;T399;Finland;;Y;EI2880;N;N;N;;;MO;;GNS, FPO;26.84;0.00;Fiber/Plastic;;1980-01-30;MFL;1975-01-01;;2019-05-14
IRL001I12478;;IRL;;;1.67;1.83;0.00;;6.70;0.00;COCKLESHELL;318;S318;;;N;;N;N;N;;;MO;;GNS, NK;61.15;0.00;Fiber/Plastic;;1979-12-31;4G1;1977-01-01;;2002-12-10
IRL001I12479;;IRL;;;0.86;0.00;0.00;;5.12;0.00;SWAN;327;S327;Skibbereen;;Y;EIPM7;N;N;N;;;MO;;OTM, GND;7.38;0.00;Fiber/Plastic;;1984-01-30;MFL;1983-01-01;;
IRL001I12480;;IRL;;;0.93;0.00;0.00;;5.82;0.00;ST. PATRICK;404;G404;United Kingdom;;N;;N;N;N;;;MO;;DRB, FPO;14.92;0.00;Wood;;1978-01-30;MFL;1977-01-01;;2014-01-22
IRL001I12484;;IRL;;;0.71;0.00;0.00;;4.72;0.00;ANN S;307;S307;;;N;;N;N;N;;;MO;;DRB, FPO;7.45;0.00;Fiber/Plastic;;1978-01-30;MFL;1978-01-01;;2010-07-27
IRL001I12488;;IRL;;;0.75;0.00;0.00;;5.73;0.00;CARRAIGH EAMONN;392;G392;United Kingdom;;N;;N;N;N;;;WO;;DRB, GND;11.19;0.00;Wood;;1990-10-01;MFL;1962-01-01;;2010-11-01
IRL001I12489;;IRL;;;0.96;1.12;0.00;;5.73;0.00;DUILICIN;426;G426;United Kingdom;;N;;N;N;N;;;FX;;DRB, NK;11.19;0.00;Wood;;1990-10-01;4G1;1984-01-01;;2001-04-19
IRL001I12490;;IRL;;;1.07;0.00;0.00;;6.17;0.00;ST. JOHN;388;G388;Galway;;Y;EI3175;N;N;N;;;MO;;GND, NK;11.19;0.00;Wood;;2000-08-18;MFL;1982-01-01;;
IRL001I12491;;IRL;;;2.20;0.00;0.00;;7.10;0.00;NAOMH ANNA;401;G401;Galway;;Y;EI8280;N;N;N;;;MO;;FPO, NK;11.19;0.00;Wood;;1990-10-01;MFL;1976-01-01;;
IRL001I12493;;IRL;;;0.88;0.00;0.00;;5.94;0.00;CUIGEAL BAY;394;G394;United Kingdom;;Y;EI6165;N;N;N;;;FX;;FPO, NK;11.19;0.00;Wood;;1990-10-01;MFL;1985-01-01;;2018-03-28
IRL001I12494;;IRL;;;0.77;0.00;0.00;;5.79;0.00;PRIDE OF INISHNEE;344;G344;United Kingdom;;N;;N;N;N;;;MO;;FPO, NK;7.38;0.00;Wood;;2000-08-18;MFL;1980-01-01;;2005-11-01
IRL001I12496;;IRL;;;0.71;0.00;0.00;;6.27;0.00;ST. PAUL;428;G428;United Kingdom;;N;;N;N;N;;;FX;;FPO, NK;5.07;0.00;Wood;;1990-10-01;MFL;1962-01-01;;2006-03-08
IRL001I12498;;IRL;;;1.70;0.00;0.00;;7.10;0.00;ANNA MARIE;391;G391;United Kingdom;;N;;N;N;N;;;FX;;FPO, GTR;11.18;0.00;Wood;;1990-10-01;MFL;1975-01-01;;2005-09-16
IRL001I12500;;IRL;;;0.81;0.00;0.00;;5.46;0.00;ST. MARTIN;350;G350;United Kingdom;;N;;N;N;N;;;WO;;FPO, NK;5.97;0.00;Wood;;1990-10-01;MFL;1960-01-01;;2006-02-01
IRL001I12501;;IRL;;;1.07;0.00;0.00;;6.63;0.00;ROISIN;429;G429;Galway;;Y;EI7819;N;N;N;;;MO;;FPO, DRB;11.18;0.00;Wood;;1990-10-01;MFL;1985-01-01;;
IRL001I12502;;IRL;;;1.39;0.00;0.00;;5.70;0.00;ELAINE;409;T409;Tralee;;Y;EINW7;N;N;N;;;MO;;FPO, GND, LHP, GNS;6.70;0.00;Fiber/Plastic;;1990-10-01;MFL;1987-01-01;;2019-01-22
IRL001I12503;;IRL;;;0.85;0.00;0.00;;4.87;0.00;VIKING 1;363;G363;United Kingdom;;Y;EI7956;N;N;N;;;MO;;FPO, DRB;3.73;0.00;Fiber/Plastic;;1990-10-01;MFL;1980-01-01;;2017-09-14
IRL001I12504;;IRL;;;6.54;0.00;0.00;;9.45;0.00;THE CLADAGH LASS;5;G5;United Kingdom;;Y;EI7825;N;N;N;;;MO;;DRB, FPO;53.71;0.00;Wood;;1990-10-01;MFL;1969-01-01;;2009-09-29
IRL001I12505;;IRL;;;0.74;0.00;0.00;;5.56;0.00;NORA;424;G424;United Kingdom;;N;;N;N;N;;;WO;;FPO, NK;5.97;0.00;Wood;;1990-10-01;MFL;1965-01-01;;2005-04-19
IRL001I12506;;IRL;;;4.09;0.00;0.00;;7.92;0.00;LAIDHRAN TRA;352;G352;Galway;;Y;EI3163;N;N;N;;;WO;;LHP, FPO, GNS;22.37;0.00;Fiber/Plastic;;1990-10-01;MFL;1987-01-01;;2021-04-26
IRL001I12508;;IRL;;;1.05;0.00;0.00;;7.01;0.00;LAURA MARIE;232;T232;Finland;;N;;N;N;N;;;MO;;FPO, NK;11.19;0.00;Fiber/Plastic;;1990-10-01;MFL;1987-01-01;;2005-10-03
IRL001I12511;;IRL;;;2.84;0.00;0.00;;7.57;0.00;CAILIN BAN;375;G375;United Kingdom;;Y;EI3060;N;N;N;;;MO;;GNS, FPO;44.74;0.00;Fiber/Plastic;;1982-01-30;MFL;1980-01-01;;2009-07-22
IRL001I12513;;IRL;;;0.85;0.00;0.00;;5.73;0.00;NICOLA;178;WD178;;;N;;N;N;N;;;MO;;FPO, GND;3.75;0.00;Wood;;1986-01-30;MFL;1986-01-01;;2004-09-27
IRL001I12517;;IRL;;;4.34;0.00;0.00;;7.92;0.00;EVENING STAR;416;T416;Finland;;Y;EI2753;N;N;N;;;MO;;GND, DRB, GNS, FPO, LHP;33.00;0.00;Wood;;1982-07-01;MFL;1982-01-01;;2020-09-07
IRL001I12518;;IRL;;;1.02;0.00;0.00;;6.09;0.00;WAVE DANCER;414;T414;Tralee;;Y;EI8309;N;N;N;;;MO;;GND, LHP, FPO, DRB;11.20;0.00;Fiber/Plastic;;1989-01-30;MFL;1984-01-01;;
IRL001I12519;;IRL;;;2.15;0.00;0.00;;6.40;0.00;SEA MIST;184;WD184;;;Y;EI5258;N;N;N;;;MO;;LHP, NK;31.33;0.00;Fiber/Plastic;;1970-06-01;MFL;1970-01-01;;2013-03-08
IRL001I12520;;IRL;;;0.78;0.00;0.00;;5.48;0.00;DROUM;407;T407;Finland;;N;;N;N;N;;;MO;;DRB, NK;6.00;0.00;Wood;;1988-09-01;MFL;1988-01-01;;2013-04-04
IRL001I12525;;IRL;;;3.45;0.00;0.00;;7.13;0.00;ISLAND LASS;315;S315;;;N;;N;N;N;;;MO;;FPO, GND;14.54;0.00;Wood;;1973-06-06;MFL;1973-01-01;;2006-05-10
IRL001I12529;;IRL;;;0.99;0.00;0.00;;5.85;0.00;MARA;400;G400;United Kingdom;;N;;N;N;N;;;MO;;DRB, GND;37.31;0.00;Fiber/Plastic;;1982-01-30;MFL;1982-01-01;;2017-01-24
IRL001I12532;;IRL;;;0.80;0.00;0.00;;5.20;0.00;CASTLE LASS;183;WT183;;;Y;EIAX6;N;N;N;;;MO;;DRB, FPO;7.38;0.00;Fiber/Plastic;;1988-01-30;MFL;1988-01-01;;2008-10-30
IRL001I12535;;IRL;;;2.20;0.00;0.00;;6.55;0.00;LETTERMULLEN LADY;399;G399;United Kingdom;;N;;N;N;N;;;MO;;FPO, NK;23.50;0.00;Wood;;1990-10-01;MFL;1960-01-01;;2005-04-19
IRL001I12536;;IRL;;;0.74;0.00;0.00;;6.40;0.00;AN BLASCAOD;419;T419;Finland;;Y;EI2846;N;N;N;;;MO;;FPO, LHP;2.61;0.00;Wood;;1990-10-01;MFL;1982-01-01;;2015-02-17
IRL001I12537;;IRL;;;0.95;0.00;0.00;;7.19;0.00;NAOMH PADRAIG;375;T375;Finland;;N;;N;N;N;;;MO;;FPO, GND;15.00;0.00;Wood;;1975-01-30;MFL;1974-01-01;;2005-10-14
IRL001I12539;;IRL;;;0.78;0.00;0.00;;5.55;0.00;SAINT JOSEPH;300;G300;United Kingdom;;N;;N;N;N;;;MO;;DRB, NK;11.19;0.00;Wood;;1990-10-01;MFL;1945-01-01;;2013-12-02
IRL001I12541;;IRL;;;0.72;0.00;0.00;;5.46;0.00;ARD BAY;277;G277;United Kingdom;;Y;EIAK4;N;N;N;;;WO;;FPO, NK;5.97;0.00;Wood;;1990-10-01;MFL;1989-01-01;;2016-01-20
IRL001I12544;;IRL;;;1.22;0.00;0.00;;6.40;0.00;NAOMH TOMAS;298;G298;United Kingdom;;N;;N;N;N;;;MO;;GND, FPO;18.64;0.00;Fiber/Plastic;;1989-01-30;MFL;1987-01-01;;2005-04-22
IRL001I12545;;IRL;;;7.45;7.84;0.00;;10.36;0.00;MOUNT CARMEL;79;D79;;;N;;N;N;N;;;MO;;GTR, NK;89.00;0.00;Wood;;1980-11-13;4G1;1979-01-01;;2002-12-04
IRL001I12546;;IRL;;;0.68;0.00;0.00;;4.72;0.00;TOIN A MHASA;407;G407;United Kingdom;;N;;N;N;N;;;MO;;FPO, NK;7.39;0.00;Wood;;1990-10-01;MFL;1983-01-01;;2005-04-19
IRL001I12550;;IRL;;;2.97;0.00;0.00;;6.71;0.00;GRANAHAN;148;WT148;;;N;;N;N;N;;;MO;;DRB, GND;63.41;0.00;Fiber/Plastic;;2000-12-04;MFL;1981-01-01;;2009-09-08
IRL001I12551;;IRL;;;1.39;0.00;0.00;;5.58;0.00;SAINT PATRICK;367;S367;;;N;;N;N;N;;;MO;;GND, NK;8.90;0.00;Fiber/Plastic;;1976-12-30;MFL;1976-01-01;;2006-08-16
IRL001I12553;;IRL;;;3.57;0.00;0.00;;7.25;0.00;JULIE MARIE;370;S370;;;Y;EI7963;N;N;N;;;MO;;GND, FPO;33.56;0.00;Fiber/Plastic;;1987-01-30;MFL;1986-01-01;;2016-09-28
IRL001I12554;;IRL;;;1.11;0.00;0.00;;5.79;0.00;KATHLEEN;180;WT180;;;N;;N;N;N;;;MO;;GNS, NK;26.11;0.00;Fiber/Plastic;;1986-01-30;MFL;1986-01-01;;2003-01-30
IRL001I12555;;IRL;;;2.78;0.00;0.00;;8.02;0.00;PATRICA;28;WT28;;;N;;N;N;N;;;MO;;DRB, NK;9.70;0.00;Wood;;1972-01-30;MFL;1970-01-01;;2013-09-16
IRL001I12556;;IRL;;;3.30;0.00;0.00;;8.23;0.00;GABRIEL;193;WD193;;;N;;N;N;N;;;MO;;GTR, NK;28.30;0.00;Wood;;1970-01-30;MFL;1970-01-01;;2004-08-26
IRL001I12557;;IRL;;;2.21;0.00;0.00;;7.92;0.00;LOUGH BELTRA;184;WT184;;;N;;N;N;N;;;MO;;GND, NK;10.06;0.00;Wood;;1960-01-30;MFL;1960-01-01;2013-05-30;
IRL001I12558;;IRL;;;0.89;1.05;0.00;;5.30;0.00;ROVING STAR;357;S357;;;N;;N;N;N;;;MO;;GNS, NK;11.18;0.00;Fiber/Plastic;;1982-01-30;4G1;1982-01-01;;2001-03-27
IRL001I12559;;IRL;;;2.21;0.00;0.00;;6.91;0.00;PULLEEN;365;S365;Skibbereen;;Y;EI2842;N;N;N;;;MO;;PS, OTB, DRB, FPO, GNS, LHP;16.40;0.00;Fiber/Plastic;;1980-12-30;MFL;1980-01-01;;
IRL001I12560;;IRL;;;1.01;1.18;0.00;;5.57;0.00;ST. FINTAN;673;D673;;;N;;N;N;N;;;MO;;GNS, NK;14.92;0.00;Fiber/Plastic;;1990-10-01;4G1;1983-01-01;;2001-01-10
IRL001I12561;;IRL;;;0.83;0.00;0.00;;5.70;0.00;CARRAIC NA BPORTAN;293;G293;United Kingdom;;N;;N;N;N;;;MO;;DRB, FPO;2.98;0.00;Wood;;1984-01-30;MFL;1984-01-01;;2005-06-20
IRL001I12569;;IRL;;;0.97;0.00;0.00;;5.39;0.00;JRB;355;S355;;;N;;N;N;N;;;MO;;GNS, NK;7.45;0.00;Fiber/Plastic;;1984-12-30;MFL;1980-01-01;2003-03-07;
IRL001I12570;;IRL;;;44.95;0.00;0.00;;18.28;0.00;ROSSLYN;0;G0;United Kingdom;;N;;N;Y;Y;;;MO;;PS, NK;276.06;0.00;Wood;;1987-02-14;4G1;1986-01-01;;2001-07-23
IRL001I12571;;IRL;;;1.47;0.00;0.00;;5.79;0.00;ST. CATHERINE;439;G439;United Kingdom;;N;;N;N;N;;;MO;;GND, NK;11.19;0.00;Wood;;1995-02-11;MFL;1964-01-01;;2006-01-18
IRL001I12574;;IRL;;;6.69;0.00;0.00;;9.95;0.00;LAURA RACHEL;957;SO957;;;Y;EI6100;N;N;N;;;MO;;HMD, NK;59.00;0.00;Wood;;1974-01-01;MFL;1972-01-01;2016-03-31;
IRL001I12575;;IRL;;;2.44;0.00;0.00;;7.07;0.00;ST. MICHAEL;436;G436;United Kingdom;;N;;N;N;N;;;MO;;DRB, NK;14.18;0.00;Wood;;1954-01-01;MFL;1954-01-01;;2005-11-22
IRL001I12577;;IRL;;;3.23;0.00;0.00;;6.76;0.00;PATRICK;378;S378;;;N;;N;N;N;;;MO;;DRB, NK;17.15;0.00;Fiber/Plastic;;1984-01-01;MFL;1984-01-01;;2003-01-22
IRL001I12578;;IRL;;;0.62;0.00;0.00;;6.40;0.00;NAOMH GOBNAIT;435;T435;Finland;;Y;EI4148;N;N;N;;;MO;;FPO, LHP;0.00;0.00;Wood;;1995-01-01;MFL;1975-01-01;;2015-02-02
IRL001I12580;;IRL;;;3.91;0.00;0.00;;7.31;0.00;CU NA MARA;411;T411;Finland;;N;;N;N;N;;;MO;;GND, FPO;104.40;0.00;Fiber/Plastic;;1986-01-01;MFL;1976-01-01;;2005-11-15
IRL001I12581;;IRL;;;0.60;0.00;0.00;;4.38;0.00;THE EMMET;358;S358;;;N;;N;N;N;;;MO;;FPO, NK;3.73;0.00;Fiber/Plastic;;1981-04-20;MFL;1981-01-01;;2014-02-06
IRL001I12586;;IRL;;;5.48;0.00;0.00;;9.29;0.00;SEA QUEST;675;D675;;;N;;N;N;N;;;MO;;FPO, NK;54.00;0.00;Fiber/Plastic;;1988-11-07;MFL;1988-01-01;;2005-07-05
IRL001I12593;;IRL;;;1.29;1.40;0.00;;7.28;0.00;HELEN ROSE;188;WT188;;;N;;N;N;N;;;MO;;DRB, NK;18.65;0.00;Wood;;1988-05-06;4G1;1988-01-01;;2002-12-09
IRL001I12597;;IRL;;;0.68;0.00;0.00;;5.64;0.00;ST. FRANCIS;435;G435;United Kingdom;;Y;EI8911;N;N;N;;;MO;;DRB, NK;5.97;0.00;Wood;;1986-01-30;MFL;1986-01-01;;2016-03-07
IRL001I12598;;IRL;;;0.61;0.00;0.00;;4.81;0.00;EVENTIDE;393;S393;;;N;;N;N;N;;;MO;;DRB, LNB;7.38;0.00;Fiber/Plastic;;1981-01-01;MFL;1981-01-01;;2006-06-28
IRL001I12600;;IRL;;;1.44;0.00;0.00;;5.85;0.00;DIANA;332;S332;;;Y;EI8296;N;N;N;;;MO;;FPO, GND;14.92;0.00;Fiber/Plastic;;1982-01-01;MFL;1982-01-01;;2013-08-09
IRL001I12601;;IRL;;;0.76;0.00;0.00;;5.61;0.00;ST. MARTIN;301;G301;United Kingdom;;N;;N;N;N;;;MO;;DRB, NK;11.19;0.00;Wood;;1990-10-01;MFL;1971-01-01;;2006-08-01
IRL001I12602;;IRL;;;3.57;0.00;0.00;;7.66;0.00;ISLAND GIRL;392;S392;;;N;;N;N;N;;;MO;;GNS, NK;140.00;0.00;Wood;;1987-11-19;MFL;1987-01-01;;2003-03-18
IRL001I12603;;IRL;;;0.91;0.00;0.00;;5.00;0.00;VERONICA JUNE;255;S255;Skibbereen;;Y;EI5276;N;N;N;;;MO;;DRB, FPO, GND;7.38;0.00;Fiber/Plastic;;1980-01-01;MFL;1978-01-01;;
IRL001I12604;;IRL;;;2.07;3.36;0.00;;7.13;0.00;FAIR CHANCE;280;S280;;;N;;N;N;N;;;MO;;DRB, NK;38.80;0.00;Fiber/Plastic;;1982-06-09;4G1;1980-01-01;;2001-01-14
IRL001I12605;;IRL;;;1.01;0.00;0.00;;5.70;0.00;CATHERINE MARY;368;S368;;;Y;EIJI5;N;N;N;;;MO;;FPO, GNS;7.38;0.00;Wood;;1980-01-01;MFL;1979-01-01;;2016-04-29
IRL001I12606;;IRL;;;2.07;0.00;0.00;;7.96;0.00;AINE MAIREAD;314;S314;;;N;;N;N;N;;;MO;;GND, FPO;33.55;0.00;Wood;;1979-06-30;MFL;1979-01-01;;2005-06-20
IRL001I12607;;IRL;;;4.55;0.00;0.00;;8.38;0.00;LORRAINE MARTINE;26;DK26;;;N;;N;N;N;;;MO;;DRB, GND;58.00;0.00;Wood;;1981-08-05;MFL;1981-01-01;;2006-09-29
IRL001I12615;;IRL;;;3.61;0.00;0.00;;7.22;0.00;GRACE ELLEN;256;S256;Skibbereen;;Y;EI5264;N;N;N;;;MO;;DRB, GND;37.28;0.00;Fiber/Plastic;;1978-01-01;MFL;1977-01-01;;
IRL001I12616;;IRL;;;2.48;0.00;0.00;;8.32;0.00;BLUE HAVEN;387;S387;;;N;;N;N;N;;;MO;;GND, FPO;59.65;0.00;Wood;;1981-01-01;MFL;1965-01-01;;2013-05-02
IRL001I12617;;IRL;;;2.72;0.00;0.00;;6.61;0.00;ESCAPE;350;S350;;;Y;EI6038;N;N;N;;;MO;;DRB, GND;26.00;0.00;Fiber/Plastic;;1982-01-01;MFL;1978-01-01;;2009-09-29
IRL001I12618;;IRL;;;4.36;0.00;0.00;;9.75;0.00;CLODAGH;168;WD168;;;N;;N;N;N;;;MO;;GND, NK;31.30;0.00;Wood;;1969-01-01;MFL;1968-01-01;;2005-05-27
IRL001I12619;;IRL;;;1.06;0.00;0.00;;5.09;0.00;MANHATTAN;364;S364;Skibbereen;;Y;EIIH4;N;N;N;;;MO;;DRB, GND;7.46;0.00;Fiber/Plastic;;1983-01-01;MFL;1982-01-01;;
IRL001I12620;;IRL;;;0.78;0.00;0.00;;5.79;0.00;COILL SAILE;457;G457;Galway;;Y;EI4843;N;N;N;;;MO;;FPO, DRB, LHP;7.46;0.00;Wood;;1985-01-01;MFL;1982-01-01;;2021-04-22
IRL001I12621;;IRL;;;2.16;0.00;0.00;;6.10;0.00;JOHN PATRICK;394;T394;Finland;;N;;N;N;N;;;MO;;DRB, GND;18.70;0.00;Fiber/Plastic;;1984-03-01;MFL;1983-01-01;;2004-10-15
IRL001I12622;;IRL;;;5.06;0.00;0.00;;7.34;0.00;LARK;72;T72;Finland;;Y;EI8237;N;N;N;;;WO;;DRB, GNS;10.06;0.00;Wood;;1986-06-30;MFL;1983-01-01;;2012-10-03
IRL001I12623;;IRL;;;0.81;0.00;0.00;;4.26;0.00;TIMOKYND;390;T390;Finland;;N;;N;N;N;;;MO;;DRB, GND;5.60;0.00;Fiber/Plastic;;1979-08-01;MFL;1979-01-01;;2019-02-28
IRL001I12624;;IRL;;;0.70;0.00;0.00;;4.91;0.00;PATRICIA MARIE;386;S386;;;Y;EIOH6;N;N;N;;;MO;;FPO, GNS, DRB, GND, LHP;4.47;0.00;Wood;;1980-09-05;MFL;1980-01-01;;2020-05-01
IRL001I12625;;IRL;;;14.51;0.00;0.00;;11.43;0.00;AN CAPALL;460;G460;United Kingdom;;N;;N;N;N;;;MO;;GTR, NK;22.38;0.00;Wood;;1985-06-01;MFL;1870-01-01;;2007-03-01
IRL001I12626;;IRL;;;0.53;0.00;0.00;;5.18;0.00;ST. CHRISTOPHER;189;WT189;;;N;;N;N;N;;;MO;;GND, NK;3.73;0.00;Wood;;1980-06-30;MFL;1980-01-01;;2006-08-15
IRL001I12627;;IRL;;;0.86;0.00;0.00;;4.88;0.00;SLIABH MISH;434;T434;Tralee;;Y;EI8949;N;N;N;;;MO;;DRB, GND;7.50;0.00;Fiber/Plastic;;1983-12-01;MFL;1983-01-01;;
IRL001I12628;;IRL;;;2.55;0.00;0.00;;6.40;0.00;OCEAN LADY;451;G451;United Kingdom;;N;;N;N;N;;;MO;;GND, NK;13.42;0.00;Fiber/Plastic;;1983-06-01;MFL;1983-01-01;;2013-10-17
IRL001I12629;;IRL;;;0.79;0.00;0.00;;5.03;0.00;AN GLIOMACH;253;S253;;;Y;EI7950;N;N;N;;;MO;;FPO, GNS;17.15;0.00;Fiber/Plastic;;1980-06-01;MFL;1980-01-01;;2017-06-12
IRL001I12630;;IRL;;;1.08;0.00;0.00;;5.03;0.00;ST. BRIDGID;277;S277;Skibbereen;;N;;N;N;N;;;MO;;GND, NK;7.39;0.00;Fiber/Plastic;;1977-06-01;MFL;1977-01-01;;
IRL001I12632;;IRL;;;0.95;0.00;0.00;;5.27;0.00;LOCH ISLAND;388;S388;;;Y;EIPH6;N;N;N;;;MO;;GND, FPO;15.00;0.00;Fiber/Plastic;;1978-06-06;MFL;1978-01-01;;2001-11-01
IRL001I12633;;IRL;;;3.36;0.00;0.00;;7.01;0.00;ELLEN TRISH;189;W189;;;Y;EI7820;N;N;N;;;PO;;DRB, GNS;32.80;0.00;Fiber/Plastic;;1983-01-01;MFL;1983-01-01;;2017-03-15
IRL001I12640;;IRL;;;0.91;0.00;0.00;;5.33;0.00;AN RON;389;S389;;;Y;EIAR3;N;N;N;;;MO;;FPO, LHP;9.69;0.00;Fiber/Plastic;;1983-01-01;MFL;1976-01-01;;2018-03-22
IRL001I12641;;IRL;;;1.11;0.00;0.00;;6.15;0.00;TRADE WINDS;380;S380;;;N;;N;N;N;;;MO;;DRB, NK;4.47;0.00;Wood;;1980-06-01;MFL;1980-01-01;;2003-01-22
IRL001I12642;;IRL;;;1.08;0.00;0.00;;5.09;0.00;CRABBER;363;S363;Skibbereen;;Y;EI2657;N;N;N;;;MO;;FPO, GND, DRB;7.48;0.00;Fiber/Plastic;;1983-06-01;MFL;1983-01-01;;2023-04-24
IRL001I12643;;IRL;;;1.70;0.00;0.00;;6.46;0.00;FERKEEL FISHER;333;S333;Skibbereen;;Y;EI7809;N;N;N;;;MO;;DRB, GNS;22.37;0.00;Fiber/Plastic;;1980-06-01;MFL;1980-01-01;;
IRL001I12644;;IRL;;;1.55;0.00;0.00;;7.16;0.00;BLACK SWAN;394;S394;;;N;;N;N;N;;;MO;;GND, NK;11.18;0.00;Wood;;1984-01-01;MFL;1977-01-01;;2006-06-01
IRL001I12645;;IRL;;;0.93;0.00;0.00;;5.24;0.00;MJH;325;S325;Skibbereen;;Y;EI5263;N;N;N;;;MO;;FPO, DRB;11.18;0.00;Fiber/Plastic;;1987-01-01;MFL;1986-01-01;;
IRL001I12646;;IRL;;;0.45;0.00;0.00;;4.42;0.00;MARY;436;T436;Finland;;Y;EI3800;N;N;N;;;MO;;GND, NK;11.19;0.00;Fiber/Plastic;;1980-06-01;MFL;1980-01-01;;2011-02-15
IRL001I12647;;IRL;;;1.09;0.00;0.00;;5.36;0.00;LOUISE ANN;254;S254;Skibbereen;;Y;EI5294;N;N;N;;;MO;;DRB, GNS;7.38;0.00;Fiber/Plastic;;1985-06-01;MFL;1985-01-01;;
IRL001I12648;;IRL;;;5.01;0.00;0.00;;8.23;0.00;LOUGHBEG;310;S310;Skibbereen;;Y;EI8242;N;N;N;;;MO;;FPO, DRB;22.37;0.00;Wood;;1979-01-01;MFL;1977-01-01;;
IRL001I12649;;IRL;;;4.41;0.00;0.00;;9.29;0.00;FIONNTRA;472;D472;;;N;;N;N;N;;;MO;;GTR, NK;59.69;0.00;Wood;;1969-06-01;MFL;1969-01-01;;2004-08-26
IRL001I12650;;IRL;;;2.60;0.00;0.00;;7.07;0.00;BARBARA KEVIN II;311;S311;Skibbereen;;Y;EI8454;N;N;N;;;MO;;DRB, NK;29.10;0.00;Fiber/Plastic;;1983-08-01;MFL;1980-01-01;;
IRL001I12651;;IRL;;;1.36;0.00;0.00;;5.15;0.00;SEA MIST;373;D373;;;N;;N;N;N;;;MO;;GND, FPO;14.92;0.00;Wood;;1984-06-01;MFL;1984-01-01;;2013-11-04
IRL001I12652;;IRL;;;0.70;0.00;0.00;;5.24;0.00;BRIDGET ANNE;377;S377;;;N;;N;N;N;;;MO;;FPO, NK;2.23;0.00;Wood;;1975-06-01;MFL;1975-01-01;;2006-06-21
IRL001I12653;;IRL;;;0.84;0.97;0.00;;6.24;0.00;LOUISA MARIE;319;C319;;;N;;N;N;N;;;MO;;GNS, NK;11.19;0.00;Wood;;1980-06-01;4G1;1980-01-01;2002-12-04;
IRL001I12654;;IRL;;;2.89;0.00;0.00;;6.64;0.00;PRIDE OF PULLEEN;321;S321;Skibbereen;;Y;EI6269;N;N;N;;;MO;;DRB, NK;20.13;0.00;Fiber/Plastic;;1980-06-01;MFL;1979-01-01;;
IRL001I12655;;IRL;;;0.90;0.00;0.00;;5.24;0.00;JACKRYAN;320;C320;Cork;;Y;EIA3044;N;N;N;;;MO;;FPO, LHP, GNS;7.38;0.00;Fiber/Plastic;;1989-02-01;MFL;1989-01-01;;
IRL001I12656;;IRL;;;0.97;0.00;0.00;;5.97;0.00;ST. JUDE;389;G389;United Kingdom;;N;;N;N;N;;;MO;;DRB, NK;5.96;0.00;Wood;;1980-01-01;MFL;1979-01-01;;2006-06-28
IRL001I12657;;IRL;;;3.89;0.00;0.00;;8.83;0.00;BEAL CHARAGH;326;G326;United Kingdom;;N;;N;N;N;;;MO;;DRB, NK;29.84;0.00;Wood;;1945-06-01;MFL;1945-01-01;;2003-06-18
IRL001I12658;;IRL;;;0.84;0.00;0.00;;5.79;0.00;ST. PETER;382;G382;United Kingdom;;N;;N;N;N;;;MO;;FPO, GND;11.19;0.00;Wood;;2001-05-03;MFL;1987-01-01;;2006-02-14
IRL001I12659;;IRL;;;0.93;0.00;0.00;;4.87;0.00;RODNEY S;281;S281;;;N;;N;N;N;;;MO;;DRB, NK;11.19;0.00;Fiber/Plastic;;1981-06-10;MFL;1980-01-01;;2004-08-30
IRL001I12660;;IRL;;;2.07;0.00;0.00;;7.10;0.00;BREDA LORRAINE;391;S391;;;N;;N;N;N;;;MO;;DRB, NK;32.81;0.00;Fiber/Plastic;;1980-01-01;MFL;1973-01-01;;2003-12-22
IRL001I13046;;IRL;;;0.78;0.00;0.00;;5.20;0.00;NOREEN BAWN;342P;C342P;;;Y;EI7383;N;N;N;;;WO;;FPO, NK;11.19;0.00;Fiber/Plastic;;1990-10-01;MFL;1987-01-01;;2010-01-07
IRL001I13047;;IRL;;;1.40;0.00;0.00;;6.04;0.00;SEA STAR;343P;C343P;Cork;;Y;EI5169;N;N;N;;;MO;;FPO, NK;11.20;0.00;Fiber/Plastic;;1990-10-01;MFL;1988-01-01;;2024-04-17
IRL001I13054;;IRL;;;1.27;0.00;0.00;;5.80;0.00;MARY BRIGID;425P;S425P;Skibbereen;;Y;EI2862;N;N;N;;;WO;;FPO, NK;18.68;18.65;Fiber/Plastic;;2002-01-01;MFL;2002-01-01;;
IRL001I13056;;IRL;;;1.31;0.00;0.00;;5.80;0.00;SERENA MARIE;511P;G511P;United Kingdom;;Y;EI3085;N;N;N;;;WO;;FPO, NK;37.35;0.00;Fiber/Plastic;;2001-01-01;MFL;2001-01-01;;2017-08-08
IRL001I13063;;IRL;;;13.71;0.00;0.00;;9.96;0.00;OUR SARA;984P;SO984P;Sligo;;Y;EI7070;N;N;N;;;WO;;FPO, NK;82.00;0.00;Metal;;1990-10-01;MFL;1988-01-01;;
IRL001I13064;;IRL;;;0.90;0.00;0.00;;5.18;0.00;MERLOT;477P;T477P;Tralee;;Y;EI3533;N;N;N;;;WO;;FPO, NK;18.60;0.00;Fiber/Plastic;;1993-01-01;MFL;1993-01-01;;
IRL001I13066;;IRL;;;11.11;0.00;0.00;;10.52;0.00;DUALLA;346P;C346P;Cork;;Y;EI2780;N;N;N;;;WO;;FPO, NK;89.00;0.00;Fiber/Plastic;;1980-01-01;MFL;1980-01-01;;
IRL001I13067;;IRL;;;3.78;0.00;0.00;;7.98;0.00;NICO;3P;SO3P;;;Y;EI3268;N;N;N;;;WO;;FPO, NK;179.04;0.00;Fiber/Plastic;;2002-12-30;MFL;2002-01-01;;2018-02-08
IRL001I13069;;IRL;;;3.82;0.00;0.00;;9.57;0.00;MERDINA;73P;T73P;Tralee;;Y;EI2821;N;N;N;;;WO;;FPO, NK;150.00;0.00;Fiber/Plastic;;2002-12-30;MFL;1999-01-01;;
IRL001I13070;;IRL;;;9.07;0.00;0.00;;11.76;0.00;CATRIONA;512P;G512P;United Kingdom;;Y;EI2486;N;N;N;;;WO;;FPO, NK;53.00;0.00;Wood;;1975-01-01;MFL;1975-01-01;;2017-05-12
IRL001I13071;;IRL;;;2.70;0.00;0.00;;7.68;0.00;CAROLINE;481P;T481P;Finland;;Y;EI7392;N;N;N;;;WO;;FPO, NK;19.00;0.00;Wood;;1996-01-01;MFL;1900-01-01;;2017-04-21
IRL001I13072;;IRL;;;3.14;0.00;0.00;;6.90;0.00;GARSUN;483P;T483P;Tralee;;Y;EI3524;N;N;N;;;WO;;FPO, NK;22.30;0.00;Fiber/Plastic;;1993-01-01;MFL;1992-01-01;;
IRL001I13073;;IRL;;;0.95;0.00;0.00;;4.86;0.00;NUTTY SLACK;997P;SO997P;;;Y;EI5681;N;N;N;;;WO;;FPO, NK;11.19;7.39;Fiber/Plastic;;2002-12-30;MFL;1980-01-01;;2015-02-19
IRL001I13074;;IRL;;;5.01;0.00;0.00;;8.72;0.00;JIMMY JACK;476P;T476P;Tralee;;Y;EI2760;N;N;N;;;WO;;FPO, NK;106.00;0.00;Fiber/Plastic;;1998-01-15;MFL;1974-01-01;;
IRL001I13076;;IRL;;;5.02;0.00;0.00;;9.25;0.00;CLEW BAY DAWN;201P;WT201P;Westport;;Y;EI3094;N;N;N;;;WO;;FPO, NK;45.45;0.00;Fiber/Plastic;;1990-05-01;MFL;1989-01-01;;
IRL001I13077;;IRL;;;0.78;0.00;0.00;;5.74;0.00;GLENAVEENA;685P;D685P;Dublin;;Y;EI2566;N;N;N;;;WO;;FPO, NK;5.98;0.00;Wood;;1993-01-01;MFL;1991-01-01;;
IRL001I13078;;IRL;;;1.29;0.00;0.00;;5.66;0.00;SEAGULL;515;G515;Galway;;Y;EI3192;N;N;N;;;MO;;FPO, GNS, DRB, LHP;11.13;0.00;Fiber/Plastic;;1999-01-01;MFL;1999-01-01;;2021-05-11
IRL001I13079;;IRL;;;3.91;0.00;0.00;;7.72;0.00;COMBE BOY;996P;SO996P;Sligo;;Y;EI2851;N;N;N;;;WO;;FPO, NK;52.22;0.00;Fiber/Plastic;;2002-12-30;MFL;1986-01-01;;
IRL001I13080;;IRL;;;2.50;0.00;0.00;;8.04;0.00;ERIN C;277;W277;;;Y;EI2629;N;N;N;;;WO;;GNS, LHP, FPO;24.00;0.00;Fiber/Plastic;;2003-01-01;MFL;1980-01-01;;2019-05-03
IRL001I13081;;IRL;;;5.72;0.00;0.00;;9.67;0.00;DUNMORE LASS;999P;SO999P;Sligo;;Y;EI2877;N;N;N;;;WO;;FPO, NK;58.00;0.00;Wood;;2003-01-01;MFL;1955-01-01;;
IRL001I13082;;IRL;;;5.96;0.00;0.00;;9.16;0.00;GIRL EVE;990P;SO990P;Sligo;;Y;EI2684;N;N;N;;;WO;;FPO, NK;60.00;0.00;Fiber/Plastic;;2002-12-30;MFL;1980-01-01;;
IRL001I13083;;IRL;;;1.10;0.00;0.00;;5.68;0.00;GAELIC STORM;482P;T482P;Finland;;Y;EI2785;N;N;N;;;WO;;FPO, NK;18.60;0.00;Fiber/Plastic;;2002-12-30;MFL;2002-01-01;;2017-05-09
IRL001I13084;;IRL;;;5.86;0.00;0.00;;11.07;0.00;KING FISHER;204P;WT204P;Westport;;Y;EI2997;N;N;N;;;WO;;FPO, NK;60.00;0.00;Fiber/Plastic;;2000-01-01;MFL;1992-01-01;;
IRL001I13085;;IRL;;;2.00;0.00;0.00;;6.02;0.00;MICHELLE DAWN II;484P;T484P;Tralee;;Y;EI5099;N;N;N;;;WO;;FPO, NK;18.64;0.00;Fiber/Plastic;;1990-01-01;MFL;1990-01-01;;
IRL001I13086;;IRL;;;1.57;0.00;0.00;;6.39;0.00;LOUISE K;478P;T478P;Tralee;;Y;EI3883;N;N;N;;;WO;;FPO, NK;22.38;0.00;Fiber/Plastic;;2002-03-18;MFL;2002-01-01;;
IRL001I13087;;IRL;;;2.69;0.00;0.00;;6.76;0.00;AN FAOILEAN;347P;C347P;;;Y;EI2781;N;N;N;;;WO;;FPO, NK;31.00;0.00;Wood;;1979-01-01;MFL;1979-01-01;;2009-03-05
IRL001I13088;;IRL;;;6.21;0.00;0.00;;9.14;0.00;OUR JENNA;4P;SO4P;Sligo;;Y;EI6081;N;N;N;;;WO;;FPO, NK;59.68;0.00;Fiber/Plastic;;1988-09-12;MFL;1988-01-01;;
IRL001I13089;;IRL;;;1.23;0.00;0.00;;5.71;0.00;DANNY BOY;6P;SO6P;;;Y;EI7965;N;N;N;;;WO;;FPO, NK;11.19;0.00;Fiber/Plastic;;2002-12-30;MFL;1990-01-01;;2017-05-16
IRL001I13091;;IRL;;;2.58;0.00;0.00;;7.62;0.00;MORNING TIDE;344;C344;Cork;;Y;EI2750;N;N;N;;;MO;;GNS, DRM, LHP, FPO;44.74;0.00;Fiber/Plastic;;1990-10-01;MFL;1984-01-01;;
IRL001I13092;;IRL;;;0.70;0.00;0.00;;5.76;0.00;DOG ISLAND;517P;G517P;Galway;;Y;EI7983;N;N;N;;;WO;;FPO, NK;5.97;0.00;Wood;;2000-01-01;MFL;1980-01-01;;
IRL001I13093;;IRL;;;1.08;0.00;0.00;;5.30;0.00;AINE F;522P;G522P;United Kingdom;;Y;EI5351;N;N;N;;;WO;;FPO, NK;11.19;0.00;Fiber/Plastic;;1999-01-01;MFL;1997-01-01;;2009-09-30
IRL001I13094;;IRL;;;3.48;0.00;0.00;;9.35;0.00;FIONA YVONNE;623P;SO623P;Wexford;;Y;EIA2586;N;N;N;;;WO;;FPO, NK;52.30;0.00;Wood;;1975-01-01;MFL;1975-01-01;;
IRL001I13095;;IRL;;;2.78;0.00;0.00;;7.81;0.00;CUAN EINNE;527P;G527P;Galway;;Y;EI5175;N;N;N;;;WO;;FPO, NK;20.00;0.00;Fiber/Plastic;;1991-01-01;MFL;1991-01-01;;
IRL001I13096;;IRL;;;0.66;0.00;0.00;;5.84;0.00;BARR;523P;G523P;United Kingdom;;Y;EI7842;N;N;N;;;WO;;FPO, NK;7.50;0.00;Wood;;2000-01-01;MFL;2000-01-01;;2017-05-12
IRL001I13097;;IRL;;;0.82;0.00;0.00;;6.38;0.00;MONA;526P;G526P;United Kingdom;;Y;EI6226;N;N;N;;;WO;;FPO, NK;11.19;0.00;Fiber/Plastic;;1999-01-01;MFL;1999-01-01;;2017-05-04
IRL001I13098;;IRL;;;1.01;0.00;0.00;;5.54;0.00;SALERNA JOY;518P;G518P;United Kingdom;;Y;EI5083;N;N;N;;;WO;;FPO, NK;7.39;0.00;Wood;;1990-01-01;MFL;1990-01-01;;2015-11-04
IRL001I13099;;IRL;;;3.13;0.00;0.00;;6.33;0.00;MONSU;998P;SO998P;;;Y;EI3304;N;N;N;;;WO;;FPO, NK;22.38;0.00;Fiber/Plastic;;2000-01-01;MFL;1990-01-01;;2008-09-11
IRL001I13100;;IRL;;;0.78;0.00;0.00;;4.83;0.00;MARTINE;356P;C356P;Cork;;Y;EI5203;N;N;N;;;WO;;FPO, NK;11.19;0.00;Fiber/Plastic;;1975-01-01;MFL;1900-01-01;;
IRL001I13101;;IRL;;;4.84;0.00;0.00;;9.28;0.00;AN BAIDIN;349;C349;Cork;;Y;EI2899;N;N;N;;;WO;;OTM, FPO;32.00;0.00;Fiber/Plastic;;1990-10-01;MFL;1980-01-01;;
IRL001I13102;;IRL;;;3.09;0.00;0.00;;8.24;0.00;LOCH BOIRNE;524P;G524P;United Kingdom;;Y;EI5389;N;N;N;;;WO;;FPO, NK;10.07;0.00;Wood;;1990-01-01;MFL;1963-01-01;;2017-08-31
IRL001I13103;;IRL;;;2.19;0.00;0.00;;8.15;0.00;SHAMROCK;531P;G531P;United Kingdom;;Y;EI2143;N;N;N;;;WO;;FPO, NK;22.40;0.00;Wood;;1990-01-01;MFL;1970-01-01;;2018-02-27
IRL001I13104;;IRL;;;2.34;0.00;0.00;;6.47;0.00;GIRL KATIE;644;S644;Skibbereen;;Y;EI3129;N;N;N;;;MO;;GND, GNS;20.90;0.00;Fiber/Plastic;;1995-01-01;MFL;1994-01-01;;
IRL001I13106;;IRL;;;1.09;0.00;0.00;;7.02;0.00;AN CASAN BEAG;490P;T490P;Tralee;;Y;EI4295;N;N;N;;;WO;;FPO, NK;10.20;0.00;Fiber/Plastic;;2002-01-01;MFL;1993-01-01;;
IRL001I13107;;IRL;;;1.24;0.00;0.00;;5.80;0.00;MEGAN TOO;358P;C358P;Cork;;Y;EI3505;N;N;N;;;WO;;FPO, NK;18.00;0.00;Fiber/Plastic;;2002-12-30;MFL;2002-01-01;;
IRL001I13108;;IRL;;;4.09;0.00;0.00;;8.28;0.00;LADY KELLY;485P;T485P;Tralee;;Y;EI4220;N;N;N;;;WO;;FPO, NK;18.60;0.00;Fiber/Plastic;;2002-12-30;MFL;1980-01-01;;
IRL001I13110;;IRL;;;0.97;0.00;0.00;;6.52;0.00;MARIE;488P;T488P;Finland;;Y;EI3700;N;N;N;;;WO;;FPO, NK;11.00;0.00;Wood;;1998-01-01;MFL;1988-01-01;;2009-10-08
IRL001I13117;;IRL;;;3.61;0.00;0.00;;9.02;0.00;SWEET NELLIE;376P;SO376P;;;Y;EI7900;N;N;N;;;WO;;FPO, NK;11.19;0.00;Wood;;1973-01-01;MFL;1971-01-01;;2016-07-19
IRL001I13118;;IRL;;;3.56;0.00;0.00;;8.25;0.00;HAVEN STAR;351P;C351P;Cork;;Y;EI5237;N;N;N;;;WO;;FPO, NK;108.00;0.00;Fiber/Plastic;;1999-09-01;MFL;1998-01-01;;
IRL001I13120;;IRL;;;1.20;0.00;0.00;;6.39;0.00;NAOMH SEAN SEOSAMH;520P;G520P;Galway;;Y;EI3152;N;N;N;;;WO;;FPO, NK;11.21;0.00;Wood;;2000-01-01;MFL;2000-01-01;;
IRL001I13128;;IRL;;;0.64;0.00;0.00;;5.80;0.00;SPARKY;513P;G513P;United Kingdom;;Y;EI2974;N;N;N;;;WO;;FPO, NK;7.50;0.00;Fiber/Plastic;;1992-01-01;MFL;1992-01-01;;2017-10-23
IRL001I13129;;IRL;;;1.24;0.00;0.00;;6.02;0.00;FIONA MAJELLA;9P;SO9P;Sligo;;Y;EI3567;N;N;N;;;WO;;FPO, NK;7.39;0.00;Wood;;1995-01-01;MFL;1995-01-01;;
IRL001I13130;;IRL;;;4.61;0.00;0.00;;9.21;0.00;LEANNE;7P;SO7P;;;Y;EI5200;N;N;N;;;WO;;FPO, NK;90.00;0.00;Fiber/Plastic;;1995-01-01;MFL;1995-01-01;;2017-07-03
IRL001I13131;;IRL;;;1.27;0.00;0.00;;5.87;0.00;SUMMER SUN;10P;SO10P;;;Y;EI3601;N;N;N;;;WO;;FPO, NK;7.39;0.00;Wood;;1996-01-01;MFL;1996-01-01;;2018-02-27
IRL001I13132;;IRL;;;6.15;0.00;0.00;;9.20;0.00;MISTIC STAR;12;SO12;Sligo;;Y;EI3258;N;N;N;;;MO;;FPO, DRB;35.00;0.00;Fiber/Plastic;;2000-01-01;MFL;1994-01-01;;
IRL001I13133;;IRL;;;4.98;0.00;0.00;;9.60;0.00;GIRL ANITA;357P;C357P;;;Y;EI3041;N;N;N;;;WO;;FPO, NK;89.00;0.00;Fiber/Plastic;;1990-01-01;MFL;1980-01-01;;2018-04-27
IRL001I13134;;IRL;;;0.63;0.00;0.00;;5.57;0.00;ST MARY;525P;G525P;Galway;;Y;EI3337;N;N;N;;;WO;;FPO, NK;7.50;0.00;Wood;;1954-01-01;MFL;1954-01-01;;
IRL001I13135;;IRL;;;1.84;0.00;0.00;;6.19;0.00;BOY AODHAN;544P;G544P;United Kingdom;;Y;EI3326;N;N;N;;;WO;;FPO, NK;18.63;0.00;Fiber/Plastic;;2001-01-01;MFL;1998-01-01;;2009-10-08
IRL001I13136;;IRL;;;0.83;0.00;0.00;;6.14;0.00;THE QUEEN;538P;G538P;Galway;;Y;EI4287;N;N;N;;;WO;;FPO, NK;7.39;0.00;Wood;;1977-01-01;MFL;1973-01-01;;
IRL001I13137;;IRL;;;3.80;0.00;0.00;;8.70;0.00;GOLDEN ADVENTURE;529P;G529P;Galway;;Y;EI3142;N;N;N;;;WO;;FPO, NK;59.76;0.00;Wood;;1986-01-01;MFL;1980-01-01;;
IRL001I13138;;IRL;;;6.63;0.00;0.00;;8.80;0.00;LITTLE FLOWER;541P;G541P;United Kingdom;;Y;EI3118;N;N;N;;;WO;;FPO, NK;37.35;0.00;Wood;;1990-01-01;MFL;1990-01-01;;2009-01-13
IRL001I13139;;IRL;;;0.64;0.00;0.00;;4.98;0.00;WINIFRED;530;G530;Galway;;Y;EI3615;N;N;N;;;MO;;FPO, GNS;3.74;0.00;Fiber/Plastic;;2002-12-30;MFL;1989-01-01;;
IRL001I13140;;IRL;;;6.29;0.00;0.00;;10.65;0.00;CLADDAGH GAEL;100P;WT100P;;;Y;EI3423;N;N;N;;;WO;;FPO, NK;59.68;0.00;Wood;;1983-01-01;MFL;1970-01-01;2010-06-25;
IRL001I13141;;IRL;;;3.73;0.00;0.00;;8.00;0.00;BEATRICE B;222P;WD222P;;;Y;EI2625;N;N;N;;;WO;;FPO, NK;59.70;0.00;Fiber/Plastic;;1990-01-01;MFL;1970-01-01;;2007-10-22
IRL001I13157;;IRL;;;2.59;0.00;0.00;;7.75;0.00;TONNTA BAN;182P;W182P;;;Y;EI3548;N;N;N;;;WO;;FPO, NK;16.20;0.00;Fiber/Plastic;;1989-01-01;MFL;1977-01-01;;2008-10-06
IRL001I13158;;IRL;;;0.73;0.00;0.00;;4.88;0.00;BLUEFIN;426P;S426P;Skibbereen;;Y;EI2654;N;N;N;;;WO;;FPO, NK;11.00;0.00;Fiber/Plastic;;1985-01-01;MFL;1985-01-01;;
IRL001I13160;;IRL;;;0.52;0.00;0.00;;5.42;0.00;OLIVIA;207P;WT207P;Westport;;Y;EI2861;N;N;N;;;WO;;FPO, NK;6.00;0.00;Wood;;1995-01-01;MFL;1995-01-01;;
IRL001I13161;;IRL;;;1.01;0.00;0.00;;5.02;0.00;OISIN OG;429P;S429P;;;Y;EI2268;N;N;N;;;WO;;FPO, NK;11.20;0.00;Fiber/Plastic;;1989-01-01;MFL;1989-01-01;;2016-10-21
IRL001I13162;;IRL;;;1.69;0.00;0.00;;7.67;0.00;CAROLANN;218P;WT218P;;;Y;EI2907;N;N;N;;;WO;;FPO, NK;83.00;0.00;Fiber/Plastic;;1985-01-01;MFL;1985-01-01;;2016-10-24
IRL001I13163;;IRL;;;0.88;0.00;0.00;;7.53;0.00;NORTH STAR;500P;T500P;Tralee;;Y;EI4189;N;N;N;;;WO;;FPO, NK;5.90;0.00;Fiber/Plastic;;1993-01-01;MFL;1993-01-01;;
IRL001I13164;;IRL;;;1.44;0.00;0.00;;5.84;0.00;MEAGHAN ISABELLE;817;G817;Galway;;Y;EINK8;N;N;N;;;WO;;GNS, FPO;2.98;0.00;Fiber/Plastic;;2000-01-01;MFL;2000-01-01;;
IRL001I13165;;IRL;;;1.36;0.00;0.00;;7.22;0.00;ORLA;534P;G534P;United Kingdom;;Y;EI3340;N;N;N;;;WO;;FPO, NK;18.68;0.00;Fiber/Plastic;;1986-01-01;MFL;1986-01-01;;2010-08-11
IRL001I13166;;IRL;;;0.59;0.00;0.00;;5.53;0.00;AUGHRIS;551P;G551P;Galway;;Y;EI7990;N;N;N;;;WO;;FPO, NK;7.39;0.00;Wood;;1990-01-01;MFL;1990-01-01;;
IRL001I13167;;IRL;;;1.59;0.00;0.00;;5.90;0.00;AZURE;433P;S433P;Skibbereen;;Y;EI3410;N;N;N;;;WO;;FPO, NK;11.00;4.50;Fiber/Plastic;;1996-01-01;MFL;1996-01-01;;
IRL001I13168;;IRL;;;0.74;0.00;0.00;;5.82;0.00;CAROL ANN;548P;G548P;Galway;;Y;EI3589;N;N;N;;;WO;;FPO, NK;5.97;0.00;Wood;;2002-01-01;MFL;2002-01-01;;
IRL001I13169;;IRL;;;1.23;0.00;0.00;;6.23;0.00;CHER.D;528P;G528P;United Kingdom;;Y;EI4414;N;N;N;;;WO;;FPO, NK;11.21;0.00;Wood;;2002-12-30;MFL;2002-01-01;;2016-09-01
IRL001I13170;;IRL;;;0.62;0.00;0.00;;5.46;0.00;ST CAILLIN;552P;G552P;Galway;;Y;EI4393;N;N;N;;;WO;;FPO, NK;6.00;0.00;Wood;;1970-01-01;MFL;1970-01-01;;
IRL001I13171;;IRL;;;0.78;0.00;0.00;;5.75;0.00;CLAIRE MARIE;553P;G553P;United Kingdom;;Y;EI8078;N;N;N;;;WO;;FPO, NK;4.48;0.00;Wood;;1993-01-01;MFL;1993-01-01;;2017-04-06
IRL001I13172;;IRL;;;1.58;0.00;0.00;;7.26;0.00;CRAB CLAW;532P;G532P;United Kingdom;;Y;EI3287;N;N;N;;;WO;;FPO, NK;33.60;0.00;Fiber/Plastic;;1997-01-01;MFL;1900-01-01;;2016-06-29
IRL001I13173;;IRL;;;0.91;0.00;0.00;;7.54;0.00;CIARA MARIE;498P;T498P;Finland;;Y;EI4137;N;N;N;;;WO;;FPO, NK;5.90;0.00;Wood;;2000-03-01;MFL;1999-01-01;;2007-05-08
IRL001I13174;;IRL;;;4.87;0.00;0.00;;8.03;0.00;SUMMER WINE;166;T166;Tralee;;Y;EI2895;N;N;N;;;WO;;FPO, GNS;40.00;0.00;Fiber/Plastic;;1996-01-01;MFL;1996-01-01;;
IRL001I13175;;IRL;;;1.34;0.00;0.00;;6.78;0.00;ST MICHAEL;536P;G536P;Galway;;Y;EI4022;N;N;N;;;WO;;FPO, NK;11.19;0.00;Wood;;2002-12-30;MFL;2002-01-01;;
IRL001I13177;;IRL;;;1.68;0.00;0.00;;6.13;0.00;PICES;514P;G514P;Galway;;Y;EI4306;N;N;N;;;WO;;FPO, NK;22.38;0.00;Wood;;2002-12-30;MFL;2000-01-01;;
IRL001I13178;;IRL;;;3.77;0.00;0.00;;8.36;0.00;HEATHER BREEZE;516P;G516P;United Kingdom;;Y;EI3828;N;N;N;;;WO;;FPO, NK;32.87;0.00;Wood;;1985-01-01;MFL;1985-01-01;;2009-09-30
IRL001I13180;;IRL;;;1.41;0.00;0.00;;5.92;0.00;CALLY KATE;444P;S444P;Skibbereen;;Y;EI2945;N;N;N;;;WO;;FPO, NK;18.74;0.00;Fiber/Plastic;;1999-10-01;MFL;1999-01-01;;
IRL001I13181;;IRL;;;1.25;0.00;0.00;;6.98;0.00;CORAM;260P;W260P;Waterford;;Y;EI3780;N;N;N;;;WO;;FPO, NK;70.00;0.00;Fiber/Plastic;;1998-01-01;MFL;1998-01-01;;
IRL001I13182;;IRL;;;4.52;0.00;0.00;;8.44;0.00;FISHER BOY;797P;SO797P;Sligo;;Y;EI3492;N;N;N;;;WO;;FPO, NK;29.90;0.00;Wood;;1983-01-01;MFL;1980-01-01;;
IRL001I13183;;IRL;;;1.84;0.00;0.00;;6.05;0.00;CAROL ANN;442P;S442P;Skibbereen;;Y;EINO5;N;N;N;;;WO;;FPO, NK;20.90;0.00;Fiber/Plastic;;1995-06-01;MFL;1994-01-01;;
IRL001I13184;;IRL;;;2.81;0.00;0.00;;7.61;0.00;PISCES;68;DA68;;;Y;EI8477;N;N;N;;;WO;;FPO, NK;55.90;0.00;Fiber/Plastic;;1990-01-01;MFL;1980-01-01;;2006-05-26
IRL001I13185;;IRL;;;2.34;0.00;0.00;;6.81;0.00;SEA BREEZE;445P;S445P;Skibbereen;;Y;EI5240;N;N;N;;;WO;;FPO, NK;35.11;0.00;Fiber/Plastic;;1990-01-01;MFL;1990-01-01;;
IRL001I13186;;IRL;;;3.20;0.00;0.00;;7.99;0.00;KESTREL;517;S517;Skibbereen;;Y;EI2838;N;N;N;;;MO;;FPO, LNB;30.00;0.00;Fiber/Plastic;;2003-01-01;MFL;1990-01-01;;2023-09-11
IRL001I13187;;IRL;;;0.91;0.00;0.00;;5.66;0.00;YELLOW FIN;23P;SO23P;Sligo;;Y;EI3736;N;N;N;;;WO;;FPO, NK;11.19;0.00;Fiber/Plastic;;2001-01-01;MFL;2000-01-01;;2024-07-24
IRL001I13188;;IRL;;;0.92;0.00;0.00;;6.19;0.00;PADDYS PRIDE;205P;WT205P;Westport;;Y;EI8104;N;N;N;;;WO;;FPO, NK;11.19;0.00;Wood;;2000-01-01;MFL;2000-01-01;;
IRL001I13190;;IRL;;;1.20;0.00;0.00;;5.66;0.00;GIRL PAMELA;546P;G546P;Galway;;Y;EI3110;N;N;N;;;WO;;FPO, NK;11.19;0.00;Fiber/Plastic;;2002-01-01;MFL;2002-01-01;;
IRL001I13191;;IRL;;;5.65;0.00;0.00;;10.46;0.00;SUSANNE;803P;SO803P;;;Y;EI3319;N;N;N;;;WO;;FPO, NK;59.69;0.00;Wood;;1986-01-01;MFL;1986-01-01;;2016-12-07
IRL001I13192;;IRL;;;6.43;0.00;0.00;;11.01;0.00;CORMORANT;360;C360;;;Y;EI2875;N;N;N;;;WO;;FPO, NK;53.78;0.00;Wood;;1970-01-01;MFL;1970-01-01;;2009-07-14
IRL001I13193;;IRL;;;1.26;0.00;0.00;;5.64;0.00;THE LADY NICOLA;208P;WT208P;;;Y;EI8247;N;N;N;;;WO;;FPO, NK;14.92;0.00;Fiber/Plastic;;1996-01-01;MFL;1994-01-01;;2017-11-02
IRL001I13195;;IRL;;;2.18;0.00;0.00;;7.36;0.00;ODIN;364;C364;Cork;;Y;EIA3113;N;N;N;;;MO;;FPO, LHP, GNS;20.00;0.00;Fiber/Plastic;;2002-12-30;MFL;1987-01-01;;
IRL001I13196;;IRL;;;0.57;0.00;0.00;;5.50;0.00;SHEILA;543P;G543P;Galway;;Y;EI4734;N;N;N;;;WO;;FPO, NK;11.19;0.00;Wood;;2000-01-01;MFL;1999-01-01;;2024-07-24
IRL001I13197;;IRL;;;0.75;0.00;0.00;;5.83;0.00;ALISON JESSAMY;519P;G519P;United Kingdom;;Y;EI4618;N;N;N;;;WO;;FPO, NK;18.63;0.00;Wood;;1998-01-01;MFL;1983-01-01;2009-10-01;
IRL001I13198;;IRL;;;0.84;0.00;0.00;;7.25;0.00;AN CURRACH DUBH;494P;T494P;Tralee;;Y;EI4109;N;N;N;;;WO;;FPO, NK;5.90;0.00;Wood;;1999-01-01;MFL;1997-01-01;;
IRL001I13199;;IRL;;;3.65;0.00;0.00;;7.62;0.00;KELLIE MARIE;361P;C361P;Cork;;Y;EI3893;N;N;N;;;WO;;FPO, NK;29.90;0.00;Fiber/Plastic;;1980-01-01;MFL;1980-01-01;;
IRL001I13200;;IRL;;;1.97;0.00;0.00;;5.98;0.00;KLD;350P;C350P;Cork;;Y;EI3840;N;N;N;;;WO;;FPO, NK;11.19;0.00;Fiber/Plastic;;1999-01-01;MFL;1996-01-01;;
IRL001I13201;;IRL;;;1.00;0.00;0.00;;5.26;0.00;LEE FISHERMAN;359P;C359P;;;Y;EI2902;N;N;N;;;WO;;FPO, NK;11.20;0.00;Fiber/Plastic;;2000-01-01;MFL;1996-01-01;;2017-03-22
IRL001I13203;;IRL;;;1.77;0.00;0.00;;7.39;0.00;LADY SUSAN;533P;G533P;Galway;;Y;EI3383;N;N;N;;;WO;;FPO, NK;33.62;0.00;Fiber/Plastic;;1998-01-01;MFL;1996-01-01;;
IRL001I13204;;IRL;;;2.01;0.00;0.00;;6.26;0.00;SWAN;510;G510;United Kingdom;;Y;EI2488;N;N;N;;;MO;;FPO, LHP;12.22;0.00;Fiber/Plastic;;1995-01-01;MFL;1995-01-01;;2018-02-08
IRL001I13206;;IRL;;;2.54;0.00;0.00;;6.20;0.00;EMILY;355P;C355P;;;Y;EI2771;N;N;N;;;WO;;FPO, NK;37.28;0.00;Fiber/Plastic;;2002-12-30;MFL;2002-01-01;;2009-11-16
IRL001I13207;;IRL;;;1.94;0.00;0.00;;6.30;0.00;MARY LOUISE;226P;WT226P;;;Y;EI5180;N;N;N;;;WO;;FPO, NK;44.76;0.00;Fiber/Plastic;;1988-01-01;MFL;1988-01-01;;2015-09-08
IRL001I13208;;IRL;;;2.18;0.00;0.00;;6.30;0.00;SAULA ROSE;221A;WT221A;Westport;;Y;EI6118;N;N;N;;;DO;;DRB, NK;20.89;0.00;Fiber/Plastic;;1999-01-01;AQU;1989-01-01;;
IRL001I13209;;IRL;;;0.45;0.00;0.00;;5.30;0.00;TARA;222P;WT222P;;;Y;EI5186;N;N;N;;;WO;;FPO, NK;5.97;0.00;Wood;;1979-01-01;MFL;1979-01-01;;2014-01-22
IRL001I13210;;IRL;;;0.57;0.00;0.00;;5.34;0.00;MARY PATRICIA;224P;WT224P;Cork;;Y;EI5192;N;N;N;;;WO;;FPO, NK;7.39;0.00;Wood;;2002-12-30;MFL;1998-01-01;;
IRL001I13211;;IRL;;;0.51;0.00;0.00;;5.36;0.00;CURRACH;209P;WT209P;;;Y;EI3412;N;N;N;;;WO;;FPO, NK;10.40;0.00;Wood;;2000-01-01;MFL;2000-01-01;;2017-10-11
IRL001I13212;;IRL;;;0.95;0.00;0.00;;5.42;0.00;LORNEL 3;540P;G540P;United Kingdom;;Y;EI4110;N;N;N;;;WO;;FPO, NK;56.62;0.00;Fiber/Plastic;;2003-01-01;MFL;1989-01-01;;2015-08-06
IRL001I13213;;IRL;;;1.55;0.00;0.00;;6.10;0.00;BOY RYAN;26P;SO26P;Sligo;;Y;EI3870;N;N;N;;;WO;;FPO, NK;9.39;0.00;Wood;;2000-01-01;MFL;1900-01-01;;
IRL001I13214;;IRL;;;1.18;0.00;0.00;;5.16;0.00;CROI NA MARA;503P;T503P;Tralee;;Y;EI8255;N;N;N;;;WO;;FPO, NK;11.19;0.00;Fiber/Plastic;;2001-12-01;MFL;1900-01-01;;
IRL001I13215;;IRL;;;0.64;0.00;0.00;;5.70;0.00;LADY NORA;225P;WT225P;Westport;;Y;EI4069;N;N;N;;;WO;;FPO, NK;7.39;0.00;Wood;;1998-01-01;MFL;1998-01-01;;
IRL001I13216;;IRL;;;1.32;0.00;0.00;;5.46;0.00;EMMA MARIE;24P;SO24P;;;Y;EI3618;N;N;N;;;WO;;FPO, NK;29.84;0.00;Fiber/Plastic;;2002-12-30;MFL;1994-01-01;;2017-02-21
IRL001I13217;;IRL;;;0.61;0.00;0.00;;5.70;0.00;SINEAD;214P;WT214P;Cork;;Y;EI3261;N;N;N;;;WO;;FPO, NK;7.30;0.00;Wood;;1973-01-01;MFL;1973-01-01;;
IRL001I13218;;IRL;;;0.49;0.00;0.00;;5.39;0.00;GLEAN EAGLE;555P;G555P;United Kingdom;;Y;EI4294;N;N;N;;;WO;;FPO, NK;5.97;0.00;Fiber/Plastic;;1998-01-01;MFL;1998-01-01;;2017-08-24
IRL001I13219;;IRL;;;1.12;0.00;0.00;;5.90;0.00;CRUACH NA CARA;57P;G557P;United Kingdom;;Y;EI8127;N;N;N;;;WO;;FPO, NK;5.97;0.00;Wood;;1972-01-01;MFL;1972-01-01;;2006-05-10
IRL001I13220;;IRL;;;1.02;0.00;0.00;;5.04;0.00;ST PATRICK;559P;G559P;Galway;;Y;EI5051;N;N;N;;;WO;;FPO, NK;11.00;0.00;Fiber/Plastic;;1995-01-01;MFL;1995-01-01;;
IRL001I13221;;IRL;;;6.25;0.00;0.00;;8.36;0.00;CELTIC STAR;15P;SO15P;;;Y;EI4270;N;N;N;;;WO;;FPO, NK;44.76;0.00;Wood;;1982-01-01;MFL;1982-01-01;2010-05-21;
IRL001I13222;;IRL;;;0.87;0.00;0.00;;5.25;0.00;SHIMA;345P;C345P;Cork;;Y;EI2770;N;N;N;;;WO;;FPO, NK;5.90;0.00;Fiber/Plastic;;1987-01-01;MFL;1987-01-01;;
IRL001I13223;;IRL;;;1.21;0.00;0.00;;5.79;0.00;LABHAOISE;27P;SO27P;;;Y;EINI2;N;N;N;;;WO;;FPO, NK;29.84;0.00;Fiber/Plastic;;1998-01-01;MFL;1998-01-01;;2019-04-01
IRL001I13224;;IRL;;;1.56;0.00;0.00;;5.90;0.00;BRANDON;256P;W256P;Waterford;;Y;EI5174;N;N;N;;;WO;;FPO, NK;7.38;0.00;Fiber/Plastic;;1982-01-01;MFL;1982-01-01;;
IRL001I13225;;IRL;;;0.57;0.00;0.00;;5.81;0.00;PEADAR AND POL;554P;G554P;United Kingdom;;Y;EI5146;N;N;N;;;WO;;FPO, NK;7.38;0.00;Fiber/Plastic;;2002-12-30;MFL;1995-01-01;;2015-11-26
IRL001I13226;;IRL;;;1.20;0.00;0.00;;5.83;0.00;MORANS BAY;354;WD354;Wexford;;Y;EIYG2;N;N;N;;;MO;;FPO, OTM, LHP, GNS, OTB;6.00;0.00;Fiber/Plastic;;1996-01-01;MFL;1995-01-01;;
IRL001I13227;;IRL;;;0.90;0.00;0.00;;6.76;0.00;STORMY WAVE;203P;WT203P;;;Y;EI3176;N;N;N;;;WO;;FPO, NK;11.20;0.00;Wood;;2000-01-01;MFL;2000-01-01;;2018-02-27
IRL001I13228;;IRL;;;7.72;0.00;0.00;;9.82;0.00;AN ROSS;542P;G542P;Galway;;Y;EI3504;N;N;N;;;WO;;FPO, NK;59.68;0.00;Wood;;1966-01-01;MFL;1966-01-01;;
IRL001I13229;;IRL;;;6.85;0.00;0.00;;10.67;0.00;CASHEN HEATHER;258P;W258P;;;Y;EI7918;N;N;N;;;WO;;FPO, NK;59.69;0.00;Wood;;1990-01-01;MFL;1900-01-01;;2010-03-11
IRL001I13230;;IRL;;;2.47;0.00;0.00;;7.57;0.00;WESTERING HOME;111P;WT111P;Westport;;Y;EI3570;N;N;N;;;WO;;FPO, NK;29.84;0.00;Fiber/Plastic;;1975-01-01;MFL;1975-01-01;;
IRL001I13231;;IRL;;;4.43;0.00;0.00;;9.54;0.00;ST BRENDAN;51;D651;;;Y;EI8024;N;N;N;;;MO;;FPO, NK;44.76;0.00;Wood;;1972-01-01;MFL;1972-01-01;;2006-05-10
IRL001I13232;;IRL;;;0.68;0.00;0.00;;5.70;0.00;LOUGH RIDG;562P;G562P;Galway;;Y;EI5248;N;N;N;;;WO;;FPO, NK;7.39;0.00;Wood;;2001-01-01;MFL;2001-01-01;;
IRL001I13233;;IRL;;;1.34;0.00;0.00;;6.58;0.00;THE PRIDE OF INISH TURBET;561P;G561P;Galway;;Y;EI4721;N;N;N;;;WO;;FPO, NK;18.65;0.00;Wood;;2002-01-01;MFL;2002-01-01;;
IRL001I13234;;IRL;;;1.24;0.00;0.00;;6.75;0.00;ISLAND LADY;556P;G556P;United Kingdom;;Y;EI4350;N;N;N;;;WO;;FPO, NK;29.84;0.00;Wood;;1995-01-01;MFL;1995-01-01;;2008-10-16
IRL001I13236;;IRL;;;1.32;0.00;0.00;;5.78;0.00;TRUE FAITH;507P;G507P;Galway;;Y;EI3235;N;N;N;;;WO;;FPO, NK;22.40;0.00;Fiber/Plastic;;2002-01-01;MFL;2002-01-01;;
IRL001I13238;;IRL;;;7.29;0.00;0.00;;11.83;0.00;ANNELISA 1;231P;G231P;Galway;;Y;EI3529;N;N;N;;;WO;;FPO, NK;257.00;0.00;Fiber/Plastic;;1984-01-01;MFL;1984-01-01;;
IRL001I13239;;IRL;;;1.72;0.00;0.00;;6.40;0.00;ROSHINE QUEEN;18P;SO18P;Sligo;;Y;EI3917;N;N;N;;;WO;;FPO, NK;7.39;0.00;Wood;;1993-01-01;MFL;1993-01-01;;2021-03-23
IRL001I13240;;IRL;;;0.69;0.00;0.00;;5.74;0.00;OISIN OG;566P;G566P;Galway;;Y;EI8234;N;N;N;;;WO;;FPO, NK;7.39;0.00;Wood;;1990-01-01;MFL;1980-01-01;;
IRL001I13242;;IRL;;;1.33;0.00;0.00;;6.60;0.00;ANNA;563P;G563P;United Kingdom;;Y;EI4683;N;N;N;;;WO;;FPO, NK;18.65;0.00;Wood;;1993-01-01;MFL;1983-01-01;;2014-06-27
IRL001I13243;;IRL;;;1.51;0.00;0.00;;7.04;0.00;MARINA;560P;G560P;United Kingdom;;Y;EI4639;N;N;N;;;WO;;FPO, NK;18.65;0.00;Wood;;2000-01-01;MFL;2000-01-01;;2013-12-10
IRL001I13244;;IRL;;;1.39;0.00;0.00;;6.22;0.00;SEA BREEZE;30;SO30;;;Y;EI3611;N;N;N;;;WO;;FPO, GNS, LHP, GND;7.30;0.00;Wood;;1997-01-01;MFL;1997-01-01;;2019-04-18
IRL001I13246;;IRL;;;1.04;0.00;0.00;;5.52;0.00;WHELK;28P;SO28P;Sligo;;Y;EI5197;N;N;N;;;WO;;FPO, NK;5.97;0.00;Wood;;1998-01-01;MFL;1998-01-01;;
IRL001I13247;;IRL;;;1.08;0.00;0.00;;5.80;0.00;MAKO;367P;C367P;Cork;;Y;EI8301;N;N;N;;;WO;;FPO, NK;14.70;0.00;Fiber/Plastic;;1998-01-01;MFL;1998-01-01;;
IRL001I13248;;IRL;;;1.75;0.00;0.00;;6.08;0.00;RONAN OG;558P;G558P;Galway;;Y;EI3014;N;N;N;;;WO;;FPO, NK;14.92;0.00;Fiber/Plastic;;2000-01-01;MFL;1996-01-01;;
IRL001I13249;;IRL;;;0.78;0.00;0.00;;5.19;0.00;CIRRIN NA MARA;16P;SO16P;Sligo;;Y;EI7951;N;N;N;;;WO;;FPO, NK;3.73;0.00;Fiber/Plastic;;1998-01-01;MFL;1998-01-01;;
IRL001I13250;;IRL;;;0.97;0.00;0.00;;5.70;0.00;BETSY;11P;SO11P;Sligo;;Y;EI3489;N;N;N;;;WO;;FPO, NK;7.39;0.00;Wood;;1998-01-01;MFL;1998-01-01;;2024-06-14
IRL001I13251;;IRL;;;6.46;0.00;0.00;;9.80;0.00;MYSTICAL ROSE;35;WT35;;;Y;EI2010;N;N;N;;;MO;;FPO, NK;32.81;0.00;Fiber/Plastic;;1978-08-01;MFL;1978-07-25;;2006-02-22
IRL001I13252;;IRL;;;11.13;0.00;0.00;;11.22;0.00;DANCING MERMAID;681P;SO681P;;;Y;EI4356;N;N;N;;;WO;;FPO, NK;92.50;0.00;Wood;;1978-01-01;MFL;1978-01-01;;2008-05-14
IRL001I13253;;IRL;;;1.26;0.00;0.00;;5.59;0.00;ST RONAN;25P;SO25P;Sligo;;Y;EI7863;N;N;N;;;WO;;FPO, NK;7.39;0.00;Fiber/Plastic;;2002-01-01;MFL;2002-01-01;;
IRL001I13254;;IRL;;;1.46;0.00;0.00;;6.00;0.00;ROSEMARY;38P;SO38P;Sligo;;Y;EI5196;N;N;N;;;WO;;FPO, NK;7.39;0.00;Wood;;1996-01-01;MFL;1996-01-01;;
IRL001I13255;;IRL;;;1.08;0.00;0.00;;5.56;0.00;MIMOSA;39P;SO39P;;;Y;EI3823;N;N;N;;;WO;;FPO, NK;5.97;0.00;Wood;;1979-01-01;MFL;1979-01-01;;2009-12-30
IRL001I13256;;IRL;;;1.14;0.00;0.00;;5.54;0.00;PEGASUS;40P;SO40P;;;Y;EI3809;N;N;N;;;WO;;FPO, NK;4.48;0.00;Wood;;1964-01-01;MFL;1964-01-01;;2017-11-03
IRL001I13257;;IRL;;;1.69;0.00;0.00;;6.42;0.00;CARRAIG AN IASC;366P;C366P;;;Y;EI8264;N;N;N;;;WO;;FPO, NK;48.52;0.00;Fiber/Plastic;;1983-01-01;MFL;1983-01-01;2011-04-08;
IRL001I13258;;IRL;;;2.76;0.00;0.00;;8.08;0.00;MARY ROSE;438P;S438P;Skibbereen;;Y;EI3357;N;N;N;;;WO;;FPO, NK;42.00;0.00;Fiber/Plastic;;1990-01-01;MFL;1900-01-01;;
IRL001I13259;;IRL;;;0.99;0.00;0.00;;4.97;0.00;MIGHTY HAGGIS;462P;S462P;;;Y;Ei2700;N;N;N;;;WO;;FPO, NK;14.94;0.00;Fiber/Plastic;;1992-01-01;MFL;1990-01-01;;2018-01-18
IRL001I13260;;IRL;;;5.80;0.00;0.00;;9.56;0.00;CHLOE REBECCA;153;T153;Tralee;;Y;EI3448;N;N;N;;;WO;;FPO, GNS, LHP;80.00;0.00;Fiber/Plastic;;1998-01-01;MFL;1998-01-01;;2025-09-03
IRL001I13261;;IRL;;;4.54;0.00;0.00;;7.01;0.00;HARGRIF;428P;S428P;;;Y;EI2912;N;N;N;;;WO;;FPO, NK;33.00;0.00;Fiber/Plastic;;2001-02-19;MFL;1900-01-01;;2008-08-08
IRL001I13262;;IRL;;;1.04;0.00;0.00;;5.50;0.00;REDSHANK;43P;SO43P;;;Y;EI5226;N;N;N;;;WO;;FPO, NK;4.48;0.00;Wood;;2002-01-01;MFL;2002-01-01;;2018-03-22
IRL001I13263;;IRL;;;2.04;0.00;0.00;;8.03;0.00;CRESSWELL;443P;S443P;Skibbereen;;Y;EI5207;N;N;N;;;WO;;FPO, NK;67.68;0.00;Fiber/Plastic;;1980-01-01;MFL;1980-01-01;;
IRL001I13264;;IRL;;;1.53;0.00;0.00;;5.72;0.00;UISCE FUINNEOG;34P;SO34P;;;Y;EI8236;N;N;N;;;WO;;FPO, NK;7.50;0.00;Fiber/Plastic;;1996-01-01;MFL;1996-01-01;;2014-08-28
IRL001I13265;;IRL;;;0.92;0.00;0.00;;5.74;0.00;GOLDEN OLIVE;33P;SO33P;;;Y;EI5004;N;N;N;;;WO;;FPO, NK;4.48;0.00;Fiber/Plastic;;2002-12-30;MFL;2002-01-01;;2017-08-24
IRL001I13267;;IRL;;;0.79;0.00;0.00;;5.40;0.00;JOHNNY V;686P;D686P;Dublin;;Y;EI8625;N;N;N;;;WO;;FPO, NK;6.00;0.00;Wood;;1990-01-01;MFL;1990-01-01;;
IRL001I13271;;IRL;;;5.08;0.00;0.00;;8.80;0.00;LOUGHINE;363P;C363P;;;Y;EI5223;N;N;N;;;WO;;FPO, NK;41.00;0.00;Wood;;1975-01-01;MFL;1975-01-01;;2015-01-13
IRL001I13272;;IRL;;;0.63;0.00;0.00;;4.88;0.00;SAINT VERONICA;439P;S439P;;;Y;EI2852;N;N;N;;;WO;;FPO, NK;5.90;0.00;Wood;;1990-01-01;MFL;1988-01-01;;2017-10-20
IRL001I13273;;IRL;;;4.09;0.00;0.00;;8.04;0.00;ATLANTIC SOUND;195P;G195P;United Kingdom;;Y;EI3694;N;N;N;;;WO;;FPO, NK;29.84;0.00;Wood;;1986-01-01;MFL;1983-01-01;;2019-06-19
IRL001I13274;;IRL;;;1.79;0.00;0.00;;8.08;0.00;CARRIGEEN;569P;G569P;Galway;;Y;EI8193;N;N;N;;;WO;;FPO, NK;59.68;0.00;Fiber/Plastic;;1990-01-01;MFL;1988-01-01;;
IRL001I13275;;IRL;;;0.82;0.00;0.00;;5.50;0.00;CHLOE;32P;SO32P;;;Y;EI5176;N;N;N;;;WO;;FPO, NK;5.97;0.00;Wood;;1996-01-01;MFL;1996-01-01;;2019-06-18
IRL001I13276;;IRL;;;3.27;0.00;0.00;;7.60;0.00;EOIN;48P;SO48P;Sligo;;Y;EI8037;N;N;N;;;WO;;FPO, NK;31.33;0.00;Wood;;1990-01-01;MFL;1987-01-01;;
IRL001I13278;;IRL;;;2.40;0.00;0.00;;7.90;0.00;SOLAS;574P;G574P;Galway;;Y;EI3108;N;N;N;;;WO;;FPO, NK;164.00;0.00;Fiber/Plastic;;2002-12-30;MFL;2002-01-01;;
IRL001I13279;;IRL;;;1.58;0.00;0.00;;7.13;0.00;ST. BRIDGET;539P;G539P;United Kingdom;;Y;EI4129;N;N;N;;;WO;;FPO, NK;22.38;0.00;Wood;;1990-01-01;MFL;1987-01-01;;2013-09-17
IRL001I13280;;IRL;;;0.86;0.00;0.00;;5.18;0.00;STEPHEN;321;C321;;;Y;EI8641;N;N;N;;;MO;;FPO, GNS, LHP, GND;7.92;0.00;Fiber/Plastic;;1990-10-01;MFL;1979-01-01;;2019-08-06
IRL001I13283;;IRL;;;1.81;0.00;0.00;;6.20;0.00;MARY ANN;580;G580;Galway;;Y;EI3586;N;N;N;;;MO;;FPO, GNS;11.30;0.00;Fiber/Plastic;;1990-10-01;MFL;1980-01-01;;
IRL001I13285;;IRL;;;1.15;0.00;0.00;;6.59;0.00;ST JOSEPH;584;G584;Galway;;Y;EI8083;N;N;N;;;MO;;FPO, LHP, DRB;11.00;0.00;Wood;;1994-01-01;MFL;1994-01-01;;2024-08-08
IRL001I13286;;IRL;;;0.46;0.00;0.00;;5.16;0.00;PRAHAN MOR;575P;G575P;Galway;;Y;EI8096;N;N;N;;;WO;;FPO, NK;3.73;0.00;Wood;;1990-10-01;MFL;1972-01-01;;
IRL001I13287;;IRL;;;0.65;0.00;0.00;;5.07;0.00;GIRL GEMMA;582P;G582P;United Kingdom;;Y;EI8133;N;N;N;;;WO;;FPO, NK;11.19;0.00;Fiber/Plastic;;1995-01-01;MFL;1995-01-01;;2018-02-23
IRL001I13288;;IRL;;;1.10;0.00;0.00;;5.72;0.00;SIOBHAN;58P;SO58P;;;Y;EI8360;N;N;N;;;WO;;FPO, NK;5.97;0.00;Fiber/Plastic;;1993-01-01;MFL;1993-01-01;;2017-09-14
IRL001I13289;;IRL;;;2.61;0.00;0.00;;7.42;0.00;EMERALD ISLE;56P;SO56P;;;Y;EI5025;N;N;N;;;WO;;FPO, NK;37.30;0.00;Wood;;1996-01-01;MFL;1996-01-01;;2015-06-23
IRL001I13290;;IRL;;;0.52;0.00;0.00;;5.59;0.00;THE COVE;588P;G588P;Galway;;Y;EI5217;N;N;N;;;WO;;FPO, NK;7.39;0.00;Fiber/Plastic;;1991-01-01;MFL;1990-01-01;;
IRL001I13291;;IRL;;;0.70;0.00;0.00;;5.60;0.00;SWALLOW;594;G594;United Kingdom;;Y;EI8560;N;N;N;;;MO;;GNS, FPO;7.39;0.00;Wood;;1990-10-01;MFL;1987-01-01;;2018-10-03
IRL001I13292;;IRL;;;1.07;0.00;0.00;;6.30;0.00;FININ;246;G246;United Kingdom;;Y;EI5259;N;N;N;;;MO;;FPO, LLS;7.39;0.00;Fiber/Plastic;;2003-06-30;MFL;2003-06-30;;2007-11-15
IRL001I13297;;IRL;;;2.10;0.00;0.00;;8.58;0.00;ST MARTIN;595;G595;United Kingdom;;Y;EI8652;N;N;N;;;MO;;GNS, FPO;11.50;0.00;Wood;;1990-10-01;MFL;1990-01-01;;2014-05-01
IRL001I13299;;IRL;;;1.84;0.00;0.00;;6.15;0.00;CHLOE;261;W261;Waterford;;Y;EI6223;N;N;N;;;MO;;GNS, FPO;5.90;0.00;Fiber/Plastic;;2001-01-01;MFL;2001-01-01;;
IRL001I13300;;IRL;;;1.26;0.00;0.00;;6.16;0.00;ST ENDA;177;SO177;;;Y;EI8694;N;N;N;;;MO;;LHP, GNS;11.19;0.00;Wood;;1990-10-01;MFL;1984-01-01;;2015-05-27
IRL001I13301;;IRL;;;1.15;0.00;0.00;;6.18;0.00;RENVYLE OAK;597;G597;United Kingdom;;Y;EI8633;N;N;N;;;MO;;GNS, FPO;11.19;0.00;Wood;;1990-10-01;MFL;1985-01-01;;2018-03-06
IRL001I13302;;IRL;;;2.06;0.00;0.00;;6.67;0.00;BENDORAN;229P;WT229P;;;Y;EI7811;N;N;N;;;WO;;FPO, NK;15.00;0.00;Fiber/Plastic;;1990-10-01;MFL;1900-01-01;;2017-05-15
IRL001I13303;;IRL;;;0.83;0.00;0.00;;5.71;0.00;CEANN GHOLAIM;578P;G578P;Galway;;Y;EI5173;N;N;N;;;WO;;FPO, NK;11.00;0.00;Wood;;1984-01-01;MFL;1973-01-01;;
IRL001I13304;;IRL;;;1.62;0.00;0.00;;6.71;0.00;KATHLEEN;45P;SO45P;;;Y;EI8262;N;N;N;;;WO;;FPO, NK;7.46;0.00;Wood;;1999-01-01;MFL;1999-01-01;;2008-10-09
IRL001I13305;;IRL;;;0.80;0.00;0.00;;6.31;0.00;VALHALLA;579P;G579P;United Kingdom;;Y;EI8470;N;N;N;;;WO;;FPO, NK;7.39;0.00;Wood;;1990-10-01;MFL;1990-01-01;;2016-10-20
IRL001I13306;;IRL;;;2.01;0.00;0.00;;7.37;0.00;ST MARTIN;51P;SO51P;;;Y;EI8349;N;N;N;;;WO;;FPO, NK;11.19;0.00;Wood;;1999-01-01;MFL;1999-01-01;;2014-11-12
IRL001I13307;;IRL;;;1.01;0.00;0.00;;5.90;0.00;CAPEL DAWN;348P;C348P;;;Y;EI5241;N;N;N;;;WO;;FPO, NK;13.43;0.00;Fiber/Plastic;;1990-10-01;MFL;1979-01-01;;2010-02-25
IRL001I13308;;IRL;;;4.32;0.00;0.00;;10.38;0.00;GENESIS II;499P;T499P;Tralee;;Y;EI6088;N;N;N;;;WO;;FPO, NK;238.40;0.00;Fiber/Plastic;;1990-01-01;MFL;1989-01-01;;2024-12-03
IRL001I13309;;IRL;;;1.06;0.00;0.00;;5.05;0.00;LADY JAYNE;504P;T504P;Finland;;Y;EI5250;N;N;N;;;WO;;FPO, NK;11.00;0.00;Fiber/Plastic;;1995-01-01;MFL;1995-01-01;;2018-10-02
IRL001I13310;;IRL;;;2.88;0.00;0.00;;8.00;0.00;DUN A MBHO;235P;WT235P;Westport;;Y;EI5415;N;N;N;;;WO;;FPO, NK;11.19;0.00;Wood;;1990-01-01;MFL;1971-01-01;;
IRL001I13311;;IRL;;;1.21;0.00;0.00;;5.66;0.00;AN DOL;570P;G570P;United Kingdom;;Y;EI3022;N;N;N;;;WO;;FPO, NK;11.19;0.00;Fiber/Plastic;;1996-01-01;MFL;1996-01-01;;2009-06-05
IRL001I13312;;IRL;;;1.06;0.00;0.00;;5.96;0.00;ST NICOLE;46P;SO46P;;;Y;EI4047;N;N;N;;;WO;;FPO, NK;22.38;0.00;Fiber/Plastic;;1998-01-01;MFL;1998-01-01;;2013-08-26
IRL001I13313;;IRL;;;2.28;0.00;0.00;;7.00;0.00;ALBATROSS;507P;T507P;Tralee;;Y;EI8177;N;N;N;;;WO;;FPO, NK;26.15;0.00;Fiber/Plastic;;1975-01-01;MFL;1975-01-01;;
IRL001I13314;;IRL;;;0.79;0.00;0.00;;5.95;0.00;JOSEPHINE;228P;WT228P;Westport;;Y;EI7812;N;N;N;;;WO;;FPO, NK;11.19;0.00;Wood;;2000-01-01;MFL;2000-01-01;;
IRL001I13315;;IRL;;;11.32;0.00;0.00;;10.90;0.00;AN POTA GLIOMACH;19P;WT19P;Westport;;Y;EI3817;N;N;N;;;WO;;FPO, NK;160.40;0.00;Metal;;1994-01-01;MFL;1994-01-01;;
IRL001I13316;;IRL;;;1.68;0.00;0.00;;5.68;0.00;ISLAND MIST;230P;WT230P;Westport;;Y;EI5482;N;N;N;;;WO;;FPO, NK;37.30;0.00;Fiber/Plastic;;1990-01-01;MFL;1990-01-01;;
IRL001I13317;;IRL;;;1.84;0.00;0.00;;6.53;0.00;KITTY S;37P;SO37P;;;Y;EI7837;N;N;N;;;WO;;FPO, NK;10.00;0.00;Wood;;1986-01-01;MFL;1986-01-01;;2014-12-11
IRL001I13318;;IRL;;;1.93;0.00;0.00;;7.04;0.00;OILEAN NA GCAPALL;357;WT357;;;Y;EI3242;N;N;N;;;WO;;GND, GNS;7.46;0.00;Wood;;2002-12-30;MFL;2002-01-01;;2018-08-16
IRL001I13319;;IRL;;;0.99;0.00;0.00;;5.61;0.00;ROINNA;66P;SO66P;;;Y;EI8117;N;N;N;;;WO;;FPO, NK;11.19;0.00;Fiber/Plastic;;1989-01-01;MFL;1989-01-01;;2019-02-05
IRL001I13320;;IRL;;;0.57;0.00;0.00;;5.72;0.00;RACHAEL L;587P;G587P;Galway;;Y;EI8090;N;N;N;;;WO;;FPO, NK;5.97;0.00;Wood;;1976-01-01;MFL;1976-01-01;;
IRL001I13321;;IRL;;;7.20;0.00;0.00;;9.86;0.00;BEAL GEALL;446;S446;;;Y;EI4612;N;N;N;;;MO;;FPO, GNS;60.00;0.00;Wood;;2000-01-01;MFL;1967-01-01;;2016-09-14
IRL001I13322;;IRL;;;0.75;0.00;0.00;;5.17;0.00;LORRAINE;59P;SO59P;;;Y;EI3290;N;N;N;;;WO;;FPO, NK;11.19;0.00;Fiber/Plastic;;2002-12-30;MFL;2002-01-01;;2017-04-11
IRL001I13323;;IRL;;;0.83;0.00;0.00;;5.77;0.00;LINDA;565P;G565P;United Kingdom;;Y;EI5191;N;N;N;;;WO;;FPO, NK;7.50;0.00;Wood;;1989-01-01;MFL;1989-01-01;;2016-10-05
IRL001I13324;;IRL;;;1.75;0.00;0.00;;6.08;0.00;NAOMH RONAN;290;G290;Galway;;Y;EIA2589;N;N;N;;;MO;;FPO, GNS, GND, LHP;11.18;0.00;Fiber/Plastic;;1996-01-01;MFL;1996-01-01;;
IRL001I13325;;IRL;;;2.68;0.00;0.00;;7.74;0.00;IOLAR THORAIGH;49P;SO49P;;;Y;EI5170;N;N;N;;;WO;;FPO, NK;14.92;0.00;Wood;;2001-08-01;MFL;2000-01-01;;2014-06-05
IRL001I13326;;IRL;;;2.74;0.00;0.00;;9.55;0.00;NAOMH RIOCH;596P;G596P;Galway;;Y;EI4357;N;N;N;;;WO;;FPO, NK;30.00;0.00;Wood;;1971-01-01;MFL;1971-01-01;;
IRL001I13327;;IRL;;;6.53;0.00;0.00;;9.70;0.00;NAOMH COLMCILLE;576P;G576P;Galway;;Y;EI5651;N;N;N;;;WO;;FPO, NK;33.01;0.00;Wood;;1969-01-01;MFL;1969-01-01;;
IRL001I13328;;IRL;;;4.68;0.00;0.00;;10.74;0.00;GIOLLA MEAR;203P;C203P;;;Y;EI8054;N;N;N;;;WO;;FPO, NK;246.00;0.00;Fiber/Plastic;;1984-04-18;MFL;1984-01-01;;2015-09-16
IRL001I13329;;IRL;;;0.78;0.00;0.00;;5.22;0.00;LONE STAR;368P;C368P;;;Y;EI3705;N;N;N;;;WO;;FPO, NK;11.19;0.00;Fiber/Plastic;;1993-01-01;MFL;1993-01-01;;2017-09-13
IRL001I13330;;IRL;;;2.67;0.00;0.00;;6.92;0.00;ROS SCAITE;68P;SO68P;Sligo;;Y;EI7806;N;N;N;;;WO;;FPO, NK;17.90;0.00;Wood;;1998-01-01;MFL;1997-01-01;;
IRL001I13331;;IRL;;;0.63;0.00;0.00;;4.88;0.00;CARA BEAG;065P;S065P;Sligo;;Y;EI8372;N;N;N;;;WO;;FPO, NK;7.39;0.00;Fiber/Plastic;;1994-01-01;MFL;1990-01-01;;
IRL001I13332;;IRL;;;1.15;0.00;0.00;;5.85;0.00;Realt Na Noileain;509P;T509P;Tralee;;Y;EI2859;N;N;N;;;WO;;FPO, NK;18.68;0.00;Fiber/Plastic;;2002-12-30;MFL;2001-01-01;;
IRL001I13333;;IRL;;;2.74;0.00;0.00;;7.58;0.00;EMMA;677;S677;Skibbereen;;Y;EI3162;N;N;N;;;MO;;DRB, GNS, FPO, DRM;29.10;0.00;Fiber/Plastic;;1975-01-01;MFL;1975-01-01;;
IRL001I13334;;IRL;;;1.60;0.00;0.00;;6.70;0.00;TIERNAN;53P;SO53P;;;Y;EI3855;N;N;N;;;WO;;FPO, NK;7.46;0.00;Wood;;1997-01-01;MFL;1997-01-01;;2017-09-28
IRL001I13335;;IRL;;;2.22;0.00;0.00;;6.88;0.00;PISCES;234P;WT234P;Westport;;Y;EI8457;N;N;N;;;WO;;FPO, NK;16.40;0.00;Wood;;1998-01-01;MFL;1998-01-01;;2021-07-30
IRL001I13336;;IRL;;;0.61;0.00;0.00;;5.62;0.00;ST PATRICK;238P;WT238P;Westport;;Y;EI2979;N;N;N;;;WO;;FPO, NK;7.40;0.00;Wood;;2002-12-30;MFL;2002-01-01;;
IRL001I13337;;IRL;;;0.60;0.00;0.00;;5.53;0.00;DONAL OG;233P;WT233P;;;Y;EI8141;N;N;N;;;WO;;FPO, NK;5.97;0.00;Wood;;1995-01-01;MFL;1995-01-01;;2018-02-23
IRL001I13338;;IRL;;;0.80;0.00;0.00;;7.24;0.00;AN CLUISIN;511P;T511P;Tralee;;Y;EI4088;N;N;N;;;WO;;FPO, NK;5.90;0.00;Wood;;1988-01-01;MFL;1988-01-01;;
IRL001I13339;;IRL;;;0.64;0.00;0.00;;5.64;0.00;MARTIN JAMESY;362P;WT362P;Westport;;Y;EI8164;N;N;N;;;WO;;FPO, NK;5.97;0.00;Wood;;1998-01-01;MFL;1998-01-01;;
IRL001I13340;;IRL;;;3.53;0.00;0.00;;8.55;0.00;MACDARA;236P;WT236P;Westport;;Y;EI3145;N;N;N;;;WO;;FPO, NK;32.82;0.00;Wood;;1990-01-01;MFL;1985-01-01;;
IRL001I13341;;IRL;;;1.80;0.00;0.00;;6.78;0.00;GRAINNE;79P;SO79P;Sligo;;Y;EI5244;N;N;N;;;WO;;FPO, NK;7.46;0.00;Wood;;1993-01-01;MFL;1993-01-01;;
IRL001I13342;;IRL;;;0.91;0.00;0.00;;5.26;0.00;OCEAN DAWN;50P;SO50P;Sligo;;Y;EI3869;N;N;N;;;WO;;FPO, NK;7.39;0.00;Fiber/Plastic;;2002-12-30;MFL;1996-01-01;;
IRL001I13343;;IRL;;;0.56;0.00;0.00;;5.67;0.00;MEABH;601P;G601P;United Kingdom;;Y;EI8451;N;N;N;;;WO;;FPO, NK;11.19;0.00;Fiber/Plastic;;1989-01-01;MFL;1989-01-01;;2016-10-20
IRL001I13344;;IRL;;;0.56;0.00;0.00;;5.50;0.00;DAWN POTTER;206P;WT206P;Westport;;Y;EI3289;N;N;N;;;WO;;FPO, NK;7.50;0.00;Wood;;2001-01-01;MFL;2001-01-01;;
IRL001I13345;;IRL;;;4.60;0.00;0.00;;9.22;0.00;CLIONAS WAVE;467P;S467P;;;Y;EI8318;N;N;N;;;WO;;FPO, NK;59.75;0.00;Fiber/Plastic;;1998-01-01;MFL;1998-01-01;;2017-10-09
IRL001I13346;;IRL;;;1.26;0.00;0.00;;5.84;0.00;GIRL LINDA;82P;SO82P;;;Y;EI6498;N;N;N;;;WO;;FPO, NK;7.39;0.00;Wood;;1989-01-01;MFL;1989-01-01;;2015-06-03
IRL001I13347;;IRL;;;1.83;0.00;0.00;;7.39;0.00;ST MAE;71;SO71;;;Y;EIKZ4;N;N;N;;;MO;;LHP, GNS, GNC, GND;7.38;0.00;Wood;;1990-01-01;MFL;1987-01-01;;2020-09-18
IRL001I13348;;IRL;;;1.31;0.00;0.00;;5.80;0.00;SAINT BRENDAN;609P;G609P;Galway;;Y;EI8024;N;N;N;;;WO;;FPO, NK;11.19;0.00;Fiber/Plastic;;1995-01-01;MFL;1995-01-01;;
IRL001I13349;;IRL;;;2.03;0.00;0.00;;6.15;0.00;BOY THOMAS;246;D246;;;Y;EI8647;N;N;N;;;MO;;FPO, LHP;19.98;0.00;Fiber/Plastic;;1990-10-01;MFL;1980-01-01;;2007-04-30
IRL001I13350;;IRL;;;5.18;0.00;0.00;;8.38;0.00;LAG NA HUILLINN;55P;SO55P;;;Y;EI3050;N;N;N;;;WO;;FPO, NK;26.88;0.00;Wood;;1998-01-01;MFL;1998-01-01;;2015-09-16
IRL001I13351;;IRL;;;2.11;0.00;0.00;;6.71;0.00;ROSE OF SHARON;78P;SO78P;;;Y;EI2970;N;N;N;;;WO;;FPO, NK;11.18;0.00;Wood;;1987-01-01;MFL;1987-01-01;;2015-05-18
IRL001I13352;;IRL;;;1.14;0.00;0.00;;6.10;0.00;THRUSH;93P;SO93P;;;Y;EI8448;N;N;N;;;WO;;FPO, NK;7.39;0.00;Wood;;1999-01-01;MFL;1999-01-01;;2018-05-25
IRL001I13353;;IRL;;;0.62;0.00;0.00;;5.13;0.00;FIFI;76P;SO76P;Sligo;;Y;EI3936;N;N;N;;;WO;;FPO, NK;14.92;0.00;Fiber/Plastic;;1993-01-01;MFL;1993-01-01;;
IRL001I13354;;IRL;;;1.61;0.00;0.00;;6.66;0.00;LIAM ELAINE;86P;SO86P;Sligo;;Y;EI8396;N;N;N;;;WO;;FPO, NK;11.19;0.00;Wood;;1999-01-01;MFL;1999-01-01;;2024-05-30
IRL001I13355;;IRL;;;1.02;0.00;0.00;;5.49;0.00;NAOMH BRID;69P;SO69P;;;Y;EI4351;N;N;N;;;WO;;FPO, NK;11.19;0.00;Wood;;1996-01-01;MFL;1996-01-01;;2015-07-30
IRL001I13356;;IRL;;;2.95;0.00;0.00;;7.55;0.00;ST MARTIN;80;SO80;Sligo;;Y;EI3937;N;N;N;;;MO;;FPO, LHP, GNS;28.35;0.00;Fiber/Plastic;;1990-01-01;MFL;1983-01-01;;2023-07-19
IRL001I13357;;IRL;;;0.79;0.00;0.00;;5.30;0.00;GARRADH BAN;91P;SO91P;;;Y;EI4192;N;N;N;;;WO;;FPO, NK;5.97;0.00;Wood;;1995-01-01;MFL;1995-01-01;;2007-06-11
IRL001I13358;;IRL;;;7.97;0.00;0.00;;11.23;0.00;BROD AN IARTHAIR;490P;SO490P;;;Y;EI4525;N;N;N;;;WO;;FPO, NK;59.68;0.00;Wood;;1973-01-01;MFL;1973-01-01;2011-03-25;
IRL001I13359;;IRL;;;0.59;0.00;0.00;;5.62;0.00;COWLOON BRIDGE;240P;WT240P;Westport;;Y;EI7958;N;N;N;;;WO;;FPO, NK;32.00;0.00;Fiber/Plastic;;1990-01-01;MFL;1984-01-01;;2024-12-17
IRL001I13360;;IRL;;;1.01;0.00;0.00;;5.92;0.00;ARLANDS ANGEL;41P;SO41P;;;Y;EI5185;N;N;N;;;WO;;FPO, NK;7.39;0.00;Wood;;1993-01-01;MFL;1993-01-01;;2009-11-13
IRL001I13362;;IRL;;;0.79;0.00;0.00;;5.70;0.00;DAMHNAIT MAIREAD;610;G610;United Kingdom;;Y;EI8127;N;N;N;;;MO;;FPO, LHP;7.39;0.00;Wood;;1990-10-01;MFL;1966-01-01;;2015-01-23
IRL001I13364;;IRL;;;0.70;0.00;0.00;;5.63;0.00;EALA;600;G600;Galway;;Y;EI8710;N;N;N;;;WO;;LHP, FPO, GNS;7.39;0.00;Wood;;1990-10-01;MFL;1966-01-01;;
IRL001I13367;;IRL;;;1.39;0.00;0.00;;6.58;0.00;NAOMH TREASA;589P;G589P;Galway;;Y;EI3854;N;N;N;;;WO;;FPO, NK;11.19;0.00;Wood;;1999-01-01;MFL;1997-01-01;;
IRL001I13368;;IRL;;;3.51;0.00;0.00;;8.56;0.00;MONEY GOLD;313P;SO313P;;;Y;EI8064;N;N;N;;;WO;;FPO, NK;11.19;0.00;Wood;;1990-10-01;MFL;1971-01-01;2010-06-16;
IRL001I13369;;IRL;;;0.61;0.00;0.00;;4.51;0.00;ST. MARY;61;SO61;Sligo;;Y;EI8268;N;N;N;;;MO;;FPO, LHP;5.96;0.00;Fiber/Plastic;;2001-01-01;MFL;2001-01-01;;
IRL001I13370;;IRL;;;1.20;0.00;0.00;;5.76;0.00;GIRL ROSALEEN;44P;SO44P;Sligo;;Y;EI5221;N;N;N;;;WO;;FPO, NK;7.39;0.00;Wood;;1997-01-01;MFL;1997-01-01;;
IRL001I13372;;IRL;;;0.90;0.00;0.00;;5.22;0.00;THE KAY;512P;T512P;Tralee;;Y;EI8414;N;N;N;;;WO;;FPO, NK;7.50;0.00;Fiber/Plastic;;1998-01-01;MFL;1988-01-01;;
IRL001I13373;;IRL;;;1.30;0.00;0.00;;5.75;0.00;BEAL NA GLAISE;237P;WT237P;;;Y;EI7326;N;N;N;;;WO;;FPO, NK;41.03;0.00;Fiber/Plastic;;1998-01-01;MFL;1998-01-01;;2017-02-14
IRL001I13380;;IRL;;;1.07;0.00;0.00;;5.60;0.00;MARINE BLUE;52P;SO52P;;;Y;EI8355;N;N;N;;;WO;;FPO, NK;11.19;0.00;Fiber/Plastic;;2002-01-01;MFL;2002-01-01;;2014-05-02
IRL001I13381;;IRL;;;2.76;0.00;0.00;;7.00;0.00;AN BRADAN FEASA;88P;SO88P;;;Y;EI6106;N;N;N;;;WO;;FPO, NK;14.92;0.00;Wood;;1997-07-01;MFL;1997-01-01;;2017-05-12
IRL001I13382;;IRL;;;1.68;0.00;0.00;;6.48;0.00;KESTRAL;353P;C353P;Cork;;Y;EI3150;N;N;N;;;WO;;FPO, NK;41.70;0.00;Fiber/Plastic;;2000-06-01;MFL;1978-01-01;;
IRL001I13383;;IRL;;;2.20;0.00;0.00;;6.51;0.00;TIDE RUNNER;41;T41;Tralee;;Y;EIIF7;N;N;N;;;MO;;LHP, FPO;16.00;0.00;Fiber/Plastic;;1980-01-01;MFL;1980-01-01;;
IRL001I13384;;IRL;;;3.13;0.00;0.00;;7.40;0.00;LADY J;241;WT241;Westport;;Y;EI8292;N;N;N;;;GO;;FPO, GNS;10.03;0.00;Wood;;1990-01-01;MFL;1983-01-01;;
IRL001I13385;;IRL;;;1.08;0.00;0.00;;5.03;0.00;CRUDAN;605P;G605P;United Kingdom;;Y;EI8196;N;N;N;;;WO;;FPO, NK;18.65;0.00;Fiber/Plastic;;1986-01-01;MFL;1986-01-01;;2009-08-14
IRL001I13386;;IRL;;;0.43;0.00;0.00;;5.42;0.00;SEA SPRAY;604P;G604P;United Kingdom;;Y;EI8194;N;N;N;;;WO;;FPO, NK;2.98;0.00;Wood;;1990-01-01;MFL;1990-01-01;;2009-08-14
IRL001I13387;;IRL;;;0.65;0.00;0.00;;5.65;0.00;NO BOTHER;585P;G585P;United Kingdom;;Y;EI2938;N;N;N;;;WO;;FPO, NK;11.50;0.00;Metal;;2002-01-01;MFL;2002-01-01;;2017-05-12
IRL001I13388;;IRL;;;5.66;0.00;0.00;;9.90;0.00;OISIN;590P;G590P;United Kingdom;;Y;EI5262;N;N;N;;;WO;;FPO, NK;59.68;0.00;Wood;;1968-01-01;MFL;1968-01-01;;2017-09-28
IRL001I13389;;IRL;;;6.25;0.00;0.00;;9.45;0.00;SINEAD;591P;G591P;United Kingdom;;Y;EI3240;N;N;N;;;WO;;FPO, NK;59.76;0.00;Wood;;1979-01-01;MFL;1979-01-01;;2020-07-15
IRL001I13390;;IRL;;;0.59;0.00;0.00;;5.50;0.00;AN RONACH BEO;243P;WT243P;Westport;;Y;EI8391;N;N;N;;;WO;;FPO, NK;11.94;0.00;Wood;;2000-01-01;MFL;2000-01-01;;
IRL001I13392;;IRL;;;1.44;0.00;0.00;;5.80;0.00;VICALOR;369P;C369P;Cork;;Y;EI7857;N;N;N;;;WO;;FPO, NK;15.00;0.00;Fiber/Plastic;;1995-01-01;MFL;1995-01-01;;
IRL001I13393;;IRL;;;0.72;0.00;0.00;;5.66;0.00;ST CAILIN;606P;G606P;Galway;;Y;EI8059;N;N;N;;;WO;;FPO, NK;7.39;0.00;Wood;;1990-01-01;MFL;1985-01-01;;
IRL001I13394;;IRL;;;6.65;0.00;0.00;;11.16;0.00;MARWYN;376P;C376P;Cork;;Y;EI8431;N;N;N;;;WO;;FPO, NK;89.50;0.00;Wood;;1976-01-01;MFL;1976-01-01;;
IRL001I13395;;IRL;;;0.73;0.00;0.00;;4.90;0.00;GARNISH GULL;373;C373;;;Y;EI8558;N;N;N;;;MO;;GNS, LHP;3.60;0.00;Fiber/Plastic;;1994-01-01;MFL;1994-01-01;;2014-12-18
IRL001I13396;;IRL;;;1.39;0.00;0.00;;6.10;0.00;MARIE;90P;SO90P;;;Y;EI3537;N;N;N;;;WO;;FPO, NK;7.46;0.00;Wood;;1996-01-01;MFL;1996-01-01;;2016-05-04
IRL001I13397;;IRL;;;3.79;0.00;0.00;;8.40;0.00;CAILIN ALAINN;612P;G612P;United Kingdom;;Y;EI3441;N;N;N;;;WO;;FPO, NK;89.52;0.00;Wood;;1985-01-01;MFL;1985-01-01;2016-09-22;
IRL001I13399;;IRL;;;1.15;0.00;0.00;;5.89;0.00;Arctic Sun;98P;SO98P;Sligo;;Y;EI8452;N;N;N;;;WO;;FPO, NK;11.19;0.00;Fiber/Plastic;;2001-01-01;MFL;2001-01-01;;
IRL001I13400;;IRL;;;0.55;0.00;0.00;;5.77;0.00;THE SHARK;618P;G618P;Galway;;Y;EI4182;N;N;N;;;WO;;FPO, NK;5.20;0.00;Wood;;1996-01-01;MFL;1996-01-01;;
IRL001I13401;;IRL;;;0.62;0.00;0.00;;5.46;0.00;AILISH MARIE;619P;G619P;United Kingdom;;Y;EI8472;N;N;N;;;WO;;FPO, NK;7.39;0.00;Wood;;1984-01-01;MFL;1984-01-01;;2017-05-12
IRL001I13402;;IRL;;;0.69;0.00;0.00;;5.51;0.00;DOON;572P;G572P;Galway;;Y;EI3113;N;N;N;;;WO;;FPO, NK;11.20;0.00;Wood;;1998-01-01;MFL;1998-01-01;;
IRL001I13403;;IRL;;;2.41;0.00;0.00;;8.16;0.00;MUSKATEERS;598P;G598P;United Kingdom;;Y;EI4593;N;N;N;;;WO;;FPO, NK;33.57;0.00;Fiber/Plastic;;1985-01-01;MFL;1985-01-01;2018-10-03;
IRL001I13404;;IRL;;;1.07;0.00;0.00;;6.66;0.00;INISHFRI;586P;G586P;Galway;;Y;EI8130;N;N;N;;;WO;;FPO, NK;11.19;0.00;Wood;;2000-01-01;MFL;2000-01-01;;
IRL001I13405;;IRL;;;0.56;0.00;0.00;;5.65;0.00;SAINT MARTIN;611P;G611P;Galway;;Y;EI8374;N;N;N;;;WO;;FPO, NK;7.39;0.00;Wood;;1980-01-01;MFL;1980-01-01;;
IRL001I13406;;IRL;;;1.08;0.00;0.00;;5.31;0.00;MORNING STAR;466P;S466P;Skibbereen;;Y;EI8229;N;N;N;;;WO;;FPO, NK;11.19;0.00;Fiber/Plastic;;1999-01-01;MFL;1992-01-01;;
IRL001I13407;;IRL;;;0.84;0.00;0.00;;5.24;0.00;SHARON ROSE;461P;S461P;Skibbereen;;Y;EI2988;N;N;N;;;WO;;FPO, NK;7.40;0.00;Fiber/Plastic;;1988-01-01;MFL;1988-01-01;;
IRL001I13408;;IRL;;;0.94;0.00;0.00;;5.28;0.00;LAOISE;471P;S471P;Skibbereen;;Y;EI3349;N;N;N;;;WO;;FPO, NK;11.19;0.00;Fiber/Plastic;;1996-01-01;MFL;1993-01-01;;
IRL001I13409;;IRL;;;1.01;0.00;0.00;;6.17;0.00;BROD INIS IARTHAIR;96P;SO96P;Sligo;;Y;EI7865;N;N;N;;;WO;;FPO, NK;4.48;0.00;Wood;;1995-01-01;MFL;1995-01-01;;2023-10-13
IRL001I13410;;IRL;;;0.63;0.00;0.00;;5.16;0.00;GIRL CIANNA;29P;SO29P;Sligo;;Y;EI3714;N;N;N;;;WO;;FPO, NK;7.39;0.00;Fiber/Plastic;;1997-01-01;MFL;1997-01-01;;
IRL001I13411;;IRL;;;1.67;0.00;0.00;;6.39;0.00;DANIELLE;85P;SO85P;Sligo;;Y;EI4545;N;N;N;;;WO;;FPO, NK;9.70;0.00;Wood;;1990-01-01;MFL;1984-01-01;;
IRL001I13412;;IRL;;;0.44;0.00;0.00;;5.23;0.00;KEEM BAY;242P;WT242P;Westport;;Y;EI5365;N;N;N;;;WO;;FPO, NK;3.85;0.00;Wood;;1990-01-01;MFL;1983-01-01;;
IRL001I13415;;IRL;;;1.17;0.00;0.00;;6.58;0.00;MULLAUN LIATH;622;G622;Galway;;Y;EI8654;N;N;N;;;MO;;FPO, LHP;18.65;0.00;Wood;;1990-10-01;MFL;1990-01-01;;2022-05-16
IRL001I13416;;IRL;;;1.08;0.00;0.00;;5.30;0.00;ILEN PRIDE;463P;S463P;Skibbereen;;Y;EI3077;N;N;N;;;WO;;FPO, NK;11.20;0.00;Fiber/Plastic;;1988-01-01;MFL;1988-01-01;;
IRL001I13417;;IRL;;;1.40;0.00;0.00;;6.24;0.00;GISELLE;464P;S464P;Skibbereen;;Y;EI4583;N;N;N;;;WO;;FPO, NK;52.29;0.00;Fiber/Plastic;;1997-01-01;MFL;1996-01-01;;
IRL001I13418;;IRL;;;0.88;0.00;0.00;;5.23;0.00;GRANZO;431P;S431P;Skibbereen;;Y;EI3136;N;N;N;;;WO;;FPO, NK;7.46;0.00;Fiber/Plastic;;1985-01-01;MFL;1985-01-01;;
IRL001I13419;;IRL;;;0.76;0.00;0.00;;4.70;0.00;DALY FISHER;465P;S465P;Skibbereen;;Y;EI8344;N;N;N;;;WO;;FPO, NK;7.38;0.00;Fiber/Plastic;;1980-01-01;MFL;1980-01-01;;
IRL001I13420;;IRL;;;0.96;0.00;0.00;;5.23;0.00;TURK HEAD DAWN;436P;S436P;;;Y;EI3397;N;N;N;;;WO;;FPO, NK;11.20;0.00;Fiber/Plastic;;1997-01-01;MFL;1997-01-01;;2018-02-27
IRL001I13421;;IRL;;;1.05;0.00;0.00;;5.24;0.00;SEA WAVE;437P;S437P;Skibbereen;;Y;EI3407;N;N;N;;;WO;;FPO, NK;7.40;0.00;Fiber/Plastic;;2002-01-01;MFL;1997-01-01;;
IRL001I13422;;IRL;;;1.05;0.00;0.00;;5.86;0.00;NAIBH;469P;S469P;Skibbereen;;Y;EI8181;N;N;N;;;WO;;FPO, NK;14.94;0.00;Fiber/Plastic;;2001-01-01;MFL;2001-01-01;;
IRL001I13425;;IRL;;;0.77;0.00;0.00;;4.73;0.00;CARA ANN;515P;T515P;Tralee;;Y;EI8416;N;N;N;;;WO;;FPO, NK;7.50;0.00;Fiber/Plastic;;1980-01-01;MFL;1980-01-01;;
IRL001I13426;;IRL;;;1.04;0.00;0.00;;6.21;0.00;ABUNDANCE;518P;T518P;Finland;;Y;EI8084;N;N;N;;;WO;;FPO, NK;3.70;0.00;Wood;;1978-01-01;MFL;1978-01-01;;2014-05-19
IRL001I13427;;IRL;;;2.85;0.00;0.00;;7.24;0.00;ELIZA;54P;SO54P;;;Y;EI7912;N;N;N;;;WO;;FPO, NK;11.19;0.00;Wood;;1994-01-01;MFL;1994-01-01;;2015-02-17
IRL001I13428;;IRL;;;0.75;0.00;0.00;;5.17;0.00;SHEEPHAVEN;95P;SO95P;Sligo;;Y;EI3409;N;N;N;;;WO;;FPO, NK;11.19;0.00;Fiber/Plastic;;1996-01-01;MFL;1996-01-01;;
IRL001I13429;;IRL;;;8.62;0.00;0.00;;11.02;0.00;SHEILA ANNE;104P;WT104P;Westport;;Y;EI5236;N;N;N;;;WO;;FPO, NK;52.22;0.00;Wood;;1973-01-01;MFL;1972-01-01;;2022-11-03
IRL001I13430;;IRL;;;2.08;0.00;0.00;;6.10;0.00;LADY LAURA;316;WT316;Westport;;Y;EI3465;N;N;N;;;WO;;FPO, GNS;18.65;0.00;Fiber/Plastic;;1998-01-01;MFL;1998-01-01;;
IRL001I13431;;IRL;;;0.87;0.00;0.00;;6.26;0.00;TULLABAWN LASS;245P;WT245P;;;Y;EI8175;N;N;N;;;WO;;FPO, NK;5.97;0.00;Wood;;2003-01-01;MFL;2003-01-01;;2018-10-03
IRL001I13432;;IRL;;;1.25;0.00;0.00;;6.50;0.00;AN DUIREOG;625P;G625P;Galway;;Y;EI8316;N;N;N;;;WO;;FPO, NK;18.63;0.00;Wood;;2000-01-01;MFL;2000-01-01;;
IRL001I13433;;IRL;;;1.07;0.00;0.00;;5.79;0.00;MARY B;517P;T517P;Tralee;;Y;EI8510;N;N;N;;;WO;;FPO, NK;11.70;0.00;Fiber/Plastic;;1987-01-01;MFL;1987-01-01;;
IRL001I13434;;IRL;;;0.83;0.00;0.00;;5.45;0.00;CAOL BUI;510P;T510P;Tralee;;Y;EI7847;N;N;N;;;WO;;FPO, NK;11.00;0.00;Metal;;1951-01-01;MFL;1951-01-01;;
IRL001I13435;;IRL;;;4.51;0.00;0.00;;9.42;0.00;GERARD DESMOND;168P;C168P;;;Y;EI4540;N;N;N;;;WO;;FPO, NK;59.68;0.00;Wood;;1977-01-01;MFL;1977-01-01;;2015-11-26
IRL001I13436;;IRL;;;0.77;0.00;0.00;;4.73;0.00;SHELLY;516P;T516P;Tralee;;Y;EI8415;N;N;N;;;WO;;FPO, NK;7.50;0.00;Fiber/Plastic;;1980-01-01;MFL;1980-01-01;;
IRL001I13437;;IRL;;;2.94;0.00;0.00;;7.68;0.00;OONAGH I;103P;SO103P;;;Y;EI5182;N;N;N;;;WO;;FPO, NK;30.00;0.00;Wood;;1990-01-01;MFL;1900-01-01;;2017-11-23
IRL001I13438;;IRL;;;1.25;0.00;0.00;;6.40;0.00;CASSIE;112P;SO112P;Sligo;;Y;EI8093;N;N;N;;;WO;;FPO, NK;11.19;0.00;Wood;;1996-01-01;MFL;1996-01-01;;
IRL001I13439;;IRL;;;1.41;0.00;0.00;;6.50;0.00;NAOMH MARTIN;110P;SO110P;Sligo;;Y;EI3792;N;N;N;;;WO;;FPO, NK;7.46;0.00;Wood;;1993-01-01;MFL;1985-01-01;;
IRL001I13440;;IRL;;;0.78;0.00;0.00;;5.19;0.00;JAYNE D;57P;SO57P;;;Y;EI5253;N;N;N;;;WO;;FPO, NK;7.39;0.00;Wood;;2000-01-01;MFL;2000-01-01;2014-12-22;
IRL001I13441;;IRL;;;1.25;0.00;0.00;;6.58;0.00;ST OLIVER;97P;SO97P;;;Y;EI4930;N;N;N;;;WO;;FPO, NK;7.39;0.00;Wood;;1991-01-01;MFL;1991-01-01;;2015-04-14
IRL001I13442;;IRL;;;1.01;0.00;0.00;;4.97;0.00;SEA VIEW;630P;G630P;Galway;;Y;EI8549;N;N;N;;;WO;;FPO, NK;11.13;0.00;Fiber/Plastic;;1988-01-01;MFL;1988-01-01;;
IRL001I13443;;IRL;;;1.75;0.00;0.00;;6.08;0.00;WAVE CREST;631P;G631P;United Kingdom;;Y;EI8546;N;N;N;;;WO;;FPO, NK;20.10;0.00;Fiber/Plastic;;1997-01-01;MFL;1997-01-01;;2016-03-02
IRL001I13444;;IRL;;;2.74;0.00;0.00;;7.25;0.00;REALT NA NAINGEAL;99;DA99;Drogheda;;Y;EI8373;N;N;N;;;DO;;DRB, NK;25.00;0.00;Wood;;1977-01-01;MFL;1977-01-01;;
IRL001I13445;;IRL;;;1.39;0.00;0.00;;6.93;0.00;NAOMH FEICHIN;627P;G627P;Galway;;Y;EI3280;N;N;N;;;WO;;FPO, NK;11.19;0.00;Wood;;1995-01-01;MFL;1995-01-01;;
IRL001I13446;;IRL;;;3.02;0.00;0.00;;7.43;0.00;DANTEMOR;372P;C372P;Cork;;Y;EI3950;N;N;N;;;WO;;FPO, NK;26.90;0.00;Wood;;1985-01-01;MFL;1985-01-01;;
IRL001I13447;;IRL;;;1.45;0.00;0.00;;5.64;0.00;MAIREAD;113P;SO113P;Sligo;;Y;EI8321;N;N;N;;;WO;;FPO, NK;12.68;0.00;Fiber/Plastic;;1990-01-01;MFL;1986-01-01;;
IRL001I13448;;IRL;;;1.20;0.00;0.00;;5.54;0.00;CELTIC SPIRIT;690P;D690P;;;Y;EI8662;N;N;N;;;WO;;FPO, NK;14.90;0.00;Fiber/Plastic;;1995-01-01;MFL;1969-01-01;;2014-05-20
IRL001I13449;;IRL;;;1.53;0.00;0.00;;5.30;0.00;EIRI NA GREINE;525P;T525P;Tralee;;Y;EI8672;N;N;N;;;WO;;FPO, NK;11.00;0.00;Fiber/Plastic;;1989-01-01;MFL;1900-01-01;;2024-09-05
IRL001I13450;;IRL;;;2.03;0.00;0.00;;6.18;0.00;FENAGH MARIE;524P;T524P;Finland;;Y;EI8674;N;N;N;;;WO;;FPO, NK;13.95;0.00;Fiber/Plastic;;1989-01-01;MFL;1989-01-01;;2019-05-07
IRL001I13451;;IRL;;;0.90;0.00;0.00;;5.22;0.00;JAMES KATE;523P;T523P;Tralee;;Y;EI8417;N;N;N;;;WO;;FPO, NK;11.19;0.00;Fiber/Plastic;;1988-01-01;MFL;1987-01-01;;
IRL001I13452;;IRL;;;0.90;0.00;0.00;;5.22;0.00;MARY KATE;522P;T522P;Tralee;;Y;EI8511;N;N;N;;;WO;;FPO, NK;11.70;0.00;Fiber/Plastic;;1988-01-01;MFL;1988-01-01;;
IRL001I13453;;IRL;;;1.31;0.00;0.00;;5.98;0.00;MORNING STAR;92P;DK92P;Dundalk;;Y;EI8359;N;N;N;;;WO;;FPO, NK;7.40;0.00;Fiber/Plastic;;2000-01-01;MFL;1980-01-01;;
IRL001I13454;;IRL;;;2.46;0.00;0.00;;7.15;0.00;RIONNACH;92P;SO92P;Sligo;;Y;EI8140;N;N;N;;;WO;;FPO, NK;22.01;0.00;Wood;;1996-01-01;MFL;1996-01-01;;
IRL001I13455;;IRL;;;1.63;0.00;0.00;;6.71;0.00;ERINS HOPE;99P;SO99P;Sligo;;Y;EI3668;N;N;N;;;WO;;FPO, NK;11.19;0.00;Wood;;1997-01-01;MFL;1997-01-01;;
IRL001I13456;;IRL;;;0.92;0.00;0.00;;5.22;0.00;ST BRIGID;106P;SO106P;Sligo;;Y;EI3814;N;N;N;;;WO;;FPO, NK;5.97;0.00;Wood;;1990-01-01;MFL;1900-01-01;;
IRL001I13459;;IRL;;;6.02;0.00;0.00;;9.16;0.00;ANITA MARIE;990P;SO990P;;;Y;EI4291;N;N;N;;;WO;;FPO, NK;60.00;0.00;Wood;;1990-01-01;MFL;1990-01-01;;2016-05-04
IRL001I13460;;IRL;;;0.99;0.00;0.00;;5.26;0.00;SEA HORSE;519P;T519P;Tralee;;Y;EI8327;N;N;N;;;WO;;FPO, NK;7.50;0.00;Fiber/Plastic;;2002-12-30;MFL;2002-01-01;;
IRL001I13461;;IRL;;;4.45;0.00;0.00;;10.20;0.00;AN T-SALL CUAC;140P;G140P;United Kingdom;;Y;EI5167;N;N;N;;;WO;;FPO, NK;53.60;0.00;Wood;;1990-01-01;MFL;1974-01-01;;2015-03-09
IRL001I13462;;IRL;;;1.15;0.00;0.00;;5.79;0.00;ST OLIVER;60;SO60;Sligo;;Y;EI8153;N;N;N;;;MO;;OTM, OTB;5.90;0.00;Fiber/Plastic;;2002-12-30;MFL;2002-01-01;;
IRL001I13463;;IRL;;;1.19;0.00;0.00;;6.01;0.00;GLEAGAL;14;G614;United Kingdom;;Y;EI8669;N;N;N;;;MO;;FPO, LHP;7.12;0.00;Wood;;1990-10-01;MFL;1920-01-01;;2006-08-01
IRL001I13464;;IRL;;;9.79;0.00;0.00;;11.02;0.00;GLAOIDH NA MARA;49;S49;;;Y;EI3600;N;N;N;;;MO;;DRB, GND;44.00;0.00;Wood;;1972-01-01;MFL;1970-01-01;2014-10-13;
IRL001I13467;;IRL;;;1.32;0.00;0.00;;6.00;0.00;LAURA LEE;370;C370;Cork;;Y;EI3838;N;N;N;;;WO;;FPO, LHP, GNS;11.20;0.00;Fiber/Plastic;;1993-01-01;MFL;1993-01-01;;
IRL001I13468;;IRL;;;3.98;0.00;0.00;;8.00;0.00;CAILIN NIAMH;385;SO385;Sligo;;Y;EIFC9;N;N;N;;;MO;;DRB, LHP;19.00;0.00;Wood;;1999-01-01;MFL;1999-01-01;;
IRL001I13469;;IRL;;;2.60;0.00;0.00;;6.39;0.00;CLARA;105P;SO105P;Sligo;;Y;EI7957;N;N;N;;;WO;;FPO, NK;29.84;0.00;Fiber/Plastic;;1990-01-01;MFL;1984-01-01;;
IRL001I13470;;IRL;;;1.34;0.00;0.00;;6.10;0.00;ISLAND ROSE;374P;C374P;;;Y;EI5820;N;N;N;;;WO;;FPO, NK;11.20;0.00;Fiber/Plastic;;1993-01-01;MFL;1993-01-01;;2017-08-21
IRL001I13471;;IRL;;;2.54;0.00;0.00;;6.91;0.00;SIMONE ADELE;74P;DK74P;;;Y;EI7653;N;N;N;;;WO;;FPO, NK;59.68;0.00;Fiber/Plastic;;1985-06-18;MFL;1985-01-01;;2018-02-27
IRL001I13472;;IRL;;;1.16;0.00;0.00;;6.10;0.00;QUEEN ANNABELLE;607P;G607P;United Kingdom;;Y;EI8841;N;N;N;;;WO;;FPO, NK;18.65;0.00;Wood;;1977-01-01;MFL;1977-01-01;;2017-09-28
IRL001I13473;;IRL;;;4.42;0.00;0.00;;9.99;0.00;UNITY;232;W232;Waterford;;Y;EI8543;N;N;N;;;DO;;DRB, NK;59.68;0.00;Metal;;1977-01-01;MFL;1977-01-01;;
IRL001I13474;;IRL;;;4.31;0.00;0.00;;9.20;0.00;POLL NA GORR;223P;WT223P;;;Y;EI3578;N;N;N;;;WO;;FPO, NK;89.53;0.00;Fiber/Plastic;;1993-04-22;MFL;1969-01-01;;2007-08-14
IRL001I13476;;IRL;;;0.56;0.00;0.00;;6.10;0.00;CEANN MUICE;531P;T531P;Finland;;Y;EI8545;N;N;N;;;WO;;FPO, NK;3.14;0.00;Wood;;1998-01-01;MFL;1998-01-01;;2018-12-05
IRL001I13477;;IRL;;;0.77;0.00;0.00;;6.33;0.00;PADDYS DAY;529P;T529P;Finland;;Y;EI8364;N;N;N;;;WO;;FPO, NK;11.17;0.00;Wood;;1994-01-01;MFL;1994-01-01;;2009-04-21
IRL001I13478;;IRL;;;1.07;0.00;0.00;;6.48;0.00;GRACE;615P;G615P;Cork;;Y;EI8421;N;N;N;;;WO;;FPO, NK;7.39;0.00;Wood;;1990-01-01;MFL;1984-01-01;;
IRL001I13479;;IRL;;;1.41;0.00;0.00;;6.77;0.00;NAOMH BRID;638P;G638P;Cork;;Y;EI4244;N;N;N;;;WO;;FPO, NK;11.00;0.00;Wood;;1980-06-01;MFL;1980-01-01;;
IRL001I13480;;IRL;;;1.18;0.00;0.00;;5.72;0.00;MICHAEL EOIN;323;W323;Waterford;;Y;EIRG4;N;N;N;;;MO;;FPO, LHP;7.50;0.00;Fiber/Plastic;;2000-01-01;MFL;2000-01-01;;
IRL001I13482;;IRL;;;1.31;0.00;0.00;;5.80;0.00;ST JOSEPH;641P;G641P;;;Y;EI3372;N;N;N;;;WO;;FPO, NK;18.65;0.00;Fiber/Plastic;;1996-01-01;MFL;1900-01-01;;2012-06-07
IRL001I13483;;IRL;;;0.97;0.00;0.00;;6.09;0.00;AN DROIGHIN;626P;G626P;United Kingdom;;Y;EIBM6;N;N;N;;;WO;;FPO, NK;5.97;0.00;Wood;;1997-01-01;MFL;1997-01-01;;2016-11-02
IRL001I13484;;IRL;;;1.04;0.00;0.00;;5.77;0.00;CAILIN BEIBH;635P;G635P;United Kingdom;;Y;EI3737;N;N;N;;;WO;;FPO, NK;11.19;0.00;Wood;;2002-12-30;MFL;2002-01-01;;2018-10-05
IRL001I13486;;IRL;;;8.93;0.00;0.00;;11.19;0.00;REALT FEASA;155;G155;Galway;;Y;EI7862;N;N;N;;;MO;;FPO, GNS, OTB, LHP;45.00;0.00;Fiber/Plastic;;1976-01-01;MFL;1976-01-01;;
IRL001I13487;;IRL;;;0.56;0.00;0.00;;5.75;0.00;REALT CHLIARA;250;WT250;;;Y;EI8403;Y;N;N;;;WO;;GNS, LHP;11.19;0.00;Wood;;1999-01-01;MFL;1999-01-01;;2008-09-10
IRL001I13494;;IRL;;;0.69;0.00;0.00;;4.90;0.00;ST JUDE;380P;C380P;;;Y;EI8366;N;N;N;;;WO;;FPO, NK;5.98;0.00;Wood;;1990-01-01;MFL;1990-01-01;;2016-06-07
IRL001I13495;;IRL;;;1.20;0.00;0.00;;5.85;0.00;ST. BERNARD;119P;SO119P;Sligo;;Y;EI8589;N;N;N;;;WO;;FPO, NK;11.19;0.00;Fiber/Plastic;;2003-01-01;MFL;2003-01-01;;
IRL001I13496;;IRL;;;0.67;0.00;0.00;;5.16;0.00;EIBHLIN;123P;SO123P;Sligo;;Y;EIIE5;N;N;N;;;WO;;FPO, NK;5.97;0.00;Fiber/Plastic;;1994-01-01;MFL;1994-01-01;;
IRL001I13497;;IRL;;;1.39;0.00;0.00;;6.73;0.00;LUKE;124P;SO124P;;;Y;EI7959;N;N;N;;;WO;;FPO, NK;11.19;0.00;Wood;;2002-12-30;MFL;1980-01-01;;2018-05-29
IRL001I13498;;IRL;;;3.85;0.00;0.00;;9.32;0.00;IOLAIR;381;C381;;;Y;EI8419;N;N;N;;;WO;;FPO, NK;62.00;0.00;Fiber/Plastic;;1994-01-01;MFL;1994-01-01;;2016-12-19
IRL001I13499;;IRL;;;1.38;0.00;0.00;;6.47;0.00;MARIE;121P;SO121P;;;Y;EI7813;N;N;N;;;WO;;FPO, NK;5.97;0.00;Wood;;1990-01-01;MFL;1988-01-01;;2017-10-03
IRL001I13500;;IRL;;;0.65;0.00;0.00;;4.86;0.00;JUDY;634P;G634P;Galway;;Y;EI8577;N;N;N;;;WO;;FPO, NK;7.39;0.00;Fiber/Plastic;;1999-01-01;MFL;1999-01-01;;
IRL001I13501;;IRL;;;1.13;0.00;0.00;;5.85;0.00;DOORIN RANGER;127P;SO127P;;;Y;EI8592;N;N;N;;;WO;;FPO, NK;11.19;0.00;Wood;;1995-01-01;MFL;1995-01-01;;2015-05-19
IRL001I13502;;IRL;;;0.65;0.00;0.00;;4.91;0.00;MARIA ELLEN;427P;S427P;;;Y;EI3082;N;N;N;;;WO;;FPO, NK;11.00;0.00;Wood;;1990-10-01;MFL;1980-01-01;2010-02-15;
IRL001I13503;;IRL;;;1.02;0.00;0.00;;5.73;0.00;DOUBTSA;479P;S479P;Skibbereen;;Y;EI7833;N;N;N;;;WO;;FPO, NK;13.45;0.00;Fiber/Plastic;;2001-01-01;MFL;2001-01-01;;
IRL001I13504;;IRL;;;0.95;0.00;0.00;;5.51;0.00;SARAH;125P;SO125P;Sligo;;Y;EI8157;N;N;N;;;WO;;FPO, NK;5.97;0.00;Wood;;1985-01-01;MFL;1985-01-01;;
IRL001I13505;;IRL;;;0.60;0.00;0.00;;5.48;0.00;BRENDAN;639P;G639P;United Kingdom;;Y;EI8526;N;N;N;;;WO;;FPO, NK;7.40;0.00;Wood;;1982-01-01;MFL;1982-01-01;2019-11-20;
IRL001I13506;;IRL;;;0.53;0.00;0.00;;5.36;0.00;MARCUS II;645P;G645P;United Kingdom;;Y;EI8103;N;N;N;;;WO;;FPO, NK;5.97;0.00;Wood;;2001-01-01;MFL;2001-01-01;;2014-08-22
IRL001I13507;;IRL;;;4.16;0.00;0.00;;9.90;0.00;BEAL CUAN;369P;D369P;;;Y;EI4435;N;N;N;;;WO;;FPO, NK;52.29;0.00;Wood;;1969-08-09;MFL;1966-01-01;;2017-05-12
IRL001I13508;;IRL;;;1.16;0.00;0.00;;5.87;0.00;INISCUIL;116P;SO116P;Sligo;;Y;EI3515;N;N;N;;;WO;;FPO, NK;7.39;0.00;Wood;;2000-01-01;MFL;2000-01-01;;
IRL001I13509;;IRL;;;0.85;0.00;0.00;;4.75;0.00;FOUR WINDS;480P;S480P;;;Y;EI8529;N;N;N;;;WO;;FPO, NK;11.17;0.00;Fiber/Plastic;;1990-01-01;MFL;1900-01-01;;2017-10-05
IRL001I13510;;IRL;;;1.30;0.00;0.00;;6.25;0.00;HORIZON MIST;477P;S477P;Skibbereen;;Y;EI4987;N;N;N;;;WO;;FPO, NK;31.00;0.00;Fiber/Plastic;;2003-01-01;MFL;2002-01-01;;
IRL001I13511;;IRL;;;1.25;0.00;0.00;;6.00;0.00;LINDA;81P;SO81P;Sligo;;Y;EI7929;N;N;N;;;WO;;FPO, NK;14.92;0.00;Wood;;2001-01-01;MFL;2001-01-01;;
IRL001I13512;;IRL;;;2.54;0.00;0.00;;7.15;0.00;SLIEVE BAN;848P;SO848P;;;Y;EI8239;N;N;N;;;WO;;FPO, NK;14.92;0.00;Wood;;1998-01-01;MFL;1984-01-01;;2015-09-02
IRL001I13513;;IRL;;;0.78;0.00;0.00;;5.70;0.00;ST COLMCILLE;646P;G646P;Galway;;Y;EI3987;N;N;N;;;WO;;FPO, NK;7.46;0.00;Wood;;1994-01-01;MFL;1994-01-01;;2022-11-28
IRL001I13515;;IRL;;;1.37;0.00;0.00;;5.83;0.00;DUCARRICK;267P;W267P;Waterford;;Y;EI5235;N;N;N;;;WO;;FPO, NK;11.19;0.00;Fiber/Plastic;;2001-07-20;MFL;2001-01-01;;
IRL001I13516;;IRL;;;0.74;0.00;0.00;;5.02;0.00;AISHLING;38P;L38P;Finland;;Y;EI8094;N;N;N;;;WO;;FPO, NK;5.98;0.00;Fiber/Plastic;;1990-10-01;MFL;1984-01-01;2009-01-13;
IRL001I13517;;IRL;;;4.25;0.00;0.00;;7.92;0.00;OWEN LUKE;530P;T530P;Finland;;Y;EI8676;N;N;N;;;WO;;FPO, NK;62.00;0.00;Wood;;1998-01-01;MFL;1998-01-01;;2019-02-19
IRL001I13518;;IRL;;;4.24;0.00;0.00;;9.93;0.00;LORFRANCAS;527P;T527P;Tralee;;Y;EI2806;N;N;N;;;WO;;FPO, NK;60.00;0.00;Fiber/Plastic;;1998-01-01;MFL;1998-01-01;;
IRL001I13519;;IRL;;;6.22;0.00;0.00;;9.80;0.00;TRANQUILITY;633P;G633P;Galway;;Y;EI8501;N;N;N;;;WO;;FPO, NK;63.00;0.00;Fiber/Plastic;;2002-12-30;MFL;1979-01-01;;2025-07-29
IRL001I13520;;IRL;;;1.03;0.00;0.00;;5.73;0.00;SWAN;526P;T526P;Tralee;;Y;EI3296;N;N;N;;;WO;;FPO, NK;18.64;0.00;Fiber/Plastic;;2000-01-01;MFL;2000-01-01;;
IRL001I13521;;IRL;;;0.87;0.00;0.00;;5.19;0.00;GIRL KATE;104P;SO104P;Sligo;;Y;EI8221;N;N;N;;;WO;;FPO, NK;5.97;0.00;Fiber/Plastic;;1990-01-01;MFL;1985-01-01;;
IRL001I13526;;IRL;;;3.20;0.00;0.00;;8.50;0.00;GRAFTER;233P;WD233P;;;Y;EI8732;N;N;N;;;WO;;FPO, NK;89.00;0.00;Aluminium;;2002-12-30;MFL;2002-01-01;;2019-01-17
IRL001I13527;;IRL;;;2.66;0.00;0.00;;6.47;0.00;JOHNNY MAC;326;W326;Waterford;;Y;EISE7;N;N;N;;;MO;;FPO, GNS, LHP, OTB;10.00;0.00;Fiber/Plastic;;1990-01-01;MFL;1990-01-01;;
IRL001I13528;;IRL;;;4.25;0.00;0.00;;8.13;0.00;ROSHEEN SHANNAAR;460P;S460P;;;Y;EI2434;N;N;N;;;WO;;FPO, NK;85.00;0.00;Fiber/Plastic;;1993-01-01;MFL;1993-01-01;;2017-04-12
IRL001I13529;;IRL;;;1.65;0.00;0.00;;5.92;0.00;BOY ADAM;476P;S476P;;;Y;EI7905;N;N;N;;;WO;;FPO, NK;18.60;0.00;Fiber/Plastic;;2002-12-30;MFL;1997-01-01;2013-12-10;
IRL001I13530;;IRL;;;1.76;0.00;0.00;;5.88;0.00;ST ANN;468P;S468P;Skibbereen;;Y;EI3868;N;N;N;;;WO;;FPO, NK;14.92;0.00;Fiber/Plastic;;2000-01-01;MFL;2000-01-01;;
IRL001I13531;;IRL;;;1.56;0.00;0.00;;5.87;0.00;SEAGULL;264;W264;Waterford;;Y;EI5040;N;N;N;;;MO;;GNS, FPO;5.96;0.00;Fiber/Plastic;;2002-01-01;MFL;2002-01-01;;
IRL001I13533;;IRL;;;0.50;0.00;0.00;;5.40;0.00;OMEY BREEZE;647P;G647P;Galway;;Y;EI8593;N;N;N;;;WO;;FPO, NK;7.39;0.00;Wood;;1995-01-01;MFL;1995-01-01;;
IRL001I13534;;IRL;;;0.87;0.00;0.00;;5.83;0.00;HIGH ISLAND STAR;651P;G651P;United Kingdom;;Y;EI3948;N;N;N;;;WO;;FPO, NK;11.19;0.00;Wood;;1990-01-01;MFL;1984-01-01;;2017-08-31
IRL001I13535;;IRL;;;1.79;0.00;0.00;;5.79;0.00;MACDARA;120P;SO120P;;;Y;EI8586;N;N;N;;;WO;;FPO, NK;37.30;0.00;Fiber/Plastic;;2002-01-01;MFL;2002-01-01;;2017-07-05
IRL001I13536;;IRL;;;1.63;0.00;0.00;;5.93;0.00;SUZY;266P;W266P;Waterford;;Y;EI5041;N;N;N;;;WO;;FPO, NK;7.38;0.00;Fiber/Plastic;;2002-12-30;MFL;1994-01-01;;
IRL001I13537;;IRL;;;4.19;0.00;0.00;;6.24;0.00;DEAN NATHAN;265P;W265P;Waterford;;Y;EI5218;N;N;N;;;WO;;FPO, NK;7.38;0.00;Fiber/Plastic;;1994-01-01;MFL;1994-01-01;;
IRL001I13539;;IRL;;;0.97;0.00;0.00;;6.91;0.00;JOHNNY O;234P;WD234P;Wexford;;Y;EISR2;N;N;N;;;WO;;FPO, NK;37.35;0.00;Fiber/Plastic;;2006-01-01;MFL;2006-01-01;;
IRL001I13544;;IRL;;;1.65;0.00;0.00;;7.01;0.00;ANGELA LISA;571P;G571P;United Kingdom;;Y;EI4412;N;N;N;;;WO;;FPO, NK;28.28;0.00;Wood;;1992-01-01;MFL;1989-01-01;;2015-02-17
IRL001I13545;;IRL;;;4.13;0.00;0.00;;9.03;0.00;ARD OILEAN;617P;G617P;United Kingdom;;Y;EI2827;N;N;N;;;WO;;FPO, NK;32.86;0.00;Wood;;1979-01-01;MFL;1979-01-01;;2018-04-16
IRL001I13546;;IRL;;;1.59;0.00;0.00;;6.23;0.00;STAR OF OWEY;83P;SO83P;Sligo;;Y;EI4068;N;N;N;;;WO;;FPO, NK;11.94;0.00;Wood;;1992-01-01;MFL;1992-01-01;;
IRL001I13547;;IRL;;;1.91;0.00;0.00;;6.06;0.00;PROSEPHANIE;472P;S472P;Skibbereen;;Y;EI3393;N;N;N;;;WO;;FPO, NK;18.60;0.00;Fiber/Plastic;;1992-01-01;MFL;1992-01-01;;
IRL001I13548;;IRL;;;1.82;0.00;0.00;;7.82;0.00;SAN TELMO;254P;WT254P;;;Y;EI8565;N;N;N;;;WO;;FPO, NK;7.39;0.00;Wood;;1974-01-01;MFL;1973-01-01;;2016-08-30
IRL001I13549;;IRL;;;8.48;0.00;0.00;;12.16;0.00;GLADIA;402A;T402A;Tralee;;Y;EI8693;N;N;N;;;DO;;DRB, NK;88.25;0.00;Wood;;1958-01-01;AQU;1958-01-01;;
IRL001I13550;;IRL;;;1.16;0.00;0.00;;6.10;0.00;MORNING STAR;70P;SO70P;Sligo;;Y;EI4272;N;N;N;;;WO;;FPO, NK;7.46;0.00;Wood;;1998-01-01;MFL;1998-01-01;;2024-09-23
IRL001I13551;;IRL;;;0.75;0.00;0.00;;5.17;0.00;BREIA;36P;SO36P;;;Y;EI4238;N;N;N;;;WO;;FPO, NK;7.46;0.00;Fiber/Plastic;;2001-01-01;MFL;2001-01-01;;2017-06-06
IRL001I13552;;IRL;;;8.20;0.00;0.00;;9.87;0.00;BEAL LINN;445P;D445P;Dublin;;Y;EI8516;N;N;N;;;WO;;FPO, NK;59.50;0.00;Wood;;1969-01-01;MFL;1969-01-01;;
IRL001I13554;;IRL;;;0.63;0.00;0.00;;5.62;0.00;AN GLIOMACH;253P;WT253P;Westport;;Y;EI8555;N;N;N;;;WO;;FPO, NK;7.39;0.00;Wood;;1990-01-01;MFL;1990-01-01;;
IRL001I13555;;IRL;;;1.18;0.00;0.00;;5.15;0.00;NOIRIN;107P;T107P;Tralee;;Y;EI8248;N;N;N;;;WO;;FPO, NK;11.17;0.00;Fiber/Plastic;;1990-01-01;MFL;1987-01-01;;
IRL001I13556;;IRL;;;0.55;0.00;0.00;;5.43;0.00;GRAINNE;261P;WT261P;;;Y;EI7810;N;N;N;;;WO;;FPO, NK;11.19;0.00;Fiber/Plastic;;2000-01-01;MFL;2000-01-01;;2017-08-30
IRL001I13558;;IRL;;;2.69;0.00;0.00;;7.94;0.00;BROTHERS;35P;SO35P;;;Y;EI4235;N;N;N;;;WO;;FPO, NK;37.30;0.00;Wood;;1990-10-01;MFL;1900-01-01;;2014-05-20
IRL001I13559;;IRL;;;0.87;0.00;0.00;;5.50;0.00;CLOCHAN SPRAY;100P;SO100P;Sligo;;Y;EI8061;N;N;N;;;WO;;FPO, NK;5.97;0.00;Wood;;1994-01-01;MFL;1994-01-01;;
IRL001I13560;;IRL;;;3.31;0.00;0.00;;7.90;0.00;NAIOMH CIARA;114;SO114;Sligo;;Y;EI8553;N;N;N;;;DO;;DRB, NK;33.00;0.00;Fiber/Plastic;;1990-01-01;MFL;1990-01-01;;
IRL001I13563;;IRL;;;2.40;0.00;0.00;;6.50;0.00;REEN BEAG;475P;S475P;Skibbereen;;Y;EI5216;N;N;N;;;WO;;FPO, NK;25.35;0.00;Fiber/Plastic;;1982-01-01;MFL;1982-01-01;;
IRL001I13564;;IRL;;;0.63;0.00;0.00;;4.62;0.00;EMER JAMES;132;SO132;;;Y;EI8588;N;N;N;;;WO;;LHP, FPO;5.97;0.00;Fiber/Plastic;;1999-01-01;MFL;1999-01-01;;2011-03-21
IRL001I13565;;IRL;;;4.79;0.00;0.00;;9.62;0.00;AISLING;652;G652;Galway;;Y;EI8692;N;N;N;;;MO;;OTM, OTB;30.00;0.00;Wood;;1980-01-01;MFL;1970-01-01;;
IRL001I13567;;IRL;;;0.72;0.00;0.00;;5.48;0.00;SEAN NOS;655;G655;United Kingdom;;Y;EI7850;N;N;N;;;MO;;FPO, LHP;11.20;0.00;Wood;;1980-01-01;MFL;1980-01-01;;2016-07-13
IRL001I13568;;IRL;;;0.69;0.00;0.00;;4.89;0.00;LADY M;47P;SO47P;Sligo;;Y;EI7846;N;N;N;;;WO;;FPO, NK;7.50;0.00;Fiber/Plastic;;1996-01-01;MFL;1996-01-01;;
IRL001I13569;;IRL;;;0.88;0.00;0.00;;5.53;0.00;ST BRIGID;77P;SO77P;;;Y;EI8380;N;N;N;;;WO;;FPO, NK;7.38;0.00;Wood;;1977-01-01;MFL;1977-01-01;;2017-10-03
IRL001I13572;;IRL;;;18.28;0.00;0.00;;11.98;0.00;FIONA;136P;SO136P;;;Y;EI8603;N;N;N;;;WO;;FPO, NK;89.52;0.00;Wood;;1990-10-01;MFL;1951-01-01;;2019-02-25
IRL001I13573;;IRL;;;1.30;0.00;0.00;;5.94;0.00;GIRL ROISIN;87P;SO87P;Sligo;;Y;EI8313;N;N;N;;;WO;;FPO, NK;7.39;0.00;Wood;;1995-01-01;MFL;1995-01-01;;
IRL001I13574;;IRL;;;2.21;0.00;0.00;;7.25;0.00;LOC BEAG;470P;S470P;Skibbereen;;Y;EI7852;N;N;N;;;WO;;FPO, NK;26.84;0.00;Fiber/Plastic;;1998-12-18;MFL;1971-01-01;;
IRL001I13575;;IRL;;;0.56;0.00;0.00;;5.66;0.00;TOURLES TRANE;262P;WT262P;Westport;;Y;EI8475;N;N;N;;;WO;;FPO, NK;5.97;0.00;Fiber/Plastic;;2002-12-30;MFL;2000-01-01;;
IRL001I13576;;IRL;;;1.22;0.00;0.00;;6.23;0.00;OILEAN GLAS;141P;SO141P;Sligo;;Y;EI8537;N;N;N;;;WO;;FPO, NK;11.19;0.00;Wood;;1996-01-01;MFL;1996-01-01;;
IRL001I13577;;IRL;;;1.62;0.00;0.00;;6.73;0.00;FIONNUALA MARIE;131P;SO131P;Sligo;;Y;EI8284;N;N;N;;;WO;;FPO, NK;11.19;0.00;Wood;;2001-01-01;MFL;2001-01-01;;
IRL001I13578;;IRL;;;3.31;0.00;0.00;;6.90;0.00;SAINT ANASTIA;107P;SO107P;Sligo;;Y;EI8401;N;N;N;;;WO;;FPO, NK;21.00;0.00;Wood;;1983-01-01;MFL;1983-01-01;;
IRL001I13581;;IRL;;;2.57;0.00;0.00;;7.03;0.00;SHIELA MARIE;67P;SO67P;;;Y;EI4178;N;N;N;;;WO;;FPO, NK;27.57;0.00;Wood;;1995-01-01;MFL;1994-01-01;2010-05-19;
IRL001I13582;;IRL;;;6.23;0.00;0.00;;9.80;0.00;HOPE WELL;391;SO391;Sligo;;Y;EI8453;N;N;N;;;MO;;DRB, NK;59.69;0.00;Wood;;1980-01-01;MFL;1980-01-01;;
IRL001I13583;;IRL;;;3.18;0.00;0.00;;7.23;0.00;JENNIFER;117P;SO117P;Sligo;;Y;EI5189;N;N;N;;;WO;;FPO, NK;104.44;0.00;Fiber/Plastic;;1990-10-01;MFL;1990-10-01;;
IRL001I13586;;IRL;;;0.75;0.00;0.00;;4.72;0.00;RI NA MARA;111P;SO111P;Sligo;;Y;EI7914;N;N;N;;;WO;;FPO, NK;5.97;0.00;Fiber/Plastic;;1994-01-01;MFL;1994-01-01;;
IRL001I13587;;IRL;;;1.63;0.00;0.00;;5.86;0.00;DAWN STAR;478P;S478P;Skibbereen;;Y;EI3281;N;N;N;;;WO;;FPO, NK;9.70;0.00;Fiber/Plastic;;1990-01-01;MFL;1990-01-01;;
IRL001I13588;;IRL;;;0.74;0.00;0.00;;7.00;0.00;ORLA AILEEN;487P;S487P;Skibbereen;;Y;EI8352;N;N;N;;;WO;;FPO, NK;18.60;0.00;Fiber/Plastic;;2002-12-30;MFL;1995-01-01;;
IRL001I13589;;IRL;;;2.25;0.00;0.00;;8.30;0.00;SEA ANGLER;694P;D694P;;;Y;EI8777;N;N;N;;;WO;;FPO, NK;160.00;0.00;Fiber/Plastic;;1990-01-01;MFL;1989-01-01;;2008-08-22
IRL001I13590;;IRL;;;1.16;0.00;0.00;;6.39;0.00;ST CHRISTOPHER;624;G624;Galway;;Y;EI8658;N;N;N;;;MO;;FPO, NK;14.92;0.00;Wood;;1990-10-01;MFL;1985-01-01;;
IRL001I13591;;IRL;;;1.19;0.00;0.00;;6.40;0.00;NAOMH CIARAIN;637P;G637P;Galway;;Y;EI8075;N;N;N;;;WO;;FPO, NK;7.40;0.00;Wood;;1990-01-01;MFL;1990-01-01;;
IRL001I13592;;IRL;;;1.10;0.00;0.00;;6.20;0.00;GOBNAIT;378P;C378P;;;Y;EI8219;N;N;N;;;WO;;FPO, NK;14.70;0.00;Wood;;1990-01-01;MFL;1984-01-01;2015-05-27;
IRL001I13593;;IRL;;;1.88;0.00;0.00;;5.66;0.00;PATRICK J;535P;T535P;Finland;;Y;EI8528;N;N;N;;;WO;;FPO, NK;37.50;0.00;Fiber/Plastic;;2002-01-01;MFL;1995-01-01;;2016-05-23
IRL001I13594;;IRL;;;0.91;0.00;0.00;;4.92;0.00;EVAN MARTIN;528P;T528P;Finland;;Y;EI8554;N;N;N;;;WO;;FPO, NK;11.00;0.00;Fiber/Plastic;;1990-01-01;MFL;1980-01-01;;2017-09-21
IRL001I13595;;IRL;;;1.05;0.00;0.00;;5.00;0.00;LOUGH DEBBIE;538A;T538A;Tralee;;Y;EI8574;N;N;N;;;DO;;DRB, NK;11.03;0.00;Fiber/Plastic;;1990-01-01;AQU;1986-01-01;;
IRL001I13596;;IRL;;;0.88;0.00;0.00;;5.15;0.00;MARGUERITE;268P;W268P;Waterford;;Y;EI3864;N;N;N;;;WO;;FPO, NK;7.40;0.00;Fiber/Plastic;;2000-01-01;MFL;2000-01-01;;
IRL001I13598;;IRL;;;1.17;0.00;0.00;;6.30;0.00;EILIS;255P;WT255P;;;Y;EI8624;N;N;N;;;WO;;FPO, NK;14.80;0.00;Wood;;1971-06-20;MFL;1971-01-01;;2010-09-16
IRL001I13599;;IRL;;;2.05;0.00;0.00;;6.91;0.00;NAOMH BRID;259P;WT259P;Westport;;Y;EI7910;N;N;N;;;WO;;FPO, NK;15.67;0.00;Wood;;1980-06-01;MFL;1980-01-01;;
IRL001I13600;;IRL;;;4.02;0.00;0.00;;9.40;0.00;INNISHOO;246P;WT246P;Westport;;Y;EI6530;N;N;N;;;WO;;FPO, NK;179.00;0.00;Fiber/Plastic;;1997-01-01;MFL;1997-01-01;;
IRL001I13601;;IRL;;;1.49;0.00;0.00;;5.60;0.00;SLIEVE BAN;848;SO848;Sligo;;Y;EI8239;N;N;N;;;WO;;FPO, GNS;5.00;0.00;Fiber/Plastic;;1989-01-01;MFL;1989-01-01;;
IRL001I13603;;IRL;;;1.79;0.00;0.00;;6.94;0.00;BOY EDWARD;84P;SO84P;;;Y;EI8367;N;N;N;;;WO;;FPO, NK;11.19;0.00;Wood;;1997-01-01;MFL;1997-01-01;;2017-08-09
IRL001I13605;;IRL;;;1.56;0.00;0.00;;6.30;0.00;TOR BEAG;73P;SO73P;Sligo;;Y;EI4875;N;N;N;;;WO;;FPO, NK;7.39;0.00;Wood;;1980-01-01;MFL;1979-01-01;;
IRL001I13606;;IRL;;;1.33;0.00;0.00;;6.03;0.00;ABBY ROSE;134P;SO134P;;;Y;EI8386;N;N;N;;;WO;;FPO, NK;11.19;0.00;Wood;;1998-01-01;MFL;1998-01-01;;2017-05-12
IRL001I13607;;IRL;;;1.51;0.00;0.00;;5.79;0.00;AIMEE;269P;W269P;Waterford;;Y;EI8385;N;N;N;;;WO;;FPO, NK;11.40;0.00;Fiber/Plastic;;1999-01-01;MFL;1998-01-01;;
IRL001I13608;;IRL;;;3.23;0.00;0.00;;8.00;0.00;ROEILLAN STAR II;264A;WT264A;Westport;;Y;EI2857;N;N;N;;;DO;;DRB, NK;60.00;0.00;Fiber/Plastic;;1998-01-01;AQU;1998-01-01;;
IRL001I13609;;IRL;;;0.59;0.00;0.00;;5.55;0.00;ST. PATRICK;636P;G636P;Galway;;Y;EI8042;N;N;N;;;WO;;FPO, NK;5.98;0.00;Wood;;1980-01-01;MFL;1980-01-01;;
IRL001I13611;;IRL;;;0.66;0.00;0.00;;5.67;0.00;OILEAN MAISEAN;608P;G608P;Galway;;Y;EI8517;N;N;N;;;WO;;FPO, NK;11.19;0.00;Wood;;1990-01-01;MFL;1990-01-01;;
IRL001I13612;;IRL;;;0.91;0.00;0.00;;6.00;0.00;CAILIN DUBH;248P;WT248P;Westport;;Y;EI5923;N;N;N;;;WO;;FPO, NK;11.00;0.00;Wood;;1990-01-01;MFL;1975-01-01;;
IRL001I13613;;IRL;;;1.36;0.00;0.00;;5.80;0.00;TIRERAGH LASS;265P;WT265P;Westport;;Y;EI8405;N;N;N;;;WO;;FPO, NK;18.65;0.00;Fiber/Plastic;;2002-12-30;MFL;1997-01-01;;
IRL001I13614;;IRL;;;3.95;0.00;0.00;;9.91;0.00;SANTA MARIA;20P;WT20P;;;Y;EI8348;N;N;N;;;WO;;FPO, NK;27.00;0.00;Wood;;1990-01-01;MFL;1971-01-01;;2010-07-22
IRL001I13618;;IRL;;;0.64;0.00;0.00;;6.00;0.00;NAOMH EANNA;659;G659;United Kingdom;;Y;EI8018;N;N;N;;;MO;;DRB, GNC;11.18;0.00;Fiber/Plastic;;1989-01-01;MFL;1989-01-01;;2017-08-14
IRL001I13619;;IRL;;;1.33;0.00;0.00;;5.97;0.00;ST KAMEN;128P;SO128P;Sligo;;Y;EI3619;N;N;N;;;WO;;FPO, NK;7.39;0.00;Wood;;1995-01-01;MFL;1995-01-01;;
IRL001I13620;;IRL;;;3.47;0.00;0.00;;6.81;0.00;ST PIO;139P;SO139P;;;Y;EI8824;N;N;N;;;WO;;FPO, NK;22.38;0.00;Fiber/Plastic;;2002-12-30;MFL;2002-01-01;;2018-11-29
IRL001I13621;;IRL;;;1.07;0.00;0.00;;5.67;0.00;GERALDINE SIOBHAN;143P;SO143P;Sligo;;Y;EI8440;N;N;N;;;WO;;FPO, NK;11.19;0.00;Wood;;2002-12-30;MFL;2002-01-01;;
IRL001I13622;;IRL;;;0.41;0.00;0.00;;4.04;0.00;JACKIE MARIE;130P;SO130P;;;Y;EI5254;N;N;N;;;WO;;FPO, NK;5.97;0.00;Fiber/Plastic;;1998-01-01;MFL;1993-01-01;;2011-07-01
IRL001I13624;;IRL;;;0.79;0.00;0.00;;5.27;0.00;MAIREAD;101P;SO101P;Sligo;;Y;EI8439;N;N;N;;;WO;;FPO, NK;5.97;0.00;Wood;;1981-01-01;MFL;1981-01-01;;
IRL001I13628;;IRL;;;0.59;0.00;0.00;;5.85;0.00;CHRISTINA MARIE;658P;G658P;United Kingdom;;Y;EI8437;N;N;N;;;WO;;FPO, NK;5.97;0.00;Wood;;1993-01-01;MFL;1993-01-01;;2017-05-29
IRL001I13631;;IRL;;;6.20;0.00;0.00;;11.01;0.00;LADY EILEEN;142P;SO142P;;;Y;EI8315;N;N;N;;;WO;;FPO, NK;53.94;0.00;Wood;;1978-01-01;MFL;1978-01-01;2010-06-23;
IRL001I13634;;IRL;;;3.31;0.00;0.00;;7.70;0.00;NORTH STAR;89P;SO89P;Sligo;;Y;EI3977;N;N;N;;;WO;;FPO, NK;22.38;0.00;Wood;;2002-12-30;MFL;1997-01-01;;
IRL001I13636;;IRL;;;5.34;0.00;0.00;;10.36;0.00;CAILIN ROS;789;SO789;Sligo;;Y;EI2432;N;N;N;;;DO;;DRM, DRB;55.00;0.00;Wood;;1986-01-01;MFL;1984-01-01;;2024-08-08
IRL001I13637;;IRL;;;0.88;0.00;0.00;;6.50;0.00;AN CAILIN;632P;G632P;United Kingdom;;Y;EIAW8;N;N;N;;;WO;;FPO, NK;5.97;0.00;Wood;;1980-01-01;MFL;1980-01-01;;2015-07-30
IRL001I13639;;IRL;;;10.23;0.00;0.00;;10.69;0.00;KATE M;189P;C189P;;;Y;EI8542;N;N;N;;;WO;;FPO, NK;89.55;0.00;Wood;;1978-01-01;MFL;1978-01-01;;2008-08-18
IRL001I13640;;IRL;;;0.57;0.00;0.00;;5.40;0.00;TRA BAN;266P;WT266P;Westport;;Y;EI8989;N;N;N;;;WO;;FPO, NK;5.97;0.00;Wood;;1999-01-01;MFL;1999-01-01;;
IRL001I13641;;IRL;;;0.51;0.00;0.00;;5.22;0.00;EAYNA;244P;WT244P;Westport;;Y;EI3976;N;N;N;;;WO;;FPO, NK;5.97;0.00;Wood;;1995-01-01;MFL;1995-01-01;;
IRL001I13646;;IRL;;;0.75;0.00;0.00;;4.86;0.00;JULIANNE;91P;DK91P;Dundalk;;Y;EI8518;N;N;N;;;WO;;FPO, NK;11.19;0.00;Fiber/Plastic;;1979-01-01;MFL;1979-01-01;;
IRL001I13647;;IRL;;;0.54;0.00;0.00;;5.66;0.00;ELLIE;258P;WT258P;Westport;;Y;EIQV9;N;N;N;;;WO;;FPO, NK;7.40;0.00;Wood;;1990-01-01;MFL;1990-01-01;;
IRL001I13650;;IRL;;;1.63;0.00;0.00;;6.35;0.00;CONAN D;146P;SO146P;Sligo;;Y;EI8442;N;N;N;;;WO;;FPO, NK;22.80;0.00;Fiber/Plastic;;1998-01-01;MFL;1998-01-01;;
IRL001I13651;;IRL;;;1.75;0.00;0.00;;6.52;0.00;DEARBHLA;145P;SO145P;;;Y;EI8706;N;N;N;;;WO;;FPO, NK;9.70;0.00;Wood;;1990-01-01;MFL;1990-01-01;;2018-06-28
IRL001I13652;;IRL;;;1.11;0.00;0.00;;5.40;0.00;LEON;144P;SO144P;Sligo;;Y;EI8281;N;N;N;;;WO;;FPO, NK;11.19;0.00;Fiber/Plastic;;2002-01-01;MFL;2002-01-01;;
IRL001I13653;;IRL;;;1.46;0.00;0.00;;6.42;0.00;LITTLE EDERNISH;42P;SO42P;;;Y;EI4046;N;N;N;;;WO;;FPO, NK;7.39;0.00;Wood;;1989-01-01;MFL;1989-01-01;;2013-08-26
IRL001I13654;;IRL;;;1.12;0.00;0.00;;5.85;0.00;CLAIRE LOUISE;156P;SO156P;;;Y;EI4000;N;N;N;;;WO;;FPO, NK;7.39;0.00;Wood;;1995-01-01;MFL;1995-01-01;;2017-08-01
IRL001I13659;;IRL;;;1.53;0.00;0.00;;5.70;0.00;AN MADRA UISCE;446P;T446P;Tralee;;Y;EI3026;N;N;N;;;WO;;FPO, NK;30.00;0.00;Fiber/Plastic;;1997-01-01;MFL;1997-01-01;;
IRL001I13661;;IRL;;;3.66;0.00;0.00;;9.73;0.00;CAORAN;629P;G629P;United Kingdom;;Y;EI3506;N;N;N;;;WO;;FPO, NK;53.71;0.00;Wood;;1969-01-01;MFL;1969-01-01;;2008-10-16
IRL001I13662;;IRL;;;11.18;0.00;0.00;;10.60;0.00;BLATH BAN;603P;SO603P;;;Y;EI2876;N;N;N;;;WO;;FPO, NK;59.68;0.00;Wood;;1975-01-01;MFL;1974-01-01;;2015-02-11
IRL001I13666;;IRL;;;0.53;0.00;0.00;;5.46;0.00;SEA QUEST;661P;G661P;Galway;;Y;EI8637;N;N;N;;;WO;;FPO, NK;7.39;0.00;Wood;;2003-01-01;MFL;2003-01-01;;
IRL001I13668;;IRL;;;3.74;0.00;0.00;;7.88;0.00;CALYPSO;116P;DK116P;Dundalk;;Y;EIAZ6;N;N;N;;;WO;;FPO, NK;49.50;0.00;Fiber/Plastic;;1988-05-01;MFL;1988-01-01;;
IRL001I13669;;IRL;;;0.56;0.00;0.00;;5.30;0.00;LEAMLOCH;257P;WT257P;Westport;;Y;EI8484;N;N;N;;;WO;;FPO, NK;7.39;0.00;Wood;;1994-01-01;MFL;1994-01-01;;
IRL001I13670;;IRL;;;0.31;0.00;0.00;;3.80;0.00;RATHLI;268P;WT268P;;;Y;EI6642;N;N;N;;;WO;;FPO, NK;3.73;0.00;Fiber/Plastic;;1996-01-01;MFL;1996-01-01;;2017-10-03
IRL001I13671;;IRL;;;1.95;0.00;0.00;;7.93;0.00;DOLPHIN;260P;WT260P;;;Y;EI8530;N;N;N;;;WO;;FPO, NK;22.38;0.00;Wood;;1990-01-01;MFL;1990-01-01;;2016-09-12
IRL001I13673;;IRL;;;9.00;0.00;0.00;;12.68;0.00;TRIDENT STAR;296;C296;;;Y;EIA04;N;Y;N;;;TO;;OTB, NK;89.50;0.00;Metal;;1980-01-01;MFL;1979-01-01;;2010-01-20
IRL001I13674;;IRL;;;1.82;0.00;0.00;;6.03;0.00;ST DALLAN;149P;SO149P;;;Y;EIAF5;N;N;N;;;WO;;FPO, NK;12.68;0.00;Fiber/Plastic;;1986-01-01;MFL;1986-01-01;;2017-10-05
IRL001I13676;;IRL;;;1.76;0.00;0.00;;5.89;0.00;GLEANN CORBRAIGHE ROS;152P;SO152P;;;Y;EI8705;N;N;N;;;WO;;FPO, NK;11.94;0.00;Fiber/Plastic;;1993-01-01;MFL;1993-01-01;;2016-10-18
IRL001I13677;;IRL;;;0.91;0.00;0.00;;5.00;0.00;RED ROSE;18P;T18P;Finland;;Y;EI8395;N;N;N;;;WO;;FPO, NK;6.00;0.00;Fiber/Plastic;;1988-01-01;MFL;1987-01-01;;2015-11-04
IRL001I13678;;IRL;;;1.54;0.00;0.00;;6.38;0.00;KELLY;172P;SO172P;Sligo;;Y;EI8605;N;N;N;;;WO;;FPO, NK;18.65;0.00;Wood;;2000-01-01;MFL;2000-01-01;;
IRL001I13679;;IRL;;;1.50;0.00;0.00;;6.54;0.00;STAR OF THE SEA;173P;SO173P;Sligo;;Y;EI8604;N;N;N;;;WO;;FPO, NK;11.19;0.00;Wood;;1998-01-01;MFL;1998-01-01;;
IRL001I13680;;IRL;;;0.78;0.00;0.00;;5.22;0.00;TRALORE;148P;SO148P;;;Y;EI8607;N;N;N;;;WO;;FPO, NK;7.39;0.00;Wood;;1971-01-01;MFL;1971-01-01;;2011-03-22
IRL001I13681;;IRL;;;3.83;0.00;0.00;;7.00;0.00;EBISU;175P;SO175P;;;Y;EI8161;N;N;N;;;WO;;FPO, NK;26.86;0.00;Fiber/Plastic;;2000-01-01;MFL;2000-01-01;;2017-08-30
IRL001I13682;;IRL;;;1.03;0.00;0.00;;5.79;0.00;MCDONALDS PRIDE;166P;SO166P;Sligo;;Y;EI8325;N;N;N;;;WO;;FPO, NK;7.40;0.00;Wood;;1983-01-01;MFL;1983-01-01;;
IRL001I13684;;IRL;;;0.95;0.00;0.00;;5.02;0.00;CLOONEY;176P;SO176P;;;Y;EI8651;N;N;N;;;WO;;FPO, NK;13.40;0.00;Fiber/Plastic;;1974-01-01;MFL;1974-01-01;;2016-10-14
IRL001I13686;;IRL;;;1.56;0.00;0.00;;6.27;0.00;MERMAID;262P;W262P;;;Y;EI8026;N;N;N;;;WO;;FPO, NK;16.50;0.00;Fiber/Plastic;;1990-01-01;MFL;1982-01-01;2013-08-22;
IRL001I13687;;IRL;;;2.19;0.00;0.00;;6.99;0.00;KERRIE MARIE;133P;SO133P;;;Y;EI8200;N;N;N;;;WO;;FPO, NK;18.65;0.00;Fiber/Plastic;;2002-12-30;MFL;1989-01-01;;2018-03-06
IRL001I13688;;IRL;;;2.98;0.00;0.00;;7.98;0.00;ST. THERESE;126P;SO126P;;;Y;EI8584;N;N;N;;;WO;;FPO, NK;14.92;0.00;Wood;;1965-01-01;MFL;1965-01-01;;2017-05-12
IRL001I13689;;IRL;;;2.13;0.00;0.00;;6.81;0.00;AN CONALLACH;129P;SO129P;Sligo;;Y;EI7904;N;N;N;;;WO;;FPO, NK;8.95;0.00;Wood;;1985-01-01;MFL;1985-01-01;;
IRL001I13690;;IRL;;;0.88;0.00;0.00;;5.30;0.00;BLACK ROCK;474P;S474P;Skibbereen;;Y;EIBK3;N;N;N;;;WO;;FPO, NK;11.03;0.00;Fiber/Plastic;;1991-01-01;MFL;1991-01-01;;
IRL001I13693;;IRL;;;1.30;0.00;0.00;;6.21;0.00;KLAM;154P;SO154P;;;Y;EI8748;N;N;N;;;WO;;FPO, NK;8.95;0.00;Wood;;1975-01-01;MFL;1975-01-01;;2016-12-06
IRL001I13695;;IRL;;;2.35;0.00;0.00;;6.97;0.00;SEA SPRAY;164P;SO164P;;;Y;EI3899;N;N;N;;;WO;;FPO, NK;96.98;0.00;Fiber/Plastic;;1996-01-01;MFL;1990-01-01;;2015-11-26
IRL001I13697;;IRL;;;0.92;0.00;0.00;;5.89;0.00;ST PATRICK;503P;S503P;;;Y;EIAK5;N;N;N;;;WO;;FPO, NK;11.18;0.00;Wood;;1976-01-01;MFL;1976-01-01;;2018-12-05
IRL001I13701;;IRL;;;1.06;0.00;0.00;;5.96;0.00;CATHERINE L;162P;SO162P;;;Y;EI4035;N;N;N;;;WO;;FPO, NK;11.19;0.00;Fiber/Plastic;;2001-01-01;MFL;2001-01-01;;2013-08-26
IRL001I13703;;IRL;;;7.29;0.00;0.00;;11.83;0.00;LEANITA;995P;SO995P;Sligo;;Y;EIZS8;N;N;N;;;WO;;FPO, NK;100.00;0.00;Fiber/Plastic;;2002-12-30;MFL;1984-01-01;;
IRL001I13705;;IRL;;;0.74;0.00;0.00;;5.65;0.00;MORNING STAR;660P;G660P;United Kingdom;;Y;EI5079;N;N;N;;;WO;;FPO, NK;7.46;0.00;Wood;;1997-01-01;MFL;1997-01-01;2015-05-11;
IRL001I13706;;IRL;;;3.47;0.00;0.00;;7.14;0.00;KACHELLE;179P;SO179P;;;Y;EI8538;N;N;N;;;WO;;FPO, NK;41.78;0.00;Fiber/Plastic;;1989-01-01;MFL;1986-01-01;;2015-04-16
IRL001I13708;;IRL;;;1.14;0.00;0.00;;5.69;0.00;FRANCISCO;170P;SO170P;;;Y;EI8521;N;N;N;;;WO;;FPO, NK;5.99;0.00;Fiber/Plastic;;1996-01-01;MFL;1995-01-01;;2018-12-05
IRL001I13709;;IRL;;;1.14;0.00;0.00;;5.87;0.00;NATALIE MARGARET;155P;SO155P;;;Y;EI8494;N;N;N;;;WO;;FPO, NK;7.39;0.00;Wood;;1989-01-01;MFL;1989-01-01;;2019-09-24
IRL001I13710;;IRL;;;1.35;0.00;0.00;;5.79;0.00;NAOMH CIARAN;163;SO163;Sligo;;Y;EI5224;N;N;N;;;MO;;GNS, FPO, LHP;7.46;0.00;Fiber/Plastic;;1999-01-01;MFL;1999-01-01;;
IRL001I13713;;IRL;;;1.22;0.00;0.00;;6.35;0.00;MAJELLA;185P;SO185P;;;Y;EI8387;N;N;N;;;WO;;FPO, NK;11.19;0.00;Wood;;1979-01-01;MFL;1979-01-01;;2015-05-18
IRL001I13714;;IRL;;;2.31;0.00;0.00;;6.27;0.00;MARY ROSE;504P;S504P;Skibbereen;;Y;EI3539;N;N;N;;;WO;;FPO, NK;20.88;0.00;Fiber/Plastic;;1993-01-01;MFL;1993-01-01;;
IRL001I13715;;IRL;;;1.16;0.00;0.00;;5.74;0.00;AIMEE;187P;SO187P;Sligo;;Y;EI8568;N;N;N;;;WO;;FPO, NK;11.19;0.00;Fiber/Plastic;;1995-01-01;MFL;1995-01-01;;
IRL001I13716;;IRL;;;1.35;0.00;0.00;;5.58;0.00;CARRIG BUI;506P;S506P;;;Y;EIAV9;N;N;N;;;WO;;FPO, NK;18.62;0.00;Fiber/Plastic;;1970-01-01;MFL;1970-01-01;;2018-12-04
IRL001I13717;;IRL;;;2.63;0.00;0.00;;6.79;0.00;LORVALDEE;168P;SO168P;;;Y;EI7960;N;N;N;;;WO;;FPO, NK;13.42;0.00;Wood;;1977-01-01;MFL;1977-01-01;;2007-05-23
IRL001I13719;;IRL;;;2.75;0.00;0.00;;6.49;0.00;ELIZABETH;196;WD196;;;Y;EI8675;N;N;N;;;WO;;FPO, LHP;27.38;0.00;Fiber/Plastic;;1990-01-01;MFL;1976-01-01;;2009-02-24
IRL001I13721;;IRL;;;0.90;0.00;0.00;;4.95;0.00;ARCTIC FOX;186P;SO186P;Sligo;;Y;EI8513;N;N;N;;;WO;;FPO, NK;11.19;0.00;Fiber/Plastic;;1990-01-01;MFL;1990-01-01;;
IRL001I13722;;IRL;;;1.55;0.00;0.00;;6.70;0.00;OCEAN DAWN;188P;SO188P;;;Y;EI5194;N;N;N;;;WO;;FPO, NK;7.39;0.00;Wood;;1996-01-01;MFL;1995-01-01;;2015-05-19
IRL001I13723;;IRL;;;0.74;0.00;0.00;;4.50;0.00;INVER HOOKER;190P;SO190P;;;N;;N;N;N;;;WO;;FPO, NK;3.73;0.00;Fiber/Plastic;;2002-12-30;MFL;2002-01-01;;2015-11-04
IRL001I13724;;IRL;;;2.75;0.00;0.00;;7.17;0.00;NICOLA;189P;SO189P;;;Y;EI4063;N;N;N;;;WO;;FPO, NK;16.41;0.00;Wood;;1992-01-01;MFL;1992-01-01;;2015-07-06
IRL001I13727;;IRL;;;3.44;0.00;0.00;;8.04;0.00;CALYPSO;116P;DK116P;Dundalk;;Y;EI8619;N;N;N;;;WO;;FPO, NK;48.00;0.00;Fiber/Plastic;;1987-01-01;MFL;1987-01-01;;
IRL001I13739;;IRL;;;1.29;0.00;0.00;;6.23;0.00;GRAINNE AINE;628P;G628P;Galway;;Y;EI8291;N;N;N;;;WO;;FPO, NK;18.65;0.00;Wood;;1996-01-01;MFL;1996-01-01;;
IRL001I13742;;IRL;;;6.40;0.00;0.00;;11.04;0.00;ISLANDER;122P;SO122P;;;Y;EI5184;N;N;N;;;WO;;FPO, NK;26.86;0.00;Wood;;1986-01-01;MFL;1985-01-01;2018-08-09;
IRL001I13749;;IRL;;;0.99;0.00;0.00;;5.00;0.00;SOPHIE;99P;T99P;Finland;;Y;EI8458;N;N;N;;;WO;;FPO, NK;11.19;0.00;Fiber/Plastic;;1990-10-01;MFL;1984-01-01;;2018-10-25
IRL001I13752;;IRL;;;1.00;0.00;0.00;;5.00;0.00;MAGGIE;5P;T5P;Finland;;Y;EI8559;N;N;N;;;WO;;FPO, NK;18.00;0.00;Fiber/Plastic;;1994-01-01;MFL;1994-01-01;;2015-09-08
IRL001I13772;;IRL;;;5.90;0.00;0.00;;9.65;0.00;KINGDOM WARRIOR;479;T479;Tralee;;Y;EICE5;N;N;N;;;MO;;FPO, GNS, LHP;62.00;0.00;Fiber/Plastic;;2006-02-01;MFL;2006-02-01;;
IRL001I13855;;IRL;;;0.87;0.00;0.00;;5.52;0.00;JENNY;215P;SO215P;;;Y;EIBH5;N;N;N;;;WO;;FPO, NK;5.97;0.00;Wood;;1997-01-01;MFL;1996-01-01;;2019-05-13
IRL001I14407;;IRL;;;1.93;0.00;0.00;;5.49;0.00;SEAMROG;391;T391;Finland;;N;;N;N;N;;;MO;;FPO, DRB;13.40;0.00;Fiber/Plastic;;1990-10-01;MFL;1980-01-01;;2014-04-03
NLD190901051;;IRL;;;115.00;0.00;0.00;;30.15;0.00;WESTERN ADVENTURE;426;T426;Finland;;Y;EI2209;N;N;Y;8571421;;DB;;DRB, NK;402.84;0.00;Metal;;2000-12-18;AQU;1909-01-01;;
NLD191000849;;IRL;;;70.00;0.00;0.00;;28.70;0.00;JANNY;186;WD186;;;Y;EI5786;Y;Y;Y;;;DO;;DRB, NK;350.00;0.00;Metal;;1994-05-01;MFL;1910-01-01;;2011-05-05
NLD191002280;;IRL;;;59.00;0.00;0.00;;26.62;0.00;VERTROUWEN II;138;WD138;;;Y;EI5889;Y;Y;Y;;;MO;;DRB, NK;265.00;0.00;Metal;;2001-03-27;MFL;1910-01-01;2017-11-10;
NLD191100029;;IRL;;;109.00;0.00;0.00;;27.84;0.00;LAURA ANNE;192A;WD192A;Wexford;;Y;EI8601;Y;N;Y;8783799;;MO;;DRB, NK;349.00;0.00;Metal;;1998-01-30;AQU;1911-01-01;;
NLD191100844;;IRL;;;74.00;0.00;0.00;;27.50;0.00;ON HOOP VAN ZEGEN;437;T437;Finland;;Y;EI3411;Y;Y;Y;;;MO;;DRB, NK;320.00;0.00;Metal;;1981-01-01;MFL;1911-01-01;;2014-01-09
NLD191200112;;IRL;;;153.00;0.00;0.00;;35.03;0.00;JANNA;962A;SO962A;Sligo;;Y;EI8339;Y;N;Y;;;DO;;DRB, NK;433.00;261.14;Metal;;1909-03-01;AQU;1909-01-01;;
NLD191300676;;IRL;;;70.00;0.00;0.00;;30.71;0.00;JOHANNA CORNELIA;963;SO963;;;Y;EI6616;Y;Y;Y;;;MO;;DRB, NK;206.25;0.00;Metal;;2002-07-07;MFL;1913-01-01;2009-07-17;
NLD191400874;;IRL;;;55.00;0.00;0.00;;24.94;0.00;KEETEN;213A;WD213A;;;Y;EI2210;Y;N;Y;;;DO;;DRB, NK;132.50;0.00;Metal;;1997-01-01;AQU;1914-01-01;2010-09-03;
NLD191800102;;IRL;;;83.00;0.00;0.00;;31.45;0.00;BRU 40;182A;WT182A;;;Y;EI2374;Y;N;Y;;;MO;;DRB, NK;403.00;0.00;Metal;;1981-07-11;AQU;1981-01-01;;2015-09-16
NLD192200876;;IRL;;;71.00;0.00;0.00;;28.00;0.00;CRESCENT WARRIOR;159;WD159;;;Y;EI5439;Y;Y;Y;;;DO;;DRB, NK;220.00;0.00;Metal;;1980-01-01;MFL;1922-01-01;2012-07-24;
NLD193800853;;IRL;;;54.00;0.00;0.00;;26.05;0.00;PRIMAR;946;SO946;;;Y;EI5862;Y;Y;Y;;;DO;;DRB, NK;268.00;0.00;Metal;;1952-03-28;MFL;1938-01-01;2014-05-26;
NLD194100670;;IRL;;;151.00;0.00;0.00;;32.13;0.00;JANNA MARIA;1;WD1;;;Y;EI5603;Y;Y;Y;;;DO;;DRB, NK;397.00;0.00;Metal;;1968-01-01;MFL;1941-01-01;2011-11-11;
NLD194700377;;IRL;;;94.00;0.00;0.00;;32.79;0.00;WADDENZEE;200A;WD200A;;;Y;EI6611;Y;N;Y;;;MO;;DRB, NK;346.00;0.00;Metal;;2003-01-16;AQU;1949-01-01;;2016-11-21
NLD195400751;;IRL;;;122.00;0.00;0.00;;29.13;0.00;RIVAL;196A;WT196A;;;Y;EI8835;Y;N;Y;;;DO;;DRB, NK;441.00;0.00;Metal;;1991-05-09;AQU;1954-01-01;;2016-11-21
NLD195800898;;IRL;;;135.00;0.00;0.00;;35.59;0.00;NOORDSTER;190;WD190;Wexford;;Y;EI5868;Y;Y;Y;8335061;;DO;;DRB, NK;373.00;0.00;Metal;;1958-05-26;MFL;1958-01-01;;
NLD195900859;;IRL;;;135.00;0.00;0.00;;35.15;0.00;HARVEST SEEKER;224;W224;;;Y;EI5731;Y;Y;Y;;;DO;;DRB, FPO;238.75;0.00;Metal;;1981-01-01;MFL;1959-01-01;2017-05-15;
NLD196700572;;IRL;;;140.00;0.00;0.00;;26.15;0.00;GOLDEN FEATHER;348;S348;Skibbereen;;Y;EI6008;Y;Y;Y;;;TO;;GNS, OTB;448.00;26.00;Metal;;1974-01-01;MFL;1967-01-01;2023-06-16;
NLD197200839;;IRL;;;268.00;0.00;0.00;;36.48;0.00;WILLIAM JOSEPH;182;WD182;;;Y;EI5630;Y;Y;Y;;;DO;;DRB, NK;1177.00;0.00;Metal;;1972-09-01;MFL;1972-01-01;2006-03-22;
NLD197300674;;IRL;;;288.00;0.00;0.00;;35.02;0.00;QUAYFISHER;16;WD16;;;Y;EI6030;Y;Y;Y;;;FX;;GND, NK;780.00;0.00;Metal;;1981-01-01;MFL;1973-01-01;2008-10-02;
NLD197300894;;IRL;;;244.00;0.00;0.00;;38.00;0.00;MAARTEN LUTHER;36;WD36;Wexford;;Y;EI6612;Y;Y;Y;;;TO;;OTM, TBB;749.00;400.00;Metal;;2002-12-11;MFL;1973-01-01;;2023-01-26
NLD197300916;;IRL;;;200.00;0.00;0.00;;29.73;0.00;AVONTUUR;148;WD148;;;Y;EI5084;Y;Y;Y;;;TO;;FPO, NK;746.00;0.00;Metal;;1973-01-01;MFL;1973-01-01;2008-10-02;
NLD197400082;;IRL;;;220.00;0.00;0.00;;33.81;0.00;LILLY L;208;WD208;;;Y;EI6645;Y;Y;Y;;;TO;;DRB, NK;1030.00;0.00;Metal;;1974-02-18;MFL;1974-01-01;2005-12-13;
NLD197402165;;IRL;;;227.00;0.00;0.00;;35.00;0.00;SALTEES QUEST;38;WD38;Wexford;;Y;EIVS;Y;Y;Y;7367720;;TO;;TBB, OTB;740.00;380.00;Metal;;1998-01-01;MFL;1974-01-01;;
NLD197500891;;IRL;;;144.00;0.00;0.00;;32.55;0.00;EBEN HAEZER;188A;WD188A;Wexford;;Y;EI8943;Y;N;Y;7513587;;DO;;DRB, NK;522.00;0.00;Metal;;1981-01-01;AQU;1975-01-01;;
NLD197800071;;IRL;;;162.00;0.00;0.00;;33.56;0.00;CORNELIS GERRIT;669;D669;;;Y;EI5149;Y;Y;Y;8135916;;FX;;DRB, NK;465.00;0.00;Metal;;1978-10-01;MFL;1978-01-01;;
NLD197800889;;IRL;;;143.00;0.00;0.00;;33.92;0.00;MARIA;964A;SO964A;Sligo;;Y;EI6614;Y;N;Y;8136130;;DO;;DRB, NK;435.00;319.33;Metal;;1978-12-24;AQU;1978-01-01;;
NLD198000187;;IRL;;;91.00;0.00;0.00;;23.00;0.00;SALTEES TERN;57;WD57;Wexford;;Y;EI6768;Y;Y;Y;7931052;;TO;;DRB, OTM, TBB, PTM, PS;221.00;250.00;Metal;;1980-11-01;MFL;1980-01-01;;
NLD198100078;;IRL;;;266.00;0.00;0.00;;36.05;0.00;MARY J;17;WD17;Wexford;;Y;EI6167;Y;Y;Y;8022664;;TO;;OTM, TBB;883.00;0.00;Metal;;1981-01-01;MFL;1981-01-01;;
NLD198100806;;IRL;;;128.00;0.00;0.00;;32.18;0.00;ENTERPRISE I;137;WD137;Wexford;;Y;EI6035;Y;Y;Y;8008321;;DO;;DRB, NK;403.00;287.00;Metal;;1981-01-01;MFL;1981-01-01;;
NLD198100895;;IRL;;;171.00;0.00;0.00;;36.00;0.00;JACKSON ELLIE;74A;SO74A;Sligo;;Y;EI6631;Y;N;Y;8012073;;DO;;DRB, DRM;566.00;305.00;Metal;;1981-10-15;AQU;1981-01-01;;
NLD198200669;;IRL;;;96.00;0.00;0.00;;24.45;0.00;WILLIE;14;WD14;Wexford;;Y;EI8544;Y;Y;Y;8432089;;TO;;TBB, NK;221.00;0.00;Metal;;1981-01-01;MFL;1981-01-01;;
NLD198300427;;IRL;;;103.00;0.00;0.00;;22.60;0.00;EMER JANE;37;DA37;Drogheda;;Y;EI6933;Y;Y;Y;8304672;;TO;;TBB, OTM, OTB;221.00;168.00;Metal;;1983-10-28;MFL;1983-05-25;;
NLD198300743;;IRL;;;176.00;0.00;0.00;;36.00;0.00;CECILIA;239A;WD239A;Wexford;;Y;EICF3;Y;N;Y;8220503;;DO;;DRB, NK;742.00;300.00;Aluminium;;1983-01-01;AQU;1983-01-01;;
NLD198400050;;IRL;;;107.00;0.00;0.00;;24.69;0.00;CHLOE B;81;WD81;Wexford;;Y;EI6792;Y;Y;Y;8500587;;DO;;DRB, NK;221.00;130.00;Metal;;2002-12-10;MFL;1984-01-01;;
NLD198400069;;IRL;;;301.00;0.00;0.00;;35.79;0.00;AVRO HUNTER;11;WD11;;;Y;EI6437;Y;Y;Y;;;TO;;OTB, NK;1038.75;0.00;Metal;;2001-10-04;MFL;1984-01-01;2008-10-24;
NLD198400096;;IRL;;;59.00;0.00;0.00;;19.51;0.00;DE HINDER;205;WD205;;;Y;EI7079;Y;Y;Y;;;FX;;OTB, HMD;221.00;0.00;Metal;;1984-06-01;MFL;1984-01-01;;2014-03-26
NLD198500041;;IRL;;;92.00;0.00;0.00;;24.45;0.00;SHAUNA LEON;220;WD220;Wexford;;Y;EI7651;Y;Y;Y;8421729;;TO;;DRB, NK;221.00;0.00;Metal;;1985-01-18;MFL;1985-01-01;;2025-07-15
NLD198500194;;IRL;;;83.00;0.00;0.00;;23.34;0.00;WILLIE B;211;WD211;Wexford;;Y;EI7459;Y;Y;Y;8432041;;TO;;DRB, NK;221.00;170.00;Metal;;2004-01-13;MFL;1985-01-01;;
NLD198500203;;IRL;;;78.00;0.00;0.00;;21.97;0.00;HORNSRIFF;43;WD43;Wexford;;Y;EI6189;Y;Y;Y;;;DO;;DRB, NK;221.00;50.00;Metal;;1985-01-01;MFL;1985-01-01;;2022-12-21
NLD198500379;;IRL;;;98.00;0.00;0.00;;24.32;0.00;RONY;18;WD18;Wexford;;Y;EI8795;Y;Y;Y;8431592;;TO;;TBB, NK;221.00;0.00;Metal;;1985-06-01;MFL;1985-01-01;;
NLD198500526;;IRL;;;91.00;0.00;0.00;;24.45;0.00;JIMMY;9;WD9;Wexford;;Y;EILZ3;Y;Y;Y;8416310;;TO;;TBB, NK;221.00;168.00;Metal;;1985-07-01;MFL;1985-01-01;;
NLD198501006;;IRL;;;95.00;0.00;0.00;;23.87;0.00;MARY CATHERINE;7;WD7;Wexford;;Y;EIDC8;Y;Y;Y;8577164;;TO;;TBB, PTM, OTM, PS;221.00;0.00;Metal;;1985-08-05;MFL;1985-01-01;;
NLD198600314;;IRL;;;112.00;0.00;0.00;;25.00;0.00;LIDA SUZANNA;8;WD8;Wexford;;Y;EIMX3;Y;Y;Y;8505745;;DO;;DRB, NK;221.00;75.00;Metal;;1986-03-01;MFL;1985-05-01;;
NLD198700778;;IRL;;;106.00;0.00;0.00;;24.73;0.00;LIA JAN;63;WD63;Wexford;;Y;EILB9;Y;Y;Y;8712972;;TO;;TBB, NK;474.00;80.00;Metal;;1987-07-01;MFL;1987-01-01;;
NLD198800736;;IRL;;;187.00;0.00;0.00;;35.14;0.00;BRANDING;4A;WD4A;Wexford;;Y;EI6796;Y;N;Y;8804476;;DO;;DRB, NK;520.00;0.00;Metal;;2005-06-29;AQU;1988-07-01;;
NLD199301884;;IRL;;;6534.00;0.00;0.00;;119.65;0.00;JOHANNA MARIA;117;SO117;;;Y;EIEU8;Y;N;N;9085742;;FX;;PS, OTM;6600.00;0.00;Metal;;1994-01-01;MFL;1993-01-01;;
NLD199702062;;IRL;;;161.00;0.00;0.00;;23.99;0.00;BRIDGET CARMEL;39;WD39;Wexford;;Y;EI2944;Y;Y;Y;9177703;;TO;;TBB, NK;473.00;0.00;Metal;;1997-07-07;MFL;1997-01-01;;
NLD199802164;;IRL;;;7.43;0.00;0.00;;9.94;0.00;ROISIN BAIRBRE;777;G777;Galway;;Y;EIVH2;N;N;N;;;MO;;GNS, DRB, LHP, FPO;82.00;0.00;Fiber/Plastic;;1998-01-01;MFL;1998-01-01;;2022-06-30
NLD200002583;;IRL;;;2.08;0.00;0.00;;8.50;0.00;GANNET;471;T471;Finland;;Y;EI6647;N;N;N;;;GO;;GND, LHP;148.00;0.00;Fiber/Plastic;;2000-06-05;MFL;1999-01-01;;2015-01-09
NLD200002594;;IRL;;;200.00;0.00;0.00;;27.10;0.00;KENNEDY;135;WD135;Wexford;;Y;EIVS9;Y;Y;Y;9250103;;SO;;SX, NK;367.00;0.00;Metal;;2000-06-30;MFL;2000-01-01;;
NLD200002610;;IRL;;;140.00;0.00;0.00;;23.97;0.00;ROSA MYSTICA;61;WD61;Wexford;;Y;EIA3047;Y;Y;Y;9223083;;TO;;DRB, NK;221.00;0.00;Metal;;2000-12-05;MFL;2000-01-01;;
NLD200400112;;IRL;;;9.95;0.00;0.00;;9.90;0.00;MEGAN SOFIA;167;T167;Tralee;;Y;EITO2;N;N;N;;;MO;;FPO, DRB, GNS, LHP;30.00;0.00;Fiber/Plastic;;2006-01-01;MFL;2004-01-01;;
NLD200502013;;IRL;;;6.20;0.00;0.00;;9.97;0.00;BANRION NA MARA;149;T149;Tralee;;Y;EITP2;N;N;N;;;MO;;GNS, LHP, FPO;70.00;0.00;Fiber/Plastic;;2005-01-01;MFL;2005-01-01;;
SWE000007244;;IRL;;;183.00;0.00;0.00;;23.72;0.00;ENDEAVOUR;28;D28;Dublin;;Y;EI6243;Y;Y;Y;8805456;;TO;;OTB, SDN, SSC;421.00;0.00;Metal;;1995-01-01;MFL;1988-01-01;2023-06-22;
SWE000007880;;IRL;;;335.00;0.00;0.00;;26.60;0.00;LOVON;381;S381;Skibbereen;;Y;EI6207;Y;Y;Y;;;TO;;OTB, SPR, PTM, OTM, GNS, LHM;736.00;400.00;Metal;;1996-01-30;MFL;1996-01-01;;2022-11-08
SWE000007968;;IRL;;;322.00;0.00;0.00;;27.38;0.00;CARMONA;383;S383;Skibbereen;;Y;EI6206;Y;Y;Y;9170303;;TO;;OTM, GND, PS, PTM;736.00;0.00;Metal;;1997-12-30;MFL;1997-01-01;;2024-04-09
SWE000009567;;IRL;;;228.00;0.00;0.00;;23.99;0.00;VASTERLAND;820;S820;Skibbereen;;Y;EIA3197;Y;Y;Y;9568251;;MO;;SSC, SDN, OTM, SPR, OTB, PS;551.00;0.00;Metal;;2025-08-05;MFL;2009-01-01;;
