CFR;MSSI;Country of registration;Administration responsible of registration;Registration on national registry;GT Tonnage;Other tonnage;GTs;Code;LOA;LBP;Name;Registration number;External marking;Registration Place;Status on national registry;Radio;IRCS;VMS;ERS;AIS;UVI;IMO;Vessel Type;Operates at;Fishing gear;Main engine;Power of auxiliary engine;Hull material;Image;Date of entry into service;Segment;Year of construction;Year of destruction;Year of retirement
BEL013491989;;SWE;;;68.00;0.00;0.00;;16.55;0.00;NETANYA;SIRW;SG76;Krokås;;Y;SIRW;Y;N;N;;;FX;;GND, LLD;315.00;0.00;Metal;;1998-02-17;4M4;1989-01-01;1998-12-31;
DEU000130630;265741440;SWE;;;19.40;0.00;0.00;;11.89;0.00;AXELIA;SFD2268;VY21;Ronehamn;;Y;SFD2268;N;Y;Y;;;FX;;OTM, OTB;174.00;50.00;Fiber/Plastic;;2015-03-11;MFL;2000-01-01;;
DNK000001225;;SWE;;;1.33;0.00;0.00;;6.66;0.00;SOFIE;SFC5005;KA124;Hasslö;;Y;SFC5005;N;Y;N;;;FX;;GNS;20.59;0.00;Fiber/Plastic;;1996-07-01;4M1;1979-01-01;;
DNK000001439;;SWE;;;8.75;0.00;0.00;;10.30;0.00;GULLBRIS;SFD2362;LL467;Lysekil;;Y;SFD2362;N;Y;N;;;FX;;OTB, TBN;81.00;0.00;Wood;;2015-12-09;MFL;1958-01-01;;2019-11-22
DNK000001560;;SWE;;;4.46;0.00;0.00;;8.84;0.00;FELICIA;SFC8575;LL15;Grundsund;;Y;SFC8575;N;Y;N;;;FX;;FPO, GND;58.00;0.00;Fiber/Plastic;;2008-02-07;MFL;2008-01-01;;
DNK000001700;;SWE;;;5.29;0.00;0.00;;9.22;0.00;JOSEFINE;SFC9448;SD64;Grebbestad;;Y;SFC9448;N;Y;N;;;FX;;OTB, FPO;140.00;0.00;Metal;;2010-09-24;MFL;1989-01-01;;2019-11-20
DNK000002695;265757320;SWE;;;11.74;0.00;0.00;;11.81;0.00;MIA;SFD2285;NG6;Oxelösund;;Y;SFD2285;N;Y;Y;;;FX;;OTM, NO;140.00;0.00;Wood;;2015-05-12;MFL;1964-01-01;;2019-06-20
DNK000003274;265622460;SWE;;;5.04;0.00;0.00;;9.24;0.00;ANGELICA;SFC8101;SG24;Hörvik;;Y;SFC8101;N;N;Y;;;FX;;FPO;63.00;0.00;Fiber/Plastic;;2006-11-14;MFL;1970-01-01;;
DNK000003300;266086000;SWE;;;45.00;0.00;0.00;;18.01;0.00;SUNDLAND II;SMBP;SD341;Grebbestad;;Y;SMBP;Y;N;Y;;;FX;;OTB, TBN;246.00;0.00;Wood;;2009-06-01;MFL;1969-01-01;;
DNK000004968;265649560;SWE;;;7.15;0.00;0.00;;9.90;0.00;MILIA;SFC8728;SD4;Hamburgsund;;Y;SFC8728;N;Y;Y;;;FX;;GND, FPO;62.00;0.00;Wood;;2008-06-15;MFL;1980-01-01;;
DNK000005490;266077000;SWE;;;72.00;0.00;0.00;;20.51;0.00;GOTTSKÄR;SFE2775;GG56;Bohus-Björkö;;Y;SFE2775;Y;N;Y;;;FX;;OTB, TBN;213.00;0.00;Wood;;2019-02-05;MFL;1967-01-01;;2020-01-30
DNK000006100;;SWE;;;4.37;0.00;0.00;;9.67;0.00;HILD;SFD2564;HG79;"Viken"", Höganäs";;Y;SFD2564;N;Y;N;;;FX;;GND, GNS;96.00;0.00;Wood;;2017-06-06;MFL;1985-01-01;;
DNK000006137;265020000;SWE;;;373.00;0.00;0.00;;39.30;0.00;GLOMSKÄR;SBAM;SM53;Öregrund;;Y;SBAM;Y;N;Y;8331833;;FX;;OTM, NO;700.00;0.00;Metal;;2020-02-05;MFL;1983-01-01;;
DNK000006333;265686850;SWE;;;8.80;0.00;0.00;;10.23;0.00;AERÖ;SFC8535;GG477;Fiskebäck;;Y;SFC8535;N;Y;Y;;;FX;;TBN, NO;98.00;0.00;Wood;;2007-12-10;MFL;1964-01-01;;
DNK000006456;;SWE;;;15.49;0.00;0.00;;11.00;0.00;SILVERFJORD;SFC5408;SG134;Hällevik;;Y;SFC5408;N;Y;N;;;FX;;OTB, GNS;121.32;0.00;Wood;;1998-02-03;MFL;1966-01-01;;2010-02-03
DNK000006457;266354000;SWE;;;28.00;0.00;0.00;;14.86;0.00;SVAN;SFE2773;LL161;Ellös;;Y;SFE2773;Y;N;Y;;;FX;;TBN, OTB;153.00;0.00;Wood;;2019-02-04;MFL;1956-01-01;;
DNK000006974;265005000;SWE;;;25.00;0.00;0.00;;14.84;0.00;MELINA;SFE2009;SIN77;Simrishamn;;Y;SFE2009;Y;N;Y;;;FX;;OTB, TBN;224.00;0.00;Wood;;2018-02-01;MFL;1992-01-01;;
DNK000007161;265703000;SWE;;;181.00;0.00;0.00;;27.25;0.00;LIPTON;SHRM;VG59;Träslövsläge;;Y;SHRM;Y;N;Y;8424680;;FX;;OTB, TBN;508.00;0.00;Metal;;2016-02-22;MFL;1984-01-01;;
DNK000007166;;SWE;;;6.65;0.00;0.00;;9.88;0.00;HELLE;SFD2583;HG20;Höganäs;;Y;SFD2583;N;Y;N;;;FX;;FPO;81.00;0.00;Wood;;2017-07-03;MFL;1976-01-01;;
DNK000007176;265727220;SWE;;;14.00;0.00;0.00;;9.99;0.00;EVA;SFD2124;GG31;Lerkil;;Y;SFD2124;N;Y;Y;;;FX;;TBN, FPO;154.45;0.00;Fiber/Plastic;;2014-04-06;MFL;1977-01-01;;
DNK000007223;266083000;SWE;;;64.00;0.00;0.00;;19.06;0.00;OCEAN;SGUN;LL677;Smögen;;Y;SGUN;Y;N;Y;;;FX;;TBN;276.00;0.00;Wood;;2008-07-22;MFL;1961-01-01;;2023-10-03
DNK000007253;;SWE;;;75.00;0.00;0.00;;21.08;0.00;CORNELIS;SKYX;VY62;Slite;;Y;SKYX;Y;N;N;;;FX;;OTB, NO;221.00;0.00;Metal;;2006-08-04;MFL;1959-01-01;;
DNK000007799;;SWE;;;13.41;0.00;0.00;;11.68;0.00;KINGSTON;SFD2458;SG64;Hörvik;;Y;SFD2458;N;Y;N;;;FX;;OTM, NO;51.48;0.00;Wood;;2016-08-17;MFL;1959-01-01;;2021-06-22
DNK000007817;;SWE;;;15.44;0.00;0.00;;11.80;0.00;FERDER;SFE5688;SD451;Krossekärr;;Y;SFE5688;N;Y;N;;;FX;;OTB;220.00;0.00;Wood;;2025-03-17;MFL;1950-01-01;;
DNK000008105;265726230;SWE;;;12.53;0.00;0.00;;11.98;0.00;VÅGSKÄR;SFD2109;SG64;Hörvik;;Y;SFD2109;N;Y;Y;;;FX;;OTM, NO;125.00;0.00;Wood;;2014-02-24;MFL;1977-01-01;;
DNK000008396;266245000;SWE;;;121.00;0.00;8.00;;21.05;0.00;BRITTON;SDVZ;VY33;Ronehamn;;Y;SDVZ;Y;N;Y;8424070;;FX;;OTM, NO;370.00;53.69;Metal;;2006-08-29;MFL;1984-01-01;;
DNK000008437;266350000;SWE;;;21.00;0.00;0.00;;14.88;0.00;TERNÖ;SFAG;SIN338;Simrishamn;;Y;SFAG;Y;N;Y;;;FX;;OTB, NO;289.00;0.00;Wood;;2006-06-20;MFL;1957-01-01;;
DNK000008497;266315001;SWE;;;78.00;0.00;0.00;;20.40;0.00;MIRACULIX;SMXN;SG40;Nogersund;;Y;SMXN;Y;N;Y;;;FX;;OTM, NO;405.00;17.65;Wood;;2009-04-03;MFL;1983-01-01;;2023-02-10
DNK000008512;;SWE;;;735.00;0.00;0.00;;48.55;0.00;THEMIS;SCFL;GG144;Rörö;;Y;SCFL;Y;Y;Y;8522406;;FX;;OTM;1200.00;735.50;Metal;;2008-02-25;MFL;1986-01-01;;
DNK000008642;266434000;SWE;;;19.00;0.00;0.00;;14.98;0.00;SAIBON AV KUNGSHAMN;SFE2785;LL1248;Kungshamn;;Y;SFE2785;Y;N;Y;;;FX;;TBN, NO;94.88;0.00;Wood;;2019-02-05;MFL;1959-01-01;;2021-06-11
DNK000010732;266254000;SWE;;;182.00;0.00;0.00;;23.81;0.00;KARLSÖ;SBVO;GG567;Hönö;;Y;SBVO;Y;N;Y;8705890;;FX;;OTB;443.00;160.00;Metal;;2008-02-10;MFL;1986-01-01;;
DNK000012125;266251000;SWE;;;67.00;0.00;0.00;;20.70;0.00;SOLVÅG AV GLOMMEN;SGMA;FG72;Glommen;;Y;SGMA;Y;N;Y;;;FX;;OTB;121.00;0.00;Wood;;2006-11-03;MFL;1976-01-01;;2014-03-05
DNK000012157;;SWE;;;32.00;0.00;0.00;;16.41;0.00;LISA MARIA;SBTY;GG94;Bohus-Björkö;;Y;SBTY;Y;N;N;;;FX;;OTB, NO;175.00;0.00;Wood;;2007-08-20;MFL;1958-01-01;2010-05-24;
DNK000012527;266085000;SWE;;;56.00;0.00;0.00;;18.59;0.00;LUNA;SEPJ;SD158;Grebbestad;;Y;SEPJ;Y;N;Y;;;FX;;TBN, OTB;221.00;0.00;Wood;;2008-05-15;MFL;1968-01-01;;
DNK000013109;;SWE;;;101.00;0.00;0.00;;27.61;0.00;VERONICA AV FOTÖ;SEOH;GG812;Fiskebäck;;Y;SEOH;Y;N;N;;;FX;;OTM;368.00;110.32;Metal;;2008-05-15;MFL;1959-01-01;;2011-02-12
DNK000013525;265828710;SWE;;;12.00;0.00;0.00;;11.99;0.00;IDUNN;SFD2004;GG844;Björholmen;;Y;SFD2004;N;Y;Y;;;FX;;FPO, GTR;95.00;0.00;Fiber/Plastic;;2013-07-08;MFL;1981-01-01;;
DNK000013571;;SWE;;;4.96;0.00;0.00;;9.00;0.00;ANNA;SFC9476;GG43;;;Y;SFC9476;N;N;N;;;FX;;GNS, LHP;51.48;0.00;Fiber/Plastic;;2010-11-10;MFL;1981-01-01;;2018-10-04
DNK000013575;;SWE;;;8.10;0.00;0.00;;10.00;0.00;SANNA;SFC9246;KR23;Grönhögen;;Y;SFC9246;N;Y;N;;;FX;;GNS;58.84;0.00;Wood;;2010-03-23;MFL;1978-01-01;;2019-03-22
DNK000013590;266426000;SWE;;;88.00;0.00;0.00;;19.63;0.00;VIKINGÖ NORD;SETO;SD578;Havstenssund;;Y;SETO;Y;N;Y;8466561;;FX;;OTB, NO;405.00;125.03;Wood;;2013-07-09;MFL;1955-01-01;;
DNK000013604;;SWE;;;191.00;0.00;0.00;;33.60;0.00;PFG 2;SIOM;GG934;Öckerö;;Y;SIOM;Y;N;N;;;FX;;OTM;460.00;235.36;Metal;;1997-10-31;MFL;1968-01-01;;
DNK000013618;;SWE;;;396.00;0.00;0.00;;35.25;0.00;RIGEL AF FOTÖ;SKMN;GG89;Fotö;;Y;SKMN;Y;N;N;;;FX;;OTB;735.00;294.20;Metal;;2007-09-19;MFL;1984-01-01;;
DNK000013671;;SWE;;;7.41;0.00;0.00;;9.65;0.00;NEPTUN;SFC7517;SG453;Nogersund;;Y;SFC7517;N;Y;N;;;FX;;LHP, GNS;96.00;0.00;Fiber/Plastic;;2005-08-12;MFL;1979-01-01;;2013-05-28
DNK000013718;;SWE;;;8.25;0.00;0.00;;10.35;0.00;LAGUNEN;SFC8930;KA22;Hasslö;;Y;SFC8930;N;Y;N;;;FX;;LHP, GNS;96.00;0.00;Wood;;2009-02-25;MFL;1954-01-01;;2011-12-29
DNK000013831;;SWE;;;19.00;0.00;0.00;;13.08;0.00;MARIANN AF NOGERSUND;SKUT;SG93;Nogersund;;Y;SKUT;Y;N;N;;;FX;;LHP, GNS;80.00;0.00;Wood;;2008-06-10;MFL;1939-01-01;;2018-02-01
DNK000013897;;SWE;;;28.00;0.00;0.00;;14.99;0.00;LAGUNEN AV HASSLÖ;SDFU;KA22;"Hallahamnen"", Hasslö";;Y;SDFU;Y;N;N;;;FX;;GNS, OTB;132.00;0.00;Wood;;2008-04-04;MFL;1973-01-01;;
DNK000014063;266320000;SWE;;;233.00;0.00;0.00;;29.25;0.00;CORNELIS AV SLITE;SJQY;VY62;Slite;;Y;SJQY;Y;N;Y;;;FX;;OTB, NO;220.00;0.00;Metal;;2009-10-16;MFL;1974-01-01;;2015-04-22
DNK000014180;;SWE;;;325.00;0.00;0.00;;38.90;0.00;VICTORIA AV HÖNÖ;SMRO;GG19;Hönö;;Y;SMRO;Y;N;N;;;FX;;OTB, NO;400.00;183.87;Metal;;2006-03-03;MFL;1969-01-01;;
DNK000014205;265778450;SWE;;;14.28;0.00;0.00;;11.39;0.00;NOOMI;SFC9661;GG7;Fiskebäck;;Y;SFC9661;N;Y;Y;;;FX;;OTB, TBN;135.00;0.00;Metal;;2011-09-20;MFL;1984-01-01;;
DNK000014669;;SWE;;;7.00;0.00;0.00;;9.52;0.00;LÄCKÖ;SFE5707;LL221;Hasselösund;;Y;SFE5707;N;Y;N;;;FX;;FPO, GND;46.00;0.00;Fiber/Plastic;;2025-04-08;MFL;1978-01-01;;
DNK000021680;;SWE;;;43.00;0.00;0.00;;16.96;0.00;LANDS END;SCZR;GG55;Lerkil;;Y;SCZR;Y;N;N;;;FX;;OTB;400.00;0.00;Metal;;2003-07-10;MFL;1993-01-01;;
DNK000025580;265030000;SWE;;;107.00;0.00;0.00;;18.75;0.00;ATLAS;SFE4228;LL627;Grundsund;;Y;SFE4228;Y;N;Y;8825535;;FX;;OTB;300.00;0.00;Metal;;2020-04-19;MFL;1987-01-01;;
DNK000031775;;SWE;;;135.00;0.00;0.00;;19.34;0.00;ÅSA REBECKA;SBTQ;GG433;Bohus-Björkö;;Y;SBTQ;Y;N;N;;;FX;;OTB;441.00;170.00;Metal;;2008-02-11;MFL;1999-01-01;2010-07-01;
DNK000031916;266269000;SWE;;;161.00;0.00;0.00;;22.94;0.00;SILVERVÅG AV HÖNÖ;SBRV;GG734;Hönö;;Y;SBRV;Y;N;N;9212670;;TO;;OTB;552.00;0.00;Metal;;2007-06-14;MFL;1999-01-01;;
DNK000032979;265026000;SWE;;;315.00;0.00;0.00;;27.57;0.00;ÄLVSBORG;SBQD;GG150;Fiskebäck;;Y;SBQD;Y;N;Y;9259135;;FX;;TBN, OTB;542.00;0.00;Metal;;2020-04-16;MFL;2001-01-01;;
DNK000033511;266332000;SWE;;;185.00;0.00;0.00;;23.45;0.00;STJÄRNVIK;SLRE;VG95;Träslövsläge;;Y;SLRE;Y;N;Y;8996475;;FX;;OTB, OTM;432.00;150.00;Metal;;2010-08-17;MFL;2003-01-01;;2025-03-31
DNK000033735;266452000;SWE;;;128.00;0.00;0.00;;19.00;0.00;KUNGSVIK;SGCI;VG117;Träslövsläge;;Y;SGCI;Y;N;Y;8996487;;FX;;TBN, OTB;221.00;0.00;Metal;;2017-10-15;MFL;2002-01-01;;
DNK000036167;265014000;SWE;;;21.00;0.00;0.00;;14.19;0.00;SKANDIA;SFE3235;SD787;Edsvik;;Y;SFE3235;Y;N;Y;;;FX;;TBN, OTB;235.36;0.00;Wood;;2019-05-19;MFL;1998-01-01;;
DNK000036587;265828000;SWE;;;1337.00;0.00;0.00;;62.60;0.00;GINNETON;SBMC;GG203;Fiskebäck;;Y;SBMC;Y;N;Y;9350628;;FX;;OTM, PS;2999.00;914.00;Metal;;2019-08-22;MFL;2005-01-01;;
DNK000038569;266453000;SWE;;;50.00;0.00;0.00;;14.92;0.00;OSPREY;SGBK;GG560;Skärhamn;;Y;SGBK;Y;N;Y;;;FX;;TBN, OTB;216.00;0.00;Metal;;2017-10-23;MFL;2009-01-01;;
DNK000038830;;SWE;;;3.27;0.00;0.00;;8.91;0.00;MAJBLOMMA;SFE5769;LL971;"Brevik"", Lyr";;Y;SFE5769;N;Y;N;;;FX;;FPO;49.00;0.00;Fiber/Plastic;;2025-06-26;MFL;1980-01-01;;
DNK000039070;;SWE;;;9.00;0.00;0.00;;9.75;0.00;KARLSBORG;SFE3340;GG447;Fotö;;Y;SFE3340;N;Y;N;;;FX;;FPO, GND;110.32;0.00;Fiber/Plastic;;2019-06-18;MFL;2009-01-01;;
DNK000041271;265045110;SWE;;;11.04;0.00;0.00;;9.99;0.00;SVARTSKÄR;SFE5014;LL9;Lysekil;;Y;SFE5014;N;Y;Y;;;FX;;OTB;169.00;0.00;Fiber/Plastic;;2022-06-01;MFL;2011-01-01;;
FIN000000016;;SWE;;;39.00;0.00;0.00;;17.69;0.00;BÖNAN;SLMP;GE40;Bönan;;Y;SLMP;Y;N;N;;;FX;;OTM, OTB;200.00;14.71;Metal;;2000-02-08;MFL;1995-01-01;;2022-11-30
FIN000010018;265645310;SWE;;;14.51;0.00;0.00;;11.98;0.00;ELLIS;SFC8337;NG1;Oxelösund;;Y;SFC8337;N;Y;Y;;;FX;;OTM, NO;186.82;0.00;Fiber/Plastic;;2007-07-03;MFL;1985-01-01;;
FIN000010056;;SWE;;;12.47;0.00;0.00;;11.97;0.00;BOTHNIA;SFC5496;HA75;Junibosand;;Y;SFC5496;N;Y;N;;;FX;;GNS;154.41;0.00;Fiber/Plastic;;1998-05-26;MFL;1988-01-01;;
FIN000010064;;SWE;;;5.06;0.00;0.00;;11.20;0.00;REBECKA;SFC7146;GG151;Bohus-Björkö;;Y;SFC7146;N;Y;N;;;FX;;GND, LHP;220.59;0.00;Fiber/Plastic;;2004-06-08;MFL;1990-01-01;;2004-10-24
FIN000020039;266274000;SWE;;;263.00;0.00;0.00;;34.10;0.00;KENNEDY;SDLE;GG234;Hönö;;Y;SDLE;Y;N;Y;6825490;;FX;;OTB;590.00;300.00;Metal;;2007-09-23;MFL;1968-01-01;;
FIN000030008;;SWE;;;83.00;0.00;0.00;;23.09;0.00;VINGALAND;SFLV;GE12;Engesberg;;Y;SFLV;Y;N;N;;;FX;;OTB, NO;404.00;0.00;Wood;;1976-01-01;MFL;1948-01-01;;2010-03-26
FIN000030010;;SWE;;;56.00;0.00;0.00;;18.76;0.00;ZAIMA;SFRQ;SIN272;Skillinge;;Y;SFRQ;Y;N;N;;;FX;;OTB, OTM;404.00;0.00;Wood;;2001-07-25;MFL;1951-01-01;;
FIN000030013;;SWE;;;74.00;0.00;0.00;;22.18;0.00;SVANÖ;SLPI;SM131;Öregrund;;Y;SLPI;Y;N;N;;;FX;;OTB, GNS;294.00;5.00;Wood;;2000-03-22;4M3;1949-01-01;2002-12-10;
FIN000030031;;SWE;;;3.13;0.00;0.00;;8.98;0.00;BONANZA;SFC7441;UÅ3;Sillviken;;Y;SFC7441;N;Y;N;;;FX;;GNS;183.87;0.00;Fiber/Plastic;;2005-06-08;MFL;1990-01-01;;2021-10-02
FIN000030038;;SWE;;;7.97;0.00;0.00;;10.99;0.00;HELMI;SFE5663;GG782;Fotö;;Y;SFE5663;N;Y;N;;;FX;;FPO, GND;309.00;0.00;Fiber/Plastic;;2025-02-20;MFL;1993-01-01;;
FIN000030039;;SWE;;;13.83;0.00;0.00;;11.99;0.00;CANDYA;SFC5490;LL2;Lysekil;;Y;SFC5490;N;Y;N;;;FX;;PS, OTB;202.21;0.00;Fiber/Plastic;;1998-05-20;MFL;1980-01-01;;
FIN000030055;;SWE;;;10.70;0.00;0.00;;10.65;0.00;HVENÖ;SFC5698;LA12;"Kyrkbacken"", Ven";;Y;SFC5698;N;Y;N;;;FX;;GNS;198.53;0.00;Fiber/Plastic;;1999-04-08;4M1;1986-01-01;;
FIN000030380;265551874;SWE;;;13.78;0.00;0.00;;11.94;0.00;PONDUS;SFC6050;SIN5;Skillinge;;Y;SFC6050;N;Y;Y;;;FX;;GNS, LHP;198.00;0.00;Metal;;2000-07-10;MFL;1985-01-01;2022-11-14;
FIN000030389;;SWE;;;204.00;0.00;0.00;;33.60;0.00;WESTERÖ;SHFK;GG398;;;Y;SHFK;N;;;;;TS;;OTM, OTB;663.00;300.00;Metal;;2006-12-15;MFL;1968-01-01;;
FIN000030430;;SWE;;;1.71;0.00;0.00;;6.70;0.00;ASTRID;SFC9371;LL22;Fiskebäckskil;;Y;SFC9371;N;Y;N;;;FX;;FPO, NO;91.94;0.00;Fiber/Plastic;;2010-07-08;MFL;1999-01-01;;2024-03-22
FIN00003255V;;SWE;;;6.89;0.00;0.00;;10.37;0.00;SVANEN;SFE4863;GE25;Sikvik;;Y;SFE4863;N;Y;N;;;FX;;GNS;147.00;0.00;Fiber/Plastic;;2022-01-18;MFL;1992-01-01;;
FIN000050003;;SWE;;;133.00;0.00;0.00;;26.22;0.00;HEMLAND;SMXA;GG502;;;Y;SMXA;Y;N;N;5147475;;FX;;OTM;552.00;150.00;Metal;;2004-02-10;MFL;1961-01-01;;
FIN000100002;;SWE;;;416.00;0.00;0.00;;37.92;0.00;ROXEN;SKAH;GG564;Önnered;;Y;SKAH;Y;Y;Y;8912778;;FX;;OTM, GND;1485.00;316.18;Metal;;1998-12-08;MFL;1990-01-01;;
FIN000100024;;SWE;;;10.59;0.00;0.00;;10.71;0.00;EVA-MARIE;SFC6138;LL495;Smögen;;Y;SFC6138;N;Y;N;;;FX;;FPO;262.50;0.00;Fiber/Plastic;;2000-10-31;MFL;1990-01-01;;2013-10-11
FIN000100459;;SWE;;;4.91;0.00;0.00;;10.40;0.00;EOS III;SFC6344;UÅ1;Umeå;;Y;SFC6344;N;Y;N;;;FX;;FPO, GNS;257.35;0.00;Fiber/Plastic;;2001-07-10;MFL;1988-01-01;;2017-02-14
FIN000101196;;SWE;;;4.39;0.00;0.00;;9.75;0.00;JOHLIN IV;SFC8080;HND2;Bondhamn;;Y;SFC8080;N;Y;N;;;FX;;FPO, GNS;172.84;0.00;Metal;;2006-10-25;MFL;1998-01-01;;2010-12-11
FIN000101257;;SWE;;;37.00;0.00;0.00;;14.09;0.00;RINDI AF STORA RISTEN;SJIM;SM31;Stora Risten;;Y;SJIM;Y;N;N;;;FX;;OTB;292.00;0.00;Metal;;2003-12-19;MFL;1999-01-01;;2011-08-22
FIN000110006;265039780;SWE;;;12.01;0.00;0.00;;11.90;0.00;REBECKA AV NIKKALA;SFC7289;HA18;Nikkala;;Y;SFC7289;N;Y;Y;;;FX;;PTB, OTM;128.00;0.00;Metal;;2004-11-30;MFL;1982-01-01;;
FIN000110266;;SWE;;;5.48;0.00;0.00;;11.80;0.00;SILVA;SFC6880;LÅ22;Degerön;;Y;SFC6880;N;Y;N;;;FX;;PTB, FPO;205.00;0.00;Fiber/Plastic;;2003-06-26;MFL;1993-01-01;;2023-08-23
GBR000A10051;;SWE;;;105.00;0.00;0.00;;21.79;0.00;ROXY;SBIJ;GG250;Hyppeln;;Y;SBIJ;Y;N;Y;;;FX;;OTB, NO;404.00;29.41;Metal;;2000-10-12;MFL;1980-01-01;2010-07-27;
GBR000A10707;265755000;SWE;;;360.00;0.00;0.00;;34.89;0.00;COURAGE AF SKILLINGE;SIVR;SIN602;Skillinge;;Y;SIVR;Y;N;Y;8863458;;FX;;OTM, NO;735.00;470.59;Metal;;1998-01-28;MFL;1973-01-01;;
GBR000A10800;266285000;SWE;;;99.00;0.00;0.00;;21.41;0.00;FERDER 3;SBYV;SD451;Krossekärr;;Y;SBYV;Y;N;Y;;;FX;;OTB, TBN;298.00;0.00;Wood;;2007-09-26;MFL;1974-01-01;;2025-03-24
GBR000A11447;266101000;SWE;;;352.00;0.00;0.00;;39.85;0.00;SETTE MARI;SECT;GE49;;;Y;SECT;Y;Y;Y;7103538;;FX;;OTB, OTM;746.00;500.00;Metal;;2004-01-20;MFL;1971-01-01;;
GBR000A11550;;SWE;;;267.00;0.00;0.00;;33.42;0.00;SETTE MARI;SIPN;GG59;"Klåva"", Hönö";;Y;SIPN;Y;N;N;;;FX;;OTM;751.00;441.30;Metal;;1997-11-26;MFL;1970-01-01;;
GBR000A12651;;SWE;;;786.00;0.00;0.00;;55.74;0.00;GANTHI VIII;SIZU;GG205;Fiskebäck;;Y;SIZU;Y;N;Y;;;FX;;PS, OTM;1558.00;1156.00;Metal;;2006-05-12;MFL;1980-01-01;;
GBR000A12881;266374000;SWE;;;28.00;0.00;0.00;;14.18;0.00;FALKEN I SIMRISHAMN;SGEQ;SIN77;Simrishamn;;Y;SGEQ;Y;Y;N;8586074;;FX;;OTB, NO;186.00;0.00;Fiber/Plastic;;2000-11-24;MFL;1988-01-01;;
GBR000A13303;265804000;SWE;;;343.00;0.00;0.00;;33.46;0.00;BRISTOL;SLAK;GG229;Donsö;;Y;SLAK;Y;N;Y;;;FX;;OTM, NO;738.00;147.06;Metal;;1999-10-04;MFL;1977-01-01;;2017-02-22
GBR000A13712;266199000;SWE;;;202.00;0.00;0.00;;26.48;0.00;ATLANTIC;SMCP;LL628;Grundsund;;Y;SMCP;Y;Y;Y;8805468;;FX;;OTB;662.00;0.00;Metal;;1989-01-03;MFL;1988-01-01;;
GBR000A13932;266088000;SWE;;;125.00;0.00;0.00;;20.43;0.00;VIKEN AV EDSVIK;SLRH;SD437;Edsvik;;Y;SLRH;Y;N;Y;8707604;;FX;;OTB;403.00;36.76;Metal;;2000-03-12;MFL;1986-01-01;;
GBR000A16410;;SWE;;;79.00;0.00;0.00;;17.20;0.00;ASTREA AF ÖNNERED;SGEY;GG14;Önnered;;Y;SGEY;Y;N;N;;;FX;;OTB;171.00;58.82;Wood;;1976-01-01;MFL;1967-01-01;2010-04-07;
GBR000A16723;;SWE;;;598.00;0.00;0.00;;48.78;0.00;SUNNANÖ;SJLA;GG912;Fiskebäck;;Y;SJLA;Y;N;N;;;FX;;OTM;750.00;441.18;Metal;;1998-06-03;MFL;1973-01-01;2008-03-28;
GBR000A17038;;SWE;;;3.61;0.00;0.00;;7.95;0.00;DAGAR;SFC9487;LA365;Bäckviken;;Y;SFC9487;N;Y;N;;;FX;;GND, FPO;140.00;0.00;Fiber/Plastic;;2010-11-28;MFL;1986-01-01;;
GBR000B13912;266630510;SWE;;;207.00;0.00;0.00;;23.79;0.00;TUNAFJORD;SGPB;FG111;Glommen;;Y;SGPB;Y;N;Y;;;FX;;OTB, NO;638.00;0.00;Metal;;2008-07-23;MFL;1988-01-01;;2015-03-12
GBR000B14891;265712040;SWE;;;9.82;0.00;0.00;;9.99;0.00;JUSTINA;SFC9004;GG650;Donsö;;Y;SFC9004;N;Y;Y;;;FX;;OTB, FPO;175.00;0.00;Fiber/Plastic;;2009-05-04;MFL;1996-01-01;;
GBR000C16027;;SWE;;;1424.00;0.00;0.00;;57.60;0.00;GINNETON;SBEG;GG203;Fiskebäck;;Y;SBEG;Y;N;Y;9150016;;FX;;OTM, PS;4800.00;0.00;Metal;;2016-11-29;MFL;1997-01-01;;
GBR000C16470;266348000;SWE;;;172.00;0.00;0.00;;22.63;0.00;ZENTHA;SKZA;GG21;Rönnäng;;Y;SKZA;Y;N;Y;8702745;;FX;;OTB;480.00;250.00;Metal;;2011-10-31;MFL;1987-01-01;;
GBR000C16547;;SWE;;;4.50;0.00;0.00;;9.20;0.00;JENNA;SFC9968;GG79;Öckerö;;Y;SFC9968;N;Y;N;;;FX;;FPO;187.00;0.00;Fiber/Plastic;;2013-05-13;MFL;1998-01-01;;
GBR000C17106;;SWE;;;17.50;0.00;0.00;;9.90;0.00;OSPREY;SFC9525;GG560;;;Y;SFC9525;N;N;N;;;FX;;TBN, NO;194.00;0.00;Metal;;2011-02-25;MFL;2000-01-01;;2018-10-31
GBR000C17290;;SWE;;;18.04;0.00;0.00;;9.95;0.00;GRIMSKÄR;SFC9216;GG1;Fiskebäck;;Y;SFC9216;N;Y;N;;;FX;;OTB, NO;115.63;0.00;Metal;;2010-02-02;MFL;2000-01-01;;
GBR000C18061;265724390;SWE;;;12.44;0.00;0.00;;9.80;0.00;TROMSÖ;SFC9109;GG168;Bohus-Björkö;;Y;SFC9109;N;Y;Y;;;FX;;OTB;205.00;0.00;Metal;;2009-08-26;MFL;2003-01-01;;
GBR000C18840;266458000;SWE;;;98.00;0.00;0.00;;15.53;0.00;VERA C;SGRF;GG210;Fiskebäck;;Y;SGRF;Y;N;Y;;;FX;;OTB, TBN;221.00;90.00;Metal;;2018-01-17;MFL;2006-01-01;;
GBR000G00375;265635420;SWE;;;19.03;0.00;0.00;;11.32;0.00;SINGAPORE;SFC8804;GG1221;Rönnäng;;Y;SFC8804;N;Y;Y;;;FX;;OTB;172.00;0.00;Wood;;2008-08-27;MFL;1989-01-01;;
GBR000G00526;;SWE;;;10.00;0.00;0.00;;9.77;0.00;ESTER MARIE;SFD2006;LL7;Smögen;;Y;SFD2006;N;Y;N;;;FX;;GND, FPO;274.00;0.00;Fiber/Plastic;;2013-07-11;MFL;2006-01-01;;
GBRA00011106;;SWE;;;17.27;0.00;0.00;;10.97;0.00;RISEING SUN;SFC5355;HG64;Svanshall;;Y;SFC5355;N;Y;N;;;FX;;GNS, OTB;95.00;0.00;Metal;;1997-10-14;4M4;1989-01-01;;2001-04-03
IRL000011443;;SWE;;;482.00;0.00;0.00;;42.34;0.00;SUNNANLAND;SJHU;GG158;Fiskebäck;;Y;SJHU;Y;N;Y;;;FX;;OTM;1620.00;507.49;Metal;;1997-10-22;MFL;1981-01-01;;
IRL000I01195;265019000;SWE;;;811.00;0.00;0.00;;48.60;0.00;AHLMA;SBXL;GG206;Önnered;;Y;SBXL;Y;N;Y;9278129;;FX;;OTM, NO;2760.00;1240.00;Metal;;2020-10-20;MFL;2003-01-01;;
IRL000L11170;;SWE;;;471.00;0.00;0.00;;37.56;0.00;STELLA NOVA AF FOTÖ;SDTC;GG464;Fotö;;Y;SDTC;Y;N;Y;;;FX;;OTM;750.00;294.20;Metal;;2006-04-24;MFL;1986-01-01;;
NLD000007762;;SWE;;;106.00;0.00;0.00;;28.33;0.00;NOVI;SDAN;SD69;;;Y;SDAN;N;;;;;FX;;OTB;404.41;0.00;Metal;;1995-08-22;F28;1960-01-01;1996-12-06;
NLD000007831;;SWE;;;21.83;0.00;0.00;;11.95;0.00;AMANDA JOANNE;SFC4928;SD64;Hamburgsund;;Y;SFC4928;N;Y;N;;;FX;;DRB, NO;179.00;0.00;Metal;;1996-04-12;4M1;1994-01-01;;1998-01-09
NLD198400468;;SWE;;;60.00;0.00;0.00;;19.53;0.00;BERGÖ;SLEM;GG376;Öckerö;;Y;SLEM;Y;N;N;;;FX;;OTB;324.00;84.56;Metal;;1999-11-22;MFL;1984-01-01;2009-04-21;
NLD198500399;;SWE;;;60.00;0.00;0.00;;19.47;0.00;BRITTA-MARIA;SGCW;FG829;Glommen;;Y;SGCW;Y;N;N;;;FX;;OTB;275.00;35.29;Metal;;2000-12-12;4M4;1985-01-01;;2001-12-12
NLD199802164;265057240;SWE;;;5.82;0.00;0.00;;9.94;0.00;VERAVÅG;SFE5372;LL629;Grundsund;;Y;SFE5372;N;Y;Y;;;FX;;FPO, GND;82.00;0.00;Fiber/Plastic;;2023-09-21;MFL;1998-01-01;;
NLD201771988;;SWE;;;2.50;0.00;0.00;;11.20;0.00;ELIN;SFE5406;GG89;Torslanda;;Y;SFE5406;N;Y;N;;;FX;;FPO;294.20;0.00;Fiber/Plastic;;2023-11-28;MFL;2017-01-01;;
SWE000000001;;SWE;;;271.00;0.00;0.00;;32.45;0.00;HÅLLÖ;SHGV;LL149;Kungshamn;;Y;SHGV;Y;N;N;;;FX;;OTB, NO;632.00;205.88;Metal;;1994-07-25;MFL;1976-01-01;2003-08-19;
SWE000000002;;SWE;;;0.61;0.00;0.00;;5.84;0.00;SELENE;SFC4117;UÅ20;Rovögern;;Y;SFC4117;N;Y;N;;;FX;;FPO, GNS;29.41;0.00;Fiber/Plastic;;1994-07-31;MFL;1986-01-01;;
SWE000000003;;SWE;;;0.98;0.00;0.00;;5.65;0.00;GÄVESKÄR;SFC4118;GG196;Fiskebäck;;Y;SFC4118;N;Y;N;;;FX;;FPO;20.59;0.00;Fiber/Plastic;;1994-08-01;MFL;1979-01-01;;2003-05-01
SWE000000005;;SWE;;;3.23;0.00;0.00;;7.00;0.00;HEILI;SFC4120;GG225;Hyppeln;;Y;SFC4120;N;Y;N;;;FX;;FPO, LTL;47.00;0.00;Wood;;1994-08-02;4M1;1978-01-01;;1998-12-14
SWE000000006;;SWE;;;0.81;0.00;0.00;;6.06;0.00;MARSKÄR;SFC4122;KR198;Köpingsvik;;Y;SFC4122;N;Y;N;;;FX;;GNS;14.71;0.00;Metal;;1994-08-03;MFL;1979-01-01;;2010-02-04
SWE000000007;;SWE;;;3.48;0.00;0.00;;8.01;0.00;KVARNÖ;SFC4124;HA142;Karlsborgsverken;;Y;SFC4124;N;Y;N;;;FX;;GNS;55.15;0.00;Wood;;1994-08-04;4M1;;;2001-11-09
SWE000000008;;SWE;;;9.61;0.00;0.00;;11.40;0.00;GITANA;SFC4129;GG233;Brännö;;Y;SFC4129;N;Y;N;;;FX;;GNS, GND;132.35;0.00;Wood;;1994-08-10;4M1;1965-01-01;;1999-10-21
SWE000000009;;SWE;;;5.80;0.00;0.00;;9.20;0.00;TUULIA;SFC4132;HA143;Säivis;;Y;SFC4132;N;Y;N;;;FX;;GNS;66.18;0.00;Metal;;1994-08-10;4M1;1990-01-01;;1997-07-06
SWE000000011;;SWE;;;4.74;0.00;0.00;;8.95;0.00;CALAMARES;SFC4134;KR21;Stora Rör;;Y;SFC4134;N;Y;N;;;FX;;GNS;49.26;0.00;Fiber/Plastic;;1994-08-15;MFL;1985-01-01;;2004-04-27
SWE000000013;;SWE;;;405.00;0.00;0.00;;36.69;0.00;BRISTOL;SBAH;GG229;Donsö;;Y;SBAH;Y;N;N;;;FX;;OTM;1014.00;279.41;Metal;;1989-02-14;4M3;1989-01-01;;
SWE000000017;265647110;SWE;;;24.00;0.00;0.00;;13.99;0.00;LUTSKÄR;SBDC;HA24;Kalix-Nyborg;;Y;SBDC;Y;N;Y;;;FX;;PTB, GNS;294.00;0.00;Metal;;1989-03-30;MFL;1989-01-01;;
SWE000000018;266091000;SWE;;;110.00;0.00;0.00;;19.38;0.00;CANOPUS;SBDM;LL377;Smögen;;Y;SBDM;Y;N;Y;8960684;;FX;;OTB, TBN;400.00;161.76;Metal;;1989-04-11;MFL;1983-01-01;;2022-04-13
SWE000000019;;SWE;;;51.00;0.00;0.00;;14.98;0.00;BELINDA AV HÖNÖ;SBFN;GG704;Hönö;;Y;SBFN;Y;N;N;;;FX;;OTB;261.00;0.00;Metal;;1989-05-08;4M4;1988-01-01;;
SWE000000022;;SWE;;;30.00;0.00;0.00;;15.97;0.00;VIKEN AV RÖRÖ;SBJN;GG732;Öckerö;;Y;SBJN;Y;N;N;;;FX;;OTB;170.00;0.00;Wood;;1989-08-11;4M4;1946-01-01;;1999-01-19
SWE000000023;;SWE;;;187.00;0.00;0.00;;23.80;0.00;BÖLJAREN;SBJU;GG47;Fotö;;Y;SBJU;Y;N;N;;;FX;;OTB, OTM;675.00;44.12;Metal;;1990-03-01;4M4;1989-01-01;;
SWE000000025;;SWE;;;257.00;0.00;0.00;;30.82;0.00;TÄRNÖ AV HÖNÖ;SBKG;GG340;Hönö-Röd;;Y;SBKG;Y;N;N;;;FX;;OTB, NO;735.00;165.44;Metal;;1989-08-28;MFL;1974-01-01;2010-04-23;
SWE000000027;;SWE;;;43.00;0.00;0.00;;16.22;0.00;KIMA;SBLH;KR70;Färjestaden;;Y;SBLH;Y;N;N;;;FX;;GNS, NO;144.00;0.00;Wood;;1989-09-25;4M3;1958-01-01;2002-12-11;
SWE000000030;266174000;SWE;;;71.00;0.00;0.00;;18.25;0.00;VIKEN AV BOTVALDEVIK;SBMW;VY43;Botvaldevik;;Y;SBMW;Y;N;Y;;;FX;;OTM;386.00;0.00;Metal;;1993-03-31;MFL;1993-01-01;;2024-02-13
SWE000000034;;SWE;;;43.95;30.00;0.00;;16.00;0.00;LIZONA;SBOF;HD71;Halmstad;;Y;SBOF;Y;N;N;;;FX;;GNS;270.00;0.00;Wood;;1990-01-09;F32;1943-01-01;1996-09-11;
SWE000000035;;SWE;;;34.00;0.00;0.00;;16.50;0.00;EOS AF UMEÅ;SBPG;VY30;Vändburg;;Y;SBPG;Y;N;N;;;FX;;GNS, LLS;177.00;0.00;Wood;;1990-02-21;4M5;1945-01-01;;1999-04-01
SWE000000036;;SWE;;;301.00;0.00;0.00;;35.34;0.00;WESTERÖ;SBPY;GG398;"Klåva"", Hönö";;Y;SBPY;Y;N;N;;;FX;;OTM, OTB;1100.00;251.47;Metal;;1990-03-30;4M4;1975-01-01;;
SWE000000037;266137000;SWE;;;62.00;0.00;0.00;;17.04;0.00;LISTERÖ AV GREBBESTAD;SBTH;SD286;Grebbestad;;Y;SBTH;Y;N;Y;;;FX;;OTB;339.00;36.76;Metal;;1990-05-20;MFL;1989-01-01;;
SWE000000038;266139000;SWE;;;33.00;0.00;0.00;;15.64;0.00;LYNGSKÄR;SBTO;FG31;Glommen;;Y;SBTO;Y;N;Y;;;FX;;TBN, NO;235.00;0.00;Metal;;1990-05-22;MFL;1985-01-01;;
SWE000000039;;SWE;;;710.00;0.00;0.00;;42.44;0.00;POLAR;SBTP;GG505;Fiskebäck;;Y;SBTP;Y;N;Y;;;FX;;OTM, OTB;2400.00;500.00;Metal;;1990-05-30;MFL;1990-01-01;;
SWE000000041;;SWE;;;36.00;0.00;0.00;;14.25;0.00;RAMI;SBUH;KA350;Hasslö;;Y;SBUH;Y;N;N;;;FX;;PTB, GNS;170.00;0.00;Wood;;1990-06-12;4M3;;;1999-07-05
SWE000000043;;SWE;;;324.00;0.00;0.00;;31.74;0.00;RANDI;SBWN;GG504;Vrångö;;Y;SBWN;Y;N;Y;8911437;;FX;;OTB;746.00;198.53;Metal;;1990-09-13;MFL;1990-01-01;;
SWE000000045;266189000;SWE;;;39.00;0.00;0.00;;16.26;0.00;MARION AF VIDEBERG;SBXJ;VG150;Videbergshamn;;Y;SBXJ;Y;N;N;;;FX;;OTB;221.00;0.00;Wood;;1990-08-15;MFL;1959-01-01;;2006-08-29
SWE000000046;266208000;SWE;;;36.00;0.00;0.00;;14.99;0.00;EROS III;SBYH;SD511;Resö;;Y;SBYH;Y;N;Y;;;FX;;OTB, TBN;245.00;0.00;Metal;;1990-09-03;MFL;1985-01-01;;
SWE000000047;;SWE;;;26.00;0.00;0.00;;14.14;0.00;MARIANN AF NOGERSUND;SBYI;SG93;Nogersund;;Y;SBYI;Y;N;N;;;FX;;GNS, LHP;93.00;0.00;Wood;;1990-09-05;MFL;1951-01-01;;
SWE000000048;;SWE;;;18.00;0.00;0.00;;13.00;0.00;SJÖROS;SCAL;SL20;Alnön;;Y;SCAL;Y;N;N;;;FX;;GNS, OTB;225.00;3.68;Metal;;1990-10-22;MFL;1986-01-01;;
SWE000000049;266045000;SWE;;;149.00;0.00;0.00;;23.70;0.00;SCANÖ;SCBD;VK190;Händelöp;;Y;SCBD;Y;N;Y;8634091;;FX;;OTM, NO;441.00;0.00;Metal;;1991-10-24;MFL;1991-01-01;;
SWE000000050;;SWE;;;46.00;0.00;0.00;;14.87;0.00;NOLSÖ;SCDZ;LL635;Väjern;;Y;SCDZ;Y;N;N;;;FX;;OTB;331.62;0.00;Metal;;1990-11-20;MFL;1985-01-01;;
SWE000000051;;SWE;;;26.00;0.00;0.00;;14.63;0.00;SVALLVÅG;SCEZ;SD287;Fiskebäck;;Y;SCEZ;Y;N;N;;;FX;;OTB;270.00;0.00;Wood;;1990-12-12;MFL;1961-01-01;;2003-06-19
SWE000000052;266148000;SWE;;;68.00;0.00;6.00;;17.14;0.00;CEYLON;SCFA;GG856;Öckerö;;Y;SCFA;Y;N;Y;;;FX;;OTB;331.00;44.12;Metal;;1991-03-14;MFL;1991-01-01;;
SWE000000053;;SWE;;;26.00;0.00;0.00;;14.71;0.00;ALMA AV ÖCKERÖ;SCGP;GG137;Öckerö;;Y;SCGP;Y;N;N;;;FX;;TBN, OTB;268.00;0.00;Wood;;1991-02-26;MFL;1954-01-01;;2008-09-27
SWE000000054;;SWE;;;29.00;0.00;0.00;;13.50;0.00;SVARTSKÄR;SCGW;LL9;;;Y;SCGW;N;N;N;;;FX;;OTB;294.12;0.00;Metal;;1993-12-29;MFL;1991-01-01;;
SWE000000055;265708000;SWE;;;358.00;0.00;0.00;;34.98;0.00;TOR-ÖN;SCGX;GG204;Fiskebäck;;Y;SCGX;Y;N;Y;7638014;;FX;;OTM, NO;735.00;105.00;Metal;;1991-03-07;MFL;1977-01-01;;
SWE000000056;265765000;SWE;;;273.00;0.00;0.00;;32.45;0.00;RUNAVIK;SCHB;GG44;Fiskebäck;;Y;SCHB;Y;N;Y;7628643;;FX;;OTB, OTM;596.00;147.06;Metal;;1991-03-11;MFL;1976-01-01;;2023-08-07
SWE000000057;266175000;SWE;;;35.00;0.00;0.00;;15.45;0.00;JENNIKA;SCHF;VY91;Fårösund;;Y;SCHF;Y;N;N;;;FX;;LHP, NO;202.00;0.00;Wood;;1991-03-25;MFL;1956-01-01;;2013-05-31
SWE000000058;266143000;SWE;;;25.00;0.00;0.00;;14.91;0.00;ALMY;SCHG;VG74;Bua;;Y;SCHG;Y;N;Y;;;FX;;TBN, OTB;280.00;0.00;Metal;;1991-04-03;MFL;1986-01-01;;
SWE000000061;;SWE;;;30.00;0.00;0.00;;14.99;0.00;ÖSTERÖ;SCHZ;NG85;Oxelösund;;Y;SCHZ;Y;N;N;;;FX;;GNS;235.00;0.00;Wood;;1991-04-23;4M5;1945-01-01;;1999-03-01
SWE000000062;;SWE;;;302.00;0.00;0.00;;30.46;0.00;VERONA AV GRÄDDÖ;SCIW;SM160;Gräddö;;Y;SCIW;Y;N;N;;;FX;;OTB, OTM;698.00;187.00;Metal;;1991-06-03;4M4;1979-01-01;2001-12-21;
SWE000000063;266393000;SWE;;;19.00;0.00;0.00;;14.01;0.00;AIRON;SCJE;LÅ23;Lövskär;;Y;SCJE;Y;N;Y;;;FX;;PTB, FPO;175.00;0.00;Metal;;1991-06-11;MFL;1991-01-01;;
SWE000000064;;SWE;;;16.00;0.00;0.00;;12.09;0.00;KÅRE;SCJF;LÅ22;Luleå;;Y;SCJF;Y;N;N;;;FX;;FPO, PTB;100.00;0.00;Metal;;1991-06-12;4M3;1991-01-01;;1999-01-28
SWE000000065;;SWE;;;69.00;0.00;0.00;;16.10;0.00;KAIRO;SCME;LL857;Smögen;;Y;SCME;Y;N;N;;;FX;;OTB;354.00;0.00;Metal;;1991-07-30;4M4;1991-01-01;;
SWE000000066;;SWE;;;37.00;0.00;0.00;;17.96;0.00;MOA;SCMH;SM31;Norrtälje;;Y;SCMH;Y;N;N;;;FX;;OTB;415.00;0.00;Wood;;1991-08-08;F30;1950-01-01;1996-05-15;
SWE000000067;;SWE;;;205.00;0.00;0.00;;26.05;0.00;ARKÖ AV DYRÖN;SCML;GG701;Dyrön;;Y;SCML;Y;N;Y;7813365;;FX;;TBS, OTB;736.00;230.00;Metal;;1991-08-15;MFL;1979-01-01;;
SWE000000068;;SWE;;;35.00;0.00;0.00;;14.29;0.00;RUTH AV HÖNÖ;SCMT;GG88;Hönö;;Y;SCMT;Y;N;N;;;FX;;OTB;220.00;11.03;Metal;;1991-08-22;4M3;1991-01-01;;
SWE000000069;;SWE;;;150.00;0.00;0.00;;22.65;0.00;NOVI;SCQZ;SD69;Hamburgsund;;Y;SCQZ;Y;N;N;;;FX;;OTB;690.00;150.74;Metal;;1991-12-03;F28;1986-01-01;;
SWE000000070;;SWE;;;21.00;0.00;0.00;;13.47;0.00;INTER;SCRY;LL97;Ängehamn;;Y;SCRY;Y;N;N;;;FX;;OTB, GNS;198.58;0.00;Wood;;1991-12-23;MFL;1963-01-01;;
SWE000000073;266051000;SWE;;;86.00;0.00;0.00;;19.94;0.00;TAJAMA;SDBH;SG50;Nogersund;;Y;SDBH;Y;N;N;;;FX;;OTB, NO;258.00;22.06;Metal;;1976-01-19;MFL;1975-01-01;;2022-11-08
SWE000000074;266043000;SWE;;;107.00;0.00;0.00;;22.04;0.00;TRIONETTE;SDCG;GG411;Fiskebäck;;Y;SDCG;Y;N;N;;;FX;;OTB, LHP;368.00;44.12;Wood;;1976-01-01;MFL;1962-01-01;;2011-07-06
SWE000000076;;SWE;;;83.00;0.00;0.00;;20.15;0.00;EROS;SDGK;KA16;Hasslö;;Y;SDGK;Y;N;N;;;FX;;OTB;350.00;14.71;Wood;;1976-01-01;MFL;1961-01-01;2006-12-04;
SWE000000077;;SWE;;;19.40;15.00;0.00;;12.35;0.00;BALDER;SDHL;SD57;Resö;;Y;SDHL;Y;N;N;;;FX;;OTB, NO;77.00;0.00;Wood;;1976-08-09;MFL;1976-01-01;;2016-04-05
SWE000000079;;SWE;;;108.00;0.00;0.00;;23.03;0.00;HAVBRIS;SDKI;SD475;Strömstad;;Y;SDKI;Y;N;N;;;FX;;OTB;556.00;13.24;Wood;;1976-01-01;4M2;1965-01-01;;2000-06-01
SWE000000080;;SWE;;;25.00;0.00;0.00;;12.91;0.00;DEMON;SDKT;HA96;Storön;;Y;SDKT;Y;N;N;;;FX;;PTB, GNS;147.06;0.00;Metal;;1976-10-18;MFL;1976-01-01;;2006-09-21
SWE000000084;265349000;SWE;;;38.00;0.00;0.00;;15.44;0.00;AXÖ;SDLO;SD248;Nord-Koster;;Y;SDLO;Y;N;Y;;;FX;;OTB, NO;256.69;0.00;Wood;;1975-12-31;MFL;1959-01-01;;2025-04-09
SWE000000087;;SWE;;;7.97;7.00;0.00;;10.01;0.00;BADEN;SDML;SIN12;Brantevik;;Y;SDML;N;Y;N;;;FX;;GNS, NO;38.97;0.00;Wood;;1976-01-01;4M1;1969-01-01;1997-06-17;
SWE000000089;;SWE;;;119.00;0.00;0.00;;25.47;0.00;SHETLAND;SDMO;KA89;Hasslö;;Y;SDMO;Y;N;N;;;FX;;OTB;410.00;73.53;Wood;;1976-01-01;MFL;1962-01-01;2003-12-11;
SWE000000094;;SWE;;;24.00;0.00;0.00;;14.78;0.00;ELIZA;SDNC;KR208;Böda;;Y;SDNC;Y;N;N;;;FX;;GND, LHP;195.00;0.00;Wood;;1976-01-01;MFL;1960-01-01;2007-12-13;
SWE000000095;;SWE;;;64.00;0.00;0.00;;20.09;0.00;SLÄGGÖ;SDNO;LL279;Lysekil;;Y;SDNO;Y;N;Y;;;FX;;LHP, GNS;294.00;0.00;Wood;;1976-01-01;MFL;1961-01-01;;2011-06-08
SWE000000097;;SWE;;;49.00;0.00;0.00;;18.87;0.00;BALDER VÄST;SDOA;GG18;Donsö;;Y;SDOA;Y;N;Y;;;FX;;OTB, OTM;331.00;0.00;Metal;;1976-10-27;MFL;1976-01-01;2010-07-08;
SWE000000098;;SWE;;;31.00;0.00;0.00;;16.47;0.00;KASKELOT;SDOC;GG845;Bohus-Björkö;;Y;SDOC;Y;N;N;;;FX;;GND, NO;165.44;0.00;Metal;;1976-01-01;MFL;1971-01-01;;2007-09-11
SWE000000102;;SWE;;;10.70;14.00;0.00;;11.01;0.00;CAMILLA;SDOQ;KR25;"Sandvik"", Öland";;Y;SDOQ;N;Y;N;;;FX;;GNS;74.00;0.00;Wood;;1976-01-01;MFL;1955-01-01;;2012-06-21
SWE000000107;;SWE;;;10.94;0.00;0.00;;9.85;0.00;ELLEN;SDPF;NRG148;Kvarsebo;;Y;SDPF;N;Y;N;;;FX;;GNS, NO;93.38;0.00;Wood;;1976-01-01;MFL;1906-01-01;;2014-12-03
SWE000000113;;SWE;;;18.00;0.00;0.00;;12.53;0.00;MAMSELL;SDQE;NG28;Oxelösund;;Y;SDQE;Y;N;N;;;FX;;GNS;66.00;0.00;Wood;;1976-01-01;4M5;1947-01-01;;2002-05-01
SWE000000116;;SWE;;;16.91;16.00;0.00;;12.85;0.00;BRITTA-MARIA;SDQH;FG829;Glommen;;Y;SDQH;Y;N;N;;;FX;;GNS;100.00;0.00;Wood;;1976-01-01;4M5;1966-01-01;;2000-12-31
SWE000000127;;SWE;;;3.36;5.00;0.00;;8.34;0.00;NORD;SDTH;LL26;Käringön;;Y;SDTH;N;Y;N;;;FX;;FPO, LLS;25.74;0.00;Wood;;1976-01-01;F32;1969-01-01;;1996-10-01
SWE000000128;;SWE;;;44.00;0.00;0.00;;16.59;0.00;NÅMY;SDTJ;LL210;Smögen;;Y;SDTJ;Y;N;N;;;FX;;OTB;199.00;0.00;Wood;;1976-01-01;4M4;1929-01-01;2001-12-17;
SWE000000131;;SWE;;;9.46;11.00;0.00;;10.43;0.00;VADSKÄR;SDTV;SD74;Grebbestad;;Y;SDTV;N;Y;N;;;FX;;TBN, NO;66.18;0.00;Wood;;1975-12-31;MFL;1963-01-01;;
SWE000000139;;SWE;;;28.00;0.00;0.00;;15.34;0.00;OTSECO;SDUO;GG1195;Lerkil;;Y;SDUO;Y;N;N;;;FX;;OTB, FPO;175.00;0.00;Metal;;1992-05-27;MFL;1990-01-01;2010-06-21;
SWE000000140;;SWE;;;21.22;17.00;0.00;;12.90;0.00;TUNAFJORD;SDUP;FG111;Glommen;;Y;SDUP;Y;N;N;;;FX;;OTB, NO;90.00;0.00;Wood;;1976-01-01;MFL;1950-01-01;;2020-04-07
SWE000000141;;SWE;;;24.00;0.00;0.00;;13.27;0.00;ALLIS;SDUX;VY1;Vändburg;;Y;SDUX;Y;N;N;;;FX;;GNS;180.00;0.00;Wood;;1976-01-01;MFL;1947-01-01;;2005-01-03
SWE000000145;;SWE;;;26.25;24.00;0.00;;13.12;0.00;TÖSEN;SDVJ;GG300;Fiskebäck;;Y;SDVJ;Y;N;N;;;FX;;OTB;120.00;0.00;Wood;;1976-01-01;4M5;1949-01-01;;2001-06-27
SWE000000146;;SWE;;;18.00;0.00;0.00;;12.97;0.00;BJÖRKSKÄR;SDVN;HA75;Storön;;Y;SDVN;Y;N;N;;;FX;;PTB, GNS;191.00;0.00;Metal;;1977-01-12;4M3;1976-01-01;;
SWE000000153;;SWE;;;115.27;65.00;0.00;;21.46;0.00;EKERÖ;SDWI;LL307;Smögen;;Y;SDWI;Y;N;N;;;FX;;OTB;268.00;0.00;Wood;;1976-01-01;4M2;1946-01-01;2001-12-21;
SWE000000162;;SWE;;;11.05;10.00;0.00;;11.06;0.00;ANNE-RITA AV KLÄDESHOLMEN;SDXL;GG510;Klädesholmen;;Y;SDXL;N;Y;N;;;FX;;FPO;123.00;0.00;Wood;;1976-01-01;MFL;1974-01-01;;2010-01-15
SWE000000163;;SWE;;;16.18;14.00;0.00;;12.65;0.00;YANA.D.;SDXO;KR51;Gräsgård;;Y;SDXO;Y;N;N;;;FX;;GNS, LHP;99.26;0.00;Metal;;1976-01-01;4M5;1974-01-01;;2002-07-03
SWE000000164;;SWE;;;9.80;10.00;0.00;;10.18;0.00;LAGUN;SDXP;KN14;Senoren;;Y;SDXP;N;Y;N;;;FX;;GNS, NO;61.03;0.00;Metal;;1976-01-01;MFL;1973-01-01;;2004-12-08
SWE000000166;;SWE;;;9.87;9.00;0.00;;10.58;0.00;JENNY;SDXY;VY134;Visby;;Y;SDXY;N;Y;N;;;FX;;GNS;66.18;0.00;Wood;;1976-01-01;MFL;1966-01-01;;2006-08-11
SWE000000168;;SWE;;;124.00;0.00;0.00;;27.16;0.00;CEYLON AF HANÖ;SDYB;SG27;Hanö;;Y;SDYB;Y;N;Y;;;FX;;OTB, OTM;548.00;171.32;Metal;;1976-01-01;MFL;1961-01-01;;2016-12-29
SWE000000170;;SWE;;;88.85;86.00;0.00;;19.54;0.00;CONTIKY;SDYE;KA360;Hasslö;;Y;SDYE;Y;N;N;;;FX;;GNS, OTB;325.00;36.76;Wood;;1976-01-01;4M5;1939-01-01;1997-11-26;
SWE000000171;;SWE;;;18.00;0.00;0.00;;12.96;0.00;POLARIC NORD;SDYN;PÅ43;Piteå;;Y;SDYN;Y;N;N;;;FX;;OTB, NO;294.00;0.00;Metal;;1976-12-01;MFL;1976-01-01;;2011-07-25
SWE000000175;;SWE;;;25.25;22.00;0.00;;13.20;0.00;ARICA;SDZW;GG733;Hönö;;Y;SDZW;Y;N;N;;;FX;;GNS;154.00;0.00;Wood;;1976-01-01;4M5;1945-01-01;2002-06-25;
SWE000000177;266084000;SWE;;;65.00;0.00;0.00;;21.07;0.00;SILVERVÅG;SEAG;GG784;Bohus-Björkö;;Y;SEAG;Y;N;N;;;FX;;OTM;280.00;6.62;Wood;;1976-01-01;MFL;1942-01-01;;2010-04-21
SWE000000178;;SWE;;;62.00;0.00;0.00;;18.75;0.00;STRÖMFJORD;SEDG;GG82;Fotö;;Y;SEDG;Y;N;N;;;FX;;OTM;270.00;6.99;Wood;;1976-01-01;MFL;1933-01-01;;2006-04-25
SWE000000179;;SWE;;;22.58;23.00;0.00;;13.12;0.00;RASMIN;SEDW;SIN122;Skillinge;;Y;SEDW;Y;N;N;;;FX;;GNS, NO;64.00;0.00;Wood;;1976-01-01;4M5;1959-01-01;;1999-01-31
SWE000000188;;SWE;;;109.15;70.00;0.00;;21.67;0.00;FYLGIA;SEMK;LL607;Fisketången;;Y;SEMK;Y;N;N;;;FX;;OTB;365.00;0.00;Wood;;1976-01-01;F30;1947-01-01;1996-07-24;
SWE000000192;;SWE;;;22.00;0.00;0.00;;13.70;0.00;ISABELLA I SIMRISHAMN;SEOT;YD177;Simrishamn;;Y;SEOT;Y;N;Y;;;FX;;GNS, LHP;78.00;0.00;Wood;;1992-09-03;MFL;1951-01-01;;2020-04-24
SWE000000193;;SWE;;;415.00;0.00;0.00;;36.34;0.00;THEMIS;SEPA;GG144;Rörö;;Y;SEPA;Y;N;N;;;FX;;OTM;748.00;323.53;Metal;;1992-10-13;MFL;1992-01-01;;
SWE000000195;;SWE;;;29.28;22.00;0.00;;14.34;0.00;BLÅVALEN;SEPV;SD887;Långesjö;;Y;SEPV;Y;N;N;;;FX;;OTB;110.29;0.00;Wood;;1976-01-01;4M2;1931-01-01;;1998-12-31
SWE000000199;;SWE;;;64.55;48.00;0.00;;17.50;0.00;MAJSKÄR;SETD;SD16;Hamburgsund;;Y;SETD;Y;N;N;;;FX;;OTB;176.47;0.00;Wood;;1976-01-01;4M4;1937-01-01;2002-02-05;
SWE000000203;266391000;SWE;;;43.00;0.00;0.00;;14.88;0.00;EVELINA AV GLOMMEN;SEUI;FG37;Glommen;;Y;SEUI;Y;N;Y;;;FX;;OTB, TBN;293.00;0.00;Metal;;1992-09-16;MFL;1988-01-01;;
SWE000000205;;SWE;;;204.00;0.00;0.00;;33.63;0.00;MONSUN II;SEVO;GG934;Donsö;;Y;SEVO;Y;N;N;;;FX;;OTM, OTB;661.76;441.18;Metal;;1976-01-01;4M3;1966-01-01;;
SWE000000206;;SWE;;;413.00;0.00;0.00;;39.20;0.00;BOHUSLÄN AV FISKEBÄCK;SEWB;GG921;Fiskebäck;;Y;SEWB;Y;N;Y;;;FX;;OTM;1491.00;750.00;Metal;;1976-01-01;MFL;1974-01-01;;
SWE000000208;;SWE;;;67.00;0.00;0.00;;21.74;0.00;ÄRAN;SEWH;VG3;Bua;;Y;SEWH;Y;N;N;;;FX;;OTB;374.00;0.00;Wood;;1976-01-01;MFL;1947-01-01;2010-07-05;
SWE000000210;;SWE;;;115.55;71.00;0.00;;21.21;0.00;GIDEON;SEWP;VG81;Bua;;Y;SEWP;Y;N;N;;;FX;;OTB, OTM;270.00;0.00;Wood;;1976-01-01;4M4;1948-01-01;2002-02-01;
SWE000000211;;SWE;;;91.00;0.00;0.00;;21.72;0.00;GOTTSKÄR;SEWQ;GG56;Bohus-Björkö;;Y;SEWQ;Y;N;N;;;FX;;OTB;265.00;5.00;Wood;;1976-01-01;MFL;1948-01-01;;
SWE000000213;;SWE;;;74.00;0.00;0.00;;21.45;0.00;OCEAN;SEWX;LL677;Smögen;;Y;SEWX;Y;N;N;;;FX;;OTB;276.00;0.00;Wood;;1976-01-01;MFL;1947-01-01;;2008-08-19
SWE000000214;;SWE;;;107.00;0.00;0.00;;24.58;0.00;SANDÖ;SEWY;LL158;Grundsund;;Y;SEWY;Y;N;Y;;;FX;;OTB;442.00;7.35;Wood;;1976-01-01;MFL;1948-01-01;2011-05-16;
SWE000000215;;SWE;;;296.00;0.00;0.00;;38.51;0.00;PÅSKÖN;SEWZ;GG525;Donsö;;Y;SEWZ;Y;N;N;;;FX;;OTB, OTM;735.00;110.29;Metal;;1976-01-01;F30;1974-01-01;;
SWE000000216;;SWE;;;120.00;0.00;0.00;;24.69;0.00;LISSABON II;SEXC;GG267;Skärhamn;;Y;SEXC;Y;N;N;;;FX;;OTB, NO;403.00;33.09;Wood;;1976-01-01;4M2;1948-01-01;2002-01-28;
SWE000000217;;SWE;;;62.51;41.00;0.00;;16.26;0.00;BRISHAV;SEXF;UÅ71;Umeå;;Y;SEXF;Y;N;N;;;FX;;OTB, NO;220.00;0.00;Wood;;1976-01-01;4M4;1931-01-01;;1998-09-01
SWE000000223;265752000;SWE;;;247.00;0.00;0.00;;34.53;0.00;RÖNNFORS;SEXR;SIN72;Brantevik;;Y;SEXR;Y;N;N;;;FX;;OTM, OTB;698.53;210.00;Metal;;1976-01-01;4M3;1961-01-01;;
SWE000000229;;SWE;;;60.65;43.00;0.00;;16.24;0.00;RIVÖFJORD;SEYI;VG72;Träslövsläge;;Y;SEYI;Y;N;N;;;FX;;OTB, NO;183.00;0.00;Wood;;1976-01-01;4M4;1932-01-01;;1998-06-04
SWE000000236;;SWE;;;62.64;45.00;0.00;;16.44;0.00;HENRIKA;SEZY;SD297;Grebbestad;;Y;SEZY;Y;N;N;;;FX;;OTB;221.00;0.00;Wood;;1976-01-01;4M4;1931-01-01;;1998-04-16
SWE000000238;;SWE;;;94.13;53.00;0.00;;19.83;0.00;ARCADIA;SFAH;GE73;Engesberg;;Y;SFAH;Y;N;N;;;FX;;OTM, OTB;279.00;4.00;Wood;;1976-01-01;4M3;1964-01-01;2002-12-28;
SWE000000248;;SWE;;;7.21;0.00;0.00;;9.20;0.00;DONKEN;SFB2008;ÖK10;Trysunda;;Y;SFB2008;N;Y;N;;;FX;;GNS;16.91;0.00;Wood;;1976-01-01;4M1;1949-01-01;;1999-02-28
SWE000000260;;SWE;;;1.27;0.00;0.00;;6.00;0.00;SOLVIG;SFB2023;FG2;Grimsholmen;;Y;SFB2023;N;Y;N;;;FX;;FPO, NO;13.24;0.00;Wood;;1976-01-01;MFL;1965-01-01;;2010-03-11
SWE000000279;;SWE;;;4.10;0.00;0.00;;8.40;0.00;No name;SFB2051;GE24;Fågelsundet;;Y;SFB2051;N;Y;N;;;FX;;GNS;18.38;0.00;Wood;;1976-01-01;4M1;1943-01-01;;1999-07-09
SWE000000289;;SWE;;;5.87;0.00;0.00;;10.00;0.00;No name;SFB2064;GE41;Utvalnäs;;Y;SFB2064;N;Y;N;;;FX;;GNS;22.06;0.00;Wood;;1976-01-01;MFL;1954-01-01;;2004-03-09
SWE000000293;;SWE;;;8.25;0.00;0.00;;9.60;0.00;BOY;SFB2069;NG27;Hummelvik;;Y;SFB2069;N;Y;N;;;FX;;GNS, FPO;91.91;0.00;Wood;;1975-12-31;MFL;1951-01-01;;
SWE000000295;;SWE;;;3.19;0.00;0.00;;8.00;0.00;No name;SFB2073;GE6;Sikhjälma;;Y;SFB2073;N;Y;N;;;FX;;GNS, FPO;11.03;0.00;Wood;;1976-01-01;MFL;1939-01-01;;2009-11-03
SWE000000300;;SWE;;;4.79;0.00;0.00;;8.50;0.00;ALSKÄR;SFB2082;GE7;Karlholmsbruk;;Y;SFB2082;N;Y;N;;;FX;;GNS;36.76;0.00;Wood;;1976-01-01;MFL;1961-01-01;;2004-08-05
SWE000000304;;SWE;;;4.88;0.00;0.00;;9.00;0.00;No name;SFB2088;GE81;Iggön;;Y;SFB2088;N;Y;N;;;FX;;GNS;22.06;0.00;Wood;;1976-01-01;F32;1966-01-01;;1996-10-22
SWE000000308;;SWE;;;5.51;0.00;0.00;;10.00;0.00;LAGUN;SFB2094;GE33;Gårdskär;;Y;SFB2094;N;Y;N;;;FX;;GNS;80.90;0.00;Wood;;1976-01-01;MFL;1962-01-01;;2015-02-26
SWE000000314;;SWE;;;0.33;0.00;0.00;;6.00;0.00;WICTORIA;SFB2102;GG109;Ölmanäs - Gårda Brygga;;Y;SFB2102;N;Y;N;;;FX;;FPO, NO;14.71;0.00;Wood;;1976-01-01;4M1;1970-01-01;;1997-06-28
SWE000000315;;SWE;;;0.96;0.00;0.00;;6.40;0.00;EVA;SFB2103;GG11;Hälsö;;Y;SFB2103;N;Y;N;;;FX;;GNS;11.76;0.00;Wood;;1976-01-01;MFL;1971-01-01;;2003-01-25
SWE000000320;;SWE;;;1.88;0.00;0.00;;7.00;0.00;LEANN;SFB2113;GG142;Vrångö;;Y;SFB2113;N;Y;N;;;FX;;FPO;16.18;0.00;Wood;;1993-07-12;MFL;1972-01-01;;2011-08-12
SWE000000331;;SWE;;;2.45;0.00;0.00;;6.60;0.00;JOSEFIN;SFB2126;SG38;Hällevik;;Y;SFB2126;N;Y;N;;;FX;;GNS, LHP;7.35;0.00;Wood;;1976-01-01;MFL;1963-01-01;;2006-01-09
SWE000000334;;SWE;;;1.64;0.00;0.00;;7.00;0.00;MARINA;SFB2129;GG308;Holma;;Y;SFB2129;N;Y;N;;;FX;;GNS;22.06;0.00;Wood;;1976-01-01;MFL;1944-01-01;;2003-12-02
SWE000000342;;SWE;;;3.07;0.00;0.00;;6.70;0.00;KULING;SFB2137;GG155;Lerkil;;Y;SFB2137;N;Y;N;;;FX;;FPO, GNS;13.24;0.00;Wood;;1976-01-01;4M1;1967-01-01;;1997-01-10
SWE000000346;;SWE;;;2.93;0.00;0.00;;8.00;0.00;EMLAND;SFB2141;GG161;Göteborg;;Y;SFB2141;N;Y;N;;;FX;;GNS;52.94;0.00;Wood;;1976-01-01;4M1;1963-01-01;;1998-09-27
SWE000000354;;SWE;;;2.16;0.00;0.00;;7.71;0.00;MARIA;SFB2149;GG611;Donsö;;Y;SFB2149;N;Y;N;;;FX;;FPO;16.18;0.00;Wood;;1976-01-01;MFL;1972-01-01;;2003-11-02
SWE000000357;;SWE;;;6.54;0.00;0.00;;8.50;0.00;YVETTE;SFB2153;GG178;"Klåva"", Hönö";;Y;SFB2153;N;Y;N;;;FX;;GNS;17.65;0.00;Wood;;1976-01-01;4M1;1971-01-01;;1998-02-28
SWE000000361;;SWE;;;3.57;0.00;0.00;;7.35;0.00;LILLAN;SFB2157;GG185;Hönö;;Y;SFB2157;N;Y;N;;;FX;;GND, FPO;14.71;0.00;Wood;;1975-12-31;MFL;1965-01-01;;
SWE000000363;;SWE;;;1.16;0.00;0.00;;6.30;0.00;INGER;SFB2159;SD417;Västbacken;;Y;SFB2159;N;Y;N;;;FX;;FPO, GNS;7.35;0.00;Wood;;1976-01-01;4M1;1972-01-01;;2000-08-01
SWE000000364;;SWE;;;4.49;0.00;0.00;;7.20;0.00;CHRISTINA TÅNGEN;SFB2161;LL528;Kungshamn;;Y;SFB2161;N;Y;N;;;FX;;FPO, GND;22.06;0.00;Wood;;1976-01-01;4M1;1975-01-01;1997-06-24;
SWE000000369;;SWE;;;0.80;0.00;0.00;;6.40;0.00;HOLMÖN;SFB2168;GG197;Härön;;Y;SFB2168;N;Y;N;;;FX;;FPO;25.74;0.00;Wood;;1976-01-01;MFL;1962-01-01;;2010-12-21
SWE000000374;;SWE;;;6.31;0.00;0.00;;8.50;0.00;KRISTINA;SFB2174;GG376;Öckerö;;Y;SFB2174;N;Y;N;;;FX;;GNS;65.44;0.00;Wood;;1976-01-01;4M1;1940-01-01;;1998-07-30
SWE000000377;;SWE;;;2.77;0.00;0.00;;6.80;0.00;ANNA;SFB2178;GG211;Fiskebäck;;Y;SFB2178;N;Y;N;;;FX;;FPO;55.15;0.00;Fiber/Plastic;;1976-01-01;F32;1974-01-01;;1996-06-29
SWE000000379;;SWE;;;3.36;0.00;0.00;;8.00;0.00;SLÄNDAN;SFB2180;GG213;Fotö;;Y;SFB2180;N;Y;N;;;FX;;FPO;26.47;0.00;Wood;;1976-01-01;4M1;1964-01-01;;1999-03-15
SWE000000390;;SWE;;;3.82;0.00;0.00;;7.90;0.00;KARIN;SFB2194;GG435;Öckerö;;Y;SFB2194;N;Y;N;;;FX;;GNS, FPO;80.88;0.00;Wood;;1995-04-28;MFL;1963-01-01;;2004-05-10
SWE000000395;;SWE;;;1.95;0.00;0.00;;7.50;0.00;INGRID;SFB2201;GG246;Öckerö;;Y;SFB2201;N;Y;N;;;FX;;GNS, FPO;25.74;0.00;Wood;;1976-01-01;MFL;1973-01-01;;2005-01-02
SWE000000400;;SWE;;;4.15;0.00;0.00;;7.80;0.00;BODIL II;SFB2206;GG131;Åstol;;Y;SFB2206;N;Y;N;;;FX;;FPO, LHP;22.06;0.00;Wood;;1980-09-16;MFL;1974-01-01;;2021-04-23
SWE000000401;;SWE;;;3.15;0.00;0.00;;8.25;0.00;STENSKÄR;SFB2207;SD167;Fjällbacka;;Y;SFB2207;N;Y;N;;;FX;;FPO;44.12;0.00;Wood;;1976-01-01;MFL;1963-01-01;;2013-09-17
SWE000000420;;SWE;;;3.20;0.00;0.00;;8.30;0.00;DELFIN;SFB2229;GG288;Kyrkesund;;Y;SFB2229;N;Y;N;;;FX;;FPO;17.65;0.00;Wood;;1976-01-01;MFL;1964-01-01;;2004-10-10
SWE000000428;;SWE;;;3.66;0.00;0.00;;8.30;0.00;TÄRNAN;SFB2238;GG299;Önnered;;Y;SFB2238;N;Y;N;;;FX;;FPO;25.74;0.00;Wood;;1976-01-01;MFL;1953-01-01;;2006-08-21
SWE000000429;;SWE;;;5.09;0.00;0.00;;8.00;0.00;LENA;SFB2239;GG3;Kalvsund;;Y;SFB2239;N;Y;N;;;FX;;FPO, GNS;50.00;0.00;Wood;;1976-01-01;4M1;1961-01-01;;1998-12-29
SWE000000447;;SWE;;;5.54;0.00;0.00;;9.30;0.00;TAILY;SFB2263;GG157;Hönö;;Y;SFB2263;N;Y;N;;;FX;;GND, GNS;33.82;0.00;Wood;;1976-01-01;4M1;1930-01-01;;1997-09-14
SWE000000449;;SWE;;;5.48;0.00;0.00;;7.50;0.00;ELLA;SFB2265;GG333;Hönö;;Y;SFB2265;N;Y;N;;;FX;;FPO;11.77;0.00;Wood;;1976-01-01;4M1;1933-01-01;;2002-03-02
SWE000000457;;SWE;;;1.78;0.00;0.00;;7.10;0.00;MARGARETA;SFB2274;GG925;"Klåva"", Hönö";;Y;SFB2274;N;Y;N;;;FX;;GNS, LHP;14.71;0.00;Wood;;1976-01-01;MFL;1969-01-01;;2013-04-23
SWE000000458;;SWE;;;18.13;0.00;0.00;;10.80;0.00;GLOMSKÄR;SFB2275;FG17;Glommen;;Y;SFB2275;N;Y;N;;;FX;;OTB;70.59;0.00;Wood;;1976-01-01;4M4;1927-01-01;;1999-05-12
SWE000000461;;SWE;;;3.34;0.00;0.00;;7.00;0.00;BRIS;SFB2278;GG63;Ölmanäs - Gårda Brygga;;Y;SFB2278;N;Y;N;;;FX;;FPO, LTL;24.75;0.00;Wood;;1975-12-31;MFL;1964-01-01;;
SWE000000474;;SWE;;;1.57;0.00;0.00;;5.50;0.00;MARITA;SFB2296;GG385;Dyrön;;Y;SFB2296;N;Y;N;;;FX;;GNS;5.88;0.00;Wood;;1976-01-01;4M1;1954-01-01;;1997-11-12
SWE000000477;;SWE;;;1.51;0.00;0.00;;6.90;0.00;LENA;SFB2299;GG390;Rönnäng;;Y;SFB2299;N;Y;N;;;FX;;GNS, FPO;14.71;0.00;Wood;;1976-01-01;4M1;1970-01-01;;1997-08-15
SWE000000484;;SWE;;;11.56;0.00;0.00;;11.15;0.00;FUNNY;SFB2307;GG256;"Klåva"", Hönö";;Y;SFB2307;N;Y;N;;;FX;;OTB, GNS;147.06;0.00;Wood;;1991-11-15;MFL;1948-01-01;;2003-03-25
SWE000000486;265535610;SWE;;;6.59;0.00;0.00;;9.00;0.00;MÅSEN;SFB2310;SD19;Hamburgsund;;Y;SFB2310;N;Y;Y;;;FX;;OTB, FPO;61.78;0.00;Wood;;1975-12-31;MFL;1972-01-01;;
SWE000000493;;SWE;;;5.30;0.00;0.00;;8.30;0.00;MARITA;SFB2318;GG416;Marstrand;;Y;SFB2318;N;Y;N;;;FX;;LTL, FPO;36.76;0.00;Wood;;1976-01-01;4M1;1968-01-01;;1997-11-30
SWE000000499;;SWE;;;4.15;0.00;0.00;;7.80;0.00;HELENA;SFB2324;GG8;Fiskebäck;;Y;SFB2324;N;Y;N;;;FX;;GND, FPO;35.30;0.00;Wood;;1976-01-01;MFL;1975-01-01;;2018-01-19
SWE000000507;;SWE;;;8.98;0.00;0.00;;9.60;0.00;LOTTA;SFB2333;SD938;Hamburgön;;Y;SFB2333;N;Y;N;;;FX;;FPO, GND;55.15;0.00;Wood;;1976-01-01;4M1;1971-01-01;;2001-11-12
SWE000000520;;SWE;;;3.35;0.00;0.00;;7.60;0.00;MALIN;SFB2348;GG454;Rönnäng;;Y;SFB2348;N;Y;N;;;FX;;GNS, FPO;29.41;0.00;Wood;;1976-01-01;4M1;1972-01-01;;2000-10-30
SWE000000524;;SWE;;;0.76;0.00;0.00;;6.00;0.00;RAMNÖ;SFB2353;GG121;Rörö;;Y;SFB2353;N;Y;N;;;FX;;FPO;7.35;0.00;Wood;;1976-01-01;F32;1950-01-01;;1996-08-29
SWE000000531;;SWE;;;2.52;0.00;0.00;;7.50;0.00;MARITA;SFB2361;LL432;Lysekil;;Y;SFB2361;N;Y;N;;;FX;;FPO, GNS;22.06;0.00;Wood;;1976-01-01;F32;1971-01-01;;1996-02-01
SWE000000538;;SWE;;;4.91;0.00;0.00;;8.00;0.00;SÄLÖ;SFB2368;GG484;Rönnäng;;Y;SFB2368;N;Y;N;;;FX;;FPO, GND;26.47;0.00;Wood;;1976-01-01;MFL;1966-01-01;;2024-10-10
SWE000000547;;SWE;;;1.85;0.00;0.00;;7.50;0.00;MARITA;SFB2381;GG50;Öckerö;;Y;SFB2381;N;Y;N;;;FX;;LTL, FPO;12.50;0.00;Wood;;1976-01-01;4M1;1940-01-01;;1998-10-01
SWE000000552;;SWE;;;3.86;0.00;0.00;;9.00;0.00;VÄSTSJÖ;SFB2388;GG51;Klädesholmen;;Y;SFB2388;N;Y;N;;;FX;;GNS, FPO;84.56;0.00;Wood;;1976-01-01;MFL;1963-01-01;;2019-03-05
SWE000000558;;SWE;;;1.39;0.00;0.00;;6.80;0.00;BARBRO;SFB2394;GG515;Dyrön;;Y;SFB2394;N;Y;N;;;FX;;FPO, NO;55.15;0.00;Fiber/Plastic;;1976-01-01;4M1;1973-01-01;;2001-07-04
SWE000000559;;SWE;;;5.89;0.00;0.00;;8.00;0.00;META;SFB2395;LL580;Grundsund;;Y;SFB2395;N;Y;N;;;FX;;GNS, FPO;55.15;0.00;Fiber/Plastic;;1976-01-01;MFL;1974-01-01;;2010-02-04
SWE000000560;;SWE;;;3.26;0.00;0.00;;8.10;0.00;ANN-SOFIE;SFB2396;GG688;Marstrand;;Y;SFB2396;N;Y;N;;;FX;;FPO;29.41;0.00;Wood;;1999-09-05;MFL;1966-01-01;;
SWE000000561;;SWE;;;0.79;0.00;0.00;;6.50;0.00;MITTSBORG;SFB2397;GG52;Skärhamn;;Y;SFB2397;N;Y;N;;;FX;;GNS, FPO;7.35;0.00;Wood;;1976-01-01;4M1;1957-01-01;;2001-06-23
SWE000000566;;SWE;;;5.46;0.00;0.00;;8.50;0.00;ANNELI;SFB2403;SD221;Råssöhamn;;Y;SFB2403;N;Y;N;;;FX;;FPO, GND;58.82;0.00;Wood;;1976-01-01;4M1;1971-01-01;;2001-11-03
SWE000000575;;SWE;;;2.41;0.00;0.00;;6.50;0.00;KNUBBEN;SFB2413;NRG65;St Källskär;;Y;SFB2413;N;Y;N;;;FX;;GNS;18.38;0.00;Wood;;1976-01-01;MFL;1974-01-01;;2009-04-15
SWE000000599;;SWE;;;3.41;0.00;0.00;;7.00;0.00;KARIN;SFB2450;SD299;Öddö;;Y;SFB2450;N;Y;N;;;FX;;FPO;18.38;0.00;Wood;;1976-01-01;MFL;1968-01-01;;
SWE000000610;;SWE;;;0.32;0.00;0.00;;5.64;0.00;ASTRID;SFB2461;GG611;Donsö;;Y;SFB2461;N;Y;N;;;FX;;FPO, GND;7.35;0.00;Fiber/Plastic;;1976-01-01;4M1;1974-01-01;;1999-09-29
SWE000000612;;SWE;;;1.91;0.00;0.00;;5.50;0.00;BIBS;SFB2463;GG614;Öckerö;;Y;SFB2463;N;Y;N;;;FX;;FPO, GNS;5.88;0.00;Fiber/Plastic;;1976-01-01;4M1;1968-01-01;;2000-03-22
SWE000000620;265745020;SWE;;;4.48;0.00;0.00;;9.00;0.00;MIA;SFB2472;SD95;Långesjö;;Y;SFB2472;N;Y;Y;;;FX;;FPO, OTB;66.18;0.00;Wood;;1976-01-01;MFL;1952-01-01;;
SWE000000647;;SWE;;;1.63;0.00;0.00;;5.00;0.00;MARION II;SFB2503;GG473;Klädesholmen;;Y;SFB2503;N;Y;N;;;FX;;GNS;14.71;0.00;Wood;;1976-01-01;4M1;1960-01-01;;1998-05-04
SWE000000667;;SWE;;;8.00;0.00;0.00;;8.40;0.00;SVANEFJORD;SFB2524;GG221;Rönnäng;;Y;SFB2524;N;Y;N;;;FX;;FPO, NO;55.15;0.00;Wood;;1982-04-13;MFL;1973-01-01;;
SWE000000688;;SWE;;;2.91;0.00;0.00;;7.50;0.00;RAMONA;SFB2549;GG714;Rönnäng;;Y;SFB2549;N;Y;N;;;FX;;GNS, FPO;55.15;0.00;Wood;;1976-01-01;4M1;1965-01-01;;2000-01-26
SWE000000697;;SWE;;;1.25;0.00;0.00;;6.80;0.00;ANNEMARIE;SFB2562;GG731;Åstol;;Y;SFB2562;N;Y;N;;;FX;;FPO, GNS;26.47;0.00;Wood;;1976-01-01;4M1;1972-01-01;;2000-01-26
SWE000000710;;SWE;;;2.25;0.00;0.00;;7.40;0.00;CARMÖ;SFB2581;GG174;Skärhamn;;Y;SFB2581;N;Y;N;;;FX;;FPO, GND;16.91;0.00;Wood;;1976-01-01;MFL;1959-01-01;;2003-01-01
SWE000000732;;SWE;;;2.25;0.00;0.00;;6.60;0.00;DUVAN;SFB2608;GG790;Hönö;;Y;SFB2608;N;Y;N;;;FX;;GNS;11.03;0.00;Wood;;1976-01-01;4M1;1964-01-01;;1998-08-07
SWE000000738;;SWE;;;4.54;0.00;0.00;;8.30;0.00;LENA;SFB2614;GG797;Göteborg;;Y;SFB2614;N;Y;N;;;FX;;FPO;51.47;0.00;Wood;;1976-01-01;MFL;1974-01-01;;2004-02-29
SWE000000739;;SWE;;;1.21;0.00;0.00;;6.70;0.00;EMMY;SFB2615;GG798;Rönnäng;;Y;SFB2615;N;Y;N;;;FX;;GND, FPO;25.74;0.00;Wood;;1976-01-01;MFL;1971-01-01;;2005-06-22
SWE000000742;;SWE;;;5.20;0.00;0.00;;8.59;0.00;ANN-MARI;SFB2618;GG80;"Långö"", Kungälv";;Y;SFB2618;N;Y;N;;;FX;;FPO, NO;63.97;0.00;Wood;;1976-01-01;MFL;1948-01-01;;2012-12-03
SWE000000744;;SWE;;;3.28;0.00;0.00;;7.10;0.00;ANNA;SFB2620;GG801;Åstol;;Y;SFB2620;N;Y;N;;;FX;;GNS, FPO;55.15;0.00;Wood;;1976-01-01;4M1;1967-01-01;;1998-06-05
SWE000000748;;SWE;;;2.34;0.00;0.00;;7.80;0.00;KERSTIN;SFB2625;GG559;Hönö-Röd;;Y;SFB2625;N;Y;N;;;FX;;GND, GNS;16.18;0.00;Fiber/Plastic;;1977-12-06;4M1;1976-01-01;;2000-02-08
SWE000000770;;SWE;;;5.91;0.00;0.00;;8.85;0.00;TÄRNSKÄR;SFB2649;GG760;Härön;;Y;SFB2649;N;Y;N;;;FX;;FPO, GNS;54.41;0.00;Wood;;1976-01-01;MFL;1963-01-01;;2015-10-07
SWE000000777;;SWE;;;2.81;0.00;0.00;;6.50;0.00;HÖKEN;SFB2656;GG84;Ölmanäs - Gårda Brygga;;Y;SFB2656;N;Y;N;;;FX;;FPO;25.00;0.00;Wood;;1976-01-01;MFL;1968-01-01;;2007-07-19
SWE000000778;;SWE;;;0.26;0.00;0.00;;5.36;0.00;MALIN;SFB2658;GG842;Donsö;;Y;SFB2658;N;Y;N;;;FX;;FPO, NO;29.41;0.00;Fiber/Plastic;;1976-01-01;MFL;1974-01-01;;2011-01-19
SWE000000804;;SWE;;;3.55;0.00;0.00;;8.40;0.00;ÖSTERVÅG;SFB2686;GG94;Asperö;;Y;SFB2686;N;Y;N;;;FX;;FPO, GNS;55.15;0.00;Wood;;1976-01-01;4M1;1962-01-01;;1998-06-24
SWE000000817;;SWE;;;5.18;0.00;0.00;;9.10;0.00;SARVI;SFB2701;HA2;Nikkala;;Y;SFB2701;N;Y;N;;;FX;;FPO, NO;110.29;0.00;Wood;;1976-01-01;MFL;1968-01-01;;2014-06-23
SWE000000820;265025990;SWE;;;5.99;0.00;0.00;;9.97;0.00;SAIBON;SFB2705;LL248;Kungshamn;;Y;SFB2705;N;Y;Y;;;FX;;TBN, FPO;62.50;0.00;Wood;;1975-12-31;MFL;1964-01-01;;
SWE000000821;;SWE;;;2.76;0.00;0.00;;9.00;0.00;ARAMIS 30;SFB2706;HA24;Nikkala;;Y;SFB2706;N;Y;N;;;FX;;GNS;99.26;0.00;Fiber/Plastic;;1976-01-01;4M1;1972-01-01;;2001-03-04
SWE000000823;;SWE;;;3.96;0.00;0.00;;8.20;0.00;No name;SFB2708;HA27;Karlsborgsverken;;Y;SFB2708;N;Y;N;;;FX;;GNS;58.82;0.00;Wood;;1976-01-01;MFL;1967-01-01;;2021-02-11
SWE000000825;;SWE;;;7.18;0.00;0.00;;10.35;0.00;RISÖN;SFB2710;HA28;Risögrund;;Y;SFB2710;N;Y;N;;;FX;;GNS;136.03;0.00;Fiber/Plastic;;1994-05-05;4M1;1967-01-01;;2001-11-09
SWE000000828;;SWE;;;4.90;0.00;0.00;;9.00;0.00;MALI 3;SFB2715;HA32;Nikkala;;Y;SFB2715;N;Y;N;;;FX;;PTB, OTM;128.68;0.00;Fiber/Plastic;;1976-01-01;4M3;1974-01-01;;2002-03-27
SWE000000831;;SWE;;;3.70;0.00;0.00;;8.75;0.00;LENA;SFB2718;HA35;Nikkala;;Y;SFB2718;N;Y;N;;;FX;;FPO, NO;61.03;0.00;Wood;;1976-01-01;MFL;1969-01-01;;2004-12-23
SWE000000832;;SWE;;;3.86;0.00;0.00;;8.75;0.00;ANETTE;SFB2719;HA36;Nikkala;;Y;SFB2719;N;Y;N;;;FX;;FPO;61.03;0.00;Wood;;1976-01-01;MFL;1969-01-01;;2004-12-23
SWE000000833;;SWE;;;3.79;0.00;0.00;;8.50;0.00;BRISEN;SFB2720;HA71;Pålänge;;Y;SFB2720;N;Y;N;;;FX;;GNS, FPO;90.00;0.00;Wood;;1975-12-31;MFL;1970-01-01;;
SWE000000837;265035490;SWE;;;4.45;0.00;0.00;;8.85;0.00;MALI 1;SFB2724;HA40;Nikkala;;Y;SFB2724;N;Y;Y;;;FX;;FPO, PTB;176.52;0.00;Metal;;1975-12-31;MFL;1970-01-01;;2025-09-09
SWE000000840;;SWE;;;7.13;0.00;0.00;;10.90;0.00;BYSKÄR;SFB2727;HA43;Nikkala;;Y;SFB2727;N;Y;N;;;FX;;OTB, GNS;80.90;0.00;Wood;;1975-12-31;MFL;1971-01-01;;
SWE000000846;;SWE;;;1.86;0.00;0.00;;9.00;0.00;MÅSEN;SFB2733;HA5;Nikkala;;Y;SFB2733;N;Y;N;;;FX;;FPO;110.29;0.00;Fiber/Plastic;;1976-01-01;MFL;1974-01-01;;2014-07-11
SWE000000854;;SWE;;;3.21;0.00;0.00;;9.00;0.00;ATHENA;SFB2741;HA26;Siknäs;;Y;SFB2741;N;Y;N;;;FX;;GNS;60.29;0.00;Wood;;1976-01-01;MFL;1973-01-01;;2019-08-14
SWE000000857;;SWE;;;5.14;0.00;0.00;;9.00;0.00;No name;SFB2744;HA6;Storön;;Y;SFB2744;N;Y;N;;;FX;;PTB, NO;88.24;0.00;Metal;;1976-01-01;4M3;1974-01-01;;1998-11-01
SWE000000873;;SWE;;;1.43;0.00;0.00;;5.20;0.00;SNAPPEN;SFB2763;HD19;Snapparp;;Y;SFB2763;N;Y;N;;;FX;;FPO, GNS;5.88;0.00;Wood;;1976-01-01;MFL;1954-01-01;;2006-02-25
SWE000000889;;SWE;;;0.95;0.00;0.00;;6.30;0.00;SHAMROCK;SFB2782;HG104;"Viken"", Höganäs";;Y;SFB2782;N;Y;N;;;FX;;FPO, GNS;13.24;0.00;Wood;;1976-01-01;4M1;1961-01-01;;1998-09-14
SWE000000906;;SWE;;;3.87;0.00;0.00;;7.71;0.00;NEPTUN;SFB2806;HG15;Råå;;Y;SFB2806;N;Y;N;;;FX;;FPO, GNS;24.26;0.00;Fiber/Plastic;;1976-01-01;MFL;1970-01-01;;2017-12-29
SWE000000909;;SWE;;;3.18;0.00;0.00;;7.92;0.00;SALLY;SFB2812;HG22;Svanshall;;Y;SFB2812;N;Y;N;;;FX;;GNS;25.74;0.00;Wood;;1978-02-14;MFL;1944-01-01;;2009-05-08
SWE000000911;;SWE;;;4.27;0.00;0.00;;7.92;0.00;SYLVIA;SFB2815;HG29;Råå;;Y;SFB2815;N;Y;N;;;FX;;GNS;26.47;0.00;Wood;;1976-01-01;4M3;1937-01-01;;1997-01-02
SWE000000912;;SWE;;;6.75;0.00;0.00;;9.60;0.00;JENS-GRUS;SFB2816;HG28;Jonstorp;;Y;SFB2816;N;Y;N;;;FX;;GTR, GNS;70.59;0.00;Wood;;1976-01-01;MFL;1974-01-01;;2016-05-24
SWE000000922;;SWE;;;5.12;0.00;0.00;;8.00;0.00;CINDY;SFB2830;ÅS3;Yngsjö;;Y;SFB2830;N;Y;N;;;FX;;GNS, LHP;11.76;0.00;Wood;;1976-01-01;MFL;1968-01-01;;2004-02-05
SWE000000925;;SWE;;;3.46;0.00;0.00;;7.20;0.00;SVALAN;SFB2833;HG7;Råå;;Y;SFB2833;N;Y;N;;;FX;;GNS;11.76;0.00;Wood;;1976-01-01;F32;1968-01-01;;1996-03-28
SWE000000931;;SWE;;;3.26;0.00;0.00;;7.50;0.00;TÄRNAN;SFB2842;HG221;Råå;;Y;SFB2842;N;Y;N;;;FX;;GNS;29.41;0.00;Wood;;1992-11-18;MFL;1953-01-01;;2004-03-05
SWE000000936;;SWE;;;4.40;0.00;0.00;;8.53;0.00;SAGA;SFB2847;HG934;Råå;;Y;SFB2847;N;Y;N;;;FX;;GNS, NO;30.88;0.00;Wood;;1976-01-01;4M1;1913-01-01;;1997-11-26
SWE000000943;;SWE;;;4.56;0.00;0.00;;8.83;0.00;No name;SFB2856;HL46;Djuped;;Y;SFB2856;N;Y;N;;;FX;;GNS, FPO;32.35;0.00;Wood;;1976-01-01;4M1;1955-01-01;;2001-03-04
SWE000000946;;SWE;;;3.09;0.00;0.00;;7.92;0.00;HULDA;SFB2861;HL54;Kråkö Hamn;;Y;SFB2861;N;Y;N;;;FX;;GNS, LLD;14.71;0.00;Wood;;1976-01-01;MFL;1954-01-01;2004-08-05;
SWE000000949;;SWE;;;6.88;0.00;0.00;;8.93;0.00;No name;SFB2864;HL69;Kuggören;;Y;SFB2864;N;Y;N;;;FX;;GNS;33.09;0.00;Wood;;1976-01-01;MFL;1951-01-01;;2007-05-29
SWE000000951;;SWE;;;4.91;0.00;0.00;;10.00;0.00;ISA;SFB2866;HL25;;;Y;SFB2866;N;N;N;;;FX;;GNS;55.15;0.00;Wood;;1995-09-21;4M1;1960-01-01;;2001-12-01
SWE000000952;;SWE;;;3.53;0.00;0.00;;8.80;0.00;BOTILDA;SFB2869;ÅS42;Åhus;;Y;SFB2869;N;Y;N;;;FX;;GNS, NO;40.44;0.00;Wood;;1976-01-01;MFL;1950-01-01;;2005-05-25
SWE000000958;265634070;SWE;;;7.87;0.00;0.00;;9.00;0.00;ÖSTVÅG;SFB2876;KA111;"Sandhamn"", Karlskrona";;Y;SFB2876;N;Y;Y;;;FX;;GNS, LHP;61.03;0.00;Wood;;1976-01-01;MFL;1946-01-01;;2024-04-14
SWE000000962;;SWE;;;2.99;0.00;0.00;;7.80;0.00;TILLY;SFB2880;KA19;Fågelmara;;Y;SFB2880;N;Y;N;;;FX;;GNS, NO;11.00;0.00;Wood;;1976-01-01;MFL;1966-01-01;;2003-01-01
SWE000000965;;SWE;;;4.88;0.00;0.00;;7.60;0.00;SILONA;SFB2884;KR24;Degerhamn;;Y;SFB2884;N;Y;N;;;FX;;GNS;16.18;0.00;Wood;;1976-01-01;MFL;1960-01-01;;2020-05-22
SWE000000966;;SWE;;;11.06;0.00;0.00;;10.36;0.00;JENNY;SFB2885;TG256;Skåre;;Y;SFB2885;N;Y;N;;;FX;;GNS, LHP;88.24;0.00;Wood;;1976-01-01;4M1;1951-01-01;1997-08-01;
SWE000000967;;SWE;;;6.22;0.00;0.00;;9.25;0.00;SVALAN;SFB2886;KA72;Sturkö;;Y;SFB2886;N;Y;N;;;FX;;GNS, FPO;52.94;0.00;Wood;;1976-01-01;MFL;1964-01-01;;2005-02-01
SWE000000968;;SWE;;;8.49;0.00;0.00;;9.90;0.00;SEALAND;SFB2887;KA85;"Sandhamn"", Karlskrona";;Y;SFB2887;N;Y;N;;;FX;;GNS, LHP;79.00;0.00;Wood;;1976-01-01;MFL;1961-01-01;;2024-02-02
SWE000000969;;SWE;;;5.71;0.00;0.00;;8.70;0.00;ZITA;SFB2888;ON50;Påskallavik;;Y;SFB2888;N;Y;N;;;FX;;GNS, NO;26.00;0.00;Wood;;1976-01-01;4M1;1972-01-01;;2001-11-16
SWE000000970;;SWE;;;9.92;0.00;0.00;;9.60;0.00;SVANEN;SFB2889;KA266;Senoren;;Y;SFB2889;N;Y;N;;;FX;;GNS;51.47;0.00;Wood;;1976-01-01;MFL;1940-01-01;;2005-01-05
SWE000000971;;SWE;;;7.42;0.00;0.00;;9.70;0.00;FALKEN;SFB2890;SG120;"Valje"", Sölvesborg";;Y;SFB2890;N;Y;N;;;FX;;GNS, GND;84.56;0.00;Wood;;1976-01-01;4M1;1947-01-01;;1999-07-21
SWE000000972;;SWE;;;3.31;0.00;0.00;;7.40;0.00;ANNA-LENA;SFB2891;KN26;Ronneby;;Y;SFB2891;N;Y;N;;;FX;;GNS;35.29;0.00;Fiber/Plastic;;1976-01-01;4M1;1969-01-01;;1998-06-05
SWE000000976;;SWE;;;7.43;0.00;0.00;;9.60;0.00;NORDSTJÄRNAN;SFB2897;KR306;Grönhögen;;Y;SFB2897;N;Y;N;;;FX;;GNS;61.76;0.00;Wood;;1976-01-01;MFL;1944-01-01;2007-09-05;
SWE000000977;;SWE;;;7.55;0.00;0.00;;9.00;0.00;MONITA;SFB2899;KA312;"Ekenabben"", Sturkö";;Y;SFB2899;N;Y;N;;;FX;;GNS;46.32;0.00;Wood;;1976-01-01;4M1;1941-01-01;;2001-02-13
SWE000000981;;SWE;;;7.94;0.00;0.00;;10.05;0.00;ÖRNEN;SFB2903;GG183;Brunskär;;Y;SFB2903;N;Y;N;;;FX;;GNS, GND;66.18;0.00;Wood;;1976-01-01;4M1;1955-01-01;;2000-09-29
SWE000000983;;SWE;;;4.40;0.00;0.00;;8.53;0.00;MARINA;SFB2906;KA37;"Sandhamn"", Karlskrona";;Y;SFB2906;N;Y;N;;;FX;;GNS, NO;33.09;0.00;Wood;;1976-01-01;MFL;1963-01-01;;2006-04-06
SWE000000984;;SWE;;;8.63;0.00;0.00;;9.90;0.00;CINDY;SFB2907;TG76;Skåre;;Y;SFB2907;N;Y;N;;;FX;;GNS, NO;26.47;0.00;Wood;;1976-01-01;4M1;1948-01-01;;1998-12-29
SWE000000985;;SWE;;;9.35;0.00;0.00;;10.05;0.00;LINDA;SFB2908;MÖ1;Lomma;;Y;SFB2908;N;Y;N;;;FX;;GNS;73.53;0.00;Wood;;1976-01-01;MFL;1950-01-01;;2005-01-04
SWE000000986;;SWE;;;6.89;0.00;0.00;;9.14;0.00;VÄSTBRIS;SFB2909;KA384;Ungskär;;Y;SFB2909;N;Y;N;;;FX;;GNS, GND;44.12;0.00;Wood;;1976-01-01;4M1;1951-01-01;;1999-03-31
SWE000000994;;SWE;;;8.11;0.00;0.00;;9.60;0.00;SJÖBRIS;SFB2918;KR94;Grönhögen;;Y;SFB2918;N;Y;N;;;FX;;GNS;18.38;0.00;Wood;;1976-01-01;4M1;1953-01-01;;
SWE000000998;;SWE;;;12.46;0.00;0.00;;10.36;0.00;LAXEN;SFB2923;KA46;Sturkö;;Y;SFB2923;N;Y;N;;;FX;;GNS, NO;18.38;0.00;Wood;;1976-01-01;4M1;1962-01-01;;2002-03-25
SWE000000999;;SWE;;;10.56;0.00;0.00;;11.00;0.00;ALASKA;SFB2924;KA8;Sturkö;;Y;SFB2924;N;Y;N;;;FX;;GNS;60.29;0.00;Wood;;1975-12-31;MFL;1952-01-01;;
SWE000001000;;SWE;;;1.39;0.00;0.00;;5.50;0.00;RAMONA;SFB2925;KA6;Sturkö;;Y;SFB2925;N;Y;N;;;FX;;GNS;7.35;0.00;Wood;;1976-01-01;F31;1973-01-01;;1996-05-24
SWE000001001;;SWE;;;5.06;0.00;0.00;;8.22;0.00;PETRA;SFB2926;ON9;Påskallavik;;Y;SFB2926;N;Y;N;;;FX;;GNS, NO;14.71;0.00;Wood;;1976-01-01;4M1;1967-01-01;;1999-07-22
SWE000001003;;SWE;;;6.81;0.00;0.00;;9.76;0.00;VÅGEN;SFB2928;KN1;Bökevik;;Y;SFB2928;N;Y;N;;;FX;;GND, GNS;66.18;0.00;Wood;;1976-01-01;4M1;1944-01-01;;2000-10-26
SWE000001006;;SWE;;;11.18;0.00;0.00;;10.00;0.00;JANE;SFB2931;KA31;Hasslö;;Y;SFB2931;N;Y;N;;;FX;;GNS;62.50;0.00;Metal;;1976-01-01;MFL;1973-01-01;;
SWE000001007;;SWE;;;9.72;0.00;0.00;;9.70;0.00;GLITTVÅG;SFB2932;SM23;Grisslehamn;;Y;SFB2932;N;Y;N;;;FX;;GNS;22.00;0.00;Wood;;1975-12-31;MFL;1952-01-01;;
SWE000001008;;SWE;;;5.39;0.00;0.00;;8.50;0.00;VETZERA;SFB2933;KN2;Bökevik;;Y;SFB2933;N;Y;N;;;FX;;GNS;53.00;0.00;Wood;;1976-01-01;4M1;1956-01-01;;2002-08-21
SWE000001011;265536200;SWE;;;11.00;0.00;0.00;;11.99;0.00;No name;SFB2936;LA99;Ålabodarna;;Y;SFB2936;N;Y;Y;;;FX;;GNS;105.91;0.00;Wood;;1976-01-01;MFL;1951-01-01;;2017-06-20
SWE000001014;;SWE;;;5.68;0.00;0.00;;9.00;0.00;NINA;SFB2940;TG1;Trelleborg;;Y;SFB2940;N;Y;N;;;FX;;GNS, LHP;38.97;0.00;Wood;;1976-01-01;MFL;1954-01-01;;2004-08-30
SWE000001015;;SWE;;;7.25;0.00;0.00;;9.30;0.00;ZENITA;SFB2941;KA96;Hasslö;;Y;SFB2941;N;Y;N;;;FX;;GNS, LHP;55.15;0.00;Wood;;1976-01-01;4M1;1962-01-01;;1998-02-23
SWE000001016;;SWE;;;4.29;0.00;0.00;;9.00;0.00;VIOLA;SFB2942;KN65;Joggesö;;Y;SFB2942;N;Y;N;;;FX;;GNS;22.06;0.00;Wood;;1976-01-01;4M1;1943-01-01;;2001-04-17
SWE000001020;;SWE;;;10.55;0.00;0.00;;10.58;0.00;LILLEVIK;SFB2946;SIN58;Simrishamn;;Y;SFB2946;N;Y;N;;;FX;;GNS, NO;60.29;0.00;Wood;;1976-01-01;F32;1950-01-01;1996-06-19;
SWE000001026;;SWE;;;6.22;0.00;0.00;;9.80;0.00;SVALAN;SFB2954;KA162;"Verkö"", Karlskrona";;Y;SFB2954;N;Y;N;;;FX;;GNS, NO;55.15;0.00;Wood;;1976-01-01;4M1;1951-01-01;1998-12-11;
SWE000001027;;SWE;;;6.29;0.00;0.00;;9.30;0.00;SÖDERN;SFB2955;KA3;Gö;;Y;SFB2955;N;Y;N;;;FX;;GNS, FPO;66.18;0.00;Wood;;1976-01-01;MFL;1943-01-01;;2009-04-19
SWE000001029;;SWE;;;4.33;0.00;0.00;;8.60;0.00;No name;SFB2958;KR80;Gräsgård;;Y;SFB2958;N;Y;N;;;FX;;GNS, NO;9.56;0.00;Wood;;1976-01-01;MFL;1943-01-01;;2004-01-20
SWE000001031;265030220;SWE;;;9.09;0.00;0.00;;10.05;0.00;NORÖ;SFB2960;KR192;Böda;;Y;SFB2960;N;Y;Y;;;FX;;GNS;77.94;0.00;Wood;;1975-12-31;MFL;1950-01-01;;
SWE000001033;;SWE;;;8.59;0.00;0.00;;10.50;0.00;NAJADEN;SFB2963;SM4;Grisslehamn;;Y;SFB2963;N;Y;N;;;FX;;GNS, NO;55.15;0.00;Wood;;1976-01-01;MFL;1947-01-01;;2015-12-22
SWE000001037;;SWE;;;8.72;0.00;0.00;;10.40;0.00;VÄSTVÅG;SFB2967;KR39;"Sandvik"", Öland";;Y;SFB2967;N;Y;N;;;FX;;GNS;83.82;0.00;Wood;;1976-01-01;MFL;1949-01-01;;2004-10-06
SWE000001039;;SWE;;;2.94;0.00;0.00;;8.90;0.00;SILVIA;SFB2969;SG65;Nogersund;;Y;SFB2969;N;Y;N;;;FX;;GNS, LHP;26.47;0.00;Wood;;1976-01-01;4M1;1967-01-01;;1997-02-04
SWE000001040;;SWE;;;1.31;0.00;0.00;;7.20;0.00;LILLEN;SFB2970;KR141;Byxelkrok;;Y;SFB2970;N;Y;N;;;FX;;GNS, FPO;16.18;0.00;Wood;;1976-01-01;MFL;1945-01-01;;2009-01-21
SWE000001041;;SWE;;;9.64;0.00;0.00;;9.60;0.00;BEATRICE;SFB2971;SG53;Hörvik;;Y;SFB2971;N;Y;N;;;FX;;GNS, NO;78.68;0.00;Wood;;1976-01-01;MFL;1968-01-01;;2014-05-06
SWE000001044;;SWE;;;7.05;0.00;0.00;;9.60;0.00;IRMA;SFB2974;KA148;Torhamn;;Y;SFB2974;N;Y;N;;;FX;;GNS, LHP;22.06;0.00;Wood;;1975-12-31;MFL;1974-01-01;;
SWE000001045;;SWE;;;4.39;0.00;0.00;;7.90;0.00;FRIDA;SFB2975;KR94;Grönhögen;;Y;SFB2975;N;Y;N;;;FX;;GNS, GND;14.71;0.00;Wood;;1976-01-01;4M1;1964-01-01;;2000-01-08
SWE000001046;265737870;SWE;;;12.14;0.00;0.00;;10.60;0.00;PIONIER;SFB2976;KA165;Sturkö;;Y;SFB2976;N;Y;Y;;;FX;;GNS, LHP;57.35;0.00;Metal;;1976-01-01;MFL;1974-01-01;;2019-02-21
SWE000001047;265701830;SWE;;;11.49;0.00;0.00;;11.48;0.00;VARGÖ;SFB2977;VK36;Mönsterås;;Y;SFB2977;N;Y;Y;;;FX;;GNS, LHP;61.03;0.00;Wood;;1976-01-01;MFL;1956-01-01;;2022-09-20
SWE000001048;;SWE;;;10.05;11.00;0.00;;10.92;0.00;VINGALAND;SFB2978;VY16;Ronehamn;;Y;SFB2978;N;Y;N;;;FX;;GNS;58.82;0.00;Wood;;1976-01-01;MFL;1954-01-01;2008-02-29;
SWE000001051;;SWE;;;11.34;0.00;0.00;;10.67;0.00;ANITA;SFB2982;KR60;Byxelkrok;;Y;SFB2982;N;Y;N;;;FX;;GNS, FPO;55.15;0.00;Wood;;1976-01-01;MFL;1950-01-01;;2019-10-01
SWE000001052;;SWE;;;1.89;0.00;0.00;;7.40;0.00;No name;SFB2983;KR62;Böda;;Y;SFB2983;N;Y;N;;;FX;;FPO, GNS;32.00;0.00;Metal;;1976-01-01;4M1;1972-01-01;;1999-03-01
SWE000001063;;SWE;;;2.00;0.00;0.00;;6.41;0.00;No name;SFB2995;LA1;"Kyrkbacken"", Ven";;Y;SFB2995;N;Y;N;;;FX;;GNS;17.65;0.00;Wood;;1976-01-01;4M1;1956-01-01;;1999-03-08
SWE000001064;;SWE;;;2.38;0.00;0.00;;6.56;0.00;SKANDINAV;SFB2996;LA100;Ålabodarna;;Y;SFB2996;N;Y;N;;;FX;;FPO, GNS;11.76;0.00;Wood;;1976-01-01;4M1;1962-01-01;;2002-06-20
SWE000001072;;SWE;;;3.26;0.00;0.00;;8.20;0.00;SILVERVÅG;SFB3005;KR129;Bläsinge;;Y;SFB3005;N;Y;N;;;FX;;GNS;30.88;0.00;Wood;;1998-06-03;MFL;1963-01-01;;
SWE000001075;;SWE;;;1.82;0.00;0.00;;7.30;0.00;BETTAN;SFB3008;MÖ111;Lomma;;Y;SFB3008;N;Y;N;;;FX;;FPO, GNS;26.47;0.00;Wood;;1991-07-03;4M1;1970-01-01;;2000-08-30
SWE000001081;;SWE;;;3.44;0.00;0.00;;6.88;0.00;ERLI;SFB3015;LA33;Ålabodarna;;Y;SFB3015;N;Y;N;;;FX;;FPO, GNS;25.74;0.00;Wood;;1976-01-01;4M1;1959-01-01;;1997-10-02
SWE000001084;;SWE;;;2.63;0.00;0.00;;7.20;0.00;No name;SFB3018;LA38;Bäckviken;;Y;SFB3018;N;Y;N;;;FX;;GNS;22.06;0.00;Wood;;1976-01-01;4M1;1940-01-01;;2001-09-02
SWE000001085;;SWE;;;1.20;0.00;0.00;;6.55;0.00;No name;SFB3019;HG11;Råå;;Y;SFB3019;N;Y;N;;;FX;;FPO, GNS;22.06;0.00;Wood;;1976-01-01;4M1;1954-01-01;;1997-04-21
SWE000001088;;SWE;;;6.01;0.00;0.00;;9.85;0.00;JENNY;SFB3023;HG61;Höganäs;;Y;SFB3023;N;Y;N;;;FX;;GNS;52.94;0.00;Wood;;1976-01-01;4M1;1935-01-01;1998-04-20;
SWE000001105;;SWE;;;6.44;0.00;0.00;;9.50;0.00;RASMUS;SFB3044;MÖ69;Skanör;;Y;SFB3044;N;Y;N;;;FX;;GNS;36.76;0.00;Wood;;1976-01-01;4M1;1939-01-01;;1999-08-29
SWE000001111;;SWE;;;2.51;0.00;0.00;;7.00;0.00;No name;SFB3051;LA98;Ålabodarna;;Y;SFB3051;N;Y;N;;;FX;;FPO, GNS;22.06;0.00;Wood;;1976-01-01;4M1;1964-01-01;;1999-03-05
SWE000001113;;SWE;;;3.19;0.00;0.00;;8.10;0.00;MARY;SFB3053;LL84;Väjern;;Y;SFB3053;N;Y;N;;;FX;;GNS, GND;26.47;0.00;Wood;;1976-01-01;MFL;1944-01-01;;2003-05-01
SWE000001118;;SWE;;;0.85;0.00;0.00;;6.00;0.00;MÅSEN;SFB3058;LL105;Ulebergshamn;;Y;SFB3058;N;Y;N;;;FX;;FPO;20.59;0.00;Wood;;1976-01-01;MFL;1950-01-01;;2003-02-02
SWE000001140;;SWE;;;0.90;0.00;0.00;;6.00;0.00;ALBION;SFB3091;LL140;Skalhamn;;Y;SFB3091;N;Y;N;;;FX;;FPO;18.38;0.00;Wood;;1976-01-01;MFL;1962-01-01;;2004-09-25
SWE000001145;;SWE;;;3.86;0.00;0.00;;9.00;0.00;RAMSÖ;SFB3096;SD389;Grebbestad;;Y;SFB3096;N;Y;N;;;FX;;FPO;36.76;0.00;Wood;;1976-01-01;MFL;1963-01-01;;2018-03-05
SWE000001161;;SWE;;;5.70;0.00;0.00;;8.80;0.00;JAN;SFB3120;LL170;Gullholmen;;Y;SFB3120;N;Y;N;;;FX;;FPO, NO;22.06;0.00;Wood;;1976-01-01;4M1;1963-01-01;;1997-11-10
SWE000001183;;SWE;;;7.15;0.00;0.00;;9.60;0.00;CONCORD;SFB3149;LL59;Smögen;;Y;SFB3149;N;Y;N;;;FX;;GND, GNS;70.61;0.00;Wood;;1975-12-31;MFL;1943-01-01;;
SWE000001192;;SWE;;;1.44;0.00;0.00;;6.90;0.00;GLENN;SFB3163;LL217;Kungshamn;;Y;SFB3163;N;Y;N;;;FX;;FPO;27.94;0.00;Wood;;1976-01-01;MFL;1969-01-01;;2004-02-29
SWE000001193;;SWE;;;1.44;0.00;0.00;;6.90;0.00;LABAN;SFB3164;LL218;Smögen;;Y;SFB3164;N;Y;N;;;FX;;FPO, LTL;27.94;0.00;Wood;;1976-01-01;MFL;1969-01-01;;2004-02-29
SWE000001196;;SWE;;;2.33;0.00;0.00;;7.00;0.00;CECILIA;SFB3167;LL151;Ellös;;Y;SFB3167;N;Y;N;;;FX;;FPO, LTL;7.35;0.00;Wood;;1976-01-01;4M1;1958-01-01;;1998-05-13
SWE000001197;;SWE;;;1.93;0.00;0.00;;7.20;0.00;BARE;SFB3168;LL30;Smögen;;Y;SFB3168;N;Y;N;;;FX;;GNS, LTL;13.24;0.00;Wood;;2000-10-20;MFL;1949-01-01;;2003-03-15
SWE000001230;;SWE;;;5.51;0.00;0.00;;10.60;0.00;No name;SFB3213;LÅ4;Junkön;;Y;SFB3213;N;Y;N;;;FX;;PTB, FPO;161.76;0.00;Fiber/Plastic;;1976-01-01;4M3;1969-01-01;;2000-01-01
SWE000001306;;SWE;;;2.15;0.00;0.00;;7.40;0.00;ARCONA;SFB3313;GG160;Ölmanäs - Gårda Brygga;;Y;SFB3313;N;Y;N;;;FX;;FPO, NO;16.18;0.00;Wood;;1976-01-01;MFL;1974-01-01;;2012-10-29
SWE000001311;;SWE;;;3.55;0.00;0.00;;7.20;0.00;DOGGER;SFB3318;LL395;Bohus-Malmön;;Y;SFB3318;N;Y;N;;;FX;;GND, SB;26.47;0.00;Wood;;1976-01-01;4M1;1962-01-01;;1997-10-20
SWE000001323;;SWE;;;0.92;0.00;0.00;;6.30;0.00;No name;SFB3335;GG814;Käringön;;Y;SFB3335;N;Y;N;;;FX;;FPO, GNS;7.35;0.00;Wood;;1976-01-01;4M1;1952-01-01;;2002-01-22
SWE000001324;;SWE;;;2.12;0.00;0.00;;8.20;0.00;ÅSA;SFB3336;LL414;Grundsund;;Y;SFB3336;N;Y;N;;;FX;;FPO;47.79;0.00;Fiber/Plastic;;1976-01-01;4M1;1973-01-01;;2000-10-26
SWE000001334;;SWE;;;3.06;0.00;0.00;;7.10;0.00;VÄDERÖ II;SFB3348;SD400;Hamburgsund;;Y;SFB3348;N;Y;N;;;FX;;FPO;14.71;0.00;Wood;;1976-01-01;MFL;1969-01-01;;2016-05-20
SWE000001353;;SWE;;;3.89;0.00;0.00;;9.50;0.00;SILVERÖ;SFB3370;SD52;Hamburgsund;;Y;SFB3370;N;Y;N;;;FX;;FPO;35.29;0.00;Wood;;1976-01-01;MFL;1952-01-01;;2013-03-24
SWE000001359;;SWE;;;1.80;0.00;0.00;;7.00;0.00;BORKUM;SFB3376;LL206;Mollösund;;Y;SFB3376;N;Y;N;;;FX;;LTL, FPO;24.26;0.00;Wood;;1976-01-01;MFL;1955-01-01;;2009-04-03
SWE000001364;;SWE;;;3.74;0.00;0.00;;7.00;0.00;BRILL;SFB3384;LL58;Mollösund;;Y;SFB3384;N;Y;N;;;FX;;GNS;26.00;0.00;Wood;;1994-08-16;4M1;1950-01-01;;1997-08-22
SWE000001368;;SWE;;;5.85;0.00;0.00;;9.00;0.00;TUMLAREN III;SFB3388;LL603;Smögen;;Y;SFB3388;N;Y;N;;;FX;;FPO, GND;29.41;0.00;Wood;;1976-01-01;4M1;1959-01-01;;2002-12-23
SWE000001375;;SWE;;;1.31;0.00;0.00;;7.20;0.00;KENT;SFB3397;LL66;Fisketången;;Y;SFB3397;N;Y;N;;;FX;;FPO, LTL;11.03;0.00;Wood;;1976-01-01;MFL;1952-01-01;;2003-03-02
SWE000001380;;SWE;;;9.84;0.00;0.00;;10.00;0.00;FREY;SFB3404;LL30;Smögen;;Y;SFB3404;N;Y;N;;;FX;;GNS, GND;33.82;0.00;Wood;;1976-01-01;MFL;1890-01-01;;2003-03-15
SWE000001427;;SWE;;;2.81;0.00;0.00;;7.60;0.00;TORINO;SFB3462;MÖ10;Limhamn;;Y;SFB3462;N;Y;N;;;FX;;GNS;19.85;0.00;Wood;;1993-08-09;4M1;1947-01-01;1998-06-22;
SWE000001431;;SWE;;;4.80;0.00;0.00;;9.00;0.00;JENNY;SFB3467;MÖ1058;Limhamn;;Y;SFB3467;N;Y;N;;;FX;;FPO, GNS;18.38;0.00;Wood;;1976-01-01;MFL;1958-01-01;;2005-04-13
SWE000001434;;SWE;;;2.39;0.00;0.00;;6.14;0.00;No name;SFB3470;HG56;Häljaröd;;Y;SFB3470;N;Y;N;;;FX;;FPO;7.35;0.00;Fiber/Plastic;;1975-12-31;MFL;1971-01-01;;
SWE000001441;;SWE;;;4.45;0.00;0.00;;7.50;0.00;MARIA;SFB3478;TG9;Smygehamn;;Y;SFB3478;N;Y;N;;;FX;;GNS;14.71;0.00;Wood;;1986-05-06;MFL;1973-01-01;;2004-12-03
SWE000001445;;SWE;;;3.86;0.00;0.00;;8.00;0.00;RITA;SFB3484;MÖ545;Limhamn;;Y;SFB3484;N;Y;N;;;FX;;GNS;10.29;0.00;Wood;;1976-01-01;4M1;1934-01-01;2002-07-02;
SWE000001446;;SWE;;;5.24;0.00;0.00;;8.20;0.00;EMELIE;SFB3485;MÖ94;Limhamn;;Y;SFB3485;N;Y;N;;;FX;;FPO, GNS;22.06;0.00;Wood;;1976-01-01;4M1;1963-01-01;2001-01-10;
SWE000001447;;SWE;;;3.76;0.00;0.00;;8.00;0.00;SABBINA;SFB3486;YD9;Kåseberga;;Y;SFB3486;N;Y;N;;;FX;;GNS, GND;11.76;0.00;Wood;;1976-01-01;4M1;1967-01-01;;1997-08-30
SWE000001448;;SWE;;;3.54;0.00;0.00;;7.61;0.00;NÄCKEN;SFB3487;MÖ22;Klagshamn;;Y;SFB3487;N;Y;N;;;FX;;GNS, FPO;33.82;0.00;Fiber/Plastic;;1976-01-01;4M1;1938-01-01;;1997-07-07
SWE000001454;;SWE;;;2.93;0.00;0.00;;8.00;0.00;LATIKA;SFB3493;HG151;Råå;;Y;SFB3493;N;Y;N;;;FX;;GNS;14.71;0.00;Wood;;1976-01-01;4M1;1942-01-01;;1997-10-05
SWE000001457;265667690;SWE;;;8.93;0.00;0.00;;9.60;0.00;VANJA;SFB3498;MÖ29;Limhamn;;Y;SFB3498;N;Y;Y;;;FX;;GNS;36.76;0.00;Wood;;1976-01-01;MFL;1969-01-01;;2020-11-28
SWE000001459;;SWE;;;3.86;0.00;0.00;;8.00;0.00;No name;SFB3500;MÖ3;Limhamn;;Y;SFB3500;N;Y;N;;;FX;;FPO, GNS;14.71;0.00;Wood;;1976-01-01;F32;1937-01-01;;1996-06-13
SWE000001464;;SWE;;;5.68;0.00;0.00;;8.30;0.00;MIRANDA;SFB3506;KA11;Hasslö;;Y;SFB3506;N;Y;N;;;FX;;PS, GNS;14.71;0.00;Wood;;1976-01-01;MFL;1936-01-01;;2014-07-01
SWE000001465;;SWE;;;2.13;0.00;0.00;;7.50;0.00;ULRICA;SFB3507;MÖ36;Malmö;;Y;SFB3507;N;;;;;FX;;FPO, LLS;11.76;0.00;Wood;;1976-01-01;4M1;1936-01-01;;1997-10-27
SWE000001470;;SWE;;;6.24;0.00;0.00;;8.50;0.00;ANJA;SFB3514;KA65;Hästholmen;;Y;SFB3514;N;Y;N;;;FX;;GNS;63.97;0.00;Wood;;1976-01-01;4M1;1966-01-01;;2001-10-02
SWE000001474;;SWE;;;2.01;0.00;0.00;;7.20;0.00;OLE;SFB3518;GG1090;Fotö;;Y;SFB3518;N;Y;N;;;FX;;GNS, FPO;14.71;0.00;Wood;;1976-01-01;4M1;1968-01-01;;1999-05-26
SWE000001484;;SWE;;;5.77;0.00;0.00;;8.95;0.00;CANDYA;SFB3530;SIN102;Skillinge;;Y;SFB3530;N;Y;N;;;FX;;GNS, LLS;36.76;0.00;Wood;;1976-01-01;F31;1938-01-01;1996-07-01;
SWE000001485;;SWE;;;2.96;0.00;0.00;;7.20;0.00;MARIE;SFB3531;TG57;Gislövs Läge;;Y;SFB3531;N;Y;N;;;FX;;GNS, NO;16.18;0.00;Fiber/Plastic;;1976-01-01;MFL;1967-01-01;;2020-07-08
SWE000001500;;SWE;;;5.06;0.00;0.00;;8.50;0.00;TOSCANA;SFB3547;KR136;Böda;;Y;SFB3547;N;Y;N;;;FX;;GNS;66.18;0.00;Wood;;1975-12-31;MFL;1958-01-01;;
SWE000001507;;SWE;;;2.39;0.00;0.00;;6.14;0.00;No name;SFB3554;HG173;Höganäs;;Y;SFB3554;N;Y;N;;;FX;;FPO, GNS;5.88;0.00;Fiber/Plastic;;1975-12-31;MFL;1969-01-01;;
SWE000001508;;SWE;;;0.95;0.00;0.00;;6.95;0.00;CARINA;SFB3555;GG952;Önnered;;Y;SFB3555;N;Y;N;;;FX;;LTL, FPO;7.35;0.00;Wood;;1976-01-01;MFL;1949-01-01;;2015-03-27
SWE000001515;;SWE;;;2.32;0.00;0.00;;6.90;0.00;ANN;SFB3562;MÖ42;Klagshamn;;Y;SFB3562;N;Y;N;;;FX;;GNS;18.38;0.00;Fiber/Plastic;;1976-01-01;4M1;1974-01-01;;1999-01-07
SWE000001517;;SWE;;;0.52;0.00;0.00;;6.20;0.00;RONJA;SFB3565;MÖ147;Klagshamn;;Y;SFB3565;N;Y;N;;;FX;;FPO, GNS;18.38;0.00;Wood;;1989-10-03;4M1;1965-01-01;;1999-10-20
SWE000001518;;SWE;;;2.93;0.00;0.00;;8.00;0.00;CAMILLA;SFB3566;MÖ83;Limhamn;;Y;SFB3566;N;Y;N;;;FX;;GNS;18.38;0.00;Wood;;1976-01-01;4M1;1941-01-01;;1999-03-30
SWE000001524;;SWE;;;3.89;0.00;0.00;;8.00;0.00;No name;SFB3572;MÖ881;Limhamn;;Y;SFB3572;N;Y;N;;;FX;;FPO, GNS;14.71;0.00;Wood;;1976-01-01;4M1;1938-01-01;;2000-04-27
SWE000001537;;SWE;;;3.15;0.00;0.00;;7.30;0.00;EJDERN;SFB3587;NG11;Hummelvik;;Y;SFB3587;N;Y;N;;;FX;;GNS, FPO;14.71;0.00;Wood;;1976-01-01;F32;1937-01-01;;1996-06-10
SWE000001541;;SWE;;;4.06;0.00;0.00;;8.90;0.00;BRIS;SFB3591;NG18;Hummelvik;;Y;SFB3591;N;Y;N;;;FX;;GNS, OTB;22.06;0.00;Wood;;1975-12-31;MFL;1947-01-01;;
SWE000001545;;SWE;;;7.64;0.00;0.00;;10.50;0.00;WINDY;SFB3599;VK49;Västervik;;Y;SFB3599;N;Y;N;;;FX;;GNS, LHP;101.00;0.00;Wood;;1981-09-07;MFL;1944-01-01;;2009-05-02
SWE000001546;;SWE;;;6.98;0.00;0.00;;9.80;0.00;SEAGULL;SFB3600;NG30;Hummelvik;;Y;SFB3600;N;Y;N;;;FX;;GNS;18.38;0.00;Wood;;1976-01-01;MFL;1947-01-01;;2004-04-29
SWE000001549;;SWE;;;4.40;0.00;0.00;;8.22;0.00;MARIE;SFB3604;VY4;Vändburg;;Y;SFB3604;N;Y;N;;;FX;;GNS;22.06;0.00;Wood;;1976-01-01;MFL;1973-01-01;;2003-10-30
SWE000001556;;SWE;;;7.30;0.00;0.00;;10.50;0.00;No name;SFB3612;NRG114;Bokö;;Y;SFB3612;N;Y;N;;;FX;;GNS, NO;33.82;0.00;Wood;;1976-01-01;F32;1955-01-01;;1996-11-13
SWE000001557;;SWE;;;2.81;0.00;0.00;;7.60;0.00;MIA;SFB3613;NRG116;Skenäs;;Y;SFB3613;N;Y;N;;;FX;;FPO;14.71;0.00;Wood;;1976-01-01;4M1;1935-01-01;;2002-02-22
SWE000001559;;SWE;;;6.42;0.00;0.00;;9.20;0.00;EKÖ;SFB3617;NRG123;Gryt;;Y;SFB3617;N;Y;N;;;FX;;GNS;18.38;0.00;Wood;;1976-01-01;4M1;1948-01-01;;1999-08-29
SWE000001563;;SWE;;;4.16;0.00;0.00;;9.00;0.00;MANDALAY;SFB3622;NRG15;Järstad;;Y;SFB3622;N;Y;N;;;FX;;FPO, GNS;14.71;0.00;Wood;;1976-01-01;MFL;1950-01-01;;2003-08-30
SWE000001571;;SWE;;;4.19;0.00;0.00;;7.50;0.00;POLAR;SFB3631;ON22;"Saltvik"", Oskarshamn";;Y;SFB3631;N;Y;N;;;FX;;FPO, GNS;16.91;0.00;Wood;;1976-01-01;4M1;1953-01-01;;2001-10-02
SWE000001572;;SWE;;;15.07;0.00;0.00;;10.60;0.00;DAGNY;SFB3632;NRG25;Kvarsebo;;Y;SFB3632;N;Y;N;;;FX;;GNS;52.21;0.00;Wood;;1976-01-01;MFL;1952-01-01;;2005-03-01
SWE000001575;;SWE;;;5.24;0.00;0.00;;9.60;0.00;MARINA;SFB3635;NRG28;Aspöja;;Y;SFB3635;N;Y;N;;;FX;;FPO;88.24;0.00;Wood;;1975-12-31;MFL;1962-01-01;;
SWE000001576;;SWE;;;3.45;0.00;0.00;;8.30;0.00;RAMONA;SFB3636;NRG29;Aspöja;;Y;SFB3636;N;Y;N;;;FX;;FPO;14.71;0.00;Wood;;1976-01-01;F32;1951-01-01;;1996-10-01
SWE000001578;;SWE;;;4.54;0.00;0.00;;8.80;0.00;No name;SFB3639;NRG31;Jonsberg;;Y;SFB3639;N;Y;N;;;FX;;FPO, GNS;60.00;0.00;Wood;;1976-01-01;MFL;1948-01-01;;2009-08-31
SWE000001585;;SWE;;;2.74;0.00;0.00;;7.05;0.00;WIVA;SFB3646;VY75;Slite;;Y;SFB3646;N;Y;N;;;FX;;GNS, NO;18.38;0.00;Wood;;1995-05-08;4M1;1969-01-01;;1999-02-10
SWE000001596;;SWE;;;2.75;0.00;0.00;;8.20;0.00;No name;SFB3657;NRG9;Aspöja;;Y;SFB3657;N;Y;N;;;FX;;FPO, GNS;16.18;0.00;Wood;;1976-01-01;4M1;1942-01-01;;2000-01-01
SWE000001605;;SWE;;;3.77;0.00;0.00;;8.40;0.00;JENNY;SFB3669;KR14;Kårehamn;;Y;SFB3669;N;Y;N;;;FX;;GNS;22.79;0.00;Wood;;1976-01-01;MFL;1943-01-01;;2003-10-16
SWE000001607;;SWE;;;5.76;0.00;0.00;;9.00;0.00;No name;SFB3672;ON87;Örö;;Y;SFB3672;N;Y;N;;;FX;;FPO;25.01;0.00;Wood;;1976-01-01;MFL;1946-01-01;;2019-01-24
SWE000001613;;SWE;;;1.96;0.00;0.00;;6.60;0.00;INGER;SFB3678;SD100;;;Y;SFB3678;N;;;;;FX;;FPO;14.71;0.00;Wood;;1976-01-01;MFL;1955-01-01;;
SWE000001635;;SWE;;;0.36;0.00;0.00;;6.00;0.00;ANCY;SFB3705;SD119;"Viken"", Tanum";;Y;SFB3705;N;Y;N;;;FX;;PS, FPO;3.68;0.00;Wood;;1976-01-01;MFL;1933-01-01;;2013-04-11
SWE000001637;;SWE;;;4.65;0.00;0.00;;9.00;0.00;ARGO II;SFB3707;SD312;Syd-Koster;;Y;SFB3707;N;Y;N;;;FX;;FPO, LTL;17.65;0.00;Wood;;1976-01-01;4M1;1947-01-01;;1999-02-04
SWE000001642;;SWE;;;2.53;0.00;0.00;;6.90;0.00;PER;SFB3712;SD127;Tegelstrand;;Y;SFB3712;N;Y;N;;;FX;;FPO;7.35;0.00;Wood;;1976-01-01;MFL;1951-01-01;;2004-06-25
SWE000001650;;SWE;;;0.69;0.00;0.00;;6.50;0.00;No name;SFB3723;SD138;Långesjö;;Y;SFB3723;N;Y;N;;;FX;;FPO;5.88;0.00;Wood;;1976-01-01;4M4;1935-01-01;;1997-09-01
SWE000001677;;SWE;;;1.53;0.00;0.00;;7.20;0.00;ANNA;SFB3759;SD180;Strömstad;;Y;SFB3759;N;Y;N;;;FX;;FPO, NO;26.47;0.00;Wood;;1976-01-01;4M1;1950-01-01;;1999-06-28
SWE000001680;;SWE;;;0.92;0.00;0.00;;6.30;0.00;SIAM;SFB3763;SD220;Hamburgsund;;Y;SFB3763;N;Y;N;;;FX;;LTL, FPO;7.35;0.00;Wood;;1976-01-01;F32;1950-01-01;;1996-09-20
SWE000001683;;SWE;;;1.59;0.00;0.00;;7.62;0.00;No name;SFB3767;LL453;Lysekil;;Y;SFB3767;N;Y;N;;;FX;;GND, GNS;22.79;0.00;Fiber/Plastic;;1976-01-01;4M1;1971-01-01;;1998-01-21
SWE000001686;;SWE;;;1.22;0.00;0.00;;7.00;0.00;KERSTIN;SFB3772;SD194;Grebbestad;;Y;SFB3772;N;Y;N;;;FX;;FPO, LTL;13.24;0.00;Wood;;1975-12-31;MFL;1963-01-01;;
SWE000001687;;SWE;;;2.03;0.00;0.00;;6.30;0.00;LIBERTY;SFB3773;SD195;Grebbestad;;Y;SFB3773;N;Y;N;;;FX;;FPO;13.24;0.00;Wood;;1976-01-01;F32;1954-01-01;;1996-10-12
SWE000001691;;SWE;;;4.59;0.00;0.00;;7.45;0.00;LAIKA;SFB3778;SD2;Nord-Koster;;Y;SFB3778;N;Y;N;;;FX;;FPO;22.06;0.00;Wood;;1976-01-01;MFL;1959-01-01;;2013-03-01
SWE000001695;;SWE;;;3.70;0.00;0.00;;7.60;0.00;BALDER;SFB3784;SD399;Resö;;Y;SFB3784;N;Y;N;;;FX;;FPO;55.16;0.00;Wood;;1976-01-01;MFL;1951-01-01;;2021-03-25
SWE000001697;;SWE;;;0.35;0.00;0.00;;5.50;0.00;ELIN;SFB3786;SD207;Resö;;Y;SFB3786;N;Y;N;;;FX;;FPO, NO;2.94;0.00;Wood;;1976-01-01;MFL;1931-01-01;;2011-09-08
SWE000001702;;SWE;;;0.47;0.00;0.00;;6.00;0.00;JOHAN;SFB3792;SD214;Hamburgsund;;Y;SFB3792;N;Y;N;;;FX;;LTL, GNS;7.35;0.00;Wood;;1976-01-01;4M1;1945-01-01;;1998-08-08
SWE000001705;;SWE;;;0.63;0.00;0.00;;6.60;0.00;ELSA;SFB3796;SD219;Edsvik;;Y;SFB3796;N;Y;N;;;FX;;FPO, LTL;4.41;0.00;Wood;;1976-01-01;MFL;1957-01-01;;2023-07-03
SWE000001716;;SWE;;;2.28;0.00;0.00;;7.20;0.00;KARIN;SFB3809;SD231;Strömstad;;Y;SFB3809;N;Y;N;;;FX;;FPO;22.06;0.00;Wood;;1976-01-01;MFL;1967-01-01;;2007-10-03
SWE000001717;;SWE;;;4.46;0.00;0.00;;7.20;0.00;MARY;SFB3810;SD232;Krossekärr;;Y;SFB3810;N;Y;N;;;FX;;FPO, GNS;8.82;0.00;Wood;;1976-01-01;4M1;1964-01-01;;1998-08-09
SWE000001732;;SWE;;;2.49;0.00;0.00;;7.50;0.00;BODIL;SFB3827;SD252;Tjärnö;;Y;SFB3827;N;Y;N;;;FX;;FPO;7.35;0.00;Wood;;1976-01-01;4M1;1949-01-01;;1998-10-04
SWE000001736;;SWE;;;1.22;0.00;0.00;;7.00;0.00;ELSY;SFB3832;SD26;Tjärnö;;Y;SFB3832;N;Y;N;;;FX;;FPO;7.35;0.00;Wood;;1976-01-01;MFL;1934-01-01;;2005-12-02
SWE000001737;;SWE;;;2.05;0.00;0.00;;6.70;0.00;TÄRNAN;SFB3833;SD254;Havstenssund;;Y;SFB3833;N;Y;N;;;FX;;FPO;5.88;0.00;Wood;;1976-01-01;MFL;1963-01-01;;2009-05-06
SWE000001738;;SWE;;;6.82;0.00;0.00;;9.50;0.00;VANJA;SFB3834;SD263;Lindholmen;;Y;SFB3834;N;Y;N;;;FX;;OTB, FPO;38.97;0.00;Wood;;1976-01-01;MFL;1936-01-01;;2003-03-02
SWE000001740;;SWE;;;0.54;0.00;0.00;;6.30;0.00;AINA;SFB3837;SD267;Långesjö;;Y;SFB3837;N;Y;N;;;FX;;FPO, NO;7.35;0.00;Wood;;1976-01-01;MFL;1942-01-01;;2013-01-28
SWE000001749;;SWE;;;18.13;13.00;0.00;;11.40;0.00;BRATTVÅG;SFB3849;SD278;Syd-Koster;;Y;SFB3849;N;Y;N;;;FX;;OTB;168.38;0.00;Wood;;1976-01-01;MFL;1932-01-01;;2004-05-14
SWE000001765;;SWE;;;1.15;0.00;0.00;;7.00;0.00;BERIT;SFB3869;SD3;Tjärnö;;Y;SFB3869;N;Y;N;;;FX;;FPO, LTL;19.85;0.00;Wood;;1976-01-01;MFL;1960-01-01;;2014-08-12
SWE000001768;;SWE;;;20.18;0.00;0.00;;6.30;0.00;ERIKA;SFB3873;SD303;Långesjö;;Y;SFB3873;N;Y;N;;;FX;;FPO, NO;5.88;0.00;Wood;;1976-01-01;4M1;1966-01-01;;1998-05-05
SWE000001770;;SWE;;;1.15;0.00;0.00;;7.00;0.00;THORE;SFB3876;SD307;Kämpersvik;;Y;SFB3876;N;N;N;;;FX;;FPO;7.35;0.00;Wood;;1976-01-01;MFL;1963-01-01;;2024-12-13
SWE000001802;;SWE;;;1.75;0.00;0.00;;7.60;0.00;BJÖRN;SFB3916;SD35;Hamburgsund;;Y;SFB3916;N;Y;N;;;FX;;LTL, GNS;14.71;0.00;Wood;;1976-01-01;4M1;1951-01-01;;2000-02-22
SWE000001813;;SWE;;;4.49;0.00;0.00;;9.30;0.00;BIIA;SFB3928;SD4;Hamburgsund;;Y;SFB3928;N;Y;N;;;FX;;FPO, NO;42.65;0.00;Wood;;1976-01-01;4M1;1948-01-01;;2001-03-21
SWE000001819;;SWE;;;0.89;0.00;0.00;;6.50;0.00;ANJA;SFB3936;SD428;Havstenssund;;Y;SFB3936;N;Y;N;;;FX;;FPO, LTL;11.76;0.00;Wood;;1976-01-08;MFL;1976-01-01;;2008-05-02
SWE000001826;;SWE;;;0.42;0.00;0.00;;6.10;0.00;LILL;SFB3944;SD493;"Viken"", Tanum";;Y;SFB3944;N;Y;N;;;FX;;FPO, LTL;5.15;0.00;Wood;;1976-01-01;MFL;1959-01-01;;2013-12-02
SWE000001827;;SWE;;;2.91;0.00;0.00;;7.00;0.00;CLIPTON;SFB3945;SD5;Fjällbacka;;Y;SFB3945;N;Y;N;;;FX;;LTL, FPO;16.18;0.00;Wood;;1976-01-01;MFL;1963-01-01;;2011-03-03
SWE000001837;;SWE;;;0.40;0.00;0.00;;5.70;0.00;LENA;SFB3961;SD652;Resö;;Y;SFB3961;N;Y;N;;;FX;;FPO, GNS;3.68;0.00;Wood;;1976-01-01;4M1;1967-01-01;;1999-08-23
SWE000001844;;SWE;;;3.30;0.00;0.00;;7.10;0.00;DIANA;SFB3969;SD70;Hamburgsund;;Y;SFB3969;N;Y;N;;;FX;;FPO, LTL;7.35;0.00;Wood;;1976-01-01;4M1;1955-01-01;;2001-03-04
SWE000001848;;SWE;;;2.07;0.00;0.00;;5.80;0.00;ELIDA;SFB3973;SD719;Hamburgsund;;Y;SFB3973;N;Y;N;;;FX;;FPO;16.18;0.00;Wood;;1976-01-01;MFL;1946-01-01;;2010-02-04
SWE000001849;;SWE;;;1.97;0.00;0.00;;6.50;0.00;No name;SFB3974;SD72;Hamburgön;;Y;SFB3974;N;Y;N;;;FX;;FPO;7.35;0.00;Wood;;1976-01-01;4M1;1952-01-01;;1999-08-31
SWE000001855;;SWE;;;1.78;0.00;0.00;;7.50;0.00;KRISTINA;SFB3983;SD761;Syd-Koster;;Y;SFB3983;N;Y;N;;;FX;;FPO;14.71;0.00;Wood;;1993-05-10;MFL;1971-01-01;;2012-11-26
SWE000001868;;SWE;;;0.89;0.00;0.00;;6.50;0.00;BRIS;SFB3997;SD83;Grebbestad;;Y;SFB3997;N;Y;N;;;FX;;FPO;7.35;0.00;Wood;;1976-01-01;4M1;1972-01-01;;2002-09-26
SWE000001872;;SWE;;;2.24;0.00;0.00;;6.70;0.00;LAILA;SFB4003;SD85;Hamburgsund;;Y;SFB4003;N;Y;N;;;FX;;FPO;13.24;0.00;Wood;;1976-01-01;4M1;1973-01-01;;2002-02-03
SWE000001882;;SWE;;;1.38;0.00;0.00;;7.50;0.00;FRAM;SFB4013;SD9;Strömstad;;Y;SFB4013;N;Y;N;;;FX;;FPO;7.35;0.00;Wood;;1976-01-01;4M1;1965-01-01;;1999-06-22
SWE000001892;;SWE;;;2.87;0.00;0.00;;7.00;0.00;BRUDEN;SFB4024;SD98;Syd-Koster;;Y;SFB4024;N;Y;N;;;FX;;FPO, NO;26.47;0.00;Wood;;1976-01-01;4M1;1958-01-01;;2001-05-01
SWE000001894;;SWE;;;1.46;0.00;0.00;;6.10;0.00;MAUD;SFB4026;SD99;Hamburgsund;;Y;SFB4026;N;Y;N;;;FX;;FPO, NO;7.35;0.00;Wood;;1976-01-01;MFL;1972-01-01;;2018-11-03
SWE000001898;;SWE;;;6.43;0.00;0.00;;9.80;0.00;VÅGSPEL;SFB4031;VY115;Ronehamn;;Y;SFB4031;N;Y;N;;;FX;;GNS, GND;68.38;0.00;Metal;;1976-01-01;4M1;1973-01-01;;
SWE000001902;;SWE;;;3.73;0.00;0.00;;7.35;0.00;HENNY;SFB4035;SG131;Hörvik;;Y;SFB4035;N;Y;N;;;FX;;GNS, GND;14.71;0.00;Wood;;1976-01-01;4M1;1970-01-01;;2000-01-01
SWE000001903;;SWE;;;4.80;0.00;0.00;;8.40;0.00;RISÖ;SFB4036;GG3;;;Y;SFB4036;N;;;;;FX;;FPO;14.71;0.00;Wood;;1976-01-01;MFL;1967-01-01;;2011-10-26
SWE000001904;;SWE;;;2.06;0.00;0.00;;6.00;0.00;MONA;SFB4037;SG18;Hörvik;;Y;SFB4037;N;Y;N;;;FX;;FPO, GNS;16.18;0.00;Wood;;1975-12-31;MFL;1952-01-01;;
SWE000001907;;SWE;;;16.44;0.00;0.00;;11.40;0.00;BELTANA;SFB4040;SG30;Hanö;;Y;SFB4040;N;Y;N;;;FX;;GNS, GND;57.35;0.00;Wood;;1976-01-01;MFL;1954-01-01;;2003-08-28
SWE000001908;;SWE;;;10.98;0.00;0.00;;10.40;0.00;DIANA;SFB4041;SG20;Krokås;;Y;SFB4041;N;Y;N;;;FX;;GNS, NO;36.76;0.00;Wood;;1976-01-01;MFL;1961-01-01;;2009-07-04
SWE000001909;;SWE;;;12.75;0.00;0.00;;11.00;0.00;MARI;SFB4042;SG33;Hällevik;;Y;SFB4042;N;Y;N;;;FX;;GNS, FPO;91.91;0.00;Wood;;1976-01-01;4M1;1963-01-01;;1999-06-18
SWE000001910;;SWE;;;7.59;0.00;0.00;;9.60;0.00;PÄRLAN;SFB4043;SG162;Nogersund;;Y;SFB4043;N;Y;N;;;FX;;GNS, LHP;26.47;0.00;Wood;;1994-09-12;4M1;1945-01-01;;1999-03-30
SWE000001913;;SWE;;;7.54;0.00;0.00;;9.20;0.00;GLITTRAN;SFB4047;SG42;Krokås;;Y;SFB4047;N;Y;N;;;FX;;GNS, GND;38.97;0.00;Wood;;1976-01-01;4M1;1945-01-01;;1999-01-19
SWE000001914;;SWE;;;1.29;0.00;0.00;;6.10;0.00;VIGGEN;SFB4048;MÖ123;Malmö;;Y;SFB4048;N;;;;;FX;;GNS;16.18;0.00;Fiber/Plastic;;1976-01-01;4M1;1975-01-01;;1998-04-08
SWE000001918;;SWE;;;10.59;0.00;0.00;;10.05;0.00;STJÄRNAN 2;SFB4053;SG90;Hanö;;Y;SFB4053;N;Y;N;;;FX;;LHP, GNS;38.97;0.00;Wood;;1976-01-01;MFL;1969-01-01;;2019-01-27
SWE000001920;;SWE;;;9.31;0.00;0.00;;9.60;0.00;RAMONA;SFB4055;SG57;Hörvik;;Y;SFB4055;N;Y;N;;;FX;;GNS, GND;38.97;0.00;Wood;;1976-01-01;MFL;1949-01-01;;2008-08-29
SWE000001921;;SWE;;;5.71;0.00;0.00;;9.90;0.00;ANITA;SFB4056;SG70;"Valje"", Sölvesborg";;Y;SFB4056;N;Y;N;;;FX;;GNS, GND;38.97;0.00;Wood;;1976-01-01;F31;1957-01-01;;1996-06-22
SWE000001925;;SWE;;;6.75;0.00;0.00;;9.60;0.00;NAJADEN;SFB4061;SM4;Grisslehamn;;Y;SFB4061;N;Y;N;;;FX;;GNS, LHP;44.12;0.00;Wood;;1976-01-01;MFL;1955-01-01;;2011-11-07
SWE000001926;;SWE;;;4.21;0.00;0.00;;8.60;0.00;SUMATRA;SFB4062;GG533;Donsö;;Y;SFB4062;N;Y;N;;;FX;;FPO;52.94;0.00;Wood;;1976-01-01;MFL;1968-01-01;;2013-05-14
SWE000001928;;SWE;;;3.54;0.00;0.00;;7.50;0.00;TÄRNAN;SFB4064;VY16;Närshamn;;Y;SFB4064;N;Y;N;;;FX;;GNS;16.18;0.00;Wood;;1976-01-01;MFL;1966-01-01;;2010-04-07
SWE000001930;;SWE;;;8.34;0.00;0.00;;10.00;0.00;ANNA;SFB4066;KA134;Simrishamn;;Y;SFB4066;N;Y;N;;;FX;;GNS;26.48;0.00;Wood;;1976-01-01;MFL;1954-01-01;;2019-02-27
SWE000001931;;SWE;;;9.58;0.00;0.00;;10.60;0.00;EVALILL;SFB4067;SG73;Krokås;;Y;SFB4067;N;Y;N;;;FX;;GNS, LHP;66.18;0.00;Wood;;1976-01-01;MFL;1964-01-01;;2015-08-25
SWE000001932;;SWE;;;11.55;0.00;0.00;;10.90;0.00;MONICA;SFB4068;KR20;Bläsinge;;Y;SFB4068;N;Y;N;;;FX;;GNS;59.56;0.00;Wood;;1976-01-01;MFL;1955-01-01;;2007-03-02
SWE000001935;;SWE;;;9.01;0.00;0.00;;9.70;0.00;ROSA;SFB4071;SIN5;Skillinge;;Y;SFB4071;N;Y;N;;;FX;;GNS;59.56;0.00;Wood;;1976-01-01;4M1;1955-01-01;2001-06-28;
SWE000001937;;SWE;;;7.91;0.00;0.00;;8.96;0.00;CAROLA;SFB4073;NG91;Oxelösund;;Y;SFB4073;N;Y;N;;;FX;;FPO, GNS;61.78;0.00;Wood;;1976-01-01;MFL;1947-01-01;;2024-06-11
SWE000001942;;SWE;;;5.04;0.00;0.00;;9.00;0.00;KATARINA;SFB4078;SL24;"Spikarna"", Alnön";;Y;SFB4078;N;Y;N;;;FX;;FPO, GNS;35.00;0.00;Wood;;1992-04-30;4M1;1947-01-01;2002-11-18;
SWE000001943;;SWE;;;10.30;0.00;0.00;;10.60;0.00;BRIS;SFB4079;SL17;Tynderö;;Y;SFB4079;N;Y;N;;;FX;;GNS;82.35;0.00;Wood;;1987-06-04;4M1;1987-01-01;;1997-07-01
SWE000001965;;SWE;;;3.27;0.00;0.00;;7.90;0.00;SPÄTTAN;SFB4103;KR81;Böda;;Y;SFB4103;N;Y;N;;;FX;;GNS;24.26;0.00;Wood;;1976-01-01;MFL;1951-01-01;;2011-09-29
SWE000001969;;SWE;;;5.27;0.00;0.00;;9.10;0.00;HAMRA;SFB4108;VG60;Galtabäck;;Y;SFB4108;N;Y;N;;;FX;;GNS;18.38;0.00;Wood;;1976-01-01;MFL;1953-01-01;;2003-05-05
SWE000001984;;SWE;;;8.93;0.00;0.00;;11.00;0.00;MARLENE;SFB4126;SM177;Greece;;Y;SFB4126;N;N;N;;;FX;;GNS;73.53;0.00;Fiber/Plastic;;1976-01-01;MFL;1957-01-01;;2018-09-29
SWE000001991;;SWE;;;9.32;0.00;0.00;;10.00;0.00;ULLA-MONA;SFB4134;SM27;Möja;;Y;SFB4134;N;Y;N;;;FX;;GNS;92.65;0.00;Wood;;1976-01-01;4M1;1946-01-01;;1997-06-27
SWE000001998;;SWE;;;3.38;0.00;0.00;;8.50;0.00;VIWI;SFB4147;KR275;Degerhamn;;Y;SFB4147;N;Y;N;;;FX;;GNS, FPO;52.94;0.00;Wood;;1995-03-31;MFL;1940-01-01;;2003-11-07
SWE000001999;265813970;SWE;;;2.61;0.00;0.00;;8.40;0.00;KAJSA;SFB4148;SM42;Möja;;Y;SFB4148;N;Y;Y;;;FX;;GNS;36.76;0.00;Wood;;1975-12-31;MFL;1957-01-01;;
SWE000002006;;SWE;;;5.14;0.00;0.00;;9.00;0.00;WENTLAND;SFB4157;SM182;Nynäshamn;;Y;SFB4157;N;Y;N;;;FX;;GNS;16.91;0.00;Wood;;1976-01-01;MFL;1951-01-01;;2005-05-12
SWE000002008;;SWE;;;7.17;0.00;0.00;;10.00;0.00;IDA;SFB4159;SM57;Ormön;;Y;SFB4159;N;Y;N;;;FX;;GNS;44.12;0.00;Wood;;1976-01-01;4M1;1960-01-01;;2002-03-11
SWE000002009;;SWE;;;7.26;0.00;0.00;;10.70;0.00;EVA;SFB4160;SM58;Ormön;;Y;SFB4160;N;Y;N;;;FX;;GNS;25.00;0.00;Wood;;1976-01-01;MFL;1955-01-01;;2013-11-11
SWE000002014;;SWE;;;10.78;0.00;0.00;;11.90;0.00;DYNING;SFB4166;SM52;Öregrund;;Y;SFB4166;N;Y;N;;;FX;;GNS;35.29;0.00;Wood;;2005-01-02;MFL;1961-01-01;;
SWE000002016;;SWE;;;13.63;0.00;0.00;;11.50;0.00;SUNVI;SFB4168;SM10;Rävsnäs;;Y;SFB4168;N;Y;N;;;FX;;GNS, LLD;77.21;0.00;Wood;;1976-01-01;MFL;1969-01-01;;2007-02-04
SWE000002018;;SWE;;;9.07;0.00;0.00;;11.00;0.00;ANETT;SFB4170;SM67;Grisslehamn;;Y;SFB4170;N;Y;N;;;FX;;GNS, FPO;99.26;0.00;Fiber/Plastic;;1976-01-01;MFL;1956-01-01;;2018-10-02
SWE000002021;;SWE;;;4.17;0.00;0.00;;9.00;0.00;No name;SFB4175;SM72;Fälön;;Y;SFB4175;N;Y;N;;;FX;;GNS;11.76;0.00;Wood;;1976-01-01;F32;1938-01-01;1996-07-16;
SWE000002045;;SWE;;;7.32;0.00;0.00;;9.90;0.00;SILVERVÅG;SFB4204;SM156;Herräng;;Y;SFB4204;N;Y;N;;;FX;;GNS;73.53;0.00;Wood;;1976-01-01;MFL;1961-01-01;;2018-03-09
SWE000002055;;SWE;;;2.68;0.00;0.00;;8.40;0.00;No name;SFB4215;SN4;Skärså;;Y;SFB4215;N;Y;N;;;FX;;GNS, NO;26.47;0.00;Wood;;1976-01-01;MFL;1967-01-01;;2005-06-22
SWE000002058;;SWE;;;4.69;0.00;0.00;;8.64;0.00;No name;SFB4219;SN7;Skärså;;Y;SFB4219;N;Y;N;;;FX;;GNS, FPO;25.74;0.00;Wood;;1976-01-01;4M1;1947-01-01;;2001-03-04
SWE000002059;;SWE;;;10.90;0.00;0.00;;10.50;0.00;SILVANA;SFB4220;TG1;Gislövs Läge;;Y;SFB4220;N;Y;N;;;FX;;GNS, LHP;66.18;0.00;Wood;;1976-01-01;F31;1952-01-01;;
SWE000002060;;SWE;;;0.97;0.00;0.00;;6.30;0.00;No name;SFB4221;TG10;Beddinge Strand;;Y;SFB4221;N;Y;N;;;FX;;FPO, GNS;18.38;0.00;Wood;;1976-01-01;4M1;1973-01-01;;1998-10-23
SWE000002072;;SWE;;;1.27;0.00;0.00;;5.90;0.00;No name;SFB4240;TG24;Beddinge Strand;;Y;SFB4240;N;Y;N;;;FX;;FPO, GNS;7.35;0.00;Wood;;1976-01-01;4M1;1958-01-01;;1998-10-23
SWE000002078;;SWE;;;0.98;0.00;0.00;;6.00;0.00;No name;SFB4248;SIN119;Skillinge;;Y;SFB4248;N;Y;N;;;FX;;FPO, NO;8.82;0.00;Wood;;1975-12-31;MFL;1962-01-01;;
SWE000002086;;SWE;;;5.91;0.00;0.00;;9.30;0.00;SILVANA;SFB4257;FG19;Falkenberg;;Y;SFB4257;N;Y;N;;;FX;;GNS;18.38;0.00;Wood;;1976-01-01;4M1;1953-01-01;1999-02-11;
SWE000002115;;SWE;;;3.38;0.00;0.00;;8.50;0.00;DELFINEN;SFB4297;GG946;Särö;;Y;SFB4297;N;Y;N;;;FX;;GNS, FPO;16.18;0.00;Wood;;1976-01-01;4M1;1964-01-01;;1999-01-01
SWE000002116;;SWE;;;0.80;0.00;0.00;;6.00;0.00;GERDA;SFB4298;SD587;Havstenssund;;Y;SFB4298;N;Y;N;;;FX;;FPO;7.35;0.00;Wood;;1975-12-31;MFL;1969-01-01;;
SWE000002118;;SWE;;;1.19;0.00;0.00;;6.40;0.00;SVERIGE;SFB4300;UA495;Stocken;;Y;SFB4300;N;Y;N;;;FX;;GNS, FPO;13.24;0.00;Wood;;1976-01-01;4M1;1974-01-01;;2001-09-26
SWE000002138;;SWE;;;2.01;0.00;0.00;;7.20;0.00;KLINTSKÄR;SFB4324;VG75;Träslövsläge;;Y;SFB4324;N;Y;N;;;FX;;GNS;14.71;0.00;Wood;;1976-01-01;MFL;1971-01-01;;2021-05-12
SWE000002142;265031100;SWE;;;9.62;0.00;0.00;;9.80;0.00;RANSKÄR;SFB4328;VG11;Träslövsläge;;Y;SFB4328;N;Y;Y;;;FX;;OTB, NO;185.00;0.00;Wood;;1979-07-05;MFL;1935-01-01;;
SWE000002145;;SWE;;;1.53;0.00;0.00;;6.70;0.00;GOLIAT;SFB4331;LL458;Mollösund;;Y;SFB4331;N;Y;N;;;FX;;FPO, GNS;11.03;0.00;Wood;;1976-01-01;F32;1955-01-01;;1995-12-30
SWE000002160;;SWE;;;2.25;0.00;0.00;;6.00;0.00;MADELENE;SFB4350;VG56;Getterön;;Y;SFB4350;N;Y;N;;;FX;;FPO;16.18;0.00;Wood;;1976-01-01;MFL;1970-01-01;;2006-10-12
SWE000002163;;SWE;;;1.44;0.00;0.00;;6.90;0.00;HALSVIK;SFB4353;VG61;Videbergshamn;;Y;SFB4353;N;Y;N;;;FX;;SB, FPO;7.35;0.00;Wood;;1976-01-01;F32;1961-01-01;;1996-04-16
SWE000002166;;SWE;;;0.32;0.00;0.00;;5.60;0.00;LAXEN;SFB4356;VG69;Årnäs;;Y;SFB4356;N;Y;N;;;FX;;FPO, GNS;22.06;0.00;Wood;;1976-01-01;MFL;1961-01-01;2011-10-19;
SWE000002168;;SWE;;;2.52;0.00;0.00;;7.50;0.00;INGE-MARI;SFB4358;VG53;Bua;;Y;SFB4358;N;Y;N;;;FX;;FPO, LTL;26.47;0.00;Wood;;1975-12-31;MFL;1966-01-01;;2025-03-22
SWE000002174;;SWE;;;2.66;0.00;0.00;;6.57;0.00;BERIT;SFB4367;VG90;Getterön;;Y;SFB4367;N;Y;N;;;FX;;FPO;14.71;0.00;Wood;;1976-01-01;MFL;1971-01-01;;2013-03-05
SWE000002177;;SWE;;;0.44;0.00;0.00;;6.20;0.00;ÅLEN;SFB4372;VG99;Norra Näs;;Y;SFB4372;N;Y;N;;;FX;;FPO, NO;11.03;0.00;Wood;;1976-01-01;MFL;1963-01-01;;2013-02-12
SWE000002178;;SWE;;;9.41;0.00;0.00;;10.30;0.00;VIKING;SFB4373;VK111;Flatholmen;;Y;SFB4373;N;Y;N;;;FX;;GNS;18.39;0.00;Wood;;1976-01-01;MFL;1950-01-01;;2009-09-24
SWE000002182;;SWE;;;14.21;0.00;0.00;;11.60;0.00;CAPRI;SFB4379;VK136;Hasselö;;Y;SFB4379;N;Y;N;;;FX;;FPO, NO;113.00;0.00;Wood;;1976-01-01;MFL;1950-01-01;;2019-01-24
SWE000002183;;SWE;;;3.41;0.00;0.00;;8.00;0.00;No name;SFB4380;VK137;"Marsö"", Västervik";;Y;SFB4380;N;Y;N;;;FX;;FPO, GNS;16.18;0.00;Wood;;1976-01-01;MFL;1956-01-01;;2006-03-02
SWE000002188;;SWE;;;5.39;0.00;0.00;;9.00;0.00;No name;SFB4386;VK21;Östra Eknö;;Y;SFB4386;N;Y;N;;;FX;;FPO;11.03;0.00;Wood;;1975-12-31;MFL;1946-01-01;;
SWE000002189;;SWE;;;6.22;0.00;0.00;;9.10;0.00;No name;SFB4387;VK23;Östra Eknö;;Y;SFB4387;N;Y;N;;;FX;;FPO, GNS;52.94;0.00;Wood;;1975-12-31;MFL;1950-01-01;;
SWE000002190;;SWE;;;3.88;0.00;0.00;;8.20;0.00;No name;SFB4388;VK25;Flatholmen;;Y;SFB4388;N;Y;N;;;FX;;GNS;11.03;0.00;Wood;;1976-01-01;MFL;1940-01-01;;2015-09-26
SWE000002192;;SWE;;;5.59;0.00;0.00;;9.34;0.00;MÄRTA-MARIA;SFB4390;KR16;Böda;;Y;SFB4390;N;Y;N;;;FX;;GNS;36.00;0.00;Wood;;1976-01-01;MFL;1950-01-01;;2013-09-17
SWE000002193;;SWE;;;3.88;0.00;0.00;;8.20;0.00;TÄRNÖ;SFB4391;VK36;Sladö;;Y;SFB4391;N;Y;N;;;FX;;GNS;7.35;0.00;Wood;;1976-01-01;MFL;1940-01-01;;2007-03-02
SWE000002195;;SWE;;;10.14;0.00;0.00;;10.30;0.00;SANNA;SFB4393;TG6;Skåre;;Y;SFB4393;N;Y;N;;;FX;;GNS;58.84;0.00;Fiber/Plastic;;1976-01-01;MFL;1952-01-01;;2022-03-24
SWE000002201;;SWE;;;2.99;0.00;0.00;;8.20;0.00;DELFIN;SFB4401;VK81;Flatholmen;;Y;SFB4401;N;Y;N;;;FX;;GNS;33.09;0.00;Wood;;1976-01-01;MFL;1973-01-01;;2004-09-01
SWE000002203;;SWE;;;7.26;0.00;0.00;;9.60;0.00;HAVSÖ;SFB4403;VK85;Händelöp;;Y;SFB4403;N;Y;N;;;FX;;GNS, LHP;95.59;0.00;Wood;;1975-12-31;MFL;1946-01-01;;
SWE000002207;;SWE;;;10.69;0.00;0.00;;11.30;0.00;EVA;SFB4408;VY12;Visby;;Y;SFB4408;N;Y;N;;;FX;;GNS;51.47;0.00;Wood;;1976-01-01;MFL;1948-01-01;;2016-08-10
SWE000002208;;SWE;;;5.18;0.00;0.00;;8.70;0.00;BRITA;SFB4409;VY72;Slite;;Y;SFB4409;N;Y;N;;;FX;;GNS;26.47;0.00;Fiber/Plastic;;1990-02-15;MFL;1946-01-01;;2007-09-25
SWE000002210;;SWE;;;1.52;0.00;0.00;;7.18;0.00;DAMITAJO;SFB4411;VY14;Sysne;;Y;SFB4411;N;Y;N;;;FX;;GND, NO;13.24;0.00;Wood;;1976-01-01;4M1;1974-01-01;;1997-10-07
SWE000002211;;SWE;;;6.88;0.00;0.00;;10.00;0.00;BRITT;SFB4412;VY145;Lickershamn;;Y;SFB4412;N;Y;N;;;FX;;GNS, GND;18.38;0.00;Wood;;1976-01-01;4M1;1945-01-01;;1998-04-29
SWE000002213;;SWE;;;5.74;0.00;0.00;;9.40;0.00;VICKTOR;SFB4415;VY18;Gnisvärd;;Y;SFB4415;N;Y;N;;;FX;;GNS, LHP;22.06;0.00;Wood;;1976-01-01;MFL;1951-01-01;;2012-12-03
SWE000002214;;SWE;;;15.80;0.00;0.00;;10.80;0.00;RANDI;SFB4416;SIN70;Simrishamn;;Y;SFB4416;N;Y;N;;;FX;;GNS, LHP;66.18;0.00;Wood;;1990-10-22;MFL;1949-01-01;;2018-08-09
SWE000002215;;SWE;;;1.95;0.00;0.00;;7.50;0.00;MARIA;SFB4417;VY20;Slite;;Y;SFB4417;N;Y;N;;;FX;;GNS;22.06;0.00;Wood;;1976-01-01;MFL;1966-01-01;;2007-03-08
SWE000002219;;SWE;;;16.29;13.00;0.00;;11.53;0.00;TÄRNSKÄR;SFB4422;VY247;Ekeviken;;Y;SFB4422;N;Y;N;;;FX;;GNS;80.00;0.00;Wood;;1976-01-01;MFL;1969-01-01;;2019-07-06
SWE000002220;;SWE;;;16.16;0.00;0.00;;11.20;0.00;TONGA;SFB4423;VY3;Klintehamn;;Y;SFB4423;N;Y;N;;;FX;;GND, GNS;63.97;0.00;Wood;;1976-01-01;4M1;1952-01-01;;1997-06-28
SWE000002225;;SWE;;;10.01;0.00;0.00;;10.00;0.00;ANITA;SFB4428;VY31;Visby;;Y;SFB4428;N;Y;N;;;FX;;GNS;84.56;0.00;Wood;;1976-01-01;4M1;1969-01-01;;1998-04-29
SWE000002227;;SWE;;;6.69;0.00;0.00;;9.60;0.00;VERONA;SFB4430;VY44;Slite;;Y;SFB4430;N;Y;N;;;FX;;GNS;36.76;0.00;Wood;;1976-01-01;F32;1956-01-01;;1996-06-19
SWE000002234;;SWE;;;5.79;0.00;0.00;;8.60;0.00;VÄSTVÅG;SFB4438;SM218;Nynäshamn;;Y;SFB4438;N;Y;N;;;FX;;GNS;18.38;0.00;Wood;;1982-10-13;4M1;1961-01-01;;1999-06-29
SWE000002243;;SWE;;;1.68;0.00;0.00;;6.30;0.00;No name;SFB4452;YD3;Abbekås;;Y;SFB4452;N;Y;N;;;FX;;FPO, NO;11.03;0.00;Wood;;1976-01-01;MFL;1971-01-01;;2009-05-02
SWE000002251;;SWE;;;0.63;0.00;0.00;;6.30;0.00;SPUTNIK;SFB4461;YD47;Kåseberga;;Y;SFB4461;N;Y;N;;;FX;;LLS, GNS;18.38;0.00;Wood;;1976-01-01;F32;1958-01-01;1996-01-15;
SWE000002288;;SWE;;;3.05;0.00;0.00;;7.50;0.00;No name;SFB4508;VG36;Bua;;Y;SFB4508;N;Y;N;;;FX;;FPO, NO;55.15;0.00;Fiber/Plastic;;1976-01-01;4M1;1975-01-01;;2001-08-06
SWE000002295;;SWE;;;1.65;0.00;0.00;;6.70;0.00;SYLVIA;SFB4515;GG673;Vrångö;;Y;SFB4515;N;Y;N;;;FX;;FPO;14.71;0.00;Wood;;1976-01-01;4M1;1960-01-01;;1997-06-22
SWE000002298;265678200;SWE;;;6.21;11.00;0.00;;9.85;0.00;ISTUNDER;SFB4518;GG429;Dyrön;;Y;SFB4518;N;Y;Y;;;FX;;LTL, GND;160.00;0.00;Fiber/Plastic;;1994-08-31;MFL;1975-01-01;;
SWE000002299;;SWE;;;2.96;0.00;0.00;;7.85;0.00;EJDERN;SFB4519;GG554;Ölmanäs - Gårda Brygga;;Y;SFB4519;N;Y;N;;;FX;;FPO, GNS;47.79;0.00;Fiber/Plastic;;1976-01-01;4M1;1969-01-01;;2002-10-07
SWE000002336;;SWE;;;2.18;0.00;0.00;;8.00;0.00;LISELOTTE;SFB4566;GG898;Dyrön;;Y;SFB4566;N;Y;N;;;FX;;GNS;47.79;0.00;Wood;;1976-01-01;4M1;1965-01-01;;1997-08-23
SWE000002357;;SWE;;;2.71;0.00;0.00;;6.90;0.00;VIRGO;SFB4591;VG131;Träslövsläge;;Y;SFB4591;N;Y;N;;;FX;;FPO, GNS;22.00;0.00;Wood;;1975-12-31;MFL;1975-01-01;;
SWE000002359;;SWE;;;0.38;0.00;0.00;;5.60;0.00;GORM;SFB4594;HD47;Skälvik;;Y;SFB4594;N;Y;N;;;FX;;FPO, GNS;3.68;0.00;Fiber/Plastic;;1976-01-01;4M1;1975-01-01;;1997-07-06
SWE000002360;;SWE;;;2.24;0.00;0.00;;7.80;0.00;CARINA;SFB4595;HG19;Svanshall;;Y;SFB4595;N;Y;N;;;FX;;GNS;26.47;0.00;Fiber/Plastic;;1975-12-31;MFL;1974-01-01;;
SWE000002362;;SWE;;;4.56;0.00;0.00;;8.80;0.00;MIRJAM;SFB4597;VY128;Kappelshamn;;Y;SFB4597;N;Y;N;;;FX;;GNS, GND;58.82;0.00;Wood;;1976-01-01;4M1;1975-01-01;;2000-12-29
SWE000002363;;SWE;;;3.22;0.00;0.00;;7.80;0.00;RAN;SFB4598;KA79;Svanhalla;;Y;SFB4598;N;Y;N;;;FX;;FPO, GNS;16.18;0.00;Wood;;1976-01-01;MFL;1975-01-01;;2003-03-02
SWE000002364;;SWE;;;4.47;0.00;0.00;;8.05;0.00;SALMO;SFB4599;SIN103;Vik;;Y;SFB4599;N;Y;N;;;FX;;GNS, NO;22.06;0.00;Fiber/Plastic;;1976-01-01;MFL;1975-01-01;;2003-10-02
SWE000002365;;SWE;;;3.48;0.00;0.00;;7.92;0.00;EVA-MARIE;SFB4600;SG46;Hörvik;;Y;SFB4600;N;Y;N;;;FX;;FPO;18.38;0.00;Wood;;1975-12-31;MFL;1971-01-01;;
SWE000002366;;SWE;;;10.74;0.00;0.00;;9.80;0.00;CAROLA;SFB4601;KA306;Hasslö;;Y;SFB4601;N;Y;N;;;FX;;GNS, LHP;88.24;0.00;Wood;;1976-01-01;MFL;1949-01-01;;2012-10-29
SWE000002367;;SWE;;;5.78;0.00;0.00;;7.20;0.00;BALTIC;SFB4602;SG137;Hörvik;;Y;SFB4602;N;Y;N;;;FX;;GNS, GND;36.76;0.00;Wood;;1976-01-01;4M1;1950-01-01;;2001-10-29
SWE000002368;;SWE;;;6.62;0.00;0.00;;9.60;0.00;ANNA-LI;SFB4604;VG26;Galtabäck;;Y;SFB4604;N;Y;N;;;FX;;GNS, FPO;79.41;0.00;Wood;;1976-01-01;MFL;1958-01-01;;2018-07-12
SWE000002373;;SWE;;;4.63;0.00;0.00;;7.85;0.00;EVA;SFB4610;SG6;Hanö;;Y;SFB4610;N;Y;N;;;FX;;GNS, NO;26.47;0.00;Wood;;1976-01-01;MFL;1973-01-01;;2011-12-06
SWE000002375;;SWE;;;14.91;0.00;0.00;;11.69;0.00;FALKEN;SFB4613;FG3;Falkenberg;;Y;SFB4613;N;Y;N;;;FX;;GNS;66.18;0.00;Wood;;1976-01-01;4M1;1935-01-01;2001-01-01;
SWE000002380;;SWE;;;3.26;0.00;0.00;;7.50;0.00;SUNDA;SFB4619;KR61;Byxelkrok;;Y;SFB4619;N;Y;N;;;FX;;GNS, NO;16.18;0.00;Wood;;1976-01-01;4M1;1975-01-01;;2002-03-04
SWE000002390;;SWE;;;1.57;0.00;0.00;;7.00;0.00;FREJA;SFB4629;KR1;Byxelkrok;;Y;SFB4629;N;Y;N;;;FX;;FPO, GNS;33.00;0.00;Fiber/Plastic;;1997-06-18;MFL;1975-01-01;;
SWE000002394;;SWE;;;3.86;0.00;0.00;;9.00;0.00;LOKE;SFB4633;GG1005;Fotö;;Y;SFB4633;N;Y;N;;;FX;;FPO, LTL;70.00;0.00;Fiber/Plastic;;1993-08-16;MFL;1974-01-01;;2013-11-26
SWE000002397;;SWE;;;3.36;0.00;0.00;;6.80;0.00;MORGONBRIS;SFB4636;SD233;Strömstad;;Y;SFB4636;N;Y;N;;;FX;;FPO, NO;55.15;0.00;Fiber/Plastic;;1976-01-01;MFL;1974-01-01;;2005-02-19
SWE000002405;;SWE;;;1.41;0.00;0.00;;5.72;0.00;LINDA;SFB4646;UA20;Uddevalla;;Y;SFB4646;N;Y;N;;;FX;;FPO, NO;7.35;0.00;Fiber/Plastic;;1976-01-01;4M1;1974-01-01;;2002-10-08
SWE000002409;;SWE;;;1.50;0.00;0.00;;7.30;0.00;ALBERTINA;SFB4650;SD201;Resö;;Y;SFB4650;N;Y;N;;;FX;;OTB;27.94;0.00;Wood;;1976-01-01;4M1;1974-01-01;;1998-11-04
SWE000002418;;SWE;;;1.42;0.00;0.00;;6.10;0.00;TRINE;SFB4664;UA53;Hamburgsund;;Y;SFB4664;N;Y;N;;;FX;;FPO, LTL;7.35;0.00;Fiber/Plastic;;1976-01-01;4M1;1972-01-01;;1997-01-27
SWE000002422;;SWE;;;1.28;0.00;0.00;;6.60;0.00;HAMNERÖ;SFB4668;SD46;Hamburgsund;;Y;SFB4668;N;Y;N;;;FX;;FPO, SB;16.18;0.00;Wood;;1975-12-31;MFL;1973-01-01;;
SWE000002435;;SWE;;;3.11;0.00;0.00;;7.00;0.00;HELEN;SFB4682;GG913;Rönnäng;;Y;SFB4682;N;Y;N;;;FX;;FPO;18.38;0.00;Fiber/Plastic;;1976-01-01;4M1;1975-01-01;;1998-01-01
SWE000002441;;SWE;;;2.01;0.00;0.00;;7.60;0.00;MAGNUS;SFB4689;GG431;Önnered;;Y;SFB4689;N;Y;N;;;FX;;FPO, NO;16.18;0.00;Wood;;1976-01-01;4M1;1975-01-01;;2000-01-24
SWE000002444;;SWE;;;1.49;0.00;0.00;;7.00;0.00;MARGARETA;SFB4694;LL447;Fisketången;;Y;SFB4694;N;Y;N;;;FX;;FPO, LTL;16.91;0.00;Wood;;1976-01-01;4M1;1974-01-01;;1997-09-21
SWE000002445;;SWE;;;3.36;0.00;0.00;;8.50;0.00;FELINA;SFB4695;SD23;Strömstad;;Y;SFB4695;N;Y;N;;;FX;;FPO;60.00;0.00;Fiber/Plastic;;1976-01-01;MFL;1975-01-01;;2007-02-11
SWE000002448;;SWE;;;2.57;0.00;0.00;;7.50;0.00;MATILDA;SFB4698;NG13;Greece;;Y;SFB4698;N;N;N;;;FX;;GNS, LLS;22.06;0.00;Wood;;1976-01-01;MFL;1962-01-01;;2003-09-23
SWE000002449;;SWE;;;9.36;0.00;0.00;;9.90;0.00;ORMSKÄR;SFB4699;NG20;Greece;;Y;SFB4699;N;N;N;;;FX;;GNS, LLS;18.38;0.00;Wood;;1976-01-01;4M1;1966-01-01;;1998-06-05
SWE000002450;;SWE;;;7.36;0.00;0.00;;9.15;0.00;NELLIE;SFB4700;KA186;Hasslö;;Y;SFB4700;N;Y;N;;;FX;;GNS;58.82;0.00;Fiber/Plastic;;1983-01-14;MFL;1975-01-01;;2007-05-08
SWE000002451;265749580;SWE;;;20.65;0.00;0.00;;11.84;0.00;FALKEN;SFB4701;SD258;Strömstad;;Y;SFB4701;N;Y;Y;;;FX;;OTB, NO;183.82;0.00;Wood;;1975-12-31;MFL;1927-01-01;;
SWE000002455;;SWE;;;7.78;0.00;0.00;;9.45;0.00;BEATRICE;SFB4707;KR75;Gräsgård;;Y;SFB4707;N;Y;N;;;FX;;GNS, LHP;80.00;0.00;Wood;;1976-01-01;MFL;1931-01-01;;2017-05-02
SWE000002458;;SWE;;;4.82;0.00;0.00;;8.50;0.00;CRISMA;SFB4711;HG60;Höganäs;;Y;SFB4711;N;Y;N;;;FX;;GNS;34.56;0.00;Wood;;1976-01-01;MFL;1970-01-01;;2022-05-25
SWE000002464;;SWE;;;1.67;0.00;0.00;;6.50;0.00;No name;SFB4717;MÖ794;;;Y;SFB4717;N;N;N;;;FX;;GNS;7.35;0.00;Wood;;1989-06-02;MFL;1962-01-01;;2004-03-09
SWE000002465;;SWE;;;10.91;0.00;0.00;;10.00;0.00;ANN-CATRIN;SFB4718;KA1;Hasslö;;Y;SFB4718;N;Y;N;;;FX;;GNS;69.12;0.00;Wood;;1976-01-01;4M1;1953-01-01;;2001-02-13
SWE000002468;;SWE;;;1.16;0.00;0.00;;6.60;0.00;MIMMI;SFB4721;TG11;Malmö;;Y;SFB4721;N;;;;;FX;;GNS, NO;7.35;0.00;Wood;;1976-01-01;4M1;1965-01-01;;1997-10-14
SWE000002487;;SWE;;;3.05;0.00;0.00;;8.05;0.00;GRANÖ;SFB4744;GG675;Rönnäng;;Y;SFB4744;N;Y;N;;;FX;;GNS, NO;22.06;0.00;Fiber/Plastic;;1983-01-21;4M1;1975-01-01;;1998-10-15
SWE000002500;;SWE;;;0.63;0.00;0.00;;6.00;0.00;SKIPPY;SFB4758;LL182;Kungshamn;;Y;SFB4758;N;Y;N;;;FX;;FPO, GNS;5.88;0.00;Wood;;1976-01-01;4M1;1930-01-01;;1997-09-21
SWE000002507;;SWE;;;17.17;19.00;0.00;;11.66;0.00;BELOS;SFB4779;SD165;Klätta;;Y;SFB4779;N;Y;N;;;FX;;FPO, GNS;88.24;0.00;Wood;;1976-01-01;4M1;1945-01-01;;2000-01-01
SWE000002509;;SWE;;;8.13;7.00;0.00;;10.05;0.00;EKÖ;SFB4798;;Ronneby;;Y;SFB4798;N;Y;N;;;FX;;GNS, LHP;100.00;0.00;Wood;;1976-01-01;MFL;1968-01-01;;2014-07-25
SWE000002512;;SWE;;;9.92;0.00;0.00;;9.95;0.00;YENNY;SFB4835;HG35;Båstad;;Y;SFB4835;N;Y;N;;;FX;;GNS, NO;61.76;0.00;Fiber/Plastic;;1976-01-01;MFL;1975-01-01;;2019-10-01
SWE000002537;;SWE;;;2.59;0.00;0.00;;8.05;0.00;DELFIN;SFB4879;NRG70;Björkskär;;Y;SFB4879;N;Y;N;;;FX;;FPO, GNS;16.18;0.00;Fiber/Plastic;;1976-01-01;MFL;1975-01-01;;2009-12-24
SWE000002539;;SWE;;;3.51;0.00;0.00;;6.80;0.00;CAROLA;SFB4884;UA84;Strömstad;;Y;SFB4884;N;Y;N;;;FX;;FPO, GNS;26.47;0.00;Fiber/Plastic;;1976-01-01;F32;1974-01-01;;1996-12-03
SWE000002555;;SWE;;;2.44;0.00;0.00;;7.40;0.00;SILVIA;SFB4908;KR3;Grankullavik;;Y;SFB4908;N;Y;N;;;FX;;OTB, SDN;31.00;0.00;Fiber/Plastic;;1976-02-08;MFL;1975-01-01;;2025-04-09
SWE000002558;;SWE;;;2.44;0.00;0.00;;7.40;0.00;MARI-ANN;SFB4911;KA4;Hasslö;;Y;SFB4911;N;Y;N;;;FX;;GNS;15.44;0.00;Fiber/Plastic;;1976-02-10;MFL;1975-01-01;;2009-11-03
SWE000002559;;SWE;;;1.12;0.00;0.00;;7.25;0.00;MARTIN;SFB4912;NG25;Hummelvik;;Y;SFB4912;N;Y;N;;;FX;;GNS, FPO;18.38;0.00;Wood;;1976-02-10;MFL;1930-01-01;;2019-03-07
SWE000002569;;SWE;;;10.88;0.00;0.00;;10.80;0.00;VINDÖ;SFB4925;KR160;Gräsgård;;Y;SFB4925;N;Y;N;;;FX;;GNS, LHP;47.06;0.00;Wood;;1976-07-01;MFL;1963-01-01;;2008-01-21
SWE000002574;;SWE;;;1.88;0.00;0.00;;7.00;0.00;FIDRA III;SFB4932;HG10;Båstad;;Y;SFB4932;N;Y;N;;;FX;;GNS, FPO;26.47;0.00;Wood;;1976-03-15;MFL;1975-01-01;;2017-02-02
SWE000002590;;SWE;;;3.21;0.00;0.00;;8.05;0.00;DELFIN;SFB4948;SD384;Edsvik;;Y;SFB4948;N;Y;N;;;FX;;FPO, GNS;22.06;0.00;Fiber/Plastic;;1980-07-30;MFL;1976-01-01;;2005-07-22
SWE000002600;;SWE;;;3.11;0.00;0.00;;7.20;0.00;DYNING;SFB4961;KA14;Senoren;;Y;SFB4961;N;Y;N;;;FX;;GNS;26.47;0.00;Fiber/Plastic;;1976-03-30;MFL;1975-01-01;;
SWE000002605;;SWE;;;2.77;0.00;0.00;;6.85;0.00;MARINA;SFB4966;KA27;"Ekenabben"", Sturkö";;Y;SFB4966;N;Y;N;;;FX;;GNS, GND;26.47;0.00;Wood;;1976-04-07;MFL;1975-01-01;;2004-11-03
SWE000002606;;SWE;;;3.21;0.00;0.00;;7.40;0.00;EVA;SFB4967;KA28;"Ekenabben"", Sturkö";;Y;SFB4967;N;Y;N;;;FX;;GNS, LHP;25.74;0.00;Fiber/Plastic;;1976-04-06;MFL;1976-01-01;;
SWE000002608;;SWE;;;7.21;0.00;0.00;;9.20;0.00;MITZI;SFB4969;KA185;"Hallahamnen"", Hasslö";;Y;SFB4969;N;Y;N;;;FX;;GNS, NO;88.24;0.00;Wood;;1976-04-07;4M1;1949-01-01;2001-10-05;
SWE000002611;;SWE;;;6.89;0.00;0.00;;9.85;0.00;EMILYA;SFB4973;LL2;Lysekil;;Y;SFB4973;N;Y;N;;;FX;;FPO, GND;243.00;0.00;Fiber/Plastic;;1976-05-03;MFL;1976-01-01;;2017-01-11
SWE000002614;265039540;SWE;;;5.92;0.00;0.00;;10.50;0.00;TÄRNÖ;SFB4976;LÅ6;Hindersön;;Y;SFB4976;N;Y;Y;;;FX;;PTB, NO;147.06;0.00;Fiber/Plastic;;1976-12-29;MFL;1976-01-01;;
SWE000002616;;SWE;;;3.42;0.00;0.00;;7.50;0.00;CATHRIN;SFB4978;SIN16;Vitemölla;;Y;SFB4978;N;Y;N;;;FX;;GNS, GND;30.00;0.00;Wood;;1976-07-29;MFL;1975-01-01;2003-03-19;
SWE000002624;;SWE;;;4.91;0.00;0.00;;9.10;0.00;FORTUNA;SFB4998;GG409;Hönö;;Y;SFB4998;N;Y;N;;;FX;;GND, NO;52.94;0.00;Wood;;1976-01-01;MFL;1948-01-01;;2005-05-12
SWE000002625;;SWE;;;11.06;0.00;0.00;;10.70;0.00;ANJA;SFB4999;ÅS30;Åhus;;Y;SFB4999;N;Y;N;;;FX;;GNS;58.82;0.00;Wood;;1976-06-14;MFL;1943-01-01;;2008-12-13
SWE000002626;;SWE;;;6.05;0.00;0.00;;9.00;0.00;ENOCK;SFB5000;KR74;Bergkvara;;Y;SFB5000;N;Y;N;;;FX;;GNS, FPO;84.56;0.00;Metal;;1976-06-14;4M1;1976-01-01;1997-07-01;
SWE000002627;;SWE;;;2.45;0.00;0.00;;7.60;0.00;JESSICA;SFB5001;GG976;Dyrön;;Y;SFB5001;N;Y;N;;;FX;;FPO, NO;42.65;0.00;Fiber/Plastic;;1976-06-21;MFL;1975-01-01;;2014-07-29
SWE000002638;;SWE;;;6.23;0.00;0.00;;9.25;0.00;GUN-BRITT;SFB5014;NRG22;Aspöja;;Y;SFB5014;N;Y;N;;;FX;;GNS, LHP;32.35;0.00;Fiber/Plastic;;1976-08-04;MFL;1975-01-01;;2004-06-23
SWE000002641;;SWE;;;6.77;0.00;0.00;;8.53;0.00;ZANIA;SFB5018;HL50;Lönnånger;;Y;SFB5018;N;Y;N;;;FX;;GNS, NO;26.48;0.00;Fiber/Plastic;;1976-08-06;4M1;1975-01-01;;1999-06-22
SWE000002649;265687420;SWE;;;5.05;0.00;0.00;;9.65;0.00;ZOLANA;SFB5027;SG23;Hörvik;;Y;SFB5027;N;Y;Y;;;FX;;GNS, LHP;52.94;0.00;Fiber/Plastic;;1976-08-19;MFL;1976-01-01;;2020-05-08
SWE000002655;;SWE;;;13.00;0.00;0.00;;11.78;0.00;HAVET;SFB5035;SM28;Möja;;Y;SFB5035;N;Y;N;;;FX;;GNS, NO;40.45;0.00;Wood;;1976-09-22;MFL;1953-01-01;;2010-03-17
SWE000002669;;SWE;;;2.06;0.00;0.00;;7.40;0.00;BINGA;SFB5050;KR110;Byxelkrok;;Y;SFB5050;N;Y;N;;;FX;;GNS;24.26;0.00;Wood;;1976-09-29;MFL;1976-01-01;;2005-05-20
SWE000002671;;SWE;;;10.83;0.00;0.00;;10.82;0.00;HELLE-BO;SFB5052;MÖ141;Skanör;;Y;SFB5052;N;Y;N;;;FX;;GNS;110.29;0.00;Wood;;1976-09-29;MFL;1966-01-01;;
SWE000002673;265619680;SWE;;;7.75;0.00;0.00;;9.90;0.00;KAHJO;SFB5054;SD118;Havstenssund;;Y;SFB5054;N;Y;Y;;;FX;;FPO;112.00;0.00;Fiber/Plastic;;1976-09-30;MFL;1976-01-01;;
SWE000002674;;SWE;;;3.51;0.00;0.00;;8.10;0.00;LOLA DOLORES;SFB5055;SG4;Krokås;;Y;SFB5055;N;Y;N;;;FX;;FPO, LHP;8.82;0.00;Wood;;1999-02-19;4M1;1974-01-01;;1999-05-11
SWE000002684;;SWE;;;12.40;0.00;0.00;;10.60;0.00;TOAD;SFB5070;VY96;Herrvik;;Y;SFB5070;N;Y;N;;;FX;;GNS, NO;85.29;0.00;Metal;;1976-10-06;MFL;1976-01-01;;2009-02-24
SWE000002695;;SWE;;;2.74;0.00;0.00;;7.60;0.00;VINGA;SFB5083;GG345;Asperö;;Y;SFB5083;N;Y;N;;;FX;;GNS;26.47;0.00;Fiber/Plastic;;1976-11-16;4M1;1975-01-01;;1998-03-12
SWE000002696;;SWE;;;2.99;0.00;0.00;;7.60;0.00;JUNO;SFB5084;LL623;Kåröd;;Y;SFB5084;N;Y;N;;;FX;;FPO;64.71;0.00;Fiber/Plastic;;1976-11-23;4M1;1976-01-01;;1999-09-30
SWE000002702;;SWE;;;4.84;0.00;0.00;;9.12;0.00;ORION;SFB5090;GG749;Lerkil;;Y;SFB5090;N;Y;N;;;FX;;FPO;70.61;0.00;Fiber/Plastic;;1976-11-28;MFL;1975-01-01;;
SWE000002704;;SWE;;;2.43;0.00;0.00;;7.15;0.00;No name;SFB5092;ÖK4;Trysunda;;Y;SFB5092;N;Y;N;;;FX;;GNS;11.76;0.00;Wood;;1976-11-29;4M1;1967-01-01;;1999-08-30
SWE000002705;;SWE;;;1.43;0.00;0.00;;7.25;0.00;No name;SFB5093;ÖK5;Trysunda;;Y;SFB5093;N;Y;N;;;FX;;GNS;11.76;0.00;Wood;;1976-11-29;4M1;1960-01-01;;1997-12-29
SWE000002710;;SWE;;;0.64;0.00;0.00;;6.05;0.00;CAMILLA;SFB5100;GG88;Önnered;;Y;SFB5100;N;Y;N;;;FX;;FPO, NO;8.82;0.00;Fiber/Plastic;;1977-01-11;F32;1976-01-01;;1996-02-19
SWE000002712;;SWE;;;2.40;0.00;0.00;;6.80;0.00;SKALMAN;SFB5102;GG1000;Donsö;;Y;SFB5102;N;Y;N;;;FX;;LTL, FPO;36.76;0.00;Fiber/Plastic;;1976-12-23;MFL;1975-01-01;;2011-02-22
SWE000002717;;SWE;;;6.20;0.00;0.00;;10.20;0.00;ÖRSKÄR;SFB5110;SM49;Öregrund;;Y;SFB5110;N;Y;N;;;FX;;GNS;83.09;0.00;Metal;;1977-01-18;MFL;1976-01-01;;2008-03-26
SWE000002718;;SWE;;;6.27;0.00;0.00;;8.95;0.00;CINDY;SFB5111;SG89;Nogersund;;Y;SFB5111;N;Y;N;;;FX;;GNS, GND;22.06;0.00;Wood;;1977-01-18;MFL;1976-01-01;;2004-01-20
SWE000002720;;SWE;;;7.44;0.00;0.00;;10.06;0.00;LOTTEN;SFB5113;GG119;Donsö;;Y;SFB5113;N;Y;N;;;FX;;GND, GNS;147.06;0.00;Fiber/Plastic;;1977-01-21;MFL;1976-01-01;;2004-07-31
SWE000002724;;SWE;;;2.44;0.00;0.00;;7.85;0.00;FALKEN AF RÅÅ;SFB5117;HG87;Råå;;Y;SFB5117;N;Y;N;;;FX;;GNS, FPO;24.26;0.00;Fiber/Plastic;;1985-04-15;4M1;1976-01-01;;2001-01-16
SWE000002725;;SWE;;;4.33;0.00;0.00;;8.10;0.00;VIKSUND;SFB5118;SD699;Hamburgsund;;Y;SFB5118;N;Y;N;;;FX;;FPO, NO;22.06;0.00;Fiber/Plastic;;1977-01-27;MFL;1973-01-01;;2003-10-30
SWE000002726;;SWE;;;7.49;0.00;0.00;;10.50;0.00;PATRICIA II;SFB5119;KA202;"Sandhamn"", Karlskrona";;Y;SFB5119;N;Y;N;;;FX;;GNS;84.56;0.00;Metal;;1977-01-27;MFL;1974-01-01;;2016-06-29
SWE000002727;;SWE;;;2.98;0.00;0.00;;6.80;0.00;KAMI;SFB5120;GG324;Rönnäng;;Y;SFB5120;N;Y;N;;;FX;;GNS, FPO;16.18;0.00;Fiber/Plastic;;1995-01-23;F32;1976-01-01;;1996-09-14
SWE000002728;;SWE;;;2.79;0.00;0.00;;7.60;0.00;ELLINOR;SFB5121;SD276;Fjällbacka;;Y;SFB5121;N;Y;N;;;FX;;FPO, LTL;45.59;0.00;Fiber/Plastic;;1977-01-31;4M1;1977-01-01;;2000-10-26
SWE000002732;;SWE;;;3.64;0.00;0.00;;8.10;0.00;MOLLY;SFB5126;;Herrvik;;Y;SFB5126;N;Y;N;;;FX;;GNS, LHP;26.47;0.00;Wood;;1977-02-01;MFL;1975-01-01;;2015-10-24
SWE000002735;;SWE;;;20.70;0.00;0.00;;11.45;0.00;ELLINOR;SFB5130;NRG56;Tyrislöt;;Y;SFB5130;N;Y;N;;;FX;;GNS, LHP;44.12;0.00;Wood;;1977-02-02;MFL;1944-01-01;;2014-09-01
SWE000002743;;SWE;;;15.87;0.00;0.00;;11.75;0.00;No name;SFB5138;KA38;"Ekenabben"", Sturkö";;Y;SFB5138;N;Y;N;;;FX;;PS, GNS;147.06;0.00;Metal;;1977-02-07;4M3;1976-01-01;;1997-01-21
SWE000002747;;SWE;;;8.03;0.00;0.00;;9.00;0.00;FLORA;SFB5143;YD8;Ystad;;Y;SFB5143;N;Y;N;;;FX;;GNS, LLS;55.15;0.00;Wood;;1977-02-10;4M1;1970-01-01;1999-04-07;
SWE000002757;;SWE;;;2.72;0.00;0.00;;7.50;0.00;THERESE;SFB5156;SG108;Hörvik;;Y;SFB5156;N;Y;N;;;FX;;GND, GNS;16.18;0.00;Fiber/Plastic;;1977-02-24;4M1;1976-01-01;;1998-07-19
SWE000002759;;SWE;;;2.61;0.00;0.00;;7.82;0.00;BÖLJAN;SFB5159;SG79;Hörvik;;Y;SFB5159;N;Y;N;;;FX;;FPO, GND;18.38;0.00;Wood;;1977-02-25;MFL;1969-01-01;;2003-10-29
SWE000002760;;SWE;;;6.13;0.00;0.00;;10.50;0.00;TÄRNAN;SFB5161;SM149;Grisslehamn;;Y;SFB5161;N;Y;N;;;FX;;GNS, NO;58.82;0.00;Wood;;1977-02-25;4M1;1950-01-01;2002-10-19;
SWE000002762;;SWE;;;2.16;0.00;0.00;;6.40;0.00;ARIZONA;SFB5164;GG674;Stenungsund;;Y;SFB5164;N;Y;N;;;FX;;FPO, GNS;16.18;0.00;Wood;;1977-03-07;MFL;1977-01-01;;2014-03-10
SWE000002765;;SWE;;;2.77;0.00;0.00;;8.05;0.00;ANN-MARI;SFB5167;VY58;Lergrav;;Y;SFB5167;N;Y;N;;;FX;;GNS;22.06;0.00;Fiber/Plastic;;1977-03-08;4M1;1976-01-01;;2000-11-28
SWE000002775;;SWE;;;0.54;0.00;0.00;;5.70;0.00;INGRA;SFB5182;SD124;Grönemad;;Y;SFB5182;N;Y;N;;;FX;;FPO;8.82;0.00;Fiber/Plastic;;1977-03-15;MFL;1975-01-01;;2009-04-05
SWE000002779;;SWE;;;3.02;0.00;0.00;;6.30;0.00;SVANEN;SFB5188;NG71;Oxelösund;;Y;SFB5188;N;Y;N;;;FX;;GNS, FPO;10.29;0.00;Fiber/Plastic;;1977-03-14;4M1;1977-01-01;;1999-10-29
SWE000002783;;SWE;;;0.85;0.00;0.00;;7.00;0.00;JOHANNA;SFB5193;LA9;Barsebäckshamn;;Y;SFB5193;N;Y;N;;;FX;;FPO, GNS;11.03;0.00;Wood;;1977-03-18;4M1;1933-01-01;;1999-08-02
SWE000002786;;SWE;;;11.38;0.00;0.00;;10.39;0.00;ANNA-MARIA;SFB5196;LA137;Borstahusen;;Y;SFB5196;N;Y;N;;;FX;;GNS;71.32;0.00;Wood;;1977-03-22;MFL;1944-01-01;;2003-08-28
SWE000002787;;SWE;;;3.32;0.00;0.00;;7.10;0.00;OCEAN;SFB5197;FG12;Falkenberg;;Y;SFB5197;N;Y;N;;;FX;;GNS, LTL;22.06;0.00;Wood;;1977-03-24;4M1;1977-01-01;;2002-03-24
SWE000002796;;SWE;;;1.92;0.00;0.00;;7.65;0.00;OTTERÖN;SFB5211;LL22;Smögen;;Y;SFB5211;N;Y;N;;;FX;;FPO, LTL;26.47;0.00;Wood;;1976-01-01;4M1;1974-01-01;;2002-03-16
SWE000002806;;SWE;;;2.95;0.00;0.00;;7.50;0.00;LAGUN;SFB5223;VG111;Bua;;Y;SFB5223;N;Y;N;;;FX;;FPO, LTL;16.18;0.00;Wood;;1977-04-20;4M1;1972-01-01;;2002-03-04
SWE000002809;;SWE;;;6.42;0.00;0.00;;10.00;0.00;BIBBI;SFB5226;GE111;Gåsholma;;Y;SFB5226;N;Y;N;;;FX;;GNS, NO;66.18;0.00;Wood;;1977-04-21;MFL;1977-01-01;;2022-09-19
SWE000002814;;SWE;;;3.71;0.00;0.00;;8.85;0.00;SILVERVÅG;SFB5232;NRG7;Tyrislöt;;Y;SFB5232;N;Y;N;;;FX;;GNS;58.82;0.00;Fiber/Plastic;;1977-04-29;F32;1977-01-01;;1995-06-22
SWE000002815;;SWE;;;0.88;0.00;0.00;;6.20;0.00;INGER;SFB5233;GG1016;Åstol;;Y;SFB5233;N;Y;N;;;FX;;FPO, GNS;16.18;0.00;Fiber/Plastic;;1977-05-02;F32;1976-01-01;;1996-01-31
SWE000002818;;SWE;;;7.78;0.00;0.00;;9.80;0.00;ERNA-MARI;SFB5236;VY77;Närshamn;;Y;SFB5236;N;Y;N;;;FX;;GNS;50.00;0.00;Wood;;1977-05-03;MFL;1977-01-01;;2006-10-17
SWE000002820;;SWE;;;0.49;0.00;0.00;;6.10;0.00;HOMMBÅTEN;SFB5238;VK4;Händelöp;;Y;SFB5238;N;Y;N;;;FX;;FPO;16.18;0.00;Wood;;1977-05-09;MFL;1968-01-01;;
SWE000002823;;SWE;;;1.73;0.00;0.00;;6.80;0.00;SJÖBRIS;SFB5243;SG17;Sölvesborg;;Y;SFB5243;N;Y;N;;;FX;;GNS;18.38;0.00;Wood;;1977-05-12;4M1;1951-01-01;;1999-09-30
SWE000002824;;SWE;;;1.25;0.00;0.00;;6.90;0.00;ANDERSÖ;SFB5244;SG59;Sölvesborg;;Y;SFB5244;N;Y;N;;;FX;;GNS, LLS;7.35;0.00;Wood;;1977-05-13;F31;1971-01-01;;1996-04-11
SWE000002828;;SWE;;;6.40;0.00;0.00;;10.10;0.00;LOLITA II;SFB5248;NRG18;Långasjö;;Y;SFB5248;N;Y;N;;;FX;;GNS;63.97;0.00;Fiber/Plastic;;1977-05-24;4M1;1976-01-01;;2002-01-07
SWE000002831;;SWE;;;6.41;0.00;0.00;;9.00;0.00;ARAMIS;SFB5251;KA11;Hasslö;;Y;SFB5251;N;Y;N;;;FX;;GNS, LHP;50.00;0.00;Wood;;1977-05-25;MFL;1977-01-01;;2008-10-23
SWE000002834;265032630;SWE;;;5.13;0.00;0.00;;9.00;0.00;NATALIA;SFB5254;HA83;Storön;;Y;SFB5254;N;Y;Y;;;FX;;PTB, OTB;154.00;0.00;Fiber/Plastic;;1977-06-01;MFL;1977-01-01;;
SWE000002837;;SWE;;;6.05;0.00;0.00;;9.00;0.00;FLOURICH;SFB5258;GG479;Bleket;;Y;SFB5258;N;Y;N;;;FX;;GNS;44.12;0.00;Fiber/Plastic;;1977-06-06;MFL;1975-01-01;;2008-02-02
SWE000002843;;SWE;;;9.14;0.00;0.00;;9.15;0.00;DROTT;SFB5264;VY45;Klintehamn;;Y;SFB5264;N;Y;N;;;FX;;GNS, GND;14.71;0.00;Wood;;1977-06-07;MFL;1946-01-01;2004-01-09;
SWE000002844;;SWE;;;4.40;0.00;0.00;;8.10;0.00;BERGÖ;SFB5265;HG188;Höganäs;;Y;SFB5265;N;Y;N;;;FX;;GNS;34.56;0.00;Fiber/Plastic;;1977-06-07;4M1;1960-01-01;;1998-02-08
SWE000002853;;SWE;;;0.82;0.00;0.00;;6.30;0.00;CAMILLA;SFB5278;VG13;Träslövsläge;;Y;SFB5278;N;Y;N;;;FX;;GNS, LTL;7.35;0.00;Fiber/Plastic;;1977-06-16;4M1;1976-01-01;;1998-07-02
SWE000002861;;SWE;;;1.58;0.00;0.00;;6.30;0.00;SNOBBEN II;SFB5289;SD771;Strömstad;;Y;SFB5289;N;Y;N;;;FX;;FPO, LTL;20.00;0.00;Fiber/Plastic;;1977-06-29;MFL;1977-01-01;;
SWE000002862;;SWE;;;0.92;0.00;0.00;;5.60;0.00;ESTER;SFB5290;GG22;Fiskebäck;;Y;SFB5290;N;Y;N;;;FX;;LHP, GNS;18.38;0.00;Wood;;1977-06-30;MFL;1975-01-01;;2010-05-06
SWE000002871;;SWE;;;2.88;0.00;0.00;;6.80;0.00;CHARLOTTA;SFB5318;GG434;Marstrand;;Y;SFB5318;N;Y;N;;;FX;;FPO, GNS;25.74;0.00;Fiber/Plastic;;1977-07-05;4M1;1977-01-01;;1998-09-14
SWE000002873;;SWE;;;0.52;0.00;0.00;;5.40;0.00;RULLE;SFB5320;SD758;Havstenssund;;Y;SFB5320;N;Y;N;;;FX;;FPO, NO;7.35;0.00;Wood;;1977-07-06;F32;1974-01-01;;1995-08-02
SWE000002879;;SWE;;;2.32;0.00;0.00;;7.50;0.00;THYRA;SFB5327;SG349;Krokås;;Y;SFB5327;N;Y;N;;;FX;;GNS, LHP;26.47;0.00;Wood;;1989-09-04;4M1;1976-01-01;;2001-09-02
SWE000002885;;SWE;;;4.71;0.00;0.00;;9.20;0.00;BASIC;SFB5334;YD55;Ystad;;Y;SFB5334;N;Y;N;;;FX;;GNS, LHP;36.76;0.00;Wood;;1990-09-11;MFL;1962-01-01;;2010-01-14
SWE000002888;;SWE;;;3.63;0.00;0.00;;7.00;0.00;INA;SFB5337;SG62;Hanö;;Y;SFB5337;N;Y;N;;;FX;;GNS, NO;16.18;0.00;Wood;;1977-08-17;4M1;1977-01-01;;1999-08-09
SWE000002891;;SWE;;;8.62;0.00;0.00;;10.80;0.00;THEA;SFB5341;FG22;Falkenberg;;Y;SFB5341;N;Y;N;;;FX;;GNS, OTB;77.21;0.00;Metal;;1977-08-18;F32;1976-01-01;1996-03-21;
SWE000002898;;SWE;;;1.39;0.00;0.00;;6.05;0.00;GRÖNVIK;SFB5352;SL9;Alnön;;Y;SFB5352;N;Y;N;;;FX;;FPO, GNS;45.59;0.00;Fiber/Plastic;;1977-08-25;MFL;1976-01-01;;2016-05-23
SWE000002901;;SWE;;;6.89;0.00;0.00;;9.00;0.00;UTTERN;SFB5356;SD822;Långesjö;;Y;SFB5356;N;Y;N;;;FX;;FPO, GNS;73.53;0.00;Wood;;1977-08-29;MFL;1963-01-01;;2003-04-10
SWE000002905;;SWE;;;0.75;0.00;0.00;;6.40;0.00;ARKÖ;SFB5360;GG685;Skärhamn;;Y;SFB5360;N;Y;N;;;FX;;FPO;13.24;0.00;Fiber/Plastic;;1977-08-31;4M1;1975-01-01;;2001-01-24
SWE000002906;265724460;SWE;;;14.20;0.00;0.00;;11.89;0.00;DIANA;SFB5361;NG28;Oxelösund;;Y;SFB5361;N;Y;Y;;;FX;;GNS, LHP;110.00;0.00;Wood;;1977-09-01;MFL;1935-01-01;;2017-10-20
SWE000002913;;SWE;;;2.73;0.00;0.00;;7.00;0.00;No name;SFB5368;VK57;Idö;;Y;SFB5368;N;Y;N;;;FX;;GND, NO;26.47;0.00;Fiber/Plastic;;1977-09-06;4M1;1974-01-01;;1999-02-10
SWE000002919;;SWE;;;5.82;0.00;0.00;;10.50;0.00;SANNA;SFB5375;HA82;Pålänge;;Y;SFB5375;N;Y;N;;;FX;;PTB, GNS;113.97;0.00;Metal;;1977-09-14;MFL;1977-01-01;;2003-09-20
SWE000002920;;SWE;;;2.47;0.00;0.00;;7.60;0.00;SIMONA;SFB5376;VY112;Botvaldevik;;Y;SFB5376;N;Y;N;;;FX;;GNS;20.59;0.00;Wood;;1977-09-15;MFL;1968-01-01;;2017-03-08
SWE000002921;;SWE;;;4.46;0.00;0.00;;7.50;0.00;FRANS-JOSEF;SFB5378;KR77;Grankullavik;;Y;SFB5378;N;Y;N;;;FX;;GNS, FPO;26.47;0.00;Wood;;1977-09-16;MFL;1977-01-01;;2006-04-28
SWE000002925;;SWE;;;7.01;0.00;0.00;;9.25;0.00;GARPEN;SFB5382;ON8;Greece;;Y;SFB5382;N;;;;;FX;;GNS;58.82;0.00;Fiber/Plastic;;1977-09-19;MFL;1977-01-01;;
SWE000002926;;SWE;;;1.92;0.00;0.00;;7.60;0.00;MAX;SFB5383;SD217;Resö;;Y;SFB5383;N;Y;N;;;FX;;FPO, GNS;58.82;0.00;Fiber/Plastic;;1977-09-19;4M1;1977-01-01;;1997-11-14
SWE000002930;;SWE;;;0.64;0.00;0.00;;6.05;0.00;MARIE;SFB5389;LL266;Kungshamn;;Y;SFB5389;N;Y;N;;;FX;;FPO, NO;36.76;0.00;Fiber/Plastic;;1977-09-23;4M1;1973-01-01;;1999-07-02
SWE000002935;;SWE;;;5.98;0.00;0.00;;9.14;0.00;MINERVA;SFB5394;MÖ109;Klagshamn;;Y;SFB5394;N;Y;N;;;FX;;GNS;22.06;0.00;Wood;;1977-09-30;4M1;1945-01-01;1998-01-27;
SWE000002936;;SWE;;;2.33;0.00;0.00;;6.30;0.00;GLIMT;SFB5395;SD340;Fjällbacka;;Y;SFB5395;N;Y;N;;;FX;;FPO, NO;18.38;0.00;Wood;;1977-10-05;MFL;1960-01-01;;2004-06-01
SWE000002940;;SWE;;;2.76;0.00;0.00;;8.50;0.00;LAXEN;SFB5400;GE4;Gåsholma;;Y;SFB5400;N;Y;N;;;FX;;GNS;34.56;0.00;Wood;;1977-10-12;MFL;1959-01-01;;2015-04-20
SWE000002948;;SWE;;;2.16;0.00;0.00;;6.10;0.00;No name;SFB5408;HG32;Arild;;Y;SFB5408;N;Y;N;;;FX;;GNS;8.82;0.00;Wood;;1977-10-13;MFL;1950-01-01;;2006-10-21
SWE000002952;;SWE;;;3.15;0.00;0.00;;7.20;0.00;DEISY;SFB5413;SIN9;Simrishamn;;Y;SFB5413;N;Y;N;;;FX;;GNS, NO;33.09;0.00;Fiber/Plastic;;1977-10-18;MFL;1977-01-01;;2006-05-13
SWE000002956;;SWE;;;7.79;0.00;0.00;;9.96;0.00;HJÄLMAREN;SFB5417;GG139;Lerkil;;Y;SFB5417;N;Y;N;;;FX;;FPO;183.82;0.00;Fiber/Plastic;;1977-10-23;MFL;1976-01-01;;
SWE000002959;265027530;SWE;;;8.17;0.00;0.00;;9.50;0.00;BONITA;SFB5421;GG33;Donsö;;Y;SFB5421;N;Y;Y;;;FX;;FPO, LHP;50.00;0.00;Wood;;1977-10-25;MFL;1977-01-01;;2024-05-29
SWE000002967;;SWE;;;1.92;0.00;0.00;;7.60;0.00;DANÖ 2;SFB5429;GG1206;Fiskebäck;;Y;SFB5429;N;Y;N;;;FX;;GND, GNS;91.91;0.00;Fiber/Plastic;;1977-11-03;MFL;1977-01-01;;2013-04-26
SWE000002969;;SWE;;;8.42;0.00;0.00;;10.05;0.00;VÄSTERÖ;SFB5431;SD179;Hamburgsund;;Y;SFB5431;N;Y;N;;;FX;;FPO, OTB;132.35;0.00;Fiber/Plastic;;1977-11-07;MFL;1977-01-01;;2006-12-14
SWE000002975;;SWE;;;5.89;0.00;0.00;;9.42;0.00;TRITON AF SIMRISHAMN;SFB5437;SIN11;Simrishamn;;Y;SFB5437;N;Y;N;;;FX;;GNS;132.35;0.00;Wood;;1977-11-10;4M1;1922-01-01;1999-04-19;
SWE000002979;;SWE;;;5.45;0.00;0.00;;9.00;0.00;TÄRNAN;SFB5447;HA34;Nikkala;;Y;SFB5447;N;Y;N;;;FX;;PTB, NO;88.24;0.00;Fiber/Plastic;;1977-12-02;4M3;1977-01-01;;2002-02-01
SWE000002981;;SWE;;;3.59;0.00;0.00;;8.85;0.00;MATILDE;SFB5449;HA133;Sören;;Y;SFB5449;N;Y;N;;;FX;;GNS;58.82;0.00;Fiber/Plastic;;1977-11-17;MFL;1977-01-01;;
SWE000002982;;SWE;;;3.86;0.00;0.00;;9.00;0.00;WALLE;SFB5450;LL34;Hasselösund;;Y;SFB5450;N;Y;N;;;FX;;GNS, FPO;91.18;0.00;Metal;;1977-11-21;4M1;1977-01-01;;2001-10-01
SWE000002983;;SWE;;;3.59;0.00;0.00;;6.90;0.00;SMIGG;SFB5451;GG738;Vrångö;;Y;SFB5451;N;Y;N;;;FX;;FPO, GND;26.47;0.00;Fiber/Plastic;;1977-11-20;MFL;1977-01-01;;
SWE000002984;;SWE;;;1.68;0.00;0.00;;6.80;0.00;MAJ-LIS;SFB5452;GG389;Vrångö;;Y;SFB5452;N;Y;N;;;FX;;FPO;44.85;0.00;Fiber/Plastic;;1977-11-22;MFL;1977-01-01;;2012-03-22
SWE000002986;;SWE;;;2.06;0.00;0.00;;7.60;0.00;CAROLINE;SFB5455;SD294;Sannäs;;Y;SFB5455;N;Y;N;;;FX;;FPO, GNS;46.32;0.00;Fiber/Plastic;;1977-11-24;4M1;1976-01-01;;2001-12-13
SWE000002987;;SWE;;;4.77;0.00;0.00;;8.00;0.00;RITA;SFB5456;SD443;Havstenssund;;Y;SFB5456;N;Y;N;;;FX;;PS, NO;84.56;0.00;Wood;;1977-11-28;MFL;1972-01-01;;2011-10-28
SWE000002991;;SWE;;;3.76;0.00;0.00;;8.90;0.00;SANDÖN;SFB5461;LÅ41;Sandön;;Y;SFB5461;N;Y;N;;;FX;;PTB, FPO;91.91;0.00;Fiber/Plastic;;1977-12-05;4M3;1976-01-01;;2000-10-31
SWE000002993;;SWE;;;3.26;0.00;0.00;;7.20;0.00;LINNEA;SFB5465;GG216;Dyrön;;Y;SFB5465;N;Y;N;;;FX;;GNS;30.00;0.00;Fiber/Plastic;;1977-12-07;MFL;1977-01-01;;2023-10-27
SWE000002994;;SWE;;;9.80;0.00;0.00;;10.30;0.00;LIZONA;SFB5466;LA85;Ålabodarna;;Y;SFB5466;N;Y;N;;;FX;;GTR, GNS;62.50;0.00;Wood;;1977-12-12;MFL;1958-01-01;;2011-09-16
SWE000003002;;SWE;;;3.33;0.00;0.00;;7.40;0.00;BISCAYA;SFB5475;KA2;"Aspö"", Karlskrona";;Y;SFB5475;N;Y;N;;;FX;;GNS;16.18;0.00;Fiber/Plastic;;1977-12-29;MFL;1977-01-01;;2021-12-21
SWE000003005;;SWE;;;4.32;0.00;0.00;;9.00;0.00;TISTLA;SFB5479;GG52;Vrångö;;Y;SFB5479;N;Y;N;;;FX;;FPO;58.84;0.00;Fiber/Plastic;;1978-01-09;MFL;1976-01-01;;2022-08-10
SWE000003006;;SWE;;;8.92;0.00;0.00;;9.25;0.00;BETTAN;SFB5480;SM29;Stora Risten;;Y;SFB5480;N;N;N;;;FX;;GNS, LHP;53.68;0.00;Metal;;1978-01-12;MFL;1977-01-01;;2025-01-16
SWE000003010;;SWE;;;1.62;0.00;0.00;;7.40;0.00;ROSE-MARIE;SFB5485;GG757;Klädesholmen;;Y;SFB5485;N;Y;N;;;FX;;GNS;26.47;0.00;Fiber/Plastic;;1978-01-18;4M1;1977-01-01;;2000-11-02
SWE000003021;;SWE;;;4.11;0.00;0.00;;8.95;0.00;TRITON;SFB5496;KR54;Bläsinge;;Y;SFB5496;N;Y;N;;;FX;;GNS;45.59;0.00;Fiber/Plastic;;1978-02-01;MFL;1977-01-01;;
SWE000003030;;SWE;;;5.30;0.00;0.00;;8.42;0.00;AFRODITE;SFB5509;SM199;Dalarö;;Y;SFB5509;N;Y;N;;;FX;;FPO, GNS;24.26;0.00;Fiber/Plastic;;1978-02-13;4M1;1977-01-01;;2001-10-01
SWE000003031;;SWE;;;1.78;0.00;0.00;;7.10;0.00;GUNNEL;SFB5510;LL479;Väjern;;Y;SFB5510;N;Y;N;;;FX;;FPO, LTL;24.26;0.00;Fiber/Plastic;;1978-02-13;MFL;1977-01-01;;2013-02-20
SWE000003032;;SWE;;;2.08;0.00;0.00;;7.70;0.00;MAJ;SFB5511;VY49;Bläse;;Y;SFB5511;N;Y;N;;;FX;;GNS;11.76;0.00;Wood;;1978-02-13;4M1;1947-01-01;;1999-10-27
SWE000003034;;SWE;;;3.19;0.00;0.00;;7.90;0.00;TUNA;SFB5513;KA32;Hasslö;;Y;SFB5513;N;Y;N;;;FX;;GNS;26.47;0.00;Wood;;1978-02-14;MFL;1977-01-01;;2010-03-17
SWE000003040;;SWE;;;6.24;0.00;0.00;;10.30;0.00;VILJA;SFB5519;HL13;Enånger;;Y;SFB5519;N;Y;N;;;FX;;GNS;88.24;0.00;Fiber/Plastic;;1978-02-20;MFL;1975-01-01;;
SWE000003041;;SWE;;;4.93;0.00;0.00;;8.20;0.00;TITTI;SFB5520;VY10;Ljugarn;;Y;SFB5520;N;Y;N;;;FX;;GNS;23.00;0.00;Wood;;1978-02-21;4M1;1946-01-01;;2002-10-13
SWE000003043;;SWE;;;4.48;0.00;0.00;;9.00;0.00;LÅGLAND;SFB5522;SM37;Nynäshamn;;Y;SFB5522;N;Y;N;;;FX;;GNS;24.26;0.00;Wood;;1978-02-22;MFL;1973-01-01;;2006-03-28
SWE000003045;;SWE;;;1.39;0.00;0.00;;6.80;0.00;BERIT;SFB5524;GG462;Önnered;;Y;SFB5524;N;Y;N;;;FX;;GND, LTL;45.59;0.00;Fiber/Plastic;;1978-02-28;MFL;1977-01-01;;2021-12-13
SWE000003047;;SWE;;;2.08;0.00;0.00;;6.55;0.00;VINGALAND;SFB5526;LA184;Ålabodarna;;Y;SFB5526;N;Y;N;;;FX;;GNS;7.35;0.00;Wood;;1994-11-01;4M1;1966-01-01;;2001-06-02
SWE000003049;;SWE;;;6.02;0.00;0.00;;10.06;0.00;ANNY;SFB5529;MÖ5;Lomma;;Y;SFB5529;N;Y;N;;;FX;;GNS;154.41;0.00;Fiber/Plastic;;1978-03-02;MFL;1977-01-01;;
SWE000003051;;SWE;;;2.17;0.00;0.00;;7.70;0.00;SIDON;SFB5532;GG378;Fotö;;Y;SFB5532;N;Y;N;;;FX;;GND, GNS;26.47;0.00;Wood;;1980-05-19;4M1;1959-01-01;;1998-06-27
SWE000003055;265008590;SWE;;;6.59;0.00;0.00;;10.06;0.00;HAJEN;SFB5536;LL67;Fisketången;;Y;SFB5536;N;Y;Y;;;FX;;FPO, LHP;141.22;0.00;Fiber/Plastic;;1978-03-06;MFL;1977-01-01;;2025-08-16
SWE000003060;;SWE;;;1.47;0.00;0.00;;6.00;0.00;DELFIN;SFB5541;VG63;Träslövsläge;;Y;SFB5541;N;Y;N;;;FX;;GNS;7.35;0.00;Wood;;1978-03-13;MFL;1949-01-01;;2019-01-06
SWE000003061;;SWE;;;3.21;0.00;0.00;;7.92;0.00;BJÖRNÖ;SFB5542;HG23;Arild;;Y;SFB5542;N;Y;N;;;FX;;GNS, GND;52.94;0.00;Fiber/Plastic;;1978-03-14;MFL;1977-01-01;;2023-09-09
SWE000003063;;SWE;;;14.29;0.00;0.00;;10.50;0.00;WINGALAND;SFB5546;KN62;Ronneby;;Y;SFB5546;N;Y;N;;;FX;;GNS;93.38;0.00;Metal;;1978-03-27;MFL;1977-01-01;;
SWE000003067;;SWE;;;11.92;0.00;0.00;;11.25;0.00;VIKEN;SFB5554;GE105;Fagerviken;;Y;SFB5554;N;Y;N;;;FX;;GNS, GND;88.24;0.00;Metal;;1978-04-10;4M1;1975-01-01;1999-09-30;
SWE000003077;;SWE;;;4.91;0.00;0.00;;8.00;0.00;QUO VADIS;SFB5568;GG341;Öckerö;;Y;SFB5568;N;Y;N;;;FX;;GNS, FPO;51.47;0.00;Wood;;1978-05-02;MFL;1962-01-01;;2004-12-06
SWE000003078;265643510;SWE;;;6.14;0.00;0.00;;9.60;0.00;JUNGMAN;SFB5569;SD277;Grebbestad;;Y;SFB5569;N;Y;Y;;;FX;;FPO;99.00;0.00;Fiber/Plastic;;1978-05-01;MFL;1977-01-01;;
SWE000003079;;SWE;;;5.74;0.00;0.00;;9.85;0.00;KUNGSHAMN;SFB5570;KR48;Stora Rör;;Y;SFB5570;N;Y;N;;;FX;;GNS, FPO;58.82;0.00;Metal;;1978-05-02;MFL;1978-01-01;;2004-04-02
SWE000003081;;SWE;;;2.57;0.00;0.00;;8.50;0.00;FRIDÖ;SFB5574;LL554;Halmstad;;Y;SFB5574;N;Y;N;;;FX;;FPO, NO;95.59;0.00;Fiber/Plastic;;1997-06-04;4M1;1978-01-01;;2000-11-03
SWE000003089;;SWE;;;3.89;0.00;0.00;;7.50;0.00;RYMO;SFB5583;SD363;Syd-Koster;;Y;SFB5583;N;Y;N;;;FX;;FPO, LTL;36.76;0.00;Wood;;1978-05-10;4M1;1978-01-01;;2002-12-19
SWE000003090;;SWE;;;4.24;0.00;0.00;;8.60;0.00;ANNICA;SFB5584;KA78;"Sandhamn"", Karlskrona";;Y;SFB5584;N;Y;N;;;FX;;GNS;35.00;0.00;Wood;;1978-05-10;MFL;1978-01-01;;2020-05-21
SWE000003091;;SWE;;;5.25;0.00;0.00;;8.65;0.00;ERICA;SFB5585;KR306;Grönhögen;;Y;SFB5585;N;Y;N;;;FX;;GNS;22.00;0.00;Wood;;1978-05-09;MFL;1977-01-01;;
SWE000003096;;SWE;;;9.56;0.00;0.00;;9.90;0.00;NORDANLAND;SFB5591;GG769;Smögen;;Y;SFB5591;N;Y;N;;;FX;;OTB;70.59;0.00;Wood;;1978-05-18;MFL;1978-01-01;;2007-04-13
SWE000003100;;SWE;;;5.14;0.00;0.00;;9.00;0.00;SVARTÖ;SFB5595;YD19;Ystad;;Y;SFB5595;N;Y;N;;;FX;;GNS, NO;61.03;0.00;Metal;;1978-05-24;MFL;1977-01-01;;2007-05-22
SWE000003102;;SWE;;;1.72;0.00;0.00;;7.00;0.00;BIJOU;SFB5598;GG1061;Budskär;;Y;SFB5598;N;Y;N;;;FX;;FPO;91.18;0.00;Fiber/Plastic;;1978-05-30;MFL;1978-01-01;;2016-03-24
SWE000003109;;SWE;;;0.69;0.00;0.00;;5.70;0.00;PÄRLAN;SFB5607;GG190;Kyrkesund;;Y;SFB5607;N;Y;N;;;FX;;FPO, GNS;7.35;0.00;Wood;;1978-06-06;MFL;1978-01-01;;2004-11-02
SWE000003113;;SWE;;;3.71;0.00;0.00;;7.30;0.00;JOSA;SFB5611;SD344;Syd-Koster;;Y;SFB5611;N;Y;N;;;FX;;FPO, LTL;25.74;0.00;Fiber/Plastic;;1978-06-09;4M1;1978-01-01;;2000-12-05
SWE000003115;;SWE;;;1.89;0.00;0.00;;7.15;0.00;DIANA AF KÅSEBERGA;SFB5613;YD67;Kåseberga;;Y;SFB5613;N;Y;N;;;FX;;GNS, LHP;14.71;0.00;Wood;;1978-06-12;4M1;1977-01-01;2001-08-21;
SWE000003116;;SWE;;;3.86;0.00;0.00;;9.00;0.00;STORBRÄNDÖN;SFB5615;LÅ10;Storbrändön;;Y;SFB5615;N;Y;N;;;FX;;PTB, NO;84.56;0.00;Fiber/Plastic;;1978-06-16;MFL;1977-01-01;;2006-11-02
SWE000003125;;SWE;;;3.29;0.00;0.00;;8.60;0.00;ÖRNEN;SFB5624;VG19;Bua;;Y;SFB5624;N;Y;N;;;FX;;FPO;154.00;0.00;Wood;;1978-06-27;MFL;1977-01-01;;2015-05-01
SWE000003126;;SWE;;;8.16;0.00;0.00;;9.20;0.00;WASA;SFB5625;HG25;Råå;;Y;SFB5625;N;Y;N;;;FX;;FPO, GNS;45.59;0.00;Wood;;1978-06-27;MFL;1978-01-01;;2018-12-28
SWE000003127;;SWE;;;3.25;0.00;0.00;;7.20;0.00;No name;SFB5639;KA41;Torhamn;;Y;SFB5639;N;Y;N;;;FX;;FPO, NO;16.18;0.00;Fiber/Plastic;;1978-07-10;MFL;1977-01-01;;
SWE000003128;;SWE;;;1.26;0.00;0.00;;6.50;0.00;CEYDON;SFB5643;SG26;Hanö;;Y;SFB5643;N;Y;N;;;FX;;GNS;7.35;0.00;Wood;;1978-07-12;MFL;1976-01-01;;2015-05-27
SWE000003130;;SWE;;;6.85;0.00;0.00;;9.00;0.00;TÅNGÖN;SFB5645;LL154;Fisketången;;Y;SFB5645;N;Y;N;;;FX;;FPO, LHP;38.97;0.00;Fiber/Plastic;;1993-02-16;MFL;1971-01-01;;
SWE000003132;;SWE;;;4.46;0.00;0.00;;7.90;0.00;ARCONA;SFB5649;SIN19;Brantevik;;Y;SFB5649;N;Y;N;;;FX;;GNS, LHP;55.15;0.00;Wood;;1978-07-14;MFL;1976-01-01;;2024-03-03
SWE000003133;;SWE;;;6.39;0.00;0.00;;9.50;0.00;SANDÖ;SFB5650;GG609;Rönnäng;;Y;SFB5650;N;Y;N;;;FX;;GNS, GND;73.53;0.00;Metal;;1978-07-14;MFL;1978-01-01;;2012-02-13
SWE000003134;;SWE;;;4.57;0.00;0.00;;8.10;0.00;EJDERN;SFB5651;GG451;Hönö-Röd;;Y;SFB5651;N;Y;N;;;FX;;FPO, GNS;33.09;0.00;Wood;;1995-08-08;4M1;1959-01-01;;1998-10-27
SWE000003141;;SWE;;;6.06;0.00;0.00;;10.10;0.00;ROINY;SFB5659;GG428;Hönö;;Y;SFB5659;N;Y;N;;;FX;;GNS, GND;58.82;0.00;Fiber/Plastic;;1978-07-21;MFL;1978-01-01;;2010-05-24
SWE000003145;;SWE;;;5.94;0.00;0.00;;9.60;0.00;VADSKÄR;SFB5663;SD74;Grebbestad;;Y;SFB5663;N;Y;N;;;FX;;PS, GND;84.56;0.00;Wood;;1978-07-24;MFL;1977-01-01;;2007-09-28
SWE000003149;;SWE;;;9.03;0.00;0.00;;10.10;0.00;DIANA;SFB5667;ON10;Kvarnviken;;Y;SFB5667;N;Y;N;;;FX;;GNS;58.82;0.00;Fiber/Plastic;;1978-07-28;MFL;1978-01-01;;2018-08-01
SWE000003153;;SWE;;;3.53;0.00;0.00;;8.40;0.00;IDUN;SFB5672;KR36;Byxelkrok;;Y;SFB5672;N;Y;N;;;FX;;GNS;22.06;0.00;Wood;;1978-08-07;MFL;1946-01-01;;2013-10-30
SWE000003155;;SWE;;;3.24;0.00;0.00;;7.05;0.00;No name;SFB5674;HG143;Mölle;;Y;SFB5674;N;Y;N;;;FX;;GNS;26.47;9.56;Fiber/Plastic;;1978-08-07;MFL;1978-01-01;;2005-03-18
SWE000003156;;SWE;;;2.52;0.00;0.00;;7.50;0.00;DALARÖ;SFB5675;KA180;Sturkö;;Y;SFB5675;N;Y;N;;;FX;;GNS;18.38;0.00;Fiber/Plastic;;1978-08-08;4M1;1978-01-01;;1999-03-23
SWE000003158;;SWE;;;7.18;0.00;0.00;;9.60;0.00;ALTANA;SFB5677;KA54;Gö;;Y;SFB5677;N;Y;N;;;FX;;GND, GNS;50.00;0.00;Wood;;1978-08-08;4M1;1978-01-01;;2002-07-02
SWE000003159;;SWE;;;6.57;0.00;0.00;;9.35;0.00;LINDA;SFB5678;SD398;Hamburgsund;;Y;SFB5678;N;Y;N;;;FX;;FPO, PS;66.18;0.00;Wood;;1978-08-08;MFL;1956-01-01;;
SWE000003164;;SWE;;;6.07;0.00;0.00;;9.80;0.00;INGA-BRITTA;SFB5683;GE8;Skutskär;;Y;SFB5683;N;Y;N;;;FX;;GNS, FPO;77.94;0.00;Metal;;1978-08-10;MFL;1978-01-01;;2019-08-28
SWE000003170;;SWE;;;9.03;0.00;0.00;;10.10;0.00;BISCAYA;SFB5690;VK14;"Marsö"", Västervik";;Y;SFB5690;N;Y;N;;;FX;;GNS;64.71;0.00;Fiber/Plastic;;1978-08-16;MFL;1978-01-01;;2015-03-05
SWE000003175;;SWE;;;10.34;0.00;0.00;;10.80;0.00;ISABELLA;SFB5695;SM171;Grisslehamn;;Y;SFB5695;N;Y;N;;;FX;;GNS;108.82;0.00;Wood;;1978-08-16;MFL;1948-01-01;;
SWE000003176;;SWE;;;2.79;0.00;0.00;;8.70;0.00;LAXEN;SFB5696;SM172;"Sandhamn"", Värmdö";;Y;SFB5696;N;Y;N;;;FX;;GNS;53.68;0.00;Wood;;1978-08-17;F32;1978-01-01;;1996-10-01
SWE000003179;;SWE;;;9.03;0.00;0.00;;10.10;0.00;RAMONA;SFB5699;VK77;Idö;;Y;SFB5699;N;Y;N;;;FX;;GNS, LHP;58.00;0.00;Fiber/Plastic;;1978-08-18;4M1;1978-01-01;1997-07-10;
SWE000003180;;SWE;;;3.02;0.00;0.00;;7.10;0.00;MILAN;SFB5700;LL427;Stocken;;Y;SFB5700;N;Y;N;;;FX;;FPO, GNS;18.38;0.00;Wood;;1978-08-28;4M1;1958-01-01;;1999-08-11
SWE000003188;;SWE;;;1.96;0.00;0.00;;7.20;0.00;INGA-BRITT;SFB5709;GG1111;Donsö;;Y;SFB5709;N;Y;N;;;FX;;FPO, LTL;24.26;0.00;Fiber/Plastic;;1978-09-04;MFL;1978-01-01;;2004-05-13
SWE000003190;;SWE;;;1.86;0.00;0.00;;7.00;0.00;ANNIKA;SFB5712;GG890;Vrångö;;Y;SFB5712;N;Y;N;;;FX;;FPO;44.13;0.00;Fiber/Plastic;;1978-09-03;MFL;1978-01-01;;
SWE000003191;;SWE;;;1.42;0.00;0.00;;7.75;0.00;PORTHOS XXVI;SFB5713;UÅ12;Renholmen;;Y;SFB5713;N;Y;N;;;FX;;GNS;61.76;0.00;Fiber/Plastic;;1978-09-04;MFL;1978-01-01;;2020-05-08
SWE000003192;;SWE;;;2.16;0.00;0.00;;6.80;0.00;ANETTE;SFB5714;GG1084;Donsö;;Y;SFB5714;N;Y;N;;;FX;;FPO, NO;44.85;0.00;Fiber/Plastic;;1978-09-05;4M1;1978-01-01;;1999-03-18
SWE000003197;;SWE;;;8.25;0.00;0.00;;10.00;0.00;LUGANO;SFB5720;KR67;Gräsgård;;Y;SFB5720;N;Y;N;;;FX;;GNS, LHP;99.26;0.00;Metal;;1978-09-08;MFL;1977-01-01;2007-05-23;
SWE000003201;;SWE;;;5.38;0.00;0.00;;8.40;0.00;EJDERN;SFB5724;NG48;Oxelösund;;Y;SFB5724;N;Y;N;;;FX;;FPO, GNS;24.26;0.00;Wood;;1993-07-07;4M1;1962-01-01;;1999-04-01
SWE000003206;;SWE;;;1.85;0.00;0.00;;6.50;0.00;VÄSTVÅG;SFB5729;KN14;Ronneby;;Y;SFB5729;N;Y;N;;;FX;;GNS, LHP;7.35;0.00;Wood;;1978-09-15;MFL;1957-01-01;;2012-12-14
SWE000003208;;SWE;;;1.14;0.00;0.00;;6.55;0.00;TERESE;SFB5731;SG37;Hanö;;Y;SFB5731;N;Y;N;;;FX;;GNS;18.38;0.00;Wood;;1978-09-20;4M1;1974-01-01;;1999-08-29
SWE000003214;;SWE;;;7.30;0.00;0.00;;10.92;0.00;RELEX;SFB5739;VK26;Västervik;;Y;SFB5739;N;Y;N;;;FX;;GNS, LLS;51.47;0.00;Wood;;1978-09-26;MFL;1923-01-01;;2010-02-04
SWE000003215;;SWE;;;5.33;0.00;0.00;;9.00;0.00;FREY;SFB5740;LL58;Smögen;;Y;SFB5740;N;Y;N;;;FX;;GNS;73.50;0.00;Fiber/Plastic;;1989-01-26;MFL;1978-01-01;;2023-03-18
SWE000003218;;SWE;;;6.44;0.00;0.00;;10.25;0.00;No name;SFB5743;NRG55;Kallsö;;Y;SFB5743;N;Y;N;;;FX;;GNS;52.94;0.00;Other;;1978-10-03;MFL;1978-01-01;;2014-07-01
SWE000003220;;SWE;;;5.67;0.00;0.00;;9.40;0.00;DANA;SFB5746;TG44;Skåre;;Y;SFB5746;N;Y;N;;;FX;;GNS;11.03;0.00;Wood;;1978-10-05;4M1;1933-01-01;1998-07-09;
SWE000003222;;SWE;;;2.59;0.00;0.00;;7.20;0.00;MY;SFB5749;KR48;Alvedsjö Bodar;;Y;SFB5749;N;Y;N;;;FX;;GNS;18.38;0.00;Fiber/Plastic;;1978-10-09;4M1;1978-01-01;;2001-01-19
SWE000003238;;SWE;;;3.24;0.00;0.00;;8.40;0.00;EJDERN-VALBORG;SFB5768;GG554;Ölmanäs - Gårda Brygga;;Y;SFB5768;N;Y;N;;;FX;;FPO;58.82;0.00;Metal;;1978-10-15;MFL;1978-01-01;;
SWE000003239;;SWE;;;12.37;0.00;0.00;;11.00;0.00;VILMO;SFB5769;FG11;Falkenberg;;Y;SFB5769;N;Y;N;;;FX;;GNS;110.29;0.00;Wood;;1978-10-17;MFL;1941-01-01;;2004-03-25
SWE000003240;265795110;SWE;;;10.09;0.00;0.00;;10.10;0.00;BOKÖ;SFB5770;SG35;Hörvik;;Y;SFB5770;N;Y;Y;;;FX;;GNS, LLS;66.18;0.00;Fiber/Plastic;;1978-10-16;MFL;1978-01-01;;
SWE000003245;;SWE;;;2.05;0.00;0.00;;7.25;0.00;PETRA;SFB5775;YD49;Abbekås;;Y;SFB5775;N;Y;N;;;FX;;GNS, LLS;24.26;0.00;Fiber/Plastic;;1982-05-11;4M1;1978-01-01;;1997-06-30
SWE000003255;;SWE;;;8.23;0.00;0.00;;10.80;0.00;TELLUS;SFB5785;SM178;Ornö;;Y;SFB5785;N;Y;N;;;FX;;GNS;121.32;0.00;Metal;;1978-10-24;MFL;1978-01-01;;2014-05-03
SWE000003259;;SWE;;;8.48;0.00;0.00;;10.00;0.00;SALMO;SFB5791;VY61;Visby;;Y;SFB5791;N;Y;N;;;FX;;GNS, NO;70.59;0.00;Wood;;1978-10-30;MFL;1964-01-01;;2004-05-14
SWE000003266;;SWE;;;3.67;0.00;0.00;;8.28;0.00;ELIZA;SFB5798;ON62;Svartö;;Y;SFB5798;N;Y;N;;;FX;;FPO, NO;24.26;0.00;Fiber/Plastic;;1978-11-05;MFL;1977-01-01;;
SWE000003267;;SWE;;;4.45;0.00;0.00;;8.10;0.00;NORDÖ;SFB5799;TG38;Trelleborg;;Y;SFB5799;N;Y;N;;;FX;;GNS, LHP;29.41;0.00;Fiber/Plastic;;1982-09-03;MFL;1978-01-01;;
SWE000003270;;SWE;;;5.18;0.00;0.00;;9.93;0.00;LINDA;SFB5802;SIN45;Simrishamn;;Y;SFB5802;N;Y;N;;;FX;;GNS, NO;101.47;0.00;Fiber/Plastic;;1978-11-06;MFL;1975-01-01;;2024-03-03
SWE000003277;;SWE;;;6.05;0.00;0.00;;9.40;0.00;RAMONA;SFB5810;VY39;Närshamn;;Y;SFB5810;N;Y;N;;;FX;;GNS;62.50;0.00;Fiber/Plastic;;1991-06-19;MFL;1945-01-01;;2014-07-28
SWE000003281;;SWE;;;1.51;0.00;0.00;;6.90;0.00;WINDÖ;SFB5814;SG44;Djupekås;;Y;SFB5814;N;Y;N;;;FX;;GND, GNS;7.35;0.00;Wood;;1978-11-14;4M1;1969-01-01;;1998-07-19
SWE000003282;;SWE;;;1.12;0.00;0.00;;6.10;0.00;ÖRJE;SFB5815;GG311;Torkelstorp;;Y;SFB5815;N;Y;N;;;FX;;FPO, NO;18.38;0.00;Fiber/Plastic;;1978-11-15;MFL;1971-01-01;;2008-02-11
SWE000003285;;SWE;;;2.77;0.00;0.00;;7.00;0.00;BRIS;SFB5818;SG86;Nogersund;;Y;SFB5818;N;Y;N;;;FX;;GNS, GND;13.24;0.00;Wood;;1978-11-22;4M1;1941-01-01;;2000-01-21
SWE000003291;;SWE;;;5.49;0.00;0.00;;9.00;0.00;MARICA;SFB5824;KN1;Karlshamn;;Y;SFB5824;N;Y;N;;;FX;;GNS, LHP;26.47;0.00;Wood;;1978-11-28;MFL;1977-01-01;;2005-08-25
SWE000003292;;SWE;;;9.00;0.00;0.00;;9.65;0.00;ATHENE;SFB5825;GG27;Ystad;;Y;SFB5825;N;Y;N;;;FX;;GND, FPO;151.47;24.26;Fiber/Plastic;;1978-11-28;4M1;1978-01-01;;2000-11-11
SWE000003295;;SWE;;;8.26;0.00;0.00;;10.60;0.00;VIGGEN;SFB5829;VY29;Herrvik;;Y;SFB5829;N;Y;N;;;FX;;GNS;110.29;0.00;Fiber/Plastic;;1978-11-30;MFL;1978-01-01;;
SWE000003296;;SWE;;;2.91;0.00;0.00;;8.25;0.00;AFRODITE;SFB5830;HG311;Torekov;;Y;SFB5830;N;Y;N;;;FX;;GNS, NO;74.00;51.47;Fiber/Plastic;;1978-12-04;4M1;1978-01-01;;2000-01-01
SWE000003300;;SWE;;;4.31;0.00;0.00;;8.10;0.00;HELENA;SFB5835;VG42;Varberg;;Y;SFB5835;N;Y;N;;;FX;;GNS, LTL;22.06;0.00;Wood;;1978-12-11;4M1;1978-01-01;;1997-06-28
SWE000003303;;SWE;;;2.19;0.00;0.00;;7.90;0.00;FALKEN;SFB5838;HG81;Vejbystrand;;Y;SFB5838;N;Y;N;;;FX;;GNS, GTR;22.06;0.00;Fiber/Plastic;;1978-12-12;MFL;1975-01-01;;
SWE000003304;;SWE;;;5.22;0.00;0.00;;9.32;0.00;CARINA;SFB5839;HG74;Höganäs;;Y;SFB5839;N;Y;N;;;FX;;GNS;84.56;0.00;Metal;;2002-02-25;MFL;1978-01-01;;2008-06-05
SWE000003313;;SWE;;;5.02;0.00;0.00;;9.15;0.00;CLIPP;SFB5848;VY69;Botvaldevik;;Y;SFB5848;N;Y;N;;;FX;;GNS;53.68;0.00;Metal;;1978-12-20;MFL;1978-01-01;;2019-04-13
SWE000003317;;SWE;;;2.98;0.00;0.00;;6.80;0.00;ELISABETH;SFB5852;GG1022;Rönnäng;;Y;SFB5852;N;Y;N;;;FX;;GNS, FPO;24.26;0.00;Fiber/Plastic;;1979-01-03;4M4;1978-01-01;;1998-01-27
SWE000003328;;SWE;;;6.19;0.00;0.00;;10.30;0.00;ÄLVAN;SFB5867;KR11;Gräsgård;;Y;SFB5867;N;Y;N;;;FX;;GNS, NO;95.59;0.00;Metal;;1979-01-09;MFL;1978-01-01;;2007-06-20
SWE000003329;;SWE;;;2.83;0.00;0.00;;8.85;0.00;ADA;SFB5868;LÅ28;Brändön;;Y;SFB5868;N;Y;N;;;FX;;GNS;83.82;0.00;Fiber/Plastic;;1979-01-10;4M1;1974-01-01;;1997-10-13
SWE000003331;;SWE;;;15.22;0.00;0.00;;11.83;0.00;HELGA;SFB5870;LA6;Ålabodarna;;Y;SFB5870;N;Y;N;;;FX;;GNS;72.06;0.00;Wood;;1979-01-10;4M1;1941-01-01;1998-10-01;
SWE000003342;;SWE;;;4.55;0.00;0.00;;9.15;0.00;MAGDALENA;SFB5882;LA20;Bäckviken;;Y;SFB5882;N;Y;N;;;FX;;GNS;52.94;0.00;Fiber/Plastic;;1979-01-19;4M1;1978-01-01;;1999-06-05
SWE000003344;;SWE;;;2.52;0.00;0.00;;6.90;0.00;ANETTE;SFB5884;VY63;Ljugarn;;Y;SFB5884;N;Y;N;;;FX;;GNS;7.35;0.00;Wood;;1979-01-22;4M1;1977-01-01;;2000-11-29
SWE000003346;265035680;SWE;;;7.69;0.00;0.00;;11.85;0.00;ANNA;SFB5887;LÅ44;Brändön;;Y;SFB5887;N;Y;Y;;;FX;;PTB, GNS;141.18;0.00;Fiber/Plastic;;1979-01-28;MFL;1978-01-01;;
SWE000003348;265000270;SWE;;;9.21;0.00;0.00;;10.60;0.00;TÄRNESKÄR;SFB5890;GG760;Härön;;Y;SFB5890;N;Y;Y;;;FX;;FPO, GND;88.24;0.00;Fiber/Plastic;;1979-01-29;MFL;1978-01-01;;
SWE000003349;;SWE;;;3.53;0.00;0.00;;9.20;0.00;FREJA;SFB5891;SD246;Öddö;;Y;SFB5891;N;Y;N;;;FX;;OTB;58.82;0.00;Fiber/Plastic;;1979-01-30;4M2;1977-01-01;;
SWE000003350;;SWE;;;9.06;0.00;0.00;;9.60;0.00;ELVE;SFB5892;VG100;Träslövsläge;;Y;SFB5892;N;Y;N;;;FX;;GNS;66.18;0.00;Wood;;1979-01-31;MFL;1978-01-01;;2014-05-05
SWE000003361;;SWE;;;5.07;0.00;0.00;;8.00;0.00;EJDERN;SFB5905;SG97;Krokås;;Y;SFB5905;N;Y;N;;;FX;;GNS, GND;25.74;0.00;Wood;;1979-02-21;4M1;1977-01-01;;1999-07-12
SWE000003362;;SWE;;;7.35;0.00;0.00;;9.76;0.00;AQUA STAR;SFB5906;MÖ49;;;Y;SFB5906;N;;;;;FX;;GND, GNS;117.65;0.00;Fiber/Plastic;;1979-02-21;4M1;1978-01-01;;1999-06-22
SWE000003364;;SWE;;;3.43;0.00;0.00;;8.10;0.00;MONA;SFB5908;ÅS12;Åhus;;Y;SFB5908;N;Y;N;;;FX;;LLS, GNS;45.59;0.00;Fiber/Plastic;;1979-02-22;4M1;1975-01-01;;1999-02-10
SWE000003366;;SWE;;;11.85;0.00;0.00;;11.75;0.00;CARINA II;SFB5910;HG74;Höganäs;;Y;SFB5910;N;Y;N;;;FX;;GNS, NO;182.35;0.00;Metal;;1979-02-22;4M1;1978-01-01;;
SWE000003368;;SWE;;;10.22;0.00;0.00;;10.70;0.00;BONITA;SFB5917;YD14;Abbekås;;Y;SFB5917;N;Y;N;;;FX;;FPO;80.88;0.00;Fiber/Plastic;;1979-02-22;MFL;1979-01-01;;
SWE000003369;;SWE;;;2.66;0.00;0.00;;7.50;0.00;No name;SFB5918;UÅ19;"Lövsele"", Kallviken";;Y;SFB5918;N;Y;N;;;FX;;FPO, GNS;11.03;0.00;Wood;;1979-02-23;MFL;1951-01-01;;2005-05-15
SWE000003372;;SWE;;;8.76;0.00;0.00;;10.80;0.00;ELIZA;SFB5922;GG220;Hönö;;Y;SFB5922;N;Y;N;;;FX;;GNS;88.24;0.00;Fiber/Plastic;;1979-02-26;4M1;1979-01-01;;1998-08-01
SWE000003374;;SWE;;;1.66;0.00;0.00;;7.45;0.00;VANJA;SFB5924;SL21;;;Y;SFB5924;N;Y;N;;;FX;;GNS;95.59;0.00;Metal;;1979-02-26;4M1;1979-01-01;;2000-01-01
SWE000003377;;SWE;;;3.58;0.00;0.00;;7.50;0.00;LILLÖ;SFB5927;NRG93;Gryt;;Y;SFB5927;N;Y;N;;;FX;;GNS, FPO;22.06;0.00;Fiber/Plastic;;1979-02-28;MFL;1979-01-01;;
SWE000003379;;SWE;;;4.91;0.00;0.00;;8.07;0.00;SELENE;SFB5929;KN53;Karlshamn-Vägga;;Y;SFB5929;N;Y;N;;;FX;;GNS, NO;16.18;0.00;Wood;;1979-02-28;MFL;1973-01-01;;2007-09-11
SWE000003381;;SWE;;;6.30;0.00;0.00;;9.00;0.00;NATALIA;SFB5931;SG159;Hällevik;;Y;SFB5931;N;Y;N;;;FX;;LHP, GNS;25.74;0.00;Wood;;1979-02-28;MFL;1978-01-01;;2009-06-24
SWE000003387;;SWE;;;0.59;0.00;0.00;;6.15;0.00;SANDRA;SFB5938;VY68;Botvaldevik;;Y;SFB5938;N;Y;N;;;FX;;GNS;13.00;0.00;Wood;;1979-03-05;MFL;1973-01-01;;2024-01-27
SWE000003389;;SWE;;;10.73;0.00;0.00;;10.80;0.00;LENA;SFB5940;SM131;Öregrund;;Y;SFB5940;N;Y;N;;;FX;;GNS, GND;84.56;0.00;Wood;;1979-03-06;4M1;1974-01-01;1998-06-17;
SWE000003390;;SWE;;;0.97;0.00;0.00;;6.30;0.00;No name;SFB5941;MÖ94;Limhamn;;Y;SFB5941;N;Y;N;;;FX;;GNS, FPO;8.82;0.00;Fiber/Plastic;;1993-01-25;F31;1978-01-01;;1996-07-10
SWE000003391;;SWE;;;3.40;0.00;0.00;;7.25;0.00;MONSUN;SFB5942;KN52;Ronneby;;Y;SFB5942;N;Y;N;;;FX;;GNS;29.42;0.00;Fiber/Plastic;;1994-08-01;MFL;1978-01-01;;2023-03-20
SWE000003392;;SWE;;;1.55;0.00;0.00;;7.70;0.00;DOLLY;SFB5943;UÅ60;Obbola;;Y;SFB5943;N;Y;N;;;FX;;FPO, GNS;91.18;0.00;Fiber/Plastic;;1992-03-17;4M1;1978-01-01;1997-11-10;
SWE000003398;;SWE;;;14.40;0.00;0.00;;11.87;0.00;MOLLY;SFB5949;SM194;Ornö;;Y;SFB5949;N;Y;N;;;FX;;GNS;113.97;0.00;Metal;;1979-03-19;MFL;1967-01-01;;2019-06-02
SWE000003402;;SWE;;;7.40;0.00;0.00;;10.06;0.00;BONITA;SFB5954;GG1103;Bohus-Björkö;;Y;SFB5954;N;Y;N;;;FX;;GND, GNS;198.53;0.00;Fiber/Plastic;;1979-03-21;4M1;1978-01-01;;1999-01-01
SWE000003403;;SWE;;;6.77;0.00;0.00;;11.54;0.00;JUNKÖN 1;SFB5955;LÅ31;Junkön;;Y;SFB5955;N;Y;N;;;FX;;PTB, FPO;183.87;0.00;Fiber/Plastic;;1979-03-20;MFL;1977-01-01;;
SWE000003404;;SWE;;;5.04;0.00;0.00;;8.05;0.00;IRIS;SFB5956;KN55;Karlshamn;;Y;SFB5956;N;Y;N;;;FX;;GNS;16.18;0.00;Wood;;1979-03-21;MFL;1977-01-01;;2010-05-04
SWE000003405;;SWE;;;6.57;0.00;0.00;;7.50;0.00;MATHILDA;SFB5957;SG36;Hörvik;;Y;SFB5957;N;Y;N;;;FX;;LHP, GNS;26.47;0.00;Wood;;1979-03-21;MFL;1974-01-01;;2009-12-04
SWE000003406;;SWE;;;1.91;0.00;0.00;;6.80;0.00;ROY;SFB5958;SD99;Syd-Koster;;Y;SFB5958;N;Y;N;;;FX;;OTB;37.50;0.00;Fiber/Plastic;;1979-03-20;MFL;1978-01-01;;
SWE000003410;;SWE;;;9.80;0.00;0.00;;11.00;0.00;CANDYA;SFB5962;YD35;Ystad;;Y;SFB5962;N;Y;N;;;FX;;GNS, LHP;88.24;0.00;Metal;;1979-03-26;MFL;1979-01-01;;2012-01-18
SWE000003411;;SWE;;;1.35;0.00;0.00;;7.45;0.00;No name;SFB5963;UÅ21;Gladaviken;;Y;SFB5963;N;Y;N;;;FX;;GNS, FPO;9.60;0.00;Wood;;1979-03-27;MFL;1968-01-01;;2004-09-06
SWE000003414;;SWE;;;3.12;0.00;0.00;;7.20;0.00;BÖLJAN;SFB5967;KN48;Karlshamn;;Y;SFB5967;N;Y;N;;;FX;;GNS, GND;16.18;0.00;Wood;;1979-03-28;4M1;1969-01-01;;2002-08-29
SWE000003415;;SWE;;;1.94;0.00;0.00;;7.25;0.00;No name;SFB5968;UÅ22;Kallviken;;Y;SFB5968;N;Y;N;;;FX;;GNS, FPO;8.82;0.00;Wood;;1979-04-03;MFL;1954-01-01;;2017-05-04
SWE000003416;;SWE;;;6.89;0.00;0.00;;7.90;0.00;LAGUN;SFB5970;KN56;Karlshamn;;Y;SFB5970;N;Y;N;;;FX;;GNS;22.06;0.00;Wood;;1979-04-04;4M1;1975-01-01;;1999-06-09
SWE000003418;265006020;SWE;;;7.22;0.00;0.00;;9.60;0.00;KARIN;SFB5972;VG147;Bua;;Y;SFB5972;N;Y;Y;;;FX;;FPO;52.94;0.00;Wood;;1979-04-05;MFL;1977-01-01;;
SWE000003419;;SWE;;;1.16;0.00;0.00;;6.60;0.00;ORION;SFB5973;SG43;Nogersund;;Y;SFB5973;N;Y;N;;;FX;;GNS, LHP;26.47;0.00;Wood;;2000-03-24;4M1;1969-01-01;;2001-12-10
SWE000003421;;SWE;;;2.01;0.00;0.00;;6.60;0.00;KOTTEN;SFB5978;LL629;Grundsund;;Y;SFB5978;N;Y;N;;;FX;;FPO;13.24;0.00;Wood;;1990-04-17;MFL;1980-01-01;;2016-04-25
SWE000003424;;SWE;;;1.49;0.00;0.00;;7.00;0.00;MÅSEN;SFB5982;VY82;Botvaldevik;;Y;SFB5982;N;Y;N;;;FX;;GNS;16.91;0.00;Wood;;1979-04-10;4M1;1978-01-01;;1999-04-06
SWE000003428;;SWE;;;1.37;0.00;0.00;;5.36;0.00;GUNN;SFB5986;GG422;Öckerö;;Y;SFB5986;N;Y;N;;;FX;;GNS, FPO;20.59;0.00;Fiber/Plastic;;1979-04-12;F32;1974-01-01;;1996-10-01
SWE000003430;;SWE;;;8.42;0.00;0.00;;10.85;0.00;BRUNSÖ;SFB5988;NG9;Nävekvarn;;Y;SFB5988;N;Y;N;;;FX;;GNS, FPO;82.35;0.00;Metal;;1979-04-17;MFL;1978-01-01;;2019-04-17
SWE000003431;;SWE;;;2.11;0.00;0.00;;7.60;0.00;SILLA;SFB5989;VY22;Närshamn;;Y;SFB5989;N;Y;N;;;FX;;GNS;2.21;0.00;Wood;;1979-04-17;4M1;1979-01-01;;1997-10-14
SWE000003435;;SWE;;;1.39;0.00;0.00;;6.80;0.00;CHICO;SFB5993;GG425;Donsö;;Y;SFB5993;N;Y;N;;;FX;;FPO, GNS;55.15;0.00;Fiber/Plastic;;1979-04-19;4M1;1979-01-01;;1997-06-22
SWE000003438;;SWE;;;3.13;0.00;0.00;;7.80;0.00;BLÅVINGE;SFB5996;SM32;Muskö;;Y;SFB5996;N;Y;N;;;FX;;FPO, GNS;95.59;0.00;Fiber/Plastic;;1979-04-25;4M1;1979-01-01;;1998-02-01
SWE000003439;;SWE;;;4.81;0.00;0.00;;7.60;0.00;MIDWAY;SFB5998;SD86;Nord-Koster;;Y;SFB5998;N;Y;N;;;FX;;FPO, GND;62.50;0.00;Fiber/Plastic;;1979-04-27;MFL;1977-01-01;2005-12-05;
SWE000003444;;SWE;;;3.18;0.00;0.00;;8.60;0.00;GITTAN;SFB6004;YD21;Ystad;;Y;SFB6004;N;Y;N;;;FX;;GNS, LHP;61.03;0.00;Fiber/Plastic;;1990-09-12;4M1;1978-01-01;;1998-09-08
SWE000003447;;SWE;;;11.09;0.00;0.00;;11.91;0.00;ELIZIA;SFB6007;LA21;Borstahusen;;Y;SFB6007;N;Y;N;;;FX;;GNS;88.24;0.00;Metal;;1979-05-07;MFL;1979-01-01;;
SWE000003450;;SWE;;;0.40;0.00;0.00;;5.45;0.00;No name;SFB6010;VK32;Händelöp;;Y;SFB6010;N;Y;N;;;FX;;GNS;8.82;0.00;Fiber/Plastic;;1979-05-10;MFL;1979-01-01;;2004-09-17
SWE000003453;;SWE;;;1.80;0.00;0.00;;7.00;0.00;No name;SFB6014;KN58;Karlshamn;;Y;SFB6014;N;Y;N;;;FX;;GNS, NO;14.71;0.00;Wood;;1979-05-16;MFL;1968-01-01;;2004-12-10
SWE000003465;;SWE;;;10.64;0.00;0.00;;10.67;0.00;BECKY;SFB6060;SIN66;Simrishamn;;Y;SFB6060;N;Y;N;;;FX;;GNS, LHP;88.24;0.00;Wood;;1979-06-06;MFL;1946-01-01;;2019-03-01
SWE000003471;;SWE;;;4.34;0.00;0.00;;8.43;0.00;VIKTORIA;SFB6070;SIN2;Brantevik;;Y;SFB6070;N;Y;N;;;FX;;GNS, LHP;58.82;0.00;Wood;;1979-06-06;MFL;1943-01-01;;2009-05-15
SWE000003473;;SWE;;;2.66;0.00;0.00;;7.50;0.00;KARÖ;SFB6072;GG983;Björholmen;;Y;SFB6072;N;Y;N;;;FX;;GNS, FPO;36.76;0.00;Fiber/Plastic;;1979-06-06;MFL;1979-01-01;;2004-04-10
SWE000003477;;SWE;;;23.68;0.00;0.00;;11.80;0.00;VILMA;SFB6077;HA30;Storöhamn;;Y;SFB6077;N;Y;N;;;FX;;PTB, OTB;202.00;0.00;Metal;;1979-06-14;MFL;1979-01-01;;2009-05-06
SWE000003479;;SWE;;;6.12;0.00;0.00;;8.60;0.00;REBECCA;SFB6082;SM254;Utö;;Y;SFB6082;N;Y;N;;;FX;;GNS;25.74;0.00;Fiber/Plastic;;1984-09-18;MFL;1979-01-01;;2008-05-09
SWE000003480;;SWE;;;3.55;0.00;0.00;;7.50;0.00;ELLINOR;SFB6083;ÅS5;Åhus;;Y;SFB6083;N;Y;N;;;FX;;GNS;24.27;0.00;Fiber/Plastic;;1979-06-25;MFL;1979-01-01;;2012-03-24
SWE000003482;;SWE;;;1.72;0.00;0.00;;6.00;0.00;No name;SFB6085;GG167;Mjörn;;Y;SFB6085;N;Y;N;;;FX;;GNS;16.91;0.00;Fiber/Plastic;;1979-07-03;4M1;1979-01-01;;2001-01-22
SWE000003485;;SWE;;;6.07;0.00;0.00;;8.65;0.00;BALTIC;SFB6088;YD2;Abbekås;;Y;SFB6088;N;Y;N;;;FX;;GNS, LHP;52.96;0.00;Wood;;1979-07-04;MFL;1979-01-01;;
SWE000003487;;SWE;;;1.43;0.00;0.00;;6.40;0.00;MALVA;SFB6092;VY73;Herrvik;;Y;SFB6092;N;Y;N;;;FX;;GNS;8.09;0.00;Wood;;1979-07-06;4M1;1947-01-01;;2000-12-27
SWE000003488;;SWE;;;2.57;0.00;0.00;;6.60;0.00;CARLA;SFB6093;SIN370;Vik;;Y;SFB6093;N;Y;N;;;FX;;FPO, LHP;16.18;0.00;Fiber/Plastic;;1979-07-05;MFL;1979-01-01;;
SWE000003490;;SWE;;;4.17;0.00;0.00;;7.50;0.00;VERNON;SFB6098;GG360;Harestad;;Y;SFB6098;N;Y;N;;;FX;;FPO, GNS;37.50;0.00;Fiber/Plastic;;1979-07-10;MFL;1979-01-01;;2016-01-28
SWE000003495;;SWE;;;8.55;0.00;0.00;;8.70;0.00;ASTRID;SFB6107;VG141;Videbergshamn;;Y;SFB6107;N;Y;N;;;FX;;GNS;60.29;0.00;Fiber/Plastic;;1979-07-13;MFL;1979-01-01;;2008-02-01
SWE000003496;;SWE;;;13.74;0.00;0.00;;10.65;0.00;IKA;SFB6108;MÖ20;Limhamn;;Y;SFB6108;N;Y;N;;;FX;;GNS;77.21;0.00;Fiber/Plastic;;1979-07-13;MFL;1979-01-01;;
SWE000003498;;SWE;;;3.23;0.00;0.00;;8.20;0.00;SVEA;SFB6110;KN63;Karlshamn-Vägga;;Y;SFB6110;N;Y;N;;;FX;;GNS, FPO;53.68;0.00;Fiber/Plastic;;1979-12-21;MFL;1979-01-01;;
SWE000003503;;SWE;;;2.73;0.00;0.00;;7.40;0.00;LILLESKÄR;SFB6116;SD66;Strömstad;;Y;SFB6116;N;Y;N;;;FX;;FPO;26.47;0.00;Fiber/Plastic;;1994-12-16;MFL;1979-01-01;;2003-05-01
SWE000003507;;SWE;;;2.95;0.00;0.00;;8.15;0.00;TORLAND;SFB6121;GG1205;Fiskebäck;;Y;SFB6121;N;Y;N;;;FX;;GND, GNS;73.53;0.00;Fiber/Plastic;;1979-07-24;4M1;1979-01-01;;2002-10-02
SWE000003508;;SWE;;;2.64;0.00;0.00;;6.85;0.00;MARIA;SFB6122;SG71;Hanö;;Y;SFB6122;N;Y;N;;;FX;;LHP, GNS;18.38;0.00;Wood;;1979-07-26;MFL;1963-01-01;;2006-11-16
SWE000003509;;SWE;;;4.92;0.00;0.00;;7.55;0.00;NORMA;SFB6123;SG78;Hanö;;Y;SFB6123;N;Y;N;;;FX;;GNS;26.47;0.00;Wood;;1979-07-27;MFL;1979-01-01;;2006-10-11
SWE000003511;;SWE;;;3.65;0.00;0.00;;7.25;0.00;JOHANNA;SFB6125;SG179;Hanö;;Y;SFB6125;N;Y;N;;;FX;;GNS, LHP;26.48;0.00;Wood;;1979-07-27;MFL;1978-01-01;;2014-04-11
SWE000003513;;SWE;;;0.56;0.00;0.00;;6.05;0.00;OTTO;SFB6127;ÖK14;Husum;;Y;SFB6127;N;Y;N;;;FX;;GNS, NO;44.12;0.00;Fiber/Plastic;;1979-07-27;MFL;1978-01-01;;2008-03-19
SWE000003516;;SWE;;;4.65;0.00;0.00;;7.60;0.00;No name;SFB6130;SIN133;Vitemölla;;Y;SFB6130;N;Y;N;;;FX;;GNS;32.35;0.00;Fiber/Plastic;;1979-07-29;MFL;1979-01-01;;
SWE000003522;;SWE;;;5.27;0.00;0.00;;8.05;0.00;ANITA;SFB6136;SD44;Syd-Koster;;Y;SFB6136;N;Y;N;;;FX;;FPO, LTL;26.47;0.00;Fiber/Plastic;;1979-08-01;MFL;1979-01-01;;2022-03-03
SWE000003523;;SWE;;;1.93;0.00;0.00;;6.60;0.00;No name;SFB6138;YD2;Ystad;;Y;SFB6138;N;Y;N;;;FX;;FPO, GNS;24.26;0.00;Fiber/Plastic;;1979-08-06;MFL;1976-01-01;;2022-06-15
SWE000003527;;SWE;;;2.25;0.00;0.00;;6.60;0.00;No name;SFB6143;SIN76;Vitemölla;;Y;SFB6143;N;Y;N;;;FX;;FPO, NO;16.18;0.00;Fiber/Plastic;;1979-08-08;MFL;1979-01-01;;
SWE000003529;;SWE;;;8.82;0.00;0.00;;10.80;0.00;SERRANA;SFB6145;SG85;Hörvik;;Y;SFB6145;N;Y;N;;;FX;;GNS, LHP;60.29;0.00;Wood;;1979-08-09;MFL;1979-01-01;;2023-06-02
SWE000003533;266152000;SWE;;;9.59;0.00;0.00;;11.10;0.00;OTSECO;SFB6150;GG1195;Lerkil;;Y;SFB6150;Y;Y;Y;;;FX;;FPO, GNS;58.82;0.00;Fiber/Plastic;;1979-08-15;MFL;1979-01-01;;
SWE000003535;;SWE;;;0.82;0.00;0.00;;6.60;0.00;TITTUT;SFB6152;SIN79;Vitemölla;;Y;SFB6152;N;Y;N;;;FX;;FPO, NO;13.97;0.00;Wood;;1979-08-17;MFL;1969-01-01;;2023-05-05
SWE000003536;;SWE;;;2.30;0.00;0.00;;7.20;0.00;SYRRAN;SFB6154;NG64;Oxelösund;;Y;SFB6154;N;Y;N;;;FX;;GNS;13.24;0.00;Wood;;1979-08-17;4M1;1964-01-01;;2001-10-12
SWE000003537;;SWE;;;7.39;0.00;0.00;;10.00;0.00;MÅSEN;SFB6155;SIN4;Skillinge;;Y;SFB6155;N;Y;N;;;FX;;GNS, LHP;95.59;0.00;Wood;;1979-08-17;MFL;1979-01-01;;2017-03-03
SWE000003540;265665860;SWE;;;13.24;33.00;0.00;;11.95;0.00;JOHLIN V;SFB6159;HA5;Salmis;;Y;SFB6159;N;Y;Y;;;FX;;PTB, GNS;261.10;0.00;Metal;;1979-08-20;MFL;1979-01-01;;
SWE000003542;265043670;SWE;;;11.50;0.00;0.00;;11.90;0.00;SARLUT;SFB6161;HA4;Nikkala;;Y;SFB6161;N;Y;Y;;;FX;;PTB, NO;110.29;0.00;Metal;;1979-08-21;MFL;1979-01-01;;
SWE000003544;;SWE;;;2.02;0.00;0.00;;5.50;0.00;No name;SFB6163;SD386;Hamburgsund;;Y;SFB6163;N;Y;N;;;FX;;FPO, LTL;16.91;0.00;Wood;;1979-08-27;4M1;1950-01-01;;1997-05-05
SWE000003546;;SWE;;;2.95;0.00;0.00;;8.15;0.00;AYLA;SFB6166;SM173;Rävsnäs;;Y;SFB6166;N;Y;N;;;FX;;GNS;132.35;0.00;Fiber/Plastic;;1979-08-29;4M1;1979-01-01;;1997-11-12
SWE000003549;;SWE;;;6.82;0.00;0.00;;9.60;0.00;SEVINCE;SFB6170;SD9;Fjällbacka;;Y;SFB6170;N;Y;N;;;FX;;FPO, GND;147.06;0.00;Fiber/Plastic;;1979-08-30;MFL;1979-01-01;;
SWE000003550;;SWE;;;0.88;0.00;0.00;;6.20;0.00;NORDAN;SFB6171;GG1198;Nidingen;;Y;SFB6171;N;Y;N;;;FX;;GNS, FPO;16.18;0.00;Fiber/Plastic;;1979-08-31;4M1;1977-01-01;;1999-01-03
SWE000003553;;SWE;;;3.86;0.00;0.00;;9.00;0.00;DYNING;SFB6174;LÅ74;Trundön;;Y;SFB6174;N;Y;N;;;FX;;GNS, FPO;52.94;0.00;Fiber/Plastic;;1979-09-04;4M1;1979-01-01;;2001-11-08
SWE000003558;;SWE;;;17.76;0.00;0.00;;11.10;0.00;ATLANTIC;SFB6182;HD42;Halmstad;;Y;SFB6182;N;Y;N;;;FX;;GNS, FPO;93.38;0.00;Wood;;1979-09-10;4M1;1952-01-01;;2002-11-11
SWE000003561;;SWE;;;4.17;0.00;0.00;;7.50;0.00;ERANTO;SFB6185;GG272;Dyrön;;Y;SFB6185;N;Y;N;;;FX;;GNS, LTL;44.85;0.00;Fiber/Plastic;;1979-09-11;4M1;1979-01-01;;1997-09-01
SWE000003562;;SWE;;;11.88;0.00;0.00;;10.40;0.00;JUNO AF HALMSTAD;SFB6186;HD7;Halmstad;;Y;SFB6186;N;Y;N;;;FX;;GNS;134.00;0.00;Metal;;1979-09-12;MFL;1979-01-01;;
SWE000003564;;SWE;;;1.57;0.00;0.00;;7.00;0.00;PATRICIA;SFB6188;VY9;Klintehamn;;Y;SFB6188;N;Y;N;;;FX;;GNS;7.35;0.00;Wood;;1998-06-04;MFL;1979-01-01;;2003-04-26
SWE000003567;;SWE;;;1.92;0.00;0.00;;6.95;0.00;OONA;SFB6192;SD31;Tegelstrand;;Y;SFB6192;N;Y;N;;;FX;;FPO;16.91;0.00;Fiber/Plastic;;1979-09-14;4M1;1979-01-01;;2001-03-01
SWE000003571;;SWE;;;1.98;0.00;0.00;;6.00;0.00;JONNA;SFB6196;SG96;Hanö;;Y;SFB6196;N;Y;N;;;FX;;GNS;16.91;0.00;Fiber/Plastic;;1979-09-18;4M1;1978-01-01;;2002-08-20
SWE000003572;;SWE;;;4.98;0.00;0.00;;8.10;0.00;No name;SFB6197;HL40;Lönnånger;;Y;SFB6197;N;Y;N;;;FX;;GNS, NO;22.06;0.00;Wood;;1979-09-18;MFL;1974-01-01;;2004-12-14
SWE000003575;;SWE;;;2.18;0.00;0.00;;6.65;0.00;No name;SFB6209;SG84;Hanö;;Y;SFB6209;N;Y;N;;;FX;;LHP, NO;9.56;0.00;Wood;;1979-09-20;MFL;1946-01-01;;2014-04-15
SWE000003586;;SWE;;;2.42;0.00;0.00;;7.50;0.00;LINA;SFB6220;MÖ169;Lomma;;Y;SFB6220;N;Y;N;;;FX;;GNS, LHP;22.06;0.00;Fiber/Plastic;;1979-10-02;MFL;1979-01-01;;2022-09-14
SWE000003588;;SWE;;;4.93;0.00;0.00;;9.75;0.00;BELTIC;SFB6222;KR78;Byxelkrok;;Y;SFB6222;N;Y;N;;;FX;;GNS, NO;144.12;0.00;Fiber/Plastic;;1979-10-02;MFL;1979-01-01;;2003-11-25
SWE000003589;;SWE;;;2.95;0.00;0.00;;8.15;0.00;DIANA;SFB6224;NRG69;Torrö;;Y;SFB6224;N;Y;N;;;FX;;GNS, LHP;110.29;0.00;Fiber/Plastic;;1979-10-03;4M1;1979-01-01;;2000-01-01
SWE000003592;;SWE;;;6.82;0.00;0.00;;10.30;0.00;INLA;SFB6227;ÅS31;Åhus;;Y;SFB6227;N;Y;N;;;FX;;GNS, FPO;45.59;0.00;Wood;;1979-10-03;4M1;1942-01-01;;2001-10-02
SWE000003598;;SWE;;;9.80;0.00;0.00;;10.30;0.00;BAT-SEBA;SFB6233;GG102;Donsö;;Y;SFB6233;N;Y;N;;;FX;;OTB;86.03;0.00;Wood;;1979-10-11;MFL;1979-01-01;;
SWE000003599;;SWE;;;5.00;0.00;0.00;;8.00;0.00;PACIFIC;SFB6236;ON31;Greece;;Y;SFB6236;N;;;;;FX;;GNS, NO;33.09;0.00;Wood;;1991-01-25;MFL;1973-01-01;;2015-11-23
SWE000003604;;SWE;;;0.34;0.00;0.00;;5.70;0.00;ANNA;SFB6241;VY87;Slite;;Y;SFB6241;N;Y;N;;;FX;;GNS;5.88;0.00;Wood;;1979-10-16;4M1;1967-01-01;;2000-11-16
SWE000003607;;SWE;;;2.55;0.00;0.00;;7.80;0.00;KAJSA;SFB6244;VY89;Herrvik;;Y;SFB6244;N;Y;N;;;FX;;GNS;22.06;0.00;Fiber/Plastic;;1979-10-18;MFL;1979-01-01;;2013-10-29
SWE000003610;;SWE;;;9.04;0.00;0.00;;10.65;0.00;SOLAMIT;SFB6247;VY101;Bungenäs;;Y;SFB6247;N;Y;N;;;FX;;GNS;88.24;0.00;Wood;;1979-10-23;4M1;1947-01-01;;2001-02-19
SWE000003616;;SWE;;;6.44;0.00;0.00;;10.30;0.00;LAGUN;SFB6253;GE33;Gårdskär;;Y;SFB6253;N;Y;N;;;FX;;GNS;95.59;0.00;Metal;;1979-10-29;MFL;1979-01-01;;2010-09-17
SWE000003617;;SWE;;;5.82;0.00;0.00;;9.10;0.00;THERESE;SFB6254;LA11;Borstahusen;;Y;SFB6254;N;Y;N;;;FX;;FPO, GNS;67.00;0.00;Fiber/Plastic;;1979-10-29;MFL;1979-01-01;;2023-06-01
SWE000003618;;SWE;;;7.82;0.00;0.00;;8.50;0.00;BJÖRN;SFB6255;GG143;Klädesholmen;;Y;SFB6255;N;Y;N;;;FX;;FPO, GND;77.94;0.00;Wood;;1979-10-31;MFL;1979-01-01;;
SWE000003622;;SWE;;;8.64;0.00;0.00;;9.60;0.00;KINGSTON AV HASSLÖ;SFB6259;KA49;Hasslö;;Y;SFB6259;N;Y;N;;;FX;;GNS, LHP;56.00;0.00;Wood;;1979-11-01;MFL;1979-01-01;;
SWE000003623;;SWE;;;6.22;0.00;0.00;;9.20;0.00;MARIA II;SFB6260;VY37;Sjaustru;;Y;SFB6260;N;Y;N;;;FX;;GNS;59.00;0.00;Wood;;1979-11-05;MFL;1965-01-01;;2017-08-22
SWE000003624;;SWE;;;3.86;0.00;0.00;;9.00;0.00;MARIA;SFB6262;GG573;Källö-Knippla;;Y;SFB6262;N;Y;N;;;FX;;FPO, GND;58.82;0.00;Fiber/Plastic;;1979-11-08;F32;1979-01-01;;1996-03-25
SWE000003625;;SWE;;;4.98;0.00;0.00;;8.85;0.00;SKRAKEN;SFB6263;SM165;Fejan;;Y;SFB6263;N;Y;N;;;FX;;GNS;95.59;0.00;Fiber/Plastic;;1979-11-12;4M1;1979-01-01;;1999-06-22
SWE000003627;;SWE;;;2.57;0.00;0.00;;5.36;0.00;BÄVERN;SFB6265;HD6;Laxvik;;Y;SFB6265;N;Y;N;;;FX;;FPO, GNS;22.06;6.25;Fiber/Plastic;;1979-11-13;MFL;1975-01-01;;2008-04-10
SWE000003628;;SWE;;;3.21;0.00;0.00;;7.60;0.00;VINDÖ;SFB6266;GG42;Skärhamn;;Y;SFB6266;N;Y;N;;;FX;;FPO, GND;44.12;0.00;Fiber/Plastic;;1979-11-13;MFL;1979-01-01;;2007-09-24
SWE000003632;265527320;SWE;;;16.56;0.00;0.00;;12.50;0.00;ELSA;SFB6270;LÅ39;Luleå;;Y;SFB6270;Y;N;Y;;;FX;;PTB, GNS;294.00;0.00;Metal;;1979-11-20;MFL;1979-01-01;;
SWE000003633;;SWE;;;5.28;0.00;0.00;;7.60;0.00;LOBSTER;SFB6271;HG95;Nyhamnsläge;;Y;SFB6271;N;Y;N;;;FX;;GNS;16.18;0.00;Fiber/Plastic;;1979-11-21;4M1;1979-01-01;;2002-12-19
SWE000003634;265681130;SWE;;;15.79;0.00;0.00;;11.32;0.00;WARDÖ;SFB6272;LL813;Smögen;;Y;SFB6272;N;Y;Y;;;FX;;TBN, NO;66.18;0.00;Wood;;1979-11-20;MFL;1979-01-01;;
SWE000003635;;SWE;;;6.20;0.00;0.00;;8.26;0.00;FRI;SFB6273;HG599;Råå;;Y;SFB6273;N;Y;N;;;FX;;GNS;33.09;0.00;Wood;;1979-11-21;MFL;1929-01-01;;2003-05-01
SWE000003636;;SWE;;;0.87;0.00;0.00;;6.27;0.00;GOLDEN;SFB6274;KN7;Karlshamn;;Y;SFB6274;N;Y;N;;;FX;;GNS, NO;7.35;0.00;Wood;;1993-10-28;4M1;1964-01-01;;2001-01-04
SWE000003637;;SWE;;;9.49;0.00;0.00;;10.50;0.00;OKNÖ;SFB6277;ON101;Mönsterås;;Y;SFB6277;N;Y;N;;;FX;;GNS, NO;125.00;0.00;Wood;;1981-01-21;MFL;1950-01-01;;2005-06-30
SWE000003639;;SWE;;;0.91;0.00;0.00;;6.70;0.00;No name;SFB6279;UÅ27;Holmsund;;Y;SFB6279;N;Y;N;;;FX;;FPO, GNS;29.42;0.00;Fiber/Plastic;;1979-11-28;MFL;1979-01-01;;2016-06-26
SWE000003642;;SWE;;;3.61;0.00;0.00;;7.62;0.00;HANNA;SFB6282;SG28;Hanö;;Y;SFB6282;N;Y;N;;;FX;;GNS;26.47;0.00;Fiber/Plastic;;1979-11-30;MFL;1979-01-01;;2004-09-01
SWE000003646;;SWE;;;6.51;0.00;0.00;;10.00;0.00;SOFIA;SFB6287;LL997;Grundsund;;Y;SFB6287;N;Y;N;;;FX;;FPO, LLS;136.03;0.00;Fiber/Plastic;;1979-12-05;4M1;1979-01-01;;1998-08-06
SWE000003647;;SWE;;;3.86;0.00;0.00;;9.00;0.00;BELINDA;SFB6288;GG704;Hönö;;Y;SFB6288;N;Y;N;;;FX;;GND, OTB;88.24;0.00;Fiber/Plastic;;1992-07-07;F32;1979-01-01;;
SWE000003649;;SWE;;;0.68;0.00;0.00;;5.90;0.00;STORMFÅGELN;SFB6291;ÅS7;Gropahålet;;Y;SFB6291;N;Y;N;;;FX;;GNS, LHP;12.50;0.00;Wood;;1979-12-06;F31;1978-01-01;;1996-08-29
SWE000003652;;SWE;;;4.99;0.00;0.00;;9.00;0.00;EVA ANETTE;SFB6294;VY235;Herrvik;;Y;SFB6294;N;Y;N;;;FX;;GNS;51.47;0.00;Wood;;1979-12-06;MFL;1945-01-01;2010-05-31;
SWE000003653;;SWE;;;9.48;0.00;0.00;;9.65;0.00;SOFIE;SFB6295;KN45;Karlshamn;;Y;SFB6295;N;Y;N;;;FX;;GNS;66.18;0.00;Fiber/Plastic;;1979-12-10;MFL;1979-01-01;;2021-11-18
SWE000003654;;SWE;;;1.08;0.00;0.00;;6.55;0.00;KIA;SFB6297;KR103;Kalmar;;Y;SFB6297;N;Y;N;;;FX;;GNS;20.59;0.00;Fiber/Plastic;;1979-12-09;MFL;1979-01-01;;
SWE000003655;;SWE;;;1.68;0.00;0.00;;7.20;0.00;EVA;SFB6298;KR105;"Sandvik"", Öland";;Y;SFB6298;N;Y;N;;;FX;;FPO, GNS;16.18;0.00;Wood;;1979-12-10;MFL;1970-01-01;;
SWE000003659;;SWE;;;1.14;0.00;0.00;;6.70;0.00;No name;SFB6303;UÅ28;Skelleftehamn;;Y;SFB6303;N;Y;N;;;FX;;GNS, FPO;10.29;0.00;Fiber/Plastic;;1979-12-14;MFL;1979-01-01;;2003-08-21
SWE000003660;;SWE;;;2.87;0.00;0.00;;7.00;0.00;CAMILLA;SFB6304;GG883;Hönö;;Y;SFB6304;N;Y;N;;;FX;;FPO, GNS;14.71;0.00;Wood;;1995-03-20;MFL;1975-01-01;;2013-09-17
SWE000003665;;SWE;;;17.88;0.00;0.00;;11.76;0.00;FALKEN;SFB6310;KA267;"Ekenabben"", Sturkö";;Y;SFB6310;N;Y;N;;;FX;;GNS, NO;77.21;0.00;Wood;;1979-12-28;F31;1930-01-01;1996-06-06;
SWE000003666;265681420;SWE;;;12.00;0.00;0.00;;11.50;0.00;STAR;SFB6311;SG8;Hörvik;;Y;SFB6311;N;Y;Y;;;FX;;GNS, LHP;106.65;0.00;Wood;;1979-12-27;MFL;1939-01-01;;
SWE000003667;;SWE;;;3.33;0.00;0.00;;7.50;0.00;ANITA;SFB6312;KA35;"Sandhamn"", Karlskrona";;Y;SFB6312;N;Y;N;;;FX;;GNS, FPO;24.00;0.00;Fiber/Plastic;;1980-01-02;F31;1979-01-01;;1996-10-01
SWE000003670;;SWE;;;5.50;0.00;0.00;;8.54;0.00;FELIX;SFB6315;MÖ4;Limhamn;;Y;SFB6315;N;Y;N;;;FX;;GNS;22.06;0.00;Wood;;1980-01-07;MFL;1979-01-01;;2008-06-20
SWE000003671;;SWE;;;16.73;0.00;0.00;;11.99;0.00;UDDVIK;SFB6316;HA89;Storön;;Y;SFB6316;N;Y;N;;;FX;;PTB, GNS;172.06;0.00;Metal;;1980-01-08;MFL;1978-01-01;;2006-09-25
SWE000003673;265676610;SWE;;;9.15;0.00;0.00;;11.15;0.00;MAUDAN;SFB6321;GG102;Hönö;;Y;SFB6321;N;Y;Y;;;FX;;FPO, GND;183.82;0.00;Fiber/Plastic;;1980-01-13;MFL;1979-01-01;;
SWE000003674;;SWE;;;1.78;0.00;0.00;;7.50;0.00;TÅNGÖN;SFB6322;LL154;Fisketången;;Y;SFB6322;N;Y;N;;;FX;;FPO, LTL;22.79;0.00;Wood;;1980-01-14;MFL;1954-01-01;;2018-05-04
SWE000003676;;SWE;;;5.74;0.00;0.00;;8.70;0.00;ELISABET;SFB6325;SD11;Strömstad;;Y;SFB6325;N;N;N;;;FX;;FPO;55.15;0.00;Fiber/Plastic;;1980-01-15;MFL;1979-01-01;;
SWE000003679;;SWE;;;0.66;0.00;0.00;;6.10;0.00;DRUTTEN;SFB6328;VK9;Västervik;;Y;SFB6328;N;Y;N;;;FX;;GNS;20.00;0.00;Fiber/Plastic;;1980-01-21;MFL;1975-01-01;;
SWE000003680;;SWE;;;2.95;0.00;0.00;;8.15;0.00;PILSKÄR;SFB6329;GE42;Harkskär;;Y;SFB6329;N;Y;N;;;FX;;GNS, NO;110.29;0.00;Fiber/Plastic;;1980-01-21;MFL;1979-01-01;;
SWE000003683;;SWE;;;1.60;0.00;0.00;;7.80;0.00;EJO;SFB6335;NRG35;Skogsholmen;;Y;SFB6335;N;Y;N;;;FX;;GNS;14.71;0.00;Wood;;1980-01-28;MFL;1940-01-01;;2016-02-15
SWE000003684;;SWE;;;3.16;0.00;0.00;;7.50;0.00;SILLA;SFB6336;ÅS8;Åhus;;Y;SFB6336;N;Y;N;;;FX;;GNS, GND;16.18;0.00;Fiber/Plastic;;1980-01-28;MFL;1979-01-01;;2003-10-03
SWE000003694;;SWE;;;2.13;0.00;0.00;;7.50;0.00;LAHÄLL;SFB6349;LL167;Lilla Hammar;;Y;SFB6349;N;Y;N;;;FX;;FPO;44.85;0.00;Wood;;1980-02-06;4M1;1980-01-01;;1997-01-17
SWE000003695;;SWE;;;1.45;0.00;0.00;;7.50;0.00;No name;SFB6350;SD388;Havstenssund;;Y;SFB6350;N;Y;N;;;FX;;FPO, LTL;17.65;0.00;Fiber/Plastic;;1980-02-05;MFL;1974-01-01;;
SWE000003697;;SWE;;;0.35;0.00;0.00;;5.50;0.00;ANNA;SFB6352;LL205;Håbäck;;Y;SFB6352;N;Y;N;;;FX;;SB, NO;5.88;0.00;Wood;;1995-02-13;4M1;1979-01-01;;1997-07-12
SWE000003699;;SWE;;;1.29;0.00;0.00;;6.75;0.00;No name;SFB6354;SG95;Krokås;;Y;SFB6354;N;Y;N;;;FX;;GNS, NO;14.71;0.00;Wood;;1980-02-07;MFL;1956-01-01;;2010-06-05
SWE000003700;;SWE;;;4.50;0.00;0.00;;7.30;0.00;LANA;SFB6355;KR42;Mörbylånga;;Y;SFB6355;N;Y;N;;;FX;;GNS;26.47;0.00;Fiber/Plastic;;1980-02-07;MFL;1979-01-01;;2012-03-03
SWE000003701;;SWE;;;0.67;0.00;0.00;;6.00;0.00;No name;SFB6356;VK16;Ytterby;;Y;SFB6356;N;Y;N;;;FX;;GNS;13.24;0.00;Fiber/Plastic;;1980-02-11;4M1;1976-01-01;;2001-11-01
SWE000003703;;SWE;;;1.73;0.00;0.00;;7.10;0.00;HUTTEN;SFB6358;ON14;Vinö;;Y;SFB6358;N;Y;N;;;FX;;FPO;28.00;0.00;Fiber/Plastic;;1980-02-10;MFL;1978-01-01;;
SWE000003704;;SWE;;;2.83;0.00;0.00;;8.85;0.00;BENDIX;SFB6359;GG259;Lerkil;;Y;SFB6359;N;Y;N;;;FX;;OTB, NO;128.68;0.00;Fiber/Plastic;;1980-02-12;4M4;1979-01-01;;1999-03-08
SWE000003706;;SWE;;;2.72;0.00;0.00;;6.50;0.00;ELIDA;SFB6361;HG105;Torekov;;Y;SFB6361;N;Y;N;;;FX;;GNS;18.38;0.00;Fiber/Plastic;;1980-02-12;F32;1973-01-01;;1996-10-01
SWE000003707;;SWE;;;1.01;0.00;0.00;;6.45;0.00;VIGELA;SFB6362;SIN29;Skillinge;;Y;SFB6362;N;Y;N;;;FX;;FPO;11.03;0.00;Fiber/Plastic;;1980-02-12;4M1;1980-01-01;;2001-07-24
SWE000003710;;SWE;;;4.58;0.00;0.00;;7.60;0.00;ÅSA;SFB6365;HG134;Mölle;;Y;SFB6365;N;Y;N;;;FX;;GNS;26.47;0.00;Fiber/Plastic;;1982-08-03;4M1;1980-01-01;;1997-12-01
SWE000003712;266326000;SWE;;;14.76;0.00;0.00;;11.90;0.00;CARONA;SFB6367;SD262;Resö;;Y;SFB6367;Y;Y;Y;;;FX;;OTB;250.00;0.00;Wood;;1980-07-08;MFL;1980-01-01;;
SWE000003714;;SWE;;;1.72;0.00;0.00;;6.20;0.00;No name;SFB6371;HL11;;;Y;SFB6371;N;N;N;;;FX;;GNS, FPO;20.59;0.00;Wood;;1980-02-25;MFL;1974-01-01;;2009-04-21
SWE000003722;;SWE;;;7.34;0.00;0.00;;9.70;0.00;VIKTORIA;SFB6382;SM161;Öregrund;;Y;SFB6382;N;Y;N;;;FX;;GNS;36.76;0.00;Wood;;1980-03-05;MFL;1952-01-01;;2004-02-14
SWE000003724;;SWE;;;7.07;0.00;0.00;;9.50;0.00;NEPTUN;SFB6384;SG453;Nogersund;;Y;SFB6384;N;Y;N;;;FX;;GNS, LHP;144.12;0.00;Fiber/Plastic;;1994-10-05;MFL;1979-01-01;;
SWE000003725;;SWE;;;0.68;0.00;0.00;;6.05;0.00;MÅSEN;SFB6386;ÅS9;;;Y;SFB6386;N;;;;;FX;;GNS;29.41;0.00;Fiber/Plastic;;1980-03-12;F32;1978-01-01;;1996-09-04
SWE000003728;;SWE;;;4.47;0.00;0.00;;9.92;0.00;ÖRNEN;SFB6390;GG111;Lerkil;;Y;SFB6390;N;Y;N;;;FX;;GND, GNS;141.18;0.00;Fiber/Plastic;;1980-03-18;MFL;1980-01-01;;2019-05-01
SWE000003732;;SWE;;;6.13;0.00;0.00;;10.06;0.00;ISABELLE;SFB6394;;Knippla;;Y;SFB6394;N;Y;N;;;FX;;FPO;141.18;0.00;Fiber/Plastic;;1980-03-20;MFL;1979-01-01;;2015-10-21
SWE000003733;;SWE;;;0.95;0.00;0.00;;6.25;0.00;VEGA;SFB6396;MÖ102;Skanör;;Y;SFB6396;N;Y;N;;;FX;;GNS;8.82;0.00;Fiber/Plastic;;1980-03-20;4M1;1980-01-01;;1997-01-01
SWE000003736;;SWE;;;3.04;0.00;0.00;;7.10;0.00;No name;SFB6399;YD45;Abbekås;;Y;SFB6399;N;Y;N;;;FX;;FPO, GNS;23.53;0.00;Fiber/Plastic;;1980-03-25;MFL;1978-01-01;;2013-05-03
SWE000003740;;SWE;;;4.36;0.00;0.00;;8.50;0.00;TAIFUN;SFB6406;ON15;Höganäs;;Y;SFB6406;N;Y;N;;;FX;;GNS;36.76;0.00;Fiber/Plastic;;1980-04-03;4M1;1980-01-01;;2001-10-16
SWE000003747;;SWE;;;9.37;0.00;0.00;;9.90;0.00;VÄSTBRIS;SFB6417;SG51;Nogersund;;Y;SFB6417;N;Y;N;;;FX;;GNS, LHP;65.00;0.00;Wood;;1980-04-15;MFL;1980-01-01;;2015-05-14
SWE000003749;;SWE;;;5.34;0.00;0.00;;9.75;0.00;ISA II;SFB6421;SD29;Hamburgsund;;Y;SFB6421;N;Y;N;;;FX;;FPO;162.00;0.00;Fiber/Plastic;;1980-04-16;MFL;1980-01-01;;
SWE000003756;;SWE;;;1.78;0.00;0.00;;6.85;0.00;ELISE;SFB6430;LL92;Hällevikstrand;;Y;SFB6430;N;Y;N;;;FX;;FPO;19.85;0.00;Fiber/Plastic;;1980-04-28;MFL;1980-01-01;;2016-02-05
SWE000003759;;SWE;;;3.88;0.00;0.00;;8.15;0.00;NINA;SFB6433;HA20;Sangis;;Y;SFB6433;N;Y;N;;;FX;;GNS;95.68;0.00;Fiber/Plastic;;1991-09-17;MFL;1980-01-01;;
SWE000003762;;SWE;;;3.71;0.00;0.00;;7.60;0.00;SKUTSKÄR;SFB6437;KR37;Bläsinge;;Y;SFB6437;N;Y;N;;;FX;;GNS;19.85;0.00;Wood;;1980-05-12;MFL;1980-01-01;;2013-01-23
SWE000003769;;SWE;;;1.78;0.00;0.00;;7.10;0.00;SANNA;SFB6444;KA175;Hasslö;;Y;SFB6444;N;Y;N;;;FX;;GNS, FPO;16.18;0.00;Fiber/Plastic;;1980-05-19;MFL;1980-01-01;;2004-02-03
SWE000003775;;SWE;;;1.45;0.00;0.00;;6.50;0.00;THEA;SFB6450;SIN88;Kivik;;Y;SFB6450;N;Y;N;;;FX;;FPO, NO;14.71;0.00;Fiber/Plastic;;1980-05-23;MFL;1979-01-01;;2017-09-15
SWE000003778;;SWE;;;2.93;0.00;0.00;;8.00;0.00;BLIDÖ;SFB6455;YD5;Ystad;;Y;SFB6455;N;Y;N;;;FX;;GNS;58.82;0.00;Wood;;1980-05-27;4M1;1967-01-01;;2001-01-23
SWE000003779;;SWE;;;1.12;0.00;0.00;;6.65;0.00;No name;SFB6456;TG138;Gislövs Läge;;Y;SFB6456;N;Y;N;;;FX;;FPO, GNS;16.18;0.00;Fiber/Plastic;;1980-05-27;4M1;1978-01-01;;
SWE000003783;;SWE;;;2.52;0.00;0.00;;7.90;0.00;MAJA;SFB6465;NRG40;Arkösund;;Y;SFB6465;N;Y;N;;;FX;;GNS;26.47;0.00;Wood;;1980-05-30;4M1;1967-01-01;;1997-12-23
SWE000003784;;SWE;;;9.14;0.00;0.00;;10.80;0.00;ELIZA;SFB6466;KR20;Böda;;Y;SFB6466;N;Y;N;;;FX;;GNS, LHP;67.65;0.00;Metal;;1980-06-02;MFL;1975-01-01;;2015-06-18
SWE000003788;;SWE;;;2.22;0.00;0.00;;7.50;0.00;BELTANA;SFB6470;SD490;Havstenssund;;Y;SFB6470;N;Y;N;;;FX;;FPO, GND;36.76;0.00;Fiber/Plastic;;1980-06-04;MFL;1980-01-01;;2016-07-21
SWE000003789;;SWE;;;12.88;0.00;0.00;;11.95;0.00;IKAROSS;SFB6471;GG335;Bleket;;Y;SFB6471;N;Y;N;;;FX;;GNS, FPO;191.18;0.00;Metal;;1980-06-04;4M1;1980-01-01;;
SWE000003790;;SWE;;;9.42;0.00;0.00;;9.60;0.00;TRITON;SFB6472;KR37;Bläsinge;;Y;SFB6472;N;Y;N;;;FX;;GNS;35.00;0.00;Metal;;1980-06-04;MFL;1980-01-01;;
SWE000003792;;SWE;;;2.59;0.00;0.00;;9.00;0.00;DROTT;SFB6479;KR56;Degerhamn;;Y;SFB6479;N;Y;N;;;FX;;GNS, FPO;38.24;0.00;Wood;;1998-05-19;4M1;1968-01-01;;2001-10-02
SWE000003793;;SWE;;;7.40;0.00;0.00;;10.06;0.00;LOUISE;SFB6480;MÖ62;Lomma;;Y;SFB6480;N;Y;N;;;FX;;GNS, LHP;272.13;0.00;Fiber/Plastic;;1980-06-10;MFL;1978-01-01;;
SWE000003795;;SWE;;;12.36;0.00;0.00;;10.57;0.00;ALBATROSS VÄST;SFB6483;GG664;Hönö;;Y;SFB6483;N;Y;N;;;FX;;OTB;184.00;0.00;Fiber/Plastic;;1980-06-12;MFL;1980-01-01;;2004-05-27
SWE000003799;;SWE;;;17.53;0.00;0.00;;10.90;0.00;SABINA;SFB6490;KA11;Sturkö;;Y;SFB6490;N;Y;N;;;FX;;GNS, LHP;88.24;0.00;Metal;;1980-06-16;MFL;1980-01-01;;
SWE000003802;;SWE;;;6.24;0.00;0.00;;9.98;0.00;KINGSTON;SFB6494;GG800;Fotö;;Y;SFB6494;N;Y;N;;;FX;;GND, GNS;145.00;0.00;Fiber/Plastic;;1980-06-19;MFL;1975-01-01;;2010-12-10
SWE000003804;;SWE;;;11.70;0.00;0.00;;10.57;0.00;CARINA;SFB6497;SD6;Heestrand;;Y;SFB6497;N;Y;N;;;FX;;FPO, GND;110.29;0.00;Fiber/Plastic;;1980-06-19;4M4;1976-01-01;;1997-10-21
SWE000003805;;SWE;;;2.28;0.00;0.00;;6.30;0.00;No name;SFB6499;GG1110;Röra Strand;;Y;SFB6499;N;Y;N;;;FX;;GNS;16.18;0.00;Fiber/Plastic;;1980-06-19;4M1;1980-01-01;;1999-01-08
SWE000003810;;SWE;;;0.63;0.00;0.00;;6.10;0.00;No name;SFB6510;TG64;Östra Torp;;Y;SFB6510;N;Y;N;;;FX;;FPO, GNS;11.03;0.00;Fiber/Plastic;;1980-07-01;MFL;1979-01-01;;2019-06-28
SWE000003814;;SWE;;;4.29;0.00;0.00;;8.70;0.00;No name;SFB6514;ON16;Runnö;;Y;SFB6514;N;Y;N;;;FX;;GNS, NO;53.00;0.00;Fiber/Plastic;;1980-07-03;4M1;1980-01-01;;2001-03-20
SWE000003815;;SWE;;;4.80;0.00;0.00;;9.00;0.00;CARNEVAL;SFB6516;HA90;Kalix-Nyborg;;Y;SFB6516;N;Y;N;;;FX;;PTB, NO;58.82;0.00;Wood;;1980-07-03;4M3;1979-01-01;;2001-10-04
SWE000003820;;SWE;;;11.16;0.00;0.00;;10.82;0.00;BOSKÄR;SFB6524;GG1151;"Sandvik"", Styrsö";;Y;SFB6524;N;Y;N;;;FX;;FPO, GND;151.47;0.00;Fiber/Plastic;;1980-07-09;MFL;1980-01-01;;2016-03-11
SWE000003826;;SWE;;;3.11;0.00;0.00;;8.20;0.00;MARINE;SFB6534;GG440;Asperö;;Y;SFB6534;N;Y;N;;;FX;;FPO;36.76;0.00;Fiber/Plastic;;1980-07-16;MFL;1979-01-01;;2006-06-03
SWE000003827;;SWE;;;2.34;0.00;0.00;;7.80;0.00;EREBUS;SFB6535;ON25;Runnö;;Y;SFB6535;N;Y;N;;;FX;;FPO, GNS;95.59;0.00;Fiber/Plastic;;1980-07-15;MFL;1980-01-01;;
SWE000003829;;SWE;;;1.80;0.00;0.00;;7.40;0.00;No name;SFB6538;UÅ38;;;Y;SFB6538;N;N;N;;;FX;;GNS, NO;26.47;0.00;Fiber/Plastic;;1980-07-17;MFL;1970-01-01;;2019-06-28
SWE000003832;;SWE;;;3.41;0.00;0.00;;7.10;0.00;No name;SFB6547;YD25;"Hörte"", Skåne";;Y;SFB6547;N;Y;N;;;FX;;GNS;26.47;0.00;Fiber/Plastic;;1980-07-21;MFL;1980-01-01;;2014-12-02
SWE000003833;;SWE;;;3.54;0.00;0.00;;7.95;0.00;MIA;SFB6548;SIN137;Hörvik;;Y;SFB6548;N;Y;N;;;FX;;GNS, NO;58.00;0.00;Fiber/Plastic;;1980-07-22;MFL;1980-01-01;;
SWE000003834;;SWE;;;3.76;0.00;0.00;;9.20;0.00;TUDOR;SFB6554;SD393;Tegelstrand;;Y;SFB6554;N;Y;N;;;FX;;FPO, NO;55.88;0.00;Wood;;1980-07-24;4M1;1940-01-01;;2002-02-03
SWE000003844;;SWE;;;7.25;0.00;0.00;;10.80;0.00;ELISA;SFB6578;GE43;Gudinge;;Y;SFB6578;N;Y;N;;;FX;;GNS;156.00;0.00;Metal;;1980-08-15;MFL;1980-01-01;;2011-05-03
SWE000003845;;SWE;;;12.76;0.00;0.00;;11.70;0.00;NORD-VÄST;SFB6580;SM166;Nynäshamn;;Y;SFB6580;N;Y;N;;;FX;;GNS;62.50;0.00;Wood;;1980-08-15;MFL;1938-01-01;;2018-11-27
SWE000003851;;SWE;;;2.13;0.00;0.00;;6.05;0.00;No name;SFB6595;UÅ33;Yttervik;;Y;SFB6595;N;Y;N;;;FX;;FPO, GNS;14.71;0.00;Fiber/Plastic;;1980-08-26;MFL;1976-01-01;;2013-05-28
SWE000003856;;SWE;;;1.67;0.00;0.00;;6.10;0.00;No name;SFB6602;VK22;"Ekö"", Västervik";;Y;SFB6602;N;Y;N;;;FX;;FPO;12.50;0.00;Fiber/Plastic;;1980-08-26;MFL;1976-01-01;;
SWE000003858;;SWE;;;6.64;0.00;0.00;;9.95;0.00;MALIN;SFB6609;LL175;Hunnebostrand;;Y;SFB6609;N;Y;N;;;FX;;FPO;77.94;0.00;Fiber/Plastic;;1980-09-02;MFL;1979-01-01;;
SWE000003865;;SWE;;;4.71;0.00;0.00;;8.00;0.00;WESTERN;SFB6618;KA87;Gö;;Y;SFB6618;N;Y;N;;;FX;;GNS, NO;16.18;0.00;Wood;;1980-09-10;4M1;1979-01-01;2000-01-10;
SWE000003868;;SWE;;;3.37;0.00;0.00;;7.60;0.00;SYDBRIS;SFB6623;ON59;Svartö;;Y;SFB6623;N;Y;N;;;FX;;GNS;24.26;0.00;Fiber/Plastic;;1980-09-11;MFL;1980-01-01;;2023-09-28
SWE000003870;;SWE;;;1.33;0.00;0.00;;6.70;0.00;SILJAN;SFB6625;SG448;Hanö;;Y;SFB6625;N;Y;N;;;FX;;GNS;18.38;0.00;Wood;;1980-09-12;MFL;1975-01-01;;2004-01-20
SWE000003872;;SWE;;;8.97;0.00;0.00;;11.20;0.00;EMMA ELLINOR;SFB6627;HA50;Storön;;Y;SFB6627;N;Y;N;;;FX;;GNS;88.00;0.00;Wood;;1994-08-18;MFL;1976-01-01;;2019-07-03
SWE000003873;;SWE;;;3.67;0.00;0.00;;7.85;0.00;FOTEVIK;SFB6629;MÖ56;Klagshamn;;Y;SFB6629;N;Y;N;;;FX;;GNS;62.50;0.00;Fiber/Plastic;;1980-09-16;MFL;1980-01-01;;
SWE000003878;;SWE;;;3.86;0.00;0.00;;9.00;0.00;VÄSTAN-GRUND;SFB6637;LÅ11;Storbrändön;;Y;SFB6637;N;Y;N;;;FX;;PTB, NO;58.82;0.00;Fiber/Plastic;;1980-09-23;4M3;1980-01-01;;2001-11-09
SWE000003879;;SWE;;;10.09;0.00;0.00;;10.10;0.00;MARGARETA;SFB6638;SG104;Hörvik;;Y;SFB6638;N;Y;N;;;FX;;GND, GNS;58.82;0.00;Fiber/Plastic;;1980-09-23;4M1;1978-01-01;;2000-02-14
SWE000003881;;SWE;;;5.56;0.00;0.00;;8.30;0.00;MÅSEN;SFB6640;VK114;Väderskär;;Y;SFB6640;N;Y;N;;;FX;;FPO, GNS;22.06;0.00;Wood;;1980-09-24;MFL;1980-01-01;;2017-04-03
SWE000003884;;SWE;;;6.98;0.00;0.00;;9.06;0.00;VERONA;SFB6647;SG54;Hanö;;Y;SFB6647;N;Y;N;;;FX;;LHP, GNS;26.47;0.00;Wood;;1980-09-30;MFL;1980-01-01;;2023-02-03
SWE000003887;;SWE;;;11.39;0.00;0.00;;10.70;0.00;ASKHOLMA TROSA;SFB6651;NG8;Trosa;;Y;SFB6651;N;Y;N;;;FX;;GNS;90.00;0.00;Wood;;1980-10-06;MFL;1948-01-01;;2019-01-09
SWE000003888;;SWE;;;3.07;0.00;0.00;;8.30;0.00;GANÖN;SFB6652;KR230;Kårehamn;;Y;SFB6652;N;Y;N;;;FX;;GNS;36.76;0.00;Fiber/Plastic;;1980-10-07;F32;1980-01-01;;
SWE000003889;;SWE;;;4.14;0.00;0.00;;7.85;0.00;NORDÖ;SFB6655;KN16;Karlshamn-Vägga;;Y;SFB6655;N;Y;N;;;FX;;GNS, LHP;36.76;0.00;Fiber/Plastic;;1994-11-18;4M1;1980-01-01;;1998-01-21
SWE000003891;;SWE;;;15.66;0.00;0.00;;11.13;0.00;INGRID;SFB6657;HL79;Lönnångersfjärden;;Y;SFB6657;N;Y;N;;;FX;;GNS, NO;110.29;0.00;Metal;;1980-10-08;MFL;1980-01-01;;2023-08-02
SWE000003892;265034910;SWE;;;18.00;0.00;0.00;;11.99;0.00;RAMONA AF SESKARÖ;SFB6658;HA23;Seskarö;;Y;SFB6658;N;Y;Y;;;FX;;PTB, GNS;294.00;0.00;Metal;;1980-10-07;MFL;1980-01-01;;
SWE000003893;;SWE;;;3.09;0.00;0.00;;8.92;0.00;MARIE AF KÅSEBERGA;SFB6659;YD36;Kåseberga;;Y;SFB6659;N;Y;N;;;FX;;GNS;25.74;0.00;Wood;;1980-10-09;MFL;1973-01-01;;2023-05-24
SWE000003894;;SWE;;;10.73;0.00;0.00;;11.53;0.00;CHRISTINA;SFB6661;SM93;Krokskär;;Y;SFB6661;N;Y;N;;;FX;;GNS, FPO;117.65;0.00;Metal;;1980-10-13;MFL;1980-01-01;;2012-05-06
SWE000003899;;SWE;;;0.92;0.00;0.00;;6.30;0.00;No name;SFB6672;KA91;Styrsvik;;Y;SFB6672;N;Y;N;;;FX;;FPO, NO;11.03;0.00;Fiber/Plastic;;1980-10-22;4M1;1980-01-01;;1999-08-29
SWE000003907;;SWE;;;7.57;0.00;0.00;;10.70;0.00;SIRIUS;SFB6681;LL11;Mollösund;;Y;SFB6681;N;Y;N;;;FX;;GND, LHP;96.00;0.00;Fiber/Plastic;;1980-10-30;MFL;1980-01-01;;2011-03-02
SWE000003908;;SWE;;;1.06;0.00;0.00;;6.50;0.00;No name;SFB6682;YD43;Abbekås;;Y;SFB6682;N;Y;N;;;FX;;GNS, FPO;16.18;0.00;Fiber/Plastic;;1980-10-30;4M1;1980-01-01;;2001-01-23
SWE000003910;;SWE;;;3.58;0.00;0.00;;7.40;0.00;No name;SFB6687;HG42;"Viken"", Höganäs";;Y;SFB6687;N;Y;N;;;FX;;FPO, GNS;14.71;0.00;Wood;;1980-11-05;F32;1965-01-01;;1996-10-01
SWE000003912;;SWE;;;10.68;0.00;0.00;;11.40;0.00;STRÄNGÖ III;SFB6689;ÖK20;Köpmanholmen;;Y;SFB6689;N;Y;N;;;FX;;GNS;58.82;0.00;Metal;;1980-11-12;F31;1980-01-01;;1996-09-30
SWE000003917;265011490;SWE;;;7.36;0.00;0.00;;9.98;0.00;FALKEN;SFB6695;LL486;Kungshamn;;Y;SFB6695;N;Y;Y;;;FX;;GNS, FPO;225.00;0.00;Fiber/Plastic;;1980-11-12;MFL;1980-01-01;;
SWE000003921;;SWE;;;9.08;0.00;0.00;;10.75;0.00;CORNELIA;SFB6702;SM82;Öregrund;;Y;SFB6702;N;Y;N;;;FX;;GNS;74.00;0.00;Fiber/Plastic;;1980-11-17;MFL;1980-01-01;;2021-10-18
SWE000003925;;SWE;;;4.58;0.00;0.00;;7.40;0.00;MARIE;SFB6709;KR116;Djursvik;;Y;SFB6709;N;Y;N;;;FX;;FPO, NO;22.06;0.00;Fiber/Plastic;;1980-11-27;MFL;1980-01-01;;2004-01-20
SWE000003929;;SWE;;;4.21;0.00;0.00;;9.50;0.00;RÖNÖ;SFB6715;GG1557;Fiskebäck;;Y;SFB6715;N;Y;N;;;FX;;FPO;88.24;0.00;Metal;;1980-12-02;MFL;1980-01-01;;2011-09-09
SWE000003930;;SWE;;;0.49;0.00;0.00;;6.08;0.00;ÅLEN;SFB6718;SIN96;Skillinge;;Y;SFB6718;N;Y;N;;;FX;;FPO, GNS;18.38;0.00;Wood;;1980-12-02;MFL;1969-01-01;;2022-02-22
SWE000003931;265690240;SWE;;;9.10;0.00;0.00;;11.20;0.00;ULRIKA;SFB6719;GG126;Bohus-Björkö;;Y;SFB6719;N;Y;Y;;;FX;;FPO, GND;154.45;0.00;Fiber/Plastic;;1980-12-10;MFL;1980-01-01;;
SWE000003933;;SWE;;;6.06;0.00;0.00;;8.00;0.00;PASSAD;SFB6721;SD397;Korshamn;;Y;SFB6721;N;Y;N;;;FX;;FPO, GNS;100.00;0.00;Fiber/Plastic;;1980-12-16;MFL;1980-01-01;;2008-02-27
SWE000003937;;SWE;;;15.03;0.00;0.00;;10.80;0.00;MONSUN;SFB6725;NG3;Nävekvarn;;Y;SFB6725;N;Y;N;;;FX;;GNS;79.41;0.00;Metal;;1981-03-19;MFL;1980-01-01;;2005-06-28
SWE000003938;;SWE;;;3.16;0.00;0.00;;8.40;0.00;LYCKTRÄFF;SFB6727;SM52;Fejan;;Y;SFB6727;N;Y;N;;;FX;;GNS;95.59;0.00;Fiber/Plastic;;1981-01-12;4M1;1980-01-01;;1999-09-22
SWE000003939;;SWE;;;11.42;0.00;0.00;;10.75;0.00;LAGUNEN;SFB6728;KA22;Hasslö;;Y;SFB6728;N;Y;N;;;FX;;GNS, OTB;225.00;0.00;Fiber/Plastic;;1981-01-13;MFL;1980-01-01;;
SWE000003941;;SWE;;;2.83;0.00;0.00;;8.60;0.00;NEPTUN;SFB6730;SD367;Grebbestad;;Y;SFB6730;N;Y;N;;;FX;;FPO, LTL;62.50;0.00;Fiber/Plastic;;1981-01-13;MFL;1980-01-01;;2013-09-17
SWE000003944;;SWE;;;9.26;0.00;0.00;;11.00;0.00;TÄRNAN;SFB6734;SM90;Torö;;Y;SFB6734;N;Y;N;;;FX;;GNS;198.53;0.00;Metal;;1981-01-14;4M1;1980-01-01;;2001-01-04
SWE000003953;;SWE;;;2.85;0.00;0.00;;7.90;0.00;BOTTA;SFB6744;KN17;Karlshamn-Vägga;;Y;SFB6744;N;Y;N;;;FX;;GNS, GND;11.03;0.00;Wood;;1981-01-21;4M1;1956-01-01;;2000-10-20
SWE000003957;265051120;SWE;;;10.82;11.00;0.00;;11.67;0.00;MIRANDA-MARIE;SFB6748;VG102;Bua;;Y;SFB6748;N;Y;Y;;;FX;;TBN, OTB;114.71;0.00;Wood;;1981-01-20;MFL;1980-01-01;;
SWE000003959;;SWE;;;9.86;0.00;0.00;;11.70;0.00;HULDA;SFB6752;ON17;Timmernabben;;Y;SFB6752;N;Y;N;;;FX;;GNS, LHP;95.59;0.00;Wood;;1981-01-26;MFL;1947-01-01;;2008-01-21
SWE000003964;;SWE;;;3.29;0.00;0.00;;9.00;0.00;ARAMIS;SFB6761;SM135;Mörkö;;Y;SFB6761;N;Y;N;;;FX;;GNS;106.62;0.00;Fiber/Plastic;;1981-02-02;MFL;1972-01-01;;2007-01-31
SWE000003965;;SWE;;;10.73;0.00;0.00;;10.80;0.00;BREMÖ;SFB6762;SL27;Junibosand;;Y;SFB6762;N;Y;N;;;FX;;GNS;58.82;0.00;Metal;;1981-02-02;F31;1980-01-01;1995-03-06;
SWE000003970;;SWE;;;3.85;0.00;0.00;;8.70;0.00;VÄNTA LITE;SFB6771;SM226;Ingmarsö;;Y;SFB6771;N;Y;N;;;FX;;GNS;14.71;0.00;Fiber/Plastic;;1981-02-12;4M1;1980-01-01;;2000-01-14
SWE000003971;;SWE;;;13.88;0.00;0.00;;10.80;0.00;CANDYA;SFB6772;YD35;Ystad;;Y;SFB6772;N;Y;N;;;FX;;GNS, LHP;154.45;0.00;Wood;;1981-02-19;MFL;1980-01-01;;2008-02-21
SWE000003975;;SWE;;;2.79;0.00;0.00;;7.80;0.00;AKETY;SFB6776;NG72;Hummelvik;;Y;SFB6776;N;Y;N;;;FX;;GNS;16.18;0.00;Wood;;1981-02-18;4M1;1950-01-01;1997-11-06;
SWE000003977;265738100;SWE;;;6.21;0.00;0.00;;8.95;0.00;ABRAXAS;SFB6779;SD614;Hamburgsund;;Y;SFB6779;N;Y;Y;;;FX;;FPO;88.24;0.00;Fiber/Plastic;;1981-12-16;MFL;1981-01-01;;
SWE000003980;;SWE;;;2.88;0.00;0.00;;7.50;0.00;SARAH;SFB6784;GG607;Rönnäng;;Y;SFB6784;N;Y;N;;;FX;;FPO;95.59;0.00;Fiber/Plastic;;1981-03-03;MFL;1977-01-01;;2007-05-24
SWE000003982;;SWE;;;6.57;0.00;0.00;;9.75;0.00;FOTEVIK;SFB6788;MÖ56;Klagshamn;;Y;SFB6788;N;Y;N;;;FX;;GNS;135.29;0.00;Fiber/Plastic;;1981-03-05;F31;1979-01-01;;
SWE000003983;;SWE;;;9.96;0.00;0.00;;9.90;0.00;KATARINA;SFB6789;SG58;Nogersund;;Y;SFB6789;N;Y;N;;;FX;;GNS, NO;58.82;0.00;Wood;;1981-03-10;MFL;1981-01-01;;2005-05-12
SWE000003984;;SWE;;;10.88;0.00;0.00;;10.45;0.00;KRISTINA;SFB6790;VY15;Herrvik;;Y;SFB6790;N;Y;N;;;FX;;GTR, GNS;107.00;0.00;Fiber/Plastic;;1984-11-07;MFL;1980-01-01;;
SWE000003987;;SWE;;;2.83;0.00;0.00;;8.60;0.00;BRIS;SFB6793;GE78;Eskön;;Y;SFB6793;N;Y;N;;;FX;;GNS, FPO;52.94;0.00;Fiber/Plastic;;1981-05-13;4M1;1981-01-01;;1998-02-18
SWE000003989;;SWE;;;10.44;0.00;0.00;;9.90;0.00;SAGA;SFB6795;SG19;Nogersund;;Y;SFB6795;N;Y;N;;;FX;;GNS, LHP;59.56;0.00;Wood;;1981-03-19;4M1;1981-01-01;;
SWE000003991;;SWE;;;2.87;0.00;0.00;;8.20;0.00;KAJSA;SFB6797;ÅS11;Yngsjö;;Y;SFB6797;N;Y;N;;;FX;;GNS, NO;51.47;0.00;Fiber/Plastic;;1981-03-23;F31;1981-01-01;;1995-03-29
SWE000003995;;SWE;;;12.12;0.00;0.00;;10.80;0.00;EVELINE;SFB6808;GG782;Brattön;;Y;SFB6808;N;Y;N;;;FX;;FPO;110.00;0.00;Fiber/Plastic;;1981-04-02;MFL;1981-01-01;;2016-05-12
SWE000003998;;SWE;;;1.85;0.00;0.00;;7.35;0.00;SYDVÅG;SFB6813;KA25;"Aspö"", Karlskrona";;Y;SFB6813;N;Y;N;;;FX;;GNS, GND;18.38;0.00;Fiber/Plastic;;1995-01-10;4M1;1969-01-01;;2000-12-19
SWE000004001;265685970;SWE;;;9.28;0.00;0.00;;11.42;0.00;ANNA;SFB6819;HG34;Svanshall;;Y;SFB6819;N;Y;Y;;;FX;;GNS;110.29;0.00;Fiber/Plastic;;1981-04-06;MFL;1979-01-01;;
SWE000004002;;SWE;;;8.21;0.00;0.00;;9.52;0.00;VIKSUND;SFB6823;VG85;Träslövsläge;;Y;SFB6823;N;Y;N;;;FX;;GNS;50.00;0.00;Fiber/Plastic;;1994-05-18;MFL;1981-01-01;;
SWE000004003;;SWE;;;3.14;0.00;0.00;;8.23;0.00;SCANTI;SFB6829;SM262;Blidö;;Y;SFB6829;N;Y;N;;;FX;;GNS, FPO;50.00;0.00;Fiber/Plastic;;1981-04-30;MFL;1978-01-01;;2004-07-01
SWE000004007;;SWE;;;3.11;0.00;0.00;;7.20;0.00;SARA;SFB6842;VG35;Träslövsläge;;Y;SFB6842;N;Y;N;;;FX;;LHP, GNS;16.18;0.00;Fiber/Plastic;;1981-05-08;MFL;1980-01-01;;2006-05-05
SWE000004010;;SWE;;;6.20;0.00;0.00;;9.50;0.00;No name;SFB6846;SM196;Gräsö;;Y;SFB6846;N;Y;N;;;FX;;GNS;34.56;0.00;Fiber/Plastic;;1981-05-08;4M1;1980-01-01;;2000-01-01
SWE000004012;;SWE;;;2.28;0.00;0.00;;7.85;0.00;GUN;SFB6849;SD727;Gullnäsholmen;;Y;SFB6849;N;Y;N;;;FX;;FPO, LTL;26.48;0.00;Wood;;1981-05-08;MFL;1949-01-01;;2006-09-25
SWE000004015;265694730;SWE;;;4.62;0.00;0.00;;7.80;0.00;CILLA;SFB6852;HG102;Svanshall;;Y;SFB6852;N;Y;Y;;;FX;;FPO, GND;84.56;0.00;Fiber/Plastic;;1981-05-10;MFL;1981-01-01;;
SWE000004017;;SWE;;;2.88;0.00;0.00;;6.80;0.00;MY LADY;SFB6857;GG1023;Marstrand;;Y;SFB6857;N;Y;N;;;FX;;FPO;16.91;0.00;Fiber/Plastic;;1981-05-13;MFL;1980-01-01;;2019-05-23
SWE000004022;;SWE;;;7.01;0.00;0.00;;11.05;0.00;VINDÖ;SFB6869;KR160;Stora Rör;;Y;SFB6869;N;Y;N;;;FX;;GNS;54.41;0.00;Metal;;1981-05-20;MFL;1979-01-01;;2003-11-05
SWE000004024;;SWE;;;3.74;0.00;0.00;;7.70;0.00;ANNI;SFB6871;SG109;Djupekås;;Y;SFB6871;N;Y;N;;;FX;;GNS, GND;22.06;0.00;Fiber/Plastic;;1981-05-20;MFL;1981-01-01;;
SWE000004026;265007180;SWE;;;11.49;0.00;0.00;;11.98;0.00;IRENE;SFB6873;HA78;Storön;;Y;SFB6873;N;Y;Y;;;FX;;PTB, OTB;130.00;0.00;Metal;;1981-08-04;MFL;1981-01-01;;
SWE000004029;;SWE;;;5.78;0.00;0.00;;9.25;0.00;CAROLINE;SFB6877;VY7;Slite;;Y;SFB6877;N;Y;N;;;FX;;GNS;50.00;0.00;Fiber/Plastic;;1981-06-01;MFL;1981-01-01;;2008-02-06
SWE000004035;;SWE;;;5.37;0.00;0.00;;10.40;0.00;ELIN;SFB6888;NG130;Trosa;;Y;SFB6888;N;Y;N;;;FX;;GNS;62.50;0.00;Metal;;1997-01-15;4M1;1981-01-01;;2001-06-18
SWE000004040;;SWE;;;4.53;0.00;0.00;;7.30;0.00;VERONICA;SFB6911;GG1101;Hyppeln;;Y;SFB6911;N;Y;N;;;FX;;FPO;22.06;0.00;Fiber/Plastic;;1981-06-17;4M1;1981-01-01;;2000-05-01
SWE000004043;;SWE;;;1.73;0.00;0.00;;7.10;0.00;BRIS;SFB6919;ON19;"Marsö"", Västervik";;Y;SFB6919;N;N;N;;;FX;;FPO;16.18;0.00;Fiber/Plastic;;1981-06-23;4M1;1980-01-01;;2000-11-03
SWE000004044;;SWE;;;2.20;0.00;0.00;;7.80;0.00;DELFIN II;SFB6920;LA27;Borstahusen;;Y;SFB6920;N;Y;N;;;FX;;GNS;36.80;0.00;Fiber/Plastic;;1981-06-23;MFL;1981-01-01;;2016-09-07
SWE000004048;;SWE;;;4.69;0.00;0.00;;8.20;0.00;REBECKA;SFB6927;VG215;Träslövsläge;;Y;SFB6927;N;Y;N;;;FX;;GNS;66.18;0.00;Fiber/Plastic;;1981-06-25;MFL;1981-01-01;;2006-07-05
SWE000004051;;SWE;;;17.28;0.00;0.00;;11.22;0.00;TAMMERFORS;SFB6938;KA10;"Ekenabben"", Sturkö";;Y;SFB6938;N;Y;N;;;FX;;PS, SB;147.06;0.00;Fiber/Plastic;;1981-06-25;MFL;1981-01-01;;
SWE000004054;;SWE;;;2.94;0.00;0.00;;8.20;0.00;SILVERVÅG;SFB6947;UÅ57;Lövsele Hamn;;Y;SFB6947;N;Y;N;;;FX;;GNS;132.35;0.00;Fiber/Plastic;;1981-06-30;MFL;1981-01-01;;2013-06-16
SWE000004056;;SWE;;;0.61;0.00;0.00;;6.90;0.00;SUNNET;SFB6951;SD333;Havstenssund;;Y;SFB6951;N;Y;N;;;FX;;FPO, NO;27.94;0.00;Wood;;1981-07-01;MFL;1969-01-01;;2003-05-01
SWE000004057;;SWE;;;2.83;0.00;0.00;;8.60;0.00;SJÖBRIS;SFB6957;SM236;Stallarholmen;;Y;SFB6957;N;Y;N;;;FX;;GNS, NO;58.82;0.00;Fiber/Plastic;;1981-07-08;MFL;1981-01-01;;2009-12-02
SWE000004059;;SWE;;;3.56;0.00;0.00;;8.20;0.00;CAMILLA;SFB6959;MÖ8;Limhamn;;Y;SFB6959;N;Y;N;;;FX;;GNS;36.76;0.00;Fiber/Plastic;;1981-07-09;MFL;1981-01-01;;2012-12-06
SWE000004061;;SWE;;;2.22;0.00;0.00;;6.30;0.00;HAMNEN;SFB6961;KA167;"Östernäs"", Senoren";;Y;SFB6961;N;Y;N;;;FX;;NK, GNS;7.35;0.00;Wood;;1981-07-14;4M1;1970-01-01;1998-11-23;
SWE000004066;;SWE;;;6.81;0.00;0.00;;9.50;0.00;ÖRNÖ;SFB6968;HL4;Kuggören;;Y;SFB6968;N;Y;N;;;FX;;GNS;50.00;0.00;Wood;;1981-07-14;MFL;1981-01-01;;
SWE000004068;;SWE;;;2.38;0.00;0.00;;6.05;0.00;KARIN;SFB6970;GG697;Dyrön;;Y;SFB6970;N;Y;N;;;FX;;GNS, FPO;11.03;0.00;Fiber/Plastic;;1981-07-15;4M1;1981-01-01;;1998-02-05
SWE000004073;265704200;SWE;;;9.56;0.00;0.00;;9.85;0.00;HANSVIK;SFB6978;SD58;Lunneviken;;Y;SFB6978;N;Y;Y;;;FX;;FPO;115.00;0.00;Fiber/Plastic;;1981-09-07;MFL;1980-01-01;;
SWE000004074;265035270;SWE;;;12.09;0.00;0.00;;11.70;0.00;SANDÖN;SFB6979;HA29;Piteå;;Y;SFB6979;N;Y;Y;;;FX;;PTB, GNS;147.06;0.00;Metal;;1981-07-28;MFL;1978-01-01;;
SWE000004076;;SWE;;;0.95;0.00;0.00;;6.25;0.00;MONA;SFB6981;ÅS12;Åhus;;Y;SFB6981;N;Y;N;;;FX;;GNS, LLS;20.59;0.00;Fiber/Plastic;;1981-07-29;F31;1980-01-01;;1995-04-03
SWE000004081;;SWE;;;6.41;0.00;0.00;;9.20;0.00;FALKEN;SFB6993;GG829;Halsbäck;;Y;SFB6993;N;Y;N;;;FX;;GNS;82.35;0.00;Metal;;1981-08-11;4M1;1980-01-01;;2002-09-18
SWE000004082;;SWE;;;1.79;0.00;0.00;;7.20;0.00;HAVET;SFB6995;SD54;Kiddön;;Y;SFB6995;N;Y;N;;;FX;;FPO;16.18;0.00;Fiber/Plastic;;1981-08-13;4M1;1981-01-01;;1997-04-20
SWE000004084;;SWE;;;5.09;0.00;0.00;;9.00;0.00;ARI;SFB7000;MÖ75;Falsterbokanal;;Y;SFB7000;N;Y;N;;;FX;;GNS, FPO;52.94;0.00;Fiber/Plastic;;1981-08-13;4M1;1981-01-01;;2000-10-12
SWE000004086;;SWE;;;2.22;0.00;0.00;;7.50;0.00;LOUISE;SFB7002;FG25;;;Y;SFB7002;N;;;;;FX;;GNS, GND;25.74;0.00;Fiber/Plastic;;1981-08-17;MFL;1981-01-01;;
SWE000004087;;SWE;;;9.79;0.00;0.00;;10.10;0.00;No name;SFB7004;HA94;Ryssbält;;Y;SFB7004;N;Y;N;;;FX;;FPO, GNS;77.94;0.00;Wood;;1981-08-18;4M1;1981-01-01;;1997-10-04
SWE000004088;;SWE;;;1.61;0.00;0.00;;6.90;0.00;BOHUSÖ;SFB7005;GG577;Dyrön;;Y;SFB7005;N;Y;N;;;FX;;FPO, GNS;16.18;0.00;Fiber/Plastic;;1981-08-18;4M1;1981-01-01;;1997-01-29
SWE000004089;265758130;SWE;;;14.58;0.00;0.00;;10.80;0.00;REX;SFB7006;GG85;Klädesholmen;;Y;SFB7006;N;Y;Y;;;FX;;GTR, FPO;221.00;0.00;Fiber/Plastic;;1981-08-17;MFL;1981-01-01;;
SWE000004091;;SWE;;;3.25;0.00;0.00;;6.80;0.00;ULRIKA;SFB7011;GG584;Rönnäng;;Y;SFB7011;N;Y;N;;;FX;;FPO, LTL;13.24;0.00;Wood;;1981-08-25;F32;1977-01-01;;1996-04-12
SWE000004094;;SWE;;;2.69;0.00;0.00;;7.80;0.00;ANJA II;SFB7015;HG142;Höganäs;;Y;SFB7015;N;Y;N;;;FX;;GNS;22.06;0.00;Fiber/Plastic;;1981-08-27;4M1;1981-01-01;;1998-08-06
SWE000004095;;SWE;;;4.97;0.00;0.00;;8.10;0.00;MALIN;SFB7016;VG62;Träslövsläge;;Y;SFB7016;N;Y;N;;;FX;;GNS, NO;22.06;0.00;Wood;;1981-08-28;4M1;1981-01-01;;2000-01-01
SWE000004098;;SWE;;;11.94;0.00;0.00;;11.64;0.00;VIOLA;SFB7021;KA98;"Tjurkö"", Karlskrona";;Y;SFB7021;N;Y;N;;;FX;;LHP, GNS;79.41;0.00;Fiber/Plastic;;1981-08-31;MFL;1981-01-01;;
SWE000004102;265815400;SWE;;;7.27;0.00;0.00;;8.30;0.00;LINÖ;SFB7025;SG142;Nogersund;;Y;SFB7025;N;Y;Y;;;FX;;GNS;62.00;0.00;Wood;;1981-09-01;MFL;1977-01-01;;2024-02-28
SWE000004103;;SWE;;;6.44;0.00;0.00;;9.40;0.00;VALLERÖ;SFB7026;LL45;Stocken;;Y;SFB7026;N;Y;N;;;FX;;GTR, GND;110.29;0.00;Wood;;1981-09-01;MFL;1981-01-01;;
SWE000004104;265636700;SWE;;;10.26;0.00;0.00;;10.84;0.00;CEDUNA;SFB7028;KA2;Sturkö;;Y;SFB7028;N;Y;Y;;;FX;;GNS, TBN;79.41;0.00;Fiber/Plastic;;1981-09-06;MFL;1981-01-01;;
SWE000004105;;SWE;;;6.29;0.00;0.00;;9.20;0.00;FRIDA;SFB7029;HG106;Arild;;Y;SFB7029;N;Y;N;;;FX;;GNS;88.24;0.00;Fiber/Plastic;;1981-09-08;F32;1981-01-01;;
SWE000004107;;SWE;;;2.93;0.00;0.00;;8.00;0.00;LILLÖ;SFB7031;KA131;"Ekenäs"", Senoren";;Y;SFB7031;N;Y;N;;;FX;;GNS, NO;62.50;0.00;Fiber/Plastic;;1981-09-08;F31;1980-01-01;1995-11-10;
SWE000004109;;SWE;;;6.12;0.00;0.00;;7.85;0.00;EVA-MARIA;SFB7036;HG59;Svanshall;;Y;SFB7036;N;Y;N;;;FX;;GTR, GNS;41.00;0.00;Fiber/Plastic;;1981-09-15;MFL;1981-01-01;;
SWE000004113;;SWE;;;8.91;0.00;0.00;;9.85;0.00;DYNING;SFB7045;LA40;Borstahusen;;Y;SFB7045;N;Y;N;;;FX;;GNS;25.74;0.00;Wood;;1981-09-23;4M1;1944-01-01;;2000-06-29
SWE000004114;265031070;SWE;;;9.00;0.00;0.00;;9.96;0.00;TINA;SFB7046;GG89;Torslanda;;Y;SFB7046;N;Y;Y;;;FX;;FPO, NO;198.53;0.00;Fiber/Plastic;;1981-09-23;MFL;1981-01-01;;2024-03-22
SWE000004117;;SWE;;;12.77;0.00;0.00;;11.70;0.00;ARCONA;SFB7052;SIN19;Brantevik;;Y;SFB7052;N;Y;N;;;FX;;GNS, LHP;88.24;0.00;Metal;;1981-09-28;MFL;1981-01-01;;
SWE000004127;;SWE;;;1.99;0.00;0.00;;7.30;0.00;No name;SFB7070;GG423;Hönö;;Y;SFB7070;N;Y;N;;;FX;;GNS, FPO;16.18;0.00;Fiber/Plastic;;1981-10-08;4M1;1978-01-01;;1997-11-08
SWE000004130;;SWE;;;3.53;0.00;0.00;;7.46;0.00;ELISABETH;SFB7074;GG543;Göteborg;;Y;SFB7074;N;Y;N;;;FX;;GNS, FPO;44.85;0.00;Fiber/Plastic;;1981-10-12;MFL;1976-01-01;;2003-04-09
SWE000004132;;SWE;;;7.86;0.00;0.00;;10.30;0.00;BRIS;SFB7076;SM238;Fälön;;Y;SFB7076;N;Y;N;;;FX;;GNS;22.06;0.00;Fiber/Plastic;;1981-10-12;MFL;1981-01-01;;2019-02-23
SWE000004134;;SWE;;;14.79;0.00;0.00;;11.40;0.00;MONIKA;SFB7080;VG137;Bua;;Y;SFB7080;N;Y;N;;;FX;;OTB, NO;88.00;0.00;Wood;;1981-10-15;MFL;1981-01-01;2010-05-25;
SWE000004139;;SWE;;;0.95;0.00;0.00;;6.25;0.00;MAJ;SFB7093;MÖ170;Klagshamn;;Y;SFB7093;N;Y;N;;;FX;;FPO, GNS;11.76;0.00;Fiber/Plastic;;1981-11-03;4M1;1981-01-01;;1997-09-21
SWE000004141;;SWE;;;2.87;0.00;0.00;;8.20;0.00;VIGGEN;SFB7097;MÖ39;Klagshamn;;Y;SFB7097;N;Y;N;;;FX;;FPO, GNS;52.94;0.00;Fiber/Plastic;;1981-11-11;4M1;1981-01-01;;1997-01-02
SWE000004142;;SWE;;;8.38;0.00;0.00;;10.30;0.00;No name;SFB7101;SG196;Krokås;;Y;SFB7101;N;Y;N;;;FX;;GNS, FPO;114.71;0.00;Fiber/Plastic;;1981-11-16;MFL;1981-01-01;;2004-11-01
SWE000004143;265020210;SWE;;;7.02;0.00;0.00;;9.86;0.00;SYDVÅG;SFB7102;GG805;Klädesholmen;;Y;SFB7102;N;Y;Y;;;FX;;GND, FPO;183.82;0.00;Fiber/Plastic;;1981-11-15;MFL;1981-01-01;;
SWE000004144;;SWE;;;8.18;0.00;0.00;;11.70;0.00;HAJEN;SFB7103;NG76;Nävekvarn;;Y;SFB7103;N;Y;N;;;FX;;GNS;88.24;0.00;Metal;;1981-11-17;MFL;1981-01-01;;
SWE000004149;;SWE;;;3.40;0.00;0.00;;7.20;0.00;RIANCO;SFB7109;VY17;Gnisvärd;;Y;SFB7109;N;Y;N;;;FX;;GNS;26.47;0.00;Wood;;1981-11-24;MFL;1977-01-01;;2007-06-21
SWE000004150;265606230;SWE;;;14.34;0.00;0.00;;11.90;0.00;SILVA;SFB7110;KR32;Böda;;Y;SFB7110;N;Y;Y;;;FX;;GNS, LHP;160.00;0.00;Metal;;1981-12-16;MFL;1981-01-01;;
SWE000004155;;SWE;;;2.87;0.00;0.00;;8.20;0.00;BRITA-MARIE;SFB7123;MÖ163;Klagshamn;;Y;SFB7123;N;Y;N;;;FX;;GNS, FPO;24.26;0.00;Fiber/Plastic;;1981-12-09;4M1;1981-01-01;;2000-08-30
SWE000004156;;SWE;;;7.97;0.00;0.00;;9.88;0.00;TÄRNÖ;SFB7124;KA62;Senoren;;Y;SFB7124;N;Y;N;;;FX;;GNS, LHP;82.35;0.00;Wood;;1981-12-09;MFL;1981-01-01;;2008-05-17
SWE000004157;;SWE;;;1.44;0.00;0.00;;7.10;0.00;BURRA;SFB7126;SG113;Hörvik;;Y;SFB7126;N;Y;N;;;FX;;GNS, GND;16.91;0.00;Wood;;1981-12-18;MFL;1950-01-01;;2003-04-26
SWE000004158;;SWE;;;7.44;0.00;0.00;;9.50;0.00;JENNY;SFB7133;SIN14;Kivik;;Y;SFB7133;N;Y;N;;;FX;;GNS, LHP;52.94;0.00;Fiber/Plastic;;1982-01-05;MFL;1982-01-01;;2019-03-08
SWE000004164;;SWE;;;2.02;0.00;0.00;;7.75;0.00;VIGGEN;SFB7143;GE11;Gåsholma;;Y;SFB7143;N;Y;N;;;FX;;GNS, NO;16.18;0.00;Fiber/Plastic;;1982-01-14;MFL;1981-01-01;;2024-10-17
SWE000004168;;SWE;;;4.32;0.00;0.00;;9.00;0.00;MARINA;SFB7149;LL4;Essvik - Gullmarsfjorden;;Y;SFB7149;N;Y;N;;;FX;;PS, GNS;63.97;0.00;Metal;;1982-01-19;MFL;1979-01-01;;2023-05-12
SWE000004171;;SWE;;;4.78;0.00;0.00;;9.12;0.00;SJÖBRIS;SFB7158;KA44;Senoren;;Y;SFB7158;N;Y;N;;;FX;;GNS, FPO;64.00;0.00;Fiber/Plastic;;1982-07-23;MFL;1982-01-01;;
SWE000004173;;SWE;;;4.82;0.00;0.00;;8.75;0.00;AMMY;SFB7162;VK103;Västervik;;Y;SFB7162;N;Y;N;;;FX;;GNS;33.09;0.00;Fiber/Plastic;;1982-02-08;MFL;1982-01-01;;2006-12-16
SWE000004174;;SWE;;;10.98;0.00;0.00;;11.20;0.00;LÖVSKÄR;SFB7166;LÅ45;Brändön;;Y;SFB7166;N;Y;N;;;FX;;PTB, GNS;183.82;0.00;Fiber/Plastic;;1982-02-18;F32;1981-01-01;;
SWE000004178;;SWE;;;4.13;0.00;0.00;;7.50;0.00;DALLAS;SFB7170;SG4;Hanö;;Y;SFB7170;N;Y;N;;;FX;;GNS;26.47;0.00;Fiber/Plastic;;1982-04-12;MFL;1982-01-01;;
SWE000004181;;SWE;;;7.04;0.00;0.00;;9.50;0.00;AMANDA;SFB7176;NRG99;Gränsö;;Y;SFB7176;N;Y;N;;;FX;;GNS;58.82;0.00;Fiber/Plastic;;1982-02-19;MFL;1980-01-01;;2021-06-12
SWE000004182;;SWE;;;1.39;0.00;0.00;;6.80;0.00;VINDÖ;SFB7179;GG42;Skärhamn;;Y;SFB7179;N;Y;N;;;FX;;GND, LTL;45.59;0.00;Fiber/Plastic;;1982-02-22;F32;1981-01-01;;1995-01-31
SWE000004184;;SWE;;;7.39;0.00;0.00;;10.00;0.00;LOTTA;SFB7182;FG29;"Stensjö"", Steninge";;Y;SFB7182;N;Y;N;;;FX;;GNS;97.06;0.00;Metal;;1982-02-26;MFL;1981-01-01;;2007-07-12
SWE000004188;;SWE;;;6.40;0.00;0.00;;9.50;0.00;No name;SFB7189;HL1;;;Y;SFB7189;N;N;N;;;FX;;GNS;52.94;0.00;Wood;;1982-03-03;4M1;1962-01-01;1997-10-24;
SWE000004189;265068790;SWE;;;20.98;0.00;0.00;;11.50;0.00;THERESE;SFB7190;KA1;Sturkö;;Y;SFB7190;N;Y;N;;;FX;;PTB, GNS;221.00;0.00;Fiber/Plastic;;1982-03-04;MFL;1982-01-01;;
SWE000004190;;SWE;;;6.20;0.00;0.00;;9.50;0.00;EBBA;SFB7192;MÖ54;Klagshamn;;Y;SFB7192;N;Y;N;;;FX;;GNS, GTR;47.81;0.00;Fiber/Plastic;;1982-09-12;MFL;1982-01-01;;
SWE000004191;;SWE;;;3.18;0.00;0.00;;8.10;0.00;KICKI;SFB7194;SN10;Sandarne;;Y;SFB7194;N;Y;N;;;FX;;GNS;24.26;0.00;Fiber/Plastic;;1982-03-09;4M1;1950-01-01;1998-01-19;
SWE000004192;;SWE;;;0.79;0.00;0.00;;6.10;0.00;No name;SFB7196;ON12;"Draget"", Oskarshamn";;Y;SFB7196;N;Y;N;;;FX;;FPO;20.60;0.00;Wood;;1982-03-10;4M1;1974-01-01;;2002-03-08
SWE000004195;265503070;SWE;;;9.12;0.00;0.00;;10.50;0.00;SHETLAND;SFB7201;LL714;Mollösund;;Y;SFB7201;N;Y;Y;;;FX;;FPO, GTR;146.00;0.00;Wood;;1982-05-18;MFL;1982-01-01;;
SWE000004196;;SWE;;;8.09;0.00;0.00;;9.50;0.00;NAUTIC;SFB7202;YD42;Abbekås;;Y;SFB7202;N;Y;N;;;FX;;GNS;51.47;0.00;Fiber/Plastic;;1982-03-19;MFL;1982-01-01;;2023-06-16
SWE000004200;;SWE;;;1.92;0.00;0.00;;7.60;0.00;BOSTON;SFB7210;LL116;;;Y;SFB7210;N;N;N;;;FX;;DRH, NO;33.09;0.00;Fiber/Plastic;;1982-03-24;MFL;1982-01-01;;2018-06-01
SWE000004203;;SWE;;;4.01;0.00;0.00;;9.00;0.00;MIA;SFB7216;SIN60;Skillinge;;Y;SFB7216;N;Y;N;;;FX;;GNS, NO;79.41;0.00;Fiber/Plastic;;1982-03-25;MFL;1981-01-01;;
SWE000004204;265829570;SWE;;;18.00;0.00;0.00;;11.64;0.00;VEGAS;SFB7217;NG6;Oxelösund;;Y;SFB7217;N;Y;Y;;;FX;;OTM, GNS;112.50;0.00;Wood;;1982-03-25;MFL;1960-01-01;;
SWE000004206;;SWE;;;14.37;0.00;0.00;;11.15;0.00;VIOLA;SFB7224;KR35;Bläsinge;;Y;SFB7224;N;Y;N;;;FX;;GNS, NO;198.53;0.00;Metal;;1982-03-30;4M1;1982-01-01;;1997-09-23
SWE000004208;;SWE;;;2.35;0.00;0.00;;6.50;0.00;MAUD;SFB7227;VK31;Stora Grindö;;Y;SFB7227;N;Y;N;;;FX;;FPO;16.18;0.00;Wood;;1982-04-05;MFL;1974-01-01;;2024-01-23
SWE000004211;;SWE;;;1.73;0.00;0.00;;7.10;0.00;No name;SFB7230;YD11;Abbekås;;Y;SFB7230;N;Y;N;;;FX;;FPO, NO;24.26;0.00;Fiber/Plastic;;1982-04-05;MFL;1982-01-01;;2019-12-05
SWE000004213;;SWE;;;4.53;0.00;0.00;;8.40;0.00;LINDA;SFB7232;MÖ101;Limhamn;;Y;SFB7232;N;Y;N;;;FX;;FPO, GNS;16.18;0.00;Wood;;1982-04-06;F32;1976-01-01;;1996-06-22
SWE000004217;;SWE;;;3.15;0.00;0.00;;8.25;0.00;ANNA;SFB7239;SD404;Strömstad;;Y;SFB7239;N;Y;N;;;FX;;FPO, GND;45.59;0.00;Fiber/Plastic;;1982-04-12;MFL;1982-01-01;;
SWE000004221;;SWE;;;0.43;0.00;0.00;;6.00;0.00;No name;SFB7243;UÅ35;Båtviken;;Y;SFB7243;N;Y;N;;;FX;;GNS, FPO;29.42;0.00;Wood;;1982-04-14;MFL;1974-01-01;;2021-05-25
SWE000004222;;SWE;;;8.09;0.00;0.00;;10.00;0.00;MARINA;SFB7244;SIN105;Kivik;;Y;SFB7244;N;Y;N;;;FX;;GNS, GND;52.94;0.00;Wood;;1982-08-09;MFL;1982-01-01;;2004-07-17
SWE000004225;;SWE;;;6.98;0.00;0.00;;8.70;0.00;SVANEN II;SFB7247;KA214;Hasslö;;Y;SFB7247;N;Y;N;;;FX;;GNS;58.82;0.00;Fiber/Plastic;;1982-04-16;MFL;1982-01-01;;2004-06-02
SWE000004231;;SWE;;;1.50;0.00;0.00;;6.00;0.00;No name;SFB7258;LA16;Ålabodarna;;Y;SFB7258;N;Y;N;;;FX;;FPO, GNS;7.35;0.00;Wood;;1982-04-22;4M1;;;2000-10-16
SWE000004232;;SWE;;;4.32;0.00;0.00;;7.50;0.00;POLLUX;SFB7259;GG512;Rörö;;Y;SFB7259;N;Y;N;;;FX;;FPO;38.25;14.71;Fiber/Plastic;;1982-04-23;MFL;1982-01-01;;2012-01-27
SWE000004238;265616510;SWE;;;11.89;0.00;0.00;;10.80;0.00;GIDEON;SFB7267;GG765;Rönnäng;;Y;SFB7267;N;Y;Y;;;FX;;FPO, GNS;147.00;0.00;Fiber/Plastic;;1982-04-28;MFL;1982-01-01;;
SWE000004239;;SWE;;;1.89;0.00;0.00;;7.40;0.00;FAXE;SFB7268;VK33;Hasselö;;Y;SFB7268;N;Y;N;;;FX;;GNS, FPO;36.76;0.00;Fiber/Plastic;;1982-04-29;MFL;1981-01-01;;2006-01-26
SWE000004240;;SWE;;;3.15;0.00;0.00;;8.25;0.00;SALTFJORD;SFB7271;SD28;Edsvik;;Y;SFB7271;N;Y;N;;;FX;;FPO, LTL;62.50;0.00;Fiber/Plastic;;1982-04-29;MFL;1982-01-01;;2003-03-02
SWE000004241;;SWE;;;5.94;0.00;0.00;;9.60;0.00;ANN-BRITT;SFB7273;GG852;Donsö;;Y;SFB7273;N;Y;N;;;FX;;GNS;132.35;0.00;Fiber/Plastic;;1982-05-05;4M1;1981-01-01;;1999-04-13
SWE000004243;;SWE;;;5.69;0.00;0.00;;8.70;0.00;VALARÖ;SFB7275;SD656;Strömstad;;Y;SFB7275;N;Y;N;;;FX;;FPO;53.68;0.00;Wood;;1982-05-05;MFL;1980-01-01;;2023-04-12
SWE000004245;265037680;SWE;;;6.78;0.00;0.00;;9.20;0.00;MÅLSÖ;SFB7280;HA17;Kalix-Nyborg;;Y;SFB7280;N;Y;Y;;;FX;;PTB, GNS;125.00;0.00;Metal;;1982-05-09;MFL;1982-01-01;;
SWE000004246;;SWE;;;17.79;0.00;0.00;;11.95;0.00;SKARVIK III;SFB7282;YD20;Ystad;;Y;SFB7282;N;Y;N;;;FX;;GNS;161.76;0.00;Metal;;1982-05-09;MFL;1982-01-01;;
SWE000004251;;SWE;;;3.02;0.00;0.00;;8.10;0.00;CRISMA;SFB7300;HG60;Höganäs;;Y;SFB7300;N;Y;N;;;FX;;GNS;59.56;0.00;Fiber/Plastic;;1982-06-24;4M1;1982-01-01;;
SWE000004255;;SWE;;;4.80;0.00;0.00;;8.55;0.00;No name;SFB7305;KR121;"Sandvik"", Öland";;Y;SFB7305;N;Y;N;;;FX;;GNS, LTL;7.35;0.00;Wood;;1982-05-25;4M1;;;2001-01-16
SWE000004257;;SWE;;;4.50;0.00;0.00;;8.15;0.00;SYDVÄSTEN;SFB7310;ÖK6;Ulvöhamn;;Y;SFB7310;N;Y;N;;;FX;;GNS;111.76;0.00;Fiber/Plastic;;1982-06-01;MFL;1982-01-01;;2009-04-01
SWE000004258;;SWE;;;2.98;0.00;0.00;;7.55;0.00;SARA;SFB7311;SL12;"Spikarna"", Alnön";;Y;SFB7311;N;Y;N;;;FX;;GNS;11.03;0.00;Wood;;1982-06-02;MFL;1981-01-01;;2020-05-15
SWE000004259;;SWE;;;4.63;0.00;0.00;;9.20;0.00;EVA;SFB7312;SM18;Furusund;;Y;SFB7312;N;Y;N;;;FX;;GNS;227.94;0.00;Metal;;1982-06-02;MFL;1982-01-01;;2004-05-17
SWE000004261;;SWE;;;8.31;0.00;0.00;;9.30;0.00;SEFIR;SFB7317;KR41;Bläsinge;;Y;SFB7317;N;Y;N;;;FX;;GNS, LHP;46.00;0.00;Metal;;1982-06-04;MFL;1964-01-01;;
SWE000004263;;SWE;;;3.22;0.00;0.00;;6.80;0.00;TULA;SFB7320;SD197;Syd-Koster;;Y;SFB7320;N;Y;N;;;FX;;FPO;37.50;0.00;Fiber/Plastic;;1982-06-07;MFL;1978-01-01;;2023-04-14
SWE000004264;;SWE;;;3.73;0.00;0.00;;7.40;0.00;VIOLA;SFB7322;KA112;"Aspö"", Karlskrona";;Y;SFB7322;N;Y;N;;;FX;;GNS;16.18;0.00;Fiber/Plastic;;1982-06-09;4M1;1981-01-01;;1997-01-14
SWE000004266;265588470;SWE;;;9.43;0.00;0.00;;8.70;0.00;KLINTSKÄR;SFB7328;FG70;Glommen;;Y;SFB7328;N;Y;Y;;;FX;;GNS, FPO;90.00;7.35;Fiber/Plastic;;1982-06-13;MFL;1982-01-01;;
SWE000004268;;SWE;;;6.58;0.00;0.00;;10.05;0.00;LAVÖ;SFB7337;KA114;Sturkö;;Y;SFB7337;N;Y;N;;;FX;;GND, GNS;88.24;0.00;Metal;;1982-06-15;4M1;1982-01-01;1999-11-10;
SWE000004275;;SWE;;;3.07;0.00;0.00;;8.00;0.00;ANNY;SFB7345;TG26;Skåre;;Y;SFB7345;N;Y;N;;;FX;;GNS, NO;44.12;0.00;Fiber/Plastic;;1982-06-22;4M1;1982-01-01;;2002-09-30
SWE000004277;265718640;SWE;;;11.90;0.00;0.00;;11.30;0.00;CLARA;SFB7348;GG159;Öckerö;;Y;SFB7348;N;Y;Y;;;FX;;OTB, TBN;110.29;0.00;Wood;;1982-06-23;MFL;1982-01-01;;
SWE000004282;;SWE;;;2.13;0.00;0.00;;7.50;0.00;LAGUN;SFB7356;SG178;"Valje"", Sölvesborg";;Y;SFB7356;N;Y;N;;;FX;;GNS;18.38;0.00;Fiber/Plastic;;1982-06-29;4M1;1982-01-01;;2000-09-14
SWE000004283;;SWE;;;1.73;0.00;0.00;;7.10;0.00;WESTON;SFB7357;SD526;Nord-Koster;;Y;SFB7357;N;Y;N;;;FX;;FPO;16.18;0.00;Fiber/Plastic;;1982-06-30;F32;1982-01-01;;1995-12-21
SWE000004284;;SWE;;;2.22;0.00;0.00;;7.50;0.00;ALVÖ;SFB7361;LL70;Ulebergshamn;;Y;SFB7361;N;Y;N;;;FX;;FPO;38.25;0.00;Fiber/Plastic;;1982-07-01;MFL;1982-01-01;;2018-09-05
SWE000004293;265756940;SWE;;;12.02;0.00;0.00;;10.75;0.00;HILMA;SFB7378;ON5;Timmernabben;;Y;SFB7378;N;Y;Y;;;FX;;OTM, GNS;77.94;4.41;Fiber/Plastic;;1982-07-16;MFL;1982-01-01;;2022-08-12
SWE000004295;;SWE;;;11.29;0.00;0.00;;10.20;0.00;MARIANA;SFB7385;SG124;Hörvik;;Y;SFB7385;N;Y;N;;;FX;;GNS, NO;106.62;0.00;Fiber/Plastic;;1982-07-21;MFL;1982-01-01;;
SWE000004297;;SWE;;;11.17;0.00;0.00;;11.00;0.00;CHARLOTTA;SFB7387;VY59;Fårösund;;Y;SFB7387;N;Y;N;;;FX;;GNS, LTL;73.53;0.00;Fiber/Plastic;;1982-09-03;4M1;1982-01-01;;
SWE000004298;;SWE;;;4.89;0.00;0.00;;8.70;0.00;ÖLANDSAND;SFE5128;KR167;Bläsinge;;Y;SFE5128;N;Y;N;;;FX;;GNS;46.34;0.00;Fiber/Plastic;;2022-10-04;MFL;1981-01-01;;
SWE000004302;;SWE;;;3.33;0.00;0.00;;7.97;0.00;VERONICA;SFB7395;KR2;Borgholm;;Y;SFB7395;N;Y;N;;;FX;;GNS;22.00;0.00;Wood;;1982-08-05;MFL;1976-01-01;;2017-11-15
SWE000004303;;SWE;;;14.58;0.00;0.00;;11.90;0.00;VEGAS;SFB7397;NG2;Oxelösund;;Y;SFB7397;N;Y;N;;;FX;;OTB, GNS;95.59;0.00;Metal;;1982-08-11;MFL;1982-01-01;;2004-04-28
SWE000004305;;SWE;;;4.88;0.00;0.00;;7.50;0.00;MALOU;SFB7399;HG31;Torekov;;Y;SFB7399;N;Y;N;;;FX;;FPO;26.47;0.00;Fiber/Plastic;;1982-10-06;MFL;1982-01-01;;2025-02-07
SWE000004310;;SWE;;;10.32;0.00;0.00;;10.62;0.00;VEGAS;SFB7407;NG2;Oxelösund;;Y;SFB7407;N;Y;N;;;FX;;GNS;91.00;0.00;Wood;;1982-08-26;MFL;1967-01-01;;2019-08-02
SWE000004314;;SWE;;;12.88;0.00;0.00;;10.75;0.00;GARPEN;SFB7411;VK6;Flatvarp;;Y;SFB7411;N;Y;N;;;FX;;GND, GNS;77.94;0.00;Fiber/Plastic;;1982-08-31;4M1;1982-01-01;;2001-03-31
SWE000004321;;SWE;;;14.47;0.00;0.00;;11.95;0.00;ALBATROSS;SFB7422;MÖ21;Limhamn;;Y;SFB7422;N;Y;N;;;FX;;GNS;95.59;0.00;Metal;;1988-09-23;4M1;1982-01-01;;2001-10-02
SWE000004322;;SWE;;;2.36;0.00;0.00;;8.10;0.00;EVA;SFB7423;SD281;Syd-Koster;;Y;SFB7423;N;Y;N;;;FX;;FPO, LHP;44.12;0.00;Fiber/Plastic;;1982-09-20;MFL;1977-01-01;;2024-03-22
SWE000004325;;SWE;;;0.85;0.00;0.00;;6.00;0.00;KARIN;SFB7427;KN64;Karlshamn;;Y;SFB7427;N;Y;N;;;FX;;GNS, FPO;7.35;0.00;Wood;;1982-10-04;MFL;1973-01-01;;2010-05-23
SWE000004326;;SWE;;;9.57;0.00;0.00;;11.30;0.00;TÖSEN;SFB7428;HA97;Nikkala;;Y;SFB7428;N;Y;N;;;FX;;PTB, OTB;139.71;0.00;Metal;;1982-10-05;MFL;1975-01-01;;2005-04-01
SWE000004327;;SWE;;;2.70;0.00;0.00;;8.20;0.00;FREJA;SFB7429;YD19;Ystad;;Y;SFB7429;N;Y;N;;;FX;;GNS;58.82;0.00;Fiber/Plastic;;1982-10-04;MFL;1982-01-01;;
SWE000004328;;SWE;;;2.79;0.00;0.00;;6.90;0.00;GULLMAR;SFB7433;LL915;Kungshamn;;Y;SFB7433;N;Y;N;;;FX;;FPO, GNS;16.91;0.00;Fiber/Plastic;;1982-10-08;4M1;1980-01-01;;1998-05-01
SWE000004330;;SWE;;;4.37;0.00;0.00;;7.80;0.00;TÄRNÖ;SFB7436;LL454;Grundsund;;Y;SFB7436;N;Y;N;;;FX;;FPO, GND;47.79;0.00;Fiber/Plastic;;1982-10-11;MFL;1976-01-01;;
SWE000004331;;SWE;;;1.17;0.00;0.00;;6.90;0.00;MARIKA;SFB7437;KR194;Gräsgård;;Y;SFB7437;N;Y;N;;;FX;;GNS, FPO;16.18;0.00;Fiber/Plastic;;1982-10-12;4M1;1949-01-01;;2002-07-02
SWE000004337;;SWE;;;12.05;0.00;0.00;;10.75;0.00;SILLESUND;SFB7447;SG21;Hällevik;;Y;SFB7447;N;Y;N;;;FX;;GNS, LHP;77.94;0.00;Fiber/Plastic;;1982-10-25;MFL;1982-01-01;;
SWE000004339;;SWE;;;2.88;0.00;0.00;;7.20;0.00;MATSÖ;SFB7449;VY108;Närshamn;;Y;SFB7449;N;Y;N;;;FX;;GNS;11.03;0.00;Wood;;1982-10-26;4M1;1969-01-01;;2002-04-12
SWE000004345;;SWE;;;9.89;0.00;0.00;;10.00;0.00;No name;SFB7456;MÖ178;Lomma;;Y;SFB7456;N;Y;N;;;FX;;GNS, GTR;45.59;0.00;Wood;;1982-11-09;MFL;1982-01-01;;2021-11-18
SWE000004346;265677890;SWE;;;3.15;0.00;0.00;;8.25;0.00;MESSER;SFB7457;GG390;Rönnäng;;Y;SFB7457;N;Y;Y;;;FX;;LTL, FPO;121.32;0.00;Fiber/Plastic;;1982-11-08;MFL;1982-01-01;;
SWE000004347;;SWE;;;4.68;0.00;0.00;;9.95;0.00;GUNNY;SFB7458;SN16;Prästgrundet;;Y;SFB7458;N;Y;N;;;FX;;GNS;16.91;0.00;Wood;;1982-11-09;4M1;1955-01-01;2000-01-12;
SWE000004353;;SWE;;;7.49;0.00;0.00;;11.10;0.00;GOTLAND;SFB7466;LL9;;;Y;SFB7466;N;N;N;;;FX;;FPO, OTB;77.94;0.00;Fiber/Plastic;;1983-08-15;4M4;1983-01-01;;2018-11-01
SWE000004355;;SWE;;;5.72;0.00;0.00;;11.00;0.00;TONIC;SFB7468;HA38;Kalix-Nyborg;;Y;SFB7468;N;Y;N;;;FX;;GNS;203.00;0.00;Fiber/Plastic;;1982-11-18;MFL;1982-01-01;;
SWE000004362;;SWE;;;0.33;0.00;0.00;;5.40;0.00;No name;SFB7482;GG1128;Åstol;;Y;SFB7482;N;Y;N;;;FX;;FPO, GNS;22.06;0.00;Fiber/Plastic;;1982-12-02;4M1;1982-01-01;;1999-01-25
SWE000004366;;SWE;;;4.09;0.00;0.00;;7.95;0.00;WEGA;SFB7486;KN3;Ronneby;;Y;SFB7486;N;Y;N;;;FX;;GNS;60.00;0.00;Fiber/Plastic;;1982-12-08;MFL;1982-01-01;;2020-03-16
SWE000004368;;SWE;;;1.70;0.00;0.00;;7.10;0.00;LOBBEN;SFB7488;VK45;Greece;;Y;SFB7488;N;N;N;;;FX;;FPO, GNS;16.18;0.00;Fiber/Plastic;;1982-12-08;MFL;1982-01-01;;
SWE000004371;;SWE;;;1.62;0.00;0.00;;6.00;0.00;LAXEN;SFB7494;HD29;Laxvik;;Y;SFB7494;N;Y;N;;;FX;;FPO, NO;59.00;0.00;Fiber/Plastic;;1982-12-16;MFL;1982-01-01;;2003-07-16
SWE000004372;;SWE;;;2.76;0.00;0.00;;7.80;0.00;ALDEBARAN;SFB7495;GG849;Hälsö;;Y;SFB7495;N;Y;N;;;FX;;GNS;25.74;0.00;Wood;;1982-12-20;4M1;1982-01-01;;2000-01-25
SWE000004373;;SWE;;;4.94;0.00;0.00;;9.70;0.00;SALIOR;SFB7496;SD410;Hamburgsund;;Y;SFB7496;N;Y;N;;;FX;;OTB;58.82;0.00;Wood;;1982-12-20;4M4;;;2001-12-07
SWE000004375;;SWE;;;3.15;0.00;0.00;;8.25;0.00;INGA;SFB7498;LL375;Kungshamn;;Y;SFB7498;N;Y;N;;;FX;;FPO, GNS;62.50;0.00;Fiber/Plastic;;1982-12-27;MFL;1982-01-01;;2004-01-16
SWE000004376;;SWE;;;1.90;0.00;0.00;;6.14;0.00;LENA;SFB7499;LA44;Borstahusen;;Y;SFB7499;N;Y;N;;;FX;;GNS;13.24;0.00;Fiber/Plastic;;1982-12-27;F32;1982-01-01;;
SWE000004378;;SWE;;;5.43;0.00;0.00;;9.05;0.00;MARTINA;SFB7502;KR150;"Sandvik"", Öland";;Y;SFB7502;N;Y;N;;;FX;;GNS, GTR;24.26;0.00;Fiber/Plastic;;1983-01-04;MFL;1980-01-01;;2023-12-29
SWE000004384;;SWE;;;10.97;0.00;0.00;;11.97;0.00;MINDY;SFB7512;SIN31;Simrishamn;;Y;SFB7512;N;Y;N;;;FX;;LHP, NO;80.90;0.00;Metal;;1983-01-14;MFL;1983-01-01;;2017-03-20
SWE000004386;;SWE;;;3.01;0.00;0.00;;7.20;0.00;No name;SFB7515;YD23;Abbekås;;Y;SFB7515;N;Y;N;;;FX;;FPO, GNS;16.18;0.00;Fiber/Plastic;;1983-01-20;MFL;1981-01-01;;2013-10-05
SWE000004390;;SWE;;;1.36;0.00;0.00;;6.30;0.00;HORNÖ;SFB7525;UA9;Uddevalla;;Y;SFB7525;N;Y;N;;;FX;;FPO, NO;26.47;0.00;Fiber/Plastic;;1983-01-28;MFL;1983-01-01;;2003-03-10
SWE000004391;;SWE;;;8.81;0.00;0.00;;7.70;0.00;No name;SFB7526;NRG10;Kallsö;;Y;SFB7526;N;Y;N;;;FX;;FPO;16.18;0.00;Fiber/Plastic;;1983-01-28;MFL;1981-01-01;;2014-12-29
SWE000004392;;SWE;;;5.16;0.00;0.00;;8.80;0.00;BRATTÖ;SFB7527;SD216;Hamburgsund;;Y;SFB7527;N;Y;N;;;FX;;FPO, GNS;106.62;0.00;Fiber/Plastic;;1983-01-28;F32;1982-01-01;1996-06-13;
SWE000004403;;SWE;;;0.66;0.00;0.00;;6.10;0.00;No name;SFB7543;MÖ166;Klagshamn;;Y;SFB7543;N;Y;N;;;FX;;GNS, GTR;7.35;0.00;Fiber/Plastic;;1983-02-18;MFL;1975-01-01;;2019-03-13
SWE000004405;;SWE;;;1.19;0.00;0.00;;6.40;0.00;KUNGSVÅG;SFB7546;GG652;Gottskär;;Y;SFB7546;N;Y;N;;;FX;;FPO, GNS;24.26;0.00;Fiber/Plastic;;1983-02-23;4M1;1981-01-01;;2000-01-01
SWE000004408;265631320;SWE;;;12.28;0.00;0.00;;10.75;0.00;RÖNNSKÄR;SFB7549;VG27;Galtabäck;;Y;SFB7549;N;Y;Y;;;FX;;GTR, GNS;77.94;0.00;Fiber/Plastic;;1983-02-24;MFL;1983-01-01;;
SWE000004421;;SWE;;;4.75;0.00;0.00;;8.60;0.00;EMMA;SFB7572;SG8;Hörvik;;Y;SFB7572;N;Y;N;;;FX;;GNS, LHP;55.15;0.00;Fiber/Plastic;;1983-04-05;MFL;1983-01-01;;2006-03-25
SWE000004423;;SWE;;;2.82;0.00;0.00;;7.10;0.00;No name;SFB7574;SD480;Fjällbacka;;Y;SFB7574;N;Y;N;;;FX;;FPO, GNS;22.06;0.00;Fiber/Plastic;;1990-01-23;4M1;1983-01-01;;1997-06-22
SWE000004424;;SWE;;;13.80;0.00;0.00;;10.80;0.00;HELGA;SFB7575;LA6;Ålabodarna;;Y;SFB7575;N;Y;N;;;FX;;GNS, FPO;183.82;0.00;Metal;;1983-04-07;MFL;1983-01-01;;
SWE000004425;;SWE;;;4.18;0.00;0.00;;8.60;0.00;IAN;SFB7578;SIN23;Vik;;Y;SFB7578;N;Y;N;;;FX;;FPO, GND;73.53;0.00;Metal;;1983-04-14;4M1;1983-01-01;;1998-04-22
SWE000004427;;SWE;;;7.53;0.00;0.00;;9.00;0.00;ANNA-LENA;SFB7581;KN26;Senoren;;Y;SFB7581;N;Y;N;;;FX;;GNS;25.74;0.00;Wood;;1983-04-20;4M1;1947-01-01;;1999-04-23
SWE000004428;;SWE;;;11.63;15.00;0.00;;11.62;0.00;ZANDY;SFB7582;VY29;Herrvik;;Y;SFB7582;N;Y;N;;;FX;;GNS;114.71;0.00;Fiber/Plastic;;1983-04-22;MFL;1981-01-01;2008-04-14;
SWE000004430;;SWE;;;6.34;0.00;0.00;;9.60;0.00;LINDHA;SFB7585;TG10;Skåre;;Y;SFB7585;N;Y;N;;;FX;;GNS;55.00;0.00;Fiber/Plastic;;1983-04-25;MFL;1983-01-01;;2018-07-10
SWE000004436;;SWE;;;7.61;0.00;0.00;;10.50;0.00;HILLEVI;SFB7600;GG124;Dyrön;;Y;SFB7600;N;Y;N;;;FX;;FPO, GND;147.06;0.00;Fiber/Plastic;;1983-06-30;4M4;1983-01-01;;1999-12-21
SWE000004437;;SWE;;;14.68;0.00;0.00;;10.80;0.00;LILIAN;SFB7604;SG56;Nogersund;;Y;SFB7604;N;Y;N;;;FX;;GNS;91.18;0.00;Metal;;1983-05-05;F31;1983-01-01;;1996-12-17
SWE000004445;;SWE;;;2.49;0.00;0.00;;8.00;0.00;No name;SFB7617;SD199;Nord-Koster;;Y;SFB7617;N;Y;N;;;FX;;FPO;45.59;0.00;Fiber/Plastic;;1983-05-16;MFL;1983-01-01;;2004-09-17
SWE000004452;;SWE;;;3.11;0.00;0.00;;8.20;0.00;TANJA;SFB7637;HG24;Höganäs;;Y;SFB7637;N;Y;N;;;FX;;GNS;63.24;0.00;Fiber/Plastic;;1983-06-03;4M1;1982-01-01;;
SWE000004454;;SWE;;;5.43;0.00;0.00;;9.50;0.00;DAGNY;SFB7640;SL1;Juniskär;;Y;SFB7640;N;Y;N;;;FX;;GNS;91.18;0.00;Fiber/Plastic;;1983-06-05;MFL;1983-01-01;;
SWE000004456;;SWE;;;2.69;0.00;0.00;;8.70;0.00;SANDÖN;SFB7645;LÅ15;Sandön;;Y;SFB7645;N;Y;N;;;FX;;FPO;95.61;0.00;Fiber/Plastic;;1983-06-08;MFL;1982-01-01;;2021-12-31
SWE000004463;;SWE;;;3.69;0.00;0.00;;8.00;0.00;RÅSSEN;SFB7657;VK117;Sladö;;Y;SFB7657;N;Y;N;;;FX;;GNS;29.41;0.00;Wood;;1983-06-13;4M1;1931-01-01;;2001-04-19
SWE000004467;;SWE;;;6.23;0.00;0.00;;8.60;0.00;WILMA;SFB7670;;Hörvik;;Y;SFB7670;N;Y;N;;;FX;;GNS;26.47;0.00;Wood;;1983-06-30;MFL;1983-01-01;;2015-01-27
SWE000004469;;SWE;;;1.33;0.00;0.00;;7.10;0.00;No name;SFB7673;GE18;Norrsundet;;Y;SFB7673;N;Y;N;;;FX;;GNS, FPO;68.38;0.00;Fiber/Plastic;;1983-07-05;MFL;1973-01-01;;2007-03-29
SWE000004470;;SWE;;;3.83;0.00;0.00;;8.25;0.00;MONA III;SFB7676;GE5;Bönan;;Y;SFB7676;N;Y;N;;;FX;;GNS;45.59;25.74;Fiber/Plastic;;1983-07-05;MFL;1983-01-01;;
SWE000004479;;SWE;;;7.50;0.00;0.00;;9.73;0.00;ZANDRA;SFB7696;NG5;"Brevik"", Nyköping";;Y;SFB7696;N;Y;N;;;FX;;GNS, FPO;36.76;0.00;Fiber/Plastic;;1994-09-08;MFL;1983-01-01;;2019-03-07
SWE000004482;;SWE;;;3.56;0.00;0.00;;8.20;0.00;MÅSESKÄR;SFB7703;LL95;Grundsund;;Y;SFB7703;N;Y;N;;;FX;;FPO, LHP;62.50;0.00;Fiber/Plastic;;1983-08-03;MFL;1983-01-01;;2018-08-09
SWE000004484;;SWE;;;5.90;0.00;0.00;;8.40;0.00;SPERO;SFB7705;VG24;Träslövsläge;;Y;SFB7705;N;Y;N;;;FX;;GNS;58.82;0.00;Wood;;1983-08-04;4M1;1983-01-01;;2001-09-13
SWE000004487;;SWE;;;5.00;0.00;0.00;;8.40;0.00;FATIMA;SFB7708;HG20;Höganäs;;Y;SFB7708;N;Y;N;;;FX;;FPO;67.65;0.00;Fiber/Plastic;;1983-10-07;MFL;1983-01-01;;2017-05-02
SWE000004491;;SWE;;;6.81;0.00;0.00;;8.70;0.00;MINDY;SFB7713;SG68;Nogersund;;Y;SFB7713;N;Y;N;;;FX;;GNS, LHP;68.38;0.00;Fiber/Plastic;;1983-08-15;4M1;1983-01-01;;2001-10-05
SWE000004501;;SWE;;;11.53;0.00;0.00;;11.00;0.00;CONCORD;SFB7728;LL59;Smögen;;Y;SFB7728;N;Y;N;;;FX;;GNS, GND;81.00;0.00;Fiber/Plastic;;1983-08-31;MFL;1983-01-01;;2023-09-24
SWE000004503;;SWE;;;8.99;0.00;0.00;;11.95;0.00;SIROCCO;SFB7731;HA3;Nikkala;;Y;SFB7731;N;Y;N;;;FX;;PTB, NO;110.29;0.00;Wood;;1983-09-06;MFL;1975-01-01;;2007-08-25
SWE000004507;;SWE;;;3.11;0.00;0.00;;8.20;0.00;No name;SFB7737;ÖK19;Köpmanholmen;;Y;SFB7737;N;Y;N;;;FX;;GNS;132.35;0.00;Fiber/Plastic;;1983-10-03;MFL;1980-01-01;;2016-07-12
SWE000004509;;SWE;;;13.46;0.00;0.00;;12.80;0.00;JENNY;SFB7739;LÅ12;Junkön;;Y;SFB7739;Y;Y;N;;;FX;;GNS, PTB;179.41;0.00;Metal;;1983-09-14;4M5;1976-01-01;1998-01-19;
SWE000004513;;SWE;;;6.01;0.00;0.00;;8.05;0.00;LAGUN;SFB7743;GE33;Gårdskär;;Y;SFB7743;N;Y;N;;;FX;;GNS;42.65;0.00;Fiber/Plastic;;1983-09-15;MFL;1983-01-01;;
SWE000004516;;SWE;;;5.88;0.00;0.00;;7.75;0.00;CAROLINE;SFB7749;SIN80;Baskemölla;;Y;SFB7749;N;Y;N;;;FX;;GNS, NO;36.76;0.00;Wood;;1985-07-30;MFL;1984-01-01;;2003-11-28
SWE000004517;;SWE;;;3.11;0.00;0.00;;8.20;0.00;SKALMAN;SFB7751;HND22;Berghamn;;Y;SFB7751;N;Y;N;;;FX;;FPO;121.32;0.00;Fiber/Plastic;;1983-09-27;MFL;1980-01-01;;2014-06-10
SWE000004519;;SWE;;;14.52;0.00;0.00;;11.95;0.00;LINDA;SFB7753;HA8;Nikkala;;Y;SFB7753;N;Y;N;;;FX;;PTB, NO;119.00;0.00;Wood;;1983-09-28;MFL;1979-01-01;;2005-04-01
SWE000004520;;SWE;;;3.23;0.00;0.00;;8.20;0.00;ANN-MARI;SFB7755;KR33;Kårehamn;;Y;SFB7755;N;Y;N;;;FX;;GNS;47.79;0.00;Fiber/Plastic;;1983-09-29;MFL;1983-01-01;;2008-03-02
SWE000004521;;SWE;;;9.76;0.00;0.00;;10.75;0.00;CARINA;SFB7757;SIN89;Simrishamn;;Y;SFB7757;N;Y;N;;;FX;;GNS, LHP;83.82;0.00;Fiber/Plastic;;1983-09-28;MFL;1983-01-01;;
SWE000004522;266778410;SWE;;;10.64;0.00;0.00;;9.60;0.00;ANNA;SFB7758;GG43;Bohus-Björkö;;Y;SFB7758;N;Y;Y;;;FX;;GNS, LHP;51.00;0.00;Metal;;1983-10-02;MFL;1983-01-01;;
SWE000004525;;SWE;;;8.15;0.00;0.00;;12.00;0.00;REBECKA;SFB7763;HA18;;;Y;SFB7763;N;;;;;FX;;PTB, NO;128.68;0.00;Wood;;1983-10-05;MFL;1976-01-01;;2005-01-17
SWE000004526;;SWE;;;1.02;0.00;0.00;;6.56;0.00;TINA;SFB7764;HG35;"Viken"", Höganäs";;Y;SFB7764;N;Y;N;;;FX;;GNS;11.00;0.00;Fiber/Plastic;;1983-10-06;4M1;1983-01-01;;1998-03-07
SWE000004528;;SWE;;;12.35;0.00;0.00;;12.30;0.00;SID0N;SFB7766;GG378;Fotö;;Y;SFB7766;Y;N;N;;;FX;;OTB;88.24;0.00;Metal;;1983-10-10;4M4;1983-01-01;;2002-08-30
SWE000004529;;SWE;;;3.65;0.00;0.00;;7.92;0.00;SÖTTEN;SFB7767;SD84;Fjällbacka;;Y;SFB7767;N;Y;N;;;FX;;FPO;88.24;0.00;Fiber/Plastic;;1983-10-10;MFL;1982-01-01;;
SWE000004530;;SWE;;;1.21;0.00;0.00;;7.45;0.00;KLIPPET;SFB7768;SD785;Havstenssund;;Y;SFB7768;N;Y;N;;;FX;;PS, NO;16.18;0.00;Wood;;1983-10-13;MFL;1950-01-01;;2008-05-22
SWE000004539;265645290;SWE;;;4.87;0.00;0.00;;8.85;0.00;MARINO;SFB7783;GG2;Hönö;;Y;SFB7783;N;Y;Y;;;FX;;FPO;125.00;0.00;Fiber/Plastic;;1983-10-23;MFL;1983-01-01;;
SWE000004540;265502370;SWE;;;16.90;0.00;0.00;;11.90;0.00;INGARÖ;SFB7784;VG55;Träslövsläge;;Y;SFB7784;N;Y;Y;;;FX;;OTB, TBN;175.74;0.00;Metal;;1983-10-24;MFL;1983-01-01;;
SWE000004541;;SWE;;;5.00;0.00;0.00;;8.90;0.00;NIDAROS;SFB7785;GG531;Dyrön;;Y;SFB7785;N;Y;N;;;FX;;GND, FPO;130.00;0.00;Fiber/Plastic;;1983-10-25;MFL;1983-01-01;;
SWE000004542;;SWE;;;1.39;0.00;0.00;;6.80;0.00;MARI;SFB7786;GG513;Rönnäng;;Y;SFB7786;N;Y;N;;;FX;;FPO, GNS;26.47;0.00;Fiber/Plastic;;1983-10-28;4M1;1978-01-01;;1997-12-31
SWE000004544;;SWE;;;13.52;0.00;0.00;;10.78;0.00;LOTTA;SFB7810;KA55;"Ekenabben"", Sturkö";;Y;SFB7810;N;Y;N;;;FX;;GNS;101.00;0.00;Wood;;1983-11-04;MFL;1983-01-01;;2024-09-25
SWE000004545;;SWE;;;10.50;0.00;0.00;;10.80;0.00;SVANÖ;SFB7813;SM20;Öregrund;;Y;SFB7813;N;Y;N;;;FX;;GNS;176.47;0.00;Fiber/Plastic;;1983-11-13;MFL;1981-01-01;;
SWE000004546;;SWE;;;4.72;0.00;0.00;;8.05;0.00;MALVINA;SFB7814;SD17;Fjällbacka;;Y;SFB7814;N;Y;N;;;FX;;FPO;22.06;0.00;Fiber/Plastic;;1983-11-14;MFL;1983-01-01;;2020-06-07
SWE000004547;;SWE;;;0.92;0.00;0.00;;6.30;0.00;TREO;SFB7815;GG638;Öckerö;;Y;SFB7815;N;Y;N;;;FX;;GNS, FPO;12.50;0.00;Fiber/Plastic;;1983-11-17;MFL;1982-01-01;;2003-07-08
SWE000004549;;SWE;;;18.19;0.00;0.00;;11.75;0.00;RÖNNSKÄR;SFB7818;KR12;Bläsinge;;Y;SFB7818;N;Y;N;;;FX;;OTB, NO;125.03;14.00;Wood;;1983-11-16;MFL;1965-01-01;;
SWE000004551;;SWE;;;26.16;0.00;0.00;;11.55;0.00;LAGUN;SFB7820;GG964;Bohus-Björkö;;Y;SFB7820;N;Y;N;;;FX;;OTB, NO;147.06;0.00;Metal;;1983-11-18;4M4;1983-01-01;;2000-11-23
SWE000004557;;SWE;;;2.12;0.00;0.00;;6.80;0.00;No name;SFB7827;SG41;Hörvik;;Y;SFB7827;N;Y;N;;;FX;;FPO;22.06;0.00;Fiber/Plastic;;1983-11-24;MFL;1979-01-01;;
SWE000004559;;SWE;;;7.50;0.00;0.00;;10.80;0.00;TORNÖ;SFB7831;LL455;Käringön;;Y;SFB7831;N;Y;N;;;FX;;LTL, FPO;101.47;0.00;Metal;;1983-11-27;MFL;1983-01-01;;
SWE000004560;;SWE;;;2.90;0.00;0.00;;9.00;0.00;HANSÖ;SFB7833;GG1185;Donsö;;Y;SFB7833;N;Y;N;;;FX;;FPO, GNS;117.65;0.00;Fiber/Plastic;;1983-12-07;MFL;1983-01-01;;2003-08-29
SWE000004561;;SWE;;;3.87;0.00;0.00;;8.10;0.00;REX;SFB7837;SD73;Havstenssund;;Y;SFB7837;N;Y;N;;;FX;;PS, NO;63.00;0.00;Wood;;1983-12-12;MFL;1959-01-01;;2013-12-02
SWE000004562;;SWE;;;3.56;0.00;0.00;;6.80;0.00;EVA;SFB7840;LL186;Fiskebäckskil;;Y;SFB7840;N;Y;N;;;FX;;FPO, SB;26.47;0.00;Fiber/Plastic;;1983-12-12;4M1;1979-01-01;;2000-10-12
SWE000004564;;SWE;;;14.33;0.00;0.00;;11.95;0.00;VINGALAND;SFB7842;KA5;Sturkö;;Y;SFB7842;N;Y;N;;;FX;;PS, OTM;160.00;0.00;Fiber/Plastic;;1984-07-09;MFL;1984-01-01;;
SWE000004567;;SWE;;;16.69;0.00;0.00;;11.70;0.00;No name;SFB7846;HND16;Bönhamn;;Y;SFB7846;N;Y;N;;;FX;;FPO, GNS;113.97;0.00;Metal;;1983-12-20;MFL;1955-01-01;;2008-05-20
SWE000004568;;SWE;;;9.17;0.00;0.00;;9.75;0.00;GOLDEN;SFB7847;SG459;Nogersund;;Y;SFB7847;N;Y;N;;;FX;;GNS;66.18;0.00;Wood;;1983-12-20;MFL;1983-01-01;;2019-10-01
SWE000004571;;SWE;;;2.26;0.00;0.00;;6.00;0.00;LIBERTY;SFB7853;SD151;Krossekärr;;Y;SFB7853;N;Y;N;;;FX;;FPO;18.38;0.00;Wood;;1983-12-30;MFL;1968-01-01;;2003-02-02
SWE000004573;;SWE;;;3.41;0.00;0.00;;8.10;0.00;STENSKÄR;SFB7858;GG342;"Sandvik"", Styrsö";;Y;SFB7858;N;Y;N;;;FX;;GNS, FPO;62.50;0.00;Fiber/Plastic;;1984-01-05;F32;1983-01-01;;1996-10-01
SWE000004576;;SWE;;;5.74;0.00;0.00;;9.30;0.00;WINGA;SFB7863;VY13;Herrvik;;Y;SFB7863;N;Y;N;;;FX;;GNS;58.82;0.00;Fiber/Plastic;;1984-01-12;MFL;1948-01-01;;2019-08-14
SWE000004578;;SWE;;;14.51;0.00;0.00;;11.00;0.00;SEYMOUR;SFB7873;LA99;Ålabodarna;;Y;SFB7873;N;Y;N;;;FX;;GNS;95.61;2.94;Fiber/Plastic;;1984-02-10;MFL;1984-01-01;;2013-07-12
SWE000004584;;SWE;;;0.61;0.00;0.00;;5.95;0.00;LISABONN;SFB7888;SD204;Fjällbacka;;Y;SFB7888;N;Y;N;;;FX;;FPO, GND;9.56;0.00;Wood;;1984-02-08;4M1;1966-01-01;;1999-07-16
SWE000004591;;SWE;;;3.78;0.00;0.00;;9.00;0.00;ELISA;SFB7897;GE43;Gudinge;;Y;SFB7897;N;Y;N;;;FX;;GNS;106.62;0.00;Fiber/Plastic;;1984-02-09;MFL;1983-01-01;;
SWE000004593;;SWE;;;15.20;0.00;0.00;;10.70;0.00;ANN-BRITT;SFB7899;SIN33;Kivik;;Y;SFB7899;N;Y;N;;;FX;;GNS, LHP;139.71;0.00;Fiber/Plastic;;1984-02-14;MFL;1984-01-01;2006-12-22;
SWE000004595;;SWE;;;2.08;0.00;0.00;;6.00;0.00;No name;SFB7902;SD293;Hamburgsund;;Y;SFB7902;N;Y;N;;;FX;;FPO;13.24;0.00;Wood;;1984-02-15;4M1;1979-01-01;;1999-06-10
SWE000004598;;SWE;;;9.65;0.00;0.00;;9.99;0.00;GRANADA;SFB7908;GG199;Rörö;;Y;SFB7908;N;Y;N;;;FX;;OTB, GNS;77.94;0.00;Fiber/Plastic;;1984-02-20;4M4;1983-01-01;;
SWE000004601;;SWE;;;3.48;0.00;0.00;;8.60;0.00;ELKE;SFB7926;GE48;Gävle;;Y;SFB7926;N;Y;N;;;FX;;GNS;16.91;0.00;Wood;;1984-03-15;MFL;1957-01-01;;2011-11-03
SWE000004602;;SWE;;;2.49;0.00;0.00;;8.00;0.00;TÄRNAN;SFB7929;GG684;Fiskebäck;;Y;SFB7929;N;Y;N;;;FX;;FPO, LTL;66.18;0.00;Fiber/Plastic;;1984-03-15;MFL;1984-01-01;;2018-03-05
SWE000004604;;SWE;;;3.45;0.00;0.00;;8.20;0.00;TÄRNAN I;SFB7932;LA37;Barsebäckshamn;;Y;SFB7932;N;Y;N;;;FX;;GNS, GND;66.18;48.66;Wood;;1984-03-15;MFL;1971-01-01;;2004-04-08
SWE000004605;;SWE;;;9.75;0.00;0.00;;10.90;0.00;TAMARA;SFB7933;VY60;Herrvik;;Y;SFB7933;N;Y;N;;;FX;;GNS;110.29;0.00;Wood;;1984-03-19;MFL;1951-01-01;;2014-12-02
SWE000004609;;SWE;;;1.31;0.00;0.00;;6.65;0.00;YVONNE;SFB7937;SD421;Fjällbacka;;Y;SFB7937;N;Y;N;;;FX;;FPO, LTL;16.18;0.00;Wood;;1984-03-16;MFL;1973-01-01;;2010-06-29
SWE000004614;;SWE;;;3.05;0.00;0.00;;7.50;0.00;KOLTER;SFB7948;SD106;Fjällbacka;;Y;SFB7948;N;Y;N;;;FX;;FPO;36.00;0.00;Fiber/Plastic;;1984-03-22;MFL;1980-01-01;;
SWE000004618;;SWE;;;0.88;0.00;0.00;;6.20;0.00;SINTUS;SFB7954;SIN64;Baskemölla;;Y;SFB7954;N;Y;N;;;FX;;GNS, FPO;16.18;0.00;Fiber/Plastic;;1984-03-28;MFL;1978-01-01;;2004-04-03
SWE000004627;265708380;SWE;;;3.15;0.00;0.00;;8.25;0.00;LILLESKÄR 2;SFB7966;SD67;Strömstad;;Y;SFB7966;N;Y;Y;;;FX;;FPO;69.90;0.00;Fiber/Plastic;;1984-03-29;MFL;1983-01-01;;
SWE000004628;265807770;SWE;;;14.87;0.00;0.00;;10.70;0.00;ELLA;SFB7967;LL10;Dyrön;;Y;SFB7967;N;Y;Y;;;FX;;OTB, GND;169.16;0.00;Metal;;1984-04-01;MFL;1984-01-01;;
SWE000004631;;SWE;;;14.47;0.00;0.00;;11.95;0.00;HEMSKÄR;SFB7978;SM63;Herräng;;Y;SFB7978;N;Y;N;;;FX;;GNS;95.61;0.00;Metal;;1984-05-09;MFL;1983-01-01;;2019-02-24
SWE000004634;;SWE;;;3.65;0.00;0.00;;8.25;0.00;ELISABETH;SFB7982;NG17;Oxelösund;;Y;SFB7982;N;Y;N;;;FX;;GND, GNS;77.94;0.00;Fiber/Plastic;;1984-04-12;4M1;1984-01-01;;1997-11-20
SWE000004636;;SWE;;;6.99;0.00;0.00;;8.81;0.00;NORDVÅG 2;SFB7987;GG1192;Skärhamn;;Y;SFB7987;N;Y;N;;;FX;;GNS, FPO;77.21;0.00;Fiber/Plastic;;1984-04-16;MFL;1984-01-01;;2005-02-02
SWE000004637;;SWE;;;9.76;0.00;0.00;;10.75;0.00;GARPEN;SFB7988;VY78;Vändburg;;Y;SFB7988;N;Y;N;;;FX;;GNS;77.94;0.00;Fiber/Plastic;;1984-04-16;4M1;1984-01-01;;2002-06-05
SWE000004638;;SWE;;;4.84;0.00;0.00;;8.00;0.00;No name;SFB7994;GG722;Donsö;;Y;SFB7994;N;Y;N;;;FX;;FPO;95.61;0.00;Fiber/Plastic;;1984-04-18;MFL;1984-01-01;;2019-03-09
SWE000004640;;SWE;;;3.11;0.00;0.00;;8.20;0.00;NORDKAP;SFB7997;GG477;Öckerö;;Y;SFB7997;N;Y;N;;;FX;;GND, GNS;77.94;0.00;Fiber/Plastic;;1984-04-25;F32;1984-01-01;;1996-10-01
SWE000004641;;SWE;;;4.18;0.00;0.00;;7.75;0.00;ELAISA;SFB7999;SM159;Gräsö;;Y;SFB7999;N;Y;N;;;FX;;GNS, FPO;29.41;0.00;Fiber/Plastic;;1984-04-26;MFL;1981-01-01;;2004-09-05
SWE000004642;;SWE;;;2.64;0.00;0.00;;6.80;0.00;CAROLINE;SFB8000;KN18;;;Y;SFB8000;N;;;;;FX;;GNS;24.26;0.00;Wood;;1984-04-26;4M1;1975-01-01;;1999-10-14
SWE000004643;;SWE;;;5.80;0.00;0.00;;10.16;0.00;SJÖBRIS;SFB8001;HG107;;;Y;SFB8001;N;N;N;;;FX;;GNS;68.38;0.00;Fiber/Plastic;;1984-04-26;MFL;1984-01-01;;2022-01-11
SWE000004649;;SWE;;;5.93;0.00;0.00;;8.70;0.00;INGASKÄR;SFB8016;HL16;;;Y;SFB8016;N;N;N;;;FX;;GNS;61.76;0.00;Fiber/Plastic;;1984-05-16;4M1;1981-01-01;;1999-11-01
SWE000004652;265739050;SWE;;;6.98;0.00;0.00;;9.86;0.00;HAJEN AV ÅSTOL;SFB8022;GG379;Åstol;;Y;SFB8022;N;Y;Y;;;FX;;GNS, GND;183.82;0.00;Fiber/Plastic;;1984-05-17;MFL;1982-01-01;;
SWE000004655;;SWE;;;14.47;0.00;0.00;;11.62;0.00;NAJADEN;SFB8025;SG34;Hällevik;;Y;SFB8025;N;Y;N;;;FX;;GNS, NO;144.12;0.00;Fiber/Plastic;;1984-05-17;MFL;1984-01-01;;
SWE000004658;;SWE;;;1.22;0.00;0.00;;7.00;0.00;TRIX;SFB8036;VY122;Skälsö;;Y;SFB8036;N;Y;N;;;FX;;GNS;96.00;0.00;Fiber/Plastic;;1984-05-28;4M1;1981-01-01;;1999-04-06
SWE000004659;;SWE;;;2.18;0.00;0.00;;6.05;0.00;TINDRA;SFB8037;GG665;Rörö;;Y;SFB8037;N;Y;N;;;FX;;GNS, FPO;14.71;0.00;Fiber/Plastic;;1984-05-28;MFL;1984-01-01;;2008-10-21
SWE000004660;;SWE;;;1.98;0.00;0.00;;6.40;0.00;BRITEN;SFB8038;VY123;Sysne;;Y;SFB8038;N;Y;N;;;FX;;GNS, GND;16.18;0.00;Wood;;1984-05-28;MFL;1965-01-01;;2003-06-19
SWE000004663;;SWE;;;5.88;0.00;0.00;;8.55;0.00;ALTA MAR;SFB8046;MÖ99;Limhamn;;Y;SFB8046;N;Y;N;;;FX;;GNS;24.26;0.00;Wood;;1993-10-05;4M1;1982-01-01;;2002-04-02
SWE000004667;;SWE;;;2.94;0.00;0.00;;7.98;0.00;No name;SFB8053;HG78;;;Y;SFB8053;N;N;N;;;FX;;GNS, GTR;47.79;0.00;Fiber/Plastic;;1984-06-13;MFL;1984-01-01;;
SWE000004670;;SWE;;;5.94;0.00;0.00;;9.60;0.00;FLIPPER;SFB8066;TG14;Trelleborg;;Y;SFB8066;N;Y;N;;;FX;;GNS;47.81;0.00;Fiber/Plastic;;1994-09-22;MFL;1984-01-01;;
SWE000004671;;SWE;;;4.32;0.00;0.00;;8.25;0.00;INGMARI AF LOMMA;SFB8068;MÖ60;Lomma;;Y;SFB8068;N;Y;N;;;FX;;GNS;44.13;0.00;Fiber/Plastic;;1984-06-13;MFL;1984-01-01;;2018-10-26
SWE000004672;265704020;SWE;;;5.30;0.00;0.00;;8.53;0.00;SVANSJÖ;SFB8069;VG81;Varberg;;Y;SFB8069;N;Y;Y;;;FX;;LTL, GND;58.00;0.00;Wood;;1984-06-13;MFL;1984-01-01;;
SWE000004675;;SWE;;;2.83;0.00;0.00;;8.60;0.00;THEODOR P;SFB8082;SN28;Vallvik;;Y;SFB8082;N;Y;N;;;FX;;GNS;58.82;0.00;Fiber/Plastic;;1984-06-25;MFL;1981-01-01;;2004-04-08
SWE000004682;;SWE;;;4.26;0.00;0.00;;7.50;0.00;ANNY;SFB8103;TG26;Skåre;;Y;SFB8103;N;Y;N;;;FX;;GNS;36.77;0.00;Fiber/Plastic;;1984-07-17;MFL;1979-01-01;;
SWE000004684;265689870;SWE;;;11.82;0.00;0.00;;11.15;0.00;ROSLAGEN;SFB8105;SM16;Grisslehamn;;Y;SFB8105;N;Y;Y;;;FX;;GNS, LHP;69.85;0.00;Metal;;1984-07-19;MFL;1984-01-01;;2024-09-28
SWE000004687;;SWE;;;5.26;0.00;0.00;;8.20;0.00;MISSANAS;SFB8109;LA338;Bäckviken;;Y;SFB8109;N;Y;N;;;FX;;GNS;51.47;0.00;Fiber/Plastic;;1984-07-26;4M1;1984-01-01;;1999-04-23
SWE000004690;;SWE;;;5.09;0.00;0.00;;9.00;0.00;LINDA;SFB8115;GE26;Gudinge;;Y;SFB8115;N;Y;N;;;FX;;GNS;52.94;0.00;Wood;;1984-07-31;MFL;1983-01-01;;2015-01-01
SWE000004692;;SWE;;;2.49;0.00;0.00;;8.00;0.00;TERESA;SFB8117;GG401;Donsö;;Y;SFB8117;N;Y;N;;;FX;;GND, FPO;47.79;0.00;Fiber/Plastic;;1984-08-01;MFL;1984-01-01;;2004-11-26
SWE000004693;;SWE;;;1.84;0.00;0.00;;6.90;0.00;ANNBRITT;SFB8118;MÖ79;Limhamn;;Y;SFB8118;N;Y;N;;;FX;;GNS;16.18;0.00;Fiber/Plastic;;1984-08-01;MFL;1977-01-01;;2022-09-16
SWE000004696;;SWE;;;3.29;0.00;0.00;;8.40;0.00;KARMA;SFB8125;LL176;Stocken;;Y;SFB8125;N;Y;N;;;FX;;FPO, GNS;94.12;0.00;Metal;;1992-08-11;4M1;1979-01-01;;1999-07-01
SWE000004700;;SWE;;;1.80;0.00;0.00;;7.00;0.00;VIKEN;SFB8132;GG700;Hönö;;Y;SFB8132;N;Y;N;;;FX;;GND, GNS;7.35;0.00;Wood;;1984-08-17;4M1;1960-01-01;;2002-08-16
SWE000004701;;SWE;;;4.60;0.00;0.00;;10.93;0.00;LIZ;SFB8136;GG216;Dyrön;;Y;SFB8136;N;Y;N;;;FX;;FPO;148.53;0.00;Fiber/Plastic;;1984-08-23;MFL;1976-01-01;;2005-09-08
SWE000004704;;SWE;;;7.96;0.00;0.00;;9.35;0.00;BISCAYA;SFB8139;GG344;Hönö;;Y;SFB8139;N;Y;N;;;FX;;GNS;65.00;0.00;Wood;;1984-08-24;MFL;1950-01-01;;2013-01-28
SWE000004710;;SWE;;;4.89;0.00;0.00;;7.45;0.00;ANNY;SFB8150;KR8;Kalmar;;Y;SFB8150;N;Y;N;;;FX;;GNS;63.24;0.00;Fiber/Plastic;;1984-09-10;MFL;1981-01-01;;2025-05-21
SWE000004713;;SWE;;;5.93;0.00;0.00;;8.70;0.00;LINDÖ;SFB8153;VK24;Västra Eknö;;Y;SFB8153;N;Y;N;;;FX;;FPO;68.38;0.00;Fiber/Plastic;;1984-09-07;MFL;1984-01-01;;2022-01-27
SWE000004715;;SWE;;;14.57;0.00;0.00;;11.83;0.00;TALONA;SFB8155;SIN111;Simrishamn;;Y;SFB8155;N;Y;N;;;FX;;GNS, NO;125.00;0.00;Wood;;1984-09-11;F31;1941-01-01;1996-05-06;
SWE000004718;;SWE;;;2.49;0.00;0.00;;6.95;0.00;ANN;SFB8158;SD224;Strömstad;;Y;SFB8158;N;Y;N;;;FX;;FPO;110.00;0.00;Fiber/Plastic;;1984-09-17;MFL;1984-01-01;;
SWE000004719;265721750;SWE;;;4.86;0.00;0.00;;9.95;0.00;AJAX;SFB8159;LL591;Lysekil;;Y;SFB8159;N;Y;Y;;;FX;;FPO, GND;100.00;0.00;Fiber/Plastic;;1984-09-18;MFL;1984-01-01;;
SWE000004721;265755890;SWE;;;7.61;0.00;0.00;;9.90;0.00;SVANÖ;SFB8161;GG610;Björholmen;;Y;SFB8161;N;Y;Y;;;FX;;FPO;102.94;0.00;Wood;;1984-09-19;MFL;1984-01-01;;2020-05-08
SWE000004726;;SWE;;;3.76;0.00;0.00;;8.90;0.00;RISÖ;SFB8167;LL41;Bohus-Malmön;;Y;SFB8167;N;Y;N;;;FX;;GNS, GND;81.62;0.00;Fiber/Plastic;;1984-10-02;4M1;1984-01-01;;1998-02-17
SWE000004731;;SWE;;;4.00;0.00;0.00;;8.60;0.00;SILVANA;SFB8173;SM3;;;Y;SFB8173;N;N;N;;;FX;;GNS;60.29;0.00;Fiber/Plastic;;1984-10-10;MFL;1984-01-01;;2018-10-23
SWE000004734;265032928;SWE;;;6.84;0.00;0.00;;10.30;0.00;KLACKEN;SFB8178;HA39;Storön;;Y;SFB8178;N;Y;Y;;;FX;;PTB, GNS;121.00;0.00;Wood;;1984-10-11;MFL;1976-01-01;;
SWE000004736;;SWE;;;2.20;0.00;0.00;;7.60;0.00;No name;SFB8180;SIN117;Baskemölla;;Y;SFB8180;N;Y;N;;;FX;;GNS;14.71;0.00;Wood;;1984-10-17;F31;1971-01-01;;1996-11-29
SWE000004739;;SWE;;;0.69;0.00;0.00;;5.70;0.00;No name;SFB8183;SD109;Hamburgsund;;Y;SFB8183;N;Y;N;;;FX;;FPO, NO;13.24;0.00;Wood;;1984-10-22;MFL;1975-01-01;;2013-09-17
SWE000004740;;SWE;;;5.19;0.00;0.00;;9.60;0.00;NORDÖ;SFB8189;TG38;Smygehamn;;Y;SFB8189;N;Y;N;;;FX;;GNS, LHP;187.50;0.00;Fiber/Plastic;;1987-04-02;MFL;1982-01-01;;2005-04-05
SWE000004742;;SWE;;;3.20;0.00;0.00;;8.25;0.00;REGINA;SFB8191;SD721;Fjällbacka;;Y;SFB8191;N;Y;N;;;FX;;GND, FPO;45.59;0.00;Fiber/Plastic;;1984-10-26;4M1;1984-01-01;;1999-11-01
SWE000004745;;SWE;;;14.01;0.00;0.00;;11.30;0.00;SJOLLEN;SFB8196;MÖ35;Lomma;;Y;SFB8196;N;Y;N;;;FX;;GNS;123.53;0.00;Fiber/Plastic;;1984-11-01;MFL;1979-01-01;;
SWE000004749;265758050;SWE;;;3.15;0.00;0.00;;8.25;0.00;TOVEN;SFB8201;GG38;Åstol;;Y;SFB8201;N;Y;Y;;;FX;;FPO, GND;55.16;0.00;Fiber/Plastic;;1984-11-09;MFL;1984-01-01;;
SWE000004750;;SWE;;;3.57;0.00;0.00;;8.85;0.00;MENTOR;SFB8202;GG922;Önnered;;Y;SFB8202;N;Y;N;;;FX;;FPO;58.84;0.00;Fiber/Plastic;;1984-11-09;MFL;1983-01-01;;2015-05-01
SWE000004754;;SWE;;;2.95;0.00;0.00;;8.15;0.00;No name;SFB8211;ÖK21;Skeppsmalen;;Y;SFB8211;N;Y;N;;;FX;;GNS;113.97;0.00;Fiber/Plastic;;1984-11-16;4M1;1983-01-01;;1999-06-15
SWE000004761;;SWE;;;4.74;0.00;0.00;;8.90;0.00;LISA;SFB8219;VG299;Norra Näs;;Y;SFB8219;N;Y;N;;;FX;;FPO, NO;52.94;0.00;Fiber/Plastic;;1984-11-26;MFL;1984-01-01;;
SWE000004762;;SWE;;;11.57;0.00;0.00;;10.20;0.00;ANN;SFB8220;KR119;Bläsinge;;Y;SFB8220;N;Y;N;;;FX;;GNS, NO;58.82;0.00;Wood;;1984-11-28;4M1;1957-01-01;1998-08-20;
SWE000004767;;SWE;;;1.40;0.00;0.00;;7.10;0.00;REBECCA;SFB8227;GG278;Rönnäng;;Y;SFB8227;N;Y;N;;;FX;;FPO;16.18;0.00;Fiber/Plastic;;1984-12-06;MFL;1982-01-01;;2013-02-19
SWE000004768;;SWE;;;9.19;0.00;0.00;;11.10;0.00;EMILIA;SFB8230;HG24;Fejan;;Y;SFB8230;N;Y;N;;;FX;;GNS;106.62;0.00;Metal;;1985-09-17;4M1;1985-01-01;;
SWE000004769;;SWE;;;2.68;0.00;0.00;;6.30;0.00;SARA;SFB8231;GG1201;Dyrön;;Y;SFB8231;N;Y;N;;;FX;;GNS, FPO;26.47;0.00;Fiber/Plastic;;1984-12-14;MFL;1984-01-01;;2003-11-25
SWE000004770;;SWE;;;8.40;0.00;0.00;;9.60;0.00;CAPONE;SFB8232;HL35;Fjäle;;Y;SFB8232;N;Y;N;;;FX;;GNS, NO;66.18;0.00;Fiber/Plastic;;1984-12-14;MFL;1984-01-01;;2023-11-15
SWE000004772;265687790;SWE;;;7.65;0.00;0.00;;9.60;0.00;ELIN;SFB8236;SM47;Grisslehamn;;Y;SFB8236;N;Y;Y;;;FX;;GNS;81.00;0.00;Fiber/Plastic;;1992-12-10;MFL;1984-01-01;;2018-07-04
SWE000004773;;SWE;;;9.47;0.00;0.00;;10.75;0.00;MONA;SFB8238;GE51;Engesberg;;Y;SFB8238;N;Y;N;;;FX;;GNS;220.59;0.00;Metal;;1984-12-19;4M1;1984-01-01;;2001-09-11
SWE000004774;265646610;SWE;;;9.66;0.00;0.00;;10.70;0.00;SHAMROCK;SFB8239;HG104;"Viken"", Höganäs";;Y;SFB8239;N;Y;Y;;;FX;;GNS;84.56;0.00;Fiber/Plastic;;1985-01-03;MFL;1984-01-01;;
SWE000004775;;SWE;;;13.53;0.00;0.00;;11.99;0.00;MULAN;SFB8240;SIN38;Skillinge;;Y;SFB8240;N;Y;N;;;FX;;GNS, OTB;158.00;0.00;Metal;;1985-01-04;MFL;1984-01-01;;
SWE000004777;;SWE;;;3.45;0.00;0.00;;7.73;0.00;ABRISEN;SFB8243;SL11;"Raholmen"", Alnön";;Y;SFB8243;N;Y;N;;;FX;;GNS;14.71;0.00;Fiber/Plastic;;1985-01-09;MFL;1979-01-01;;2017-06-02
SWE000004779;;SWE;;;12.43;0.00;0.00;;10.80;0.00;FISKMÅSEN;SFB8245;HA29;Storön;;Y;SFB8245;N;Y;N;;;FX;;PTB, GNS;144.12;0.00;Wood;;1985-01-09;MFL;1976-01-01;;2010-11-12
SWE000004780;;SWE;;;2.12;0.00;0.00;;7.10;0.00;SILVAN;SFB8246;FG19;Falkenberg;;Y;SFB8246;N;Y;N;;;FX;;FPO, GNS;22.06;0.00;Fiber/Plastic;;1985-01-09;MFL;1984-01-01;;2004-10-09
SWE000004781;265688640;SWE;;;14.23;0.00;0.00;;11.80;0.00;HILMA;SFE5136;ON5;Timmernabben;;Y;SFE5136;N;Y;Y;;;FX;;OTM, GNS;205.00;0.00;Fiber/Plastic;;2022-11-07;MFL;1984-01-01;;
SWE000004782;265036000;SWE;;;8.23;0.00;0.00;;12.60;0.00;NANCY;SFB8249;LÅ35;Brändön;;Y;SFB8249;Y;N;Y;;;FX;;PTB, FPO;353.04;0.00;Metal;;1985-01-14;MFL;1984-01-01;;
SWE000004783;;SWE;;;6.86;0.00;0.00;;9.00;0.00;SYLVIA;SFB8250;FG33;Glommen;;Y;SFB8250;N;Y;N;;;FX;;GNS;169.16;0.00;Fiber/Plastic;;1985-01-15;MFL;1983-01-01;;2016-05-30
SWE000004784;;SWE;;;3.02;0.00;0.00;;8.10;0.00;JENNY;SFB8253;KA116;Hasslö;;Y;SFB8253;N;Y;N;;;FX;;GNS, GND;22.06;0.00;Fiber/Plastic;;1985-01-16;MFL;1984-01-01;;
SWE000004788;266397000;SWE;;;23.00;0.00;0.00;;11.90;0.00;CECILIA;SFB8261;SIN10;Kivik;;Y;SFB8261;Y;Y;Y;;;FX;;OTB, NO;270.00;0.00;Fiber/Plastic;;1985-01-30;MFL;1985-01-01;;
SWE000004789;;SWE;;;8.53;0.00;0.00;;9.50;0.00;SEXTANT;SFB8262;ÅS6;Åhus;;Y;SFB8262;N;Y;N;;;FX;;GNS, NO;52.94;0.00;Wood;;1985-02-12;MFL;1963-01-01;;2015-10-25
SWE000004791;;SWE;;;22.64;0.00;0.00;;11.20;0.00;CARMEL;SFB8264;GG100;Fotö;;Y;SFB8264;N;Y;N;;;FX;;OTB, GNS;128.68;0.00;Fiber/Plastic;;1985-02-08;MFL;1982-01-01;;2005-09-14
SWE000004794;;SWE;;;4.72;0.00;0.00;;7.60;0.00;ANIARA;SFB8267;SG31;Nogersund;;Y;SFB8267;N;Y;N;;;FX;;GNS;44.12;0.00;Fiber/Plastic;;1985-02-12;4M1;1983-01-01;;1997-10-30
SWE000004795;;SWE;;;1.71;0.00;0.00;;6.86;0.00;JENNY;SFB8268;SG190;Hörvik;;Y;SFB8268;N;Y;N;;;FX;;GNS, LHP;36.76;0.00;Fiber/Plastic;;1985-02-12;MFL;1979-01-01;;2006-11-21
SWE000004796;;SWE;;;10.25;0.00;0.00;;11.97;0.00;BEIRON;SFB8269;GE57;Gårdskär;;Y;SFB8269;N;Y;N;;;FX;;GNS;128.68;0.00;Fiber/Plastic;;1985-05-31;MFL;1985-01-01;;
SWE000004797;;SWE;;;11.59;0.00;0.00;;10.35;0.00;PIA;SFB8271;VY78;Herrvik;;Y;SFB8271;N;Y;N;;;FX;;OTB, GNS;84.56;0.00;Wood;;1985-02-14;MFL;1985-01-01;2007-01-09;
SWE000004799;265812980;SWE;;;15.33;0.00;0.00;;11.98;0.00;HEMLAND;SFB8273;GG5;Klädesholmen;;Y;SFB8273;N;Y;Y;;;FX;;OTB, TBN;202.21;0.00;Fiber/Plastic;;1985-02-17;MFL;1985-01-01;;
SWE000004800;265593190;SWE;;;23.00;0.00;0.00;;11.95;0.00;SAGA;SFB8274;SG73;Krokås;;Y;SFB8274;N;Y;Y;;;FX;;OTM, NO;246.00;0.00;Fiber/Plastic;;1985-06-10;MFL;1984-01-01;;
SWE000004803;;SWE;;;13.29;0.00;0.00;;11.30;0.00;GITTE-MARIE;SFB8280;KR82;Kårehamn;;Y;SFB8280;N;Y;N;;;FX;;OTB;114.00;0.00;Wood;;1985-02-21;MFL;1957-01-01;;
SWE000004805;;SWE;;;1.40;0.00;0.00;;7.40;0.00;LOTTA;SFB8286;VK53;Västervik;;Y;SFB8286;N;Y;N;;;FX;;FPO, GNS;21.32;0.00;Fiber/Plastic;;1985-03-01;MFL;1985-01-01;;2010-07-07
SWE000004808;265043430;SWE;;;11.34;0.00;0.00;;11.98;0.00;ALTAPPEN;SFB8292;LÅ21;Altappen;;Y;SFB8292;N;Y;Y;;;FX;;PTB, NO;154.41;0.00;Metal;;1993-02-15;MFL;1985-01-01;;
SWE000004811;;SWE;;;0.44;0.00;0.00;;5.60;0.00;SKUMPAN;SFB8297;SD423;Havstenssund;;Y;SFB8297;N;Y;N;;;FX;;FPO, NO;22.06;0.00;Fiber/Plastic;;1985-03-15;MFL;1983-01-01;;2004-01-02
SWE000004812;;SWE;;;0.42;0.00;0.00;;5.80;0.00;PATRICIA;SFB8298;SG121;Krokås;;Y;SFB8298;N;Y;N;;;FX;;FPO, GNS;6.62;0.00;Wood;;1985-03-15;4M1;1981-01-01;;1999-06-17
SWE000004814;;SWE;;;2.49;0.00;0.00;;8.00;0.00;SIVAN;SFB8300;GG667;"Sandvik"", Styrsö";;Y;SFB8300;N;Y;N;;;FX;;GNS;55.15;0.00;Fiber/Plastic;;1985-03-18;4M1;1984-01-01;;1997-11-14
SWE000004820;;SWE;;;3.55;0.00;0.00;;8.00;0.00;VIKAREN;SFB8307;KA99;"Sandhamn"", Karlskrona";;Y;SFB8307;N;Y;N;;;FX;;GNS;22.06;0.00;Fiber/Plastic;;1985-03-26;MFL;1980-01-01;;2014-06-11
SWE000004821;;SWE;;;2.93;0.00;0.00;;8.00;0.00;DARY;SFB8310;KA21;Hasslö;;Y;SFB8310;N;Y;N;;;FX;;GNS;51.47;0.00;Fiber/Plastic;;1985-03-26;MFL;1983-01-01;;2011-12-22
SWE000004823;;SWE;;;1.35;0.00;0.00;;7.00;0.00;IDA;SFB8312;SIN3;Simrishamn;;Y;SFB8312;N;Y;N;;;FX;;GNS, GND;13.24;0.00;Wood;;1985-03-29;4M1;1963-01-01;;1999-03-18
SWE000004824;;SWE;;;3.53;0.00;0.00;;8.80;0.00;RAMONA;SFB8313;LÅ20;Jävrebodarna;;Y;SFB8313;N;Y;N;;;FX;;FPO, GNS;68.38;0.00;Fiber/Plastic;;1985-03-28;MFL;1984-01-01;;
SWE000004825;;SWE;;;5.49;0.00;0.00;;9.05;0.00;POSEIDON;SFB8316;VY35;Ronehamn;;Y;SFB8316;N;Y;N;;;FX;;GNS;44.12;0.00;Wood;;1985-04-03;4M1;1984-01-01;;2000-11-02
SWE000004829;;SWE;;;3.15;0.00;0.00;;8.25;0.00;MARINO;SFB8325;GG628;;;Y;SFB8325;N;N;N;;;FX;;GNS, SB;80.88;0.00;Fiber/Plastic;;1985-04-12;MFL;1985-01-01;;2018-11-08
SWE000004830;;SWE;;;16.77;0.00;0.00;;11.83;0.00;MARIANN;SFB8328;SG93;Nogersund;;Y;SFB8328;N;Y;N;;;FX;;GNS, NO;147.06;0.00;Wood;;1985-04-17;4M1;1960-01-01;1998-09-01;
SWE000004832;;SWE;;;15.30;0.00;0.00;;11.60;0.00;MONSUM;SFB8330;VY84;Klintehamn;;Y;SFB8330;N;Y;N;;;FX;;GNS;95.59;0.00;Wood;;1985-04-17;MFL;1985-01-01;;2015-03-13
SWE000004834;;SWE;;;2.27;0.00;0.00;;7.70;0.00;HAVÄNG;SFB8333;SIN10;Vitemölla;;Y;SFB8333;N;Y;N;;;FX;;GNS;25.74;0.00;Fiber/Plastic;;1985-04-19;MFL;1985-01-01;;2019-07-03
SWE000004838;;SWE;;;2.16;0.00;0.00;;6.70;0.00;STORNOWAY II;SFB8344;HG39;"Viken"", Höganäs";;Y;SFB8344;N;Y;N;;;FX;;GNS, FPO;20.59;0.00;Fiber/Plastic;;1985-04-29;4M1;1985-01-01;;
SWE000004839;265629560;SWE;;;3.62;0.00;0.00;;8.25;0.00;SVANÖ;SFB8345;GG610;Björholmen;;Y;SFB8345;N;Y;Y;;;FX;;FPO;69.00;0.00;Fiber/Plastic;;1985-05-02;MFL;1984-01-01;;2025-06-30
SWE000004843;;SWE;;;3.17;0.00;0.00;;6.90;0.00;STINA;SFB8350;ÅS18;Gropahålet;;Y;SFB8350;N;Y;N;;;FX;;GNS, GND;13.24;0.00;Wood;;1985-05-09;4M1;1970-01-01;;1998-06-02
SWE000004849;;SWE;;;3.80;0.00;0.00;;8.70;0.00;FICHERMAN;SFB8362;SM19;Öregrund;;Y;SFB8362;N;Y;N;;;FX;;GNS;52.94;0.00;Fiber/Plastic;;1985-05-21;MFL;1981-01-01;;
SWE000004854;;SWE;;;4.37;0.00;0.00;;8.25;0.00;TALITA;SFB8368;VG32;Träslövsläge;;Y;SFB8368;N;Y;N;;;FX;;GNS;47.79;0.00;Fiber/Plastic;;1985-05-29;MFL;1985-01-01;;2013-11-18
SWE000004855;;SWE;;;17.85;0.00;0.00;;11.98;0.00;PALOMA;SFB8371;KA60;"Hallahamnen"", Hasslö";;Y;SFB8371;N;Y;N;;;FX;;GNS, GND;110.29;0.00;Metal;;1985-05-30;F31;1985-01-01;;1995-09-04
SWE000004856;;SWE;;;3.81;0.00;0.00;;8.42;0.00;TITTUT II;SFB8374;SIN68;Vitemölla;;Y;SFB8374;N;Y;N;;;FX;;FPO, NO;51.47;0.00;Fiber/Plastic;;1985-05-31;MFL;1985-01-01;;2017-10-23
SWE000004858;;SWE;;;6.45;0.00;0.00;;9.20;0.00;ANN-SOFIE;SFB8382;GG688;Marstrand;;Y;SFB8382;N;Y;N;;;FX;;GNS;83.09;0.00;Fiber/Plastic;;1985-06-05;4M1;1985-01-01;;1997-03-27
SWE000004860;;SWE;;;6.15;0.00;0.00;;8.70;0.00;JENNY;SFB8385;KA116;Hasslö;;Y;SFB8385;N;Y;N;;;FX;;LHP, GNS;45.00;0.00;Fiber/Plastic;;1985-06-07;MFL;1985-01-01;;2013-11-01
SWE000004861;;SWE;;;17.21;0.00;0.00;;11.96;0.00;SILVA AV BÖDA;SFB8392;KR32;Böda;;Y;SFB8392;N;Y;N;;;FX;;GNS, NO;77.94;0.00;Metal;;1985-06-12;F31;1985-01-01;;1996-09-09
SWE000004864;265630860;SWE;;;14.65;0.00;0.00;;11.98;0.00;MONNA;SFB8403;VY27;Sysne;;Y;SFB8403;N;Y;Y;;;FX;;GNS;147.10;0.00;Fiber/Plastic;;1985-06-23;MFL;1985-01-01;;
SWE000004865;;SWE;;;11.17;0.00;0.00;;11.00;0.00;MAGI;SFB8404;GG251;Krossholmen;;Y;SFB8404;N;Y;N;;;FX;;GNS;143.38;0.00;Fiber/Plastic;;1985-06-18;F32;1985-01-01;;
SWE000004866;;SWE;;;5.12;0.00;0.00;;8.70;0.00;AFRODITE;SFB8405;SG155;Hanö;;Y;SFB8405;N;Y;N;;;FX;;GNS, LHP;26.47;0.00;Fiber/Plastic;;1985-06-17;MFL;1985-01-01;;
SWE000004869;;SWE;;;1.26;0.00;0.00;;6.55;0.00;No name;SFB8420;LL935;Lysekil;;Y;SFB8420;N;Y;N;;;FX;;FPO, GNS;16.18;0.00;Wood;;1985-06-26;MFL;1960-01-01;;2003-08-09
SWE000004873;;SWE;;;10.00;0.00;0.00;;9.54;0.00;MALOU;SFB8434;HG31;Torekov;;Y;SFB8434;N;Y;N;;;FX;;GTR, GNS;84.56;0.00;Fiber/Plastic;;1985-07-03;MFL;1981-01-01;;2014-10-16
SWE000004878;;SWE;;;3.51;0.00;0.00;;8.25;0.00;EMMA SOFIE;SFB8441;GG126;Rörö;;Y;SFB8441;N;Y;N;;;FX;;GND, GNS;58.82;0.00;Fiber/Plastic;;1985-07-10;4M1;1984-01-01;2001-01-30;
SWE000004880;;SWE;;;2.29;0.00;0.00;;6.20;0.00;MARIE;SFB8443;GG872;Rörö;;Y;SFB8443;N;Y;N;;;FX;;GNS, FPO;25.74;0.00;Fiber/Plastic;;1985-07-10;F32;1985-01-01;;1996-10-01
SWE000004881;;SWE;;;7.30;0.00;0.00;;9.62;0.00;DOLLY;SFB8444;HND20;Härnösand;;Y;SFB8444;N;Y;N;;;FX;;GNS, FPO;62.50;0.00;Fiber/Plastic;;1985-07-10;MFL;1985-01-01;;2011-08-28
SWE000004883;;SWE;;;16.27;0.00;0.00;;11.95;0.00;HELENA MARIA;SFB8450;KR45;Grönhögen;;Y;SFB8450;N;Y;N;;;FX;;OTB, GNS;161.76;0.00;Metal;;1985-07-15;MFL;1985-01-01;;
SWE000004885;;SWE;;;10.06;0.00;0.00;;10.90;0.00;SOTESKÄR;SFB8452;LL829;Fisketången;;Y;SFB8452;N;Y;N;;;FX;;OTB;117.65;0.00;Fiber/Plastic;;1985-07-17;4M4;1985-01-01;;
SWE000004888;;SWE;;;2.48;0.00;0.00;;7.50;0.00;BREBÖN;SFB8455;GG1161;Skärhamn;;Y;SFB8455;N;Y;N;;;FX;;GNS;37.50;0.00;Fiber/Plastic;;1985-07-18;4M1;1985-01-01;;1999-07-28
SWE000004891;;SWE;;;2.71;0.00;0.00;;7.05;0.00;TRYGG;SFB8458;SG12;Nogersund;;Y;SFB8458;N;Y;N;;;FX;;LHP, GNS;18.38;0.00;Fiber/Plastic;;1985-07-22;4M1;1980-01-01;;1997-09-30
SWE000004898;;SWE;;;1.64;0.00;0.00;;7.00;0.00;VIGGEN;SFB8466;VY162;Vändburg;;Y;SFB8466;N;Y;N;;;FX;;GNS, NO;18.38;0.00;Wood;;1996-05-29;MFL;1950-01-01;;2003-11-02
SWE000004899;;SWE;;;3.32;0.00;0.00;;9.75;0.00;LINNEA;SFB8468;VY136;Slite;;Y;SFB8468;N;Y;N;;;FX;;GNS;65.00;0.00;Wood;;1985-08-06;MFL;1974-01-01;;2020-11-04
SWE000004905;;SWE;;;2.83;0.00;0.00;;8.20;0.00;EROS;SFB8474;GG30;Lerkil;;Y;SFB8474;N;Y;N;;;FX;;OTB, FPO;62.50;0.00;Fiber/Plastic;;1985-08-15;MFL;1981-01-01;;2006-01-03
SWE000004907;;SWE;;;6.74;0.00;0.00;;8.55;0.00;FRIDA;SFB8476;KR18;Bläsinge;;Y;SFB8476;N;Y;N;;;FX;;GNS;33.82;0.00;Fiber/Plastic;;1985-08-19;MFL;1985-01-01;;2011-03-03
SWE000004908;;SWE;;;12.09;0.00;0.00;;10.80;0.00;KVARNÖ;SFB8478;HA142;Kalix-Nyborg;;Y;SFB8478;N;Y;N;;;FX;;GNS, NO;147.06;0.00;Fiber/Plastic;;1985-08-21;MFL;1984-01-01;;2005-12-08
SWE000004909;265020270;SWE;;;6.05;0.00;0.00;;9.00;0.00;VÅGSKÄR;SFB8479;SD477;Strömstad;;Y;SFB8479;N;Y;Y;;;FX;;FPO, LHP;73.55;0.00;Fiber/Plastic;;1985-08-21;MFL;1985-01-01;;
SWE000004911;266380000;SWE;;;13.11;0.00;0.00;;12.00;0.00;GUNHILD;SFB8482;LÅ43;Luleå;;Y;SFB8482;Y;N;Y;;;FX;;PTB, GNS;161.76;0.00;Fiber/Plastic;;1985-08-21;MFL;1985-01-01;;
SWE000004918;;SWE;;;4.18;0.00;0.00;;8.90;0.00;ANDREANNA;SFB8491;HND18;Norrfällsviken;;Y;SFB8491;N;Y;N;;;FX;;GNS;95.59;0.00;Fiber/Plastic;;1985-09-03;MFL;1984-01-01;;
SWE000004920;;SWE;;;6.49;0.00;0.00;;9.24;0.00;EVA;SFB8495;KN1;Karlshamn-Vägga;;Y;SFB8495;N;Y;N;;;FX;;GNS, NO;46.32;0.00;Fiber/Plastic;;1985-09-06;MFL;1983-01-01;;2023-08-15
SWE000004921;;SWE;;;3.21;0.00;0.00;;7.20;0.00;POLAR;SFB8497;UÅ72;Bjuröklubb;;Y;SFB8497;N;Y;N;;;FX;;GNS;14.71;0.00;Wood;;1985-09-10;MFL;1969-01-01;;2005-09-06
SWE000004922;;SWE;;;2.70;0.00;0.00;;7.00;0.00;LEX;SFB8500;SD406;Fjällbacka;;Y;SFB8500;N;Y;N;;;FX;;FPO, NO;16.18;0.00;Wood;;1985-09-13;4M1;1956-01-01;;1998-04-10
SWE000004923;265763280;SWE;;;15.23;0.00;0.00;;11.60;0.00;ANITA;SFB8501;TG32;Trelleborg;;Y;SFB8501;N;Y;Y;;;FX;;GNS;95.59;0.00;Metal;;1985-09-12;MFL;1985-01-01;;
SWE000004929;;SWE;;;2.01;0.00;0.00;;7.60;0.00;No name;SFB8516;GG603;Önnered;;Y;SFB8516;N;Y;N;;;FX;;LTL, GNS;44.12;0.00;Fiber/Plastic;;1985-10-02;MFL;1978-01-01;;2003-02-18
SWE000004932;;SWE;;;1.41;0.00;0.00;;6.60;0.00;KARAT;SFB8522;LL74;Kungshamn;;Y;SFB8522;N;Y;N;;;FX;;FPO;13.24;0.00;Wood;;1985-10-15;4M1;;;1998-06-08
SWE000004935;;SWE;;;1.64;0.00;0.00;;7.00;0.00;ANN;SFB8527;LL457;Kungshamn;;Y;SFB8527;N;Y;N;;;FX;;FPO, GND;40.44;0.00;Fiber/Plastic;;1985-10-21;4M1;1985-01-01;;1999-07-02
SWE000004937;;SWE;;;1.83;0.00;0.00;;7.90;0.00;EJDERN;SFB8530;VK58;Sladö;;Y;SFB8530;N;Y;N;;;FX;;GNS, FPO;22.06;0.00;Wood;;1985-10-24;F32;1933-01-01;;1996-01-18
SWE000004943;265674890;SWE;;;13.40;0.00;0.00;;11.20;0.00;VÄDDÖLAND;SFB8536;SM2;Grisslehamn;;Y;SFB8536;N;Y;Y;;;FX;;GNS;88.24;0.00;Wood;;1985-11-03;MFL;1985-01-01;;
SWE000004946;265635620;SWE;;;4.78;0.00;0.00;;8.90;0.00;CARMITA;SFB8539;GG298;Skärhamn;;Y;SFB8539;N;Y;Y;;;FX;;FPO, GNS;161.81;0.00;Fiber/Plastic;;1985-11-07;MFL;1984-01-01;;
SWE000004947;;SWE;;;0.85;0.00;0.00;;6.20;0.00;LILLAN;SFB8540;GG90;Killingsholmen;;Y;SFB8540;N;Y;N;;;FX;;FPO, GNS;77.96;0.00;Fiber/Plastic;;1985-11-12;MFL;1981-01-01;;2015-12-17
SWE000004948;;SWE;;;1.89;0.00;0.00;;6.90;0.00;JUNGMAN;SFB8541;SD271;Grebbestad;;Y;SFB8541;N;Y;N;;;FX;;FPO, GNS;36.76;0.00;Fiber/Plastic;;1985-11-12;4M1;1983-01-01;;2000-01-01
SWE000004949;;SWE;;;2.41;0.00;0.00;;6.50;0.00;TORSLANDA;SFB8542;GG1982;Torslanda;;Y;SFB8542;N;Y;N;;;FX;;FPO;140.00;0.00;Fiber/Plastic;;1985-11-12;MFL;1985-01-01;;2008-12-24
SWE000004953;;SWE;;;3.71;0.00;0.00;;7.80;0.00;SANDVIK;SFB8550;KA155;"Bredavik"", Sturkö";;Y;SFB8550;N;Y;N;;;FX;;GNS, NO;26.47;0.00;Fiber/Plastic;;1985-11-26;MFL;1982-01-01;;2004-01-28
SWE000004958;;SWE;;;1.28;0.00;0.00;;6.60;0.00;POSEIDON;SFB8562;YD46;Ystad;;Y;SFB8562;N;Y;N;;;FX;;GNS, LLS;16.18;0.00;Fiber/Plastic;;1985-12-10;F31;1978-01-01;;1996-09-02
SWE000004963;;SWE;;;0.57;0.00;0.00;;6.10;0.00;No name;SFB8571;UÅ44;Holmsund;;Y;SFB8571;N;Y;N;;;FX;;FPO;25.74;0.00;Fiber/Plastic;;1986-01-07;MFL;1977-01-01;;2006-01-08
SWE000004964;;SWE;;;18.30;0.00;0.00;;11.70;0.00;STJÄRNAN;SFB8575;SG52;Hanö;;Y;SFB8575;N;Y;N;;;FX;;GNS, GND;114.71;0.00;Wood;;1986-01-08;4M1;1985-01-01;;1997-12-08
SWE000004967;;SWE;;;8.44;0.00;0.00;;10.50;0.00;SANNA;SFB8579;KR88;Mörbylånga;;Y;SFB8579;N;Y;N;;;FX;;GNS, LHP;93.00;0.00;Wood;;1986-01-16;MFL;1933-01-01;;2013-11-04
SWE000004973;;SWE;;;2.29;0.00;0.00;;6.60;0.00;TIME;SFB8593;SG47;Nogersund;;Y;SFB8593;N;Y;N;;;FX;;GNS;13.24;0.00;Fiber/Plastic;;1986-02-10;4M1;1985-01-01;;1999-12-28
SWE000004975;;SWE;;;4.21;0.00;0.00;;8.90;0.00;MOJOKE;SFB8597;SD305;Grebbestad;;Y;SFB8597;N;Y;N;;;FX;;FPO;55.90;0.00;Wood;;1986-03-07;MFL;1950-01-01;;2008-05-02
SWE000004980;;SWE;;;3.49;0.00;0.00;;7.00;0.00;LILLEVE;SFB8605;ÅS20;Yngsjö;;Y;SFB8605;N;Y;N;;;FX;;GNS;8.82;0.00;Fiber/Plastic;;1986-02-26;MFL;1982-01-01;;2022-12-06
SWE000004981;;SWE;;;5.22;0.00;0.00;;8.90;0.00;SIMARA;SFB8606;GE3;Karlholmsbruk;;Y;SFB8606;N;N;N;;;FX;;GNS;105.00;0.00;Fiber/Plastic;;1986-02-26;MFL;1985-01-01;;2024-11-19
SWE000004989;;SWE;;;12.69;0.00;0.00;;10.77;0.00;JULIA;SFB8623;ÅS88;Åhus;;Y;SFB8623;N;Y;N;;;FX;;GNS, NO;84.56;0.00;Wood;;1986-03-17;4M1;1922-01-01;2000-01-26;
SWE000004990;;SWE;;;8.76;0.00;0.00;;10.80;0.00;KLARA;SFB8624;ÖK1;Skeppsmalen;;Y;SFB8624;N;Y;N;;;FX;;GNS, FPO;154.41;0.00;Fiber/Plastic;;1986-07-01;MFL;1986-01-01;;
SWE000004994;;SWE;;;5.62;0.00;0.00;;8.23;0.00;MONSUN;SFB8655;KN52;Ronneby;;Y;SFB8655;N;Y;N;;;FX;;GNS, GND;44.12;0.00;Fiber/Plastic;;1986-04-17;F31;1981-01-01;;
SWE000004995;265529510;SWE;;;15.93;0.00;0.00;;11.95;0.00;AVENA;SFB8661;LL237;Hunnebostrand;;Y;SFB8661;N;Y;Y;;;FX;;TBN, NO;176.47;26.47;Fiber/Plastic;;1986-04-22;MFL;1985-01-01;;
SWE000004999;;SWE;;;3.02;0.00;0.00;;8.10;0.00;GARM;SFB8678;SD497;Resö;;Y;SFB8678;N;Y;N;;;FX;;OTB, GNS;121.32;0.00;Fiber/Plastic;;1986-05-23;MFL;1986-01-01;;2003-02-02
SWE000005000;;SWE;;;13.87;15.00;0.00;;11.49;0.00;IDA;SFB8693;VY163;Klintehamn;;Y;SFB8693;N;Y;N;;;FX;;GNS, FPO;183.00;0.00;Metal;;1986-05-27;4M1;1972-01-01;;1997-09-15
SWE000005004;;SWE;;;1.37;0.00;0.00;;5.95;0.00;MARIANA;SFB8701;MÖ173;Malmö;;Y;SFB8701;N;;;;;FX;;GNS;16.00;0.00;Fiber/Plastic;;1986-05-30;MFL;1980-01-01;;
SWE000005006;;SWE;;;15.22;0.00;0.00;;11.00;0.00;HERMÖLAND;SFB8703;LL459;Gullholmen;;Y;SFB8703;N;Y;N;;;FX;;GNS;132.35;0.00;Fiber/Plastic;;1986-06-02;4M1;1986-01-01;;1998-11-02
SWE000005008;;SWE;;;11.37;0.00;0.00;;11.95;0.00;LÖNNSKÄR;SFB8708;GG1182;Gottskär;;Y;SFB8708;N;Y;N;;;FX;;OTB, NO;143.00;0.00;Metal;;1986-07-02;4M4;1986-01-01;1998-05-05;
SWE000005009;;SWE;;;11.08;0.00;0.00;;12.05;0.00;SOFIA;SFB8710;KR111;Greece;;Y;SFB8710;N;;;;;FX;;GNS, NO;225.00;0.00;Fiber/Plastic;;1986-06-06;MFL;1983-01-01;;2009-10-01
SWE000005010;;SWE;;;3.17;0.00;0.00;;8.70;0.00;No name;SFB8711;GE29;Trollharen;;Y;SFB8711;N;Y;N;;;FX;;FPO, GNS;16.91;0.00;Wood;;1986-06-06;4M1;1962-01-01;;2001-01-11
SWE000005011;265036110;SWE;;;10.37;0.00;0.00;;10.00;0.00;ANNAETT;SFB8712;HA59;Karlsborgsverken;;Y;SFB8712;N;Y;Y;;;FX;;PTB, NO;147.06;0.00;Metal;;1986-06-05;MFL;1985-01-01;;
SWE000005012;;SWE;;;2.32;0.00;0.00;;7.80;0.00;LÄSKÄR;SFB8715;LL141;Kungshamn;;Y;SFB8715;N;Y;N;;;FX;;FPO, GNS;27.94;0.00;Fiber/Plastic;;1986-06-10;4M1;1986-01-01;;1998-08-25
SWE000005015;;SWE;;;1.78;0.00;0.00;;6.85;0.00;SÅTEN;SFB8734;GG222;Rörö;;Y;SFB8734;N;Y;N;;;FX;;FPO;31.62;0.00;Fiber/Plastic;;1986-06-25;4M1;1982-01-01;;1999-08-11
SWE000005021;;SWE;;;3.56;0.00;0.00;;8.40;0.00;SIGRID;SFB8747;LL176;Ellös;;Y;SFB8747;N;Y;N;;;FX;;FPO;138.00;0.00;Fiber/Plastic;;1986-07-16;MFL;1986-01-01;;
SWE000005022;;SWE;;;2.60;0.00;0.00;;7.60;0.00;MEVA;SFB8748;SG69;Krokås;;Y;SFB8748;N;Y;N;;;FX;;GNS, GND;26.47;0.00;Fiber/Plastic;;1986-07-16;4M1;1981-01-01;;1998-09-21
SWE000005023;;SWE;;;3.17;0.00;0.00;;8.20;0.00;MALVAN;SFB8751;LA99;Ålabodarna;;Y;SFB8751;N;N;N;;;FX;;GNS;102.97;0.00;Fiber/Plastic;;1986-07-18;MFL;1984-01-01;;2025-01-24
SWE000005024;;SWE;;;2.87;0.00;0.00;;8.40;0.00;RIO;SFB8755;LL1100;Kungshamn;;Y;SFB8755;N;Y;N;;;FX;;OTB;44.12;0.00;Fiber/Plastic;;1986-07-27;MFL;1986-01-01;;
SWE000005025;265630900;SWE;;;15.00;0.00;0.00;;11.45;0.00;KRISTINA;SFB8756;MÖ67;Skanör;;Y;SFB8756;N;Y;Y;;;FX;;GNS;110.32;0.00;Wood;;1986-07-28;MFL;1986-01-01;;
SWE000005029;;SWE;;;2.12;0.00;0.00;;7.10;0.00;TJALDUR;SFB8768;SD42;Syd-Koster;;Y;SFB8768;N;Y;N;;;FX;;FPO, LTL;22.06;0.00;Fiber/Plastic;;1986-08-14;MFL;1986-01-01;;2021-04-15
SWE000005033;;SWE;;;9.95;0.00;0.00;;9.60;0.00;LYDIA;SFB8777;HL71;Kuggören;;Y;SFB8777;N;Y;N;;;FX;;GNS, FPO;91.91;0.00;Fiber/Plastic;;1986-08-27;MFL;1986-01-01;;2004-12-10
SWE000005034;;SWE;;;2.44;0.00;0.00;;7.80;0.00;SVANEN;SFB8780;YD39;Ystad;;Y;SFB8780;N;Y;N;;;FX;;GNS;22.06;0.00;Fiber/Plastic;;1986-09-02;4M1;1980-01-01;;2002-03-31
SWE000005036;265648390;SWE;;;17.16;0.00;0.00;;11.90;0.00;FYLGIA;SFB8788;LL607;Fisketången;;Y;SFB8788;N;Y;Y;;;FX;;OTB;221.00;0.00;Metal;;1986-09-09;MFL;1986-01-01;;
SWE000005039;;SWE;;;14.10;0.00;0.00;;11.45;0.00;HELENE;SFB8797;VY117;Fårösund;;Y;SFB8797;N;Y;N;;;FX;;FPO, GNS;95.59;40.00;Metal;;1986-09-16;MFL;1986-01-01;;
SWE000005040;;SWE;;;0.82;0.00;0.00;;6.30;0.00;HÖKEN II;SFB8800;KN21;Karlshamn-Vägga;;Y;SFB8800;N;Y;N;;;FX;;GNS;16.18;0.00;Fiber/Plastic;;1995-03-31;4M1;1987-01-01;;2000-01-01
SWE000005047;;SWE;;;3.83;0.00;0.00;;8.97;0.00;SUSSI;SFB8814;GG9;"Klåva"", Hönö";;Y;SFB8814;N;Y;N;;;FX;;GND, LTL;61.03;0.00;Fiber/Plastic;;1986-10-16;4M1;1980-01-01;;1998-09-21
SWE000005048;;SWE;;;4.32;0.00;0.00;;7.50;0.00;MÅSEN;SFB8815;GG43;Rörö;;Y;SFB8815;N;Y;N;;;FX;;FPO;38.24;0.00;Fiber/Plastic;;1986-10-17;4M1;1986-01-01;;2000-06-09
SWE000005049;;SWE;;;2.66;0.00;0.00;;8.10;0.00;SARA;SFB8816;GG1201;Dyrön;;Y;SFB8816;N;Y;N;;;FX;;FPO;50.00;0.00;Fiber/Plastic;;1986-10-17;MFL;1985-01-01;;2016-12-19
SWE000005051;;SWE;;;4.58;0.00;0.00;;7.60;0.00;ELISABET;SFB8818;MÖ98;Klagshamn;;Y;SFB8818;N;Y;N;;;FX;;FPO, GNS;29.41;0.00;Fiber/Plastic;;1986-10-24;4M1;1986-01-01;;1998-07-29
SWE000005052;;SWE;;;1.33;0.00;0.00;;6.25;0.00;FRISCO;SFB8819;VY19;Katthammarsvik;;Y;SFB8819;N;Y;N;;;FX;;GNS;17.00;0.00;Wood;;1986-10-27;MFL;1950-01-01;;2014-05-08
SWE000005057;;SWE;;;3.29;0.00;0.00;;8.40;0.00;SIRI;SFB8830;SM18;Furusund;;Y;SFB8830;N;Y;N;;;FX;;GNS, NO;77.21;0.00;Fiber/Plastic;;1986-12-02;4M1;1986-01-01;;
SWE000005059;;SWE;;;0.35;0.00;0.00;;5.30;0.00;No name;SFB8836;LL121;Svanesund;;Y;SFB8836;N;Y;N;;;FX;;FPO, GNS;22.06;0.00;Fiber/Plastic;;1986-12-05;4M1;;;2002-09-13
SWE000005061;;SWE;;;2.47;0.00;0.00;;6.20;0.00;LILLEVE;SFB8839;ÅS20;Yngsjö;;Y;SFB8839;N;Y;N;;;FX;;GNS, LHP;8.82;0.00;Fiber/Plastic;;1986-12-15;MFL;1981-01-01;;2010-09-24
SWE000005064;;SWE;;;7.54;0.00;0.00;;8.60;0.00;CALINA;SFB8843;VY148;Herrvik;;Y;SFB8843;N;Y;N;;;FX;;GNS, NO;115.00;0.00;Wood;;1986-12-19;4M1;1986-01-01;;1999-05-28
SWE000005066;;SWE;;;2.85;0.00;0.00;;7.90;0.00;TAJSEN;SFB8848;KN23;Ronneby;;Y;SFB8848;N;Y;N;;;FX;;LHP, GNS;24.26;0.00;Wood;;1987-01-29;MFL;1955-01-01;;2004-04-15
SWE000005067;;SWE;;;10.18;0.00;0.00;;9.65;0.00;BIKINI II;SFB8851;TG2;Skåre;;Y;SFB8851;N;Y;N;;;FX;;GNS;94.12;0.00;Fiber/Plastic;;1987-02-03;MFL;1986-01-01;;
SWE000005069;;SWE;;;1.75;0.00;0.00;;6.50;0.00;ELLEN;SFB8854;VG18;Bua;;Y;SFB8854;N;Y;N;;;FX;;FPO, LTL;17.65;0.00;Wood;;1986-12-02;MFL;1986-01-01;;2008-05-09
SWE000005070;;SWE;;;5.69;0.00;0.00;;8.20;0.00;JUVELEN;SFB8863;SG123;Hällevik;;Y;SFB8863;N;Y;N;;;FX;;FPO, GNS;26.47;0.00;Fiber/Plastic;;1987-02-24;MFL;1986-01-01;;2004-10-11
SWE000005074;;SWE;;;5.94;0.00;0.00;;9.60;0.00;ANNIKA;SFB8875;SD160;Kämpersvik;;Y;SFB8875;N;Y;N;;;FX;;FPO;213.29;0.00;Fiber/Plastic;;1987-03-11;MFL;1987-01-01;;
SWE000005077;;SWE;;;4.37;0.00;0.00;;8.25;0.00;FREDRIKA;SFB8890;SD401;Havstenssund;;Y;SFB8890;N;Y;N;;;FX;;FPO;47.79;0.00;Fiber/Plastic;;1987-03-27;4M1;1986-01-01;;1999-11-16
SWE000005078;;SWE;;;2.13;0.00;0.00;;8.40;0.00;No name;SFB8891;SM18;Furusund;;Y;SFB8891;N;Y;N;;;FX;;GNS, FPO;95.59;0.00;Fiber/Plastic;;1987-03-30;4M1;1981-01-01;;1998-07-29
SWE000005079;;SWE;;;3.56;0.00;0.00;;8.40;0.00;AMANDA;SFB8893;GG58;Åstol;;Y;SFB8893;N;Y;N;;;FX;;FPO, GNS;73.53;0.00;Fiber/Plastic;;1987-03-31;MFL;1986-01-01;;2011-10-04
SWE000005080;;SWE;;;3.86;0.00;0.00;;9.00;0.00;FRIDA;SFB8894;GG1202;Bohus-Björkö;;Y;SFB8894;N;Y;N;;;FX;;GNS, GND;106.62;0.00;Fiber/Plastic;;1987-04-01;MFL;1985-01-01;;2006-03-15
SWE000005084;;SWE;;;0.35;0.00;0.00;;5.36;0.00;No name;SFB8903;GG294;Nidingen;;Y;SFB8903;N;Y;N;;;FX;;FPO, NO;44.12;0.00;Fiber/Plastic;;1987-04-03;MFL;1986-01-01;;2005-05-01
SWE000005087;265730370;SWE;;;3.71;0.00;0.00;;9.35;0.00;ASTRID;SFB8920;LL22;Fiskebäckskil;;Y;SFB8920;N;Y;Y;;;FX;;FPO;73.53;0.00;Metal;;1987-04-25;MFL;1987-01-01;;
SWE000005091;;SWE;;;3.56;0.00;0.00;;7.95;0.00;ELVAN;SFB8944;VY262;Närshamn;;Y;SFB8944;N;Y;N;;;FX;;GNS;16.18;0.00;Wood;;1987-06-03;MFL;1956-01-01;;2019-02-15
SWE000005099;265600190;SWE;;;4.00;0.00;0.00;;8.40;0.00;WESTERÖ;SFB8979;SD20;Nord-Koster;;Y;SFB8979;N;Y;Y;;;FX;;FPO, LTL;63.25;0.00;Fiber/Plastic;;1987-06-30;MFL;1984-01-01;;
SWE000005102;;SWE;;;5.38;0.00;0.00;;8.90;0.00;CHRISTIN;SFB8991;LL162;Lysekil;;Y;SFB8991;N;Y;N;;;FX;;FPO;147.00;0.00;Fiber/Plastic;;1987-07-13;MFL;1986-01-01;;
SWE000005103;;SWE;;;7.03;0.00;0.00;;8.70;0.00;CAROLINE;SFB8992;SIN800;Baskemölla;;Y;SFB8992;N;Y;N;;;FX;;GNS, LHP;36.76;0.00;Fiber/Plastic;;1987-04-14;MFL;1986-01-01;;2010-05-20
SWE000005104;;SWE;;;0.33;0.00;0.00;;5.30;0.00;GOTTSKÄR;SFB8993;GG163;Åstol;;Y;SFB8993;N;Y;N;;;FX;;LHP, FPO;22.06;0.00;Fiber/Plastic;;1987-07-14;MFL;1978-01-01;;2019-05-29
SWE000005105;;SWE;;;5.89;0.00;0.00;;8.00;0.00;BARON;SFB8996;SD152;Korshamn;;Y;SFB8996;N;Y;N;;;FX;;FPO, LTL;37.50;0.00;Fiber/Plastic;;1987-07-16;4M1;1983-01-01;;1998-08-07
SWE000005106;;SWE;;;6.58;0.00;0.00;;10.80;0.00;MARIE;SFB8997;SIN22;Brantevik;;Y;SFB8997;N;Y;N;;;FX;;GNS, NO;68.38;0.00;Fiber/Plastic;;1987-07-16;MFL;1987-01-01;;2011-11-18
SWE000005108;;SWE;;;4.69;0.00;0.00;;8.70;0.00;BEDA;SFB9002;KR145;Kårehamn;;Y;SFB9002;N;Y;N;;;FX;;GNS;22.06;0.00;Fiber/Plastic;;1987-07-21;MFL;1987-01-01;;2009-01-16
SWE000005109;;SWE;;;3.15;0.00;0.00;;8.25;0.00;EVA;SFB9004;HL44;Hölick;;Y;SFB9004;N;Y;N;;;FX;;GNS;37.50;0.00;Fiber/Plastic;;1987-07-22;MFL;1986-01-01;;2005-10-07
SWE000005113;;SWE;;;4.92;0.00;0.00;;7.50;0.00;POLARIS;SFB9009;SD581;Ramsö;;Y;SFB9009;N;Y;N;;;FX;;FPO;63.99;0.00;Fiber/Plastic;;1987-07-21;MFL;1975-01-01;;
SWE000005116;;SWE;;;3.11;0.00;0.00;;8.20;0.00;No name;SFB9018;ÖK1;Skeppsmalen;;Y;SFB9018;N;Y;N;;;FX;;GNS;102.94;0.00;Fiber/Plastic;;1987-07-30;MFL;1983-01-01;;2004-01-26
SWE000005120;;SWE;;;2.15;0.00;0.00;;7.95;0.00;ÅDSKÄR;SFB9023;SM113;Utö;;Y;SFB9023;N;Y;N;;;FX;;GNS;20.59;0.00;Fiber/Plastic;;1987-08-03;4M1;1985-01-01;;2001-04-27
SWE000005122;;SWE;;;3.15;0.00;0.00;;7.70;0.00;AURORA;SFB9027;KR139;Mönsterås;;Y;SFB9027;N;Y;N;;;FX;;GNS;22.06;0.00;Wood;;1987-08-05;F32;;;1996-10-01
SWE000005125;;SWE;;;9.03;0.00;0.00;;10.80;0.00;CARMENSITA;SFB9037;HL21;Fjäle;;Y;SFB9037;N;Y;N;;;FX;;GNS;183.82;0.00;Fiber/Plastic;;1987-08-19;MFL;1987-01-01;;
SWE000005127;265017000;SWE;;;13.00;0.00;0.00;;11.95;0.00;RIMFORS;SFB9041;GG107;Rönnäng;;Y;SFB9041;Y;Y;Y;;;FX;;OTB;160.00;0.00;Fiber/Plastic;;1987-08-23;MFL;1987-01-01;;
SWE000005130;;SWE;;;3.77;0.00;0.00;;8.10;0.00;No name;SFB9048;SN36;Ljusne;;Y;SFB9048;N;Y;N;;;FX;;GNS;106.62;0.00;Fiber/Plastic;;1987-08-26;MFL;1987-01-01;;2004-08-10
SWE000005132;265776110;SWE;;;3.38;0.00;0.00;;8.50;0.00;SYLVIA;SFB9053;GG1025;Donsö;;Y;SFB9053;N;Y;Y;;;FX;;OTB, FPO;51.47;0.00;Fiber/Plastic;;1987-08-31;MFL;1982-01-01;;
SWE000005135;;SWE;;;5.24;0.00;0.00;;8.00;0.00;KANTON;SFB9056;VG22;Träslövsläge;;Y;SFB9056;N;Y;N;;;FX;;GNS;58.82;0.00;Wood;;1987-09-01;MFL;1976-01-01;;2003-02-22
SWE000005136;;SWE;;;4.03;0.00;0.00;;7.40;0.00;No name;SFB9057;SD408;Edsvik;;Y;SFB9057;N;Y;N;;;FX;;FPO, LTL;22.06;0.00;Wood;;1987-09-02;MFL;1987-01-01;;
SWE000005141;265773890;SWE;;;7.62;0.00;0.00;;9.65;0.00;VANÖ;SFB9078;SD514;Hamburgsund;;Y;SFB9078;N;Y;Y;;;FX;;FPO, NO;94.12;0.00;Fiber/Plastic;;1987-09-13;MFL;1987-01-01;;
SWE000005142;;SWE;;;1.21;0.00;0.00;;6.90;0.00;VALEN;SFB9080;SD426;Havstenssund;;Y;SFB9080;N;Y;N;;;FX;;FPO;31.00;0.00;Fiber/Plastic;;1987-09-14;MFL;1982-01-01;;
SWE000005143;;SWE;;;2.88;0.00;0.00;;8.50;0.00;CARINA;SFB9081;MÖ71;Skanör;;Y;SFB9081;N;Y;N;;;FX;;GNS;58.82;0.00;Fiber/Plastic;;1987-09-15;4M1;1980-01-01;;1998-10-28
SWE000005144;;SWE;;;1.88;0.00;0.00;;7.30;0.00;BIXEN;SFB9082;GG239;Hönö-Röd;;Y;SFB9082;N;Y;N;;;FX;;GNS, FPO;58.82;0.00;Fiber/Plastic;;1987-09-15;4M1;1975-01-01;;1997-08-03
SWE000005145;;SWE;;;4.40;0.00;0.00;;8.10;0.00;ERICA;SFB9084;UÅ3;Umeå;;Y;SFB9084;N;Y;N;;;FX;;GNS;100.00;0.00;Fiber/Plastic;;1987-09-16;MFL;1987-01-01;;2005-08-23
SWE000005146;;SWE;;;6.20;0.00;0.00;;9.50;0.00;VINGA;SFB9085;TG65;Smygehamn;;Y;SFB9085;N;Y;N;;;FX;;GNS, FPO;29.41;0.00;Wood;;1987-09-12;4M1;1954-01-01;;2002-08-11
SWE000005150;;SWE;;;0.82;0.00;0.00;;6.60;0.00;DIBA;SFB9090;SL31;Junibosand;;Y;SFB9090;N;Y;N;;;FX;;GNS;66.18;0.00;Fiber/Plastic;;1987-09-22;MFL;1986-01-01;;2023-02-21
SWE000005151;;SWE;;;4.88;0.00;0.00;;8.80;0.00;ÖRNEN;SFB9091;VY15;Fårösund;;Y;SFB9091;N;Y;N;;;FX;;GNS, NO;26.47;0.00;Wood;;1987-09-23;F31;1947-01-01;;
SWE000005153;;SWE;;;3.56;0.00;0.00;;8.40;0.00;TUNAFJORD;SFB9096;HG129;Båstad;;Y;SFB9096;N;Y;N;;;FX;;GNS, OTB;125.00;0.00;Fiber/Plastic;;1987-09-24;4M1;1987-01-01;;
SWE000005157;;SWE;;;5.63;0.00;0.00;;8.90;0.00;VICTORIA AF JONSTORP;SFB9103;HG24;Jonstorp;;Y;SFB9103;N;Y;N;;;FX;;GTR, GNS;32.35;0.00;Fiber/Plastic;;1987-10-02;MFL;1987-01-01;;2023-07-19
SWE000005158;;SWE;;;1.22;0.00;0.00;;7.00;0.00;MIA;SFB9104;HG48;Svanshall;;Y;SFB9104;N;Y;N;;;FX;;GNS;7.35;0.00;Wood;;1987-10-07;4M1;1974-01-01;;1997-08-08
SWE000005160;;SWE;;;5.12;0.00;0.00;;7.20;0.00;VAKUPP;SFB9107;SD210;"Viken"", Tanum";;Y;SFB9107;N;Y;N;;;FX;;FPO;30.00;0.00;Wood;;1987-10-12;MFL;1950-01-01;;2003-11-03
SWE000005161;;SWE;;;5.15;0.00;0.00;;9.00;0.00;ULLIS;SFB9109;SN24;Sund;;Y;SFB9109;N;Y;N;;;FX;;FPO, GNS;36.76;0.00;Wood;;1987-10-13;MFL;1960-01-01;;2020-06-28
SWE000005165;;SWE;;;3.11;0.00;0.00;;8.20;0.00;FIA;SFB9117;GG476;Vrångö;;Y;SFB9117;N;Y;N;;;FX;;FPO, OTB;54.41;0.00;Fiber/Plastic;;1987-10-22;MFL;1981-01-01;;2006-01-02
SWE000005167;;SWE;;;3.13;0.00;0.00;;9.00;0.00;GUMMAN;SFB9123;ÖK7;Trysunda;;Y;SFB9123;N;Y;N;;;FX;;GNS;37.50;0.00;Fiber/Plastic;;1987-10-28;4M1;1987-01-01;;2002-10-02
SWE000005169;;SWE;;;2.01;0.00;0.00;;7.60;0.00;SJÖFRÖKEN;SFB9126;SD264;Långesjö;;Y;SFB9126;N;Y;N;;;FX;;FPO, NO;16.18;0.00;Fiber/Plastic;;1987-11-03;F32;1976-01-01;;1996-10-31
SWE000005171;;SWE;;;3.12;0.00;0.00;;7.90;0.00;DEIVY;SFB9132;HL47;Sågtäkten;;Y;SFB9132;N;Y;N;;;FX;;OTB, GNS;22.06;0.00;Wood;;1987-11-05;MFL;1952-01-01;;2009-09-06
SWE000005172;;SWE;;;12.02;0.00;0.00;;10.30;0.00;TUFF;SFB9137;SD240;Nord-Koster;;Y;SFB9137;N;Y;N;;;FX;;FPO, NO;51.47;0.00;Wood;;1987-11-11;MFL;1982-01-01;;2003-02-23
SWE000005175;;SWE;;;1.38;0.00;0.00;;6.30;0.00;LÖVDALEN;SFB9142;SIN28;Kivik;;Y;SFB9142;N;Y;N;;;FX;;FPO, GNS;13.24;9.93;Wood;;1987-11-18;4M1;1976-01-01;;1999-02-25
SWE000005178;;SWE;;;5.11;0.00;0.00;;8.60;0.00;YNGSJÖ;SFB9146;ÅS25;Yngsjö;;Y;SFB9146;N;Y;N;;;FX;;GNS;40.00;0.00;Fiber/Plastic;;1987-11-26;MFL;1986-01-01;;2020-01-08
SWE000005179;;SWE;;;0.35;0.00;0.00;;5.40;0.00;No name;SFB9147;GE56;Sikvik;;Y;SFB9147;N;Y;N;;;FX;;GNS, FPO;18.38;0.00;Fiber/Plastic;;1987-11-26;MFL;1978-01-01;;
SWE000005180;;SWE;;;13.91;0.00;0.00;;10.88;0.00;No name;SFB9148;SM235;Grisslehamn;;Y;SFB9148;N;Y;N;;;FX;;FPO, GNS;102.94;0.00;Fiber/Plastic;;1987-11-27;4M1;1987-01-01;;1999-10-01
SWE000005184;;SWE;;;0.41;0.00;0.00;;5.79;0.00;NILLA;SFB9155;HG70;Arild;;Y;SFB9155;N;Y;N;;;FX;;GNS;7.35;0.00;Wood;;1987-12-08;4M1;1936-01-01;;1998-02-20
SWE000005186;;SWE;;;1.38;0.00;0.00;;7.35;0.00;No name;SFB9157;ÅS26;Åhus;;Y;SFB9157;N;Y;N;;;FX;;LHP, GNS;22.06;0.00;Wood;;1987-12-08;MFL;1969-01-01;;2016-02-28
SWE000005194;;SWE;;;8.08;0.00;0.00;;10.80;0.00;MUSÖFJORD;SFB9170;SD376;Långesjö;;Y;SFB9170;N;Y;N;;;FX;;FPO;62.50;0.00;Wood;;1987-12-18;MFL;1944-01-01;;2013-01-28
SWE000005195;;SWE;;;0.99;0.00;0.00;;6.10;0.00;No name;SFB9171;HA55;Nikkala;;Y;SFB9171;N;Y;N;;;FX;;FPO, NO;14.71;0.00;Fiber/Plastic;;1987-12-18;MFL;1980-01-01;;2009-10-08
SWE000005197;;SWE;;;0.46;0.00;0.00;;6.10;0.00;LAUNI I;SFB9173;HA101;Nikkala;;Y;SFB9173;N;Y;N;;;FX;;FPO;11.03;0.00;Fiber/Plastic;;1987-12-18;MFL;1982-01-01;;2014-10-20
SWE000005199;;SWE;;;1.78;0.00;0.00;;7.50;0.00;No name;SFB9175;SD377;Grebbestad;;Y;SFB9175;N;Y;N;;;FX;;FPO;45.59;0.00;Fiber/Plastic;;1987-12-18;MFL;1979-01-01;;2008-06-13
SWE000005203;;SWE;;;0.39;0.00;0.00;;5.40;0.00;HARU 2;SFB9179;HA76;Nikkala;;Y;SFB9179;N;Y;N;;;FX;;FPO, GNS;11.03;0.00;Fiber/Plastic;;1987-12-29;MFL;1975-01-01;;
SWE000005206;;SWE;;;0.58;0.00;0.00;;6.00;0.00;TÄRNUNGEN;SFB9183;GG1299;Önnered;;Y;SFB9183;N;Y;N;;;FX;;FPO;36.76;0.00;Fiber/Plastic;;1987-12-30;MFL;1986-01-01;;2006-08-21
SWE000005207;;SWE;;;0.30;0.00;0.00;;5.36;0.00;No name;SFB9185;GG419;Donsö;;Y;SFB9185;N;Y;N;;;FX;;FPO, GNS;18.38;0.00;Fiber/Plastic;;1988-01-07;4M1;1976-01-01;;1999-10-18
SWE000005208;;SWE;;;5.86;0.00;0.00;;9.00;0.00;SIGMA IV;SFB9186;HG54;Arild;;Y;SFB9186;N;Y;N;;;FX;;GTR, GNS;47.79;0.00;Fiber/Plastic;;1988-01-07;MFL;1986-01-01;;2014-05-13
SWE000005209;;SWE;;;3.11;0.00;0.00;;8.00;0.00;MISTRAL;SFB9187;SD474;Syd-Koster;;Y;SFB9187;N;Y;N;;;FX;;FPO, LTL;51.47;0.00;Fiber/Plastic;;1988-01-07;MFL;1984-01-01;;2013-06-25
SWE000005210;;SWE;;;0.36;0.00;0.00;;6.00;0.00;KIRVES I;SFB9188;HA108;Nikkala;;Y;SFB9188;N;Y;N;;;FX;;FPO, GNS;18.00;0.00;Fiber/Plastic;;1988-01-08;MFL;1977-01-01;;2019-01-17
SWE000005212;;SWE;;;3.91;0.00;0.00;;7.50;0.00;ULRIKA;SFB9190;GG439;;;Y;SFB9190;N;;;;;FX;;FPO;44.12;0.00;Fiber/Plastic;;1988-01-12;MFL;1985-01-01;;
SWE000005219;;SWE;;;4.38;0.00;0.00;;8.80;0.00;LINDA;SFB9200;KA163;"Aspö"", Karlskrona";;Y;SFB9200;N;Y;N;;;FX;;GND, GNS;22.06;0.00;Fiber/Plastic;;1988-01-19;4M1;1983-01-01;;1997-07-01
SWE000005221;;SWE;;;3.61;0.00;0.00;;8.50;0.00;SOFIA;SFB9203;LL94;Hunnebostrand;;Y;SFB9203;N;Y;N;;;FX;;FPO;67.00;0.00;Wood;;1988-01-19;MFL;1982-01-01;;2011-09-14
SWE000005222;;SWE;;;1.28;0.00;0.00;;6.10;0.00;SARVI;SFB9204;HA110;Nikkala;;Y;SFB9204;N;Y;N;;;FX;;FPO, NO;36.77;0.00;Fiber/Plastic;;1988-01-18;MFL;1982-01-01;;
SWE000005225;;SWE;;;4.84;0.00;0.00;;9.72;0.00;ANN SINE;SFB9212;VK112;Städsholmen;;Y;SFB9212;N;Y;N;;;FX;;FPO, NO;41.18;0.00;Wood;;1988-01-20;MFL;1962-01-01;;
SWE000005227;;SWE;;;1.76;0.00;0.00;;6.05;0.00;JILL II;SFB9215;SD399;Resö;;Y;SFB9215;N;Y;N;;;FX;;FPO;18.00;0.00;Fiber/Plastic;;1988-01-22;MFL;1975-01-01;;2016-07-22
SWE000005231;;SWE;;;0.97;0.00;0.00;;6.10;0.00;No name;SFB9223;GG97;Marstrand;;Y;SFB9223;N;Y;N;;;FX;;FPO;29.00;0.00;Fiber/Plastic;;1988-02-16;MFL;1968-01-01;;
SWE000005235;;SWE;;;2.63;0.00;0.00;;6.40;0.00;ANNIE;SFB9227;SG129;Nogersund;;Y;SFB9227;N;Y;N;;;FX;;LHP, GNS;7.35;0.00;Wood;;1988-02-18;MFL;1963-01-01;;2005-10-11
SWE000005245;265046270;SWE;;;3.29;0.00;0.00;;8.40;0.00;ANNA;SFB9243;FG21;Glommen;;Y;SFB9243;N;Y;Y;;;FX;;GNS, FPO;96.00;0.00;Fiber/Plastic;;1988-02-23;MFL;1988-01-01;;
SWE000005246;;SWE;;;1.55;0.00;0.00;;7.10;0.00;EMELENSIA;SFB9244;SG130;Djupekås;;Y;SFB9244;N;Y;N;;;FX;;GNS;17.65;0.00;Fiber/Plastic;;1988-02-23;MFL;1977-01-01;;2009-01-29
SWE000005247;;SWE;;;1.38;0.00;0.00;;7.20;0.00;MONICA;SFB9245;TG33;Trelleborg;;Y;SFB9245;N;Y;N;;;FX;;GNS, NO;14.71;0.00;Wood;;1988-02-23;4M1;1962-01-01;;1997-10-27
SWE000005252;;SWE;;;0.82;0.00;0.00;;6.30;0.00;KATITZI;SFB9252;KA36;Torhamn;;Y;SFB9252;N;Y;N;;;FX;;FPO, GNS;7.35;0.00;Fiber/Plastic;;1988-03-14;MFL;1977-01-01;;
SWE000005253;;SWE;;;0.80;0.00;0.00;;7.20;0.00;ERIS;SFB9253;SD171;Havstenssund;;Y;SFB9253;N;Y;N;;;FX;;FPO, NO;7.35;0.00;Wood;;1988-03-14;MFL;1937-01-01;;
SWE000005254;;SWE;;;6.53;0.00;0.00;;8.99;0.00;FREDRIK AV SYSNE;SFB9254;VY141;Herrvik;;Y;SFB9254;N;Y;N;;;FX;;LHP, GNS;45.00;0.00;Fiber/Plastic;;1991-09-18;MFL;1948-01-01;;2011-02-18
SWE000005256;;SWE;;;3.91;0.00;0.00;;8.40;0.00;EVITA;SFB9256;SIN396;Skillinge;;Y;SFB9256;N;Y;N;;;FX;;GNS, LHP;96.00;0.00;Fiber/Plastic;;1988-03-15;MFL;1988-01-01;;2005-01-17
SWE000005257;;SWE;;;4.93;0.00;0.00;;8.15;0.00;REX;SFB9257;LL98;Grundsund;;Y;SFB9257;N;Y;N;;;FX;;FPO, LTL;40.44;0.00;Wood;;1992-10-07;MFL;1976-01-01;;
SWE000005260;;SWE;;;4.11;0.00;0.00;;8.25;0.00;SOLVIK;SFB9260;SD102;Edsvik;;Y;SFB9260;N;Y;N;;;FX;;FPO, NO;72.06;0.00;Fiber/Plastic;;1988-03-15;MFL;1988-01-01;;2003-02-17
SWE000005261;;SWE;;;1.42;0.00;0.00;;6.05;0.00;No name;SFB9261;ÅS28;Gropahålet;;Y;SFB9261;N;Y;N;;;FX;;FPO, NO;22.06;0.00;Fiber/Plastic;;1988-03-15;MFL;1978-01-01;;2020-04-18
SWE000005263;;SWE;;;0.46;0.00;0.00;;5.50;0.00;No name;SFB9263;HA113;Nikkala;;Y;SFB9263;N;Y;N;;;FX;;FPO, NO;6.62;0.00;Fiber/Plastic;;1988-03-14;MFL;1970-01-01;;
SWE000005274;;SWE;;;1.71;0.00;0.00;;5.40;0.00;HANSESKÄR;SFB9279;LL86;Smögen;;Y;SFB9279;N;Y;N;;;FX;;GND, FPO;44.12;0.00;Fiber/Plastic;;1988-03-16;MFL;1985-01-01;;
SWE000005275;;SWE;;;3.33;0.00;0.00;;8.50;0.00;LYNGÖ;SFB9280;GG836;Gottskär;;Y;SFB9280;N;Y;N;;;FX;;FPO;57.35;0.00;Fiber/Plastic;;1988-03-16;MFL;1988-01-01;;
SWE000005277;;SWE;;;3.39;0.00;0.00;;6.90;0.00;DALARÖ;SFB9282;SD434;Hamburgsund;;Y;SFB9282;N;Y;N;;;FX;;FPO;36.76;0.00;Fiber/Plastic;;1988-03-17;MFL;1972-01-01;;2013-09-17
SWE000005281;;SWE;;;8.86;0.00;0.00;;10.60;0.00;KRONAN;SFB9289;LL876;Väjern;;Y;SFB9289;N;Y;N;;;FX;;GND, FPO;147.06;0.00;Fiber/Plastic;;1988-04-13;MFL;1982-01-01;;2014-12-14
SWE000005284;;SWE;;;0.47;0.00;0.00;;5.65;0.00;No name;SFB9326;GG1797;Önnered;;Y;SFB9326;N;Y;N;;;FX;;FPO;25.74;0.00;Fiber/Plastic;;1988-04-13;MFL;1981-01-01;;2004-02-29
SWE000005285;;SWE;;;0.25;0.00;0.00;;5.00;0.00;MURÖN;SFB9327;GG1922;Önnered;;Y;SFB9327;N;Y;N;;;FX;;FPO, GND;29.41;0.00;Fiber/Plastic;;1988-04-13;MFL;1984-01-01;;2008-07-01
SWE000005290;;SWE;;;0.51;0.00;0.00;;5.60;0.00;No name;SFB9332;SM290;Torö;;Y;SFB9332;N;Y;N;;;FX;;FPO;84.56;0.00;Fiber/Plastic;;1988-04-12;MFL;1978-01-01;;
SWE000005291;;SWE;;;0.45;0.00;0.00;;5.65;0.00;No name;SFB9333;SM291;Torö;;Y;SFB9333;N;Y;N;;;FX;;FPO;36.76;0.00;Fiber/Plastic;;1988-04-13;MFL;1978-01-01;;2014-06-03
SWE000005292;;SWE;;;0.54;0.00;0.00;;6.30;0.00;No name;SFB9334;SD490;Havstenssund;;Y;SFB9334;N;Y;N;;;FX;;FPO, SB;7.35;0.00;Wood;;1988-04-12;MFL;1963-01-01;;2025-05-08
SWE000005293;;SWE;;;0.51;0.00;0.00;;5.60;0.00;No name;SFB9335;GE58;Norrsundet;;Y;SFB9335;N;Y;N;;;FX;;FPO, GNS;40.44;0.00;Fiber/Plastic;;1988-04-13;4M1;1979-01-01;;2001-01-11
SWE000005294;;SWE;;;6.62;0.00;0.00;;9.20;0.00;NORDANVIND;SFB9336;SM265;Herräng;;Y;SFB9336;N;Y;N;;;FX;;GNS;62.50;0.00;Wood;;1988-04-13;MFL;1967-01-01;;2019-02-24
SWE000005300;;SWE;;;1.92;0.00;0.00;;7.60;0.00;DELFINO;SFB9342;YD12;Ystad;;Y;SFB9342;N;Y;N;;;FX;;GNS, LHP;36.76;0.00;Fiber/Plastic;;1988-04-20;MFL;1979-01-01;;2004-03-04
SWE000005308;;SWE;;;3.05;0.00;0.00;;7.00;0.00;DONNA;SFB9350;GG108;Marstrand;;Y;SFB9350;N;Y;N;;;FX;;FPO;18.38;0.00;Fiber/Plastic;;1988-04-20;MFL;1984-01-01;;2007-11-22
SWE000005313;;SWE;;;1.07;0.00;0.00;;5.90;0.00;No name;SFB9356;HA114;Båtskärsnäs;;Y;SFB9356;N;Y;N;;;FX;;GNS, NO;29.41;0.00;Fiber/Plastic;;1988-04-22;MFL;1986-01-01;;2007-06-24
SWE000005314;;SWE;;;2.18;0.00;0.00;;7.50;0.00;No name;SFB9357;KR148;Äleklinta;;Y;SFB9357;N;Y;N;;;FX;;FPO, GNS;30.88;0.00;Wood;;1988-04-22;MFL;1972-01-01;;2004-05-04
SWE000005315;;SWE;;;0.36;0.00;0.00;;5.40;0.00;No name;SFB9358;LL469;Kungshamn;;Y;SFB9358;N;Y;N;;;FX;;SB, FPO;29.41;0.00;Fiber/Plastic;;1988-04-22;MFL;1985-01-01;;2014-09-16
SWE000005317;;SWE;;;0.61;0.00;0.00;;5.70;0.00;No name;SFB9360;FG5;Grimsholmen;;Y;SFB9360;N;Y;N;;;FX;;FPO, GNS;13.24;0.00;Wood;;1988-04-22;MFL;1964-01-01;;2010-03-11
SWE000005318;;SWE;;;0.35;0.00;0.00;;5.30;0.00;No name;SFB9361;KR149;Vållö;;Y;SFB9361;N;Y;N;;;FX;;FPO;29.42;0.00;Fiber/Plastic;;1988-04-21;MFL;1987-01-01;;
SWE000005319;;SWE;;;2.31;0.00;0.00;;6.55;0.00;ANGUILLA;SFB9365;SM132;Dalarö;;Y;SFB9365;N;Y;N;;;FX;;FPO, GNS;95.59;0.00;Fiber/Plastic;;1988-05-17;4M1;1987-01-01;;2001-10-01
SWE000005320;;SWE;;;4.27;0.00;0.00;;8.40;0.00;MONICA;SFB9367;SM30;Stora Risten;;Y;SFB9367;N;N;N;;;FX;;GNS;20.59;0.00;Wood;;1988-04-28;MFL;1940-01-01;;2025-01-16
SWE000005323;;SWE;;;3.47;0.00;0.00;;8.10;0.00;TUDOR;SFB9372;GG575;Hönö;;Y;SFB9372;N;Y;N;;;FX;;GND, GNS;62.50;0.00;Fiber/Plastic;;1988-05-09;F32;1983-01-01;;1996-08-23
SWE000005327;;SWE;;;4.44;0.00;0.00;;8.50;0.00;SILVA VI;SFB9378;GE27;Utvalnäs;;Y;SFB9378;N;Y;N;;;FX;;GNS;72.06;0.00;Fiber/Plastic;;1988-06-01;MFL;1988-01-01;;2022-08-01
SWE000005344;;SWE;;;0.40;0.00;0.00;;5.30;0.00;HELEN;SFB9397;GG400;"Långö"", Kungälv";;Y;SFB9397;N;Y;N;;;FX;;FPO, GNS;15.44;0.00;Fiber/Plastic;;1988-05-20;MFL;1970-01-01;;2013-04-22
SWE000005348;;SWE;;;13.78;0.00;0.00;;12.47;0.00;ÖSTERVIK;SFB9406;UÅ3;Härnösand;;Y;SFB9406;Y;Y;N;;;FX;;GNS;95.59;0.00;Wood;;1988-06-06;4M5;1980-01-01;;1998-05-13
SWE000005356;;SWE;;;0.34;0.00;0.00;;5.36;0.00;No name;SFB9418;SL37;"Spikarna"", Alnön";;Y;SFB9418;N;Y;N;;;FX;;FPO, GNS;29.41;0.00;Fiber/Plastic;;1988-06-01;4M1;1975-01-01;;2002-09-16
SWE000005364;;SWE;;;1.40;0.00;0.00;;5.60;0.00;UTTERN;SFB9427;SM269;Yxlö;;Y;SFB9427;N;Y;N;;;FX;;FPO;36.76;0.00;Fiber/Plastic;;1988-06-01;4M1;1984-01-01;;2001-02-13
SWE000005366;;SWE;;;2.81;0.00;0.00;;7.10;0.00;No name;SFB9429;VK63;Östra Eknö;;Y;SFB9429;N;Y;N;;;FX;;FPO, NO;8.82;0.00;Wood;;1988-06-01;MFL;1960-01-01;;2021-03-25
SWE000005368;;SWE;;;0.36;0.00;0.00;;6.00;0.00;CARINA;SFB9431;SD440;Grebbestad;;Y;SFB9431;N;Y;N;;;FX;;FPO;4.41;0.00;Wood;;1988-06-01;4M1;1953-01-01;;1998-09-04
SWE000005369;;SWE;;;1.66;0.00;0.00;;7.30;0.00;EMMA G;SFB9432;GG103;Tumlehed;;Y;SFB9432;N;Y;N;;;FX;;GNS, GND;41.91;0.00;Fiber/Plastic;;1988-06-01;4M1;1983-01-01;;1999-05-26
SWE000005374;;SWE;;;0.94;0.00;0.00;;6.50;0.00;BALOO;SFB9445;NRG16;Aspöja;;Y;SFB9445;N;Y;N;;;FX;;FPO;36.76;0.00;Metal;;1988-06-02;4M1;1984-01-01;;1999-08-29
SWE000005381;;SWE;;;0.52;0.00;0.00;;6.05;0.00;No name;SFB9453;SN20;Prästgrundet;;Y;SFB9453;N;Y;N;;;FX;;GNS, FPO;29.41;0.00;Fiber/Plastic;;1988-06-02;4M1;1973-01-01;;2000-09-13
SWE000005386;;SWE;;;1.99;0.00;0.00;;6.30;0.00;No name;SFB9461;KA9;Sturkö;;Y;SFB9461;N;Y;N;;;FX;;GNS;7.35;0.00;Fiber/Plastic;;1988-06-07;MFL;1986-01-01;;2022-01-25
SWE000005392;;SWE;;;1.37;0.00;0.00;;6.05;0.00;KRISTINA;SFB9477;HG5;Fortuna;;Y;SFB9477;N;Y;N;;;FX;;GNS;25.74;0.00;Fiber/Plastic;;1988-06-09;F32;1972-01-01;;1996-08-30
SWE000005399;;SWE;;;0.75;0.00;0.00;;6.10;0.00;LÅNGÖ;SFB9485;VK65;;;Y;SFB9485;N;N;N;;;FX;;FPO;9.56;7.35;Wood;;1988-06-09;MFL;1974-01-01;;2015-12-17
SWE000005402;;SWE;;;1.86;0.00;0.00;;6.10;0.00;No name;SFB9488;TG74;Smygehamn;;Y;SFB9488;N;Y;N;;;FX;;GNS;11.03;0.00;Fiber/Plastic;;1988-06-09;F32;1978-01-01;;1996-06-22
SWE000005407;;SWE;;;2.80;0.00;0.00;;7.98;0.00;LILLÖ;SFB9494;KA8;Senoren;;Y;SFB9494;N;Y;N;;;FX;;GNS;32.36;0.00;Fiber/Plastic;;1988-06-09;MFL;1985-01-01;;2020-09-14
SWE000005413;;SWE;;;4.83;0.00;0.00;;8.50;0.00;BARBARA;SFB9500;SD76;Fjällbacka;;Y;SFB9500;N;Y;N;;;FX;;FPO;95.59;0.00;Fiber/Plastic;;1988-06-09;MFL;1988-01-01;;
SWE000005415;;SWE;;;0.95;0.00;0.00;;6.10;0.00;FURÖN;SFB9502;HA58;Nikkala;;Y;SFB9502;N;Y;N;;;FX;;FPO, GNS;29.41;0.00;Fiber/Plastic;;1988-06-09;MFL;1988-01-01;;
SWE000005416;;SWE;;;4.17;0.00;0.00;;8.00;0.00;No name;SFB9503;LL144;Lysekil;;Y;SFB9503;N;Y;N;;;FX;;FPO, SB;45.59;0.00;Fiber/Plastic;;1988-06-10;MFL;1988-01-01;;2003-03-02
SWE000005424;;SWE;;;3.38;0.00;0.00;;8.50;0.00;MARTINA;SFB9512;LL282;Hunnebostrand;;Y;SFB9512;N;Y;N;;;FX;;FPO, GND;58.82;0.00;Fiber/Plastic;;1988-06-14;4M1;1985-01-01;;2001-11-16
SWE000005425;;SWE;;;3.67;0.00;0.00;;8.85;0.00;LINDA;SFB9513;MÖ64;Limhamn;;Y;SFB9513;N;Y;N;;;FX;;GND, GNS;89.71;0.00;Fiber/Plastic;;1988-06-14;4M1;1988-01-01;;1997-11-01
SWE000005426;;SWE;;;2.49;0.00;0.00;;8.00;0.00;HISING;SFB9516;GG548;Hjuvik;;Y;SFB9516;N;Y;N;;;FX;;GNS, GND;66.18;0.00;Fiber/Plastic;;1988-06-14;MFL;1985-01-01;;2015-08-18
SWE000005430;;SWE;;;3.83;0.00;0.00;;6.98;0.00;POSEIDON;SFB9524;GG1307;Bohus-Björkö;;Y;SFB9524;N;Y;N;;;FX;;FPO, GNS;18.38;0.00;Wood;;1988-06-14;4M1;1974-01-01;;1998-01-25
SWE000005437;;SWE;;;2.60;0.00;0.00;;6.70;0.00;SANDRA;SFB9531;SG25;Hörvik;;Y;SFB9531;N;Y;N;;;FX;;GND, GNS;14.71;0.00;Wood;;1988-06-15;MFL;1970-01-01;;2009-04-08
SWE000005438;;SWE;;;0.82;0.00;0.00;;6.30;0.00;BORÖ;SFB9534;VG57;Träslövsläge;;Y;SFB9534;N;Y;N;;;FX;;FPO, GNS;3.68;0.00;Fiber/Plastic;;1988-06-15;MFL;1988-01-01;;
SWE000005440;;SWE;;;0.21;0.00;0.00;;5.02;0.00;No name;SFB9537;SD116;Galtö;;Y;SFB9537;N;Y;N;;;FX;;FPO;29.41;0.00;Fiber/Plastic;;1988-06-17;MFL;1978-01-01;;2006-10-17
SWE000005441;;SWE;;;0.98;0.00;0.00;;5.36;0.00;FAXE AF BJÖRHOLMEN;SFB9538;GG1166;Björholmen;;Y;SFB9538;N;Y;N;;;FX;;FPO, LTL;29.41;0.00;Fiber/Plastic;;1988-06-16;MFL;1982-01-01;;
SWE000005442;;SWE;;;0.96;0.00;0.00;;7.00;0.00;DIANA;SFB9539;SD442;Grebbestad;;Y;SFB9539;N;Y;N;;;FX;;FPO, LTL;8.82;0.00;Wood;;1988-06-17;MFL;1944-01-01;;2003-05-01
SWE000005443;;SWE;;;0.48;0.00;0.00;;6.31;0.00;No name;SFB9540;SD80;Galtö;;Y;SFB9540;N;Y;N;;;FX;;FPO, NO;7.35;0.00;Wood;;1988-06-17;4M1;1961-01-01;2002-08-29;
SWE000005445;;SWE;;;0.82;0.00;0.00;;6.90;0.00;SARA;SFB9542;SD441;Resö;;Y;SFB9542;N;Y;N;;;FX;;FPO;11.03;0.00;Wood;;1988-06-17;MFL;1954-01-01;;2018-06-10
SWE000005447;;SWE;;;9.36;0.00;0.00;;10.00;0.00;ELIN;SFB9544;KN5;Ronneby;;Y;SFB9544;N;Y;N;;;FX;;GNS;88.24;0.00;Fiber/Plastic;;1988-06-20;MFL;1950-01-01;;2006-10-19
SWE000005448;;SWE;;;0.54;0.00;0.00;;6.00;0.00;No name;SFB9546;HA93;Karlsborgsverken;;Y;SFB9546;N;N;N;;;FX;;FPO;22.06;0.00;Fiber/Plastic;;1988-06-20;MFL;1980-01-01;;2024-10-17
SWE000005455;;SWE;;;0.31;0.00;0.00;;5.30;0.00;No name;SFB9556;SD125;Havstenssund;;Y;SFB9556;N;Y;N;;;FX;;FPO, SB;29.41;7.28;Fiber/Plastic;;1988-06-20;4M1;1985-01-01;;1997-03-06
SWE000005458;;SWE;;;4.60;0.00;0.00;;7.80;0.00;JULIA;SFB9559;SG99;Nogersund;;Y;SFB9559;N;Y;N;;;FX;;GNS, LHP;45.59;0.00;Wood;;1988-06-21;MFL;1983-01-01;;
SWE000005460;;SWE;;;0.38;0.00;0.00;;5.60;0.00;No name;SFB9561;GE69;Iggön;;Y;SFB9561;N;Y;N;;;FX;;GNS, FPO;22.06;0.00;Fiber/Plastic;;1988-06-21;4M1;1978-01-01;;1998-02-06
SWE000005461;;SWE;;;2.23;0.00;0.00;;6.70;0.00;EMMA;SFB9562;KR38;Hagby;;Y;SFB9562;N;Y;N;;;FX;;FPO, GNS;26.47;0.00;Wood;;1988-06-21;MFL;1988-01-01;;2009-01-27
SWE000005462;;SWE;;;0.56;0.00;0.00;;6.05;0.00;No name;SFB9563;HA115;Pålänge;;Y;SFB9563;N;Y;N;;;FX;;FPO, GNS;36.80;0.00;Fiber/Plastic;;1988-06-20;MFL;1979-01-01;;
SWE000005463;;SWE;;;0.22;0.00;0.00;;5.10;0.00;No name;SFB9564;VY47;"Djupvik"", Gotland";;Y;SFB9564;N;Y;N;;;FX;;GNS;7.35;0.00;Fiber/Plastic;;1988-06-21;MFL;1987-01-01;;2019-06-05
SWE000005465;;SWE;;;0.54;0.00;0.00;;6.00;0.00;No name;SFB9569;VK40;Väderskär;;Y;SFB9569;N;Y;N;;;FX;;FPO;11.03;0.00;Wood;;1988-06-21;MFL;1969-01-01;;
SWE000005470;;SWE;;;0.38;0.00;0.00;;5.10;0.00;No name;SFB9574;NRG130;Greece;;Y;SFB9574;N;N;N;;;FX;;FPO;51.47;0.00;Fiber/Plastic;;1988-06-23;MFL;1976-01-01;;2018-03-06
SWE000005471;;SWE;;;0.26;0.00;0.00;;5.30;0.00;JENNY;SFB9575;SG16;Valje;;Y;SFB9575;N;Y;N;;;FX;;FPO;14.71;0.00;Wood;;1988-06-22;MFL;1985-01-01;;
SWE000005479;;SWE;;;0.47;0.00;0.00;;6.00;0.00;No name;SFB9585;SN26;Ljusne;;Y;SFB9585;N;Y;N;;;FX;;FPO, GNS;29.41;0.00;Fiber/Plastic;;1988-06-29;MFL;1978-01-01;;2022-06-01
SWE000005480;;SWE;;;13.63;0.00;0.00;;10.66;0.00;THULE;SFB9586;HL3;Ljusne;;Y;SFB9586;N;Y;N;;;FX;;OTB, NO;122.79;0.00;Fiber/Plastic;;1988-06-28;MFL;1984-01-01;;
SWE000005483;;SWE;;;5.29;0.00;0.00;;7.90;0.00;ORION;SFB9589;VG118;Träslövsläge;;Y;SFB9589;N;Y;N;;;FX;;GNS, LTL;11.03;0.00;Wood;;1988-06-28;F32;1957-01-01;;1995-06-01
SWE000005486;;SWE;;;2.73;0.00;0.00;;6.37;0.00;ANNA;SFB9598;SG364;;;Y;SFB9598;N;N;N;;;FX;;LHP, GNS;8.82;0.00;Fiber/Plastic;;1988-06-30;MFL;1978-01-01;;2018-10-11
SWE000005491;;SWE;;;3.39;0.00;0.00;;8.10;0.00;EVELIN;SFB9603;SD447;Galtö;;Y;SFB9603;N;Y;N;;;FX;;FPO, GND;55.15;0.00;Fiber/Plastic;;1988-06-30;MFL;1986-01-01;;2003-03-02
SWE000005494;;SWE;;;0.21;0.00;0.00;;5.05;0.00;No name;SFB9614;SD414;Havstenssund;;Y;SFB9614;N;Y;N;;;FX;;LTL, FPO;22.06;0.00;Fiber/Plastic;;1988-07-04;MFL;1984-01-01;;
SWE000005499;;SWE;;;1.99;0.00;0.00;;7.30;0.00;MACKS;SFB9621;VK82;Björkö;;Y;SFB9621;N;Y;N;;;FX;;GNS, FPO;230.00;0.00;Metal;;1988-06-29;4M1;1980-01-01;;1999-03-01
SWE000005504;;SWE;;;0.56;0.00;0.00;;6.08;0.00;No name;SFB9628;LÅ38;Storbrändön;;Y;SFB9628;N;Y;N;;;FX;;FPO, GNS;36.76;0.00;Fiber/Plastic;;1988-06-30;MFL;1974-01-01;;2016-05-25
SWE000005507;;SWE;;;2.88;0.00;0.00;;8.80;0.00;No name;SFB9631;GE62;Norrsundet;;Y;SFB9631;N;Y;N;;;FX;;GNS, FPO;40.44;0.00;Fiber/Plastic;;1988-06-30;MFL;1983-01-01;;2004-09-06
SWE000005515;;SWE;;;1.21;0.00;0.00;;5.40;0.00;CLARA;SFB9649;ON11;Mönsterås;;Y;SFB9649;N;Y;N;;;FX;;FPO;5.88;0.00;Fiber/Plastic;;1988-07-05;MFL;1979-01-01;;2022-06-05
SWE000005518;;SWE;;;0.49;0.00;0.00;;6.10;0.00;No name;SFB9658;HA21;Nikkala;;Y;SFB9658;N;Y;N;;;FX;;FPO;29.41;0.00;Fiber/Plastic;;1988-07-06;MFL;1988-01-01;;
SWE000005520;;SWE;;;2.33;0.00;0.00;;6.50;0.00;MARINA;SFB9660;HG50;Båstad;;Y;SFB9660;N;Y;N;;;FX;;GNS, GND;14.71;0.00;Wood;;1988-07-07;MFL;1967-01-01;;2005-11-25
SWE000005521;;SWE;;;0.38;0.00;0.00;;5.60;0.00;No name;SFB9661;SD18;Resö;;Y;SFB9661;N;Y;N;;;FX;;FPO;29.40;0.00;Fiber/Plastic;;1988-07-07;MFL;1985-01-01;;2011-09-16
SWE000005524;;SWE;;;0.34;0.00;0.00;;5.30;0.00;No name;SFB9664;SN30;Skärså;;Y;SFB9664;N;Y;N;;;FX;;FPO, GNS;18.38;0.00;Fiber/Plastic;;1988-07-06;MFL;1987-01-01;;
SWE000005525;;SWE;;;1.41;0.00;0.00;;5.36;0.00;ÖRNVIK;SFB9665;LL173;Lysekil;;Y;SFB9665;N;Y;N;;;FX;;SB, FPO;22.06;0.00;Fiber/Plastic;;1988-07-06;MFL;1976-01-01;;
SWE000005526;;SWE;;;16.92;0.00;0.00;;11.99;0.00;ROKARD;SFB9667;GG55;Gottskär;;Y;SFB9667;N;Y;N;;;FX;;OTB, FPO;400.00;0.00;Metal;;1988-07-07;4M4;1988-01-01;;
SWE000005528;;SWE;;;4.57;0.00;0.00;;8.95;0.00;SJÖNÅLEN;SFB9669;NG61;Trosa;;Y;SFB9669;N;Y;N;;;FX;;GNS;26.47;1.47;Fiber/Plastic;;1988-07-07;MFL;1985-01-01;;2003-10-16
SWE000005529;;SWE;;;0.77;0.00;0.00;;6.15;0.00;No name;SFB9670;HA116;Nikkala;;Y;SFB9670;N;Y;N;;;FX;;FPO, NO;22.06;0.00;Fiber/Plastic;;1988-07-07;MFL;1982-01-01;;2011-05-03
SWE000005531;;SWE;;;0.77;0.00;0.00;;6.15;0.00;No name;SFB9672;HA119;Nikkala;;Y;SFB9672;N;Y;N;;;FX;;FPO, GNS;14.71;0.00;Fiber/Plastic;;1988-07-07;MFL;1983-01-01;;2012-04-25
SWE000005532;;SWE;;;0.49;0.00;0.00;;6.10;0.00;No name;SFB9673;HA120;Nikkala;;Y;SFB9673;N;Y;N;;;FX;;FPO;29.41;0.00;Fiber/Plastic;;1988-07-06;MFL;1986-01-01;;
SWE000005533;;SWE;;;0.89;0.00;0.00;;6.50;0.00;No name;SFB9675;SIN20;Vitemölla;;Y;SFB9675;N;Y;N;;;FX;;GNS;18.38;0.00;Fiber/Plastic;;1988-07-12;MFL;1985-01-01;;2004-02-25
SWE000005538;;SWE;;;0.31;0.00;0.00;;5.30;0.00;No name;SFB9680;SD449;Resö;;Y;SFB9680;N;Y;N;;;FX;;FPO;29.40;0.00;Fiber/Plastic;;1988-07-12;MFL;1984-01-01;;2006-05-02
SWE000005541;;SWE;;;0.69;0.00;0.00;;5.95;0.00;LISETTE;SFB9683;GG637;Almösund;;Y;SFB9683;N;Y;N;;;FX;;FPO, SB;24.26;0.00;Fiber/Plastic;;1988-07-12;4M1;1988-01-01;;2001-05-13
SWE000005544;;SWE;;;1.65;0.00;0.00;;7.15;0.00;NEPTUNUS;SFB9686;SD175;Heestrand;;Y;SFB9686;N;Y;N;;;FX;;FPO, LTL;11.76;0.00;Wood;;1988-07-13;4M1;1955-01-01;;1999-08-11
SWE000005546;;SWE;;;1.54;0.00;0.00;;5.70;0.00;MATHILDA;SFB9688;KA133;Torhamn;;Y;SFB9688;N;Y;N;;;FX;;FPO;8.82;0.00;Fiber/Plastic;;1988-07-13;MFL;1986-01-01;;2010-02-03
SWE000005547;;SWE;;;1.53;0.00;0.00;;7.50;0.00;MITZI;SFB9689;GG792;Hönö-Röd;;Y;SFB9689;N;Y;N;;;FX;;GNS, FPO;16.18;0.00;Wood;;1988-07-13;4M1;1970-01-01;;1997-06-22
SWE000005548;;SWE;;;0.33;0.00;0.00;;5.30;0.00;IVERELL;SFB9691;GG292;Rörö;;Y;SFB9691;N;Y;N;;;FX;;FPO;29.42;0.00;Fiber/Plastic;;1988-07-13;MFL;1985-01-01;;2024-09-19
SWE000005553;;SWE;;;0.35;0.00;0.00;;5.36;0.00;ÖRNVIK;SFB9697;GG136;Dyrön;;Y;SFB9697;N;Y;N;;;FX;;FPO;14.71;0.00;Fiber/Plastic;;1988-07-18;MFL;1988-01-01;;2018-08-09
SWE000005561;;SWE;;;16.90;0.00;0.00;;10.97;0.00;SÖVIND;SFB9708;SM40;Nynäshamn;;Y;SFB9708;N;Y;N;;;FX;;GNS;154.41;0.00;Wood;;1988-07-20;MFL;1949-01-01;2007-09-06;
SWE000005564;;SWE;;;1.79;0.00;0.00;;6.00;0.00;No name;SFB9711;KR152;Skäggenäs;;Y;SFB9711;N;Y;N;;;FX;;FPO, LTL;22.06;0.00;Fiber/Plastic;;1988-07-22;MFL;1984-01-01;;2009-09-02
SWE000005565;;SWE;;;9.29;0.00;0.00;;9.85;0.00;ALMA;SFB9712;SG135;Nogersund;;Y;SFB9712;N;Y;N;;;FX;;GNS, LHP;88.24;0.00;Fiber/Plastic;;1988-07-22;MFL;1977-01-01;;2014-06-26
SWE000005568;;SWE;;;6.35;0.00;0.00;;8.81;0.00;LINDA;SFB9715;GG1211;Fiskebäck;;Y;SFB9715;N;Y;N;;;FX;;FPO;77.21;0.00;Fiber/Plastic;;1988-07-25;MFL;1987-01-01;;2010-05-15
SWE000005570;;SWE;;;5.61;0.00;0.00;;8.00;0.00;MATILDA II;SFB9717;GG99;Marstrand;;Y;SFB9717;N;Y;N;;;FX;;GNS, FPO;46.32;0.00;Fiber/Plastic;;1988-07-26;MFL;1983-01-01;;2007-02-28
SWE000005571;;SWE;;;1.46;0.00;0.00;;5.40;0.00;No name;SFB9718;GG1749;Lerkil;;Y;SFB9718;N;Y;N;;;FX;;GNS;25.74;0.00;Fiber/Plastic;;1988-07-26;MFL;1974-01-01;;2021-04-08
SWE000005572;;SWE;;;3.84;0.00;0.00;;7.50;0.00;NANA;SFB9719;LL111;Lysekil;;Y;SFB9719;N;Y;N;;;FX;;FPO;16.91;0.00;Wood;;1988-07-26;MFL;1970-01-01;;2003-02-18
SWE000005574;;SWE;;;0.36;0.00;0.00;;5.40;0.00;No name;SFB9722;GG138;Lerkil;;Y;SFB9722;N;Y;N;;;FX;;GNS, FPO;22.06;0.00;Fiber/Plastic;;1988-07-27;MFL;1976-01-01;;2020-04-18
SWE000005575;;SWE;;;1.23;0.00;0.00;;6.50;0.00;GRIMSÖ;SFB9723;VG54;Videbergshamn;;Y;SFB9723;N;Y;N;;;FX;;FPO;7.35;0.00;Wood;;1988-07-27;MFL;1964-01-01;;2003-02-22
SWE000005576;;SWE;;;0.32;0.00;0.00;;5.50;0.00;No name;SFB9725;KR137;Gräsgård;;Y;SFB9725;N;Y;N;;;FX;;GNS;4.41;0.00;Wood;;1988-07-28;4M1;1967-01-01;;2001-07-19
SWE000005577;;SWE;;;0.56;0.00;0.00;;5.90;0.00;No name;SFB9726;PÅ40;Piteå;;Y;SFB9726;N;Y;N;;;FX;;GNS;36.76;0.00;Fiber/Plastic;;1988-07-29;4M1;1974-01-01;;2002-10-24
SWE000005579;;SWE;;;0.64;0.00;0.00;;6.05;0.00;No name;SFB9729;HL22;Kuggören;;Y;SFB9729;N;Y;N;;;FX;;GNS;29.41;0.00;Fiber/Plastic;;1988-07-31;MFL;1979-01-01;;
SWE000005580;;SWE;;;1.06;0.00;0.00;;6.30;0.00;KITTY;SFB9730;KA2;Torhamn;;Y;SFB9730;N;Y;N;;;FX;;GNS;22.06;0.00;Fiber/Plastic;;1988-08-03;4M1;1987-01-01;;1999-07-08
SWE000005582;;SWE;;;18.04;0.00;0.00;;10.56;0.00;HALLAREN;SFB9732;LL625;Hasselösund;;Y;SFB9732;N;Y;N;;;FX;;OTB;75.00;0.00;Fiber/Plastic;;1988-08-04;4M4;1982-01-01;;
SWE000005589;;SWE;;;0.40;0.00;0.00;;5.72;0.00;No name;SFB9740;KA123;Hästholmen;;Y;SFB9740;N;Y;N;;;FX;;GNS, LHP;7.35;0.00;Fiber/Plastic;;1988-08-10;4M1;1976-01-01;;2000-11-03
SWE000005593;;SWE;;;0.47;0.00;0.00;;6.15;0.00;No name;SFB9749;HA121;Seskarö;;Y;SFB9749;N;Y;N;;;FX;;FPO;18.38;0.00;Fiber/Plastic;;1988-08-09;MFL;1984-01-01;;
SWE000005594;;SWE;;;0.36;0.00;0.00;;6.00;0.00;No name;SFB9750;HA122;Seskarö;;Y;SFB9750;N;Y;N;;;FX;;FPO, GNS;18.38;0.00;Fiber/Plastic;;1988-08-10;MFL;1977-01-01;;
SWE000005597;;SWE;;;0.60;0.00;0.00;;5.90;0.00;GAGARIN;SFB9755;SG83;Krokås;;Y;SFB9755;N;Y;N;;;FX;;GND, GNS;6.62;0.00;Wood;;1988-08-16;MFL;1963-01-01;;2009-06-02
SWE000005599;;SWE;;;0.32;0.00;0.00;;5.70;0.00;No name;SFB9757;SD459;Fjällbacka;;Y;SFB9757;N;Y;N;;;FX;;FPO, SB;5.88;0.00;Fiber/Plastic;;1988-08-16;MFL;1932-01-01;;2008-03-03
SWE000005602;;SWE;;;2.94;0.00;0.00;;8.90;0.00;No name;SFB9760;GG225;Fiskebäck;;Y;SFB9760;N;Y;N;;;FX;;LHP, GND;69.12;0.00;Fiber/Plastic;;1988-08-16;MFL;1979-01-01;;2012-03-17
SWE000005604;;SWE;;;9.48;0.00;0.00;;10.75;0.00;No name;SFB9764;HA123;Seskarö;;Y;SFB9764;N;Y;N;;;FX;;PTB, GNS;275.00;0.00;Fiber/Plastic;;1988-08-16;4M3;1981-01-01;;2002-07-11
SWE000005605;;SWE;;;1.23;0.00;0.00;;5.60;0.00;SVALAN;SFB9765;GG417;"Djupvik"", Tjörn";;Y;SFB9765;N;Y;N;;;FX;;FPO, GNS;22.06;0.00;Fiber/Plastic;;1988-08-16;MFL;1977-01-01;;2007-01-05
SWE000005606;;SWE;;;1.62;0.00;0.00;;6.00;0.00;No name;SFB9768;HD17;Halmstad;;Y;SFB9768;N;Y;N;;;FX;;FPO, GNS;58.82;0.00;Fiber/Plastic;;1988-08-22;MFL;1987-01-01;;2003-02-22
SWE000005611;;SWE;;;6.52;0.00;0.00;;9.45;0.00;GRYNET;SFB9773;TG23;Smygehamn;;Y;SFB9773;N;Y;N;;;FX;;GNS, LHP;40.44;0.00;Wood;;1988-08-29;4M1;1981-01-01;;1999-08-11
SWE000005613;;SWE;;;0.76;0.00;0.00;;6.00;0.00;No name;SFB9777;GE75;Norrsundet;;Y;SFB9777;N;Y;N;;;FX;;GNS;51.47;0.00;Fiber/Plastic;;1988-09-01;4M3;1982-01-01;;1997-11-22
SWE000005614;;SWE;;;0.93;0.00;0.00;;5.40;0.00;No name;SFB9778;GE76;Utvalnäs;;Y;SFB9778;N;Y;N;;;FX;;FPO, GNS;18.38;0.00;Fiber/Plastic;;1988-09-01;MFL;1982-01-01;;2009-11-07
SWE000005621;;SWE;;;9.00;0.00;0.00;;10.78;0.00;ZAIMA;SFB9789;KA334;"Garpahamnen"", Hasslö";;Y;SFB9789;N;Y;N;;;FX;;PS, GNS;36.77;0.00;Wood;;1988-08-31;MFL;1975-01-01;;2016-07-15
SWE000005623;;SWE;;;1.41;0.00;0.00;;5.64;0.00;BETTAN 2;SFB9791;HD65;"Stensjö"", Steninge";;Y;SFB9791;N;Y;N;;;FX;;FPO, GNS;22.06;0.00;Fiber/Plastic;;1988-09-01;MFL;1980-01-01;;2011-04-25
SWE000005630;;SWE;;;0.64;0.00;0.00;;5.60;0.00;No name;SFB9799;VK79;Händelöp;;Y;SFB9799;N;Y;N;;;FX;;FPO;16.18;0.00;Wood;;1988-09-11;MFL;1970-01-01;;
SWE000005631;;SWE;;;3.27;0.00;0.00;;8.45;0.00;NORDSJÖ;SFB9800;;Öckerö;;Y;SFB9800;N;Y;N;;;FX;;FPO;110.29;0.00;Fiber/Plastic;;1988-09-12;MFL;1986-01-01;;2015-07-22
SWE000005632;;SWE;;;3.29;0.00;0.00;;8.40;0.00;SAGA;SFB9802;HD13;Halmstad;;Y;SFB9802;N;Y;N;;;FX;;GNS, NO;104.41;0.00;Fiber/Plastic;;1988-09-13;4M1;1988-01-01;;2002-07-02
SWE000005633;;SWE;;;1.86;0.00;0.00;;7.10;0.00;No name;SFB9804;MÖ175;Skanör;;Y;SFB9804;N;Y;N;;;FX;;GNS, NO;11.76;0.00;Fiber/Plastic;;1988-09-13;F31;1975-01-01;;1996-06-29
SWE000005636;;SWE;;;0.33;0.00;0.00;;5.40;0.00;No name;SFB9807;SD461;Havstenssund;;Y;SFB9807;N;Y;N;;;FX;;DRH, NO;22.06;0.00;Fiber/Plastic;;1988-08-12;MFL;1983-01-01;;2003-08-09
SWE000005639;;SWE;;;5.08;0.00;0.00;;8.40;0.00;KARIN;SFB9829;SD370;Strömstad;;Y;SFB9829;N;Y;N;;;FX;;GNS, GND;57.35;0.00;Fiber/Plastic;;1988-09-13;MFL;1988-01-01;;2003-05-01
SWE000005640;;SWE;;;2.21;0.00;0.00;;7.00;0.00;TOVE II;SFB9830;SD347;Strömstad;;Y;SFB9830;N;Y;N;;;FX;;FPO, NO;11.03;0.00;Wood;;1988-09-13;MFL;1971-01-01;;2003-02-18
SWE000005641;;SWE;;;0.19;0.00;0.00;;5.00;0.00;No name;SFB9831;SN22;Sund;;Y;SFB9831;N;Y;N;;;FX;;GNS;18.38;0.00;Fiber/Plastic;;1988-09-13;MFL;1973-01-01;;2020-12-01
SWE000005642;;SWE;;;0.49;0.00;0.00;;5.80;0.00;No name;SFB9832;SN23;Sund;;Y;SFB9832;N;Y;N;;;FX;;GNS;34.56;0.00;Wood;;1988-09-13;4M1;1969-01-01;;1999-08-11
SWE000005643;;SWE;;;6.95;0.00;0.00;;10.00;0.00;BIRGITTA;SFB9833;GE2;Bönan;;Y;SFB9833;N;Y;N;;;FX;;GNS, FPO;88.24;0.00;Fiber/Plastic;;1989-02-20;MFL;1983-01-01;;2024-04-16
SWE000005644;;SWE;;;1.34;0.00;0.00;;6.00;0.00;No name;SFB9834;HA124;Nikkala;;Y;SFB9834;N;Y;N;;;FX;;FPO, GNS;14.71;0.00;Fiber/Plastic;;1988-09-20;MFL;1982-01-01;;2006-10-15
SWE000005645;;SWE;;;0.66;0.00;0.00;;6.55;0.00;No name;SFB9836;HA125;Nikkala;;Y;SFB9836;N;Y;N;;;FX;;FPO;5.15;0.00;Fiber/Plastic;;1988-09-20;MFL;1970-01-01;;2019-06-20
SWE000005646;;SWE;;;0.66;0.00;0.00;;6.55;0.00;No name;SFB9837;HA126;Nikkala;;Y;SFB9837;N;Y;N;;;FX;;FPO, GNS;7.35;0.00;Fiber/Plastic;;1988-09-20;MFL;1985-01-01;;2020-05-08
SWE000005650;;SWE;;;3.69;0.00;0.00;;7.60;0.00;MAJ;SFB9842;HG27;Båstad;;Y;SFB9842;N;Y;N;;;FX;;FPO, GNS;33.09;0.00;Fiber/Plastic;;1988-09-30;MFL;1985-01-01;;2015-04-30
SWE000005651;;SWE;;;1.45;0.00;0.00;;5.85;0.00;No name;SFB9843;LL471;Smögen;;Y;SFB9843;N;Y;N;;;FX;;FPO, LHP;25.74;0.00;Fiber/Plastic;;1988-09-29;MFL;1961-01-01;;
SWE000005654;;SWE;;;0.57;0.00;0.00;;6.10;0.00;NORDAN;SFB9846;SL7;"Spikarna"", Alnön";;Y;SFB9846;N;Y;N;;;FX;;FPO, GNS;36.76;0.00;Fiber/Plastic;;1988-09-30;MFL;1987-01-01;;2020-10-22
SWE000005661;;SWE;;;1.18;0.00;0.00;;5.90;0.00;No name;SFB9859;NRG126;Bokö;;Y;SFB9859;N;Y;N;;;FX;;GNS, NO;5.88;0.00;Wood;;1988-10-04;4M1;1968-01-01;;1999-08-29
SWE000005662;;SWE;;;0.64;0.00;0.00;;6.05;0.00;No name;SFB9860;UÅ49;Renholmen;;Y;SFB9860;N;Y;N;;;FX;;FPO, GNS;18.38;0.00;Fiber/Plastic;;1988-10-04;MFL;1973-01-01;;2008-12-26
SWE000005664;;SWE;;;0.82;0.00;0.00;;6.60;0.00;HENNING CEDER;SFB9862;PÅ8;Piteå;;Y;SFB9862;N;Y;N;;;FX;;FPO, GNS;40.44;14.71;Fiber/Plastic;;1988-10-04;4M1;1988-01-01;;2002-10-30
SWE000005665;;SWE;;;1.31;0.00;0.00;;5.45;0.00;No name;SFB9863;NRG131;Torrö;;Y;SFB9863;N;Y;N;;;FX;;FPO;13.24;0.00;Fiber/Plastic;;1988-10-05;MFL;1976-01-01;;2003-01-01
SWE000005666;;SWE;;;0.66;0.00;0.00;;5.60;0.00;ANNETTE;SFB9864;NRG133;Torrö;;Y;SFB9864;N;Y;N;;;FX;;FPO;18.38;0.00;Fiber/Plastic;;1988-10-05;MFL;1986-01-01;;2003-01-01
SWE000005667;;SWE;;;0.65;0.00;0.00;;5.25;0.00;No name;SFB9865;SM274;Bylehamn;;Y;SFB9865;N;Y;N;;;FX;;FPO, GNS;18.70;0.00;Fiber/Plastic;;1988-10-04;MFL;1975-01-01;;
SWE000005673;;SWE;;;0.66;0.00;0.00;;5.60;0.00;MINETTE;SFB9871;NRG14;Torrö;;Y;SFB9871;N;Y;N;;;FX;;GNS, FPO;18.38;0.00;Fiber/Plastic;;1988-10-07;MFL;1985-01-01;;2004-07-08
SWE000005676;;SWE;;;3.12;0.00;0.00;;7.70;0.00;INGRID;SFB9874;SIN84;Simrishamn;;Y;SFB9874;N;Y;N;;;FX;;FPO, GNS;36.00;0.00;Wood;;1988-10-07;MFL;1961-01-01;;2024-04-30
SWE000005677;;SWE;;;0.72;0.00;0.00;;5.90;0.00;No name;SFB9875;VK84;Händelöp;;Y;SFB9875;N;Y;N;;;FX;;GNS;11.76;0.00;Wood;;1988-10-07;MFL;1970-01-01;;2004-01-26
SWE000005679;;SWE;;;1.06;0.00;0.00;;6.44;0.00;No name;SFB9877;SG145;Hörvik;;Y;SFB9877;N;Y;N;;;FX;;FPO, NO;7.35;0.00;Wood;;1988-10-10;MFL;1974-01-01;;2020-04-18
SWE000005680;;SWE;;;3.41;0.00;0.00;;7.20;0.00;MOLLY;SFB9878;KA66;Senoren;;Y;SFB9878;N;Y;N;;;FX;;LHP, GNS;26.47;0.00;Fiber/Plastic;;1988-10-09;MFL;1988-01-01;;
SWE000005682;;SWE;;;1.35;0.00;0.00;;7.00;0.00;No name;SFB9881;VG119;Träslövsläge;;Y;SFB9881;N;Y;N;;;FX;;GNS;16.18;0.00;Wood;;1988-10-10;4M1;1956-01-01;;2000-01-01
SWE000005683;;SWE;;;0.80;0.00;0.00;;6.00;0.00;No name;SFB9882;SG147;Furumon;;Y;SFB9882;N;Y;N;;;FX;;GND, GNS;50.00;0.00;Wood;;1988-10-10;4M1;1980-01-01;;2000-01-10
SWE000005685;;SWE;;;4.72;0.00;0.00;;8.40;0.00;CORDIA;SFB9884;KA161;Hasslö;;Y;SFB9884;N;Y;N;;;FX;;GNS, LHP;45.00;0.00;Fiber/Plastic;;1988-10-10;MFL;1987-01-01;;2012-08-22
SWE000005686;;SWE;;;9.50;0.00;0.00;;10.33;0.00;YOLDIA;SFB9885;SG143;Hällevik;;Y;SFB9885;N;Y;N;;;FX;;GNS;95.59;0.00;Wood;;1988-10-09;MFL;1988-01-01;;
SWE000005688;;SWE;;;2.05;0.00;0.00;;5.70;0.00;No name;SFB9887;HG21;Skälderviken;;Y;SFB9887;N;Y;N;;;FX;;FPO, GNS;7.35;0.00;Wood;;1988-10-10;4M1;1970-01-01;;2001-02-25
SWE000005689;;SWE;;;1.49;0.00;0.00;;5.65;0.00;EMIL;SFB9888;GE51;Gårdskär;;Y;SFB9888;N;Y;N;;;FX;;GNS;36.77;0.00;Fiber/Plastic;;1988-10-12;MFL;1975-01-01;;
SWE000005690;;SWE;;;3.76;0.00;0.00;;8.90;0.00;No name;SFB9889;GE83;Bönan;;Y;SFB9889;N;Y;N;;;FX;;GNS;117.65;0.00;Fiber/Plastic;;1988-10-13;MFL;1986-01-01;;2019-03-14
SWE000005691;;SWE;;;0.64;0.00;0.00;;6.05;0.00;JULA;SFB9894;SM275;Nynäshamn;;Y;SFB9894;N;Y;N;;;FX;;GNS;45.00;0.00;Fiber/Plastic;;1988-10-31;MFL;1981-01-01;;2003-10-01
SWE000005692;;SWE;;;8.43;0.00;0.00;;10.37;0.00;YLVA;SFB9895;HA10;Haparanda Hamn;;Y;SFB9895;N;Y;N;;;FX;;GNS, FPO;183.82;0.00;Fiber/Plastic;;1988-11-02;MFL;1988-01-01;;2019-06-06
SWE000005693;;SWE;;;1.39;0.00;0.00;;5.90;0.00;No name;SFB9896;NRG136;Bokö;;Y;SFB9896;N;Y;N;;;FX;;FPO;7.35;0.00;Metal;;1988-11-02;4M1;1984-01-01;;1999-08-29
SWE000005695;;SWE;;;0.53;0.00;0.00;;6.10;0.00;No name;SFB9898;SIN100;Vik;;Y;SFB9898;N;Y;N;;;FX;;FPO, NO;13.24;0.00;Wood;;1988-11-02;MFL;1970-01-01;;2017-07-18
SWE000005696;;SWE;;;0.36;0.00;0.00;;6.00;0.00;No name;SFB9899;HA127;Nikkala;;Y;SFB9899;N;Y;N;;;FX;;FPO, GNS;22.00;0.00;Fiber/Plastic;;1988-11-01;MFL;1978-01-01;;
SWE000005697;;SWE;;;0.95;0.00;0.00;;5.10;0.00;No name;SFB9900;NRG137;Morsholmen;;Y;SFB9900;N;Y;N;;;FX;;GNS;5.15;0.00;Wood;;1988-11-02;MFL;1968-01-01;;2014-01-28
SWE000005703;;SWE;;;1.01;0.00;0.00;;5.40;0.00;HOMÖKAN;SFB9909;NRG3;Greece;;Y;SFB9909;N;N;N;;;FX;;FPO, GNS;7.35;0.00;Wood;;1988-11-08;MFL;1949-01-01;;
SWE000005705;;SWE;;;1.01;0.00;0.00;;5.20;0.00;No name;SFB9912;SG148;Furumon;;Y;SFB9912;N;Y;N;;;FX;;GND, GNS;18.38;0.00;Wood;;1988-11-08;4M1;1986-01-01;;2001-10-02
SWE000005706;;SWE;;;0.48;0.00;0.00;;5.50;0.00;MARIA;SFB9913;LL232;Bovallstrand;;Y;SFB9913;N;Y;N;;;FX;;FPO;22.06;0.00;Fiber/Plastic;;1988-11-07;MFL;1987-01-01;;
SWE000005711;;SWE;;;0.56;0.00;0.00;;6.10;0.00;No name;SFB9920;GE80;Hästskär;;Y;SFB9920;N;Y;N;;;FX;;FPO, GNS;33.09;0.00;Fiber/Plastic;;1988-11-07;MFL;1986-01-01;;
SWE000005712;;SWE;;;0.50;0.00;0.00;;6.05;0.00;CINDY II;SFB9921;ÅS29;Åhus;;Y;SFB9921;N;Y;N;;;FX;;FPO, GNS;6.62;0.00;Fiber/Plastic;;1988-11-08;MFL;1985-01-01;;2024-03-18
SWE000005713;;SWE;;;1.15;0.00;0.00;;5.70;0.00;No name;SFB9924;SIN110;Kivik;;Y;SFB9924;N;Y;N;;;FX;;FPO, NO;6.62;0.00;Wood;;1988-11-09;MFL;1963-01-01;;2012-06-25
SWE000005716;;SWE;;;2.29;0.00;0.00;;7.75;0.00;ANITY;SFB9931;KR156;"Sandvik"", Öland";;Y;SFB9931;N;Y;N;;;FX;;GNS;20.59;0.00;Wood;;1988-11-10;MFL;1974-01-01;;2012-06-21
SWE000005717;;SWE;;;2.67;0.00;0.00;;6.40;0.00;No name;SFB9932;VK80;;;Y;SFB9932;N;N;N;;;FX;;GNS;22.06;0.00;Fiber/Plastic;;1988-11-10;MFL;1984-01-01;;
SWE000005722;;SWE;;;0.26;0.00;0.00;;5.36;0.00;No name;SFB9937;HL24;;;Y;SFB9937;N;N;N;;;FX;;GNS;25.74;0.00;Fiber/Plastic;;1988-11-17;4M1;;;2000-01-02
SWE000005724;;SWE;;;0.53;0.00;0.00;;6.10;0.00;No name;SFB9939;VK88;Västervik;;Y;SFB9939;N;Y;N;;;FX;;GNS, FPO;22.06;0.00;Fiber/Plastic;;1988-11-17;4M1;1978-01-01;;1999-01-19
SWE000005725;;SWE;;;0.53;0.00;0.00;;6.10;0.00;No name;SFB9940;VK89;;;Y;SFB9940;N;N;N;;;FX;;GNS, FPO;19.85;0.00;Fiber/Plastic;;1988-11-17;MFL;1976-01-01;;2007-03-07
SWE000005726;265613340;SWE;;;10.59;0.00;0.00;;10.71;0.00;YING;SFB9941;LL2;Lysekil;;Y;SFB9941;N;Y;Y;;;FX;;FPO, GND;275.74;0.00;Fiber/Plastic;;1988-11-18;MFL;1988-01-01;;2021-05-27
SWE000005730;;SWE;;;2.02;0.00;0.00;;6.00;0.00;ÅLEN;SFB9946;ON39;Södra Marsö;;Y;SFB9946;N;Y;N;;;FX;;FPO;11.03;0.00;Wood;;1988-11-21;MFL;1967-01-01;;
SWE000005731;;SWE;;;0.75;0.00;0.00;;6.40;0.00;No name;SFB9947;KR158;Hagby;;Y;SFB9947;N;Y;N;;;FX;;FPO, GNS;11.03;0.00;Fiber/Plastic;;1988-11-22;4M1;1982-01-01;;1999-01-18
SWE000005732;;SWE;;;1.08;0.00;0.00;;6.70;0.00;No name;SFB9948;KR159;Kolboda;;Y;SFB9948;N;Y;N;;;FX;;GNS;24.26;0.00;Wood;;1988-11-23;4M1;1972-01-01;;1999-01-18
SWE000005735;;SWE;;;0.32;0.00;0.00;;5.50;0.00;No name;SFB9951;NRG139;Lamskär;;Y;SFB9951;N;Y;N;;;FX;;FPO;5.15;0.00;Wood;;1988-11-28;MFL;1967-01-01;;2020-12-01
SWE000005736;;SWE;;;0.76;0.00;0.00;;6.00;0.00;TINA;SFB9952;GE91;Utvalnäs;;Y;SFB9952;N;Y;N;;;FX;;GNS;55.15;0.00;Fiber/Plastic;;1988-11-28;MFL;1985-01-01;;2019-02-20
SWE000005737;;SWE;;;2.22;0.00;0.00;;7.50;0.00;KÄMPE;SFB9953;LL49;Smögen;;Y;SFB9953;N;Y;N;;;FX;;FPO;36.76;0.00;Fiber/Plastic;;1988-11-28;MFL;1979-01-01;;2003-03-02
SWE000005740;;SWE;;;2.52;0.00;0.00;;6.15;0.00;No name;SFB9957;GG1183;Almösund;;Y;SFB9957;N;Y;N;;;FX;;FPO, GND;31.62;0.00;Fiber/Plastic;;1988-11-28;4M1;1988-01-01;;1999-10-29
SWE000005744;;SWE;;;2.80;0.00;0.00;;7.50;0.00;AMANDA;SFB9961;GG177;Krossholmen;;Y;SFB9961;N;Y;N;;;FX;;GND, FPO;95.59;0.00;Fiber/Plastic;;1988-11-29;MFL;1988-01-01;;2014-05-27
SWE000005748;;SWE;;;0.40;0.00;0.00;;5.45;0.00;No name;SFB9965;NRG132;Torrö;;Y;SFB9965;N;Y;N;;;FX;;FPO, GNS;16.18;0.00;Fiber/Plastic;;1988-12-01;4M1;1978-01-01;;1998-10-11
SWE000005749;;SWE;;;0.14;0.00;0.00;;5.10;0.00;No name;SFB9966;VK96;Idö;;Y;SFB9966;N;Y;N;;;FX;;FPO;22.06;0.00;Fiber/Plastic;;1988-12-01;MFL;1978-01-01;;2003-09-18
SWE000005750;;SWE;;;0.28;0.00;0.00;;5.70;0.00;No name;SFB9967;SIN101;Kivik;;Y;SFB9967;N;Y;N;;;FX;;FPO, NO;6.62;0.00;Wood;;1988-12-01;4M1;1968-01-01;;2001-06-19
SWE000005755;;SWE;;;1.24;0.00;0.00;;5.40;0.00;VÅLLÖ;SFB9972;ON43;Vållö;;Y;SFB9972;N;Y;N;;;FX;;FPO;16.18;0.00;Fiber/Plastic;;1988-11-30;MFL;1979-01-01;;
SWE000005758;;SWE;;;0.44;0.00;0.00;;5.78;0.00;AQVA;SFB9977;NRG143;St Källskär;;Y;SFB9977;N;Y;N;;;FX;;FPO, NO;9.56;0.00;Wood;;1988-12-07;MFL;1955-01-01;;2009-04-15
SWE000005760;;SWE;;;10.18;0.00;0.00;;9.60;0.00;HELGA;SFB9979;SM279;Harö;;Y;SFB9979;N;Y;N;;;FX;;GNS;47.79;0.00;Fiber/Plastic;;1988-12-07;MFL;1987-01-01;;2004-10-02
SWE000005762;;SWE;;;1.07;0.00;0.00;;5.60;0.00;NORA;SFB9981;SD463;Fjällbacka;;Y;SFB9981;N;Y;N;;;FX;;FPO;9.56;0.00;Wood;;1988-12-07;4M1;1947-01-01;;2000-02-02
SWE000005763;;SWE;;;2.07;0.00;0.00;;6.68;0.00;No name;SFB9982;SIN41;Baskemölla;;Y;SFB9982;N;Y;N;;;FX;;FPO, GNS;7.35;0.00;Wood;;1988-12-14;MFL;1972-01-01;;2005-06-23
SWE000005765;;SWE;;;0.57;0.00;0.00;;6.10;0.00;No name;SFB9984;HL26;;;Y;SFB9984;N;N;N;;;FX;;FPO, GNS;29.42;0.00;Fiber/Plastic;;1988-12-19;MFL;1974-01-01;;2004-10-17
SWE000005771;;SWE;;;0.87;0.00;0.00;;6.45;0.00;No name;SFB9993;SD468;Havstenssund;;Y;SFB9993;N;Y;N;;;FX;;FPO, LTL;14.71;0.00;Wood;;1989-01-12;MFL;1974-01-01;;2013-07-19
SWE000005779;;SWE;;;26.77;22.00;0.00;;13.46;0.00;NORDSKÄR;SFBE;GE14;Bönan;;Y;SFBE;Y;N;N;;;FX;;OTB, NO;176.00;0.00;Wood;;1976-01-01;4M3;1967-01-01;;2001-04-05
SWE000005780;;SWE;;;111.00;0.00;0.00;;25.53;0.00;SVANÖ;SFBH;GG209;Göteborg;;Y;SFBH;Y;N;N;;;FX;;OTB, NO;440.00;110.29;Wood;;1976-01-01;MFL;1964-01-01;;2013-03-27
SWE000005782;;SWE;;;14.00;0.00;0.00;;11.98;0.00;BUNGÖREN;SFD2141;SM31;Öregrund;;Y;SFD2141;N;Y;N;;;FX;;GNS, LHP;110.00;0.00;Wood;;2014-05-20;MFL;1963-01-01;;2021-03-02
SWE000005783;;SWE;;;95.34;55.00;0.00;;19.92;0.00;ELISABETH;SFBQ;VY24;Fårösund;;Y;SFBQ;Y;N;N;;;FX;;GND, LHP;260.00;0.00;Wood;;1976-01-01;4M6;1968-01-01;;2002-05-28
SWE000005788;;SWE;;;0.34;0.00;0.00;;5.20;0.00;TINA;SFC2005;VK83;;;Y;SFC2005;N;N;N;;;FX;;GNS;12.50;0.00;Fiber/Plastic;;1989-01-12;MFL;1980-01-01;;
SWE000005789;;SWE;;;2.21;0.00;0.00;;8.20;0.00;ÖLANDS-SAND;SFC2009;KR167;Källahamn;;Y;SFC2009;N;Y;N;;;FX;;GNS;22.06;0.00;Wood;;1989-01-16;F31;1978-01-01;;1995-06-28
SWE000005790;;SWE;;;0.42;0.00;0.00;;5.50;0.00;No name;SFC2010;HD68;Halmstad;;Y;SFC2010;N;Y;N;;;FX;;FPO, NO;33.09;0.00;Fiber/Plastic;;1989-01-16;4M1;1987-01-01;;2001-10-09
SWE000005791;;SWE;;;3.41;0.00;0.00;;8.00;0.00;EVA;SFC2011;KR166;Källahamn;;Y;SFC2011;N;Y;N;;;FX;;FPO, GNS;13.24;0.00;Wood;;1989-01-16;MFL;1950-01-01;;2023-01-20
SWE000005792;;SWE;;;1.44;0.00;0.00;;5.05;0.00;ÄGGET;SFC2012;VK35;Händelöp;;Y;SFC2012;N;Y;N;;;FX;;GNS;9.56;0.00;Fiber/Plastic;;2016-06-08;MFL;1970-01-01;;2019-01-07
SWE000005795;;SWE;;;1.18;0.00;0.00;;5.85;0.00;FREJA;SFC2015;MÖ65;Malmö;;Y;SFC2015;N;Y;N;;;FX;;GNS, GND;13.00;0.00;Fiber/Plastic;;1989-01-16;MFL;1977-01-01;;
SWE000005796;;SWE;;;0.28;0.00;0.00;;5.30;0.00;No name;SFC2017;SN29;Söderhamn;;Y;SFC2017;N;Y;N;;;FX;;FPO, GNS;29.41;0.00;Fiber/Plastic;;1989-01-16;MFL;1985-01-01;;2015-03-17
SWE000005799;;SWE;;;8.57;0.00;0.00;;11.00;0.00;CANDYA;SFC2023;YD35;Ystad;;Y;SFC2023;N;Y;N;;;FX;;GNS, NO;51.47;0.00;Wood;;1989-01-24;F31;1940-01-01;1996-10-22;
SWE000005803;;SWE;;;0.64;0.00;0.00;;6.05;0.00;No name;SFC2027;SM281;;;Y;SFC2027;N;N;N;;;FX;;NK, GNS;22.06;0.00;Fiber/Plastic;;1989-01-25;4M1;1977-01-01;;1999-04-26
SWE000005804;;SWE;;;0.66;0.00;0.00;;5.60;0.00;No name;SFC2028;NRG144;Jonsberg;;Y;SFC2028;N;Y;N;;;FX;;FPO, GNS;11.03;0.00;Fiber/Plastic;;1989-02-06;MFL;1979-01-01;;2020-12-18
SWE000005806;;SWE;;;4.73;0.00;0.00;;8.37;0.00;MARITHA;SFC2030;KN75;Ronneby;;Y;SFC2030;N;Y;N;;;FX;;GNS, GND;44.12;0.00;Metal;;1992-04-29;4M1;1988-01-01;;
SWE000005807;;SWE;;;0.39;0.00;0.00;;5.40;0.00;No name;SFC2031;KR170;Vållö;;Y;SFC2031;N;Y;N;;;FX;;FPO, NO;16.91;0.00;Fiber/Plastic;;1989-02-14;MFL;1979-01-01;;2013-05-13
SWE000005808;;SWE;;;1.10;0.00;0.00;;5.60;0.00;No name;SFC2032;NRG145;Arkösund;;Y;SFC2032;N;Y;N;;;FX;;FPO;29.41;0.00;Fiber/Plastic;;1989-02-14;MFL;1981-01-01;;2016-06-30
SWE000005810;;SWE;;;0.78;0.00;0.00;;4.95;0.00;No name;SFC2034;VG120;Bua;;Y;SFC2034;N;Y;N;;;FX;;LHP, GND;18.38;0.00;Fiber/Plastic;;1989-02-13;MFL;1985-01-01;;
SWE000005811;;SWE;;;0.64;0.00;0.00;;5.90;0.00;No name;SFC2038;KR171;Kårehamn;;Y;SFC2038;N;Y;N;;;FX;;FPO;14.71;0.00;Wood;;1989-02-14;MFL;1960-01-01;;2014-07-10
SWE000005812;;SWE;;;0.33;0.00;0.00;;6.00;0.00;No name;SFC2039;ÅS33;Åhus;;Y;SFC2039;N;Y;N;;;FX;;FPO, NO;11.03;0.00;Fiber/Plastic;;1989-02-13;MFL;1978-01-01;;
SWE000005813;;SWE;;;1.64;0.00;0.00;;7.40;0.00;No name;SFC2040;HL28;Mellanfjärden;;Y;SFC2040;N;Y;N;;;FX;;GNS, GND;16.91;0.00;Wood;;1989-02-14;4M1;1973-01-01;;1999-01-03
SWE000005815;;SWE;;;0.88;0.00;0.00;;6.20;0.00;No name;SFC2042;NG58;Sand;;Y;SFC2042;N;Y;N;;;FX;;GNS;7.35;0.00;Fiber/Plastic;;1989-02-13;MFL;1979-01-01;;
SWE000005817;;SWE;;;3.37;0.00;0.00;;7.80;0.00;FALKEN;SFC2045;VG105;Bua;;Y;SFC2045;N;Y;N;;;FX;;LTL, FPO;44.12;0.00;Fiber/Plastic;;1989-02-16;MFL;1984-01-01;;2011-02-24
SWE000005822;;SWE;;;2.22;0.00;0.00;;7.50;0.00;IDA;SFC2051;SD727;Gullnäsholmen;;Y;SFC2051;N;Y;N;;;FX;;FPO, LTL;58.84;0.00;Fiber/Plastic;;1989-02-27;MFL;1986-01-01;;2013-07-23
SWE000005823;;SWE;;;4.48;0.00;0.00;;9.00;0.00;SARVIL;SFC2052;HA131;Nikkala;;Y;SFC2052;N;Y;N;;;FX;;FPO;128.68;0.00;Wood;;1989-03-03;MFL;1973-01-01;;2003-12-10
SWE000005826;;SWE;;;1.33;0.00;0.00;;5.45;0.00;KLARA;SFC2055;NRG146;St Källskär;;Y;SFC2055;N;Y;N;;;FX;;FPO;15.45;0.00;Fiber/Plastic;;1989-03-03;MFL;1978-01-01;;2020-04-18
SWE000005828;;SWE;;;0.28;0.00;0.00;;5.60;0.00;No name;SFC2057;SIN121;Örnahusen;;Y;SFC2057;N;Y;N;;;FX;;FPO, GNS;18.38;0.00;Wood;;1989-03-03;MFL;1940-01-01;;2019-05-04
SWE000005829;;SWE;;;2.50;0.00;0.00;;7.90;0.00;No name;SFC2058;UÅ52;Lappviken;;Y;SFC2058;N;Y;N;;;FX;;GNS;88.24;0.00;Fiber/Plastic;;1989-03-03;MFL;1988-01-01;;2015-04-28
SWE000005831;;SWE;;;2.96;0.00;0.00;;8.60;0.00;POOPYE;SFC2060;VY158;"Djupvik"", Gotland";;Y;SFC2060;N;Y;N;;;FX;;GNS, NO;60.29;0.00;Fiber/Plastic;;1989-03-03;4M1;1981-01-01;;1999-03-02
SWE000005833;;SWE;;;0.98;0.00;0.00;;6.67;0.00;No name;SFC2062;KR172;Bergkvara;;Y;SFC2062;N;Y;N;;;FX;;FPO;24.26;0.00;Wood;;1989-03-03;MFL;1959-01-01;;2015-02-03
SWE000005834;;SWE;;;1.30;0.00;0.00;;6.77;0.00;No name;SFC2063;KR174;Bergkvara;;Y;SFC2063;N;Y;N;;;FX;;FPO, NO;16.18;0.00;Wood;;1989-03-03;MFL;1979-01-01;;2015-02-04
SWE000005835;;SWE;;;1.01;0.00;0.00;;6.50;0.00;No name;SFC2064;KR175;Bergkvara;;Y;SFC2064;N;Y;N;;;FX;;FPO;24.26;0.00;Wood;;1989-03-03;MFL;1982-01-01;;2014-10-09
SWE000005842;;SWE;;;0.72;0.00;0.00;;5.65;0.00;No name;SFC2093;NRG150;Långasjö;;Y;SFC2093;N;Y;N;;;FX;;FPO, NO;11.03;0.00;Fiber/Plastic;;1989-04-05;MFL;1981-01-01;;2007-12-04
SWE000005846;;SWE;;;0.70;0.00;0.00;;6.10;0.00;No name;SFC2098;HL34;Kuggören;;Y;SFC2098;N;Y;N;;;FX;;FPO;33.09;0.00;Fiber/Plastic;;1989-04-09;MFL;1976-01-01;;
SWE000005848;;SWE;;;2.77;0.00;0.00;;8.40;0.00;NEPTUN;SFC2100;GG457;Åstol;;Y;SFC2100;N;Y;N;;;FX;;GNS, FPO;100.00;0.00;Fiber/Plastic;;1989-04-12;4M1;1987-01-01;;2001-01-02
SWE000005850;;SWE;;;1.26;0.00;0.00;;6.00;0.00;ÅLEN;SFC2102;ON52;Svartö;;Y;SFC2102;N;Y;N;;;FX;;FPO;44.12;0.00;Fiber/Plastic;;1989-04-06;MFL;1982-01-01;;
SWE000005851;;SWE;;;0.76;0.00;0.00;;6.00;0.00;TUMLAREN;SFC2104;GG130;Fotö;;Y;SFC2104;N;Y;N;;;FX;;FPO;44.12;0.00;Fiber/Plastic;;1989-04-07;4M1;1988-01-01;;1998-01-25
SWE000005852;;SWE;;;0.51;0.00;0.00;;5.60;0.00;UTTERN;SFC2105;GG1300;Fotö;;Y;SFC2105;N;Y;N;;;FX;;FPO;44.12;0.00;Fiber/Plastic;;1989-04-07;4M1;1985-01-01;;1998-01-25
SWE000005855;;SWE;;;1.02;0.00;0.00;;5.45;0.00;No name;SFC2110;SG167;Hörvik;;Y;SFC2110;N;Y;N;;;FX;;FPO, NO;22.06;0.00;Wood;;1989-04-12;MFL;1972-01-01;;2021-05-28
SWE000005856;;SWE;;;0.80;0.00;0.00;;6.46;0.00;No name;SFC2111;SG168;Hörvik;;Y;SFC2111;N;Y;N;;;FX;;FPO, NO;7.35;0.00;Wood;;1989-04-12;4M1;1956-01-01;;2000-02-17
SWE000005858;;SWE;;;0.38;0.00;0.00;;5.50;0.00;No name;SFC2113;GG846;Dyrön;;Y;SFC2113;N;Y;N;;;FX;;FPO, NO;29.41;0.00;Fiber/Plastic;;1989-04-12;F32;1982-01-01;;1996-05-29
SWE000005864;;SWE;;;1.79;0.00;0.00;;7.30;0.00;BRIS;SFC2125;KR176;Äleklinta;;Y;SFC2125;N;Y;N;;;FX;;FPO, GNS;16.18;0.00;Wood;;1989-04-21;MFL;1959-01-01;;2008-01-03
SWE000005866;;SWE;;;0.88;0.00;0.00;;5.30;0.00;No name;SFC2128;SD420;Havstenssund;;Y;SFC2128;N;Y;N;;;FX;;FPO;22.06;0.00;Fiber/Plastic;;1989-04-27;MFL;1989-01-01;;2025-05-06
SWE000005867;;SWE;;;1.80;0.00;0.00;;6.10;0.00;STÄVÖ;SFC2129;GG1223;Skärhamn;;Y;SFC2129;N;Y;N;;;FX;;FPO, NO;25.74;0.00;Fiber/Plastic;;1989-04-28;MFL;1984-01-01;;2013-09-17
SWE000005868;;SWE;;;2.75;0.00;0.00;;7.30;0.00;KALVÖ;SFC2131;GG225;Rönnäng;;Y;SFC2131;N;Y;N;;;FX;;FPO;62.50;0.00;Metal;;1989-04-28;MFL;1988-01-01;;2004-08-23
SWE000005869;265656780;SWE;;;7.51;0.00;0.00;;10.20;0.00;SVANHILD;SFC2132;GG1207;Öckerö;;Y;SFC2132;N;Y;Y;;;FX;;FPO, GND;275.74;0.00;Fiber/Plastic;;1989-04-27;MFL;1989-01-01;;
SWE000005871;;SWE;;;0.41;0.00;0.00;;5.60;0.00;ÖSTAN;SFC2134;HND23;Härnösand;;Y;SFC2134;N;Y;N;;;FX;;FPO, GNS;26.47;0.00;Fiber/Plastic;;1989-04-28;4M1;1988-01-01;;2002-03-06
SWE000005873;;SWE;;;2.55;0.00;0.00;;7.20;0.00;No name;SFC2137;SM283;Muskö;;Y;SFC2137;N;Y;N;;;FX;;GNS;5.88;0.00;Wood;;1989-04-28;MFL;1968-01-01;;2015-03-08
SWE000005874;;SWE;;;0.36;0.00;0.00;;5.40;0.00;KRISTINA;SFC2138;GG796;Dyrön;;Y;SFC2138;N;Y;N;;;FX;;FPO;14.71;0.00;Fiber/Plastic;;1989-04-28;MFL;1988-01-01;;2016-07-05
SWE000005875;;SWE;;;0.25;0.00;0.00;;5.00;0.00;No name;SFC2140;SD27;Resö;;Y;SFC2140;N;Y;N;;;FX;;FPO, LHP;29.00;0.00;Fiber/Plastic;;1989-05-03;MFL;1980-01-01;;2024-03-08
SWE000005877;;SWE;;;5.03;0.00;0.00;;8.50;0.00;HÖGÖ;SFC2156;NRG100;Gryt;;Y;SFC2156;N;Y;N;;;FX;;GNS;84.56;0.00;Wood;;1989-05-17;4M1;1961-01-01;;1997-03-21
SWE000005878;;SWE;;;4.50;0.00;0.00;;9.00;0.00;MÅSEN;SFC2157;ÖK15;;;Y;SFC2157;N;Y;N;;;FX;;GNS;66.18;0.00;Fiber/Plastic;;1989-05-17;MFL;1985-01-01;;2018-12-26
SWE000005880;;SWE;;;0.89;0.00;0.00;;5.30;0.00;SIKI;SFC2159;KR112;Alvedsjö Bodar;;Y;SFC2159;N;Y;N;;;FX;;GNS;18.38;0.00;Fiber/Plastic;;1989-05-17;4M1;1988-01-01;;2001-01-19
SWE000005883;;SWE;;;1.57;0.00;0.00;;7.00;0.00;HERMA;SFC2162;MÖ40;Limhamn;;Y;SFC2162;N;Y;N;;;FX;;GNS, FPO;16.00;0.00;Fiber/Plastic;;1989-05-25;4M1;1977-01-01;;2001-10-23
SWE000005886;;SWE;;;4.26;0.00;0.00;;7.40;0.00;ANNA MARIA;SFC2167;GG110;Rörö;;Y;SFC2167;N;Y;N;;;FX;;FPO;38.24;0.00;Fiber/Plastic;;1989-05-25;MFL;1979-01-01;;2023-05-06
SWE000005887;;SWE;;;0.36;0.00;0.00;;5.40;0.00;HAVET;SFC2168;;Rönnäng;;Y;SFC2168;N;Y;N;;;FX;;FPO;22.00;0.00;Fiber/Plastic;;1989-05-25;MFL;1988-01-01;;2015-05-22
SWE000005888;;SWE;;;0.35;0.00;0.00;;5.38;0.00;STRÄCKET;SFC2171;HD44;Halmstad;;Y;SFC2171;N;Y;N;;;FX;;FPO, GNS;29.41;0.00;Fiber/Plastic;;1989-06-07;4M1;1986-01-01;;2002-11-11
SWE000005889;;SWE;;;0.72;0.00;0.00;;5.65;0.00;No name;SFC2172;NRG153;Aspöja;;Y;SFC2172;N;Y;N;;;FX;;FPO, GNS;11.03;0.00;Fiber/Plastic;;1989-05-31;MFL;1978-01-01;;2005-03-24
SWE000005890;;SWE;;;1.41;0.00;0.00;;6.00;0.00;No name;SFC2173;GE95;Bönan;;Y;SFC2173;N;Y;N;;;FX;;FPO, GNS;36.76;0.00;Fiber/Plastic;;1989-05-31;MFL;1987-01-01;;2004-08-06
SWE000005896;;SWE;;;0.41;0.00;0.00;;6.05;0.00;No name;SFC2198;KR72;Byxelkrok;;Y;SFC2198;N;Y;N;;;FX;;GNS, NO;16.18;0.00;Fiber/Plastic;;1989-06-07;4M1;1979-01-01;;2000-01-01
SWE000005897;;SWE;;;0.37;0.00;0.00;;6.03;0.00;BRATTÖ;SFC2199;UA2;Uddevalla;;Y;SFC2199;N;Y;N;;;FX;;GTR, FPO;14.71;0.00;Wood;;1989-06-07;MFL;1989-01-01;;2006-05-03
SWE000005904;;SWE;;;3.93;0.00;0.00;;8.50;0.00;SARA;SFC2207;SD116;Resö;;Y;SFC2207;N;Y;N;;;FX;;FPO;69.00;0.00;Fiber/Plastic;;1989-06-14;MFL;1987-01-01;;2014-12-30
SWE000005905;;SWE;;;3.33;0.00;0.00;;8.50;0.00;HÅSKÄR;SFC2208;SD436;Havstenssund;;Y;SFC2208;N;Y;N;;;FX;;FPO;62.50;0.00;Fiber/Plastic;;1989-06-14;F32;1989-01-01;;1996-05-29
SWE000005906;;SWE;;;0.77;0.00;0.00;;5.95;0.00;No name;SFC2209;SG150;Hällevik;;Y;SFC2209;N;Y;N;;;FX;;GND, NO;7.35;0.00;Fiber/Plastic;;1989-06-14;4M1;1985-01-01;;2000-08-25
SWE000005908;;SWE;;;6.16;0.00;0.00;;9.50;0.00;SANDRA;SFC2216;GG199;Rörö;;Y;SFC2216;N;Y;N;;;FX;;GNS, GND;99.26;0.00;Fiber/Plastic;;1989-06-14;MFL;1989-01-01;;2003-04-09
SWE000005909;;SWE;;;6.30;0.00;0.00;;10.40;0.00;ROXY;SFC2218;UÅ43;Bureå;;Y;SFC2218;N;Y;N;;;FX;;FPO, GNS;231.62;0.00;Fiber/Plastic;;1989-06-15;MFL;1989-01-01;;2019-08-14
SWE000005915;;SWE;;;1.62;0.00;0.00;;6.05;0.00;No name;SFC2234;UÅ53;Byske;;Y;SFC2234;N;Y;N;;;FX;;FPO, GNS;18.38;0.00;Fiber/Plastic;;1989-06-15;4M1;1982-01-01;;1997-09-03
SWE000005916;;SWE;;;3.50;0.00;0.00;;7.20;0.00;MARTINA;SFC2236;SG4;Hällevik;;Y;SFC2236;N;Y;N;;;FX;;GNS;22.06;0.00;Wood;;1989-06-29;MFL;1981-01-01;;2017-08-11
SWE000005922;;SWE;;;6.00;0.00;0.00;;9.30;0.00;FORTUNA;SFC2246;KR30;Kalmar;;Y;SFC2246;N;Y;N;;;FX;;GNS, LHP;77.00;0.00;Metal;;1989-07-05;MFL;1989-01-01;;2018-11-09
SWE000005923;;SWE;;;17.70;0.00;0.00;;11.95;0.00;EOS;SFC2247;UÅ3;Rovögern;;Y;SFC2247;N;Y;N;;;FX;;GNS, OTB;373.00;0.00;Fiber/Plastic;;1989-07-05;4M4;1989-01-01;;1998-03-05
SWE000005924;;SWE;;;0.47;0.00;0.00;;6.10;0.00;MAJA-GRÄDDNOS;SFC2249;SIN123;Vik;;Y;SFC2249;N;Y;N;;;FX;;FPO, GNS;13.24;0.00;Fiber/Plastic;;1989-07-04;MFL;1984-01-01;;
SWE000005925;;SWE;;;2.08;0.00;0.00;;6.55;0.00;BLUE JEPPA;SFC2250;SIN124;Vik;;Y;SFC2250;N;Y;N;;;FX;;FPO, GNS;7.35;0.00;Wood;;1989-07-04;MFL;1971-01-01;;
SWE000005926;;SWE;;;3.02;0.00;0.00;;6.60;0.00;RUDDMI;SFC2254;SM55;Torö;;Y;SFC2254;N;Y;N;;;FX;;FPO;161.81;0.00;Fiber/Plastic;;1989-07-13;MFL;1989-01-01;;2006-02-21
SWE000005931;;SWE;;;1.07;0.00;0.00;;8.00;0.00;VILLE;SFC2260;LL164;Fiskebäckskil;;Y;SFC2260;N;Y;N;;;FX;;FPO;16.00;0.00;Fiber/Plastic;;1989-07-14;MFL;1980-01-01;;2010-07-28
SWE000005933;;SWE;;;0.74;0.00;0.00;;7.00;0.00;ANNICA;SFC2262;SD472;Hamburgsund;;Y;SFC2262;N;Y;N;;;FX;;FPO;7.35;0.00;Wood;;1989-07-20;MFL;1942-01-01;;2010-06-29
SWE000005936;;SWE;;;3.36;0.00;0.00;;8.00;0.00;SELFOSS;SFC2265;GG295;Klädesholmen;;Y;SFC2265;N;Y;N;;;FX;;FPO;95.59;0.00;Fiber/Plastic;;1989-07-20;MFL;1987-01-01;;2009-12-31
SWE000005939;;SWE;;;1.75;0.00;0.00;;6.80;0.00;LINNEA;SFC2269;GG1218;Fotö;;Y;SFC2269;N;Y;N;;;FX;;OTB, FPO;44.85;0.00;Fiber/Plastic;;1989-07-25;MFL;1979-01-01;;2009-06-02
SWE000005941;;SWE;;;18.12;0.00;0.00;;11.82;0.00;BRIS;SFC2271;GG855;Hönö;;Y;SFC2271;N;Y;N;;;FX;;LHP, LTL;176.47;0.00;Metal;;1989-07-26;MFL;1986-01-01;;2020-01-31
SWE000005945;;SWE;;;5.53;0.00;0.00;;8.25;0.00;TEA;SFC2284;VG23;Varberg;;Y;SFC2284;N;Y;N;;;FX;;GND, FPO;101.47;0.00;Fiber/Plastic;;1992-06-24;MFL;1988-01-01;;
SWE000005946;;SWE;;;17.69;0.00;0.00;;11.84;0.00;GULLBRIS;SFC2285;LL467;Ellös;;Y;SFC2285;N;Y;N;;;FX;;TBN, OTB;121.00;0.00;Wood;;1991-09-04;MFL;1941-01-01;2015-12-09;
SWE000005953;;SWE;;;0.29;0.00;0.00;;5.20;0.00;No name;SFC2293;ÅS35;Nymölla;;Y;SFC2293;N;Y;N;;;FX;;GNS;15.00;0.00;Fiber/Plastic;;1989-08-18;4M1;1983-01-01;;1999-02-04
SWE000005954;;SWE;;;0.27;0.00;0.00;;5.10;0.00;No name;SFC2294;SIN47;Skillinge;;Y;SFC2294;N;Y;N;;;FX;;FPO, GNS;4.41;0.00;Wood;;1989-08-23;MFL;1960-01-01;;2009-09-30
SWE000005959;;SWE;;;3.04;0.00;0.00;;7.65;0.00;SVANÖ;SFC2302;LL514;Fiskebäckskil;;Y;SFC2302;N;Y;N;;;FX;;FPO;51.47;0.00;Fiber/Plastic;;1989-08-28;MFL;1979-01-01;;2009-04-18
SWE000005960;;SWE;;;0.37;0.00;0.00;;5.36;0.00;No name;SFC2304;GE101;Gårdskär;;Y;SFC2304;N;Y;N;;;FX;;FPO, GNS;29.41;0.00;Fiber/Plastic;;1989-08-27;MFL;1976-01-01;;
SWE000005961;;SWE;;;0.40;0.00;0.00;;5.50;0.00;No name;SFC2305;GE102;Gårdskär;;Y;SFC2305;N;Y;N;;;FX;;FPO, GNS;29.41;0.00;Fiber/Plastic;;1989-08-28;MFL;1978-01-01;;2009-09-06
SWE000005962;;SWE;;;0.52;0.00;0.00;;6.20;0.00;No name;SFC2307;GE103;Bönan;;Y;SFC2307;N;Y;N;;;FX;;FPO, GNS;22.06;0.00;Fiber/Plastic;;1989-08-28;MFL;1984-01-01;;2020-12-01
SWE000005965;;SWE;;;2.48;0.00;0.00;;7.90;0.00;INGARÖ;SFC2310;SD402;Långesjö;;Y;SFC2310;N;Y;N;;;FX;;FPO;95.59;0.00;Fiber/Plastic;;1989-08-27;MFL;1989-01-01;;
SWE000005966;;SWE;;;1.01;0.00;0.00;;5.60;0.00;KOMETEN;SFC2311;SIN6;Kyls Strand;;Y;SFC2311;N;Y;N;;;FX;;FPO, NO;11.03;0.00;Wood;;1989-08-28;MFL;1958-01-01;;2019-07-15
SWE000005967;;SWE;;;9.02;0.00;0.00;;9.30;0.00;LELLE BÖLJAN;SFC2313;GG447;Asperö;;Y;SFC2313;N;Y;N;;;FX;;GNS;66.18;0.00;Wood;;1989-08-28;4M1;1948-01-01;;1999-09-28
SWE000005971;;SWE;;;0.66;0.00;0.00;;6.05;0.00;No name;SFC2322;KR178;Borgholm;;Y;SFC2322;N;Y;N;;;FX;;GNS;36.77;0.00;Fiber/Plastic;;1989-09-04;MFL;1979-01-01;;2022-09-15
SWE000005975;;SWE;;;2.92;0.00;0.00;;8.40;0.00;HJOVIK;SFC2331;GG129;Klädesholmen;;Y;SFC2331;N;Y;N;;;FX;;FPO, GNS;36.76;0.00;Fiber/Plastic;;1989-09-05;MFL;1989-01-01;;2015-12-01
SWE000005976;;SWE;;;0.46;0.00;0.00;;5.80;0.00;No name;SFC2334;KA154;"Ekenabben"", Sturkö";;Y;SFC2334;N;Y;N;;;FX;;GNS;16.91;0.00;Fiber/Plastic;;1989-09-12;MFL;1977-01-01;;2013-01-26
SWE000005979;;SWE;;;0.71;0.00;0.00;;6.90;0.00;No name;SFC2340;SD478;Grebbestad;;Y;SFC2340;N;Y;N;;;FX;;FPO, LTL;7.35;0.00;Wood;;1989-10-02;MFL;1933-01-01;;
SWE000005984;;SWE;;;6.03;0.00;0.00;;8.85;0.00;KLUNTARNA 2;SFC2348;LÅ44;Hindersön;;Y;SFC2348;N;Y;N;;;FX;;PTB, FPO;95.59;0.00;Fiber/Plastic;;1989-10-03;4M3;1989-01-01;;1999-08-11
SWE000005985;;SWE;;;0.36;0.00;0.00;;6.00;0.00;No name;SFC2349;SM288;Ankarudden;;Y;SFC2349;N;Y;N;;;FX;;GNS, FPO;20.59;0.00;Fiber/Plastic;;1989-10-03;MFL;1970-01-01;;2009-02-21
SWE000005986;;SWE;;;4.47;0.00;0.00;;7.80;0.00;No name;SFC2350;MÖ180;Lomma;;Y;SFC2350;N;Y;N;;;FX;;FPO, NO;16.18;0.00;Wood;;1989-10-03;MFL;1930-01-01;;2004-03-09
SWE000005987;;SWE;;;3.83;0.00;0.00;;8.20;0.00;ISA;SFC2351;VY258;Visby;;Y;SFC2351;N;Y;N;;;FX;;GNS;46.00;0.00;Fiber/Plastic;;1989-10-03;4M1;1976-01-01;;1997-08-22
SWE000005990;;SWE;;;1.80;0.00;0.00;;6.20;0.00;EKNÖ;SFC2359;VK110;Västra Eknö;;Y;SFC2359;N;Y;N;;;FX;;FPO;7.35;0.00;Fiber/Plastic;;1989-10-04;MFL;1980-01-01;;2018-05-30
SWE000005992;265660180;SWE;;;14.49;0.00;0.00;;11.90;0.00;MIA;SFC2361;GG451;Hönö-Röd;;Y;SFC2361;N;Y;Y;;;FX;;OTB, GND;139.71;0.00;Fiber/Plastic;;1989-10-09;MFL;1989-01-01;;2017-02-16
SWE000005993;;SWE;;;0.75;0.00;0.00;;6.05;0.00;INGEGÄRD;SFC2362;GE104;Gudinge;;Y;SFC2362;N;Y;N;;;FX;;GNS;36.00;0.00;Fiber/Plastic;;1989-10-09;MFL;1985-01-01;;
SWE000005995;;SWE;;;0.63;0.00;0.00;;6.00;0.00;No name;SFC2368;GE100;Norrsundet;;Y;SFC2368;N;Y;N;;;FX;;GNS;9.00;0.00;Fiber/Plastic;;1989-10-17;MFL;1978-01-01;;2008-03-05
SWE000005996;265504320;SWE;;;12.35;0.00;0.00;;10.99;0.00;ZEFYR;SFC2371;LL528;Fisketången;;Y;SFC2371;N;Y;Y;;;FX;;TBN, OTB;175.00;0.00;Fiber/Plastic;;1989-10-23;MFL;1989-01-01;;
SWE000005997;;SWE;;;0.28;0.00;0.00;;5.00;0.00;No name;SFC2373;HA134;Pålänge;;Y;SFC2373;N;Y;N;;;FX;;GNS, SB;14.71;0.00;Fiber/Plastic;;1989-10-24;MFL;1976-01-01;;2004-03-04
SWE000005998;;SWE;;;0.75;0.00;0.00;;5.85;0.00;No name;SFC2377;VK116;Händelöp;;Y;SFC2377;N;Y;N;;;FX;;GNS;9.56;0.00;Fiber/Plastic;;1989-10-25;MFL;1979-01-01;;2010-07-03
SWE000006000;;SWE;;;1.03;0.00;0.00;;5.70;0.00;No name;SFC2380;VK141;Händelöp;;Y;SFC2380;N;Y;N;;;FX;;FPO, GNS;12.50;0.00;Fiber/Plastic;;1989-10-27;MFL;1965-01-01;;2007-07-02
SWE000006001;265032510;SWE;;;11.69;0.00;0.00;;11.95;0.00;SANN;SFC2381;LÅ8;Brändön;;Y;SFC2381;N;Y;Y;;;FX;;PTB, FPO;279.49;0.00;Fiber/Plastic;;1989-11-08;MFL;1989-01-01;;
SWE000006002;;SWE;;;0.84;0.00;0.00;;6.10;0.00;No name;SFC2382;ON57;Greece;;Y;SFC2382;N;N;N;;;FX;;GNS;7.35;0.00;Fiber/Plastic;;1989-11-09;4M1;1977-01-01;;2001-05-04
SWE000006004;;SWE;;;0.66;0.00;0.00;;5.30;0.00;No name;SFC2386;VK118;Östra Eknö;;Y;SFC2386;N;Y;N;;;FX;;FPO;15.45;0.00;Fiber/Plastic;;1989-11-14;MFL;1975-01-01;;2023-03-24
SWE000006007;;SWE;;;5.63;0.00;0.00;;8.60;0.00;SVALAN;SFC2390;HL106;Sörfjärden;;Y;SFC2390;N;Y;N;;;FX;;GNS, FPO;58.82;0.00;Fiber/Plastic;;1989-11-21;4M1;1981-01-01;;2001-10-12
SWE000006009;;SWE;;;0.96;0.00;0.00;;5.36;0.00;No name;SFC2393;KR182;Vållö;;Y;SFC2393;N;Y;N;;;FX;;FPO;29.42;0.00;Fiber/Plastic;;1989-11-21;MFL;1982-01-01;;2021-07-06
SWE000006010;;SWE;;;0.36;0.00;0.00;;5.40;0.00;No name;SFC2394;GG949;Fotö;;Y;SFC2394;N;Y;N;;;FX;;FPO, NO;22.06;0.00;Fiber/Plastic;;1989-11-21;F32;1981-01-01;;1996-07-12
SWE000006012;;SWE;;;3.56;0.00;0.00;;8.90;0.00;MÅSEN;SFC2396;HA51;Pålänge;;Y;SFC2396;N;Y;N;;;FX;;GNS, PTB;94.12;0.00;Fiber/Plastic;;1989-11-21;4M1;1975-01-01;;2002-03-04
SWE000006013;;SWE;;;0.51;0.00;0.00;;5.60;0.00;ÅSA;SFC2397;GG1338;Öckerö;;Y;SFC2397;N;Y;N;;;FX;;FPO, GNS;26.47;4.41;Fiber/Plastic;;1989-11-23;MFL;1989-01-01;;2003-11-28
SWE000006014;;SWE;;;7.35;0.00;0.00;;9.00;0.00;LIZ;SFC2398;SIN70;Skillinge;;Y;SFC2398;N;Y;N;;;FX;;GNS, NO;88.24;0.00;Fiber/Plastic;;1989-12-01;4M1;1983-01-01;;2002-08-21
SWE000006015;;SWE;;;7.26;0.00;0.00;;10.00;0.00;MÅSEN;SFC2399;SD93;"Styrsö"", Strömstad";;Y;SFC2399;N;Y;N;;;FX;;FPO, LTL;165.44;0.00;Fiber/Plastic;;1989-11-30;MFL;1989-01-01;;
SWE000006016;;SWE;;;0.75;0.00;0.00;;6.10;0.00;No name;SFC2400;SIN1;Vitemölla;;Y;SFC2400;N;Y;N;;;FX;;FPO, NO;13.24;0.00;Fiber/Plastic;;1989-11-30;MFL;1981-01-01;;
SWE000006018;;SWE;;;11.64;0.00;0.00;;11.10;0.00;FALKEN;SFC2402;HG600;Arild;;Y;SFC2402;N;Y;N;;;FX;;GNS;214.71;0.00;Fiber/Plastic;;1989-12-19;4M1;1989-01-01;;2002-04-08
SWE000006019;;SWE;;;4.80;0.00;0.00;;9.00;0.00;MALÖ;SFC2403;SD89;Syd-Koster;;Y;SFC2403;N;Y;N;;;FX;;OTB, FPO;51.47;0.00;Fiber/Plastic;;1989-12-12;F28;1973-01-01;;1995-04-19
SWE000006020;266424000;SWE;;;7.01;0.00;0.00;;9.99;0.00;CLIPPFJORD;SFC2404;GG1226;Donsö;;Y;SFC2404;Y;Y;Y;;;FX;;OTB, OTM;138.00;0.00;Fiber/Plastic;;1989-12-11;MFL;1989-01-01;;
SWE000006021;;SWE;;;0.82;0.00;0.00;;6.60;0.00;ANKAN;SFC2405;YD33;Ystad;;Y;SFC2405;N;Y;N;;;FX;;GNS, LHP;22.06;0.00;Fiber/Plastic;;1989-12-12;4M1;1978-01-01;;2001-01-24
SWE000006022;;SWE;;;2.18;0.00;0.00;;6.10;0.00;CHIQUITA;SFC2406;SD188;Hamburgsund;;Y;SFC2406;N;Y;N;;;FX;;FPO, LTL;16.18;0.00;Fiber/Plastic;;1989-12-12;MFL;1982-01-01;;2013-03-01
SWE000006023;;SWE;;;0.39;0.00;0.00;;6.30;0.00;KRIVAREN;SFC2407;SIN130;Vik;;Y;SFC2407;N;Y;N;;;FX;;FPO, NO;11.76;0.00;Wood;;1989-12-12;MFL;1970-01-01;2009-01-27;
SWE000006024;;SWE;;;0.16;0.00;0.00;;5.10;0.00;CARIN;SFC2408;SIN131;Stenshuvud;;Y;SFC2408;N;Y;N;;;FX;;FPO, NO;5.15;0.00;Wood;;1989-12-11;MFL;1968-01-01;;
SWE000006025;;SWE;;;0.64;0.00;0.00;;6.50;0.00;CAROLINA;SFC2409;SIN132;Stenshuvud;;Y;SFC2409;N;Y;N;;;FX;;FPO, LHP;13.24;0.00;Wood;;1989-12-12;MFL;1963-01-01;;
SWE000006026;;SWE;;;1.08;0.00;0.00;;5.30;0.00;ERNA;SFC2410;HD70;Särdal;;Y;SFC2410;N;Y;N;;;FX;;FPO, GNS;14.71;0.00;Fiber/Plastic;;1989-12-12;MFL;1988-01-01;;2003-01-22
SWE000006028;;SWE;;;0.46;0.00;0.00;;6.10;0.00;No name;SFC2413;HA136;Storön;;Y;SFC2413;N;Y;N;;;FX;;GNS, NO;52.00;0.00;Fiber/Plastic;;1989-12-11;MFL;1974-01-01;;
SWE000006033;;SWE;;;1.06;0.00;0.00;;6.60;0.00;No name;SFC2422;HG2;Höganäs;;Y;SFC2422;N;Y;N;;;FX;;LHP, NO;7.35;0.00;Fiber/Plastic;;1990-01-12;4M1;1985-01-01;;1998-08-06
SWE000006034;;SWE;;;2.24;0.00;0.00;;5.45;0.00;No name;SFC2425;KA174;;;Y;SFC2425;N;N;N;;;FX;;GNS, FPO;14.71;0.00;Fiber/Plastic;;1990-01-23;4M1;1981-01-01;;2001-06-29
SWE000006035;;SWE;;;0.25;0.00;0.00;;5.10;0.00;FISHERMAN;SFC2426;SN31;Ljusne;;Y;SFC2426;N;Y;N;;;FX;;FPO, GNS;22.06;0.00;Fiber/Plastic;;1990-01-22;MFL;1989-01-01;;
SWE000006036;;SWE;;;2.43;0.00;0.00;;7.84;0.00;No name;SFC2430;SIN25;Baskemölla;;Y;SFC2430;N;Y;N;;;FX;;FPO, NO;18.39;0.00;Wood;;1990-01-23;MFL;1982-01-01;;2016-04-25
SWE000006041;;SWE;;;0.34;0.00;0.00;;5.36;0.00;No name;SFC2441;GE108;Gåsholma;;Y;SFC2441;N;Y;N;;;FX;;FPO, GNS;29.42;0.00;Fiber/Plastic;;1990-02-05;MFL;1977-01-01;;2022-06-29
SWE000006046;;SWE;;;1.87;0.00;0.00;;7.10;0.00;ROCKAN;SFC2447;SD1;Fjällbacka;;Y;SFC2447;N;Y;N;;;FX;;FPO;24.26;0.00;Fiber/Plastic;;1990-02-12;MFL;1989-01-01;;2007-05-16
SWE000006050;;SWE;;;8.07;0.00;0.00;;8.81;0.00;TINA;SFC2454;GG219;Donsö;;Y;SFC2454;N;Y;N;;;FX;;FPO, GNS;73.53;0.00;Fiber/Plastic;;1990-02-12;4M1;1985-01-01;;1998-06-27
SWE000006051;;SWE;;;6.39;0.00;0.00;;10.37;0.00;SOFIA;SFC2455;GE5;Bönan;;Y;SFC2455;N;Y;N;;;FX;;GNS;183.82;0.00;Fiber/Plastic;;1990-02-13;MFL;1988-01-01;;2022-10-03
SWE000006053;;SWE;;;2.97;0.00;0.00;;9.00;0.00;No name;SFC2457;HD9;Halmstad;;Y;SFC2457;N;Y;N;;;FX;;GNS, GND;51.47;0.00;Fiber/Plastic;;1990-02-13;MFL;1990-01-01;;2019-03-19
SWE000006054;;SWE;;;1.75;0.00;0.00;;6.80;0.00;MARINA;SFC2461;SD487;Resö;;Y;SFC2461;N;Y;N;;;FX;;FPO, LTL;33.09;0.00;Fiber/Plastic;;1990-02-15;4M1;1978-01-01;;2000-02-02
SWE000006055;;SWE;;;4.30;0.00;0.00;;8.10;0.00;NENNA;SFC2462;SD8;Strömstad;;Y;SFC2462;N;Y;N;;;FX;;FPO;43.00;0.00;Fiber/Plastic;;1990-02-28;MFL;1978-01-01;;2011-06-17
SWE000006061;;SWE;;;0.92;0.00;0.00;;6.30;0.00;EMIL;SFC2472;GG879;Skärhamn;;Y;SFC2472;N;Y;N;;;FX;;GNS;43.38;0.00;Fiber/Plastic;;1990-02-28;4M1;1990-01-01;;1999-05-28
SWE000006062;;SWE;;;0.32;0.00;0.00;;5.50;0.00;No name;SFC2473;NRG161;Björkskär;;Y;SFC2473;N;Y;N;;;FX;;FPO;11.03;0.00;Wood;;1990-02-28;MFL;1970-01-01;;2019-04-27
SWE000006065;;SWE;;;22.00;0.00;0.00;;11.99;0.00;MARIANA;SFC2479;MÖ805;Limhamn;;Y;SFC2479;N;Y;N;;;FX;;GNS;175.00;0.00;Fiber/Plastic;;1990-04-24;MFL;1990-01-01;;2012-07-09
SWE000006068;;SWE;;;0.75;0.00;0.00;;6.40;0.00;PILLAN;SFC2484;LL2;Lysekil;;Y;SFC2484;N;Y;N;;;FX;;FPO;8.82;0.00;Fiber/Plastic;;1990-03-14;F32;1988-01-01;;1996-08-27
SWE000006071;;SWE;;;2.04;0.00;0.00;;6.05;0.00;No name;SFC2490;LÅ46;Storbrändön;;Y;SFC2490;N;Y;N;;;FX;;FPO, GNS;50.00;0.00;Fiber/Plastic;;1990-03-21;MFL;1974-01-01;;2006-11-02
SWE000006073;;SWE;;;1.36;0.00;0.00;;6.05;0.00;No name;SFC2492;HA137;Torne-Furö;;Y;SFC2492;N;Y;N;;;FX;;FPO, GNS;45.00;0.00;Fiber/Plastic;;1990-03-20;MFL;1975-01-01;;
SWE000006074;;SWE;;;2.20;0.00;0.00;;6.71;0.00;No name;SFC2493;GE93;Eskön;;Y;SFC2493;N;Y;N;;;FX;;FPO, GNS;44.13;0.00;Fiber/Plastic;;1990-04-24;MFL;1990-01-01;;2009-02-17
SWE000006075;;SWE;;;13.09;0.00;0.00;;11.99;0.00;BRIS AV HOVENÄSET;SFC2494;LL962;Hovenäset;;Y;SFC2494;N;Y;N;;;FX;;OTB;155.88;0.00;Fiber/Plastic;;1990-04-03;MFL;1988-01-01;;
SWE000006076;;SWE;;;0.24;0.00;0.00;;5.03;0.00;No name;SFC2499;GG679;Rönnäng;;Y;SFC2499;N;Y;N;;;FX;;FPO, NO;22.06;0.00;Fiber/Plastic;;1990-04-04;MFL;1990-01-01;;2013-12-06
SWE000006077;;SWE;;;2.32;0.00;0.00;;8.40;0.00;EMELIE;SFC2504;SD418;Heestrand;;Y;SFC2504;N;Y;N;;;FX;;FPO, GND;91.00;0.00;Fiber/Plastic;;1990-04-04;MFL;1989-01-01;;
SWE000006081;;SWE;;;3.80;0.00;0.00;;8.45;0.00;ROTSÖ;SFC2516;VK10;Hasselö;;Y;SFC2516;N;Y;N;;;FX;;GNS, NO;95.59;0.00;Fiber/Plastic;;1990-04-20;MFL;1989-01-01;;2019-01-24
SWE000006082;;SWE;;;0.44;0.00;0.00;;5.60;0.00;No name;SFC2520;GG876;Dyrön;;Y;SFC2520;N;Y;N;;;FX;;SB, FPO;29.41;0.00;Fiber/Plastic;;1990-04-23;MFL;1980-01-01;;
SWE000006083;;SWE;;;1.07;0.00;0.00;;6.30;0.00;LUNÖ;SFC2521;GG863;Skärhamn;;Y;SFC2521;N;Y;N;;;FX;;GNS;43.38;0.00;Fiber/Plastic;;1990-04-24;4M1;1990-01-01;;2000-01-14
SWE000006084;;SWE;;;6.27;0.00;0.00;;10.50;0.00;CALYPSO;SFC2522;NG96;Hartsö;;Y;SFC2522;N;Y;N;;;FX;;FPO, GNS;161.76;0.00;Fiber/Plastic;;1990-04-24;MFL;1986-01-01;;2005-02-18
SWE000006086;;SWE;;;0.34;0.00;0.00;;5.46;0.00;ROSA;SFC2524;VY271;Gnisvärd;;Y;SFC2524;N;Y;N;;;FX;;GNS, NO;5.88;0.00;Wood;;1990-04-26;MFL;1972-01-01;;2004-01-02
SWE000006087;;SWE;;;0.71;0.00;0.00;;5.75;0.00;HOA;SFC2525;KA18;Ungskär;;Y;SFC2525;N;Y;N;;;FX;;GNS;11.03;0.00;Fiber/Plastic;;1990-04-23;MFL;1979-01-01;;
SWE000006089;;SWE;;;4.82;0.00;0.00;;9.15;0.00;MARIA;SFC2535;MÖ28;Lomma;;Y;SFC2535;N;Y;N;;;FX;;GNS, NO;54.41;0.00;Fiber/Plastic;;1990-05-15;F31;1986-01-01;;
SWE000006093;;SWE;;;3.15;0.00;0.00;;8.45;0.00;VINNIE;SFC2542;GE64;Fågelsundet;;Y;SFC2542;N;Y;N;;;FX;;GNS;72.06;0.00;Fiber/Plastic;;1990-06-07;4M1;1988-01-01;;2000-08-15
SWE000006096;;SWE;;;1.83;0.00;0.00;;6.20;0.00;No name;SFC2545;HG152;Vegeholm;;Y;SFC2545;N;Y;N;;;FX;;FPO;51.47;0.00;Fiber/Plastic;;1990-05-29;MFL;1990-01-01;;
SWE000006100;;SWE;;;5.23;0.00;0.00;;8.70;0.00;No name;SFC2549;HA138;Säivisnäs;;Y;SFC2549;N;Y;N;;;FX;;FPO, GNS;51.47;0.00;Fiber/Plastic;;1990-05-30;MFL;1980-01-01;;2006-04-08
SWE000006101;;SWE;;;0.51;0.00;0.00;;6.00;0.00;No name;SFC2552;HA11;Storön;;Y;SFC2552;N;Y;N;;;FX;;FPO, GNS;44.12;0.00;Fiber/Plastic;;1990-05-29;MFL;1978-01-01;;2018-11-14
SWE000006102;;SWE;;;1.43;0.00;0.00;;6.30;0.00;ALMA II;SFC2555;SD13;Hamburgsund;;Y;SFC2555;N;Y;N;;;FX;;DRH, NO;147.06;0.00;Metal;;1990-05-29;MFL;1990-01-01;;
SWE000006103;;SWE;;;2.46;0.00;0.00;;6.90;0.00;ANITA;SFC2556;VY278;Herrvik;;Y;SFC2556;N;Y;N;;;FX;;GNS;16.18;0.00;Wood;;1995-01-31;MFL;1976-01-01;;2010-05-08
SWE000006104;;SWE;;;1.16;0.00;0.00;;6.60;0.00;VÅGEN;SFC2557;LA2;Ålabodarna;;Y;SFC2557;N;Y;N;;;FX;;GNS;19.85;0.00;Fiber/Plastic;;1990-05-30;4M1;1989-01-01;;2000-10-09
SWE000006107;;SWE;;;1.71;0.00;0.00;;8.00;0.00;MARIELL;SFC2560;LL44;;;Y;SFC2560;N;N;N;;;FX;;FPO;20.59;0.00;Fiber/Plastic;;1990-06-07;4M1;1985-01-01;;2018-11-01
SWE000006109;;SWE;;;14.12;0.00;0.00;;11.93;0.00;ZANDRA;SFC2565;KA117;"Ekenabben"", Sturkö";;Y;SFC2565;N;Y;N;;;FX;;GNS, NO;132.35;0.00;Fiber/Plastic;;1990-06-25;MFL;1990-01-01;;
SWE000006111;;SWE;;;0.40;0.00;0.00;;6.00;0.00;No name;SFC2567;HL6;Sågtäkten;;Y;SFC2567;N;Y;N;;;FX;;FPO, GNS;18.38;0.00;Fiber/Plastic;;1990-06-25;MFL;1960-01-01;;2004-09-05
SWE000006112;;SWE;;;15.70;0.00;0.00;;11.93;0.00;MARIANA;SFC2582;SG124;Hörvik;;Y;SFC2582;N;Y;N;;;FX;;GNS, NO;132.35;0.00;Fiber/Plastic;;1990-08-07;MFL;1990-01-01;;
SWE000006115;;SWE;;;0.76;0.00;0.00;;6.00;0.00;No name;SFC2601;HA22;Storön;;Y;SFC2601;N;Y;N;;;FX;;GNS, NO;51.47;0.00;Fiber/Plastic;;1990-07-31;MFL;1989-01-01;;2004-07-01
SWE000006116;;SWE;;;2.77;0.00;0.00;;8.08;0.00;ROXY;SFC2603;GG461;Fotö;;Y;SFC2603;N;Y;N;;;FX;;GND, FPO;125.00;0.00;Fiber/Plastic;;1995-10-02;MFL;1990-01-01;;2014-07-01
SWE000006118;265830870;SWE;;;7.16;0.00;0.00;;9.80;0.00;KALFEN;SFC2607;GG386;Kalvsund;;Y;SFC2607;N;Y;Y;;;FX;;FPO, LHP;86.03;0.00;Fiber/Plastic;;1990-08-06;MFL;1990-01-01;;
SWE000006119;;SWE;;;1.15;0.00;0.00;;5.80;0.00;TINA;SFC2609;VG199;Norra Näs;;Y;SFC2609;N;Y;N;;;FX;;FPO, NO;74.00;0.00;Fiber/Plastic;;1990-08-06;MFL;1990-01-01;;
SWE000006122;;SWE;;;0.67;0.00;0.00;;6.05;0.00;No name;SFC2612;GE85;Utvalnäs;;Y;SFC2612;N;Y;N;;;FX;;FPO, GNS;27.00;0.00;Fiber/Plastic;;1990-08-07;4M1;1972-01-01;;1997-09-11
SWE000006124;;SWE;;;0.15;0.00;0.00;;5.05;0.00;No name;SFC2616;SD134;Edsvik;;Y;SFC2616;N;Y;N;;;FX;;FPO;22.06;0.00;Fiber/Plastic;;1990-08-08;4M1;1989-01-01;;1998-11-04
SWE000006125;;SWE;;;0.56;0.00;0.00;;6.20;0.00;No name;SFC2618;GE86;Utvalnäs;;Y;SFC2618;N;Y;N;;;FX;;FPO, GNS;55.15;0.00;Fiber/Plastic;;1990-08-08;4M1;1988-01-01;;1999-02-15
SWE000006127;;SWE;;;0.51;0.00;0.00;;6.00;0.00;No name;SFC2620;HA37;Storön;;Y;SFC2620;N;Y;N;;;FX;;GNS, FPO;44.12;0.00;Fiber/Plastic;;1990-08-10;MFL;1984-01-01;;2019-01-06
SWE000006128;;SWE;;;0.35;0.00;0.00;;5.50;0.00;TRYGGÖ;SFC2627;SG153;Nogersund;;Y;SFC2627;N;Y;N;;;FX;;GNS, LHP;44.12;0.00;Fiber/Plastic;;1990-08-15;4M1;1990-01-01;;2001-09-20
SWE000006130;;SWE;;;10.59;0.00;0.00;;10.71;0.00;SARA;SFC2629;LÅ48;Lövgrundet;;Y;SFC2629;N;Y;N;;;FX;;PTB, GNS;275.74;0.00;Fiber/Plastic;;1990-08-16;MFL;1990-01-01;;
SWE000006132;;SWE;;;2.16;0.00;0.00;;6.80;0.00;No name;SFC2631;SG14;Hörvik;;Y;SFC2631;N;Y;N;;;FX;;FPO;43.38;0.00;Fiber/Plastic;;1990-08-19;MFL;1979-01-01;;
SWE000006133;265719490;SWE;;;3.46;0.00;0.00;;7.95;0.00;CORNELIA;SFC2632;SD26;Saltö;;Y;SFC2632;N;Y;Y;;;FX;;FPO;62.50;0.00;Fiber/Plastic;;1990-08-20;MFL;1990-01-01;;
SWE000006135;;SWE;;;7.03;0.00;0.00;;9.98;0.00;AMNESKÄR;SFC2635;GG1270;Fotö;;Y;SFC2635;N;Y;N;;;FX;;GND, GNS;169.12;0.00;Fiber/Plastic;;1990-08-21;MFL;1990-01-01;;2018-09-07
SWE000006136;;SWE;;;0.21;0.00;0.00;;5.00;0.00;No name;SFC2638;HND1;Solumshamn;;Y;SFC2638;N;Y;N;;;FX;;GNS, FPO;18.38;0.00;Fiber/Plastic;;1990-08-29;MFL;1975-01-01;;2011-08-28
SWE000006137;;SWE;;;0.88;0.00;0.00;;5.72;0.00;No name;SFC2641;ON63;Vinö;;Y;SFC2641;N;Y;N;;;FX;;FPO;5.88;0.00;Fiber/Plastic;;1990-08-28;MFL;1980-01-01;;2021-04-06
SWE000006138;;SWE;;;1.18;0.00;0.00;;6.00;0.00;ISOBEL;SFC2642;LL143;Stocken;;Y;SFC2642;N;Y;N;;;FX;;FPO, LHP;16.18;0.00;Fiber/Plastic;;1990-08-28;4M1;1990-01-01;;1998-10-02
SWE000006140;;SWE;;;10.75;0.00;0.00;;10.70;0.00;MARIE;SFC2648;LL44;Smögen;;Y;SFC2648;N;Y;N;;;FX;;FPO, GNS;331.00;0.00;Fiber/Plastic;;1990-09-03;MFL;1990-01-01;;2006-08-26
SWE000006144;;SWE;;;2.69;0.00;0.00;;6.40;0.00;TÄRNAN;SFC2652;GG320;Öckerö;;Y;SFC2652;N;Y;N;;;FX;;FPO, GNS;22.06;0.00;Fiber/Plastic;;1990-09-03;4M1;1985-01-01;;1998-10-01
SWE000006148;;SWE;;;2.71;0.00;0.00;;8.00;0.00;No name;SFC2665;ÖK26;Ultrå;;Y;SFC2665;N;Y;N;;;FX;;FPO, GNS;55.15;0.00;Fiber/Plastic;;1990-09-11;MFL;1989-01-01;;2019-02-23
SWE000006149;;SWE;;;3.30;0.00;0.00;;8.85;0.00;CARINA;SFC2667;SM289;Gräsö;;Y;SFC2667;N;Y;N;;;FX;;GNS;84.56;0.00;Fiber/Plastic;;1990-09-12;MFL;1976-01-01;;
SWE000006150;;SWE;;;0.38;0.00;0.00;;5.60;0.00;VEDDÖ;SFC2668;SD483;Hamburgsund;;Y;SFC2668;N;Y;N;;;FX;;FPO, NO;18.38;0.00;Fiber/Plastic;;1990-09-13;MFL;1989-01-01;;2007-01-24
SWE000006152;;SWE;;;2.13;0.00;0.00;;5.80;0.00;JENDA;SFC2673;GG396;Klädesholmen;;Y;SFC2673;N;Y;N;;;FX;;FPO, NO;13.24;0.00;Fiber/Plastic;;1990-09-19;MFL;1976-01-01;;2005-01-01
SWE000006156;;SWE;;;2.61;0.00;0.00;;5.85;0.00;DOLLY;SFC2680;SG328;Hällevik;;Y;SFC2680;N;Y;N;;;FX;;GNS, GND;11.03;0.00;Fiber/Plastic;;1990-09-28;4M1;1989-01-01;;1998-06-28
SWE000006161;;SWE;;;0.81;0.00;0.00;;5.57;0.00;NORDAN;SFC2694;HND24;Härnösand;;Y;SFC2694;N;Y;N;;;FX;;GNS;29.41;0.00;Fiber/Plastic;;1990-10-12;F31;1984-01-01;;1996-10-01
SWE000006163;;SWE;;;2.93;0.00;0.00;;8.00;0.00;MARIA;SFC2699;ÖK27;Trysunda;;Y;SFC2699;N;Y;N;;;FX;;GNS;132.35;0.00;Fiber/Plastic;;1990-10-22;4M1;1979-01-01;;1997-09-01
SWE000006165;;SWE;;;1.08;0.00;0.00;;6.60;0.00;No name;SFC2701;LÅ49;Storbrändön;;Y;SFC2701;N;Y;N;;;FX;;FPO, GNS;33.09;0.00;Fiber/Plastic;;1990-10-26;MFL;1988-01-01;;2003-11-29
SWE000006166;;SWE;;;1.37;0.00;0.00;;6.65;0.00;MARINA;SFC2702;KR15;"Sandvik"", Öland";;Y;SFC2702;N;Y;N;;;FX;;GNS, NO;18.38;0.00;Wood;;1993-08-31;MFL;1976-01-01;;2006-01-05
SWE000006168;;SWE;;;2.93;0.00;0.00;;7.06;0.00;SAVONA;SFC2707;SG267;Krokås;;Y;SFC2707;N;Y;N;;;FX;;GNS;14.71;0.00;Wood;;1990-11-23;MFL;1979-01-01;;2019-08-23
SWE000006169;;SWE;;;4.90;0.00;0.00;;8.60;0.00;EMELIE;SFC2709;SD141;Fjällbacka;;Y;SFC2709;N;Y;N;;;FX;;FPO;62.50;0.00;Fiber/Plastic;;1990-12-10;MFL;1990-01-01;;
SWE000006170;;SWE;;;1.63;0.00;0.00;;6.60;0.00;SVALLGRUND;SFC2710;HA52;Kalix-Nyborg;;Y;SFC2710;N;Y;N;;;FX;;FPO, GNS;58.82;0.00;Fiber/Plastic;;1990-12-11;MFL;1987-01-01;;
SWE000006173;;SWE;;;0.72;0.00;0.00;;6.60;0.00;No name;SFC2721;LÅ51;Storbrändön;;Y;SFC2721;N;Y;N;;;FX;;FPO, GNS;33.09;0.00;Fiber/Plastic;;1990-12-20;MFL;1987-01-01;;
SWE000006176;;SWE;;;7.01;0.00;0.00;;9.50;0.00;ELIN;SFC2725;GG356;Donsö;;Y;SFC2725;N;Y;N;;;FX;;GND, GNS;22.06;0.00;Wood;;1991-01-22;4M1;1961-01-01;;2000-06-10
SWE000006177;;SWE;;;0.55;0.00;0.00;;5.05;0.00;No name;SFC2727;GG132;Almösund;;Y;SFC2727;N;Y;N;;;FX;;FPO, GNS;10.00;0.00;Fiber/Plastic;;1991-01-22;F32;1987-01-01;;1996-06-29
SWE000006178;;SWE;;;0.60;0.00;0.00;;6.20;0.00;STINA;SFC2731;KR103;Kalmar;;Y;SFC2731;N;Y;N;;;FX;;GNS;7.35;0.00;Fiber/Plastic;;1991-01-24;MFL;1968-01-01;;2004-02-04
SWE000006179;;SWE;;;4.84;0.00;0.00;;9.00;0.00;MARIA;SFC2732;VY71;;;Y;SFC2732;N;;;;;FX;;GNS, LHP;16.00;0.00;;;1991-01-25;4M1;;;1997-01-22
SWE000006180;;SWE;;;5.18;0.00;0.00;;8.90;0.00;SOJA;SFC2733;SG3;Hörvik;;Y;SFC2733;N;Y;N;;;FX;;GNS;44.85;0.00;Wood;;1991-01-25;MFL;1950-01-01;;
SWE000006181;;SWE;;;1.78;0.00;0.00;;7.50;0.00;MIKA;SFC2737;SD166;Långesjö;;Y;SFC2737;N;Y;N;;;FX;;FPO, NO;58.82;0.00;Fiber/Plastic;;1991-02-08;MFL;1978-01-01;;2013-02-25
SWE000006182;;SWE;;;0.45;0.00;0.00;;5.50;0.00;RANE;SFC2738;LL51;Slussen;;Y;SFC2738;N;Y;N;;;FX;;FPO, GNS;22.06;0.00;Fiber/Plastic;;1991-02-08;MFL;1990-01-01;;2004-12-28
SWE000006183;;SWE;;;3.57;0.00;0.00;;7.55;0.00;No name;SFC2741;SIN10;Baskemölla;;Y;SFC2741;N;Y;N;;;FX;;FPO, GNS;16.18;14.71;Wood;;1991-02-08;4M1;1960-01-01;2001-04-03;
SWE000006185;;SWE;;;1.26;0.00;0.00;;6.04;0.00;FAGER;SFC2745;KR34;Böda;;Y;SFC2745;N;Y;N;;;FX;;FPO, GNS;3.68;0.00;Wood;;1991-02-20;MFL;1965-01-01;;2019-07-05
SWE000006187;265760710;SWE;;;4.47;0.00;0.00;;8.25;0.00;ASPÖ;SFC2747;SD777;Havstenssund;;Y;SFC2747;N;Y;Y;;;FX;;FPO;118.00;0.00;Fiber/Plastic;;1991-02-20;MFL;1984-01-01;;
SWE000006188;;SWE;;;5.15;0.00;0.00;;8.02;0.00;BURÖ;SFC2750;LL550;Lysekil;;Y;SFC2750;N;Y;N;;;FX;;FPO, LLS;45.00;0.00;Fiber/Plastic;;1991-03-05;F32;1972-01-01;1996-07-31;
SWE000006192;;SWE;;;8.01;0.00;0.00;;10.37;0.00;No name;SFC2755;SN8;Skärså;;Y;SFC2755;N;Y;N;;;FX;;GNS, OTB;161.76;0.00;Fiber/Plastic;;1991-03-12;MFL;1991-01-01;;
SWE000006193;;SWE;;;1.68;0.00;0.00;;5.85;0.00;No name;SFC2756;KR115;Bergkvara;;Y;SFC2756;N;Y;N;;;FX;;FPO, NO;19.85;0.00;Wood;;1991-03-04;MFL;1980-01-01;;
SWE000006195;;SWE;;;3.07;0.00;0.00;;8.00;0.00;No name;SFC2758;VG15;Bua;;Y;SFC2758;N;Y;N;;;FX;;FPO, NO;105.00;0.00;Fiber/Plastic;;1991-03-06;4M1;1987-01-01;;1998-07-27
SWE000006196;;SWE;;;9.93;0.00;0.00;;9.85;0.00;ZARITZA;SFC2759;VK108;Västervik;;Y;SFC2759;N;Y;N;;;FX;;FPO, GNS;66.18;0.00;Wood;;1991-03-05;MFL;1944-01-01;;2025-05-21
SWE000006197;;SWE;;;3.14;0.00;0.00;;6.30;0.00;DELFIN;SFC2760;YD24;Abbekås;;Y;SFC2760;N;N;N;;;FX;;FPO, GNS;14.71;0.00;Fiber/Plastic;;1991-03-07;MFL;1986-01-01;;2024-10-29
SWE000006198;;SWE;;;2.49;0.00;0.00;;7.00;0.00;SIKEN STURKÖ;SFC2763;KA122;Sturkö;;Y;SFC2763;N;Y;N;;;FX;;GNS, LLS;16.91;0.00;Wood;;1991-03-15;MFL;1985-01-01;;2003-04-01
SWE000006199;;SWE;;;0.33;0.00;0.00;;6.00;0.00;DELFIN;SFC2766;SD164;Resö;;Y;SFC2766;N;Y;N;;;FX;;FPO, LTL;13.24;0.00;Wood;;1991-03-20;4M1;1977-01-01;;2000-03-02
SWE000006201;;SWE;;;0.71;0.00;0.00;;6.00;0.00;SILVERÖ;SFC2769;LL145;Kungshamn;;Y;SFC2769;N;Y;N;;;FX;;FPO, NO;8.82;0.00;Wood;;1991-03-22;4M1;1961-01-01;;1999-10-12
SWE000006203;;SWE;;;3.53;0.00;0.00;;8.80;0.00;NADJA;SFC2772;ON61;Figeholm;;Y;SFC2772;N;Y;N;;;FX;;GNS, NO;80.00;0.00;Fiber/Plastic;;1991-03-26;MFL;1981-01-01;;2005-05-08
SWE000006209;;SWE;;;2.34;0.00;0.00;;7.80;0.00;LA-PALOMA;SFC2788;GG1005;Skärhamn;;Y;SFC2788;N;Y;N;;;FX;;GNS, LHP;55.15;0.00;Fiber/Plastic;;1991-04-10;4M1;1976-01-01;;1997-11-13
SWE000006211;;SWE;;;0.32;0.00;0.00;;5.10;0.00;No name;SFC2795;VK97;Västervik;;Y;SFC2795;N;Y;N;;;FX;;FPO, GNS;18.38;0.00;Fiber/Plastic;;1991-04-16;MFL;1989-01-01;;2014-08-31
SWE000006212;;SWE;;;7.00;0.00;0.00;;8.63;0.00;TANYA;SFC2797;YD37;Abbekås;;Y;SFC2797;N;Y;N;;;FX;;GNS, LHP;132.35;0.00;Fiber/Plastic;;1991-04-18;MFL;1991-01-01;;2005-10-09
SWE000006216;;SWE;;;2.24;0.00;0.00;;8.25;0.00;MARIA;SFC2802;MÖ28;Lomma;;Y;SFC2802;N;Y;N;;;FX;;GNS;52.94;0.00;Fiber/Plastic;;1996-05-14;4M1;1985-01-01;;
SWE000006217;;SWE;;;0.47;0.00;0.00;;6.00;0.00;KARIN;SFC2804;UÅ10;;;Y;SFC2804;N;;;;;FX;;FPO;25.74;0.00;Fiber/Plastic;;1991-05-17;MFL;1975-01-01;;
SWE000006218;;SWE;;;6.13;0.00;0.00;;8.60;0.00;HAVSVIK;SFC2806;VG11;Videbergshamn;;Y;SFC2806;N;Y;N;;;FX;;FPO;58.84;0.00;Fiber/Plastic;;1991-05-22;MFL;1987-01-01;;2011-03-30
SWE000006219;;SWE;;;0.20;0.00;0.00;;5.10;0.00;No name;SFC2811;ÖK29;Husum;;Y;SFC2811;N;Y;N;;;FX;;FPO, GNS;29.41;0.00;Fiber/Plastic;;1991-05-24;MFL;1970-01-01;;2018-11-15
SWE000006221;;SWE;;;1.29;0.00;0.00;;6.75;0.00;MARIANNE AF RÅÅ;SFC2819;HG9;Råå;;Y;SFC2819;N;Y;N;;;FX;;GNS;36.76;0.00;Fiber/Plastic;;1991-05-29;4M1;1991-01-01;;2000-07-11
SWE000006223;;SWE;;;0.43;0.00;0.00;;5.30;0.00;ALESAND;SFC2821;YD26;Kåseberga;;Y;SFC2821;N;Y;N;;;FX;;GNS, LHP;29.41;0.00;Fiber/Plastic;;1991-05-29;MFL;1988-01-01;;2004-12-10
SWE000006224;;SWE;;;2.52;0.00;0.00;;7.50;0.00;MALÖ;SFC2822;SD89;Strömstad;;Y;SFC2822;N;Y;N;;;FX;;LTL, FPO;55.15;0.00;Wood;;1991-05-29;MFL;1976-01-01;;2008-02-22
SWE000006225;;SWE;;;3.29;0.00;0.00;;8.40;0.00;No name;SFC2823;NRG164;Långasjö;;Y;SFC2823;N;Y;N;;;FX;;FPO, GNS;132.35;0.00;Fiber/Plastic;;1991-05-29;MFL;1990-01-01;;2007-12-04
SWE000006226;265328000;SWE;;;3.73;0.00;0.00;;8.40;0.00;RÖSKÄR;SFC2824;SD8;Strömstad;;Y;SFC2824;Y;Y;Y;;;FX;;FPO;47.00;0.00;Fiber/Plastic;;1991-05-29;MFL;1990-01-01;;
SWE000006228;;SWE;;;0.80;0.00;0.00;;6.25;0.00;BITTE;SFC2827;MÖ108;Lomma;;Y;SFC2827;N;Y;N;;;FX;;GNS, GND;11.00;0.00;Fiber/Plastic;;1991-05-29;F32;1979-01-01;;1995-12-30
SWE000006229;;SWE;;;3.81;0.00;0.00;;6.90;0.00;INGVOR;SFC2828;SD433;Krossekärr;;Y;SFC2828;N;Y;N;;;FX;;FPO, LTL;18.39;0.00;Fiber/Plastic;;1991-05-29;MFL;1990-01-01;;
SWE000006231;;SWE;;;0.94;0.00;0.00;;6.10;0.00;No name;SFC2832;KR184;Grankullavik;;Y;SFC2832;N;Y;N;;;FX;;GNS;36.76;0.00;Fiber/Plastic;;1991-05-31;MFL;1990-01-01;;2004-01-16
SWE000006234;;SWE;;;2.79;0.00;0.00;;6.60;0.00;ELIN;SFC2842;SIN99;Vitemölla;;Y;SFC2842;N;Y;N;;;FX;;GNS;11.00;0.00;Fiber/Plastic;;1991-06-17;MFL;1986-01-01;;2019-03-02
SWE000006235;;SWE;;;0.85;0.00;0.00;;6.05;0.00;No name;SFC2843;HG62;Arild;;Y;SFC2843;N;Y;N;;;FX;;GND, GNS;18.00;0.00;Fiber/Plastic;;1991-06-17;MFL;1978-01-01;;2023-09-09
SWE000006236;;SWE;;;0.63;0.00;0.00;;6.60;0.00;TUULIKKI;SFC2846;SM292;Yxlö;;Y;SFC2846;N;Y;N;;;FX;;GNS;18.39;0.00;Fiber/Plastic;;1991-06-19;MFL;1974-01-01;;2017-04-21
SWE000006237;;SWE;;;0.40;0.00;0.00;;5.70;0.00;BÖSEN;SFC2847;KA125;Senoren;;Y;SFC2847;N;Y;N;;;FX;;GNS;7.35;0.00;Wood;;1991-06-19;4M1;1978-01-01;;2001-02-07
SWE000006239;;SWE;;;0.34;0.00;0.00;;5.30;0.00;No name;SFC2853;GE77;Sikhjälma;;Y;SFC2853;N;Y;N;;;FX;;GNS, FPO;29.41;0.00;Fiber/Plastic;;1991-06-20;MFL;1990-01-01;;2009-11-03
SWE000006240;;SWE;;;0.42;0.00;0.00;;5.48;0.00;ANNIKA;SFC2855;GG3;Lerkil;;Y;SFC2855;N;Y;N;;;FX;;FPO;36.77;0.00;Fiber/Plastic;;1991-06-24;MFL;1991-01-01;;2025-04-11
SWE000006242;;SWE;;;0.16;0.00;0.00;;5.00;0.00;No name;SFC2858;SM147;Söderboda;;Y;SFC2858;N;Y;N;;;FX;;GNS;18.38;0.00;Wood;;1991-06-30;MFL;1969-01-01;;
SWE000006243;;SWE;;;5.69;0.00;0.00;;8.45;0.00;MARGIT;SFC2859;GG104;Donsö;;Y;SFC2859;N;Y;N;;;FX;;GND, LTL;36.03;0.00;Fiber/Plastic;;1991-07-03;4M1;1976-01-01;;1998-08-09
SWE000006247;;SWE;;;1.11;0.00;0.00;;6.50;0.00;RA;SFC2865;HG73;Råå;;Y;SFC2865;N;Y;N;;;FX;;GNS, GTR;14.71;0.00;Fiber/Plastic;;1991-07-08;MFL;1991-01-01;;2019-03-10
SWE000006249;;SWE;;;0.93;0.00;0.00;;6.20;0.00;JAPAN;SFC2867;KR90;Byxelkrok;;Y;SFC2867;N;Y;N;;;FX;;GNS, NO;14.71;0.00;Fiber/Plastic;;1991-07-09;4M1;1962-01-01;;1999-01-19
SWE000006253;;SWE;;;4.91;0.00;0.00;;8.95;0.00;No name;SFC2873;HA83;Storön;;Y;SFC2873;N;Y;N;;;FX;;PTB, GNS;95.59;0.00;Wood;;1991-07-12;4M1;1975-01-01;;2002-09-02
SWE000006260;;SWE;;;3.29;0.00;0.00;;8.00;0.00;MOBY DICK;SFC2881;LL553;Smögen;;Y;SFC2881;N;Y;N;;;FX;;FPO;86.00;0.00;Fiber/Plastic;;1991-07-17;4M1;1983-01-01;;1999-02-01
SWE000006265;;SWE;;;3.38;0.00;0.00;;8.40;0.00;SUNNANSKÄR;SFC2887;LL474;Fisketången;;Y;SFC2887;N;Y;N;;;FX;;FPO, GND;94.85;0.00;Fiber/Plastic;;1991-07-22;MFL;1989-01-01;;
SWE000006266;;SWE;;;2.05;0.00;0.00;;5.92;0.00;No name;SFC2890;KA179;Senoren;;Y;SFC2890;N;Y;N;;;FX;;LHP, GNS;22.06;0.00;Fiber/Plastic;;1991-07-29;MFL;1980-01-01;;
SWE000006269;;SWE;;;1.65;0.00;0.00;;6.40;0.00;SOFIA;SFC2895;GG711;Klädesholmen;;Y;SFC2895;N;Y;N;;;FX;;FPO, GNS;16.00;0.00;Fiber/Plastic;;1991-08-08;4M1;1977-01-01;;2000-11-13
SWE000006270;;SWE;;;6.10;0.00;0.00;;9.30;0.00;TARIFFA;SFC2897;VK52;Västervik;;Y;SFC2897;N;Y;N;;;FX;;GNS, NO;22.06;0.00;Wood;;1991-08-09;F31;1975-01-01;1995-07-07;
SWE000006271;;SWE;;;1.36;0.00;0.00;;6.00;0.00;No name;SFC2898;HA140;Storön;;Y;SFC2898;N;Y;N;;;FX;;GNS;47.79;0.00;Fiber/Plastic;;1991-08-08;MFL;1991-01-01;;
SWE000006273;;SWE;;;0.15;0.00;0.00;;5.20;0.00;STORFISKARN NO:1;SFC2902;UÅ16;Gumboda Hamn;;Y;SFC2902;N;Y;N;;;FX;;GNS, FPO;11.03;0.00;Fiber/Plastic;;1991-08-16;MFL;1986-01-01;;2011-04-15
SWE000006274;;SWE;;;0.69;0.00;0.00;;5.70;0.00;No name;SFC2903;SG183;Hanö;;Y;SFC2903;N;Y;N;;;FX;;GNS, LHP;7.35;0.00;Fiber/Plastic;;1991-08-19;MFL;1990-01-01;;2017-01-23
SWE000006275;;SWE;;;0.64;0.00;0.00;;6.05;0.00;No name;SFC2904;GE96;Karlholmsbruk;;Y;SFC2904;N;Y;N;;;FX;;GNS;62.50;0.00;Fiber/Plastic;;1991-08-18;MFL;1976-01-01;;
SWE000006276;;SWE;;;2.66;0.00;0.00;;7.40;0.00;TE QUIERO;SFC2907;HG140;Svanshall;;Y;SFC2907;N;Y;N;;;FX;;GNS;26.47;0.00;Fiber/Plastic;;1991-08-27;4M1;1991-01-01;;1999-11-10
SWE000006277;;SWE;;;0.63;0.00;0.00;;6.00;0.00;No name;SFC2908;LA102;Bäckviken;;Y;SFC2908;N;Y;N;;;FX;;GNS;7.35;0.00;Fiber/Plastic;;1991-08-30;MFL;1984-01-01;;2014-05-20
SWE000006278;;SWE;;;0.98;0.00;0.00;;6.20;0.00;GERT-OVE;SFC2909;KR189;Nabbelund;;Y;SFC2909;N;Y;N;;;FX;;GNS, NO;55.00;0.00;Fiber/Plastic;;1991-08-30;4M1;1990-01-01;;1999-01-25
SWE000006279;;SWE;;;0.92;0.00;0.00;;5.30;0.00;No name;SFC2911;GG166;Donsö;;Y;SFC2911;N;Y;N;;;FX;;FPO, NO;29.41;0.00;Metal;;1991-09-04;MFL;1991-01-01;;2011-01-20
SWE000006280;;SWE;;;11.89;0.00;0.00;;10.70;0.00;SJOLLEN;SFC2914;MÖ35;Lomma;;Y;SFC2914;N;Y;N;;;FX;;GNS;114.71;0.00;Fiber/Plastic;;1991-09-10;4M1;1989-01-01;;
SWE000006281;;SWE;;;0.29;0.00;0.00;;5.20;0.00;No name;SFC2915;NG98;Trosa;;Y;SFC2915;N;Y;N;;;FX;;FPO, GNS;73.53;0.00;Wood;;1991-09-10;4M1;1991-01-01;;2000-01-01
SWE000006283;;SWE;;;3.42;0.00;0.00;;8.40;0.00;MIA;SFC2918;ON29;Timmernabben;;Y;SFC2918;N;Y;N;;;FX;;GNS, LHP;22.00;0.00;Wood;;1991-09-12;MFL;1965-01-01;;2015-05-07
SWE000006284;;SWE;;;1.39;0.00;0.00;;6.80;0.00;LÖKESKÄR;SFC2919;SD593;Hamburgsund;;Y;SFC2919;N;Y;N;;;FX;;FPO;35.00;0.00;Fiber/Plastic;;1991-09-13;MFL;1983-01-01;;2018-03-05
SWE000006285;;SWE;;;2.90;0.00;0.00;;8.23;0.00;MITZI;SFC2921;KA185;Hasslö;;Y;SFC2921;N;Y;N;;;FX;;GNS, NO;37.50;0.00;Fiber/Plastic;;1991-09-18;F31;1978-01-01;;
SWE000006286;;SWE;;;5.05;0.00;0.00;;8.60;0.00;NORDVÅG;SFC2922;SD253;Nord-Koster;;Y;SFC2922;N;Y;N;;;FX;;FPO;92.65;0.00;Fiber/Plastic;;1991-09-19;MFL;1991-01-01;;
SWE000006290;;SWE;;;1.49;0.00;0.00;;7.00;0.00;No name;SFC2926;SD279;Strömstad;;Y;SFC2926;N;Y;N;;;FX;;FPO, NO;64.71;0.00;Fiber/Plastic;;1991-09-27;4M2;1991-01-01;;1998-08-06
SWE000006292;;SWE;;;2.05;0.00;0.00;;7.25;0.00;IDUN;SFC2933;;Brantevik;;Y;SFC2933;N;Y;N;;;FX;;GNS;36.00;0.00;Fiber/Plastic;;1991-10-08;MFL;1985-01-01;;2016-11-11
SWE000006294;265606310;SWE;;;9.64;0.00;0.00;;10.63;0.00;MARIKA;SFC2938;SD391;Edsvik;;Y;SFC2938;N;Y;Y;;;FX;;FPO, TBN;110.29;0.00;Fiber/Plastic;;1991-10-17;MFL;1987-01-01;;
SWE000006297;;SWE;;;2.33;0.00;0.00;;7.65;0.00;FJORDSKÄR;SFC2944;LL52;Bohus-Malmön;;Y;SFC2944;N;Y;N;;;FX;;GNS;58.82;0.00;Fiber/Plastic;;1991-10-31;4M1;1991-01-01;;1997-10-30
SWE000006298;;SWE;;;8.61;0.00;0.00;;9.00;0.00;ALEXANDRA;SFC2949;GG5;"Sandvik"", Styrsö";;Y;SFC2949;N;Y;N;;;FX;;FPO;225.00;0.00;Fiber/Plastic;;1991-11-13;4M1;1991-01-01;;1997-01-30
SWE000006301;;SWE;;;0.69;0.00;0.00;;5.70;0.00;HANNA;SFC2968;KN77;Tärnö;;Y;SFC2968;N;Y;N;;;FX;;GND, GNS;18.38;0.00;Fiber/Plastic;;1991-12-03;4M1;1986-01-01;;1999-12-01
SWE000006303;;SWE;;;0.68;0.00;0.00;;5.70;0.00;BALJAN;SFC2971;VY162;Burgsvik;;Y;SFC2971;N;Y;N;;;FX;;GNS;49.00;0.00;Fiber/Plastic;;1991-12-06;F32;1978-01-01;;1996-05-29
SWE000006305;;SWE;;;1.43;0.00;0.00;;6.75;0.00;NJORD;SFC2977;GG289;Björholmen;;Y;SFC2977;N;Y;N;;;FX;;FPO, GND;102.94;0.00;Metal;;1991-12-18;MFL;1991-01-01;;
SWE000006308;;SWE;;;3.64;0.00;0.00;;8.55;0.00;FALKLAND;SFC2982;GG640;Skärhamn;;Y;SFC2982;N;Y;N;;;FX;;GNS, GND;22.06;0.00;Fiber/Plastic;;1992-01-15;F32;1992-01-01;;1996-05-10
SWE000006311;;SWE;;;1.40;0.00;0.00;;7.10;0.00;BORNÖ;SFC3007;LL771;Bohus-Malmön;;Y;SFC3007;N;Y;N;;;FX;;FPO, GNS;18.38;0.00;Wood;;1992-01-23;4M1;1970-01-01;;1999-10-29
SWE000006312;;SWE;;;3.06;0.00;0.00;;7.90;0.00;HAVET;SFC3009;GG343;Rönnäng;;Y;SFC3009;N;Y;N;;;FX;;FPO, GND;80.90;0.00;Fiber/Plastic;;1992-02-05;MFL;1984-01-01;;
SWE000006313;265608620;SWE;;;7.89;0.00;0.00;;10.70;0.00;STRANDÖ;SFC3010;SD526;Nord-Koster;;Y;SFC3010;N;Y;Y;;;FX;;FPO;264.71;0.00;Fiber/Plastic;;1992-01-29;MFL;1991-01-01;;2024-02-21
SWE000006315;;SWE;;;2.53;0.00;0.00;;7.10;0.00;HAKÖN;SFC3013;SM233;Bylehamn;;Y;SFC3013;N;Y;N;;;FX;;FPO, GNS;25.74;0.00;Fiber/Plastic;;1992-01-30;4M1;1991-01-01;;1999-02-19
SWE000006316;;SWE;;;2.47;0.00;0.00;;6.14;0.00;MOA;SFC3014;UÅ59;Holmsund;;Y;SFC3014;N;Y;N;;;FX;;FPO, GNS;33.00;0.00;Fiber/Plastic;;1992-01-30;MFL;1991-01-01;;2016-06-26
SWE000006317;;SWE;;;9.00;0.00;0.00;;9.67;0.00;VICTORIA;SFC3017;KA103;"Aspö"", Karlskrona";;Y;SFC3017;N;Y;N;;;FX;;GNS;75.00;0.00;Fiber/Plastic;;1992-02-05;MFL;1991-01-01;;2024-01-28
SWE000006318;;SWE;;;3.63;0.00;0.00;;7.50;0.00;EMILIA;SFC3018;SIN138;Simrishamn;;Y;SFC3018;N;Y;N;;;FX;;GNS, LHP;16.00;0.00;Wood;;1992-02-06;MFL;1975-01-01;;2015-03-02
SWE000006319;;SWE;;;0.71;0.00;0.00;;5.10;0.00;No name;SFC3019;KN74;Ronneby;;Y;SFC3019;N;Y;N;;;FX;;FPO, LHP;14.00;0.00;Fiber/Plastic;;1992-02-06;4M1;1987-01-01;;2002-02-06
SWE000006322;;SWE;;;2.85;0.00;0.00;;7.60;0.00;EMMA;SFC3022;SD425;Fjällbacka;;Y;SFC3022;N;Y;N;;;FX;;FPO;51.47;0.00;Fiber/Plastic;;1992-02-13;MFL;1991-01-01;;
SWE000006323;;SWE;;;1.73;0.00;0.00;;5.90;0.00;No name;SFC3023;SIN44;Karakås;;Y;SFC3023;N;Y;N;;;FX;;FPO, NO;7.35;0.00;Wood;;1992-02-14;F32;1982-01-01;1996-02-13;
SWE000006326;;SWE;;;0.90;0.00;0.00;;6.00;0.00;LABBEN;SFC3027;GG19;Almösund;;Y;SFC3027;N;Y;N;;;FX;;FPO, GNS;14.71;0.00;Fiber/Plastic;;1992-02-25;MFL;1982-01-01;;2005-11-19
SWE000006327;;SWE;;;0.47;0.00;0.00;;5.45;0.00;No name;SFC3028;VG28;Varberg;;Y;SFC3028;N;Y;N;;;FX;;FPO;22.06;0.00;Wood;;1992-02-25;4M1;1990-01-01;;1997-06-28
SWE000006330;;SWE;;;4.29;0.00;0.00;;7.00;0.00;WALÖN;SFC3031;LL171;Bovallstrand;;Y;SFC3031;N;Y;N;;;FX;;FPO, LTL;44.12;0.00;Fiber/Plastic;;1992-02-27;4M1;1992-01-01;;1998-06-29
SWE000006336;;SWE;;;1.41;0.00;0.00;;6.00;0.00;No name;SFC3039;SM259;Gräsö;;Y;SFC3039;N;Y;N;;;FX;;GNS;44.00;0.00;Fiber/Plastic;;1992-03-11;4M1;1988-01-01;;2002-09-02
SWE000006338;;SWE;;;5.16;0.00;0.00;;8.25;0.00;SYDÖ;SFC3043;KN24;Karlshamn;;Y;SFC3043;N;Y;N;;;FX;;GNS, FPO;36.76;0.00;Wood;;1992-03-17;MFL;1975-01-01;;2010-02-03
SWE000006339;;SWE;;;0.51;0.00;0.00;;5.60;0.00;No name;SFC3044;SD293;Hamburgsund;;Y;SFC3044;N;Y;N;;;FX;;FPO;29.41;0.00;Fiber/Plastic;;1992-03-18;MFL;1992-01-01;;2004-02-18
SWE000006341;;SWE;;;0.36;0.00;0.00;;4.95;0.00;LENA;SFC3046;GG238;Öckerö;;Y;SFC3046;N;Y;N;;;FX;;GND, GNS;29.41;0.00;Fiber/Plastic;;1992-03-24;MFL;1989-01-01;;2021-06-12
SWE000006344;;SWE;;;4.24;0.00;0.00;;8.10;0.00;SÄLÖ;SFC3050;LL179;Essvik - Gullmarsfjorden;;Y;SFC3050;N;Y;N;;;FX;;FPO, GNS;55.15;0.00;Fiber/Plastic;;1992-03-24;4M1;1979-01-01;;2001-11-01
SWE000006346;;SWE;;;0.92;0.00;0.00;;6.30;0.00;VEGA;SFC3052;LL55;Lysekil;;Y;SFC3052;N;Y;N;;;FX;;FPO;44.12;0.00;Fiber/Plastic;;1992-03-27;F32;1983-01-01;1995-01-23;
SWE000006347;;SWE;;;1.24;0.00;0.00;;6.10;0.00;PÄRLAN;SFC3054;PÅ21;Renöhamn;;Y;SFC3054;N;Y;N;;;FX;;GNS, FPO;36.77;0.00;Fiber/Plastic;;1995-01-23;MFL;1991-01-01;;2019-09-10
SWE000006349;;SWE;;;0.42;0.00;0.00;;5.80;0.00;No name;SFC3058;UÅ9;Kasholmen;;Y;SFC3058;N;Y;N;;;FX;;GNS;14.71;0.00;Wood;;1992-04-13;MFL;1980-01-01;;2016-04-29
SWE000006350;;SWE;;;0.26;0.00;0.00;;5.36;0.00;No name;SFC3060;HL18;;;Y;SFC3060;N;N;N;;;FX;;GNS, FPO;18.38;0.00;Fiber/Plastic;;1992-04-14;MFL;1990-01-01;;2010-02-06
SWE000006351;;SWE;;;0.46;0.00;0.00;;5.80;0.00;No name;SFC3063;VK54;Hasselö;;Y;SFC3063;N;Y;N;;;FX;;GNS, FPO;5.88;0.00;Fiber/Plastic;;1992-04-22;MFL;1965-01-01;;2006-01-26
SWE000006352;;SWE;;;2.53;0.00;0.00;;7.70;0.00;BRIS;SFC3065;UÅ61;Kallviken;;Y;SFC3065;N;Y;N;;;FX;;GNS, FPO;16.00;0.00;Fiber/Plastic;;1992-04-22;MFL;1992-01-01;;2017-05-04
SWE000006354;;SWE;;;4.78;0.00;0.00;;9.01;0.00;No name;SFC3069;GE35;Norrsundet;;Y;SFC3069;N;Y;N;;;FX;;GNS, FPO;110.00;0.00;Fiber/Plastic;;1992-04-28;MFL;1992-01-01;;
SWE000006355;;SWE;;;0.54;0.00;0.00;;6.00;0.00;No name;SFC3072;HL36;Hölick;;Y;SFC3072;N;Y;N;;;FX;;GNS;29.41;0.00;Fiber/Plastic;;1992-04-30;MFL;1973-01-01;;2014-09-11
SWE000006358;;SWE;;;3.20;0.00;0.00;;8.40;0.00;WERONA;SFC3076;LL392;Stocken;;Y;SFC3076;N;Y;N;;;FX;;GNS, LHP;68.38;0.00;Fiber/Plastic;;1992-05-08;4M1;1991-01-01;;1998-11-13
SWE000006359;;SWE;;;2.53;0.00;0.00;;8.05;0.00;FIA;SFC3077;HA19;Kalix-Nyborg;;Y;SFC3077;N;Y;N;;;FX;;FPO, GNS;25.00;0.00;Wood;;1992-05-08;MFL;1973-01-01;;2006-05-16
SWE000006360;;SWE;;;1.55;0.00;0.00;;7.10;0.00;RONJA;SFC3078;KA14;Inlängan;;Y;SFC3078;N;Y;N;;;FX;;GNS, NO;24.26;0.00;Wood;;1992-05-11;MFL;1967-01-01;;2004-07-05
SWE000006362;;SWE;;;7.48;0.00;0.00;;10.10;0.00;ASTERIX;SFC3080;GG40;Öckerö;;Y;SFC3080;N;Y;N;;;FX;;GNS, FPO;220.59;0.00;Fiber/Plastic;;1992-05-12;4M1;1991-01-01;;
SWE000006363;;SWE;;;1.05;0.00;0.00;;6.60;0.00;No name;SFC3082;LÅ53;Storbrändön;;Y;SFC3082;N;Y;N;;;FX;;GNS, FPO;33.09;0.00;Fiber/Plastic;;1992-05-13;MFL;1992-01-01;;2008-06-13
SWE000006364;;SWE;;;5.54;0.00;0.00;;8.40;0.00;ESTLAND;SFC3085;LL438;Lysekil;;Y;SFC3085;N;Y;N;;;FX;;FPO, GND;22.06;0.00;Wood;;1992-05-15;4M1;1980-01-01;;1997-10-08
SWE000006365;;SWE;;;3.77;0.00;0.00;;8.10;0.00;ANNA;SFC3087;VG8;Träslövsläge;;Y;SFC3087;N;Y;N;;;FX;;GNS;22.06;0.00;Wood;;1992-05-18;MFL;1992-01-01;;2015-05-06
SWE000006367;;SWE;;;10.27;0.00;0.00;;9.75;0.00;CARLA;SFC3090;TG44;Trelleborg;;Y;SFC3090;N;Y;N;;;FX;;GNS;198.53;0.00;Fiber/Plastic;;1992-05-20;MFL;1991-01-01;;
SWE000006368;;SWE;;;0.42;0.00;0.00;;6.10;0.00;No name;SFC3101;PÅ15;Jävrebodarna;;Y;SFC3101;N;Y;N;;;FX;;FPO;47.79;0.00;Fiber/Plastic;;1992-05-25;4M1;1985-01-01;;2000-01-01
SWE000006369;;SWE;;;4.82;0.00;0.00;;8.81;0.00;ROSMARIN;SFC3105;GG7;Fotö;;Y;SFC3105;N;Y;N;;;FX;;FPO, NO;88.24;0.00;Fiber/Plastic;;1992-06-10;MFL;1992-01-01;;2013-03-05
SWE000006370;;SWE;;;3.04;0.00;0.00;;6.60;0.00;ALTANA;SFC3107;SG115;Nogersund;;Y;SFC3107;N;Y;N;;;FX;;GNS;16.00;0.00;Fiber/Plastic;;1992-06-10;4M1;1978-01-01;;1997-11-26
SWE000006378;;SWE;;;3.61;0.00;0.00;;7.50;0.00;ANNA-IDA;SFC3118;SG165;Hällevik;;Y;SFC3118;N;Y;N;;;FX;;GNS, FPO;18.38;0.00;Wood;;1992-06-23;4M1;1975-01-01;;2001-01-23
SWE000006380;;SWE;;;2.44;0.00;0.00;;7.85;0.00;EVELINA;SFC3121;SG156;Nogersund;;Y;SFC3121;N;Y;N;;;FX;;GNS, GND;55.15;0.00;Fiber/Plastic;;1992-06-30;F31;1992-01-01;;1995-11-08
SWE000006381;;SWE;;;1.44;0.00;0.00;;5.60;0.00;No name;SFC3122;ÅS40;Yngsjö;;Y;SFC3122;N;Y;N;;;FX;;FPO, NO;36.00;0.00;Fiber/Plastic;;1992-06-30;MFL;1978-01-01;;2016-06-30
SWE000006382;;SWE;;;0.29;0.00;0.00;;4.95;0.00;LOTTA;SFC3125;VK46;Stora Askö;;Y;SFC3125;N;Y;N;;;FX;;FPO;18.38;0.00;Fiber/Plastic;;1992-07-02;MFL;1987-01-01;;2024-03-22
SWE000006384;;SWE;;;0.68;0.00;0.00;;6.05;0.00;ADELE;SFC3127;SG426;Hanö;;Y;SFC3127;N;Y;N;;;FX;;FPO, LLD;7.35;0.00;Wood;;1992-07-07;4M1;1973-01-01;;1999-11-01
SWE000006385;;SWE;;;2.44;0.00;0.00;;6.30;0.00;CATINKA;SFC3128;KR85;Bergkvara;;Y;SFC3128;N;Y;N;;;FX;;FPO, GNS;11.00;0.00;Wood;;1992-07-07;F32;1969-01-01;;1996-10-01
SWE000006387;;SWE;;;0.84;0.00;0.00;;6.75;0.00;No name;SFC3130;LÅ54;Storbrändön;;Y;SFC3130;N;Y;N;;;FX;;FPO, GNS;33.09;0.00;Fiber/Plastic;;1992-07-07;MFL;1992-01-01;;
SWE000006388;265039150;SWE;;;12.62;0.00;0.00;;11.61;0.00;JUNKÖN;SFC3131;LÅ17;Lövskär;;Y;SFC3131;N;Y;Y;;;FX;;PTB, FPO;257.00;0.00;Fiber/Plastic;;1992-07-07;MFL;1992-01-01;;
SWE000006391;;SWE;;;3.85;0.00;0.00;;8.10;0.00;NADIA;SFC3139;SG157;Djupekås;;Y;SFC3139;N;Y;N;;;FX;;GNS, GND;63.00;0.00;Fiber/Plastic;;1992-07-22;MFL;1982-01-01;;2004-10-02
SWE000006392;;SWE;;;1.79;0.00;0.00;;8.70;0.00;JOSEFIN;SFC3140;SM92;;;Y;SFC3140;N;Y;N;;;FX;;GNS;85.00;0.00;Wood;;1992-07-22;MFL;1958-01-01;;2004-07-08
SWE000006394;;SWE;;;4.58;0.00;0.00;;8.00;0.00;NEPTUN;SFC3143;LL14;Kungshamn;;Y;SFC3143;N;Y;N;;;FX;;FPO, GNS;70.00;0.00;Fiber/Plastic;;1992-07-29;4M1;1987-01-01;;1998-07-19
SWE000006395;;SWE;;;5.86;0.00;0.00;;8.00;0.00;MISTRAL;SFC3144;NG4;Rågö;;Y;SFC3144;N;Y;N;;;FX;;GNS, FPO;73.53;0.00;Fiber/Plastic;;1992-08-04;MFL;1992-01-01;;2005-01-24
SWE000006396;;SWE;;;0.44;0.00;0.00;;5.60;0.00;No name;SFC3145;SM95;Krokskär;;Y;SFC3145;N;Y;N;;;FX;;FPO, GND;66.18;0.00;Fiber/Plastic;;1992-08-04;MFL;1989-01-01;;2011-07-03
SWE000006398;;SWE;;;3.69;0.00;0.00;;8.90;0.00;MIDAS;SFC3148;GG1225;Onsala;;Y;SFC3148;N;Y;N;;;FX;;TBN, FPO;90.44;0.00;Fiber/Plastic;;1992-08-03;MFL;1991-01-01;;
SWE000006400;;SWE;;;7.01;0.00;0.00;;9.90;0.00;DAGÖ;SFC3150;LL2;Smögen;;Y;SFC3150;N;Y;N;;;FX;;FPO, NO;198.53;0.00;Fiber/Plastic;;1992-08-11;F32;1974-01-01;;1996-12-06
SWE000006401;;SWE;;;0.36;0.00;0.00;;5.80;0.00;VIKEN;SFC3153;;Rörvik;;Y;SFC3153;N;Y;N;;;FX;;FPO, GNS;22.06;0.00;Fiber/Plastic;;1992-08-13;MFL;1970-01-01;;2015-11-12
SWE000006402;;SWE;;;3.50;0.00;0.00;;7.60;0.00;NUNNE;SFC3157;GG888;Almösund;;Y;SFC3157;N;Y;N;;;FX;;GNS;57.35;0.00;Fiber/Plastic;;1992-08-20;MFL;1986-01-01;;2005-11-19
SWE000006404;;SWE;;;2.55;0.00;0.00;;6.60;0.00;LILLAN;SFC3160;MÖ30;Klagshamn;;Y;SFC3160;N;Y;N;;;FX;;FPO, NO;18.38;0.00;Fiber/Plastic;;1992-08-27;4M1;1984-01-01;;1999-08-17
SWE000006407;;SWE;;;0.78;0.00;0.00;;5.95;0.00;MATHILDA;SFC3163;LL3;Kåröd;;Y;SFC3163;N;Y;N;;;FX;;FPO;31.62;0.00;Fiber/Plastic;;1992-09-09;MFL;1982-01-01;;2013-02-04
SWE000006408;;SWE;;;0.47;0.00;0.00;;5.70;0.00;EWA;SFC3164;LL5;Kåröd;;Y;SFC3164;N;Y;N;;;FX;;FPO;29.41;0.00;Fiber/Plastic;;1992-09-09;MFL;1992-01-01;;2013-02-04
SWE000006409;;SWE;;;0.65;0.00;0.00;;6.10;0.00;PETER;SFC3166;GE150;Gävle;;Y;SFC3166;N;Y;N;;;FX;;GNS, FPO;51.47;0.00;Fiber/Plastic;;1992-09-10;MFL;1989-01-01;;2005-05-27
SWE000006410;;SWE;;;15.14;0.00;0.00;;11.05;0.00;RENLAND;SFC3167;LL712;Smögen;;Y;SFC3167;N;Y;N;;;FX;;FPO, LTL;118.00;0.00;Fiber/Plastic;;1992-09-11;MFL;1992-01-01;;2016-11-02
SWE000006411;;SWE;;;0.76;0.00;0.00;;6.00;0.00;No name;SFC3168;SD484;Hamburgsund;;Y;SFC3168;N;Y;N;;;FX;;FPO;14.71;0.00;Fiber/Plastic;;1992-09-15;MFL;1960-01-01;;2008-02-19
SWE000006412;;SWE;;;5.31;0.00;0.00;;8.00;0.00;NORRSKÄR;SFC3170;GE31;Norrsundet;;Y;SFC3170;N;Y;N;;;FX;;GNS, FPO;94.00;0.00;Fiber/Plastic;;1992-09-16;MFL;1989-01-01;;
SWE000006413;;SWE;;;4.73;0.00;0.00;;8.60;0.00;MARICA;SFC3171;SM54;;;Y;SFC3171;N;Y;N;;;FX;;GNS;61.03;0.00;Fiber/Plastic;;1992-09-22;MFL;1987-01-01;;2013-06-04
SWE000006414;;SWE;;;0.95;0.00;0.00;;6.25;0.00;TANJA;SFC3174;LA23;Ålabodarna;;Y;SFC3174;N;Y;N;;;FX;;GNS;8.82;0.00;Fiber/Plastic;;1992-09-23;4M1;1980-01-01;;1998-12-16
SWE000006415;;SWE;;;2.38;0.00;0.00;;6.60;0.00;IRENE;SFC3176;HG123;Mölle;;Y;SFC3176;N;Y;N;;;FX;;GNS;21.00;0.00;Fiber/Plastic;;1992-09-28;4M1;1986-01-01;;1998-01-01
SWE000006416;;SWE;;;3.75;0.00;0.00;;7.00;0.00;STORMSVALAN;SFC3177;LL42;Käringön;;Y;SFC3177;N;Y;N;;;FX;;FPO;22.06;0.00;Fiber/Plastic;;1992-09-29;MFL;1992-01-01;;2007-12-11
SWE000006417;;SWE;;;2.68;0.00;0.00;;8.10;0.00;MILLA;SFC3179;YD31;Ystad;;Y;SFC3179;N;Y;N;;;FX;;GNS, NO;22.06;0.00;Fiber/Plastic;;1992-10-07;F31;1974-01-01;;1995-10-13
SWE000006418;;SWE;;;4.18;0.00;0.00;;8.70;0.00;STRANDÖ;SFC3180;SD526;Nord-Koster;;Y;SFC3180;N;Y;N;;;FX;;FPO;162.00;0.00;Fiber/Plastic;;1992-10-07;MFL;1992-01-01;;2007-07-05
SWE000006419;;SWE;;;3.05;0.00;0.00;;6.90;0.00;PINGVIN;SFC3183;SG141;Djupekås;;Y;SFC3183;N;Y;N;;;FX;;GND, GNS;18.00;0.00;Wood;;1992-10-15;MFL;1963-01-01;;2004-02-11
SWE000006420;;SWE;;;0.24;0.00;0.00;;5.04;0.00;No name;SFC3185;LL46;Lysekil;;Y;SFC3185;N;Y;N;;;FX;;GNS;18.00;0.00;Fiber/Plastic;;1992-10-20;4M1;1989-01-01;;1998-01-01
SWE000006425;;SWE;;;7.48;0.00;0.00;;8.81;0.00;JENDA;SFC3191;GG107;Klädesholmen;;Y;SFC3191;N;Y;N;;;FX;;GNS;95.59;0.00;Fiber/Plastic;;1992-10-22;4M1;1992-01-01;;
SWE000006427;;SWE;;;6.65;0.00;0.00;;8.60;0.00;NIKE;SFC3196;SD373;Syd-Koster;;Y;SFC3196;N;Y;N;;;FX;;FPO, LTL;102.94;0.00;Fiber/Plastic;;1992-10-28;4M1;1987-01-01;;2001-06-18
SWE000006429;;SWE;;;0.52;0.00;0.00;;5.50;0.00;KARIN;SFC3198;LL38;Käringön;;Y;SFC3198;N;Y;N;;;FX;;FPO, GNS;7.35;0.00;Wood;;1992-11-09;MFL;1964-01-01;;2008-09-10
SWE000006430;;SWE;;;0.56;0.00;0.00;;6.20;0.00;SESAM;SFC3199;SD186;Stensvik;;Y;SFC3199;N;Y;N;;;FX;;FPO;20.59;0.00;Fiber/Plastic;;1992-11-09;MFL;1990-01-01;;2008-03-03
SWE000006431;;SWE;;;3.17;0.00;0.00;;6.90;0.00;BRIS;SFC3200;GG444;Hyppeln;;Y;SFC3200;N;Y;N;;;FX;;GND, FPO;36.76;0.00;Fiber/Plastic;;1992-11-10;MFL;1979-01-01;;2003-08-10
SWE000006435;;SWE;;;2.53;0.00;0.00;;8.00;0.00;TREO;SFC3204;LL103;Vinbräcka;;Y;SFC3204;N;Y;N;;;FX;;FPO, GND;51.47;0.00;Fiber/Plastic;;1992-11-25;4M1;1992-01-01;;1998-08-09
SWE000006436;;SWE;;;1.13;0.00;0.00;;7.10;0.00;No name;SFC3209;UÅ9;Bureå;;Y;SFC3209;N;Y;N;;;FX;;GNS;13.24;0.00;Wood;;1992-12-07;F32;1966-01-01;1995-12-28;
SWE000006440;;SWE;;;0.51;0.00;0.00;;5.60;0.00;CARINA V;SFC3219;TG42;Gislövs Läge;;Y;SFC3219;N;Y;N;;;FX;;GNS;18.38;0.00;Fiber/Plastic;;1992-12-30;4M1;1981-01-01;;1998-10-23
SWE000006441;;SWE;;;3.36;0.00;0.00;;7.50;0.00;MARY;SFC3220;KN33;Karlshamn;;Y;SFC3220;N;Y;N;;;FX;;GNS, NO;26.47;0.00;Wood;;1993-01-11;4M1;1970-01-01;;1997-10-30
SWE000006442;;SWE;;;0.86;0.00;0.00;;5.90;0.00;DOLLY;SFC3221;LL63;Lysekil;;Y;SFC3221;N;Y;N;;;FX;;GND, LTL;11.03;0.00;Wood;;1993-01-18;MFL;1980-01-01;;2019-07-03
SWE000006443;;SWE;;;0.87;0.00;0.00;;6.05;0.00;No name;SFC3222;LL124;Väjern;;Y;SFC3222;N;Y;N;;;FX;;LTL, FPO;13.24;0.00;Fiber/Plastic;;1993-01-25;4M1;1980-01-01;;1997-09-22
SWE000006444;;SWE;;;0.41;0.00;0.00;;5.60;0.00;LAHÄLL II;SFC3224;LL160;Lilla Hammar;;Y;SFC3224;N;Y;N;;;FX;;FPO;29.42;0.00;Fiber/Plastic;;1993-01-29;MFL;1989-01-01;;2004-01-02
SWE000006446;;SWE;;;2.05;0.00;0.00;;7.95;0.00;ANNA-MALIN;SFC3270;LL117;Mollösund;;Y;SFC3270;N;Y;N;;;FX;;FPO;136.00;0.00;Fiber/Plastic;;1993-02-07;MFL;1990-01-01;;
SWE000006452;;SWE;;;2.01;0.00;0.00;;7.00;0.00;No name;SFC3448;PÅ2;Piteå;;Y;SFC3448;N;N;N;;;FX;;FPO, GNS;29.41;0.00;Wood;;1993-02-25;MFL;1986-01-01;;2024-10-17
SWE000006453;;SWE;;;7.70;0.00;0.00;;10.40;0.00;ANNY II;SFC3474;KR280;Mörbylånga;;Y;SFC3474;N;Y;N;;;FX;;GNS, NO;117.65;0.00;Metal;;1993-03-01;4M1;1990-01-01;;
SWE000006454;;SWE;;;1.05;0.00;0.00;;6.36;0.00;SPIGGEN;SFC3475;YD51;Ystad;;Y;SFC3475;N;Y;N;;;FX;;GNS;36.00;0.00;Fiber/Plastic;;1993-03-03;4M1;1990-01-01;;1998-02-02
SWE000006458;;SWE;;;1.35;0.00;0.00;;7.00;0.00;SVEA;SFC3503;TG65;Smygehamn;;Y;SFC3503;N;Y;N;;;FX;;GNS, FPO;13.24;0.00;Wood;;1993-03-15;4M1;1968-01-01;2001-07-02;
SWE000006461;265057020;SWE;;;17.76;0.00;0.00;;11.99;0.00;ANKIE;SFC3671;MÖ165;Lomma;;Y;SFC3671;N;Y;Y;;;FX;;GNS;127.94;0.00;Wood;;1993-03-25;MFL;1957-01-01;;
SWE000006465;;SWE;;;4.76;0.00;0.00;;7.85;0.00;KINTE;SFC3695;KR10;Stensö;;Y;SFC3695;N;Y;N;;;FX;;GNS;49.00;0.00;Fiber/Plastic;;1993-04-07;4M1;1986-01-01;;2001-09-25
SWE000006466;;SWE;;;2.63;0.00;0.00;;7.00;0.00;LENA;SFC3720;SG82;Nogersund;;Y;SFC3720;N;Y;N;;;FX;;GNS, LHP;8.82;0.00;Wood;;1993-04-16;MFL;1976-01-01;;2003-05-15
SWE000006467;;SWE;;;0.35;0.00;0.00;;5.40;0.00;No name;SFC3724;GG146;Öckerö;;Y;SFC3724;N;Y;N;;;FX;;FPO, GNS;22.06;0.00;Fiber/Plastic;;1993-04-22;4M1;1982-01-01;;2001-11-21
SWE000006468;;SWE;;;0.57;0.00;0.00;;5.70;0.00;STORFISKARN 2;SFC3748;UÅ16;Gumboda Hamn;;Y;SFC3748;N;Y;N;;;FX;;FPO, GNS;29.41;0.00;Fiber/Plastic;;1993-05-16;MFL;1993-01-01;;
SWE000006470;;SWE;;;5.39;0.00;0.00;;8.65;0.00;DUGA;SFC3760;SM47;Saltarö;;Y;SFC3760;N;Y;N;;;FX;;GNS;22.06;0.00;Wood;;1993-06-02;4M1;1993-01-01;;1998-01-21
SWE000006473;;SWE;;;10.26;0.00;0.00;;10.37;0.00;MARLENE II;SFC3773;GE50;Engesberg;;Y;SFC3773;N;Y;N;;;FX;;GNS, FPO;225.00;0.00;Fiber/Plastic;;1993-06-14;MFL;1993-01-01;;2005-02-08
SWE000006475;;SWE;;;1.38;0.00;0.00;;6.70;0.00;ANNICA;SFC3776;LL1315;Kungshamn;;Y;SFC3776;N;Y;N;;;FX;;FPO;147.06;0.00;Metal;;1993-06-17;MFL;1993-01-01;;2004-05-14
SWE000006476;;SWE;;;0.16;0.00;0.00;;5.00;0.00;SIAM;SFC3786;SD220;Hamburgsund;;Y;SFC3786;N;Y;N;;;FX;;LTL, FPO;2.94;0.00;Fiber/Plastic;;1993-07-06;F32;;;1995-11-28
SWE000006477;;SWE;;;2.60;0.00;0.00;;8.00;0.00;LINDA;SFC3791;SD415;Syd-Koster;;Y;SFC3791;N;Y;N;;;FX;;FPO, LTL;44.85;0.00;Fiber/Plastic;;1993-07-08;4M1;1983-01-01;;2002-11-15
SWE000006478;;SWE;;;7.54;0.00;0.00;;10.50;0.00;SIGNORA;SFC3792;GG773;Fotö;;Y;SFC3792;N;Y;N;;;FX;;OTB;62.50;0.00;Wood;;1993-07-15;4M4;1972-01-01;;1997-10-02
SWE000006481;;SWE;;;0.54;0.00;0.00;;6.00;0.00;STINA;SFC3809;HG6;Domsten;;Y;SFC3809;N;Y;N;;;FX;;FPO, GNS;29.41;0.00;Fiber/Plastic;;1993-08-03;MFL;1972-01-01;;2023-10-03
SWE000006482;;SWE;;;0.98;0.00;0.00;;6.54;0.00;EMMELINA;SFC3812;KR26;Grankullavik;;Y;SFC3812;N;Y;N;;;FX;;GNS;13.24;0.00;Wood;;1993-08-09;MFL;1960-01-01;;2022-01-25
SWE000006483;;SWE;;;4.30;0.00;0.00;;9.13;0.00;LESKÄR;SFC3826;PÅ17;Jävrebodarna;;Y;SFC3826;N;Y;N;;;FX;;PTB, FPO;99.26;0.00;Wood;;1993-08-11;MFL;1974-01-01;;2003-02-28
SWE000006487;;SWE;;;1.11;0.00;0.00;;6.50;0.00;No name;SFC3868;GG284;Lerkil;;Y;SFC3868;N;Y;N;;;FX;;FPO;110.29;0.00;Metal;;1993-08-27;MFL;1993-01-01;;2017-02-18
SWE000006488;;SWE;;;4.37;0.00;0.00;;9.00;0.00;No name;SFC3871;HA141;Nikkala;;Y;SFC3871;N;Y;N;;;FX;;PTB, NO;106.62;0.00;Fiber/Plastic;;1993-08-31;4M3;1976-01-01;;2002-04-03
SWE000006489;;SWE;;;3.01;0.00;0.00;;6.60;0.00;IDUN;SFC3872;LL1;Bohus-Malmön;;Y;SFC3872;N;Y;N;;;FX;;GND, FPO;13.24;0.00;Fiber/Plastic;;1993-09-01;4M1;1987-01-01;;1998-01-01
SWE000006490;;SWE;;;8.32;0.00;0.00;;10.85;0.00;NEPTUNUS V;SFC3902;GG307;Bohus-Björkö;;Y;SFC3902;N;Y;N;;;FX;;GND, NO;95.59;0.00;Fiber/Plastic;;1993-09-09;4M1;1982-01-01;;2002-05-30
SWE000006492;;SWE;;;12.65;0.00;0.00;;11.80;0.00;SKIPPY;SFC3904;GG159;Lysekil;;Y;SFC3904;N;Y;N;;;FX;;LTL, NO;155.88;0.00;Metal;;1993-09-09;4M1;1990-01-01;;1999-03-24
SWE000006494;;SWE;;;0.71;0.00;0.00;;6.00;0.00;PINGEL;SFC3908;LL31;Smögen;;Y;SFC3908;N;Y;N;;;FX;;FPO, GNS;13.24;0.00;Wood;;1993-09-14;MFL;1972-01-01;;2003-02-23
SWE000006495;;SWE;;;0.61;0.00;0.00;;5.95;0.00;No name;SFC3917;KR134;"Sandby"", Öland";;Y;SFC3917;N;Y;N;;;FX;;FPO, NO;11.76;0.00;Wood;;1993-09-15;4M1;;;1998-04-15
SWE000006496;;SWE;;;3.08;0.00;0.00;;8.42;0.00;SILJE;SFC3920;VY14;Närshamn;;Y;SFC3920;N;Y;N;;;FX;;GNS;72.06;0.00;Fiber/Plastic;;1993-09-16;MFL;1987-01-01;;2016-09-28
SWE000006497;;SWE;;;0.36;0.00;0.00;;5.54;0.00;FRANZ;SFC3928;KR193;Grankullavik;;Y;SFC3928;N;Y;N;;;FX;;GNS, FPO;5.15;0.00;Wood;;1993-10-01;MFL;1953-01-01;;2006-04-28
SWE000006498;;SWE;;;2.61;0.00;0.00;;6.50;0.00;SELENA;SFC3929;KN10;Karlshamn-Vägga;;Y;SFC3929;N;Y;N;;;FX;;GNS, GND;7.35;0.00;Wood;;1993-10-01;4M1;1962-01-01;;2001-04-17
SWE000006499;;SWE;;;2.40;0.00;0.00;;6.25;0.00;JENNIE;SFC3930;KR199;Byxelkrok;;Y;SFC3930;N;Y;N;;;FX;;GNS;7.35;0.00;Wood;;1993-10-04;MFL;1974-01-01;;2010-10-15
SWE000006500;;SWE;;;4.13;0.00;0.00;;8.23;0.00;SCANÖ;SFC3932;SG11;Nogersund;;Y;SFC3932;N;Y;N;;;FX;;GNS;37.50;0.00;Fiber/Plastic;;1993-11-15;4M1;1981-01-01;;2000-04-03
SWE000006502;;SWE;;;1.99;0.00;0.00;;7.30;0.00;SNÄCKAN;SFC3936;LL76;Bohus-Malmön;;Y;SFC3936;N;Y;N;;;FX;;FPO, GNS;16.91;0.00;Fiber/Plastic;;1993-10-06;4M1;1976-01-01;;1998-10-15
SWE000006503;;SWE;;;3.15;0.00;0.00;;7.10;0.00;HOPPETÖSSA;SFC3937;LL712;Smögen;;Y;SFC3937;N;Y;N;;;FX;;FPO;36.76;0.00;Fiber/Plastic;;1993-10-11;MFL;1993-01-01;;2005-03-08
SWE000006504;;SWE;;;1.82;0.00;0.00;;6.20;0.00;LOTTA;SFC3938;GG212;Getskär;;Y;SFC3938;N;Y;N;;;FX;;FPO, GNS;54.41;0.00;Fiber/Plastic;;1993-10-13;MFL;1993-01-01;;2003-03-02
SWE000006505;;SWE;;;1.68;0.00;0.00;;6.85;0.00;No name;SFC3939;SG169;Sölvesborg;;Y;SFC3939;N;Y;N;;;FX;;FPO, NO;36.77;0.00;Fiber/Plastic;;1993-10-14;MFL;1993-01-01;;2020-06-13
SWE000006506;;SWE;;;3.47;0.00;0.00;;8.10;0.00;VIKEN;SFC3944;GG215;Rörö;;Y;SFC3944;N;Y;N;;;FX;;GND, FPO;95.59;0.00;Fiber/Plastic;;1993-10-20;MFL;1985-01-01;;
SWE000006507;;SWE;;;0.88;0.00;0.00;;5.40;0.00;SYDVÅG;SFC3946;VY56;Klintehamn;;Y;SFC3946;N;Y;N;;;FX;;GNS;3.68;0.00;Wood;;1993-10-28;4M1;1970-01-01;;1997-06-28
SWE000006508;;SWE;;;4.60;0.00;0.00;;8.70;0.00;PATRICIA;SFC3947;SG64;Sölvesborg;;Y;SFC3947;N;Y;N;;;FX;;GNS;68.38;0.00;Wood;;1993-10-28;4M1;1993-01-01;;1999-02-01
SWE000006509;;SWE;;;2.30;0.00;0.00;;7.60;0.00;ARÖ;SFC3948;LL200;Bohus-Malmön;;Y;SFC3948;N;Y;N;;;FX;;FPO;44.12;0.00;Fiber/Plastic;;1993-11-02;4M1;1987-01-01;;1997-09-14
SWE000006510;;SWE;;;3.24;0.00;0.00;;8.35;0.00;THEA;SFC3949;GG248;Hönö;;Y;SFC3949;N;Y;N;;;FX;;GNS, FPO;36.76;0.00;Wood;;1993-11-04;4M1;1933-01-01;;1999-10-21
SWE000006513;;SWE;;;6.14;0.00;0.00;;9.60;0.00;HEART OF GOLD;SFC3963;HG64;Svanshall;;Y;SFC3963;N;Y;N;;;FX;;OTB, GNS;88.24;0.00;Metal;;1993-11-24;4M4;1989-01-01;;
SWE000006514;;SWE;;;3.21;0.00;0.00;;8.05;0.00;MARINA I;SFC3970;LL185;Bokenäs;;Y;SFC3970;N;Y;N;;;FX;;GNS, FPO;22.06;0.00;Fiber/Plastic;;1993-12-02;MFL;1981-01-01;;2004-05-18
SWE000006515;;SWE;;;1.25;0.00;0.00;;6.50;0.00;MARINA II;SFC3971;LL60;Bokenäs;;Y;SFC3971;N;Y;N;;;FX;;SB, FPO;30.00;0.00;Fiber/Plastic;;1993-12-01;MFL;1988-01-01;;
SWE000006516;;SWE;;;2.71;0.00;0.00;;8.60;0.00;No name;SFC3976;LL29;Munkedal;;Y;SFC3976;N;Y;N;;;FX;;GNS, FPO;63.24;0.00;Fiber/Plastic;;1993-12-10;4M1;1980-01-01;;2000-05-28
SWE000006517;;SWE;;;0.95;0.00;0.00;;6.00;0.00;KRYSTYNA;SFC3978;LL999;Lysekil;;Y;SFC3978;N;Y;N;;;FX;;FPO, NO;26.47;0.00;Fiber/Plastic;;1993-12-15;4M1;;;1999-12-24
SWE000006518;;SWE;;;0.15;0.00;0.00;;4.79;0.00;SANNA;SFC3979;GG165;Öckerö;;Y;SFC3979;N;Y;N;;;FX;;GND, FPO;22.06;0.00;Fiber/Plastic;;1993-12-15;MFL;1985-01-01;;
SWE000006519;;SWE;;;12.53;0.00;0.00;;11.90;0.00;DELFINEN;SFC3980;HD15;Halmstad;;Y;SFC3980;N;Y;N;;;FX;;GNS, SDN;85.00;0.00;Wood;;1993-12-22;F32;1943-01-01;;1996-08-29
SWE000006520;;SWE;;;17.16;0.00;0.00;;11.75;0.00;CAROLA;SFC3981;HG76;Lerberget;;Y;SFC3981;N;Y;N;;;FX;;GNS, NO;110.29;0.00;Wood;;1993-12-22;4M1;1944-01-01;;1999-09-03
SWE000006521;;SWE;;;3.38;0.00;0.00;;7.20;0.00;CARMÖ;SFC3982;GG174;Skärhamn;;Y;SFC3982;N;Y;N;;;FX;;GNS;24.26;0.00;Fiber/Plastic;;1993-12-22;4M1;1993-01-01;;1998-07-09
SWE000006522;;SWE;;;1.58;0.00;0.00;;6.90;0.00;VINDY;SFC3985;KR260;Stora Rör;;Y;SFC3985;N;Y;N;;;FX;;FPO, GNS;27.94;0.00;Wood;;1993-12-27;4M1;;;2001-06-28
SWE000006524;;SWE;;;2.04;0.00;0.00;;7.00;0.00;HAVET;SFC3987;GG956;Rörö;;Y;SFC3987;N;Y;N;;;FX;;GNS, GND;18.38;0.00;Fiber/Plastic;;1994-01-10;F32;1988-01-01;;1995-04-29
SWE000006525;;SWE;;;1.02;0.00;0.00;;6.30;0.00;GUN;SFC3990;SG122;Västra Näs;;Y;SFC3990;N;Y;N;;;FX;;GNS;7.00;0.00;Wood;;1994-01-14;4M1;1951-01-01;;1999-06-29
SWE000006527;;SWE;;;0.43;0.00;0.00;;6.00;0.00;ZIWA;SFC3993;SD723;Hamburgsund;;Y;SFC3993;N;Y;N;;;FX;;FPO, NO;7.35;0.00;Wood;;1994-01-17;MFL;1943-01-01;;
SWE000006528;;SWE;;;2.46;0.00;0.00;;8.25;0.00;SARA;SFC3994;GG482;Öckerö;;Y;SFC3994;N;Y;N;;;FX;;GNS;54.41;0.00;Fiber/Plastic;;1994-01-21;MFL;1981-01-01;;2003-05-01
SWE000006529;;SWE;;;2.46;0.00;0.00;;7.60;0.00;MARIA;SFC3998;KR47;Borgholm;;Y;SFC3998;N;Y;N;;;FX;;GNS;24.00;0.00;Fiber/Plastic;;1994-01-31;MFL;1981-01-01;;2009-03-06
SWE000006531;;SWE;;;1.22;0.00;0.00;;6.00;0.00;No name;SFC4007;YD27;Abbekås;;Y;SFC4007;N;Y;N;;;FX;;GNS, NO;16.18;0.00;Fiber/Plastic;;1994-02-10;4M1;1983-01-01;;2001-02-23
SWE000006533;;SWE;;;4.29;0.00;0.00;;7.00;0.00;SALTSKÄR;SFC4014;LL33;Bovallstrand;;Y;SFC4014;N;Y;N;;;FX;;FPO, GNS;55.00;0.00;Fiber/Plastic;;1994-02-22;4M1;1990-01-01;;1997-02-03
SWE000006534;;SWE;;;2.35;0.00;0.00;;7.00;0.00;TAMPEN;SFC4018;SD139;Fjällbacka;;Y;SFC4018;N;Y;N;;;FX;;FPO;36.76;0.00;Fiber/Plastic;;1994-03-01;MFL;1994-01-01;;2023-04-14
SWE000006536;;SWE;;;6.75;0.00;0.00;;9.40;0.00;VÅGEN;SFC4020;SD329;Hamburgsund;;Y;SFC4020;N;Y;N;;;FX;;FPO, LTL;44.12;0.00;Wood;;1994-03-03;4M1;1952-01-01;;1997-11-18
SWE000006537;;SWE;;;0.36;0.00;0.00;;5.60;0.00;EVA;SFC4028;TG157;Gislövs Läge;;Y;SFC4028;N;Y;N;;;FX;;GNS, NO;4.41;0.00;Fiber/Plastic;;1994-03-22;MFL;1994-01-01;;2008-10-28
SWE000006538;;SWE;;;0.31;0.00;0.00;;5.30;0.00;SNABBEN;SFC4029;SG160;Nogersund;;Y;SFC4029;N;Y;N;;;FX;;GNS;22.00;0.00;Fiber/Plastic;;1994-03-23;MFL;1986-01-01;;2019-01-08
SWE000006540;;SWE;;;2.38;0.00;0.00;;8.00;0.00;BRIS;SFC4042;MÖ185;Lomma;;Y;SFC4042;N;Y;N;;;FX;;GNS;29.41;0.00;Wood;;1994-04-19;4M1;1979-01-01;;1997-02-25
SWE000006541;;SWE;;;6.00;0.00;0.00;;9.50;0.00;SANNE-MARIE;SFC4049;SG55;Nogersund;;Y;SFC4049;N;Y;N;;;FX;;GNS;94.88;0.00;Wood;;1994-04-28;MFL;1978-01-01;;2016-07-04
SWE000006542;;SWE;;;1.12;0.00;0.00;;7.07;0.00;ANNA MARI;SFC4051;FG27;Glommen;;Y;SFC4051;N;Y;N;;;FX;;GNS;14.71;0.00;Wood;;1994-05-05;4M1;1960-01-01;;2001-09-27
SWE000006543;;SWE;;;6.45;0.00;0.00;;7.50;0.00;KRISTINA;SFC4056;SD485;Hamburgsund;;Y;SFC4056;N;Y;N;;;FX;;FPO, NO;26.47;18.38;Fiber/Plastic;;1994-05-18;MFL;1994-01-01;;2007-01-24
SWE000006544;;SWE;;;1.00;0.00;0.00;;7.10;0.00;GULLI II;SFC4057;ÖK7;Trysunda;;Y;SFC4057;N;Y;N;;;FX;;GNS;24.26;0.00;Fiber/Plastic;;1994-05-18;4M1;1983-01-01;;1997-06-29
SWE000006548;;SWE;;;3.29;0.00;0.00;;8.40;0.00;VÅGEN;SFC4071;GG346;Dyrön;;Y;SFC4071;N;Y;N;;;FX;;FPO;148.00;0.00;Fiber/Plastic;;1994-06-02;MFL;1994-01-01;;
SWE000006549;265622550;SWE;;;24.00;0.00;0.00;;11.98;0.00;HÖKEN;SFC4079;LL13;Fisketången;;Y;SFC4079;N;Y;Y;;;FX;;OTB, TBN;155.00;0.00;Fiber/Plastic;;1994-06-12;MFL;1983-01-01;;
SWE000006551;265032490;SWE;;;9.26;0.00;0.00;;11.00;0.00;SVALLGRUND;SFC4096;HA64;Storön;;Y;SFC4096;N;Y;Y;;;FX;;PTB, GNS;149.00;0.00;Metal;;1994-06-27;MFL;1978-01-01;;
SWE000006552;;SWE;;;0.94;0.00;0.00;;6.65;0.00;LISA;SFC4098;KR195;Hörvik;;Y;SFC4098;N;Y;N;;;FX;;GNS, NO;18.38;0.00;Fiber/Plastic;;1994-07-04;F31;1960-01-01;;1996-06-03
SWE000006553;;SWE;;;1.41;0.00;0.00;;5.60;0.00;No name;SFC4100;KR197;Mörbylånga;;Y;SFC4100;N;Y;N;;;FX;;GNS;7.35;0.00;Wood;;1994-07-05;4M1;1975-01-01;;1997-06-28
SWE000006554;;SWE;;;2.48;0.00;0.00;;7.85;0.00;TALITA;SFC4103;SD359;Syd-Koster;;Y;SFC4103;N;Y;N;;;FX;;FPO;47.79;0.00;Fiber/Plastic;;1994-07-07;MFL;1988-01-01;;
SWE000006555;;SWE;;;1.94;0.00;0.00;;6.45;0.00;No name;SFC4105;HG8;Råå;;Y;SFC4105;N;Y;N;;;FX;;GNS;18.38;0.00;Fiber/Plastic;;1994-07-15;F32;1958-01-01;;1996-10-11
SWE000006556;;SWE;;;0.52;0.00;0.00;;6.20;0.00;No name;SFC4106;HL15;Sågtäkten;;Y;SFC4106;N;Y;N;;;FX;;FPO, GNS;29.41;0.00;Fiber/Plastic;;1994-07-15;MFL;1988-01-01;;2009-09-06
SWE000006557;;SWE;;;18.30;0.00;0.00;;11.46;0.00;BREVIK;SFC4107;FG7;Glommen;;Y;SFC4107;N;Y;N;;;FX;;OTB, NO;147.06;0.00;Wood;;1994-07-15;F30;1965-01-01;;1996-12-12
SWE000006558;;SWE;;;0.63;0.00;0.00;;6.05;0.00;NIMA;SFC4109;GE12;Sikhjälma;;Y;SFC4109;N;Y;N;;;FX;;GNS;36.00;0.00;Fiber/Plastic;;1994-07-22;4M1;1979-01-01;;1999-06-28
SWE000006559;;SWE;;;2.21;0.00;0.00;;6.40;0.00;VIKEN;SFC4110;SM151;Öregrund;;Y;SFC4110;N;Y;N;;;FX;;GNS;14.00;0.00;Fiber/Plastic;;1994-07-25;MFL;1978-01-01;;2019-05-04
SWE000006560;;SWE;;;0.67;0.00;0.00;;6.30;0.00;MALIN;SFC4111;HA95;Siknäs;;Y;SFC4111;N;Y;N;;;FX;;GNS, FPO;26.47;0.00;Fiber/Plastic;;1994-07-27;F32;1970-01-01;;1996-07-03
SWE000006561;;SWE;;;0.18;0.00;0.00;;5.40;0.00;No name;SFC4112;GG128;Bohus-Björkö;;Y;SFC4112;N;Y;N;;;FX;;FPO, GNS;10.29;0.00;Wood;;1994-07-28;F32;1975-01-01;1995-04-28;
SWE000006562;;SWE;;;0.47;0.00;0.00;;6.00;0.00;EDITH;SFC4113;HG82;Råå;;Y;SFC4113;N;Y;N;;;FX;;FPO, NO;11.76;0.00;Fiber/Plastic;;1994-07-28;4M1;1984-01-01;;1997-10-08
SWE000006563;;SWE;;;1.61;0.00;0.00;;5.80;0.00;FLUNDRAN;SFC4114;GG195;Hyppeln;;Y;SFC4114;N;Y;N;;;FX;;FPO;4.41;0.00;Fiber/Plastic;;1994-07-28;4M1;1969-01-01;;2000-10-30
SWE000006564;;SWE;;;3.26;0.00;0.00;;8.81;0.00;MARNY;SFC4115;SD47;Fjällbacka;;Y;SFC4115;N;Y;N;;;FX;;FPO, GND;61.03;0.00;Fiber/Plastic;;1994-07-29;4M1;1983-01-01;;1998-07-01
SWE000006565;;SWE;;;251.00;0.00;0.00;;33.75;0.00;MARINA AV HÖNÖ;SFCH;GG570;Hönö;;Y;SFCH;Y;N;N;;;FX;;OTM;663.00;450.00;Metal;;1976-01-01;MFL;1967-01-01;2007-01-12;
SWE000006566;;SWE;;;115.57;77.00;0.00;;21.77;0.00;KÄNNSKÄR;SFCO;SD45;Krossekärr;;Y;SFCO;Y;Y;N;;;FX;;OTB;268.00;0.00;Wood;;1976-01-01;F28;1948-01-01;1996-06-10;
SWE000006569;;SWE;;;9.87;10.00;0.00;;10.95;0.00;ANETTE;SFCR;KR6;Gräsgård;;Y;SFCR;N;Y;N;;;FX;;GNS, LHP;77.21;0.00;Wood;;1976-01-01;MFL;1949-01-01;;2012-08-20
SWE000006572;266169000;SWE;;;68.00;0.00;0.00;;15.73;0.00;TÄRNAN BÅTFJORDEN;SFDA;VG104;Bua;;Y;SFDA;Y;N;Y;;;FX;;OTB, NO;272.00;0.00;Metal;;1992-12-28;MFL;1992-01-01;;
SWE000006575;;SWE;;;39.14;31.00;0.00;;14.00;0.00;CEYLON;SFDO;SD259;Syd-Koster;;Y;SFDO;Y;Y;N;;;FX;;OTB;198.53;0.00;Wood;;1976-01-01;4M2;1933-01-01;2002-01-28;
SWE000006577;;SWE;;;88.00;0.00;0.00;;21.18;0.00;YVONNE II;SFEC;VG47;Bua;;Y;SFEC;Y;N;Y;;;FX;;TBN, OTB;294.00;0.00;Wood;;1976-01-01;MFL;1948-01-01;2010-08-10;
SWE000006578;;SWE;;;122.00;0.00;0.00;;23.75;0.00;NOLSÖ;SFEL;LL635;Väjern;;Y;SFEL;Y;Y;N;;;FX;;OTB;338.00;0.00;Wood;;1990-02-27;4M4;1961-01-01;1997-07-04;
SWE000006582;;SWE;;;108.96;74.00;0.00;;21.40;0.00;GULLFORS AF SMÖGEN;SFEY;LL917;Smögen;;Y;SFEY;Y;N;N;;;FX;;OTB;335.00;0.00;Wood;;1976-01-01;4M2;1949-01-01;1998-03-11;
SWE000006587;;SWE;;;101.00;0.00;0.00;;19.47;0.00;ESSEN;SFHD;SG240;Hörvik;;Y;SFHD;Y;N;N;;;FX;;GNS;310.00;30.00;Wood;;1976-01-01;4M5;1967-01-01;1998-03-25;
SWE000006589;;SWE;;;32.02;29.00;0.00;;13.44;0.00;VIRGO;SFHL;SD725;Strömstad;;Y;SFHL;Y;Y;N;;;FX;;FPO, NO;147.06;0.00;Wood;;1976-01-01;4M5;1926-01-01;;1999-08-18
SWE000006590;;SWE;;;90.00;0.00;0.00;;22.55;0.00;STJÄRNFORS;SFHM;LL394;Kungshamn;;Y;SFHM;Y;N;N;;;FX;;OTB;320.00;136.03;Wood;;1976-01-01;4M4;1962-01-01;;2001-01-27
SWE000006593;;SWE;;;115.27;74.00;0.00;;21.60;0.00;KUNGSVIK;SFIJ;GG276;Vrångö;;Y;SFIJ;Y;N;N;;;FX;;OTM, OTB;310.00;0.00;Wood;;1976-01-01;MFL;1948-01-01;;2003-04-17
SWE000006594;;SWE;;;97.00;0.00;0.00;;22.06;0.00;SUNDLAND;SFIQ;SD341;Grebbestad;;Y;SFIQ;Y;Y;N;;;FX;;OTB;254.00;0.00;Wood;;1976-01-01;MFL;1949-01-01;;2009-06-11
SWE000006595;266360000;SWE;;;17.00;0.00;0.00;;13.43;0.00;JANE;SFIT;;Herrvik;;Y;SFIT;Y;Y;Y;;;FX;;GTR, GNS;170.00;0.00;Metal;;1976-01-01;MFL;1975-01-01;;2025-01-16
SWE000006597;;SWE;;;161.00;0.00;0.00;;31.75;0.00;BRITTANA;SFJG;GG249;Källö-Knippla;;Y;SFJG;Y;Y;N;;;FX;;OTB, NO;735.00;117.65;Metal;;1976-01-01;MFL;1961-01-01;2006-08-17;
SWE000006600;;SWE;;;96.00;0.00;0.00;;22.73;0.00;VIND 2;SFJQ;KA347;Torhamn;;Y;SFJQ;Y;Y;N;;;FX;;OTB;320.00;11.76;Wood;;1976-01-01;F30;1948-01-01;1996-10-30;
SWE000006604;266092000;SWE;;;82.00;0.00;0.00;;22.93;0.00;HERMANÖ I;SFJX;UA302;Bovallstrand;;Y;SFJX;Y;Y;N;;;FX;;OTB, NO;191.00;0.00;Wood;;1976-01-01;MFL;1950-01-01;2007-07-20;
SWE000006605;;SWE;;;118.03;72.00;0.00;;21.26;0.00;SANDY;SFJY;KA160;Sturkö;;Y;SFJY;Y;Y;N;;;FX;;OTB;268.38;11.03;Wood;;1976-01-01;4M3;1947-01-01;1997-08-18;
SWE000006607;;SWE;;;143.00;0.00;0.00;;26.06;0.00;MARION III;SFKG;LL325;Kungshamn;;Y;SFKG;Y;Y;N;;;FX;;OTB, NO;455.00;11.76;Wood;;1976-01-01;4M2;1963-01-01;;2001-12-21
SWE000006610;266089000;SWE;;;88.00;0.00;0.00;;22.84;0.00;FERDER;SFKQ;SD451;Krossekärr;;Y;SFKQ;Y;Y;N;;;FX;;OTB;298.00;0.00;Wood;;1976-01-01;MFL;1949-01-01;;2008-09-04
SWE000006614;;SWE;;;128.43;70.00;0.00;;22.92;0.00;SKOGLAND;SFLB;LL587;Grundsund;;Y;SFLB;Y;N;N;;;FX;;OTB;257.35;0.00;Wood;;1976-01-01;F28;1950-01-01;1996-06-07;
SWE000006617;;SWE;;;123.86;70.00;0.00;;22.19;0.00;HAMMARÖ;SFLH;LL752;Väjern;;Y;SFLH;Y;N;N;;;FX;;OTB;285.00;0.00;Wood;;1976-01-01;4M4;1947-01-01;;2000-08-12
SWE000006621;;SWE;;;80.00;0.00;0.00;;21.10;0.00;HISPANO;SFLY;SIN74;Skillinge;;Y;SFLY;Y;N;N;;;FX;;OTB, NO;268.00;0.00;Wood;;1976-01-01;4M4;1937-01-01;;1998-09-02
SWE000006626;;SWE;;;105.13;74.00;0.00;;21.35;0.00;VÄDERÖ AF FISKETÅNGEN;SFMK;LL751;Kungshamn;;Y;SFMK;Y;N;N;;;FX;;OTB;253.00;0.00;Wood;;1976-01-01;4M2;1948-01-01;;2001-08-09
SWE000006628;;SWE;;;70.00;0.00;0.00;;22.10;0.00;ZAIDA AF KUNGSHAMN;SFMP;LL1497;;;Y;SFMP;N;N;N;;;FX;;OTB;294.00;0.00;Wood;;1976-01-01;MFL;1950-01-01;2018-10-15;
SWE000006632;265779000;SWE;;;191.00;0.00;0.00;;33.40;0.00;ORION;SFND;GG504;"Sandvik"", Styrsö";;Y;SFND;Y;N;Y;;;FX;;OTB, NO;662.00;500.00;Metal;;1976-01-01;MFL;1966-01-01;;2016-01-19
SWE000006633;;SWE;;;119.45;82.00;0.00;;22.27;0.00;HAVBRIS;SFNE;SD475;Nord-Koster;;Y;SFNE;Y;N;N;;;FX;;OTB;365.00;110.29;Wood;;1976-01-01;4M2;1948-01-01;1997-08-07;
SWE000006635;;SWE;;;61.00;0.00;0.00;;20.82;0.00;BOHUSLÄN AV FISKEBÄCK;SFNY;GG921;Fiskebäck;;Y;SFNY;Y;Y;N;;;FX;;OTM;273.00;0.00;Wood;;1976-01-01;MFL;1947-01-01;;2010-07-14
SWE000006639;;SWE;;;84.00;0.00;0.00;;22.18;0.00;VEGAS;SFOH;NG34;Oxelösund;;Y;SFOH;Y;N;N;;;FX;;GNS, OTB;410.00;0.00;Wood;;1976-01-01;4M4;1950-01-01;;2000-01-01
SWE000006642;;SWE;;;84.00;0.00;0.00;;22.70;0.00;SVANÖ AV VIDEBERG;SFOY;VG14;Videbergshamn;;Y;SFOY;Y;N;N;;;FX;;OTM;294.12;0.00;Wood;;1976-01-01;MFL;1950-01-01;;2010-01-20
SWE000006643;;SWE;;;53.00;0.00;0.00;;19.04;0.00;RÖNNSKÄR I;SFPC;TG12;Trelleborg;;Y;SFPC;Y;N;N;;;FX;;OTB;265.00;4.41;Wood;;1976-01-01;F30;1927-01-01;1996-12-17;
SWE000006646;;SWE;;;65.00;0.00;0.00;;19.98;0.00;HALLAREN;SFPO;LL625;Smögen;;Y;SFPO;Y;Y;N;;;FX;;OTB, NO;220.00;0.00;Wood;;1976-01-01;4M4;1943-01-01;;2000-04-09
SWE000006647;;SWE;;;131.32;83.00;0.00;;22.15;0.00;LISTERÖ;SFPQ;SD286;Hamburgsund;;Y;SFPQ;Y;N;N;;;FX;;OTB, GND;319.85;7.35;Wood;;1976-01-01;F30;1950-01-01;1996-01-29;
SWE000006652;;SWE;;;96.00;0.00;0.00;;22.74;0.00;SJÖFÅGEL 2;SFQH;GG486;Rörö;;Y;SFQH;Y;N;N;;;FX;;OTB, NO;283.00;0.00;Wood;;1976-01-01;4M2;1950-01-01;;1997-11-17
SWE000006664;;SWE;;;19.00;0.00;0.00;;14.97;0.00;JAGA;SFTQ;HA80;Storön;;Y;SFTQ;Y;Y;N;;;FX;;PTB, GNS;250.00;50.00;Metal;;1977-08-23;MFL;1977-01-01;;
SWE000006669;;SWE;;;126.66;78.00;0.00;;22.04;0.00;CAPLAND;SFUY;SD21;Havstenssund;;Y;SFUY;Y;Y;N;;;FX;;OTB, NO;227.94;0.00;Wood;;1976-01-01;F28;1951-01-01;1996-02-27;
SWE000006678;;SWE;;;119.49;71.00;0.00;;22.20;0.00;ZINDY;SFXB;VK3;Västervik;;Y;SFXB;Y;N;N;;;FX;;OTB, OTM;364.00;0.00;Wood;;1976-01-01;4M3;1951-01-01;;1999-08-01
SWE000006679;;SWE;;;84.00;0.00;0.00;;20.72;0.00;SVANLAND AV VRÅNGÖ;SFXV;GG967;Vrångö;;Y;SFXV;Y;Y;N;;;FX;;OTB;331.00;7.35;Wood;;1976-01-01;MFL;1951-01-01;;2008-09-15
SWE000006684;;SWE;;;233.00;0.00;0.00;;33.63;0.00;SUNNANLAND;SFZB;GG158;Fiskebäck;;Y;SFZB;Y;Y;N;;;FX;;OTM;736.00;283.09;Metal;;1976-01-01;4M3;1967-01-01;;
SWE000006685;;SWE;;;93.00;0.00;0.00;;22.80;0.00;BRITTON;SFZJ;VY33;Ronehamn;;Y;SFZJ;Y;N;N;;;FX;;OTB, GNS;280.00;0.00;Wood;;1976-01-01;4M4;1951-01-01;;2000-09-19
SWE000006688;;SWE;;;54.00;0.00;0.00;;18.27;0.00;DOVER;SFZV;GG317;Öckerö;;Y;SFZV;Y;Y;N;;;FX;;OTB, NO;170.00;3.68;Wood;;1976-01-01;F30;1936-01-01;1996-04-11;
SWE000006691;;SWE;;;71.66;48.00;0.00;;17.20;0.00;SILVANA;SGAB;SD921;Grebbestad;;Y;SGAB;Y;N;N;;;FX;;OTB;161.00;0.00;Wood;;1976-01-01;F30;1933-01-01;1996-06-28;
SWE000006693;;SWE;;;74.00;0.00;0.00;;21.03;0.00;SÄRÖ;SGAD;GG312;Fiskebäck;;Y;SGAD;Y;Y;N;;;FX;;OTB;331.00;5.15;Wood;;1993-07-20;F30;1961-01-01;1996-03-07;
SWE000006695;265754000;SWE;;;256.00;0.00;0.00;;35.00;0.00;VESTLAND;SGCF;VY242;Kappelshamn;;Y;SGCF;Y;N;Y;6909985;;FX;;OTB, OTM;660.00;150.00;Metal;;1975-12-31;MFL;1968-01-01;;
SWE000006696;;SWE;;;13.00;0.00;0.00;;13.07;0.00;MARIT;SGDA;HA81;Nikkala;;Y;SGDA;Y;N;N;;;FX;;PTB, FPO;149.00;0.00;Metal;;1977-11-24;MFL;1976-01-01;;2007-12-12
SWE000006698;;SWE;;;85.00;0.00;0.00;;22.09;0.00;RIO;SGDV;LL775;Smögen;;Y;SGDV;Y;N;N;;;FX;;OTB;310.00;0.00;Wood;;1976-01-01;4M2;1953-01-01;;2001-06-30
SWE000006701;;SWE;;;80.00;0.00;0.00;;20.75;0.00;STENSÖ;SGEI;VG108;Bua;;Y;SGEI;Y;N;N;;;FX;;OTM, OTB;397.00;11.03;Wood;;1976-01-01;MFL;1963-01-01;;2009-06-02
SWE000006703;;SWE;;;105.18;70.00;0.00;;21.14;0.00;TJÄRNÖ;SGEV;SD411;Strömstad;;Y;SGEV;Y;N;N;;;FX;;OTB;213.00;0.00;Wood;;1976-01-01;4M2;1946-01-01;1997-10-20;
SWE000006705;;SWE;;;99.24;71.00;0.00;;20.08;0.00;VINGARÖ AF STORÖN;SGFX;HA118;Storön;;Y;SGFX;Y;N;N;;;FX;;OTB, PTB;272.00;0.00;Wood;;1976-01-01;4M4;1954-01-01;2002-04-05;
SWE000006706;;SWE;;;41.00;0.00;0.00;;19.18;0.00;SYDVÅG;SGHA;GG705;Klädesholmen;;Y;SGHA;Y;N;N;;;FX;;OTB;235.00;0.00;Metal;;1977-12-16;MFL;1977-01-01;2010-10-13;
SWE000006709;;SWE;;;97.00;0.00;0.00;;22.55;0.00;RIGEL;SGHU;GG892;Hönö;;Y;SGHU;Y;N;N;;;FX;;OTB;334.00;25.74;Wood;;1986-08-29;4M4;1962-01-01;;1998-12-28
SWE000006713;265750000;SWE;;;284.00;0.00;0.00;;36.13;0.00;LAGUNA;SGIK;SIN50;Skillinge;;Y;SGIK;Y;N;Y;6709971;;FX;;PTM, NO;660.00;110.00;Metal;;1976-01-01;MFL;1966-01-01;;2023-09-26
SWE000006716;266191000;SWE;;;40.00;0.00;0.00;;17.47;0.00;LISTERÖ;SGIQ;;Hamburgsund;;Y;SGIQ;Y;N;Y;;;FX;;OTB, TBN;221.00;0.00;Wood;;1976-01-01;MFL;1936-01-01;;2015-04-26
SWE000006719;;SWE;;;106.00;0.00;0.00;;23.50;0.00;VIKINGÖ;SGJP;SD553;Havstenssund;;Y;SGJP;Y;N;N;;;FX;;OTB;463.00;57.35;Wood;;1976-01-01;4M2;1954-01-01;1997-07-02;
SWE000006721;;SWE;;;68.98;46.00;0.00;;17.79;0.00;BRANDY;SGJV;NG54;Oxelösund;;Y;SGJV;Y;N;N;;;FX;;OTB, NO;276.47;0.00;Wood;;1976-01-01;4M3;1911-01-01;;1999-03-01
SWE000006723;265710000;SWE;;;568.00;0.00;0.00;;46.60;0.00;MONSUN;SGKB;GG934;Donsö;;Y;SGKB;Y;N;N;;;FX;;OTM;1950.00;441.18;Metal;;1993-09-03;MFL;1981-01-01;;
SWE000006727;266410000;SWE;;;29.00;0.00;0.00;;13.83;0.00;SILVERÖN;SGLF;SD191;Strömstad;;Y;SGLF;Y;N;Y;;;FX;;TBN, OTB;177.00;0.00;Wood;;1975-12-31;MFL;1949-01-01;;2025-06-03
SWE000006729;;SWE;;;50.00;0.00;0.00;;17.01;0.00;NATALIE AF TÖRE;SGLJ;HA25;Sören;;Y;SGLJ;Y;N;N;;;FX;;OTB, NO;221.00;0.00;Wood;;1976-01-01;MFL;1950-01-01;;2019-07-11
SWE000006730;;SWE;;;43.00;0.00;0.00;;17.27;0.00;TÄRNÖ;SGLQ;KR206;Byxelkrok;;Y;SGLQ;Y;N;N;;;FX;;OTB;217.00;0.00;Wood;;1976-01-01;4M3;1936-01-01;;2000-07-01
SWE000006733;;SWE;;;127.00;0.00;0.00;;23.96;0.00;ÄLVFJORD;SGMF;GG35;Bohus-Björkö;;Y;SGMF;Y;Y;N;;;FX;;OTB;397.00;26.47;Wood;;1976-01-01;4M2;1954-01-01;;2000-04-12
SWE000006738;265704000;SWE;;;234.00;0.00;6.00;;33.85;0.00;VINGASAND;SGND;GG690;Fiskebäck;;Y;SGND;Y;N;Y;6721101;;FX;;OTM, NO;1066.00;230.00;Metal;;1978-03-20;MFL;1967-01-01;;
SWE000006739;;SWE;;;28.83;25.00;0.00;;13.80;0.00;CAROLA AV FOTÖ;SGNE;GG862;Fotö;;Y;SGNE;Y;N;N;;;FX;;TBN, OTB;165.44;0.00;Wood;;1976-01-01;MFL;1951-01-01;;2011-11-15
SWE000006740;;SWE;;;19.82;18.00;0.00;;12.67;0.00;PELIKAN;SGNF;VY188;Slite;;Y;SGNF;Y;N;N;;;FX;;GNS, NO;150.00;0.00;Metal;;1978-03-22;4M5;1978-01-01;;1998-07-23
SWE000006742;265716000;SWE;;;221.00;0.00;31.00;;32.06;0.00;SVANVIK;SGNM;GG578;Fotö;;Y;SGNM;Y;N;Y;5050397;;FX;;OTB, NO;705.00;140.00;Metal;;1976-01-01;MFL;1961-01-01;;2024-10-17
SWE000006743;;SWE;;;56.00;0.00;0.00;;19.48;0.00;MARITA;SGNO;HA15;Hasslö;;Y;SGNO;Y;Y;N;;;FX;;PTB, FPO;147.06;0.00;Metal;;1976-01-01;4M3;1905-01-01;;2002-07-04
SWE000006744;;SWE;;;76.00;0.00;0.00;;20.10;0.00;TÅNGÖ;SGNP;SD297;Grebbestad;;Y;SGNP;Y;N;N;;;FX;;OTB;323.53;0.00;Wood;;1976-01-01;4M2;1944-01-01;1999-05-28;
SWE000006746;;SWE;;;18.00;0.00;0.00;;13.00;0.00;RÖNNVIK;SGNZ;HA60;Storön;;Y;SGNZ;Y;N;N;;;FX;;GNS;154.41;0.00;Metal;;1978-04-13;MFL;1977-01-01;;2018-07-19
SWE000006751;;SWE;;;188.39;99.00;0.00;;25.43;0.00;STJÄRNVIK 1;SGOV;GG449;"Sandvik"", Styrsö";;Y;SGOV;Y;N;N;;;FX;;OTB, NO;800.00;17.65;Wood;;1976-01-01;F28;1955-01-01;1996-03-22;
SWE000006757;;SWE;;;17.00;0.00;0.00;;12.77;0.00;IDUN;SGPN;GG844;Björholmen;;Y;SGPN;Y;N;N;;;FX;;GNS;115.00;0.00;Wood;;1978-05-05;4M5;1956-01-01;;2000-10-21
SWE000006758;;SWE;;;113.00;0.00;0.00;;25.73;0.00;ARIZONA;SGPR;GG111;Önnered;;Y;SGPR;Y;N;N;;;FX;;OTB;485.29;18.38;Wood;;1976-01-01;4M3;1966-01-01;2001-12-28;
SWE000006760;;SWE;;;99.00;0.00;0.00;;23.08;0.00;HÅLLÖVÅG;SGQB;SIN62;Skillinge;;Y;SGQB;Y;Y;N;;;FX;;OTB;272.06;0.00;Wood;;1976-01-01;4M3;1955-01-01;;2001-11-15
SWE000006766;;SWE;;;169.36;97.00;0.00;;24.21;0.00;SILVERMOON;SGTH;SIN161;Simrishamn;;Y;SGTH;Y;N;N;;;FX;;OTB, NO;529.00;11.03;Wood;;1976-01-01;F30;1955-01-01;1996-09-27;
SWE000006767;266398000;SWE;;;19.00;0.00;0.00;;13.99;0.00;VILMA AV STORÖN;SFE2780;HA30;Storön;;Y;SFE2780;Y;N;Y;;;FX;;PTB, GNS;202.00;0.00;Metal;;2019-02-04;MFL;1979-01-01;;
SWE000006768;;SWE;;;32.00;0.00;0.00;;14.35;0.00;SALTSKÄR;SGTY;FG6;Glommen;;Y;SGTY;Y;N;N;;;FX;;OTB;169.00;0.00;Wood;;1976-01-01;MFL;1955-01-01;2010-04-07;
SWE000006770;266145000;SWE;;;73.00;0.00;0.00;;17.09;0.00;GLITTFORS;SGUM;GG200;Bohus-Björkö;;Y;SGUM;Y;N;Y;;;FX;;TBN, OTB;354.00;25.74;Metal;;1994-02-14;MFL;1981-01-01;;
SWE000006772;;SWE;;;18.29;18.00;0.00;;12.20;0.00;ANITA AV KÅREHAMN;SGWB;KR14;Kårehamn;;Y;SGWB;Y;N;N;;;FX;;GNS, LHP;147.06;8.09;Wood;;1976-01-01;4M5;1953-01-01;;1999-04-01
SWE000006774;265446000;SWE;;;408.00;0.00;0.00;;38.05;0.00;RIGEL AF FOTÖ;SGWI;GG123;Fotö;;Y;SGWI;Y;N;N;;;FX;;OTM;1100.00;551.47;Metal;;1994-03-16;MFL;1976-01-01;2005-11-01;
SWE000006776;;SWE;;;123.00;0.00;0.00;;23.99;0.00;WIND;SGWV;KA347;Torhamn;;Y;SGWV;Y;N;N;;;FX;;OTB;397.00;102.94;Wood;;1976-01-01;4M3;1956-01-01;;
SWE000006779;;SWE;;;379.00;0.00;0.00;;36.38;0.00;NORDIC;SGXH;GG270;Fiskebäck;;Y;SGXH;Y;Y;N;;;FX;;OTM;1020.00;198.53;Metal;;1994-04-25;MFL;1974-01-01;;2011-02-12
SWE000006782;;SWE;;;190.00;0.00;0.00;;33.00;0.00;VINGAFORS;SGXT;KA342;Sturkö;;Y;SGXT;Y;Y;N;;;FX;;OTB;880.00;330.88;Metal;;1978-07-14;4M4;1968-01-01;1998-10-15;
SWE000006784;;SWE;;;175.29;99.00;0.00;;24.81;0.00;LÄCKÖ;SGXV;GG221;Marstrand;;Y;SGXV;Y;Y;N;;;FX;;OTB, NO;485.00;7.35;Wood;;1976-01-01;F28;1956-01-01;;1996-05-14
SWE000006785;;SWE;;;21.85;24.00;0.00;;13.63;0.00;LISA-MARIE;SGXZ;FG137;Glommen;;Y;SGXZ;Y;Y;N;;;FX;;OTB;145.00;0.00;Metal;;1978-08-07;4M4;1978-01-01;;
SWE000006786;;SWE;;;302.36;135.00;0.00;;31.42;0.00;BRATTVÅG;SGYA;GG582;Karlskrona-Saltö;;Y;SGYA;Y;Y;N;;;FX;;OTB, NO;735.00;147.06;Metal;;1978-07-21;4M2;1966-01-01;;
SWE000006787;265791000;SWE;;;202.00;0.00;0.00;;30.02;0.00;RIMFORS;SGYD;LL107;Fisketången;;Y;SGYD;Y;N;Y;;;FX;;OTB, NO;588.00;257.42;Metal;;1976-01-01;MFL;1961-01-01;;2015-07-20
SWE000006789;;SWE;;;36.00;0.00;0.00;;14.68;0.00;CAMO;SGYZ;VG70;Träslövsläge;;Y;SGYZ;Y;N;N;;;FX;;OTB, NO;221.00;0.00;Metal;;1979-06-11;MFL;1979-01-01;;
SWE000006790;265783000;SWE;;;211.00;0.00;0.00;;33.60;0.00;CRONA;SGZA;GG663;Fiskebäck;;Y;SGZA;Y;N;N;;;FX;;OTM, NO;660.00;161.76;Metal;;1978-08-16;MFL;1968-01-01;;
SWE000006791;;SWE;;;422.00;0.00;0.00;;39.82;0.00;VÄSTFJORD;XSGZEX;GG218;Fotö;;Y;XSGZEX;Y;Y;N;6721357;;FX;;OTM;1387.00;294.12;Metal;;1976-01-01;MFL;1967-01-01;;
SWE000006792;;SWE;;;138.35;82.00;0.00;;22.44;0.00;ALMY;SGZH;GG25;Öckerö;;Y;SGZH;Y;N;N;;;FX;;OTB;340.00;0.00;Wood;;1976-01-01;4M4;1963-01-01;;1998-09-26
SWE000006793;;SWE;;;17.00;0.00;0.00;;12.83;0.00;NORDSJÖ;SGZX;NG21;Sand;;Y;SGZX;Y;N;N;;;FX;;GND, GNS;99.26;0.00;Wood;;1978-08-31;4M5;1965-01-01;;2000-03-08
SWE000006794;;SWE;;;115.00;0.00;0.00;;24.32;0.00;NORDLAND;SGZY;VG30;Träslövsläge;;Y;SGZY;Y;N;N;;;FX;;OTM;293.00;110.29;Wood;;1976-01-01;MFL;1957-01-01;;2010-04-23
SWE000006795;;SWE;;;240.00;0.00;0.00;;33.60;0.00;VEGAS;SHAB;GG16;Göteborg;;Y;SHAB;Y;N;N;;;FX;;OTM, OTB;735.29;317.65;Metal;;1978-09-04;4M3;1969-01-01;2002-12-03;
SWE000006796;266185000;SWE;;;39.00;0.00;0.00;;15.53;0.00;KUNGSÖ;SHAN;SIN59;Simrishamn;;Y;SHAN;Y;N;Y;;;FX;;OTB, NO;175.00;0.00;Wood;;1978-09-05;MFL;1958-01-01;;
SWE000006798;;SWE;;;71.00;0.00;0.00;;19.68;0.00;HJÄLMAREN;XSHAQX;LL204;Smögen;;Y;XSHAQX;Y;N;N;;;FX;;OTB;221.00;0.00;Wood;;1976-01-01;MFL;1943-01-01;2005-10-12;
SWE000006802;;SWE;;;217.00;0.00;0.00;;32.31;0.00;VALÖSKÄR;SHCG;GG410;Vrångö;;Y;SHCG;Y;N;Y;6519754;;FX;;OTB;733.00;208.00;Metal;;1994-09-01;MFL;1965-01-01;;2019-08-14
SWE000006803;;SWE;;;118.00;0.00;0.00;;24.91;0.00;SAIBON;SHCQ;LL248;Kungshamn;;Y;SHCQ;Y;Y;N;;;FX;;OTB;404.00;4.41;Wood;;1976-01-01;MFL;1957-01-01;;2010-06-04
SWE000006807;;SWE;;;46.39;39.00;0.00;;15.19;0.00;ÖLJAREN;SHDL;NG1;;;Y;SHDL;Y;N;N;;;FX;;OTB, GNS;154.00;5.15;Wood;;1976-01-01;4M3;1929-01-01;2002-12-11;
SWE000006809;;SWE;;;28.00;0.00;0.00;;12.25;0.00;KORALL;SHEL;KR19;Byxelkrok;;Y;SHEL;Y;Y;N;;;FX;;GNS, GND;45.00;0.00;Wood;;1995-10-20;4M5;1956-01-01;1998-07-09;
SWE000006810;266368000;SWE;;;25.00;0.00;0.00;;13.13;0.00;RIZONA;SHEP;SM28;Möja;;Y;SHEP;Y;N;Y;;;FX;;GNS, LHP;175.00;0.00;Wood;;1975-12-31;MFL;1950-01-01;;2025-04-09
SWE000006812;;SWE;;;27.00;0.00;0.00;;14.40;0.00;SILVERFORS;SHEU;VG161;Träslövsläge;;Y;SHEU;Y;Y;N;;;FX;;OTM;173.00;0.00;Wood;;1976-01-01;MFL;1960-01-01;;
SWE000006814;266144000;SWE;;;37.00;0.00;0.00;;16.57;0.00;GULLBRIS;SHFQ;LL467;Smögen;;Y;SHFQ;Y;N;Y;;;FX;;OTB;280.00;0.00;Wood;;1975-12-31;MFL;1957-01-01;;
SWE000006816;;SWE;;;309.00;0.00;39.00;;35.02;0.00;PFG 1;SHGC;GG89;Ängholmen;;Y;SHGC;Y;Y;N;;;FX;;OTM;883.00;191.18;Metal;;1978-11-01;MFL;1969-01-01;;2010-05-18
SWE000006817;;SWE;;;107.00;0.00;0.00;;24.87;0.00;ZIVA;SHGJ;GG264;Vrångö;;Y;SHGJ;Y;N;N;;;FX;;OTB;610.00;29.41;Wood;;1976-01-01;MFL;1957-01-01;2004-02-09;
SWE000006819;;SWE;;;26.00;0.00;0.00;;14.00;0.00;PAMPERO;SHIA;KA108;Hasslö;;Y;SHIA;Y;N;N;;;FX;;GNS, LHP;110.29;0.00;Metal;;1978-11-03;MFL;1978-01-01;2007-03-14;
SWE000006821;266409000;SWE;;;26.00;0.00;0.00;;13.90;0.00;FREJA;SHIL;LL115;Kungshamn;;Y;SHIL;Y;N;Y;;;FX;;TBN, NO;255.00;3.68;Wood;;1978-11-05;MFL;1978-01-01;;
SWE000006822;;SWE;;;80.51;56.00;0.00;;18.88;0.00;VARDÖ 1;SHIP;LL813;Smögen;;Y;SHIP;Y;N;N;;;FX;;OTB, OTM;217.00;0.00;Wood;;1976-01-01;4M4;1942-01-01;1997-12-04;
SWE000006824;;SWE;;;18.00;0.00;0.00;;13.24;0.00;TUBORG;SHJE;GG77;Fiskebäck;;Y;SHJE;Y;N;N;;;FX;;OTB, GND;235.00;0.00;Metal;;1978-11-09;4M4;1978-01-01;;
SWE000006825;;SWE;;;40.00;0.00;0.00;;17.15;0.00;SYDLAND;SHJL;GG16;Fiskebäck;;Y;SHJL;Y;N;N;;;FX;;OTB;250.00;3.31;Wood;;1976-01-01;MFL;1956-01-01;;2007-02-24
SWE000006829;266154000;SWE;;;51.00;0.00;0.00;;15.61;0.00;SOLANA;SHJY;KR210;Byxelkrok;;Y;SHJY;Y;N;Y;;;FX;;OTM, OTB;280.00;0.00;Wood;;1976-01-01;MFL;1958-01-01;;2021-08-21
SWE000006831;;SWE;;;271.00;0.00;0.00;;34.38;0.00;HÄNDELÖN;SHKQ;VK107;Västervik;;Y;SHKQ;Y;N;N;;;FX;;OTB, NO;750.00;238.97;Metal;;1978-11-17;MFL;1968-01-01;2009-08-06;
SWE000006834;;SWE;;;22.00;0.00;0.00;;13.37;0.00;REGÖ;SHLB;VY99;Närshamn;;Y;SHLB;Y;N;N;;;FX;;GNS, LHP;176.00;0.00;Wood;;1976-01-01;MFL;1956-01-01;;2006-10-10
SWE000006839;;SWE;;;123.00;0.00;0.00;;25.55;0.00;SUNNAREN;SHLY;LL310;Hasselösund;;Y;SHLY;Y;N;N;;;FX;;OTB, NO;441.00;26.47;Wood;;1976-01-01;4M2;1958-01-01;2002-06-19;
SWE000006841;;SWE;;;56.00;0.00;0.00;;19.23;0.00;WINGA II;SHMB;SD454;Havstenssund;;Y;SHMB;Y;N;N;;;FX;;PS, NO;239.00;0.00;Wood;;1976-01-01;MFL;1932-01-01;;2010-09-17
SWE000006843;;SWE;;;11.85;12.00;0.00;;10.97;0.00;TÄRNÖ;XSHMIX;KR19;Byxelkrok;;Y;XSHMIX;N;Y;N;;;FX;;OTB, FPO;88.24;0.00;Wood;;1976-01-01;MFL;1960-01-01;;2013-08-14
SWE000006844;;SWE;;;53.00;0.00;0.00;;18.01;0.00;MILORD;SHMK;SM131;Öregrund;;Y;SHMK;Y;N;N;;;FX;;GNS, GND;239.00;0.00;Wood;;1976-01-01;4M5;1961-01-01;1997-07-29;
SWE000006852;;SWE;;;22.00;0.00;0.00;;13.62;0.00;FALKVÅG;SHOZ;SM79;Öregrund;;Y;SHOZ;Y;N;N;;;FX;;GNS;270.00;0.00;Wood;;1976-01-01;MFL;1958-01-01;;2008-12-24
SWE000006853;;SWE;;;29.00;0.00;0.00;;14.77;0.00;LISTER;SHPB;VY55;Visby;;Y;SHPB;Y;N;N;;;FX;;OTB, FPO;147.00;0.00;Wood;;1976-01-01;MFL;1958-01-01;;2004-11-16
SWE000006855;;SWE;;;105.49;69.00;0.00;;20.72;0.00;SANDEFJORD;SHPI;GG781;Fotö;;Y;SHPI;Y;N;N;;;FX;;OTB;221.00;0.00;Wood;;1976-01-01;4M4;1946-01-01;;2000-12-23
SWE000006856;;SWE;;;51.00;0.00;0.00;;16.17;0.00;EROS II;SHPJ;SD511;Resö;;Y;SHPJ;Y;N;N;;;FX;;OTB;275.00;7.35;Wood;;1976-01-01;MFL;1959-01-01;;2012-08-10
SWE000006858;;SWE;;;270.00;0.00;0.00;;37.46;0.00;SILVERFORS;SHPT;VG161;Träslövsläge;;Y;SHPT;Y;N;N;6519156;;FX;;OTM, OTB;735.00;308.82;Metal;;1978-12-19;MFL;1965-01-01;;
SWE000006863;265707000;SWE;;;205.00;0.00;0.00;;33.60;0.00;SILVERVÅG;SHRQ;GG784;Hönö;;Y;SHRQ;Y;N;N;;;FX;;OTM;1014.00;191.18;Metal;;1979-01-19;MFL;1969-01-01;;
SWE000006864;266387000;SWE;;;29.00;0.00;0.00;;14.30;0.00;RISÖR;SHRX;MÖ67;Skanör;;Y;SHRX;Y;N;N;;;FX;;GNS;195.00;7.35;Wood;;1976-01-01;MFL;1959-01-01;;2024-03-22
SWE000006866;;SWE;;;124.00;0.00;0.00;;25.07;0.00;BOHUSÖ;SHTC;GG847;Hälsö;;Y;SHTC;Y;N;N;;;FX;;OTB, NO;315.00;13.24;Wood;;1976-01-01;4M4;1959-01-01;1998-01-29;
SWE000006873;;SWE;;;122.00;0.00;0.00;;23.85;0.00;ZAIDA AF FISKETÅNGEN;SHUQ;LL497;Kungshamn;;Y;SHUQ;Y;N;Y;;;FX;;OTB, NO;314.00;7.35;Wood;;1976-01-01;MFL;1959-01-01;;2017-08-31
SWE000006875;;SWE;;;28.16;23.00;0.00;;14.76;0.00;CALA MARIS;SHUY;SM189;Öregrund;;Y;SHUY;Y;Y;N;;;FX;;OTB;132.00;0.00;Wood;;1979-02-19;4M4;1958-01-01;1997-12-11;
SWE000006882;;SWE;;;21.00;0.00;0.00;;14.05;0.00;DANA MARI;SHWN;KA120;Hasslö;;Y;SHWN;Y;Y;N;;;FX;;GNS, LHP;175.00;0.00;Metal;;1979-11-29;MFL;1979-01-01;;2006-03-29
SWE000006883;;SWE;;;49.15;36.00;0.00;;15.96;0.00;VIKEN AV RÖRÖ;SHWX;GG732;Rörö;;Y;SHWX;Y;Y;N;;;FX;;OTB;198.00;0.00;Wood;;1976-01-01;F28;1935-01-01;1996-04-15;
SWE000006885;;SWE;;;84.00;0.00;0.00;;18.94;0.00;WAILETT AF ROSSÖ;SHXC;SD392;Rossö;;Y;SHXC;Y;N;N;;;FX;;OTB;235.00;16.18;Other;;1981-10-20;MFL;1981-01-01;2010-04-26;
SWE000006886;265771000;SWE;;;133.00;0.00;0.00;;23.98;0.00;RINDI;SHXL;;Stora Risten;;Y;SHXL;Y;N;Y;;;FX;;OTB;292.00;147.06;Wood;;1976-01-01;MFL;1966-01-01;;2015-09-22
SWE000006889;;SWE;;;66.00;0.00;0.00;;19.48;0.00;NOLSÖ;SHYJ;LL635;Väjern;;Y;SHYJ;Y;N;N;;;FX;;OTB;294.12;0.00;Metal;;1979-08-10;MFL;1979-01-01;;
SWE000006890;;SWE;;;311.00;0.00;0.00;;37.90;0.00;DYNING;SHYN;GG318;Fiskebäck;;Y;SHYN;Y;Y;N;;;FX;;OTM, OTB;780.00;441.18;Metal;;1979-04-30;MFL;1965-01-01;;2017-01-03
SWE000006891;;SWE;;;252.00;0.00;0.00;;35.59;0.00;OPUS;SHYP;GG329;Donsö;;Y;SHYP;Y;N;N;;;FX;;OTM;854.00;264.71;Metal;;1976-01-01;F29;1960-01-01;1996-01-01;
SWE000006894;;SWE;;;47.00;0.00;0.00;;16.85;0.00;INGEBORG;SHZX;SM89;Yxlö;;Y;SHZX;Y;Y;N;;;FX;;GNS;220.00;40.44;Wood;;1976-01-01;MFL;1960-01-01;;2008-07-23
SWE000006895;;SWE;;;30.00;0.00;0.00;;14.80;0.00;CAMINA;SIAB;VY40;Vändburg;;Y;SIAB;Y;N;N;;;FX;;FPO, LHP;155.00;3.68;Wood;;1976-01-01;MFL;1959-01-01;2007-01-05;
SWE000006899;;SWE;;;41.00;0.00;0.00;;16.10;0.00;DONSÖ;SIAW;VG164;Varberg;;Y;SIAW;Y;Y;Y;;;FX;;OTB, FPO;147.06;0.00;Wood;;1976-01-01;MFL;1965-01-01;2010-08-30;
SWE000006900;;SWE;;;118.00;0.00;0.00;;24.20;0.00;AFRODITE AF KÄMPERSVIK;SIAZ;SD20;Kämpersvik;;Y;SIAZ;Y;N;N;;;FX;;OTB;485.00;14.71;Wood;;1976-01-01;4M2;1960-01-01;2002-01-29;
SWE000006901;;SWE;;;215.00;0.00;0.00;;35.05;0.00;NORDIC AF ÖNNERED;XSIBAX;GG270;Önnered;;Y;XSIBAX;Y;Y;N;;;FX;;OTM, OTB;750.00;257.35;Metal;;1979-05-16;F29;1965-01-01;1996-06-26;
SWE000006904;266156000;SWE;;;54.00;0.00;0.00;;16.72;0.00;VIKEFJORD;SIBX;LL425;Ulebergshamn;;Y;SIBX;Y;N;Y;;;FX;;OTB;291.00;0.00;Wood;;1975-12-31;MFL;1960-01-01;;
SWE000006905;265519720;SWE;;;15.81;0.00;0.00;;11.89;0.00;BUFFI;SFC9886;MÖ172;Skanör;;Y;SFC9886;N;Y;Y;;;FX;;GNS;190.00;0.00;Fiber/Plastic;;2012-09-13;MFL;1979-01-01;;
SWE000006906;;SWE;;;182.00;0.00;0.00;;31.13;0.00;EMILIA;SICJ;SIN138;Fotö;;Y;SICJ;Y;N;N;;;FX;;OTB;620.00;110.29;Metal;;1976-01-01;4M3;1960-01-01;;
SWE000006908;;SWE;;;174.00;0.00;0.00;;31.80;0.00;GANLER;XSICPX;GG464;Fiskebäck;;Y;XSICPX;Y;N;N;;;FX;;OTM, OTB;735.29;102.94;Metal;;1976-01-01;F32;1960-01-01;;1995-10-12
SWE000006910;265711000;SWE;;;135.00;0.00;0.00;;25.05;0.00;FALKLAND AV TRÄSLÖVSLÄGE;SICZ;VG10;Träslövsläge;;Y;SICZ;Y;Y;N;;;FX;;OTM, NO;265.00;88.24;Wood;;1976-01-01;MFL;1960-01-01;;2011-03-25
SWE000006912;265759000;SWE;;;307.00;0.00;0.00;;38.61;0.00;ODESKÄR;SIDC;GG850;Vrångö;;Y;SIDC;Y;N;Y;6725004;;FX;;OTM, NO;736.00;294.12;Metal;;1979-06-13;MFL;1967-01-01;;
SWE000006914;;SWE;;;121.00;0.00;0.00;;23.02;0.00;ELASMO;SIDJ;SM248;Rävsnäs;;Y;SIDJ;Y;Y;N;;;FX;;OTB;485.00;14.71;Wood;;1976-01-01;4M2;1960-01-01;2002-01-03;
SWE000006916;;SWE;;;168.03;99.00;0.00;;24.08;0.00;FANÖ;SIDZ;VG65;Träslövsläge;;Y;SIDZ;Y;N;N;;;FX;;OTB;400.00;3.68;Wood;;1976-01-01;4M3;1960-01-01;;1998-02-10
SWE000006920;265712000;SWE;;;128.00;0.00;0.00;;24.66;0.00;WESTLAND;SIEL;VG45;Träslövsläge;;Y;SIEL;Y;N;N;;;FX;;OTM;486.00;58.82;Wood;;1976-01-01;MFL;1962-01-01;;2010-03-19
SWE000006921;;SWE;;;42.00;0.00;0.00;;16.60;0.00;VIKEN;SIEM;VY43;Botvaldevik;;Y;SIEM;Y;N;Y;;;FX;;OTB, GNS;300.00;0.00;Wood;;1976-01-01;MFL;1960-01-01;2008-01-28;
SWE000006922;265027000;SWE;;;47.00;0.00;0.00;;16.03;0.00;MODE;SFE3819;GG50;Fiskebäck;;Y;SFE3819;Y;N;Y;;;FX;;OTB, OTM;383.00;0.00;Wood;;2020-02-06;MFL;1979-01-01;;
SWE000006923;;SWE;;;203.00;0.00;0.00;;33.60;0.00;SUNNANSKÄR;SIEQ;GG359;Fiskebäck;;Y;SIEQ;Y;N;N;;;FX;;OTM;885.00;257.35;Metal;;1979-06-27;4M3;1968-01-01;;
SWE000006925;;SWE;;;115.00;0.00;0.00;;23.98;0.00;ERANTO;SIFH;VG185;Träslövsläge;;Y;SIFH;Y;N;N;;;FX;;OTB;588.24;0.00;Wood;;1976-01-01;4M4;1960-01-01;2002-01-23;
SWE000006927;266365000;SWE;;;21.00;0.00;0.00;;12.73;0.00;ATLAS AV TRÄSLÖVSLÄGE;SIFQ;VG86;Träslövsläge;;Y;SIFQ;Y;N;Y;;;FX;;FPO;198.00;0.00;Wood;;1989-03-16;MFL;1979-01-01;;
SWE000006932;266411000;SWE;;;17.91;18.00;0.00;;12.50;0.00;BRATTSKÄR;SIGC;SD47;Nord-Koster;;Y;SIGC;Y;N;Y;;;FX;;OTB;199.00;0.00;Metal;;1979-07-17;MFL;1979-01-01;;
SWE000006933;;SWE;;;188.00;0.00;0.00;;26.75;0.00;KATJA;SIGD;GG1229;Fiskebäck;;Y;SIGD;Y;N;N;;;FX;;OTB, LHP;635.00;73.53;Fiber/Plastic;;1979-07-26;4M4;1979-01-01;;1999-01-28
SWE000006934;;SWE;;;199.00;0.00;0.00;;29.36;0.00;KENTY;SIGH;GG517;Donsö;;Y;SIGH;Y;N;N;;;FX;;OTB, OTM;588.00;63.24;Metal;;1979-07-26;4M4;1959-01-01;;
SWE000006938;;SWE;;;202.00;0.00;0.00;;33.75;0.00;SVANLAND AV VRÅNGÖ;SIHL;GG967;Vrångö;;Y;SIHL;Y;N;N;;;FX;;OTM;882.00;51.47;Metal;;1979-08-27;4M3;1967-01-01;;
SWE000006939;266382000;SWE;;;25.00;0.00;0.00;;14.25;0.00;NOLSÖ;SIHO;KA24;Sturkö;;Y;SIHO;Y;N;N;;;FX;;OTM, NO;220.59;0.00;Wood;;1979-09-03;MFL;1961-01-01;;2023-07-06
SWE000006942;266358000;SWE;;;27.00;0.00;0.00;;14.98;0.00;ANNE-RITA;SIHW;VY183;Sysne;;Y;SIHW;Y;N;Y;;;FX;;GNS;221.00;27.94;Wood;;1979-10-14;MFL;1974-01-01;;
SWE000006943;;SWE;;;22.56;0.00;0.00;;12.49;0.00;MARY II;SIHX;KR27;Byxelkrok;;Y;SIHX;Y;N;N;;;FX;;OTB, OTM;150.00;3.68;Wood;;1976-01-01;MFL;1951-01-01;;2017-05-23
SWE000006944;266399000;SWE;;;18.00;0.00;0.00;;12.44;0.00;ATLAS MARI;SIHY;KA19;;;Y;SIHY;Y;Y;N;;;FX;;GNS, LHP;117.65;0.00;Wood;;1979-09-24;MFL;1965-01-01;;2015-12-12
SWE000006945;;SWE;;;249.25;124.00;0.00;;27.91;0.00;CRESCENT;SIJK;SIN37;Brantevik;;Y;SIJK;Y;N;N;;;FX;;GNS, OTB;660.00;0.00;Wood;;1976-01-01;F32;1965-01-01;1996-07-17;
SWE000006946;;SWE;;;26.00;0.00;0.00;;14.30;0.00;SEALAND;SIJQ;KA85;"Sandhamn"", Karlskrona";;Y;SIJQ;Y;N;N;;;FX;;GNS, LHP;195.00;0.00;Wood;;1979-09-10;4M5;1947-01-01;;2002-06-07
SWE000006948;;SWE;;;108.00;0.00;0.00;;24.41;0.00;KINNARD;SIJW;KA391;Sturkö;;Y;SIJW;Y;N;N;;;FX;;OTB, GNS;441.00;6.00;Wood;;1976-01-01;4M4;1961-01-01;1997-07-31;
SWE000006949;;SWE;;;127.00;0.00;0.00;;24.90;0.00;VIKINGBERG;SIJY;SD69;Havstenssund;;Y;SIJY;Y;N;N;;;FX;;OTB;430.00;139.71;Wood;;1976-01-01;4M2;1963-01-01;;1999-11-12
SWE000006950;266161000;SWE;;;35.00;0.00;0.00;;15.35;0.00;CARONA;SIKA;;Resö;;Y;SIKA;Y;N;Y;;;FX;;OTB;238.00;0.00;Wood;;1979-09-12;MFL;1942-01-01;;2023-03-14
SWE000006951;;SWE;;;55.35;40.00;0.00;;16.90;0.00;LILLEVIK;SIKB;SIN58;Simrishamn;;Y;SIKB;Y;N;N;;;FX;;GNS, OTB;221.00;5.15;Wood;;1976-01-01;4M5;1950-01-01;;2000-11-15
SWE000006952;;SWE;;;57.12;41.00;0.00;;16.41;0.00;GUNNEL;SIKC;SD385;Strömstad;;Y;SIKC;Y;Y;N;;;FX;;OTB;220.00;0.00;Wood;;1976-01-01;F28;1935-01-01;1996-05-29;
SWE000006954;265756000;SWE;;;222.00;0.00;0.00;;31.30;0.00;RIGEL;SIKG;GG892;Fotö;;Y;SIKG;Y;N;Y;;;FX;;OTB, NO;660.00;99.26;Metal;;1976-01-01;MFL;1962-01-01;;
SWE000006955;266164000;SWE;;;43.00;0.00;0.00;;16.58;0.00;ODDERÖ;SIKR;SD748;Nord-Koster;;Y;SIKR;Y;N;Y;;;FX;;OTB, NO;256.00;0.00;Wood;;1975-12-31;MFL;1966-01-01;;
SWE000006959;;SWE;;;249.00;0.00;0.00;;35.80;0.00;TORBAS JR;SILC;KA151;Hasslö;;Y;SILC;Y;N;N;;;FX;;OTM;662.00;161.76;Metal;;1976-01-01;4M3;1964-01-01;;
SWE000006960;;SWE;;;147.00;0.00;0.00;;26.81;0.00;VÄSTANÖ;SILO;GG41;Dyrön;;Y;SILO;Y;N;N;;;FX;;OTB, NO;566.00;50.00;Wood;;1976-01-01;4M2;1965-01-01;;1999-04-15
SWE000006962;266067000;SWE;;;97.00;0.00;0.00;;22.98;0.00;WASAREN;SILV;GG106;Fiskebäck;;Y;SILV;Y;N;N;;;FX;;OTB, NO;485.00;44.85;Wood;;1976-01-01;MFL;1965-01-01;;2012-04-13
SWE000006964;266056000;SWE;;;109.00;0.00;0.00;;19.89;0.00;SALTVIK;SIMB;FG47;Glommen;;Y;SIMB;Y;N;N;;;FX;;OTB, NO;552.00;0.00;Metal;;1979-10-04;MFL;1979-01-01;;2013-09-18
SWE000006966;;SWE;;;9.06;8.00;0.00;;10.47;0.00;HELENE;SIMG;VK61;Västervik;;Y;SIMG;N;Y;N;;;FX;;GNS;28.00;0.00;Wood;;1976-01-01;F32;1956-01-01;;1996-10-19
SWE000006967;266157000;SWE;;;57.00;0.00;0.00;;17.23;0.00;STARLET;SIMH;LL470;Smögen;;Y;SIMH;Y;N;Y;;;FX;;OTB, TBN;239.00;5.15;Wood;;1975-12-31;MFL;1964-01-01;;
SWE000006969;;SWE;;;108.00;0.00;0.00;;24.87;0.00;INGARÖ;SIMR;SIN15;Simrishamn;;Y;SIMR;Y;N;N;;;FX;;OTB, NO;463.00;8.82;Wood;;1976-01-01;4M4;1961-01-01;;2000-06-07
SWE000006970;266359000;SWE;;;30.02;22.00;0.00;;14.42;0.00;KRAGERÖ;SIMW;SD562;Resö;;Y;SIMW;Y;N;Y;;;FX;;OTB, TBN;206.00;0.00;Wood;;1979-09-27;MFL;1961-01-01;;
SWE000006971;266362000;SWE;;;31.00;0.00;0.00;;14.14;0.00;ANNE-MARIE;SIMZ;SG450;Hörvik;;Y;SIMZ;Y;N;N;;;FX;;GNS, NO;164.00;0.00;Wood;;1976-01-01;MFL;1956-01-01;;2016-06-20
SWE000006973;;SWE;;;60.39;43.00;0.00;;16.26;0.00;VESTVIND;SINJ;VY21;Närshamn;;Y;SINJ;Y;N;N;;;FX;;OTB;262.00;0.00;Wood;;1976-01-01;4M3;1931-01-01;1998-05-26;
SWE000006974;;SWE;;;130.00;0.00;0.00;;25.75;0.00;GERANA;SINQ;GG699;Öckerö;;Y;SINQ;Y;N;N;;;FX;;OTB, NO;480.00;8.82;Wood;;1976-01-01;4M2;1964-01-01;2001-12-28;
SWE000006976;;SWE;;;62.64;44.00;0.00;;16.92;0.00;MILTON AV HAMBURGSUND;SINX;SD530;Hamburgsund;;Y;SINX;Y;N;N;;;FX;;OTB;169.00;58.82;Wood;;1976-01-01;4M2;1964-01-01;1998-11-18;
SWE000006978;;SWE;;;161.00;0.00;0.00;;29.01;0.00;VEGAS;SIOK;GG16;Göteborg;;Y;SIOK;Y;N;N;;;FX;;OTB, OTM;660.00;75.00;Metal;;1979-07-16;4M3;1961-01-01;;2001-07-06
SWE000006979;;SWE;;;210.00;0.00;0.00;;30.09;0.00;PORT SAID;SIPG;GG253;Hönö-Röd;;Y;SIPG;Y;N;Y;;;FX;;OTB, NO;728.00;174.26;Wood;;1976-01-01;MFL;1966-01-01;2009-05-14;
SWE000006984;;SWE;;;181.00;0.00;0.00;;31.47;0.00;VEGAS;SIRM;NG34;Oxelösund;;Y;SIRM;Y;N;N;;;FX;;OTM, OTB;661.76;150.00;Metal;;1976-01-01;4M3;1961-01-01;;
SWE000006985;266367000;SWE;;;45.00;0.00;0.00;;14.78;0.00;LINZY;SIRU;SD476;Strömstad;;Y;SIRU;Y;N;Y;;;FX;;TBN;298.00;0.00;Metal;;1997-12-15;MFL;1997-01-01;;
SWE000006987;;SWE;;;16.00;0.00;0.00;;13.84;0.00;EVA-MARIE;SIUN;SG254;Nogersund;;Y;SIUN;Y;N;N;;;FX;;GNS, LHP;100.00;0.00;Metal;;1979-11-15;MFL;1979-01-01;2007-04-17;
SWE000006990;;SWE;;;41.00;0.00;0.00;;16.48;0.00;HAVET;SIVU;SD228;Resö;;Y;SIVU;Y;N;N;;;FX;;OTB;257.00;0.00;Wood;;1976-01-01;MFL;1961-01-01;2006-06-28;
SWE000006991;;SWE;;;162.00;0.00;0.00;;26.86;0.00;WESTANVÅG;SIWK;KA442;Hasslö;;Y;SIWK;Y;N;N;;;FX;;OTB, OTM;750.00;80.88;Wood;;1976-01-01;4M4;1966-01-01;2001-12-05;
SWE000006993;;SWE;;;253.00;0.00;0.00;;27.54;0.00;SUNNANÖ;SJAT;GG912;Fiskebäck;;Y;SJAT;Y;N;N;;;FX;;OTB;1300.00;294.12;Fiber/Plastic;;1994-09-30;4M4;1981-01-01;;
SWE000006999;266054000;SWE;;;61.00;0.00;0.00;;19.49;0.00;YMER;SJEU;SIN17;Brantevik;;Y;SJEU;Y;N;Y;;;FX;;OTB, NO;310.00;0.00;Wood;;1976-01-01;MFL;1962-01-01;;2021-10-19
SWE000007000;266407000;SWE;;;26.00;0.00;0.00;;13.85;0.00;BLACK PEARL;SJFR;GG20;Kyrkesund;;Y;SJFR;Y;N;Y;;;FX;;OTB, NO;175.00;0.00;Metal;;1980-06-23;MFL;1980-01-01;;
SWE000007002;;SWE;;;443.00;0.00;0.00;;41.29;0.00;MIDSJÖ;SJHD;GG597;Donsö;;Y;SJHD;Y;N;Y;;;FX;;OTM;1544.00;700.00;Metal;;1976-01-01;MFL;1975-01-01;;
SWE000007003;;SWE;;;57.00;0.00;0.00;;15.22;0.00;KEYWEST;SJHX;VK133;Västervik;;Y;SJHX;Y;N;N;;;FX;;OTB;110.00;0.00;Wood;;1980-03-26;MFL;1961-01-01;;2011-03-12
SWE000007005;;SWE;;;20.00;0.00;0.00;;13.05;0.00;TÄRNVIK;SJKP;KR75;Degerhamn;;Y;SJKP;Y;N;N;;;FX;;GNS, LHP;102.94;0.00;Wood;;1980-01-28;4M5;1946-01-01;1998-07-15;
SWE000007006;;SWE;;;14.48;13.00;0.00;;12.19;0.00;ANNA-LISA;SJKZ;KR94;Hälsö;;Y;SJKZ;Y;N;N;;;FX;;GNS;125.00;0.00;Fiber/Plastic;;1980-01-31;4M5;1978-01-01;;2000-12-02
SWE000007008;;SWE;;;232.00;0.00;0.00;;31.76;0.00;ÄLVFORS;SJLV;GG387;Donsö;;Y;SJLV;Y;N;N;;;FX;;OTB, NO;710.00;334.56;Metal;;1980-02-14;MFL;1964-01-01;2004-01-13;
SWE000007010;;SWE;;;452.00;0.00;0.00;;39.02;0.00;THEMIS;SJNM;GG144;Rörö;;Y;SJNM;Y;N;Y;;;FX;;OTM, OTB;1544.12;220.59;Metal;;1976-07-07;MFL;1976-01-01;;
SWE000007011;;SWE;;;152.00;0.00;0.00;;27.92;0.00;VIKINGÖ;SJOB;SD578;Havstenssund;;Y;SJOB;Y;N;Y;;;FX;;OTB, NO;666.00;165.44;Metal;;1980-04-08;MFL;1960-01-01;;2013-08-29
SWE000007012;;SWE;;;14.00;0.00;0.00;;13.91;0.00;MALINA;SJPG;HA48;Nikkala;;Y;SJPG;Y;N;N;;;FX;;PTB, GNS;177.00;65.00;Metal;;1980-05-20;MFL;1980-01-01;;2008-01-23
SWE000007015;;SWE;;;12.00;0.00;0.00;;12.00;0.00;SALOME;SJPT;KA13;"Ekenabben"", Sturkö";;Y;SJPT;Y;N;N;;;FX;;GNS, FPO;90.00;0.00;Metal;;1980-05-28;MFL;1980-01-01;;2006-08-31
SWE000007018;;SWE;;;23.00;0.00;0.00;;13.40;0.00;SANDIRA;SJQD;KR146;Grönhögen;;Y;SJQD;Y;N;N;;;FX;;GNS, OTB;175.00;0.00;Wood;;1976-01-01;4M5;1950-01-01;1998-03-17;
SWE000007019;;SWE;;;14.86;14.00;0.00;;12.40;0.00;ZELENA;SJQG;KA5;"Ekenabben"", Sturkö";;Y;SJQG;Y;N;N;;;FX;;GNS, FPO;88.00;0.00;Wood;;1976-01-01;MFL;1937-01-01;;2006-05-10
SWE000007021;;SWE;;;25.18;19.00;0.00;;12.15;0.00;MAJ;SJQW;GG230;Lerkil;;Y;SJQW;Y;N;N;;;FX;;OTB, FPO;120.00;0.00;Wood;;1976-01-01;4M4;1907-01-01;1999-06-16;
SWE000007022;;SWE;;;28.40;0.00;0.00;;13.09;0.00;WASA;SJRE;HG85;Torekov;;Y;SJRE;Y;N;N;;;FX;;SDN, GNS;100.00;0.00;Wood;;1976-01-01;F32;1905-01-01;;1996-01-20
SWE000007023;;SWE;;;35.00;0.00;0.00;;16.95;0.00;LISTERÖ AV GREBBESTAD;SJRF;SD286;Grebbestad;;Y;SJRF;Y;N;Y;;;FX;;OTB;270.00;0.00;Metal;;1980-07-03;MFL;1980-01-01;;2018-05-17
SWE000007027;;SWE;;;203.00;0.00;0.00;;33.60;0.00;LIPTON;SJTC;VG59;Träslövsläge;;Y;SJTC;Y;N;N;;;FX;;OTM;660.00;330.88;Metal;;1980-08-05;4M3;1968-01-01;;
SWE000007029;;SWE;;;29.00;0.00;0.00;;14.78;0.00;RINDI;SJTG;SM48;Stora Risten;;Y;SJTG;Y;N;N;;;FX;;GNS, FPO;100.00;0.00;Wood;;1980-07-14;MFL;1970-01-01;2007-07-02;
SWE000007031;;SWE;;;27.64;21.00;0.00;;13.50;0.00;SVAN;SJTO;LL161;Ellös;;Y;SJTO;Y;N;N;;;FX;;OTB;154.41;0.00;Wood;;1976-01-01;F30;1935-01-01;1996-02-21;
SWE000007033;266361000;SWE;;;17.00;0.00;0.00;;12.00;0.00;DAGNY;SJUA;SD623;Syd-Koster;;Y;SJUA;Y;N;Y;;;FX;;OTB;91.91;0.00;Wood;;1975-12-31;MFL;1933-01-01;;
SWE000007034;;SWE;;;29.00;0.00;0.00;;14.00;0.00;LA PLATA;SJUB;KA42;Hasslö;;Y;SJUB;Y;N;N;;;FX;;GNS, NO;170.00;0.00;Wood;;1980-08-08;F31;1935-01-01;1996-07-25;
SWE000007035;;SWE;;;29.00;0.00;0.00;;15.71;0.00;SAGA;SJUD;SD368;Ramsö;;Y;SJUD;Y;N;N;;;FX;;OTB;147.00;0.00;Wood;;1976-01-01;MFL;1919-01-01;2007-11-07;
SWE000007038;;SWE;;;30.00;0.00;0.00;;14.94;0.00;TRION II;SJUW;SIN11;Simrishamn;;Y;SJUW;Y;N;N;;;FX;;OTB, GNS;154.41;7.35;Wood;;1976-01-01;MFL;1957-01-01;2007-05-28;
SWE000007040;;SWE;;;29.00;0.00;0.00;;13.85;0.00;VIKING;SJVO;SM34;Muskö;;Y;SJVO;Y;N;N;;;FX;;GND, FPO;58.00;0.00;Wood;;1976-01-01;4M6;1935-01-01;;2000-12-01
SWE000007042;;SWE;;;56.00;0.00;0.00;;16.87;0.00;SOLVÅG AV GLOMMEN;SJVU;FG7;Glommen;;Y;SJVU;Y;N;Y;;;FX;;TBN, NO;272.06;0.00;Wood;;1976-01-01;MFL;1961-01-01;;2017-03-29
SWE000007043;;SWE;;;78.26;58.00;0.00;;19.38;0.00;GLITTFORS;SJWD;GG102;Vrångö;;Y;SJWD;Y;N;N;;;FX;;OTB;390.00;0.00;Wood;;1976-01-01;F30;1964-01-01;1996-06-24;
SWE000007044;;SWE;;;66.00;0.00;0.00;;16.64;0.00;CHRISTINA;XSJWEX;VG29;Träslövsläge;;Y;XSJWEX;Y;N;N;;;FX;;OTB, NO;270.00;0.00;Wood;;1976-01-01;MFL;1961-01-01;2006-01-02;
SWE000007046;;SWE;;;18.00;0.00;0.00;;14.18;0.00;CINDY;SJWK;VY276;Botvaldevik;;Y;SJWK;Y;N;N;;;FX;;GNS;165.44;0.00;Wood;;1976-01-01;4M5;1942-01-01;;2000-04-21
SWE000007047;;SWE;;;46.05;33.00;0.00;;15.30;0.00;BRITTANA;SJWM;VY51;Närshamn;;Y;SJWM;Y;N;N;;;FX;;GNS, GND;221.00;0.00;Wood;;1976-01-01;MFL;1960-01-01;;
SWE000007050;;SWE;;;24.00;0.00;0.00;;14.00;0.00;SANNE MARIE;SJXF;SG55;Nogersund;;Y;SJXF;Y;N;N;;;FX;;GNS, LHP;80.00;0.00;Metal;;1980-10-30;MFL;1975-01-01;2007-03-09;
SWE000007055;;SWE;;;115.00;0.00;0.00;;25.05;0.00;ZAIMA;SKAD;GG8;Ängholmen;;Y;SKAD;Y;N;N;;;FX;;OTM;515.00;36.76;Wood;;1976-01-01;MFL;1961-01-01;;2010-08-26
SWE000007056;;SWE;;;35.00;0.00;0.00;;13.95;0.00;KAP COD;SKAE;KR187;Byxelkrok;;Y;SKAE;Y;N;N;;;FX;;LHP, GNS;147.06;0.00;Wood;;1976-01-05;MFL;1937-01-01;;2007-05-19
SWE000007057;265778000;SWE;;;187.00;0.00;0.00;;30.95;0.00;LIPTON AV TRÄSLÖVSLÄGE;SKAF;GG48;Träslövsläge;;Y;SKAF;Y;N;N;;;FX;;OTM, NO;662.00;367.75;Metal;;1981-02-02;MFL;1961-01-01;;
SWE000007060;265769000;SWE;;;200.00;0.00;0.00;;25.91;0.00;TUNAFJORD;SKBH;FG111;Fiskebäck;;Y;SKBH;Y;N;Y;7400314;;FX;;OTB, NO;746.00;80.00;Metal;;1981-03-22;MFL;1977-01-01;;2025-04-09
SWE000007061;266064000;SWE;;;59.00;0.00;0.00;;18.88;0.00;TIMOR;SKBU;GG704;Hönö;;Y;SKBU;Y;N;Y;8466896;;FX;;OTB;294.00;0.00;Metal;;1981-04-13;MFL;1981-01-01;;
SWE000007063;;SWE;;;45.00;0.00;0.00;;14.77;0.00;RAINBOW;SKDJ;TG97;Trelleborg;;Y;SKDJ;Y;N;N;;;FX;;GNS;175.00;0.00;Wood;;1981-07-17;4M5;1950-01-01;1998-04-06;
SWE000007068;;SWE;;;59.00;0.00;0.00;;19.52;0.00;ANBRITT;SKGB;VY98;Ronehamn;;Y;SKGB;Y;N;N;;;FX;;GNS, OTB;264.71;0.00;Wood;;1981-11-10;4M5;1960-01-01;1998-01-13;
SWE000007069;;SWE;;;19.00;0.00;0.00;;12.59;0.00;HAVET II;SKGX;SD228;Resö;;Y;SKGX;Y;N;N;;;FX;;OTB;182.00;0.00;Metal;;1982-01-15;MFL;1982-01-01;2010-07-29;
SWE000007071;;SWE;;;218.00;0.00;0.00;;33.79;0.00;KINGSTON;SKIM;VY62;Slite;;Y;SKIM;Y;N;Y;;;FX;;OTB, NO;698.00;150.00;Metal;;1977-12-19;MFL;1967-01-01;;2016-06-14
SWE000007072;;SWE;;;47.00;0.00;0.00;;16.80;0.00;SAFIR;SKIO;GG913;Göteborg;;Y;SKIO;Y;N;N;;;FX;;OTB, NO;240.00;0.00;Wood;;1976-01-01;MFL;1963-01-01;;2010-05-24
SWE000007075;266166000;SWE;;;86.00;0.00;0.00;;17.85;0.00;WESTLAND;SKJZ;VG45;Träslövsläge;;Y;SKJZ;Y;N;Y;;;FX;;OTB, NO;310.00;0.00;Wood;;1983-08-31;MFL;1983-01-01;;
SWE000007084;265776000;SWE;;;162.00;0.00;0.00;;29.17;0.00;MILTON;SKNZ;GG348;Öckerö;;Y;SKNZ;Y;N;N;;;FX;;OTB;485.00;0.00;Metal;;1982-10-27;MFL;1961-01-01;;2015-12-17
SWE000007085;266394000;SWE;;;17.00;0.00;0.00;;12.48;0.00;KARIN;SFE5555;VG1;Träslövsläge;;Y;SFE5555;Y;N;Y;;;FX;;OTB, NO;191.00;0.00;Metal;;2024-07-08;MFL;1983-01-01;;
SWE000007088;266163000;SWE;;;39.00;0.00;0.00;;16.81;0.00;ALTHEA;SKPF;VG350;Träslövsläge;;Y;SKPF;Y;N;Y;;;FX;;OTB, NO;300.00;0.00;Fiber/Plastic;;1984-12-19;MFL;1983-01-01;;
SWE000007090;;SWE;;;68.00;0.00;0.00;;17.70;0.00;POSEIDON AV HÖNÖ;SKPX;GG741;"Klåva"", Hönö";;Y;SKPX;Y;N;Y;;;FX;;OTB, NO;375.00;0.00;Wood;;1983-02-22;MFL;1983-01-01;2010-06-17;
SWE000007091;;SWE;;;166.00;0.00;0.00;;27.75;0.00;HANOI;SKQE;SIN158;Skillinge;;Y;SKQE;Y;N;N;;;FX;;OTB, OTM;660.00;200.00;Metal;;1976-01-01;4M3;1961-01-01;;
SWE000007092;;SWE;;;25.00;0.00;0.00;;13.67;0.00;BOKÖLAND;SKQP;VY76;Slite;;Y;SKQP;Y;N;N;;;FX;;OTB, GNS;115.00;0.00;Metal;;1983-03-31;MFL;1982-01-01;;2011-11-16
SWE000007094;;SWE;;;35.00;0.00;0.00;;17.50;0.00;TROJA;SKRH;SM79;Öregrund;;Y;SKRH;Y;N;N;;;FX;;GNS;150.00;125.00;Metal;;1983-05-30;MFL;1978-01-01;;2011-10-18
SWE000007095;265722000;SWE;;;124.00;0.00;0.00;;25.77;0.00;NORDVÅG;SKRM;VG40;Träslövsläge;;Y;SKRM;Y;N;Y;8568709;;FX;;OTB, NO;588.24;22.06;Wood;;1976-01-01;MFL;1962-01-01;;2024-02-03
SWE000007096;;SWE;;;235.00;0.00;0.00;;25.84;0.00;ATLANTIC;SKRZ;LL628;Grundsund;;Y;SKRZ;Y;N;N;;;FX;;OTB, NO;705.00;117.65;Metal;;1983-06-30;MFL;1980-01-01;;
SWE000007097;;SWE;;;80.00;0.00;0.00;;18.60;0.00;MIDSJÖ AF RÖNNÄNG;SKTF;GG597;Donsö;;Y;SKTF;Y;N;N;;;FX;;OTM, NO;310.00;75.00;Metal;;1984-07-12;MFL;1984-01-01;;2009-12-21
SWE000007098;;SWE;;;210.00;0.00;0.00;;26.37;0.00;NORDIA AF HÖRVIK;SKTG;SG139;Hörvik;;Y;SKTG;Y;N;N;;;FX;;OTB, OTM;625.00;93.38;Metal;;1983-08-05;MFL;1977-01-01;2009-08-13;
SWE000007099;265782000;SWE;;;223.00;0.00;0.00;;31.33;0.00;VÄSTANÖ;SKTM;GG575;Rönnäng;;Y;SKTM;Y;N;N;;;FX;;OTB;736.00;492.65;Metal;;1976-01-01;4M2;1966-01-01;2002-03-12;
SWE000007101;;SWE;;;34.00;0.00;0.00;;13.05;0.00;SANTOS AF ÖCKERÖ;SKUL;GG302;Öckerö;;Y;SKUL;Y;N;N;;;FX;;OTB, LHP;292.00;0.00;Metal;;1983-10-05;MFL;1983-01-01;;2009-05-05
SWE000007102;266158000;SWE;;;34.00;0.00;0.00;;14.99;0.00;HAMNESKÄR;SKVF;GG705;Rönnäng;;Y;SKVF;Y;N;Y;8466640;;FX;;OTB;215.00;0.00;Fiber/Plastic;;1983-10-25;MFL;1983-01-01;;
SWE000007103;;SWE;;;314.00;0.00;0.00;;38.15;0.00;BISCAYA;SKVG;GG1440;Rörö;;Y;SKVG;Y;N;N;;;FX;;OTM;890.00;356.62;Metal;;1976-01-01;4M3;1966-01-01;;2002-04-08
SWE000007104;265770000;SWE;;;225.00;0.00;0.00;;27.78;0.00;BRAVIK;SKWE;GG201;"Sandvik"", Styrsö";;Y;SKWE;Y;N;Y;8321527;;FX;;OTB, NO;810.00;117.65;Metal;;1984-01-02;MFL;1983-01-01;;
SWE000007107;;SWE;;;161.00;0.00;0.00;;23.40;0.00;VÄSTERLAND;SKXT;GG181;Hönö;;Y;SKXT;Y;N;N;;;FX;;SDN, NO;397.00;61.00;Metal;;1984-12-17;4M4;1984-01-01;;
SWE000007108;;SWE;;;215.00;0.00;0.00;;38.20;0.00;MARINA AV HÖNÖ;SKYF;GG570;Hönö;;Y;SKYF;Y;N;N;;;FX;;OTM;706.00;272.06;Metal;;1984-01-31;4M3;1961-01-01;;2001-12-06
SWE000007111;;SWE;;;97.00;0.00;0.00;;18.41;0.00;SANDEFJORD;SKYZ;GG781;Fotö;;Y;SKYZ;Y;N;N;;;FX;;OTB;300.00;25.74;Metal;;1984-12-14;F30;1984-01-01;1995-05-08;
SWE000007113;266095000;SWE;;;74.00;0.00;0.00;;17.94;0.00;RAN;SKZG;GG96;Hönö;;Y;SKZG;Y;N;Y;;;FX;;OTB, NO;373.00;18.38;Wood;;1984-03-04;MFL;1984-01-01;;
SWE000007114;;SWE;;;36.00;0.00;0.00;;14.05;0.00;OCEAN;SKZP;LL677;Smögen;;Y;SKZP;Y;N;N;;;FX;;OTB;154.00;0.00;Metal;;1990-10-23;F30;1984-01-01;;
SWE000007115;;SWE;;;121.00;0.00;0.00;;20.07;0.00;MIKADON;SKZQ;VY222;Ronehamn;;Y;SKZQ;Y;Y;Y;8506983;;FX;;OTB;309.00;0.00;Metal;;1984-10-30;MFL;1984-01-01;;
SWE000007116;;SWE;;;187.00;0.00;0.00;;32.15;0.00;WESTBANK;SKZR;GG341;Öckerö;;Y;SKZR;Y;N;N;;;FX;;OTB;441.00;220.65;Metal;;1984-07-09;F30;1962-01-01;;
SWE000007118;;SWE;;;384.00;0.00;0.00;;33.77;0.00;VINGABORG;SLAC;GG569;Donsö;;Y;SLAC;Y;N;N;;;FX;;OTM;1183.00;161.76;Metal;;1985-05-09;F29;1985-01-01;;
SWE000007121;;SWE;;;81.00;0.00;0.00;;16.95;0.00;BAY WEST;SLCW;VK133;Västervik;;Y;SLCW;Y;N;N;;;FX;;OTB, OTM;231.62;0.00;Wood;;1976-01-01;4M3;1962-01-01;2002-12-05;
SWE000007122;;SWE;;;30.00;0.00;0.00;;14.04;0.00;SYLVIA;SLCZ;FG33;Glommen;;Y;SLCZ;Y;N;N;;;FX;;OTB, NO;162.00;0.00;Metal;;1984-08-20;MFL;1984-01-01;2010-09-03;
SWE000007124;;SWE;;;21.00;0.00;0.00;;12.79;0.00;VÄSTINGSKÄR;SLDQ;GG71;Rörö;;Y;SLDQ;Y;N;N;;;FX;;PS, NO;228.00;44.12;Metal;;1985-10-08;MFL;1985-01-01;;2012-09-27
SWE000007125;;SWE;;;526.00;0.00;0.00;;39.96;0.00;DANÖ;SLDU;GG206;Fiskebäck;;Y;SLDU;Y;Y;Y;8404769;;FX;;OTM;1100.00;420.00;Metal;;1985-11-04;MFL;1985-01-01;;
SWE000007126;;SWE;;;385.00;0.00;0.00;;33.77;0.00;VINGASKÄR AV STYRSÖ;SLDV;GG500;"Sandvik"", Styrsö";;Y;SLDV;Y;N;N;8404771;;FX;;OTM;1110.00;250.00;Metal;;1996-10-08;4M3;1985-01-01;;
SWE000007127;266099000;SWE;;;72.00;0.00;0.00;;19.13;0.00;MINDY;SLEA;VY43;Botvaldevik;;Y;SLEA;Y;N;Y;;;FX;;OTM;331.00;224.26;Metal;;1986-01-19;MFL;1985-01-01;;
SWE000007130;266082000;SWE;;;75.00;0.00;0.00;;18.06;0.00;THERES AV GREBBESTAD;SLEX;SD62;Grebbestad;;Y;SLEX;Y;N;Y;;;FX;;OTB;300.00;50.00;Metal;;1985-09-12;MFL;1985-01-01;;
SWE000007132;;SWE;;;308.00;0.00;0.00;;34.58;0.00;LIPTON;SLFE;VG59;Träslövsläge;;Y;SLFE;Y;N;Y;;;FX;;TBN, OTB;574.00;220.59;Metal;;1985-01-07;MFL;1974-01-01;;
SWE000007133;266159000;SWE;;;44.00;0.00;0.00;;16.94;0.00;HERRING;SLFG;LL1149;Kungshamn;;Y;SLFG;Y;N;Y;;;FX;;OTB, PS;195.00;26.47;Metal;;1986-02-23;MFL;1985-01-01;;
SWE000007138;265768000;SWE;;;257.00;0.00;0.00;;30.76;0.00;MOYA;SLGR;GG149;Herrvik;;Y;SLGR;Y;N;Y;;;FX;;OTB, NO;735.00;169.12;Metal;;1985-02-28;MFL;1975-01-01;;2014-03-27
SWE000007141;;SWE;;;43.74;34.00;0.00;;16.15;0.00;ÄRAN AV NÄRSHAMN;SLHB;VY273;Närshamn;;Y;SLHB;Y;N;N;;;FX;;OTB;231.00;0.00;Wood;;1985-01-31;4M3;1960-01-01;;2001-07-20
SWE000007147;266186000;SWE;;;39.00;0.00;0.00;;16.74;0.00;GLITTSKÄR;SLID;GG537;Vrångö;;Y;SLID;Y;N;Y;;;FX;;OTB, FPO;405.00;0.00;Fiber/Plastic;;1985-04-24;MFL;1985-01-01;;2025-06-17
SWE000007149;;SWE;;;61.00;0.00;0.00;;16.74;0.00;ASTERION;SLIO;FG68;Glommen;;Y;SLIO;Y;N;Y;;;FX;;OTB, NO;235.00;0.00;Fiber/Plastic;;1985-05-13;MFL;1985-01-01;;
SWE000007150;;SWE;;;120.00;0.00;0.00;;22.32;0.00;BOGÖ;SLIW;FG58;Glommen;;Y;SLIW;Y;N;N;;;FX;;OTB;375.00;22.06;Metal;;1986-02-05;MFL;1986-01-01;2009-06-03;
SWE000007152;;SWE;;;55.00;0.00;0.00;;19.43;0.00;VINGABRUS;SLJK;VY40;Vändburg;;Y;SLJK;Y;N;N;;;FX;;GNS, OTB;221.00;0.00;Wood;;1985-09-05;4M5;1968-01-01;;1999-12-31
SWE000007153;;SWE;;;19.00;0.00;0.00;;11.99;0.00;GOA;SLJN;SG170;Hällevik;;Y;SLJN;N;Y;N;;;FX;;OTB, GNS;184.00;0.00;Fiber/Plastic;;1985-07-22;MFL;1985-01-01;;2006-02-15
SWE000007156;;SWE;;;317.00;0.00;0.00;;32.60;0.00;ALBACORE;SLKY;FG387;Glommen;;Y;SLKY;Y;N;N;;;FX;;OTB, OTM;625.00;350.00;Metal;;1985-11-25;4M4;1976-01-01;2002-03-27;
SWE000007157;265787000;SWE;;;196.00;0.00;0.00;;26.00;0.00;NAUTIC;SLMB;LL207;Fisketången;;Y;SLMB;Y;N;Y;7400534;;FX;;OTB, NO;691.00;88.24;Metal;;1985-12-18;MFL;1975-01-01;;
SWE000007160;265786000;SWE;;;135.00;0.00;0.00;;28.96;0.00;DANAFJORD;SLMG;;Fiskebäck;;Y;SLMG;Y;N;Y;5225497;;FX;;OTB, NO;500.00;18.00;Metal;;1985-10-25;MFL;1961-01-01;;2022-09-28
SWE000007161;;SWE;;;71.00;0.00;0.00;;22.71;0.00;KAKADUA;SLMH;GG1228;Rönnäng;;Y;SLMH;Y;N;N;;;FX;;OTB, GNS;243.00;18.38;Wood;;1985-10-25;4M3;1961-01-01;;1997-07-04
SWE000007162;266097000;SWE;;;135.00;0.00;0.00;;22.62;0.00;RIO;SLMQ;LL775;Smögen;;Y;SLMQ;Y;N;Y;8634089;;FX;;OTB, TBN;420.00;155.88;Metal;;1986-01-16;MFL;1973-01-01;;2022-11-18
SWE000007164;;SWE;;;85.00;0.00;0.00;;19.99;0.00;BLUE SEA;SLNG;KR51;Degerhamn;;Y;SLNG;Y;N;N;;;FX;;GNS;132.00;7.35;Wood;;1985-12-09;4M5;1948-01-01;1997-08-26;
SWE000007167;266048000;SWE;;;165.00;0.00;0.00;;23.68;0.00;TALLONA;SLOK;KA15;Sturkö;;Y;SLOK;Y;N;Y;8616441;;FX;;TBN, NO;448.00;50.00;Metal;;1986-07-23;MFL;1986-01-01;;
SWE000007168;;SWE;;;174.00;0.00;0.00;;26.06;0.00;PATER NOSTER;SLOP;LL149;Kungshamn;;Y;SLOP;Y;N;N;;;FX;;PS, OTB;432.00;312.50;Metal;;1986-02-28;4M3;1979-01-01;;
SWE000007169;266093000;SWE;;;62.00;0.00;0.00;;19.38;0.00;RÖNNSKÄR;SLOT;HL94;;;Y;SLOT;Y;Y;Y;;;FX;;OTB, NO;261.00;30.00;Metal;;1986-06-30;MFL;1986-01-01;;
SWE000007170;;SWE;;;69.00;0.00;0.00;;18.44;0.00;INGRID AV GRÄDDÖ;SLOX;SM334;Gräddö;;Y;SLOX;Y;N;N;8996425;;FX;;OTB, NO;345.59;13.50;Metal;;1988-04-29;F28;1988-01-01;;
SWE000007171;;SWE;;;30.00;0.00;0.00;;14.41;0.00;MENTOR;SLPK;GG922;Önnered;;Y;SLPK;Y;N;N;;;FX;;PS, GND;143.00;6.62;Wood;;1976-01-01;4M4;1956-01-01;2002-02-11;
SWE000007174;;SWE;;;172.00;0.00;0.00;;22.63;0.00;INGUN;XSLREX;GG73;Fotö;;Y;XSLREX;Y;N;N;;;FX;;OTB;346.00;294.12;Metal;;1987-05-21;4M4;1987-01-01;;
SWE000007177;;SWE;;;169.00;0.00;0.00;;23.61;0.00;VÄSTVÅG;SLRM;VG92;Bua;;Y;SLRM;Y;N;Y;;;FX;;OTB;504.00;58.82;Metal;;1987-06-18;MFL;1987-01-01;2009-03-25;
SWE000007179;;SWE;;;157.42;106.00;0.00;;23.43;0.00;TANJA III;SLTP;SD358;Grebbestad;;Y;SLTP;Y;N;N;;;FX;;OTB, PS;358.00;44.30;Metal;;1986-10-10;F32;1968-01-01;;
SWE000007180;266446000;SWE;;;16.00;0.00;0.00;;13.75;0.00;LIZ;SHJP;GG350;Dyrön;;Y;SHJP;Y;N;Y;;;FX;;OTB, TBN;207.00;0.00;Fiber/Plastic;;2015-10-05;MFL;1986-01-01;;
SWE000007181;;SWE;;;535.00;0.00;0.00;;40.41;0.00;NIMBER;SLUW;GG202;Fiskebäck;;Y;SLUW;Y;Y;Y;8516213;;FX;;OTM;1500.00;350.00;Metal;;1987-01-29;MFL;1986-01-01;;
SWE000007182;;SWE;;;23.00;0.00;0.00;;14.98;0.00;ANNELI;SLVE;VY147;;;Y;SLVE;N;;;;;FX;;GND, GNS;139.00;0.00;Wood;;1986-12-08;MFL;1973-01-01;2008-01-04;
SWE000007183;265606680;SWE;;;26.00;0.00;0.00;;11.98;0.00;GRIMSKÄR;SFC9731;GG1;Fiskebäck;;Y;SFC9731;N;Y;Y;;;FX;;OTB, NO;268.00;0.00;Fiber/Plastic;;2012-01-10;MFL;1986-01-01;;2019-01-30
SWE000007185;266050000;SWE;;;79.00;0.00;10.00;;18.25;0.00;WIJKLAND;SLVX;GG82;Bohus-Björkö;;Y;SLVX;Y;N;Y;;;FX;;OTM, OTB;448.00;12.00;Metal;;1987-11-03;MFL;1987-01-01;;
SWE000007186;266356000;SWE;;;32.00;0.00;0.00;;12.01;0.00;PAULINE;SLWB;LL89;Smögen;;Y;SLWB;Y;N;N;;;FX;;TBN, OTB;173.00;0.00;Fiber/Plastic;;1987-09-28;MFL;1987-01-01;;2013-02-05
SWE000007189;266160000;SWE;;;57.00;0.00;0.00;;17.28;0.00;CHRISTINA;SLWH;VG29;Träslövsläge;;Y;SLWH;Y;N;Y;8466468;;FX;;OTB;269.00;0.00;Wood;;1987-12-15;MFL;1987-01-01;;
SWE000007190;266165000;SWE;;;57.00;0.00;0.00;;16.54;0.00;STINA;SFE5198;KA396;Sturkö;;Y;SFE5198;Y;N;Y;;;FX;;TBN, OTB;264.00;0.00;Wood;;2023-02-16;MFL;1987-01-01;;
SWE000007191;;SWE;;;534.00;0.00;0.00;;40.41;0.00;GANTHI;SLWT;GG205;Fiskebäck;;Y;SLWT;Y;N;N;;;FX;;PS, OTM;1500.00;367.65;Metal;;1987-07-30;4M3;1987-01-01;;
SWE000007192;266371000;SWE;;;40.00;0.00;0.00;;14.89;0.00;GRYNING;SLWY;SD539;Nord-Koster;;Y;SLWY;Y;N;Y;;;FX;;OTB;280.00;0.00;Metal;;1987-03-30;MFL;1986-01-01;;
SWE000007195;266364000;SWE;;;42.00;0.00;0.00;;14.96;0.00;BRATTVÅG;SLXH;SD278;Syd-Koster;;Y;SLXH;Y;N;Y;;;FX;;OTB, NO;173.00;16.18;Fiber/Plastic;;1989-06-28;MFL;1989-01-01;;
SWE000007197;;SWE;;;143.00;0.00;0.00;;22.52;0.00;ALMY WEST;SLYD;KA250;Karlskrona-Saltö;;Y;SLYD;Y;N;Y;8805432;;FX;;OTB, OTM;447.00;80.00;Metal;;1988-01-20;MFL;1987-01-01;;2019-06-20
SWE000007198;;SWE;;;19.00;0.00;0.00;;12.07;0.00;VESTÖ AF FISKEBÄCK;SLYG;GG312;Fiskebäck;;Y;SLYG;Y;N;N;;;FX;;OTB;152.00;0.00;Fiber/Plastic;;1987-05-14;MFL;1987-01-01;;
SWE000007199;;SWE;;;20.00;0.00;0.00;;12.75;0.00;CAPRI AF VÄGGA;SLYK;KN11;Karlshamn-Vägga;;Y;SLYK;Y;N;N;;;FX;;LHP, GNS;99.00;15.00;Wood;;1976-01-01;MFL;1959-01-01;;2020-01-28
SWE000007200;;SWE;;;129.00;0.00;0.00;;20.19;0.00;EKENÄS;SLYO;VG37;Bua;;Y;SLYO;Y;N;N;;;FX;;OTB;330.00;0.00;Metal;;1988-06-21;F30;1988-01-01;;
SWE000007201;266383000;SWE;;;19.00;0.00;0.00;;14.04;0.00;PALERMO;SLYP;SD669;Krossekärr;;Y;SLYP;Y;N;Y;;;FX;;OTB, NO;269.00;0.00;Fiber/Plastic;;1988-12-13;MFL;1988-01-01;;
SWE000007202;266408000;SWE;;;25.00;0.00;0.00;;14.04;0.00;ATHENA;SLYQ;LL30;Smögen;;Y;SLYQ;Y;N;Y;;;FX;;OTB;269.00;25.60;Fiber/Plastic;;1989-06-07;MFL;1989-01-01;;
SWE000007207;;SWE;;;192.00;0.00;0.00;;25.19;0.00;LÖVÖN;SLZH;GG778;Rönnäng;;Y;SLZH;Y;N;N;;;FX;;OTB, NO;675.00;88.24;Metal;;1988-01-12;F28;1987-01-01;;
SWE000007208;;SWE;;;83.00;0.00;0.00;;25.08;0.00;TORA;SLZI;SIN211;Simrishamn;;Y;SLZI;Y;N;N;;;FX;;OTB, NO;340.00;0.00;Metal;;1987-07-02;MFL;1958-01-01;2007-08-14;
SWE000007210;266142000;SWE;;;56.00;0.00;0.00;;17.01;0.00;FALKEN;SLZP;GG77;Fotö;;Y;SLZP;Y;N;Y;8462450;;FX;;OTB;400.00;44.12;Metal;;1987-07-14;MFL;1987-01-01;;
SWE000007211;;SWE;;;27.00;0.00;0.00;;14.63;0.00;EKENÄS;SLZQ;VG237;Bua;;Y;SLZQ;Y;N;N;;;FX;;OTB, FPO;191.00;0.00;Wood;;1987-06-24;MFL;1968-01-01;2010-08-03;
SWE000007212;266057000;SWE;;;83.00;0.00;0.00;;18.04;0.00;SKREA;SLZX;FG96;Glommen;;Y;SLZX;Y;N;Y;;;FX;;OTB;300.00;7.35;Metal;;1987-06-28;MFL;1981-01-01;;
SWE000007214;266306000;SWE;;;120.00;0.00;0.00;;21.44;0.00;GANTHI AV FISKEBÄCK;SMAP;GG208;Fiskebäck;;Y;SMAP;Y;N;Y;8863123;;FX;;TBN, OTB;404.00;33.09;Metal;;1987-07-17;MFL;1987-01-01;;2023-03-09
SWE000007215;;SWE;;;84.00;0.00;0.00;;19.35;0.00;NETANYA;XSMBPX;SG76;Krokås;;Y;XSMBPX;Y;N;N;;;FX;;GND, LLD;269.85;47.79;Metal;;1987-08-26;4M6;1987-01-01;;
SWE000007216;;SWE;;;124.00;0.00;0.00;;31.85;0.00;CERMONA;SMBY;GG491;Fiskebäck;;Y;SMBY;Y;N;N;;;FX;;OTM, OTB;243.00;20.59;Metal;;1987-09-11;4M4;1961-01-01;;1998-10-02
SWE000007217;;SWE;;;153.00;0.00;0.00;;31.70;0.00;CASANDRA AF VIK;SMCA;SIN7;Vik;;Y;SMCA;Y;N;N;;;FX;;OTB, OTM;588.00;11.03;Metal;;1987-11-20;F30;1963-01-01;1996-06-18;
SWE000007220;266370000;SWE;;;31.00;0.00;0.00;;12.96;0.00;BERGÖ;SMCJ;GG449;Öckerö;;Y;SMCJ;Y;N;Y;;;FX;;TBN, OTB;175.00;0.00;Fiber/Plastic;;1987-10-05;MFL;1986-01-01;;
SWE000007223;;SWE;;;38.00;0.00;0.00;;15.68;0.00;VILJA AV ENÅNGER;SMDA;HL13;Enånger;;Y;SMDA;Y;N;Y;;;FX;;OTB, OTM;268.00;9.56;Metal;;1988-02-25;MFL;1988-01-01;;2017-09-04
SWE000007225;;SWE;;;81.00;0.00;0.00;;21.66;0.00;DAISY;SMDU;GG20;Ängholmen;;Y;SMDU;Y;N;N;;;FX;;OTM;316.00;5.15;Wood;;1976-01-01;MFL;1960-01-01;;2011-11-11
SWE000007226;;SWE;;;27.00;0.00;0.00;;11.90;0.00;CECILIA AV HOLMSUND;SMDW;UÅ5;Holmsund;;Y;SMDW;N;N;Y;;;FX;;OTB, GNS;270.00;33.09;Fiber/Plastic;;1987-11-12;MFL;1984-01-01;;2017-06-27
SWE000007228;;SWE;;;64.00;0.00;0.00;;15.12;0.00;GRIMSKÄR AV GÖTEBORG;SMEH;GG1;Fiskebäck;;Y;SMEH;Y;N;Y;;;FX;;OTB;224.00;0.00;Metal;;1988-02-05;MFL;1988-01-01;2010-01-19;
SWE000007230;265751000;SWE;;;88.00;0.00;0.00;;25.30;0.00;MERCY;SMER;GG370;Hönö;;Y;SMER;Y;N;Y;;;FX;;OTB, TBN;405.00;29.41;Metal;;1987-12-18;MFL;1964-01-01;;2023-03-21
SWE000007231;;SWE;;;95.00;0.00;0.00;;23.90;0.00;BRITTON;SMFD;VY33;Ronehamn;;Y;SMFD;Y;N;N;;;FX;;OTB;456.00;60.00;Metal;;1988-01-12;4M3;1961-01-01;2002-12-18;
SWE000007233;266076000;SWE;;;152.00;0.00;0.00;;23.91;0.00;SVANEN AV RÖRÖ;SMFH;GG840;Rörö;;Y;SMFH;Y;N;Y;8918655;;FX;;OTM, OTB;578.00;147.06;Metal;;1989-01-01;MFL;1988-01-01;;
SWE000007234;;SWE;;;55.00;0.00;0.00;;16.00;0.00;SPERO;SMFJ;GG151;Önnered;;Y;SMFJ;Y;N;N;;;FX;;OTB, TBN;330.00;36.76;Metal;;1988-07-04;MFL;1988-01-01;2010-05-31;
SWE000007235;;SWE;;;27.00;0.00;0.00;;14.54;0.00;ÖRNÖ;SMFL;ÖK23;Skagshamn;;Y;SMFL;Y;N;N;;;FX;;GNS, OTB;225.00;0.00;Metal;;1988-01-29;F32;1966-01-01;;
SWE000007236;;SWE;;;34.00;0.00;0.00;;14.80;0.00;GLOMVIK;SMFQ;FG46;Glommen;;Y;SMFQ;Y;N;N;;;FX;;OTB, NO;345.68;102.94;Wood;;1988-02-12;MFL;1959-01-01;2010-04-07;
SWE000007243;;SWE;;;97.00;0.00;0.00;;17.56;0.00;HASSELÖN;SMHO;LL349;Smögen;;Y;SMHO;Y;N;N;8662971;;FX;;OTB;368.00;40.44;Metal;;1988-11-07;4M2;1988-01-01;;
SWE000007244;;SWE;;;183.00;0.00;0.00;;23.72;0.00;TUNAFJORD;SMHT;FG111;Glommen;;Y;SMHT;Y;N;N;8805456;;FX;;OTB;638.00;99.26;Metal;;1988-10-24;MFL;1988-01-01;;
SWE000007245;266062000;SWE;;;139.00;0.00;0.00;;22.15;0.00;THESEUS;SMIB;VG106;Träslövsläge;;Y;SMIB;Y;N;Y;8718770;;FX;;OTM, OTB;405.00;94.00;Metal;;1988-11-11;MFL;1988-01-01;;2022-03-30
SWE000007246;266381000;SWE;;;19.00;0.00;0.00;;13.50;0.00;WAILETT;SMIC;FG107;Glommen;;Y;SMIC;Y;N;Y;;;FX;;TBN, NO;130.00;0.00;Metal;;1988-05-03;MFL;1980-01-01;;
SWE000007247;266188000;SWE;;;42.00;0.00;0.00;;15.10;0.00;TÄRNO;SMIL;VG97;Träslövsläge;;Y;SMIL;Y;N;Y;;;FX;;OTB, TBN;175.00;0.00;Metal;;1988-05-09;MFL;1984-01-01;;
SWE000007248;;SWE;;;73.00;0.00;0.00;;19.67;0.00;GARM;SMIO;SD87;Resö;;Y;SMIO;Y;N;N;;;FX;;OTB;220.00;11.76;Wood;;1976-01-01;4M4;1963-01-01;2000-05-01;
SWE000007249;;SWE;;;99.00;0.00;0.00;;19.68;0.00;NEVADA 2;SMIZ;VK3;Västervik;;Y;SMIZ;Y;N;N;;;FX;;OTB;330.00;7.35;Metal;;1988-05-24;F32;1988-01-01;;
SWE000007250;;SWE;;;56.00;0.00;0.00;;19.10;0.00;ELIANA;SMJE;KR71;Kårehamn;;Y;SMJE;Y;N;N;;;FX;;OTB, OTM;285.00;0.00;Wood;;1976-01-01;4M5;1943-01-01;;2002-09-27
SWE000007252;;SWE;;;28.00;0.00;0.00;;13.49;0.00;BALDER VÄST;SMJP;GG18;Donsö;;Y;SMJP;Y;N;N;;;FX;;OTB;246.00;0.00;Metal;;1988-06-06;4M4;1988-01-01;;
SWE000007256;;SWE;;;21.72;18.00;0.00;;13.59;0.00;SOPHIA AF VIDEBERG;SMKF;VG150;Videbergshamn;;Y;SMKF;Y;N;N;;;FX;;OTB;154.00;0.00;Wood;;1991-11-22;4M4;1959-01-01;;1999-03-16
SWE000007262;;SWE;;;388.00;0.00;0.00;;35.70;0.00;ASTRID;SMKX;GG764;Rörö;;Y;SMKX;Y;N;N;;;FX;;PS, OTM;1500.00;441.18;Metal;;1988-11-08;4M3;1988-01-01;;
SWE000007269;;SWE;;;24.00;0.00;0.00;;12.99;0.00;STORA BJÖRN;SMLY;PÅ3;Piteå;;Y;SMLY;Y;N;N;;;FX;;GNS;110.00;0.00;Wood;;1988-07-11;4M3;1988-01-01;;2001-04-16
SWE000007270;;SWE;;;106.00;0.00;0.00;;19.58;0.00;NIMROD;SMNC;SG146;Nogersund;;Y;SMNC;Y;N;N;;;FX;;OTB;445.00;24.26;Metal;;1988-07-14;4M3;1988-01-01;;
SWE000007273;;SWE;;;85.30;58.00;0.00;;19.06;0.00;JUNO 2;SMNG;HD7;Halmstad;;Y;SMNG;Y;N;N;;;FX;;FPO, SDN;248.00;0.00;Wood;;1976-01-01;4M4;1940-01-01;;1998-10-11
SWE000007275;;SWE;;;98.27;64.00;0.00;;20.66;0.00;SCOTLAND;SMNR;GG36;Donsö;;Y;SMNR;Y;N;N;;;FX;;OTM, OTB;228.00;7.35;Wood;;1976-01-01;4M4;1943-01-01;1998-06-29;
SWE000007278;;SWE;;;58.00;0.00;0.00;;20.12;0.00;LAGAFORS;SMOK;GG291;Bohus-Björkö;;Y;SMOK;Y;N;N;;;FX;;OTB;279.00;0.00;Wood;;1976-01-01;4M4;1939-01-01;2001-12-18;
SWE000007280;266372000;SWE;;;14.00;0.00;0.00;;13.69;0.00;EMMA;SMOY;HA50;Piteå;;Y;SMOY;Y;N;Y;;;FX;;PTB, GNS;235.00;29.41;Metal;;1988-08-07;MFL;1977-01-01;;
SWE000007282;;SWE;;;12.00;0.00;0.00;;13.28;0.00;BERKÖ;SMPF;PÅ6;Piteå;;Y;SMPF;Y;N;N;;;FX;;PTB, FPO;147.00;0.00;Metal;;1988-08-11;4M3;1976-01-01;;2001-04-17
SWE000007284;;SWE;;;49.00;0.00;0.00;;14.72;0.00;ARCONA;SMPJ;GG703;Donsö;;Y;SMPJ;Y;N;N;;;FX;;OTB, TBN;270.00;55.15;Fiber/Plastic;;1988-08-12;MFL;1988-01-01;2010-03-25;
SWE000007285;266128000;SWE;;;82.00;0.00;0.00;;18.58;0.00;VALKYRIA;SMPK;GG69;Hönö;;Y;SMPK;Y;N;Y;;;FX;;OTB;220.00;0.00;Wood;;1975-12-31;MFL;1935-01-01;;
SWE000007286;265449000;SWE;;;716.00;0.00;0.00;;41.94;0.00;TORLAND;SMPO;GG1204;Göteborg;;Y;SMPO;Y;N;N;;;FX;;OTM;1838.24;514.71;Metal;;1989-01-20;4M3;1988-01-01;;2001-06-07
SWE000007291;265034880;SWE;;;11.00;0.00;0.00;;12.43;0.00;ULRIKA;SMQG;HA1;Kalix;;Y;SMQG;Y;N;Y;;;FX;;PTB, NO;155.00;0.00;Fiber/Plastic;;1988-08-30;MFL;1988-01-01;;2024-05-20
SWE000007292;266373000;SWE;;;17.00;0.00;0.00;;13.94;0.00;LILLAN;SMQL;LÅ42;Luleå;;Y;SMQL;Y;N;Y;;;FX;;PTB, NO;236.00;0.00;Metal;;1988-09-12;MFL;1976-01-01;;
SWE000007294;;SWE;;;63.00;0.00;0.00;;17.17;0.00;SONJA;SMQU;LL708;Smögen;;Y;SMQU;Y;N;N;;;FX;;OTB;280.00;0.00;Wood;;1976-01-01;MFL;1932-01-01;2004-04-14;
SWE000007295;;SWE;;;48.00;0.00;0.00;;15.27;0.00;VINDÖ;SMRB;KR160;Borgholm;;Y;SMRB;Y;N;N;;;FX;;GNS;80.00;0.00;Wood;;1988-09-29;4M5;1967-01-01;;1998-04-09
SWE000007297;;SWE;;;72.00;0.00;0.00;;21.28;0.00;AFRODITE AF KÄMPERSVIK;SMRT;SD201;Kämpersvik;;Y;SMRT;Y;N;N;;;FX;;OTB;296.00;7.00;Wood;;1976-01-01;MFL;1946-01-01;2005-03-22;
SWE000007301;;SWE;;;17.75;16.00;0.00;;12.62;0.00;AXEL P AV PITEÅ;SMTC;PÅ12;Piteå;;Y;SMTC;Y;N;N;;;FX;;FPO, GNS;132.00;0.00;Wood;;1988-10-26;F32;1949-01-01;;1996-12-11
SWE000007305;;SWE;;;62.10;44.00;0.00;;16.85;0.00;RAMONA AF GLOMMEN;XSMTKX;FG41;Glommen;;Y;XSMTKX;Y;N;N;;;FX;;OTB;147.06;11.03;Wood;;1976-01-01;4M4;1932-01-01;2002-02-14;
SWE000007307;;SWE;;;89.23;61.00;0.00;;19.10;0.00;KAIRO;SMTU;LL857;Smögen;;Y;SMTU;Y;N;N;;;FX;;OTB;231.00;0.00;Wood;;1976-01-01;F30;1939-01-01;1996-09-16;
SWE000007310;;SWE;;;71.06;51.00;0.00;;17.30;0.00;VALARÖ;SMUD;SIN8;Simrishamn;;Y;SMUD;Y;Y;N;;;FX;;OTB, OTM;95.59;0.00;Wood;;1976-01-01;F30;1933-01-01;1995-01-04;
SWE000007312;;SWE;;;427.00;0.00;0.00;;37.74;0.00;RIGEL;SMUJ;GG892;Fotö;;Y;SMUJ;Y;N;N;8719152;;FX;;OTM;1014.00;250.00;Metal;;1989-01-11;4M3;1989-01-01;;
SWE000007315;266055000;SWE;;;141.00;0.00;0.00;;22.15;0.00;VANGUARD;SMUY;SD622;Havstenssund;;Y;SMUY;Y;N;Y;8811170;;FX;;OTB;551.00;0.00;Metal;;1989-07-13;MFL;1989-01-01;;
SWE000007316;;SWE;;;195.00;0.00;0.00;;23.82;0.00;BOGÖ;SMVB;FG58;Glommen;;Y;SMVB;Y;N;N;;;FX;;OTB, OTM;675.00;117.65;Metal;;1988-12-08;4M4;1988-01-01;;
SWE000007324;;SWE;;;85.00;0.00;0.00;;19.99;0.00;BILLAN;SMWF;KR70;Färjestaden;;Y;SMWF;Y;N;N;;;FX;;GNS, NO;245.00;0.00;Wood;;1989-01-09;4M5;1961-01-01;1997-06-24;
SWE000007326;;SWE;;;22.00;0.00;0.00;;13.25;0.00;TESSA;SMWL;KA197;Sturkö;;Y;SMWL;Y;N;N;;;FX;;GNS, GND;300.00;0.00;Fiber/Plastic;;1989-01-11;MFL;1986-01-01;2007-03-21;
SWE000007328;;SWE;;;289.00;0.00;0.00;;34.41;0.00;HALSVIK AV NOGERSUND;SMWV;SG481;Nogersund;;Y;SMWV;Y;N;N;;;FX;;OTM;720.00;147.06;Metal;;1989-01-13;MFL;1974-01-01;;2010-01-20
SWE000007329;;SWE;;;40.00;0.00;0.00;;17.58;0.00;VIDAR AV RONE;SMWX;VY46;Ronehamn;;Y;SMWX;Y;N;N;;;FX;;GNS, NO;169.00;0.00;Wood;;1989-01-17;4M5;1961-01-01;;1999-09-24
SWE000007330;;SWE;;;58.00;0.00;0.00;;19.85;0.00;LUNA;SMXD;SD158;Grebbestad;;Y;SMXD;Y;N;Y;;;FX;;OTB;220.00;0.00;Wood;;1976-01-01;MFL;1940-01-01;;2008-06-04
SWE000007331;265465000;SWE;;;489.00;0.00;0.00;;37.53;0.00;GLITT;SMXF;GG286;Göteborg;;Y;SMXF;Y;N;Y;;;FX;;OTM, NO;1067.00;250.00;Metal;;1989-02-01;MFL;1975-01-01;;
SWE000007336;;SWE;;;27.00;0.00;0.00;;15.18;0.00;CAPLAND;SMXY;SD21;Grebbestad;;Y;SMXY;Y;N;N;;;FX;;OTB, NO;230.00;0.00;Wood;;1989-02-02;MFL;1944-01-01;2010-07-30;
SWE000007339;;SWE;;;0.26;0.00;0.00;;5.60;0.00;No name;SFC4138;FG23;Grimsholmen;;Y;SFC4138;N;Y;N;;;FX;;FPO, NO;7.35;0.00;Wood;;1994-08-16;MFL;1965-01-01;;2010-03-11
SWE000007340;;SWE;;;1.17;0.00;0.00;;5.90;0.00;No name;SFC4147;UÅ25;Nordmaling;;Y;SFC4147;N;Y;N;;;FX;;FPO, GNS;25.74;0.00;Fiber/Plastic;;1994-08-18;4M1;1990-01-01;;1999-08-11
SWE000007341;;SWE;;;1.63;0.00;0.00;;5.95;0.00;No name;SFC4149;HA42;Pålänge;;Y;SFC4149;N;Y;N;;;FX;;FPO, GNS;36.76;0.00;Fiber/Plastic;;1994-08-18;MFL;1978-01-01;;
SWE000007342;;SWE;;;0.63;0.00;0.00;;6.00;0.00;RÅÅÖN;SFC4135;HG221;Råå;;Y;SFC4135;N;Y;N;;;FX;;GNS, FPO;44.00;3.68;Fiber/Plastic;;1994-08-15;F32;1980-01-01;;1995-09-20
SWE000007344;;SWE;;;6.17;0.00;0.00;;9.40;0.00;VICKI;SFC4140;SG166;Hörvik;;Y;SFC4140;N;Y;N;;;FX;;GNS, NO;36.76;0.00;Wood;;1994-08-16;F31;1972-01-01;;1995-09-20
SWE000007345;;SWE;;;1.68;0.00;0.00;;5.55;0.00;FRIDA;SFC4141;SG125;Hörvik;;Y;SFC4141;N;Y;N;;;FX;;FPO;44.12;0.00;Fiber/Plastic;;1994-08-15;MFL;1993-01-01;;2025-05-21
SWE000007346;;SWE;;;1.29;0.00;0.00;;5.40;0.00;SUSANNE;SFC4142;SG136;Hörvik;;Y;SFC4142;N;Y;N;;;FX;;GTR, GNS;22.06;0.00;Wood;;1994-08-16;MFL;1980-01-01;;2012-02-23
SWE000007347;;SWE;;;2.23;0.00;0.00;;6.60;0.00;RIVÖ;SFC4143;SG88;Nogersund;;Y;SFC4143;N;Y;N;;;FX;;GNS, GND;7.35;0.00;Wood;;1994-08-16;4M1;1969-01-01;;1999-04-15
SWE000007351;;SWE;;;0.28;0.00;0.00;;5.90;0.00;No name;SFC4136;GG8;Önnered;;Y;SFC4136;N;Y;N;;;FX;;FPO, GNS;11.76;0.00;Wood;;1994-08-15;4M1;1980-01-01;;1998-03-24
SWE000007353;;SWE;;;0.37;0.00;0.00;;5.50;0.00;BLUE WAVE;SFC4146;SG490;Hörvik;;Y;SFC4146;N;Y;N;;;FX;;FPO, GNS;22.06;0.00;Fiber/Plastic;;1994-08-18;MFL;1994-01-01;;2004-08-30
SWE000007354;;SWE;;;2.17;0.00;0.00;;7.30;0.00;ANNA;SFC4151;LL32;Bohus-Malmön;;Y;SFC4151;N;Y;N;;;FX;;FPO;20.59;0.00;Wood;;1994-08-22;F32;1962-01-01;;1996-10-01
SWE000007355;;SWE;;;3.91;0.00;0.00;;8.40;0.00;GARNSKÄR;SFC4152;LL16;Ulebergshamn;;Y;SFC4152;N;Y;N;;;FX;;FPO, NO;95.00;0.00;Fiber/Plastic;;1994-08-21;MFL;1990-01-01;;
SWE000007356;;SWE;;;2.38;0.00;0.00;;6.40;0.00;VALPEN;SFC4154;MÖ182;Lomma;;Y;SFC4154;N;Y;N;;;FX;;LLS, GNS;8.82;0.00;Fiber/Plastic;;1994-08-23;4M1;;;2000-01-01
SWE000007357;;SWE;;;3.03;0.00;0.00;;7.70;0.00;PETRA;SFC4155;MÖ63;Lomma;;Y;SFC4155;N;Y;N;;;FX;;GNS;14.71;0.00;Wood;;1994-08-23;4M1;1980-01-01;;2000-08-15
SWE000007358;;SWE;;;0.33;0.00;0.00;;5.40;0.00;BILLIE;SFC4157;HG36;Svanshall;;Y;SFC4157;N;Y;N;;;FX;;FPO, GNS;29.41;3.68;Fiber/Plastic;;1994-08-23;MFL;1980-01-01;;
SWE000007359;;SWE;;;0.75;0.00;0.00;;6.40;0.00;GLADAN;SFC4158;LA7;Barsebäckshamn;;Y;SFC4158;N;Y;N;;;FX;;FPO, NO;5.15;0.00;Wood;;1994-08-24;MFL;1965-01-01;;2004-04-08
SWE000007363;;SWE;;;2.48;0.00;0.00;;7.10;0.00;PÄRLAN;SFC4161;VY111;Visby;;Y;SFC4161;N;Y;N;;;FX;;GNS, LLS;3.68;0.00;Wood;;1994-08-29;MFL;;;2004-04-27
SWE000007364;;SWE;;;0.42;0.00;0.00;;5.50;0.00;BAMSE;SFC4163;MÖ26;Lomma;;Y;SFC4163;N;Y;N;;;FX;;GND, FPO;29.41;0.00;Fiber/Plastic;;1994-08-30;4M1;1984-01-01;;2000-08-30
SWE000007365;;SWE;;;0.28;0.00;0.00;;5.33;0.00;DOLLY;SFC4169;ÅS14;Nymölla;;Y;SFC4169;N;Y;N;;;FX;;GNS, LHP;22.06;0.00;Fiber/Plastic;;1994-08-31;F31;1979-01-01;;1996-08-29
SWE000007366;;SWE;;;0.51;0.00;0.00;;6.15;0.00;BOTHNIA II;SFC4170;SL3;Junibosand;;Y;SFC4170;N;Y;N;;;FX;;FPO, NO;33.09;0.00;Fiber/Plastic;;1994-08-31;MFL;1985-01-01;;2017-08-11
SWE000007367;;SWE;;;0.42;0.00;0.00;;6.11;0.00;HELENE;SFC4171;SD22;Havstenssund;;Y;SFC4171;N;Y;N;;;FX;;FPO, GNS;7.00;0.00;Wood;;1994-08-31;MFL;1954-01-01;;2006-04-20
SWE000007370;;SWE;;;3.69;0.00;0.00;;7.50;0.00;MUKTADIR;SFC4179;SG29;Nogersund;;Y;SFC4179;N;Y;N;;;FX;;GNS, GND;32.35;0.00;Fiber/Plastic;;1994-09-05;4M1;1988-01-01;;2000-01-26
SWE000007371;;SWE;;;1.92;0.00;0.00;;7.60;0.00;ELISABETH;SFC4184;LL119;Stocken;;Y;SFC4184;N;Y;N;;;FX;;FPO;40.44;0.00;Fiber/Plastic;;1994-09-07;MFL;1975-01-01;;
SWE000007374;;SWE;;;1.12;0.00;0.00;;5.45;0.00;GHOST;SFC4185;SG112;Hörvik;;Y;SFC4185;N;Y;N;;;FX;;GNS, LHP;51.48;0.00;Fiber/Plastic;;1994-09-13;MFL;1979-01-01;;2024-07-29
SWE000007375;;SWE;;;0.76;0.00;0.00;;5.86;0.00;SNIPAN;SFC4186;SG163;Hällevik;;Y;SFC4186;N;Y;N;;;FX;;GNS, LHP;5.88;0.00;Fiber/Plastic;;1994-09-13;MFL;1970-01-01;;2022-11-02
SWE000007376;;SWE;;;1.05;0.00;0.00;;6.90;0.00;MATILDA;SFC4192;SD78;Havstenssund;;Y;SFC4192;N;Y;N;;;FX;;FPO, NO;16.18;0.00;Wood;;1994-09-20;MFL;1974-01-01;;
SWE000007377;;SWE;;;4.16;0.00;0.00;;9.00;0.00;EMELIE;SFC4193;MÖ94;Limhamn;;Y;SFC4193;N;Y;N;;;FX;;GNS;95.00;0.00;Fiber/Plastic;;1994-09-20;MFL;1994-01-01;;
SWE000007378;;SWE;;;4.41;0.00;0.00;;8.01;0.00;GUN-BRITT;SFC4194;MÖ321;Klagshamn;;Y;SFC4194;N;Y;N;;;FX;;FPO, GNS;27.21;0.00;Fiber/Plastic;;1994-09-22;4M1;1977-01-01;;1998-09-02
SWE000007379;;SWE;;;2.93;0.00;0.00;;6.90;0.00;VALFIN;SFC4197;GG542;Marstrand;;Y;SFC4197;N;Y;N;;;FX;;LTL, FPO;43.38;0.00;Fiber/Plastic;;1994-09-22;4M1;1993-01-01;;1998-08-25
SWE000007380;;SWE;;;1.76;0.00;0.00;;6.00;0.00;VÄSTÖN;SFC4198;LL575;Grundsund;;Y;SFC4198;N;Y;N;;;FX;;GNS;5.88;0.00;Fiber/Plastic;;1994-09-22;4M1;1964-01-01;;1999-06-30
SWE000007381;;SWE;;;0.39;0.00;0.00;;5.40;0.00;HINDI;SFC4202;SG242;Hörvik;;Y;SFC4202;N;Y;N;;;FX;;GNS, FPO;22.06;0.00;Fiber/Plastic;;1994-09-23;4M1;1979-01-01;;2000-01-02
SWE000007382;;SWE;;;1.13;0.00;0.00;;5.20;0.00;MARIA;SFC4204;TG221;Skåre;;Y;SFC4204;N;Y;N;;;FX;;GNS;14.71;0.00;Metal;;1994-09-23;MFL;1967-01-01;;2022-07-22
SWE000007383;;SWE;;;212.00;0.00;0.00;;25.61;0.00;CARMONA;SHJU;GG330;Dyrön;;Y;SHJU;Y;N;N;;;FX;;OTB, NO;507.00;323.53;Metal;;1994-09-14;4M2;1982-01-01;;
SWE000007384;;SWE;;;0.21;0.00;0.00;;5.26;0.00;PÄTTEN;SFC4205;SG172;Nogersund;;Y;SFC4205;N;Y;N;;;FX;;GNS;14.71;0.00;Fiber/Plastic;;1994-09-26;MFL;1984-01-01;;2007-11-16
SWE000007385;;SWE;;;0.66;0.00;0.00;;6.10;0.00;BRIS AV NÄSET;SFC4206;GG1124;Näset;;Y;SFC4206;N;Y;N;;;FX;;FPO, GNS;13.24;0.00;Fiber/Plastic;;1994-09-26;4M1;1972-01-01;;2000-03-23
SWE000007386;;SWE;;;9.02;0.00;0.00;;11.00;0.00;TARU;SFC4209;HA145;Haparanda Hamn;;Y;SFC4209;N;Y;N;;;FX;;GNS, NO;88.24;0.00;Metal;;1994-09-27;F32;1977-01-01;;1996-09-14
SWE000007387;;SWE;;;1.00;0.00;0.00;;6.93;0.00;LILLA BJÖRN;SFC4210;PÅ5;"Norrfjärden"", Piteå";;Y;SFC4210;N;Y;N;;;FX;;GNS;14.71;0.00;Wood;;1994-09-27;4M1;1993-01-01;;2001-04-16
SWE000007388;;SWE;;;4.78;0.00;0.00;;8.20;0.00;TANICA;SFC4211;GE17;"Iggön"", Säljemar";;Y;SFC4211;N;Y;N;;;FX;;GNS, NO;50.00;0.00;Wood;;1994-09-27;4M1;1993-01-01;;2001-12-10
SWE000007389;;SWE;;;0.54;0.00;0.00;;5.70;0.00;CINDY;SFC4212;LL8;Vinbräcka;;Y;SFC4212;N;Y;N;;;FX;;GNS, GND;36.76;0.00;Fiber/Plastic;;1994-09-28;4M1;1993-01-01;;1997-09-01
SWE000007390;;SWE;;;4.91;0.00;0.00;;8.60;0.00;LINETTE;SFC4213;HG47;Torekov;;Y;SFC4213;N;Y;N;;;FX;;GNS;95.59;0.00;Fiber/Plastic;;1994-09-28;4M1;1984-01-01;;2001-02-22
SWE000007391;;SWE;;;0.24;0.00;0.00;;5.20;0.00;VEGA;SFC4214;SD12;Heestrand;;Y;SFC4214;N;Y;N;;;FX;;FPO;7.35;0.00;Wood;;1994-09-28;4M1;1932-01-01;;1999-08-11
SWE000007393;;SWE;;;0.88;0.00;0.00;;6.20;0.00;No name;SFC4156;TG5;"Hörte"", Skåne";;Y;SFC4156;N;Y;N;;;FX;;GNS, LHP;11.00;0.00;Fiber/Plastic;;1994-08-24;F31;1983-01-01;;1996-04-03
SWE000007394;;SWE;;;0.95;0.00;0.00;;6.25;0.00;No name;SFC4166;SG161;Krokås;;Y;SFC4166;N;Y;N;;;FX;;GND, GNS;7.35;0.00;Wood;;1994-08-31;MFL;1975-01-01;;2004-04-09
SWE000007395;;SWE;;;2.04;0.00;0.00;;6.10;0.00;No name;SFC4167;UA89;Uddevalla;;Y;SFC4167;N;Y;N;;;FX;;FPO, NO;57.35;0.00;Fiber/Plastic;;1994-08-31;MFL;1994-01-01;;2013-12-27
SWE000007396;;SWE;;;0.38;0.00;0.00;;5.60;0.00;No name;SFC4168;MÖ14;Malmö;;Y;SFC4168;N;N;N;;;FX;;GNS;5.15;0.00;Wood;;1994-08-31;MFL;1932-01-01;;2003-01-02
SWE000007397;;SWE;;;2.11;0.00;0.00;;6.10;0.00;No name;SFC4174;MÖ66;Malmö;;Y;SFC4174;N;N;N;;;FX;;GNS;16.18;0.00;Fiber/Plastic;;1994-09-01;MFL;1986-01-01;;
SWE000007398;;SWE;;;0.34;0.00;0.00;;5.20;0.00;No name;SFC4175;MÖ65;Malmö;;Y;SFC4175;N;N;N;;;FX;;GNS;22.06;0.00;Fiber/Plastic;;1994-09-01;MFL;1983-01-01;;2008-02-19
SWE000007399;;SWE;;;0.47;0.00;0.00;;6.00;0.00;No name;SFC4176;KR201;Stora Rör;;Y;SFC4176;N;Y;N;;;FX;;GNS, FPO;3.68;0.00;Wood;;1994-09-01;MFL;1952-01-01;;2004-04-27
SWE000007400;;SWE;;;0.56;0.00;0.00;;6.10;0.00;NORDANVIND 600;SFC4177;SN2;Ljusne;;Y;SFC4177;N;Y;N;;;FX;;GNS;40.44;0.00;Fiber/Plastic;;1994-09-01;MFL;1994-01-01;;
SWE000007402;;SWE;;;0.36;0.00;0.00;;5.40;0.00;No name;SFC4181;SN9;Maråker;;Y;SFC4181;N;Y;N;;;FX;;GNS;29.41;0.00;Fiber/Plastic;;1994-09-06;4M1;1992-01-01;;2002-09-24
SWE000007403;;SWE;;;1.73;0.00;0.00;;6.00;0.00;TÄRNAN;SFC4182;ÅS44;;;Y;SFC4182;N;;;;;FX;;GNS, FPO;5.88;0.00;Fiber/Plastic;;1994-09-06;F32;1978-01-01;;1996-12-08
SWE000007404;;SWE;;;1.09;0.00;0.00;;5.30;0.00;No name;SFC4188;GG4;Dyrön;;Y;SFC4188;N;Y;N;;;FX;;FPO, NO;22.06;0.00;Fiber/Plastic;;1994-09-12;MFL;1990-01-01;;
SWE000007405;;SWE;;;0.66;0.00;0.00;;6.10;0.00;No name;SFC4190;SIN135;Simrishamn;;Y;SFC4190;N;Y;N;;;FX;;GNS, NO;8.82;0.00;Fiber/Plastic;;1994-09-13;4M1;1981-01-01;;1999-05-11
SWE000007406;;SWE;;;0.19;0.00;0.00;;5.30;0.00;No name;SFC4191;SG164;Hörvik;;Y;SFC4191;N;Y;N;;;FX;;GNS, FPO;14.71;0.00;Wood;;1994-09-13;4M1;1974-01-01;;1999-01-27
SWE000007408;;SWE;;;0.36;0.00;0.00;;5.80;0.00;No name;SFC4196;SG171;Hörvik;;Y;SFC4196;N;Y;N;;;FX;;GNS;7.00;0.00;Wood;;1994-09-21;4M1;;;1999-09-10
SWE000007409;;SWE;;;0.91;0.00;0.00;;6.80;0.00;No name;SFC4200;LÅ2;Lövskär;;Y;SFC4200;N;Y;N;;;FX;;FPO, GNS;33.09;0.00;Fiber/Plastic;;1994-09-21;MFL;1992-01-01;;
SWE000007410;;SWE;;;3.72;0.00;0.00;;7.60;0.00;JENNY;SFC4201;KN12;Karlshamn;;Y;SFC4201;N;Y;N;;;FX;;GNS, FPO;22.06;0.00;Fiber/Plastic;;1994-09-23;4M1;1975-01-01;;2001-04-04
SWE000007411;;SWE;;;1.13;0.00;0.00;;6.05;0.00;No name;SFC4207;HND5;Norrfällsviken;;Y;SFC4207;N;Y;N;;;FX;;GNS, FPO;36.77;0.00;Fiber/Plastic;;1994-09-26;MFL;1973-01-01;;2024-08-26
SWE000007423;;SWE;;;2.80;0.00;0.00;;7.50;0.00;JOSEFINA;SFC4218;GG1952;Asperö;;Y;SFC4218;N;Y;N;;;FX;;FPO;58.83;0.00;Fiber/Plastic;;1994-10-04;MFL;1982-01-01;;2011-03-09
SWE000007424;;SWE;;;0.38;0.00;0.00;;5.50;0.00;OUZO;SFC4220;SG174;Nogersund;;Y;SFC4220;N;Y;N;;;FX;;GNS;36.76;0.00;Fiber/Plastic;;1994-10-04;F32;1989-01-01;;1996-06-12
SWE000007425;;SWE;;;0.51;0.00;0.00;;5.60;0.00;No name;SFC4221;GG91;Bleket;;Y;SFC4221;N;Y;N;;;FX;;FPO;40.44;0.00;Fiber/Plastic;;1994-10-05;MFL;1985-01-01;;2009-10-24
SWE000007426;;SWE;;;0.57;0.00;0.00;;5.80;0.00;No name;SFC4222;LL10;;;Y;SFC4222;N;N;N;;;FX;;FPO, DRH;19.85;0.00;Fiber/Plastic;;1994-10-05;MFL;1985-01-01;;2012-09-25
SWE000007427;;SWE;;;0.94;0.00;0.00;;6.40;0.00;SJÖSTJÄRNAN;SFC4224;SD38;Långesjö;;Y;SFC4224;N;Y;N;;;FX;;FPO;7.35;0.00;Wood;;1994-10-05;MFL;1951-01-01;;2019-06-02
SWE000007428;265039530;SWE;;;11.92;0.00;0.00;;11.25;0.00;VIKEN;SFC4225;LÅ12;Hindersön;;Y;SFC4225;N;Y;Y;;;FX;;PTB, FPO;220.59;0.00;Fiber/Plastic;;1994-10-04;MFL;1994-01-01;;
SWE000007429;;SWE;;;0.21;0.00;0.00;;5.26;0.00;No name;SFC4226;SG39;Nogersund;;Y;SFC4226;N;Y;N;;;FX;;GNS, LHP;14.71;0.00;Fiber/Plastic;;1994-10-05;MFL;1984-01-01;;2003-10-08
SWE000007430;;SWE;;;3.35;0.00;0.00;;7.00;0.00;VIRGO;SFC4227;GG262;Marstrand;;Y;SFC4227;N;Y;N;;;FX;;GNS, FPO;11.03;0.00;Wood;;1994-10-05;4M1;;;1997-01-16
SWE000007431;;SWE;;;0.54;0.00;0.00;;6.00;0.00;No name;SFC4228;KN34;Ronneby;;Y;SFC4228;N;Y;N;;;FX;;FPO;29.41;0.00;Fiber/Plastic;;1994-10-07;4M1;1979-01-01;;1998-06-14
SWE000007432;;SWE;;;1.40;0.00;0.00;;6.00;0.00;No name;SFC4230;UÅ32;Obbola;;Y;SFC4230;N;Y;N;;;FX;;GNS;29.41;0.00;Fiber/Plastic;;1994-10-10;MFL;1975-01-01;;
SWE000007433;;SWE;;;1.47;0.00;0.00;;6.00;0.00;NETTE;SFC4232;TG60;Trelleborg;;Y;SFC4232;N;Y;N;;;FX;;GNS, LHP;14.71;0.00;Wood;;1994-10-13;F31;1967-01-01;;1996-08-23
SWE000007434;;SWE;;;4.52;0.00;0.00;;7.60;0.00;SKUTVIK;SFC4233;GG567;Asperö;;Y;SFC4233;N;Y;N;;;FX;;GNS;22.06;0.00;Fiber/Plastic;;1994-10-17;4M1;1975-01-01;;1999-09-20
SWE000007435;;SWE;;;0.49;0.00;0.00;;5.65;0.00;No name;SFC4234;MÖ105;Höllviksnäs;;Y;SFC4234;N;Y;N;;;FX;;GNS, LHP;29.41;0.00;Fiber/Plastic;;1994-10-20;4M1;1980-01-01;;1999-01-25
SWE000007436;;SWE;;;1.26;0.00;0.00;;6.96;0.00;GRYNET;SFC4235;MÖ115;Skanör;;Y;SFC4235;N;Y;N;;;FX;;GNS, LHP;28.00;0.00;Fiber/Plastic;;1994-10-20;4M1;1984-01-01;;1999-01-25
SWE000007437;;SWE;;;10.14;0.00;0.00;;10.10;0.00;SKUTSKÄR;SFC4074;TG38;Trelleborg;;Y;SFC4074;N;Y;N;;;FX;;OTB, NO;125.74;0.00;Wood;;1994-06-06;4M1;1965-01-01;;2002-06-02
SWE000007438;;SWE;;;3.30;0.00;0.00;;7.01;0.00;DIANA;SFC4236;GG344;Dyrön;;Y;SFC4236;N;Y;N;;;FX;;FPO;45.59;0.00;Fiber/Plastic;;1994-10-24;4M1;1979-01-01;;1998-08-18
SWE000007439;;SWE;;;1.38;0.00;0.00;;7.20;0.00;No name;SFC4237;LL150;Smögen;;Y;SFC4237;N;Y;N;;;FX;;FPO, GND;143.38;0.00;Fiber/Plastic;;1994-10-26;4M1;1994-01-01;;2002-06-12
SWE000007440;;SWE;;;0.97;0.00;0.00;;5.40;0.00;ÖRNVIK;SFC4238;LL163;Stocken;;Y;SFC4238;N;Y;N;;;FX;;LHP, DRB;18.38;0.00;Fiber/Plastic;;1994-10-28;MFL;1978-01-01;;2008-01-28
SWE000007443;265039120;SWE;;;7.82;0.00;0.00;;11.84;0.00;JUNKÖN;SFC4219;LÅ19;Junkön;;Y;SFC4219;N;Y;Y;;;FX;;PTB, FPO;330.88;0.00;Fiber/Plastic;;1994-11-02;MFL;1994-01-01;;
SWE000007445;;SWE;;;0.93;0.00;0.00;;6.20;0.00;EMMA;SFC4244;SG175;Hörvik;;Y;SFC4244;N;Y;N;;;FX;;GNS, LHP;7.35;0.00;Wood;;1994-11-08;MFL;1971-01-01;;2009-06-02
SWE000007446;;SWE;;;0.40;0.00;0.00;;5.72;0.00;KIBH;SFC4245;MÖ274;Lomma;;Y;SFC4245;N;Y;N;;;FX;;GNS;7.00;0.00;Fiber/Plastic;;1994-11-08;4M1;1983-01-01;;1998-08-31
SWE000007447;;SWE;;;0.52;0.00;0.00;;5.40;0.00;CAROLINE;SFC4246;GG240;Rönnäng;;Y;SFC4246;N;Y;N;;;FX;;GNS, FPO;22.06;0.00;Fiber/Plastic;;1994-11-08;MFL;1985-01-01;;2003-11-03
SWE000007448;;SWE;;;3.63;0.00;0.00;;6.40;0.00;IT;SFC4247;HG109;;;Y;SFC4247;N;;;;;FX;;GNS;17.65;0.00;Fiber/Plastic;;1994-11-10;4M1;1984-01-01;;1998-03-24
SWE000007449;;SWE;;;0.63;0.00;0.00;;6.00;0.00;RONITA;SFC4248;GG241;Öckerö;;Y;SFC4248;N;Y;N;;;FX;;GNS, FPO;38.24;0.00;Fiber/Plastic;;1994-11-10;4M1;1979-01-01;;1997-12-21
SWE000007451;;SWE;;;0.54;0.00;0.00;;6.00;0.00;No name;SFC4252;HA146;Kalix-Nyborg;;Y;SFC4252;N;Y;N;;;FX;;GNS, NO;44.12;0.00;Fiber/Plastic;;1994-11-17;F32;1972-01-01;;1996-06-22
SWE000007452;;SWE;;;1.24;0.00;0.00;;7.20;0.00;SIMYLIA 2;SFC4253;HA147;Kalix-Nyborg;;Y;SFC4253;N;Y;N;;;FX;;GNS, NO;44.85;0.00;Fiber/Plastic;;1994-11-17;F32;1981-01-01;;1996-06-22
SWE000007453;;SWE;;;0.34;0.00;0.00;;5.36;0.00;SARGASSO;SFC4254;GG92;Önnered;;Y;SFC4254;N;Y;N;;;FX;;FPO, NO;22.06;0.00;Fiber/Plastic;;1994-11-18;4M1;1979-01-01;;2001-09-02
SWE000007454;266376000;SWE;;;19.00;0.00;0.00;;13.95;0.00;TÄRNÖ AV SÖREN;SFE2786;LÅ1;Luleå;;Y;SFE2786;Y;N;Y;;;FX;;PTB, OTM;294.00;0.00;Metal;;2019-02-04;MFL;1994-01-01;;
SWE000007455;;SWE;;;0.34;0.00;0.00;;5.60;0.00;ANETTE;SFC4255;KA29;Torhamn;;Y;SFC4255;N;Y;N;;;FX;;FPO, GTR;5.88;0.00;Wood;;1994-11-21;MFL;1950-01-01;;2012-07-13
SWE000007456;;SWE;;;2.36;0.00;0.00;;7.00;0.00;ASTRID;SFC4258;SD409;Grebbestad;;Y;SFC4258;N;Y;N;;;FX;;FPO, LTL;13.24;0.00;Wood;;1994-11-22;MFL;1968-01-01;;2009-06-04
SWE000007457;;SWE;;;7.22;0.00;0.00;;9.24;0.00;STORNOWAY;SFB6416;HG111;;;Y;SFB6416;N;;;;;FX;;GNS, FPO;41.18;0.00;Fiber/Plastic;;1980-04-11;MFL;1974-01-01;;2003-09-12
SWE000007459;;SWE;;;0.74;0.00;0.00;;6.08;0.00;ANNA;SFC4261;HG89;Råå;;Y;SFC4261;N;Y;N;;;FX;;GNS;16.91;0.00;Wood;;1994-11-24;4M1;1958-01-01;;1997-02-26
SWE000007461;;SWE;;;2.93;0.00;0.00;;7.12;0.00;No name;SFC4264;KR204;Grankullavik;;Y;SFC4264;N;Y;N;;;FX;;GNS;26.47;0.00;Wood;;1994-12-01;MFL;1974-01-01;;2004-03-04
SWE000007462;;SWE;;;0.91;0.00;0.00;;6.28;0.00;SONIA;SFC4266;KN35;Karlshamn-Vägga;;Y;SFC4266;N;Y;N;;;FX;;GND, GNS;7.35;0.00;Wood;;1994-12-02;4M1;1968-01-01;;1999-03-09
SWE000007463;;SWE;;;0.82;0.00;0.00;;6.30;0.00;No name;SFC4268;MÖ82;Lomma;;Y;SFC4268;N;Y;N;;;FX;;GND, FPO;5.15;0.00;Fiber/Plastic;;1994-12-02;4M1;1981-01-01;;1998-09-02
SWE000007464;;SWE;;;0.35;0.00;0.00;;5.36;0.00;ELLA;SFC4269;SG177;Djupekås;;Y;SFC4269;N;Y;N;;;FX;;GNS, GND;22.06;0.00;Fiber/Plastic;;1994-12-02;4M1;1974-01-01;;1999-11-29
SWE000007465;;SWE;;;0.72;0.00;0.00;;6.30;0.00;ANDERS;SFC4271;GG265;Skärhamn;;Y;SFC4271;N;Y;N;;;FX;;GNS, FPO;8.82;0.00;Fiber/Plastic;;1994-12-06;MFL;1972-01-01;;2005-12-01
SWE000007467;;SWE;;;0.50;0.00;0.00;;5.85;0.00;ALBATROSS;SFC4274;LL172;Lysekil;;Y;SFC4274;N;Y;N;;;FX;;SB, FPO;22.06;0.00;Fiber/Plastic;;1994-12-06;MFL;1975-01-01;;
SWE000007468;;SWE;;;0.46;0.00;0.00;;5.90;0.00;No name;SFC4276;PÅ18;Piteå;;Y;SFC4276;N;Y;N;;;FX;;GNS;40.44;0.00;Fiber/Plastic;;1994-12-08;4M1;1985-01-01;;2002-09-13
SWE000007469;;SWE;;;2.61;0.00;0.00;;7.00;0.00;DAGNY;SFC4278;SD20;Kyrkesund;;Y;SFC4278;N;Y;N;;;FX;;FPO, LTL;26.47;0.00;Wood;;1994-12-09;4M1;1958-01-01;;1998-09-21
SWE000007470;;SWE;;;0.40;0.00;0.00;;5.42;0.00;BAMSE;SFC4279;SG187;Nogersund;;Y;SFC4279;N;Y;N;;;FX;;GNS;29.00;0.00;Fiber/Plastic;;1994-12-09;MFL;1988-01-01;;2004-10-26
SWE000007472;;SWE;;;2.80;0.00;0.00;;8.15;0.00;No name;SFC4281;GG127;Vedhall;;Y;SFC4281;N;Y;N;;;FX;;FPO, GNS;66.18;0.00;Fiber/Plastic;;1994-12-14;4M1;1982-01-01;;2001-07-28
SWE000007473;;SWE;;;0.70;0.00;0.00;;5.50;0.00;No name;SFC4282;YD48;Ystad;;Y;SFC4282;N;Y;N;;;FX;;GNS, LLS;29.41;0.00;Fiber/Plastic;;1994-12-14;4M1;1985-01-01;;1997-09-03
SWE000007475;265651066;SWE;;;11.69;0.00;0.00;;10.40;0.00;TUDOR II;SFC4284;LL225;Hunnebostrand;;Y;SFC4284;N;Y;Y;;;FX;;FPO;102.94;0.00;Fiber/Plastic;;1994-12-15;MFL;1994-01-01;;
SWE000007476;;SWE;;;0.39;0.00;0.00;;5.65;0.00;No name;SFC4285;UÅ40;Skelleftehamn;;Y;SFC4285;N;Y;N;;;FX;;FPO, GNS;18.38;0.00;Fiber/Plastic;;1994-12-16;MFL;1967-01-01;;2019-06-28
SWE000007477;;SWE;;;0.39;0.00;0.00;;5.65;0.00;No name;SFC4286;UÅ46;Skelleftehamn;;Y;SFC4286;N;Y;N;;;FX;;GNS, FPO;18.38;0.00;Fiber/Plastic;;1994-12-16;MFL;1969-01-01;;2022-02-23
SWE000007478;;SWE;;;2.35;0.00;0.00;;7.10;0.00;CAMILLA;SFC4287;SG221;Krokås;;Y;SFC4287;N;Y;N;;;FX;;GNS, LHP;11.76;0.00;Fiber/Plastic;;1994-12-16;4M1;1940-01-01;;2001-09-02
SWE000007479;;SWE;;;2.92;0.00;0.00;;7.05;0.00;GLADAN;SFC4288;KN37;Karlshamn-Vägga;;Y;SFC4288;N;Y;N;;;FX;;GNS, GND;11.76;0.00;Wood;;1994-12-19;4M1;1972-01-01;;1997-11-21
SWE000007480;;SWE;;;0.82;0.00;0.00;;6.60;0.00;STORM;SFC4289;SL6;Juniskär;;Y;SFC4289;N;Y;N;;;FX;;GNS;44.12;0.00;Fiber/Plastic;;1994-12-18;MFL;1985-01-01;;
SWE000007481;;SWE;;;1.96;0.00;0.00;;7.25;0.00;MODE;SFB3326;LL404;Bohus-Malmön;;Y;SFB3326;N;Y;N;;;FX;;FPO, GNS;22.06;0.00;Wood;;1976-01-01;4M1;1959-01-01;;1998-02-03
SWE000007482;;SWE;;;0.56;0.00;0.00;;6.05;0.00;KULING;SFC4290;SL18;Juniskär;;Y;SFC4290;N;Y;N;;;FX;;GNS;55.15;0.00;Fiber/Plastic;;1994-12-19;MFL;1988-01-01;;2019-05-20
SWE000007483;;SWE;;;10.19;0.00;0.00;;11.30;0.00;ANNA;SFC4291;ÅS1;Åhus;;Y;SFC4291;N;Y;N;;;FX;;GNS, LHP;219.12;0.00;Fiber/Plastic;;1994-12-19;MFL;1994-01-01;;2006-05-05
SWE000007484;;SWE;;;8.79;0.00;0.00;;9.96;0.00;LINDA;SFC4292;GG116;Rönnäng;;Y;SFC4292;N;Y;N;;;FX;;FPO;219.12;0.00;Fiber/Plastic;;1994-12-19;MFL;1994-01-01;;
SWE000007485;;SWE;;;1.07;0.00;0.00;;5.40;0.00;LUFSEN;SFC4293;MÖ2;Klagshamn;;Y;SFC4293;N;Y;N;;;FX;;GNS, FPO;40.44;0.00;Fiber/Plastic;;1994-12-21;4M1;1982-01-01;;1998-11-11
SWE000007486;;SWE;;;0.76;0.00;0.00;;6.00;0.00;UTTERN;SFC4294;HG65;Svanshall;;Y;SFC4294;N;Y;N;;;FX;;FPO, GNS;61.76;0.00;Fiber/Plastic;;1994-12-27;4M1;1983-01-01;;1997-04-22
SWE000007487;;SWE;;;0.40;0.00;0.00;;5.70;0.00;MALIN;SFC4295;KA30;"Sandhamn"", Karlskrona";;Y;SFC4295;N;Y;N;;;FX;;FPO, GNS;8.82;0.00;Fiber/Plastic;;1994-12-27;F32;1978-01-01;;1996-10-19
SWE000007488;;SWE;;;0.38;0.00;0.00;;5.60;0.00;JESSICA;SFC4296;LL444;;;Y;SFC4296;N;N;N;;;FX;;FPO;26.47;0.00;Fiber/Plastic;;1994-12-27;MFL;1992-01-01;;2018-11-01
SWE000007489;;SWE;;;1.27;0.00;0.00;;6.00;0.00;No name;SFC4297;GE95;Bönan;;Y;SFC4297;N;Y;N;;;FX;;GNS, FPO;36.77;0.00;Fiber/Plastic;;1994-12-26;MFL;1988-01-01;;
SWE000007490;;SWE;;;0.24;0.00;0.00;;5.20;0.00;CHRISTIN;SFC4299;LL7;Holma;;Y;SFC4299;N;Y;N;;;FX;;FPO;36.77;0.00;Fiber/Plastic;;1994-12-29;MFL;1994-01-01;;2010-10-22
SWE000007491;;SWE;;;0.33;0.00;0.00;;5.40;0.00;TÄRNÖ 3;SFC4300;LL484;Grundsund;;Y;SFC4300;N;Y;N;;;FX;;FPO, NO;14.71;0.00;Fiber/Plastic;;1994-12-29;MFL;1978-01-01;;2017-01-11
SWE000007492;;SWE;;;0.52;0.00;0.00;;5.98;0.00;EOR 21;SFC4301;MÖ95;Klagshamn;;Y;SFC4301;N;Y;N;;;FX;;GNS, FPO;5.88;0.00;Wood;;1994-12-30;F32;1973-01-01;;1996-11-01
SWE000007493;;SWE;;;0.40;0.00;0.00;;5.50;0.00;No name;SFC4302;SG180;Hanö;;Y;SFC4302;N;Y;N;;;FX;;GNS;36.76;0.00;Fiber/Plastic;;1994-12-30;4M1;1987-01-01;;1998-12-08
SWE000007494;;SWE;;;0.38;0.00;0.00;;5.30;0.00;No name;SFC4303;SG181;Hanö;;Y;SFC4303;N;Y;N;;;FX;;GNS;44.12;0.00;Fiber/Plastic;;1994-12-30;4M1;1989-01-01;;1998-12-08
SWE000007495;;SWE;;;0.36;0.00;0.00;;5.40;0.00;CICCI;SFC4306;LL81;Mollösund;;Y;SFC4306;N;Y;N;;;FX;;FPO;29.41;0.00;Fiber/Plastic;;1995-01-10;MFL;1985-01-01;;2003-08-09
SWE000007496;;SWE;;;3.63;0.00;0.00;;7.30;0.00;GUNILLA;SFC4307;HG777;Råå;;Y;SFC4307;N;Y;N;;;FX;;GNS;22.06;0.00;Wood;;1995-01-10;4M1;;;1997-09-29
SWE000007497;;SWE;;;1.92;0.00;0.00;;7.50;0.00;ILONA;SFC4308;LL142;Stocken;;Y;SFC4308;N;Y;N;;;FX;;GNS, FPO;55.88;0.00;Fiber/Plastic;;1995-01-10;4M1;1980-01-01;;2002-12-19
SWE000007498;;SWE;;;0.33;0.00;0.00;;5.40;0.00;EMMA AF FOTÖ;SFC4309;GG1405;Fotö;;Y;SFC4309;N;Y;N;;;FX;;FPO, GNS;29.41;0.00;Fiber/Plastic;;1995-01-10;4M1;1987-01-01;;2000-03-02
SWE000007499;;SWE;;;1.34;0.00;0.00;;6.00;0.00;No name;SFC4310;VK50;Stora Askö;;Y;SFC4310;N;Y;N;;;FX;;GNS;10.29;0.00;Wood;;1995-01-10;4M1;1965-01-01;;1998-06-24
SWE000007500;;SWE;;;1.24;0.00;0.00;;6.65;0.00;KULING;SFC4311;KR96;Degerhamn;;Y;SFC4311;N;Y;N;;;FX;;GNS, LHP;16.18;0.00;Wood;;1995-01-10;4M1;1967-01-01;;2001-09-20
SWE000007501;;SWE;;;0.18;0.00;0.00;;6.10;0.00;No name;SFC4312;UÅ51;Holmsund;;Y;SFC4312;N;Y;N;;;FX;;GND, FPO;18.38;0.00;Fiber/Plastic;;1995-01-10;4M1;1975-01-01;;2001-11-05
SWE000007502;;SWE;;;2.88;0.00;0.00;;6.25;0.00;EVITA;SFC4313;HG101;"Viken"", Höganäs";;Y;SFC4313;N;Y;N;;;FX;;GNS, LHP;8.82;0.00;Fiber/Plastic;;1995-01-10;4M1;1980-01-01;;2001-02-22
SWE000007503;;SWE;;;0.63;0.00;0.00;;6.00;0.00;No name;SFC4314;HA65;Storön;;Y;SFC4314;N;Y;N;;;FX;;FPO, GNS;62.51;0.00;Fiber/Plastic;;1995-01-10;MFL;1990-01-01;;2015-07-31
SWE000007504;;SWE;;;0.33;0.00;0.00;;5.40;0.00;No name;SFC4315;SG182;Djupekås;;Y;SFC4315;N;Y;N;;;FX;;GNS, GND;22.06;0.00;Fiber/Plastic;;1995-01-10;4M1;1983-01-01;;1999-10-08
SWE000007505;;SWE;;;0.41;0.00;0.00;;5.40;0.00;HAJEN;SFC4316;KA31;"Hallahamnen"", Hasslö";;Y;SFC4316;N;Y;N;;;FX;;GNS, FPO;5.00;0.00;Fiber/Plastic;;1995-01-10;4M1;;;1998-03-24
SWE000007506;;SWE;;;1.28;0.00;0.00;;5.20;0.00;No name;SFC4317;UÅ48;Täfteå;;Y;SFC4317;N;Y;N;;;FX;;GNS;22.06;0.00;Fiber/Plastic;;1995-01-10;4M1;1989-01-01;;1997-07-28
SWE000007507;;SWE;;;3.87;0.00;0.00;;7.20;0.00;JENNY;SFC4318;LA15;Ålabodarna;;Y;SFC4318;N;Y;N;;;FX;;GNS;24.26;0.00;Fiber/Plastic;;1995-01-10;4M1;1979-01-01;;1998-11-18
SWE000007508;;SWE;;;0.30;0.00;0.00;;5.85;0.00;HOF;SFC4320;VY88;Ronehamn;;Y;SFC4320;N;Y;N;;;FX;;GNS;18.38;0.00;Wood;;1995-01-13;4M1;1983-01-01;;2002-05-05
SWE000007509;;SWE;;;2.74;0.00;0.00;;8.50;0.00;KICKI;SFC4321;LL93;Lysekil;;Y;SFC4321;N;Y;N;;;FX;;FPO;61.76;0.00;Fiber/Plastic;;1995-01-13;MFL;1994-01-01;;2008-04-25
SWE000007511;;SWE;;;4.40;0.00;0.00;;8.30;0.00;SKRUBBAN;SFC4323;GG274;Göteborg;;Y;SFC4323;N;Y;N;;;FX;;GNS, FPO;22.06;0.00;Fiber/Plastic;;1995-01-13;4M1;1972-01-01;;1999-10-21
SWE000007512;;SWE;;;0.36;0.00;0.00;;5.40;0.00;KORALL;SFC4324;LL25;Hunnebostrand;;Y;SFC4324;N;Y;N;;;FX;;FPO;18.38;0.00;Fiber/Plastic;;1995-01-13;MFL;1987-01-01;;2004-12-13
SWE000007513;;SWE;;;0.47;0.00;0.00;;6.00;0.00;NINA;SFC4325;SG185;Krokås;;Y;SFC4325;N;Y;N;;;FX;;GNS, FPO;5.88;0.00;Wood;;1995-01-13;4M1;1978-01-01;;1999-01-27
SWE000007514;;SWE;;;1.13;0.00;0.00;;6.00;0.00;No name;SFC4326;PÅ19;;;Y;SFC4326;N;N;N;;;FX;;FPO, GNS;29.41;0.00;Fiber/Plastic;;1995-01-13;4M1;1973-01-01;;2002-09-10
SWE000007515;;SWE;;;3.74;0.00;0.00;;7.40;0.00;VINGAREN;SFC4327;GG355;Skärhamn;;Y;SFC4327;N;Y;N;;;FX;;GNS, LTL;38.24;0.00;Fiber/Plastic;;1995-01-13;4M1;1978-01-01;;1999-11-09
SWE000007516;;SWE;;;0.33;0.00;0.00;;5.40;0.00;HALSÖN;SFC4328;HA53;Båtskärsnäs;;Y;SFC4328;N;Y;N;;;FX;;GNS, FPO;29.41;0.00;Fiber/Plastic;;1995-01-13;MFL;1985-01-01;;2009-06-02
SWE000007517;;SWE;;;6.61;0.00;0.00;;8.70;0.00;RONJA;SFC2283;SD75;Strömstad;;Y;SFC2283;N;Y;N;;;FX;;FPO;63.24;0.00;Fiber/Plastic;;1989-08-15;MFL;1988-01-01;;
SWE000007518;;SWE;;;0.39;0.00;0.00;;5.36;0.00;GILL;SFC4319;GG271;Vrångö;;Y;SFC4319;N;Y;N;;;FX;;FPO;22.06;0.00;Fiber/Plastic;;1995-01-16;MFL;1984-01-01;;2012-03-22
SWE000007519;;SWE;;;7.50;0.00;0.00;;9.30;0.00;MARITVÅ;SFC4329;GG274;Önnered;;Y;SFC4329;N;Y;N;;;FX;;OTB;154.41;0.00;Metal;;1995-01-20;4M4;1994-01-01;;
SWE000007520;;SWE;;;0.54;0.00;0.00;;6.00;0.00;FISHERMAN 20;SFC4331;PÅ20;Piteå;;Y;SFC4331;N;Y;N;;;FX;;GNS;44.12;0.00;Fiber/Plastic;;1995-01-19;4M1;1992-01-01;;2002-12-02
SWE000007521;;SWE;;;0.51;0.00;0.00;;5.60;0.00;No name;SFC4332;SL22;Alnön;;Y;SFC4332;N;Y;N;;;FX;;GNS;29.41;0.00;Fiber/Plastic;;1995-01-20;4M1;1992-01-01;;2002-09-25
SWE000007522;;SWE;;;1.79;0.00;0.00;;5.60;0.00;No name;SFC4333;UÅ58;Ivarsboda;;Y;SFC4333;N;Y;N;;;FX;;GNS;40.44;0.00;Fiber/Plastic;;1995-01-20;MFL;1980-01-01;;2004-06-21
SWE000007523;;SWE;;;0.96;0.00;0.00;;6.40;0.00;ÅSA;SFC4298;HG68;Jonstorp;;Y;SFC4298;N;Y;N;;;FX;;FPO, GNS;11.76;0.00;Wood;;1995-01-27;F32;1974-01-01;;1996-08-29
SWE000007524;;SWE;;;0.21;0.00;0.00;;5.26;0.00;PIA;SFC4334;SG186;Falkahagen;;Y;SFC4334;N;Y;N;;;FX;;FPO, GNS;14.00;0.00;Fiber/Plastic;;1995-01-23;MFL;1984-01-01;;2009-03-17
SWE000007525;;SWE;;;3.68;0.00;0.00;;6.80;0.00;HORISONT;SFC4335;GG286;Dyrön;;Y;SFC4335;N;Y;N;;;FX;;GNS;32.35;0.00;Fiber/Plastic;;1995-01-23;4M1;1986-01-01;;1997-09-14
SWE000007526;;SWE;;;1.18;0.00;0.00;;5.94;0.00;No name;SFC4336;KA41;"Ekenabben"", Sturkö";;Y;SFC4336;N;Y;N;;;FX;;LLS, GNS;11.03;0.00;Fiber/Plastic;;1995-01-23;MFL;1960-01-01;;2004-10-02
SWE000007527;;SWE;;;0.31;0.00;0.00;;5.30;0.00;No name;SFC4337;HA148;Kalix-Nyborg;;Y;SFC4337;N;Y;N;;;FX;;FPO, GNS;36.76;0.00;Fiber/Plastic;;1995-01-22;MFL;1976-01-01;;
SWE000007528;;SWE;;;1.65;0.00;0.00;;6.10;0.00;VEGA;SFC4339;LL55;Lysekil;;Y;SFC4339;N;Y;N;;;FX;;FPO;55.00;0.00;Fiber/Plastic;;1995-01-22;MFL;1995-01-01;;
SWE000007529;;SWE;;;1.43;0.00;0.00;;6.10;0.00;BURÖ I;SFC4340;LL551;Lysekil;;Y;SFC4340;N;Y;N;;;FX;;FPO;51.47;0.00;Fiber/Plastic;;1995-01-22;MFL;1985-01-01;;
SWE000007530;;SWE;;;0.36;0.00;0.00;;5.65;0.00;No name;SFC4341;HA98;Storöhamn;;Y;SFC4341;N;Y;N;;;FX;;GNS;18.00;0.00;Fiber/Plastic;;1995-01-26;MFL;1984-01-01;;
SWE000007531;;SWE;;;3.04;0.00;0.00;;7.90;0.00;STENSKÄR;SFC4342;;Dyrön;;Y;SFC4342;N;Y;N;;;FX;;FPO;147.06;0.00;Metal;;1995-01-27;MFL;1994-01-01;;2017-11-06
SWE000007532;;SWE;;;0.40;0.00;0.00;;5.72;0.00;SIW;SFC4344;GG368;Hönö;;Y;SFC4344;N;Y;N;;;FX;;FPO, GNS;8.82;0.00;Fiber/Plastic;;1995-01-27;4M1;1977-01-01;;1997-09-01
SWE000007533;;SWE;;;0.47;0.00;0.00;;6.00;0.00;PÄRLAN;SFC4345;VG16;Bua;;Y;SFC4345;N;Y;N;;;FX;;FPO, NO;18.38;0.00;Wood;;1995-01-27;MFL;1970-01-01;;2003-02-22
SWE000007534;;SWE;;;1.16;0.00;0.00;;6.60;0.00;VERONICA;SFC4346;LA22;Ålabodarna;;Y;SFC4346;N;Y;N;;;FX;;GNS;19.85;0.00;Fiber/Plastic;;1995-01-27;4M1;1985-01-01;;1997-05-03
SWE000007535;;SWE;;;0.56;0.00;0.00;;6.10;0.00;No name;SFC4347;PÅ22;Jävrebodarna;;Y;SFC4347;N;Y;N;;;FX;;GNS, FPO;29.41;0.00;Fiber/Plastic;;1995-01-27;4M1;1991-01-01;;1997-09-21
SWE000007536;;SWE;;;0.26;0.00;0.00;;5.30;0.00;No name;SFC4348;SD40;Havstenssund;;Y;SFC4348;N;Y;N;;;FX;;FPO, LTL;29.41;0.00;Fiber/Plastic;;1995-01-27;MFL;1985-01-01;;2018-07-05
SWE000007537;;SWE;;;0.34;0.00;0.00;;5.36;0.00;KIM;SFC4369;LL90;Holma;;Y;SFC4369;N;Y;N;;;FX;;SB, NO;25.74;0.00;Fiber/Plastic;;1995-02-06;MFL;1979-01-01;;2005-11-03
SWE000007539;;SWE;;;0.28;0.00;0.00;;5.42;0.00;No name;SFC4349;SG188;Hörvik;;Y;SFC4349;N;Y;N;;;FX;;GNS, GND;22.06;0.00;Fiber/Plastic;;1995-01-31;4M1;1984-01-01;;1999-11-17
SWE000007540;;SWE;;;0.66;0.00;0.00;;6.10;0.00;SPELGRUNDETS KALLE;SFC4350;UÅ62;Täfteå;;Y;SFC4350;N;Y;N;;;FX;;FPO;22.06;0.00;Wood;;1995-01-31;4M1;1992-01-01;;2001-10-23
SWE000007541;;SWE;;;0.69;0.00;0.00;;6.20;0.00;No name;SFC4351;SL25;Sundsvall;;Y;SFC4351;N;Y;N;;;FX;;GNS;29.41;0.00;Wood;;1995-01-31;4M1;1975-01-01;;1997-10-21
SWE000007542;;SWE;;;1.62;0.00;0.00;;6.05;0.00;No name;SFC4354;SM183;Bylehamn;;Y;SFC4354;N;Y;N;;;FX;;FPO, GNS;11.03;0.00;Fiber/Plastic;;1995-01-31;MFL;1975-01-01;;2020-05-13
SWE000007543;;SWE;;;0.33;0.00;0.00;;5.40;0.00;No name;SFC4355;SIN42;Vik;;Y;SFC4355;N;Y;N;;;FX;;GNS, NO;13.24;0.00;Wood;;1995-01-31;4M1;1962-01-01;;1998-09-14
SWE000007544;;SWE;;;0.28;0.00;0.00;;5.30;0.00;No name;SFC4356;SL30;Björköviken;;Y;SFC4356;N;Y;N;;;FX;;FPO, GNS;18.38;0.00;Fiber/Plastic;;1995-01-31;MFL;1987-01-01;;2004-01-20
SWE000007545;;SWE;;;0.76;0.00;0.00;;6.15;0.00;ANNIKA;SFC4357;KA168;"Ekenabben"", Sturkö";;Y;SFC4357;N;Y;N;;;FX;;GNS;29.41;0.00;Fiber/Plastic;;1995-01-31;F31;1976-01-01;;1996-10-18
SWE000007546;;SWE;;;0.45;0.00;0.00;;5.40;0.00;No name;SFC4358;SD470;Havstenssund;;Y;SFC4358;N;Y;N;;;FX;;FPO, LTL;29.41;0.00;Fiber/Plastic;;1995-01-31;MFL;1982-01-01;;2025-07-27
SWE000007547;;SWE;;;0.88;0.00;0.00;;6.20;0.00;No name;SFC4359;;Vallvik;;Y;SFC4359;N;Y;N;;;FX;;GNS, FPO;103.00;0.00;Fiber/Plastic;;1995-02-01;MFL;1994-01-01;;2014-02-20
SWE000007548;;SWE;;;0.48;0.00;0.00;;6.05;0.00;No name;SFC4360;ÅS22;Furuboda;;Y;SFC4360;N;Y;N;;;FX;;FPO, NO;11.03;0.00;Fiber/Plastic;;1995-02-01;MFL;1987-01-01;;2017-03-02
SWE000007549;;SWE;;;1.23;0.00;0.00;;6.00;0.00;SIKEN AV BERGKVARA;SFC4362;KR76;Bergkvara;;Y;SFC4362;N;Y;N;;;FX;;FPO, GNS;33.09;0.00;Fiber/Plastic;;1995-02-06;MFL;1985-01-01;;2019-06-19
SWE000007551;;SWE;;;0.34;0.00;0.00;;5.36;0.00;ELIN;SFC4364;GG388;Höviksnäs;;Y;SFC4364;N;Y;N;;;FX;;FPO, NO;29.41;0.00;Fiber/Plastic;;1995-02-06;MFL;1985-01-01;;2008-05-02
SWE000007552;;SWE;;;2.91;0.00;0.00;;7.50;0.00;CERO;SFC4365;SN15;Söderhamn;;Y;SFC4365;N;Y;N;;;FX;;GNS;16.18;0.00;Fiber/Plastic;;1995-02-06;MFL;1980-01-01;;
SWE000007553;;SWE;;;0.44;0.00;0.00;;5.60;0.00;No name;SFC4366;LL72;Bohus-Malmön;;Y;SFC4366;N;Y;N;;;FX;;FPO, NO;34.56;0.00;Fiber/Plastic;;1995-02-06;F32;1977-01-01;;1996-08-30
SWE000007554;;SWE;;;0.64;0.00;0.00;;6.05;0.00;No name;SFC4367;GE52;Gåsholma;;Y;SFC4367;N;Y;N;;;FX;;FPO, GNS;18.00;0.00;Fiber/Plastic;;1995-02-06;4M1;1976-01-01;;1999-08-11
SWE000007555;;SWE;;;0.84;0.00;0.00;;6.10;0.00;BULL;SFC4368;SD46;Långesjö;;Y;SFC4368;N;Y;N;;;FX;;FPO, LTL;14.71;0.00;Fiber/Plastic;;1995-02-06;4M1;1980-01-01;;1998-11-11
SWE000007556;;SWE;;;1.02;0.00;0.00;;6.30;0.00;SJÖRÖVAREN;SFC4370;KA23;Sanda;;Y;SFC4370;N;Y;N;;;FX;;GNS, LHP;8.82;0.00;Fiber/Plastic;;1995-02-07;MFL;1985-01-01;;2003-10-03
SWE000007557;;SWE;;;0.34;0.00;0.00;;5.30;0.00;No name;SFC4371;GG112;Åstol;;Y;SFC4371;N;Y;N;;;FX;;FPO, NO;22.06;0.00;Fiber/Plastic;;1995-02-07;MFL;1990-01-01;;2012-11-21
SWE000007558;;SWE;;;0.40;0.00;0.00;;5.70;0.00;No name;SFC4372;LL53;Lysekil;;Y;SFC4372;N;Y;N;;;FX;;FPO;9.56;0.00;Fiber/Plastic;;1995-02-07;4M1;1978-01-01;;1997-01-07
SWE000007559;;SWE;;;0.45;0.00;0.00;;5.40;0.00;No name;SFC4373;ÖK8;Skeppsmalen;;Y;SFC4373;N;Y;N;;;FX;;GNS;22.06;0.00;Fiber/Plastic;;1995-02-07;4M1;1983-01-01;;1999-12-31
SWE000007560;;SWE;;;0.48;0.00;0.00;;5.90;0.00;No name;SFC4374;ÖK9;Skeppsmalen;;Y;SFC4374;N;Y;N;;;FX;;GNS;18.38;0.00;Fiber/Plastic;;1995-02-06;MFL;1979-01-01;;
SWE000007562;;SWE;;;0.82;0.00;0.00;;5.20;0.00;No name;SFC4377;SG189;Krokås;;Y;SFC4377;N;Y;N;;;FX;;GND, GNS;36.76;0.00;Wood;;1995-02-09;4M1;1980-01-01;;1999-12-15
SWE000007563;;SWE;;;0.97;0.00;0.00;;6.30;0.00;INGA;SFC4378;KA169;"Aspö"", Karlskrona";;Y;SFC4378;N;Y;N;;;FX;;GNS;7.35;0.00;Wood;;1995-02-09;4M1;1968-01-01;;1999-04-19
SWE000007564;;SWE;;;0.92;0.00;0.00;;6.37;0.00;No name;SFC4379;KN63;Karlshamn-Vägga;;Y;SFC4379;N;Y;N;;;FX;;GNS, FPO;7.35;0.00;Fiber/Plastic;;1995-02-10;4M1;1970-01-01;;1997-04-18
SWE000007566;;SWE;;;0.84;0.00;0.00;;6.50;0.00;KARLSÖ;SFC4381;SD41;Rossö;;Y;SFC4381;N;Y;N;;;FX;;FPO;16.91;0.00;Fiber/Plastic;;1995-02-13;F32;1969-01-01;;1996-11-28
SWE000007567;;SWE;;;0.52;0.00;0.00;;5.60;0.00;No name;SFC4382;SL33;Tynderö;;Y;SFC4382;N;Y;N;;;FX;;FPO, GNS;44.00;0.00;Fiber/Plastic;;1995-02-13;MFL;1981-01-01;;2009-10-09
SWE000007568;;SWE;;;0.33;0.00;0.00;;5.40;0.00;ÖRNVIK;SFC4383;HG67;Mölle;;Y;SFC4383;N;Y;N;;;FX;;GND, NO;25.74;0.00;Fiber/Plastic;;1995-02-13;F32;1974-01-01;;1996-04-22
SWE000007569;;SWE;;;2.49;0.00;0.00;;8.00;0.00;No name;SFC4384;LÅ24;Rörbäck;;Y;SFC4384;N;Y;N;;;FX;;GNS, FPO;66.18;0.00;Fiber/Plastic;;1995-02-13;4M1;1983-01-01;;2001-11-08
SWE000007571;;SWE;;;3.75;0.00;0.00;;7.70;0.00;No name;SFC4387;HG84;Domsten;;Y;SFC4387;N;Y;N;;;FX;;GNS, FPO;80.88;0.00;Fiber/Plastic;;1995-02-13;4M1;1993-01-01;;1998-10-20
SWE000007572;;SWE;;;0.21;0.00;0.00;;5.05;0.00;No name;SFC4388;GG383;Önnered;;Y;SFC4388;N;Y;N;;;FX;;FPO, GNS;22.06;0.00;Fiber/Plastic;;1995-02-13;MFL;1980-01-01;;2018-04-29
SWE000007573;;SWE;;;0.52;0.00;0.00;;6.05;0.00;No name;SFC4389;SL41;;;Y;SFC4389;N;N;N;;;FX;;FPO, GNS;44.12;0.00;Fiber/Plastic;;1995-02-13;4M1;1982-01-01;;1999-01-19
SWE000007574;;SWE;;;1.00;0.00;0.00;;6.25;0.00;JENNIE;SFC4391;KA49;"Ekenabben"", Sturkö";;Y;SFC4391;N;Y;N;;;FX;;GNS, LHP;7.35;0.00;Wood;;1995-02-13;4M1;1974-01-01;;2002-09-02
SWE000007575;;SWE;;;1.73;0.00;0.00;;7.10;0.00;No name;SFC4392;GG293;Donsö;;Y;SFC4392;N;Y;N;;;FX;;FPO, GNS;16.18;0.00;Fiber/Plastic;;1995-02-13;4M1;1979-01-01;;1998-03-02
SWE000007576;;SWE;;;0.66;0.00;0.00;;6.10;0.00;LELA;SFC4393;MÖ68;Bjärred;;Y;SFC4393;N;Y;N;;;FX;;GNS;22.06;0.00;Fiber/Plastic;;1995-02-14;4M1;1975-01-01;;1997-11-17
SWE000007577;;SWE;;;1.27;0.00;0.00;;6.90;0.00;No name;SFC4394;LA25;Borstahusen;;Y;SFC4394;N;Y;N;;;FX;;FPO, GNS;14.71;0.00;Fiber/Plastic;;1995-02-14;F32;1980-01-01;;1996-04-17
SWE000007578;;SWE;;;0.76;0.00;0.00;;6.00;0.00;MALIN;SFC4395;LÅ33;Renholmen;;Y;SFC4395;N;Y;N;;;FX;;GNS;51.47;0.00;Fiber/Plastic;;1995-02-14;F32;1983-01-01;;1996-09-27
SWE000007579;;SWE;;;7.27;0.00;0.00;;9.40;0.00;NORDSJÖ;SFC4396;NG21;Sand;;Y;SFC4396;N;Y;N;;;FX;;GNS;73.53;2.94;Wood;;1995-02-14;MFL;1968-01-01;;2019-04-25
SWE000007580;;SWE;;;3.08;0.00;0.00;;6.95;0.00;ANNA-MARIA;SFC4397;GG393;Donsö;;Y;SFC4397;N;Y;N;;;FX;;GNS, FPO;26.47;0.00;Fiber/Plastic;;1995-02-15;4M1;1975-01-01;;1999-10-29
SWE000007581;;SWE;;;2.83;0.00;0.00;;8.60;0.00;KRISTINA;SFC4398;LÅ56;Rörbäck;;Y;SFC4398;N;Y;N;;;FX;;GNS, FPO;62.50;0.00;Fiber/Plastic;;1995-02-15;4M1;1979-01-01;;1998-09-01
SWE000007582;;SWE;;;2.30;0.00;0.00;;7.60;0.00;FRIDA;SFC4399;LÅ57;Rörbäck;;Y;SFC4399;N;Y;N;;;FX;;GNS;59.06;0.00;Fiber/Plastic;;1995-02-14;MFL;1972-01-01;;
SWE000007583;;SWE;;;0.92;0.00;0.00;;5.80;0.00;ELIN;SFC4400;LÅ58;Rörbäck;;Y;SFC4400;N;Y;N;;;FX;;GNS;29.42;0.00;Fiber/Plastic;;1995-02-14;MFL;1985-01-01;;
SWE000007584;;SWE;;;3.04;0.00;0.00;;8.70;0.00;No name;SFC4401;PÅ24;Pitsund;;Y;SFC4401;N;Y;N;;;FX;;GNS, FPO;110.29;0.00;Metal;;1995-02-15;4M1;1989-01-01;;2002-10-04
SWE000007585;;SWE;;;0.43;0.00;0.00;;5.30;0.00;No name;SFC4402;PÅ25;Pitsund;;Y;SFC4402;N;Y;N;;;FX;;GNS, FPO;51.47;0.00;Fiber/Plastic;;1995-02-15;4M1;1978-01-01;;2002-10-04
SWE000007586;;SWE;;;1.26;0.00;0.00;;7.10;0.00;ANNA;SFC4404;SD396;Heestrand;;Y;SFC4404;N;Y;N;;;FX;;FPO, NO;10.29;0.00;Fiber/Plastic;;1995-02-17;MFL;1983-01-01;;2012-02-17
SWE000007587;;SWE;;;0.89;0.00;0.00;;6.00;0.00;No name;SFC4405;LÅ59;Junkön;;Y;SFC4405;N;Y;N;;;FX;;FPO, GNS;33.09;0.00;Fiber/Plastic;;1995-02-16;MFL;1980-01-01;;
SWE000007588;;SWE;;;0.89;0.00;0.00;;6.00;0.00;No name;SFC4406;LÅ60;Junkön;;Y;SFC4406;N;Y;N;;;FX;;FPO, GNS;33.09;0.00;Fiber/Plastic;;1995-02-16;MFL;1977-01-01;;
SWE000007589;;SWE;;;1.31;0.00;0.00;;6.80;0.00;No name;SFC4407;LÅ61;Junkön;;Y;SFC4407;N;Y;N;;;FX;;FPO, GNS;26.47;0.00;Fiber/Plastic;;1995-02-17;MFL;1988-01-01;;
SWE000007590;;SWE;;;1.26;0.00;0.00;;5.70;0.00;RAN;SFC4408;SL11;Junibosand;;Y;SFC4408;N;Y;N;;;FX;;GNS;6.62;0.00;Fiber/Plastic;;1995-02-17;MFL;1974-01-01;;2005-02-16
SWE000007591;;SWE;;;1.38;0.00;0.00;;5.40;0.00;ELIN;SFC4409;GG480;"Sandvik"", Styrsö";;Y;SFC4409;N;Y;N;;;FX;;GNS, NO;18.38;0.00;Fiber/Plastic;;1995-02-17;4M1;1983-01-01;;1999-07-08
SWE000007592;;SWE;;;1.17;0.00;0.00;;6.90;0.00;FREDRIKA;SFC4410;SD401;Havstenssund;;Y;SFC4410;N;N;N;;;FX;;FPO, NO;18.00;0.00;Wood;;1995-02-17;F32;1966-01-01;;1996-01-10
SWE000007593;;SWE;;;1.28;0.00;0.00;;7.00;0.00;RIVSKÄR;SFC4411;SD418;Heestrand;;Y;SFC4411;N;Y;N;;;FX;;FPO, LTL;16.18;0.00;Wood;;1995-02-17;4M1;1956-01-01;;1997-12-17
SWE000007595;;SWE;;;0.36;0.00;0.00;;6.00;0.00;MIA;SFC4414;GG411;Fotö;;Y;SFC4414;N;Y;N;;;FX;;FPO;22.06;0.00;Wood;;1995-02-20;F32;1977-01-01;;1996-11-15
SWE000007596;;SWE;;;0.49;0.00;0.00;;6.10;0.00;No name;SFC4415;LL93;Kungshamn;;Y;SFC4415;N;Y;N;;;FX;;GNS, FPO;26.47;0.00;Fiber/Plastic;;1995-02-20;4M1;1978-01-01;;1998-02-01
SWE000007597;;SWE;;;1.63;0.00;0.00;;7.25;0.00;No name;SFC4416;GG481;"Sandvik"", Styrsö";;Y;SFC4416;N;Y;N;;;FX;;LTL, GNS;51.47;0.00;Fiber/Plastic;;1995-02-20;4M1;1966-01-01;;1998-01-02
SWE000007598;;SWE;;;0.80;0.00;0.00;;6.85;0.00;No name;SFC4417;LÅ27;Lövgrundet;;Y;SFC4417;N;Y;N;;;FX;;FPO, GNS;33.09;0.00;Fiber/Plastic;;1995-02-20;MFL;1991-01-01;;
SWE000007599;;SWE;;;0.47;0.00;0.00;;5.70;0.00;ZITA;SFC4418;GG421;Åstol;;Y;SFC4418;N;Y;N;;;FX;;FPO, GNS;7.00;0.00;Fiber/Plastic;;1995-02-20;4M1;1973-01-01;;2000-10-30
SWE000007602;;SWE;;;0.36;0.00;0.00;;5.40;0.00;No name;SFC4422;GG460;Fotö;;Y;SFC4422;N;Y;N;;;FX;;FPO;40.44;0.00;Fiber/Plastic;;1995-02-22;4M1;1985-01-01;;1999-10-29
SWE000007603;;SWE;;;0.98;0.00;0.00;;6.20;0.00;No name;SFC4424;KA55;Torhamn;;Y;SFC4424;N;Y;N;;;FX;;SB, FPO;10.29;0.00;Fiber/Plastic;;1995-02-22;MFL;1980-01-01;;2003-08-30
SWE000007604;;SWE;;;4.94;0.00;0.00;;8.40;0.00;FLATÖ;SFC4425;LL467;;;Y;SFC4425;N;;;;;FX;;GNS, FPO;22.00;0.00;Wood;;1995-02-22;F32;1970-01-01;;1996-07-03
SWE000007605;;SWE;;;0.75;0.00;0.00;;6.40;0.00;EDIT;SFC4427;GG424;Hönö-Röd;;Y;SFC4427;N;Y;N;;;FX;;LTL, GNS;8.82;0.00;Wood;;1995-02-24;4M1;1964-01-01;;1999-09-14
SWE000007606;;SWE;;;0.25;0.00;0.00;;5.00;0.00;SAFIR;SFC4429;GG429;Rönnäng;;Y;SFC4429;N;Y;N;;;FX;;FPO;22.06;0.00;Fiber/Plastic;;1995-02-24;MFL;1979-01-01;;2007-01-16
SWE000007607;;SWE;;;1.28;0.00;0.00;;6.60;0.00;SEIKO;SFC4430;KA142;Ungskär;;Y;SFC4430;N;Y;N;;;FX;;GNS;7.35;0.00;Wood;;1995-02-23;MFL;1960-01-01;;
SWE000007608;;SWE;;;0.35;0.00;0.00;;5.35;0.00;No name;SFC4434;UÅ63;Täfteå;;Y;SFC4434;N;Y;N;;;FX;;GNS;14.71;0.00;Wood;;1995-02-24;4M1;1993-01-01;;2001-11-08
SWE000007609;;SWE;;;0.43;0.00;0.00;;5.65;0.00;No name;SFC4435;UÅ64;Täfteå;;Y;SFC4435;N;Y;N;;;FX;;GNS;22.06;0.00;Wood;;1995-02-24;4M1;1988-01-01;;2001-11-08
SWE000007610;;SWE;;;0.74;0.00;0.00;;6.12;0.00;ÖRNEN;SFC4436;KR50;Greece;;Y;SFC4436;N;;;;;FX;;GNS;18.38;0.00;Wood;;1995-02-28;MFL;1980-01-01;;2006-10-21
SWE000007611;;SWE;;;0.63;0.00;0.00;;6.00;0.00;No name;SFC4437;HG53;Mölle;;Y;SFC4437;N;Y;N;;;FX;;FPO;16.18;0.00;Fiber/Plastic;;1995-02-28;MFL;1982-01-01;;
SWE000007613;;SWE;;;0.63;0.00;0.00;;6.00;0.00;No name;SFC4439;LÅ25;Jävrebodarna;;Y;SFC4439;N;Y;N;;;FX;;FPO, GNS;29.41;0.00;Wood;;1995-02-28;MFL;1982-01-01;;
SWE000007615;;SWE;;;2.39;0.00;0.00;;8.60;0.00;NAMASTE;SFC2590;SD60;Strömstad;;Y;SFC2590;N;Y;N;;;FX;;FPO, LTL;61.76;0.00;Fiber/Plastic;;1990-07-20;4M1;1979-01-01;;1998-08-30
SWE000007616;;SWE;;;1.55;0.00;0.00;;7.10;0.00;LY;SFC4441;SD48;;;Y;SFC4441;N;;;;;FX;;GNS, FPO;22.06;0.00;Wood;;1995-03-06;4M1;1957-01-01;;1999-08-24
SWE000007617;;SWE;;;1.51;0.00;0.00;;5.48;0.00;HANNSVIK 18;SFC4442;SD58;Strömstad;;Y;SFC4442;N;N;N;;;FX;;FPO;36.76;0.00;Fiber/Plastic;;1995-03-06;MFL;1995-01-01;;2006-10-24
SWE000007618;;SWE;;;0.82;0.00;0.00;;6.60;0.00;THYRA;SFC4443;SD59;;;Y;SFC4443;N;;;;;FX;;FPO;7.35;0.00;;;1995-03-06;4M1;;;1997-06-24
SWE000007619;;SWE;;;0.46;0.00;0.00;;5.95;0.00;No name;SFC4445;LÅ63;Hindersön;;Y;SFC4445;N;Y;N;;;FX;;FPO, GNS;44.13;0.00;Fiber/Plastic;;1995-03-06;MFL;1978-01-01;;
SWE000007620;;SWE;;;0.52;0.00;0.00;;6.20;0.00;No name;SFC4446;LÅ64;Hindersön;;Y;SFC4446;N;Y;N;;;FX;;FPO, NO;44.13;0.00;Fiber/Plastic;;1995-03-06;MFL;1985-01-01;;
SWE000007622;;SWE;;;0.54;0.00;0.00;;5.60;0.00;No name;SFC4451;NRG1;Kallsö;;Y;SFC4451;N;Y;N;;;FX;;GNS, FPO;36.76;0.00;Fiber/Plastic;;1995-03-06;MFL;1995-01-01;;
SWE000007623;;SWE;;;1.43;0.00;0.00;;6.17;0.00;LISA;SFC4452;HG220;;;Y;SFC4452;N;;;;;FX;;FPO, LLS;14.71;0.00;Wood;;1995-03-07;4M1;1976-01-01;;2000-07-11
SWE000007624;;SWE;;;0.47;0.00;0.00;;5.70;0.00;EVEREST;SFC4453;LL202;Grundsund;;Y;SFC4453;N;Y;N;;;FX;;FPO;88.24;0.00;Fiber/Plastic;;1995-03-07;4M1;1994-01-01;;2002-01-15
SWE000007625;;SWE;;;2.83;0.00;0.00;;8.60;0.00;MELORD;SFC4455;SN37;;;Y;SFC4455;N;N;N;;;FX;;GNS;73.53;0.00;Fiber/Plastic;;1995-03-07;4M1;1991-01-01;;2002-09-24
SWE000007626;;SWE;;;0.41;0.00;0.00;;5.60;0.00;No name;SFC4456;SL4;Junibosand;;Y;SFC4456;N;Y;N;;;FX;;GNS;29.41;0.00;Fiber/Plastic;;1995-03-07;MFL;1985-01-01;;2008-02-16
SWE000007627;;SWE;;;0.36;0.00;0.00;;5.15;0.00;BRESKÄR;SFC4458;GG339;;;Y;SFC4458;N;;;;;FX;;GNS, FPO;22.06;0.00;Fiber/Plastic;;1995-03-06;4M1;1979-01-01;;1999-10-29
SWE000007630;;SWE;;;4.77;0.00;0.00;;7.80;0.00;KARIN;SFC4462;GG188;Donsö;;Y;SFC4462;N;Y;N;;;FX;;GNS, FPO;66.18;0.00;Fiber/Plastic;;1995-03-09;F32;1984-01-01;;1996-05-07
SWE000007631;;SWE;;;0.56;0.00;0.00;;6.10;0.00;No name;SFC4463;LÅ65;;;Y;SFC4463;N;N;N;;;FX;;GNS;36.00;0.00;Fiber/Plastic;;1995-03-09;4M1;1987-01-01;;1997-11-12
SWE000007632;;SWE;;;0.30;0.00;0.00;;5.50;0.00;No name;SFC4464;LÅ66;Hindersön;;Y;SFC4464;N;Y;N;;;FX;;FPO, GNS;18.38;0.00;Fiber/Plastic;;1995-03-09;4M1;1987-01-01;;2001-10-22
SWE000007633;;SWE;;;0.56;0.00;0.00;;6.05;0.00;No name;SFC4465;LÅ67;Hindersön;;Y;SFC4465;N;Y;N;;;FX;;FPO, GNS;29.41;0.00;Fiber/Plastic;;1995-03-09;4M1;1993-01-01;;2001-10-22
SWE000007634;;SWE;;;0.64;0.00;0.00;;6.05;0.00;No name;SFC4467;LL302;Munkedal;;Y;SFC4467;N;Y;N;;;FX;;FPO, PS;9.56;0.00;Fiber/Plastic;;1995-03-10;MFL;1975-01-01;;2011-10-02
SWE000007635;;SWE;;;14.00;0.00;0.00;;13.55;0.00;MALÖ;SIAK;GG69;;;Y;SIAK;N;;;;;FX;;OTB;110.00;0.00;Metal;;1995-02-28;4M4;1976-01-01;;2002-03-04
SWE000007636;;SWE;;;0.75;0.00;0.00;;5.05;0.00;No name;SFC4472;LA26;;;Y;SFC4472;N;N;N;;;FX;;LHP, GTR;14.71;0.00;Fiber/Plastic;;1995-03-13;MFL;1979-01-01;;2012-08-22
SWE000007637;;SWE;;;0.48;0.00;0.00;;6.04;0.00;No name;SFC4473;SL42;Lörudden;;Y;SFC4473;N;Y;N;;;FX;;GNS;37.00;0.00;Fiber/Plastic;;1995-03-13;MFL;1975-01-01;;2011-01-17
SWE000007638;;SWE;;;2.34;0.00;0.00;;5.65;0.00;No name;SFC4474;KA61;;;Y;SFC4474;N;N;N;;;FX;;GNS, NO;11.03;0.00;Fiber/Plastic;;1995-03-14;MFL;1980-01-01;;2009-05-12
SWE000007639;;SWE;;;0.81;0.00;0.00;;4.80;0.00;No name;SFC4476;GE106;Fagerviken;;Y;SFC4476;N;N;N;;;FX;;GNS;18.38;0.00;Fiber/Plastic;;1995-03-16;MFL;1978-01-01;;2024-10-17
SWE000007640;;SWE;;;2.40;0.00;0.00;;7.00;0.00;CHRISTINA;SFC4477;GE107;Fagerviken;;Y;SFC4477;N;N;N;;;FX;;GNS;18.38;0.00;Wood;;1995-03-16;MFL;1967-01-01;;2004-03-22
SWE000007641;;SWE;;;1.48;0.00;0.00;;5.60;0.00;No name;SFC4479;ÖK11;;;Y;SFC4479;N;N;N;;;FX;;GNS, FPO;36.76;0.00;Fiber/Plastic;;1995-03-17;4M1;1981-01-01;;1999-02-28
SWE000007642;;SWE;;;2.83;0.00;0.00;;7.75;0.00;GRÅSKÄR;SFC4480;LL133;;;Y;SFC4480;N;;;;;FX;;FPO;88.24;0.00;Metal;;1995-03-17;MFL;1990-01-01;;2003-03-02
SWE000007643;;SWE;;;0.92;0.00;0.00;;7.20;0.00;KULING;SFC4482;VG34;Galtabäck;;Y;SFC4482;N;Y;N;;;FX;;GNS, FPO;16.18;0.00;Wood;;1995-03-17;4M1;1960-01-01;;1997-04-08
SWE000007644;;SWE;;;0.47;0.00;0.00;;6.00;0.00;LULA;SFC4488;MÖ96;Skanör;;Y;SFC4488;N;Y;N;;;FX;;GNS;29.41;0.00;Fiber/Plastic;;1995-03-23;MFL;1995-01-01;;2018-10-11
SWE000007645;;SWE;;;1.47;0.00;0.00;;7.10;0.00;No name;SFB7677;UÅ15;Skelleftehamn;;Y;SFB7677;N;Y;N;;;FX;;FPO, GNS;95.59;0.00;Fiber/Plastic;;1983-07-07;4M1;1982-01-01;;1999-07-06
SWE000007646;;SWE;;;2.60;0.00;0.00;;7.60;0.00;ANNA;SFC4492;GG145;;;Y;SFC4492;N;N;N;;;FX;;GNS;37.50;0.00;Wood;;1995-03-31;4M1;1960-01-01;;1998-02-28
SWE000007648;;SWE;;;0.38;0.00;0.00;;5.50;0.00;No name;SFC4495;HG91;Höganäs;;Y;SFC4495;N;Y;N;;;FX;;FPO;29.41;0.00;Fiber/Plastic;;1995-04-02;MFL;1984-01-01;;
SWE000007649;;SWE;;;0.38;0.00;0.00;;5.50;0.00;No name;SFC4496;HG93;Häljaröd;;Y;SFC4496;N;Y;N;;;FX;;FPO, NO;29.41;0.00;Fiber/Plastic;;1995-04-03;MFL;1985-01-01;;2009-03-10
SWE000007650;;SWE;;;0.16;0.00;0.00;;5.00;0.00;No name;SFC4497;ÖK16;Köpmanholmen;;Y;SFC4497;N;Y;N;;;FX;;GNS, FPO;22.06;0.00;Fiber/Plastic;;1995-04-03;MFL;1987-01-01;;2018-10-30
SWE000007651;;SWE;;;0.64;0.00;0.00;;6.05;0.00;SIMPAN;SFC4498;GE112;;;Y;SFC4498;N;;;;;FX;;FPO, GNS;14.71;0.00;Fiber/Plastic;;1995-04-03;MFL;1976-01-01;;2009-02-17
SWE000007652;;SWE;;;0.93;0.00;0.00;;6.60;0.00;SCANNER 6.60;SFC4499;PÅ10;Pitsund;;Y;SFC4499;N;Y;N;;;FX;;GNS, FPO;66.18;0.00;Fiber/Plastic;;1995-04-03;4M1;1987-01-01;;2002-09-05
SWE000007653;;SWE;;;0.70;0.00;0.00;;6.10;0.00;SNIPAN;SFC4500;GG689;Marstrand;;Y;SFC4500;N;Y;N;;;FX;;FPO;16.91;0.00;Fiber/Plastic;;1995-04-03;MFL;1971-01-01;;2003-02-23
SWE000007654;;SWE;;;2.31;0.00;0.00;;8.98;0.00;ELINA III;SFC4503;UÅ8;Ostön;;Y;SFC4503;N;Y;N;;;FX;;GNS;169.12;0.00;Fiber/Plastic;;1995-04-04;MFL;1995-01-01;;2019-05-21
SWE000007655;;SWE;;;2.31;0.00;0.00;;8.98;0.00;SALMO;SFC4504;VY11;Kappelshamn;;Y;SFC4504;N;Y;N;;;FX;;GNS;169.12;0.00;Fiber/Plastic;;1995-04-04;MFL;1995-01-01;;2021-05-25
SWE000007656;;SWE;;;1.76;0.00;0.00;;6.50;0.00;No name;SFC4505;PÅ11;Piteå;;Y;SFC4505;N;Y;N;;;FX;;FPO, GNS;14.71;0.00;Wood;;1995-04-04;MFL;1976-01-01;;2011-10-04
SWE000007657;;SWE;;;0.34;0.00;0.00;;5.30;0.00;No name;SFC4506;HL17;Djuped;;Y;SFC4506;N;Y;N;;;FX;;GNS, FPO;22.06;0.00;Fiber/Plastic;;1995-04-05;4M1;1994-01-01;;2001-03-04
SWE000007661;;SWE;;;2.41;0.00;0.00;;8.50;0.00;DELFIN;SFC4515;GG1198;Nidingen;;Y;SFC4515;N;Y;N;;;FX;;FPO;147.00;0.00;Metal;;1995-04-11;MFL;1993-01-01;;2005-05-01
SWE000007662;;SWE;;;5.11;0.00;0.00;;8.80;0.00;INGRID;SFC4518;GG98;Åstol;;Y;SFC4518;N;Y;N;;;FX;;GNS, FPO;125.00;0.00;Fiber/Plastic;;1995-04-12;4M1;1993-01-01;;1997-09-23
SWE000007663;;SWE;;;0.55;0.00;0.00;;6.20;0.00;No name;SFC4522;SL43;Junibosand;;Y;SFC4522;N;Y;N;;;FX;;GNS;44.12;0.00;Fiber/Plastic;;1995-04-19;MFL;1991-01-01;;2013-06-22
SWE000007664;;SWE;;;0.56;0.00;0.00;;6.10;0.00;No name;SFC4523;LÅ68;Långön;;Y;SFC4523;N;Y;N;;;FX;;FPO, GNS;33.09;0.00;Fiber/Plastic;;1995-04-19;MFL;1978-01-01;;2015-11-18
SWE000007666;;SWE;;;0.57;0.00;0.00;;6.10;0.00;LISA;SFC4525;KA81;Sturkö;;Y;SFC4525;N;Y;N;;;FX;;GNS, LHP;8.82;0.00;Wood;;1995-04-19;MFL;1968-01-01;;2008-11-03
SWE000007667;;SWE;;;2.22;0.00;0.00;;7.50;0.00;LILLELAND;SFC4526;GG309;Fiskebäck;;Y;SFC4526;N;Y;N;;;FX;;GND, LTL;37.50;0.00;Fiber/Plastic;;1995-04-19;4M1;1984-01-01;;1998-09-16
SWE000007669;;SWE;;;1.63;0.00;0.00;;7.60;0.00;RANSY;SFC4528;GG422;Fotö;;Y;SFC4528;N;Y;N;;;FX;;FPO;102.94;0.00;Fiber/Plastic;;1995-04-19;MFL;1990-01-01;;2018-08-11
SWE000007671;;SWE;;;0.44;0.00;0.00;;5.60;0.00;No name;SFB4454;YD34;Abbekås;;Y;SFB4454;N;Y;N;;;FX;;GNS;7.35;0.00;Wood;;1976-01-01;4M1;1964-01-01;;1999-10-29
SWE000007672;;SWE;;;0.54;0.00;0.00;;6.00;0.00;SANNA;SFC4534;HA49;Storbrändön;;Y;SFC4534;N;Y;N;;;FX;;GNS;36.76;0.00;Fiber/Plastic;;1995-04-26;4M1;1982-01-01;;1997-06-18
SWE000007673;;SWE;;;4.50;0.00;0.00;;7.00;0.00;EMELY;SFC4535;SD49;Krossekärr;;Y;SFC4535;N;Y;N;;;FX;;FPO, NO;44.12;0.00;Fiber/Plastic;;1995-04-26;4M1;1986-01-01;;2000-04-20
SWE000007674;;SWE;;;3.23;0.00;0.00;;7.50;0.00;GERTIE;SFC4536;SG254;Hanö;;Y;SFC4536;N;Y;N;;;FX;;GNS;14.71;0.00;Wood;;1995-04-27;4M1;1967-01-01;;2000-01-21
SWE000007675;;SWE;;;0.34;0.00;0.00;;5.30;0.00;No name;SFC4539;VG6;Varberg;;Y;SFC4539;N;Y;N;;;FX;;FPO;22.06;0.00;Fiber/Plastic;;1995-04-27;F32;1986-01-01;;1996-07-27
SWE000007676;;SWE;;;0.36;0.00;0.00;;5.40;0.00;No name;SFC4543;GG128;Bohus-Björkö;;Y;SFC4543;N;Y;N;;;FX;;FPO, GNS;29.41;0.00;Fiber/Plastic;;1995-04-28;MFL;1978-01-01;;2003-09-05
SWE000007677;;SWE;;;0.33;0.00;0.00;;5.39;0.00;ÖRNVIK;SFC4545;GG257;Vrångö;;Y;SFC4545;N;Y;N;;;FX;;FPO, GND;29.41;0.00;Fiber/Plastic;;1995-05-04;MFL;1978-01-01;;2019-09-30
SWE000007678;;SWE;;;4.65;0.00;0.00;;8.07;0.00;GUNMARI;SFC4546;SG77;Hällevik;;Y;SFC4546;N;Y;N;;;FX;;GNS;26.47;0.00;Fiber/Plastic;;1995-05-04;MFL;1983-01-01;;2014-05-05
SWE000007680;;SWE;;;0.38;0.00;0.00;;5.60;0.00;No name;SFC4552;KA73;"Sandhamn"", Karlskrona";;Y;SFC4552;N;Y;N;;;FX;;FPO, NO;12.50;0.00;Fiber/Plastic;;1995-05-08;MFL;1985-01-01;;2017-05-29
SWE000007681;;SWE;;;0.60;0.00;0.00;;6.50;0.00;SILVERÅLEN;SFC4553;SD133;Daftö-Valö;;Y;SFC4553;N;Y;N;;;FX;;FPO, NO;29.41;0.00;Metal;;1995-05-08;MFL;1991-01-01;;2005-02-19
SWE000007682;;SWE;;;1.48;0.00;0.00;;7.25;0.00;No name;SFC4554;GG164;Onsala;;Y;SFC4554;N;Y;N;;;FX;;FPO, NO;121.32;0.00;Metal;;1995-05-08;4M1;1970-01-01;;1999-10-21
SWE000007684;;SWE;;;0.18;0.00;0.00;;5.27;0.00;No name;SFC4595;UÅ66;Bureå;;Y;SFC4595;N;Y;N;;;FX;;FPO, GNS;18.38;0.00;Fiber/Plastic;;1995-05-28;MFL;1975-01-01;;
SWE000007685;;SWE;;;3.18;0.00;0.00;;6.70;0.00;SILLEN;SFC4565;GG304;Grötö;;Y;SFC4565;N;Y;N;;;FX;;GNS, FPO;26.47;0.00;Fiber/Plastic;;1995-05-16;4M1;1974-01-01;;1999-12-01
SWE000007686;;SWE;;;0.44;0.00;0.00;;6.20;0.00;No name;SFC4567;UÅ36;Bureå;;Y;SFC4567;N;Y;N;;;FX;;GNS;11.03;0.00;Fiber/Plastic;;1995-05-15;MFL;1980-01-01;;
SWE000007687;;SWE;;;0.38;0.00;0.00;;5.60;0.00;No name;SFC4572;KA64;Sanda;;Y;SFC4572;N;Y;N;;;FX;;GNS, FPO;5.88;0.00;Fiber/Plastic;;1995-05-18;4M1;1980-01-01;;2002-03-25
SWE000007688;;SWE;;;2.32;0.00;0.00;;7.10;0.00;AQUILA;SFC4573;HA87;Ryssbält;;Y;SFC4573;N;Y;N;;;FX;;FPO;57.35;0.00;Fiber/Plastic;;1995-05-18;MFL;1974-01-01;;2023-05-08
SWE000007689;;SWE;;;0.93;0.00;0.00;;6.00;0.00;No name;SFC4574;HA87;Ryssbält;;Y;SFC4574;N;Y;N;;;FX;;GNS, FPO;36.77;0.00;Fiber/Plastic;;1995-05-17;MFL;1980-01-01;;
SWE000007691;;SWE;;;4.12;0.00;0.00;;10.35;0.00;No name;SFC4579;UÅ65;Obbola;;Y;SFC4579;N;Y;N;;;FX;;GNS;169.12;0.00;Fiber/Plastic;;1995-05-17;MFL;1995-01-01;;
SWE000007692;;SWE;;;205.00;0.00;0.00;;26.00;0.00;EKENÄS;XSIFXX;VG37;Bua;;Y;XSIFXX;Y;N;N;;;FX;;OTB;496.00;147.06;Metal;;1995-05-19;MFL;1978-01-01;;
SWE000007693;;SWE;;;0.95;0.00;0.00;;6.25;0.00;No name;SFC4580;GG442;Fiskebäck;;Y;SFC4580;N;Y;N;;;FX;;FPO;7.35;0.00;Fiber/Plastic;;1995-05-18;MFL;1979-01-01;;2003-10-14
SWE000007694;;SWE;;;4.38;0.00;0.00;;7.70;0.00;EKEFJORD II;SFC4583;SIN136;Simrishamn;;Y;SFC4583;N;Y;N;;;FX;;LTL, GND;110.29;0.00;Fiber/Plastic;;1995-05-22;MFL;1995-01-01;;2003-01-01
SWE000007695;;SWE;;;0.34;0.00;0.00;;5.45;0.00;No name;SFC4585;KA88;"Ekenabben"", Sturkö";;Y;SFC4585;N;Y;N;;;FX;;FPO, LLS;3.68;0.00;Wood;;1995-05-22;MFL;1959-01-01;;2004-01-20
SWE000007696;;SWE;;;6.75;0.00;0.00;;9.45;0.00;BORNÖ;SFC4587;LL136;Lysekil;;Y;SFC4587;N;Y;N;;;FX;;GNS, FPO;62.50;0.00;Wood;;1995-05-23;MFL;1967-01-01;;2004-06-21
SWE000007697;;SWE;;;10.30;0.00;0.00;;10.76;0.00;ATENA;SFC4590;VG35;Träslövsläge;;Y;SFC4590;N;Y;N;;;FX;;GNS;70.00;0.00;Wood;;1995-05-25;MFL;1952-01-01;;
SWE000007707;;SWE;;;0.36;0.00;0.00;;5.40;0.00;SIKEN;SFC4591;GE114;Gåsholma;;Y;SFC4591;N;Y;N;;;FX;;GNS;22.06;0.00;Fiber/Plastic;;1995-05-29;MFL;1974-01-01;;2023-04-06
SWE000007708;;SWE;;;2.18;0.00;0.00;;7.85;0.00;KAROLINA;SFC4592;GG443;Hönö-Röd;;Y;SFC4592;N;Y;N;;;FX;;GND, GNS;36.76;0.00;Fiber/Plastic;;1995-05-29;MFL;1984-01-01;;2003-06-02
SWE000007709;;SWE;;;0.63;0.00;0.00;;6.25;0.00;No name;SFC4596;UÅ67;;;Y;SFC4596;N;N;N;;;FX;;FPO, GNS;18.38;0.00;Wood;;1995-05-29;MFL;1972-01-01;;2005-07-04
SWE000007710;;SWE;;;0.30;0.00;0.00;;5.40;0.00;No name;SFC4601;LL109;Grundsund;;Y;SFC4601;N;Y;N;;;FX;;FPO;29.41;0.00;Fiber/Plastic;;1995-05-29;F32;1992-01-01;;1996-04-10
SWE000007711;;SWE;;;0.94;0.00;0.00;;6.10;0.00;LOLLO;SFC4597;LL56;Hasselösund;;Y;SFC4597;N;Y;N;;;FX;;FPO, LTL;17.65;0.00;Wood;;1995-05-29;4M1;1965-01-01;;1998-05-17
SWE000007713;;SWE;;;0.95;0.00;0.00;;5.99;0.00;No name;SFC4599;SL20;"Spikarna"", Alnön";;Y;SFC4599;N;Y;N;;;FX;;FPO, GNS;36.77;0.00;Fiber/Plastic;;1995-05-29;MFL;1980-01-01;;2016-05-23
SWE000007714;;SWE;;;0.53;0.00;0.00;;6.09;0.00;No name;SFC4600;HND7;Bönhamn;;Y;SFC4600;N;Y;N;;;FX;;FPO, GNS;36.76;0.00;Fiber/Plastic;;1995-05-29;MFL;1975-01-01;;2019-01-23
SWE000007715;;SWE;;;0.57;0.00;0.00;;6.10;0.00;ESTERSÖ;SFC4605;LÅ75;Brändön;;Y;SFC4605;N;Y;N;;;FX;;FPO, GNS;33.09;0.00;Fiber/Plastic;;1995-05-31;4M1;1993-01-01;;2000-10-12
SWE000007718;;SWE;;;1.79;0.00;0.00;;6.60;0.00;AQUILA DI MARE;SFC4614;HA78;Marahamn;;Y;SFC4614;N;Y;N;;;FX;;GNS, NO;44.13;0.00;Fiber/Plastic;;1995-06-01;MFL;1982-01-01;;2020-05-08
SWE000007719;;SWE;;;0.58;0.00;0.00;;6.00;0.00;MARIA;SFC4615;GE115;Ängskär;;Y;SFC4615;N;Y;N;;;FX;;GNS;44.12;0.00;Fiber/Plastic;;1995-06-01;4M1;1990-01-01;;1997-10-02
SWE000007720;;SWE;;;0.63;0.00;0.00;;6.00;0.00;HEJEN;SFB7927;SD162;Hamburgsund;;Y;SFB7927;N;Y;N;;;FX;;FPO, GND;11.76;0.00;Wood;;1984-03-15;4M1;1946-01-01;;1999-10-29
SWE000007721;;SWE;;;3.06;0.00;0.00;;6.80;0.00;CHEERIO;SFB7928;SD189;Hamburgsund;;Y;SFB7928;N;Y;N;;;FX;;FPO, GND;41.18;0.00;Fiber/Plastic;;1984-03-15;4M1;1976-01-01;;1999-10-29
SWE000007722;;SWE;;;10.46;0.00;0.00;;10.30;0.00;TUVALIE;SFC4619;LL35;Lysekil;;Y;SFC4619;N;Y;N;;;FX;;GNS, GND;294.00;0.00;Fiber/Plastic;;1995-06-07;MFL;1995-01-01;;
SWE000007723;;SWE;;;3.86;0.00;0.00;;9.00;0.00;JENNY;SFC4622;SD481;Fjällbacka;;Y;SFC4622;N;Y;N;;;FX;;FPO;84.56;0.00;Fiber/Plastic;;1995-06-08;MFL;1987-01-01;;
SWE000007726;;SWE;;;6.69;0.00;0.00;;9.14;0.00;ANNI;SFC4631;MÖ6;Skanör;;Y;SFC4631;N;Y;N;;;FX;;GNS;51.48;0.00;Fiber/Plastic;;1995-06-12;MFL;1976-01-01;;2003-02-25
SWE000007727;;SWE;;;0.17;0.00;0.00;;4.90;0.00;MIA;SFC4634;LA29;Borstahusen;;Y;SFC4634;N;Y;N;;;FX;;FPO, GNS;22.06;0.00;Fiber/Plastic;;1995-06-14;MFL;1987-01-01;;2025-05-21
SWE000007728;;SWE;;;1.36;0.00;0.00;;6.50;0.00;NORDLAND;SFC4635;HA14;Marahamn;;Y;SFC4635;N;Y;N;;;FX;;GNS;51.48;0.00;Fiber/Plastic;;1995-06-14;MFL;1981-01-01;;
SWE000007729;;SWE;;;4.53;0.00;0.00;;7.80;0.00;DELFIN;SFC4636;SD77;Ramsö;;Y;SFC4636;N;Y;N;;;FX;;FPO;64.00;0.00;Fiber/Plastic;;1995-06-14;MFL;1985-01-01;;
SWE000007733;;SWE;;;0.58;0.00;0.00;;4.95;0.00;EEL;SFC4646;NRG6;Gränsö;;Y;SFC4646;N;Y;N;;;FX;;GNS, FPO;22.06;0.00;Fiber/Plastic;;1995-06-20;MFL;1980-01-01;;
SWE000007734;;SWE;;;1.68;0.00;0.00;;8.30;0.00;LINA;SFC4647;HA151;Nikkala;;Y;SFC4647;N;Y;N;;;FX;;FPO, GNS;84.56;0.00;Wood;;1995-06-21;MFL;1960-01-01;;2019-02-08
SWE000007735;;SWE;;;0.90;0.00;0.00;;6.00;0.00;PÄRLAN;SFC4649;KA84;"Aspö"", Karlskrona";;Y;SFC4649;N;Y;N;;;FX;;GND, GNS;7.00;0.00;Wood;;1995-06-21;4M1;1977-01-01;;1997-08-25
SWE000007736;;SWE;;;3.36;0.00;0.00;;8.20;0.00;ÖLANDSSAND;SFC4656;KR167;Källahamn;;Y;SFC4656;N;Y;N;;;FX;;GNS;16.18;0.00;Wood;;1995-06-28;MFL;1988-01-01;;2022-09-14
SWE000007737;;SWE;;;3.30;0.00;0.00;;7.50;0.00;No name;SFC4661;GG452;Harestad;;Y;SFC4661;N;Y;N;;;FX;;GNS, GND;62.50;0.00;Fiber/Plastic;;1995-07-05;4M1;1977-01-01;;1998-05-03
SWE000007738;;SWE;;;3.30;0.00;0.00;;8.85;0.00;No name;SFC4665;LÅ18;Trundön;;Y;SFC4665;N;Y;N;;;FX;;GNS, FPO;63.25;0.00;Fiber/Plastic;;1995-07-07;MFL;1992-01-01;;2007-12-03
SWE000007739;;SWE;;;0.34;0.00;0.00;;5.50;0.00;HÄLSINGE;SFC4669;SM33;Ålö;;Y;SFC4669;N;Y;N;;;FX;;FPO, GNS;29.41;0.00;Fiber/Plastic;;1995-07-11;MFL;1976-01-01;;2008-04-01
SWE000007740;;SWE;;;0.58;0.00;0.00;;6.55;0.00;URE;SFC4670;SM64;Yxlö;;Y;SFC4670;N;Y;N;;;FX;;FPO;147.00;0.00;Fiber/Plastic;;1995-07-11;MFL;1979-01-01;;
SWE000007741;;SWE;;;0.39;0.00;0.00;;5.80;0.00;HEBBE;SFC4671;SM70;Yxlö;;Y;SFC4671;N;Y;N;;;FX;;GNS, FPO;7.00;0.00;Fiber/Plastic;;1995-07-11;MFL;1969-01-01;;
SWE000007742;;SWE;;;0.53;0.00;0.00;;6.10;0.00;No name;SFC4672;HA152;Nikkala;;Y;SFC4672;N;Y;N;;;FX;;FPO, GNS;29.41;0.00;Fiber/Plastic;;1995-07-13;4M1;1988-01-01;;2001-07-07
SWE000007743;;SWE;;;1.19;0.00;0.00;;6.40;0.00;CAMILLA;SFB4555;GG883;Hönö-Röd;;Y;SFB4555;N;Y;N;;;FX;;GNS, FPO;5.15;0.00;Wood;;1976-01-01;MFL;1972-01-01;;2006-06-20
SWE000007744;;SWE;;;182.00;0.00;0.00;;30.95;0.00;SVANIC;SMJU;GG485;Hasslö;;Y;SMJU;Y;N;N;;;FX;;OTB, NO;496.00;75.00;Metal;;1976-01-01;4M3;1962-01-01;;1997-09-11
SWE000007747;;SWE;;;0.38;0.00;0.00;;5.53;0.00;ANNIKA;SFC4681;SG94;Hörvik;;Y;SFC4681;N;Y;N;;;FX;;GNS, GND;36.76;0.00;Fiber/Plastic;;1995-07-18;MFL;1995-01-01;;2003-02-25
SWE000007748;;SWE;;;0.79;0.00;0.00;;5.00;0.00;No name;SFC4683;NG3;Nävekvarn;;Y;SFC4683;N;Y;N;;;FX;;GNS;22.06;0.00;Fiber/Plastic;;1995-07-18;MFL;1985-01-01;;2018-11-21
SWE000007749;;SWE;;;0.56;0.00;0.00;;6.10;0.00;No name;SFC4684;LÅ70;Luleå;;Y;SFC4684;N;Y;N;;;FX;;GNS, GND;45.00;0.00;Fiber/Plastic;;1995-07-19;4M1;1990-01-01;;2001-11-09
SWE000007750;;SWE;;;0.31;0.00;0.00;;5.30;0.00;No name;SFC4685;SD50;"Styrsö"", Strömstad";;Y;SFC4685;N;Y;N;;;FX;;FPO;36.76;0.00;Metal;;1995-07-20;MFL;1989-01-01;;2016-03-23
SWE000007751;;SWE;;;0.63;0.00;0.00;;6.00;0.00;No name;SFC4688;UÅ11;Norrbyn;;Y;SFC4688;N;Y;N;;;FX;;GNS, NO;22.06;0.00;Fiber/Plastic;;1995-07-24;MFL;1990-01-01;;2010-01-02
SWE000007752;;SWE;;;0.20;0.00;0.00;;4.95;0.00;GUTEK;SFC4689;NRG20;Skogsholmen;;Y;SFC4689;N;Y;N;;;FX;;GNS, FPO;29.42;0.00;Fiber/Plastic;;1995-07-23;MFL;1990-01-01;;
SWE000007754;;SWE;;;0.28;0.00;0.00;;5.27;0.00;No name;SFC4696;PÅ30;Pitsund;;Y;SFC4696;N;Y;N;;;FX;;GND, GNS;29.41;0.00;Fiber/Plastic;;1995-08-02;4M1;1986-01-01;;2002-10-24
SWE000007755;;SWE;;;0.71;0.00;0.00;;5.20;0.00;No name;SFC4697;KA83;"Ekenabben"", Sturkö";;Y;SFC4697;N;Y;N;;;FX;;LLS, GNS;4.41;0.00;Wood;;1995-08-02;MFL;1950-01-01;;2004-02-29
SWE000007756;;SWE;;;0.39;0.00;0.00;;5.53;0.00;No name;SFC4698;SG191;Krokås;;Y;SFC4698;N;Y;N;;;FX;;GNS;29.41;0.00;Fiber/Plastic;;1995-08-02;4M1;1977-01-01;;1999-11-29
SWE000007757;;SWE;;;3.27;0.00;0.00;;8.15;0.00;BETTY;SFC4699;SM184;Yxlö;;Y;SFC4699;N;Y;N;;;FX;;FPO, NK;18.00;0.00;Wood;;1995-08-02;4M1;1932-01-01;;1997-06-19
SWE000007758;;SWE;;;0.64;0.00;0.00;;6.05;0.00;ERIKA;SFC4703;HL14;Fjäle;;Y;SFC4703;N;Y;N;;;FX;;GNS;29.41;0.00;Fiber/Plastic;;1995-08-07;MFL;1971-01-01;;2010-02-02
SWE000007759;;SWE;;;1.26;0.00;0.00;;7.10;0.00;SKANDIA;SFC4707;LL127;Smögen;;Y;SFC4707;N;Y;N;;;FX;;FPO, GND;11.76;0.00;Wood;;1995-08-07;MFL;1953-01-01;;
SWE000007760;;SWE;;;1.40;0.00;0.00;;6.90;0.00;No name;SFC4708;LL147;;;Y;SFC4708;N;N;N;;;FX;;FPO;13.24;0.00;Fiber/Plastic;;1995-08-08;4M1;1966-01-01;;2002-06-05
SWE000007761;;SWE;;;0.52;0.00;0.00;;6.20;0.00;NORRBÅT;SFC4710;PÅ31;Piteå;;Y;SFC4710;N;Y;N;;;FX;;GNS;36.76;0.00;Fiber/Plastic;;1995-08-10;4M1;1987-01-01;;2002-09-19
SWE000007763;;SWE;;;0.92;0.00;0.00;;6.30;0.00;KLINTÖ;SFC4715;SG192;;;Y;SFC4715;N;;;;;FX;;GNS, LHP;13.24;0.00;;;1995-08-15;4M1;;;2001-11-21
SWE000007764;;SWE;;;0.42;0.00;0.00;;5.50;0.00;No name;SFC4722;SD51;Strömstad;;Y;SFC4722;N;Y;N;;;FX;;FPO, GND;40.44;0.00;Metal;;1995-08-25;MFL;1982-01-01;;2023-01-06
SWE000007765;;SWE;;;6.73;0.00;0.00;;8.95;0.00;NÄTÖ;SFC4723;VY85;Närshamn;;Y;SFC4723;N;Y;N;;;FX;;GNS;66.18;0.00;Metal;;1995-08-25;4M1;1985-01-01;;2001-10-31
SWE000007766;;SWE;;;0.64;0.00;0.00;;6.05;0.00;No name;SFC4727;HA14;Storön;;Y;SFC4727;N;Y;N;;;FX;;FPO, GNS;20.59;0.00;Fiber/Plastic;;1995-09-04;4M1;1976-01-01;;2001-12-20
SWE000007767;;SWE;;;2.48;0.00;0.00;;6.05;0.00;ANJA;SFC4743;SD61;Syd-Koster;;Y;SFC4743;N;Y;N;;;FX;;FPO, NO;20.59;0.00;Fiber/Plastic;;1995-09-15;4M1;1990-01-01;;1998-09-08
SWE000007768;;SWE;;;0.64;0.00;0.00;;6.05;0.00;LYNGÖ;SFC4730;SD56;Gerlesborg;;Y;SFC4730;N;Y;N;;;FX;;FPO;44.12;0.00;Fiber/Plastic;;1995-09-04;4M1;1974-01-01;;1997-05-03
SWE000007769;;SWE;;;0.76;0.00;0.00;;6.00;0.00;No name;SFC4732;GG455;Fiskebäck;;Y;SFC4732;N;Y;N;;;FX;;FPO;16.18;0.00;Fiber/Plastic;;1995-09-05;4M1;1985-01-01;;2002-07-03
SWE000007770;;SWE;;;3.30;0.00;0.00;;6.90;0.00;MUCKLEFLUGGA;SFC4733;SD120;Rönnäng;;Y;SFC4733;N;Y;N;;;FX;;FPO, NO;51.47;0.00;Fiber/Plastic;;1995-09-05;4M1;1977-01-01;;1999-09-11
SWE000007772;;SWE;;;23.00;0.00;0.00;;12.22;0.00;PALOMA;SDCU;KA60;Hasslö;;Y;SDCU;Y;N;N;;;FX;;GNS, GND;110.00;0.00;Metal;;1995-09-04;4M5;1985-01-01;;
SWE000007773;;SWE;;;0.47;0.00;0.00;;6.00;0.00;ALTAPPEN 2;SFC4747;LÅ71;Altappen;;Y;SFC4747;N;Y;N;;;FX;;FPO, NO;33.09;0.00;Fiber/Plastic;;1995-09-20;MFL;1993-01-01;;
SWE000007774;;SWE;;;0.64;0.00;0.00;;6.05;0.00;No name;SFC4742;PÅ32;Piteå;;Y;SFC4742;N;Y;N;;;FX;;GNS;29.41;0.00;Fiber/Plastic;;1995-09-14;4M1;1978-01-01;;2002-11-26
SWE000007776;;SWE;;;0.47;0.00;0.00;;6.00;0.00;STINA II;SFC4749;HG55;Domsten;;Y;SFC4749;N;N;N;;;FX;;FPO, GNS;29.00;0.00;Fiber/Plastic;;1995-09-22;MFL;1974-01-01;;2023-10-03
SWE000007777;;SWE;;;1.16;0.00;0.00;;7.50;0.00;CARLSTEN;SFC4751;GG573;Hönö;;Y;SFC4751;N;Y;N;;;FX;;GNS;58.82;0.00;Wood;;1995-09-22;4M1;1975-01-01;;2002-03-21
SWE000007778;266053000;SWE;;;146.00;0.00;0.00;;19.20;0.00;HAVSKRÄFTAN;SDIT;LL259;Smögen;;Y;SDIT;Y;N;Y;8634338;;FX;;OTB, TBN;345.00;38.60;Metal;;1995-09-18;MFL;1993-01-01;;
SWE000007779;;SWE;;;0.93;0.00;0.00;;5.85;0.00;No name;SFC4752;MÖ5;Malmö;;Y;SFC4752;N;N;N;;;FX;;GNS;6.62;0.00;Fiber/Plastic;;1995-09-26;4M1;1990-01-01;;2000-02-24
SWE000007780;;SWE;;;0.57;0.00;0.00;;5.95;0.00;No name;SFC4753;MÖ18;Malmö;;Y;SFC4753;N;N;N;;;FX;;GNS;4.41;0.00;Fiber/Plastic;;1995-09-26;4M1;1981-01-01;;2000-02-24
SWE000007781;;SWE;;;0.54;0.00;0.00;;5.70;0.00;No name;SFC4514;GG187;Brattön;;Y;SFC4514;N;Y;N;;;FX;;SB, NO;13.00;0.00;Fiber/Plastic;;1995-04-11;MFL;1975-01-01;;2014-10-23
SWE000007783;;SWE;;;1.43;0.00;0.00;;6.04;0.00;No name;SFC4759;SL45;Lörudden;;Y;SFC4759;N;Y;N;;;FX;;GNS;40.45;0.00;Fiber/Plastic;;1995-10-01;MFL;1991-01-01;;
SWE000007784;;SWE;;;0.40;0.00;0.00;;5.42;0.00;FRÖKEN CHRISTINE;SFC4765;LA31;;;Y;SFC4765;N;;;;;FX;;GNS, LHP;44.12;0.00;Fiber/Plastic;;1995-10-06;4M1;1979-01-01;;2000-10-10
SWE000007785;;SWE;;;1.40;0.00;0.00;;6.30;0.00;AMELIA;SFC4768;GG25;Klädesholmen;;Y;SFC4768;N;Y;N;;;FX;;FPO, GND;36.00;0.00;Fiber/Plastic;;1995-10-10;MFL;1995-01-01;;2025-08-18
SWE000007786;;SWE;;;0.56;0.00;0.00;;6.10;0.00;SWR 02;SFC4770;PÅ35;;;Y;SFC4770;N;;;;;FX;;GNS, NO;47.79;0.00;Fiber/Plastic;;1995-10-12;4M1;1980-01-01;;2002-09-17
SWE000007791;;SWE;;;0.47;0.00;0.00;;6.00;0.00;LILL JENNY;SFC4775;LÅ6;;;Y;SFC4775;N;;;;;FX;;FPO, GNS;55.15;0.00;Fiber/Plastic;;1995-10-18;4M1;1983-01-01;;2000-01-01
SWE000007792;;SWE;;;6.51;0.00;0.00;;8.95;0.00;EVELINA;SFC4796;ÅS24;Yngsjö;;Y;SFC4796;N;N;N;;;FX;;GNS;62.00;0.00;Fiber/Plastic;;1995-10-30;MFL;1995-01-01;;2022-12-06
SWE000007793;;SWE;;;0.36;0.00;0.00;;5.40;0.00;ELISABETH;SFC4798;LL529;Kungshamn;;Y;SFC4798;N;Y;N;;;FX;;FPO, SB;29.41;0.00;Fiber/Plastic;;1995-10-30;MFL;1979-01-01;;2004-11-15
SWE000007795;;SWE;;;0.96;0.00;0.00;;6.00;0.00;No name;SFC4801;UÅ68;Umeå;;Y;SFC4801;N;Y;N;;;FX;;GNS;36.76;0.00;Fiber/Plastic;;1995-11-02;MFL;1993-01-01;;2021-06-01
SWE000007798;;SWE;;;1.07;0.00;0.00;;6.40;0.00;VÅGEN;SFC4805;GG4;;;Y;SFC4805;N;N;N;;;FX;;GNS, FPO;36.76;0.00;Fiber/Plastic;;1995-11-08;4M1;1985-01-01;;1999-03-09
SWE000007800;;SWE;;;0.52;0.00;0.00;;6.05;0.00;No name;SFC4812;LÅ72;Luleå;;Y;SFC4812;N;Y;N;;;FX;;FPO, GNS;33.09;0.00;Fiber/Plastic;;1995-11-14;MFL;1973-01-01;;2025-02-28
SWE000007801;;SWE;;;0.47;0.00;0.00;;6.00;0.00;No name;SFC4813;LÅ73;Luleå;;Y;SFC4813;N;N;N;;;FX;;FPO;14.71;0.00;Fiber/Plastic;;1995-11-14;MFL;1970-01-01;;2024-10-17
SWE000007802;;SWE;;;0.58;0.00;0.00;;5.20;0.00;No name;SFC4814;GE38;Fågelsundet;;Y;SFC4814;N;Y;N;;;FX;;GNS, FPO;18.38;0.00;Fiber/Plastic;;1995-11-13;MFL;1988-01-01;;
SWE000007803;;SWE;;;0.36;0.00;0.00;;5.40;0.00;ÖRNEN;SFC4818;LL715;Mollösund;;Y;SFC4818;N;Y;N;;;FX;;FPO, NO;36.76;0.00;Fiber/Plastic;;1995-11-20;MFL;1995-01-01;;2025-08-08
SWE000007804;;SWE;;;0.54;0.00;0.00;;5.70;0.00;No name;SFC4827;SD63;Öddö;;Y;SFC4827;N;Y;N;;;FX;;FPO, GND;44.12;0.00;Fiber/Plastic;;1995-12-07;MFL;1995-01-01;;2023-03-07
SWE000007806;;SWE;;;0.44;0.00;0.00;;5.60;0.00;ROCKESKÄR;SFC4841;LL830;Kungshamn;;Y;SFC4841;N;Y;N;;;FX;;FPO;36.76;2.94;Fiber/Plastic;;1995-12-22;4M1;1989-01-01;;1998-02-10
SWE000007807;266065000;SWE;;;151.00;0.00;0.00;;23.97;0.00;ROSSÖ;SIGA;GG39;Rörö;;Y;SIGA;Y;N;Y;8962890;;FX;;OTB, OTM;551.00;0.00;Metal;;1995-05-23;MFL;1995-01-01;;
SWE000007809;;SWE;;;0.51;0.00;0.00;;5.60;0.00;TIMOR;SFC4854;GG334;;;Y;SFC4854;N;;;;;FX;;GND, GNS;29.41;0.00;Fiber/Plastic;;1996-01-12;4M1;1989-01-01;;2002-11-14
SWE000007810;;SWE;;;1.49;0.00;0.00;;7.00;0.00;No name;SFC4857;LL97;Smögen;;Y;SFC4857;N;Y;N;;;FX;;GNS, FPO;44.85;0.00;Fiber/Plastic;;1996-01-18;MFL;1961-01-01;;2003-02-02
SWE000007811;;SWE;;;0.36;0.00;0.00;;6.12;0.00;KOS;SFC4862;PÅ36;Piteå;;Y;SFC4862;N;Y;N;;;FX;;GNS;14.71;0.00;Wood;;1996-01-24;4M1;1981-01-01;;1997-11-22
SWE000007812;;SWE;;;0.51;0.00;0.00;;5.70;0.00;No name;SFC4865;LL197;Smögen;;Y;SFC4865;N;Y;N;;;FX;;FPO, NO;29.41;0.00;Fiber/Plastic;;1996-01-29;MFL;1996-01-01;;2003-02-02
SWE000007813;;SWE;;;2.04;0.00;0.00;;7.50;0.00;ANNCATRINE;SFC4869;GG1016;;;Y;SFC4869;N;;;;;FX;;GNS, FPO;59.56;0.00;Fiber/Plastic;;1996-01-31;MFL;1979-01-01;;2003-02-16
SWE000007814;;SWE;;;2.17;0.00;0.00;;7.50;0.00;ULRIKA;SFC4874;GG584;;;Y;SFC4874;N;;;;;FX;;GNS, GND;62.50;0.00;Fiber/Plastic;;1996-02-05;MFL;1985-01-01;;2003-02-02
SWE000007815;;SWE;;;0.56;0.00;0.00;;5.50;0.00;No name;SFC4875;HA46;Seskarö;;Y;SFC4875;N;Y;N;;;FX;;FPO, GNS;22.06;0.00;Fiber/Plastic;;1996-02-08;MFL;1985-01-01;;2015-04-27
SWE000007817;;SWE;;;1.25;0.00;0.00;;7.20;0.00;No name;SFC4878;KN60;Karlshamn-Vägga;;Y;SFC4878;N;Y;N;;;FX;;GNS, FPO;125.00;0.00;Metal;;1996-02-09;MFL;1994-01-01;;2010-05-23
SWE000007818;;SWE;;;0.69;0.00;0.00;;6.20;0.00;VÅGEN;SFC4882;SD329;Hamburgsund;;Y;SFC4882;N;Y;N;;;FX;;FPO, LTL;16.18;0.00;Wood;;1996-02-13;MFL;1965-01-01;;2015-04-06
SWE000007820;;SWE;;;0.93;0.00;0.00;;6.90;0.00;HAJEN;SFC4890;ÖK31;Mattjäl;;Y;SFC4890;N;Y;N;;;FX;;GNS, FPO;36.76;0.00;Fiber/Plastic;;1996-02-21;MFL;1988-01-01;;
SWE000007821;;SWE;;;1.53;0.00;0.00;;7.20;0.00;No name;SFC4892;LL98;Grundsund;;Y;SFC4892;N;Y;N;;;FX;;FPO;147.06;0.00;Fiber/Plastic;;1996-03-05;4M1;1990-01-01;;1997-06-29
SWE000007822;;SWE;;;0.39;0.00;0.00;;5.40;0.00;ANNA;SFC4893;GG83;Budskär;;Y;SFC4893;N;Y;N;;;FX;;FPO, NO;29.41;0.00;Fiber/Plastic;;1996-03-06;MFL;1996-01-01;;2005-11-29
SWE000007824;;SWE;;;3.86;0.00;0.00;;9.00;0.00;SKAGERACK;SFC4909;LL132;Gullholmen;;Y;SFC4909;N;Y;N;;;FX;;GNS, GND;80.88;0.00;Wood;;1996-03-22;4M1;1967-01-01;;1998-06-23
SWE000007825;;SWE;;;3.86;0.00;0.00;;9.00;0.00;ELIN AV IGGÖN;SFB2096;GE94;Iggön;;Y;SFB2096;N;Y;N;;;FX;;GNS, NO;16.91;0.00;Wood;;1976-01-01;4M1;1960-01-01;;2001-02-06
SWE000007826;;SWE;;;1.16;0.00;0.00;;6.60;0.00;FRIDA;SFC4912;HG106;Arild;;Y;SFC4912;N;Y;N;;;FX;;GNS, FPO;19.85;0.00;Fiber/Plastic;;1996-03-26;4M1;1987-01-01;;1999-09-10
SWE000007827;;SWE;;;1.01;0.00;0.00;;6.40;0.00;NATALIE;SFC4913;SG67;Hörvik;;Y;SFC4913;N;N;N;;;FX;;GNS, FPO;18.38;0.00;Wood;;1996-03-27;MFL;1959-01-01;;2004-02-29
SWE000007828;;SWE;;;0.90;0.00;0.00;;6.00;0.00;RAMSÖ;SFC4915;GG846;Dyrön;;Y;SFC4915;N;Y;N;;;FX;;FPO, NO;36.76;0.00;Fiber/Plastic;;1996-03-28;MFL;1996-01-01;;2015-06-12
SWE000007830;;SWE;;;0.70;0.00;0.00;;5.96;0.00;No name;SFC4921;KR131;Kalmar;;Y;SFC4921;N;Y;N;;;FX;;FPO, NO;13.00;0.00;Fiber/Plastic;;1996-04-04;4M1;1990-01-01;;2001-03-30
SWE000007833;;SWE;;;2.99;0.00;0.00;;8.96;0.00;POPEYE;SFC2477;UÅ29;;;Y;SFC2477;N;;;;;FX;;GNS, NO;99.26;0.00;Fiber/Plastic;;1996-05-07;4M1;1983-01-01;;1999-08-11
SWE000007834;;SWE;;;1.69;0.00;0.00;;6.05;0.00;No name;SFC4940;GE117;Gävle;;Y;SFC4940;N;Y;N;;;FX;;GNS, FPO;50.00;0.00;Fiber/Plastic;;1996-05-06;MFL;1979-01-01;;
SWE000007835;;SWE;;;5.95;0.00;0.00;;9.75;0.00;KARIN;SFC4941;GG188;Donsö;;Y;SFC4941;N;Y;N;;;FX;;FPO, GNS;88.24;0.00;Fiber/Plastic;;1996-05-07;MFL;1984-01-01;;2013-02-20
SWE000007838;;SWE;;;0.55;0.00;0.00;;6.17;0.00;No name;SFC4948;KA110;;;Y;SFC4948;N;N;N;;;FX;;GNS, LLS;8.82;0.00;Wood;;1996-05-09;4M1;1957-01-01;;1999-01-13
SWE000007839;;SWE;;;0.34;0.00;0.00;;5.30;0.00;No name;SFC4955;VG41;Bua;;Y;SFC4955;N;Y;N;;;FX;;FPO;22.06;0.00;Fiber/Plastic;;1996-05-21;MFL;1995-01-01;;2012-05-11
SWE000007843;;SWE;;;2.04;0.00;0.00;;7.94;0.00;TYR;SFB8928;SG194;;;Y;SFB8928;N;;;;;FX;;GNS, LLS;18.38;0.00;Wood;;1987-05-12;4M1;1950-01-01;2001-11-08;
SWE000007844;;SWE;;;0.80;0.00;0.00;;6.00;0.00;TREAN;SFC4989;MÖ3;;;Y;SFC4989;N;;;;;FX;;FPO, NO;13.24;0.00;Wood;;1996-06-19;MFL;1965-01-01;;2003-10-24
SWE000007845;;SWE;;;6.85;0.00;0.00;;9.00;0.00;GULLMARSFJORD;SFC4994;LL17;Fiskebäckskil;;Y;SFC4994;N;Y;N;;;FX;;FPO, SB;147.06;0.00;Metal;;1996-06-19;MFL;1996-01-01;;2012-11-17
SWE000007847;;SWE;;;0.64;0.00;0.00;;6.05;0.00;No name;SFC5011;ÖK32;;;Y;SFC5011;N;N;N;;;FX;;GNS;29.41;0.00;Fiber/Plastic;;1996-07-04;4M1;;;2002-03-02
SWE000007848;265759240;SWE;;;5.76;0.00;0.00;;9.06;0.00;BELTANA;SFC5013;SG30;Hanö;;Y;SFC5013;N;Y;Y;;;FX;;GNS;62.50;0.00;Fiber/Plastic;;1996-07-04;MFL;1983-01-01;;
SWE000007851;;SWE;;;1.31;0.00;0.00;;7.20;0.00;No name;SFC5018;PÅ37;Jävrebodarna;;Y;SFC5018;N;Y;N;;;FX;;GNS, FPO;73.53;0.00;Fiber/Plastic;;1996-07-08;MFL;1982-01-01;;
SWE000007852;265812990;SWE;;;11.70;0.00;0.00;;11.10;0.00;LOVISA;SFC5020;SN15;Prästgrundet;;Y;SFC5020;N;Y;Y;;;FX;;GNS;257.35;0.00;Fiber/Plastic;;1996-07-21;MFL;1996-01-01;;
SWE000007856;;SWE;;;19.00;0.00;0.00;;11.96;0.00;AMANDA;SFC5050;SIN10;Vitemölla;;Y;SFC5050;N;N;N;;;FX;;GND, GNS;162.00;0.00;Fiber/Plastic;;1996-08-29;MFL;1996-01-01;;
SWE000007857;;SWE;;;3.38;0.00;0.00;;8.50;0.00;BURÖ;SFC4532;LL50;Lysekil;;Y;SFC4532;N;N;N;;;FX;;FPO, GNS;73.53;0.00;Fiber/Plastic;;1995-04-19;MFL;1995-01-01;;2004-04-15
SWE000007858;;SWE;;;0.47;0.00;0.00;;6.00;0.00;No name;SFC5036;SM8;Nynäshamn;;Y;SFC5036;N;Y;N;;;FX;;FPO, NO;29.41;0.00;Wood;;1996-08-16;MFL;1988-01-01;;2009-10-03
SWE000007859;;SWE;;;0.56;0.00;0.00;;6.10;0.00;No name;SFC5039;ÖK33;;;Y;SFC5039;N;N;N;;;FX;;FPO, GNS;36.76;0.00;Fiber/Plastic;;1996-08-23;MFL;1996-01-01;;2004-03-17
SWE000007860;;SWE;;;0.71;0.00;0.00;;6.00;0.00;RAMNÖ;SFC5047;GG27;;;Y;SFC5047;N;N;N;;;FX;;FPO;26.47;0.00;Fiber/Plastic;;1996-08-29;MFL;1977-01-01;;2004-10-20
SWE000007861;;SWE;;;24.44;0.00;0.00;;14.24;0.00;SILVA AV BÖDA;SFZD;KR32;Böda;;Y;SFZD;Y;N;N;;;FX;;GNS, LHP;87.00;0.00;Metal;;1996-09-09;MFL;1985-01-01;2007-03-07;
SWE000007863;;SWE;;;3.93;0.00;0.00;;8.50;0.00;PETRONELLA;SFC5060;GG347;;;Y;SFC5060;N;;;;;FX;;GNS;51.47;0.00;Wood;;1996-09-10;MFL;1948-01-01;;2003-07-03
SWE000007864;;SWE;;;0.54;0.00;0.00;;5.70;0.00;YOU SEE;SFC5070;KR140;Kalmar;;Y;SFC5070;N;Y;N;;;FX;;GNS, LLS;8.09;0.00;Wood;;1996-09-16;F31;;;1996-11-01
SWE000007865;;SWE;;;1.96;0.00;0.00;;7.25;0.00;DUNÖ;SFC5073;GG478;;;Y;SFC5073;N;N;N;;;FX;;LLS, LTL;50.00;0.00;Wood;;1996-09-23;4M1;1968-01-01;;1998-09-26
SWE000007866;;SWE;;;4.17;0.00;0.00;;9.15;0.00;OLIVIA;SFC5075;HL79;Mellanfjärden;;Y;SFC5075;N;Y;N;;;FX;;GNS, NO;169.12;0.00;Wood;;1996-09-23;MFL;1996-01-01;;
SWE000007868;;SWE;;;0.69;0.00;0.00;;6.20;0.00;No name;SFC5085;VY164;;;Y;SFC5085;N;N;N;;;FX;;GNS;29.41;0.00;Fiber/Plastic;;1996-10-22;4M1;1978-01-01;;2001-10-11
SWE000007869;;SWE;;;0.76;0.00;0.00;;6.15;0.00;VERA;SFC5087;TG29;;;Y;SFC5087;N;N;N;;;FX;;LLS, NO;7.35;0.00;Fiber/Plastic;;1996-10-24;4M1;1973-01-01;;1998-12-14
SWE000007871;;SWE;;;1.11;0.00;0.00;;6.50;0.00;HANSESKÄR;SFC5092;SD71;Edsvik;;Y;SFC5092;N;N;N;;;FX;;FPO, NO;7.35;0.00;Wood;;1996-10-29;4M1;1975-01-01;;2002-03-02
SWE000007872;;SWE;;;0.47;0.00;0.00;;6.00;0.00;No name;SFC5106;SM22;Yxlö;;Y;SFC5106;N;Y;N;;;FX;;FPO, GNS;14.71;0.00;Wood;;1996-11-22;MFL;1974-01-01;;2013-09-15
SWE000007874;;SWE;;;1.46;0.00;0.00;;5.95;0.00;VALPEN;SFC5109;SIN95;Brantevik;;Y;SFC5109;N;Y;N;;;FX;;GNS, LHP;15.00;0.00;Fiber/Plastic;;1996-11-26;MFL;1980-01-01;;2020-12-01
SWE000007876;;SWE;;;0.70;0.00;0.00;;6.10;0.00;BJÖRNÖ;SFC5113;HND17;;;Y;SFC5113;N;;;;;FX;;GNS, NO;8.82;0.00;Fiber/Plastic;;1996-12-03;MFL;1980-01-01;;2006-12-30
SWE000007877;;SWE;;;18.00;0.00;0.00;;13.24;0.00;SPERO;SGWR;FG7;Glommen;;Y;SGWR;Y;N;N;;;FX;;OTB;176.00;0.00;Wood;;1996-12-12;4M4;1965-01-01;;
SWE000007878;;SWE;;;0.64;0.00;0.00;;6.05;0.00;SILVANA II;SFC5120;TG1;;;Y;SFC5120;N;;;;;FX;;GNS;8.82;0.00;Fiber/Plastic;;1996-12-11;4M1;1975-01-01;;1997-05-09
SWE000007879;;SWE;;;1.64;0.00;0.00;;7.00;0.00;ZENITH;SFC5126;LL314;;;Y;SFC5126;N;;;;;FX;;GNS;22.06;0.00;Fiber/Plastic;;1996-12-16;MFL;1996-01-01;;2003-02-02
SWE000007880;265706000;SWE;;;335.00;0.00;0.00;;27.35;0.00;LÖVÖN;SFWR;GG778;Rönnäng;;Y;SFWR;Y;N;N;;;FX;;OTM;736.00;0.00;Metal;;1996-12-23;4M3;1996-01-01;;
SWE000007881;265045800;SWE;;;1.68;0.00;0.00;;6.90;0.00;SILVANA;SFC5131;FG19;Falkenberg;;Y;SFC5131;N;Y;Y;;;FX;;FPO;110.29;0.00;Fiber/Plastic;;1997-01-06;MFL;1996-01-01;;
SWE000007882;;SWE;;;1.70;0.00;0.00;;6.85;0.00;ALEXANDRA;SFC5132;GG5;"Sandvik"", Styrsö";;Y;SFC5132;N;Y;N;;;FX;;FPO;95.59;0.00;Metal;;1997-01-10;MFL;1996-01-01;;2022-10-25
SWE000007883;;SWE;;;21.00;0.00;0.00;;14.00;0.00;LILIAN;SGYB;SIN55;Skillinge;;Y;SGYB;Y;N;N;;;FX;;GNS, NO;91.00;0.00;Metal;;1996-12-17;4M5;1983-01-01;;1998-09-01
SWE000007884;;SWE;;;0.23;0.00;0.00;;4.96;0.00;JKM;SFC5141;LL123;;;Y;SFC5141;N;;;;;FX;;FPO;14.71;0.00;Fiber/Plastic;;1997-01-24;4M1;1985-01-01;;1998-11-13
SWE000007885;;SWE;;;0.35;0.00;0.00;;5.50;0.00;ANGUILLA;SFC5142;GG907;;;Y;SFC5142;N;;;;;FX;;FPO, NO;25.00;0.00;Fiber/Plastic;;1997-01-24;MFL;1982-01-01;;2003-06-02
SWE000007886;266386000;SWE;;;17.00;0.00;0.00;;13.00;0.00;STJÄRNFORS AV STURKÖ;SFE2781;KA38;Sanda;;Y;SFE2781;Y;N;Y;;;FX;;PS, SB;147.00;0.00;Metal;;2019-02-04;MFL;1976-01-01;;
SWE000007887;;SWE;;;2.49;0.00;0.00;;8.00;0.00;TYR;SFC5149;SD247;;;Y;SFC5149;N;;;;;FX;;FPO;64.71;0.00;Fiber/Plastic;;1997-01-30;MFL;1994-01-01;;2008-03-03
SWE000007890;;SWE;;;0.55;0.00;0.00;;5.95;0.00;ANNA-CHARLOTTA;SFC5155;ÅS2;Åhus;;Y;SFC5155;N;Y;N;;;FX;;FPO, NO;6.62;0.00;Fiber/Plastic;;1997-02-07;MFL;1996-01-01;;
SWE000007893;;SWE;;;468.00;0.00;0.00;;40.27;0.00;CLIPPERTON;SHMD;GG438;Donsö;;Y;SHMD;Y;N;Y;7905211;;FX;;OTM;850.00;386.03;Metal;;1997-02-26;MFL;1980-01-01;;
SWE000007894;;SWE;;;17.86;0.00;0.00;;12.87;0.00;INGRID AV GRÄDDÖ;SHFT;SM334;Gräddö;;Y;SHFT;Y;N;N;;;FX;;GNS, NO;223.00;0.00;Fiber/Plastic;;1997-01-31;MFL;1996-01-01;;
SWE000007895;;SWE;;;0.45;0.00;0.00;;5.50;0.00;LINA;SFC5161;SG195;;;Y;SFC5161;N;N;N;;;FX;;GNS;16.91;0.00;Fiber/Plastic;;1997-02-25;4M1;1968-01-01;;2001-11-09
SWE000007896;265635810;SWE;;;13.36;0.00;0.00;;11.95;0.00;SILJE;SFC5162;VY14;Närshamn;;Y;SFC5162;N;N;Y;;;FX;;GNS;261.03;0.00;Fiber/Plastic;;1997-02-25;MFL;1997-01-01;;2021-01-28
SWE000007900;266375000;SWE;;;19.00;0.00;0.00;;12.12;0.00;ANN-SOFIE;SHOT;GG688;Marstrand;;Y;SHOT;Y;N;N;;;FX;;FPO;184.00;0.00;Fiber/Plastic;;1997-03-27;MFL;1997-01-01;;
SWE000007901;;SWE;;;2.93;0.00;0.00;;8.00;0.00;MONA;SFC5181;LL634;;;Y;SFC5181;N;N;N;;;FX;;FPO, GNS;110.29;0.00;Metal;;1997-03-25;MFL;1989-01-01;;2003-10-01
SWE000007903;;SWE;;;0.78;0.00;0.00;;5.95;0.00;ADELE;SFC5192;GG154;Donsö;;Y;SFC5192;N;Y;N;;;FX;;FPO, GNS;95.59;0.00;Fiber/Plastic;;1997-04-07;MFL;1995-01-01;;2005-10-11
SWE000007904;;SWE;;;0.44;0.00;0.00;;5.60;0.00;No name;SFC5196;SD125;Havstenssund;;Y;SFC5196;N;Y;N;;;FX;;SB, FPO;29.00;0.00;Fiber/Plastic;;1997-04-10;MFL;1987-01-01;;2016-04-22
SWE000007905;;SWE;;;0.63;0.00;0.00;;6.00;0.00;MILAN;SFC5200;LL301;;;Y;SFC5200;N;;;;;FX;;FPO, GNS;8.82;0.00;Fiber/Plastic;;1997-04-18;MFL;1975-01-01;;2003-04-09
SWE000007907;;SWE;;;2.80;0.00;0.00;;7.85;0.00;LENA;SFC5208;SD7;Tjärnö;;Y;SFC5208;N;Y;N;;;FX;;DRH, NO;26.47;0.00;Fiber/Plastic;;1997-05-01;MFL;1982-01-01;;
SWE000007909;;SWE;;;1.38;0.00;0.00;;6.71;0.00;ÖREKIL;SFC5214;LL102;;;Y;SFC5214;N;;;;;FX;;SB, NO;147.00;0.00;Fiber/Plastic;;1997-05-13;MFL;1997-01-01;;2011-09-09
SWE000007910;;SWE;;;0.64;0.00;0.00;;6.05;0.00;LINDA;SFC5217;KN15;;;Y;SFC5217;N;;;;;FX;;FPO, LHP;25.74;0.00;Fiber/Plastic;;1997-05-15;MFL;1971-01-01;;2011-10-31
SWE000007911;;SWE;;;2.52;0.00;0.00;;7.50;0.00;LYSE;SFC5225;LL202;Lysekil;;Y;SFC5225;N;Y;N;;;FX;;FPO;147.06;0.00;Fiber/Plastic;;1997-05-29;MFL;1997-01-01;;2010-09-23
SWE000007913;;SWE;;;0.62;0.00;0.00;;5.60;0.00;AMANDA;SFC5253;LL129;;;Y;SFC5253;N;N;N;;;FX;;FPO;95.59;0.00;Fiber/Plastic;;1997-06-18;4M1;1985-01-01;;2000-05-28
SWE000007914;;SWE;;;0.58;0.00;0.00;;6.40;0.00;No name;SFC5237;UÅ69;;;Y;SFC5237;N;N;N;;;FX;;GNS;55.15;0.00;Fiber/Plastic;;1997-06-05;MFL;1995-01-01;;2007-04-05
SWE000007915;;SWE;;;1.79;0.00;0.00;;6.98;0.00;LAHÄLL;SFC5266;LL167;;;Y;SFC5266;N;;;;;FX;;FPO;103.00;0.00;Metal;;1997-07-02;4M1;1997-01-01;;2001-12-31
SWE000007916;;SWE;;;0.77;0.00;0.00;;6.87;0.00;No name;SFC5271;LÅ7;Junkön;;Y;SFC5271;N;Y;N;;;FX;;FPO, GNS;36.76;0.00;Fiber/Plastic;;1997-07-01;MFL;1990-01-01;;
SWE000007918;;SWE;;;12.11;0.00;0.00;;11.00;0.00;BOJAN;SFC5280;SM99;;;Y;SFC5280;N;;;;;FX;;GNS;147.00;0.00;Fiber/Plastic;;1997-07-07;MFL;1997-01-01;;2009-02-21
SWE000007920;;SWE;;;0.56;0.00;0.00;;6.10;0.00;SANNA;SFC5288;HA49;Storön;;Y;SFC5288;N;Y;N;;;FX;;GNS;36.76;0.00;Fiber/Plastic;;1997-07-18;MFL;1997-01-01;;2023-05-18
SWE000007921;;SWE;;;0.34;0.00;0.00;;5.20;0.00;No name;SFC5291;YD30;Abbekås;;Y;SFC5291;N;N;N;;;FX;;LLS, FPO;7.35;0.00;Fiber/Plastic;;1997-07-23;4M1;1979-01-01;;2000-01-10
SWE000007923;265045140;SWE;;;4.03;0.00;0.00;;9.02;0.00;ALVA;SFC5296;FG17;Falkenberg;;Y;SFC5296;N;Y;Y;;;FX;;GTR, GNS;50.00;0.00;Fiber/Plastic;;1997-07-28;MFL;1997-01-01;;
SWE000007924;;SWE;;;4.64;0.00;0.00;;9.75;0.00;HANNA;SFC5300;GG702;;;Y;SFC5300;N;;;;;FX;;OTB, GNS;183.82;0.00;Fiber/Plastic;;1997-08-01;MFL;1988-01-01;;2015-09-23
SWE000007927;;SWE;;;0.40;0.00;0.00;;5.72;0.00;No name;SFC5306;KA86;;;Y;SFC5306;N;N;N;;;FX;;GNS;7.35;0.00;Fiber/Plastic;;1997-08-07;4M1;1986-01-01;;2000-06-02
SWE000007928;;SWE;;;3.71;0.00;0.00;;8.70;0.00;SYDLAND;SFC5309;SD105;Syd-Koster;;Y;SFC5309;N;Y;N;;;FX;;FPO, LTL;55.15;0.00;Fiber/Plastic;;1997-08-07;MFL;1989-01-01;;
SWE000007929;;SWE;;;6.71;0.00;0.00;;8.95;0.00;LOKE;SFC5310;SD488;;;Y;SFC5310;N;;;;;FX;;OTB, NO;58.82;0.00;Fiber/Plastic;;1997-08-11;MFL;1997-01-01;;2013-04-14
SWE000007931;265457000;SWE;;;705.00;0.00;0.00;;42.00;0.00;ASTRID;SJFX;GG764;Rörö;;Y;SJFX;Y;N;Y;9163037;;FX;;OTM, PS;2760.00;882.35;Metal;;1997-08-29;MFL;1997-01-01;;
SWE000007932;;SWE;;;21.00;0.00;0.00;;12.75;0.00;STJÄRNAN;SJGX;SG52;Nogersund;;Y;SJGX;Y;N;N;;;FX;;GNS, NO;115.00;0.00;Wood;;1997-08-21;MFL;1985-01-01;2007-03-05;
SWE000007933;;SWE;;;2.14;0.00;0.00;;8.10;0.00;PATRICIA II;SFC5316;SG66;Krokås;;Y;SFC5316;N;Y;N;;;FX;;GNS, LHP;22.06;0.00;Wood;;1997-08-25;MFL;1962-01-01;;2003-05-29
SWE000007936;;SWE;;;17.00;0.00;0.00;;13.71;0.00;VIOLA AF NYNÄSHAMN;SFE2783;SM40;Nynäshamn;;Y;SFE2783;Y;N;N;;;FX;;GNS;200.00;0.00;Metal;;2019-02-05;MFL;1982-01-01;;2020-03-04
SWE000007938;;SWE;;;2.52;0.00;0.00;;7.50;0.00;OBELIX;SFC5329;GG76;Krossholmen;;Y;SFC5329;N;Y;N;;;FX;;FPO;169.12;0.00;Fiber/Plastic;;1997-09-01;MFL;1997-01-01;;2003-01-01
SWE000007941;;SWE;;;1.04;0.00;0.00;;7.20;0.00;AMANDA;SFC5335;TG45;;;Y;SFC5335;N;;;;;FX;;GNS;18.38;0.00;Fiber/Plastic;;1997-09-11;4M1;1958-01-01;;1999-07-29
SWE000007942;;SWE;;;1.93;0.00;0.00;;6.40;0.00;No name;SFC5336;GE85;Utvalnäs;;Y;SFC5336;N;N;N;;;FX;;FPO;36.76;0.00;Fiber/Plastic;;1997-09-11;MFL;1997-01-01;;2005-03-07
SWE000007943;265788780;SWE;;;3.26;0.00;0.00;;8.81;0.00;IDA;SFC5338;SD727;Gullnäsholmen;;Y;SFC5338;N;Y;Y;;;FX;;FPO, LTL;147.10;0.00;Fiber/Plastic;;1997-09-14;MFL;1992-01-01;;
SWE000007946;;SWE;;;183.00;0.00;0.00;;23.94;0.00;VÄSTERLAND;SIKW;GG181;Hönö;;Y;SIKW;Y;N;Y;;;FX;;SDN, OTB;655.00;132.35;Metal;;1997-09-24;MFL;1997-01-01;;2009-02-18
SWE000007947;;SWE;;;3.72;0.00;0.00;;8.71;0.00;INGRID;SFC5345;GG98;Åstol;;Y;SFC5345;N;Y;N;;;FX;;FPO;125.00;0.00;Fiber/Plastic;;1997-09-23;MFL;1997-01-01;;2011-08-05
SWE000007948;;SWE;;;18.00;0.00;0.00;;12.61;0.00;CARINA AF HEESTRAND;SILK;SD6;Heestrand;;Y;SILK;Y;N;N;;;FX;;OTB, FPO;180.00;0.00;Fiber/Plastic;;1997-09-30;MFL;1976-01-01;;2012-11-29
SWE000007950;;SWE;;;1.40;0.00;0.00;;7.10;0.00;TÄRNÖ;SFC5348;GG432;;;Y;SFC5348;N;;;;;FX;;LHP, FPO;16.18;0.00;Wood;;1997-09-30;4M1;1969-01-01;;1998-10-12
SWE000007953;;SWE;;;0.40;0.00;0.00;;5.40;0.00;No name;SFC5357;VY22;Slite;;Y;SFC5357;N;Y;N;;;FX;;GNS;22.06;0.00;Fiber/Plastic;;1997-10-14;MFL;1979-01-01;;2021-03-26
SWE000007954;;SWE;;;4.50;0.00;0.00;;8.96;0.00;SKVÄTTLAND;SFC5359;LL54;;;Y;SFC5359;N;N;N;;;FX;;FPO;32.35;0.00;Wood;;1997-10-16;4M1;1960-01-01;;2000-01-01
SWE000007956;;SWE;;;3.86;0.00;0.00;;9.00;0.00;VIKEN;SFC5372;GG445;Fiskebäck;;Y;SFC5372;N;Y;N;;;FX;;LTL, FPO;91.18;0.00;Fiber/Plastic;;1997-11-11;MFL;1979-01-01;;2018-06-24
SWE000007957;;SWE;;;0.21;0.00;0.00;;5.00;0.00;No name;SFC5369;SN33;Skärså;;Y;SFC5369;N;Y;N;;;FX;;GNS, FPO;22.06;0.00;Fiber/Plastic;;1997-11-10;MFL;1984-01-01;;2014-02-18
SWE000007958;;SWE;;;0.40;0.00;0.00;;5.70;0.00;HELEN;SFC5371;GG656;Björholmen;;Y;SFC5371;N;Y;N;;;FX;;FPO;8.82;0.00;Wood;;1997-11-09;MFL;1950-01-01;;
SWE000007959;;SWE;;;4.21;0.00;0.00;;8.90;0.00;CARMITA;SFC5377;GG298;Skärhamn;;Y;SFC5377;N;Y;N;;;FX;;FPO;88.24;0.00;Wood;;1997-11-18;MFL;1968-01-01;;2019-01-15
SWE000007960;;SWE;;;402.00;0.00;0.00;;38.10;0.00;SANTOS;SJET;GG361;Öckerö;;Y;SJET;Y;N;N;;;FX;;OTM;890.00;480.00;Metal;;1997-07-11;MFL;1980-01-01;;2011-02-12
SWE000007962;;SWE;;;1.32;0.00;0.00;;6.04;0.00;LINA;SFC5375;SL32;;;Y;SFC5375;N;;;;;FX;;GNS;44.00;0.00;Fiber/Plastic;;1997-11-17;MFL;1970-01-01;;2011-01-17
SWE000007963;;SWE;;;0.47;0.00;0.00;;5.65;0.00;No name;SFC5376;TG3;Trelleborg;;Y;SFC5376;N;Y;N;;;FX;;GNS;29.41;0.00;Fiber/Plastic;;1997-11-18;MFL;1980-01-01;;2018-07-11
SWE000007964;;SWE;;;1.39;0.00;0.00;;6.80;0.00;GÖTA;SFB4489;GG744;Öckerö;;Y;SFB4489;N;Y;N;;;FX;;FPO, GND;42.65;0.00;Fiber/Plastic;;1997-11-18;MFL;1975-01-01;;2023-07-02
SWE000007966;;SWE;;;9.51;0.00;0.00;;11.15;0.00;TRILLINGEN;SFC5382;KA56;;;Y;SFC5382;N;;;;;FX;;GNS, NO;147.06;0.00;Metal;;1997-11-27;4M1;1974-01-01;;2002-11-29
SWE000007967;;SWE;;;19.21;0.00;0.00;;11.00;0.00;TACITUS;SFC5392;KA71;;;Y;SFC5392;N;;;;;GO;;GNS, GTR;161.76;0.00;Fiber/Plastic;;1997-12-30;MFL;1997-01-01;;
SWE000007968;265499000;SWE;;;322.00;0.00;0.00;;27.35;0.00;CARMONA;SIDE;GG330;Dyrön;;Y;SIDE;Y;N;N;9170303;;FX;;OTB;760.00;367.65;Metal;;1997-12-19;4M3;1997-01-01;;
SWE000007969;;SWE;;;1.23;0.00;0.00;;7.25;0.00;TÄRNAN;SFC5386;GG243;"Djupvik"", Tjörn";;Y;SFC5386;N;Y;N;;;FX;;FPO;16.18;0.00;Wood;;1997-12-16;MFL;1965-01-01;;2007-01-05
SWE000007970;;SWE;;;0.96;0.00;0.00;;6.40;0.00;CATRIN;SFC5390;KN214;;;Y;SFC5390;N;;;;;FX;;GNS;14.71;0.00;Fiber/Plastic;;1997-12-29;MFL;1984-01-01;;2003-03-02
SWE000007971;;SWE;;;5.82;0.00;0.00;;9.37;0.00;TÄRNAN;SFC5393;GG481;;;Y;SFC5393;N;;;;;FX;;OTB, NO;84.56;0.00;Fiber/Plastic;;1998-01-02;MFL;1997-01-01;;2004-02-29
SWE000007972;265762060;SWE;;;9.38;0.00;0.00;;10.08;0.00;SVANFORS;SFC5394;GG976;Dyrön;;Y;SFC5394;N;Y;Y;;;FX;;FPO, GND;161.76;0.00;Fiber/Plastic;;1998-01-01;MFL;1997-01-01;;
SWE000007973;;SWE;;;4.16;0.00;0.00;;9.00;0.00;CAMILLA;SFC5395;HL1;Lönnångersfjärden;;Y;SFC5395;N;Y;N;;;FX;;GNS;73.53;0.00;Wood;;1998-01-02;MFL;1973-01-01;;2019-03-02
SWE000007976;;SWE;;;0.63;0.00;0.00;;6.00;0.00;No name;SFC5407;NG4;Greece;;Y;SFC5407;N;N;N;;;FX;;GNS;16.91;0.00;Fiber/Plastic;;1998-02-03;4M1;1987-01-01;;2001-10-02
SWE000007977;;SWE;;;4.32;0.00;0.00;;9.15;0.00;JUNE;SFC5414;LL483;;;Y;SFC5414;N;;;;;FX;;FPO;219.00;0.00;Fiber/Plastic;;1998-02-13;MFL;1997-01-01;;2009-04-05
SWE000007979;;SWE;;;11.00;0.00;0.00;;12.00;0.00;BLIXTEN II;SJAI;LL50;Lysekil;;Y;SJAI;Y;N;N;;;FX;;OTB, FPO;368.00;0.00;Fiber/Plastic;;1998-03-05;MFL;1991-01-01;;2007-12-12
SWE000007980;;SWE;;;0.30;0.00;0.00;;5.40;0.00;YLVA;SFC5423;HL37;;;Y;SFC5423;N;N;N;;;FX;;GNS;37.00;0.00;Fiber/Plastic;;1998-03-03;4M1;1995-01-01;;2002-09-27
SWE000007981;;SWE;;;1.69;0.00;0.00;;7.65;0.00;SARA;SFC5424;HL39;;;Y;SFC5424;N;N;N;;;FX;;GNS, GND;29.41;0.00;Fiber/Plastic;;1998-03-03;4M1;1965-01-01;;2001-12-07
SWE000007982;;SWE;;;2.36;0.00;0.00;;7.30;0.00;MONIKA;SFC5434;KA176;;;Y;SFC5434;N;;;;;FX;;GNS;24.26;0.00;Fiber/Plastic;;1998-01-04;4M1;1979-01-01;;2002-06-06
SWE000007983;;SWE;;;1.78;0.00;0.00;;7.50;0.00;SAVOY;SFC5438;LL265;;;Y;SFC5438;N;;;;;FX;;FPO, GNS;50.00;0.00;Fiber/Plastic;;1998-03-24;MFL;1980-01-01;;2004-08-28
SWE000007985;;SWE;;;2.59;0.00;0.00;;8.05;0.00;CECILIA;SFC5442;LL28;Ellös;;Y;SFC5442;N;Y;N;;;FX;;FPO;22.06;0.00;Fiber/Plastic;;1998-03-26;MFL;1997-01-01;;
SWE000007986;;SWE;;;3.99;0.00;0.00;;8.98;0.00;JENNY II;SFC5457;HG61;;;Y;SFC5457;N;;;;;FX;;GNS;66.18;0.00;Fiber/Plastic;;1998-04-20;MFL;1995-01-01;;2004-09-09
SWE000007987;;SWE;;;0.34;0.00;0.00;;5.36;0.00;SVANEN;SFC5459;TG79;;;Y;SFC5459;N;;;;;FX;;FPO, GNS;22.06;0.00;Fiber/Plastic;;1998-04-23;4M1;1980-01-01;;2002-08-11
SWE000007989;;SWE;;;3.29;0.00;0.00;;8.40;0.00;NIPPON;SFC5472;GG424;Öckerö;;Y;SFC5472;N;Y;N;;;FX;;LHP;110.29;0.00;Fiber/Plastic;;1998-05-08;MFL;1989-01-01;;2020-02-26
SWE000007990;;SWE;;;0.51;0.00;0.00;;5.60;0.00;HUGIN;SFC5461;SL46;;;Y;SFC5461;N;;;;;FX;;GNS;36.76;0.00;Fiber/Plastic;;1998-04-29;MFL;1988-01-01;;2007-09-22
SWE000007991;;SWE;;;0.33;0.00;0.00;;5.40;0.00;No name;SFC5463;GE116;Harkskär;;Y;SFC5463;N;Y;N;;;FX;;GNS;36.76;0.00;Fiber/Plastic;;1998-04-28;MFL;1985-01-01;;
SWE000007992;;SWE;;;392.00;0.00;0.00;;40.81;0.00;SVANÖ AV VIDEBERG;SJDA;VG14;Videbergshamn;;Y;SJDA;Y;N;N;;;FX;;OTM, OTB;619.00;411.76;Metal;;1998-05-07;MFL;1964-01-01;2008-03-29;
SWE000007994;;SWE;;;4.82;0.00;0.00;;9.15;0.00;VITÖ;SFC5475;SG10;Nogersund;;Y;SFC5475;N;Y;N;;;FX;;GNS, LHP;61.05;0.00;Fiber/Plastic;;1998-05-07;MFL;1982-01-01;;
SWE000007995;;SWE;;;0.47;0.00;0.00;;6.00;0.00;No name;SFC5476;HA12;Storön;;Y;SFC5476;N;Y;N;;;FX;;FPO, GNS;55.16;0.00;Fiber/Plastic;;1998-05-08;MFL;1981-01-01;;
SWE000007996;;SWE;;;0.53;0.00;0.00;;5.95;0.00;GRISSLAN;SFC5478;SM9;;;Y;SFC5478;N;;;;;FX;;FPO, GNS;33.09;0.00;Fiber/Plastic;;1998-05-13;4M1;1985-01-01;;2000-04-02
SWE000007997;;SWE;;;0.36;0.00;0.00;;5.40;0.00;TJALDUR;SFC5346;GG488;;;Y;SFC5346;N;;;;;FX;;FPO;29.41;0.00;Fiber/Plastic;;1997-09-24;MFL;1984-01-01;;2005-02-18
SWE000007998;;SWE;;;0.24;0.00;0.00;;5.50;0.00;No name;SFC5482;GE30;Gävle;;Y;SFC5482;N;Y;N;;;FX;;GNS;18.00;0.00;Fiber/Plastic;;1998-05-19;MFL;1972-01-01;;2024-04-11
SWE000008000;;SWE;;;0.45;0.00;0.00;;5.50;0.00;ÅLEN;SFC5492;SD14;;;Y;SFC5492;N;;;;;FX;;GNS, FPO;44.12;0.00;Fiber/Plastic;;1998-05-25;MFL;1985-01-01;;2015-09-15
SWE000008002;;SWE;;;3.29;0.00;0.00;;8.40;0.00;TABOR;SFC5499;GG405;Fotö;;Y;SFC5499;N;Y;N;;;FX;;FPO;95.59;0.00;Fiber/Plastic;;1998-05-29;MFL;1998-01-01;;2005-05-08
SWE000008003;;SWE;;;0.65;0.00;0.00;;6.54;0.00;LI;SFC5486;KR209;;;Y;SFC5486;N;;;;;FX;;GNS;14.71;0.00;;;1998-05-19;4M1;;;1999-12-29
SWE000008005;;SWE;;;2.08;0.00;0.00;;7.70;0.00;BÖLJAN;SFC5517;GG767;Rörö;;Y;SFC5517;N;Y;N;;;FX;;FPO;106.62;0.00;Fiber/Plastic;;1998-06-12;MFL;1993-01-01;;
SWE000008006;;SWE;;;1.89;0.00;0.00;;7.15;0.00;No name;SFC5518;KR261;;;Y;SFC5518;N;N;N;;;FX;;FPO, GNS;28.00;0.00;Fiber/Plastic;;1998-06-12;4M1;1983-01-01;;2001-06-28
SWE000008007;;SWE;;;1.00;0.00;0.00;;6.50;0.00;CRESTON;SFC5520;FG35;Falkenberg;;Y;SFC5520;N;Y;N;;;FX;;GNS;73.53;0.00;Fiber/Plastic;;1998-06-17;MFL;1976-01-01;;2007-08-20
SWE000008008;;SWE;;;845.00;0.00;0.00;;49.86;0.00;GANTHI;SJCI;GG205;Fiskebäck;;Y;SJCI;Y;N;N;;;FX;;PS, OTM;2700.00;529.41;Metal;;1998-07-23;MFL;1998-01-01;;
SWE000008010;;SWE;;;5.89;0.00;0.00;;9.78;0.00;JANE-SEYMOUR;SFC5537;SIN30;Simrishamn;;Y;SFC5537;N;Y;N;;;FX;;LHP, GNS;22.06;0.00;Wood;;1998-06-30;MFL;1960-01-01;;2014-05-03
SWE000008011;;SWE;;;0.24;0.00;0.00;;5.20;0.00;No name;SFC5540;SM84;;;Y;SFC5540;N;N;N;;;FX;;GNS;18.38;0.00;Fiber/Plastic;;1998-07-03;MFL;1984-01-01;;2003-10-02
SWE000008012;;SWE;;;0.17;0.00;0.00;;5.05;0.00;No name;SFC5554;VG15;;;Y;SFC5554;N;N;N;;;FX;;FPO;18.38;0.00;Fiber/Plastic;;1998-07-27;MFL;1979-01-01;;2004-07-09
SWE000008014;;SWE;;;1.23;0.00;0.00;;6.50;0.00;KRISTINA;SFC5562;GG71;Hönö-Röd;;Y;SFC5562;N;Y;N;;;FX;;FPO;18.38;0.00;Wood;;1998-07-30;MFL;1975-01-01;;2011-03-28
SWE000008015;;SWE;;;4.22;0.00;0.00;;9.20;0.00;ANNA;SFC5569;SD279;Strömstad;;Y;SFC5569;N;Y;N;;;FX;;FPO, NO;125.00;0.00;Fiber/Plastic;;1998-08-06;MFL;1998-01-01;;2023-04-25
SWE000008016;;SWE;;;0.95;0.00;0.00;;6.95;0.00;MARIA;SFC5570;SIN7;Vitemölla;;Y;SFC5570;N;Y;N;;;FX;;FPO, NO;24.26;0.00;Fiber/Plastic;;1998-08-05;MFL;1998-01-01;;
SWE000008018;266180000;SWE;;;106.00;0.00;23.00;;17.65;0.00;KLINGERÖ;SJBN;LL110;Fisketången;;Y;SJBN;Y;N;Y;8667335;;FX;;OTB;410.00;88.00;Metal;;1998-03-23;MFL;1998-01-01;;
SWE000008019;;SWE;;;0.75;0.00;0.00;;6.10;0.00;KARIN;SFC5584;GG435;Öckerö;;Y;SFC5584;N;Y;N;;;FX;;FPO;16.18;0.00;Fiber/Plastic;;1998-09-01;MFL;1979-01-01;;2009-05-26
SWE000008020;265483000;SWE;;;845.00;0.00;0.00;;49.86;0.00;GINNETON;SJTN;;Fiskebäck;;Y;SJTN;Y;N;Y;;;FX;;OTM, PS;2700.00;529.41;Metal;;1998-09-21;MFL;1998-01-01;;2017-03-03
SWE000008021;;SWE;;;4.22;0.00;0.00;;8.85;0.00;SHAMROCK;SFC5592;HG104;"Viken"", Höganäs";;Y;SFC5592;N;Y;N;;;FX;;GNS, FPO;26.47;0.00;Wood;;1998-09-14;MFL;1954-01-01;;2010-06-30
SWE000008023;;SWE;;;1.86;0.00;0.00;;7.50;0.00;SPRATTUS;SFC5598;GG118;;;Y;SFC5598;N;;;;;FX;;GNS, GND;51.47;0.00;Fiber/Plastic;;1998-09-25;MFL;1978-01-01;;2014-06-03
SWE000008024;;SWE;;;0.95;0.00;0.00;;5.60;0.00;CIA;SFC5605;NRG22;Kallsö;;Y;SFC5605;N;Y;N;;;FX;;FPO;66.18;0.00;Fiber/Plastic;;1998-10-01;MFL;1985-01-01;;2022-12-22
SWE000008025;;SWE;;;306.00;0.00;0.00;;28.44;0.00;ÅSA;SIPA;GG36;Donsö;;Y;SIPA;Y;N;Y;;;FX;;OTB, NO;735.00;0.00;Metal;;1998-10-26;MFL;1998-01-01;;
SWE000008026;;SWE;;;11.70;0.00;0.00;;11.10;0.00;NEPHROPS;SFC5614;LL12;Stätten;;Y;SFC5614;N;Y;N;;;FX;;FPO, PS;128.00;0.00;Fiber/Plastic;;1998-10-15;MFL;1998-01-01;;
SWE000008027;265008000;SWE;;;399.00;0.00;0.00;;37.24;0.00;ARCADIA;SJWA;GE49;Engesberg;;Y;SJWA;Y;N;Y;7340978;;FX;;OTM, NO;749.00;470.00;Metal;;1998-10-25;MFL;1974-01-01;;
SWE000008028;;SWE;;;0.45;0.00;0.00;;5.40;0.00;No name;SFC5620;UÅ75;;;Y;SFC5620;N;N;N;;;FX;;GNS;14.71;0.00;Wood;;1998-10-29;MFL;1990-01-01;;2012-08-27
SWE000008029;;SWE;;;4.21;0.00;0.00;;8.30;0.00;FYLGIA;SFC5624;VG179;Träslövsläge;;Y;SFC5624;N;N;N;;;FX;;OTB, GNS;99.26;0.00;Wood;;1998-11-04;MFL;1966-01-01;;
SWE000008030;;SWE;;;1.98;0.00;0.00;;7.00;0.00;LIZ;SFC5625;VY93;Herrvik;;Y;SFC5625;N;N;N;;;FX;;GTR, GNS;25.74;0.00;Wood;;1998-11-09;MFL;1978-01-01;;
SWE000008031;;SWE;;;0.85;0.00;0.00;;6.00;0.00;No name;SFC5627;SD241;Nord-Koster;;Y;SFC5627;N;N;N;;;FX;;FPO;36.76;0.00;Metal;;1998-11-12;MFL;1998-01-01;;2006-04-25
SWE000008032;;SWE;;;1.25;0.00;0.00;;5.95;0.00;No name;SFC5639;LÅ9;Lövskär;;Y;SFC5639;N;Y;N;;;FX;;FPO;36.77;0.00;Fiber/Plastic;;1998-12-02;MFL;1983-01-01;;2021-10-22
SWE000008034;266112000;SWE;;;95.00;0.00;0.00;;19.60;0.00;GLOMSKÄR;SKBM;SM53;Öregrund;;Y;SKBM;Y;N;Y;;;FX;;OTB, OTM;368.00;140.00;Metal;;1998-12-21;MFL;1986-01-01;;
SWE000008035;265699610;SWE;;;10.52;0.00;0.00;;10.57;0.00;SOFIA;SFC5659;LL94;Hasselösund;;Y;SFC5659;N;Y;Y;;;FX;;FPO;111.76;0.00;Fiber/Plastic;;1999-01-07;MFL;1980-01-01;;
SWE000008036;;SWE;;;2.68;0.00;0.00;;7.70;0.00;MERLUZA;SFC5653;KR23;Greece;;Y;SFC5653;N;;;;;FX;;GNS;25.74;0.00;Fiber/Plastic;;1998-12-29;4M1;1980-01-01;;2002-01-16
SWE000008037;;SWE;;;3.73;0.00;0.00;;7.22;0.00;FORTUNA;SFC5647;KR147;Stora Rör;;Y;SFC5647;N;Y;N;;;FX;;GNS;26.48;0.00;Wood;;1998-12-21;MFL;1975-01-01;;2014-05-07
SWE000008038;;SWE;;;0.23;0.00;0.00;;5.20;0.00;LINA 2;SFC5656;HND8;;;Y;SFC5656;N;;;;;FX;;FPO, GNS;14.71;0.00;Fiber/Plastic;;1999-01-04;MFL;1982-01-01;;2006-12-30
SWE000008039;;SWE;;;0.40;0.00;0.00;;5.85;0.00;No name;SFC5657;UÅ7;;;Y;SFC5657;N;N;N;;;FX;;GNS;22.06;0.00;Fiber/Plastic;;1999-01-07;MFL;1980-01-01;;2003-08-21
SWE000008040;;SWE;;;0.30;0.00;0.00;;5.38;0.00;No name;SFC5660;KA110;"Tjurkö"", Karlskrona";;Y;SFC5660;N;Y;N;;;FX;;LHP, GNS;18.38;0.00;Metal;;1999-01-13;MFL;1998-01-01;;2011-07-04
SWE000008041;;SWE;;;3.77;0.00;0.00;;8.17;0.00;ATHENE AF GREBBESTAD;SFC5673;SD200;;;Y;SFC5673;N;N;N;;;FX;;FPO;66.18;0.00;Fiber/Plastic;;1999-02-15;MFL;1985-01-01;;2009-01-03
SWE000008042;;SWE;;;11.93;0.00;0.00;;11.20;0.00;CAPRI;SFB2260;KN11;;;Y;SFB2260;N;;;;;FX;;GNS, LHP;95.59;0.00;Wood;;2000-05-08;MFL;1936-01-01;2004-03-18;
SWE000008046;;SWE;;;2.76;0.00;0.00;;7.80;0.00;BERIT;SFC5679;LL195;Grundsund;;Y;SFC5679;N;Y;N;;;FX;;FPO, LTL;35.29;0.00;Wood;;1999-03-01;MFL;1950-01-01;;
SWE000008048;;SWE;;;0.49;0.00;0.00;;6.10;0.00;No name;SFC5686;HND21;Barsta;;Y;SFC5686;N;Y;N;;;FX;;FPO, GNS;36.76;0.00;Fiber/Plastic;;1999-03-18;MFL;1993-01-01;;
SWE000008049;;SWE;;;2.13;0.00;0.00;;7.00;0.00;SANDVIK;SFC5667;LL321;;;Y;SFC5667;N;;;;;FX;;FPO;40.44;0.00;Fiber/Plastic;;1999-01-27;MFL;1987-01-01;;2004-10-15
SWE000008050;;SWE;;;0.40;0.00;0.00;;5.20;0.00;No name;SFC5699;HG94;"Viken"", Höganäs";;Y;SFC5699;N;Y;N;;;FX;;FPO, GNS;18.38;0.00;Fiber/Plastic;;1999-04-07;MFL;1975-01-01;;
SWE000008054;;SWE;;;2.99;0.00;0.00;;8.20;0.00;SOLVÅG;SFC5715;VG20;Träslövsläge;;Y;SFC5715;N;Y;N;;;FX;;FPO;80.88;0.00;Fiber/Plastic;;1999-04-21;MFL;1984-01-01;;2009-01-21
SWE000008055;;SWE;;;0.44;0.00;0.00;;5.10;0.00;ÅLÖ;SFC5716;GG74;;;Y;SFC5716;N;;;;;FX;;GND, FPO;7.35;0.00;Fiber/Plastic;;1999-04-21;MFL;1982-01-01;;2014-05-27
SWE000008056;266219000;SWE;;;84.00;0.00;0.00;;19.10;0.00;ALMY;SFE5145;GE73;Engesberg;;Y;SFE5145;Y;N;Y;;;FX;;OTM, OTB;331.00;45.00;Metal;;2022-11-08;MFL;1986-01-01;;
SWE000008060;;SWE;;;0.56;0.00;0.00;;6.10;0.00;No name;SFC5728;GE82;Bönan;;Y;SFC5728;N;Y;N;;;FX;;GNS;36.76;0.00;Fiber/Plastic;;1999-05-02;MFL;1997-01-01;;
SWE000008061;266052000;SWE;;;83.00;0.00;0.00;;18.42;0.00;MIRACULIX;SKLI;SG40;Nogersund;;Y;SKLI;Y;N;Y;;;FX;;OTM, OTB;283.00;0.00;Metal;;1999-04-28;MFL;1985-01-01;;
SWE000008062;265502980;SWE;;;12.11;0.00;0.00;;11.00;0.00;MIRA II;SFC5737;SD137;Fjällbacka;;Y;SFC5737;N;Y;Y;;;FX;;FPO;167.00;0.00;Fiber/Plastic;;1999-05-09;MFL;1999-01-01;;
SWE000008063;;SWE;;;0.42;0.00;0.00;;5.53;0.00;SKVALPEVIK;SFC5543;FG20;Falkenberg;;Y;SFC5543;N;Y;N;;;FX;;FPO;18.38;0.00;Fiber/Plastic;;1998-07-06;MFL;1998-01-01;;
SWE000008064;;SWE;;;3.62;0.00;0.00;;8.90;0.00;No name;SFB6537;UÅ37;;;Y;SFB6537;N;N;N;;;FX;;GNS, NO;88.24;0.00;Fiber/Plastic;;1980-07-17;MFL;1977-01-01;;2019-06-28
SWE000008066;;SWE;;;4.48;0.00;0.00;;9.00;0.00;STÅLMAN;SFC5774;LL31;Fiskebäckskil;;Y;SFC5774;N;Y;N;;;FX;;FPO;55.15;0.00;Metal;;1999-06-18;MFL;1990-01-01;;2007-12-20
SWE000008067;;SWE;;;11.59;0.00;0.00;;10.65;0.00;MARITA;SFC5793;LL432;Lysekil;;Y;SFC5793;N;Y;N;;;FX;;FPO, GNS;111.76;0.00;Fiber/Plastic;;1999-07-08;MFL;1999-01-01;;
SWE000008068;;SWE;;;15.72;0.00;0.00;;11.98;0.00;LAVÖ;SFC5797;KA177;;;Y;SFC5797;N;;;;;FX;;GNS, LHP;161.76;0.00;Fiber/Plastic;;1999-07-15;MFL;1999-01-01;2003-02-27;
SWE000008069;;SWE;;;0.78;0.00;0.00;;6.00;0.00;TUNAVIK;SFC5801;GG358;Almösund;;Y;SFC5801;N;Y;N;;;FX;;FPO, NO;36.03;0.00;Fiber/Plastic;;1999-07-21;MFL;1999-01-01;;2007-11-01
SWE000008070;;SWE;;;4.65;0.00;0.00;;7.70;0.00;LISTERÖ;SFC5803;SG28;;;Y;SFC5803;N;;;;;FX;;GNS, LHP;26.47;0.00;Fiber/Plastic;;1999-07-27;MFL;1983-01-01;;2007-08-19
SWE000008071;;SWE;;;3.36;0.00;0.00;;8.50;0.00;VINDÖ;SFC5804;GG42;Skärhamn;;Y;SFC5804;N;Y;N;;;FX;;FPO;44.13;0.00;Fiber/Plastic;;1999-07-27;MFL;1999-01-01;;2012-11-30
SWE000008072;;SWE;;;0.40;0.00;0.00;;5.42;0.00;JENS-GRUS;SFC5808;HG28;Jonstorp;;Y;SFC5808;N;Y;N;;;FX;;GTR, GNS;33.09;0.00;Fiber/Plastic;;1999-08-09;MFL;1987-01-01;;2018-10-05
SWE000008073;;SWE;;;0.46;0.00;0.00;;5.80;0.00;No name;SFC5811;SD82;;;Y;SFC5811;N;N;N;;;FX;;FPO, GND;5.88;0.00;Wood;;1999-08-12;MFL;1945-01-01;;2004-05-13
SWE000008074;;SWE;;;3.81;0.00;0.00;;8.40;0.00;CAROLA;SFC5813;GG169;Fotö;;Y;SFC5813;N;Y;N;;;FX;;FPO;95.59;0.00;Fiber/Plastic;;1999-08-16;MFL;1997-01-01;;2008-08-13
SWE000008076;;SWE;;;0.61;0.00;0.00;;6.10;0.00;HARU 1;SFC5835;HA74;Nikkala;;Y;SFC5835;N;Y;N;;;FX;;FPO, GNS;44.12;0.00;Fiber/Plastic;;1999-09-15;MFL;1999-01-01;;
SWE000008077;265796000;SWE;;;308.00;0.00;0.00;;28.20;0.00;VICTORIA AV ÖCKERÖ;SKAO;GG578;Öckerö;;Y;SKAO;Y;N;N;9212682;;FX;;OTB, NO;736.00;0.00;Metal;;1999-09-27;4M4;1999-01-01;;
SWE000008078;;SWE;;;9.53;0.00;0.00;;10.10;0.00;REBECKA;SFC5838;GG24;Bohus-Björkö;;Y;SFC5838;N;N;N;;;FX;;GND, FPO;219.85;0.00;Fiber/Plastic;;1999-09-22;MFL;1999-01-01;;
SWE000008079;;SWE;;;1.11;0.00;0.00;;6.50;0.00;No name;SFC5842;GG127;;;Y;SFC5842;N;N;N;;;FX;;FPO, GNS;121.32;0.00;Fiber/Plastic;;1999-09-24;MFL;1999-01-01;;2006-10-30
SWE000008080;;SWE;;;1.83;0.00;0.00;;7.45;0.00;LOTTA;SFC5850;GG678;Rönnäng;;Y;SFC5850;N;Y;N;;;FX;;FPO;121.32;0.00;Metal;;1999-10-04;MFL;1998-01-01;;2013-12-06
SWE000008081;;SWE;;;46.00;0.00;0.00;;14.99;0.00;EVA-MARIE AF GLOMMEN;SKEA;FG137;;;Y;SKEA;N;;;;;FX;;OTB;294.00;44.12;Metal;;1999-10-01;MFL;1999-01-01;;
SWE000008082;;SWE;;;10.47;0.00;0.00;;11.25;0.00;EKÖ;SFC4923;GG1230;;;Y;SFC4923;N;;;;;FX;;OTB, NO;176.47;0.00;Metal;;1996-04-09;4M4;1996-01-01;;2000-01-01
SWE000008084;;SWE;;;418.00;0.00;0.00;;42.40;0.00;STELLA POLARIS AF FOTÖ;SKBO;GG920;Fotö;;Y;SKBO;Y;N;N;;;FX;;OTM;630.00;625.00;Metal;;1999-01-08;MFL;1966-01-01;;2006-04-19
SWE000008086;;SWE;;;7.91;0.00;0.00;;8.40;0.00;STORÖN;SFC5853;HND26;Berghamn;;Y;SFC5853;N;Y;N;;;FX;;FPO, GNS;44.13;0.00;Fiber/Plastic;;1999-10-12;MFL;1978-01-01;;2021-05-15
SWE000008090;;SWE;;;2.03;0.00;0.00;;7.66;0.00;MALIN;SFC5875;KR209;;;Y;SFC5875;N;;;;;FX;;GNS;47.79;0.00;Wood;;1999-11-16;MFL;1940-01-01;;2005-02-10
SWE000008092;;SWE;;;0.45;0.00;0.00;;4.90;0.00;GAISAREN;SFC5894;GG46;Öckerö;;Y;SFC5894;N;N;N;;;FX;;FPO, GND;29.41;0.00;Fiber/Plastic;;1999-12-16;MFL;1983-01-01;;2023-03-09
SWE000008093;;SWE;;;3.90;0.00;0.00;;7.60;0.00;MANILL;SFC5906;GG269;"Sandvik"", Styrsö";;Y;SFC5906;N;N;N;;;FX;;FPO;64.71;0.00;Fiber/Plastic;;2000-01-03;MFL;1989-01-01;;2005-04-02
SWE000008094;;SWE;;;9.73;0.00;0.00;;9.86;0.00;JUNO;SFC5913;SG200;;;Y;SFC5913;N;;;;;FX;;GNS, LHP;99.00;0.00;Fiber/Plastic;;2000-01-18;MFL;1999-01-01;;
SWE000008096;;SWE;;;3.49;0.00;0.00;;8.81;0.00;RAMONA;SFC5921;GG714;Rönnäng;;Y;SFC5921;N;Y;N;;;FX;;FPO;96.00;0.00;Fiber/Plastic;;2000-01-25;MFL;1999-01-01;;
SWE000008097;;SWE;;;6.44;0.00;0.00;;10.25;0.00;AURORA;SFC5924;GG695;;;Y;SFC5924;N;;;;;FX;;GND, GNS;242.65;0.00;Fiber/Plastic;;2000-02-04;MFL;1996-01-01;;2003-06-02
SWE000008098;;SWE;;;5.96;0.00;0.00;;9.93;0.00;HEMLAND;SFC5926;GG129;Klädesholmen;;Y;SFC5926;N;Y;N;;;FX;;FPO, GNS;220.59;0.00;Fiber/Plastic;;2000-02-08;MFL;1977-01-01;;2019-05-29
SWE000008099;;SWE;;;1.00;0.00;0.00;;6.50;0.00;EMMA;SFC5946;SG8;;;Y;SFC5946;N;;;;;FX;;GNS;8.82;0.00;Wood;;2000-03-09;4M1;1970-01-01;;2002-12-11
SWE000008100;;SWE;;;1.45;0.00;0.00;;7.75;0.00;PIA;SFC5937;FG16;;;Y;SFC5937;N;;;;;FX;;GNS;30.00;0.00;Wood;;2000-02-24;4M1;1968-01-01;;2001-10-07
SWE000008102;;SWE;;;18.00;0.00;0.00;;12.01;0.00;RAMONA AF SESKARÖ;SLPU;HA23;Seskarö;;Y;SLPU;Y;N;N;;;FX;;PTB, GNS;175.00;0.00;Metal;;2000-03-22;4M3;1980-01-01;;2002-11-21
SWE000008104;;SWE;;;1.12;0.00;0.00;;6.00;0.00;No name;SFC5950;HA66;Sören;;Y;SFC5950;N;Y;N;;;FX;;FPO, GNS;29.41;0.00;Fiber/Plastic;;2000-03-21;MFL;1980-01-01;;
SWE000008105;;SWE;;;0.91;0.00;0.00;;6.70;0.00;NINNI;SFC5957;SD90;"Brevik"", Tanum";;Y;SFC5957;N;Y;N;;;FX;;FPO, LTL;18.38;0.00;Fiber/Plastic;;2000-03-22;MFL;1972-01-01;;2020-02-18
SWE000008107;;SWE;;;1.08;0.00;0.00;;6.45;0.00;OLGA;SFC5973;KA20;;;Y;SFC5973;N;;;;;FX;;GNS, LHP;10.00;0.00;Fiber/Plastic;;2000-04-11;MFL;1995-01-01;;2005-09-10
SWE000008108;;SWE;;;2.17;0.00;0.00;;7.70;0.00;No name;SFC5975;SM14;Nynäshamn;;Y;SFC5975;N;Y;N;;;FX;;GNS;45.59;0.00;Fiber/Plastic;;2000-04-11;MFL;2000-01-01;;2023-05-25
SWE000008109;;SWE;;;0.24;0.00;0.00;;5.20;0.00;MAGDA;SFC5971;SG15;;;Y;SFC5971;N;;;;;FX;;GNS, NO;18.38;0.00;Fiber/Plastic;;2000-04-11;MFL;1988-01-01;;2011-12-06
SWE000008110;;SWE;;;7.40;0.00;0.00;;10.06;0.00;FLAMMAN;SFC5978;GG290;;;Y;SFC5978;N;N;N;;;FX;;FPO;176.52;0.00;Fiber/Plastic;;2000-04-20;MFL;1977-01-01;;2008-11-03
SWE000008113;266066000;SWE;;;222.00;0.00;0.00;;23.55;0.00;ARKÖ;SKMQ;GG707;Dyrön;;Y;SKMQ;Y;N;Y;8972326;;FX;;OTB;720.00;365.00;Metal;;2000-05-15;MFL;2000-01-01;;
SWE000008114;;SWE;;;1.21;0.00;0.00;;6.70;0.00;YSTER;SFC5993;VG122;;;Y;SFC5993;N;N;N;;;FX;;GNS;91.91;0.00;Fiber/Plastic;;2000-05-11;MFL;1977-01-01;;2004-03-05
SWE000008115;;SWE;;;6.23;0.00;0.00;;8.80;0.00;CATRIN;SFC6019;SIN16;Vitemölla;;Y;SFC6019;N;N;N;;;FX;;GNS;24.26;0.00;Fiber/Plastic;;2000-06-02;MFL;1988-01-01;;2009-02-26
SWE000008116;;SWE;;;2.60;0.00;0.00;;7.60;0.00;MOLLY;SFC6015;LL18;;;Y;SFC6015;N;N;N;;;FX;;FPO;47.06;0.00;Fiber/Plastic;;2000-05-26;MFL;1950-01-01;;2008-01-01
SWE000008117;;SWE;;;2.06;0.00;0.00;;9.00;0.00;KIA II;SFC3984;SM110;;;Y;SFC3984;N;;;;;FX;;GNS, FPO;40.00;0.00;Wood;;1993-12-27;MFL;1965-01-01;;2007-09-02
SWE000008118;;SWE;;;0.35;0.00;0.00;;5.36;0.00;No name;SFC6040;LL178;;;Y;SFC6040;N;N;N;;;FX;;FPO, GNS;36.76;0.00;Fiber/Plastic;;2000-06-22;MFL;1979-01-01;;2006-11-02
SWE000008119;;SWE;;;4.80;0.00;0.00;;9.00;0.00;ORION;SFC6032;GG749;;;Y;SFC6032;N;N;N;;;FX;;FPO;72.06;0.00;Wood;;2000-06-14;4M1;1975-01-01;;2002-01-30
SWE000008121;;SWE;;;846.00;0.00;0.00;;44.99;0.00;TOR-ÖN;SMIT;GG204;Fiskebäck;;Y;SMIT;Y;N;Y;;;FX;;PTM, OTB;3000.00;1450.00;Metal;;2000-08-01;MFL;2000-01-01;;
SWE000008122;;SWE;;;6.87;0.00;0.00;;9.95;0.00;LAXEN;SFC6048;UA4;;;Y;SFC6048;N;;;;;FX;;GNS, FPO;69.85;0.00;Metal;;2000-07-10;4M1;1973-01-01;;2002-08-05
SWE000008123;;SWE;;;749.00;0.00;0.00;;45.22;0.00;SUNNANLAND;SMPD;GG158;Fiskebäck;;Y;SMPD;Y;N;Y;9222041;;FX;;OTM, PS;2480.00;750.00;Metal;;2000-07-18;MFL;2000-01-01;;
SWE000008125;;SWE;;;4.00;0.00;0.00;;8.10;0.00;WILMA;SFC6046;LL53;Lysekil;;Y;SFC6046;N;Y;N;;;FX;;GNS;77.21;0.00;Fiber/Plastic;;2000-07-04;MFL;1985-01-01;;2019-01-12
SWE000008126;;SWE;;;2.13;0.00;0.00;;7.00;0.00;MADELENE;SFC6045;LL971;"Brevik"", Lyr";;Y;SFC6045;N;Y;N;;;FX;;FPO;26.47;0.00;Fiber/Plastic;;2000-07-04;MFL;1990-01-01;;2012-11-12
SWE000008127;;SWE;;;1.35;0.00;0.00;;7.00;0.00;MARTINA;SFC6091;LL40;;;Y;SFC6091;N;;;;;FX;;LTL, FPO;52.94;0.00;Metal;;2000-08-30;MFL;1996-01-01;;2004-09-04
SWE000008128;265611970;SWE;;;14.55;0.00;0.00;;11.98;0.00;FORTUNA;SFC6072;LL104;Lysekil;;Y;SFC6072;N;N;Y;;;FX;;FPO;411.76;0.00;Fiber/Plastic;;2000-07-31;MFL;2000-01-01;;2023-06-28
SWE000008129;266147000;SWE;;;162.00;0.00;0.00;;22.98;0.00;STRANNEFJORD;SLCQ;GG892;Bohus-Björkö;;Y;SLCQ;Y;N;Y;8667323;;FX;;OTB;478.00;60.00;Metal;;2000-08-23;MFL;2000-01-01;;
SWE000008130;;SWE;;;7.40;0.00;0.00;;10.06;0.00;SKIPPY;SFC6063;GG117;;;Y;SFC6063;N;;;;;FX;;GNS, FPO;220.59;0.00;Fiber/Plastic;;2000-07-18;MFL;1978-01-01;;2007-07-28
SWE000008131;266441000;SWE;;;10.99;0.00;0.00;;11.00;0.00;ULRIKA;SFC6097;GG126;Bohus-Björkö;;Y;SFC6097;Y;N;Y;;;FX;;FPO, GND;250.00;0.00;Fiber/Plastic;;2000-09-07;MFL;2000-01-01;;
SWE000008132;;SWE;;;1.39;0.00;0.00;;6.80;0.00;FANNY;SFC6067;LL41;;;Y;SFC6067;N;;;;;FX;;FPO;18.38;0.00;Wood;;2000-07-20;MFL;1964-01-01;;2004-06-22
SWE000008134;;SWE;;;0.76;0.00;0.00;;6.00;0.00;UTTERN;SFC6088;NG11;Oxelösund;;Y;SFC6088;N;N;N;;;FX;;GNS, FPO;66.18;0.00;Fiber/Plastic;;2000-08-28;MFL;1987-01-01;;2004-10-02
SWE000008135;;SWE;;;2.05;0.00;0.00;;7.60;0.00;CARMITA;SFC6103;GG298;Skärhamn;;Y;SFC6103;N;Y;N;;;FX;;FPO;91.91;0.00;Fiber/Plastic;;2000-09-13;MFL;1979-01-01;;2009-05-08
SWE000008136;;SWE;;;0.49;0.00;0.00;;6.10;0.00;No name;SFC6111;SD297;;;Y;SFC6111;N;N;N;;;FX;;FPO;22.79;0.00;Fiber/Plastic;;2000-09-21;MFL;1984-01-01;;2003-11-03
SWE000008137;265680790;SWE;;;7.10;0.00;0.00;;11.70;0.00;KVARNÖ;SFC6113;SL10;"Spikarna"", Alnön";;Y;SFC6113;N;N;Y;;;FX;;OTB, GNS;220.59;0.00;Metal;;2000-09-26;MFL;2000-01-01;;2020-08-19
SWE000008138;;SWE;;;1.35;0.00;0.00;;6.03;0.00;ENSKÄR;SFC6114;GG849;;;Y;SFC6114;N;;;;;FX;;FPO;19.12;0.00;Fiber/Plastic;;2000-09-27;MFL;1991-01-01;;2003-05-09
SWE000008139;;SWE;;;0.51;0.00;0.00;;6.00;0.00;NORDANVIND;SFC6084;PÅ38;Piteå;;Y;SFC6084;N;Y;N;;;FX;;GNS;36.76;0.00;Fiber/Plastic;;2000-08-20;MFL;1985-01-01;;
SWE000008140;;SWE;;;1.00;0.00;0.00;;6.28;0.00;GROGGEN;SFC6100;SIN8;Brantevik;;Y;SFC6100;N;N;N;;;FX;;GNS;16.18;0.00;Fiber/Plastic;;2000-09-13;4M1;1980-01-01;2001-06-28;
SWE000008141;;SWE;;;0.87;0.00;0.00;;5.02;0.00;EKEN;SFC6108;ON19;Södra Marsö;;Y;SFC6108;N;Y;N;;;FX;;FPO;5.88;0.00;Fiber/Plastic;;2000-09-17;MFL;1970-01-01;;2025-03-10
SWE000008142;;SWE;;;8.06;0.00;0.00;;10.40;0.00;No name;SFC6092;GE1;Hästskär;;Y;SFC6092;N;Y;N;;;FX;;GNS;154.41;0.00;Fiber/Plastic;;2000-08-29;MFL;1987-01-01;;
SWE000008143;;SWE;;;846.00;0.00;0.00;;44.96;0.00;TORLAND;SMIW;GG207;Fiskebäck;;Y;SMIW;Y;N;Y;;;FX;;OTM, OTB;3000.00;1450.00;Metal;;2000-10-06;MFL;2000-01-01;;
SWE000008144;266068000;SWE;;;113.00;0.00;0.00;;18.49;0.00;GRACE;SLBQ;GG173;Önnered;;Y;SLBQ;Y;N;Y;8967395;;FX;;OTB, OTM;480.00;52.00;Metal;;2000-10-08;MFL;2000-01-01;;
SWE000008145;;SWE;;;2.87;0.00;0.00;;8.20;0.00;ANNA;SFC6112;GE118;Gävle;;Y;SFC6112;N;Y;N;;;FX;;GNS;95.59;0.00;Fiber/Plastic;;2000-09-25;MFL;1980-01-01;;2014-08-12
SWE000008146;;SWE;;;2.80;0.00;0.00;;8.32;0.00;SCANTI;SFC6130;SM262;;;Y;SFC6130;N;;;;;FX;;GNS, FPO;161.76;0.00;Fiber/Plastic;;2000-10-11;MFL;2000-01-01;;2004-10-30
SWE000008147;;SWE;;;1.76;0.00;0.00;;7.00;0.00;ALBERTINA;SFC6131;SD489;Grebbestad;;Y;SFC6131;N;Y;N;;;FX;;FPO;22.00;0.00;Wood;;2000-10-11;MFL;1955-01-01;;2016-07-05
SWE000008148;;SWE;;;0.35;0.00;0.00;;5.36;0.00;No name;SFC6124;SN38;;;Y;SFC6124;N;N;N;;;FX;;GNS, FPO;29.41;0.00;Fiber/Plastic;;2000-10-06;MFL;1984-01-01;;2004-09-30
SWE000008150;;SWE;;;2.49;0.00;0.00;;8.00;0.00;LINNEA;SFC6117;GG484;Rönnäng;;Y;SFC6117;N;Y;N;;;FX;;FPO, GND;44.12;0.00;Fiber/Plastic;;2000-10-01;MFL;1982-01-01;;
SWE000008151;;SWE;;;15.00;0.00;0.00;;12.01;0.00;IDUN;SBGP;GG844;Björholmen;;Y;SBGP;Y;N;N;;;FX;;GTR, GNS;129.41;0.00;Metal;;2000-10-12;MFL;2000-01-01;;2006-02-02
SWE000008155;266389000;SWE;;;35.00;0.00;0.00;;14.55;0.00;HELGOLAND AF GREBBESTAD;SGBI;SD43;Grebbestad;;Y;SGBI;Y;N;Y;;;FX;;OTB, TBN;220.00;0.00;Wood;;2000-11-08;MFL;1985-01-01;;
SWE000008156;;SWE;;;0.86;0.00;0.00;;6.22;0.00;VINNIE;SFC6148;GE64;Fågelsundet;;Y;SFC6148;N;Y;N;;;FX;;GNS, FPO;73.53;0.00;Metal;;2000-11-07;MFL;2000-01-01;;
SWE000008157;265632550;SWE;;;15.89;0.00;0.00;;11.95;0.00;MARLENE;SFC6143;GG35;Hönö;;Y;SFC6143;N;Y;Y;;;FX;;TBN, LHP;257.42;0.00;Fiber/Plastic;;2000-11-05;MFL;2000-01-01;;
SWE000008158;;SWE;;;1.31;0.00;0.00;;5.40;0.00;FENAN;SFC6141;YD53;Ystad;;Y;SFC6141;N;Y;N;;;FX;;GNS, LHP;18.38;0.00;Fiber/Plastic;;2000-11-01;MFL;1976-01-01;;2015-10-20
SWE000008159;;SWE;;;0.23;0.00;0.00;;5.20;0.00;No name;SFC6154;ON4;Greece;;Y;SFC6154;N;N;N;;;FX;;GNS;22.06;0.00;Fiber/Plastic;;2000-11-22;MFL;1976-01-01;;2005-05-08
SWE000008160;266150000;SWE;;;155.00;0.00;0.00;;21.96;0.00;SANDEFJORD;SLVG;GG781;Fotö;;Y;SLVG;Y;N;Y;8667347;;FX;;OTB;493.00;60.00;Metal;;2000-12-06;MFL;2000-01-01;;
SWE000008163;;SWE;;;0.80;0.00;0.00;;6.25;0.00;VIGGEN;SFC6160;ON5;Greece;;Y;SFC6160;N;;;;;FX;;GNS;5.88;0.00;Fiber/Plastic;;2000-11-29;MFL;1981-01-01;;2005-05-08
SWE000008165;265033780;SWE;;;7.53;0.00;0.00;;10.50;0.00;SANNA;SFC6168;HA70;Storön;;Y;SFC6168;N;Y;Y;;;FX;;GNS, OTB;136.03;0.00;Metal;;2000-12-17;MFL;1984-01-01;;
SWE000008166;265847000;SWE;;;457.00;0.00;0.00;;37.31;0.00;CARMONA;SMTI;GG330;Dyrön;;Y;SMTI;Y;N;N;;;FX;;OTM;1630.00;450.00;Metal;;2000-08-02;MFL;2000-01-01;;
SWE000008167;;SWE;;;10.18;0.00;0.00;;11.95;0.00;ANNA;SFC6169;HA44;Kalix;;Y;SFC6169;N;Y;N;;;FX;;PTB, GNS;154.41;0.00;Metal;;2000-12-17;MFL;1995-01-01;;
SWE000008171;;SWE;;;27.00;0.00;0.00;;14.40;0.00;LAGUN;SCDB;FG72;Bohus-Björkö;;Y;SCDB;Y;N;Y;;;FX;;OTB;350.00;0.00;Metal;;2000-11-13;MFL;1983-01-01;;2018-03-08
SWE000008173;265047000;SWE;;;484.00;0.00;0.00;;37.30;0.00;LÖVÖN;SMKD;GG505;Rönnäng;;Y;SMKD;Y;N;Y;9222390;;FX;;OTM, OTB;1599.00;588.24;Metal;;2000-06-25;MFL;2000-01-01;;
SWE000008174;;SWE;;;9.43;0.00;0.00;;9.65;0.00;JENNY;SFC6211;HG3;;;Y;SFC6211;N;;;;;FX;;GNS;66.18;0.00;Wood;;2001-02-20;MFL;1948-01-01;;2007-04-26
SWE000008175;;SWE;;;0.67;0.00;0.00;;5.00;0.00;VINTERLAND;SFC6213;VK8;Hasselö;;Y;SFC6213;N;Y;N;;;FX;;FPO;36.76;0.00;Fiber/Plastic;;2001-02-20;MFL;1973-01-01;;
SWE000008176;;SWE;;;41.00;0.00;0.00;;17.62;0.00;KOMPASS;SFNX;SN5;Vallvik;;Y;SFNX;Y;N;N;;;FX;;GNS, FPO;480.00;20.59;Metal;;2001-03-14;4M5;1976-01-01;;2001-08-16
SWE000008177;;SWE;;;6.87;0.00;0.00;;8.40;0.00;CUP;SFC6236;SD25;Fjällbacka;;Y;SFC6236;N;Y;N;;;FX;;FPO;70.59;0.00;Fiber/Plastic;;2001-03-22;MFL;1991-01-01;;2007-11-05
SWE000008179;;SWE;;;12.42;0.00;0.00;;11.70;0.00;BURÖ;SFC6265;LL550;Norra Grundsund;;Y;SFC6265;N;Y;N;;;FX;;FPO, PS;220.59;0.00;Fiber/Plastic;;2001-05-02;MFL;1996-01-01;;
SWE000008180;;SWE;;;1.11;0.00;0.00;;5.50;0.00;No name;SFC6233;HA6;Sören;;Y;SFC6233;N;Y;N;;;FX;;FPO, GNS;29.41;0.00;Fiber/Plastic;;2001-05-22;MFL;2001-01-01;;
SWE000008181;265037430;SWE;;;9.53;0.00;0.00;;9.97;0.00;FYRAN;SFC6295;LL325;Hunnebostrand;;Y;SFC6295;N;Y;Y;;;FX;;FPO, GND;183.82;0.00;Fiber/Plastic;;2001-05-31;MFL;1999-01-01;;
SWE000008182;265858000;SWE;;;713.00;0.00;0.00;;49.99;0.00;BRISTOL;SDQT;GG229;Göteborg;;Y;SDQT;Y;Y;Y;9214484;;FX;;OTM, OTB;1595.00;566.91;Metal;;2001-05-04;MFL;2001-01-01;;
SWE000008183;;SWE;;;2.49;0.00;0.00;;7.00;0.00;SVÄRTAN;SFC6283;GE46;Sikvik;;Y;SFC6283;N;Y;N;;;FX;;GNS;73.53;0.00;Fiber/Plastic;;2001-05-17;MFL;1999-01-01;;2003-05-23
SWE000008184;;SWE;;;0.88;0.00;0.00;;5.40;0.00;STREMBINGUR;SFC6284;GG1270;;;Y;SFC6284;N;;;;;FX;;GNS, GND;29.41;0.00;Fiber/Plastic;;2001-05-18;MFL;2001-01-01;;2017-10-12
SWE000008186;;SWE;;;1.11;0.00;0.00;;5.60;0.00;KNIPAN;SFC6282;GE45;Sikvik;;Y;SFC6282;N;Y;N;;;FX;;GNS, FPO;36.76;0.00;Fiber/Plastic;;2001-05-16;MFL;1980-01-01;;
SWE000008188;;SWE;;;2.31;0.00;0.00;;6.00;0.00;DARWIN;SFC6294;LL494;Grundsund;;Y;SFC6294;N;Y;N;;;FX;;FPO;29.41;0.00;Fiber/Plastic;;2001-05-29;MFL;1982-01-01;;2011-05-29
SWE000008189;;SWE;;;2.58;0.00;0.00;;7.98;0.00;SKANTIC;SFC6303;VY95;Herrvik;;Y;SFC6303;N;Y;N;;;FX;;GNS;22.06;0.00;Fiber/Plastic;;2001-06-05;MFL;1974-01-01;;
SWE000008190;;SWE;;;31.00;0.00;0.00;;14.63;0.00;KAIRO;SFOL;LL857;Smögen;;Y;SFOL;Y;N;N;;;FX;;OTB;243.00;0.00;Wood;;2001-06-29;MFL;1987-01-01;;
SWE000008192;;SWE;;;2.04;0.00;0.00;;6.20;0.00;No name;SFC6302;GG47;Rörö;;Y;SFC6302;N;Y;N;;;FX;;FPO, NO;63.00;0.00;Fiber/Plastic;;2001-06-05;MFL;2001-01-01;;
SWE000008193;;SWE;;;2.68;0.00;0.00;;8.40;0.00;VÄSTANVIND;SFC6334;GG155;Ölmanäs - Gårda Brygga;;Y;SFC6334;N;Y;N;;;FX;;FPO;88.24;0.00;Wood;;2001-06-28;MFL;1967-01-01;;2013-07-22
SWE000008194;265725520;SWE;;;5.10;0.00;0.00;;8.85;0.00;SVALAN;SFC6336;TG38;Smygehamn;;Y;SFC6336;N;Y;Y;;;FX;;GNS, LHP;41.18;0.00;Fiber/Plastic;;2001-06-28;MFL;2000-01-01;;2025-06-12
SWE000008196;;SWE;;;1.03;0.00;0.00;;6.53;0.00;LOUISE;SFC6342;KR4;Borgholm;;Y;SFC6342;N;Y;N;;;FX;;GNS;16.18;0.00;Wood;;2001-07-05;MFL;1965-01-01;;2009-01-16
SWE000008198;;SWE;;;1.66;0.00;0.00;;8.40;0.00;No name;SFC6322;GG54;Asperö;;Y;SFC6322;N;Y;N;;;FX;;FPO;80.88;0.00;Fiber/Plastic;;2001-06-19;MFL;1985-01-01;;2012-03-16
SWE000008200;265752900;SWE;;;4.86;0.00;0.00;;8.81;0.00;GLITTHAV;SFC6354;GG536;Vrångö;;Y;SFC6354;N;Y;Y;;;FX;;LHP, FPO;183.87;0.00;Fiber/Plastic;;2001-07-30;MFL;1984-01-01;;2024-10-26
SWE000008201;266388000;SWE;;;55.00;0.00;0.00;;14.95;0.00;TRISTAN AV RÖRÖ;SDLB;GG32;Öckerö;;Y;SDLB;Y;N;Y;;;FX;;OTB, NO;375.00;0.00;Metal;;2001-01-21;MFL;2001-01-01;;
SWE000008202;;SWE;;;2.84;0.00;0.00;;6.10;0.00;REBECKA;SFC6408;KN8;;;Y;SFC6408;N;;;;;FX;;GNS;11.00;0.00;Fiber/Plastic;;2001-10-17;MFL;1980-01-01;;2004-01-14
SWE000008203;;SWE;;;2.35;0.00;0.00;;6.25;0.00;BRIS;SFC6418;KN23;;;Y;SFC6418;N;N;N;;;FX;;GNS;8.82;0.00;Wood;;2001-11-14;4M1;1975-01-01;;2002-09-16
SWE000008204;;SWE;;;2.51;0.00;0.00;;8.00;0.00;JENDA II;SFC6422;GG107;;;Y;SFC6422;N;;;;;FX;;LTL, FPO;64.71;0.00;Fiber/Plastic;;2001-11-02;MFL;1981-01-01;;2005-01-01
SWE000008205;;SWE;;;5.61;0.00;0.00;;8.60;0.00;HALLAREN;SFC6430;LL625;Hasselösund;;Y;SFC6430;N;Y;N;;;FX;;LHP, FPO;45.59;0.00;Fiber/Plastic;;2001-12-14;MFL;1980-01-01;;2012-11-06
SWE000008206;;SWE;;;10.89;0.00;0.00;;10.99;0.00;ANNY;SFC6446;HG117;Råå;;Y;SFC6446;N;Y;N;;;FX;;GNS;117.00;0.00;Wood;;2002-01-27;MFL;2001-01-01;;
SWE000008207;265759460;SWE;;;13.85;0.00;0.00;;11.97;0.00;TÄRNSKÄR;SFC6451;SD991;Havstenssund;;Y;SFC6451;N;Y;Y;;;FX;;TBN, OTB;110.00;0.00;Metal;;2002-01-31;MFL;1986-01-01;;
SWE000008208;;SWE;;;2.05;0.00;0.00;;6.10;0.00;TRYGGÖ;SFC6459;SG153;Nogersund;;Y;SFC6459;N;Y;N;;;FX;;GNS, LHP;7.35;0.00;Fiber/Plastic;;2002-02-07;MFL;1973-01-01;;2008-11-06
SWE000008209;;SWE;;;11.36;0.00;0.00;;11.96;0.00;ASTERIX;SFC6469;VG4;Träslövsläge;;Y;SFC6469;N;N;N;;;FX;;GNS, LHP;330.88;0.00;Fiber/Plastic;;2002-02-05;MFL;2002-01-01;;2008-06-12
SWE000008210;;SWE;;;1.79;0.00;0.00;;5.90;0.00;LOUISE;SFC6471;KR99;Källahamn;;Y;SFC6471;N;Y;N;;;FX;;FPO, GNS;7.35;0.00;Wood;;2002-03-04;MFL;1972-01-01;;
SWE000008211;;SWE;;;1.09;0.00;0.00;;5.05;0.00;JERNET;SFC6126;SM13;"Sandhamn"", Värmdö";;Y;SFC6126;N;Y;N;;;FX;;FPO, GNS;44.00;0.00;Metal;;2000-10-10;MFL;1987-01-01;;2021-03-15
SWE000008213;;SWE;;;10.47;0.00;0.00;;9.60;0.00;SOLBRIS;SFC6501;VY5;;;Y;SFC6501;N;;;;;FX;;GNS;52.00;0.00;Wood;;2002-04-11;MFL;1950-01-01;;2016-11-07
SWE000008214;;SWE;;;1.48;0.00;0.00;;5.65;0.00;INGRID;SFC6497;TG5;;;Y;SFC6497;N;;;;;FX;;GNS;10.00;0.00;Fiber/Plastic;;2002-04-10;MFL;1995-01-01;;2016-05-20
SWE000008215;266384000;SWE;;;50.00;0.00;0.00;;14.99;0.00;SAGA;SJVC;GG580;Hönö;;Y;SJVC;Y;N;Y;;;FX;;OTB, TBN;346.00;0.00;Metal;;1999-05-03;MFL;1999-01-01;;
SWE000008216;;SWE;;;3.53;0.00;0.00;;7.80;0.00;No name;SFC6575;LL622;Kåröd;;Y;SFC6575;N;Y;N;;;FX;;FPO, NK;147.00;0.00;Fiber/Plastic;;2002-06-20;MFL;2002-01-01;;2013-02-04
SWE000008217;;SWE;;;0.85;0.00;0.00;;5.60;0.00;LINA;SFC6558;KN6;Karlshamn-Vägga;;Y;SFC6558;N;Y;N;;;FX;;FPO, GNS;5.15;0.00;Fiber/Plastic;;2002-06-05;MFL;1972-01-01;;2024-01-07
SWE000008218;;SWE;;;4.54;0.00;0.00;;7.30;0.00;BARE;SFC6570;GG1001;;;Y;SFC6570;N;N;N;;;FX;;FPO;26.47;0.00;Wood;;2002-06-13;MFL;1965-01-01;;2014-05-21
SWE000008219;265799080;SWE;;;10.84;0.00;0.00;;10.35;0.00;SKALMAN;SFC6559;GG41;Vrångö;;Y;SFC6559;N;Y;Y;;;FX;;FPO;294.12;0.00;Fiber/Plastic;;2002-06-04;MFL;2002-01-01;;
SWE000008220;;SWE;;;1.15;0.00;0.00;;5.54;0.00;No name;SFC6592;KR49;Källahamn;;Y;SFC6592;N;Y;N;;;FX;;FPO, GNS;36.76;0.00;Fiber/Plastic;;2002-07-01;MFL;1985-01-01;;
SWE000008221;265630670;SWE;;;10.87;0.00;0.00;;11.90;0.00;NORRLAND;SFC6604;GG740;Klädesholmen;;Y;SFC6604;N;N;Y;;;FX;;GTR, FPO;242.65;0.00;Fiber/Plastic;;2002-07-12;MFL;2002-01-01;;2021-08-03
SWE000008222;;SWE;;;1.39;0.00;0.00;;6.80;0.00;JOSEFINA;SFC6563;GG37;;;Y;SFC6563;N;;;;;FX;;FPO;40.44;0.00;Fiber/Plastic;;2002-06-06;MFL;1980-01-01;;2007-10-09
SWE000008223;;SWE;;;0.85;0.00;0.00;;5.60;0.00;No name;SFC6612;GG256;;;Y;SFC6612;N;N;N;;;FX;;GNS;18.38;0.00;Fiber/Plastic;;2002-07-30;MFL;1983-01-01;;2006-10-02
SWE000008225;;SWE;;;6.89;0.00;0.00;;9.75;0.00;HILD;SFC6611;HG79;"Viken"", Höganäs";;Y;SFC6611;N;Y;N;;;FX;;FPO, GNS;21.32;0.00;Wood;;2002-07-29;MFL;1964-01-01;;
SWE000008227;;SWE;;;2.88;0.00;0.00;;7.47;0.00;BIRGIT;SFC6627;GG121;Rörö;;Y;SFC6627;N;Y;N;;;FX;;FPO, GND;162.00;0.00;Fiber/Plastic;;2002-08-20;MFL;2001-01-01;;
SWE000008228;;SWE;;;4.73;0.00;0.00;;8.70;0.00;No name;SFC5818;GG9;Donsö;;Y;SFC5818;N;N;N;;;FX;;FPO, LTL;147.06;0.00;Fiber/Plastic;;1999-08-24;MFL;1993-01-01;;2007-09-10
SWE000008229;;SWE;;;3.71;0.00;0.00;;7.40;0.00;SVANEN;SFC6647;GG48;Rönnäng;;Y;SFC6647;N;Y;N;;;FX;;FPO, LTL;16.18;0.00;Wood;;2002-09-19;MFL;1969-01-01;;2007-12-17
SWE000008230;;SWE;;;1.33;0.00;0.00;;6.00;0.00;No name;SFC6620;HA31;Båtskärsnäs;;Y;SFC6620;N;Y;N;;;FX;;FPO;44.12;0.00;Fiber/Plastic;;2002-08-13;MFL;1985-01-01;;
SWE000008231;;SWE;;;0.72;0.00;0.00;;5.40;0.00;No name;SFC6659;UA15;;;Y;SFC6659;N;N;N;;;FX;;FPO;29.41;0.00;Fiber/Plastic;;2002-10-03;MFL;1975-01-01;;2004-06-20
SWE000008233;;SWE;;;1.49;0.00;0.00;;7.00;0.00;SIDON;SFC6653;LL8;Grundsund;;Y;SFC6653;N;Y;N;;;FX;;FPO, LTL;16.18;0.00;Wood;;2002-09-25;MFL;1970-01-01;;2015-05-19
SWE000008234;;SWE;;;2.86;0.00;0.00;;6.00;0.00;JULIA;SFC6668;KN9;Ronneby;;Y;SFC6668;N;Y;N;;;FX;;GNS;16.18;0.00;Wood;;2002-10-22;MFL;1969-01-01;;2004-10-27
SWE000008235;;SWE;;;0.34;0.00;0.00;;5.36;0.00;CARINA;SFC6662;LL118;Mollösund;;Y;SFC6662;N;Y;N;;;FX;;FPO;36.76;0.00;Fiber/Plastic;;2002-10-10;MFL;1979-01-01;;2018-08-14
SWE000008238;;SWE;;;3.39;0.00;0.00;;8.00;0.00;VIKING;SFC6687;SM5;Fälön;;Y;SFC6687;N;N;N;;;FX;;GNS;14.71;0.00;Wood;;2002-11-29;MFL;1958-01-01;;2004-10-06
SWE000008239;;SWE;;;2.62;0.00;0.00;;6.30;0.00;PORTLAND;SFC6698;GG708;Rönnäng;;Y;SFC6698;N;Y;N;;;FX;;FPO;84.56;0.00;Fiber/Plastic;;2002-12-16;MFL;2001-01-01;;2018-08-09
SWE000008240;;SWE;;;4.38;0.00;0.00;;8.90;0.00;MARIE;SFC6706;MÖ6;;;Y;SFC6706;N;;;;;FX;;GTR, LHP;22.06;0.00;Fiber/Plastic;;2003-01-14;MFL;1974-01-01;;2011-07-07
SWE000008242;;SWE;;;5.65;0.00;0.00;;8.40;0.00;MONICA;SFC6703;FG4;Glommen;;Y;SFC6703;N;Y;N;;;FX;;LTL, FPO;102.94;0.00;Fiber/Plastic;;2003-01-03;MFL;1998-01-01;;2013-07-17
SWE000008243;;SWE;;;0.75;0.00;0.00;;4.60;0.00;MONSUN;SFC6705;SD280;;;Y;SFC6705;N;N;N;;;FX;;FPO, LTL;29.42;0.00;Fiber/Plastic;;2003-01-08;MFL;2002-01-01;;2018-06-01
SWE000008244;266011000;SWE;;;272.00;0.00;0.00;;33.34;0.00;WESTERÖ AV HÖNÖ;SMZN;GG398;Hönö;;Y;SMZN;Y;Y;Y;6815639;;FX;;OTB, TBN;735.00;220.59;Metal;;2002-12-02;MFL;1968-01-01;;2023-05-30
SWE000008245;;SWE;;;3.04;0.00;0.00;;6.16;0.00;LYANA;SFC6728;SG48;Lörby Kladd;;Y;SFC6728;N;Y;N;;;FX;;GNS, LHP;20.59;0.00;Fiber/Plastic;;2003-02-07;MFL;1980-01-01;;2012-06-23
SWE000008246;;SWE;;;2.18;0.00;0.00;;8.00;0.00;HURTIG;SFC6713;GG6;;;Y;SFC6713;N;;;;;FX;;LTL, FPO;117.65;0.00;Fiber/Plastic;;2003-01-28;MFL;1991-01-01;;2007-02-20
SWE000008247;;SWE;;;10.04;0.00;0.00;;10.60;0.00;EWA;SFC6688;GG111;Lerkil;;Y;SFC6688;N;Y;N;;;FX;;FPO;69.85;0.00;Wood;;2002-11-29;MFL;1946-01-01;;2006-09-09
SWE000008249;;SWE;;;4.11;0.00;0.00;;8.81;0.00;MARIANNE;SFC6695;GG1773;;;Y;SFC6695;N;;;;;FX;;FPO;139.71;0.00;Fiber/Plastic;;2002-12-13;MFL;2002-01-01;;2013-09-17
SWE000008251;;SWE;;;1.87;0.00;0.00;;6.99;0.00;SANDRA;SFC6701;GG199;Rörö;;Y;SFC6701;N;N;N;;;FX;;FPO;110.29;0.00;Fiber/Plastic;;2002-12-20;MFL;2000-01-01;;2006-07-08
SWE000008252;;SWE;;;1.15;0.00;0.00;;5.50;0.00;ANNIE;SFC6720;SG111;;;Y;SFC6720;N;;;;;FX;;GNS, FPO;22.06;0.00;Fiber/Plastic;;2003-01-30;MFL;2002-01-01;;2004-12-14
SWE000008253;;SWE;;;3.04;0.00;0.00;;7.50;0.00;TÄRNAN;SFC6690;SM90;Torö;;Y;SFC6690;N;Y;N;;;FX;;FPO;232.00;0.00;Fiber/Plastic;;2002-12-01;MFL;2002-01-01;;
SWE000008254;;SWE;;;1.09;0.00;0.00;;5.36;0.00;No name;SFC6735;GE120;Gävle;;Y;SFC6735;N;Y;N;;;FX;;FPO, GNS;22.71;0.00;Fiber/Plastic;;2003-02-18;MFL;1977-01-01;;
SWE000008255;;SWE;;;10.27;0.00;0.00;;10.85;0.00;BONITA;SFC6723;YD14;;;Y;SFC6723;N;N;N;;;FX;;GNS;132.35;0.00;Fiber/Plastic;;2003-02-07;MFL;2001-01-01;;2021-03-17
SWE000008256;;SWE;;;0.79;0.00;0.00;;6.05;0.00;KARIN SJU;SFC6725;UÅ6;Obbola;;Y;SFC6725;N;Y;N;;;FX;;FPO, GNS;29.41;0.00;Fiber/Plastic;;2003-02-06;MFL;1989-01-01;;
SWE000008257;;SWE;;;1.17;0.00;0.00;;5.45;0.00;No name;SFC6741;KA1;;;Y;SFC6741;N;N;N;;;FX;;FPO, GNS;7.35;0.00;Fiber/Plastic;;2003-02-25;MFL;1974-01-01;;2009-12-04
SWE000008258;;SWE;;;1.11;0.00;0.00;;5.60;0.00;No name;SFC6742;KA25;Sturkö;;Y;SFC6742;N;Y;N;;;FX;;GNS, LHP;13.24;0.00;Fiber/Plastic;;2003-02-27;MFL;1970-01-01;;
SWE000008259;;SWE;;;2.61;0.00;0.00;;7.20;0.00;MULTEX;SFC6754;MÖ15;;;Y;SFC6754;N;N;N;;;FX;;GNS, NO;22.06;0.00;Wood;;2003-03-10;MFL;1952-01-01;;2007-01-04
SWE000008260;265710440;SWE;;;2.07;0.00;0.00;;6.70;0.00;ENSKÄR;SFC6763;GG849;Rörö;;Y;SFC6763;N;Y;Y;;;FX;;GND, FPO;162.00;0.00;Fiber/Plastic;;2003-03-18;MFL;1998-01-01;;2023-03-07
SWE000008261;;SWE;;;2.42;0.00;0.00;;6.43;0.00;IDA;SFC6759;KA187;"Aspö"", Karlskrona";;Y;SFC6759;N;Y;N;;;FX;;GNS;18.38;0.00;Fiber/Plastic;;2003-03-13;MFL;2003-01-01;;
SWE000008262;;SWE;;;1.43;0.00;0.00;;5.50;0.00;KARIN;SFC6810;;Lysekil;;Y;SFC6810;N;Y;N;;;FX;;FPO;51.00;0.00;Fiber/Plastic;;2003-05-07;MFL;2002-01-01;;2016-06-27
SWE000008263;;SWE;;;1.02;0.00;0.00;;5.36;0.00;ANDREA;SFC6819;GG1435;Öckerö;;Y;SFC6819;N;Y;N;;;FX;;FPO, GND;29.41;0.00;Fiber/Plastic;;2003-05-13;MFL;1983-01-01;;2009-05-26
SWE000008264;;SWE;;;1.41;0.00;0.00;;5.40;0.00;BÅTSKÄR;SFC6820;HA15;;;Y;SFC6820;N;;;;;FX;;FPO;51.47;0.00;Fiber/Plastic;;2003-05-13;MFL;2002-01-01;;2008-02-23
SWE000008265;;SWE;;;0.46;0.00;0.00;;5.95;0.00;SJÖBLOMSTER;SFC6822;LA48;Borstahusen;;Y;SFC6822;N;Y;N;;;FX;;FPO, GNS;13.24;0.00;Fiber/Plastic;;2003-05-13;MFL;1985-01-01;;2024-02-13
SWE000008266;;SWE;;;1.39;0.00;0.00;;5.60;0.00;MARIANELLA;SFC6839;VG44;;;Y;SFC6839;N;N;N;;;FX;;FPO;29.41;0.00;Fiber/Plastic;;2003-05-21;MFL;2003-01-01;;2007-09-10
SWE000008267;;SWE;;;0.84;0.00;0.00;;5.30;0.00;EROS;SFC6826;GG49;;;Y;SFC6826;N;;;;;FX;;FPO;22.06;0.00;Fiber/Plastic;;2003-05-15;MFL;1988-01-01;;2004-11-23
SWE000008269;;SWE;;;5.40;0.00;0.00;;9.27;0.00;ÄRAN;SFC6849;LA338;Bäckviken;;Y;SFC6849;N;Y;N;;;FX;;GNS, FPO;97.79;0.00;Fiber/Plastic;;2003-06-03;MFL;1988-01-01;;
SWE000008270;;SWE;;;1.26;0.00;0.00;;6.10;0.00;No name;SFC6836;HL19;Fjäle;;Y;SFC6836;N;Y;N;;;FX;;GNS;29.41;0.00;Fiber/Plastic;;2003-05-20;MFL;1978-01-01;;
SWE000008271;;SWE;;;0.77;0.00;0.00;;6.00;0.00;SVÄRTAN;SFC6843;GE46;Sikvik;;Y;SFC6843;N;Y;N;;;FX;;GNS, FPO;36.00;0.00;Fiber/Plastic;;2003-05-22;MFL;2001-01-01;;
SWE000008272;;SWE;;;3.17;0.00;0.00;;8.70;0.00;No name;SFC6857;SM20;"Munkvik"", Rödlöga";;Y;SFC6857;N;Y;N;;;FX;;FPO, GNS;161.76;0.00;Fiber/Plastic;;2003-06-13;MFL;1990-01-01;;2012-03-24
SWE000008275;;SWE;;;0.47;0.00;0.00;;6.00;0.00;MJÖLNER;SFC6870;SM26;;;Y;SFC6870;N;;;;;FX;;GNS;11.03;0.00;Wood;;2003-06-25;MFL;1964-01-01;;2005-04-09
SWE000008276;;SWE;;;7.70;0.00;0.00;;8.20;0.00;INGRID;SFC6881;SM334;;;Y;SFC6881;N;;;;;FX;;GNS;132.35;0.00;Fiber/Plastic;;2003-06-26;MFL;1985-01-01;;2006-05-18
SWE000008277;;SWE;;;1.40;0.00;0.00;;6.05;0.00;CAROLA III;SFC6874;SD97;;;Y;SFC6874;N;N;N;;;FX;;FPO, GND;11.76;0.00;Wood;;2003-06-25;MFL;1945-01-01;;2018-09-29
SWE000008278;;SWE;;;1.41;0.00;0.00;;5.36;0.00;No name;SFC6878;UÅ71;Bjuröklubb;;Y;SFC6878;N;Y;N;;;FX;;GNS;22.06;0.00;Fiber/Plastic;;2003-06-25;MFL;1975-01-01;;
SWE000008279;;SWE;;;1.53;0.00;0.00;;5.75;0.00;HILDA;SFC6887;ÅS10;Åhus;;Y;SFC6887;N;Y;N;;;FX;;LHP, GNS;54.41;0.00;Fiber/Plastic;;2003-07-02;MFL;1989-01-01;;2023-05-19
SWE000008280;;SWE;;;18.46;0.00;0.00;;11.95;0.00;MAJESTY;SFC6898;ÅS11;Åhus;;Y;SFC6898;N;N;N;;;FX;;GNS, LHP;352.94;0.00;Fiber/Plastic;;2003-07-10;MFL;2002-01-01;;2023-05-19
SWE000008284;;SWE;;;0.77;0.00;0.00;;6.05;0.00;No name;SFC6902;HA14;;;Y;SFC6902;N;N;N;;;FX;;FPO, GNS;56.00;0.00;Fiber/Plastic;;2003-07-11;MFL;2003-01-01;;2019-01-06
SWE000008285;;SWE;;;1.11;0.00;0.00;;5.30;0.00;No name;SFC6908;GE29;Gåsholma;;Y;SFC6908;N;Y;N;;;FX;;FPO, GNS;22.06;0.00;Fiber/Plastic;;2003-07-20;MFL;1992-01-01;;
SWE000008287;;SWE;;;2.54;0.00;0.00;;7.00;0.00;DELFIN;SFC6919;VY13;;;Y;SFC6919;N;;;;;FX;;GNS;16.18;0.00;Wood;;2003-07-30;MFL;1973-01-01;;2005-07-01
SWE000008288;;SWE;;;1.13;0.00;0.00;;6.10;0.00;EMMA-SELMA;SFC6940;LA337;Bäckviken;;Y;SFC6940;N;Y;N;;;FX;;FPO, GNS;29.42;0.00;Fiber/Plastic;;2003-08-25;MFL;1979-01-01;;
SWE000008289;;SWE;;;16.61;0.00;0.00;;11.36;0.00;BELTANA;SFC6944;SG30;Hanö;;Y;SFC6944;N;N;N;;;FX;;GNS, LHP;120.00;0.00;Metal;;2003-08-28;MFL;2003-01-01;;2015-03-10
SWE000008290;;SWE;;;0.98;0.00;0.00;;6.20;0.00;DEBBORAH;SFC6931;VK7;Händelöp;;Y;SFC6931;N;N;N;;;FX;;GNS, FPO;16.18;0.00;Fiber/Plastic;;2003-08-15;MFL;1985-01-01;;2004-03-20
SWE000008291;;SWE;;;1.76;0.00;0.00;;6.10;0.00;DELFIN;SFC6933;KA8;Senoren;;Y;SFC6933;N;Y;N;;;FX;;GNS;16.18;0.00;Fiber/Plastic;;2003-08-15;MFL;1980-01-01;;2011-01-30
SWE000008293;;SWE;;;1.99;0.00;0.00;;7.30;0.00;CARRO;SFC6952;GG50;;;Y;SFC6952;N;;;;;FX;;FPO, LTL;85.29;0.00;Fiber/Plastic;;2003-09-11;MFL;2003-01-01;;2006-11-01
SWE000008294;;SWE;;;2.90;0.00;0.00;;6.99;0.00;HANSÖ;SFC6945;GG1185;;;Y;SFC6945;N;;;;;FX;;LTL, FPO;110.29;0.00;Fiber/Plastic;;2003-08-29;MFL;2003-01-01;;2011-01-20
SWE000008295;;SWE;;;0.93;0.00;0.00;;5.40;0.00;AGNETA;SFC6962;GG23;Billdal;;Y;SFC6962;N;Y;N;;;FX;;GNS, GND;14.71;0.00;Fiber/Plastic;;2003-10-01;MFL;2002-01-01;;2016-10-15
SWE000008297;;SWE;;;6.43;0.00;0.00;;9.36;0.00;MARIANNE;SFC6963;LA4;;;Y;SFC6963;N;N;N;;;FX;;GTR, GNS;148.53;0.00;Fiber/Plastic;;2003-10-02;MFL;1978-01-01;;
SWE000008299;;SWE;;;1.39;0.00;0.00;;5.60;0.00;NATALIE;SFC6975;SG79;;;Y;SFC6975;N;;;;;FX;;GTR, GNS;36.76;0.00;Fiber/Plastic;;2003-10-28;MFL;2003-01-01;;2014-02-14
SWE000008301;265536090;SWE;;;32.00;0.00;0.00;;11.99;0.00;MARIE;SFC6970;GG70;Rörö;;Y;SFC6970;N;Y;Y;;;FX;;OTB, PS;294.12;0.00;Fiber/Plastic;;2003-11-03;MFL;2003-01-01;;
SWE000008302;;SWE;;;1.09;0.00;0.00;;5.30;0.00;ÖRNVIK;SFC6968;YD1;Abbekås;;Y;SFC6968;N;Y;N;;;FX;;FPO, GNS;14.71;0.00;Fiber/Plastic;;2003-10-22;MFL;1979-01-01;;2024-10-17
SWE000008303;;SWE;;;3.09;0.00;0.00;;9.00;0.00;EMMA;SFC6978;GG403;;;Y;SFC6978;N;N;N;;;FX;;FPO, GND;26.00;0.00;Fiber/Plastic;;2003-11-07;MFL;1989-01-01;;2004-09-04
SWE000008304;;SWE;;;1.08;0.00;0.00;;6.00;0.00;SARA;SFC6982;GG1201;;;Y;SFC6982;N;N;N;;;FX;;GNS, FPO;33.09;0.00;Fiber/Plastic;;2003-11-25;MFL;1988-01-01;;2006-06-15
SWE000008305;;SWE;;;0.85;0.00;0.00;;5.60;0.00;ÅSA;SFC6984;LL5;Stenungsund;;Y;SFC6984;N;Y;N;;;FX;;FPO, GND;26.47;0.00;Fiber/Plastic;;2003-11-27;MFL;2003-01-01;;
SWE000008307;265586020;SWE;;;32.00;0.00;0.00;;11.99;0.00;SIGNORA;SFC6994;GG773;Fotö;;Y;SFC6994;N;Y;Y;;;FX;;OTB, TBN;294.12;22.06;Fiber/Plastic;;2003-12-15;MFL;2003-01-01;;
SWE000008308;;SWE;;;2.83;0.00;0.00;;7.50;0.00;MOSE;SFC6997;GG97;;;Y;SFC6997;N;;;;;FX;;FPO;62.50;0.00;Fiber/Plastic;;2003-12-19;MFL;1983-01-01;;2009-01-02
SWE000008309;;SWE;;;2.49;0.00;0.00;;7.00;0.00;KICKI;SFC6998;LL91;Lysekil;;Y;SFC6998;N;N;N;;;FX;;FPO;22.06;0.00;Fiber/Plastic;;2003-12-30;MFL;1963-01-01;;2005-04-04
SWE000008310;;SWE;;;0.91;0.00;0.00;;5.65;0.00;JULA;SFC7000;SM11;Torö;;Y;SFC7000;N;Y;N;;;FX;;FPO, GNS;36.76;0.00;Fiber/Plastic;;2003-12-30;MFL;1976-01-01;;2023-04-21
SWE000008311;;SWE;;;1.40;0.00;0.00;;5.60;0.00;CHRISTINA;SFC7004;GE67;Fagerviken;;Y;SFC7004;N;Y;N;;;FX;;GNS;36.76;0.00;Fiber/Plastic;;2004-01-15;MFL;1979-01-01;;2022-03-29
SWE000008313;;SWE;;;0.33;0.00;0.00;;5.40;0.00;MARCONI;SFC5515;GG223;Rönnäng;;Y;SFC5515;N;Y;N;;;FX;;FPO;44.13;0.00;Fiber/Plastic;;1998-06-12;MFL;1982-01-01;;2013-12-01
SWE000008314;;SWE;;;1.34;0.00;0.00;;6.10;0.00;No name;SFC7009;HL17;;;Y;SFC7009;N;N;N;;;FX;;GNS;18.38;0.00;Fiber/Plastic;;2004-01-22;MFL;1995-01-01;;
SWE000008317;266109000;SWE;;;356.00;0.00;0.00;;39.69;0.00;SILVERFORS;SBOM;VG161;Träslövsläge;;Y;SBOM;Y;N;N;;;FX;;OTM;667.00;485.43;Metal;;2004-02-25;MFL;1967-01-01;;
SWE000008318;;SWE;;;3.03;0.00;0.00;;9.10;0.00;ROKARD;SFC7039;GG55;;;Y;SFC7039;N;N;N;;;FX;;GNS, GND;161.76;0.00;Fiber/Plastic;;2004-03-29;MFL;1991-01-01;;2007-12-28
SWE000008319;;SWE;;;514.00;0.00;0.00;;39.78;0.00;AHLMA AV ÖNNERED;SFKE;GG206;Önnered;;Y;SFKE;Y;N;Y;8741416;;FX;;OTM, NO;1600.00;640.00;Metal;;2004-01-27;MFL;2003-01-01;;
SWE000008320;;SWE;;;0.13;0.00;0.00;;4.65;0.00;LOVISA;SFC7062;GG81;;;Y;SFC7062;N;;;;;FX;;GND, GNS;18.39;0.00;Fiber/Plastic;;2004-04-20;MFL;1995-01-01;;2016-08-05
SWE000008322;;SWE;;;0.93;0.00;0.00;;5.95;0.00;No name;SFC7106;UÅ4;Ostön;;Y;SFC7106;N;N;N;;;FX;;FPO, GNS;22.06;0.00;Fiber/Plastic;;2004-05-14;MFL;1990-01-01;;2005-05-02
SWE000008323;;SWE;;;0.43;0.00;0.00;;5.52;0.00;No name;SFC7089;SD34;Krossekärr;;Y;SFC7089;N;Y;N;;;FX;;FPO;16.00;0.00;Wood;;2004-05-05;MFL;1957-01-01;;2018-08-09
SWE000008324;;SWE;;;1.04;0.00;0.00;;6.05;0.00;No name;SFC7056;GE74;Skutskär;;Y;SFC7056;N;Y;N;;;FX;;FPO, GNS;36.76;0.00;Fiber/Plastic;;2004-04-15;MFL;1980-01-01;;2021-02-09
SWE000008325;;SWE;;;2.22;0.00;0.00;;7.30;0.00;SILLA;SFC7060;VY6;Slite;;Y;SFC7060;N;Y;N;;;FX;;GNS;22.00;0.00;Fiber/Plastic;;2004-04-19;MFL;1985-01-01;;2018-12-07
SWE000008326;;SWE;;;5.83;0.00;0.00;;8.80;0.00;KARIN;SFC7071;LL38;Käringön;;Y;SFC7071;N;Y;N;;;FX;;FPO, LTL;22.00;0.00;Fiber/Plastic;;2004-04-21;MFL;1970-01-01;;
SWE000008327;266378000;SWE;;;19.00;0.00;0.00;;12.35;0.00;NIPPON;SCFD;SD475;Strömstad;;Y;SCFD;Y;N;Y;;;FX;;OTB;165.00;0.00;Wood;;2004-05-05;MFL;1932-01-01;;
SWE000008328;;SWE;;;12.00;0.00;0.00;;12.99;0.00;VEGAS;SCDY;NG2;Oxelösund;;Y;SCDY;Y;N;N;;;FX;;OTB;193.00;0.00;Metal;;2004-04-27;MFL;1982-01-01;;
SWE000008330;;SWE;;;0.95;0.00;0.00;;5.40;0.00;TUA;SFC7142;GG730;Billdal;;Y;SFC7142;N;Y;N;;;FX;;FPO;22.06;0.00;Fiber/Plastic;;2004-06-03;MFL;2004-01-01;;2013-02-14
SWE000008331;;SWE;;;1.57;0.00;0.00;;6.10;0.00;KITTY;SFC7154;KA40;;;Y;SFC7154;N;;;;;FX;;GNS;16.18;0.00;Fiber/Plastic;;2004-06-15;MFL;1987-01-01;;2004-10-25
SWE000008393;;SWE;;;1.07;0.00;0.00;;6.05;0.00;ARKEN;SFC5781;VK82;Björkö;;Y;SFC5781;N;Y;N;;;FX;;FPO, GNS;11.03;0.00;Fiber/Plastic;;1999-06-28;MFL;1985-01-01;;2022-09-10
SWE000008408;265018000;SWE;;;56.00;0.00;0.00;;18.38;0.00;SEILAND;SIJU;VY23;Slite;;Y;SIJU;Y;N;Y;;;FX;;OTM, GNS;269.00;0.00;Metal;;1995-07-12;MFL;1989-01-01;;
SWE000008414;266413000;SWE;;;19.00;0.00;0.00;;14.73;0.00;TUNA CLIPPER;SGDM;GG164;Rörö;;Y;SGDM;Y;N;Y;;;FX;;PS, LHP;680.00;0.00;Fiber/Plastic;;2000-11-23;MFL;2000-01-01;;2013-12-23
SWE000008440;;SWE;;;7.86;0.00;0.00;;11.40;0.00;MARTINA;SFC7166;GG292;;;Y;SFC7166;N;N;N;;;FX;;FPO;316.18;0.00;Fiber/Plastic;;2004-06-22;MFL;2004-01-01;;
SWE000008441;;SWE;;;0.37;0.00;0.00;;5.40;0.00;No name;SFC7164;UÅ58;Ivarsboda;;Y;SFC7164;N;Y;N;;;FX;;GNS;18.38;0.00;Fiber/Plastic;;2004-06-23;MFL;2004-01-01;;
SWE000008442;;SWE;;;252.00;0.00;0.00;;29.77;0.00;VINGASKÄR AV STYRSÖ;SCPZ;GG500;"Sandvik"", Styrsö";;Y;SCPZ;Y;N;Y;8702757;;FX;;OTM, OTB;480.00;120.00;Metal;;2004-06-24;MFL;1987-01-01;;
SWE000008443;;SWE;;;1.41;0.00;0.00;;6.60;0.00;MAZY;SFC7205;GG111;;;Y;SFC7205;N;N;N;;;FX;;FPO;36.76;0.00;Fiber/Plastic;;2004-08-04;MFL;1988-01-01;;2004-09-24
SWE000008445;;SWE;;;1.37;0.00;0.00;;6.07;0.00;No name;SFC7213;GE95;Bönan;;Y;SFC7213;N;Y;N;;;FX;;FPO, GNS;36.76;0.00;Fiber/Plastic;;2004-08-06;MFL;2004-01-01;;2020-04-21
SWE000008446;;SWE;;;3.39;0.00;0.00;;8.70;0.00;ODEN;SFC7203;HD4;Halmstad;;Y;SFC7203;N;Y;N;;;FX;;GNS;18.38;0.00;Fiber/Plastic;;2004-07-28;MFL;1985-01-01;;2012-06-26
SWE000008448;;SWE;;;0.47;0.00;0.00;;5.20;0.00;No name;SFC7217;UÅ21;Gladaviken;;Y;SFC7217;N;Y;N;;;FX;;GNS, FPO;4.41;0.00;Fiber/Plastic;;2004-08-17;MFL;1970-01-01;;2013-05-17
SWE000008449;;SWE;;;3.26;0.00;0.00;;10.50;0.00;KAVERIS;SFC7181;GE62;Norrsundet;;Y;SFC7181;N;Y;N;;;FX;;GNS;152.00;0.00;Fiber/Plastic;;2004-07-06;MFL;2003-01-01;;
SWE000008451;;SWE;;;4.61;0.00;0.00;;9.50;0.00;SERENA;SFC7247;SM41;Herräng;;Y;SFC7247;N;Y;N;;;FX;;GNS;88.00;0.00;Fiber/Plastic;;2004-09-27;MFL;1993-01-01;;
SWE000008452;;SWE;;;1.64;0.00;0.00;;7.00;0.00;JENNA;SFC7246;GG79;Hönö-Röd;;Y;SFC7246;N;Y;N;;;FX;;FPO;35.29;0.00;Fiber/Plastic;;2004-09-28;MFL;1979-01-01;;2013-05-14
SWE000008453;;SWE;;;1.89;0.00;0.00;;7.50;0.00;ZENTORA;SFC7253;GG940;;;Y;SFC7253;N;;;;;FX;;GNS, FPO;22.06;0.00;Fiber/Plastic;;2004-10-08;MFL;2000-01-01;;2005-02-12
SWE000008454;265737300;SWE;;;6.04;0.00;0.00;;9.90;0.00;KLIJONI;SFC7241;SD199;Nord-Koster;;Y;SFC7241;N;Y;Y;;;FX;;FPO, LTL;152.00;0.00;Metal;;2004-09-13;MFL;2004-01-01;;
SWE000008455;;SWE;;;1.92;0.00;0.00;;7.02;0.00;No name;SFC7220;PÅ6;Piteå;;Y;SFC7220;N;Y;N;;;FX;;FPO, GNS;44.13;0.00;Fiber/Plastic;;2004-08-17;MFL;2004-01-01;;
SWE000008456;;SWE;;;0.62;0.00;0.00;;4.90;0.00;No name;SFC7249;GG362;Öckerö;;Y;SFC7249;N;Y;N;;;FX;;FPO;29.42;0.00;Fiber/Plastic;;2004-10-08;MFL;1995-01-01;;2014-05-28
SWE000008457;;SWE;;;1.48;0.00;0.00;;6.10;0.00;No name;SFC7261;UÅ17;;;Y;SFC7261;N;N;N;;;FX;;GNS;37.00;0.00;Fiber/Plastic;;2004-10-26;MFL;2004-01-01;;2019-05-17
SWE000008458;;SWE;;;3.66;0.00;0.00;;8.30;0.00;SIDON;SFC7271;GG378;Fotö;;Y;SFC7271;N;Y;N;;;FX;;FPO;120.00;0.00;Fiber/Plastic;;2004-11-04;MFL;1996-01-01;;2010-08-19
SWE000008459;;SWE;;;4.31;0.00;0.00;;9.50;0.00;KÄRINGA;SFC7259;GG103;Fotö;;Y;SFC7259;N;Y;N;;;FX;;FPO, LHP;110.29;0.00;Fiber/Plastic;;2004-10-24;MFL;1986-01-01;;
SWE000008461;;SWE;;;4.34;0.00;0.00;;9.50;0.00;WESTBANK;SFC7285;GG341;Öckerö;;Y;SFC7285;N;Y;N;;;FX;;FPO;196.00;0.00;Fiber/Plastic;;2004-12-06;MFL;2002-01-01;;
SWE000008462;265674430;SWE;;;13.63;0.00;0.00;;10.50;0.00;SOLVÅG;SFC7281;GG146;Rönnäng;;Y;SFC7281;N;Y;Y;;;FX;;GTR, FPO;163.00;0.00;Metal;;2004-11-11;MFL;2004-01-01;;
SWE000008463;;SWE;;;4.94;0.00;0.00;;7.80;0.00;MILIA;SFC7286;SD4;Hamburgsund;;Y;SFC7286;N;Y;N;;;FX;;TBN, OTB;63.00;0.00;Wood;;2004-11-26;MFL;1963-01-01;;2020-02-13
SWE000008466;266404000;SWE;;;19.00;0.00;0.00;;12.21;0.00;GRYNING;SJOD;SD539;Nord-Koster;;Y;SJOD;Y;N;Y;;;FX;;OTB;218.00;0.00;Wood;;2004-12-15;MFL;1978-01-01;;2022-09-23
SWE000008468;;SWE;;;2.14;0.00;0.00;;7.00;0.00;ANNIE;SFC7292;GG724;Rörö;;Y;SFC7292;N;Y;N;;;FX;;GNS;95.59;0.00;Fiber/Plastic;;2004-12-08;MFL;2004-01-01;;2008-10-10
SWE000008473;;SWE;;;2.93;0.00;0.00;;8.40;0.00;MIDVÅG;SFC7299;GG115;Skärhamn;;Y;SFC7299;N;Y;N;;;FX;;FPO;99.26;0.00;Fiber/Plastic;;2004-12-28;MFL;1991-01-01;;
SWE000008474;;SWE;;;2.19;0.00;0.00;;6.50;0.00;EMILIA;SFC7306;HG5;;;Y;SFC7306;N;;;;;FX;;GNS;16.18;0.00;Fiber/Plastic;;2005-01-14;MFL;1987-01-01;;2007-07-25
SWE000008475;;SWE;;;0.97;0.00;0.00;;5.20;0.00;RAMNÖ;SFC7315;GG27;Fiskebäck;;Y;SFC7315;N;Y;N;;;FX;;FPO, GND;29.00;0.00;Fiber/Plastic;;2005-02-02;MFL;1986-01-01;;
SWE000008476;;SWE;;;0.87;0.00;0.00;;6.05;0.00;No name;SFC7313;GE7;Utvalnäs;;Y;SFC7313;N;Y;N;;;FX;;GNS;44.12;0.00;Fiber/Plastic;;2005-01-28;MFL;2004-01-01;;
SWE000008477;;SWE;;;0.54;0.00;0.00;;5.40;0.00;GELIA;SFC7323;UÅ45;;;Y;SFC7323;N;;;;;FX;;GNS;36.76;0.00;Fiber/Plastic;;2005-02-17;MFL;2004-01-01;;2007-01-09
SWE000008478;;SWE;;;0.95;0.00;0.00;;6.06;0.00;NORDANVIND;SFC7321;HA25;;;Y;SFC7321;N;N;N;;;FX;;GNS;36.76;0.00;Fiber/Plastic;;2005-02-14;MFL;1970-01-01;;2006-05-21
SWE000008479;;SWE;;;1.54;0.00;0.00;;6.05;0.00;No name;SFC7317;SN36;Ljusne;;Y;SFC7317;N;Y;N;;;FX;;FPO, GNS;44.00;0.00;Fiber/Plastic;;2005-02-02;MFL;2004-01-01;;
SWE000008480;;SWE;;;3.08;0.00;0.00;;7.52;0.00;RAN;SFC7343;UÅ2;Rovögern;;Y;SFC7343;N;Y;N;;;FX;;FPO, GNS;179.00;0.00;Fiber/Plastic;;2005-03-03;MFL;2005-01-01;;
SWE000008481;265661180;SWE;;;7.96;0.00;0.00;;9.99;0.00;RAGNA;SFC7341;GG184;Öckerö;;Y;SFC7341;N;Y;Y;;;FX;;FPO, GND;220.00;0.00;Fiber/Plastic;;2005-02-28;MFL;2005-01-01;;
SWE000008482;265034890;SWE;;;11.66;0.00;0.00;;11.98;0.00;TÖSEN;SFC7365;HA97;Nikkala;;Y;SFC7365;N;Y;Y;;;FX;;PTB, GNS;139.71;0.00;Metal;;2005-03-31;MFL;2005-01-01;;
SWE000008483;;SWE;;;1.26;0.00;0.00;;7.00;0.00;No name;SFC7358;SIN15;Simrishamn;;Y;SFC7358;N;Y;N;;;FX;;LHP, NO;26.48;0.00;Fiber/Plastic;;2005-03-23;MFL;1973-01-01;;2009-11-14
SWE000008485;;SWE;;;0.72;0.00;0.00;;6.30;0.00;HANNA;SFC7336;VG48;;;Y;SFC7336;N;;;;;FX;;FPO, LTL;13.24;0.00;Fiber/Plastic;;2005-02-28;MFL;1978-01-01;;2006-10-16
SWE000008486;;SWE;;;5.66;0.00;0.00;;9.40;0.00;LOTTA;SFC7361;LL1;Lysekil;;Y;SFC7361;N;Y;N;;;FX;;FPO;96.00;0.00;Fiber/Plastic;;2005-03-29;MFL;1989-01-01;;2016-07-05
SWE000008487;;SWE;;;7.65;0.00;0.00;;11.98;0.00;LINDA;SFC7366;HA65;Kalix-Nyborg;;Y;SFC7366;N;Y;N;;;FX;;PTB, GNS;119.00;0.00;Metal;;2005-03-31;MFL;1983-01-01;;
SWE000008488;;SWE;;;0.96;0.00;0.00;;5.98;0.00;HALSVIK;SFC7397;UÅ4;Ostön;;Y;SFC7397;N;Y;N;;;FX;;GNS;44.12;0.00;Fiber/Plastic;;2005-05-01;MFL;2005-01-01;;
SWE000008492;;SWE;;;1.41;0.00;0.00;;6.05;0.00;MARLENE III;SFC7338;GE50;Gävle;;Y;SFC7338;N;Y;N;;;FX;;GNS, FPO;66.19;0.00;Fiber/Plastic;;2005-05-27;MFL;2005-01-01;;2013-11-04
SWE000008512;;SWE;;;1.36;0.00;0.00;;5.90;0.00;MARY;SFC7412;ÖK25;Husum;;Y;SFC7412;N;Y;N;;;FX;;GNS;66.00;0.00;Fiber/Plastic;;2005-05-30;MFL;2005-01-01;;
SWE000008610;;SWE;;;1.79;0.00;0.00;;6.15;0.00;No name;SFC7455;SIN23;;;Y;SFC7455;N;N;N;;;FX;;FPO, GNS;7.35;0.00;Fiber/Plastic;;2005-06-20;MFL;1980-01-01;;2007-07-02
SWE000008630;;SWE;;;1.78;0.00;0.00;;6.20;0.00;No name;SFC7454;HL54;;;Y;SFC7454;N;N;N;;;FX;;GNS;95.00;0.00;Metal;;2005-06-17;MFL;1998-01-01;;2006-05-20
SWE000008631;;SWE;;;3.90;0.00;0.00;;8.15;0.00;TÄRNÖ;SFC7445;SD41;Strömstad;;Y;SFC7445;N;Y;N;;;FX;;FPO, LTL;48.00;0.00;Fiber/Plastic;;2005-07-03;MFL;1994-01-01;;
SWE000008649;;SWE;;;0.35;0.00;0.00;;5.50;0.00;No name;SFC7485;UÅ67;Bureå;;Y;SFC7485;N;N;N;;;FX;;FPO, GNS;18.39;0.00;Fiber/Plastic;;2005-07-08;MFL;2005-01-01;;2024-12-05
SWE000008729;;SWE;;;0.97;0.00;0.00;;7.09;0.00;No name;SFC7436;LÅ11;Sandön;;Y;SFC7436;N;Y;N;;;FX;;FPO, GNS;33.00;0.00;Fiber/Plastic;;2005-08-24;MFL;2005-01-01;;
SWE000008750;265563310;SWE;;;6.30;0.00;0.00;;8.40;0.00;OCEAN;SFC7507;LL677;Smögen;;Y;SFC7507;N;Y;Y;;;FX;;FPO, LHP;110.32;0.00;Fiber/Plastic;;2005-08-08;MFL;2003-01-01;;
SWE000008771;;SWE;;;0.92;0.00;0.00;;4.90;0.00;No name;SFC7428;HL8;Kuggören;;Y;SFC7428;N;Y;N;;;FX;;FPO, GNS;29.42;0.00;Fiber/Plastic;;2005-05-26;MFL;1989-01-01;;
SWE000008773;;SWE;;;0.95;0.00;0.00;;7.10;0.00;TÖREVIK;SFC7320;HA16;"Björkholmen"", Siknäs";;Y;SFC7320;N;Y;N;;;FX;;GNS;20.59;0.00;Fiber/Plastic;;2005-02-14;MFL;1970-01-01;;2018-06-16
SWE000008789;;SWE;;;2.03;0.00;0.00;;7.20;0.00;LIV;SFC7496;GG280;;;Y;SFC7496;N;;;;;FX;;LHP, LTL;110.00;0.00;Fiber/Plastic;;2005-07-18;MFL;2005-01-01;;2010-11-02
SWE000008810;;SWE;;;2.42;0.00;0.00;;7.85;0.00;EMMA;SFC7542;LL2;;;Y;SFC7542;N;;;;;FX;;FPO, SDN;95.61;0.00;Fiber/Plastic;;2005-09-09;MFL;2005-01-01;;2010-04-28
SWE000008830;;SWE;;;1.88;0.00;0.00;;7.00;0.00;FELINA;SFC7435;SD23;;;Y;SFC7435;N;N;N;;;FX;;FPO;27.95;0.00;Fiber/Plastic;;2005-06-07;MFL;1970-01-01;;2005-12-22
SWE000008849;;SWE;;;1.21;0.00;0.00;;6.40;0.00;WENDULA;SFC7536;GG402;;;Y;SFC7536;N;;;;;FX;;FPO;20.00;0.00;Fiber/Plastic;;2005-09-06;MFL;1986-01-01;;2009-02-19
SWE000008850;;SWE;;;2.24;0.00;0.00;;7.20;0.00;LILLÖ;SFC7509;VY2;Skälsö;;Y;SFC7509;N;Y;N;;;FX;;GNS;7.35;0.00;Fiber/Plastic;;2005-07-28;MFL;1970-01-01;;2021-03-20
SWE000009010;266414000;SWE;;;17.00;0.00;0.00;;13.02;0.00;EROS AV HÖNÖ;SFE2794;GG30;"Klåva"", Hönö";;Y;SFE2794;Y;N;Y;;;FX;;TBN, OTB;129.00;0.00;Fiber/Plastic;;2021-10-04;MFL;1982-01-01;;
SWE000009070;;SWE;;;2.73;0.00;0.00;;6.90;0.00;KARIN;SFC7552;SD370;Strömstad;;Y;SFC7552;N;Y;N;;;FX;;FPO;26.48;0.00;Fiber/Plastic;;2005-09-29;MFL;1972-01-01;;2011-07-19
SWE000009071;;SWE;;;1.44;0.00;0.00;;6.40;0.00;No name;SFC7560;HL7;Kuggören;;Y;SFC7560;N;Y;N;;;FX;;FPO, GNS;36.00;0.00;Fiber/Plastic;;2005-10-06;MFL;2005-01-01;;
SWE000009074;;SWE;;;0.91;0.00;0.00;;6.00;0.00;MAJKEN;SFC7578;MÖ2;Limhamn;;Y;SFC7578;N;Y;N;;;FX;;GNS;44.13;0.00;Fiber/Plastic;;2005-10-31;MFL;1984-01-01;;
SWE000009089;265563480;SWE;;;11.02;0.00;0.00;;11.97;0.00;MITINA;SFC7577;LL25;Grundsund;;Y;SFC7577;N;Y;Y;;;FX;;FPO, PS;367.75;0.00;Fiber/Plastic;;2005-10-30;MFL;2005-01-01;;
SWE000009115;;SWE;;;1.75;0.00;0.00;;6.00;0.00;JOHLIN III;SFC7584;HND2;Bondhamn;;Y;SFC7584;N;N;N;;;FX;;FPO, GNS;44.13;0.00;Metal;;2005-11-23;MFL;2005-01-01;;2006-10-06
SWE000009119;;SWE;;;3.59;0.00;0.00;;7.97;0.00;JAMAS;SFC7747;LA4;Borstahusen;;Y;SFC7747;N;Y;N;;;FX;;GNS, GND;45.00;0.00;Fiber/Plastic;;2005-11-15;MFL;2005-01-01;;
SWE000009125;265034860;SWE;;;11.45;0.00;0.00;;11.96;0.00;SARA II;SFC7783;LÅ48;Luleå;;Y;SFC7783;N;Y;Y;;;FX;;PTB, GNS;264.78;0.00;Fiber/Plastic;;2006-01-10;MFL;2005-01-01;;
SWE000009127;265049930;SWE;;;5.44;0.00;0.00;;9.10;0.00;REBECKA;SFC7775;GG88;Donsö;;Y;SFC7775;N;Y;Y;;;FX;;LTL, FPO;154.00;0.00;Fiber/Plastic;;2006-01-02;MFL;2005-01-01;;
SWE000009131;;SWE;;;5.51;0.00;0.00;;7.40;0.00;MAUDAN;SFC7784;GG102;Hönö;;Y;SFC7784;N;Y;N;;;FX;;FPO;50.00;0.00;Wood;;2006-01-12;MFL;1963-01-01;;2011-03-30
SWE000009132;;SWE;;;3.42;0.00;0.00;;7.00;0.00;ANNA;SFC7787;VG7;Bua;;Y;SFC7787;N;Y;N;;;FX;;FPO;16.18;0.00;Wood;;2006-01-17;MFL;1978-01-01;;2020-07-04
SWE000009134;;SWE;;;15.00;0.00;0.00;;11.99;0.00;IDUN;SFC7745;GG844;Björholmen;;Y;SFC7745;N;N;N;;;FX;;FPO, GTR;176.00;0.00;Metal;;2005-11-15;MFL;2000-01-01;;2020-01-31
SWE000009136;265044960;SWE;;;19.00;0.00;0.00;;11.99;0.00;POLSTJÄRNAN;SFC7803;VG71;Träslövsläge;;Y;SFC7803;N;Y;Y;;;FX;;OTB, TBN;183.87;0.00;Fiber/Plastic;;2006-02-13;MFL;1985-01-01;;
SWE000009139;;SWE;;;2.79;0.00;0.00;;8.15;0.00;TRÅLE;SFC7807;GG741;Hönö;;Y;SFC7807;N;Y;N;;;FX;;GNS, FPO;40.00;0.00;Fiber/Plastic;;2006-02-21;MFL;1982-01-01;;2013-07-22
SWE000009143;;SWE;;;0.93;0.00;0.00;;6.00;0.00;No name;SFC7812;GE57;Norrsundet;;Y;SFC7812;N;Y;N;;;FX;;FPO;15.00;0.00;Fiber/Plastic;;2006-03-01;MFL;1972-01-01;;
SWE000009145;;SWE;;;1.04;0.00;0.00;;6.05;0.00;No name;SFC7811;GE16;Norrsundet;;Y;SFC7811;N;Y;N;;;FX;;FPO, GNS;15.00;0.00;Fiber/Plastic;;2006-03-01;MFL;1975-01-01;;2009-06-29
SWE000009153;266396000;SWE;;;32.00;0.00;0.00;;13.90;0.00;BROTTSJÖ;SLTO;PÅ16;Piteå;;Y;SLTO;Y;N;N;;;FX;;PTB, OTB;294.00;0.00;Metal;;2006-02-03;MFL;2006-01-01;;2022-08-23
SWE000009157;;SWE;;;2.54;0.00;0.00;;6.90;0.00;CILLA;SFC7847;KN4;Karlshamn;;Y;SFC7847;N;Y;N;;;FX;;GNS, FPO;66.19;0.00;Fiber/Plastic;;2006-04-07;MFL;2006-01-01;;2024-01-07
SWE000009159;265571280;SWE;;;11.04;0.00;0.00;;11.97;0.00;MARIE III;SFC7875;LL44;Smögen;;Y;SFC7875;N;Y;Y;;;FX;;FPO, GND;368.00;0.00;Fiber/Plastic;;2006-05-03;MFL;2006-01-01;;
SWE000009163;;SWE;;;5.54;0.00;0.00;;9.07;0.00;DANA;SFC7873;UA2;;;Y;SFC7873;N;;;;;FX;;GTR, FPO;14.71;0.00;Wood;;2006-05-03;MFL;1953-01-01;;2006-09-22
SWE000009165;;SWE;;;1.96;0.00;0.00;;7.20;0.00;ÄCKERÖ;SFC7855;LL971;Ängehamn;;Y;SFC7855;N;Y;N;;;FX;;FPO;12.00;0.00;Wood;;2006-04-18;MFL;1964-01-01;;2009-04-16
SWE000009166;;SWE;;;1.31;0.00;0.00;;6.05;0.00;No name;SFC7848;HA9;Marahamn;;Y;SFC7848;N;Y;N;;;FX;;FPO;55.00;0.00;Fiber/Plastic;;2006-04-18;MFL;1976-01-01;;
SWE000009167;;SWE;;;1.31;0.00;0.00;;6.00;0.00;NORDANVIND;SFC7896;HA19;Kalix-Nyborg;;Y;SFC7896;N;Y;N;;;FX;;FPO, GNS;55.16;0.00;Fiber/Plastic;;2006-05-15;MFL;2005-01-01;;
SWE000009168;;SWE;;;1.06;0.00;0.00;;5.60;0.00;No name;SFC7895;HA28;Karlsborgsverken;;Y;SFC7895;N;Y;N;;;FX;;GNS;29.42;0.00;Fiber/Plastic;;2006-05-16;MFL;1980-01-01;;2021-02-11
SWE000009173;;SWE;;;1.37;0.00;0.00;;4.95;0.00;No name;SFC7887;SD22;Havstenssund;;Y;SFC7887;N;Y;N;;;FX;;FPO, NO;29.42;0.00;Fiber/Plastic;;2006-05-09;MFL;1988-01-01;;2018-04-02
SWE000009179;;SWE;;;1.51;0.00;0.00;;6.10;0.00;GLORIA;SFC7843;NRG12;Skogsholmen;;Y;SFC7843;N;Y;N;;;FX;;GNS, FPO;36.77;0.00;Fiber/Plastic;;2006-04-02;MFL;2006-01-01;;
SWE000009181;;SWE;;;1.08;0.00;0.00;;5.70;0.00;CECILIA;SFC7535;HND48;Gammellandet;;Y;SFC7535;N;Y;N;;;FX;;FPO, GNS;44.13;0.00;Fiber/Plastic;;2005-09-06;MFL;2000-01-01;;2019-03-02
SWE000009195;;SWE;;;3.22;0.00;0.00;;7.70;0.00;LYON;SFC7971;GG575;Hönö;;Y;SFC7971;N;Y;N;;;FX;;GNS, FPO;105.91;0.00;Fiber/Plastic;;2006-07-05;MFL;2006-01-01;;
SWE000009196;;SWE;;;2.39;0.00;0.00;;6.10;0.00;KUNGSHOLM;SFC8023;ON1;;;Y;SFC8023;N;N;N;;;FX;;GNS, FPO;16.00;0.00;Fiber/Plastic;;2006-08-21;MFL;1965-01-01;;2009-07-02
SWE000009197;;SWE;;;0.94;0.00;0.00;;5.30;0.00;No name;SFC8024;ON2;Svartö;;Y;SFC8024;N;Y;N;;;FX;;FPO;29.00;0.00;Fiber/Plastic;;2006-08-20;MFL;1985-01-01;;
SWE000009198;;SWE;;;117.00;0.00;0.00;;19.55;0.00;CLINTON;SGAX;GG19;Hönö;;Y;SGAX;Y;N;Y;;;FX;;OTB;373.00;0.00;Metal;;2006-09-07;MFL;1987-01-01;;
SWE000009199;;SWE;;;7.19;0.00;0.00;;8.60;0.00;SANDNES;SFC8031;GG780;Fotö;;Y;SFC8031;N;Y;N;;;FX;;FPO;146.00;0.00;Fiber/Plastic;;2006-09-01;MFL;2006-01-01;;2017-09-07
SWE000009200;;SWE;;;10.68;0.00;0.00;;10.71;0.00;DANAFJORD;SFC8048;GG980;Fotö;;Y;SFC8048;N;Y;N;;;FX;;OTB, FPO;433.00;0.00;Fiber/Plastic;;2006-09-21;MFL;2006-01-01;;
SWE000009201;;SWE;;;2.44;0.00;0.00;;7.50;0.00;SIDON;SFC7974;LL8;Grundsund;;Y;SFC7974;N;Y;N;;;FX;;FPO, LTL;73.55;0.00;Fiber/Plastic;;2006-07-05;MFL;1984-01-01;;2018-11-27
SWE000009202;;SWE;;;0.94;0.00;0.00;;6.30;0.00;MALIN;SFC7992;HA26;;;Y;SFC7992;N;N;N;;;FX;;GNS;22.00;0.00;Fiber/Plastic;;2006-07-13;MFL;1971-01-01;;2007-01-28
SWE000009203;266406000;SWE;;;17.00;0.00;0.00;;13.94;0.00;UDDVIK;SFE2778;HA89;Storön;;Y;SFE2778;Y;N;Y;;;FX;;PTB, PTM;300.00;0.00;Metal;;2019-02-04;MFL;1978-01-01;;
SWE000009208;;SWE;;;9.68;0.00;0.00;;11.98;0.00;EMMA;SFC8075;GG403;Fotö;;Y;SFC8075;N;Y;N;;;FX;;FPO, GND;279.49;0.00;Fiber/Plastic;;2006-10-12;MFL;2001-01-01;;
SWE000009211;;SWE;;;1.31;0.00;0.00;;5.30;0.00;SARA;SFC8077;SD116;;;Y;SFC8077;N;N;N;;;FX;;FPO;29.42;0.00;Fiber/Plastic;;2006-10-17;MFL;1984-01-01;;2007-05-09
SWE000009212;;SWE;;;3.76;0.00;0.00;;8.10;0.00;ERONA;SFC8074;LL769;Smögen;;Y;SFC8074;N;N;N;;;FX;;FPO, NO;62.52;0.00;Wood;;2006-10-11;MFL;1980-01-01;;2007-10-10
SWE000009214;;SWE;;;3.94;0.00;0.00;;9.50;0.00;HANSVIK 18;SFC8079;SD58;Lunneviken;;Y;SFC8079;N;N;N;;;FX;;FPO;102.97;0.00;Fiber/Plastic;;2006-10-23;MFL;2006-01-01;;2007-09-11
SWE000009215;;SWE;;;0.98;0.00;0.00;;6.05;0.00;No name;SFC8082;HND3;Bondhamn;;Y;SFC8082;N;Y;N;;;FX;;FPO, GNS;36.77;0.00;Fiber/Plastic;;2006-10-25;MFL;1979-01-01;;
SWE000009217;;SWE;;;1.29;0.00;0.00;;6.60;0.00;INGER;SFC8084;SD36;;;Y;SFC8084;N;N;N;;;FX;;LTL, FPO;7.35;0.00;Wood;;2006-10-30;MFL;1985-01-01;;2018-10-02
SWE000009221;;SWE;;;1.57;0.00;0.00;;5.85;0.00;SAGA;SFC8089;SG9;;;Y;SFC8089;N;;;;;FX;;GTR, GNS;7.35;0.00;Fiber/Plastic;;2006-11-07;MFL;1984-01-01;;2010-03-04
SWE000009225;;SWE;;;1.44;0.00;0.00;;6.10;0.00;VIKEN;SFC8109;SG1;;;Y;SFC8109;N;;;;;FX;;GNS;6.62;0.00;Fiber/Plastic;;2006-11-28;MFL;1986-01-01;;2008-02-29
SWE000009228;265586270;SWE;;;26.00;0.00;0.00;;11.99;0.00;TACITUS;SFC8123;LA71;;;Y;SFC8123;N;N;Y;;;FX;;GNS;221.00;0.00;Fiber/Plastic;;2006-12-29;MFL;2006-01-01;;2019-01-18
SWE000009236;265695220;SWE;;;7.92;0.00;0.00;;9.95;0.00;SILLESUND;SFC8125;GG10;Rörö;;Y;SFC8125;N;Y;Y;;;FX;;GND, FPO;205.94;0.00;Fiber/Plastic;;2006-12-28;MFL;2006-01-01;;
SWE000009238;;SWE;;;1.41;0.00;0.00;;6.60;0.00;No name;SFC8118;SG97;Krokås;;Y;SFC8118;N;N;N;;;FX;;GNS;11.03;0.00;Wood;;2006-12-13;MFL;2005-01-01;;2007-07-09
SWE000009241;;SWE;;;0.81;0.00;0.00;;4.90;0.00;No name;SFC8119;KR7;Greece;;Y;SFC8119;N;N;N;;;FX;;FPO, GNS;22.06;0.00;Fiber/Plastic;;2006-12-14;MFL;1979-01-01;;
SWE000009242;;SWE;;;1.96;0.00;0.00;;6.80;0.00;SOFIE;SFC8145;ÅS36;Åhus;;Y;SFC8145;N;Y;N;;;FX;;FPO, GNS;16.00;0.00;Fiber/Plastic;;2007-01-17;MFL;1990-01-01;;
SWE000009243;;SWE;;;3.45;0.00;0.00;;8.80;0.00;WILMA;SFC8136;FG11;Glommen;;Y;SFC8136;N;Y;N;;;FX;;FPO;81.00;0.00;Fiber/Plastic;;2007-01-10;MFL;1984-01-01;;2008-01-22
SWE000009245;;SWE;;;6.24;0.00;0.00;;9.15;0.00;SUNNSKÄR;SFC8148;SG170;Hanö;;Y;SFC8148;N;N;N;;;FX;;GNS, LHP;61.05;0.00;Fiber/Plastic;;2007-01-23;MFL;1982-01-01;;2024-01-26
SWE000009248;;SWE;;;7.63;0.00;0.00;;10.30;0.00;LIZONA;SFC8167;;Oxevik;;Y;SFC8167;N;N;N;;;FX;;FPO;88.26;0.00;Fiber/Plastic;;2007-02-26;MFL;1997-01-01;;2021-06-08
SWE000009249;;SWE;;;3.81;0.00;0.00;;8.40;0.00;MATHILDA;SFC8160;GG99;Marstrand;;Y;SFC8160;N;Y;N;;;FX;;GNS, FPO;110.32;0.00;Fiber/Plastic;;2007-02-09;MFL;2001-01-01;;2012-10-15
SWE000009250;;SWE;;;1.32;0.00;0.00;;6.80;0.00;KNUTSKÄR;SFC8055;GG604;Almösund;;Y;SFC8055;N;Y;N;;;FX;;FPO;51.48;0.00;Fiber/Plastic;;2006-09-28;MFL;2002-01-01;;2018-05-14
SWE000009253;;SWE;;;6.20;0.00;0.00;;9.50;0.00;NEPHROPS ULMO;SFC8179;LL12;Stätten;;Y;SFC8179;N;Y;N;;;FX;;FPO;119.00;0.00;Fiber/Plastic;;2007-03-08;MFL;2007-01-01;;2009-11-11
SWE000009258;;SWE;;;4.87;0.00;0.00;;10.42;0.00;NIPPON;SFC8178;GG424;;;Y;SFC8178;N;;;;;FX;;LHP;250.00;0.00;Fiber/Plastic;;2007-03-07;MFL;2006-01-01;;
SWE000009263;265750540;SWE;;;23.00;0.00;0.00;;11.97;0.00;KETTY;SFD2601;HG129;"Viken"", Höganäs";;Y;SFD2601;N;Y;Y;;;FX;;OTB, TBN;221.00;0.00;Fiber/Plastic;;2017-09-11;MFL;1984-01-01;;
SWE000009268;265720160;SWE;;;4.63;0.00;0.00;;8.81;0.00;ROCKAN II;SFC7575;SD1;Fjällbacka;;Y;SFC7575;N;Y;Y;;;FX;;FPO;125.03;0.00;Fiber/Plastic;;2007-02-06;MFL;1997-01-01;;
SWE000009274;;SWE;;;55.00;0.00;0.00;;14.96;0.00;RÖNNSKÄR AF GALTABÄCK;SLIQ;VG27;Galtabäck;;Y;SLIQ;Y;N;Y;;;FX;;GNS;284.00;0.00;Metal;;2007-04-23;MFL;2007-01-01;;
SWE000009276;;SWE;;;3.57;0.00;0.00;;8.52;0.00;MINNA;SFC8226;VG6;Videbergshamn;;Y;SFC8226;N;Y;N;;;FX;;GND, LTL;105.91;0.00;Fiber/Plastic;;2007-04-23;MFL;2007-01-01;;2015-06-18
SWE000009279;265678430;SWE;;;11.27;0.00;0.00;;11.96;0.00;STRANDÖ;SFC8241;SD526;Nord-Koster;;Y;SFC8241;N;Y;Y;;;FX;;FPO;367.75;0.00;Fiber/Plastic;;2007-05-08;MFL;2007-01-01;;
SWE000009280;;SWE;;;6.81;0.00;0.00;;10.42;0.00;PORT SAID;SFC8252;GG253;Hönö-Röd;;Y;SFC8252;N;Y;N;;;FX;;FPO;250.07;0.00;Fiber/Plastic;;2007-05-14;MFL;2007-01-01;;
SWE000009281;;SWE;;;1.51;0.00;0.00;;6.50;0.00;STIG CAT;SFC8250;GG1982;Torslanda;;Y;SFC8250;N;Y;N;;;FX;;FPO, GNS;220.00;0.00;Fiber/Plastic;;2007-05-13;MFL;2007-01-01;;
SWE000009282;;SWE;;;6.06;0.00;0.00;;9.07;0.00;MELODI;SFC8243;GG315;Fiskebäck;;Y;SFC8243;N;Y;N;;;FX;;LTL, FPO;113.27;0.00;Fiber/Plastic;;2007-05-10;MFL;1983-01-01;;2014-10-15
SWE000009287;;SWE;;;3.31;0.00;0.00;;7.60;0.00;DIANA;SFC8246;LL61;Ellös;;Y;SFC8246;N;Y;N;;;FX;;FPO;29.00;0.00;Fiber/Plastic;;2007-05-11;MFL;1977-01-01;;2008-06-16
SWE000009293;;SWE;;;1.25;0.00;0.00;;5.04;0.00;TORSÖ;SFC8303;SIN32;Simrishamn;;Y;SFC8303;N;Y;N;;;FX;;GNS, LHP;11.03;0.00;Fiber/Plastic;;2007-06-19;MFL;1995-01-01;;2013-01-23
SWE000009295;;SWE;;;0.84;0.00;0.00;;5.95;0.00;RISÖN;SFC8300;GG113;Lerkil;;Y;SFC8300;N;Y;N;;;FX;;FPO, LTL;5.88;0.00;Fiber/Plastic;;2007-06-19;MFL;1983-01-01;;2019-05-01
SWE000009298;;SWE;;;6.57;0.00;0.00;;10.42;0.00;AMANDA;SFC8349;GG82;;;Y;SFC8349;N;;;;;FX;;LHP, GTR;100.00;0.00;Fiber/Plastic;;2007-07-19;MFL;2007-01-01;;2010-06-24
SWE000009306;;SWE;;;10.25;0.00;0.00;;11.30;0.00;MONSUN;SFC8393;GG9;Donsö;;Y;SFC8393;N;N;N;;;FX;;LTL, FPO;294.20;0.00;Fiber/Plastic;;2007-09-03;MFL;2007-01-01;;2016-11-28
SWE000009309;;SWE;;;2.91;0.00;0.00;;6.55;0.00;JESSIKA;SFC8401;VG44;Varberg;;Y;SFC8401;N;Y;N;;;FX;;FPO;88.26;0.00;Fiber/Plastic;;2007-09-10;MFL;2007-01-01;;2011-05-15
SWE000009310;;SWE;;;4.38;0.00;0.00;;8.92;0.00;ALMA;SFC8016;;Smögen;;Y;SFC8016;N;Y;N;;;FX;;FPO;176.00;0.00;Fiber/Plastic;;2006-08-02;MFL;2006-01-01;;2015-01-13
SWE000009311;;SWE;;;3.23;0.00;0.00;;8.60;0.00;ROSSVIK;SFC8398;GG320;Fiskebäck;;Y;SFC8398;N;Y;N;;;FX;;LHP, FPO;135.33;0.00;Fiber/Plastic;;2007-09-06;MFL;2007-01-01;;2008-01-22
SWE000009313;;SWE;;;2.61;0.00;0.00;;8.95;0.00;BRITA;SFC8416;VY72;;;Y;SFC8416;N;;;;;FX;;GNS;26.00;0.00;Fiber/Plastic;;2007-09-24;MFL;1980-01-01;;2009-06-17
SWE000009327;;SWE;;;0.70;0.00;0.00;;5.20;0.00;No name;SFC8373;UÅ23;Kåge;;Y;SFC8373;N;Y;N;;;FX;;GNS;14.71;0.00;Fiber/Plastic;;2007-07-31;MFL;1982-01-01;;
SWE000009328;;SWE;;;1.64;0.00;0.00;;6.05;0.00;No name;SFC8378;SM44;Gamla Grisslehamn;;Y;SFC8378;N;Y;N;;;FX;;FPO, GNS;18.39;0.00;Fiber/Plastic;;2007-08-06;MFL;1974-01-01;;
SWE000009334;;SWE;;;1.51;0.00;0.00;;6.90;0.00;DANA;SFC8168;UA2;;;Y;SFC8168;N;;;;;FX;;GTR, GNS;14.71;0.00;Metal;;2007-02-26;MFL;2007-01-01;;2010-01-30
SWE000009336;;SWE;;;5.52;0.00;0.00;;8.77;0.00;No name;SFC8421;GG140;;;Y;SFC8421;N;N;N;;;FX;;LHP, GNS;50.00;0.00;Fiber/Plastic;;2007-09-28;MFL;1984-01-01;;2009-12-29
SWE000009337;;SWE;;;6.42;0.00;0.00;;10.00;0.00;TERESE;SFC8415;KA1;Sören;;Y;SFC8415;N;N;N;;;FX;;GNS, LHP;126.00;0.00;Metal;;2007-09-26;MFL;1994-01-01;;2021-03-05
SWE000009338;;SWE;;;0.27;0.00;0.00;;5.20;0.00;ETTAN;SFC8307;NRG16;Greece;;Y;SFC8307;N;N;N;;;FX;;FPO;44.13;0.00;Metal;;2007-06-20;MFL;1995-01-01;;2010-06-17
SWE000009344;;SWE;;;3.23;0.00;0.00;;8.30;0.00;ULRIKA;SFC8428;GG126;Fiskebäck;;Y;SFC8428;N;Y;N;;;FX;;FPO;169.16;0.00;Fiber/Plastic;;2007-10-17;MFL;2007-01-01;;2010-05-10
SWE000009347;;SWE;;;3.08;0.00;0.00;;7.20;0.00;NAJADEN;SFC8434;SD53;Seläter;;Y;SFC8434;N;Y;N;;;FX;;FPO;39.72;0.00;Fiber/Plastic;;2007-10-29;MFL;1982-01-01;;
SWE000009348;;SWE;;;5.31;0.00;0.00;;8.90;0.00;MOLLY;SFC4825;LL14;Lysekil;;Y;SFC4825;N;Y;N;;;FX;;FPO;88.26;0.00;Fiber/Plastic;;2007-10-11;MFL;1990-01-01;;2008-04-21
SWE000009349;;SWE;;;5.31;0.00;0.00;;8.90;0.00;REAVER;SFC8425;GG8;Fiskebäck;;Y;SFC8425;N;Y;N;;;FX;;FPO, GND;106.65;0.00;Fiber/Plastic;;2007-10-11;MFL;1990-01-01;;2021-11-09
SWE000009353;;SWE;;;3.20;0.00;0.00;;8.80;0.00;ANNA;SFC8438;GG571;Hälsö;;Y;SFC8438;N;Y;N;;;FX;;FPO, GND;112.00;0.00;Fiber/Plastic;;2007-11-04;MFL;2007-01-01;;
SWE000009355;265609220;SWE;;;16.38;0.00;0.00;;11.97;0.00;KRISTINA;SFC8537;LL91;Lysekil;;Y;SFC8537;N;N;Y;;;FX;;FPO, PS;183.87;0.00;Fiber/Plastic;;2007-12-11;MFL;2007-01-01;;2017-04-18
SWE000009358;265612260;SWE;;;7.47;0.00;0.00;;9.24;0.00;KRISTINA;SFC8541;LL42;Käringön;;Y;SFC8541;N;Y;Y;;;FX;;FPO, GNS;99.29;0.00;Fiber/Plastic;;2007-12-17;MFL;2007-01-01;;
SWE000009360;;SWE;;;4.59;0.00;0.00;;9.99;0.00;LINDHA;SFC8546;TG10;Skåre;;Y;SFC8546;N;Y;N;;;FX;;GNS;55.00;0.00;Fiber/Plastic;;2008-01-02;MFL;1979-01-01;;
SWE000009368;;SWE;;;4.47;0.00;0.00;;8.91;0.00;BARE;SFC5911;GG100;Fotö;;Y;SFC5911;N;Y;N;;;FX;;FPO;184.00;0.00;Fiber/Plastic;;2008-02-01;MFL;1999-01-01;;2017-12-08
SWE000009373;;SWE;;;2.80;0.00;0.00;;8.40;0.00;BÖLJAN;SFC8558;KA89;;;Y;SFC8558;N;;;;;FX;;LHP, GNS;80.90;0.00;Fiber/Plastic;;2008-01-22;MFL;1986-01-01;;2008-06-12
SWE000009375;;SWE;;;0.76;0.00;0.00;;6.14;0.00;AMANDA;SFC8576;GG145;Hönö;;Y;SFC8576;N;Y;N;;;FX;;LHP, LTL;13.00;0.00;Fiber/Plastic;;2008-02-10;MFL;1978-01-01;;
SWE000009382;;SWE;;;4.59;0.00;0.00;;8.92;0.00;IA;SFC8572;;Syd-Koster;;Y;SFC8572;N;Y;N;;;FX;;FPO;184.00;0.00;Fiber/Plastic;;2008-02-04;MFL;2008-01-01;;2015-09-21
SWE000009383;;SWE;;;2.15;0.00;0.00;;8.65;0.00;SUE ELLEN;SFC8568;UÅ25;"Norrfjärden"", Piteå";;Y;SFC8568;N;Y;N;;;FX;;GNS, NO;96.00;0.00;Fiber/Plastic;;2008-02-20;MFL;2007-01-01;;2009-07-13
SWE000009386;;SWE;;;0.82;0.00;0.00;;6.10;0.00;No name;SFC8580;ON15;Runnö;;Y;SFC8580;N;N;N;;;FX;;FPO;44.00;0.00;Fiber/Plastic;;2008-02-18;MFL;2006-01-01;;2014-06-03
SWE000009387;;SWE;;;0.82;0.00;0.00;;6.10;0.00;No name;SFC8564;ON26;Greece;;Y;SFC8564;N;N;N;;;FX;;FPO, GNS;44.00;0.00;Fiber/Plastic;;2008-02-18;MFL;2006-01-01;;2008-08-29
SWE000009389;;SWE;;;4.76;0.00;0.00;;8.30;0.00;LINNEA;SFC8570;GG216;Dyrön;;Y;SFC8570;N;Y;N;;;FX;;FPO;161.81;0.00;Fiber/Plastic;;2008-02-21;MFL;2007-01-01;;2015-01-01
SWE000009390;;SWE;;;1.84;0.00;0.00;;7.10;0.00;SELMA;SFC8585;HA102;;;Y;SFC8585;N;;;;;FX;;FPO, GNS;44.13;0.00;Fiber/Plastic;;2008-02-25;MFL;1990-01-01;;2008-09-10
SWE000009403;;SWE;;;2.20;0.00;0.00;;6.90;0.00;No name;SFC8604;LÅ32;Luleå;;Y;SFC8604;N;Y;N;;;FX;;FPO, GNS;33.10;0.00;Fiber/Plastic;;2008-04-01;MFL;2007-01-01;;
SWE000009404;;SWE;;;1.68;0.00;0.00;;6.00;0.00;No name;SFC8605;SM33;Ålö;;Y;SFC8605;N;Y;N;;;FX;;GNS;44.13;0.00;Fiber/Plastic;;2008-03-31;MFL;1987-01-01;;
SWE000009415;;SWE;;;13.86;0.00;0.00;;11.90;0.00;ASTERIX;SFC8637;VG4;Träslövsläge;;Y;SFC8637;N;N;N;;;FX;;LHP, FPO;330.97;0.00;Fiber/Plastic;;2008-04-17;MFL;2008-01-01;;2012-04-30
SWE000009416;;SWE;;;1.22;0.00;0.00;;5.98;0.00;No name;SFC8646;UÅ73;Sillviken;;Y;SFC8646;N;Y;N;;;FX;;GNS;11.03;0.00;Fiber/Plastic;;2008-04-24;MFL;1985-01-01;;2021-10-02
SWE000009419;;SWE;;;1.39;0.00;0.00;;6.40;0.00;No name;SFC8642;ÖK2;Skagshamn;;Y;SFC8642;N;Y;N;;;FX;;GNS, FPO;29.42;0.00;Fiber/Plastic;;2008-04-15;MFL;2005-01-01;;
SWE000009423;;SWE;;;1.38;0.00;0.00;;6.05;0.00;DYRINGEN;SFC8663;ON7;Vållö;;Y;SFC8663;N;Y;N;;;FX;;FPO;36.77;0.00;Fiber/Plastic;;2008-04-28;MFL;1979-01-01;;
SWE000009426;;SWE;;;3.29;0.00;0.00;;8.40;0.00;No name;SFC8680;VG18;Bua;;Y;SFC8680;N;Y;N;;;FX;;FPO, GND;95.61;0.00;Fiber/Plastic;;2008-05-09;MFL;1988-01-01;;
SWE000009427;;SWE;;;4.45;0.00;0.00;;8.14;0.00;No name;SFC8655;HND16;Sandön;;Y;SFC8655;N;Y;N;;;FX;;FPO, GNS;114.00;0.00;Fiber/Plastic;;2008-05-20;MFL;1989-01-01;;2019-01-30
SWE000009430;;SWE;;;0.97;0.00;0.00;;5.36;0.00;ÖRNEN;SFC8678;SD785;Havstenssund;;Y;SFC8678;N;Y;N;;;FX;;SB, GND;29.42;0.00;Fiber/Plastic;;2008-05-22;MFL;1979-01-01;;2019-12-04
SWE000009444;;SWE;;;1.22;0.00;0.00;;6.05;0.00;MADELEN;SFC8737;GG1922;Önnered;;Y;SFC8737;N;Y;N;;;FX;;FPO, GND;29.42;0.00;Fiber/Plastic;;2008-06-26;MFL;1976-01-01;;2015-05-01
SWE000009445;;SWE;;;535.00;0.00;0.00;;40.41;0.00;STELLA NOVA AV FOTÖ;SFJV;GG464;Fotö;;Y;SFJV;Y;N;Y;8516225;;FX;;OTM;1200.00;230.00;Metal;;2008-06-24;MFL;1987-01-01;;
SWE000009448;;SWE;;;1.92;0.00;0.00;;7.60;0.00;HAVET;SFC8781;GG343;Rönnäng;;Y;SFC8781;N;Y;N;;;FX;;FPO;22.06;0.00;Wood;;2008-08-08;MFL;1984-01-01;;2010-08-25
SWE000009451;;SWE;;;1.66;0.00;0.00;;6.72;0.00;ERICA;SFC8775;KA43;;;Y;SFC8775;N;;;;;FX;;GNS;8.09;0.00;Wood;;2008-07-29;MFL;1980-01-01;;2013-07-07
SWE000009457;;SWE;;;6.57;0.00;0.00;;10.42;0.00;LEXI;SFC8770;GG337;Hönö;;Y;SFC8770;N;N;N;;;FX;;FPO;450.00;0.00;Fiber/Plastic;;2008-07-18;MFL;2008-01-01;;2013-10-15
SWE000009462;;SWE;;;1.97;0.00;0.00;;6.60;0.00;OCEAN;SFC8806;GG93;Fotö;;Y;SFC8806;N;Y;N;;;FX;;LTL, FPO;11.03;0.00;Fiber/Plastic;;2008-09-03;MFL;1983-01-01;;2018-03-08
SWE000009463;;SWE;;;2.67;0.00;0.00;;7.30;0.00;KINGSTON;SFC8809;GG800;Fotö;;Y;SFC8809;N;Y;N;;;FX;;FPO;111.00;0.00;Fiber/Plastic;;2008-09-04;MFL;2006-01-01;;2008-11-03
SWE000009466;;SWE;;;1.35;0.00;0.00;;6.98;0.00;No name;SFC8812;SD297;Långesjö;;Y;SFC8812;N;Y;N;;;FX;;FPO;18.39;0.00;Wood;;2008-09-04;MFL;1923-01-01;;
SWE000009472;;SWE;;;4.94;0.00;0.00;;8.30;0.00;ANNIE;SFC8842;GG724;Rörö;;Y;SFC8842;N;Y;N;;;FX;;GNS, FPO;160.00;0.00;Fiber/Plastic;;2008-10-09;MFL;2008-01-01;;
SWE000009473;;SWE;;;5.44;0.00;0.00;;10.42;0.00;FRIDA MARIA;SFC8837;GG891;;;Y;SFC8837;N;;;;;FX;;LHP;100.00;0.00;Fiber/Plastic;;2008-10-06;MFL;2008-01-01;;2011-03-24
SWE000009474;265050510;SWE;;;7.42;0.00;0.00;;9.94;0.00;WILMA;SFC8851;GG290;Vrångö;;Y;SFC8851;N;Y;Y;;;FX;;FPO;225.06;0.00;Fiber/Plastic;;2008-10-16;MFL;2008-01-01;;
SWE000009476;;SWE;;;3.59;0.00;0.00;;7.80;0.00;SIDON;SFC8857;GG378;Bua;;Y;SFC8857;N;Y;N;;;FX;;FPO;49.28;0.00;Fiber/Plastic;;2008-10-23;MFL;2005-01-01;;
SWE000009478;;SWE;;;3.28;0.00;0.00;;8.45;0.00;JOSEFIN;SFC8877;SD86;Grebbestad;;Y;SFC8877;N;Y;N;;;FX;;FPO, GND;77.00;0.00;Fiber/Plastic;;2008-11-19;MFL;1991-01-01;;2017-09-21
SWE000009479;;SWE;;;3.17;0.00;0.00;;8.90;0.00;FALKEN II;SFC8889;GG777;Fiskebäck;;Y;SFC8889;N;Y;N;;;FX;;FPO, LTL;191.23;0.00;Fiber/Plastic;;2008-12-01;MFL;2008-01-01;;
SWE000009484;;SWE;;;1.04;0.00;0.00;;5.90;0.00;LINN;SFC8884;VY36;Slite;;Y;SFC8884;N;Y;N;;;FX;;GNS;59.00;0.00;Fiber/Plastic;;2008-11-28;MFL;2008-01-01;;2020-11-04
SWE000009486;;SWE;;;0.41;0.00;0.00;;5.90;0.00;EMMY;SFC8891;VY24;Ekeviken;;Y;SFC8891;N;Y;N;;;FX;;GNS;59.00;0.00;Fiber/Plastic;;2008-12-10;MFL;2008-01-01;;2019-08-02
SWE000009493;;SWE;;;1.18;0.00;0.00;;5.95;0.00;ROWENA;SFC8913;SIN130;Vik;;Y;SFC8913;N;Y;N;;;FX;;FPO, LHP;11.03;0.00;Fiber/Plastic;;2009-01-26;MFL;2005-01-01;;
SWE000009494;266395000;SWE;;;31.00;0.00;0.00;;13.99;0.00;POLARIC AV PITEÅ;SGXK;PÅ34;Piteå;;Y;SGXK;Y;N;N;;;FX;;PTB, GNS;294.00;0.00;Metal;;2009-02-02;MFL;2008-01-01;;2022-08-23
SWE000009501;;SWE;;;5.40;0.00;0.00;;10.42;0.00;IA;SFC8920;SD397;Nord-Koster;;Y;SFC8920;N;Y;N;;;FX;;FPO;100.00;0.00;Fiber/Plastic;;2009-02-08;MFL;2007-01-01;;
SWE000009504;;SWE;;;1.19;0.00;0.00;;5.45;0.00;No name;SFC8929;ON67;Vållö;;Y;SFC8929;N;Y;N;;;FX;;FPO;16.18;0.00;Fiber/Plastic;;2009-02-24;MFL;1982-01-01;;
SWE000009506;;SWE;;;1.22;0.00;0.00;;5.57;0.00;No name;SFC8946;LL6;Kungshamn;;Y;SFC8946;N;Y;N;;;FX;;GND, FPO;51.48;0.00;Metal;;2009-03-18;MFL;2005-01-01;;2021-04-24
SWE000009508;;SWE;;;0.54;0.00;0.00;;6.00;0.00;No name;SFC8778;HL9;;;Y;SFC8778;N;N;N;;;FX;;GNS;18.39;0.00;Fiber/Plastic;;2008-07-31;MFL;1982-01-01;;
SWE000009509;;SWE;;;1.11;0.00;0.00;;6.05;0.00;No name;SFC8966;VY1;Visby;;Y;SFC8966;N;Y;N;;;FX;;GNS;14.71;0.00;Fiber/Plastic;;2009-04-03;MFL;1978-01-01;;2017-12-20
SWE000009510;;SWE;;;1.98;0.00;0.00;;8.30;0.00;CARLSTEN;SFC8959;GG53;Öckerö;;Y;SFC8959;N;Y;N;;;FX;;FPO, GND;76.00;0.00;Fiber/Plastic;;2009-03-30;MFL;2001-01-01;;2020-03-04
SWE000009516;;SWE;;;3.96;0.00;0.00;;9.06;0.00;GRACEY;SFC8985;HG35;;;Y;SFC8985;N;;;;;FX;;GNS;44.13;0.00;Fiber/Plastic;;2009-04-20;MFL;2009-01-01;;2017-09-08
SWE000009518;;SWE;;;1.08;0.00;0.00;;5.97;0.00;No name;SFC8987;UÅ24;Rovögern;;Y;SFC8987;N;Y;N;;;FX;;FPO, GNS;37.00;0.00;Fiber/Plastic;;2009-04-21;MFL;1988-01-01;;
SWE000009522;;SWE;;;2.09;0.00;0.00;;7.60;0.00;LINNEA;SFC8986;SD621;Havstenssund;;Y;SFC8986;N;Y;N;;;FX;;FPO, LHP;55.16;0.00;Fiber/Plastic;;2009-04-21;MFL;1979-01-01;;2022-07-27
SWE000009523;;SWE;;;0.59;0.00;0.00;;4.65;0.00;No name;SFC8991;KA25;Sturkö;;Y;SFC8991;N;Y;N;;;FX;;FPO, GNS;11.03;0.00;Fiber/Plastic;;2009-04-23;MFL;1980-01-01;;2019-09-26
SWE000009524;;SWE;;;3.39;0.00;0.00;;8.10;0.00;RESARÖ;SFC8995;SD15;Resö;;Y;SFC8995;N;Y;N;;;FX;;FPO;77.00;0.00;Fiber/Plastic;;2009-04-27;MFL;1985-01-01;;
SWE000009528;;SWE;;;1.39;0.00;0.00;;5.67;0.00;JANE II;SFC9020;KA24;Hasslö;;Y;SFC9020;N;Y;N;;;FX;;GNS;16.18;0.00;Fiber/Plastic;;2009-05-11;MFL;1970-01-01;;2015-04-06
SWE000009529;265640570;SWE;;;4.12;0.00;0.00;;9.50;0.00;ANDREA;SFC8949;GG435;Öckerö;;Y;SFC8949;N;Y;Y;;;FX;;FPO;161.81;0.00;Fiber/Plastic;;2009-05-25;MFL;2009-01-01;;
SWE000009531;;SWE;;;0.87;0.00;0.00;;5.99;0.00;HOLMEN 1;SFC9010;UÅ29;Holmsund;;Y;SFC9010;N;Y;N;;;FX;;GNS;44.00;0.00;Fiber/Plastic;;2009-05-06;MFL;1991-01-01;;
SWE000009534;;SWE;;;14.95;0.00;0.00;;11.85;0.00;No name;SFC8973;KR282;Byxelkrok;;Y;SFC8973;N;N;N;;;FX;;GNS, FPO;147.00;0.00;Metal;;2009-04-14;MFL;1996-01-01;;2020-12-01
SWE000009535;;SWE;;;1.28;0.00;0.00;;6.60;0.00;TINDRA;SFC9026;SIN3;Brantevik;;Y;SFC9026;N;Y;N;;;FX;;GNS, LHP;14.71;0.00;Fiber/Plastic;;2009-05-18;MFL;1975-01-01;;2014-08-06
SWE000009540;265639120;SWE;;;7.83;0.00;0.00;;9.98;0.00;VÄSTVÅG;SFC9066;VG92;Bua;;Y;SFC9066;N;Y;Y;;;FX;;GND, LTL;243.00;0.00;Fiber/Plastic;;2009-06-29;MFL;2009-01-01;;
SWE000009543;;SWE;;;13.68;0.00;0.00;;11.80;0.00;SANDIE;SFC9058;KR10;Greece;;Y;SFC9058;N;N;N;;;FX;;GNS;225.00;0.00;Fiber/Plastic;;2009-06-23;MFL;2008-01-01;;2019-02-23
SWE000009545;265649900;SWE;;;13.99;0.00;0.00;;9.97;0.00;SVARTSKÄR;SFC9072;LL9;Lysekil;;Y;SFC9072;N;N;Y;;;FX;;TBN, OTB;315.00;0.00;Fiber/Plastic;;2009-07-07;MFL;2005-01-01;;2017-08-24
SWE000009551;;SWE;;;1.62;0.00;0.00;;5.87;0.00;No name;SFC9075;GE16;Norrsundet;;Y;SFC9075;N;Y;N;;;FX;;GNS, FPO;81.00;0.00;Fiber/Plastic;;2009-07-07;MFL;2009-01-01;;
SWE000009553;;SWE;;;4.02;0.00;0.00;;9.90;0.00;RENLAND;SFC9112;LL712;Smögen;;Y;SFC9112;N;Y;N;;;FX;;FPO;91.94;0.00;Fiber/Plastic;;2009-09-02;MFL;1998-01-01;;
SWE000009554;;SWE;;;1.91;0.00;0.00;;6.42;0.00;No name;SFC9113;SD138;;;Y;SFC9113;N;N;N;;;FX;;FPO;18.39;0.00;Fiber/Plastic;;2009-09-04;MFL;1946-01-01;;2010-11-25
SWE000009557;;SWE;;;1.11;0.00;0.00;;5.39;0.00;ANNA;SFC9104;VY30;Slite;;Y;SFC9104;N;Y;N;;;FX;;GNS;29.00;0.00;Fiber/Plastic;;2009-08-20;MFL;1995-01-01;;
SWE000009558;;SWE;;;3.96;0.00;0.00;;8.40;0.00;KONGO;SFC6240;UÅ25;"Norrfjärden"", Sävar";;Y;SFC6240;N;Y;N;;;FX;;GNS, FPO;169.16;0.00;Fiber/Plastic;;2001-03-27;MFL;2001-01-01;;2011-08-31
SWE000009561;;SWE;;;5.16;0.00;0.00;;10.42;0.00;RIGEL;SFC9101;GG892;;;Y;SFC9101;N;N;N;;;FX;;OTB, NO;100.00;0.00;Fiber/Plastic;;2009-08-13;MFL;2008-01-01;;2016-09-07
SWE000009562;;SWE;;;1.55;0.00;0.00;;7.10;0.00;SIGNE;SFC8623;LÅ40;;;Y;SFC8623;N;;;;;FX;;GNS;66.19;0.00;Fiber/Plastic;;2008-04-18;MFL;2003-01-01;;2010-02-02
SWE000009564;;SWE;;;3.61;0.00;0.00;;8.40;0.00;SJARKE;SFC8988;GG717;Åstol;;Y;SFC8988;N;Y;N;;;FX;;FPO;93.00;0.00;Fiber/Plastic;;2009-04-22;MFL;1993-01-01;;2015-02-27
SWE000009567;266322000;SWE;;;228.00;0.00;0.00;;23.93;0.00;VÄSTERLAND;SJDE;GG181;Hönö;;Y;SJDE;Y;N;Y;9568251;;FX;;OTB, SDN;551.00;0.00;Metal;;2009-09-23;MFL;2009-01-01;;2025-06-05
SWE000009568;;SWE;;;1.30;0.00;0.00;;7.10;0.00;No name;SFC9129;LÅ77;Brändön;;Y;SFC9129;N;Y;N;;;FX;;FPO, GNS;44.13;0.00;Fiber/Plastic;;2009-10-01;MFL;2009-01-01;;
SWE000009570;;SWE;;;3.64;0.00;0.00;;7.55;0.00;SANDÖ;SFC9145;SG100;Hörvik;;Y;SFC9145;N;Y;N;;;FX;;GNS, LHP;26.48;0.00;Fiber/Plastic;;2009-10-21;MFL;1979-01-01;;2022-03-26
SWE000009571;;SWE;;;2.33;0.00;0.00;;7.50;0.00;SKIPPER;SFC9089;GG677;;;Y;SFC9089;N;N;N;;;FX;;FPO, GNS;110.32;0.00;Fiber/Plastic;;2009-07-22;MFL;2009-01-01;;2011-10-26
SWE000009572;;SWE;;;0.52;0.00;0.00;;4.31;0.00;No name;SFC9168;SM60;Herräng;;Y;SFC9168;N;Y;N;;;FX;;GNS;5.88;0.00;Metal;;2009-11-09;MFL;1998-01-01;;
SWE000009573;;SWE;;;1.10;0.00;0.00;;6.00;0.00;LEA;SFC9166;SM59;Herräng;;Y;SFC9166;N;Y;N;;;FX;;GNS;14.71;0.00;Fiber/Plastic;;2009-11-09;MFL;1989-01-01;;
SWE000009575;;SWE;;;0.82;0.00;0.00;;4.70;0.00;No name;SFC9171;SM75;Fälön;;Y;SFC9171;N;Y;N;;;FX;;GNS;14.71;0.00;Fiber/Plastic;;2009-11-12;MFL;1990-01-01;;2024-10-17
SWE000009582;;SWE;;;0.75;0.00;0.00;;4.77;0.00;ÖRNVIK;SFC9151;GG89;Torslanda;;Y;SFC9151;N;N;N;;;FX;;FPO, NO;29.42;0.00;Fiber/Plastic;;2009-10-29;MFL;1976-01-01;;2018-07-25
SWE000009586;;SWE;;;7.62;0.00;0.00;;9.90;0.00;SELFOSS;SFC9196;GG295;;;Y;SFC9196;N;N;N;;;FX;;FPO, LTL;175.00;0.00;Fiber/Plastic;;2009-12-29;MFL;2000-01-01;;2018-11-01
SWE000009593;;SWE;;;10.00;0.00;0.00;;11.06;0.00;ZAIDA;SFC9207;LL497;Fisketången;;Y;SFC9207;N;N;N;;;FX;;OTB, NO;123.00;0.00;Wood;;2017-10-17;MFL;1974-01-01;;2023-06-29
SWE000009597;;SWE;;;6.51;0.00;0.00;;9.94;0.00;THEA;SFC9229;GG220;Fiskebäck;;Y;SFC9229;N;Y;N;;;FX;;GND, GNS;199.32;0.00;Fiber/Plastic;;2010-03-04;MFL;2010-01-01;;
SWE000009598;265650120;SWE;;;8.39;0.00;0.00;;10.33;0.00;HANNA;SFC9228;GG879;Skärhamn;;Y;SFC9228;N;Y;Y;;;FX;;LHP;183.87;0.00;Fiber/Plastic;;2010-02-28;MFL;1991-01-01;;
SWE000009600;;SWE;;;7.83;0.00;0.00;;9.98;0.00;RAMONA;SFC9233;LL67;Kungshamn;;Y;SFC9233;N;Y;N;;;FX;;FPO, LHP;199.00;0.00;Fiber/Plastic;;2010-03-07;MFL;2010-01-01;;
SWE000009606;;SWE;;;1.41;0.00;0.00;;6.20;0.00;VÅGEN;SFC9281;GG402;Klädesholmen;;Y;SFC9281;N;N;N;;;FX;;FPO;40.00;0.00;Fiber/Plastic;;2010-04-27;MFL;2005-01-01;;2019-07-06
SWE000009610;;SWE;;;5.46;0.00;0.00;;8.70;0.00;LINNEA;SFC9294;GG211;Fiskebäck;;Y;SFC9294;N;Y;N;;;FX;;FPO, GND;177.00;0.00;Fiber/Plastic;;2010-05-05;MFL;1992-01-01;;
SWE000009611;;SWE;;;1.57;0.00;0.00;;6.04;0.00;WENDULA;SFC9299;GG351;;;Y;SFC9299;N;;;;;FX;;FPO;20.00;0.00;Fiber/Plastic;;2010-05-12;MFL;1977-01-01;;2015-10-01
SWE000009612;265761570;SWE;;;9.48;0.00;0.00;;9.99;0.00;TOP CAT II;SFC9298;SD246;Öddö;;Y;SFC9298;N;Y;Y;;;FX;;FPO, GND;353.04;0.00;Fiber/Plastic;;2010-05-12;MFL;2004-01-01;;2023-03-09
SWE000009614;;SWE;;;2.31;0.00;0.00;;6.90;0.00;ANNA;SFC9309;GG927;Rönnäng;;Y;SFC9309;N;Y;N;;;FX;;FPO, GND;20.59;0.00;Fiber/Plastic;;2010-05-19;MFL;1977-01-01;;2020-05-15
SWE000009617;;SWE;;;4.54;0.00;0.00;;9.95;0.00;BRÖDER;SFC9068;LA336;Bäckviken;;Y;SFC9068;N;Y;N;;;FX;;GTR, GNS;198.58;0.00;Fiber/Plastic;;2009-07-01;MFL;1978-01-01;;
SWE000009618;265642440;SWE;;;4.91;0.00;0.00;;9.80;0.00;JENS-GRUS;SFC9315;HG28;Jonstorp;;Y;SFC9315;N;Y;Y;;;FX;;GND, GNS;34.00;0.00;Wood;;2010-05-26;MFL;1965-01-01;;
SWE000009621;;SWE;;;3.25;0.00;0.00;;7.07;0.00;BERGÖLAND;SFC9327;GG109;Öckerö;;Y;SFC9327;N;Y;N;;;FX;;FPO, GND;36.77;0.00;Wood;;2010-06-06;MFL;1970-01-01;;
SWE000009625;;SWE;;;3.45;0.00;0.00;;8.81;0.00;LAGUN;SFC9366;LL630;Grundsund;;Y;SFC9366;N;Y;N;;;FX;;FPO;125.03;0.00;Fiber/Plastic;;2010-07-01;MFL;1992-01-01;;
SWE000009630;;SWE;;;1.74;0.00;0.00;;6.40;0.00;SALTHARSFJÄRDEN;SFC9388;GE61;Norrsundet;;Y;SFC9388;N;Y;N;;;FX;;GNS;84.58;0.00;Fiber/Plastic;;2010-07-20;MFL;2009-01-01;;
SWE000009631;;SWE;;;5.60;0.00;0.00;;8.45;0.00;VILLE;SFC9403;LL164;Fiskebäck;;Y;SFC9403;N;Y;N;;;FX;;FPO;91.94;0.00;Fiber/Plastic;;2010-07-27;MFL;2010-01-01;;
SWE000009632;;SWE;;;2.35;0.00;0.00;;8.85;0.00;PRINSEN;SFC9405;GG16;Lerkil;;Y;SFC9405;N;Y;N;;;FX;;FPO;117.00;0.00;Fiber/Plastic;;2010-07-29;MFL;1983-01-01;;2018-06-29
SWE000009637;;SWE;;;0.36;0.00;0.00;;5.40;0.00;CLARA 18;SFC9049;ON3;Timmernabben;;Y;SFC9049;N;Y;N;;;FX;;FPO;15.45;0.00;Fiber/Plastic;;2009-06-15;MFL;1981-01-01;;2017-03-22
SWE000009638;;SWE;;;7.36;0.00;0.00;;8.90;0.00;LIV;SFC9438;GG36;;;Y;SFC9438;N;;;;;FX;;LHP, FPO;183.87;0.00;Fiber/Plastic;;2010-09-10;MFL;2010-01-01;;2014-10-04
SWE000009639;;SWE;;;0.82;0.00;0.00;;6.10;0.00;No name;SFC9439;GE18;Norrsundet;;Y;SFC9439;N;Y;N;;;FX;;GNS;30.39;0.00;Fiber/Plastic;;2010-09-09;MFL;2000-01-01;;
SWE000009640;;SWE;;;1.05;0.00;0.00;;4.65;0.00;WILMA;SFC9441;GG88;Öckerö;;Y;SFC9441;N;Y;N;;;FX;;FPO, GND;29.42;0.00;Fiber/Plastic;;2010-09-14;MFL;2006-01-01;;2015-12-10
SWE000009641;;SWE;;;6.14;0.00;0.00;;10.35;0.00;ODESKÄR;SFC8835;GG850;;;Y;SFC8835;N;N;N;;;FX;;OTM, NO;183.87;0.00;Fiber/Plastic;;2008-10-01;MFL;1989-01-01;;2020-05-13
SWE000009642;;SWE;;;4.14;0.00;0.00;;9.92;0.00;SKIPPER;SFC9442;GG677;;;Y;SFC9442;N;N;N;;;FX;;GND, FPO;295.00;0.00;Fiber/Plastic;;2010-09-15;MFL;2010-01-01;;2018-10-05
SWE000009652;;SWE;;;2.28;0.00;0.00;;7.40;0.00;TÄRNSKÄR;SFC9450;KR1;Byxelkrok;;Y;SFC9450;N;Y;N;;;FX;;FPO, GNS;16.18;0.00;Fiber/Plastic;;2010-09-28;MFL;1988-01-01;;2016-06-29
SWE000009653;;SWE;;;1.53;0.00;0.00;;6.60;0.00;SOFIE;SFC9460;SG8;Hörvik;;Y;SFC9460;N;Y;N;;;FX;;LHP, GNS;18.39;0.00;Fiber/Plastic;;2010-10-07;MFL;1999-01-01;;2013-07-15
SWE000009654;;SWE;;;1.43;0.00;0.00;;6.40;0.00;JULIA;SFC9458;HL71;;;Y;SFC9458;N;;;;;FX;;GNS;44.13;0.00;Fiber/Plastic;;2010-10-07;MFL;2007-01-01;;2011-02-27
SWE000009655;;SWE;;;6.57;0.00;0.00;;9.80;0.00;HAVET;SFC9463;SD228;;;Y;SFC9463;N;;;;;FX;;OTB, FPO;87.00;0.00;Wood;;2010-10-14;MFL;1982-01-01;;2012-07-13
SWE000009660;;SWE;;;2.93;0.00;0.00;;8.10;0.00;NIORD;SFC9481;GG66;Bohus-Björkö;;Y;SFC9481;N;Y;N;;;FX;;FPO;116.00;0.00;Fiber/Plastic;;2010-11-19;MFL;2002-01-01;;2018-08-01
SWE000009663;;SWE;;;0.83;0.00;0.00;;5.20;0.00;No name;SFC9493;HA61;Storön;;Y;SFC9493;N;Y;N;;;FX;;GNS, FPO;18.39;0.00;Fiber/Plastic;;2010-12-07;MFL;1988-01-01;;2019-09-19
SWE000009664;;SWE;;;3.82;0.00;0.00;;7.45;0.00;KINGSTON;SFC9499;GG800;Fotö;;Y;SFC9499;N;Y;N;;;FX;;FPO, GND;22.00;0.00;Wood;;2010-12-12;MFL;1974-01-01;;2018-10-22
SWE000009665;265671520;SWE;;;6.51;0.00;0.00;;9.94;0.00;DANÖ;SFC9511;GG1206;Fiskebäck;;Y;SFC9511;N;Y;Y;;;FX;;FPO, GND;191.00;0.00;Fiber/Plastic;;2010-12-20;MFL;2010-01-01;;
SWE000009666;265660130;SWE;;;11.92;0.00;0.00;;9.98;0.00;MARIKA;SFC9514;GG237;Hönö;;Y;SFC9514;N;Y;Y;;;FX;;GND, FPO;373.00;0.00;Fiber/Plastic;;2010-12-28;MFL;2010-01-01;;
SWE000009679;265708730;SWE;;;7.83;0.00;0.00;;9.98;0.00;BISCAYA;SFC9522;GG34;Hönö;;Y;SFC9522;N;Y;Y;;;FX;;GNS;283.00;0.00;Fiber/Plastic;;2011-02-22;MFL;2010-01-01;;
SWE000009682;;SWE;;;1.23;0.00;0.00;;6.10;0.00;EMILIA;SFC9532;HG1;Arild;;Y;SFC9532;N;Y;N;;;FX;;GTR, FPO;36.77;0.00;Fiber/Plastic;;2011-03-15;MFL;1980-01-01;;2015-05-20
SWE000009684;;SWE;;;1.45;0.00;0.00;;6.35;0.00;BRITTA;SFC8780;GG595;Marstrand;;Y;SFC8780;N;Y;N;;;FX;;FPO;84.00;0.00;Fiber/Plastic;;2011-04-08;MFL;2006-01-01;;2016-01-26
SWE000009690;;SWE;;;5.74;0.00;0.00;;9.75;0.00;TÄRNAN;SFC9563;YD32;;;Y;SFC9563;N;;;;;FX;;GNS, LHP;187.50;0.00;Fiber/Plastic;;2011-05-05;MFL;1986-01-01;;2015-04-15
SWE000009692;;SWE;;;9.70;0.00;0.00;;10.66;0.00;THEA;SFC9580;GG220;;;Y;SFC9580;N;N;N;;;FX;;GND, GNS;198.58;0.00;Fiber/Plastic;;2011-05-17;MFL;2011-01-01;;2014-07-10
SWE000009695;;SWE;;;0.58;0.00;0.00;;4.55;0.00;ANGUILLA;SFC9575;KN7;Karlshamn;;Y;SFC9575;N;Y;N;;;FX;;FPO, GNS;7.35;0.00;Fiber/Plastic;;2011-05-13;MFL;1980-01-01;;2016-12-21
SWE000009696;;SWE;;;1.02;0.00;0.00;;6.05;0.00;No name;SFC9587;HA3;Nikkala;;Y;SFC9587;N;Y;N;;;FX;;FPO, GNS;22.06;0.00;Fiber/Plastic;;2011-05-24;MFL;1985-01-01;;
SWE000009697;;SWE;;;3.21;0.00;0.00;;7.00;0.00;TÄRNAN;SFC9588;SIN85;Vik;;Y;SFC9588;N;Y;N;;;FX;;LHP, GNS;22.06;0.00;Fiber/Plastic;;2011-05-27;MFL;1980-01-01;;2024-03-01
SWE000009701;;SWE;;;1.47;0.00;0.00;;6.01;0.00;No name;SFC9586;LÅ3;Rågholmssundet Gussön;;Y;SFC9586;N;Y;N;;;FX;;FPO, GNS;37.00;0.00;Fiber/Plastic;;2011-05-26;MFL;1990-01-01;;
SWE000009702;;SWE;;;2.82;0.00;0.00;;7.60;0.00;STELLA;SFC9596;SD8;Strömstad;;Y;SFC9596;N;Y;N;;;FX;;FPO;47.00;0.00;Fiber/Plastic;;2011-06-17;MFL;1973-01-01;;2012-05-07
SWE000009703;;SWE;;;4.37;0.00;0.00;;7.92;0.00;No name;SFC9585;GG375;Fotö;;Y;SFC9585;N;Y;N;;;FX;;FPO;220.65;0.00;Fiber/Plastic;;2011-05-24;MFL;1996-01-01;;
SWE000009710;;SWE;;;1.02;0.00;0.00;;5.40;0.00;JENNY;SFC9581;ÖK4;Köpmanholmen;;Y;SFC9581;N;Y;N;;;FX;;FPO, GNS;30.00;0.00;Fiber/Plastic;;2011-05-18;MFL;1995-01-01;;
SWE000009711;;SWE;;;0.94;0.00;0.00;;6.16;0.00;MAGDALENA;SFC9589;GG37;;;Y;SFC9589;N;;;;;FX;;FPO, GNS;65.00;0.00;Fiber/Plastic;;2011-05-27;MFL;2000-01-01;;2015-05-21
SWE000009713;;SWE;;;0.17;0.00;0.00;;3.65;0.00;No name;SFC9602;VK70;Greece;;Y;SFC9602;N;N;N;;;FX;;FPO;6.62;0.00;Fiber/Plastic;;2011-06-23;MFL;1966-01-01;;2017-02-01
SWE000009714;;SWE;;;1.46;0.00;0.00;;6.40;0.00;HELEN;SFC9598;ÖK12;Skeppsmalen;;Y;SFC9598;N;Y;N;;;FX;;GNS;51.48;0.00;Fiber/Plastic;;2011-06-19;MFL;2009-01-01;;
SWE000009715;;SWE;;;2.10;0.00;0.00;;7.50;0.00;DARWIN;SFC9597;LL494;Grundsund;;Y;SFC9597;N;Y;N;;;FX;;FPO;36.77;0.00;Fiber/Plastic;;2011-06-20;MFL;1999-01-01;;2021-04-21
SWE000009716;;SWE;;;1.86;0.00;0.00;;7.50;0.00;FILIP;SFC9622;UÅ62;Holmsund;;Y;SFC9622;N;Y;N;;;FX;;FPO, GNS;162.00;0.00;Fiber/Plastic;;2011-07-21;MFL;2011-01-01;;
SWE000009717;;SWE;;;764.00;0.00;0.00;;51.72;0.00;CLIPPERTON;SHKW;GG438;Donsö;;Y;SHKW;Y;N;Y;9211676;;FX;;OTM, OTB;2030.00;1077.00;Metal;;2011-07-29;MFL;1998-01-01;;
SWE000009718;;SWE;;;0.23;0.00;0.00;;5.13;0.00;No name;SFC9611;ON13;Mönsterås;;Y;SFC9611;N;Y;N;;;FX;;FPO, NO;36.77;0.00;Fiber/Plastic;;2011-07-10;MFL;2004-01-01;;
SWE000009719;;SWE;;;1.28;0.00;0.00;;6.10;0.00;BLÅSTEN;SFC9607;UÅ74;Burvik;;Y;SFC9607;N;Y;N;;;FX;;FPO, GNS;33.10;0.00;Fiber/Plastic;;2011-07-05;MFL;1995-01-01;;2020-04-18
SWE000009721;;SWE;;;1.35;0.00;0.00;;6.88;0.00;DORIS;SFC9616;GG705;;;Y;SFC9616;N;;;;;FX;;FPO, LTL;73.00;0.00;Fiber/Plastic;;2011-07-19;MFL;2005-01-01;;2013-04-14
SWE000009722;;SWE;;;6.83;0.00;0.00;;8.95;0.00;CAPRI;SFC9648;SD301;Syd-Koster;;Y;SFC9648;N;Y;N;;;FX;;FPO, GND;62.52;0.00;Fiber/Plastic;;2011-08-30;MFL;1988-01-01;;
SWE000009723;;SWE;;;2.94;0.00;0.00;;7.15;0.00;No name;SFC9615;GG219;Onsala;;Y;SFC9615;N;Y;N;;;FX;;FPO;73.55;0.00;Fiber/Plastic;;2011-07-18;MFL;1985-01-01;;
SWE000009724;;SWE;;;2.97;0.00;0.00;;7.35;0.00;SVANFJORD;SFC9614;GG402;Klädesholmen;;Y;SFC9614;N;Y;N;;;FX;;FPO;37.51;0.00;Fiber/Plastic;;2011-07-19;MFL;1981-01-01;;
SWE000009727;;SWE;;;0.75;0.00;0.00;;4.95;0.00;No name;SFC9651;KA48;"Stenshamn"", Utlängan";;Y;SFC9651;N;Y;N;;;FX;;FPO;22.06;0.00;Fiber/Plastic;;2011-09-08;MFL;1985-01-01;;
SWE000009729;;SWE;;;289.00;0.00;0.00;;34.41;0.00;RUNAFJORD;SMTK;GG50;Fiskebäck;;Y;SMTK;Y;N;Y;;;FX;;OTB, NO;641.00;135.00;Metal;;2011-08-15;MFL;1974-01-01;;
SWE000009732;;SWE;;;3.19;0.00;0.00;;8.75;0.00;ANNY;SFC9662;GG57;Hönö;;Y;SFC9662;N;Y;N;;;FX;;FPO;110.00;0.00;Fiber/Plastic;;2011-09-22;MFL;2000-01-01;;2014-05-09
SWE000009734;;SWE;;;1.43;0.00;0.00;;6.05;0.00;No name;SFC9628;PÅ12;Piteå;;Y;SFC9628;N;Y;N;;;FX;;FPO, GNS;44.13;0.00;Fiber/Plastic;;2011-07-27;MFL;2011-01-01;;
SWE000009738;;SWE;;;2.34;0.00;0.00;;6.80;0.00;BRATTIS;SFC9643;GG98;Åstol;;Y;SFC9643;N;Y;N;;;FX;;FPO;25.74;0.00;Fiber/Plastic;;2011-08-05;MFL;1972-01-01;;2013-11-26
SWE000009739;;SWE;;;1.11;0.00;0.00;;4.97;0.00;No name;SFC9659;UÅ7;Holmsund;;Y;SFC9659;N;Y;N;;;FX;;FPO, GNS;44.00;0.00;Fiber/Plastic;;2011-09-15;MFL;2010-01-01;;
SWE000009742;;SWE;;;0.15;0.00;0.00;;4.70;0.00;ELISE III;SFC9652;NRG113;Valdemarsvik;;Y;SFC9652;N;Y;N;;;FX;;FPO, NO;11.03;0.00;Fiber/Plastic;;2011-09-11;MFL;1986-01-01;;
SWE000009744;;SWE;;;2.92;0.00;0.00;;8.23;0.00;LEANN;SFC9647;GG142;Vrångö;;Y;SFC9647;N;Y;N;;;FX;;LTL, FPO;55.16;0.00;Fiber/Plastic;;2011-08-29;MFL;1989-01-01;;
SWE000009745;;SWE;;;3.56;0.00;0.00;;8.92;0.00;SAGA;SFC9690;GG76;Öckerö;;Y;SFC9690;N;Y;N;;;FX;;FPO;176.52;0.00;Fiber/Plastic;;2011-10-14;MFL;2006-01-01;;2015-06-21
SWE000009746;;SWE;;;0.82;0.00;0.00;;4.95;0.00;No name;SFC9683;ON141;Runnö;;Y;SFC9683;N;Y;N;;;FX;;FPO;14.71;0.00;Fiber/Plastic;;2011-10-11;MFL;1983-01-01;;
SWE000009747;;SWE;;;0.29;0.00;0.00;;4.95;0.00;No name;SFC9687;SM45;Rödlöga;;Y;SFC9687;N;Y;N;;;FX;;FPO, GNS;36.77;0.00;Fiber/Plastic;;2011-10-12;MFL;2010-01-01;;2014-10-07
SWE000009748;;SWE;;;1.47;0.00;0.00;;5.55;0.00;No name;SFC9658;SD18;Resö;;Y;SFC9658;N;Y;N;;;FX;;FPO, SB;29.42;0.00;Fiber/Plastic;;2011-09-16;MFL;1991-01-01;;2022-12-07
SWE000009749;;SWE;;;0.58;0.00;0.00;;4.95;0.00;No name;SFC9660;ÖK6;;;Y;SFC9660;N;N;N;;;FX;;GNS;22.06;0.00;Fiber/Plastic;;2011-09-19;MFL;1981-01-01;;2016-03-25
SWE000009750;;SWE;;;4.70;0.00;0.00;;7.80;0.00;SIGNE;SFC9664;LL124;Lysekil;;Y;SFC9664;N;Y;N;;;FX;;DRH, NO;16.18;0.00;Fiber/Plastic;;2011-09-23;MFL;1952-01-01;;2020-10-07
SWE000009752;;SWE;;;1.69;0.00;0.00;;5.22;0.00;No name;SFC9689;ON9;"Marsö"", Västervik";;Y;SFC9689;N;Y;N;;;FX;;FPO;13.40;0.00;Wood;;2011-10-12;MFL;1970-01-01;;2025-08-17
SWE000009754;;SWE;;;1.38;0.00;0.00;;5.40;0.00;No name;SFC9691;KA3;"Aspö"", Karlskrona";;Y;SFC9691;N;N;N;;;FX;;GNS;6.00;0.00;Fiber/Plastic;;2011-10-14;MFL;1978-01-01;;
SWE000009763;266353000;SWE;;;807.00;0.00;0.00;;43.85;0.00;LÖVÖN;SJKE;GG778;Rönnäng;;Y;SJKE;Y;N;Y;9644782;;FX;;OTM, OTB;2000.00;500.00;Metal;;2012-01-01;MFL;2012-01-01;;
SWE000009766;;SWE;;;3.48;0.00;0.00;;8.30;0.00;ELLEN;SFC9571;GG1440;Rörö;;Y;SFC9571;N;Y;N;;;FX;;GNS, FPO;169.16;0.00;Fiber/Plastic;;2011-05-10;MFL;2008-01-01;;2017-06-14
SWE000009767;;SWE;;;1.10;0.00;0.00;;6.05;0.00;No name;SFC9710;ÅS4;Åhus;;Y;SFC9710;N;Y;N;;;FX;;FPO, NO;11.03;0.00;Fiber/Plastic;;2011-11-09;MFL;1970-01-01;;2018-09-19
SWE000009768;;SWE;;;0.71;0.00;0.00;;5.30;0.00;CARIN;SFC9705;UÅ14;Bureå;;Y;SFC9705;N;Y;N;;;FX;;FPO, NO;22.06;0.00;Fiber/Plastic;;2011-11-04;MFL;1986-01-01;;2016-11-23
SWE000009769;;SWE;;;1.06;0.00;0.00;;5.98;0.00;No name;SFC9708;NRG5;Målma;;Y;SFC9708;N;Y;N;;;FX;;GNS;9.56;0.00;Wood;;2011-11-24;MFL;1969-01-01;;2019-05-29
SWE000009775;;SWE;;;0.11;0.00;0.00;;4.20;0.00;No name;SFC9696;NRG26;Gryt;;Y;SFC9696;N;Y;N;;;FX;;FPO;18.39;0.00;Fiber/Plastic;;2011-10-18;MFL;1985-01-01;;
SWE000009777;;SWE;;;0.61;0.00;0.00;;5.98;0.00;No name;SFC9721;HND14;Bönhamn;;Y;SFC9721;N;Y;N;;;FX;;GNS, FPO;29.42;0.00;Fiber/Plastic;;2011-12-19;MFL;1980-01-01;;2016-12-21
SWE000009778;;SWE;;;0.92;0.00;0.00;;5.20;0.00;No name;SFC9729;UÅ25;"Norrfjärden"", Sävar";;Y;SFC9729;N;Y;N;;;FX;;GNS;29.42;0.00;Fiber/Plastic;;2011-12-22;MFL;2007-01-01;;2018-12-15
SWE000009779;;SWE;;;0.80;0.00;0.00;;4.92;0.00;No name;SFC9727;ÖK5;Husum;;Y;SFC9727;N;Y;N;;;FX;;FPO, GNS;29.00;0.00;Fiber/Plastic;;2011-12-20;MFL;1981-01-01;;
SWE000009780;265002320;SWE;;;19.34;0.00;0.00;;11.95;0.00;BOKÖLAND;SFC9713;VY76;Slite;;Y;SFC9713;N;Y;Y;;;FX;;OTB, OTM;162.55;0.00;Metal;;2011-11-15;MFL;1982-01-01;;
SWE000009781;;SWE;;;7.77;0.00;0.00;;10.20;0.00;ROSLAGEN;SFC9724;SM43;Grisslehamn;;Y;SFC9724;N;N;N;;;FX;;GNS, NO;83.00;0.00;Metal;;2011-12-19;MFL;1976-01-01;;2013-11-20
SWE000009782;;SWE;;;0.91;0.00;0.00;;5.90;0.00;No name;SFC9730;UÅ41;Renholmen;;Y;SFC9730;N;Y;N;;;FX;;GNS;7.28;0.00;Fiber/Plastic;;2012-01-03;MFL;1968-01-01;;2020-03-09
SWE000009785;;SWE;;;0.36;0.00;0.00;;5.80;0.00;LAXEN;SFC9719;;;;Y;SFC9719;N;;;;;FX;;FPO;22.06;0.00;Fiber/Plastic;;2011-12-06;MFL;1970-01-01;;2015-11-12
SWE000009786;;SWE;;;0.23;0.00;0.00;;5.40;0.00;KAP 83;SFC9720;SM81;Backby;;Y;SFC9720;N;Y;N;;;FX;;FPO, GNS;13.24;0.00;Metal;;2011-12-07;MFL;1983-01-01;;2024-06-03
SWE000009787;;SWE;;;0.50;0.00;0.00;;4.40;0.00;ÅLEN;SFC9726;KA34;Konungshamn;;Y;SFC9726;N;Y;N;;;FX;;FPO;3.68;0.00;Fiber/Plastic;;2011-12-20;MFL;1985-01-01;;2020-09-01
SWE000009788;;SWE;;;1.06;0.00;0.00;;6.20;0.00;No name;SFC9725;TG4;Skåre;;Y;SFC9725;N;Y;N;;;FX;;GNS;7.35;0.00;Fiber/Plastic;;2011-12-19;MFL;1980-01-01;;2017-06-14
SWE000009789;;SWE;;;0.26;0.00;0.00;;4.45;0.00;No name;SFC9722;UÅ19;Holmsund;;Y;SFC9722;N;Y;N;;;FX;;GNS, FPO;7.28;0.00;Wood;;2011-12-18;MFL;1986-01-01;;
SWE000009790;;SWE;;;2.57;0.00;0.00;;7.70;0.00;OLLE RUNN;SFC9733;SD32;;;Y;SFC9733;N;N;N;;;FX;;FPO;14.71;0.00;Fiber/Plastic;;2012-01-23;MFL;1958-01-01;;2019-04-12
SWE000009794;;SWE;;;0.63;0.00;0.00;;4.45;0.00;SIGNE;SFC9744;KN8;Karlshamn;;Y;SFC9744;N;Y;N;;;FX;;FPO, GNS;22.06;0.00;Fiber/Plastic;;2012-02-14;MFL;1975-01-01;;2024-01-07
SWE000009795;;SWE;;;499.00;0.00;0.00;;40.05;0.00;VÄSTFJORD;SKNM;GG218;Fotö;;Y;SKNM;Y;Y;Y;8322765;;FX;;OTM, NO;1280.00;570.00;Metal;;2012-02-14;MFL;1984-01-01;;
SWE000009796;;SWE;;;0.96;0.00;0.00;;5.50;0.00;HÄLLEVIK;SFC9706;SIN13;Stenshuvud;;Y;SFC9706;N;Y;N;;;FX;;FPO, NO;7.35;0.00;Wood;;2011-11-06;MFL;1965-01-01;;
SWE000009797;;SWE;;;0.83;0.00;0.00;;4.65;0.00;No name;SFC9756;UÅ39;Bygdeå;;Y;SFC9756;N;Y;N;;;FX;;GNS;18.39;0.00;Fiber/Plastic;;2012-02-26;MFL;1990-01-01;;
SWE000009798;;SWE;;;1.40;0.00;0.00;;6.70;0.00;EJA;SFC9751;LL24;Gåsö;;Y;SFC9751;N;Y;N;;;FX;;FPO, NO;16.18;0.00;Wood;;2012-02-23;MFL;1960-01-01;;
SWE000009799;;SWE;;;0.97;0.00;0.00;;5.85;0.00;No name;SFC9745;UÅ28;Kågnäsudden;;Y;SFC9745;N;Y;N;;;FX;;GNS;18.00;0.00;Fiber/Plastic;;2012-02-16;MFL;1973-01-01;;2016-10-23
SWE000009800;;SWE;;;1.45;0.00;0.00;;7.00;0.00;No name;SFC9755;HND2;Bondhamn;;Y;SFC9755;N;Y;N;;;FX;;FPO, GNS;55.16;0.00;Fiber/Plastic;;2012-02-26;MFL;2007-01-01;;
SWE000009801;;SWE;;;0.91;0.00;0.00;;5.72;0.00;No name;SFC9736;UÅ26;Kallviken;;Y;SFC9736;N;Y;N;;;FX;;GNS, FPO;14.71;0.00;Fiber/Plastic;;2012-01-25;MFL;2005-01-01;;2017-03-21
SWE000009802;265691740;SWE;;;3.29;0.00;0.00;;8.40;0.00;CORIOLA;SFC9764;GG65;Öckerö;;Y;SFC9764;N;Y;Y;;;FX;;GND, FPO;110.32;0.00;Fiber/Plastic;;2012-03-11;MFL;1985-01-01;;
SWE000009803;;SWE;;;1.97;0.00;0.00;;6.60;0.00;No name;SFC9766;SG2;Hörvik;;Y;SFC9766;N;Y;N;;;FX;;FPO, NO;14.00;0.00;Wood;;2012-03-19;MFL;1967-01-01;;
SWE000009804;;SWE;;;0.45;0.00;0.00;;4.67;0.00;LINA;SFC9771;KA5;;;Y;SFC9771;N;;;;;FX;;FPO, LLS;2.94;0.00;Fiber/Plastic;;2012-04-03;MFL;1970-01-01;;2015-08-28
SWE000009805;;SWE;;;0.64;0.00;0.00;;5.00;0.00;No name;SFC5051;NRG11;Uvmarö Hamn;;Y;SFC5051;N;Y;N;;;FX;;FPO, NO;29.42;0.00;Fiber/Plastic;;2012-04-04;MFL;1992-01-01;;
SWE000009807;;SWE;;;1.58;0.00;0.00;;5.74;0.00;GRYM;SFC9609;SM48;Rågskär;;Y;SFC9609;N;Y;N;;;FX;;FPO, NO;84.58;0.00;Metal;;2011-07-06;MFL;2011-01-01;;
SWE000009808;;SWE;;;0.42;0.00;0.00;;4.70;0.00;MARI II;SFC9778;VK3;Loftahammar;;Y;SFC9778;N;Y;N;;;FX;;FPO, GNS;22.06;0.00;Fiber/Plastic;;2012-04-17;MFL;1995-01-01;;
SWE000009809;;SWE;;;4.21;0.00;0.00;;9.50;0.00;MARELD;SFC9770;GG99;Marstrand;;Y;SFC9770;N;Y;N;;;FX;;FPO;235.36;0.00;Fiber/Plastic;;2012-04-02;MFL;2012-01-01;;2016-09-02
SWE000009812;;SWE;;;0.43;0.00;0.00;;4.40;0.00;No name;SFC9780;VK13;Östra Eknö;;Y;SFC9780;N;Y;N;;;FX;;FPO;4.41;0.00;Fiber/Plastic;;2012-04-24;MFL;1980-01-01;;2019-08-14
SWE000009814;;SWE;;;1.08;0.00;0.00;;5.60;0.00;No name;SFC9768;SL13;"Åstön"", Åstön";;Y;SFC9768;N;Y;N;;;FX;;FPO, NO;33.10;0.00;Fiber/Plastic;;2012-03-22;MFL;1986-01-01;;
SWE000009815;;SWE;;;0.46;0.00;0.00;;6.10;0.00;NORDANVIND;SFC9739;HA79;Marahamn;;Y;SFC9739;N;N;N;;;FX;;GNS;36.77;0.00;Fiber/Plastic;;2012-02-06;MFL;1989-01-01;;2025-01-16
SWE000009820;265696090;SWE;;;7.01;0.00;0.00;;11.31;0.00;ASTERIX;SFC9807;VG4;Träslövsläge;;Y;SFC9807;N;Y;Y;;;FX;;FPO, LTL;313.00;0.00;Fiber/Plastic;;2012-05-20;MFL;2009-01-01;;
SWE000009821;;SWE;;;7.62;0.00;0.00;;10.65;0.00;GULLMARSFJORD;SFC9809;LL27;Fiskebäckskil;;Y;SFC9809;N;Y;N;;;FX;;FPO;213.29;0.00;Fiber/Plastic;;2012-05-24;MFL;2012-01-01;;
SWE000009822;;SWE;;;0.81;0.00;0.00;;5.59;0.00;SEA STAR;SFC9769;KR57;"Sandvik"", Öland";;Y;SFC9769;N;Y;N;;;FX;;GNS;5.88;0.00;Wood;;2012-03-30;MFL;1960-01-01;;2013-04-08
SWE000009824;;SWE;;;4.29;0.00;0.00;;8.45;0.00;SJÖBJÖRN;SFC8366;SM17;Nynäshamn;;Y;SFC8366;N;Y;N;;;FX;;GNS;228.00;0.00;Metal;;2007-07-26;MFL;2007-01-01;;2012-10-08
SWE000009827;;SWE;;;0.24;0.00;0.00;;4.55;0.00;No name;SFC5038;VK16;Smågö;;Y;SFC5038;N;Y;N;;;FX;;GNS;18.00;0.00;Fiber/Plastic;;2012-06-07;MFL;1978-01-01;;2022-09-29
SWE000009831;;SWE;;;0.68;0.00;0.00;;5.36;0.00;No name;SFC9838;KR17;Böda;;Y;SFC9838;N;Y;N;;;FX;;FPO, NO;29.42;0.00;Fiber/Plastic;;2012-07-03;MFL;1978-01-01;;
SWE000009833;;SWE;;;0.74;0.00;0.00;;4.96;0.00;FRISEBODA;SFC9848;ÅS1;Friseboda;;Y;SFC9848;N;Y;N;;;FX;;FPO, NO;14.71;0.00;Fiber/Plastic;;2012-07-11;MFL;1975-01-01;;
SWE000009835;266412000;SWE;;;19.47;0.00;0.00;;13.48;0.00;NOVA AF LULEÅ;SHWB;LÅ18;Luleå;;Y;SHWB;Y;N;Y;;;FX;;PTB, GNS;261.00;0.00;Fiber/Plastic;;2012-08-27;MFL;2012-01-01;;
SWE000009842;;SWE;;;1.09;0.00;0.00;;5.25;0.00;ANNE MARIE;SFC9850;KA42;Torhamn;;Y;SFC9850;N;Y;N;;;FX;;FPO;11.03;0.00;Fiber/Plastic;;2012-07-11;MFL;1980-01-01;;
SWE000009846;;SWE;;;2.87;0.00;0.00;;6.06;0.00;ROY;SFC9823;SD129;Edsvik;;Y;SFC9823;N;Y;N;;;FX;;FPO, NO;11.04;0.00;Wood;;2012-06-28;MFL;1960-01-01;;2017-05-17
SWE000009848;265055090;SWE;;;0.27;0.00;0.00;;4.54;0.00;BORO;SFC9833;KR22;Unnestads Läge;;Y;SFC9833;N;Y;Y;;;FX;;FPO, NO;5.15;0.00;Fiber/Plastic;;2012-07-02;MFL;1980-01-01;;
SWE000009850;;SWE;;;1.01;0.00;0.00;;4.96;0.00;No name;SFC9830;SL16;Märrgård;;Y;SFC9830;N;Y;N;;;FX;;FPO, NO;14.71;0.00;Fiber/Plastic;;2012-07-02;MFL;1980-01-01;;2017-12-15
SWE000009851;;SWE;;;1.67;0.00;0.00;;7.62;0.00;VÄSTAN;SFC9835;LÅ46;;;Y;SFC9835;N;;;;;FX;;GNS, NO;147.10;0.00;Fiber/Plastic;;2012-07-04;MFL;1990-01-01;;2013-01-26
SWE000009855;;SWE;;;0.65;0.00;0.00;;4.85;0.00;No name;SFC9872;VK18;Loftahammar;;Y;SFC9872;N;Y;N;;;FX;;GNS;36.77;0.00;Fiber/Plastic;;2012-07-25;MFL;1985-01-01;;2017-12-29
SWE000009857;;SWE;;;5.18;0.00;0.00;;8.60;0.00;BELONE;SFC9855;ON5;Timmernabben;;Y;SFC9855;N;N;N;;;FX;;GNS;22.06;0.00;Fiber/Plastic;;2012-07-18;MFL;1975-01-01;;2015-03-13
SWE000009858;;SWE;;;1.48;0.00;0.00;;7.50;0.00;HENRIETTA AF MUNKHOLMEN;SFC9887;NRG2;Gryt;;Y;SFC9887;N;Y;N;;;FX;;GNS;25.74;0.00;Wood;;2012-09-13;MFL;1990-01-01;;
SWE000009867;;SWE;;;7.65;0.00;0.00;;11.32;0.00;SKIPPY;SFC9903;GG59;;;Y;SFC9903;N;;;;;FX;;FPO;232.00;0.00;Fiber/Plastic;;2012-10-19;MFL;2010-01-01;;2013-05-24
SWE000009874;;SWE;;;1.65;0.00;0.00;;6.10;0.00;TINA HALMSTAD;SFC9901;HD2;Halmstad;;Y;SFC9901;N;Y;N;;;FX;;GNS;17.65;0.00;Wood;;2012-11-18;MFL;1960-01-01;;
SWE000009875;;SWE;;;1.72;0.00;0.00;;5.60;0.00;GOGO;SFC9893;SD21;Hamburgsund;;Y;SFC9893;N;Y;N;;;FX;;FPO;66.19;0.00;Fiber/Plastic;;2012-09-26;MFL;1980-01-01;;2016-11-02
SWE000009876;266355000;SWE;;;14.96;0.00;0.00;;11.95;0.00;CARINA AF HEESTRAND;SFC9909;SD6;Heestrand;;Y;SFC9909;Y;Y;Y;;;FX;;TBN, FPO;180.00;0.00;Fiber/Plastic;;2012-11-26;MFL;1975-01-01;;
SWE000009882;265595110;SWE;;;23.92;0.00;0.00;;11.88;0.00;PAULINE;SFC9922;LL89;Smögen;;Y;SFC9922;N;Y;Y;;;FX;;TBN, OTB;173.00;0.00;Fiber/Plastic;;2013-01-29;MFL;1987-01-01;;
SWE000009885;;SWE;;;2.24;0.00;0.00;;6.90;0.00;HÄNDELÖN;SFC9895;VK107;Händelöp;;Y;SFC9895;N;Y;N;;;FX;;GNS;22.06;0.00;Fiber/Plastic;;2012-10-02;MFL;1980-01-01;;
SWE000009890;;SWE;;;1.02;0.00;0.00;;6.05;0.00;No name;SFC9811;SN4;Prästgrundet;;Y;SFC9811;N;Y;N;;;FX;;FPO, GNS;36.77;0.00;Fiber/Plastic;;2012-05-29;MFL;2012-01-01;;
SWE000009892;;SWE;;;1.76;0.00;0.00;;6.90;0.00;DELFIN AF HANÖ;SFC9914;SG20;Nogersund;;Y;SFC9914;N;Y;N;;;FX;;GNS;39.72;0.00;Fiber/Plastic;;2012-12-21;MFL;1993-01-01;;2016-03-17
SWE000009894;265767440;SWE;;;11.76;14.00;0.00;;11.50;0.00;CAMILLA;SFC9926;KR25;Böda;;Y;SFC9926;N;Y;Y;;;FX;;OTB, GNS;224.00;0.00;Wood;;2013-02-11;MFL;1955-01-01;;
SWE000009896;;SWE;;;7.94;0.00;0.00;;9.99;0.00;WANDA;SFC9931;GG341;Öckerö;;Y;SFC9931;N;N;N;;;FX;;GND, LHP;196.00;0.00;Fiber/Plastic;;2013-03-08;MFL;2012-01-01;;2019-07-11
SWE000009899;;SWE;;;0.51;0.00;0.00;;5.60;0.00;KÅLÖ;SFC9941;LL233;;;Y;SFC9941;N;N;N;;;FX;;FPO;29.42;0.00;Fiber/Plastic;;2013-04-04;MFL;1995-01-01;;2013-08-31
SWE000009902;;SWE;;;6.13;0.00;0.00;;9.30;0.00;AXÖ;SFC7380;SD248;Edsvik;;Y;SFC7380;N;Y;N;;;FX;;OTB, NO;176.52;0.00;Fiber/Plastic;;2012-09-16;MFL;2008-01-01;;
SWE000009903;;SWE;;;0.96;0.00;0.00;;6.00;0.00;HOMMAN;SFC9927;ÅS12;Åhus;;Y;SFC9927;N;Y;N;;;FX;;FPO, GNS;7.35;0.00;Fiber/Plastic;;2013-02-12;MFL;1977-01-01;;
SWE000009913;;SWE;;;1.39;0.00;0.00;;6.40;0.00;No name;SFC9956;UÅ18;Täfteå;;Y;SFC9956;N;Y;N;;;FX;;GNS, NO;44.13;0.00;Fiber/Plastic;;2013-04-25;MFL;1990-01-01;;
SWE000009914;;SWE;;;2.02;0.00;0.00;;4.98;0.00;WILMA;SFC9975;LL114;Stocken;;Y;SFC9975;N;Y;N;;;FX;;FPO;37.00;0.00;Fiber/Plastic;;2013-05-16;MFL;1980-01-01;;
SWE000009924;;SWE;;;10.46;0.00;0.00;;11.99;0.00;MASI;SFD2010;HA7;Storön;;Y;SFD2010;N;Y;N;;;FX;;PTB, GNS;353.00;0.00;Metal;;2013-07-15;MFL;1984-01-01;;
SWE000009925;;SWE;;;1.12;0.00;0.00;;6.23;0.00;TRESTJÄRNAN;SFD2005;ÖK7;;;Y;SFD2005;N;N;N;;;FX;;GNS;36.77;0.00;Fiber/Plastic;;2013-07-09;MFL;1969-01-01;;2018-08-16
SWE000009927;;SWE;;;0.87;0.00;0.00;;6.00;0.00;ELLA;SFD2023;GE10;Norrsundet;;Y;SFD2023;N;Y;N;;;FX;;GNS;36.77;0.00;Fiber/Plastic;;2013-08-16;MFL;1987-01-01;;2016-04-20
SWE000009929;;SWE;;;0.33;0.00;0.00;;4.97;0.00;No name;SFD2015;SG5;Hörvik;;Y;SFD2015;N;Y;N;;;FX;;FPO;22.06;0.00;Wood;;2013-07-31;MFL;1988-01-01;;
SWE000009930;;SWE;;;0.51;0.00;0.00;;4.65;0.00;No name;SFD2013;HG37;Svanshall;;Y;SFD2013;N;Y;N;;;FX;;GNS, GND;20.59;0.00;Fiber/Plastic;;2013-07-18;MFL;1983-01-01;;
SWE000009933;;SWE;;;0.43;0.00;0.00;;4.20;0.00;No name;SFC9980;NRG30;Gryt;;Y;SFC9980;N;Y;N;;;FX;;FPO, GNS;14.71;0.00;Fiber/Plastic;;2013-06-09;MFL;1974-01-01;;
SWE000009934;;SWE;;;0.29;0.00;0.00;;4.70;0.00;FREJA;SFD2024;KR4;Färjestaden;;Y;SFD2024;N;Y;N;;;FX;;FPO, GNS;3.75;0.00;Fiber/Plastic;;2013-07-18;MFL;1990-01-01;;
SWE000009935;;SWE;;;0.26;0.00;0.00;;4.25;0.00;No name;SFD2012;KA21;Torhamn;;Y;SFD2012;N;Y;N;;;FX;;FPO, GNS;11.03;0.00;Fiber/Plastic;;2013-07-17;MFL;1992-01-01;;
SWE000009937;;SWE;;;3.16;0.00;0.00;;8.70;0.00;MALTE;SFC8229;LL971;"Brevik"", Lyr";;Y;SFC8229;N;Y;N;;;FX;;FPO, LTL;228.00;0.00;Fiber/Plastic;;2013-09-09;MFL;2007-01-01;;2014-06-17
SWE000009939;;SWE;;;0.67;0.00;0.00;;4.80;0.00;EMMA;SFD2008;KA102;"Aspö"", Karlskrona";;Y;SFD2008;N;Y;N;;;FX;;GNS;22.06;0.00;Metal;;2013-07-14;MFL;2010-01-01;;
SWE000009941;;SWE;;;1.11;0.00;0.00;;4.90;0.00;No name;SFD2040;KN22;Karlshamn;;Y;SFD2040;N;Y;N;;;FX;;GNS;44.13;0.00;Fiber/Plastic;;2013-09-16;MFL;2010-01-01;;
SWE000009943;;SWE;;;0.27;0.00;0.00;;4.05;0.00;No name;SFD2007;KA6;Torhamn;;Y;SFD2007;N;Y;N;;;FX;;FPO, GNS;2.94;0.00;Fiber/Plastic;;2013-07-11;MFL;1990-01-01;;
SWE000009944;;SWE;;;0.48;0.00;0.00;;4.75;0.00;EGA;SFD2035;SD31;;;Y;SFD2035;N;N;N;;;FX;;FPO, LTL;18.39;0.00;Fiber/Plastic;;2013-08-30;MFL;1977-01-01;;2019-04-13
SWE000009948;;SWE;;;0.15;0.00;0.00;;4.20;0.00;No name;SFD2030;NRG13;Morsholmen;;Y;SFD2030;N;Y;N;;;FX;;GNS;14.71;0.00;Fiber/Plastic;;2013-08-23;MFL;1980-01-01;;2023-09-27
SWE000009950;;SWE;;;0.47;0.00;0.00;;4.70;0.00;LARSSON;SFD2020;SD12;Strömstad;;Y;SFD2020;N;N;N;;;FX;;FPO, NO;6.62;0.00;Fiber/Plastic;;2013-08-14;MFL;1979-01-01;;2018-11-27
SWE000009953;;SWE;;;1.30;0.00;0.00;;6.05;0.00;No name;SFD2000;SL17;Skärblacka;;Y;SFD2000;N;Y;N;;;FX;;FPO, GNS;36.77;0.00;Fiber/Plastic;;2013-07-03;MFL;1978-01-01;;
SWE000009955;;SWE;;;0.56;0.00;0.00;;4.65;0.00;No name;SFD2053;KA54;Hasslö;;Y;SFD2053;N;Y;N;;;FX;;GNS;14.71;0.00;Fiber/Plastic;;2013-10-15;MFL;1980-01-01;;2019-04-13
SWE000009956;;SWE;;;0.17;0.00;0.00;;4.60;0.00;No name;SFD2036;NG14;Nävekvarn;;Y;SFD2036;N;Y;N;;;FX;;FPO;18.39;0.00;Fiber/Plastic;;2013-09-03;MFL;1972-01-01;;
SWE000009958;;SWE;;;0.79;0.00;0.00;;5.00;0.00;No name;SFD2056;NRG129;Greece;;Y;SFD2056;N;N;N;;;FX;;FPO;22.06;0.00;Fiber/Plastic;;2013-10-17;MFL;1982-01-01;;2018-03-06
SWE000009959;;SWE;;;0.56;0.00;0.00;;4.25;0.00;No name;SFD2061;KA27;Senoren;;Y;SFD2061;N;Y;N;;;FX;;GNS;22.06;0.00;Fiber/Plastic;;2013-10-29;MFL;1985-01-01;;
SWE000009960;;SWE;;;1.21;0.00;0.00;;4.98;0.00;No name;SFD2055;ÖK18;Malmön;;Y;SFD2055;N;Y;N;;;FX;;FPO, GNS;29.42;0.00;Fiber/Plastic;;2013-10-15;MFL;1987-01-01;;2025-05-21
SWE000009961;;SWE;;;0.17;0.00;0.00;;4.35;0.00;TINA;SFD2067;KA45;"Ekenabben"", Sturkö";;Y;SFD2067;N;Y;N;;;FX;;GNS;3.68;0.00;Fiber/Plastic;;2013-11-07;MFL;1980-01-01;;
SWE000009963;;SWE;;;0.50;0.00;0.00;;6.05;0.00;No name;SFD2071;SM10;Grisslehamn;;Y;SFD2071;N;Y;N;;;FX;;FPO, NO;11.00;0.00;Fiber/Plastic;;2013-11-15;MFL;1974-01-01;;2022-06-09
SWE000009968;;SWE;;;0.88;0.00;0.00;;4.95;0.00;No name;SFD2073;ÖK20;Skeppsmalen;;Y;SFD2073;N;Y;N;;;FX;;FPO, GNS;29.42;0.00;Fiber/Plastic;;2013-11-26;MFL;1981-01-01;;2023-03-24
SWE000009969;;SWE;;;3.93;0.00;0.00;;7.10;0.00;SANNA;SFD2065;KA175;"Hallahamnen"", Hasslö";;Y;SFD2065;N;Y;N;;;FX;;GNS;14.71;0.00;Wood;;2013-11-08;MFL;1958-01-01;;2015-01-08
SWE000009970;;SWE;;;5.81;0.00;0.00;;9.85;0.00;KINGFISHER;SFD2079;GG209;Donsö;;Y;SFD2079;N;N;N;;;FX;;FPO, LHP;353.04;0.00;Fiber/Plastic;;2013-12-10;MFL;1991-01-01;;2019-03-09
SWE000009971;;SWE;;;2.31;0.00;0.00;;7.30;0.00;LINA;SFC9843;HND15;Härnösand;;Y;SFC9843;N;Y;N;;;FX;;GNS;24.00;0.00;Fiber/Plastic;;2012-07-08;MFL;1982-01-01;;
SWE000009972;;SWE;;;0.30;0.00;0.00;;4.70;0.00;No name;SFD2048;SM5;Greece;;Y;SFD2048;N;N;N;;;FX;;GNS;18.39;0.00;Fiber/Plastic;;2013-10-01;MFL;1991-01-01;;2019-04-13
SWE000009975;;SWE;;;0.71;0.00;0.00;;4.70;0.00;No name;SFD2084;SM49;Möja;;Y;SFD2084;N;Y;N;;;FX;;FPO, NO;18.39;0.00;Fiber/Plastic;;2013-12-26;MFL;1979-01-01;;2025-05-21
SWE000009976;;SWE;;;0.81;0.00;0.00;;4.98;0.00;No name;SFD2083;HA34;Kalix-Nyborg;;Y;SFD2083;N;Y;N;;;FX;;FPO, GNS;52.00;0.00;Fiber/Plastic;;2013-12-19;MFL;1980-01-01;;
SWE000009977;;SWE;;;1.10;0.00;0.00;;5.30;0.00;No name;SFD2087;SD10;Havstenssund;;Y;SFD2087;N;Y;N;;;FX;;DRH, FPO;22.06;0.00;Fiber/Plastic;;2014-01-08;MFL;1988-01-01;;
SWE000009978;;SWE;;;0.74;0.00;0.00;;6.05;0.00;No name;SFD2066;GE32;Eskön;;Y;SFD2066;N;Y;N;;;FX;;GNS;36.77;0.00;Fiber/Plastic;;2013-11-11;MFL;1985-01-01;;2018-12-12
SWE000009979;;SWE;;;0.58;0.00;0.00;;4.95;0.00;No name;SFD2086;VK20;"Marsö"", Västervik";;Y;SFD2086;N;Y;N;;;FX;;FPO;29.42;0.00;Fiber/Plastic;;2014-01-08;MFL;1990-01-01;;
SWE000009980;;SWE;;;0.82;0.00;0.00;;4.95;0.00;HELGA;SFD2085;VK5;Sladö;;Y;SFD2085;N;Y;N;;;FX;;GNS;22.06;0.00;Fiber/Plastic;;2014-01-08;MFL;1982-01-01;;2022-09-28
SWE000009982;;SWE;;;0.78;0.00;0.00;;4.95;0.00;No name;SFD2089;HA32;Båtskärsnäs;;Y;SFD2089;N;Y;N;;;FX;;FPO;44.13;0.00;Fiber/Plastic;;2014-01-09;MFL;1972-01-01;;
SWE000009983;;SWE;;;0.31;0.00;0.00;;4.75;0.00;No name;SFD2072;LA5;;;Y;SFD2072;N;N;N;;;FX;;FPO, NO;11.03;0.00;Fiber/Plastic;;2013-11-22;MFL;1973-01-01;;2014-07-04
SWE000009984;;SWE;;;0.37;0.00;0.00;;4.65;0.00;No name;SFD2082;ON16;Runnö;;Y;SFD2082;N;Y;N;;;FX;;FPO, NO;11.03;0.00;Fiber/Plastic;;2013-12-16;MFL;1975-01-01;;2017-12-07
SWE000009985;;SWE;;;0.25;0.00;0.00;;4.60;0.00;No name;SFD2091;ON17;Påskallavik;;Y;SFD2091;N;Y;N;;;FX;;FPO;11.03;0.00;Fiber/Plastic;;2014-01-13;MFL;1987-01-01;;
SWE000009987;;SWE;;;0.58;0.00;0.00;;4.95;0.00;LAXEN;SFD2106;KA29;Sturkö;;Y;SFD2106;N;Y;N;;;FX;;GNS;36.80;0.00;Fiber/Plastic;;2014-02-19;MFL;1985-01-01;;
SWE000009988;;SWE;;;0.67;0.00;0.00;;4.98;0.00;No name;SFD2103;SM24;Smögen;;Y;SFD2103;N;Y;N;;;FX;;LTL, FPO;19.60;0.00;Fiber/Plastic;;2014-02-19;MFL;1992-01-01;;2017-03-09
SWE000009989;;SWE;;;0.57;0.00;0.00;;4.35;0.00;No name;SFD2060;KA128;Sturkö;;Y;SFD2060;N;Y;N;;;FX;;GNS;22.06;0.00;Fiber/Plastic;;2013-10-27;MFL;1990-01-01;;
SWE000009993;;SWE;;;0.31;0.00;0.00;;4.99;0.00;No name;SFD2108;ÅS9;Yngsjö;;Y;SFD2108;N;Y;N;;;FX;;FPO, GNS;7.28;0.00;Fiber/Plastic;;2014-02-21;MFL;1981-01-01;;2018-11-19
SWE000009994;;SWE;;;0.43;0.00;0.00;;4.80;0.00;MAJA;SFD2112;HL14;Fjäle;;Y;SFD2112;N;Y;N;;;FX;;GNS;18.00;0.00;Fiber/Plastic;;2014-03-10;MFL;1970-01-01;;2024-11-06
SWE000009996;;SWE;;;0.82;0.00;0.00;;4.98;0.00;JESSI;SFD2121;KA7;Sturkö;;Y;SFD2121;N;Y;N;;;FX;;GNS, LHP;36.77;0.00;Fiber/Plastic;;2014-03-31;MFL;1995-01-01;;
SWE000010000;;SWE;;;0.43;0.00;0.00;;4.80;0.00;No name;SFD2125;GG29;;;Y;SFD2125;N;N;N;;;FX;;FPO;14.71;0.00;Fiber/Plastic;;2014-04-10;MFL;1990-01-01;;2015-04-28
SWE000010001;;SWE;;;0.79;0.00;0.00;;4.70;0.00;LILL-MOLLY;SFD2128;SM37;Ornö;;Y;SFD2128;N;Y;N;;;FX;;FPO, GNS;22.06;0.00;Fiber/Plastic;;2014-04-11;MFL;1994-01-01;;2019-06-02
SWE000010002;;SWE;;;0.80;0.00;0.00;;4.80;0.00;No name;SFD2033;UÅ44;Holmsund;;Y;SFD2033;N;Y;N;;;FX;;GNS;18.39;0.00;Fiber/Plastic;;2013-08-25;MFL;1976-01-01;;
SWE000010003;;SWE;;;3.74;0.00;0.00;;8.20;0.00;SYDVÄSTEN;SFD2127;ÖK10;Köpmanholmen;;Y;SFD2127;N;Y;N;;;FX;;GNS;112.00;0.00;Fiber/Plastic;;2014-04-10;MFL;1983-01-01;;
SWE000010004;;SWE;;;0.36;0.00;0.00;;4.60;0.00;No name;SFD2130;VK15;Sladö;;Y;SFD2130;N;Y;N;;;FX;;GNS, FPO;36.77;0.00;Fiber/Plastic;;2014-04-24;MFL;1982-01-01;;2017-04-14
SWE000010006;;SWE;;;1.17;0.00;0.00;;5.42;0.00;No name;SFD2132;SG39;;;Y;SFD2132;N;N;N;;;FX;;GNS, LHP;29.42;0.00;Fiber/Plastic;;2014-04-25;MFL;1990-01-01;;2019-09-05
SWE000010010;;SWE;;;1.35;0.00;0.00;;4.99;0.00;IFK;SFD2131;GG982;Torslanda;;Y;SFD2131;N;Y;N;;;FX;;FPO;66.19;0.00;Fiber/Plastic;;2014-04-24;MFL;2002-01-01;;
SWE000010012;;SWE;;;0.77;0.00;0.00;;6.00;0.00;No name;SFC9732;HA33;;;Y;SFC9732;N;N;N;;;FX;;FPO, GNS;44.13;0.00;Fiber/Plastic;;2012-01-12;MFL;1978-01-01;;
SWE000010013;;SWE;;;0.43;0.00;0.00;;4.16;0.00;LILLY;SFD2135;KR5;"Sandvik"", Öland";;Y;SFD2135;N;Y;N;;;FX;;FPO, GNS;7.28;0.00;Wood;;2014-05-13;MFL;1955-01-01;;
SWE000010016;;SWE;;;0.65;0.00;0.00;;5.60;0.00;BLIXTEN II;SFD2140;KN9;Vitemölla;;Y;SFD2140;N;Y;N;;;FX;;FPO, NO;18.39;0.00;Fiber/Plastic;;2014-05-15;MFL;1972-01-01;;
SWE000010019;;SWE;;;1.10;0.00;0.00;;6.00;0.00;MOLLY;SFD2145;GG60;Rönnäng;;Y;SFD2145;N;Y;N;;;FX;;FPO;59.00;0.00;Fiber/Plastic;;2014-05-26;MFL;1990-01-01;;
SWE000010023;;SWE;;;0.50;0.00;0.00;;4.65;0.00;No name;SFD2148;ON15;Runnö;;Y;SFD2148;N;Y;N;;;FX;;FPO;15.00;0.00;Fiber/Plastic;;2014-06-03;MFL;1990-01-01;;2024-03-19
SWE000010025;;SWE;;;1023.00;0.00;0.00;;49.84;0.00;CARMONA AF DYRÖN;SIHT;GG330;Dyrön;;Y;SIHT;Y;N;Y;9741164;;FX;;OTM, OTB;2000.00;400.00;Metal;;2014-06-04;MFL;2014-01-01;;
SWE000010026;;SWE;;;0.58;0.00;0.00;;4.95;0.00;No name;SFD2159;VK94;Ytterby;;Y;SFD2159;N;Y;N;;;FX;;FPO, GNS;18.39;0.00;Fiber/Plastic;;2014-06-10;MFL;1983-01-01;;
SWE000010029;;SWE;;;0.97;0.00;0.00;;5.95;0.00;No name;SFD2178;UÅ47;Gumboda Hamn;;Y;SFD2178;N;Y;N;;;FX;;GNS, FPO;15.00;0.00;Fiber/Plastic;;2014-07-01;MFL;2009-01-01;;2024-04-17
SWE000010032;;SWE;;;2.41;0.00;0.00;;6.70;0.00;SNÄCKAN;SFD2138;KA7;Torhamn;;Y;SFD2138;N;Y;N;;;FX;;GNS;16.92;0.00;Fiber/Plastic;;2014-05-16;MFL;2004-01-01;;2016-06-12
SWE000010033;;SWE;;;0.95;0.00;0.00;;4.95;0.00;MARI I;SFD2179;VK17;Loftahammar;;Y;SFD2179;N;N;N;;;FX;;FPO, GNS;22.06;0.00;Fiber/Plastic;;2014-07-08;MFL;1994-01-01;;2014-11-23
SWE000010034;;SWE;;;1.10;0.00;0.00;;5.80;0.00;No name;SFD2182;ON4;Greece;;Y;SFD2182;N;N;N;;;FX;;GNS;16.18;0.00;Fiber/Plastic;;2014-07-08;MFL;1973-01-01;;2019-10-03
SWE000010036;;SWE;;;0.44;0.00;0.00;;4.30;0.00;LILLA BLÅ;SFD2200;VK30;Västra Eknö;;Y;SFD2200;N;Y;N;;;FX;;FPO;7.30;0.00;Fiber/Plastic;;2014-07-28;MFL;1980-01-01;;
SWE000010037;;SWE;;;0.83;0.00;0.00;;5.36;0.00;No name;SFC6529;NRG33;Greece;;Y;SFC6529;N;N;N;;;FX;;GNS;14.71;0.00;Fiber/Plastic;;2002-05-10;MFL;1979-01-01;;2018-03-30
SWE000010039;;SWE;;;2.68;0.00;0.00;;7.50;0.00;ALIDA;SFD2203;SD23;Gullnäsholmen;;Y;SFD2203;N;Y;N;;;FX;;FPO, LTL;77.23;0.00;Fiber/Plastic;;2014-08-05;MFL;1978-01-01;;2025-06-23
SWE000010040;;SWE;;;1.22;0.00;0.00;;5.95;0.00;No name;SFD2209;HA57;Sangis;;Y;SFD2209;N;Y;N;;;FX;;FPO, GNS;44.13;0.00;Fiber/Plastic;;2014-08-21;MFL;2014-01-01;;
SWE000010041;;SWE;;;1.05;0.00;0.00;;5.60;0.00;KNUT-SJÖ;SFD2193;GG304;Almösund;;Y;SFD2193;N;Y;N;;;FX;;FPO;29.42;0.00;Fiber/Plastic;;2014-07-21;MFL;2002-01-01;;2022-04-08
SWE000010042;;SWE;;;0.39;0.00;0.00;;4.76;0.00;ELSIE;SFD2185;VY10;Slite;;Y;SFD2185;N;Y;N;;;FX;;GNS;14.71;0.00;Fiber/Plastic;;2014-09-03;MFL;1980-01-01;;
SWE000010046;266440000;SWE;;;1211.00;0.00;0.00;;61.75;0.00;POLAR;SKGQ;GG505;Fiskebäck;;Y;SKGQ;Y;N;Y;9227431;;FX;;PS, OTM;2940.00;870.00;Metal;;2014-09-18;MFL;2000-01-01;;
SWE000010047;;SWE;;;1.18;0.00;0.00;;6.10;0.00;No name;SFD2220;HA47;Haparanda Hamn;;Y;SFD2220;N;Y;N;;;FX;;FPO, GNS;11.03;0.00;Fiber/Plastic;;2014-09-25;MFL;1980-01-01;;
SWE000010050;;SWE;;;1.23;0.00;0.00;;6.25;0.00;No name;SFD2226;HA51;Nikkala;;Y;SFD2226;N;Y;N;;;FX;;FPO;36.77;0.00;Fiber/Plastic;;2014-10-19;MFL;1988-01-01;;
SWE000010052;;SWE;;;6.01;0.00;0.00;;9.00;0.00;MALOU;SFD2223;HG31;Torekov;;Y;SFD2223;N;Y;N;;;FX;;GTR, GNS;84.58;0.00;Fiber/Plastic;;2014-10-16;MFL;1999-01-01;;2017-02-06
SWE000010058;;SWE;;;1.40;0.00;0.00;;6.05;0.00;JULA;SFD2219;SM173;Nynäshamn;;Y;SFD2219;N;Y;N;;;FX;;GNS;33.10;0.00;Fiber/Plastic;;2014-09-23;MFL;1981-01-01;;2019-09-17
SWE000010061;;SWE;;;4.26;0.00;0.00;;7.90;0.00;TWINS;SFD2245;SG102;Nogersund;;Y;SFD2245;N;Y;N;;;FX;;LHP, GNS;14.71;0.00;Fiber/Plastic;;2015-01-07;MFL;1980-01-01;;2019-07-11
SWE000010064;;SWE;;;3.70;0.00;0.00;;8.20;0.00;SARA;SFD2252;SD116;Resö;;Y;SFD2252;N;Y;N;;;FX;;FPO;69.00;0.00;Fiber/Plastic;;2015-01-22;MFL;1985-01-01;;
SWE000010077;;SWE;;;2.13;0.00;0.00;;5.40;0.00;No name;SFD2225;GE20;Norrsundet;;Y;SFD2225;N;Y;N;;;FX;;GNS;29.42;0.00;Fiber/Plastic;;2014-10-16;MFL;1995-01-01;;
SWE000010078;;SWE;;;1.28;0.00;0.00;;6.14;0.00;ISA;SFD2272;SIN16;Simrishamn;;Y;SFD2272;N;Y;N;;;FX;;GNS, LHP;22.06;0.00;Fiber/Plastic;;2015-03-23;MFL;1976-01-01;;2020-04-10
SWE000010081;;SWE;;;0.58;0.00;0.00;;5.62;0.00;No name;SFD2279;UÅ11;Kåge;;Y;SFD2279;N;Y;N;;;FX;;FPO, GNS;37.00;0.00;Fiber/Plastic;;2015-04-01;MFL;2014-01-01;;2023-05-17
SWE000010082;265732370;SWE;;;1.61;0.00;0.00;;6.36;0.00;ALF;SFD2150;VY3;Skälsö;;Y;SFD2150;N;Y;N;;;FX;;GNS, NO;7.35;0.00;Wood;;2014-06-09;MFL;1976-01-01;;2022-02-16
SWE000010086;;SWE;;;3.35;0.00;0.00;;7.92;0.00;HOGLAND;SFD2183;KA20;Torhamn;;Y;SFD2183;N;Y;N;;;FX;;GNS;40.45;0.00;Fiber/Plastic;;2014-07-07;MFL;1977-01-01;;
SWE000010088;;SWE;;;0.67;0.00;0.00;;4.55;0.00;No name;SFD2277;NRG4;Fiskartorpet;;Y;SFD2277;N;Y;N;;;FX;;GNS;14.71;0.00;Fiber/Plastic;;2015-03-30;MFL;1992-01-01;;2020-01-24
SWE000010089;;SWE;;;0.74;0.00;0.00;;5.40;0.00;LINN;SFD2289;GG29;Marstrand;;Y;SFD2289;N;Y;N;;;FX;;FPO;14.71;0.00;Fiber/Plastic;;2015-05-17;MFL;1993-01-01;;
SWE000010094;265670730;SWE;;;13.83;0.00;0.00;;11.98;0.00;MOLLY;SFD2321;LL14;Lysekil;;Y;SFD2321;N;Y;Y;;;FX;;FPO, GND;147.10;0.00;Fiber/Plastic;;2015-07-06;MFL;1993-01-01;;
SWE000010095;;SWE;;;0.73;0.00;0.00;;5.59;0.00;NOLA;SFD2319;GG37;Donsö;;Y;SFD2319;N;Y;N;;;FX;;GNS, FPO;65.00;0.00;Fiber/Plastic;;2015-07-01;MFL;2012-01-01;;2018-08-08
SWE000010096;;SWE;;;0.31;0.00;0.00;;6.10;0.00;No name;SFD2335;HA5;Haparanda Hamn;;Y;SFD2335;N;Y;N;;;FX;;FPO, NO;36.80;0.00;Fiber/Plastic;;2015-08-25;MFL;1981-01-01;;2020-04-17
SWE000010099;;SWE;;;0.66;0.00;0.00;;6.10;0.00;No name;SFD2337;UÅ52;Ostön;;Y;SFD2337;N;Y;N;;;FX;;GNS;11.00;0.00;Fiber/Plastic;;2015-08-25;MFL;1985-01-01;;
SWE000010100;;SWE;;;0.95;0.00;0.00;;5.60;0.00;No name;SFD2336;UÅ48;;;Y;SFD2336;N;N;N;;;FX;;FPO;29.42;0.00;Fiber/Plastic;;2015-09-17;MFL;1985-01-01;;2016-12-07
SWE000010101;;SWE;;;0.49;0.00;0.00;;4.95;0.00;IDA;SFD2343;GG1235;Rönnäng;;Y;SFD2343;N;Y;N;;;FX;;FPO;14.71;0.00;Fiber/Plastic;;2015-09-09;MFL;1983-01-01;;
SWE000010106;265812160;SWE;;;10.28;0.00;0.00;;9.98;0.00;WANDEE;SFD2354;GG104;Videbergshamn;;Y;SFD2354;N;Y;Y;;;FX;;GND, TBN;147.00;0.00;Wood;;2015-10-27;MFL;2015-01-01;;
SWE000010107;;SWE;;;0.52;0.00;0.00;;5.10;0.00;AUGUSTA;SFD2355;SM18;Gräddö;;Y;SFD2355;N;Y;N;;;FX;;GNS, FPO;6.50;0.00;Fiber/Plastic;;2015-10-29;MFL;1980-01-01;;2020-11-20
SWE000010110;;SWE;;;1.51;0.00;0.00;;7.30;0.00;SKANDIA;SFD2357;GG787;Öckerö;;Y;SFD2357;N;Y;N;;;FX;;FPO;110.00;0.00;Fiber/Plastic;;2015-11-03;MFL;2008-01-01;;
SWE000010115;;SWE;;;1.01;0.00;0.00;;6.00;0.00;No name;SFD2359;HA2;Seskarö;;Y;SFD2359;N;Y;N;;;FX;;FPO, NO;18.39;0.00;Fiber/Plastic;;2015-11-24;MFL;1979-01-01;;
SWE000010116;;SWE;;;2.55;0.00;0.00;;6.70;0.00;LINNEA;SFD2367;;Öckerö;;Y;SFD2367;N;Y;N;;;FX;;FPO, GND;100.00;0.00;Fiber/Plastic;;2015-12-29;MFL;2001-01-01;;2023-10-17
SWE000010122;;SWE;;;0.36;0.00;0.00;;4.43;0.00;VICK;SFD2378;VY17;Katthammarsvik;;Y;SFD2378;N;Y;N;;;FX;;GNS;4.41;0.00;Wood;;2016-02-17;MFL;1952-01-01;;
SWE000010123;;SWE;;;0.51;0.00;0.00;;4.60;0.00;No name;SFD2371;KA11;Torhamn;;Y;SFD2371;N;Y;N;;;FX;;FPO, NO;3.68;0.00;Fiber/Plastic;;2016-01-13;MFL;1980-01-01;;
SWE000010126;266352000;SWE;;;601.00;0.00;0.00;;41.80;0.00;VÄSTFJORD II;SGZE;GG218;Fotö;;Y;SGZE;Y;N;Y;9286748;;FX;;OTM, OTB;2040.00;800.00;Metal;;2015-12-27;MFL;2001-01-01;;
SWE000010127;;SWE;;;0.51;0.00;0.00;;5.20;0.00;GRISSLAN;SFC9697;NRG15;;;Y;SFC9697;N;N;N;;;FX;;GNS;36.77;0.00;Fiber/Plastic;;2016-04-13;MFL;2009-01-01;;2018-10-30
SWE000010130;;SWE;;;2.24;0.00;0.00;;6.00;0.00;No name;SFD2394;SD125;Havstenssund;;Y;SFD2394;N;Y;N;;;FX;;FPO, GNS;84.58;0.00;Fiber/Plastic;;2016-04-21;MFL;2016-01-01;;
SWE000010132;;SWE;;;6.63;0.00;0.00;;8.88;0.00;KOTTEN;SFD2386;;Grundsund;;Y;SFD2386;N;Y;N;;;FX;;FPO;84.58;0.00;Wood;;2016-04-08;MFL;1965-01-01;;2023-10-25
SWE000010136;;SWE;;;9.76;0.00;0.00;;9.99;0.00;ELLA;SFD2415;LL10;;;Y;SFD2415;N;;;;;FX;;OTB, GND;191.00;0.00;Fiber/Plastic;;2016-06-07;MFL;1984-01-01;;2017-10-23
SWE000010149;265766280;SWE;;;11.10;0.00;0.00;;11.91;0.00;FREDRIKA;SFD2447;SD401;Havstenssund;;Y;SFD2447;N;Y;Y;;;FX;;FPO, LTL;242.00;0.00;Fiber/Plastic;;2016-07-20;MFL;2016-01-01;;
SWE000010150;;SWE;;;0.92;0.00;0.00;;6.00;0.00;No name;SFD2444;HA22;Siknäs;;Y;SFD2444;N;Y;N;;;FX;;GNS, FPO;22.00;0.00;Fiber/Plastic;;2017-02-28;MFL;1981-01-01;;
SWE000010151;;SWE;;;2.18;0.00;0.00;;7.90;0.00;EJDER;SFD2451;SD50;Strömstad;;Y;SFD2451;N;N;N;;;FX;;LTL, FPO;161.81;0.00;Metal;;2016-07-27;MFL;2016-01-01;;2023-06-10
SWE000010155;;SWE;;;3.82;0.00;0.00;;7.70;0.00;ALBERTINA;SFD2435;SD486;Grebbestad;;Y;SFD2435;N;Y;N;;;FX;;FPO, LTL;40.45;0.00;Fiber/Plastic;;2016-07-05;MFL;1971-01-01;;2019-11-27
SWE000010160;;SWE;;;5.09;0.00;0.00;;9.62;0.00;SJÖBRIS;SFD2473;GG99;Marstrand;;Y;SFD2473;N;Y;N;;;FX;;FPO, GND;272.00;0.00;Fiber/Plastic;;2016-10-06;MFL;2016-01-01;;
SWE000010164;;SWE;;;2.14;0.00;0.00;;7.00;0.00;LILLY;SFD2482;SD21;Hamburgsund;;Y;SFD2482;N;Y;N;;;FX;;FPO;63.99;0.00;Fiber/Plastic;;2016-10-31;MFL;2005-01-01;;
SWE000010168;;SWE;;;4.00;0.00;0.00;;9.24;0.00;EVA;SFD2477;FG77;Glommen;;Y;SFD2477;N;Y;N;;;FX;;GNS, LHP;48.00;0.00;Wood;;2016-11-07;MFL;1985-01-01;;
SWE000010174;;SWE;;;2.24;0.00;0.00;;5.95;0.00;ANGUILLA;SFD2500;KN7;Karlshamn;;Y;SFD2500;N;Y;N;;;FX;;FPO, GNS;73.55;0.00;Fiber/Plastic;;2016-12-20;MFL;2016-01-01;;
SWE000010176;;SWE;;;0.59;0.00;0.00;;6.00;0.00;TÄRNÖ 3;SFD2502;LL484;Grundsund;;Y;SFD2502;N;Y;N;;;FX;;FPO, NK;73.55;0.00;Fiber/Plastic;;2017-02-02;MFL;2016-01-01;;
SWE000010178;;SWE;;;0.55;0.00;0.00;;4.75;0.00;No name;SFD2517;KA12;"Sandhamn"", Karlskrona";;Y;SFD2517;N;Y;N;;;FX;;GNS, FPO;11.03;0.00;Fiber/Plastic;;2017-03-17;MFL;1987-01-01;;2020-05-21
SWE000010179;;SWE;;;0.74;0.00;0.00;;6.50;0.00;ANNIKA;SFD2508;GG284;;;Y;SFD2508;N;;;;;FX;;FPO;110.32;0.00;Fiber/Plastic;;2017-02-17;MFL;2017-01-01;;
SWE000010181;266437000;SWE;;;85.00;0.00;0.00;;16.34;0.00;KRISTINA AV LYSEKIL;SDJV;LL91;Lysekil;;Y;SDJV;Y;N;Y;8459960;;FX;;TBN, OTB;221.00;0.00;Fiber/Plastic;;2017-05-07;MFL;2016-01-01;;
SWE000010183;;SWE;;;4.71;0.00;0.00;;8.50;0.00;TARONA;SFD2496;SM4;Rävsnäs;;Y;SFD2496;N;Y;N;;;FX;;GNS, NO;26.48;0.00;Fiber/Plastic;;2016-12-20;MFL;1970-01-01;;
SWE000010185;265800540;SWE;;;5.12;0.00;0.00;;9.99;0.00;RYMO;SFD2571;GG228;Rörö;;Y;SFD2571;N;Y;Y;;;FX;;FPO;208.00;0.00;Fiber/Plastic;;2017-06-14;MFL;2017-01-01;;2023-03-06
SWE000010187;;SWE;;;2.58;0.00;0.00;;6.90;0.00;No name;SFD2570;TG4;Skåre;;Y;SFD2570;N;Y;N;;;FX;;GND, GNS;18.39;0.00;Fiber/Plastic;;2017-06-13;MFL;1979-01-01;;
SWE000010195;;SWE;;;1.15;0.00;0.00;;7.85;0.00;EOS VI;SFD2590;UÅ1;Rovögern;;Y;SFD2590;N;Y;N;;;FX;;GNS;95.61;0.00;Fiber/Plastic;;2017-08-10;MFL;2007-01-01;;
SWE000010196;;SWE;;;4.87;0.00;0.00;;7.50;0.00;SANDNES;SFD2600;GG780;Fotö;;Y;SFD2600;N;Y;N;;;FX;;FPO;44.00;0.00;Fiber/Plastic;;2017-09-07;MFL;1987-01-01;;2021-10-05
SWE000010204;265794820;SWE;;;24.14;0.00;0.00;;11.99;0.00;ZENITH;SFD2608;LL97;Ängehamn;;Y;SFD2608;N;Y;Y;;;FX;;TBN, FPO;331.00;0.00;Fiber/Plastic;;2017-09-27;MFL;2017-01-01;;
SWE000010212;;SWE;;;0.52;0.00;0.00;;5.63;0.00;BÖLJAN;SFD2639;KN5;Karlshamn;;Y;SFD2639;N;N;N;;;FX;;LHP, GNS;18.39;0.00;Fiber/Plastic;;2020-01-23;MFL;1985-01-01;;2022-11-11
SWE000010213;;SWE;;;0.77;0.00;0.00;;5.10;0.00;No name;SFD2638;VK18;Loftahammar;;Y;SFD2638;N;Y;N;;;FX;;GNS;36.77;0.00;Fiber/Plastic;;2017-12-28;MFL;2017-01-01;;
SWE000010214;265627530;SWE;;;5.65;0.00;0.00;;9.90;0.00;BARE;SFC8774;GG100;Fotö;;Y;SFC8774;N;Y;Y;;;FX;;FPO, LHP;184.00;0.00;Fiber/Plastic;;2017-12-08;MFL;2008-01-01;;
SWE000010216;;SWE;;;0.82;0.00;0.00;;4.95;0.00;No name;SFD2616;VK100;"Ekö"", Västervik";;Y;SFD2616;N;Y;N;;;FX;;FPO;22.06;0.00;Fiber/Plastic;;2018-01-28;MFL;1993-01-01;;
SWE000010221;;SWE;;;0.44;0.00;0.00;;5.65;0.00;ALINA;SFD2643;MÖ1;Limhamn;;Y;SFD2643;N;Y;N;;;FX;;FPO, NO;8.00;0.00;Fiber/Plastic;;2018-01-12;MFL;1995-01-01;;2023-11-30
SWE000010223;;SWE;;;14.84;0.00;0.00;;11.99;0.00;CAJO;SFD2419;SIN11;;;Y;SFD2419;N;N;N;;;FX;;GNS, LHP;123.00;0.00;Wood;;2018-03-22;MFL;1972-01-01;;2020-03-03
SWE000010225;266392000;SWE;;;27.11;0.00;0.00;;14.40;0.00;LAGUN;SFE2058;LL72;Lysekil;;Y;SFE2058;Y;N;Y;;;FX;;OTB, OTM;350.00;0.00;Metal;;2018-03-07;MFL;1983-01-01;;
SWE000010227;;SWE;;;6.38;0.00;0.00;;8.55;0.00;DARWIN AFRIKA;SFE2072;LL494;Grundsund;;Y;SFE2072;N;Y;N;;;FX;;FPO;64.72;0.00;Fiber/Plastic;;2018-03-19;MFL;1988-01-01;;
SWE000010229;;SWE;;;3.27;0.00;0.00;;8.92;0.00;MÄRTA;SFD2297;GG45;Öckerö;;Y;SFD2297;N;Y;N;;;FX;;GNS, GND;147.10;0.00;Fiber/Plastic;;2018-02-16;MFL;2004-01-01;;
SWE000010230;266460000;SWE;;;1568.00;0.00;0.00;;63.00;0.00;CLIPPERTON;SBCR;GG229;Donsö;;Y;SBCR;Y;N;Y;9816775;;FX;;OTM, OTB;2999.00;1600.00;Metal;;2018-05-02;MFL;2018-01-01;;
SWE000010231;;SWE;;;1.15;0.00;0.00;;6.00;0.00;THANYARAT;SFE2013;KA4;Sören;;Y;SFE2013;N;Y;N;;;FX;;FPO, GNS;29.42;0.00;Fiber/Plastic;;2018-02-08;MFL;2005-01-01;;
SWE000010232;;SWE;;;1.96;0.00;0.00;;7.30;0.00;SJÖHAVET;SFE2078;GG179;Donsö;;Y;SFE2078;N;Y;N;;;FX;;FPO, LTL;36.77;0.00;Fiber/Plastic;;2018-04-16;MFL;1977-01-01;;
SWE000010234;265807110;SWE;;;3.51;0.00;0.00;;8.25;0.00;KNUTSKÄR;SFE2154;GG604;Göteborg;;Y;SFE2154;N;Y;Y;;;FX;;FPO;220.65;0.00;Fiber/Plastic;;2018-05-14;MFL;2018-01-01;;
SWE000010235;;SWE;;;2.00;0.00;0.00;;7.00;0.00;HULKEN;SFE2164;GG59;Rönnäng;;Y;SFE2164;N;N;N;;;FX;;FPO, NO;95.61;0.00;Fiber/Plastic;;2018-05-24;MFL;2006-01-01;;2019-08-22
SWE000010237;;SWE;;;0.23;0.00;0.00;;4.98;0.00;BELLA;SFE2163;SD28;Havstenssund;;Y;SFE2163;N;Y;N;;;FX;;DRH, NO;29.42;0.00;Fiber/Plastic;;2018-05-21;MFL;1998-01-01;;
SWE000010243;266461000;SWE;;;335.00;0.00;0.00;;28.05;0.00;ARKÖ;SBAK;GG707;Dyrön;;Y;SBAK;Y;N;Y;9814715;;FX;;OTB;736.00;204.00;Metal;;2018-06-14;MFL;2018-01-01;;2025-03-18
SWE000010245;;SWE;;;0.31;0.00;0.00;;4.62;0.00;INGRID;SFE2233;KA17;Sturkö;;Y;SFE2233;N;Y;N;;;FX;;GNS, LHP;22.00;0.00;Fiber/Plastic;;2018-06-27;MFL;2016-01-01;;
SWE000010246;;SWE;;;1.49;0.00;0.00;;7.10;0.00;HAVET;SFE2198;VY99;Närshamn;;Y;SFE2198;N;Y;N;;;FX;;GNS;47.00;0.00;Fiber/Plastic;;2018-08-29;MFL;1996-01-01;;2023-09-03
SWE000010247;;SWE;;;5.02;0.00;0.00;;8.45;0.00;RONJA;SFE2224;KA5;;;Y;SFE2224;N;N;N;;;FX;;GNS, LHP;45.00;0.00;Fiber/Plastic;;2018-06-20;MFL;1985-01-01;;2020-07-18
SWE000010249;265781000;SWE;;;117.00;0.00;0.00;;19.55;0.00;GLITTSKÄR;SFE2328;GG537;Vrångö;;Y;SFE2328;Y;N;Y;8556677;;FX;;OTB;625.00;0.00;Metal;;2018-09-16;MFL;1987-01-01;;
SWE000010250;;SWE;;;4.58;0.00;0.00;;8.50;0.00;FIA;SFC9160;GG476;Vrångö;;Y;SFC9160;N;Y;N;;;FX;;FPO, GND;191.23;0.00;Fiber/Plastic;;2018-09-27;MFL;2005-01-01;;
SWE000010252;;SWE;;;2.61;0.00;0.00;;7.50;0.00;KINGSTON;SFE2334;;Fotö;;Y;SFE2334;N;Y;N;;;FX;;FPO, LHP;88.26;0.00;Fiber/Plastic;;2018-10-23;MFL;2006-01-01;;2019-11-29
SWE000010253;;SWE;;;0.42;0.00;0.00;;5.30;0.00;MULTI;SFE2144;NRG8;Sankt Anna;;Y;SFE2144;N;Y;N;;;FX;;GNS;44.13;0.00;Fiber/Plastic;;2018-10-29;MFL;2017-01-01;;2023-11-12
SWE000010254;;SWE;;;0.57;0.00;0.00;;4.80;0.00;No name;SFE2546;NRG9;Aspöja;;Y;SFE2546;N;Y;N;;;FX;;GNS;44.13;0.00;Metal;;2018-11-26;MFL;2014-01-01;;2023-10-25
SWE000010257;;SWE;;;0.31;0.00;0.00;;4.70;0.00;NUSEN;SFE2655;VK35;Västervik;;Y;SFE2655;N;Y;N;;;FX;;GNS;44.13;0.00;Fiber/Plastic;;2019-01-08;MFL;1970-01-01;;2024-03-17
SWE000010261;;SWE;;;1.72;0.00;0.00;;5.80;0.00;AKILLES;SFE2696;VY28;Sysne;;Y;SFE2696;N;Y;N;;;FX;;GNS;22.00;0.00;Fiber/Plastic;;2019-01-10;MFL;1992-01-01;;
SWE000010263;;SWE;;;8.00;0.00;0.00;;9.57;0.00;ATLAS;SFE2932;VY277;Skälsö;;Y;SFE2932;N;Y;N;;;FX;;GNS;85.00;0.00;Wood;;2019-03-05;MFL;1959-01-01;;
SWE000010265;;SWE;;;0.89;0.00;0.00;;5.20;0.00;EMMA;SFE2933;HA80;Storöhamn;;Y;SFE2933;N;Y;N;;;FX;;GNS;15.00;0.00;Fiber/Plastic;;2019-03-07;MFL;2015-01-01;;
SWE000010267;;SWE;;;0.75;0.00;0.00;;5.60;0.00;SIDON;SFE2605;LL8;Grundsund;;Y;SFE2605;N;N;N;;;FX;;FPO, LTL;40.00;0.00;Fiber/Plastic;;2018-12-13;MFL;2000-01-01;;2021-04-06
SWE000010270;;SWE;;;2.21;0.00;0.00;;8.86;0.00;BORRIDECK 4;SFC9120;SD30;Grebbestad;;Y;SFC9120;N;Y;N;;;FX;;DRH, NO;220.65;0.00;Metal;;2019-05-16;MFL;2009-01-01;;
SWE000010271;;SWE;;;1.14;0.00;0.00;;7.38;0.00;BESON;SFE3121;UÅ17;Obbola;;Y;SFE3121;N;Y;N;;;FX;;FPO, GNS;169.00;0.00;Fiber/Plastic;;2019-05-17;MFL;1993-01-01;;
SWE000010272;;SWE;;;1.31;0.00;0.00;;5.60;0.00;No name;SFE3093;UÅ55;Gumboda Hamn;;Y;SFE3093;N;Y;N;;;FX;;GNS;44.13;0.00;Fiber/Plastic;;2019-04-17;MFL;1989-01-01;;2021-05-31
SWE000010273;;SWE;;;6.51;0.00;0.00;;9.97;0.00;HEMLAND;SFE2157;GG129;Klädesholmen;;Y;SFE2157;N;Y;N;;;FX;;GND, FPO;225.06;0.00;Fiber/Plastic;;2019-05-28;MFL;1982-01-01;;
SWE000010278;;SWE;;;0.26;0.00;0.00;;4.30;0.00;SIKEN;SFE3338;KR76;Bergkvara;;Y;SFE3338;N;Y;N;;;FX;;FPO, GNS;2.94;0.00;Fiber/Plastic;;2019-06-19;MFL;1990-01-01;;
SWE000010279;;SWE;;;1.32;0.00;0.00;;5.90;0.00;ELINA II;SFE3042;UÅ8;Ostnäsfjärden;;Y;SFE3042;N;Y;N;;;FX;;GNS;18.39;0.00;Fiber/Plastic;;2019-03-20;MFL;1990-01-01;;2024-04-30
SWE000010280;;SWE;;;1.22;0.00;0.00;;6.05;0.00;BRUNSÖ;SFE3092;NG9;Nävekvarn;;Y;SFE3092;N;Y;N;;;FX;;FPO, GNS;44.13;0.00;Fiber/Plastic;;2019-06-16;MFL;1978-01-01;;
SWE000010281;;SWE;;;5.62;0.00;0.00;;10.94;0.00;VICTORIA;SFE3255;HA26;Siknäs;;Y;SFE3255;N;Y;N;;;FX;;GNS;180.00;0.00;Metal;;2019-07-16;MFL;1977-01-01;;
SWE000010284;265038000;SWE;;;99.00;0.00;0.00;;19.68;0.00;SOLANA;SFE3426;KR59;Böda;;Y;SFE3426;Y;N;Y;;;FX;;OTB, OTM;430.00;0.00;Metal;;2019-07-08;MFL;1988-01-01;;
SWE000010285;;SWE;;;1.94;0.00;0.00;;7.57;0.00;YING;SFE3431;LL2;Lysekil;;Y;SFE3431;N;Y;N;;;FX;;FPO, GND;147.00;0.00;Fiber/Plastic;;2019-07-07;MFL;1997-01-01;;
SWE000010286;;SWE;;;0.33;0.00;0.00;;5.00;0.00;KOMETEN;SFE3494;SIN6;Kyls Strand;;Y;SFE3494;N;Y;N;;;FX;;FPO, NO;11.00;0.00;Wood;;2019-08-30;MFL;1960-01-01;;2024-06-30
SWE000010288;265827960;SWE;;;10.41;0.00;0.00;;9.99;0.00;WESTBANK;SFE3434;GG341;Öckerö;;Y;SFE3434;N;Y;Y;;;FX;;TBN, FPO;110.00;0.00;Fiber/Plastic;;2019-07-08;MFL;2009-01-01;;
SWE000010290;;SWE;;;1.44;0.00;0.00;;6.00;0.00;BÅTSMAN;SFE3516;PÅ3;Piteå;;Y;SFE3516;N;Y;N;;;FX;;GNS;73.55;0.00;Fiber/Plastic;;2019-09-10;MFL;2013-01-01;;
SWE000010291;;SWE;;;7.70;0.00;0.00;;10.85;0.00;SOLVEIG;SFE3626;SD35;Fjällbacka;;Y;SFE3626;N;Y;N;;;FX;;FPO, LTL;125.03;0.00;Fiber/Plastic;;2019-11-03;MFL;2008-01-01;;
SWE000010292;;SWE;;;5.20;0.00;0.00;;8.40;0.00;SKYMNING;SFE3601;SD131;Nord-Koster;;Y;SFE3601;N;N;N;;;FX;;FPO, LTL;77.00;0.00;Fiber/Plastic;;2019-10-31;MFL;1990-01-01;;2021-05-24
SWE000010294;;SWE;;;7.26;0.00;0.00;;9.98;0.00;KINGSTON;SFE3519;GG800;Fotö;;Y;SFE3519;N;Y;N;;;FX;;LTL, FPO;191.23;0.00;Fiber/Plastic;;2019-10-12;MFL;1997-01-01;;2022-03-11
SWE000010295;;SWE;;;0.37;0.00;0.00;;4.95;0.00;No name;SFE4044;YD11;Abbekås;;Y;SFE4044;N;Y;N;;;FX;;FPO, NO;11.03;0.00;Fiber/Plastic;;2019-12-01;MFL;1974-01-01;;
SWE000010296;;SWE;;;0.95;0.00;0.00;;4.67;0.00;No name;SFE3814;GG18;Almösund;;Y;SFE3814;N;N;N;;;FX;;DRH, NO;36.77;0.00;Fiber/Plastic;;2019-11-04;MFL;2003-01-01;;2021-12-14
SWE000010299;;SWE;;;0.87;0.00;0.00;;4.98;0.00;FLUNDRAN;SFE4118;VY7;Sysne;;Y;SFE4118;N;Y;N;;;FX;;FPO, GNS;11.03;0.00;Fiber/Plastic;;2019-12-09;MFL;1980-01-01;;
SWE000010305;;SWE;;;0.34;0.00;0.00;;4.95;0.00;No name;SFE4013;HA15;Karlsborgsverken;;Y;SFE4013;N;Y;N;;;FX;;GNS, FPO;18.39;0.00;Fiber/Plastic;;2019-12-11;MFL;1980-01-01;;2025-06-12
SWE000010306;;SWE;;;2.33;0.00;0.00;;8.52;0.00;CARLSTEN;SFE4219;GG53;Öckerö;;Y;SFE4219;N;Y;N;;;FX;;FPO, GND;76.00;0.00;Fiber/Plastic;;2020-03-04;MFL;2005-01-01;;
SWE000010307;265028000;SWE;;;1310.00;0.00;0.00;;49.99;0.00;TORLAND;SBHC;GG207;Fiskebäck;;Y;SBHC;Y;N;Y;9840104;;FX;;OTM, OTB;2999.00;600.00;Metal;;2020-03-15;MFL;2020-01-01;;
SWE000010310;;SWE;;;0.27;0.00;0.00;;5.60;0.00;PIA;SFE4043;UÅ13;Bureå;;Y;SFE4043;N;Y;N;;;FX;;GNS, FPO;18.39;0.00;Wood;;2019-12-17;MFL;1986-01-01;;
SWE000010311;;SWE;;;1.16;0.00;0.00;;4.95;0.00;LUNA;SFE4223;SL21;Juniskär;;Y;SFE4223;N;Y;N;;;FX;;GNS, FPO;11.00;0.00;Fiber/Plastic;;2020-03-22;MFL;2012-01-01;;
SWE000010312;265020550;SWE;;;9.43;0.00;0.00;;10.80;0.00;MILIA;SFE4213;SD4;Hamburgsund;;Y;SFE4213;N;N;Y;;;FX;;GND, FPO;89.00;0.00;Wood;;2020-03-26;MFL;1958-01-01;;2022-10-18
SWE000010320;;SWE;;;7.78;0.00;0.00;;10.49;0.00;STELLA CORNELIA;SFC7165;GG56;Bohus-Björkö;;Y;SFC7165;N;Y;N;;;FX;;OTB, NO;150.00;0.00;Fiber/Plastic;;2020-04-16;MFL;2003-01-01;;
SWE000010321;;SWE;;;0.77;0.00;0.00;;5.25;0.00;LOMMEN;SFE4229;SM6;Nyby;;Y;SFE4229;N;Y;N;;;FX;;GNS, NO;18.00;0.00;Fiber/Plastic;;2020-03-24;MFL;2005-01-01;;2021-11-16
SWE000010325;;SWE;;;0.40;0.00;0.00;;4.30;0.00;YRADÄKAN;SFE4255;KA381;Sanda;;Y;SFE4255;N;Y;N;;;FX;;PS, SB;2.94;0.00;Fiber/Plastic;;2020-04-21;MFL;1978-01-01;;
SWE000010326;;SWE;;;3.27;0.00;0.00;;7.80;0.00;RAMÖN;SFE4242;ÖK28;Husum;;Y;SFE4242;N;Y;N;;;FX;;GNS;110.00;0.00;Metal;;2020-04-07;MFL;2020-01-01;;
SWE000010327;;SWE;;;0.82;0.00;0.00;;5.16;0.00;No name;SFE4226;UÅ41;Renholmen;;Y;SFE4226;N;Y;N;;;FX;;GNS;22.00;0.00;Fiber/Plastic;;2020-04-16;MFL;2019-01-01;;
SWE000010329;;SWE;;;3.04;0.00;0.00;;6.16;0.00;ÖRNVIK;SFE4283;GG257;Donsö;;Y;SFE4283;N;Y;N;;;FX;;FPO;95.00;0.00;Fiber/Plastic;;2020-06-16;MFL;1992-01-01;;
SWE000010331;266000000;SWE;;;1310.00;0.00;0.00;;49.99;0.00;TOR-ÖN;SBHJ;GG204;Fiskebäck;;Y;SBHJ;Y;N;Y;9840116;;FX;;OTM, OTB;2999.00;0.00;Metal;;2020-06-26;MFL;2020-01-01;;
SWE000010336;;SWE;;;1.53;0.00;0.00;;6.40;0.00;ANNA;SFE4321;VG7;Bua;;Y;SFE4321;N;Y;N;;;FX;;FPO;19.00;0.00;Fiber/Plastic;;2020-08-25;MFL;1978-01-01;;2022-03-22
SWE000010337;;SWE;;;0.65;0.00;0.00;;4.35;0.00;LILLÖ;SFE4271;KA8;Senoren;;Y;SFE4271;N;Y;N;;;FX;;GNS;32.00;0.00;Fiber/Plastic;;2020-07-09;MFL;2000-01-01;;2023-11-07
SWE000010338;;SWE;;;0.67;0.00;0.00;;4.55;0.00;No name;SFE4344;KA25;Sturkö;;Y;SFE4344;N;Y;N;;;FX;;GNS, NO;18.39;0.00;Fiber/Plastic;;2020-08-10;MFL;1995-01-01;;2022-07-09
SWE000010340;;SWE;;;0.86;0.00;0.00;;6.05;0.00;AMI;SFE4390;KR9;"Sandvik"", Öland";;Y;SFE4390;N;Y;N;;;FX;;FPO, GNS;36.77;0.00;Fiber/Plastic;;2020-09-16;MFL;1977-01-01;;
SWE000010344;;SWE;;;0.58;0.00;0.00;;4.80;0.00;RONJA;SFE4411;KA16;Sturkö;;Y;SFE4411;N;Y;N;;;FX;;GNS, LHP;11.03;0.00;Fiber/Plastic;;2020-10-06;MFL;2020-01-01;;2024-10-17
SWE000010345;;SWE;;;1.93;0.00;0.00;;5.60;0.00;SAM;SFE4324;LL124;Lysekil;;Y;SFE4324;N;Y;N;;;FX;;DRH, NO;36.77;0.00;Fiber/Plastic;;2020-06-28;MFL;2015-01-01;;
SWE000010350;265034000;SWE;;;1622.00;0.00;0.00;;63.85;0.00;ASTRID-MARIE;SBYU;GG64;Rörö;;Y;SBYU;Y;N;Y;9900978;;FX;;OTM, OTB;2999.00;1480.00;Metal;;2021-01-26;MFL;2021-01-01;;
SWE000010362;;SWE;;;2.87;0.00;0.00;;8.40;0.00;BALDER;SFE4528;SD399;Resö;;Y;SFE4528;N;Y;N;;;FX;;FPO, LHP;55.16;0.00;Fiber/Plastic;;2021-03-24;MFL;1960-01-01;;
SWE000010366;;SWE;;;2.41;0.00;0.00;;7.55;0.00;No name;SFE4435;HA46;Storön;;Y;SFE4435;N;Y;N;;;FX;;FPO;110.00;0.00;Fiber/Plastic;;2020-11-05;MFL;2020-01-01;;
SWE000010367;;SWE;;;1.33;0.00;0.00;;6.00;0.00;No name;SFE4486;HA35;Storön;;Y;SFE4486;N;N;N;;;FX;;FPO;65.00;0.00;Fiber/Plastic;;2021-02-23;MFL;1985-01-01;;2025-01-16
SWE000010370;;SWE;;;3.62;0.00;0.00;;8.40;0.00;HELMI;SFE4557;GG782;Fotö;;Y;SFE4557;N;Y;N;;;FX;;FPO, GND;110.00;0.00;Fiber/Plastic;;2021-04-16;MFL;1997-01-01;;2025-02-20
SWE000010371;;SWE;;;7.78;0.00;0.00;;10.99;0.00;DARWIN VIKING;SFE4564;LL424;Grundsund;;Y;SFE4564;N;Y;N;;;FX;;FPO, GND;236.00;0.00;Fiber/Plastic;;2021-05-02;MFL;2020-01-01;;
SWE000010372;;SWE;;;0.60;0.00;0.00;;4.95;0.00;No name;SFE4615;UÅ35;Båtviken;;Y;SFE4615;N;Y;N;;;FX;;GNS, FPO;29.42;0.00;Fiber/Plastic;;2021-05-25;MFL;2021-01-01;;
SWE000010373;;SWE;;;11.39;0.00;0.00;;10.90;0.00;LIZONA;SFE4607;UA3;Oxevik;;Y;SFE4607;N;Y;N;;;FX;;FPO;246.39;0.00;Fiber/Plastic;;2021-05-27;MFL;2021-01-01;;
SWE000010375;;SWE;;;5.19;0.00;0.00;;10.60;0.00;No name;SFE4660;HA27;Karlsborgsverken;;Y;SFE4660;N;Y;N;;;FX;;GNS;88.26;0.00;Fiber/Plastic;;2021-06-06;MFL;1969-01-01;;
SWE000010376;265035000;SWE;;;499.00;0.00;0.00;;34.00;0.00;VINGASKÄR;SCAB;GG500;"Sandvik"", Styrsö";;Y;SCAB;Y;N;Y;9886433;;FX;;OTB, NO;736.00;258.00;Metal;;2021-06-14;MFL;2021-01-01;;
SWE000010378;;SWE;;;0.54;0.00;0.00;;4.65;0.00;UTTERN;SFE4571;KR182;Vållö;;Y;SFE4571;N;Y;N;;;FX;;FPO;30.00;0.00;Fiber/Plastic;;2021-05-06;MFL;1980-01-01;;
SWE000010381;;SWE;;;3.15;0.00;0.00;;7.95;0.00;KLINTSKÄR;SFE4548;VG75;Träslövsläge;;Y;SFE4548;N;Y;N;;;FX;;FPO, LHP;26.48;0.00;Fiber/Plastic;;2021-08-16;MFL;1982-01-01;;
SWE000010382;;SWE;;;1.49;0.00;0.00;;5.80;0.00;RUTH;SFE4757;HND10;Härnösand;;Y;SFE4757;N;Y;N;;;FX;;FPO, LHP;55.00;0.00;Metal;;2021-08-24;MFL;2016-01-01;;
SWE000010386;;SWE;;;2.84;0.00;0.00;;7.95;0.00;ELSA J;SFE4786;GG780;Fotö;;Y;SFE4786;N;Y;N;;;FX;;GND, FPO;184.00;0.00;Fiber/Plastic;;2021-09-30;MFL;2021-01-01;;
SWE000010392;265739630;SWE;;;6.08;0.00;0.00;;9.94;0.00;SHAMWARI;SFD2249;LL157;Smögen;;Y;SFD2249;N;Y;Y;;;FX;;FPO, GND;321.00;0.00;Fiber/Plastic;;2021-10-27;MFL;2006-01-01;;
SWE000010397;;SWE;;;5.80;0.00;0.00;;10.96;0.00;SKRÅLLAN;SFC9524;GG359;Hönö;;Y;SFC9524;N;Y;N;;;FX;;OTB, NO;312.59;0.00;Fiber/Plastic;;2021-10-25;MFL;2011-01-01;;
SWE000010402;;SWE;;;3.64;0.00;0.00;;8.81;0.00;HAVBRIS;SFE4761;SD438;Nord-Koster;;Y;SFE4761;N;Y;N;;;FX;;FPO, GND;100.00;0.00;Fiber/Plastic;;2021-11-25;MFL;1992-01-01;;
SWE000010408;;SWE;;;2.87;0.00;0.00;;7.70;0.00;CEYLON;SFE4793;GG856;Hälsö;;Y;SFE4793;N;Y;N;;;FX;;GNS, GND;80.00;0.00;Fiber/Plastic;;2021-12-08;MFL;1942-01-01;;2024-01-07
SWE000010411;;SWE;;;9.31;0.00;0.00;;9.50;0.00;KINGSTON;SFE4706;GG800;Fotö;;Y;SFE4706;N;Y;N;;;FX;;LHP, FPO;191.23;0.00;Fiber/Plastic;;2022-03-12;MFL;2008-01-01;;2024-03-27
SWE000010413;;SWE;;;3.85;0.00;0.00;;8.40;0.00;ROTSÖ;SFE4913;KA46;Sanda;;Y;SFE4913;N;Y;N;;;FX;;GNS;95.61;0.00;Fiber/Plastic;;2022-03-21;MFL;1989-01-01;;2022-08-04
SWE000010415;;SWE;;;0.38;0.00;0.00;;6.40;0.00;ELVIRA;SFE4905;HL12;Enånger;;Y;SFE4905;N;Y;N;;;FX;;GNS, FPO;44.00;0.00;Fiber/Plastic;;2022-03-04;MFL;2009-01-01;;
SWE000010418;;SWE;;;2.95;0.00;0.00;;9.60;0.00;LENNART;SFC8612;VG137;Bua;;Y;SFC8612;N;Y;N;;;FX;;FPO;66.00;0.00;Metal;;2022-04-06;MFL;1982-01-01;;
SWE000010419;;SWE;;;1.32;0.00;0.00;;6.80;0.00;TORSKÄR;SFE4963;GG304;Göteborg;;Y;SFE4963;N;Y;N;;;FX;;FPO, NO;110.32;0.00;Fiber/Plastic;;2022-04-25;MFL;2015-01-01;;2023-09-28
SWE000010422;265043000;SWE;;;1197.00;0.00;0.00;;49.90;0.00;CARMONA;SBNJ;GG778;Dyrön;;Y;SBNJ;Y;N;Y;9921805;;FX;;OTM, OTB;2666.00;500.00;Metal;;2022-06-13;MFL;2022-01-01;;
SWE000010423;;SWE;;;2.90;0.00;0.00;;7.95;0.00;ALMA;SFE5026;GG764;Öckerö;;Y;SFE5026;N;Y;N;;;FX;;FPO;184.00;0.00;Fiber/Plastic;;2022-06-09;MFL;2022-01-01;;
SWE000010424;;SWE;;;2.04;0.00;0.00;;6.90;0.00;No name;SFE5017;GG55;Fiskebäck;;Y;SFE5017;N;Y;N;;;FX;;FPO, GND;37.00;0.00;Fiber/Plastic;;2022-06-03;MFL;2014-01-01;;
SWE000010425;;SWE;;;0.83;0.00;0.00;;5.36;0.00;No name;SFE5065;KA25;Sturkö;;Y;SFE5065;N;Y;N;;;FX;;GNS;29.42;0.00;Fiber/Plastic;;2022-07-07;MFL;1978-01-01;;
SWE000010427;265043880;SWE;;;19.49;0.00;0.00;;11.99;0.00;ELLINOR;SFE2542;PÅ16;Piteå;;Y;SFE2542;N;Y;Y;;;FX;;PTB, GNS;404.52;0.00;Metal;;2020-01-20;MFL;2020-01-01;;
SWE000010431;265043870;SWE;;;19.49;0.00;0.00;;11.99;0.00;SAGA;SFE2543;PÅ34;Piteå;;Y;SFE2543;N;Y;Y;;;FX;;PTB, GNS;404.52;0.00;Metal;;2020-01-20;MFL;2020-01-01;;
SWE000010434;;SWE;;;0.10;0.00;0.00;;4.70;0.00;GULDGRUFVAN;SFE5051;KN2;Karlshamn;;Y;SFE5051;N;Y;N;;;FX;;FPO, GNS;14.71;0.00;Fiber/Plastic;;2022-08-20;MFL;2022-01-01;;
SWE000010436;;SWE;;;0.40;0.00;0.00;;6.00;0.00;MÖRT-EVA;SFE4997;UÅ3;Täfteå;;Y;SFE4997;N;Y;N;;;FX;;GNS, FPO;11.00;0.00;Fiber/Plastic;;2022-06-08;MFL;1973-01-01;;
SWE000010438;;SWE;;;0.57;0.00;0.00;;5.30;0.00;No name;SFE5113;HA72;Storön;;Y;SFE5113;N;Y;N;;;FX;;GNS, NO;37.00;0.00;Fiber/Plastic;;2022-09-18;MFL;2022-01-01;;
SWE000010441;;SWE;;;2.02;0.00;0.00;;6.70;0.00;MIDWAY;SFE5146;GG225;Fiskebäck;;Y;SFE5146;N;Y;N;;;FX;;FPO, GND;75.02;0.00;Fiber/Plastic;;2022-11-03;MFL;1998-01-01;;
SWE000010444;;SWE;;;0.35;0.00;0.00;;5.36;0.00;BÖLJAN;SFE5150;KR6;Grönhögen;;Y;SFE5150;N;Y;N;;;FX;;GNS;18.39;0.00;Fiber/Plastic;;2022-11-06;MFL;1989-01-01;;
SWE000010448;;SWE;;;3.38;0.00;0.00;;8.50;0.00;DAGMAR;SFE5139;GG6;Hönö;;Y;SFE5139;N;Y;N;;;FX;;GND, FPO;47.81;0.00;Fiber/Plastic;;2022-10-31;MFL;1990-01-01;;
SWE000010462;265758790;SWE;;;2.32;0.00;0.00;;8.40;0.00;ÖRNFJORD;SFD2466;LL74;Kungshamn;;Y;SFD2466;N;Y;Y;;;FX;;GND, FPO;169.00;0.00;Fiber/Plastic;;2023-02-02;MFL;2004-01-01;;
SWE000010469;;SWE;;;0.75;0.00;0.00;;4.70;0.00;POB 34;SFE5182;SL10;Fagervik -Själaöhamn;;Y;SFE5182;N;Y;N;;;FX;;FPO, GNS;11.00;0.00;Fiber/Plastic;;2023-02-08;MFL;1976-01-01;;2025-06-18
SWE000010470;;SWE;;;1.83;0.00;0.00;;6.70;0.00;SUNNANSKÄR;SFE5199;GG733;Fiskebäck;;Y;SFE5199;N;N;N;;;FX;;OTB, TBN;125.00;0.00;Fiber/Plastic;;2023-02-21;MFL;1997-01-01;;2023-11-07
SWE000010476;;SWE;;;0.16;0.00;0.00;;4.31;0.00;No name;SFE5193;UÅ9;Kråken;;Y;SFE5193;N;Y;N;;;FX;;GNS;0.50;0.00;Metal;;2023-02-16;MFL;1967-01-01;;
SWE000010477;265050570;SWE;;;10.28;0.00;0.00;;10.75;0.00;GARPEN;SFE5180;VK26;Händelöp;;Y;SFE5180;N;Y;Y;;;FX;;GNS, NO;77.96;0.00;Fiber/Plastic;;2023-01-30;MFL;1982-01-01;;
SWE000010481;;SWE;;;1.40;0.00;0.00;;6.30;0.00;CARLSBERG;SFE5205;HA69;Torne-Furö;;Y;SFE5205;N;Y;N;;;FX;;FPO, GNS;60.00;0.00;Metal;;2023-02-28;MFL;2022-01-01;;
SWE000010483;;SWE;;;2.33;0.00;0.00;;7.40;0.00;TINA;SFE5222;LL578;Väjern;;Y;SFE5222;N;Y;N;;;FX;;FPO;44.00;0.00;Wood;;2023-04-03;MFL;1969-01-01;;
SWE000010485;;SWE;;;4.45;0.00;0.00;;8.70;0.00;ASTA;SFE5117;SD121;Korshamn;;Y;SFE5117;N;Y;N;;;FX;;FPO;163.28;0.00;Fiber/Plastic;;2022-09-28;MFL;2000-01-01;;
SWE000010486;265051090;SWE;;;6.00;0.00;0.00;;9.95;0.00;RYMO;SFE5220;GG228;Rörö;;Y;SFE5220;N;Y;Y;;;FX;;FPO;170.00;0.00;Fiber/Plastic;;2023-04-19;MFL;2010-01-01;;
SWE000010487;;SWE;;;3.27;0.00;0.00;;8.70;0.00;JOSEFIN;SFE5206;SD523;Strömstad;;Y;SFE5206;N;Y;N;;;FX;;FPO, LHP;108.00;0.00;Fiber/Plastic;;2023-03-09;MFL;2005-01-01;;
SWE000010489;;SWE;;;2.52;0.00;0.00;;7.70;0.00;JENNY;SFE5257;HG3;Båstad;;Y;SFE5257;N;Y;N;;;FX;;GNS;62.00;0.00;Fiber/Plastic;;2023-05-25;MFL;1989-01-01;;2023-12-19
SWE000010495;;SWE;;;2.74;0.00;0.00;;6.78;0.00;JULIANA;SFE5254;SD219;Edsvik;;Y;SFE5254;N;Y;N;;;FX;;FPO, LTL;30.00;0.00;Fiber/Plastic;;2023-06-28;MFL;1989-01-01;;
SWE000010499;;SWE;;;1.99;0.00;0.00;;5.70;0.00;BULL;SFE5330;HG24;Jonstorp;;Y;SFE5330;N;Y;N;;;FX;;FPO, GNS;66.00;0.00;Metal;;2023-08-14;MFL;2006-01-01;;
SWE000010500;;SWE;;;0.85;0.00;0.00;;4.60;0.00;DOLLY;SFE5288;UÅ90;Nordmaling;;Y;SFE5288;N;Y;N;;;FX;;GNS;36.77;0.00;Metal;;2023-06-27;MFL;2017-01-01;;
SWE000010501;;SWE;;;3.89;0.00;0.00;;8.92;0.00;ELSA;SFE5328;GG8;Donsö;;Y;SFE5328;N;Y;N;;;FX;;FPO, GND;191.00;0.00;Fiber/Plastic;;2023-07-06;MFL;2005-01-01;;
SWE000010502;;SWE;;;1.37;0.00;0.00;;6.20;0.00;ELIN;SFE5252;LL469;"Sandegärdet"", Nösund";;Y;SFE5252;N;Y;N;;;FX;;LHP, FPO;36.77;0.00;Fiber/Plastic;;2023-06-28;MFL;1999-01-01;;
SWE000010503;;SWE;;;1.27;0.00;0.00;;6.00;0.00;RAMSÖ;SFE5316;LL529;Grundsund;;Y;SFE5316;N;Y;N;;;FX;;FPO;66.20;0.00;Fiber/Plastic;;2023-06-27;MFL;1996-01-01;;
SWE000010504;;SWE;;;1.55;0.00;0.00;;7.03;0.00;No name;SFE5325;HA11;Seskarö;;Y;SFE5325;N;Y;N;;;FX;;FPO, GNS;38.25;0.00;Fiber/Plastic;;2023-07-03;MFL;2010-01-01;;
SWE000010505;;SWE;;;3.33;0.00;0.00;;9.20;0.00;TORSKÄR;SFE5356;GG304;Göteborg;;Y;SFE5356;N;Y;N;;;FX;;FPO, GND;206.00;0.00;Fiber/Plastic;;2023-09-05;MFL;1996-01-01;;
SWE000010511;;SWE;;;2.14;0.00;0.00;;6.70;0.00;QUO VADIS;SFE5375;GG278;Öckerö;;Y;SFE5375;N;Y;N;;;FX;;GND, FPO;100.00;0.00;Fiber/Plastic;;2023-09-24;MFL;1998-01-01;;
SWE000010512;;SWE;;;1.61;0.00;0.00;;7.50;0.00;JOHANNA;SFE5369;SD281;Hamburgsund;;Y;SFE5369;N;Y;N;;;FX;;FPO, LHP;59.00;0.00;Fiber/Plastic;;2023-09-27;MFL;1994-01-01;;
SWE000010514;;SWE;;;3.42;0.00;0.00;;8.85;0.00;LINNEA;SFE5378;GG216;Dyrön;;Y;SFE5378;N;Y;N;;;FX;;FPO;110.32;0.00;Fiber/Plastic;;2023-10-28;MFL;1976-01-01;;
SWE000010520;265049000;SWE;;;1826.00;0.00;0.00;;63.80;0.00;GINNETON;SBCY;GG203;Fiskebäck;;Y;SBCY;Y;N;Y;9944314;;FX;;OTM, PS;4640.00;1216.00;Metal;;2023-12-04;MFL;2023-01-01;;
SWE000010525;;SWE;;;5.71;0.00;0.00;;9.60;0.00;ZAIDA;SFE5418;GG92;Fiskebäck;;Y;SFE5418;N;Y;N;;;FX;;FPO, GND;280.00;0.00;Fiber/Plastic;;2024-02-02;MFL;2000-01-01;;
SWE000010526;;SWE;;;2.11;0.00;0.00;;6.40;0.00;No name;SFE4862;SD124;Grönemad;;Y;SFE4862;N;Y;N;;;FX;;FPO, NO;23.00;0.00;Fiber/Plastic;;2024-01-25;MFL;2009-01-01;;
SWE000010527;;SWE;;;5.62;0.00;0.00;;9.99;0.00;SJÖBRIS;SFE5433;HG3;Båstad;;Y;SFE5433;N;Y;N;;;FX;;GNS;62.00;0.00;Fiber/Plastic;;2024-02-06;MFL;1982-01-01;;
SWE000010535;;SWE;;;0.80;0.00;0.00;;4.77;0.00;No name;SFE5452;KA288;Sanda;;Y;SFE5452;N;Y;N;;;FX;;GNS;29.42;0.00;Fiber/Plastic;;2024-03-04;MFL;1975-01-01;;
SWE000010536;;SWE;;;0.45;0.00;0.00;;5.66;0.00;JOSEFIN;SFE5451;VK35;Händelöp;;Y;SFE5451;N;Y;N;;;FX;;FPO, GNS;84.58;0.00;Metal;;2024-03-01;MFL;2023-01-01;;
SWE000010537;;SWE;;;9.02;0.00;0.00;;9.98;0.00;KINGSTON;SFE5444;GG800;Fotö;;Y;SFE5444;N;Y;N;;;FX;;FPO;191.23;0.00;Fiber/Plastic;;2024-02-28;MFL;1982-01-01;;
SWE000010540;;SWE;;;2.75;0.00;0.00;;8.10;0.00;GALTUR;SFE5448;VG2;Galtabäck;;Y;SFE5448;N;Y;N;;;FX;;FPO, GND;60.31;0.00;Fiber/Plastic;;2024-03-11;MFL;1987-01-01;;
SWE000010542;;SWE;;;0.13;0.00;0.00;;5.50;0.00;KARIN;SFE5483;LL350;Lysekil;;Y;SFE5483;N;Y;N;;;FX;;FPO;44.13;0.00;Fiber/Plastic;;2024-04-16;MFL;2003-01-01;;
SWE000010544;;SWE;;;3.32;0.00;0.00;;7.95;0.00;No name;SFE5458;GG555;Fiskebäck;;Y;SFE5458;N;Y;N;;;FX;;FPO, LHP;125.00;0.00;Fiber/Plastic;;2024-04-29;MFL;2022-01-01;;
SWE000010546;;SWE;;;6.54;0.00;0.00;;9.98;0.00;VINGAFJORD;SFE5491;GG273;Hönö;;Y;SFE5491;N;Y;N;;;FX;;FPO;221.00;0.00;Fiber/Plastic;;2024-04-25;MFL;2008-01-01;;
SWE000010547;;SWE;;;8.99;0.00;0.00;;11.97;0.00;ALMA;SFE5223;HA1;Nikkala;;Y;SFE5223;N;Y;N;;;FX;;PTB, NO;166.00;0.00;Metal;;2024-05-12;MFL;1992-01-01;;
SWE000010548;;SWE;;;3.99;0.00;0.00;;9.50;0.00;LINNEA;SFC9808;GG1218;Fotö;;Y;SFC9808;N;Y;N;;;FX;;FPO;235.36;0.00;Fiber/Plastic;;2024-05-27;MFL;2012-01-01;;
SWE000010549;;SWE;;;0.78;0.00;0.00;;4.95;0.00;KOMETEN;SFE5546;SIN61;Kyls Strand;;Y;SFE5546;N;Y;N;;;FX;;FPO, NO;5.88;0.00;Wood;;2024-06-30;MFL;1960-01-01;;
SWE000010556;;SWE;;;0.42;0.00;0.00;;5.30;0.00;No name;SFE5536;HND5;Norrfällsviken;;Y;SFE5536;N;Y;N;;;FX;;GNS, FPO;36.77;0.00;Fiber/Plastic;;2024-06-05;MFL;2023-01-01;;
SWE000010559;;SWE;;;1.83;0.00;0.00;;6.70;0.00;MARTINA;SFE5586;GG292;Rörö;;Y;SFE5586;N;Y;N;;;FX;;FPO;92.00;0.00;Fiber/Plastic;;2024-08-21;MFL;1999-01-01;;
SWE000010562;;SWE;;;8.20;0.00;0.00;;10.35;0.00;GLITTHAV;SFE4813;GG536;Vrångö;;Y;SFE4813;N;Y;N;;;FX;;OTB, FPO;341.27;0.00;Fiber/Plastic;;2024-08-13;MFL;1994-01-01;;
SWE000010565;;SWE;;;3.72;0.00;0.00;;10.65;0.00;BRÖDERNA;SFE5590;SD115;Grebbestad;;Y;SFE5590;N;Y;N;;;FX;;FPO, GND;136.07;0.00;Fiber/Plastic;;2024-10-13;MFL;1993-01-01;;
SWE000010566;;SWE;;;0.19;0.00;0.00;;4.98;0.00;MAYA;SFE5602;HL14;Enånger;;Y;SFE5602;N;Y;N;;;FX;;GNS;21.00;0.00;Fiber/Plastic;;2024-11-05;MFL;2005-01-01;;
SWE000010567;;SWE;;;0.88;0.00;0.00;;6.10;0.00;ANJA;SFE5509;HA41;Nikkala;;Y;SFE5509;N;Y;N;;;FX;;FPO, NO;29.42;0.00;Fiber/Plastic;;2024-05-23;MFL;2015-01-01;;
SWE000010568;;SWE;;;3.26;0.00;0.00;;9.10;0.00;PÄRLAN;SFC7934;PÅ7;Piteå;;Y;SFC7934;N;Y;N;;;FX;;FPO, GNS;66.19;0.00;Metal;;2024-11-06;MFL;1979-01-01;;
SWE000010572;;SWE;;;5.75;0.00;0.00;;11.05;0.00;JOHLIN VI;SFE5626;HND4;Bondhamn;;Y;SFE5626;N;Y;N;;;FX;;GNS, FPO;294.00;0.00;Metal;;2024-12-16;MFL;2024-01-01;;
SWE000010573;;SWE;;;14.22;0.00;0.00;;11.58;0.00;ATLAS;SFE5625;LA99;Ålabodarna;;Y;SFE5625;N;Y;N;;;FX;;GNS;150.00;0.00;Fiber/Plastic;;2025-01-23;MFL;1978-01-01;;
SWE000010576;;SWE;;;2.63;0.00;0.00;;7.99;0.00;MALOU;SFE5666;HG31;Torekov;;Y;SFE5666;N;Y;N;;;FX;;FPO;55.00;0.00;Fiber/Plastic;;2025-02-06;MFL;1978-01-01;;
SWE000010577;;SWE;;;15.44;0.00;0.00;;11.80;0.00;FERDER;SFE5688;SD451;Krossekärr;;Y;SFE5688;N;Y;N;;;FX;;OTB;220.00;0.00;Wood;;2025-03-17;MFL;1950-01-01;;
SWE000010578;;SWE;;;2.78;0.00;0.00;;7.88;0.00;INGE-MARI;SFE5447;VG53;Bua;;Y;SFE5447;N;Y;N;;;FX;;FPO, GND;88.30;0.00;Fiber/Plastic;;2025-03-23;MFL;2007-01-01;;
SWE000010579;;SWE;;;0.65;0.00;0.00;;6.10;0.00;No name;SFE5656;HA28;Nikkala;;Y;SFE5656;N;Y;N;;;FX;;GNS, NO;22.06;0.00;Fiber/Plastic;;2025-03-18;MFL;1990-01-01;;
SWE000010580;;SWE;;;2.43;0.00;0.00;;8.70;0.00;BRITT-MARIE;SFE5018;SD36;Havstenssund;;Y;SFE5018;N;Y;N;;;FX;;FPO, NO;85.00;0.00;Fiber/Plastic;;2025-03-06;MFL;1978-01-01;;
SWE000010582;;SWE;;;8.28;0.00;0.00;;10.42;0.00;MONSUN;SFE5681;SD415;Nord-Koster;;Y;SFE5681;N;Y;N;;;FX;;OTB;199.00;0.00;Fiber/Plastic;;2025-02-26;MFL;2006-01-01;;
SWE000010583;;SWE;;;0.83;0.00;0.00;;5.55;0.00;No name;SFE5697;SD420;Havstenssund;;Y;SFE5697;N;Y;N;;;FX;;FPO;66.19;0.00;Fiber/Plastic;;2025-05-07;MFL;2025-01-01;;
SWE000010585;;SWE;;;1.06;0.00;0.00;;6.05;0.00;SIGNE;SFE5692;HA25;Risögrund;;Y;SFE5692;N;Y;N;;;FX;;GNS;52.00;0.00;Fiber/Plastic;;2025-03-12;MFL;2004-01-01;;
SWE000010587;;SWE;;;0.99;0.00;0.00;;6.10;0.00;INES;SFE5690;HA16;Marahamn;;Y;SFE5690;N;Y;N;;;FX;;GNS;36.80;0.00;Fiber/Plastic;;2025-03-10;MFL;2014-01-01;;
SWE000010588;;SWE;;;0.58;0.00;0.00;;5.52;0.00;TÄRNAN;SFE5698;SD2;Havstenssund;;Y;SFE5698;N;Y;N;;;FX;;LHP, FPO;66.19;0.00;Fiber/Plastic;;2025-04-13;MFL;2025-01-01;;
SWE000010592;;SWE;;;0.89;0.00;0.00;;4.80;0.00;LFB;SFE5792;SL10;Fagervik -Själaöhamn;;Y;SFE5792;N;Y;N;;;FX;;FPO, GNS;22.06;0.00;Fiber/Plastic;;2025-04-04;MFL;1978-01-01;;
SWE000010593;;SWE;;;3.25;0.00;0.00;;8.40;0.00;GUNNSAN;SFE5795;SD23;Gullnäsholmen;;Y;SFE5795;N;Y;N;;;FX;;FPO, LTL;97.09;0.00;Fiber/Plastic;;2025-06-16;MFL;1993-01-01;;
SWE000010597;;SWE;;;1.83;0.00;0.00;;6.70;0.00;No name;SFE5840;SD470;Havstenssund;;Y;SFE5840;N;Y;N;;;FX;;FPO, LTL;58.84;0.00;Fiber/Plastic;;2025-07-28;MFL;2025-01-01;;
SWE000010598;;SWE;;;38.00;0.00;0.00;;15.44;0.00;AXÖ;SFE5718;FG248;Glommen;;Y;SFE5718;Y;N;N;;;FX;;OTB, NO;257.00;0.00;Wood;;2025-04-07;MFL;1959-01-01;;
SWE000010600;;SWE;;;0.88;0.00;0.00;;6.20;0.00;No name;SFE5780;LL715;Mollösund;;Y;SFE5780;N;Y;N;;;FX;;FPO, GND;36.77;0.00;Fiber/Plastic;;2025-06-09;MFL;2011-01-01;;
SWE000010601;;SWE;;;2.24;0.00;0.00;;8.05;0.00;HÅVEN;SFE5825;LL338;Smögen;;Y;SFE5825;N;Y;N;;;FX;;TBN, NO;73.55;0.00;Fiber/Plastic;;2025-07-02;MFL;1984-01-01;;
SWE000010602;;SWE;;;3.14;0.00;0.00;;9.10;0.00;AMELIA;SFE5750;GG25;Klädesholmen;;Y;SFE5750;N;Y;N;;;FX;;FPO;198.58;0.00;Fiber/Plastic;;2025-08-20;MFL;2011-01-01;;
SWE000010603;;SWE;;;6.19;0.00;0.00;;9.93;0.00;VÄSTERLAND;SFE5858;GG181;Hönö;;Y;SFE5858;N;Y;N;;;FX;;FPO;271.40;0.00;Fiber/Plastic;;2025-08-18;MFL;2008-01-01;;
SWE000010605;;SWE;;;8.94;0.00;0.00;;11.30;0.00;EMMA;SFE5695;HA40;Nikkala;;Y;SFE5695;N;Y;N;;;FX;;FPO, PTB;152.25;0.00;Metal;;2025-09-10;MFL;1986-01-01;;
SWE020110914;;SWE;;;1.16;0.00;0.00;;6.10;0.00;No name;SFC9655;UÅ51;Lappviken;;Y;SFC9655;N;Y;N;;;FX;;GNS, FPO;18.00;0.00;Fiber/Plastic;;2011-09-14;MFL;2000-01-01;;2016-12-07
