CFR;MSSI;Country of registration;Administration responsible of registration;Registration on national registry;GT Tonnage;Other tonnage;GTs;Code;LOA;LBP;Name;Registration number;External marking;Registration Place;Status on national registry;Radio;IRCS;VMS;ERS;AIS;UVI;IMO;Vessel Type;Operates at;Fishing gear;Main engine;Power of auxiliary engine;Hull material;Image;Date of entry into service;Segment;Year of construction;Year of destruction;Year of retirement
DEU000070300;;POL;;;93.00;0.00;0.00;;25.40;22.70;<NO NAME GIVEN>;PL02006;WLA-127;;;Y;SPG2811;Y;;;;;FX;;OTB, OTM;165.00;0.00;Metal;;1972-03-24;MFL;1972-01-01;2009-11-10;
DEU000370606;;POL;;;23.11;0.00;0.00;;11.34;10.75;;PL02018;ŚWI-48;;;Y;SPS2590;N;N;N;;;FX;;OTB, SSC, FPO, OTM, GNS, LLS;147.00;0.00;Metal;;1998-09-01;MFL;1998-01-01;2016-12-05;
DEU001280602;;POL;;;31.48;0.00;0.00;;12.01;10.10;No name;PL02280;KOŁ-288;Kołobrzeg;;Y;SPS3130;Y;Y;N;;;TTW;;OTB, LLS, GNS, PTM, OTM, LLD;110.00;0.00;Metal;;2001-12-18;MFL;2001-01-01;2024-10-03;
DEU002120300;261536000;POL;;;2348.00;0.00;0.00;;80.35;73.65;POLONUS;PL02309;GDY-58;Gdynia;;Y;SNLE;Y;Y;Y;9048902;;TTP;;OTB, PTB, OTM, PT, OTP, TBS;3000.00;536.00;Metal;;1992-12-31;MFL;1992-01-01;;
DEU107000301;;POL;;;3071.00;0.00;0.00;;91.98;84.90;WIESBADEN;PL00014;GDY-157;;;Y;SNBH;N;;;;;FX;;OTB, OTM;3530.00;588.00;Metal;;1973-12-31;MFL;1973-01-01;;2008-10-28
DEU200640201;;POL;;;120.00;128.65;0.00;;26.09;23.45;MERCATOR;PL00005;GDY-40;;;Y;SPG2669;N;;;;;FX;;OTB, OTM;296.00;0.00;Metal;;1973-01-05;MFL;1972-01-01;2008-09-10;
DEU300540207;;POL;;;9.48;0.00;0.00;;10.52;9.55;No name;PL01995;WŁA-44;Władysławowo;;Y;SPG2761;N;N;N;;;FX;;GNS, LLS, LLD, FPO;50.00;0.00;Fiber/Plastic;;1983-05-20;MFL;1982-01-01;2025-03-10;
DEU300590207;;POL;;;184.00;0.00;0.00;;29.95;27.53;LAGUNA;PL00002;WLA-54;;;Y;SPS2434;N;;;;;FX;;OTM, OTB;588.00;0.00;Metal;;1965-12-31;MFL;1965-01-01;2009-10-27;
DEU300740207;;POL;;;44.00;0.00;0.00;;18.10;16.84;BORNEO;PL00021;MRZ-10;;;Y;SPS2466;Y;;;;;FX;;OTB, OTM;221.00;0.00;Wood;;2003-10-13;MFL;1951-01-01;2008-11-17;
DNK000009275;;POL;;;2.50;0.00;0.00;;7.50;6.84;No name;PL02328;SWA-26;;;Y;SPG4455;N;N;N;;;WO;;FYK, GNS, FPO, LLS, LLD;20.00;0.00;Fiber/Plastic;;1976-01-01;MFL;1976-01-01;;
DNK000011127;;POL;;;2.06;0.00;0.00;;7.99;7.16;No name;PL02324;JAS-136;Jastarnia;;Y;SPG3942;N;N;N;;;MTG;;GNS, FYK, FPO, LLD, LLS;29.30;0.00;Fiber/Plastic;;1973-01-01;MFL;1973-01-01;;
DNK000012227;;POL;;;20.38;0.00;0.00;;13.56;12.28;No name;PL02144;JAS-79;;;Y;SPG3293;Y;Y;N;;;TS;;OTB, LLD, PTB, LLS, GNS, PTM;121.00;0.00;Wood;;1960-07-01;MFL;1960-01-01;;
DNK000012260;;POL;;;4.11;0.00;0.00;;8.26;7.45;No name;PL02114;NIE-21;Niechorze;;Y;SPS2764;N;N;N;;;GO;;GNS, FPO, LHP, FYK, LLD, LLS;32.50;0.00;Fiber/Plastic;;1987-10-15;MFL;1977-01-01;;
DNK000012439;;POL;;;23.77;0.00;0.00;;13.60;12.25;<NO NAME GIVEN>;PL02029;KOL-117;;;Y;SPS2720;Y;;;;;MTG;;OTB, GNS;106.00;0.00;Wood;;1964-11-04;MFL;1964-01-01;;2014-07-01
DNK000013087;261002913;POL;;;110.00;0.00;0.00;;20.55;17.31;NECFISH 1;PL02336;WŁA-220;Władysławowo;;Y;SPG5387;Y;Y;Y;8612110;;TTW;;PTB, OTM, PTM, LLD, OTB, GNS;368.00;68.00;Metal;;1985-04-03;MFL;1985-01-01;;
DNK000013126;;POL;;;2.30;0.00;0.00;;6.71;6.24;No name;PL02338;JAS-137;Jastarnia;;Y;SPG5544;N;N;N;;;FX;;GNS, LLS, FPO, FYK, LLD;20.00;0.00;Fiber/Plastic;;1980-01-01;MFL;1980-01-01;;
DNK000013165;261038790;POL;;;3.80;0.00;0.00;;8.88;7.64;No name;PL02314;DAR-348;;;Y;SPS3574;N;N;Y;;;WO;;GNS, FPO, LLD, LLS, LHP, LHM;63.00;0.00;Fiber/Plastic;;1986-01-01;MFL;1985-01-01;;
DNK000013667;261036610;POL;;;61.00;0.00;0.00;;19.09;16.19;WŁA-187 AUGUSTYN;PL02311;WŁA-187;;;Y;SPG4557;Y;Y;Y;;;TO;;OTM, OTB, GNS;294.00;21.51;Metal;;1982-12-01;MFL;1982-01-01;;
DNK000013985;261013080;POL;;;23.98;0.00;0.00;;13.90;12.69;No name;PL02051;ŚWI-24;;;Y;SPS2662;Y;Y;Y;;;TT;;OTB, OTM, LLS, PTM, FPO, GNS;169.00;0.00;Wood;;1961-09-19;MFL;1961-01-01;;
FIN000010029;;POL;;;281.00;0.00;84.00;;31.30;27.89;SUZANNE KRYSTYNA;PL02043;WLA-100;;;Y;SPG3022;Y;;;;;FX;;OTB, OTM;596.00;88.26;Metal;;1973-10-30;MFL;1973-01-01;2011-08-17;
FIN000010175;;POL;;;7.04;0.00;0.00;;11.30;9.81;<NO NAME GIVEN>;PL02155;LEB-77;;;Y;SPG3370;N;;;;;FX;;GNS, LLS;37.70;0.00;Fiber/Plastic;;1989-12-31;MFL;1989-01-01;2014-04-16;
FRA000736420;261003012;POL;;;185.00;0.00;0.00;;23.89;21.05;No name;PL02335;WŁA-222;Władysławowo;;Y;SPG5397;Y;Y;Y;8873893;;WOP;;FPO, OTP, OTM;404.00;0.00;Metal;;1990-04-25;MFL;1989-01-01;;
GBR000C19345;261004881;POL;;;144.00;0.00;0.00;;18.46;16.72;No name;PL02339;GDY-347;Gdynia;;Y;SPG5667;Y;Y;Y;9564530;;TSW;;OTB, OTM, FPO;358.00;0.00;Metal;;2008-09-17;MFL;2007-01-01;;
IRL000I13000;261084090;POL;;;14464.00;0.00;0.00;;144.60;134.30;ANNELIES ILENA;PL02315;GDY-151;Gdynia;;Y;SPG4839;Y;Y;Y;9204556;;TT;;OTM, PTM;14400.00;6720.00;Metal;;2000-08-17;MFL;1999-01-01;;
NLD198200977;261020840;POL;;;125.00;0.00;0.00;;26.65;24.52;No name;PL02182;WŁA-84;;;Y;SPG3578;Y;Y;Y;8128573;;TTW;;OTB, OTM, PTB, LLD, PTM;294.00;225.00;Metal;;1982-06-30;MFL;1981-01-01;;
NLD198901091;261001225;POL;;;5099.00;0.00;0.00;;110.80;103.95;ALINA;PL02333;GDY-346;Gdynia;;Y;SNSB;Y;Y;Y;8918318;;TT;;OTM, PTM;6600.00;1360.00;Metal;;1990-09-25;MFL;1989-01-01;;
POL010101682;;POL;;;4.56;0.00;0.00;;9.22;8.08;<NO NAME GIVEN>;PL01682;STL-1;;;N;;N;;;;;FX;;FPO, SSC;22.40;0.00;Metal;;1988-09-13;MFL;1988-01-01;2009-05-08;
POL010101683;;POL;;;4.57;0.00;0.00;;9.23;8.12;<NO NAME GIVEN>;PL01683;STL-2;;;N;;N;;;;;FX;;FPO, SSC;22.40;0.00;Metal;;1988-09-23;MFL;1988-01-01;;2006-03-23
POL010101684;;POL;;;3.23;0.00;0.00;;8.50;8.40;<NO NAME GIVEN>;PL01684;STL-6;;;N;;N;;;;;FX;;FPO, NO;22.40;0.00;Metal;;1972-04-07;MFL;1970-01-01;2006-03-30;
POL010101685;;POL;;;1.03;0.00;0.00;;6.64;5.88;<NO NAME GIVEN>;PL01685;STL-9;;;N;;N;;;;;FX;;GNS, FPO;5.20;0.00;Fiber/Plastic;;1985-02-18;MFL;1984-01-01;2009-05-08;
POL010101686;;POL;;;1.72;0.00;0.00;;7.62;6.95;No name;PL01686;STŁ-10;;;N;;N;N;N;;;FX;;FYK, GTR, GNS;8.50;0.00;Wood;;1965-05-08;MFL;1959-01-01;;
POL010101687;261030680;POL;;;3.09;0.00;0.00;;8.20;7.27;No name;PL01687;TRB-77;;;Y;SPS3302;N;N;Y;;;FX;;FPO, GNS, GTR;20.20;0.00;Wood;;1992-08-31;MFL;1992-01-01;;
POL010101690;;POL;;;1.97;0.00;0.00;;7.40;6.56;No name;PL01690;STŁ-38;;;N;;N;N;N;;;FX;;FPO, GTR, GNS;30.90;0.00;Other;;1969-04-03;MFL;1968-01-01;;
POL010101691;;POL;;;2.44;0.00;0.00;;8.18;7.29;<NO NAME GIVEN>;PL01691;JAS-59;;;N;;N;;;;;FX;;GNS, LLS;22.40;0.00;Other;;1979-01-12;MFL;1978-01-01;;2011-07-26
POL010101692;;POL;;;2.05;0.00;0.00;;7.63;6.77;<NO NAME GIVEN>;PL01692;STL-46;;;N;;N;;;;;FX;;FPO, GNS;55.20;0.00;Other;;1968-03-02;MFL;1967-01-01;;2013-10-18
POL010101693;;POL;;;1.95;0.00;0.00;;7.48;6.77;No name;PL01693;STŁ-47;Szczecin-Stołczyn;;N;;N;N;N;;;FX;;FYK, GTR, GNS, LLS;39.70;0.00;Other;;1971-03-15;MFL;1970-01-01;;
POL010102042;;POL;;;1.56;0.00;0.00;;5.55;5.21;<NO NAME GIVEN>;PL02042;STL-13;;;N;;N;;;;;FX;;GNS, GTR;19.10;0.00;Fiber/Plastic;;2007-09-17;MFL;1971-01-01;;2014-07-01
POL010102256;;POL;;;1.70;0.00;0.00;;6.62;6.31;No name;PL02256;STŁ-8;Szczecin-Stołczyn;;N;;N;N;N;;;FX;;FYK, GNS, LLS, GTR;15.00;0.00;Fiber/Plastic;;1967-04-19;MFL;1967-01-01;;
POL010102261;;POL;;;0.80;0.00;0.00;;4.90;4.63;No name;PL02261;STŁ-15;;;N;;N;N;N;;;FX;;FPO, GNS, LLS, GTR;7.40;0.00;Fiber/Plastic;;2014-02-13;MFL;1977-01-01;;
POL010102290;;POL;;;1.50;0.00;0.00;;6.56;5.93;No name;PL02290;STŁ-21;Szczecin-Stołczyn;;N;;N;N;N;;;FX;;FYK, GTR, GNS, LLS;22.10;0.00;Aluminium;;2014-06-16;MFL;2014-01-01;;
POL010201599;;POL;;;26.95;0.00;0.00;;12.40;11.75;SNB-AR-1;PL01599;SZN-21;;;Y;SPS2115;Y;N;N;;;FX;;GNS, LLS, OTM, OTB, LHP;70.00;0.00;Metal;;1991-12-31;MFL;1988-01-01;;2016-12-28
POL010201732;;POL;;;945.00;0.00;0.00;;60.81;54.72;NORTH  OCEAN  I;PL01732;SZN-20;;;Y;SNBF;N;;;;;FX;;OTB, OTM;2206.00;398.00;Metal;;2003-10-03;MFL;1952-01-01;;2005-08-04
POL010201733;;POL;;;1126.31;0.00;0.00;;67.92;61.35;PATRICIA III;PL01733;SZN-72;;;Y;SPS2463;Y;;;;;FX;;OTB, OTM;1596.00;647.00;Metal;;2003-09-30;MFL;1972-01-01;;2005-07-12
POL010202048;;POL;;;3100.00;0.00;0.00;;90.62;83.61;ADMIRAL ARCISZEWSKI;PL02048;SZN-109;;;Y;SQHZ;N;;;;;FX;;OTB, OTM;2650.00;1146.00;Metal;;1977-05-13;MFL;1977-01-01;;
POL010202049;;POL;;;4410.00;0.00;0.00;;102.59;94.62;AQUARIUS;PL02049;SZN-112;;;Y;SQMO;N;;;;;FX;;OTB, OTM;3825.00;1460.00;Metal;;1983-03-17;MFL;1983-01-01;;
POL010202051;;POL;;;4038.00;0.00;0.00;;93.63;86.30;SAGRAN;PL02051;SZN-62;;;Y;ROS1817;N;;;;;FX;;OTB, OTM;3360.00;1470.00;Metal;;1993-07-06;MFL;1992-01-01;;
POL010301655;;POL;;;3.07;0.00;0.00;;8.41;7.55;<NO NAME GIVEN>;PL01655;DAB-1;;;N;;N;;;;;FX;;FPO, GNS;26.28;0.00;Metal;;1990-12-31;MFL;1990-01-01;2005-01-06;
POL010301656;;POL;;;2.85;0.00;0.00;;8.11;6.90;<NO NAME GIVEN>;PL01656;DAB-2;;;N;;N;;;;;FX;;FPO, GTR;29.10;0.00;Other;;1981-03-15;MFL;1980-01-01;;2007-10-09
POL010301658;;POL;;;1.15;0.00;0.00;;5.70;5.33;No name;PL01658;DĄB-8;;;N;;N;N;N;;;FX;;FPO, LLS, GTR, GNS;7.30;0.00;Metal;;1970-05-30;MFL;1970-01-01;;
POL010301659;;POL;;;3.02;0.00;0.00;;9.11;8.32;No name;PL01659;DĄB-9;;;N;;N;N;N;;;FX;;FPO, GNS;17.50;0.00;Fiber/Plastic;;1993-11-19;MFL;1993-01-01;;
POL010301660;;POL;;;3.06;0.00;0.00;;8.34;7.60;No name;PL01660;DĄB-17;Szczecin-Dąbie;;N;;N;N;N;;;FX;;FYK, FSN, GNS;22.40;0.00;Metal;;1994-04-25;MFL;1994-01-01;;
POL010301661;;POL;;;1.67;0.00;0.00;;7.20;6.71;<NO NAME GIVEN>;PL01661;DAB-18;;;N;;N;;;;;FX;;FPO, GNS;13.20;0.00;Wood;;1992-06-15;MFL;1991-01-01;2005-08-10;
POL010301662;;POL;;;3.08;0.00;0.00;;9.12;8.22;No name;PL01662;DĄB-19;;;N;;N;N;N;;;FX;;FPO, NK;20.60;0.00;Fiber/Plastic;;1991-08-26;MFL;1991-01-01;;
POL010301663;;POL;;;2.90;0.00;0.00;;8.41;7.85;No name;PL01663;DĄB-20;;;N;;N;N;N;;;FX;;FPO, GTR, GNS;17.50;0.00;Fiber/Plastic;;1993-11-15;MFL;1993-01-01;;
POL010301665;;POL;;;3.19;0.00;0.00;;8.77;8.06;No name;PL01665;DĄB-21;;;N;;N;N;N;;;FX;;FPO, GNS, GTR;20.40;0.00;Fiber/Plastic;;1999-04-09;MFL;1998-01-01;;
POL010301666;;POL;;;2.65;0.00;0.00;;8.18;7.35;No name;PL01666;DĄB-22;;;N;;N;N;N;;;FX;;FPO, GNS, GTR;20.00;0.00;Other;;1983-07-07;MFL;1982-01-01;;
POL010301668;;POL;;;2.09;0.00;0.00;;8.17;7.74;No name;PL01668;DĄB-23;Szczecin-Dąbie;;N;;N;N;N;;;FX;;FYK, LLS, GTR, GNS;16.20;0.00;Fiber/Plastic;;2002-04-19;MFL;2001-01-01;;2023-02-20
POL010301669;;POL;;;3.16;0.00;0.00;;8.85;8.11;No name;PL01669;DĄB-24;;;N;;N;N;N;;;FX;;FPO, GNS, LLS;23.50;0.00;Fiber/Plastic;;2003-08-27;MFL;2002-01-01;;
POL010302337;;POL;;;1.17;0.00;0.00;;6.18;5.71;No name;PL02337;DĄB-27;Szczecin-Dąbie;;N;;N;N;N;;;FX;;FYK, LLS, GNS, GTR;16.20;0.00;Fiber/Plastic;;2023-02-17;MFL;2022-01-01;;
POL010302344;;POL;;;1.42;0.00;0.00;;6.00;5.49;No name;PL02344;DĄB-28;Szczecin-Dąbie;;N;;N;N;N;;;FX;;FYK, FSN, LLS, GTR, GNS;22.40;0.00;Aluminium;;2025-04-23;MFL;1990-01-01;;
POL010401653;;POL;;;1.61;0.00;0.00;;6.50;5.70;<NO NAME GIVEN>;PL01653;LBC-8;;;N;;N;;;;;FX;;FPO, GNS;3.70;0.00;Wood;;1965-12-31;MFL;1965-01-01;;2007-10-18
POL010501646;;POL;;;4.84;0.00;0.00;;9.30;8.50;<NO NAME GIVEN>;PL01646;WAR-5;;;N;;N;;;;;FX;;GNS, FPO;24.30;0.00;Wood;;1972-06-02;MFL;1972-01-01;;2012-01-05
POL010501648;;POL;;;5.01;0.00;0.00;;9.32;8.47;<NO NAME GIVEN>;PL01648;WAR-8;;;N;;N;;;;;FX;;SSC, GNS;22.40;0.00;Wood;;1978-01-19;MFL;1977-01-01;;2008-09-18
POL010501649;;POL;;;6.27;0.00;0.00;;10.12;9.44;No name;PL01649;SWB-23;Świbno;;Y;SPG6052;N;N;N;;;FX;;GNS, FPN, LLS, FYK;22.40;0.00;Fiber/Plastic;;1973-06-04;MFL;1973-01-01;;
POL010501650;;POL;;;6.66;0.00;0.00;;9.89;8.37;<NO NAME GIVEN>;PL01650;WAR-20;;;N;;N;;;;;FX;;SSC, GNS;38.20;0.00;Metal;;1990-06-18;MFL;1990-01-01;2005-01-06;
POL010501651;;POL;;;6.73;0.00;0.00;;9.95;8.37;<NO NAME GIVEN>;PL01651;WAR-21;;;N;;N;;;;;FX;;SSC, GNS;38.20;0.00;Metal;;1990-06-18;MFL;1990-01-01;2005-01-06;
POL010501652;;POL;;;4.43;0.00;0.00;;9.28;8.58;<NO NAME GIVEN>;PL01652;WAR-52;;;N;;N;;;;;FX;;SSC, GNS;22.40;0.00;Wood;;1978-06-21;MFL;1978-01-01;;2008-01-23
POL010502186;;POL;;;1.61;0.00;0.00;;6.00;5.70;No name;PL02186;WAR-1;;;N;;N;N;N;;;FX;;GNS, FPO, LLS;8.00;0.00;Fiber/Plastic;;2012-06-06;MFL;2011-01-01;;
POL010600380;;POL;;;3.36;0.00;0.00;;8.37;7.46;No name;PL00380;TRB-1;Trzebież;;N;;N;N;N;;;FX;;FYK, GNS;17.60;0.00;Wood;;1987-08-19;MFL;1987-01-01;;
POL010600384;;POL;;;2.99;0.00;0.00;;8.28;7.45;No name;PL00384;TRB-2;;;N;;N;N;N;;;FX;;FPO, GNS;22.40;0.00;Wood;;1988-01-08;MFL;1988-01-01;;
POL010600389;;POL;;;3.29;0.00;0.00;;8.36;7.48;No name;PL00389;TRB-3;Trzebież;;Y;SPS3262;N;N;N;;;FX;;FYK, GNS;22.40;0.00;Wood;;1989-03-10;MFL;1988-01-01;;2025-01-09
POL010600399;;POL;;;3.86;0.00;0.00;;8.40;7.67;No name;PL00399;TRB-5;Trzebież;;N;;N;N;N;;;FX;;FYK, GNS;33.80;0.00;Metal;;1999-07-08;MFL;1996-01-01;;2025-07-09
POL010600408;;POL;;;2.99;0.00;0.00;;8.10;7.35;No name;PL00408;TRB-6;;;N;;N;N;N;;;FX;;FYK, GNS, LLS;25.80;0.00;Wood;;2001-01-16;MFL;1998-01-01;;
POL010600435;261030690;POL;;;2.99;0.00;0.00;;8.29;7.32;No name;PL00435;TRB-7;;;Y;SPS3301;N;N;Y;;;FX;;FPO, GTR, GNS;23.00;0.00;Wood;;1989-03-07;MFL;1989-01-01;;
POL010600447;;POL;;;3.36;0.00;0.00;;8.47;7.60;No name;PL00447;TRB-8;Trzebież;;N;;N;N;N;;;FX;;FYK, GNS;22.40;0.00;Wood;;1974-08-08;MFL;1974-01-01;;
POL010600459;;POL;;;3.23;0.00;0.00;;8.23;7.33;No name;PL00459;TRB-10;Trzebież;;Y;SPS4159;N;N;N;;;FX;;FYK, GNS, LLS;22.40;0.00;Wood;;1985-06-12;MFL;1985-01-01;;
POL010600464;;POL;;;2.88;0.00;0.00;;8.24;7.35;No name;PL00464;TRB-12;;;N;;N;N;N;;;FX;;FPO, LLS, GNS;22.40;0.00;Wood;;1989-02-09;MFL;1988-01-01;;
POL010600471;;POL;;;3.18;0.00;0.00;;8.19;7.58;No name;PL00471;TRB-14;Trzebież;;N;;N;N;N;;;FX;;FYK, LLS, GNS;22.40;0.00;Wood;;1979-02-19;MFL;1978-01-01;;
POL010600496;;POL;;;3.03;0.00;0.00;;8.29;7.46;No name;PL00496;TRB-15;Trzebież;;N;;N;N;N;;;FX;;FYK, GNS, GTR;20.50;0.00;Wood;;1990-02-01;MFL;1990-01-01;;
POL010600510;;POL;;;2.91;0.00;0.00;;8.20;7.20;No name;PL00510;TRB-16;;;N;;N;N;N;;;FX;;FPO, GNS;21.30;0.00;Wood;;1990-03-20;MFL;1989-01-01;;
POL010601467;;POL;;;2.23;0.00;0.00;;8.01;7.16;<NO NAME GIVEN>;PL01467;TRB-11;;;N;;N;;;;;FX;;FPO, GNS;10.30;0.00;Wood;;1979-06-19;MFL;1979-01-01;2005-08-25;
POL010601470;;POL;;;3.20;0.00;0.00;;8.45;7.70;No name;PL01470;TRB-17;Trzebież;;Y;SPS4253;N;N;N;;;FX;;FYK, GTR, GNS, LLS;22.40;0.00;Wood;;1993-06-01;MFL;1992-01-01;;
POL010601471;;POL;;;3.89;0.00;0.00;;8.57;7.54;No name;PL01471;TRB-18;Trzebież;;N;;N;N;N;;;FX;;FYK, GTR, GNS, LLS;34.60;0.00;Wood;;2000-11-27;MFL;2000-01-01;2024-09-27;
POL010601474;;POL;;;3.25;0.00;0.00;;8.24;7.56;No name;PL01474;TRB-20;;;N;;N;N;N;;;FX;;FPO, GNS, LLS;30.90;0.00;Fiber/Plastic;;1999-05-06;MFL;1992-01-01;;
POL010601475;;POL;;;2.98;0.00;0.00;;8.23;7.34;<NO NAME GIVEN>;PL01475;TRB-21;;;N;;N;;;;;FX;;FPO, NO;22.40;0.00;Wood;;1990-11-26;MFL;1989-01-01;2006-03-07;
POL010601476;;POL;;;3.25;0.00;0.00;;8.24;7.53;No name;PL01476;TRB-22;Trzebież;;N;;N;N;N;;;FX;;FYK, GNS;30.90;0.00;Wood;;1999-07-22;MFL;1991-01-01;;
POL010601477;;POL;;;3.16;0.00;0.00;;8.45;7.61;<NO NAME GIVEN>;PL01477;TRB-24;;;N;;N;;;;;FX;;FPO, GNS;22.40;0.00;Metal;;1979-12-03;MFL;1979-01-01;2006-06-09;
POL010601478;;POL;;;3.73;0.00;0.00;;8.58;7.92;No name;PL01478;TRB-25;;;N;;N;N;N;;;FX;;FPO, LLS, GNS;30.90;0.00;Wood;;2001-10-09;MFL;2001-01-01;;
POL010601479;;POL;;;3.33;0.00;0.00;;8.70;8.09;No name;PL01479;TRB-26;;;N;;N;N;N;;;FX;;FPO, GNS, LLS;27.90;0.00;Metal;;1980-02-05;MFL;1979-01-01;;
POL010601480;261029710;POL;;;2.78;0.00;0.00;;8.35;7.57;No name;PL01480;TRB-28;Trzebież;;Y;SPS3258;N;N;Y;;;FX;;FYK, GNS;21.20;0.00;Wood;;1975-03-12;MFL;1974-01-01;;2025-01-10
POL010601481;;POL;;;3.28;0.00;0.00;;8.34;7.41;No name;PL01481;TRB-32;;;N;;N;N;N;;;FX;;FPO, GNS;21.30;0.00;Wood;;1987-03-27;MFL;1986-01-01;;
POL010601485;;POL;;;2.85;0.00;0.00;;8.24;7.82;No name;PL01485;TRB-33;Trzebież;;N;;N;N;N;;;FX;;FYK, GNS;22.40;0.00;Wood;;1990-02-23;MFL;1989-01-01;;2024-11-13
POL010601486;;POL;;;2.80;0.00;0.00;;8.20;7.39;<NO NAME GIVEN>;PL01486;TRB-34;;;N;;N;;;;;FX;;FPO, GNS;22.40;0.00;Wood;;1985-10-14;MFL;1985-01-01;;2006-01-16
POL010601487;;POL;;;3.22;0.00;0.00;;8.50;7.58;<NO NAME GIVEN>;PL01487;TRB-36;;;N;;N;;;;;FX;;FPO, GNS;22.40;0.00;Wood;;1991-08-26;MFL;1991-01-01;2005-12-27;
POL010601488;;POL;;;3.19;0.00;0.00;;8.20;7.44;<NO NAME GIVEN>;PL01488;TRB-40;;;N;;N;;;;;FX;;FPO, NO;33.80;0.00;Wood;;1992-04-14;MFL;1992-01-01;;2011-06-27
POL010601489;;POL;;;3.07;0.00;0.00;;8.30;7.32;No name;PL01489;TRB-41;Trzebież;;N;;N;N;N;;;FX;;FYK, LLS, GTR, GNS;22.40;0.00;Wood;;1976-04-08;MFL;1976-01-01;;
POL010601490;;POL;;;3.40;0.00;0.00;;8.36;7.75;No name;PL01490;TRB-42;;;N;;N;N;N;;;FX;;FPO, GNS;20.50;0.00;Metal;;1993-04-21;MFL;1993-01-01;;
POL010601491;261029290;POL;;;3.49;0.00;0.00;;8.77;7.93;No name;PL01491;TRB-44;Trzebież;;Y;SPS3250;N;N;Y;;;FX;;FYK, GNS;34.60;0.00;Metal;;1979-06-28;MFL;1978-01-01;;
POL010601492;;POL;;;3.33;0.00;0.00;;8.80;7.91;No name;PL01492;TRB-47;;;N;;N;N;N;;;FX;;FPO, GNS, GTR, LLS;21.30;0.00;Wood;;1990-02-15;MFL;1990-01-01;;
POL010601493;;POL;;;2.80;0.00;0.00;;8.18;7.41;<NO NAME GIVEN>;PL01493;TRB-50;;;N;;N;;;;;FX;;FPO, NO;33.80;0.00;Wood;;1979-05-11;MFL;1979-01-01;;2008-01-21
POL010601603;;POL;;;2.12;0.00;0.00;;7.54;6.79;<NO NAME GIVEN>;PL01603;TRB-54;;;N;;N;;;;;FX;;FPO, GNS;22.50;0.00;Wood;;1972-12-31;MFL;1972-01-01;2005-01-26;
POL010601604;;POL;;;3.34;0.00;0.00;;8.49;7.61;No name;PL01604;TRB-55;Trzebież;;N;;N;N;N;;;FX;;FYK, LLS, GNS;20.90;0.00;Other;;1992-02-25;MFL;1992-01-01;;
POL010601606;;POL;;;3.49;0.00;0.00;;8.36;7.54;<NO NAME GIVEN>;PL01606;TRB-59;;;N;;N;;;;;FX;;FPO, NO;22.40;0.00;Wood;;1982-04-02;MFL;1981-01-01;2005-05-05;
POL010601607;;POL;;;3.00;0.00;0.00;;8.37;7.56;<NO NAME GIVEN>;PL01607;TRB-60;;;N;;N;;;;;FX;;FPO, GNS;22.40;0.00;Other;;1973-12-31;MFL;1973-01-01;2006-01-11;
POL010601608;;POL;;;2.73;0.00;0.00;;8.01;7.20;<NO NAME GIVEN>;PL01608;TRB-61;;;N;;N;;;;;FX;;FPO, NO;10.30;0.00;Wood;;1982-04-27;MFL;1981-01-01;;2005-11-30
POL010601610;;POL;;;3.05;0.00;0.00;;8.24;7.58;No name;PL01610;TRB-63;Trzebież;;Y;SPS4192;N;N;N;;;FX;;FYK, GTR, LLS;22.40;0.00;Wood;;1996-04-24;MFL;1993-01-01;;
POL010601611;;POL;;;3.56;0.00;0.00;;8.53;7.86;No name;PL01611;TRB-64;Trzebież;;N;;N;N;N;;;FX;;FYK, GNS, LLS;22.40;0.00;Wood;;1981-01-19;MFL;1980-01-01;;
POL010601612;;POL;;;3.04;0.00;0.00;;8.40;7.82;<NO NAME GIVEN>;PL01612;KRS-17;;;N;;N;;;;;FX;;GNS, FPO;45.00;0.00;Metal;;1978-12-31;MFL;1978-01-01;;2007-07-17
POL010601615;;POL;;;2.54;0.00;0.00;;8.20;7.38;<NO NAME GIVEN>;PL01615;TRB-69;;;N;;N;;;;;FX;;FPO, GNS;22.40;0.00;Wood;;1978-12-19;MFL;1978-01-01;;2006-10-23
POL010601616;261070710;POL;;;3.37;0.00;0.00;;8.32;7.44;No name;PL01616;TRB-70;;;Y;SPS3673;N;N;Y;;;FX;;FPO, GNS;20.50;0.00;Wood;;1992-04-14;MFL;1991-01-01;;
POL010601617;;POL;;;2.74;0.00;0.00;;8.34;7.52;No name;PL01617;TRB-71;;;N;;N;N;N;;;FX;;FPO, GNS;22.40;0.00;Wood;;1974-02-07;MFL;1973-01-01;;
POL010601618;;POL;;;3.04;0.00;0.00;;8.40;7.80;No name;PL01618;TRB-74;;;N;;N;N;N;;;FX;;FPO, LLS, GNS;21.30;0.00;Wood;;1995-03-01;MFL;1994-01-01;;
POL010601619;;POL;;;2.37;0.00;0.00;;7.62;7.04;<NO NAME GIVEN>;PL01619;TRB-95;;;N;;N;;;;;FX;;FPO, GNS;12.00;0.00;Wood;;1971-08-02;MFL;1971-01-01;2005-05-05;
POL010601620;;POL;;;3.17;0.00;0.00;;8.82;7.87;No name;PL01620;TRB-99;Trzebież;;N;;N;N;N;;;FX;;FYK, GNS;26.50;0.00;Wood;;1988-04-11;MFL;1987-01-01;2024-07-17;
POL010601735;;POL;;;9.18;0.00;0.00;;11.19;10.26;No name;PL01735;FRO-47;Frombork;;Y;SPG4981;N;N;N;;;FX;;GNS, LLS, FYK;22.40;0.00;Fiber/Plastic;;1974-08-08;MFL;1974-01-01;;
POL010601851;;POL;;;3.44;0.00;0.00;;8.53;7.90;No name;PL01851;TRB-35;Trzebież;;N;;N;N;N;;;FX;;FYK, LLS, GNS;30.90;0.00;Other;;2004-04-13;MFL;2001-01-01;;
POL010602178;;POL;;;3.70;0.00;0.00;;8.25;7.43;No name;PL02178;TRB-80;;;N;;N;N;N;;;FX;;FPO, GNS;30.90;0.00;Fiber/Plastic;;2011-06-10;MFL;2010-01-01;;
POL010701462;;POL;;;3.41;0.00;0.00;;8.17;7.39;No name;PL01462;STP-5;;;N;;N;N;N;;;FX;;FPO, GNS;20.20;0.00;Fiber/Plastic;;2000-11-09;MFL;2000-01-01;;
POL010701466;;POL;;;6.75;0.00;0.00;;9.97;9.09;<NO NAME GIVEN>;PL01466;STP-6;;;N;;N;;;;;FX;;SSC, GNS;38.20;0.00;Metal;;1990-07-19;MFL;1990-01-01;2005-01-06;
POL010701542;;POL;;;5.05;0.00;0.00;;9.98;9.22;<NO NAME GIVEN>;PL01542;STP-8;;;N;;N;;;;;FX;;SSC, NO;38.20;0.00;Wood;;1990-06-08;MFL;1990-01-01;2005-01-06;
POL010701543;;POL;;;5.05;0.00;0.00;;9.98;9.22;<NO NAME GIVEN>;PL01543;STP-9;;;N;;N;;;;;FX;;SSC, NO;38.20;0.00;Wood;;1990-06-08;MFL;1990-01-01;2005-01-07;
POL010701544;;POL;;;2.02;0.00;0.00;;6.84;6.32;No name;PL01544;DĄB-25;Szczecin-Dąbie;;N;;N;N;N;;;FX;;FYK, LLS, GNS, GTR, FSN;14.70;0.00;Other;;1991-08-06;MFL;1988-01-01;;2025-03-04
POL010701545;;POL;;;1.35;0.00;0.00;;5.93;5.59;<NO NAME GIVEN>;PL01545;STP-22;;;N;;N;;;;;FX;;GNS, SSC;11.40;0.00;Fiber/Plastic;;1991-09-10;MFL;1973-01-01;;2009-08-26
POL010701546;;POL;;;2.77;0.00;0.00;;7.66;6.98;<NO NAME GIVEN>;PL01546;STP-25;;;N;;N;;;;;FX;;FPO, GNS;34.60;0.00;Metal;;1995-04-12;MFL;1995-01-01;;2005-11-30
POL010701548;;POL;;;1.99;0.00;0.00;;6.65;6.11;<NO NAME GIVEN>;PL01548;STP-28;;;N;;N;;;;;FX;;GNS, FPO;22.40;0.00;Wood;;1994-05-10;MFL;1994-01-01;;2012-12-20
POL010701551;;POL;;;6.75;0.00;0.00;;9.97;9.09;<NO NAME GIVEN>;PL01551;STP-30;;;N;;N;;;;;FX;;SSC, GNS;34.60;0.00;Metal;;1991-09-19;MFL;1991-01-01;2005-01-07;
POL010701554;;POL;;;6.77;0.00;0.00;;9.99;9.09;<NO NAME GIVEN>;PL01554;STP-31;;;N;;N;;;;;FX;;SSC, GNS;34.60;0.00;Metal;;1991-09-19;MFL;1991-01-01;2005-01-07;
POL010701555;;POL;;;2.42;0.00;0.00;;7.38;6.81;<NO NAME GIVEN>;PL01555;STP-33;;;N;;N;;;;;FX;;GNS, FPO;22.40;0.00;Metal;;1993-02-02;MFL;1993-01-01;2005-01-06;
POL010701672;;POL;;;1.50;0.00;0.00;;5.47;4.97;No name;PL01672;STP-1;;;N;;N;N;N;;;FX;;GNS, LLS;5.10;0.00;Fiber/Plastic;;1992-12-31;MFL;1992-01-01;;
POL010701673;;POL;;;6.76;0.00;0.00;;9.98;9.09;<NO NAME GIVEN>;PL01673;STP-2;;;N;;N;;;;;FX;;SSC, GNS;38.20;0.00;Metal;;1990-07-19;MFL;1990-01-01;2005-01-06;
POL010701674;;POL;;;1.83;0.00;0.00;;6.20;5.83;No name;PL01674;WOL-13;Wolin;;Y;SPS3006;N;N;N;;;FX;;GNS, FYK, LLS;15.00;0.00;Aluminium;;1990-04-19;MFL;1971-01-01;;
POL010701675;;POL;;;2.43;0.00;0.00;;7.34;6.86;<NO NAME GIVEN>;PL01675;STP-4;;;N;;N;;;;;FX;;GNS, SSC;22.40;0.00;Metal;;1985-02-19;MFL;1984-01-01;2005-01-06;
POL010701676;;POL;;;1.78;0.00;0.00;;5.63;5.13;No name;PL01676;STP-7;Stepnica;;N;;N;N;N;;;FX;;GNS, LLS;20.90;0.00;Fiber/Plastic;;1999-03-17;MFL;1969-01-01;;2025-02-20
POL010701677;;POL;;;2.44;0.00;0.00;;7.48;6.75;<NO NAME GIVEN>;PL01677;STP-44;;;N;;N;;;;;FX;;FPO, GNS;22.40;0.00;Metal;;1993-05-19;MFL;1993-01-01;2005-01-06;
POL010701678;;POL;;;7.24;0.00;0.00;;9.83;8.95;<NO NAME GIVEN>;PL01678;STP-46;;;N;;N;;;;;FX;;SSC, GNS;38.20;0.00;Metal;;1991-07-15;MFL;1991-01-01;2005-01-06;
POL010701679;;POL;;;7.27;0.00;0.00;;9.89;8.95;<NO NAME GIVEN>;PL01679;STP-47;;;N;;N;;;;;FX;;SSC, GNS;38.20;0.00;Metal;;1991-07-15;MFL;1991-01-01;2005-01-07;
POL010701680;;POL;;;2.34;0.00;0.00;;6.80;6.38;No name;PL01680;STP-26;Stepnica;;Y;SPS3873;N;N;N;;;FX;;GNS, LLS, FYK;20.00;0.00;Aluminium;;1998-02-19;MFL;1997-01-01;;
POL010701681;;POL;;;3.06;0.00;0.00;;8.20;7.56;No name;PL01681;STP-54;;;N;;N;N;N;;;FX;;GNS, FPO;20.20;0.00;Wood;;1998-01-22;MFL;1997-01-01;;
POL010701724;;POL;;;3.22;0.00;0.00;;8.40;7.59;<NO NAME GIVEN>;PL01724;WOL-11;;;N;;N;;;;;FX;;GNS, FPO;20.50;0.00;Wood;;1989-05-31;MFL;1989-01-01;;2015-07-27
POL010701739;;POL;;;1.56;0.00;0.00;;5.54;5.20;No name;PL01739;STP-49;Stepnica;;N;;N;N;N;;;FX;;GNS, FYK, LLS;15.00;0.00;Fiber/Plastic;;2002-11-19;MFL;1972-01-01;;
POL010702127;;POL;;;2.72;0.00;0.00;;7.33;6.85;No name;PL02127;STP-32;;;N;;N;N;N;;;FX;;GNS, LLS, GTR;27.90;0.00;Fiber/Plastic;;2009-06-05;MFL;2009-01-01;;
POL010702130;;POL;;;2.40;0.00;0.00;;7.20;6.81;No name;PL02130;STP-34;;;N;;N;N;N;;;FX;;GNS, LLS;22.40;0.00;Fiber/Plastic;;2009-06-05;MFL;2009-01-01;;
POL010702138;;POL;;;2.35;0.00;0.00;;7.18;6.64;No name;PL02138;STP-21;Stepnica;;N;;N;N;N;;;FX;;GNS, LLS, FYK, GTR;23.10;0.00;Fiber/Plastic;;2009-08-10;MFL;2008-01-01;;
POL010702143;;POL;;;2.68;0.00;0.00;;7.30;6.87;No name;PL02143;STP-10;;;N;;N;N;N;;;MTG;;GNS, SB, FPO, LLS;22.40;0.00;Fiber/Plastic;;2009-08-17;MFL;2009-01-01;;
POL010702242;;POL;;;0.34;0.00;0.00;;3.70;3.43;No name;PL02242;STŁ-52;;;N;;N;N;N;;;FX;;LLS, FPO, GNS;0.00;0.00;Fiber/Plastic;;2013-08-29;MFL;2013-01-01;;
POL010801504;;POL;;;1.13;0.00;0.00;;5.91;5.42;<NO NAME GIVEN>;PL01504;WOL-1;;;N;;N;;;;;FX;;GNS, FPO;7.40;0.00;Wood;;2002-07-23;MFL;2002-01-01;;2012-07-17
POL010801505;;POL;;;2.55;0.00;0.00;;7.35;6.80;<NO NAME GIVEN>;PL01505;WOL-14;;;N;;N;;;;;FX;;FPO, GNS;21.20;0.00;Metal;;1994-03-07;MFL;1993-01-01;2006-01-04;
POL010801506;;POL;;;2.49;0.00;0.00;;8.25;7.55;<NO NAME GIVEN>;PL01506;WOL-20;;;N;;N;;;;;FX;;FPO, GNS;21.20;0.00;Wood;;1979-01-01;MFL;1976-01-01;2005-01-07;
POL010801507;;POL;;;1.31;0.00;0.00;;6.01;5.59;No name;PL01507;WOL-21;Wolin;;Y;SPS3274;N;N;N;;;FX;;GNS, LLS;15.00;0.00;Aluminium;;1984-09-14;MFL;1984-01-01;;
POL010801508;;POL;;;2.10;0.00;0.00;;6.69;6.50;No name;PL01508;WOL-25;Wolin;;Y;SPS3084;N;N;N;;;FX;;GNS, LLS, FYK;15.00;0.00;Aluminium;;1989-02-09;MFL;1989-01-01;;
POL010801511;;POL;;;1.84;0.00;0.00;;7.00;6.39;<NO NAME GIVEN>;PL01511;WOL-28;;;N;;N;;;;;FX;;GNS, LLS;17.70;0.00;Metal;;1984-04-17;MFL;1983-01-01;2005-05-05;
POL010801512;;POL;;;2.14;0.00;0.00;;7.03;6.35;No name;PL01512;WOL-29;Wolin;;Y;SPS3627;N;N;N;;;FX;;GNS, LLS;21.30;0.00;Aluminium;;1984-04-17;MFL;1983-01-01;;
POL010801516;;POL;;;3.02;0.00;0.00;;8.24;7.37;<NO NAME GIVEN>;PL01516;WOL-30;;;N;;N;;;;;FX;;GNS, FPO;20.50;0.00;Wood;;1993-02-24;MFL;1992-01-01;;2008-09-29
POL010801517;;POL;;;1.70;0.00;0.00;;6.36;5.99;No name;PL01517;WOL-31;Wolin;;Y;SPS3085;N;N;N;;;FX;;GNS, FYK, LLS;15.00;0.00;Aluminium;;1989-09-20;MFL;1989-01-01;;
POL010801518;;POL;;;1.22;0.00;0.00;;6.70;5.99;<NO NAME GIVEN>;PL01518;WOL-37;;;N;;N;;;;;FX;;GNS, LLS;17.70;0.00;Wood;;1991-10-08;MFL;1989-01-01;2005-09-09;
POL010801522;;POL;;;7.07;0.00;0.00;;9.89;9.12;<NO NAME GIVEN>;PL01522;WOL-39;;;N;;N;;;;;FX;;GNS, SSC;58.90;0.00;Wood;;1991-10-22;MFL;1991-01-01;;2008-08-14
POL010801523;;POL;;;7.07;0.00;0.00;;9.89;9.12;<NO NAME GIVEN>;PL01523;WOL-40;;;N;;N;;;;;FX;;GNS, FPO;38.20;0.00;Wood;;1991-10-01;MFL;1991-01-01;2005-11-18;
POL010801524;;POL;;;7.06;0.00;0.00;;9.98;9.15;<NO NAME GIVEN>;PL01524;WOL-45;;;N;;N;;;;;FX;;GNS, SSC;34.60;0.00;Metal;;1991-07-09;MFL;1991-01-01;2006-04-21;
POL010801528;;POL;;;7.06;0.00;0.00;;9.98;9.06;<NO NAME GIVEN>;PL01528;WOL-48;;;N;;N;;;;;FX;;SSC, GNS;34.60;0.00;Metal;;1992-04-09;MFL;1992-01-01;2005-08-16;
POL010801529;;POL;;;1.75;0.00;0.00;;7.20;6.51;No name;PL01529;WOL-51;;;Y;SPS3108;N;N;N;;;FX;;GNS, LLS;22.40;0.00;Metal;;1992-04-23;MFL;1991-01-01;;
POL010801530;;POL;;;8.46;0.00;0.00;;9.80;9.07;<NO NAME GIVEN>;PL01530;WOL-53;;;N;;N;;;;;FX;;GNS, SSC;38.20;0.00;Metal;;1992-08-04;MFL;1992-01-01;;2010-04-30
POL010801532;;POL;;;7.99;0.00;0.00;;9.80;9.30;<NO NAME GIVEN>;PL01532;WOL-54;;;N;;N;;;;;FX;;GNS, SSC;51.00;0.00;Metal;;1992-08-06;MFL;1992-01-01;2010-06-02;
POL010801536;;POL;;;10.70;0.00;0.00;;10.60;9.31;<NO NAME GIVEN>;PL01536;WOL-71;;;N;;N;;;;;FX;;SSC, GNS;33.80;0.00;Metal;;1993-11-17;MFL;1993-01-01;2010-01-06;
POL010801539;;POL;;;2.15;0.00;0.00;;8.00;7.30;No name;PL01539;WOL-77;;;N;;N;N;N;;;FX;;GNS, FPO, LLS, SB;22.40;0.00;Metal;;1985-02-27;MFL;1984-01-01;;
POL010801694;;POL;;;1.27;0.00;0.00;;6.70;5.99;<NO NAME GIVEN>;PL01694;WOL-26;;;N;;N;;;;;FX;;GNS, FPO;17.60;0.00;Wood;;1990-10-02;MFL;1989-01-01;2005-06-28;
POL010801695;;POL;;;6.99;0.00;0.00;;9.83;8.98;<NO NAME GIVEN>;PL01695;WOL-44;;;N;;N;;;;;FX;;GNS, SSC;51.00;0.00;Metal;;1991-08-09;MFL;1991-01-01;2005-01-19;
POL010801696;;POL;;;1.56;0.00;0.00;;6.04;5.67;No name;PL01696;WOL-78;Wolin;;Y;SPS3111;N;N;N;;;FX;;GNS, FYK, LLS;15.40;0.00;Aluminium;;1994-03-18;MFL;1993-01-01;;
POL010802188;;POL;;;1.78;0.00;0.00;;6.01;5.74;No name;PL02188;WOL-12;Wolin;;Y;SR3170;N;N;N;;;FX;;GNS, FYK, LLS;7.40;0.00;Fiber/Plastic;;2012-07-02;MFL;2011-01-01;;
POL010802288;;POL;;;0.77;0.00;0.00;;5.50;5.03;No name;PL02288;WOL-42;;;Y;SPS3186;N;N;N;;;FX;;GNS, LLS, FPO;2.94;0.00;Metal;;1992-06-29;MFL;1991-01-01;;
POL011101697;;POL;;;3.78;0.00;0.00;;8.75;7.55;No name;PL01697;KAM-1;Kamień Pomorski;;N;;N;N;N;;;FX;;FYK, GNS;38.00;0.00;Metal;;1987-09-22;MFL;1987-01-01;;
POL011101699;;POL;;;3.49;0.00;0.00;;8.50;7.53;No name;PL01699;KAM-4;;;N;;N;N;N;;;FX;;FPO, GNS;22.40;0.00;Metal;;1985-01-01;MFL;1985-01-01;;
POL011101700;;POL;;;2.57;0.00;0.00;;7.30;6.84;No name;PL01700;KAM-6;Kamień Pomorski;;N;;N;N;N;;;FX;;FYK, GNS;17.70;0.00;Fiber/Plastic;;1994-03-02;MFL;1973-01-01;;
POL011101701;;POL;;;3.91;0.00;0.00;;8.00;7.60;No name;PL01701;DZI-30;;;Y;SPS2945;N;N;N;;;FX;;FPO, LLS, LLD, GNS;22.40;0.00;Fiber/Plastic;;1994-03-08;MFL;1974-01-01;;
POL011101702;;POL;;;3.00;0.00;0.00;;7.33;6.94;<NO NAME GIVEN>;PL01702;KAM-12;;;N;;N;;;;;FX;;FPO, GNS;17.70;0.00;Metal;;1987-07-23;MFL;1964-01-01;2005-11-07;
POL011101704;;POL;;;2.74;0.00;0.00;;8.70;7.93;No name;PL01704;KAM-13;Kamień Pomorski;;Y;SPS3510;N;N;N;;;FX;;FYK, GNS;20.50;0.00;Fiber/Plastic;;1993-05-26;MFL;1993-01-01;;
POL011101705;;POL;;;1.79;0.00;0.00;;7.00;6.49;No name;PL01705;KAM-16;;;N;;N;N;N;;;FX;;FPO, GNS;14.70;0.00;Fiber/Plastic;;1989-09-05;MFL;1972-01-01;;
POL011101706;;POL;;;2.97;0.00;0.00;;8.50;7.52;<NO NAME GIVEN>;PL01706;KAM-33;;;N;;N;;;;;FX;;FPO, GNS;22.40;0.00;Wood;;1992-02-10;MFL;1992-01-01;;2008-03-25
POL011201593;;POL;;;11.95;0.00;0.00;;11.72;10.72;<NO NAME GIVEN>;PL01593;MIW-15;;;Y;SPS2262;N;;;;;FX;;GNS, LLS;83.00;0.00;Metal;;1984-03-12;MFL;1984-01-01;2005-09-21;
POL011201594;;POL;;;8.07;0.00;0.00;;9.50;8.37;<NO NAME GIVEN>;PL01594;MIW-20;;;N;;N;;;;;FX;;GNS, NO;31.50;0.00;Metal;;1984-09-05;MFL;1984-01-01;2005-01-26;
POL011201644;;POL;;;0.95;0.00;0.00;;5.51;5.22;No name;PL01644;MIW-1;;;N;;N;N;N;;;FX;;GNS, FPO, LLS;22.40;0.00;Fiber/Plastic;;1993-02-15;MFL;1980-01-01;;
POL011201645;;POL;;;1.50;0.00;0.00;;6.15;5.83;<NO NAME GIVEN>;PL01645;MIW-4;;;N;;N;;;;;FX;;GNS, FPO;3.70;0.00;Fiber/Plastic;;1977-01-01;MFL;1976-01-01;;2009-12-15
POL011202145;;POL;;;0.50;0.00;0.00;;3.89;3.58;No name;PL02145;MIW-8;Międzywodzie;;N;;N;N;N;;;FX;;FPO, FYK, GNS, LLS;2.00;0.00;Fiber/Plastic;;2009-12-14;MFL;2009-01-01;;
POL011202146;;POL;;;0.48;0.00;0.00;;3.90;3.58;No name;PL02146;MIW-9;;;N;;N;N;N;;;FX;;FPO, LLS, GNS;1.70;0.00;Fiber/Plastic;;2009-12-14;MFL;2009-01-01;;
POL011202279;;POL;;;0.80;0.00;0.00;;4.54;4.26;No name;PL02279;MIW-10;Międzywodzie;;N;;N;N;N;;;FX;;GNS, FYK, LLS;2.50;0.00;Fiber/Plastic;;2014-02-17;MFL;1970-01-01;;
POL011301408;;POL;;;2.39;0.00;0.00;;7.50;6.84;<NO NAME GIVEN>;PL01408;WAP-6;;;N;;N;;;;;FX;;FPO, GNS;58.00;0.00;Wood;;1971-05-31;MFL;1971-01-01;2006-02-01;
POL011401347;;POL;;;3.69;0.00;0.00;;8.25;7.38;No name;PL01347;LBN-3;;;N;;N;N;N;;;FX;;FPO, GNS;20.50;0.00;Fiber/Plastic;;2000-06-08;MFL;2000-01-01;;
POL011401352;;POL;;;5.99;0.00;0.00;;10.04;9.20;No name;PL01352;JAS-62;Jastarnia;;Y;SPG4989;N;N;N;;;FX;;GNS, LLS, FPN, FPO, FYK;22.40;0.00;Fiber/Plastic;;1988-01-29;MFL;1987-01-01;;
POL011401360;;POL;;;2.47;0.00;0.00;;7.50;7.03;No name;PL01360;LBN-9;Lubin (2);;Y;SPS3528;N;N;N;;;FX;;GNS, LLS;29.00;0.00;Fiber/Plastic;;2002-09-20;MFL;1991-01-01;;
POL011401366;;POL;;;3.30;0.00;0.00;;8.24;7.61;No name;PL01366;LBN-16;;;Y;SPS3361;N;N;N;;;FX;;FPO, GNS;22.40;0.00;Wood;;1988-06-30;MFL;1988-01-01;;
POL011401370;;POL;;;3.02;0.00;0.00;;8.24;7.31;<NO NAME GIVEN>;PL01370;LBN-22;;;N;;N;;;;;FX;;FPO, GNS;22.40;0.00;Wood;;1988-10-21;MFL;1988-01-01;2005-02-08;
POL011401372;;POL;;;3.66;0.00;0.00;;8.75;8.12;<NO NAME GIVEN>;PL01372;LBN-25;;;N;;N;;;;;FX;;FPO, GNS;22.40;0.00;Wood;;1989-04-12;MFL;1989-01-01;;2009-12-22
POL011401373;;POL;;;3.27;0.00;0.00;;8.24;7.65;<NO NAME GIVEN>;PL01373;LBN-27;;;N;;N;;;;;FX;;FPO, GNS;24.30;0.00;Wood;;1989-06-20;MFL;1989-01-01;;2009-12-28
POL011401378;;POL;;;3.06;0.00;0.00;;8.24;7.44;<NO NAME GIVEN>;PL01378;LBN-33;;;N;;N;;;;;FX;;FPO, GNS;34.60;0.00;Wood;;1993-03-24;MFL;1992-01-01;2005-01-31;
POL011401385;;POL;;;4.85;0.00;0.00;;8.40;7.97;No name;PL01385;LBN-34;Lubin (2);;N;;N;N;N;;;FX;;GNS, FYK, LHP, LLS;21.20;0.00;Wood;;1974-12-31;MFL;1974-01-01;;
POL011401389;;POL;;;1.22;0.00;0.00;;6.15;5.60;No name;PL01389;LBN-36;Lubin (2);;Y;SPS3544;N;N;N;;;FX;;GNS, LLS;18.00;0.00;Fiber/Plastic;;1998-01-15;MFL;1970-01-01;;
POL011401399;;POL;;;4.56;0.00;0.00;;8.52;8.05;<NO NAME GIVEN>;PL01399;LBN-41;;;N;;N;;;;;FX;;GNS, NO;26.50;0.00;Fiber/Plastic;;1995-01-18;MFL;1990-01-01;2005-05-24;
POL011401402;;POL;;;4.56;0.00;0.00;;8.52;8.07;<NO NAME GIVEN>;PL01402;LBN-42;;;N;;N;;;;;FX;;GNS, NO;26.50;0.00;Fiber/Plastic;;1995-01-18;MFL;1995-01-01;;2010-05-24
POL011401405;;POL;;;4.02;0.00;0.00;;8.72;7.92;<NO NAME GIVEN>;PL01405;LBN-44;;;N;;N;;;;;FX;;FPO, NO;38.20;0.00;Wood;;1990-11-19;MFL;1990-01-01;;2007-10-26
POL011401912;;POL;;;4.69;0.00;0.00;;9.26;8.39;No name;PL01912;LBN-6;;;N;;N;N;N;;;FX;;FPO, GNS;38.20;0.00;Fiber/Plastic;;2004-04-23;MFL;2004-01-01;;
POL011402148;;POL;;;4.15;0.00;0.00;;8.79;8.20;No name;PL02148;LBN-14;Lubin (2);;Y;SPS3360;N;N;N;;;FX;;FYK, GNS;25.70;0.00;Fiber/Plastic;;2009-12-22;MFL;2009-01-01;;
POL011402149;;POL;;;4.18;0.00;0.00;;8.83;8.18;No name;PL02149;LBN-2;Lubin (2);;N;;N;Y;N;;;FX;;FYK, GNS;30.90;0.00;Fiber/Plastic;;2009-12-22;MFL;2009-01-01;;2024-06-17
POL011601321;;POL;;;5.02;0.00;0.00;;8.20;7.71;No name;PL01321;PRZ-8;;;Y;SPS3339;N;N;N;;;GO;;GNS, LLS;56.60;0.00;Metal;;1991-08-12;MFL;1989-01-01;;
POL011601322;;POL;;;1.39;0.00;0.00;;6.88;6.36;<NO NAME GIVEN>;PL01322;PRZ-11;;;N;;N;;;;;FX;;GNS, GTR;20.00;0.00;Wood;;1990-04-23;MFL;1990-01-01;;2009-03-05
POL011601326;;POL;;;4.86;0.00;0.00;;8.52;7.86;No name;PL01326;PRZ-15;;;N;;N;N;N;;;FX;;GNS, GTR, FPO;38.20;0.00;Fiber/Plastic;;1971-12-31;MFL;1971-01-01;;
POL011601331;;POL;;;2.99;0.00;0.00;;7.30;7.14;No name;PL01331;KAM-8;;;N;;N;N;N;;;FX;;FPO, LLD, GNS, LLS;22.40;0.00;Fiber/Plastic;;1997-02-12;MFL;1972-01-01;;
POL011601334;;POL;;;4.48;0.00;0.00;;8.50;7.88;No name;PL01334;PRZ-18;Świnoujście-Przytór;;Y;SPS3028;N;N;N;;;FX;;FPN, LLS, FYK, MIS, GNS;55.00;0.00;Fiber/Plastic;;1997-11-06;MFL;1971-01-01;;2025-01-07
POL011601342;;POL;;;1.88;0.00;0.00;;7.00;6.59;No name;PL01342;WOL-5;;;N;;N;N;N;;;FX;;GNS, GTR, FPO, LLS;21.20;0.00;Fiber/Plastic;;1997-10-20;MFL;1981-01-01;;
POL011701297;;POL;;;3.47;0.00;0.00;;8.43;7.80;<NO NAME GIVEN>;PL01297;KRS-3;;;N;;N;;;;;FX;;GNS, GTR;22.40;0.00;Metal;;1979-09-06;MFL;1979-01-01;2005-01-10;
POL011701300;;POL;;;3.21;0.00;0.00;;8.54;7.71;No name;PL01300;WAR-3;;;N;;N;N;N;;;FX;;GNS, FYK, LLS;16.20;0.00;Metal;;1980-09-18;MFL;1979-01-01;;
POL011701303;;POL;;;4.33;0.00;0.00;;8.90;8.21;<NO NAME GIVEN>;PL01303;KRS-6;;;N;;N;;;;;FX;;GNS, GTR;47.00;0.00;Wood;;1971-07-21;MFL;1971-01-01;;2007-12-14
POL011701305;;POL;;;11.39;0.00;0.00;;12.60;11.86;<NO NAME GIVEN>;PL01305;KRS-10;;;N;;Y;;;;;FX;;GNS, OTB;66.20;0.00;Metal;;1996-02-23;MFL;1974-01-01;;2013-10-18
POL011701307;;POL;;;4.94;0.00;0.00;;8.50;8.03;<NO NAME GIVEN>;PL01307;KRS-11;;;N;;N;;;;;FX;;GNS, GTR;21.30;0.00;Fiber/Plastic;;1998-05-15;MFL;1989-01-01;;2008-07-22
POL011701308;;POL;;;6.23;0.00;0.00;;7.97;7.58;No name;PL01308;UNI-23;;;Y;SPS2778;N;N;N;;;FX;;GNS, LLS, LLD, LHP;21.30;0.00;Fiber/Plastic;;1987-03-24;MFL;1978-01-01;;
POL011701312;;POL;;;5.58;0.00;0.00;;10.01;8.93;;PL01312;WŁA-106;;;N;;N;N;N;;;GO;;GNS, FPO, LLS, LHP, LHM;22.40;0.00;Metal;;1991-11-07;MFL;1991-01-01;;2019-05-28
POL011701314;;POL;;;4.00;0.00;0.00;;8.16;7.45;<NO NAME GIVEN>;PL01314;KRS-20;;;N;;N;;;;;FX;;GNS, GTR;44.00;0.00;Metal;;1992-09-29;MFL;1992-01-01;2005-01-10;
POL011701726;;POL;;;4.32;0.00;0.00;;7.90;7.11;<NO NAME GIVEN>;PL01726;KRS-14;;;N;;N;;;;;FX;;GNS, LLS;58.80;0.00;Metal;;1984-12-31;MFL;1984-01-01;2006-12-04;
POL011701764;;POL;;;3.46;0.00;0.00;;8.21;7.27;No name;PL01764;KRS-7;Świnoujście-Karsibór;;Y;SPS3372;N;N;N;;;FX;;FYK, LLS, GNS;41.00;0.00;Fiber/Plastic;;2003-05-13;MFL;2003-01-01;;
POL011701766;;POL;;;9.58;0.00;0.00;;11.62;10.77;No name;PL01766;KRS-29;Świnoujście-Karsibór;;Y;SPS2715;N;N;N;;;FX;;GNS, OTB, LLS, SB, FYK, OTM;50.00;0.00;Metal;;2003-02-28;MFL;2002-01-01;2024-11-13;
POL011701916;;POL;;;2.50;0.00;0.00;;8.15;7.55;<NO NAME GIVEN>;PL01916;KRS-19;;;N;;N;;;;;FX;;FPO, GNS;22.40;0.00;Wood;;1979-07-11;MFL;1979-01-01;;2006-01-03
POL011702008;;POL;;;1.84;0.00;0.00;;6.50;6.14;No name;PL02008;PRZ-12;Świnoujście-Przytór;;N;;N;N;N;;;FX;;GNS, FYK, GTR, LLS;20.00;0.00;Fiber/Plastic;;1995-01-23;MFL;1969-01-01;;2024-11-08
POL011702040;;POL;;;3.10;0.00;0.00;;7.30;6.87;No name;PL02040;KRS-26;Świnoujście-Karsibór;;Y;SPS3736;N;N;N;;;FX;;GNS, LLS, GTR, FPO, FYK;51.60;0.00;Fiber/Plastic;;1993-02-17;MFL;1992-01-01;;
POL011702047;;POL;;;6.06;0.00;0.00;;9.39;8.89;No name;PL02047;KRS-27;;;N;;N;N;N;;;FX;;GNS, LLS, GTR, FPO;39.00;0.00;Fiber/Plastic;;2008-03-05;MFL;2007-01-01;;
POL011702162;;POL;;;7.00;0.00;0.00;;8.99;8.45;No name;PL02162;KRS-2;;;Y;SPS2953;N;N;N;;;FX;;GNS, FPO, FYK, GTR, LLS;60.00;0.00;Fiber/Plastic;;2010-09-29;MFL;2010-01-01;;
POL011702165;;POL;;;5.86;0.00;0.00;;8.99;8.52;No name;PL02165;KRS-1;Świnoujście-Karsibór;;Y;SPS2972;N;N;N;;;GO;;GNS, FYK, LLS, GTR;51.00;0.00;Fiber/Plastic;;2010-11-24;MFL;2010-01-01;;
POL011702248;;POL;;;0.36;0.00;0.00;;3.69;3.42;No name;PL02248;KRS-13;;;Y;SPS3536;N;N;N;;;FX;;GNS, OTM, LLS, FPO, OTB, FYK;1.84;0.00;Fiber/Plastic;;2013-10-22;MFL;2013-01-01;;
POL011702249;;POL;;;0.36;0.00;0.00;;3.69;3.42;No name;PL02249;KRS-30;;;N;;N;N;N;;;FX;;GNS, LLS, GTR, FPO;17.90;0.00;Fiber/Plastic;;2013-10-18;MFL;2013-01-01;;2021-03-17
POL011702250;;POL;;;0.38;0.00;0.00;;3.71;3.44;No name;PL02250;KRS-31;Świnoujście-Karsibór;;Y;SPS3538;N;N;N;;;FX;;GNS, FYK, FPO, GTR, LLS;17.90;0.00;Fiber/Plastic;;2013-10-18;MFL;2013-01-01;;
POL011702251;;POL;;;0.30;0.00;0.00;;3.68;3.41;No name;PL02251;KRS-32;;;N;;N;N;N;;;FX;;GNS, FPO, LLS, GTR;17.80;0.00;Fiber/Plastic;;2013-10-18;MFL;2013-01-01;;2021-03-17
POL011800105;;POL;;;134.00;0.00;0.00;;28.73;25.72;<NO NAME GIVEN>;PL00105;SWI-1;;;Y;SPS2191;N;;;;;FX;;OTB, OTM;201.00;0.00;Metal;;1968-08-12;MFL;1968-01-01;2008-07-09;
POL011800125;261007170;POL;;;145.00;0.00;0.00;;26.07;23.57;No name;PL00125;ŚWI-7;;;Y;SPS2348;Y;Y;Y;7227839;;TTW;;OTB, GNS, OTM;386.00;37.80;Metal;;1972-12-31;MFL;1972-01-01;;
POL011800137;;POL;;;178.00;0.00;0.00;;28.46;25.32;<NO NAME GIVEN>;PL00137;SWI-15;;;Y;SPS2307;N;;;;;FX;;OTB, OTM;532.00;0.00;Metal;;1967-12-31;MFL;1967-01-01;2008-07-02;
POL011800143;;POL;;;102.00;106.47;0.00;;24.55;22.33;<NO NAME GIVEN>;PL00143;SWI-33;;;Y;SPS2349;N;;;;;FX;;OTB, OTM;165.00;0.00;Metal;;1963-06-17;MFL;1963-01-01;2005-10-11;
POL011800150;;POL;;;95.00;106.01;0.00;;24.41;22.33;<NO NAME GIVEN>;PL00150;SWI-51;;;Y;SPS2350;N;;;;;FX;;GNS, OTB;257.40;0.00;Metal;;1974-09-20;MFL;1974-01-01;2005-11-10;
POL011800198;;POL;;;198.00;105.75;0.00;;29.58;27.00;REZON;PL00198;SWI-105;;;Y;SPS2010;N;;;;;FX;;OTB, OTM;435.00;169.00;Metal;;1964-12-31;MFL;1964-01-01;;2009-08-07
POL011800212;;POL;;;93.00;106.00;0.00;;24.50;22.33;<NO NAME GIVEN>;PL00212;SWI-102;;;Y;SPS2259;N;;;;;FX;;GNS, NO;257.00;0.00;Metal;;1976-04-07;MFL;1975-01-01;2005-04-07;
POL011801176;;POL;;;19.72;25.33;0.00;;12.48;11.20;No name;PL01176;ŚWI-2;Świnoujście;;Y;SPS2362;Y;Y;N;;;TTW;;GNS, PTB, PTM, LLS, OTB, OTM;127.00;0.00;Metal;;1998-09-17;MFL;1998-01-01;;
POL011801184;;POL;;;7.91;0.00;0.00;;9.50;8.34;<NO NAME GIVEN>;PL01184;SWI-6;;;N;;N;;;;;FX;;GNS, OTB;73.60;0.00;Metal;;1984-02-07;MFL;1983-01-01;2005-06-15;
POL011801188;;POL;;;6.30;0.00;0.00;;9.60;8.98;<NO NAME GIVEN>;PL01188;SWI-8;;;N;;N;;;;;FX;;FPO, GNS;58.90;0.00;Wood;;1974-03-15;MFL;1974-01-01;;2010-07-16
POL011801190;;POL;;;4.34;0.00;0.00;;8.40;7.90;No name;PL01190;ŚWI-43;Świnoujście;;Y;SPS3452;N;N;N;;;FX;;GNS, SB, FPO, LLS;31.50;0.00;Metal;;1985-08-30;MFL;1985-01-01;2024-10-08;
POL011801193;;POL;;;39.00;36.28;0.00;;17.38;15.14;<NO NAME GIVEN>;PL01193;SWI-16;;;Y;SPS2247;N;;;;;FX;;GNS, OTB;121.00;0.00;Metal;;1950-12-31;MFL;1950-01-01;2009-11-27;
POL011801195;;POL;;;39.00;42.80;0.00;;17.17;15.21;<NO NAME GIVEN>;PL01195;SWI-17;;;Y;SPS2011;N;;;;;FX;;GNS, LLS;121.00;0.00;Metal;;1960-12-31;MFL;1960-01-01;2006-06-09;
POL011801197;;POL;;;6.77;0.00;0.00;;9.50;8.14;No name;PL01197;ŚWI-19;Świnoujście;;Y;SPS2954;N;N;N;;;FX;;GNS, MIS, LLS, FPN, OTB;38.20;0.00;Metal;;1985-01-18;MFL;1984-01-01;;
POL011801200;;POL;;;13.60;0.00;0.00;;11.73;10.86;No name;PL01200;KOŁ-51;Kołobrzeg;;Y;SPS2896;N;N;N;;;FX;;GNS, LLS;95.00;0.00;Metal;;1993-03-16;MFL;1993-01-01;2024-10-07;
POL011801202;;POL;;;4.36;0.00;0.00;;8.70;8.17;No name;PL01202;ŚWI-21;Świnoujście;;Y;SPS2989;N;N;N;;;FX;;GNS, FYK, LLS, FPN, LHP;33.10;0.00;Fiber/Plastic;;1985-01-17;MFL;1982-01-01;;
POL011801204;;POL;;;9.05;0.00;0.00;;11.00;9.81;<NO NAME GIVEN>;PL01204;SWI-25;;;N;;N;;;;;FX;;FPO, GNS;70.00;0.00;Metal;;1986-02-28;MFL;1986-01-01;2006-09-12;
POL011801205;;POL;;;10.53;0.00;0.00;;10.55;9.60;No name;PL01205;ŚWI-27;Świnoujście;;Y;SPS2445;N;N;N;;;FX;;GNS, OTB, LLS, FPN, FYK, OTM;101.00;0.00;Metal;;2001-03-09;MFL;2000-01-01;;
POL011801207;;POL;;;10.66;0.00;0.00;;11.00;9.65;No name;PL01207;ŚWI-29;Świnoujście;;Y;SPS2213;N;N;N;;;FX;;GNS, SB, OTB, LLS, OTM, FPO;70.00;0.00;Metal;;1987-10-22;MFL;1987-01-01;2024-10-11;
POL011801211;;POL;;;5.68;0.00;0.00;;10.36;9.51;No name;PL01211;ŚWI-49;Świnoujście;;N;;N;N;N;;;FX;;GNS, FPN, LLS, MIS, OTB;31.50;0.00;Fiber/Plastic;;1986-01-21;MFL;1968-01-01;2024-07-18;
POL011801215;;POL;;;9.52;0.00;0.00;;9.85;8.65;No name;PL01215;ŚWI-31;Świnoujście;;Y;SPS2658;N;N;N;;;FX;;GNS, FYK, LLS, MIS, FPO, LHP;70.00;0.00;Metal;;1985-10-22;MFL;1985-01-01;;2025-07-28
POL011801218;;POL;;;2.43;0.00;0.00;;7.00;6.61;<NO NAME GIVEN>;PL01218;SWI-42;;;N;;N;;;;;FX;;GNS, LLS;33.00;0.00;Fiber/Plastic;;1995-12-31;MFL;1995-01-01;;2009-01-09
POL011801219;;POL;;;39.00;39.67;1.00;;17.76;15.14;No name;PL01219;ŚWI-47;Świnoujście;;Y;SPS2040;Y;N;N;;;FX;;OTB, PTM, LLS, PTB, GNS, OTM;148.00;4.53;Metal;;1958-03-14;MFL;1957-01-01;;2025-04-17
POL011801220;;POL;;;38.00;42.13;0.00;;17.53;15.21;<NO NAME GIVEN>;PL01220;SWI-52;;;Y;SPS2152;N;;;;;FX;;FPO, OTM;121.00;0.00;Metal;;1963-11-27;MFL;1963-01-01;2005-08-08;
POL011801221;;POL;;;2.81;0.00;0.00;;7.33;6.82;No name;PL01221;WOL-6;Wolin;;Y;SPS3373;N;N;N;;;FX;;GNS, LLS;12.70;0.00;Fiber/Plastic;;1972-12-31;MFL;1972-01-01;;
POL011801223;;POL;;;44.00;47.32;0.00;;18.84;16.71;<NO NAME GIVEN>;PL01223;SWI-56;;;Y;SPS2057;N;;;;;FX;;GNS, OTB;202.00;0.00;Metal;;1961-09-25;MFL;1961-01-01;2005-03-01;
POL011801225;216007170;POL;;;45.00;0.00;0.00;;19.91;17.27;No name;PL01225;ŚWI-57;Świnoujście;;Y;SPS2009;Y;Y;Y;;;FX;;OTB, PTB, OTM, PTM;227.00;3.68;Metal;;1963-12-31;MFL;1963-01-01;2025-08-06;
POL011801227;;POL;;;7.44;0.00;0.00;;9.70;9.16;<NO NAME GIVEN>;PL01227;SWI-61;;;N;;N;;;;;FX;;GNS, OTB;38.20;0.00;Wood;;1982-02-12;MFL;1981-01-01;2005-01-07;
POL011801229;;POL;;;5.40;0.00;0.00;;10.96;10.20;<NO NAME GIVEN>;PL01229;SWI-74;;;N;;N;;;;;FX;;GNS, OTB;99.40;0.00;Metal;;1979-01-01;MFL;1962-01-01;;2004-10-22
POL011801231;;POL;;;1.17;0.00;0.00;;5.90;5.56;<NO NAME GIVEN>;PL01231;SWI-76;;;N;;N;;;;;FX;;GNS, OTB;7.40;0.00;Fiber/Plastic;;1977-12-31;MFL;1977-01-01;;2006-11-27
POL011801234;;POL;;;3.94;0.00;0.00;;8.10;7.63;<NO NAME GIVEN>;PL01234;SWI-37;;;N;;N;;;;;FX;;GNS, LLS;44.00;0.00;Fiber/Plastic;;1991-10-28;MFL;1972-01-01;2017-09-19;
POL011801236;;POL;;;10.06;0.00;0.00;;11.45;10.67;No name;PL01236;DAR-125;Darłowo;;Y;SPS3029;N;N;N;;;FX;;GNS, LLS, LLD, FPO, MIS;95.00;0.00;Metal;;1991-09-23;MFL;1991-01-01;;
POL011801239;;POL;;;7.31;0.00;0.00;;9.72;8.53;<NO NAME GIVEN>;PL01239;SWI-93;;;N;;N;;;;;FX;;GNS, OTB;70.00;0.00;Metal;;1983-10-26;MFL;1983-01-01;2006-09-22;
POL011801240;;POL;;;7.72;0.00;0.00;;12.00;9.86;No name;PL01240;FRO-48;Frombork;;Y;SPS2286;Y;Y;N;;;FX;;GNS, FPN, LLS, FYK, OTB, OTM;73.00;0.00;Metal;;1984-11-23;MFL;1984-01-01;;
POL011801241;;POL;;;36.00;39.23;0.00;;17.77;15.14;<NO NAME GIVEN>;PL01241;SWI-95;;;Y;SPS2018;N;;;;;FX;;GNS, OTB;121.00;0.00;Metal;;1958-05-10;MFL;1958-01-01;2005-01-12;
POL011801243;;POL;;;37.00;39.21;0.00;;17.57;15.14;<NO NAME GIVEN>;PL01243;SWI-96;;;Y;SPS2015;N;;;;;FX;;GNS, OTB;121.00;0.00;Metal;;1957-12-31;MFL;1957-01-01;2006-08-08;
POL011801600;;POL;;;9.58;0.00;0.00;;11.98;10.97;No name;PL01600;UST-89;Ustka;;Y;SPG2749;N;N;N;;;FX;;LLS, LLD, GNS;37.00;0.00;Metal;;2002-02-12;MFL;1991-01-01;2024-09-05;
POL011801707;;POL;;;19.72;25.04;0.00;;12.48;11.20;;PL01707;ŚWI-9;;;N;;Y;N;N;;;FX;;GNS, OTB, LLS, PTM, PTB, OTM;137.00;0.00;Metal;;1998-05-07;MFL;1998-01-01;2016-12-29;
POL011801708;;POL;;;12.23;0.00;0.00;;11.99;10.85;<NO NAME GIVEN>;PL01708;MIZ-20;;;Y;SPS2486;N;;;;;FX;;GNS, OTB;70.00;0.00;Metal;;1989-06-05;MFL;1989-01-01;2016-01-22;
POL011801709;261037140;POL;;;7.52;0.00;0.00;;8.77;8.29;No name;PL01709;DZI-13;Dziwnów;;Y;SPS2586;N;N;Y;;;FX;;GNS, MIS, LHP, LLS, FPO, FYK;38.20;0.00;Fiber/Plastic;;2002-12-31;MFL;1982-01-01;;
POL011801713;;POL;;;5.78;0.00;0.00;;9.55;9.04;<NO NAME GIVEN>;PL01713;SWI-10;;;N;;N;;;;;FX;;GNS, LLS;38.20;0.00;Fiber/Plastic;;1985-03-18;MFL;1973-01-01;;2006-01-16
POL011801714;;POL;;;7.07;0.00;0.00;;8.43;7.86;No name;PL01714;ŚWI-32;Świnoujście;;Y;SPS2789;N;N;N;;;FX;;GNS, LLS, FPO;36.80;0.00;Metal;;1995-06-22;MFL;1987-01-01;;2025-04-03
POL011801719;;POL;;;2.82;0.00;0.00;;7.30;6.87;<NO NAME GIVEN>;PL01719;DZI-60;;;N;;N;;;;;FX;;GNS, LLS;22.40;0.00;Fiber/Plastic;;2002-08-22;MFL;1975-01-01;2015-02-11;
POL011801720;;POL;;;39.00;42.79;0.00;;17.07;15.21;<NO NAME GIVEN>;PL01720;SWI-50;;;Y;SPS2035;Y;;;;;FX;;GNS, OTB;121.00;0.00;Metal;;1960-11-03;MFL;1960-01-01;2006-12-04;
POL011801727;;POL;;;8.24;0.00;0.00;;10.59;9.79;No name;PL01727;ŚWI-53;Świnoujście;;Y;SPS2453;N;N;N;;;FX;;GNS, FYK, OTM, PTB, OTB, LLS;130.00;0.00;Metal;;2003-03-25;MFL;2002-01-01;;
POL011801736;;POL;;;9.36;0.00;0.00;;11.95;11.10;;PL01736;ŚWI-82;;;N;;N;N;N;;;FX;;GNS, LLS;50.00;0.00;Metal;;2003-04-07;MFL;2003-01-01;;2020-09-15
POL011801767;;POL;;;10.15;0.00;0.00;;9.90;9.12;No name;PL01767;ŚWI-23;Świnoujście;;N;;N;N;N;;;FX;;GNS, LLS;70.00;0.00;Metal;;2003-03-10;MFL;2003-01-01;2024-11-07;
POL011801876;;POL;;;16.46;0.00;0.00;;11.45;10.64;;PL01876;KOŁ-128;;;N;;N;N;N;;;FX;;OTB, LLD, LHP, OTM, GNS, LLS;195.00;0.00;Metal;;2003-12-23;MFL;2002-01-01;2016-12-29;
POL011801945;;POL;;;17.28;0.00;0.00;;11.88;11.07;No name;PL01945;ŚWI-18;;;Y;SPS2508;N;N;N;;;GO;;GNS, LHP, FYK, FPO, LLS;99.40;0.00;Metal;;2004-11-05;MFL;2004-01-01;;
POL011802027;;POL;;;10.47;0.00;0.00;;10.01;9.13;No name;PL02027;ŚWI-77;Świnoujście;;Y;SPS2629;N;N;N;;;FX;;GNS, OTB, LLS, OTM, FPN, MIS;99.00;0.00;Metal;;2007-02-19;MFL;2006-01-01;2024-11-13;
POL011802158;;POL;;;12.88;0.00;0.00;;11.96;10.88;No name;PL02158;ŚWI-13;Świnoujście;;Y;SPS2806;N;N;N;;;FX;;FPN, LLS, GNS, MIS, OTB, FYK;58.90;0.00;Metal;;2010-07-13;MFL;2009-01-01;2024-11-08;
POL011802176;;POL;;;51.08;0.00;0.00;;14.95;13.43;<NO NAME GIVEN>;PL02176;KOL-150;;;Y;SPS2894;Y;;;;;FX;;OTB, OTM;317.50;0.00;Metal;;2011-03-22;MFL;2011-01-01;;
POL011802190;;POL;;;8.16;0.00;0.00;;10.94;10.38;No name;PL02190;ŚWI-36;;;Y;SPS3005;N;N;N;;;FX;;FPO, OTB, LLS, GNS, SB;70.00;0.00;Metal;;2012-08-31;MFL;2011-01-01;;
POL011802312;;POL;;;3.96;0.00;0.00;;10.00;8.94;No name;PL02312;FRO-49;Frombork;;Y;SPS3561;N;N;N;;;FX;;GNS, FYK, FPN, LLS, FPO;22.40;0.00;Fiber/Plastic;;2017-10-27;MFL;1983-01-01;;
POL011901249;;POL;;;9.77;0.00;0.00;;10.27;8.25;No name;PL01249;MIZ-4;Międzyzdroje;;Y;SPS3357;N;N;N;;;FX;;GNS, MIS, FYK, FPO, LHP, LLS;70.00;0.00;Metal;;1986-03-13;MFL;1986-01-01;;
POL011901250;;POL;;;5.93;0.00;0.00;;9.32;8.53;<NO NAME GIVEN>;PL01250;MIZ-33;;;N;;N;;;;;FX;;GNS, LLS;38.20;0.00;Metal;;1985-04-26;MFL;1984-01-01;2006-02-14;
POL011901257;;POL;;;9.03;0.00;0.00;;9.50;8.19;No name;PL01257;MIZ-10;Międzyzdroje;;N;;N;N;N;;;FX;;GNS, FPO, LLS;70.00;0.00;Metal;;1989-01-12;MFL;1988-01-01;2024-10-08;
POL011901264;;POL;;;9.82;0.00;0.00;;11.00;9.82;<NO NAME GIVEN>;PL01264;MIZ-12;;;N;;N;;;;;FX;;GNS, OTB;70.00;0.00;Metal;;1988-02-04;MFL;1988-01-01;2005-02-14;
POL011901273;;POL;;;10.17;0.00;0.00;;11.00;9.81;<NO NAME GIVEN>;PL01273;MIZ-16;;;N;;N;;;;;FX;;GNS, LLS;38.20;0.00;Metal;;1984-07-23;MFL;1984-01-01;2006-07-07;
POL011901277;;POL;;;10.17;0.00;0.00;;11.00;10.16;<NO NAME GIVEN>;PL01277;MIZ-21;;;N;;N;;;;;FX;;GNS, OTB;70.00;0.00;Metal;;1987-03-10;MFL;1987-01-01;2005-10-25;
POL011901281;;POL;;;11.09;0.00;0.00;;11.00;10.06;<NO NAME GIVEN>;PL01281;MIZ-28;;;N;;N;;;;;FX;;GNS, LLS;33.00;0.00;Metal;;1992-04-07;MFL;1992-01-01;2006-12-04;
POL011901286;;POL;;;9.33;0.00;0.00;;10.50;9.56;No name;PL01286;MIZ-30;Międzyzdroje;;Y;SPS3364;N;N;N;;;FX;;GNS, LLS, FPO, LHP, FYK, MIS;70.00;0.00;Aluminium;;1993-08-11;MFL;1993-01-01;;
POL011901291;;POL;;;9.33;0.00;0.00;;10.50;9.40;No name;PL01291;MIZ-31;Międzyzdroje;;Y;SPS3496;N;N;N;;;FX;;GNS, LLS, LHP, FYK, FPO, MIS;70.00;0.00;Metal;;1994-02-07;MFL;1993-01-01;;
POL011901875;261007960;POL;;;25.07;0.00;0.00;;14.40;13.15;No name;PL01875;UST-128;Ustka;;Y;SPG2802;Y;Y;Y;;;FX;;GNS, OTB, LLD, SB, LLS, OTM;121.00;0.00;Metal;;2003-12-15;MFL;1997-01-01;;2024-02-27
POL012000006;;POL;;;247.00;0.00;0.00;;33.30;31.15;<NO NAME GIVEN>;PL00006;DZI-3;;;Y;SPK2346;N;;;;;FX;;OTB, OTM;588.00;278.00;Metal;;1977-01-01;MFL;1977-01-01;2010-01-15;
POL012000012;;POL;;;155.00;0.00;0.00;;30.95;27.50;SEPIA;PL00012;DZI-65;;;Y;SPK2331;N;;;;;FX;;OTB, OTM;368.00;72.00;Metal;;1971-04-02;MFL;1971-01-01;2005-08-08;
POL012000027;;POL;;;96.00;105.87;0.00;;24.58;22.33;<NO NAME GIVEN>;PL00027;DZI-99;;;Y;SPS2012;N;;;;;FX;;GNS, OTB;166.00;0.00;Metal;;1967-02-06;MFL;1967-01-01;2005-05-19;
POL012000035;261000630;POL;;;263.00;0.00;6.00;;32.97;29.84;No name;PL00035;DZI-102;;;Y;SPS2253;Y;Y;Y;5086700;;FX;;OTB, OTM;588.00;97.00;Metal;;1995-03-03;MFL;1957-01-01;;
POL012000039;;POL;;;95.00;105.94;0.00;;24.56;22.33;<NO NAME GIVEN>;PL00039;DZI-104;;;Y;SPS2130;N;;;;;FX;;GNS, OTB;258.00;0.00;Metal;;1973-10-16;MFL;1973-01-01;2005-01-06;
POL012000045;;POL;;;91.00;106.26;0.00;;23.99;22.33;JANINA  II;PL00045;DZI-105;;;Y;SPS2099;N;;;;;FX;;GNS, LLD;166.00;0.00;Metal;;1963-06-17;MFL;1963-01-01;2005-01-19;
POL012000060;;POL;;;95.00;102.41;0.00;;24.40;22.33;<NO NAME GIVEN>;PL00060;DZI-106;;;Y;SPS2094;N;;;;;FX;;OTB, OTM;257.00;0.00;Metal;;1973-02-03;MFL;1973-01-01;2009-09-11;
POL012000078;;POL;;;92.00;105.82;0.00;;24.59;22.33;<NO NAME GIVEN>;PL00078;DZI-107;;;Y;SPS2017;N;;;;;FX;;GNS, OTB;165.50;0.00;Metal;;1965-09-11;MFL;1965-01-01;2005-12-05;
POL012000083;;POL;;;99.00;106.40;0.00;;24.52;22.33;<NO NAME GIVEN>;PL00083;DZI-108;;;Y;SNSW;N;;;;;FX;;GNS, NO;165.00;0.00;Metal;;1961-09-09;MFL;1961-01-01;2005-02-14;
POL012000092;;POL;;;95.00;106.74;0.00;;24.52;22.33;<NO NAME GIVEN>;PL00092;WLA-59;;;Y;SQPN;N;;;;;FX;;OTB, OTM;258.00;0.00;Metal;;1975-02-05;MFL;1975-01-01;2009-12-03;
POL012000097;;POL;;;96.00;106.48;0.00;;24.51;22.33;<NO NAME GIVEN>;PL00097;DZI-111;;;Y;SPS2227;N;;;;;FX;;GNS, OTB;258.00;0.00;Metal;;1977-04-22;MFL;1975-01-01;2005-08-24;
POL012000219;;POL;;;96.00;102.91;0.00;;24.49;22.33;<NO NAME GIVEN>;PL00219;DZI-112;;;Y;SQPF;N;;;;;FX;;OTB, OTM;257.40;0.00;Metal;;1972-12-18;MFL;1972-01-01;2005-04-18;
POL012000652;;POL;;;10.00;0.00;0.00;;10.30;9.06;<NO NAME GIVEN>;PL00652;DZI-8;;;Y;SPS2438;N;;;;;FX;;GNS, LLS;44.00;0.00;Metal;;1986-06-09;MFL;1986-01-01;;2008-02-20
POL012000677;;POL;;;12.87;0.00;0.00;;11.37;9.99;No name;PL00677;DZI-18;Dziwnów;;Y;SPS2178;N;N;N;;;FX;;GNS, LLS, MIS;70.00;0.00;Metal;;1987-01-22;MFL;1986-01-01;2025-01-31;
POL012000685;;POL;;;5.12;0.00;0.00;;9.00;8.02;<NO NAME GIVEN>;PL00685;DZI-55;;;N;;N;;;;;FX;;GNS, LLS;34.60;0.00;Wood;;1979-08-17;MFL;1979-01-01;2006-05-17;
POL012000696;;POL;;;10.88;0.00;0.00;;11.00;9.95;<NO NAME GIVEN>;PL00696;DZI-76;;;N;;N;;;;;FX;;GNS, LLS;70.00;0.00;Metal;;1992-08-11;MFL;1992-01-01;2006-01-13;
POL012001411;261000920;POL;;;12.90;15.06;0.00;;11.99;11.01;No name;PL01411;DZI-1;;;Y;SPS2309;N;N;Y;;;FX;;GNS, LLS, LLD;70.00;0.00;Metal;;1998-03-13;MFL;1997-01-01;;
POL012001413;;POL;;;40.00;42.18;0.00;;17.59;15.21;<NO NAME GIVEN>;PL01413;DZI-4;;;Y;SPS2109;N;;;;;FX;;OTB, PTB;228.00;0.00;Metal;;1970-08-05;MFL;1970-01-01;2006-02-01;
POL012001418;261001540;POL;;;50.00;0.00;7.00;;18.48;16.27;No name;PL01418;WŁA-223;Władysławowo;;Y;SPS2119;Y;Y;Y;;;TT;;OTB, LLS, GNS, MIS, OTM, PTB;257.00;3.10;Metal;;1970-08-14;MFL;1970-01-01;;
POL012001421;261037150;POL;;;6.51;0.00;0.00;;9.50;8.25;No name;PL01421;DZI-6;;;Y;SPS2176;N;N;Y;;;FX;;GNS, LLS;38.20;0.00;Metal;;1986-10-22;MFL;1986-01-01;;
POL012001422;;POL;;;6.92;0.00;0.00;;9.50;8.41;<NO NAME GIVEN>;PL01422;DZI-7;;;Y;SPS2387;N;;;;;FX;;GNS, LLS;55.20;0.00;Metal;;1986-04-04;MFL;1985-01-01;2005-12-13;
POL012001426;;POL;;;8.77;0.00;0.00;;10.22;9.06;<NO NAME GIVEN>;PL01426;DZI-9;;;N;;N;;;;;FX;;GNS, LLS;38.20;0.00;Metal;;1988-11-21;MFL;1988-01-01;;2008-04-24
POL012001434;;POL;;;7.72;0.00;0.00;;9.55;8.39;<NO NAME GIVEN>;PL01434;DZI-14;;;N;;N;;;;;FX;;GNS, LLS;73.60;0.00;Metal;;1983-09-07;MFL;1983-01-01;;2007-11-06
POL012001437;;POL;;;77.00;78.78;0.00;;21.01;18.61;<NO NAME GIVEN>;PL01437;DZI-16;;;Y;SPS2069;N;;;;;FX;;OTB, PTB;228.00;0.00;Metal;;1979-05-02;MFL;1979-01-01;2005-02-16;
POL012001443;;POL;;;77.00;78.78;0.00;;21.00;18.61;<NO NAME GIVEN>;PL01443;DZI-17;;;Y;SPS2070;N;;;;;FX;;OTB, PTB;383.00;0.00;Metal;;1979-10-16;MFL;1979-01-01;2005-01-10;
POL012001447;;POL;;;3.72;0.00;0.00;;11.06;9.49;No name;PL01447;DZI-19;;;Y;SPS2346;N;N;N;;;FX;;GNS, LLD, FPO, LLS;22.10;0.00;Fiber/Plastic;;1994-04-01;MFL;1994-01-01;;
POL012001454;;POL;;;35.00;39.23;0.00;;17.76;15.14;<NO NAME GIVEN>;PL01454;DZI-20;;;Y;SPS2019;N;;;;;FX;;OTB, GNS;111.00;0.00;Metal;;1958-07-29;MFL;1958-01-01;2005-06-15;
POL012001495;;POL;;;35.00;39.33;0.00;;17.77;15.14;<NO NAME GIVEN>;PL01495;DZI-23;;;Y;SPS2055;N;;;;;FX;;GNS, LLS;110.00;0.00;Metal;;1958-08-18;MFL;1958-01-01;2009-09-01;
POL012001496;;POL;;;43.00;42.13;0.00;;17.25;15.21;<NO NAME GIVEN>;PL01496;DZI-24;;;Y;SPS2173;N;;;;;FX;;OTB, GNS;228.00;0.00;Metal;;1963-01-01;MFL;1962-01-01;;2008-08-18
POL012001498;;POL;;;39.00;42.08;0.00;;17.29;15.21;<NO NAME GIVEN>;PL01498;DZI-26;;;Y;SPS2121;N;;;;;FX;;GNS, LLS;121.00;0.00;Metal;;1962-12-31;MFL;1962-01-01;2009-11-03;
POL012001502;;POL;;;11.02;0.00;0.00;;11.00;9.69;<NO NAME GIVEN>;PL01502;DZI-27;;;N;;N;;;;;FX;;GNS, LLS;38.20;0.00;Metal;;1990-02-06;MFL;1990-01-01;;2008-01-21
POL012001558;;POL;;;77.00;78.78;0.00;;21.02;18.61;<NO NAME GIVEN>;PL01558;DZI-31;;;Y;SPS2072;N;;;;;FX;;OTB, PTB;228.00;0.00;Metal;;1980-06-11;MFL;1980-01-01;2005-04-18;
POL012001559;;POL;;;10.91;0.00;0.00;;10.85;9.77;<NO NAME GIVEN>;PL01559;DZI-33;;;N;;N;;;;;FX;;GNS, LLS;70.00;0.00;Metal;;1990-04-04;MFL;1990-01-01;2005-01-11;
POL012001560;261003650;POL;;;42.00;0.00;0.00;;17.06;15.21;No name;PL01560;DAR-119;Darłowo;;Y;SPS2085;Y;Y;Y;;;FX;;OTB, LLS, PTB, LLD, OTM, GNS;28.00;0.00;Metal;;1960-10-11;MFL;1960-01-01;;
POL012001561;261011770;POL;;;50.00;48.37;0.00;;20.57;16.94;No name;PL01561;WŁA-58;;;Y;SPG3015;Y;Y;Y;;;TT;;GNS, PTM, LLS, OTB, OTM;228.00;3.30;Metal;;1963-11-07;MFL;1963-01-01;;
POL012001563;;POL;;;38.00;42.80;0.00;;17.21;15.21;<NO NAME GIVEN>;PL01563;DZI-44;;;Y;SPS2101;N;;;;;FX;;GNS, OTB;121.00;0.00;Metal;;1961-03-07;MFL;1961-01-01;2005-03-09;
POL012001568;;POL;;;38.00;0.00;0.00;;17.40;15.14;<NO NAME GIVEN>;PL01568;DZI-56;;;Y;SPS2159;N;;;;;FX;;GNS, LLS;121.00;0.00;Metal;;1951-07-14;MFL;1951-01-01;2005-01-10;
POL012001570;;POL;;;11.01;15.06;0.00;;11.98;10.82;;PL01570;DZI-57;;;Y;SPS2146;N;N;N;;;FX;;GNS, LLS, LLD;70.00;0.00;Metal;;1991-09-30;MFL;1991-01-01;2016-12-29;
POL012001571;;POL;;;12.89;16.71;0.00;;11.48;9.94;<NO NAME GIVEN>;PL01571;DZI-66;;;Y;SPS2155;N;;;;;FX;;GNS, LLS;70.00;0.00;Metal;;1992-03-25;MFL;1991-01-01;2006-05-24;
POL012001572;;POL;;;42.00;37.03;0.00;;17.57;15.21;<NO NAME GIVEN>;PL01572;DZI-47;;;Y;SPS2151;N;;;;;FX;;GNS, LLS;110.00;0.00;Metal;;1950-01-01;MFL;1950-01-01;2009-09-01;
POL012001573;;POL;;;32.00;39.23;0.00;;17.78;15.14;<NO NAME GIVEN>;PL01573;DZI-48;;;Y;SPS2084;N;;;;;FX;;GNS, LLS;121.00;0.00;Metal;;1958-12-29;MFL;1958-01-01;2005-06-02;
POL012001574;;POL;;;63.00;0.00;21.00;;18.51;15.41;No name;PL01574;KOŁ-92;;;Y;SPS2075;Y;Y;N;;;FX;;OTB, LHP, PTB, PTM, OTM;121.00;0.30;Metal;;1964-12-18;MFL;1964-01-01;;
POL012001575;;POL;;;6.49;0.00;0.00;;9.40;8.88;<NO NAME GIVEN>;PL01575;DZI-51;;;N;;N;;;;;FX;;GNS, LLS;62.50;0.00;Wood;;1991-02-06;MFL;1991-01-01;2005-01-10;
POL012001576;261000740;POL;;;11.90;16.68;0.00;;11.98;11.06;No name;PL01576;DZI-54;Dziwnów;;Y;SPS2147;N;N;Y;;;GO;;GNS, FPO, LLS, LLD;70.00;0.00;Metal;;1991-01-01;MFL;1991-01-01;;
POL012001577;;POL;;;10.90;0.00;0.00;;12.30;11.25;<NO NAME GIVEN>;PL01577;DZI-69;;;Y;SPS2341;N;;;;;FX;;GNS, LLS;70.00;0.00;Metal;;1966-12-31;MFL;1966-01-01;2005-12-12;
POL012001578;;POL;;;6.79;0.00;0.00;;8.83;8.20;<NO NAME GIVEN>;PL01578;DZI-73;;;N;;N;;;;;FX;;GNS, LLS;57.00;0.00;Wood;;1965-04-08;MFL;1950-01-01;;2008-01-21
POL012001579;;POL;;;8.04;0.00;0.00;;10.50;9.67;<NO NAME GIVEN>;PL01579;DZI-75;;;N;;N;;;;;FX;;GNS, LLS;38.20;0.00;Wood;;1990-06-22;MFL;1989-01-01;;2007-11-14
POL012001580;;POL;;;11.55;0.00;0.00;;11.16;9.85;<NO NAME GIVEN>;PL01580;DZI-77;;;Y;SPS2260;N;;;;;FX;;GNS, LLS;70.00;0.00;Metal;;1996-02-23;MFL;1996-01-01;;2007-10-26
POL012001581;;POL;;;10.39;0.00;0.00;;10.20;9.27;No name;PL01581;DZI-80;Dziwnów;;Y;SPS2278;N;N;N;;;FX;;GNS, LLS, OTB;57.00;0.00;Metal;;1991-02-18;MFL;1990-01-01;2025-02-20;
POL012001582;;POL;;;9.96;0.00;0.00;;10.54;9.50;<NO NAME GIVEN>;PL01582;DZI-81;;;N;;N;;;;;FX;;GNS, LLS;70.00;0.00;Metal;;1985-04-10;MFL;1985-01-01;2006-07-04;
POL012001583;261010820;POL;;;52.00;42.13;12.00;;18.52;15.37;No name;PL01583;DZI-85;;;Y;SPG2869;Y;Y;Y;;;TTW;;OTB, GNS, LLD, OTM, LLS, PTM;133.00;3.36;Metal;;1963-08-10;MFL;1963-01-01;;
POL012001585;;POL;;;40.00;42.13;0.00;;17.37;15.21;<NO NAME GIVEN>;PL01585;DZI-86;;;Y;SPS2124;N;;;;;FX;;OTB, PTB;228.00;0.00;Metal;;1967-01-09;MFL;1966-01-01;2005-01-10;
POL012001586;;POL;;;40.00;42.18;0.00;;17.59;15.21;<NO NAME GIVEN>;PL01586;DZI-87;;;Y;SPS2174;N;;;;;FX;;OTB, PTB;228.00;0.00;Metal;;1971-07-29;MFL;1971-01-01;2005-01-10;
POL012001587;;POL;;;40.00;42.13;0.00;;17.59;15.21;<NO NAME GIVEN>;PL01587;DZI-88;;;Y;SPS2175;N;;;;;FX;;OTB, PTB;228.00;0.00;Metal;;1971-07-28;MFL;1971-01-01;2005-02-16;
POL012001588;261007060;POL;;;9.75;12.21;0.00;;11.73;10.68;No name;PL01588;DZI-93;Dziwnów;;Y;SPS2225;N;Y;Y;;;FX;;GNS, LLS, MIS;60.00;0.00;Metal;;1988-12-31;MFL;1988-01-01;;2025-07-17
POL012001884;;POL;;;17.34;0.00;0.00;;11.93;11.06;No name;PL01884;DZI-71;Dziwnów;;Y;SPS2551;N;N;N;;;FX;;GNS, PTB, OTB, LLS, FPN;147.00;0.00;Metal;;2004-03-16;MFL;2003-01-01;2025-04-03;
POL012001941;;POL;;;16.36;0.00;0.00;;11.67;8.86;;PL01941;KOŁ-147;;;Y;SPS2536;N;N;N;;;FX;;OTB, LLS, GNS, OTM, FPO, LLD;29.50;0.00;Metal;;2004-09-16;MFL;2004-01-01;2016-12-12;
POL012002140;;POL;;;10.62;0.00;0.00;;10.94;9.63;No name;PL02140;DZI-41;Dziwnów;;Y;SPS2786;N;N;N;;;FX;;GNS, LLS, LLD;66.20;0.00;Metal;;2009-10-12;MFL;2009-01-01;;
POL012002164;261026960;POL;;;17.03;0.00;0.00;;11.94;10.84;No name;PL02164;DZI-22;Dziwnów;;Y;SPG4018;N;N;Y;;;TT;;GNS, OTB, PTM, OTM, LLD, LLS;99.00;0.00;Metal;;2010-10-27;MFL;2009-01-01;;
POL012002191;261018880;POL;;;37.17;0.00;0.00;;14.95;13.85;No name;PL02191;DZI-10;Dziwnów;;Y;SPS2833;Y;Y;Y;;;TSW;;OTB, PTM, GNS, FYK, LLD, OTM;180.00;0.00;Metal;;2012-09-27;MFL;2009-01-01;;
POL012002222;;POL;;;3.77;0.00;0.00;;9.99;9.13;No name;PL02222;DZI-61;Dziwnów;;Y;SPS3037;N;N;N;;;FX;;GNS, FPO, MIS, LLS, LHM, FYK;45.60;0.00;Aluminium;;2013-02-01;MFL;2012-01-01;;
POL012002300;;POL;;;1.58;0.00;0.00;;5.48;4.90;No name;PL02300;DZI-38;Dziwnów;;Y;SPS3234;N;N;N;;;FX;;GNS, LLS, LLD, LHP, FPO;15.40;0.00;Fiber/Plastic;;2015-01-19;MFL;1995-01-01;;
POL012101589;;POL;;;5.22;0.00;0.00;;9.13;8.58;No name;PL01589;RWL-2;Rewal;;Y;SPS3242;N;N;N;;;FX;;GNS, FPO, LLS, LHP, FPN;21.30;0.00;Metal;;1980-03-12;MFL;1970-01-01;;
POL012101590;;POL;;;5.72;0.00;0.00;;9.19;8.72;No name;PL01590;RWL-4;Rewal;;Y;SPS3569;N;N;N;;;FX;;GNS, LLS, FPO, LHP;38.20;0.00;Aluminium;;2001-04-20;MFL;2001-01-01;;
POL012101591;;POL;;;3.65;0.00;0.00;;7.65;7.25;No name;PL01591;RWL-6;;;N;;N;N;N;;;FX;;GNS, LLS;38.20;0.00;Metal;;1983-02-22;MFL;1970-01-01;;
POL012101596;;POL;;;9.33;0.00;0.00;;11.00;10.42;<NO NAME GIVEN>;PL01596;RWL-7;;;N;;N;;;;;FX;;GNS, LLS;38.20;0.00;Metal;;1985-05-13;MFL;1985-01-01;2005-10-11;
POL012101627;;POL;;;5.28;0.00;0.00;;8.80;8.06;<NO NAME GIVEN>;PL01627;RWL-9;;;N;;N;;;;;FX;;GNS, LLS;22.40;0.00;Wood;;1989-01-01;MFL;1989-01-01;;2005-02-14
POL012101628;;POL;;;3.54;0.00;0.00;;8.20;7.72;No name;PL01628;RWL-11;Rewal;;Y;SPS2975;N;N;N;;;FX;;GNS, LHP, LLS;38.20;0.00;Metal;;1996-01-04;MFL;1961-01-01;;
POL012101629;;POL;;;3.71;0.00;0.00;;7.65;7.23;<NO NAME GIVEN>;PL01629;RWL-12;;;N;;N;;;;;FX;;GNS, LLS;17.60;0.00;Metal;;1982-04-21;MFL;1968-01-01;2006-07-20;
POL012101630;;POL;;;2.51;0.00;0.00;;7.32;6.93;No name;PL01630;RWL-15;Rewal;;Y;SPS3615;N;N;N;;;FX;;GNS, LHP, LLS, FPO;63.00;0.00;Metal;;1985-10-11;MFL;1964-01-01;;
POL012101728;;POL;;;11.56;0.00;0.00;;11.70;10.96;No name;PL01728;RWL-5;Rewal;;Y;SPS2594;N;N;N;;;FX;;GNS, FPN, LLD, LLS, LHP, FPO;47.80;0.00;Metal;;2003-04-28;MFL;2002-01-01;;
POL012101994;261024180;POL;;;4.84;0.00;0.00;;8.50;7.53;No name;PL01994;RWL-8;Rewal;;Y;SPS3050;N;N;Y;;;FX;;GNS, LLS, LHP, FPO;18.70;0.00;Fiber/Plastic;;2005-02-10;MFL;2004-01-01;;
POL012201592;261006740;POL;;;10.07;12.30;0.00;;11.88;10.99;No name;PL01592;USM-20;Ustronie Morskie;;Y;SPS2284;N;N;Y;;;FX;;GNS, FPO, LLD, FYK, LLS, LHP;47.20;0.00;Metal;;1989-03-23;MFL;1987-01-01;2025-02-10;
POL012201631;261003951;POL;;;2.69;0.00;0.00;;7.97;7.48;No name;PL01631;NIE-4;Niechorze;;Y;SPS3352;N;N;Y;;;GO;;GNS, FYK, FPO, LLD, LHP, LLS;55.20;0.00;Fiber/Plastic;;1990-03-20;MFL;1964-01-01;;
POL012201632;;POL;;;3.07;0.00;0.00;;7.40;7.06;<NO NAME GIVEN>;PL01632;NIE-9;;;N;;N;;;;;FX;;GNS, NO;31.50;0.00;Metal;;1982-01-01;MFL;1964-01-01;;2009-10-29
POL012201633;;POL;;;6.25;0.00;0.00;;9.50;8.58;<NO NAME GIVEN>;PL01633;NIE-10;;;N;;N;;;;;FX;;GNS, FPO;31.50;0.00;Metal;;1986-11-05;MFL;1984-01-01;2007-12-11;
POL012201634;;POL;;;4.06;0.00;0.00;;8.50;8.04;<NO NAME GIVEN>;PL01634;NIE-11;;;N;;N;;;;;FX;;GNS, LLS;70.00;0.00;Wood;;1986-02-10;MFL;1985-01-01;2005-04-07;
POL012201635;;POL;;;8.39;0.00;0.00;;10.46;9.91;No name;PL01635;NIE-15;Niechorze;;Y;SPS3616;N;N;N;;;FX;;GNS, LHP, FPO, FPN, LLS;70.00;0.00;Aluminium;;1996-09-26;MFL;1996-01-01;;
POL012201636;;POL;;;2.85;0.00;0.00;;7.56;7.16;No name;PL01636;NIE-20;;;N;;N;N;N;;;FX;;GNS, SB, LLS;38.00;0.00;Metal;;1982-05-27;MFL;1970-01-01;;
POL012202046;;POL;;;6.09;0.00;0.00;;9.17;8.69;<NO NAME GIVEN>;PL02046;NIE-1;;;N;;N;;;;;FX;;GNS, FPO;31.50;0.00;Metal;;1982-12-08;MFL;1970-01-01;;2012-10-30
POL012202199;261023440;POL;;;16.22;0.00;0.00;;11.98;10.91;No name;PL02199;NIE-14;Niechorze;;Y;SPS2889;N;N;Y;;;FX;;GNS, LLS, FPN;31.50;0.00;Metal;;2012-11-14;MFL;2011-01-01;;
POL012202221;;POL;;;17.89;0.00;0.00;;11.98;10.92;No name;PL02221;NIE-8;Niechorze;;Y;SPS2888;N;N;N;;;FX;;GNS, LLD, LLS, LHP;70.00;0.00;Metal;;2013-01-08;MFL;2011-01-01;2025-04-25;
POL012301595;;POL;;;9.41;0.00;0.00;;11.50;9.39;No name;PL01595;ŁEB-86;;;Y;SPS2150;N;N;N;;;FX;;GNS, OTB, LLD, LLS, FPO, LHP;50.00;0.00;Metal;;1991-01-01;MFL;1991-01-01;;
POL012301637;;POL;;;4.13;0.00;0.00;;8.25;7.82;<NO NAME GIVEN>;PL01637;MRZ-1;;;N;;N;;;;;FX;;GNS, LLS;18.70;0.00;Wood;;1967-06-02;MFL;1967-01-01;2005-08-30;
POL012301638;261004450;POL;;;15.62;0.00;0.00;;11.81;11.03;No name;PL01638;MRZ-2;Mrzeżyno;;Y;SPS2340;Y;Y;Y;;;FX;;GNS, LLD, LLS, LHP;121.00;0.00;Metal;;2002-01-24;MFL;1996-01-01;;
POL012301639;;POL;;;4.10;0.00;0.00;;8.40;7.63;<NO NAME GIVEN>;PL01639;DAR-63;;;N;;N;;;;;FX;;GNS, LLS;44.00;0.00;Metal;;1989-12-31;MFL;1989-01-01;;2007-10-18
POL012301640;;POL;;;6.93;0.00;0.00;;9.18;8.76;<NO NAME GIVEN>;PL01640;MRZ-6;;;N;;N;;;;;FX;;GNS, LLS;21.30;0.00;Other;;1969-01-01;MFL;1969-01-01;2006-03-15;
POL012301641;;POL;;;5.09;0.00;0.00;;9.00;8.40;<NO NAME GIVEN>;PL01641;MRZ-14;;;N;;N;;;;;FX;;GNS, NO;55.00;0.00;Metal;;1990-12-31;MFL;1990-01-01;;2008-07-04
POL012301642;;POL;;;8.05;0.00;0.00;;10.01;9.47;No name;PL01642;MRZ-19;;;Y;SPS3143;N;N;N;;;FX;;GNS, LLS;73.50;0.00;Metal;;1986-01-01;MFL;1986-01-01;;
POL012301643;;POL;;;6.68;0.00;0.00;;9.40;8.88;<NO NAME GIVEN>;PL01643;MRZ-36;;;N;;N;;;;;FX;;GNS, LLS;70.00;0.00;Wood;;1970-10-20;MFL;1970-01-01;2005-05-06;
POL012302055;;POL;;;10.12;0.00;0.00;;9.45;8.62;<NO NAME GIVEN>;PL02055;MRZ-16;;;N;;N;;;;;FX;;GNS, LLS;55.00;0.00;Metal;;2008-07-16;MFL;2008-01-01;;2009-09-24
POL012302218;261023690;POL;;;17.84;0.00;0.00;;11.95;10.90;No name;PL02218;MRZ-17;Mrzeżyno;;Y;SPS2881;N;N;Y;;;FX;;GNS, OTB, LLS, OTM, LLD;70.00;0.00;Metal;;2013-01-08;MFL;2010-01-01;;
POL012302305;261032810;POL;;;18.89;0.00;0.00;;11.99;10.94;No name;PL02305;MRZ-20;Mrzeżyno;;Y;SPS3445;N;N;Y;;;TTW;;OTB, LLS, LLD, OTM, FYK, GNS;115.00;0.00;Metal;;2016-10-14;MFL;2015-01-01;;
POL022400621;;POL;;;4.90;0.00;0.00;;8.55;7.97;No name;PL00621;DWI-2;;;Y;SPK2288;N;N;N;;;FX;;GNS, LLS, LHP, LLD;31.50;0.00;Fiber/Plastic;;1990-08-01;MFL;1989-01-01;;
POL022400625;;POL;;;15.24;0.00;0.00;;11.92;11.32;No name;PL00625;UST-145;Ustka;;Y;SPK2324;N;N;N;;;FX;;GNS, LLS, LLD, FPO;73.00;0.00;Fiber/Plastic;;1998-01-02;MFL;1997-01-01;2024-10-23;
POL022400628;;POL;;;2.72;0.00;0.00;;6.80;6.34;<NO NAME GIVEN>;PL00628;DWI-28;;;N;;N;;;;;FX;;GNS, FPO;21.30;0.00;Wood;;1971-04-21;MFL;1971-01-01;2005-09-21;
POL022400633;;POL;;;4.86;0.00;0.00;;8.50;8.02;No name;PL00633;DWI-23;Dźwirzyno;;Y;SPS2432;N;N;N;;;FX;;GNS, LLS, LHP;43.40;0.00;Fiber/Plastic;;2001-07-02;MFL;1971-01-01;;2024-07-22
POL022400635;;POL;;;11.64;0.00;0.00;;11.65;10.24;No name;PL00635;CHY-28;Chłopy;;Y;SPS2430;N;N;N;;;FX;;GNS, LLS, LHP, LLD, FYK;70.00;0.00;Metal;;2002-07-17;MFL;2002-01-01;;
POL022400656;;POL;;;4.90;0.00;0.00;;8.55;8.02;<NO NAME GIVEN>;PL00656;DWI-10;;;N;;N;;;;;FX;;GNS, NO;65.00;0.00;Other;;1982-03-29;MFL;1982-01-01;2005-09-09;
POL022400657;;POL;;;4.90;0.00;0.00;;8.55;7.92;<NO NAME GIVEN>;PL00657;DWI-8;;;Y;SPK2290;N;;;;;FX;;GNS, GND;44.10;0.00;Other;;1990-07-31;MFL;1990-01-01;2005-05-16;
POL022400662;;POL;;;6.89;0.00;0.00;;9.99;8.72;No name;PL00662;KOŁ-139;Kołobrzeg;;Y;SPS2530;N;N;N;;;FX;;GNS, LHP, FYK, LLS, FPO, LLD;30.00;0.00;Other;;1981-06-01;MFL;1981-01-01;;2024-11-04
POL022500001;;POL;;;95.00;102.79;0.00;;24.48;22.33;<NO NAME GIVEN>;PL00001;KOL-165;;;Y;SQPH;N;;;;;FX;;OTB, OTM;257.40;0.00;Metal;;1972-12-28;MFL;1972-01-01;2005-07-06;
POL022500003;261003710;POL;;;174.00;0.00;5.00;;26.78;23.87;No name;PL00003;KOŁ-123;;;Y;SPK2074;Y;Y;Y;8600337;;FX;;OTM, OTB, PTM;420.00;91.60;Metal;;1990-03-13;MFL;1988-01-01;;
POL022500004;;POL;;;95.00;102.98;0.00;;24.48;22.33;<NO NAME GIVEN>;PL00004;KOL-164;;;Y;SQPG;N;;;;;FX;;OTB, OTM;257.40;0.00;Metal;;1972-11-04;MFL;1972-01-01;2005-06-02;
POL022500007;;POL;;;95.00;105.79;0.00;;24.40;22.33;<NO NAME GIVEN>;PL00007;KOL-170;;;Y;SQPL;N;;;;;FX;;OTB, OTM;257.40;0.00;Metal;;1974-03-07;MFL;1974-01-01;2005-05-24;
POL022500008;;POL;;;140.00;158.34;0.00;;25.67;23.42;<NO NAME GIVEN>;PL00008;KOL-192;;;Y;SQOJ;Y;;;;;FX;;OTB, OTM;419.20;0.00;Metal;;1981-07-31;MFL;1981-01-01;2007-08-23;
POL022500009;261003230;POL;;;174.00;160.62;14.00;;28.42;25.85;No name;PL00009;KOŁ-180;;;Y;SQOS;Y;Y;Y;7817517;;TTW;;OTB, OTM, PTM;461.12;34.00;Metal;;1978-11-04;MFL;1978-01-01;;
POL022500010;;POL;;;142.00;106.10;0.00;;26.27;23.48;<NO NAME GIVEN>;PL00010;KOL-183;;;Y;SQOV;N;;;;;FX;;OTB, OTM;419.20;0.00;Metal;;1979-08-31;MFL;1979-01-01;2006-08-01;
POL022500011;;POL;;;140.00;131.99;0.00;;25.67;23.42;<NO NAME GIVEN>;PL00011;KOL-193;;;Y;SQOY;N;;;;;FX;;OTB, OTM;419.20;0.00;Metal;;1982-02-27;MFL;1981-01-01;2006-08-22;
POL022500013;;POL;;;141.00;161.12;0.00;;25.76;23.42;<NO NAME GIVEN>;PL00013;KOL-174;;;Y;SQOP;N;;;;;FX;;OTB, OTM;419.20;0.00;Metal;;1976-12-08;MFL;1976-01-01;2005-01-06;
POL022500015;;POL;;;180.00;0.00;0.00;;29.82;27.18;<NO NAME GIVEN>;PL00015;KOL-4;;;Y;SPK2174;Y;;;;;FX;;OTM, OTB;419.20;0.00;Metal;;1977-04-16;MFL;1977-01-01;2010-06-29;
POL022500016;;POL;;;179.00;0.00;0.00;;32.95;29.62;<NO NAME GIVEN>;PL00016;KOL-47;;;Y;SPK2351;N;;;;;FX;;OTM, OTB;422.00;25.30;Metal;;1991-02-08;MFL;1968-01-01;2004-12-30;
POL022500017;;POL;;;95.00;106.29;0.00;;25.00;22.46;<NO NAME GIVEN>;PL00017;KOL-19;;;Y;SPK2275;N;;;;;FX;;OTB, OTM;257.40;0.00;Metal;;1974-05-22;MFL;1973-01-01;2005-03-21;
POL022500018;261002370;POL;;;174.00;160.62;8.00;;28.33;25.88;No name;PL00018;KOŁ-188;;;Y;SQOH;Y;Y;Y;7931349;;TTW;;OTB, OTM;420.00;68.00;Metal;;1980-07-08;MFL;1980-01-01;;
POL022500019;;POL;;;112.00;102.72;0.00;;24.97;22.77;<NO NAME GIVEN>;PL00019;KOL-167;;;Y;SQPI;Y;;;;;FX;;OTB, OTM;257.40;0.00;Metal;;1973-12-31;MFL;1973-01-01;2010-06-18;
POL022500020;;POL;;;144.00;160.62;0.00;;25.66;23.42;<NO NAME GIVEN>;PL00020;KOL-9;;;Y;SPK2081;N;;;;;FX;;OTB, OTM;419.20;0.00;Metal;;1980-12-31;MFL;1980-01-01;2010-03-08;
POL022500022;;POL;;;142.00;160.62;0.00;;25.68;23.42;<NO NAME GIVEN>;PL00022;KOL-189;;;Y;SQOW;N;;;;;FX;;OTB, OTM;419.20;0.00;Metal;;1980-10-02;MFL;1980-01-01;2005-07-08;
POL022500028;;POL;;;140.00;158.34;0.00;;25.75;23.42;<NO NAME GIVEN>;PL00028;KOL-71;;;Y;SPK2083;Y;;;;;FX;;OTB, OTM;419.20;0.00;Metal;;1983-12-31;MFL;1983-01-01;2004-12-02;
POL022500029;261006840;POL;;;95.00;113.14;0.00;;24.15;20.64;No name;PL00029;KOŁ-214;Kołobrzeg;;Y;SQRY;Y;Y;Y;7017301;;TTW;;OTB, OTM;413.00;0.00;Metal;;1967-12-31;MFL;1966-01-01;2025-03-20;
POL022500031;261001660;POL;;;206.00;0.00;32.00;;26.78;24.26;No name;PL00031;KOŁ-206;;;Y;SPK2075;Y;Y;Y;8600349;;FX;;OTB, OTM, LHP, PTM, PTB;420.00;91.60;Metal;;1990-04-10;MFL;1988-01-01;;
POL022500032;;POL;;;141.00;160.62;0.00;;25.67;23.42;<NO NAME GIVEN>;PL00032;KOL-187;;;Y;SQOG;N;;;;;FX;;OTB, OTM;419.20;0.00;Metal;;1980-06-28;MFL;1980-01-01;2005-07-04;
POL022500036;;POL;;;172.00;0.00;0.00;;28.74;26.25;<NO NAME GIVEN>;PL00036;KOL-179;;;Y;SQOF;N;;;;;FX;;OTB, OTM;419.20;0.00;Metal;;1978-07-10;MFL;1978-01-01;2008-08-20;
POL022500037;;POL;;;141.00;160.62;0.00;;25.75;23.42;<NO NAME GIVEN>;PL00037;KOL-177;;;Y;SQOR;N;;;;;FX;;OTB, OTM;419.20;0.00;Metal;;1978-07-06;MFL;1978-01-01;2005-08-24;
POL022500042;;POL;;;141.00;160.62;0.00;;25.66;23.42;<NO NAME GIVEN>;PL00042;KOL-77;;;Y;SPK2177;N;;;;;FX;;OTB, OTM;419.20;0.00;Metal;;1980-10-07;MFL;1980-01-01;2009-12-04;
POL022500046;;POL;;;141.00;160.62;0.00;;25.71;23.42;<NO NAME GIVEN>;PL00046;KOL-186;;;Y;SQOM;N;;;;;FX;;OTB, OTM;419.20;0.00;Metal;;1980-01-11;MFL;1979-01-01;2007-07-20;
POL022500047;;POL;;;142.00;160.62;0.00;;25.74;23.42;<NO NAME GIVEN>;PL00047;KOL-178;;;Y;SQOK;N;;;;;FX;;OTB, OTM;419.20;0.00;Metal;;1978-12-31;MFL;1978-01-01;2009-11-30;
POL022500048;;POL;;;143.00;106.10;0.00;;26.28;24.55;<NO NAME GIVEN>;PL00048;KOL-182;;;Y;SQOU;N;;;;;FX;;OTB, OTM;419.20;0.00;Metal;;1979-08-25;MFL;1979-01-01;2005-12-27;
POL022500049;261002420;POL;;;149.00;106.53;17.00;;25.60;22.96;RAVEN;PL00049;KOŁ-125;Kołobrzeg;;Y;SPK2156;Y;Y;Y;7422087;;TTW;;OTM, PTM, OTB;282.40;15.00;Metal;;1975-01-04;MFL;1974-01-01;;
POL022500050;;POL;;;143.00;161.12;0.00;;25.91;23.42;<NO NAME GIVEN>;PL00050;KOL-3;;;Y;SPK2027;N;;;;;FX;;OTB, OTM;419.20;0.00;Metal;;1977-02-15;MFL;1976-01-01;2005-05-19;
POL022500051;261002160;POL;;;206.00;177.17;32.00;;26.79;24.26;No name;PL00051;KOŁ-6;;;Y;SPK2136;Y;Y;Y;8903363;;TTW;;OTM, LHP, PTM, OTB, PTB;419.00;91.60;Metal;;1991-03-26;MFL;1990-01-01;;
POL022500054;;POL;;;142.00;101.86;0.00;;25.66;23.42;<NO NAME GIVEN>;PL00054;KOL-191;;;Y;SQOX;N;;;;;FX;;OTB, OTM;419.20;0.00;Metal;;1981-03-28;MFL;1981-01-01;2005-09-01;
POL022500055;;POL;;;142.00;0.00;0.00;;25.67;23.42;<NO NAME GIVEN>;PL00055;KOL-10;;;Y;SPK2000;N;;;;;FX;;OTB, OTM;419.20;0.00;Metal;;1981-03-13;MFL;1980-01-01;2010-04-12;
POL022500056;261006090;POL;;;180.00;0.00;12.00;;27.99;25.63;No name;PL00056;KOŁ-5;;;Y;SPK2232;Y;Y;Y;7415008;;FX;;OTB, OTM;420.00;65.60;Metal;;1975-03-18;MFL;1975-01-01;;
POL022500057;;POL;;;95.00;102.81;0.00;;24.46;22.33;<NO NAME GIVEN>;PL00057;KOL-12;;;Y;SPK2305;N;;;;;FX;;OTB, OTM;280.00;0.00;Metal;;1973-03-01;MFL;1973-01-01;2008-07-10;
POL022500058;;POL;;;204.00;0.00;0.00;;35.34;32.67;<NO NAME GIVEN>;PL00058;KOL-99;;;Y;SPK2254;N;;;;;FX;;OTB, OTM;540.00;6.80;Metal;;1967-02-14;MFL;1967-01-01;2006-07-19;
POL022500067;261275000;POL;;;232.00;177.48;43.00;;29.75;26.76;No name;PL00067;KOŁ-120;;;Y;SPK2230;Y;Y;Y;8903387;;TTW;;OTB, PTM, OTM, SB, LHP;420.00;98.00;Metal;;1993-04-19;MFL;1990-01-01;;
POL022500070;261004060;POL;;;166.00;0.00;0.00;;26.79;23.87;No name;PL00070;KOŁ-121;Kołobrzeg;;Y;SPK2231;Y;Y;Y;8903399;;TT;;OTM, OTB, PTB, PTM, LHP;420.00;98.00;Metal;;1993-03-31;MFL;1991-01-01;;
POL022500079;;POL;;;143.00;106.10;0.00;;26.27;23.48;<NO NAME GIVEN>;PL00079;KOL-185;;;Y;SQOI;N;;;;;FX;;OTB, OTM;419.20;0.00;Metal;;1979-12-01;MFL;1979-01-01;2010-02-02;
POL022500084;261003060;POL;;;169.00;158.34;22.00;;25.70;23.42;No name;PL00084;KOŁ-8;Kołobrzeg;;Y;SPK2080;Y;Y;Y;8107397;;TTW;;OTB, PTM, OTM;420.00;72.00;Metal;;1983-04-14;MFL;1982-01-01;;
POL022500245;;POL;;;77.00;0.00;0.00;;21.91;18.49;<NO NAME GIVEN>;PL00245;KOL-1;;;Y;SPK2029;N;;;;;FX;;OTB, GNS;258.00;0.00;Metal;;1988-12-28;MFL;1988-01-01;2005-07-08;
POL022500248;;POL;;;44.00;0.00;0.00;;17.22;15.21;<NO NAME GIVEN>;PL00248;KOL-7;;;Y;SPS2000;N;;;;;FX;;GNS, LLS;121.40;0.00;Metal;;1967-11-23;MFL;1961-01-01;2007-07-11;
POL022500249;;POL;;;46.00;42.79;0.00;;17.05;15.21;<NO NAME GIVEN>;PL00249;KOL-2;;;Y;SPS2014;N;;;;;FX;;OTB, GNS;121.40;0.00;Metal;;1960-10-26;MFL;1960-01-01;2005-01-31;
POL022500250;261070610;POL;;;4.43;0.00;0.00;;9.02;7.87;No name;PL00250;KOŁ-101;;;Y;SPS2322;N;N;Y;;;FX;;GNS, SB, LLS, LHP, LLD, FPO;17.70;0.00;Wood;;1966-11-28;MFL;1966-01-01;;
POL022500251;;POL;;;12.68;18.81;0.00;;11.94;11.25;No name;PL00251;KOŁ-14;Kołobrzeg;;Y;SPK2265;N;N;N;;;FX;;GNS, LHP, FPO, LLD, LLS;70.00;0.00;Metal;;1994-03-17;MFL;1994-01-01;2024-08-08;
POL022500252;;POL;;;14.01;0.00;0.00;;11.92;11.19;No name;PL00252;ŚWI-3;Świnoujście;;Y;SPS3385;N;N;N;;;FX;;OTB, OTM, LLS, PTM, GNS, PTB;70.00;0.00;Metal;;1995-08-16;MFL;1995-01-01;;
POL022500253;;POL;;;43.00;42.13;0.00;;17.37;15.21;<NO NAME GIVEN>;PL00253;KOL-18;;;Y;SPK2221;N;;;;;FX;;OTB, PTB;121.40;0.00;Metal;;1965-11-08;MFL;1965-01-01;2005-03-31;
POL022500256;;POL;;;9.36;0.00;0.00;;11.43;10.47;No name;PL00256;KOŁ-20;Kołobrzeg;;Y;SPK2061;N;N;N;;;FX;;GNS, LLD, LLS, LHP;70.00;0.00;Fiber/Plastic;;1983-07-26;MFL;1983-01-01;2024-07-26;
POL022500257;261006730;POL;;;77.00;42.13;30.00;;20.52;17.99;No name;PL00257;KOŁ-17;Kołobrzeg;;Y;SPK2319;Y;Y;Y;;;FX;;OTB, GNS, LHP, LLS, FPO, OTM;268.00;1.95;Metal;;1964-09-25;MFL;1964-01-01;;
POL022500258;;POL;;;4.44;0.00;0.00;;8.50;8.16;No name;PL00258;DAR-61;Darłowo;;Y;SPS3176;N;N;N;;;FX;;GNS, LLS, FPO;48.00;0.00;Fiber/Plastic;;2002-10-11;MFL;1983-01-01;;
POL022500262;261005970;POL;;;58.00;0.00;17.00;;18.50;16.44;No name;PL00262;KOŁ-25;;;Y;SPS2464;Y;Y;Y;;;FX;;OTB, GNS, OTM, PTM, LLS, LHP;270.00;0.00;Metal;;1955-08-10;MFL;1955-01-01;;
POL022500263;;POL;;;14.56;0.00;0.00;;11.84;10.53;No name;PL00263;WŁA-85;Władysławowo;;Y;SPG4199;N;N;N;;;FX;;GNS, LLD, LLS;41.00;0.00;Fiber/Plastic;;1980-12-31;MFL;1980-01-01;2024-11-28;
POL022500265;;POL;;;31.00;36.43;0.00;;17.38;15.14;<NO NAME GIVEN>;PL00265;KOL-26;;;Y;SPK2273;N;;;;;FX;;GNS, LLS;107.00;0.00;Metal;;1968-09-17;MFL;1953-01-01;2005-04-20;
POL022500268;;POL;;;23.33;0.00;0.00;;14.12;12.68;;PL00268;KOŁ-28;;;Y;SPK2333;Y;N;N;;;FX;;OTB, OTM, SB, LLD, GNS, LLS;121.40;0.00;Metal;;1998-01-20;MFL;1997-01-01;2016-12-19;
POL022500269;;POL;;;21.39;26.03;0.00;;13.50;12.26;;PL00269;KOŁ-30;;;Y;SPK2322;Y;N;N;;;FX;;GNS, LHP, OTM, LLD, OTB, LLS;73.00;0.00;Metal;;1998-08-07;MFL;1996-01-01;2017-03-30;
POL022500284;;POL;;;4.66;0.00;0.00;;8.50;7.78;<NO NAME GIVEN>;PL00284;KOL-33;;;N;;N;;;;;FX;;GNS, LLS;17.70;0.00;Metal;;1998-05-05;MFL;1984-01-01;;2006-09-20
POL022500285;261004260;POL;;;69.00;53.97;18.00;;18.52;16.27;No name;PL00285;KOŁ-32;Kołobrzeg;;Y;SPK2347;Y;Y;Y;;;TT;;OTB, GNS, OTM, LLS, PTM, LLD;207.00;1.10;Metal;;1953-10-17;MFL;1953-01-01;;
POL022500286;;POL;;;3.28;0.00;0.00;;7.97;7.44;<NO NAME GIVEN>;PL00286;KOL-34;;;N;;N;;;;;FX;;GNS, LLS;27.60;0.00;Metal;;2000-06-30;MFL;1997-01-01;;2008-09-11
POL022500288;;POL;;;36.20;0.00;0.00;;14.99;12.64;;PL00288;KOŁ-35;;;Y;SPS2381;Y;N;N;;;FX;;OTB, LLD, LHP, OTM, GNS, SB;140.00;0.00;Metal;;2001-02-27;MFL;2001-01-01;2016-12-28;
POL022500291;;POL;;;43.00;42.13;0.00;;17.59;15.21;<NO NAME GIVEN>;PL00291;KOL-37;;;Y;SQPB;N;;;;;FX;;OTB, PTB;228.00;0.00;Metal;;1971-11-15;MFL;1970-01-01;2004-12-17;
POL022500292;;POL;;;5.06;0.00;0.00;;8.78;8.34;<NO NAME GIVEN>;PL00292;KOL-39;;;N;;N;;;;;FX;;LLS, GNS;38.20;0.00;Fiber/Plastic;;1974-03-13;MFL;1970-01-01;2007-05-11;
POL022500293;;POL;;;44.00;42.17;0.00;;17.59;15.21;<NO NAME GIVEN>;PL00293;KOL-36;;;Y;SQPA;N;;;;;FX;;OTB, PTB;257.00;0.00;Metal;;1970-12-09;MFL;1970-01-01;2004-12-17;
POL022500294;;POL;;;26.62;33.25;0.00;;14.86;13.24;No name;PL00294;KOŁ-40;Kołobrzeg;;Y;SPK2316;Y;Y;N;;;FX;;OTB, PTB, LLD, OTM;166.00;0.00;Metal;;1997-10-03;MFL;1997-01-01;2025-03-17;
POL022500296;;POL;;;26.14;0.00;0.00;;14.66;11.76;<NO NAME GIVEN>;PL00296;KOL-41;;;Y;SPK2317;Y;;;;;FX;;OTB, OTM;110.00;0.00;Metal;;1997-07-14;MFL;1997-01-01;;2014-04-01
POL022500298;;POL;;;21.26;0.00;0.00;;12.96;11.64;No name;PL00298;KOŁ-161;Kołobrzeg;;Y;SPS3041;Y;Y;N;;;FX;;OTB, GNS, LLD, OTM, LLS;121.40;0.00;Metal;;1997-08-26;MFL;1997-01-01;2024-10-07;
POL022500299;;POL;;;33.50;0.00;0.00;;14.56;13.44;No name;PL00299;KOŁ-43;Kołobrzeg;;Y;SPK2321;Y;N;N;;;FX;;OTB, PTB, LHP, LLD, OTM;183.00;0.00;Metal;;1997-03-13;MFL;1989-01-01;2025-06-27;
POL022500300;;POL;;;24.52;0.00;0.00;;14.90;13.92;No name;PL00300;KOŁ-148;Kołobrzeg;;Y;SPK2337;Y;Y;N;;;FX;;GNS, LLD, OTM, LLS, LHP, OTB;129.50;0.00;Metal;;1999-03-04;MFL;1997-01-01;;
POL022500301;261005240;POL;;;19.58;0.00;0.00;;14.99;12.10;No name;PL00301;KOŁ-46;Kołobrzeg;;Y;SPK2334;Y;Y;Y;;;FX;;OTB, PTB, GNS, LLD, LLS, OTM;73.00;0.00;Metal;;1997-09-15;MFL;1997-01-01;2024-08-12;
POL022500303;261003280;POL;;;36.50;0.00;0.00;;14.99;12.62;No name;PL00303;KOŁ-48;Kołobrzeg;;Y;SPS2366;Y;Y;Y;;;FX;;GNS, LLS, OTM, LLD, OTB;147.00;0.00;Metal;;2000-09-29;MFL;2000-01-01;;
POL022500304;;POL;;;45.00;42.13;0.00;;17.59;15.21;<NO NAME GIVEN>;PL00304;KOL-55;;;Y;SQPC;N;;;;;FX;;OTB, OTM;228.00;0.00;Metal;;1971-10-07;MFL;1971-01-01;2005-08-08;
POL022500307;;POL;;;51.00;42.17;0.00;;17.59;15.21;<NO NAME GIVEN>;PL00307;KOL-56;;;Y;SQPD;N;;;;;FX;;OTB, PTB;202.00;0.00;Metal;;1971-12-30;MFL;1971-01-01;2006-07-07;
POL022500312;;POL;;;29.73;0.00;0.00;;14.60;13.53;;PL00312;KOŁ-58;;;Y;SPS2283;Y;N;N;;;FX;;GNS, LLS, LLD, OTB;142.00;0.00;Metal;;2000-10-18;MFL;1956-01-01;2016-12-05;
POL022500313;;POL;;;43.00;42.13;0.00;;17.34;15.21;<NO NAME GIVEN>;PL00313;KOL-62;;;Y;SPK2282;N;;;;;FX;;OTB, GNS;121.00;0.00;Metal;;1965-10-07;MFL;1965-01-01;2005-05-05;
POL022500320;;POL;;;34.00;39.33;0.00;;17.76;15.14;<NO NAME GIVEN>;PL00320;KOL-72;;;Y;SPK2234;N;;;;;FX;;OTB, GNS;121.40;0.00;Metal;;1958-05-16;MFL;1958-01-01;2005-05-24;
POL022500321;;POL;;;35.00;39.33;0.00;;17.76;15.14;<NO NAME GIVEN>;PL00321;KOL-74;;;Y;SPK2353;N;;;;;FX;;GNS, OTB;121.40;0.00;Metal;;1958-05-28;MFL;1958-01-01;2005-09-26;
POL022500322;;POL;;;42.00;53.06;0.00;;17.22;15.21;<NO NAME GIVEN>;PL00322;KOL-79;;;Y;SQPE;Y;;;;;FX;;GNS, LLS;121.40;0.00;Metal;;1964-10-15;MFL;1961-01-01;;2013-02-07
POL022500323;;POL;;;9.14;0.00;0.00;;9.92;8.65;<NO NAME GIVEN>;PL00323;KOL-81;;;Y;SPK2310;N;;;;;FX;;GNS, LLS;70.00;0.00;Wood;;1970-12-15;MFL;1970-01-01;2005-01-06;
POL022500324;;POL;;;11.34;0.00;0.00;;9.20;8.69;<NO NAME GIVEN>;PL00324;KOL-84;;;Y;SPK2004;N;;;;;FX;;GNS, LLS;73.00;0.00;Wood;;1973-05-25;MFL;1973-01-01;2005-09-09;
POL022500325;;POL;;;10.58;0.00;0.00;;11.98;10.92;<NO NAME GIVEN>;PL00325;KOL-85;;;N;;N;;;;;FX;;GNS, LLS;70.00;0.00;Metal;;1989-04-14;MFL;1988-01-01;2005-02-02;
POL022500326;;POL;;;9.05;11.01;0.00;;10.97;10.11;;PL00326;KOŁ-86;;;Y;SPK2046;N;N;N;;;FX;;GNS, LHP, LLS, SB;72.00;0.00;Metal;;1989-05-04;MFL;1988-01-01;2005-01-06;
POL022500328;;POL;;;32.00;39.23;0.00;;17.77;15.14;<NO NAME GIVEN>;PL00328;KOL-88;;;Y;SPK2122;N;;;;;FX;;GNS, LLS;121.40;0.00;Metal;;1958-05-10;MFL;1958-01-01;2006-01-23;
POL022500330;;POL;;;32.00;39.23;0.00;;17.77;15.14;<NO NAME GIVEN>;PL00330;KOL-89;;;Y;SPK2139;N;;;;;FX;;GNS, NO;121.40;0.00;Metal;;1962-05-18;MFL;1958-01-01;2005-02-14;
POL022500331;;POL;;;34.00;0.00;0.00;;17.38;15.14;<NO NAME GIVEN>;PL00331;KOL-93;;;Y;SPK2070;N;;;;;FX;;LLS, GNS;121.40;0.00;Metal;;1966-12-17;MFL;1952-01-01;2005-02-16;
POL022500332;;POL;;;8.23;0.00;0.00;;11.04;10.39;No name;PL00332;KOŁ-94;Kołobrzeg;;Y;SPK2158;N;N;N;;;FX;;GNS, LHP, LLD, FPO, LLS;43.20;0.00;Wood;;1971-12-14;MFL;1971-01-01;2024-08-09;
POL022500333;;POL;;;43.00;42.08;0.00;;17.33;15.21;<NO NAME GIVEN>;PL00333;KOL-96;;;Y;SPK2268;N;;;;;FX;;OTB, GND;224.00;0.00;Metal;;1970-10-15;MFL;1964-01-01;2004-12-29;
POL022500336;;POL;;;30.89;37.03;0.00;;13.26;11.68;<NO NAME GIVEN>;PL00336;KOL-97;;;Y;SPK2279;N;;;;;FX;;OTB, NO;140.00;0.00;Metal;;1995-01-29;MFL;1995-01-01;2006-03-28;
POL022500337;;POL;;;8.52;0.00;0.00;;11.98;10.28;<NO NAME GIVEN>;PL00337;KOL-87;;;Y;SPK2072;N;;;;;FX;;GNS, LLS;70.00;0.00;Metal;;1989-07-03;MFL;1989-01-01;2005-02-07;
POL022500338;;POL;;;31.00;36.25;0.00;;16.70;15.14;<NO NAME GIVEN>;PL00338;KOL-98;;;Y;SPK2127;N;;;;;FX;;OTB, PTB;121.40;0.00;Metal;;1956-05-24;MFL;1956-01-01;2005-05-19;
POL022500339;261012550;POL;;;6.82;0.00;0.00;;11.10;9.89;No name;PL00339;KOŁ-104;Kołobrzeg;;Y;SPS2648;N;N;Y;;;FX;;GNS, LLD, FPO, LHP, LLS;70.00;0.00;Fiber/Plastic;;1966-04-07;MFL;1966-01-01;;
POL022500364;;POL;;;22.00;0.00;0.00;;11.43;10.83;<NO NAME GIVEN>;PL00364;KOL-106;;;Y;SPK2092;N;;;;;FX;;GNS, LLS;73.00;0.00;Metal;;1959-11-06;MFL;1936-01-01;2005-05-05;
POL022500365;;POL;;;10.95;0.00;0.00;;11.00;9.98;<NO NAME GIVEN>;PL00365;KOL-105;;;N;;N;;;;;FX;;GNS, LLS;70.00;0.00;Metal;;1987-06-01;MFL;1987-01-01;2005-01-12;
POL022500366;;POL;;;9.32;0.00;0.00;;10.80;9.41;<NO NAME GIVEN>;PL00366;KOL-107;;;N;;N;;;;;FX;;GNS, LLS;70.00;0.00;Metal;;1988-09-01;MFL;1988-01-01;2005-01-19;
POL022500367;;POL;;;29.97;31.12;0.00;;14.55;12.91;<NO NAME GIVEN>;PL00367;KOL-108;;;Y;SPK2060;N;;;;;FX;;OTB, GNS;160.00;0.00;Metal;;1989-08-16;MFL;1989-01-01;2005-06-09;
POL022500368;261004620;POL;;;67.00;0.00;26.00;;18.43;16.45;No name;PL00368;KOŁ-111;Kołobrzeg;;Y;SPK2043;Y;Y;Y;;;FX;;OTB, PTM, OTM, LHP, PTB;121.40;3.00;Metal;;1959-09-10;MFL;1959-01-01;;2024-05-29
POL022500369;;POL;;;38.00;36.25;0.00;;17.38;15.14;<NO NAME GIVEN>;PL00369;KOL-114;;;Y;SPK2168;N;;;;;FX;;OTB, OTM;220.80;0.00;Metal;;1954-02-26;MFL;1953-01-01;2006-01-19;
POL022500370;;POL;;;23.18;0.00;0.00;;13.40;12.80;<NO NAME GIVEN>;PL00370;KOL-116;;;N;;N;;;;;FX;;GNS, LLS;66.00;0.00;Wood;;1944-12-31;MFL;1944-01-01;2008-07-10;
POL022500371;;POL;;;12.15;0.00;0.00;;10.85;9.78;<NO NAME GIVEN>;PL00371;KOL-118;;;Y;SPK2071;N;;;;;FX;;GNS, LLS;70.00;0.00;Wood;;1970-09-10;MFL;1969-01-01;2005-01-19;
POL022500372;;POL;;;10.90;0.00;0.00;;11.32;10.58;No name;PL00372;KOŁ-124;Kołobrzeg;;Y;SPS2388;N;N;N;;;FX;;GNS, LHP, LLS;70.00;0.00;Metal;;2001-11-07;MFL;2000-01-01;2024-11-29;
POL022500373;;POL;;;12.93;0.00;0.00;;11.98;10.26;;PL00373;WŁA-143;;;Y;SPK2312;N;N;N;;;FX;;LLS, GNS;70.00;0.00;Metal;;1997-09-01;MFL;1996-01-01;;2020-09-16
POL022500377;;POL;;;11.45;0.00;0.00;;12.65;11.71;<NO NAME GIVEN>;PL00377;KOL-136;;;Y;SPK2057;N;;;;;FX;;GNS, LLS;70.00;0.00;Metal;;1989-05-15;MFL;1989-01-01;2007-07-31;
POL022500385;;POL;;;14.60;0.00;0.00;;11.10;9.94;No name;PL00385;UNI-33;Unieście;;Y;SPS2467;N;N;N;;;FX;;GNS, LLS, LHP, LLD;55.00;0.00;Metal;;2002-12-31;MFL;2002-01-01;;
POL022500386;;POL;;;15.28;0.00;0.00;;11.27;9.66;;PL00386;KOŁ-138;;;Y;SPK2082;N;N;N;;;FX;;GNS, LLS, LLD;28.00;0.00;Wood;;1958-12-31;MFL;1958-01-01;;2016-12-09
POL022500390;;POL;;;5.54;0.00;0.00;;8.64;7.78;No name;PL00390;KOŁ-155;;;Y;SPS2592;N;N;N;;;FX;;GNS, LLS;70.00;0.00;Metal;;1998-07-01;MFL;1998-01-01;;
POL022500392;261010640;POL;;;151.00;143.26;0.00;;19.68;17.76;No name;PL00392;ŚWI-106;Świnoujście;;Y;SPK2141;Y;Y;Y;8861773;;TT;;OTB, OTM;441.00;91.60;Metal;;1991-09-26;MFL;1991-01-01;;
POL022500440;;POL;;;28.92;0.00;0.00;;14.30;13.58;<NO NAME GIVEN>;PL00440;KOL-57;;;Y;SPS2431;N;;;;;FX;;OTB, GNS;194.00;0.00;Wood;;1965-08-16;MFL;1947-01-01;2006-07-04;
POL022501806;;POL;;;17.56;0.00;0.00;;12.70;11.53;;PL01806;KOŁ-59;;;N;;Y;Y;N;;;FX;;GNS, LLD, LHP, OTB, OTM, LLS;50.00;0.00;Metal;;2003-11-03;MFL;2003-01-01;2017-11-30;
POL022501913;;POL;;;36.72;0.00;0.00;;14.96;13.61;;PL01913;KOŁ-75;;;Y;SPS2470;Y;N;N;;;FX;;GNS, OTM, OTB, LLD, SB, LLS;90.00;0.00;Metal;;2004-04-26;MFL;2003-01-01;2016-12-15;
POL022502019;;POL;;;14.20;0.00;0.00;;10.90;10.01;<NO NAME GIVEN>;PL02019;KOL-31;;;Y;SPS2578;N;;;;;FX;;OTB, OTM;121.00;0.00;Metal;;2006-09-15;MFL;2006-01-01;;2011-05-31
POL022502023;;POL;;;41.91;0.00;0.00;;14.99;13.49;No name;PL02023;KOŁ-64;Kołobrzeg;;Y;SPS2582;Y;Y;N;;;FX;;OTB, LHP, PTB, PTM, OTM, LLD;184.00;0.00;Metal;;2006-12-05;MFL;2005-01-01;2024-07-10;
POL022502024;261010850;POL;;;41.99;0.00;0.00;;14.99;13.56;No name;PL02024;KOŁ-68;Kołobrzeg;;Y;SPS2583;Y;Y;Y;;;FX;;OTB, PTM, LHP, OTM, PTB, LLD;184.00;0.00;Metal;;2006-12-01;MFL;2005-01-01;2025-03-17;
POL022502025;;POL;;;21.83;0.00;0.00;;14.80;13.13;;PL02025;KOŁ-73;;;Y;SPS2588;Y;Y;N;;;FX;;OTB, LLD, GNS, OTM, LLS, LHP;160.00;0.00;Metal;;2006-10-13;MFL;2001-01-01;2020-01-03;
POL022502053;;POL;;;33.33;0.00;0.00;;14.70;13.20;No name;PL02053;KOŁ-110;;;Y;SPS2655;Y;Y;N;;;FX;;OTB, SB, LLS, OTM, LLD, GNS;183.00;0.00;Metal;;2008-07-02;MFL;2007-01-01;;
POL022502070;;POL;;;3.85;0.00;0.00;;7.99;7.57;No name;PL02070;UST-207;;;Y;SPS2707;N;N;N;;;GO;;LLS, GNS, LHP, LLD;27.20;0.00;Fiber/Plastic;;2008-07-02;MFL;2007-01-01;;
POL022502160;;POL;;;26.96;0.00;0.00;;14.99;13.38;No name;PL02160;KOŁ-57;Kołobrzeg;;Y;SPS2835;Y;Y;N;;;MOX;;OTB, GNS, LLS, LLD, OTM;197.00;0.00;Metal;;2010-08-25;MFL;2009-01-01;;
POL022502179;;POL;;;32.26;0.00;0.00;;13.86;12.70;No name;PL02179;KOŁ-143;Kołobrzeg;;Y;SPS2874;Y;Y;N;;;TTW;;OTB, GNS, LLS, OTM, FPO, LLD;121.00;0.00;Metal;;2011-06-14;MFL;2010-01-01;;2025-07-02
POL022502180;261018330;POL;;;20.35;0.00;0.00;;11.93;11.12;No name;PL02180;KOŁ-144;;;Y;SPS2870;N;N;Y;;;FX;;OTB, GNS, LLD, FPO, OTM, LLS;70.00;0.00;Metal;;2011-05-26;MFL;2010-01-01;;
POL022502184;;POL;;;17.85;0.00;0.00;;11.96;10.98;No name;PL02184;KOŁ-145;;;Y;SPS2946;N;N;N;;;FX;;OTB, OTM, LLD, LHP, GNS, LLS;50.00;0.00;Metal;;2011-11-24;MFL;2011-01-01;;
POL022502200;;POL;;;25.06;0.00;0.00;;14.04;12.46;No name;PL02200;KOŁ-149;Kołobrzeg;;Y;SPS2959;Y;Y;N;;;TTW;;OTB, OTM, LLD, GNS, PTM, LLS;161.00;0.00;Metal;;2012-11-19;MFL;2012-01-01;;
POL022502238;;POL;;;25.57;0.00;0.00;;14.30;13.03;AMALTEA;PL02238;KOŁ-151;Kołobrzeg;;Y;SPS3073;Y;Y;N;;;FX;;OTB, LHP, LLD, LLS, OTM, GNS;260.00;0.00;Metal;;2013-07-22;MFL;2012-01-01;;
POL022502289;261026380;POL;;;25.71;0.00;0.00;;14.30;12.94;No name;PL02289;KOŁ-160;Kołobrzeg;;Y;SPS3134;Y;Y;Y;;;TTW;;OTB, GNS, OTM, LHP, LLD, LLS;106.00;0.00;Metal;;2014-06-13;MFL;2012-01-01;;
POL022502319;261037210;POL;;;33.81;0.00;0.00;;14.85;13.01;FREDMARKO;PL02319;KOŁ-209;;;Y;SPS3734;Y;Y;Y;;;FX;;OTB, LHP, GNS, LLS, LLD, OTM;185.00;0.00;Metal;;2019-12-17;MFL;2018-01-01;;
POL022502325;261080170;POL;;;20.41;0.00;0.00;;14.23;12.80;No name;PL02325;KOŁ-208;Kołobrzeg;;Y;SPG5091;Y;Y;Y;;;FX;;OTB, LLD, GNS, OTM, LLS;134.20;0.00;Metal;;2020-07-06;MFL;2004-01-01;2025-03-10;
POL022502332;;POL;;;16.39;0.00;0.00;;11.79;10.89;No name;PL02332;KOŁ-213;Kołobrzeg;;Y;SPS3874;N;N;N;;;GO;;GNS, LLS, GTR, FPO, LHP, LLD;74.00;0.00;Metal;;2021-06-29;MFL;2020-01-01;;
POL022600401;;POL;;;9.80;0.00;0.00;;10.40;9.17;<NO NAME GIVEN>;PL00401;USM-7;;;N;;N;;;;;FX;;GNS, LLS;70.00;0.00;Metal;;1991-08-14;MFL;1991-01-01;2005-02-14;
POL022600403;;POL;;;11.98;0.00;0.00;;10.96;9.99;No name;PL00403;USM-19;;;Y;SPK2342;N;N;N;;;FX;;GNS, LLD, FPO, LHP, LLS;75.20;0.00;Metal;;1985-12-31;MFL;1985-01-01;;
POL022602091;;POL;;;6.27;0.00;0.00;;10.12;9.44;<NO NAME GIVEN>;PL02091;USM-9;;;N;;N;;;;;FX;;GNS, LLS;16.00;0.00;Fiber/Plastic;;2009-04-03;MFL;1969-01-01;;2013-04-03
POL022602092;;POL;;;6.27;0.00;0.00;;10.12;9.44;<NO NAME GIVEN>;PL02092;USM-10;;;N;;N;;;;;FX;;GNS, LLS;16.00;0.00;Fiber/Plastic;;2009-04-03;MFL;1969-01-01;;2012-04-02
POL022602126;261015990;POL;;;12.79;0.00;0.00;;11.97;11.50;No name;PL02126;USM-8;;;Y;SPS2774;N;N;Y;;;FX;;GNS, LLD, LHP, LLS, FPO;82.00;0.00;Metal;;2009-06-12;MFL;2008-01-01;;
POL022602132;;POL;;;5.09;0.00;0.00;;10.02;9.48;No name;PL02132;USM-12;Ustronie Morskie;;Y;SPS2821;N;N;N;;;FX;;GNS, LLS, LHP, FPO, LLD;16.00;0.00;Fiber/Plastic;;2009-06-12;MFL;1969-01-01;;
POL022602135;;POL;;;4.07;0.00;0.00;;10.12;9.44;No name;PL02135;USM-17;Ustronie Morskie;;Y;SPS2928;N;N;N;;;FX;;GNS, LLS, LLD, FPO, LHP, FYK;16.00;0.00;Fiber/Plastic;;2009-06-12;MFL;1969-01-01;;
POL022602185;;POL;;;6.32;0.00;0.00;;11.68;9.60;No name;PL02185;USM-18;;;Y;SPS2982;N;N;N;;;FX;;GNS, LHP, LLS, FPO, LLD;50.00;0.00;Metal;;2012-03-27;MFL;1992-01-01;;
POL022800409;;POL;;;5.40;0.00;0.00;;9.90;9.00;<NO NAME GIVEN>;PL00409;SAR-1;;;N;;N;;;;;FX;;GNS, LLS;33.00;0.00;Wood;;1983-12-31;MFL;1983-01-01;;2007-02-20
POL022900410;261025460;POL;;;10.87;0.00;0.00;;11.95;10.99;No name;PL00410;CHY-1;;;Y;SPS2379;N;N;Y;;;FX;;GNS, LHP, LLS, LLD;135.00;0.00;Metal;;2000-05-23;MFL;2000-01-01;;
POL022900411;;POL;;;12.09;0.00;0.00;;11.97;10.85;No name;PL00411;CHY-2;;;Y;SPS3257;N;N;N;;;FX;;GNS, LLS, LHP, FPO, LLD;70.00;0.00;Metal;;2000-05-26;MFL;1999-01-01;;
POL022900420;261023350;POL;;;12.74;0.00;0.00;;11.50;10.54;No name;PL00420;CHY-3;Chłopy;;Y;SPS2222;N;N;Y;;;FX;;GNS, LLS, LHP, LLD;70.00;0.00;Metal;;1987-12-31;MFL;1987-01-01;2024-09-25;
POL022900421;;POL;;;3.48;0.00;0.00;;7.50;6.86;No name;PL00421;CHY-5;Chłopy;;N;;N;N;N;;;FX;;GNS, LLD, LHP, LLS;45.00;0.00;Wood;;1973-09-01;MFL;1972-01-01;2024-10-21;
POL022900422;;POL;;;8.76;0.00;0.00;;9.75;9.14;No name;PL00422;CHY-7;;;Y;SPS2535;N;N;N;;;FX;;GNS, LLS;70.00;0.00;Wood;;1982-05-12;MFL;1982-01-01;;
POL022900423;;POL;;;15.03;0.00;0.00;;11.95;10.86;No name;PL00423;CHY-11;Chłopy;;Y;SPS2437;N;N;N;;;FX;;GNS, LHP, LLD, LLS;99.00;0.00;Metal;;2000-03-01;MFL;2000-01-01;;2025-01-02
POL022900424;;POL;;;6.59;0.00;0.00;;9.15;8.16;No name;PL00424;CHY-12;;;N;;N;N;N;;;FX;;GNS, LLS;38.20;0.00;Wood;;1979-12-31;MFL;1979-01-01;;
POL022900425;261027180;POL;;;9.03;0.00;0.00;;9.92;8.95;No name;PL00425;CHY-15;;;Y;SPS3166;N;N;Y;;;FX;;GNS, LLD, FPO, LLS, LHP;70.00;0.00;Metal;;1991-06-13;MFL;1990-01-01;;
POL022900426;;POL;;;13.27;0.00;0.00;;11.98;11.19;<NO NAME GIVEN>;PL00426;CHY-16;;;N;;N;;;;;FX;;GNS, LLS;96.00;0.00;Metal;;1990-12-31;MFL;1990-01-01;;2010-12-29
POL022900441;;POL;;;7.00;0.00;0.00;;9.06;8.56;No name;PL00441;CHY-4;;;Y;SPS2625;N;N;N;;;FX;;GNS, LLS;44.00;0.00;Metal;;1980-04-12;MFL;1974-01-01;;
POL022901787;;POL;;;13.39;0.00;0.00;;11.89;11.29;No name;PL01787;CHY-8;Chłopy;;Y;SPS3326;N;N;N;;;FX;;GNS, LLS, LHP, LLD;70.00;0.00;Metal;;2003-10-27;MFL;2003-01-01;;2025-02-25
POL022901965;;POL;;;15.83;0.00;0.00;;11.90;10.72;No name;PL01965;CHY-20;Chłopy;;Y;SPS2507;N;N;N;;;FX;;GNS, LLD, LHP, LLS;128.00;0.00;Metal;;2004-12-06;MFL;2004-01-01;2024-12-30;
POL022902169;261018590;POL;;;12.06;0.00;0.00;;9.94;9.22;No name;PL02169;CHY-26;Chłopy;;Y;SPS2878;N;N;Y;;;FX;;GNS, FPO, LLD, LHP, LLS;168.00;0.00;Metal;;2010-12-21;MFL;2010-01-01;;2024-11-20
POL022902240;;POL;;;1.58;0.00;0.00;;6.22;5.13;No name;PL02240;CHY-27;;;Y;SPS3110;N;N;N;;;FX;;GNS, LHP, FPO, LLD, LLS;11.00;0.00;Fiber/Plastic;;2013-07-12;MFL;2013-01-01;;
POL023000436;;POL;;;7.81;0.00;0.00;;9.50;8.61;No name;PL00436;UNI-1;Unieście;;Y;SPS3757;N;N;N;;;FX;;GNS, NO;70.00;0.00;Metal;;1992-03-19;MFL;1991-01-01;2024-09-30;
POL023000437;;POL;;;5.28;0.00;0.00;;9.00;8.52;No name;PL00437;UNI-2;;;Y;SPS2429;N;N;N;;;FX;;GNS, LLS, SB, LHP, LLD, FPO;70.00;0.00;Metal;;1982-12-31;MFL;1982-01-01;;
POL023000438;;POL;;;3.53;0.00;0.00;;7.70;6.88;<NO NAME GIVEN>;PL00438;UNI-3;;;N;;N;;;;;FX;;GNS, LLS;21.30;0.00;Wood;;1973-12-31;MFL;1973-01-01;2006-03-13;
POL023000439;;POL;;;19.73;0.00;0.00;;13.72;12.89;No name;PL00439;UNI-4;Unieście;;Y;SPS2471;Y;Y;N;;;FX;;GNS, LLD, OTB, OTM, PTB, LLS;73.00;0.00;Fiber/Plastic;;1981-12-31;MFL;1981-01-01;;2025-03-10
POL023000448;;POL;;;7.29;0.00;0.00;;9.50;7.73;No name;PL00448;UNI-7;Unieście;;Y;SPS2656;N;N;N;;;FX;;GNS, LLS, LHP;50.00;0.00;Metal;;1986-01-01;MFL;1985-01-01;;
POL023000450;;POL;;;3.20;0.00;0.00;;7.90;7.19;<NO NAME GIVEN>;PL00450;UNI-8;;;N;;N;;;;;FX;;GNS, LLS;21.30;0.00;Wood;;1979-12-31;MFL;1979-01-01;;2011-02-15
POL023000451;;POL;;;10.76;0.00;0.00;;12.00;11.24;;PL00451;UNI-10;;;N;;Y;N;N;;;FX;;GNS, LLD, LHP, LLS, SB, OTB;80.00;0.00;Metal;;2003-03-28;MFL;2002-01-01;2016-12-19;
POL023000453;;POL;;;15.82;0.00;0.00;;11.98;11.44;No name;PL00453;UNI-11;Unieście;;Y;SPS2361;N;N;N;;;FX;;GNS, LLS, GTR, OTB, OTM, LHP;70.00;0.00;Metal;;1992-01-01;MFL;1992-01-01;;2025-09-03
POL023000454;;POL;;;10.51;0.00;0.00;;10.77;9.97;No name;PL00454;UST-134;Ustka;;Y;SPG3404;N;N;N;;;FX;;GNS, LLD, LLS;70.00;0.00;Metal;;2003-06-23;MFL;2003-01-01;;
POL023000467;;POL;;;4.22;0.00;0.00;;8.45;7.83;No name;PL00467;UNI-20;;;Y;SPS3293;N;N;N;;;FX;;GNS, LLS, LLD;34.60;0.00;Wood;;1987-03-30;MFL;1987-01-01;;
POL023000472;;POL;;;4.24;0.00;0.00;;8.37;7.63;<NO NAME GIVEN>;PL00472;UNI-27;;;N;;N;;;;;FX;;GNS, NO;26.00;0.00;Wood;;1986-10-25;MFL;1985-01-01;;2009-03-18
POL023000475;;POL;;;4.03;0.00;0.00;;8.15;7.55;No name;PL00475;UNI-28;Unieście;;Y;SPS3699;N;N;N;;;FX;;GNS, LLS, LHP, LLD;44.00;0.00;Other;;1985-01-01;MFL;1985-01-01;2024-11-28;
POL023000482;261023460;POL;;;9.73;0.00;0.00;;10.09;9.38;No name;PL00482;UNI-29;Unieście;;Y;SPS3027;N;N;Y;;;FX;;GNS, LLD, LHP, LLS;34.60;0.00;Metal;;1986-01-01;MFL;1985-01-01;;
POL023002136;;POL;;;8.52;0.00;0.00;;10.02;8.45;No name;PL02136;UNI-22;;;Y;SPS3026;N;N;N;;;FX;;GNS, LHP, LLD, LLS, FPO;21.30;0.00;Metal;;2009-06-30;MFL;1981-01-01;;
POL023002142;261018170;POL;;;18.70;0.00;0.00;;13.40;12.67;No name;PL02142;GDY-344;Gdynia;;Y;SPS2864;Y;Y;Y;;;FX;;GNS, OTM, LLD, LHP, LLS, OTB;33.00;0.00;Fiber/Plastic;;2009-10-22;MFL;2000-01-01;;
POL023002170;;POL;;;7.69;0.00;0.00;;7.96;7.70;No name;PL02170;UNI-30;;;Y;SPS2884;N;N;N;;;GO;;GNS, LHP, LLD, LLS, FPO;51.30;0.00;Metal;;2011-02-18;MFL;2010-01-01;;
POL023100483;;POL;;;6.49;0.00;0.00;;9.12;8.13;No name;PL00483;DBK-1;;;N;;N;N;N;;;FX;;GNS, LLS, GND;55.20;0.00;Fiber/Plastic;;2000-01-01;MFL;1999-01-01;;
POL023100484;;POL;;;0.56;0.00;0.00;;3.92;3.53;No name;PL00484;DBK-3;;;N;;N;N;N;;;FX;;GNS, FPO, LLS;0.00;0.00;Fiber/Plastic;;1977-01-01;MFL;1976-01-01;;
POL023100485;;POL;;;5.72;0.00;0.00;;9.13;7.96;<NO NAME GIVEN>;PL00485;DBK-8;;;N;;N;;;;;FX;;GNS, GND;17.40;0.00;Metal;;1990-12-28;MFL;1990-01-01;2005-11-17;
POL023100486;;POL;;;3.45;0.00;0.00;;8.05;7.37;No name;PL00486;DBK-10;Dąbki;;N;;N;N;N;;;FX;;GNS, LLS;25.70;0.00;Wood;;1989-11-16;MFL;1989-01-01;;
POL023100487;;POL;;;2.94;0.00;0.00;;7.66;7.21;<NO NAME GIVEN>;PL00487;DBK-11;;;N;;N;;;;;FX;;GNS, LLS;21.30;0.00;Wood;;1981-01-01;MFL;1980-01-01;;2008-06-20
POL023100489;;POL;;;2.93;0.00;0.00;;7.76;7.31;<NO NAME GIVEN>;PL00489;DBK-12;;;N;;N;;;;;FX;;GNS, LLS;17.60;0.00;Wood;;1979-11-21;MFL;1979-01-01;2005-09-09;
POL023100497;;POL;;;1.34;0.00;0.00;;5.36;4.83;No name;PL00497;DBK-14;Dąbki;;N;;N;N;N;;;FX;;GNS, LLS, FPO;15.00;0.00;Fiber/Plastic;;1976-09-28;MFL;1976-01-01;;2025-01-10
POL023100498;;POL;;;3.02;0.00;0.00;;7.85;7.64;No name;PL00498;DBK-16;;;N;;N;N;N;;;FX;;GNS, LLS;26.00;0.00;Fiber/Plastic;;1980-12-09;MFL;1980-01-01;;
POL023100499;;POL;;;2.39;0.00;0.00;;7.15;6.54;No name;PL00499;DBK-17;;;N;;N;N;N;;;FX;;GNS, FPO, LLS;10.30;0.00;Wood;;1977-01-01;MFL;1976-01-01;;
POL023101808;;POL;;;0.68;0.00;0.00;;4.50;3.52;No name;PL01808;DBK-5;;;N;;N;N;N;;;FX;;GNS, SB, GND, LLS, LLD;0.00;0.00;Fiber/Plastic;;1977-01-01;MFL;1976-01-01;;
POL023200087;;POL;;;94.00;106.84;0.00;;24.62;22.33;<NO NAME GIVEN>;PL00087;DAR-160;;;Y;SPK2167;N;;;;;FX;;OTB, PTM;257.60;0.00;Metal;;1974-02-20;MFL;1973-01-01;2005-05-24;
POL023200099;;POL;;;148.00;106.50;0.00;;26.29;23.93;<NO NAME GIVEN>;PL00099;DAR-167;;;Y;SPK2171;N;;;;;FX;;OTB, OTM;257.40;0.00;Metal;;1975-10-07;MFL;1975-01-01;2006-07-26;
POL023200100;;POL;;;95.00;106.61;0.00;;24.52;22.33;<NO NAME GIVEN>;PL00100;DAR-168;;;Y;SPK2115;N;;;;;FX;;OTB, OTM;258.00;0.00;Metal;;1975-10-13;MFL;1975-01-01;2005-06-02;
POL023200106;;POL;;;136.00;0.00;0.00;;25.68;23.42;<NO NAME GIVEN>;PL00106;DAR-309;;;Y;SPK2259;Y;;;;;FX;;OTB, OTM;419.20;0.00;Metal;;1980-08-11;MFL;1980-01-01;2007-07-27;
POL023200117;;POL;;;136.00;0.00;0.00;;25.71;23.42;<NO NAME GIVEN>;PL00117;DAR-311;;;Y;SPK2176;Y;;;;;FX;;OTB, OTM;419.20;0.00;Metal;;1980-12-31;MFL;1980-01-01;2010-04-28;
POL023200120;;POL;;;94.00;106.62;0.00;;24.53;22.33;<NO NAME GIVEN>;PL00120;DAR-163;;;Y;SPK2050;N;;;;;FX;;OTB, OTM;257.40;0.00;Metal;;1975-02-17;MFL;1975-01-01;2005-04-05;
POL023200123;;POL;;;94.00;106.30;0.00;;24.47;22.33;<NO NAME GIVEN>;PL00123;DAR-166;;;Y;SPK2235;N;;;;;FX;;OTB, OTM;257.40;0.00;Metal;;1975-09-10;MFL;1975-01-01;2005-03-09;
POL023200129;;POL;;;163.00;0.00;20.00;;25.78;23.42;<NO NAME GIVEN>;PL00129;HEL-147;;;Y;SPK2140;Y;;;;;FX;;OTB, OTM;420.00;0.00;Metal;;1977-12-31;MFL;1977-01-01;;2011-08-03
POL023200132;;POL;;;136.00;0.00;0.00;;25.77;23.42;<NO NAME GIVEN>;PL00132;DAR-305;;;Y;SPK2175;N;;;;;FX;;OTB, OTM;419.20;0.00;Metal;;1979-07-24;MFL;1979-01-01;2005-09-09;
POL023200139;;POL;;;136.00;0.00;0.00;;25.76;23.42;<NO NAME GIVEN>;PL00139;DAR-308;;;Y;SPK2028;N;;;;;FX;;OTM, OTB;419.20;0.00;Metal;;1979-06-30;MFL;1979-01-01;2005-08-10;
POL023200144;;POL;;;102.00;0.00;0.00;;24.52;22.33;<NO NAME GIVEN>;PL00144;DAR-161;;;Y;SPK2164;N;;;;;FX;;OTB, OTM;257.40;0.00;Metal;;1974-12-20;MFL;1974-01-01;2006-07-14;
POL023200151;261015270;POL;;;145.00;0.00;0.00;;25.87;23.42;No name;PL00151;HEL-156;Hel;;Y;SPS2748;Y;Y;Y;7606891;;FX;;OTM, LLS, PTB, PTM, OTB;419.00;61.00;Metal;;1977-01-12;MFL;1976-01-01;;
POL023200153;;POL;;;95.00;106.52;0.00;;24.50;22.33;<NO NAME GIVEN>;PL00153;DAR-169;;;Y;SPK2170;Y;;;;;FX;;GNS, OTB;257.40;0.00;Metal;;1976-12-22;MFL;1975-01-01;;2008-01-03
POL023200189;;POL;;;136.00;0.00;0.00;;25.73;23.42;<NO NAME GIVEN>;PL00189;DAR-307;;;Y;SPK2245;N;;;;;FX;;OTB, OTM;419.20;0.00;Metal;;1980-04-30;MFL;1980-01-01;2005-03-14;
POL023200193;;POL;;;94.00;106.37;0.00;;24.50;22.33;<NO NAME GIVEN>;PL00193;DAR-170;;;Y;SPK2165;N;;;;;FX;;OTB, OTM;257.40;0.00;Metal;;1976-01-02;MFL;1975-01-01;2005-04-27;
POL023200597;261026220;POL;;;5.10;0.00;0.00;;7.90;7.07;No name;PL00597;DAR-6;Darłowo;;Y;SPS2587;N;N;Y;;;FX;;GNS, LHP, FPO, FYK, LLS, LLD;43.20;0.00;Metal;;1988-12-31;MFL;1988-01-01;;
POL023200600;;POL;;;36.00;42.00;0.00;;17.05;15.21;;PL00600;DAR-1;;;Y;SPK2007;Y;N;N;;;FX;;GNS, PTB, OTM, LLD, OTB, LLS;50.00;1.95;Metal;;1959-02-05;MFL;1958-01-01;2016-12-12;
POL023200602;;POL;;;31.00;35.33;0.00;;17.38;15.14;<NO NAME GIVEN>;PL00602;DAR-2;;;Y;SPK2251;N;;;;;FX;;GND, GNS;121.40;0.00;Metal;;1956-07-19;MFL;1956-01-01;2005-08-17;
POL023200606;;POL;;;32.00;39.63;0.00;;17.78;15.14;<NO NAME GIVEN>;PL00606;DAR-3;;;Y;SPK2017;N;;;;;FX;;GNS, LLS;121.40;0.00;Metal;;1958-01-08;MFL;1957-01-01;2009-11-30;
POL023200672;;POL;;;27.87;27.01;0.00;;14.81;14.06;<NO NAME GIVEN>;PL00672;DAR-7;;;Y;SPK2110;N;;;;;FX;;GNS, LLS;176.60;0.00;Wood;;1961-12-31;MFL;1961-01-01;2009-11-30;
POL023200674;261002430;POL;;;33.00;0.00;0.00;;17.38;15.14;No name;PL00674;DAR-10;Darłowo;;Y;SPK2109;Y;Y;Y;;;FX;;OTB, PTB, LLS, GNS, OTM, LLD;121.00;1.95;Metal;;1958-04-20;MFL;1958-01-01;;
POL023200682;;POL;;;14.42;10.29;0.00;;11.50;9.33;<NO NAME GIVEN>;PL00682;DAR-8;;;Y;SPK2097;N;;;;;FX;;GNS, LLS;95.00;0.00;Wood;;1940-01-01;MFL;1939-01-01;;2012-10-02
POL023200688;;POL;;;5.93;0.00;0.00;;10.70;9.45;No name;PL00688;JAR-41;Jarosławiec;;Y;SPK2344;N;N;N;;;FX;;GNS, LLD, FYK, LLS;70.00;0.00;Metal;;1998-03-01;MFL;1989-01-01;;
POL023200691;;POL;;;11.12;0.00;0.00;;11.94;10.05;No name;PL00691;DAR-13;;;Y;SPG2707;N;N;N;;;FX;;GNS, LLS, LLD;110.40;0.00;Fiber/Plastic;;1977-06-07;MFL;1957-01-01;;
POL023200697;;POL;;;10.22;0.00;0.00;;11.40;9.22;No name;PL00697;UST-103;;;Y;SPG2699;N;N;N;;;GO;;GNS, LLS, LLD;70.00;0.00;Wood;;1975-09-01;MFL;1972-01-01;;
POL023200698;;POL;;;32.00;39.25;0.00;;17.78;15.14;;PL00698;DAR-15;;;Y;SPK2107;Y;N;N;;;FX;;GNS, LLS, OTB, LLD, PTB;50.00;1.95;Metal;;1958-09-13;MFL;1958-01-01;2016-12-05;
POL023200724;261002770;POL;;;40.00;50.49;0.00;;17.93;15.55;No name;PL00724;UST-208;Ustka;;Y;SPK2118;N;Y;Y;;;FX;;GNS, OTM, LLD, OTB, LLS;202.00;12.00;Metal;;1991-05-27;MFL;1967-01-01;;2024-06-24
POL023200725;;POL;;;35.00;39.23;0.00;;17.77;15.14;<NO NAME GIVEN>;PL00725;DAR-20;;;Y;SPK2018;N;;;;;FX;;GNS, OTB;121.40;0.00;Metal;;1958-06-21;MFL;1958-01-01;2005-01-19;
POL023200730;;POL;;;31.00;37.42;0.00;;17.38;15.14;;PL00730;DAR-16;;;Y;SPK2094;Y;N;N;;;FX;;GNS, LLS, LLD;50.00;1.95;Metal;;1990-07-26;MFL;1952-01-01;2016-12-05;
POL023200731;;POL;;;35.00;39.25;0.00;;17.70;15.14;<NO NAME GIVEN>;PL00731;DAR-17;;;Y;SPK2099;N;;;;;FX;;GNS, GND;121.40;0.00;Metal;;1958-07-31;MFL;1958-01-01;2005-06-23;
POL023200739;;POL;;;3.10;0.00;0.00;;7.50;6.95;No name;PL00739;DAR-22;Darłowo;;N;;N;N;N;;;FX;;GNS, LLS;21.30;0.00;Fiber/Plastic;;1975-07-15;MFL;1974-01-01;;
POL023200740;;POL;;;37.00;42.13;0.00;;17.82;15.21;<NO NAME GIVEN>;PL00740;DAR-21;;;Y;SPK2240;N;;;;;FX;;GNS, LLD;121.40;0.00;Metal;;1964-04-27;MFL;1964-01-01;2009-11-16;
POL023200742;;POL;;;41.00;47.87;0.00;;18.90;16.71;<NO NAME GIVEN>;PL00742;DAR-24;;;Y;SPK2292;N;;;;;FX;;OTB, GND;228.00;0.00;Metal;;1963-09-24;MFL;1963-01-01;2005-01-26;
POL023200744;;POL;;;38.00;42.08;0.00;;18.03;15.21;<NO NAME GIVEN>;PL00744;DAR-25;;;Y;SPK2295;N;;;;;FX;;GNS, LLS;121.40;0.00;Metal;;1965-08-30;MFL;1965-01-01;2009-11-18;
POL023200746;;POL;;;36.00;39.33;0.00;;17.78;15.14;<NO NAME GIVEN>;PL00746;DAR-30;;;Y;SPK2116;N;;;;;FX;;GNS, LLD;121.40;0.00;Metal;;1959-01-01;MFL;1958-01-01;2009-11-16;
POL023200750;;POL;;;15.37;12.38;0.00;;11.58;10.92;<NO NAME GIVEN>;PL00750;DAR-26;;;Y;SPK2031;N;;;;;FX;;GNS, LLS;70.00;0.00;Wood;;1954-08-09;MFL;1950-01-01;;2005-12-16
POL023200751;;POL;;;21.79;18.00;0.00;;13.96;12.44;;PL00751;DAR-29;;;Y;SPK2226;Y;N;N;;;FX;;GNS, LLS, OTB;65.00;0.00;Wood;;1952-09-16;MFL;1949-01-01;2016-12-12;
POL023200756;;POL;;;3.85;0.00;0.00;;8.62;7.47;<NO NAME GIVEN>;PL00756;DAR-28;;;N;;N;;;;;FX;;GNS, LLS;25.00;0.00;Fiber/Plastic;;1998-04-02;MFL;1972-01-01;;2018-04-11
POL023200757;;POL;;;0.50;0.00;0.00;;4.20;3.81;No name;PL00757;DAR-35;Darłowo;;N;;N;N;N;;;FX;;GNS, LLS;0.00;0.00;Fiber/Plastic;;1997-07-22;MFL;1992-01-01;;
POL023200759;;POL;;;85.00;93.22;0.00;;20.39;18.92;<NO NAME GIVEN>;PL00759;DAR-32;;;Y;SPK2144;N;;;;;FX;;OTB, OTM;335.00;0.00;Wood;;1960-05-05;MFL;1959-01-01;2005-12-27;
POL023200762;;POL;;;4.51;0.00;0.00;;8.20;7.61;<NO NAME GIVEN>;PL00762;DAR-34;;;N;;N;;;;;FX;;GNS, LLS;19.00;0.00;Wood;;1956-12-31;MFL;1956-01-01;;2007-10-18
POL023200765;261016590;POL;;;6.19;0.00;0.00;;9.34;8.25;No name;PL00765;DAR-36;Darłowo;;Y;SPS2634;N;N;Y;;;FX;;GNS, LLD, LLS;38.20;0.00;Fiber/Plastic;;1998-07-15;MFL;1963-01-01;;
POL023200767;;POL;;;77.00;78.78;0.00;;21.02;18.61;LEOKADIA;PL00767;DAR-37;;;Y;SPK2015;N;;;;;FX;;OTB, GNS;227.00;0.00;Metal;;1982-04-05;MFL;1982-01-01;2005-11-23;
POL023200770;;POL;;;35.00;36.30;0.00;;17.38;15.14;GARGAMEL;PL00770;DAR-41;;;Y;SPK2172;N;;;;;FX;;GNS, LLD;121.40;0.00;Metal;;1953-12-31;MFL;1953-01-01;2009-11-30;
POL023200771;261020570;POL;;;38.00;0.00;23.00;;17.56;15.21;No name;PL00771;UST-160;Ustka;;Y;SPG3572;Y;Y;Y;;;TSW;;OTB, LLD, PTB, GNS, PTM, OTM;100.00;0.00;Metal;;1967-04-04;MFL;1967-01-01;2024-09-24;
POL023200774;261003240;POL;;;32.00;39.00;0.00;;17.40;15.14;No name;PL00774;DAR-44;Darłowo;;Y;SPK2294;Y;Y;Y;;;TSW;;GNS, OTB, LLS, LLD, OTM;121.00;1.30;Metal;;1959-04-08;MFL;1958-01-01;2025-02-27;
POL023200775;;POL;;;40.00;42.40;0.00;;17.58;15.21;;PL00775;DAR-45;;;Y;SPK2229;Y;N;N;;;FX;;GNS, LLS, OTB, PTB, LLD, PTM;50.00;1.65;Metal;;1970-03-12;MFL;1969-01-01;2016-12-05;
POL023200783;;POL;;;59.00;46.22;0.00;;19.44;18.37;<NO NAME GIVEN>;PL00783;DAR-53;;;Y;SPK2355;N;;;;;FX;;OTB, GND;177.00;0.00;Wood;;1950-01-01;MFL;1947-01-01;;2007-06-29
POL023200785;;POL;;;31.00;37.17;0.00;;16.89;15.14;<NO NAME GIVEN>;PL00785;DAR-46;;;Y;SPK2306;N;;;;;FX;;GNS, LLS;121.40;0.00;Metal;;1957-07-27;MFL;1957-01-01;2006-03-23;
POL023200786;;POL;;;32.00;39.66;0.00;;17.78;15.14;;PL00786;DAR-47;;;Y;SPK2302;Y;N;N;;;FX;;GNS, LLD, PTB, LLS, OTB;121.00;2.25;Metal;;1957-12-27;MFL;1957-01-01;2016-12-12;
POL023200787;;POL;;;31.00;39.22;0.00;;17.77;15.14;<NO NAME GIVEN>;PL00787;DAR-49;;;Y;SPK2336;N;;;;;FX;;GNS, PTB;107.00;0.00;Metal;;1958-08-21;MFL;1958-01-01;2006-01-19;
POL023200788;;POL;;;3.21;0.00;0.00;;8.88;8.27;;PL00788;DAR-55;;;N;;N;N;N;;;FX;;GNS, LLS, LLD;20.00;0.00;Metal;;1992-06-01;MFL;1992-01-01;;2020-04-20
POL023200789;;POL;;;5.27;7.55;0.00;;8.97;8.11;No name;PL00789;DAR-56;Darłowo;;Y;SPK2356;N;N;N;;;GO;;GNS, MIS, LLS, FPO, LLD;70.00;0.00;Fiber/Plastic;;1999-05-20;MFL;1999-01-01;;2024-06-20
POL023200791;;POL;;;6.25;0.00;0.00;;11.15;9.91;<NO NAME GIVEN>;PL00791;DAR-60;;;Y;SPK2358;N;;;;;FX;;LLS, GNS;70.00;0.00;Metal;;1989-12-31;MFL;1989-01-01;2006-03-28;
POL023200792;;POL;;;21.65;0.00;0.00;;13.44;12.67;;PL00792;DAR-62;;;Y;SPK2309;Y;Y;N;;;FX;;LLS, OTB, LLD, GNS;36.00;0.00;Other;;1950-02-28;MFL;1949-01-01;;2017-10-27
POL023200795;;POL;;;4.26;0.00;0.00;;8.62;8.20;No name;PL00795;FRO-46;Frombork;;Y;SPG4982;N;N;N;;;FX;;GNS, FPN, LLS, FYK;35.20;0.00;Fiber/Plastic;;1998-03-01;MFL;1984-01-01;;
POL023200796;;POL;;;4.28;0.00;0.00;;8.82;8.30;<NO NAME GIVEN>;PL00796;DAR-65;;;N;;N;;;;;FX;;GNS, LLS;38.20;0.00;Other;;1977-10-27;MFL;1968-01-01;;2006-01-17
POL023200799;;POL;;;8.66;0.00;0.00;;10.14;8.94;<NO NAME GIVEN>;PL00799;DAR-66;;;N;;N;;;;;FX;;LLS, GNS;70.00;0.00;Wood;;1968-12-16;MFL;1957-01-01;2004-12-29;
POL023200803;;POL;;;39.00;42.08;2.00;;17.89;15.43;;PL00803;DAR-116;;;Y;SPK2124;Y;N;N;;;FX;;GNS, PTM, LLS, PTB, OTB, LLD;50.00;1.50;Metal;;1962-04-17;MFL;1961-01-01;2016-12-29;
POL023200805;;POL;;;4.68;0.00;0.00;;9.09;7.89;No name;PL00805;DAR-67;Darłowo;;N;;N;N;N;;;FX;;GNS, LLD, LLS;70.00;0.00;Fiber/Plastic;;1984-12-31;MFL;1984-01-01;2024-11-20;
POL023200806;;POL;;;5.08;0.00;0.00;;8.50;8.00;No name;PL00806;DAR-110;;;N;;N;N;N;;;FX;;GNS, SB, LLS, GND;38.20;0.00;Fiber/Plastic;;1982-12-14;MFL;1982-01-01;;
POL023200807;;POL;;;3.18;0.00;0.00;;8.06;6.63;No name;PL00807;UNI-34;Unieście;;Y;SPG4122;N;N;N;;;FX;;GNS, LLS, LLD;38.20;0.00;Fiber/Plastic;;1985-01-01;MFL;1984-01-01;;
POL023200808;;POL;;;20.87;16.40;0.00;;13.44;13.05;<NO NAME GIVEN>;PL00808;DAR-111;;;N;;N;;;;;FX;;OTB, OTM;73.00;0.00;Wood;;1951-12-31;MFL;1951-01-01;;2004-12-20
POL023200809;;POL;;;37.00;42.12;0.00;;17.28;15.21;<NO NAME GIVEN>;PL00809;DAR-117;;;Y;SPK2024;N;;;;;FX;;PTB, GNS;121.00;0.00;Metal;;1962-12-31;MFL;1962-01-01;2005-05-05;
POL023200820;;POL;;;34.00;39.22;0.00;;17.79;15.14;<NO NAME GIVEN>;PL00820;DAR-130;;;Y;SPK2223;N;;;;;FX;;GNS, GND;121.40;0.00;Metal;;1958-05-14;MFL;1958-01-01;2006-12-18;
POL023200821;;POL;;;7.37;0.00;0.00;;9.95;8.76;<NO NAME GIVEN>;PL00821;DAR-128;;;Y;SPK2117;N;;;;;FX;;GNS, LLS;70.00;0.00;Wood;;1977-06-10;MFL;1977-01-01;2009-11-27;
POL023200879;;POL;;;3.74;3.74;0.00;;8.00;7.49;<NO NAME GIVEN>;PL00879;DAR-58;;;N;;N;;;;;FX;;GNS, LLS;17.00;0.00;Other;;1996-02-14;MFL;1974-01-01;2006-05-08;
POL023201908;;POL;;;7.24;0.00;0.00;;9.75;8.78;No name;PL01908;DAR-64;Darłowo;;Y;SPS2511;N;N;N;;;GO;;GNS, FPO, LLD, LLS, LHP;38.00;0.00;Fiber/Plastic;;2004-04-19;MFL;2004-01-01;;2024-07-17
POL023201964;;POL;;;9.32;0.00;0.00;;9.96;8.95;GANDALF;PL01964;DAR-113;Darłowo;;N;;N;N;N;;;FX;;GNS, LLD, LLS;69.50;0.00;Fiber/Plastic;;2004-12-23;MFL;2004-01-01;;2024-11-27
POL023202076;;POL;;;32.13;0.00;0.00;;14.76;13.46;No name;PL02076;DAR-155;Darłowo;;Y;SPS2701;Y;Y;N;;;FX;;GNS, OTM, LLS, LLD, OTB, LHP;109.90;0.00;Fiber/Plastic;;2008-08-28;MFL;2007-01-01;;2024-08-08
POL023202193;;POL;;;0.30;0.00;0.00;;3.20;3.05;No name;PL02193;PUC-40;Puck;;Y;SPG5005;N;N;N;;;FX;;GNS, FPO, FYK, LLS;0.00;0.00;Fiber/Plastic;;2012-09-06;MFL;2012-01-01;;2025-06-09
POL023202194;;POL;;;0.30;0.00;0.00;;3.20;3.05;No name;PL02194;KUŹ-149;Kuźnica;;N;;N;N;N;;;FX;;GNS, FPO, LLD, LLS, FYK;0.00;0.00;Fiber/Plastic;;2012-09-06;MFL;2012-01-01;;
POL023202195;;POL;;;0.30;0.00;0.00;;3.20;3.05;No name;PL02195;DAR-319;Darłowo;;N;;N;N;N;;;FX;;GNS, FPO, LLS, LHP;11.00;0.00;Fiber/Plastic;;2012-09-06;MFL;2012-01-01;;
POL023202196;;POL;;;1.36;0.00;0.00;;5.11;4.66;No name;PL02196;PIA-101;Piaski Ii;;Y;SPG4921;N;N;N;;;FX;;GNS, FYK, LLS, FPN, SDN;15.00;0.00;Fiber/Plastic;;2012-10-25;MFL;2012-01-01;;
POL023202197;;POL;;;1.31;0.00;0.00;;5.65;5.24;No name;PL02197;PIA-103;Piaski I;;N;;N;N;N;;;FX;;GNS, LLS, FYK, LLD, LHP, FPN;18.20;0.00;Fiber/Plastic;;2012-10-25;MFL;2012-01-01;;
POL023202198;;POL;;;0.30;0.00;0.00;;3.20;3.05;No name;PL02198;UNI-41;;;N;;N;N;N;;;FX;;GNS, LLS, LLD;0.00;0.00;Fiber/Plastic;;2012-10-25;MFL;2012-01-01;;
POL023202201;;POL;;;0.30;0.00;0.00;;3.20;3.05;No name;PL02201;KRM-6;;;N;;N;N;N;;;FX;;GNS, LLS, FPN, FSN, FYK, FWR;0.00;0.00;Fiber/Plastic;;2012-10-31;MFL;2012-01-01;;2021-05-06
POL023202202;;POL;;;0.30;0.00;0.00;;3.20;3.05;No name;PL02201;USM-21;;;N;;N;N;N;;;FX;;GNS, LLD, LLS;0.00;0.00;Fiber/Plastic;;2012-10-31;MFL;2012-01-01;;
POL023202203;;POL;;;0.30;0.00;0.00;;3.20;3.05;No name;PL02203;DAR-325;Darłowo;;N;;N;N;N;;;FX;;GNS, FPO, LHP, FYK, LLS;0.00;0.00;Fiber/Plastic;;2012-10-31;MFL;2012-01-01;;
POL023202204;;POL;;;0.30;0.00;0.00;;3.20;3.05;No name;PL02204;DAR-326;Darłowo;;N;;N;N;N;;;FX;;GNS, LLD, LLS;0.00;0.00;Fiber/Plastic;;2012-10-31;MFL;2012-01-01;2025-01-10;
POL023202208;;POL;;;0.30;0.00;0.00;;3.20;3.05;No name;PL02208;WSG-14;;;N;;N;N;N;;;FX;;GNS, FPO, LLS;0.00;0.00;Fiber/Plastic;;2012-12-06;MFL;2012-01-01;;
POL023202209;;POL;;;0.30;0.00;0.00;;3.20;3.05;<NO NAME GIVEN>;PL02209;DAR-328;;;N;;N;;;;;FX;;GNS, LLS;0.00;0.00;Fiber/Plastic;;2012-12-06;MFL;2012-01-01;;2014-06-09
POL023202210;;POL;;;0.30;0.00;0.00;;3.20;3.05;No name;PL02210;DAR-329;;;N;;N;N;N;;;FX;;GNS, LLS;0.00;0.00;Fiber/Plastic;;2012-12-06;MFL;2012-01-01;;
POL023202211;;POL;;;0.30;0.00;0.00;;3.20;3.05;No name;PL02211;DAR-330;Darłowo;;N;;N;N;N;;;FX;;GNS, LLS;0.00;0.00;Fiber/Plastic;;2012-12-06;MFL;2012-01-01;;2024-09-23
POL023202212;;POL;;;1.07;0.00;0.00;;5.49;5.06;No name;PL02212;PIA-74;Piaski Ii;;Y;SPG3920;N;N;N;;;FX;;GNS, FPN, LLS, FYK;18.60;0.00;Fiber/Plastic;;2012-12-13;MFL;2012-01-01;;2024-06-13
POL023202213;;POL;;;0.30;0.00;0.00;;3.20;3.05;No name;PL02213;DAR-332;;;N;;N;N;N;;;FX;;GNS, LLS;0.00;0.00;Fiber/Plastic;;2012-12-13;MFL;2012-01-01;;
POL023202214;;POL;;;1.11;0.00;0.00;;5.20;4.80;No name;PL02214;PUC-41;Puck;;Y;SPG6146;N;N;N;;;FX;;GNS, FPO, LLS, FYK;15.00;0.00;Fiber/Plastic;;2012-12-13;MFL;2012-01-01;;
POL023202215;;POL;;;0.30;0.00;0.00;;3.20;3.05;<NO NAME GIVEN>;PL02215;KAT-101;;;N;;N;;;;;FX;;GNS, LLS;3.60;0.00;Fiber/Plastic;;2012-12-13;MFL;2012-01-01;;2018-01-17
POL023202216;;POL;;;0.30;0.00;0.00;;3.20;3.05;No name;PL02216;DBK-18;;;N;;N;N;N;;;FX;;GNS, LLS, SDN;0.00;0.00;Fiber/Plastic;;2012-12-19;MFL;2012-01-01;;
POL023202217;;POL;;;2.10;0.00;0.00;;6.56;6.25;No name;PL02217;PIA-99;Piaski Ii;;N;;N;N;N;;;FX;;GNS, FYK, LLS, FPN;15.00;0.00;Fiber/Plastic;;2012-12-19;MFL;2012-01-01;;
POL023202269;;POL;;;0.63;0.00;0.00;;5.05;4.73;No name;PL02269;DAR-337;Darłowo;;N;;N;N;N;;;FX;;GNS, FPO, FYK, LLS;15.00;0.00;Fiber/Plastic;;2013-01-10;MFL;2012-01-01;;
POL023202270;;POL;;;0.30;0.00;0.00;;3.20;3.05;No name;PL02270;DAR-338;Darłowo;;N;;N;N;N;;;FX;;GNS, FYK, LLD, LLS, FPO;0.00;0.00;Fiber/Plastic;;2013-01-10;MFL;2012-01-01;;
POL023202271;;POL;;;1.10;0.00;0.00;;5.04;4.38;No name;PL02271;KAR-5;Karwia;;Y;SPG4976;N;N;N;;;FX;;GNS, FYK, FPO, LLD, LLS;15.00;0.00;Fiber/Plastic;;2013-01-10;MFL;2012-01-01;;
POL023202272;;POL;;;0.30;0.00;0.00;;3.20;3.05;No name;PL02272;DAR-340;Darłowo;;Y;SPG4978;N;N;N;;;FX;;GNS, FPO, LLS, LLD, FYK;0.00;0.00;Fiber/Plastic;;2013-01-10;MFL;2012-01-01;2025-02-27;
POL023202273;;POL;;;0.30;0.00;0.00;;3.20;3.05;No name;PL02273;DAR-342;Darłowo;;Y;SPG4991;N;N;N;;;FX;;GNS, LLS;0.00;0.00;Fiber/Plastic;;2013-01-17;MFL;2012-01-01;2025-04-03;
POL023202281;;POL;;;1.33;0.00;0.00;;5.02;4.32;No name;PL02281;PUC-55;Puck;;N;;N;N;N;;;FX;;GNS, LLS;55.20;0.00;Fiber/Plastic;;2013-01-17;MFL;2012-01-01;;
POL023202282;;POL;;;0.30;0.00;0.00;;3.20;3.05;No name;PL02282;DAR-346;;;N;;N;N;N;;;FX;;GNS, LLS, LHP, FYK, FPO;0.00;0.00;Fiber/Plastic;;2013-01-24;MFL;2012-01-01;;
POL023202283;;POL;;;0.30;0.00;0.00;;3.20;3.05;;PL02283;DAR-345;;;N;;N;N;N;;;FX;;GNS, LLS;0.00;0.00;Fiber/Plastic;;2014-01-24;MFL;2012-01-01;;2018-10-03
POL023202285;;POL;;;0.30;0.00;0.00;;3.20;3.05;No name;PL02285;DBK-19;Dąbki;;N;;N;N;N;;;FX;;GNS, LLS;0.00;0.00;Fiber/Plastic;;2014-04-04;MFL;2012-01-01;;
POL023202286;;POL;;;0.30;0.00;0.00;;3.20;3.05;No name;PL02286;PUC-39;;;N;;N;N;N;;;FX;;GNS, LLS, LLD, FYK;0.00;0.00;Fiber/Plastic;;2014-02-20;MFL;2012-01-01;;
POL023202310;261038240;POL;;;6.57;0.00;0.00;;7.97;7.32;No name;PL02310;DAR-11;Darłowo;;Y;SPS3493;N;N;Y;;;FX;;GNS, FPO, LHP, FYK, LLD, LLS;73.60;0.00;Other;;2017-05-18;MFL;2013-01-01;;
POL023300511;;POL;;;2.28;0.00;0.00;;6.55;6.00;<NO NAME GIVEN>;PL00511;JAR-1;;;N;;N;;;;;FX;;GNS, LLS;38.00;0.00;Wood;;1975-12-31;MFL;1975-01-01;;2010-10-19
POL023300512;;POL;;;4.48;0.00;0.00;;8.05;6.99;No name;PL00512;DAR-78;Darłowo;;Y;SPS3474;N;N;N;;;FX;;GNS, MIS, FPO, LLD, LLS, LHP;40.50;0.00;Fiber/Plastic;;1987-01-01;MFL;1968-01-01;;
POL023300513;261004470;POL;;;7.12;0.00;0.00;;9.45;8.29;No name;PL00513;JAR-7;Jarosławiec;;Y;SPS2400;N;N;Y;;;FX;;GNS, LLS;38.20;0.00;Fiber/Plastic;;2001-10-19;MFL;2001-01-01;;
POL023300514;;POL;;;3.10;0.00;0.00;;7.95;7.64;No name;PL00514;JAR-8;Jarosławiec;;Y;SPS3779;N;N;N;;;FX;;GNS, LLD, LLS;38.20;0.00;Fiber/Plastic;;2000-01-01;MFL;1976-01-01;2025-04-03;
POL023300515;261010990;POL;;;12.31;0.00;0.00;;11.88;10.41;No name;PL00515;UST-106;Ustka;;Y;SPG2874;N;N;Y;;;FX;;GNS, LLD, LLS;70.00;0.00;Wood;;1976-12-31;MFL;1976-01-01;;
POL023300531;;POL;;;5.94;0.00;0.00;;9.14;8.67;No name;PL00531;KUŹ-153;Kuźnica;;Y;SPK2252;N;N;N;;;FX;;GNS, LLD, LLS;70.00;0.00;Fiber/Plastic;;1993-07-30;MFL;1974-01-01;;
POL023300537;;POL;;;4.17;0.00;0.00;;8.10;7.68;No name;PL00537;JAR-15;Jarosławiec;;Y;SPS2886;N;N;N;;;FX;;GNS, LLS;28.00;0.00;Fiber/Plastic;;1980-05-31;MFL;1980-01-01;;2024-07-12
POL023300541;;POL;;;0.68;0.00;0.00;;4.20;3.84;No name;PL00541;JAR-19;;;N;;N;N;N;;;FX;;GNS, GND, SB, LLS;0.00;0.00;Fiber/Plastic;;1989-08-30;MFL;1989-01-01;;
POL023300549;;POL;;;4.20;0.00;0.00;;7.80;7.14;No name;PL00549;JAR-21;Jarosławiec;;Y;SPS3411;N;N;N;;;FX;;GNS, MIS, LLD, LLS;35.00;0.00;Fiber/Plastic;;1996-01-01;MFL;1989-01-01;;
POL023300568;;POL;;;3.49;0.00;0.00;;7.75;7.30;<NO NAME GIVEN>;PL00568;JAR-29;;;N;;N;;;;;FX;;GNS, LLS;48.00;0.00;Other;;1994-01-01;MFL;1977-01-01;;2007-03-12
POL023300570;261038870;POL;;;2.78;0.00;0.00;;6.95;6.53;No name;PL00570;JAR-22;;;Y;SPS3582;N;N;Y;;;FX;;GNS, LLS, LLD;14.70;0.00;Fiber/Plastic;;1990-04-13;MFL;1986-01-01;;
POL023300572;;POL;;;2.86;0.00;0.00;;6.66;6.25;No name;PL00572;JAR-28;;;N;;N;N;N;;;FX;;GNS, LLD, LLS;33.80;0.00;Fiber/Plastic;;1994-01-01;MFL;1978-01-01;;
POL023300574;261025980;POL;;;11.64;0.00;0.00;;11.03;10.18;No name;PL00574;JAR-30;;;Y;SPK2325;N;N;Y;;;FX;;GNS, LLD, LLS;121.00;0.00;Fiber/Plastic;;1978-12-31;MFL;1978-01-01;;
POL023300577;;POL;;;5.99;0.00;0.00;;8.80;7.95;No name;PL00577;JAR-32;;;N;;N;N;N;;;FX;;GNS, LLS, GND;33.20;0.00;Fiber/Plastic;;1996-04-01;MFL;1996-01-01;;
POL023300578;;POL;;;5.28;0.00;0.00;;8.20;7.55;No name;PL00578;JAR-33;Jarosławiec;;N;;N;N;N;;;FX;;GNS, LLS;21.30;0.00;Fiber/Plastic;;1998-01-01;MFL;1980-01-01;;
POL023300580;;POL;;;1.75;0.00;0.00;;5.78;5.35;No name;PL00580;JAR-34;;;N;;N;N;N;;;FX;;GNS, SB, LLS;7.40;0.00;Fiber/Plastic;;1996-06-19;MFL;1969-01-01;;
POL023300581;;POL;;;6.08;0.00;0.00;;9.45;9.00;No name;PL00581;JAR-35;;;Y;SPS2939;N;N;N;;;GO;;GNS, LLD, LLS;60.00;0.00;Fiber/Plastic;;1996-12-31;MFL;1976-01-01;;
POL023300587;;POL;;;2.12;0.00;0.00;;6.05;5.60;No name;PL00587;JAR-39;;;Y;SPS3663;N;N;N;;;GO;;GNS, LLS;22.40;0.00;Fiber/Plastic;;1969-01-01;MFL;1968-01-01;;
POL023300592;;POL;;;2.37;0.00;0.00;;6.70;6.05;<NO NAME GIVEN>;PL00592;JAR-36;;;N;;N;;;;;FX;;GNS, LLS;34.60;0.00;Other;;1997-06-10;MFL;1997-01-01;;2008-05-29
POL023300593;;POL;;;2.88;0.00;0.00;;6.62;6.31;<NO NAME GIVEN>;PL00593;JAR-40;;;N;;N;;;;;FX;;GNS, LLS;14.90;0.00;Fiber/Plastic;;1999-01-01;MFL;1991-01-01;;2008-12-31
POL023301872;261070550;POL;;;3.76;0.00;0.00;;7.26;6.64;No name;PL01872;JAR-4;Jarosławiec;;Y;SPS3409;N;N;Y;;;FX;;GNS, LHP, LLS, LLD;20.60;0.00;Fiber/Plastic;;1998-01-01;MFL;1992-01-01;;2025-01-10
POL023301873;;POL;;;0.77;0.00;0.00;;4.27;4.10;<NO NAME GIVEN>;PL01873;JAR-18;;;N;;N;;;;;FX;;GNS, LLS;0.00;0.00;Fiber/Plastic;;1987-12-31;MFL;1987-01-01;;2005-06-09
POL023301880;;POL;;;0.72;0.00;0.00;;4.20;0.00;<NO NAME GIVEN>;PL01880;JAR-31;;;N;;N;;;;;FX;;GNS, NO;0.00;0.00;Other;;1994-07-29;MFL;1994-01-01;;2005-07-26
POL023301882;261039580;POL;;;6.71;0.00;0.00;;8.00;7.51;No name;PL01882;JAR-5;;;Y;SPS3787;N;N;Y;;;FX;;GNS, LLD, LLS;44.00;0.00;Fiber/Plastic;;2004-02-20;MFL;1968-01-01;;
POL023302030;261070560;POL;;;7.23;0.00;0.00;;9.63;9.24;No name;PL02030;JAR-23;Jarosławiec;;Y;SPS3423;N;N;Y;;;FX;;GNS, LLS, LLD;54.00;0.00;Fiber/Plastic;;2007-02-15;MFL;2005-01-01;;
POL023302161;261018370;POL;;;14.90;0.00;0.00;;11.00;9.52;No name;PL02161;JAR-24;;;Y;SPS2873;N;N;Y;;;GO;;GNS, LLS, LLD;80.00;0.00;Fiber/Plastic;;2010-10-08;MFL;2008-01-01;;
POL023302334;;POL;;;12.93;0.00;0.00;;11.32;9.93;No name;PL02334;JAR-44;Jarosławiec;;N;;N;N;N;;;FX;;GNS, LLD, FYK, FPO, LLS;70.00;0.00;Metal;;2022-08-25;MFL;1983-01-01;;
POL023302346;;POL;;;4.01;0.00;0.00;;8.23;7.26;No name;PL02346;JAR-45;Jarosławiec;;Y;SPS4447;N;N;N;;;FX;;GNS, LLS, LLD, FYK, FPO;21.30;0.00;Fiber/Plastic;;2025-06-27;MFL;1986-01-01;;
POL023400194;;POL;;;94.00;105.90;0.00;;24.56;22.33;<NO NAME GIVEN>;PL00194;UST-93;;;Y;SPG2921;Y;;;;;FX;;OTB, PTM;300.00;0.00;Metal;;1973-12-31;MFL;1973-01-01;2011-06-29;
POL023400199;;POL;;;95.00;100.94;0.00;;26.29;23.67;<NO NAME GIVEN>;PL00199;UST-34;;;Y;SPK2208;N;;;;;FX;;OTB, OTM;348.00;0.00;Metal;;1991-05-29;MFL;1960-01-01;2006-06-08;
POL023400201;;POL;;;101.00;105.05;0.00;;24.43;22.33;<NO NAME GIVEN>;PL00201;UST-91;;;Y;SPK2132;N;;;;;FX;;GNS, OTB;257.40;0.00;Metal;;1973-10-03;MFL;1973-01-01;2005-06-09;
POL023400202;261001740;POL;;;93.00;0.00;0.00;;24.49;22.33;No name;PL00202;WŁA-226;Władysławowo;;Y;SPK2161;Y;Y;Y;7435955;;FX;;OTM, PTB, PTM, OTB, LLD, GNS;257.40;11.80;Metal;;1975-09-22;MFL;1975-01-01;;
POL023400207;;POL;;;92.00;106.25;0.00;;24.60;22.33;<NO NAME GIVEN>;PL00207;UST-42;;;Y;SPK2314;N;;;;;FX;;GNS, OTB;166.00;0.00;Metal;;1965-03-09;MFL;1964-01-01;2005-04-20;
POL023400209;261004390;POL;;;166.00;0.00;0.00;;26.79;23.86;No name;PL00209;WŁA-225;Władysławowo;;Y;SPG2949;Y;Y;Y;8600375;;TTW;;OTB, OTM, GNS, LLD, PTM, PTB;419.00;91.60;Metal;;1990-11-09;MFL;1989-01-01;;
POL023400213;;POL;;;69.00;78.38;0.00;;21.98;20.04;<NO NAME GIVEN>;PL00213;UST-35;;;Y;SPK2123;Y;;;;;FX;;OTB, OTM;342.00;0.00;Metal;;1954-12-31;MFL;1954-01-01;2012-06-14;
POL023400215;261002530;POL;;;169.00;0.00;0.00;;26.77;23.86;No name;PL00215;UST-204;;;Y;SPK2068;Y;Y;Y;8600325;;TTW;;OTB, OTM;315.00;91.60;Metal;;1990-01-09;MFL;1988-01-01;;
POL023400216;;POL;;;94.00;105.35;0.00;;24.60;22.33;<NO NAME GIVEN>;PL00216;UST-90;;;Y;SPK2131;N;;;;;FX;;OTB, PTM;257.40;0.00;Metal;;1973-09-08;MFL;1973-01-01;2006-08-22;
POL023400221;;POL;;;92.00;105.75;0.00;;24.58;22.38;<NO NAME GIVEN>;PL00221;UST-41;;;Y;SPK2313;N;;;;;FX;;GNS, OTB;165.00;0.00;Metal;;1965-04-06;MFL;1965-01-01;2005-01-12;
POL023400222;;POL;;;136.00;160.62;0.00;;25.67;23.42;<NO NAME GIVEN>;PL00222;UST-202;;;Y;SPK2040;N;;;;;FX;;OTB, OTM;419.20;0.00;Metal;;1981-03-24;MFL;1981-01-01;2005-10-11;
POL023400223;;POL;;;95.00;106.01;0.00;;24.40;22.33;<NO NAME GIVEN>;PL00223;UST-88;;;Y;SPK2130;N;;;;;FX;;OTB, OTM;257.40;0.00;Metal;;1974-08-08;MFL;1974-01-01;2005-04-05;
POL023400224;;POL;;;101.00;102.08;0.00;;24.42;22.33;<NO NAME GIVEN>;PL00224;UST-95;;;Y;SPK2104;N;;;;;FX;;OTB, PTM;257.40;0.00;Metal;;1972-09-28;MFL;1972-01-01;2005-06-28;
POL023400226;261003310;POL;;;128.00;102.42;33.00;;24.46;22.46;No name;PL00226;UST-97;Ustka;;Y;SPK2010;Y;Y;Y;7215381;;FX;;OTB, LLD, OTM;258.00;37.00;Metal;;1972-04-21;MFL;1971-01-01;;
POL023400227;;POL;;;95.00;102.52;0.00;;24.41;22.33;<NO NAME GIVEN>;PL00227;UST-98;;;Y;SPK2105;N;;;;;FX;;GNS, GND;346.00;0.00;Metal;;1972-03-31;MFL;1971-01-01;2005-06-21;
POL023400228;261001620;POL;;;135.00;0.00;0.00;;25.68;23.42;No name;PL00228;HEL-157;Hel;;Y;SPK2146;Y;Y;Y;8008670;;FX;;OTM, OTB;420.00;72.00;Metal;;1981-06-25;MFL;1981-01-01;;
POL023400229;;POL;;;95.00;102.33;0.00;;24.47;22.33;<NO NAME GIVEN>;PL00229;UST-102;;;Y;SPK2038;N;;;;;FX;;GNS, OTB;257.40;0.00;Metal;;1972-12-31;MFL;1972-01-01;2005-01-26;
POL023400230;;POL;;;95.00;103.00;0.00;;24.53;22.33;<NO NAME GIVEN>;PL00230;SWI-35;;;Y;SPK2020;N;;;;;FX;;GNS, OTB;258.00;0.00;Metal;;1972-07-05;MFL;1972-01-01;2005-04-07;
POL023400232;;POL;;;142.00;0.00;40.00;;25.45;23.06;<NO NAME GIVEN>;PL00232;WLA-97;;;Y;SPG3181;N;;;;;FX;;OTM, OTB;354.00;0.00;Metal;;1998-03-06;MFL;1984-01-01;2011-04-01;
POL023400233;;POL;;;133.00;106.02;0.00;;24.58;22.33;<NO NAME GIVEN>;PL00233;UST-105;;;Y;SPG2367;N;;;;;FX;;GNS, GND;166.00;16.00;Metal;;1968-10-11;MFL;1968-01-01;2005-07-08;
POL023400966;261001760;POL;;;77.00;0.00;0.00;;22.50;18.49;No name;PL00966;UST-2;;;Y;SPK2058;Y;Y;Y;;;FX;;OTB, PTB, PTM, LLD, OTM, GNS;227.00;40.00;Metal;;1989-06-26;MFL;1989-01-01;;
POL023400967;;POL;;;14.54;0.00;0.00;;11.90;11.32;No name;PL00967;UST-3;;;Y;SPK2311;N;N;N;;;FX;;GNS, LLS;70.00;0.00;Fiber/Plastic;;1997-04-11;MFL;1997-01-01;;
POL023400969;;POL;;;77.00;0.00;0.00;;22.08;18.51;<NO NAME GIVEN>;PL00969;UST-4;;;Y;SPK2262;N;;;;;FX;;GNS, GND;227.00;0.00;Metal;;1988-01-08;MFL;1987-01-01;2005-07-26;
POL023400971;;POL;;;6.74;9.39;0.00;;9.80;9.17;No name;PL00971;ŁEB-46;;;Y;SPK2354;N;N;N;;;FX;;GNS, GND, LLS;65.00;0.00;Fiber/Plastic;;1998-11-02;MFL;1975-01-01;;
POL023400973;;POL;;;77.00;78.78;0.00;;20.99;18.61;<NO NAME GIVEN>;PL00973;UST-7;;;Y;SPK2184;N;;;;;FX;;GNS, OTB;228.00;0.00;Metal;;1979-01-04;MFL;1978-01-01;2005-05-25;
POL023400974;;POL;;;77.00;78.78;0.00;;21.00;18.61;<NO NAME GIVEN>;PL00974;UST-8;;;Y;SPK2201;N;;;;;FX;;OTB, PTB;228.00;0.00;Metal;;1981-12-31;MFL;1981-01-01;2010-03-01;
POL023400975;;POL;;;77.00;78.78;0.00;;21.01;18.61;<NO NAME GIVEN>;PL00975;UST-9;;;Y;SPK2202;N;;;;;FX;;OTB, NO;228.00;0.00;Metal;;1981-12-31;MFL;1981-01-01;2005-06-09;
POL023400976;;POL;;;77.00;0.00;0.00;;20.86;18.61;<NO NAME GIVEN>;PL00976;UST-10;;;Y;SPK2041;N;;;;;FX;;GNS, OTM;228.00;0.00;Metal;;1982-01-25;MFL;1982-01-01;2005-01-06;
POL023400977;;POL;;;37.00;36.25;0.00;;17.38;15.14;;PL00977;UST-14;;;Y;SPK2025;Y;N;N;;;FX;;GNS, PTB, LLS, OTM, PTM, LLD;55.00;1.65;Metal;;1954-07-08;MFL;1954-01-01;2016-12-06;
POL023400981;;POL;;;19.84;16.40;0.00;;14.41;13.28;No name;PL00981;UST-15;Ustka;;Y;SPK2249;Y;Y;N;;;FX;;LLS, OTM, LLD, GNS, OTB;67.00;0.00;Fiber/Plastic;;1954-12-04;MFL;1950-01-01;;2024-09-30
POL023400982;;POL;;;36.00;42.08;0.00;;17.76;15.21;;PL00982;UST-16;;;Y;SPK2129;Y;N;N;;;FX;;LLS, OTM, OTB, PTB, GNS, LLD;65.00;1.50;Metal;;1963-02-14;MFL;1962-01-01;2016-12-12;
POL023400988;;POL;;;16.41;19.06;0.00;;11.85;10.33;No name;PL00988;UST-17;Ustka;;Y;SPK2150;N;N;N;;;GO;;GNS, LLD, LLS;72.00;0.00;Fiber/Plastic;;1965-02-15;MFL;1947-01-01;;
POL023400990;;POL;;;4.89;0.00;0.00;;8.03;7.73;<NO NAME GIVEN>;PL00990;UST-18;;;N;;N;;;;;FX;;GNS, GND;38.20;0.00;Other;;1990-11-20;MFL;1990-01-01;2005-09-15;
POL023400991;;POL;;;31.00;35.40;0.00;;17.38;15.14;<NO NAME GIVEN>;PL00991;UST-19;;;Y;SPK2091;N;;;;;FX;;GNS, LLS;88.00;0.00;Metal;;1955-10-25;MFL;1955-01-01;2005-05-25;
POL023400993;261002560;POL;;;37.00;39.22;0.00;;18.20;15.14;No name;PL00993;UST-20;Ustka;;Y;SPK2002;Y;Y;Y;;;TSW;;OTB, GNS, LLD, OTM, PTM, PTB;235.00;2.00;Metal;;1959-01-08;MFL;1958-01-01;2024-06-24;
POL023401005;;POL;;;14.72;0.00;0.00;;11.79;10.66;No name;PL01005;UST-24;;;Y;SPK2286;N;N;N;;;FX;;LLS, GNS, LLD, FPO;70.00;0.00;Fiber/Plastic;;1990-01-01;MFL;1948-01-01;;
POL023401006;;POL;;;31.00;36.25;0.00;;17.38;15.14;<NO NAME GIVEN>;PL01006;UST-21;;;Y;SPK2079;N;;;;;FX;;OTB, NO;88.30;0.00;Metal;;1956-01-01;MFL;1955-01-01;2005-05-24;
POL023401007;;POL;;;37.00;42.80;0.00;;17.07;15.21;;PL01007;UST-26;;;Y;SPK2189;Y;N;N;;;FX;;GNS, LLD, LLS, OTB, OTM;65.00;1.95;Metal;;1960-12-27;MFL;1960-01-01;2016-12-22;
POL023401008;;POL;;;33.00;36.29;0.00;;17.38;15.14;<NO NAME GIVEN>;PL01008;UST-25;;;Y;SPK2003;N;;;;;FX;;GNS, LLS;121.40;0.00;Metal;;1952-03-19;MFL;1950-01-01;2005-08-10;
POL023401012;;POL;;;5.39;0.00;0.00;;6.16;5.86;<NO NAME GIVEN>;PL01012;UST-29;;;N;;N;;;;;FX;;GNS, GND;40.00;0.00;Other;;1992-07-14;MFL;1992-01-01;;2005-09-19
POL023401015;;POL;;;21.83;17.00;0.00;;14.03;12.80;No name;PL01015;UST-30;Ustka;;Y;SPK2207;Y;Y;N;;;FX;;LLS, LLD, OTB, GNS;121.00;0.00;Fiber/Plastic;;1951-08-10;MFL;1951-01-01;2024-07-17;
POL023401016;;POL;;;20.85;25.28;0.00;;13.63;12.67;<NO NAME GIVEN>;PL01016;UST-27;;;Y;SPG2912;N;;;;;FX;;GNS, LLS;242.80;0.00;Metal;;1990-12-01;MFL;1990-01-01;2005-07-26;
POL023401017;;POL;;;40.00;0.00;0.00;;17.90;15.21;No name;PL01017;UST-31;Ustka;;Y;SPK2215;Y;N;N;;;FX;;OTM, LLD, GNS, LLS, PTM, OTB;121.00;1.50;Metal;;1961-04-11;MFL;1961-01-01;;
POL023401018;;POL;;;33.00;36.37;0.00;;17.99;15.14;;PL01018;UST-37;;;Y;SPK2304;Y;N;N;;;FX;;GNS, PTB, OTB, LLD, LLS, OTM;55.00;10.00;Metal;;1957-04-25;MFL;1957-01-01;2017-08-17;
POL023401019;;POL;;;17.98;0.00;0.00;;14.76;13.42;No name;PL01019;UST-38;;;Y;SPG2972;Y;Y;N;;;FX;;GNS, LLS, PTB, LLD, OTB, OTM;122.00;0.00;Fiber/Plastic;;2001-08-10;MFL;1999-01-01;;
POL023401028;;POL;;;9.06;0.00;0.00;;11.10;10.10;No name;PL01028;UST-39;Ustka;;Y;SPG2927;N;N;N;;;FX;;GNS, LLD, LLS;70.00;0.00;Fiber/Plastic;;1975-08-07;MFL;1975-01-01;2024-09-05;
POL023401029;;POL;;;5.39;0.00;0.00;;9.12;8.37;<NO NAME GIVEN>;PL01029;UST-43;;;N;;N;;;;;FX;;GNS, LLS;65.00;0.00;Other;;1999-07-14;MFL;1999-01-01;;2013-06-18
POL023401030;261003530;POL;;;35.00;0.00;0.00;;17.63;15.14;No name;PL01030;UST-45;Ustka;;Y;SPK2315;Y;Y;Y;;;TTW;;GNS, OTB, PTM, LLD, PTB, OTM;121.00;1.50;Metal;;1952-10-18;MFL;1952-01-01;2024-07-29;
POL023401036;261002850;POL;;;106.00;0.00;28.00;;22.89;18.49;No name;PL01036;UST-44;;;Y;SPK2023;Y;Y;Y;2876300;;TTW;;GNS, OTM, LLD, OTB;294.00;40.00;Metal;;1989-01-06;MFL;1988-01-01;;
POL023401040;;POL;;;12.74;17.35;0.00;;11.95;11.66;No name;PL01040;UST-47;Ustka;;Y;SPG2923;N;N;N;;;FX;;GNS, LLS, LLD;70.00;0.00;Fiber/Plastic;;1998-05-06;MFL;1998-01-01;2024-10-11;
POL023401041;;POL;;;23.44;28.65;0.00;;14.12;12.48;;PL01041;UST-48;;;Y;SPK2341;Y;Y;N;;;FX;;GNS, OTB, LLS, LLD, SB;70.00;0.00;Metal;;1998-03-31;MFL;1997-01-01;2018-03-06;
POL023401042;;POL;;;16.83;0.00;0.00;;11.99;10.33;<NO NAME GIVEN>;PL01042;UST-49;;;Y;SPK2340;N;;;;;FX;;LLS, GNS;56.00;0.00;Metal;;1995-08-01;MFL;1995-01-01;;2008-05-30
POL023401043;261002550;POL;;;15.61;23.08;0.00;;11.97;11.45;No name;PL01043;DAR-349;Darłowo;;Y;SPK2345;N;N;Y;;;FX;;GNS, LLD, LLS;132.00;1.68;Fiber/Plastic;;1998-01-01;MFL;1997-01-01;;2024-11-13
POL023401044;;POL;;;40.00;49.53;0.00;;17.57;16.27;No name;PL01044;UST-52;Ustka;;Y;SPK2330;Y;Y;N;;;FX;;GNS, OTM, LLD, PTB, PTM, OTB;132.00;0.00;Metal;;1962-12-31;MFL;1962-01-01;2024-11-15;
POL023401045;;POL;;;33.70;39.28;0.00;;13.93;12.58;;PL01045;UST-53;;;Y;SPG2649;Y;N;N;;;FX;;GNS, LLD, LLS, OTM, OTB;55.00;0.00;Metal;;1999-09-24;MFL;1998-01-01;2016-12-29;
POL023401046;261003810;POL;;;17.84;20.00;0.00;;11.98;11.46;No name;PL01046;UST-54;Ustka;;Y;SPG2967;N;N;Y;;;FX;;GNS, FYK, LLD, LLS, FPO;121.00;0.00;Metal;;2001-08-25;MFL;1988-01-01;;
POL023401047;;POL;;;8.64;0.00;0.00;;11.90;10.96;No name;PL01047;UST-55;Ustka;;Y;SPK2296;N;N;N;;;FX;;LLS, LLD, GNS, FPO;44.00;0.00;Metal;;1995-10-01;MFL;1978-01-01;2024-10-10;
POL023401048;;POL;;;9.22;0.00;0.00;;11.03;10.32;;PL01048;UST-57;;;Y;SPG2944;N;N;N;;;FX;;GNS, LLS, LLD, FPO;70.00;0.00;Wood;;1998-03-01;MFL;1950-01-01;;2016-12-19
POL023401049;;POL;;;14.80;14.09;0.00;;11.75;10.41;;PL01049;UST-58;;;Y;SPG2648;N;N;N;;;FX;;GNS, LLD, LLS;28.00;0.00;Fiber/Plastic;;1955-12-31;MFL;1955-01-01;;2017-12-04
POL023401050;;POL;;;9.35;0.00;0.00;;11.94;10.93;No name;PL01050;UST-59;;;Y;SPG2362;N;N;N;;;FX;;GNS, LLS;55.20;0.00;Metal;;1983-12-31;MFL;1983-01-01;;
POL023401051;;POL;;;7.09;0.00;0.00;;11.97;10.68;No name;PL01051;UST-209;Ustka;;Y;SPG2900;N;N;N;;;FX;;GNS, LLS, LLD;43.00;1.50;Fiber/Plastic;;1999-06-22;MFL;1998-01-01;;
POL023401052;;POL;;;4.52;0.00;0.00;;10.04;9.09;No name;PL01052;ŁEB-103;;;Y;SPG2810;N;N;N;;;FX;;GNS, FPO, LLD, LLS, LHP;70.00;0.00;Fiber/Plastic;;1997-07-14;MFL;1981-01-01;;
POL023401053;;POL;;;41.00;0.00;0.00;;17.50;15.87;<NO NAME GIVEN>;PL01053;UST-62;;;Y;SPG2907;Y;;;;;FX;;GNS, GND;121.00;0.00;Metal;;1971-11-12;MFL;1971-01-01;2006-10-30;
POL023401054;;POL;;;20.78;0.00;0.00;;11.98;10.74;No name;PL01054;UST-63;Ustka;;Y;SPG2940;N;N;N;;;FX;;GNS, LLS, LLD;83.00;0.00;Fiber/Plastic;;2000-12-04;MFL;1999-01-01;2024-07-30;
POL023401055;;POL;;;34.00;36.16;0.00;;17.38;15.14;;PL01055;UST-64;;;Y;SPG2328;Y;N;N;;;FX;;GNS, OTM, LLD, LLS, OTB, PTM;55.00;18.88;Metal;;1952-09-17;MFL;1952-01-01;2016-12-29;
POL023401056;261029140;POL;;;12.96;0.00;0.00;;11.12;10.04;No name;PL01056;UST-65;Ustka;;Y;SPG3328;N;N;Y;;;TTW;;LLS, GNS, LLD;44.00;0.00;Fiber/Plastic;;1999-08-31;MFL;1985-01-01;2024-09-25;
POL023401057;261015540;POL;;;8.34;0.00;0.00;;9.88;8.69;No name;PL01057;ŁEB-87;Łeba;;Y;SPG3226;N;N;Y;;;FX;;GNS, FYK, FPO, LLS, LLD;70.00;0.00;Fiber/Plastic;;2000-01-01;MFL;1982-01-01;2025-02-27;
POL023401058;;POL;;;14.80;0.00;0.00;;11.75;10.41;;PL01058;UST-68;;;Y;SPG2908;N;N;N;;;FX;;GNS, LLS, LLD;83.00;0.00;Fiber/Plastic;;1923-03-04;MFL;1923-01-01;2017-12-27;
POL023401059;;POL;;;24.42;0.00;0.00;;14.98;14.23;<NO NAME GIVEN>;PL01059;UST-70;;;N;;N;;;;;FX;;GNS, LLS;76.00;0.00;Wood;;1999-09-16;MFL;1960-01-01;;2009-10-05
POL023401060;;POL;;;13.18;0.00;0.00;;11.35;9.24;;PL01060;UST-73;;;Y;SPG2925;N;N;N;;;FX;;LLS, LLD, FPO, GNS;70.00;0.00;Other;;2000-04-05;MFL;1957-01-01;;2016-12-12
POL023401061;;POL;;;21.46;0.00;0.00;;14.26;13.15;<NO NAME GIVEN>;PL01061;UST-83;;;Y;SPG2686;Y;;;;;FX;;GNS, LLD;136.00;0.00;Wood;;1968-09-17;MFL;1968-01-01;2014-05-28;
POL023401062;;POL;;;33.00;36.06;0.00;;17.38;15.14;<NO NAME GIVEN>;PL01062;UST-69;;;Y;SPG2351;N;;;;;FX;;GNS, LLS;121.40;0.00;Metal;;1948-12-31;MFL;1948-01-01;2007-07-27;
POL023401063;;POL;;;44.00;0.00;0.00;;17.23;15.21;<NO NAME GIVEN>;PL01063;UST-71;;;Y;SQOZ;N;;;;;FX;;GNS, LLS;121.40;0.00;Metal;;1961-11-09;MFL;1961-01-01;2005-02-02;
POL023401064;;POL;;;43.00;42.81;0.00;;17.07;15.21;<NO NAME GIVEN>;PL01064;UST-72;;;Y;SPG2939;N;;;;;FX;;LLD, LLS;121.40;0.00;Metal;;1960-07-14;MFL;1960-01-01;2009-12-18;
POL023401065;;POL;;;77.00;78.78;0.00;;21.00;18.61;<NO NAME GIVEN>;PL01065;UST-74;;;Y;SPK2014;N;;;;;FX;;GNS, GND;228.00;0.00;Metal;;1982-06-28;MFL;1982-01-01;2005-03-08;
POL023401066;;POL;;;77.00;78.78;0.00;;21.00;18.61;<NO NAME GIVEN>;PL01066;UST-75;;;Y;SPK2001;N;;;;;FX;;GNS, OTB;227.00;0.00;Metal;;1983-02-08;MFL;1983-01-01;2005-09-09;
POL023401067;;POL;;;32.00;39.29;0.00;;17.78;15.14;<NO NAME GIVEN>;PL01067;UST-76;;;Y;SPK2227;N;;;;;FX;;GNS, PTB;121.40;0.00;Metal;;1959-04-24;MFL;1958-01-01;2009-12-01;
POL023401068;;POL;;;4.61;0.00;0.00;;9.00;8.03;No name;PL01068;UST-77;Ustka;;Y;SPG3621;N;N;N;;;FX;;GNS, LLS, LLD;46.50;0.00;Fiber/Plastic;;1979-07-28;MFL;1979-01-01;;
POL023401069;;POL;;;34.83;26.32;0.00;;14.73;13.64;<NO NAME GIVEN>;PL01069;UST-80;;;Y;SPG2911;N;;;;;FX;;OTB, GNS;140.00;0.00;Wood;;1990-11-23;MFL;1951-01-01;2005-02-16;
POL023401070;261009740;POL;;;14.39;0.00;0.00;;12.54;11.67;No name;PL01070;WŁA-104;Władysławowo;;Y;SPG2687;Y;Y;Y;;;FX;;GNS, FYK, LLS, FPO;110.00;0.00;Wood;;2003-06-03;MFL;1957-01-01;;
POL023401072;;POL;;;14.93;0.00;0.00;;13.91;12.10;<NO NAME GIVEN>;PL01072;KOL-90;;;Y;SPG2716;N;;;;;FX;;LLS, GNS;75.00;0.00;Wood;;1962-12-31;MFL;1962-01-01;;2007-11-06
POL023401074;261012090;POL;;;62.00;0.00;32.00;;18.85;16.04;No name;PL01074;UST-92;Ustka;;Y;SPG3042;Y;Y;Y;;;TTW;;OTB, LLD, PTM, PTB, OTM, GNS;133.00;1.95;Metal;;1962-08-27;MFL;1962-01-01;;
POL023401075;;POL;;;14.68;0.00;0.00;;11.80;10.11;No name;PL01075;UST-84;;;Y;SPG2740;Y;N;N;;;FX;;GNS, LLD, LLS;90.00;0.00;Fiber/Plastic;;1966-12-31;MFL;1966-01-01;;
POL023401076;261004040;POL;;;31.00;0.00;0.00;;18.53;15.14;No name;PL01076;UST-94;Ustka;;Y;SPG2473;Y;Y;Y;;;TT;;OTB, OTM, PTM, GNS, LLD, PTB;121.00;0.56;Metal;;1952-12-29;MFL;1952-01-01;;
POL023401077;261008050;POL;;;7.99;0.00;0.00;;11.96;10.93;No name;PL01077;UST-99;Ustka;;Y;SPG2701;N;N;Y;;;FX;;GNS, LLD, LLS, FYK, FPO;54.00;0.00;Metal;;1973-01-01;MFL;1969-01-01;;
POL023401078;261004130;POL;;;38.78;0.00;0.00;;14.76;13.63;No name;PL01078;WŁA-103;Władysławowo;;Y;SPG2971;Y;Y;Y;;;FX;;OTB, OTM, PTB, GNS, PTM, LLS;45.00;2.10;Fiber/Plastic;;2001-12-07;MFL;2001-01-01;2024-10-14;
POL023401079;;POL;;;29.00;36.30;0.00;;17.38;15.14;<NO NAME GIVEN>;PL01079;UST-110;;;Y;SPK2143;N;;;;;FX;;LLS, GNS;88.30;0.00;Metal;;1951-09-01;MFL;1951-01-01;2005-08-30;
POL023401080;261002520;POL;;;35.00;39.22;0.00;;18.51;15.53;No name;PL01080;DZI-100;Dziwnów;;Y;SPK2067;Y;Y;Y;;;TS;;OTB, GNS, LLS, PTM, OTM;121.00;1.50;Metal;;1959-02-26;MFL;1958-01-01;;2025-06-26
POL023401081;;POL;;;31.00;36.35;0.00;;17.38;15.14;<NO NAME GIVEN>;PL01081;UST-112;;;Y;SPK2012;N;;;;;FX;;GNS, LLS;88.30;0.00;Metal;;1951-10-03;MFL;1950-01-01;2005-10-25;
POL023401082;261003680;POL;;;67.00;56.40;16.00;;20.56;16.69;No name;PL01082;UST-113;;;Y;SPK2204;Y;Y;Y;;;FX;;GNS, OTM, LLS, OTB, LLD;227.00;32.00;Metal;;1967-10-19;MFL;1967-01-01;;
POL023401083;;POL;;;31.00;39.80;0.00;;17.36;15.20;<NO NAME GIVEN>;PL01083;UST-114;;;Y;SPK2064;N;;;;;FX;;GNS, LLS;88.00;0.00;Metal;;1948-09-09;MFL;1948-01-01;2005-06-02;
POL023401084;;POL;;;39.00;42.08;0.00;;17.31;15.21;<NO NAME GIVEN>;PL01084;UST-117;;;Y;SPK2030;N;;;;;FX;;GNS, LLD;121.00;0.00;Metal;;1965-01-01;MFL;1964-01-01;2010-02-11;
POL023401085;;POL;;;13.08;13.72;0.00;;11.67;10.05;No name;PL01085;UST-118;Ustka;;Y;SPK2056;N;N;N;;;FX;;LLS, LLD, GNS, FYK;63.00;0.00;Fiber/Plastic;;1997-05-15;MFL;1971-01-01;;
POL023401086;;POL;;;77.00;78.78;0.00;;21.00;18.61;<NO NAME GIVEN>;PL01086;UST-120;;;Y;SPK2303;N;;;;;FX;;GNS, GND;228.00;0.00;Metal;;1980-01-05;MFL;1979-01-01;2005-10-13;
POL023401087;;POL;;;40.00;0.00;0.00;;17.34;15.21;;PL01087;UST-121;;;Y;SPK2250;Y;N;N;;;FX;;GNS, OTB, LLS, OTM, LLD;55.00;2.80;Metal;;1965-06-15;MFL;1965-01-01;2016-12-28;
POL023401088;261001030;POL;;;37.00;42.17;0.00;;17.57;15.21;No name;PL01088;UST-125;Ustka;;Y;SPK2244;Y;Y;Y;;;TTW;;GNS, OTB, PTB, OTM, LLD, PTM;121.00;1.95;Metal;;1968-10-31;MFL;1968-01-01;2024-11-28;
POL023401089;;POL;;;16.56;14.00;0.00;;11.61;10.12;<NO NAME GIVEN>;PL01089;UST-124;;;Y;SPK2209;N;;;;;FX;;LLS, GNS;73.50;0.00;Wood;;1968-01-19;MFL;1939-01-01;2011-08-01;
POL023401090;;POL;;;15.15;18.34;0.00;;11.80;10.66;No name;PL01090;UST-127;Ustka;;Y;SPK2034;N;N;N;;;FX;;LLS, GNS, LLD;121.00;0.00;Fiber/Plastic;;1968-09-03;MFL;1925-01-01;2024-09-30;
POL023401091;;POL;;;13.90;18.07;0.00;;11.59;10.59;No name;PL01091;UST-130;;;Y;SPK2203;N;N;N;;;FX;;GNS, LLS, LLD;73.00;0.00;Fiber/Plastic;;1967-08-04;MFL;1928-01-01;;
POL023401092;;POL;;;14.37;0.00;0.00;;12.00;10.13;<NO NAME GIVEN>;PL01092;UST-132;;;N;;N;;;;;FX;;GNS, LLS;89.00;0.00;Other;;1996-06-06;MFL;1948-01-01;2009-12-23;
POL023401094;;POL;;;16.78;13.07;0.00;;11.92;11.28;;PL01094;UST-133;;;Y;SPK2005;N;N;N;;;FX;;GNS, LLS;70.00;0.00;Wood;;1996-01-01;MFL;1963-01-01;2016-12-13;
POL023401095;;POL;;;32.00;0.00;0.00;;17.38;15.14;<NO NAME GIVEN>;PL01095;UST-135;;;Y;SPK2228;N;;;;;FX;;OTB, NO;88.30;0.00;Metal;;1953-11-23;MFL;1953-01-01;2005-02-08;
POL023401097;;POL;;;11.78;18.90;0.00;;12.00;11.55;<NO NAME GIVEN>;PL01097;UST-139;;;Y;SPK2148;N;;;;;FX;;GNS, LLS;70.00;0.00;Other;;1991-06-20;MFL;1991-01-01;;2008-04-24
POL023401098;;POL;;;3.56;0.00;0.00;;9.14;8.62;No name;PL01098;UST-140;Ustka;;Y;SPK2320;N;N;N;;;FX;;GNS, LLD, FPO, LLS;70.00;0.00;Fiber/Plastic;;1995-12-31;MFL;1991-01-01;;2024-07-25
POL023401099;;POL;;;7.43;10.38;0.00;;10.50;9.41;<NO NAME GIVEN>;PL01099;UST-141;;;Y;SPK2196;N;;;;;FX;;GNS, LLS;44.00;0.00;Other;;1991-03-27;MFL;1991-01-01;2005-06-17;
POL023401100;261010040;POL;;;11.42;0.00;0.00;;11.89;10.41;No name;PL01100;UST-142;Ustka;;Y;SPG2809;N;N;Y;;;FX;;GNS, LLD, LLS, FPO, FYK;65.00;0.00;Fiber/Plastic;;1995-01-01;MFL;1990-01-01;;
POL023401762;261006890;POL;;;40.00;0.00;0.00;;18.59;15.21;No name;PL01762;UST-122;;;Y;SPK2218;Y;Y;Y;;;TS;;OTB, OTM, LLD, PTB, GNS, PTM;121.00;2.80;Metal;;1968-01-19;MFL;1967-01-01;;
POL023401906;261006530;POL;;;15.49;0.00;0.00;;11.83;10.59;No name;PL01906;UST-101;;;Y;SPG2732;N;N;Y;;;FX;;LLS, FPO, GNS, LLD;85.00;0.00;Fiber/Plastic;;2004-04-16;MFL;1940-01-01;;
POL023401911;;POL;;;6.82;0.00;0.00;;9.98;9.49;No name;PL01911;UST-104;Ustka;;Y;SPG2798;N;N;N;;;FX;;GNS, LLS, LLD;33.00;0.00;Fiber/Plastic;;2004-04-20;MFL;1984-01-01;2025-02-07;
POL023401991;;POL;;;14.08;0.00;0.00;;11.95;11.04;<NO NAME GIVEN>;PL01991;KOL-76;;;N;;N;;;;;FX;;LLS, GNS;50.00;0.00;Wood;;2004-10-13;MFL;1946-01-01;;2012-01-03
POL023401992;;POL;;;7.24;0.00;0.00;;9.90;8.78;No name;PL01992;UST-87;Ustka;;Y;SPG2748;N;N;N;;;FX;;GNS, LLD, LLS;70.00;0.00;Fiber/Plastic;;2004-12-31;MFL;2004-01-01;2024-07-12;
POL023402003;;POL;;;7.45;0.00;0.00;;11.01;10.42;No name;PL02003;DAR-154;Darłowo;;Y;SPG2766;N;N;N;;;GO;;LLS, FPO, GNS, LLD;70.00;0.00;Fiber/Plastic;;2005-09-27;MFL;2004-01-01;;
POL023402028;261011430;POL;;;32.51;0.00;0.00;;14.90;13.87;No name;PL02028;WŁA-39;Władysławowo;;Y;SPG2889;N;Y;Y;;;TT;;OTB, OTM, LLD, PTM, PTB;186.50;0.00;Metal;;2007-02-22;MFL;2004-01-01;;
POL023402031;;POL;;;15.03;0.00;0.00;;11.78;10.25;ADRIA;PL02031;UST-119;;;Y;SPG2893;Y;;;;;FX;;LLS, GNS;101.50;0.00;Fiber/Plastic;;2007-04-20;MFL;1956-01-01;;
POL023402089;;POL;;;8.97;0.00;0.00;;11.99;11.18;;PL02089;WŁA-105;;;N;;N;N;N;;;FX;;GNS, LLS, LLD;80.00;0.00;Wood;;2009-03-23;MFL;1952-01-01;;2019-07-30
POL023402141;;POL;;;13.89;0.00;0.00;;13.61;12.22;No name;PL02141;UST-147;;;Y;SPG3283;Y;Y;N;;;FX;;GNS, LLD, OTM, PTB, OTB, LLS;29.80;0.00;Wood;;2009-10-22;MFL;1985-01-01;;
POL023402172;;POL;;;3.96;0.00;0.00;;8.43;8.02;;PL02172;UST-149;;;N;;N;N;N;;;FX;;GNS, LLD, LLS;10.00;0.00;Fiber/Plastic;;2010-10-13;MFL;2010-01-01;;2020-06-04
POL023402173;261041950;POL;;;3.31;0.00;0.00;;7.98;6.72;No name;PL02173;KRM-43;Krynica Morska Ii;;Y;SPG3971;N;N;Y;;;FX;;GNS, LLD, FPN, FYK, LLS;38.68;0.00;Fiber/Plastic;;2010-10-14;MFL;1990-01-01;;
POL023402207;;POL;;;22.78;0.00;0.00;;14.99;13.54;;PL02207;UST-157;;;Y;SPG3808;Y;N;N;;;FX;;OTB, LLD, GNS, LLS;70.00;0.00;Wood;;2012-12-04;MFL;1985-01-01;2016-12-29;
POL023500825;;POL;;;6.26;0.00;0.00;;9.92;9.21;No name;PL00825;ROW-2;;;Y;SPG4862;N;N;N;;;FX;;GNS, LLS;38.00;0.00;Fiber/Plastic;;1977-01-01;MFL;1976-01-01;;
POL023500828;;POL;;;6.47;0.00;0.00;;8.48;7.65;No name;PL00828;ROW-8;Rowy;;Y;SR6740;N;N;N;;;FX;;GNS, LLS;31.50;0.00;Fiber/Plastic;;1967-11-02;MFL;1967-01-01;;2025-03-27
POL023500829;261018660;POL;;;4.87;0.00;0.00;;7.97;7.54;No name;PL00829;ROW-5;Rowy;;Y;SPG3409;N;N;Y;;;GO;;GNS, LHM, LLS, LLD;37.00;0.00;Fiber/Plastic;;1970-04-02;MFL;1970-01-01;;
POL023500831;;POL;;;6.66;0.00;0.00;;9.78;8.72;<NO NAME GIVEN>;PL00831;ROW-9;;;N;;N;;;;;FX;;GNS, GND;38.40;0.00;Wood;;1976-08-16;MFL;1976-01-01;2005-09-09;
POL023500834;;POL;;;6.29;0.00;0.00;;8.70;8.11;<NO NAME GIVEN>;PL00834;ROW-10;;;N;;N;;;;;FX;;GNS, GND;31.50;0.00;Other;;1970-03-27;MFL;1968-01-01;;2007-06-21
POL023500837;261000166;POL;;;4.64;0.00;0.00;;7.94;7.56;No name;PL00837;ROW-12;Rowy;;Y;SPG6030;N;N;Y;;;FX;;GNS, FPO, LLS;38.20;0.00;Fiber/Plastic;;1977-03-08;MFL;1975-01-01;;2025-02-07
POL023500842;;POL;;;4.38;0.00;0.00;;7.85;7.71;No name;PL00842;ROW-15;Rowy;;Y;SPG4719;N;N;N;;;FX;;GNS, LLD, LLS;38.20;0.00;Fiber/Plastic;;1977-08-20;MFL;1976-01-01;2025-04-10;
POL023500844;;POL;;;4.26;0.00;0.00;;8.65;8.11;No name;PL00844;ROW-16;;;Y;SR6730;N;N;N;;;FX;;GNS, LLS;38.20;0.00;Fiber/Plastic;;1979-01-01;MFL;1977-01-01;;
POL023500845;;POL;;;2.82;0.00;0.00;;7.74;7.16;No name;PL00845;WŁA-74;Władysławowo;;Y;SPG3587;N;N;N;;;GO;;LLS, FPO, FYK, LLD, GNS, LHP;65.00;0.00;Fiber/Plastic;;1972-12-29;MFL;1972-01-01;;2024-05-20
POL023600231;261000830;POL;;;86.00;79.82;0.00;;25.44;22.99;No name;PL00231;ŁEB-7;;;Y;SPK2214;Y;Y;Y;8799877;;FX;;OTB, OTM;390.00;60.00;Metal;;1963-10-25;MFL;1963-01-01;;
POL023600849;;POL;;;37.00;42.17;0.00;;17.59;15.21;<NO NAME GIVEN>;PL00849;LEB-2;;;Y;SPK2198;N;;;;;FX;;OTB, PTB;121.40;0.00;Metal;;1970-01-01;MFL;1969-01-01;2009-10-02;
POL023600850;;POL;;;37.00;42.13;0.00;;17.59;15.21;<NO NAME GIVEN>;PL00850;LEB-6;;;Y;SPK2200;N;;;;;FX;;OTB, PTB;121.40;0.00;Metal;;1967-12-08;MFL;1967-01-01;2005-07-08;
POL023600853;261001400;POL;;;41.00;0.00;0.00;;18.98;16.71;No name;PL00853;KOŁ-196;Kołobrzeg;;Y;SPK2272;Y;Y;Y;;;FX;;OTB, GNS, OTM, PTM, PTB, LLS;227.00;4.95;Metal;;1967-11-13;MFL;1967-01-01;;
POL023600854;261021150;POL;;;15.59;23.40;0.00;;13.16;12.34;No name;PL00854;ŁEB-12;Łeba;;Y;SPG2815;Y;Y;Y;;;FX;;GNS, LLS, OTB;72.00;0.00;Metal;;1990-08-06;MFL;1990-01-01;2024-10-08;
POL023600855;;POL;;;37.00;42.08;0.00;;17.33;15.21;<NO NAME GIVEN>;PL00855;LEB-17;;;Y;SPK2213;N;;;;;FX;;GNS, LLS;121.40;0.00;Metal;;1965-12-31;MFL;1965-01-01;2009-10-16;
POL023600857;261001220;POL;;;37.00;0.00;0.00;;18.24;15.21;No name;PL00857;ŁEB-15;Łeba;;Y;SPK2197;Y;Y;Y;;;TTW;;OTB, GNS, LLS, PTB, PTM;121.00;1.95;Metal;;1967-07-27;MFL;1967-01-01;;
POL023600865;261001230;POL;;;37.00;0.00;0.00;;18.42;15.21;No name;PL00865;ŁEB-18;Łeba;;Y;SPK2224;Y;Y;Y;;;TSW;;OTB, LLS, GNS, PTB, OTM, PTM;121.00;1.93;Metal;;1968-10-29;MFL;1968-01-01;;
POL023600866;;POL;;;37.00;42.17;0.00;;17.55;15.21;<NO NAME GIVEN>;PL00866;LEB-19;;;Y;SPK2205;N;;;;;FX;;OTB, PTB;121.40;0.00;Metal;;1968-10-09;MFL;1968-01-01;;2006-07-04
POL023600867;;POL;;;41.00;44.42;0.00;;21.22;19.60;<NO NAME GIVEN>;PL00867;LEB-23;;;N;;Y;;;;;FX;;GNS, OTB;736.00;0.00;Metal;;1976-01-01;MFL;1975-01-01;;2006-03-16
POL023600868;;POL;;;4.09;0.00;0.00;;8.18;7.48;No name;PL00868;ŁEB-21;;;N;;N;N;N;;;FX;;GNS, LLS;21.30;0.00;Fiber/Plastic;;1987-01-01;MFL;1986-01-01;;
POL023600869;;POL;;;16.49;0.00;0.00;;13.95;13.29;<NO NAME GIVEN>;PL00869;LEB-22;;;Y;SPG2906;N;;;;;FX;;GNS, LLS;70.00;0.00;Other;;1995-02-08;MFL;1985-01-01;2012-06-28;
POL023600870;;POL;;;6.02;0.00;0.00;;8.10;7.70;<NO NAME GIVEN>;PL00870;LEB-26;;;N;;N;;;;;FX;;GNS, LLS;38.20;0.00;Wood;;1978-01-01;MFL;1977-01-01;;2004-09-07
POL023600871;;POL;;;12.70;0.00;0.00;;10.50;9.74;<NO NAME GIVEN>;PL00871;LEB-27;;;Y;SPK2297;N;;;;;FX;;GNS, LLS;73.60;0.00;Wood;;1968-08-29;MFL;1957-01-01;2006-08-01;
POL023600872;;POL;;;2.91;0.00;0.00;;7.60;6.96;No name;PL00872;ŁEB-28;Łeba;;Y;SPG3296;N;N;N;;;FX;;GNS, FPO, LLD, LLS;34.60;0.00;Metal;;1979-12-31;MFL;1979-01-01;2024-10-01;
POL023600873;;POL;;;24.54;0.00;0.00;;14.53;13.36;No name;PL00873;ŁEB-29;Łeba;;Y;SPK2352;Y;N;N;;;FX;;GNS, LLS, LHP, OTB, LLD;138.00;0.00;Metal;;1998-08-25;MFL;1972-01-01;2025-02-20;
POL023600877;261025990;POL;;;8.36;0.00;0.00;;10.02;9.53;No name;PL00877;KOŁ-162;Kołobrzeg;;Y;SPS3124;N;N;Y;;;FX;;GNS, LLS, FPO, LLD, LHP;21.70;0.00;Fiber/Plastic;;1981-04-30;MFL;1980-01-01;;2024-09-25
POL023600883;;POL;;;4.20;0.00;0.00;;7.55;7.10;No name;PL00883;ŁEB-35;Łeba;;Y;SPG4985;N;N;N;;;FX;;GNS, LLS;50.00;0.00;Fiber/Plastic;;1984-05-02;MFL;1984-01-01;2024-09-25;
POL023600885;;POL;;;10.02;0.00;0.00;;11.60;9.35;No name;PL00885;ŁEB-36;Łeba;;Y;SPG2706;N;N;N;;;GO;;GNS, LLS, LLD;28.90;0.00;Fiber/Plastic;;2000-01-01;MFL;1989-01-01;;
POL023600886;;POL;;;26.00;26.64;0.00;;16.15;14.52;<NO NAME GIVEN>;PL00886;LEB-34;;;Y;SPG2947;N;;;;;FX;;OTB, PTB;147.00;0.00;Metal;;1990-06-01;MFL;1943-01-01;2005-04-20;
POL023600888;;POL;;;3.50;0.00;0.00;;7.40;7.00;No name;PL00888;MRZ-37;Mrzeżyno;;Y;SPG3110;N;N;N;;;FX;;LLS, FPO, LLD, LHP, FYK, GNS;33.80;0.00;Fiber/Plastic;;2000-01-01;MFL;1986-01-01;;
POL023600889;261000700;POL;;;29.00;39.29;0.00;;18.29;15.14;BALBINA;PL00889;ŁEB-39;Łeba;;Y;SPK2293;Y;Y;Y;;;TTW;;PTB, OTB, GNS;121.00;1.68;Metal;;1958-05-28;MFL;1958-01-01;2024-11-20;
POL023600890;261001736;POL;;;2.12;0.00;0.00;;7.99;7.32;No name;PL00890;HEL-37;Hel;;Y;SPG3114;N;N;Y;;;FX;;GNS, FPO, FYK, LLS, LLD;40.50;0.00;Fiber/Plastic;;1998-05-18;MFL;1996-01-01;;
POL023600894;261005590;POL;;;10.39;0.00;0.00;;9.65;8.64;No name;PL00894;DZI-12;Dziwnów;;Y;SPG2670;N;N;Y;;;FX;;GNS, LLD, LLS, LHP, FPO;59.00;0.00;Wood;;1998-12-30;MFL;1989-01-01;;
POL023600895;;POL;;;31.00;36.15;0.00;;17.40;15.14;<NO NAME GIVEN>;PL00895;LEB-8;;;Y;SPK2298;N;;;;;FX;;OTB, PTB;110.00;0.00;Metal;;1948-12-31;MFL;1948-01-01;2009-09-16;
POL023600896;;POL;;;3.20;0.00;0.00;;7.70;6.48;<NO NAME GIVEN>;PL00896;LEB-42;;;N;;N;;;;;FX;;GNS, LLS;17.50;0.00;Metal;;1982-06-08;MFL;1982-01-01;;2011-03-21
POL023600897;;POL;;;37.00;42.13;0.00;;17.58;15.21;<NO NAME GIVEN>;PL00897;LEB-43;;;Y;SPK2225;N;;;;;FX;;OTB, OTM;121.00;0.00;Metal;;1967-11-23;MFL;1967-01-01;2005-05-24;
POL023600898;261003930;POL;;;15.32;21.17;0.00;;11.92;11.32;ÓMA WŁA-33;PL00898;WŁA-33;Władysławowo;;Y;SPK2329;N;N;Y;;;GO;;GNS, FYK, LLS, LLD, FPO;121.00;0.00;Fiber/Plastic;;1997-08-26;MFL;1996-01-01;;
POL023600899;;POL;;;11.18;0.00;0.00;;11.05;10.06;<NO NAME GIVEN>;PL00899;USM-2;;;N;;N;;;;;FX;;GNS, LLS;115.00;0.00;Metal;;2002-04-03;MFL;1990-01-01;2013-03-26;
POL023600916;;POL;;;37.00;42.12;0.00;;17.30;15.21;<NO NAME GIVEN>;PL00916;WLA-37;;;Y;SPK2021;Y;;;;;FX;;OTB, OTM;121.40;0.00;Metal;;1964-01-01;MFL;1963-01-01;;2010-12-09
POL023600917;;POL;;;29.00;36.25;0.00;;17.40;15.14;<NO NAME GIVEN>;PL00917;LEB-60;;;Y;SPK2264;N;;;;;FX;;OTB, PTB;121.40;0.00;Metal;;1956-08-23;MFL;1956-01-01;;2005-10-13
POL023600920;261000720;POL;;;39.00;0.00;0.00;;20.55;16.25;No name;PL00920;ŁEB-62;Łeba;;Y;SPK2022;Y;Y;Y;;;FX;;OTB, OTM;280.00;1.40;Metal;;1962-02-13;MFL;1961-01-01;;
POL023600922;;POL;;;32.00;0.00;0.00;;17.40;15.14;No name;PL00922;ŁEB-65;Łeba;;Y;SPK2065;Y;N;N;;;FX;;OTB, LLS, GNS, PTB;121.00;1.95;Metal;;1954-11-29;MFL;1951-01-01;;
POL023600925;261001180;POL;;;38.00;39.29;0.00;;18.42;15.28;No name;PL00925;ŁEB-67;Łeba;;Y;SPK2108;Y;Y;Y;;;FX;;OTB, PTB, LLS, GNS, OTM, PTM;140.00;2.00;Metal;;1959-04-24;MFL;1958-01-01;2024-10-03;
POL023600926;;POL;;;1.94;0.00;0.00;;6.04;5.80;<NO NAME GIVEN>;PL00926;LEB-68;;;N;;N;;;;;FX;;GNS, LLS;8.80;0.00;Fiber/Plastic;;1960-01-01;MFL;1959-01-01;;2006-09-21
POL023600929;;POL;;;32.00;36.31;0.00;;17.38;15.14;<NO NAME GIVEN>;PL00929;LEB-70;;;Y;SPK2095;N;;;;;FX;;OTB, PTB;121.00;0.00;Metal;;1950-10-01;MFL;1950-01-01;2009-09-29;
POL023600930;;POL;;;4.79;0.00;0.00;;8.00;7.68;<NO NAME GIVEN>;PL00930;LEB-75;;;N;;N;;;;;FX;;GNS, LLS;35.00;0.00;Other;;1992-06-30;MFL;1989-01-01;2005-06-09;
POL023600939;;POL;;;37.00;42.20;0.00;;17.59;15.21;<NO NAME GIVEN>;PL00939;LEB-80;;;Y;SPK2066;N;;;;;FX;;OTB, GNS;121.40;0.00;Metal;;1970-04-09;MFL;1970-01-01;2005-11-16;
POL023600941;;POL;;;38.00;37.59;0.00;;17.29;15.14;;PL00941;ŁEB-82;;;Y;SPK2256;Y;N;N;;;FX;;OTB, GNS, PTB;55.00;1.00;Metal;;1957-07-13;MFL;1957-01-01;2017-03-06;
POL023600945;261001200;POL;;;41.00;0.00;0.00;;19.50;16.71;No name;PL00945;ŁEB-101;Łeba;;Y;SPK2271;Y;Y;Y;;;TTW;;OTB, GNS, PTB, LLD, LLS;228.00;4.95;Metal;;1969-01-17;MFL;1969-01-01;;
POL023600946;;POL;;;0.78;0.00;0.00;;4.90;3.61;<NO NAME GIVEN>;PL00946;LEB-85;;;N;;N;;;;;FX;;GNS, LLS;0.00;0.00;Fiber/Plastic;;1989-06-27;MFL;1988-01-01;;2010-01-22
POL023600947;;POL;;;0.70;0.00;0.00;;4.50;4.31;<NO NAME GIVEN>;PL00947;LEB-91;;;N;;N;;;;;FX;;GNS, LLS;0.00;0.00;Other;;1970-01-01;MFL;1969-01-01;;2012-10-15
POL023600948;;POL;;;6.86;0.00;0.00;;9.10;7.91;<NO NAME GIVEN>;PL00948;LEB-94;;;N;;N;;;;;FX;;GNS, LLS;70.00;0.00;Fiber/Plastic;;1991-06-11;MFL;1991-01-01;2016-07-06;
POL023600950;;POL;;;10.14;13.75;0.00;;12.02;10.99;No name;PL00950;WŁA-66;Władysławowo;;Y;SPG2905;Y;Y;N;;;FX;;GNS, LLS, LLD;36.75;0.00;Metal;;1994-04-24;MFL;1991-01-01;;2024-06-17
POL023600954;;POL;;;3.02;13.65;0.00;;8.22;7.67;<NO NAME GIVEN>;PL00954;LEB-50;;;N;;N;;;;;FX;;GNS, LLS;17.70;0.00;Fiber/Plastic;;1998-03-26;MFL;1976-01-01;;2010-10-19
POL023600958;;POL;;;15.28;20.69;0.00;;11.50;10.37;No name;PL00958;KOŁ-195;Kołobrzeg;;Y;SPS3457;N;N;N;;;FX;;GNS, LLS;121.00;0.00;Metal;;1993-12-31;MFL;1993-01-01;2024-10-07;
POL023600959;;POL;;;6.07;0.00;0.00;;10.80;9.98;<NO NAME GIVEN>;PL00959;CHY-18;;;Y;SPG2681;N;;;;;FX;;GNS, LLS;70.00;0.00;Metal;;2003-05-26;MFL;2003-01-01;;2004-10-29
POL023600960;;POL;;;34.00;39.33;0.00;;17.76;15.12;<NO NAME GIVEN>;PL00960;LEB-59;;;Y;SPK2053;N;;;;;FX;;GNS, GND;121.40;0.00;Metal;;1964-10-05;MFL;1958-01-01;2005-07-06;
POL023601881;;POL;;;0.61;0.00;0.00;;3.75;0.00;<NO NAME GIVEN>;PL01881;LEB-81;;;N;;N;;;;;FX;;GNS, NO;0.00;0.00;Other;;1970-01-01;MFL;1969-01-01;;2005-08-19
POL023602020;;POL;;;2.63;0.00;0.00;;7.99;7.65;No name;PL02020;ŁEB-64;;;N;;N;N;N;;;FX;;GNS, LLS;22.00;0.00;Fiber/Plastic;;2006-08-23;MFL;2006-01-01;;
POL023602039;261012660;POL;;;5.37;0.00;0.00;;8.50;7.98;No name;PL02039;ŁEB-63;Łeba;;Y;SPG3071;N;N;Y;;;FX;;GNS, LLS, LLD;28.90;0.00;Fiber/Plastic;;2007-07-12;MFL;2007-01-01;;
POL023602090;261016950;POL;;;4.90;0.00;0.00;;8.01;7.93;No name;PL02090;ŁEB-48;Łeba;;Y;SPG3303;N;N;Y;;;FX;;GNS, FPO, LLS, LLD;44.00;0.00;Fiber/Plastic;;2009-03-24;MFL;1981-01-01;2024-11-20;
POL023602137;;POL;;;5.21;0.00;0.00;;8.30;7.49;No name;PL02137;ŁEB-73;Łeba;;Y;SPG3350;N;N;N;;;FX;;GNS, LLS, LLD, FYK;28.90;0.00;Fiber/Plastic;;2009-08-12;MFL;1972-01-01;;
POL023602166;;POL;;;5.09;0.00;0.00;;8.78;8.23;No name;PL02166;ŁEB-83;;;N;;N;N;N;;;FX;;GNS, LLD, LLS;65.00;0.00;Fiber/Plastic;;2010-12-01;MFL;1979-01-01;;
POL023602171;;POL;;;8.12;0.00;0.00;;9.84;9.31;No name;PL02171;ŁEB-56;Łeba;;Y;SPG3416;N;N;N;;;FX;;GNS, LLS, FYK, LHP, LHM, LLD;17.00;0.00;Fiber/Plastic;;2011-03-14;MFL;2010-01-01;;
POL023602192;;POL;;;5.70;0.00;0.00;;8.46;8.00;No name;PL02192;ŁEB-57;Łeba;;Y;SPG3799;N;N;N;;;FX;;GNS, LLS, LLD;13.00;0.00;Fiber/Plastic;;1992-08-04;MFL;1986-01-01;2025-07-09;
POL023602318;;POL;;;1.91;0.00;0.00;;5.62;5.40;No name;PL02318;NIE-22;Niechorze;;Y;SPS3800;N;N;N;;;FX;;GNS, FYK, FPO, LHP, LLD, LLS;18.40;0.00;Aluminium;;2019-10-24;MFL;1980-01-01;;
POL023602322;;POL;;;4.46;0.00;0.00;;8.08;7.78;No name;PL02322;ŁEB-112;Łeba;;N;;N;N;N;;;FX;;GNS, FPO, LLS, LLD;29.00;0.00;Fiber/Plastic;;2020-02-18;MFL;1980-01-01;;
POL033700618;;POL;;;2.49;0.00;0.00;;7.99;7.30;No name;PL00618;KUŹ-1;Kuźnica;;Y;SPG3557;N;N;N;;;FX;;GNS, LLS, FYK, FPO;40.00;0.00;Fiber/Plastic;;1973-12-18;MFL;1973-01-01;;
POL033700619;;POL;;;0.55;0.00;0.00;;3.80;3.62;No name;PL00619;KUŹ-20;Kuźnica;;Y;SPG3805;N;N;N;;;FX;;GNS, FPO, FYK, LLS;0.00;0.00;Fiber/Plastic;;1997-07-13;MFL;1985-01-01;;
POL033700623;;POL;;;7.14;0.00;0.00;;8.40;7.82;No name;PL00623;KUŹ-9;Kuźnica;;Y;SPG3576;N;N;N;;;FX;;LLS, GNS, FPO;14.70;0.00;Wood;;1990-04-10;MFL;1990-01-01;;2024-12-04
POL033700624;;POL;;;3.73;0.00;0.00;;7.53;7.15;No name;PL00624;KUŹ-12;Kuźnica;;Y;SPG3577;N;N;N;;;FX;;GNS, FPO, LLS, FYK, LLD;38.20;0.00;Wood;;1981-02-17;MFL;1980-01-01;;
POL033700626;;POL;;;3.56;0.00;0.00;;7.07;6.59;No name;PL00626;KUŹ-14;;;Y;SPG3423;N;N;N;;;FX;;GNS, LLS, LLD, FYK, FPO;7.50;0.00;Wood;;1996-12-31;MFL;1996-01-01;;
POL033700627;;POL;;;3.74;0.00;0.00;;9.55;8.36;No name;PL00627;KUŹ-16;Kuźnica;;Y;SPG3476;N;N;N;;;FX;;GNS, FPO, LLS, FYK;14.70;0.00;Wood;;1970-12-31;MFL;1970-01-01;;
POL033700629;;POL;;;5.21;0.00;0.00;;7.35;6.91;No name;PL00629;KUŹ-33;;;Y;SPG4508;N;N;N;;;FX;;GNS, LLS, FPO;42.00;0.00;Wood;;1978-10-31;MFL;1978-01-01;;2021-06-10
POL033700630;;POL;;;1.94;0.00;0.00;;5.90;5.52;<NO NAME GIVEN>;PL00630;KUZ-40;;;N;;N;;;;;FX;;GNS, FPO;3.50;0.00;Wood;;1970-12-31;MFL;1970-01-01;;2012-01-24
POL033700631;261018520;POL;;;13.10;0.00;0.00;;11.80;11.06;No name;PL00631;KUŹ-42;;;Y;SPG2413;N;N;Y;;;GO;;GNS, FYK, LLD, LLS, FPO;38.20;0.00;Wood;;1982-02-02;MFL;1981-01-01;;
POL033700632;261023040;POL;;;6.52;0.00;0.00;;9.81;8.94;No name;PL00632;KUŹ-45;;;Y;SPG3589;N;N;Y;;;FX;;GNS, FPO, LLS, FYK, LLD;39.00;0.00;Metal;;1986-05-26;MFL;1985-01-01;;
POL033700634;261023830;POL;;;11.46;0.00;0.00;;11.30;10.22;No name;PL00634;KUŹ-47;Kuźnica;;Y;SPG2315;N;N;Y;;;FX;;GNS, LLS, FPO, LLD, FYK;60.00;0.00;Metal;;1986-07-15;MFL;1986-01-01;;
POL033700636;;POL;;;4.58;0.00;0.00;;7.99;7.53;No name;PL00636;KUŹ-49;Kuźnica;;Y;SPG4233;N;N;N;;;FX;;GNS, LLD, LLS, FYK, FPO;41.00;0.00;Fiber/Plastic;;1996-07-19;MFL;1996-01-01;;
POL033700637;;POL;;;3.48;0.00;0.00;;7.10;6.30;No name;PL00637;JAR-38;;;Y;SPS3231;N;N;N;;;FX;;GNS, LLS, LLD, FPO;14.70;0.00;Fiber/Plastic;;1951-12-31;MFL;1951-01-01;;
POL033700638;;POL;;;3.00;0.00;0.00;;6.10;5.62;No name;PL00638;KUŹ-57;;;Y;SPG3399;N;N;N;;;FX;;GNS, FYK, LLS, FPO;16.20;0.00;Wood;;1972-06-13;MFL;1972-01-01;;
POL033700639;;POL;;;0.56;0.00;0.00;;4.00;3.65;<NO NAME GIVEN>;PL00639;KUZ-62;;;N;;N;;;;;FX;;FPO, LLS;0.00;0.00;Fiber/Plastic;;1976-03-17;MFL;1976-01-01;;2007-02-13
POL033700640;;POL;;;5.75;0.00;0.00;;9.00;8.27;No name;PL00640;KUŹ-67;;;Y;SPG3424;N;N;N;;;FX;;GNS, FYK, FPO, LLS, LLD;44.00;0.00;Wood;;1977-04-27;MFL;1977-01-01;;
POL033700641;;POL;;;6.13;0.00;0.00;;8.95;8.41;No name;PL00641;KUŹ-76;Kuźnica;;Y;SPG3468;N;N;N;;;FX;;GNS, LLD, FYK, LLS, FPO;28.00;0.00;Wood;;1999-04-21;MFL;1999-01-01;;2025-06-26
POL033700642;;POL;;;4.72;0.00;0.00;;7.80;7.16;No name;PL00642;KUŹ-77;Kuźnica;;Y;SPG3466;N;N;N;;;FX;;GNS, LLD, LLS, FYK, FPO;28.00;0.00;Wood;;1982-12-11;MFL;1982-01-01;;2024-12-04
POL033700643;;POL;;;2.98;0.00;0.00;;6.90;6.54;No name;PL00643;KUŹ-89;Kuźnica;;Y;SPG3791;N;N;N;;;FX;;LHP, FYK, LHM, LTL, LLS, GNS;28.00;0.00;Wood;;1979-12-31;MFL;1979-01-01;;2024-11-07
POL033700644;;POL;;;5.08;0.00;0.00;;8.50;7.87;No name;PL00644;KUŹ-79;Kuźnica;;Y;SPG3500;N;N;N;;;FX;;GNS, LLD, LLS, FPO, FYK;17.70;0.00;Fiber/Plastic;;1971-12-31;MFL;1971-01-01;2024-07-23;
POL033700653;;POL;;;1.72;0.00;0.00;;6.30;5.88;No name;PL00653;KUŹ-88;;;Y;SPG3398;N;N;N;;;FX;;GNS, FPO, FYK, LLS;7.40;0.00;Fiber/Plastic;;1959-12-31;MFL;1959-01-01;;
POL033700654;;POL;;;3.01;0.00;0.00;;6.37;5.96;No name;PL00654;KUŹ-105;Kuźnica;;Y;SPG4074;N;N;N;;;FX;;GNS, FPO, FYK, LLD, LLS;7.40;0.00;Wood;;1976-01-28;MFL;1975-01-01;;
POL033700655;;POL;;;2.40;0.00;0.00;;6.00;5.60;<NO NAME GIVEN>;PL00655;KUZ-92;;;N;;N;;;;;FX;;GNS, FPO;7.40;0.00;Wood;;1978-09-01;MFL;1978-01-01;;2014-09-09
POL033700658;;POL;;;6.06;0.00;0.00;;8.20;7.46;No name;PL00658;KUŹ-97;Kuźnica;;Y;SPG3569;N;N;N;;;FX;;GNS, LLS, FPO;28.00;0.00;Wood;;1967-12-31;MFL;1967-01-01;;2024-11-29
POL033700659;;POL;;;1.81;0.00;0.00;;6.10;5.71;No name;PL00659;KUŹ-99;;;Y;SPG3574;N;N;N;;;GO;;GNS, FPO, LLS, LLD, FYK;7.40;0.00;Wood;;1977-03-28;MFL;1977-01-01;;
POL033700660;;POL;;;2.11;0.00;0.00;;5.96;5.58;No name;PL00660;KUŹ-102;Kuźnica;;Y;SPG3401;N;N;N;;;FX;;GNS, FYK, LLS, FPO;7.40;0.00;Wood;;1989-12-31;MFL;1989-01-01;2024-07-22;
POL033700661;;POL;;;11.33;0.00;0.00;;10.60;10.07;No name;PL00661;KUŹ-147;;;N;;N;N;N;;;FX;;GNS, LLS, LLD;60.00;0.00;Wood;;2002-04-10;MFL;2002-01-01;;
POL033701414;;POL;;;1.55;0.00;0.00;;6.00;5.64;<NO NAME GIVEN>;PL01414;KUZ-56;;;N;;N;;;;;FX;;GNS, FPO;3.70;0.00;Wood;;1974-12-31;MFL;1974-01-01;2009-02-02;
POL033701909;;POL;;;10.10;0.00;0.00;;11.77;11.01;No name;PL01909;ŁEB-79;;;Y;SPG3582;N;N;N;;;FX;;GNS, LLS, LLD;21.50;0.00;Fiber/Plastic;;1989-12-31;MFL;1989-01-01;;
POL033701917;;POL;;;1.91;0.00;0.00;;6.62;6.24;No name;PL01917;KUŹ-71;Kuźnica;;Y;SPG3455;N;N;N;;;FX;;GNS, LLD, FYK, LLS, FPO;0.00;0.00;Fiber/Plastic;;2004-04-27;MFL;1973-01-01;;
POL033702004;;POL;;;0.44;0.00;0.00;;4.20;3.74;No name;PL02004;KUŹ-15;Kuźnica;;Y;SPG3590;N;N;N;;;FX;;GNS, FPO, FYK, LLS;3.70;0.00;Other;;2005-09-15;MFL;1983-01-01;2024-07-30;
POL033702045;261018730;POL;;;7.39;0.00;0.00;;10.05;8.90;No name;PL02045;KUŹ-48;Kuźnica;;Y;SPG3411;N;N;Y;;;FX;;GNS, LLS, LLD, FYK, FPO;44.00;0.00;Metal;;2007-11-29;MFL;2007-01-01;2024-09-09;
POL033702084;;POL;;;3.50;0.00;0.00;;7.99;7.35;No name;PL02084;KUŹ-18;Kuźnica;;Y;SPG3786;N;N;N;;;FX;;GNS, LTL, LLD, LLS, FYK, FPO;15.00;0.00;Fiber/Plastic;;2009-02-18;MFL;2009-01-01;;
POL033702224;;POL;;;0.90;0.00;0.00;;5.04;4.59;No name;PL02224;KUŹ-23;Kuźnica;;Y;SPG6200;N;N;N;;;FX;;GNS, FPO, LLS, FYK;15.00;0.00;Fiber/Plastic;;2013-04-02;MFL;2000-01-01;;
POL033702226;;POL;;;0.81;0.00;0.00;;6.01;5.63;No name;PL02226;WOL-36;;;Y;SPS3275;N;N;N;;;FX;;GNS, LLD, LLS, FPO;10.30;0.00;Fiber/Plastic;;2013-05-09;MFL;1974-01-01;;
POL033702227;;POL;;;0.88;0.00;0.00;;4.50;4.04;No name;PL02227;DZI-32;Dziwnów;;Y;SPS3332;N;N;N;;;FX;;GNS, LLS, FPO, LLD, FYK;10.30;0.00;Fiber/Plastic;;2013-05-09;MFL;2010-01-01;;
POL033702232;;POL;;;1.07;0.00;0.00;;6.55;5.96;No name;PL02232;KUŹ-30;Kuźnica;;Y;SPG5712;N;N;N;;;FX;;GNS, LHP, FYK, LLD, LLS;15.00;0.00;Fiber/Plastic;;2013-05-16;MFL;2013-01-01;;
POL033702233;;POL;;;1.08;0.00;0.00;;5.63;5.04;No name;PL02233;OKS-25;Oksywie;;Y;SPG4726;N;N;N;;;FX;;GNS, LLS, FYK, LHP, FPO, LLD;15.00;0.00;Fiber/Plastic;;2013-05-23;MFL;2013-01-01;;
POL033702234;;POL;;;1.36;0.00;0.00;;6.00;5.62;No name;PL02234;KUŹ-32;Kuźnica;;Y;SPG4996;N;N;N;;;FX;;GNS, LLD, FYK, FPO, LLS;15.00;0.00;Fiber/Plastic;;2013-05-23;MFL;2013-01-01;;
POL033702235;;POL;;;0.30;0.00;0.00;;3.20;3.05;No name;PL02235;KUŹ-24;Kuźnica;;N;;N;N;N;;;FX;;GNS, FYK, FPO, LLD, LLS;0.00;0.00;Fiber/Plastic;;2013-05-16;MFL;2013-01-01;;2024-07-17
POL033702236;;POL;;;0.30;0.00;0.00;;3.20;3.05;No name;PL02236;KUŹ-29;Kuźnica;;N;;N;N;N;;;FX;;GNS, LLD, FYK, LLS;0.00;0.00;Fiber/Plastic;;2013-05-16;MFL;2013-01-01;;
POL033702237;;POL;;;2.33;0.00;0.00;;6.46;5.91;No name;PL02237;KUŹ-27;Kuźnica;;Y;SPG4433;N;N;N;;;FX;;GNS, FYK, LLD, FPO, LLS;16.00;0.00;Fiber/Plastic;;2013-06-27;MFL;2012-01-01;;
POL033702239;;POL;;;0.59;0.00;0.00;;4.25;3.92;No name;PL02239;KUŹ-35;Kuźnica;;Y;SPG4506;N;N;N;;;FX;;GNS, LLD, LLS, FYK;0.00;0.00;Fiber/Plastic;;2013-05-22;MFL;2010-01-01;;
POL033702245;;POL;;;0.95;0.00;0.00;;4.32;4.00;No name;PL02245;JAS-135;;;Y;SPG4950;N;N;N;;;FX;;GNS, FPO, LLS;0.00;0.00;Fiber/Plastic;;1946-05-28;MFL;1946-01-01;;
POL033702252;;POL;;;0.59;0.00;0.00;;4.20;3.95;No name;PL02252;KRS-23;;;N;;N;N;N;;;FX;;GNS, LLD, LLS, FPO;7.40;0.00;Fiber/Plastic;;2013-08-07;MFL;2009-01-01;;
POL033702257;;POL;;;1.00;0.00;0.00;;5.25;4.78;No name;PL02257;KUŹ-101;Kuźnica;;Y;SPG4283;N;N;N;;;FX;;GNS, LLD, FPO, LLS, FYK;15.00;0.00;Fiber/Plastic;;2013-10-15;MFL;2003-01-01;;
POL033702258;;POL;;;0.74;0.00;0.00;;5.61;5.11;No name;PL02258;KUŹ-98;;;Y;SPG4516;N;N;N;;;FX;;GNS, FPO, LLS;4.40;0.00;Fiber/Plastic;;2013-09-09;MFL;2000-01-01;;
POL033702274;;POL;;;0.80;0.00;0.00;;4.33;3.95;No name;PL02274;HEL-20;Hel;;Y;SPG4968;N;N;N;;;FX;;GNS, FPO, LLD, FYK, LLS;0.00;0.00;Fiber/Plastic;;2014-02-14;MFL;2013-01-01;;
POL033702330;;POL;;;3.12;0.00;0.00;;9.45;8.21;No name;PL02330;KUŹ-150;Kuźnica;;Y;SPG4508;N;N;N;;;FX;;GNS, LLS, FPO, FYK;42.00;0.00;Fiber/Plastic;;2021-06-02;MFL;1982-01-01;;
POL033702340;;POL;;;1.72;0.00;0.00;;8.75;8.10;No name;PL02340;KUŹ-152;Kuźnica;;Y;SPG5448;N;N;N;;;FX;;GNS, LLS, FPO, FYK;38.74;0.00;Fiber/Plastic;;2023-05-17;MFL;1971-01-01;;
POL033800184;261007950;POL;;;97.00;0.00;0.00;;25.55;22.43;No name;PL00184;JAS-76;Jastarnia;;Y;SPG2536;Y;Y;Y;7045906;;FX;;OTM, PTB, LLD, PTM, OTB, LLS;368.00;5.50;Metal;;1965-05-10;MFL;1965-01-01;;
POL033800349;261006910;POL;;;33.00;0.00;0.00;;18.56;15.71;No name;PL00349;JAS-12;Jastarnia;;Y;SPG2235;Y;Y;Y;;;FX;;OTB, LLD, GNS, PTM, OTM, PTB;121.00;6.95;Metal;;1958-06-21;MFL;1958-01-01;;
POL033800350;;POL;;;42.00;42.79;0.00;;17.51;14.91;<NO NAME GIVEN>;PL00350;JAS-14;;;Y;SPG2523;N;;;;;FX;;GNS, LLS;132.00;0.00;Wood;;1977-02-25;MFL;1959-01-01;2005-02-02;
POL033800351;;POL;;;31.00;35.33;0.00;;17.40;15.14;<NO NAME GIVEN>;PL00351;JAS-24;;;Y;SPG2348;N;;;;;FX;;OTB, LLS;121.00;0.00;Metal;;1956-04-16;MFL;1956-01-01;2004-12-17;
POL033800352;261006050;POL;;;38.00;0.00;0.00;;18.55;15.21;No name;PL00352;JAS-31;Jastarnia;;Y;SPG2245;Y;Y;Y;;;MOX;;OTM, OTB, PTM, PTB, LLD, GNS;340.00;3.15;Metal;;1962-05-18;MFL;1962-01-01;;
POL033800353;;POL;;;31.00;36.33;0.00;;17.45;15.14;<NO NAME GIVEN>;PL00353;JAS-32;;;Y;SPG2208;N;;;;;FX;;OTB, GNS;147.00;0.00;Metal;;1953-07-16;MFL;1953-01-01;2005-02-16;
POL033800354;;POL;;;32.00;39.22;0.00;;17.79;15.14;;PL00354;JAS-39;;;Y;SPG2045;Y;N;N;;;FX;;OTB, LLD, PTB, PTM, GNS, OTM;121.00;3.05;Metal;;1958-02-07;MFL;1957-01-01;2016-12-29;
POL033800355;;POL;;;43.00;42.08;0.00;;17.31;15.21;<NO NAME GIVEN>;PL00355;JAS-41;;;Y;SPG2474;N;;;;;FX;;GND, OTB;121.00;0.00;Metal;;1964-09-22;MFL;1964-01-01;2006-06-27;
POL033800356;;POL;;;29.00;36.30;0.00;;17.37;15.14;;PL00356;JAS-51;;;Y;SPG2375;Y;N;N;;;FX;;OTB, LLD, GNS, PTM, PTB;121.00;2.25;Metal;;1951-06-20;MFL;1951-01-01;2016-12-29;
POL033800357;261004280;POL;;;43.00;42.08;0.00;;20.60;16.78;MAGDALENA;PL00357;JAS-57;;;Y;SPG2599;Y;Y;Y;;;FX;;OTB, LLD, OTM, PTM, PTB, GNS;265.00;1.40;Metal;;1965-10-20;MFL;1965-01-01;;
POL033800358;261028620;POL;;;52.00;39.66;20.00;;19.43;16.86;No name;PL00358;JAS-61;;;Y;SPG2237;Y;Y;Y;;;FX;;OTB, LLD, PTB, PTM, GNS;132.00;1.20;Metal;;1958-01-17;MFL;1957-01-01;;
POL033800359;261005260;POL;;;38.00;0.00;2.00;;19.10;16.16;No name;PL00359;JAS-64;Jastarnia;;Y;SPG2374;Y;Y;Y;;;TT;;OTB, PTM, PTB, LLD, GNS, OTM;132.00;0.56;Metal;;1959-11-13;MFL;1959-01-01;;
POL033800360;;POL;;;30.00;36.25;0.00;;17.38;15.14;<NO NAME GIVEN>;PL00360;JAS-66;;;Y;SPG2472;N;;;;;FX;;OTB, GND;110.00;0.00;Metal;;1952-05-15;MFL;1952-01-01;2005-01-10;
POL033800361;261004430;POL;;;37.00;0.00;0.00;;18.87;15.21;No name;PL00361;JAS-74;Jastarnia;;Y;SPG2357;Y;Y;Y;;;TSW;;OTB, OTM, GNS, PTM, LLD, PTB;250.00;3.05;Metal;;1963-12-17;MFL;1963-01-01;;
POL033800362;261005580;POL;;;36.00;0.00;0.00;;18.99;16.64;No name;PL00362;JAS-77;Jastarnia;;Y;SPG2059;Y;Y;Y;;;FX;;PTM, OTT, GNS, LLD, OTM, OTB;280.00;1.95;Metal;;1957-10-22;MFL;1957-01-01;;
POL033800363;261004440;POL;;;41.00;0.00;0.00;;19.69;17.31;No name;PL00363;JAS-78;Jastarnia;;Y;SPG2532;Y;Y;Y;;;FX;;OTB, OTM, PTM, LLD, GNS, PTB;140.00;5.15;Metal;;1967-11-13;MFL;1967-01-01;;
POL033800394;261005330;POL;;;35.00;0.00;0.00;;18.52;15.72;No name;PL00394;JAS-80;Jastarnia;;Y;SPG2480;Y;Y;Y;;;TT;;OTB, OTM, PTB, PTM, LLS, LLD;320.00;1.65;Metal;;1955-12-07;MFL;1955-01-01;;
POL033800395;;POL;;;51.00;42.13;0.00;;18.69;16.71;<NO NAME GIVEN>;PL00395;JAS-85;;;Y;SPG2140;Y;;;;;FX;;OTB, LLD;121.00;0.00;Metal;;1964-10-03;MFL;1964-01-01;2008-09-22;
POL033800396;261008030;POL;;;39.00;0.00;0.00;;18.99;18.57;No name;PL00396;JAS-99;Jastarnia;;Y;SPG2093;Y;Y;Y;;;FX;;OTB, GNS, PTM, LLD, OTM, PTB;265.00;3.65;Metal;;1959-04-13;MFL;1959-01-01;;
POL033800400;;POL;;;31.00;37.53;0.00;;17.78;15.14;No name;PL00400;JAS-102;Jastarnia;;Y;SPG2234;Y;Y;N;;;FX;;OTB, PTM, PTB, LLD, GNS, OTM;135.00;1.95;Metal;;1957-10-19;MFL;1957-01-01;2024-07-22;
POL033800559;;POL;;;2.63;0.00;0.00;;7.85;7.11;No name;PL00559;JAS-1;Jastarnia;;Y;SPG3782;N;N;N;;;FX;;FPO, LLS, LLD, FYK, GNS;7.40;0.00;Other;;1982-04-15;MFL;1982-01-01;;
POL033800560;;POL;;;3.44;0.00;0.00;;6.60;6.05;<NO NAME GIVEN>;PL00560;JAS-2;;;N;;N;;;;;FX;;GNS, FPO;17.70;0.00;Wood;;1985-12-31;MFL;1985-01-01;2011-04-19;
POL033800561;;POL;;;2.45;0.00;0.00;;6.40;6.07;<NO NAME GIVEN>;PL00561;JAS-3;;;N;;N;;;;;FX;;GNS, LLS;8.00;0.00;Wood;;1949-01-07;MFL;1948-01-01;;2011-01-12
POL033800562;;POL;;;2.65;0.00;0.00;;7.00;6.61;No name;PL00562;RWL-13;Rewal;;Y;SPS3585;N;N;N;;;GO;;FPO, LHP, GNS, LLS, FYK;21.20;0.00;Metal;;1986-06-10;MFL;1985-01-01;;
POL033800563;;POL;;;1.17;0.00;0.00;;5.35;4.94;<NO NAME GIVEN>;PL00563;JAS-8;;;N;;N;;;;;FX;;GNS, NO;0.00;0.00;Metal;;1993-10-05;MFL;1993-01-01;;2009-01-06
POL033800564;;POL;;;3.12;0.00;0.00;;7.96;7.18;No name;PL00564;KUŹ-13;Kuźnica;;Y;SPG3657;N;N;N;;;FX;;GNS, FYK, LLS, FPO, LLD;13.30;0.00;Fiber/Plastic;;1973-09-28;MFL;1973-01-01;;
POL033800565;;POL;;;0.97;0.00;0.00;;4.50;4.13;No name;PL00565;JAS-18;Jastarnia;;Y;SPG4301;N;N;N;;;FX;;GNS, FPO, FYK, LLS;0.00;0.00;Fiber/Plastic;;1996-12-31;MFL;1996-01-01;;
POL033800566;;POL;;;1.53;0.00;0.00;;5.40;5.12;<NO NAME GIVEN>;PL00566;JAS-21;;;N;;N;;;;;FX;;GNS, NO;3.70;0.00;Wood;;1968-12-31;MFL;1968-01-01;2009-12-09;
POL033800567;;POL;;;2.08;0.00;0.00;;5.62;5.06;No name;PL00567;JAS-23;Jastarnia;;Y;SPG3541;N;N;N;;;FX;;GNS, FYK, FPO, LLD, LLS;21.00;0.00;Wood;;1980-12-31;MFL;1980-01-01;;
POL033800569;;POL;;;2.42;0.00;0.00;;6.24;5.94;No name;PL00569;JAS-26;Jastarnia;;Y;SPG3570;N;N;N;;;FX;;GNS, FPO, LLS, FYK;4.50;0.00;Wood;;1976-04-16;MFL;1976-01-01;;
POL033800571;;POL;;;1.83;0.00;0.00;;5.76;5.16;<NO NAME GIVEN>;PL00571;JAS-27;;;N;;N;;;;;FX;;GNS, GND;3.80;0.00;Wood;;1965-12-31;MFL;1965-01-01;;2005-03-29
POL033800573;;POL;;;2.36;0.00;0.00;;6.43;6.12;<NO NAME GIVEN>;PL00573;JAS-29;;;N;;N;;;;;FX;;GNS, GND;22.40;0.00;Wood;;1980-12-31;MFL;1980-01-01;;2007-06-05
POL033800575;;POL;;;14.27;0.00;0.00;;10.35;10.13;<NO NAME GIVEN>;PL00575;JAS-30;;;N;;N;;;;;FX;;GNS, LLD;70.00;0.00;Wood;;1957-09-22;MFL;1957-01-01;;2005-07-12
POL033800576;;POL;;;2.32;0.00;0.00;;6.70;6.24;<NO NAME GIVEN>;PL00576;JAS-36;;;N;;N;;;;;FX;;GNS, GND;21.30;0.00;Wood;;1976-04-16;MFL;1976-01-01;;2005-09-26
POL033800579;;POL;;;3.44;0.00;0.00;;6.85;6.48;<NO NAME GIVEN>;PL00579;KOL-146;;;N;;N;;;;;FX;;GNS, FPO;18.70;0.00;Wood;;1980-12-31;MFL;1980-01-01;;2013-04-09
POL033800582;;POL;;;3.61;0.00;0.00;;7.70;7.32;;PL00582;JAS-40;;;N;;N;N;N;;;FX;;GNS, FPO;21.30;0.00;Wood;;1987-11-25;MFL;1987-01-01;;2018-01-05
POL033800584;;POL;;;3.83;0.00;0.00;;7.90;6.91;No name;PL00584;JAS-45;Jastarnia;;Y;SPG3571;N;N;N;;;FX;;GNS, FYK, FPO, LLS;21.30;0.00;Metal;;1983-07-01;MFL;1983-01-01;;
POL033800585;;POL;;;2.26;0.00;0.00;;6.40;6.10;<NO NAME GIVEN>;PL00585;JAS-46;;;N;;N;;;;;FX;;GNS, GND;10.30;0.00;Wood;;1987-02-12;MFL;1987-01-01;2006-02-07;
POL033800588;;POL;;;1.90;0.00;0.00;;6.26;5.90;No name;PL00588;JAS-55;Jastarnia;;Y;SPG3507;N;N;N;;;FX;;GNS, FYK, FPO;3.70;0.00;Wood;;1975-12-31;MFL;1975-01-01;;
POL033800589;;POL;;;4.62;0.00;0.00;;7.99;7.54;No name;PL00589;JAS-56;Jastarnia;;Y;SPG3504;N;N;N;;;FX;;GNS, FYK, FPO;29.00;0.00;Fiber/Plastic;;1985-04-25;MFL;1985-01-01;;
POL033800590;;POL;;;5.40;0.00;0.00;;8.87;8.37;No name;PL00590;JAS-58;Jastarnia;;Y;SPG3604;N;N;N;;;FX;;GNS, LLS, FYK;36.80;0.00;Wood;;1959-08-22;MFL;1958-01-01;;2025-01-02
POL033800591;;POL;;;2.13;0.00;0.00;;6.00;5.67;<NO NAME GIVEN>;PL00591;JAS-7;;;N;;N;;;;;FX;;GNS, LLS;40.50;0.00;Wood;;1977-12-31;MFL;1977-01-01;;2010-08-05
POL033800594;;POL;;;0.63;0.00;0.00;;4.20;3.84;<NO NAME GIVEN>;PL00594;JAS-71;;;N;;N;;;;;FX;;GNS, GND;0.00;0.00;Fiber/Plastic;;1991-12-31;MFL;1991-01-01;;2006-07-14
POL033800595;;POL;;;6.86;0.00;0.00;;10.20;9.40;No name;PL00595;JAS-72;;;N;;N;N;N;;;FX;;GNS, LLD, FYK, FPO, LLS;38.20;0.00;Wood;;1972-12-31;MFL;1972-01-01;;
POL033800596;;POL;;;20.31;18.55;0.00;;13.15;12.34;<NO NAME GIVEN>;PL00596;JAS-75;;;N;;N;;;;;FX;;OTB, GNS;121.00;0.00;Wood;;1949-12-31;MFL;1949-01-01;;2010-03-09
POL033800598;;POL;;;3.73;0.00;0.00;;7.08;6.60;;PL00598;JAS-81;;;N;;N;N;N;;;FX;;GNS, FPO;38.20;0.00;Metal;;1985-09-12;MFL;1985-01-01;2018-01-05;
POL033800599;;POL;;;2.35;0.00;0.00;;6.46;6.05;;PL00599;JAS-84;;;N;;N;N;N;;;FX;;GNS, FPO, LLS;3.70;0.00;Wood;;1961-08-17;MFL;1960-01-01;;2018-01-05
POL033800601;;POL;;;11.44;0.00;0.00;;11.12;10.09;LITTLE PRINCESS;PL00601;DAR-127;;;N;;N;N;N;;;FX;;GNS, FPO, LLD, LLS;15.30;0.00;Fiber/Plastic;;1970-02-13;MFL;1970-01-01;2016-12-29;
POL033800603;;POL;;;2.01;0.00;0.00;;6.10;5.79;<NO NAME GIVEN>;PL00603;JAS-100;;;N;;N;;;;;FX;;GNS, GND;21.30;0.00;Wood;;1975-12-31;MFL;1975-01-01;;2005-06-09
POL033800604;;POL;;;2.89;0.00;0.00;;6.55;6.22;<NO NAME GIVEN>;PL00604;JAS-101;;;N;;N;;;;;FX;;GNS, FPO;21.30;0.00;Wood;;1966-07-09;MFL;1966-01-01;;2008-04-17
POL033800607;;POL;;;1.57;0.00;0.00;;5.90;5.64;<NO NAME GIVEN>;PL00607;JAS-105;;;N;;N;;;;;FX;;GNS, LLS;7.00;0.00;Wood;;1965-12-31;MFL;1965-01-01;;2007-10-03
POL033800608;;POL;;;4.12;0.00;0.00;;7.82;7.40;No name;PL00608;JAS-107;Jastarnia;;Y;SPG3393;N;N;N;;;FX;;GNS, LHP, FPO, LLS, LLD, FYK;67.11;0.00;Fiber/Plastic;;1973-12-31;MFL;1973-01-01;;
POL033800609;;POL;;;2.41;0.00;0.00;;7.99;7.65;No name;PL00609;JAS-108;Jastarnia;;Y;SPG3515;N;N;N;;;GO;;GNS, LLS, FYK, FPO;18.70;0.00;Wood;;1983-06-22;MFL;1983-01-01;2024-11-13;
POL033800610;261025480;POL;;;6.00;0.00;0.00;;9.80;8.88;No name;PL00610;ŁEB-110;;;Y;SPG3542;N;N;Y;;;FX;;GNS, LLD, LLS;38.20;0.00;Other;;1971-12-31;MFL;1971-01-01;;
POL033800611;;POL;;;6.16;0.00;0.00;;10.06;8.43;No name;PL00611;JAS-112;Jastarnia;;Y;SPG3381;N;N;N;;;GO;;GNS, FYK, LLD, LLS;38.20;0.00;Wood;;1984-05-25;MFL;1984-01-01;;
POL033800612;;POL;;;0.54;0.00;0.00;;4.45;4.18;<NO NAME GIVEN>;PL00612;JAS-97;;;N;;N;;;;;FX;;GNS, FPO;0.00;0.00;Fiber/Plastic;;1985-06-01;MFL;1985-01-01;;2017-02-08
POL033800614;;POL;;;1.88;0.00;0.00;;6.60;6.24;<NO NAME GIVEN>;PL00614;DWI-16;;;N;;N;;;;;FX;;GNS, LLS;14.70;0.00;Wood;;1961-12-31;MFL;1961-01-01;;2013-04-08
POL033800615;;POL;;;4.96;0.00;0.00;;7.99;7.64;No name;PL00615;JAS-119;Jastarnia;;Y;SPG3508;N;N;N;;;FX;;GNS, FYK, LLS, LLD;21.00;0.00;Fiber/Plastic;;1979-04-18;MFL;1979-01-01;;
POL033800616;;POL;;;1.08;0.00;0.00;;5.20;4.80;<NO NAME GIVEN>;PL00616;JAS-127;;;N;;N;;;;;FX;;GNS, GND;0.00;0.00;Metal;;1985-12-31;MFL;1985-01-01;;2007-11-06
POL033800617;;POL;;;7.82;0.00;0.00;;9.19;8.74;<NO NAME GIVEN>;PL00617;UST-108;;;N;;N;;;;;FX;;LLS, GNS;38.20;0.00;Wood;;1970-07-15;MFL;1970-01-01;2005-09-15;
POL033800700;;POL;;;1.81;0.00;0.00;;5.30;5.06;<NO NAME GIVEN>;PL00700;JAS-70;;;N;;N;;;;;FX;;GND, GNS;3.60;0.00;Wood;;1991-04-11;MFL;1991-01-01;;2006-10-16
POL033801027;;POL;;;4.62;0.00;0.00;;8.20;7.30;No name;PL01027;JAS-125;Jastarnia;;Y;SPG3360;N;N;N;;;FX;;GNS, LLD, LLS, FYK, FPO;31.50;0.00;Metal;;1988-05-23;MFL;1988-01-01;;
POL033801654;;POL;;;88.00;82.29;0.00;;24.00;22.33;<NO NAME GIVEN>;PL01654;JAS-33;;;Y;SPG2055;N;;;;;FX;;OTB, OTM;154.40;0.00;Wood;;1956-08-10;MFL;1956-01-01;;2006-01-11
POL033801879;;POL;;;1.51;0.00;0.00;;4.60;3.74;<NO NAME GIVEN>;PL01879;JAS-4;;;N;;N;;;;;FX;;GNS, FPO;0.00;0.00;Fiber/Plastic;;2002-07-16;MFL;1990-01-01;;2007-02-23
POL033801997;261071090;POL;;;6.08;0.00;0.00;;9.95;9.44;No name;PL01997;JAS-10;Jastarnia;;Y;SPG3498;N;N;Y;;;FX;;LLS, FPO, FYK, LLD, GNS;38.20;0.00;Metal;;1987-04-09;MFL;1987-01-01;;
POL033802015;261089020;POL;;;2.57;0.00;0.00;;7.79;7.01;No name;PL02015;JAS-13;;;Y;SPG3477;N;N;Y;;;GO;;GNS, LLS, LLD, FPO, FYK;10.30;0.00;Other;;1993-07-19;MFL;1990-01-01;;
POL033802035;;POL;;;7.37;0.00;0.00;;11.98;11.17;No name;PL02035;JAS-15;Jastarnia;;N;;N;N;N;;;FX;;GNS, LLD, LLS, FPO;38.20;0.00;Metal;;1990-03-09;MFL;1990-01-01;;
POL033802125;;POL;;;7.81;0.00;0.00;;11.29;10.60;No name;PL02125;JAS-19;Jastarnia;;N;;N;N;N;;;FX;;LLS, PTM, GNS, LLD, LHM, FPO;19.90;0.00;Other;;2009-05-26;MFL;2008-01-01;;2021-07-14
POL033802183;;POL;;;7.32;0.00;0.00;;10.70;9.85;No name;PL02183;PAS-102;Nowa Pasłęka;;Y;SPG3804;N;N;N;;;FX;;GNS, LLD, FPN, LLS, FYK, LVT;15.00;0.00;Fiber/Plastic;;1991-01-28;MFL;1989-01-01;;
POL033802243;;POL;;;0.51;0.00;0.00;;4.16;3.94;No name;PL02243;CHA-38;Chałupy;;Y;SPG4497;N;N;N;;;FX;;GNS, LLS, FYK, LLD;0.00;0.00;Fiber/Plastic;;2013-07-16;MFL;1999-01-01;;
POL033802246;;POL;;;0.54;0.00;0.00;;4.16;3.78;No name;PL02246;JAS-129;Jastarnia;;Y;SPG4439;N;N;N;;;FX;;GNS, FYK, FPO, LLS, LLD;0.00;0.00;Fiber/Plastic;;2013-08-09;MFL;1985-01-01;;2023-08-07
POL033802254;;POL;;;0.82;0.00;0.00;;5.35;4.85;No name;PL02254;JAS-130;Jastarnia;;Y;SPG5024;N;N;N;;;FX;;GNS, FYK, LLD, LLS, FPO;15.00;0.00;Fiber/Plastic;;2013-09-18;MFL;2001-01-01;;
POL033802255;;POL;;;0.56;0.00;0.00;;4.16;3.74;No name;PL02255;JAS-131;;;N;;N;N;N;;;FX;;GNS, LLS, FYK, LLD;3.00;0.00;Fiber/Plastic;;2013-09-19;MFL;2005-01-01;;
POL033802268;;POL;;;1.00;0.00;0.00;;6.55;6.14;MOWEN RIFF;PL02268;JAS-133;;;Y;SPG3991;N;N;N;;;FX;;GNS, FPN, FYK, LLS;15.00;0.00;Fiber/Plastic;;2014-02-11;MFL;2013-01-01;;
POL033900165;;POL;;;145.00;161.12;0.00;;25.69;23.42;<NO NAME GIVEN>;PL00165;HEL-100;;;Y;SPG2166;N;;;;;FX;;OTM, OTB;420.00;0.00;Metal;;1976-07-08;MFL;1976-01-01;2009-10-29;
POL033900166;;POL;;;143.00;161.12;0.00;;25.72;23.42;<NO NAME GIVEN>;PL00166;HEL-101;;;Y;SPG2167;N;;;;;FX;;OTM, OTB;420.00;0.00;Metal;;1976-08-11;MFL;1976-01-01;2009-12-09;
POL033900167;261007210;POL;;;173.00;161.12;27.00;;26.06;23.42;No name;PL00167;HEL-102;;;Y;SPG2382;Y;Y;Y;7625847;;TTW;;OTM, OTB, PTM, PTB;420.00;61.00;Metal;;1977-04-04;MFL;1976-01-01;;
POL033900169;261001870;POL;;;173.00;160.42;30.00;;25.82;23.42;No name;PL00169;HEL-111;;;Y;SPG2544;Y;Y;Y;7906021;;TTW;;OTM, PTB, OTB, PTM;420.00;65.00;Metal;;1980-06-26;MFL;1979-01-01;;
POL033900170;261001880;POL;;;173.00;161.12;27.00;;26.10;23.42;No name;PL00170;HEL-112;;;Y;SPG2601;Y;Y;Y;7625861;;TTW;;OTM, PTM, OTB, PTB;420.00;61.00;Metal;;1977-03-31;MFL;1977-01-01;;
POL033900171;;POL;;;92.00;106.74;0.00;;24.61;22.33;<NO NAME GIVEN>;PL00171;SWI-41;;;Y;SPS2358;N;;;;;FX;;OTB, OTM;243.00;0.00;Metal;;1959-06-15;MFL;1959-01-01;2005-02-14;
POL033900173;261007370;POL;;;145.00;161.54;38.00;;26.31;23.48;No name;PL00173;HEL-125;Hel;;Y;SPG2387;Y;Y;Y;7635804;;TT;;OTM, PTB, OTB;420.00;74.80;Metal;;1978-03-13;MFL;1977-01-01;;2022-11-21
POL033900174;;POL;;;142.00;161.12;0.00;;25.78;23.42;<NO NAME GIVEN>;PL00174;GDY-7;;;Y;SPG2169;N;;;;;FX;;OTB, OTM;420.00;0.00;Metal;;1977-12-31;MFL;1977-01-01;2005-09-15;
POL033900175;;POL;;;137.00;160.62;0.00;;25.76;23.42;<NO NAME GIVEN>;PL00175;HEL-131;;;Y;SPG2213;N;;;;;FX;;OTM, OTB;420.00;0.00;Metal;;1979-10-26;MFL;1979-01-01;;2008-10-16
POL033900176;;POL;;;181.00;0.00;0.00;;29.15;25.30;SOLA;PL00176;HEL-135;;;Y;SPG2170;N;;;;;FX;;OTM, OTB;420.00;0.00;Metal;;1967-10-19;MFL;1967-01-01;2005-09-15;
POL033900177;;POL;;;95.00;102.41;0.00;;24.58;22.33;<NO NAME GIVEN>;PL00177;HEL-136;;;Y;SPG2246;N;;;;;FX;;OTB, OTM;243.00;0.00;Metal;;1971-11-13;MFL;1971-01-01;2005-03-02;
POL033900178;;POL;;;95.00;106.29;0.00;;24.50;22.33;<NO NAME GIVEN>;PL00178;HEL-138;;;Y;SPG2381;N;;;;;FX;;OTB, LLD;257.00;0.00;Metal;;1973-11-27;MFL;1973-01-01;2005-01-19;
POL033900179;;POL;;;95.00;106.33;0.00;;24.51;22.33;<NO NAME GIVEN>;PL00179;HEL-139;;;Y;SPS2427;N;;;;;FX;;OTM, OTB;258.00;0.00;Metal;;1974-09-11;MFL;1974-01-01;2005-01-21;
POL033900180;261003890;POL;;;155.00;106.33;32.00;;25.60;22.77;ALBERT;PL00180;WŁA-131;;;Y;SPG2005;Y;Y;Y;7405584;;FX;;LLD, PTM, OTB, OTM, PTB;581.00;208.00;Metal;;1974-10-15;MFL;1974-01-01;;
POL033900181;;POL;;;142.00;106.18;0.00;;24.97;22.33;<NO NAME GIVEN>;PL00181;HEL-142;;;Y;SPS2509;N;;;;;FX;;OTB, OTM;258.00;0.00;Metal;;1975-05-08;MFL;1975-01-01;2005-07-06;
POL033900182;261003910;POL;;;200.00;177.61;31.00;;26.78;23.86;No name;PL00182;HEL-150;;;Y;SPG2009;Y;Y;Y;8600260;;TTW;;OTM, OTB;419.00;91.60;Metal;;1987-06-17;MFL;1987-01-01;;
POL033900183;261006110;POL;;;192.00;176.93;26.00;;26.75;23.83;No name;PL00183;HEL-152;;;Y;SPG2025;Y;Y;Y;8600284;;TTW;;OTM, OTB, GNS;419.00;91.60;Metal;;1988-01-15;MFL;1987-01-01;;
POL033900344;;POL;;;43.00;42.79;0.00;;17.06;15.21;No name;PL00344;HEL-23;Hel;;Y;SPG2223;Y;N;N;;;FX;;GNS, LLS, OTB, OTM, LLD, PTM;240.00;4.85;Metal;;1960-08-10;MFL;1960-01-01;;2024-10-23
POL033900345;;POL;;;39.00;36.35;0.00;;17.38;15.14;<NO NAME GIVEN>;PL00345;HEL-90;;;Y;SPG2142;N;;;;;FX;;GND, LLD;121.00;0.00;Metal;;1951-10-04;MFL;1950-01-01;2005-03-31;
POL033900346;261006830;POL;;;33.00;0.00;0.00;;18.56;15.88;No name;PL00346;HEL-95;Hel;;Y;SPG2126;Y;Y;Y;;;TT;;LLD, OTB, PTB, PTM, GNS, OTM;247.00;1.20;Metal;;1951-08-20;MFL;1951-01-01;;
POL033900347;;POL;;;38.00;36.29;0.00;;17.38;15.14;<NO NAME GIVEN>;PL00347;HEL-98;;;Y;SPG2301;N;;;;;FX;;GNS, LLD;180.00;0.00;Metal;;1951-08-21;MFL;1951-01-01;2010-01-26;
POL033900348;;POL;;;47.00;41.99;0.00;;18.50;16.94;<NO NAME GIVEN>;PL00348;HEL-129;;;Y;SPG2602;Y;;;;;FX;;OTB, LLD;211.00;0.00;Wood;;1958-08-08;MFL;1947-01-01;;2005-10-13
POL033900550;;POL;;;4.60;0.00;0.00;;8.00;7.30;<NO NAME GIVEN>;PL00550;HEL-1;;;N;;N;;;;;FX;;GNS, LLS;28.00;0.00;Wood;;1954-12-31;MFL;1954-01-01;;2006-12-20
POL033900551;;POL;;;2.63;0.00;0.00;;7.85;7.01;No name;PL00551;HEL-3;Hel;;Y;SPG3874;N;N;N;;;FX;;LLS, LLD, FYK, GNS, FPO;14.70;0.00;Fiber/Plastic;;1987-12-31;MFL;1987-01-01;;
POL033900552;;POL;;;2.65;0.00;0.00;;6.20;5.71;<NO NAME GIVEN>;PL00552;UST-152;;;N;;N;;;;;FX;;LLS, GNS;8.80;0.00;Wood;;1966-12-31;MFL;1966-01-01;;2009-10-02
POL033900553;;POL;;;2.15;0.00;0.00;;6.24;5.82;<NO NAME GIVEN>;PL00553;HEL-7;;;N;;N;;;;;FX;;GNS, LLS;40.50;0.00;Wood;;1992-12-31;MFL;1992-01-01;;2009-04-14
POL033900554;;POL;;;0.60;0.00;0.00;;4.30;3.55;No name;PL00554;HEL-9;Hel;;Y;SPG4314;N;N;N;;;FX;;LLS, LLD, GNS, MIS, FYK;0.00;0.00;Wood;;1948-12-31;MFL;1948-01-01;;
POL033900555;261022470;POL;;;4.77;0.00;0.00;;9.29;8.47;No name;PL00555;HEL-10;Hel;;Y;SPG3713;N;N;Y;;;FX;;GNS, LLS, FYK, FPO, LLD, FIX;57.00;0.00;Fiber/Plastic;;1965-12-31;MFL;1965-01-01;;
POL033900556;;POL;;;3.01;0.00;0.00;;7.90;7.34;No name;PL00556;UNI-14;;;Y;SPG3784;N;N;N;;;FX;;GNS, LLD, LLS, FPO;40.50;0.00;Other;;1959-12-31;MFL;1959-01-01;;
POL033900557;;POL;;;0.74;0.00;0.00;;4.40;3.55;No name;PL00557;HEL-13;Hel;;Y;SPG4268;N;N;N;;;FX;;FPO, FYK, GNS, LLS;0.00;0.00;Wood;;1999-06-22;MFL;1993-01-01;;
POL033900558;;POL;;;0.68;0.00;0.00;;4.40;3.55;No name;PL00558;HEL-17;Hel;;Y;SPG4466;N;N;N;;;FX;;GNS, FPO, FYK, LLS;0.00;0.00;Wood;;1990-06-21;MFL;1990-01-01;;
POL033900701;;POL;;;4.79;0.00;0.00;;8.80;8.16;<NO NAME GIVEN>;PL00701;HEL-21;;;N;;N;;;;;FX;;GNS, GND;41.60;0.00;Metal;;1998-06-05;MFL;1962-01-01;2006-02-07;
POL033901427;;POL;;;4.26;0.00;0.00;;9.35;8.34;No name;PL01427;HEL-4;;;Y;SPG2791;N;N;N;;;GO;;GNS, LLS, LLD, FYK, FPO;86.40;0.00;Fiber/Plastic;;2002-09-23;MFL;2001-01-01;;
POL033901999;;POL;;;14.15;0.00;0.00;;11.95;11.30;No name;PL01999;HEL-30;Hel;;Y;SPG3064;N;N;N;;;FX;;LLS, LLD, FPO, GNS, OTB, FYK;100.00;0.00;Metal;;2005-07-01;MFL;2004-01-01;;
POL033902022;261010330;POL;;;6.32;0.00;0.00;;10.62;9.60;No name;PL02022;HEL-6;Hel;;Y;SPG2839;N;N;Y;;;FX;;GNS, FPO, LLS, LLD, FYK;28.00;0.00;Fiber/Plastic;;2006-12-12;MFL;2006-01-01;;
POL033902159;;POL;;;5.75;0.00;0.00;;10.37;9.00;No name;PL02159;HEL-40;Hel;;Y;SPG3336;N;N;N;;;FX;;GNS, FYK, FPO, LLS, LLD;27.40;0.00;Metal;;2010-07-13;MFL;2009-01-01;;
POL034000533;;POL;;;2.99;0.00;0.00;;7.50;7.08;<NO NAME GIVEN>;PL00533;DEB-2;;;N;;N;;;;;FX;;GNS, NO;12.00;0.00;Wood;;1998-09-15;MFL;1998-01-01;;2013-07-08
POL034000534;;POL;;;2.29;0.00;0.00;;7.50;7.08;No name;PL00534;DĘB-3;Dębki;;N;;N;N;N;;;FX;;GNS, NO;12.00;0.00;Wood;;2002-04-09;MFL;2002-01-01;2024-11-07;
POL034000535;;POL;;;2.42;0.00;0.00;;6.74;6.31;<NO NAME GIVEN>;PL00535;DEB-4;;;N;;N;;;;;FX;;GNS, GND;14.70;0.00;Wood;;1979-05-24;MFL;1979-01-01;;2007-07-27
POL034000536;;POL;;;2.92;0.00;0.00;;7.20;6.77;No name;PL00536;DĘB-5;;;N;;N;N;N;;;FX;;GNS, NK;14.70;0.00;Wood;;1984-09-06;MFL;1984-01-01;;
POL034000538;;POL;;;1.97;0.00;0.00;;6.88;6.37;No name;PL00538;DĘB-7;;;N;;N;N;N;;;FX;;GNS, NK;13.20;0.00;Wood;;2000-02-11;MFL;2000-01-01;;
POL034002041;;POL;;;2.15;0.00;0.00;;7.02;6.20;No name;PL02041;DĘB-8;;;N;;N;N;N;;;FX;;GNS, LLS, FYK;14.70;0.00;Wood;;2007-07-11;MFL;2007-01-01;;
POL034002231;;POL;;;2.52;0.00;0.00;;7.80;7.01;No name;PL02231;DĘB-10;Dębki;;Y;SPG3919;N;N;N;;;FX;;GNS, FYK;12.00;0.00;Wood;;2013-07-04;MFL;2013-01-01;;
POL034100539;;POL;;;1.75;0.00;0.00;;5.50;5.25;<NO NAME GIVEN>;PL00539;UST-129;;;N;;N;;;;;FX;;GNS, LLS;6.00;0.00;Wood;;1974-12-31;MFL;1974-01-01;;2009-03-24
POL034200526;;POL;;;0.31;0.00;0.00;;3.22;2.93;No name;PL00526;CHŁ-2;Chłapowo;;Y;SPG3788;N;N;N;;;FX;;GNS, FPO, LLS, FYK;0.00;0.00;Fiber/Plastic;;1989-12-20;MFL;1989-01-01;;
POL034200528;;POL;;;0.38;0.00;0.00;;3.50;3.17;No name;PL00528;CHŁ-5;;;N;;N;N;N;;;FX;;GNS, LLS;0.00;0.00;Fiber/Plastic;;1998-07-23;MFL;1993-01-01;;
POL034200530;;POL;;;0.74;0.00;0.00;;4.95;4.61;<NO NAME GIVEN>;PL00530;CHL-6;;;N;;N;;;;;FX;;GNS, FPO;1.47;0.00;Fiber/Plastic;;1995-06-01;MFL;1995-01-01;;2009-04-06
POL034200532;;POL;;;1.17;0.00;0.00;;5.60;5.23;No name;PL00532;CHŁ-8;Chłapowo;;Y;SPG4487;N;N;N;;;FX;;GNS, FYK, FPO, LLS;7.40;0.00;Metal;;1996-09-03;MFL;1996-01-01;;
POL034202108;;POL;;;0.68;0.00;0.00;;3.94;3.66;No name;PL02108;CHŁ-1;;;N;;N;N;N;;;FX;;GNS, FPO, LLS;1.80;0.00;Metal;;2009-04-27;MFL;2008-01-01;;2020-12-03
POL034300804;;POL;;;3.30;0.00;0.00;;6.80;6.43;<NO NAME GIVEN>;PL00804;SWA-2;;;N;;N;;;;;FX;;GNS, FPO;17.70;0.00;Wood;;1971-04-19;MFL;1971-01-01;2005-11-08;
POL034300810;;POL;;;3.10;0.00;0.00;;6.70;6.33;<NO NAME GIVEN>;PL00810;SWA-3;;;N;;N;;;;;FX;;GNS, GND;38.20;0.00;Wood;;1970-12-31;MFL;1970-01-01;;2006-12-08
POL034300811;;POL;;;4.79;0.00;0.00;;7.67;7.50;<NO NAME GIVEN>;PL00811;UST-144;;;N;;N;;;;;FX;;GNS, LLS;50.00;0.00;Wood;;1980-04-22;MFL;1980-01-01;;2004-11-24
POL034300812;;POL;;;4.96;0.00;0.00;;7.85;7.20;<NO NAME GIVEN>;PL00812;SWA-5;;;N;;N;;;;;FX;;LLS, GNS;22.40;0.00;Wood;;1970-12-31;MFL;1970-01-01;2006-12-12;
POL034300813;;POL;;;6.73;0.00;0.00;;9.24;8.28;No name;PL00813;SWA-7;Swarzewo;;Y;SPG3440;N;N;N;;;FX;;GNS, LLS;38.00;0.00;Metal;;1995-03-02;MFL;1995-01-01;2024-08-05;
POL034300814;;POL;;;2.40;0.00;0.00;;7.00;6.40;No name;PL00814;SWA-9;;;Y;SPG4376;N;N;N;;;FX;;GNS, FYK, LLS, FPO;15.20;0.00;Fiber/Plastic;;1983-04-14;MFL;1980-01-01;;
POL034300815;;POL;;;4.03;0.00;0.00;;10.08;8.94;No name;PL00815;SWA-11;;;Y;SPG3068;N;N;N;;;FX;;GNS, FYK, FPO, LLS, LLD;34.60;0.00;Fiber/Plastic;;1979-12-31;MFL;1979-01-01;;
POL034300816;;POL;;;5.09;0.00;0.00;;7.90;6.91;<NO NAME GIVEN>;PL00816;ZAG-2;;;N;;N;;;;;FX;;LLS, GNS;60.00;0.00;Wood;;1974-04-10;MFL;1974-01-01;;2008-06-05
POL034300817;;POL;;;4.17;0.00;0.00;;7.85;7.05;No name;PL00817;SWA-17;Swarzewo;;Y;SPG3499;N;N;N;;;FX;;LLS, FYK, GNS, FPO;17.70;0.00;Wood;;1964-12-31;MFL;1964-01-01;;
POL034300818;;POL;;;1.70;0.00;0.00;;7.00;6.50;No name;PL00818;SWA-18;Swarzewo;;Y;SPG4277;N;N;N;;;FX;;GNS, LLS, LLD, FYK, FPO;18.39;0.00;Fiber/Plastic;;1982-12-31;MFL;1982-01-01;;
POL034302081;;POL;;;4.22;0.00;0.00;;7.92;7.68;No name;PL02081;SWA-1;Swarzewo;;Y;SPG3286;N;N;N;;;FX;;LLS, FPO, GNS, FYK, LLD;22.40;0.00;Fiber/Plastic;;2008-10-31;MFL;2008-01-01;;
POL034302259;;POL;;;1.86;0.00;0.00;;6.60;6.21;No name;PL02259;PUC-48;Puck;;Y;SPG4624;N;N;N;;;FX;;GNS, LLD, LLS, FYK, FPO;21.30;0.00;Fiber/Plastic;;2013-11-28;MFL;1989-01-01;;
POL034302260;;POL;;;0.77;0.00;0.00;;4.55;4.19;No name;PL02260;PAS-101;;;N;;N;N;N;;;FX;;GNS, LLS, FYK;11.00;0.00;Fiber/Plastic;;1993-04-22;MFL;1969-01-01;;
POL034302262;;POL;;;0.20;0.00;0.00;;3.10;2.87;No name;PL02262;SWA-23;;;N;;N;N;N;;;FX;;GNS, FYK, LLS, FPO;0.00;0.00;Fiber/Plastic;;2014-01-02;MFL;2012-01-01;;
POL034302263;;POL;;;0.50;0.00;0.00;;3.90;3.51;No name;PL02263;SWA-22;Swarzewo;;N;;N;N;N;;;FX;;GNS, FYK, FPO, LLS;0.00;0.00;Fiber/Plastic;;2014-01-10;MFL;2012-01-01;;
POL034302292;;POL;;;0.50;0.00;0.00;;3.90;3.51;No name;PL02292;SWA-24;;;Y;SPG4455;N;N;N;;;FX;;LLS, FPO, GNS, FYK;0.00;0.00;Fiber/Plastic;;2014-06-23;MFL;2014-01-01;;2021-02-12
POL034302293;;POL;;;0.43;0.00;0.00;;3.84;3.59;No name;PL02293;SWA-25;Swarzewo;;N;;N;N;N;;;FX;;GNS, LLS, FPO, FYK;0.00;0.00;Fiber/Plastic;;2014-07-29;MFL;2011-01-01;;
POL034400794;;POL;;;2.32;0.00;0.00;;7.98;7.41;No name;PL00794;PUC-1;Puck;;Y;SPG3502;N;N;N;;;FX;;GNS, LHP, FYK, LLS, FPO, LTL;40.18;0.00;Aluminium;;1967-12-31;MFL;1967-01-01;;
POL034400797;;POL;;;1.31;0.00;0.00;;5.55;5.28;No name;PL00797;PUC-5;;;Y;SPG4367;N;N;N;;;FX;;FYK, LLD, LLS, FPO, GNS;25.40;0.00;Fiber/Plastic;;1975-12-31;MFL;1975-01-01;;
POL034400798;;POL;;;0.36;0.00;0.00;;3.65;3.31;<NO NAME GIVEN>;PL00798;PUC-9;;;N;;N;;;;;FX;;GNS, FPO;0.00;0.00;Fiber/Plastic;;1998-08-03;MFL;1998-01-01;;2006-11-17
POL034400800;;POL;;;1.16;0.00;0.00;;5.03;4.35;<NO NAME GIVEN>;PL00800;PUC-12;;;N;;N;;;;;FX;;GNS, FPO;3.70;0.00;Fiber/Plastic;;1979-12-31;MFL;1979-01-01;;2005-03-09
POL034400801;;POL;;;4.56;0.00;0.00;;7.84;7.30;;PL00801;PUC-17;;;N;;N;N;N;;;FX;;GNS, FPO, LLD, LLS;13.20;0.00;Wood;;1976-03-23;MFL;1976-01-01;;2019-03-25
POL034400802;;POL;;;4.17;0.00;0.00;;7.20;6.62;<NO NAME GIVEN>;PL00802;PUC-24;;;N;;N;;;;;FX;;GNS, LLS;21.30;0.00;Wood;;1972-06-02;MFL;1972-01-01;;2005-11-18
POL034401765;;POL;;;3.24;0.00;0.00;;6.40;5.90;<NO NAME GIVEN>;PL01765;PUC-14;;;N;;N;;;;;FX;;LLS, GNS;22.40;0.00;Fiber/Plastic;;2003-10-03;MFL;2003-01-01;;2008-11-03
POL034402009;;POL;;;4.77;0.00;0.00;;7.68;6.85;<NO NAME GIVEN>;PL02009;PUC-10;;;N;;N;;;;;FX;;GNS, LLS;38.20;0.00;Metal;;2006-02-02;MFL;2005-01-01;2013-12-03;
POL034402241;;POL;;;0.58;0.00;0.00;;4.24;3.92;<NO NAME GIVEN>;PL02241;PUC-19;;;N;;N;;;;;FX;;GNS, LLS;2.90;0.00;Fiber/Plastic;;2013-08-26;MFL;1998-01-01;;2017-03-02
POL034402275;;POL;;;2.95;0.00;0.00;;7.10;6.78;No name;PL02275;REW-17;;;Y;SPG4452;N;N;N;;;FX;;GNS, LLD, FPO, LLS, FYK;22.40;0.00;Fiber/Plastic;;2014-02-14;MFL;2013-01-01;;
POL034402276;;POL;;;0.93;0.00;0.00;;5.07;4.41;No name;PL02276;PUC-52;Puck;;Y;SPG6029;N;N;N;;;FX;;GNS, FYK, LLS, FPO;15.00;0.00;Fiber/Plastic;;2014-02-14;MFL;2013-01-01;;
POL034402277;;POL;;;0.50;0.00;0.00;;3.90;3.51;No name;PL02277;PUC-35;;;N;;N;N;N;;;FX;;GNS, LLS, FYK;0.00;0.00;Fiber/Plastic;;2014-02-14;MFL;2013-01-01;;
POL034402297;;POL;;;0.87;0.00;0.00;;6.56;6.10;No name;PL02297;PAS-86;;;Y;SPG4610;N;N;N;;;FX;;GNS, LLS, FPN, FYK;15.00;0.00;Fiber/Plastic;;2014-06-26;MFL;1975-01-01;;
POL034402316;261096010;POL;;;3.22;0.00;0.00;;7.98;7.37;PYZA;PL02316;PUC-38;Puck;;Y;SPG4910;N;N;Y;;;MOX;;FYK, GNS, LTL, LHM, MIS, FPO;63.00;0.00;Aluminium;;2019-05-29;MFL;2015-01-01;;
POL034402323;261057010;POL;;;2.23;0.00;0.00;;7.52;6.55;No name;PL02323;PUC-42;;;Y;SPG5002;N;N;Y;;;MOX;;LHP, FYK, LLS, FPO, GNS, LTL;17.70;0.00;Fiber/Plastic;;2020-04-16;MFL;2008-01-01;;
POL034402326;;POL;;;2.56;0.00;0.00;;5.72;5.05;No name;PL02326;PUC-43;Puck;;Y;SPG5086;N;N;N;;;FX;;FPO, LLS, LTL, LHP, FYK, GNS;29.42;0.00;Fiber/Plastic;;2020-07-22;MFL;2006-01-01;2024-09-25;
POL034402327;;POL;;;1.26;0.00;0.00;;7.00;6.19;PERŁA;PL02327;PUC-44;Puck;;Y;SPG6031;N;N;N;;;FX;;GNS, LLS, FYK, LLD, FPO, LTL;58.80;0.00;Fiber/Plastic;;2020-11-02;MFL;1983-01-01;;
POL034402342;;POL;;;0.83;0.00;0.00;;5.00;4.74;No name;PL02342;PUC-50;Puck;;N;;N;N;N;;;FX;;GNS, LLD, LLS, LTL, FYK, LHP;15.00;0.00;Fiber/Plastic;;2024-09-02;MFL;1981-01-01;;
POL034500061;261004870;POL;;;169.00;0.00;0.00;;26.78;24.39;No name;PL00061;WŁA-312;Władysławowo;;Y;SPG2274;Y;Y;Y;8600363;;FX;;OTM, OTB;419.00;91.60;Metal;;1990-09-07;MFL;1989-01-01;;
POL034500065;261004860;POL;;;169.00;0.00;0.00;;26.76;24.39;No name;PL00065;WŁA-311;Władysławowo;;Y;SPG2273;Y;Y;Y;8600351;;TTW;;OTM, OTB;419.00;91.60;Metal;;1990-06-08;MFL;1989-01-01;;
POL034500066;261004850;POL;;;169.00;0.00;0.00;;26.77;24.39;No name;PL00066;WŁA-310;Władysławowo;;Y;SPG2117;Y;Y;Y;8600296;;FX;;OTM, OTB;419.00;91.60;Metal;;1989-05-16;MFL;1988-01-01;;
POL034500068;261021270;POL;;;149.00;0.00;0.00;;25.91;23.75;No name;PL00068;UST-200;;;Y;SPS2964;Y;Y;Y;7817531;;TTW;;OTM, OTB;420.00;61.00;Metal;;1979-02-19;MFL;1979-01-01;;
POL034500069;261003620;POL;;;173.00;160.62;21.00;;26.32;23.99;No name;PL00069;WŁA-307;;;Y;SPG2446;Y;Y;Y;7905974;;TTW;;OTM, OTB;462.00;73.60;Metal;;1980-02-13;MFL;1979-01-01;;
POL034500071;;POL;;;142.00;101.86;0.00;;25.71;23.42;<NO NAME GIVEN>;PL00071;WLA-306;;;Y;SPG2445;N;;;;;FX;;OTM, OTB;420.00;0.00;Metal;;1980-01-10;MFL;1980-01-01;2005-07-04;
POL034500072;261004830;POL;;;141.00;0.00;0.00;;25.69;23.42;No name;PL00072;WŁA-305;Władysławowo;;Y;SPG2448;Y;Y;Y;7905998;;FX;;OTM, OTB;420.00;61.00;Metal;;1980-03-06;MFL;1979-01-01;;
POL034500073;;POL;;;141.00;160.62;0.00;;25.75;23.42;<NO NAME GIVEN>;PL00073;WLA-304;;;Y;SPG2437;N;;;;;FX;;OTM, OTB;420.00;0.00;Metal;;1978-06-03;MFL;1978-01-01;2006-02-16;
POL034500074;;POL;;;141.00;161.12;0.00;;25.68;23.42;<NO NAME GIVEN>;PL00074;WLA-303;;;Y;SPG2436;N;;;;;FX;;OTM, OTB;419.00;0.00;Metal;;1976-07-31;MFL;1976-01-01;2006-06-27;
POL034500080;;POL;;;162.00;109.43;22.00;;25.20;22.94;<NO NAME GIVEN>;PL00080;HEL-146;;;Y;SPG2449;Y;;;;;FX;;OTB, OTM;420.00;0.00;Metal;;1975-11-13;MFL;1975-01-01;;2011-08-03
POL034500085;;POL;;;142.00;161.12;0.00;;25.74;23.42;<NO NAME GIVEN>;PL00085;WLA-299;;;Y;SPG2438;N;;;;;FX;;OTM, OTB;419.00;0.00;Metal;;1978-03-18;MFL;1978-01-01;2009-10-07;
POL034500086;;POL;;;143.00;161.54;0.00;;26.28;23.48;<NO NAME GIVEN>;PL00086;WLA-297;;;Y;SPG2439;N;;;;;FX;;OTM, OTB;420.00;0.00;Metal;;1979-02-19;MFL;1979-01-01;2009-12-08;
POL034500093;;POL;;;142.00;161.54;0.00;;26.28;23.48;<NO NAME GIVEN>;PL00093;WLA-296;;;Y;SPG2440;N;;;;;FX;;OTB, OTM;420.00;0.00;Metal;;1979-01-22;MFL;1979-01-01;2005-08-04;
POL034500094;261004780;POL;;;143.00;0.00;0.00;;26.27;23.48;No name;PL00094;WŁA-295;Władysławowo;;Y;SPG2016;Y;Y;Y;7635749;;FX;;OTM, OTB;420.00;64.00;Metal;;1979-01-05;MFL;1978-01-01;;
POL034500107;;POL;;;142.00;161.54;0.00;;26.29;23.48;<NO NAME GIVEN>;PL00107;WLA-294;;;Y;SPG2022;N;;;;;FX;;OTM, OTB;420.00;0.00;Metal;;1978-12-12;MFL;1978-01-01;2005-09-09;
POL034500108;;POL;;;143.00;161.54;0.00;;26.29;23.48;<NO NAME GIVEN>;PL00108;WLA-292;;;Y;SPG2451;N;;;;;FX;;OTM, OTB;419.00;0.00;Metal;;1978-06-03;MFL;1978-01-01;2005-11-30;
POL034500109;261005270;POL;;;156.00;0.00;0.00;;28.29;24.91;No name;PL00109;WŁA-291;Władysławowo;;Y;SPG2441;Y;Y;Y;7635787;;FX;;OTM, OTB;420.00;118.00;Metal;;1978-04-25;MFL;1977-01-01;;
POL034500110;;POL;;;143.00;161.54;0.00;;26.29;23.48;<NO NAME GIVEN>;PL00110;WLA-289;;;Y;SPG2443;N;;;;;FX;;OTM, OTB;420.00;0.00;Metal;;1980-04-24;MFL;1979-01-01;2009-12-21;
POL034500111;261007120;POL;;;145.00;0.00;0.00;;26.55;23.48;No name;PL00111;HEL-103;Hel;;Y;SPG2444;Y;Y;Y;7635701;;TTW;;OTM, OTB, LLD;420.00;61.40;Metal;;1979-12-31;MFL;1979-01-01;;
POL034500113;;POL;;;95.00;106.48;0.00;;24.49;22.33;<NO NAME GIVEN>;PL00113;WLA-212;;;Y;SPG2452;N;;;;;FX;;OTB, OTM;257.00;0.00;Metal;;1975-08-16;MFL;1975-01-01;2005-02-02;
POL034500114;;POL;;;95.00;106.51;0.00;;24.51;22.33;<NO NAME GIVEN>;PL00114;WLA-211;;;Y;SPG2027;N;;;;;FX;;OTB, PTB;258.00;0.00;Metal;;1975-03-01;MFL;1975-01-01;2005-01-06;
POL034500115;;POL;;;95.00;106.87;0.00;;24.58;22.33;<NO NAME GIVEN>;PL00115;WLA-210;;;Y;SPG2129;N;;;;;FX;;OTB, OTM;257.00;0.00;Metal;;1975-01-17;MFL;1975-01-01;2005-02-02;
POL034500116;261003640;POL;;;153.00;106.33;29.00;;25.69;22.77;BLANKA;PL00116;WŁA-209;Władysławowo;;Y;SPG2130;Y;Y;Y;7393482;;TTW;;OTB, PTB, LLD, OTM;386.00;156.00;Metal;;1974-07-16;MFL;1974-01-01;;
POL034500118;;POL;;;95.00;106.40;0.00;;24.48;22.33;<NO NAME GIVEN>;PL00118;WLA-208;;;Y;SPS2353;N;;;;;FX;;GNS, GND;258.00;0.00;Metal;;1974-06-24;MFL;1974-01-01;2005-06-27;
POL034500119;261009080;POL;;;124.00;106.15;29.00;;24.50;22.33;No name;PL00119;WŁA-207;;;Y;SPG2128;Y;Y;Y;7393468;;TTW;;OTB, PTB, LLD, OTM;238.00;61.00;Metal;;1974-05-24;MFL;1974-01-01;;
POL034500121;;POL;;;95.00;105.35;0.00;;24.54;22.33;<NO NAME GIVEN>;PL00121;WLA-206;;;Y;SPG2272;N;;;;;FX;;OTB, PTB;257.00;0.00;Metal;;1973-06-27;MFL;1973-01-01;2005-01-31;
POL034500122;;POL;;;95.00;103.98;0.00;;24.52;22.33;<NO NAME GIVEN>;PL00122;WLA-204;;;Y;SPG2131;N;;;;;FX;;OTB, NO;258.00;0.00;Metal;;1973-05-07;MFL;1973-01-01;2005-05-12;
POL034500126;;POL;;;95.00;102.52;0.00;;24.42;22.33;<NO NAME GIVEN>;PL00126;WLA-203;;;Y;SPG2453;N;;;;;FX;;GNS, GND;258.00;0.00;Metal;;1972-10-18;MFL;1972-01-01;2005-02-02;
POL034500128;;POL;;;95.00;102.82;0.00;;24.55;22.33;<NO NAME GIVEN>;PL00128;WLA-202;;;Y;SPG2454;N;;;;;FX;;OTB, PTB;257.30;0.00;Metal;;1972-09-28;MFL;1972-01-01;2009-11-02;
POL034500130;;POL;;;95.00;106.01;0.00;;24.43;22.33;<NO NAME GIVEN>;PL00130;WLA-201;;;Y;SPG2467;N;;;;;FX;;OTB, NO;257.00;0.00;Metal;;1974-05-31;MFL;1974-01-01;2005-01-28;
POL034500131;;POL;;;95.00;106.39;0.00;;24.50;22.33;<NO NAME GIVEN>;PL00131;WLA-200;;;Y;SPG2364;N;;;;;FX;;OTB, PTB;258.00;0.00;Metal;;1974-04-18;MFL;1974-01-01;2005-02-02;
POL034500133;;POL;;;92.00;106.47;0.00;;24.62;22.33;<NO NAME GIVEN>;PL00133;WLA-152;;;Y;SPG2293;N;;;;;FX;;OTB, LLD;165.00;0.00;Metal;;1963-06-19;MFL;1963-01-01;2005-01-06;
POL034500138;;POL;;;92.00;106.26;0.00;;24.62;22.33;<NO NAME GIVEN>;PL00138;WLA-149;;;Y;SPG2155;N;;;;;FX;;GNS, LLS;165.00;0.00;Metal;;1962-10-17;MFL;1962-01-01;2007-01-03;
POL034500140;;POL;;;92.00;105.91;0.00;;24.56;22.33;<NO NAME GIVEN>;PL00140;WLA-148;;;Y;SPG2135;N;;;;;FX;;OTB, NO;166.00;0.00;Metal;;1962-08-01;MFL;1962-01-01;2005-06-09;
POL034500145;;POL;;;92.00;105.91;0.00;;24.54;22.33;<NO NAME GIVEN>;PL00145;WLA-146;;;Y;SPG2134;N;;;;;FX;;OTB, NO;166.00;0.00;Metal;;1962-05-07;MFL;1962-01-01;2005-06-02;
POL034500152;;POL;;;92.00;105.91;0.00;;24.55;22.33;<NO NAME GIVEN>;PL00152;WLA-145;;;Y;SPG2298;N;;;;;FX;;GNS, OTB;165.00;0.00;Metal;;1962-04-06;MFL;1962-01-01;2004-12-29;
POL034500154;;POL;;;92.00;107.39;0.00;;24.55;22.33;<NO NAME GIVEN>;PL00154;WLA-137;;;Y;SPS2439;N;;;;;FX;;OTB, LLS;243.00;0.00;Metal;;1960-07-12;MFL;1960-01-01;2005-04-04;
POL034500155;;POL;;;92.00;107.12;0.00;;24.58;22.33;<NO NAME GIVEN>;PL00155;WLA-120;;;Y;SPG2542;N;;;;;FX;;OTB, NO;166.00;0.00;Metal;;1960-05-07;MFL;1960-01-01;2005-06-15;
POL034500156;;POL;;;92.00;106.37;0.00;;24.60;22.33;<NO NAME GIVEN>;PL00156;WLA-107;;;Y;SPG2210;Y;;;;;FX;;OTB, PTB;166.00;0.00;Metal;;1964-08-13;MFL;1964-01-01;;2006-03-08
POL034500157;;POL;;;92.00;106.53;0.00;;24.63;22.33;<NO NAME GIVEN>;PL00157;WLA-77;;;Y;SPG2125;N;;;;;FX;;GNS, GND;166.00;0.00;Metal;;1958-02-27;MFL;1958-01-01;2005-01-05;
POL034500158;261010830;POL;;;88.00;0.00;0.00;;24.54;22.33;No name;PL00158;WŁA-60;Władysławowo;;Y;SPG2551;Y;Y;Y;7034579;;TSW;;OTB, PTM, OTM, PTB, LLD;243.00;8.40;Metal;;1966-01-17;MFL;1965-01-01;;
POL034500159;;POL;;;92.00;105.84;0.00;;24.60;22.33;<NO NAME GIVEN>;PL00159;WLA-41;;;Y;SPG2243;Y;;;;;FX;;OTB, PTB;213.00;0.00;Metal;;1965-09-06;MFL;1965-01-01;2009-10-13;
POL034500160;;POL;;;95.00;106.48;0.00;;24.50;22.33;<NO NAME GIVEN>;PL00160;WLA-40;;;Y;SPG2218;N;;;;;FX;;OTB, OTM;258.00;0.00;Metal;;1975-06-12;MFL;1975-01-01;2006-03-13;
POL034500161;;POL;;;95.00;106.37;0.00;;24.49;22.33;<NO NAME GIVEN>;PL00161;WLA-38;;;Y;SPG2576;N;;;;;FX;;OTB, PTB;201.00;0.00;Metal;;1975-07-04;MFL;1975-01-01;2009-11-16;
POL034500162;;POL;;;92.00;105.87;0.00;;23.99;22.33;<NO NAME GIVEN>;PL00162;WLA-36;;;Y;SPG2652;N;;;;;FX;;OTB, NO;194.00;0.00;Metal;;1966-12-29;MFL;1966-01-01;2009-12-09;
POL034500163;;POL;;;92.00;106.26;0.00;;24.50;22.33;<NO NAME GIVEN>;PL00163;WLA-28;;;Y;SPG2353;N;;;;;FX;;OTB, PTM;166.00;0.00;Metal;;1963-02-28;MFL;1963-01-01;2009-10-27;
POL034500164;261006140;POL;;;108.00;78.78;36.00;;22.28;18.61;No name;PL00164;WŁA-22;Władysławowo;;Y;SPG2261;Y;Y;Y;2875629;;TSW;;OTM, PTM, PTB, OTB, LLD, GNS;275.00;14.00;Metal;;1978-10-24;MFL;1978-01-01;;
POL034500254;261004340;POL;;;133.00;78.39;45.00;;24.98;21.86;No name;PL00254;HEL-155;Hel;;Y;SPG2183;Y;Y;Y;2875605;;FX;;OTB, LLD, OTM;291.00;57.60;Metal;;1980-12-06;MFL;1979-01-01;;
POL034500255;261003970;POL;;;79.00;0.00;0.00;;21.77;18.61;No name;PL00255;WŁA-253;;;Y;SPG2182;Y;Y;Y;;;FX;;OTB, PTB, LLD, GNS, OTM;227.00;57.60;Metal;;1980-09-27;MFL;1980-01-01;;
POL034500259;;POL;;;77.00;0.00;0.00;;20.96;18.61;<NO NAME GIVEN>;PL00259;WLA-252;;;Y;SPG2181;N;;;;;FX;;OTB, PTB;228.00;0.00;Metal;;1979-12-31;MFL;1979-01-01;;2005-10-25
POL034500260;261006770;POL;;;113.00;78.41;36.00;;20.96;18.61;No name;PL00260;WŁA-250;Władysławowo;;Y;SPG2179;Y;Y;Y;2875576;;TS;;OTB, OTM;340.00;51.10;Metal;;1978-11-28;MFL;1978-01-01;2025-04-25;
POL034500261;261006870;POL;;;33.00;0.00;0.00;;18.58;15.29;No name;PL00261;WŁA-197;Władysławowo;;Y;SPG2347;Y;Y;Y;;;TSW;;PTB, OTB, PTM, GNS;121.00;3.60;Metal;;1957-10-04;MFL;1957-01-01;;
POL034500264;261010020;POL;;;34.00;0.00;0.00;;18.57;15.27;No name;PL00264;WŁA-196;Władysławowo;;Y;SPG2392;Y;Y;Y;;;TSW;;GNS, LLS, LLD, OTB, PTM, PTB;121.00;0.00;Metal;;1958-10-22;MFL;1958-01-01;;
POL034500266;261010250;POL;;;78.00;0.00;34.00;;23.23;18.90;No name;PL00266;WŁA-161;Władysławowo;;Y;SPG2120;Y;Y;Y;2875564;;TS;;OTB, PTM, OTM, PTB;228.00;25.00;Metal;;1989-07-20;MFL;1989-01-01;;2022-11-21
POL034500270;261003990;POL;;;69.00;48.55;25.00;;20.71;16.87;No name;PL00270;WŁA-130;Władysławowo;;Y;SPG2121;Y;Y;Y;;;TS;;OTB, GNS, LHP, OTM, PTB, LLD;288.00;4.95;Metal;;1966-03-30;MFL;1965-01-01;;
POL034500271;;POL;;;39.00;42.79;0.00;;17.76;15.21;<NO NAME GIVEN>;PL00271;WLA-125;;;Y;SPG2359;N;;;;;FX;;GNS, LLS;121.00;0.00;Metal;;1960-12-22;MFL;1960-01-01;2009-10-29;
POL034500272;;POL;;;66.00;68.89;0.00;;20.67;18.40;<NO NAME GIVEN>;PL00272;WLA-118;;;Y;SPG2176;N;;;;;FX;;OTB, OTM;228.00;0.00;Metal;;1970-04-30;MFL;1969-01-01;2005-03-02;
POL034500273;;POL;;;41.00;47.43;0.00;;18.91;16.71;<NO NAME GIVEN>;PL00273;WLA-117;;;Y;SPG2175;N;;;;;FX;;OTB, LLS;228.00;0.00;Metal;;1971-01-15;MFL;1970-01-01;2005-02-08;
POL034500274;261004050;POL;;;68.00;47.48;20.00;;20.61;16.92;No name;PL00274;WŁA-116;Władysławowo;;Y;SPG2174;Y;Y;Y;;;TT;;OTB, PTB, PTM, OTM;289.00;4.95;Metal;;1970-10-28;MFL;1970-01-01;;
POL034500275;;POL;;;42.00;47.53;0.00;;18.96;16.71;<NO NAME GIVEN>;PL00275;WLA-102;;;Y;SPG2098;N;;;;;FX;;OTB, PTB;228.00;0.00;Metal;;1967-12-31;MFL;1967-01-01;2004-12-13;
POL034500276;;POL;;;70.00;48.55;25.00;;20.73;16.87;;PL00276;WŁA-101;;;Y;SPG2144;Y;N;N;;;FX;;OTB, LLD, PTB, OTM;288.00;0.00;Metal;;1967-11-10;MFL;1967-01-01;2012-05-29;
POL034500277;;POL;;;77.00;77.53;0.00;;21.98;18.49;<NO NAME GIVEN>;PL00277;WLA-160;;;Y;SPG2119;N;;;;;FX;;OTM, OTB;370.00;0.00;Metal;;1989-06-28;MFL;1989-01-01;2009-11-02;
POL034500279;;POL;;;41.00;49.25;0.00;;17.38;15.21;<NO NAME GIVEN>;PL00279;WLA-96;;;Y;SPG2030;N;;;;;FX;;OTB, PTB;228.00;0.00;Metal;;1960-12-01;MFL;1960-01-01;2004-12-23;
POL034500280;261007820;POL;;;49.00;39.19;13.00;;18.56;15.21;No name;PL00280;KOŁ-215;Kołobrzeg;;Y;SPS2378;Y;Y;Y;;;FX;;OTB, GNS, PTM, LLD, OTM, PTB;121.40;2.25;Metal;;1957-11-20;MFL;1957-01-01;;
POL034500281;;POL;;;44.00;50.07;0.00;;18.93;16.71;<NO NAME GIVEN>;PL00281;WLA-88;;;Y;SPG2173;N;;;;;FX;;OTB, PTB;258.00;0.00;Metal;;1966-10-13;MFL;1966-01-01;2005-06-09;
POL034500282;;POL;;;41.00;47.48;0.00;;18.93;16.71;<NO NAME GIVEN>;PL00282;WLA-82;;;Y;SPG2358;N;;;;;FX;;OTB, PTB;257.00;0.00;Metal;;1966-07-29;MFL;1966-01-01;2005-03-08;
POL034500283;;POL;;;41.00;47.72;0.00;;19.04;16.71;<NO NAME GIVEN>;PL00283;WLA-81;;;Y;SPG2172;N;;;;;FX;;OTB, PTB;228.00;0.00;Metal;;1966-04-04;MFL;1966-01-01;2005-01-06;
POL034500287;;POL;;;32.00;39.66;0.00;;17.79;15.14;<NO NAME GIVEN>;PL00287;WLA-80;;;Y;SPG2141;Y;;;;;FX;;OTB, GNS;121.00;3.30;Metal;;1958-01-18;MFL;1958-01-01;;2017-10-03
POL034500289;;POL;;;34.00;39.60;0.00;;17.78;15.14;<NO NAME GIVEN>;PL00289;WLA-72;;;Y;SPG2032;N;;;;;FX;;GNS, GND;121.00;0.00;Metal;;1958-01-18;MFL;1957-01-01;2005-05-16;
POL034500295;261009030;POL;;;89.00;0.00;33.00;;22.20;18.87;No name;PL00295;WŁA-71;Władysławowo;;Y;SPG2573;Y;Y;Y;2875552;;FX;;OTB, LLD, GNS, OTM, PTB, PTM;289.00;41.60;Metal;;1987-01-12;MFL;1986-01-01;;
POL034500297;;POL;;;31.00;36.24;0.00;;17.38;15.14;<NO NAME GIVEN>;PL00297;WLA-70;;;Y;SPG2565;N;;;;;FX;;GNS, LLD;88.30;0.00;Metal;;1953-12-31;MFL;1953-01-01;2009-12-18;
POL034500302;261012880;POL;;;39.00;36.25;6.00;;19.71;15.29;No name;PL00302;WŁA-65;Władysławowo;;Y;SPG2295;Y;Y;Y;;;TS;;OTB, LLS, GNS, PTB, LLD, OTM;133.00;1.50;Metal;;1953-12-01;MFL;1953-01-01;;
POL034500305;;POL;;;35.00;36.27;0.00;;17.45;15.14;<NO NAME GIVEN>;PL00305;WLA-61;;;Y;SPG2434;Y;;;;;FX;;PTB, OTB;107.00;0.00;Metal;;1950-12-01;MFL;1950-01-01;;2008-08-26
POL034500306;261012880;POL;;;44.00;0.00;23.00;;20.59;16.98;No name;PL00306;WŁA-51;Władysławowo;;Y;SPG2295;Y;Y;Y;;;TTW;;OTM, LLS, GNS, PTB, OTB, PTM;133.00;4.60;Metal;;1963-12-31;MFL;1963-01-01;;
POL034500310;;POL;;;31.00;37.25;0.00;;17.78;15.14;<NO NAME GIVEN>;PL00310;WLA-50;;;Y;SPG2478;N;;;;;FX;;OTB, PTB;88.00;0.00;Metal;;1957-06-16;MFL;1957-01-01;2005-06-02;
POL034500311;;POL;;;37.00;42.80;0.00;;17.05;15.21;<NO NAME GIVEN>;PL00311;WLA-35;;;Y;SPG2050;N;;;;;FX;;OTB, OTM;107.00;0.00;Metal;;1960-11-03;MFL;1960-01-01;2007-07-04;
POL034500314;261007860;POL;;;39.00;0.00;0.00;;18.54;15.43;No name;PL00314;KOŁ-212;Kołobrzeg;;Y;SPG2222;Y;Y;Y;;;TTW;;GNS, OTB, LLD, PTB, LLS, OTM;247.00;3.30;Metal;;1960-11-18;MFL;1960-01-01;;
POL034500315;261009040;POL;;;90.00;78.78;34.00;;22.44;18.92;No name;PL00315;WŁA-31;Władysławowo;;Y;SPG2624;Y;Y;Y;2875631;;FX;;OTB, PTB, PTM, OTM, LLD, GNS;289.00;60.60;Metal;;1984-04-04;MFL;1984-01-01;;
POL034500316;;POL;;;40.00;42.13;0.00;;17.90;15.21;<NO NAME GIVEN>;PL00316;WLA-30;;;Y;SPG2633;N;;;;;FX;;OTB, PTB;258.00;0.00;Metal;;1965-12-30;MFL;1965-01-01;2005-08-24;
POL034500317;;POL;;;31.00;36.23;0.00;;17.45;15.14;<NO NAME GIVEN>;PL00317;WLA-26;;;Y;SPG2356;Y;;;;;FX;;OTB, LLD;96.80;0.00;Metal;;1952-04-28;MFL;1952-01-01;;2006-03-01
POL034500318;;POL;;;41.00;48.37;0.00;;19.00;16.71;<NO NAME GIVEN>;PL00318;WLA-25;;;Y;SPG2137;N;;;;;FX;;GNS, GND;107.00;0.00;Metal;;1965-03-09;MFL;1964-01-01;2004-12-23;
POL034500319;;POL;;;34.00;39.23;0.00;;17.70;15.14;<NO NAME GIVEN>;PL00319;WLA-20;;;Y;SPG2433;N;;;;;FX;;GNS, LLS;107.00;0.00;Metal;;1958-10-03;MFL;1958-01-01;2006-01-04;
POL034500340;;POL;;;59.00;35.58;25.00;;17.08;15.14;<NO NAME GIVEN>;PL00340;WLA-18;;;Y;SPG2412;Y;;;;;FX;;GNS, LLD;121.00;0.00;Metal;;1948-12-31;MFL;1948-01-01;2012-01-27;
POL034500341;261011090;POL;;;45.00;47.19;20.00;;20.54;16.98;No name;PL00341;WŁA-11;Władysławowo;;Y;SPG2031;Y;Y;Y;;;FX;;OTB, OTM, PTM, LLS, GNS, PTB;100.00;27.70;Metal;;1961-12-31;MFL;1961-01-01;2024-10-14;
POL034500342;;POL;;;33.00;36.49;0.00;;17.38;15.14;<NO NAME GIVEN>;PL00342;WLA-7;;;Y;SPG2244;N;;;;;FX;;OTB, PTB;121.00;0.00;Metal;;1954-07-08;MFL;1954-01-01;2007-06-05;
POL034500343;261006860;POL;;;38.00;0.00;0.00;;17.57;15.21;No name;PL00343;WŁA-6;Władysławowo;;Y;SPG2021;Y;Y;Y;;;FX;;OTB, LLS, LLD, GNS, PTB;121.00;1.95;Metal;;1970-03-28;MFL;1970-01-01;;
POL034500673;;POL;;;0.92;0.00;0.00;;4.95;4.56;No name;PL00673;WŁA-2;;;Y;SPG4714;N;N;N;;;FX;;FPO, LLS, GNS, FYK, LLD;5.00;0.00;Fiber/Plastic;;1995-04-14;MFL;1995-01-01;;
POL034500675;;POL;;;20.55;18.00;0.00;;13.43;12.06;<NO NAME GIVEN>;PL00675;WLA-3;;;Y;SPG2463;Y;;;;;FX;;LLS, GNS;73.00;0.00;Wood;;1950-12-31;MFL;1950-01-01;2012-04-19;
POL034500678;;POL;;;1.50;0.00;0.00;;5.80;4.99;<NO NAME GIVEN>;PL00678;WLA-5;;;N;;N;;;;;FX;;FPO, LLS;14.70;0.00;Wood;;1972-12-31;MFL;1972-01-01;;2006-06-22
POL034500679;;POL;;;2.80;0.00;0.00;;6.00;5.72;No name;PL00679;WŁA-8;;;Y;SPG4408;N;N;N;;;FX;;FPO, FYK, GNS, LLS;15.10;0.00;Other;;1995-04-29;MFL;1995-01-01;;
POL034500680;;POL;;;10.08;0.00;0.00;;9.20;8.64;<NO NAME GIVEN>;PL00680;WLA-9;;;N;;N;;;;;FX;;LLS, GNS;14.70;0.00;Wood;;1980-04-04;MFL;1980-01-01;2011-11-08;
POL034500681;;POL;;;4.00;0.00;0.00;;7.20;6.79;<NO NAME GIVEN>;PL00681;WLA-12;;;N;;N;;;;;FX;;LLS, GNS;22.00;0.00;Wood;;1970-02-20;MFL;1970-01-01;2011-03-10;
POL034500683;;POL;;;1.19;0.00;0.00;;4.95;4.32;<NO NAME GIVEN>;PL00683;USM-4;;;N;;N;;;;;FX;;GNS, LLS;10.30;0.00;Fiber/Plastic;;1980-12-31;MFL;1980-01-01;;2009-06-24
POL034500686;;POL;;;9.50;0.00;0.00;;11.33;10.70;<NO NAME GIVEN>;PL00686;WLA-45;;;N;;N;;;;;FX;;GNS, LLD;80.00;0.00;Fiber/Plastic;;1972-12-31;MFL;1972-01-01;2009-09-09;
POL034500687;261026110;POL;;;12.50;0.00;0.00;;11.33;10.44;No name;PL00687;WŁA-47;;;Y;SPG2548;N;N;Y;;;FX;;GNS, FPO, LLS, FYK, LLD;80.00;0.00;Fiber/Plastic;;1986-05-07;MFL;1972-01-01;;
POL034500689;;POL;;;3.47;0.00;0.00;;7.45;7.08;No name;PL00689;WŁA-48;Władysławowo;;Y;SPG3816;N;N;N;;;FX;;GNS, LLS, FYK, FPO;11.00;0.00;Fiber/Plastic;;1991-12-31;MFL;1991-01-01;;
POL034500690;;POL;;;10.66;0.00;0.00;;9.70;9.02;<NO NAME GIVEN>;PL00690;WLA-52;;;N;;N;;;;;FX;;LLS, GNS;38.20;0.00;Wood;;1982-05-10;MFL;1982-01-01;2005-08-24;
POL034500692;;POL;;;10.21;0.00;0.00;;9.35;8.69;<NO NAME GIVEN>;PL00692;WLA-56;;;N;;N;;;;;FX;;LLS, GNS;38.20;0.00;Wood;;1970-12-31;MFL;1970-01-01;2012-05-29;
POL034500693;;POL;;;20.55;17.00;0.00;;13.43;12.06;<NO NAME GIVEN>;PL00693;WLA-62;;;N;;N;;;;;FX;;GNS, GND;55.00;0.00;Wood;;1950-08-25;MFL;1950-01-01;2005-01-19;
POL034500822;261014160;POL;;;48.00;51.24;1.00;;21.60;17.35;No name;PL00822;WŁA-67;Władysławowo;;Y;SPG2158;Y;Y;Y;;;TTW;;OTB, PTB, OTM, GNS, PTM, LLD;121.00;0.00;Metal;;2000-08-30;MFL;1962-01-01;2022-02-28;
POL034501455;;POL;;;97.00;106.51;0.00;;24.58;22.33;<NO NAME GIVEN>;PL01455;WLA-153;;;Y;SPG2257;N;;;;;FX;;OTB, OTM;166.00;0.00;Metal;;1964-04-06;MFL;1964-01-01;2006-02-15;
POL034501905;;POL;;;9.87;0.00;0.00;;11.90;10.90;PERLA BALTYKU WLA-34;PL01905;WLA-34;;;Y;SPG2720;N;;;;;FX;;LLS, GNS;88.00;0.00;Metal;;2004-04-06;MFL;2004-01-01;;
POL034501971;;POL;;;9.84;0.00;0.00;;9.99;8.64;No name;PL01971;WŁA-53;;;Y;SPG3065;N;N;N;;;GO;;GNS, FPO, LLS, FYK, LLD;66.00;0.00;Wood;;2004-11-16;MFL;2004-01-01;;
POL034502012;;POL;;;0.84;0.00;0.00;;4.75;3.95;<NO NAME GIVEN>;PL02012;KOL-132;;;N;;N;;;;;FX;;GNS, LLS;0.00;0.00;Wood;;1991-08-29;MFL;1991-01-01;;2009-06-16
POL034502013;;POL;;;2.53;0.00;0.00;;7.00;6.60;No name;PL02013;WŁA-55;;;Y;SPG3667;N;N;N;;;FX;;FPO, GNS, FYK, LLS;14.70;0.00;Metal;;2006-06-20;MFL;2006-01-01;;
POL034502021;;POL;;;12.19;0.00;0.00;;11.05;10.00;<NO NAME GIVEN>;PL02021;DZI-11;;;Y;SPS2589;N;;;;;FX;;GNS, LLS;99.00;0.00;Metal;;2006-10-23;MFL;2006-01-01;;2010-11-04
POL034502026;;POL;;;5.38;0.00;0.00;;9.38;8.79;No name;PL02026;WŁA-16;;;N;;N;N;N;;;FX;;LLS, GNS, LHM, FPO, LLD, LHP;24.00;0.00;Fiber/Plastic;;2007-02-08;MFL;2006-01-01;;
POL034502032;;POL;;;0.64;0.00;0.00;;4.00;3.73;<NO NAME GIVEN>;PL02032;DZI-36;;;N;;N;;;;;FX;;GNS, LLS;66.20;0.00;Fiber/Plastic;;1991-12-31;MFL;1991-01-01;;2009-10-05
POL034502033;261018090;POL;;;6.51;0.00;0.00;;10.01;8.67;No name;PL02033;KOŁ-142;Kołobrzeg;;Y;SPS2784;N;N;Y;;;FX;;GNS, LLS, LLD, FPO;45.00;0.00;Metal;;1973-12-31;MFL;1973-01-01;2024-08-08;
POL034502034;;POL;;;16.93;0.00;0.00;;12.06;11.41;<NO NAME GIVEN>;PL02034;KOL-78;;;N;;N;;;;;FX;;GNS, LLS;74.00;0.00;Wood;;1956-12-31;MFL;1956-01-01;;2008-10-28
POL034502174;;POL;;;2.60;0.00;0.00;;10.07;9.00;No name;PL02174;WŁA-141;;;Y;SPG3402;N;N;N;;;FX;;GNS, FYK, FPO, LLD, LLS, LHP;88.30;0.00;Fiber/Plastic;;1994-05-06;MFL;1983-01-01;;
POL034502175;;POL;;;6.19;0.00;0.00;;10.11;9.55;;PL02175;WŁA-142;;;Y;SPG3418;N;N;N;;;FX;;LLS, GNS;21.30;0.00;Fiber/Plastic;;1984-05-14;MFL;1978-01-01;;2020-09-16
POL034502265;;POL;;;4.31;0.00;0.00;;7.99;7.65;No name;PL02265;WŁA-23;;;Y;SPG3979;N;N;N;;;FX;;GNS, FPO, LLS;20.59;0.00;Fiber/Plastic;;2014-01-24;MFL;1988-01-01;;
POL034502331;261086050;POL;;;3.35;0.00;0.00;;8.50;7.65;No name;PL02331;WŁA-218;Władysławowo;;Y;SPG4854;N;N;Y;;;FX;;LHP, GNS, FPO, LLS, FYK, LTL;50.00;0.00;Fiber/Plastic;;2021-06-21;MFL;1999-01-01;;
POL034502341;;POL;;;2.80;0.00;0.00;;7.42;6.26;No name;PL02341;WŁA-221;Władysławowo;;Y;SPG5396;N;N;N;;;FX;;GNS, LLS, LHP, FYK, LLD, FPO;73.50;0.00;Fiber/Plastic;;2023-07-27;MFL;1994-01-01;;
POL034502343;;POL;;;0.79;0.00;0.00;;6.05;5.57;No name;PL02343;WŁA-224;Władysławowo;;Y;SPG5906;N;N;N;;;FX;;GNS, LHM, LTL, FYK, LLS, LHP;29.40;0.00;Fiber/Plastic;;2024-10-03;MFL;2024-01-01;;
POL034600518;;POL;;;1.27;0.00;0.00;;5.30;4.90;No name;PL00518;CHA-11;;;Y;SPG4496;N;N;N;;;FX;;GNS, FPO, FYK;4.60;0.00;Wood;;1987-08-04;MFL;1987-01-01;;
POL034600520;;POL;;;0.95;0.00;0.00;;5.01;4.51;No name;PL00520;CHA-14;Chałupy;;Y;SPG4793;N;N;N;;;FX;;GNS, FYK, FPO;15.00;0.00;Fiber/Plastic;;2003-04-16;MFL;1985-01-01;;
POL034600521;;POL;;;0.77;0.00;0.00;;4.97;4.61;No name;PL00521;CHA-16;Chałupy;;N;;N;N;N;;;FX;;FPO, LLS, LLD, GNS, FYK;0.00;0.00;Wood;;1947-07-10;MFL;1947-01-01;;
POL034600522;;POL;;;0.82;0.00;0.00;;4.80;4.25;No name;PL00522;CHA-3;Chałupy;;Y;SPG4262;N;N;N;;;FX;;FPO, LLS, GTR, FYK, GNS;0.00;0.00;Wood;;1989-06-01;MFL;1989-01-01;;
POL034600523;;POL;;;0.62;0.00;0.00;;3.96;3.69;No name;PL00523;CHA-35;;;Y;SPG4498;N;N;N;;;FX;;FPO, FYK, GNS;0.00;0.00;Wood;;1965-04-05;MFL;1965-01-01;;
POL034600524;;POL;;;0.66;0.00;0.00;;4.06;3.75;<NO NAME GIVEN>;PL00524;CHA-8;;;N;;N;;;;;FX;;FPO, GNS;0.00;0.00;Wood;;1966-10-14;MFL;1966-01-01;;2014-09-09
POL034600525;;POL;;;3.22;0.00;0.00;;7.98;7.37;No name;PL00525;CHA-9;Chałupy;;Y;SPG4489;N;N;N;;;FX;;FYK, LHP, LTL, LLS, GNS, FPO;15.00;0.00;Aluminium;;1997-06-23;MFL;1997-01-01;;
POL034600699;;POL;;;2.63;0.00;0.00;;7.20;6.58;<NO NAME GIVEN>;PL00699;CHA-20;;;N;;N;;;;;FX;;GNS, FPO;18.00;0.00;Wood;;1979-12-31;MFL;1979-01-01;;2004-10-28
POL034601811;;POL;;;7.67;0.00;0.00;;9.70;9.05;No name;PL01811;CHA-10;;;N;;N;N;N;;;FX;;GNS, LLS, GND;70.00;0.00;Wood;;2003-11-25;MFL;2002-01-01;;
POL034602296;;POL;;;0.85;0.00;0.00;;4.90;4.54;No name;PL02296;CHA-37;;;Y;SPG4037;N;N;N;;;FX;;FPO, GNS;4.40;0.00;Fiber/Plastic;;2014-10-06;MFL;1998-01-01;;
POL034602302;;POL;;;0.76;0.00;0.00;;4.75;4.45;No name;PL02302;CHA-36;;;N;;N;N;N;;;FX;;GNS, FPO, LLS, FYK;2.94;0.00;Wood;;1966-04-29;MFL;1966-01-01;;
POL034800728;;POL;;;4.42;0.00;0.00;;8.18;7.56;No name;PL00728;REW-6;Rewa;;N;;N;N;N;;;FX;;LLS, GNS, LLD, FPO, FYK;40.50;0.00;Fiber/Plastic;;2000-06-12;MFL;2000-01-01;;
POL034800729;;POL;;;3.85;0.00;0.00;;7.50;6.95;<NO NAME GIVEN>;PL00729;REW-9;;;N;;N;;;;;FX;;GNS, LLS;28.90;0.00;Wood;;1980-04-12;MFL;1980-01-01;2004-12-10;
POL034800734;;POL;;;6.76;0.00;0.00;;11.90;11.22;No name;PL00734;UST-153;;;Y;SPG3650;N;N;N;;;GO;;GNS, LLD, LLS, FYK;24.40;0.00;Metal;;1990-11-30;MFL;1990-01-01;;
POL034801852;;POL;;;3.99;0.00;0.00;;7.96;7.47;No name;PL01852;REW-18;Rewa;;N;;N;N;N;;;FX;;GNS, LLS, FPO;22.40;0.00;Metal;;2003-12-04;MFL;2003-01-01;2024-10-07;
POL034801910;;POL;;;3.81;0.00;0.00;;7.95;7.30;No name;PL01910;REW-42;Rewa;;Y;SPG3534;N;N;N;;;FX;;GNS, LLS, FPO, FYK;34.60;0.00;Wood;;2004-04-21;MFL;2004-01-01;2024-10-23;
POL034802000;;POL;;;1.83;0.00;0.00;;6.52;6.01;<NO NAME GIVEN>;PL02000;LEB-47;;;N;;N;;;;;FX;;GNS, LLS;28.90;0.00;Fiber/Plastic;;2005-07-20;MFL;2005-01-01;;2007-07-17
POL034900703;;POL;;;1.60;0.00;0.00;;5.95;5.54;<NO NAME GIVEN>;PL00703;MEC-1;;;N;;N;;;;;FX;;GNS, LLS;6.60;0.00;Wood;;1976-03-12;MFL;1976-01-01;;2010-12-07
POL034900704;;POL;;;3.14;0.00;0.00;;7.04;6.57;<NO NAME GIVEN>;PL00704;MEC-2;;;N;;N;;;;;FX;;GNS, LLS;40.00;0.00;Wood;;1998-02-11;MFL;1997-01-01;;2015-01-14
POL034900705;;POL;;;1.83;0.00;0.00;;6.38;5.88;<NO NAME GIVEN>;PL00705;MEC-3;;;N;;N;;;;;FX;;GNS, GND;14.70;0.00;Wood;;1972-02-01;MFL;1972-01-01;2006-01-19;
POL034900706;;POL;;;1.86;0.00;0.00;;6.27;5.92;<NO NAME GIVEN>;PL00706;MEC-4;;;N;;N;;;;;FX;;GNS, LLS;7.40;0.00;Wood;;1959-12-31;MFL;1959-01-01;;2013-01-02
POL034900707;;POL;;;7.72;0.00;0.00;;7.80;7.28;<NO NAME GIVEN>;PL00707;MEC-5;;;N;;N;;;;;FX;;GNS, LLS;35.30;0.00;Wood;;1995-04-07;MFL;1995-01-01;;2015-07-01
POL034900708;;POL;;;3.77;0.00;0.00;;7.72;7.18;<NO NAME GIVEN>;PL00708;MEC-7;;;N;;N;;;;;FX;;GNS, FPO;22.40;0.00;Wood;;1980-03-15;MFL;1980-01-01;;2008-10-14
POL034900709;;POL;;;4.05;0.00;0.00;;7.93;7.32;No name;PL00709;MEC-8;Mechelinki;;N;;N;N;N;;;FX;;GNS, LLS, FYK, LHM, LLD, FIX;31.00;0.00;Fiber/Plastic;;1998-03-09;MFL;1998-01-01;;
POL034900710;;POL;;;7.12;0.00;0.00;;10.53;9.22;No name;PL00710;MEC-10;Mechelinki;;Y;SPG3608;N;N;N;;;FX;;GNS, FPO, FYK, LLS, LLD;50.00;0.00;Fiber/Plastic;;1999-06-29;MFL;1999-01-01;;2025-04-03
POL034900711;;POL;;;2.03;0.00;0.00;;6.40;5.74;No name;PL00711;MEC-14;;;N;;N;N;N;;;FX;;GNS, FPO, GND;14.70;0.00;Wood;;1994-07-22;MFL;1994-01-01;;
POL034902074;261093020;POL;;;4.62;0.00;0.00;;8.49;8.20;No name;PL02074;MEC-17;Mechelinki;;Y;SPG3540;N;N;Y;;;GO;;GNS, LLS, LLD, FYK, LHM;49.90;0.00;Metal;;1985-01-07;MFL;1984-01-01;;
POL034902167;;POL;;;3.59;0.00;0.00;;7.91;7.01;No name;PL02167;MEC-12;;;N;;N;N;N;;;FX;;GNS, LLS;23.00;0.00;Metal;;2010-11-30;MFL;2010-01-01;;
POL034902206;;POL;;;4.05;0.00;0.00;;8.40;7.87;No name;PL02206;MEC-9;;;N;;N;N;N;;;FX;;GNS, FPO, LLS;30.00;0.00;Fiber/Plastic;;1980-10-28;MFL;1980-01-01;;
POL034902299;261044040;POL;;;5.12;0.00;0.00;;7.99;7.55;No name;PL02299;MEC-20;Mechelinki;;Y;SPG4113;N;N;Y;;;FX;;GNS, LLS, FYK, FPO;40.00;0.00;Metal;;1984-01-12;MFL;1983-01-01;;
POL034902303;;POL;;;4.76;0.00;0.00;;7.98;7.47;No name;PL02303;MEC-15;;;N;;N;N;N;;;FX;;GNS, LLS;35.30;0.00;Metal;;2015-05-05;MFL;2014-01-01;;
POL035000712;;POL;;;3.53;0.00;0.00;;10.57;9.16;No name;PL00712;OBŁ-1;;;Y;SPG3625;N;N;N;;;FX;;GNS, FYK, LVT, LLS, FPN;47.00;0.00;Metal;;2000-05-10;MFL;2000-01-01;;
POL035000713;;POL;;;1.92;0.00;0.00;;6.53;6.23;<NO NAME GIVEN>;PL00713;OBL-2;;;N;;N;;;;;FX;;GNS, GND;10.30;0.00;Wood;;1949-12-31;MFL;1949-01-01;;2007-06-13
POL035000714;;POL;;;4.17;0.00;0.00;;7.80;7.36;No name;PL00714;OBŁ-3;Obłuże;;N;;N;N;N;;;FX;;GNS, LLS, FPO;21.30;0.00;Fiber/Plastic;;2002-10-02;MFL;2002-01-01;2024-08-07;
POL035000715;;POL;;;2.89;0.00;0.00;;7.50;7.06;No name;PL00715;OBŁ-4;Obłuże;;N;;N;N;N;;;FX;;GNS, LLS, FPO;21.30;0.00;Wood;;1980-08-01;MFL;1980-01-01;2024-07-23;
POL035000819;;POL;;;2.14;0.00;0.00;;6.70;6.34;<NO NAME GIVEN>;PL00819;OBL-9;;;N;;N;;;;;FX;;GNS, LLS;11.00;0.00;Wood;;1973-10-08;MFL;1973-01-01;;2010-07-16
POL035001670;;POL;;;2.08;0.00;0.00;;6.38;5.98;No name;PL01670;OBŁ-13;Obłuże;;Y;SPG4802;N;N;N;;;FX;;GNS, FYK, LLS, LLD, FPO;11.00;0.00;Wood;;1964-12-31;MFL;1964-01-01;;
POL035002038;;POL;;;2.35;0.00;0.00;;6.76;6.27;No name;PL02038;OBŁ-5;Obłuże;;Y;SPG3632;N;N;N;;;FX;;GNS, FYK, FIX, LLS, LHM, FPO;10.30;0.00;Metal;;2007-05-23;MFL;2005-01-01;;
POL035002157;;POL;;;3.49;0.00;0.00;;8.10;7.32;No name;PL02157;OBŁ-6;Obłuże;;Y;SPG3624;N;N;N;;;FX;;GNS, FYK, FPO, LLD, LLS;34.60;0.00;Metal;;2010-03-25;MFL;2009-01-01;;
POL035100716;;POL;;;2.08;0.00;0.00;;6.80;6.40;No name;PL00716;OKS-1;Oksywie;;N;;N;N;N;;;FX;;GNS, FPO, LLS;37.50;0.00;Wood;;1967-06-28;MFL;1967-01-01;2024-10-07;
POL035100717;;POL;;;2.72;0.00;0.00;;7.20;6.80;No name;PL00717;OKS-5;Oksywie;;N;;N;N;N;;;FX;;GNS, LLS;14.70;0.00;Wood;;1990-06-27;MFL;1990-01-01;2024-07-19;
POL035100718;;POL;;;1.86;0.00;0.00;;6.25;5.88;<NO NAME GIVEN>;PL00718;OKS-10;;;N;;N;;;;;FX;;GNS, LLS;22.00;0.00;Other;;1966-11-05;MFL;1966-01-01;;2015-03-03
POL035100720;261000322;POL;;;2.90;0.00;0.00;;7.91;7.02;No name;PL00720;PUC-37;Puck;;Y;SPG3776;N;N;Y;;;WOX;;LTL, GNS, LHP, LHM, FYK, FPO;90.00;2.20;Aluminium;;1961-11-06;MFL;1961-01-01;;
POL035101101;;POL;;;4.05;0.00;0.00;;7.95;7.49;No name;PL01101;OKS-20;Oksywie;;N;;N;N;N;;;FX;;GNS, LLS, FPO;28.00;0.00;Metal;;2003-07-28;MFL;2003-01-01;2024-10-10;
POL035102301;;POL;;;3.24;0.00;0.00;;7.97;7.56;No name;PL02301;OKS-14;Oksywie;;N;;N;N;N;;;FX;;GNS, LLS;37.00;0.00;Fiber/Plastic;;2014-02-16;MFL;1980-01-01;2024-08-07;
POL035200098;261000660;POL;;;294.00;0.00;37.00;;30.80;26.46;HUMBAK;PL00098;WŁA-108;;;Y;SPG2616;Y;Y;Y;8314031;;TT;;OTB, PTB, OTM, PTM;552.00;200.00;Metal;;1997-08-01;MFL;1985-01-01;;2020-02-03
POL035200101;;POL;;;143.00;161.12;0.00;;25.87;23.42;<NO NAME GIVEN>;PL00101;GDY-200;;;Y;SPS2321;N;;;;;FX;;OTB, PTM;420.00;0.00;Metal;;1977-12-31;MFL;1977-01-01;2005-02-07;
POL035200185;;POL;;;244.00;215.60;0.00;;38.15;33.70;MASKONOR;PL00185;KOL-69;;;Y;SPS2357;N;;;;;FX;;OTM, OTB;673.00;24.00;Metal;;1974-02-12;MFL;1973-01-01;2008-09-17;
POL035200186;;POL;;;92.00;106.02;0.00;;24.58;22.33;<NO NAME GIVEN>;PL00186;GDY-3;;;Y;SPG2502;N;;;;;FX;;OTB, OTM;165.00;0.00;Metal;;1968-03-12;MFL;1968-01-01;2005-09-09;
POL035200187;;POL;;;92.00;107.41;0.00;;24.55;22.33;<NO NAME GIVEN>;PL00187;GDY-12;;;Y;SPG2299;N;;;;;FX;;OTB, OTM;166.00;0.00;Metal;;1960-05-25;MFL;1960-01-01;2005-01-10;
POL035200190;;POL;;;92.00;106.62;0.00;;24.57;22.33;<NO NAME GIVEN>;PL00190;GDY-31;;;Y;SPG2530;N;;;;;FX;;OTB, OTM;165.40;0.00;Metal;;1961-04-14;MFL;1961-01-01;2004-12-29;
POL035200192;;POL;;;92.00;105.61;0.00;;24.62;22.33;<NO NAME GIVEN>;PL00192;GDY-32;;;Y;SPG2553;N;;;;;FX;;OTB, OTM;165.40;0.00;Metal;;1964-09-18;MFL;1964-01-01;2004-12-23;
POL035200200;;POL;;;90.00;105.86;0.00;;24.58;22.33;<NO NAME GIVEN>;PL00200;GDY-41;;;Y;SPG2515;N;;;;;FX;;OTB, PTM;166.00;0.00;Metal;;1967-03-31;MFL;1967-01-01;2005-06-15;
POL035200208;;POL;;;148.00;174.39;0.00;;26.29;23.45;<NO NAME GIVEN>;PL00208;GDY-45;;;Y;SPG2646;N;;;;;FX;;OTB, OTM;420.00;0.00;Metal;;1977-12-31;MFL;1977-01-01;2010-01-15;
POL035200214;;POL;;;183.00;149.84;0.00;;33.60;29.98;<NO NAME GIVEN>;PL00214;KOL-60;;;Y;SPS2436;N;;;;;FX;;OTB, OTM;588.00;140.00;Metal;;1968-12-19;MFL;1968-01-01;2006-03-23;
POL035200220;;POL;;;102.00;74.23;0.00;;23.96;21.65;<NO NAME GIVEN>;PL00220;GDY-16;;;Y;SPG2578;N;;;;;FX;;OTB, PTB;294.00;0.00;Metal;;1971-10-13;MFL;1971-01-01;2009-10-27;
POL035200374;;POL;;;92.00;105.08;0.00;;24.48;22.33;<NO NAME GIVEN>;PL00374;GDY-18;;;Y;SPG2207;N;;;;;FX;;OTB, OTM;370.00;0.00;Metal;;1973-05-28;MFL;1973-01-01;;2005-09-29
POL035200466;;POL;;;77.00;0.00;0.00;;22.12;18.53;<NO NAME GIVEN>;PL00466;GDY-5;;;Y;SPG2966;N;;;;;FX;;OTB, PTM;227.00;0.00;Metal;;1987-01-09;MFL;1986-01-01;2008-08-18;
POL035200473;;POL;;;35.00;36.29;0.00;;17.38;15.14;<NO NAME GIVEN>;PL00473;GDY-9;;;Y;SPG2517;N;;;;;FX;;OTB, LLD;110.00;0.00;Metal;;1951-04-14;MFL;1951-01-01;;2008-05-15
POL035200474;;POL;;;31.00;37.45;0.00;;17.34;15.14;<NO NAME GIVEN>;PL00474;GDY-11;;;Y;SPG2509;N;;;;;FX;;OTB, PTB;147.00;0.00;Metal;;1957-09-03;MFL;1957-01-01;2005-10-24;
POL035200476;;POL;;;65.00;42.13;25.00;;17.36;15.21;<NO NAME GIVEN>;PL00476;WLA-27;;;Y;SPG2505;Y;;;;;FX;;LLD, GNS;147.00;1.98;Metal;;1966-05-14;MFL;1966-01-01;;2011-10-17
POL035200477;;POL;;;39.00;42.17;0.00;;17.55;15.21;<NO NAME GIVEN>;PL00477;WLA-57;;;Y;SPG2053;N;;;;;FX;;GNS, OTB;121.00;0.00;Metal;;1968-11-25;MFL;1968-01-01;2010-01-22;
POL035200478;;POL;;;40.00;48.55;0.00;;18.98;16.71;<NO NAME GIVEN>;PL00478;GDY-25;;;Y;SPG2477;N;;;;;FX;;OTB, LLD;228.00;0.00;Metal;;1965-03-10;MFL;1964-01-01;2008-03-19;
POL035200479;;POL;;;41.00;48.55;0.00;;19.05;16.71;<NO NAME GIVEN>;PL00479;GDY-35;;;Y;SPG2171;N;;;;;FX;;OTB, LLD;228.00;0.00;Metal;;1968-01-16;MFL;1967-01-01;2008-03-19;
POL035200480;;POL;;;33.00;36.25;0.00;;17.38;15.14;<NO NAME GIVEN>;PL00480;GDY-42;;;Y;SPG2346;N;;;;;FX;;OTB, PTB;121.00;0.00;Metal;;1956-04-25;MFL;1956-01-01;2005-09-13;
POL035200481;;POL;;;35.00;39.40;0.00;;17.40;15.14;<NO NAME GIVEN>;PL00481;GDY-60;;;Y;SPG2291;N;;;;;FX;;OTB, NO;121.00;0.00;Metal;;1957-08-22;MFL;1957-01-01;2005-09-19;
POL035200702;;POL;;;15.72;0.00;0.00;;11.87;10.70;;PL00702;GDY-15;;;Y;SPG2964;N;N;N;;;FX;;GNS, PTM, OTB, OTM, LLS, SB;70.00;0.00;Metal;;2000-11-20;MFL;1998-01-01;2016-12-28;
POL035201031;261005510;POL;;;259.00;0.00;0.00;;30.80;26.46;HELOT;PL01031;WŁA-184;Władysławowo;;Y;SPG2663;Y;Y;Y;8321175;;WOP;;FPO, OTM, PTB, OTB, PTM;552.00;250.00;Metal;;1985-12-05;MFL;1985-01-01;;2023-11-29
POL035201172;;POL;;;688.00;0.00;0.00;;46.18;41.37;MATHILDE;PL01172;GDY-155;;;Y;SPG2651;N;;;;;FX;;OTB, OTM;1765.00;265.00;Metal;;1975-12-31;MFL;1975-01-01;;
POL035201173;;POL;;;752.00;0.00;0.00;;53.78;46.20;HINLOPEN;PL01173;GDY-2;;;Y;SPG2973;N;;;;;FX;;OTB, OTM;1295.00;240.00;Metal;;1966-12-31;MFL;1966-01-01;;2004-07-15
POL035201174;;POL;;;3708.00;0.00;0.00;;95.02;87.14;ACAMAR;PL01174;GDY-309;;;Y;SQRJ;N;;;;;FX;;OTM, OTB;3680.00;677.00;Metal;;1990-07-31;MFL;1990-01-01;2005-08-29;
POL035202001;;POL;;;1805.00;0.00;0.00;;60.33;52.20;POLONUS GDY 36;PL02001;GDY-36;;;Y;SNHE;Y;;;;;FX;;OTB, OTM;3375.00;1336.00;Metal;;1987-10-22;MFL;1987-01-01;;
POL035202007;;POL;;;1241.00;0.00;0.00;;60.33;54.34;ANDERS;PL02007;GDY-38;;;Y;SNHJ;Y;;;;;FX;;OTM, PS;2501.00;1180.00;Metal;;1979-12-31;MFL;1979-01-01;;
POL035202010;;POL;;;3861.00;0.00;0.00;;94.02;86.97;DALMOR II;PL02010;GDY-305;;;Y;SQDY;Y;;;;;FX;;OTM, NO;3200.00;1684.00;Metal;;1987-01-19;MFL;1986-01-01;;2011-08-30
POL035202052;;POL;;;7805.00;0.00;0.00;;105.00;91.10;ALINA GDY-46;PL02052;GDY-46;;;Y;SNHR;Y;;;;;FX;;OTM, NO;5920.00;2365.00;Metal;;1995-08-25;MFL;1995-01-01;;2013-06-05
POL035202075;;POL;;;7765.00;0.00;0.00;;120.70;108.12;ANDERS GDY-39;PL02075;GDY-39;;;Y;SNHQ;N;;;;;FX;;OTM, NO;5296.00;2724.00;Metal;;1988-07-31;MFL;1988-01-01;;
POL035202128;;POL;;;7805.00;0.00;0.00;;105.00;91.10;SIRIUS GDY-43;PL02128;GDY-43;;;Y;SNHV;Y;;;;;FX;;OTM, NO;5920.00;2365.00;Metal;;1994-07-28;MFL;1993-01-01;;2013-06-05
POL035202225;;POL;;;7765.00;0.00;0.00;;120.70;108.12;BETA I;PL02225;GDY-149;;;Y;SNIO;Y;;;;;FX;;OTM, NO;5300.00;3285.00;Metal;;1989-04-10;MFL;1989-01-01;;
POL035202230;261518000;POL;;;7765.00;0.00;0.00;;120.42;108.12;SAGA;PL02230;GDY-150;;;Y;SNIC;Y;Y;Y;8607191;;FX;;OTM, OTB;5296.00;3211.00;Metal;;1988-12-20;MFL;1988-01-01;;2018-09-21
POL035202244;;POL;;;7681.00;0.00;0.00;;105.00;93.89;ALINA;PL02244;GDY-147;;;Y;SNLO;Y;;;;;FX;;OTM, NO;5920.00;2365.00;Metal;;1994-07-15;MFL;1993-01-01;;
POL035202304;261550000;POL;;;1467.56;0.00;0.00;;67.47;61.17;JANUS;PL02304;GDY-57;;;Y;SNLQ;Y;Y;Y;6821638;;TT;;OTM, PS;5420.00;933.00;Metal;;1973-03-06;MFL;1968-01-01;;2018-09-26
POL035300721;;POL;;;2.65;0.00;0.00;;7.00;6.43;<NO NAME GIVEN>;PL00721;ORL-1;;;N;;N;;;;;FX;;GNS, LLS;17.70;0.00;Wood;;1978-09-26;MFL;1978-01-01;2005-09-30;
POL035300722;;POL;;;2.54;0.00;0.00;;6.70;6.29;No name;PL00722;WOL-8;Wolin;;N;;N;N;N;;;FX;;GNS, LLS;15.00;0.00;Aluminium;;1974-05-27;MFL;1974-01-01;;
POL035300723;;POL;;;2.82;0.00;0.00;;7.50;6.96;;PL00723;WŁA-189;;;N;;N;N;N;;;FX;;LLS, LLD, FPO, LHP, GTR, GNS;17.70;0.00;Other;;1985-08-09;MFL;1980-01-01;;2020-02-11
POL035300726;;POL;;;2.87;0.00;0.00;;7.42;6.86;No name;PL00726;ORŁ-6;Orłowo;;Y;SPG3497;N;N;N;;;FX;;GNS, LLS, FYK;14.70;0.00;Metal;;1997-06-12;MFL;1997-01-01;;
POL035300727;;POL;;;2.23;0.00;0.00;;6.60;6.19;<NO NAME GIVEN>;PL00727;ORL-20;;;N;;N;;;;;FX;;FPO, LLS;14.70;0.00;Wood;;1970-05-06;MFL;1970-01-01;;2008-07-11
POL035302054;;POL;;;2.46;0.00;0.00;;7.50;7.14;No name;PL02054;ORŁ-10;Orłowo;;Y;SPG3758;N;N;N;;;FX;;GNS, LLS, FPO, FYK;13.20;0.00;Fiber/Plastic;;2008-06-24;MFL;1997-01-01;;
POL035302153;;POL;;;2.50;0.00;0.00;;7.49;6.92;No name;PL02153;ORŁ-9;Orłowo;;Y;SPG3778;N;N;N;;;FX;;GNS, FPO, FYK;17.70;0.00;Fiber/Plastic;;2009-10-09;MFL;1987-01-01;;
POL035400737;;POL;;;2.06;0.00;0.00;;6.75;6.16;No name;PL00737;SOP-1;;;N;;N;N;N;;;FX;;GNS, FPO, LLS;26.50;0.00;Other;;1972-02-07;MFL;1972-01-01;;
POL035400738;;POL;;;2.09;0.00;0.00;;6.32;5.93;<NO NAME GIVEN>;PL00738;SOP-3;;;N;;N;;;;;FX;;GNS, GND;14.70;0.00;Wood;;1963-02-04;MFL;1963-01-01;2005-01-19;
POL035400741;;POL;;;3.15;0.00;0.00;;7.45;7.00;No name;PL00741;SOP-5;Sopot;;Y;SPG3483;N;N;N;;;FX;;GNS, FPO, LLS;29.40;0.00;Fiber/Plastic;;1970-12-31;MFL;1970-01-01;2025-01-02;
POL035400743;;POL;;;2.61;0.00;0.00;;6.90;6.27;<NO NAME GIVEN>;PL00743;SOP-7;;;N;;N;;;;;FX;;GNS, LLS;14.70;0.00;Wood;;1975-04-23;MFL;1975-01-01;2006-01-17;
POL035400745;;POL;;;2.76;0.00;0.00;;7.35;6.73;No name;PL00745;SOP-8;;;N;;N;N;N;;;FX;;GNS, LLS, SB, FPO;29.40;0.00;Fiber/Plastic;;1977-12-31;MFL;1977-01-01;;
POL035400747;;POL;;;2.85;0.00;0.00;;7.00;6.47;<NO NAME GIVEN>;PL00747;SOP-9;;;N;;N;;;;;FX;;GNS, LLS;14.70;0.00;Wood;;1969-09-16;MFL;1969-01-01;2004-12-29;
POL035400748;;POL;;;1.93;0.00;0.00;;6.50;6.09;No name;PL00748;SOP-14;;;Y;SPG3600;N;N;N;;;FX;;GNS, LLS, FPO;14.70;0.00;Other;;1966-12-31;MFL;1966-01-01;;
POL035400749;;POL;;;2.11;0.00;0.00;;7.34;6.85;No name;PL00749;SOP-15;Sopot;;Y;SPG3544;N;N;N;;;FX;;GNS, FPO, LLS;14.70;0.00;Other;;1970-04-24;MFL;1970-01-01;;
POL035401871;;POL;;;3.36;0.00;0.00;;8.20;7.77;No name;PL01871;SOP-6;;;N;;N;N;N;;;FX;;GNS, FPO, LLS;34.20;0.00;Fiber/Plastic;;2003-12-04;MFL;1980-01-01;;
POL035500736;;POL;;;2.30;0.00;0.00;;6.46;6.07;<NO NAME GIVEN>;PL00736;JEL-2;;;N;;N;;;;;FX;;GNS, FPO;21.30;0.00;Wood;;1969-12-31;MFL;1969-01-01;;2009-02-23
POL035502087;;POL;;;3.86;0.00;0.00;;7.99;7.82;No name;PL02087;JEL-8;Jelitkowo;;N;;N;N;N;;;FX;;GNS, FPO, LLS;21.30;0.00;Fiber/Plastic;;2009-02-11;MFL;1970-01-01;2024-10-01;
POL035600419;;POL;;;39.00;42.80;0.00;;17.07;15.21;<NO NAME GIVEN>;PL00419;ZAG-1;;;Y;SPG2089;N;;;;;FX;;OTB, PTB;121.00;0.00;Metal;;1960-08-10;MFL;1960-01-01;2006-07-07;
POL035600442;;POL;;;32.00;39.33;0.00;;17.17;15.14;<NO NAME GIVEN>;PL00442;ZAG-8;;;Y;SPG2139;N;;;;;FX;;OTB, PTB;121.00;0.00;Metal;;1958-06-21;MFL;1958-01-01;2005-07-13;
POL035600449;;POL;;;39.00;42.08;0.00;;17.35;15.21;<NO NAME GIVEN>;PL00449;ZAG-11;;;Y;SPG2402;N;;;;;FX;;OTB, GND;127.00;0.00;Metal;;1966-05-01;MFL;1966-01-01;2005-07-08;
POL035600452;;POL;;;33.00;36.49;0.00;;17.38;15.14;<NO NAME GIVEN>;PL00452;ZAG-14;;;Y;SPG2403;N;;;;;FX;;OTB, PTB;120.00;0.00;Metal;;1952-10-18;MFL;1952-01-01;2005-07-11;
POL035600455;;POL;;;34.00;36.34;2.00;;18.56;15.14;No name;PL00455;ZAG-17;Górki Zachodnie;;Y;SPG2136;Y;Y;N;;;FX;;PTB, GNS, OTB, PTM, OTM;260.00;1.65;Metal;;1951-07-04;MFL;1950-01-01;2024-08-12;
POL035600460;261025910;POL;;;37.00;0.00;0.00;;18.63;15.21;No name;PL00460;KOŁ-210;Kołobrzeg;;Y;SPG2091;Y;Y;Y;;;TTW;;OTB, LLD, PTM, GNS, PTB, OTM;300.00;3.30;Metal;;1965-11-02;MFL;1965-01-01;;
POL035600461;261016430;POL;;;43.00;0.00;0.00;;18.92;16.71;No name;PL00461;WŁA-186;Władysławowo;;Y;SPG2535;Y;Y;Y;;;FX;;OTB, GNS, PTB, PTM, OTM;272.00;4.95;Metal;;1966-12-07;MFL;1966-01-01;;
POL035600465;261008070;POL;;;58.00;39.23;22.00;;18.98;17.15;LAURA;PL00465;WŁA-188;;;Y;SPG2479;Y;Y;Y;;;TTW;;OTB, GNS, PTB, OTM, LLS, PTM;220.00;1.95;Metal;;1958-06-28;MFL;1958-01-01;;
POL035700405;261002730;POL;;;63.00;35.40;27.00;;18.58;16.62;No name;PL00405;DZI-25;Dziwnów;;Y;SPG2096;Y;Y;Y;;;TTW;;OTM, PTM, PTB, OTB, LLD, GNS;200.00;1.10;Metal;;1956-06-14;MFL;1956-01-01;2024-09-25;
POL035700412;;POL;;;35.00;36.52;0.00;;17.38;15.14;<NO NAME GIVEN>;PL00412;WSG-6;;;Y;SPG2486;N;;;;;FX;;PTB, OTB;110.00;0.00;Metal;;1955-11-23;MFL;1955-01-01;2005-07-08;
POL035700413;;POL;;;31.00;36.25;0.00;;17.10;15.14;<NO NAME GIVEN>;PL00413;WSG-7;;;Y;SPG2138;N;;;;;FX;;OTB, PTB;147.20;0.00;Metal;;1955-10-11;MFL;1955-01-01;2005-07-08;
POL035700414;;POL;;;68.00;37.49;24.00;;17.37;15.61;No name;PL00414;DZI-2;;;Y;SPS2676;Y;Y;N;;;FX;;OTB, LLD, LLS, OTM, GNS, PTM;121.00;3.30;Metal;;1957-04-07;MFL;1957-01-01;;
POL035700415;;POL;;;53.00;36.04;22.00;;17.38;15.14;<NO NAME GIVEN>;PL00415;WSG-12;;;Y;SPG2044;N;;;;;FX;;OTB, PTB;185.00;0.00;Metal;;1957-05-31;MFL;1957-01-01;2010-04-27;
POL035700416;;POL;;;43.00;47.48;0.00;;18.94;16.71;<NO NAME GIVEN>;PL00416;WSG-21;;;Y;SPG2092;N;;;;;FX;;OTB, PTB;202.00;0.00;Metal;;1962-08-16;MFL;1962-01-01;2005-10-13;
POL035700417;261012460;POL;;;47.00;0.00;4.00;;20.52;16.92;No name;PL00417;KOŁ-211;Kołobrzeg;;Y;SPG2538;Y;Y;Y;;;FX;;OTB, OTM, PTB, LLD, PTM, GNS;305.00;1.65;Metal;;1963-04-22;MFL;1963-01-01;;
POL035700418;;POL;;;39.00;42.13;0.00;;17.54;15.21;<NO NAME GIVEN>;PL00418;WSG-39;;;Y;SPG2046;N;;;;;FX;;OTB, GND;147.00;0.00;Metal;;1964-12-31;MFL;1964-01-01;2005-03-01;
POL035700781;;POL;;;5.19;0.00;0.00;;8.50;7.78;<NO NAME GIVEN>;PL00781;WSG-3;;;N;;N;;;;;FX;;GNS, LLS;33.80;0.00;Metal;;1990-08-24;MFL;1990-01-01;2006-05-15;
POL035700782;;POL;;;3.96;0.00;0.00;;7.64;7.05;<NO NAME GIVEN>;PL00782;WSG-23;;;N;;N;;;;;FX;;GNS, LLS;22.40;0.00;Wood;;1968-12-31;MFL;1968-01-01;;2012-01-27
POL035800752;;POL;;;0.43;0.00;0.00;;3.61;3.35;No name;PL00752;UST-150;Ustka;;N;;N;N;N;;;FX;;GNS, LLS, LLD;3.70;0.00;Fiber/Plastic;;1982-12-31;MFL;1982-01-01;;
POL035800753;;POL;;;5.76;0.00;0.00;;11.11;9.93;;PL00753;WŁA-87;;;Y;;N;N;N;;;FX;;GNS, LLS, FPO;47.90;0.00;Fiber/Plastic;;1995-05-25;MFL;1994-01-01;;2020-01-27
POL035800754;;POL;;;3.15;0.00;0.00;;7.60;7.20;<NO NAME GIVEN>;PL00754;SWB-4;;;N;;N;;;;;FX;;GND, GNS;26.50;0.00;Wood;;1983-04-06;MFL;1982-01-01;2006-01-23;
POL035800755;;POL;;;5.51;0.00;0.00;;8.80;7.89;No name;PL00755;SWB-5;;;N;;N;N;N;;;FX;;GNS, LLS, LLD, FPO;64.80;0.00;Fiber/Plastic;;2001-12-28;MFL;1995-01-01;;
POL035800758;;POL;;;4.86;0.00;0.00;;8.00;7.10;<NO NAME GIVEN>;PL00758;SWB-7;;;N;;N;;;;;FX;;GND, GNS;45.00;0.00;Wood;;1978-06-30;MFL;1978-01-01;2004-12-29;
POL035800761;;POL;;;7.39;0.00;0.00;;9.81;9.33;<NO NAME GIVEN>;PL00761;SWB-8;;;N;;N;;;;;FX;;GND, FPO;55.20;0.00;Metal;;1985-03-27;MFL;1957-01-01;2005-04-29;
POL035800763;;POL;;;4.98;0.00;0.00;;7.91;7.60;No name;PL00763;SWB-14;;;Y;SPG3628;N;N;N;;;GO;;GNS, FPO, LLD, LLS;22.40;0.00;Wood;;1967-12-31;MFL;1967-01-01;;
POL035800764;;POL;;;4.70;0.00;0.00;;9.27;8.38;No name;PL00764;SWB-15;Świbno;;Y;SPG3719;N;N;N;;;GO;;GNS, FPO, FYK;57.40;0.00;Fiber/Plastic;;1998-05-28;MFL;1977-01-01;;
POL035800766;;POL;;;6.18;0.00;0.00;;10.04;8.52;No name;PL00766;SWB-17;Świbno;;Y;SPG6102;N;N;N;;;FX;;GNS, LLS, LLD, FYK, FPN;192.00;0.00;Fiber/Plastic;;1997-08-14;MFL;1997-01-01;;
POL035800768;;POL;;;2.50;0.00;0.00;;7.98;7.68;No name;PL00768;SWB-18;Świbno;;Y;SPG3885;N;N;N;;;FX;;GNS, FYK, LLS;53.00;0.00;Fiber/Plastic;;1983-12-31;MFL;1983-01-01;;
POL035800769;;POL;;;5.48;0.00;0.00;;10.10;9.46;No name;PL00769;WŁA-144;Władysławowo;;Y;SPG3673;N;N;N;;;FX;;GNS, LLS, FPN, FYK;112.00;0.00;Fiber/Plastic;;1999-07-21;MFL;1977-01-01;;
POL035800772;;POL;;;4.36;0.00;0.00;;8.40;7.51;<NO NAME GIVEN>;PL00772;SWB-25;;;N;;N;;;;;FX;;GND, GNS;38.20;0.00;Metal;;1985-05-30;MFL;1985-01-01;2005-11-23;
POL035800773;;POL;;;3.35;0.00;0.00;;7.67;6.79;<NO NAME GIVEN>;PL00773;SWB-29;;;N;;N;;;;;FX;;GNS, GND;40.00;0.00;Wood;;1985-07-17;MFL;1985-01-01;2005-11-23;
POL035800776;;POL;;;3.40;0.00;0.00;;6.80;6.45;<NO NAME GIVEN>;PL00776;SWB-33;;;N;;N;;;;;FX;;GND, GNS;24.30;0.00;Wood;;1972-10-04;MFL;1972-01-01;2005-08-09;
POL035800777;;POL;;;4.18;0.00;0.00;;9.10;8.40;<NO NAME GIVEN>;PL00777;SWB-46;;;N;;N;;;;;FX;;GND, GNS;38.20;0.00;Metal;;1985-04-09;MFL;1984-01-01;2005-04-19;
POL035800778;;POL;;;2.68;0.00;0.00;;7.55;6.91;<NO NAME GIVEN>;PL00778;SWB-53;;;N;;N;;;;;FX;;GNS, FPO;36.00;0.00;Wood;;1955-12-07;MFL;1955-01-01;;2010-05-05
POL035800779;;POL;;;3.64;0.00;0.00;;8.46;7.69;No name;PL00779;SWB-55;;;N;;N;N;N;;;FX;;GNS, FPO, LLS;17.70;0.00;Metal;;1983-03-09;MFL;1981-01-01;;
POL035800780;;POL;;;2.76;0.00;0.00;;7.53;7.06;<NO NAME GIVEN>;PL00780;SWB-61;;;N;;N;;;;;FX;;GNS, FPO;40.48;0.00;Wood;;1970-05-11;MFL;1969-01-01;2010-07-02;
POL035800793;;POL;;;3.44;0.00;0.00;;7.30;6.53;<NO NAME GIVEN>;PL00793;SWB-9;;;N;;N;;;;;FX;;GND, FPO;33.00;0.00;Wood;;1989-03-10;MFL;1988-01-01;2005-04-19;
POL035801786;;POL;;;4.09;0.00;0.00;;8.49;7.62;<NO NAME GIVEN>;PL01786;SWB-16;;;N;;N;;;;;FX;;GND, GNS;31.50;0.00;Metal;;1981-11-03;MFL;1981-01-01;2006-01-06;
POL035802154;;POL;;;5.67;0.00;0.00;;7.89;7.47;No name;PL02154;SWB-59;Świbno;;Y;SPG3605;N;N;N;;;GO;;GNS, LLD, FPO, FYK, LLS;36.00;0.00;Fiber/Plastic;;1991-07-22;MFL;1991-01-01;;
POL035802284;;POL;;;3.80;0.00;0.00;;9.05;8.30;No name;PL02284;SWB-22;Świbno;;Y;SPG4004;N;N;N;;;FX;;GNS, FYK, LLS, FPO;8.80;0.00;Fiber/Plastic;;2014-03-17;MFL;2004-01-01;;
POL035900234;261011540;POL;;;100.00;0.00;0.00;;25.62;22.71;No name;PL00234;WŁA-182;Władysławowo;;Y;SPG2533;Y;Y;Y;7435979;;TS;;OTB, OTM, PTM, LLD, PTB;258.00;7.80;Metal;;1975-05-24;MFL;1975-01-01;;
POL035900235;;POL;;;95.00;106.52;0.00;;24.52;22.33;<NO NAME GIVEN>;PL00235;GDA-16;;;Y;SPS2351;N;;;;;FX;;OTB, GNS;281.00;0.00;Metal;;1976-01-28;MFL;1976-01-01;2009-11-27;
POL035900236;261005090;POL;;;94.00;0.00;0.00;;25.68;22.33;No name;PL00236;WŁA-219;Władysławowo;;Y;SPG2411;Y;Y;Y;7325588;;TTW;;OTM, LLD, OTB, GNS, PTB, PTM;199.00;5.20;Metal;;1971-11-17;MFL;1971-01-01;;
POL035900237;261005080;POL;;;84.00;0.00;0.00;;21.69;18.92;No name;PL00237;GDA-20;Gdańsk;;Y;SPG2180;Y;Y;Y;;;TT;;OTB, PTB, PTM, OTM, GNS;304.00;49.90;Metal;;1979-05-23;MFL;1979-01-01;2024-10-07;
POL035900402;;POL;;;41.00;48.56;0.00;;18.95;16.71;<NO NAME GIVEN>;PL00402;GDA-22;;;Y;SPG2178;N;;;;;FX;;OTB, OTM;258.00;0.00;Metal;;1963-12-31;MFL;1963-01-01;2005-02-02;
POL035900404;261006780;POL;;;117.00;0.00;36.00;;22.82;19.70;No name;PL00404;UST-155;Ustka;;Y;SPG2634;Y;Y;Y;2874560;;TTW;;OTB, GNS, PTM, OTM, LLD, PTB;280.00;56.00;Metal;;1985-02-12;MFL;1985-01-01;;
POL035900735;261005050;POL;;;16.38;13.98;0.00;;11.95;10.71;No name;PL00735;DAR-124;Darłowo;;Y;SPG3280;N;N;Y;;;FX;;GNS, LLS, LHM, LLD;147.00;0.00;Metal;;2002-08-12;MFL;1997-01-01;;
POL035902317;;POL;;;3.82;0.00;0.00;;11.99;11.00;No name;PL02317;GDA-25;Gdańsk;;Y;SPG4945;N;N;N;;;FX;;GNS, FPO, LLD, LLS;50.00;0.00;Fiber/Plastic;;2003-07-18;MFL;1989-01-01;;
POL035902320;;POL;;;3.75;0.00;0.00;;12.00;10.99;No name;PL02320;GDA-26;Gdańsk;;Y;M057;Y;N;N;;;FX;;GNS, LLS, FPN, FYK;47.90;0.00;Fiber/Plastic;;1989-06-02;MFL;1989-01-01;;
POL036001037;;POL;;;5.22;0.00;0.00;;9.20;8.06;<NO NAME GIVEN>;PL01037;MIK-2;;;N;;N;;;;;FX;;GNS, FPO;38.20;0.00;Metal;;1986-03-03;MFL;1985-01-01;2005-04-21;
POL036001038;;POL;;;2.74;0.00;0.00;;7.34;6.84;No name;PL01038;MIK-3;Mikoszewo;;Y;SPG3765;N;N;N;;;FX;;GNS, FPN, LLS, FYK;7.40;0.00;Wood;;1965-12-31;MFL;1965-01-01;2024-10-16;
POL036001039;;POL;;;1.43;0.00;0.00;;6.67;6.33;No name;PL01039;MIK-14;Mikoszewo;;Y;SPG3849;N;N;N;;;FX;;GNS, FYK, FPO;5.20;0.00;Metal;;1965-07-31;MFL;1965-01-01;;
POL036101004;;POL;;;2.01;0.00;0.00;;6.32;5.94;No name;PL01004;JAN-1;Jantar;;Y;SPG3376;N;N;N;;;GO;;GNS, FPO;22.40;0.00;Wood;;1977-12-31;MFL;1977-01-01;;
POL036101009;;POL;;;1.86;0.00;0.00;;6.55;6.19;No name;PL01009;JAN-2;Jantar;;Y;SPG3365;N;N;N;;;FX;;GNS, FYK, FPN;44.20;0.00;Fiber/Plastic;;1966-12-31;MFL;1966-01-01;;
POL036101011;;POL;;;1.83;0.00;0.00;;6.63;6.23;No name;PL01011;JAN-3;Jantar;;Y;SPG3706;N;N;N;;;FX;;GNS, FPN, LLS, FYK, FPO;21.30;0.00;Fiber/Plastic;;1995-11-05;MFL;1995-01-01;;
POL036101013;;POL;;;1.68;0.00;0.00;;6.07;5.71;No name;PL01013;JAN-4;Jantar;;N;;N;N;N;;;FX;;GNS, FPO, LLS, FYK, LLD;53.00;0.00;Wood;;1960-12-31;MFL;1960-01-01;;
POL036101014;;POL;;;3.75;0.00;0.00;;7.43;6.94;No name;PL01014;KRM-50;;;N;;N;N;N;;;FX;;GNS, LLS, FPO;32.40;0.00;Fiber/Plastic;;1988-09-19;MFL;1988-01-01;;
POL036101020;;POL;;;2.12;0.00;0.00;;6.57;6.16;No name;PL01020;JAN-16;;;N;;N;N;N;;;FX;;GNS, LLS, FPO;22.40;0.00;Wood;;1981-09-24;MFL;1981-01-01;;
POL036101021;;POL;;;2.37;0.00;0.00;;6.70;6.17;No name;PL01021;JAN-17;;;Y;SPG3383;N;N;N;;;FX;;GNS, LLS, FPO;22.40;0.00;Fiber/Plastic;;1963-10-30;MFL;1963-01-01;;
POL036201022;;POL;;;1.72;0.00;0.00;;5.82;5.48;No name;PL01022;STE-1;Stegna;;Y;SPG3446;N;N;N;;;FX;;GNS, FPO, FYK, LLS, FPN;7.40;0.00;Wood;;1976-12-31;MFL;1976-01-01;;
POL036201023;;POL;;;3.23;0.00;0.00;;7.24;6.90;No name;PL01023;STE-3;;;Y;SPG3575;N;N;N;;;FX;;GNS, FYK, FPN, LLS;5.20;0.00;Fiber/Plastic;;1974-09-30;MFL;1974-01-01;;
POL036201024;;POL;;;1.93;0.00;0.00;;6.42;6.00;No name;PL01024;STE-4;Stegna;;Y;SPG3552;N;N;N;;;FX;;GNS, LLS, FPO, FYK;22.40;0.00;Wood;;1987-12-31;MFL;1987-01-01;;
POL036201025;;POL;;;1.87;0.00;0.00;;6.28;5.85;<NO NAME GIVEN>;PL01025;STE-14;;;N;;N;;;;;FX;;GNS, LLS;3.70;0.00;Wood;;1976-06-24;MFL;1976-01-01;2006-03-01;
POL036301026;261020460;POL;;;4.43;0.00;0.00;;7.97;7.08;No name;PL01026;SZT-1;Sztutowo;;Y;SPG3555;N;N;Y;;;FX;;GNS, FPN, LLD, FPO, FYK, LLS;44.00;0.00;Fiber/Plastic;;1992-02-27;MFL;1992-01-01;;
POL036400970;;POL;;;2.72;0.00;0.00;;7.85;7.39;<NO NAME GIVEN>;PL00970;KAT-2;;;N;;N;;;;;FX;;FPO, GNS;59.00;0.00;Fiber/Plastic;;1993-03-09;MFL;1992-01-01;2004-12-23;
POL036400972;;POL;;;0.92;0.00;0.00;;5.47;4.85;No name;PL00972;KĄT-6;Kąty Rybackie I;;Y;SPG4288;N;N;N;;;FX;;GNS, FPN, FYK;11.40;0.00;Fiber/Plastic;;1990-08-27;MFL;1990-01-01;;
POL036400978;;POL;;;4.22;0.00;0.00;;8.98;8.31;No name;PL00978;KĄT-14;;;N;;N;N;N;;;FX;;FPO, GNS;51.60;0.00;Fiber/Plastic;;1991-01-31;MFL;1991-01-01;;
POL036400979;;POL;;;1.80;0.00;0.00;;6.35;6.00;<NO NAME GIVEN>;PL00979;KAT-16;;;N;;N;;;;;FX;;FPO, GNS;64.00;0.00;Fiber/Plastic;;1991-05-21;MFL;1991-01-01;2006-03-28;
POL036400980;;POL;;;4.38;0.00;0.00;;8.90;8.35;<NO NAME GIVEN>;PL00980;KAT-18;;;N;;N;;;;;FX;;GNS, NO;110.00;0.00;Fiber/Plastic;;1984-12-18;MFL;1984-01-01;2005-05-12;
POL036400983;;POL;;;1.58;0.00;0.00;;5.98;5.72;<NO NAME GIVEN>;PL00983;KAT-24;;;N;;N;;;;;FX;;FPO, GNS;44.40;0.00;Fiber/Plastic;;1991-03-14;MFL;1991-01-01;2005-05-12;
POL036400984;;POL;;;4.76;0.00;0.00;;8.98;8.50;No name;PL00984;KĄT-25;;;N;;N;N;N;;;FX;;FPO, GNS;51.60;0.00;Fiber/Plastic;;1991-01-31;MFL;1991-01-01;;
POL036400985;;POL;;;1.41;0.00;0.00;;5.98;5.73;<NO NAME GIVEN>;PL00985;PAS-58;;;N;;N;;;;;FX;;GNS, FPO;7.30;0.00;Fiber/Plastic;;1989-12-31;MFL;1989-01-01;;2008-10-28
POL036400986;;POL;;;3.01;0.00;0.00;;8.08;7.47;<NO NAME GIVEN>;PL00986;KAT-27;;;N;;N;;;;;FX;;GNS, FPO;22.40;0.00;Metal;;1985-03-06;MFL;1985-01-01;;2006-05-29
POL036400987;;POL;;;2.76;0.00;0.00;;6.76;6.35;<NO NAME GIVEN>;PL00987;KAT-28;;;N;;N;;;;;FX;;GNS, FPO;18.70;0.00;Metal;;1982-04-09;MFL;1982-01-01;;2008-10-09
POL036400989;;POL;;;2.95;0.00;0.00;;7.19;6.61;<NO NAME GIVEN>;PL00989;KAT-31;;;N;;N;;;;;FX;;GNS, FPO;17.60;0.00;Wood;;1988-02-28;MFL;1987-01-01;2006-01-19;
POL036400992;;POL;;;3.32;0.00;0.00;;8.52;7.87;No name;PL00992;KĄT-36;;;N;;N;N;N;;;FX;;GNS, LLS, FPO;112.00;0.00;Fiber/Plastic;;2002-08-27;MFL;2002-01-01;;
POL036400994;;POL;;;5.58;0.00;0.00;;9.05;8.24;;PL00994;KĄT-51;;;N;;N;N;N;;;FX;;FPO, GNS;125.00;0.00;Fiber/Plastic;;1984-12-31;MFL;1984-01-01;2017-12-27;
POL036400995;;POL;;;2.57;0.00;0.00;;7.25;6.70;No name;PL00995;KĄT-53;Kąty Rybackie I;;Y;SPG4291;N;N;N;;;FX;;FYK, FPN, GNS;44.00;0.00;Fiber/Plastic;;1992-03-06;MFL;1992-01-01;;
POL036400996;;POL;;;2.92;0.00;0.00;;6.98;6.45;<NO NAME GIVEN>;PL00996;KAT-54;;;N;;N;;;;;FX;;GNS, FPO;17.66;0.00;Wood;;1988-12-31;MFL;1988-01-01;;2005-03-31
POL036400997;;POL;;;1.49;0.00;0.00;;6.09;5.61;<NO NAME GIVEN>;PL00997;KAT-56;;;N;;N;;;;;FX;;FPO, GNS;11.40;0.00;Wood;;1968-04-30;MFL;1968-01-01;2005-10-18;
POL036400998;;POL;;;5.23;0.00;0.00;;8.98;8.43;<NO NAME GIVEN>;PL00998;KAT-60;;;N;;N;;;;;FX;;FPO, GNS;120.00;0.00;Fiber/Plastic;;1990-08-27;MFL;1990-01-01;;2012-05-22
POL036400999;;POL;;;2.33;0.00;0.00;;6.81;6.65;No name;PL00999;KRM-33;;;N;;N;N;N;;;FX;;FPO, GNS;57.40;0.00;Fiber/Plastic;;1997-05-12;MFL;1993-01-01;;
POL036401000;;POL;;;5.08;0.00;0.00;;10.01;9.71;No name;PL01000;KOŁ-141;Kołobrzeg;;Y;SPS2892;N;N;N;;;FX;;GNS, LLS, LLD;40.50;0.00;Fiber/Plastic;;1985-12-31;MFL;1985-01-01;;2021-07-28
POL036401001;;POL;;;2.76;0.00;0.00;;8.00;7.49;No name;PL01001;KĄT-77;;;Y;SPG3666;N;N;N;;;FX;;FPO, GNS;68.00;0.00;Fiber/Plastic;;1995-01-17;MFL;1994-01-01;;
POL036401002;;POL;;;3.07;0.00;0.00;;7.27;6.84;<NO NAME GIVEN>;PL01002;KAT-83;;;N;;N;;;;;FX;;FPO, GNS;17.70;0.00;Wood;;1981-02-11;MFL;1981-01-01;2006-01-11;
POL036401003;;POL;;;1.18;0.00;0.00;;5.50;5.04;No name;PL01003;KĄT-99;Kąty Rybackie I;;Y;SPG4648;N;N;N;;;FX;;GNS, FPN, FYK;15.70;0.00;Fiber/Plastic;;1992-12-31;MFL;1992-01-01;;
POL036401996;;POL;;;2.21;0.00;0.00;;7.99;7.54;No name;PL01996;KĄT-5;Kąty Rybackie I;;Y;SPG4428;N;N;N;;;FX;;GNS, LLS, FPN, LLD, FYK;17.10;0.00;Fiber/Plastic;;1981-06-03;MFL;1981-01-01;;
POL036402072;;POL;;;1.51;0.00;0.00;;6.40;5.95;No name;PL02072;KĄT-100;Kąty Rybackie I;;Y;SPG4363;N;N;N;;;FX;;GNS, FYK, FPN;18.70;0.00;Fiber/Plastic;;2008-09-22;MFL;1998-01-01;;
POL036402187;;POL;;;2.61;0.00;0.00;;8.14;7.27;<NO NAME GIVEN>;PL02187;KAT-96;;;N;;N;;;;;FX;;FPO, GNS;60.00;0.00;Fiber/Plastic;;1998-04-20;MFL;1995-01-01;;2013-03-12
POL036402223;;POL;;;0.86;0.00;0.00;;6.65;6.18;No name;PL02223;KĄT-95;Kąty Rybackie I;;Y;SPG4499;N;N;N;;;FX;;FYK, GNS, FPN;15.00;0.00;Fiber/Plastic;;2013-03-07;MFL;2013-01-01;;
POL036402295;;POL;;;0.99;0.00;0.00;;4.80;4.37;No name;PL02295;KĄT-102;;;N;;N;N;N;;;FX;;GNS, FPO;18.40;0.00;Fiber/Plastic;;2014-06-04;MFL;2008-01-01;;
POL036402313;;POL;;;1.74;0.00;0.00;;5.95;5.45;No name;PL02313;KĄT-104;Kąty Rybackie I;;Y;SPG3966;N;N;N;;;FX;;GNS, FYK, LLS, FPN;22.60;0.00;Fiber/Plastic;;2017-12-15;MFL;2017-01-01;;
POL036501130;;POL;;;3.28;0.00;0.00;;7.62;7.12;<NO NAME GIVEN>;PL01130;KAT-1;;;N;;N;;;;;FX;;GNS, LLS;17.60;0.00;Wood;;1980-08-29;MFL;1980-01-01;2009-05-18;
POL036501131;;POL;;;2.39;0.00;0.00;;6.58;6.14;<NO NAME GIVEN>;PL01131;KAT-4;;;N;;N;;;;;FX;;GNS, NO;17.60;0.00;Wood;;1977-06-24;MFL;1977-01-01;2005-01-31;
POL036501132;;POL;;;2.52;0.00;0.00;;6.60;6.19;No name;PL01132;KĄT-10;;;N;;N;N;N;;;FX;;GNS, LLS;17.50;0.00;Wood;;1981-03-23;MFL;1981-01-01;;
POL036501133;;POL;;;3.49;0.00;0.00;;7.93;7.32;No name;PL01133;KĄT-13;Kąty Rybackie Ii;;Y;SPG3699;N;N;N;;;FX;;GNS, LLS, FYK, FPN;22.40;0.00;Fiber/Plastic;;1977-11-07;MFL;1977-01-01;;
POL036501134;;POL;;;3.19;0.00;0.00;;7.20;6.72;<NO NAME GIVEN>;PL01134;KAT-30;;;N;;N;;;;;FX;;GNS, LLS;17.60;0.00;Wood;;1991-01-31;MFL;1990-01-01;2005-10-24;
POL036501135;261019710;POL;;;4.87;0.00;0.00;;7.65;6.95;No name;PL01135;KĄT-34;Kąty Rybackie Ii;;Y;SPG3479;N;N;Y;;;FX;;GNS, FYK, LLS, FPN;20.10;0.00;Fiber/Plastic;;1972-12-31;MFL;1972-01-01;;
POL036501136;;POL;;;3.76;0.00;0.00;;7.95;7.53;No name;PL01136;KĄT-39;;;Y;SPG3478;N;N;N;;;FX;;GNS, FPO, LLS;55.90;0.00;Fiber/Plastic;;1988-02-24;MFL;1988-01-01;;
POL036501137;;POL;;;2.90;0.00;0.00;;7.96;7.64;No name;PL01137;KĄT-40;Kąty Rybackie Ii;;Y;SPG3705;N;N;N;;;FX;;GNS, LLS;15.00;0.00;Fiber/Plastic;;1982-09-11;MFL;1982-01-01;;
POL036501138;;POL;;;2.30;0.00;0.00;;8.08;7.35;No name;PL01138;KRM-41;Krynica Morska I;;Y;SPG4341;N;N;N;;;GO;;GNS, FPN, FYK;17.70;0.00;Fiber/Plastic;;1983-03-10;MFL;1983-01-01;;
POL036501139;;POL;;;2.26;0.00;0.00;;6.66;6.20;<NO NAME GIVEN>;PL01139;KAT-48;;;N;;N;;;;;FX;;GNS, LLS;44.10;0.00;Wood;;1983-12-31;MFL;1983-01-01;2005-10-18;
POL036501140;;POL;;;2.91;0.00;0.00;;7.07;6.50;<NO NAME GIVEN>;PL01140;KAT-57;;;N;;N;;;;;FX;;GNS, LLS;35.30;0.00;Wood;;1988-01-04;MFL;1987-01-01;2006-01-13;
POL036501141;;POL;;;3.75;0.00;0.00;;7.90;7.32;No name;PL01141;KĄT-59;Kąty Rybackie Ii;;Y;SPG3562;N;N;N;;;FX;;GNS, FPN, LLS, FYK;59.00;0.00;Wood;;1985-09-24;MFL;1985-01-01;;
POL036502189;;POL;;;5.39;0.00;0.00;;7.96;7.14;No name;PL02189;KĄT-19;;;Y;SPG3702;N;N;N;;;FX;;GNS, LLS, FPO;15.00;0.00;Fiber/Plastic;;2012-06-30;MFL;2012-01-01;;
POL036502253;;POL;;;2.40;0.00;0.00;;7.90;7.24;No name;PL02253;KĄT-11;Kąty Rybackie Ii;;Y;SPG3965;N;N;N;;;FX;;GNS, LLS, FPN, FYK;18.70;0.00;Fiber/Plastic;;1987-05-14;MFL;1968-01-01;;
POL036502278;;POL;;;1.07;0.00;0.00;;5.40;5.05;No name;PL02278;KĄT-103;Kąty Rybackie I;;Y;SPG4348;N;N;N;;;FX;;FYK, FPN, GNS;18.40;0.00;Fiber/Plastic;;2014-01-08;MFL;2013-01-01;;
POL036601102;;POL;;;2.04;0.00;0.00;;6.40;5.61;<NO NAME GIVEN>;PL01102;KRM-9;;;N;;N;;;;;FX;;GNS, FPO;7.40;0.00;Wood;;1965-10-22;MFL;1965-01-01;;2009-12-21
POL036601103;;POL;;;5.30;0.00;0.00;;9.40;8.35;<NO NAME GIVEN>;PL01103;KRM-11;;;N;;N;;;;;FX;;GNS, FPO;110.40;0.00;Fiber/Plastic;;1987-12-31;MFL;1987-01-01;2005-01-19;
POL036601104;;POL;;;2.57;0.00;0.00;;6.81;6.15;<NO NAME GIVEN>;PL01104;KRM-12;;;N;;N;;;;;FX;;GNS, FPO;64.80;0.00;Fiber/Plastic;;1990-12-21;MFL;1990-01-01;2005-09-30;
POL036601105;;POL;;;3.52;0.00;0.00;;7.94;7.24;<NO NAME GIVEN>;PL01105;KRM-13;;;N;;N;;;;;FX;;GNS, FPO;17.70;0.00;Wood;;1980-10-23;MFL;1980-01-01;;2007-11-09
POL036601106;;POL;;;2.88;0.00;0.00;;7.96;7.26;<NO NAME GIVEN>;PL01106;KRM-14;;;N;;N;;;;;FX;;GNS, FPO;55.90;0.00;Fiber/Plastic;;1987-05-27;MFL;1987-01-01;2004-12-23;
POL036601107;;POL;;;2.06;0.00;0.00;;6.60;6.34;<NO NAME GIVEN>;PL01107;KRM-18;;;N;;N;;;;;FX;;GNS, FPO;55.10;0.00;Metal;;1992-05-25;MFL;1986-01-01;2005-04-29;
POL036601108;;POL;;;1.72;0.00;0.00;;6.37;5.97;<NO NAME GIVEN>;PL01108;KRM-23;;;N;;N;;;;;FX;;GNS, FPO;14.70;0.00;Metal;;1986-12-31;MFL;1986-01-01;;2006-05-29
POL036601109;;POL;;;1.86;0.00;0.00;;6.40;5.82;<NO NAME GIVEN>;PL01109;KRM-29;;;N;;N;;;;;FX;;GNS, FPO;21.30;0.00;Wood;;1981-12-31;MFL;1981-01-01;;2007-06-05
POL036601110;;POL;;;4.23;0.00;0.00;;8.50;7.63;<NO NAME GIVEN>;PL01110;KRM-36;;;N;;N;;;;;FX;;GNS, FPO;70.00;0.00;Metal;;1980-12-31;MFL;1980-01-01;;2005-06-20
POL036601998;;POL;;;2.06;0.00;0.00;;6.70;6.18;No name;PL01998;KRM-31;;;N;;N;N;N;;;FX;;GNS, FWR, FAR, FYK, FPN, FSN;38.00;0.00;Fiber/Plastic;;1982-12-31;MFL;1982-01-01;;
POL036602017;;POL;;;3.31;0.00;0.00;;8.96;8.35;No name;PL02017;KRM-40;;;Y;SPG3548;N;N;N;;;FX;;GNS, FPO, LLS;14.70;0.00;Fiber/Plastic;;2006-07-05;MFL;2005-01-01;;
POL036602037;;POL;;;3.08;0.00;0.00;;7.27;6.95;No name;PL02037;KRM-24;;;Y;SPG3896;N;N;N;;;FX;;GNS, FPO, LLS;41.00;0.00;Fiber/Plastic;;1991-01-31;MFL;1990-01-01;;
POL036602044;;POL;;;2.90;0.00;0.00;;7.23;6.58;No name;PL02044;KRM-35;;;N;;N;N;N;;;FX;;GNS, LLS, FPO;17.70;0.00;Fiber/Plastic;;1995-02-27;MFL;1994-01-01;;
POL036602329;;POL;;;1.39;0.00;0.00;;5.68;5.03;No name;PL02329;KRM-52;Krynica Morska I;;Y;SPG6078;N;N;N;;;FX;;GNS, FYK, LLS;15.00;0.00;Fiber/Plastic;;2021-04-07;MFL;2007-01-01;;
POL036701143;;POL;;;2.51;0.00;0.00;;6.60;6.05;<NO NAME GIVEN>;PL01143;KRM-1;;;N;;N;;;;;FX;;GNS, LLS;22.40;0.00;Metal;;1986-08-18;MFL;1986-01-01;;2008-07-22
POL036701144;;POL;;;3.33;0.00;0.00;;8.27;7.73;<NO NAME GIVEN>;PL01144;KRM-2;;;N;;N;;;;;FX;;GNS, GND;51.50;0.00;Wood;;1985-12-31;MFL;1985-01-01;2004-12-23;
POL036701145;;POL;;;2.12;0.00;0.00;;6.60;6.14;<NO NAME GIVEN>;PL01145;KRM-3;;;N;;N;;;;;FX;;GNS, LLS;44.00;0.00;Wood;;1965-12-21;MFL;1965-01-01;;2007-10-03
POL036701146;;POL;;;6.53;0.00;0.00;;7.98;7.83;No name;PL01146;KRM-7;Krynica Morska Ii;;Y;SPG3630;N;N;N;;;FX;;GNS, LLS, FYK, FPN;39.90;0.00;Fiber/Plastic;;1957-05-03;MFL;1957-01-01;;
POL036701147;;POL;;;4.75;0.00;0.00;;7.98;7.43;No name;PL01147;KRM-17;Krynica Morska Ii;;Y;SPG4413;N;N;N;;;FX;;GNS, LLS, FPN, FYK;18.70;0.00;Fiber/Plastic;;1981-02-27;MFL;1981-01-01;;
POL036701148;;POL;;;2.39;0.00;0.00;;7.10;6.53;No name;PL01148;DAR-347;;;N;;N;N;N;;;FX;;GNS, LLS;69.90;0.00;Fiber/Plastic;;1969-06-02;MFL;1968-01-01;;
POL036701149;;POL;;;4.50;0.00;0.00;;8.24;7.49;;PL01149;KRM-21;;;N;;N;N;N;;;FX;;GNS, LLS, FPO;17.60;0.00;Fiber/Plastic;;1996-11-18;MFL;1996-01-01;;2018-01-04
POL036701150;;POL;;;5.12;0.00;0.00;;8.50;7.51;No name;PL01150;KRM-26;Krynica Morska Ii;;N;;N;N;N;;;FX;;GNS, LLS, FPN, FYK;51.50;0.00;Fiber/Plastic;;1997-12-22;MFL;1972-01-01;2025-07-04;
POL036701151;261018820;POL;;;5.91;0.00;0.00;;10.02;9.55;No name;PL01151;KRM-27;;;Y;SPG3421;N;N;Y;;;FX;;GNS, LLS;55.20;0.00;Fiber/Plastic;;1997-12-22;MFL;1997-01-01;;
POL036701152;;POL;;;4.71;0.00;0.00;;7.99;7.47;No name;PL01152;KRM-30;;;Y;SPG4412;N;N;N;;;FX;;GNS, FPO, LLS;22.40;0.00;Fiber/Plastic;;1991-12-31;MFL;1991-01-01;;
POL036701153;;POL;;;4.45;0.00;0.00;;7.18;6.65;;PL01153;JAS-63;;;N;;N;N;N;;;FX;;GNS, FPO, LLS, LLD;8.00;0.00;Fiber/Plastic;;1999-05-20;MFL;1999-01-01;;2020-05-21
POL036801111;;POL;;;2.92;0.00;0.00;;8.50;7.92;No name;PL01111;PIA-2;;;N;;N;N;N;;;FX;;FPO, GNS;50.00;0.00;Fiber/Plastic;;1990-12-31;MFL;1990-01-01;;
POL036801112;;POL;;;2.75;0.00;0.00;;7.92;7.30;No name;PL01112;PIA-6;Piaski I;;Y;SPG3549;N;N;N;;;FX;;FYK, GNS, FPN;132.00;0.00;Fiber/Plastic;;1994-03-23;MFL;1994-01-01;;
POL036801113;;POL;;;2.70;0.00;0.00;;8.08;7.34;<NO NAME GIVEN>;PL01113;PIA-7;;;N;;N;;;;;FX;;FPO, GNS;95.60;0.00;Fiber/Plastic;;1996-11-18;MFL;1996-01-01;2009-12-14;
POL036801114;;POL;;;2.39;0.00;0.00;;7.95;7.30;No name;PL01114;PIA-10;Piaski I;;Y;SPG3550;N;N;N;;;FX;;FYK, LLS, LVT, GNS, FPN;65.00;0.00;Fiber/Plastic;;1993-08-31;MFL;1993-01-01;;
POL036801115;;POL;;;2.48;0.00;0.00;;8.03;7.11;No name;PL01115;PIA-19;Piaski I;;Y;SPG4473;N;N;N;;;FX;;FYK, FPN, GNS, LLS;95.00;0.00;Fiber/Plastic;;1993-03-22;MFL;1993-01-01;;
POL036801116;;POL;;;3.95;0.00;0.00;;8.84;8.02;<NO NAME GIVEN>;PL01116;PIA-20;;;N;;N;;;;;FX;;FPO, GNS;70.00;0.00;Fiber/Plastic;;1987-04-06;MFL;1987-01-01;2005-07-13;
POL036801117;;POL;;;3.03;0.00;0.00;;8.10;6.72;No name;PL01117;PIA-24;Piaski I;;Y;SPG3551;N;N;N;;;FX;;FYK, LLS, FPN, GNS;130.00;0.00;Fiber/Plastic;;1990-06-12;MFL;1990-01-01;2024-07-30;
POL036801118;;POL;;;3.37;0.00;0.00;;8.30;7.30;No name;PL01118;PIA-26;Piaski I;;Y;SPG4308;N;N;N;;;FX;;FYK, LLS, FPN, LLD, GNS;88.20;0.00;Fiber/Plastic;;1987-11-03;MFL;1987-01-01;;
POL036801119;;POL;;;3.13;0.00;0.00;;7.87;7.30;<NO NAME GIVEN>;PL01119;PIA-28;;;N;;N;;;;;FX;;FPO, GNS;110.00;0.00;Fiber/Plastic;;1987-06-04;MFL;1987-01-01;2005-06-09;
POL036801120;;POL;;;4.89;0.00;0.00;;9.00;8.16;<NO NAME GIVEN>;PL01120;PIA-31;;;N;;N;;;;;FX;;FPO, GNS;70.00;0.00;Fiber/Plastic;;1984-12-21;MFL;1984-01-01;2006-03-01;
POL036801121;;POL;;;3.95;0.00;0.00;;7.97;6.86;<NO NAME GIVEN>;PL01121;KRM-34;;;N;;N;;;;;FX;;FPO, GNS;17.70;0.00;Wood;;1976-12-31;MFL;1976-01-01;2005-05-12;
POL036801122;;POL;;;3.40;0.00;0.00;;8.60;7.80;No name;PL01122;PIA-41;;;Y;SPG4463;N;N;N;;;FX;;FPO, GNS;44.30;0.00;Fiber/Plastic;;1993-03-22;MFL;1992-01-01;;
POL036801123;;POL;;;3.22;0.00;0.00;;8.33;7.80;No name;PL01123;PIA-46;Piaski I;;Y;SPG4465;N;N;N;;;FX;;FYK, GNS, FPN;115.00;0.00;Fiber/Plastic;;1988-09-02;MFL;1988-01-01;;
POL036801124;;POL;;;2.71;0.00;0.00;;7.97;7.25;<NO NAME GIVEN>;PL01124;PIA-48;;;N;;N;;;;;FX;;FPO, GNS;95.00;0.00;Fiber/Plastic;;1994-12-31;MFL;1994-01-01;2007-11-09;
POL036801125;;POL;;;3.97;0.00;0.00;;7.90;7.20;<NO NAME GIVEN>;PL01125;PIA-63;;;N;;N;;;;;FX;;FPO, GNS;132.50;0.00;Fiber/Plastic;;1989-02-28;MFL;1988-01-01;2005-05-24;
POL036801126;;POL;;;2.40;0.00;0.00;;8.20;7.73;<NO NAME GIVEN>;PL01126;PIA-64;;;N;;N;;;;;FX;;FPO, GNS;98.00;0.00;Fiber/Plastic;;1989-02-28;MFL;1988-01-01;2006-07-07;
POL036801127;;POL;;;2.82;0.00;0.00;;8.58;7.97;<NO NAME GIVEN>;PL01127;PIA-65;;;N;;N;;;;;FX;;FPO, GNS;70.00;0.00;Fiber/Plastic;;1989-04-07;MFL;1988-01-01;2006-12-07;
POL036801128;;POL;;;4.11;0.00;0.00;;7.90;7.20;No name;PL01128;PIA-69;Piaski I;;N;;N;N;N;;;FX;;FYK, FPN, GNS;70.00;0.00;Fiber/Plastic;;1993-03-25;MFL;1992-01-01;;2024-10-29
POL036801129;;POL;;;9.16;0.00;0.00;;9.97;9.26;<NO NAME GIVEN>;PL01129;PIA-82;;;N;;N;;;;;FX;;FPO, GNS;38.00;0.00;Wood;;1982-12-09;MFL;1982-01-01;2006-09-14;
POL036801877;;POL;;;2.83;0.00;0.00;;7.95;6.75;No name;PL01877;SUC-5;Suchacz;;N;;N;N;N;;;FX;;GNS, LLS, FYK, FPN;88.20;0.00;Fiber/Plastic;;1991-03-14;MFL;1991-01-01;;
POL036801907;;POL;;;4.32;0.00;0.00;;9.36;8.88;No name;PL01907;FRO-12;Frombork;;Y;SPG4681;N;N;N;;;FX;;FYK, FPN, GNS;36.80;0.00;Fiber/Plastic;;1997-06-23;MFL;1995-01-01;;
POL036802073;;POL;;;2.25;0.00;0.00;;6.99;6.39;No name;PL02073;PIA-16;Piaski I;;Y;SPG4472;N;N;N;;;FX;;GNS, FYK, LLS, FPN;55.00;0.00;Fiber/Plastic;;1995-07-13;MFL;1995-01-01;;2024-10-28
POL036802147;;POL;;;1.65;0.00;0.00;;6.31;5.64;No name;PL02147;PIA-42;Piaski I;;Y;SPG4257;N;N;N;;;FX;;GNS, FPN, FYK;32.30;0.00;Fiber/Plastic;;1997-11-28;MFL;1997-01-01;;
POL036802291;;POL;;;2.17;0.00;0.00;;7.78;7.19;No name;PL02291;PIA-97;Piaski I;;Y;SPG4023;N;N;N;;;FX;;GNS, FPN, FYK, LLS;15.00;0.00;Fiber/Plastic;;2014-08-04;MFL;1982-01-01;;
POL036901154;261027530;POL;;;5.70;0.00;0.00;;11.12;10.01;No name;PL01154;PIA-3;;;Y;SPG3609;N;N;Y;;;FX;;GNS, LLS, LLD, FYK;58.80;0.00;Fiber/Plastic;;1991-02-24;MFL;1985-01-01;;
POL036901155;;POL;;;3.06;0.00;0.00;;8.20;7.54;No name;PL01155;WOL-32;;;Y;SPS3424;N;N;N;;;FX;;GNS, FPO, LLS;20.50;0.00;Fiber/Plastic;;1986-12-31;MFL;1986-01-01;;
POL036901156;;POL;;;3.01;0.00;0.00;;7.35;6.91;<NO NAME GIVEN>;PL01156;PIA-9;;;N;;N;;;;;FX;;GNS, LLS;38.20;0.00;Fiber/Plastic;;1991-03-11;MFL;1980-01-01;2005-04-30;
POL036901157;;POL;;;2.29;0.00;0.00;;6.00;5.66;<NO NAME GIVEN>;PL01157;PIA-21;;;N;;N;;;;;FX;;GNS, LLS;33.00;0.00;Fiber/Plastic;;1986-06-10;MFL;1986-01-01;;2006-01-11
POL036901158;;POL;;;3.13;0.00;0.00;;7.59;7.01;<NO NAME GIVEN>;PL01158;PIA-33;;;N;;N;;;;;FX;;GNS, LLS;40.00;0.00;Wood;;1992-12-31;MFL;1992-01-01;;2008-06-20
POL036901159;;POL;;;3.68;0.00;0.00;;8.02;7.14;No name;PL01159;PIA-34;;;Y;SPG3637;N;N;N;;;FX;;GNS, FPO, LLS;63.80;0.00;Fiber/Plastic;;1975-12-31;MFL;1975-01-01;;
POL036901160;;POL;;;0.80;0.00;0.00;;5.28;4.76;No name;PL01160;PIA-29;;;N;;N;N;N;;;FX;;GNS, LLS, FPO;3.00;0.00;Fiber/Plastic;;1994-04-12;MFL;1994-01-01;;
POL036901161;;POL;;;2.29;0.00;0.00;;6.00;5.66;<NO NAME GIVEN>;PL01161;PIA-38;;;N;;N;;;;;FX;;GNS, LLS;55.00;0.00;Fiber/Plastic;;1986-01-30;MFL;1985-01-01;;2008-10-09
POL036901162;;POL;;;4.61;0.00;0.00;;7.94;7.83;No name;PL01162;PIA-44;Piaski Ii;;Y;SPG3420;N;N;N;;;FX;;GNS, FPN, LLD, FYK, LLS;22.00;0.00;Wood;;1990-12-31;MFL;1990-01-01;;
POL036901163;261053050;POL;;;4.90;0.00;0.00;;7.98;7.16;No name;PL01163;PIA-49;;;Y;SPG3314;N;N;Y;;;FX;;GNS, FPO, LLS, LLD;33.00;0.00;Fiber/Plastic;;1965-03-19;MFL;1963-01-01;;
POL036901164;;POL;;;2.52;0.00;0.00;;6.00;5.66;No name;PL01164;PIA-57;Piaski Ii;;Y;SPG3389;N;N;N;;;FX;;GNS, LLS, FPN, FYK;17.60;0.00;Fiber/Plastic;;1997-05-20;MFL;1995-01-01;;
POL036901165;;POL;;;4.76;0.00;0.00;;8.47;7.55;No name;PL01165;PIA-70;Piaski Ii;;Y;SPG3382;N;N;N;;;FX;;GNS, LLS, FYK, FPN;43.00;0.00;Fiber/Plastic;;1980-12-31;MFL;1980-01-01;;
POL036901166;;POL;;;2.85;0.00;0.00;;7.47;7.05;<NO NAME GIVEN>;PL01166;PIA-71;;;N;;N;;;;;FX;;GNS, GND;31.50;0.00;Fiber/Plastic;;1977-07-16;MFL;1972-01-01;2005-10-11;
POL036901167;;POL;;;2.66;0.00;0.00;;7.62;7.12;<NO NAME GIVEN>;PL01167;PIA-75;;;N;;N;;;;;FX;;GNS, NO;45.00;0.00;Metal;;1978-12-31;MFL;1978-01-01;2006-01-19;
POL036901168;;POL;;;3.34;0.00;0.00;;5.99;5.40;<NO NAME GIVEN>;PL01168;PIA-77;;;N;;N;;;;;FX;;GNS, LLS;16.20;0.00;Fiber/Plastic;;1997-02-06;MFL;1996-01-01;;2017-02-13
POL036901169;261098010;POL;;;4.56;0.00;0.00;;8.52;8.16;No name;PL01169;MIK-1;Mikoszewo;;Y;SPG4848;N;N;Y;;;FX;;GNS, LLS, FYK;26.50;0.00;Fiber/Plastic;;1989-12-31;MFL;1989-01-01;;
POL036901170;;POL;;;4.00;0.00;0.00;;7.98;7.48;No name;PL01170;NIE-23;Niechorze;;Y;SPS2773;N;N;N;;;FX;;GNS, LHP, LLS, FYK, FPO, LLD;36.80;0.00;Fiber/Plastic;;1999-06-11;MFL;1998-01-01;;
POL036901171;;POL;;;3.52;0.00;0.00;;10.03;9.16;No name;PL01171;PIA-96;Piaski Ii;;Y;SPG4340;N;N;N;;;FX;;GNS, FYK, FPN, LLD, LLS;50.50;0.00;Fiber/Plastic;;1989-12-31;MFL;1989-01-01;;
POL036901878;;POL;;;4.63;0.00;0.00;;7.99;7.68;No name;PL01878;PIA-83;Piaski Ii;;Y;SGP3561;N;N;N;;;FX;;GNS, FYK, LLS, FPN;22.00;0.00;Fiber/Plastic;;1992-12-31;MFL;1992-01-01;;
POL036902177;;POL;;;2.43;0.00;0.00;;7.32;6.83;No name;PL02177;PIA-30;;;Y;SPG3451;N;N;N;;;FX;;GNS, LLS, FPO;17.00;0.00;Fiber/Plastic;;1993-06-28;MFL;1976-01-01;;
POL036902306;;POL;;;2.72;0.00;0.00;;7.72;7.24;No name;PL02306;PIA-100;;;N;;N;N;N;;;FX;;GNS, FPO, LLS;16.20;0.00;Fiber/Plastic;;1997-06-18;MFL;1995-01-01;;
POL037000856;;POL;;;4.48;0.00;0.00;;8.90;8.35;<NO NAME GIVEN>;PL00856;KMN-5;;;N;;N;;;;;FX;;FPO, GNS;85.00;0.00;Fiber/Plastic;;1991-07-18;MFL;1991-01-01;2006-06-09;
POL037000858;;POL;;;1.47;0.00;0.00;;5.55;5.29;<NO NAME GIVEN>;PL00858;KMN-11;;;N;;N;;;;;FX;;FPO, GNS;3.70;0.00;Fiber/Plastic;;1995-04-19;MFL;1995-01-01;2005-09-26;
POL037000860;;POL;;;1.73;0.00;0.00;;6.44;5.97;<NO NAME GIVEN>;PL00860;KMN-24;;;N;;N;;;;;FX;;FPO, GNS;85.00;0.00;Fiber/Plastic;;1991-07-18;MFL;1991-01-01;2004-12-23;
POL037001831;;POL;;;3.31;0.00;0.00;;8.07;7.62;<NO NAME GIVEN>;PL01831;KMN-7;;;N;;N;;;;;FX;;FPO, GNS;88.24;0.00;Fiber/Plastic;;1994-12-31;MFL;1994-01-01;;2008-10-29
POL037002079;;POL;;;1.88;0.00;0.00;;6.74;5.50;No name;PL02079;KMN-3;;;N;;N;N;N;;;FX;;GNS, LLS, FPO;50.00;0.00;Fiber/Plastic;;2008-09-17;MFL;2006-01-01;;
POL037002080;;POL;;;2.78;0.00;0.00;;8.04;7.53;AGATKA 88/KMN-4;PL02080;KMN-4;Kamienica Elbląska;;Y;SPG4285;N;N;N;;;FX;;GNS, LLS, FYK, FPN;36.80;0.00;Fiber/Plastic;;2008-09-04;MFL;2008-01-01;;
POL037100909;;POL;;;2.59;0.00;0.00;;8.38;7.65;No name;PL00909;SUC-1;;;N;;N;N;N;;;FX;;FPO, LLS, GNS;16.80;0.00;Fiber/Plastic;;1989-02-01;MFL;1988-01-01;;
POL037100910;;POL;;;1.63;0.00;0.00;;6.30;5.39;No name;PL00910;SUC-3;;;N;;N;N;N;;;FX;;FPO, LLS, GNS;20.10;0.00;Fiber/Plastic;;1995-03-10;MFL;1995-01-01;;
POL037100911;;POL;;;1.78;0.00;0.00;;6.42;6.05;<NO NAME GIVEN>;PL00911;SUC-6;;;N;;N;;;;;FX;;FPO, GNS;53.00;0.00;Fiber/Plastic;;1993-07-23;MFL;1970-01-01;2005-11-08;
POL037100912;;POL;;;4.64;0.00;0.00;;8.92;8.21;No name;PL00912;SUC-10;Suchacz;;Y;SPG4281;N;N;N;;;FX;;FYK, GNS, FPN, LLS;101.00;0.00;Fiber/Plastic;;1990-05-14;MFL;1990-01-01;;
POL037100913;;POL;;;4.64;0.00;0.00;;8.92;8.22;No name;PL00913;SUC-15;Suchacz;;Y;SPG4278;N;N;N;;;FX;;FYK, GNS, FPN, LLS;101.00;0.00;Fiber/Plastic;;1991-01-31;MFL;1991-01-01;;
POL037100914;;POL;;;1.98;0.00;0.00;;7.48;7.11;No name;PL00914;WSG-27;Górki Wschodnie;;Y;SPG4107;N;N;N;;;FX;;GNS, FPN, LLS, FYK;11.80;0.00;Fiber/Plastic;;1996-06-13;MFL;1995-01-01;;
POL037100915;;POL;;;5.33;0.00;0.00;;8.90;8.35;<NO NAME GIVEN>;PL00915;SUC-21;;;N;;N;;;;;FX;;FPO, GNS;70.00;0.00;Fiber/Plastic;;1991-03-14;MFL;1991-01-01;2005-08-02;
POL037100918;;POL;;;2.63;0.00;0.00;;7.90;7.36;<NO NAME GIVEN>;PL00918;SUC-30;;;N;;N;;;;;FX;;FPO, GNS;18.70;0.00;Fiber/Plastic;;1988-05-30;MFL;1988-01-01;2005-05-16;
POL037102110;;POL;;;1.87;0.00;0.00;;6.57;6.19;No name;PL02110;SUC-22;Suchacz;;Y;SPG5921;N;N;N;;;FX;;GNS, FPN, LLS, FYK;44.10;0.00;Fiber/Plastic;;2009-03-05;MFL;2008-01-01;;
POL037102111;;POL;;;5.14;0.00;0.00;;8.99;8.42;No name;PL02111;SUC-23;Suchacz;;Y;SPG4279;N;N;N;;;FX;;GNS, LLS, FPN, FYK;70.00;0.00;Fiber/Plastic;;2009-03-05;MFL;2008-01-01;;
POL037102123;;POL;;;1.10;0.00;0.00;;5.57;5.28;No name;PL02123;SUC-24;;;N;;N;N;N;;;FX;;FPO, LLS, GNS;14.70;0.00;Fiber/Plastic;;2000-07-05;MFL;2000-01-01;;
POL037102134;;POL;;;1.42;0.00;0.00;;6.20;5.71;No name;PL02134;SUC-25;Suchacz;;N;;N;N;N;;;FX;;GNS, LLS, FYK, FPN;58.80;0.00;Fiber/Plastic;;2008-04-01;MFL;2005-01-01;;
POL037200919;;POL;;;3.19;0.00;0.00;;8.20;7.67;<NO NAME GIVEN>;PL00919;TOL-1;;;N;;N;;;;;FX;;FPO, GNS;132.00;0.00;Fiber/Plastic;;1995-01-04;MFL;1994-01-01;2005-08-02;
POL037200921;;POL;;;3.73;0.00;0.00;;8.20;7.69;<NO NAME GIVEN>;PL00921;TOL-2;;;N;;N;;;;;FX;;FPO, GNS;44.00;0.00;Fiber/Plastic;;1977-12-31;MFL;1977-01-01;;2007-06-05
POL037200923;;POL;;;4.71;0.00;0.00;;8.95;8.48;<NO NAME GIVEN>;PL00923;TOL-3;;;N;;N;;;;;FX;;FPO, GNS;70.00;0.00;Fiber/Plastic;;1990-12-31;MFL;1990-01-01;;2008-08-14
POL037200924;;POL;;;5.62;0.00;0.00;;8.98;8.52;<NO NAME GIVEN>;PL00924;TOL-6;;;N;;N;;;;;FX;;FPO, GNS;70.00;0.00;Fiber/Plastic;;1990-07-24;MFL;1990-01-01;2004-12-23;
POL037200927;;POL;;;4.79;0.00;0.00;;8.70;8.09;<NO NAME GIVEN>;PL00927;TOL-8;;;N;;N;;;;;FX;;FPO, GNS;50.00;0.00;Metal;;1984-07-30;MFL;1984-01-01;2005-07-11;
POL037200928;;POL;;;2.92;0.00;0.00;;8.59;8.15;<NO NAME GIVEN>;PL00928;TOL-9;;;N;;N;;;;;FX;;FPO, GNS;44.10;0.00;Fiber/Plastic;;1991-04-19;MFL;1991-01-01;2012-03-08;
POL037200931;;POL;;;5.13;0.00;0.00;;8.48;7.92;<NO NAME GIVEN>;PL00931;PAS-11;;;N;;N;;;;;FX;;FPO, GNS;12.50;0.00;Metal;;1984-07-02;MFL;1984-01-01;2011-09-05;
POL037200932;;POL;;;5.76;0.00;0.00;;8.90;8.44;<NO NAME GIVEN>;PL00932;TOL-12;;;N;;N;;;;;FX;;FPO, GNS;70.00;0.00;Fiber/Plastic;;1988-12-31;MFL;1988-01-01;;2006-11-22
POL037200933;;POL;;;4.28;0.00;0.00;;8.70;8.10;<NO NAME GIVEN>;PL00933;TOL-16;;;N;;N;;;;;FX;;FPO, GNS;38.20;0.00;Metal;;1987-04-06;MFL;1987-01-01;2005-01-21;
POL037200934;;POL;;;4.55;0.00;0.00;;8.63;8.05;<NO NAME GIVEN>;PL00934;TOL-17;;;N;;N;;;;;FX;;FPO, GNS;88.00;0.00;Fiber/Plastic;;1993-12-31;MFL;1993-01-01;;2006-11-17
POL037200935;;POL;;;4.60;0.00;0.00;;8.41;7.85;<NO NAME GIVEN>;PL00935;TOL-23;;;N;;N;;;;;FX;;FPO, GNS;31.50;0.00;Metal;;1984-07-18;MFL;1984-01-01;2010-04-01;
POL037200936;;POL;;;4.65;0.00;0.00;;8.87;8.28;<NO NAME GIVEN>;PL00936;TOL-24;;;N;;N;;;;;FX;;FPO, GNS;30.00;0.00;Metal;;1986-01-17;MFL;1986-01-01;;2006-03-13
POL037200937;;POL;;;4.24;0.00;0.00;;8.50;7.87;<NO NAME GIVEN>;PL00937;TOL-25;;;N;;N;;;;;FX;;FPO, GNS;17.60;0.00;Metal;;1982-12-31;MFL;1982-01-01;;2006-01-12
POL037200938;;POL;;;4.57;0.00;0.00;;8.58;8.01;<NO NAME GIVEN>;PL00938;TOL-29;;;N;;N;;;;;FX;;FPO, GNS;17.70;0.00;Metal;;1987-02-17;MFL;1986-01-01;2004-12-23;
POL037200940;;POL;;;4.11;0.00;0.00;;8.89;8.28;No name;PL00940;TOL-34;Tolkmicko;;Y;SPG5662;N;N;N;;;FX;;FYK, GNS, FPN, LLS;74.00;0.00;Fiber/Plastic;;1993-02-25;MFL;1993-01-01;;
POL037200942;;POL;;;3.89;0.00;0.00;;8.50;7.96;<NO NAME GIVEN>;PL00942;TOL-37;;;N;;N;;;;;FX;;FPO, GNS;17.60;0.00;Metal;;1982-05-27;MFL;1982-01-01;2005-12-15;
POL037200943;;POL;;;3.92;0.00;0.00;;8.18;7.60;<NO NAME GIVEN>;PL00943;TOL-39;;;N;;N;;;;;FX;;FPO, GNS;17.60;0.00;Metal;;1981-10-16;MFL;1981-01-01;2005-05-27;
POL037200944;;POL;;;3.57;0.00;0.00;;8.30;7.72;<NO NAME GIVEN>;PL00944;TOL-40;;;N;;N;;;;;FX;;FPO, GNS;17.60;0.00;Metal;;1982-12-31;MFL;1982-01-01;;2005-07-26
POL037200949;;POL;;;4.72;0.00;0.00;;8.70;8.13;<NO NAME GIVEN>;PL00949;TOL-41;;;N;;N;;;;;FX;;FPO, GNS;70.00;0.00;Fiber/Plastic;;1993-12-31;MFL;1993-01-01;;2005-08-25
POL037200951;;POL;;;4.13;0.00;0.00;;8.26;7.72;<NO NAME GIVEN>;PL00951;TOL-43;;;N;;N;;;;;FX;;FPO, GNS;38.20;0.00;Metal;;1983-05-19;MFL;1981-01-01;2005-12-06;
POL037200952;;POL;;;3.59;0.00;0.00;;8.75;8.11;<NO NAME GIVEN>;PL00952;TOL-50;;;N;;N;;;;;FX;;FPO, GNS;53.00;0.00;Metal;;1994-12-31;MFL;1994-01-01;2005-11-23;
POL037200956;;POL;;;3.31;0.00;0.00;;8.12;7.58;No name;PL00956;TOL-112;;;N;;N;N;N;;;FX;;FPO, GNS, SB, LLS;147.20;0.00;Fiber/Plastic;;1997-05-23;MFL;1996-01-01;;
POL037200957;;POL;;;2.42;0.00;0.00;;7.80;7.05;No name;PL00957;TOL-115;;;N;;N;N;N;;;FX;;FPO, GNS, LLS;23.10;0.00;Fiber/Plastic;;1990-12-31;MFL;1990-01-01;;
POL037201914;;POL;;;5.28;0.00;0.00;;8.95;8.39;<NO NAME GIVEN>;PL01914;TOL-92;;;N;;N;;;;;FX;;FPO, GNS;67.00;0.00;Fiber/Plastic;;1993-02-09;MFL;1993-01-01;;2006-10-30
POL037201918;;POL;;;5.39;0.00;0.00;;10.01;9.25;No name;PL01918;JAS-86;Jastarnia;;Y;SPG5006;N;N;N;;;FX;;GNS, FYK, LLS, LLD, FPO;22.40;0.00;Metal;;1985-02-20;MFL;1985-01-01;2024-06-28;
POL037202082;;POL;;;3.53;0.00;0.00;;8.57;8.04;No name;PL02082;TOL-7;;;N;;N;N;N;;;FX;;GNS, LLS, FPO;14.00;0.00;Fiber/Plastic;;1992-11-12;MFL;1992-01-01;;
POL037202083;;POL;;;0.96;0.00;0.00;;5.24;4.90;No name;PL02083;TOL-4;Tolkmicko;;Y;SPG4503;N;N;N;;;FX;;GNS, LLS, FYK, FPN;3.70;0.00;Fiber/Plastic;;1977-05-18;MFL;1977-01-01;;
POL037202133;;POL;;;0.40;0.00;0.00;;4.43;4.13;No name;PL02133;TOL-54;;;Y;SPG4518;N;N;N;;;FX;;GNS, FYK, LLS, LVT, FPN;5.50;0.00;Fiber/Plastic;;2008-03-13;MFL;2007-01-01;;
POL037202139;;POL;;;0.98;0.00;0.00;;5.29;4.81;No name;PL02139;TOL-57;;;N;;N;N;N;;;FX;;GNS, LLS, FPO;7.40;0.00;Fiber/Plastic;;2009-07-14;MFL;2006-01-01;;
POL037202181;;POL;;;1.74;0.00;0.00;;6.56;6.22;No name;PL02181;TOL-58;Tolkmicko;;Y;SPG4269;N;N;N;;;FX;;FYK, FPN, GNS;17.70;0.00;Fiber/Plastic;;1977-05-24;MFL;1977-01-01;;
POL037202307;;POL;;;0.98;0.00;0.00;;6.54;6.07;No name;PL02307;TOL-60;Tolkmicko;;Y;SPG4512;N;N;N;;;FX;;FYK, GNS, FPN, LLS;14.70;0.00;Fiber/Plastic;;2016-12-07;MFL;2015-01-01;;
POL037300827;;POL;;;4.03;0.00;0.00;;8.70;8.10;<NO NAME GIVEN>;PL00827;FRO-2;;;N;;N;;;;;FX;;FPO, GNS;70.00;0.00;Fiber/Plastic;;1993-09-12;MFL;1993-01-01;2005-01-06;
POL037300830;261023730;POL;;;4.57;0.00;0.00;;8.94;8.25;No name;PL00830;FRO-4;;;Y;SPG3815;N;N;Y;;;FX;;FYK, FPN, GNS, LLS;50.40;0.00;Fiber/Plastic;;1991-03-18;MFL;1991-01-01;;
POL037300832;;POL;;;4.71;0.00;0.00;;8.80;8.06;<NO NAME GIVEN>;PL00832;FRO-5;;;N;;N;;;;;FX;;FPO, GNS;71.00;0.00;Fiber/Plastic;;1995-02-21;MFL;1995-01-01;2011-07-05;
POL037300833;;POL;;;3.54;0.00;0.00;;8.70;8.19;<NO NAME GIVEN>;PL00833;FRO-6;;;N;;N;;;;;FX;;FPO, GNS;31.50;0.00;Fiber/Plastic;;1975-12-31;MFL;1975-01-01;2004-12-29;
POL037300835;;POL;;;4.11;0.00;0.00;;8.93;8.28;No name;PL00835;FRO-7;Frombork;;Y;SPG4478;N;N;N;;;FX;;FYK, FPN, LLS, GNS;110.50;0.00;Fiber/Plastic;;1987-12-18;MFL;1987-01-01;;
POL037300836;;POL;;;5.64;0.00;0.00;;9.00;8.45;<NO NAME GIVEN>;PL00836;FRO-8;;;N;;N;;;;;FX;;FPO, GNS;70.00;0.00;Fiber/Plastic;;1989-12-31;MFL;1989-01-01;2005-01-06;
POL037300838;;POL;;;4.47;0.00;0.00;;8.70;8.05;<NO NAME GIVEN>;PL00838;FRO-9;;;N;;N;;;;;FX;;FPO, GNS;124.00;0.00;Fiber/Plastic;;1992-10-22;MFL;1992-01-01;2006-07-14;
POL037300839;;POL;;;3.82;0.00;0.00;;8.65;8.08;<NO NAME GIVEN>;PL00839;FRO-15;;;N;;N;;;;;FX;;FPO, GNS;73.00;0.00;Fiber/Plastic;;1993-04-02;MFL;1993-01-01;2005-09-26;
POL037300840;;POL;;;4.29;0.00;0.00;;8.55;8.04;<NO NAME GIVEN>;PL00840;FRO-16;;;N;;N;;;;;FX;;FPO, GNS;124.00;0.00;Fiber/Plastic;;1992-12-31;MFL;1992-01-01;2004-12-29;
POL037300841;;POL;;;2.43;0.00;0.00;;8.03;7.59;No name;PL00841;FRO-19;;;N;;N;N;N;;;FX;;FPO, GNS, LLS;51.50;0.00;Fiber/Plastic;;1988-04-17;MFL;1988-01-01;;
POL037300843;;POL;;;6.78;0.00;0.00;;9.26;8.44;<NO NAME GIVEN>;PL00843;FRO-21;;;N;;N;;;;;FX;;FPO, GNS;70.00;0.00;Fiber/Plastic;;1989-02-01;MFL;1988-01-01;2005-05-27;
POL037300846;;POL;;;5.12;0.00;0.00;;8.60;7.92;<NO NAME GIVEN>;PL00846;FRO-24;;;N;;N;;;;;FX;;FPO, GNS;33.10;0.00;Metal;;1990-06-02;MFL;1990-01-01;2004-12-29;
POL037300847;;POL;;;5.01;0.00;0.00;;8.50;7.92;<NO NAME GIVEN>;PL00847;FRO-25;;;N;;N;;;;;FX;;FPO, GNS;44.00;0.00;Fiber/Plastic;;1990-06-02;MFL;1990-01-01;2007-12-11;
POL037300848;;POL;;;7.76;0.00;0.00;;9.00;8.45;<NO NAME GIVEN>;PL00848;FRO-26;;;N;;N;;;;;FX;;FPO, GNS;147.00;0.00;Fiber/Plastic;;1995-03-07;MFL;1995-01-01;2005-08-02;
POL037300851;;POL;;;4.45;0.00;0.00;;8.95;8.28;<NO NAME GIVEN>;PL00851;FRO-27;;;N;;N;;;;;FX;;FPO, GNS;44.00;0.00;Fiber/Plastic;;1980-12-31;MFL;1980-01-01;2004-12-29;
POL037300852;;POL;;;1.92;0.00;0.00;;6.65;6.36;No name;PL00852;PAS-37;;;N;;N;N;N;;;FX;;FPO, LLS, GNS;62.60;0.00;Fiber/Plastic;;1999-11-19;MFL;1973-01-01;;
POL037302011;;POL;;;4.07;0.00;0.00;;9.25;8.59;<NO NAME GIVEN>;PL02011;FRO-1;;;N;;N;;;;;FX;;FPO, GNS;70.00;0.00;Fiber/Plastic;;1995-03-07;MFL;1994-01-01;;2008-08-22
POL037302016;;POL;;;4.06;0.00;0.00;;10.02;8.04;No name;PL02016;FRO-14;;;N;;N;N;N;;;FX;;GNS, FPO, LLS;32.00;0.00;Fiber/Plastic;;2006-07-17;MFL;2000-01-01;;
POL037302077;;POL;;;0.83;0.00;0.00;;6.51;6.17;No name;PL02077;FRO-31;Frombork;;N;;N;N;N;;;FX;;GNS, FPN, LLS, FYK;3.70;0.00;Fiber/Plastic;;2001-01-18;MFL;2000-01-01;;
POL037302078;;POL;;;0.84;0.00;0.00;;6.55;6.17;No name;PL02078;FRO-32;;;N;;N;N;N;;;FX;;GNS, LLS, FPO;3.70;0.00;Fiber/Plastic;;2001-01-18;MFL;2000-01-01;;
POL037302122;;POL;;;2.03;0.00;0.00;;7.16;6.28;No name;PL02122;FRO-37;Frombork;;Y;SPG4477;N;N;N;;;FX;;FYK, LLS, GNS, FPN;25.00;0.00;Fiber/Plastic;;2009-05-25;MFL;2009-01-01;;
POL037302152;;POL;;;1.00;0.00;0.00;;6.58;6.12;No name;PL02152;FRO-38;;;Y;SPG4320;N;N;N;;;FX;;GNS, FPN, FYK, LLS;15.00;0.00;Fiber/Plastic;;2001-08-06;MFL;1998-01-01;;
POL037302156;;POL;;;1.63;0.00;0.00;;6.30;5.90;No name;PL02156;FRO-39;Frombork;;Y;SPG4567;N;N;N;;;FX;;GNS, FPN, LLS, FYK;44.00;0.00;Fiber/Plastic;;1979-12-18;MFL;1979-01-01;;
POL037302219;;POL;;;1.19;0.00;0.00;;6.58;6.07;No name;PL02219;FRO-40;Frombork;;Y;SPG3821;N;N;N;;;FX;;GNS, LLS, FYK, FPN, LVT;15.00;0.00;Fiber/Plastic;;2013-01-07;MFL;1999-01-01;;
POL037302228;;POL;;;0.86;0.00;0.00;;6.53;6.06;No name;PL02228;FRO-41;Frombork;;N;;N;N;N;;;FX;;GNS, FYK, LLS, FPN;2.90;0.00;Fiber/Plastic;;2013-04-25;MFL;2013-01-01;;
POL037302229;;POL;;;0.86;0.00;0.00;;6.55;6.07;No name;PL02229;FRO-42;Frombork;;N;;N;N;N;;;FX;;GNS, LLS, FPN, FYK;7.30;0.00;Fiber/Plastic;;2013-04-25;MFL;2013-01-01;;
POL037302247;;POL;;;0.82;0.00;0.00;;6.50;6.04;No name;PL02247;FRO-43;Frombork;;N;;N;N;N;;;FX;;FYK, GNS, LLS, FPN;7.30;0.00;Fiber/Plastic;;2013-10-15;MFL;2007-01-01;;
POL037302264;;POL;;;0.87;0.00;0.00;;6.47;5.97;No name;PL02264;FRO-44;Frombork;;Y;SPG4537;N;N;N;;;FX;;FYK, GNS, LLS, FPN;14.70;0.00;Fiber/Plastic;;2014-01-09;MFL;2013-01-01;;
POL037400861;;POL;;;4.63;0.00;0.00;;8.60;8.06;<NO NAME GIVEN>;PL00861;PAS-1;;;N;;N;;;;;FX;;FPO, GNS;38.20;0.00;Metal;;1987-06-04;MFL;1987-01-01;;2009-03-05
POL037400862;;POL;;;5.49;0.00;0.00;;12.00;10.68;No name;PL00862;FRO-20;Frombork;;Y;SPG3554;N;N;N;;;FX;;FYK, FPN, GNS, LLS;60.00;0.00;Fiber/Plastic;;1988-03-03;MFL;1987-01-01;;
POL037400863;;POL;;;4.26;0.00;0.00;;8.98;8.19;<NO NAME GIVEN>;PL00863;PAS-10;;;N;;N;;;;;FX;;FPO, GNS;31.50;0.00;Metal;;1982-09-06;MFL;1982-01-01;2004-12-23;
POL037400864;;POL;;;3.75;0.00;0.00;;7.99;7.61;<NO NAME GIVEN>;PL00864;PAS-18;;;N;;N;;;;;FX;;FPO, GNS;125.00;0.00;Fiber/Plastic;;1989-12-31;MFL;1989-01-01;;2008-09-10
POL037400876;;POL;;;4.80;0.00;0.00;;8.98;8.39;<NO NAME GIVEN>;PL00876;PAS-22;;;N;;N;;;;;FX;;FPO, GNS;88.00;0.00;Fiber/Plastic;;1990-06-02;MFL;1990-01-01;2005-11-08;
POL037400878;;POL;;;4.62;0.00;0.00;;8.90;8.26;No name;PL00878;PAS-23;;;Y;SPG4539;N;N;N;;;FX;;FYK, LVT, LLS, GNS, FPN;15.00;0.00;Fiber/Plastic;;1990-12-31;MFL;1990-01-01;;
POL037400880;;POL;;;4.11;0.00;0.00;;9.00;8.50;<NO NAME GIVEN>;PL00880;PAS-25;;;N;;N;;;;;FX;;FPO, GNS;31.50;0.00;Metal;;1972-04-24;MFL;1971-01-01;2006-07-14;
POL037400881;;POL;;;3.60;0.00;0.00;;8.30;7.68;<NO NAME GIVEN>;PL00881;PAS-27;;;N;;N;;;;;FX;;FPO, GNS;31.50;0.00;Metal;;1981-12-31;MFL;1981-01-01;2005-07-11;
POL037400882;;POL;;;2.60;0.00;0.00;;7.76;7.26;No name;PL00882;KRM-51;;;N;;N;N;N;;;FX;;GNS, FPO;60.00;0.00;Fiber/Plastic;;1994-02-25;MFL;1994-01-01;;
POL037400887;;POL;;;3.97;0.00;0.00;;8.81;8.17;<NO NAME GIVEN>;PL00887;PAS-29;;;N;;N;;;;;FX;;FPO, GNS;70.00;0.00;Fiber/Plastic;;1994-03-24;MFL;1993-01-01;2006-05-15;
POL037400891;;POL;;;4.67;0.00;0.00;;8.98;8.30;<NO NAME GIVEN>;PL00891;PAS-31;;;N;;N;;;;;FX;;FPO, GNS;70.00;0.00;Fiber/Plastic;;1990-12-31;MFL;1990-01-01;;2009-05-19
POL037400892;;POL;;;3.73;0.00;0.00;;9.57;9.02;<NO NAME GIVEN>;PL00892;PAS-32;;;N;;N;;;;;FX;;FPO, GNS;70.00;0.00;Fiber/Plastic;;1983-11-07;MFL;1983-01-01;2004-12-23;
POL037400900;;POL;;;5.18;0.00;0.00;;9.42;8.86;<NO NAME GIVEN>;PL00900;PAS-34;;;N;;N;;;;;FX;;FPO, GNS;88.00;0.00;Fiber/Plastic;;1990-05-02;MFL;1990-01-01;2006-01-12;
POL037400901;;POL;;;4.75;0.00;0.00;;8.97;8.40;No name;PL00901;PAS-35;;;Y;SPG4521;N;N;N;;;FX;;FYK, GNS, LLS, FPN, LVT;90.00;0.00;Fiber/Plastic;;1991-01-04;MFL;1990-01-01;;
POL037400902;;POL;;;3.88;0.00;0.00;;8.95;7.95;No name;PL00902;PAS-48;;;Y;SPG4295;N;N;N;;;FX;;FPO, LLS, GNS;60.00;0.00;Fiber/Plastic;;1988-02-22;MFL;1987-01-01;;
POL037400903;;POL;;;4.67;0.00;0.00;;8.57;7.92;<NO NAME GIVEN>;PL00903;PAS-49;;;N;;N;;;;;FX;;FPO, GNS;31.50;0.00;Metal;;1990-12-31;MFL;1990-01-01;2004-12-23;
POL037400904;;POL;;;3.29;0.00;0.00;;8.77;8.11;No name;PL00904;PAS-55;;;Y;SPG4517;N;N;N;;;FX;;FYK, LVT, LLS, FPN, GNS;90.00;0.00;Fiber/Plastic;;2001-05-23;MFL;2001-01-01;;
POL037400905;;POL;;;3.23;0.00;0.00;;8.35;7.95;No name;PL00905;PAS-56;;;Y;SPG4383;N;N;N;;;FX;;FPO, GNS, LLS;70.00;0.00;Fiber/Plastic;;1994-08-25;MFL;1994-01-01;;
POL037400906;;POL;;;2.84;0.00;0.00;;8.00;7.51;<NO NAME GIVEN>;PL00906;PAS-57;;;N;;N;;;;;FX;;FPO, GNS;132.00;0.00;Fiber/Plastic;;1993-03-30;MFL;1992-01-01;;2008-11-03
POL037400907;;POL;;;1.86;0.00;0.00;;6.80;6.10;No name;PL00907;PAS-99;;;N;;N;N;N;;;FX;;FPO, GNS, LLS;84.60;0.00;Fiber/Plastic;;1996-07-26;MFL;1996-01-01;;
POL037400908;;POL;;;4.43;0.00;0.00;;8.91;8.39;<NO NAME GIVEN>;PL00908;PAS-440;;;N;;N;;;;;FX;;FPO, GNS;70.00;0.00;Fiber/Plastic;;1989-12-31;MFL;1989-01-01;;2009-12-22
POL037402068;;POL;;;0.88;0.00;0.00;;6.49;5.76;No name;PL02068;PAS-64;Nowa Pasłęka;;N;;N;N;N;;;FX;;GNS, LLS, FPN, FYK;7.50;0.00;Fiber/Plastic;;2006-10-11;MFL;2006-01-01;;
POL037402069;;POL;;;2.94;0.00;0.00;;8.01;7.20;No name;PL02069;PAS-65;Nowa Pasłęka;;N;;N;N;N;;;FX;;GNS, FYK, LLS, FPN;44.00;0.00;Fiber/Plastic;;1997-07-09;MFL;1995-01-01;;
POL037402085;;POL;;;2.90;0.00;0.00;;8.03;6.88;No name;PL02085;PAS-62;;;N;;N;N;N;;;FX;;GNS, LLS, FPO;43.40;0.00;Fiber/Plastic;;1997-07-09;MFL;1995-01-01;;
POL037402086;;POL;;;0.88;0.00;0.00;;5.70;5.38;No name;PL02086;PAS-63;;;Y;SPG4310;N;N;N;;;FX;;GNS, FPO, LLS;11.00;0.00;Fiber/Plastic;;2008-11-17;MFL;1991-01-01;;
POL037402112;;POL;;;0.71;0.00;0.00;;6.50;6.05;No name;PL02112;PAS-72;;;Y;SPG4520;N;N;N;;;FX;;GNS, LVT, LLS, FPN, FYK;4.40;0.00;Fiber/Plastic;;2009-02-13;MFL;2008-01-01;;
POL037402113;;POL;;;1.15;0.00;0.00;;6.54;6.12;No name;PL02113;PAS-73;;;Y;SPG4519;N;N;N;;;FX;;FYK, LVT, LLS, FPN, GNS;4.40;0.00;Fiber/Plastic;;2007-09-03;MFL;2007-01-01;;
POL037402115;;POL;;;0.94;0.00;0.00;;6.49;6.14;No name;PL02115;PAS-66;Nowa Pasłęka;;Y;SPG4289;N;N;N;;;FX;;GNS, FPN, FYK, LLS;15.00;0.00;Fiber/Plastic;;2005-10-12;MFL;2004-01-01;;
POL037402116;;POL;;;3.08;0.00;0.00;;8.04;7.38;No name;PL02116;PAS-67;;;Y;SPG4287;N;N;N;;;FX;;GNS, LLS, FYK, FPN;28.00;0.00;Fiber/Plastic;;1996-06-18;MFL;1995-01-01;;
POL037402117;;POL;;;0.78;0.00;0.00;;6.47;6.12;No name;PL02117;PAS-74;;;N;;N;N;N;;;FX;;GNS, FPO, LLS;11.00;0.00;Fiber/Plastic;;2009-04-16;MFL;2009-01-01;;
POL037402118;;POL;;;1.88;0.00;0.00;;6.90;6.22;No name;PL02118;PAS-75;;;N;;N;N;N;;;FX;;GNS, FPO, LLS;70.00;0.00;Fiber/Plastic;;1997-07-02;MFL;1997-01-01;;
POL037402119;;POL;;;0.73;0.00;0.00;;6.24;5.89;No name;PL02119;PAS-76;Nowa Pasłęka;;N;;N;N;N;;;FX;;GNS, LLS, FPN, FYK;5.90;0.00;Fiber/Plastic;;2009-04-16;MFL;2009-01-01;;
POL037402120;;POL;;;0.82;0.00;0.00;;6.55;6.13;No name;PL02120;PAS-77;;;N;;N;N;N;;;FX;;GNS, FPO, LLS;4.40;0.00;Fiber/Plastic;;2005-10-06;MFL;2005-01-01;;
POL037402121;;POL;;;3.02;0.00;0.00;;8.10;7.45;No name;PL02121;PAS-78;;;N;;N;N;N;;;FX;;GNS, FPO, LLS;51.50;0.00;Fiber/Plastic;;1997-07-14;MFL;1995-01-01;;
POL037402124;;POL;;;1.73;0.00;0.00;;6.82;6.29;No name;PL02124;PAS-71;Nowa Pasłęka;;Y;SPG4315;N;N;N;;;FX;;GNS, FPN, FYK, LLS;17.70;0.00;Fiber/Plastic;;2005-06-17;MFL;2001-01-01;;
POL037402150;;POL;;;3.28;0.00;0.00;;8.88;8.30;No name;PL02150;PAS-68;;;Y;SPG4332;N;N;N;;;FX;;GNS, LLS, FPN, FYK;43.60;0.00;Fiber/Plastic;;1996-07-23;MFL;1995-01-01;;
POL037402151;;POL;;;1.05;0.00;0.00;;6.49;6.13;No name;PL02151;PAS-69;Nowa Pasłęka;;N;;N;N;N;;;FX;;GNS, FPN, FYK, LLS;15.70;0.00;Fiber/Plastic;;2007-03-27;MFL;2007-01-01;;
POL037402205;;POL;;;0.81;0.00;0.00;;5.22;4.90;No name;PL02205;PAS-59;;;N;;N;N;N;;;FX;;GNS, LLS, FPO;18.40;0.00;Fiber/Plastic;;2012-11-28;MFL;2005-01-01;;
POL037402220;;POL;;;1.32;0.00;0.00;;6.20;5.21;<NO NAME GIVEN>;PL02220;PAS-80;;;N;;N;;;;;FX;;GNS, FPO;0.00;0.00;Fiber/Plastic;;1995-02-06;MFL;1995-01-01;;2017-03-15
POL037402266;;POL;;;1.64;0.00;0.00;;6.71;5.86;No name;PL02266;PAS-83;;;Y;SPG6006;N;N;N;;;FX;;GNS, LVT, LLS, FYK, FPN;15.00;0.00;Fiber/Plastic;;2013-12-09;MFL;2013-01-01;;
POL037402267;;POL;;;1.35;0.00;0.00;;7.08;6.43;No name;PL02267;PAS-84;;;Y;SPG6005;N;N;N;;;FX;;GNS, LVT, FYK, LLS, FPN;15.00;0.00;Fiber/Plastic;;2013-12-09;MFL;2013-01-01;;
POL037402287;;POL;;;0.42;0.00;0.00;;4.22;3.77;No name;PL02287;PAS-82;;;N;;N;N;N;;;FX;;GNS, LLS, FPO;0.00;0.00;Fiber/Plastic;;2013-10-18;MFL;2012-01-01;;
POL037402298;;POL;;;0.86;0.00;0.00;;6.37;5.94;No name;PL02298;PAS-85;Nowa Pasłęka;;Y;SPG4296;N;N;N;;;FX;;FYK, LLS, GNS, FPN;5.90;0.00;Fiber/Plastic;;2014-12-17;MFL;2014-01-01;;
POL037402308;;POL;;;2.63;0.00;0.00;;7.82;7.20;No name;PL02308;PAS-38;;;Y;SPG4540;N;N;N;;;FX;;FYK, FPN, LLS, LVT, GNS;10.00;0.00;Fiber/Plastic;;1995-02-25;MFL;1995-01-01;;
SWE000001006;;POL;;;10.30;0.00;0.00;;10.25;8.40;No name;PL02163;JAS-67;Jastarnia;;Y;SPG3638;N;N;N;;;FX;;GNS, FYK, LLD, FPO, LLS;40.50;0.00;Metal;;1976-02-17;MFL;1973-01-01;2024-12-04;
SWE000004117;;POL;;;12.29;0.00;0.00;;11.70;10.58;No name;PL02294;UST-154;Ustka;;Y;SPG4080;N;Y;N;;;FX;;GNS, LLD, LLS;88.20;0.00;Metal;;1981-09-28;MFL;1981-01-01;;
SWE000006664;261011040;POL;;;19.19;0.00;0.00;;14.96;13.67;No name;PL02036;KOŁ-91;Kołobrzeg;;Y;SPS2591;Y;Y;Y;;;FX;;OTB, OTM, LLS, GNS, LHP, LLD;74.00;0.00;Metal;;1977-08-23;MFL;1977-01-01;;2025-07-02
SWE000006889;261014360;POL;;;66.00;0.00;21.00;;20.76;15.15;ANCILLA;PL02071;WŁA-68;;;Y;SPG3169;Y;Y;Y;;;TT;;OTB, OTM, PTB, PTM;201.40;0.50;Metal;;1984-12-31;MFL;1984-01-01;;
SWE000007015;;POL;;;10.72;0.00;0.00;;11.90;10.94;No name;PL02131;KUŹ-141;Kuźnica;;Y;SPG3261;N;N;N;;;FX;;GNS, LLD, FYK, FPO, LLS;50.00;0.00;Metal;;1980-12-31;MFL;1980-01-01;;
SWE000007118;261054050;POL;;;474.00;0.00;0.00;;39.48;34.05;HUMBAK GDY-343;PL02321;GDY-343;;;Y;SNSA;Y;Y;Y;;;TTW;;OTM, PTM, OTB;716.00;199.00;Metal;;1985-05-09;MFL;1984-01-01;;
SWE000007893;261497000;POL;;;468.00;0.00;0.00;;40.27;36.16;ORKA WŁA-139;PL02168;WŁA-139;Władysławowo;;Y;SNLB;Y;Y;Y;7905211;;TT;;OTB, PTB, FPO, OTM, PTM;740.00;387.00;Metal;;1997-02-26;MFL;1979-01-01;;
