CFR;MSSI;Country of registration;Administration responsible of registration;Registration on national registry;GT Tonnage;Other tonnage;GTs;Code;LOA;LBP;Name;Registration number;External marking;Registration Place;Status on national registry;Radio;IRCS;VMS;ERS;AIS;UVI;IMO;Vessel Type;Operates at;Fishing gear;Main engine;Power of auxiliary engine;Hull material;Image;Date of entry into service;Segment;Year of construction;Year of destruction;Year of retirement
DEU000150400;275312000;LVA;;;296.00;199.41;0.00;;30.71;26.25;HARENGUS;LVV1551;LVV1551;Ventspils;;Y;YLBH;Y;Y;Y;8716942;;FX;;OTB, OTM;700.00;120.00;Metal;;1988-06-30;MFL;1988-01-01;;
DNK000006781;275420000;LVA;;;246.00;0.00;0.00;;33.50;32.16;SIRIUS;LVR0842;LVR0842;Riga;;Y;YL2771;Y;Y;Y;8612108;;FX;;OTB, OTM;633.00;35.00;Metal;;2012-05-15;MFL;1985-01-01;;
DNK000007384;;LVA;;;296.00;0.00;0.00;;35.09;0.00;SEA LADY;LVL2144;LVL2144;Liepaja;;Y;YLDA;Y;Y;Y;;;FX;;OTM, OTB;577.00;510.00;Metal;;1985-01-01;MFL;1985-01-01;2012-09-24;
DNK000013618;;LVA;;;396.00;0.00;0.00;;35.25;0.00;INGRID GAY;LVV1553;LVV1553;Ventspils;;Y;YL2661;Y;Y;Y;;;FX;;OTB, OTM;735.00;326.00;Metal;;1984-01-01;MFL;1984-01-01;2011-04-27;
EST010101150;275500000;LVA;;;1410.00;0.00;0.00;;63.83;58.11;AUSEKLIS;LVR0851;LVR0851;Riga;;Y;YLPL;Y;Y;Y;8315956;;FX;;OTB, OTM;1840.00;0.00;Metal;;2020-01-23;MFL;1984-01-01;;
EST010126471;;LVA;;;89.00;0.00;0.00;;27.10;24.60;ESTA;LVL2139;LVL2139;Liepaja;;Y;YL2550;Y;Y;Y;;;FX;;GNS, NO;165.00;0.00;Metal;;1973-12-31;MFL;1973-01-01;2011-04-08;
EST090617002;275423000;LVA;;;117.00;0.00;0.00;;25.50;24.48;VIVITA;LVL2146;LVL2146;Liepaja;;Y;YL2791;Y;Y;Y;8970823;;FX;;OTM;354.00;26.20;Metal;;2001-01-01;MFL;2001-01-01;;
GBR000B10280;;LVA;;;15.12;0.00;0.00;;11.20;10.75;SILVA;VP108;VP108;Ventspils;;N;;N;N;N;;;FX;;GNS, NK;125.00;0.00;Metal;;1989-01-01;MFL;1989-01-01;;
GBR000B11108;275107000;LVA;;;554.00;0.00;0.00;;38.50;33.20;GLENROSE;LVV1555;LVV1555;Ventspils;;Y;YL2694;Y;Y;Y;8821010;;FX;;OTM, OTB;1268.00;158.00;Metal;;2009-08-10;MFL;1990-01-01;;
IRL000I13750;275547000;LVA;;;224.00;0.00;0.00;;23.20;0.00;ARDENT;LVV0855;LVV0855;Ventspils;;Y;YLSG;Y;Y;Y;9456642;;FX;;OTM, LLS;749.00;162.00;Metal;;2007-01-01;MFL;2007-01-01;;
LTU000000001;275526000;LVA;;;118.00;0.00;0.00;;25.50;22.00;ALBATROSS 2;LVL2159;LVL2159;Liepaja;;Y;YLRU;Y;Y;Y;8876780;;FX;;OTM, LLS;221.00;70.00;Metal;;2021-10-21;MFL;1976-01-01;;
LTU000000005;275527000;LVA;;;118.00;0.00;0.00;;25.50;0.00;ALBATROSS 3;LVL2160;LVL2160;Liepaja;;Y;YLRV;Y;Y;Y;8876651;;FX;;OTM, LLS;221.00;34.00;Metal;;1981-10-21;MFL;1981-01-01;;
LTU000000011;275243000;LVA;;;111.00;0.00;0.00;;23.86;22.00;LIBAVA;LVL1545;LVL1545;Liepaja;;Y;YL2330;N;Y;Y;8725955;;FX;;OTM, OTB;221.00;30.00;Metal;;2023-03-09;MFL;1985-01-01;;
LTU000000047;275440000;LVA;;;117.00;0.00;0.00;;25.50;0.00;ILONA;LVL2148;LVL2148;Liepaja;;Y;YL2830;Y;Y;Y;8829244;;FX;;OTB, OTM;220.00;30.00;Metal;;1990-01-01;MFL;1990-01-01;2024-11-08;
LTU000000060;;LVA;;;118.00;0.00;0.00;;25.50;0.00;ALBATROSS;LVL0600;LVL0600;Liepaja;;Y;YL2163;Y;Y;Y;;;FX;;OTM, OTB;221.00;0.00;Metal;;1977-01-01;MFL;1977-01-01;;
LVA000000001;;LVA;;;112.00;0.00;0.00;;25.45;22.00;AGNESE;LVR0711;LVR0711;Riga;;Y;YL2069;Y;Y;Y;;;FX;;OTM, OTB;386.00;34.00;Metal;;1980-01-01;MFL;1980-01-01;;
LVA000000002;275230000;LVA;;;112.00;0.00;0.00;;25.45;22.00;AKO;LVR0798;LVR0798;Riga;;Y;YL2256;Y;Y;Y;9076715;;FX;;OTM, NO;368.00;42.00;Metal;;1992-12-31;MFL;1992-01-01;;
LVA000000003;;LVA;;;1898.00;0.00;0.00;;62.26;55.02;ATLAS;LVL2071;LVL2071;Liepaja;;Y;YLHQ;Y;Y;Y;;;FX;;OTB, OTM;1766.00;0.00;Metal;;1984-12-31;MFL;1984-01-01;;
LVA000000004;;LVA;;;194.00;0.00;0.00;;31.63;29.15;BULDURI;LVL2109;LVL2109;Liepaja;;Y;YL2334;N;Y;Y;;;FX;;OTM, NO;224.00;0.00;Metal;;1975-12-31;MFL;1975-01-01;2004-05-28;
LVA000000006;;LVA;;;191.00;0.00;0.00;;31.60;30.00;DIĀNA;LVL2117;LVL2117;Liepaja;;Y;YL2370;Y;Y;Y;;;FX;;OTM, NO;224.00;0.00;Metal;;1978-12-31;MFL;1978-01-01;2006-10-30;
LVA000000007;275218000;LVA;;;112.00;0.00;0.00;;25.45;22.00;BANDAVA;LVV1507;LVV1507;Liepaja;;Y;YL2055;Y;Y;Y;8868513;;FX;;OTM, OTB;287.00;30.00;Metal;;1981-01-01;MFL;1981-01-01;;
LVA000000008;;LVA;;;112.00;0.00;0.00;;25.45;22.00;ALFA;LVV0715;LVV0715;Ventspils;;Y;YL2070;Y;Y;Y;;;FX;;OTM, NO;221.00;0.00;Metal;;1983-12-31;MFL;1983-01-01;;
LVA000000009;;LVA;;;109.00;0.00;0.00;;25.40;22.00;BRĪZE;LVV1503;LVV1503;Ventspils;;Y;YL2040;Y;Y;Y;;;FX;;OTM, OTB;221.00;0.00;Metal;;1976-12-31;MFL;1976-01-01;2005-09-22;
LVA000000010;275270000;LVA;;;41.00;0.00;0.00;;17.80;15.50;BUBIS;LVR0830;LVR0830;Riga;;Y;YL2403;Y;Y;Y;;;FX;;OTM, NO;214.00;0.00;Metal;;1987-01-01;MFL;1987-01-01;;
LVA000000011;;LVA;;;73.00;0.00;0.00;;25.23;22.00;BUTE;LVL2104;LVL2104;Liepaja;;Y;YL2311;Y;Y;Y;;;FX;;GNS, NO;110.00;0.00;Metal;;1971-12-31;MFL;1971-01-01;2006-06-08;
LVA000000012;;LVA;;;85.00;0.00;0.00;;27.10;24.60;MILZKALNE;LVL0654;LVL0654;Liepaja;;Y;YL2129;Y;Y;Y;;;FX;;GNS, NO;165.00;0.00;Metal;;1980-12-31;MFL;1980-01-01;2008-12-05;
LVA000000013;;LVA;;;81.00;0.00;0.00;;27.10;24.60;METEORS;LVR0728;LVR0728;Riga;;Y;YL2219;Y;Y;Y;;;FX;;GNS, NO;220.00;0.00;Metal;;1971-12-31;MFL;1971-01-01;2012-08-22;
LVA000000014;;LVA;;;30.00;0.00;0.00;;14.54;0.00;ORNE;LVR0795;LVR0795;Riga;;Y;YL2328;N;Y;N;;;FX;;OTB, OTM;220.00;0.00;Metal;;1966-12-31;MFL;1966-01-01;2006-10-12;
LVA000000015;275231000;LVA;;;112.00;0.00;0.00;;25.45;22.00;AUDA;LVR0797;LVR0797;Riga;;Y;YL2257;Y;Y;Y;9077692;;FX;;OTM, GNS;330.00;44.00;Metal;;1992-12-31;MFL;1992-01-01;2025-06-19;
LVA000000016;;LVA;;;828.00;0.00;0.00;;51.95;49.26;ARNARBORG;LVR0833;LVR0833;Riga;;Y;YLDV;Y;Y;Y;;;FX;;OTB, OTM;1472.00;0.00;Metal;;1973-01-01;MFL;1973-01-01;2014-12-02;
LVA000000017;;LVA;;;27.00;0.00;0.00;;17.56;15.00;ADA;LVR0719;LVR0719;Riga;;Y;YL2063;Y;Y;Y;;;FX;;OTM, NO;110.00;0.00;Metal;;1973-12-31;MFL;1973-01-01;2008-12-09;
LVA000000019;;LVA;;;27.00;0.00;0.00;;17.56;15.00;AIRA;LVR0645;LVR0645;Riga;;Y;YL2159;N;Y;Y;;;FX;;OTM, NO;110.00;0.00;Metal;;1977-12-31;MFL;1977-01-01;;
LVA000000020;;LVA;;;27.00;0.00;0.00;;17.56;15.00;AGRIS;LVR0648;LVR0648;Riga;;Y;YL2162;Y;Y;Y;;;FX;;OTM, NO;110.00;0.00;Metal;;1981-12-31;MFL;1981-01-01;2009-01-21;
LVA000000021;;LVA;;;112.00;0.00;0.00;;25.45;22.00;ZĪTARS;LVR0501;LVR0501;Riga;;Y;YL2017;Y;Y;Y;;;FX;;OTM, NO;368.00;0.00;Metal;;1984-12-31;MFL;1984-01-01;2011-06-07;
LVA000000022;;LVA;;;80.00;0.00;0.00;;27.10;24.60;ZODIAKS;LVR0767;LVR0767;Riga;;Y;YL2015;Y;Y;Y;;;FX;;OTM, NO;132.00;0.00;Metal;;1975-12-31;MFL;1975-01-01;2009-01-20;
LVA000000023;;LVA;;;80.00;0.00;0.00;;27.10;24.60;ZVAIGZNE;LVR0772;LVR0772;Riga;;Y;YL2012;Y;Y;Y;;;FX;;OTM, NO;220.00;42.00;Metal;;1971-01-01;MFL;1971-01-01;2014-05-27;
LVA000000024;;LVA;;;112.00;0.00;0.00;;25.45;22.00;ZVĀRE;LVR0773;LVR0773;Riga;;Y;YL2013;Y;Y;Y;;;FX;;OTM, OTB;221.00;0.00;Metal;;1974-12-31;MFL;1974-01-01;2005-05-31;
LVA000000025;;LVA;;;27.00;0.00;0.00;;17.56;15.00;ZILUPE;LVR0765;LVR0765;Riga;;Y;YL2022;Y;Y;Y;;;FX;;OTM, NO;110.00;0.00;Metal;;1976-12-31;MFL;1976-01-01;2009-11-19;
LVA000000026;;LVA;;;27.00;0.00;0.00;;17.56;15.00;ZIEMELIS;LVR0776;LVR0776;Riga;;Y;YL2023;Y;Y;Y;;;FX;;OTM, NO;162.00;0.00;Metal;;1976-12-31;MFL;1976-01-01;2009-01-20;
LVA000000028;;LVA;;;85.00;0.00;0.00;;27.10;24.60;ZENTENE;LVR0655;LVR0655;Riga;;Y;YL2130;Y;Y;Y;;;FX;;GNS, NO;165.00;0.00;Metal;;1982-12-31;MFL;1982-01-01;2008-12-11;
LVA000000029;;LVA;;;85.00;0.00;0.00;;27.10;24.60;ZEMĪTE;LVR0656;LVR0656;Riga;;Y;YL2131;Y;Y;Y;;;FX;;GNS, GND;165.00;0.00;Metal;;1983-12-31;MFL;1983-01-01;2007-04-05;
LVA000000031;275138000;LVA;;;112.00;0.00;0.00;;25.45;22.00;ZANE;LVR0518;LVR0518;Riga;;Y;YL2016;Y;Y;Y;8926042;;FX;;OTM, OTB;221.00;50.00;Metal;;1978-12-31;MFL;1978-01-01;;
LVA000000032;;LVA;;;119.00;0.00;0.00;;25.45;22.00;ZEMGALE;LVR0774;LVR0774;Riga;;Y;YL2014;Y;Y;Y;;;FX;;OTM, OTB;220.00;0.00;Metal;;1974-12-31;MFL;1974-01-01;2009-05-14;
LVA000000034;;LVA;;;79.00;0.00;0.00;;27.10;24.60;AIVIEKSTE;LVR0714;LVR0714;Riga;;Y;YL2068;Y;Y;Y;;;FX;;OTM, NO;221.00;0.00;Metal;;1976-12-31;MFL;1976-01-01;2009-04-15;
LVA000000035;;LVA;;;27.00;0.00;0.00;;17.56;15.00;ALAUKSTS;LVR0646;LVR0646;Riga;;Y;YL2160;Y;Y;Y;;;FX;;OTM, NO;137.00;0.00;Metal;;1977-12-31;MFL;1977-01-01;2012-03-30;
LVA000000036;;LVA;;;27.00;0.00;0.00;;17.56;15.00;ALDA;LVR0718;LVR0718;Riga;;Y;YL2062;N;Y;Y;;;FX;;OTM, NO;110.00;0.00;Metal;;1973-12-31;MFL;1973-01-01;2004-11-29;
LVA000000037;;LVA;;;109.00;0.00;0.00;;25.45;22.00;ALOJA;LVR0591;LVR0591;Riga;;Y;YL2124;Y;Y;Y;;;FX;;OTM, OTB;221.00;0.00;Metal;;1976-12-31;MFL;1976-01-01;2011-04-12;
LVA000000038;;LVA;;;71.00;0.00;0.00;;25.23;22.00;ANCE;LVR0701;LVR0701;Riga;;Y;YL2238;Y;Y;Y;;;FX;;GNS, NO;132.00;0.00;Metal;;1971-12-31;MFL;1971-01-01;2006-12-08;
LVA000000039;;LVA;;;27.00;0.00;0.00;;17.56;15.00;ANDŽELIKA;LVR0716;LVR0716;Riga;;Y;YL2065;Y;Y;Y;;;FX;;OTM, NO;206.00;0.00;Metal;;1973-12-31;MFL;1973-01-01;2009-05-20;
LVA000000040;;LVA;;;83.00;0.00;0.00;;27.10;24.60;ANETE;LVR0653;LVR0653;Riga;;Y;YL2079;N;Y;Y;;;FX;;GNS, NO;165.00;0.00;Metal;;1976-12-31;MFL;1976-01-01;2006-06-05;
LVA000000041;;LVA;;;77.00;0.00;0.00;;27.10;24.60;ANITA;LVR0585;LVR0585;Riga;;Y;anulēt;N;Y;Y;;;FX;;GNS, NO;221.00;19.30;Metal;;1972-01-01;MFL;1972-01-01;;2015-04-02
LVA000000042;;LVA;;;200.00;0.00;0.00;;31.70;29.36;ARINAS;LVR0607;LVR0607;Riga;;Y;YLKE;Y;Y;Y;;;FX;;OTM, NO;220.00;0.00;Metal;;1971-12-31;MFL;1971-01-01;2008-12-22;
LVA000000043;;LVA;;;73.00;0.00;0.00;;25.23;22.00;ASTRĪDA;LVL2111;LVL2111;Liepaja;;Y;YL2336;Y;Y;Y;;;FX;;GNS, LLS;132.00;0.00;Metal;;1966-12-31;MFL;1966-01-01;2004-09-07;
LVA000000045;;LVA;;;700.00;0.00;0.00;;54.82;50.26;AUDERI;LVR0792;LVR0792;Riga;;Y;YLKN;N;Y;Y;;;FX;;OTM, NO;736.00;0.00;Metal;;1970-12-31;MFL;1970-01-01;2006-08-16;
LVA000000046;;LVA;;;73.00;0.00;0.00;;25.23;22.00;AUDRIŅI;LVR0650;LVR0650;Riga;;Y;YL2127;Y;Y;Y;;;FX;;GNS, NO;110.00;0.00;Metal;;1973-12-31;MFL;1973-01-01;2009-01-08;
LVA000000047;;LVA;;;112.00;0.00;0.00;;25.45;22.00;AURI;LVR0745;LVR0745;Riga;;Y;YLJS;Y;Y;Y;;;FX;;OTM, OTB;368.00;40.00;Metal;;1991-01-01;MFL;1991-01-01;;
LVA000000048;;LVA;;;79.00;0.00;0.00;;27.10;24.60;AUSMA;LVR0721;LVR0721;Riga;;Y;YL2061;Y;Y;Y;;;FX;;OTM, NO;221.00;0.00;Metal;;1972-12-31;MFL;1972-01-01;2007-02-28;
LVA000000049;275268000;LVA;;;27.00;0.00;0.00;;17.56;15.00;AVA;LVR0802;LVR0802;Riga;;Y;YL2321;Y;Y;Y;;;FX;;OTM, NO;214.00;0.00;Metal;;1985-12-31;MFL;1985-01-01;;
LVA000000050;;LVA;;;69.00;0.00;0.00;;25.23;22.00;AZOVA;LVL1524;LVL1524;Liepaja;;Y;YL2038;N;Y;Y;;;FX;;GNS, NO;110.00;0.00;Metal;;1967-12-31;MFL;1967-01-01;2013-09-19;
LVA000000051;275136000;LVA;;;109.00;0.00;0.00;;25.45;22.00;DANIELS;LVR0804;LVR0804;Riga;;Y;YL2320;Y;Y;Y;8899770;;FX;;OTM, OTB;272.00;29.00;Metal;;1994-01-01;MFL;1994-01-01;2021-07-26;
LVA000000052;;LVA;;;112.00;0.00;0.00;;25.45;22.00;DAUGAVA;LVV1504;LVV1504;Ventspils;;Y;YLIU;Y;Y;Y;;;FX;;OTM, NO;220.00;34.00;Metal;;1990-01-01;MFL;1990-01-01;;
LVA000000054;;LVA;;;70.00;0.00;0.00;;25.23;22.05;DĀVIS;LVV1521;LVV1521;Ventspils;;Y;YL2039;Y;Y;Y;;;FX;;GNS, GND;110.00;0.00;Metal;;1969-12-31;MFL;1969-01-01;2007-06-11;
LVA000000056;;LVA;;;72.00;0.00;0.00;;25.23;22.00;CIECERE;LVL2040;LVL2040;Liepaja;;Y;YL2109;Y;Y;Y;;;FX;;GNS, GND;221.00;0.00;Metal;;1969-12-31;MFL;1969-01-01;2004-08-28;
LVA000000057;;LVA;;;68.00;0.00;0.00;;25.23;22.05;DUNTE;LVL2002;LVL2002;Liepaja;;Y;YL2108;Y;Y;Y;;;FX;;GNS, NO;110.00;0.00;Metal;;1969-12-31;MFL;1969-01-01;2011-04-01;
LVA000000058;;LVA;;;71.00;0.00;0.00;;25.23;22.05;DURBE-2;LVL2041;LVL2041;Liepaja;;Y;YL2089;Y;Y;Y;;;FX;;GNS, NO;110.00;0.00;Metal;;1971-12-31;MFL;1971-01-01;2013-09-18;
LVA000000061;;LVA;;;72.00;0.00;0.00;;25.23;22.00;JAHTA;LVL2120;LVL2120;Liepaja;;Y;YL2383;Y;Y;Y;;;FX;;GNS, GND;132.00;0.00;Metal;;1968-12-31;MFL;1968-01-01;2004-11-04;
LVA000000062;275210000;LVA;;;80.00;0.00;0.00;;27.10;24.60;VARITA;LVR0657;LVR0657;Riga;;Y;YL2132;Y;Y;Y;;;FX;;OTM, NO;162.00;76.00;Metal;;1983-12-31;MFL;1983-01-01;2024-10-22;
LVA000000063;;LVA;;;112.00;0.00;0.00;;25.45;22.00;JAUNUPE;LVR0593;LVR0593;Riga;;Y;YL2078;Y;Y;Y;;;FX;;OTM, OTB;220.00;0.00;Metal;;1974-12-31;MFL;1974-01-01;2009-01-28;
LVA000000064;;LVA;;;191.00;0.00;0.00;;31.60;30.00;JUNONA;LVL2118;LVL2118;Liepaja;;Y;YL2385;Y;Y;Y;;;FX;;OTM, NO;224.00;0.00;Metal;;1971-12-31;MFL;1971-01-01;2004-11-08;
LVA000000065;;LVA;;;27.00;0.00;0.00;;17.56;15.00;LAILA;LVR0723;LVR0723;Riga;;Y;YL2067;N;Y;Y;;;FX;;OTM, NO;110.00;0.00;Metal;;1974-12-31;MFL;1974-01-01;2005-04-06;
LVA000000066;;LVA;;;27.00;0.00;0.00;;17.56;12.90;LAIMA;LVR0703;LVR0703;Riga;;Y;YL2138;Y;Y;Y;;;FX;;OTM;162.00;0.00;Metal;;1984-01-01;MFL;1984-01-01;;
LVA000000067;;LVA;;;114.00;0.00;0.00;;26.50;22.90;LAIMDOTA;LVL0673;LVL0673;Liepaja;;Y;YLJT;Y;Y;Y;;;FX;;GNS;165.00;30.00;Metal;;1991-01-01;MFL;1991-01-01;2016-08-10;
LVA000000068;;LVA;;;27.00;0.00;0.00;;17.56;15.00;LUCIS;LVR0691;LVR0691;Riga;;Y;YL2140;Y;Y;Y;;;FX;;OTM, NO;110.00;0.00;Metal;;1983-12-31;MFL;1983-01-01;2009-04-15;
LVA000000069;275271000;LVA;;;27.00;0.00;0.00;;17.56;15.00;LUBE;LVR0706;LVR0706;Riga;;Y;YL2139;Y;Y;Y;;;FX;;OTM, NO;206.00;0.00;Metal;;1983-12-31;MFL;1983-01-01;;
LVA000000070;;LVA;;;153.00;0.00;0.00;;33.81;31.02;MADARA;LVR0769;LVR0769;Riga;;Y;YL2083;Y;Y;Y;;;FX;;OTM, NO;500.00;55.00;Metal;;1969-12-31;MFL;1969-01-01;2013-09-05;
LVA000000071;275171000;LVA;;;1211.00;0.00;0.00;;61.17;55.17;SENATOR;LVR0834;LVR0834;Riga;;Y;YLAC;Y;Y;Y;6812986;;FX;;OTB, NK;2207.00;0.00;Metal;;1968-12-31;MFL;1968-01-01;;
LVA000000072;;LVA;;;76.00;0.00;0.00;;27.10;24.60;NĪCA;LVR0800;LVR0800;Riga;;Y;YL2338;Y;Y;Y;;;FX;;OTM, NO;221.00;0.00;Metal;;1971-12-31;MFL;1971-01-01;2009-02-25;
LVA000000074;275233000;LVA;;;111.00;0.00;0.00;;23.97;22.00;DAUGAVA;LVR0729;LVR0729;Riga;;Y;YL2133;Y;Y;Y;8963820;;FX;;OTM, OTB;220.00;34.00;Metal;;1979-01-01;MFL;1979-01-01;;
LVA000000075;;LVA;;;27.00;0.00;0.00;;17.56;0.00;POLLUKSS;LVR0647;LVR0647;Riga;;Y;YL2161;N;Y;Y;;;FX;;OTM, NO;110.00;0.00;Metal;;1980-12-31;MFL;1980-01-01;2004-10-20;
LVA000000076;;LVA;;;52.00;0.00;0.00;;20.86;18.00;PRINCIS;LVR0724;LVR0724;Riga;;Y;YL2059;Y;Y;Y;;;FX;;OTM, NO;110.00;0.00;Metal;;1971-12-31;MFL;1971-01-01;2004-11-26;
LVA000000077;275272000;LVA;;;27.00;0.00;0.00;;17.56;15.00;RAUDA;LVR0812;LVR0812;Riga;;Y;YL2341;Y;Y;Y;;;FX;;OTM, NO;214.00;0.00;Metal;;1984-12-31;MFL;1984-01-01;;
LVA000000078;275016000;LVA;;;112.00;0.00;0.00;;25.45;22.00;RENĀTE;LVL2121;LVL2121;Liepaja;;Y;YL2384;Y;Y;Y;8963636;;FX;;OTM, OTB;368.00;30.00;Metal;;1981-12-31;MFL;1981-01-01;2024-09-20;
LVA000000079;;LVA;;;112.00;0.00;0.00;;25.45;22.00;RIKANDA;LVR0603;LVR0603;Riga;;Y;YL2121;Y;Y;Y;;;FX;;OTM, NO;221.00;0.00;Metal;;1975-12-31;MFL;1975-01-01;2009-01-27;
LVA000000080;;LVA;;;81.00;0.00;0.00;;27.10;24.60;ROHUNEEME;LVL2042;LVL2042;Liepaja;;Y;YL2113;Y;Y;Y;;;FX;;GNS, GND;221.00;0.00;Metal;;1966-12-31;MFL;1966-01-01;2004-11-29;
LVA000000081;275244000;LVA;;;27.00;0.00;0.00;;18.56;15.00;RUCAVA;LVR0705;LVR0705;Riga;;Y;YL2141;Y;Y;Y;;;FX;;OTM;165.00;0.00;Metal;;1973-01-01;MFL;1973-01-01;2025-02-21;
LVA000000082;;LVA;;;27.00;0.00;0.00;;17.56;15.00;RUDE;LVR0642;LVR0642;Riga;;Y;YL2142;Y;Y;Y;;;FX;;OTM, NO;165.00;0.00;Metal;;1973-01-01;MFL;1973-01-01;;
LVA000000083;;LVA;;;81.00;0.00;0.00;;27.10;24.60;RUTA;LVL2119;LVL2119;Liepaja;;Y;YL2377;Y;Y;Y;;;FX;;GNS, GND;110.00;0.00;Metal;;1979-12-31;MFL;1979-01-01;2009-11-23;
LVA000000084;;LVA;;;68.00;0.00;0.00;;25.23;22.05;SAKTA;LVL2016;LVL2016;Liepaja;;Y;YL2110;Y;Y;Y;;;FX;;GNS, LLS;110.00;25.00;Metal;;1970-01-01;MFL;1970-01-01;2016-07-01;
LVA000000085;275247000;LVA;;;27.00;0.00;0.00;;17.56;15.00;SAMS;LVR0789;LVR0789;Riga;;Y;YL2143;Y;Y;Y;;;FX;;OTM, NO;184.00;0.00;Metal;;1974-12-31;MFL;1974-01-01;;
LVA000000086;;LVA;;;109.00;0.00;0.00;;25.45;22.00;SANDA;LVR0506;LVR0506;Riga;;Y;YL2005;Y;Y;Y;;;FX;;OTM, NO;220.00;0.00;Metal;;1982-12-31;MFL;1982-01-01;2009-09-03;
LVA000000087;;LVA;;;195.00;0.00;0.00;;31.60;30.30;SEAGULLS;LVL2110;LVL2110;Liepaja;;Y;YL2340;Y;Y;Y;;;FX;;OTM, NO;224.00;150.00;Metal;;1968-12-31;MFL;1968-01-01;2011-05-17;
LVA000000089;;LVA;;;167.00;0.00;0.00;;31.85;27.80;SĒME;LVR0502;LVR0502;Riga;;Y;YL2018;Y;Y;Y;;;FX;;GNS, NO;221.00;29.00;Metal;;1988-01-01;MFL;1988-01-01;;2014-12-02
LVA000000091;;LVA;;;27.00;0.00;0.00;;17.56;15.00;SĪGA;LVR0531;LVR0531;Riga;;Y;YL2225;Y;Y;Y;;;FX;;OTM, NO;110.00;0.00;Metal;;1975-12-31;MFL;1975-01-01;;2011-09-27
LVA000000092;;LVA;;;53.00;0.00;0.00;;20.86;18.00;SMAILE;LVR0510;LVR0510;Riga;;Y;YL2003;Y;Y;Y;;;FX;;OTM, NO;221.00;0.00;Metal;;1972-12-31;MFL;1972-01-01;2005-01-10;
LVA000000093;;LVA;;;112.00;0.00;0.00;;25.45;22.00;SVETLANA;LVV1547;LVV1547;Ventspils;;Y;YL2333;Y;Y;Y;;;FX;;OTM, OTB;221.00;0.00;Metal;;1983-12-31;MFL;1983-01-01;2008-12-22;
LVA000000094;275220000;LVA;;;109.00;0.00;0.00;;25.33;22.00;STRAUPE;LVR0799;LVR0799;Riga;;Y;YL2297;Y;Y;Y;8897758;;FX;;OTM, OTB;330.00;20.80;Metal;;1994-12-31;MFL;1994-01-01;;
LVA000000096;;LVA;;;52.00;0.00;0.00;;20.86;18.00;STELLA;LVR0589;LVR0589;Riga;;Y;YL2026;Y;Y;Y;;;FX;;OTM, NO;132.00;0.00;Metal;;1971-12-31;MFL;1971-01-01;2007-05-23;
LVA000000097;;LVA;;;53.00;0.00;0.00;;20.86;18.00;STEFA;LVR0824;LVR0824;Riga;;Y;YL2379;Y;Y;Y;;;FX;;OTM, NO;132.00;0.00;Metal;;1972-12-31;MFL;1972-01-01;2008-12-19;
LVA000000098;;LVA;;;112.00;0.00;0.00;;25.45;22.00;STAICELE;LVR0598;LVR0598;Riga;;Y;YL2122;Y;Y;Y;;;FX;;OTM, OTB;220.00;0.00;Metal;;1975-12-31;MFL;1975-01-01;2009-01-08;
LVA000000099;;LVA;;;53.00;0.00;0.00;;20.86;18.00;STABURAGS;LVR0810;LVR0810;Riga;;Y;YL2034;Y;Y;Y;;;FX;;OTM, NO;132.00;0.00;Metal;;1967-12-31;MFL;1967-01-01;2004-10-19;
LVA000000100;;LVA;;;99.00;0.00;0.00;;23.57;21.30;SPĀRE;LVR0521;LVR0521;Riga;;Y;YL2004;Y;Y;Y;;;FX;;OTM, NO;221.00;0.00;Metal;;1979-12-31;MFL;1979-01-01;2008-12-18;
LVA000000101;;LVA;;;112.00;0.00;0.00;;25.45;22.00;BAIBA;LVL2014;LVL2014;Liepaja;;Y;YL2090;Y;Y;Y;;;FX;;OTM, NO;221.00;0.00;Metal;;1973-12-31;MFL;1973-01-01;2006-04-20;
LVA000000102;;LVA;;;85.00;0.00;0.00;;27.10;24.60;BALODIS;LVR0693;LVR0693;Riga;;Y;YL2134;Y;Y;Y;;;FX;;GNS, GND;221.00;0.00;Metal;;1978-12-31;MFL;1978-01-01;2011-04-20;
LVA000000103;;LVA;;;115.00;0.00;0.00;;26.50;22.00;BALTEZERS;LVV1517;LVV1517;Ventspils;;Y;YLIS;Y;Y;Y;;;FX;;OTM, OTB;220.00;0.00;Metal;;1987-12-31;MFL;1987-01-01;;
LVA000000105;;LVA;;;70.00;0.00;0.00;;25.23;22.00;BAUSKA;LVL2051;LVL2051;Liepaja;;Y;YL2088;Y;Y;Y;;;FX;;GNS, NO;132.00;0.00;Metal;;1970-12-31;MFL;1970-01-01;2005-01-26;
LVA000000106;;LVA;;;69.00;0.00;0.00;;25.23;22.00;BĀKA;LVR0702;LVR0702;Riga;;Y;YL2241;Y;Y;Y;;;FX;;GNS, GND;221.00;0.00;Metal;;1967-12-31;MFL;1967-01-01;2006-10-23;
LVA000000107;;LVA;;;76.00;0.00;0.00;;27.10;22.00;BĀRBELE;LVL2004;LVL2004;Liepaja;;Y;YL2114;Y;Y;Y;;;FX;;GNS;310.00;38.00;Metal;;1974-01-01;MFL;1974-01-01;2016-04-06;
LVA000000108;;LVA;;;109.00;0.00;0.00;;25.40;22.00;BELLA;LVV1512;LVV1512;Ventspils;;Y;YLIT;Y;Y;Y;;;FX;;OTM, NO;220.00;0.00;Metal;;1988-12-31;MFL;1988-01-01;;
LVA000000109;;LVA;;;112.00;0.00;0.00;;25.45;22.00;BENITA;LVL2012;LVL2012;Liepaja;;Y;YL2095;Y;Y;Y;;;FX;;OTM, NO;221.00;0.00;Metal;;1976-12-31;MFL;1976-01-01;2007-05-23;
LVA000000110;;LVA;;;110.00;0.00;0.00;;25.45;22.00;BENTOS;LVV1505;LVV1505;Ventspils;;Y;YL2042;Y;Y;Y;;;FX;;OTM, OTB;221.00;0.00;Metal;;1979-12-31;MFL;1979-01-01;2006-07-20;
LVA000000111;;LVA;;;112.00;0.00;0.00;;25.45;22.00;BERNĀTI;LVL2015;LVL2015;Liepaja;;Y;YL2097;Y;Y;Y;;;FX;;OTM, OTB;220.50;0.00;Metal;;1976-12-31;MFL;1976-01-01;2008-12-17;
LVA000000112;;LVA;;;109.00;0.00;0.00;;25.50;22.00;BETA;LVV1508;LVV1508;Ventspils;;Y;YL2043;Y;Y;Y;;;FX;;OTM, OTB;220.00;0.00;Metal;;1984-12-31;MFL;1984-01-01;2013-08-13;
LVA000000113;;LVA;;;112.00;0.00;0.00;;25.45;22.00;BEVERĪNA;LVL2011;LVL2011;Liepaja;;Y;YL2091;Y;Y;Y;;;FX;;OTM, OTB;368.00;0.00;Metal;;1972-12-31;MFL;1972-01-01;2010-12-16;
LVA000000114;;LVA;;;109.00;0.00;0.00;;25.40;22.00;BONIVARS;LVV1509;LVV1509;Ventspils;;Y;YL2044;Y;Y;Y;;;FX;;OTM, OTB;220.00;0.00;Metal;;1985-12-31;MFL;1985-01-01;2009-05-07;
LVA000000116;;LVA;;;85.00;0.00;0.00;;27.10;24.60;BIRZUPE;LVL2028;LVL2028;Liepaja;;Y;YL2116;Y;Y;Y;;;FX;;GNS, NO;221.00;0.00;Metal;;1975-12-31;MFL;1975-01-01;2009-05-26;
LVA000000117;;LVA;;;83.00;0.00;0.00;;27.10;24.60;BIRZE;LVL2056;LVL2056;Liepaja;;Y;YL2096;Y;Y;Y;;;FX;;GNS, NO;220.00;0.00;Metal;;1967-12-31;MFL;1967-01-01;2005-02-02;
LVA000000118;;LVA;;;112.00;0.00;0.00;;25.45;22.00;BIKSTI;LVL2065;LVL2065;Liepaja;;Y;YL2118;Y;Y;Y;;;FX;;OTM, NO;368.00;0.00;Metal;;1985-12-31;MFL;1985-01-01;2009-04-28;
LVA000000120;;LVA;;;71.00;0.00;0.00;;25.23;22.00;BĒRZUPE;LVR0699;LVR0699;Riga;;Y;YL2243;Y;Y;Y;;;FX;;GNS, GND;132.00;0.00;Metal;;1970-12-31;MFL;1970-01-01;2009-06-26;
LVA000000122;;LVA;;;112.00;0.00;0.00;;25.45;22.00;BĒNE;LVL2008;LVL2008;Liepaja;;Y;YL2093;N;Y;Y;;;FX;;OTM, NO;220.00;0.00;Metal;;1974-01-01;MFL;1974-01-01;;2014-12-02
LVA000000123;275214000;LVA;;;110.00;0.00;0.00;;25.45;22.00;BROCĒNI;LVL2038;LVL2038;Liepaja;;Y;YL2100;Y;Y;Y;8722654;;FX;;OTM, OTB;221.00;42.00;Metal;;1985-01-01;MFL;1985-01-01;;
LVA000000126;275094000;LVA;;;112.00;0.00;0.00;;25.45;22.00;BRIEDIS;LVL2013;LVL2013;Liepaja;;Y;YLIH;Y;Y;Y;8722666;;FX;;OTM, OTB;368.00;36.00;Metal;;1987-01-01;MFL;1987-01-01;2021-06-08;
LVA000000127;;LVA;;;77.00;0.00;0.00;;25.23;22.00;BRĀZMA;LVR0694;LVR0694;Riga;;Y;YL2184;Y;Y;Y;;;FX;;GNS, GND;132.00;0.00;Metal;;1969-12-31;MFL;1969-01-01;2006-04-28;
LVA000000128;;LVA;;;112.00;0.00;0.00;;25.45;22.00;BRAVO;LVV1502;LVV1502;Ventspils;;Y;YL2080;Y;Y;Y;;;FX;;OTM, NO;220.00;0.00;Metal;;1984-12-31;MFL;1984-01-01;2009-02-04;
LVA000000129;;LVA;;;68.00;0.00;0.00;;25.23;22.00;BRASLA;LVL2019;LVL2019;Liepaja;;Y;YL2092;Y;Y;Y;;;FX;;GNS, NO;110.00;0.00;Metal;;1973-12-31;MFL;1973-01-01;2007-02-09;
LVA000000130;275141000;LVA;;;110.00;0.00;0.00;;25.60;22.00;BUKAIŠI;LVL2058;LVL2058;Liepaja;;Y;YLII;Y;Y;Y;8722642;;FX;;OTM, OTB;220.00;30.00;Metal;;1988-12-31;MFL;1988-01-01;2025-08-14;
LVA000000131;;LVA;;;69.00;0.00;0.00;;25.23;22.00;BURA;LVR0742;LVR0742;Riga;;Y;YL2240;Y;Y;Y;;;FX;;GNS, GND;132.00;0.00;Metal;;1969-12-31;MFL;1969-01-01;2004-11-03;
LVA000000133;;LVA;;;112.00;0.00;0.00;;25.45;22.00;BUŠNIEKI;LVV1506;LVV1506;Ventspils;;Y;YLIR;Y;Y;Y;;;FX;;OTM, OTB;220.00;0.00;Metal;;1986-12-31;MFL;1986-01-01;;
LVA000000134;275098000;LVA;;;110.00;0.00;0.00;;25.60;22.00;BURTNIEKI;LVL2037;LVL2037;Liepaja;;Y;YLIJ;Y;Y;Y;8730003;;FX;;OTM, OTB;221.00;26.50;Metal;;1989-12-31;MFL;1989-01-01;;
LVA000000135;;LVA;;;112.00;0.00;0.00;;25.45;22.00;HOGLANDE;LVR0738;LVR0738;Riga;;Y;YL2239;Y;Y;Y;;;FX;;OTM, OTB;220.00;0.00;Metal;;1983-12-31;MFL;1983-01-01;2012-07-03;
LVA000000136;;LVA;;;206.00;0.00;0.00;;31.60;0.00;HANTERS;LVL2105;LVL2105;Liepaja;;Y;YL2318;Y;Y;Y;;;FX;;OTM, NO;224.00;0.00;Metal;;1968-12-31;MFL;1968-01-01;2006-11-24;
LVA000000137;;LVA;;;85.00;0.00;0.00;;27.10;24.60;IZAURA;LVR0816;LVR0816;Riga;;Y;YL2350;Y;Y;Y;;;FX;;GNS, GND;165.00;0.00;Metal;;1972-12-31;MFL;1972-01-01;2005-02-11;
LVA000000138;;LVA;;;27.00;0.00;0.00;;17.56;15.00;IRBE;LVR0704;LVR0704;Riga;;Y;YL2137;Y;Y;Y;;;FX;;OTM, NO;110.00;0.00;Metal;;1983-12-31;MFL;1983-01-01;2011-06-20;
LVA000000140;;LVA;;;82.00;0.00;0.00;;27.10;24.60;EDA;LVR0836;LVR0836;Riga;;Y;YL2456;Y;Y;Y;;;FX;;GNS, OTM;165.00;0.00;Metal;;1973-12-31;MFL;1973-01-01;2012-07-24;
LVA000000141;;LVA;;;27.00;0.00;0.00;;17.56;12.90;EKSTRA;LVR0604;LVR0604;Riga;;Y;YL2258;Y;Y;Y;;;FX;;OTM, NO;110.00;0.00;Metal;;1970-12-31;MFL;1970-01-01;2006-09-26;
LVA000000143;;LVA;;;114.00;0.00;0.00;;26.50;23.22;DZINTARI;LVL0672;LVL0672;Liepaja;;Y;YLJU;Y;Y;Y;;;FX;;GNS;165.00;25.00;Metal;;1990-01-01;MFL;1990-01-01;2016-08-10;
LVA000000144;;LVA;;;68.00;0.00;0.00;;25.23;22.05;ĒRIKA;LVL2026;LVL2026;Liepaja;;Y;YL2101;Y;Y;Y;;;FX;;GNS, NO;132.00;0.00;Metal;;1971-12-31;MFL;1971-01-01;2006-11-06;
LVA000000145;;LVA;;;27.00;0.00;0.00;;17.56;12.90;ĒRA;LVR0592;LVR0592;Riga;;Y;YL2261;Y;Y;Y;;;FX;;OTM, NO;110.00;0.00;Metal;;1982-12-31;MFL;1982-01-01;2009-11-16;
LVA000000147;;LVA;;;715.00;0.00;0.00;;44.51;37.62;ERLA;LVR0807;LVR0807;Riga;;Y;YL2324;Y;Y;Y;;;FX;;OTB, NK;1141.00;0.00;Metal;;1975-12-31;MFL;1975-01-01;2007-04-05;
LVA000000148;;LVA;;;27.00;0.00;0.00;;17.56;15.00;ENA;LVR0599;LVR0599;Riga;;Y;YL2260;Y;Y;Y;;;FX;;OTM, NO;110.00;0.00;Metal;;1982-12-31;MFL;1982-01-01;2007-05-03;
LVA000000150;;LVA;;;27.00;0.00;0.00;;17.56;12.90;ELITA;LVR0639;LVR0639;Riga;;Y;YL2259;Y;Y;Y;;;FX;;OTM, NO;110.00;0.00;Metal;;1970-12-31;MFL;1970-01-01;2008-11-19;
LVA000000151;;LVA;;;112.00;0.00;0.00;;25.45;22.00;GROTS;LVR0737;LVR0737;Riga;;Y;YL2156;Y;Y;Y;;;FX;;OTM, OTB;221.00;0.00;Metal;;1973-12-31;MFL;1973-01-01;;2012-06-28
LVA000000152;275237000;LVA;;;110.00;0.00;0.00;;25.45;22.00;GRĪVA;LVR0744;LVR0744;Riga;;Y;YL2201;Y;Y;Y;8972209;;FX;;OTM, OTB;220.00;19.00;Metal;;1982-12-31;MFL;1982-01-01;;
LVA000000153;275228000;LVA;;;112.00;0.00;0.00;;25.45;22.00;GRIFS;LVR0697;LVR0697;Riga;;Y;YL2237;Y;Y;Y;8138994;;FX;;OTM, OTB;386.00;37.00;Metal;;1983-12-31;MFL;1983-01-01;;
LVA000000154;;LVA;;;72.00;0.00;0.00;;25.23;22.00;GODS;LVL2106;LVL2106;Liepaja;;Y;YL2313;Y;Y;Y;;;FX;;GNS, GND;110.00;0.00;Metal;;1970-12-31;MFL;1970-01-01;2005-01-04;
LVA000000155;;LVA;;;112.00;0.00;0.00;;25.45;22.00;GLOBUSS;LVR0736;LVR0736;Riga;;Y;YL2164;Y;Y;Y;;;FX;;OTM, OTB;220.00;0.00;Metal;;1974-12-31;MFL;1974-01-01;2008-11-28;
LVA000000156;;LVA;;;80.00;0.00;0.00;;27.10;24.60;GINTS;LVL2116;LVL2116;Liepaja;;Y;YL2353;Y;Y;Y;;;FX;;GNS, GND;220.00;0.00;Metal;;1971-12-31;MFL;1971-01-01;2011-04-08;
LVA000000157;275274000;LVA;;;27.00;0.00;0.00;;17.56;15.00;GELE;LVR0803;LVR0803;Riga;;Y;YL2323;Y;Y;Y;;;FX;;OTM, NO;204.00;0.00;Metal;;1987-12-31;MFL;1987-01-01;;
LVA000000158;;LVA;;;112.00;0.00;0.00;;25.45;22.00;GANGUTS;LVR0743;LVR0743;Riga;;Y;YL2165;Y;Y;Y;;;FX;;OTM, OTB;221.00;0.00;Metal;;1977-12-31;MFL;1977-01-01;2009-04-28;
LVA000000159;;LVA;;;109.00;0.00;0.00;;25.60;22.00;GAISMA;LVR0696;LVR0696;Riga;;Y;YL2214;Y;Y;Y;;;FX;;OTM, OTB;368.00;32.00;Metal;;1984-01-01;MFL;1984-01-01;;
LVA000000160;;LVA;;;112.00;0.00;0.00;;25.45;22.00;KENTAURS;LVL2124;LVL2124;Liepaja;;Y;YL2396;Y;Y;Y;;;FX;;OTM, OTB;221.00;0.00;Metal;;1978-12-31;MFL;1978-01-01;2011-05-05;
LVA000000161;;LVA;;;3934.00;0.00;0.00;;101.45;91.83;KAUGURI;LVR0595;LVR0595;Riga;;Y;YLFC;Y;Y;Y;;;FX;;OTM, NO;2853.00;2398.00;Metal;;1982-12-31;MFL;1982-01-01;;
LVA000000162;275099000;LVA;;;136.00;0.00;0.00;;25.45;22.00;BRAVO;LVR0813;LVR0813;Riga;;Y;YL2343;Y;Y;Y;9076674;;FX;;OTM, NO;219.00;30.00;Metal;;1992-12-31;MFL;1992-01-01;;
LVA000000163;;LVA;;;76.00;0.00;0.00;;27.10;24.60;KARMENA;LVR0820;LVR0820;Riga;;Y;YL2372;Y;Y;Y;;;FX;;OTM, GNS;221.00;0.00;Metal;;1979-12-31;MFL;1979-01-01;2011-05-31;
LVA000000164;;LVA;;;72.00;0.00;0.00;;25.23;22.00;KARINA;LVR0735;LVR0735;Riga;;Y;YL2166;Y;Y;Y;;;FX;;GNS, GND;132.00;0.00;Metal;;1968-12-31;MFL;1968-01-01;2011-04-08;
LVA000000165;275026000;LVA;;;110.00;0.00;0.00;;25.60;22.00;ALBATROSS 1;LVL2039;LVL2039;Liepaja;;Y;YLIK;Y;Y;Y;8829189;;FX;;OTM, LLS;221.00;24.00;Metal;;1990-12-31;MFL;1990-01-01;2024-10-24;
LVA000000167;;LVA;;;53.00;0.00;0.00;;20.86;18.00;ĶĪSIS;LVR0827;LVR0827;Riga;;Y;YL2388;Y;Y;Y;;;FX;;OTM, NO;132.00;0.00;Metal;;1972-12-31;MFL;1972-01-01;2004-08-18;
LVA000000168;275053000;LVA;;;112.00;0.00;0.00;;25.45;22.00;KRISTĪNA;LVL2125;LVL2125;Liepaja;;Y;YL2419;Y;Y;Y;8227719;;FX;;OTM, OTB;368.00;34.00;Metal;;1984-01-01;MFL;1984-01-01;2021-05-25;
LVA000000169;;LVA;;;51.00;0.00;0.00;;21.58;0.00;KRISTA;LVR2030;LVR2030;Riga;;Y;YL2290;Y;Y;Y;;;FX;;OTM, NO;110.00;0.00;Metal;;1956-12-31;MFL;1956-01-01;2009-02-03;
LVA000000170;;LVA;;;73.00;0.00;0.00;;25.23;22.00;KRASTS;LVL2101;LVL2101;Liepaja;;Y;YL2236;Y;Y;Y;;;FX;;GNS, GND;132.00;0.00;Metal;;1969-12-31;MFL;1969-01-01;2004-11-24;
LVA000000171;275129000;LVA;;;122.00;0.00;0.00;;29.00;25.51;KORMORAN;LVR0831;LVR0831;Riga;;Y;YL2413;Y;Y;Y;7939602;;FX;;OTM, OTB;441.00;43.00;Metal;;1973-12-31;MFL;1973-01-01;;
LVA000000172;;LVA;;;82.00;0.00;0.00;;27.10;24.60;KILTSI;LVR0818;LVR0818;Riga;;Y;YL2371;Y;Y;Y;;;FX;;GNS, NO;221.00;0.00;Metal;;1972-12-31;MFL;1972-01-01;2007-02-14;
LVA000000173;;LVA;;;26.00;0.00;0.00;;17.56;15.00;MOLS;LVR0760;LVR0760;Riga;;Y;YL2153;Y;Y;Y;;;FX;;OTM, NO;184.00;0.00;Metal;;1974-12-31;MFL;1974-01-01;2008-12-17;
LVA000000175;275239000;LVA;;;109.00;0.00;0.00;;25.60;22.00;PLIEŅCIEMS;LVL0658;LVL0658;Liepaja;;Y;YLJE;Y;Y;Y;8725450;;FX;;OTM, OTB;220.00;59.00;Metal;;1988-12-31;MFL;1988-01-01;;
LVA000000176;;LVA;;;72.00;0.00;0.00;;25.23;22.05;PĪLĀDZIS;LVL2022;LVL2022;Liepaja;;Y;YL2104;Y;Y;Y;;;FX;;GNS, NO;132.00;0.00;Metal;;1971-12-31;MFL;1971-01-01;2011-04-28;
LVA000000177;;LVA;;;47.00;0.00;0.00;;18.02;15.08;PIRITA;LVR0530;LVR0530;Riga;;Y;YL2235;Y;Y;Y;;;FX;;OTM, NO;217.00;18.00;Metal;;1985-12-31;MFL;1985-01-01;2024-09-04;
LVA000000180;;LVA;;;70.00;0.00;0.00;;25.23;22.05;PELIKĀNS;LVL2025;LVL2025;Liepaja;;Y;YL2106;Y;Y;Y;;;FX;;GNS, GND;132.00;0.00;Metal;;1969-12-31;MFL;1969-01-01;2006-04-27;
LVA000000181;;LVA;;;68.00;0.00;0.00;;25.23;22.05;PEDEDZE;LVL2096;LVL2096;Liepaja;;Y;YL2102;Y;Y;Y;;;FX;;GNS, NO;132.00;0.00;Metal;;1969-12-31;MFL;1969-01-01;2006-11-15;
LVA000000182;;LVA;;;71.00;0.00;0.00;;25.23;22.05;PAVASARIS;LVL2017;LVL2017;Liepaja;;Y;YL2111;Y;Y;Y;;;FX;;GNS, NO;132.00;0.00;Metal;;1973-12-31;MFL;1973-01-01;2006-05-29;
LVA000000183;;LVA;;;75.00;0.00;0.00;;25.23;22.00;PAPE;LVL2059;LVL2059;Liepaja;;Y;YL2087;Y;Y;Y;;;FX;;GNS, NO;132.00;0.00;Metal;;1970-12-31;MFL;1970-01-01;2005-01-26;
LVA000000184;;LVA;;;26.00;0.00;0.00;;17.56;15.00;MĀLUPE;LVR0747;LVR0747;Riga;;Y;YL2151;N;Y;Y;;;FX;;OTM, NO;110.00;0.00;Metal;;1976-12-31;MFL;1976-01-01;2005-02-18;
LVA000000185;;LVA;;;85.00;0.00;0.00;;27.10;24.60;MĀLIŅI;LVR0809;LVR0809;Riga;;Y;YL2327;Y;Y;Y;;;FX;;GNS;220.00;13.50;Metal;;1983-01-01;MFL;1983-01-01;2017-01-02;
LVA000000187;275062000;LVA;;;112.00;0.00;0.00;;25.45;22.00;MARITA;LVL2122;LVL2122;Liepaja;;N;YL2385;N;Y;Y;8923260;;FX;;OTM, OTB;368.00;40.00;Metal;;1981-12-31;MFL;1981-01-01;2024-06-04;
LVA000000188;;LVA;;;70.00;0.00;0.00;;25.23;22.05;MARINA;LVL2018;LVL2018;Liepaja;;Y;YL2084;Y;Y;Y;;;FX;;GNS, GND;110.00;0.00;Metal;;1968-12-31;MFL;1968-01-01;2009-06-29;
LVA000000189;;LVA;;;80.00;0.00;0.00;;27.10;24.60;MALUSI;LVR0823;LVR0823;Riga;;Y;YL2376;Y;Y;Y;;;FX;;OTM, NO;221.00;0.00;Metal;;1967-12-31;MFL;1967-01-01;2006-10-26;
LVA000000190;;LVA;;;26.00;0.00;0.00;;17.56;15.00;MĒMELE;LVR0751;LVR0751;Riga;;Y;YL2154;Y;Y;Y;;;FX;;OTM, NO;110.00;0.00;Metal;;1975-12-31;MFL;1975-01-01;2007-02-05;
LVA000000191;;LVA;;;27.00;0.00;0.00;;17.56;15.00;MEŽOTNE;LVR0748;LVR0748;Riga;;Y;YL2171;Y;Y;Y;;;FX;;OTM, NO;110.00;0.00;Metal;;1976-12-31;MFL;1976-01-01;2008-11-26;
LVA000000192;;LVA;;;27.00;0.00;0.00;;17.56;15.00;MERKURS;LVR0759;LVR0759;Riga;;Y;YL2168;Y;Y;Y;;;FX;;OTM, NO;184.00;0.00;Metal;;1974-12-31;MFL;1974-01-01;2012-05-11;
LVA000000193;;LVA;;;79.00;0.00;0.00;;27.10;24.60;MERIDIĀNS;LVR0730;LVR0730;Riga;;Y;YL2150;Y;Y;Y;;;FX;;OTB, NO;221.00;0.00;Metal;;1973-12-31;MFL;1973-01-01;2007-02-12;
LVA000000194;275092000;LVA;;;29.00;0.00;0.00;;17.56;15.00;MENCA;LVL0791;LVL0791;Liepaja;;Y;YL2461;Y;Y;Y;;;FX;;GNS, LLD;147.00;19.40;Metal;;1976-12-31;MFL;1976-01-01;;
LVA000000196;;LVA;;;85.00;0.00;0.00;;27.10;24.60;MĀRUPE;LVR0725;LVR0725;Riga;;Y;YL2167;Y;Y;Y;;;FX;;GNS, GND;221.00;0.00;Metal;;1976-12-31;MFL;1976-01-01;2010-10-15;
LVA000000197;;LVA;;;60.00;0.00;0.00;;22.30;18.00;VOLGA;LVR0664;LVR0664;Riga;;Y;YL2028;Y;Y;Y;;;FX;;OTM, NO;242.60;0.00;Metal;;1966-12-31;MFL;1966-01-01;2005-12-05;
LVA000000198;275162000;LVA;;;112.00;0.00;0.00;;25.45;22.00;VITAS;LVL2114;LVL2114;Liepaja;;Y;YL2347;Y;Y;Y;8833934;;FX;;OTM, OTB;221.00;18.00;Metal;;1990-01-01;MFL;1990-01-01;2021-10-27;
LVA000000199;;LVA;;;72.00;0.00;0.00;;25.23;22.00;VENTAVA;LVV1518;LVV1518;Ventspils;;Y;YL2048;Y;Y;Y;;;FX;;GNS, NO;132.00;0.00;Metal;;1968-12-31;MFL;1968-01-01;2011-04-28;
LVA000000200;;LVA;;;52.00;0.00;0.00;;20.86;18.00;VARITA;LVV1539;LVV1539;Ventspils;;Y;YL2033;Y;Y;Y;;;FX;;OTM, NO;162.00;0.00;Metal;;1966-12-31;MFL;1966-01-01;2005-06-16;
LVA000000201;;LVA;;;85.00;0.00;0.00;;27.10;24.60;VAIVA;LVV1528;LVV1528;Ventspils;;Y;YL2050;Y;Y;Y;;;FX;;GNS, NO;220.00;0.00;Metal;;1975-12-31;MFL;1975-01-01;2005-06-16;
LVA000000202;;LVA;;;195.00;0.00;0.00;;31.60;29.15;VAIDAVA;LVR0605;LVR0605;Riga;;Y;YLKG;N;Y;Y;;;FX;;OTM, NO;224.00;0.00;Metal;;1973-12-31;MFL;1973-01-01;;2004-10-04
LVA000000203;;LVA;;;76.00;0.00;0.00;;25.23;22.00;VAAL;LVL2107;LVL2107;Liepaja;;Y;YL2314;Y;Y;Y;;;FX;;GNS, NO;132.00;0.00;Metal;;1968-12-31;MFL;1968-01-01;2011-04-19;
LVA000000204;;LVA;;;29.70;0.00;0.00;;17.56;15.00;ŪDELE;LVR0528;LVR0528;Riga;;Y;YL2227;N;Y;Y;;;FX;;OTM, NO;110.00;0.00;Metal;;1971-12-31;MFL;1971-01-01;2009-03-25;
LVA000000205;275200000;LVA;;;112.00;0.00;0.00;;25.45;22.00;URGA;LVR0786;LVR0786;Riga;;Y;YLKL;Y;Y;Y;8727288;;FX;;OTM, OTB;221.00;35.00;Metal;;1986-12-31;MFL;1986-01-01;;
LVA000000207;;LVA;;;112.00;0.00;0.00;;25.45;22.00;URĀLS;LVR0784;LVR0784;Riga;;Y;YL2073;Y;Y;Y;;;FX;;OTM, NO;368.00;0.00;Metal;;1984-12-31;MFL;1984-01-01;;
LVA000000208;;LVA;;;27.00;0.00;0.00;;17.56;15.00;VIMBA;LVR0692;LVR0692;Riga;;Y;YL2144;Y;Y;Y;;;FX;;OTM, NO;184.00;0.00;Metal;;1974-12-31;MFL;1974-01-01;2011-09-29;
LVA000000210;;LVA;;;70.00;0.00;0.00;;26.48;22.05;VIESULIS;LVL2108;LVL2108;Liepaja;;Y;YL2325;Y;Y;Y;;;FX;;GNS, NO;147.00;0.00;Metal;;1967-12-31;MFL;1967-01-01;2004-11-01;
LVA000000211;;LVA;;;71.00;0.00;0.00;;25.23;22.05;VIDĀLE;LVV1530;LVV1530;Ventspils;;Y;YL2045;Y;Y;Y;;;FX;;GNS, GND;110.00;0.00;Metal;;1969-12-31;MFL;1969-01-01;2008-11-28;
LVA000000212;;LVA;;;68.00;0.00;0.00;;25.23;22.05;VĒDE;LVV1531;LVV1531;Ventspils;;Y;YL2047;Y;Y;Y;;;FX;;GNS, GND;110.00;0.00;Metal;;1967-12-31;MFL;1967-01-01;2004-10-20;
LVA000000213;;LVA;;;39.00;0.00;0.00;;18.25;15.70;VEZUVS;LVR1526;LVR1526;Riga;;Y;YL2035;N;Y;Y;;;FX;;OTM, NO;110.00;0.00;Metal;;1954-12-31;MFL;1954-01-01;2004-10-11;
LVA000000214;;LVA;;;73.00;0.00;0.00;;25.23;0.00;VERONIKA;LVL2112;LVL2112;Liepaja;;Y;YL2335;Y;Y;Y;;;FX;;GNS, GND;132.00;0.00;Metal;;1963-12-31;MFL;1963-01-01;2004-10-25;
LVA000000215;275072000;LVA;;;112.00;0.00;0.00;;25.45;22.00;VERGI;LVR0829;LVR0829;Riga;;Y;YL2402;Y;Y;Y;8331584;;FX;;OTM, OTB;214.00;31.00;Metal;;1984-12-31;MFL;1984-01-01;;
LVA000000216;;LVA;;;26.00;0.00;0.00;;17.56;15.00;UNDĪNE;LVR0522;LVR0522;Riga;;Y;YL2226;N;Y;Y;;;FX;;OTM, NO;110.00;0.00;Metal;;1971-12-31;MFL;1971-01-01;;2004-12-16
LVA000000217;275173000;LVA;;;112.00;0.00;0.00;;25.45;22.00;UNIONS;LVR0805;LVR0805;Riga;;Y;YL2319;Y;Y;Y;8926597;;FX;;OTM, OTB;221.00;28.00;Metal;;1994-12-31;MFL;1994-01-01;;
LVA000000218;;LVA;;;112.00;0.00;0.00;;25.45;22.00;UNORA;LVR0783;LVR0783;Riga;;Y;YLJM;Y;Y;Y;;;FX;;OTM, NO;220.00;0.00;Metal;;1989-12-31;MFL;1989-01-01;2011-06-21;
LVA000000219;;LVA;;;112.00;0.00;0.00;;25.45;22.00;UNDA;LVR0817;LVR0817;Riga;;Y;YL2359;Y;Y;Y;;;FX;;OTM, NO;221.00;0.00;Metal;;1977-12-31;MFL;1977-01-01;2010-04-13;
LVA000000221;275143000;LVA;;;112.00;0.00;0.00;;25.45;22.00;ULRIKA;LVR0814;LVR0814;Riga;;Y;YL2344;Y;Y;Y;9076686;;FX;;OTM, OTB;221.00;30.00;Metal;;1992-12-31;MFL;1992-01-01;;
LVA000000222;;LVA;;;112.00;0.00;0.00;;25.45;22.00;UKRI;LVR0529;LVR0529;Riga;;Y;YL2076;Y;Y;Y;;;FX;;OTM, OTB;221.00;0.00;Metal;;1983-12-31;MFL;1983-01-01;2010-05-05;
LVA000000223;;LVA;;;112.00;0.00;0.00;;25.45;22.00;UGĀLE;LVL1548;LVL1548;Liepaja;;Y;YL2349;Y;Y;Y;;;FX;;OTM, OTB;221.00;0.00;Metal;;1973-12-31;MFL;1973-01-01;2009-11-13;
LVA000000224;;LVA;;;22.00;0.00;0.00;;14.98;0.00;TAMMELA;LVR0597;LVR0597;Riga;;Y;YL2262;N;Y;N;;;FX;;OTM, NO;110.00;0.00;Metal;;1977-12-31;MFL;1977-01-01;2011-04-15;
LVA000000225;275273000;LVA;;;27.00;0.00;0.00;;17.56;15.00;VIDI;LVR0801;LVR0801;Riga;;Y;YL2322;Y;Y;Y;;;FX;;OTM, NO;214.00;0.00;Metal;;1986-12-31;MFL;1986-01-01;;
LVA000000226;;LVA;;;79.00;0.00;0.00;;27.10;24.60;BALVA;LVR0808;LVR0808;Riga;;Y;YL2326;Y;Y;Y;;;FX;;GNS, GND;220.00;0.00;Metal;;1983-12-31;MFL;1983-01-01;2009-01-08;
LVA000000227;;LVA;;;82.00;0.00;0.00;;27.10;24.60;MELNSILS;LVL0757;LVL0757;Liepaja;;Y;YL2149;Y;Y;Y;;;FX;;GNS, NO;221.00;0.00;Metal;;1973-12-31;MFL;1973-01-01;2009-11-24;
LVA000000228;;LVA;;;4407.00;0.00;0.00;;104.50;96.40;STENDE;LVR0621;LVR0621;Riga;;Y;YLFD;Y;Y;Y;;;FX;;OTM, OTB;2576.00;0.00;Metal;;1989-01-01;MFL;1989-01-01;;
LVA000000229;275127000;LVA;;;112.00;0.00;0.00;;25.45;22.00;NAUTILUS;LVL2113;LVL2113;Liepaja;;Y;YL2348;Y;Y;Y;8846383;;FX;;OTM, OTB;220.00;40.00;Metal;;1988-01-01;MFL;1988-01-01;2021-09-07;
LVA000000230;;LVA;;;69.00;0.00;0.00;;25.23;0.00;ULLA;LVR0671;LVR0671;Riga;;Y;YL2001;Y;Y;Y;;;FX;;GNS, GND;110.00;0.00;Metal;;1969-12-31;MFL;1969-01-01;2005-05-30;
LVA000000234;;LVA;;;114.00;0.00;0.00;;26.50;22.90;SAULE;LVL2129;LVL2129;Liepaja;;Y;YL2038;Y;Y;Y;;;FX;;GNS, GND;165.00;0.00;Metal;;1985-12-31;MFL;1985-01-01;2007-06-21;
LVA000000235;;LVA;;;72.00;0.00;0.00;;25.23;22.00;BIERIŅI;LVR0698;LVR0698;Riga;;Y;YL2242;Y;Y;Y;;;FX;;GNS, GND;132.00;0.00;Metal;;1973-12-31;MFL;1973-01-01;2011-04-26;
LVA000000236;;LVA;;;1943.00;0.00;0.00;;62.23;55.02;DORADO;LVL2133;LVL2133;Liepaja;;Y;YLDD;Y;Y;Y;;;FX;;OTM, OTB;1764.00;0.00;Metal;;1987-01-01;MFL;1987-01-01;;
LVA000000237;;LVA;;;1898.00;0.00;0.00;;56.11;55.02;DZINTARKRASTS;LVL2128;LVL2128;Liepaja;;Y;YLIO;Y;Y;Y;;;FX;;OTM, NO;2205.00;1401.00;Metal;;1984-12-31;MFL;1984-01-01;;2011-10-18
LVA000000238;;LVA;;;27.00;0.00;0.00;;17.56;12.90;ELMA;LVR0640;LVR0640;Riga;;Y;YL2410;Y;Y;Y;;;FX;;OTM, NO;110.00;0.00;Metal;;1970-12-31;MFL;1970-01-01;2009-11-23;
LVA000000239;;LVA;;;27.00;0.00;0.00;;17.56;15.00;FORELE;LVR0690;LVR0690;Riga;;Y;YL2136;N;Y;Y;;;FX;;OTM, NO;110.00;0.00;Metal;;1972-12-31;MFL;1972-01-01;2004-11-04;
LVA000000240;;LVA;;;109.00;0.00;0.00;;25.45;22.00;PĒRSE;LVR0608;LVR0608;Riga;;Y;YL2123;Y;Y;Y;;;FX;;OTM, NO;221.00;0.00;Metal;;1976-12-31;MFL;1976-01-01;2007-12-04;
LVA000000241;;LVA;;;69.00;0.00;0.00;;25.23;22.00;PIEBALGA;LVR2024;LVR2024;Riga;;Y;YL2086;Y;Y;Y;;;FX;;OTM, NO;132.00;0.00;Metal;;1968-12-31;MFL;1968-01-01;2004-11-26;
LVA000000242;275151000;LVA;;;112.00;0.00;0.00;;25.45;22.00;SENCIS;LVR0662;LVR0662;Riga;;Y;YLJJ;Y;Y;Y;8729303;;FX;;OTM, NO;215.00;40.00;Metal;;1989-12-31;MFL;1989-01-01;;
LVA000000243;;LVA;;;3868.00;0.00;0.00;;94.00;0.00;TAMULA;LVL2134;LVL2134;Liepaja;;Y;YLBR;Y;Y;Y;;;FX;;OTM, NO;2854.00;2245.00;Metal;;1975-12-31;MFL;1975-01-01;;
LVA000000244;;LVA;;;12.00;0.00;0.00;;15.30;13.79;VILMA;LVR0825;LVR0825;Riga;;Y;YL2381;Y;Y;Y;;;FX;;OTM, NO;202.00;0.00;Wood;;1997-12-31;MFL;1997-01-01;;2009-05-19
LVA000000245;;LVA;;;112.00;0.00;0.00;;25.45;22.00;ALBATROSS;LVR0766;LVR0766;Liepaja;;Y;YLJY;Y;Y;Y;;;FX;;OTM, NO;287.00;19.00;Metal;;1987-01-01;MFL;1987-01-01;;
LVA000000246;275086000;LVA;;;112.00;0.00;0.00;;25.45;22.00;PRIEDAINE;LVR0837;LVR0837;Riga;;Y;YL2496;Y;Y;Y;8665789;;FX;;OTM, OTB;220.00;35.00;Metal;;2002-01-01;MFL;2002-01-01;2021-07-02;
LVA000000248;275191000;LVA;;;122.00;0.00;0.00;;19.48;17.00;RONDO;LVV1550;LVV1550;Ventspils;;Y;YL2493;Y;Y;Y;9282833;;FX;;GNS, LLD;294.00;56.00;Metal;;2002-01-01;MFL;2002-01-01;2021-07-02;
LVA000000249;;LVA;;;744.00;0.00;0.00;;50.30;0.00;GRĀCIJA;LVL2137;LVL2137;Liepaja;;Y;YLDG;Y;Y;Y;;;FX;;OTB, OTM;852.00;0.00;Metal;;1988-12-31;MFL;1988-01-01;;
LVA000000250;;LVA;;;741.00;0.00;0.00;;50.30;0.00;LAGŪNA;LVL2136;LVL2136;Liepaja;;Y;YLXX;N;Y;Y;;;FX;;OTB, OTM;852.00;0.00;Metal;;1978-12-31;MFL;1978-01-01;;2004-10-27
LVA000000251;;LVA;;;356.00;0.00;0.00;;35.72;29.60;LOTOSS;LVL2138;LVL2138;Liepaja;;Y;YLXY;N;Y;Y;;;FX;;OTB, OTM;589.00;0.00;Metal;;1982-12-31;MFL;1982-01-01;;
LVA000000252;;LVA;;;1535.00;0.00;0.00;;68.88;0.00;GIDEON;LVR0835;LVR0835;Riga;;Y;YLAO;Y;Y;Y;;;FX;;OTM, OTB;2388.00;0.00;Metal;;1971-12-31;MFL;1971-01-01;2005-09-16;
LVA000000253;;LVA;;;3.00;0.00;0.00;;8.50;8.16;RG001;RG001;RG001;Riga;;N;;N;N;N;;;FX;;GNS, NK;27.00;0.00;Metal;;1977-01-01;MFL;1977-01-01;;
LVA000000254;;LVA;;;5.00;0.00;0.00;;8.80;8.45;RG002;RG002;RG002;Riga;;N;;N;N;N;;;FX;;GNS, LLS;27.00;0.00;Metal;;1986-01-01;MFL;1986-01-01;;
LVA000000255;;LVA;;;0.38;0.00;0.00;;4.10;3.94;RG003;RG003;RG003;Riga;;N;;N;N;N;;;FX;;GNS, LLS;0.00;0.00;Fiber/Plastic;;1975-01-01;MFL;1975-01-01;;
LVA000000256;;LVA;;;3.53;0.00;0.00;;8.70;0.00;RG004;RG004;RG004;Riga;;N;;N;N;N;;;FX;;GNS, NK;18.40;0.00;Metal;;1991-12-31;MFL;1991-01-01;2008-12-02;
LVA000000257;;LVA;;;2.26;0.00;0.00;;8.00;0.00;RG005;RG005;RG005;Riga;;N;;N;N;N;;;FX;;GNS, NK;17.70;0.00;Wood;;1990-12-25;MFL;1990-01-01;;2012-07-25
LVA000000258;;LVA;;;3.68;0.00;0.00;;9.30;0.00;RG007;RG007;RG007;Riga;;N;;N;N;N;;;FX;;GNS, NK;27.00;0.00;Metal;;1978-01-01;MFL;1978-01-01;;
LVA000000259;;LVA;;;5.00;0.00;0.00;;10.80;0.00;RG008;RG008;RG008;Riga;;N;;N;N;N;;;FX;;GNS, NK;27.00;0.00;Metal;;1985-01-01;MFL;1985-01-01;;
LVA000000260;;LVA;;;3.52;0.00;0.00;;9.00;0.00;RG009;RG009;RG009;Riga;;N;;N;N;N;;;FX;;GNS, LLS;27.00;0.00;Metal;;1979-01-01;MFL;1979-01-01;;
LVA000000261;;LVA;;;0.81;0.00;0.00;;6.00;0.00;RG010;RG010;RG010;Riga;;N;;N;N;N;;;FX;;GNS, NK;4.40;0.00;Wood;;1999-01-01;MFL;1999-01-01;;
LVA000000262;;LVA;;;3.58;0.00;0.00;;8.76;0.00;RG011;RG011;RG011;Riga;;N;;N;N;N;;;FX;;GNS, LLS;18.00;0.00;Wood;;1991-01-01;MFL;1991-01-01;;
LVA000000263;;LVA;;;1.06;0.00;0.00;;4.70;4.51;RG013;RG013;RG013;Riga;;N;;N;N;N;;;FX;;GNS, NK;41.00;0.00;Fiber/Plastic;;1979-12-31;MFL;1979-01-01;;2025-06-12
LVA000000264;;LVA;;;1.40;0.00;0.00;;5.75;0.00;RG014;RG014;RG014;Riga;;N;;N;N;N;;;FX;;GNS, NK;14.70;0.00;Fiber/Plastic;;1999-01-01;MFL;1999-01-01;;
LVA000000265;;LVA;;;3.59;0.00;0.00;;8.60;0.00;RG019;RG019;RG019;Riga;;N;;N;N;N;;;FX;;GNS, NK;27.00;0.00;Metal;;1993-01-01;MFL;1993-01-01;;
LVA000000266;;LVA;;;4.41;0.00;0.00;;7.00;0.00;RG022;RG022;RG022;Riga;;N;;N;N;N;;;FX;;GNS, NK;27.00;0.00;Metal;;1993-01-01;MFL;1993-01-01;;
LVA000000267;;LVA;;;4.08;0.00;0.00;;9.30;0.00;RG024;RG024;RG024;Riga;;N;;N;N;N;;;FX;;GNS, NK;27.00;0.00;Metal;;1993-01-01;MFL;1993-01-01;2015-03-11;
LVA000000268;;LVA;;;3.61;0.00;0.00;;8.70;0.00;SANIJA;RG025;RG025;Riga;;N;;N;N;N;;;FX;;GNS, NK;15.00;0.00;Metal;;1993-01-01;MFL;1993-01-01;;
LVA000000269;;LVA;;;3.42;0.00;0.00;;8.50;0.00;RG026;RG026;RG026;Riga;;N;;N;N;N;;;FX;;GNS, NK;27.00;0.00;Metal;;1993-12-31;MFL;1993-01-01;2011-04-26;
LVA000000270;;LVA;;;3.50;0.00;0.00;;8.70;0.00;DORA;RG027;RG027;Riga;;N;;N;N;N;;;FX;;GNS, NK;27.00;0.00;Metal;;2000-01-01;MFL;2000-01-01;;
LVA000000271;;LVA;;;3.35;0.00;0.00;;8.45;0.00;RG029;RG029;RG029;Riga;;N;;N;N;N;;;FX;;GNS, NK;18.00;0.00;Metal;;1993-01-01;MFL;1993-01-01;;
LVA000000272;;LVA;;;3.75;0.00;0.00;;8.75;0.00;RG031;RG031;RG031;Riga;;N;;N;N;N;;;FX;;GNS, NK;27.00;0.00;Metal;;1990-01-01;MFL;1990-01-01;;
LVA000000273;;LVA;;;7.32;0.00;0.00;;9.30;0.00;RG033;RG033;RG033;Riga;;N;;N;N;N;;;FX;;GNS, NK;28.00;0.00;Metal;;1993-01-01;MFL;1993-01-01;;
LVA000000274;;LVA;;;3.11;0.00;0.00;;8.50;0.00;RG036;RG036;RG036;Riga;;N;;N;N;N;;;FX;;GNS, NK;18.00;0.00;Metal;;1995-01-01;MFL;1995-01-01;;
LVA000000275;;LVA;;;3.35;0.00;0.00;;8.45;0.00;RG037;RG037;RG037;Riga;;N;;N;N;N;;;FX;;GNS, NK;18.00;0.00;Wood;;1993-01-01;MFL;1993-01-01;;
LVA000000276;;LVA;;;0.47;0.00;0.00;;3.60;0.00;RG038;RG038;RG038;Riga;;N;;N;N;N;;;FX;;GNS, NK;0.00;0.00;Metal;;1973-12-31;MFL;1973-01-01;;
LVA000000277;;LVA;;;4.59;0.00;0.00;;9.30;0.00;RG053;RG053;RG053;Riga;;N;;N;N;N;;;FX;;GNS, LLS;27.00;0.00;Metal;;1992-01-01;MFL;1992-01-01;;
LVA000000278;;LVA;;;5.82;0.00;0.00;;9.00;0.00;RG054;RG054;RG054;Riga;;N;;N;N;N;;;FX;;GNS, NK;27.00;0.00;Metal;;1998-01-01;MFL;1998-01-01;;
LVA000000279;;LVA;;;1.49;0.00;0.00;;7.21;0.00;RG055;RG055;RG055;Riga;;N;;N;N;N;;;FX;;GNS, NK;27.00;0.00;Metal;;1998-01-01;MFL;1998-01-01;;
LVA000000280;;LVA;;;3.75;0.00;0.00;;8.75;0.00;RG056;RG056;RG056;Riga;;N;;N;N;N;;;FX;;GNS, LLS;27.00;0.00;Metal;;1993-01-01;MFL;1993-01-01;;
LVA000000281;;LVA;;;3.43;0.00;0.00;;8.70;0.00;RG065;RG065;RG065;Riga;;N;;N;N;N;;;FX;;GNS, NK;27.00;0.00;Metal;;1975-01-01;MFL;1975-01-01;;
LVA000000282;;LVA;;;3.44;0.00;0.00;;8.70;0.00;RG066;RG066;RG066;Riga;;N;;N;N;N;;;FX;;GNS, LLS;27.00;0.00;Metal;;1995-01-01;MFL;1995-01-01;;
LVA000000283;;LVA;;;7.13;0.00;0.00;;10.00;0.00;RG067;RG067;RG067;Riga;;N;;N;N;N;;;FX;;GNS, NK;27.00;0.00;Metal;;1998-01-01;MFL;1998-01-01;;
LVA000000284;;LVA;;;7.13;0.00;0.00;;10.00;0.00;RG068;RG068;RG068;Riga;;N;;N;N;N;;;FX;;GNS, NK;27.00;0.00;Metal;;1998-01-01;MFL;1998-01-01;;
LVA000000285;;LVA;;;12.00;0.00;0.00;;10.72;0.00;RAIJA;PO001;PO001;Pavilosta;;N;;N;N;N;;;FX;;GNS, NK;44.00;0.00;Wood;;1964-12-31;MFL;1964-01-01;;2007-03-20
LVA000000286;;LVA;;;0.83;0.00;0.00;;5.00;0.00;PO002;PO002;PO002;Pavilosta;;N;;N;N;N;;;FX;;GNS, NK;5.90;0.00;Fiber/Plastic;;1983-01-01;MFL;1983-01-01;;
LVA000000287;;LVA;;;0.28;0.00;0.00;;4.63;0.00;PO003;PO003;PO003;Pavilosta;;N;;N;N;N;;;FX;;GNS, NK;5.00;0.00;Metal;;1979-01-01;MFL;1979-01-01;;
LVA000000288;;LVA;;;0.73;0.00;0.00;;6.45;0.00;PO004;PO004;PO004;Pavilosta;;N;;N;N;N;;;FX;;GNS, NK;36.00;0.00;Wood;;1985-01-01;MFL;1985-01-01;2015-03-10;
LVA000000289;;LVA;;;0.58;0.00;0.00;;4.20;0.00;TEIKA;PO005;PO005;Pavilosta;;N;;N;N;N;;;FX;;GNS, NK;18.40;0.00;Fiber/Plastic;;1985-01-01;MFL;1985-01-01;;
LVA000000290;;LVA;;;1.57;0.00;0.00;;6.00;0.00;SALNA;PO006;PO006;Pavilosta;;N;;N;N;N;;;FX;;GNS, NK;36.80;0.00;Fiber/Plastic;;1981-12-31;MFL;1981-01-01;2004-10-13;
LVA000000291;;LVA;;;5.59;0.00;0.00;;8.40;0.00;DELTA;PO007;PO007;Pavilosta;;N;;N;N;N;;;FX;;GNS, NK;40.50;0.00;Fiber/Plastic;;1970-01-01;MFL;1970-01-01;;
LVA000000292;;LVA;;;14.18;0.00;0.00;;10.00;0.00;SĀGA;PO008;PO008;Pavilosta;;N;;N;N;N;;;FX;;GNS, NK;65.00;0.00;Wood;;1981-12-31;MFL;1981-01-01;2011-09-21;
LVA000000293;;LVA;;;14.75;0.00;0.00;;9.80;0.00;VĒTRAS SPĒLE;PO009;PO009;Pavilosta;;N;;N;N;N;;;FX;;GNS, NK;68.38;0.00;Metal;;1986-12-31;MFL;1986-01-01;;2007-02-08
LVA000000294;;LVA;;;4.86;0.00;0.00;;8.70;0.00;UNA;PO010;PO010;Pavilosta;;N;;N;N;N;;;FX;;GNS, NK;18.70;0.00;Metal;;1970-12-31;MFL;1970-01-01;2011-03-29;
LVA000000295;;LVA;;;1.58;0.00;0.00;;6.10;0.00;RONIS;PO011;PO011;Pavilosta;;N;;N;N;N;;;FX;;GNS, NK;8.80;0.00;Fiber/Plastic;;1976-01-01;MFL;1976-01-01;;
LVA000000296;;LVA;;;4.17;0.00;0.00;;8.04;0.00;PO012;PO012;PO012;Pavilosta;;N;;N;N;N;;;FX;;GNS, NK;25.00;0.00;Fiber/Plastic;;1990-12-31;MFL;1990-01-01;2011-04-04;
LVA000000297;;LVA;;;1.39;0.00;0.00;;6.40;0.00;LĪGA;PO013;PO013;Pavilosta;;N;;N;N;N;;;FX;;GNS, LLS;14.60;0.00;Metal;;1964-01-01;MFL;1964-01-01;;
LVA000000298;;LVA;;;2.15;0.00;0.00;;6.22;0.00;INESE;PO014;PO014;Pavilosta;;N;;N;N;N;;;FX;;GNS, NK;18.40;0.00;Metal;;1981-12-31;MFL;1981-01-01;;2013-10-16
LVA000000304;;LVA;;;1.96;0.00;0.00;;8.00;0.00;LU001;LU001;LU001;Lielupe;;N;;N;N;N;;;FX;;GNS, NK;17.50;0.00;Wood;;1992-12-31;MFL;1992-01-01;;2008-11-26
LVA000000305;;LVA;;;2.55;0.00;0.00;;8.00;0.00;LU002;LU002;LU002;Lielupe;;N;;N;N;N;;;FX;;GNS, NK;17.50;0.00;Wood;;1990-12-31;MFL;1990-01-01;2009-04-07;
LVA000000306;;LVA;;;3.15;0.00;0.00;;7.24;0.00;LU003;LU003;LU003;Lielupe;;N;;N;N;N;;;FX;;GNS, NK;0.00;0.00;Fiber/Plastic;;1992-12-31;MFL;1992-01-01;;2008-11-26
LVA000000307;;LVA;;;8.67;0.00;0.00;;12.62;0.00;UNIKUMS;LU004;LU004;Lielupe;;N;;N;Y;N;;;FX;;GNS, NK;55.00;0.00;Metal;;1980-12-31;MFL;1980-01-01;2008-12-02;
LVA000000308;;LVA;;;8.67;0.00;0.00;;12.62;0.00;ŪDENSROZE;LU005;LU005;Lielupe;;N;;N;Y;N;;;FX;;GNS, NK;52.00;0.00;Metal;;1981-12-31;MFL;1981-01-01;;2006-10-19
LVA000000309;;LVA;;;3.17;0.00;0.00;;7.24;0.00;LU006;LU006;LU006;Lielupe;;N;;N;N;N;;;FX;;GNS, NK;0.00;0.00;Fiber/Plastic;;1975-12-31;MFL;1975-01-01;;2008-11-26
LVA000000314;;LVA;;;5.40;0.00;0.00;;9.00;0.00;LINDA;VP001;VP001;Ventspils;;N;;N;N;N;;;FX;;GNS, NK;29.00;0.00;Metal;;1974-12-31;MFL;1974-01-01;2008-08-05;
LVA000000317;;LVA;;;0.42;0.00;0.00;;4.00;0.00;VP002;VP002;VP002;Ventspils;;N;;N;N;N;;;FX;;GNS, NK;7.30;0.00;Fiber/Plastic;;1988-12-31;MFL;1988-01-01;;2009-06-25
LVA000000318;;LVA;;;0.77;0.00;0.00;;4.65;0.00;VP003;VP003;VP003;Ventspils;;N;;N;N;N;;;FX;;GNS, NK;7.30;0.00;Metal;;1984-12-31;MFL;1984-01-01;;2009-06-25
LVA000000319;;LVA;;;5.42;0.00;0.00;;9.00;0.00;PALTUSS;VP004;VP004;Ventspils;;N;;N;N;N;;;FX;;GNS, LLS;20.00;0.00;Fiber/Plastic;;1985-12-31;MFL;1985-01-01;2011-05-09;
LVA000000320;;LVA;;;3.87;0.00;0.00;;7.00;0.00;VP005;VP005;VP005;Ventspils;;N;;N;N;N;;;FX;;GNS, NK;32.00;0.00;Fiber/Plastic;;1988-12-31;MFL;1988-01-01;2006-10-10;
LVA000000321;;LVA;;;0.96;0.00;0.00;;5.50;5.28;VP006;VP006;VP006;Ventspils;;N;;N;N;N;;;FX;;GNS, NK;20.00;0.00;Fiber/Plastic;;1997-12-31;MFL;1997-01-01;;
LVA000000322;;LVA;;;1.06;0.00;0.00;;5.65;0.00;VP007;VP007;VP007;Ventspils;;N;;N;N;N;;;FX;;GNS, NK;20.00;0.00;Fiber/Plastic;;1992-12-31;MFL;1992-01-01;;2010-08-04
LVA000000323;;LVA;;;3.74;0.00;0.00;;7.70;0.00;PALTUSS 1;VP008;VP008;Ventspils;;N;;N;N;N;;;FX;;GNS, NK;36.80;0.00;Wood;;1994-12-31;MFL;1994-01-01;2008-12-19;
LVA000000324;;LVA;;;5.40;0.00;0.00;;9.00;0.00;MĀRA 2;VP009;VP009;Ventspils;;N;;N;N;N;;;FX;;GNS, OTB;29.00;0.00;Metal;;1968-12-31;MFL;1968-01-01;2008-12-19;
LVA000000325;;LVA;;;0.96;0.00;0.00;;5.50;0.00;VP010;VP010;VP010;Ventspils;;N;;N;N;N;;;FX;;GNS, NK;30.00;0.00;Fiber/Plastic;;1997-01-01;MFL;1997-01-01;;
LVA000000326;;LVA;;;2.52;0.00;0.00;;7.30;0.00;VP011;VP011;VP011;Ventspils;;N;;N;N;N;;;FX;;GNS, NK;60.00;0.00;Fiber/Plastic;;1973-01-01;MFL;1973-01-01;;2018-03-09
LVA000000327;;LVA;;;0.35;0.00;0.00;;4.10;0.00;VP012;VP012;VP012;Ventspils;;N;;N;N;N;;;FX;;GNS, NK;3.53;0.00;Fiber/Plastic;;1991-01-01;MFL;1991-01-01;;
LVA000000328;;LVA;;;0.51;0.00;0.00;;3.50;0.00;VP013;VP013;VP013;Ventspils;;N;;N;N;N;;;FX;;GNS, NK;0.00;0.00;Fiber/Plastic;;1976-01-01;MFL;1976-01-01;;
LVA000000329;;LVA;;;0.49;0.00;0.00;;4.10;0.00;VP014;VP014;VP014;Ventspils;;N;;N;N;N;;;FX;;GNS, NK;0.00;0.00;Fiber/Plastic;;1980-01-01;MFL;1980-01-01;;
LVA000000330;;LVA;;;7.14;0.00;0.00;;9.00;0.00;ELIZABETE;VP015;VP015;Ventspils;;N;;N;N;N;;;FX;;GNS, NK;18.00;0.00;Metal;;1982-01-01;MFL;1982-01-01;;
LVA000000331;;LVA;;;0.35;0.00;0.00;;4.10;0.00;VP016;VP016;VP016;Ventspils;;N;;N;N;N;;;FX;;GNS, NK;2.00;0.00;Fiber/Plastic;;1990-01-01;MFL;1990-01-01;;
LVA000000332;;LVA;;;6.30;0.00;0.00;;9.50;0.00;AIJA;VP017;VP017;Ventspils;;N;;N;N;N;;;FX;;GNS, OTB;14.70;0.00;Wood;;1994-12-31;MFL;1994-01-01;2009-04-16;
LVA000000333;;LVA;;;2.75;0.00;0.00;;6.50;0.00;FORELE;VP018;VP018;Ventspils;;N;;N;N;N;;;FX;;GNS, LLS;58.00;0.00;Fiber/Plastic;;1985-01-01;MFL;1985-01-01;;
LVA000000334;;LVA;;;3.92;0.00;0.00;;8.50;0.00;KRISTOFERS;LA001;LA001;Liepaja;;N;;N;N;N;;;FX;;GNS, LLS;18.00;0.00;Fiber/Plastic;;1980-01-01;MFL;1980-01-01;;
LVA000000335;;LVA;;;0.84;0.00;0.00;;6.00;0.00;LA002;LA002;LA002;Liepaja;;N;;N;N;N;;;FX;;GNS, LLS;4.40;0.00;Wood;;1986-01-01;MFL;1986-01-01;;
LVA000000336;;LVA;;;6.10;0.00;0.00;;8.00;0.00;ĀMURS;LA003;LA003;Liepaja;;N;;N;N;N;;;FX;;GNS, NK;44.10;0.00;Fiber/Plastic;;1991-12-31;MFL;1991-01-01;2008-11-26;
LVA000000337;;LVA;;;10.71;0.00;0.00;;11.42;0.00;MARIANNE;LA004;LA004;Liepaja;;N;;N;N;N;;;FX;;GNS, NK;54.00;0.00;Wood;;1991-12-31;MFL;1991-01-01;2009-04-07;
LVA000000338;;LVA;;;3.96;0.00;0.00;;7.80;0.00;VIKINGS;LA005;LA005;Liepaja;;N;;N;N;N;;;FX;;GNS, NK;58.80;0.00;Metal;;1983-12-31;MFL;1983-01-01;2008-12-12;
LVA000000339;;LVA;;;12.64;0.00;0.00;;9.60;0.00;SEA BREEZE;LA006;LA006;Liepaja;;N;;N;N;N;;;FX;;GNS, NK;56.00;0.00;Wood;;1970-12-31;MFL;1970-01-01;2006-10-17;
LVA000000340;;LVA;;;5.88;0.00;0.00;;9.40;0.00;PĒRLE;LA007;LA007;Liepaja;;N;;N;N;N;;;FX;;GNS, NK;54.00;0.00;Fiber/Plastic;;1981-12-31;MFL;1981-01-01;2011-04-04;
LVA000000341;;LVA;;;1.43;0.00;0.00;;5.80;0.00;SG001;SG001;SG001;Salacgriva;;N;;N;N;N;;;FX;;GNS, NK;8.00;0.00;Fiber/Plastic;;1969-12-31;MFL;1969-01-01;2011-04-19;
LVA000000342;;LVA;;;0.47;0.00;0.00;;4.06;0.00;BEBRIS;SG002;SG002;Salacgriva;;N;;N;N;N;;;FX;;GNS, NK;3.68;0.00;Metal;;1976-01-01;MFL;1976-01-01;;
LVA000000343;;LVA;;;3.04;0.00;0.00;;7.50;0.00;SG003;SG003;SG003;Salacgriva;;N;;N;N;N;;;FX;;GNS, NK;17.70;0.00;Fiber/Plastic;;1985-01-01;MFL;1985-01-01;;
LVA000000344;;LVA;;;2.97;0.00;0.00;;8.25;0.00;SG004;SG004;SG004;Salacgriva;;N;;N;N;N;;;FX;;GNS, NK;18.00;0.00;Wood;;1978-12-31;MFL;1978-01-01;;2006-10-25
LVA000000345;;LVA;;;2.94;0.00;0.00;;8.44;0.00;SG005;SG005;SG005;Salacgriva;;N;;N;N;N;;;FX;;GNS, NK;18.40;0.00;Wood;;1985-12-31;MFL;1985-01-01;2011-04-13;
LVA000000346;;LVA;;;5.08;0.00;0.00;;9.87;0.00;SG006;SG006;SG006;Salacgriva;;N;;N;N;N;;;FX;;GNS, NK;29.40;0.00;Metal;;1998-01-01;MFL;1998-01-01;;
LVA000000347;;LVA;;;0.39;0.00;0.00;;4.36;0.00;SG007;SG007;SG007;Salacgriva;;N;;N;N;N;;;FX;;GNS, NK;3.68;0.00;Fiber/Plastic;;1989-01-01;MFL;1989-01-01;;
LVA000000348;;LVA;;;0.56;0.00;0.00;;4.16;0.00;SG008;SG008;SG008;Salacgriva;;N;;N;N;N;;;FX;;GNS, NK;22.00;0.00;Fiber/Plastic;;1979-01-01;MFL;1979-01-01;;
LVA000000349;;LVA;;;0.40;0.00;0.00;;4.00;0.00;SG009;SG009;SG009;Salacgriva;;N;;N;N;N;;;FX;;GNS, NK;0.00;0.00;Fiber/Plastic;;1974-01-01;MFL;1974-01-01;;
LVA000000350;;LVA;;;0.37;0.00;0.00;;4.20;0.00;GROSS;SG010;SG010;Salacgriva;;N;;N;N;N;;;FX;;GNS, LLS;0.00;0.00;Fiber/Plastic;;1978-01-01;MFL;1978-01-01;;
LVA000000351;;LVA;;;0.47;0.00;0.00;;4.60;0.00;SG011;SG011;SG011;Salacgriva;;N;;N;N;N;;;FX;;GNS, NK;0.00;0.00;Metal;;1960-01-01;MFL;1960-01-01;;
LVA000000352;;LVA;;;5.16;0.00;0.00;;8.00;7.68;RA001;RA001;RA001;Roja;;N;;N;N;N;;;FX;;GNS, LLD;29.40;0.00;Fiber/Plastic;;1981-12-31;MFL;1981-01-01;;
LVA000000353;;LVA;;;3.71;0.00;0.00;;10.00;0.00;KRISTAPS;MR001;MR001;Mersrags;;N;;N;N;N;;;FX;;OTM, NK;37.00;0.00;Wood;;1993-12-31;MFL;1993-01-01;2008-07-11;
LVA000000354;;LVA;;;2.60;0.00;0.00;;8.00;0.00;ARITA;MR002;MR002;Mersrags;;N;;N;N;N;;;FX;;OTM, NK;17.70;0.00;Wood;;1993-12-31;MFL;1993-01-01;2009-04-07;
LVA000000355;;LVA;;;0.77;0.00;0.00;;4.65;0.00;EE001;EE001;EE001;Engure;;N;;N;N;N;;;FX;;GNS, LLS;1.70;0.00;Metal;;1972-01-01;MFL;1972-01-01;;
LVA000000356;;LVA;;;1.17;0.00;0.00;;6.50;0.00;EE002;EE002;EE002;Engure;;N;;N;N;N;;;FX;;GNS, NK;17.00;0.00;Wood;;1995-12-31;MFL;1995-01-01;2011-04-28;
LVA000000357;;LVA;;;0.72;0.00;0.00;;5.00;0.00;EE003;EE003;EE003;Engure;;N;;N;N;N;;;FX;;GNS, NK;3.70;0.00;Fiber/Plastic;;1992-01-01;MFL;1992-01-01;;
LVA000000358;;LVA;;;1.06;0.00;0.00;;5.65;0.00;MR005;MR005;MR005;Mersrags;;N;;N;N;N;;;FX;;GNS, NK;11.00;0.00;Fiber/Plastic;;1990-01-01;MFL;1990-01-01;;
LVA000000359;;LVA;;;5.83;0.00;0.00;;8.80;0.00;SANČO;MR004;MR004;Mersrags;;N;;N;N;N;;;FX;;GNS, NK;33.00;0.00;Fiber/Plastic;;1992-12-31;MFL;1992-01-01;2009-04-20;
LVA000000360;;LVA;;;7.68;0.00;0.00;;11.60;0.00;RADONS;MR006;MR006;Mersrags;;N;;N;N;N;;;FX;;OTM, NK;53.00;0.00;Metal;;1990-01-01;MFL;1990-01-01;2015-03-20;
LVA000000361;;LVA;;;1.06;0.00;0.00;;5.65;0.00;MR003;MR003;MR003;Mersrags;;N;;N;N;N;;;FX;;GNS, NK;11.00;0.00;Fiber/Plastic;;1990-01-01;MFL;1990-01-01;;
LVA000000362;;LVA;;;2.68;0.00;0.00;;6.95;0.00;EE004;EE004;EE004;Engure;;N;;N;N;N;;;FX;;GNS, NK;18.00;0.00;Wood;;1997-01-01;MFL;1997-01-01;;2015-10-29
LVA000000363;;LVA;;;0.36;0.00;0.00;;4.50;0.00;EE005;EE005;EE005;Engure;;N;;N;N;N;;;FX;;GNS, NK;3.70;0.00;Fiber/Plastic;;1991-01-01;MFL;1991-01-01;;
LVA000000364;;LVA;;;3.09;0.00;0.00;;8.60;0.00;VELAVA;LA008;LA008;Liepaja;;N;;N;N;N;;;FX;;GNS, NK;11.25;0.00;Wood;;1991-01-01;MFL;1991-01-01;;
LVA000000365;;LVA;;;5.01;0.00;0.00;;8.50;0.00;RA003;RA003;RA003;Roja;;N;;N;N;N;;;FX;;GNS, NK;22.00;0.00;Fiber/Plastic;;1977-12-31;MFL;1977-01-01;2008-12-01;
LVA000000366;;LVA;;;3.01;0.00;0.00;;8.15;0.00;RA006;RA006;RA006;Roja;;N;;N;N;N;;;FX;;GNS, NK;19.10;0.00;Wood;;1996-12-31;MFL;1996-01-01;2011-04-19;
LVA000000367;;LVA;;;1.05;0.00;0.00;;5.65;0.00;RA007;RA007;RA007;Roja;;N;;N;N;N;;;FX;;GNS, LLS;0.00;0.00;Fiber/Plastic;;1993-01-01;MFL;1993-01-01;;
LVA000000368;;LVA;;;4.14;0.00;0.00;;8.00;0.00;RA004;RA004;RA004;Roja;;N;;N;N;N;;;FX;;GNS, NK;22.00;0.00;Fiber/Plastic;;1990-12-31;MFL;1990-01-01;2012-12-20;
LVA000000369;;LVA;;;0.96;0.00;0.00;;5.50;0.00;RA005;RA005;RA005;Roja;;N;;N;N;N;;;FX;;GNS, LLS;0.00;0.00;Fiber/Plastic;;1987-01-01;MFL;1987-01-01;;
LVA000000370;;LVA;;;3.22;0.00;0.00;;6.95;0.00;EE006;EE006;EE006;;;N;;N;N;N;;;FX;;GNS, NK;18.40;0.00;Wood;;1996-01-01;MFL;1996-01-01;2015-04-22;
LVA000000371;;LVA;;;4.14;0.00;0.00;;8.00;0.00;RA002;RA002;RA002;Roja;;N;;N;N;N;;;FX;;GNS, NO;27.90;0.00;Fiber/Plastic;;1991-12-31;MFL;1991-01-01;2009-04-06;
LVA000000372;;LVA;;;0.78;0.00;0.00;;4.69;0.00;EE007;EE007;EE007;Engure;;N;;N;N;N;;;FX;;GNS, LLS;15.00;0.00;Metal;;1971-01-01;MFL;1971-01-01;;
LVA000000373;;LVA;;;4.50;0.00;0.00;;8.50;0.00;SE001;SE001;SE001;Skulte;;N;;N;N;N;;;FX;;GNS, NK;7.40;0.00;Fiber/Plastic;;1980-12-31;MFL;1980-01-01;2008-12-05;
LVA000000374;;LVA;;;2.51;0.00;0.00;;7.00;0.00;SE002;SE002;SE002;Skulte;;N;;N;N;N;;;FX;;GNS, NK;7.40;0.00;Fiber/Plastic;;1975-12-31;MFL;1975-01-01;2009-03-19;
LVA000000375;;LVA;;;1.60;0.00;0.00;;6.00;0.00;SE003;SE003;SE003;Skulte;;N;;N;N;N;;;FX;;GNS, NK;0.00;0.00;Fiber/Plastic;;1975-12-31;MFL;1975-01-01;;2010-12-07
LVA000000376;;LVA;;;0.37;0.00;0.00;;4.00;0.00;SE004;SE004;SE004;Skulte;;N;;N;N;N;;;FX;;GNS, NK;0.00;0.00;Fiber/Plastic;;1993-12-31;MFL;1993-01-01;;2010-12-09
LVA000000377;;LVA;;;1.07;0.00;0.00;;5.50;0.00;SE005;SE005;SE005;Skulte;;N;;N;N;N;;;FX;;GNS, NK;5.88;0.00;Fiber/Plastic;;1979-01-01;MFL;1979-01-01;;
LVA000000378;;LVA;;;1.07;0.00;0.00;;5.00;0.00;SE006;SE006;SE006;Skulte;;N;;N;N;N;;;FX;;GNS, NK;5.90;0.00;Fiber/Plastic;;1990-01-01;MFL;1990-01-01;;
LVA000000379;;LVA;;;0.59;0.00;0.00;;5.00;0.00;SE007;SE007;SE007;Skulte;;N;;N;N;N;;;FX;;GNS, NK;5.90;0.00;Fiber/Plastic;;1992-01-01;MFL;1992-01-01;;
LVA000000380;;LVA;;;0.49;0.00;0.00;;5.00;0.00;EE008;EE008;EE008;Engure;;N;;N;N;N;;;FX;;LLS;3.00;0.00;Fiber/Plastic;;1993-01-01;MFL;1993-01-01;;
LVA000000381;;LVA;;;1.06;0.00;0.00;;4.70;0.00;EE009;EE009;EE009;Engure;;N;;N;N;N;;;FX;;GNS, LLS;19.00;0.00;Fiber/Plastic;;1969-01-01;MFL;1969-01-01;;
LVA000000382;;LVA;;;0.33;0.00;0.00;;4.20;0.00;EE010;EE010;EE010;Engure;;N;;N;N;N;;;FX;;GNS, LLS;0.00;0.00;Fiber/Plastic;;2003-01-01;MFL;2003-01-01;;
LVA000000383;;LVA;;;1.24;0.00;0.00;;5.20;0.00;VILNIS;LA009;LA009;Liepaja;;N;;N;N;N;;;FX;;GNS, NK;0.00;0.00;Metal;;1967-01-01;MFL;1967-01-01;;2019-09-30
LVA000000384;;LVA;;;3.38;0.00;0.00;;8.60;0.00;RA008;RA008;RA008;Roja;;N;;N;N;N;;;FX;;GNS, NK;18.00;0.00;Wood;;1989-12-31;MFL;1989-01-01;2011-04-14;
LVA000000385;;LVA;;;4.04;0.00;0.00;;9.00;0.00;RA009;RA009;RA009;Roja;;N;;N;N;N;;;FX;;GNS, NK;29.00;0.00;Wood;;1994-12-31;MFL;1994-01-01;;2006-11-08
LVA000000386;;LVA;;;4.53;0.00;0.00;;9.70;0.00;DAINA;RA010;RA010;Roja;;N;;N;N;N;;;FX;;GNS, LLS;18.00;0.00;Wood;;1994-12-31;MFL;1994-01-01;2009-04-16;
LVA000000387;;LVA;;;1.06;0.00;0.00;;5.65;0.00;RA011;RA011;RA011;Roja;;N;;N;N;N;;;FX;;GNS, NK;11.00;0.00;Fiber/Plastic;;1985-12-31;MFL;1985-01-01;;2013-09-03
LVA000000388;;LVA;;;5.00;0.00;0.00;;7.30;0.00;RA012;RA012;RA012;Roja;;N;;N;N;N;;;FX;;GNS, NK;0.00;0.00;Wood;;1991-12-31;MFL;1991-01-01;;2013-09-03
LVA000000389;;LVA;;;6.74;0.00;0.00;;10.60;0.00;LĪVA;LA010;LA010;Liepaja;;N;;N;N;N;;;FX;;GNS, LLS;44.50;0.00;Metal;;2003-01-01;MFL;2003-01-01;;
LVA000000390;;LVA;;;6.74;0.00;0.00;;10.60;0.00;KURZEME;LA011;LA011;Liepaja;;N;;N;N;N;;;FX;;GNS, LLS;44.50;0.00;Metal;;2002-01-01;MFL;2002-01-01;;2014-06-17
LVA000000391;;LVA;;;11.10;0.00;0.00;;9.90;0.00;KATARINA;LA013;LA013;Liepaja;;N;;N;N;N;;;FX;;GNS, NK;50.80;0.00;Wood;;1991-12-31;MFL;1991-01-01;2008-12-09;
LVA000000392;;LVA;;;5.85;0.00;0.00;;10.00;0.00;MR007;MR007;MR007;Mersrags;;N;;N;N;N;;;FX;;GNS, NK;36.00;0.00;Wood;;1996-12-31;MFL;1996-01-01;;2006-06-02
LVA000000393;;LVA;;;5.85;0.00;0.00;;10.00;0.00;MR008;MR008;MR008;Mersrags;;N;;N;N;N;;;FX;;GNS, NK;36.70;0.00;Wood;;1996-12-31;MFL;1996-01-01;2011-04-28;
LVA000000394;;LVA;;;5.27;0.00;0.00;;8.00;7.68;BREKSIS;PO015;PO015;Pavilosta;;N;;N;N;N;;;FX;;GNS, LLS;19.10;0.00;Fiber/Plastic;;1976-01-01;MFL;1976-01-01;;
LVA000000395;;LVA;;;1.14;0.00;0.00;;5.60;0.00;SE008;SE008;SE008;Skulte;;N;;N;N;N;;;FX;;GNS, NK;7.38;0.00;Fiber/Plastic;;1985-01-01;MFL;1985-01-01;;
LVA000000396;;LVA;;;0.36;0.00;0.00;;4.10;0.00;SE009;SE009;SE009;Skulte;;N;;N;N;N;;;FX;;GNS, LLS;0.00;0.00;Fiber/Plastic;;1985-01-01;MFL;1985-01-01;;
LVA000000397;;LVA;;;1.26;0.00;0.00;;6.10;0.00;SE010;SE010;SE010;Skulte;;N;;N;N;N;;;FX;;GNS, NK;5.00;0.00;Wood;;1987-01-01;MFL;1987-01-01;;
LVA000000398;;LVA;;;9.38;0.00;0.00;;12.50;0.00;ZELMA;SE011;SE011;Skulte;;N;;N;Y;N;;;FX;;GNS, NK;52.00;0.00;Metal;;1974-12-31;MFL;1974-01-01;2009-03-31;
LVA000000399;;LVA;;;9.33;0.00;0.00;;12.40;0.00;ZENTA;SE012;SE012;Skulte;;N;;N;Y;N;;;FX;;GNS, NK;52.00;0.00;Metal;;1992-12-31;MFL;1992-01-01;2011-05-09;
LVA000000400;;LVA;;;1.56;0.00;0.00;;7.00;0.00;EE011;EE011;EE011;Engure;;N;;N;N;N;;;FX;;GNS, NK;5.90;0.00;Wood;;1991-12-31;MFL;1991-01-01;2011-04-28;
LVA000000401;;LVA;;;2.08;0.00;0.00;;7.00;0.00;EE012;EE012;EE012;Engure;;N;;N;N;N;;;FX;;GNS, LLS;18.00;0.00;Wood;;1995-12-31;MFL;1995-01-01;2011-04-18;
LVA000000402;;LVA;;;0.35;0.00;0.00;;4.15;0.00;EE013;EE013;EE013;Engure;;N;;N;N;N;;;FX;;GNS, LLS;7.38;0.00;Fiber/Plastic;;1992-01-01;MFL;1992-01-01;;
LVA000000403;;LVA;;;0.51;0.00;0.00;;4.63;0.00;EE014;EE014;EE014;Engure;;N;;N;N;N;;;FX;;GNS, LLS;6.00;0.00;Metal;;1977-01-01;MFL;1977-01-01;;
LVA000000404;;LVA;;;0.81;0.00;0.00;;5.10;0.00;EE015;EE015;EE015;Engure;;N;;N;N;N;;;FX;;GNS, NK;0.00;0.00;Fiber/Plastic;;1991-01-01;MFL;1991-01-01;;2019-04-18
LVA000000405;;LVA;;;0.39;0.00;0.00;;4.36;0.00;EE016;EE016;EE016;Engure;;N;;N;N;N;;;FX;;GNS, LLS;0.00;0.00;Fiber/Plastic;;1972-01-01;MFL;1972-01-01;;
LVA000000406;;LVA;;;0.62;0.00;0.00;;5.50;5.28;EE017;EE017;EE017;Engure;;N;;N;N;N;;;FX;;GNS, NK;14.70;0.00;Fiber/Plastic;;1993-01-01;MFL;1993-01-01;;
LVA000000407;;LVA;;;0.47;0.00;0.00;;4.20;0.00;EE018;EE018;EE018;Engure;;N;;N;N;N;;;FX;;GNS, LLS;18.00;0.00;Metal;;1975-01-01;MFL;1975-01-01;;
LVA000000408;;LVA;;;2.08;0.00;0.00;;7.00;0.00;EE019;EE019;EE019;Engure;;N;;N;N;N;;;FX;;GNS, LLS;6.00;0.00;Wood;;1999-01-01;MFL;1999-01-01;;2015-10-29
LVA000000409;;LVA;;;0.79;0.00;0.00;;5.40;0.00;EE020;EE020;EE020;Engure;;N;;N;N;N;;;FX;;GNS, LLS;5.90;0.00;Fiber/Plastic;;1980-01-01;MFL;1980-01-01;;
LVA000000410;;LVA;;;4.27;0.00;0.00;;8.83;0.00;DORA;EE021;EE021;Engure;;N;;N;N;N;;;FX;;OTM, NK;37.00;0.00;Wood;;1988-12-31;MFL;1988-01-01;2009-04-07;
LVA000000411;;LVA;;;1.65;0.00;0.00;;7.00;0.00;EE022;EE022;EE022;Engure;;N;;N;N;N;;;FX;;GNS, NK;18.00;0.00;Wood;;1993-12-31;MFL;1993-01-01;2011-06-16;
LVA000000412;;LVA;;;0.27;0.00;0.00;;3.80;0.00;EE023;EE023;EE023;Engure;;N;;N;N;N;;;FX;;GNS, LLS;2.90;0.00;Fiber/Plastic;;1984-01-01;MFL;1984-01-01;;
LVA000000413;;LVA;;;0.84;0.00;0.00;;5.00;0.00;EE024;EE024;EE024;Engure;;N;;N;N;N;;;FX;;GNS, LLS;7.20;0.00;Fiber/Plastic;;1992-01-01;MFL;1992-01-01;;
LVA000000414;;LVA;;;1.91;0.00;0.00;;8.00;0.00;EE025;EE025;EE025;Engure;;N;;N;N;N;;;FX;;GNS, NK;18.00;0.00;Wood;;1992-12-31;MFL;1992-01-01;2006-10-02;
LVA000000415;;LVA;;;1.91;0.00;0.00;;8.00;7.68;ANNA;EE026;EE026;Engure;;N;;N;N;N;;;FX;;OTM, NO;18.00;0.00;Metal;;1992-12-31;MFL;1992-01-01;;
LVA000000416;;LVA;;;0.45;0.00;0.00;;4.65;0.00;EE027;EE027;EE027;Engure;;N;;N;N;N;;;FX;;GNS, LLS;18.00;0.00;Metal;;1970-01-01;MFL;1970-01-01;;
LVA000000417;;LVA;;;0.35;0.00;0.00;;4.10;0.00;EE028;EE028;EE028;Engure;;N;;N;N;N;;;FX;;GNS, LLS;0.00;0.00;Fiber/Plastic;;1991-01-01;MFL;1991-01-01;;
LVA000000418;;LVA;;;0.65;0.00;0.00;;4.65;0.00;EE029;EE029;EE029;Engure;;N;;N;N;N;;;FX;;GNS, LLS;18.00;0.00;Metal;;1971-01-01;MFL;1971-01-01;;
LVA000000419;;LVA;;;0.52;0.00;0.00;;4.50;0.00;MENCA;EE030;EE030;Engure;;N;;N;N;N;;;FX;;GNS, LLS;3.70;0.00;Fiber/Plastic;;1990-01-01;MFL;1990-01-01;;
LVA000000420;;LVA;;;0.69;0.00;0.00;;4.70;0.00;EE031;EE031;EE031;Engure;;N;;N;N;N;;;FX;;GNS, NK;3.30;0.00;Fiber/Plastic;;1992-12-31;MFL;1992-01-01;2006-10-10;
LVA000000421;;LVA;;;1.06;0.00;0.00;;5.65;0.00;BUTE;EE032;EE032;Engure;;N;;N;N;N;;;FX;;GNS, LLS;11.70;0.00;Fiber/Plastic;;1990-01-01;MFL;1990-01-01;;
LVA000000422;;LVA;;;1.60;0.00;0.00;;6.00;0.00;LASIS;EE033;EE033;Engure;;N;;N;N;N;;;FX;;GNS, NK;18.30;0.00;Fiber/Plastic;;1987-12-31;MFL;1987-01-01;2009-04-23;
LVA000000423;;LVA;;;0.77;0.00;0.00;;4.65;0.00;EE034;EE034;EE034;Engure;;N;;N;N;N;;;FX;;GNS, LLS;22.00;0.00;Metal;;1975-01-01;MFL;1975-01-01;;
LVA000000424;;LVA;;;0.77;0.00;0.00;;4.65;0.00;EE035;EE035;EE035;Engure;;N;;N;N;N;;;FX;;GNS, LLS;0.00;0.00;Metal;;1970-01-01;MFL;1970-01-01;;
LVA000000425;;LVA;;;0.77;0.00;0.00;;4.65;0.00;PROGRESS;EE036;EE036;Engure;;N;;N;N;N;;;FX;;GNS, LLS;0.00;0.00;Metal;;1968-01-01;MFL;1968-01-01;;
LVA000000426;;LVA;;;0.75;0.00;0.00;;4.65;0.00;EE037;EE037;EE037;Engure;;N;;N;N;N;;;FX;;GNS, LLS;22.00;0.00;Metal;;1986-01-01;MFL;1986-01-01;;
LVA000000427;;LVA;;;2.08;0.00;0.00;;7.00;0.00;EE038;EE038;EE038;Engure;;N;;N;N;N;;;FX;;GNS, NK;18.00;0.00;Wood;;1995-12-31;MFL;1995-01-01;2008-12-02;
LVA000000428;;LVA;;;1.42;0.00;0.00;;6.00;0.00;EE039;EE039;EE039;Engure;;N;;N;N;N;;;FX;;GNS, LLS;4.50;0.00;Wood;;1995-01-01;MFL;1995-01-01;;
LVA000000429;;LVA;;;0.33;0.00;0.00;;4.10;0.00;EE040;EE040;EE040;Engure;;N;;N;N;N;;;FX;;LLS;3.72;0.00;Fiber/Plastic;;1988-01-01;MFL;1988-01-01;;
LVA000000430;;LVA;;;0.40;0.00;0.00;;4.16;0.00;EE041;EE041;EE041;Engure;;N;;N;N;N;;;FX;;GNS, LLS;0.00;0.00;Fiber/Plastic;;1983-01-01;MFL;1983-01-01;;
LVA000000431;;LVA;;;0.52;0.00;0.00;;4.50;0.00;EE042;EE042;EE042;Engure;;N;;N;N;N;;;FX;;GNS, LLS;0.00;0.00;Fiber/Plastic;;1991-01-01;MFL;1991-01-01;;
LVA000000432;;LVA;;;0.68;0.00;0.00;;4.90;0.00;EE043;EE043;EE043;Engure;;N;;N;N;N;;;FX;;GNS, LLS;4.40;0.00;Wood;;1991-01-01;MFL;1991-01-01;;
LVA000000433;;LVA;;;0.61;0.00;0.00;;4.50;0.00;EE044;EE044;EE044;Engure;;N;;N;N;N;;;FX;;GNS, LLS;0.00;0.00;Fiber/Plastic;;1968-01-01;MFL;1968-01-01;;
LVA000000434;;LVA;;;0.67;0.00;0.00;;4.60;0.00;EE045;EE045;EE045;Engure;;N;;N;N;N;;;FX;;GNS, LLS;5.88;0.00;Fiber/Plastic;;1993-01-01;MFL;1993-01-01;;
LVA000000435;;LVA;;;0.21;0.00;0.00;;3.20;0.00;EE046;EE046;EE046;Engure;;N;;N;N;N;;;FX;;GNS, NK;0.00;0.00;Fiber/Plastic;;1985-12-31;MFL;1985-01-01;;
LVA000000436;;LVA;;;0.39;0.00;0.00;;4.20;0.00;EE047;EE047;EE047;Engure;;N;;N;N;N;;;FX;;GNS, LLS;4.40;0.00;Fiber/Plastic;;1978-01-01;MFL;1978-01-01;;
LVA000000437;;LVA;;;0.18;0.00;0.00;;3.00;0.00;EE048;EE048;EE048;Engure;;N;;N;N;N;;;FX;;GNS, NK;0.00;0.00;Fiber/Plastic;;1969-12-31;MFL;1969-01-01;;
LVA000000438;;LVA;;;0.42;0.00;0.00;;4.05;0.00;EE049;EE049;EE049;Engure;;N;;N;N;N;;;FX;;GNS, LLS;0.00;0.00;Fiber/Plastic;;1997-01-01;MFL;1997-01-01;;
LVA000000439;;LVA;;;0.62;0.00;0.00;;4.50;0.00;EE050;EE050;EE050;Engure;;N;;N;N;N;;;FX;;GNS, LLS;16.00;0.00;Metal;;1958-01-01;MFL;1958-01-01;;
LVA000000440;;LVA;;;0.40;0.00;0.00;;4.44;0.00;EE051;EE051;EE051;Engure;;N;;N;N;N;;;FX;;GNS, LLS;0.00;0.00;Fiber/Plastic;;1993-01-01;MFL;1993-01-01;;
LVA000000441;;LVA;;;0.77;0.00;0.00;;4.65;0.00;EE052;EE052;EE052;Engure;;N;;N;N;N;;;FX;;GNS, LLS;0.00;0.00;Fiber/Plastic;;1980-01-01;MFL;1980-01-01;;
LVA000000442;;LVA;;;0.40;0.00;0.00;;4.16;0.00;EE053;EE053;EE053;Engure;;N;;N;N;N;;;FX;;GNS, LLS;3.70;0.00;Fiber/Plastic;;1987-01-01;MFL;1987-01-01;;
LVA000000443;;LVA;;;0.77;0.00;0.00;;4.65;0.00;EE054;EE054;EE054;Engure;;N;;N;N;N;;;FX;;GNS, LLS;6.00;0.00;Metal;;1978-01-01;MFL;1978-01-01;;
LVA000000444;;LVA;;;0.50;0.00;0.00;;4.63;0.00;EE056;EE056;EE056;Engure;;N;;N;N;N;;;FX;;GNS, NK;0.00;0.00;Metal;;1985-01-01;MFL;1985-01-01;;
LVA000000445;;LVA;;;0.84;0.00;0.00;;5.00;0.00;EE057;EE057;EE057;Engure;;N;;N;N;N;;;FX;;GNS, NK;6.00;0.00;Fiber/Plastic;;1992-01-01;MFL;1992-01-01;;
LVA000000446;;LVA;;;0.67;0.00;0.00;;4.63;0.00;EE058;EE058;EE058;Engure;;N;;N;N;N;;;FX;;GNS, LLS;5.00;0.00;Metal;;1996-01-01;MFL;1996-01-01;;2020-05-21
LVA000000447;;LVA;;;0.67;0.00;0.00;;4.60;0.00;EE059;EE059;EE059;Engure;;N;;N;N;N;;;FX;;GNS, NK;0.00;0.00;Fiber/Plastic;;1991-12-31;MFL;1991-01-01;;
LVA000000448;;LVA;;;1.44;0.00;0.00;;6.00;0.00;EE060;EE060;EE060;Engure;;N;;N;N;N;;;FX;;GNS, LLS;2.21;0.00;Wood;;1992-01-01;MFL;1992-01-01;;
LVA000000449;;LVA;;;0.24;0.00;0.00;;3.40;0.00;EE061;EE061;EE061;Engure;;N;;N;N;N;;;FX;;GNS, LLS;0.00;0.00;Metal;;1982-01-01;MFL;1982-01-01;;
LVA000000450;;LVA;;;0.74;0.00;0.00;;4.50;0.00;EE062;EE062;EE062;Engure;;N;;N;N;N;;;FX;;GNS, NK;0.00;0.00;Fiber/Plastic;;1992-12-31;MFL;1992-01-01;;
LVA000000451;;LVA;;;0.96;0.00;0.00;;5.00;0.00;EE063;EE063;EE063;Engure;;N;;N;N;N;;;FX;;GNS, LLS;4.40;0.00;Wood;;1989-01-01;MFL;1989-01-01;;
LVA000000452;;LVA;;;0.46;0.00;0.00;;4.75;0.00;EE064;EE064;EE064;Engure;;N;;N;N;N;;;FX;;GNS, NK;0.00;0.00;Metal;;1981-12-31;MFL;1981-01-01;;
LVA000000453;;LVA;;;0.67;0.00;0.00;;4.60;0.00;EE065;EE065;EE065;Engure;;N;;N;N;N;;;FX;;GNS, LLS;0.00;0.00;Fiber/Plastic;;1992-01-01;MFL;1992-01-01;;
LVA000000454;;LVA;;;0.56;0.00;0.00;;5.00;0.00;EE066;EE066;EE066;Engure;;N;;N;N;N;;;FX;;GNS, LLS;0.00;0.00;Fiber/Plastic;;1972-01-01;MFL;1972-01-01;;
LVA000000455;;LVA;;;0.59;0.00;0.00;;5.00;0.00;EE067;EE067;EE067;Engure;;N;;N;N;N;;;FX;;GNS, NK;0.00;0.00;Fiber/Plastic;;1992-12-31;MFL;1992-01-01;;
LVA000000456;;LVA;;;0.32;0.00;0.00;;4.50;0.00;EE068;EE068;EE068;Engure;;N;;N;N;N;;;FX;;GNS, LLS;3.60;0.00;Wood;;1994-01-01;MFL;1994-01-01;;
LVA000000457;;LVA;;;1.88;0.00;0.00;;6.10;0.00;EE069;EE069;EE069;Engure;;N;;N;N;N;;;FX;;GNS, LLS;17.00;0.00;Wood;;1979-01-01;MFL;1979-01-01;;
LVA000000458;;LVA;;;0.50;0.00;0.00;;4.63;0.00;EE070;EE070;EE070;Engure;;N;;N;N;N;;;FX;;GNS, NK;0.00;0.00;Metal;;1968-12-31;MFL;1968-01-01;;
LVA000000459;;LVA;;;1.89;0.00;0.00;;7.00;0.00;EE071;EE071;EE071;Engure;;N;;N;N;N;;;FX;;GNS, LLS;4.50;0.00;Wood;;1992-01-01;MFL;1992-01-01;;
LVA000000460;;LVA;;;0.73;0.00;0.00;;4.65;0.00;EE072;EE072;EE072;Engure;;N;;N;N;N;;;FX;;GNS, LLS;14.70;0.00;Metal;;1982-01-01;MFL;1982-01-01;;
LVA000000461;;LVA;;;0.94;0.00;0.00;;5.50;0.00;GRETA;EE073;EE073;Engure;;N;;N;N;N;;;FX;;GNS, NO;11.00;0.00;Fiber/Plastic;;1993-01-01;MFL;1993-01-01;;
LVA000000462;;LVA;;;0.62;0.00;0.00;;4.60;0.00;DINA;EE074;EE074;Engure;;N;;N;N;N;;;FX;;GNS, NK;4.40;0.00;Fiber/Plastic;;1997-01-01;MFL;1997-01-01;;
LVA000000463;;LVA;;;1.17;0.00;0.00;;5.50;0.00;EE075;EE075;EE075;Engure;;N;;N;N;N;;;FX;;GNS, LLS;4.40;0.00;Wood;;1990-01-01;MFL;1990-01-01;;2020-03-18
LVA000000464;;LVA;;;0.59;0.00;0.00;;4.50;0.00;EE076;EE076;EE076;Engure;;N;;N;N;N;;;FX;;GNS, LLS;0.00;0.00;Metal;;1990-01-01;MFL;1990-01-01;;
LVA000000465;;LVA;;;0.32;0.00;0.00;;3.94;0.00;EE077;EE077;EE077;Engure;;N;;N;N;N;;;FX;;GNS, NK;0.00;0.00;Wood;;1997-12-31;MFL;1997-01-01;;
LVA000000466;;LVA;;;0.39;0.00;0.00;;4.36;0.00;EE078;EE078;EE078;Engure;;N;;N;N;N;;;FX;;GNS, NK;0.00;0.00;Fiber/Plastic;;1990-12-31;MFL;1990-01-01;;
LVA000000467;;LVA;;;0.39;0.00;0.00;;4.46;0.00;EE079;EE079;EE079;Engure;;N;;N;N;N;;;FX;;GNS, NK;0.00;0.00;Metal;;1972-01-01;MFL;1972-01-01;;
LVA000000468;;LVA;;;0.62;0.00;0.00;;5.50;0.00;EE080;EE080;EE080;Engure;;N;;N;N;N;;;FX;;GNS, LLS;0.00;0.00;Fiber/Plastic;;1993-01-01;MFL;1993-01-01;;
LVA000000469;;LVA;;;0.74;0.00;0.00;;4.50;0.00;EE081;EE081;EE081;Engure;;N;;N;N;N;;;FX;;GNS, LLS;3.68;0.00;Fiber/Plastic;;1992-01-01;MFL;1992-01-01;;
LVA000000470;;LVA;;;0.36;0.00;0.00;;4.50;0.00;EE082;EE082;EE082;Engure;;N;;N;N;N;;;FX;;GNS, LLS;0.00;0.00;Fiber/Plastic;;1992-01-01;MFL;1992-01-01;;
LVA000000471;;LVA;;;0.33;0.00;0.00;;4.50;0.00;EE083;EE083;EE083;Engure;;N;;N;N;N;;;FX;;GNS, LLS;0.00;0.00;Fiber/Plastic;;1993-01-01;MFL;1993-01-01;;
LVA000000472;;LVA;;;0.85;0.00;0.00;;4.10;0.00;EE084;EE084;EE084;Engure;;N;;N;N;N;;;FX;;GNS, LLS;6.00;0.00;Fiber/Plastic;;1995-01-01;MFL;1995-01-01;;
LVA000000473;;LVA;;;0.74;0.00;0.00;;5.00;0.00;EE085;EE085;EE085;Engure;;N;;N;N;N;;;FX;;GNS, LLS;0.00;0.00;Fiber/Plastic;;1992-01-01;MFL;1992-01-01;;
LVA000000474;;LVA;;;1.69;0.00;0.00;;7.15;0.00;EE086;EE086;EE086;Engure;;N;;N;N;N;;;FX;;GNS, LLS;18.00;0.00;Wood;;1991-01-01;MFL;1991-01-01;;
LVA000000475;;LVA;;;5.12;0.00;0.00;;9.00;0.00;EE087;EE087;EE087;Engure;;N;;N;N;N;;;FX;;OTM, NK;37.00;0.00;Wood;;1994-12-31;MFL;1994-01-01;2009-04-08;
LVA000000476;;LVA;;;0.96;0.00;0.00;;5.50;0.00;EE088;EE088;EE088;Engure;;N;;N;N;N;;;FX;;GNS, LLS;0.00;0.00;Fiber/Plastic;;1990-01-01;MFL;1990-01-01;;
LVA000000477;;LVA;;;0.68;0.00;0.00;;4.65;0.00;EE089;EE089;EE089;Engure;;N;;N;N;N;;;FX;;GNS, NK;0.00;0.00;Metal;;1983-12-31;MFL;1983-01-01;;
LVA000000478;;LVA;;;5.36;0.00;0.00;;9.00;0.00;VĒTRA;LA012;LA012;Liepaja;;N;;N;N;N;;;FX;;GNS, LLS;47.80;0.00;Metal;;1968-01-01;MFL;1968-01-01;;2020-10-16
LVA000000479;;LVA;;;1.08;0.00;0.00;;5.50;0.00;VIKA;LA014;LA014;Liepaja;;N;;N;N;N;;;FX;;GNS, NK;0.00;0.00;Fiber/Plastic;;1990-01-01;MFL;1990-01-01;;2018-04-03
LVA000000480;;LVA;;;3.65;0.00;0.00;;8.60;0.00;BANGA;LA015;LA015;Liepaja;;N;;N;N;N;;;FX;;LLS;29.40;0.00;Metal;;1958-01-01;MFL;1958-01-01;;
LVA000000481;;LVA;;;7.55;0.00;0.00;;10.70;0.00;KAIJA;LA016;LA016;Liepaja;;N;;N;N;N;;;FX;;GNS, NK;54.40;0.00;Metal;;1979-12-31;MFL;1979-01-01;2008-12-01;
LVA000000482;;LVA;;;5.88;0.00;0.00;;9.40;0.00;BRIGA;LA017;LA017;Liepaja;;N;;N;N;N;;;FX;;GNS, LLS;29.40;0.00;Fiber/Plastic;;1981-12-31;MFL;1981-01-01;;2006-10-18
LVA000000483;;LVA;;;1.06;0.00;0.00;;5.65;0.00;LA018;LA018;LA018;Liepaja;;N;;N;N;N;;;FX;;GNS, NK;18.00;0.00;Fiber/Plastic;;1990-01-01;MFL;1990-01-01;;
LVA000000484;;LVA;;;4.14;0.00;0.00;;8.00;0.00;GAISMA;LA019;LA019;Liepaja;;N;;N;N;N;;;FX;;GNS, NK;29.40;0.00;Fiber/Plastic;;1971-12-31;MFL;1971-01-01;2008-12-01;
LVA000000485;;LVA;;;1.59;0.00;0.00;;6.00;0.00;LA020;LA020;LA020;Liepaja;;N;;N;N;N;;;FX;;GNS, NK;4.50;0.00;Fiber/Plastic;;1987-01-01;MFL;1987-01-01;;
LVA000000486;;LVA;;;2.01;0.00;0.00;;6.30;0.00;MAJOKA;LA021;LA021;Liepaja;;N;;N;N;N;;;FX;;GNS, NK;12.50;0.00;Metal;;1994-12-31;MFL;1994-01-01;2008-12-09;
LVA000000487;;LVA;;;14.08;0.00;0.00;;9.95;0.00;GOLIĀTS;LA022;LA022;Liepaja;;N;;N;N;N;;;FX;;GNS, NK;39.00;0.00;Wood;;1975-12-31;MFL;1975-01-01;2008-12-16;
LVA000000488;;LVA;;;0.82;0.00;0.00;;4.50;0.00;LA023;LA023;LA023;Liepaja;;N;;N;N;N;;;FX;;GNS, LLS;0.00;0.00;Fiber/Plastic;;1954-01-01;MFL;1954-01-01;;
LVA000000489;;LVA;;;7.22;0.00;0.00;;9.00;0.00;LĪGA;LA024;LA024;Liepaja;;N;;N;N;N;;;FX;;GNS, LLS;39.00;0.00;Fiber/Plastic;;1970-01-01;MFL;1970-01-01;;
LVA000000490;;LVA;;;4.61;0.00;0.00;;9.50;0.00;LAIMA;LA025;LA025;Liepaja;;N;;N;N;N;;;FX;;GNS, NK;25.00;0.00;Wood;;1992-12-31;MFL;1992-01-01;2009-04-07;
LVA000000491;;LVA;;;5.89;0.00;0.00;;8.05;0.00;PILIGRIMS;LA026;LA026;Liepaja;;N;;N;N;N;;;FX;;GNS, NK;17.70;0.00;Fiber/Plastic;;1980-12-31;MFL;1980-01-01;2011-04-19;
LVA000000492;;LVA;;;0.54;0.00;0.00;;4.20;0.00;LA027;LA027;LA027;Liepaja;;N;;N;N;N;;;FX;;GNS, LLS;0.00;0.00;Fiber/Plastic;;1987-01-01;MFL;1987-01-01;;
LVA000000493;;LVA;;;1.59;0.00;0.00;;6.00;0.00;LA028;LA028;LA028;Liepaja;;N;;N;N;N;;;FX;;GNS, LLS;4.50;0.00;Fiber/Plastic;;1983-01-01;MFL;1983-01-01;;
LVA000000494;;LVA;;;7.20;0.00;0.00;;11.00;0.00;OHTA;LA029;LA029;Liepaja;;N;;N;N;N;;;FX;;GNS, NK;11.00;0.00;Metal;;1972-12-31;MFL;1972-01-01;2008-12-11;
LVA000000495;;LVA;;;0.86;0.00;0.00;;5.60;0.00;BANGA;LA030;LA030;Liepaja;;N;;N;N;N;;;FX;;GNS, LLS;0.00;0.00;Wood;;1985-01-01;MFL;1985-01-01;;
LVA000000496;;LVA;;;0.34;0.00;0.00;;4.35;0.00;BOJA;LA031;LA031;Liepaja;;N;;N;N;N;;;FX;;GNS, NK;0.00;0.00;Fiber/Plastic;;1986-01-01;MFL;1986-01-01;;
LVA000000497;;LVA;;;0.72;0.00;0.00;;4.40;0.00;LA032;LA032;LA032;Liepaja;;N;;N;N;N;;;FX;;GNS, LLS;0.00;0.00;Fiber/Plastic;;1985-01-01;MFL;1985-01-01;;
LVA000000498;;LVA;;;0.83;0.00;0.00;;5.20;0.00;LA033;LA033;LA033;Liepaja;;N;;N;N;N;;;FX;;GNS, LLS;0.00;0.00;Fiber/Plastic;;1985-01-01;MFL;1985-01-01;;
LVA000000499;;LVA;;;0.77;0.00;0.00;;4.65;0.00;LA034;LA034;LA034;Liepaja;;N;;N;N;N;;;FX;;GNS, LLS;9.90;0.00;Metal;;1990-01-01;MFL;1990-01-01;;2020-03-19
LVA000000500;;LVA;;;0.94;0.00;0.00;;5.20;0.00;LA035;LA035;LA035;Liepaja;;N;;N;N;N;;;FX;;GNS, NK;0.00;0.00;Wood;;1985-12-31;MFL;1985-01-01;;
LVA000000501;;LVA;;;1.30;0.00;0.00;;5.30;0.00;BUTE;LA036;LA036;Liepaja;;N;;N;N;N;;;FX;;GNS, NK;0.00;0.00;Wood;;1985-12-31;MFL;1985-01-01;;
LVA000000502;;LVA;;;0.77;0.00;0.00;;4.65;0.00;LA037;LA037;LA037;Liepaja;;N;;N;N;N;;;FX;;GNS, LLS;18.40;0.00;Metal;;1991-01-01;MFL;1991-01-01;;
LVA000000503;;LVA;;;1.37;0.00;0.00;;6.00;0.00;LA038;LA038;LA038;Liepaja;;N;;N;N;N;;;FX;;GNS, LLS;0.95;0.00;Wood;;1997-01-01;MFL;1997-01-01;;
LVA000000504;;LVA;;;6.33;0.00;0.00;;8.70;0.00;SARMA;LA039;LA039;Liepaja;;N;;N;N;N;;;FX;;GNS, NK;33.50;0.00;Fiber/Plastic;;1994-12-31;MFL;1994-01-01;2011-04-04;
LVA000000505;;LVA;;;1.24;0.00;0.00;;5.20;0.00;BAIBA;LA040;LA040;Liepaja;;N;;N;N;N;;;FX;;GNS, NK;4.50;0.00;Metal;;1966-01-01;MFL;1966-01-01;;2016-10-12
LVA000000506;;LVA;;;1.24;0.00;0.00;;5.20;0.00;SELGA;LA041;LA041;Liepaja;;N;;N;N;N;;;FX;;GNS, NK;0.00;0.00;Metal;;1965-01-01;MFL;1965-01-01;;2016-10-12
LVA000000507;;LVA;;;0.35;0.00;0.00;;4.30;0.00;SĪGA;LA042;LA042;Liepaja;;N;;N;N;N;;;FX;;GNS, NK;0.00;0.00;Fiber/Plastic;;1974-01-01;MFL;1974-01-01;;
LVA000000508;;LVA;;;9.30;0.00;0.00;;9.75;0.00;KATRI;LA043;LA043;Liepaja;;N;;N;N;N;;;FX;;GNS, NK;32.00;0.00;Wood;;1990-12-31;MFL;1990-01-01;;
LVA000000509;;LVA;;;0.77;0.00;0.00;;4.65;0.00;LA044;LA044;LA044;Liepaja;;N;;N;N;N;;;FX;;GNS, NK;0.00;0.00;Metal;;1981-12-31;MFL;1981-01-01;;
LVA000000510;;LVA;;;0.44;0.00;0.00;;4.20;0.00;ŽOŽA;LA045;LA045;Liepaja;;N;;N;N;N;;;FX;;GNS, NK;0.00;0.00;Fiber/Plastic;;1989-01-01;MFL;1989-01-01;;
LVA000000511;;LVA;;;0.52;0.00;0.00;;4.30;0.00;LA046;LA046;LA046;Liepaja;;N;;N;N;N;;;FX;;GNS, LLS;3.50;0.00;Metal;;1977-01-01;MFL;1977-01-01;;
LVA000000512;;LVA;;;3.47;0.00;0.00;;6.50;0.00;ALEX;LA047;LA047;Liepaja;;N;;N;N;N;;;FX;;GNS, NK;19.00;0.00;Fiber/Plastic;;1980-12-31;MFL;1980-01-01;2013-01-17;
LVA000000513;;LVA;;;0.43;0.00;0.00;;3.50;0.00;DELFĪNS;LA048;LA048;Liepaja;;N;;N;N;N;;;FX;;GNS, LLS;0.00;0.00;Fiber/Plastic;;1981-01-01;MFL;1981-01-01;;
LVA000000514;;LVA;;;0.42;0.00;0.00;;4.60;0.00;LU007;LU007;LU007;Lielupe;;N;;N;N;N;;;FX;;GNS, NK;0.00;0.00;Fiber/Plastic;;1993-12-31;MFL;1993-01-01;;
LVA000000515;;LVA;;;4.76;0.00;0.00;;9.50;0.00;LU008;LU008;LU008;Lielupe;;N;;N;N;N;;;FX;;OTM, NK;50.00;0.00;Metal;;1994-12-31;MFL;1994-01-01;2009-04-07;
LVA000000516;;LVA;;;2.66;0.00;0.00;;6.90;0.00;LU009;LU009;LU009;Lielupe;;N;;N;N;N;;;FX;;OTM, NK;18.00;0.00;Wood;;1995-12-31;MFL;1995-01-01;2006-10-02;
LVA000000517;;LVA;;;0.47;0.00;0.00;;4.10;0.00;LU010;LU010;LU010;Lielupe;;N;;N;N;N;;;FX;;GNS, NK;6.00;0.00;Metal;;1978-01-01;MFL;1978-01-01;;
LVA000000518;;LVA;;;0.37;0.00;0.00;;4.10;0.00;LU011;LU011;LU011;Lielupe;;N;;N;N;N;;;FX;;GNS, NK;0.00;0.00;Fiber/Plastic;;1972-01-01;MFL;1972-01-01;;
LVA000000519;;LVA;;;0.29;0.00;0.00;;3.80;0.00;LU012;LU012;LU012;Lielupe;;N;;N;N;N;;;FX;;GNS, NK;0.00;0.00;Metal;;1987-01-01;MFL;1987-01-01;;
LVA000000520;;LVA;;;0.66;0.00;0.00;;4.65;0.00;LU013;LU013;LU013;Lielupe;;N;;N;N;N;;;FX;;GNS, NK;18.40;0.00;Metal;;1980-01-01;MFL;1980-01-01;;
LVA000000521;;LVA;;;0.75;0.00;0.00;;5.49;0.00;LU014;LU014;LU014;Lielupe;;N;;N;N;N;;;FX;;GNS, NK;1.80;0.00;Fiber/Plastic;;1992-01-01;MFL;1992-01-01;;
LVA000000522;;LVA;;;0.64;0.00;0.00;;5.30;0.00;LU015;LU015;LU015;Lielupe;;N;;N;N;N;;;FX;;GNS, NK;12.00;0.00;Fiber/Plastic;;1993-01-01;MFL;1993-01-01;;
LVA000000523;;LVA;;;4.66;0.00;0.00;;9.40;0.00;LU016;LU016;LU016;Lielupe;;N;;N;N;N;;;FX;;GNS, NK;36.00;0.00;Metal;;1996-12-31;MFL;1996-01-01;2011-10-17;
LVA000000524;;LVA;;;3.96;0.00;0.00;;8.86;0.00;LU017;LU017;LU017;Lielupe;;N;;N;N;N;;;FX;;GNS, NK;19.00;0.00;Metal;;1993-01-01;MFL;1993-01-01;;
LVA000000525;;LVA;;;0.96;0.00;0.00;;5.50;0.00;LU018;LU018;LU018;Lielupe;;N;;N;N;N;;;FX;;GNS, NK;22.00;0.00;Fiber/Plastic;;1992-01-01;MFL;1992-01-01;;
LVA000000526;;LVA;;;4.14;0.00;0.00;;8.00;0.00;LU019;LU019;LU019;Lielupe;;N;;N;N;N;;;FX;;GNS, NK;14.70;0.00;Fiber/Plastic;;1981-01-01;MFL;1981-01-01;;
LVA000000527;;LVA;;;4.03;0.00;0.00;;8.95;0.00;LU020;LU020;LU020;Lielupe;;N;;N;N;N;;;FX;;GNS, NK;36.00;0.00;Metal;;1995-12-31;MFL;1995-01-01;2009-04-06;
LVA000000528;;LVA;;;2.55;0.00;0.00;;8.00;0.00;LU021;LU021;LU021;Lielupe;;N;;N;N;N;;;FX;;GNS, NK;25.00;0.00;Metal;;1988-01-01;MFL;1988-01-01;;
LVA000000529;;LVA;;;0.96;0.00;0.00;;5.50;0.00;LU022;LU022;LU022;Lielupe;;N;;N;N;N;;;FX;;GNS, NK;22.00;0.00;Fiber/Plastic;;1991-12-31;MFL;1991-01-01;;2006-12-29
LVA000000530;;LVA;;;0.96;0.00;0.00;;5.50;0.00;LU023;LU023;LU023;Lielupe;;N;;N;N;N;;;FX;;GNS, NK;18.40;0.00;Fiber/Plastic;;1992-01-01;MFL;1992-01-01;;
LVA000000531;;LVA;;;0.35;0.00;0.00;;4.10;0.00;LU024;LU024;LU024;Lielupe;;N;;N;N;N;;;FX;;GNS, NK;0.00;0.00;Fiber/Plastic;;1990-01-01;MFL;1990-01-01;;
LVA000000532;;LVA;;;0.72;0.00;0.00;;4.78;0.00;LU025;LU025;LU025;Lielupe;;N;;N;N;N;;;FX;;GNS, NK;0.00;0.00;Wood;;2001-01-01;MFL;2001-01-01;;
LVA000000533;;LVA;;;0.68;0.00;0.00;;4.63;0.00;LU026;LU026;LU026;Lielupe;;N;;N;N;N;;;FX;;GNS, NK;0.00;0.00;Metal;;1976-01-01;MFL;1976-01-01;;
LVA000000534;;LVA;;;3.13;0.00;0.00;;8.00;0.00;LU027;LU027;LU027;Lielupe;;N;;N;N;N;;;FX;;GNS, NK;17.50;0.00;Wood;;1988-12-31;MFL;1988-01-01;2012-08-13;
LVA000000535;;LVA;;;0.43;0.00;0.00;;4.40;0.00;MR009;MR009;MR009;Mersrags;;N;;N;N;N;;;FX;;GNS, LLS;0.00;0.00;Fiber/Plastic;;2001-01-01;MFL;2001-01-01;;
LVA000000536;;LVA;;;0.96;0.00;0.00;;5.50;0.00;MR010;MR010;MR010;Mersrags;;N;;N;N;N;;;FX;;GNS, NK;20.00;0.00;Fiber/Plastic;;1993-01-01;MFL;1993-01-01;;
LVA000000537;;LVA;;;0.42;0.00;0.00;;4.00;0.00;INTA;MR011;MR011;Mersrags;;N;;N;N;N;;;FX;;GNS, NK;6.00;0.00;Fiber/Plastic;;1999-01-01;MFL;1999-01-01;;
LVA000000538;;LVA;;;0.38;0.00;0.00;;3.70;0.00;MR012;MR012;MR012;Mersrags;;N;;N;N;N;;;FX;;GNS, LLS;3.70;0.00;Fiber/Plastic;;1993-01-01;MFL;1993-01-01;;
LVA000000539;;LVA;;;1.02;0.00;0.00;;5.60;0.00;MR013;MR013;MR013;Mersrags;;N;;N;N;N;;;FX;;GNS, NK;7.30;0.00;Fiber/Plastic;;1992-01-01;MFL;1992-01-01;;
LVA000000540;;LVA;;;1.81;0.00;0.00;;5.60;0.00;MR014;MR014;MR014;Mersrags;;N;;N;N;N;;;FX;;GNS, NK;0.00;0.00;Wood;;1990-01-01;MFL;1990-01-01;;
LVA000000541;;LVA;;;0.96;0.00;0.00;;4.60;0.00;MR015;MR015;MR015;Mersrags;;N;;N;N;N;;;FX;;GNS, NK;0.00;0.00;Fiber/Plastic;;1992-01-01;MFL;1992-01-01;;
LVA000000542;;LVA;;;5.06;0.00;0.00;;9.00;0.00;MR016;MR016;MR016;Mersrags;;N;;N;N;N;;;FX;;GNS, NK;59.00;0.00;Fiber/Plastic;;1983-12-31;MFL;1983-01-01;2012-11-22;
LVA000000543;;LVA;;;0.28;0.00;0.00;;4.63;0.00;PO016;PO016;PO016;Pavilosta;;N;;N;N;N;;;FX;;GNS, LLS;0.00;0.00;Metal;;1981-01-01;MFL;1981-01-01;;
LVA000000544;;LVA;;;5.63;0.00;0.00;;8.40;0.00;DŽEINA;PO017;PO017;Pavilosta;;N;;N;N;N;;;FX;;GNS, NK;54.00;0.00;Fiber/Plastic;;1973-12-31;MFL;1973-01-01;2010-03-26;
LVA000000545;;LVA;;;3.48;0.00;0.00;;6.40;0.00;SAULE;PO018;PO018;Pavilosta;;N;;N;N;N;;;FX;;GNS, NK;58.80;0.00;Fiber/Plastic;;1990-01-01;MFL;1990-01-01;;2023-06-02
LVA000000546;;LVA;;;6.43;0.00;0.00;;8.80;8.45;ĒRGLIS;PO019;PO019;Pavilosta;;N;;N;N;N;;;FX;;GNS, LLD;50.00;0.00;Wood;;1987-12-31;MFL;1987-01-01;;
LVA000000547;;LVA;;;14.55;0.00;0.00;;12.00;0.00;LAURA;PO020;PO020;Pavilosta;;N;;N;N;N;;;FX;;GNS, NK;87.00;0.00;Wood;;1987-12-31;MFL;1987-01-01;;2007-02-08
LVA000000548;;LVA;;;0.35;0.00;0.00;;4.00;0.00;PO021;PO021;PO021;Pavilosta;;N;;N;N;N;;;FX;;GNS, LLS;0.00;0.00;Fiber/Plastic;;1989-01-01;MFL;1989-01-01;;
LVA000000549;;LVA;;;3.62;0.00;0.00;;8.00;0.00;RICE;PO022;PO022;Pavilosta;;N;;N;N;N;;;FX;;GNS, NK;27.20;0.00;Metal;;1976-12-31;MFL;1976-01-01;;2006-08-21
LVA000000550;;LVA;;;0.77;0.00;0.00;;4.20;0.00;PO023;PO023;PO023;Pavilosta;;N;;N;N;N;;;FX;;GNS, NK;0.00;0.00;Fiber/Plastic;;1979-12-31;MFL;1979-01-01;;2006-08-21
LVA000000551;;LVA;;;4.17;0.00;0.00;;8.60;0.00;KAIJA;PO024;PO024;Pavilosta;;N;;N;N;N;;;FX;;GNS, NK;60.00;0.00;Fiber/Plastic;;1981-12-31;MFL;1981-01-01;2006-10-05;
LVA000000552;;LVA;;;3.62;0.00;0.00;;8.00;0.00;BALTA;PO025;PO025;Liepaja;;N;;N;N;N;;;FX;;GNS, NK;19.00;0.00;Metal;;1972-01-01;MFL;1972-01-01;2015-08-25;
LVA000000553;;LVA;;;0.82;0.00;0.00;;4.70;0.00;RA013;RA013;RA013;Roja;;N;;N;N;N;;;FX;;GNS, LLS;15.00;0.00;Fiber/Plastic;;1993-01-01;MFL;1993-01-01;;
LVA000000554;;LVA;;;0.43;0.00;0.00;;4.40;0.00;RA014;RA014;RA014;Roja;;N;;N;N;N;;;FX;;GNS, LLS;3.50;0.00;Fiber/Plastic;;2001-01-01;MFL;2001-01-01;;
LVA000000555;;LVA;;;0.35;0.00;0.00;;4.10;0.00;RA015;RA015;RA015;Roja;;N;;N;N;N;;;FX;;GNS, LLS;0.00;0.00;Fiber/Plastic;;1987-01-01;MFL;1987-01-01;;
LVA000000556;;LVA;;;1.04;0.00;0.00;;5.50;0.00;RA016;RA016;RA016;Roja;;N;;N;N;N;;;FX;;GNS, NK;16.90;0.00;Fiber/Plastic;;1996-01-01;MFL;1996-01-01;;
LVA000000557;;LVA;;;0.55;0.00;0.00;;5.00;0.00;RA017;RA017;RA017;Roja;;N;;N;N;N;;;FX;;GNS, LLS;0.00;0.00;Fiber/Plastic;;1992-01-01;MFL;1992-01-01;;
LVA000000558;;LVA;;;1.32;0.00;0.00;;5.50;0.00;RA019;RA019;RA019;Roja;;N;;N;N;N;;;FX;;GNS, LLS;14.70;0.00;Fiber/Plastic;;1992-01-01;MFL;1992-01-01;;
LVA000000559;;LVA;;;0.45;0.00;0.00;;4.78;0.00;MĀRĪTE;RA018;RA018;Roja;;N;;N;N;N;;;FX;;GNS, LLS;52.00;0.00;Fiber/Plastic;;2000-01-01;MFL;2000-01-01;;
LVA000000560;;LVA;;;3.20;0.00;0.00;;7.32;0.00;LA084;LA084;LA084;Liepaja;;N;;N;N;N;;;FX;;GNS, NK;18.38;0.00;Metal;;1984-12-31;MFL;1984-01-01;2008-12-01;
LVA000000561;;LVA;;;1.06;0.00;0.00;;5.65;0.00;RA021;RA021;RA021;Roja;;N;;N;N;N;;;FX;;GNS, NK;0.00;0.00;Fiber/Plastic;;1990-12-31;MFL;1990-01-01;;
LVA000000562;;LVA;;;1.06;0.00;0.00;;5.65;0.00;RA022;RA022;RA022;Roja;;N;;N;N;N;;;FX;;GNS, NK;3.70;0.00;Fiber/Plastic;;1990-01-01;MFL;1990-01-01;;
LVA000000563;;LVA;;;3.30;0.00;0.00;;7.00;0.00;RA024;RA024;RA024;Roja;;N;;N;N;N;;;FX;;GNS, LLS;17.60;0.00;Wood;;1987-01-01;MFL;1987-01-01;;
LVA000000564;;LVA;;;1.06;0.00;0.00;;5.65;0.00;RA025;RA025;RA025;Roja;;N;;N;N;N;;;FX;;GNS, NK;6.00;0.00;Fiber/Plastic;;1996-01-01;MFL;1996-01-01;;2015-12-21
LVA000000565;;LVA;;;0.56;0.00;0.00;;4.80;0.00;RA026;RA026;RA026;Roja;;N;;N;N;N;;;FX;;GNS, LLS;0.00;0.00;Fiber/Plastic;;1993-01-01;MFL;1993-01-01;;
LVA000000566;;LVA;;;1.06;0.00;0.00;;5.65;0.00;RA027;RA027;RA027;Roja;;N;;N;N;N;;;FX;;GNS, LLS;22.00;0.00;Fiber/Plastic;;1968-01-01;MFL;1968-01-01;;2021-07-21
LVA000000567;;LVA;;;1.72;0.00;0.00;;6.50;0.00;RA028;RA028;RA028;Roja;;N;;N;N;N;;;FX;;GNS, LLS;0.00;0.00;Fiber/Plastic;;1968-01-01;MFL;1968-01-01;;2021-07-21
LVA000000568;;LVA;;;0.63;0.00;0.00;;4.00;0.00;BĀKA;PO026;PO026;Pavilosta;;N;;N;N;N;;;FX;;GNS, LLS;0.00;0.00;Fiber/Plastic;;1987-01-01;MFL;1987-01-01;;
LVA000000569;;LVA;;;0.66;0.00;0.00;;4.65;0.00;LA051;LA051;LA051;Liepaja;;N;;N;N;N;;;FX;;GNS, NK;0.00;0.00;Metal;;1985-01-01;MFL;1985-01-01;;
LVA000000570;;LVA;;;4.78;0.00;0.00;;9.00;0.00;RA029;RA029;RA029;Roja;;N;;N;N;N;;;FX;;GNS, NK;16.90;0.00;Wood;;1982-12-31;MFL;1982-01-01;2008-12-10;
LVA000000571;;LVA;;;3.42;0.00;0.00;;9.00;0.00;VIRGA;RA030;RA030;Liepaja;;N;;N;N;N;;;FX;;GNS, NK;14.71;0.00;Wood;;1993-01-01;MFL;1993-01-01;;
LVA000000572;;LVA;;;0.96;0.00;0.00;;5.50;0.00;RA031;RA031;RA031;Roja;;N;;N;N;N;;;FX;;GNS, LLS;0.00;0.00;Fiber/Plastic;;1993-01-01;MFL;1993-01-01;;
LVA000000573;;LVA;;;0.39;0.00;0.00;;4.50;0.00;RA032;RA032;RA032;Roja;;N;;N;N;N;;;FX;;GNS, LLS;0.00;0.00;Fiber/Plastic;;1993-01-01;MFL;1993-01-01;;
LVA000000574;;LVA;;;1.06;0.00;0.00;;5.65;0.00;RA033;RA033;RA033;Roja;;N;;N;N;N;;;FX;;GNS, LLS;5.97;0.00;Fiber/Plastic;;1993-01-01;MFL;1993-01-01;;
LVA000000575;;LVA;;;0.39;0.00;0.00;;4.36;0.00;RA034;RA034;RA034;Roja;;N;;N;N;N;;;FX;;GNS, LLS;0.00;0.00;Fiber/Plastic;;1989-01-01;MFL;1989-01-01;;
LVA000000576;;LVA;;;7.23;0.00;0.00;;8.00;0.00;RA035;RA035;RA035;Roja;;N;;N;N;N;;;FX;;GNS, LLS;25.00;0.00;Fiber/Plastic;;1973-01-01;MFL;1973-01-01;;
LVA000000577;;LVA;;;1.06;0.00;0.00;;5.65;0.00;RA036;RA036;RA036;Roja;;N;;N;N;N;;;FX;;GNS, LLS;15.00;0.00;Fiber/Plastic;;1993-01-01;MFL;1993-01-01;;
LVA000000578;;LVA;;;0.39;0.00;0.00;;4.36;0.00;RA037;RA037;RA037;Roja;;N;;N;N;N;;;FX;;GNS, LLS;18.40;0.00;Fiber/Plastic;;1990-01-01;MFL;1990-01-01;;
LVA000000579;;LVA;;;0.72;0.00;0.00;;4.50;0.00;RA038;RA038;RA038;Roja;;N;;N;N;N;;;FX;;GNS, NK;0.00;0.00;Fiber/Plastic;;1994-01-01;MFL;1994-01-01;;
LVA000000580;;LVA;;;0.74;0.00;0.00;;5.00;0.00;RA039;RA039;RA039;Roja;;N;;N;N;N;;;FX;;GNS, NK;0.00;0.00;Fiber/Plastic;;1991-01-01;MFL;1991-01-01;;
LVA000000581;;LVA;;;3.47;0.00;0.00;;7.50;0.00;RA040;RA040;RA040;Roja;;N;;N;N;N;;;FX;;GNS, NK;27.21;0.00;Metal;;1970-01-01;MFL;1970-01-01;;2021-07-21
LVA000000582;;LVA;;;0.79;0.00;0.00;;4.50;0.00;RA041;RA041;RA041;Roja;;N;;N;N;N;;;FX;;GNS, NK;7.40;0.00;Fiber/Plastic;;1993-01-01;MFL;1993-01-01;;
LVA000000583;;LVA;;;0.96;0.00;0.00;;5.50;0.00;RA042;RA042;RA042;Roja;;N;;N;N;N;;;FX;;GNS, NK;0.00;0.00;Fiber/Plastic;;1990-01-01;MFL;1990-01-01;;
LVA000000584;;LVA;;;0.39;0.00;0.00;;4.36;0.00;RA043;RA043;RA043;Roja;;N;;N;N;N;;;FX;;GNS, NK;1.84;0.00;Fiber/Plastic;;1981-01-01;MFL;1981-01-01;;
LVA000000585;;LVA;;;1.06;0.00;0.00;;5.65;0.00;RA044;RA044;RA044;Roja;;N;;N;N;N;;;FX;;GNS, NK;3.73;0.00;Fiber/Plastic;;1993-01-01;MFL;1993-01-01;;
LVA000000586;;LVA;;;3.38;0.00;0.00;;8.60;0.00;RA045;RA045;RA045;Roja;;N;;N;N;N;;;FX;;GNS, NK;19.12;0.00;Wood;;1999-12-31;MFL;1999-01-01;;2013-07-30
LVA000000587;;LVA;;;1.06;0.00;0.00;;5.65;0.00;RA046;RA046;RA046;Roja;;N;;N;N;N;;;FX;;GNS, NK;2.40;0.00;Fiber/Plastic;;1993-01-01;MFL;1993-01-01;;
LVA000000588;;LVA;;;1.06;0.00;0.00;;5.65;0.00;RA047;RA047;RA047;Roja;;N;;N;N;N;;;FX;;GNS, NK;6.00;0.00;Fiber/Plastic;;1987-01-01;MFL;1987-01-01;;
LVA000000589;;LVA;;;4.25;0.00;0.00;;8.00;0.00;RA048;RA048;RA048;Roja;;N;;N;N;N;;;FX;;GNS, NK;36.00;0.00;Metal;;1975-01-01;MFL;1975-01-01;2015-03-11;
LVA000000590;;LVA;;;1.33;0.00;0.00;;5.70;0.00;RA049;RA049;RA049;Roja;;N;;N;N;N;;;FX;;GNS, NK;8.82;0.00;Fiber/Plastic;;1993-01-01;MFL;1993-01-01;;
LVA000000591;;LVA;;;0.88;0.00;0.00;;5.80;0.00;RA050;RA050;RA050;Roja;;N;;N;N;N;;;FX;;GNS, NK;8.82;0.00;Wood;;1991-01-01;MFL;1991-01-01;;
LVA000000592;;LVA;;;0.39;0.00;0.00;;4.36;0.00;RA051;RA051;RA051;Roja;;N;;N;N;N;;;FX;;GNS, NK;0.00;0.00;Fiber/Plastic;;1989-01-01;MFL;1989-01-01;;
LVA000000593;;LVA;;;2.55;0.00;0.00;;8.30;0.00;RA052;RA052;RA052;Roja;;N;;N;N;N;;;FX;;GNS, NK;18.40;0.00;Wood;;1991-12-31;MFL;1991-01-01;2009-04-07;
LVA000000594;;LVA;;;0.82;0.00;0.00;;4.70;0.00;RA053;RA053;RA053;Roja;;N;;N;N;N;;;FX;;GNS, NK;5.88;0.00;Fiber/Plastic;;1993-01-01;MFL;1993-01-01;;
LVA000000595;;LVA;;;1.27;0.00;0.00;;5.50;0.00;RA054;RA054;RA054;Roja;;N;;N;N;N;;;FX;;GNS, NK;5.90;0.00;Fiber/Plastic;;1993-01-01;MFL;1993-01-01;;
LVA000000596;;LVA;;;0.39;0.00;0.00;;4.36;0.00;RA055;RA055;RA055;Roja;;N;;N;N;N;;;FX;;GNS, NK;0.00;0.00;Fiber/Plastic;;1989-01-01;MFL;1989-01-01;;
LVA000000597;;LVA;;;0.53;0.00;0.00;;4.70;0.00;RA056;RA056;RA056;Roja;;N;;N;N;N;;;FX;;GNS, NK;0.00;0.00;Fiber/Plastic;;1987-12-31;MFL;1987-01-01;;
LVA000000598;;LVA;;;0.61;0.00;0.00;;4.40;0.00;RA057;RA057;RA057;Roja;;N;;N;N;N;;;FX;;GNS, NK;0.00;0.00;Fiber/Plastic;;2001-01-01;MFL;2001-01-01;;
LVA000000599;;LVA;;;0.39;0.00;0.00;;4.36;0.00;RA058;RA058;RA058;Roja;;N;;N;N;N;;;FX;;GNS, NK;0.00;0.00;Fiber/Plastic;;1985-12-31;MFL;1985-01-01;;
LVA000000600;;LVA;;;0.24;0.00;0.00;;3.20;0.00;RA059;RA059;RA059;Roja;;N;;N;N;N;;;FX;;GNS, NK;0.00;0.00;Fiber/Plastic;;1989-12-31;MFL;1989-01-01;;
LVA000000601;;LVA;;;0.37;0.00;0.00;;4.10;0.00;RA060;RA060;RA060;Roja;;N;;N;N;N;;;FX;;GNS, NK;3.00;0.00;Fiber/Plastic;;1991-01-01;MFL;1991-01-01;;
LVA000000602;;LVA;;;0.77;0.00;0.00;;4.65;0.00;RA061;RA061;RA061;Roja;;N;;N;N;N;;;FX;;GNS, NK;5.00;0.00;Metal;;1965-01-01;MFL;1965-01-01;;
LVA000000603;;LVA;;;0.39;0.00;0.00;;4.36;0.00;RA062;RA062;RA062;Roja;;N;;N;N;N;;;FX;;GNS, NK;0.00;0.00;Fiber/Plastic;;1985-12-31;MFL;1985-01-01;;
LVA000000604;;LVA;;;0.63;0.00;0.00;;4.88;0.00;RA063;RA063;RA063;Roja;;N;;N;N;N;;;FX;;GNS, NK;0.00;0.00;Fiber/Plastic;;1993-12-31;MFL;1993-01-01;;
LVA000000605;;LVA;;;0.35;0.00;0.00;;4.10;0.00;RA064;RA064;RA064;Roja;;N;;N;N;N;;;FX;;GNS, NK;0.00;0.00;Fiber/Plastic;;1989-01-01;MFL;1989-01-01;;
LVA000000606;;LVA;;;1.12;0.00;0.00;;6.10;0.00;RA065;RA065;RA065;Roja;;N;;N;N;N;;;FX;;GNS, NK;3.60;0.00;Wood;;1994-01-01;MFL;1994-01-01;;
LVA000000607;;LVA;;;0.42;0.00;0.00;;4.00;0.00;RA066;RA066;RA066;Roja;;N;;N;N;N;;;FX;;GNS, NK;0.00;0.00;Metal;;1987-01-01;MFL;1987-01-01;;
LVA000000608;;LVA;;;0.39;0.00;0.00;;4.36;0.00;RA067;RA067;RA067;Roja;;N;;N;N;N;;;FX;;GNS, NK;0.00;0.00;Fiber/Plastic;;1991-12-31;MFL;1991-01-01;;
LVA000000609;;LVA;;;0.45;0.00;0.00;;4.00;0.00;RA068;RA068;RA068;Roja;;N;;N;N;N;;;FX;;GNS, NK;0.00;0.00;Fiber/Plastic;;1988-01-01;MFL;1988-01-01;;
LVA000000610;;LVA;;;0.50;0.00;0.00;;4.35;0.00;RA069;RA069;RA069;Roja;;N;;N;N;N;;;FX;;GNS, NK;0.00;0.00;Other;;1990-12-31;MFL;1990-01-01;;
LVA000000611;;LVA;;;0.39;0.00;0.00;;4.36;0.00;RA070;RA070;RA070;Roja;;N;;N;N;N;;;FX;;GNS, NK;0.00;0.00;Fiber/Plastic;;1973-12-31;MFL;1973-01-01;;
LVA000000612;;LVA;;;0.51;0.00;0.00;;4.00;0.00;RA071;RA071;RA071;Roja;;N;;N;N;N;;;FX;;GNS, NK;0.00;0.00;Metal;;1978-01-01;MFL;1978-01-01;;
LVA000000613;;LVA;;;0.39;0.00;0.00;;4.36;0.00;RA072;RA072;RA072;Roja;;N;;N;N;N;;;FX;;GNS, NK;0.00;0.00;Fiber/Plastic;;1989-12-31;MFL;1989-01-01;;
LVA000000614;;LVA;;;0.39;0.00;0.00;;4.36;0.00;RA073;RA073;RA073;Roja;;N;;N;N;N;;;FX;;GNS, NK;0.00;0.00;Fiber/Plastic;;1989-12-31;MFL;1989-01-01;;
LVA000000615;;LVA;;;0.50;0.00;0.00;;4.63;0.00;RA074;RA074;RA074;Roja;;N;;N;N;N;;;FX;;GNS, NK;8.80;0.00;Metal;;1967-01-01;MFL;1967-01-01;;
LVA000000616;;LVA;;;1.12;0.00;0.00;;5.20;0.00;RA075;RA075;RA075;Roja;;N;;N;N;N;;;FX;;GNS, NK;1.18;0.00;Wood;;1993-12-31;MFL;1993-01-01;2013-01-23;
LVA000000617;;LVA;;;1.06;0.00;0.00;;5.65;0.00;RA076;RA076;RA076;Roja;;N;;N;N;N;;;FX;;GNS, NK;16.40;0.00;Fiber/Plastic;;1992-01-01;MFL;1992-01-01;;
LVA000000618;;LVA;;;1.06;0.00;0.00;;5.65;0.00;RA077;RA077;RA077;Roja;;N;;N;N;N;;;FX;;GNS, NK;16.40;0.00;Fiber/Plastic;;1980-01-01;MFL;1980-01-01;;
LVA000000619;;LVA;;;0.39;0.00;0.00;;4.36;0.00;RA078;RA078;RA078;Roja;;N;;N;N;N;;;FX;;GNS, NK;1.80;0.00;Fiber/Plastic;;1989-01-01;MFL;1989-01-01;;
LVA000000620;;LVA;;;0.73;0.00;0.00;;4.65;0.00;RA079;RA079;RA079;Roja;;N;;N;N;N;;;FX;;GNS, LLS;5.90;0.00;Metal;;1976-01-01;MFL;1976-01-01;;
LVA000000621;;LVA;;;0.39;0.00;0.00;;4.36;0.00;RA080;RA080;RA080;Roja;;N;;N;N;N;;;FX;;GNS, NK;0.00;0.00;Fiber/Plastic;;1990-01-01;MFL;1990-01-01;;
LVA000000622;;LVA;;;0.39;0.00;0.00;;4.36;0.00;RA081;RA081;RA081;Roja;;N;;N;N;N;;;FX;;GNS, NK;0.00;0.00;Fiber/Plastic;;1984-01-01;MFL;1984-01-01;;
LVA000000623;;LVA;;;0.38;0.00;0.00;;4.36;0.00;RA082;RA082;RA082;Roja;;N;;N;N;N;;;FX;;GNS, NK;0.00;0.00;Fiber/Plastic;;1973-01-01;MFL;1973-01-01;;
LVA000000624;;LVA;;;0.77;0.00;0.00;;4.65;0.00;RA083;RA083;RA083;Roja;;N;;N;N;N;;;FX;;GNS, NK;3.68;0.00;Metal;;1971-01-01;MFL;1971-01-01;;
LVA000000625;;LVA;;;0.77;0.00;0.00;;4.65;0.00;RA084;RA084;RA084;Roja;;N;;N;N;N;;;FX;;GNS, NK;0.00;0.00;Metal;;1972-01-01;MFL;1972-01-01;;
LVA000000626;;LVA;;;5.20;0.00;0.00;;9.00;0.00;RA085;RA085;RA085;Roja;;N;;N;N;N;;;FX;;GNS, NK;19.00;0.00;Metal;;1986-01-01;MFL;1986-01-01;;
LVA000000627;;LVA;;;5.20;0.00;0.00;;9.00;0.00;RA086;RA086;RA086;Roja;;N;;N;N;N;;;FX;;GNS, NK;19.00;0.00;Metal;;1986-12-31;MFL;1986-01-01;2012-12-20;
LVA000000628;;LVA;;;0.39;0.00;0.00;;4.36;0.00;RA087;RA087;RA087;Roja;;N;;N;N;N;;;FX;;GNS, NK;0.00;0.00;Fiber/Plastic;;1989-01-01;MFL;1989-01-01;;
LVA000000629;;LVA;;;0.57;0.00;0.00;;4.10;0.00;RA088;RA088;RA088;Roja;;N;;N;N;N;;;FX;;GNS, NK;0.00;0.00;Fiber/Plastic;;1980-12-31;MFL;1980-01-01;;
LVA000000630;;LVA;;;0.23;0.00;0.00;;3.40;0.00;RG018;RG018;RG018;Riga;;N;;N;N;N;;;FX;;GNS, LLS;0.00;0.00;Metal;;1988-01-01;MFL;1988-01-01;;
LVA000000631;;LVA;;;0.38;0.00;0.00;;4.30;0.00;SG012;SG012;SG012;Salacgriva;;N;;N;N;N;;;FX;;GNS, NK;0.00;0.00;Fiber/Plastic;;1978-01-01;MFL;1978-01-01;;
LVA000000632;;LVA;;;0.32;0.00;0.00;;4.70;0.00;SG013;SG013;SG013;Salacgriva;;N;;N;N;N;;;FX;;GNS, NK;0.00;0.00;Metal;;1978-01-01;MFL;1978-01-01;;
LVA000000633;;LVA;;;0.33;0.00;0.00;;3.96;0.00;SG014;SG014;SG014;Salacgriva;;N;;N;N;N;;;FX;;GNS, NK;0.00;0.00;Fiber/Plastic;;1998-01-01;MFL;1998-01-01;;
LVA000000634;;LVA;;;0.36;0.00;0.00;;3.55;0.00;SG015;SG015;SG015;Salacgriva;;N;;N;N;N;;;FX;;GNS, NK;0.00;0.00;Fiber/Plastic;;1979-01-01;MFL;1979-01-01;;
LVA000000635;;LVA;;;0.38;0.00;0.00;;4.10;0.00;SG016;SG016;SG016;Salacgriva;;N;;N;N;N;;;FX;;GNS, LLS;0.00;0.00;Fiber/Plastic;;1978-12-31;MFL;1978-01-01;;2011-02-21
LVA000000636;;LVA;;;0.35;0.00;0.00;;4.10;0.00;SG017;SG017;SG017;Salacgriva;;N;;N;N;N;;;FX;;GNS, NK;0.00;0.00;Fiber/Plastic;;1986-01-01;MFL;1986-01-01;;
LVA000000637;;LVA;;;0.27;0.00;0.00;;3.80;0.00;SG018;SG018;SG018;Salacgriva;;N;;N;N;N;;;FX;;GNS, NK;0.00;0.00;Wood;;1989-01-01;MFL;1989-01-01;;
LVA000000638;;LVA;;;1.05;0.00;0.00;;5.60;0.00;SG019;SG019;SG019;Salacgriva;;N;;N;N;N;;;FX;;GNS, NK;22.40;0.00;Fiber/Plastic;;1992-01-01;MFL;1992-01-01;;
LVA000000639;;LVA;;;0.44;0.00;0.00;;4.20;0.00;SG020;SG020;SG020;Salacgriva;;N;;N;N;N;;;FX;;GNS, NK;0.00;0.00;Fiber/Plastic;;1983-01-01;MFL;1983-01-01;;
LVA000000640;;LVA;;;0.56;0.00;0.00;;4.25;0.00;SG021;SG021;SG021;Salacgriva;;N;;N;N;N;;;FX;;GNS, NK;22.00;0.00;Metal;;1978-12-31;MFL;1978-01-01;;2008-01-02
LVA000000641;;LVA;;;0.24;0.00;0.00;;3.00;0.00;SG022;SG022;SG022;Salacgriva;;N;;N;N;N;;;FX;;GNS, NK;0.00;0.00;Fiber/Plastic;;1987-12-31;MFL;1987-01-01;;2008-01-02
LVA000000642;;LVA;;;0.35;0.00;0.00;;4.10;0.00;SG023;SG023;SG023;Salacgriva;;N;;N;N;N;;;FX;;GNS, NK;0.00;0.00;Fiber/Plastic;;1987-01-01;MFL;1987-01-01;;
LVA000000643;;LVA;;;2.95;0.00;0.00;;6.40;0.00;SG024;SG024;SG024;Salacgriva;;N;;N;N;N;;;FX;;GNS, NK;18.00;0.00;Wood;;1993-01-01;MFL;1993-01-01;;
LVA000000644;;LVA;;;11.38;0.00;0.00;;12.00;0.00;SG025;SG025;SG025;Salacgriva;;N;;N;N;N;;;FX;;GNS, NK;51.00;0.00;Metal;;1998-01-01;MFL;1998-01-01;2015-03-12;
LVA000000645;;LVA;;;2.85;0.00;0.00;;8.25;0.00;SG026;SG026;SG026;Salacgriva;;N;;N;N;N;;;FX;;GNS, NK;8.80;0.00;Wood;;1969-12-31;MFL;1969-01-01;2009-03-24;
LVA000000646;;LVA;;;3.05;0.00;0.00;;8.44;0.00;SG027;SG027;SG027;Salacgriva;;N;;N;N;N;;;FX;;GNS, NK;18.00;0.00;Wood;;1985-12-31;MFL;1985-01-01;2007-10-12;
LVA000000647;;LVA;;;4.22;0.00;0.00;;8.40;0.00;SG028;SG028;SG028;Salacgriva;;N;;N;N;N;;;FX;;GNS, NK;18.40;0.00;Wood;;1993-12-31;MFL;1993-01-01;2008-07-04;
LVA000000648;;LVA;;;0.34;0.00;0.00;;4.36;0.00;SG029;SG029;SG029;Salacgriva;;N;;N;N;N;;;FX;;GNS, NK;0.00;0.00;Fiber/Plastic;;1987-01-01;MFL;1987-01-01;;
LVA000000649;;LVA;;;0.44;0.00;0.00;;4.00;0.00;SG030;SG030;SG030;Salacgriva;;N;;N;N;N;;;FX;;GNS, NK;18.30;0.00;Metal;;1970-01-01;MFL;1970-01-01;;
LVA000000650;;LVA;;;1.34;0.00;0.00;;6.10;0.00;SG031;SG031;SG031;Salacgriva;;N;;N;N;N;;;FX;;GNS, NK;5.90;0.00;Wood;;1994-01-01;MFL;1994-01-01;;2014-09-05
LVA000000651;;LVA;;;2.06;0.00;0.00;;6.20;0.00;SG032;SG032;SG032;Salacgriva;;N;;N;N;N;;;FX;;GNS, NK;18.30;0.00;Metal;;1982-01-01;MFL;1982-01-01;;
LVA000000652;;LVA;;;0.99;0.00;0.00;;5.55;0.00;SG033;SG033;SG033;Salacgriva;;N;;N;N;N;;;FX;;GNS, NK;0.00;0.00;Wood;;1995-01-01;MFL;1995-01-01;;
LVA000000653;;LVA;;;0.35;0.00;0.00;;4.10;0.00;SG034;SG034;SG034;Salacgriva;;N;;N;N;N;;;FX;;GNS, NK;0.00;0.00;Fiber/Plastic;;1987-01-01;MFL;1987-01-01;;
LVA000000654;;LVA;;;4.14;0.00;0.00;;9.29;0.00;SG035;SG035;SG035;Salacgriva;;N;;N;N;N;;;FX;;GNS, LLS;18.40;0.00;Wood;;1990-01-01;MFL;1990-01-01;;
LVA000000655;;LVA;;;0.77;0.00;0.00;;4.65;0.00;SG036;SG036;SG036;Salacgriva;;N;;N;N;N;;;FX;;GNS, LLS;0.00;0.00;Metal;;1972-01-01;MFL;1972-01-01;;
LVA000000656;;LVA;;;2.48;0.00;0.00;;7.40;0.00;SG037;SG037;SG037;Salacgriva;;N;;N;N;N;;;FX;;GNS, NK;18.00;0.00;Wood;;1991-12-31;MFL;1991-01-01;2011-04-13;
LVA000000657;;LVA;;;3.31;0.00;0.00;;9.60;0.00;SG038;SG038;SG038;Salacgriva;;N;;N;N;N;;;FX;;GNS, NK;18.40;0.00;Wood;;1982-12-31;MFL;1982-01-01;2009-03-26;
LVA000000658;;LVA;;;0.77;0.00;0.00;;4.65;0.00;SG039;SG039;SG039;Salacgriva;;N;;N;N;N;;;FX;;GNS, NK;18.40;0.00;Metal;;1972-01-01;MFL;1972-01-01;;
LVA000000659;;LVA;;;5.11;0.00;0.00;;8.83;0.00;SG040;SG040;SG040;Salacgriva;;N;;N;N;N;;;FX;;GNS, NK;18.40;0.00;Wood;;1988-12-31;MFL;1988-01-01;2013-02-21;
LVA000000660;;LVA;;;0.47;0.00;0.00;;4.20;0.00;SG041;SG041;SG041;Salacgriva;;N;;N;N;N;;;FX;;GNS, NK;20.00;0.00;Fiber/Plastic;;1960-12-31;MFL;1960-01-01;;
LVA000000661;;LVA;;;0.36;0.00;0.00;;4.36;0.00;SG042;SG042;SG042;Salacgriva;;N;;N;N;N;;;FX;;GNS, NK;0.00;0.00;Fiber/Plastic;;1990-01-01;MFL;1990-01-01;;
LVA000000662;;LVA;;;9.61;0.00;0.00;;9.97;0.00;SG043;SG043;SG043;Salacgriva;;N;;N;N;N;;;FX;;GNS, NK;40.00;0.00;Wood;;1983-12-31;MFL;1983-01-01;2009-03-26;
LVA000000663;;LVA;;;2.95;0.00;0.00;;6.40;0.00;SG044;SG044;SG044;Salacgriva;;N;;N;N;N;;;FX;;GNS, NK;18.40;0.00;Wood;;1993-12-31;MFL;1993-01-01;2006-10-05;
LVA000000664;;LVA;;;1.82;0.00;0.00;;7.00;0.00;SG045;SG045;SG045;Salacgriva;;N;;N;N;N;;;FX;;GNS, NK;11.00;0.00;Wood;;1995-01-01;MFL;1995-01-01;;
LVA000000665;;LVA;;;0.39;0.00;0.00;;4.36;0.00;SG046;SG046;SG046;Salacgriva;;N;;N;N;N;;;FX;;GNS, NK;0.00;0.00;Fiber/Plastic;;1985-01-01;MFL;1985-01-01;;
LVA000000666;;LVA;;;0.39;0.00;0.00;;4.00;0.00;SG047;SG047;SG047;Salacgriva;;N;;N;N;N;;;FX;;GNS, NK;0.00;0.00;Wood;;1985-01-01;MFL;1985-01-01;;
LVA000000667;;LVA;;;1.03;0.00;0.00;;5.90;0.00;SG048;SG048;SG048;Salacgriva;;N;;N;N;N;;;FX;;GNS, NK;7.63;0.00;Wood;;1982-01-01;MFL;1982-01-01;;
LVA000000668;;LVA;;;0.37;0.00;0.00;;4.20;0.00;SG049;SG049;SG049;Salacgriva;;N;;N;N;N;;;FX;;GNS, NK;18.60;0.00;Fiber/Plastic;;1985-01-01;MFL;1985-01-01;;
LVA000000669;;LVA;;;4.37;0.00;0.00;;8.50;0.00;SG050;SG050;SG050;Salacgriva;;N;;N;N;N;;;FX;;GNS, NK;11.70;0.00;Wood;;1998-12-31;MFL;1998-01-01;2011-04-27;
LVA000000670;;LVA;;;0.48;0.00;0.00;;4.50;0.00;SG051;SG051;SG051;Salacgriva;;N;;N;N;N;;;FX;;GNS, NK;0.00;0.00;Fiber/Plastic;;1992-01-01;MFL;1992-01-01;;
LVA000000672;;LVA;;;1.86;0.00;0.00;;7.00;0.00;SG053;SG053;SG053;Salacgriva;;N;;N;N;N;;;FX;;GNS, NK;19.00;0.00;Wood;;1990-01-01;MFL;1990-01-01;;
LVA000000673;;LVA;;;0.84;0.00;0.00;;6.15;0.00;SG054;SG054;SG054;Salacgriva;;N;;N;N;N;;;FX;;GNS, NK;0.00;0.00;Wood;;1970-01-01;MFL;1970-01-01;;
LVA000000674;;LVA;;;0.56;0.00;0.00;;4.20;0.00;SG055;SG055;SG055;Salacgriva;;N;;N;N;N;;;FX;;GNS, NK;3.50;0.00;Fiber/Plastic;;2002-01-01;MFL;2002-01-01;;
LVA000000675;;LVA;;;1.21;0.00;0.00;;5.50;0.00;RAUDA;VP019;VP019;Ventspils;;N;;N;N;N;;;FX;;GNS, NK;22.00;0.00;Fiber/Plastic;;1984-01-01;MFL;1984-01-01;;
LVA000000676;;LVA;;;0.29;0.00;0.00;;4.20;0.00;VP020;VP020;VP020;Ventspils;;N;;N;N;N;;;FX;;GNS, NK;0.00;0.00;Fiber/Plastic;;1968-01-01;MFL;1968-01-01;;
LVA000000677;;LVA;;;0.44;0.00;0.00;;4.10;0.00;VP021;VP021;VP021;Ventspils;;N;;N;N;N;;;FX;;GNS, NK;6.00;0.00;Metal;;1985-01-01;MFL;1985-01-01;;
LVA000000678;;LVA;;;1898.00;0.00;0.00;;56.11;55.02;DZINTARZEME;LVL0138;LVL0138;Liepaja;;Y;YLAN;Y;Y;Y;;;FX;;OTM, NK;2200.00;1192.00;Metal;;1983-12-31;MFL;1983-01-01;;2011-10-18
LVA000000679;;LVA;;;0.66;0.00;0.00;;4.65;0.00;VENETA;EE090;EE090;Engure;;N;;N;N;N;;;FX;;GNS, NK;0.00;0.00;Metal;;1971-12-31;MFL;1971-01-01;;
LVA000000680;;LVA;;;0.96;0.00;0.00;;5.50;0.00;EE091;EE091;EE091;Engure;;N;;N;N;N;;;FX;;GNS, LLS;8.00;0.00;Fiber/Plastic;;1993-01-01;MFL;1993-01-01;;
LVA000000681;;LVA;;;1.06;0.00;0.00;;5.65;0.00;EE092;EE092;EE092;Engure;;N;;N;N;N;;;FX;;GNS, LLS;7.38;0.00;Fiber/Plastic;;1991-01-01;MFL;1991-01-01;;
LVA000000682;;LVA;;;0.57;0.00;0.00;;4.10;0.00;EE093;EE093;EE093;Engure;;N;;N;N;N;;;FX;;GNS, LLS;10.00;0.00;Wood;;1988-01-01;MFL;1988-01-01;;
LVA000000683;;LVA;;;1.60;0.00;0.00;;6.00;0.00;JUSTĪNE;EE094;EE094;Engure;;N;;N;N;N;;;FX;;GNS, LLS;18.50;0.00;Fiber/Plastic;;1982-01-01;MFL;1982-01-01;;
LVA000000684;;LVA;;;4.09;0.00;0.00;;8.00;0.00;NEMO;EE096;EE096;Engure;;N;;N;N;N;;;FX;;GNS, LLS;40.00;0.00;Fiber/Plastic;;1984-01-01;MFL;1984-01-01;;
LVA000000685;;LVA;;;1.60;0.00;0.00;;6.00;0.00;MĀRĪTE 1;EE097;EE097;Engure;;N;;N;N;N;;;FX;;GNS, LLS;18.50;0.00;Fiber/Plastic;;1982-01-01;MFL;1982-01-01;;
LVA000000686;;LVA;;;0.47;0.00;0.00;;5.00;0.00;EE098;EE098;EE098;Engure;;N;;N;N;N;;;FX;;GNS, LLS;0.00;0.00;Fiber/Plastic;;1992-01-01;MFL;1992-01-01;;
LVA000000687;;LVA;;;0.80;0.00;0.00;;4.50;0.00;EE099;EE099;EE099;Engure;;N;;N;N;N;;;FX;;GNS, NK;0.00;0.00;Fiber/Plastic;;1991-12-31;MFL;1991-01-01;;
LVA000000692;;LVA;;;2.06;0.00;0.00;;6.00;0.00;EE100;EE100;EE100;Engure;;N;;N;N;N;;;FX;;GNS, NK;5.90;0.00;Wood;;1996-01-01;MFL;1996-01-01;;2023-11-01
LVA000000693;;LVA;;;0.50;0.00;0.00;;4.63;0.00;LA052;LA052;LA052;Liepaja;;N;;N;N;N;;;FX;;GNS, NK;0.00;0.00;Metal;;1979-01-01;MFL;1979-01-01;;2016-03-29
LVA000000694;;LVA;;;0.45;0.00;0.00;;4.00;0.00;LA053;LA053;LA053;Liepaja;;N;;N;N;N;;;FX;;GNS, NK;0.00;0.00;Fiber/Plastic;;1988-01-01;MFL;1988-01-01;;
LVA000000695;;LVA;;;0.72;0.00;0.00;;4.69;0.00;LA054;LA054;LA054;Liepaja;;N;;N;N;N;;;FX;;GNS, NK;0.00;0.00;Fiber/Plastic;;1978-12-31;MFL;1978-01-01;;
LVA000000696;;LVA;;;7.32;0.00;0.00;;8.40;0.00;KLINTS;LA055;LA055;Liepaja;;N;;N;N;N;;;FX;;GNS, NK;29.00;0.00;Fiber/Plastic;;1981-12-31;MFL;1981-01-01;2011-04-11;
LVA000000697;;LVA;;;0.72;0.00;0.00;;4.69;0.00;LA056;LA056;LA056;Liepaja;;N;;N;N;N;;;FX;;GNS, NK;0.00;0.00;Metal;;1992-01-01;MFL;1992-01-01;;
LVA000000698;;LVA;;;0.16;0.00;0.00;;3.00;0.00;LA057;LA057;LA057;Liepaja;;N;;N;N;N;;;FX;;GNS, NK;0.00;0.00;Other;;2002-01-01;MFL;2002-01-01;;
LVA000000699;;LVA;;;0.60;0.00;0.00;;4.00;0.00;LA058;LA058;LA058;Liepaja;;N;;N;N;N;;;FX;;GNS, NK;0.00;0.00;Fiber/Plastic;;1986-12-31;MFL;1986-01-01;;
LVA000000700;;LVA;;;0.42;0.00;0.00;;4.00;0.00;LA059;LA059;LA059;Liepaja;;N;;N;N;N;;;FX;;GNS, NK;6.00;0.00;Fiber/Plastic;;1985-01-01;MFL;1985-01-01;;2017-08-11
LVA000000701;;LVA;;;0.31;0.00;0.00;;4.30;0.00;ANNA 1;LA060;LA060;Liepaja;;N;;N;N;N;;;FX;;GNS, NK;3.70;0.00;Fiber/Plastic;;1985-01-01;MFL;1985-01-01;;
LVA000000702;;LVA;;;0.76;0.00;0.00;;4.40;0.00;AGNESE 1;LA061;LA061;Liepaja;;N;;N;N;N;;;FX;;GNS, LLS;0.00;0.00;Fiber/Plastic;;1983-01-01;MFL;1983-01-01;;
LVA000000703;;LVA;;;0.36;0.00;0.00;;4.00;0.00;LA062;LA062;LA062;Liepaja;;N;;N;N;N;;;FX;;GNS, NK;0.00;0.00;Fiber/Plastic;;2003-01-01;MFL;2003-01-01;;2014-12-19
LVA000000704;;LVA;;;0.48;0.00;0.00;;4.00;0.00;NIDA;LA063;LA063;Liepaja;;N;;N;N;N;;;FX;;GNS, NK;0.00;0.00;Fiber/Plastic;;1980-12-31;MFL;1980-01-01;;
LVA000000705;;LVA;;;0.71;0.00;0.00;;4.69;0.00;LA064;LA064;LA064;Liepaja;;N;;N;N;N;;;FX;;GNS, NK;16.90;0.00;Metal;;1983-01-01;MFL;1983-01-01;;2018-06-05
LVA000000706;;LVA;;;0.76;0.00;0.00;;5.30;0.00;LA065;LA065;LA065;Liepaja;;N;;N;N;N;;;FX;;GNS, NK;56.00;0.00;Fiber/Plastic;;1994-01-01;MFL;1994-01-01;;2018-06-05
LVA000000707;;LVA;;;1.21;0.00;0.00;;5.50;0.00;LA066;LA066;LA066;Liepaja;;N;;N;N;N;;;FX;;GNS, NK;0.00;0.00;Fiber/Plastic;;1984-01-01;MFL;1984-01-01;;
LVA000000708;;LVA;;;0.62;0.00;0.00;;4.25;0.00;LA067;LA067;LA067;Liepaja;;N;;N;N;N;;;FX;;GNS, NK;29.40;0.00;Fiber/Plastic;;1977-01-01;MFL;1977-01-01;;2018-04-03
LVA000000709;;LVA;;;0.17;0.00;0.00;;3.00;0.00;LA068;LA068;LA068;Liepaja;;N;;N;N;N;;;FX;;GNS, NK;0.00;0.00;Other;;2000-12-31;MFL;2000-01-01;;
LVA000000710;;LVA;;;0.34;0.00;0.00;;3.20;0.00;INDRA;LA069;LA069;Liepaja;;N;;N;N;N;;;FX;;GNS, NK;0.00;0.00;Metal;;1980-01-01;MFL;1980-01-01;;
LVA000000711;;LVA;;;0.48;0.00;0.00;;4.00;0.00;LA070;LA070;LA070;Liepaja;;N;;N;N;N;;;FX;;GNS, NK;0.00;0.00;Fiber/Plastic;;1980-12-31;MFL;1980-01-01;;
LVA000000712;;LVA;;;0.66;0.00;0.00;;4.65;0.00;LA071;LA071;LA071;Liepaja;;N;;N;N;N;;;FX;;GNS, NK;22.37;0.00;Metal;;1987-01-01;MFL;1987-01-01;;
LVA000000713;;LVA;;;1.89;0.00;0.00;;7.40;0.00;LU028;LU028;LU028;Lielupe;;N;;N;N;N;;;FX;;GNS, NK;12.50;0.00;Wood;;1989-01-01;MFL;1989-01-01;;
LVA000000714;;LVA;;;0.28;0.00;0.00;;4.65;0.00;LU029;LU029;LU029;Lielupe;;N;;N;N;N;;;FX;;GNS, NK;0.00;0.00;Fiber/Plastic;;1991-12-31;MFL;1991-01-01;;
LVA000000715;;LVA;;;1.33;0.00;0.00;;6.50;0.00;LU030;LU030;LU030;Lielupe;;N;;N;N;N;;;FX;;GNS, NK;6.00;0.00;Wood;;1994-12-31;MFL;1994-01-01;;2012-12-27
LVA000000716;;LVA;;;0.52;0.00;0.00;;5.00;0.00;MR017;MR017;MR017;Mersrags;;N;;N;N;N;;;FX;;GNS, LLS;0.00;0.00;Fiber/Plastic;;1993-01-01;MFL;1993-01-01;;
LVA000000717;;LVA;;;0.90;0.00;0.00;;5.00;0.00;MR018;MR018;MR018;Mersrags;;N;;N;N;N;;;FX;;GNS, NK;5.90;0.00;Fiber/Plastic;;1993-01-01;MFL;1993-01-01;;
LVA000000718;;LVA;;;0.53;0.00;0.00;;5.10;0.00;MR019;MR019;MR019;Mersrags;;N;;N;N;N;;;FX;;GNS, NK;0.00;0.00;Fiber/Plastic;;1993-12-31;MFL;1993-01-01;;
LVA000000719;;LVA;;;0.77;0.00;0.00;;4.65;0.00;MR020;MR020;MR020;Mersrags;;N;;N;N;N;;;FX;;GNS, LLS;7.00;0.00;Metal;;1983-01-01;MFL;1983-01-01;;
LVA000000720;;LVA;;;1.45;0.00;0.00;;4.50;0.00;MR021;MR021;MR021;Mersrags;;N;;N;N;N;;;FX;;GNS, NK;3.72;0.00;Fiber/Plastic;;1985-01-01;MFL;1985-01-01;;
LVA000000721;;LVA;;;0.37;0.00;0.00;;4.00;0.00;MR022;MR022;MR022;Mersrags;;N;;N;N;N;;;FX;;GNS, NK;0.00;0.00;Fiber/Plastic;;1980-01-01;MFL;1980-01-01;;
LVA000000722;;LVA;;;0.50;0.00;0.00;;4.63;0.00;VP022;VP022;VP022;Ventspils;;N;;N;N;N;;;FX;;GNS, NK;0.00;0.00;Metal;;1969-01-01;MFL;1969-01-01;;
LVA000000723;;LVA;;;0.99;0.00;0.00;;5.80;0.00;VP023;VP023;VP023;Ventspils;;N;;N;N;N;;;FX;;GNS, NK;14.70;0.00;Fiber/Plastic;;1988-01-01;MFL;1988-01-01;;2014-09-05
LVA000000724;;LVA;;;0.68;0.00;0.00;;4.63;0.00;VP024;VP024;VP024;Ventspils;;N;;N;N;N;;;FX;;GNS, NK;5.90;0.00;Metal;;1973-01-01;MFL;1973-01-01;;
LVA000000725;;LVA;;;0.99;0.00;0.00;;5.80;0.00;VP025;VP025;VP025;Ventspils;;N;;N;N;N;;;FX;;GNS, NK;14.70;0.00;Fiber/Plastic;;1998-01-01;MFL;1998-01-01;;2018-08-06
LVA000000726;;LVA;;;0.75;0.00;0.00;;5.47;0.00;VP026;VP026;VP026;Ventspils;;N;;N;N;N;;;FX;;GNS, LLS;0.00;0.00;Wood;;2000-01-01;MFL;2000-01-01;;
LVA000000727;;LVA;;;0.60;0.00;0.00;;4.63;0.00;VP027;VP027;VP027;Ventspils;;N;;N;N;N;;;FX;;GNS, NK;1.80;0.00;Metal;;1977-01-01;MFL;1977-01-01;;
LVA000000728;;LVA;;;0.54;0.00;0.00;;4.20;0.00;VP028;VP028;VP028;Ventspils;;N;;N;N;N;;;FX;;GNS, NK;7.40;0.00;Fiber/Plastic;;1999-01-01;MFL;1999-01-01;;
LVA000000729;;LVA;;;0.62;0.00;0.00;;5.20;0.00;VP029;VP029;VP029;Ventspils;;N;;N;N;N;;;FX;;GNS, NK;0.00;0.00;Wood;;1994-01-01;MFL;1994-01-01;;
LVA000000730;;LVA;;;0.67;0.00;0.00;;4.50;0.00;VP030;VP030;VP030;Ventspils;;N;;N;N;N;;;FX;;GNS, NK;0.00;0.00;Metal;;1980-01-01;MFL;1980-01-01;;
LVA000000731;;LVA;;;0.39;0.00;0.00;;4.36;0.00;VP031;VP031;VP031;Ventspils;;N;;N;N;N;;;FX;;GNS, LLS;0.00;0.00;Metal;;1980-01-01;MFL;1980-01-01;;
LVA000000732;;LVA;;;0.72;0.00;0.00;;4.69;0.00;VP032;VP032;VP032;Ventspils;;N;;N;N;N;;;FX;;GNS, NK;0.00;0.00;Metal;;1980-01-01;MFL;1980-01-01;;
LVA000000733;;LVA;;;4.61;0.00;0.00;;9.50;0.00;MĀRA;VP033;VP033;Ventspils;;N;;N;N;N;;;FX;;GNS, NK;25.00;0.00;Wood;;1992-12-31;MFL;1992-01-01;2009-04-06;
LVA000000734;;LVA;;;0.18;0.00;0.00;;3.00;0.00;VP034;VP034;VP034;Ventspils;;N;;N;N;N;;;FX;;GNS, NK;3.30;0.00;Fiber/Plastic;;1999-12-31;MFL;1999-01-01;;2005-06-30
LVA000000735;;LVA;;;0.49;0.00;0.00;;5.00;0.00;VP035;VP035;VP035;Ventspils;;N;;N;N;N;;;FX;;GNS, NK;0.00;0.00;Wood;;1994-01-01;MFL;1994-01-01;;
LVA000000736;;LVA;;;0.33;0.00;0.00;;3.80;0.00;VP036;VP036;VP036;Ventspils;;N;;N;N;N;;;FX;;GNS, NK;0.00;0.00;Fiber/Plastic;;1986-01-01;MFL;1986-01-01;;
LVA000000737;;LVA;;;8.71;0.00;0.00;;9.00;0.00;VP037;VP037;VP037;Ventspils;;N;;N;N;N;;;FX;;GNS, NK;58.00;0.00;Metal;;1982-12-31;MFL;1982-01-01;;2005-10-26
LVA000000738;;LVA;;;0.27;0.00;0.00;;3.80;0.00;VP038;VP038;VP038;Ventspils;;N;;N;N;N;;;FX;;GNS, NK;0.00;0.00;Wood;;1993-01-01;MFL;1993-01-01;;
LVA000000739;;LVA;;;0.48;0.00;0.00;;4.00;0.00;VP039;VP039;VP039;Ventspils;;N;;N;N;N;;;FX;;GNS, NK;0.00;0.00;Wood;;2001-01-01;MFL;2001-01-01;;
LVA000000740;;LVA;;;0.61;0.00;0.00;;4.30;0.00;VP040;VP040;VP040;Ventspils;;N;;N;N;N;;;FX;;GNS, NK;23.00;0.00;Fiber/Plastic;;1978-12-31;MFL;1978-01-01;;2008-09-24
LVA000000741;;LVA;;;0.26;0.00;0.00;;3.80;0.00;VP041;VP041;VP041;Ventspils;;N;;N;N;N;;;FX;;GNS, NK;2.94;0.00;Wood;;1986-01-01;MFL;1986-01-01;;
LVA000000742;;LVA;;;0.27;0.00;0.00;;3.80;0.00;VP042;VP042;VP042;Ventspils;;N;;N;N;N;;;FX;;GNS, NK;0.00;0.00;Wood;;1987-01-01;MFL;1987-01-01;;
LVA000000743;;LVA;;;0.42;0.00;0.00;;4.03;0.00;VP043;VP043;VP043;Ventspils;;N;;N;N;N;;;FX;;GNS, NK;0.00;0.00;Metal;;1969-01-01;MFL;1969-01-01;;
LVA000000744;;LVA;;;0.46;0.00;0.00;;4.63;0.00;VP044;VP044;VP044;Ventspils;;N;;N;N;N;;;FX;;GNS, NK;0.00;0.00;Metal;;1970-01-01;MFL;1970-01-01;;
LVA000000745;;LVA;;;0.27;0.00;0.00;;3.80;0.00;VP045;VP045;VP045;Ventspils;;N;;N;N;N;;;FX;;GNS, NK;3.68;0.00;Wood;;1984-01-01;MFL;1984-01-01;;2015-08-25
LVA000000746;;LVA;;;0.44;0.00;0.00;;4.10;0.00;VP046;VP046;VP046;Ventspils;;N;;N;N;N;;;FX;;GNS, NK;0.00;0.00;Metal;;1978-01-01;MFL;1978-01-01;;2015-08-25
LVA000000747;;LVA;;;0.41;0.00;0.00;;5.00;0.00;VP047;VP047;VP047;Ventspils;;N;;N;N;N;;;FX;;GNS, NK;0.00;0.00;Wood;;1987-01-01;MFL;1987-01-01;;
LVA000000748;;LVA;;;1.65;0.00;0.00;;6.00;0.00;VP048;VP048;VP048;Ventspils;;N;;N;N;N;;;FX;;GNS, NK;6.00;0.00;Wood;;1995-12-31;MFL;1995-01-01;;2012-12-27
LVA000000749;;LVA;;;0.35;0.00;0.00;;4.10;0.00;VP049;VP049;VP049;Ventspils;;N;;N;N;N;;;FX;;GNS, NK;1.84;0.00;Fiber/Plastic;;1991-01-01;MFL;1991-01-01;;
LVA000000750;;LVA;;;0.53;0.00;0.00;;4.20;0.00;VP050;VP050;VP050;Ventspils;;N;;N;N;N;;;FX;;GNS, NK;2.00;0.00;Metal;;1980-01-01;MFL;1980-01-01;;
LVA000000751;;LVA;;;0.34;0.00;0.00;;4.20;0.00;VP051;VP051;VP051;Ventspils;;N;;N;N;N;;;FX;;GNS, NK;1.77;0.00;Fiber/Plastic;;1968-01-01;MFL;1968-01-01;;
LVA000000752;;LVA;;;0.77;0.00;0.00;;4.65;0.00;VP052;VP052;VP052;Ventspils;;N;;N;N;N;;;FX;;GNS, NK;0.00;0.00;Metal;;1976-01-01;MFL;1976-01-01;;
LVA000000753;;LVA;;;0.23;0.00;0.00;;4.00;0.00;VP053;VP053;VP053;Ventspils;;N;;N;N;N;;;FX;;GNS, NK;0.00;0.00;Metal;;1972-01-01;MFL;1972-01-01;;
LVA000000754;;LVA;;;0.37;0.00;0.00;;4.00;0.00;VP054;VP054;VP054;Ventspils;;N;;N;N;N;;;FX;;GNS, NK;0.00;0.00;Wood;;1997-12-31;MFL;1997-01-01;;2013-08-02
LVA000000755;;LVA;;;0.39;0.00;0.00;;4.20;0.00;VP055;VP055;VP055;Ventspils;;N;;N;N;N;;;FX;;GNS, NK;0.00;0.00;Fiber/Plastic;;1986-01-01;MFL;1986-01-01;;
LVA000000756;;LVA;;;0.39;0.00;0.00;;4.20;0.00;VP056;VP056;VP056;Ventspils;;N;;N;N;N;;;FX;;GNS, NK;0.00;0.00;Fiber/Plastic;;1990-01-01;MFL;1990-01-01;;
LVA000000757;;LVA;;;0.50;0.00;0.00;;4.40;0.00;VP057;VP057;VP057;Ventspils;;N;;N;N;N;;;FX;;GNS, NK;2.20;0.00;Fiber/Plastic;;1992-01-01;MFL;1992-01-01;;
LVA000000758;;LVA;;;0.23;0.00;0.00;;3.00;0.00;VP058;VP058;VP058;Ventspils;;N;;N;N;N;;;FX;;GNS, NK;2.20;0.00;Other;;1998-01-01;MFL;1998-01-01;;
LVA000000759;;LVA;;;0.50;0.00;0.00;;4.65;0.00;VP059;VP059;VP059;Ventspils;;N;;N;N;N;;;FX;;GNS, NK;0.00;0.00;Metal;;1973-01-01;MFL;1973-01-01;;
LVA000000760;;LVA;;;0.27;0.00;0.00;;3.80;0.00;VP060;VP060;VP060;Ventspils;;N;;N;N;N;;;FX;;GNS, NK;0.00;0.00;Fiber/Plastic;;1980-01-01;MFL;1980-01-01;;
LVA000000761;;LVA;;;0.48;0.00;0.00;;4.00;0.00;VP061;VP061;VP061;Ventspils;;N;;N;N;N;;;FX;;GNS, NK;0.00;0.00;Fiber/Plastic;;1985-01-01;MFL;1985-01-01;;
LVA000000762;;LVA;;;0.37;0.00;0.00;;4.20;0.00;VP062;VP062;VP062;Ventspils;;N;;N;N;N;;;FX;;GNS, NK;0.00;0.00;Fiber/Plastic;;1992-12-31;MFL;1992-01-01;;2008-12-15
LVA000000763;;LVA;;;0.77;0.00;0.00;;4.65;0.00;VP063;VP063;VP063;Ventspils;;N;;N;N;N;;;FX;;GNS, NK;15.00;0.00;Metal;;1978-12-31;MFL;1978-01-01;;2012-12-27
LVA000000764;;LVA;;;0.27;0.00;0.00;;3.80;0.00;VP064;VP064;VP064;Ventspils;;N;;N;N;N;;;FX;;GNS, NK;0.00;0.00;Fiber/Plastic;;1976-01-01;MFL;1976-01-01;;
LVA000000765;;LVA;;;0.36;0.00;0.00;;3.80;0.00;VP065;VP065;VP065;Ventspils;;N;;N;N;N;;;FX;;GNS, NK;0.00;0.00;Metal;;1989-01-01;MFL;1989-01-01;;
LVA000000766;;LVA;;;0.35;0.00;0.00;;4.10;0.00;VP066;VP066;VP066;Ventspils;;N;;N;N;N;;;FX;;GNS, NK;0.00;0.00;Fiber/Plastic;;1991-01-01;MFL;1991-01-01;;
LVA000000767;;LVA;;;0.18;0.00;0.00;;2.50;0.00;VP067;VP067;VP067;Ventspils;;N;;N;N;N;;;FX;;GNS, NK;0.00;0.00;Fiber/Plastic;;1998-01-01;MFL;1998-01-01;;
LVA000000768;;LVA;;;0.42;0.00;0.00;;4.20;0.00;VP068;VP068;VP068;Ventspils;;N;;N;N;N;;;FX;;GNS, LLS;2.00;0.00;Fiber/Plastic;;1989-01-01;MFL;1989-01-01;;
LVA000000769;;LVA;;;0.18;0.00;0.00;;3.40;0.00;VP069;VP069;VP069;Ventspils;;N;;N;N;N;;;FX;;GNS, LLS;0.00;0.00;Metal;;1990-01-01;MFL;1990-01-01;;
LVA000000770;;LVA;;;9.38;0.00;0.00;;12.50;0.00;ZANE;SE013;SE013;Skulte;;N;;N;Y;N;;;FX;;GNS, NK;52.00;0.00;Metal;;1971-12-31;MFL;1971-01-01;2008-12-03;
LVA000000771;;LVA;;;9.50;0.00;0.00;;12.04;0.00;ZĪLE;SE014;SE014;Skulte;;N;;N;Y;N;;;FX;;GNS, NK;52.00;0.00;Metal;;1969-12-31;MFL;1969-01-01;2006-10-02;
LVA000000772;;LVA;;;1.67;0.00;0.00;;7.05;0.00;ZITA;SE015;SE015;Skulte;;N;;N;N;N;;;FX;;GNS, NK;0.00;0.00;Wood;;1987-12-31;MFL;1987-01-01;;2012-04-18
LVA000000773;;LVA;;;5.76;0.00;0.00;;8.00;0.00;KRISTĪNE;SE016;SE016;Skulte;;N;;N;N;N;;;FX;;GNS, NK;3.00;0.00;Fiber/Plastic;;1990-12-31;MFL;1990-01-01;2012-10-22;
LVA000000774;;LVA;;;1.43;0.00;0.00;;7.00;0.00;SE017;SE017;SE017;Skulte;;N;;N;N;N;;;FX;;GNS, NK;13.20;0.00;Wood;;1992-01-01;MFL;1992-01-01;;
LVA000000775;;LVA;;;0.91;0.00;0.00;;5.80;0.00;SE018;SE018;SE018;Skulte;;N;;N;N;N;;;FX;;GNS, NK;3.68;0.00;Wood;;1990-01-01;MFL;1990-01-01;;
LVA000000776;;LVA;;;0.36;0.00;0.00;;4.30;0.00;SE019;SE019;SE019;Skulte;;N;;N;N;N;;;FX;;GNS, NK;15.00;0.00;Fiber/Plastic;;1989-01-01;MFL;1989-01-01;;
LVA000000777;;LVA;;;0.84;0.00;0.00;;6.00;0.00;SE020;SE020;SE020;Skulte;;N;;N;N;N;;;FX;;GNS, NK;3.00;0.00;Wood;;1991-01-01;MFL;1991-01-01;;
LVA000000778;;LVA;;;0.40;0.00;0.00;;4.36;0.00;MR023;MR023;MR023;Mersrags;;N;;N;N;N;;;FX;;GNS, NK;0.00;0.00;Fiber/Plastic;;1988-12-31;MFL;1988-01-01;;
LVA000000779;;LVA;;;0.78;0.00;0.00;;5.50;0.00;MR024;MR024;MR024;Mersrags;;N;;N;N;N;;;FX;;GNS, NK;3.50;0.00;Fiber/Plastic;;1993-01-01;MFL;1993-01-01;;
LVA000000780;;LVA;;;0.29;0.00;0.00;;3.70;0.00;MR025;MR025;MR025;Mersrags;;N;;N;N;N;;;FX;;GNS, NK;0.00;0.00;Wood;;1971-01-01;MFL;1971-01-01;;
LVA000000781;;LVA;;;0.43;0.00;0.00;;4.40;0.00;MR026;MR026;MR026;Mersrags;;N;;N;N;N;;;FX;;GNS, NK;7.30;0.00;Fiber/Plastic;;2001-01-01;MFL;2001-01-01;;
LVA000000782;;LVA;;;0.69;0.00;0.00;;5.00;0.00;MR027;MR027;MR027;Mersrags;;N;;N;N;N;;;FX;;GNS, NK;20.00;0.00;Wood;;1998-01-01;MFL;1998-01-01;;
LVA000000783;;LVA;;;0.39;0.00;0.00;;4.36;0.00;MR028;MR028;MR028;Mersrags;;N;;N;N;N;;;FX;;GNS, NK;3.70;0.00;Fiber/Plastic;;1990-01-01;MFL;1990-01-01;;
LVA000000784;;LVA;;;0.96;0.00;0.00;;5.50;0.00;MR029;MR029;MR029;Mersrags;;N;;N;N;N;;;FX;;GNS, NK;0.00;0.00;Fiber/Plastic;;1991-01-01;MFL;1991-01-01;;
LVA000000785;;LVA;;;0.39;0.00;0.00;;4.36;0.00;MR030;MR030;MR030;Mersrags;;N;;N;N;N;;;FX;;GNS, NK;0.00;0.00;Fiber/Plastic;;1990-12-31;MFL;1990-01-01;;
LVA000000786;;LVA;;;0.34;0.00;0.00;;4.20;0.00;SE021;SE021;SE021;Skulte;;N;;N;N;N;;;FX;;GNS, NK;0.00;0.00;Fiber/Plastic;;1990-01-01;MFL;1990-01-01;;
LVA000000787;;LVA;;;0.85;0.00;0.00;;4.21;0.00;SE022;SE022;SE022;Skulte;;N;;N;N;N;;;FX;;GNS, NK;0.00;0.00;Fiber/Plastic;;1981-12-31;MFL;1981-01-01;;
LVA000000788;;LVA;;;0.42;0.00;0.00;;4.60;0.00;SE023;SE023;SE023;Skulte;;N;;N;N;N;;;FX;;GNS, NK;0.00;0.00;Fiber/Plastic;;1982-01-01;MFL;1982-01-01;;
LVA000000789;;LVA;;;0.48;0.00;0.00;;3.50;0.00;SE024;SE024;SE024;Skulte;;N;;N;N;N;;;FX;;GNS, NK;0.00;0.00;Wood;;1983-12-31;MFL;1983-01-01;;
LVA000000790;;LVA;;;0.42;0.00;0.00;;4.00;0.00;SE025;SE025;SE025;Skulte;;N;;N;N;N;;;FX;;GNS, NK;0.00;0.00;Fiber/Plastic;;1990-12-31;MFL;1990-01-01;;
LVA000000791;;LVA;;;0.68;0.00;0.00;;4.63;0.00;SE026;SE026;SE026;Skulte;;N;;N;N;N;;;FX;;GNS, NK;10.00;0.00;Metal;;1982-01-01;MFL;1982-01-01;;
LVA000000792;;LVA;;;1.00;0.00;0.00;;6.00;0.00;SE027;SE027;SE027;Skulte;;N;;N;N;N;;;FX;;GNS, LLS;8.80;0.00;Wood;;1985-01-01;MFL;1985-01-01;;
LVA000000793;;LVA;;;1.06;0.00;0.00;;6.00;0.00;SE028;SE028;SE028;Skulte;;N;;N;N;N;;;FX;;GNS, NK;0.00;0.00;Wood;;1992-01-01;MFL;1992-01-01;;
LVA000000794;;LVA;;;5.13;0.00;0.00;;8.20;0.00;SE029;SE029;SE029;Skulte;;N;;N;N;N;;;FX;;GNS, NK;15.00;0.00;Fiber/Plastic;;2003-01-01;MFL;2003-01-01;;
LVA000000795;;LVA;;;0.43;0.00;0.00;;4.50;0.00;SE030;SE030;SE030;Skulte;;N;;N;N;N;;;FX;;GNS, NK;18.00;0.00;Fiber/Plastic;;1973-12-31;MFL;1973-01-01;2012-09-03;
LVA000000796;;LVA;;;0.35;0.00;0.00;;4.20;0.00;SE031;SE031;SE031;Skulte;;N;;N;N;N;;;FX;;GNS, NK;0.00;0.00;Fiber/Plastic;;1984-01-01;MFL;1984-01-01;;
LVA000000797;;LVA;;;0.89;0.00;0.00;;4.60;0.00;SE032;SE032;SE032;Skulte;;N;;N;N;N;;;FX;;GNS, NK;8.00;0.00;Fiber/Plastic;;1982-01-01;MFL;1982-01-01;;
LVA000000798;;LVA;;;0.65;0.00;0.00;;4.50;0.00;SE033;SE033;SE033;Skulte;;N;;N;N;N;;;FX;;GNS, NK;0.00;0.00;Fiber/Plastic;;1974-12-31;MFL;1974-01-01;;
LVA000000799;;LVA;;;0.31;0.00;0.00;;4.50;0.00;SE034;SE034;SE034;Skulte;;N;;N;N;N;;;FX;;GNS, NK;0.00;0.00;Metal;;1980-01-01;MFL;1980-01-01;;
LVA000000800;;LVA;;;0.69;0.00;0.00;;4.63;0.00;SE035;SE035;SE035;Skulte;;N;;N;N;N;;;FX;;GNS, NK;0.00;0.00;Metal;;1977-01-01;MFL;1977-01-01;;
LVA000000801;;LVA;;;0.29;0.00;0.00;;3.80;0.00;SE036;SE036;SE036;Skulte;;N;;N;N;N;;;FX;;GNS, NK;0.00;0.00;Fiber/Plastic;;1985-01-01;MFL;1985-01-01;;
LVA000000802;;LVA;;;0.57;0.00;0.00;;4.50;0.00;SE037;SE037;SE037;Skulte;;N;;N;N;N;;;FX;;GNS, NK;0.00;0.00;Metal;;1990-01-01;MFL;1990-01-01;;
LVA000000803;;LVA;;;0.77;0.00;0.00;;4.65;0.00;SE038;SE038;SE038;Skulte;;N;;N;N;N;;;FX;;GNS, LLS;14.00;0.00;Metal;;1973-01-01;MFL;1973-01-01;;
LVA000000804;;LVA;;;0.27;0.00;0.00;;3.80;0.00;SE039;SE039;SE039;Skulte;;N;;N;N;N;;;FX;;GNS, NK;0.00;0.00;Wood;;1982-12-31;MFL;1982-01-01;;
LVA000000805;;LVA;;;0.41;0.00;0.00;;3.50;0.00;RONIS;SE040;SE040;Skulte;;N;;N;N;N;;;FX;;GNS, NK;0.00;0.00;Fiber/Plastic;;1970-01-01;MFL;1970-01-01;;
LVA000000806;;LVA;;;0.81;0.00;0.00;;5.70;0.00;SE041;SE041;SE041;Skulte;;N;;N;N;N;;;FX;;GNS, NK;10.00;0.00;Fiber/Plastic;;1969-01-01;MFL;1969-01-01;;
LVA000000807;;LVA;;;1.02;0.00;0.00;;6.00;0.00;SE042;SE042;SE042;Skulte;;N;;N;N;N;;;FX;;GNS, NK;14.70;0.00;Fiber/Plastic;;1993-01-01;MFL;1993-01-01;;
LVA000000808;;LVA;;;0.34;0.00;0.00;;4.30;0.00;SE043;SE043;SE043;Skulte;;N;;N;N;N;;;FX;;GNS, NK;0.00;0.00;Fiber/Plastic;;1988-01-01;MFL;1988-01-01;;
LVA000000809;;LVA;;;1.19;0.00;0.00;;6.00;0.00;SE044;SE044;SE044;Skulte;;N;;N;N;N;;;FX;;GNS, NK;0.00;0.00;Wood;;1992-01-01;MFL;1992-01-01;;
LVA000000810;;LVA;;;0.39;0.00;0.00;;4.36;0.00;SE045;SE045;SE045;Skulte;;N;;N;N;N;;;FX;;GNS, NK;0.00;0.00;Fiber/Plastic;;1999-12-31;MFL;1999-01-01;;
LVA000000811;;LVA;;;1.38;0.00;0.00;;6.10;0.00;SE046;SE046;SE046;Skulte;;N;;N;N;N;;;FX;;GNS, NK;15.00;0.00;Metal;;1980-01-01;MFL;1980-01-01;;
LVA000000812;;LVA;;;0.91;0.00;0.00;;5.50;0.00;SE047;SE047;SE047;Skulte;;N;;N;N;N;;;FX;;GNS, NK;3.70;0.00;Fiber/Plastic;;1998-01-01;MFL;1998-01-01;;
LVA000000813;;LVA;;;1.29;0.00;0.00;;5.80;0.00;MARTA;SE048;SE048;Skulte;;N;;N;N;N;;;FX;;GNS, NK;19.00;0.00;Wood;;1995-01-01;MFL;1995-01-01;;
LVA000000814;;LVA;;;1.26;0.00;0.00;;6.20;5.95;SE049;SE049;SE049;Skulte;;N;;N;N;N;;;FX;;GNS, NK;4.00;0.00;Wood;;1983-12-31;MFL;1983-01-01;2025-08-08;
LVA000000815;;LVA;;;2.13;0.00;0.00;;7.00;0.00;SE050;SE050;SE050;Skulte;;N;;N;N;N;;;FX;;GNS, NK;9.20;0.00;Wood;;1980-01-01;MFL;1980-01-01;;
LVA000000816;;LVA;;;1.13;0.00;0.00;;6.00;0.00;SE051;SE051;SE051;Skulte;;N;;N;N;N;;;FX;;GNS, NK;0.00;0.00;Wood;;1976-01-01;MFL;1976-01-01;;
LVA000000817;;LVA;;;0.52;0.00;0.00;;4.50;0.00;SE052;SE052;SE052;Skulte;;N;;N;N;N;;;FX;;GNS, NK;0.00;0.00;Fiber/Plastic;;1988-01-01;MFL;1988-01-01;;
LVA000000818;;LVA;;;1.30;0.00;0.00;;6.50;0.00;SE053;SE053;SE053;Skulte;;N;;N;N;N;;;FX;;GNS, NK;0.00;0.00;Wood;;1994-01-01;MFL;1994-01-01;;
LVA000000819;;LVA;;;2.45;0.00;0.00;;7.50;0.00;SE054;SE054;SE054;Skulte;;N;;N;N;N;;;FX;;GNS, NK;4.00;0.00;Wood;;1994-12-31;MFL;1994-01-01;2007-01-10;
LVA000000820;;LVA;;;1.35;0.00;0.00;;6.00;0.00;SE055;SE055;SE055;Skulte;;N;;N;N;N;;;FX;;GNS, NK;7.40;0.00;Fiber/Plastic;;1976-01-01;MFL;1976-01-01;;
LVA000000821;;LVA;;;1.28;0.00;0.00;;5.50;0.00;SE056;SE056;SE056;Skulte;;N;;N;N;N;;;FX;;GNS, NK;0.00;0.00;Wood;;1995-01-01;MFL;1995-01-01;;
LVA000000822;;LVA;;;0.76;0.00;0.00;;5.50;0.00;SE057;SE057;SE057;Skulte;;N;;N;N;N;;;FX;;GNS, NK;0.00;0.00;Wood;;1996-01-01;MFL;1996-01-01;;
LVA000000823;;LVA;;;0.38;0.00;0.00;;4.10;0.00;SE058;SE058;SE058;Skulte;;N;;N;N;N;;;FX;;GNS, NK;2.00;0.00;Fiber/Plastic;;1974-12-31;MFL;1974-01-01;;2010-12-09
LVA000000824;;LVA;;;1.62;0.00;0.00;;6.30;0.00;SE059;SE059;SE059;Skulte;;N;;N;N;N;;;FX;;GNS, NK;7.00;0.00;Fiber/Plastic;;1965-12-31;MFL;1965-01-01;2011-05-06;
LVA000000825;;LVA;;;0.96;0.00;0.00;;5.00;4.80;SE060;SE060;SE060;Skulte;;N;;N;N;N;;;FX;;GNS, NK;3.70;0.00;Fiber/Plastic;;1974-12-31;MFL;1974-01-01;;
LVA000000826;;LVA;;;0.48;0.00;0.00;;4.20;0.00;SE061;SE061;SE061;Skulte;;N;;N;N;N;;;FX;;GNS, NK;0.00;0.00;Fiber/Plastic;;1985-01-01;MFL;1985-01-01;;
LVA000000827;;LVA;;;8.09;0.00;0.00;;11.08;0.00;SE062;SE062;SE062;Skulte;;N;;N;N;N;;;FX;;GNS, NK;51.50;0.00;Wood;;1989-12-31;MFL;1989-01-01;2011-04-18;
LVA000000828;;LVA;;;5.61;0.00;0.00;;9.80;0.00;SE063;SE063;SE063;Skulte;;N;;N;N;N;;;FX;;GNS, NK;29.00;0.00;Metal;;2001-01-01;MFL;2001-01-01;;2022-06-14
LVA000000829;;LVA;;;1.13;0.00;0.00;;6.00;0.00;SE064;SE064;SE064;Skulte;;N;;N;N;N;;;FX;;GNS, NK;0.00;0.00;Wood;;1999-01-01;MFL;1999-01-01;;2022-06-14
LVA000000830;;LVA;;;0.90;0.00;0.00;;6.00;0.00;SE065;SE065;SE065;Skulte;;N;;N;N;N;;;FX;;GNS, NK;0.00;0.00;Wood;;1994-01-01;MFL;1994-01-01;;2022-06-14
LVA000000831;;LVA;;;1.13;0.00;0.00;;6.00;0.00;SE066;SE066;SE066;Skulte;;N;;N;N;N;;;FX;;GNS, NK;0.00;0.00;Wood;;1999-01-01;MFL;1999-01-01;;2022-06-14
LVA000000832;;LVA;;;1.13;0.00;0.00;;6.00;0.00;SE067;SE067;SE067;Skulte;;N;;N;N;N;;;FX;;GNS, NK;0.00;0.00;Wood;;1999-01-01;MFL;1999-01-01;;2022-06-14
LVA000000833;;LVA;;;7.44;0.00;0.00;;11.08;0.00;SE068;SE068;SE068;Skulte;;N;;N;N;N;;;FX;;GNS, NK;36.70;0.00;Wood;;1989-12-31;MFL;1989-01-01;;2009-01-05
LVA000000834;;LVA;;;0.70;0.00;0.00;;6.00;0.00;SE070;SE070;SE070;Skulte;;N;;N;N;N;;;FX;;GNS, NK;0.00;0.00;Wood;;1996-01-01;MFL;1996-01-01;;
LVA000000835;;LVA;;;0.90;0.00;0.00;;6.00;0.00;SE069;SE069;SE069;Skulte;;N;;N;N;N;;;FX;;GNS, NK;0.00;0.00;Wood;;2001-01-01;MFL;2001-01-01;;2019-04-13
LVA000000836;;LVA;;;1.97;0.00;0.00;;8.00;0.00;SE071;SE071;SE071;Skulte;;N;;N;N;N;;;FX;;GNS, LLS;18.30;0.00;Wood;;1990-12-31;MFL;1990-01-01;2011-05-09;
LVA000000837;;LVA;;;0.70;0.00;0.00;;6.00;0.00;SE072;SE072;SE072;Skulte;;N;;N;N;N;;;FX;;GNS, LLS;3.70;0.00;Wood;;1998-01-01;MFL;1998-01-01;;
LVA000000838;;LVA;;;0.90;0.00;0.00;;6.00;0.00;SE073;SE073;SE073;Skulte;;N;;N;N;N;;;FX;;GNS, NK;0.00;0.00;Wood;;1988-01-01;MFL;1988-01-01;;
LVA000000839;;LVA;;;5.65;0.00;0.00;;9.78;0.00;SE074;SE074;SE074;Skulte;;N;;N;N;N;;;FX;;GNS, LLS;25.00;0.00;Metal;;2002-01-01;MFL;2002-01-01;;
LVA000000840;;LVA;;;0.90;0.00;0.00;;6.00;0.00;SE075;SE075;SE075;Skulte;;N;;N;N;N;;;FX;;GNS, LLS;0.00;0.00;Wood;;1988-01-01;MFL;1988-01-01;;
LVA000000841;;LVA;;;6.77;0.00;0.00;;9.93;0.00;SE076;SE076;SE076;Skulte;;N;;N;N;N;;;FX;;GNS, NK;29.40;0.00;Metal;;1998-01-01;MFL;1998-01-01;;
LVA000000842;;LVA;;;0.70;0.00;0.00;;6.00;0.00;SE077;SE077;SE077;Skulte;;N;;N;N;N;;;FX;;GNS, NK;2.60;0.00;Wood;;1990-01-01;MFL;1990-01-01;;
LVA000000843;;LVA;;;0.70;0.00;0.00;;6.00;0.00;SE078;SE078;SE078;Skulte;;N;;N;N;N;;;FX;;GNS, NK;0.00;0.00;Wood;;1992-01-01;MFL;1992-01-01;;
LVA000000844;;LVA;;;0.70;0.00;0.00;;6.00;0.00;SE079;SE079;SE079;Skulte;;N;;N;N;N;;;FX;;GNS, NK;2.60;0.00;Wood;;1998-01-01;MFL;1998-01-01;;
LVA000000845;;LVA;;;0.90;0.00;0.00;;6.00;0.00;SE080;SE080;SE080;Skulte;;N;;N;N;N;;;FX;;GNS, NK;0.00;0.00;Wood;;1987-01-01;MFL;1987-01-01;;
LVA000000846;;LVA;;;0.70;0.00;0.00;;6.00;0.00;SE081;SE081;SE081;Skulte;;N;;N;N;N;;;FX;;GNS, NK;0.00;0.00;Wood;;1996-01-01;MFL;1996-01-01;;
LVA000000847;;LVA;;;8.41;0.00;0.00;;11.07;0.00;SE082;SE082;SE082;Skulte;;N;;N;N;N;;;FX;;GNS, NK;40.40;0.00;Wood;;1991-12-31;MFL;1991-01-01;2009-05-27;
LVA000000848;;LVA;;;8.53;0.00;0.00;;11.50;0.00;SE083;SE083;SE083;Skulte;;N;;N;N;N;;;FX;;GNS, NK;36.80;0.00;Wood;;1992-12-31;MFL;1992-01-01;;2006-09-26
LVA000000849;;LVA;;;0.70;0.00;0.00;;6.00;0.00;SE084;SE084;SE084;Skulte;;N;;N;N;N;;;FX;;GNS, NK;0.00;0.00;Wood;;1998-01-01;MFL;1998-01-01;;
LVA000000850;;LVA;;;0.57;0.00;0.00;;4.35;0.00;SE085;SE085;SE085;Skulte;;N;;N;N;N;;;FX;;GNS, NK;5.50;0.00;Fiber/Plastic;;1984-01-01;MFL;1984-01-01;;
LVA000000851;;LVA;;;0.22;0.00;0.00;;3.15;0.00;SE086;SE086;SE086;Skulte;;N;;N;N;N;;;FX;;GNS, NK;0.00;0.00;Other;;1998-01-01;MFL;1998-01-01;;
LVA000000852;;LVA;;;0.39;0.00;0.00;;4.70;0.00;SE087;SE087;SE087;Skulte;;N;;N;N;N;;;FX;;GNS, NK;0.00;0.00;Fiber/Plastic;;1981-12-31;MFL;1981-01-01;;
LVA000000853;;LVA;;;0.24;0.00;0.00;;3.22;0.00;VILNIS;SE088;SE088;Skulte;;N;;N;N;N;;;FX;;GNS, NK;0.00;0.00;Fiber/Plastic;;1981-01-01;MFL;1981-01-01;;
LVA000000854;;LVA;;;0.18;0.00;0.00;;2.50;0.00;SE089;SE089;SE089;Skulte;;N;;N;N;N;;;FX;;GNS, NK;0.00;0.00;Fiber/Plastic;;1988-12-31;MFL;1988-01-01;;
LVA000000855;;LVA;;;0.37;0.00;0.00;;4.00;0.00;SE090;SE090;SE090;Skulte;;N;;N;N;N;;;FX;;GNS, NK;0.00;0.00;Fiber/Plastic;;1980-01-01;MFL;1980-01-01;;2021-07-21
LVA000000856;;LVA;;;1.38;0.00;0.00;;6.10;0.00;SE091;SE091;SE091;Skulte;;N;;N;N;N;;;FX;;GNS, NK;22.10;0.00;Metal;;1979-01-01;MFL;1979-01-01;;
LVA000000857;;LVA;;;1.38;0.00;0.00;;6.10;0.00;SE092;SE092;SE092;Skulte;;N;;N;N;N;;;FX;;GNS, NK;0.00;0.00;Metal;;1980-12-31;MFL;1980-01-01;;
LVA000000858;;LVA;;;1.06;0.00;0.00;;5.65;0.00;SE093;SE093;SE093;Skulte;;N;;N;N;N;;;FX;;GNS, LLS;18.60;0.00;Fiber/Plastic;;1990-01-01;MFL;1990-01-01;;
LVA000000859;;LVA;;;0.55;0.00;0.00;;4.50;0.00;SE094;SE094;SE094;Skulte;;N;;N;N;N;;;FX;;GNS, NK;0.00;0.00;Fiber/Plastic;;1976-12-31;MFL;1976-01-01;;
LVA000000860;;LVA;;;5.82;0.00;0.00;;8.50;0.00;SE095;SE095;SE095;Skulte;;N;;N;N;N;;;FX;;GNS, NK;27.20;0.00;Fiber/Plastic;;1980-01-01;MFL;1980-01-01;;
LVA000000861;;LVA;;;1.03;0.00;0.00;;6.10;0.00;SE096;SE096;SE096;Skulte;;N;;N;N;N;;;FX;;GNS, NK;8.80;0.00;Wood;;1989-01-01;MFL;1989-01-01;;
LVA000000862;;LVA;;;1.73;0.00;0.00;;7.00;0.00;SE097;SE097;SE097;Skulte;;N;;N;N;N;;;FX;;GNS, NK;0.00;0.00;Wood;;1989-01-01;MFL;1989-01-01;;
LVA000000863;;LVA;;;0.53;0.00;0.00;;4.20;0.00;SE098;SE098;SE098;Skulte;;N;;N;N;N;;;FX;;GNS, NK;0.00;0.00;Metal;;1973-01-01;MFL;1973-01-01;;
LVA000000864;;LVA;;;0.36;0.00;0.00;;4.10;0.00;SE099;SE099;SE099;Skulte;;N;;N;N;N;;;FX;;GNS, NK;0.00;0.00;Fiber/Plastic;;1980-01-01;MFL;1980-01-01;;
LVA000000865;;LVA;;;0.42;0.00;0.00;;4.60;0.00;SE100;SE100;SE100;Skulte;;N;;N;N;N;;;FX;;GNS, NK;0.00;0.00;Fiber/Plastic;;1975-01-01;MFL;1975-01-01;;
LVA000000866;;LVA;;;0.38;0.00;0.00;;4.80;0.00;SE101;SE101;SE101;Skulte;;N;;N;N;N;;;FX;;GNS, NK;0.00;0.00;Wood;;1994-01-01;MFL;1994-01-01;;
LVA000000867;;LVA;;;3.61;0.00;0.00;;8.70;0.00;SE102;SE102;SE102;Skulte;;N;;N;N;N;;;FX;;GNS, NK;14.70;0.00;Wood;;1995-12-31;MFL;1995-01-01;2011-05-10;
LVA000000868;;LVA;;;1.61;0.00;0.00;;6.00;0.00;SĒKLIS;SG056;SG056;Salacgriva;;N;;N;N;N;;;FX;;GNS, NK;18.00;0.00;Fiber/Plastic;;1989-01-01;MFL;1989-01-01;2015-07-09;
LVA000000869;;LVA;;;0.47;0.00;0.00;;4.20;0.00;SG057;SG057;SG057;Salacgriva;;N;;N;N;N;;;FX;;GNS, NK;0.00;0.00;Fiber/Plastic;;1978-01-01;MFL;1978-01-01;;
LVA000000870;;LVA;;;0.37;0.00;0.00;;4.20;0.00;SG058;SG058;SG058;Salacgriva;;N;;N;N;N;;;FX;;GNS, NK;0.00;0.00;Fiber/Plastic;;1980-01-01;MFL;1980-01-01;;
LVA000000871;;LVA;;;0.16;0.00;0.00;;2.85;0.00;SG059;SG059;SG059;Salacgriva;;N;;N;N;N;;;FX;;GNS, NK;2.40;0.00;Fiber/Plastic;;2000-01-01;MFL;2000-01-01;;
LVA000000872;;LVA;;;0.28;0.00;0.00;;4.50;0.00;SG060;SG060;SG060;Salacgriva;;N;;N;N;N;;;FX;;GNS, NK;1.50;0.00;Fiber/Plastic;;1999-01-01;MFL;1999-01-01;;
LVA000000873;;LVA;;;0.23;0.00;0.00;;3.00;0.00;SG061;SG061;SG061;Salacgriva;;N;;N;N;N;;;FX;;GNS, NK;0.00;0.00;Fiber/Plastic;;1980-01-01;MFL;1980-01-01;;
LVA000000874;;LVA;;;0.39;0.00;0.00;;4.20;0.00;SG062;SG062;SG062;Salacgriva;;N;;N;N;N;;;FX;;GNS, NK;14.70;0.00;Fiber/Plastic;;1983-01-01;MFL;1983-01-01;;
LVA000000875;;LVA;;;1.61;0.00;0.00;;6.00;0.00;SG063;SG063;SG063;Salacgriva;;N;;N;N;N;;;FX;;GNS, NK;19.00;0.00;Fiber/Plastic;;1989-01-01;MFL;1989-01-01;;
LVA000000876;;LVA;;;0.16;0.00;0.00;;3.05;0.00;SG064;SG064;SG064;Salacgriva;;N;;N;N;N;;;FX;;GNS, LLS;0.00;0.00;Other;;1999-01-01;MFL;1999-01-01;;
LVA000000877;;LVA;;;0.36;0.00;0.00;;4.20;0.00;SG065;SG065;SG065;Salacgriva;;N;;N;N;N;;;FX;;GNS, NK;0.00;0.00;Wood;;1976-01-01;MFL;1976-01-01;;
LVA000000878;;LVA;;;0.43;0.00;0.00;;4.10;0.00;EE101;EE101;EE101;Engure;;N;;N;N;N;;;FX;;GNS, NK;0.00;0.00;Fiber/Plastic;;1992-01-01;MFL;1992-01-01;;
LVA000000879;;LVA;;;0.73;0.00;0.00;;5.50;0.00;EE102;EE102;EE102;Engure;;N;;N;N;N;;;FX;;GNS, NK;5.90;0.00;Fiber/Plastic;;1991-01-01;MFL;1991-01-01;;
LVA000000880;;LVA;;;6.59;0.00;0.00;;11.60;0.00;RŪTA;EE103;EE103;Engure;;N;;N;N;N;;;FX;;GNS, NK;37.00;0.00;Wood;;1996-01-01;MFL;1996-01-01;;
LVA000000881;;LVA;;;0.37;0.00;0.00;;4.65;0.00;EE104;EE104;EE104;Engure;;N;;N;N;N;;;FX;;GNS, NK;0.00;0.00;Metal;;1996-01-01;MFL;1996-01-01;;2020-05-01
LVA000000882;;LVA;;;0.40;0.00;0.00;;4.50;0.00;EE105;EE105;EE105;Engure;;N;;N;N;N;;;FX;;GNS, NK;3.68;0.00;Fiber/Plastic;;1997-01-01;MFL;1997-01-01;;
LVA000000883;;LVA;;;0.32;0.00;0.00;;4.80;0.00;EE106;EE106;EE106;Engure;;N;;N;N;N;;;FX;;GNS, NK;0.00;0.00;Fiber/Plastic;;1988-12-31;MFL;1988-01-01;;
LVA000000884;;LVA;;;0.74;0.00;0.00;;4.50;0.00;EE107;EE107;EE107;Engure;;N;;N;N;N;;;FX;;GNS, NK;0.00;0.00;Fiber/Plastic;;1992-12-31;MFL;1992-01-01;;
LVA000000885;;LVA;;;0.62;0.00;0.00;;5.00;0.00;EE108;EE108;EE108;Engure;;N;;N;N;N;;;FX;;GNS, NK;0.00;0.00;Wood;;1979-01-01;MFL;1979-01-01;;
LVA000000886;;LVA;;;0.72;0.00;0.00;;4.63;0.00;EE109;EE109;EE109;Engure;;N;;N;N;N;;;FX;;GNS, NK;0.00;0.00;Fiber/Plastic;;1976-12-31;MFL;1976-01-01;;
LVA000000887;;LVA;;;0.50;0.00;0.00;;4.63;0.00;EE110;EE110;EE110;Engure;;N;;N;N;N;;;FX;;GNS, NK;0.00;0.00;Metal;;1983-01-01;MFL;1983-01-01;;
LVA000000888;;LVA;;;0.52;0.00;0.00;;4.50;0.00;EE111;EE111;EE111;Engure;;N;;N;N;N;;;FX;;GNS, NK;11.20;0.00;Fiber/Plastic;;1990-01-01;MFL;1990-01-01;;
LVA000000889;;LVA;;;2.00;0.00;0.00;;6.30;0.00;EE112;EE112;EE112;Engure;;N;;N;N;N;;;FX;;GNS, NK;15.00;0.00;Wood;;1991-12-31;MFL;1991-01-01;2011-06-21;
LVA000000890;;LVA;;;0.18;0.00;0.00;;2.65;0.00;LA072;LA072;LA072;Liepaja;;N;;N;N;N;;;FX;;GNS, NK;0.00;0.00;Other;;2001-01-01;MFL;2001-01-01;;
LVA000000891;;LVA;;;0.56;0.00;0.00;;4.63;0.00;LĪNIS;LA073;LA073;Liepaja;;N;;N;N;N;;;FX;;GNS, NK;4.30;0.00;Metal;;1971-01-01;MFL;1971-01-01;;
LVA000000892;;LVA;;;0.63;0.00;0.00;;4.63;0.00;LA074;LA074;LA074;Liepaja;;N;;N;N;N;;;FX;;GNS, NK;0.00;0.00;Fiber/Plastic;;1985-01-01;MFL;1985-01-01;;
LVA000000893;;LVA;;;0.31;0.00;0.00;;3.50;0.00;LA075;LA075;LA075;Liepaja;;N;;N;N;N;;;FX;;GNS, NK;0.00;0.00;Other;;2001-01-01;MFL;2001-01-01;;
LVA000000894;;LVA;;;0.66;0.00;0.00;;4.65;0.00;LA076;LA076;LA076;Liepaja;;N;;N;N;N;;;FX;;GNS, NK;18.70;0.00;Metal;;1989-01-01;MFL;1989-01-01;;
LVA000000895;;LVA;;;0.44;0.00;0.00;;4.40;0.00;LU031;LU031;LU031;Lielupe;;N;;N;N;N;;;FX;;GNS, NK;0.00;0.00;Fiber/Plastic;;2003-01-01;MFL;2003-01-01;;
LVA000000896;;LVA;;;0.77;0.00;0.00;;4.65;0.00;RA089;RA089;RA089;Roja;;N;;N;N;N;;;FX;;GNS, NK;5.00;0.00;Metal;;1981-01-01;MFL;1981-01-01;;
LVA000000897;;LVA;;;0.47;0.00;0.00;;4.20;0.00;RA090;RA090;RA090;Roja;;N;;N;N;N;;;FX;;GNS, NK;0.00;0.00;Wood;;1988-12-31;MFL;1988-01-01;;
LVA000000898;;LVA;;;6.37;0.00;0.00;;9.00;0.00;RA091;RA091;RA091;Roja;;N;;N;N;N;;;FX;;GNS, NK;18.38;0.00;Wood;;1978-01-01;MFL;1978-01-01;;
LVA000000899;;LVA;;;1.06;0.00;0.00;;5.65;0.00;RA092;RA092;RA092;Roja;;N;;N;N;N;;;FX;;GNS, NK;16.90;0.00;Fiber/Plastic;;1987-01-01;MFL;1987-01-01;;
LVA000000900;;LVA;;;1.06;0.00;0.00;;5.65;0.00;RA093;RA093;RA093;Roja;;N;;N;N;N;;;FX;;GNS, NK;0.00;0.00;Fiber/Plastic;;1993-01-01;MFL;1993-01-01;;
LVA000000901;;LVA;;;0.44;0.00;0.00;;4.60;0.00;RA094;RA094;RA094;Roja;;N;;N;N;N;;;FX;;GNS, NK;2.60;0.00;Fiber/Plastic;;1980-01-01;MFL;1980-01-01;;
LVA000000902;;LVA;;;0.39;0.00;0.00;;4.36;0.00;RA095;RA095;RA095;Roja;;N;;N;N;N;;;FX;;GNS, NK;0.00;0.00;Fiber/Plastic;;1989-01-01;MFL;1989-01-01;;
LVA000000903;;LVA;;;1.06;0.00;0.00;;5.65;0.00;RA096;RA096;RA096;Roja;;N;;N;N;N;;;FX;;GNS, NK;1.60;0.00;Fiber/Plastic;;1993-01-01;MFL;1993-01-01;;
LVA000000904;;LVA;;;1.47;0.00;0.00;;5.35;0.00;RA097;RA097;RA097;Roja;;N;;N;N;N;;;FX;;GNS, LLS;55.20;0.00;Metal;;1981-01-01;MFL;1981-01-01;;2022-01-28
LVA000000905;;LVA;;;0.27;0.00;0.00;;3.80;0.00;SG052;SG052;SG052;Salacgriva;;N;;N;N;N;;;FX;;GNS, NK;0.00;0.00;Wood;;1990-01-01;MFL;1990-01-01;;
LVA000000906;;LVA;;;0.83;0.00;0.00;;4.65;0.00;SE103;SE103;SE103;Skulte;;N;;N;N;N;;;FX;;GNS, LLS;18.00;0.00;Metal;;1978-01-01;MFL;1978-01-01;;
LVA000000907;;LVA;;;5.08;0.00;0.00;;8.00;7.68;SE104;SE104;SE104;Skulte;;N;;N;N;N;;;FX;;GNS, LLS;60.00;0.00;Fiber/Plastic;;1983-01-01;MFL;1983-01-01;;
LVA000000908;;LVA;;;0.77;0.00;0.00;;4.65;0.00;RA098;RA098;RA098;Roja;;N;;N;N;N;;;FX;;GNS, NK;14.70;0.00;Metal;;1973-01-01;MFL;1973-01-01;;
LVA000000909;;LVA;;;0.39;0.00;0.00;;4.36;0.00;RA099;RA099;RA099;Roja;;N;;N;N;N;;;FX;;GNS, NK;0.00;0.00;Fiber/Plastic;;1991-01-01;MFL;1991-01-01;;
LVA000000910;;LVA;;;5.47;0.00;0.00;;9.70;0.00;GAGA;LA077;LA077;Liepaja;;N;;N;N;N;;;FX;;GNS, LLS;19.00;0.00;Fiber/Plastic;;1984-01-01;MFL;1984-01-01;;
LVA000000911;;LVA;;;10.78;0.00;0.00;;11.00;0.00;TIMS;LA078;LA078;Liepaja;;N;;N;N;N;;;FX;;GNS, LLS;17.20;0.00;Metal;;1971-12-31;MFL;1971-01-01;2011-04-04;
LVA000000912;;LVA;;;1.36;0.00;0.00;;6.00;0.00;LA079;LA079;LA079;Liepaja;;N;;N;N;N;;;FX;;GNS, LLS;56.00;0.00;Fiber/Plastic;;1985-12-31;MFL;1985-01-01;;2012-10-18
LVA000000913;;LVA;;;1.07;0.00;0.00;;5.50;0.00;ASARIS 1;LA080;LA080;Liepaja;;N;;N;N;N;;;FX;;GNS, LLS;16.00;0.00;Metal;;1975-01-01;MFL;1975-01-01;;
LVA000000914;;LVA;;;7.04;0.00;0.00;;11.40;0.00;RA100;RA100;RA100;Roja;;N;;N;N;N;;;FX;;GNS, LLS;51.50;0.00;Wood;;1991-12-31;MFL;1991-01-01;2009-03-25;
LVA000000915;;LVA;;;0.39;0.00;0.00;;4.36;0.00;RA101;RA101;RA101;Roja;;N;;N;N;N;;;FX;;GNS, LLS;7.50;0.00;Fiber/Plastic;;1990-01-01;MFL;1990-01-01;;
LVA000000916;;LVA;;;5.16;0.00;0.00;;8.00;0.00;RA102;RA102;RA102;Roja;;N;;N;N;N;;;FX;;GNS, LLS;11.00;0.00;Fiber/Plastic;;1970-01-01;MFL;1970-01-01;;
LVA000000917;;LVA;;;0.37;0.00;0.00;;4.00;0.00;RA103;RA103;RA103;Roja;;N;;N;N;N;;;FX;;GNS, LLS;0.00;0.00;Fiber/Plastic;;1982-01-01;MFL;1982-01-01;;
LVA000000918;;LVA;;;0.39;0.00;0.00;;4.36;0.00;RA104;RA104;RA104;Roja;;N;;N;N;N;;;FX;;GNS, LLS;0.00;0.00;Fiber/Plastic;;1989-12-31;MFL;1989-01-01;;
LVA000000919;;LVA;;;0.25;0.00;0.00;;3.80;0.00;RA105;RA105;RA105;Roja;;N;;N;N;N;;;FX;;GNS, LLS;0.00;0.00;Metal;;1981-01-01;MFL;1981-01-01;;
LVA000000920;;LVA;;;0.50;0.00;0.00;;4.63;0.00;RA106;RA106;RA106;Roja;;N;;N;N;N;;;FX;;GNS, LLS;5.90;0.00;Metal;;1970-01-01;MFL;1970-01-01;;
LVA000000921;;LVA;;;0.39;0.00;0.00;;4.36;0.00;RA107;RA107;RA107;Roja;;N;;N;N;N;;;FX;;GNS, LLS;0.00;0.00;Fiber/Plastic;;1989-12-31;MFL;1989-01-01;;
LVA000000922;;LVA;;;2.23;0.00;0.00;;7.20;0.00;SG066;SG066;SG066;Salacgriva;;N;;N;N;N;;;FX;;GNS, LLS;0.00;0.00;Metal;;1965-01-01;MFL;1965-01-01;;
LVA000000923;;LVA;;;0.35;0.00;0.00;;4.10;0.00;SG067;SG067;SG067;Salacgriva;;N;;N;N;N;;;FX;;GNS, LLS;0.00;0.00;Fiber/Plastic;;1988-01-01;MFL;1988-01-01;;
LVA000000924;;LVA;;;0.50;0.00;0.00;;4.63;0.00;SG068;SG068;SG068;Salacgriva;;N;;N;N;N;;;FX;;GNS, LLS;22.00;0.00;Metal;;1968-01-01;MFL;1968-01-01;;
LVA000000925;;LVA;;;0.40;0.00;0.00;;4.36;0.00;MR031;MR031;MR031;Mersrags;;N;;N;N;N;;;FX;;GNS, LLS;1.50;0.00;Fiber/Plastic;;1989-01-01;MFL;1989-01-01;;
LVA000000926;;LVA;;;1.25;0.00;0.00;;6.20;0.00;MR032;MR032;MR032;Mersrags;;N;;N;N;N;;;FX;;GNS, NK;2.20;0.00;Wood;;1993-01-01;MFL;1993-01-01;;2021-07-21
LVA000000927;;LVA;;;0.35;0.00;0.00;;4.10;0.00;MR033;MR033;MR033;Mersrags;;N;;N;N;N;;;FX;;GNS, LLS;0.00;0.00;Fiber/Plastic;;1991-01-01;MFL;1991-01-01;;
LVA000000928;;LVA;;;0.48;0.00;0.00;;4.80;0.00;MR034;MR034;MR034;Mersrags;;N;;N;N;N;;;FX;;GNS, LLS;0.00;0.00;Fiber/Plastic;;1980-01-01;MFL;1980-01-01;;
LVA000000929;;LVA;;;0.39;0.00;0.00;;4.36;0.00;MR035;MR035;MR035;Mersrags;;N;;N;N;N;;;FX;;GNS, LLS;0.00;0.00;Fiber/Plastic;;1980-01-01;MFL;1980-01-01;;
LVA000000930;;LVA;;;0.35;0.00;0.00;;4.10;0.00;MR036;MR036;MR036;Mersrags;;N;;N;N;N;;;FX;;GNS, LLS;3.30;0.00;Fiber/Plastic;;1986-01-01;MFL;1986-01-01;;
LVA000000931;;LVA;;;0.66;0.00;0.00;;5.50;0.00;MR037;MR037;MR037;Mersrags;;N;;N;N;N;;;FX;;LLS;22.00;0.00;Fiber/Plastic;;1989-01-01;MFL;1989-01-01;;
LVA000000932;;LVA;;;0.37;0.00;0.00;;4.10;0.00;VP070;VP070;VP070;Ventspils;;N;;N;N;N;;;FX;;GNS, LLS;0.00;0.00;Fiber/Plastic;;1988-01-01;MFL;1988-01-01;;
LVA000000933;;LVA;;;0.39;0.00;0.00;;4.36;0.00;VP071;VP071;VP071;Ventspils;;N;;N;N;N;;;FX;;GNS, LLS;0.00;0.00;Fiber/Plastic;;1990-01-01;MFL;1990-01-01;;
LVA000000934;;LVA;;;1.36;0.00;0.00;;5.80;0.00;VP072;VP072;VP072;Ventspils;;N;;N;N;N;;;FX;;GNS, LLS;0.00;0.00;Fiber/Plastic;;1987-01-01;MFL;1987-01-01;;
LVA000000935;;LVA;;;0.62;0.00;0.00;;4.76;0.00;VP073;VP073;VP073;Ventspils;;N;;N;N;N;;;FX;;GNS, LLS;0.00;0.00;Wood;;1998-01-01;MFL;1998-01-01;;2021-10-08
LVA000000936;;LVA;;;1.06;0.00;0.00;;4.80;0.00;VP074;VP074;VP074;Ventspils;;N;;N;N;N;;;FX;;GNS, LLS;0.00;0.00;Fiber/Plastic;;1998-01-01;MFL;1998-01-01;;
LVA000000937;;LVA;;;1.06;0.00;0.00;;4.90;0.00;VP075;VP075;VP075;Ventspils;;N;;N;N;N;;;FX;;GNS, LLS;0.00;0.00;Fiber/Plastic;;1962-01-01;MFL;1962-01-01;;
LVA000000938;;LVA;;;0.22;0.00;0.00;;2.90;0.00;VP076;VP076;VP076;Ventspils;;N;;N;N;N;;;FX;;GNS, LLS;0.00;0.00;Fiber/Plastic;;2002-01-01;MFL;2002-01-01;;
LVA000000939;;LVA;;;0.42;0.00;0.00;;3.80;0.00;VP077;VP077;VP077;Ventspils;;N;;N;N;N;;;FX;;GNS, LLS;0.00;0.00;Fiber/Plastic;;1973-01-01;MFL;1973-01-01;;
LVA000000940;;LVA;;;0.62;0.00;0.00;;4.40;0.00;VP078;VP078;VP078;Ventspils;;N;;N;N;N;;;FX;;GNS, LLS;0.00;0.00;Fiber/Plastic;;1990-01-01;MFL;1990-01-01;;
LVA000000941;;LVA;;;5.20;0.00;0.00;;9.00;0.00;VP079;VP079;VP079;Ventspils;;N;;N;N;N;;;FX;;GNS, LLS;25.00;0.00;Metal;;1982-12-31;MFL;1982-01-01;2008-12-08;
LVA000000942;;LVA;;;9.51;0.00;0.00;;10.00;0.00;SILVA;VP080;VP080;Ventspils;;N;;N;N;N;;;FX;;GNS, LLS;59.00;0.00;Fiber/Plastic;;1981-01-01;MFL;1981-01-01;;2015-12-21
LVA000000943;;LVA;;;0.37;0.00;0.00;;4.00;0.00;VP081;VP081;VP081;Ventspils;;N;;N;N;N;;;FX;;GNS, LLS;3.60;0.00;Fiber/Plastic;;1989-01-01;MFL;1989-01-01;;
LVA000000944;;LVA;;;0.48;0.00;0.00;;3.87;0.00;VP082;VP082;VP082;Ventspils;;N;;N;N;N;;;FX;;GNS, LLS;0.00;0.00;Fiber/Plastic;;2001-01-01;MFL;2001-01-01;;
LVA000000945;;LVA;;;0.60;0.00;0.00;;3.55;0.00;VP083;VP083;VP083;Ventspils;;N;;N;N;N;;;FX;;GNS, LLS;0.00;0.00;Fiber/Plastic;;1980-01-01;MFL;1980-01-01;;
LVA000000946;;LVA;;;0.50;0.00;0.00;;4.63;0.00;VP084;VP084;VP084;Ventspils;;N;;N;N;N;;;FX;;GNS, LLS;0.00;0.00;Metal;;1989-01-01;MFL;1989-01-01;;
LVA000000947;;LVA;;;0.44;0.00;0.00;;4.10;0.00;VP085;VP085;VP085;Ventspils;;N;;N;N;N;;;FX;;GNS, LLS;0.00;0.00;Metal;;1975-01-01;MFL;1975-01-01;;
LVA000000948;;LVA;;;0.33;0.00;0.00;;3.30;0.00;VP086;VP086;VP086;Ventspils;;N;;N;N;N;;;FX;;GNS, LLS;0.00;0.00;Fiber/Plastic;;1990-01-01;MFL;1990-01-01;;
LVA000000949;;LVA;;;0.83;0.00;0.00;;5.50;0.00;VP087;VP087;VP087;Ventspils;;N;;N;N;N;;;FX;;GNS, LLS;0.00;0.00;Fiber/Plastic;;1992-01-01;MFL;1992-01-01;;
LVA000000950;;LVA;;;4.42;0.00;0.00;;9.00;0.00;RG020;RG020;RG020;Riga;;N;;N;N;N;;;FX;;GNS, LLS;18.40;0.00;Metal;;1982-12-31;MFL;1982-01-01;2006-09-29;
LVA000000951;;LVA;;;0.68;0.00;0.00;;4.63;0.00;RG021;RG021;RG021;Riga;;N;;N;N;N;;;FX;;GNS, LLS;0.00;0.00;Fiber/Plastic;;1979-12-31;MFL;1979-01-01;;
LVA000000952;;LVA;;;3.21;0.00;0.00;;8.50;0.00;RG023;RG023;RG023;Riga;;N;;N;N;N;;;FX;;GNS, LLS;18.40;0.00;Metal;;1992-01-01;MFL;1992-01-01;2015-03-20;
LVA000000953;;LVA;;;0.56;0.00;0.00;;4.28;0.00;RG028;RG028;RG028;Riga;;N;;N;N;N;;;FX;;GNS, LLS;5.90;0.00;Metal;;1974-01-01;MFL;1974-01-01;;
LVA000000954;;LVA;;;0.71;0.00;0.00;;5.50;0.00;PAULA;LA081;LA081;Liepaja;;N;;N;N;N;;;FX;;GNS, LLS;36.00;0.00;Fiber/Plastic;;1983-12-31;MFL;1983-01-01;;2013-10-16
LVA000000955;;LVA;;;4.09;0.00;0.00;;8.00;0.00;DINA 1;EE095;EE095;Engure;;N;;N;N;N;;;FX;;GNS, LLS;14.70;0.00;Fiber/Plastic;;1984-12-31;MFL;1984-01-01;2011-06-13;
LVA000000956;;LVA;;;0.37;0.00;0.00;;3.66;0.00;EE055;EE055;EE055;Engure;;N;;N;N;N;;;FX;;GNS, LLS;0.00;0.00;Fiber/Plastic;;1978-01-01;MFL;1978-01-01;;2023-05-19
LVA000000957;;LVA;;;0.59;0.00;0.00;;4.00;0.00;VELTA;LA049;LA049;Liepaja;;N;;N;N;N;;;FX;;GNS, LLS;0.00;0.00;Fiber/Plastic;;1986-12-31;MFL;1986-01-01;;
LVA000000958;;LVA;;;0.84;0.00;0.00;;5.17;0.00;LA050;LA050;LA050;Liepaja;;N;;N;N;N;;;FX;;GNS, LLS;0.00;0.00;Fiber/Plastic;;1985-01-01;MFL;1985-01-01;;
LVA000000959;;LVA;;;0.96;0.00;0.00;;5.50;0.00;RA023;RA023;RA023;Roja;;N;;N;N;N;;;FX;;GNS, LLS;13.60;0.00;Fiber/Plastic;;1994-01-01;MFL;1994-01-01;;
LVA000000960;;LVA;;;0.57;0.00;0.00;;4.25;0.00;LA082;LA082;LA082;Liepaja;;N;;N;N;N;;;FX;;GNS, LLS;22.05;0.00;Fiber/Plastic;;1979-01-01;MFL;1979-01-01;;
LVA000000961;;LVA;;;0.44;0.00;0.00;;4.40;0.00;LA083;LA083;LA083;Liepaja;;N;;N;N;N;;;FX;;GNS, LLS;11.00;0.00;Fiber/Plastic;;2003-01-01;MFL;2003-01-01;;
LVA000000962;;LVA;;;0.37;0.00;0.00;;4.00;0.00;SE105;SE105;SE105;Skulte;;N;;N;N;N;;;FX;;GNS, LLS;0.00;0.00;Fiber/Plastic;;1990-01-01;MFL;1990-01-01;;
LVA000000963;;LVA;;;0.91;0.00;0.00;;4.78;0.00;VP088;VP088;VP088;Ventspils;;N;;N;N;N;;;FX;;GNS, LLS;0.00;0.00;Fiber/Plastic;;2001-01-01;MFL;2001-01-01;;
LVA000000964;;LVA;;;0.67;0.00;0.00;;4.67;0.00;VP089;VP089;VP089;Ventspils;;N;;N;N;N;;;FX;;GNS, LLS;0.00;0.00;Metal;;1973-01-01;MFL;1973-01-01;;
LVA000000965;;LVA;;;0.39;0.00;0.00;;4.36;0.00;EE113;EE113;EE113;Engure;;N;;N;N;N;;;FX;;GNS, NK;3.68;0.00;Fiber/Plastic;;1990-01-01;MFL;1990-01-01;;
LVA000000966;;LVA;;;1.04;0.00;0.00;;5.75;0.00;VP092;VP092;VP092;Ventspils;;N;;N;N;N;;;FX;;GNS, LLS;7.00;0.00;Fiber/Plastic;;1999-01-01;MFL;1999-01-01;;
LVA000000967;;LVA;;;1.00;0.00;0.00;;5.00;0.00;SE108;SE108;SE108;Skulte;;N;;N;N;N;;;FX;;GNS, LLS;0.00;0.00;Wood;;1984-01-01;MFL;1984-01-01;;
LVA000000968;;LVA;;;0.56;0.00;0.00;;4.28;0.00;LA085;LA085;LA085;Liepaja;;N;;N;N;N;;;FX;;GNS, LLS;22.40;0.00;Metal;;1975-01-01;MFL;1975-01-01;;2019-08-06
LVA000000969;;LVA;;;0.27;0.00;0.00;;3.80;0.00;LU032;LU032;LU032;Lielupe;;N;;N;N;N;;;FX;;GNS, NK;1.50;0.00;Fiber/Plastic;;1989-01-01;MFL;1989-01-01;;2020-06-05
LVA000000970;;LVA;;;3.75;0.00;0.00;;8.50;0.00;BRĪZE;RG030;RG030;Liepaja;;N;;N;N;N;;;FX;;GNS, NK;29.40;0.00;Metal;;1967-01-01;MFL;1967-01-01;;2019-09-30
LVA000000971;;LVA;;;6.12;0.00;0.00;;9.50;0.00;RA108;RA108;RA108;Roja;;N;;N;N;N;;;FX;;GNS, LLS;44.10;0.00;Wood;;1998-12-31;MFL;1998-01-01;2011-04-19;
LVA000000972;;LVA;;;6.83;0.00;0.00;;10.70;10.27;AIRIS;LA086;LA086;Liepaja;;N;;N;N;N;;;FX;;GNS, LLD;44.50;0.00;Metal;;2004-05-26;MFL;2004-01-01;;2023-07-19
LVA000000973;;LVA;;;0.61;0.00;0.00;;4.20;0.00;VP091;VP091;VP091;Ventspils;;N;;N;N;N;;;FX;;LLS;3.60;0.00;Fiber/Plastic;;2001-01-01;MFL;2001-01-01;;
LVA000000974;;LVA;;;0.37;0.00;0.00;;4.30;0.00;SE107;SE107;SE107;Skulte;;N;;N;N;N;;;FX;;GNS, LLS;0.00;0.00;Fiber/Plastic;;1963-01-01;MFL;1963-01-01;;
LVA000000975;;LVA;;;1.78;0.00;0.00;;6.50;0.00;SE106;SE106;SE106;Skulte;;N;;N;N;N;;;FX;;GNS, LLS;14.00;0.00;Fiber/Plastic;;1976-01-01;MFL;1976-01-01;;
LVA000000976;;LVA;;;0.68;0.00;0.00;;4.63;0.00;SG069;SG069;SG069;Salacgriva;;N;;N;N;N;;;FX;;GNS, LLS;0.00;0.00;Metal;;1974-01-01;MFL;1974-01-01;;
LVA000000977;;LVA;;;0.96;0.00;0.00;;5.00;0.00;BRENCIS;MR038;MR038;Mersrags;;N;;N;N;N;;;FX;;GNS, NK;3.60;0.00;Wood;;1993-01-01;MFL;1993-01-01;;
LVA000000978;;LVA;;;0.27;0.00;0.00;;3.80;0.00;VP090;VP090;VP090;Ventspils;;N;;N;N;N;;;FX;;GNS, LLS;0.00;0.00;Fiber/Plastic;;1988-01-01;MFL;1988-01-01;;
LVA000000979;;LVA;;;0.82;0.00;0.00;;4.70;0.00;LAURA 2;RA110;RA110;Roja;;N;;N;N;N;;;FX;;GNS, NK;22.00;0.00;Fiber/Plastic;;1993-01-01;MFL;1993-01-01;;2015-12-21
LVA000000980;;LVA;;;6.15;0.00;0.00;;8.40;0.00;AMIGO;RA109;RA109;Roja;;N;;N;N;N;;;FX;;GNS, LLS;22.00;0.00;Fiber/Plastic;;1984-01-01;MFL;1984-01-01;;
LVA000000981;;LVA;;;0.55;0.00;0.00;;4.10;0.00;SG070;SG070;SG070;Salacgriva;;N;;N;N;N;;;FX;;GNS, LLS;0.00;0.00;Fiber/Plastic;;1980-01-01;MFL;1980-01-01;;
LVA000000982;;LVA;;;1.86;0.00;0.00;;7.00;0.00;SE109;SE109;SE109;Skulte;;N;;N;N;N;;;FX;;GNS, LLS;8.80;0.00;Wood;;1997-01-01;MFL;1997-01-01;2015-10-12;
LVA000000983;;LVA;;;0.36;0.00;0.00;;4.20;0.00;SE110;SE110;SE110;Skulte;;N;;N;N;N;;;FX;;GNS, LLS;5.50;0.00;Fiber/Plastic;;1988-01-01;MFL;1988-01-01;;
LVA000000984;;LVA;;;0.99;0.00;0.00;;5.54;0.00;ZĪTARI;VP095;VP095;Ventspils;;N;;N;N;N;;;FX;;GNS, NK;3.70;0.00;Fiber/Plastic;;1999-01-01;MFL;1999-01-01;;
LVA000000985;;LVA;;;0.49;0.00;0.00;;4.10;0.00;VP096;VP096;VP096;Ventspils;;N;;N;N;N;;;FX;;GNS, LLS;0.00;0.00;Fiber/Plastic;;1992-01-01;MFL;1992-01-01;;
LVA000000986;;LVA;;;1.56;0.00;0.00;;5.65;0.00;RA114;RA114;RA114;Roja;;N;;N;N;N;;;FX;;GNS, LLS;18.40;0.00;Fiber/Plastic;;1993-01-01;MFL;1993-01-01;;
LVA000000987;;LVA;;;1.55;0.00;0.00;;5.65;0.00;RA113;RA113;RA113;Roja;;N;;N;N;N;;;FX;;GNS, LLS;5.00;0.00;Fiber/Plastic;;1993-01-01;MFL;1993-01-01;;
LVA000000988;;LVA;;;1.06;0.00;0.00;;5.65;0.00;RA115;RA115;RA115;Roja;;N;;N;N;N;;;FX;;GNS, LLS;15.00;0.00;Fiber/Plastic;;1993-01-01;MFL;1993-01-01;;
LVA000000989;;LVA;;;0.77;0.00;0.00;;4.65;0.00;RA112;RA112;RA112;Roja;;N;;N;N;N;;;FX;;GNS, LLS;0.00;0.00;Metal;;1969-01-01;MFL;1969-01-01;;
LVA000000990;;LVA;;;0.26;0.00;0.00;;3.20;0.00;RA111;RA111;RA111;Roja;;N;;N;N;N;;;FX;;GNS, LLS;0.00;0.00;Fiber/Plastic;;1982-12-31;MFL;1982-01-01;;
LVA000000991;;LVA;;;0.35;0.00;0.00;;3.50;0.00;VP094;VP094;VP094;Ventspils;;N;;N;N;N;;;FX;;GNS, LLS;0.00;0.00;Fiber/Plastic;;1975-01-01;MFL;1975-01-01;;
LVA000000992;;LVA;;;0.47;0.00;0.00;;4.36;0.00;SE111;SE111;SE111;Skulte;;N;;N;N;N;;;FX;;GNS, LLS;0.00;0.00;Fiber/Plastic;;1986-01-01;MFL;1986-01-01;;
LVA000000993;;LVA;;;0.27;0.00;0.00;;3.80;0.00;SG073;SG073;SG073;Salacgriva;;N;;N;N;N;;;FX;;GNS, LLS;10.00;0.00;Fiber/Plastic;;1984-01-01;MFL;1984-01-01;;
LVA000000994;;LVA;;;10.95;0.00;0.00;;11.60;0.00;VP093;VP093;VP093;Ventspils;;N;;N;N;N;;;FX;;GNS, LLS;54.00;0.00;Wood;;1987-12-31;MFL;1987-01-01;2011-06-17;
LVA000000995;;LVA;;;0.53;0.00;0.00;;4.20;0.00;SG071;SG071;SG071;Salacgriva;;N;;N;N;N;;;FX;;GNS, LLS;0.00;0.00;Metal;;1983-01-01;MFL;1983-01-01;;
LVA000000996;;LVA;;;0.22;0.00;0.00;;3.50;0.00;SG072;SG072;SG072;Salacgriva;;N;;N;N;N;;;FX;;GNS, LLS;0.00;0.00;Wood;;1980-01-01;MFL;1980-01-01;;
LVA000000997;;LVA;;;0.86;0.00;0.00;;4.25;0.00;LA087;LA087;LA087;Liepaja;;N;;N;N;N;;;FX;;GNS, LLS;29.40;0.00;Fiber/Plastic;;1987-01-01;MFL;1987-01-01;;2017-08-11
LVA000000998;;LVA;;;0.68;0.00;0.00;;4.63;0.00;SG074;SG074;SG074;Salacgriva;;N;;N;N;N;;;FX;;GNS, LLS;0.00;0.00;Metal;;1972-01-01;MFL;1972-01-01;;
LVA000000999;;LVA;;;1.12;0.00;0.00;;6.10;0.00;LELDE;RA120;RA120;Roja;;N;;N;N;N;;;FX;;GNS, LLS;7.30;0.00;Wood;;1994-01-01;MFL;1994-01-01;2015-03-27;
LVA000001000;;LVA;;;0.68;0.00;0.00;;4.60;0.00;VP098;VP098;VP098;Ventspils;;N;;N;N;N;;;FX;;GNS, LLS;0.00;0.00;Metal;;1969-01-01;MFL;1969-01-01;;
LVA000001001;;LVA;;;0.69;0.00;0.00;;4.67;0.00;VP097;VP097;VP097;Ventspils;;N;;N;N;N;;;FX;;GNS, LLS;0.00;0.00;Metal;;1970-01-01;MFL;1970-01-01;;
LVA000001002;;LVA;;;0.82;0.00;0.00;;4.70;0.00;RA118;RA118;RA118;Roja;;N;;N;N;N;;;FX;;GNS, LLS;0.00;0.00;Fiber/Plastic;;1993-01-01;MFL;1993-01-01;;
LVA000001003;;LVA;;;1.32;0.00;0.00;;5.50;0.00;RA116;RA116;RA116;Roja;;N;;N;N;N;;;FX;;GNS, LLS;11.19;0.00;Fiber/Plastic;;2000-01-01;MFL;2000-01-01;;
LVA000001004;;LVA;;;2.35;0.00;0.00;;8.00;0.00;RA117;RA117;RA117;Roja;;N;;N;N;N;;;FX;;GNS, LLS;18.40;0.00;Metal;;1985-01-01;MFL;1985-01-01;;
LVA000001005;;LVA;;;3.32;0.00;0.00;;7.50;0.00;RA119;RA119;RA119;Roja;;N;;N;N;N;;;FX;;GNS, LLS;27.21;0.00;Metal;;1990-01-01;MFL;1990-01-01;;2021-07-21
LVA000001006;;LVA;;;0.85;0.00;0.00;;4.21;0.00;LA088;LA088;LA088;Liepaja;;N;;N;N;N;;;FX;;GNS, LLS;50.00;0.00;Fiber/Plastic;;1988-01-01;MFL;1988-01-01;;2021-09-09
LVA000001007;;LVA;;;0.45;0.00;0.00;;3.90;3.74;SG075;SG075;SG075;Salacgriva;;N;;N;N;N;;;FX;;GNS, LLS;0.00;0.00;Metal;;1986-12-31;MFL;1986-01-01;;
LVA000001008;;LVA;;;0.30;0.00;0.00;;4.00;0.00;RG034;RG034;RG034;Riga;;N;;N;N;N;;;FX;;GNS, NK;22.37;0.00;Other;;1998-01-01;MFL;1998-01-01;;
LVA000001009;;LVA;;;0.27;0.00;0.00;;3.80;0.00;RG032;RG032;RG032;Riga;;N;;N;N;N;;;FX;;GNS, NK;0.00;0.00;Wood;;1988-12-31;MFL;1988-01-01;;
LVA000001010;;LVA;;;4.74;0.00;0.00;;6.80;0.00;WIVA;PO027;PO027;Pavilosta;;N;;N;N;N;;;FX;;GNS, LLS;40.40;0.00;Fiber/Plastic;;1984-12-31;MFL;1984-01-01;2011-04-11;
LVA000001011;;LVA;;;1.10;0.00;0.00;;5.30;0.00;RA121;RA121;RA121;Roja;;N;;N;N;N;;;FX;;GNS, LLS;12.00;0.00;Wood;;2000-01-01;MFL;2000-01-01;;
LVA000001012;;LVA;;;0.54;0.00;0.00;;4.40;0.00;SE113;SE113;SE113;Skulte;;N;;N;N;N;;;FX;;GNS, LLS;3.70;0.00;Fiber/Plastic;;2004-01-01;MFL;2004-01-01;;
LVA000001013;;LVA;;;2.44;0.00;0.00;;7.06;0.00;SE112;SE112;SE112;Skulte;;N;;N;N;N;;;FX;;GNS, LLS;18.80;0.00;Wood;;1992-12-31;MFL;1992-01-01;2013-01-21;
LVA000001014;;LVA;;;0.33;0.00;0.00;;3.60;0.00;MR039;MR039;MR039;Mersrags;;N;;N;N;N;;;FX;;GNS, LLS;11.00;0.00;Fiber/Plastic;;2004-01-01;MFL;2004-01-01;;
LVA000001015;;LVA;;;3.13;0.00;0.00;;8.00;0.00;LU033;LU033;LU033;Lielupe;;N;;N;N;N;;;FX;;GNS, NK;17.50;0.00;Wood;;1988-01-01;MFL;1988-01-01;;
LVA000001016;;LVA;;;0.32;0.00;0.00;;4.36;0.00;RA122;RA122;RA122;Roja;;N;;N;N;N;;;FX;;GNS, LLS;2.50;0.00;Fiber/Plastic;;1990-01-01;MFL;1990-01-01;;
LVA000001017;;LVA;;;0.35;0.00;0.00;;4.10;0.00;VP099;VP099;VP099;Ventspils;;N;;N;N;N;;;FX;;GNS, LLS;1.70;0.00;Fiber/Plastic;;1998-01-01;MFL;1998-01-01;;
LVA000001018;;LVA;;;0.52;0.00;0.00;;4.60;0.00;VP100;VP100;VP100;Ventspils;;N;;N;N;N;;;FX;;GNS, LLS;0.00;0.00;Fiber/Plastic;;1986-01-01;MFL;1986-01-01;;
LVA000001019;;LVA;;;0.66;0.00;0.00;;5.50;5.28;EE114;EE114;EE114;Engure;;N;;N;N;N;;;FX;;GNS, NK;2.50;0.00;Fiber/Plastic;;1992-12-31;MFL;1992-01-01;;
LVA000001020;;LVA;;;4.41;0.00;0.00;;8.90;0.00;RG035;RG035;RG035;Riga;;N;;N;N;N;;;FX;;GNS, LLS;22.00;0.00;Metal;;1999-12-31;MFL;1999-01-01;2012-09-05;
LVA000001021;;LVA;;;6.34;0.00;0.00;;8.60;0.00;LADY;PO028;PO028;Pavilosta;;N;;N;N;N;;;FX;;GNS, LLS;40.30;0.00;Wood;;1994-12-31;MFL;1994-01-01;2011-04-11;
LVA000001022;;LVA;;;1.27;0.00;0.00;;5.18;0.00;VP101;VP101;VP101;Ventspils;;N;;N;N;N;;;FX;;GNS, LLS;7.50;0.00;Fiber/Plastic;;2001-01-01;MFL;2001-01-01;;
LVA000001041;;LVA;;;0.52;0.00;0.00;;4.50;0.00;MR040;MR040;MR040;Mersrags;;N;;N;N;N;;;FX;;GNS, LLS;0.00;0.00;Fiber/Plastic;;1991-12-31;MFL;1991-01-01;;
LVA000001042;;LVA;;;0.44;0.00;0.00;;4.40;0.00;SG076;SG076;SG076;Salacgriva;;N;;N;N;N;;;FX;;GNS, NK;0.00;0.00;Fiber/Plastic;;2004-01-01;MFL;2004-01-01;;
LVA000001043;;LVA;;;0.32;0.00;0.00;;4.50;0.00;SG077;SG077;SG077;Salacgriva;;N;;N;N;N;;;FX;;GNS, NK;0.00;0.00;Wood;;1993-01-01;MFL;1993-01-01;;
LVA000001045;;LVA;;;0.48;0.00;0.00;;4.05;0.00;VP102;VP102;VP102;Ventspils;;N;;N;N;N;;;FX;;GNS, NK;3.30;0.00;Fiber/Plastic;;2004-01-01;MFL;2004-01-01;;
LVA000001046;;LVA;;;9.29;0.00;0.00;;10.00;0.00;ANNA;VP103;VP103;Ventspils;;N;;N;N;N;;;FX;;GNS, LLS;51.50;0.00;Wood;;1964-12-31;MFL;1964-01-01;2011-11-25;
LVA000001047;;LVA;;;0.68;0.00;0.00;;4.63;0.00;VP104;VP104;VP104;Ventspils;;N;;N;N;N;;;FX;;GNS, LLS;8.80;0.00;Metal;;1969-01-01;MFL;1969-01-01;;
LVA000001048;;LVA;;;204.00;0.00;0.00;;23.80;20.00;ARTŪRS;LVV1552;LVV1552;Ventspils;;Y;YL2040;Y;Y;Y;;;FX;;OTM, OTB;353.00;86.70;Metal;;2005-01-01;MFL;2005-01-01;;
LVA000001049;;LVA;;;1.06;0.00;0.00;;5.80;0.00;EE115;EE115;EE115;Engure;;N;;N;N;N;;;FX;;GNS, NK;19.00;0.00;Fiber/Plastic;;1980-01-01;MFL;1980-01-01;;
LVA000001050;;LVA;;;5.13;0.00;0.00;;8.95;8.59;TOMS;PO029;PO029;Pavilosta;;N;;N;N;N;;;FX;;GNS, LLD;26.47;0.00;Metal;;1985-12-31;MFL;1985-01-01;;
LVA000001051;;LVA;;;846.00;0.00;0.00;;47.02;39.53;BJORGVIN SENIOR;LVL2140;LVL2140;Liepaja;;Y;YL2567;Y;Y;Y;;;FX;;OTM, OTB;1103.00;715.00;Metal;;1986-12-31;MFL;1986-01-01;;
LVA000001052;;LVA;;;0.96;0.00;0.00;;5.50;0.00;LA089;LA089;LA089;Liepaja;;N;;N;N;N;;;FX;;GNS, NK;22.00;0.00;Fiber/Plastic;;1991-01-01;MFL;1991-01-01;;
LVA000001053;;LVA;;;9.24;0.00;0.00;;9.90;0.00;KATRI 2;LA090;LA090;Liepaja;;N;;N;N;N;;;FX;;GNS, NK;32.00;0.00;Metal;;1986-12-31;MFL;1986-01-01;2011-04-08;
LVA000001054;;LVA;;;4378.00;0.00;0.00;;98.10;0.00;MARSHAL KRYLOV;LVR0838;LVR0838;Riga;;Y;YLFU;Y;Y;Y;;;FX;;OTM, OTB;5148.00;773.00;Metal;;1982-01-01;MFL;1982-01-01;;
LVA000001055;;LVA;;;115.00;0.00;0.00;;26.50;0.00;PASAULE;LVL2143;LVL2143;Liepaja;;Y;YL2673;Y;Y;Y;;;FX;;GNS, NK;165.00;0.00;Metal;;1985-12-31;MFL;1985-01-01;2013-04-25;
LVA000001056;;LVA;;;2.08;0.00;0.00;;6.50;0.00;EE116;EE116;EE116;Engure;;N;;N;N;N;;;FX;;GNS, NK;18.00;0.00;Wood;;2008-01-01;MFL;2008-01-01;;
LVA000001057;;LVA;;;868.00;0.00;0.00;;57.97;0.00;NORTHERN PHOENIX;LVR0839;LVR0839;Riga;;Y;YLBX;Y;Y;Y;;;FX;;OTM, OTB;1168.00;2286.00;Metal;;2008-12-09;MFL;1982-01-01;;
LVA000001058;;LVA;;;4378.00;0.00;0.00;;103.10;0.00;MARSHAL VASILEVSKIY;LVL0840;LVL0840;Liepaja;;Y;YLFT;Y;Y;Y;;;FX;;OTM, OTB;5146.00;0.00;Metal;;1982-01-01;MFL;1982-01-01;;
LVA000001059;;LVA;;;4.54;0.00;0.00;;9.80;0.00;SE114;SE114;SE114;Skulte;;N;;N;N;N;;;FX;;GNS, NK;27.20;0.00;Metal;;2008-01-01;MFL;2008-01-01;;
LVA000001060;;LVA;;;5.40;0.00;0.00;;9.00;0.00;VP105;VP105;VP105;Ventspils;;N;;N;N;N;;;FX;;GNS, NK;29.00;0.00;Metal;;1974-12-31;MFL;1974-01-01;2012-10-25;
LVA000001061;;LVA;;;3.55;0.00;0.00;;6.95;0.00;VP106;VP106;VP106;Ventspils;;N;;N;N;N;;;FX;;GNS, NK;29.00;0.00;Fiber/Plastic;;1994-01-01;MFL;1994-01-01;2015-03-10;
LVA000001062;;LVA;;;2.73;0.00;0.00;;6.50;0.00;LA091;LA091;LA091;Liepaja;;N;;N;N;N;;;FX;;GNS, NK;4.50;0.00;Metal;;1987-01-01;MFL;1987-01-01;;
LVA000001063;;LVA;;;5.17;0.00;0.00;;8.00;0.00;VP107;VP107;VP107;Ventspils;;N;;N;N;N;;;FX;;GNS, NK;82.00;0.00;Fiber/Plastic;;1989-01-01;MFL;1989-01-01;;
LVA000001064;;LVA;;;0.54;0.00;0.00;;4.40;0.00;SG079;SG079;SG079;Salacgriva;;N;;N;N;N;;;FX;;GNS, NK;0.00;0.00;Fiber/Plastic;;2006-01-01;MFL;2006-01-01;;
LVA000001065;275412000;LVA;;;387.00;0.00;0.00;;33.99;28.90;VALDEROY;LVV1556;LVV1556;Ventspils;;Y;YL2755;Y;Y;Y;8600258;;FX;;OTM, OTB;1492.00;176.00;Metal;;2011-09-07;MFL;1985-01-01;;
LVA000001066;275414000;LVA;;;137.00;0.00;0.00;;24.40;0.00;FENIKSS;LVL1557;LVL1557;Liepaja;;Y;YLDW;Y;Y;Y;8650227;;FX;;PTB, LLD;478.00;54.50;Metal;;1981-01-01;MFL;1981-01-01;2021-07-26;
LVA000001067;275416000;LVA;;;112.00;0.00;0.00;;25.45;22.00;STELLA;LVR0841;LVR0841;Riga;;Y;YL2759;Y;Y;Y;8860157;;FX;;OTM, OTB;221.00;30.00;Metal;;2011-09-29;MFL;1991-01-01;;
LVA000001068;;LVA;;;11.60;0.00;0.00;;10.72;0.00;REINA;PO030;PO030;Pavilosta;;N;;N;N;N;;;FX;;LLD;74.00;0.00;Wood;;1964-01-01;MFL;1964-01-01;;
LVA000001069;275422000;LVA;;;112.00;0.00;0.00;;25.45;22.00;NADEŽDA;LVR0843;LVR0843;Riga;;Y;YL2785;Y;Y;Y;8860482;;FX;;OTM, OTB;217.00;26.50;Metal;;1992-07-31;MFL;1992-01-01;;
LVA000001070;275424000;LVA;;;112.00;0.00;0.00;;25.45;0.00;JURMALA;LVL2147;LVL2147;Liepaja;;Y;YL2794;Y;Y;Y;9076753;;FX;;OTM, LTL;220.00;28.00;Metal;;1992-01-01;MFL;1992-01-01;2021-07-26;
LVA000001071;275425000;LVA;;;113.00;0.00;0.00;;25.45;22.00;UNA;LVR0844;LVR0844;Riga;;Y;YL2798;Y;Y;Y;8846292;;FX;;OTM, OTB;215.00;44.00;Metal;;2012-10-24;MFL;1991-01-01;;
LVA000001072;;LVA;;;4378.00;0.00;0.00;;103.70;0.00;MARSHAL NOVIKOV;LVR0846;LVR0846;Riga;;Y;YLFX;Y;Y;Y;;;FX;;OTM, OTB;5148.00;0.00;Metal;;1982-01-01;MFL;1982-01-01;;
LVA000001073;;LVA;;;1.43;0.00;0.00;;6.03;0.00;KURŠIS;LA092;LA092;Liepaja;;N;;N;N;N;;;FX;;GNS, NK;14.70;0.00;Fiber/Plastic;;2013-01-01;MFL;2013-01-01;;
LVA000001074;;LVA;;;1.43;0.00;0.00;;6.03;0.00;RA123;RA123;RA123;Roja;;N;;N;N;N;;;FX;;GNS, NK;0.00;0.00;Fiber/Plastic;;2013-01-01;MFL;2013-01-01;;
LVA000001075;;LVA;;;3.72;0.00;0.00;;7.70;0.00;KLINTA;PO031;PO031;Pavilosta;;N;;N;N;N;;;FX;;GNS, LLS;50.00;0.00;Fiber/Plastic;;1988-01-01;MFL;1988-01-01;;2018-12-03
LVA000005001;;LVA;;;7.63;0.00;0.00;;9.64;9.25;KURZEME;LA093;LA093;Liepaja;;N;;N;N;N;;;FX;;GNS, NK;63.80;0.00;Metal;;2014-05-22;MFL;2013-01-01;;
LVA000005002;275444000;LVA;;;734.00;0.00;0.00;;54.82;0.00;SOLVITA;LVR0847;LVR0847;Riga;;Y;YL2843;Y;Y;Y;8721765;;FX;;;0.00;0.00;Metal;;1986-01-01;MFL;1986-01-01;2021-04-22;
LVA000005003;;LVA;;;704.00;0.00;0.00;;56.39;0.00;KALMAR;LVL2149;LVL2149;Liepaja;;Y;YLJB;Y;Y;Y;;;FX;;;736.00;0.00;Metal;;1990-01-01;MFL;1990-01-01;;
LVA000005004;;LVA;;;3.50;0.00;0.00;;7.70;0.00;ELINA;PO032;PO032;Pavilosta;;N;;N;N;N;;;FX;;GNS, LLS;20.00;0.00;Fiber/Plastic;;2013-01-01;MFL;2013-01-01;;
LVA000005005;;LVA;;;698.00;0.00;0.00;;56.07;0.00;DUBNA;LVL2152;LVL2152;Liepaja;;Y;YL2879;Y;Y;Y;;;FX;;;882.00;0.00;Metal;;1989-01-01;MFL;1989-01-01;;
LVA000005006;;LVA;;;704.00;0.00;0.00;;56.07;0.00;MEMELE;LVL2151;LVL2151;Liepaja;;Y;YL2878;Y;Y;Y;;;FX;;;882.00;0.00;Metal;;1989-01-01;MFL;1989-01-01;;
LVA000005007;;LVA;;;698.00;0.00;0.00;;56.07;0.00;VALKA;LVL2150;LVL2150;Liepaja;;Y;YL2877;Y;Y;Y;;;FX;;;882.00;0.00;Metal;;1988-01-01;MFL;1988-01-01;;
LVA000005008;275460000;LVA;;;723.00;0.00;0.00;;54.82;46.60;SALDUS;LVR0848;LVR0848;Riga;;Y;YL2888;Y;Y;Y;8423155;;FX;;FPO;853.00;0.00;Metal;;2014-12-05;MFL;1985-01-01;;
LVA000005009;;LVA;;;0.52;0.00;0.00;;4.50;0.00;LA094;LA094;LA094;Liepaja;;N;;N;N;N;;;FX;;GNS, NK;0.00;0.00;Fiber/Plastic;;2014-01-01;MFL;2014-01-01;;
LVA000005010;;LVA;;;667.00;0.00;0.00;;55.75;0.00;SOLVEIGA;LVR0849;LVR0849;Riga;;Y;YL2892;Y;Y;Y;;;FX;;;1103.00;0.00;Metal;;1986-01-01;MFL;1986-01-01;;
LVA000005011;;LVA;;;2.80;0.00;0.00;;5.80;0.00;SE115;SE115;SE115;Skulte;;N;;N;N;N;;;FX;;GNS, LLS;13.20;0.00;Fiber/Plastic;;2015-01-01;MFL;2015-01-01;;
LVA000005012;;LVA;;;1.89;0.00;0.00;;6.60;0.00;EE118;EE118;EE118;Engure;;N;;N;N;N;;;FX;;GNS, NK;40.00;0.00;Metal;;2013-01-01;MFL;2013-01-01;;
LVA000005013;;LVA;;;2.82;0.00;0.00;;8.00;0.00;EE117;EE117;EE117;Engure;;N;;N;N;N;;;FX;;GNS, NK;18.00;0.00;Metal;;1970-01-01;MFL;1970-01-01;;
LVA000005014;275474000;LVA;;;4407.00;0.00;0.00;;104.50;88.83;FISHING SUCCESS;LVR0850;LVR0850;Riga;;Y;YLOJ;Y;Y;Y;9121091;;FX;;OTM, OTB;5152.00;773.00;Metal;;2016-05-20;MFL;1997-01-01;;
LVA000005015;;LVA;;;1.88;0.00;0.00;;5.98;0.00;LA095;LA095;LA095;Liepaja;;N;;N;N;N;;;FX;;GNS, NK;73.50;0.00;Fiber/Plastic;;2015-01-01;MFL;2015-01-01;;
LVA000005016;;LVA;;;1.88;0.00;0.00;;5.98;0.00;ZĀRA;LA096;LA096;Liepaja;;N;;N;N;N;;;FX;;GNS;84.60;0.00;Fiber/Plastic;;2017-01-01;MFL;2017-01-01;;
LVA000005017;;LVA;;;1.88;0.00;0.00;;5.98;0.00;LA097;LA097;LA097;Liepaja;;N;;N;N;N;;;FX;;GNS, NK;29.40;0.00;Fiber/Plastic;;2018-01-01;MFL;2018-01-01;;
LVA000005018;;LVA;;;3.76;0.00;0.00;;8.91;0.00;KURSĀRE;PO033;PO033;Pavilosta;;N;;N;N;N;;;FX;;GNS, NK;90.00;0.00;Fiber/Plastic;;1979-01-01;MFL;1979-01-01;;
LVA000005019;;LVA;;;1.88;0.00;0.00;;5.98;0.00;VIKA;LA098;LA098;Liepaja;;N;;N;N;N;;;FX;;GNS;85.10;0.00;Fiber/Plastic;;2018-01-01;MFL;2018-01-01;;
LVA000005020;;LVA;;;2.53;0.00;0.00;;7.40;0.00;VP109;VP109;VP109;Ventspils;;N;;N;N;N;;;FX;;GNS;16.20;0.00;Other;;1988-01-01;MFL;1988-01-01;;
LVA000005021;;LVA;;;0.86;0.00;0.00;;5.80;0.00;RALFS;PO034;PO034;Pavilosta;;N;;N;N;N;;;FX;;GNS;11.00;0.00;Fiber/Plastic;;1988-01-01;MFL;1988-01-01;;
LVA000005022;;LVA;;;1.20;0.00;0.00;;5.80;0.00;SE116;SE116;SE116;Skulte;;N;;N;N;N;;;FX;;GNS;0.00;0.00;Metal;;1963-01-01;MFL;1963-01-01;;
LVA000005023;275492000;LVA;;;2299.00;0.00;0.00;;67.00;57.00;DORADO 2;LVL2158;LVL2158;Liepaja;;Y;YLPC;Y;Y;Y;8817540;;FX;;OTB, OTM;3300.00;0.00;Metal;;1989-04-15;MFL;1989-01-01;;
LVA000005024;;LVA;;;6.19;0.00;0.00;;8.50;0.00;ARIEL;PO035;PO035;Pavilosta;;N;;N;N;N;;;FX;;GNS, LLS;37.50;0.00;Wood;;1988-01-01;MFL;1988-01-01;;
LVA000005025;;LVA;;;8.85;0.00;0.00;;9.85;0.00;BALTA;LA099;LA099;Liepaja;;N;;N;N;N;;;FX;;GNS, NK;43.90;0.00;Wood;;1989-01-01;MFL;1989-01-01;;
LVA000005026;275503000;LVA;;;4407.00;0.00;0.00;;104.50;88.83;KAPITAN MORGUN;LVR0852;LVR0852;Riga;;Y;YLPN;Y;Y;Y;9120308;;FX;;OTM, OTB;5152.00;1450.00;Metal;;2020-02-14;MFL;1995-01-01;;
LVA000005027;;LVA;;;0.59;0.00;0.00;;4.70;4.51;LA100;LA100;LA100;Liepaja;;N;;N;N;N;;;FX;;GNS, LLS;6.60;0.00;Fiber/Plastic;;2018-12-31;MFL;2018-01-01;;
LVA000005028;;LVA;;;0.42;0.00;0.00;;4.30;0.00;VP110;VP110;VP110;Ventspils;;N;;N;N;N;;;FX;;GNS, LLS;3.50;0.00;Fiber/Plastic;;2012-01-01;MFL;2012-01-01;;
LVA000005029;275505000;LVA;;;1895.00;0.00;0.00;;62.25;53.00;LAIMA;LVR0853;LVR0853;Riga;;Y;YLPP;Y;Y;Y;8606745;;FX;;OTB, OTM;2160.00;450.00;Metal;;2020-04-21;MFL;1986-01-01;;
LVA000005030;;LVA;;;0.35;0.00;0.00;;4.30;0.00;LU034;LU034;LU034;Lielupe;;N;;N;N;N;;;FX;;GNS, NK;2.25;0.00;Fiber/Plastic;;2019-01-01;MFL;2019-01-01;;
LVA000005031;;LVA;;;8.77;0.00;0.00;;8.60;0.00;RONJA;LA101;LA101;Liepaja;;N;;N;N;N;;;FX;;GNS, LLS;45.00;0.00;Other;;1985-01-01;MFL;1985-01-01;;
LVA000005032;;LVA;;;0.52;0.00;0.00;;5.23;0.00;EE119;EE119;EE119;Engure;;N;;N;N;N;;;FX;;GNS, LLS;11.20;0.00;Fiber/Plastic;;1995-01-01;MFL;1995-01-01;;
LVA000005033;;LVA;;;18.65;0.00;0.00;;11.95;11.47;SILJE;LA102;LA102;Liepaja;;N;;N;N;N;;;FX;;GNS, LLS;261.00;0.00;Fiber/Plastic;;2021-09-09;MFL;1997-01-01;;
LVA000005034;;LVA;;;0.46;0.00;0.00;;4.20;0.00;VP111;VP111;VP111;Ventspils;;N;;N;N;N;;;FX;;GNS, LLS;3.60;0.00;Fiber/Plastic;;2021-01-01;MFL;2021-01-01;;
LVA000005035;;LVA;;;3.70;0.00;0.00;;8.00;0.00;RED HEAD;EE120;EE120;Engure;;N;;N;N;N;;;FX;;GNS;25.00;0.00;Fiber/Plastic;;1977-01-01;MFL;1977-01-01;;
LVA000005036;;LVA;;;0.54;0.00;0.00;;4.00;0.00;LA103;LA103;LA103;Liepaja;;N;;N;N;N;;;FX;;GNS;18.50;0.00;Fiber/Plastic;;2020-01-01;MFL;2020-01-01;;
LVA000005037;;LVA;;;0.35;0.00;0.00;;4.00;0.00;VP112;VP112;VP112;Ventspils;;N;;N;N;N;;;FX;;GNS;2.60;0.00;Fiber/Plastic;;2019-01-01;MFL;2019-01-01;;
LVA000005038;;LVA;;;0.71;0.00;0.00;;4.70;0.00;VP113;VP113;VP113;Ventspils;;N;;N;N;N;;;FX;;;7.40;0.00;Fiber/Plastic;;2022-01-01;MFL;2022-01-01;;
LVA000005039;;LVA;;;0.53;0.00;0.00;;4.60;0.00;LA104;LA104;LA104;Liepaja;;N;;N;N;N;;;FX;;GNS;14.70;0.00;Fiber/Plastic;;2012-01-01;MFL;2012-01-01;;
LVA000005040;;LVA;;;0.81;0.00;0.00;;4.73;0.00;SE117;SE117;SE117;Skulte;;N;;N;N;N;;;FX;;;14.70;0.00;Fiber/Plastic;;1993-01-01;MFL;1993-01-01;;
LVA000005041;;LVA;;;0.40;0.00;0.00;;3.80;0.00;RIFS;SE118;SE118;Skulte;;N;;N;N;N;;;FX;;LLS;5.00;0.00;Fiber/Plastic;;2011-01-01;MFL;2011-01-01;;
LVA000005042;275041249;LVA;;;2.86;0.00;0.00;;6.28;0.00;LA105;LA105;LA105;Liepaja;;Y;YL3173;N;N;N;;;FX;;GNS, LLS;7.00;0.00;Fiber/Plastic;;2021-01-01;MFL;2021-01-01;;
LVA000005043;;LVA;;;1.55;0.00;0.00;;5.65;5.45;VP114;VP114;VP114;Ventspils;;N;;N;N;N;;;FX;;GNS, LLS;11.04;0.00;Fiber/Plastic;;1992-01-01;MFL;1992-01-01;;2025-02-02
LVA000005044;;LVA;;;1.91;0.00;0.00;;6.10;0.00;SG080;SG080;SG080;Salacgriva;;N;;N;N;N;;;FX;;GNS, LLS;22.10;0.00;Fiber/Plastic;;1980-01-01;MFL;1980-01-01;;
LVA000005045;;LVA;;;0.99;0.00;0.00;;5.80;0.00;PO036;PO036;PO036;Pavilosta;;N;;N;N;N;;;FX;;GNS, LLS;11.00;0.00;Fiber/Plastic;;1988-01-01;MFL;1988-01-01;;
LVA000005046;;LVA;;;0.82;0.00;0.00;;5.10;0.00;SG081;SG081;SG081;Salacgriva;;N;;N;N;N;;;FX;;GNS, LLS;14.70;0.00;Fiber/Plastic;;2015-01-01;MFL;2015-01-01;;
LVA000005047;;LVA;;;0.91;0.00;0.00;;4.98;0.00;PO037;PO037;PO037;Pavilosta;;N;;N;N;N;;;FX;;GNS, LLS;11.20;0.00;Fiber/Plastic;;2016-01-01;MFL;2016-01-01;;
LVA000005048;;LVA;;;0.56;0.00;0.00;;4.30;0.00;EE121;EE121;EE121;Engure;;N;;N;N;N;;;FX;;GNS, LLS;11.19;0.00;Fiber/Plastic;;2022-01-01;MFL;2022-01-01;;
LVA000005049;;LVA;;;0.42;0.00;0.00;;4.30;0.00;AMBER;PO038;PO038;Pavilosta;;N;;N;N;N;;;FX;;GNS, LLS;1.70;0.00;Fiber/Plastic;;2015-01-01;MFL;2015-01-01;;
LVA000005050;;LVA;;;0.82;0.00;0.00;;5.10;0.00;SE119;SE119;SE119;Skulte;;N;;N;N;N;;;FX;;GNS, LLS;3.68;0.00;Fiber/Plastic;;2012-01-01;MFL;2012-01-01;;
LVA000005051;;LVA;;;0.40;0.00;0.00;;4.30;0.00;MR041;MR041;MR041;Mersrags;;N;;N;N;N;;;FX;;GNS, LLS;2.57;0.00;Fiber/Plastic;;2012-01-01;MFL;2012-01-01;;
LVA000005052;;LVA;;;0.30;0.00;0.00;;4.10;0.00;MR042;MR042;MR042;Mersrags;;N;;N;N;N;;;FX;;GNS, LLS;2.90;0.00;Fiber/Plastic;;2004-01-01;MFL;2004-01-01;;
LVA000005053;;LVA;;;11.28;0.00;0.00;;9.80;9.41;GOLDEN;LA106;LA106;Liepaja;;N;;N;N;N;;;FX;;GNS, LLS;66.18;0.00;Wood;;2023-07-19;MFL;1984-01-01;;
LVA000005054;;LVA;;;0.63;0.00;0.00;;5.00;0.00;EE122;EE122;EE122;Engure;;N;;N;N;N;;;FX;;GNS, LLS;4.40;0.00;Fiber/Plastic;;1992-01-01;MFL;1992-01-01;;
LVA000005055;;LVA;;;0.36;0.00;0.00;;4.30;0.00;EE123;EE123;EE123;Engure;;N;;N;N;N;;;FX;;GNS, LLS;4.40;0.00;Fiber/Plastic;;2021-01-01;MFL;2021-01-01;;
LVA000005056;;LVA;;;0.44;0.00;0.00;;4.30;0.00;RA124;RA124;RA124;Roja;;N;;N;N;N;;;FX;;GNS, LLS;0.00;0.00;Fiber/Plastic;;2021-01-01;MFL;2021-01-01;;
LVA000005057;;LVA;;;0.48;0.00;0.00;;4.10;0.00;LA107;LA107;LA107;Liepaja;;N;;N;N;N;;;FX;;GNS, LLS;14.70;0.00;Fiber/Plastic;;2012-01-01;MFL;2012-01-01;;
LVA000005058;;LVA;;;1.99;0.00;0.00;;5.95;0.00;RA125;RA125;RA125;Roja;;N;;N;N;N;;;FX;;GNS, LLS;22.37;0.00;Fiber/Plastic;;2023-01-01;MFL;2023-01-01;;
LVA000005059;;LVA;;;0.44;0.00;0.00;;4.30;0.00;SĀRA;RA126;RA126;Roja;;N;;N;N;N;;;FX;;GNS, LLS;14.90;0.00;Fiber/Plastic;;2019-01-01;MFL;2019-01-01;;
LVA000005060;;LVA;;;0.96;0.00;0.00;;5.50;5.28;VP115;VP115;VP115;Ventspils;;N;;N;N;N;;;FX;;GNS, LLS;23.00;0.00;Fiber/Plastic;;1991-01-01;MFL;1991-01-01;;
LVA000005061;;LVA;;;2.05;0.00;0.00;;7.70;7.40;SNIPA;VP116;VP116;Ventspils;;N;;N;N;N;;;FX;;GNS, LLS;17.50;0.00;Wood;;1968-01-01;MFL;1968-01-01;;
LVA000005062;;LVA;;;1.58;0.00;0.00;;5.80;5.67;PĒRLE;PO039;PO039;Pavilosta;;N;;N;N;N;;;FX;;GNS, LLS;25.00;0.00;Fiber/Plastic;;2024-07-16;MFL;2024-01-01;;
LVA000005063;;LVA;;;0.74;0.00;0.00;;4.50;4.32;RA127;RA127;RA127;Roja;;N;;N;N;N;;;FX;;GNS, LLS;14.70;0.00;Fiber/Plastic;;2023-01-01;MFL;2023-01-01;;
LVA000005064;;LVA;;;1.64;0.00;0.00;;5.65;5.42;EE124;EE124;EE124;Engure;;N;;N;N;N;;;FX;;GNS, LLS;14.70;0.00;Fiber/Plastic;;1991-01-01;MFL;1991-01-01;;
LVA000005065;;LVA;;;1.22;0.00;0.00;;5.65;0.00;VP117;VP117;VP117;Ventspils;;N;;N;N;N;;;FX;;GNS, LLS;11.19;0.00;Fiber/Plastic;;1990-01-01;MFL;1990-01-01;;
LVA000005066;;LVA;;;2.39;0.00;0.00;;5.50;0.00;RA128;RA128;RA128;Roja;;N;;N;N;N;;;FX;;GNS, LLS;25.00;0.00;Fiber/Plastic;;1985-01-01;MFL;1985-01-01;;
LVA000005067;;LVA;;;3.47;0.00;0.00;;6.90;0.00;RA129;RA129;RA129;Roja;;N;;N;N;N;;;FX;;GNS, LLS;25.00;0.00;Fiber/Plastic;;1994-01-01;MFL;1994-01-01;;
LVA000005068;;LVA;;;0.56;0.00;0.00;;4.30;0.00;SG082;SG082;SG082;Salacgriva;;N;;N;N;N;;;FX;;GNS, LLS;14.70;0.00;Fiber/Plastic;;2021-01-01;MFL;2021-01-01;;
LVA000005069;;LVA;;;1.62;0.00;0.00;;6.50;0.00;RA130;RA130;RA130;Roja;;N;;N;N;N;;;FX;;GNS, LLS;25.00;0.00;Fiber/Plastic;;1973-01-01;MFL;1973-01-01;;
LVA000005070;;LVA;;;2.33;0.00;0.00;;8.00;7.68;RA131;RA131;RA131;Roja;;N;;N;N;N;;;FX;;GNS, LLS;16.00;0.00;Metal;;1999-01-01;MFL;1999-01-01;;
LVA000005071;;LVA;;;1.04;0.00;0.00;;5.30;5.09;MR043;MR043;MR043;Mersrags;;N;;N;N;N;;;FX;;GNS, LLS;11.00;0.00;Fiber/Plastic;;2008-01-01;MFL;2008-01-01;;
LVA000005072;;LVA;;;1.06;0.00;0.00;;5.65;5.42;EE125;EE125;EE125;Engure;;N;;N;N;N;;;FX;;GNS, LLS;4.41;0.00;Fiber/Plastic;;1990-01-01;MFL;1990-01-01;;
LVA000005073;;LVA;;;0.83;0.00;0.00;;5.45;5.23;PO040;PO040;PO040;Pavilosta;;N;;N;N;N;;;FX;;GNS, LLS;22.37;0.00;Fiber/Plastic;;1992-01-01;MFL;1992-01-01;;
LVA000005074;;LVA;;;1.99;0.00;0.00;;5.95;5.71;LA108;LA108;LA108;Liepaja;;N;;N;N;N;;;FX;;GNS, NK;36.80;0.00;Fiber/Plastic;;2024-01-01;MFL;2024-01-01;;
LVA000005075;275555000;LVA;;;4407.00;0.00;0.00;;104.50;96.40;FISHING TIDE;LVL0857;LVL0857;Liepaja;;Y;YLSK;Y;Y;Y;8832112;;FX;;OTM, OTB;5152.00;1750.00;Metal;;1990-01-01;MFL;1990-01-01;;
LVA000005076;;LVA;;;1.88;0.00;0.00;;5.98;5.74;VP118;VP118;VP118;Ventspils;;N;;N;N;N;;;FX;;GNS, LLS;36.80;0.00;Fiber/Plastic;;2025-01-01;MFL;2025-01-01;;
LVA000005077;;LVA;;;0.49;0.00;0.00;;4.60;4.42;RA132;RA132;RA132;Roja;;N;;N;N;N;;;FX;;GNS, LLS;25.00;0.00;Fiber/Plastic;;2024-01-01;MFL;2024-01-01;;
LVA000005078;;LVA;;;0.50;0.00;0.00;;4.35;4.22;SE120;SE120;SE120;Skulte;;N;;N;N;N;;;FX;;GNS, LLS;0.00;0.00;Fiber/Plastic;;2025-01-01;MFL;2025-01-01;;
LVA000005079;;LVA;;;0.41;0.00;0.00;;4.35;4.18;EE126;EE126;EE126;Engure;;N;;N;N;N;;;FX;;GNS, LLS;1.75;0.00;Fiber/Plastic;;2024-01-01;MFL;2024-01-01;;
POL022502160;;LVA;;;26.96;0.00;0.00;;14.99;13.38;KOL-57;LVR0856;LVR0856;Riga;;Y;YLKO;N;Y;N;;;FX;;OTM, NO;197.00;0.00;Other;;2010-01-01;MFL;2010-01-01;;
POL022502238;275292000;LVA;;;25.57;0.00;0.00;;14.30;13.03;AMALTEA;LVR0854;LVR0854;Riga;;Y;YLAT;Y;Y;N;;;FX;;OTM, OTB;221.00;0.00;Metal;;2013-07-31;MFL;2013-01-01;;
POL035202001;;LVA;;;1805.00;0.00;0.00;;60.33;0.00;DORADO;LVL2156;LVL2156;Liepaja;;Y;YLPB;Y;Y;Y;;;FX;;OTB, OTM;3375.00;0.00;Metal;;1987-01-01;MFL;1987-01-01;;
