CFR;MSSI;Country of registration;Administration responsible of registration;Registration on national registry;GT Tonnage;Other tonnage;GTs;Code;LOA;LBP;Name;Registration number;External marking;Registration Place;Status on national registry;Radio;IRCS;VMS;ERS;AIS;UVI;IMO;Vessel Type;Operates at;Fishing gear;Main engine;Power of auxiliary engine;Hull material;Image;Date of entry into service;Segment;Year of construction;Year of destruction;Year of retirement
BEL011101959;211653680;DEU;;;34.00;0.00;0.00;;18.00;16.20;OSTWIND;FED10;FED10;Cuxhaven;;Y;DGDM2;Y;Y;Y;;;TU;;TBB, NK;221.00;0.00;Metal;;1989-01-01;MFL;1959-01-01;;2024-03-19
DEU000010300;;DEU;;;100.00;83.91;0.00;;24.81;22.21;ANDREA;NC302;NC302;;;Y;DFPA;N;;;;;FX;;OTB, OTM;421.00;0.00;;;1969-01-17;4C3;;;2000-04-05
DEU000010400;;DEU;;;170.00;128.76;0.00;;26.05;23.00;JUWEL;HF574;HF574;;;Y;DENU;N;;;;;FX;;LLS, OTM;423.00;0.00;;;1973-01-20;G21;;;1996-12-29
DEU000010500;;DEU;;;0.00;12.88;0.00;;15.10;13.59;ERNA BECKER;HF348;HF348;;;Y;DECB;N;;;;;FX;;GNS, TBB;88.00;0.00;;;1892-12-01;C12;;1992-09-26;
DEU000010601;;DEU;;;0.00;2431.63;0.00;;85.78;81.50;ERICH WEINERT;ROS304;ROS304;;;Y;Y4BE;N;;;;;FX;;OTB, OTM;1692.00;1176.00;;;1962-08-30;1;;1991-12-31;
DEU000010602;;DEU;;;11.00;15.02;0.00;;10.35;9.50;GLUECKAUF;SAS025;SAS025;;;Y;Y4MJ;N;;;;;FX;;OTB, GNS;42.00;0.00;;;1952-02-04;4C3;;1997-06-10;
DEU000010603;;DEU;;;0.00;10.09;0.00;;11.95;0.00;WUSTROW;WAR69;WAR69;;;Y;Y40W;N;;;;;FX;;OTB, PTB;44.00;0.00;;;1956-05-01;4;;;1990-11-01
DEU000010604;;DEU;;;0.00;117.29;0.00;;26.25;24.66;ATAIR;WIS107;WIS107;;;Y;Y4PK;N;;;;;FX;;OTB, PTB;470.00;74.00;;;1977-07-12;3;;;1990-12-31
DEU000010606;;DEU;;;0.00;117.29;0.00;;26.27;24.66;INSEL USEDOM;KAR11;KAR11;;;Y;Y4KX;N;;;;;FX;;OTB, OTM;470.00;49.00;;;1977-02-07;3;;;1991-05-02
DEU000010607;;DEU;;;0.00;13.35;0.00;;10.83;10.13;---;LAU01;LAU01;;;N;;N;;;;;FX;;GNS;45.00;0.00;;;1938-05-14;C19;;;1992-01-08
DEU000010608;;DEU;;;0.00;15.17;0.00;;11.95;0.00;8. MAI;WIE31;WIE31;;;Y;Y4TU;N;;;;;FX;;GNS, NK;44.00;0.00;;;1956-07-19;4;;;1990-11-29
DEU000010609;;DEU;;;2.00;0.00;0.00;;8.60;0.00;---;UEK1;UEK1;;;N;;N;;;;;FX;;GNS, NK;7.00;0.00;Wood;;1969-06-16;MFL;1969-01-01;;2005-12-08
DEU000010610;;DEU;;;1.00;0.00;0.00;;5.40;0.00;---;BOD1;BOD1;;;N;;N;;;;;FX;;GNS, NK;0.00;0.00;Wood;;1981-11-14;MFL;1981-01-01;;2006-12-29
DEU000010611;;DEU;;;10.00;0.00;0.00;;11.40;10.06;HEIMAT;STA001;STA001;;;Y;DF8769;N;N;N;;;GO;;GNS, FPO;44.00;0.00;Wood;;1953-02-07;MFL;1952-01-01;;2018-12-31
DEU000010612;;DEU;;;3.00;4.80;0.00;;8.18;6.68;---;THI01;THI01;;;N;;N;;;;;FX;;GNS, LLS;18.00;0.00;;;1952-11-14;4C1;;;1998-03-23
DEU000010613;;DEU;;;0.00;12.95;0.00;;10.79;0.00;---;BRE002;BRE002;;;N;;N;;;;;FX;;GNS, LLS;37.00;0.00;;;1935-08-12;4;;;1993-01-01
DEU000010614;;DEU;;;0.00;18.94;0.00;;13.72;0.00;MARGARETE;FRE2;FRE2;;;Y;Y4VA;N;;;;;FX;;GNS, OTB;44.00;0.00;;;1937-06-11;G16;;;1992-03-30
DEU000010615;;DEU;;;4.00;5.93;0.00;;8.03;7.63;---;GAG01;GAG01;;;N;;N;;;;;FX;;GNS;18.00;0.00;;;1948-07-24;4C1;;;1998-03-31
DEU000010616;;DEU;;;8.00;10.10;0.00;;10.16;9.00;---;LAS25;LAS25;;;N;;N;;;;;FX;;GNS, LLS;44.00;0.00;Wood;;1949-03-30;MFL;1949-01-01;;2010-05-18
DEU000010617;;DEU;;;0.00;26.00;0.00;;14.75;0.00;EMMI;VIT2;VIT2;;;Y;Y4TW;N;;;;;FX;;OTB, PTB;98.00;0.00;;;1940-02-21;4;;;1991-08-01
DEU000010618;;DEU;;;0.00;9.67;0.00;;9.02;7.70;GISELA;AHL001;AHL001;;;N;;N;;;;;FX;;GNS, LLS;44.00;0.00;;;1965-04-12;4;;;1993-07-01
DEU000010619;;DEU;;;5.00;0.00;0.00;;8.60;7.10;SEESCHWALBE;HER12;HER12;Heringsdorf;;N;;N;N;N;;;GO;;GNS, LLS;36.00;0.00;Wood;;1978-04-03;MFL;1978-01-01;2022-12-01;
DEU000010620;;DEU;;;3.00;4.10;0.00;;7.60;0.00;---;HER3;HER3;;;N;;N;;;;;FX;;GNS, LLS;36.00;0.00;Wood;;1964-05-10;MFL;1964-01-01;;2007-03-28
DEU000010621;;DEU;;;1.00;0.00;0.00;;6.00;0.00;---;AHL43;AHL43;Ahlbeck;;N;;N;N;N;;;GO;;GNS, LLS;24.00;0.00;Wood;;1976-05-02;MFL;1976-01-01;;2022-01-01
DEU000010622;;DEU;;;0.00;5.32;0.00;;9.05;6.90;SANTA LUCIA;KOEL019;KOEL019;;;N;;N;;;;;FX;;GNS, LLS;44.00;0.00;;;1976-02-25;4;;;1994-03-22
DEU000010623;;DEU;;;1.00;3.66;0.00;;7.20;0.00;---;KOS5;KOS5;;;N;;N;;;;;FX;;GNS, LLS;5.00;0.00;;;1953-04-19;4C1;;;1997-03-01
DEU000010624;;DEU;;;1.00;1.91;0.00;;5.20;0.00;---;ZEM2;ZEM2;;;N;;N;;;;;FX;;GNS, LLS;5.00;0.00;;;1975-04-20;4C1;;;1998-03-23
DEU000010625;;DEU;;;2.00;0.00;0.00;;6.80;6.05;---;ZIW1;ZIW1;Zinnowitz;;N;;N;N;N;;;GO;;GNS, LLS;18.00;0.00;Wood;;1977-03-01;MFL;1977-01-01;;2024-06-30
DEU000010630;;DEU;;;16.00;15.17;0.00;;11.95;11.49;DRANSKE;KAM47;KAM47;;;Y;Y4UB;N;;;;;FX;;OTB, OTM;150.00;0.00;Wood;;1956-06-17;MFL;1956-01-01;;2006-10-25
DEU000010631;;DEU;;;3.00;5.72;0.00;;9.00;7.85;---;AWA1;AWA1;;;N;;N;;;;;FX;;GNS, NK;18.00;0.00;Wood;;1981-02-15;MFL;1981-01-01;2004-02-16;
DEU000010632;;DEU;;;2.00;0.00;0.00;;8.05;7.10;---;MOEN1;MOEN1;;;N;;N;;;;;FX;;GNS, NK;22.00;0.00;Metal;;1973-08-14;MFL;1973-01-01;;2006-05-16
DEU000010633;;DEU;;;2.00;2.43;0.00;;8.40;7.32;---;USE1;USE1;Usedom;;N;;N;N;N;;;GO;;GNS, LLS;6.00;0.00;Metal;;1978-04-15;MFL;1978-01-01;;
DEU000010634;;DEU;;;0.00;5.49;0.00;;8.80;0.00;---;WOG001;WOG001;;;N;;N;;;;;FX;;GNS, LLS;22.00;0.00;;;1955-05-06;C19;;;1995-07-17
DEU000010635;;DEU;;;1.00;3.46;0.00;;7.00;0.00;---;RAN2;RAN2;;;N;;N;;;;;FX;;GNS, FPO;6.00;0.00;Wood;;1949-03-02;MFL;1949-01-01;;2007-03-21
DEU000010637;;DEU;;;17.00;0.00;0.00;;11.59;11.04;LACHS;NEU001;NEU001;"Neuendorf"", Hiddensee";;Y;Y4TY;N;N;N;;;GO;;GNS, OTB;100.00;0.00;Wood;;1956-05-03;MFL;1956-01-01;;
DEU000010638;;DEU;;;10.00;13.72;0.00;;11.22;10.14;EINHEIT;LAU25;LAU25;;;N;;N;;;;;FX;;GNS, LLS;66.00;0.00;;;1988-11-22;C19;;;1996-08-01
DEU000010639;;DEU;;;7.00;0.00;0.00;;10.72;10.42;---;BRE60;BRE60;Breege;;N;;N;N;N;;;GO;;GNS, LLS;37.00;0.00;Wood;;1956-11-13;MFL;1956-01-01;;2023-01-19
DEU000010640;;DEU;;;0.00;17.05;0.00;;11.35;10.85;MUTTLAND;WIR001;WIR001;;;N;;N;;;;;FX;;GNS, LLS;44.00;0.00;;;1951-04-12;4;;;1992-11-03
DEU000010641;;DEU;;;9.00;0.00;0.00;;9.53;8.50;SEESTERN;DRA004;DRA004;;;N;;N;N;N;;;GO;;GNS, LLS;81.00;0.00;Wood;;1989-06-25;MFL;1989-01-01;;2019-01-01
DEU000010642;;DEU;;;0.00;5.56;0.00;;8.87;0.00;---;KUEH001;KUEH001;;;N;;N;;;;;FX;;GNS, LLS;18.00;0.00;;;1975-01-01;4;;;1994-02-20
DEU000010643;;DEU;;;1.00;2.45;0.00;;6.00;0.00;---;BOG001;BOG001;;;N;;N;;;;;FX;;GNS, LLS;4.00;0.00;;;1976-04-15;4C1;;;2000-01-10
DEU000010644;;DEU;;;0.00;1.43;0.00;;4.50;0.00;---;GMUE1;GMUE1;;;N;;N;;;;;FX;;GNS, LLS;0.00;0.00;;;1989-04-14;C19;;;1992-11-03
DEU000010645;;DEU;;;0.00;1.91;0.00;;5.20;0.00;---;AHR001;AHR001;;;N;;N;;;;;FX;;GNS, NO;6.00;0.00;;;1972-04-19;C19;;;1994-05-04
DEU000010646;;DEU;;;0.00;2.63;0.00;;6.80;0.00;---;WUS001;WUS001;;;N;;N;;;;;FX;;GNS, NO;13.00;0.00;;;1971-06-23;4;;1992-01-01;
DEU000010648;;DEU;;;0.00;1.77;0.00;;5.00;0.00;---;BOR1;BOR1;;;N;;N;;;;;FX;;GNS, LLS;4.00;0.00;;;1948-06-10;C19;;1993-07-05;
DEU000010657;;DEU;;;1.00;1.00;0.00;;3.10;0.00;---;WID001;WID001;;;N;;N;;;;;FX;;GNS, LLS;10.00;0.00;;;1988-06-14;4C1;;;2001-10-26
DEU000010665;;DEU;;;1.00;0.00;0.00;;5.70;0.00;---;WID7;WID7;;;N;;N;;;;;FX;;GNS, LLS;15.00;0.00;Fiber/Plastic;;2001-10-26;MFL;2001-01-01;;2016-07-31
DEU000010668;;DEU;;;1.00;0.00;0.00;;5.85;0.00;---;DRA23;DRA23;;;N;;N;N;N;;;GO;;GNS, LLS;12.00;0.00;Fiber/Plastic;;2001-11-26;MFL;2000-01-01;;2018-12-01
DEU000010669;;DEU;;;1.00;0.00;0.00;;4.88;0.00;BLINKER;STRA8;STRA8;Strande;;N;;N;N;N;;;GO;;GNS, FPO;8.00;0.00;Fiber/Plastic;;2017-05-09;MFL;1998-01-01;;
DEU000010670;;DEU;;;1.00;0.00;0.00;;5.50;0.00;---;STR34;STR34;Stralsund;;N;;N;N;N;;;GO;;GNS, FPO;37.00;0.00;Fiber/Plastic;;2021-02-01;MFL;1994-01-01;;
DEU000010671;;DEU;;;1.00;0.00;0.00;;4.52;0.00;---;SEE14N;SEE14N;Seedorf;;N;;N;N;N;;;GO;;GNS, LLS;3.00;0.00;Fiber/Plastic;;1999-05-03;MFL;1999-01-01;;
DEU000010672;;DEU;;;1.00;0.00;0.00;;5.06;0.00;---;KROE11;KROE11;;;N;;N;;;;;FX;;GNS, LLS;9.00;0.00;Fiber/Plastic;;2002-11-12;MFL;2002-01-01;;
DEU000010673;;DEU;;;1.00;0.00;0.00;;5.06;0.00;---;BAA19N;BAA19N;;;N;;N;;;;;FX;;GNS, LLS;4.00;0.00;Fiber/Plastic;;2005-11-03;MFL;2005-01-01;;
DEU000010679;;DEU;;;1.00;0.00;0.00;;4.90;0.00;---;RED21N;RED21N;Redentin;;N;;N;N;N;;;GO;;GNS, FPO;11.00;0.00;Fiber/Plastic;;2024-04-01;MFL;1990-01-01;;
DEU000020300;;DEU;;;69.00;67.00;0.00;;19.96;16.50;TAURUS;NC303;NC303;;;Y;DFMJ;N;;;;;FX;;OTB, OTM;260.00;0.00;;;1984-01-01;G16;;;1993-05-27
DEU000020400;211234500;DEU;;;125.00;0.00;0.00;;26.29;23.72;RHEIDERLAND;NG2;NG2;Ditzum;;Y;DEOG;Y;Y;Y;7315521;;TTW;;OTB, TBB;340.00;0.00;Metal;;1973-02-21;MFL;1973-01-01;;
DEU000020500;;DEU;;;0.00;74.89;0.00;;24.47;22.76;ORION;HF547;HF547;;;Y;DIOL;N;;;;;FX;;OTB, PTB;337.00;0.00;;;1960-12-31;G11;;;1994-08-10
DEU000020601;;DEU;;;0.00;2598.00;0.00;;87.73;84.12;BODO UHSE;ROS312;ROS312;;;Y;Y4IO;N;;;;;FX;;OTB, OTM;2134.00;1459.00;;;1965-10-27;1;;1991-04-26;
DEU000020602;;DEU;;;21.00;22.38;0.00;;11.96;11.60;HEIMAT;SAS001;SAS001;;;Y;DQGD;N;;;;;FX;;OTB, PTB;80.00;0.00;Wood;;1936-05-06;MFL;1936-01-01;;2005-01-04
DEU000020603;;DEU;;;0.00;19.00;0.00;;11.95;0.00;AHRENSHOP;WAR42;WAR42;;;Y;Y4QC;N;;;;;FX;;OTB, PTB;44.00;0.00;;;1956-10-16;4;;;1990-11-01
DEU000020604;;DEU;;;0.00;72.47;0.00;;24.00;0.00;MICHAEL GLINKA;WIS100;WIS100;;;Y;Y4PE;N;;;;;FX;;OTB, PTB;152.00;9.00;;;1952-03-27;4;;;1990-12-01
DEU000020606;;DEU;;;70.00;71.46;0.00;;21.00;18.60;SACHSEN ANHALT;CUX18;CUX18;;;Y;Y4KS;N;;;;;FX;;OTB, OTM;220.00;3.00;Metal;;1949-06-11;MFL;1948-01-01;;2003-07-07
DEU000020607;;DEU;;;0.00;8.44;0.00;;8.74;8.54;---;LAU03;LAU03;;;N;;N;;;;;FX;;GNS;45.00;0.00;;;1965-10-07;4;;1994-07-01;
DEU000020608;;DEU;;;16.00;15.17;0.00;;11.95;0.00;USEDOM;WIE32;WIE32;;;Y;Y4TV;N;;;;;FX;;GNS, LLS;44.00;0.00;Wood;;1956-09-18;MFL;1956-01-01;;2012-02-01
DEU000020609;;DEU;;;2.00;4.00;0.00;;8.08;7.02;---;UEK2;UEK2;;;N;;N;;;;;FX;;GNS, LLS;6.00;0.00;;;1958-04-12;4C1;;1998-12-03;
DEU000020611;;DEU;;;10.00;0.00;0.00;;11.30;9.95;MARGARETE;STA002;STA002;;;N;;N;;;;;FX;;GNS, NK;44.00;0.00;Wood;;1932-08-16;MFL;1932-01-01;;2006-12-18
DEU000020613;;DEU;;;10.00;13.89;0.00;;11.10;0.00;---;BRE003;BRE003;;;N;;N;;;;;FX;;GNS, LLS;37.00;0.00;;;1943-05-12;4C1;;;2002-12-11
DEU000020614;;DEU;;;18.00;0.00;0.00;;11.87;10.85;MOEWE;FRE3;FRE3;;;Y;Y4VG;N;N;N;;;GO;;GNS, OTB;147.00;0.00;Wood;;1936-08-07;MFL;1936-01-01;;2018-12-31
DEU000020615;;DEU;;;6.00;0.00;0.00;;8.85;8.50;---;GAG03;GAG03;Gager;;N;;N;N;N;;;GO;;GNS, LLS;18.00;0.00;Wood;;1977-02-11;MFL;1977-01-01;2022-11-29;
DEU000020616;;DEU;;;0.00;4.93;0.00;;8.35;0.00;---;LAS17;LAS17;;;N;;N;;;;;FX;;GNS, NK;44.00;0.00;;;1989-04-02;4;;;1992-01-01
DEU000020617;;DEU;;;26.00;0.00;0.00;;14.98;13.56;HEIMAT;VIT5;VIT5;;;Y;Y4TO;N;N;N;;;TTW;;OTB, TBB;100.00;0.00;Wood;;1948-06-13;MFL;1948-01-01;;2018-01-23
DEU000020618;;DEU;;;4.00;10.59;0.00;;9.47;8.00;STURMVOGEL;AHL002N;AHL002N;;;N;;N;;;;;FX;;GNS, LLS;44.00;0.00;Wood;;1972-10-15;MFL;1972-01-01;;2013-11-06
DEU000020619;;DEU;;;4.00;8.88;0.00;;8.60;7.10;---;BAN002;BAN002;;;N;;N;;;;;FX;;GNS, LLS;36.00;0.00;Wood;;1970-03-15;MFL;1970-01-01;;2015-02-23
DEU000020620;;DEU;;;1.00;2.94;0.00;;6.45;0.00;---;HER4N;HER4N;;;N;;N;;;;;FX;;GNS, LLS;15.00;0.00;Wood;;1983-03-09;MFL;1983-01-01;;2011-02-15
DEU000020621;;DEU;;;2.00;0.00;0.00;;6.75;6.51;---;UETZ18;UETZ18;;;N;;N;N;N;;;GO;;GNS, LLS;30.00;0.00;Wood;;1980-02-19;MFL;1980-01-01;;2019-10-31
DEU000020622;;DEU;;;0.00;5.72;0.00;;9.00;0.00;---;KOEL020;KOEL020;;;N;;N;;;;;FX;;GNS, LLS;44.00;0.00;;;1965-11-12;C19;;;1992-02-14
DEU000020623;;DEU;;;1.00;0.00;0.00;;6.60;6.50;---;KOS009;KOS009;Koserow;;N;;N;N;N;;;GO;;GNS, LLS;10.00;0.00;Wood;;1969-11-02;MFL;1969-01-01;;
DEU000020624;;DEU;;;2.00;3.18;0.00;;6.85;5.05;---;ZEM5;ZEM5;;;N;;N;;;;;FX;;GNS, LLS;19.00;0.00;;;1977-05-14;4C1;;;2001-11-12
DEU000020625;;DEU;;;1.00;0.00;0.00;;4.99;0.00;---;ZIW2;ZIW2;Zinnowitz;;N;;N;N;N;;;GO;;GNS, LLS;26.00;0.00;Fiber/Plastic;;2000-03-26;MFL;1999-01-01;;2024-06-30
DEU000020627;;DEU;;;0.00;2.55;0.00;;6.00;0.00;---;BIN2;BIN2;;;N;;N;;;;;FX;;GNS;10.00;0.00;;;1966-06-12;4;;;1993-07-05
DEU000020630;;DEU;;;0.00;19.80;0.00;;14.10;0.00;SEEADLER;KAM48;KAM48;;;N;;N;;;;;FX;;OTB, OTM;59.00;0.00;;;1941-09-27;G16;;;1994-07-07
DEU000020631;;DEU;;;3.00;0.00;0.00;;8.65;7.45;---;AWA2;AWA2;;;N;;N;;;;;FX;;GNS, FPO;52.00;0.00;Metal;;1968-07-11;MFL;1968-01-01;;
DEU000020632;;DEU;;;4.00;0.00;0.00;;8.50;7.80;---;MOEN2;MOEN2;;;N;;N;N;N;;;GO;;GNS, NK;22.00;0.00;Wood;;1947-04-14;MFL;1947-01-01;;2019-11-01
DEU000020633;;DEU;;;2.00;3.20;0.00;;7.80;7.15;---;USE2;USE2;Börgerende;;N;;N;N;N;;;GO;;GNS, FPO;6.00;0.00;Metal;;1963-01-15;MFL;1963-01-01;;
DEU000020634;;DEU;;;0.00;2.54;0.00;;6.00;0.00;---;WOG2;WOG2;;;N;;N;;;;;FX;;GNS, LLS;3.00;0.00;;;1955-07-27;C19;;;1995-06-23
DEU000020635;;DEU;;;0.00;4.52;0.00;;7.50;0.00;---;RAN6;RAN6;;;N;;N;;;;;FX;;GNS, NK;4.00;0.00;;;1940-04-10;C19;;;1992-09-30
DEU000020637;;DEU;;;0.00;20.31;0.00;;11.68;11.08;FREIHERR VON SCHILL;FRE11;FRE11;;;N;;N;;;;;FX;;GNS, LLS;58.00;0.00;;;1956-11-13;C19;;;1993-04-24
DEU000020638;;DEU;;;0.00;1.91;0.00;;5.20;0.00;---;GLE03;GLE03;;;N;;N;;;;;FX;;GNS;6.00;0.00;;;1940-07-24;4;;;1993-04-15
DEU000020639;;DEU;;;9.00;0.00;0.00;;11.00;10.50;---;UMM6;UMM6;Waase;;N;;N;N;N;;;GO;;GNS, LLS;37.00;0.00;Wood;;1931-04-02;MFL;1931-01-01;;2024-11-30
DEU000020640;;DEU;;;0.00;15.17;0.00;;11.95;11.49;HAI;WIR002;WIR002;;;N;;N;;;;;FX;;GNS, LLS;44.00;0.00;;;1956-09-18;4;;1992-09-09;
DEU000020641;;DEU;;;4.00;7.81;0.00;;8.33;7.87;SIRIUS;KUEH15N;KUEH15N;;;N;;N;;;;;FX;;GNS, LLS;29.00;0.00;Wood;;1950-09-12;MFL;1950-01-01;;2014-01-17
DEU000020642;;DEU;;;0.00;2.80;0.00;;6.30;0.00;---;KUEH002;KUEH002;;;N;;N;;;;;FX;;GNS, LLS;11.00;0.00;;;1977-04-01;4;;1991-07-19;
DEU000020643;;DEU;;;2.00;2.45;0.00;;6.00;0.00;---;POE25;POE25;;;N;;N;;;;;FX;;GNS, LLS;4.00;0.00;Wood;;1982-08-15;MFL;1982-01-01;;2010-10-05
DEU000020644;;DEU;;;2.00;2.80;0.00;;6.30;0.00;---;GMUE2;GMUE2;;;N;;N;;;;;FX;;GNS, LLS;16.00;0.00;;;1983-03-02;C19;;;1995-06-26
DEU000020645;;DEU;;;0.00;18.97;0.00;;12.30;0.00;---;RIB1;RIB1;;;N;;N;;;;;FX;;GNS, NO;36.00;0.00;;;1954-10-23;4;;;1991-06-27
DEU000020646;;DEU;;;0.00;1.31;0.00;;4.30;0.00;---;WUS001A;WUS001A;;;N;;N;;;;;FX;;GNS, NO;2.00;0.00;;;1971-04-12;4;;1991-09-10;
DEU000020648;;DEU;;;1.00;0.00;0.00;;5.80;0.00;---;PRU2;PRU2;Born;;N;;N;N;N;;;GO;;GNS, LLS;3.00;0.00;Wood;;1983-01-01;MFL;1983-01-01;;2024-11-30
DEU000020649;;DEU;;;7.00;8.55;0.00;;10.81;10.08;SEETEUFEL;WAR41;WAR41;;;N;;N;;;;;FX;;GNS, NO;37.00;0.00;;;1974-03-17;4C1;;;2000-01-20
DEU000020650;;DEU;;;2.00;4.30;0.00;;7.50;0.00;---;ZID002;ZID002;;;N;;N;;;;;FX;;GNS, NO;13.00;0.00;;;1959-02-12;4C1;;;2000-09-11
DEU000020656;;DEU;;;1.00;0.00;0.00;;5.04;0.00;---;BAR17;BAR17;Barth;;N;;N;N;N;;;GO;;GNS, LLS;6.00;0.00;Fiber/Plastic;;2004-03-15;MFL;1979-01-01;;
DEU000020657;;DEU;;;0.00;2.30;0.00;;5.70;0.00;---;WID002;WID002;;;N;;N;;;;;FX;;GNS, LLS;5.00;0.00;;;1971-06-10;C19;;;1994-04-30
DEU000020665;;DEU;;;1.00;0.00;0.00;;5.75;0.00;---;PRU6;PRU6;;;N;;N;N;N;;;GO;;GNS, FPO;22.00;0.00;Fiber/Plastic;;2007-10-30;MFL;2007-01-01;;
DEU000020668;;DEU;;;1.00;0.00;0.00;;5.85;0.00;---;GLO19N;GLO19N;;;N;;N;;;;;FX;;GNS, LLS;7.00;0.00;;;2002-03-11;4C1;;;2002-08-12
DEU000020672;;DEU;;;1.00;0.00;0.00;;5.06;0.00;---;KROE12N;KROE12N;Kröslin;;N;;N;N;N;;;GO;;GNS, LLS;9.00;0.00;Fiber/Plastic;;2002-12-06;MFL;2002-01-01;;
DEU000020673;;DEU;;;2.00;0.00;0.00;;6.69;0.00;---;BAA20;BAA20;;;N;;N;;;;;FX;;GNS, FPO;26.00;0.00;Metal;;2007-12-03;MFL;2007-01-01;;
DEU000020676;;DEU;;;1.00;0.00;0.00;;5.45;0.00;---;WAT21N;WAT21N;Warthe;;N;;N;N;N;;;GO;;GNS, FPO;8.00;0.00;Fiber/Plastic;;1983-07-22;MFL;1971-01-01;;
DEU000030300;;DEU;;;179.00;145.00;0.00;;29.36;26.18;ORTEGAL UNO;NC305;NC305;;;Y;DFPH;Y;;;;;FX;;GNS, GNC;422.00;66.00;Metal;;1970-05-15;MFL;1970-01-01;2010-01-13;
DEU000030400;;DEU;;;122.00;120.65;0.00;;29.01;25.90;KORMORAN;BX750;BX750;;;Y;DEOH;N;;;;;FX;;OTB, OTM;441.00;0.00;;;1973-03-19;4C3;;;1998-04-27
DEU000030500;;DEU;;;0.00;121.99;0.00;;27.35;23.87;KAETE;HF548;HF548;;;Y;DHKB;N;;;;;FX;;OTB, PTB;243.00;0.00;;;1960-12-31;G11;;1992-10-13;
DEU000030601;;DEU;;;0.00;2583.21;0.00;;87.78;83.91;WILLI BREDEL;ROS313;ROS313;;;Y;Y4IP;N;;;;;FX;;OTB, OTM;2134.00;1459.00;;;1966-05-02;2;;1991-12-31;
DEU000030602;;DEU;;;16.00;0.00;0.00;;11.95;11.49;07. OKT;SAS010;SAS010;;;Y;Y4MI;N;;;;;FX;;OTB, PTB;52.00;0.00;Wood;;1956-05-01;MFL;1956-01-01;;2006-05-10
DEU000030603;;DEU;;;19.00;0.00;0.00;;12.60;11.18;PREROW;WAR6;WAR6;;;Y;Y4QB;N;N;N;;;GO;;GNS, OTB;59.00;0.00;Wood;;1957-03-15;MFL;1957-01-01;;
DEU000030604;;DEU;;;137.00;117.29;0.00;;26.29;23.45;DENEB;WIS109;WIS109;;;Y;Y4PL;N;;;;;FX;;OTB, PTB;470.00;74.00;;;1981-01-15;4C3;;;1997-12-01
DEU000030606;;DEU;;;41.00;0.00;0.00;;17.80;15.94;BERGEN;UEK12;UEK12;Ueckermünde;;Y;Y4TL;Y;Y;Y;;;TTW;;PTB, OTB;220.00;6.00;Wood;;1950-07-21;MFL;1950-01-01;;2021-12-10
DEU000030607;;DEU;;;6.00;0.00;0.00;;9.59;8.79;---;LAU04N;LAU04N;"Lauterbach"", Rügen";;N;;N;N;N;;;WOP;;FPO, GNS;68.00;0.00;Metal;;1989-03-25;MFL;1989-01-01;;2022-04-19
DEU000030608;;DEU;;;16.00;15.17;0.00;;11.95;0.00;BRIGITTE;FRE65;FRE65;;;Y;DB9247;N;;;;;FX;;GNS, OTB;74.00;0.00;Wood;;1956-02-14;MFL;1956-01-01;;2005-11-14
DEU000030609;;DEU;;;0.00;1.77;0.00;;5.00;0.00;---;UEK3;UEK3;;;N;;N;;;;;FX;;GNS, NK;2.00;0.00;;;1970-06-14;C19;;;1992-06-01
DEU000030610;;DEU;;;0.00;10.52;0.00;;11.10;0.00;---;PRU3;PRU3;;;N;;N;;;;;FX;;GNS, NO;42.00;0.00;;;1923-07-10;4;;;1991-10-01
DEU000030611;;DEU;;;9.00;0.00;0.00;;11.78;10.01;MARIA;STA003;STA003;Stahlbrode;;Y;DF8642;N;N;N;;;GO;;GNS, LLS;59.00;0.00;Wood;;1939-07-11;MFL;1938-01-01;;2023-01-19
DEU000030612;;DEU;;;0.00;4.52;0.00;;8.00;0.00;---;THI004;THI004;;;N;;N;;;;;FX;;GNS;18.00;0.00;;;1972-01-10;C19;;1992-11-03;
DEU000030613;;DEU;;;1.00;2.91;0.00;;6.40;6.15;---;BRE007;BRE007;;;N;;N;;;;;FX;;GNS, LLS;6.00;0.00;;;1927-05-03;4C1;;;1998-07-30
DEU000030614;;DEU;;;18.00;26.34;0.00;;13.97;12.68;GREIF;FRE4;FRE4;;;Y;DD6106;N;;;;;FX;;OTB, OTM;44.00;0.00;;;1939-04-01;4C2;;;2002-12-05
DEU000030615;;DEU;;;5.00;7.16;0.00;;8.48;8.08;---;GAG04;GAG04;;;N;;N;;;;;FX;;GNS;30.00;0.00;;;1949-07-01;4C1;;;2000-02-24
DEU000030616;;DEU;;;0.00;4.93;0.00;;8.35;0.00;---;LAS20;LAS20;;;N;;N;;;;;FX;;GNS, NK;44.00;0.00;;;1987-02-01;4;;;1992-01-01
DEU000030617;;DEU;;;0.00;19.38;0.00;;0.00;15.25;BETTY;VIT007;VIT007;;;Y;Y4TP;N;;;;;FX;;OTB, PTB;98.00;0.00;;;1941-04-12;4;;;1992-01-01
DEU000030618;;DEU;;;5.00;9.57;0.00;;8.56;7.00;---;AHL005N;AHL005N;;;N;;N;;;;;FX;;GNS, LLS;60.00;0.00;;;1979-03-01;C19;;;1996-03-12
DEU000030619;;DEU;;;4.00;0.00;0.00;;7.95;7.20;---;FRE88;FRE88;;;N;;N;N;N;;;GO;;GNS, LLS;40.00;0.00;Metal;;1989-10-12;MFL;1989-01-01;;2020-02-26
DEU000030620;;DEU;;;4.00;8.61;0.00;;8.36;7.00;SEESCHWALBE;HER8;HER8;;;N;;N;;;;;FX;;GNS, LLS;44.00;0.00;;;1964-10-10;4C1;;;1999-12-08
DEU000030621;;DEU;;;0.00;2.38;0.00;;6.10;0.00;---;UETZ13;UETZ13;;;N;;N;;;;;FX;;GNS, LLS;5.00;0.00;;;1978-02-04;4;;;1994-02-01
DEU000030622;;DEU;;;1.00;2.54;0.00;;6.00;0.00;---;KOEL5;KOEL5;;;N;;N;;;;;FX;;GNS, LLS;5.00;0.00;Wood;;1972-05-15;MFL;1972-01-01;;2009-09-22
DEU000030623;;DEU;;;2.00;7.80;0.00;;7.50;6.45;---;KOS4;KOS4;;;N;;N;;;;;FX;;GNS, LLS;10.00;0.00;Wood;;1968-04-03;MFL;1968-01-01;;
DEU000030624;;DEU;;;2.00;1.56;0.00;;6.46;0.00;---;ZEM6;ZEM6;;;N;;N;;;;;FX;;GNS, LLS;10.00;0.00;Wood;;1961-02-10;MFL;1961-01-01;;2005-02-18
DEU000030625;;DEU;;;1.00;0.00;0.00;;4.50;0.00;---;ZIW3N;ZIW3N;Zinnowitz;;N;;N;N;N;;;GO;;GNS, FPO;6.00;0.00;Metal;;2021-05-01;MFL;2016-01-01;;
DEU000030627;;DEU;;;1.00;2.10;0.00;;5.40;0.00;---;BAA03;BAA03;;;N;;N;;;;;FX;;GNS, LLS;0.00;0.00;Wood;;1975-07-04;MFL;1975-01-01;;2008-06-30
DEU000030630;;DEU;;;15.00;0.00;0.00;;11.98;10.78;KRANICH;KAM50;KAM50;;;Y;DMPP;N;;;;;FX;;OTB, OTM;114.00;0.00;Wood;;1957-08-17;MFL;1957-01-01;;2006-10-25
DEU000030631;;DEU;;;3.00;0.00;0.00;;8.40;7.45;---;AWA3N;AWA3N;;;N;;N;;;;;FX;;GNS, FPO;18.00;0.00;Wood;;1987-01-13;MFL;1986-01-01;;2017-02-01
DEU000030632;;DEU;;;3.00;0.00;0.00;;8.50;7.70;---;LAS7N;LAS7N;Lassan;;N;;N;N;N;;;GO;;GNS, FPO;22.00;0.00;Metal;;1980-04-11;MFL;1980-01-01;;
DEU000030633;;DEU;;;0.00;3.87;0.00;;7.40;0.00;---;USE4;USE4;;;N;;N;;;;;FX;;GNS, NK;6.00;0.00;;;1952-07-18;4;;;1991-10-01
DEU000030634;;DEU;;;1.00;2.29;0.00;;5.70;0.00;---;WOG5N;WOG5N;;;N;;N;;;;;FX;;GNS, LLS;2.00;0.00;Wood;;1990-03-12;MFL;1980-01-01;;2012-12-14
DEU000030635;;DEU;;;1.00;2.87;0.00;;7.60;7.10;---;RAN13N;RAN13N;;;N;;N;;;;;FX;;GNS, NK;6.00;0.00;Wood;;1959-10-11;MFL;1959-01-01;;2003-12-22
DEU000030637;;DEU;;;0.00;1.50;0.00;;4.60;0.00;---;NEU002A;NEU002A;;;N;;N;;;;;FX;;GNS, NO;0.00;0.00;;;1976-05-14;C19;;;1992-11-17
DEU000030638;;DEU;;;1.00;2.00;0.00;;5.25;0.00;---;GLE04N;GLE04N;;;N;;N;;;;;FX;;GNS, LLS;6.00;0.00;Wood;;1948-04-15;MFL;1948-01-01;;2005-04-12
DEU000030639;;DEU;;;8.00;0.00;0.00;;10.85;10.01;---;UMM55;UMM55;Waase;;N;;N;N;N;;;GO;;GNS, LLS;51.00;0.00;Wood;;1931-09-04;MFL;1931-01-01;;2024-11-30
DEU000030640;;DEU;;;1.00;1.43;0.00;;4.50;0.00;---;WIR001C;WIR001C;;;N;;N;;;;;FX;;GNS, LLS;10.00;0.00;;;1950-04-13;4C1;;;1999-02-02
DEU000030641;;DEU;;;9.00;0.00;0.00;;11.23;0.00;ARKONA;DRA007;DRA007;;;N;;N;;;;;FX;;GNS, LLS;92.00;0.00;;;1930-05-12;4C1;;;2002-11-13
DEU000030642;;DEU;;;1.00;0.00;0.00;;6.00;0.00;---;KUEH003;KUEH003;;;N;;N;;;;;GO;;GNS, LLS;7.00;0.00;Fiber/Plastic;;1990-07-01;MFL;1990-01-01;;2018-01-01
DEU000030643;;DEU;;;1.00;0.00;0.00;;5.80;0.00;---;BOG1N;BOG1N;Börgerende;;N;;N;N;N;;;GO;;GNS, LLS;7.00;0.00;Metal;;1978-01-01;MFL;1978-01-01;;2024-09-16
DEU000030645;;DEU;;;0.00;13.29;0.00;;12.20;0.00;---;RIB2;RIB2;;;N;;N;;;;;FX;;GNS, NO;52.00;0.00;;;1954-11-09;4;;;1991-06-27
DEU000030646;;DEU;;;1.00;2.30;0.00;;5.70;0.00;---;WUS003N;WUS003N;;;N;;N;;;;;FX;;GNS, NO;4.00;0.00;;;1960-05-17;C19;;;1996-11-25
DEU000030648;;DEU;;;0.00;3.46;0.00;;7.00;0.00;---;BOR3;BOR3;;;N;;N;;;;;FX;;GNS, NO;12.00;0.00;;;1952-05-21;C19;;1994-01-07;
DEU000030649;;DEU;;;1.00;1.13;0.00;;4.00;0.00;---;PRE3;PRE3;;;N;;N;;;;;FX;;GNS, LLS;4.00;0.00;Fiber/Plastic;;1989-04-14;MFL;1989-01-01;;2007-05-14
DEU000030650;;DEU;;;1.00;0.00;0.00;;5.64;0.00;---;ZID2AN;ZID2AN;;;N;;N;;;;;FX;;GNS, LLS;3.00;0.00;Wood;;1979-04-12;MFL;1979-01-01;;2010-12-22
DEU000030657;;DEU;;;0.00;2.30;0.00;;5.70;0.00;---;WID003;WID003;;;N;;N;;;;;FX;;GNS, LLS;5.00;0.00;;;1971-08-11;C19;;;1992-04-01
DEU000030668;;DEU;;;1.00;0.00;0.00;;4.08;0.00;---;GLO22N;GLO22N;;;N;;N;;;;;FX;;GNS, LLS;7.00;0.00;Fiber/Plastic;;2002-08-16;MFL;1994-01-01;;2006-01-31
DEU000030673;;DEU;;;2.00;0.00;0.00;;6.70;0.00;---;BAA23;BAA23;;;N;;N;;;;;FX;;GNS, FPO;26.00;0.00;Metal;;2008-01-29;MFL;2007-01-01;;
DEU000040300;;DEU;;;333.00;211.06;0.00;;33.18;27.75;NORDMEER;NC309;NC309;;;Y;DFOO;N;;;;;FX;;OTB, OTM;600.00;0.00;;;1988-10-22;G17;;;1996-04-12
DEU000040400;211315870;DEU;;;199.00;0.00;0.00;;31.05;27.05;PESORSA CUATRO;BX757;BX757;Bremerhaven;;Y;DEOJ;Y;Y;Y;5364932;;WOP;;FPO, GNS;441.00;324.00;Metal;;1962-12-27;MFL;1962-01-01;;
DEU000040500;;DEU;;;100.00;0.00;0.00;;27.23;24.00;NIEDERSACHSEN;NG3;NG3;;;Y;DHCH;Y;;;;;FX;;OTB, PTB;441.00;0.00;Metal;;1959-12-31;MFL;1959-01-01;;2007-01-25
DEU000040601;;DEU;;;0.00;2425.66;0.00;;85.26;81.62;PETER KAST;ROS310;ROS310;;;Y;Y4BM;N;;;;;FX;;OTB, OTM;1692.00;1140.00;;;1965-01-14;1;;1991-12-31;
DEU000040602;;DEU;;;22.00;17.55;0.00;;13.63;13.16;OSTSEE;HEIL7;HEIL7;;;Y;Y4MK;N;;;;;FX;;OTB, PTB;80.00;0.00;Wood;;1947-03-08;MFL;1947-01-01;;2011-12-29
DEU000040603;;DEU;;;3.00;2.60;0.00;;8.11;7.38;---;WAR88;WAR88;;;N;;N;;;;;FX;;GNS, LLS;36.00;0.00;;;1955-12-01;4C1;;;1997-07-02
DEU000040604;;DEU;;;95.00;99.57;0.00;;24.05;21.70;FRITZ REUTER;WIS113;WIS113;;;Y;Y4PF;N;;;;;FX;;OTB, PTB;221.00;147.00;;;1967-05-05;4C3;;;1999-03-31
DEU000040606;;DEU;;;0.00;38.41;0.00;;17.80;0.00;FREUNDSCHAFT;KAR16;KAR16;;;Y;Y4TH;N;;;;;FX;;PTB, OTB;147.00;6.00;;;1950-07-20;G16;;;1992-03-06
DEU000040607;;DEU;;;1.00;2.54;0.00;;6.00;0.00;---;LAU5;LAU5;;;N;;N;;;;;FX;;GNS, LLS;18.00;0.00;;;1963-04-25;4C1;;;2002-05-28
DEU000040608;;DEU;;;16.00;0.00;0.00;;11.95;0.00;BREEGE;WIE33;WIE33;;;Y;Y4NV;N;;;;;FX;;GNS, LLS;60.00;0.00;Wood;;1957-07-19;MFL;1957-01-01;;2017-06-30
DEU000040609;;DEU;;;2.00;4.41;0.00;;7.10;6.50;---;UEK4;UEK4;;;N;;N;;;;;FX;;GNS, NK;6.00;0.00;;;1965-05-16;4C1;;1999-01-18;
DEU000040610;;DEU;;;8.00;11.60;0.00;;11.29;10.16;---;BAR4;BAR4;;;N;;N;;;;;FX;;GNS, LLS;47.00;0.00;;;1924-01-01;4C1;;;2001-08-13
DEU000040611;;DEU;;;13.00;0.00;0.00;;11.90;0.00;LACHS;ECKE19;ECKE19;Eckernförde;;N;;N;N;N;;;GO;;GNS, FPO;44.00;0.00;Wood;;1938-06-30;MFL;1938-01-01;;2021-08-10
DEU000040612;;DEU;;;9.00;11.56;0.00;;9.53;8.68;---;GZI06N;GZI06N;;;N;;N;;;;;FX;;FPO, GNS;55.00;0.00;Wood;;1975-07-14;MFL;1975-01-01;;2011-11-01
DEU000040613;;DEU;;;2.00;3.49;0.00;;6.27;6.02;---;BRE009N;BRE009N;;;N;;N;;;;;FX;;GNS, LLS;11.00;0.00;Wood;;1944-11-12;MFL;1944-01-01;;2014-03-17
DEU000040614;;DEU;;;21.00;19.76;0.00;;13.99;12.50;ILTIS;FRE5;FRE5;;;Y;Y4VM;N;;;;;FX;;GNS, OTB;59.00;0.00;;;1956-08-19;C19;;1995-12-29;
DEU000040615;;DEU;;;0.00;3.46;0.00;;7.00;0.00;---;GAG008;GAG008;;;N;;N;;;;;FX;;GNS;9.00;0.00;;;1955-11-24;4;;;1991-09-09
DEU000040616;;DEU;;;3.00;0.00;0.00;;6.90;6.55;LÜTT EMMI;VIT7;VIT7;Vitte;;N;;N;N;N;;;GO;;GNS, LLS;44.00;0.00;Fiber/Plastic;;1980-04-03;MFL;1980-01-01;2022-12-01;
DEU000040617;;DEU;;;0.00;23.47;0.00;;11.12;10.47;SEESTERN;VIT008;VIT008;;;N;;N;;;;;FX;;GNS, LLS;52.00;0.00;;;1939-10-12;C19;;;1993-04-24
DEU000040618;;DEU;;;0.00;10.44;0.00;;8.70;7.20;KEHRWIEDER;AHL007;AHL007;;;N;;N;;;;;FX;;GNS, LLS;60.00;0.00;;;1983-02-10;4;;;1995-01-01
DEU000040619;;DEU;;;1.00;1.50;0.00;;4.60;0.00;---;BAN004;BAN004;;;N;;N;;;;;FX;;GNS, LLS;4.00;0.00;;;1970-11-25;4C1;;;1999-12-08
DEU000040620;;DEU;;;0.00;3.46;0.00;;7.00;0.00;---;HER9;HER9;;;N;;N;;;;;FX;;GNS, LLS;5.00;0.00;;;1948-01-10;C19;;1994-09-14;
DEU000040621;;DEU;;;1.00;0.00;0.00;;6.20;0.00;---;UETZ12;UETZ12;Ueckeritz;;N;;N;N;N;;;GO;;GNS, LLS;33.00;0.00;Wood;;1981-04-15;MFL;1981-01-01;;2022-02-01
DEU000040622;;DEU;;;0.00;3.46;0.00;;7.00;0.00;---;KOEL12;KOEL12;;;N;;N;;;;;FX;;GNS, LLS;36.00;0.00;;;1964-02-15;4;;;1991-08-08
DEU000040623;;DEU;;;1.00;0.00;0.00;;7.20;0.00;---;KOS8;KOS8;Koserow;;N;;N;N;N;;;GO;;GNS, LLS;5.00;0.00;Wood;;1972-04-16;MFL;1972-01-01;;
DEU000040624;;DEU;;;2.00;2.54;0.00;;6.00;0.00;---;WOG3N;WOG3N;;;N;;N;;;;;FX;;GNS, LLS;5.00;0.00;Wood;;1974-05-05;MFL;1974-01-01;;2007-12-10
DEU000040627;;DEU;;;0.00;2.54;0.00;;6.00;0.00;---;BAA005;BAA005;;;N;;N;;;;;FX;;GNS;6.00;0.00;;;1972-06-11;C19;;;1994-08-10
DEU000040630;;DEU;;;0.00;19.80;0.00;;14.10;0.00;SEEADLER;KAM45;KAM45;;;Y;Y4UA;N;;;;;FX;;OTB, GNS;59.00;0.00;;;1941-09-27;G16;;;1992-06-01
DEU000040632;;DEU;;;2.00;0.00;0.00;;8.35;0.00;---;MOEN3N;MOEN3N;;;N;;N;;;;;FX;;GNS, NK;9.00;0.00;Wood;;1974-07-07;MFL;1974-01-01;;2005-12-08
DEU000040633;;DEU;;;0.00;1.91;0.00;;7.81;7.23;---;USE6;USE6;;;N;;N;;;;;FX;;GNS, NK;6.00;0.00;;;1960-04-04;4;;;1994-01-04
DEU000040634;;DEU;;;1.00;0.00;0.00;;6.00;0.00;---;WOG6;WOG6;;;N;;N;;;;;FX;;GNS, NK;0.00;0.00;Wood;;1949-04-04;MFL;1949-01-01;;2005-11-14
DEU000040635;;DEU;;;0.00;2.05;0.00;;7.60;6.50;---;LAS11;LAS11;;;N;;N;;;;;FX;;GNS, LLS;5.00;0.00;;;1975-03-18;C19;;;1994-01-05
DEU000040637;;DEU;;;0.00;4.52;0.00;;8.00;0.00;---;NEU002B;NEU002B;;;N;;N;;;;;FX;;GNS, NO;18.00;0.00;;;1955-08-27;C19;;;1992-11-17
DEU000040638;;DEU;;;3.00;5.66;0.00;;8.20;6.90;---;LAU26;LAU26;;;N;;N;;;;;FX;;GNS, LLS;18.00;0.00;;;1954-06-14;4C1;;;2001-12-01
DEU000040639;;DEU;;;1.00;2.54;0.00;;6.00;0.00;---;UMM1A;UMM1A;;;N;;N;;;;;FX;;GNS, NO;0.00;0.00;;;1956-07-19;4C1;;;2002-01-28
DEU000040640;;DEU;;;1.00;1.84;0.00;;5.10;0.00;---;WIR002A;WIR002A;;;N;;N;;;;;FX;;GNS, LLS;7.00;0.00;Wood;;1966-01-03;MFL;1966-01-01;;2008-04-08
DEU000040641;;DEU;;;1.00;0.00;0.00;;5.80;0.00;---;DRA004A;DRA004A;;;N;;N;N;N;;;GO;;GNS, LLS;22.00;0.00;Wood;;1962-05-13;MFL;1962-01-01;;
DEU000040642;;DEU;;;0.00;2.80;0.00;;6.30;0.00;---;KUEH004;KUEH004;;;N;;N;;;;;FX;;GNS, LLS;11.00;0.00;;;1977-04-01;4;;1991-07-19;
DEU000040643;;DEU;;;1.00;0.00;0.00;;5.10;0.00;---;BOG3N;BOG3N;Börgerende;;N;;N;N;N;;;GO;;GNS, LLS;4.00;0.00;Fiber/Plastic;;2000-01-10;MFL;1984-01-01;;
DEU000040645;;DEU;;;1.00;2.63;0.00;;5.95;0.00;---;AHR4N;AHR4N;;;N;;N;;;;;FX;;GNS, NO;8.00;0.00;;;1989-03-17;4C1;;;1998-03-02
DEU000040647;;DEU;;;1.00;1.24;0.00;;6.50;6.10;---;DIE4;DIE4;;;N;;N;;;;;FX;;GNS, NK;5.00;0.00;Wood;;1949-06-16;MFL;1949-01-01;;2003-09-27
DEU000040648;;DEU;;;0.00;7.94;0.00;;10.60;0.00;---;BOR4;BOR4;;;N;;N;;;;;FX;;GNS, NO;32.00;0.00;;;1936-07-12;4;;;1991-07-19
DEU000040650;;DEU;;;3.00;4.30;0.00;;7.80;0.00;---;ZID4;ZID4;;;N;;N;;;;;FX;;GNS, LLS;30.00;0.00;Metal;;1979-12-12;MFL;1979-01-01;;2004-02-27
DEU000040657;;DEU;;;1.00;1.19;0.00;;4.20;0.00;---;ZEW18N;ZEW18N;;;N;;N;;;;;FX;;GNS, LLS;6.00;0.00;Fiber/Plastic;;1999-04-20;MFL;1987-01-01;;2007-12-11
DEU000040668;;DEU;;;1.00;0.00;0.00;;4.95;0.00;PELIKAN;GLO23N;GLO23N;;;N;;N;;;;;FX;;GNS, LLS;11.00;0.00;Fiber/Plastic;;2003-04-07;MFL;1979-01-01;;2010-11-16
DEU000040673;;DEU;;;1.00;0.00;0.00;;5.26;0.00;---;LAU53N;LAU53N;"Lauterbach"", Rügen";;N;;N;N;N;;;GO;;GNS, FPO;11.00;0.00;Fiber/Plastic;;2009-04-15;MFL;2009-01-01;;
DEU000050300;;DEU;;;455.00;0.00;0.00;;40.22;36.33;BIANCA;NC312;NC312;;;Y;DFOK;Y;Y;Y;8716930;;TTW;;OTB, OTM;784.00;116.00;Metal;;1988-06-01;MFL;1988-01-01;;2019-01-02
DEU000050400;;DEU;;;122.00;105.74;0.00;;26.55;23.71;HOHEWEG;NB1;NB1;;;Y;DEOY;Y;;;;;FX;;OTB, OTM;221.00;0.00;Metal;;1974-01-31;MFL;1973-01-01;2007-02-05;
DEU000050500;211298640;DEU;;;459.00;0.00;0.00;;40.26;36.63;J.VON COELLN;NC308;NC308;Cuxhaven;;Y;DHMC;Y;Y;Y;8705450;;TTW;;OTB, OTM;675.00;150.00;Metal;;1987-12-22;MFL;1987-01-01;2023-11-21;
DEU000050601;;DEU;;;1943.00;1568.91;0.00;;62.23;56.11;AURIGA;ROS801;ROS801;;;Y;Y4DU;N;;;;;FX;;OTB, OTM;1764.00;1324.00;;;1986-12-09;G22;;;1996-08-20
DEU000050602;;DEU;;;0.00;22.16;0.00;;15.72;0.00;STURMVOGEL;SAS11;SAS11;;;Y;Y4LQ;N;;;;;FX;;OTB, PTB;59.00;0.00;;;1932-01-01;4;;1991-04-09;
DEU000050604;;DEU;;;0.00;72.47;0.00;;24.00;0.00;MAXIM GORKI;WIS114;WIS114;;;Y;Y4PD;N;;;;;FX;;OTB, PTB;152.00;9.00;;;1954-04-30;4;;;1990-12-01
DEU000050606;;DEU;;;0.00;38.41;0.00;;17.80;0.00;SAALFELD;KAR19;KAR19;;;Y;Y4TM;N;;;;;FX;;PTB, OTB;147.00;6.00;;;1950-11-03;4;;;1995-11-01
DEU000050607;;DEU;;;0.00;13.05;0.00;;10.13;9.90;---;LAU07;LAU07;;;N;;N;;;;;FX;;GNS;45.00;0.00;;;1953-10-15;4;;;1994-01-02
DEU000050608;;DEU;;;9.00;0.00;0.00;;10.51;9.20;CONNY;BRE44;BRE44;Breege;;N;;N;N;N;;;GO;;GNS, LLS;78.00;0.00;Fiber/Plastic;;1983-12-30;MFL;1983-01-01;;
DEU000050609;;DEU;;;3.00;5.11;0.00;;8.50;0.00;---;AWA8N;AWA8N;;;N;;N;;;;;FX;;GNS, NK;7.00;0.00;;;1964-03-22;4C1;;;2001-11-26
DEU000050610;;DEU;;;1.00;1.84;0.00;;5.10;0.00;---;BOD9;BOD9;;;N;;N;;;;;FX;;GNS, LLS;22.00;0.00;;;1950-07-15;4C1;;;1999-10-11
DEU000050611;;DEU;;;11.00;0.00;0.00;;12.25;10.88;STINA;STA005;STA005;;;Y;DF8593;N;;;;;FX;;GNS, FPO;44.00;0.00;Wood;;1951-04-11;MFL;1950-01-01;;2016-07-31
DEU000050612;;DEU;;;6.00;0.00;0.00;;8.90;8.00;---;THI07;THI07;;;N;;N;;;;;FX;;GNS, LLS;36.00;0.00;Wood;;1970-04-25;MFL;1970-01-01;;2006-08-14
DEU000050613;;DEU;;;0.00;9.59;0.00;;11.65;0.00;---;BRE001;BRE001;;;N;;N;;;;;FX;;GNS, LLS;44.00;0.00;;;1931-03-19;4;;;1991-09-24
DEU000050614;;DEU;;;13.00;18.64;0.00;;12.61;11.56;KNURRHAHN;FRE7;FRE7;;;Y;DB2628;N;;;;;FX;;GNS, FPO;147.00;0.00;Wood;;1950-06-18;MFL;1950-01-01;;2011-09-19
DEU000050615;;DEU;;;7.00;9.05;0.00;;9.28;8.58;MOLLI;GAG09;GAG09;;;N;;N;;;;;FX;;GNS, LLS;37.00;0.00;Metal;;1980-11-20;MFL;1980-01-01;;2011-11-04
DEU000050616;;DEU;;;2.00;0.00;0.00;;7.44;0.00;---;LAS3;LAS3;;;N;;N;;;;;FX;;GNS, LLS;6.00;0.00;Wood;;1960-06-12;MFL;1960-01-01;;2006-11-03
DEU000050617;;DEU;;;16.00;0.00;0.00;;12.64;12.04;ALMA;VIT009;VIT009;Vitte;;Y;DH2235;N;N;N;;;GO;;OTB, GNS;100.00;0.00;Wood;;1937-12-12;MFL;1937-01-01;;
DEU000050618;;DEU;;;0.00;9.35;0.00;;8.45;7.05;SEETEUFEL;AHL009;AHL009;;;N;;N;;;;;FX;;GNS, LLS;60.00;0.00;;;1984-10-01;4;;;1994-02-11
DEU000050619;;DEU;;;4.00;8.75;0.00;;8.60;7.10;---;BAN5N;BAN5N;;;N;;N;;;;;FX;;GNS, LLS;29.00;0.00;;;1974-05-20;C19;;;1996-09-10
DEU000050620;;DEU;;;1.00;1.50;0.00;;4.60;0.00;---;HER10;HER10;;;N;;N;;;;;FX;;GNS, LLS;5.00;0.00;Wood;;1970-05-19;MFL;1970-01-01;;2007-03-28
DEU000050621;;DEU;;;2.00;0.00;0.00;;8.10;7.20;---;LAS5N;LAS5N;;;N;;N;;;;;FX;;GNS, LLS;33.00;0.00;Metal;;1990-03-25;MFL;1990-01-01;;2011-01-31
DEU000050622;;DEU;;;2.00;0.00;0.00;;6.55;6.12;---;KOEL3N;KOEL3N;;;N;;N;N;N;;;GO;;GNS, LLS;25.00;0.00;Wood;;1988-05-19;MFL;1988-01-01;;2019-11-30
DEU000050623;;DEU;;;0.00;3.46;0.00;;8.20;0.00;---;WAR40;WAR40;;;N;;N;;;;;FX;;GNS, LLS;29.00;0.00;;;1954-06-18;C19;;;1995-06-15
DEU000050624;;DEU;;;2.00;3.46;0.00;;7.50;6.30;---;ZEM21Z;ZEM21Z;;;N;;N;;;;;FX;;GNS, LLS;28.00;0.00;Wood;;1949-10-12;MFL;1949-01-01;;2004-06-07
DEU000050627;;DEU;;;1.00;2.38;0.00;;5.80;0.00;---;LOB7N;LOB7N;;;N;;N;;;;;FX;;GNS, LLS;6.00;0.00;Wood;;1985-07-17;MFL;1985-01-01;;2003-03-03
DEU000050630;;DEU;;;2.00;3.46;0.00;;7.00;0.00;---;KAM15;KAM15;;;N;;N;;;;;FX;;GNS, NO;5.00;0.00;;;1981-08-19;4C1;;;1998-03-26
DEU000050631;;DEU;;;1.00;3.46;0.00;;7.00;0.00;---;AWA5N;AWA5N;;;N;;N;;;;;FX;;GNS, NK;6.00;0.00;;;1951-05-07;4C1;;;1997-05-05
DEU000050632;;DEU;;;3.00;0.00;0.00;;8.20;7.50;---;MOEN4N;MOEN4N;;;N;;N;;;;;FX;;GNS, NK;37.00;0.00;Metal;;1970-06-19;MFL;1970-01-01;;2006-10-17
DEU000050633;;DEU;;;0.00;2.98;0.00;;7.50;0.00;---;USE7;USE7;;;N;;N;;;;;FX;;GNS, NK;6.00;0.00;;;1945-10-10;C19;;1992-05-29;
DEU000050634;;DEU;;;5.00;6.37;0.00;;9.10;8.45;---;WOG7N;WOG7N;;;N;;N;;;;;FX;;GNS, LLS;26.00;0.00;Wood;;1955-03-22;MFL;1955-01-01;;2007-12-10
DEU000050635;;DEU;;;1.00;2.56;0.00;;6.00;0.00;---;RAN3;RAN3;;;N;;N;;;;;FX;;GNS, LLS;41.00;0.00;;;1975-01-23;4C1;;;2000-03-25
DEU000050637;;DEU;;;0.00;1.77;0.00;;5.00;0.00;---;NEU004A;NEU004A;;;N;;N;;;;;FX;;GNS, NO;0.00;0.00;;;1948-05-06;C19;;1993-07-01;
DEU000050638;;DEU;;;0.00;5.72;0.00;;9.00;0.00;---;ZUD002;ZUD002;;;N;;N;;;;;FX;;GNS;18.00;0.00;;;1975-02-20;C19;;;1995-01-05
DEU000050639;;DEU;;;1.00;2.72;0.00;;6.20;0.00;---;UMM1B;UMM1B;;;N;;N;;;;;FX;;GNS, NO;0.00;0.00;Wood;;1991-12-31;MFL;1940-01-01;;2006-01-20
DEU000050640;;DEU;;;1.00;1.00;0.00;;4.00;0.00;---;WIR3N;WIR3N;;;N;;N;;;;;FX;;GNS, LLS;7.00;0.00;Fiber/Plastic;;1996-08-30;MFL;1993-01-01;;
DEU000050641;;DEU;;;0.00;1.31;0.00;;4.30;0.00;---;DRA004B;DRA004B;;;N;;N;;;;;FX;;GNS, LLS;0.00;0.00;;;1980-03-12;4;;;1992-11-24
DEU000050642;;DEU;;;0.00;2.80;0.00;;6.30;0.00;---;KUEH005;KUEH005;;;N;;N;;;;;FX;;GNS, LLS;11.00;0.00;;;1977-04-01;4;;1991-07-19;
DEU000050645;;DEU;;;1.00;2.30;0.00;;5.70;0.00;---;WUS11N;WUS11N;;;N;;N;;;;;FX;;GNS, NO;4.00;0.00;Wood;;1985-06-17;MFL;1985-01-01;;2007-03-06
DEU000050646;;DEU;;;1.00;2.81;0.00;;6.30;0.00;---;WUS005;WUS005;;;N;;N;;;;;FX;;GNS, NO;5.00;0.00;;;1987-07-09;4C1;;;1998-05-19
DEU000050647;;DEU;;;1.00;2.54;0.00;;6.00;0.00;---;DIE5;DIE5;;;N;;N;;;;;FX;;GNS, LLS;15.00;0.00;;;1960-06-27;4C1;;;1999-07-14
DEU000050648;;DEU;;;13.00;0.00;0.00;;11.95;0.00;---;PRU4;PRU4;Born;;N;;N;N;N;;;GO;;GNS, LLS;44.00;0.00;Metal;;1954-11-10;MFL;1953-01-01;;2021-12-17
DEU000050649;;DEU;;;0.00;3.66;0.00;;7.20;0.00;---;PRE005;PRE005;;;N;;N;;;;;FX;;GNS, NO;7.00;0.00;;;1987-11-20;4;;;1993-01-02
DEU000050650;;DEU;;;7.00;9.70;0.00;;10.25;8.68;---;ZID005;ZID005;;;N;;N;;;;;FX;;GNS, NO;37.00;0.00;;;1932-07-06;4C1;;;2001-08-13
DEU000050657;;DEU;;;1.00;1.83;0.00;;4.00;0.00;---;WID5;WID5;;;N;;N;;;;;FX;;GNS, LLS;20.00;0.00;;;1980-04-14;4C1;;;1998-10-21
DEU000050668;;DEU;;;1.00;0.00;0.00;;4.20;0.00;---;GLO24NZ;GLO24NZ;;;N;;N;;;;;FX;;GNS, LLS;0.00;0.00;Fiber/Plastic;;2003-06-27;MFL;1989-01-01;;2006-09-13
DEU000050673;;DEU;;;1.00;0.00;0.00;;5.35;0.00;---;BAA7;BAA7;;;N;;N;;;;;FX;;GNS, LLS;11.00;0.00;Fiber/Plastic;;2010-08-19;MFL;2010-01-01;;2014-06-24
DEU000060300;;DEU;;;183.00;166.19;0.00;;29.50;26.50;HEIKE R;NC316;NC316;;;Y;DFPX;N;;;;;FX;;OTB, OTM;438.00;0.00;;;1973-03-01;4C3;;;1997-04-07
DEU000060400;;DEU;;;151.00;0.00;0.00;;31.78;28.85;STADT EMDEN;NG5;NG5;Emden;;Y;DEPL;Y;;;7022485;;TUB;;TBB, OTB;485.00;180.00;Metal;;1976-11-03;MFL;1970-01-01;;
DEU000060601;;DEU;;;1943.00;1568.91;0.00;;62.23;56.11;BOOTES;ROS802;ROS802;;;Y;Y4DW;N;;;;;FX;;OTB, OTM;1764.00;1324.00;;;1986-12-17;4C7;;;1997-10-14
DEU000060602;;DEU;;;0.00;20.70;0.00;;14.57;0.00;FRANK;SAS12;SAS12;;;Y;Y4LA;N;;;;;FX;;OTB, PTB;59.00;0.00;;;1941-07-24;4;;1991-04-09;
DEU000060603;;DEU;;;0.00;2.70;0.00;;6.80;0.00;---;WAR016;WAR016;;;N;;N;;;;;FX;;GNS, LLS;26.00;0.00;;;1983-06-14;4;;;1991-11-18
DEU000060604;;DEU;;;0.00;72.47;0.00;;24.00;0.00;JOHANN WOLFGANG VON GOETHE;WIS116;WIS116;;;Y;Y4PL;N;;;;;FX;;OTB, PTB;152.00;9.00;;;1953-01-23;4;;;1990-12-01
DEU000060606;;DEU;;;0.00;31.09;0.00;;17.60;0.00;MEISSEN;KAR22;KAR22;;;Y;Y4KD;N;;;;;FX;;PTB, OTB;110.00;0.00;;;1950-03-16;4;;;1990-11-01
DEU000060607;;DEU;;;1.00;2.17;0.00;;6.80;6.40;---;BAA32N;BAA32N;;;N;;N;;;;;FX;;GNS, LLS;7.00;0.00;Wood;;1962-02-01;MFL;1962-01-01;;2011-01-12
DEU000060608;;DEU;;;9.00;0.00;0.00;;10.60;9.20;---;WIE26;WIE26;Freest;;N;;N;N;N;;;GO;;GNS, LLS;62.00;0.00;Fiber/Plastic;;1982-04-10;MFL;1982-01-01;;2023-01-19
DEU000060609;;DEU;;;3.00;5.47;0.00;;8.80;8.05;---;RIT1;RIT1;;;N;;N;;;;;FX;;GNS, FPO;22.00;0.00;Wood;;1983-07-01;MFL;1983-01-01;;2011-11-01
DEU000060610;;DEU;;;1.00;2.71;0.00;;6.20;0.00;---;PRE6;PRE6;;;N;;N;;;;;FX;;GNS, LLS;22.00;0.00;;;1951-08-21;4C1;;;2001-08-21
DEU000060611;211553980;DEU;;;9.00;0.00;0.00;;10.48;9.30;LAUING;FRE25;FRE25;Freest;;N;;N;N;Y;;;GO;;GNS, LLS;66.00;0.00;Wood;;1952-02-14;MFL;1951-01-01;2022-12-05;
DEU000060612;;DEU;;;2.00;2.72;0.00;;6.20;0.00;---;THI11N;THI11N;;;N;;N;;;;;FX;;GNS, LLS;9.00;0.00;Wood;;1974-10-14;MFL;1974-01-01;;2010-04-08
DEU000060613;;DEU;;;1.00;2.54;0.00;;6.00;0.00;---;BRE001A;BRE001A;;;N;;N;;;;;FX;;GNS, NO;0.00;0.00;Wood;;1922-06-17;MFL;1922-01-01;;2003-03-03
DEU000060614;;DEU;;;18.00;0.00;0.00;;11.98;10.83;FALKE;FRE9;FRE9;;;Y;Y4VC;N;N;N;;;GO;;GNS, OTB;100.00;0.00;Wood;;1952-05-19;MFL;1952-01-01;;
DEU000060615;;DEU;;;8.00;0.00;0.00;;9.26;8.72;---;GAG11;GAG11;Gager;;N;;N;N;N;;;GO;;GNS, LLS;36.00;0.00;Metal;;1979-06-06;MFL;1979-01-01;;2022-12-31
DEU000060616;;DEU;;;1.00;3.27;0.00;;6.80;0.00;---;LAS4;LAS4;;;N;;N;;;;;FX;;GNS, NK;6.00;0.00;;;1961-01-20;4C1;;;1999-03-30
DEU000060617;;DEU;;;0.00;14.53;0.00;;12.60;0.00;MOEWE;VIT023;VIT023;;;Y;Y4TO;N;;;;;FX;;OTB, PTB;74.00;0.00;;;1951-09-06;4;;;1991-08-01
DEU000060618;;DEU;;;5.00;9.83;0.00;;9.12;7.90;SEEADLER;AHL018;AHL018;;;N;;N;;;;;FX;;GNS, LLS;44.00;0.00;;;1970-03-15;4C1;;;2001-02-26
DEU000060619;;DEU;;;1.00;1.77;0.00;;5.00;0.00;---;BAN8N;BAN8N;;;N;;N;;;;;FX;;GNS, LLS;5.00;0.00;;;1976-07-12;4C1;;;2001-07-02
DEU000060620;;DEU;;;1.00;1.77;0.00;;5.00;0.00;---;ZEM30;ZEM30;;;N;;N;;;;;FX;;GNS, LLS;5.00;0.00;Wood;;1970-10-25;MFL;1970-01-01;;2010-10-26
DEU000060621;;DEU;;;3.00;0.00;0.00;;7.87;6.80;KEHRWIEDER;AHL38;AHL38;Ahlbeck;;N;;N;N;N;;;GO;;GNS, LLS;30.00;0.00;Wood;;1991-06-15;MFL;1991-01-01;;
DEU000060622;;DEU;;;5.00;0.00;0.00;;8.65;7.20;---;FRE98;FRE98;;;N;;N;N;N;;;GO;;GNS, LLS;59.00;0.00;Wood;;1965-09-13;MFL;1965-01-01;;2019-10-31
DEU000060623;;DEU;;;5.00;0.00;0.00;;8.55;7.48;---;KOS2;KOS2;Koserow;;N;;N;N;N;;;GO;;GNS, LLS;60.00;0.00;Wood;;1996-03-12;MFL;1996-01-01;;2023-10-15
DEU000060624;;DEU;;;2.00;2.98;0.00;;7.10;6.05;---;ZEM15;ZEM15;;;N;;N;;;;;FX;;GNS, LLS;10.00;0.00;Wood;;1950-08-03;MFL;1950-01-01;;2012-01-24
DEU000060627;;DEU;;;2.00;3.27;0.00;;6.80;0.00;---;BAA013;BAA013;;;N;;N;;;;;FX;;GNS;9.00;0.00;;;1960-03-24;4C1;;;1997-08-22
DEU000060630;;DEU;;;3.00;0.00;0.00;;7.98;0.00;---;KAM8;KAM8;;;N;;N;;;;;FX;;GNS, LLS;37.00;0.00;Metal;;1992-03-01;MFL;1991-01-01;;
DEU000060631;;DEU;;;0.00;4.93;0.00;;8.35;0.00;---;AWA6;AWA6;;;N;;N;;;;;FX;;GNS, NK;15.00;0.00;;;1988-04-04;C19;;1994-01-02;
DEU000060632;;DEU;;;0.00;4.52;0.00;;8.00;0.00;---;MOEN5;MOEN5;;;N;;N;;;;;FX;;GNS, NK;9.00;0.00;;;1986-03-02;C19;;;1994-01-02
DEU000060633;;DEU;;;2.00;2.06;0.00;;7.58;6.78;---;USE8N;USE8N;;;N;;N;;;;;FX;;GNS, LLS;6.00;0.00;Metal;;1952-11-10;MFL;1952-01-01;;2005-05-09
DEU000060634;;DEU;;;1.00;2.54;0.00;;6.00;0.00;---;WOG8N;WOG8N;;;N;;N;;;;;FX;;GNS, LLS;6.00;0.00;;;1954-06-19;4C1;;;2001-09-24
DEU000060635;;DEU;;;2.00;3.09;0.00;;7.75;7.25;---;RAN1;RAN1;;;N;;N;;;;;FX;;GNS, LLS;5.00;0.00;;;1973-01-10;C19;;;1996-04-23
DEU000060637;;DEU;;;0.00;3.46;0.00;;7.00;0.00;---;NEU004B;NEU004B;;;N;;N;;;;;FX;;GNS, NO;0.00;0.00;;;1948-07-11;C19;;1993-07-06;
DEU000060638;;DEU;;;5.00;6.62;0.00;;9.90;8.63;---;ZUD04N;ZUD04N;;;N;;N;;;;;FX;;GNS, LLS;29.00;0.00;;;1953-08-05;4C1;;;1997-11-18
DEU000060639;;DEU;;;0.00;2.54;0.00;;6.00;0.00;---;UMM2;UMM2;;;N;;N;;;;;FX;;GNS, NO;5.00;0.00;;;1965-06-14;C19;;1992-11-17;
DEU000060640;;DEU;;;1.00;0.00;0.00;;4.25;0.00;---;WIR7N;WIR7N;Wiek;;N;;N;N;N;;;GO;;GNS, LLS;4.00;0.00;Fiber/Plastic;;1999-02-03;MFL;1984-01-01;;
DEU000060641;;DEU;;;0.00;1.19;0.00;;4.10;0.00;---;DRA004C;DRA004C;;;N;;N;;;;;FX;;GNS, LLS;0.00;0.00;;;1988-05-12;4;;;1992-11-24
DEU000060642;;DEU;;;1.00;0.00;0.00;;4.26;0.00;---;AHR19N;AHR19N;Ribnitz-Damgarten;;N;;N;N;N;;;GO;;GNS, LLS;18.00;0.00;Fiber/Plastic;;1990-08-27;MFL;1990-01-01;;2025-06-30
DEU000060645;;DEU;;;0.00;7.07;0.00;;10.00;0.00;---;RIB3;RIB3;;;N;;N;;;;;FX;;GNS, NO;58.00;0.00;;;1967-08-04;4;;;1991-07-25
DEU000060646;;DEU;;;0.00;2.30;0.00;;5.70;0.00;---;WUS006;WUS006;;;N;;N;;;;;FX;;GNS, NO;3.00;0.00;;;1960-08-17;C19;;1995-06-26;
DEU000060648;;DEU;;;1.00;2.22;0.00;;5.60;0.00;---;NER1;NER1;;;N;;N;;;;;FX;;GNS, LLS;4.00;0.00;;;1990-12-03;4C1;;;2000-10-02
DEU000060649;;DEU;;;1.00;0.73;0.00;;3.10;0.00;---;PRE006D;PRE006D;;;N;;N;;;;;FX;;GNS, NK;3.00;0.00;;;1988-05-14;C19;;;1995-06-26
DEU000060650;;DEU;;;0.00;3.46;0.00;;7.00;0.00;---;ZID006;ZID006;;;N;;N;;;;;FX;;GNS, NO;21.00;0.00;;;1956-10-14;C19;;;1993-08-17
DEU000060657;;DEU;;;2.00;3.46;0.00;;7.00;0.00;---;WID6;WID6;;;N;;N;;;;;FX;;GNS, LLS;5.00;0.00;;;1990-12-02;4C1;;;2001-01-03
DEU000060668;;DEU;;;1.00;0.00;0.00;;6.10;0.00;---;KAM11;KAM11;;;N;;N;N;N;;;GO;;GNS, FPO;7.00;0.00;Fiber/Plastic;;2004-12-13;MFL;1973-01-01;;
DEU000060673;;DEU;;;1.00;0.00;0.00;;4.25;0.00;---;BAA35N;BAA35N;;;N;;N;;;;;FX;;GNS, LLS;2.00;0.00;Fiber/Plastic;;2012-02-28;MFL;1989-01-01;;2015-10-06
DEU000070300;;DEU;;;107.00;105.88;0.00;;26.01;23.10;HEIMAT;SH6;SH6;;;Y;DFCU;N;;;;;FX;;OTB, OTM;221.00;0.00;Metal;;1972-03-24;MFL;1972-01-01;;
DEU000070400;211315630;DEU;;;101.00;0.00;0.00;;22.45;20.35;DAMKERORT;NG8;NG8;Greetsiel;;Y;DERT;Y;Y;Y;8745888;;TU;;FPO, OTB, DRB, TBB, OTM;221.00;62.00;Metal;;1981-08-15;MFL;1981-01-01;;
DEU000070500;;DEU;;;40.00;35.18;0.00;;18.21;16.42;JAN VAN GENT;NEU233;NEU233;;;Y;DGWK;Y;;;;;FX;;TBB, OTB;176.00;0.00;Wood;;1970-04-21;MFL;1970-01-01;;
DEU000070601;;DEU;;;1943.00;1568.91;0.00;;62.23;56.11;CETUS;ROS803;ROS803;;;Y;Y4DY;N;;;;;FX;;OTB, OTM;1764.00;1324.00;;;1987-01-16;G22;;;1995-07-14
DEU000070602;;DEU;;;0.00;18.99;0.00;;14.50;0.00;VORWAERTS;SAS14;SAS14;;;Y;Y4LR;N;;;;;FX;;OTB, PTB;59.00;0.00;;;1939-07-01;4;;1991-04-09;
DEU000070603;;DEU;;;0.00;19.00;0.00;;11.95;0.00;ZINGST;WAR5;WAR5;;;Y;Y40T;N;;;;;FX;;OTB, PTB;44.00;0.00;;;1957-07-20;4;;;1990-11-01
DEU000070604;;DEU;;;95.00;99.57;0.00;;24.15;21.70;JOHN BRINCKMANN;WIS117;WIS117;;;Y;Y4PG;N;;;;;FX;;OTB, PTB;221.00;9.00;;;1967-01-09;4C3;;;1998-01-13
DEU000070606;;DEU;;;0.00;38.41;0.00;;17.80;0.00;NEUBRANDENBURG;KAR28;KAR28;;;Y;Y4KG;N;;;;;FX;;PTB, OTB;147.00;6.00;;;1950-07-20;4;;;1990-11-01
DEU000070607;;DEU;;;0.00;7.50;0.00;;10.30;0.00;---;LAU010;LAU010;;;N;;N;;;;;FX;;GNS;60.00;0.00;;;1938-04-15;C19;;;1992-01-08
DEU000070608;;DEU;;;8.00;0.00;0.00;;10.60;9.20;---;WIE29;WIE29;Greifswald;;N;;N;N;N;;;GO;;GNS, LLS;62.00;0.00;Fiber/Plastic;;1985-04-09;MFL;1984-01-01;;2021-12-15
DEU000070609;;DEU;;;1.00;1.13;0.00;;4.00;0.00;---;UEK7;UEK7;;;N;;N;;;;;FX;;GNS, FPO;13.00;0.00;Wood;;1985-07-12;MFL;1985-01-01;;
DEU000070610;;DEU;;;1.00;2.22;0.00;;5.60;0.00;---;BOD3;BOD3;;;N;;N;;;;;FX;;GNS, FPO;0.00;0.00;Wood;;1984-03-14;MFL;1984-01-01;;
DEU000070611;;DEU;;;8.00;0.00;0.00;;9.90;9.00;ZOTTEL;STA010;STA010;;;Y;DF8616;N;N;N;;;GO;;GNS, LLS;59.00;0.00;Wood;;1939-05-17;MFL;1938-01-01;;2021-09-30
DEU000070612;;DEU;;;1.00;0.00;0.00;;6.00;0.00;---;THI012;THI012;Thiessow;;N;;N;N;N;;;GO;;GNS, LLS;18.00;0.00;Metal;;1987-06-24;MFL;1987-01-01;;2021-09-03
DEU000070613;;DEU;;;1.00;2.00;0.00;;5.30;0.00;---;BRE001B;BRE001B;;;N;;N;;;;;FX;;GNS, NO;0.00;0.00;Wood;;1981-04-13;MFL;1981-01-01;;2008-12-16
DEU000070614;;DEU;;;0.00;17.95;0.00;;14.20;0.00;HOFFNUNG;FRE11;FRE11;;;Y;Y4VN;N;;;;;FX;;GNS, OTB;59.00;0.00;;;1920-05-16;4;;;1991-02-01
DEU000070615;;DEU;;;0.00;4.00;0.00;;7.50;0.00;---;GAG017;GAG017;;;N;;N;;;;;FX;;GNS;9.00;0.00;;;1952-10-10;4;;;1991-07-15
DEU000070616;;DEU;;;1.00;0.00;0.00;;7.20;0.00;---;LAS8;LAS8;;;N;;N;;;;;FX;;GNS, NK;6.00;0.00;Wood;;1962-05-02;MFL;1962-01-01;;2006-12-05
DEU000070617;;DEU;;;0.00;4.67;0.00;;8.13;0.00;---;VIT003;VIT003;;;N;;N;;;;;FX;;GNS, NO;18.00;0.00;;;1971-09-19;C19;;;1992-11-25
DEU000070618;;DEU;;;6.00;10.87;0.00;;9.27;7.60;SANTA MARIA;AHL020;AHL020;;;N;;N;;;;;FX;;GNS, LLS;44.00;0.00;;;1965-12-01;4C1;;;1998-03-27
DEU000070619;;DEU;;;1.00;0.00;0.00;;5.90;0.00;---;BAN9N;BAN9N;;;N;;N;;;;;FX;;GNS, LLS;5.00;0.00;Wood;;1961-03-15;MFL;1961-01-01;;2006-11-03
DEU000070620;;DEU;;;1.00;1.77;0.00;;5.00;0.00;---;HER6;HER6;;;N;;N;;;;;FX;;GNS, LLS;9.00;0.00;Wood;;1969-05-03;MFL;1969-01-01;;2004-07-12
DEU000070621;;DEU;;;2.00;0.00;0.00;;6.25;5.71;---;UETZ1;UETZ1;;;N;;N;N;N;;;GO;;GNS, LLS;5.00;0.00;Wood;;1994-06-07;MFL;1985-01-01;;2018-05-01
DEU000070622;;DEU;;;1.00;0.00;0.00;;6.00;0.00;---;KOEL7;KOEL7;;;N;;N;;;;;FX;;GNS, LLS;10.00;0.00;Wood;;1972-10-28;MFL;1972-01-01;;2016-02-01
DEU000070623;;DEU;;;1.00;0.00;0.00;;5.19;0.00;---;KOS6;KOS6;Koserow;;N;;N;N;N;;;GO;;GNS, LLS;11.00;0.00;Fiber/Plastic;;1997-03-02;MFL;1996-01-01;;
DEU000070624;;DEU;;;1.00;3.87;0.00;;7.40;0.00;---;ZEM22;ZEM22;;;N;;N;;;;;FX;;GNS, LLS;5.00;0.00;Wood;;1965-02-08;MFL;1965-01-01;;2004-08-11
DEU000070627;;DEU;;;0.00;1.25;0.00;;4.20;0.00;---;BAA018;BAA018;;;N;;N;;;;;FX;;GNS;2.00;0.00;;;1968-10-20;C19;;;1994-09-05
DEU000070630;;DEU;;;2.00;0.00;0.00;;7.90;0.00;---;KAM4;KAM4;;;N;;N;;;;;FX;;GNS, LLS;10.00;0.00;Wood;;1983-12-31;MFL;1983-01-01;;2006-07-25
DEU000070631;;DEU;;;2.00;4.00;0.00;;7.85;0.00;---;AWA6Z;AWA6Z;;;N;;N;;;;;FX;;GNS, LLS;36.00;0.00;Wood;;1981-04-03;MFL;1981-01-01;;2004-11-03
DEU000070632;;DEU;;;3.00;0.00;0.00;;8.80;8.10;---;FRE38;FRE38;;;N;;N;;;;;FX;;GNS, LLS;22.00;0.00;Wood;;1987-06-11;MFL;1987-01-01;;2011-10-11
DEU000070633;;DEU;;;0.00;2.98;0.00;;7.65;6.57;---;ZEU1;ZEU1;;;N;;N;;;;;FX;;GNS, NK;6.00;0.00;;;1970-10-15;4;;;1994-01-04
DEU000070634;;DEU;;;1.00;2.80;0.00;;6.30;0.00;---;WOG9N;WOG9N;;;N;;N;;;;;FX;;GNS, LLS;6.00;0.00;Wood;;1950-06-15;MFL;1950-01-01;;2006-10-17
DEU000070635;;DEU;;;2.00;0.00;0.00;;8.40;8.00;---;NEG1;NEG1;;;N;;N;;;;;FX;;GNS, LLS;13.00;0.00;Metal;;1994-01-11;MFL;1994-01-01;;2017-01-27
DEU000070637;;DEU;;;0.00;13.20;0.00;;11.20;0.00;---;NEU005;NEU005;;;N;;N;;;;;FX;;GNS;35.00;0.00;;;1945-06-07;4;;;1992-05-01
DEU000070638;;DEU;;;0.00;5.72;0.00;;9.00;0.00;---;ZUD005;ZUD005;;;N;;N;;;;;FX;;GNS;20.00;0.00;;;1975-09-25;C19;;;1995-01-05
DEU000070639;;DEU;;;1.00;2.22;0.00;;5.60;0.00;---;UMM3;UMM3;;;N;;N;;;;;FX;;GNS, LLS;30.00;0.00;;;1957-04-11;4C1;;;2000-06-26
DEU000070640;;DEU;;;1.00;0.00;0.00;;4.05;0.00;---;WIR5N;WIR5N;;;N;;N;;;;;FX;;GNS, LLS;4.00;0.00;Fiber/Plastic;;2001-03-14;MFL;1997-01-01;;
DEU000070641;;DEU;;;1.00;0.00;0.00;;4.10;0.00;---;DRA9;DRA9;;;N;;N;;;;;FX;;GNS, LLS;8.00;0.00;Fiber/Plastic;;1983-06-13;MFL;1983-01-01;;2006-12-08
DEU000070642;;DEU;;;2.00;3.46;0.00;;7.00;6.53;---;WAR77;WAR77;;;N;;N;;;;;FX;;GNS, LLS;37.00;0.00;;;1975-06-30;4C1;;;2001-09-01
DEU000070645;;DEU;;;0.00;8.87;0.00;;11.20;0.00;---;RIB5;RIB5;;;N;;N;;;;;FX;;GNS, NO;40.00;0.00;;;1960-09-10;4;;;1991-03-15
DEU000070646;;DEU;;;7.00;0.00;0.00;;9.60;0.00;SANNERT;WUS7;WUS7;Wustrow;;N;;N;N;N;;;GO;;GNS, NO;29.00;0.00;Wood;;1936-11-14;MFL;1936-01-01;;
DEU000070647;;DEU;;;0.00;1.77;0.00;;5.00;0.00;---;DIE007A;DIE007A;;;N;;N;;;;;FX;;GNS, NO;6.00;0.00;;;1982-09-17;C19;;;1995-12-13
DEU000070648;;DEU;;;7.00;0.00;0.00;;10.60;9.80;---;PRU7;PRU7;;;N;;N;N;N;;;GO;;GNS, LLS;58.00;0.00;Wood;;1972-08-17;MFL;1927-01-01;;
DEU000070649;;DEU;;;1.00;1.53;0.00;;4.50;0.00;---;PRE006A;PRE006A;;;N;;N;;;;;FX;;GNS, NK;6.00;0.00;;;1982-08-17;C19;;;1996-04-13
DEU000070650;;DEU;;;2.00;2.72;0.00;;6.20;0.00;---;ZID007;ZID007;;;N;;N;;;;;FX;;GNS, NO;6.00;0.00;;;1967-09-14;C19;;;1995-12-13
DEU000070657;;DEU;;;4.00;0.00;0.00;;8.50;8.08;---;WID3;WID3;;;N;;N;;;;;FX;;GNS, LLS;22.00;0.00;Fiber/Plastic;;1992-03-18;MFL;1982-01-01;;2007-10-30
DEU000070668;;DEU;;;7.00;0.00;0.00;;10.85;0.00;HELENE P.;GLO27;GLO27;;;Y;DA2414;N;N;N;;;GO;;OTB, GNS;80.00;0.00;Fiber/Plastic;;2006-06-01;MFL;1998-01-01;;
DEU000070673;;DEU;;;1.00;0.00;0.00;;5.05;0.00;---;BAA37;BAA37;Baabe;;N;;N;N;N;;;GO;;GNS, FPO;11.00;0.00;Fiber/Plastic;;2014-01-27;MFL;2013-01-01;;
DEU000080300;;DEU;;;183.00;164.93;0.00;;29.52;26.51;JAN MEES;NC318;NC318;;;Y;DFPV;N;;;;;FX;;OTB, OTM;438.00;0.00;;;1972-12-30;G17;;;1993-11-30
DEU000080400;;DEU;;;162.00;124.96;0.00;;28.26;24.44;WESER;NB3;NB3;;;Y;DESF;Y;;;;;FX;;OTB, OTM;441.00;0.00;Metal;;1981-12-11;MFL;1981-01-01;;2011-12-10
DEU000080500;;DEU;;;0.00;81.96;0.00;;24.55;22.10;KATERINE;HF462;HF462;;;Y;DGTF;N;;;;;FX;;OTB, PTB;221.00;0.00;;;1947-12-31;G16;;;1994-12-01
DEU000080601;;DEU;;;1943.00;1568.91;0.00;;62.23;56.11;DORADO;ROS804;ROS804;;;Y;Y4DZ;Y;;;;;FX;;OTB, OTM;1764.00;1324.00;;;1987-01-16;4C7;;;2002-01-09
DEU000080602;;DEU;;;26.00;22.44;0.00;;15.52;13.92;SEEADLER;SAS15;SAS15;;;Y;Y4LS;N;;;;;FX;;OTB, PTB;59.00;0.00;;;1948-03-07;4C3;;;1998-01-02
DEU000080603;;DEU;;;0.00;38.40;0.00;;17.60;0.00;FREIHEIT;WAR40;WAR40;;;Y;Y40A;N;;;;;FX;;OTB, PTB;110.00;0.00;;;1949-06-01;4;;;1990-11-01
DEU000080604;;DEU;;;38.00;37.24;0.00;;17.60;15.68;RITA;WIS119;WIS119;;;Y;Y4PI;N;;;;;FX;;OTB, GNS;147.00;6.00;;;1951-01-15;G16;;;1995-07-18
DEU000080606;;DEU;;;0.00;38.41;0.00;;17.80;0.00;PIRNA;KAR29;KAR29;;;Y;Y4KL;N;;;;;FX;;PTB, OTB;147.00;6.00;;;1950-07-20;4;;;1991-08-22
DEU000080607;;DEU;;;0.00;10.67;0.00;;9.70;9.50;---;LAU12;LAU12;;;N;;N;;;;;FX;;GNS;18.00;0.00;;;1938-10-07;4;;;1993-10-31
DEU000080608;;DEU;;;7.00;8.74;0.00;;8.54;7.70;---;WIE3;WIE3;;;N;;N;;;;;FX;;GNS, LLS;41.00;0.00;Wood;;1977-09-19;MFL;1977-01-01;;2003-12-08
DEU000080609;;DEU;;;3.00;0.00;0.00;;8.75;7.85;---;RIT2N;RIT2N;Ueckermünde;;N;;N;N;N;;;GO;;GNS, NK;22.00;0.00;Metal;;1986-01-14;MFL;1985-01-01;;2023-05-15
DEU000080610;;DEU;;;1.00;0.00;0.00;;5.00;0.00;---;BOD8;BOD8;;;N;;N;;;;;FX;;GNS, FPO;0.00;0.00;Wood;;1934-07-11;MFL;1934-01-01;;2017-01-01
DEU000080611;;DEU;;;12.00;9.70;0.00;;11.20;9.70;GRISTOW HEIMAT;GRI002;GRI002;;;Y;DF8767;N;;;;;FX;;GNS, FPO;44.00;0.00;Wood;;1951-03-12;MFL;1951-01-01;;2010-12-10
DEU000080612;;DEU;;;0.00;2.00;0.00;;5.30;0.00;---;THI018;THI018;;;N;;N;;;;;FX;;GNS;6.00;0.00;;;1972-11-24;C19;;;1996-12-05
DEU000080613;;DEU;;;1.00;0.90;0.00;;3.70;0.00;---;BRE002B;BRE002B;;;N;;N;;;;;FX;;GNS, NO;0.00;0.00;;;1974-06-16;4C1;;;2002-12-13
DEU000080614;;DEU;;;9.00;0.00;0.00;;9.78;9.05;ROCHEL;SAS33;SAS33;;;Y;DG9545;N;;;;;FX;;GNS, OTB;71.00;0.00;Wood;;1950-04-19;MFL;1950-01-01;;2012-01-20
DEU000080615;;DEU;;;4.00;5.67;0.00;;8.54;8.41;---;GAG18;GAG18;;;N;;N;;;;;FX;;GNS;37.00;0.00;;;1957-06-25;4C1;;;1998-03-23
DEU000080616;;DEU;;;1.00;3.10;0.00;;7.26;6.66;---;LAS10N;LAS10N;;;N;;N;;;;;FX;;GNS, NK;6.00;0.00;;;1960-05-05;4C1;;;1998-03-23
DEU000080617;;DEU;;;0.00;0.80;0.00;;3.50;0.00;---;VIT003A;VIT003A;;;N;;N;;;;;FX;;GNS, NO;0.00;0.00;;;1956-11-17;C19;;;1992-11-25
DEU000080618;;DEU;;;5.00;4.75;0.00;;8.20;0.00;MEERESWELLE;AHL021;AHL021;;;N;;N;;;;;FX;;GNS, LLS;44.00;0.00;;;1985-03-01;4C1;;;1998-12-03
DEU000080619;;DEU;;;3.00;7.13;0.00;;7.62;6.60;---;BAN10N;BAN10N;;;N;;N;;;;;FX;;GNS, LLS;37.00;0.00;Wood;;1952-03-10;MFL;1952-01-01;;2005-02-18
DEU000080620;;DEU;;;1.00;1.80;0.00;;5.00;0.00;---;HER7;HER7;;;N;;N;;;;;FX;;GNS, LLS;0.00;0.00;;;1994-02-09;4C1;;;2001-11-12
DEU000080621;;DEU;;;1.00;1.70;0.00;;5.15;0.00;---;UETZ5;UETZ5;;;N;;N;;;;;FX;;GNS, LLS;6.00;0.00;Wood;;1994-06-07;MFL;1974-01-01;;2008-11-25
DEU000080622;;DEU;;;1.00;2.54;0.00;;6.00;0.00;---;KOEL8;KOEL8;;;N;;N;;;;;FX;;GNS, LLS;5.00;0.00;Wood;;1978-08-10;MFL;1978-01-01;;2003-02-10
DEU000080623;;DEU;;;1.00;0.00;0.00;;5.06;0.00;---;KOS1;KOS1;Koserow;;N;;N;N;N;;;GO;;GNS, LLS;11.00;0.00;Fiber/Plastic;;2007-11-06;MFL;2002-01-01;;
DEU000080624;;DEU;;;3.00;3.66;0.00;;7.70;6.55;---;ZEM08;ZEM08;;;N;;N;;;;;FX;;GNS, LLS;26.00;0.00;Wood;;1953-06-17;MFL;1953-01-01;;2008-07-04
DEU000080627;;DEU;;;0.00;1.77;0.00;;5.00;0.00;---;BAA033;BAA033;;;N;;N;;;;;FX;;GNS;4.00;0.00;;;1970-04-25;C19;;;1993-04-15
DEU000080630;;DEU;;;3.00;6.40;0.00;;8.10;0.00;---;KAM3;KAM3;;;N;;N;;;;;FX;;GNS, LLS;30.00;0.00;Wood;;1992-06-09;MFL;1992-01-01;;2007-10-16
DEU000080631;;DEU;;;0.00;3.77;0.00;;7.30;0.00;---;AWA8;AWA8;;;N;;N;;;;;FX;;GNS, NK;6.00;0.00;;;1954-11-02;C19;;1992-05-01;
DEU000080632;;DEU;;;3.00;5.23;0.00;;8.60;7.65;---;MOEN8;MOEN8;;;N;;N;;;;;FX;;GNS, NK;29.00;0.00;;;1981-07-14;4C1;;2000-04-11;
DEU000080633;;DEU;;;2.00;0.00;0.00;;8.32;7.32;---;PAS1;PAS1;;;N;;N;;;;;FX;;GNS, NK;8.00;0.00;Metal;;1975-12-10;MFL;1975-01-01;;2006-12-15
DEU000080634;;DEU;;;3.00;0.00;0.00;;8.53;7.75;---;WOG10N;WOG10N;;;N;;N;;;;;FX;;GNS, LLS;33.00;0.00;Wood;;1951-04-14;MFL;1951-01-01;;2006-10-17
DEU000080635;;DEU;;;11.00;0.00;0.00;;11.00;0.00;ANGELINA;FRE69;FRE69;Freest;;N;;N;N;N;;;GO;;GNS, LLS;74.00;0.00;Wood;;1988-03-10;MFL;1988-01-01;;2023-10-31
DEU000080637;;DEU;;;0.00;2.34;0.00;;5.75;0.00;---;NEU005A;NEU005A;;;N;;N;;;;;FX;;GNS, NO;0.00;0.00;;;1952-11-12;C19;;1993-07-06;
DEU000080638;;DEU;;;1.00;1.42;0.00;;4.25;0.00;---;ZUD06N;ZUD06N;;;N;;N;;;;;FX;;GNS, NO;7.00;0.00;;;1975-06-10;C19;;;1996-01-05
DEU000080639;;DEU;;;0.00;2.10;0.00;;5.40;0.00;---;UMM4;UMM4;;;N;;N;;;;;FX;;GNS, NO;5.00;0.00;;;1941-03-19;C19;;;1992-11-17
DEU000080640;;DEU;;;1.00;0.00;0.00;;5.06;0.00;---;WIR6N;WIR6N;Wiek;;N;;N;N;N;;;GO;;GNS, LLS;15.00;0.00;Fiber/Plastic;;2008-04-08;MFL;1970-01-01;;
DEU000080641;;DEU;;;1.00;1.19;0.00;;4.10;0.00;---;DRA006C;DRA006C;;;N;;N;;;;;FX;;GNS, LLS;8.00;0.00;;;1985-03-12;4C1;;;1999-10-29
DEU000080642;;DEU;;;1.00;1.76;0.00;;5.03;0.00;---;KUEH010;KUEH010;;;N;;N;;;;;FX;;GNS, LLS;11.00;0.00;;;1990-10-03;C19;;;1996-11-22
DEU000080645;;DEU;;;5.00;6.75;0.00;;9.30;8.70;---;BAR10;BAR10;;;N;;N;;;;;FX;;GNS, LLS;29.00;0.00;Wood;;1960-04-14;MFL;1960-01-01;;2004-10-18
DEU000080647;;DEU;;;1.00;1.25;0.00;;6.70;6.30;---;DIE8;DIE8;;;N;;N;;;;;FX;;GNS, LLS;15.00;0.00;;;1949-04-14;4C1;;;1999-07-14
DEU000080648;;DEU;;;1.00;0.00;0.00;;5.62;0.00;---;UMM57;UMM57;Ummanz;;N;;N;N;N;;;GO;;FPO, GNS;5.00;0.00;Wood;;1942-01-01;MFL;1942-01-01;;
DEU000080649;;DEU;;;1.00;1.53;0.00;;4.50;0.00;---;PRE006B;PRE006B;;;N;;N;;;;;FX;;GNS, NK;3.00;0.00;;;1982-10-14;C19;;;1995-06-26
DEU000080650;;DEU;;;0.00;1.00;0.00;;3.70;0.00;---;ZID007A;ZID007A;;;N;;N;;;;;FX;;GNS, NK;0.00;0.00;;;1956-08-14;C19;;1994-01-07;
DEU000080657;;DEU;;;1.00;0.00;0.00;;5.70;0.00;---;PRU5;PRU5;;;N;;N;N;N;;;GO;;GNS, FPO;18.00;0.00;Fiber/Plastic;;1994-04-30;MFL;1994-01-01;;
DEU000080668;;DEU;;;1.00;0.00;0.00;;4.25;0.00;---;GLO28N;GLO28N;;;N;;N;;;;;FX;;GNS, FPO;0.00;0.00;Fiber/Plastic;;2006-09-13;MFL;1989-01-01;;2015-04-10
DEU000080673;;DEU;;;2.00;0.00;0.00;;6.64;0.00;---;BAA4;BAA4;;;N;;N;N;N;;;GO;;GNS, LLS;44.00;0.00;Fiber/Plastic;;2014-04-29;MFL;2014-01-01;;
DEU000090300;;DEU;;;359.00;249.88;0.00;;32.96;27.00;JAN VAN GENT;NC319;NC319;;;Y;DFQI;N;;;;;FX;;OTB, OTM;784.00;0.00;;;1987-10-01;4C3;;;1998-03-16
DEU000090400;211332630;DEU;;;189.00;0.00;0.00;;31.37;27.00;AQUA FAUNA;NG10;NG10;Emden;;Y;DESL;Y;Y;Y;8104448;;TTW;;OTB, TBB;746.00;401.00;Metal;;1982-03-19;MFL;1982-01-01;;
DEU000090500;;DEU;;;0.00;68.65;0.00;;24.10;21.69;BUSSARD;HF406;HF406;;;Y;DIFT;N;;;;;FX;;OTB, PTB;206.00;0.00;;;1954-07-10;4C3;;;2002-08-26
DEU000090601;;DEU;;;1943.00;1568.91;0.00;;62.22;56.11;SEBASTES M.;BX787;BX787;;;Y;DFDY;Y;;;8707733;;FX;;OTB, OTM;1764.00;1324.00;Metal;;1987-09-16;MFL;1987-01-01;;
DEU000090602;;DEU;;;0.00;21.92;0.00;;15.32;0.00;RUEGEN;SAS17;SAS17;;;Y;Y4LT;N;;;;;FX;;OTB, PTB;59.00;0.00;;;1937-08-01;4;;1991-04-09;
DEU000090603;;DEU;;;0.00;38.41;0.00;;17.80;0.00;DESSAU;WAR41;WAR41;;;Y;Y40P;N;;;;;FX;;OTB, PTB;110.00;0.00;;;1950-04-01;4;;;1990-11-01
DEU000090604;;DEU;;;42.00;38.41;0.00;;17.80;15.94;MARLEN;WIS121;WIS121;;;Y;Y4PJ;Y;;;;;FX;;OTB, PTB;162.00;6.00;Wood;;1950-11-03;MFL;1950-01-01;;2012-01-06
DEU000090605;;DEU;;;12.00;11.45;0.00;;11.95;10.40;---;STR02;STR02;;;N;;N;;;;;FX;;GNS, NK;58.00;0.00;;;1934-09-18;4C1;;;2001-03-19
DEU000090606;;DEU;;;0.00;38.41;0.00;;17.80;0.00;WAREN;KAR30;KAR30;;;Y;Y4KH;N;;;;;FX;;PTB, OTB;147.00;6.00;;;1950-07-20;4;;;1994-05-18
DEU000090607;;DEU;;;0.00;6.42;0.00;;7.77;7.50;---;LAU14;LAU14;;;N;;N;;;;;FX;;GNS;18.00;0.00;;;1951-04-25;4;;;1993-11-23
DEU000090608;;DEU;;;0.00;8.32;0.00;;8.70;8.15;ANJA;WIE18;WIE18;;;N;;N;;;;;FX;;GNS, LLS;26.00;0.00;;;1972-06-28;4;;;1993-01-01
DEU000090609;;DEU;;;3.00;4.52;0.00;;8.50;7.53;---;UEK9;UEK9;;;N;;N;;;;;FX;;GNS, NK;22.00;0.00;Wood;;1950-07-18;MFL;1950-01-01;;
DEU000090610;;DEU;;;0.00;2.14;0.00;;5.50;0.00;---;BOD8B;BOD8B;;;N;;N;;;;;FX;;GNS, NK;0.00;0.00;;;1968-04-14;C19;;;1994-06-17
DEU000090612;;DEU;;;1.00;0.00;0.00;;7.40;6.70;---;THI53;THI53;;;N;;N;N;N;;;GO;;GNS, LLS;15.00;0.00;Wood;;1946-05-14;MFL;1946-01-01;;2020-03-23
DEU000090613;;DEU;;;0.00;1.91;0.00;;5.20;0.00;---;BRE003B;BRE003B;;;N;;N;;;;;FX;;GNS, NO;6.00;0.00;;;1965-07-11;4;;;1994-10-01
DEU000090614;;DEU;;;0.00;11.80;0.00;;11.79;0.00;STRANDVOGEL 2;FRE22;FRE22;;;Y;Y4VH;N;;;;;FX;;GNS, OTB;44.00;0.00;;;1922-03-11;4;;;1991-02-01
DEU000090615;;DEU;;;1.00;0.00;0.00;;6.00;0.00;---;GAG19;GAG19;;;N;;N;;;;;FX;;GNS, LLS;0.00;0.00;Wood;;1969-07-25;MFL;1969-01-01;;2010-05-18
DEU000090616;;DEU;;;0.00;3.46;0.00;;7.00;0.00;---;LAS11;LAS11;;;N;;N;;;;;FX;;GNS, NK;6.00;0.00;;;1975-10-11;4;;;1992-01-01
DEU000090617;;DEU;;;0.00;1.13;0.00;;4.00;0.00;---;VIT003B;VIT003B;;;N;;N;;;;;FX;;GNS, NO;0.00;0.00;;;1950-02-17;C19;;;1992-11-25
DEU000090618;;DEU;;;0.00;8.35;0.00;;8.30;6.70;STURMGESELL;AHL023;AHL023;;;N;;N;;;;;FX;;GNS, LLS;44.00;0.00;;;1966-07-26;4;;;1995-08-17
DEU000090619;;DEU;;;1.00;2.54;0.00;;6.00;0.00;---;BAN12N;BAN12N;;;N;;N;;;;;FX;;GNS, LLS;5.00;0.00;Wood;;1972-03-07;MFL;1972-01-01;;2004-05-06
DEU000090620;;DEU;;;1.00;0.00;0.00;;5.50;0.00;---;HER1;HER1;Heringsdorf;;N;;N;N;N;;;GO;;GNS, LLS;36.00;0.00;Fiber/Plastic;;2003-10-27;MFL;2003-01-01;;
DEU000090621;;DEU;;;1.00;0.00;0.00;;4.26;0.00;---;UETZ11N;UETZ11N;Ueckeritz;;N;;N;N;N;;;GO;;GNS, LLS;10.00;0.00;Fiber/Plastic;;1994-06-27;MFL;1979-01-01;;
DEU000090622;;DEU;;;1.00;2.22;0.00;;5.60;0.00;---;KOEL17N;KOEL17N;;;N;;N;;;;;FX;;GNS, LLS;5.00;0.00;Wood;;1969-03-18;MFL;1969-01-01;;2003-02-10
DEU000090624;;DEU;;;1.00;2.54;0.00;;6.00;0.00;---;ZEM23;ZEM23;;;N;;N;;;;;FX;;GNS, LLS;11.00;0.00;;;1980-04-20;4C1;;1997-09-10;
DEU000090627;;DEU;;;3.00;6.29;0.00;;8.50;8.10;---;LOB01;LOB01;;;N;;N;;;;;FX;;GNS;30.00;0.00;;;1965-07-10;4C1;;;2001-12-01
DEU000090630;;DEU;;;3.00;4.08;0.00;;8.10;6.95;---;KAM7;KAM7;;;N;;N;;;;;FX;;GNS, NK;37.00;0.00;Wood;;1987-11-24;MFL;1987-01-01;;2004-08-17
DEU000090631;;DEU;;;3.00;0.00;0.00;;8.50;7.50;---;AWA9;AWA9;;;N;;N;N;N;;;GO;;GNS, LLS;30.00;0.00;Metal;;1988-02-14;MFL;1988-01-01;;2019-10-31
DEU000090632;;DEU;;;2.00;4.52;0.00;;7.96;0.00;---;MOEN9;MOEN9;;;N;;N;;;;;FX;;GNS, LLS;13.00;0.00;Metal;;1987-05-05;MFL;1987-01-01;;2010-03-01
DEU000090633;;DEU;;;2.00;2.30;0.00;;7.75;7.18;---;PAS6;PAS6;;;N;;N;;;;;FX;;GNS, LLS;6.00;0.00;Metal;;1962-04-05;MFL;1962-01-01;;2007-07-03
DEU000090634;;DEU;;;2.00;3.36;0.00;;6.90;0.00;---;WOG11N;WOG11N;;;N;;N;;;;;FX;;GNS, LLS;5.00;0.00;Wood;;1956-04-20;MFL;1956-01-01;;2003-09-27
DEU000090635;;DEU;;;1.00;1.27;0.00;;4.35;0.00;---;UETZ7N;UETZ7N;;;N;;N;;;;;FX;;GNS, LLS;6.00;0.00;Fiber/Plastic;;1999-03-30;MFL;1999-01-01;;2005-03-09
DEU000090637;;DEU;;;0.00;2.12;0.00;;5.45;0.00;---;NEU005B;NEU005B;;;N;;N;;;;;FX;;GNS, NO;0.00;0.00;;;1950-06-07;C19;;;1993-07-06
DEU000090638;;DEU;;;1.00;1.28;0.00;;4.26;0.00;---;ZUD04AN;ZUD04AN;;;N;;N;;;;;FX;;GNS, NO;4.00;0.00;;;1985-05-16;4C1;;;1999-03-04
DEU000090639;;DEU;;;0.00;1.25;0.00;;4.20;0.00;---;UMM4A;UMM4A;;;N;;N;;;;;FX;;GNS, NO;10.00;0.00;;;1978-04-12;C19;;;1992-11-17
DEU000090641;;DEU;;;0.00;2.25;0.00;;5.65;0.00;---;DRA007A;DRA007A;;;N;;N;;;;;FX;;GNS, NO;0.00;0.00;;;1983-04-03;C19;;;1996-02-23
DEU000090642;;DEU;;;1.00;0.00;0.00;;5.00;0.00;---;WAR24N;WAR24N;;;N;;N;;;;;FX;;GNS, LLS;11.00;0.00;Fiber/Plastic;;1968-01-14;MFL;1968-01-01;;2006-11-20
DEU000090645;;DEU;;;0.00;1.91;0.00;;5.20;0.00;---;AHR009;AHR009;;;N;;N;;;;;FX;;GNS, NK;3.00;0.00;;;1950-04-14;C19;;;1994-01-05
DEU000090646;;DEU;;;1.00;1.36;0.00;;6.30;6.09;---;WUS009N;WUS009N;;;N;;N;;;;;FX;;GNS, NO;0.00;0.00;Wood;;1984-05-15;MFL;1984-01-01;;2005-01-20
DEU000090647;;DEU;;;0.00;3.34;0.00;;6.80;0.00;---;DIE007;DIE007;;;N;;N;;;;;FX;;GNS, NK;13.00;0.00;;;1981-05-15;C19;;1995-06-27;
DEU000090648;;DEU;;;1.00;0.00;0.00;;5.70;0.00;---;PRU3BN;PRU3BN;;;N;;N;;;;;FX;;GNS, FPO;3.00;0.00;Wood;;1965-01-01;MFL;1965-01-01;;2007-05-14
DEU000090649;;DEU;;;1.00;0.73;0.00;;3.10;0.00;---;PRE006C;PRE006C;;;N;;N;;;;;FX;;GNS, NK;4.00;0.00;;;1988-04-12;C19;;;1996-04-13
DEU000090650;;DEU;;;0.00;6.66;0.00;;9.72;9.07;---;ZID009;ZID009;;;N;;N;;;;;FX;;GNS, NK;44.00;0.00;;;1980-09-07;4;;;1994-01-06
DEU000090656;;DEU;;;1.00;0.00;0.00;;4.65;0.00;---;POL5;POL5;Lietzow;;N;;N;N;N;;;GO;;GNS, LLS;15.00;0.00;Fiber/Plastic;;2001-06-18;MFL;2000-01-01;;
DEU000090668;;DEU;;;1.00;0.00;0.00;;4.35;0.00;---;GLO31N;GLO31N;;;N;;N;;;;;FX;;GNS, LLS;5.00;0.00;Fiber/Plastic;;2010-11-16;MFL;1989-01-01;;2016-06-05
DEU000090673;;DEU;;;1.00;0.00;0.00;;4.88;0.00;---;BAA38N;BAA38N;;;N;;N;;;;;FX;;GNS, NO;9.00;0.00;Fiber/Plastic;;2015-10-06;MFL;1996-01-01;;
DEU000100300;;DEU;;;103.00;101.69;0.00;;26.88;23.24;HANSEAT;NC323;NC323;;;Y;DAOL;N;;;;;FX;;OTB, OTM;422.00;0.00;;;1959-06-18;4C3;;;2000-04-05
DEU000100400;;DEU;;;299.00;0.00;0.00;;30.28;27.02;EMMA HELENE;NC302;NC302;;;Y;DEUR;Y;;;;;FX;;OTB, SDN;415.00;330.00;Metal;;1985-04-02;MFL;1985-01-01;;2016-08-10
DEU000100500;;DEU;;;0.00;105.67;0.00;;25.97;23.37;THUNFISCH;HF554;HF554;;;Y;DNKT;N;;;;;FX;;OTB, PTB;294.00;0.00;;;1970-07-27;4;;;1991-06-30
DEU000100601;;DEU;;;1943.00;1568.91;0.00;;62.22;56.11;REINHARDTIUS H.;BX788;BX788;;;Y;DENP;Y;;;8707745;;FX;;OTB, OTM;1764.00;1324.00;Metal;;1987-09-18;MFL;1987-01-01;;
DEU000100602;;DEU;;;34.00;32.40;0.00;;15.33;13.66;WALTRAUD;SAS18;SAS18;;;Y;Y4ME;N;;;;;FX;;OTB, PTB;59.00;0.00;;;1941-03-01;4C3;;;2000-09-01
DEU000100603;;DEU;;;0.00;31.09;0.00;;17.60;0.00;STENDAL;WAR44;WAR44;;;N;;N;;;;;FX;;OTB, PTB;59.00;0.00;;;1950-10-10;4;;;1990-11-01
DEU000100605;;DEU;;;15.00;11.28;0.00;;11.70;10.20;---;STR03;STR03;;;N;;N;;;;;FX;;GNS, NK;55.00;0.00;;;1951-07-06;4C1;;;1998-11-10
DEU000100606;;DEU;;;0.00;38.41;0.00;;17.80;0.00;STORKOW;KAR31;KAR31;;;Y;Y4KE;N;;;;;FX;;PTB, OTB;147.00;6.00;;;1950-09-11;G16;;;1994-10-12
DEU000100607;;DEU;;;0.00;4.57;0.00;;7.06;6.40;---;LAU16;LAU16;;;N;;N;;;;;FX;;GNS;18.00;0.00;;;1986-07-15;4;;;1993-04-15
DEU000100608;;DEU;;;10.00;14.20;0.00;;10.84;10.06;STOER;WIE19;WIE19;;;N;;N;;;;;FX;;GNS, LLS;44.00;0.00;Wood;;1951-10-15;MFL;1951-01-01;;2014-09-30
DEU000100609;;DEU;;;1.00;1.27;0.00;;4.26;0.00;---;UEK10;UEK10;;;N;;N;;;;;FX;;GNS, FPO;5.00;0.00;Wood;;1976-07-16;MFL;1976-01-01;;
DEU000100610;;DEU;;;0.00;2.99;0.00;;6.50;0.00;---;PRE10;PRE10;;;N;;N;;;;;FX;;GNS, NO;18.00;0.00;;;1959-11-14;C19;;;1993-01-02
DEU000100612;;DEU;;;4.00;0.00;0.00;;9.00;8.80;MÃWE;LAU3;LAU3;;;N;;N;;;;;FX;;GNS, LLS;44.00;0.00;Wood;;1950-03-24;MFL;1950-01-01;;2012-01-13
DEU000100613;;DEU;;;1.00;0.00;0.00;;3.70;0.00;---;BRE003C;BRE003C;;;N;;N;;;;;FX;;GNS, NO;0.00;0.00;Wood;;1974-03-21;MFL;1974-01-01;;2006-12-19
DEU000100614;;DEU;;;15.00;0.00;0.00;;12.51;11.00;STRANDVOGEL 1;FRE23;FRE23;;;Y;Y4VQ;N;;;;;FX;;GNS, OTB;103.00;0.00;Wood;;1952-04-18;MFL;1952-01-01;;
DEU000100615;;DEU;;;7.00;9.16;0.00;;9.25;8.90;---;THI34;THI34;;;N;;N;;;;;FX;;GNS, LLS;55.00;0.00;Wood;;1954-05-14;MFL;1954-01-01;;2004-09-29
DEU000100616;;DEU;;;2.00;3.50;0.00;;8.20;6.05;---;LAS7;LAS7;;;N;;N;;;;;FX;;GNS, NK;5.00;0.00;;;1983-01-20;4C1;;1998-03-23;
DEU000100617;;DEU;;;7.00;9.65;0.00;;9.89;0.00;LUSTIG;VIT004;VIT004;;;N;;N;;;;;FX;;GNS, NO;37.00;0.00;;;1921-04-04;4C1;;;2000-02-23
DEU000100618;;DEU;;;5.00;9.81;0.00;;8.43;7.60;DELPHIN;AHL031;AHL031;;;N;;N;;;;;FX;;GNS, LLS;44.00;0.00;;;1987-03-09;C19;;;1996-04-30
DEU000100619;;DEU;;;0.00;2.00;0.00;;5.30;0.00;---;BAN013;BAN013;;;N;;N;;;;;FX;;GNS, LLS;5.00;0.00;;;1977-09-10;C19;;;1994-02-22
DEU000100620;;DEU;;;1.00;0.00;0.00;;6.40;0.00;---;HER13N;HER13N;Heringsdorf;;N;;N;N;N;;;GO;;GNS, LLS;9.00;0.00;Fiber/Plastic;;2004-07-11;MFL;2001-01-01;;2023-10-31
DEU000100621;;DEU;;;2.00;0.00;0.00;;6.22;5.75;---;KOEL10;KOEL10;Koelpinsee;;N;;N;N;N;;;GO;;GNS, LLS;25.00;0.00;Wood;;1996-04-12;MFL;1995-01-01;;
DEU000100622;;DEU;;;4.00;4.52;0.00;;8.12;6.57;---;SAS50N;SAS50N;;;N;;N;;;;;FX;;GNS, LLS;32.00;0.00;Wood;;1969-05-30;MFL;1969-01-01;;2008-05-26
DEU000100624;;DEU;;;0.00;4.10;0.00;;7.60;0.00;---;ZEM3;ZEM3;;;N;;N;;;;;FX;;GNS, LLS;19.00;0.00;;;1947-02-03;4;;1992-01-01;
DEU000100627;;DEU;;;0.00;3.36;0.00;;6.15;5.75;---;LOB02;LOB02;;;N;;N;;;;;FX;;GNS;9.00;0.00;;;1970-07-05;4;;;1994-09-12
DEU000100630;;DEU;;;2.00;4.63;0.00;;8.10;0.00;---;KAM10;KAM10;;;N;;N;;;;;FX;;GNS, LLS;26.00;0.00;Wood;;1971-06-13;MFL;1971-01-01;;2003-12-08
DEU000100631;;DEU;;;3.00;5.11;0.00;;8.70;7.55;---;AWA10;AWA10;;;N;;N;;;;;FX;;GNS, NK;9.00;0.00;;;1972-08-07;4C1;;;1999-08-20
DEU000100632;;DEU;;;11.00;9.34;0.00;;11.90;10.55;---;MOEN10;MOEN10;;;N;;N;;;;;FX;;GNS, LLS;66.00;0.00;Wood;;1938-03-12;MFL;1938-01-01;;
DEU000100633;;DEU;;;2.00;2.28;0.00;;8.45;7.35;---;PAS3;PAS3;;;N;;N;;;;;FX;;GNS, LLS;5.00;0.00;Metal;;1982-02-10;MFL;1982-01-01;;2010-07-01
DEU000100634;;DEU;;;1.00;0.00;0.00;;4.65;0.00;---;WOG1N;WOG1N;;;N;;N;;;;;FX;;GNS, FPO;6.00;0.00;Fiber/Plastic;;2008-10-06;MFL;2008-01-01;;
DEU000100635;;DEU;;;6.00;0.00;0.00;;9.20;0.00;---;RAN9;RAN9;;;N;;N;;;;;FX;;GNS, LLS;38.00;0.00;;;1999-12-07;4C1;;;2001-02-26
DEU000100637;;DEU;;;0.00;9.51;0.00;;11.60;0.00;---;NEU006;NEU006;;;N;;N;;;;;FX;;GNS, LLS;37.00;0.00;;;1943-11-12;C19;;1993-06-15;
DEU000100638;;DEU;;;1.00;1.28;0.00;;4.26;0.00;---;ZUD11N;ZUD11N;;;N;;N;;;;;FX;;GNS, NO;4.00;0.00;Wood;;1986-05-16;MFL;1986-01-01;;2004-06-07
DEU000100639;;DEU;;;1.00;0.00;0.00;;5.90;0.00;---;UMM5N;UMM5N;;;N;;N;;;;;FX;;GNS, LLS;0.00;0.00;Wood;;1952-06-11;MFL;1952-01-01;;2006-07-28
DEU000100641;;DEU;;;1.00;2.12;0.00;;5.48;0.00;---;DRA007C;DRA007C;;;N;;N;;;;;FX;;GNS, NO;29.00;0.00;;;1985-09-16;4C1;;;2000-05-11
DEU000100642;;DEU;;;1.00;0.00;0.00;;5.03;0.00;---;KUEH011N;KUEH011N;Kühlungsborn;;N;;N;N;N;;;GO;;GNS, NO;11.00;0.00;Fiber/Plastic;;1990-01-22;MFL;1990-01-01;;2022-03-31
DEU000100645;;DEU;;;0.00;9.15;0.00;;10.50;0.00;---;AHR10;AHR10;;;N;;N;;;;;FX;;GNS, NO;48.00;0.00;;;1990-03-07;4;;;1991-06-20
DEU000100646;;DEU;;;1.00;0.00;0.00;;5.30;0.00;---;WUS010;WUS010;Wustrow;;N;;N;N;N;;;GO;;GNS, NO;3.00;0.00;Wood;;1970-04-25;MFL;1970-01-01;;
DEU000100647;;DEU;;;3.00;5.57;0.00;;8.55;7.35;---;DIE10;DIE10;;;N;;N;;;;;FX;;GNS, NK;9.00;0.00;Wood;;1950-06-17;MFL;1950-01-01;;2006-11-28
DEU000100648;;DEU;;;1.00;2.21;0.00;;5.60;0.00;---;PRU3C;PRU3C;;;N;;N;;;;;FX;;GNS, NK;0.00;0.00;;;1985-01-01;C19;;;1996-01-18
DEU000100649;;DEU;;;0.00;1.77;0.00;;5.00;0.00;---;PRE010A;PRE010A;;;N;;N;;;;;FX;;GNS, NK;0.00;0.00;;;1951-10-19;C19;;;1993-01-02
DEU000100650;;DEU;;;1.00;1.84;0.00;;5.10;0.00;---;ZID008;ZID008;;;N;;N;;;;;FX;;GNS, NK;0.00;0.00;Wood;;1950-06-11;MFL;1950-01-01;2010-08-20;
DEU000100651;;DEU;;;3.00;4.64;0.00;;8.10;7.15;---;RER002;RER002;;;N;;N;;;;;FX;;GNS, LLS;7.00;0.00;Wood;;1950-07-19;MFL;1950-01-01;;2010-08-11
DEU000100668;;DEU;;;1.00;0.00;0.00;;5.00;0.00;---;GLO32N;GLO32N;;;N;;N;N;N;;;GO;;GNS, LLS;29.00;0.00;Fiber/Plastic;;2016-06-05;MFL;1996-01-01;;2018-06-21
DEU000100673;;DEU;;;1.00;0.00;0.00;;5.60;0.00;---;BAA41N;BAA41N;Baabe;;N;;N;N;N;;;GO;;GNS, FPO;13.00;0.00;Fiber/Plastic;;2021-08-01;MFL;1987-01-01;;
DEU000103615;;DEU;;;1.00;0.00;0.00;;4.36;0.00;---;GAG03A;GAG03A;;;N;;N;;;;;FX;;GNS, LLS;0.00;0.00;Fiber/Plastic;;1991-01-28;MFL;1984-01-01;;2006-12-29
DEU000110300;;DEU;;;197.00;174.96;0.00;;32.18;28.19;HALTENBANK;NC325;NC325;;;Y;DFQE;N;;;;;FX;;OTB, OTM;441.00;0.00;;;1974-09-10;4C3;;;1997-08-25
DEU000110400;211267780;DEU;;;261.00;0.00;0.00;;30.34;26.00;SEEWOLF;NC309;NC309;Cuxhaven;;Y;DFAC;Y;Y;Y;8509052;;TTW;;OTB, OTM;600.00;160.00;Metal;;1985-10-01;MFL;1985-01-01;2023-11-21;
DEU000110500;;DEU;;;0.00;70.55;0.00;;24.10;21.69;WITTEBANK;HF518;HF518;;;Y;DGOB;N;;;;;FX;;OTB, PTB;221.00;0.00;;;1943-12-31;G11;;1993-02-01;
DEU000110601;;DEU;;;1943.00;1568.91;0.00;;62.23;56.11;GEMINI;ROS807;ROS807;;;Y;Y4HQ;N;;;;;FX;;OTB, OTM;1764.00;1324.00;;;1987-10-12;4C7;;;
DEU000110602;;DEU;;;30.00;27.81;0.00;;16.32;14.54;JASMUND;SAS26;SAS26;;;Y;Y4LU;N;;;;;FX;;OTB, PTB;160.00;0.00;Wood;;1937-04-03;MFL;1937-01-01;;2005-04-06
DEU000110603;;DEU;;;0.00;30.22;0.00;;17.60;0.00;JAN PETERSEN;WAR46;WAR46;;;N;;N;;;;;FX;;OTB, PTB;59.00;0.00;;;1948-05-15;4;;;1990-11-01
DEU000110605;;DEU;;;10.00;0.00;0.00;;10.30;9.72;---;STR04;STR04;Stralsund;;N;;N;N;N;;;GO;;GNS, LLS;51.00;0.00;Fiber/Plastic;;1984-03-11;MFL;1984-01-01;;
DEU000110606;;DEU;;;0.00;38.41;0.00;;17.80;0.00;OSCHATZ;KAR32;KAR32;;;Y;Y4KO;N;;;;;FX;;PTB, OTB;147.00;6.00;;;1950-09-11;4;;;1990-11-01
DEU000110607;;DEU;;;0.00;11.31;0.00;;10.35;9.30;---;LAU19;LAU19;;;N;;N;;;;;FX;;GNS;30.00;0.00;;;1952-10-10;4;;;1993-05-28
DEU000110608;;DEU;;;0.00;9.32;0.00;;8.80;7.70;---;WIE23;WIE23;;;N;;N;;;;;FX;;GNS, LLS;36.00;0.00;;;1977-04-29;4;;;1996-02-14
DEU000110609;;DEU;;;0.00;7.50;0.00;;10.30;0.00;---;UEK11;UEK11;;;N;;N;;;;;FX;;GNS, NK;23.00;0.00;;;1951-04-06;C19;;;1994-01-20
DEU000110610;;DEU;;;2.00;0.00;0.00;;7.50;6.85;---;ZID11;ZID11;;;N;;N;;;;;FX;;GNS, LLS;12.00;0.00;Metal;;1976-09-13;MFL;1976-01-01;;2006-12-29
DEU000110612;;DEU;;;0.00;6.16;0.00;;7.65;7.35;---;THI22;THI22;;;N;;N;;;;;FX;;GNS;18.00;0.00;;;1958-02-24;4;;;1994-09-05
DEU000110613;;DEU;;;1.00;1.87;0.00;;5.15;0.00;---;BRE006;BRE006;;;N;;N;;;;;FX;;GNS, LLS;7.00;0.00;Wood;;1983-10-18;MFL;1983-01-01;;2004-04-20
DEU000110614;;DEU;;;0.00;11.80;0.00;;11.75;0.00;---;FRE24;FRE24;;;Y;Y4VD;N;;;;;FX;;GNS, NK;44.00;0.00;;;1936-07-17;4;;;1990-11-01
DEU000110615;;DEU;;;5.00;9.65;0.00;;9.13;8.43;---;GAG23;GAG23;;;N;;N;;;;;FX;;GNS, LLS;22.00;0.00;Wood;;1956-07-14;MFL;1956-01-01;;2008-10-28
DEU000110616;;DEU;;;3.00;4.63;0.00;;8.55;8.15;---;LAS13;LAS13;;;N;;N;;;;;FX;;GNS, FPO;20.00;0.00;Metal;;1965-07-15;MFL;1965-01-01;;2015-02-24
DEU000110617;;DEU;;;0.00;2.14;0.00;;5.50;0.00;---;VIT004A;VIT004A;;;N;;N;;;;;FX;;GNS, NO;0.00;0.00;;;1942-05-14;C19;;;1992-11-17
DEU000110618;;DEU;;;0.00;4.00;0.00;;7.50;0.00;---;AHL003;AHL003;;;N;;N;;;;;FX;;GNS, LLS;36.00;0.00;;;1979-03-10;C19;;;1993-07-01
DEU000110619;;DEU;;;2.00;2.14;0.00;;5.50;0.00;---;BAN014;BAN014;;;N;;N;;;;;FX;;GNS, LLS;8.00;0.00;;;1964-04-17;C19;;;1995-12-01
DEU000110620;;DEU;;;3.00;0.00;0.00;;8.70;7.56;---;HER10;HER10;Heringsdorf;;N;;N;N;N;;;GO;;GNS, LLS;11.00;0.00;Metal;;2013-03-27;MFL;1980-01-01;;
DEU000110621;;DEU;;;1.00;0.00;0.00;;4.25;0.00;---;UETZ6Z;UETZ6Z;;;N;;N;;;;;FX;;GNS, LLS;3.00;0.00;Fiber/Plastic;;2000-09-20;MFL;1990-01-01;;2007-12-12
DEU000110622;;DEU;;;3.00;4.52;0.00;;7.50;6.05;---;KOEL13;KOEL13;;;N;;N;;;;;FX;;GNS, LLS;26.00;0.00;;;1972-03-24;4C1;;1999-03-23;
DEU000110624;;DEU;;;2.00;2.54;0.00;;6.00;0.00;---;ZEM18;ZEM18;;;N;;N;;;;;FX;;GNS, LLS;5.00;0.00;Wood;;1968-01-15;MFL;1968-01-01;;2006-11-27
DEU000110627;;DEU;;;1.00;0.00;0.00;;6.16;0.00;---;GZI26;GZI26;;;N;;N;;;;;FX;;GNS, LLS;9.00;0.00;Wood;;1986-05-10;MFL;1986-01-01;;2016-10-04
DEU000110630;;DEU;;;3.00;4.70;0.00;;8.40;0.00;---;KAM2;KAM2;Kamminke;;N;;N;N;N;;;GO;;GNS, LLS;26.00;0.00;Wood;;1986-05-05;MFL;1986-01-01;;
DEU000110631;;DEU;;;3.00;0.00;0.00;;9.30;8.35;---;AWA11;AWA11;;;N;;N;;;;;FX;;GNS, NK;38.00;0.00;Metal;;1975-05-12;MFL;1975-01-01;;2007-07-20
DEU000110632;;DEU;;;4.00;5.35;0.00;;8.50;8.00;---;MOEN14N;MOEN14N;;;N;;N;;;;;FX;;GNS, NK;37.00;0.00;Wood;;1970-03-04;MFL;1970-01-01;2004-02-16;
DEU000110633;;DEU;;;2.00;0.00;0.00;;7.91;6.76;---;USE4N;USE4N;;;N;;N;;;;;FX;;GNS, LLS;6.00;0.00;Metal;;1991-12-02;MFL;1991-01-01;;2017-03-01
DEU000110635;;DEU;;;1.00;0.00;0.00;;7.30;0.00;---;RAN4N;RAN4N;;;N;;N;;;;;FX;;GNS, LLS;22.00;0.00;Metal;;2001-02-26;MFL;1970-01-01;;2004-01-30
DEU000110637;;DEU;;;0.00;1.95;0.00;;5.25;0.00;---;NEU006A;NEU006A;;;N;;N;;;;;FX;;GNS, NO;0.00;0.00;;;1943-06-15;C19;;;1993-07-06
DEU000110638;;DEU;;;1.00;1.28;0.00;;4.26;0.00;---;ZUD12N;ZUD12N;;;N;;N;;;;;FX;;GNS, NO;4.00;0.00;;;1991-03-27;4C1;;;1999-07-26
DEU000110639;;DEU;;;1.00;0.00;0.00;;5.00;0.00;---;UMM5AN;UMM5AN;;;N;;N;;;;;FX;;GNS, FPO;10.00;0.00;Wood;;1980-04-27;MFL;1980-01-01;;
DEU000110641;;DEU;;;1.00;1.00;0.00;;4.25;0.00;---;DRA007B;DRA007B;;;N;;N;;;;;FX;;GNS, NO;6.00;0.00;;;1984-03-01;C19;;1996-09-25;
DEU000110642;;DEU;;;0.00;4.54;0.00;;8.02;7.27;---;KUEH001;KUEH001;;;N;;N;;;;;FX;;GNS, LLS;18.00;0.00;;;1994-02-22;C19;;;1996-09-26
DEU000110646;;DEU;;;1.00;0.00;0.00;;4.80;0.00;---;WUS2;WUS2;;;N;;N;;;;;FX;;GNS, LLS;11.00;0.00;Fiber/Plastic;;1992-10-23;MFL;1992-01-01;;
DEU000110647;;DEU;;;1.00;1.27;0.00;;6.80;6.60;---;DIE11;DIE11;;;N;;N;;;;;FX;;GNS, NK;4.00;0.00;Wood;;1961-04-14;MFL;1961-01-01;;2006-11-28
DEU000110648;;DEU;;;1.00;2.37;0.00;;5.80;0.00;---;PRU3D;PRU3D;;;N;;N;;;;;FX;;GNS, NK;0.00;0.00;;;1968-01-01;C19;;;1996-01-18
DEU000110649;;DEU;;;1.00;1.13;0.00;;4.00;0.00;---;PRE011;PRE011;;;N;;N;;;;;FX;;GNS, LLS;6.00;0.00;;;1990-03-14;4C1;;;1997-03-10
DEU000110651;;DEU;;;0.00;2.14;0.00;;5.50;0.00;---;RER003;RER003;;;N;;N;;;;;FX;;GNS, LLS;3.00;0.00;;;1983-07-12;C19;;1995-09-01;
DEU000110668;;DEU;;;1.00;0.00;0.00;;5.53;0.00;---;GLO33N;GLO33N;Glowe;;N;;N;N;N;;;GO;;GNS, LLS;41.00;0.00;Fiber/Plastic;;2018-06-21;MFL;2000-01-01;;2021-04-30
DEU000110673;;DEU;;;1.00;0.00;0.00;;4.98;0.00;---;BAA43;BAA43;Baabe;;N;;N;N;N;;;GO;;GNS, FPO;22.00;0.00;Metal;;2022-11-01;MFL;2022-01-01;;2025-07-28
DEU000120300;;DEU;;;0.00;72.87;0.00;;23.69;21.38;BIANCA I;NC326;NC326;;;Y;DKIK;N;;;;;FX;;OTB, OTM;221.00;0.00;;;1947-05-17;4;;;1991-04-22
DEU000120400;;DEU;;;237.00;183.22;0.00;;32.34;28.26;CHRISTINA JARCHAU;NC310;NC310;;;Y;DESR;N;;;8332277;;TO;;OTB, OTM;588.00;0.00;;;1983-01-18;4C3;;;2002-08-26
DEU000120500;;DEU;;;55.00;48.63;0.00;;19.09;17.52;METEOR;MAA1;MAA1;;;Y;DIJM;Y;;;;;FX;;OTB, PTB;221.00;0.00;Wood;;1971-08-11;MFL;1971-01-01;;
DEU000120601;;DEU;;;0.00;3169.19;0.00;;101.84;95.16;KURT BARTHEL;ROS332;ROS332;;;Y;Y4CB;N;;;;;FX;;OTB, OTM;2856.00;2331.00;;;1977-01-10;1;;;
DEU000120602;;DEU;;;26.00;22.37;0.00;;15.11;13.81;SCHWALBE;SAS28;SAS28;;;Y;Y4MF;Y;;;;;FX;;OTB, PTB;130.00;0.00;Wood;;1949-06-11;MFL;1949-01-01;;2012-01-06
DEU000120603;;DEU;;;0.00;38.41;0.00;;17.60;0.00;DOBERAN;WAR47;WAR47;;;Y;Y400;N;;;;;FX;;OTB, PTB;110.00;0.00;;;1950-07-01;4;;;1991-02-01
DEU000120605;;DEU;;;11.00;11.08;0.00;;11.50;10.30;---;STR05;STR05;;;N;;N;;;;;FX;;GNS, LLS;55.00;0.00;Wood;;1950-01-17;MFL;1950-01-01;;2011-11-10
DEU000120606;;DEU;;;0.00;38.41;0.00;;17.80;0.00;HANS SCHOLL;KAR33;KAR33;;;Y;Y4KF;N;;;;;FX;;PTB, OTB;110.00;6.00;;;1950-05-06;4;;;1990-11-01
DEU000120607;;DEU;;;1.00;1.77;0.00;;6.04;0.00;---;NRE01;NRE01;;;N;;N;;;;;FX;;GNS, LLS;0.00;0.00;Wood;;1970-10-10;MFL;1970-01-01;;2007-06-26
DEU000120608;;DEU;;;6.00;6.37;0.00;;9.50;0.00;---;WIE27N;WIE27N;;;N;;N;;;;;FX;;GNS, LLS;37.00;0.00;;;1944-06-17;4C1;;;1997-09-03
DEU000120609;;DEU;;;2.00;4.52;0.00;;8.00;0.00;---;UEK11AN;UEK11AN;;;N;;N;;;;;FX;;GNS, NO;6.00;0.00;Wood;;1972-06-14;MFL;1972-01-01;;2003-04-22
DEU000120612;;DEU;;;9.00;0.00;0.00;;10.30;8.95;---;THI24N;THI24N;;;N;;N;N;N;;;GO;;GNS, LLS;36.00;0.00;Wood;;1975-11-24;MFL;1975-01-01;;
DEU000120613;;DEU;;;0.00;1.80;0.00;;5.05;0.00;---;BRE009A;BRE009A;;;N;;N;;;;;FX;;GNS, NO;0.00;0.00;;;1959-03-16;C19;;;1994-10-01
DEU000120615;;DEU;;;0.00;2.14;0.00;;5.50;0.00;---;GAG025;GAG025;;;N;;N;;;;;FX;;GNS;6.00;0.00;;;1938-07-14;4;;;1991-07-30
DEU000120616;;DEU;;;0.00;1.91;0.00;;5.20;0.00;---;LAS15;LAS15;;;N;;N;;;;;FX;;GNS, NK;5.00;0.00;;;1984-03-13;C19;;1993-08-06;
DEU000120617;;DEU;;;0.00;3.22;0.00;;6.75;0.00;---;VIT004B;VIT004B;;;N;;N;;;;;FX;;GNS, NO;0.00;0.00;;;1925-04-07;C19;;;1992-11-17
DEU000120618;;DEU;;;2.00;5.19;0.00;;7.40;6.35;---;VIT67;VIT67;;;N;;N;;;;;FX;;GNS, LLS;33.00;0.00;Wood;;1977-04-15;MFL;1977-01-01;;2015-10-26
DEU000120619;;DEU;;;1.00;0.00;0.00;;5.30;0.00;---;BAN015N;BAN015N;;;N;;N;;;;;FX;;GNS, LLS;5.00;0.00;Wood;;1977-02-19;MFL;1977-01-01;;2011-05-24
DEU000120620;;DEU;;;1.00;0.00;0.00;;4.34;0.00;---;HER5Z;HER5Z;;;N;;N;;;;;FX;;GNS, LLS;15.00;0.00;Fiber/Plastic;;2014-06-18;MFL;2001-01-01;;2015-01-21
DEU000120621;;DEU;;;1.00;0.00;0.00;;4.28;0.00;---;UETZ8N;UETZ8N;Ueckeritz;;N;;N;N;N;;;GO;;GNS, LLS;5.00;0.00;Fiber/Plastic;;2002-02-05;MFL;2002-01-01;;
DEU000120622;;DEU;;;4.00;0.00;0.00;;7.90;6.85;LA PALOMA;USE12;USE12;Usedom;;N;;N;N;N;;;GO;;GNS, LLS;48.00;0.00;Metal;;1986-03-10;MFL;1986-01-01;;2019-07-01
DEU000120624;;DEU;;;1.00;0.00;0.00;;7.70;6.10;---;ZEM16;ZEM16;;;N;;N;;;;;FX;;GNS, LLS;5.00;0.00;Wood;;1954-03-17;MFL;1954-01-01;;2007-10-23
DEU000120627;;DEU;;;0.00;2.68;0.00;;6.03;5.58;---;LOB08;LOB08;;;N;;N;;;;;FX;;GNS;18.00;0.00;;;1976-01-05;4;;;1996-01-01
DEU000120630;;DEU;;;1.00;2.43;0.00;;7.50;6.65;---;KAM1;KAM1;;;N;;N;;;;;FX;;GNS, LLS;5.00;0.00;;;1960-06-06;C19;;1996-07-04;
DEU000120631;;DEU;;;3.00;5.23;0.00;;8.60;7.35;---;FRE18;FRE18;;;N;;N;;;;;FX;;GNS, FPO;19.00;0.00;Wood;;1981-04-14;MFL;1981-01-01;;2011-09-19
DEU000120632;;DEU;;;3.00;0.00;0.00;;9.00;8.15;---;MOEN16N;MOEN16N;;;N;;N;;;;;FX;;GNS, FPO;22.00;0.00;Wood;;1947-09-15;MFL;1947-01-01;;2010-08-03
DEU000120633;;DEU;;;1.00;0.00;0.00;;7.26;0.00;---;USE11;USE11;;;N;;N;;;;;FX;;GNS, LLS;6.00;0.00;Metal;;2003-12-22;MFL;1967-01-01;;2005-11-15
DEU000120635;;DEU;;;1.00;0.00;0.00;;4.65;0.00;---;RAN8;RAN8;Rankwitz;;N;;N;N;N;;;GO;;GNS, LLS;6.00;0.00;Fiber/Plastic;;2005-11-15;MFL;2004-01-01;;2023-08-01
DEU000120637;;DEU;;;0.00;1.95;0.00;;5.25;0.00;---;NEU006B;NEU006B;;;N;;N;;;;;FX;;GNS, NO;0.00;0.00;;;1942-06-17;C19;;;1993-07-01
DEU000120638;;DEU;;;1.00;0.00;0.00;;5.27;0.00;---;GLE05N;GLE05N;;;N;;N;;;;;FX;;GNS, LLS;5.00;0.00;Wood;;1938-06-12;MFL;1938-01-01;;2006-11-02
DEU000120639;;DEU;;;1.00;1.43;0.00;;4.50;0.00;---;UMM9;UMM9;;;N;;N;;;;;FX;;GNS, NO;5.00;0.00;Wood;;1925-06-27;MFL;1925-01-01;;2004-07-05
DEU000120641;;DEU;;;1.00;0.00;0.00;;4.10;0.00;---;DRA008C;DRA008C;;;N;;N;;;;;FX;;GNS, NO;4.00;0.00;Fiber/Plastic;;1985-07-24;MFL;1985-01-01;;2006-01-30
DEU000120642;;DEU;;;1.00;1.24;0.00;;4.20;0.00;---;KUEH2;KUEH2;;;N;;N;;;;;FX;;GNS, LLS;3.00;0.00;Fiber/Plastic;;1994-03-03;MFL;1993-01-01;;2004-01-30
DEU000120645;;DEU;;;1.00;2.30;0.00;;5.70;0.00;---;AHR013;AHR013;;;N;;N;;;;;FX;;GNS, NO;8.00;0.00;;;1961-04-20;C19;;;1996-04-16
DEU000120646;;DEU;;;2.00;0.00;0.00;;7.15;6.80;---;BOI5N;BOI5N;Wismar;;N;;N;N;N;;;GO;;GNS, LLS;26.00;0.00;Fiber/Plastic;;1992-10-23;MFL;1986-01-01;;2024-10-01
DEU000120647;;DEU;;;0.00;1.77;0.00;;5.00;0.00;---;DIR12;DIR12;;;N;;N;;;;;FX;;GNS, NO;6.00;0.00;;;1987-10-12;4;;;1991-11-18
DEU000120648;;DEU;;;0.00;2.54;0.00;;6.00;0.00;---;BOR12;BOR12;;;N;;N;;;;;FX;;GNS, LLS;0.00;0.00;;;1979-06-08;C19;;1992-09-10;
DEU000120649;;DEU;;;1.00;1.77;0.00;;4.88;0.00;---;PRE2;PRE2;;;N;;N;;;;;FX;;GNS, LLS;8.00;0.00;;;1993-02-01;4C1;;;2000-10-25
DEU000120650;;DEU;;;1.00;2.46;0.00;;5.90;0.00;---;ZID013;ZID013;;;N;;N;;;;;FX;;GNS, LLS;14.00;0.00;Wood;;1983-06-14;MFL;1983-01-01;;2003-03-03
DEU000120651;;DEU;;;5.00;6.05;0.00;;9.25;7.80;---;RER040;RER040;;;N;;N;;;;;FX;;GNS, LLS;37.00;0.00;;;1985-09-19;4C1;;;2000-02-21
DEU000120673;;DEU;;;2.00;0.00;0.00;;6.85;0.00;---;BAA44;BAA44;Baabe;;N;;N;N;N;;;GO;;GNS, LLS;36.00;0.00;Metal;;2022-12-01;MFL;2022-01-01;;
DEU000130300;211232850;DEU;;;148.00;140.07;0.00;;31.02;27.98;ORTEGAL DOS;NC327;NC327;Cuxhaven;;Y;DFQF;Y;Y;Y;7420156;;GO;;GNS, GNC;422.00;140.00;Metal;;1974-12-12;MFL;1974-01-01;;
DEU000130400;;DEU;;;226.00;179.75;0.00;;28.12;24.00;BREMERHAVEN;BX772;BX772;;;Y;DEUB;N;;;;;FX;;OTB, OTM;600.00;0.00;;;1984-01-13;G17;;;
DEU000130500;;DEU;;;0.00;85.36;0.00;;25.70;23.13;ANNELIES;HF442;HF442;;;Y;DABJ;N;;;;;FX;;OTB, PTB;294.00;0.00;;;1948-02-28;G16;;;1993-11-04
DEU000130601;;DEU;;;0.00;3169.19;0.00;;101.88;95.20;EDUARD CLAUDIUS;ROS334;ROS334;;;Y;Y4CD;N;;;;;FX;;OTB, OTM;2856.00;2331.00;;;1978-10-20;1;;1991-12-31;
DEU000130602;;DEU;;;31.00;27.59;0.00;;14.62;13.48;MOEWE;SAS32;SAS32;;;Y;Y4MD;N;;;;;FX;;OTB, PTB;59.00;0.00;;;1936-03-08;G16;;;1995-05-31
DEU000130603;;DEU;;;0.00;38.41;0.00;;17.60;0.00;UECKERMUENDE;WAR48;WAR48;;;Y;Y4TG;N;;;;;FX;;OTB, PTB;110.00;0.00;;;1950-01-01;4;;;1991-02-01
DEU000130605;;DEU;;;12.00;10.60;0.00;;12.10;10.60;---;STR06;STR06;;;N;;N;;;;;FX;;GNS, NK;37.00;0.00;;;1945-04-18;4C2;;1998-02-24;
DEU000130606;;DEU;;;0.00;38.41;0.00;;17.80;0.00;WOLGAST;KAR34;KAR34;;;Y;Y4KK;N;;;;;FX;;PTB, OTB;110.00;6.00;;;1951-05-17;4;;;1990-11-01
DEU000130607;;DEU;;;3.00;0.00;0.00;;7.20;7.00;---;NRE06;NRE06;"Lauterbach"", Rügen";;N;;N;N;N;;;GO;;GNS, LLS;0.00;0.00;Wood;;1980-10-24;MFL;1980-01-01;;2023-01-19
DEU000130608;;DEU;;;5.00;7.00;0.00;;9.20;8.80;---;WIE28;WIE28;;;N;;N;;;;;FX;;GNS, LLS;46.00;0.00;Metal;;1984-07-11;MFL;1984-01-01;;2008-02-01
DEU000130609;;DEU;;;0.00;2.98;0.00;;6.50;0.00;---;UEK12;UEK12;;;N;;N;;;;;FX;;GNS, NK;6.00;0.00;;;1938-07-11;C19;;1992-06-01;
DEU000130612;;DEU;;;9.00;13.83;0.00;;11.00;10.40;HEIMAT;THI28;THI28;;;N;;N;;;;;FX;;GNS, LLS;35.00;0.00;Wood;;1966-01-24;MFL;1966-01-01;;2004-10-19
DEU000130613;;DEU;;;0.00;0.90;0.00;;3.70;0.00;---;BRE10;BRE10;;;N;;N;;;;;FX;;GNS, NO;0.00;0.00;;;1975-09-27;C19;;;1992-11-17
DEU000130614;;DEU;;;17.00;13.62;0.00;;13.88;12.68;NEPTUN;FRE26;FRE26;;;Y;Y4VP;N;;;;;FX;;GNS, OTB;147.00;0.00;Wood;;1920-06-17;MFL;1920-01-01;;2011-10-17
DEU000130615;;DEU;;;3.00;5.13;0.00;;7.14;6.94;CONNY;BAR6;BAR6;;;N;;N;;;;;FX;;GNS, LLS;37.00;0.00;;;1967-08-24;4C1;;;2000-12-13
DEU000130616;;DEU;;;2.00;3.30;0.00;;8.12;7.76;---;ANK3;ANK3;;;N;;N;;;;;FX;;GNS, FPO;12.00;0.00;Metal;;1960-03-02;MFL;1960-01-01;;2009-07-27
DEU000130617;;DEU;;;0.00;2.99;0.00;;6.50;0.00;---;VIT006;VIT006;;;N;;N;;;;;FX;;GNS, NO;5.00;0.00;;;1949-05-19;C19;;;1994-10-10
DEU000130618;;DEU;;;1.00;0.00;0.00;;6.20;0.00;---;AHL006N;AHL006N;;;N;;N;;;;;FX;;GNS, LLS;6.00;0.00;Wood;;1982-12-12;MFL;1982-01-01;;2007-02-20
DEU000130619;;DEU;;;2.00;3.19;0.00;;6.70;6.54;---;BAN017;BAN017;;;N;;N;;;;;FX;;GNS, LLS;8.00;0.00;Wood;;1974-12-15;MFL;1974-01-01;;2003-04-10
DEU000130621;;DEU;;;1.00;0.00;0.00;;4.97;0.00;---;UETZ9;UETZ9;;;N;;N;N;N;;;GO;;GNS, LLS;3.00;0.00;Wood;;2003-03-17;MFL;2002-01-01;;
DEU000130622;;DEU;;;1.00;0.00;0.00;;5.75;0.00;---;KOEL4N;KOEL4N;;;N;;N;;;;;FX;;GNS, LLS;15.00;0.00;Wood;;1965-05-10;MFL;1965-01-01;;
DEU000130624;;DEU;;;1.00;0.00;0.00;;4.90;0.00;---;ZEM26;ZEM26;;;N;;N;;;;;FX;;GNS, LLS;7.00;0.00;Fiber/Plastic;;1990-04-20;MFL;1990-01-01;;
DEU000130627;;DEU;;;1.00;1.25;0.00;;4.20;0.00;---;BAA27;BAA27;;;N;;N;;;;;FX;;GNS, LLS;2.00;0.00;Wood;;1984-10-15;MFL;1984-01-01;;2006-11-22
DEU000130630;;DEU;;;15.00;0.00;0.00;;11.89;9.99;JENNIFER;KAM23;KAM23;;;Y;DBRC;N;;;;;FX;;OTB, GNS;176.00;0.00;Fiber/Plastic;;2000-08-01;MFL;1999-01-01;;
DEU000130631;;DEU;;;2.00;0.00;0.00;;7.98;7.30;---;AWA13N;AWA13N;Altwarp;;N;;N;N;N;;;GO;;GNS, FPO;15.00;0.00;Metal;;1966-04-07;MFL;1966-01-01;;
DEU000130632;;DEU;;;2.00;4.52;0.00;;8.50;8.00;---;MOEN19;MOEN19;;;N;;N;;;;;FX;;GNS, NK;7.00;0.00;;;1971-07-01;4C1;;2001-04-27;
DEU000130633;;DEU;;;1.00;0.00;0.00;;4.00;0.00;---;USE3N;USE3N;Usedom;;N;;N;N;N;;;GO;;GNS, FPO;20.00;0.00;Fiber/Plastic;;2015-02-24;MFL;1991-01-01;;
DEU000130635;;DEU;;;1.00;0.00;0.00;;4.65;0.00;---;WAT8N;WAT8N;;;N;;N;;;;;FX;;GNS, LLS;20.00;0.00;Fiber/Plastic;;2014-01-15;MFL;2013-01-01;;
DEU000130637;;DEU;;;0.00;1.77;0.00;;5.00;0.00;---;NEU006C;NEU006C;;;N;;N;;;;;FX;;GNS, NO;0.00;0.00;;;1948-05-12;C19;;;1992-11-17
DEU000130638;;DEU;;;1.00;1.10;0.00;;4.08;0.00;---;ZUD13N;ZUD13N;;;N;;N;;;;;FX;;GNS, LLS;8.00;0.00;Fiber/Plastic;;1999-03-04;MFL;1998-01-01;;
DEU000130639;;DEU;;;1.00;2.22;0.00;;5.60;0.00;---;UMM10N;UMM10N;;;N;;N;;;;;FX;;GNS, LLS;5.00;0.00;Wood;;1956-03-04;MFL;1956-01-01;;2007-04-25
DEU000130641;;DEU;;;1.00;1.20;0.00;;4.10;0.00;---;DRA1;DRA1;;;N;;N;;;;;FX;;GNS, LLS;6.00;0.00;Fiber/Plastic;;1995-08-22;MFL;1993-01-01;;2003-05-19
DEU000130642;;DEU;;;1.00;1.18;0.00;;4.10;0.00;---;KUEH5;KUEH5;;;N;;N;;;;;FX;;GNS, LLS;5.00;0.00;Wood;;1995-06-25;MFL;1975-01-01;;2004-01-30
DEU000130646;;DEU;;;1.00;1.13;0.00;;4.00;0.00;---;WUS10A;WUS10A;;;N;;N;;;;;FX;;GNS, LLS;3.00;0.00;Fiber/Plastic;;1991-12-31;MFL;1980-01-01;;2007-03-30
DEU000130647;;DEU;;;1.00;0.00;0.00;;7.50;7.00;---;DIE12;DIE12;;;N;;N;N;N;;;GO;;GNS, LLS;15.00;0.00;Fiber/Plastic;;1995-12-13;MFL;1995-01-01;;
DEU000130648;;DEU;;;1.00;0.00;0.00;;5.70;0.00;---;PRU4A;PRU4A;Born;;N;;N;N;N;;;GO;;GNS, LLS;3.00;0.00;Wood;;1960-01-01;MFL;1960-01-01;;2024-11-30
DEU000130649;;DEU;;;1.00;0.00;0.00;;4.88;0.00;---;PRE4;PRE4;Prerow;;N;;N;N;N;;;GO;;GNS, LLS;11.00;0.00;Fiber/Plastic;;1993-02-01;MFL;1992-01-01;;
DEU000130650;;DEU;;;1.00;2.54;0.00;;6.00;0.00;---;ZID14;ZID14;;;N;;N;;;;;FX;;GNS, NK;0.00;0.00;;;1968-07-11;C19;;;1996-09-25
DEU000130651;;DEU;;;0.00;6.65;0.00;;9.70;0.00;---;RER046;RER046;;;N;;N;;;;;FX;;GNS, LLS;48.00;0.00;;;1964-07-01;C19;;;1993-06-22
DEU000140300;;DEU;;;0.00;133.55;0.00;;27.56;24.05;ACHIM;NC330;NC330;;;Y;DFCO;N;;;;;FX;;OTB, OTM;375.00;0.00;;;1984-12-28;3;;;1992-09-10
DEU000140400;;DEU;;;250.00;199.10;0.00;;30.12;26.00;STOERTEBEKER;BX773;BX773;;;Y;DEUF;N;;;;;FX;;OTB, OTM;600.00;60.00;;;1984-01-24;G17;;;
DEU000140500;;DEU;;;0.00;133.83;0.00;;31.87;28.68;NIXE;HF551;HF551;;;Y;DHPN;N;;;;;FX;;OTB, PTB;368.00;0.00;;;1970-03-24;G17;;;
DEU000140601;;DEU;;;0.00;3169.19;0.00;;101.88;95.20;ARNOLD ZWEIG;ROS335;ROS335;;;Y;Y4CE;N;;;;;FX;;OTB, OTM;2856.00;2330.00;;;1978-11-20;1;;1991-12-31;
DEU000140602;;DEU;;;29.00;25.44;0.00;;15.15;13.50;NORDSTERN;SAS34;SAS34;;;Y;Y4LY;N;;;;;FX;;OTB, PTB;59.00;0.00;;;1939-09-05;G16;;;1996-05-24
DEU000140603;;DEU;;;0.00;37.24;0.00;;17.60;0.00;WITTOW;WAR49;WAR49;;;Y;Y40H;N;;;;;FX;;OTB, PTB;147.00;0.00;;;1950-01-19;4;;;1991-05-21
DEU000140605;;DEU;;;0.00;11.02;0.00;;10.63;10.12;---;STR07;STR07;;;N;;N;;;;;FX;;GNS, NK;37.00;0.00;;;1945-04-19;4;;;1992-12-07
DEU000140606;;DEU;;;0.00;38.41;0.00;;17.80;0.00;WEISSENFELS;KAR35;KAR35;;;Y;Y4KJ;N;;;;;FX;;PTB, OTB;147.00;6.00;;;1950-06-20;4;;;1991-08-22
DEU000140607;;DEU;;;4.00;0.00;0.00;;8.17;7.39;---;NRE09;NRE09;"Lauterbach"", Rügen";;N;;N;N;N;;;GO;;GNS, LLS;33.00;0.00;Metal;;1985-05-10;MFL;1985-01-01;2022-03-16;
DEU000140608;;DEU;;;0.00;5.72;0.00;;9.00;0.00;---;WIE34;WIE34;;;N;;N;;;;;FX;;GNS, LLS;29.00;0.00;;;1983-07-14;4;;;1991-07-30
DEU000140609;;DEU;;;0.00;4.52;0.00;;8.95;8.30;---;MOEN11;MOEN11;;;N;;N;;;;;FX;;GNS, NK;11.00;0.00;;;1964-05-14;4;;1995-06-23;
DEU000140612;;DEU;;;5.00;8.37;0.00;;9.30;8.30;---;THI29;THI29;;;N;;N;;;;;FX;;GNS, LLS;40.00;0.00;Wood;;1967-03-13;MFL;1967-01-01;;2004-09-29
DEU000140613;;DEU;;;0.00;0.90;0.00;;3.70;0.00;---;BRE14;BRE14;;;N;;N;;;;;FX;;GNS, NO;0.00;0.00;;;1975-05-22;C19;;;1995-12-30
DEU000140614;;DEU;;;30.00;22.21;0.00;;15.40;13.72;ORION;WAR51;WAR51;;;Y;Y4TX;N;;;;;FX;;OTB, OTM;132.00;0.00;;;1949-07-18;4C3;;;2002-04-23
DEU000140615;;DEU;;;0.00;8.87;0.00;;9.23;8.80;---;GAG28;GAG28;;;N;;N;;;;;FX;;GNS;40.00;0.00;;;1956-06-15;4;;;1994-01-02
DEU000140616;;DEU;;;2.00;3.50;0.00;;8.04;7.16;---;ANK4;ANK4;;;N;;N;;;;;FX;;GNS, LLS;9.00;0.00;;;1980-06-05;4C1;;;2002-08-12
DEU000140617;;DEU;;;1.00;0.00;0.00;;4.60;0.00;---;VIT007A;VIT007A;;;N;;N;;;;;FX;;GNS, NO;0.00;0.00;Fiber/Plastic;;1956-04-14;MFL;1956-01-01;;2005-11-14
DEU000140618;;DEU;;;2.00;5.47;0.00;;7.10;6.20;---;AHL8N;AHL8N;;;N;;N;;;;;FX;;GNS, LLS;8.00;0.00;;;1976-10-15;4C1;;;2001-03-21
DEU000140619;;DEU;;;4.00;9.45;0.00;;8.37;6.90;---;KZI10;KZI10;;;N;;N;;;;;FX;;GNS, LLS;40.00;0.00;Wood;;1990-01-10;MFL;1990-01-01;;2009-01-27
DEU000140621;;DEU;;;1.00;0.00;0.00;;4.65;0.00;---;UETZ10;UETZ10;;;N;;N;N;N;;;GO;;GNS, LLS;14.00;0.00;Fiber/Plastic;;2008-09-01;MFL;2008-01-01;;
DEU000140622;;DEU;;;0.00;2.14;0.00;;5.50;0.00;---;KOEL001;KOEL001;;;N;;N;;;;;FX;;GNS, LLS;11.00;0.00;;;1978-08-14;C19;;;1994-02-20
DEU000140624;;DEU;;;0.00;2.90;0.00;;6.40;0.00;---;ZEM17;ZEM17;;;N;;N;;;;;FX;;GNS, LLS;5.00;0.00;;;1954-03-18;4;;;1992-09-30
DEU000140627;;DEU;;;0.00;2.14;0.00;;5.50;0.00;---;BAA031;BAA031;;;N;;N;;;;;FX;;GNS, LLS;4.00;0.00;;;1983-02-20;C19;;;1993-04-05
DEU000140630;;DEU;;;1.00;0.00;0.00;;5.06;0.00;---;PRU21;PRU21;Pruchten;;N;;N;N;N;;;GO;;GNS, FPO;15.00;0.00;Fiber/Plastic;;2007-09-24;MFL;2007-01-01;;
DEU000140631;;DEU;;;3.00;0.00;0.00;;8.80;7.65;---;AWA14N;AWA14N;Altwarp;;N;;N;N;N;;;GO;;GNS, LLS;24.00;0.00;Metal;;1984-09-14;MFL;1984-01-01;;
DEU000140632;;DEU;;;0.00;5.11;0.00;;8.50;0.00;---;MOEN21;MOEN21;;;N;;N;;;;;FX;;GNS, NK;11.00;0.00;;;1963-06-11;C19;;;1994-01-02
DEU000140633;;DEU;;;1.00;0.00;0.00;;5.07;0.00;"MS """"""""Fischkiste""""""""""""";USE5N;USE5N;Usedom;;N;;N;N;N;;;GO;;GNS, LLS;29.00;0.00;Fiber/Plastic;;2017-06-01;MFL;2013-01-01;;2024-12-31
DEU000140635;;DEU;;;1.00;0.00;0.00;;6.30;0.00;---;WAT14;WAT14;;;N;;N;;;;;FX;;GNS, LLS;23.00;0.00;Fiber/Plastic;;2014-02-26;MFL;2014-01-01;;
DEU000140637;;DEU;;;0.00;7.16;0.00;;10.06;0.00;---;NEU007;NEU007;;;N;;N;;;;;FX;;GNS, NO;22.00;0.00;;;1943-08-11;4;;;1991-06-01
DEU000140638;;DEU;;;1.00;0.00;0.00;;4.08;0.00;---;ZUD14N;ZUD14N;Zudar;;N;;N;N;N;;;GO;;GNS, LLS;4.00;0.00;Fiber/Plastic;;1999-07-22;MFL;1997-01-01;;2021-05-25
DEU000140639;;DEU;;;0.00;2.54;0.00;;6.00;0.00;---;UMM11;UMM11;;;N;;N;;;;;FX;;GNS, NO;5.00;0.00;;;1951-05-23;C19;;;1992-11-17
DEU000140641;;DEU;;;1.00;2.71;0.00;;5.50;0.00;---;DRA2;DRA2;;;N;;N;;;;;FX;;GNS, LLS;8.00;0.00;;;1996-09-24;4C1;;;2000-01-10
DEU000140642;;DEU;;;3.00;0.00;0.00;;8.62;7.49;MAISCHOLLE;KUEH6;KUEH6;Kühlungsborn;;Y;DQLY;N;N;N;;;GO;;GNS, LLS;36.00;0.00;Fiber/Plastic;;1996-09-25;MFL;1996-01-01;;
DEU000140645;;DEU;;;1.00;0.00;0.00;;4.20;0.00;---;AHR014A;AHR014A;;;N;;N;;;;;FX;;GNS, LLS;3.00;0.00;Wood;;1967-03-18;MFL;1967-01-01;;
DEU000140646;;DEU;;;1.00;0.00;0.00;;6.22;5.90;---;WUS12;WUS12;Wustrow;;N;;N;N;N;;;GO;;GNS, LLS;11.00;0.00;Fiber/Plastic;;1995-06-22;MFL;1994-01-01;;
DEU000140647;;DEU;;;1.00;0.00;0.00;;7.80;0.00;---;DIE13;DIE13;;;N;;N;;;;;FX;;GNS, LLS;11.00;0.00;Fiber/Plastic;;1999-07-14;MFL;1999-01-01;;
DEU000140648;;DEU;;;0.00;5.72;0.00;;9.00;0.00;---;BOR14;BOR14;;;N;;N;;;;;FX;;GNS, NO;21.00;0.00;;;1952-06-18;C19;;;1994-08-14
DEU000140649;;DEU;;;1.00;0.00;0.00;;5.00;0.00;---;PRE7;PRE7;Prerow;;N;;N;N;N;;;GO;;GNS, LLS;22.00;0.00;Fiber/Plastic;;1994-05-04;MFL;1994-01-01;;
DEU000140650;;DEU;;;1.00;0.00;0.00;;5.70;0.00;---;ZID17;ZID17;;;N;;N;;;;;FX;;GNS, LLS;3.00;0.00;Wood;;1980-06-17;MFL;1980-01-01;;2006-12-29
DEU000140651;;DEU;;;0.00;4.42;0.00;;8.00;0.00;---;RER025;RER025;;;N;;N;;;;;FX;;GNS, LLS;9.00;0.00;;;1950-05-17;4;;;1990-11-16
DEU000140673;;DEU;;;1.00;0.00;0.00;;5.60;0.00;---;BAA46;BAA46;Baabe;;N;;N;N;N;;;GO;;GNS, FPO;37.00;0.00;Fiber/Plastic;;2025-02-10;MFL;2010-01-01;;
DEU000150300;;DEU;;;359.00;249.89;0.00;;32.95;27.00;ELKE M.;NC333;NC333;;;Y;DFOE;Y;;;;;FX;;OTB, OTM;784.00;0.00;Metal;;1987-06-26;MFL;1987-01-01;;2004-06-10
DEU000150400;;DEU;;;296.00;199.41;0.00;;30.71;26.25;HARENGUS;NC311;NC311;;;Y;DFDE;N;;;8716942;;FX;;OTB, OTM;700.00;0.00;Metal;;1988-06-30;4C3;1988-01-01;;
DEU000150500;;DEU;;;38.00;36.91;0.00;;17.26;15.53;MARGRIT;HF562;HF562;;;Y;DNIM;N;;;;;FX;;OTB, NK;165.00;0.00;Metal;;1973-05-24;MFL;1973-01-01;;2003-04-07
DEU000150601;;DEU;;;0.00;3222.89;0.00;;101.88;95.20;HANS MARCHWITZA;ROS336;ROS336;;;Y;Y4CF;N;;;;;FX;;OTB, OTM;2856.00;2331.00;;;1982-08-02;1;;;
DEU000150602;;DEU;;;23.00;18.84;0.00;;14.27;12.91;POMMERN;SAS39;SAS39;;;Y;Y4LV;N;;;;;FX;;OTB, PTB;120.00;0.00;Wood;;1940-06-18;MFL;1940-01-01;;2005-04-06
DEU000150603;;DEU;;;0.00;61.00;0.00;;21.00;0.00;ALTERSTROM;WAR50;WAR50;;;Y;Y40F;N;;;;;FX;;OTB, PTB;111.00;0.00;;;1950-03-15;G16;;;1992-01-15
DEU000150605;;DEU;;;0.00;10.85;0.00;;11.92;10.49;---;STR08;STR08;;;N;;N;;;;;FX;;GNS, NK;37.00;0.00;;;1932-06-23;4;;;1993-11-16
DEU000150606;;DEU;;;41.00;38.41;0.00;;17.80;15.94;RÃDE ORM;WAR58;WAR58;;;Y;Y4KP;Y;;;;;FX;;OTB, GNS;220.00;13.00;Wood;;1950-09-11;MFL;1950-01-01;;2015-01-13
DEU000150607;;DEU;;;0.00;2.46;0.00;;5.90;0.00;---;NRE13;NRE13;;;N;;N;;;;;FX;;GNS;6.00;0.00;;;1973-05-10;C19;;;1994-11-14
DEU000150608;;DEU;;;0.00;5.72;0.00;;9.00;0.00;---;WIE35;WIE35;;;N;;N;;;;;FX;;GNS, LLS;29.00;0.00;;;1985-07-19;C19;;;1995-06-20
DEU000150609;;DEU;;;3.00;4.99;0.00;;9.45;8.80;---;UEK26;UEK26;;;N;;N;;;;;FX;;GNS, NK;37.00;0.00;;;1983-07-17;4C1;;;2002-08-12
DEU000150612;;DEU;;;0.00;5.11;0.00;;8.50;0.00;---;THI031;THI031;;;N;;N;;;;;FX;;GNS;18.00;0.00;;;1954-04-17;4;;;1991-07-09
DEU000150613;;DEU;;;0.00;1.43;0.00;;4.50;0.00;---;BRE15;BRE15;;;N;;N;;;;;FX;;GNS, NO;0.00;0.00;;;1962-07-16;C19;;;1992-11-17
DEU000150614;;DEU;;;30.00;37.23;0.00;;15.82;14.55;SEEADLER;FRE28;FRE28;;;Y;Y4TZ;N;;;;;FX;;OTB, OTM;88.00;0.00;Wood;;1951-06-18;MFL;1951-01-01;;2004-04-13
DEU000150615;;DEU;;;0.00;3.87;0.00;;7.40;0.00;---;GAG029;GAG029;;;N;;N;;;;;FX;;GNS, NO;22.00;0.00;;;1988-06-30;4;;;1991-07-18
DEU000150616;;DEU;;;2.00;0.00;0.00;;8.05;0.00;---;LAS24;LAS24;;;N;;N;;;;;FX;;GNS, FPO;21.00;0.00;Metal;;1987-06-03;MFL;1987-01-01;;2007-03-08
DEU000150617;;DEU;;;0.00;0.90;0.00;;3.70;0.00;---;VIT008A;VIT008A;;;N;;N;;;;;FX;;GNS, NO;0.00;0.00;;;1974-04-14;C19;;;1992-11-17
DEU000150618;;DEU;;;0.00;4.99;0.00;;8.40;0.00;---;AHL010;AHL010;;;N;;N;;;;;FX;;GNS, LLS;44.00;0.00;;;1967-03-19;C19;;;1993-02-11
DEU000150619;;DEU;;;1.00;0.00;0.00;;6.30;0.00;---;BAN26;BAN26;;;N;;N;;;;;FX;;GNS, LLS;5.00;0.00;Wood;;1981-09-14;MFL;1981-01-01;;2010-10-08
DEU000150621;;DEU;;;1.00;0.00;0.00;;4.22;0.00;---;UETZ13N;UETZ13N;;;N;;N;;;;;FX;;GNS, FPO;20.00;0.00;Fiber/Plastic;;2015-04-16;MFL;2005-01-01;;2017-02-15
DEU000150622;;DEU;;;1.00;1.91;0.00;;5.20;0.00;---;KOEL03;KOEL03;;;N;;N;;;;;FX;;GNS, LLS;5.00;0.00;Wood;;1955-03-17;MFL;1955-01-01;;2003-06-23
DEU000150624;;DEU;;;1.00;1.77;0.00;;3.96;0.00;---;ZEM14;ZEM14;;;N;;N;;;;;FX;;GNS, LLS;3.00;0.00;;;1970-02-18;C19;;;1996-09-24
DEU000150627;;DEU;;;1.00;2.00;0.00;;5.00;0.00;---;BAA04;BAA04;;;N;;N;;;;;FX;;GNS, NO;0.00;0.00;Wood;;1994-01-01;MFL;1989-01-01;;2005-01-14
DEU000150630;;DEU;;;3.00;0.00;0.00;;7.98;0.00;---;BAA39;BAA39;Baabe;;N;;N;N;N;;;GO;;GNS, LLS;36.00;0.00;Metal;;2010-08-03;MFL;1992-01-01;;2022-12-01
DEU000150631;;DEU;;;2.00;0.00;0.00;;7.93;7.10;---;AWA15;AWA15;;;N;;N;;;;;FX;;GNS, LLS;22.00;0.00;Metal;;1990-02-17;MFL;1990-01-01;;
DEU000150632;;DEU;;;4.00;6.51;0.00;;9.60;9.02;---;MOEN1A;MOEN1A;;;N;;N;;;;;FX;;GNS, LLS;58.00;0.00;Metal;;1990-03-17;MFL;1990-01-01;;
DEU000150633;;DEU;;;1.00;0.00;0.00;;4.65;0.00;"MS """"""""Seekiste""""""""""""";USE6;USE6;Usedom;;N;;N;N;N;;;GO;;GNS, FPO;37.00;0.00;Fiber/Plastic;;2017-06-01;MFL;1997-01-01;;
DEU000150635;;DEU;;;2.00;0.00;0.00;;7.98;0.00;---;WAT15;WAT15;Rankwitz;;N;;N;N;N;;;GO;;GNS, FPO;27.00;0.00;Fiber/Plastic;;2021-04-01;MFL;2021-01-01;;
DEU000150637;;DEU;;;0.00;2.38;0.00;;5.80;0.00;---;NEU007B;NEU007B;;;N;;N;;;;;FX;;GNS, NO;0.00;0.00;;;1950-07-11;C19;;;1992-11-17
DEU000150638;;DEU;;;1.00;0.00;0.00;;4.24;0.00;TONI;GLE3N;GLE3N;;;N;;N;;;;;FX;;GNS, LLS;4.00;0.00;Fiber/Plastic;;2000-12-27;MFL;1985-01-01;;
DEU000150639;;DEU;;;1.00;1.19;0.00;;4.00;0.00;---;UMM14N;UMM14N;;;N;;N;;;;;FX;;GNS, LLS;11.00;0.00;Fiber/Plastic;;1989-08-07;MFL;1989-01-01;;2009-03-06
DEU000150641;;DEU;;;1.00;1.33;0.00;;4.35;0.00;---;DRA3;DRA3;;;N;;N;;;;;FX;;GNS, LLS;11.00;0.00;Fiber/Plastic;;1996-09-24;MFL;1996-01-01;;2009-12-04
DEU000150642;;DEU;;;1.00;1.68;0.00;;4.88;0.00;---;KUEH19;KUEH19;;;N;;N;;;;;FX;;GNS, LLS;11.00;0.00;;;1996-11-22;4C1;;;2002-10-02
DEU000150645;;DEU;;;3.00;0.00;0.00;;8.60;0.00;---;AHR014;AHR014;;;N;;N;;;;;FX;;GNS, NO;16.00;0.00;Wood;;1970-10-11;MFL;1970-01-01;;
DEU000150646;;DEU;;;1.00;3.26;0.00;;6.35;5.60;---;RIB31;RIB31;;;N;;N;;;;;FX;;GNS, LLS;12.00;0.00;;;1990-05-29;4C1;;;1998-10-31
DEU000150647;;DEU;;;1.00;0.00;0.00;;7.80;0.00;---;DIE14;DIE14;;;N;;N;;;;;FX;;GNS, LLS;11.00;0.00;Fiber/Plastic;;1999-07-14;MFL;1999-01-01;;
DEU000150648;;DEU;;;1.00;2.25;0.00;;5.68;0.00;---;BOR15;BOR15;;;N;;N;;;;;FX;;GNS, LLS;4.00;0.00;Wood;;1958-07-11;MFL;1958-01-01;;2003-09-27
DEU000150649;;DEU;;;1.00;0.00;0.00;;4.40;0.00;---;PRE8;PRE8;Prerow;;N;;N;N;N;;;GO;;GNS, LLS;22.00;0.00;Fiber/Plastic;;1996-04-12;MFL;1996-01-01;;2023-06-30
DEU000150650;;DEU;;;1.00;0.00;0.00;;5.48;0.00;---;BOD4;BOD4;Barth;;N;;N;N;N;;;GO;;GNS, FPO;7.00;0.00;Wood;;1975-04-12;MFL;1975-01-01;;
DEU000150651;;DEU;;;0.00;2.14;0.00;;5.50;0.00;---;RER028;RER028;;;N;;N;;;;;FX;;GNS, LLS;3.00;0.00;;;1948-11-07;4;;1991-05-06;
DEU000150673;;DEU;;;1.00;0.00;0.00;;5.50;0.00;---;BAA47;BAA47;Baabe;;N;;N;N;N;;;GO;;GNS, FPO;36.00;0.00;Fiber/Plastic;;2025-03-17;MFL;1991-01-01;;
DEU000160300;;DEU;;;33.00;0.00;0.00;;15.87;15.05;RAMONA;CUX9;CUX9;Cuxhaven;;Y;DFNZ;Y;Y;Y;;;TU;;TBB, OTB;146.00;0.00;Wood;;1961-09-26;MFL;1961-01-01;2021-10-05;
DEU000160500;;DEU;;;0.00;71.29;0.00;;24.10;21.69;WESTBANK;HF540;HF540;;;Y;DETS;N;;;;;FX;;OTB, PTB;221.00;0.00;;;1962-07-30;4;;;1990-04-06
DEU000160601;;DEU;;;4006.00;3222.89;0.00;;101.88;94.08;HERCULES;ROS337;ROS337;;;Y;DQEM;N;;;;;FX;;OTM, OTB;2856.00;2331.00;;;1982-09-12;G19;;;1996-06-12
DEU000160602;;DEU;;;0.00;28.83;0.00;;16.26;0.00;SASSNITZ;SAS58;SAS58;;;Y;Y4LW;N;;;;;FX;;OTB, PTB;59.00;0.00;;;1938-09-01;4;;1991-04-09;
DEU000160603;;DEU;;;41.00;39.78;0.00;;18.43;16.01;ANDREA;WAR53;WAR53;;;Y;Y4OU;N;;;;;FX;;OTB, GNS;147.00;0.00;Metal;;1955-05-30;MFL;1955-01-01;;2003-11-05
DEU000160605;;DEU;;;0.00;69.00;0.00;;21.00;19.62;MECKLENBURG;STR174;STR174;;;Y;Y4NE;N;;;;;FX;;OTB, PTB;147.00;5.00;;;1946-05-05;G16;;;1992-06-24
DEU000160606;;DEU;;;0.00;38.41;0.00;;17.80;0.00;PREROW;KAR37;KAR37;;;Y;Y4KI;N;;;;;FX;;PTB, OTB;147.00;6.00;;;1950-07-20;4;;;1995-11-07
DEU000160608;;DEU;;;0.00;5.72;0.00;;9.00;0.00;---;WIE36;WIE36;;;N;;N;;;;;FX;;GNS, LLS;29.00;0.00;;;1986-03-22;C19;;;1992-08-12
DEU000160609;;DEU;;;3.00;3.77;0.00;;7.92;0.00;---;WOG4N;WOG4N;;;N;;N;;;;;FX;;GNS, LLS;9.00;0.00;Metal;;1965-05-27;MFL;1965-01-01;;
DEU000160612;;DEU;;;0.00;2.90;0.00;;6.40;0.00;---;THI33;THI33;;;N;;N;;;;;FX;;GNS;9.00;0.00;;;1959-11-24;C19;;;1993-11-16
DEU000160613;;DEU;;;0.00;1.31;0.00;;4.30;0.00;---;BRE21;BRE21;;;N;;N;;;;;FX;;GNS, NO;0.00;0.00;;;1950-07-29;C19;;;1995-12-28
DEU000160614;;DEU;;;0.00;26.19;0.00;;15.85;0.00;VORWAERTS;FRE29;FRE29;;;Y;Y4VI;N;;;;;FX;;GNS, OTB;59.00;0.00;;;1946-06-27;4;;;1990-12-01
DEU000160615;;DEU;;;0.00;6.24;0.00;;9.40;0.00;---;GAG030;GAG030;;;N;;N;;;;;FX;;GNS, NO;45.00;0.00;;;1977-11-14;4;;;1991-07-18
DEU000160616;;DEU;;;0.00;2.90;0.00;;7.78;6.94;---;LAS26;LAS26;;;N;;N;;;;;FX;;GNS, NK;6.00;0.00;;;1960-05-14;C19;;;1994-06-06
DEU000160617;;DEU;;;1.00;0.00;0.00;;3.75;0.00;---;VIT86N;VIT86N;Vitte;;N;;N;N;N;;;GO;;FPO, NO;0.00;0.00;Wood;;1976-02-17;MFL;1976-01-01;;
DEU000160618;;DEU;;;1.00;0.00;0.00;;6.00;0.00;---;AHL011N;AHL011N;;;N;;N;N;N;;;GO;;GNS, LLS;4.00;0.00;Wood;;1974-04-05;MFL;1974-01-01;;2018-05-31
DEU000160619;;DEU;;;1.00;2.14;0.00;;5.50;0.00;---;BAN016;BAN016;;;N;;N;;;;;FX;;GNS, LLS;5.00;0.00;;;1970-03-25;4C1;;;1999-06-07
DEU000160621;;DEU;;;1.00;0.00;0.00;;5.20;0.00;---;AWA12N;AWA12N;Altwarp;;N;;N;N;N;;;GO;;GNS, FPO;30.00;0.00;Fiber/Plastic;;2017-05-01;MFL;1995-01-01;;2022-12-31
DEU000160622;;DEU;;;1.00;1.30;0.00;;4.20;0.00;---;KOEL11;KOEL11;;;N;;N;;;;;FX;;GNS, NK;5.00;0.00;Wood;;1979-04-10;MFL;1979-01-01;;2003-02-10
DEU000160624;;DEU;;;1.00;2.91;0.00;;7.32;0.00;---;ZEM04;ZEM04;;;N;;N;;;;;FX;;GNS, LLS;5.00;0.00;;;1965-04-28;C19;;1995-06-21;
DEU000160627;;DEU;;;1.00;1.80;0.00;;4.50;0.00;---;LOB06;LOB06;;;N;;N;;;;;FX;;GNS, NO;0.00;0.00;;;1994-07-01;4C1;;;2001-12-01
DEU000160630;;DEU;;;1.00;0.00;0.00;;4.98;0.00;---;KAM6;KAM6;;;N;;N;;;;;FX;;GNS, FPO;36.00;0.00;Fiber/Plastic;;2015-02-23;MFL;1996-01-01;;2015-12-31
DEU000160631;;DEU;;;0.00;3.46;0.00;;7.00;0.00;---;AWA17;AWA17;;;N;;N;;;;;FX;;GNS, NK;6.00;0.00;;;1950-06-14;C19;;1992-06-01;
DEU000160632;;DEU;;;4.00;0.00;0.00;;9.00;0.00;---;MOEN17N;MOEN17N;Moenkebude;;N;;N;N;N;;;GO;;GNS, LLS;25.00;0.00;Metal;;1994-01-01;MFL;1991-01-01;;2023-10-01
DEU000160635;;DEU;;;1.00;0.00;0.00;;5.20;0.00;---;RAN10N;RAN10N;Rankwitz;;N;;N;N;N;;;GO;;GNS, FPO;18.00;0.00;Fiber/Plastic;;2021-05-15;MFL;1997-01-01;;
DEU000160637;;DEU;;;0.00;1.77;0.00;;5.00;0.00;---;NEU008;NEU008;;;N;;N;;;;;FX;;GNS, NO;2.00;0.00;;;1950-05-14;C19;;;1993-07-01
DEU000160638;;DEU;;;1.00;0.00;0.00;;4.26;0.00;ROSI;ZUD3N;ZUD3N;;;N;;N;;;;;FX;;GNS, LLS;3.00;0.00;Fiber/Plastic;;2002-02-20;MFL;1993-01-01;;2008-12-05
DEU000160639;;DEU;;;0.00;1.13;0.00;;4.00;0.00;---;UMM15;UMM15;;;N;;N;;;;;FX;;GNS, NO;0.00;0.00;;;1989-08-10;C19;;;1992-11-17
DEU000160641;;DEU;;;1.00;0.00;0.00;;5.06;0.00;---;BRE58N;BRE58N;;;N;;N;;;;;FX;;GNS, LLS;11.00;0.00;Fiber/Plastic;;2000-05-10;MFL;2000-01-01;;2011-02-04
DEU000160642;;DEU;;;1.00;0.00;0.00;;4.55;0.00;---;AHR20N;AHR20N;Ribnitz-Damgarten;;N;;N;N;N;;;GO;;GNS, LLS;7.00;0.00;Fiber/Plastic;;1997-04-13;MFL;1996-01-01;;
DEU000160645;;DEU;;;0.00;1.77;0.00;;5.00;0.00;---;RIB30;RIB30;;;N;;N;;;;;FX;;GNS, LLS;8.00;0.00;;;1973-04-14;C19;;1992-08-01;
DEU000160646;;DEU;;;1.00;1.13;0.00;;4.00;0.00;---;BAR11N;BAR11N;Barth;;N;;N;N;N;;;GO;;GNS, LLS;8.00;0.00;Fiber/Plastic;;1996-12-02;MFL;1996-01-01;;
DEU000160647;;DEU;;;1.00;0.00;0.00;;4.65;0.00;---;DIE15N;DIE15N;;;N;;N;N;N;;;GO;;GNS, LLS;7.00;0.00;Fiber/Plastic;;2005-10-17;MFL;1990-01-01;;2018-01-23
DEU000160648;;DEU;;;1.00;2.25;0.00;;5.68;0.00;---;BOR16;BOR16;;;N;;N;;;;;FX;;GNS, LLS;0.00;0.00;Wood;;1980-06-14;MFL;1980-01-01;;2004-04-20
DEU000160649;;DEU;;;1.00;0.00;0.00;;4.40;0.00;---;PRE9;PRE9;Prerow;;N;;N;N;N;;;GO;;GNS, LLS;4.00;0.00;Fiber/Plastic;;1996-04-12;MFL;1996-01-01;;2021-02-01
DEU000160650;;DEU;;;0.00;2.14;0.00;;5.50;0.00;---;ZID10;ZID10;;;N;;N;;;;;FX;;GNS, NK;3.00;0.00;;;1981-06-14;C19;;;1994-01-05
DEU000160651;;DEU;;;0.00;3.00;0.00;;6.50;0.00;---;RER029;RER029;;;N;;N;;;;;FX;;GNS, LLS;6.00;0.00;;;1968-05-15;C19;;;1995-06-26
DEU000170300;211519070;DEU;;;18.00;0.00;0.00;;11.66;9.79;FRIESLAND;DAN1;DAN1;Dangast;;Y;DFNB;N;N;N;;;TU;;TBB, OTB;169.00;0.00;Metal;;1986-08-18;MFL;1986-01-01;;
DEU000170500;;DEU;;;0.00;123.12;0.00;;28.74;25.87;GODENWIND;HF560;HF560;;;Y;DHHG;N;;;;;FX;;OTB, PTB;456.00;0.00;;;1971-08-09;G17;;;1993-11-04
DEU000170601;;DEU;;;0.00;3222.89;0.00;;101.88;95.20;BRUNO APITZ;ROS338;ROS338;;;Y;Y4CH;N;;;;;FX;;OTB, OTM;2856.00;2331.00;;;1982-10-19;1;;;
DEU000170602;;DEU;;;0.00;22.17;0.00;;14.67;0.00;TRAUTE;SAS59;SAS59;;;Y;Y4LZ;N;;;;;FX;;OTB, PTB;59.00;0.00;;;1939-01-17;G16;;1993-12-28;
DEU000170603;;DEU;;;0.00;37.84;0.00;;17.80;0.00;STRALSUND;WAR54;WAR54;;;Y;Y40G;N;;;;;FX;;OTB, PTB;110.00;0.00;;;1950-01-01;4;;;1990-11-01
DEU000170605;;DEU;;;0.00;63.00;0.00;;21.00;19.62;SACHSEN;STR175;STR175;;;Y;Y4NF;N;;;;;FX;;OTB, PTB;147.00;5.00;;;1947-03-17;4;;;1991-06-17
DEU000170606;;DEU;;;0.00;38.41;0.00;;17.80;0.00;EISENACH;KAR38;KAR38;;;Y;Y4KR;N;;;;;FX;;PTB, OTB;147.00;6.00;;;1950-11-03;4;;;1994-07-25
DEU000170607;;DEU;;;4.00;0.00;0.00;;7.66;7.36;---;SEE04N;SEE04N;"Lauterbach"", Rügen";;N;;N;N;N;;;GO;;GNS, LLS;42.00;0.00;Wood;;1955-06-23;MFL;1955-01-01;;2023-11-13
DEU000170608;;DEU;;;10.00;13.60;0.00;;10.42;8.60;KEHRWIEDER;LUB1;LUB1;;;N;;N;;;;;FX;;GNS, LLS;37.00;0.00;;;1955-04-11;4C1;;;2001-02-05
DEU000170609;;DEU;;;2.00;4.52;0.00;;8.80;8.20;---;UEK29;UEK29;;;N;;N;;;;;FX;;GNS, NK;11.00;0.00;Wood;;1983-06-14;MFL;1983-01-01;;
DEU000170612;;DEU;;;0.00;1.67;0.00;;4.85;0.00;---;THI034;THI034;;;N;;N;;;;;FX;;GNS;2.00;0.00;;;1950-05-14;C19;;;1993-04-15
DEU000170613;;DEU;;;0.00;1.13;0.00;;4.00;0.00;---;BRE23;BRE23;;;N;;N;;;;;FX;;GNS, NO;0.00;0.00;;;1921-06-14;C19;;;1992-11-17
DEU000170614;;DEU;;;18.00;17.07;0.00;;12.68;11.70;THIESSOW;FRE30;FRE30;;;Y;Y4VE;N;;;;;FX;;GNS, OTB;147.00;0.00;Wood;;1957-07-19;MFL;1957-01-01;;2011-02-16
DEU000170615;;DEU;;;1.00;1.77;0.00;;5.21;0.00;---;TAR1;TAR1;;;N;;N;;;;;FX;;GNS, LLS;6.00;0.00;Wood;;1968-06-17;MFL;1968-01-01;;2003-05-20
DEU000170616;;DEU;;;2.00;0.00;0.00;;7.80;6.90;---;LAS28N;LAS28N;;;N;;N;N;N;;;GO;;GNS, FPO;6.00;0.00;Metal;;1960-04-14;MFL;1960-01-01;;2023-06-01
DEU000170617;;DEU;;;1.00;1.13;0.00;;4.00;0.00;---;VIT010B;VIT010B;;;N;;N;;;;;FX;;GNS, NO;7.00;0.00;Wood;;1946-07-23;MFL;1946-01-01;;2007-11-06
DEU000170618;;DEU;;;2.00;0.00;0.00;;7.00;6.76;---;AHL12;AHL12;;;N;;N;;;;;FX;;GNS, LLS;24.00;0.00;Wood;;1983-02-25;MFL;1983-01-01;;2016-06-01
DEU000170619;;DEU;;;0.00;8.86;0.00;;8.40;6.80;---;BAN020;BAN020;;;N;;N;;;;;FX;;GNS, LLS;36.00;0.00;;;1965-06-13;4;;;1994-03-08
DEU000170622;;DEU;;;1.00;0.00;0.00;;5.06;0.00;---;KOEL1N;KOEL1N;Koelpinsee;;N;;N;N;N;;;GO;;GNS, FPO;12.00;0.00;Fiber/Plastic;;2005-08-18;MFL;2005-01-01;;
DEU000170624;;DEU;;;1.00;2.66;0.00;;7.05;6.00;---;ZEM1;ZEM1;;;N;;N;;;;;FX;;GNS, LLS;13.00;0.00;;;1995-06-23;4C1;;;2001-11-12
DEU000170627;;DEU;;;1.00;2.00;0.00;;4.90;0.00;---;LOB09;LOB09;;;N;;N;;;;;FX;;GNS, NO;0.00;0.00;;;1994-07-01;C19;;;1994-11-21
DEU000170630;;DEU;;;4.00;0.00;0.00;;7.80;0.00;---;KAM26;KAM26;Kamminke;;N;;N;N;N;;;GO;;GNS, LLS;37.00;0.00;Fiber/Plastic;;2015-07-27;MFL;1979-01-01;2022-03-15;
DEU000170631;;DEU;;;2.00;3.77;0.00;;8.00;7.20;---;AWA19;AWA19;;;N;;N;;;;;FX;;GNS, FPO;9.00;0.00;Metal;;1954-09-15;MFL;1954-01-01;;2010-11-05
DEU000170632;;DEU;;;2.00;3.95;0.00;;7.65;7.10;---;MOEN12;MOEN12;;;N;;N;;;;;FX;;GNS, LLS;13.00;0.00;Metal;;1995-06-21;MFL;1994-01-01;;2004-04-14
DEU000170635;;DEU;;;1.00;0.00;0.00;;4.75;0.00;---;WAT16;WAT16;Rankwitz;;N;;N;N;N;;;GO;;GNS, FPO;15.00;0.00;Fiber/Plastic;;2021-09-01;MFL;2021-01-01;;
DEU000170637;;DEU;;;0.00;1.43;0.00;;4.50;0.00;---;NEU009;NEU009;;;N;;N;;;;;FX;;GNS, NO;0.00;0.00;;;1982-03-10;C19;;;1992-11-24
DEU000170638;;DEU;;;1.00;0.00;0.00;;4.62;0.00;---;ZUD15NZ;ZUD15NZ;;;N;;N;;;;;FX;;GNS, LLS;15.00;0.00;Fiber/Plastic;;2003-04-06;MFL;1994-01-01;;2006-07-26
DEU000170639;;DEU;;;1.00;1.13;0.00;;4.00;0.00;---;UMM16;UMM16;;;N;;N;;;;;FX;;GNS, NK;7.00;0.00;Fiber/Plastic;;1989-08-16;MFL;1989-01-01;;2005-03-02
DEU000170641;;DEU;;;1.00;0.00;0.00;;4.13;0.00;---;DRA11N;DRA11N;;;N;;N;;;;;FX;;GNS, LLS;4.00;0.00;Metal;;2001-03-14;MFL;2000-01-01;;2006-05-18
DEU000170642;;DEU;;;10.00;0.00;0.00;;11.27;9.99;STEFFI NAEHRING;KUEH14;KUEH14;;;N;;N;;;;;FX;;GNS, LLS;100.00;0.00;Fiber/Plastic;;1999-07-19;MFL;1999-01-01;;2017-07-31
DEU000170645;;DEU;;;0.00;2.50;0.00;;5.95;0.00;---;AHR1;AHR1;;;N;;N;;;;;FX;;GNS, NK;5.00;0.00;;;1971-03-12;C19;;;1995-08-01
DEU000170646;;DEU;;;1.00;0.00;0.00;;6.40;0.00;---;WUS15;WUS15;;;N;;N;;;;;FX;;GNS, LLS;11.00;0.00;Fiber/Plastic;;1998-05-19;MFL;1998-01-01;;
DEU000170647;;DEU;;;1.00;0.00;0.00;;4.60;0.00;---;DIE16;DIE16;;;N;;N;;;;;FX;;GNS, FPO;18.00;0.00;Fiber/Plastic;;2010-07-30;MFL;2007-01-01;;
DEU000170648;;DEU;;;1.00;1.49;0.00;;4.60;0.00;---;PRU4B;PRU4B;;;N;;N;;;;;FX;;GNS, LLS;3.00;0.00;Wood;;1985-01-01;MFL;1985-01-01;;2011-09-16
DEU000170649;;DEU;;;1.00;1.00;0.00;;4.00;0.00;---;PRE12;PRE12;;;N;;N;;;;;FX;;GNS, LLS;4.00;0.00;;;1996-08-28;4C1;;;2000-11-06
DEU000170650;;DEU;;;1.00;0.00;0.00;;4.15;0.00;DABITZER;BOD15;BOD15;;;N;;N;N;N;;;GO;;GNS, LLS;18.00;0.00;Fiber/Plastic;;1993-06-18;MFL;1992-01-01;;2018-04-01
DEU000170651;;DEU;;;1.00;2.54;0.00;;6.00;0.00;---;RER037;RER037;;;N;;N;;;;;FX;;GNS, LLS;16.00;0.00;;;1964-11-12;4C1;;;2002-03-26
DEU000180300;;DEU;;;0.00;19.60;0.00;;14.14;12.30;SEESTERN;CUX3;CUX3;Cuxhaven;;Y;DFJO;N;;;;;TUB;;TBB, OTB;130.00;0.00;Metal;;1951-03-17;C11;1936-01-01;;1994-03-28
DEU000180500;;DEU;;;0.00;35.02;0.00;;18.21;16.39;URSULA;DIT4;DIT4;Ditzum;;Y;DIFU;N;;;;;TUB;;TBB, OTB;147.00;0.00;Wood;;1971-01-28;C12;1970-01-01;;1993-02-26
DEU000180601;;DEU;;;0.00;643.64;0.00;;48.58;46.58;SUND;ROS511;ROS511;;;Y;Y4GQ;N;;;;;FX;;OTB, OTM;736.00;447.00;;;1966-07-04;1;;1991-12-31;
DEU000180602;;DEU;;;0.00;31.09;0.00;;17.60;0.00;ROBERT UHRIG;SAS69;SAS69;;;Y;Y4LF;N;;;;;FX;;OTB, PTB;59.00;0.00;;;1949-10-01;4;;1991-04-09;
DEU000180603;;DEU;;;0.00;38.41;0.00;;17.60;0.00;PASEWALK;WAR56;WAR56;;;Y;Y40K;N;;;;;FX;;OTB, PTB;115.00;0.00;;;1950-06-01;4;;;1991-05-21
DEU000180605;;DEU;;;0.00;37.00;0.00;;17.76;16.86;HIDDENSEE;STR178;STR178;;;Y;Y4NA;N;;;;;FX;;OTB, PTB;110.00;5.00;;;1950-05-16;G16;;;1992-06-24
DEU000180606;;DEU;;;41.00;38.41;0.00;;17.80;15.94;GRIMMEN;KAR39;KAR39;;;Y;Y4KN;N;;;;;FX;;PTB, OTB;147.00;6.00;;;1950-07-20;4C3;;;1999-03-12
DEU000180607;;DEU;;;1.00;0.00;0.00;;5.56;0.00;---;SEE05N;SEE05N;;;N;;N;N;N;;;GO;;GNS, LLS;6.00;0.00;Wood;;1972-06-12;MFL;1972-01-01;2018-12-10;
DEU000180608;;DEU;;;1.00;0.00;0.00;;5.50;0.00;---;LUB2N;LUB2N;Greifswald;;N;;N;N;N;;;GO;;GNS, LLS;6.00;0.00;Wood;;1972-07-14;MFL;1972-01-01;;2021-01-08
DEU000180609;;DEU;;;3.00;5.47;0.00;;8.80;0.00;---;RIT6;RIT6;;;N;;N;;;;;FX;;GNS, LLS;18.00;0.00;Metal;;1981-04-28;MFL;1981-01-01;2004-02-16;
DEU000180610;;DEU;;;0.00;3.10;0.00;;6.60;0.00;---;PRE018;PRE018;;;N;;N;;;;;FX;;GNS, NO;18.00;0.00;;;1961-03-14;C19;;;1994-02-15
DEU000180612;;DEU;;;3.00;5.33;0.00;;7.04;6.24;---;THI36;THI36;;;N;;N;;;;;FX;;GNS, LLS;14.00;0.00;Wood;;1966-02-24;MFL;1966-01-01;;2014-04-29
DEU000180613;;DEU;;;0.00;1.28;0.00;;4.25;0.00;---;BRE27;BRE27;;;N;;N;;;;;FX;;GNS, NO;0.00;0.00;;;1976-09-18;C19;;;1994-07-25
DEU000180614;;DEU;;;16.00;15.17;0.00;;11.95;11.49;BINZ;FRE31;FRE31;;;Y;Y4VJ;N;;;;;FX;;GNS, OTB;147.00;0.00;Wood;;1957-07-17;MFL;1957-01-01;;2010-10-04
DEU000180615;;DEU;;;0.00;12.52;0.00;;9.24;8.79;WIECK;GAG34;GAG34;;;N;;N;;;;;FX;;GNS;45.00;0.00;;;1979-11-24;4;;;1995-09-27
DEU000180616;;DEU;;;2.00;0.00;0.00;;7.85;7.19;---;LAS32N;LAS32N;;;N;;N;;;;;FX;;GNS, FPO;6.00;0.00;Metal;;1989-04-30;MFL;1989-01-01;;2008-07-25
DEU000180617;;DEU;;;1.00;2.80;0.00;;6.30;0.00;---;VIT012;VIT012;;;N;;N;;;;;FX;;GNS, NO;10.00;0.00;;;1990-03-14;C19;;;1996-09-25
DEU000180618;;DEU;;;0.00;3.10;0.00;;6.60;0.00;---;AHL014;AHL014;;;N;;N;;;;;FX;;GNS, LLS;4.00;0.00;;;1970-12-15;C19;;;1992-09-23
DEU000180619;;DEU;;;0.00;9.50;0.00;;8.97;7.95;---;BAN023;BAN023;;;N;;N;;;;;FX;;GNS, LLS;44.00;0.00;;;1967-05-14;C19;;;1995-06-23
DEU000180622;;DEU;;;1.00;0.00;0.00;;4.80;0.00;---;KOEL12N;KOEL12N;;;N;;N;N;N;;;GO;;GNS, LLS;15.00;0.00;Fiber/Plastic;;2019-12-01;MFL;1997-01-01;;
DEU000180624;;DEU;;;2.00;4.00;0.00;;7.30;0.00;---;ZEM7N;ZEM7N;;;N;;N;;;;;FX;;GNS, LLS;19.00;0.00;Wood;;1996-04-29;MFL;1996-01-01;;2014-07-17
DEU000180627;;DEU;;;1.00;2.00;0.00;;4.90;0.00;---;LOB03;LOB03;;;N;;N;;;;;FX;;GNS, NO;0.00;0.00;;;1994-02-15;C19;;;1994-11-21
DEU000180631;;DEU;;;3.00;0.00;0.00;;7.97;7.40;---;AWA20;AWA20;Altwarp;;N;;N;N;N;;;GO;;GNS, LLS;9.00;0.00;Wood;;1967-07-02;MFL;1967-01-01;;2022-09-01
DEU000180632;;DEU;;;3.00;0.00;0.00;;8.50;0.00;---;AWA43;AWA43;;;N;;N;;;;;FX;;GNS, LLS;29.00;0.00;Metal;;2000-04-14;MFL;2000-01-01;;
DEU000180635;;DEU;;;1.00;0.00;0.00;;5.50;0.00;---;RAN12;RAN12;Rankwitz;;N;;N;N;N;;;GO;;GNS, FPO;19.00;0.00;Fiber/Plastic;;2023-09-01;MFL;2019-01-01;;
DEU000180637;;DEU;;;1.00;2.80;0.00;;6.30;0.00;---;NEU010;NEU010;;;N;;N;;;;;FX;;GNS, NO;4.00;0.00;;;1984-03-11;4C1;;;1997-08-21
DEU000180638;;DEU;;;1.00;0.00;0.00;;4.08;0.00;---;ZUD16N;ZUD16N;;;N;;N;;;;;FX;;GNS, LLS;4.00;0.00;Fiber/Plastic;;2004-06-04;MFL;1998-01-01;;
DEU000180639;;DEU;;;1.00;2.14;0.00;;5.50;0.00;---;UMM51N;UMM51N;;;N;;N;;;;;FX;;GNS, LLS;4.00;0.00;Wood;;1991-12-31;MFL;1978-01-01;;
DEU000180641;;DEU;;;1.00;0.00;0.00;;6.03;0.00;---;DRA12Z;DRA12Z;;;N;;N;;;;;FX;;GNS, LLS;7.00;0.00;Fiber/Plastic;;2001-11-06;MFL;2001-01-01;;2006-05-18
DEU000180642;;DEU;;;1.00;0.00;0.00;;4.64;0.00;---;KUEH7N;KUEH7N;;;N;;N;;;;;FX;;GNS, LLS;8.00;0.00;Fiber/Plastic;;2004-01-30;MFL;2003-01-01;;
DEU000180645;;DEU;;;1.00;2.21;0.00;;5.60;0.00;---;AHR12;AHR12;;;N;;N;;;;;FX;;GNS, LLS;12.00;0.00;;;1959-10-17;4C1;;;2001-08-13
DEU000180646;;DEU;;;1.00;0.00;0.00;;4.40;0.00;---;WUS16N;WUS16N;;;N;;N;;;;;FX;;GNS, LLS;4.00;0.00;Metal;;2012-03-08;MFL;1970-01-01;;2015-12-31
DEU000180647;;DEU;;;1.00;0.00;0.00;;7.70;0.00;---;DIE17;DIE17;Dierhagen;;N;;N;N;N;;;GO;;GNS, LLS;11.00;0.00;Fiber/Plastic;;2017-06-01;MFL;1993-01-01;;
DEU000180648;;DEU;;;1.00;1.52;0.00;;4.65;0.00;---;PRU4C;PRU4C;;;N;;N;;;;;FX;;GNS, LLS;3.00;0.00;;;1979-01-01;4C1;;;2000-03-03
DEU000180649;;DEU;;;1.00;0.00;0.00;;4.65;0.00;---;BAR8;BAR8;;;N;;N;;;;;FX;;GNS, LLS;10.00;0.00;Fiber/Plastic;;1997-03-09;MFL;1997-01-01;;
DEU000180650;;DEU;;;1.00;1.00;0.00;;4.00;0.00;---;ZID6B;ZID6B;;;N;;N;;;;;FX;;GNS, LLS;3.00;0.00;;;1975-01-01;4C1;;;2001-09-12
DEU000180651;;DEU;;;7.00;0.00;0.00;;10.10;9.30;MOEWE;RER036;RER036;Rerik;;N;;N;N;N;;;GO;;GNS, LLS;44.00;0.00;Wood;;1951-09-17;MFL;1951-01-01;;
DEU000190500;;DEU;;;23.00;0.00;0.00;;14.72;13.25;NORDSTERN;HF512;HF512;;;Y;DGIQ;N;;;;;FX;;OTB, TBB;159.00;0.00;Wood;;1957-04-01;MFL;1950-01-01;;2012-02-01
DEU000190601;;DEU;;;0.00;963.63;0.00;;63.24;59.08;HEINZ KAPELLE;ROS409;ROS409;;;Y;Y4IY;N;;;;;FX;;OTB, NO;1104.00;205.00;;;1966-12-02;1;;1991-11-21;
DEU000190602;;DEU;;;35.00;31.09;0.00;;17.60;15.68;HALLE;SAS70;SAS70;;;Y;Y4LG;N;;;;;FX;;OTB, PTB;160.00;0.00;Wood;;1949-10-03;MFL;1949-01-01;;2005-04-06
DEU000190603;;DEU;;;0.00;31.70;0.00;;17.28;14.78;ANNE-FE;WAR57;WAR57;;;Y;Y4OI;N;;;;;FX;;OTB, GNS;147.00;0.00;;;1949-08-20;G16;;;1994-11-10
DEU000190605;211758000;DEU;;;45.00;0.00;0.00;;17.69;15.48;LASSAN;SAS112N;SAS112N;Sassnitz;;Y;Y4NB;Y;Y;Y;;;TU;;OTB, GNS;175.00;0.00;Wood;;1950-08-14;MFL;1950-01-01;;
DEU000190606;;DEU;;;0.00;38.41;0.00;;17.80;0.00;STAVENHAGEN;KAR40;KAR40;;;Y;Y4KM;N;;;;;FX;;PTB, OTB;147.00;6.00;;;1950-07-20;4;;;1991-08-22
DEU000190607;;DEU;;;3.00;5.05;0.00;;7.63;7.40;ANTJE;SEE07N;SEE07N;;;N;;N;;;;;FX;;GNS, LLS;18.00;0.00;;;1985-03-12;4C1;;;2001-12-01
DEU000190608;;DEU;;;2.00;4.79;0.00;;7.32;0.00;---;WIE7;WIE7;;;N;;N;;;;;FX;;GNS, LLS;13.00;0.00;Wood;;1990-06-14;MFL;1990-01-01;;2003-09-01
DEU000190609;;DEU;;;3.00;5.29;0.00;;9.45;8.80;---;UEK31;UEK31;;;N;;N;;;;;FX;;GNS, NK;18.00;0.00;;;1977-04-05;4C1;;;1997-01-02
DEU000190610;;DEU;;;7.00;0.00;0.00;;9.40;8.52;---;BOD2;BOD2;Barth;;N;;N;N;N;;;GO;;GNS, NO;42.00;0.00;Wood;;1938-12-31;MFL;1938-01-01;;2021-10-15
DEU000190612;;DEU;;;0.00;2.63;0.00;;6.10;0.00;---;THI037;THI037;;;N;;N;;;;;FX;;GNS;6.00;0.00;;;1967-06-07;4;;;1991-07-12
DEU000190613;;DEU;;;0.00;1.23;0.00;;4.25;0.00;---;BRE28;BRE28;;;N;;N;;;;;FX;;GNS, NO;0.00;0.00;;;1977-11-18;C19;;;1995-12-28
DEU000190614;;DEU;;;17.00;17.62;0.00;;12.55;11.49;HAFTHAGEN;FRE32;FRE32;;;Y;Y4VK;N;;;;;FX;;GNS, OTB;150.00;0.00;;;1957-04-18;4C2;;;2002-03-05
DEU000190615;;DEU;;;1.00;1.70;0.00;;4.90;0.00;---;GAG35N;GAG35N;;;N;;N;;;;;FX;;GNS, LLS;9.00;0.00;;;1975-12-10;C19;;1996-10-08;
DEU000190616;;DEU;;;0.00;3.66;0.00;;7.00;0.00;---;WAT1;WAT1;;;N;;N;;;;;FX;;GNS, NK;7.00;0.00;;;1936-04-01;4;;1993-09-14;
DEU000190617;;DEU;;;1.00;0.90;0.00;;3.70;0.00;---;VIT012A;VIT012A;;;N;;N;;;;;FX;;GNS, NO;0.00;0.00;;;1976-08-07;C19;;;1996-10-22
DEU000190618;;DEU;;;0.00;7.00;0.00;;7.70;6.50;FORELLE;AHL015;AHL015;;;N;;N;;;;;FX;;GNS, LLS;22.00;0.00;;;1984-06-27;C19;;;1996-12-29
DEU000190619;;DEU;;;0.00;2.38;0.00;;5.80;0.00;---;BAN11;BAN11;;;N;;N;;;;;FX;;GNS, LLS;7.00;0.00;;;1946-05-10;C19;;;1995-12-13
DEU000190622;;DEU;;;1.00;0.00;0.00;;5.06;0.00;---;KOEL6;KOEL6;Greifswald;;N;;N;N;N;;;GO;;GNS, LLS;18.00;0.00;Fiber/Plastic;;2020-03-01;MFL;2009-01-01;;
DEU000190624;;DEU;;;1.00;1.00;0.00;;5.30;0.00;---;WIE56;WIE56;;;N;;N;;;;;FX;;GNS, FPO;19.00;0.00;Fiber/Plastic;;1996-09-23;MFL;1996-01-01;;
DEU000190627;;DEU;;;1.00;0.00;0.00;;5.00;0.00;---;BAA04A;BAA04A;;;N;;N;;;;;FX;;FPO, NO;3.00;0.00;Wood;;1994-07-01;MFL;1990-01-01;;2009-04-15
DEU000190631;;DEU;;;0.00;4.00;0.00;;8.00;7.00;---;AWA22;AWA22;;;N;;N;;;;;FX;;GNS, NK;6.00;0.00;;;1956-07-28;4;;;1994-01-02
DEU000190632;;DEU;;;2.00;0.00;0.00;;8.02;0.00;---;UEK20;UEK20;Moenkebude;;N;;N;N;N;;;GO;;GNS, LLS;13.00;0.00;Metal;;2001-05-02;MFL;1978-01-01;;
DEU000190637;;DEU;;;1.00;1.76;0.00;;4.70;0.00;---;NEU010A;NEU010A;;;N;;N;;;;;FX;;GNS, NO;6.00;0.00;;;1982-07-17;4C1;;;1997-07-14
DEU000190638;;DEU;;;1.00;0.00;0.00;;4.24;0.00;---;ZUD17N;ZUD17N;;;N;;N;;;;;FX;;GNS, LLS;4.00;0.00;Fiber/Plastic;;2005-01-14;MFL;1982-01-01;;
DEU000190639;;DEU;;;2.00;3.52;0.00;;6.72;6.62;---;VIA5;VIA5;;;N;;N;;;;;FX;;GNS, NK;30.00;0.00;;;1985-07-09;C19;;1995-06-25;
DEU000190641;;DEU;;;3.00;0.00;0.00;;8.50;0.00;ARKONA;LAB21;LAB21;;;Y;DB6312;N;N;N;;;GO;;GNS, FPO;46.00;0.00;Fiber/Plastic;;2002-12-04;MFL;1988-01-01;;
DEU000190642;;DEU;;;2.00;0.00;0.00;;6.30;0.00;SEEHASE;TRA34;TRA34;;;Y;DJ7121;N;N;N;;;GO;;GNS, FPO;20.00;0.00;Fiber/Plastic;;2014-10-27;MFL;1974-01-01;;
DEU000190645;;DEU;;;0.00;1.91;0.00;;5.20;0.00;---;RIB7;RIB7;;;N;;N;;;;;FX;;GNS, NK;3.00;0.00;;;1960-06-14;4;;1992-01-01;
DEU000190646;;DEU;;;9.00;0.00;0.00;;11.50;0.00;BLONDINE;WUS4;WUS4;;;N;;N;;;;;FX;;GNS, FPO;33.00;0.00;Wood;;2017-02-01;MFL;1935-01-01;;
DEU000190648;;DEU;;;1.00;0.00;0.00;;5.50;0.00;---;PRU7A;PRU7A;;;N;;N;;;;;FX;;GNS, FPO;0.00;0.00;Wood;;1985-01-01;MFL;1985-01-01;;2009-10-26
DEU000190649;;DEU;;;1.00;0.00;0.00;;5.50;0.00;---;PRE14;PRE14;Prerow;;N;;N;N;N;;;GO;;GNS, LLS;20.00;0.00;Fiber/Plastic;;1998-10-21;MFL;1998-01-01;;
DEU000190650;;DEU;;;1.00;1.34;0.00;;4.34;0.00;---;ZID010;ZID010;;;N;;N;;;;;FX;;GNS, NO;4.00;0.00;;;1993-11-30;4C1;;;1997-04-12
DEU000190651;;DEU;;;6.00;6.65;0.00;;9.70;8.80;---;RER038;RER038;;;N;;N;;;;;FX;;GNS, LLS;37.00;0.00;Metal;;1964-09-13;MFL;1964-01-01;;
DEU000200300;;DEU;;;13.00;11.86;0.00;;12.50;11.00;HEIMKEHR;CUX6;CUX6;Cuxhaven;;Y;DEKY;N;;;;;TUB;;TBB, OTB;130.00;0.00;Wood;;1970-04-04;MFL;1950-01-01;;2003-01-02
DEU000200400;;DEU;;;492.00;0.00;0.00;;40.09;36.44;SUSANNE;NC120;NC120;;;Y;DETY;Y;Y;Y;8303276;;TTW;;OTB, OTM;735.00;204.00;Metal;;1983-11-25;MFL;1983-01-01;;2019-06-26
DEU000200500;211325200;DEU;;;81.00;0.00;0.00;;20.79;18.48;Neptun;SC15;SC15;Büsum;;Y;DNHA;Y;Y;Y;;;TU;;TBB, OTB;221.00;0.00;Metal;;1974-04-03;MFL;1974-01-01;;
DEU000200601;;DEU;;;0.00;962.09;0.00;;63.63;59.10;BRUNO TESCH;ROS411;ROS411;;;Y;Y4IA;N;;;;;FX;;OTB, OTM;1104.00;205.00;;;1966-12-27;1;;1991-11-21;
DEU000200602;;DEU;;;35.00;0.00;0.00;;17.60;15.68;WERNIGERODE;SAS71;SAS71;;;Y;Y4LH;Y;Y;Y;;;TTW;;OTB, PTB;145.00;0.00;Wood;;1949-08-08;MFL;1949-01-01;;2018-11-30
DEU000200603;;DEU;;;0.00;38.41;0.00;;17.60;0.00;FREEST;WAR58;WAR58;;;Y;Y40J;N;;;;;FX;;OTB, PTB;110.00;0.00;;;1950-09-25;4;;;1991-05-21
DEU000200605;;DEU;;;42.00;38.41;0.00;;18.00;15.96;FREUNDSCHAFT II;STR180;STR180;;;Y;Y4NC;N;;;;;FX;;OTB, PTB;110.00;5.00;;;1950-09-18;4;;;1993-07-05
DEU000200606;;DEU;;;40.00;0.00;0.00;;18.43;16.01;EINHEIT;KAR41;KAR41;Karlshagen;;Y;Y4KT;Y;Y;Y;;;TTW;;PTB, OTB;220.00;6.00;Metal;;1956-02-13;MFL;1955-01-01;;2021-03-31
DEU000200607;;DEU;;;0.00;1.84;0.00;;5.10;0.00;---;LAU002;LAU002;;;N;;N;;;;;FX;;GNS, LLS;9.00;0.00;;;1986-07-15;C19;;;1995-08-01
DEU000200608;;DEU;;;0.00;2.37;0.00;;5.50;0.00;---;WIE15;WIE15;;;N;;N;;;;;FX;;GNS, NO;6.00;0.00;;;1970-05-18;C19;;;1993-03-16
DEU000200609;;DEU;;;2.00;0.00;0.00;;7.80;7.50;---;UEK32N;UEK32N;Ueckermünde;;N;;N;N;N;;;GO;;GNS, FPO;6.00;0.00;Wood;;1948-02-03;MFL;1948-01-01;;2025-05-01
DEU000200610;;DEU;;;0.00;11.94;0.00;;11.10;10.02;---;BOD4;BOD4;;;N;;N;;;;;FX;;GNS, NO;50.00;0.00;;;1944-12-31;C19;;;1993-02-01
DEU000200612;;DEU;;;7.00;0.00;0.00;;9.38;9.08;---;GZI15;GZI15;;;N;;N;;;;;FX;;GNS, LLS;43.00;0.00;Wood;;1979-08-18;MFL;1979-01-01;;2006-02-09
DEU000200613;;DEU;;;0.00;2.72;0.00;;6.20;0.00;---;BRE029;BRE029;;;N;;N;;;;;FX;;GNS, NK;44.00;0.00;;;1968-07-16;C19;;;1992-11-17
DEU000200614;;DEU;;;0.00;15.17;0.00;;11.95;0.00;1. MAI;FRE33;FRE33;;;Y;Y4VR;N;;;;;FX;;GNS, OTB;44.00;0.00;;;1956-07-25;4;;1995-12-29;
DEU000200615;;DEU;;;0.00;6.99;0.00;;8.52;8.12;---;KZI01;KZI01;;;N;;N;;;;;FX;;GNS, LLS;37.00;0.00;;;1950-04-05;4;;;1996-11-14
DEU000200616;;DEU;;;10.00;0.00;0.00;;11.80;10.00;KARIN;WAT9;WAT9;Lassan;;N;;N;N;N;;;GO;;GNS, LLS;74.00;0.00;Wood;;1950-10-25;MFL;1930-01-01;;2021-05-27
DEU000200617;;DEU;;;1.00;1.00;0.00;;3.70;0.00;---;VIT013;VIT013;;;N;;N;;;;;FX;;GNS, LLS;11.00;0.00;;;1976-04-14;4C1;;;2000-05-11
DEU000200618;;DEU;;;0.00;3.76;0.00;;7.30;0.00;---;AHL016;AHL016;;;N;;N;;;;;FX;;GNS, LLS;44.00;0.00;;;1979-11-15;C19;;;
DEU000200619;;DEU;;;2.00;4.63;0.00;;8.10;0.00;---;WAT5;WAT5;;;N;;N;;;;;FX;;GNS, LLS;30.00;0.00;;;1984-07-04;4C1;;;2001-10-15
DEU000200624;;DEU;;;1.00;1.91;0.00;;5.20;0.00;---;ZEM13;ZEM13;;;N;;N;;;;;FX;;GNS, LLS;8.00;0.00;Fiber/Plastic;;1997-09-12;MFL;1988-01-01;;2009-12-02
DEU000200627;;DEU;;;1.00;2.00;0.00;;5.40;0.00;---;LOB01C;LOB01C;;;N;;N;;;;;FX;;GNS, NO;4.00;0.00;;;1980-04-14;4C1;;;2001-12-01
DEU000200631;;DEU;;;3.00;5.11;0.00;;8.65;7.50;---;AWA24;AWA24;;;N;;N;;;;;FX;;GNS, FPO;9.00;0.00;Metal;;1974-04-24;MFL;1974-01-01;;2012-01-16
DEU000200632;;DEU;;;3.00;0.00;0.00;;8.85;0.00;---;MOEN5;MOEN5;;;N;;N;;;;;FX;;GNS, FPO;22.00;0.00;Metal;;2006-05-16;MFL;2005-01-01;;
DEU000200637;;DEU;;;9.00;12.70;0.00;;11.12;10.22;MOEWE;NEU011;NEU011;;;N;;N;;;;;FX;;GNS, LLS;44.00;0.00;Wood;;1935-05-19;MFL;1935-01-01;;2003-09-02
DEU000200638;;DEU;;;1.00;0.00;0.00;;4.25;0.00;---;GLE4N;GLE4N;;;N;;N;;;;;FX;;GNS, FPO;6.00;0.00;Wood;;2005-04-12;MFL;1985-01-01;;
DEU000200639;;DEU;;;0.00;2.97;0.00;;7.20;7.00;---;UMM20;UMM20;;;N;;N;;;;;FX;;GNS, LLS;10.00;0.00;;;1949-06-21;4;;;1992-11-17
DEU000200641;;DEU;;;1.00;0.00;0.00;;4.31;0.00;---;DRA14;DRA14;;;N;;N;;;;;FX;;GNS, LLS;6.00;0.00;Metal;;2003-05-20;MFL;2003-01-01;;2009-07-07
DEU000200642;;DEU;;;1.00;0.00;0.00;;6.13;0.00;---;KUEH20N;KUEH20N;Kühlungsborn;;N;;N;N;N;;;GO;;GNS, LLS;15.00;0.00;Fiber/Plastic;;2016-02-15;MFL;1986-01-01;;2023-03-29
DEU000200645;;DEU;;;0.00;2.10;0.00;;5.40;0.00;---;RIB09;RIB09;;;N;;N;;;;;FX;;GNS, NK;3.00;0.00;;;1937-06-14;C19;;;1994-01-07
DEU000200646;;DEU;;;1.00;0.00;0.00;;5.70;0.00;---;WUS17;WUS17;Wustrow;;N;;N;N;N;;;GO;;GNS, FPO;23.00;0.00;Fiber/Plastic;;2022-01-01;MFL;2000-01-01;;
DEU000200648;;DEU;;;1.00;0.00;0.00;;6.05;0.00;---;PRU7B;PRU7B;;;N;;N;N;N;;;GO;;GNS, FPO;0.00;0.00;Wood;;1982-01-01;MFL;1982-01-01;;2018-03-20
DEU000200649;;DEU;;;1.00;0.00;0.00;;5.50;0.00;---;PRE15;PRE15;Prerow;;N;;N;N;N;;;GO;;GNS, LLS;37.00;0.00;Fiber/Plastic;;2000-12-14;MFL;2000-01-01;;
DEU000200650;;DEU;;;1.00;1.77;0.00;;5.00;0.00;---;ZID001A;ZID001A;;;N;;N;;;;;FX;;GNS, LLS;0.00;0.00;Wood;;1961-05-10;MFL;1961-01-01;;2015-02-17
DEU000200651;;DEU;;;3.00;4.30;0.00;;7.80;0.00;---;RER008;RER008;;;N;;N;;;;;FX;;GNS, LLS;18.00;0.00;;;1958-06-11;4C1;;;2002-05-06
DEU000210300;;DEU;;;20.00;19.50;0.00;;15.31;13.80;EDELWEISS;CUX7;CUX7;Cuxhaven;;Y;DFBO;Y;;;;;TUB;;TBB, OTB;184.00;0.00;Wood;;1965-07-01;MFL;1965-01-01;;2012-03-15
DEU000210400;;DEU;;;425.00;0.00;0.00;;35.08;31.64;IRIS;NC300;NC300;;;Y;DEUH;Y;Y;Y;8303288;;TTW;;OTB, OTM;1020.00;453.00;Metal;;1983-12-15;MFL;1983-01-01;;2019-01-02
DEU000210500;;DEU;;;0.00;78.05;0.00;;25.09;22.58;MAIKE;HF500;HF500;;;Y;DGXK;N;;;;;FX;;OTB, PTB;294.00;0.00;;;1948-10-22;G11;;1992-12-01;
DEU000210601;;DEU;;;0.00;963.63;0.00;;63.25;59.10;KARL WOLFF;ROS413;ROS413;;;Y;Y4IC;N;;;;;FX;;OTB, NO;1104.00;205.00;;;1967-03-30;1;;1991-11-21;
DEU000210602;;DEU;;;0.00;31.09;0.00;;17.60;0.00;ANTON SAEFKOW;SAS72;SAS72;;;Y;Y4LE;N;;;;;FX;;OTB, PTB;59.00;0.00;;;1949-11-12;4;;1991-04-09;
DEU000210603;;DEU;;;0.00;38.41;0.00;;17.60;0.00;CHEMNITZ;WAR59;WAR59;;;Y;Y40E;N;;;;;FX;;OTB, PTB;110.00;0.00;;;1949-06-30;4;;;1990-11-01
DEU000210605;;DEU;;;0.00;38.00;0.00;;17.30;16.09;WUSTROW;STR181;STR181;;;Y;Y4ND;N;;;;;FX;;OTB, PTB;110.00;5.00;;;1950-09-04;G16;;;1992-06-24
DEU000210606;;DEU;;;39.00;39.78;0.00;;18.43;16.01;FRIEDEN;KAR42;KAR42;;;Y;Y4KV;N;;;;;FX;;GNS, OTB;147.00;6.00;;;1956-02-13;C19;;;1996-12-17
DEU000210607;;DEU;;;0.00;4.52;0.00;;8.00;0.00;---;SEE06;SEE06;;;N;;N;;;;;FX;;GNS, LLS;19.00;0.00;;;1985-10-07;C19;;;1994-11-10
DEU000210608;;DEU;;;2.00;0.00;0.00;;7.95;0.00;---;WIE12;WIE12;Greifswald;;N;;N;N;N;;;GO;;GNS, LLS;15.00;0.00;Metal;;1989-11-14;MFL;1989-01-01;2022-11-30;
DEU000210609;;DEU;;;2.00;3.46;0.00;;7.00;6.40;---;RIT10N;RIT10N;;;N;;N;;;;;FX;;GNS, FPO;6.00;0.00;Wood;;1969-07-14;MFL;1969-01-01;;
DEU000210610;;DEU;;;1.00;1.91;0.00;;5.20;0.00;---;BOD5;BOD5;;;N;;N;;;;;FX;;GNS, NK;15.00;0.00;;;1948-01-01;4C1;;;1998-11-02
DEU000210612;;DEU;;;8.00;0.00;0.00;;10.42;9.00;---;WAR42;WAR42;Warnemünde;;N;;N;N;N;;;GO;;GNS, LLS;37.00;0.00;Metal;;1981-07-14;MFL;1981-01-01;2022-11-29;
DEU000210613;;DEU;;;0.00;1.28;0.00;;4.25;0.00;---;BRE30;BRE30;;;N;;N;;;;;FX;;GNS, NO;0.00;0.00;;;1975-10-19;C19;;;1994-01-02
DEU000210614;;DEU;;;16.00;19.00;0.00;;12.68;11.90;NORDSTERN;GOEH19;GOEH19;;;Y;Y4VL;N;;;;;FX;;GNS, OTB;80.00;0.00;Wood;;1956-04-12;MFL;1956-01-01;;2014-02-11
DEU000210615;;DEU;;;4.00;6.19;0.00;;8.16;7.66;---;KZI02;KZI02;;;N;;N;;;;;FX;;GNS, LLS;37.00;0.00;;;1963-11-10;4C1;;;2001-11-21
DEU000210616;;DEU;;;1.00;3.46;0.00;;4.25;0.00;---;LAS6;LAS6;;;N;;N;;;;;FX;;GNS, LLS;5.00;0.00;Fiber/Plastic;;1952-07-18;MFL;1952-01-01;;2007-12-18
DEU000210617;;DEU;;;1.00;1.13;0.00;;4.00;0.00;---;VIT014;VIT014;;;N;;N;;;;;FX;;GNS, NO;6.00;0.00;;;1980-06-14;4C1;;;2000-08-22
DEU000210618;;DEU;;;0.00;3.46;0.00;;7.00;0.00;---;AHL017;AHL017;;;N;;N;;;;;FX;;GNS, LLS;12.00;0.00;;;1974-03-30;C19;;;1994-02-01
DEU000210619;;DEU;;;1.00;2.98;0.00;;6.50;0.00;---;BAL9;BAL9;;;N;;N;;;;;FX;;GNS, NK;5.00;0.00;;;1991-12-09;4C1;;;2000-03-25
DEU000210624;;DEU;;;1.00;0.00;0.00;;5.10;4.85;---;ZEM25;ZEM25;;;N;;N;;;;;FX;;GNS, LLS;12.00;0.00;Fiber/Plastic;;1998-03-27;MFL;1998-01-01;;
DEU000210627;;DEU;;;1.00;0.00;0.00;;5.88;0.00;---;BAA28;BAA28;;;N;;N;N;N;;;GO;;GNS, LLS;8.00;0.00;Wood;;1981-04-02;MFL;1981-01-01;2019-02-21;
DEU000210631;;DEU;;;3.00;0.00;0.00;;8.00;7.00;---;AWA26;AWA26;;;N;;N;;;;;FX;;GNS, LLS;15.00;0.00;Wood;;1965-10-22;MFL;1965-01-01;;2006-10-24
DEU000210632;;DEU;;;1.00;0.00;0.00;;4.60;0.00;---;MOEN18N;MOEN18N;;;N;;N;;;;;FX;;GNS, LLS;6.00;0.00;Fiber/Plastic;;2008-11-25;MFL;1996-01-01;;
DEU000210637;;DEU;;;1.00;0.00;0.00;;5.75;0.00;---;NEU11A;NEU11A;;;N;;N;;;;;FX;;GNS, LLS;11.00;0.00;Wood;;1948-04-12;MFL;1948-01-01;;2007-07-17
DEU000210639;;DEU;;;1.00;0.00;0.00;;7.10;6.75;Lore;UMM23;UMM23;Ummanz;;N;;N;N;N;;;GO;;GNS, FPO;21.00;0.00;Fiber/Plastic;;1991-12-03;MFL;1991-01-01;;
DEU000210641;;DEU;;;1.00;0.00;0.00;;4.05;0.00;---;DRA16;DRA16;;;N;;N;;;;;FX;;GNS, LLS;4.00;0.00;Fiber/Plastic;;2006-01-30;MFL;1989-01-01;;2007-06-08
DEU000210645;;DEU;;;1.00;2.08;0.00;;6.44;6.14;---;LAN1N;LAN1N;;;N;;N;;;;;FX;;GNS, LLS;3.00;0.00;;;1950-07-14;C19;;;1996-11-28
DEU000210648;;DEU;;;1.00;2.06;0.00;;5.40;0.00;---;PRU7C;PRU7C;;;N;;N;;;;;FX;;GNS, LLS;22.00;0.00;;;1984-01-01;4C1;;;2000-08-28
DEU000210649;;DEU;;;1.00;0.00;0.00;;5.50;0.00;---;PRE16;PRE16;Prerow;;N;;N;N;N;;;GO;;GNS, LLS;52.00;0.00;Fiber/Plastic;;2001-08-20;MFL;2001-01-01;;
DEU000210650;;DEU;;;1.00;0.96;0.00;;3.70;0.00;---;ZID18;ZID18;;;N;;N;;;;;FX;;GNS, LLS;15.00;0.00;;;1994-06-16;4C1;;;1999-08-06
DEU000210651;;DEU;;;0.00;2.54;0.00;;6.00;0.00;---;RER004;RER004;;;N;;N;;;;;FX;;GNS, LLS;9.00;0.00;;;1964-05-05;4;;;1991-10-18
DEU000220300;;DEU;;;10.00;0.00;0.00;;11.79;10.25;JOHANNA;HUS1;HUS1;Husum;;Y;DFLJ;N;N;N;;;TU;;TBB, NK;91.00;0.00;Wood;;1976-04-26;MFL;1946-01-01;;2021-02-15
DEU000220400;;DEU;;;2968.00;0.00;0.00;;85.85;76.18;ODRA;NC110;NC110;;;Y;DFIR;Y;;;;;FX;;OTB, OTM;4500.00;1040.00;Metal;;1994-10-07;MFL;1994-01-01;;
DEU000220500;;DEU;;;29.00;23.96;0.00;;16.22;14.60;LUISE;HF511;HF511;;;Y;DHMH;N;;;;;FX;;TBB, NK;79.00;0.00;Metal;;1951-02-12;MFL;1950-01-01;;2004-09-11
DEU000220601;;DEU;;;0.00;2401.21;0.00;;85.78;81.50;F.C.WEISKOPF;ROS306;ROS306;;;Y;Y4BG;N;;;;;FX;;OTB, OTM;1692.00;0.00;;;1963-01-22;1;;;
DEU000220602;;DEU;;;35.00;32.81;0.00;;17.60;15.68;VEREINIGUNG;SAS73;SAS73;;;Y;Y4LC;Y;;;;;FX;;OTB, PTB;145.00;9.00;Wood;;1948-04-01;MFL;1948-01-01;;2015-03-06
DEU000220603;;DEU;;;0.00;31.09;0.00;;17.60;0.00;HANNO GUENTER;WAR60;WAR60;;;Y;Y40D;N;;;;;FX;;OTB, PTB;110.00;0.00;;;1949-06-18;4;;;1991-02-01
DEU000220605;;DEU;;;95.00;99.57;0.00;;23.97;21.85;STRALSUND;STR301;STR301;;;Y;Y4NG;N;;;;;FX;;OTB, PTB;214.00;77.00;;;1967-01-21;4;;;1993-07-05
DEU000220606;;DEU;;;0.00;39.78;0.00;;18.43;0.00;FREIHEIT;KAR43;KAR43;;;Y;Y4KU;N;;;;;FX;;PTB, OTB;110.00;6.00;;;1956-02-13;4;;;1990-11-01
DEU000220607;;DEU;;;0.00;2.82;0.00;;6.07;0.00;---;SEE03;SEE03;;;N;;N;;;;;FX;;GNS, LLS;18.00;0.00;;;1992-01-01;4;;;1994-09-10
DEU000220608;;DEU;;;0.00;5.14;0.00;;8.68;0.00;---;BIN3;BIN3;;;N;;N;;;;;FX;;GNS, LLS;26.00;0.00;;;1989-01-17;C19;;;1996-07-01
DEU000220609;;DEU;;;2.00;0.00;0.00;;8.10;7.80;---;AWA44;AWA44;;;N;;N;;;;;FX;;GNS, FPO;6.00;0.00;Wood;;1984-03-04;MFL;1984-01-01;;2016-07-15
DEU000220610;;DEU;;;1.00;1.76;0.00;;5.00;0.00;---;BAR2A;BAR2A;;;N;;N;;;;;FX;;GNS, NK;11.00;0.00;Wood;;1943-01-01;MFL;1943-01-01;;2003-05-28
DEU000220612;;DEU;;;4.00;0.00;0.00;;8.30;7.80;---;ZEW16N;ZEW16N;;;N;;N;;;;;FX;;GNS, LLS;37.00;0.00;Wood;;1979-04-25;MFL;1960-01-01;;2006-05-29
DEU000220613;;DEU;;;0.00;4.87;0.00;;8.30;0.00;---;GLO001;GLO001;;;N;;N;;;;;FX;;GNS, LLS;15.00;0.00;;;1953-04-20;C19;;;1992-04-01
DEU000220614;;DEU;;;18.00;17.07;0.00;;12.68;11.70;PEENE;HEIL8;HEIL8;;;Y;Y4VF;N;;;;;FX;;GNS, OTM;147.00;0.00;Wood;;1957-05-17;MFL;1957-01-01;;2011-12-29
DEU000220615;;DEU;;;8.00;0.00;0.00;;9.53;8.67;Eisvogel;GZI01;GZI01;;;N;;N;N;N;;;GO;;GNS, LLS;37.00;0.00;Metal;;1981-06-15;MFL;1981-01-01;;
DEU000220616;;DEU;;;1.00;0.00;0.00;;7.80;0.00;---;LAS12;LAS12;;;N;;N;N;N;;;GO;;GNS, LLS;6.00;0.00;Metal;;1935-05-18;MFL;1935-01-01;;2020-08-26
DEU000220617;;DEU;;;0.00;1.50;0.00;;4.60;0.00;---;VIT016;VIT016;;;N;;N;;;;;FX;;GNS, NO;0.00;0.00;;;1976-07-11;C19;;;1992-11-17
DEU000220618;;DEU;;;0.00;2.98;0.00;;6.50;0.00;---;AHL019;AHL019;;;N;;N;;;;;FX;;GNS, LLS;5.00;0.00;;;1971-05-05;C19;;;1993-10-19
DEU000220619;;DEU;;;1.00;1.24;0.00;;4.20;0.00;---;BAN06N;BAN06N;;;N;;N;;;;;FX;;GNS, LLS;5.00;0.00;Wood;;1992-01-01;MFL;1991-01-01;;2013-01-30
DEU000220624;;DEU;;;1.00;0.00;0.00;;4.25;0.00;---;ZEM3Z;ZEM3Z;;;N;;N;;;;;FX;;GNS, LLS;3.00;0.00;Fiber/Plastic;;2000-06-07;MFL;2000-01-01;;2007-10-23
DEU000220627;;DEU;;;1.00;1.94;0.00;;5.24;0.00;---;LOB02A;LOB02A;;;N;;N;;;;;FX;;GNS, NO;0.00;0.00;;;1991-11-26;C19;;;1996-01-16
DEU000220631;;DEU;;;1.00;1.77;0.00;;5.00;0.00;---;AWA27;AWA27;;;N;;N;;;;;FX;;GNS, NO;0.00;0.00;;;1968-09-14;4C1;;;2000-12-06
DEU000220632;;DEU;;;1.00;0.00;0.00;;5.06;0.00;---;MOEN15;MOEN15;Moenkebude;;N;;N;N;N;;;GO;;GNS, FPO;24.00;0.00;Fiber/Plastic;;2020-07-01;MFL;2020-01-01;;
DEU000220637;;DEU;;;0.00;0.87;0.00;;3.50;0.00;---;NEU011B;NEU011B;;;N;;N;;;;;FX;;GNS, NO;0.00;0.00;;;1948-04-17;C19;;1992-04-01;
DEU000220639;;DEU;;;1.00;1.27;0.00;;4.25;0.00;---;UMM28N;UMM28N;;;N;;N;;;;;FX;;GNS, FPO;3.00;0.00;Fiber/Plastic;;1994-07-01;MFL;1988-01-01;;
DEU000220641;;DEU;;;1.00;0.00;0.00;;6.03;0.00;---;DRA17;DRA17;;;N;;N;;;;;FX;;GNS, LLS;7.00;0.00;Fiber/Plastic;;2006-05-18;MFL;2001-01-01;;2007-03-01
DEU000220645;;DEU;;;0.00;1.91;0.00;;5.20;0.00;---;AHR002;AHR002;;;N;;N;;;;;FX;;GNS, LLS;5.00;0.00;;;1948-04-16;C19;;;1995-06-22
DEU000220648;;DEU;;;1.00;0.00;0.00;;5.20;0.00;---;PRU8;PRU8;;;N;;N;N;N;;;GO;;GNS, FPO;14.00;0.00;Fiber/Plastic;;1992-01-01;MFL;1973-01-01;;2020-03-01
DEU000220649;;DEU;;;1.00;0.00;0.00;;4.90;0.00;---;PRE2;PRE2;Prerow;;N;;N;N;N;;;GO;;GNS, LLS;15.00;0.00;Fiber/Plastic;;2007-05-14;MFL;2007-01-01;;
DEU000220650;;DEU;;;1.00;0.00;0.00;;5.70;0.00;---;ZID19;ZID19;Zingst;;N;;N;N;N;;;GO;;GNS, LLS;15.00;0.00;Fiber/Plastic;;1995-12-13;MFL;1995-01-01;;
DEU000230402;;DEU;;;1597.00;0.00;0.00;;57.00;49.82;ATLANTIC PEACE;BX786;BX786;;;Y;DEOT;Y;;;;;FX;;OTB, OTM;2427.00;325.00;Metal;;1987-12-08;MFL;1987-01-01;;2014-07-21
DEU000230500;;DEU;;;0.00;68.65;0.00;;24.10;21.69;KARIN;HF410;HF410;;;Y;DIIC;N;;;;;FX;;OTB, PTB;221.00;0.00;;;1955-01-05;G11;;;1994-12-02
DEU000230601;;DEU;;;0.00;2359.49;0.00;;85.24;81.55;RUDOLF LEONHARD;ROS311;ROS311;;;Y;Y4BN;N;;;;;FX;;OTB, OTM;1692.00;0.00;;;1965-03-23;1;;;
DEU000230602;;DEU;;;0.00;38.41;0.00;;17.80;0.00;SOPHIE SCHOLL;SAS60;SAS60;;;Y;Y4LL;N;;;;;FX;;OTB, PTB;103.00;0.00;;;1950-01-07;4;;1991-04-09;
DEU000230603;;DEU;;;0.00;31.09;0.00;;17.60;0.00;DRESDEN;WAR61;WAR61;;;Y;Y40E;N;;;;;FX;;OTB, PTB;147.00;0.00;;;1949-06-20;4;;;1991-05-21
DEU000230605;;DEU;;;0.00;99.00;0.00;;24.54;22.87;BINZ;STR302;STR302;;;Y;Y4NH;N;;;;;FX;;OTB, PTB;309.00;51.00;;;1967-01-21;G16;;;1992-06-24
DEU000230607;;DEU;;;1.00;0.00;0.00;;4.80;0.00;---;LAU24N;LAU24N;"Lauterbach"", Rügen";;N;;N;N;N;;;GO;;GNS, NO;13.00;0.00;Fiber/Plastic;;1980-03-12;MFL;1980-01-01;;
DEU000230608;;DEU;;;2.00;0.00;0.00;;8.08;0.00;---;WIE59;WIE59;Greifswald;;N;;N;N;N;;;GO;;GNS, LLS;15.00;0.00;Metal;;1987-06-18;MFL;1987-01-01;2022-11-30;
DEU000230609;;DEU;;;0.00;3.46;0.00;;7.00;0.00;---;UEK23;UEK23;;;N;;N;;;;;FX;;GNS, NK;4.00;0.00;;;1955-08-11;C19;;;1992-04-07
DEU000230610;;DEU;;;1.00;2.63;0.00;;6.10;0.00;---;BAR9N;BAR9N;;;N;;N;;;;;FX;;GNS, LLS;11.00;0.00;Wood;;1987-01-01;MFL;1987-01-01;;2013-02-15
DEU000230612;;DEU;;;4.00;0.00;0.00;;7.91;7.05;---;THI43;THI43;Thiessow;;N;;N;N;N;;;GO;;GNS, LLS;0.00;0.00;Metal;;1984-03-24;MFL;1984-01-01;2022-03-16;
DEU000230613;;DEU;;;12.00;16.11;0.00;;10.14;9.65;---;VIT33;VIT33;;;N;;N;;;;;FX;;GNS, LLS;107.00;0.00;Metal;;1985-05-12;MFL;1985-01-01;;2010-07-01
DEU000230614;;DEU;;;1.00;1.30;0.00;;4.30;0.00;---;HOL1N;HOL1N;;;N;;N;;;;;FX;;GNS, NK;6.00;0.00;Fiber/Plastic;;1985-06-11;MFL;1985-01-01;;2008-01-16
DEU000230615;;DEU;;;7.00;8.97;0.00;;9.50;8.90;OSSI;GZI07;GZI07;;;N;;N;;;;;FX;;GNS, LLS;37.00;0.00;;;1979-11-05;4C1;;;2000-07-11
DEU000230616;;DEU;;;0.00;4.00;0.00;;7.50;0.00;---;WAT22;WAT22;;;N;;N;;;;;FX;;GNS, NK;6.00;0.00;;;1967-02-02;C19;;;1994-01-25
DEU000230617;;DEU;;;1.00;1.77;0.00;;5.00;0.00;---;VIT017;VIT017;;;N;;N;;;;;FX;;FPO, NO;5.00;0.00;Wood;;1962-07-16;MFL;1962-01-01;;
DEU000230618;;DEU;;;0.00;3.46;0.00;;7.00;0.00;---;AHL022;AHL022;;;N;;N;;;;;FX;;GNS, LLS;17.00;0.00;;;1984-03-25;4;;;1991-10-01
DEU000230619;;DEU;;;5.00;9.55;0.00;;9.22;8.96;---;BAN7;BAN7;;;N;;N;;;;;FX;;GNS, LLS;52.00;0.00;Wood;;1995-06-26;MFL;1995-01-01;;2011-06-14
DEU000230624;;DEU;;;1.00;0.00;0.00;;5.55;0.00;---;ZEM28;ZEM28;;;N;;N;;;;;FX;;GNS, LLS;30.00;0.00;Fiber/Plastic;;2001-02-26;MFL;2000-01-01;;
DEU000230627;;DEU;;;1.00;0.00;0.00;;5.10;0.00;---;BAA10;BAA10;;;N;;N;;;;;FX;;GNS, LLS;4.00;0.00;Wood;;1960-08-03;MFL;1960-01-01;;2005-11-03
DEU000230631;;DEU;;;3.00;5.23;0.00;;8.70;7.50;---;AWA29N;AWA29N;;;N;;N;;;;;FX;;GNS, NK;18.00;0.00;;;1973-06-24;4C1;;;2000-10-02
DEU000230637;;DEU;;;0.00;1.43;0.00;;4.50;0.00;---;NEU012;NEU012;;;N;;N;;;;;FX;;GNS, NO;0.00;0.00;;;1951-04-15;C19;;;1992-11-24
DEU000230639;;DEU;;;1.00;1.80;0.00;;5.00;0.00;---;UMM29;UMM29;;;N;;N;;;;;FX;;GNS, NK;3.00;0.00;Wood;;1994-07-01;MFL;1988-01-01;;2007-03-26
DEU000230641;;DEU;;;1.00;0.00;0.00;;3.80;0.00;---;DRA20N;DRA20N;;;N;;N;;;;;FX;;FPO, GNS;0.00;0.00;Fiber/Plastic;;2006-09-21;MFL;2005-01-01;;2013-12-16
DEU000230645;;DEU;;;1.00;2.14;0.00;;5.50;0.00;---;AHR003;AHR003;;;N;;N;;;;;FX;;GNS, LLS;4.00;0.00;;;1960-05-17;4C1;;;2001-08-13
DEU000230648;;DEU;;;1.00;0.00;0.00;;4.88;0.00;---;BOR12;BOR12;;;N;;N;N;N;;;GO;;GNS, LLS;13.00;0.00;Fiber/Plastic;;1992-09-10;MFL;1992-01-01;;2020-05-31
DEU000230649;;DEU;;;1.00;0.00;0.00;;6.20;0.00;---;UMM60;UMM60;Ummanz;;N;;N;N;N;;;GO;;GNS, FPO;66.00;0.00;Fiber/Plastic;;2009-11-12;MFL;1996-01-01;;
DEU000230650;;DEU;;;1.00;1.36;0.00;;4.40;0.00;---;ZID20;ZID20;;;N;;N;;;;;FX;;GNS, LLS;8.00;0.00;;;1996-09-24;4C1;;;2001-08-13
DEU000230651;;DEU;;;1.00;3.27;0.00;;6.80;0.00;---;RER005N;RER005N;;;N;;N;;;;;FX;;GNS, LLS;6.00;0.00;;;1950-06-07;4C1;;;2000-08-28
DEU000240300;;DEU;;;0.00;15.15;0.00;;13.18;12.28;NORDLICHT;CUX9;CUX9;Cuxhaven;;N;;N;;;;;TUB;;TBB, OTB;138.00;0.00;Wood;;1976-03-01;C11;1958-01-01;;1995-01-23
DEU000240601;;DEU;;;0.00;3171.02;0.00;;101.84;95.16;LUDWIG TUREK;ROS331;ROS331;;;Y;Y4CA;N;;;;;FX;;OTM, OTB;2856.00;0.00;;;1977-01-10;2;;;
DEU000240602;;DEU;;;42.00;38.41;0.00;;17.80;15.94;PRENZLAU;SAS61;SAS61;;;Y;Y4LM;N;;;;;FX;;OTB, PTB;103.00;0.00;;;1950-04-04;4C3;;;1998-01-02
DEU000240603;;DEU;;;0.00;32.38;0.00;;17.02;0.00;RUEGENLAND;WAR65;WAR65;;;Y;Y40L;N;;;;;FX;;OTB, PTB;110.00;0.00;;;1950-09-30;4;;;1991-02-01
DEU000240605;;DEU;;;95.00;99.57;0.00;;23.93;21.85;WARNEMUENDE;STR303;STR303;;;Y;Y4NI;N;;;;;FX;;OTB, PTB;214.00;77.00;;;1967-01-09;4;;;1993-07-05
DEU000240606;;DEU;;;8.00;0.00;0.00;;10.10;9.63;FALKE;KAR1;KAR1;Karlshagen;;Y;Y4UF;N;N;N;;;GO;;GNS, LLS;70.00;0.00;Fiber/Plastic;;1984-03-17;MFL;1984-01-01;;2024-08-08
DEU000240607;;DEU;;;1.00;1.85;0.00;;5.00;0.00;---;LAU05A;LAU05A;;;N;;N;;;;;FX;;GNS, LLS;11.00;0.00;Wood;;1981-01-10;MFL;1981-01-01;;2014-09-22
DEU000240608;;DEU;;;1.00;3.46;0.00;;7.00;0.00;---;WIE9;WIE9;;;N;;N;;;;;FX;;GNS, LLS;6.00;0.00;Wood;;1973-10-19;MFL;1973-01-01;;2005-07-07
DEU000240609;;DEU;;;0.00;9.51;0.00;;11.60;0.00;---;UEK39;UEK39;;;N;;N;;;;;FX;;GNS, NK;44.00;0.00;;;1941-03-05;C19;;;1994-02-01
DEU000240610;;DEU;;;1.00;2.54;0.00;;6.00;0.00;---;BAR4B;BAR4B;;;N;;N;;;;;FX;;GNS, LLS;11.00;0.00;;;1948-01-01;4C1;;;2001-04-07
DEU000240612;;DEU;;;9.00;0.00;0.00;;10.50;9.27;---;THI44;THI44;Thiessow;;N;;N;N;N;;;GO;;GNS, LLS;50.00;0.00;Metal;;1984-03-02;MFL;1984-01-01;2022-03-14;
DEU000240613;;DEU;;;4.00;5.58;0.00;;7.92;0.00;---;GLO003;GLO003;;;N;;N;;;;;FX;;GNS, LLS;15.00;0.00;;;1969-02-12;4C1;;;2000-04-10
DEU000240614;;DEU;;;0.00;2.21;0.00;;5.60;0.00;---;HOL2;HOL2;;;N;;N;;;;;FX;;GNS, NK;6.00;0.00;;;1965-04-08;C19;;;1993-01-11
DEU000240615;;DEU;;;7.00;14.29;0.00;;9.65;9.06;---;GZI18;GZI18;;;N;;N;;;;;FX;;GNS, LLS;49.00;0.00;Wood;;1981-06-17;4C1;1981-01-01;2000-12-27;
DEU000240616;;DEU;;;3.00;2.67;0.00;;8.70;7.45;---;FRE29;FRE29;;;N;;N;;;;;FX;;GNS, FPO;22.00;0.00;Metal;;1986-03-15;MFL;1986-01-01;;2011-10-11
DEU000240617;;DEU;;;1.00;0.00;0.00;;5.00;0.00;---;VIT18;VIT18;;;N;;N;;;;;FX;;GNS, LLS;6.00;0.00;Wood;;1974-04-14;MFL;1974-01-01;;2006-09-20
DEU000240618;;DEU;;;1.00;1.77;0.00;;5.00;0.00;---;AHL25;AHL25;;;N;;N;;;;;FX;;GNS, LLS;5.00;0.00;;;1976-10-13;4C1;;;1999-02-02
DEU000240619;;DEU;;;2.00;0.00;0.00;;6.95;6.83;---;BAN24;BAN24;Bansin;;N;;N;N;N;;;GO;;GNS, LLS;20.00;0.00;Wood;;1995-12-01;MFL;1995-01-01;;2024-08-01
DEU000240624;;DEU;;;6.00;0.00;0.00;;8.65;0.00;MINDY;FRE19;FRE19;;;N;;N;;;;;FX;;GNS, LLS;68.00;0.00;Fiber/Plastic;;2001-11-14;MFL;1983-01-01;;
DEU000240627;;DEU;;;1.00;0.00;0.00;;5.20;0.00;---;GOEH2;GOEH2;;;N;;N;;;;;FX;;GNS, LLS;6.00;0.00;Wood;;1974-04-18;MFL;1974-01-01;;2006-01-30
DEU000240631;;DEU;;;3.00;5.11;0.00;;8.50;7.60;---;AWA30;AWA30;;;N;;N;;;;;FX;;GNS, NK;22.00;0.00;Wood;;1963-07-02;MFL;1963-01-01;;2004-07-05
DEU000240637;;DEU;;;0.00;2.80;0.00;;6.30;0.00;---;NEU013;NEU013;;;N;;N;;;;;FX;;GNS, NO;3.00;0.00;;;1964-07-11;C19;;;1993-07-01
DEU000240639;;DEU;;;1.00;2.71;0.00;;6.20;0.00;---;NEU37N;NEU37N;;;N;;N;;;;;FX;;GNS, LLS;15.00;0.00;Fiber/Plastic;;1978-01-25;MFL;1963-01-01;;2005-05-10
DEU000240641;;DEU;;;1.00;0.00;0.00;;4.70;0.00;---;SAS87N;SAS87N;Sassnitz;;N;;N;N;N;;;GO;;GNS, LLS;15.00;0.00;Fiber/Plastic;;2007-06-08;MFL;2007-01-01;;
DEU000240645;;DEU;;;0.00;2.38;0.00;;5.80;0.00;---;RIB10;RIB10;;;N;;N;;;;;FX;;GNS, NK;4.00;0.00;;;1965-11-17;C19;;;1994-05-05
DEU000240648;;DEU;;;1.00;0.00;0.00;;4.88;0.00;---;BOR13;BOR13;;;N;;N;;;;;FX;;GNS, FPO;11.00;0.00;Fiber/Plastic;;1992-09-10;MFL;1992-01-01;;
DEU000240650;;DEU;;;1.00;0.00;0.00;;4.40;0.00;---;ZID21;ZID21;;;N;;N;N;N;;;GO;;GNS, LLS;5.00;0.00;Fiber/Plastic;;1999-08-06;MFL;1999-01-01;;2020-04-30
DEU000240651;;DEU;;;0.00;6.11;0.00;;9.30;0.00;---;RER009;RER009;;;N;;N;;;;;FX;;GNS, LLS;15.00;0.00;;;1958-11-07;C19;;;1993-05-01
DEU000250300;;DEU;;;0.00;12.33;0.00;;14.08;12.24;FREIHEIT;BRA1;BRA1;;;N;;N;;;;;FX;;GNS, NO;53.00;0.00;;;1971-11-26;C19;;;1992-08-17
DEU000250500;;DEU;;;0.00;101.69;0.00;;26.47;23.82;GERMANIA;HF538;HF538;;;Y;DARS;N;;;;;FX;;OTB, PTB;441.00;0.00;;;1960-08-24;G20;;;1994-12-05
DEU000250601;;DEU;;;0.00;3169.19;0.00;;101.88;95.20;EHRN WELK;ROS333;ROS333;;;Y;Y4CC;N;;;;;FX;;OTM, OTB;2856.00;0.00;;;1977-12-07;2;;;1990-12-04
DEU000250602;;DEU;;;42.00;0.00;0.00;;17.80;15.94;LOECKNITZ;SAS62;SAS62;;;Y;Y4LO;N;;;;;FX;;OTB, PTB;103.00;0.00;Wood;;1950-06-17;MFL;1950-01-01;;2006-06-01
DEU000250603;;DEU;;;41.00;38.41;0.00;;17.80;15.94;ANGERMUENDE;WAR66;WAR66;;;Y;Y4OR;N;;;;;FX;;OTB, PTB;147.00;0.00;;;1950-12-01;G16;;;
DEU000250605;;DEU;;;0.00;99.00;0.00;;24.19;22.55;KARLSHAGEN;STR304;STR304;;;Y;Y4NJ;N;;;;;FX;;OTB, PTB;309.00;50.00;;;1967-01-09;4;;;1990-11-01
DEU000250606;;DEU;;;7.00;0.00;0.00;;10.10;9.63;CONDOR;GRI5;GRI5;;;Y;DH3690;N;N;N;;;GO;;GNS, LLS;70.00;0.00;Fiber/Plastic;;1984-03-05;MFL;1983-01-01;;
DEU000250607;;DEU;;;0.00;1.50;0.00;;4.00;0.00;---;LAU20;LAU20;;;N;;N;;;;;FX;;GNS, NO;0.00;0.00;;;1981-10-10;C19;;;1994-11-10
DEU000250608;;DEU;;;1.00;3.46;0.00;;7.00;0.00;---;WIE1;WIE1;;;N;;N;;;;;FX;;FPO, LLS;6.00;0.00;Wood;;1965-07-11;MFL;1965-01-01;;2007-06-01
DEU000250609;;DEU;;;2.00;4.52;0.00;;7.50;7.00;---;UEK40;UEK40;;;N;;N;;;;;FX;;GNS, LLS;6.00;0.00;;;1949-04-03;4C1;;2000-04-11;
DEU000250610;;DEU;;;1.00;1.90;0.00;;6.42;6.08;---;BAR5;BAR5;;;N;;N;;;;;FX;;GNS, NK;4.00;0.00;;;1953-01-01;4C1;;;1998-06-08
DEU000250612;;DEU;;;3.00;3.46;0.00;;7.00;0.00;---;THI45;THI45;;;N;;N;;;;;FX;;GNS, LLS;30.00;0.00;Metal;;1984-06-20;MFL;1984-01-01;;2003-12-11
DEU000250613;;DEU;;;0.00;5.11;0.00;;8.50;0.00;---;GLO004;GLO004;;;N;;N;;;;;FX;;GNS, LLS;15.00;0.00;;;1974-03-12;4;;1991-08-12;
DEU000250614;;DEU;;;0.00;2.21;0.00;;5.60;0.00;---;HOL3;HOL3;;;N;;N;;;;;FX;;GNS, NK;0.00;0.00;;;1959-06-07;C19;;;1993-01-11
DEU000250615;;DEU;;;0.00;1.13;0.00;;4.00;0.00;---;KHA02;KHA02;;;N;;N;;;;;FX;;GNS;6.00;0.00;;;1948-04-25;4;;;1993-04-15
DEU000250616;;DEU;;;2.00;0.00;0.00;;8.34;7.32;---;ANF5;ANF5;;;N;;N;;;;;FX;;GNS, LLS;6.00;0.00;Metal;;1950-03-05;MFL;1950-01-01;;2005-12-08
DEU000250617;;DEU;;;3.00;3.66;0.00;;7.20;0.00;---;VIT019;VIT019;;;N;;N;;;;;FX;;GNS, NO;37.00;0.00;;;1969-08-27;4C1;;;2000-08-22
DEU000250619;;DEU;;;1.00;1.40;0.00;;4.50;0.00;---;BAN25;BAN25;;;N;;N;;;;;FX;;GNS, LLS;0.00;0.00;Fiber/Plastic;;1995-12-14;MFL;1994-01-01;;2007-11-06
DEU000250624;;DEU;;;1.00;0.00;0.00;;7.05;0.00;---;ZEM11N;ZEM11N;;;N;;N;;;;;FX;;GNS, LLS;11.00;0.00;Fiber/Plastic;;2002-02-05;MFL;1991-01-01;;2013-06-27
DEU000250627;;DEU;;;1.00;0.00;0.00;;4.24;0.00;---;GZI29N;GZI29N;;;N;;N;;;;;FX;;GNS, LLS;4.00;0.00;Wood;;1985-02-16;MFL;1985-01-01;;2017-01-31
DEU000250631;;DEU;;;3.00;5.23;0.00;;8.60;7.50;---;AWA33;AWA33;;;N;;N;;;;;FX;;GNS, NK;9.00;0.00;;;1983-09-27;4C1;;;2001-04-27
DEU000250637;;DEU;;;0.00;1.56;0.00;;4.70;0.00;---;NEU013A;NEU013A;;;N;;N;;;;;FX;;GNS, NO;3.00;0.00;;;1974-06-17;C19;;;1992-11-24
DEU000250639;;DEU;;;1.00;0.00;0.00;;5.00;0.00;---;UMM22N;UMM22N;;;N;;N;;;;;FX;;GNS, FPO;0.00;0.00;Fiber/Plastic;;1991-01-07;MFL;1982-01-01;;2006-09-13
DEU000250641;;DEU;;;1.00;0.00;0.00;;4.10;0.00;---;DRA5;DRA5;;;N;;N;N;N;;;GO;;GNS, FPO;8.00;0.00;Fiber/Plastic;;2009-02-11;MFL;1983-01-01;;
DEU000250645;;DEU;;;1.00;1.63;0.00;;7.18;6.43;---;RIB11;RIB11;;;N;;N;;;;;FX;;GNS, NK;5.00;0.00;;;1950-10-15;4C1;;;1997-03-25
DEU000250648;;DEU;;;0.00;1.68;0.00;;4.88;0.00;---;BOR4;BOR4;;;N;;N;;;;;FX;;GNS, LLS;7.00;0.00;;;1992-02-06;4;;;1992-05-01
DEU000250650;;DEU;;;1.00;0.00;0.00;;5.70;0.00;---;ZID23;ZID23;Zingst;;N;;N;N;N;;;GO;;GNS, LLS;13.00;0.00;Fiber/Plastic;;2000-09-12;MFL;1999-01-01;;
DEU000250651;;DEU;;;2.00;3.87;0.00;;7.40;6.80;---;RER017N;RER017N;;;N;;N;;;;;FX;;GNS, LLS;9.00;0.00;Wood;;1975-04-12;MFL;1975-01-01;;2007-11-06
DEU000260300;;DEU;;;0.00;26.47;0.00;;16.70;15.23;FRIEDEN;BRA2;BRA2;;;Y;DJSU;N;;;;;FX;;GNS, NO;162.00;0.00;;;1987-08-03;4;;;1992-12-31
DEU000260601;;DEU;;;0.00;998.05;0.00;;63.19;59.01;HERBERT BAUM;ROS408;ROS408;;;N;;N;;;;;FX;;OTB, OTM;1104.00;205.00;;;1966-08-11;1;;;1990-12-01
DEU000260602;;DEU;;;41.00;38.41;0.00;;17.80;15.94;FISCHLAND;SAS63;SAS63;;;Y;Y4LN;N;;;;;FX;;OTB, PTB;103.00;9.00;Wood;;1950-07-14;MFL;1950-01-01;;2005-04-06
DEU000260603;;DEU;;;0.00;38.41;0.00;;17.60;0.00;DEMMIN;WAR67;WAR67;;;Y;Y40N;N;;;;;FX;;OTB, PTB;147.00;0.00;;;1950-06-15;4;;;1991-05-21
DEU000260605;;DEU;;;0.00;72.00;0.00;;24.00;22.00;RUDOLF VIRCHOW;STR171;STR171;;;Y;Y4NL;N;;;;;FX;;OTB, PTB;147.00;5.00;;;1953-05-04;4;;;1990-11-01
DEU000260606;;DEU;;;1.00;1.28;0.00;;4.26;0.00;---;KAR2A;KAR2A;;;N;;N;;;;;FX;;GNS, LLS;0.00;0.00;Fiber/Plastic;;1983-06-26;MFL;1983-01-01;;2009-12-07
DEU000260607;;DEU;;;1.00;1.80;0.00;;4.50;0.00;---;NKA04;NKA04;;;N;;N;;;;;FX;;GNS, NO;4.00;0.00;;;1994-01-01;4C1;;;1997-04-15
DEU000260608;;DEU;;;0.00;3.36;0.00;;6.90;0.00;---;WIE5;WIE5;;;N;;N;;;;;FX;;GNS, LLS;9.00;0.00;;;1972-07-06;C19;;;1996-03-05
DEU000260609;;DEU;;;2.00;4.76;0.00;;8.16;7.66;---;UEK41;UEK41;;;N;;N;;;;;FX;;GNS, NK;9.00;0.00;Wood;;1990-01-14;MFL;1989-01-01;;2015-10-22
DEU000260610;;DEU;;;1.00;2.13;0.00;;5.50;0.00;---;BAR5A;BAR5A;;;N;;N;;;;;FX;;GNS, NK;11.00;0.00;;;1970-01-01;4C1;;;2001-08-21
DEU000260612;;DEU;;;9.00;0.00;0.00;;10.55;9.14;---;THI47;THI47;;;N;;N;N;N;;;GO;;GNS, LLS;38.00;0.00;Metal;;1988-07-25;MFL;1988-01-01;;
DEU000260613;;DEU;;;4.00;6.58;0.00;;7.91;0.00;---;GLO005;GLO005;;;N;;N;;;;;FX;;GNS, LLS;15.00;0.00;;;1983-01-01;4C1;;;1998-08-14
DEU000260614;;DEU;;;0.00;1.56;0.00;;4.70;0.00;---;KROE2;KROE2;;;N;;N;;;;;FX;;GNS, NK;0.00;0.00;;;1955-08-17;C19;;;1993-02-01
DEU000260615;;DEU;;;4.00;7.12;0.00;;8.61;7.71;---;KHA3;KHA3;;;N;;N;;;;;FX;;GNS;18.00;0.00;Wood;;1981-04-15;MFL;1981-01-01;;2009-03-03
DEU000260616;;DEU;;;2.00;3.46;0.00;;7.80;0.00;---;ANF5B;ANF5B;;;N;;N;;;;;FX;;GNS, NK;6.00;0.00;;;1965-04-11;4C1;;1999-03-30;
DEU000260617;;DEU;;;1.00;1.67;0.00;;4.88;0.00;---;ZEM27;ZEM27;;;N;;N;;;;;FX;;GNS, LLS;11.00;0.00;Fiber/Plastic;;1990-03-14;MFL;1990-01-01;;2011-11-08
DEU000260618;;DEU;;;0.00;2.98;0.00;;6.30;0.00;---;AHL027;AHL027;;;N;;N;;;;;FX;;GNS, LLS;36.00;0.00;;;1984-11-25;C19;;;1994-11-01
DEU000260619;;DEU;;;1.00;1.00;0.00;;5.30;0.00;---;BAN27;BAN27;Bansin;;N;;N;N;N;;;GO;;GNS, LLS;29.00;0.00;Fiber/Plastic;;1996-08-01;MFL;1996-01-01;;
DEU000260624;;DEU;;;1.00;0.00;0.00;;4.26;0.00;---;ZEM19Z;ZEM19Z;;;N;;N;;;;;FX;;GNS, LLS;6.00;0.00;Fiber/Plastic;;2002-02-05;MFL;1989-01-01;;2007-10-23
DEU000260627;;DEU;;;1.00;1.88;0.00;;5.16;0.00;---;BAA13A;BAA13A;;;N;;N;;;;;FX;;GNS, NO;3.00;0.00;;;1947-04-24;4C1;;;2002-02-20
DEU000260631;;DEU;;;3.00;0.00;0.00;;8.65;7.75;---;AWA41N;AWA41N;Altwarp;;N;;N;N;N;;;GO;;GNS, LLS;18.00;0.00;Wood;;1971-07-12;MFL;1971-01-01;;2022-12-31
DEU000260637;;DEU;;;0.00;1.37;0.00;;4.50;0.00;---;NEU014;NEU014;;;N;;N;;;;;FX;;GNS, NO;0.00;0.00;;;1975-04-18;C19;;;1994-10-10
DEU000260639;;DEU;;;1.00;1.28;0.00;;4.25;0.00;---;UMM12N;UMM12N;;;N;;N;;;;;FX;;GNS, LLS;7.00;0.00;;;1988-07-10;4C1;;2001-01-04;
DEU000260641;;DEU;;;1.00;0.00;0.00;;4.62;0.00;---;DRA21;DRA21;Dranske;;N;;N;N;N;;;GO;;GNS, FPO;0.00;0.00;Fiber/Plastic;;2010-11-12;MFL;1995-01-01;;2024-06-14
DEU000260645;;DEU;;;1.00;1.93;0.00;;6.20;6.15;---;RIB30;RIB30;;;N;;N;;;;;FX;;GNS, LLS;18.00;0.00;;;1991-09-01;4C1;;;2001-04-07
DEU000260648;;DEU;;;1.00;1.58;0.00;;4.88;0.00;---;BOR1;BOR1;;;N;;N;;;;;FX;;GNS, LLS;7.00;0.00;Fiber/Plastic;;1993-07-05;MFL;1993-01-01;;2009-03-09
DEU000260650;;DEU;;;1.00;0.00;0.00;;4.40;0.00;---;ZID24;ZID24;;;N;;N;N;N;;;GO;;GNS, LLS;6.00;0.00;Fiber/Plastic;;2001-08-07;MFL;1996-01-01;;2020-04-30
DEU000260651;;DEU;;;0.00;2.38;0.00;;5.80;0.00;---;RER013;RER013;;;N;;N;;;;;FX;;GNS, LLS;3.00;0.00;;;1958-04-04;4;;;1992-10-17
DEU000270300;211342220;DEU;;;111.00;0.00;0.00;;23.99;22.06;ROTESAND;SD18;SD18;Büsum;;Y;DLHX;Y;Y;Y;8826668;;TTW;;TBB, OTB;221.00;0.00;Metal;;1983-02-03;MFL;1982-01-01;;
DEU000270500;;DEU;;;81.00;67.35;0.00;;24.11;21.30;NYMPHE;NC307;NC307;;;Y;DETW;N;;;;;FX;;OTB, PTB;221.00;0.00;;;1954-11-25;4C3;;;2002-08-26
DEU000270602;;DEU;;;46.00;37.24;0.00;;17.60;15.95;FRIEDLAND;SAS64;SAS64;;;Y;Y4LP;N;;;;;FX;;OTB, PTB;103.00;0.00;;;1950-09-01;4C3;;1998-04-23;
DEU000270603;;DEU;;;0.00;37.67;0.00;;17.60;0.00;GERA;WAR68;WAR68;;;Y;Y4OQ;N;;;;;FX;;OTB, PTB;110.00;0.00;;;1950-08-15;4;;;1991-05-21
DEU000270605;;DEU;;;0.00;72.00;0.00;;24.00;22.00;MIKALININ;STR173;STR173;;;Y;Y4NM;N;;;;;FX;;OTB, PTB;147.00;5.00;;;1952-01-30;4;;;1990-11-01
DEU000270606;;DEU;;;2.00;0.00;0.00;;6.80;0.00;---;AHL1;AHL1;Ahlbeck;;N;;N;N;N;;;GO;;GNS, LLS;36.00;0.00;Fiber/Plastic;;1984-07-11;MFL;1984-01-01;;
DEU000270607;;DEU;;;0.00;2.00;0.00;;5.20;0.00;---;LAU22;LAU22;;;N;;N;;;;;FX;;GNS, NO;0.00;0.00;;;1974-04-02;C19;;;1994-11-10
DEU000270608;;DEU;;;0.00;2.54;0.00;;6.00;0.00;---;LUB18;LUB18;;;N;;N;;;;;FX;;GNS, LLS;6.00;0.00;;;1948-04-14;C19;;1994-01-04;
DEU000270609;;DEU;;;2.00;0.00;0.00;;7.50;6.64;---;RIT13N;RIT13N;;;N;;N;;;;;FX;;GNS, FPO;23.00;0.00;Wood;;1969-04-22;MFL;1969-01-01;;2016-10-18
DEU000270610;;DEU;;;1.00;0.00;0.00;;7.80;0.00;---;BAR14N;BAR14N;;;N;;N;;;;;FX;;GNS, LLS;6.00;0.00;Fiber/Plastic;;2004-06-04;MFL;2004-01-01;;2008-06-17
DEU000270612;;DEU;;;0.00;5.72;0.00;;9.00;0.00;---;KZI003;KZI003;;;N;;N;;;;;FX;;GNS, NK;18.00;0.00;;;1966-04-30;C19;;1994-08-09;
DEU000270613;;DEU;;;4.00;6.40;0.00;;8.29;8.09;---;UMM27;UMM27;;;N;;N;;;;;FX;;GNS, LLS;33.00;0.00;Wood;;1978-06-13;MFL;1978-01-01;;2007-05-14
DEU000270614;;DEU;;;1.00;1.37;0.00;;4.40;0.00;---;KROE4;KROE4;;;N;;N;;;;;FX;;GNS, NK;0.00;0.00;Fiber/Plastic;;1985-04-11;MFL;1985-01-01;;2008-03-25
DEU000270615;;DEU;;;0.00;1.13;0.00;;4.00;0.00;---;KHA07;KHA07;;;N;;N;;;;;FX;;GNS;6.00;0.00;;;1969-07-24;4;;1994-03-09;
DEU000270616;;DEU;;;0.00;4.81;0.00;;8.25;0.00;---;ANK2;ANK2;;;N;;N;;;;;FX;;GNS, NK;7.00;0.00;;;1963-04-14;C19;;1994-01-25;
DEU000270617;;DEU;;;0.00;2.54;0.00;;6.00;0.00;---;VIT021;VIT021;;;N;;N;;;;;FX;;GNS, NO;5.00;0.00;;;1954-08-07;C19;;;1992-11-17
DEU000270618;;DEU;;;0.00;4.00;0.00;;7.60;7.05;---;AHL28;AHL28;;;N;;N;;;;;FX;;GNS, LLS;11.00;0.00;;;1971-05-10;C19;;;1996-08-01
DEU000270619;;DEU;;;1.00;1.98;0.00;;5.30;0.00;---;AHL7;AHL7;;;N;;N;;;;;FX;;GNS, FPO;12.00;0.00;Fiber/Plastic;;1996-12-29;MFL;1996-01-01;;
DEU000270624;;DEU;;;1.00;0.00;0.00;;4.65;0.00;---;ZEM29;ZEM29;Zempin;;N;;N;N;N;;;GO;;GNS, LLS;13.00;0.00;Fiber/Plastic;;2002-02-19;MFL;2002-01-01;;
DEU000270627;;DEU;;;1.00;1.80;0.00;;5.10;0.00;---;BAA26;BAA26;;;N;;N;;;;;FX;;GNS, NO;6.00;0.00;Wood;;1979-04-24;MFL;1979-01-01;;2005-04-05
DEU000270631;;DEU;;;2.00;4.41;0.00;;7.95;7.11;---;RIT4;RIT4;;;N;;N;;;;;FX;;GNS, LLS;12.00;0.00;Metal;;1991-01-13;MFL;1991-01-01;;
DEU000270637;;DEU;;;0.00;7.46;0.00;;7.88;0.00;---;NEU015;NEU015;;;N;;N;;;;;FX;;GNS, NK;33.00;0.00;;;1954-08-19;4;;1992-08-18;
DEU000270641;;DEU;;;1.00;0.00;0.00;;3.98;0.00;---;DRA22;DRA22;Dranske;;N;;N;N;N;;;GO;;GNS, FPO;3.00;0.00;Fiber/Plastic;;2012-06-22;MFL;1995-01-01;;2024-06-14
DEU000270645;;DEU;;;1.00;2.54;0.00;;6.00;0.00;---;RIB1;RIB1;;;N;;N;;;;;FX;;GNS, NK;7.00;0.00;;;1960-05-14;C19;;;1995-06-27
DEU000270648;;DEU;;;1.00;1.50;0.00;;4.44;0.00;---;BOR4;BOR4;;;N;;N;;;;;FX;;GNS, LLS;6.00;0.00;;;1994-01-04;4C1;;;1997-11-05
DEU000270650;;DEU;;;5.00;0.00;0.00;;10.05;8.78;Uns Stiene;ZID22;ZID22;Zingst;;N;;N;N;N;;;GO;;GNS, LLS;125.00;0.00;Fiber/Plastic;;2001-08-13;MFL;1987-01-01;;2022-11-30
DEU000270651;;DEU;;;4.00;5.54;0.00;;8.85;8.40;---;RER046;RER046;;;N;;N;;;;;FX;;GNS, LLS;44.00;0.00;;;1978-12-12;4C1;;;1997-05-06
DEU000280300;;DEU;;;87.00;69.99;0.00;;24.71;22.17;R.H.VAN SCHIJNDEL;BRA4;BRA4;Brake;;Y;DDHL;N;;;;;TUB;;TBB, OTM;221.00;0.00;Metal;;1988-02-16;C12;1983-01-01;;
DEU000280500;211551000;DEU;;;65.00;0.00;0.00;;21.44;19.30;OSTETAL;HF567;HF567;Hamburg;;Y;DIDO;Y;Y;Y;;;TU;;TBB, NO;221.00;0.00;Metal;;1981-06-12;MFL;1981-01-01;;
DEU000280602;;DEU;;;41.00;38.41;0.00;;17.80;15.94;KAI-TIMO;SH4;SH4;;;Y;Y4LK;N;;;;;FX;;OTB, PTB;177.00;0.00;;;1950-09-03;4C3;;;
DEU000280603;;DEU;;;19.00;19.00;0.00;;12.60;11.18;BARTH;WAR70;WAR70;;;Y;Y4OV;N;;;;;FX;;OTB, PTB;80.00;0.00;Wood;;1956-04-01;MFL;1956-01-01;;2011-12-27
DEU000280606;;DEU;;;1.00;0.00;0.00;;4.26;0.00;---;KAR3A;KAR3A;Karlshagen;;N;;N;N;N;;;GO;;GNS, LLS;5.00;0.00;Fiber/Plastic;;1984-07-27;MFL;1984-01-01;;2024-08-08
DEU000280607;;DEU;;;1.00;1.34;0.00;;4.35;0.00;---;SEE07AN;SEE07AN;;;N;;N;;;;;FX;;GNS, NO;0.00;0.00;;;1965-06-16;4C1;;;2001-03-20
DEU000280608;;DEU;;;10.00;0.00;0.00;;9.84;8.77;STEFFI;PRE17;PRE17;Prerow;;Y;DG9561;N;N;N;;;GO;;GNS, LLS;72.00;0.00;Fiber/Plastic;;1992-03-11;MFL;1991-01-01;2022-11-30;
DEU000280609;;DEU;;;0.00;2.98;0.00;;6.50;0.00;---;RIT18;RIT18;;;N;;N;;;;;FX;;GNS, NK;6.00;0.00;;;1962-05-23;C19;;;1992-06-01
DEU000280610;;DEU;;;2.00;0.00;0.00;;7.73;0.00;KRANICH;BAR15;BAR15;;;N;;N;;;;;FX;;GNS, LLS;39.00;0.00;Metal;;2004-10-18;MFL;1971-01-01;2015-11-30;
DEU000280611;;DEU;;;0.00;2.10;0.00;;5.40;0.00;---;STA012;STA012;;;N;;N;;;;;FX;;GNS, NO;0.00;0.00;;;1969-04-11;C19;;;1992-06-01
DEU000280612;;DEU;;;8.00;0.00;0.00;;9.50;8.10;---;GZI6;GZI6;Thiessow;;N;;N;N;N;;;GO;;GNS, LLS;37.00;0.00;Wood;;1979-05-10;MFL;1979-01-01;2022-03-10;
DEU000280613;;DEU;;;0.00;4.87;0.00;;8.30;0.00;---;GLO008;GLO008;;;N;;N;;;;;FX;;GNS, LLS;15.00;0.00;;;1968-04-12;C19;;1993-06-10;
DEU000280614;;DEU;;;0.00;2.54;0.00;;6.00;0.00;---;KROE6;KROE6;;;N;;N;;;;;FX;;GNS, NK;6.00;0.00;;;1943-03-11;C19;;;1993-02-01
DEU000280615;;DEU;;;0.00;5.40;0.00;;7.40;6.80;---;ARE01;ARE01;;;N;;N;;;;;FX;;GNS;18.00;0.00;;;1979-08-11;4;;1994-08-14;
DEU000280616;;DEU;;;0.00;4.10;0.00;;8.00;0.00;---;ANK3;ANK3;;;N;;N;;;;;FX;;GNS, NK;44.00;0.00;;;1977-02-12;C19;;1993-07-20;
DEU000280617;;DEU;;;1.00;0.00;0.00;;4.60;0.00;---;VIT022;VIT022;;;N;;N;;;;;FX;;GNS, NO;5.00;0.00;Fiber/Plastic;;1981-11-11;MFL;1981-01-01;;2006-12-08
DEU000280618;;DEU;;;3.00;4.35;0.00;;8.70;7.56;---;AHL029;AHL029;;;N;;N;;;;;FX;;GNS, LLS;18.00;0.00;Wood;;1988-10-03;MFL;1980-01-01;;2008-07-25
DEU000280619;;DEU;;;1.00;2.15;0.00;;5.52;5.11;---;BAL10;BAL10;;;N;;N;;;;;FX;;GNS, LLS;5.00;0.00;Wood;;1997-01-01;MFL;1970-01-01;;2010-04-06
DEU000280624;;DEU;;;1.00;0.00;0.00;;4.05;0.00;LENNOX;ZEM1;ZEM1;;;N;;N;;;;;FX;;GNS, LLS;14.00;0.00;Fiber/Plastic;;2007-10-23;MFL;2004-01-01;;2017-06-13
DEU000280627;;DEU;;;1.00;2.00;0.00;;4.00;0.00;---;BAA03A;BAA03A;;;N;;N;;;;;FX;;FPO, NO;4.00;0.00;Wood;;1963-07-06;MFL;1963-01-01;;2008-06-30
DEU000280631;;DEU;;;2.00;0.00;0.00;;8.20;0.00;---;AWA17;AWA17;Ueckermünde;;N;;N;N;N;;;GO;;GNS, LLS;13.00;0.00;Metal;;1992-05-18;MFL;1992-01-01;;2024-03-15
DEU000280637;;DEU;;;1.00;2.00;0.00;;5.30;0.00;---;NEU015A;NEU015A;;;N;;N;;;;;FX;;GNS, NO;9.00;0.00;;;1970-07-18;4C1;;;2002-10-07
DEU000280639;;DEU;;;1.00;2.70;0.00;;6.18;0.00;---;UMM1C;UMM1C;;;N;;N;;;;;FX;;GNS, NO;5.00;0.00;;;1957-08-13;4C1;;;2001-02-26
DEU000280641;;DEU;;;1.00;0.00;0.00;;4.45;0.00;---;DRA24;DRA24;;;N;;N;;;;;FX;;GNS, FPO;19.00;0.00;Fiber/Plastic;;2014-12-04;MFL;2014-01-01;;
DEU000280645;;DEU;;;1.00;0.00;0.00;;7.50;6.10;---;RIB8;RIB8;Ribnitz-Damgarten;;N;;N;N;N;;;GO;;GNS, FPO;7.00;0.00;Fiber/Plastic;;1994-01-02;MFL;1993-01-01;;
DEU000280648;;DEU;;;1.00;1.91;0.00;;5.50;0.00;---;PRU9;PRU9;;;N;;N;;;;;FX;;GNS, LLS;6.00;0.00;;;1994-01-01;4C1;;;1997-09-02
DEU000280650;;DEU;;;1.00;0.00;0.00;;4.40;0.00;---;ZID18N;ZID18N;;;N;;N;;;;;FX;;GNS, LLS;3.00;0.00;Fiber/Plastic;;2001-09-14;MFL;2001-01-01;;2010-12-22
DEU000280651;;DEU;;;1.00;0.00;0.00;;6.20;0.00;---;RER001;RER001;;;N;;N;;;;;FX;;GNS, LLS;6.00;0.00;Wood;;1990-03-20;MFL;1990-01-01;;2007-03-13
DEU000290300;211320460;DEU;;;98.00;0.00;0.00;;24.65;22.17;PIETER;BRA5;BRA5;Brake;;Y;DDHM;Y;Y;Y;8531938;;TU;;TBB, PTB;221.00;0.00;Metal;;1988-02-16;MFL;1983-01-01;;
DEU000290500;;DEU;;;213.00;196.45;0.00;;31.17;27.00;HANSA;HF544;HF544;;;Y;DGLB;N;;;;;FX;;LLS, NO;368.00;0.00;Metal;;1966-10-02;MFL;1966-01-01;2003-11-05;
DEU000290602;;DEU;;;43.00;38.41;0.00;;17.80;15.94;GOERLITZ;SAS66;SAS66;;;Y;Y4LI;N;;;;;FX;;OTB, PTB;180.00;0.00;;;1949-09-21;4C3;;;2001-12-17
DEU000290603;;DEU;;;19.00;19.00;0.00;;12.60;11.14;RERIK;WAR73;WAR73;;;Y;Y4QA;N;;;;;FX;;GNS, LLS;44.00;0.00;;;1956-04-01;C19;;;1996-10-15
DEU000290606;;DEU;;;1.00;2.54;0.00;;6.00;0.00;---;KAR4;KAR4;;;N;;N;;;;;FX;;GNS, LLS;9.00;0.00;Wood;;1979-05-14;MFL;1979-01-01;;2003-08-05
DEU000290607;;DEU;;;1.00;0.00;0.00;;5.08;0.00;---;NRE11;NRE11;;;N;;N;N;N;;;GO;;GNS, LLS;0.00;0.00;Wood;;1980-03-12;MFL;1980-01-01;;2018-08-07
DEU000290608;;DEU;;;2.00;5.10;0.00;;8.50;0.00;---;WIE19A;WIE19A;;;N;;N;;;;;FX;;GNS, LLS;5.00;0.00;;;1965-08-10;4C1;;;2001-09-24
DEU000290609;;DEU;;;0.00;5.11;0.00;;8.50;0.00;---;WAS1;WAS1;;;N;;N;;;;;FX;;GNS, NK;11.00;0.00;;;1965-11-12;C19;;;1995-06-21
DEU000290611;;DEU;;;1.00;0.00;0.00;;5.40;0.00;---;STA013N;STA013N;;;N;;N;N;N;;;WOP;;FPO, NO;7.00;0.00;Wood;;1970-04-27;MFL;1969-01-01;;
DEU000290612;;DEU;;;5.00;0.00;0.00;;8.22;7.92;---;LAU1;LAU1;;;N;;N;;;;;FX;;GNS, LLS;37.00;0.00;Wood;;1973-07-05;MFL;1973-01-01;;2013-12-18
DEU000290613;;DEU;;;2.00;4.26;0.00;;6.93;6.73;---;GLO009;GLO009;;;N;;N;;;;;FX;;GNS, LLS;24.00;0.00;;;1967-10-23;4C1;;;2000-04-10
DEU000290614;;DEU;;;0.00;1.24;0.00;;4.20;0.00;---;KROE7;KROE7;;;N;;N;;;;;FX;;GNS, NK;0.00;0.00;;;1987-08-17;C19;;;1993-05-18
DEU000290615;;DEU;;;6.00;8.84;0.00;;9.36;9.06;---;GAG27;GAG27;;;N;;N;;;;;FX;;GNS, LLS;37.00;0.00;Wood;;1984-07-30;MFL;1984-01-01;;2012-01-23
DEU000290616;;DEU;;;0.00;1.94;0.00;;7.98;6.85;---;WKL1;WKL1;;;N;;N;;;;;FX;;GNS, NK;6.00;0.00;;;1967-02-12;4;;;1994-01-02
DEU000290617;;DEU;;;0.00;1.28;0.00;;4.25;0.00;---;VIT023A;VIT023A;;;N;;N;;;;;FX;;GNS, NO;0.00;0.00;;;1975-05-06;C19;;;1994-07-25
DEU000290618;;DEU;;;2.00;3.18;0.00;;6.70;0.00;WIRBELWIND;AHL030N;AHL030N;;;N;;N;;;;;FX;;GNS, LLS;44.00;0.00;Metal;;1987-07-15;MFL;1987-01-01;;2015-04-30
DEU000290619;;DEU;;;1.00;1.10;0.00;;3.85;0.00;---;BAN29N;BAN29N;;;N;;N;;;;;FX;;GNS, LLS;5.00;0.00;Wood;;1999-02-03;MFL;1999-01-01;;2008-08-04
DEU000290624;;DEU;;;1.00;0.00;0.00;;5.50;0.00;---;ZEM2;ZEM2;;;N;;N;;;;;FX;;GNS, LLS;36.00;0.00;Fiber/Plastic;;2007-12-11;MFL;2007-01-01;;
DEU000290627;;DEU;;;1.00;2.48;0.00;;5.93;0.00;---;LOB01B;LOB01B;;;N;;N;;;;;FX;;GNS, NO;0.00;0.00;;;1980-04-14;C19;;;1996-02-22
DEU000290631;;DEU;;;1.00;1.49;0.00;;4.60;0.00;---;AWA4A;AWA4A;;;N;;N;;;;;FX;;GNS, LLS;26.00;0.00;;;1988-06-10;4C1;;;1999-06-16
DEU000290637;;DEU;;;13.00;0.00;0.00;;11.13;0.00;FALKE;NEU016;NEU016;"Neuendorf"", Hiddensee";;N;;N;N;N;;;GO;;GNS, LLS;81.00;0.00;Wood;;1943-09-18;MFL;1943-01-01;;2021-12-31
DEU000290639;;DEU;;;1.00;0.00;0.00;;5.78;0.00;---;UMM1D;UMM1D;;;N;;N;;;;;FX;;GNS, NO;0.00;0.00;Wood;;1959-07-02;MFL;1959-01-01;;2014-06-30
DEU000290641;;DEU;;;1.00;0.00;0.00;;5.20;0.00;---;DRA25;DRA25;Dranske;;N;;N;N;N;;;GO;;GNS, FPO;51.00;0.00;Fiber/Plastic;;2021-09-25;MFL;2021-01-01;;
DEU000290645;;DEU;;;1.00;0.00;0.00;;4.00;0.00;---;AHR15;AHR15;;;N;;N;;;;;FX;;GNS, NO;0.00;0.00;Fiber/Plastic;;1994-04-05;MFL;1985-01-01;;2006-12-19
DEU000290648;;DEU;;;0.00;1.80;0.00;;4.03;0.00;---;BOR2;BOR2;;;N;;N;;;;;FX;;GNS, LLS;7.00;0.00;;;1990-06-15;C19;;;1994-05-03
DEU000290650;;DEU;;;1.00;0.00;0.00;;5.40;0.00;---;ZID4;ZID4;Zingst;;N;;N;N;N;;;GO;;GNS, LLS;29.00;0.00;Fiber/Plastic;;2008-11-18;MFL;2008-01-01;;
DEU000290651;;DEU;;;2.00;3.13;0.00;;6.65;6.10;---;RER007;RER007;;;N;;N;;;;;FX;;GNS, LLS;11.00;0.00;Wood;;1990-09-25;MFL;1990-01-01;;2004-06-07
DEU000300500;211313600;DEU;;;196.00;105.87;0.00;;27.77;24.00;PESORSA DOS;HF564;HF564;Hamburg;;Y;DIFC;Y;Y;Y;7360930;;LL;;LLS, NO;412.00;0.00;Metal;;1974-05-08;MFL;1974-01-01;;
DEU000300601;211238930;DEU;;;7278.00;0.00;0.00;;116.70;109.41;HELEN MARY;ROS785;ROS785;Rostock;;Y;DQLI;Y;Y;Y;9126364;;TTP;;OTM, OTB;5299.00;3520.00;Metal;;1996-05-22;MFL;1996-01-01;;
DEU000300602;;DEU;;;0.00;38.41;0.00;;17.80;0.00;ORANIENBURG;SAS67;SAS67;;;Y;Y4LJ;N;;;;;FX;;OTB, PTB;103.00;0.00;;;1949-10-01;4;;1991-04-09;
DEU000300603;;DEU;;;0.00;117.26;0.00;;26.20;24.66;SILBERMOEWE;WAR100;WAR100;;;Y;Y40X;N;;;;;FX;;OTB, PTB;490.00;92.00;;;1977-07-15;3;;;1991-02-01
DEU000300606;;DEU;;;1.00;0.00;0.00;;6.00;0.00;---;KAR5;KAR5;;;N;;N;;;;;FX;;GNS, NO;10.00;0.00;Wood;;1983-04-14;MFL;1983-01-01;;2006-12-08
DEU000300607;;DEU;;;1.00;1.28;0.00;;4.26;0.00;---;LAU06;LAU06;;;N;;N;;;;;FX;;GNS, LLS;9.00;0.00;;;1979-04-03;4C1;;;1997-07-14
DEU000300608;;DEU;;;1.00;0.00;0.00;;4.20;0.00;---;LUB13N;LUB13N;Greifswald;;N;;N;N;N;;;GO;;GNS, LLS;6.00;0.00;Fiber/Plastic;;1994-04-12;MFL;1983-01-01;;2022-11-30
DEU000300609;;DEU;;;3.00;4.52;0.00;;8.15;6.80;---;WAS2N;WAS2N;;;N;;N;;;;;FX;;GNS, NK;18.00;0.00;;;1973-04-15;C19;;;1995-01-01
DEU000300611;;DEU;;;0.00;2.30;0.00;;5.70;0.00;---;STA014;STA014;;;N;;N;;;;;FX;;GNS, NO;0.00;0.00;;;1989-07-16;C19;;;1992-06-01
DEU000300612;;DEU;;;0.00;2.00;0.00;;5.30;0.00;---;KZI020;KZI020;;;N;;N;;;;;FX;;GNS;6.00;0.00;;;1985-09-02;C19;;;1993-04-05
DEU000300613;;DEU;;;1.00;1.68;0.00;;4.88;0.00;---;VIA001;VIA001;;;N;;N;;;;;FX;;GNS, LLS;12.00;0.00;Fiber/Plastic;;1990-07-13;MFL;1990-01-01;;
DEU000300614;;DEU;;;0.00;1.13;0.00;;4.00;0.00;---;KROE8;KROE8;;;N;;N;;;;;FX;;GNS, NK;6.00;0.00;;;1986-05-14;C19;;;1992-11-23
DEU000300615;;DEU;;;3.00;0.00;0.00;;7.88;7.50;---;ARE03N;ARE03N;Gager;;N;;N;N;N;;;GO;;GNS, LLS;9.00;0.00;Wood;;1978-09-10;MFL;1978-01-01;;
DEU000300616;;DEU;;;2.00;2.04;0.00;;7.73;6.65;---;WAT2;WAT2;;;N;;N;;;;;FX;;GNS, NK;6.00;0.00;;;1969-03-10;4C1;;1997-05-15;
DEU000300617;;DEU;;;1.00;1.13;0.00;;4.00;0.00;---;VIT024;VIT024;;;N;;N;;;;;FX;;GNS, LLS;6.00;0.00;;;1983-07-16;C19;;;1996-02-27
DEU000300618;;DEU;;;1.00;3.66;0.00;;7.80;7.00;---;GZI11;GZI11;;;N;;N;;;;;FX;;GNS, LLS;37.00;0.00;Wood;;1965-07-20;MFL;1965-01-01;;2003-12-22
DEU000300619;;DEU;;;1.00;1.27;0.00;;4.35;0.00;---;BAN30;BAN30;Bansin;;N;;N;N;N;;;GO;;GNS, LLS;23.00;0.00;Fiber/Plastic;;1999-03-30;MFL;1999-01-01;;
DEU000300624;;DEU;;;2.00;0.00;0.00;;7.80;0.00;ILSEBIL;ZEM4;ZEM4;;;N;;N;;;;;FX;;GNS, LLS;26.00;0.00;Wood;;2008-07-04;MFL;2007-01-01;;2009-03-02
DEU000300627;;DEU;;;1.00;0.00;0.00;;5.44;0.00;---;BAA9;BAA9;;;N;;N;;;;;FX;;GNS, LLS;6.00;0.00;Wood;;1996-02-22;MFL;1990-01-01;;2017-01-05
DEU000300631;;DEU;;;1.00;0.00;0.00;;5.85;0.00;---;AWA42N;AWA42N;;;N;;N;;;;;FX;;GNS, LLS;36.00;0.00;Metal;;1999-06-16;MFL;1999-01-01;;2012-12-03
DEU000300637;;DEU;;;1.00;0.00;0.00;;5.70;0.00;---;BOD16;BOD16;;;N;;N;;;;;FX;;GNS, LLS;6.00;0.00;Wood;;1943-05-19;MFL;1943-01-01;;2017-01-01
DEU000300639;;DEU;;;1.00;0.00;0.00;;5.85;0.00;---;THI55;THI55;Thiessow;;N;;N;N;N;;;GO;;GNS, LLS;0.00;0.00;Wood;;1960-07-24;MFL;1960-01-01;;2021-02-01
DEU000300645;;DEU;;;1.00;1.13;0.00;;4.00;0.00;---;NER2;NER2;;;N;;N;;;;;FX;;GNS, LLS;3.00;0.00;;;1994-05-05;4C1;;;1997-11-19
DEU000300648;;DEU;;;1.00;0.00;0.00;;4.95;0.00;---;BOR5N;BOR5N;;;N;;N;;;;;FX;;GNS, LLS;0.00;0.00;Metal;;1994-05-03;MFL;1994-01-01;;2009-12-10
DEU000300651;;DEU;;;0.00;7.07;0.00;;9.95;8.10;RACKER;RER033;RER033;;;N;;N;;;;;FX;;GNS, LLS;59.00;0.00;;;1985-02-23;C19;;;1996-07-16
DEU000310300;;DEU;;;56.00;0.00;0.00;;18.65;16.71;STADT TOENNING;ST6;ST6;;;Y;DITL;Y;;;;;FX;;TBB, OTB;221.00;0.00;Metal;;1974-01-08;MFL;1973-01-01;;2014-04-01
DEU000310500;211285880;DEU;;;265.00;0.00;0.00;;32.36;28.00;ORTEGAL TRES;HF570;HF570;Hamburg;;Y;DFQG;Y;Y;Y;7424580;;LL;;LLS, NO;662.00;0.00;Metal;;1975-09-16;MFL;1975-01-01;;
DEU000310601;;DEU;;;2291.00;1419.00;0.00;;67.00;59.30;SVALBAKUR;ROS810;ROS810;;;Y;DMEE;N;;;;;FX;;OTB, OTM;3300.00;0.00;;;1997-04-28;4C7;;;1999-10-25
DEU000310603;;DEU;;;0.00;117.29;0.00;;26.20;24.66;SEESCHWALBE;WAR101;WAR101;;;Y;Y40Z;N;;;;;FX;;OTB, PTB;490.00;92.00;;;1977-11-18;3;;;1991-02-01
DEU000310606;;DEU;;;1.00;2.54;0.00;;6.00;0.00;---;KAR6;KAR6;;;N;;N;;;;;FX;;GNS, NO;10.00;0.00;;;1983-06-14;4C1;;;1998-03-02
DEU000310607;;DEU;;;1.00;0.00;0.00;;5.10;0.00;---;LAU07B;LAU07B;;;N;;N;;;;;FX;;FPO, NO;6.00;0.00;Wood;;1980-01-02;MFL;1980-01-01;;2017-01-10
DEU000310608;;DEU;;;1.00;0.00;0.00;;5.10;0.00;---;LUB15;LUB15;;;N;;N;;;;;FX;;GNS, NO;0.00;0.00;Wood;;1954-04-12;MFL;1954-01-01;;2007-03-08
DEU000310609;;DEU;;;0.00;4.58;0.00;;8.10;6.75;---;WAS3;WAS3;;;N;;N;;;;;FX;;GNS, NK;9.00;0.00;;;1973-04-03;4;;;1994-09-20
DEU000310611;;DEU;;;1.00;0.00;0.00;;5.60;0.00;---;STA15;STA15;;;N;;N;N;N;;;GO;;GNS, LLS;7.00;0.00;Wood;;1961-11-13;MFL;1960-01-01;;2018-03-31
DEU000310612;;DEU;;;1.00;2.10;0.00;;5.40;0.00;---;BAA17N;BAA17N;;;N;;N;;;;;FX;;GNS, LLS;6.00;0.00;;;1968-11-10;4C1;;;1999-11-11
DEU000310613;;DEU;;;2.00;4.06;0.00;;7.10;6.95;---;VIA002N;VIA002N;;;N;;N;;;;;FX;;GNS, LLS;18.00;0.00;Wood;;1976-05-15;MFL;1976-01-01;;2005-05-12
DEU000310614;;DEU;;;0.00;2.54;0.00;;6.00;0.00;---;FRE1;FRE1;;;N;;N;;;;;FX;;GNS, NK;6.00;0.00;;;1980-09-17;4;;;1994-08-16
DEU000310615;;DEU;;;5.00;7.07;0.00;;8.83;8.40;---;ARE04;ARE04;;;N;;N;;;;;FX;;GNS, LLS;37.00;0.00;;;1977-10-25;4C1;;;2000-02-22
DEU000310616;;DEU;;;0.00;1.20;0.00;;7.50;6.30;---;AHL13;AHL13;;;N;;N;;;;;FX;;GNS, NK;6.00;0.00;;;1953-02-10;C19;;;1996-08-05
DEU000310617;;DEU;;;0.00;0.80;0.00;;3.15;0.00;---;VIT024A;VIT024A;;;N;;N;;;;;FX;;GNS, NO;0.00;0.00;;;1984-04-14;C19;;;1992-11-17
DEU000310618;;DEU;;;0.00;3.46;0.00;;7.00;0.00;---;BAL2;BAL2;;;N;;N;;;;;FX;;GNS, LLS;5.00;0.00;;;1968-04-10;C19;;;1993-08-03
DEU000310619;;DEU;;;1.00;0.00;0.00;;5.20;0.00;---;BAL2Z;BAL2Z;;;N;;N;;;;;FX;;GNS, LLS;0.00;0.00;Wood;;2000-07-03;MFL;1970-01-01;;2007-11-06
DEU000310624;;DEU;;;1.00;0.00;0.00;;5.20;0.00;---;ZEM10;ZEM10;;;N;;N;;;;;FX;;GNS, FPO;0.00;0.00;Fiber/Plastic;;2008-10-07;MFL;1995-01-01;;2010-05-18
DEU000310627;;DEU;;;5.00;9.76;0.00;;9.34;7.70;KAPT`N SILVER;BAA15;BAA15;;;N;;N;;;;;FX;;GNS, LLS;37.00;0.00;;;1996-04-26;4C1;;;2000-02-24
DEU000310628;;DEU;;;4.00;8.70;0.00;;8.94;8.34;---;KZI04;KZI04;;;N;;N;;;;;FX;;GNS, LLS;38.00;0.00;Wood;;1979-06-04;MFL;1979-01-01;;2014-10-14
DEU000310631;;DEU;;;1.00;0.00;0.00;;5.00;0.00;---;AWA31NZ;AWA31NZ;;;N;;N;;;;;FX;;GNS, LLS;4.00;0.00;Metal;;2000-12-06;MFL;1968-01-01;;2005-12-08
DEU000310637;;DEU;;;0.00;2.46;0.00;;5.90;0.00;---;NEU016B;NEU016B;;;N;;N;;;;;FX;;GNS, NO;6.00;0.00;;;1975-06-14;C19;;1992-04-01;
DEU000310639;;DEU;;;1.00;0.00;0.00;;4.07;0.00;---;UMM24;UMM24;Ummanz;;N;;N;N;N;;;GO;;GNS, LLS;4.00;0.00;Fiber/Plastic;;1995-09-27;MFL;1992-01-01;;
DEU000310645;;DEU;;;1.00;0.00;0.00;;4.65;0.00;---;AHR26;AHR26;;;N;;N;N;N;;;GO;;GNS, LLS;11.00;0.00;Fiber/Plastic;;1995-06-23;MFL;1994-01-01;;
DEU000310648;;DEU;;;1.00;0.00;0.00;;4.00;0.00;---;BOR17;BOR17;;;N;;N;;;;;FX;;GNS, NO;0.00;0.00;Fiber/Plastic;;1994-06-14;MFL;1985-01-01;;2005-11-14
DEU000310653;;DEU;;;4.00;5.23;0.00;;8.60;7.75;HEINI;POE30;POE30;;;N;;N;;;;;FX;;GNS, LLS;26.00;0.00;;;1954-07-17;4C1;;;2000-08-04
DEU000320300;;DEU;;;0.00;70.02;0.00;;23.56;22.04;BIANCA I;NC326;NC326;;;Y;DDLU;N;;;;;FX;;OTB, TBB;210.00;0.00;;;1991-04-15;C12;;;1995-08-01
DEU000320500;;DEU;;;204.00;149.44;0.00;;29.82;24.80;DE HOOP;HF571;HF571;;;Y;DJRJ;N;;;;;FX;;LLS, NO;368.00;0.00;;;1971-05-03;4C2;;;
DEU000320601;218799000;DEU;;;4248.00;0.00;0.00;;90.66;80.40;MARK;ROS777;ROS777;Rostock;;Y;DKAL2;Y;Y;Y;9690688;;TTP;;OTB, OTT, OTM;4000.00;1530.00;Metal;;2015-03-24;MFL;2014-01-01;;
DEU000320603;;DEU;;;0.00;4.52;0.00;;8.00;0.00;---;WAR039;WAR039;;;N;;N;;;;;FX;;GNS, LLS;18.00;0.00;;;1950-04-20;C19;;;1992-04-03
DEU000320606;;DEU;;;1.00;2.54;0.00;;6.00;0.00;---;KAR7;KAR7;;;N;;N;;;;;FX;;GNS, LLS;21.00;0.00;;;1979-07-09;4C1;;;2002-12-13
DEU000320607;;DEU;;;1.00;1.87;0.00;;5.15;0.00;---;LAU07C;LAU07C;;;N;;N;;;;;FX;;FPO, NO;6.00;0.00;Wood;;1980-04-17;MFL;1973-01-01;;2010-06-21
DEU000320608;;DEU;;;1.00;1.87;0.00;;5.15;0.00;---;LUB21;LUB21;;;N;;N;;;;;FX;;GNS, NO;0.00;0.00;;;1977-06-17;C19;;;1995-06-20
DEU000320609;;DEU;;;0.00;1.43;0.00;;4.50;0.00;---;WAS4;WAS4;;;N;;N;;;;;FX;;GNS, NO;0.00;0.00;;;1983-03-05;C19;;;1994-09-20
DEU000320611;;DEU;;;1.00;0.00;0.00;;5.50;0.00;---;STA016N;STA016N;;;N;;N;N;N;;;WOP;;FPO, NK;7.00;0.00;Wood;;1970-04-11;MFL;1969-01-01;;
DEU000320612;;DEU;;;0.00;2.63;0.00;;6.10;0.00;---;KZI022;KZI022;;;N;;N;;;;;FX;;GNS;6.00;0.00;;;1967-06-19;C19;;;1995-08-01
DEU000320613;;DEU;;;3.00;4.36;0.00;;7.15;7.00;---;UMM30;UMM30;;;N;;N;;;;;FX;;GNS, LLS;20.00;0.00;;;1986-04-10;4C1;;;2002-01-22
DEU000320614;;DEU;;;2.00;1.69;0.00;;7.35;6.35;---;FRE6;FRE6;;;N;;N;;;;;FX;;GNS, NK;6.00;0.00;;;1964-07-14;4C1;;;2001-09-24
DEU000320615;;DEU;;;1.00;2.54;0.00;;6.00;0.00;---;ARE07;ARE07;;;N;;N;;;;;FX;;GNS, LLS;9.00;0.00;;;1985-10-25;4C1;;;2002-07-08
DEU000320616;;DEU;;;1.00;0.00;0.00;;7.50;0.00;---;RAN7N;RAN7N;Rankwitz;;N;;N;N;N;;;GO;;GNS, FPO;18.00;0.00;Metal;;1962-03-19;MFL;1962-01-01;;2021-05-15
DEU000320617;;DEU;;;1.00;1.18;0.00;;4.00;0.00;---;VIT025;VIT025;;;N;;N;;;;;FX;;GNS;4.00;0.00;;;1983-06-14;4C1;;;2002-12-13
DEU000320618;;DEU;;;3.00;4.28;0.00;;8.30;7.20;SCHWAN;WIE46;WIE46;;;N;;N;;;;;FX;;GNS, LLS;25.00;0.00;Metal;;1993-02-01;MFL;1993-01-01;;2012-08-21
DEU000320619;;DEU;;;1.00;0.00;0.00;;6.30;0.00;---;BAL3Z;BAL3Z;;;N;;N;;;;;FX;;GNS, LLS;4.00;0.00;Fiber/Plastic;;2001-04-04;MFL;2001-01-01;;2007-11-06
DEU000320624;;DEU;;;4.00;0.00;0.00;;7.98;0.00;---;ZEM14;ZEM14;;;N;;N;;;;;FX;;GNS, LLS;45.00;0.00;Wood;;2009-03-02;MFL;2006-01-01;;2017-11-15
DEU000320627;;DEU;;;1.00;0.00;0.00;;5.50;0.00;---;BAA8N;BAA8N;Baabe;;N;;N;N;N;;;GO;;GNS, LLS;13.00;0.00;Wood;;1976-12-31;MFL;1976-01-01;;2021-08-01
DEU000320628;;DEU;;;0.00;4.52;0.00;;8.00;0.00;---;GOEH006;GOEH006;;;N;;N;;;;;FX;;GNS, LLS;34.00;0.00;;;1969-05-01;4;;1991-11-29;
DEU000320631;;DEU;;;1.00;0.00;0.00;;5.00;0.00;LAURA;AWA7N;AWA7N;Altwarp;;N;;N;N;N;;;GO;;GNS, LLS;30.00;0.00;Fiber/Plastic;;2002-11-15;MFL;2002-01-01;;
DEU000320637;;DEU;;;0.00;1.70;0.00;;4.90;0.00;---;NEU016C;NEU016C;;;N;;N;;;;;FX;;GNS, NO;0.00;0.00;;;1978-04-14;C19;;;1993-07-01
DEU000320639;;DEU;;;1.00;0.00;0.00;;5.00;0.00;---;UMM38;UMM38;;;N;;N;N;N;;;GO;;GNS, LLS;5.00;0.00;Fiber/Plastic;;2001-02-26;MFL;1985-01-01;;
DEU000320645;;DEU;;;1.00;0.00;0.00;;5.60;0.00;---;AHR17N;AHR17N;;;N;;N;;;;;FX;;GNS, LLS;8.00;0.00;Fiber/Plastic;;1996-04-15;MFL;1995-01-01;;2013-02-27
DEU000320648;;DEU;;;1.00;1.84;0.00;;5.10;0.00;---;BOR2N;BOR2N;;;N;;N;;;;;FX;;GNS, LLS;10.00;0.00;;;1995-06-22;4C1;;;2002-05-02
DEU000320653;;DEU;;;4.00;0.00;0.00;;8.00;7.55;---;POE22N;POE22N;;;N;;N;;;;;FX;;GNS, LLS;66.00;0.00;Wood;;1986-05-16;MFL;1986-01-01;;2012-07-06
DEU000330300;;DEU;;;96.00;69.49;0.00;;22.97;20.19;JADE;BRA8;BRA8;Brake;;Y;DDID;N;;;;;TUB;;TBB, PTB;220.00;0.00;Metal;;1989-07-20;4C5;1984-01-01;;
DEU000330500;;DEU;;;183.00;0.00;0.00;;26.72;23.50;PESORSA TRES;HF572;HF572;Hamburg;;Y;DFPW;Y;Y;Y;7236103;;LL;;LLS, NO;404.00;0.00;Metal;;1973-03-26;MFL;1972-01-01;;2021-03-15
DEU000330603;;DEU;;;0.00;2.54;0.00;;6.10;0.00;---;WAR038;WAR038;;;N;;N;;;;;FX;;GNS, LLS;4.00;0.00;;;1950-11-11;C19;;;1992-04-03
DEU000330606;;DEU;;;2.00;4.52;0.00;;8.50;6.75;MOEWE;WIE44N;WIE44N;;;N;;N;;;;;FX;;GNS, LLS;37.00;0.00;Metal;;1981-05-04;MFL;1981-01-01;;2011-07-22
DEU000330607;;DEU;;;1.00;0.00;0.00;;6.37;0.00;---;NRE2;NRE2;;;N;;N;N;N;;;GO;;GNS, FPO;2.00;0.00;Wood;;1978-03-18;MFL;1977-01-01;;2018-08-07
DEU000330608;;DEU;;;1.00;0.00;0.00;;5.38;0.00;---;LUB17;LUB17;;;N;;N;;;;;FX;;GNS, NO;5.00;0.00;Wood;;1965-08-08;MFL;1948-01-01;;2006-03-28
DEU000330609;;DEU;;;0.00;4.52;0.00;;8.00;0.00;---;WAS5;WAS5;;;N;;N;;;;;FX;;GNS, NK;22.00;0.00;;;1963-02-05;C19;;;1992-10-12
DEU000330610;;DEU;;;0.00;13.97;0.00;;11.50;10.70;---;PRU3;PRU3;;;N;;N;;;;;FX;;GNS, LLS;40.00;0.00;;;1932-12-31;C19;;1996-01-18;
DEU000330611;;DEU;;;1.00;2.38;0.00;;5.80;0.00;---;STA17N;STA17N;;;N;;N;;;;;FX;;GNS, LLS;3.00;0.00;Wood;;1944-05-22;MFL;1943-01-01;;2011-11-23
DEU000330612;;DEU;;;0.00;2.72;0.00;;6.20;0.00;---;SAS9;SAS9;;;N;;N;;;;;FX;;GNS;4.00;0.00;;;1971-04-17;C19;;1995-08-01;
DEU000330613;;DEU;;;0.00;1.13;0.00;;4.00;0.00;---;VIA006;VIA006;;;N;;N;;;;;FX;;GNS, LLS;5.00;0.00;;;1989-09-12;C19;;;1992-11-25
DEU000330615;;DEU;;;6.00;0.00;0.00;;9.83;8.90;---;WOG13N;WOG13N;;;N;;N;;;;;FX;;GNS, FPO;37.00;0.00;Wood;;1983-07-07;MFL;1983-01-01;;
DEU000330616;;DEU;;;1.00;0.00;0.00;;7.70;6.92;---;WOG12N;WOG12N;Wolgast;;N;;N;N;N;;;GO;;GNS, LLS;9.00;0.00;Metal;;1960-11-13;MFL;1960-01-01;;
DEU000330617;;DEU;;;1.00;2.38;0.00;;5.80;0.00;---;VIT026;VIT026;;;N;;N;;;;;FX;;GNS, NO;5.00;0.00;;;1954-10-11;4C1;;;1998-07-30
DEU000330618;;DEU;;;2.00;0.00;0.00;;7.98;7.10;---;RAN5;RAN5;Rankwitz;;N;;N;N;N;;;GO;;GNS, FPO;13.00;0.00;Metal;;1993-03-01;MFL;1992-01-01;;2023-08-01
DEU000330619;;DEU;;;1.00;0.00;0.00;;5.06;0.00;---;UETZ19;UETZ19;;;N;;N;;;;;FX;;GNS, LLS;22.00;0.00;Fiber/Plastic;;2004-08-11;MFL;2004-01-01;;
DEU000330624;;DEU;;;1.00;0.00;0.00;;5.55;0.00;---;ZEM24;ZEM24;Zempin;;N;;N;N;N;;;GO;;GNS, LLS;18.00;0.00;Fiber/Plastic;;2010-10-26;MFL;2010-01-01;;
DEU000330627;;DEU;;;14.00;0.00;0.00;;10.05;9.09;MOENCHGUT;BAA6;BAA6;;;Y;DMPZ;N;N;N;;;GO;;GNS, LLS;79.00;0.00;Metal;;2000-02-24;MFL;2000-01-01;;
DEU000330628;;DEU;;;5.00;0.00;0.00;;8.60;8.50;---;GZI24;GZI24;;;N;;N;;;;;FX;;GNS, LLS;37.00;0.00;Wood;;1979-07-14;MFL;1979-01-01;;2007-04-26
DEU000330631;;DEU;;;1.00;0.00;0.00;;5.00;0.00;---;AWA18N;AWA18N;Altwarp;;N;;N;N;N;;;GO;;GNS, LLS;29.00;0.00;Fiber/Plastic;;2002-12-10;MFL;2002-01-01;;
DEU000330637;;DEU;;;1.00;2.38;0.00;;5.80;0.00;---;NEU016D;NEU016D;;;N;;N;;;;;FX;;GNS, NO;0.00;0.00;;;1944-06-04;4C1;;;2002-10-02
DEU000330639;;DEU;;;1.00;0.00;0.00;;5.60;0.00;---;THI54;THI54;;;N;;N;N;N;;;GO;;GNS, LLS;0.00;0.00;Wood;;1996-02-23;MFL;1972-01-01;;2020-05-13
DEU000330645;;DEU;;;1.00;1.18;0.00;;4.10;0.00;---;NER3;NER3;;;N;;N;;;;;FX;;GNS, LLS;4.00;0.00;;;1996-11-25;4C1;;;1997-11-11
DEU000330648;;DEU;;;1.00;0.00;0.00;;4.10;0.00;---;PRU10;PRU10;;;N;;N;;;;;FX;;GNS, LLS;13.00;0.00;Fiber/Plastic;;1997-08-26;MFL;1997-01-01;;2006-10-24
DEU000330653;;DEU;;;2.00;3.66;0.00;;7.20;6.65;---;POE002;POE002;;;N;;N;;;;;FX;;GNS, LLS;26.00;0.00;;;1982-09-29;4C1;;;1999-04-28
DEU000340300;;DEU;;;13.00;11.25;0.00;;12.70;10.24;SEESTERN;DAN3;DAN3;Dangast;;N;;N;;;;;TUB;;TBB, OTB;68.00;0.00;Wood;;1964-12-10;4C5;1931-01-01;;2002-01-15
DEU000340500;211390480;DEU;;;107.00;0.00;0.00;;21.65;19.40;WESTBANK;SAS110;SAS110;Sassnitz;;Y;DGWV;Y;Y;Y;8860858;;TTW;;OTB, PTB;221.00;0.00;Metal;;1990-07-19;MFL;1990-01-01;2022-03-17;
DEU000340603;;DEU;;;0.00;4.08;0.00;;7.60;0.00;---;WAR031;WAR031;;;N;;N;;;;;FX;;GNS, LLS;5.00;0.00;;;1955-02-01;C19;;;1992-04-03
DEU000340606;;DEU;;;6.00;5.72;0.00;;9.15;8.15;SCHWAN;PEE1N;PEE1N;;;N;;N;;;;;FX;;GNS, LLS;51.00;0.00;Wood;;1984-03-11;MFL;1984-01-01;;2007-08-14
DEU000340607;;DEU;;;1.00;0.00;0.00;;4.12;0.00;---;LAU10E;LAU10E;"Lauterbach"", Rügen";;N;;N;N;N;;;GO;;GNS, LLS;11.00;0.00;Fiber/Plastic;;1980-06-03;MFL;1980-01-01;;
DEU000340608;;DEU;;;1.00;0.00;0.00;;5.30;0.00;---;LUB8;LUB8;;;N;;N;;;;;FX;;GNS, NO;0.00;0.00;Wood;;1980-07-16;MFL;1980-01-01;;2006-03-28
DEU000340609;;DEU;;;0.00;4.52;0.00;;8.60;8.00;---;WAS6;WAS6;;;N;;N;;;;;FX;;GNS, NK;9.00;0.00;;;1970-08-27;4;;;1993-08-20
DEU000340611;;DEU;;;1.00;2.18;0.00;;5.55;0.00;---;STA018;STA018;;;N;;N;;;;;FX;;GNS, NO;4.00;0.00;;;1956-06-15;C19;;;1995-12-06
DEU000340612;;DEU;;;0.00;9.77;0.00;;9.30;9.20;---;THI30;THI30;;;N;;N;;;;;FX;;GNS, LLS;45.00;0.00;;;1973-11-24;4;;;1996-08-28
DEU000340613;;DEU;;;0.00;1.13;0.00;;4.00;0.00;ARKONA;VIA007;VIA007;;;N;;N;;;;;FX;;GNS, LLS;5.00;0.00;;;1969-07-25;C19;;;1992-11-25
DEU000340614;;DEU;;;1.00;2.98;0.00;;6.50;0.00;---;FRE12;FRE12;;;N;;N;;;;;FX;;GNS, NK;6.00;0.00;Wood;;1978-03-12;MFL;1978-01-01;;2003-07-09
DEU000340615;;DEU;;;0.00;4.52;0.00;;8.00;0.00;---;ARE014;ARE014;;;N;;N;;;;;FX;;GNS;25.00;0.00;;;1978-11-14;4;;;1991-07-18
DEU000340616;;DEU;;;3.00;4.52;0.00;;8.65;7.35;---;LAS2;LAS2;;;N;;N;;;;;FX;;GNS, NK;5.00;0.00;;;1986-05-17;4C1;;;1997-01-02
DEU000340617;;DEU;;;1.00;1.50;0.00;;4.60;0.00;---;VIT026AN;VIT026AN;;;N;;N;;;;;FX;;GNS, LLS;11.00;0.00;Fiber/Plastic;;1981-07-18;MFL;1981-01-01;;2015-06-29
DEU000340618;;DEU;;;1.00;0.00;0.00;;4.88;0.00;---;AHL23N;AHL23N;;;N;;N;N;N;;;GO;;GNS, LLS;11.00;0.00;Fiber/Plastic;;1990-06-07;MFL;1990-01-01;;2019-01-01
DEU000340624;;DEU;;;1.00;0.00;0.00;;5.06;0.00;---;ZEM31;ZEM31;Zempin;;N;;N;N;N;;;GO;;GNS, LLS;11.00;0.00;Fiber/Plastic;;2013-06-27;MFL;2013-01-01;;
DEU000340627;;DEU;;;1.00;0.00;0.00;;5.18;0.00;---;BAA16;BAA16;;;N;;N;;;;;FX;;GNS, LLS;6.00;0.00;Wood;;2001-10-29;MFL;1982-01-01;;2011-07-11
DEU000340628;;DEU;;;3.00;4.72;0.00;;7.42;7.22;---;GOEH012;GOEH012;;;N;;N;;;;;FX;;GNS, LLS;18.00;0.00;;;1970-10-12;4C1;;;2000-08-23
DEU000340631;;DEU;;;1.00;0.00;0.00;;5.00;0.00;---;AWA21NZ;AWA21NZ;;;N;;N;;;;;FX;;GNS, LLS;14.00;0.00;Fiber/Plastic;;2003-01-07;MFL;2003-01-01;;2008-09-01
DEU000340637;;DEU;;;0.00;1.13;0.00;;4.00;0.00;---;NEU017;NEU017;;;N;;N;;;;;FX;;GNS, NO;0.00;0.00;;;1956-06-14;C19;;;1992-11-24
DEU000340639;;DEU;;;1.00;2.06;0.00;;5.40;0.00;---;UMM32N;UMM32N;;;N;;N;;;;;FX;;GNS, LLS;5.00;0.00;Wood;;1996-04-26;MFL;1941-01-01;;2010-03-09
DEU000340645;;DEU;;;1.00;2.54;0.00;;6.00;0.00;---;LAN2N;LAN2N;;;N;;N;;;;;FX;;GNS, LLS;3.00;0.00;;;1996-11-28;4C1;;;1998-05-26
DEU000340648;;DEU;;;1.00;2.00;0.00;;4.30;0.00;---;BOR18;BOR18;;;N;;N;;;;;FX;;GNS, LLS;6.00;0.00;Fiber/Plastic;;1997-11-01;MFL;1997-01-01;;2004-08-24
DEU000340653;;DEU;;;5.00;6.11;0.00;;9.30;8.80;RUEDIGER;POE006;POE006;;;N;;N;;;;;FX;;GNS, LLS;76.00;0.00;;;1967-07-16;4C1;;;2000-04-13
DEU000350300;211458000;DEU;;;26.00;0.00;0.00;;15.73;14.38;HOFFNUNG;CUX10;CUX10;Cuxhaven;;Y;DESX;Y;Y;Y;;;TU;;TBB, OTB;190.00;0.00;Wood;;1983-06-01;MFL;1983-01-01;;2024-12-27
DEU000350603;;DEU;;;1.00;0.00;0.00;;5.81;0.00;---;WAR030N;WAR030N;;;N;;N;;;;;FX;;GNS, LLS;6.00;0.00;Wood;;1956-01-15;MFL;1956-01-01;;2006-09-20
DEU000350606;;DEU;;;1.00;0.00;0.00;;7.00;0.00;---;PEE2N;PEE2N;;;N;;N;N;N;;;GO;;GNS, LLS;6.00;0.00;Wood;;1986-08-07;MFL;1986-01-01;;2020-11-30
DEU000350607;;DEU;;;2.00;2.85;0.00;;6.35;0.00;---;LAU10F;LAU10F;;;N;;N;;;;;FX;;GNS, NO;0.00;0.00;;;1982-10-02;4C1;;;2002-05-28
DEU000350608;;DEU;;;1.00;2.62;0.00;;6.09;0.00;---;WIE6;WIE6;;;N;;N;;;;;FX;;FPO, NO;0.00;0.00;Wood;;1975-02-10;MFL;1960-01-01;;2007-06-01
DEU000350609;;DEU;;;2.00;0.00;0.00;;8.60;7.20;---;WAS8;WAS8;;;N;;N;;;;;FX;;GNS, NK;9.00;0.00;Wood;;1980-07-15;MFL;1980-01-01;;2006-11-01
DEU000350610;;DEU;;;2.00;0.00;0.00;;7.15;0.00;---;BOD9;BOD9;Barth;;N;;N;N;N;;;GO;;GNS, LLS;40.00;0.00;Fiber/Plastic;;1995-06-26;MFL;1989-01-01;;2023-06-30
DEU000350611;;DEU;;;1.00;2.26;0.00;;5.65;0.00;---;STA019;STA019;;;N;;N;;;;;FX;;FPO, NO;0.00;0.00;Wood;;1955-04-17;MFL;1954-01-01;;2009-10-27
DEU000350612;;DEU;;;1.00;2.98;0.00;;6.50;0.00;---;BAA2;BAA2;;;N;;N;;;;;FX;;GNS, LLS;9.00;0.00;;;1990-06-17;4C1;;;2001-07-02
DEU000350613;;DEU;;;0.00;117.00;0.00;;25.96;0.00;FLOTTBEK;BRE31;BRE31;;;Y;Y4NP;N;;;;;FX;;OTM;221.00;0.00;;;1990-06-01;G20;;;
DEU000350614;;DEU;;;1.00;2.29;0.00;;5.70;0.00;---;FRE13;FRE13;;;N;;N;;;;;FX;;GNS, LLS;6.00;0.00;Wood;;1982-11-14;MFL;1982-01-01;;2004-11-11
DEU000350615;;DEU;;;4.00;0.00;0.00;;8.06;7.90;---;ARE17;ARE17;;;N;;N;;;;;FX;;GNS, LLS;22.00;0.00;Fiber/Plastic;;1980-07-07;MFL;1980-01-01;;2006-07-26
DEU000350616;;DEU;;;0.00;5.72;0.00;;9.00;0.00;---;BAL8;BAL8;;;N;;N;;;;;FX;;GNS, LLS;38.00;0.00;;;1970-03-15;4;;;1993-03-22
DEU000350617;;DEU;;;1.00;2.54;0.00;;6.00;0.00;---;VIT27N;VIT27N;;;N;;N;;;;;FX;;GNS, NO;33.00;0.00;;;1980-02-16;4C1;;;2001-02-13
DEU000350618;;DEU;;;2.00;2.50;0.00;;7.30;0.00;---;AHL19;AHL19;;;N;;N;;;;;FX;;GNS, LLS;11.00;0.00;Wood;;1960-01-01;MFL;1960-01-01;;2004-06-07
DEU000350624;;DEU;;;1.00;0.00;0.00;;4.15;0.00;---;ZEM32N;ZEM32N;Zempin;;N;;N;N;N;;;GO;;GNS, LLS;7.00;0.00;Fiber/Plastic;;2014-01-31;MFL;1989-01-01;;2023-12-31
DEU000350627;;DEU;;;1.00;0.00;0.00;;5.90;0.00;---;GAG2;GAG2;;;N;;N;N;N;;;GO;;GNS, LLS;0.00;0.00;Wood;;2003-03-03;MFL;1985-01-01;;
DEU000350628;;DEU;;;5.00;8.20;0.00;;8.84;8.14;---;GOEH012B;GOEH012B;;;N;;N;;;;;FX;;GNS, LLS;34.00;0.00;;;1990-09-02;4C1;;;1998-03-26
DEU000350631;;DEU;;;7.00;0.00;0.00;;9.97;0.00;---;AWA22;AWA22;Altwarp;;N;;N;N;N;;;GO;;GNS, LLS;73.00;0.00;Metal;;2004-01-23;MFL;2004-01-01;;
DEU000350637;;DEU;;;0.00;0.90;0.00;;3.70;0.00;---;NEU018;NEU018;;;N;;N;;;;;FX;;GNS, NO;0.00;0.00;;;1976-05-14;C19;;;1992-11-24
DEU000350639;;DEU;;;1.00;1.17;0.00;;4.07;0.00;---;UMM33N;UMM33N;;;N;;N;;;;;FX;;GNS, LLS;6.00;0.00;Fiber/Plastic;;1997-07-10;MFL;1997-01-01;;2013-02-04
DEU000350645;;DEU;;;1.00;0.00;0.00;;6.80;0.00;---;RIB15;RIB15;;;N;;N;;;;;FX;;GNS, LLS;8.00;0.00;Metal;;1997-03-25;MFL;1997-01-01;;
DEU000350648;;DEU;;;1.00;0.00;0.00;;4.00;0.00;---;PRU11;PRU11;Pruchten;;N;;N;N;N;;;GO;;GNS, LLS;11.00;0.00;Fiber/Plastic;;2000-03-03;MFL;1999-01-01;;
DEU000350653;;DEU;;;0.00;9.80;0.00;;11.80;10.35;---;POE009;POE009;;;N;;N;;;;;FX;;GNS, LLS;140.00;0.00;;;1981-02-18;4;;;1994-09-23
DEU000360300;;DEU;;;41.00;27.84;0.00;;16.38;14.47;SAPHIR;CUX14;CUX14;;;Y;DFAX;Y;;;;;FX;;TBB, OTB;207.00;0.00;Metal;;1987-04-12;MFL;1987-01-01;;
DEU000360603;;DEU;;;0.00;2.54;0.00;;6.00;0.00;---;WAR014;WAR014;;;N;;N;;;;;FX;;GNS, LLS;4.00;0.00;;;1950-04-30;C19;;;1992-04-02
DEU000360606;;DEU;;;2.00;2.80;0.00;;6.30;0.00;---;TRA1;TRA1;;;N;;N;;;;;FX;;GNS, LLS;43.00;0.00;;;1975-05-14;4C1;;;2002-10-02
DEU000360607;;DEU;;;1.00;1.19;0.00;;4.10;0.00;---;LAU10G;LAU10G;;;N;;N;;;;;FX;;GNS, LLS;4.00;0.00;Fiber/Plastic;;1983-03-13;MFL;1983-01-01;;2008-05-07
DEU000360608;;DEU;;;1.00;2.62;0.00;;6.09;0.00;---;WIE4;WIE4;;;N;;N;;;;;FX;;GNS, NO;0.00;0.00;;;1985-08-03;C19;;1995-07-17;
DEU000360609;;DEU;;;0.00;1.43;0.00;;4.50;0.00;---;WAS9;WAS9;;;N;;N;;;;;FX;;GNS, NO;0.00;0.00;;;1983-03-12;C19;;;1994-01-02
DEU000360610;;DEU;;;1.00;2.50;0.00;;5.00;0.00;---;BAR7;BAR7;;;N;;N;;;;;FX;;GNS, NK;3.00;0.00;;;1998-05-26;4C1;;;2002-03-11
DEU000360611;;DEU;;;1.00;0.00;0.00;;5.40;0.00;---;STA020N;STA020N;Stahlbrode;;N;;N;N;N;;;GO;;GNS, FPO;7.00;0.00;Wood;;1974-04-02;MFL;1973-01-01;;
DEU000360612;;DEU;;;0.00;1.70;0.00;;4.90;0.00;---;THI038;THI038;;;N;;N;;;;;FX;;GNS, LLS;5.00;0.00;;;1975-04-12;C19;;;1993-04-05
DEU000360613;;DEU;;;0.00;3.32;0.00;;6.90;0.00;---;NEK2;NEK2;;;N;;N;;;;;FX;;GNS, NO;5.00;0.00;;;1978-06-18;C19;;1992-06-01;
DEU000360614;;DEU;;;0.00;2.13;0.00;;5.50;0.00;---;FRE14;FRE14;;;N;;N;;;;;FX;;GNS, NO;0.00;0.00;;;1981-08-11;4;;;1993-04-13
DEU000360615;;DEU;;;1.00;2.79;0.00;;6.40;6.26;---;ARE18;ARE18;;;N;;N;;;;;FX;;GNS, LLS;17.00;0.00;;;1950-06-17;4C1;;;2001-08-13
DEU000360616;;DEU;;;1.00;0.00;0.00;;4.90;0.00;---;LAS21N;LAS21N;;;N;;N;N;N;;;GO;;GNS, LLS;18.00;0.00;Fiber/Plastic;;1990-01-20;MFL;1990-01-01;;2018-02-20
DEU000360617;;DEU;;;1.00;1.25;0.00;;4.20;0.00;---;VIT27AN;VIT27AN;;;N;;N;;;;;FX;;GNS, NO;2.00;0.00;;;1982-08-23;4C1;;;2000-05-11
DEU000360618;;DEU;;;2.00;2.95;0.00;;5.60;0.00;---;AHL1;AHL1;;;N;;N;;;;;FX;;GNS, LLS;11.00;0.00;;;1995-08-19;C19;;;1996-08-01
DEU000360624;;DEU;;;1.00;0.00;0.00;;4.65;0.00;FRÃ¤NZI;ZEM33;ZEM33;;;N;;N;;;;;FX;;GNS, LLS;14.00;0.00;Fiber/Plastic;;2017-07-01;MFL;2017-01-01;;
DEU000360627;;DEU;;;1.00;0.00;0.00;;6.73;0.00;---;BAA22;BAA22;;;N;;N;;;;;FX;;GNS, LLS;9.00;0.00;Metal;;2003-10-01;MFL;1987-01-01;;2010-08-19
DEU000360628;;DEU;;;4.00;6.88;0.00;;8.12;7.52;MENDY;KROE8;KROE8;;;N;;N;;;;;FX;;GNS, LLS;42.00;0.00;Wood;;1968-06-17;MFL;1968-01-01;;2010-01-29
DEU000360631;;DEU;;;4.00;0.00;0.00;;7.98;0.00;---;AWA23;AWA23;Altwarp;;N;;N;N;N;;;GO;;GNS, FPO;48.00;0.00;Metal;;2004-07-02;MFL;2004-01-01;;
DEU000360637;;DEU;;;1.00;0.00;0.00;;4.20;0.00;---;NEU019;NEU019;;;N;;N;;;;;FX;;GNS, LLS;11.00;0.00;Fiber/Plastic;;1973-05-19;MFL;1973-01-01;;2006-05-18
DEU000360639;;DEU;;;1.00;0.00;0.00;;6.00;0.00;---;UMM52N;UMM52N;;;N;;N;;;;;FX;;GNS, FPO;4.00;0.00;Wood;;2000-05-23;MFL;1984-01-01;;
DEU000360645;;DEU;;;1.00;1.63;0.00;;7.25;0.00;---;RIB4;RIB4;;;N;;N;;;;;FX;;GNS, LLS;17.00;0.00;;;1997-04-15;4C1;;;1997-10-20
DEU000360648;;DEU;;;1.00;0.00;0.00;;4.95;0.00;---;PRU12;PRU12;;;N;;N;N;N;;;GO;;GNS, LLS;22.00;0.00;Fiber/Plastic;;2000-08-28;MFL;2000-01-01;;
DEU000360653;;DEU;;;0.00;3.46;0.00;;7.00;0.00;---;POE025;POE025;;;N;;N;;;;;FX;;GNS, LLS;26.00;0.00;;;1990-09-25;C19;;;1994-07-27
DEU000370300;;DEU;;;22.00;19.96;0.00;;14.64;13.37;STOER;PEL4;PEL4;Pellworm;;Y;DFAT;N;;;;;TUB;;TBB, GNS;221.00;0.00;Wood;;1962-03-15;MFL;1961-01-01;;2008-06-03
DEU000370603;;DEU;;;0.00;1.76;0.00;;5.00;0.00;---;WAR013;WAR013;;;N;;N;;;;;FX;;GNS, LLS;14.00;0.00;;;1983-06-07;C19;;;1992-04-02
DEU000370606;;DEU;;;22.00;0.00;0.00;;11.54;10.75;STEFFI;KAR48;KAR48;;;Y;DF6435;N;;;;;FX;;OTB, PTB;147.00;0.00;Metal;;1999-03-12;MFL;1999-01-01;;
DEU000370607;;DEU;;;1.00;2.00;0.00;;5.35;0.00;---;NRE01A;NRE01A;;;N;;N;;;;;FX;;GNS, NO;0.00;0.00;Wood;;1980-03-07;MFL;1980-01-01;;2009-06-04
DEU000370608;;DEU;;;2.00;0.00;0.00;;7.80;0.00;---;WIE15N;WIE15N;;;N;;N;;;;;FX;;GNS, LLS;15.00;0.00;Metal;;1988-05-17;MFL;1988-01-01;;2006-03-14
DEU000370609;;DEU;;;0.00;1.77;0.00;;5.00;0.00;---;WAS10;WAS10;;;N;;N;;;;;FX;;GNS, NO;0.00;0.00;;;1984-07-22;C19;;;1992-10-12
DEU000370610;;DEU;;;1.00;0.00;0.00;;4.65;0.00;---;BOD10;BOD10;Barth;;N;;N;N;N;;;GO;;GNS, LLS;15.00;0.00;Fiber/Plastic;;1998-11-02;MFL;1995-01-01;;
DEU000370611;;DEU;;;0.00;2.14;0.00;;5.50;0.00;---;STA021;STA021;;;N;;N;;;;;FX;;GNS, NO;0.00;0.00;;;1969-05-18;C19;;;1992-06-01
DEU000370612;;DEU;;;1.00;0.87;0.00;;3.50;0.00;---;THI17B;THI17B;;;N;;N;;;;;FX;;GNS, LLS;0.00;0.00;Wood;;1970-07-05;MFL;1970-01-01;;2005-03-09
DEU000370613;;DEU;;;0.00;3.87;0.00;;7.40;0.00;---;NEK1;NEK1;;;N;;N;;;;;FX;;GNS, NO;7.00;0.00;;;1965-08-19;C19;;1992-06-01;
DEU000370614;;DEU;;;0.00;1.76;0.00;;5.00;0.00;---;FRE15;FRE15;;;N;;N;;;;;FX;;GNS, NK;0.00;0.00;;;1977-07-05;C19;;1994-08-10;
DEU000370615;;DEU;;;0.00;2.63;0.00;;6.10;0.00;---;GAG024;GAG024;;;N;;N;;;;;FX;;GNS, LLS;20.00;0.00;;;1982-06-10;4;;;1991-07-24
DEU000370616;;DEU;;;2.00;0.00;0.00;;7.92;7.30;---;WAT10N;WAT10N;;;N;;N;;;;;FX;;GNS, LLS;26.00;0.00;Metal;;1991-08-25;MFL;1991-01-01;;2014-03-11
DEU000370617;;DEU;;;1.00;0.00;0.00;;4.60;0.00;---;VIT028;VIT028;;;N;;N;;;;;FX;;GNS, NO;5.00;0.00;Wood;;1965-04-14;MFL;1965-01-01;;2007-01-09
DEU000370618;;DEU;;;2.00;2.89;0.00;;6.40;0.00;---;AHL32N;AHL32N;;;N;;N;;;;;FX;;GNS, LLS;26.00;0.00;Wood;;1996-09-10;MFL;1965-01-01;;2014-01-21
DEU000370624;;DEU;;;1.00;0.00;0.00;;4.60;0.00;---;ZEM34;ZEM34;;;N;;N;N;N;;;GO;;GNS, FPO;30.00;0.00;Fiber/Plastic;;2018-01-01;MFL;1995-01-01;;2018-08-01
DEU000370626;;DEU;;;0.00;2.89;0.00;;6.40;0.00;---;TRA2;TRA2;;;N;;N;;;;;FX;;GNS, LLS;6.00;0.00;;;1975-07-11;C19;;;1994-09-02
DEU000370627;;DEU;;;1.00;0.00;0.00;;5.05;0.00;---;BAA18;BAA18;Lobbe;;N;;N;N;N;;;GO;;GNS, LLS;6.00;0.00;Fiber/Plastic;;2005-04-05;MFL;2005-01-01;;
DEU000370628;;DEU;;;0.00;4.43;0.00;;7.00;0.00;---;GOEH018;GOEH018;;;N;;N;;;;;FX;;GNS, LLS;10.00;0.00;;;1971-09-30;4;;;1994-07-01
DEU000370631;;DEU;;;5.00;0.00;0.00;;9.75;0.00;Anja-Marie;RIT6;RIT6;Ueckermünde;;N;;N;N;N;;;GO;;GNS, LLS;24.00;0.00;Wood;;2010-11-08;MFL;1990-01-01;;
DEU000370637;;DEU;;;1.00;1.37;0.00;;4.40;0.00;---;NEU019A;NEU019A;;;N;;N;;;;;FX;;GNS, LLS;11.00;0.00;Fiber/Plastic;;1985-03-11;MFL;1985-01-01;;2010-05-03
DEU000370639;;DEU;;;1.00;0.00;0.00;;5.60;0.00;---;UMM35;UMM35;;;N;;N;;;;;FX;;GNS, LLS;30.00;0.00;Fiber/Plastic;;2000-06-26;MFL;1995-01-01;;2007-06-29
DEU000370645;;DEU;;;1.00;3.27;0.00;;6.80;0.00;---;RIB5;RIB5;;;N;;N;;;;;FX;;GNS, LLS;13.00;0.00;Metal;;1997-10-21;MFL;1997-01-01;;
DEU000370648;;DEU;;;1.00;0.00;0.00;;5.64;0.00;---;BOR19N;BOR19N;;;N;;N;;;;;FX;;GNS, LLS;11.00;0.00;Metal;;2004-04-20;MFL;2004-01-01;;2011-12-02
DEU000370653;;DEU;;;1.00;2.38;0.00;;5.80;0.00;CORINA;POE035;POE035;;;N;;N;;;;;FX;;GNS, NK;11.00;0.00;;;1980-05-21;4C1;;;1998-12-30
DEU000380300;;DEU;;;17.00;16.53;0.00;;14.25;13.42;DELPHIN;DOR8;DOR8;Dorum;;Y;DEUP;N;;;;;TUB;;TBB, OTB;151.00;0.00;Wood;;1966-05-01;MFL;1966-01-01;;2009-02-26
DEU000380603;;DEU;;;0.00;2.98;0.00;;6.50;0.00;---;WAR012;WAR012;;;N;;N;;;;;FX;;GNS, LLS;4.00;0.00;;;1963-10-10;C19;;;1992-04-02
DEU000380606;;DEU;;;2.00;0.00;0.00;;7.10;0.00;---;KAR12;KAR12;;;N;;N;;;;;FX;;GNS, LLS;21.00;0.00;Wood;;2002-12-13;MFL;2002-01-01;;2010-11-08
DEU000380607;;DEU;;;1.00;2.00;0.00;;5.20;0.00;---;NRE02;NRE02;;;N;;N;;;;;FX;;GNS, NO;0.00;0.00;;;1951-04-11;4C1;;;2001-10-26
DEU000380608;;DEU;;;1.00;1.20;0.00;;4.08;0.00;---;WIE40;WIE40;;;Y;DH4316;N;;;;;FX;;GNS, NK;6.00;0.00;;;1995-03-21;4C1;;;1997-07-20
DEU000380609;;DEU;;;3.00;4.99;0.00;;9.00;8.40;---;WAS11N;WAS11N;;;N;;N;;;;;FX;;GNS, LLS;37.00;0.00;Metal;;1987-03-04;MFL;1987-01-01;;2012-03-08
DEU000380610;;DEU;;;1.00;0.00;0.00;;5.10;0.00;---;BOD12;BOD12;Barth;;N;;N;N;N;;;GO;;GNS, LLS;3.00;0.00;Wood;;1999-06-07;MFL;1988-01-01;;
DEU000380611;;DEU;;;1.00;0.00;0.00;;5.70;0.00;---;STA022N;STA022N;;;N;;N;N;N;;;GO;;GNS, FPO;7.00;0.00;Wood;;1983-07-28;MFL;1982-01-01;;
DEU000380612;;DEU;;;0.00;5.72;0.00;;9.00;0.00;---;KZI004;KZI004;;;N;;N;;;;;FX;;GNS, LLS;38.00;0.00;;;1978-10-20;C19;;;1992-02-06
DEU000380613;;DEU;;;0.00;3.66;0.00;;7.20;0.00;---;GLO4;GLO4;;;N;;N;;;;;FX;;GNS, LLS;22.00;0.00;;;1984-12-31;4;;;1992-01-01
DEU000380614;;DEU;;;0.00;1.95;0.00;;8.00;6.80;---;FRE16;FRE16;;;N;;N;;;;;FX;;GNS, NK;6.00;0.00;;;1980-07-19;4;;;1996-03-05
DEU000380615;;DEU;;;0.00;12.68;0.00;;9.30;9.20;---;GAG14;GAG14;;;N;;N;;;;;FX;;GNS, LLS;38.00;0.00;;;1987-08-10;4;;;1996-01-23
DEU000380616;;DEU;;;1.00;2.98;0.00;;6.50;0.00;---;WAT20;WAT20;;;N;;N;;;;;FX;;GNS, LLS;5.00;0.00;;;1968-12-31;4C1;;;2001-04-27
DEU000380617;;DEU;;;1.00;2.30;0.00;;5.70;0.00;---;VIT29N;VIT29N;;;N;;N;;;;;FX;;GNS, NO;6.00;0.00;Wood;;1988-03-22;MFL;1988-01-01;;2006-07-21
DEU000380618;;DEU;;;1.00;0.00;0.00;;5.53;0.00;---;LUB3;LUB3;;;N;;N;N;N;;;GO;;GNS, LLS;36.00;0.00;Fiber/Plastic;;1998-12-03;MFL;1998-01-01;;2019-02-28
DEU000380624;;DEU;;;1.00;0.00;0.00;;5.06;0.00;---;ZEM35;ZEM35;Zempin;;N;;N;N;N;;;GO;;GNS, FPO;30.00;0.00;Fiber/Plastic;;2019-12-01;MFL;2017-01-01;;2022-06-15
DEU000380626;;DEU;;;0.00;1.30;0.00;;4.30;0.00;---;TRA3;TRA3;;;N;;N;;;;;FX;;GNS, LLS;0.00;0.00;;;1986-06-12;C19;;;1993-01-11
DEU000380627;;DEU;;;1.00;0.00;0.00;;5.52;0.00;---;BAA31;BAA31;;;N;;N;;;;;FX;;GNS, LLS;4.00;0.00;Wood;;2008-06-30;MFL;1983-01-01;;
DEU000380628;;DEU;;;5.00;6.88;0.00;;8.69;8.39;---;GOEH027;GOEH027;;;N;;N;;;;;FX;;GNS, LLS;30.00;0.00;;;1966-03-11;4C1;;;2000-11-06
DEU000380631;;DEU;;;3.00;0.00;0.00;;9.00;0.00;---;RIT8N;RIT8N;Altwarp;;N;;N;N;N;;;GO;;GNS, LLS;22.00;0.00;Metal;;2011-11-25;MFL;2003-01-01;;2022-01-01
DEU000380637;;DEU;;;1.00;1.37;0.00;;4.40;0.00;---;NEU020;NEU020;;;N;;N;;;;;FX;;GNS, LLS;7.00;0.00;Other;;1985-03-27;MFL;1985-01-01;;2007-07-06
DEU000380639;;DEU;;;1.00;0.00;0.00;;4.15;0.00;---;UMM36N;UMM36N;;;N;;N;;;;;FX;;GNS, LLS;7.00;0.00;Fiber/Plastic;;2000-12-27;MFL;2000-01-01;;2008-07-18
DEU000380645;;DEU;;;1.00;0.00;0.00;;7.50;0.00;---;PRU18;PRU18;;;N;;N;N;N;;;GO;;GNS, LLS;15.00;0.00;Fiber/Plastic;;1997-11-18;MFL;1997-01-01;;2018-08-31
DEU000380653;;DEU;;;6.00;0.00;0.00;;9.00;8.35;---;POE008N;POE008N;;;N;;N;;;;;FX;;GNS, LLS;66.00;0.00;Wood;;1986-06-22;MFL;1986-01-01;;2007-05-08
DEU000390300;211648620;DEU;;;25.00;0.00;0.00;;15.64;14.11;HARMONIE;NEU227;NEU227;Neuharlingersiel;;Y;DESC;Y;Y;Y;;;TU;;TBB, OTB;221.00;0.00;Wood;;1981-11-11;MFL;1981-01-01;;
DEU000390602;;DEU;;;2.00;7.89;0.00;;8.70;8.60;---;BAA01;BAA01;;;N;;N;;;;;FX;;GNS, LLS;37.00;0.00;;;1986-07-01;C19;;;1996-04-26
DEU000390603;;DEU;;;0.00;2.71;0.00;;6.20;0.00;---;WAR011;WAR011;;;N;;N;;;;;FX;;GNS, LLS;4.00;0.00;;;1950-08-07;C19;;;1992-04-02
DEU000390606;;DEU;;;1.00;1.91;0.00;;5.20;0.00;---;ZEW1N;ZEW1N;;;N;;N;;;;;FX;;GNS, LLS;4.00;0.00;;;1985-03-02;4C1;;;1998-01-03
DEU000390607;;DEU;;;1.00;2.00;0.00;;5.17;0.00;---;NRE3;NRE3;;;N;;N;;;;;FX;;GNS, LLS;0.00;0.00;Wood;;1979-03-03;MFL;1979-01-01;;2007-12-11
DEU000390608;;DEU;;;1.00;0.00;0.00;;5.06;0.00;---;LUB22;LUB22;;;N;;N;;;;;FX;;GNS, LLS;15.00;0.00;Fiber/Plastic;;1995-05-19;MFL;1995-01-01;;2016-04-01
DEU000390609;;DEU;;;0.00;4.87;0.00;;8.50;8.00;---;WAS13;WAS13;;;N;;N;;;;;FX;;GNS, NK;7.00;0.00;;;1964-07-02;C19;;;1994-08-31
DEU000390610;;DEU;;;1.00;0.00;0.00;;5.50;0.00;---;BOD18;BOD18;Bodstedt;;N;;N;N;N;;;GO;;GNS, FPO;37.00;0.00;Fiber/Plastic;;1999-10-13;MFL;1999-01-01;;
DEU000390611;;DEU;;;0.00;2.54;0.00;;6.00;0.00;---;GRI01;GRI01;;;N;;N;;;;;FX;;GNS, NO;5.00;0.00;;;1977-03-14;C19;;;1992-02-04
DEU000390612;;DEU;;;1.00;0.00;0.00;;6.00;0.00;---;THI06;THI06;Thiessow;;N;;N;N;N;;;GO;;GNS, LLS;10.00;0.00;Wood;;1980-06-14;MFL;1980-01-01;;2022-01-28
DEU000390613;;DEU;;;0.00;3.27;0.00;;6.80;0.00;---;GLO7;GLO7;;;N;;N;;;;;FX;;GNS, LLS;22.00;0.00;;;1982-12-31;C19;;;1992-02-01
DEU000390615;;DEU;;;0.00;1.19;0.00;;4.10;0.00;---;ARE004A;ARE004A;;;N;;N;;;;;FX;;GNS, LLS;5.00;0.00;;;1981-05-10;C19;;;1993-04-05
DEU000390616;;DEU;;;2.00;0.00;0.00;;7.98;7.10;---;RIT5;RIT5;;;N;;N;;;;;FX;;GNS, LLS;13.00;0.00;Metal;;1991-06-16;MFL;1991-01-01;;
DEU000390617;;DEU;;;0.00;1.50;0.00;;4.60;0.00;---;VIT030;VIT030;;;N;;N;;;;;FX;;GNS, NO;5.00;0.00;;;1974-06-11;C19;;;1992-11-17
DEU000390618;;DEU;;;1.00;1.52;0.00;;4.65;0.00;---;AHL34;AHL34;;;N;;N;;;;;FX;;GNS, LLS;30.00;0.00;Fiber/Plastic;;1999-03-22;MFL;1999-01-01;;
DEU000390624;;DEU;;;1.00;0.00;0.00;;5.50;0.00;---;ZEM9;ZEM9;Zempin;;N;;N;N;N;;;GO;;GNS, LLS;41.00;0.00;Fiber/Plastic;;2020-05-14;MFL;2020-01-01;;
DEU000390627;;DEU;;;1.00;0.00;0.00;;4.88;0.00;---;KZI31N;KZI31N;;;N;;N;N;N;;;GO;;GNS, LLS;11.00;0.00;Fiber/Plastic;;2009-02-10;MFL;2006-01-01;;
DEU000390631;;DEU;;;3.00;0.00;0.00;;8.50;0.00;---;AWA28N;AWA28N;Altwarp;;N;;N;N;N;;;GO;;GNS, LLS;9.00;0.00;Metal;;2012-02-10;MFL;1981-01-01;;2023-12-31
DEU000390637;;DEU;;;0.00;1.40;0.00;;4.40;0.00;---;NEU020A;NEU020A;;;N;;N;;;;;FX;;GNS, NO;0.00;0.00;;;1975-03-17;C19;;;1992-10-19
DEU000390639;;DEU;;;1.00;0.00;0.00;;4.77;0.00;---;UMM39;UMM39;;;N;;N;N;N;;;GO;;GNS, LLS;20.00;0.00;Fiber/Plastic;;2001-03-26;MFL;2001-01-01;;
DEU000390645;;DEU;;;1.00;0.00;0.00;;7.50;0.00;---;RIB16;RIB16;;;N;;N;N;N;;;GO;;GNS, LLS;15.00;0.00;Fiber/Plastic;;1997-11-17;MFL;1997-01-01;;
DEU000390648;;DEU;;;1.00;0.00;0.00;;4.32;0.00;---;NER6;NER6;;;N;;N;;;;;FX;;GNS, LLS;5.00;0.00;Fiber/Plastic;;2000-10-02;MFL;2000-01-01;;2007-09-18
DEU000390653;;DEU;;;8.00;6.51;0.00;;9.60;8.70;---;POE010N;POE010N;;;N;;N;;;;;FX;;GNS, LLS;39.00;0.00;Wood;;1987-03-12;MFL;1987-01-01;;2013-02-05
DEU000400300;;DEU;;;22.00;18.35;0.00;;14.25;13.05;DITHMARSCHEN;CUX4;CUX4;Cuxhaven;;Y;DIZM;N;;;;;TUB;;TBB, OTB;125.00;0.00;Wood;;1968-04-01;MFL;1959-01-01;;2003-12-12
DEU000400603;;DEU;;;0.00;2.71;0.00;;6.20;0.00;---;WAR023;WAR023;;;N;;N;;;;;FX;;GNS, LLS;4.00;0.00;;;1979-05-15;C19;;;1992-04-02
DEU000400606;;DEU;;;1.00;2.89;0.00;;6.40;0.00;---;ZEW2N;ZEW2N;;;N;;N;;;;;FX;;GNS, LLS;6.00;0.00;;;1988-10-22;4C1;;;1999-04-20
DEU000400607;;DEU;;;1.00;0.00;0.00;;4.60;0.00;---;NRE4N;NRE4N;"Lauterbach"", Rügen";;N;;N;N;N;;;GO;;GNS, LLS;5.00;0.00;Wood;;1991-12-31;MFL;1932-01-01;;
DEU000400609;;DEU;;;3.00;0.00;0.00;;8.65;8.05;---;UEK42;UEK42;;;N;;N;;;;;FX;;GNS, LLS;9.00;0.00;Wood;;1991-12-31;MFL;1979-01-01;;2006-09-15
DEU000400610;;DEU;;;1.00;0.00;0.00;;4.95;0.00;---;BOD13;BOD13;;;N;;N;;;;;FX;;GNS, LLS;22.00;0.00;;;2001-04-10;4C1;;;2001-10-26
DEU000400611;;DEU;;;1.00;2.54;0.00;;6.00;0.00;HEIMAT;GRI03;GRI03;;;N;;N;;;;;FX;;GNS, LLS;0.00;0.00;Wood;;1978-06-19;MFL;1978-01-01;;2007-11-23
DEU000400612;;DEU;;;1.00;1.77;0.00;;5.00;0.00;---;KZI08;KZI08;;;N;;N;;;;;FX;;GNS, NK;8.00;0.00;;;1965-05-12;4C1;;;2001-10-26
DEU000400613;;DEU;;;2.00;3.85;0.00;;6.55;6.22;---;SAS5;SAS5;;;N;;N;;;;;FX;;GNS, LLS;11.00;0.00;;;1991-12-09;4C1;;;2001-10-26
DEU000400614;;DEU;;;1.00;1.76;0.00;;5.00;0.00;---;FRE017;FRE017;;;N;;N;;;;;FX;;GNS, NK;18.00;0.00;;;1979-07-19;4C1;;;2002-11-11
DEU000400615;;DEU;;;2.00;4.20;0.00;;7.18;6.68;---;SAS16N;SAS16N;;;N;;N;;;;;FX;;GNS, LLS;18.00;0.00;;;1972-07-18;4C1;;;1999-09-01
DEU000400616;;DEU;;;2.00;0.00;0.00;;7.77;7.11;---;LAS20N;LAS20N;Lassan;;N;;N;N;N;;;GO;;GNS, LLS;4.00;0.00;Metal;;1993-04-01;MFL;1961-01-01;;
DEU000400617;;DEU;;;0.00;1.00;0.00;;3.70;0.00;---;VIT030A;VIT030A;;;N;;N;;;;;FX;;GNS, NO;5.00;0.00;;;1970-04-14;C19;;;1992-11-17
DEU000400618;;DEU;;;6.00;0.00;0.00;;9.76;0.00;---;USE14;USE14;Usedom;;N;;N;N;N;;;GO;;GNS, LLS;37.00;0.00;Metal;;2001-11-21;MFL;2001-01-01;;2021-08-15
DEU000400629;;DEU;;;0.00;4.99;0.00;;7.21;0.00;---;GLO4;GLO4;;;N;;N;;;;;FX;;GNS, LLS;22.00;0.00;;;1984-02-10;4;;;1994-02-01
DEU000400631;;DEU;;;1.00;0.00;0.00;;4.65;0.00;---;KOS3N;KOS3N;;;N;;N;;;;;FX;;GNS, LLS;18.00;0.00;Fiber/Plastic;;2012-03-08;MFL;2012-01-01;;
DEU000400637;;DEU;;;0.00;15.00;0.00;;12.80;0.00;---;NEU003;NEU003;;;N;;N;;;;;FX;;OTB, NO;68.00;0.00;;;1962-12-31;4;;;1990-11-01
DEU000400639;;DEU;;;1.00;0.00;0.00;;5.00;0.00;---;UMM40Z;UMM40Z;;;N;;N;;;;;FX;;GNS, LLS;0.00;0.00;Wood;;2001-07-27;MFL;1980-01-01;;2015-10-01
DEU000400645;;DEU;;;1.00;0.00;0.00;;4.65;0.00;---;AHR18N;AHR18N;;;N;;N;;;;;FX;;GNS, LLS;8.00;0.00;Fiber/Plastic;;1998-03-02;MFL;1998-01-01;;2006-11-21
DEU000400648;;DEU;;;1.00;0.00;0.00;;4.10;0.00;---;PRU10;PRU10;Pruchten;;N;;N;N;N;;;GO;;GNS, FPO;13.00;0.00;Fiber/Plastic;;2006-10-24;MFL;2005-01-01;;2021-06-30
DEU000400652;;DEU;;;5.00;5.47;0.00;;8.80;7.95;---;POE066;POE066;;;N;;N;;;;;FX;;GNS, LLS;35.00;0.00;;;1956-08-17;4C1;;;2001-03-16
DEU000410300;;DEU;;;11.00;0.00;0.00;;12.49;11.58;ELSE;DOR15;DOR15;Dorum;;N;;N;;;;;TUB;;TBB, OTB;124.00;0.00;Wood;;1961-03-03;MFL;1960-01-01;;2006-03-06
DEU000410603;;DEU;;;0.00;2.54;0.00;;6.00;0.00;---;WAR019;WAR019;;;N;;N;;;;;FX;;GNS, LLS;7.00;0.00;;;1954-05-20;4;;;1991-11-18
DEU000410606;;DEU;;;8.00;0.00;0.00;;10.10;9.63;ALBATROS;ZEW3N;ZEW3N;;;Y;Y4UG;N;;;;;FX;;GNS, LLS;51.00;0.00;Fiber/Plastic;;1984-07-17;MFL;1984-01-01;;
DEU000410607;;DEU;;;1.00;0.00;0.00;;4.22;0.00;---;NRE5;NRE5;;;N;;N;N;N;;;GO;;GNS, LLS;5.00;0.00;Fiber/Plastic;;1987-11-04;MFL;1984-01-01;;2019-05-01
DEU000410609;;DEU;;;2.00;3.46;0.00;;7.50;7.00;---;UEK33;UEK33;;;N;;N;;;;;FX;;GNS, NK;6.00;0.00;;;1938-07-05;4C1;;;1997-05-30
DEU000410610;;DEU;;;1.00;0.00;0.00;;5.50;0.00;---;BOD14;BOD14;;;N;;N;;;;;FX;;GNS, LLS;22.00;0.00;Fiber/Plastic;;2001-10-26;MFL;1999-01-01;;2017-01-01
DEU000410611;;DEU;;;0.00;2.80;0.00;;6.30;0.00;---;STA09;STA09;;;N;;N;;;;;FX;;GNS, NO;0.00;0.00;;;1973-03-05;C19;;;1994-08-01
DEU000410612;;DEU;;;0.00;1.13;0.00;;4.00;0.00;---;KZI08A;KZI08A;;;N;;N;;;;;FX;;GNS, NK;0.00;0.00;;;1964-07-14;4;;1995-01-01;
DEU000410613;;DEU;;;1.00;1.22;0.00;;4.15;0.00;---;BRE35;BRE35;;;N;;N;;;;;FX;;GNS, LLS;4.00;0.00;Fiber/Plastic;;1980-04-12;MFL;1980-01-01;;2008-07-04
DEU000410614;;DEU;;;1.00;2.54;0.00;;6.00;0.00;---;FRE018;FRE018;;;N;;N;;;;;FX;;GNS, LLS;9.00;0.00;;;1969-06-07;4C1;;;2002-12-05
DEU000410615;;DEU;;;1.00;1.49;0.00;;4.60;0.00;---;GZI04;GZI04;;;N;;N;;;;;FX;;GNS, FPO;0.00;0.00;Wood;;1936-10-10;MFL;1936-01-01;;2009-08-06
DEU000410616;;DEU;;;2.00;3.70;0.00;;7.98;7.25;---;BAL8;BAL8;;;N;;N;;;;;FX;;GNS, FPO;5.00;0.00;Wood;;1993-03-23;MFL;1992-01-01;;2015-10-19
DEU000410617;;DEU;;;1.00;0.00;0.00;;4.60;0.00;---;VIT031;VIT031;;;N;;N;;;;;FX;;GNS, NO;5.00;0.00;Fiber/Plastic;;1980-07-15;MFL;1980-01-01;;2006-11-30
DEU000410618;;DEU;;;1.00;0.00;0.00;;5.06;0.00;---;AHL39;AHL39;Ahlbeck;;N;;N;N;N;;;GO;;GNS, LLS;30.00;0.00;Fiber/Plastic;;2004-01-02;MFL;2002-01-01;;
DEU000410629;;DEU;;;3.00;0.00;0.00;;6.92;6.82;---;BIN001;BIN001;;;N;;N;;;;;FX;;GNS, LLS;23.00;0.00;Wood;;1982-03-12;MFL;1982-01-01;;2009-10-29
DEU000410631;;DEU;;;5.00;0.00;0.00;;8.70;0.00;---;RIT12;RIT12;;;N;;N;;;;;FX;;GNS, FPO;57.00;0.00;Metal;;2016-11-18;MFL;1968-01-01;;
DEU000410637;;DEU;;;22.00;20.00;0.00;;12.21;10.90;HILDE S.;NEU2;NEU2;;;Y;DQHC;N;;;;;FX;;OTB, GNS;100.00;0.00;Fiber/Plastic;;1992-12-09;MFL;1992-01-01;;
DEU000410639;;DEU;;;1.00;0.00;0.00;;5.80;0.00;---;UMM41Z;UMM41Z;;;N;;N;;;;;FX;;GNS, LLS;0.00;0.00;Wood;;2001-07-27;MFL;1980-01-01;;2015-10-01
DEU000410645;;DEU;;;1.00;0.00;0.00;;6.45;0.00;---;RIB13;RIB13;;;N;;N;N;N;;;GO;;GNS, LLS;21.00;0.00;Fiber/Plastic;;1998-11-01;MFL;1998-01-01;;
DEU000410648;;DEU;;;1.00;0.00;0.00;;4.35;0.00;---;PRU16N;PRU16N;;;N;;N;;;;;FX;;GNS, FPO;12.00;0.00;Fiber/Plastic;;2007-07-18;MFL;1970-01-01;;
DEU000410651;;DEU;;;6.00;6.58;0.00;;9.65;7.95;---;RER010;RER010;;;N;;N;;;;;FX;;GNS, LLS;37.00;0.00;;;1960-05-19;4C1;;;2002-03-05
DEU000420300;;DEU;;;26.00;0.00;0.00;;15.55;14.03;POSEIDON;GRE33;GRE33;;;Y;DFCS;Y;;;;;FX;;TBB, OTB;221.00;0.00;Metal;;1971-10-01;MFL;1971-01-01;;2012-07-17
DEU000420603;;DEU;;;0.00;2.54;0.00;;6.00;0.00;---;WAR004;WAR004;;;N;;N;;;;;FX;;GNS, LLS;11.00;0.00;;;1950-06-14;4;;;1991-11-18
DEU000420606;;DEU;;;1.00;2.54;0.00;;6.00;0.00;---;ZEW4;ZEW4;;;N;;N;;;;;FX;;GNS, LLS;4.00;0.00;Wood;;1928-05-11;MFL;1928-01-01;;2010-01-29
DEU000420607;;DEU;;;1.00;0.00;0.00;;4.60;0.00;---;NRE07N;NRE07N;"Lauterbach"", Rügen";;N;;N;N;N;;;GO;;GNS, LLS;5.00;0.00;Wood;;1979-03-18;MFL;1979-01-01;;
DEU000420609;;DEU;;;1.00;0.00;0.00;;6.60;0.00;---;UEK30;UEK30;Ueckermünde;;N;;N;N;N;;;GO;;GNS, LLS;6.00;0.00;Wood;;1983-06-14;MFL;1983-01-01;;
DEU000420610;;DEU;;;1.00;0.00;0.00;;7.10;0.00;---;BAR12;BAR12;;;N;;N;;;;;FX;;GNS, FPO;20.00;0.00;Fiber/Plastic;;2009-01-05;MFL;1997-01-01;;2011-05-27
DEU000420611;;DEU;;;1.00;0.00;0.00;;6.30;0.00;---;STA23;STA23;;;N;;N;;;;;FX;;FPO, NO;0.00;0.00;Wood;;1973-04-03;MFL;1973-01-01;;2016-07-31
DEU000420612;;DEU;;;0.00;2.14;0.00;;5.50;0.00;---;KZI08;KZI08;;;N;;N;;;;;FX;;GNS, NK;6.00;0.00;;;1951-02-03;4;;;1994-10-25
DEU000420613;;DEU;;;0.00;2.06;0.00;;5.40;0.00;---;BRE36;BRE36;;;N;;N;;;;;FX;;GNS, LLS;11.00;0.00;;;1981-12-31;C19;;;1994-05-17
DEU000420614;;DEU;;;0.00;1.33;0.00;;4.35;0.00;---;FRE19;FRE19;;;N;;N;;;;;FX;;GNS;6.00;0.00;;;1979-11-17;C19;;;1993-02-01
DEU000420615;;DEU;;;1.00;0.00;0.00;;5.20;0.00;---;GAG24;GAG24;;;N;;N;N;N;;;GO;;GNS, LLS;8.00;0.00;Wood;;1994-01-01;MFL;1970-01-01;;
DEU000420616;;DEU;;;2.00;0.00;0.00;;7.95;7.30;---;WAT1;WAT1;Lassan;;N;;N;N;N;;;GO;;GNS, LLS;27.00;0.00;Metal;;1993-04-14;MFL;1992-01-01;;
DEU000420617;;DEU;;;0.00;5.72;0.00;;9.00;0.00;---;VIT032;VIT032;;;N;;N;;;;;FX;;GNS, NO;44.00;0.00;;;1960-06-05;C19;;;1994-07-25
DEU000420618;;DEU;;;1.00;0.00;0.00;;5.11;0.00;HANNES II;AHL36N;AHL36N;Ahlbeck;;N;;N;N;N;;;GO;;GNS, LLS;22.00;0.00;Fiber/Plastic;;2004-01-30;MFL;2003-01-01;;2023-01-01
DEU000420629;;DEU;;;2.00;4.30;0.00;;6.70;6.40;---;BRE12;BRE12;;;N;;N;;;;;FX;;GNS, LLS;22.00;0.00;;;1982-11-01;C19;;;1996-02-22
DEU000420631;;DEU;;;1.00;0.00;0.00;;5.85;0.00;---;AWA32;AWA32;Altwarp;;N;;N;N;N;;;GO;;GNS, FPO;30.00;0.00;Metal;;2025-04-01;MFL;1999-06-16;;
DEU000420637;;DEU;;;3.00;4.74;0.00;;7.40;6.18;ADLER;NEU7;NEU7;;;N;;N;;;;;FX;;GNS, LLS;42.00;0.00;;;1993-06-15;4C1;;;2001-05-30
DEU000420639;;DEU;;;1.00;0.00;0.00;;4.60;0.00;---;UMM42;UMM42;;;N;;N;N;N;;;GO;;GNS, LLS;4.00;0.00;Fiber/Plastic;;2002-01-28;MFL;1980-01-01;;
DEU000420645;;DEU;;;1.00;0.00;0.00;;7.18;0.00;---;RIB104Z;RIB104Z;;;N;;N;;;;;FX;;GNS, LLS;6.00;0.00;;;2000-12-04;4CZ;;;2001-08-14
DEU000420648;;DEU;;;1.00;0.00;0.00;;4.40;0.00;---;PRU1;PRU1;;;N;;N;N;N;;;GO;;GNS, LLS;22.00;0.00;Fiber/Plastic;;2009-10-26;MFL;2009-01-01;;
DEU000420654;;DEU;;;0.00;7.01;0.00;;10.00;0.00;HANS CHRISTIAN;TAR010;TAR010;;;N;;N;;;;;FX;;GNS, LLS;59.00;0.00;;;1952-07-13;C19;;;1994-08-16
DEU000430300;;DEU;;;38.00;34.55;0.00;;18.33;16.26;JUPITER;SM1;SM1;Maasholm;;Y;DLHG;N;;;;;TUB;;TBB, OTB;213.00;0.00;Metal;;1970-03-10;MFL;1969-01-01;;2003-09-29
DEU000430603;;DEU;;;0.00;1.76;0.00;;5.00;0.00;---;WAR003;WAR003;;;N;;N;;;;;FX;;GNS, LLS;8.00;0.00;;;1948-08-10;4;;;1991-11-18
DEU000430606;;DEU;;;1.00;2.71;0.00;;6.25;0.00;---;ZEW20N;ZEW20N;;;N;;N;;;;;FX;;GNS, LLS;5.00;0.00;;;1953-04-29;4C1;;;2000-06-06
DEU000430607;;DEU;;;1.00;1.52;0.00;;4.65;0.00;---;SEE04A;SEE04A;;;N;;N;;;;;FX;;GNS, NO;4.00;0.00;Wood;;1948-07-16;MFL;1948-01-01;;2014-08-04
DEU000430608;;DEU;;;1.00;2.00;0.00;;5.06;0.00;---;WIE41;WIE41;Greifswald;;N;;N;N;N;;;GO;;GNS, LLS;12.00;0.00;Fiber/Plastic;;1995-07-17;MFL;1995-01-01;;
DEU000430609;;DEU;;;2.00;4.30;0.00;;8.80;8.20;---;UEK28;UEK28;;;N;;N;;;;;FX;;GNS, FPO;6.00;0.00;Wood;;1982-06-11;MFL;1982-01-01;;2008-07-04
DEU000430610;;DEU;;;1.00;0.00;0.00;;4.67;0.00;---;BAR1;BAR1;;;N;;N;N;N;;;GO;;GNS, LLS;16.00;0.00;Fiber/Plastic;;2011-09-19;MFL;2004-01-01;;2019-12-31
DEU000430611;;DEU;;;1.00;2.80;0.00;;6.30;0.00;---;STA24;STA24;;;N;;N;;;;;FX;;FPO, NO;0.00;0.00;Wood;;1981-04-19;MFL;1981-01-01;;2009-10-27
DEU000430612;;DEU;;;23.00;0.00;0.00;;11.95;10.35;POMMERN;THI03;THI03;Thiessow;;Y;DQID;N;N;N;;;GO;;GNS, OTB;220.00;0.00;Metal;;1993-04-05;MFL;1993-01-01;;
DEU000430613;;DEU;;;1.00;0.55;0.00;;2.79;0.00;---;BRE37;BRE37;;;N;;N;;;;;FX;;GNS, LLS;0.00;0.00;Fiber/Plastic;;1981-12-31;MFL;1981-01-01;;2004-03-18
DEU000430614;;DEU;;;0.00;1.77;0.00;;5.00;0.00;---;FRE20;FRE20;;;N;;N;;;;;FX;;GNS, NO;7.00;0.00;;;1968-04-14;C19;;;1996-07-01
DEU000430615;;DEU;;;1.00;1.80;0.00;;4.60;0.00;---;GZI02;GZI02;;;N;;N;;;;;FX;;FPO, NO;4.00;0.00;Wood;;1967-07-02;MFL;1967-01-01;;2009-10-21
DEU000430616;;DEU;;;2.00;0.00;0.00;;7.93;6.73;---;LAS16N;LAS16N;Lassan;;N;;N;N;N;;;GO;;GNS, LLS;12.00;0.00;Metal;;1993-07-24;MFL;1993-01-01;;2022-08-15
DEU000430617;;DEU;;;0.00;27.19;0.00;;15.14;14.17;MARIEANNE;VIT033;VIT033;;;N;;N;;;;;FX;;GNS, LLS;60.00;0.00;;;1941-06-05;C19;;;1994-02-02
DEU000430618;;DEU;;;8.00;0.00;0.00;;11.59;0.00;RASMUS;AHL4;AHL4;;;N;;N;N;N;;;GO;;GNS, LLS;37.00;0.00;Fiber/Plastic;;2008-07-25;MFL;1980-01-01;;
DEU000430629;;DEU;;;1.00;1.76;0.00;;5.00;0.00;---;GLO2;GLO2;;;N;;N;;;;;FX;;GNS, LLS;7.00;0.00;;;1967-05-15;4C1;;;1999-03-31
DEU000430637;;DEU;;;1.00;1.77;0.00;;5.00;0.00;---;NEU29;NEU29;;;N;;N;;;;;FX;;GNS, LLS;0.00;0.00;;;1962-03-01;4C1;;;1998-03-02
DEU000430639;;DEU;;;1.00;0.00;0.00;;4.70;0.00;---;UMM43;UMM43;;;N;;N;;;;;FX;;GNS, LLS;20.00;0.00;Fiber/Plastic;;2002-04-11;MFL;2001-01-01;;2015-10-01
DEU000430645;;DEU;;;1.00;0.00;0.00;;5.00;0.00;---;PRU15;PRU15;;;N;;N;N;N;;;GO;;GNS, LLS;18.00;0.00;Fiber/Plastic;;2001-04-05;MFL;2001-01-01;;
DEU000430648;;DEU;;;1.00;0.00;0.00;;4.85;0.00;---;BOR3;BOR3;;;N;;N;;;;;FX;;GNS, FPO;11.00;0.00;Fiber/Plastic;;2011-04-04;MFL;1995-01-01;;
DEU000430654;;DEU;;;1.00;2.14;0.00;;5.50;0.00;---;TAR001AN;TAR001AN;;;N;;N;;;;;FX;;GNS, LLS;15.00;0.00;Wood;;1952-08-01;MFL;1952-01-01;;2008-02-26
DEU000440300;;DEU;;;19.00;20.03;0.00;;14.98;13.46;ORION;FED1;FED1;;;Y;DDMP;N;;;;;FX;;TBB, OTB;184.00;0.00;Wood;;1961-11-26;MFL;1960-01-01;;2015-02-27
DEU000440603;;DEU;;;0.00;2.71;0.00;;6.20;0.00;---;WAR002;WAR002;;;N;;N;;;;;FX;;GNS, LLS;4.00;0.00;;;1950-05-18;4;;;1991-11-18
DEU000440606;;DEU;;;2.00;2.62;0.00;;6.10;0.00;---;ZEW6N;ZEW6N;;;N;;N;;;;;FX;;GNS, LLS;4.00;0.00;;;1956-07-03;C19;;;1995-06-21
DEU000440607;;DEU;;;1.00;0.00;0.00;;4.44;0.00;---;SEE04B;SEE04B;;;N;;N;;;;;FX;;GNS, NO;0.00;0.00;Wood;;1965-04-08;MFL;1965-01-01;;2006-05-16
DEU000440608;;DEU;;;6.00;0.00;0.00;;9.15;0.00;BRIGITTE;WIE43;WIE43;;;N;;N;;;;;FX;;GNS, LLS;36.00;0.00;Fiber/Plastic;;1996-02-13;MFL;1982-01-01;;
DEU000440609;;DEU;;;3.00;0.00;0.00;;8.50;8.00;---;FRE94;FRE94;Freest;;N;;N;N;N;;;GO;;GNS, FPO;22.00;0.00;Metal;;1985-05-15;MFL;1985-01-01;;2021-12-13
DEU000440610;;DEU;;;1.00;0.00;0.00;;5.64;0.00;---;BOD17;BOD17;Barth;;N;;N;N;N;;;GO;;GNS, LLS;18.00;0.00;Fiber/Plastic;;2018-04-01;MFL;1970-01-01;;
DEU000440612;;DEU;;;1.00;1.80;0.00;;4.10;0.00;---;KZI09N;KZI09N;;;N;;N;;;;;FX;;GNS, NO;6.00;0.00;;;1994-01-01;4C1;;;2000-08-18
DEU000440613;;DEU;;;3.00;4.44;0.00;;7.00;6.45;SEEHUND;GOT8;GOT8;;;N;;N;;;;;FX;;GNS, FPO;44.00;0.00;Fiber/Plastic;;1989-02-02;MFL;1989-01-01;;
DEU000440615;;DEU;;;1.00;1.60;0.00;;4.20;0.00;---;GAG23AN;GAG23AN;;;N;;N;;;;;FX;;GNS, LLS;4.00;0.00;Wood;;1986-10-10;MFL;1986-01-01;;2009-05-05
DEU000440616;;DEU;;;1.00;1.24;0.00;;4.20;0.00;---;WAT1A;WAT1A;;;N;;N;;;;;FX;;GNS, LLS;0.00;0.00;;;1978-04-15;4C1;;;2000-07-11
DEU000440617;;DEU;;;1.00;2.63;0.00;;6.10;0.00;---;FRE8;FRE8;;;N;;N;;;;;FX;;GNS, FPO;14.00;0.00;Wood;;1990-05-14;MFL;1990-01-01;;2010-10-04
DEU000440618;;DEU;;;2.00;0.00;0.00;;6.98;0.00;MEERESWELLE;AHL6;AHL6;;;N;;N;;;;;FX;;GNS, FPO;60.00;0.00;Fiber/Plastic;;2011-05-06;MFL;2010-01-01;;
DEU000440628;;DEU;;;0.00;1.43;0.00;;4.50;0.00;---;GOEH004A;GOEH004A;;;N;;N;;;;;FX;;GNS, LLS;0.00;0.00;;;1979-06-23;C19;;1992-03-03;
DEU000440629;;DEU;;;1.00;1.84;0.00;;5.10;0.00;---;GLO4;GLO4;;;N;;N;;;;;FX;;GNS, LLS;7.00;0.00;;;1972-07-10;4C1;;;1999-03-31
DEU000440637;;DEU;;;1.00;1.91;0.00;;5.20;0.00;---;NEU26;NEU26;;;N;;N;;;;;FX;;GNS, NO;0.00;0.00;Wood;;1972-06-10;MFL;1972-01-01;2003-01-07;
DEU000440639;;DEU;;;1.00;0.00;0.00;;4.07;0.00;---;UMM37NZ;UMM37NZ;;;N;;N;;;;;FX;;GNS, LLS;8.00;0.00;Fiber/Plastic;;2000-12-19;MFL;1985-01-01;;2013-11-06
DEU000440645;;DEU;;;1.00;0.00;0.00;;7.55;0.00;---;NER7N;NER7N;;;N;;N;N;N;;;GO;;GNS, LLS;5.00;0.00;Fiber/Plastic;;2005-01-04;MFL;1997-01-01;;2018-12-31
DEU000440648;;DEU;;;1.00;0.00;0.00;;4.65;0.00;---;BOR22;BOR22;;;N;;N;N;N;;;GO;;GNS, FPO;13.00;0.00;Fiber/Plastic;;2020-06-01;MFL;2020-01-01;;
DEU000440654;;DEU;;;7.00;0.00;0.00;;9.96;9.75;SEEADLER;GAG20;GAG20;;;N;;N;N;N;;;GO;;GNS, LLS;69.00;0.00;Fiber/Plastic;;1985-07-22;MFL;1985-01-01;;
DEU000450300;;DEU;;;0.00;17.39;0.00;;15.04;13.22;SIRIUS;FED2;FED2;Fedderwardersiel;;N;;N;;;;;TUB;;TBB, OTB;147.00;0.00;Wood;;1956-05-24;4C5;1956-01-01;;1998-10-22
DEU000450603;;DEU;;;0.00;3.66;0.00;;7.20;0.00;---;WAR001;WAR001;;;N;;N;;;;;FX;;GNS, LLS;14.00;0.00;;;1950-01-16;4;;;1991-11-18
DEU000450606;;DEU;;;6.00;6.24;0.00;;9.40;8.35;---;ZEW7N;ZEW7N;;;N;;N;;;;;FX;;GNS, LLS;44.00;0.00;;;1965-11-12;4C1;;;1999-12-07
DEU000450607;;DEU;;;1.00;0.00;0.00;;4.80;0.00;---;LAU12A;LAU12A;;;N;;N;;;;;FX;;FPO, NO;6.00;0.00;Wood;;1991-02-27;MFL;1950-01-01;;2017-02-07
DEU000450608;;DEU;;;3.00;0.00;0.00;;8.48;7.65;---;AWA4;AWA4;;;N;;N;;;;;FX;;GNS, LLS;31.00;0.00;Fiber/Plastic;;1996-02-15;MFL;1996-01-01;;
DEU000450609;;DEU;;;0.00;4.20;0.00;;7.70;7.30;---;UEK8;UEK8;;;N;;N;;;;;FX;;GNS, NK;9.00;0.00;;;1974-03-14;4;;;1995-10-17
DEU000450611;;DEU;;;1.00;0.00;0.00;;6.30;0.00;---;STA26;STA26;;;N;;N;;;;;FX;;GNS, NO;0.00;0.00;Wood;;1982-07-04;MFL;1982-01-01;;2007-01-30
DEU000450612;;DEU;;;1.00;0.00;0.00;;5.46;0.00;---;BAA36;BAA36;Baabe;;N;;N;N;N;;;WOP;;FPO, GNS;7.00;0.00;Wood;;1994-02-10;MFL;1990-01-01;;2021-01-05
DEU000450613;;DEU;;;1.00;0.00;0.00;;4.88;0.00;---;NEK1;NEK1;;;N;;N;N;N;;;GO;;GNS, LLS;3.00;0.00;Fiber/Plastic;;1991-08-16;MFL;1991-01-01;;
DEU000450614;;DEU;;;1.00;1.24;0.00;;5.03;0.00;---;FRE10N;FRE10N;;;N;;N;;;;;FX;;GNS, LLS;3.00;0.00;Wood;;1981-02-13;MFL;1981-01-01;;2003-02-03
DEU000450615;;DEU;;;1.00;1.65;0.00;;4.60;0.00;---;GAG10;GAG10;;;N;;N;;;;;FX;;GNS, NO;7.00;0.00;;;1988-04-03;4C1;;;1998-07-22
DEU000450616;;DEU;;;2.00;4.98;0.00;;7.98;7.24;---;ANK2;ANK2;;;N;;N;;;;;FX;;GNS, LLS;13.00;0.00;Metal;;1994-01-25;MFL;1992-01-01;;
DEU000450617;;DEU;;;1.00;1.13;0.00;;4.00;0.00;---;VIT035;VIT035;;;N;;N;;;;;FX;;GNS, LLS;7.00;0.00;;;1987-04-14;4C1;;;2000-05-18
DEU000450618;;DEU;;;1.00;0.00;0.00;;5.06;0.00;---;AHL37N;AHL37N;;;N;;N;;;;;FX;;GNS, LLS;30.00;0.00;Fiber/Plastic;;2013-11-06;MFL;2013-01-01;;
DEU000450628;;DEU;;;0.00;1.43;0.00;;4.50;0.00;---;GOEH006A;GOEH006A;;;N;;N;;;;;FX;;GNS, LLS;0.00;0.00;;;1970-03-11;C19;;;1992-02-04
DEU000450629;;DEU;;;1.00;1.60;0.00;;4.20;0.00;---;KZI12;KZI12;;;N;;N;;;;;FX;;GNS, LLS;8.00;0.00;Fiber/Plastic;;1991-12-31;MFL;1990-01-01;;2007-09-20
DEU000450637;;DEU;;;1.00;0.00;0.00;;4.85;0.00;---;THI56;THI56;;;N;;N;N;N;;;GO;;GNS, LLS;11.00;0.00;Wood;;1974-03-04;MFL;1974-01-01;;
DEU000450639;;DEU;;;1.00;0.00;0.00;;4.15;0.00;---;UMM44NZ;UMM44NZ;;;N;;N;;;;;FX;;GNS, LLS;7.00;0.00;Fiber/Plastic;;2003-05-19;MFL;2003-01-01;;2008-12-09
DEU000450645;;DEU;;;1.00;0.00;0.00;;4.30;0.00;---;BOR14;BOR14;;;N;;N;;;;;FX;;GNS, LLS;6.00;0.00;Fiber/Plastic;;2005-05-10;MFL;1990-01-01;;
DEU000450651;;DEU;;;2.00;4.52;0.00;;7.80;7.20;---;RER011N;RER011N;;;N;;N;;;;;FX;;GNS, LLS;32.00;0.00;Fiber/Plastic;;1978-05-24;MFL;1978-01-01;;
DEU000460300;211667030;DEU;;;33.00;0.00;0.00;;16.20;14.48;VENUS;GRE36;GRE36;;;Y;DLIL;Y;Y;Y;;;TU;;TBB, OTB;217.00;0.00;Metal;;1976-06-01;MFL;1976-01-01;;
DEU000460603;;DEU;;;4.00;0.00;0.00;;8.10;0.00;---;WAR40A;WAR40A;;;N;;N;;;;;FX;;GNS, LLS;18.00;0.00;Metal;;1960-05-15;MFL;1960-01-01;;2006-10-19
DEU000460604;;DEU;;;3.00;3.98;0.00;;7.50;7.20;---;WIS002;WIS002;;;N;;N;;;;;FX;;GNS, LLS;22.00;0.00;;;1966-03-16;4C1;;;1997-03-25
DEU000460606;;DEU;;;1.00;2.13;0.00;;5.50;0.00;---;ZEW8N;ZEW8N;;;N;;N;;;;;FX;;GNS, NK;4.00;0.00;;;1975-07-14;4C1;;1999-02-02;
DEU000460607;;DEU;;;1.00;0.00;0.00;;6.34;0.00;---;LAU12B;LAU12B;;;N;;N;;;;;FX;;GNS, NO;0.00;0.00;Wood;;1991-02-27;MFL;1977-01-01;;2006-08-07
DEU000460608;;DEU;;;3.00;0.00;0.00;;7.10;6.65;MARIE;WIE45;WIE45;Greifswald;;N;;N;N;N;;;GO;;GNS, LLS;37.00;0.00;Fiber/Plastic;;2000-02-23;MFL;2000-01-01;;
DEU000460609;;DEU;;;1.00;0.00;0.00;;5.90;0.00;---;BEL2;BEL2;;;N;;N;N;N;;;GO;;GNS, LLS;3.00;0.00;Wood;;1980-01-22;MFL;1980-01-01;;2018-11-01
DEU000460611;;DEU;;;1.00;0.00;0.00;;6.30;0.00;---;STA27;STA27;;;N;;N;;;;;FX;;FPO, NO;0.00;0.00;Wood;;1982-04-24;MFL;1982-01-01;;2016-07-31
DEU000460612;;DEU;;;0.00;2.00;0.00;;5.00;0.00;---;THI16;THI16;;;N;;N;;;;;FX;;GNS, LLS;0.00;0.00;;;1970-02-05;C19;;;1996-02-23
DEU000460613;;DEU;;;1.00;1.98;0.00;;5.30;0.00;---;NEK3;NEK3;;;N;;N;;;;;FX;;GNS, LLS;15.00;0.00;Wood;;1990-10-10;MFL;1990-01-01;;2006-11-24
DEU000460614;;DEU;;;1.00;1.76;0.00;;5.49;0.00;---;FRE45N;FRE45N;;;N;;N;;;;;FX;;GNS, LLS;0.00;0.00;Metal;;1985-03-02;MFL;1985-01-01;;2010-01-29
DEU000460615;;DEU;;;1.00;1.80;0.00;;4.00;0.00;---;GAG07;GAG07;;;N;;N;;;;;FX;;GNS, NO;0.00;0.00;Wood;;1958-07-01;MFL;1958-01-01;;2010-01-06
DEU000460616;;DEU;;;1.00;3.33;0.00;;6.95;6.83;---;ANF6;ANF6;;;N;;N;;;;;FX;;GNS, LLS;5.00;0.00;;;1978-05-08;4C1;;;2001-04-27
DEU000460617;;DEU;;;1.00;1.00;0.00;;3.70;0.00;---;VIT036;VIT036;;;N;;N;;;;;FX;;GNS;12.00;0.00;;;1976-03-15;4C1;;;1999-12-07
DEU000460628;;DEU;;;1.00;0.00;0.00;;3.50;0.00;---;GOEH6;GOEH6;;;N;;N;;;;;FX;;GNS, LLS;6.00;0.00;Wood;;1970-04-04;MFL;1970-01-01;;2007-02-05
DEU000460629;;DEU;;;1.00;0.00;0.00;;4.22;0.00;---;BIN3A;BIN3A;;;N;;N;;;;;FX;;GNS, NO;0.00;0.00;Fiber/Plastic;;1985-07-13;MFL;1985-01-01;;2006-12-08
DEU000460637;;DEU;;;1.00;1.69;0.00;;4.90;0.00;---;NEU28;NEU28;;;N;;N;;;;;FX;;GNS, NO;0.00;0.00;Wood;;1976-08-10;MFL;1976-01-01;;2004-12-20
DEU000460639;;DEU;;;1.00;0.00;0.00;;4.37;0.00;---;UMM45;UMM45;;;N;;N;;;;;FX;;GNS, FPO;11.00;0.00;Fiber/Plastic;;2004-07-02;MFL;2004-01-01;;2015-10-01
DEU000460645;;DEU;;;1.00;0.00;0.00;;4.65;0.00;Lachs;AHR21;AHR21;;;N;;N;N;N;;;GO;;GNS, FPO;11.00;0.00;Fiber/Plastic;;2006-09-28;MFL;1999-01-01;;
DEU000470603;;DEU;;;0.00;390.00;0.00;;35.11;29.40;AALJE VISSER;ROS003;ROS003;;;Y;Y4ES;N;;;;;FX;;OTB, OTM;1617.00;0.00;;;1983-04-28;G17;;;1992-01-13
DEU000470604;;DEU;;;0.00;1.70;0.00;;4.90;0.00;---;WIS009;WIS009;;;N;;N;;;;;FX;;GNS, LLS;4.00;0.00;;;1953-05-19;C19;;;1994-07-28
DEU000470606;;DEU;;;1.00;3.36;0.00;;6.90;0.00;---;ZEW9;ZEW9;;;N;;N;;;;;FX;;GNS, LLS;10.00;0.00;;;1987-10-12;4C1;;;2002-03-12
DEU000470607;;DEU;;;1.00;1.00;0.00;;4.10;0.00;---;LAU15;LAU15;;;N;;N;;;;;FX;;GNS, NO;17.00;0.00;;;1986-04-03;4C1;;;1997-04-14
DEU000470608;;DEU;;;2.00;0.00;0.00;;6.50;0.00;---;WIE48N;WIE48N;Greifswald;;N;;N;N;N;;;GO;;GNS, LLS;13.00;0.00;Fiber/Plastic;;2003-09-01;MFL;1989-01-01;;
DEU000470609;;DEU;;;1.00;0.00;0.00;;6.77;6.11;---;UEK22;UEK22;Ueckermünde;;N;;N;N;N;;;GO;;GNS, LLS;7.00;0.00;Fiber/Plastic;;1985-02-28;MFL;1985-01-01;;2022-01-01
DEU000470611;;DEU;;;0.00;3.00;0.00;;9.00;0.00;---;STA008;STA008;;;N;;N;;;;;FX;;GNS, NK;44.00;0.00;;;1951-08-19;4;;;1991-07-15
DEU000470612;;DEU;;;1.00;1.80;0.00;;4.00;0.00;---;THI21A;THI21A;;;N;;N;;;;;FX;;GNS, LLS;0.00;0.00;Wood;;1956-03-10;MFL;1956-01-01;;2009-02-27
DEU000470613;;DEU;;;1.00;1.68;0.00;;4.88;0.00;---;NEK5N;NEK5N;;;N;;N;;;;;FX;;GNS, LLS;11.00;0.00;Fiber/Plastic;;1991-11-10;MFL;1991-01-01;;2010-12-31
DEU000470614;;DEU;;;1.00;0.00;0.00;;6.00;0.00;---;FRE50;FRE50;;;N;;N;;;;;FX;;FPO, LLS;21.00;0.00;Wood;;1975-08-14;MFL;1975-01-01;;2007-09-11
DEU000470615;;DEU;;;1.00;0.00;0.00;;4.20;0.00;---;GAG09A;GAG09A;;;N;;N;;;;;FX;;GNS, NO;4.00;0.00;Fiber/Plastic;;1994-07-01;MFL;1985-01-01;;2006-10-17
DEU000470616;;DEU;;;3.00;0.00;0.00;;8.25;0.00;---;ANF3N;ANF3N;Lassan;;N;;N;N;N;;;GO;;GNS, NK;39.00;0.00;Metal;;1988-05-13;MFL;1988-01-01;;2022-12-01
DEU000470617;;DEU;;;1.00;0.00;0.00;;4.88;0.00;---;VIT37N;VIT37N;;;N;;N;;;;;GO;;GNS, LLS;10.00;0.00;Fiber/Plastic;;1990-01-14;MFL;1990-01-01;;2018-01-02
DEU000470628;;DEU;;;1.00;1.13;0.00;;4.00;0.00;---;GOEH017A;GOEH017A;;;N;;N;;;;;FX;;GNS, OTB;0.00;0.00;;;1971-09-12;4C1;;;2002-04-04
DEU000470637;;DEU;;;1.00;1.68;0.00;;4.88;0.00;---;NEU25;NEU25;;;N;;N;;;;;FX;;GNS, NO;11.00;0.00;Fiber/Plastic;;1994-07-19;MFL;1993-01-01;;
DEU000470639;;DEU;;;1.00;0.00;0.00;;4.70;0.00;---;UMM46N;UMM46N;;;N;;N;;;;;FX;;GNS, FPO;3.00;0.00;Fiber/Plastic;;2005-01-13;MFL;2004-01-01;;
DEU000470645;;DEU;;;1.00;0.00;0.00;;7.60;0.00;---;PRU20;PRU20;Pruchten;;N;;N;N;N;;;GO;;GNS, FPO;11.00;0.00;Fiber/Plastic;;2007-09-18;MFL;2007-01-01;;2023-09-30
DEU000480300;211565000;DEU;;;61.00;0.00;0.00;;18.24;16.47;BUTJADINGEN;SW6;SW6;Wittdün;;Y;DDHN;Y;Y;Y;8536964;;TU;;TBB, OTB;221.00;0.00;Metal;;1988-03-01;MFL;1988-01-01;;
DEU000480603;;DEU;;;1.00;0.00;0.00;;6.00;0.00;---;WAR75;WAR75;;;N;;N;N;N;;;GO;;GNS, LLS;15.00;0.00;Fiber/Plastic;;1984-09-14;MFL;1984-01-01;;
DEU000480604;;DEU;;;3.00;4.19;0.00;;7.70;0.00;---;WIS004;WIS004;;;N;;N;;;;;FX;;GNS, LLS;29.00;0.00;Wood;;1970-09-27;MFL;1970-01-01;;2010-07-14
DEU000480606;;DEU;;;1.00;2.54;0.00;;6.50;0.00;---;ZEW21N;ZEW21N;;;N;;N;;;;;FX;;GNS, LLS;5.00;0.00;Wood;;1976-05-14;MFL;1976-01-01;;2005-01-04
DEU000480607;;DEU;;;1.00;2.00;0.00;;5.64;0.00;---;LAU18;LAU18;;;N;;N;;;;;FX;;GNS, NO;0.00;0.00;;;1991-02-26;C19;;;1995-08-24
DEU000480608;;DEU;;;1.00;0.00;0.00;;4.05;0.00;---;WIE50;WIE50;Greifswald;;N;;N;N;N;;;GO;;GNS, FPO;20.00;0.00;Fiber/Plastic;;2005-03-09;MFL;1986-01-01;;
DEU000480609;;DEU;;;0.00;4.61;0.00;;7.00;6.85;---;UEK35;UEK35;;;N;;N;;;;;FX;;GNS, LLS;4.00;0.00;;;1955-12-31;4;;;1994-04-26
DEU000480611;;DEU;;;1.00;2.80;0.00;;6.00;0.00;---;STA28;STA28;;;N;;N;;;;;FX;;GNS, NO;4.00;0.00;Wood;;1983-07-06;MFL;1983-01-01;;2004-01-08
DEU000480612;;DEU;;;1.00;1.90;0.00;;5.00;0.00;---;THI27;THI27;;;N;;N;;;;;FX;;GNS, LLS;0.00;0.00;Wood;;1978-10-12;MFL;1978-01-01;;2003-05-02
DEU000480613;;DEU;;;1.00;1.22;0.00;;4.15;0.00;---;GLO18;GLO18;;;N;;N;;;;;FX;;GNS, LLS;7.00;0.00;Fiber/Plastic;;1994-05-17;MFL;1982-01-01;;2004-12-13
DEU000480614;;DEU;;;2.00;2.10;0.00;;7.80;7.60;ALK;RAN6;RAN6;;;N;;N;;;;;FX;;GNS, LLS;20.00;0.00;Metal;;1988-03-12;MFL;1987-01-01;;
DEU000480615;;DEU;;;0.00;1.90;0.00;;5.10;0.00;---;GZI07B;GZI07B;;;N;;N;;;;;FX;;GNS, NO;0.00;0.00;;;1980-02-17;C19;;;1995-01-01
DEU000480616;;DEU;;;1.00;0.00;0.00;;4.65;0.00;---;NEG4;NEG4;Lassan;;N;;N;N;N;;;GO;;GNS, LLS;11.00;0.00;Fiber/Plastic;;1996-08-05;MFL;1996-01-01;;2021-12-07
DEU000480617;;DEU;;;0.00;1.00;0.00;;3.70;0.00;---;VIT038;VIT038;;;N;;N;;;;;FX;;GNS, NO;2.00;0.00;;;1973-03-11;C19;;;1992-11-17
DEU000480628;;DEU;;;1.00;1.13;0.00;;4.00;0.00;---;GOEH027;GOEH027;;;N;;N;;;;;FX;;GNS, LLS;0.00;0.00;;;1970-04-01;4C1;;;2000-11-06
DEU000480637;;DEU;;;1.00;0.00;0.00;;4.65;0.00;---;NEU31;NEU31;"Neuendorf"", Hiddensee";;N;;N;N;N;;;GO;;GNS, LLS;22.00;0.00;Fiber/Plastic;;1994-07-18;MFL;1992-01-01;;
DEU000480639;;DEU;;;1.00;0.00;0.00;;4.80;0.00;---;UMM47N;UMM47N;;;N;;N;;;;;FX;;GNS, FPO;11.00;0.00;Fiber/Plastic;;2005-03-02;MFL;2004-01-01;;
DEU000480645;;DEU;;;1.00;0.00;0.00;;4.90;0.00;---;NER9;NER9;;;N;;N;;;;;FX;;GNS, LLS;22.00;0.00;Fiber/Plastic;;2008-03-10;MFL;2007-01-01;;2016-02-29
DEU000490300;;DEU;;;0.00;10.09;0.00;;11.80;10.70;VOERUT;FED6;FED6;Fedderwardersiel;;Y;DDDT;N;;;;;TUB;;TBB, OTB;93.00;0.00;Wood;;1960-04-09;C11;1950-01-01;;1994-01-06
DEU000490603;;DEU;;;1.00;1.91;0.00;;5.20;0.00;---;KUEH4;KUEH4;;;N;;N;;;;;FX;;GNS, LLS;10.00;0.00;;;1981-05-14;C19;;;1995-06-25
DEU000490604;;DEU;;;1.00;3.27;0.00;;6.80;0.00;---;WIS004B;WIS004B;;;N;;N;;;;;FX;;GNS, LLS;2.00;0.00;Metal;;1986-04-15;MFL;1986-01-01;;2005-10-18
DEU000490605;;DEU;;;0.00;5.72;0.00;;9.00;0.00;---;STR01;STR01;;;N;;N;;;;;FX;;GNS, NO;5.00;0.00;;;1974-06-19;C19;;;1994-08-01
DEU000490606;;DEU;;;3.00;0.00;0.00;;6.80;0.00;---;ZEW11N;ZEW11N;;;N;;N;;;;;FX;;GNS, LLS;26.00;0.00;Fiber/Plastic;;1985-05-12;MFL;1985-01-01;;
DEU000490607;;DEU;;;1.00;0.00;0.00;;6.33;0.00;---;LAU18B;LAU18B;;;N;;N;;;;;FX;;GNS, NO;0.00;0.00;Wood;;1991-02-27;MFL;1977-01-01;;2013-06-11
DEU000490608;;DEU;;;1.00;0.00;0.00;;5.85;0.00;---;WIE51;WIE51;Greifswald;;N;;N;N;N;;;GO;;GNS, LLS;23.00;0.00;Fiber/Plastic;;2005-06-28;MFL;2005-01-01;;
DEU000490609;;DEU;;;2.00;5.91;0.00;;8.30;8.10;---;UEK24;UEK24;;;N;;N;;;;;FX;;GNS, LLS;20.00;0.00;;;1972-12-31;4C1;;;2001-12-01
DEU000490611;;DEU;;;1.00;0.00;0.00;;5.30;0.00;---;STA29N;STA29N;;;N;;N;N;N;;;GO;;GNS, LLS;11.00;0.00;Fiber/Plastic;;1995-12-06;MFL;1993-01-01;;
DEU000490612;;DEU;;;1.00;2.00;0.00;;5.00;0.00;---;GAG36N;GAG36N;;;N;;N;;;;;FX;;GNS, NO;0.00;0.00;Wood;;1954-03-06;MFL;1954-01-01;;2005-01-10
DEU000490613;;DEU;;;1.00;0.00;0.00;;6.00;0.00;---;GLO1N;GLO1N;;;N;;N;;;;;FX;;GNS, LLS;18.00;0.00;Wood;;1992-01-01;MFL;1984-01-01;;2006-07-21
DEU000490614;;DEU;;;1.00;1.62;0.00;;4.80;0.00;---;FRE53;FRE53;;;N;;N;;;;;FX;;GNS, NO;6.00;0.00;Wood;;1989-04-02;MFL;1989-01-01;;2007-12-20
DEU000490615;;DEU;;;1.00;1.24;0.00;;4.07;0.00;---;GAG28AN;GAG28AN;;;N;;N;;;;;FX;;GNS, NO;0.00;0.00;Fiber/Plastic;;1987-03-14;MFL;1987-01-01;;2011-03-11
DEU000490616;;DEU;;;2.00;4.16;0.00;;7.68;7.16;---;WAT4;WAT4;;;N;;N;;;;;FX;;GNS, LLS;12.00;0.00;Wood;;1997-05-15;MFL;1997-01-01;;2011-10-18
DEU000490617;;DEU;;;0.00;1.43;0.00;;4.50;0.00;---;VIT039;VIT039;;;N;;N;;;;;FX;;GNS, NO;2.00;0.00;;;1950-03-15;C19;;;1992-11-17
DEU000490628;;DEU;;;1.00;1.60;0.00;;4.77;0.00;---;GOEH8;GOEH8;;;N;;N;;;;;FX;;GNS, NO;0.00;0.00;;;1971-06-06;C19;;1995-12-13;
DEU000490637;;DEU;;;1.00;1.19;0.00;;4.10;0.00;---;NEU30;NEU30;;;N;;N;;;;;FX;;GNS, NO;11.00;0.00;;;1994-07-19;C19;;;1995-07-17
DEU000490639;;DEU;;;1.00;0.00;0.00;;4.70;0.00;---;UMM49N;UMM49N;;;N;;N;;;;;FX;;GNS, FPO;15.00;0.00;Fiber/Plastic;;2007-06-29;MFL;2007-01-01;;
DEU000490656;;DEU;;;1.00;0.00;0.00;;5.20;0.00;---;SAS56N;SAS56N;;;N;;N;;;;;FX;;GNS, LLS;5.00;0.00;Wood;;1977-10-14;MFL;1977-01-01;;2017-05-23
DEU000500300;;DEU;;;15.00;13.09;0.00;;13.91;12.70;SEESTERN;FED7;FED7;Fedderwardersiel;;Y;DB2505;N;;;;;TUB;;TBB, OTB;110.00;0.00;Wood;;1963-10-16;4C5;1963-01-01;;2000-04-14
DEU000500602;;DEU;;;0.00;132.70;0.00;;26.45;23.40;ELSTER;SAS272;SAS272;;;Y;Y4SC;N;;;;;FX;;OTB, PTB;184.00;31.00;;;1957-02-19;4;;;1990-12-05
DEU000500603;;DEU;;;0.00;2.70;0.00;;7.00;0.00;SEBASTIAN;WAR010;WAR010;;;N;;N;;;;;FX;;GNS, LLS;37.00;0.00;;;1980-10-06;4;;;1991-11-18
DEU000500605;;DEU;;;1.00;2.54;0.00;;6.00;0.00;---;STR10;STR10;;;N;;N;;;;;FX;;GNS, LLS;0.00;0.00;Wood;;1953-08-11;MFL;1953-01-01;;2004-06-07
DEU000500606;;DEU;;;10.00;15.25;0.00;;11.25;10.00;MILAN;ZEW12;ZEW12;;;Y;Y4KZ;N;;;;;FX;;GNS, LLS;77.00;0.00;;;1962-03-12;4C1;;;2000-07-07
DEU000500607;;DEU;;;1.00;1.82;0.00;;5.08;0.00;---;LAU19A;LAU19A;;;N;;N;;;;;FX;;GNS, NO;4.00;0.00;Wood;;1980-03-12;MFL;1949-01-01;;2008-03-11
DEU000500608;;DEU;;;2.00;0.00;0.00;;8.30;0.00;---;WIE10N;WIE10N;;;N;;N;;;;;FX;;GNS, LLS;15.00;0.00;Metal;;2006-03-14;MFL;2006-01-01;;2010-11-05
DEU000500609;;DEU;;;2.00;6.18;0.00;;8.10;0.00;---;UEK23;UEK23;;;N;;N;;;;;FX;;GNS, LLS;16.00;0.00;Wood;;1988-03-10;MFL;1988-01-01;;2006-11-10
DEU000500611;;DEU;;;1.00;1.10;0.00;;4.20;0.00;---;GRI4;GRI4;;;N;;N;;;;;FX;;GNS, LLS;11.00;0.00;Fiber/Plastic;;1997-09-12;MFL;1997-01-01;;2014-09-22
DEU000500612;;DEU;;;1.00;1.45;0.00;;4.75;0.00;---;THI08;THI08;;;N;;N;;;;;FX;;GNS, LLS;8.00;0.00;;;1992-01-01;4C1;;;1999-09-06
DEU000500613;;DEU;;;1.00;1.30;0.00;;4.30;0.00;---;GLO11N;GLO11N;;;N;;N;;;;;FX;;GNS, LLS;7.00;0.00;;;1999-03-30;4C1;;;2000-05-19
DEU000500614;;DEU;;;0.00;3.26;0.00;;6.80;0.00;---;FRE55;FRE55;;;N;;N;;;;;FX;;GNS, LLS;26.00;0.00;;;1984-04-08;C19;;;1993-01-12
DEU000500615;;DEU;;;1.00;2.80;0.00;;6.30;0.00;---;GAG08N;GAG08N;;;N;;N;;;;;FX;;GNS, NO;13.00;0.00;;;1978-03-02;4C1;;;2002-03-13
DEU000500616;;DEU;;;2.00;3.20;0.00;;7.20;6.60;---;LAS1N;LAS1N;;;N;;N;;;;;FX;;GNS, LLS;20.00;0.00;Metal;;1998-03-23;MFL;1997-01-01;;2014-01-15
DEU000500617;;DEU;;;1.00;0.00;0.00;;4.88;0.00;---;VIT40;VIT40;Vitte;;N;;N;N;N;;;GO;;GNS, LLS;11.00;0.00;Fiber/Plastic;;1990-05-14;MFL;1990-01-01;;
DEU000500628;;DEU;;;1.00;1.60;0.00;;4.77;0.00;---;GOEH11;GOEH11;;;N;;N;;;;;FX;;GNS, NO;0.00;0.00;;;1971-03-18;4C1;;;2000-08-23
DEU000500629;;DEU;;;1.00;0.00;0.00;;3.10;0.00;---;BIN4Z;BIN4Z;;;N;;N;;;;;FX;;GNS, LLS;4.00;0.00;Fiber/Plastic;;2002-01-16;MFL;2001-01-01;;2005-01-18
DEU000500637;;DEU;;;1.00;1.13;0.00;;4.00;0.00;---;NEU31N;NEU31N;;;N;;N;;;;;FX;;GNS, LLS;7.00;0.00;Fiber/Plastic;;1994-07-19;MFL;1991-01-01;;2009-09-18
DEU000500639;;DEU;;;1.00;0.00;0.00;;4.60;0.00;---;UMM11Z;UMM11Z;;;N;;N;;;;;FX;;FPO, GNS;7.00;0.00;Fiber/Plastic;;2010-03-15;MFL;1982-01-01;;2015-11-27
DEU000500652;;DEU;;;7.00;7.21;0.00;;9.96;9.63;SEESCHWALBE;POE016N;POE016N;;;N;;N;;;;;FX;;GNS, LLS;51.00;0.00;Fiber/Plastic;;1983-05-17;MFL;1983-01-01;;2015-06-29
DEU000510300;;DEU;;;44.00;35.29;0.00;;17.74;16.50;OSTERIFF;CUX17;CUX17;Cuxhaven;;Y;DDGE;Y;;;;;TUB;;TBB, OTB;210.00;0.00;Wood;;1967-09-25;MFL;1967-01-01;;2011-02-16
DEU000510602;;DEU;;;0.00;132.70;0.00;;26.45;23.40;DAHME;SAS273;SAS273;;;Y;Y4SE;N;;;;;FX;;OTB, PTB;220.00;18.00;;;1956-03-04;4;;;1990-11-20
DEU000510603;;DEU;;;0.00;2.54;0.00;;6.00;0.00;---;WAR007;WAR007;;;N;;N;;;;;FX;;GNS, LLS;4.00;0.00;;;1981-03-18;C19;;;1992-04-02
DEU000510604;;DEU;;;2.00;5.10;0.00;;6.57;0.00;---;WIS19;WIS19;;;N;;N;;;;;FX;;GNS, LLS;5.00;0.00;Fiber/Plastic;;1962-01-17;MFL;1962-01-01;;2010-10-04
DEU000510605;;DEU;;;2.00;3.30;0.00;;6.80;0.00;---;STR14;STR14;;;N;;N;;;;;FX;;GNS, LLS;26.00;0.00;Fiber/Plastic;;1988-04-14;MFL;1988-01-01;;2008-09-26
DEU000510606;;DEU;;;1.00;0.00;0.00;;5.25;0.00;---;ZEW24N;ZEW24N;;;N;;N;;;;;FX;;GNS, LLS;30.00;0.00;Fiber/Plastic;;1971-03-15;MFL;1971-01-01;;
DEU000510607;;DEU;;;1.00;2.80;0.00;;6.30;0.00;---;LAU19B;LAU19B;;;N;;N;;;;;FX;;GNS, NO;0.00;0.00;;;1980-03-14;4C1;;1998-01-03;
DEU000510608;;DEU;;;1.00;0.00;0.00;;5.06;0.00;---;WIE2;WIE2;;;N;;N;;;;;FX;;GNS, FPO;38.00;0.00;Fiber/Plastic;;2007-07-20;MFL;2007-01-01;;
DEU000510609;;DEU;;;3.00;0.00;0.00;;8.60;8.00;---;UEK3;UEK3;;;N;;N;;;;;FX;;GNS, FPO;18.00;0.00;Wood;;1990-03-12;MFL;1990-01-01;;2011-08-09
DEU000510611;;DEU;;;1.00;0.00;0.00;;5.50;0.00;---;STA30NZ;STA30NZ;;;N;;N;;;;;FX;;GNS, LLS;5.00;0.00;Wood;;2002-12-10;MFL;1953-01-01;;2013-10-22
DEU000510612;;DEU;;;1.00;1.91;0.00;;5.20;0.00;---;THI20;THI20;;;N;;N;;;;;FX;;GNS, NK;3.00;0.00;;;1970-03-14;4C1;;;2000-10-09
DEU000510613;;DEU;;;1.00;2.17;0.00;;5.55;0.00;---;BRZ002;BRZ002;;;N;;N;;;;;FX;;GNS, NO;3.00;0.00;;;1962-02-13;4C1;;;1997-05-02
DEU000510614;;DEU;;;3.00;3.26;0.00;;6.80;6.18;---;LAU27;LAU27;;;N;;N;;;;;FX;;GNS, LLS;26.00;0.00;;;1984-04-06;4C1;;;2001-12-01
DEU000510615;;DEU;;;1.00;2.63;0.00;;6.10;0.00;---;GAG01A;GAG01A;;;N;;N;;;;;FX;;GNS, NK;10.00;0.00;;;1942-03-10;4C1;;;1998-01-03
DEU000510616;;DEU;;;1.00;0.00;0.00;;7.55;0.00;---;WAT3N;WAT3N;;;N;;N;;;;;FX;;GNS, LLS;8.00;0.00;Fiber/Plastic;;2000-03-22;MFL;2000-01-01;;
DEU000510617;;DEU;;;10.00;14.00;0.00;;11.60;0.00;---;VIT011;VIT011;;;N;;N;;;;;FX;;OTB, NK;50.00;0.00;;;1948-12-31;4;;;1990-11-01
DEU000510628;;DEU;;;1.00;0.00;0.00;;4.77;0.00;---;GOEH13;GOEH13;;;N;;N;;;;;FX;;GNS, NO;0.00;0.00;Wood;;1971-04-16;MFL;1971-01-01;;2006-08-10
DEU000510629;;DEU;;;4.00;0.00;0.00;;7.62;0.00;---;BIN11;BIN11;;;N;;N;;;;;FX;;GNS, LLS;35.00;0.00;Wood;;2009-10-29;MFL;2009-01-01;;
DEU000510637;;DEU;;;1.00;0.00;0.00;;4.00;0.00;---;NEU4;NEU4;;;N;;N;;;;;FX;;GNS, NO;7.00;0.00;Fiber/Plastic;;1994-07-18;MFL;1992-01-01;;2006-01-31
DEU000510639;;DEU;;;1.00;0.00;0.00;;4.60;0.00;---;UMM53;UMM53;Ummanz;;N;;N;N;N;;;GO;;GNS, LLS;19.00;0.00;Fiber/Plastic;;2015-08-11;MFL;2008-01-01;;
DEU000520300;;DEU;;;21.00;21.87;0.00;;15.61;13.80;BIANCA;FED9;FED9;Fedderwardersiel;;Y;DLIX;Y;;;;;TUB;;TBB, OTB;191.00;0.00;Wood;;1974-07-24;MFL;1974-01-01;;2010-09-13
DEU000520602;;DEU;;;0.00;132.70;0.00;;26.45;23.40;HAVEL;SAS274;SAS274;;;Y;Y4SF;N;;;;;FX;;OTB, PTB;184.00;18.00;;;1957-03-04;4;;;1990-12-05
DEU000520603;;DEU;;;0.00;31.25;0.00;;17.60;0.00;JOHANN STELLING;WAR45;WAR45;;;N;;N;;;;;FX;;OTB, OTM;103.00;0.00;;;1949-04-15;4;;;1991-05-21
DEU000520604;;DEU;;;1.00;4.52;0.00;;6.36;0.00;---;WIS019B;WIS019B;;;N;;N;;;;;FX;;GNS, LLS;4.00;0.00;;;1960-04-15;4C1;;;2000-08-04
DEU000520605;;DEU;;;1.00;2.30;0.00;;5.70;0.00;---;STR15;STR15;;;N;;N;;;;;FX;;GNS, LLS;4.00;0.00;Wood;;1963-06-19;MFL;1963-01-01;;2011-11-02
DEU000520606;;DEU;;;0.00;3.82;0.00;;7.35;0.00;---;NEW1;NEW1;;;N;;N;;;;;FX;;GNS, NK;5.00;0.00;;;1971-02-10;C19;;;1995-01-05
DEU000520607;;DEU;;;1.00;0.00;0.00;;5.12;0.00;---;LAU22A;LAU22A;;;N;;N;;;;;FX;;GNS, NO;11.00;0.00;Wood;;1991-03-18;MFL;1974-01-01;;2017-09-06
DEU000520608;;DEU;;;1.00;0.00;0.00;;4.55;0.00;---;WIE11;WIE11;;;N;;N;;;;;FX;;GNS, LLS;11.00;0.00;Fiber/Plastic;;2009-12-09;MFL;2009-01-01;;
DEU000520609;;DEU;;;2.00;4.55;0.00;;7.96;0.00;---;WAS6;WAS6;;;N;;N;;;;;FX;;GNS, LLS;37.00;0.00;Metal;;1993-05-21;MFL;1993-01-01;;2013-09-26
DEU000520611;;DEU;;;1.00;0.00;0.00;;5.75;0.00;---;STA31;STA31;;;N;;N;;;;;FX;;FPO, GNS;2.00;0.00;Wood;;2008-05-30;MFL;1953-01-01;;2012-05-08
DEU000520612;;DEU;;;1.00;0.00;0.00;;4.86;0.00;---;GAG30;GAG30;;;N;;N;;;;;FX;;GNS, LLS;4.00;0.00;Wood;;1982-03-06;MFL;1982-01-01;;2010-06-21
DEU000520613;;DEU;;;1.00;1.00;0.00;;3.71;0.00;---;BRE4;BRE4;;;N;;N;;;;;FX;;GNS;8.00;0.00;;;1987-03-03;C19;;;1996-02-22
DEU000520614;;DEU;;;0.00;1.02;0.00;;3.80;0.00;---;FRE55A;FRE55A;;;N;;N;;;;;FX;;GNS, NO;0.00;0.00;;;1990-08-21;C19;;;1992-11-24
DEU000520615;;DEU;;;1.00;0.00;0.00;;5.25;0.00;---;GZI22;GZI22;Gager;;N;;N;N;N;;;WOP;;FPO, GNS;0.00;0.00;Wood;;1985-07-23;MFL;1985-01-01;;2021-11-24
DEU000520616;;DEU;;;1.00;0.00;0.00;;4.65;0.00;---;NEG5;NEG5;Lassan;;N;;N;N;N;;;GO;;GNS, LLS;20.00;0.00;Fiber/Plastic;;2000-03-28;MFL;1999-01-01;;2021-12-07
DEU000520617;;DEU;;;0.00;14.00;0.00;;11.60;0.00;---;VIT001;VIT001;;;N;;N;;;;;FX;;OTB, NK;50.00;0.00;;;1948-12-31;4;;;1990-11-01
DEU000520628;;DEU;;;5.00;0.00;0.00;;8.99;8.14;---;GOEH3;GOEH3;;;N;;N;;;;;FX;;GNS, LLS;30.00;0.00;Metal;;2000-11-06;MFL;1990-01-01;;2006-08-10
DEU000520637;;DEU;;;1.00;1.16;0.00;;4.05;0.00;---;NEU6;NEU6;;;N;;N;;;;;FX;;GNS, NO;7.00;0.00;;;1994-07-18;C19;;;1996-01-01
DEU000520639;;DEU;;;2.00;0.00;0.00;;7.80;0.00;---;UMM54;UMM54;;;N;;N;N;N;;;GO;;GNS, LLS;24.00;0.00;Fiber/Plastic;;2016-05-10;MFL;1987-01-01;;
DEU000530300;;DEU;;;20.00;0.00;0.00;;15.44;13.80;EDELWEISS;FED10;FED10;Fedderwardersiel;;Y;DDJB;Y;;;;;TUB;;TBB, OTB;180.00;0.00;Wood;;1961-10-26;MFL;1961-01-01;;2008-01-14
DEU000530602;;DEU;;;0.00;132.70;0.00;;26.45;23.40;SAALE;SAS277;SAS277;;;Y;Y4SJ;N;;;;;FX;;OTB, PTB;184.00;31.00;;;1957-03-19;4;;;1990-12-05
DEU000530603;;DEU;;;0.00;3.98;0.00;;7.50;0.00;---;WAR72;WAR72;;;N;;N;;;;;FX;;GNS, LLS;10.00;0.00;;;1965-08-18;C19;;;1992-09-08
DEU000530604;;DEU;;;7.00;7.20;0.00;;9.96;9.75;SEESTERN;POE46;POE46;;;N;;N;;;;;FX;;GNS, LLS;66.00;0.00;Fiber/Plastic;;1986-06-14;MFL;1986-01-01;;2015-08-11
DEU000530605;;DEU;;;1.00;2.54;0.00;;6.00;0.00;---;STR17;STR17;;;N;;N;;;;;FX;;GNS, LLS;0.00;0.00;Wood;;1981-07-14;MFL;1981-01-01;;2007-11-28
DEU000530606;;DEU;;;0.00;39.78;0.00;;18.43;0.00;FREUNDSCHAFT;KAR44;KAR44;;;Y;Y4KW;N;;;;;FX;;GNS;110.00;6.00;;;1956-02-13;C19;;;1994-09-27
DEU000530607;;DEU;;;1.00;1.82;0.00;;5.08;0.00;---;LAU22B;LAU22B;;;N;;N;;;;;FX;;GNS, NO;5.00;0.00;;;1991-02-27;4C1;;;2001-12-17
DEU000530608;;DEU;;;1.00;0.00;0.00;;6.40;0.00;---;WIE55;WIE55;;;N;;N;;;;;FX;;FPO, GNS;74.00;0.00;Fiber/Plastic;;2012-01-17;MFL;2011-01-01;;
DEU000530609;;DEU;;;3.00;5.22;0.00;;7.98;0.00;---;UEK43;UEK43;;;N;;N;;;;;FX;;GNS, LLS;14.00;0.00;Metal;;1994-02-02;MFL;1991-01-01;;2013-07-08
DEU000530611;;DEU;;;1.00;0.00;0.00;;5.06;0.00;---;STA32N;STA32N;;;N;;N;;;;;FX;;FPO, GNS;22.00;0.00;Fiber/Plastic;;2010-02-01;MFL;2009-01-01;;2011-09-15
DEU000530612;;DEU;;;1.00;2.00;0.00;;5.40;0.00;---;THI47A;THI47A;;;N;;N;;;;;FX;;GNS, LLS;0.00;0.00;Wood;;1979-07-07;MFL;1979-01-01;;2012-12-04
DEU000530613;;DEU;;;3.00;0.00;0.00;;7.00;6.45;---;DRA15;DRA15;;;N;;N;;;;;FX;;GNS, LLS;30.00;0.00;Fiber/Plastic;;1988-06-17;MFL;1988-01-01;;2006-05-18
DEU000530614;;DEU;;;0.00;1.36;0.00;;4.40;0.00;---;FRE47;FRE47;;;N;;N;;;;;FX;;GNS, NO;4.00;0.00;;;1990-08-21;C19;;;1993-01-12
DEU000530615;;DEU;;;1.00;2.00;0.00;;5.44;0.00;---;GAG14A;GAG14A;;;N;;N;;;;;FX;;GNS, NO;0.00;0.00;Wood;;1983-12-29;MFL;1950-01-01;;2007-12-18
DEU000530616;;DEU;;;2.00;0.00;0.00;;7.80;0.00;---;ANF1Z;ANF1Z;;;N;;N;;;;;FX;;GNS, LLS;6.00;0.00;Metal;;2000-04-11;MFL;1965-01-01;;2006-11-03
DEU000530617;;DEU;;;0.00;14.00;0.00;;11.80;0.00;---;VIT010;VIT010;;;N;;N;;;;;FX;;OTB, NK;50.00;0.00;;;1948-12-31;4;;;1990-11-01
DEU000530628;;DEU;;;1.00;0.00;0.00;;4.65;0.00;---;GOEH9N;GOEH9N;;;N;;N;N;N;;;GO;;GNS, LLS;6.00;0.00;Fiber/Plastic;;2009-05-15;MFL;2003-01-01;;2020-12-31
DEU000530637;;DEU;;;1.00;0.00;0.00;;4.34;0.00;---;NEU9;NEU9;;;N;;N;;;;;FX;;GNS, NO;11.00;0.00;Fiber/Plastic;;1994-07-19;MFL;1994-01-01;;2006-07-28
DEU000530639;;DEU;;;1.00;0.00;0.00;;4.65;0.00;---;UMM59;UMM59;Ummanz;;N;;N;N;N;;;GO;;GNS, FPO;7.00;0.00;Fiber/Plastic;;2022-12-01;MFL;1995-01-01;;
DEU000540300;;DEU;;;0.00;10.98;0.00;;11.80;10.70;NORDSTERN;FED11;FED11;Fedderwardersiel;;N;;N;;;;;TUB;;TBB, OTB;93.00;0.00;Wood;;1959-04-08;C11;1948-01-01;;1994-03-25
DEU000540602;;DEU;;;0.00;132.70;0.00;;26.45;23.40;UNSTRUT;SAS279;SAS279;;;Y;Y4SK;N;;;;;FX;;OTB, PTB;220.00;18.00;;;1957-05-02;4;;;1990-12-05
DEU000540603;;DEU;;;0.00;4.64;0.00;;8.10;0.00;---;WAR76;WAR76;;;N;;N;;;;;FX;;GNS, LLS;20.00;0.00;;;1970-08-17;C19;;;1992-09-08
DEU000540604;;DEU;;;2.00;2.71;0.00;;6.20;0.00;---;WIS005;WIS005;;;N;;N;;;;;FX;;GNS, LLS;33.00;0.00;;;1981-06-26;4C1;;;1997-08-07
DEU000540605;;DEU;;;1.00;2.30;0.00;;5.70;0.00;---;STR18;STR18;;;N;;N;;;;;FX;;GNS, LLS;0.00;0.00;Wood;;1943-06-07;MFL;1943-01-01;;2007-09-24
DEU000540606;;DEU;;;1.00;3.46;0.00;;7.30;6.50;---;NEE6N;NEE6N;;;N;;N;;;;;FX;;GNS, NK;5.00;0.00;;;1970-03-25;4C1;;;1997-09-14
DEU000540607;;DEU;;;1.00;1.40;0.00;;4.77;0.00;---;SEE06AN;SEE06AN;;;N;;N;;;;;FX;;GNS, NO;0.00;0.00;;;1960-02-14;4C1;;;1999-05-03
DEU000540608;;DEU;;;1.00;0.00;0.00;;5.06;0.00;---;WIE57;WIE57;;;N;;N;;;;;FX;;GNS, FPO;22.00;0.00;Fiber/Plastic;;2013-09-26;MFL;2009-01-01;;2017-06-20
DEU000540609;;DEU;;;2.00;5.04;0.00;;8.45;0.00;---;UEK35;UEK35;;;N;;N;;;;;FX;;GNS, LLS;28.00;0.00;Fiber/Plastic;;1996-12-09;MFL;1996-01-01;;
DEU000540611;;DEU;;;1.00;0.00;0.00;;4.42;0.00;---;STA1;STA1;;;N;;N;N;N;;;GO;;GNS, FPO;12.00;0.00;Fiber/Plastic;;2012-05-08;MFL;2011-01-01;;
DEU000540612;;DEU;;;1.00;0.00;0.00;;5.30;0.00;---;THI48;THI48;;;N;;N;N;N;;;GO;;GNS, LLS;22.00;0.00;Wood;;1979-03-16;MFL;1979-01-01;;2018-06-22
DEU000540613;;DEU;;;1.00;1.88;0.00;;5.16;0.00;---;GLO003A;GLO003A;;;N;;N;;;;;FX;;GNS, LLS;15.00;0.00;;;1978-04-10;4C1;;;2000-12-11
DEU000540614;;DEU;;;0.00;1.02;0.00;;3.80;0.00;---;FRE48;FRE48;;;N;;N;;;;;FX;;GNS, NO;0.00;0.00;;;1990-08-21;C19;;;1993-01-12
DEU000540615;;DEU;;;1.00;2.52;0.00;;5.98;0.00;---;GAG15;GAG15;;;N;;N;;;;;FX;;GNS, NO;5.00;0.00;;;1982-01-20;C19;;;1996-01-01
DEU000540616;;DEU;;;1.00;0.00;0.00;;4.63;0.00;---;WAT6Z;WAT6Z;;;N;;N;;;;;FX;;GNS, FPO;16.00;0.00;Fiber/Plastic;;2000-05-19;MFL;1997-01-01;;2010-12-02
DEU000540617;;DEU;;;0.00;37.73;0.00;;17.60;0.00;---;VIT015;VIT015;;;N;;N;;;;;FX;;OTB, OTM;100.00;0.00;;;1949-12-31;4;;;1990-11-01
DEU000540637;;DEU;;;1.00;0.00;0.00;;4.65;0.00;---;NEU32;NEU32;"Neuendorf"", Hiddensee";;N;;N;N;N;;;GO;;GNS, LLS;22.00;0.00;Fiber/Plastic;;1995-07-18;MFL;1995-01-01;;
DEU000550300;;DEU;;;24.00;0.00;0.00;;15.92;14.18;AGGI;HOO52;HOO52;;;Y;DDAE;Y;;;;;FX;;TBB, OTB;198.00;0.00;Wood;;1975-02-12;MFL;1975-01-01;;
DEU000550602;;DEU;;;0.00;132.70;0.00;;26.45;23.40;DASGAT;SAS281;SAS281;;;Y;Y4SL;N;;;;;FX;;OTB, PTB;220.00;31.00;;;1958-02-17;4;;;1990-11-20
DEU000550603;;DEU;;;2.00;4.07;0.00;;7.15;6.70;---;WAR4;WAR4;;;N;;N;;;;;FX;;GNS, LLS;26.00;0.00;;;1991-11-01;C19;;;1994-08-31
DEU000550604;;DEU;;;16.00;15.17;0.00;;11.95;0.00;SCHWANNSEE;WIS060;WIS060;;;N;;N;;;;;FX;;GNS, LLS;44.00;0.00;Wood;;1956-08-18;MFL;1956-01-01;;2003-12-30
DEU000550605;;DEU;;;1.00;2.98;0.00;;6.50;0.00;---;STR19;STR19;;;N;;N;;;;;FX;;GNS, NO;0.00;0.00;;;1942-03-16;4C1;;;1998-03-31
DEU000550606;;DEU;;;1.00;0.00;0.00;;7.10;6.30;---;NEE5;NEE5;;;N;;N;;;;;FX;;GNS, NK;5.00;0.00;Wood;;1970-09-10;MFL;1970-01-01;;2007-01-15
DEU000550607;;DEU;;;1.00;1.60;0.00;;4.75;0.00;---;SEE03AN;SEE03AN;;;N;;N;;;;;FX;;GNS, NK;3.00;0.00;;;1973-07-14;4C1;;;2000-11-21
DEU000550608;;DEU;;;1.00;0.00;0.00;;5.30;0.00;---;WIE60;WIE60;Greifswald;;N;;N;N;N;;;GO;;GNS, LLS;30.00;0.00;Fiber/Plastic;;2020-06-15;MFL;1996-01-01;;
DEU000550609;;DEU;;;1.00;0.00;0.00;;4.40;0.00;---;UEK21;UEK21;;;N;;N;;;;;FX;;GNS, LLS;6.00;0.00;Fiber/Plastic;;1997-05-05;MFL;1994-01-01;;2006-09-14
DEU000550611;;DEU;;;1.00;0.00;0.00;;4.10;0.00;---;GRI6;GRI6;;;N;;N;N;N;;;WOP;;FPO, GNS;15.00;0.00;Fiber/Plastic;;2013-06-03;MFL;2013-01-01;;2018-08-31
DEU000550612;;DEU;;;1.00;2.10;0.00;;5.42;0.00;---;THI15;THI15;;;N;;N;;;;;FX;;GNS, NK;10.00;0.00;;;1952-07-08;4C1;;;1999-12-10
DEU000550613;;DEU;;;1.00;1.70;0.00;;5.22;0.00;---;GLO005A;GLO005A;;;N;;N;;;;;FX;;GNS, LLS;20.00;0.00;;;1980-04-17;4C1;;;2001-07-02
DEU000550614;;DEU;;;1.00;1.13;0.00;;4.00;0.00;---;KROE9;KROE9;;;N;;N;;;;;FX;;GNS, LLS;6.00;0.00;Fiber/Plastic;;1988-08-05;MFL;1985-01-01;;2010-01-29
DEU000550615;;DEU;;;1.00;0.00;0.00;;4.00;0.00;---;GAG16;GAG16;;;N;;N;;;;;FX;;FPO, NO;0.00;0.00;Fiber/Plastic;;1987-12-17;MFL;1987-01-01;;2009-04-28
DEU000550616;;DEU;;;1.00;0.00;0.00;;6.30;0.00;---;ANK1Z;ANK1Z;;;N;;N;;;;;FX;;GNS, LLS;6.00;0.00;Fiber/Plastic;;2001-01-19;MFL;2000-01-01;;2007-11-23
DEU000550617;;DEU;;;5.00;0.00;0.00;;9.12;8.62;INGE;PRU19;PRU19;;;N;;N;N;N;;;GO;;GNS, LLS;85.00;0.00;Fiber/Plastic;;1976-08-03;MFL;1976-01-01;;2020-10-31
DEU000550619;;DEU;;;1.00;0.00;0.00;;4.63;0.00;---;BAN20;BAN20;;;N;;N;;;;;FX;;GNS, LLS;0.00;0.00;Fiber/Plastic;;2003-04-11;MFL;2003-01-01;;2007-11-06
DEU000550637;;DEU;;;1.00;1.80;0.00;;5.00;0.00;---;NEU33;NEU33;;;N;;N;;;;;FX;;GNS, LLS;18.00;0.00;;;1996-01-01;4C1;;;1997-08-07
DEU000560300;211416000;DEU;;;49.00;0.00;0.00;;17.15;15.49;JONAS;SU16;SU16;Husum;;Y;DCEV;Y;Y;Y;8566165;;TU;;TBB, GNS, OTB, FPO;221.00;85.00;Metal;;1980-06-01;MFL;1980-01-01;;
DEU000560602;;DEU;;;0.00;132.70;0.00;;26.45;23.40;DOGGERBANK;SAS282;SAS282;;;Y;Y4SM;N;;;;;FX;;OTB, PTB;184.00;31.00;;;1958-02-07;4;;;1990-12-01
DEU000560603;;DEU;;;4.00;7.24;0.00;;9.08;0.00;---;WAR5N;WAR5N;;;N;;N;;;;;FX;;GNS, LLS;24.00;0.00;;;1991-10-01;C19;;;1996-04-26
DEU000560604;;DEU;;;3.00;3.87;0.00;;7.40;6.60;---;WIS11;WIS11;;;N;;N;;;;;FX;;GNS, LLS;26.00;0.00;Fiber/Plastic;;1981-08-18;MFL;1981-01-01;;
DEU000560605;;DEU;;;1.00;0.00;0.00;;5.70;0.00;---;STR20N;STR20N;Stralsund;;N;;N;N;N;;;GO;;GNS, LLS;22.00;0.00;Wood;;1963-01-01;MFL;1963-01-01;;2023-08-02
DEU000560606;;DEU;;;21.00;0.00;0.00;;14.10;12.60;SEEADLER;KAM09;KAM09;Kamminke;;Y;Y4UA;N;Y;N;;;GO;;GNS, OTB;100.00;0.00;Wood;;1941-09-27;MFL;1941-01-01;;
DEU000560607;;DEU;;;1.00;1.35;0.00;;4.33;0.00;---;SEE01N;SEE01N;;;N;;N;;;;;FX;;GNS, NO;0.00;0.00;;;1990-02-14;4C1;;;2000-03-28
DEU000560609;;DEU;;;2.00;0.00;0.00;;8.50;0.00;---;UEK38;UEK38;Ueckermünde;;N;;N;N;N;;;GO;;GNS, FPO;28.00;0.00;Fiber/Plastic;;1997-05-26;MFL;1997-01-01;;
DEU000560611;;DEU;;;1.00;0.00;0.00;;5.85;0.00;---;STA6N;STA6N;Stahlbrode;;N;;N;N;N;;;GO;;GNS, FPO;10.00;0.00;Fiber/Plastic;;2016-05-15;MFL;1995-01-01;;2021-10-31
DEU000560612;;DEU;;;1.00;0.00;0.00;;6.10;0.00;---;THI01B;THI01B;Thiessow;;N;;N;N;N;;;GO;;GNS, LLS;6.00;0.00;Wood;;1973-03-20;MFL;1972-01-01;;2022-05-09
DEU000560613;;DEU;;;1.00;1.90;0.00;;5.27;0.00;---;GLO009D;GLO009D;;;N;;N;;;;;FX;;GNS, LLS;7.00;0.00;;;1982-07-12;4C1;;1997-11-17;
DEU000560614;;DEU;;;0.00;12.00;0.00;;9.80;0.00;SEESTERN;FRE25;FRE25;;;N;;N;;;;;FX;;GNS;44.00;0.00;;;1952-12-31;4;;;1992-01-01
DEU000560615;;DEU;;;1.00;2.00;0.00;;5.34;0.00;---;GAG01B;GAG01B;;;N;;N;;;;;FX;;GNS, NO;0.00;0.00;;;1991-01-28;4C1;;;1998-07-30
DEU000560616;;DEU;;;3.00;0.00;0.00;;8.40;0.00;---;WAT7N;WAT7N;;;N;;N;N;N;;;GO;;GNS, LLS;5.00;0.00;Metal;;2001-04-26;MFL;1983-01-01;;
DEU000560617;;DEU;;;4.00;0.00;0.00;;7.70;7.50;HERING;POE67N;POE67N;;;N;;N;;;;;FX;;GNS, LLS;29.00;0.00;Fiber/Plastic;;1972-07-04;MFL;1972-01-01;;
DEU000560619;;DEU;;;1.00;0.00;0.00;;5.06;0.00;---;BAN1N;BAN1N;Bansin;;N;;N;N;N;;;GO;;GNS, LLS;37.00;0.00;Fiber/Plastic;;2005-02-18;MFL;2005-01-01;;
DEU000560637;;DEU;;;1.00;2.00;0.00;;5.90;0.00;---;NEU34N;NEU34N;;;N;;N;;;;;FX;;GNS, LLS;18.00;0.00;;;1997-08-07;4C1;;;1999-06-07
DEU000570300;;DEU;;;22.00;22.64;0.00;;15.46;13.80;SAMLAND;HOO61;HOO61;Hooksiel;;Y;DDEP;Y;;;;;TUB;;TBB, OTB;206.00;0.00;Wood;;1972-03-20;MFL;1971-01-01;;2008-04-17
DEU000570602;;DEU;;;0.00;132.70;0.00;;26.45;23.40;FLADENGRUND;SAS283;SAS283;;;Y;Y4SN;N;;;;;FX;;OTB, PTB;184.00;38.00;;;1958-02-07;4;;;1990-12-05
DEU000570603;;DEU;;;1.00;0.00;0.00;;5.90;5.40;---;WAR77A;WAR77A;Warnemünde;;N;;N;N;N;;;GO;;GNS, LLS;26.00;0.00;Fiber/Plastic;;1994-02-23;MFL;1993-01-01;;
DEU000570604;;DEU;;;6.00;6.79;0.00;;9.80;7.90;SABINE;WIS001;WIS001;;;N;;N;;;;;FX;;GNS, LLS;37.00;0.00;Wood;;1956-07-27;MFL;1956-01-01;;2005-07-13
DEU000570605;;DEU;;;1.00;2.00;0.00;;5.30;0.00;---;STR22;STR22;;;N;;N;;;;;FX;;GNS, LLS;0.00;0.00;;;1975-07-18;4C1;;;1998-04-16
DEU000570606;;DEU;;;2.00;2.39;0.00;;6.50;5.50;---;NEE2N;NEE2N;;;N;;N;;;;;FX;;GNS, LLS;5.00;0.00;;;1977-06-20;4C1;;;1997-09-14
DEU000570607;;DEU;;;1.00;0.00;0.00;;5.45;0.00;---;NRE8;NRE8;;;N;;N;;;;;FX;;GNS, LLS;6.00;0.00;Wood;;1975-08-14;MFL;1975-01-01;;2017-03-29
DEU000570609;;DEU;;;2.00;4.19;0.00;;7.70;6.70;---;UEK14;UEK14;Ueckermünde;;N;;N;N;N;;;GO;;GNS, LLS;4.00;0.00;Wood;;1998-12-03;MFL;1989-01-01;;
DEU000570611;;DEU;;;1.00;0.00;0.00;;5.00;0.00;---;GRI1;GRI1;;;N;;N;N;N;;;GO;;GNS, LLS;29.00;0.00;Metal;;2018-08-01;MFL;2018-01-01;;
DEU000570613;;DEU;;;1.00;1.17;0.00;;4.08;0.00;---;BRE10;BRE10;;;N;;N;;;;;FX;;GNS, NK;7.00;0.00;;;1992-01-01;4C1;;;2002-08-12
DEU000570614;;DEU;;;1.00;1.24;0.00;;4.20;0.00;---;FRE8;FRE8;;;N;;N;;;;;FX;;GNS, NK;0.00;0.00;Wood;;1981-11-14;MFL;1981-01-01;;2003-11-05
DEU000570615;;DEU;;;1.00;2.00;0.00;;5.26;0.00;---;GAG12N;GAG12N;;;N;;N;;;;;FX;;GNS, LLS;9.00;0.00;Wood;;1991-01-28;MFL;1936-01-01;;2007-12-18
DEU000570616;;DEU;;;2.00;0.00;0.00;;7.73;0.00;---;WAT11Z;WAT11Z;;;N;;N;;;;;FX;;GNS, LLS;6.00;0.00;;;2002-02-05;4CZ;;;2002-06-25
DEU000570617;;DEU;;;2.00;0.00;0.00;;7.94;7.50;BIRKNAC II;ECKE17;ECKE17;;;N;;N;;;;;FX;;GNS, FPO;42.00;0.00;Fiber/Plastic;;1978-07-04;MFL;1978-01-01;;
DEU000570619;;DEU;;;1.00;0.00;0.00;;5.06;0.00;---;BAN4N;BAN4N;Bansin;;N;;N;N;N;;;GO;;GNS, LLS;6.00;0.00;Fiber/Plastic;;2005-03-09;MFL;1992-01-01;;2023-12-31
DEU000570637;;DEU;;;1.00;0.00;0.00;;4.05;0.00;---;NEU36N;NEU36N;;;N;;N;;;;;FX;;GNS, LLS;15.00;0.00;Fiber/Plastic;;1998-03-02;MFL;1998-01-01;;2006-04-05
DEU000580300;;DEU;;;0.00;49.58;0.00;;21.69;20.81;JADE;HOO70;HOO70;;;Y;DDAR;N;;;;;FX;;DRB, NO;129.00;0.00;;;1964-12-10;5;;;1990-09-15
DEU000580602;;DEU;;;0.00;132.70;0.00;;26.45;23.40;SCHLICKBANK;SAS285;SAS285;;;Y;Y4GB;N;;;;;FX;;OTB, PTB;184.00;31.00;;;1958-02-07;4;;;1990-12-01
DEU000580603;;DEU;;;5.00;5.67;0.00;;8.99;8.62;SEEHASE;WAR8;WAR8;;;N;;N;;;;;FX;;GNS, LLS;35.00;0.00;Metal;;1994-09-01;MFL;1987-01-01;;2003-11-05
DEU000580604;;DEU;;;1.00;0.00;0.00;;6.35;0.00;---;WIS10N;WIS10N;;;N;;N;;;;;FX;;GNS, LLS;8.00;0.00;Fiber/Plastic;;2000-08-04;MFL;1974-01-01;;
DEU000580605;;DEU;;;1.00;2.54;0.00;;6.00;0.00;---;STR23;STR23;;;N;;N;;;;;FX;;GNS, LLS;0.00;0.00;Wood;;1948-06-09;MFL;1948-01-01;;2015-08-12
DEU000580606;;DEU;;;1.00;2.27;0.00;;6.95;6.05;---;ZIE2;ZIE2;;;N;;N;;;;;FX;;GNS, LLS;5.00;0.00;;;1980-05-23;4C1;;;1998-03-27
DEU000580607;;DEU;;;1.00;0.00;0.00;;4.12;0.00;---;LAU10CN;LAU10CN;;;N;;N;;;;;FX;;GNS, NO;6.00;0.00;Wood;;1995-06-26;MFL;1980-01-01;;2006-12-19
DEU000580609;;DEU;;;1.00;1.10;0.00;;4.03;0.00;---;UEK51;UEK51;;;N;;N;;;;;FX;;GNS, LLS;18.00;0.00;Fiber/Plastic;;1999-01-02;MFL;1998-01-01;;2012-11-26
DEU000580611;;DEU;;;1.00;0.00;0.00;;4.29;0.00;---;STA2;STA2;Stahlbrode;;N;;N;N;N;;;GO;;GNS, LLS;22.00;0.00;Fiber/Plastic;;2025-02-01;MFL;2024-01-01;;
DEU000580612;;DEU;;;1.00;1.90;0.00;;5.20;0.00;---;THI07A;THI07A;;;N;;N;;;;;FX;;GNS, NO;0.00;0.00;;;1971-04-16;4C1;;1998-02-10;
DEU000580613;;DEU;;;1.00;0.00;0.00;;4.98;0.00;---;BRE61;BRE61;Breege;;N;;N;N;N;;;GO;;GNS, LLS;19.00;0.00;Fiber/Plastic;;1995-06-26;MFL;1995-01-01;;
DEU000580614;;DEU;;;2.00;2.28;0.00;;6.80;0.00;---;FRE41;FRE41;;;N;;N;;;;;FX;;GNS, LLS;26.00;0.00;;;1987-07-14;4C1;;;2002-03-05
DEU000580615;;DEU;;;1.00;2.00;0.00;;5.58;0.00;---;GAG13N;GAG13N;;;N;;N;;;;;FX;;GNS, LLS;6.00;0.00;Wood;;1991-01-28;MFL;1973-01-01;;2011-12-31
DEU000580616;;DEU;;;1.00;0.00;0.00;;4.27;0.00;---;WAT12Z;WAT12Z;;;N;;N;;;;;FX;;GNS, LLS;7.00;0.00;Fiber/Plastic;;2002-04-08;MFL;2002-01-01;;2005-08-18
DEU000580617;;DEU;;;15.00;0.00;0.00;;10.92;9.88;KARIN;VIT44;VIT44;;;N;;N;;;;;FX;;GNS, LLS;118.00;0.00;Fiber/Plastic;;1992-10-05;MFL;1992-01-01;;
DEU000580619;;DEU;;;1.00;0.00;0.00;;4.30;0.00;---;BAN5;BAN5;;;N;;N;;;;;FX;;GNS, FPO;17.00;0.00;Fiber/Plastic;;2006-11-03;MFL;1996-01-01;;2009-10-27
DEU000580637;;DEU;;;1.00;0.00;0.00;;4.34;0.00;---;VIT70N;VIT70N;;;N;;N;;;;;FX;;GNS, LLS;13.00;0.00;Fiber/Plastic;;1998-03-02;MFL;1997-01-01;;
DEU000580654;;DEU;;;3.00;5.05;0.00;;7.96;7.75;GÃ¼NTHER;TAR008;TAR008;;;N;;N;;;;;FX;;GNS, LLS;35.00;0.00;Wood;;1948-08-27;MFL;1948-01-01;;
DEU000590300;;DEU;;;266.00;156.31;0.00;;35.58;32.00;SCHILLHOERN;HOO71;HOO71;;;Y;DDBT;N;;;8100612;;DM;;DRB, NK;440.00;0.00;;;1981-10-24;4CZ;;;
DEU000590602;;DEU;;;0.00;132.70;0.00;;26.45;23.40;VIKINGBANK;SAS286;SAS286;;;Y;Y4GC;N;;;;;FX;;OTB, PTB;220.00;31.00;;;1958-02-07;4;;;1990-12-01
DEU000590603;;DEU;;;2.00;4.50;0.00;;7.70;0.00;---;WAR7;WAR7;;;N;;N;;;;;FX;;GNS, LLS;14.00;0.00;Fiber/Plastic;;1979-04-28;MFL;1978-01-01;;
DEU000590604;;DEU;;;0.00;31.09;0.00;;14.48;0.00;HANS COPPI;WIS101;WIS101;;;Y;Y4PA;N;;;;;FX;;OTB, PTB;103.00;0.00;;;1950-01-14;4;;;1990-11-01
DEU000590605;;DEU;;;1.00;2.00;0.00;;5.30;0.00;---;STR25;STR25;;;N;;N;;;;;FX;;GNS, LLS;0.00;0.00;Wood;;1975-08-18;MFL;1975-01-01;;2005-02-28
DEU000590606;;DEU;;;0.00;2.27;0.00;;7.10;6.40;---;WOG4;WOG4;;;N;;N;;;;;FX;;GNS, LLS;10.00;0.00;;;1988-03-14;4;;;1993-03-16
DEU000590607;;DEU;;;1.00;0.00;0.00;;6.00;0.00;---;NRE10;NRE10;;;N;;N;;;;;FX;;GNS, LLS;0.00;0.00;Wood;;2001-10-26;MFL;1956-01-01;;2017-03-29
DEU000590609;;DEU;;;1.00;0.00;0.00;;4.50;0.00;---;UEK45Z;UEK45Z;;;N;;N;;;;;FX;;GNS, LLS;22.00;0.00;Fiber/Plastic;;2000-03-06;MFL;1998-01-01;;2013-05-13
DEU000590612;;DEU;;;1.00;0.00;0.00;;5.35;0.00;---;THI9;THI9;;;N;;N;;;;;FX;;GNS, LLS;0.00;0.00;Wood;;1977-01-18;MFL;1975-01-01;;2012-01-11
DEU000590613;;DEU;;;1.00;1.10;0.00;;3.96;0.00;---;BRE13;BRE13;;;N;;N;;;;;FX;;GNS, LLS;18.00;0.00;;;1996-01-01;4C1;;;2002-02-04
DEU000590614;;DEU;;;2.00;0.00;0.00;;6.30;6.05;PLUEMPER;WAR15;WAR15;;;Y;DH3605;N;;;;;FX;;GNS, LLS;13.00;0.00;Fiber/Plastic;;1992-03-09;MFL;1986-01-01;;2012-06-20
DEU000590615;;DEU;;;1.00;1.24;0.00;;4.20;0.00;---;GAG18A;GAG18A;;;N;;N;;;;;FX;;GNS, NO;0.00;0.00;;;1991-01-28;4C1;;;1998-02-04
DEU000590616;;DEU;;;1.00;0.00;0.00;;5.10;0.00;---;ANK5Z;ANK5Z;;;N;;N;;;;;FX;;GNS, LLS;17.00;0.00;Fiber/Plastic;;2003-06-02;MFL;2003-01-01;;2016-12-01
DEU000590617;;DEU;;;1.00;1.66;0.00;;4.85;0.00;---;VIT46;VIT46;;;N;;N;;;;;FX;;GNS, LLS;22.00;0.00;Fiber/Plastic;;1994-05-17;MFL;1994-01-01;;2010-07-01
DEU000590619;;DEU;;;1.00;0.00;0.00;;5.06;0.00;---;AHL14N;AHL14N;;;N;;N;;;;;FX;;GNS, LLS;29.00;0.00;Fiber/Plastic;;2007-11-06;MFL;2007-01-01;;
DEU000590637;;DEU;;;1.00;0.00;0.00;;6.37;0.00;---;NEU38N;NEU38N;;;N;;N;;;;;FX;;GNS, LLS;8.00;0.00;Wood;;1999-06-07;MFL;1964-01-01;;2006-01-20
DEU000600300;;DEU;;;0.00;62.56;0.00;;26.05;23.45;HOOKSIEL;HOO83;HOO83;;;Y;DDEH;N;;;;;FX;;DRB, NO;236.00;0.00;;;1969-11-20;4CZ;;;1997-02-27
DEU000600602;;DEU;;;0.00;132.70;0.00;;26.45;23.40;LINKBANK;SAS287;SAS287;;;Y;Y4GD;N;;;;;FX;;OTB, PTB;220.00;31.00;;;1958-02-07;4;;;1990-12-05
DEU000600603;;DEU;;;6.00;5.40;0.00;;9.23;8.64;FRANZISKA;WAR9;WAR9;;;N;;N;;;;;FX;;GNS, OTB;64.00;0.00;Fiber/Plastic;;1995-06-15;MFL;1995-01-01;;
DEU000600604;;DEU;;;0.00;31.09;0.00;;16.48;0.00;COTTBUS;WIS102;WIS102;;;Y;Y4PH;N;;;;;FX;;OTB, PTB;103.00;0.00;;;1950-03-16;4;;;1990-11-01
DEU000600605;;DEU;;;1.00;2.00;0.00;;5.30;0.00;---;STR26;STR26;;;N;;N;;;;;FX;;GNS, LLS;4.00;0.00;Wood;;1947-07-13;MFL;1947-01-01;;2008-09-26
DEU000600606;;DEU;;;1.00;0.00;0.00;;4.20;0.00;---;LUB18N;LUB18N;Greifswald;;N;;N;N;N;;;GO;;GNS, LLS;9.00;0.00;Fiber/Plastic;;1993-11-16;MFL;1982-01-01;;2023-12-31
DEU000600607;;DEU;;;1.00;0.00;0.00;;4.26;0.00;---;LAU35N;LAU35N;;;N;;N;;;;;FX;;GNS, LLS;8.00;0.00;Fiber/Plastic;;2003-05-02;MFL;1980-01-01;;2008-06-25
DEU000600609;;DEU;;;3.00;0.00;0.00;;8.40;0.00;HANNES;UEK46;UEK46;;;N;;N;N;N;;;GO;;GNS, LLS;42.00;0.00;Fiber/Plastic;;2000-04-14;MFL;2000-01-01;;
DEU000600612;;DEU;;;1.00;1.30;0.00;;4.30;0.00;---;THI13;THI13;;;N;;N;;;;;FX;;GNS, NO;0.00;0.00;;;1991-01-15;4C1;;;1998-08-20
DEU000600613;;DEU;;;1.00;1.23;0.00;;4.25;0.00;---;BRZ3;BRZ3;;;N;;N;;;;;FX;;GNS, LLS;8.00;0.00;;;1996-01-01;4C1;;;2002-08-12
DEU000600614;;DEU;;;2.00;2.30;0.00;;8.20;7.00;---;FRE24;FRE24;;;N;;N;;;;;FX;;GNS, LLS;7.00;0.00;Wood;;1991-04-29;MFL;1990-01-01;;2010-10-13
DEU000600615;;DEU;;;1.00;0.00;0.00;;6.00;0.00;---;ARE02A;ARE02A;;;N;;N;;;;;FX;;GNS, NO;0.00;0.00;Wood;;1979-08-16;MFL;1979-01-01;;2006-07-31
DEU000600616;;DEU;;;1.00;0.00;0.00;;4.65;0.00;---;LAS14Z;LAS14Z;;;N;;N;;;;;FX;;GNS, LLS;20.00;0.00;Fiber/Plastic;;2001-11-08;MFL;2001-01-01;;2015-06-29
DEU000600617;;DEU;;;1.00;0.00;0.00;;4.10;0.00;---;VIT2;VIT2;;;N;;N;N;N;;;GO;;GNS, LLS;11.00;0.00;Fiber/Plastic;;1994-07-22;MFL;1991-01-01;;2020-12-31
DEU000600619;;DEU;;;3.00;0.00;0.00;;9.95;0.00;Carmen Calypso;BAN3;BAN3;Bansin;;N;;N;N;N;;;GO;;GNS, LLS;221.00;0.00;Fiber/Plastic;;2011-06-14;MFL;2011-01-01;;
DEU000600637;;DEU;;;1.00;0.00;0.00;;4.30;0.00;---;NEU39N;NEU39N;;;N;;N;;;;;FX;;GNS, LLS;11.00;0.00;Fiber/Plastic;;2000-07-10;MFL;1988-01-01;;2006-12-19
DEU000610300;;DEU;;;20.00;20.03;0.00;;14.99;13.46;FALKE;HOR1;HOR1;;;Y;DEPJ;N;;;;;FX;;TBB, OTB;110.00;0.00;Wood;;1959-12-07;MFL;1959-01-01;;2015-06-29
DEU000610602;;DEU;;;0.00;132.70;0.00;;26.45;23.40;GROSSE FISCHERBANK;SAS288;SAS288;;;Y;Y4GE;N;;;;;FX;;OTB, PTB;184.00;31.00;;;1958-03-04;4;;;1990-12-01
DEU000610603;;DEU;;;2.00;0.00;0.00;;7.15;0.00;ROBERT;WAR5N;WAR5N;Warnemünde;;N;;N;N;N;;;GO;;GNS, LLS;24.00;0.00;Fiber/Plastic;;1996-04-26;MFL;1987-01-01;;
DEU000610604;;DEU;;;1.00;1.77;0.00;;5.00;0.00;---;BOI002;BOI002;;;N;;N;;;;;FX;;GNS, LLS;7.00;0.00;;;1981-07-10;4C1;;;1998-06-20
DEU000610605;;DEU;;;1.00;2.54;0.00;;6.00;0.00;---;STR27;STR27;;;N;;N;;;;;FX;;GNS, LLS;0.00;0.00;Wood;;1981-09-07;MFL;1981-01-01;;2009-02-13
DEU000610606;;DEU;;;1.00;2.14;0.00;;5.50;0.00;---;NEE4N;NEE4N;;;N;;N;;;;;FX;;GNS, NO;0.00;0.00;;;1992-01-01;4C1;;;2001-04-27
DEU000610607;;DEU;;;12.00;16.12;0.00;;11.26;9.90;SILVANA;LAU29;LAU29;;;N;;N;;;;;FX;;GNS, LLS;88.00;0.00;;;1996-08-01;4C1;;;2002-05-28
DEU000610609;;DEU;;;5.00;0.00;0.00;;8.70;0.00;MICHELLE;UEK36;UEK36;Ueckermünde;;N;;N;N;N;;;GO;;GNS, LLS;45.00;0.00;Metal;;2002-08-12;MFL;2002-01-01;;
DEU000610612;;DEU;;;1.00;1.95;0.00;;5.28;0.00;---;THI14;THI14;;;N;;N;;;;;FX;;GNS, NO;0.00;0.00;;;1973-04-14;C19;;;1996-12-02
DEU000610613;;DEU;;;2.00;6.06;0.00;;8.31;7.73;---;BRE11;BRE11;;;N;;N;;;;;FX;;GNS, LLS;26.00;0.00;;;1996-02-23;4C1;;;1998-03-02
DEU000610614;;DEU;;;4.00;4.30;0.00;;7.31;7.02;SEETEUFEL;VIT77;VIT77;;;N;;N;;;;;FX;;GNS, LLS;48.00;0.00;Fiber/Plastic;;1992-04-01;MFL;1992-01-01;;
DEU000610615;;DEU;;;1.00;2.50;0.00;;5.97;0.00;---;ARE2B;ARE2B;;;N;;N;;;;;FX;;GNS, LLS;3.00;0.00;Wood;;1979-08-16;MFL;1979-01-01;;2014-03-07
DEU000610616;;DEU;;;1.00;0.00;0.00;;5.54;0.00;---;LAS15;LAS15;;;N;;N;;;;;FX;;GNS, LLS;18.00;0.00;Fiber/Plastic;;2002-07-03;MFL;2002-01-01;;2014-03-18
DEU000610617;;DEU;;;1.00;2.54;0.00;;6.00;0.00;---;VIT30;VIT30;;;N;;N;;;;;FX;;GNS, LLS;13.00;0.00;Wood;;1994-03-22;MFL;1989-01-01;;2010-11-18
DEU000610619;;DEU;;;1.00;0.00;0.00;;4.70;0.00;---;BAN5N;BAN5N;;;N;;N;;;;;FX;;GNS, LLS;10.00;0.00;Fiber/Plastic;;2011-05-24;MFL;2011-01-01;;2015-12-31
DEU000610637;;DEU;;;1.00;0.00;0.00;;3.80;0.00;---;NEU40Z;NEU40Z;;;N;;N;;;;;FX;;GNS, LLS;4.00;0.00;Fiber/Plastic;;2000-10-09;MFL;1993-01-01;;2005-02-04
DEU000610656;;DEU;;;0.00;1.77;0.00;;5.00;0.00;---;ZIT2;ZIT2;;;N;;N;;;;;FX;;GNS, LLS;5.00;0.00;;;1970-11-12;C19;;1992-03-03;
DEU000620300;;DEU;;;18.00;18.45;0.00;;14.09;13.10;SONNY-BOY;SPI1;SPI1;;;Y;DFBI;N;;;;;FX;;TBB, OTB;138.00;0.00;Wood;;1964-04-29;MFL;1964-01-01;;2005-04-28
DEU000620602;;DEU;;;0.00;132.70;0.00;;26.45;23.40;UTSIRALOCH;SAS289;SAS289;;;Y;Y4GF;N;;;;;FX;;OTB, PTB;220.00;31.00;;;1958-03-12;4;;1991-04-02;
DEU000620603;;DEU;;;2.00;2.90;0.00;;7.38;6.68;SEESTERN;WAR10;WAR10;;;Y;DMOF;N;;;;;FX;;GNS, LLS;35.00;0.00;Fiber/Plastic;;1996-10-16;MFL;1995-01-01;;2006-11-10
DEU000620604;;DEU;;;1.00;0.00;0.00;;5.50;0.00;---;WIS14;WIS14;;;N;;N;N;N;;;GO;;GNS, LLS;37.00;0.00;Fiber/Plastic;;2003-05-21;MFL;2003-01-01;;
DEU000620605;;DEU;;;2.00;3.30;0.00;;6.80;0.00;---;STR28;STR28;;;N;;N;;;;;FX;;GNS, NO;0.00;0.00;Fiber/Plastic;;1988-03-23;MFL;1988-01-01;;2008-09-26
DEU000620606;;DEU;;;1.00;2.54;0.00;;6.00;0.00;---;ZEW15N;ZEW15N;;;N;;N;;;;;FX;;GNS, LLS;5.00;0.00;Wood;;1975-03-16;MFL;1975-01-01;;2013-06-03
DEU000620607;;DEU;;;1.00;1.91;0.00;;5.20;0.00;---;LAU30;LAU30;;;N;;N;;;;;FX;;GNS, LLS;11.00;0.00;Wood;;1996-11-15;MFL;1986-01-01;;2006-06-13
DEU000620609;;DEU;;;1.00;0.00;0.00;;5.06;0.00;---;FRE15;FRE15;;;N;;N;N;N;;;GO;;GNS, LLS;37.00;0.00;Fiber/Plastic;;2002-09-10;MFL;2002-01-01;;
DEU000620612;;DEU;;;1.00;2.00;0.00;;5.30;0.00;---;THI17A;THI17A;;;N;;N;;;;;FX;;GNS, NO;0.00;0.00;Wood;;1991-07-09;MFL;1976-01-01;;2004-12-01
DEU000620613;;DEU;;;1.00;0.00;0.00;;4.60;0.00;---;GLO7N;GLO7N;;;N;;N;;;;;FX;;GNS, LLS;11.00;0.00;Fiber/Plastic;;1996-10-21;MFL;1985-01-01;;2006-06-01
DEU000620614;;DEU;;;3.00;3.55;0.00;;7.15;6.80;SEESTERN;FRE35A;FRE35A;;;N;;N;;;;;FX;;GNS, LLS;33.00;0.00;Fiber/Plastic;;1986-10-23;MFL;1986-01-01;;2011-09-19
DEU000620615;;DEU;;;1.00;1.97;0.00;;5.28;0.00;---;ARE02C;ARE02C;;;N;;N;;;;;FX;;GNS, LLS;0.00;0.00;;;1979-08-18;4C1;;;2002-05-28
DEU000620616;;DEU;;;1.00;0.00;0.00;;4.37;0.00;---;NEE7N;NEE7N;;;N;;N;N;N;;;GO;;GNS, LLS;11.00;0.00;Fiber/Plastic;;2003-01-04;MFL;2003-01-01;;
DEU000620617;;DEU;;;2.00;0.00;0.00;;7.62;0.00;Marmorata;VIT41;VIT41;;;N;;N;N;N;;;GO;;GNS, LLS;38.00;0.00;Fiber/Plastic;;1994-08-23;MFL;1983-01-01;;
DEU000620619;;DEU;;;1.00;0.00;0.00;;4.55;0.00;---;BAL12;BAL12;Bansin;;N;;N;N;N;;;GO;;GNS, LLS;27.00;0.00;Fiber/Plastic;;2012-11-13;MFL;2012-01-01;;
DEU000620637;;DEU;;;1.00;0.00;0.00;;4.30;0.00;---;NEU41N;NEU41N;;;N;;N;;;;;FX;;GNS, LLS;9.00;0.00;Fiber/Plastic;;2002-10-06;MFL;1993-01-01;;2017-08-28
DEU000620654;;DEU;;;0.00;3.46;0.00;;7.00;0.00;EVA;TAR007;TAR007;;;N;;N;;;;;FX;;GNS, LLS;22.00;0.00;;;1990-09-28;C19;;;1994-10-12
DEU000620656;;DEU;;;0.00;1.25;0.00;;4.20;0.00;---;ZIT2A;ZIT2A;;;N;;N;;;;;FX;;GNS, LLS;5.00;0.00;;;1971-09-16;C19;;;1992-02-09
DEU000630300;;DEU;;;24.00;22.98;0.00;;15.60;14.48;SKUA;SPI2;SPI2;;;Y;DERJ;Y;;;;;TUB;;TBB, OTB;183.00;0.00;Wood;;1981-03-01;MFL;1980-01-01;;2010-10-01
DEU000630602;;DEU;;;0.00;133.93;0.00;;26.45;23.40;NARWAL;SAS290;SAS290;;;Y;Y4SO;N;;;;;FX;;OTB, OTM;184.00;31.00;;;1958-08-01;4;;;1990-11-20
DEU000630603;;DEU;;;3.00;0.00;0.00;;9.18;8.51;CHRISTIN;WAR14;WAR14;Warnemünde;;Y;DMOM;N;N;N;;;GO;;GNS, LLS;78.00;0.00;Fiber/Plastic;;1997-07-01;MFL;1997-01-01;;
DEU000630605;;DEU;;;2.00;3.27;0.00;;6.80;0.00;---;STR29;STR29;;;N;;N;;;;;FX;;FPO, NO;0.00;0.00;Fiber/Plastic;;1988-09-17;MFL;1988-01-01;;2011-11-02
DEU000630606;;DEU;;;1.00;1.70;0.00;;4.90;0.00;---;MAH1N;MAH1N;;;N;;N;;;;;FX;;GNS, LLS;3.00;0.00;;;1986-04-15;4C1;;;1998-05-14
DEU000630607;;DEU;;;1.00;0.00;0.00;;6.40;0.00;---;VIT69;VIT69;;;N;;N;;;;;FX;;GNS, LLS;13.00;0.00;Fiber/Plastic;;1997-06-18;MFL;1997-01-01;;2010-11-15
DEU000630609;;DEU;;;2.00;0.00;0.00;;7.70;0.00;---;FRE49;FRE49;Freest;;N;;N;N;N;;;GO;;GNS, LLS;6.00;0.00;Metal;;2003-03-25;MFL;1975-01-01;2022-12-05;
DEU000630612;;DEU;;;1.00;0.00;0.00;;5.35;0.00;---;THI19A;THI19A;Thiessow;;N;;N;N;N;;;GO;;GNS, LLS;0.00;0.00;Wood;;1991-01-17;MFL;1950-01-01;;2021-08-24
DEU000630613;;DEU;;;1.00;1.17;0.00;;4.07;0.00;---;BRZ4;BRZ4;;;N;;N;;;;;FX;;GNS, LLS;5.00;0.00;Fiber/Plastic;;1997-05-02;MFL;1992-01-01;;2009-11-09
DEU000630614;;DEU;;;10.00;0.00;0.00;;9.86;9.02;FREESENDORF;FRE22;FRE22;;;Y;DQGV;N;;;;;FX;;GNS, LLS;80.00;0.00;Fiber/Plastic;;1992-07-20;MFL;1992-01-01;;
DEU000630615;;DEU;;;1.00;0.00;0.00;;5.26;0.00;---;ARE03A;ARE03A;;;N;;N;;;;;FX;;GNS, LLS;0.00;0.00;Wood;;1983-05-23;MFL;1983-01-01;2016-01-05;
DEU000630616;;DEU;;;1.00;0.00;0.00;;4.65;0.00;---;FRE100N;FRE100N;;;N;;N;N;N;;;GO;;GNS, LLS;22.00;0.00;Fiber/Plastic;;2002-02-04;MFL;1995-01-01;;
DEU000630617;;DEU;;;1.00;1.00;0.00;;3.75;0.00;---;VIT009A;VIT009A;;;N;;N;;;;;FX;;FPO, NO;0.00;0.00;Fiber/Plastic;;1974-08-10;MFL;1974-01-01;;
DEU000630619;;DEU;;;1.00;0.00;0.00;;5.50;0.00;---;BAN14;BAN14;Bansin;;N;;N;N;N;;;GO;;GNS, LLS;30.00;0.00;Fiber/Plastic;;2014-01-15;MFL;2013-01-01;;
DEU000630637;;DEU;;;1.00;0.00;0.00;;4.30;0.00;---;NEU42N;NEU42N;;;N;;N;;;;;FX;;GNS, LLS;6.00;0.00;Fiber/Plastic;;2002-10-02;MFL;1993-01-01;;2011-11-07
DEU000630654;;DEU;;;8.00;0.00;0.00;;9.95;8.40;USCHI;TAR006;TAR006;Tarnewitz;;N;;N;N;N;;;GO;;GNS, LLS;51.00;0.00;Wood;;1988-12-05;MFL;1988-01-01;;
DEU000630656;;DEU;;;0.00;2.65;0.00;;6.45;6.35;---;ZIT2B;ZIT2B;;;N;;N;;;;;FX;;GNS, LLS;9.00;0.00;;;1986-04-11;C19;;1993-02-18;
DEU000640300;;DEU;;;21.00;0.00;0.00;;15.43;13.80;MOEWE;ST4;ST4;;;Y;DCSP;Y;;;;;FX;;TBB, OTB;184.00;0.00;Wood;;1967-10-25;MFL;1967-01-01;;2017-03-15
DEU000640602;;DEU;;;0.00;133.93;0.00;;26.45;23.40;POTTWAL;SAS291;SAS291;;;Y;Y4SP;N;;;;;FX;;OTB, PTB;184.00;31.00;;;1958-08-01;4;;;1990-12-05
DEU000640603;;DEU;;;13.00;0.00;0.00;;9.84;9.04;SEETEUFEL;WAR2;WAR2;Warnemünde;;Y;DMPF;N;N;N;;;GO;;GNS, OTB;85.00;0.00;Metal;;2000-01-19;MFL;1999-01-01;2022-10-05;
DEU000640605;;DEU;;;2.00;3.27;0.00;;6.80;0.00;---;STR30;STR30;;;N;;N;;;;;FX;;FPO, NO;0.00;0.00;Fiber/Plastic;;1988-07-15;MFL;1988-01-01;;2011-11-02
DEU000640606;;DEU;;;1.00;0.00;0.00;;5.32;0.00;---;NEE3;NEE3;;;N;;N;;;;;FX;;GNS, NK;6.00;0.00;Wood;;1969-03-16;MFL;1969-01-01;;2007-01-15
DEU000640607;;DEU;;;1.00;1.30;0.00;;4.30;0.00;---;SEE9N;SEE9N;;;N;;N;;;;;FX;;GNS, LLS;9.00;0.00;Fiber/Plastic;;1997-08-20;MFL;1985-01-01;;
DEU000640609;;DEU;;;1.00;0.00;0.00;;5.00;0.00;---;UEK49;UEK49;Ueckermünde;;N;;N;N;N;;;GO;;GNS, LLS;40.00;0.00;Fiber/Plastic;;2003-06-24;MFL;2003-01-01;;
DEU000640612;;DEU;;;1.00;0.00;0.00;;5.20;0.00;---;THI19B;THI19B;Thiessow;;N;;N;N;N;;;GO;;GNS, LLS;0.00;0.00;Wood;;1991-01-17;MFL;1972-01-01;;2022-05-31
DEU000640613;;DEU;;;9.00;0.00;0.00;;9.87;8.97;ERNA B.;LAU95;LAU95;"Lauterbach"", Rügen";;N;;N;N;N;;;GO;;GNS, FPO;96.00;0.00;Fiber/Plastic;;1997-07-17;MFL;1997-01-01;;
DEU000640615;;DEU;;;1.00;0.00;0.00;;6.02;0.00;---;ARE03B;ARE03B;;;N;;N;;;;;FX;;GNS, NO;0.00;0.00;Wood;;1951-08-12;MFL;1951-01-01;;2006-07-26
DEU000640616;;DEU;;;1.00;0.00;0.00;;4.65;0.00;---;LAS18N;LAS18N;;;N;;N;;;;;FX;;GNS, LLS;6.00;0.00;Fiber/Plastic;;2009-05-06;MFL;1970-01-01;;2016-03-01
DEU000640617;;DEU;;;1.00;1.00;0.00;;4.07;0.00;---;VIT6;VIT6;;;N;;N;;;;;FX;;GNS, NO;11.00;0.00;;;1979-03-16;4C1;;;2000-03-25
DEU000640619;;DEU;;;1.00;0.00;0.00;;5.00;0.00;---;BAL14;BAL14;;;N;;N;;;;;FX;;GNS, LLS;51.00;0.00;Fiber/Plastic;;2014-02-13;MFL;2014-01-01;;
DEU000640637;;DEU;;;1.00;0.00;0.00;;4.70;0.00;---;NEU43N;NEU43N;;;N;;N;;;;;FX;;GNS, LLS;15.00;0.00;Fiber/Plastic;;2006-04-05;MFL;2006-01-01;;
DEU000640652;;DEU;;;1.00;1.77;0.00;;5.00;0.00;ONKEL FRITZ;WIS6N;WIS6N;;;N;;N;;;;;FX;;GNS, LLS;11.00;0.00;Fiber/Plastic;;1990-10-03;MFL;1983-01-01;;
DEU000640656;;DEU;;;0.00;2.14;0.00;;5.50;0.00;---;ZIT3;ZIT3;;;N;;N;;;;;FX;;GNS, LLS;28.00;0.00;;;1968-07-23;C19;;1992-03-03;
DEU000650300;211469000;DEU;;;27.00;0.00;0.00;;15.62;13.86;SEEHUND;CUX19;CUX19;Cuxhaven;;Y;DERF;Y;Y;Y;;;TU;;TBB, OTB;184.00;0.00;Wood;;1980-04-01;MFL;1979-01-01;;2023-11-13
DEU000650602;;DEU;;;34.00;33.10;0.00;;16.43;14.69;STEINBUTT;SAS42;SAS42;;;Y;Y4ED;N;;;;;FX;;OTB, PTB;111.00;0.00;;;1955-01-14;4C3;;;1997-11-18
DEU000650603;;DEU;;;1.00;0.00;0.00;;6.00;0.00;HANNES;WAR11N;WAR11N;;;N;;N;;;;;FX;;GNS, LLS;4.00;0.00;Metal;;2000-10-25;MFL;1989-01-01;;2011-10-18
DEU000650606;;DEU;;;1.00;1.15;0.00;;4.20;0.00;---;ZEW17N;ZEW17N;;;N;;N;;;;;FX;;GNS, LLS;6.00;0.00;;;1997-07-15;4C1;;;1999-04-20
DEU000650607;;DEU;;;1.00;0.00;0.00;;4.85;0.00;---;BAA48;BAA48;Sassnitz;;N;;N;N;N;;;GO;;GNS, FPO;0.00;0.00;Fiber/Plastic;;2001-10-26;MFL;2001-01-01;;
DEU000650609;;DEU;;;4.00;0.00;0.00;;9.16;0.00;---;UEK5;UEK5;Ueckermünde;;N;;N;N;N;;;GO;;GNS, FPO;31.00;0.00;Metal;;2005-12-08;MFL;2005-01-01;;2023-12-13
DEU000650612;;DEU;;;1.00;1.80;0.00;;4.90;0.00;---;GZI10;GZI10;;;N;;N;;;;;FX;;GNS, NO;0.00;0.00;Fiber/Plastic;;1991-01-17;MFL;1987-01-01;;2010-06-23
DEU000650613;;DEU;;;1.00;1.30;0.00;;4.30;0.00;---;BRE40N;BRE40N;;;N;;N;;;;;FX;;GNS, LLS;11.00;0.00;;;1997-08-20;4C1;;;2001-10-29
DEU000650615;;DEU;;;1.00;2.54;0.00;;6.08;0.00;---;ARE03C;ARE03C;;;N;;N;;;;;FX;;GNS, LLS;0.00;0.00;;;1951-08-19;4C1;;;2002-05-28
DEU000650616;;DEU;;;1.00;0.00;0.00;;5.50;0.00;---;LAS30N;LAS30N;Lassan;;N;;N;N;N;;;GO;;GNS, LLS;30.00;0.00;Fiber/Plastic;;2014-03-18;MFL;2014-01-01;;
DEU000650617;;DEU;;;1.00;1.00;0.00;;4.25;0.00;---;VIT50;VIT50;;;N;;N;;;;;FX;;GNS;6.00;0.00;Fiber/Plastic;;1987-02-01;MFL;1987-01-01;;2009-02-13
DEU000650637;;DEU;;;1.00;0.00;0.00;;4.70;0.00;---;NEU44N;NEU44N;"Neuendorf"", Hiddensee";;N;;N;N;N;;;GO;;GNS, LLS;15.00;0.00;Fiber/Plastic;;2006-05-18;MFL;2006-01-01;;
DEU000650654;;DEU;;;0.00;3.36;0.00;;6.90;0.00;---;TAR004;TAR004;;;N;;N;;;;;FX;;GNS, LLS;10.00;0.00;;;1978-04-18;C19;;;1993-03-01
DEU000650656;;DEU;;;0.00;1.13;0.00;;4.00;0.00;---;ZIT3A;ZIT3A;;;N;;N;;;;;FX;;GNS, LLS;0.00;0.00;;;1980-09-11;C19;;;1992-03-03
DEU000660300;;DEU;;;24.00;0.00;0.00;;15.09;14.02;NIXE II;DOR5;DOR5;;;Y;DF7983;Y;;;;;FX;;TBB, OTB;221.00;0.00;Wood;;1977-05-09;MFL;1977-01-01;;
DEU000660602;;DEU;;;121.00;133.93;0.00;;26.45;23.49;WEISSWAL;SAS292;SAS292;;;Y;Y4SQ;N;;;;;FX;;OTB, PTB;184.00;38.00;;;1958-09-01;G17;;;1996-05-29
DEU000660603;;DEU;;;1.00;0.00;0.00;;4.76;0.00;KAEPTN BLAUBAER;WAR12N;WAR12N;;;N;;N;;;;;FX;;GNS, LLS;8.00;0.00;Fiber/Plastic;;2000-11-06;MFL;2000-01-01;;2017-04-01
DEU000660605;;DEU;;;1.00;1.94;0.00;;5.25;0.00;---;STR11;STR11;;;N;;N;;;;;FX;;GNS, LLS;0.00;0.00;;;1994-09-07;4C1;;;2001-03-19
DEU000660606;;DEU;;;1.00;0.00;0.00;;7.00;0.00;---;BAA40N;BAA40N;"Lauterbach"", Rügen";;N;;N;N;N;;;GO;;GNS, LLS;25.00;0.00;Fiber/Plastic;;1997-09-10;MFL;1989-01-01;;
DEU000660607;;DEU;;;8.00;0.00;0.00;;9.99;8.80;GADUS;AWA40;AWA40;;;N;;N;;;;;FX;;GNS, LLS;114.00;0.00;Fiber/Plastic;;2001-12-01;MFL;2001-01-01;;
DEU000660609;;DEU;;;1.00;0.00;0.00;;4.65;0.00;---;UEK2;UEK2;Ueckermünde;;N;;N;N;N;;;GO;;GNS, FPO;13.00;0.00;Fiber/Plastic;;2006-09-14;MFL;2006-01-01;;2021-09-30
DEU000660612;;DEU;;;1.00;2.00;0.00;;5.35;0.00;---;THI18A;THI18A;;;N;;N;;;;;FX;;GNS, LLS;8.00;0.00;;;1986-09-18;4C1;;;2002-02-04
DEU000660613;;DEU;;;1.00;0.00;0.00;;5.00;0.00;---;BRE63;BRE63;Breege;;N;;N;N;N;;;GO;;GNS, LLS;22.00;0.00;Fiber/Plastic;;1997-11-18;MFL;1997-01-01;;
DEU000660615;;DEU;;;1.00;0.00;0.00;;4.52;0.00;---;ARE04AN;ARE04AN;Gager;;N;;N;N;N;;;WOP;;FPO, NO;11.00;0.00;Wood;;1978-03-03;MFL;1978-01-01;;
DEU000660616;;DEU;;;1.00;0.00;0.00;;4.65;0.00;---;LAS9N;LAS9N;Lassan;;N;;N;N;N;;;GO;;GNS, LLS;20.00;0.00;Fiber/Plastic;;2015-06-29;MFL;2015-01-01;;2022-12-31
DEU000660617;;DEU;;;1.00;2.06;0.00;;5.40;0.00;---;VIT49N;VIT49N;;;N;;N;;;;;FX;;GNS, LLS;15.00;0.00;Fiber/Plastic;;1984-06-10;MFL;1984-01-01;;2015-09-29
DEU000660637;;DEU;;;1.00;0.00;0.00;;4.70;0.00;---;NEU45;NEU45;"Neuendorf"", Hiddensee";;N;;N;N;N;;;WOP;;FPO, GNS;22.00;0.00;Fiber/Plastic;;2006-07-28;MFL;2006-01-01;;
DEU000660654;;DEU;;;3.00;0.00;0.00;;7.40;6.60;---;RED22N;RED22N;Redentin;;N;;N;N;N;;;GO;;GNS, FPO;26.00;0.00;Fiber/Plastic;;1983-08-17;MFL;1983-01-01;;
DEU000660656;;DEU;;;1.00;1.25;0.00;;4.20;0.00;---;BUS1;BUS1;;;N;;N;;;;;FX;;GNS, LLS;4.00;0.00;Wood;;1968-09-17;MFL;1968-01-01;;2007-08-13
DEU000670300;;DEU;;;0.00;20.03;0.00;;15.14;13.97;NORDSTERN;SPI6;SPI6;;;Y;DFBG;N;;;;;FX;;TBB, OTB;110.00;0.00;;;1963-10-14;4C5;;;1997-05-20
DEU000670602;;DEU;;;0.00;133.93;0.00;;26.45;23.40;GRINDWAL;SAS293;SAS293;;;Y;Y4SR;N;;;;;FX;;OTB, PTB;220.00;31.00;;;1958-09-02;4;;1991-04-02;
DEU000670603;211883910;DEU;;;3.00;0.00;0.00;;8.67;7.56;LYRA;POE15N;POE15N;Kirchdorf;;Y;DH2277;N;N;N;;;GO;;GNS, LLS;37.00;0.00;Fiber/Plastic;;2001-09-01;MFL;2000-01-01;;
DEU000670605;;DEU;;;2.00;3.46;0.00;;7.00;0.00;---;STR1;STR1;;;N;;N;;;;;FX;;GNS, LLS;18.00;0.00;Fiber/Plastic;;1998-03-31;MFL;1982-01-01;;2003-03-03
DEU000670606;;DEU;;;1.00;0.00;0.00;;4.62;0.00;---;KAR47;KAR47;;;N;;N;;;;;FX;;GNS, LLS;10.00;0.00;Fiber/Plastic;;1998-03-02;MFL;1997-01-01;;2006-12-08
DEU000670607;;DEU;;;10.00;0.00;0.00;;11.27;9.97;JANNIK;BAA24;BAA24;Baabe;;Y;DBRN;N;N;N;;;GO;;GNS, OTB;114.00;0.00;Fiber/Plastic;;2001-12-01;MFL;2001-01-01;;
DEU000670609;;DEU;;;1.00;0.00;0.00;;4.65;0.00;---;UEK4;UEK4;;;N;;N;;;;;FX;;GNS, LLS;14.00;0.00;Fiber/Plastic;;2008-07-04;MFL;2007-01-01;;
DEU000670612;;DEU;;;1.00;2.00;0.00;;5.30;0.00;---;THI24A;THI24A;;;N;;N;;;;;FX;;GNS, NO;6.00;0.00;Wood;;1991-01-18;MFL;1977-01-01;;2012-05-22
DEU000670613;;DEU;;;1.00;1.10;0.00;;4.30;0.00;---;BRE41N;BRE41N;;;N;;N;;;;;FX;;GNS, LLS;5.00;0.00;Fiber/Plastic;;1998-07-30;MFL;1985-01-01;;2009-07-15
DEU000670615;;DEU;;;1.00;1.78;0.00;;5.02;0.00;---;ARE07A;ARE07A;;;N;;N;;;;;FX;;GNS, NO;3.00;0.00;;;1980-02-13;4C1;;;2001-01-03
DEU000670616;;DEU;;;1.00;0.00;0.00;;5.50;0.00;---;LAS8N;LAS8N;;;N;;N;;;;;FX;;GNS, LLS;39.00;0.00;;;2016-03-15;MFL;;;
DEU000670617;;DEU;;;1.00;1.91;0.00;;5.20;0.00;---;VIT23N;VIT23N;;;N;;N;;;;;FX;;GNS, LLS;6.00;0.00;;;1963-03-03;4C1;;;1998-04-08
DEU000670637;;DEU;;;1.00;0.00;0.00;;4.30;0.00;---;NEU46N;NEU46N;;;N;;N;;;;;FX;;GNS, FPO;11.00;0.00;Fiber/Plastic;;2008-02-20;MFL;1985-01-01;;2008-09-25
DEU000670654;;DEU;;;7.00;0.00;0.00;;9.96;9.75;SEEMOEWE;GAG60;GAG60;Gager;;N;;N;N;N;;;GO;;GNS, LLS;51.00;0.00;Fiber/Plastic;;1984-05-12;MFL;1984-01-01;;
DEU000670656;;DEU;;;1.00;1.91;0.00;;5.20;0.00;---;SAS6;SAS6;;;N;;N;;;;;FX;;GNS, LLS;6.00;0.00;;;1971-03-12;4C1;;1998-03-06;
DEU000680300;;DEU;;;0.00;12.45;0.00;;12.47;11.42;FAHRWOHL;SPI7;SPI7;;;N;;N;;;;;FX;;TBB, OTB;132.00;0.00;;;1960-12-13;4;;;1993-02-10
DEU000680602;;DEU;;;0.00;133.93;0.00;;26.45;23.40;SCHWERTWAL;SAS294;SAS294;;;Y;Y4SS;N;;;;;FX;;OTB, PTB;220.00;31.00;;;1958-09-04;4;;;1990-12-05
DEU000680603;;DEU;;;1.00;0.00;0.00;;5.55;0.00;THOR;WAR25N;WAR25N;Warnemünde;;N;;N;N;N;;;GO;;GNS, LLS;10.00;0.00;Fiber/Plastic;;2002-05-02;MFL;1986-01-01;;
DEU000680604;;DEU;;;4.00;5.73;0.00;;9.00;7.75;---;RED002;RED002;;;N;;N;;;;;FX;;GNS, LLS;37.00;0.00;Wood;;1951-06-27;MFL;1951-01-01;;2005-10-17
DEU000680605;;DEU;;;1.00;0.00;0.00;;5.50;0.00;---;UMM50;UMM50;Ummanz;;N;;N;N;N;;;GO;;GNS, LLS;37.00;0.00;Fiber/Plastic;;2001-03-22;MFL;2000-01-01;;
DEU000680606;;DEU;;;1.00;1.50;0.00;;4.30;0.00;---;MAH2N;MAH2N;;;N;;N;;;;;FX;;GNS, LLS;3.00;0.00;Fiber/Plastic;;1998-05-14;MFL;1998-01-01;;2010-01-11
DEU000680607;;DEU;;;2.00;0.00;0.00;;6.35;0.00;---;LAU34;LAU34;;;N;;N;N;N;;;GO;;GNS, LLS;0.00;0.00;Wood;;2003-05-02;MFL;1982-01-01;;2019-08-19
DEU000680609;;DEU;;;1.00;0.00;0.00;;4.65;0.00;---;UEK15;UEK15;Ueckermünde;;N;;N;N;N;;;GO;;GNS, LLS;18.00;0.00;Fiber/Plastic;;2009-06-18;MFL;2009-01-01;;
DEU000680612;;DEU;;;1.00;0.00;0.00;;5.32;0.00;---;THI24B;THI24B;;;N;;N;N;N;;;GO;;GNS, LLS;10.00;0.00;Wood;;1991-01-17;MFL;1981-01-01;;
DEU000680613;;DEU;;;1.00;1.10;0.00;;4.25;0.00;---;BRE42;BRE42;;;N;;N;;;;;FX;;GNS, LLS;4.00;0.00;Fiber/Plastic;;1998-07-30;MFL;1975-01-01;;2008-12-16
DEU000680615;;DEU;;;1.00;1.55;0.00;;4.63;0.00;---;ARE17AN;ARE17AN;;;N;;N;;;;;FX;;GNS, LLS;3.00;0.00;Fiber/Plastic;;1980-07-24;MFL;1980-01-01;;2010-02-01
DEU000680616;;DEU;;;1.00;0.00;0.00;;7.70;0.00;---;ANK7;ANK7;;;N;;N;N;N;;;GO;;GNS, FPO;17.00;0.00;Fiber/Plastic;;2016-12-01;MFL;2016-01-01;;
DEU000680617;;DEU;;;1.00;1.13;0.00;;4.00;0.00;---;VIT24N;VIT24N;;;N;;N;;;;;FX;;GNS, LLS;3.00;0.00;Fiber/Plastic;;1990-02-16;MFL;1990-01-01;;2009-06-02
DEU000680637;;DEU;;;1.00;0.00;0.00;;4.70;0.00;---;NEU47;NEU47;;;N;;N;;;;;FX;;FPO, GNS;18.00;0.00;Fiber/Plastic;;2008-09-15;MFL;2008-01-01;;2018-03-12
DEU000680654;;DEU;;;1.00;0.00;0.00;;5.60;0.00;---;TAR013N;TAR013N;;;N;;N;;;;;FX;;GNS, LLS;7.00;0.00;Wood;;1955-02-08;MFL;1955-01-01;;2005-03-09
DEU000680656;;DEU;;;0.00;7.13;0.00;;8.94;0.00;---;POL3;POL3;;;N;;N;;;;;FX;;GNS, LLS;18.00;0.00;;;1958-04-01;4;;;1993-01-04
DEU000690300;;DEU;;;26.00;21.32;0.00;;15.60;13.86;STURMVOGEL;HOO50;HOO50;Hooksiel;;Y;DDAX;Y;;;;;TUB;;TBB, OTB;175.00;0.00;Wood;;1976-04-10;MFL;1976-01-01;;2011-05-11
DEU000690602;;DEU;;;126.00;0.00;0.00;;26.45;23.49;BLAUWAL;SAS295;SAS295;Sassnitz;;Y;Y4ST;Y;Y;Y;5046243;;TTW;;OTB, PTB;184.00;31.00;Metal;;1958-09-05;MFL;1958-01-01;;2021-12-15
DEU000690603;;DEU;;;3.00;0.00;0.00;;6.90;0.00;---;WAR17;WAR17;;;N;;N;;;;;FX;;GNS, LLS;15.00;0.00;Fiber/Plastic;;2003-03-03;MFL;1987-01-01;;
DEU000690604;;DEU;;;1.00;3.36;0.00;;6.90;6.10;---;RED003N;RED003N;;;N;;N;;;;;FX;;GNS, LLS;5.00;0.00;Wood;;1986-03-22;MFL;1986-01-01;;2008-11-10
DEU000690605;;DEU;;;1.00;0.00;0.00;;4.10;0.00;---;STR31N;STR31N;;;N;;N;;;;;FX;;GNS, LLS;11.00;0.00;Fiber/Plastic;;2003-05-28;MFL;1991-01-01;;2010-02-16
DEU000690606;;DEU;;;1.00;1.24;0.00;;4.20;0.00;---;ZEW19N;ZEW19N;;;N;;N;;;;;FX;;GNS, LLS;4.00;0.00;Fiber/Plastic;;1999-02-03;MFL;1999-01-01;;2007-12-18
DEU000690607;;DEU;;;1.00;0.00;0.00;;4.36;0.00;---;LAU17;LAU17;;;N;;N;;;;;FX;;GNS, LLS;3.00;0.00;Wood;;2007-06-26;MFL;1948-01-01;;2008-09-29
DEU000690609;;DEU;;;1.00;0.00;0.00;;4.65;0.00;---;UEK52N;UEK52N;Ueckermünde;;N;;N;N;N;;;GO;;GNS, LLS;18.00;0.00;Fiber/Plastic;;2011-06-27;MFL;2010-01-01;;2024-10-01
DEU000690612;;DEU;;;1.00;1.30;0.00;;4.34;0.00;---;THI27A;THI27A;;;N;;N;;;;;FX;;GNS, NO;0.00;0.00;Wood;;1955-03-14;MFL;1955-01-01;;2003-05-02
DEU000690613;;DEU;;;1.00;1.88;0.00;;5.65;0.00;---;GLO10N;GLO10N;;;N;;N;;;;;FX;;GNS, LLS;12.00;0.00;;;1998-08-14;4C1;;;2001-11-26
DEU000690615;;DEU;;;1.00;0.00;0.00;;6.23;0.00;---;GZI27;GZI27;Gager;;N;;N;N;N;;;WOP;;FPO, GNS;0.00;0.00;Fiber/Plastic;;1987-02-02;MFL;1986-01-01;;2022-12-31
DEU000690616;;DEU;;;1.00;0.00;0.00;;5.06;0.00;---;LAS22N;LAS22N;Lassan;;N;;N;N;N;;;GO;;GNS, LLS;22.00;0.00;Fiber/Plastic;;2017-03-01;MFL;2017-01-01;;
DEU000690617;;DEU;;;1.00;2.09;0.00;;5.45;0.00;---;VIT3N;VIT3N;Vitte;;N;;N;N;N;;;GO;;GNS, LLS;7.00;0.00;Wood;;1952-10-18;MFL;1952-01-01;;
DEU000690637;;DEU;;;4.00;0.00;0.00;;7.61;0.00;EISVOGEL;NEU51;NEU51;"Neuendorf"", Hiddensee";;N;;N;N;N;;;GO;;GNS, LLS;23.00;0.00;Fiber/Plastic;;2023-02-20;MFL;1979-01-01;;
DEU000690654;;DEU;;;1.00;1.90;0.00;;5.30;0.00;---;TAR004N;TAR004N;;;N;;N;;;;;FX;;GNS, LLS;18.00;0.00;;;1992-01-01;4C1;;;2002-02-14
DEU000690656;;DEU;;;0.00;0.94;0.00;;3.65;0.00;---;POL3A;POL3A;;;N;;N;;;;;FX;;GNS, LLS;0.00;0.00;;;1974-06-03;4;;;1992-09-15
DEU000700300;;DEU;;;26.00;23.76;0.00;;15.89;14.18;HEIN GODENWIND;VAR6;VAR6;;;Y;DDBL;Y;;;;;FX;;TBB, OTB;180.00;0.00;Wood;;1974-02-14;MFL;1974-01-01;;
DEU000700602;;DEU;;;0.00;133.93;0.00;;26.45;23.40;FINNWAL;SAS296;SAS296;;;Y;Y4SU;N;;;;;FX;;OTB, PTB;220.00;38.00;;;1958-11-03;4;;1991-04-02;
DEU000700603;;DEU;;;3.00;0.00;0.00;;8.90;0.00;---;WAR22N;WAR22N;;;N;;N;;;;;FX;;GNS, LLS;15.00;0.00;Fiber/Plastic;;2004-02-27;MFL;1982-01-01;;2007-04-05
DEU000700604;;DEU;;;2.00;4.75;0.00;;8.20;0.00;---;RED004N;RED004N;;;N;;N;;;;;FX;;GNS, LLS;22.00;0.00;;;1955-01-17;4C1;;;2002-02-14
DEU000700605;;DEU;;;1.00;0.00;0.00;;5.05;0.00;---;STR32N;STR32N;;;N;;N;;;;;FX;;GNS, FPO;23.00;0.00;Fiber/Plastic;;2015-04-16;MFL;2014-01-01;;2016-09-30
DEU000700606;;DEU;;;1.00;1.27;0.00;;4.25;0.00;---;KAR49N;KAR49N;;;N;;N;;;;;FX;;GNS, LLS;6.00;0.00;Fiber/Plastic;;1999-04-20;MFL;1979-01-01;;2011-12-09
DEU000700607;;DEU;;;1.00;0.00;0.00;;4.23;0.00;---;LAU38;LAU38;;;N;;N;;;;;FX;;GNS, LLS;7.00;0.00;Fiber/Plastic;;2008-05-07;MFL;1970-01-01;;2011-06-14
DEU000700609;;DEU;;;1.00;0.00;0.00;;5.06;0.00;---;AHL44;AHL44;Ahlbeck;;N;;N;N;N;;;GO;;GNS, LLS;40.00;0.00;Fiber/Plastic;;2011-08-09;MFL;2008-01-01;;
DEU000700612;;DEU;;;1.00;1.20;0.00;;4.33;0.00;---;THI28AN;THI28AN;;;N;;N;;;;;FX;;GNS, NO;0.00;0.00;Wood;;1990-12-10;MFL;1961-01-01;;2006-01-19
DEU000700613;211152210;DEU;;;3.00;0.00;0.00;;8.23;0.00;HOFFNUNG;HEIL6;HEIL6;Heiligenhafen;;Y;DH4198;N;N;N;;;GO;;GNS, FPO, GTR, LLS;46.00;0.00;Fiber/Plastic;;2000-04-10;MFL;1981-01-01;;
DEU000700614;;DEU;;;1.00;1.14;0.00;;4.03;0.00;---;FRE36;FRE36;;;N;;N;;;;;FX;;GNS, LLS;5.00;0.00;Fiber/Plastic;;1992-12-01;MFL;1985-01-01;;2007-10-23
DEU000700615;;DEU;;;1.00;1.34;0.00;;4.36;0.00;---;GAG03A;GAG03A;;;N;;N;;;;;FX;;GNS, NO;0.00;0.00;;;1991-01-28;C19;;;1995-07-17
DEU000700616;;DEU;;;1.00;0.00;0.00;;5.06;0.00;---;LAS23N;LAS23N;Lassan;;N;;N;N;N;;;GO;;GNS, LLS;18.00;0.00;Fiber/Plastic;;2018-02-20;MFL;2017-01-01;;
DEU000700617;;DEU;;;1.00;0.00;0.00;;4.65;0.00;---;VIT42N;VIT42N;;;N;;N;;;;;FX;;GNS, LLS;12.00;0.00;Fiber/Plastic;;1995-08-18;MFL;1994-01-01;;
DEU000700654;;DEU;;;1.00;1.43;0.00;;4.50;0.00;---;TAR013AN;TAR013AN;;;N;;N;;;;;FX;;GNS, NK;10.00;0.00;Fiber/Plastic;;1990-07-10;MFL;1990-01-01;;2004-10-26
DEU000700656;;DEU;;;1.00;1.13;0.00;;4.00;0.00;---;POL7;POL7;;;N;;N;;;;;FX;;GNS, LLS;0.00;0.00;Fiber/Plastic;;1987-04-16;MFL;1987-01-01;;2007-11-13
DEU000710300;;DEU;;;13.00;13.09;0.00;;13.91;12.10;HELGA;VAR18N;VAR18N;Varel;;N;;N;;;;;TUB;;TBB, OTB;109.00;0.00;Wood;;1962-09-20;4C5;1962-01-01;;2001-07-11
DEU000710602;;DEU;;;0.00;133.93;0.00;;26.45;23.40;GRAUWAL;SAS299;SAS299;;;Y;Y4SX;N;;;;;FX;;OTB, PTB;184.00;31.00;;;1958-11-03;4;;;1990-11-20
DEU000710603;;DEU;;;3.00;0.00;0.00;;6.95;0.00;KNURRHAHN;WAR23;WAR23;;;N;;N;;;;;FX;;GNS, LLS;51.00;0.00;Fiber/Plastic;;2004-04-02;MFL;1984-01-01;;2005-05-09
DEU000710604;;DEU;;;0.00;5.72;0.00;;9.00;0.00;---;RED007;RED007;;;N;;N;;;;;FX;;GNS, LLS;37.00;0.00;;;1953-06-18;4;;;1991-05-10
DEU000710605;;DEU;;;1.00;0.00;0.00;;3.95;0.00;---;STR24;STR24;Stralsund;;N;;N;N;N;;;GO;;GNS, LLS;11.00;0.00;Fiber/Plastic;;2015-08-12;MFL;1995-01-01;;
DEU000710606;;DEU;;;5.00;0.00;0.00;;9.40;0.00;---;ZEW22N;ZEW22N;;;N;;N;;;;;FX;;GNS, LLS;59.00;0.00;Wood;;2000-06-28;MFL;1977-01-01;;2017-09-19
DEU000710607;;DEU;;;1.00;0.00;0.00;;5.60;0.00;---;LAU39;LAU39;"Lauterbach"", Rügen";;N;;N;N;N;;;GO;;GNS, LLS;15.00;0.00;Fiber/Plastic;;2011-06-14;MFL;2011-01-01;;
DEU000710609;;DEU;;;1.00;0.00;0.00;;4.65;0.00;---;UEK16N;UEK16N;;;N;;N;N;N;;;GO;;GNS, FPO;18.00;0.00;Fiber/Plastic;;2013-02-05;MFL;2013-01-01;;2020-11-01
DEU000710612;;DEU;;;1.00;0.00;0.00;;5.23;0.00;---;THI28BN;THI28BN;Thiessow;;N;;N;N;N;;;GO;;GNS, LLS;5.00;0.00;Wood;;1990-12-10;MFL;1974-01-01;;2022-10-28
DEU000710613;;DEU;;;1.00;0.00;0.00;;4.70;0.00;---;NEK8;NEK8;;;N;;N;;;;;FX;;GNS, LLS;15.00;0.00;Fiber/Plastic;;2000-05-11;MFL;2000-01-01;;2006-10-16
DEU000710614;;DEU;;;1.00;1.14;0.00;;4.05;0.00;---;FRE46;FRE46;;;N;;N;;;;;FX;;GNS, NK;5.00;0.00;Fiber/Plastic;;1992-12-02;MFL;1988-01-01;;2003-05-20
DEU000710615;;DEU;;;1.00;1.87;0.00;;5.15;0.00;---;GAG04A;GAG04A;;;N;;N;;;;;FX;;GNS, LLS;7.00;0.00;Wood;;1991-01-28;MFL;1948-01-01;;2004-06-18
DEU000710617;;DEU;;;1.00;0.00;0.00;;4.25;0.00;---;VIT16;VIT16;;;N;;N;;;;;FX;;GNS, LLS;4.00;0.00;Fiber/Plastic;;1995-09-18;MFL;1978-01-01;;2006-11-30
DEU000710654;;DEU;;;1.00;1.30;0.00;;4.29;0.00;---;TAR011N;TAR011N;;;N;;N;;;;;FX;;GNS, LLS;4.00;0.00;;;1989-02-16;4C1;;;2000-12-15
DEU000710656;;DEU;;;0.00;0.94;0.00;;3.65;0.00;---;POL4A;POL4A;;;N;;N;;;;;FX;;GNS, LLS;2.00;0.00;;;1987-10-01;C19;;;1992-01-31
DEU000720300;211618000;DEU;;;25.00;0.00;0.00;;16.31;14.70;APOLLO;WRE1;WRE1;;;Y;DFCM;Y;Y;Y;;;TU;;TBB, OTB;221.00;0.00;Fiber/Plastic;;1970-04-15;MFL;1970-01-01;;
DEU000720602;;DEU;;;0.00;133.93;0.00;;26.45;23.40;SEELOEWE;SAS301;SAS301;;;Y;Y4SY;N;;;;;FX;;OTB, PTB;220.00;31.00;;;1958-11-01;4;;;1990-12-01
DEU000720604;;DEU;;;3.00;0.00;0.00;;8.30;7.30;LIESETTE;RED15;RED15;Wismar;;N;;N;N;N;;;GO;;GNS, LLS;26.00;0.00;Wood;;1956-04-15;MFL;1956-01-01;;
DEU000720605;;DEU;;;1.00;0.00;0.00;;3.95;0.00;---;STR33;STR33;Stralsund;;N;;N;N;N;;;GO;;GNS, FPO;4.00;0.00;Fiber/Plastic;;2022-01-01;MFL;1998-01-01;;2022-11-30
DEU000720606;;DEU;;;1.00;0.00;0.00;;4.80;0.00;---;ZEW23;ZEW23;;;N;;N;;;;;FX;;GNS, LLS;18.00;0.00;;;2000-07-07;4C1;;;2002-03-12
DEU000720607;;DEU;;;1.00;0.00;0.00;;4.60;0.00;---;LAU40N;LAU40N;;;N;;N;;;;;FX;;GNS, LLS;5.00;0.00;Fiber/Plastic;;2013-11-27;MFL;2009-01-01;;2014-03-11
DEU000720609;;DEU;;;1.00;0.00;0.00;;4.55;0.00;---;UEK53N;UEK53N;Ueckermünde;;N;;N;N;N;;;GO;;FPO, GNS;22.00;0.00;Fiber/Plastic;;2013-05-13;MFL;2013-01-01;;
DEU000720612;;DEU;;;1.00;2.00;0.00;;5.31;0.00;---;BAA34;BAA34;;;N;;N;;;;;FX;;FPO, GNS;6.00;0.00;Wood;;1991-05-21;MFL;1979-01-01;;
DEU000720613;;DEU;;;1.00;0.00;0.00;;4.15;0.00;---;GLO13N;GLO13N;;;N;;N;;;;;FX;;GNS, LLS;3.00;0.00;Fiber/Plastic;;2000-05-19;MFL;1999-01-01;;2009-12-01
DEU000720614;;DEU;;;1.00;0.00;0.00;;4.00;0.00;---;FRE40;FRE40;;;N;;N;N;N;;;GO;;GNS, LLS;4.00;0.00;Fiber/Plastic;;1992-11-24;MFL;1990-01-01;;2018-07-31
DEU000720615;;DEU;;;1.00;1.70;0.00;;4.90;0.00;---;GAG06A;GAG06A;;;N;;N;;;;;FX;;GNS, NO;0.00;0.00;;;1991-01-28;4C1;;;1998-03-31
DEU000720617;;DEU;;;1.00;1.23;0.00;;4.25;0.00;---;VIT51;VIT51;;;N;;N;;;;;FX;;GNS, LLS;11.00;0.00;Fiber/Plastic;;1996-01-01;MFL;1983-01-01;;2009-01-29
DEU000720652;;DEU;;;0.00;3.92;0.00;;7.45;0.00;---;POE021;POE021;;;N;;N;;;;;FX;;GNS, LLS;7.00;0.00;;;1933-05-11;C19;;;1994-03-01
DEU000720654;;DEU;;;1.00;1.20;0.00;;4.00;0.00;---;TAR001BN;TAR001BN;;;N;;N;;;;;FX;;GNS, LLS;0.00;0.00;Wood;;1990-01-15;MFL;1985-01-01;;2008-02-26
DEU000720656;;DEU;;;0.00;2.54;0.00;;6.00;0.00;---;POL4B;POL4B;;;N;;N;;;;;FX;;GNS, LLS;5.00;0.00;;;1968-04-14;C19;;1992-03-03;
DEU000730300;;DEU;;;0.00;20.03;0.00;;15.14;13.97;KORALLE;WRE2;WRE2;Wremen;;Y;DFBB;N;;;;;TUB;;TBB, OTB;131.00;0.00;Wood;;1962-03-01;C11;1962-01-01;;1993-09-15
DEU000730602;;DEU;;;0.00;133.93;0.00;;26.45;23.40;SEEBAER;SAS302;SAS302;;;Y;Y4GG;N;;;;;FX;;OTB, PTB;220.00;31.00;;;1958-11-01;4;;;1994-11-01
DEU000730603;;DEU;;;4.00;0.00;0.00;;8.60;0.00;MARIA;WAR45;WAR45;Warnemünde;;N;;N;N;N;;;GO;;GNS, OTB;57.00;0.00;Fiber/Plastic;;2005-05-09;MFL;2005-01-01;;
DEU000730604;;DEU;;;4.00;5.98;0.00;;9.20;8.50;---;RED001;RED001;;;N;;N;;;;;FX;;GNS, LLS;37.00;0.00;Wood;;1990-09-25;MFL;1990-01-01;;2012-01-06
DEU000730605;;DEU;;;1.00;0.00;0.00;;4.72;0.00;---;STR9N;STR9N;Stralsund;;N;;N;N;N;;;GO;;GNS, FPO;22.00;0.00;Fiber/Plastic;;2023-08-15;MFL;2023-01-01;;
DEU000730606;;DEU;;;1.00;0.00;0.00;;5.06;0.00;---;KAR11;KAR11;;;N;;N;N;N;;;GO;;GNS, LLS;22.00;0.00;Fiber/Plastic;;2002-10-02;MFL;2002-01-01;;
DEU000730607;;DEU;;;1.00;0.00;0.00;;4.60;0.00;---;LAU42N;LAU42N;;;N;;N;;;;;FX;;GNS, LLS;4.00;0.00;Fiber/Plastic;;2014-03-11;MFL;1994-01-01;;2015-10-06
DEU000730609;;DEU;;;1.00;0.00;0.00;;4.75;0.00;---;UEK54N;UEK54N;Ueckermünde;;N;;N;N;N;;;GO;;GNS, FPO;9.00;0.00;Fiber/Plastic;;2015-10-22;MFL;1985-01-01;;2022-08-01
DEU000730612;;DEU;;;1.00;0.00;0.00;;5.20;0.00;---;THI36B;THI36B;;;N;;N;;;;;FX;;GNS, NO;0.00;0.00;Wood;;1984-09-10;MFL;1972-01-01;;2007-02-22
DEU000730613;;DEU;;;1.00;0.00;0.00;;3.95;0.00;---;GLO14N;GLO14N;;;N;;N;;;;;FX;;GNS, LLS;7.00;0.00;;;2000-05-19;4C1;;;2002-03-12
DEU000730614;;DEU;;;0.00;4.00;0.00;;7.50;0.00;---;FRE14;FRE14;;;N;;N;;;;;FX;;GNS, LLS;6.00;0.00;;;1993-04-16;C19;;1996-02-21;
DEU000730615;;DEU;;;1.00;1.20;0.00;;4.11;0.00;---;GAG06B;GAG06B;;;N;;N;;;;;FX;;GNS, NO;0.00;0.00;;;1991-01-28;4C1;;;1998-12-03
DEU000730617;;DEU;;;1.00;0.00;0.00;;4.65;0.00;---;VIT52;VIT52;;;N;;N;N;N;;;GO;;GNS, FPO;15.00;0.00;Fiber/Plastic;;1996-02-27;MFL;1995-01-01;;
DEU000730654;;DEU;;;1.00;0.00;0.00;;4.35;0.00;---;TAR9;TAR9;;;N;;N;;;;;FX;;GNS, LLS;4.00;0.00;Fiber/Plastic;;2000-12-15;MFL;1990-01-01;;2009-10-07
DEU000740300;;DEU;;;29.00;0.00;0.00;;16.30;14.57;FALKE;WRE3;WRE3;;;Y;DESJ;Y;;;;;FX;;TBB, OTB;221.00;0.00;Fiber/Plastic;;1982-01-01;MFL;1976-01-01;;
DEU000740602;;DEU;;;0.00;133.93;0.00;;26.45;23.40;BANDROBBE;SAS306;SAS306;;;Y;Y4SZ;N;;;;;FX;;OTB, PTB;220.00;31.00;;;1958-12-22;4;;;1990-12-01
DEU000740603;;DEU;;;2.00;0.00;0.00;;6.80;0.00;SUSANNE;WAR46;WAR46;;;N;;N;;;;;FX;;GNS, FPO;0.00;0.00;Fiber/Plastic;;2006-10-19;MFL;1986-01-01;;
DEU000740606;;DEU;;;1.00;0.00;0.00;;5.00;0.00;---;KAR10;KAR10;;;N;;N;N;N;;;GO;;GNS, FPO;41.00;0.00;Fiber/Plastic;;2006-12-08;MFL;2006-01-01;;2020-05-13
DEU000740607;;DEU;;;1.00;0.00;0.00;;4.95;0.00;---;LAU43N;LAU43N;"Lauterbach"", Rügen";;N;;N;N;N;;;GO;;GNS, LLS;8.00;0.00;Fiber/Plastic;;2015-10-06;MFL;2001-01-01;;
DEU000740609;;DEU;;;1.00;0.00;0.00;;4.65;0.00;---;UEK55N;UEK55N;Ueckermünde;;N;;N;N;N;;;GO;;GNS, FPO;13.00;0.00;Fiber/Plastic;;2021-10-01;MFL;2021-01-01;;
DEU000740612;;DEU;;;1.00;2.00;0.00;;5.40;0.00;---;LOB13;LOB13;;;N;;N;;;;;FX;;GNS, LLS;7.00;0.00;;;1991-01-17;4C1;;;1998-05-26
DEU000740613;;DEU;;;1.00;0.00;0.00;;4.65;0.00;---;GLO15N;GLO15N;;;N;;N;;;;;FX;;GNS, LLS;10.00;0.00;Fiber/Plastic;;2001-03-14;MFL;1999-01-01;;2006-12-14
DEU000740614;;DEU;;;1.00;0.00;0.00;;4.30;0.00;---;FRE39;FRE39;;;N;;N;;;;;FX;;GNS, LLS;2.00;0.00;Fiber/Plastic;;1994-01-17;MFL;1990-01-01;;2007-03-08
DEU000740615;;DEU;;;1.00;1.30;0.00;;4.30;0.00;---;GAG12AN;GAG12AN;;;N;;N;;;;;FX;;GNS, NO;2.00;0.00;;;1991-12-31;4C1;;;2000-12-18
DEU000740617;;DEU;;;4.00;0.00;0.00;;8.23;0.00;Seestern;LAU49N;LAU49N;"Lauterbach"", Rügen";;N;;N;N;N;;;GO;;GNS, LLS;59.00;0.00;Fiber/Plastic;;1996-04-15;MFL;1981-01-01;;
DEU000740645;;DEU;;;1.00;0.00;0.00;;5.00;0.00;FLO;AHR22;AHR22;;;N;;N;N;N;;;GO;;GNS, FPO;10.00;0.00;Fiber/Plastic;;2007-01-30;MFL;1985-01-01;;
DEU000740652;;DEU;;;0.00;3.26;0.00;;6.80;0.00;---;POE001;POE001;;;N;;N;;;;;FX;;GNS, LLS;4.00;0.00;;;1985-01-01;C19;;;1994-06-20
DEU000740654;;DEU;;;1.00;0.00;0.00;;5.70;0.00;---;TAR15;TAR15;;;N;;N;;;;;FX;;GNS, LLS;40.00;0.00;Fiber/Plastic;;2002-02-14;MFL;1994-01-01;;
DEU000750300;211561000;DEU;;;50.00;0.00;0.00;;18.70;16.87;FORTUNA;SD3;SD3;Büsum;;Y;DFAZ;Y;Y;Y;;;TU;;TBB, OTB;220.00;0.00;Metal;;1987-05-01;MFL;1987-01-01;;2024-02-27
DEU000750602;;DEU;;;0.00;133.93;0.00;;26.45;23.40;KEGELROBBE;SAS307;SAS307;;;Y;Y4EA;N;;;;;FX;;OTB, PTB;184.00;31.00;;;1958-12-22;4;;1991-04-02;
DEU000750603;;DEU;;;1.00;0.00;0.00;;6.03;0.00;BUTT;WAR19;WAR19;;;N;;N;;;;;FX;;GNS, LLS;11.00;0.00;Fiber/Plastic;;2010-07-20;MFL;1985-01-01;;
DEU000750606;;DEU;;;1.00;0.00;0.00;;4.60;0.00;---;ZEW27N;ZEW27N;Zecherin;;N;;N;N;N;;;GO;;GNS, LLS;5.00;0.00;Fiber/Plastic;;2008-02-25;MFL;1978-01-01;;
DEU000750607;;DEU;;;1.00;0.00;0.00;;5.05;0.00;---;LAU44N;LAU44N;"Lauterbach"", Rügen";;N;;N;N;N;;;GO;;GNS, FPO;11.00;0.00;Fiber/Plastic;;2017-02-07;MFL;2017-01-01;;
DEU000750609;;DEU;;;1.00;0.00;0.00;;6.00;0.00;EMMA;RIT14N;RIT14N;Ueckermünde;;N;;N;N;N;;;GO;;GNS, FPO;24.00;0.00;Fiber/Plastic;;2023-06-01;MFL;1996-01-01;;
DEU000750612;;DEU;;;1.00;2.00;0.00;;5.45;0.00;---;THI46;THI46;;;N;;N;;;;;FX;;GNS, NO;0.00;0.00;;;1984-09-10;C19;;;1995-08-01
DEU000750613;;DEU;;;1.00;0.00;0.00;;4.65;0.00;---;BOI12;BOI12;Boiensdorf;;N;;N;N;N;;;GO;;GNS, FPO;20.00;0.00;Fiber/Plastic;;2001-07-03;MFL;2001-01-01;;
DEU000750614;;DEU;;;1.00;1.13;0.00;;4.00;0.00;---;SPA2;SPA2;;;N;;N;;;;;FX;;GNS, LLS;11.00;0.00;Fiber/Plastic;;1981-07-18;MFL;1981-01-01;;2008-01-23
DEU000750615;;DEU;;;1.00;0.00;0.00;;4.43;0.00;---;GAG13A;GAG13A;;;N;;N;N;N;;;GO;;GNS, NO;0.00;0.00;Fiber/Plastic;;1984-09-10;MFL;1984-01-01;;2018-05-31
DEU000750617;;DEU;;;3.00;0.00;0.00;;8.40;0.00;RAMBO;VIT54;VIT54;Vitte;;N;;N;N;N;;;GO;;GNS, LLS;48.00;0.00;Fiber/Plastic;;1997-08-10;MFL;1997-01-01;;
DEU000750645;;DEU;;;1.00;0.00;0.00;;4.30;0.00;---;AHR23;AHR23;;;N;;N;;;;;FX;;GNS, LLS;7.00;0.00;Fiber/Plastic;;2009-02-13;MFL;1993-01-01;;2010-01-21
DEU000750652;;DEU;;;1.00;2.54;0.00;;6.00;0.00;---;WIS003;WIS003;;;N;;N;;;;;FX;;GNS, LLS;4.00;0.00;;;1933-05-11;4C1;;;2000-08-04
DEU000750654;;DEU;;;1.00;0.00;0.00;;4.58;0.00;INGA;TAR16N;TAR16N;;;N;;N;;;;;FX;;GNS, LLS;6.00;0.00;Fiber/Plastic;;2003-05-19;MFL;1995-01-01;;
DEU000750656;;DEU;;;0.00;1.63;0.00;;4.80;0.00;---;POL6B;POL6B;;;N;;N;;;;;FX;;GNS, NK;0.00;0.00;;;1976-06-19;4;;;1992-09-15
DEU000760300;;DEU;;;46.00;31.92;0.00;;19.40;17.32;LAND WURSTEN;WRE5;WRE5;;;Y;DEQW;Y;;;;;FX;;TBB, OTB;221.00;0.00;Metal;;1979-09-01;MFL;1979-01-01;;
DEU000760602;;DEU;;;121.00;0.00;0.00;;26.45;24.70;BLAUROBBE;CUX30;CUX30;;;Y;Y4EB;Y;;;;;FX;;OTB, OTM;371.00;0.00;Metal;;1959-01-03;MFL;1958-01-01;;2011-12-27
DEU000760603;;DEU;;;2.00;0.00;0.00;;6.80;0.00;Knurrhahn;WAR54;WAR54;Warnemünde;;N;;N;N;N;;;GO;;GNS, FPO;0.00;0.00;Fiber/Plastic;;2012-12-12;MFL;1986-01-01;;2023-01-01
DEU000760606;;DEU;;;1.00;0.00;0.00;;5.06;0.00;---;NEE8N;NEE8N;;;N;;N;N;N;;;GO;;GNS, FPO;11.00;0.00;Fiber/Plastic;;2008-11-26;MFL;2004-01-01;;
DEU000760607;;DEU;;;1.00;0.00;0.00;;4.20;0.00;---;LAU46N;LAU46N;"Lauterbach"", Rügen";;N;;N;N;N;;;GO;;GNS, FPO;4.00;0.00;Fiber/Plastic;;2018-09-25;MFL;2007-01-01;;2021-01-27
DEU000760612;;DEU;;;1.00;1.76;0.00;;5.00;0.00;---;KZI01A;KZI01A;;;N;;N;;;;;FX;;GNS, NO;0.00;0.00;;;1991-01-25;C19;;;1996-12-20
DEU000760613;;DEU;;;1.00;0.00;0.00;;4.65;0.00;---;BRE43N;BRE43N;;;N;;N;N;N;;;GO;;GNS, LLS;22.00;0.00;Fiber/Plastic;;2001-10-29;MFL;2001-01-01;;
DEU000760614;;DEU;;;1.00;0.00;0.00;;4.00;0.00;---;SPA16;SPA16;;;N;;N;;;;;FX;;GNS, NK;4.00;0.00;Fiber/Plastic;;1986-06-24;MFL;1986-01-01;;2005-11-14
DEU000760615;;DEU;;;1.00;1.85;0.00;;5.11;0.00;---;GAG18B;GAG18B;;;N;;N;;;;;FX;;GNS, NO;0.00;0.00;;;1975-04-28;C19;;;1996-04-29
DEU000760617;;DEU;;;1.00;1.41;0.00;;4.70;0.00;---;VIT56N;VIT56N;;;N;;N;;;;;FX;;GNS, LLS;10.00;0.00;Fiber/Plastic;;1998-04-08;MFL;1998-01-01;;2005-05-06
DEU000760645;;DEU;;;1.00;0.00;0.00;;4.70;0.00;---;AHR24N;AHR24N;Ribnitz-Damgarten;;N;;N;N;N;;;GO;;GNS, FPO;11.00;0.00;Fiber/Plastic;;2010-01-21;MFL;2000-01-01;;2025-06-30
DEU000760652;;DEU;;;0.00;1.76;0.00;;5.00;0.00;---;POE033;POE033;;;N;;N;;;;;FX;;GNS, LLS;7.00;0.00;;;1963-11-17;C19;;;1994-06-20
DEU000760656;;DEU;;;0.00;2.98;0.00;;6.50;0.00;---;MUK001C;MUK001C;;;N;;N;;;;;FX;;GNS, LLS;0.00;0.00;;;1983-02-11;C19;;;1992-04-02
DEU000770300;;DEU;;;0.00;20.03;0.00;;15.14;13.97;CONDOR;GRE18;GRE18;Greetsiel;;Y;DETZ;N;;;;;TUB;;TBB, OTB;110.00;0.00;Wood;;1961-11-01;4C5;1961-01-01;;2002-01-15
DEU000770602;;DEU;;;0.00;133.93;0.00;;26.45;23.40;TUEMMLER;SAS309;SAS309;;;Y;Y4EC;N;;;;;FX;;OTB, PTB;220.00;38.00;;;1959-01-03;4;;;1994-07-22
DEU000770603;;DEU;;;1.00;0.00;0.00;;5.70;0.00;IGEL;WAR43;WAR43;Warnemünde;;N;;N;N;N;;;GO;;GNS, LLS;7.00;0.00;Fiber/Plastic;;2015-01-15;MFL;1974-01-01;;
DEU000770604;;DEU;;;3.00;0.00;0.00;;7.10;6.39;---;WIS8;WIS8;Wismar;;N;;N;N;N;;;GO;;GNS, LLS;21.00;0.00;Fiber/Plastic;;1994-07-28;MFL;1994-01-01;;
DEU000770606;;DEU;;;1.00;0.00;0.00;;5.07;0.00;---;ZEW25N;ZEW25N;;;N;;N;N;N;;;GO;;GNS, FPO;5.00;0.00;Fiber/Plastic;;2013-06-03;MFL;1996-01-01;;2018-06-30
DEU000770607;;DEU;;;1.00;0.00;0.00;;5.47;0.00;---;LAU47N;LAU47N;"Lauterbach"", Rügen";;N;;N;N;N;;;GO;;GNS, FPO;18.00;0.00;Fiber/Plastic;;2018-12-13;MFL;1996-01-01;;
DEU000770612;;DEU;;;1.00;2.50;0.00;;5.95;0.00;---;KZI02A;KZI02A;;;N;;N;;;;;FX;;FPO, NO;0.00;0.00;Wood;;1991-01-25;MFL;1967-01-01;;2011-06-15
DEU000770613;;DEU;;;1.00;0.00;0.00;;5.06;0.00;---;BRE45;BRE45;Breege;;N;;N;N;N;;;GO;;GNS, LLS;36.00;0.00;Fiber/Plastic;;2002-02-05;MFL;2002-01-01;;
DEU000770614;;DEU;;;1.00;1.49;0.00;;4.60;0.00;---;SPA23;SPA23;;;N;;N;;;;;FX;;GNS, LLS;11.00;0.00;Fiber/Plastic;;1989-04-19;MFL;1989-01-01;;2005-05-10
DEU000770615;;DEU;;;1.00;1.20;0.00;;4.04;0.00;---;GAG18C;GAG18C;;;N;;N;;;;;FX;;GNS, NO;5.00;0.00;;;1991-01-28;4C1;;;1997-09-10
DEU000770617;;DEU;;;1.00;1.00;0.00;;3.96;0.00;---;VIT58N;VIT58N;;;N;;N;;;;;FX;;GNS, LLS;3.00;0.00;;;1999-04-01;4C1;;;2000-05-19
DEU000770645;;DEU;;;1.00;0.00;0.00;;7.65;0.00;---;NER1;NER1;;;N;;N;;;;;FX;;FPO, NO;11.00;0.00;Fiber/Plastic;;2011-07-01;MFL;2011-01-01;;
DEU000770656;;DEU;;;0.00;1.25;0.00;;4.20;0.00;---;MUK002B;MUK002B;;;N;;N;;;;;FX;;GNS, LLS;5.00;0.00;;;1980-11-17;C19;;;1992-04-02
DEU000780300;211376000;DEU;;;25.00;0.00;0.00;;15.59;13.86;SEEROSE;SC17;SC17;Büsum;;Y;DEQX;Y;Y;Y;;;TU;;TBB, OTB;184.00;0.00;Wood;;1979-09-02;MFL;1979-01-01;;2022-04-01
DEU000780602;;DEU;;;121.00;133.93;0.00;;26.45;23.49;DELPHIN;SAS310;SAS310;;;Y;Y4SD;N;;;;;FX;;OTB, PTB;184.00;38.00;Metal;;1959-01-10;MFL;1958-01-01;;2003-12-05
DEU000780603;;DEU;;;1.00;0.00;0.00;;6.40;0.00;---;WAR67N;WAR67N;;;N;;N;;;;;FX;;GNS, LLS;10.00;0.00;Fiber/Plastic;;2015-05-27;MFL;1986-01-01;;
DEU000780606;;DEU;;;1.00;0.00;0.00;;5.06;0.00;---;KAR18N;KAR18N;;;N;;N;N;N;;;GO;;GNS, LLS;23.00;0.00;Fiber/Plastic;;2018-02-20;MFL;2017-01-01;;
DEU000780607;;DEU;;;1.00;0.00;0.00;;3.50;0.00;---;LAU50N;LAU50N;"Lauterbach"", Rügen";;N;;N;N;N;;;GO;;GNS, FPO;9.00;0.00;Fiber/Plastic;;2022-04-19;MFL;1989-01-01;;2024-01-05
DEU000780612;;DEU;;;1.00;0.00;0.00;;6.33;0.00;---;THI51;THI51;Thiessow;;N;;N;N;N;;;LL;;LLS, GNS;14.00;0.00;Wood;;1991-01-25;MFL;1968-01-01;;
DEU000780613;;DEU;;;1.00;0.00;0.00;;4.10;0.00;---;BRE46;BRE46;;;N;;N;;;;;FX;;GNS, LLS;3.00;0.00;Fiber/Plastic;;2004-03-18;MFL;1995-01-01;;2005-05-06
DEU000780614;;DEU;;;1.00;1.18;0.00;;4.20;0.00;---;FRE56;FRE56;;;N;;N;;;;;FX;;GNS, NK;3.00;0.00;Fiber/Plastic;;1989-08-09;MFL;1989-01-01;;2005-03-09
DEU000780615;;DEU;;;1.00;1.10;0.00;;3.96;0.00;---;GAG19A;GAG19A;;;N;;N;;;;;FX;;GNS, NO;0.00;0.00;;;1989-04-10;4C1;;;1998-03-26
DEU000780617;;DEU;;;9.00;0.00;0.00;;9.98;8.77;ANNA-LENA;VIT57;VIT57;;;Y;DFGE;N;;;;;FX;;GNS, LLS;110.00;0.00;Fiber/Plastic;;1999-04-27;MFL;1999-01-01;;
DEU000780645;;DEU;;;1.00;0.00;0.00;;5.60;0.00;---;KUEH48;KUEH48;Kühlungsborn;;N;;N;N;N;;;GO;;GNS, FPO;15.00;0.00;Fiber/Plastic;;2012-06-05;MFL;2012-01-01;;
DEU000780652;;DEU;;;2.00;2.49;0.00;;7.78;7.08;---;POE015;POE015;;;N;;N;;;;;FX;;GNS, LLS;6.00;0.00;Wood;;1985-02-18;MFL;1985-01-01;;2011-10-04
DEU000790300;;DEU;;;37.00;0.00;0.00;;17.51;15.32;TROTZ;HOO60;HOO60;;;Y;DISK;Y;;;;;FX;;TBB, OTB;221.00;0.00;Metal;;1971-01-01;MFL;1970-01-01;;
DEU000790602;;DEU;;;121.00;133.93;0.00;;26.45;23.49;KRAGENHAI;SAS311;SAS311;;;Y;Y4EE;N;;;;;FX;;OTB, OTM;184.00;38.00;;;1959-01-10;G17;;;1996-12-30
DEU000790603;;DEU;;;1.00;0.00;0.00;;6.15;0.00;---;WAR79;WAR79;Warnemünde;;N;;N;N;N;;;GO;;GNS, LLS;10.00;0.00;Fiber/Plastic;;2018-10-01;MFL;1976-01-01;;
DEU000790607;;DEU;;;1.00;0.00;0.00;;4.11;0.00;---;LAU51N;LAU51N;"Lauterbach"", Rügen";;N;;N;N;N;;;GO;;GNS, LLS;6.00;0.00;Fiber/Plastic;;2022-06-01;MFL;2000-01-01;;2023-05-16
DEU000790612;;DEU;;;1.00;1.94;0.00;;5.25;0.00;---;KZI04A;KZI04A;;;N;;N;;;;;FX;;GNS, LLS;4.00;0.00;Fiber/Plastic;;1984-09-10;MFL;1983-01-01;;2011-12-06
DEU000790613;;DEU;;;1.00;0.00;0.00;;3.70;0.00;---;BRE47;BRE47;;;N;;N;;;;;FX;;GNS, LLS;7.00;0.00;Fiber/Plastic;;2004-04-20;MFL;1995-01-01;;2005-06-01
DEU000790614;;DEU;;;4.00;4.98;0.00;;8.40;0.00;STOER;FRE71;FRE71;;;N;;N;;;;;FX;;GNS, LLS;15.00;0.00;;;1943-09-12;4C1;;;2000-01-25
DEU000790615;;DEU;;;1.00;1.80;0.00;;5.00;0.00;---;GAG22A;GAG22A;;;N;;N;;;;;FX;;GNS, LLS;11.00;0.00;;;1991-01-28;4C1;;;1999-02-18
DEU000790617;;DEU;;;9.00;0.00;0.00;;9.95;8.77;ANGELA;VIT59;VIT59;;;N;;N;;;;;FX;;GNS, LLS;88.00;0.00;Fiber/Plastic;;1999-07-06;MFL;1999-01-01;;
DEU000790645;;DEU;;;1.00;0.00;0.00;;7.60;0.00;---;RIB2;RIB2;;;N;;N;;;;;FX;;GNS, FPO;11.00;0.00;Fiber/Plastic;;2013-02-15;MFL;2012-01-01;;
DEU000790652;;DEU;;;0.00;3.86;0.00;;7.40;0.00;---;POE014;POE014;;;N;;N;;;;;FX;;GNS, LLS;7.00;0.00;;;1950-03-17;C19;;;1994-06-20
DEU000800300;;DEU;;;33.00;32.89;0.00;;16.21;14.48;MERLAN;GRE23;GRE23;;;Y;DJHL;Y;;;;;FX;;TBB, OTB;221.00;0.00;Metal;;1976-09-15;MFL;1976-01-01;;
DEU000800602;;DEU;;;121.00;0.00;0.00;;26.45;23.49;DORNHAI;SAS312;SAS312;;;Y;Y4EF;Y;;;;;FX;;OTB, PTB;184.00;31.00;Metal;;1959-01-10;MFL;1958-01-01;;2009-02-17
DEU000800603;;DEU;;;1.00;0.00;0.00;;6.80;0.00;SILBERLACHS;WAR13;WAR13;Warnemünde;;N;;N;N;N;;;GO;;GNS, LLS;41.00;0.00;Fiber/Plastic;;2019-04-10;MFL;1984-01-01;;2024-09-01
DEU000800607;;DEU;;;1.00;0.00;0.00;;4.25;0.00;---;LAU52N;LAU52N;"Lauterbach"", Rügen";;N;;N;N;N;;;GO;;GNS, FPO;6.00;0.00;Fiber/Plastic;;2023-05-16;MFL;2002-01-01;;
DEU000800612;;DEU;;;1.00;1.87;0.00;;5.15;0.00;---;KZI05;KZI05;;;N;;N;;;;;FX;;GNS, NO;0.00;0.00;;;1991-01-25;4C1;;;1998-11-01
DEU000800613;;DEU;;;1.00;0.00;0.00;;3.96;0.00;---;BRE59;BRE59;;;N;;N;N;N;;;GO;;GNS, FPO;2.00;0.00;Fiber/Plastic;;2005-01-20;MFL;1992-01-01;;
DEU000800614;;DEU;;;1.00;1.13;0.00;;4.00;0.00;---;KROE2N;KROE2N;;;N;;N;;;;;FX;;GNS, NK;3.00;0.00;;;1986-03-14;4C1;;;1998-01-03
DEU000800615;;DEU;;;1.00;2.82;0.00;;6.32;0.00;---;GZI01A;GZI01A;;;N;;N;;;;;FX;;GNS, NO;0.00;0.00;Wood;;1991-01-28;MFL;1981-01-01;;2009-08-06
DEU000800617;;DEU;;;1.00;0.00;0.00;;4.70;0.00;---;VIT60;VIT60;;;N;;N;;;;;FX;;GNS, LLS;12.00;0.00;Fiber/Plastic;;1999-12-08;MFL;1999-01-01;;2015-05-27
DEU000800645;;DEU;;;1.00;0.00;0.00;;4.26;0.00;Lachs II;AHR28;AHR28;;;N;;N;N;N;;;GO;;GNS, FPO;11.00;0.00;Fiber/Plastic;;2018-06-01;MFL;1984-01-01;;
DEU000800652;;DEU;;;0.00;3.44;0.00;;6.98;0.00;---;POE029;POE029;;;N;;N;;;;;FX;;GNS, LLS;7.00;0.00;;;1983-07-25;C19;;;1994-06-20
DEU000810300;;DEU;;;33.00;32.50;0.00;;17.14;15.24;AVALON;GRE26;GRE26;;;Y;DCDK;Y;;;;;FX;;TBB, OTB;221.00;0.00;Metal;;1968-11-01;MFL;1968-01-01;;
DEU000810602;;DEU;;;0.00;133.93;0.00;;26.45;23.40;BLAUHAI;SAS314;SAS314;;;Y;Y4EH;N;;;;;FX;;OTB, PTB;184.00;31.00;;;1959-01-12;4;;;1990-12-01
DEU000810603;;DEU;;;1.00;0.00;0.00;;5.70;0.00;---;WAR26;WAR26;Warnemünde;;N;;N;N;N;;;GO;;GNS, FPO;29.00;0.00;Fiber/Plastic;;2021-08-01;MFL;2000-01-01;;
DEU000810612;;DEU;;;1.00;0.00;0.00;;5.10;0.00;---;BAA33N;BAA33N;;;N;;N;;;;;FX;;GNS, LLS;3.00;0.00;Wood;;1973-03-27;MFL;1969-01-01;;2013-01-10
DEU000810613;;DEU;;;1.00;0.00;0.00;;4.70;0.00;---;BRE49;BRE49;;;N;;N;N;N;;;GO;;GNS, LLS;18.00;0.00;Fiber/Plastic;;2005-05-10;MFL;2005-01-01;;2022-08-15
DEU000810614;;DEU;;;1.00;0.00;0.00;;4.00;0.00;---;SPA21N;SPA21N;;;N;;N;;;;;FX;;GNS, NK;6.00;0.00;Fiber/Plastic;;1992-01-01;MFL;1991-01-01;;2007-02-06
DEU000810615;;DEU;;;1.00;1.98;0.00;;5.30;0.00;---;GZI01B;GZI01B;;;N;;N;;;;;FX;;GNS, NO;0.00;0.00;Wood;;1991-01-28;MFL;1950-01-01;;2009-08-06
DEU000810617;;DEU;;;1.00;0.00;0.00;;4.20;0.00;---;VIT61;VIT61;;;N;;N;;;;;FX;;GNS, LLS;8.00;0.00;Fiber/Plastic;;2000-01-10;MFL;1976-01-01;;2016-06-09
DEU000810652;;DEU;;;0.00;13.36;0.00;;13.75;0.00;---;POE019;POE019;;;N;;N;;;;;FX;;GNS, LLS;59.00;0.00;;;1934-08-22;C19;;;1993-03-18
DEU000810656;;DEU;;;1.00;0.00;0.00;;6.00;0.00;---;BAA42;BAA42;Baabe;;N;;N;N;N;;;GO;;GNS, LLS;37.00;0.00;Fiber/Plastic;;1990-01-31;MFL;1990-01-01;;
DEU000820300;211152000;DEU;;;23.00;0.00;0.00;;14.97;13.56;URANUS;ACC2;ACC2;;;Y;DCGK;Y;Y;Y;;;TU;;TBB, OTB, FPO;221.00;0.00;Metal;;1986-05-12;MFL;1986-01-01;;
DEU000820602;;DEU;;;0.00;133.93;0.00;;26.45;23.40;HAMMERHAI;SAS315;SAS315;;;Y;Y4EJ;N;;;;;FX;;OTB, PTB;220.00;38.00;;;1959-01-12;4;;;1994-07-11
DEU000820612;;DEU;;;1.00;1.00;0.00;;4.47;0.00;---;LAU32N;LAU32N;;;N;;N;;;;;FX;;GNS, LLS;8.00;0.00;Wood;;1991-01-25;MFL;1965-01-01;;2003-05-02
DEU000820613;;DEU;;;1.00;0.00;0.00;;4.20;0.00;---;BRE50;BRE50;;;N;;N;;;;;FX;;GNS, LLS;3.00;0.00;Fiber/Plastic;;2005-05-06;MFL;1987-01-01;;2007-06-06
DEU000820614;;DEU;;;1.00;0.00;0.00;;4.08;0.00;---;FRE57N;FRE57N;;;N;;N;;;;;FX;;GNS, LLS;11.00;0.00;Fiber/Plastic;;1992-01-01;MFL;1989-01-01;;2007-01-24
DEU000820615;;DEU;;;1.00;1.84;0.00;;5.10;0.00;---;GZI03;GZI03;;;N;;N;;;;;FX;;GNS, NO;0.00;0.00;;;1991-01-28;C19;;;1996-01-01
DEU000820617;;DEU;;;1.00;0.00;0.00;;4.65;0.00;---;VIT62;VIT62;Vitte;;N;;N;N;N;;;GO;;GNS, LLS;19.00;0.00;Fiber/Plastic;;2000-03-25;MFL;1999-01-01;2023-11-01;
DEU000820652;;DEU;;;0.00;1.76;0.00;;5.00;0.00;---;POE026;POE026;;;N;;N;;;;;FX;;GNS, LLS;4.00;0.00;;;1953-04-13;C19;;;1993-03-18
DEU000830300;;DEU;;;0.00;18.24;0.00;;14.95;13.96;NORDMARK;ACC3;ACC3;;;Y;DCBX;N;;;;;FX;;TBB, OTB;111.00;0.00;;;1957-12-31;4;;;1991-04-01
DEU000830602;;DEU;;;0.00;133.93;0.00;;26.45;23.40;HERINGSHAI;SAS316;SAS316;;;Y;Y4EK;N;;;;;FX;;OTB, PTB;184.00;31.00;;;1959-01-19;4;;;1992-08-31
DEU000830612;;DEU;;;1.00;2.00;0.00;;5.43;0.00;---;KZI11;KZI11;;;N;;N;;;;;FX;;GNS, LLS;5.00;0.00;;;1991-01-25;4C1;;;1997-03-26
DEU000830613;;DEU;;;1.00;0.00;0.00;;4.30;0.00;---;BRE51N;BRE51N;;;N;;N;;;;;FX;;GNS, FPO;8.00;0.00;Fiber/Plastic;;2005-06-28;MFL;1988-01-01;;2005-08-05
DEU000830614;;DEU;;;1.00;1.30;0.00;;4.29;0.00;---;HOL3N;HOL3N;;;N;;N;;;;;FX;;GNS, FPO;5.00;0.00;Fiber/Plastic;;1985-04-16;MFL;1985-01-01;;2008-01-16
DEU000830615;;DEU;;;1.00;2.46;0.00;;5.90;0.00;---;GZI05;GZI05;;;N;;N;;;;;FX;;GNS, NO;0.00;0.00;;;1991-01-28;C19;;;1995-05-17
DEU000830617;;DEU;;;1.00;0.00;0.00;;4.65;0.00;---;VIT63;VIT63;;;N;;N;;;;;FX;;GNS, LLS;11.00;0.00;Fiber/Plastic;;2000-05-10;MFL;1999-01-01;;2014-10-30
DEU000830652;;DEU;;;12.00;7.79;0.00;;10.50;9.55;HOFFNUNG;POE9;POE9;;;N;;N;;;;;FX;;GNS, LLS;44.00;0.00;Wood;;1951-03-27;MFL;1951-01-01;;2012-01-06
DEU000840300;;DEU;;;31.00;26.81;0.00;;17.55;15.94;FREYA;ACC4;ACC4;;;Y;DCGU;Y;;;;;FX;;TBB, OTB;220.00;0.00;Metal;;1970-04-15;MFL;1970-01-01;;
DEU000840602;;DEU;;;121.00;0.00;0.00;;26.45;23.49;EISHAI;SAS317;SAS317;;;Y;Y4EL;Y;;;;;FX;;OTB, OTM;184.00;38.00;Metal;;1959-01-19;MFL;1958-01-01;;2012-01-01
DEU000840612;;DEU;;;1.00;2.00;0.00;;5.00;0.00;---;KZI14;KZI14;;;N;;N;;;;;FX;;FPO, NO;0.00;0.00;Wood;;1991-12-31;MFL;1928-01-01;;2012-01-11
DEU000840613;;DEU;;;1.00;0.00;0.00;;4.70;0.00;---;SAS58;SAS58;Sassnitz;;N;;N;N;N;;;GO;;GNS, FPO;15.00;0.00;Fiber/Plastic;;2005-08-05;MFL;2005-01-01;;
DEU000840614;;DEU;;;1.00;2.00;0.00;;5.28;0.00;---;SPA5;SPA5;;;N;;N;;;;;FX;;GNS, NO;5.00;0.00;;;1960-02-18;C19;;;1996-04-26
DEU000840615;;DEU;;;1.00;1.72;0.00;;4.93;0.00;---;GZI06A;GZI06A;;;N;;N;;;;;FX;;GNS, NO;0.00;0.00;;;1982-06-29;C19;;;1995-07-20
DEU000840617;;DEU;;;1.00;0.00;0.00;;4.65;0.00;---;VIT64;VIT64;;;N;;N;;;;;FX;;GNS, LLS;7.00;0.00;Fiber/Plastic;;2000-05-19;MFL;1994-01-01;;2009-01-27
DEU000840652;;DEU;;;2.00;3.76;0.00;;7.30;7.00;---;POE007;POE007;;;N;;N;;;;;FX;;GNS, LLS;9.00;0.00;Wood;;1956-03-18;MFL;1956-01-01;;2004-07-07
DEU000850300;;DEU;;;21.00;0.00;0.00;;15.44;13.80;GOODEWIND;SU2;SU2;;;Y;DCCA;Y;;;;;FX;;TBB, OTB;184.00;0.00;Wood;;1967-04-01;MFL;1967-01-01;;2016-08-31
DEU000850602;;DEU;;;121.00;133.93;0.00;;26.45;23.49;RIESENHAI;SAS319;SAS319;;;Y;Y4EN;N;;;;;FX;;OTB, PTB;221.00;31.00;Metal;;1959-04-30;4C3;1958-01-01;;2002-12-30
DEU000850612;;DEU;;;1.00;2.00;0.00;;5.17;0.00;---;KZI19N;KZI19N;;;N;;N;;;;;FX;;GNS, LLS;6.00;0.00;Wood;;1990-12-17;MFL;1960-01-01;;2012-06-18
DEU000850613;;DEU;;;1.00;0.00;0.00;;4.30;0.00;---;BRE53N;BRE53N;;;N;;N;;;;;FX;;GNS, LLS;3.00;0.00;Fiber/Plastic;;2006-01-31;MFL;1986-01-01;;2008-05-26
DEU000850614;;DEU;;;1.00;0.96;0.00;;3.70;0.00;---;FRE44;FRE44;;;N;;N;;;;;FX;;GNS, NK;2.00;0.00;;;1978-04-10;C19;;;1996-09-24
DEU000850615;;DEU;;;1.00;1.86;0.00;;5.14;0.00;---;GZI12;GZI12;;;N;;N;;;;;FX;;GNS, NO;0.00;0.00;;;1991-01-28;C19;;;1995-07-20
DEU000850617;;DEU;;;1.00;0.00;0.00;;4.65;0.00;---;BAR21;BAR21;Stralsund;;N;;N;N;N;;;GO;;GNS, LLS;22.00;0.00;Fiber/Plastic;;2000-08-22;MFL;1995-01-01;;
DEU000850652;;DEU;;;0.00;3.86;0.00;;7.40;0.00;---;POE024;POE024;;;N;;N;;;;;FX;;GNS, LLS;6.00;0.00;;;1972-06-19;C19;;;1994-06-20
DEU000860300;211181000;DEU;;;23.00;0.00;0.00;;14.96;13.50;ZENIT;NEU226;NEU226;Neuharlingersiel;;Y;DCGN;Y;N;N;;;TU;;TBB, OTB;190.00;0.00;Wood;;1986-05-20;MFL;1986-01-01;;
DEU000860602;;DEU;;;121.00;0.00;0.00;;26.45;23.49;STERNHAI;SAS320;SAS320;;;Y;Y4EO;Y;;;;;FX;;OTB, OTM;220.00;38.00;Metal;;1959-04-30;MFL;1958-01-01;;2014-09-26
DEU000860612;;DEU;;;1.00;0.00;0.00;;4.40;0.00;---;KZI19A;KZI19A;;;N;;N;;;;;FX;;GNS, NO;0.00;0.00;Fiber/Plastic;;1991-01-24;MFL;1980-01-01;;2006-01-31
DEU000860613;;DEU;;;1.00;0.00;0.00;;4.70;0.00;---;BRE54N;BRE54N;;;N;;N;N;N;;;GO;;GNS, LLS;11.00;0.00;Fiber/Plastic;;2006-01-31;MFL;2005-01-01;;2021-11-20
DEU000860614;;DEU;;;1.00;0.00;0.00;;4.94;0.00;LOLA;RIT7;RIT7;Ueckermünde;;N;;N;N;N;;;GO;;GNS, LLS;7.00;0.00;Fiber/Plastic;;1984-03-23;MFL;1984-01-01;;
DEU000860615;;DEU;;;1.00;2.04;0.00;;5.38;0.00;---;GZI18A;GZI18A;;;N;;N;;;;;FX;;GNS, NO;0.00;0.00;Wood;;1984-05-16;MFL;1981-01-01;;2004-03-15
DEU000860617;;DEU;;;1.00;0.00;0.00;;5.50;0.00;---;VIT66;VIT66;Vitte;;N;;N;N;N;;;GO;;GNS, LLS;29.00;0.00;Fiber/Plastic;;2000-08-23;MFL;1995-01-01;;
DEU000860653;;DEU;;;3.00;0.00;0.00;;7.65;0.00;---;POE028;POE028;;;N;;N;;;;;FX;;GNS, LLS;33.00;0.00;Wood;;1986-04-11;MFL;1986-01-01;;2006-05-29
DEU000870300;211292280;DEU;;;53.00;0.00;0.00;;20.65;18.50;ORION;ACC8;ACC8;Accumersiel;;Y;DCFM;Y;Y;Y;;;TU;;TBB, FPO, OTB;221.00;0.00;Metal;;1981-05-04;MFL;1981-01-01;;
DEU000870612;;DEU;;;1.00;1.20;0.00;;4.29;0.00;---;KZI20A;KZI20A;;;N;;N;;;;;FX;;GNS, NO;0.00;0.00;Wood;;1991-01-25;MFL;1968-01-01;;2009-01-05
DEU000870613;;DEU;;;1.00;0.00;0.00;;5.06;0.00;---;BRE55N;BRE55N;;;N;;N;;;;;FX;;FPO, GNS;15.00;0.00;Fiber/Plastic;;2006-11-14;MFL;2006-01-01;;2016-12-30
DEU000870614;;DEU;;;1.00;1.19;0.00;;4.10;0.00;---;FRE43;FRE43;;;N;;N;;;;;FX;;GNS, NK;5.00;0.00;;;1985-04-20;4C1;;;2002-04-10
DEU000870615;;DEU;;;1.00;1.15;0.00;;4.04;0.00;---;GZI18B;GZI18B;;;N;;N;;;;;FX;;GNS, NO;3.00;0.00;Fiber/Plastic;;1987-03-14;MFL;1987-01-01;;2004-03-15
DEU000870617;;DEU;;;1.00;0.00;0.00;;4.40;0.00;---;BAR18;BAR18;Barth;;N;;N;N;N;;;GO;;GNS, FPO;24.00;0.00;Fiber/Plastic;;2005-05-06;MFL;2004-01-01;;
DEU000870652;;DEU;;;18.00;10.35;0.00;;12.00;11.00;KUMM WEDDER;POE061N;POE061N;;;N;;N;;;;;FX;;GNS, LLS;44.00;0.00;Wood;;1955-03-05;MFL;1955-01-01;;2010-01-04
DEU000880300;211307520;DEU;;;71.00;0.00;0.00;;18.95;16.40;OZEAN;SD9;SD9;Büsum;;Y;DCHI;Y;Y;Y;;;TU;;TBB, OTB;220.00;0.00;Metal;;1986-06-14;MFL;1985-01-01;;
DEU000880612;;DEU;;;1.00;1.96;0.00;;5.27;0.00;---;KZI20B;KZI20B;;;N;;N;;;;;FX;;FPO, NO;6.00;0.00;Wood;;1991-01-24;MFL;1974-01-01;;2014-04-29
DEU000880613;;DEU;;;1.00;0.00;0.00;;4.70;0.00;---;BRE56N;BRE56N;;;N;;N;N;N;;;GO;;GNS, FPO;22.00;0.00;Fiber/Plastic;;2008-04-08;MFL;2008-01-01;;
DEU000880614;;DEU;;;1.00;1.27;0.00;;4.24;0.00;---;SPA11;SPA11;;;N;;N;;;;;FX;;GNS, NK;5.00;0.00;;;1985-03-01;4C1;;2002-10-02;
DEU000880615;;DEU;;;1.00;1.80;0.00;;5.04;0.00;---;GZI18C;GZI18C;;;N;;N;;;;;FX;;GNS, NO;18.00;0.00;;;1990-03-30;4C1;;1998-03-26;
DEU000880617;;DEU;;;1.00;0.00;0.00;;4.10;0.00;---;VIT19;VIT19;Vitte;;N;;N;N;N;;;GO;;GNS, LLS;6.00;0.00;Fiber/Plastic;;2006-09-20;MFL;1989-01-01;;2021-09-01
DEU000880652;;DEU;;;7.00;0.00;0.00;;10.18;9.65;SEEWOLF;WIE47;WIE47;;;Y;DA3825;N;;;;;FX;;GNS, LLS;64.00;0.00;Fiber/Plastic;;1985-04-15;MFL;1985-01-01;;
DEU000890300;211544000;DEU;;;52.00;0.00;0.00;;18.79;16.91;KOMET;GRE24;GRE24;Greetsiel;;Y;DCWK;Y;Y;Y;;;TU;;TBB, FPO, OTB;221.00;0.00;Metal;;1978-04-01;MFL;1977-01-01;;
DEU000890602;;DEU;;;0.00;3.66;0.00;;7.20;0.00;---;SAS040;SAS040;;;N;;N;;;;;FX;;GNS, LLS;15.00;0.00;;;1979-03-18;4;;;1991-12-03
DEU000890612;;DEU;;;1.00;1.57;0.00;;4.72;0.00;---;KZI22A;KZI22A;;;N;;N;;;;;FX;;GNS, NO;4.00;0.00;;;1983-02-08;4C1;;;1997-05-05
DEU000890613;;DEU;;;1.00;0.00;0.00;;4.60;0.00;---;VIT73;VIT73;;;N;;N;N;N;;;GO;;GNS, FPO;18.00;0.00;Fiber/Plastic;;2008-04-21;MFL;2008-01-01;;
DEU000890614;;DEU;;;1.00;1.27;0.00;;4.24;0.00;---;SPA4;SPA4;;;N;;N;;;;;FX;;GNS, LLS;6.00;0.00;Fiber/Plastic;;1980-04-16;MFL;1980-01-01;;2011-03-03
DEU000890615;;DEU;;;1.00;2.40;0.00;;5.83;0.00;---;KHA1A;KHA1A;;;N;;N;;;;;FX;;FPO, NO;0.00;0.00;Wood;;1975-04-28;MFL;1968-01-01;;2010-05-18
DEU000890617;;DEU;;;1.00;0.00;0.00;;4.70;0.00;---;VIT71;VIT71;;;N;;N;;;;;FX;;GNS, FPO;19.00;0.00;Fiber/Plastic;;2008-04-08;MFL;2007-01-01;;
DEU000890652;;DEU;;;0.00;3.26;0.00;;6.80;0.00;---;POE034;POE034;;;N;;N;;;;;FX;;GNS, LLS;26.00;0.00;;;1983-06-11;C19;;;1994-10-25
DEU000900300;211550000;DEU;;;46.00;0.00;0.00;;19.44;17.79;POSEIDON;ACC12;ACC12;;;Y;DCFL;Y;Y;Y;;;TU;;TBB, OTB;221.00;0.00;Metal;;1981-04-01;MFL;1981-01-01;;
DEU000900602;;DEU;;;0.00;3.66;0.00;;7.20;0.00;---;SAS041;SAS041;;;N;;N;;;;;FX;;GNS, LLS;20.00;0.00;;;1979-10-24;4;;;1991-12-03
DEU000900604;;DEU;;;1.00;2.54;0.00;;6.00;0.00;---;BOI001;BOI001;;;N;;N;;;;;FX;;GNS, LLS;7.00;0.00;;;1968-04-14;4C1;;;1998-06-20
DEU000900612;;DEU;;;1.00;2.00;0.00;;5.40;0.00;---;BAA21;BAA21;;;N;;N;;;;;FX;;GNS, NO;3.00;0.00;Fiber/Plastic;;1984-09-10;MFL;1982-01-01;;2008-10-28
DEU000900613;;DEU;;;1.00;0.00;0.00;;4.40;0.00;---;GLO29N;GLO29N;Breege;;N;;N;N;N;;;GO;;GNS, LLS;11.00;0.00;Fiber/Plastic;;2009-01-05;MFL;2000-01-01;;
DEU000900614;;DEU;;;1.00;1.20;0.00;;4.08;0.00;---;SPA20;SPA20;;;N;;N;;;;;FX;;GNS, NO;5.00;0.00;;;1985-02-02;4C1;;;1998-05-14
DEU000900615;;DEU;;;1.00;2.36;0.00;;5.78;0.00;---;KHA01B;KHA01B;;;N;;N;;;;;FX;;GNS, LLS;12.00;0.00;;;1975-04-28;4C1;;;2001-10-29
DEU000900617;;DEU;;;1.00;0.00;0.00;;4.65;0.00;---;VIT72;VIT72;;;N;;N;;;;;FX;;GNS, LLS;20.00;0.00;Fiber/Plastic;;2009-02-05;MFL;1994-01-01;;
DEU000910300;;DEU;;;0.00;18.49;0.00;;15.01;13.76;ERIKA;ACC13;ACC13;Accumersiel;;Y;DCJD;N;;;;;TUB;;TBB, OTB;164.00;0.00;Wood;;1957-05-01;4C5;1957-01-01;2000-02-21;
DEU000910602;;DEU;;;10.00;0.00;0.00;;10.00;9.90;FORELLE;WIR1;WIR1;Wiek;;N;;N;N;N;;;GO;;GNS, LLS;58.00;0.00;Fiber/Plastic;;1989-04-17;MFL;1989-01-01;;2021-12-20
DEU000910604;;DEU;;;6.00;6.51;0.00;;9.60;7.70;MONIKA;RER014N;RER014N;;;N;;N;;;;;FX;;GNS, LLS;37.00;0.00;Wood;;1958-06-13;MFL;1958-01-01;;2014-05-27
DEU000910612;;DEU;;;1.00;0.00;0.00;;6.05;0.00;---;THI01C;THI01C;Thiessow;;N;;N;N;N;;;GO;;GNS, LLS;0.00;0.00;Wood;;1991-10-16;MFL;1991-01-01;;
DEU000910613;;DEU;;;1.00;0.00;0.00;;5.51;0.00;---;BRE62N;BRE62N;Breege;;N;;N;N;N;;;GO;;GNS, LLS;30.00;0.00;Fiber/Plastic;;2021-11-20;MFL;1998-01-01;;
DEU000910614;;DEU;;;1.00;1.27;0.00;;4.26;0.00;---;SPA12;SPA12;;;N;;N;;;;;FX;;GNS, NK;5.00;0.00;;;1988-06-24;4C1;;;1999-08-20
DEU000910615;;DEU;;;1.00;1.95;0.00;;5.25;0.00;---;KHA4;KHA4;;;N;;N;;;;;FX;;FPO, NO;0.00;0.00;Fiber/Plastic;;1991-01-28;MFL;1985-01-01;;2010-01-19
DEU000910617;;DEU;;;2.00;0.00;0.00;;5.95;0.00;---;VIT74;VIT74;;;N;;N;;;;;FX;;GNS, FPO;13.00;0.00;Fiber/Plastic;;2011-01-01;MFL;1986-01-01;;
DEU000920300;;DEU;;;0.00;19.62;0.00;;15.18;14.03;ATLANTIS I;ACC14;ACC14;;;Y;DDAN;N;;;;;FX;;TBB, OTB;106.00;0.00;;;1964-12-31;4;;;1990-03-31
DEU000920602;;DEU;;;0.00;132.70;0.00;;26.45;0.00;ELBE;SAS270;SAS270;;;N;;N;;;;;FX;;OTB, NO;220.00;0.00;;;1900-12-31;4;;;1990-11-20
DEU000920604;;DEU;;;2.00;3.98;0.00;;7.50;6.60;---;BOI003N;BOI003N;;;N;;N;;;;;FX;;GNS, LLS;18.00;0.00;Wood;;1957-08-14;MFL;1957-01-01;;2007-12-27
DEU000920612;;DEU;;;1.00;1.16;0.00;;4.05;0.00;---;KZI15;KZI15;;;N;;N;;;;;FX;;GNS, LLS;5.00;0.00;Fiber/Plastic;;1997-03-25;MFL;1987-01-01;;2005-03-22
DEU000920613;;DEU;;;1.00;0.00;0.00;;4.25;0.00;JUTTA;BRE64N;BRE64N;Breege;;N;;N;N;N;;;GO;;FPO, GNS;5.00;0.00;Fiber/Plastic;;2024-01-01;MFL;1989-01-01;;
DEU000920614;;DEU;;;1.00;0.00;0.00;;4.08;0.00;---;SPA14;SPA14;;;N;;N;;;;;FX;;GNS, FPO;11.00;0.00;Fiber/Plastic;;1985-03-20;MFL;1983-01-01;;2016-04-30
DEU000920615;;DEU;;;1.00;1.58;0.00;;4.73;0.00;---;KHA06A;KHA06A;;;N;;N;;;;;FX;;GNS, NO;2.00;0.00;Fiber/Plastic;;1985-08-16;MFL;1985-01-01;;2007-08-14
DEU000920617;;DEU;;;2.00;0.00;0.00;;6.20;0.00;---;VIT75;VIT75;;;N;;N;N;N;;;GO;;GNS, FPO;13.00;0.00;Wood;;2011-01-01;MFL;1989-01-01;;
DEU000930300;211178000;DEU;;;22.00;0.00;0.00;;15.56;13.80;Stoertebeker;SU1;SU1;Husum;;Y;DDEJ;Y;Y;Y;;;TU;;TBB, OTB;175.00;0.00;Wood;;1970-06-25;MFL;1970-01-01;;
DEU000930602;;DEU;;;0.00;643.64;0.00;;48.85;46.53;SVINOEY;SAS407;SAS407;;;Y;Y4GL;N;;;;;FX;;OTM, OTB;736.00;0.00;;;1967-10-19;1;;;1990-11-16
DEU000930604;;DEU;;;3.00;3.87;0.00;;7.40;6.60;---;TAR10N;TAR10N;;;N;;N;;;;;FX;;GNS, LLS;27.00;0.00;Fiber/Plastic;;1984-07-14;MFL;1984-01-01;;
DEU000930612;;DEU;;;1.00;1.00;0.00;;3.85;0.00;---;KZI24;KZI24;;;N;;N;;;;;FX;;GNS, LLS;4.00;0.00;Fiber/Plastic;;1997-05-05;MFL;1996-01-01;;2003-07-11
DEU000930614;;DEU;;;1.00;1.28;0.00;;4.24;0.00;---;FRE51;FRE51;;;N;;N;;;;;FX;;GNS, NK;7.00;0.00;Fiber/Plastic;;1989-05-04;MFL;1981-01-01;;2007-09-11
DEU000930615;;DEU;;;1.00;1.78;0.00;;5.02;0.00;---;KHA08;KHA08;;;N;;N;;;;;FX;;GNS, NO;0.00;0.00;Wood;;1991-01-28;MFL;1950-01-01;;2003-10-01
DEU000930617;;DEU;;;1.00;0.00;0.00;;4.65;0.00;---;VIT76N;VIT76N;;;N;;N;;;;;FX;;GNS, FPO;11.00;0.00;Fiber/Plastic;;2011-06-23;MFL;2000-01-01;;
DEU000940300;;DEU;;;22.00;20.03;0.00;;15.14;13.80;EDELWEISS;ACC16;ACC16;;;Y;DCPJ;Y;;;;;FX;;TBB, OTB;144.00;0.00;Wood;;1963-05-22;MFL;1963-01-01;;
DEU000940602;;DEU;;;0.00;643.64;0.00;;48.58;46.53;NORDMEER;SAS408;SAS408;;;Y;Y4GS;N;;;;;FX;;OTM, OTB;854.00;0.00;;;1966-11-19;1;;;1990-11-01
DEU000940604;;DEU;;;1.00;1.19;0.00;;4.10;0.00;---;PEP001AN;PEP001AN;Wismar;;N;;N;N;N;;;GO;;GNS, LLS;4.00;0.00;Fiber/Plastic;;1985-02-23;MFL;1985-01-01;;
DEU000940612;;DEU;;;4.00;0.00;0.00;;8.28;7.77;---;THI35;THI35;;;N;;N;N;N;;;GO;;GNS, LLS;48.00;0.00;Fiber/Plastic;;1998-03-23;MFL;1985-01-01;;
DEU000940614;;DEU;;;17.00;0.00;0.00;;11.18;10.02;ANNE-MAREN;FRE59;FRE59;;;Y;DQKW;N;;;;;FX;;GNS, OTB;100.00;0.00;Fiber/Plastic;;1995-03-07;MFL;1995-01-01;;
DEU000940615;;DEU;;;1.00;1.76;0.00;;5.00;0.00;---;KHA10;KHA10;;;N;;N;;;;;FX;;FPO, NO;4.00;0.00;Wood;;1991-12-31;MFL;1927-01-01;;2009-03-03
DEU000940617;;DEU;;;1.00;0.00;0.00;;6.85;0.00;---;VIT78;VIT78;;;N;;N;;;;;FX;;GNS, FPO;59.00;0.00;Fiber/Plastic;;2013-11-25;MFL;1987-01-01;;
DEU000940628;;DEU;;;0.00;2.11;0.00;;5.50;0.00;---;GOEH001;GOEH001;;;N;;N;;;;;FX;;GNS, LLS;5.00;0.00;;;1989-12-18;C19;;;1992-02-04
DEU000940655;;DEU;;;0.00;14.01;0.00;;14.08;0.00;---;DAS001;DAS001;;;N;;N;;;;;FX;;GNS, LLS;44.00;0.00;;;1935-08-18;C19;;;1992-01-13
DEU000950300;211545000;DEU;;;44.00;0.00;0.00;;18.69;16.50;ODIN;GRE9;GRE9;Greetsiel;;Y;DCBG;Y;Y;Y;;;TU;;TBB, FPO, OTB;221.00;0.00;Metal;;1978-07-07;MFL;1978-01-01;;
DEU000950602;;DEU;;;0.00;3.10;0.00;;6.00;0.00;---;SAS8;SAS8;;;N;;N;;;;;FX;;GNS, LLS;29.00;0.00;;;1991-03-07;C19;;;1993-07-05
DEU000950604;;DEU;;;2.00;3.26;0.00;;7.40;0.00;---;BOI7;BOI7;;;N;;N;;;;;FX;;GNS, LLS;14.00;0.00;Fiber/Plastic;;1998-06-19;MFL;1993-01-01;;2011-09-14
DEU000950612;;DEU;;;15.00;0.00;0.00;;11.95;9.95;WIKING;THI2;THI2;;;Y;DMPW;N;N;N;;;GO;;GNS, LLS;162.00;0.00;Fiber/Plastic;;2000-02-21;MFL;2000-01-01;;
DEU000950614;;DEU;;;1.00;1.20;0.00;;4.10;0.00;---;KROE10;KROE10;;;N;;N;;;;;FX;;GNS, LLS;6.00;0.00;Fiber/Plastic;;1995-07-18;MFL;1995-01-01;;2010-01-29
DEU000950615;;DEU;;;1.00;0.00;0.00;;4.46;0.00;---;GAG21;GAG21;;;N;;N;N;N;;;GO;;GNS, LLS;4.00;0.00;Wood;;1991-01-28;MFL;1970-01-01;;
DEU000950617;;DEU;;;1.00;0.00;0.00;;5.06;0.00;---;VIT79;VIT79;;;N;;N;;;;;FX;;GNS, FPO;19.00;0.00;Fiber/Plastic;;2015-05-27;MFL;2015-01-01;;2017-09-08
DEU000950655;;DEU;;;7.00;7.07;0.00;;9.95;9.10;PETER;DAS003;DAS003;;;N;;N;;;;;FX;;GNS, LLS;37.00;0.00;;;1948-04-11;C19;;;1995-08-23
DEU000950656;;DEU;;;1.00;0.00;0.00;;4.20;0.00;---;ZIT2A;ZIT2A;Lietzow;;N;;N;N;N;;;GO;;GNS, LLS;5.00;0.00;Fiber/Plastic;;1992-02-11;MFL;1991-01-01;;2023-07-17
DEU000960300;211671000;DEU;;;45.00;0.00;0.00;;17.07;15.31;MOEWE;NEU232;NEU232;Neuharlingersiel;;Y;DCET;Y;Y;Y;;;TU;;TBB, OTB;190.00;0.00;Metal;;1980-05-01;MFL;1980-01-01;;
DEU000960602;;DEU;;;1.00;1.02;0.00;;3.80;0.00;---;SAS8A;SAS8A;;;N;;N;;;;;FX;;GNS, LLS;4.00;0.00;;;1991-03-07;4C1;;;2001-02-26
DEU000960604;;DEU;;;1.00;0.00;0.00;;5.00;0.00;---;RER55;RER55;;;N;;N;N;N;;;GO;;GNS, FPO;15.00;0.00;Fiber/Plastic;;2002-08-12;MFL;2002-01-01;;
DEU000960612;;DEU;;;1.00;0.00;0.00;;3.30;0.00;---;THI5Z;THI5Z;;;N;;N;;;;;FX;;GNS, LLS;4.00;0.00;Fiber/Plastic;;2000-07-10;MFL;2000-01-01;;2007-01-24
DEU000960614;;DEU;;;2.00;0.00;0.00;;7.48;0.00;---;FRE64;FRE64;;;N;;N;;;;;FX;;GNS, LLS;6.00;0.00;Wood;;1996-02-22;MFL;1996-01-01;;2011-05-27
DEU000960615;;DEU;;;1.00;1.45;0.00;;4.52;0.00;---;ARE17BN;ARE17BN;;;N;;N;;;;;FX;;GNS, NO;3.00;0.00;Wood;;1984-08-10;MFL;1978-01-01;;2006-03-09
DEU000960617;;DEU;;;1.00;0.00;0.00;;4.70;0.00;---;VIT80N;VIT80N;;;N;;N;;;;;FX;;GNS, FPO;11.00;0.00;Fiber/Plastic;;2015-06-29;MFL;2015-01-01;;
DEU000960655;;DEU;;;0.00;1.83;0.00;;5.10;0.00;---;DAS004;DAS004;;;N;;N;;;;;FX;;GNS, LLS;7.00;0.00;;;1948-09-12;C19;;;1994-10-10
DEU000970300;;DEU;;;22.00;0.00;0.00;;15.39;13.80;POSEIDON;SPI7;SPI7;Spieka-Neufeld;;Y;DCWF;Y;Y;Y;;;TU;;TBB, OTB;129.00;0.00;Wood;;1968-03-15;MFL;1968-01-01;;
DEU000970602;;DEU;;;1.00;1.02;0.00;;3.80;0.00;---;LIZ5;LIZ5;;;N;;N;;;;;FX;;GNS, LLS;4.00;0.00;;;1992-03-16;4C1;;;2002-12-16
DEU000970604;;DEU;;;0.00;4.52;0.00;;8.00;0.00;---;RED001;RED001;;;N;;N;;;;;FX;;GNS, LLS;33.00;0.00;;;1929-02-14;4;;;1991-07-28
DEU000970612;;DEU;;;1.00;0.00;0.00;;4.65;0.00;---;THI23Z;THI23Z;;;N;;N;;;;;FX;;GNS, LLS;15.00;0.00;Fiber/Plastic;;2000-07-10;MFL;2000-01-01;;2003-05-05
DEU000970614;;DEU;;;3.00;0.00;0.00;;8.45;7.65;---;LAS17N;LAS17N;;;N;;N;N;N;;;GO;;GNS, LLS;31.00;0.00;Fiber/Plastic;;1996-03-05;MFL;1996-01-01;;
DEU000970615;;DEU;;;1.00;0.00;0.00;;6.00;0.00;---;GAG48;GAG48;;;N;;N;N;N;;;GO;;GNS, LLS;7.00;0.00;Fiber/Plastic;;1995-07-19;MFL;1990-01-01;;
DEU000970617;;DEU;;;3.00;0.00;0.00;;7.25;0.00;---;VIT81;VIT81;;;N;;N;N;N;;;GO;;GNS, LLS;31.00;0.00;Fiber/Plastic;;2015-10-26;MFL;2015-01-01;;2020-12-31
DEU000970655;;DEU;;;1.00;0.00;0.00;;7.48;0.00;---;DAS002BN;DAS002BN;Dassow;;N;;N;N;N;;;WOP;;FPO, NO;4.00;0.00;Wood;;1958-04-13;MFL;1958-01-01;;2022-01-01
DEU000970656;;DEU;;;5.00;0.00;0.00;;9.43;8.68;---;LAU48;LAU48;"Lauterbach"", Rügen";;N;;N;N;N;;;GO;;GNS, LLS;67.00;0.00;Fiber/Plastic;;1992-12-15;MFL;1989-01-01;;
DEU000980300;;DEU;;;48.00;44.43;0.00;;19.33;16.75;EMILLY-SOPHIA;GRE34;GRE34;;;Y;DLZN;Y;;;;;FX;;TBB, OTB;221.00;0.00;Metal;;1973-03-01;MFL;1963-01-01;;
DEU000980602;;DEU;;;205.00;121.93;0.00;;23.86;20.40;HERINGSHAI;SH5;SH5;;;Y;DQHP;Y;;;;;FX;;OTB, PTB;478.00;0.00;Metal;;1993-06-01;MFL;1993-01-01;;2008-03-17
DEU000980604;;DEU;;;1.00;0.00;0.00;;5.06;0.00;---;BOI9N;BOI9N;;;N;;N;N;N;;;GO;;GNS, FPO;6.00;0.00;Fiber/Plastic;;2005-12-01;MFL;2005-01-01;;
DEU000980612;;DEU;;;1.00;0.00;0.00;;4.25;0.00;ERNI;KAR50N;KAR50N;;;N;;N;;;;;FX;;GNS, LLS;10.00;0.00;Fiber/Plastic;;2000-08-17;MFL;2000-01-01;;2015-10-16
DEU000980614;;DEU;;;1.00;0.00;0.00;;5.20;0.00;---;FRE54;FRE54;Freest;;N;;N;N;N;;;GO;;GNS, LLS;22.00;0.00;Fiber/Plastic;;1996-07-01;MFL;1996-01-01;;
DEU000980615;;DEU;;;1.00;0.00;0.00;;4.52;0.00;---;GAG31;GAG31;;;N;;N;;;;;FX;;GNS, LLS;0.00;0.00;Wood;;1996-04-26;MFL;1987-01-01;;2009-08-13
DEU000980617;;DEU;;;1.00;0.00;0.00;;4.55;0.00;---;VIT38N;VIT38N;Vitte;;N;;N;N;N;;;GO;;GNS, FPO;19.00;0.00;Fiber/Plastic;;2016-06-09;MFL;2016-01-01;;
DEU000980654;;DEU;;;0.00;1.76;0.00;;5.00;0.00;---;TAR002;TAR002;;;N;;N;;;;;FX;;GNS, LLS;11.00;0.00;;;1968-05-17;C19;;;1993-03-18
DEU000980655;;DEU;;;3.00;0.00;0.00;;8.47;8.27;JULCHEN;TAR7;TAR7;Tarnewitz;;N;;N;N;N;;;GO;;GNS, LLS;37.00;0.00;Fiber/Plastic;;1995-08-22;MFL;1987-01-01;;
DEU000980656;;DEU;;;1.00;0.00;0.00;;7.17;6.57;Scholle;ZIT2;ZIT2;Lietzow;;N;;N;N;N;;;GO;;GNS, LLS;13.00;0.00;Fiber/Plastic;;1993-02-11;MFL;1992-01-01;;
DEU000990300;;DEU;;;0.00;20.57;0.00;;15.25;14.10;BERENDINE;DIT1;DIT1;Ditzum;;Y;DCSY;N;;;;;TUB;;TBB, OTB;188.00;0.00;Wood;;1966-03-29;C11;1965-01-01;;1996-06-10
DEU000990602;;DEU;;;7.00;0.00;0.00;;9.30;9.02;STINT II;TRA16;TRA16;;;Y;DH8966;N;N;N;;;GO;;GNS, LLS;33.00;0.00;Fiber/Plastic;;1993-04-19;MFL;1993-01-01;;
DEU000990612;;DEU;;;1.00;0.00;0.00;;4.93;0.00;---;THI31;THI31;;;N;;N;N;N;;;GO;;GNS, LLS;8.00;0.00;Fiber/Plastic;;2002-02-04;MFL;2002-01-01;;
DEU000990614;;DEU;;;1.00;1.15;0.00;;4.05;0.00;---;FRE67;FRE67;;;N;;N;;;;;FX;;GNS, LLS;4.00;0.00;Fiber/Plastic;;1996-07-04;MFL;1988-01-01;;2007-12-10
DEU000990615;;DEU;;;1.00;1.93;0.00;;5.23;0.00;---;ARE16;ARE16;;;N;;N;;;;;FX;;GNS, LLS;4.00;0.00;Wood;;1997-04-14;MFL;1997-01-01;;2007-07-02
DEU000990617;;DEU;;;1.00;0.00;0.00;;5.30;0.00;---;VIT82;VIT82;Vitte;;N;;N;N;N;;;WOP;;GNS, FPO;19.00;0.00;Fiber/Plastic;;2016-11-01;MFL;2016-01-01;;
DEU000990651;;DEU;;;1.00;2.13;0.00;;5.50;0.00;---;RER012N;RER012N;;;N;;N;;;;;FX;;GNS, LLS;0.00;0.00;Wood;;1990-10-03;MFL;1990-01-01;;2007-08-16
DEU000990655;;DEU;;;1.00;0.00;0.00;;4.62;0.00;---;DAS1N;DAS1N;Dassow;;N;;N;N;N;;;GO;;GNS, FPO;5.00;0.00;Fiber/Plastic;;2008-11-27;MFL;2007-01-01;;2021-02-01
DEU000990656;;DEU;;;1.00;2.13;0.00;;5.50;0.00;---;LIZ3N;LIZ3N;;;N;;N;;;;;FX;;GNS, LLS;5.00;0.00;Metal;;1987-06-03;MFL;1987-01-01;;2010-11-26
DEU001000300;;DEU;;;0.00;21.69;0.00;;15.30;14.10;ANNAEUS BRUHNS;DIT2;DIT2;;;Y;DCIC;N;;;;;FX;;TBB, OTB;110.00;0.00;;;1971-04-15;4;;;1996-07-23
DEU001000602;;DEU;;;1.00;0.00;0.00;;4.80;0.00;---;SAS28A;SAS28A;;;N;;N;;;;;FX;;GNS, NO;0.00;0.00;Wood;;1975-07-06;MFL;1975-01-01;;2007-02-05
DEU001000612;;DEU;;;1.00;0.00;0.00;;4.26;0.00;---;KZI27N;KZI27N;;;N;;N;N;N;;;GO;;GNS, LLS;4.00;0.00;Fiber/Plastic;;2003-07-11;MFL;1981-01-01;;
DEU001000614;;DEU;;;3.00;3.97;0.00;;7.50;7.42;STUEBBER;FRE68;FRE68;;;N;;N;;;;;FX;;GNS, LLS;22.00;0.00;;;1996-09-02;4C1;;;2000-02-10
DEU001000615;;DEU;;;1.00;0.00;0.00;;4.20;0.00;---;GAG17;GAG17;;;N;;N;;;;;FX;;GNS, LLS;4.00;0.00;Fiber/Plastic;;1998-03-26;MFL;1998-01-01;;2007-03-02
DEU001000617;;DEU;;;1.00;0.00;0.00;;5.30;0.00;---;VIT83;VIT83;;;N;;N;N;N;;;WOP;;FPO, GNS;19.00;0.00;Fiber/Plastic;;2017-09-08;MFL;2017-01-01;;
DEU001000651;;DEU;;;1.00;2.09;0.00;;5.49;0.00;NORDSTERN;RER12BN;RER12BN;;;N;;N;;;;;FX;;GNS, LLS;6.00;0.00;Fiber/Plastic;;1990-10-03;MFL;1990-01-01;;2009-04-28
DEU001000656;;DEU;;;1.00;2.13;0.00;;5.50;0.00;---;LI7N;LI7N;;;N;;N;;;;;FX;;GNS, NO;6.00;0.00;;;1986-04-30;4C1;;;1998-07-30
DEU001010300;;DEU;;;21.00;20.57;0.00;;15.39;13.80;JAN JANSHEN BRUHNS;CUX2;CUX2;Cuxhaven;;Y;DCSR;Y;;;;;TUB;;TBB, OTB;151.00;0.00;Wood;;1965-12-03;MFL;1965-01-01;;2008-10-20
DEU001010400;;DEU;;;0.00;49.89;0.00;;20.56;18.95;ODIN I;ABH3;ABH3;Brake;;Y;DJCG;N;;;;;TUB;;TBB, NK;219.00;0.00;Metal;;1986-09-01;C12;1963-01-01;;1992-08-17
DEU001010602;;DEU;;;2.00;1.80;0.00;;5.05;0.00;---;SAS2N;SAS2N;;;N;;N;;;;;FX;;GNS, LLS;17.00;0.00;;;1991-02-12;4C1;;1997-09-12;
DEU001010612;;DEU;;;3.00;0.00;0.00;;6.76;0.00;---;THI26;THI26;Thiessow;;N;;N;N;N;;;GO;;GNS, LLS;23.00;0.00;Wood;;2003-12-11;MFL;2003-01-01;;2022-05-03
DEU001010614;;DEU;;;1.00;1.76;0.00;;5.00;0.00;---;FRE70N;FRE70N;;;N;;N;;;;;FX;;GNS, LLS;11.00;0.00;Fiber/Plastic;;1997-09-04;MFL;1997-01-01;;2010-06-15
DEU001010615;;DEU;;;1.00;1.13;0.00;;4.00;0.00;---;GAG32N;GAG32N;;;N;;N;;;;;FX;;GNS, LLS;4.00;0.00;Fiber/Plastic;;1998-05-26;MFL;1998-01-01;;2011-12-31
DEU001010617;;DEU;;;1.00;0.00;0.00;;5.30;0.00;---;VIT90N;VIT90N;Vitte;;N;;N;N;N;;;GO;;GNS, FPO;22.00;0.00;Fiber/Plastic;;2020-03-01;MFL;2020-01-01;;
DEU001010652;;DEU;;;0.00;5.26;0.00;;9.00;0.00;RAMONA;POE003;POE003;;;N;;N;;;;;FX;;GNS, LLS;37.00;0.00;;;1965-01-02;C19;;;1995-03-07
DEU001010656;;DEU;;;1.00;1.28;0.00;;4.32;0.00;---;BUS3;BUS3;;;N;;N;;;;;FX;;GNS, NO;6.00;0.00;Wood;;1971-03-09;MFL;1971-01-01;;2007-08-13
DEU001020300;;DEU;;;21.00;20.57;0.00;;15.17;13.80;NORDSEE;NOR213;NOR213;Norddeich;;Y;DCPV;Y;;;;;TUB;;TBB, OTB;214.00;0.00;Wood;;1964-09-13;MFL;1964-01-01;;2008-08-26
DEU001020602;;DEU;;;1.00;0.00;0.00;;4.88;0.00;---;SAS13N;SAS13N;;;N;;N;;;;;FX;;GNS, LLS;10.00;0.00;Fiber/Plastic;;1991-02-26;MFL;1991-01-01;;2007-02-13
DEU001020612;;DEU;;;12.00;0.00;0.00;;9.00;7.50;GRAF;THI4;THI4;Thiessow;;N;;N;N;N;;;LL;;LLS, GNS;135.00;0.00;Metal;;2004-09-29;MFL;2004-01-01;2022-03-14;
DEU001020614;;DEU;;;1.00;1.13;0.00;;4.05;0.00;---;FRE72;FRE72;;;N;;N;;;;;FX;;GNS, LLS;5.00;0.00;Fiber/Plastic;;1998-05-14;MFL;1986-01-01;;2008-03-25
DEU001020615;;DEU;;;1.00;1.20;0.00;;4.70;0.00;---;GAG26;GAG26;;;N;;N;;;;;FX;;GNS, LLS;7.00;0.00;Fiber/Plastic;;1998-07-22;MFL;1998-01-01;;2007-11-13
DEU001020617;;DEU;;;1.00;0.00;0.00;;4.70;0.00;---;VIT84N;VIT84N;Vitte;;N;;N;N;N;;;GO;;LLS, FPO;22.00;0.00;Fiber/Plastic;;2022-08-01;MFL;2009-01-01;;
DEU001020651;;DEU;;;1.00;1.43;0.00;;4.50;0.00;---;RER002A;RER002A;;;N;;N;;;;;FX;;GNS;0.00;0.00;;;1983-10-19;4C1;;;2000-07-20
DEU001020656;;DEU;;;1.00;0.00;0.00;;4.56;0.00;---;POL3A;POL3A;;;N;;N;N;N;;;GO;;GNS, LLS;15.00;0.00;Fiber/Plastic;;1991-12-31;MFL;1984-01-01;;2018-02-20
DEU001030300;;DEU;;;0.00;20.57;0.00;;15.25;14.01;HEIKE;DIT6;DIT6;Ditzum;;Y;DCRE;N;;;;;TUB;;TBB, OTB;170.00;0.00;Wood;;1965-03-04;C11;1964-01-01;;1996-04-09
DEU001030602;;DEU;;;1.00;2.37;0.00;;5.80;0.00;---;SAS11N;SAS11N;;;N;;N;;;;;FX;;GNS, LLS;23.00;0.00;;;1991-07-11;C19;;;1995-09-01
DEU001030612;;DEU;;;1.00;0.00;0.00;;4.22;0.00;---;KZI28N;KZI28N;;;N;;N;N;N;;;GO;;GNS, LLS;5.00;0.00;Fiber/Plastic;;2005-03-22;MFL;2000-01-01;;
DEU001030614;;DEU;;;2.00;0.00;0.00;;8.25;0.00;---;KAM13;KAM13;Kamminke;;N;;N;N;N;;;GO;;GNS, LLS;44.00;0.00;Fiber/Plastic;;1999-12-08;MFL;1979-01-01;;
DEU001030615;;DEU;;;1.00;0.00;0.00;;4.88;0.00;---;ARE19N;ARE19N;Gager;;N;;N;N;N;;;GO;;GNS, LLS;11.00;0.00;Fiber/Plastic;;1997-02-18;MFL;1997-01-01;;
DEU001030651;;DEU;;;1.00;1.77;0.00;;5.00;0.00;---;RER040A;RER040A;;;N;;N;;;;;FX;;GNS;0.00;0.00;;;1985-04-14;4C1;;;1998-07-22
DEU001030656;;DEU;;;1.00;2.13;0.00;;5.50;0.00;---;LIZ1N;LIZ1N;;;N;;N;;;;;FX;;GNS, LLS;6.00;0.00;Fiber/Plastic;;1998-07-30;MFL;1986-01-01;;2008-12-08
DEU001040300;;DEU;;;0.00;3.64;0.00;;8.00;6.96;LINY;DIT7;DIT7;;;N;;N;;;;;FX;;GNS, NO;16.00;0.00;;;1973-10-01;C19;;;1992-08-17
DEU001040602;;DEU;;;1.00;0.00;0.00;;5.50;0.00;---;SAS14N;SAS14N;;;N;;N;;;;;FX;;GNS, LLS;7.00;0.00;Wood;;1991-10-29;MFL;1991-01-01;;2007-02-05
DEU001040612;;DEU;;;1.00;0.00;0.00;;5.05;0.00;---;VIT87;VIT87;Vitte;;N;;N;N;N;;;GO;;GNS, LLS;30.00;0.00;Fiber/Plastic;;2006-02-01;MFL;2005-01-01;;
DEU001040614;;DEU;;;1.00;0.00;0.00;;4.20;0.00;---;FRE73;FRE73;;;N;;N;;;;;FX;;GNS, LLS;6.00;0.00;Fiber/Plastic;;2000-01-24;MFL;1984-01-01;;2011-09-19
DEU001040615;;DEU;;;1.00;1.10;0.00;;4.39;0.00;---;GAG37Z;GAG37Z;;;N;;N;;;;;FX;;GNS, NK;3.00;0.00;Fiber/Plastic;;1999-06-01;MFL;1999-01-01;;2003-05-05
DEU001040651;;DEU;;;0.00;0.72;0.00;;3.20;0.00;---;RER025A;RER025A;;;N;;N;;;;;FX;;GNS;0.00;0.00;;;1965-03-19;C19;;;1994-10-12
DEU001040656;;DEU;;;1.00;0.00;0.00;;3.90;0.00;---;LIZ4;LIZ4;;;N;;N;;;;;FX;;GNS, LLS;8.00;0.00;Fiber/Plastic;;2001-10-26;MFL;2001-01-01;;2015-10-02
DEU001050300;;DEU;;;0.00;3.64;0.00;;8.00;6.96;VENUS;DIT8;DIT8;;;N;;N;;;;;FX;;GNS, NO;21.00;0.00;;;1973-10-01;C19;;;1992-08-17
DEU001050602;;DEU;;;0.00;1.63;0.00;;4.80;0.00;---;SAS4N;SAS4N;;;N;;N;;;;;FX;;GNS, NK;3.00;0.00;;;1952-04-17;C19;;;1995-08-01
DEU001050612;;DEU;;;1.00;0.00;0.00;;4.30;0.00;---;KZI30;KZI30;;;N;;N;;;;;FX;;GNS, LLS;8.00;0.00;Fiber/Plastic;;2007-09-20;MFL;2006-01-01;;2013-05-13
DEU001050614;;DEU;;;1.00;0.00;0.00;;4.00;0.00;---;FRE76N;FRE76N;Freest;;N;;N;N;N;;;GO;;GNS, LLS;7.00;0.00;Fiber/Plastic;;2001-02-07;MFL;2001-01-01;;
DEU001050615;;DEU;;;1.00;0.00;0.00;;4.63;0.00;---;LAU36N;LAU36N;;;N;;N;;;;;FX;;GNS, LLS;4.00;0.00;Fiber/Plastic;;1999-12-11;MFL;1999-01-01;;2008-05-05
DEU001050651;;DEU;;;1.00;0.00;0.00;;4.60;0.00;---;RER028AN;RER028AN;;;N;;N;N;N;;;GO;;GNS, LLS;6.00;0.00;Wood;;1950-07-16;MFL;1950-01-01;;2018-01-01
DEU001050656;;DEU;;;1.00;0.00;0.00;;4.20;0.00;---;ZIT3N;ZIT3N;Lietzow;;N;;N;N;N;;;GO;;GNS, LLS;2.00;0.00;Fiber/Plastic;;2001-12-12;MFL;1994-01-01;;2022-11-21
DEU001060300;;DEU;;;0.00;3.64;0.00;;8.00;6.96;DOLLART;DIT10;DIT10;;;N;;N;;;;;FX;;GNS, NO;22.00;0.00;;;1973-10-01;C19;;;1992-08-17
DEU001060602;;DEU;;;2.00;0.00;0.00;;7.86;0.00;KÄTHE HENKE;SAS72;SAS72;Sassnitz;;N;;N;N;N;;;LL;;LLS, FPO;27.00;0.00;Fiber/Plastic;;1991-01-10;MFL;1982-01-01;;
DEU001060612;;DEU;;;1.00;0.00;0.00;;5.23;0.00;---;THI33;THI33;Thiessow;;N;;N;N;N;;;GO;;GNS, LLS;0.00;0.00;Wood;;2009-01-21;MFL;1987-01-01;;
DEU001060614;;DEU;;;1.00;0.00;0.00;;4.25;0.00;---;FRE77N;FRE77N;;;N;;N;;;;;FX;;GNS, LLS;7.00;0.00;Fiber/Plastic;;2001-02-07;MFL;1999-01-01;;
DEU001060615;;DEU;;;9.00;0.00;0.00;;10.25;8.90;UTE;ARE5N;ARE5N;Gager;;Y;DBQY;N;N;N;;;GO;;GNS, LLS;125.00;0.00;Other;;2000-02-22;MFL;2000-01-01;;2024-12-31
DEU001060651;;DEU;;;1.00;1.43;0.00;;4.50;0.00;---;RER036A;RER036A;;;N;;N;;;;;FX;;GNS, LLS;11.00;0.00;Wood;;1970-07-13;MFL;1970-01-01;;2003-02-03
DEU001060656;;DEU;;;1.00;0.00;0.00;;5.20;0.00;---;LIZ8;LIZ8;;;N;;N;;;;;FX;;GNS, LLS;7.00;0.00;Metal;;2002-12-16;MFL;1982-01-01;;2005-09-29
DEU001070300;;DEU;;;0.00;3.36;0.00;;6.90;6.00;GRETCHEN;DIT14;DIT14;;;N;;N;;;;;FX;;GNS, NO;21.00;0.00;;;1971-03-15;C19;;;1992-08-17
DEU001070602;;DEU;;;1.00;0.00;0.00;;4.56;0.00;---;POE45N;POE45N;;;N;;N;;;;;FX;;GNS, LLS;17.00;0.00;Fiber/Plastic;;1995-08-01;MFL;1994-01-01;;2009-12-01
DEU001070612;;DEU;;;1.00;0.00;0.00;;5.03;0.00;---;KZI7N;KZI7N;Thiessow;;N;;N;N;N;;;GO;;GNS, LLS;22.00;0.00;Fiber/Plastic;;2011-09-30;MFL;2010-01-01;;
DEU001070614;;DEU;;;2.00;0.00;0.00;;7.04;0.00;---;FRE80;FRE80;;;N;;N;;;;;FX;;GNS, LLS;26.00;0.00;Wood;;2002-03-05;MFL;1977-01-01;;2009-03-13
DEU001070615;211548100;DEU;;;10.00;0.00;0.00;;10.74;9.74;STRANDE II;SK2;SK2;Strande;;Y;DBQZ;N;N;Y;;;GO;;GNS, LLS;113.00;0.00;Fiber/Plastic;;2000-02-24;MFL;2000-01-01;;2022-10-25
DEU001070651;;DEU;;;1.00;0.00;0.00;;4.55;0.00;---;RER008A;RER008A;;;N;;N;;;;;FX;;GNS, NK;11.00;0.00;Fiber/Plastic;;1960-06-19;MFL;1960-01-01;;2007-01-31
DEU001070656;;DEU;;;1.00;0.00;0.00;;4.37;0.00;---;POL9;POL9;;;N;;N;;;;;FX;;GNS, LLS;31.00;0.00;Fiber/Plastic;;2004-10-20;MFL;2003-01-01;;2014-05-06
DEU001080300;;DEU;;;0.00;3.36;0.00;;6.90;6.00;DELPHIN;DIT15;DIT15;;;N;;N;;;;;FX;;GNS, NO;21.00;0.00;;;1971-03-15;C19;;;1992-08-17
DEU001080602;;DEU;;;2.00;4.36;0.00;;6.80;0.00;---;SAS12N;SAS12N;;;N;;N;;;;;FX;;GNS, NK;18.00;0.00;Fiber/Plastic;;1995-09-04;MFL;1966-01-01;;2003-04-10
DEU001080612;;DEU;;;1.00;0.00;0.00;;5.48;0.00;---;THI50;THI50;Thiessow;;N;;N;N;N;;;GO;;GNS, FPO;29.00;0.00;Fiber/Plastic;;2012-01-11;MFL;2011-01-01;;
DEU001080614;;DEU;;;1.00;0.00;0.00;;5.00;0.00;---;FRE79N;FRE79N;;;N;;N;N;N;;;GO;;GNS, FPO;13.00;0.00;Fiber/Plastic;;2002-03-11;MFL;2002-01-01;;
DEU001080615;;DEU;;;5.00;0.00;0.00;;8.41;7.56;CHRISTINE;GZI14;GZI14;Gager;;N;;N;N;N;;;GO;;GNS, LLS;42.00;0.00;Fiber/Plastic;;2000-07-11;MFL;2000-01-01;;
DEU001080651;;DEU;;;0.00;0.86;0.00;;3.50;0.00;---;RER004A;RER004A;;;N;;N;;;;;FX;;GNS;0.00;0.00;;;1986-10-17;C19;;;1994-08-09
DEU001080656;;DEU;;;1.00;0.00;0.00;;5.50;0.00;---;GLO34;GLO34;Glowe;;N;;N;N;N;;;GO;;GNS, FPO;38.00;0.00;Fiber/Plastic;;2005-08-22;MFL;2000-01-01;;
DEU001090300;;DEU;;;50.00;36.49;0.00;;19.69;17.76;JAN BRUHNS;DIT18;DIT18;;;Y;DETV;Y;;;;;FX;;TBB, OTB;217.00;0.00;Metal;;1983-10-10;MFL;1983-01-01;;
DEU001090602;;DEU;;;85.00;85.00;0.00;;17.58;15.45;BELUGA;SAS104;SAS104;;;Y;DQLK;N;;;;;FX;;OTM, OTB;219.00;0.00;;;1996-05-28;4C3;;2001-11-08;
DEU001090612;;DEU;;;1.00;0.00;0.00;;5.42;0.00;---;AHL42;AHL42;Ahlbeck;;N;;N;N;N;;;GO;;GNS, LLS;29.00;0.00;Fiber/Plastic;;2013-09-04;MFL;2011-01-01;;2022-05-09
DEU001090614;;DEU;;;1.00;0.00;0.00;;5.06;0.00;---;SPA18;SPA18;;;N;;N;N;N;;;GO;;GNS, LLS;22.00;0.00;Fiber/Plastic;;2002-10-01;MFL;2002-01-01;;2019-12-31
DEU001090615;;DEU;;;1.00;0.00;0.00;;4.05;0.00;---;GZI13;GZI13;;;N;;N;N;N;;;GO;;GNS, LLS;3.00;0.00;Fiber/Plastic;;2000-10-09;MFL;1986-01-01;;2020-09-28
DEU001090651;;DEU;;;1.00;0.00;0.00;;4.10;0.00;---;RER009AN;RER009AN;;;N;;N;;;;;FX;;GNS;0.00;0.00;Wood;;1968-08-17;MFL;1968-01-01;;2006-12-22
DEU001090656;;DEU;;;1.00;0.00;0.00;;4.62;0.00;---;LIZ11;LIZ11;;;N;;N;;;;;FX;;LLS, FPO;7.00;0.00;Fiber/Plastic;;2005-09-29;MFL;2001-01-01;;2008-06-06
DEU001100602;;DEU;;;1.00;1.43;0.00;;4.50;0.00;---;SAS22N;SAS22N;;;N;;N;;;;;FX;;GNS, LLS;7.00;0.00;Fiber/Plastic;;1996-07-01;MFL;1996-01-01;;2012-08-10
DEU001100612;;DEU;;;1.00;0.00;0.00;;4.10;0.00;---;THI32;THI32;;;N;;N;;;;;FX;;GNS, LLS;6.00;0.00;Fiber/Plastic;;2014-04-29;MFL;1987-01-01;;2016-05-10
DEU001100614;;DEU;;;1.00;0.00;0.00;;5.06;0.00;---;FRE81N;FRE81N;Freest;;N;;N;N;N;;;GO;;GNS, LLS;6.00;0.00;Fiber/Plastic;;2003-02-04;MFL;2003-01-01;;2024-09-30
DEU001100615;;DEU;;;1.00;0.00;0.00;;4.28;0.00;---;GAG40N;GAG40N;;;N;;N;N;N;;;GO;;GNS, LLS;11.00;0.00;Fiber/Plastic;;2000-12-18;MFL;2000-01-01;;2020-03-23
DEU001100651;;DEU;;;1.00;0.86;0.00;;4.00;0.00;---;RER017AN;RER017AN;;;N;;N;;;;;FX;;GNS;6.00;0.00;Wood;;1984-06-13;MFL;1984-01-01;;2007-11-06
DEU001100656;;DEU;;;1.00;0.00;0.00;;4.32;0.00;---;LIZ13N;LIZ13N;Lietzow;;N;;N;N;N;;;GO;;GNS, LLS;7.00;0.00;Fiber/Plastic;;2008-06-06;MFL;2007-01-01;;
DEU001110300;;DEU;;;119.00;0.00;0.00;;23.88;22.32;LINE;SC21;SC21;;;Y;DFPN;Y;;;;;FX;;TBB, OTB;221.00;0.00;Metal;;1971-12-06;MFL;1971-01-01;;2017-02-21
DEU001110602;;DEU;;;1.00;1.76;0.00;;5.00;0.00;---;SAS23N;SAS23N;;;N;;N;;;;;FX;;GNS, LLS;5.00;0.00;Wood;;1996-07-01;MFL;1996-01-01;;2006-01-11
DEU001110612;;DEU;;;1.00;0.00;0.00;;5.60;0.00;---;THI57;THI57;;;N;;N;N;N;;;GO;;GNS, LLS;44.00;0.00;Fiber/Plastic;;2018-06-22;MFL;2013-01-01;;
DEU001110614;;DEU;;;1.00;0.00;0.00;;5.06;0.00;---;FRE83N;FRE83N;;;N;;N;N;N;;;GO;;GNS, LLS;18.00;0.00;Fiber/Plastic;;2003-05-20;MFL;2003-01-01;;
DEU001110615;;DEU;;;1.00;0.00;0.00;;4.00;0.00;NIXE;GAG41Z;GAG41Z;;;N;;N;;;;;FX;;GNS, LLS;5.00;0.00;Fiber/Plastic;;2002-01-02;MFL;1994-01-01;;2008-12-09
DEU001110651;;DEU;;;1.00;1.76;0.00;;5.00;0.00;---;RER033A;RER033A;;;N;;N;;;;;FX;;GNS, NK;15.00;0.00;Wood;;1985-02-13;MFL;1985-01-01;;2004-06-07
DEU001110656;;DEU;;;1.00;0.00;0.00;;4.15;0.00;---;LIZ14;LIZ14;Lietzow;;N;;N;N;N;;;LL;;LLS, FPO;11.00;0.00;Fiber/Plastic;;2012-12-14;MFL;1989-01-01;;
DEU001120300;;DEU;;;0.00;87.63;0.00;;24.33;22.85;NIEDERSACHSEN;NG3;NG3;;;Y;DFOX;N;;;;;FX;;OTB, OTM;383.00;0.00;;;1968-05-14;G16;;;
DEU001120602;;DEU;;;1.00;1.00;0.00;;6.00;0.00;---;SAS21N;SAS21N;;;N;;N;;;;;FX;;GNS, LLS;6.00;0.00;Wood;;1996-07-01;MFL;1955-01-01;;2013-07-05
DEU001120612;;DEU;;;1.00;0.00;0.00;;5.06;0.00;---;THI58N;THI58N;Thiessow;;N;;N;N;N;;;GO;;GNS, LLS;11.00;0.00;Fiber/Plastic;;2019-03-07;MFL;2018-01-01;;
DEU001120614;;DEU;;;1.00;0.00;0.00;;4.25;0.00;---;FRE84;FRE84;;;N;;N;;;;;FX;;GNS, LLS;9.00;0.00;Fiber/Plastic;;2003-08-05;MFL;1979-01-01;;2006-07-25
DEU001120615;;DEU;;;1.00;0.00;0.00;;5.21;0.00;---;GAG42N;GAG42N;;;N;;N;;;;;FX;;GNS, LLS;7.00;0.00;Wood;;2002-03-14;MFL;1979-01-01;;2007-12-27
DEU001120651;;DEU;;;0.00;1.02;0.00;;3.80;0.00;---;RER013A;RER013A;;;N;;N;;;;;FX;;GNS;0.00;0.00;;;1980-04-02;C19;;;1994-10-24
DEU001120656;;DEU;;;1.00;0.00;0.00;;4.80;0.00;---;LIZ15;LIZ15;Lietzow;;N;;N;N;N;;;GO;;GNS, LLS;29.00;0.00;Fiber/Plastic;;2013-06-03;MFL;2013-01-01;;
DEU001130300;;DEU;;;20.00;18.79;0.00;;14.96;13.76;ELTJE LOODEN;SW1;SW1;;;Y;DCKC;Y;;;;;FX;;TBB, OTB;213.00;0.00;Wood;;1958-01-10;MFL;1957-01-01;;
DEU001130602;;DEU;;;1.00;1.00;0.00;;4.56;0.00;---;SAS24N;SAS24N;;;N;;N;;;;;FX;;GNS, LLS;11.00;0.00;Fiber/Plastic;;1996-08-30;MFL;1993-01-01;;2007-06-11
DEU001130612;;DEU;;;2.00;0.00;0.00;;6.20;0.00;---;THI59;THI59;Thiessow;;N;;N;N;N;;;GO;;GNS, LLS;85.00;0.00;Fiber/Plastic;;2020-05-14;MFL;2020-01-01;;
DEU001130614;;DEU;;;7.00;0.00;0.00;;9.75;0.00;---;FRE91;FRE91;;;N;;N;;;;;FX;;GNS, LLS;65.00;0.00;Metal;;2004-11-11;MFL;2004-01-01;;2011-12-19
DEU001130615;;DEU;;;1.00;0.00;0.00;;5.32;0.00;---;GZI8;GZI8;;;N;;N;;;;;FX;;GNS, LLS;5.00;0.00;Wood;;2003-12-15;MFL;1981-01-01;;2013-12-06
DEU001130653;;DEU;;;0.00;1.76;0.00;;5.00;0.00;---;POE025A;POE025A;;;N;;N;;;;;FX;;GNS;0.00;0.00;;;1987-10-19;C19;;;1994-07-27
DEU001130656;;DEU;;;1.00;0.00;0.00;;5.51;0.00;---;POL1;POL1;;;N;;N;N;N;;;GO;;GNS, LLS;37.00;0.00;Fiber/Plastic;;2014-05-06;MFL;2014-01-01;;
DEU001140300;;DEU;;;21.00;20.57;0.00;;15.55;13.80;EDDE;GRE1;GRE1;;;Y;DCSJ;Y;;;;;FX;;TBB, OTB;146.00;0.00;Wood;;1965-06-01;MFL;1965-01-01;;
DEU001140602;;DEU;;;9.00;7.88;0.00;;10.20;9.48;CINDY;SAS27;SAS27;;;N;;N;;;;;FX;;GNS, LLS;99.00;0.00;;;1997-03-14;4C1;;;2002-11-11
DEU001140612;;DEU;;;1.00;0.00;0.00;;4.32;0.00;---;THI60;THI60;Thiessow;;N;;N;N;N;;;GO;;GNS, LLS;6.00;0.00;Fiber/Plastic;;2021-09-08;MFL;2005-01-01;;
DEU001140614;;DEU;;;26.00;0.00;0.00;;14.75;0.00;BRIGITTE II;FRE93;FRE93;;;N;;N;;;;;FX;;GNS, OTB;100.00;0.00;Wood;;2005-11-14;MFL;1939-01-01;;
DEU001140615;;DEU;;;1.00;0.00;0.00;;4.70;0.00;SEESTERN;SPA3;SPA3;Freest;;N;;N;N;N;;;GO;;GNS, LLS;18.00;0.00;Fiber/Plastic;;2004-06-18;MFL;2004-01-01;;
DEU001140651;;DEU;;;1.00;0.00;0.00;;3.75;0.00;---;RER12AN;RER12AN;;;N;;N;;;;;FX;;GNS, LLS;4.00;0.00;Wood;;1988-07-16;MFL;1988-01-01;;2017-01-01
DEU001140656;;DEU;;;1.00;0.00;0.00;;7.20;0.00;---;LIZ16;LIZ16;Lietzow;;N;;N;N;N;;;GO;;GNS, LLS;11.00;0.00;Metal;;2015-10-02;MFL;1983-01-01;;2021-10-20
DEU001150300;;DEU;;;55.00;0.00;0.00;;19.90;18.05;HORIZONT;CUX16;CUX16;;;Y;DCMU;Y;;;;;FX;;TBB, OTB;221.00;0.00;Metal;;1984-05-22;MFL;1984-01-01;;
DEU001150602;;DEU;;;2.00;0.00;0.00;;6.65;0.00;---;ZEW26N;ZEW26N;;;N;;N;;;;;FX;;GNS, LLS;28.00;0.00;Fiber/Plastic;;1997-11-01;MFL;1978-01-01;;
DEU001150614;;DEU;;;1.00;0.00;0.00;;5.06;0.00;---;FRE58N;FRE58N;;;N;;N;;;;;FX;;GNS, FPO;18.00;0.00;Fiber/Plastic;;2007-01-24;MFL;2007-01-01;;
DEU001150615;;DEU;;;1.00;0.00;0.00;;4.08;0.00;---;GAG44N;GAG44N;;;N;;N;;;;;FX;;GNS, LLS;10.00;0.00;Fiber/Plastic;;2004-07-30;MFL;1988-01-01;;2006-05-29
DEU001150651;;DEU;;;0.00;2.38;0.00;;5.80;0.00;---;RER006;RER006;;;N;;N;;;;;FX;;GNS, LLS;3.00;0.00;;;1948-05-14;C19;;1992-08-19;
DEU001150654;;DEU;;;1.00;0.00;0.00;;4.00;0.00;---;TAR008A;TAR008A;;;N;;N;;;;;FX;;GNS, LLS;0.00;0.00;Fiber/Plastic;;1970-07-14;MFL;1970-01-01;;2017-04-01
DEU001150656;;DEU;;;1.00;0.00;0.00;;5.53;0.00;---;POL10;POL10;Glowe;;N;;N;N;N;;;GO;;GNS, LLS;45.00;0.00;Fiber/Plastic;;2015-11-27;MFL;2000-01-01;;
DEU001160300;;DEU;;;45.00;0.00;0.00;;16.97;15.26;PIROLA;NOR202;NOR202;;;Y;DCIL;Y;;;;;FX;;TBB, OTB;216.00;0.00;Metal;;1987-07-31;MFL;1987-01-01;;
DEU001160602;;DEU;;;24.00;27.45;0.00;;11.60;9.99;BÃ¤RBEL;SH17;SH17;;;Y;DMOL;N;;;;;FX;;OTB, PTB;220.00;0.00;Metal;;1997-11-18;MFL;1997-01-01;;
DEU001160614;;DEU;;;1.00;0.00;0.00;;5.06;0.00;---;ANK6N;ANK6N;Lassan;;N;;N;N;N;;;GO;;GNS, FPO;19.00;0.00;Fiber/Plastic;;2007-02-06;MFL;2007-01-01;;2022-12-31
DEU001160615;;DEU;;;1.00;0.00;0.00;;6.02;0.00;---;GZI21;GZI21;;;N;;N;;;;;FX;;GNS, LLS;0.00;0.00;Wood;;2004-12-01;MFL;1986-01-01;;2014-05-21
DEU001160654;;DEU;;;0.00;1.13;0.00;;4.00;0.00;---;TAR002A;TAR002A;;;N;;N;;;;;FX;;GNS;6.00;0.00;;;1972-06-14;C19;;;1993-03-18
DEU001160656;;DEU;;;2.00;0.00;0.00;;6.30;0.00;---;LIZ18;LIZ18;Lietzow;;N;;N;N;N;;;GO;;GNS, LLS;15.00;0.00;Fiber/Plastic;;2018-04-01;MFL;1998-01-01;;
DEU001170300;;DEU;;;30.00;29.09;0.00;;15.96;15.04;ALBATROS;CUX11;CUX11;;;Y;DCJJ;Y;;;;;FX;;TBB, OTB;184.00;0.00;Wood;;1971-03-15;MFL;1971-01-01;;2015-07-14
DEU001170602;;DEU;;;1.00;1.10;0.00;;3.80;0.00;---;LIZ6;LIZ6;;;N;;N;;;;;FX;;GNS, LLS;6.00;0.00;Fiber/Plastic;;1998-03-06;MFL;1992-01-01;;2004-03-15
DEU001170614;;DEU;;;1.00;0.00;0.00;;4.55;0.00;---;FRE17;FRE17;Freest;;N;;N;N;N;;;GO;;GNS, FPO;30.00;0.00;Fiber/Plastic;;2007-12-10;MFL;2007-01-01;;
DEU001170615;;DEU;;;1.00;0.00;0.00;;4.70;0.00;---;GAG45N;GAG45N;;;N;;N;N;N;;;GO;;GNS, LLS;11.00;0.00;Fiber/Plastic;;2005-01-10;MFL;2004-01-01;;2019-10-22
DEU001170654;;DEU;;;1.00;0.00;0.00;;4.50;0.00;---;TAR005AN;TAR005AN;;;N;;N;;;;;FX;;GNS, NK;5.00;0.00;Fiber/Plastic;;1960-07-19;MFL;1960-01-01;;2016-01-01
DEU001170656;;DEU;;;1.00;0.00;0.00;;5.60;0.00;---;POL11;POL11;Lietzow;;N;;N;N;N;;;GO;;GNS, LLS;30.00;0.00;Fiber/Plastic;;2018-02-20;MFL;1983-01-01;;
DEU001180300;211667470;DEU;;;43.00;0.00;0.00;;17.12;15.24;ARGUS;SU10;SU10;Husum;;Y;DCCH;Y;Y;Y;;;TU;;TBB, OTB;221.00;0.00;Metal;;1979-04-22;MFL;1979-01-01;;
DEU001180602;;DEU;;;15.00;0.00;0.00;;11.83;9.99;Neptun;SH11;SH11;Heiligenhafen;;Y;DFGA;N;N;Y;;;TTW;;OTB, GNS;133.00;0.00;Fiber/Plastic;;1999-02-03;MFL;1999-01-01;;
DEU001180604;;DEU;;;1.00;1.13;0.00;;4.27;0.00;---;WIS004A;WIS004A;;;N;;N;;;;;FX;;GNS;4.00;0.00;Fiber/Plastic;;1980-05-07;MFL;1980-01-01;;2013-03-27
DEU001180614;;DEU;;;3.00;0.00;0.00;;7.43;0.00;---;FRE89;FRE89;Freest;;N;;N;N;N;;;GO;;GNS, LLS;37.00;0.00;Fiber/Plastic;;2009-03-13;MFL;1998-01-01;;2024-05-31
DEU001180615;;DEU;;;1.00;0.00;0.00;;6.30;0.00;---;KUEH3;KUEH3;;;N;;N;N;N;;;GO;;GNS, LLS;22.00;0.00;Fiber/Plastic;;2006-02-09;MFL;1984-01-01;;
DEU001180656;;DEU;;;1.00;0.00;0.00;;5.50;0.00;---;LIZ20;LIZ20;Lietzow;;N;;N;N;N;;;GO;;GNS, LLS;30.00;0.00;Fiber/Plastic;;2018-06-12;MFL;2017-01-01;;
DEU001190300;;DEU;;;21.00;20.57;0.00;;15.38;14.00;SPERBER;HAR3;HAR3;Harlesiel;;Y;DCVF;Y;;;;;TUB;;TBB, OTB;146.00;0.00;Wood;;1967-06-01;MFL;1967-01-01;;2009-02-18
DEU001190602;;DEU;;;2.00;0.00;0.00;;7.20;0.00;---;SAS17N;SAS17N;;;N;;N;;;;;FX;;GNS, LLS;18.00;0.00;;;1999-09-01;4C1;;;2001-03-20
DEU001190604;;DEU;;;1.00;0.00;0.00;;5.00;0.00;---;POE41N;POE41N;;;N;;N;;;;;FX;;GNS, FPO;3.00;0.00;Wood;;1970-03-19;MFL;1970-01-01;;2013-05-13
DEU001190614;;DEU;;;1.00;0.00;0.00;;5.06;0.00;---;SAS86;SAS86;Sassnitz;;N;;N;N;N;;;GO;;GNS, LLS;22.00;0.00;Fiber/Plastic;;2009-05-11;MFL;2009-01-01;;
DEU001190615;;DEU;;;1.00;0.00;0.00;;4.95;0.00;---;GAG46;GAG46;;;N;;N;;;;;FX;;GNS, LLS;11.00;0.00;Fiber/Plastic;;2006-06-13;MFL;1966-01-01;;2009-01-23
DEU001190656;;DEU;;;1.00;0.00;0.00;;4.00;0.00;---;UMM56;UMM56;Ummanz;;N;;N;N;N;;;GO;;GNS, FPO;4.00;0.00;Fiber/Plastic;;2018-06-19;MFL;2000-01-01;;
DEU001200300;;DEU;;;26.00;0.00;0.00;;15.96;14.18;NORDSTERN;GRE18;GRE18;;;Y;DFRK;Y;;;;;FX;;TBB, OTB;185.00;0.00;Wood;;1975-04-17;MFL;1975-01-01;;
DEU001200602;;DEU;;;1.00;0.00;0.00;;4.20;0.00;---;SAS36Z;SAS36Z;;;N;;N;;;;;FX;;GNS, LLS;3.00;0.00;;;2000-08-05;4CZ;;;2001-08-18
DEU001200604;;DEU;;;1.00;2.13;0.00;;5.50;0.00;---;RED007A;RED007A;;;N;;N;;;;;FX;;GNS;4.00;0.00;;;1966-04-18;C19;;;1996-08-01
DEU001200614;;DEU;;;1.00;0.00;0.00;;4.10;0.00;---;FRE96;FRE96;;;N;;N;;;;;FX;;GNS, FPO;5.00;0.00;Fiber/Plastic;;2015-04-22;MFL;1979-01-01;;
DEU001200615;;DEU;;;1.00;0.00;0.00;;5.10;0.00;ELA;GZI25N;GZI25N;;;N;;N;N;N;;;GO;;GNS, LLS;11.00;0.00;Fiber/Plastic;;2008-10-28;MFL;2008-01-01;;
DEU001200656;;DEU;;;1.00;0.00;0.00;;6.05;0.00;---;POL13;POL13;;;N;;N;N;N;;;GO;;GNS, LLS;27.00;0.00;Fiber/Plastic;;2019-11-05;MFL;1995-01-01;;2020-02-18
DEU001210300;211528000;DEU;;;49.00;0.00;0.00;;20.84;18.93;KORSAR;GRE11;GRE11;;;Y;DCEJ;Y;Y;Y;;;TU;;TBB, OTB;184.00;0.00;Metal;;1980-10-10;MFL;1980-01-01;;
DEU001210602;;DEU;;;1.00;0.00;0.00;;4.88;0.00;INGEBORG;SAS30N;SAS30N;;;N;;N;;;;;FX;;GNS, LLS;4.00;0.00;Fiber/Plastic;;2000-08-25;MFL;1989-01-01;;2011-01-28
DEU001210604;;DEU;;;1.00;0.00;0.00;;5.50;4.85;---;RED001AN;RED001AN;Wismar;;N;;N;N;N;;;GO;;GNS, LLS;8.00;0.00;Wood;;1975-05-11;MFL;1975-01-01;;2021-12-01
DEU001210614;;DEU;;;1.00;0.00;0.00;;4.65;0.00;---;FRE97N;FRE97N;Freest;;N;;N;N;N;;;GO;;GNS, LLS;11.00;0.00;Fiber/Plastic;;2016-05-01;MFL;2016-01-01;;
DEU001210615;;DEU;;;1.00;0.00;0.00;;4.56;0.00;---;GAG1N;GAG1N;;;N;;N;N;N;;;GO;;GNS, LLS;11.00;0.00;Fiber/Plastic;;2009-07-10;MFL;2009-01-01;;2019-10-01
DEU001210656;;DEU;;;1.00;0.00;0.00;;4.18;0.00;---;LIZ21N;LIZ21N;Lietzow;;N;;N;N;N;;;GO;;GNS, FPO;11.00;0.00;Fiber/Plastic;;2021-10-20;MFL;2015-01-01;;
DEU001220300;;DEU;;;23.00;22.70;0.00;;15.98;14.32;CONDOR;GRE12;GRE12;;;Y;DCVO;Y;;;;;FX;;TBB, OTB;188.00;0.00;Wood;;1977-03-21;MFL;1977-01-01;;
DEU001220602;;DEU;;;1.00;0.00;0.00;;4.00;0.00;LULU;SAS19N;SAS19N;;;N;;N;;;;;FX;;GNS, LLS;5.00;0.00;Fiber/Plastic;;2000-08-23;MFL;1989-01-01;;2016-08-31
DEU001220604;;DEU;;;1.00;0.00;0.00;;5.20;0.00;---;RED8AN;RED8AN;;;N;;N;N;N;;;GO;;GNS, LLS;0.00;0.00;Wood;;1982-05-27;MFL;1982-01-01;;
DEU001220614;;DEU;;;1.00;0.00;0.00;;4.60;0.00;---;SPA6N;SPA6N;Freest;;N;;N;N;N;;;GO;;GNS, LLS;22.00;0.00;Fiber/Plastic;;2020-04-24;MFL;2003-01-01;;
DEU001220615;;DEU;;;1.00;0.00;0.00;;5.05;0.00;---;GZI9;GZI9;;;N;;N;N;N;;;GO;;GNS, LLS;7.00;0.00;Fiber/Plastic;;2009-10-21;MFL;2009-01-01;;
DEU001220656;;DEU;;;1.00;0.00;0.00;;4.24;0.00;DONNA;POL14N;POL14N;Lietzow;;N;;N;N;N;;;GO;;GNS, LLS;11.00;0.00;Fiber/Plastic;;2022-01-01;MFL;1995-01-01;;2023-01-31
DEU001230300;211495000;DEU;;;36.00;0.00;0.00;;16.29;14.62;WANGERLAND;GRE14;GRE14;Greetsiel;;Y;DCEQ;Y;Y;Y;;;TU;;TBB, OTB;180.00;0.00;Metal;;1980-04-19;MFL;1980-01-01;;
DEU001230602;;DEU;;;1.00;0.00;0.00;;6.02;0.00;---;SAS31N;SAS31N;;;N;;N;N;N;;;GO;;GNS, LLS;7.00;0.00;Fiber/Plastic;;2000-08-25;MFL;1988-01-01;;2018-11-30
DEU001230614;;DEU;;;1.00;0.00;0.00;;5.60;0.00;---;SPA24;SPA24;Freest;;N;;N;N;N;;;GO;;GNS, LLS;37.00;0.00;Fiber/Plastic;;2023-05-16;MFL;2023-01-01;;
DEU001230615;;DEU;;;1.00;0.00;0.00;;5.83;0.00;---;ARE8;ARE8;Gager;;N;;N;N;N;;;GO;;GNS, NO;0.00;0.00;Fiber/Plastic;;2017-03-15;MFL;1970-01-01;;2023-08-18
DEU001230653;;DEU;;;1.00;0.00;0.00;;4.50;0.00;---;POE022AN;POE022AN;;;N;;N;;;;;FX;;GNS, LLS;6.00;0.00;Wood;;1986-04-14;MFL;1986-01-01;;2009-12-01
DEU001230656;;DEU;;;1.00;0.00;0.00;;4.50;0.00;DONNA;POL15N;POL15N;Lietzow;;N;;N;N;N;;;GO;;GNS, LLS;11.00;0.00;Fiber/Plastic;;2023-02-01;MFL;1996-01-01;;
DEU001240300;;DEU;;;32.00;0.00;0.00;;16.80;15.24;ZWEI GEBRUEDER;GRE15;GRE15;;;Y;DCEP;Y;;;;;FX;;TBB, OTB;221.00;0.00;Metal;;1969-06-01;MFL;1969-01-01;;
DEU001240602;;DEU;;;1.00;0.00;0.00;;3.95;0.00;---;SAS38;SAS38;;;N;;N;;;;;FX;;GNS, LLS;11.00;0.00;Fiber/Plastic;;2001-02-26;MFL;2000-01-01;;2009-06-05
DEU001240614;;DEU;;;1.00;0.00;0.00;;4.90;0.00;---;SPA25;SPA25;Freest;;N;;N;N;N;;;GO;;GNS, LLS;37.00;0.00;Fiber/Plastic;;2023-06-20;MFL;1996-01-01;;
DEU001240615;;DEU;;;1.00;0.00;0.00;;4.07;0.00;---;GZI31;GZI31;Gager;;N;;N;N;N;;;GO;;GNS, LLS;2.00;0.00;Fiber/Plastic;;2018-06-01;MFL;1992-01-01;;2022-12-31
DEU001240653;;DEU;;;0.00;1.49;0.00;;4.60;0.00;---;POE027B;POE027B;;;N;;N;;;;;FX;;GNS;0.00;0.00;;;1980-03-07;4;;1996-02-21;
DEU001240656;;DEU;;;1.00;0.00;0.00;;4.11;0.00;---;LIZ22;LIZ22;Lietzow;;N;;N;N;N;;;GO;;GNS, FPO;3.00;0.00;Fiber/Plastic;;2023-07-17;MFL;2005-01-01;;
DEU001250300;;DEU;;;33.00;0.00;0.00;;17.14;15.24;ANGELIKA;GRE16;GRE16;;;Y;DCEY;Y;;;;;FX;;TBB, OTB;221.00;0.00;Metal;;1969-08-06;MFL;1969-01-01;;2016-01-13
DEU001250602;;DEU;;;1.00;0.00;0.00;;3.80;0.00;---;SAS37N;SAS37N;;;N;;N;;;;;FX;;GNS, LLS;7.00;0.00;Fiber/Plastic;;2001-05-30;MFL;1972-01-01;2003-02-15;
DEU001250615;;DEU;;;1.00;0.00;0.00;;4.55;0.00;---;GAG49N;GAG49N;;;N;;N;N;N;;;GO;;GNS, FPO;15.00;0.00;Fiber/Plastic;;2020-03-23;MFL;2020-01-01;;
DEU001250653;;DEU;;;1.00;1.62;0.00;;4.80;0.00;---;POE006AN;POE006AN;;;N;;N;;;;;FX;;FPO, GNS;4.00;0.00;Wood;;1987-04-03;MFL;1987-01-01;;2011-06-20
DEU001260300;211530000;DEU;;;33.00;0.00;0.00;;17.21;15.24;ODYSSEUS;GRE17;GRE17;Greetsiel;;Y;DCFP;Y;Y;Y;;;TU;;TBB, OTB;206.00;0.00;Metal;;1969-09-15;MFL;1969-01-01;2021-11-17;
DEU001260602;;DEU;;;2.00;0.00;0.00;;5.96;0.00;---;KOEL9;KOEL9;Koelpinsee;;N;;N;N;N;;;GO;;GNS, FPO;19.00;0.00;Fiber/Plastic;;2001-10-29;MFL;1990-01-01;;
DEU001260615;;DEU;;;1.00;0.00;0.00;;4.90;0.00;---;GAG50;GAG50;;;N;;N;N;N;;;GO;;GNS, LLS;7.00;0.00;Fiber/Plastic;;2020-11-16;MFL;1994-01-01;;
DEU001260652;;DEU;;;0.00;1.62;0.00;;4.80;0.00;---;POE010A;POE010A;;;N;;N;;;;;FX;;GNS;0.00;0.00;;;1987-04-05;4;;;1993-03-18
DEU001260653;;DEU;;;1.00;0.00;0.00;;4.50;0.00;---;POE38N;POE38N;;;N;;N;;;;;FX;;GNS, FPO;10.00;0.00;Wood;;1999-11-01;MFL;1999-01-01;;
DEU001270300;211131000;DEU;;;41.00;0.00;0.00;;19.04;16.83;HANNES KROEGER;NOR210;NOR210;Norddeich;;Y;DCVQ;Y;Y;Y;;;TU;;TBB, FPO, OTB;221.00;0.00;Metal;;1977-04-19;MFL;1976-01-01;;
DEU001270602;211474000;DEU;;;75.00;0.00;0.00;;17.35;14.99;CRAMPAS;SAS107;SAS107;Sassnitz;;Y;DBVB;Y;Y;Y;;;TTW;;OTB, OTM;219.00;0.00;Metal;;2001-11-08;MFL;2001-01-01;;
DEU001270615;;DEU;;;1.00;0.00;0.00;;4.05;0.00;---;GAG51;GAG51;Gager;;N;;N;N;N;;;GO;;FPO, GNS;4.00;0.00;Fiber/Plastic;;2021-04-01;MFL;1987-01-01;;2022-12-31
DEU001270652;;DEU;;;1.00;0.00;0.00;;5.60;0.00;---;POE66AN;POE66AN;;;N;;N;;;;;FX;;GNS, LLS;28.00;0.00;Wood;;1983-07-17;MFL;1983-01-01;;2007-01-09
DEU001270653;;DEU;;;1.00;0.00;0.00;;5.20;0.00;---;POE52N;POE52N;"Timmendorf"", Poel";;N;;N;N;N;;;GO;;GNS, LLS;23.00;0.00;Fiber/Plastic;;2000-01-14;MFL;1998-01-01;;
DEU001280300;;DEU;;;38.00;34.86;0.00;;18.41;16.26;FLAMINGO;GRE19;GRE19;;;Y;DCFW;Y;;;;;FX;;TBB, OTB;221.00;0.00;Metal;;1969-10-12;MFL;1969-01-01;;
DEU001280602;;DEU;;;31.00;0.00;0.00;;11.96;9.97;MARIKA;SAS88;SAS88;;;Y;DBRW;N;;;;;TTW;;OTB, PTB;180.00;0.00;Metal;;2001-12-17;MFL;2001-01-01;;2011-12-21
DEU001280653;;DEU;;;1.00;0.00;0.00;;4.85;0.00;---;POE002AN;POE002AN;;;N;;N;;;;;FX;;GNS, LLS;10.00;0.00;Wood;;1991-12-31;MFL;1985-01-01;;2017-11-01
DEU001290300;;DEU;;;49.00;35.29;0.00;;17.78;16.50;SECHS GEBRUEDER;GRE20;GRE20;;;Y;DCGO;Y;;;;;FX;;TBB, OTB;210.00;0.00;Wood;;1970-04-01;MFL;1969-01-01;;
DEU001290602;;DEU;;;1.00;0.00;0.00;;5.85;0.00;---;VIA4;VIA4;;;N;;N;;;;;FX;;GNS, LLS;15.00;0.00;Fiber/Plastic;;2002-09-10;MFL;2002-01-01;;
DEU001290652;;DEU;;;0.00;1.43;0.00;;4.50;0.00;---;POE001A;POE001A;;;N;;N;;;;;FX;;GNS;0.00;0.00;;;1965-07-19;C19;;;1994-06-20
DEU001290653;;DEU;;;1.00;0.00;0.00;;4.10;0.00;---;POE40;POE40;;;N;;N;;;;;FX;;GNS, LLS;10.00;0.00;Fiber/Plastic;;1976-04-11;MFL;1976-01-01;;2009-06-19
DEU001300300;211459000;DEU;;;31.00;0.00;0.00;;16.03;14.48;STURMVOGEL;DOR1;DOR1;Dorum;;Y;DCGR;Y;Y;Y;;;TU;;TBB, OTB;220.00;0.00;Metal;;1970-04-01;MFL;1970-01-01;;
DEU001300602;;DEU;;;1.00;0.00;0.00;;4.15;0.00;---;SAS46NZ;SAS46NZ;;;N;;N;;;;;FX;;GNS, LLS;5.00;0.00;Fiber/Plastic;;2003-01-17;MFL;2003-01-01;;2005-07-01
DEU001300652;;DEU;;;1.00;1.76;0.00;;5.00;0.00;---;POE048AN;POE048AN;;;N;;N;;;;;FX;;GNS, FPO;0.00;0.00;Wood;;1965-08-11;MFL;1965-01-01;;2015-06-29
DEU001300653;;DEU;;;1.00;0.00;0.00;;5.20;0.00;---;POE42N;POE42N;"Timmendorf"", Poel";;N;;N;N;N;;;GO;;GNS, FPO;10.00;0.00;Fiber/Plastic;;2000-04-13;MFL;1976-01-01;;
DEU001310300;;DEU;;;25.00;23.55;0.00;;15.96;14.38;FRIEDA-LUISE;GRE22;GRE22;;;Y;DCPU;Y;;;;;FX;;TBB, OTB;199.00;0.00;Wood;;1973-03-20;MFL;1973-01-01;;
DEU001310602;;DEU;;;1.00;0.00;0.00;;4.38;0.00;---;SAS47N;SAS47N;;;N;;N;;;;;FX;;GNS, LLS;7.00;0.00;Fiber/Plastic;;2003-02-20;MFL;2003-01-01;;2011-01-28
DEU001310652;;DEU;;;0.00;1.13;0.00;;4.00;0.00;---;POE021A;POE021A;;;N;;N;;;;;FX;;GNS;0.00;0.00;;;1985-06-14;C19;;;1994-03-01
DEU001310653;;DEU;;;1.00;0.00;0.00;;6.05;0.00;---;POE4;POE4;;;N;;N;N;N;;;GO;;GNS, LLS;8.00;0.00;Fiber/Plastic;;2000-08-03;MFL;1974-01-01;;2020-07-01
DEU001320300;211319400;DEU;;;52.00;0.00;0.00;;20.00;17.88;HEIMAT;FED14;FED14;Fedderwardersiel;;Y;DCVW;Y;Y;Y;;;TU;;TBB, OTB;216.00;0.00;Metal;;1977-04-01;MFL;1977-01-01;;
DEU001320602;;DEU;;;1.00;0.00;0.00;;5.00;0.00;---;GZI32;GZI32;Sassnitz;;N;;N;N;N;;;GO;;GNS, LLS;3.00;0.00;Fiber/Plastic;;2003-04-07;MFL;2003-01-01;;
DEU001320652;;DEU;;;0.00;1.43;0.00;;4.50;0.00;---;POE033A;POE033A;;;N;;N;;;;;FX;;GNS;0.00;0.00;;;1984-08-11;C19;;;1994-06-20
DEU001330300;211192000;DEU;;;41.00;0.00;0.00;;18.20;16.45;DELPHIN;SU9;SU9;Husum;;Y;DCME;Y;Y;Y;;;TU;;TBB, FPO, GNS;221.00;0.00;Metal;;1971-09-07;MFL;1971-01-01;;
DEU001330602;;DEU;;;1.00;0.00;0.00;;4.10;0.00;---;SAS49Z;SAS49Z;;;N;;N;;;;;FX;;GNS, LLS;4.00;0.00;Fiber/Plastic;;2005-01-18;MFL;1990-01-01;;2007-01-09
DEU001330652;;DEU;;;0.00;1.13;0.00;;4.00;0.00;---;POE020A;POE020A;;;N;;N;;;;;FX;;GNS;0.00;0.00;;;1985-07-19;C19;;;1993-03-25
DEU001340300;;DEU;;;143.00;0.00;0.00;;35.06;34.03;URSULA;GRE27;GRE27;Greetsiel;;Y;DCRB;Y;N;Y;8137093;;DB;;DRB, NO;221.00;0.00;Metal;;1974-09-15;MFL;1974-01-01;;2023-09-08
DEU001340602;;DEU;;;1.00;0.00;0.00;;3.75;0.00;LACHS;SAS51N;SAS51N;;;N;;N;;;;;FX;;GNS, LLS;8.00;0.00;Fiber/Plastic;;2004-12-20;MFL;2004-01-01;;2017-06-30
DEU001340652;;DEU;;;0.00;1.13;0.00;;4.00;0.00;---;POE015A;POE015A;;;N;;N;;;;;FX;;GNS;0.00;0.00;;;1970-06-14;C19;;;1994-06-20
DEU001350300;;DEU;;;20.00;0.00;0.00;;14.86;11.34;MAJA;PEL16;PEL16;;;Y;DCDN;Y;;;;;FX;;TBB, OTB;213.00;0.00;Metal;;1979-06-27;MFL;1979-01-01;;
DEU001350602;;DEU;;;1.00;0.00;0.00;;4.32;0.00;---;SAS52NZ;SAS52NZ;;;N;;N;;;;;FX;;GNS, LLS;0.00;0.00;Fiber/Plastic;;2005-07-01;MFL;1986-01-01;;2007-05-15
DEU001350652;;DEU;;;0.00;1.13;0.00;;4.00;0.00;---;POE029A;POE029A;;;N;;N;;;;;FX;;GNS;0.00;0.00;;;1977-04-12;C19;;;1994-06-20
DEU001360300;;DEU;;;38.00;36.71;0.00;;16.96;15.18;PALOMA;GRE29;GRE29;;;Y;DCEL;Y;;;;;FX;;TBB, OTB;219.00;0.00;Metal;;1980-03-21;MFL;1980-01-01;;
DEU001360602;;DEU;;;1.00;0.00;0.00;;4.32;0.00;---;SAS53N;SAS53N;;;N;;N;;;;;FX;;LLS, FPO;6.00;0.00;Fiber/Plastic;;2006-01-10;MFL;1986-01-01;;2009-09-17
DEU001360652;;DEU;;;0.00;1.76;0.00;;5.00;0.00;---;POE019A;POE019A;;;N;;N;;;;;FX;;GNS;0.00;0.00;;;1955-06-05;C19;;;1993-03-18
DEU001370300;;DEU;;;22.00;0.00;0.00;;15.96;14.54;Albatros;BEN1;BEN1;;;Y;DCQM;Y;Y;Y;;;TU;;TBB, OTB;191.00;0.00;Wood;;1973-11-01;MFL;1973-01-01;;2020-04-29
DEU001370602;;DEU;;;1.00;0.00;0.00;;6.32;0.00;MOBBY II;SAS55N;SAS55N;;;N;;N;;;;;FX;;GNS, LLS;10.00;0.00;Fiber/Plastic;;2007-02-13;MFL;1974-01-01;;2013-01-18
DEU001370652;;DEU;;;1.00;1.24;0.00;;4.20;0.00;---;POE007A;POE007A;;;N;;N;;;;;FX;;GNS, LLS;7.00;0.00;Wood;;1975-03-04;MFL;1975-01-01;;2015-08-11
DEU001380300;;DEU;;;13.00;0.00;0.00;;13.86;12.41;JENS ALBRECHT II;HAR2N;HAR2N;;;Y;DB7833;N;N;Y;;;TU;;TBB, OTB;121.00;0.00;Wood;;1959-04-13;MFL;1959-01-01;;2020-05-11
DEU001380602;;DEU;;;2.00;0.00;0.00;;7.85;0.00;RIEKE;WIR8N;WIR8N;Wiek;;N;;N;N;N;;;GO;;GNS, LLS;38.00;0.00;Fiber/Plastic;;2008-05-26;MFL;1980-01-01;;
DEU001380653;;DEU;;;1.00;1.24;0.00;;4.20;0.00;---;POE028A;POE028A;;;N;;N;;;;;FX;;GNS, NO;0.00;0.00;Wood;;1978-07-18;MFL;1978-01-01;;2005-10-24
DEU001390300;;DEU;;;21.00;0.00;0.00;;15.36;13.80;ALK;SW6;SW6;Wyk Auf Föhr;;Y;DCJG;Y;Y;Y;;;TU;;TBB, OTB;198.00;0.00;Wood;;1970-12-01;MFL;1970-01-01;;2021-03-22
DEU001390602;;DEU;;;1.00;0.00;0.00;;4.65;0.00;---;SAS60;SAS60;;;N;;N;;;;;FX;;GNS, LLS;11.00;0.00;Fiber/Plastic;;2009-06-05;MFL;1998-01-01;;2013-06-03
DEU001390652;;DEU;;;1.00;1.76;0.00;;5.00;0.00;---;POE017B;POE017B;;;N;;N;;;;;FX;;GNS, NK;6.00;0.00;;;1961-10-18;4C1;;;2001-04-06
DEU001390653;;DEU;;;6.00;5.10;0.00;;8.50;7.95;SEEADLER;WIS15;WIS15;;;N;;N;;;;;FX;;GNS, FPO;48.00;0.00;Fiber/Plastic;;1994-07-27;MFL;1986-01-01;;
DEU001400300;;DEU;;;21.00;21.75;0.00;;15.35;13.59;RUTH ALBRECHT;HAR5;HAR5;Harlesiel;;Y;DCMI;Y;;;;;TUB;;TBB, OTB;175.00;0.00;Wood;;1971-09-20;MFL;1971-01-01;;2007-04-30
DEU001400602;;DEU;;;1.00;0.00;0.00;;4.65;0.00;---;SAS65N;SAS65N;;;N;;N;N;N;;;GO;;GNS, LLS;19.00;0.00;Fiber/Plastic;;2016-05-12;MFL;2016-01-01;;2020-12-31
DEU001400604;;DEU;;;1.00;0.00;0.00;;4.60;0.00;---;BOI004A;BOI004A;;;N;;N;;;;;FX;;GNS, LLS;0.00;0.00;Wood;;1981-08-11;MFL;1981-01-01;;2007-02-12
DEU001400652;;DEU;;;2.00;3.46;0.00;;7.00;0.00;HEINER;POE18N;POE18N;;;N;;N;;;;;FX;;GNS, LLS;26.00;0.00;Fiber/Plastic;;1994-10-03;MFL;1990-01-01;;
DEU001400653;;DEU;;;10.00;0.00;0.00;;10.20;8.80;BLEIB TREU;WIE14;WIE14;;;N;;N;;;;;FX;;GNS, LLS;74.00;0.00;Fiber/Plastic;;1994-09-24;MFL;1994-01-01;;
DEU001410300;;DEU;;;35.00;0.00;0.00;;16.72;14.65;MARTJE;GRE5;GRE5;;;Y;DCCD;Y;;;;;FX;;TBB, OTB;221.00;0.00;Metal;;1979-04-02;MFL;1979-01-01;;
DEU001410602;;DEU;;;1.00;0.00;0.00;;4.15;0.00;BREEGE;SAS89;SAS89;Sassnitz;;N;;N;N;N;;;GO;;GNS, LLS;11.00;0.00;Fiber/Plastic;;2024-12-20;MFL;2010-01-01;;
DEU001410604;;DEU;;;1.00;1.13;0.00;;4.00;0.00;---;BOI001A;BOI001A;;;N;;N;;;;;FX;;GNS, LLS;5.00;0.00;;;1965-04-28;4C1;;;2002-08-12
DEU001410652;;DEU;;;1.00;1.63;0.00;;4.80;0.00;---;POE007B;POE007B;;;N;;N;;;;;FX;;GNS, LLS;7.00;0.00;Wood;;1988-03-07;MFL;1988-01-01;;2015-07-28
DEU001410653;;DEU;;;1.00;1.25;0.00;;4.20;0.00;---;POE025B;POE025B;;;N;;N;;;;;FX;;GNS, NO;4.00;0.00;Wood;;1988-02-14;MFL;1988-01-01;;2007-08-14
DEU001420300;;DEU;;;46.00;35.01;0.00;;17.51;15.40;JULE MARIE;ST10;ST10;;;Y;DCLC;Y;;;;;FX;;TBB, OTB;221.00;0.00;Metal;;1983-06-03;MFL;1983-01-01;;
DEU001420604;;DEU;;;1.00;1.62;0.00;;4.80;0.00;---;BOI003AN;BOI003AN;;;N;;N;;;;;FX;;GNS, LLS;0.00;0.00;Wood;;1987-08-23;MFL;1987-01-01;;2007-12-27
DEU001420652;;DEU;;;1.00;0.00;0.00;;4.93;0.00;---;POE003AN;POE003AN;Kirchdorf;;N;;N;N;N;;;GO;;GNS, FPO;4.00;0.00;Fiber/Plastic;;1964-07-10;MFL;1960-01-01;;2025-06-30
DEU001420653;;DEU;;;1.00;0.00;0.00;;4.80;0.00;---;POE035AN;POE035AN;;;N;;N;N;N;;;GO;;GNS, LLS;6.00;0.00;Wood;;1991-12-31;MFL;1988-01-01;;2019-02-01
DEU001430300;;DEU;;;35.00;30.00;0.00;;16.10;14.51;WANGERLAND;DOR10;DOR10;;;Y;DCVZ;Y;;;;;FX;;TBB, OTB;220.00;0.00;Wood;;1987-05-25;MFL;1987-01-01;;
DEU001430604;;DEU;;;0.00;3.66;0.00;;7.20;0.00;---;DAS001A;DAS001A;;;N;;N;;;;;FX;;GNS;0.00;0.00;;;1986-06-18;C19;;;1994-10-10
DEU001430652;;DEU;;;1.00;0.00;0.00;;4.66;0.00;---;POE003BN;POE003BN;Kirchdorf;;N;;N;N;N;;;GO;;GNS, FPO;8.00;0.00;Wood;;1980-08-13;MFL;1980-01-01;;2025-06-30
DEU001430653;;DEU;;;1.00;0.00;0.00;;4.26;0.00;---;POE010C;POE010C;;;N;;N;;;;;FX;;GNS, NO;0.00;0.00;Wood;;1968-10-10;MFL;1965-01-01;;2007-01-02
DEU001440300;;DEU;;;0.00;21.08;0.00;;15.17;13.99;GEORG ALBRECHT;HAR14;HAR14;Harlesiel;;Y;DCBU;N;;;;;TUB;;TBB, OTB;180.00;0.00;Wood;;1966-01-01;4C5;1966-01-01;;
DEU001440604;;DEU;;;1.00;0.00;0.00;;7.25;6.60;---;DAS002AN;DAS002AN;;;N;;N;N;N;;;WOP;;FPO, GNS;4.00;0.00;Wood;;1980-06-09;MFL;1980-01-01;;2020-11-01
DEU001440652;;DEU;;;1.00;2.70;0.00;;6.22;0.00;---;POE017A;POE017A;;;N;;N;;;;;FX;;GNS, NO;6.00;0.00;;;1958-07-10;4C1;;;2001-01-31
DEU001440653;;DEU;;;1.00;1.30;0.00;;4.26;0.00;---;POE028B;POE028B;;;N;;N;;;;;FX;;GNS, NO;8.00;0.00;Fiber/Plastic;;1983-04-17;MFL;1983-01-01;;2005-07-12
DEU001450300;;DEU;;;21.00;21.08;0.00;;15.36;13.59;MARION ALBRECHT;HAR20;HAR20;Harlesiel;;Y;DCGF;Y;;;;;TUB;;TBB, OTB;175.00;0.00;Wood;;1969-04-15;MFL;1968-01-01;;2008-04-14
DEU001450604;;DEU;;;1.00;0.00;0.00;;6.50;0.00;---;DAS3AN;DAS3AN;;;N;;N;;;;;FX;;GNS, FPO;5.00;0.00;Wood;;1984-07-16;MFL;1984-01-01;;2008-11-27
DEU001450652;;DEU;;;1.00;0.00;0.00;;4.55;0.00;---;POE47N;POE47N;Kirchdorf;;N;;N;N;N;;;GO;;GNS, FPO;3.00;0.00;Fiber/Plastic;;1990-09-13;MFL;1990-01-01;;2022-01-01
DEU001450653;;DEU;;;1.00;1.28;0.00;;4.26;0.00;---;POE18A;POE18A;;;N;;N;;;;;FX;;GNS, NO;0.00;0.00;Fiber/Plastic;;1983-06-12;MFL;1983-01-01;;2008-09-26
DEU001460300;;DEU;;;0.00;3.42;0.00;;8.00;6.96;MICHAEL;HAT2;HAT2;;;N;;N;;;;;FX;;GNS, NO;29.00;0.00;;;1977-03-01;C19;;;1992-08-17
DEU001460604;;DEU;;;2.00;0.00;0.00;;7.85;7.60;---;KAM18;KAM18;Kamminke;;N;;N;N;N;;;GO;;GNS, LLS;44.00;0.00;Fiber/Plastic;;1990-01-17;MFL;1990-01-01;;
DEU001460652;;DEU;;;1.00;0.00;0.00;;5.06;0.00;---;BOI10;BOI10;Kirchdorf;;N;;N;N;N;;;GO;;GNS, LLS;6.00;0.00;Fiber/Plastic;;1998-01-05;MFL;1997-01-01;;
DEU001460653;;DEU;;;1.00;0.00;0.00;;4.26;0.00;---;POE010B;POE010B;;;N;;N;;;;;FX;;GNS, NO;0.00;0.00;Wood;;1965-08-03;MFL;1965-01-01;;2007-01-02
DEU001470300;;DEU;;;0.00;2.77;0.00;;7.20;6.26;ATSCHI;JEM4;JEM4;;;N;;N;;;;;FX;;GNS, NO;55.00;0.00;;;1969-10-25;C19;;;1992-08-17
DEU001470604;;DEU;;;0.00;2.09;0.00;;5.45;0.00;---;RED004A;RED004A;;;N;;N;;;;;FX;;GNS, LLS;0.00;0.00;;;1975-01-01;C19;;;1996-04-29
DEU001470652;;DEU;;;1.00;0.00;0.00;;5.10;0.00;---;POE16Z;POE16Z;;;N;;N;;;;;FX;;GNS, LLS;0.00;0.00;Wood;;2000-07-10;MFL;1987-01-01;;2007-01-09
DEU001470653;;DEU;;;1.00;0.00;0.00;;4.65;0.00;---;POE36;POE36;;;N;;N;;;;;GO;;GNS, LLS;12.00;0.00;Fiber/Plastic;;1996-02-22;MFL;1995-01-01;;2018-01-01
DEU001480300;;DEU;;;0.00;9.26;0.00;;10.72;9.33;BERNHARD;JEM5;JEM5;Jemgum;;N;;N;;;;;TUB;;TBB, NO;59.00;0.00;Wood;;1933-12-31;C19;1933-01-01;;1992-08-17
DEU001480604;;DEU;;;1.00;1.43;0.00;;4.50;0.00;---;RED003AN;RED003AN;;;N;;N;;;;;FX;;GNS, LLS;0.00;0.00;;;1986-01-01;4C1;;;1999-03-30
DEU001480652;;DEU;;;4.00;0.00;0.00;;7.10;0.00;USCHI;RIT11;RIT11;;;N;;N;;;;;FX;;GNS, LLS;40.00;0.00;Fiber/Plastic;;1998-03-23;MFL;1980-01-01;;
DEU001480653;;DEU;;;3.00;0.00;0.00;;8.40;0.00;ELSA MARIE;RER54;RER54;;;N;;N;;;;;FX;;GNS, LLS;22.00;0.00;Fiber/Plastic;;1999-04-27;MFL;1992-01-01;;
DEU001490300;;DEU;;;0.00;20.76;0.00;;15.00;13.64;GEBRUEDER;AZ5;AZ5;Neuharlingersiel;;Y;DCGW;N;;;;;TUB;;TBB, OTB;145.00;0.00;Wood;;1960-05-15;C12;1929-01-01;;1993-12-13
DEU001490604;;DEU;;;1.00;2.10;0.00;;5.45;0.00;---;BOI3B;BOI3B;;;N;;N;;;;;FX;;GNS, LLS;0.00;0.00;Wood;;1987-06-24;MFL;1984-01-01;;2011-12-02
DEU001490652;;DEU;;;1.00;0.00;0.00;;5.00;0.00;---;POE12N;POE12N;;;N;;N;;;;;FX;;GNS, LLS;8.00;0.00;Wood;;1998-03-23;MFL;1958-01-01;;2016-06-10
DEU001490654;;DEU;;;1.00;0.00;0.00;;4.20;0.00;---;TAR008B;TAR008B;;;N;;N;;;;;FX;;GNS, LLS;9.00;0.00;Fiber/Plastic;;1991-02-01;MFL;1990-01-01;;2017-04-01
DEU001500300;;DEU;;;24.00;23.83;0.00;;16.02;14.62;CONDOR;DIT9;DIT9;Ditzum;;Y;DCVS;N;;;;;TUB;;TBB, OTB;180.00;0.00;Metal;;1967-05-08;4C5;1967-01-01;2002-01-11;
DEU001500604;;DEU;;;1.00;2.00;0.00;;5.38;0.00;---;RED002A;RED002A;;;N;;N;;;;;FX;;GNS, LLS;0.00;0.00;Wood;;1990-09-20;MFL;1972-01-01;;2007-06-01
DEU001500652;;DEU;;;1.00;0.00;0.00;;4.80;0.00;---;POE19N;POE19N;;;N;;N;;;;;FX;;GNS, LLS;0.00;0.00;Wood;;1998-08-20;MFL;1955-01-01;;2016-06-10
DEU001500654;;DEU;;;1.00;1.02;0.00;;3.80;0.00;---;TAR003AN;TAR003AN;;;N;;N;;;;;FX;;GNS, LLS;3.00;0.00;Fiber/Plastic;;1991-02-05;MFL;1990-01-01;;2010-10-05
DEU001510300;;DEU;;;21.00;0.00;0.00;;15.41;13.80;KEEN TIED;NEU226;NEU226;;;Y;DCBQ;Y;Y;Y;;;TU;;TBB, OTB;184.00;0.00;Wood;;1968-05-01;MFL;1968-01-01;;2020-03-26
DEU001510604;;DEU;;;1.00;1.27;0.00;;4.25;0.00;---;RED002C;RED002C;;;N;;N;;;;;FX;;GNS, LLS;4.00;0.00;;;1990-09-20;4C1;;;2000-12-12
DEU001510652;;DEU;;;1.00;1.52;0.00;;4.82;0.00;---;POE37;POE37;;;N;;N;;;;;FX;;GNS, LLS;0.00;0.00;Wood;;1998-12-26;MFL;1980-01-01;;2007-09-11
DEU001510655;;DEU;;;1.00;0.00;0.00;;5.95;0.00;BOSSE;NEU10;NEU10;;;N;;N;N;N;;;GO;;GNS, FPO;15.00;0.00;Fiber/Plastic;;1991-06-03;MFL;1991-01-01;;
DEU001520300;;DEU;;;21.00;21.36;0.00;;15.58;13.80;STOERTEBEKER;NEU227;NEU227;Neuharlingersiel;;Y;DLYJ;Y;;;;;TUB;;TBB, OTB;175.00;0.00;Wood;;1970-06-25;MFL;1970-01-01;;
DEU001520604;;DEU;;;1.00;0.00;0.00;;4.80;0.00;---;RED1B;RED1B;;;N;;N;;;;;FX;;GNS, LLS;7.00;0.00;Wood;;1990-10-11;MFL;1983-01-01;;2008-09-30
DEU001520651;;DEU;;;1.00;0.00;0.00;;5.30;0.00;---;RER037A;RER037A;Rerik;;N;;N;N;N;;;GO;;GNS, LLS;11.00;0.00;Fiber/Plastic;;1991-09-30;MFL;1990-01-01;;
DEU001520652;;DEU;;;1.00;0.00;0.00;;5.60;0.00;---;POE43N;POE43N;;;N;;N;;;;;FX;;GNS, LLS;6.00;0.00;Wood;;2001-02-01;MFL;1987-01-01;;2013-02-05
DEU001530300;;DEU;;;21.00;0.00;0.00;;15.42;13.80;GORCH FOCK;NEU228N;NEU228N;Neuharlingersiel;;Y;DCMO;Y;N;Y;;;TU;;TBB, OTB;147.00;0.00;Wood;;1971-08-05;MFL;1971-01-01;;
DEU001530604;;DEU;;;1.00;1.50;0.00;;4.60;0.00;---;RED8BN;RED8BN;;;N;;N;;;;;FX;;GNS, LLS;0.00;0.00;Wood;;1990-09-24;MFL;1984-01-01;;2010-08-20
DEU001530651;;DEU;;;5.00;0.00;0.00;;9.35;8.88;ANNA;KUEH22;KUEH22;;;N;;N;N;N;;;GO;;GNS, LLS;51.00;0.00;Fiber/Plastic;;1993-06-22;MFL;1980-01-01;;2020-10-01
DEU001530652;;DEU;;;1.00;0.00;0.00;;6.10;0.00;Darleen;TRA4A;TRA4A;;;N;;N;N;N;;;GO;;GNS, FPO;7.00;0.00;Fiber/Plastic;;2001-03-19;MFL;1982-01-01;;
DEU001540300;;DEU;;;21.00;0.00;0.00;;15.51;13.80;FALKE;NEU229;NEU229;Neuharlingersiel;;Y;DCGQ;N;;;;;TUB;;TBB, OTB;174.00;0.00;Wood;;1970-04-01;MFL;1970-01-01;;2005-07-25
DEU001540604;;DEU;;;1.00;0.00;0.00;;5.20;0.00;---;RED8C;RED8C;Wismar;;N;;N;N;N;;;GO;;GNS, LLS;6.00;0.00;Wood;;1996-04-26;MFL;1990-01-01;;
DEU001540651;;DEU;;;1.00;2.54;0.00;;6.00;0.00;---;RER011A;RER011A;;;N;;N;;;;;FX;;GNS, LLS;7.00;0.00;;;1960-04-12;4C1;;;1998-05-14
DEU001540652;;DEU;;;1.00;0.00;0.00;;4.35;0.00;---;POE26N;POE26N;;;N;;N;;;;;FX;;GNS, LLS;5.00;0.00;Fiber/Plastic;;2004-05-03;MFL;1980-01-01;;2011-02-09
DEU001550300;211623000;DEU;;;32.00;0.00;0.00;;16.15;14.54;POLARIS;NEU230;NEU230;Neuharlingersiel;;Y;DCCX;Y;Y;Y;;;TU;;TBB, OTB;179.00;41.00;Metal;;1987-11-06;MFL;1987-01-01;;
DEU001550604;;DEU;;;1.00;1.27;0.00;;4.25;0.00;---;RED003BN;RED003BN;;;N;;N;;;;;FX;;FPO, NO;0.00;0.00;Fiber/Plastic;;1991-01-29;MFL;1983-01-01;;2008-11-10
DEU001550651;;DEU;;;1.00;2.40;0.00;;5.85;0.00;---;RER046A;RER046A;;;N;;N;;;;;FX;;GNS, LLS;7.00;0.00;;;1983-12-04;4C1;;;2001-05-11
DEU001550652;;DEU;;;1.00;0.00;0.00;;5.85;0.00;---;POE7;POE7;;;N;;N;;;;;FX;;GNS, LLS;9.00;0.00;Fiber/Plastic;;2004-07-06;MFL;1987-01-01;;2015-07-28
DEU001560300;211526880;DEU;;;39.00;0.00;0.00;;14.98;13.58;MEDUSA;HOER1;HOER1;Hörnum-Sylt;;Y;DCFU;Y;Y;Y;;;TU;;TBB, DRB, FPO;184.00;0.00;Metal;;1988-05-12;MFL;1988-01-01;;
DEU001560604;;DEU;;;1.00;1.27;0.00;;4.25;0.00;---;RED004BN;RED004BN;;;N;;N;;;;;FX;;GNS, NO;0.00;0.00;Fiber/Plastic;;1991-01-29;MFL;1984-01-01;;2008-11-10
DEU001560651;;DEU;;;1.00;0.00;0.00;;4.25;0.00;---;RER52N;RER52N;;;N;;N;N;N;;;GO;;GNS, LLS;8.00;0.00;Wood;;1988-12-01;MFL;1985-01-01;;
DEU001560652;;DEU;;;4.00;0.00;0.00;;8.38;7.80;RAMONA;POE3N;POE3N;;;N;;N;N;N;;;GO;;GNS, LLS;37.00;0.00;Fiber/Plastic;;1995-04-03;MFL;1995-01-01;;2020-12-21
DEU001570300;;DEU;;;11.00;11.06;0.00;;12.97;11.67;NORDLICHT;NEU235;NEU235;Neuharlingersiel;;N;;N;;;;;TUB;;TBB, OTB;126.00;0.00;Wood;;1953-09-10;MFL;1952-01-01;;2008-12-30
DEU001570604;;DEU;;;1.00;2.10;0.00;;5.45;0.00;---;RED2N;RED2N;;;N;;N;;;;;FX;;FPO, NO;6.00;0.00;Wood;;1990-09-20;MFL;1983-01-01;;2012-07-17
DEU001570651;;DEU;;;1.00;0.00;0.00;;4.10;0.00;---;RER045AN;RER045AN;Rerik;;N;;N;N;N;;;GO;;GNS, NO;11.00;0.00;Wood;;1988-12-01;MFL;1980-01-01;;2025-05-01
DEU001570652;;DEU;;;1.00;0.00;0.00;;4.60;0.00;---;POE13;POE13;"Timmendorf"", Poel";;N;;N;N;N;;;GO;;GNS, FPO;4.00;0.00;Fiber/Plastic;;2007-08-14;MFL;2007-01-01;;
DEU001580300;211498000;DEU;;;21.00;0.00;0.00;;15.38;14.10;NORDLICHT;NOR223;NOR223;Norddeich;;Y;DDFS;Y;Y;Y;;;TU;;TBB, OTB;205.00;0.00;Wood;;1967-10-15;MFL;1967-01-01;;
DEU001580604;;DEU;;;1.00;0.00;0.00;;6.50;0.00;---;RED7N;RED7N;;;N;;N;N;N;;;GO;;GNS, LLS;11.00;0.00;Fiber/Plastic;;1996-08-01;MFL;1994-01-01;;2019-05-21
DEU001580651;;DEU;;;1.00;0.00;0.00;;4.60;0.00;---;RER45B;RER45B;;;N;;N;;;;;FX;;GNS, LLS;18.00;0.00;Wood;;1988-12-01;MFL;1980-01-01;;2014-11-25
DEU001580652;;DEU;;;1.00;0.00;0.00;;6.35;0.00;Mona;POE33;POE33;Kirchdorf;;N;;N;N;N;;;GO;;GNS, FPO;14.00;0.00;Fiber/Plastic;;2011-09-14;MFL;1977-01-01;;
DEU001590300;;DEU;;;0.00;10.21;0.00;;12.78;11.38;LIEBE;NEU241;NEU241;Neuharlingersiel;;N;;N;;;;;TUB;;TBB, OTB;114.00;0.00;Wood;;1956-11-28;C11;1956-01-01;;1995-09-30
DEU001590604;;DEU;;;1.00;0.00;0.00;;4.25;0.00;---;BOI6;BOI6;;;N;;N;;;;;FX;;GNS, LLS;6.00;0.00;Fiber/Plastic;;1997-03-25;MFL;1997-01-01;;2005-12-01
DEU001590651;;DEU;;;1.00;1.80;0.00;;5.00;0.00;---;RER28N;RER28N;;;N;;N;;;;;FX;;GNS, LLS;6.00;0.00;;;1995-06-26;4C1;;;1998-01-05
DEU001590652;;DEU;;;1.00;0.00;0.00;;5.06;0.00;---;POE49N;POE49N;Kirchdorf;;N;;N;N;N;;;GO;;GNS, FPO;22.00;0.00;Fiber/Plastic;;2015-06-29;MFL;2015-01-01;;2024-01-01
DEU001600300;;DEU;;;0.00;24.11;0.00;;15.52;14.54;SEESCHWALBE;NEU243;NEU243;Neuharlingersiel;;Y;DFNS;N;;;;;TUB;;TBB, OTB;177.00;0.00;Wood;;1968-06-01;4C5;1960-01-01;;1998-04-27
DEU001600604;;DEU;;;1.00;1.98;0.00;;5.30;0.00;---;WIS7N;WIS7N;;;N;;N;;;;;FX;;GNS, LLS;10.00;0.00;;;1997-03-25;4C1;;;1998-08-14
DEU001600651;;DEU;;;1.00;0.00;0.00;;4.80;0.00;---;RER3;RER3;;;N;;N;;;;;FX;;GNS, LLS;13.00;0.00;Fiber/Plastic;;1995-09-01;MFL;1994-01-01;;
DEU001600652;;DEU;;;1.00;0.00;0.00;;5.06;0.00;---;POE51N;POE51N;;;N;;N;N;N;;;GO;;GNS, FPO;6.00;0.00;Fiber/Plastic;;2016-05-01;MFL;2016-01-01;;2019-02-01
DEU001600654;;DEU;;;1.00;0.00;0.00;;4.26;0.00;POLLUX;TRA4B;TRA4B;;;N;;N;;;;;FX;;GNS, FPO;6.00;0.00;Fiber/Plastic;;2004-09-21;MFL;1996-01-01;;
DEU001610300;;DEU;;;35.00;0.00;0.00;;16.27;14.82;SEESTERN;NEU245;NEU245;Neuharlingersiel;;Y;DCKM;Y;Y;Y;;;TU;;TBB, OTB;221.00;0.00;Metal;;1983-03-12;MFL;1983-01-01;;
DEU001610604;;DEU;;;1.00;1.76;0.00;;5.25;0.00;RENATE;WIS9N;WIS9N;;;N;;N;;;;;FX;;GNS, LLS;27.00;0.00;Fiber/Plastic;;1997-08-07;MFL;1997-01-01;;
DEU001610651;;DEU;;;7.00;7.00;0.00;;9.83;8.36;CAROLINE;RER35;RER35;;;N;;N;;;;;FX;;GNS, LLS;59.00;0.00;Fiber/Plastic;;1996-07-09;MFL;1996-01-01;;
DEU001610652;;DEU;;;1.00;0.00;0.00;;4.35;0.00;---;POE99;POE99;Kirchdorf;;N;;N;N;N;;;GO;;GNS, FPO;10.00;0.00;Fiber/Plastic;;2018-03-01;MFL;2010-01-01;;
DEU001620300;;DEU;;;43.00;0.00;0.00;;18.91;17.00;ROSWIETHA;NOR201;NOR201;;;Y;DCDM;Y;;;;;FX;;TBB, OTB;221.00;0.00;Metal;;1979-08-01;MFL;1979-01-01;;
DEU001620604;;DEU;;;1.00;1.25;0.00;;4.25;0.00;---;RED9;RED9;;;N;;N;;;;;FX;;GNS, LLS;4.00;0.00;Fiber/Plastic;;1998-08-14;MFL;1997-01-01;;2010-10-05
DEU001620651;;DEU;;;1.00;0.00;0.00;;5.25;0.00;---;RER18;RER18;;;N;;N;;;;;FX;;GNS, LLS;29.00;0.00;Fiber/Plastic;;1997-05-05;MFL;1996-01-01;;2017-06-01
DEU001620652;;DEU;;;1.00;0.00;0.00;;4.15;0.00;---;POE53N;POE53N;;;N;;N;N;N;;;GO;;GNS, LLS;19.00;0.00;Fiber/Plastic;;2020-01-01;MFL;1994-01-01;;
DEU001630300;;DEU;;;61.00;0.00;0.00;;22.56;20.10;HARMONIE;ACC3;ACC3;;;Y;DCRK;Y;;;;;FX;;TBB, OTB;221.00;0.00;Metal;;1974-10-15;MFL;1962-01-01;;
DEU001630604;;DEU;;;1.00;0.00;0.00;;6.39;0.00;KIM;BUR2;BUR2;;;N;;N;N;N;;;GO;;GNS, FPO;18.00;0.00;Fiber/Plastic;;2000-10-02;MFL;1986-01-01;;2018-05-04
DEU001630651;;DEU;;;1.00;1.76;0.00;;5.25;0.00;---;RER19;RER19;;;N;;N;;;;;FX;;GNS, LLS;18.00;0.00;Fiber/Plastic;;1997-05-05;MFL;1996-01-01;;
DEU001640300;;DEU;;;35.00;33.88;0.00;;16.74;15.52;SPERBER;NOR203;NOR203;Norddeich;;Y;DFND;Y;;;;;TUB;;TBB, OTB;169.00;0.00;Wood;;1956-05-17;MFL;1956-01-01;;2011-01-01
DEU001640604;;DEU;;;3.00;5.71;0.00;;7.80;0.00;LINA;WIS12;WIS12;;;N;;N;;;;;FX;;GNS, LLS;47.00;0.00;Fiber/Plastic;;2003-12-08;MFL;1974-01-01;;
DEU001640651;;DEU;;;1.00;0.00;0.00;;4.80;0.00;---;RER15N;RER15N;;;N;;N;;;;;FX;;GNS, LLS;7.00;0.00;Fiber/Plastic;;1987-05-14;MFL;1987-01-01;;
DEU001650300;211103000;DEU;;;171.00;0.00;0.00;;34.91;32.95;ANDREA;NOR204;NOR204;Norddeich;;Y;DCWH;Y;Y;Y;8429082;;DB;;DRB, TBB;294.00;164.00;Metal;;1977-10-01;AQU;1977-01-01;;2025-02-23
DEU001650604;;DEU;;;1.00;0.00;0.00;;4.70;0.00;---;WIS5;WIS5;Wismar;;N;;N;N;N;;;GO;;GNS, FPO;10.00;0.00;Fiber/Plastic;;2005-10-18;MFL;2005-01-01;;
DEU001650651;;DEU;;;1.00;1.20;0.00;;4.85;0.00;---;RER21;RER21;;;N;;N;;;;;FX;;GNS, LLS;6.00;0.00;Fiber/Plastic;;1998-07-22;MFL;1998-01-01;;
DEU001660300;211605000;DEU;;;27.00;0.00;0.00;;16.44;14.78;Horst Looden;GRE7;GRE7;Greetsiel;;Y;DCEM;Y;Y;Y;;;TU;;TBB, OTB;221.00;0.00;Wood;;1980-03-10;MFL;1980-01-01;;
DEU001660604;;DEU;;;1.00;0.00;0.00;;4.74;0.00;---;PEP2N;PEP2N;Wismar;;N;;N;N;N;;;GO;;GNS, FPO;7.00;0.00;Fiber/Plastic;;2008-05-22;MFL;2008-01-01;;
DEU001660651;;DEU;;;1.00;0.00;0.00;;4.25;0.00;---;RER20;RER20;;;N;;N;;;;;FX;;GNS, LLS;0.00;0.00;Fiber/Plastic;;1998-07-30;MFL;1965-01-01;;2007-01-31
DEU001670300;;DEU;;;32.00;29.78;0.00;;17.03;15.07;NEPTUN;NOR206;NOR206;Norddeich;;Y;DCKS;N;;;;;TUB;;TBB, OTB;221.00;0.00;Metal;;1971-08-25;MFL;1971-01-01;;2004-11-04
DEU001670604;;DEU;;;1.00;0.00;0.00;;5.74;0.00;---;RED12N;RED12N;;;N;;N;N;N;;;GO;;GNS, LLS;15.00;0.00;Fiber/Plastic;;2008-11-25;MFL;2008-01-01;;
DEU001670651;;DEU;;;1.00;0.00;0.00;;4.25;0.00;---;RER16N;RER16N;;;N;;N;;;;;FX;;GNS, LLS;0.00;0.00;Fiber/Plastic;;1999-03-30;MFL;1976-01-01;;2007-06-01
DEU001680300;;DEU;;;22.00;20.67;0.00;;15.42;13.80;SEESTERN;NOR207;NOR207;Norddeich;;Y;DCJS;Y;;;;;TUB;;TBB, OTB;147.00;0.00;Wood;;1971-04-01;MFL;1971-01-01;;2011-01-31
DEU001680604;;DEU;;;1.00;0.00;0.00;;4.15;0.00;BEN-OLE;WIS13;WIS13;;;N;;N;;;;;FX;;GNS, FPO;4.00;0.00;Fiber/Plastic;;2011-07-12;MFL;1988-01-01;;
DEU001680651;;DEU;;;1.00;0.00;0.00;;6.00;0.00;SEESTERN;RER32;RER32;;;N;;N;;;;;FX;;GNS, LLS;18.00;0.00;Fiber/Plastic;;2000-02-10;MFL;1992-01-01;;2008-11-04
DEU001690300;211484000;DEU;;;32.00;0.00;0.00;;17.09;15.24;ERIKA;NOR208;NOR208;;;Y;DCHU;Y;Y;Y;;;TU;;TBB, OTB;191.00;0.00;Metal;;1969-04-15;MFL;1969-01-01;;
DEU001690604;;DEU;;;1.00;0.00;0.00;;5.06;0.00;---;WIS16;WIS16;Wismar;;N;;N;N;N;;;GO;;GNS, FPO;22.00;0.00;Fiber/Plastic;;2012-02-14;MFL;2012-01-01;;
DEU001690651;;DEU;;;10.00;0.00;0.00;;9.98;8.98;NIDDEN;RER30;RER30;;;Y;DMPY;N;;;;;FX;;GNS, LLS;82.00;0.00;Fiber/Plastic;;2000-02-21;MFL;2000-01-01;;
DEU001700300;;DEU;;;13.00;13.26;0.00;;12.65;11.90;SIRIUS;NOR209;NOR209;;;Y;DCLS;N;;;;;FX;;GNS, NK;96.00;0.00;;;1955-11-19;C11;;;1995-11-20
DEU001700604;;DEU;;;1.00;0.00;0.00;;4.74;0.00;---;RED13N;RED13N;;;N;;N;N;N;;;GO;;GNS, LLS;8.00;0.00;Fiber/Plastic;;2012-07-17;MFL;2012-01-01;;
DEU001700651;;DEU;;;1.00;0.00;0.00;;4.80;0.00;---;RER22N;RER22N;;;N;;N;;;;;FX;;GNS, LLS;6.00;0.00;Fiber/Plastic;;2000-08-28;MFL;2000-01-01;;
DEU001700654;;DEU;;;4.00;0.00;0.00;;8.38;7.38;Svalen;TAR18;TAR18;Tarnewitz;;Y;DJ4533;N;N;N;;;GO;;GNS, FPO;60.00;0.00;Fiber/Plastic;;2006-05-29;MFL;1989-01-01;;
DEU001710300;;DEU;;;0.00;20.03;0.00;;15.14;13.97;HILDEGARD;NOR210;NOR210;;;Y;DCMF;N;;;;;FX;;TBB, OTB;147.00;0.00;;;1960-04-01;4;;;1991-10-04
DEU001710604;;DEU;;;1.00;0.00;0.00;;5.20;0.00;---;RED14N;RED14N;;;N;;N;N;N;;;GO;;GNS, FPO;15.00;0.00;Fiber/Plastic;;2013-08-27;MFL;1978-01-01;;
DEU001710651;;DEU;;;1.00;0.00;0.00;;4.45;0.00;---;RER47N;RER47N;Rerik;;N;;N;N;N;;;GO;;GNS, LLS;7.00;0.00;Fiber/Plastic;;2001-05-15;MFL;2001-01-01;;
DEU001720300;;DEU;;;25.00;23.55;0.00;;15.97;14.38;HELGA;NOR211;NOR211;;;Y;DCPP;Y;;;;;FX;;TBB, OTB;175.00;0.00;Wood;;1973-04-01;MFL;1973-01-01;;
DEU001720651;;DEU;;;1.00;0.00;0.00;;4.40;0.00;---;RER33Z;RER33Z;;;N;;N;;;;;FX;;GNS, LLS;20.00;0.00;Fiber/Plastic;;2001-07-20;MFL;2000-01-01;;2005-11-22
DEU001730300;;DEU;;;14.00;12.00;0.00;;11.19;9.56;LUISE;WRE8;WRE8;Wremen;;Y;DCMN;N;;;;;TUB;;TBB, GNS;91.00;0.00;Wood;;1989-05-10;4C5;1989-01-01;;2000-04-14
DEU001730604;;DEU;;;1.00;0.00;0.00;;4.20;0.00;---;RED16N;RED16N;;;N;;N;N;N;;;GO;;GNS, LLS;4.00;0.00;Fiber/Plastic;;2019-03-01;MFL;2000-01-01;;
DEU001730651;;DEU;;;10.00;0.00;0.00;;11.44;9.97;GEMINI;WIE53;WIE53;;;Y;DBRM;N;;;;;FX;;GNS, LLS;80.00;0.00;Fiber/Plastic;;2001-12-17;MFL;2001-01-01;;
DEU001740300;;DEU;;;0.00;4.41;0.00;;7.90;0.00;HERMANN OHE;NOR215;NOR215;;;N;;N;;;;;FX;;GNS, NO;33.00;0.00;;;1986-05-01;C19;;;1992-08-17
DEU001740651;;DEU;;;1.00;0.00;0.00;;4.70;0.00;---;RER39;RER39;;;N;;N;;;;;FX;;GNS, LLS;16.00;0.00;Fiber/Plastic;;2002-03-27;MFL;2001-01-01;;
DEU001750300;;DEU;;;0.00;34.78;0.00;;17.94;17.09;ELISE;NOR218;NOR218;;;Y;DCDX;N;;;;;FX;;DRB, NO;221.00;0.00;;;1965-04-20;4CZ;;1997-12-30;
DEU001750651;;DEU;;;2.00;0.00;0.00;;7.23;0.00;---;RER41;RER41;;;N;;N;;;;;FX;;GNS, LLS;18.00;0.00;Fiber/Plastic;;2002-05-02;MFL;1990-01-01;;2007-12-27
DEU001760300;;DEU;;;21.00;0.00;0.00;;15.55;13.80;SPERBER;GRE32;GRE32;;;Y;DCTH;Y;Y;Y;;;TU;;TBB, OTB;110.00;0.00;Wood;;1976-04-26;MFL;1976-01-01;;2020-03-11
DEU001760651;;DEU;;;1.00;0.00;0.00;;4.28;0.00;---;RER48N;RER48N;;;N;;N;;;;;FX;;GNS, LLS;11.00;0.00;Fiber/Plastic;;2003-01-30;MFL;1997-01-01;;
DEU001770300;211490000;DEU;;;22.00;0.00;0.00;;15.57;13.80;NORDMEER;NOR225;NOR225;Norddeich;;Y;DCDB;Y;Y;Y;;;TU;;TBB, FPO, OTB;206.00;0.00;Wood;;1979-05-21;MFL;1979-01-01;;
DEU001770651;;DEU;;;1.00;0.00;0.00;;5.06;0.00;---;RER49N;RER49N;;;N;;N;N;N;;;GO;;GNS, LLS;7.00;0.00;Fiber/Plastic;;2007-01-31;MFL;2007-01-01;;
DEU001780300;;DEU;;;0.00;17.15;0.00;;15.10;13.29;NORDLAND;NOR224;NOR224;Norddeich;;Y;DCTA;N;;;;;TUB;;TBB, OTB;110.00;0.00;Wood;;1949-12-20;C11;1949-01-01;;1996-03-12
DEU001780651;;DEU;;;1.00;0.00;0.00;;4.28;0.00;---;RER51;RER51;Rerik;;N;;N;N;N;;;GO;;GNS, LLS;4.00;0.00;Fiber/Plastic;;2007-03-28;MFL;1992-01-01;;2021-02-09
DEU001790300;;DEU;;;21.00;21.08;0.00;;15.51;13.80;NORDSTERN;NOR228;NOR228;Norddeich;;Y;DCWV;N;;;;;TUB;;TBB, OTB;185.00;0.00;Wood;;1968-04-01;MFL;1968-01-01;;2004-04-20
DEU001790651;;DEU;;;1.00;0.00;0.00;;4.74;0.00;---;RER23N;RER23N;;;N;;N;;;;;FX;;GNS, LLS;6.00;0.00;Fiber/Plastic;;2009-04-28;MFL;2009-01-01;;2017-01-01
DEU001800300;;DEU;;;0.00;17.98;0.00;;15.16;14.09;NORDSEE;NOR230;NOR230;Norddeich;;Y;DCKR;N;;;;;TUB;;TBB, OTB;110.00;0.00;Wood;;1959-04-01;C11;1959-01-01;;1996-03-12
DEU001800651;;DEU;;;1.00;0.00;0.00;;4.20;0.00;---;RER53N;RER53N;;;N;;N;;;;;FX;;GNS, FPO;18.00;0.00;Fiber/Plastic;;2017-01-01;MFL;2016-01-01;;
DEU001800654;;DEU;;;1.00;0.00;0.00;;5.50;0.00;---;TAR1AN;TAR1AN;;;N;;N;;;;;FX;;GNS, LLS;12.00;0.00;Fiber/Plastic;;2008-02-26;MFL;1994-01-01;;
DEU001810300;;DEU;;;38.00;35.28;0.00;;17.10;15.38;NORDSTROM I;NOR231;NOR231;;;Y;DCIO;Y;;;;;FX;;TBB, OTB;219.00;0.00;Metal;;1982-04-18;MFL;1982-01-01;;
DEU001810651;;DEU;;;1.00;0.00;0.00;;5.06;0.00;---;RER56;RER56;Rerik;;N;;N;N;N;;;GO;;GNS, FPO;29.00;0.00;Fiber/Plastic;;2022-05-03;MFL;2022-01-01;;
DEU001820300;211643000;DEU;;;21.00;0.00;0.00;;15.41;13.80;NORDSTRAND;NOR232;NOR232;Norddeich;;Y;DCTA;Y;Y;Y;;;TU;;TBB, OTB;221.00;0.00;Wood;;1966-06-01;MFL;1966-01-01;2024-03-20;
DEU001820651;;DEU;;;1.00;0.00;0.00;;4.80;0.00;---;RER57N;RER57N;Rerik;;N;;N;N;N;;;GO;;GNS, FPO;8.00;0.00;Fiber/Plastic;;2022-05-01;MFL;1998-01-01;;
DEU001830300;;DEU;;;0.00;28.36;0.00;;16.58;15.26;SEEPFERDCHEN;NOR236N;NOR236N;Norderney;;Y;DITX;N;;;;;TUB;;TBB, OTB;99.00;0.00;Metal;;1985-04-01;C11;1961-01-01;;1996-09-06
DEU001830651;;DEU;;;1.00;0.00;0.00;;4.95;0.00;---;RER60;RER60;Rerik;;N;;N;N;N;;;GO;;GNS, FPO;19.00;0.00;Fiber/Plastic;;2023-08-02;MFL;2003-01-01;;
DEU001840300;;DEU;;;0.00;20.57;0.00;;15.25;13.22;JAN;POG2;POG2;Pogum;;Y;DCRD;N;;;;;TUB;;TBB, OTB;146.00;0.00;Wood;;1965-04-15;C11;1965-01-01;;1996-04-15
DEU001840651;;DEU;;;1.00;0.00;0.00;;5.00;0.00;---;RER61;RER61;Rerik;;N;;N;N;N;;;GO;;GNS, FPO;37.00;0.00;Fiber/Plastic;;2023-11-07;MFL;2023-01-01;;
DEU001850300;;DEU;;;0.00;2.47;0.00;;7.00;6.09;GLUECKAUF;POG3;POG3;;;N;;N;;;;;FX;;GNS, NO;7.00;0.00;;;1951-09-04;C19;;;1992-08-17
DEU001860300;;DEU;;;0.00;3.36;0.00;;6.90;0.00;NEPTUN;POG4;POG4;;;N;;N;;;;;FX;;GNS, NO;23.00;0.00;;;1971-01-01;C19;;;1992-08-17
DEU001870300;;DEU;;;0.00;12.30;0.00;;13.00;12.00;DIANA;TER5;TER5;;;N;;N;;;;;FX;;TBB, OTB;26.00;0.00;;;1940-01-01;C12;;;1992-08-17
DEU001880300;;DEU;;;0.00;1.59;0.00;;5.20;4.52;GERDA;TER6;TER6;;;N;;N;;;;;FX;;GNS, NO;8.00;0.00;;;1966-04-01;C19;;;1992-08-17
DEU001890300;;DEU;;;15.00;15.30;0.00;;14.06;12.99;JOHANNE;NOR202;NOR202;Norddeich;;Y;DD3833;N;;;;;TUB;;TBB, OTB;107.00;0.00;Wood;;1957-03-27;4C5;1956-01-01;;2002-01-15
DEU001900300;211521000;DEU;;;26.00;0.00;0.00;;15.62;13.86;ERNA;GRE2;GRE2;Greetsiel;;Y;DCOH;Y;Y;Y;;;TU;;TBB, OTB;110.00;0.00;Wood;;1972-04-20;MFL;1972-01-01;;2023-11-30
DEU001900654;;DEU;;;1.00;0.00;0.00;;5.06;0.00;PEARL;NIE3;NIE3;Niendorf Ostsee;;N;;N;N;N;;;GO;;GNS, LLS;19.00;0.00;Fiber/Plastic;;2009-11-09;MFL;2009-01-01;;
DEU001910300;;DEU;;;28.00;24.10;0.00;;15.97;14.38;JAN LOODEN;GRE13;GRE13;Greetsiel;;Y;DCRA;Y;;;;;TUB;;TBB, OTB;221.00;0.00;Wood;;1974-10-21;MFL;1974-01-01;2009-03-03;
DEU001910654;;DEU;;;1.00;0.00;0.00;;6.10;0.00;Lütt Johann;TAR21N;TAR21N;Tarnewitz;;N;;N;N;N;;;GO;;GNS, LLS;37.00;0.00;Fiber/Plastic;;2011-06-20;MFL;1980-01-01;;2021-05-01
DEU001920300;;DEU;;;0.00;12.55;0.00;;11.75;10.22;SEEFALKE;VAR11;VAR11;Varel;;N;;N;;;;;TUB;;TBB, OTB;140.00;0.00;Wood;;1940-01-01;C12;1932-01-01;;1993-02-10
DEU001930300;;DEU;;;0.00;13.09;0.00;;13.91;12.38;GARNELE;NOR1;NOR1;Nordenham;;N;;N;;;;;TUB;;TBB, NO;85.00;0.00;Wood;;1961-12-31;C19;1961-01-01;;1992-08-17
DEU001940300;;DEU;;;0.00;6.00;0.00;;8.20;0.00;HAY;TOEN2;TOEN2;Tönning;;N;;N;;;;;TUB;;TBB, OTB;40.00;0.00;Wood;;1961-12-31;C11;1961-01-01;;1992-08-04
DEU001950300;;DEU;;;0.00;15.61;0.00;;13.80;13.05;RUEM HART 2;SPI9;SPI9;;;Y;DIVK;N;;;;;FX;;TBB, OTB;130.00;0.00;;;1957-12-31;4;;1990-05-31;
DEU001980300;211363300;DEU;;;221.00;0.00;0.00;;38.65;35.75;SIEBENNUS GERJETS;HOO71;HOO71;Hooksiel;;Y;DCYE;Y;Y;Y;9001899;;DB;;DRB, TBB;600.00;529.00;Metal;;1990-11-28;MFL;1990-01-01;;
DEU001990300;;DEU;;;49.00;31.90;0.00;;17.52;15.81;MAGELLAN;GRE4;GRE4;;;Y;DMXQ;Y;;;;;FX;;TBB, OTB;184.00;0.00;Metal;;1991-02-01;MFL;1990-01-01;;
DEU002000300;;DEU;;;150.00;0.00;0.00;;23.97;21.07;AALTJE VISSER;NG15;NG15;Emden;;Y;DFRA;Y;;;9187203;;TUB;;TBB, OTB;220.00;0.00;Metal;;1998-06-24;MFL;1997-01-01;;
DEU002010300;;DEU;;;45.00;28.65;0.00;;16.98;14.93;RUBIN;FED12;FED12;;;Y;DDIT;Y;;;;;FX;;TBB, OTB;220.00;0.00;Metal;;1991-08-14;MFL;1991-01-01;;
DEU002020300;;DEU;;;86.00;0.00;0.00;;23.96;22.38;SIRIUS;SC40;SC40;;;Y;DFMP;Y;;;;;FX;;TBB, OTB;221.00;0.00;Metal;;1991-10-09;MFL;1990-01-01;;2017-04-13
DEU002030300;211317290;DEU;;;81.00;0.00;0.00;;23.39;21.28;MADONNA;SU14;SU14;Nordstrand;;Y;DFPD;Y;Y;Y;9107629;;TU;;TBB, OTB;220.00;93.00;Metal;;1994-11-25;MFL;1994-01-01;;
DEU002040300;211587000;DEU;;;62.00;0.00;0.00;;18.90;17.06;AMISIA;DIT6;DIT6;;;Y;DQNW;Y;Y;Y;;;TU;;TBB, OTB;221.00;0.00;Metal;;1996-04-09;MFL;1995-01-01;;
DEU002050300;211590000;DEU;;;62.00;0.00;0.00;;18.97;17.06;JAN;POG1;POG1;Pogum;;Y;DQQH;Y;Y;Y;;;TU;;TBB, OTB, FPO;221.00;0.00;Metal;;1996-03-28;MFL;1996-01-01;;
DEU002060300;;DEU;;;62.00;0.00;0.00;;18.98;17.06;STIENE BRUHNS;DIT3;DIT3;;;Y;DQNX;Y;;;;;FX;;TBB, OTB;216.00;0.00;Metal;;1996-04-04;MFL;1996-01-01;;
DEU002070300;211586000;DEU;;;62.00;0.00;0.00;;18.99;17.06;MARTHA BRUHNS;DIT1;DIT1;Ditzum;;Y;DQQJ;Y;Y;Y;;;TU;;TBB, OTB, FPO;216.00;0.00;Metal;;1996-06-10;MFL;1996-01-01;;
DEU002080300;211589000;DEU;;;62.00;0.00;0.00;;18.90;17.06;GEEN TIED;GRE21;GRE21;Greetsiel;;Y;DQQY;Y;Y;Y;;;TU;;TBB, OTB, FPO;221.00;0.00;Metal;;1996-07-23;MFL;1996-01-01;;
DEU002090300;211105000;DEU;;;193.00;0.00;0.00;;35.15;32.77;ANNA;NOR214;NOR214;Norddeich;;Y;DQUQ;Y;Y;Y;8933576;;DB;;DRB, NO;560.00;371.00;Metal;;1997-05-20;MFL;1997-01-01;;
DEU002100300;;DEU;;;27.00;0.00;0.00;;14.65;13.41;SEESTERN;FED2;FED2;;;Y;DDHZ;N;;;;;FX;;TBB, OTB;216.00;0.00;Metal;;2000-04-14;MFL;1999-01-01;;
DEU002110300;211332750;DEU;;;158.00;0.00;0.00;;23.80;21.32;JADE;BRA7;BRA7;Brake;;Y;DDIV;Y;Y;Y;9226243;;TU;;TBB, OTB;367.00;0.00;Metal;;2000-06-05;MFL;2000-01-01;;
DEU002120300;211102000;DEU;;;2348.00;0.00;0.00;;80.35;73.65;BALDVIN;NC101;NC101;Cuxhaven;;Y;DFIT;Y;Y;Y;9048902;;TTP;;OTB, OTM;3000.00;536.00;Metal;;1992-12-31;MFL;1992-01-01;;2024-02-26
DEU002130300;;DEU;;;51.00;0.00;0.00;;19.75;17.72;NORDLICHT;GRE10;GRE10;;;Y;DBWY;Y;;;;;FX;;TBB, OTB;221.00;0.00;Metal;;2003-03-19;MFL;2002-01-01;;
DEU002140300;;DEU;;;345.00;0.00;0.00;;45.54;43.29;ROYAL FRYSK;HOO70;HOO70;;;Y;DCZY;Y;;;9284099;;FX;;DRB, TBB;750.00;732.00;Metal;;2003-10-07;MFL;2003-01-01;;
DEU002150300;;DEU;;;2385.00;0.00;0.00;;67.00;59.33;SUNDABERG;NC102;NC102;;;Y;DMEL;Y;;;;;FX;;OTB, OTM;3604.00;0.00;Metal;;1988-12-31;MFL;1988-01-01;;
DEU002160300;211626000;DEU;;;59.00;0.00;0.00;;21.99;19.88;ALBATROS;GRE6;GRE6;Greetsiel;;Y;DCBF;Y;Y;Y;;;TU;;TBB, OTB;221.00;0.00;Metal;;2005-01-18;MFL;2004-01-01;;
DEU002170300;211438440;DEU;;;13.00;0.00;0.00;;11.85;10.80;SOLEA;DOR9;DOR9;Dorum;;Y;DDIX;Y;Y;Y;;;TU;;TBB, NO;118.00;0.00;Metal;;2001-08-23;MFL;1999-01-01;;2023-03-08
DEU002180300;211518140;DEU;;;72.00;0.00;0.00;;19.99;17.37;LAMBERT;GRE37;GRE37;Greetsiel;;Y;DCFE2;Y;Y;Y;8450172;;TU;;TBB, OTB;221.00;0.00;Metal;;2011-01-10;MFL;2010-01-01;;
DEU002190300;211593750;DEU;;;432.00;0.00;0.00;;35.90;31.37;HELGOLAND;NC322;NC322;Cuxhaven;;Y;DFKR;Y;Y;Y;9683300;;TTW;;OTB, SDN;1326.00;199.00;Metal;;2013-02-27;MFL;2012-01-01;;
DEU002200300;218830000;DEU;;;3969.00;0.00;0.00;;81.22;75.54;CUXHAVEN;NC100;NC100;Cuxhaven;;Y;DFQH;Y;Y;Y;9782778;;TTP;;OTB, OTM;3600.00;2560.00;Metal;;2017-08-16;MFL;2017-01-01;;
DEU002210300;218832000;DEU;;;3969.00;0.00;0.00;;81.22;75.54;BERLIN;NC105;NC105;Cuxhaven;;Y;DFQB;Y;Y;Y;9782780;;TTP;;OTB, OTM;3600.00;2560.00;Metal;;2017-12-01;MFL;2017-01-01;;
DEU002220300;211789180;DEU;;;684.00;0.00;0.00;;35.30;32.70;IRIS;NC302;NC302;Cuxhaven;;Y;DFKA;Y;Y;Y;9826055;;TTW;;OTB, OTM;1326.00;491.00;Metal;;2019-06-26;MFL;2017-11-08;;
DEU002230300;211789170;DEU;;;684.00;0.00;0.00;;35.30;32.70;Janne-Kristin;NC333;NC333;Cuxhaven;;Y;DFKB;Y;Y;Y;9826043;;TTW;;OTB, OTM;1326.00;450.00;Metal;;2019-01-07;MFL;2017-06-19;;
DEU002240300;;DEU;;;1.00;0.00;0.00;;6.03;0.00;JETTCHEN;DAN11N;DAN11N;Wilhelmshaven;;N;;N;N;N;;;WOP;;FPO, GNS;7.00;0.00;Fiber/Plastic;;2018-02-19;MFL;1977-01-01;;2024-11-19
DEU002250300;;DEU;;;3.00;0.00;0.00;;7.75;0.00;FK-WILHELMSHAVEN;DAN10N;DAN10N;;;N;;N;N;N;;;TU;;TBB, FPO;25.00;0.00;Fiber/Plastic;;2019-12-06;MFL;1955-01-01;;2020-07-16
DEU002260300;211325510;DEU;;;973.00;0.00;0.00;;53.55;50.16;KRISTIN;NC336;NC336;Cuxhaven;;Y;DFIR;Y;Y;Y;9900966;;TTW;;OTB, OTM;2309.00;852.00;Metal;;2020-05-15;MFL;2019-03-11;;
DEU002270300;;DEU;;;4.00;0.00;0.00;;7.90;0.00;FK-WILHELMSHAVEN;DAN12N;DAN12N;Wilhelmshaven;;N;;N;N;N;;;TU;;TBB, GNS, FPO;59.00;0.00;Fiber/Plastic;;2020-07-16;MFL;1985-01-01;;
DEU002280300;218004830;DEU;;;5997.00;0.00;0.00;;88.10;80.54;JAN MARIA;BX792;BX792;Bremerhaven;;Y;DDPQ;Y;Y;Y;9917397;;TTP;;OTB, OTT;7320.00;2600.00;Metal;;2023-09-01;MFL;2021-07-30;;
DEU002290300;211887330;DEU;;;4345.00;0.00;0.00;;84.00;76.78;BERLIN;NC107;NC107;Cuxhaven;;Y;DFQB;Y;Y;Y;9969558;;TTP;;OTB, OTM;5400.00;2425.00;Metal;;2024-02-27;MFL;2022-06-23;;
DEU002300300;;DEU;;;3.00;0.00;0.00;;7.98;0.00;Mistral;KNO1-N;KNO1-N;Emden;;N;;N;N;N;;;TU;;TBB;35.00;0.00;Metal;;2024-08-14;MFL;1988-01-01;;
DEU002310300;;DEU;;;1.00;0.00;0.00;;6.30;0.00;RIKI;OLD1N;OLD1N;Oldersum;;N;;N;N;N;;;TU;;TBB, NK;26.00;0.00;Metal;;2024-09-14;MFL;2009-01-01;;
DEU002320300;;DEU;;;3.00;0.00;0.00;;7.70;0.00;FK Arngast;DAN11N;DAN11N;Dangast;;N;;N;N;N;;;TU;;GNS, FPO, LHP;30.00;0.00;Fiber/Plastic;;2025-01-30;MFL;2000-01-01;;
DEU003330300;;DEU;;;8.00;4.92;0.00;;10.99;0.00;LIEKEDEELER;WIL5N;WIL5N;;;N;;N;;;;;FX;;GNS, NO;48.00;0.00;;;1985-01-01;4C1;;;2000-06-08
DEU003400300;;DEU;;;0.00;7.07;0.00;;10.00;0.00;HOFFNUNG;CUX9;CUX9;;;N;;N;;;;;FX;;GNS, TBB;66.00;0.00;;;1988-04-01;C19;;;1992-08-17
DEU003410300;;DEU;;;3.00;6.00;0.00;;7.90;0.00;ROSENGARTEN;CUX31N;CUX31N;Cuxhaven;;N;;N;;;;;TUB;;TBB, NO;37.00;0.00;Other;;1983-12-01;4C5;1983-01-01;;1998-10-05
DEU003430300;;DEU;;;3.00;0.00;0.00;;7.95;7.16;CELINE;WAR44N;WAR44N;;;Y;DA9418;N;N;N;;;GO;;GNS, LLS;57.00;0.00;Metal;;1996-11-15;MFL;1974-01-01;;
DEU003530300;;DEU;;;1.00;1.00;0.00;;6.00;0.00;JUPITER;BEN3N;BEN3N;;;N;;N;;;;;FX;;GNS, NO;22.00;0.00;;;1984-09-01;4C1;;;1998-05-07
DEU004700300;211342400;DEU;;;59.00;0.00;0.00;;19.70;17.80;CHRISTINE;FED4;FED4;Fedderwardersiel;;Y;DLIG;Y;Y;Y;8577255;;TU;;TBB, FPO, GNS, LHP, OTB;221.00;0.00;Metal;;1981-10-10;MFL;1981-01-01;;
DEU100010213;;DEU;;;1.00;0.00;0.00;;6.40;0.00;NINA;ECKE102;ECKE102;Eckernförde;;N;;N;N;N;;;GO;;GNS, GTR, LLS, FPO;7.00;0.00;Fiber/Plastic;;1969-03-01;MFL;1967-01-01;;
DEU100020213;;DEU;;;1.00;2.54;0.00;;6.00;0.00;---;FLE7A;FLE7A;;;N;;N;;;;;FX;;GNS, LLS;7.00;0.00;Wood;;1958-06-01;MFL;1958-01-01;;2010-10-06
DEU100030213;;DEU;;;1.00;1.99;0.00;;5.30;0.00;---;FLE21;FLE21;;;N;;N;;;;;FX;;GNS, LLS;4.00;0.00;Fiber/Plastic;;1967-09-15;MFL;1967-01-01;;2009-12-16
DEU100040213;;DEU;;;1.00;0.00;0.00;;6.10;0.00;---;FLE21;FLE21;Flensburg;;N;;N;N;N;;;GO;;GNS, FPO, GTR, LLS;7.00;0.00;Fiber/Plastic;;1982-06-01;MFL;1982-01-01;;
DEU100050213;;DEU;;;0.00;2.72;0.00;;6.20;0.00;---;FLE22;FLE22;;;N;;N;;;;;FX;;GNS, LLS;7.00;0.00;;;1980-05-01;C19;;;1993-10-11
DEU100100227;;DEU;;;3.00;6.01;0.00;;7.90;0.00;FELIX;KOL11;KOL11;;;N;;N;;;;;FX;;FPO, GNS;37.00;0.00;Fiber/Plastic;;1977-05-01;MFL;1977-01-01;;
DEU100110227;;DEU;;;0.00;7.00;0.00;;8.10;0.00;---;LAN3;LAN3;;;N;;N;;;;;FX;;DRB, LLS;29.00;0.00;;;1980-09-22;G16;;;1994-10-18
DEU100120227;;DEU;;;0.00;1.02;0.00;;3.80;0.00;---;LAN3A;LAN3A;;;N;;N;;;;;FX;;GNS, NK;3.00;0.00;;;1987-04-01;C19;;;1994-10-18
DEU100130227;;DEU;;;0.00;2.72;0.00;;6.20;0.00;---;LAN3B;LAN3B;;;N;;N;;;;;FX;;GNS, NK;0.00;0.00;;;1987-09-01;C19;;;1994-10-18
DEU100150227;;DEU;;;1.00;0.00;0.00;;7.10;0.00;GESA;LAN9;LAN9;Langballigau;;Y;DD5864;N;N;N;;;GO;;GNS, FPO, GTR;26.00;0.00;Fiber/Plastic;;1987-05-01;MFL;1980-01-01;;
DEU100160227;;DEU;;;1.00;0.00;0.00;;5.30;0.00;PETRA;LAN28;LAN28;Langballigau;;N;;N;N;N;;;GO;;GNS, LLS;5.00;0.00;Fiber/Plastic;;1991-12-31;MFL;1976-01-01;;2023-10-23
DEU100170225;;DEU;;;0.00;22.61;0.00;;12.60;0.00;BIRKNACK;WACK1;WACK1;;;N;;N;;;;;FX;;GNS, NK;121.00;0.00;;;1963-09-01;C19;;1992-12-15;
DEU100180225;;DEU;;;0.00;2.89;0.00;;6.40;0.00;---;WACK1A;WACK1A;;;N;;N;;;;;FX;;GNS, NK;13.00;0.00;;;1973-08-01;C19;;;1992-05-01
DEU100190225;;DEU;;;0.00;2.14;0.00;;5.50;0.00;---;WACK2;WACK2;;;N;;N;;;;;FX;;GNS, NK;0.00;0.00;;;1952-01-01;C19;;;1992-05-01
DEU100210210;;DEU;;;24.00;0.00;0.00;;14.65;14.19;MARIA;HEI22;HEI22;;;Y;DJDZ;N;;;;;FX;;OTB, LLD;221.00;0.00;Wood;;1959-01-01;MFL;1936-01-01;;
DEU100220210;;DEU;;;2.00;0.00;0.00;;6.40;0.00;INGA;FLE40FF;FLE40FF;Flensburg;;N;;N;N;N;;;GO;;GNS, FPO;4.00;0.00;Fiber/Plastic;;1973-10-23;MFL;1973-01-01;;
DEU100230210;;DEU;;;0.00;3.67;0.00;;7.20;0.00;PILGRIM;MAA2;MAA2;;;N;;N;;;;;FX;;GNS, OTB;16.00;0.00;;;1940-12-31;C19;;;1994-02-27
DEU100250210;;DEU;;;2.00;0.00;0.00;;7.71;0.00;ROEDE ORM;WIT2;WIT2;;;Y;DF2250;N;;;;;TUB;;TBB, GNS;16.00;0.00;Fiber/Plastic;;1983-01-16;MFL;1974-01-01;;2011-06-08
DEU100260210;;DEU;;;3.00;0.00;0.00;;8.85;0.00;MUTTI;MAA9;MAA9;Maasholm;;Y;DG3975;N;N;N;;;GO;;GNS, LLS;63.00;0.00;Fiber/Plastic;;1975-11-14;MFL;1975-01-01;;2022-01-21
DEU100270210;;DEU;;;25.00;19.92;0.00;;14.75;0.00;SEEHUND;MAA6;MAA6;;;Y;DJMK;N;;;;;FX;;GNS, OTB;191.00;0.00;Wood;;1950-06-14;MFL;1950-01-01;;2011-08-31
DEU100280210;;DEU;;;1.00;0.00;0.00;;7.10;0.00;LENA;MAA9;MAA9;;;N;;N;;;;;FX;;GNS, NO;15.00;0.00;Fiber/Plastic;;1983-04-01;MFL;1983-01-01;;2015-12-31
DEU100290210;;DEU;;;2.00;0.00;0.00;;7.95;0.00;SLIE;MAA16A;MAA16A;Maasholm;;Y;DJ5092;N;N;N;;;GO;;GNS, GTR, FPO;37.00;0.00;Fiber/Plastic;;1977-10-11;MFL;1977-01-01;;
DEU100310210;;DEU;;;26.00;24.50;0.00;;14.28;0.00;ANNE MARIA;MAA10;MAA10;;;Y;DLFG;N;;;;;FX;;OTB, PTB;214.00;0.00;Wood;;1976-04-12;MFL;1976-01-01;;
DEU100320210;;DEU;;;0.00;11.40;0.00;;11.25;0.00;MICHA;MAA11;MAA11;;;N;;N;;;;;FX;;GNS, NK;70.00;0.00;;;1936-12-31;C19;;1992-12-15;
DEU100330210;;DEU;;;0.00;15.97;0.00;;10.75;0.00;---;MAA13;MAA13;;;N;;N;;;;;FX;;GNS, NK;74.00;0.00;;;1956-05-09;4;;;1990-08-24
DEU100340210;;DEU;;;1.00;1.43;0.00;;4.50;0.00;---;MAA13A;MAA13A;;;N;;N;;;;;FX;;GNS, NK;3.00;0.00;Wood;;1991-12-31;MFL;1973-01-01;;2004-06-10
DEU100350210;;DEU;;;2.00;0.00;0.00;;7.71;0.00;MUKI II;MAA14;MAA14;Maasholm;;Y;DB8309;N;N;N;;;GO;;GNS, GTR, FPO, LLS;16.00;0.00;Fiber/Plastic;;1975-07-17;MFL;1975-01-01;;
DEU100360210;;DEU;;;1.00;0.00;0.00;;5.20;0.00;---;MAA16;MAA16;;;N;;N;;;;;FX;;GNS, NO;7.00;0.00;Fiber/Plastic;;1974-07-22;MFL;1974-01-01;;2012-12-12
DEU100370210;;DEU;;;5.00;6.07;0.00;;8.90;0.00;CHARLOTTE;MAA17;MAA17;;;N;;N;;;;;FX;;GNS, NK;59.00;0.00;Fiber/Plastic;;1981-01-15;MFL;1981-01-01;;2004-08-23
DEU100380210;;DEU;;;0.00;15.70;0.00;;13.90;0.00;HELENE;MAA19;MAA19;;;Y;DJEY;N;;;;;FX;;PTB, OTB;110.00;0.00;;;1958-09-30;G16;;1993-10-15;
DEU100390210;;DEU;;;1.00;2.63;0.00;;6.10;0.00;MINKA;MAA19A;MAA19A;;;N;;N;;;;;FX;;GNS, FPO;7.00;0.00;Fiber/Plastic;;1983-03-25;MFL;1970-01-01;;
DEU100400210;;DEU;;;2.00;6.00;0.00;;8.10;0.00;SOENKE;OEL11;OEL11;;;N;;N;;;;;FX;;GNS, NK;59.00;0.00;Fiber/Plastic;;1978-10-01;MFL;1978-01-01;;2004-10-11
DEU100410210;;DEU;;;0.00;2.89;0.00;;6.40;0.00;---;MAA55;MAA55;;;N;;N;;;;;FX;;GNS, NK;13.00;0.00;;;1973-05-10;C19;;;1994-12-20
DEU100420210;;DEU;;;0.00;2.54;0.00;;6.00;0.00;---;MAA2A;MAA2A;;;N;;N;;;;;FX;;GNS, NK;4.00;0.00;;;1974-07-31;4;;;1994-02-28
DEU100430209;;DEU;;;2.00;0.00;0.00;;7.50;7.10;BIRKNACK;ARN7;ARN7;Arnis;;Y;DG4415;N;N;N;;;GO;;GNS, FPO;37.00;0.00;Fiber/Plastic;;1977-01-15;MFL;1977-01-01;;
DEU100440209;;DEU;;;32.00;0.00;0.00;;14.56;0.00;MARGARETE;KAP3;KAP3;Kappeln;;Y;DJUU;N;N;Y;;;TTW;;OTB, PTB;220.00;0.00;Wood;;1966-05-14;MFL;1959-01-01;;
DEU100450209;;DEU;;;4.00;4.96;0.00;;8.38;0.00;SEESTERN;MAA5;MAA5;;;Y;DJ4035;N;;;;;FX;;OTB, GNS;69.00;0.00;Fiber/Plastic;;1979-06-21;MFL;1979-01-01;;
DEU100460209;;DEU;;;1.00;0.00;0.00;;5.10;0.00;---;KAP3A;KAP3A;;;N;;N;;;;;FX;;GNS, FPO;6.00;0.00;Fiber/Plastic;;1990-08-01;MFL;1975-01-01;;2016-06-03
DEU100470209;;DEU;;;0.00;1.22;0.00;;4.15;0.00;---;KAP5B;KAP5B;;;N;;N;;;;;FX;;GNS, NK;7.00;0.00;;;1991-12-31;C19;;;1994-10-18
DEU100480209;;DEU;;;0.00;13.30;0.00;;15.60;0.00;STADT ARNIS;KAP6;KAP6;;;Y;DF 3369;N;;;;;FX;;PTB, NO;200.00;0.00;;;1987-12-01;G16;;;1993-11-10
DEU100490209;211386120;DEU;;;3.00;0.00;0.00;;9.23;8.88;ODIN;HOR8;HOR8;Horumersiel;;Y;DJ4762;Y;N;N;;;TU;;TBB, GNS;65.00;0.00;Other;;1979-11-20;MFL;1979-01-01;;
DEU100500209;211561090;DEU;;;5.00;0.00;0.00;;9.54;9.05;GRETEN GESINE;MAA2;MAA2;Maasholm;;Y;DF4218;N;N;N;;;GO;;GNS, GTR;66.00;0.00;Fiber/Plastic;;1979-10-29;MFL;1979-01-01;;
DEU100510209;;DEU;;;4.00;0.00;0.00;;9.15;0.00;POMMERN;KROE1;KROE1;Kröslin;;Y;DJLV;N;N;N;;;GO;;GNS, LLS;51.00;0.00;Fiber/Plastic;;1983-07-09;MFL;1983-01-01;;2022-04-30
DEU100520209;;DEU;;;1.00;0.00;0.00;;5.25;0.00;---;KAP9A;KAP9A;Kappeln;;N;;N;N;N;;;GO;;GNS, NK;7.00;0.00;Fiber/Plastic;;1979-03-01;MFL;1979-01-01;;2022-07-14
DEU100540210;;DEU;;;0.00;31.24;0.00;;17.98;0.00;RITA;SM1;SM1;;;Y;DLZE;N;;;;;FX;;PTB, OTB;88.00;0.00;;;1973-04-25;G16;;;1992-10-21
DEU100550210;;DEU;;;46.00;36.50;0.00;;18.29;16.92;SIRIUS;SM2;SM2;;;Y;DJAM;Y;;;;;FX;;OTB, PTB;220.00;0.00;Wood;;1985-11-26;MFL;1966-01-01;;
DEU100560210;;DEU;;;67.00;61.00;0.00;;19.28;0.00;MARIECHEN;SM6;SM6;;;Y;DJJN;N;;;;;FX;;OTB, NO;221.00;0.00;;;1987-04-01;G16;;;
DEU100570210;;DEU;;;32.00;29.00;0.00;;16.02;15.06;ADLER;SM8;SM8;;;Y;DJND;Y;;;;;FX;;PTB, GNS;220.00;0.00;Wood;;1955-05-16;MFL;1942-01-01;;2011-10-25
DEU100590210;;DEU;;;0.00;35.06;0.00;;17.45;0.00;CHRISTA;SM12;SM12;;;Y;DKQO;N;;;;;FX;;OTB, PTB;154.00;0.00;;;1960-04-18;4;;;
DEU100600223;;DEU;;;2.00;0.00;0.00;;7.81;7.04;SEEIGEL;FRE21N;FRE21N;;;Y;DC4236;N;;;;;FX;;GNS, FPO;37.00;0.00;Fiber/Plastic;;1975-04-24;MFL;1975-01-01;;2011-09-19
DEU100610223;;DEU;;;0.00;20.55;0.00;;15.50;0.00;VORWAERTS;ARN2;ARN2;;;Y;DJNH;N;;;;;FX;;OTB, PTB;219.00;0.00;;;1948-12-31;4C3;;;2002-01-16
DEU100630223;;DEU;;;1.00;0.00;0.00;;5.20;0.00;BIRTHE;ARN2;ARN2;;;N;;N;;;;;FX;;GNS, NO;7.00;0.00;Fiber/Plastic;;1975-12-31;MFL;1975-01-01;;2016-08-12
DEU100640223;211500000;DEU;;;33.00;0.00;0.00;;17.88;15.68;GREIF;ARN4;ARN4;Arnis;;Y;DJDN;Y;Y;Y;;;TSW;;OTB, PTB;164.00;0.00;Wood;;1977-11-01;MFL;1949-01-01;;
DEU100650223;;DEU;;;1.00;2.77;0.00;;6.26;0.00;---;ARN11;ARN11;;;N;;N;;;;;FX;;GNS, FPO;4.00;0.00;Wood;;1963-11-29;MFL;1963-01-01;;
DEU100660223;;DEU;;;1.00;1.91;0.00;;5.20;0.00;---;ARN11A;ARN11A;;;N;;N;;;;;FX;;GNS, FPO;7.00;0.00;Fiber/Plastic;;1975-03-21;MFL;1974-01-01;;
DEU100670223;;DEU;;;0.00;2.99;0.00;;6.50;0.00;---;ARN11B;ARN11B;;;N;;N;;;;;FX;;GNS, NK;7.00;0.00;;;1983-04-01;C19;;;1996-09-10
DEU100680223;;DEU;;;0.00;6.00;0.00;;8.10;0.00;RASMUS;ARN13;ARN13;;;N;;N;;;;;FX;;GNS, NK;22.00;0.00;;;1978-04-01;4;;;1991-12-31
DEU100710223;;DEU;;;1.00;0.00;0.00;;5.25;0.00;SEEHASE;ARN4A;ARN4A;Arnis;;N;;N;N;N;;;GO;;GNS, FPO;24.00;0.00;Fiber/Plastic;;1973-05-05;MFL;1972-01-01;;
DEU100720223;;DEU;;;1.00;2.50;0.00;;5.95;0.00;STENBIDER;ARN2B;ARN2B;;;N;;N;;;;;FX;;GNS, FPO;13.00;0.00;Fiber/Plastic;;1979-04-01;MFL;1979-01-01;;2010-02-24
DEU100730232;;DEU;;;1.00;1.77;0.00;;5.00;0.00;ULLA II;KET2;KET2;;;N;;N;;;;;FX;;GNS, NK;7.00;0.00;Fiber/Plastic;;1971-01-01;MFL;1971-01-01;;2005-06-11
DEU100740210;;DEU;;;1.00;2.54;0.00;;6.00;0.00;---;MAA6B;MAA6B;;;N;;N;;;;;FX;;GNS, NK;0.00;0.00;Wood;;1974-02-19;MFL;1949-01-01;;2009-03-03
DEU100750217;;DEU;;;1.00;0.00;0.00;;6.40;0.00;---;SCHLE1;SCHLE1;Schleswig;;N;;N;N;N;;;GO;;GNS, FPO;7.00;0.00;Fiber/Plastic;;1974-06-01;MFL;1974-01-01;;
DEU100760217;;DEU;;;0.00;1.99;0.00;;5.30;0.00;---;SCHLE1A;SCHLE1A;;;N;;N;;;;;FX;;GNS, NK;6.00;0.00;;;1991-12-31;C19;;;1994-10-18
DEU100770217;;DEU;;;0.00;1.99;0.00;;5.30;0.00;---;SCHLE2;SCHLE2;;;N;;N;;;;;FX;;GNS, LLS;4.00;0.00;;;1968-10-23;C19;;;1994-10-18
DEU100780217;;DEU;;;1.00;0.00;0.00;;6.50;0.00;---;SCHLE3;SCHLE3;;;N;;N;;;;;FX;;GNS, FPO;7.00;0.00;Fiber/Plastic;;1979-04-01;MFL;1979-01-01;;2007-04-24
DEU100790217;;DEU;;;0.00;1.99;0.00;;5.30;0.00;---;SCHLE6;SCHLE6;;;N;;N;;;;;FX;;GNS, NK;4.00;0.00;;;1973-04-03;C19;;;1993-05-10
DEU100800217;;DEU;;;0.00;1.77;0.00;;5.00;0.00;---;SCHLE6A;SCHLE6A;;;N;;N;;;;;FX;;GNS, NK;0.00;0.00;;;1963-06-22;C19;;;1993-05-10
DEU100810217;;DEU;;;0.00;3.71;0.00;;7.25;0.00;---;SCHLE7;SCHLE7;;;N;;N;;;;;FX;;GNS, NK;7.00;0.00;;;1968-07-09;C19;;;1994-10-18
DEU100820217;;DEU;;;1.00;0.00;0.00;;5.50;0.00;MAGISTER WIGBOLD;SCHLE8;SCHLE8;Schleswig;;N;;N;N;N;;;GO;;GNS, GTR;7.00;0.00;Wood;;1967-02-15;MFL;1967-01-01;;2025-07-10
DEU100830217;;DEU;;;1.00;0.00;0.00;;6.40;0.00;HEIN UNBESCHEIDEN;SCHLE8A;SCHLE8A;;;N;;N;N;N;;;GO;;GNS, NO;8.00;0.00;Fiber/Plastic;;1988-03-01;MFL;1988-01-01;;2018-07-26
DEU100840217;;DEU;;;0.00;5.72;0.00;;9.00;0.00;---;SCHLE9A;SCHLE9A;;;N;;N;;;;;FX;;GNS, NO;0.00;0.00;;;1950-01-01;C19;;;1994-10-18
DEU100850217;;DEU;;;1.00;0.00;0.00;;6.10;0.00;---;SCHLE11;SCHLE11;;;N;;N;;;;;FX;;GNS, FPO;7.00;0.00;Fiber/Plastic;;1980-06-11;MFL;1978-01-01;;
DEU100860217;;DEU;;;0.00;1.77;0.00;;5.00;0.00;---;SCHLE16;SCHLE16;;;N;;N;;;;;FX;;GNS, NK;7.00;0.00;;;1980-01-01;C19;;;1993-01-01
DEU100870217;;DEU;;;0.00;2.54;0.00;;6.00;0.00;---;SCHLE18;SCHLE18;;;N;;N;;;;;FX;;GNS, NK;7.00;0.00;;;1962-03-09;C19;;;1993-05-10
DEU100880217;;DEU;;;1.00;1.91;0.00;;5.00;0.00;---;SCHLE18;SCHLE18;;;N;;N;;;;;FX;;GNS, NO;7.00;0.00;Fiber/Plastic;;1975-07-31;MFL;1975-01-01;;2009-12-04
DEU100910217;;DEU;;;1.00;2.50;0.00;;5.95;0.00;---;SCHLE25;SCHLE25;;;N;;N;;;;;FX;;GNS, NK;7.00;0.00;Fiber/Plastic;;1979-01-01;MFL;1979-01-01;;2009-09-03
DEU100920217;;DEU;;;15.00;0.00;0.00;;11.54;10.54;FILIUS;SCHLE26;SCHLE26;Schleswig;;Y;DLXF;N;N;N;;;TTW;;OTB, GNS;101.00;0.00;Fiber/Plastic;;1985-03-01;MFL;1984-01-01;;
DEU100940217;;DEU;;;0.00;1.99;0.00;;5.30;0.00;---;SCHLE34;SCHLE34;;;N;;N;;;;;FX;;GNS, NK;4.00;0.00;;;1969-04-24;C19;;;1994-12-20
DEU100950210;;DEU;;;0.00;2.72;0.00;;6.20;0.00;---;MAA3;MAA3;;;N;;N;;;;;FX;;PTB, GNS;7.00;0.00;;;1962-12-31;C19;;;1993-06-18
DEU100960210;;DEU;;;4.00;0.00;0.00;;9.24;9.00;---;WAR27;WAR27;Warnemünde;;Y;DJNI;N;N;N;;;GO;;GNS, FPO;62.00;0.00;Fiber/Plastic;;1990-03-12;MFL;1985-01-01;;
DEU100970210;;DEU;;;0.00;1.56;0.00;;4.70;0.00;---;MAA17A;MAA17A;;;N;;N;;;;;FX;;GNS, LLS;18.00;0.00;;;1990-12-31;C19;;;1992-09-22
DEU100980210;;DEU;;;1.00;2.54;0.00;;6.00;0.00;---;MAA20A;MAA20A;;;N;;N;;;;;FX;;GNS, LLS;18.00;0.00;Fiber/Plastic;;1990-06-19;MFL;1978-01-01;;
DEU100990210;;DEU;;;1.00;2.54;0.00;;6.00;0.00;---;MAA20B;MAA20B;;;N;;N;;;;;FX;;GNS, NK;4.00;0.00;Wood;;1964-02-16;MFL;1964-01-01;;2008-12-08
DEU101000210;;DEU;;;13.00;10.85;0.00;;11.58;10.50;MEERU;FRE87;FRE87;;;N;;N;;;;;FX;;GNS, LLS;36.00;0.00;Wood;;1967-12-20;MFL;1947-01-01;;2008-02-01
DEU101000402;;DEU;;;7646.00;0.00;0.00;;125.53;117.29;JAN MARIA;BX791;BX791;;;Y;DFDJ;Y;Y;Y;;;TTP;;OTM, NO;6000.00;2880.00;Metal;;1988-12-02;MFL;1988-01-01;;
DEU101010227;;DEU;;;1.00;2.89;0.00;;6.40;0.00;---;LAN6;LAN6;;;N;;N;;;;;FX;;GNS, NK;26.00;0.00;;;1991-12-31;4C1;;;1997-10-02
DEU101020210;;DEU;;;1.00;1.91;0.00;;5.20;0.00;---;MAA11;MAA11;;;N;;N;;;;;FX;;GNS, FPO;18.00;0.00;;;1991-05-24;4C1;;;2001-04-09
DEU101030210;;DEU;;;1.00;0.00;0.00;;5.30;0.00;---;MAA32;MAA32;;;N;;N;;;;;FX;;GNS, NK;23.00;0.00;Fiber/Plastic;;1991-12-31;MFL;1968-01-01;;2006-04-27
DEU101040225;;DEU;;;1.00;2.13;0.00;;4.75;0.00;---;WACK2;WACK2;;;N;;N;;;;;FX;;GNS, FPO;22.00;0.00;Fiber/Plastic;;1992-03-23;MFL;1992-01-01;;2008-09-08
DEU101050213;;DEU;;;2.00;3.88;0.00;;7.40;0.00;NORFRI;FLE42;FLE42;;;N;;N;;;;;FX;;GNS, NO;26.00;0.00;Fiber/Plastic;;1992-07-10;MFL;1989-01-01;;2003-02-06
DEU101070223;;DEU;;;0.00;2.18;0.00;;5.55;0.00;---;ARN1;ARN1;;;N;;N;;;;;FX;;GNS, NK;7.00;0.00;;;1993-01-19;C19;;;1993-12-17
DEU101080209;;DEU;;;1.00;0.00;0.00;;4.15;0.00;BIBER;KAP13;KAP13;;;N;;N;;;;;FX;;GNS, NO;7.00;0.00;Fiber/Plastic;;1993-02-15;MFL;1963-01-01;;2010-02-24
DEU101090227;;DEU;;;1.00;0.00;0.00;;5.60;0.00;ODIN;OHR11;OHR11;;;N;;N;N;N;;;GO;;GNS, FPO;18.00;0.00;Fiber/Plastic;;1993-03-15;MFL;1981-01-01;;2021-07-12
DEU101100210;;DEU;;;4.00;0.00;0.00;;9.20;0.00;NORDSTERN;HEIL13;HEIL13;;;Y;DLYE;N;;;;;FX;;GNS, LLS;72.00;0.00;Fiber/Plastic;;1994-01-21;MFL;1976-01-01;;2012-01-11
DEU101100217;;DEU;;;0.00;2.50;0.00;;5.85;0.00;---;SCHLE4;SCHLE4;;;N;;N;;;;;FX;;GNS, NK;11.00;0.00;;;1993-04-21;C19;;;1994-01-06
DEU101120217;;DEU;;;2.00;0.00;0.00;;6.00;0.00;---;SCHLE12;SCHLE12;Schleswig;;N;;N;N;N;;;GO;;GNS, LLS;7.00;0.00;Fiber/Plastic;;1982-01-01;MFL;1982-01-01;;
DEU101130217;;DEU;;;2.00;0.00;0.00;;6.46;0.00;LAURIN;SCHLE6;SCHLE6;Schleswig;;N;;N;N;N;;;GO;;GNS, GTR, LLS, FPO;7.00;0.00;Fiber/Plastic;;1970-12-31;MFL;1970-01-01;;
DEU101140217;;DEU;;;1.00;1.77;0.00;;5.00;0.00;---;SCHLE26B;SCHLE26B;;;N;;N;;;;;FX;;GNS, LLS;20.00;0.00;;;1975-01-01;4C1;;;2001-11-14
DEU101150223;;DEU;;;4.00;0.00;0.00;;8.12;0.00;SEEADLER;FRE82;FRE82;;;N;;N;N;N;;;GO;;GNS, LLS;55.00;0.00;Fiber/Plastic;;1995-10-30;MFL;1978-01-01;;
DEU101160209;;DEU;;;2.00;0.00;0.00;;6.10;0.00;---;KAP40;KAP40;;;N;;N;;;;;FX;;GNS, FPO;15.00;0.00;Fiber/Plastic;;1995-05-19;MFL;1977-01-01;;2007-04-24
DEU101170217;;DEU;;;2.00;2.80;0.00;;6.30;0.00;---;SCHLE12A;SCHLE12A;;;N;;N;;;;;FX;;GNS, FPO;23.00;0.00;Fiber/Plastic;;1980-12-31;MFL;1980-01-01;;2003-05-22
DEU101180210;;DEU;;;1.00;0.00;0.00;;5.70;0.00;---;MAA1C;MAA1C;;;N;;N;;;;;FX;;GNS, FPO;0.00;0.00;Fiber/Plastic;;1970-01-02;MFL;1970-01-01;;2013-01-01
DEU101190210;;DEU;;;2.00;0.00;0.00;;6.30;0.00;Silke;MAA3;MAA3;Maasholm;;Y;DH5908;N;N;N;;;GO;;GNS, GTR, LLS, FPO;32.00;0.00;Fiber/Plastic;;1986-01-01;MFL;1986-01-01;;
DEU101200223;;DEU;;;8.00;8.00;0.00;;9.88;0.00;CARINA;ARN9;ARN9;;;N;;N;;;;;FX;;GNS, OTB;123.00;0.00;Fiber/Plastic;;1997-06-30;MFL;1983-01-01;;
DEU101210209;;DEU;;;1.00;0.00;0.00;;5.18;0.00;BUTT;KAP250;KAP250;;;N;;N;;;;;FX;;FPO, LLS;22.00;0.00;Fiber/Plastic;;1999-05-05;MFL;1998-01-01;;
DEU101220209;;DEU;;;1.00;0.00;0.00;;5.00;0.00;KARIN;KAP24;KAP24;;;N;;N;;;;;FX;;GNS, FPO;4.00;0.00;Fiber/Plastic;;2000-06-23;MFL;2000-01-01;;2015-06-11
DEU101230213;;DEU;;;1.00;0.00;0.00;;7.84;0.00;JENNI;BUES2;BUES2;;;N;;N;;;;;FX;;GNS, TBB;14.00;0.00;Fiber/Plastic;;2000-06-19;MFL;1983-01-01;;2011-01-01
DEU101240210;;DEU;;;1.00;0.00;0.00;;6.10;0.00;Elbe I;MAA11;MAA11;Maasholm;;N;;N;N;N;;;GO;;GNS, FPO;18.00;0.00;Fiber/Plastic;;2001-04-06;MFL;2001-01-01;;2024-05-29
DEU101250217;;DEU;;;1.00;0.00;0.00;;5.95;0.00;---;SCHLE11A;SCHLE11A;;;Y;DD7488;N;;;;;FX;;GNS, FPO;20.00;0.00;Fiber/Plastic;;2001-11-14;MFL;2001-01-01;;
DEU101260209;;DEU;;;3.00;0.00;0.00;;6.15;0.00;JAN LASSE;KAP4;KAP4;;;Y;DB8682;N;N;N;;;GO;;GNS, NK;59.00;0.00;Fiber/Plastic;;2003-01-01;MFL;2002-01-01;;
DEU101270209;;DEU;;;2.00;0.00;0.00;;6.30;0.00;RASMUS;MAA35;MAA35;;;N;;N;N;N;;;GO;;GNS, FPO;6.00;0.00;Fiber/Plastic;;2003-05-14;MFL;1980-01-01;;
DEU101280217;211691070;DEU;;;2.00;0.00;0.00;;6.15;0.00;NINA;MAA9;MAA9;Maasholm;;Y;DD8650;N;N;N;;;GO;;GNS, GTR, FPO, LLS;23.00;0.00;Fiber/Plastic;;2003-05-16;MFL;2003-01-01;;
DEU101290210;;DEU;;;2.00;0.00;0.00;;6.20;0.00;ANNA;MAA33;MAA33;;;N;;N;;;;;FX;;GNS, FPO;49.00;0.00;Fiber/Plastic;;2003-05-19;MFL;2003-01-01;;
DEU101300210;211705040;DEU;;;2.00;0.00;0.00;;6.20;0.00;MERLE;MAA23;MAA23;Maasholm;;Y;DB8777;N;N;N;;;GO;;GNS, FPO, GTR, LLS;26.00;0.00;Fiber/Plastic;;2004-04-02;MFL;2004-01-01;;
DEU101310209;;DEU;;;1.00;0.00;0.00;;5.25;0.00;---;KAP12;KAP12;;;N;;N;;;;;GO;;GNS, NO;5.00;0.00;Fiber/Plastic;;2004-10-15;MFL;1982-01-01;;2015-05-19
DEU101320223;;DEU;;;1.00;0.00;0.00;;5.30;0.00;---;ARN32;ARN32;;;N;;N;N;N;;;GO;;GNS, FPO;12.00;0.00;Fiber/Plastic;;2005-01-31;MFL;2004-01-01;;
DEU101330213;;DEU;;;53.00;0.00;0.00;;17.72;16.72;Irene;FLE3;FLE3;;;Y;DJJT;Y;Y;Y;;;DB;;DRB, NO;252.00;0.00;Wood;;2005-09-06;MFL;1951-01-01;;2020-06-15
DEU101340217;;DEU;;;1.00;0.00;0.00;;5.30;0.00;---;SCHLE10;SCHLE10;;;N;;N;;;;;FX;;GNS, FPO;7.00;0.00;Fiber/Plastic;;2005-11-15;MFL;1985-01-01;;
DEU102000402;;DEU;;;0.00;940.00;0.00;;51.57;44.00;DRESDEN;NC107;NC107;;;Y;DEPZ;N;;;;;FX;;OTB, NO;1765.00;161.00;;;1977-04-01;1;;;1993-10-14
DEU103000402;;DEU;;;0.00;940.00;0.00;;51.57;44.00;DARMSTADT;NC108;NC108;;;Y;DEQC;N;;;;;FX;;OTB, NO;1765.00;161.00;;;1977-06-01;1;;;1993-10-14
DEU104000217;;DEU;;;1.00;1.84;0.00;;5.10;0.00;---;SCHLE6;SCHLE6;;;N;;N;;;;;FX;;GNS, FPO;4.00;0.00;;;1992-01-01;4C1;;;1998-05-05
DEU104000301;;DEU;;;0.00;932.73;0.00;;54.58;50.43;BONN;NC103;NC103;;;Y;DEQG;N;;;;;FX;;OTB, OTM;1765.00;378.00;;;1978-04-01;1;;;1993-10-14
DEU104010217;;DEU;;;1.00;0.00;0.00;;5.00;0.00;---;SCHLE16;SCHLE16;Schleswig;;N;;N;N;N;;;GO;;GNS, FPO;7.00;0.00;Fiber/Plastic;;1980-12-31;MFL;1980-01-01;;2025-09-04
DEU104020217;;DEU;;;1.00;2.98;0.00;;6.50;0.00;---;SCHLE20;SCHLE20;;;N;;N;;;;;FX;;GNS, FPO;7.00;0.00;Fiber/Plastic;;1990-12-02;MFL;1973-01-01;;2013-02-25
DEU104030217;;DEU;;;1.00;1.98;0.00;;5.30;0.00;---;SCHLE20A;SCHLE20A;;;N;;N;;;;;FX;;GNS, FPO;6.00;0.00;Fiber/Plastic;;1990-12-02;MFL;1967-01-01;;2013-02-26
DEU104040213;;DEU;;;4.00;5.72;0.00;;9.00;0.00;RITA;FLE1;FLE1;;;N;;N;;;;;FX;;GNS, FPO;16.00;0.00;;;1981-10-01;4C1;;;2001-12-05
DEU104050213;;DEU;;;1.00;2.54;0.00;;6.00;0.00;---;FLE1A;FLE1A;;;N;;N;;;;;FX;;GNS, FPO;6.00;0.00;Wood;;1992-01-01;MFL;1992-01-01;;2003-11-03
DEU104060213;;DEU;;;1.00;1.25;0.00;;4.20;0.00;---;FLE2;FLE2;;;N;;N;;;;;FX;;GNS, FPO;3.00;0.00;;;1989-08-07;4C1;;;1997-12-16
DEU104070213;;DEU;;;3.00;5.08;0.00;;8.48;0.00;---;FLE4;FLE4;;;N;;N;;;;;FX;;GNS, FPO;18.00;0.00;Wood;;1987-04-01;MFL;1947-01-01;;2003-09-30
DEU104080213;;DEU;;;1.00;1.57;0.00;;4.70;0.00;---;FLE5;FLE5;;;N;;N;;;;;FX;;GNS, FPO;4.00;0.00;Fiber/Plastic;;1981-12-31;MFL;1981-01-01;;2012-11-05
DEU104090213;;DEU;;;1.00;1.56;0.00;;4.70;0.00;---;NEU17B;NEU17B;;;N;;N;;;;;FX;;GNS, LLS;15.00;0.00;Fiber/Plastic;;1990-06-13;MFL;1988-01-01;;
DEU104100213;;DEU;;;3.00;0.00;0.00;;8.20;0.00;---;FLE8;FLE8;;;N;;N;;;;;FX;;GNS, FPO;32.00;0.00;Wood;;1985-10-01;MFL;1975-01-01;;2016-08-31
DEU104110213;;DEU;;;3.00;5.72;0.00;;9.00;0.00;---;FLE10;FLE10;;;N;;N;;;;;FX;;GNS, FPO;22.00;0.00;;;1990-12-10;4C1;;;2001-12-18
DEU104120213;;DEU;;;1.00;2.14;0.00;;5.50;0.00;KARIN;FLE11;FLE11;;;N;;N;;;;;FX;;GNS, FPO;18.00;0.00;Fiber/Plastic;;1990-06-01;MFL;1973-01-01;;2012-06-05
DEU104130213;;DEU;;;1.00;1.50;0.00;;4.60;0.00;PULLE;FLE12;FLE12;;;N;;N;;;;;FX;;GNS, FPO;4.00;0.00;;;1991-12-31;4C1;;;1999-06-01
DEU104140213;;DEU;;;1.00;0.00;0.00;;4.70;0.00;KIKKI;FLE13;FLE13;Flensburg;;N;;N;N;N;;;GO;;GNS, FPO;29.00;0.00;Fiber/Plastic;;1990-12-14;MFL;1987-01-01;;
DEU104150213;;DEU;;;1.00;1.56;0.00;;4.70;0.00;GILA;LAN25;LAN25;;;N;;N;;;;;FX;;GNS, FPO;18.00;0.00;;;1991-05-02;4C1;;;1997-12-16
DEU104160213;;DEU;;;1.00;0.00;0.00;;5.68;0.00;---;FLE16FF;FLE16FF;;;N;;N;;;;;FX;;GNS, FPO;6.00;0.00;Wood;;1990-03-29;MFL;1968-01-01;;2017-11-10
DEU104170213;;DEU;;;1.00;2.54;0.00;;6.00;0.00;---;FLE18A;FLE18A;;;N;;N;;;;;FX;;GNS, FPO;8.00;0.00;;;1979-09-17;4C1;;;2002-05-15
DEU104180213;;DEU;;;1.00;0.00;0.00;;5.06;0.00;---;FLE19;FLE19;Flensburg;;N;;N;N;N;;;GO;;GNS, FPO;11.00;0.00;Wood;;1992-01-01;MFL;1983-01-01;;
DEU104190213;;DEU;;;1.00;0.00;0.00;;5.30;0.00;---;FLE17;FLE17;Flensburg;;N;;N;N;N;;;GO;;GNS, FPO;4.00;0.00;Fiber/Plastic;;1967-09-15;MFL;1967-01-01;;2022-10-06
DEU104200213;;DEU;;;2.00;2.72;0.00;;6.20;0.00;---;FLE22;FLE22;;;N;;N;;;;;FX;;GNS, FPO;7.00;0.00;Fiber/Plastic;;1980-05-01;MFL;1980-01-01;;
DEU104210213;;DEU;;;2.00;3.26;0.00;;6.80;0.00;ORCA;MAA15;MAA15;;;N;;N;;;;;FX;;GNS, FPO;25.00;0.00;Fiber/Plastic;;1989-04-24;MFL;1980-01-01;;2007-07-11
DEU104220213;;DEU;;;1.00;1.63;0.00;;4.80;0.00;BILLE;MUN1;MUN1;;;N;;N;;;;;FX;;GNS, FPO;3.00;0.00;Wood;;1987-10-01;MFL;1987-01-01;;
DEU104230213;;DEU;;;2.00;2.80;0.00;;6.30;0.00;SEEADLER;FLE25;FLE25;;;N;;N;;;;;FX;;GNS, FPO;10.00;0.00;;;1992-01-01;4C1;;;2000-05-24
DEU104240213;;DEU;;;2.00;2.80;0.00;;6.25;0.00;---;KAP25;KAP25;;;N;;N;;;;;FX;;GNS, FPO;7.00;0.00;;;1970-12-31;4C1;;;2000-05-30
DEU104250213;;DEU;;;1.00;1.62;0.00;;4.80;0.00;MELLE;FLE29;FLE29;;;N;;N;;;;;FX;;GNS, FPO;4.00;0.00;Fiber/Plastic;;1989-04-19;MFL;1989-01-01;;2005-08-03
DEU104260213;;DEU;;;1.00;1.62;0.00;;4.60;0.00;---;FLE30;FLE30;;;N;;N;;;;;FX;;GNS, FPO;6.00;0.00;Fiber/Plastic;;1989-04-11;MFL;1985-01-01;;2003-08-21
DEU104270213;;DEU;;;1.00;0.00;0.00;;6.20;0.00;---;FRE78;FRE78;Freest;;N;;N;N;N;;;GO;;GNS, FPO;7.00;0.00;Fiber/Plastic;;1979-05-01;MFL;1975-01-01;;
DEU104280213;;DEU;;;1.00;0.00;0.00;;5.00;0.00;---;FLE27;FLE27;;;N;;N;;;;;FX;;GNS, FPO;12.00;0.00;Fiber/Plastic;;1991-05-24;MFL;1975-01-01;;2007-06-08
DEU104290213;;DEU;;;1.00;0.00;0.00;;6.07;0.00;KRISTINA;HEIL8;HEIL8;;;N;;N;;;;;FX;;GNS, FPO;7.00;0.00;Fiber/Plastic;;1963-04-30;MFL;1963-01-01;;2015-12-21
DEU104300213;;DEU;;;1.00;1.25;0.00;;4.20;0.00;---;FLE34;FLE34;;;N;;N;;;;;FX;;GNS, FPO;4.00;0.00;Fiber/Plastic;;1990-08-21;MFL;1990-01-01;;2003-05-19
DEU104310213;;DEU;;;1.00;1.49;0.00;;4.60;0.00;HAI;FLE35;FLE35;;;N;;N;;;;;FX;;GNS, FPO;11.00;0.00;Fiber/Plastic;;1991-03-07;MFL;1986-01-01;;2010-07-21
DEU104320213;;DEU;;;1.00;1.63;0.00;;4.80;0.00;---;FLE36;FLE36;;;N;;N;;;;;FX;;GNS, FPO;7.00;0.00;Fiber/Plastic;;1990-06-07;MFL;1990-01-01;;2011-09-29
DEU104330213;;DEU;;;1.00;0.00;0.00;;5.25;0.00;---;FLE37;FLE37;;;N;;N;N;N;;;GO;;GNS, FPO;6.00;0.00;Fiber/Plastic;;1987-04-01;MFL;1979-01-01;;2018-07-27
DEU104340213;;DEU;;;1.00;2.54;0.00;;6.00;0.00;ANJA;FLE38;FLE38;;;N;;N;;;;;FX;;GNS, FPO;7.00;0.00;Wood;;1983-10-03;MFL;1983-01-01;;2009-09-30
DEU104350213;;DEU;;;1.00;1.70;0.00;;4.90;0.00;---;RAN3;RAN3;;;N;;N;;;;;FX;;GNS, FPO;0.00;0.00;Fiber/Plastic;;1991-12-31;MFL;1977-01-01;;2004-03-29
DEU104360213;;DEU;;;1.00;1.77;0.00;;5.00;0.00;NICKI;FLE40;FLE40;;;N;;N;;;;;FX;;GNS, FPO;4.00;0.00;;;1988-06-24;C19;;;1996-09-10
DEU104370213;;DEU;;;1.00;1.63;0.00;;4.80;0.00;---;FLE51;FLE51;;;N;;N;;;;;FX;;GNS, FPO;5.00;0.00;;;1960-05-01;4C1;;;1997-12-16
DEU104380213;;DEU;;;1.00;1.49;0.00;;4.60;0.00;ANNE;FLE64;FLE64;;;N;;N;;;;;FX;;GNS, FPO;7.00;0.00;;;1982-08-01;4C1;;;2001-11-14
DEU104390213;;DEU;;;1.00;1.56;0.00;;4.70;0.00;JOSCHI II;FLE65;FLE65;;;N;;N;;;;;FX;;GNS, FPO;6.00;0.00;;;1992-01-01;4C1;;;1998-06-23
DEU104400213;;DEU;;;1.00;1.95;0.00;;5.25;0.00;BUTT;FLE66;FLE66;;;N;;N;;;;;FX;;GNS, FPO;13.00;0.00;Fiber/Plastic;;1987-07-21;MFL;1980-01-01;;2010-01-29
DEU104410213;;DEU;;;1.00;0.00;0.00;;5.62;0.00;---;FLE69A;FLE69A;;;N;;N;;;;;FX;;GNS, FPO;8.00;0.00;Fiber/Plastic;;1988-07-01;MFL;1969-01-01;;2006-09-08
DEU104420213;;DEU;;;3.00;0.00;0.00;;7.90;0.00;ODIN;LAN3;LAN3;;;Y;DH3396;N;;;;;FX;;GNS, FPO;45.00;0.00;Fiber/Plastic;;1991-12-31;MFL;1980-01-01;;
DEU104430213;;DEU;;;2.00;2.80;0.00;;6.30;0.00;---;FLE70;FLE70;;;N;;N;;;;;FX;;GNS, FPO;18.00;0.00;Fiber/Plastic;;1986-07-01;MFL;1979-01-01;;
DEU104440213;;DEU;;;1.00;1.81;0.00;;5.06;0.00;HEIDI;FLE71;FLE71;;;N;;N;;;;;FX;;GNS, FPO;18.00;0.00;;;1987-05-05;4C1;;;2000-03-31
DEU104450213;;DEU;;;1.00;2.23;0.00;;5.62;0.00;---;FLE72;FLE72;;;N;;N;;;;;FX;;GNS, FPO;11.00;0.00;;;1986-08-22;C19;;;1995-10-30
DEU104460213;;DEU;;;1.00;1.53;0.00;;4.65;0.00;Daggi;LAN17;LAN17;Langballigau;;N;;N;N;N;;;GO;;GNS, FPO;29.00;0.00;Fiber/Plastic;;1982-06-29;MFL;1981-01-01;;
DEU104470213;;DEU;;;1.00;0.00;0.00;;6.00;0.00;JAN-TIM;SCHLE7;SCHLE7;;;Y;DJ9030;N;;;;;FX;;GNS, FPO;7.00;0.00;Fiber/Plastic;;1991-10-16;MFL;1979-01-01;;
DEU104480213;;DEU;;;1.00;1.84;0.00;;5.10;0.00;---;FLE77;FLE77;;;N;;N;;;;;FX;;GNS, FPO;6.00;0.00;Wood;;1991-10-16;MFL;1979-01-01;;2015-10-19
DEU104490213;;DEU;;;1.00;2.54;0.00;;6.00;0.00;---;FLE78;FLE78;;;N;;N;;;;;FX;;GNS, FPO;16.00;0.00;Fiber/Plastic;;1984-07-01;MFL;1975-01-01;;
DEU104500213;;DEU;;;2.00;0.00;0.00;;6.80;0.00;THOR;FLE80;FLE80;Flensburg;;N;;N;N;N;;;GO;;GNS, FPO;15.00;0.00;Fiber/Plastic;;1988-07-01;MFL;1983-01-01;;2023-07-11
DEU104510213;;DEU;;;1.00;0.00;0.00;;5.70;0.00;WOTAN;ECKE101;ECKE101;Eckernförde;;N;;N;N;N;;;GO;;GNS, FPO;7.00;0.00;Fiber/Plastic;;1985-06-01;MFL;1970-01-01;;
DEU104520213;;DEU;;;1.00;1.67;0.00;;4.86;0.00;MAI-FLE;MAA27;MAA27;;;N;;N;;;;;FX;;GNS, FPO;5.00;0.00;Fiber/Plastic;;1992-01-01;MFL;1980-01-01;;2008-12-18
DEU104530213;;DEU;;;2.00;2.89;0.00;;6.40;0.00;---;BOCK3;BOCK3;;;N;;N;;;;;FX;;GNS, FPO;13.00;0.00;Fiber/Plastic;;1989-09-29;MFL;1981-01-01;;2005-08-31
DEU104540213;;DEU;;;2.00;2.89;0.00;;6.40;0.00;BUTTJE;FLE91A;FLE91A;;;N;;N;;;;;FX;;GNS, FPO;7.00;0.00;Fiber/Plastic;;1992-01-01;MFL;1978-01-01;;2014-12-31
DEU104550213;;DEU;;;1.00;0.00;0.00;;4.95;0.00;---;WYK24;WYK24;;;N;;N;N;N;;;GO;;GNS, NK;1.00;0.00;Fiber/Plastic;;1990-05-15;MFL;1981-01-01;;2020-11-06
DEU104560213;;DEU;;;1.00;1.25;0.00;;4.30;0.00;ELFI;FLE96;FLE96;;;N;;N;;;;;FX;;GNS, FPO;4.00;0.00;Fiber/Plastic;;1991-10-07;MFL;1985-01-01;;2004-03-25
DEU104570213;;DEU;;;1.00;1.63;0.00;;4.80;0.00;---;GLUE1;GLUE1;;;N;;N;;;;;FX;;GNS, FPO;3.00;0.00;;;1991-12-19;4C1;;;2002-03-20
DEU104580213;;DEU;;;1.00;1.98;0.00;;5.30;0.00;---;GLUE2;GLUE2;;;N;;N;;;;;FX;;GNS, FPO;4.00;0.00;Fiber/Plastic;;1982-04-01;MFL;1971-01-01;;2004-10-26
DEU104590213;;DEU;;;1.00;1.43;0.00;;4.50;0.00;---;GLUE3;GLUE3;;;N;;N;;;;;FX;;GNS, FPO;40.00;0.00;;;1992-01-01;4C1;;;2001-08-21
DEU104600213;;DEU;;;1.00;2.54;0.00;;6.00;0.00;---;GLUE7;GLUE7;;;N;;N;;;;;FX;;GNS, FPO;4.00;0.00;;;1956-05-20;C19;;;1996-09-10
DEU104610213;;DEU;;;2.00;2.84;0.00;;6.30;0.00;---;GLUE9;GLUE9;;;N;;N;;;;;FX;;GNS, FPO;12.00;0.00;Wood;;1973-05-01;MFL;1966-01-01;;2003-12-30
DEU104620213;;DEU;;;2.00;2.80;0.00;;6.30;0.00;---;GLUE14;GLUE14;;;N;;N;;;;;FX;;GNS, FPO;7.00;0.00;;;1983-08-01;C19;;;1995-10-30
DEU104630213;;DEU;;;1.00;1.91;0.00;;5.20;0.00;---;BOCK1;BOCK1;;;N;;N;;;;;FX;;GNS, FPO;4.00;0.00;Fiber/Plastic;;1980-07-07;MFL;1979-01-01;;
DEU104640213;;DEU;;;1.00;0.00;0.00;;5.70;0.00;---;BOCK2;BOCK2;;;N;;N;;;;;FX;;GNS, FPO;15.00;0.00;Fiber/Plastic;;1982-04-30;MFL;1977-01-01;;2007-11-30
DEU104650213;;DEU;;;1.00;1.43;0.00;;4.50;0.00;---;BOCK3;BOCK3;;;N;;N;;;;;FX;;GNS, FPO;2.00;0.00;;;1980-07-08;C19;;;1996-09-10
DEU104660213;;DEU;;;1.00;1.66;0.00;;4.85;0.00;---;BOCK4;BOCK4;;;N;;N;;;;;FX;;GNS, FPO;4.00;0.00;;;1982-08-23;4C1;;;1997-12-16
DEU104670213;;DEU;;;1.00;0.77;0.00;;3.30;0.00;---;BOCK6FF;BOCK6FF;;;N;;N;;;;;FX;;GNS, FPO;4.00;0.00;;;1980-08-12;C19;;;1996-09-10
DEU104680213;;DEU;;;1.00;1.25;0.00;;4.20;0.00;---;BOCK7;BOCK7;;;N;;N;;;;;FX;;GNS, FPO;0.00;0.00;;;1982-09-10;C19;;;1996-09-10
DEU104690213;;DEU;;;1.00;2.23;0.00;;5.62;0.00;GILA;FLE14;FLE14;;;N;;N;;;;;FX;;GNS, FPO;7.00;0.00;Fiber/Plastic;;1971-01-01;MFL;1969-01-01;;2010-01-20
DEU104700213;;DEU;;;2.00;2.80;0.00;;6.30;0.00;---;BOCK9;BOCK9;;;N;;N;;;;;FX;;GNS, FPO;6.00;0.00;;;1982-10-01;C19;;;1995-10-30
DEU104710213;;DEU;;;1.00;1.13;0.00;;0.00;4.00;---;BOCK10;BOCK10;;;N;;N;;;;;FX;;GNS, FPO;0.00;0.00;;;1970-12-31;4C1;;;1998-05-05
DEU104720227;;DEU;;;1.00;2.46;0.00;;5.90;0.00;DODI;LAN2FF;LAN2FF;;;N;;N;;;;;FX;;GNS, FPO;8.00;0.00;Wood;;1978-05-01;MFL;1963-01-01;;2011-01-10
DEU104730227;;DEU;;;1.00;1.56;0.00;;4.62;0.00;---;LAN4;LAN4;;;N;;N;;;;;FX;;GNS, FPO;29.00;0.00;Fiber/Plastic;;1992-01-01;MFL;1967-01-01;;2014-08-05
DEU104740227;;DEU;;;2.00;0.00;0.00;;6.10;0.00;META;RAN2;RAN2;;;N;;N;N;N;;;TU;;TBB, GNS;7.00;0.00;Wood;;1980-08-01;MFL;1958-01-01;;
DEU104750227;;DEU;;;1.00;2.37;0.00;;5.80;0.00;---;LAN6FF;LAN6FF;;;N;;N;;;;;FX;;GNS, FPO;7.00;0.00;;;1972-09-01;C19;;;1996-09-10
DEU104760227;;DEU;;;1.00;0.00;0.00;;4.82;0.00;DODI;LAN2;LAN2;;;N;;N;;;;;FX;;GNS, FPO;37.00;0.00;Fiber/Plastic;;1991-06-17;MFL;1984-01-01;;
DEU104770227;211845420;DEU;;;1.00;0.00;0.00;;6.30;0.00;INGE;MAA9;MAA9;Maasholm;;Y;DD3190;N;N;N;;;GO;;GNS, GTR;20.00;0.00;Fiber/Plastic;;1983-09-01;MFL;1975-01-01;;2025-03-06
DEU104780227;;DEU;;;1.00;1.57;0.00;;4.70;0.00;---;LAN10;LAN10;;;N;;N;;;;;FX;;GNS, FPO;22.00;0.00;Fiber/Plastic;;1992-01-01;MFL;1991-01-01;;2010-09-10
DEU104790227;;DEU;;;2.00;0.00;0.00;;6.21;0.00;ANDREA;LIP19;LIP19;;;N;;N;;;;;FX;;GNS, FPO;10.00;0.00;Fiber/Plastic;;1985-08-26;MFL;1979-01-01;;2015-12-19
DEU104800227;;DEU;;;1.00;1.49;0.00;;4.60;0.00;---;LAN11A;LAN11A;;;N;;N;;;;;FX;;GNS, FPO;18.00;0.00;;;1991-11-01;4C1;;;1998-09-14
DEU104810227;;DEU;;;2.00;2.89;0.00;;6.40;5.76;BUTT II;KOL11;KOL11;;;N;;N;;;;;FX;;FPO, GNS;15.00;0.00;Fiber/Plastic;;1983-05-01;MFL;1974-01-01;;2005-04-07
DEU104820227;;DEU;;;2.00;0.00;0.00;;6.30;0.00;Sandrena;ZEW28N;ZEW28N;Zecherin;;N;;N;N;N;;;GO;;GNS, LLS;21.00;0.00;Fiber/Plastic;;1990-10-08;MFL;1974-01-01;;
DEU104830227;;DEU;;;1.00;2.72;0.00;;6.20;0.00;---;LAN14;LAN14;;;N;;N;;;;;FX;;GNS, FPO;4.00;0.00;;;1981-04-01;C19;;;1995-01-25
DEU104840227;;DEU;;;3.00;4.20;0.00;;7.71;0.00;ANNELIE;LAN15;LAN15;;;N;;N;;;;;FX;;GNS, FPO;16.00;0.00;Fiber/Plastic;;1981-08-01;MFL;1972-01-01;;2012-12-31
DEU104850213;;DEU;;;1.00;0.00;0.00;;5.00;0.00;---;LAN16FF;LAN16FF;;;N;;N;;;;;FX;;GNS, FPO;25.00;0.00;Fiber/Plastic;;1987-05-01;MFL;1976-01-01;;2017-02-21
DEU104860227;;DEU;;;2.00;3.46;0.00;;7.00;0.00;KARIN;LAN18;LAN18;;;N;;N;;;;;FX;;GNS, FPO;9.00;0.00;;;1991-04-11;C19;;;1995-01-25
DEU104870227;;DEU;;;2.00;0.00;0.00;;6.40;0.00;---;LAN5FF;LAN5FF;;;N;;N;;;;;FX;;GNS, FPO;32.00;0.00;Wood;;1989-04-25;MFL;1975-01-01;;2017-03-28
DEU104880227;;DEU;;;1.00;1.95;0.00;;5.25;0.00;HELGA;LAN20;LAN20;;;N;;N;;;;;FX;;GNS, FPO;6.00;0.00;Fiber/Plastic;;1990-04-04;MFL;1979-01-01;;2009-09-15
DEU104890227;;DEU;;;1.00;2.50;0.00;;5.95;0.00;---;LAN21;LAN21;;;N;;N;;;;;FX;;GNS, FPO;9.00;0.00;;;1985-04-01;C19;;;1995-01-18
DEU104900227;;DEU;;;1.00;3.27;0.00;;6.80;0.00;---;LAN23;LAN23;;;N;;N;;;;;FX;;GNS, FPO;30.00;0.00;;;1980-09-01;4C1;;;2001-01-10
DEU104910227;;DEU;;;1.00;2.23;0.00;;5.62;0.00;DUEPHEID;LAN24;LAN24;;;N;;N;;;;;FX;;GNS, FPO;7.00;0.00;Fiber/Plastic;;1983-06-01;MFL;1969-01-01;;
DEU104920227;;DEU;;;1.00;1.56;0.00;;4.70;0.00;---;LAN27;LAN27;;;N;;N;;;;;FX;;GNS, FPO;29.00;0.00;Fiber/Plastic;;1990-02-05;MFL;1990-01-01;;2011-09-05
DEU104930227;;DEU;;;1.00;0.00;0.00;;5.40;0.00;LENA;LAN31;LAN31;;;N;;N;N;N;;;GO;;GNS, FPO;11.00;0.00;Fiber/Plastic;;1991-12-31;MFL;1991-01-01;;2018-10-22
DEU104940227;;DEU;;;1.00;2.38;0.00;;5.80;0.00;ORCA II;FLE30;FLE30;;;N;;N;;;;;FX;;GNS, FPO;7.00;0.00;Fiber/Plastic;;1991-12-31;MFL;1964-01-01;;2009-08-14
DEU104950227;;DEU;;;1.00;0.00;0.00;;5.20;0.00;SUSI II;LAN33FF;LAN33FF;;;N;;N;;;;;FX;;GNS, FPO;6.00;0.00;Fiber/Plastic;;1992-01-01;MFL;1972-01-01;;
DEU104960211;;DEU;;;1.00;2.37;0.00;;5.80;0.00;---;NEUK3FF;NEUK3FF;;;N;;N;;;;;FX;;GNS, FPO;11.00;0.00;;;1979-09-21;C19;;;1995-10-30
DEU104970211;;DEU;;;1.00;2.64;0.00;;6.10;0.00;---;NEUK10;NEUK10;;;N;;N;;;;;FX;;GNS, FPO;37.00;0.00;;;1979-05-01;4C1;;;2000-06-30
DEU104980211;;DEU;;;1.00;2.98;0.00;;6.50;0.00;---;NEUK11;NEUK11;;;N;;N;;;;;FX;;GNS, FPO;0.00;0.00;;;1971-01-01;C19;;;1996-09-10
DEU104990211;;DEU;;;1.00;1.77;0.00;;5.00;0.00;---;FLE41;FLE41;;;N;;N;;;;;FX;;GNS, FPO;11.00;0.00;;;1992-01-01;4C1;;;1997-10-13
DEU105000211;;DEU;;;1.00;1.46;0.00;;4.55;0.00;---;NEUK13;NEUK13;;;N;;N;;;;;FX;;GNS, FPO;3.00;0.00;;;1982-03-01;C19;;;1996-09-10
DEU105000301;;DEU;;;0.00;887.70;0.00;;63.29;55.20;SAARBRUECKEN;NC104;NC104;;;Y;DFBY;N;;;;;FX;;OTB, OTM;1574.00;190.00;;;1966-12-01;G22;;1992-11-03;
DEU105010211;;DEU;;;1.00;1.56;0.00;;4.70;0.00;---;NEUK14;NEUK14;;;N;;N;;;;;FX;;GNS, FPO;11.00;0.00;;;1990-04-01;C19;;;1995-10-30
DEU105020211;;DEU;;;1.00;1.93;0.00;;5.30;0.00;---;STEI3;STEI3;;;N;;N;;;;;FX;;GNS, FPO;4.00;0.00;Wood;;1964-01-01;MFL;1964-01-01;;2005-09-27
DEU105030211;;DEU;;;2.00;2.89;0.00;;6.40;0.00;AMIGO;STEI4;STEI4;;;N;;N;;;;;FX;;GNS, FPO;28.00;0.00;;;1992-01-01;4C1;;;1998-10-26
DEU105040211;;DEU;;;1.00;1.43;0.00;;4.50;0.00;---;STEI5;STEI5;;;N;;N;;;;;FX;;GNS, FPO;4.00;0.00;Fiber/Plastic;;1977-12-31;MFL;1977-01-01;;2010-03-31
DEU105060211;;DEU;;;1.00;2.50;0.00;;5.95;0.00;NIXE;STEI6;STEI6;;;N;;N;;;;;FX;;GNS, FPO;7.00;0.00;Fiber/Plastic;;1992-01-01;MFL;1983-01-01;;2004-05-19
DEU105070211;;DEU;;;1.00;1.13;0.00;;4.00;0.00;---;STEI7;STEI7;;;N;;N;;;;;FX;;GNS, FPO;0.00;0.00;;;1981-03-01;C19;;;1996-09-10
DEU105080211;;DEU;;;1.00;0.00;0.00;;4.80;0.00;---;STEI1;STEI1;;;N;;N;;;;;FX;;GNS, FPO;11.00;0.00;Fiber/Plastic;;1991-12-31;MFL;1991-01-01;;2005-11-29
DEU105090211;;DEU;;;1.00;1.43;0.00;;4.50;0.00;---;STEI11;STEI11;;;N;;N;;;;;FX;;GNS, FPO;4.00;0.00;Fiber/Plastic;;1981-09-15;MFL;1979-01-01;;2004-03-25
DEU105100211;;DEU;;;1.00;1.98;0.00;;5.30;0.00;CHAMPI;STEI12;STEI12;;;N;;N;;;;;FX;;GNS, FPO;4.00;0.00;;;1990-05-01;C19;;;1995-10-30
DEU105110211;;DEU;;;1.00;2.14;0.00;;5.50;0.00;---;KAP24;KAP24;;;N;;N;;;;;FX;;GNS, FPO;5.00;0.00;;;1980-08-01;4C1;;;2000-06-23
DEU105120211;;DEU;;;1.00;1.56;0.00;;4.70;0.00;---;STEI15;STEI15;Steinberghaff;;N;;N;N;N;;;GO;;GNS, FPO;29.00;0.00;Fiber/Plastic;;1984-04-01;MFL;1984-01-01;;
DEU105130211;;DEU;;;1.00;1.56;0.00;;4.55;0.00;---;STEI15A;STEI15A;;;N;;N;;;;;FX;;GNS, FPO;4.00;0.00;;;1990-06-01;4C1;;;2000-07-21
DEU105140211;;DEU;;;1.00;1.43;0.00;;4.50;0.00;---;STEI16;STEI16;;;N;;N;;;;;FX;;GNS, FPO;3.00;0.00;;;1981-05-01;4C1;;;1997-12-16
DEU105150211;;DEU;;;1.00;1.77;0.00;;5.00;0.00;---;STEI17;STEI17;;;N;;N;;;;;FX;;GNS, FPO;3.00;0.00;;;1981-05-09;4C1;;;1997-12-16
DEU105160211;;DEU;;;1.00;1.92;0.00;;5.21;0.00;JENNI;WIT10;WIT10;;;N;;N;;;;;FX;;GNS, FPO;14.00;0.00;;;1992-01-01;4C1;;;2000-06-19
DEU105170211;;DEU;;;1.00;0.97;0.00;;3.70;0.00;---;STEI21;STEI21;;;N;;N;;;;;FX;;GNS, FPO;4.00;0.00;;;1982-07-01;C19;;;1995-10-30
DEU105180211;;DEU;;;1.00;2.54;0.00;;6.00;0.00;---;STEI23;STEI23;;;N;;N;;;;;FX;;GNS, FPO;4.00;0.00;;;1982-07-01;C19;;;1996-09-10
DEU105190211;;DEU;;;1.00;1.34;0.00;;4.35;0.00;KORALLE;STEI25;STEI25;;;N;;N;;;;;FX;;GNS, FPO;4.00;0.00;;;1982-07-08;C19;;;1996-09-10
DEU105200211;;DEU;;;1.00;1.19;0.00;;4.10;0.00;---;STEI26;STEI26;;;N;;N;;;;;FX;;GNS, FPO;4.00;0.00;;;1982-08-01;C19;;;1996-09-10
DEU105210227;;DEU;;;2.00;2.80;0.00;;6.30;0.00;SEEHUND;WAR21;WAR21;;;N;;N;;;;;FX;;GNS, LLS;7.00;0.00;Fiber/Plastic;;1984-06-01;MFL;1978-01-01;;
DEU105220227;;DEU;;;1.00;1.63;0.00;;4.80;0.00;RAMONA;OHR2;OHR2;;;N;;N;;;;;FX;;GNS, FPO;7.00;0.00;Fiber/Plastic;;1989-08-18;MFL;1983-01-01;;2008-10-31
DEU105230227;;DEU;;;1.00;0.00;0.00;;4.50;0.00;---;OHR3;OHR3;;;N;;N;;;;;FX;;GNS, FPO;4.00;0.00;Fiber/Plastic;;1986-04-01;MFL;1976-01-01;;2014-01-01
DEU105240227;;DEU;;;1.00;2.23;0.00;;5.62;0.00;HOFFNUNG;WACK12;WACK12;;;N;;N;;;;;FX;;GNS, FPO;15.00;0.00;Fiber/Plastic;;1974-12-31;MFL;1974-01-01;;2003-05-22
DEU105250227;;DEU;;;1.00;0.00;0.00;;5.00;0.00;HUGO;OHR4A;OHR4A;Ohrfeldhaff;;N;;N;N;N;;;GO;;GNS, FPO;7.00;0.00;Fiber/Plastic;;1990-03-16;MFL;1981-01-01;;2022-06-17
DEU105260227;;DEU;;;1.00;1.56;0.00;;4.70;0.00;---;OHR5;OHR5;;;N;;N;;;;;FX;;GNS, FPO;7.00;0.00;;;1990-06-08;4C1;;;1997-12-16
DEU105270227;;DEU;;;2.00;0.00;0.00;;6.80;0.00;KATRIN P;OHR6;OHR6;;;N;;N;;;;;FX;;GNS, FPO;16.00;0.00;Wood;;1992-01-01;MFL;1974-01-01;;2006-12-18
DEU105280227;;DEU;;;1.00;1.43;0.00;;4.50;0.00;---;OHR7;OHR7;;;N;;N;;;;;FX;;GNS, FPO;0.00;0.00;;;1980-07-07;C19;;;1996-09-10
DEU105290227;;DEU;;;1.00;0.00;0.00;;4.00;0.00;---;OHR9;OHR9;;;N;;N;;;;;FX;;GNS, FPO;4.00;0.00;Fiber/Plastic;;1992-01-01;MFL;1992-01-01;;2006-11-20
DEU105300227;;DEU;;;1.00;1.13;0.00;;4.00;0.00;---;OHR9A;OHR9A;;;N;;N;;;;;FX;;GNS, FPO;4.00;0.00;;;1979-03-01;4C1;;;1997-12-16
DEU105310227;;DEU;;;1.00;1.60;0.00;;4.80;0.00;---;OHR12;OHR12;;;N;;N;;;;;FX;;GNS, NO;7.00;0.00;Fiber/Plastic;;1991-12-31;MFL;1985-01-01;;2012-01-01
DEU105320227;;DEU;;;1.00;2.54;0.00;;6.00;0.00;---;OHR13;OHR13;;;N;;N;;;;;FX;;GNS, FPO;4.00;0.00;;;1982-04-01;C19;;;1996-09-10
DEU105330225;;DEU;;;1.00;0.00;0.00;;6.40;0.00;---;WACK1;WACK1;;;N;;N;;;;;FX;;GNS, FPO;14.00;0.00;Fiber/Plastic;;1973-08-01;MFL;1973-01-01;;2010-02-02
DEU105340225;;DEU;;;1.00;0.00;0.00;;4.20;0.00;---;SCHLE9;SCHLE9;;;N;;N;;;;;FX;;GNS, LLS;11.00;0.00;Fiber/Plastic;;1992-01-01;MFL;1986-01-01;;2010-02-24
DEU105350225;;DEU;;;1.00;1.31;0.00;;4.30;0.00;---;WACK3;WACK3;;;N;;N;;;;;FX;;GNS, FPO;0.00;0.00;;;1991-12-31;C19;;;1995-01-25
DEU105360225;;DEU;;;1.00;1.70;0.00;;4.90;0.00;---;WACK4;WACK4;;;N;;N;;;;;FX;;GNS, FPO;0.00;0.00;;;1979-06-01;4C1;;;1997-06-23
DEU105370225;;DEU;;;2.00;2.98;0.00;;6.50;0.00;BRIGITTE;RAN2;RAN2;;;N;;N;;;;;FX;;GNS, FPO;8.00;0.00;Wood;;1981-05-01;MFL;1950-01-01;;2004-04-14
DEU105380225;;DEU;;;1.00;1.59;0.00;;4.75;0.00;---;WACK6;WACK6;;;N;;N;;;;;FX;;GNS, FPO;11.00;0.00;Fiber/Plastic;;1988-05-13;MFL;1987-01-01;;2003-12-29
DEU105390225;;DEU;;;1.00;2.54;0.00;;6.00;0.00;---;WACK7;WACK7;;;N;;N;;;;;FX;;GNS, FPO;7.00;0.00;;;1980-08-01;4C1;;;2001-07-06
DEU105400225;;DEU;;;1.00;0.00;0.00;;4.64;0.00;CHRISTA;WACK10;WACK10;;;N;;N;;;;;FX;;GNS, FPO;7.00;0.00;Wood;;1987-05-01;MFL;1972-01-01;;2005-11-15
DEU105410225;;DEU;;;3.00;0.00;0.00;;7.59;0.00;HOFFNUNG;OHR4;OHR4;Ohrfeldhaff;;N;;N;N;N;;;GO;;GNS, LLS, GTR, FPO;15.00;0.00;Fiber/Plastic;;1981-12-01;MFL;1979-01-01;;
DEU105420225;;DEU;;;1.00;2.50;0.00;;5.95;0.00;---;WACK15;WACK15;;;N;;N;;;;;FX;;GNS, FPO;4.00;0.00;;;1983-10-01;C19;;;1996-09-10
DEU105430225;;DEU;;;1.00;0.00;0.00;;4.62;0.00;---;SCHUB2;SCHUB2;;;N;;N;N;N;;;GO;;GNS, FPO;7.00;0.00;Fiber/Plastic;;1992-01-01;MFL;1991-01-01;;2021-10-01
DEU105440210;;DEU;;;1.00;0.00;0.00;;4.55;0.00;---;FAL1;FAL1;;;N;;N;;;;;FX;;GNS, FPO;6.00;0.00;Fiber/Plastic;;1975-12-31;MFL;1975-01-01;;2006-09-11
DEU105450210;;DEU;;;1.00;0.00;0.00;;4.65;0.00;GERDA;FAL2;FAL2;;;N;;N;;;;;FX;;GNS, FPO;4.00;0.00;Fiber/Plastic;;1980-09-12;MFL;1979-01-01;;2006-11-20
DEU105460210;;DEU;;;1.00;0.00;0.00;;4.55;0.00;---;FAL3;FAL3;;;N;;N;;;;;FX;;GNS, FPO;4.00;0.00;Wood;;1983-03-11;MFL;1972-01-01;;2016-03-15
DEU105470210;;DEU;;;1.00;1.43;0.00;;4.20;0.00;---;FAL5;FAL5;;;N;;N;;;;;FX;;GNS, FPO;4.00;0.00;Fiber/Plastic;;1983-09-15;MFL;1982-01-01;;2014-12-31
DEU105480210;;DEU;;;1.00;0.00;0.00;;5.18;0.00;LONZO;FAL6;FAL6;;;N;;N;;;;;FX;;GNS, FPO;18.00;0.00;Fiber/Plastic;;1991-01-17;MFL;1990-01-01;;2016-01-06
DEU105490210;;DEU;;;1.00;1.63;0.00;;4.80;0.00;BOSSI III;FAL7;FAL7;;;N;;N;;;;;FX;;GNS, FPO;4.00;0.00;Fiber/Plastic;;1992-01-01;MFL;1986-01-01;;2013-11-30
DEU105500209;;DEU;;;3.00;0.00;0.00;;7.85;0.00;---;KAP2;KAP2;Kappeln;;N;;N;N;N;;;GO;;GNS, FPO;38.00;0.00;Fiber/Plastic;;1984-01-01;MFL;1984-01-01;;2023-01-23
DEU105510209;;DEU;;;1.00;1.31;0.00;;4.30;0.00;---;KAP2A;KAP2A;;;N;;N;;;;;FX;;GNS, FPO;4.00;0.00;;;1991-08-01;4C1;;;2000-02-03
DEU105520209;;DEU;;;2.00;2.89;0.00;;6.40;0.00;BREIFLABB;KAP33;KAP33;;;N;;N;;;;;FX;;GNS, FPO;15.00;0.00;Fiber/Plastic;;1979-07-01;MFL;1978-01-01;;2009-08-12
DEU105530209;;DEU;;;1.00;0.00;0.00;;5.30;0.00;NICOLE;LAB9;LAB9;Laboe;;N;;N;N;N;;;GO;;GNS, FPO;19.00;0.00;Fiber/Plastic;;1992-01-01;MFL;1968-01-01;;2022-08-16
DEU105540209;;DEU;;;1.00;1.77;0.00;;5.00;0.00;---;KAP10;KAP10;;;N;;N;;;;;FX;;GNS, FPO;3.00;0.00;;;1988-02-22;C19;;;1996-10-22
DEU105550209;;DEU;;;1.00;1.77;0.00;;5.00;0.00;OMA LISA;KAP11;KAP11;;;N;;N;;;;;FX;;GNS, FPO;45.00;0.00;Fiber/Plastic;;1992-01-01;MFL;1981-01-01;;2003-11-18
DEU105560209;;DEU;;;1.00;2.38;0.00;;5.30;0.00;---;KAP18;KAP18;;;N;;N;;;;;FX;;GNS, FPO;6.00;0.00;Fiber/Plastic;;1986-06-06;MFL;1967-01-01;;2010-12-30
DEU105570209;;DEU;;;1.00;1.31;0.00;;4.30;0.00;---;KAP12;KAP12;;;N;;N;;;;;FX;;GNS, FPO;4.00;0.00;;;1981-07-15;4C1;;;1997-12-16
DEU105580209;;DEU;;;1.00;1.66;0.00;;4.85;0.00;JETTE;KAP14;KAP14;;;N;;N;;;;;FX;;GNS, FPO;5.00;0.00;;;1987-09-01;4C1;;;2002-01-21
DEU105590209;;DEU;;;1.00;2.54;0.00;;6.00;0.00;---;KAP15;KAP15;;;N;;N;;;;;FX;;GNS, FPO;30.00;0.00;;;1992-01-01;4C1;;;1997-12-11
DEU105600209;;DEU;;;1.00;1.19;0.00;;4.10;0.00;SCHNEEWITTCHEN;KAP16;KAP16;;;N;;N;;;;;FX;;GNS, FPO;5.00;0.00;Fiber/Plastic;;1992-01-01;MFL;1969-01-01;;2010-03-11
DEU105610209;;DEU;;;1.00;0.00;0.00;;5.25;0.00;---;UETZ20N;UETZ20N;Ueckeritz;;N;;N;N;N;;;GO;;GNS, FPO;7.00;0.00;Fiber/Plastic;;1980-09-09;MFL;1977-01-01;;
DEU105620209;;DEU;;;1.00;1.81;0.00;;5.06;0.00;---;KAP19;KAP19;;;N;;N;;;;;FX;;GNS, FPO;6.00;0.00;;;1985-04-01;4C1;;;2002-10-22
DEU105630209;211562050;DEU;;;3.00;0.00;0.00;;7.49;0.00;ODIN;KAP12;KAP12;Kappeln;;Y;DJ5035;N;N;N;;;GO;;GNS, FPO, LLS, GTR;29.00;0.00;Fiber/Plastic;;1990-06-01;MFL;1974-01-01;;
DEU105640209;;DEU;;;1.00;1.56;0.00;;4.70;0.00;---;KAP24;KAP24;;;N;;N;;;;;FX;;GNS, FPO;3.00;0.00;;;1992-01-01;C19;;;1995-01-31
DEU105650209;;DEU;;;1.00;2.34;0.00;;5.30;0.00;---;KAP35;KAP35;;;N;;N;;;;;FX;;GNS, FPO;6.00;0.00;;;1985-01-01;4C1;;;1997-12-16
DEU105660209;;DEU;;;1.00;1.63;0.00;;4.80;0.00;---;ARN3;ARN3;;;N;;N;;;;;FX;;GNS, FPO;12.00;0.00;Fiber/Plastic;;1991-07-01;MFL;1991-01-01;;
DEU105670209;;DEU;;;1.00;0.00;0.00;;5.30;0.00;---;HEI23;HEI23;Heikendorf;;N;;N;N;N;;;GO;;GNS, FPO;6.00;0.00;Fiber/Plastic;;1981-01-01;MFL;1967-01-01;;2021-07-09
DEU105680209;;DEU;;;1.00;1.56;0.00;;4.70;0.00;---;KAP25;KAP25;;;N;;N;;;;;FX;;GNS, FPO;4.00;0.00;;;1982-03-01;C19;;;1996-01-10
DEU105690209;;DEU;;;1.00;0.00;0.00;;4.50;0.00;---;KAP27;KAP27;;;N;;N;N;N;;;GO;;GNS, FPO;7.00;0.00;Fiber/Plastic;;1981-04-01;MFL;1981-01-01;;2018-08-23
DEU105700209;;DEU;;;1.00;0.00;0.00;;6.10;0.00;TROLL;KAP28;KAP28;;;N;;N;N;N;;;GO;;GNS, FPO;7.00;0.00;Fiber/Plastic;;1992-01-01;MFL;1976-01-01;;
DEU105710209;;DEU;;;1.00;0.00;0.00;;4.65;0.00;BALU;KAP30;KAP30;Kappeln;;N;;N;N;N;;;GO;;GNS, FPO;18.00;0.00;Fiber/Plastic;;1988-08-12;MFL;1988-01-01;;2024-01-25
DEU105720209;;DEU;;;1.00;1.63;0.00;;4.80;0.00;---;KAP37;KAP37;;;N;;N;;;;;FX;;GNS, FPO;0.00;0.00;;;1986-04-01;C19;;;1996-09-10
DEU105730209;;DEU;;;2.00;2.89;0.00;;6.40;0.00;---;KAP39;KAP39;;;N;;N;;;;;FX;;GNS, FPO;4.00;0.00;Fiber/Plastic;;1989-03-09;MFL;1969-01-01;;
DEU105740209;;DEU;;;1.00;1.91;0.00;;5.20;0.00;---;KAP40;KAP40;;;N;;N;;;;;FX;;GNS, FPO;6.00;0.00;;;1986-06-01;C19;;;1996-09-10
DEU105750209;;DEU;;;1.00;1.28;0.00;;4.25;0.00;---;KAP41;KAP41;;;N;;N;;;;;FX;;GNS, FPO;6.00;0.00;Metal;;1986-03-10;MFL;1973-01-01;;2007-06-21
DEU105760209;;DEU;;;1.00;0.00;0.00;;4.85;0.00;ANNE;ECKE101;ECKE101;;;N;;N;;;;;FX;;GNS, FPO;12.00;0.00;Fiber/Plastic;;1992-01-01;MFL;1982-01-01;;2008-04-14
DEU105770209;;DEU;;;1.00;1.91;0.00;;5.20;0.00;---;KAP44;KAP44;;;N;;N;;;;;FX;;GNS, FPO;12.00;0.00;;;1986-07-02;C19;;;1996-09-10
DEU105780209;;DEU;;;1.00;0.00;0.00;;5.90;0.00;---;KAP45;KAP45;Kappeln;;N;;N;N;N;;;GO;;GNS, FPO;10.00;0.00;Fiber/Plastic;;1986-04-01;MFL;1970-01-01;;2022-11-24
DEU105790209;;DEU;;;1.00;1.77;0.00;;5.00;0.00;ARGUS;KAP47;KAP47;;;N;;N;;;;;FX;;GNS, FPO;40.00;0.00;;;1991-04-10;C19;;;1996-09-10
DEU105800209;;DEU;;;1.00;0.00;0.00;;4.00;0.00;MOK WI;KAP50;KAP50;;;N;;N;;;;;FX;;GNS, FPO;7.00;0.00;Fiber/Plastic;;1990-07-12;MFL;1988-01-01;;2008-12-05
DEU105810209;;DEU;;;1.00;1.80;0.00;;5.12;0.00;SALMO II;KAP51;KAP51;;;N;;N;;;;;FX;;GNS, FPO;11.00;0.00;Fiber/Plastic;;1990-08-15;MFL;1987-01-01;;2011-08-31
DEU105820210;;DEU;;;1.00;1.86;0.00;;5.13;0.00;---;MAA7;MAA7;;;N;;N;;;;;FX;;GNS, FPO;7.00;0.00;Fiber/Plastic;;1977-10-11;MFL;1948-01-01;;
DEU105830210;;DEU;;;1.00;2.98;0.00;;6.50;0.00;---;MAA12;MAA12;;;N;;N;;;;;FX;;GNS, FPO;4.00;0.00;Wood;;1990-11-13;MFL;1952-01-01;;2009-10-12
DEU105840210;;DEU;;;1.00;0.00;0.00;;5.25;0.00;POPPEY;MAA21;MAA21;Maasholm;;N;;N;N;N;;;GO;;GNS, FPO;14.00;0.00;Fiber/Plastic;;1981-11-01;MFL;1980-01-01;;2023-08-11
DEU105850210;;DEU;;;1.00;0.00;0.00;;6.40;0.00;---;MAA22;MAA22;;;N;;N;;;;;FX;;GNS, FPO;18.00;0.00;Fiber/Plastic;;1980-07-07;MFL;1966-01-01;;2010-12-31
DEU105860210;;DEU;;;1.00;2.54;0.00;;6.00;0.00;---;MAA23;MAA23;;;N;;N;;;;;FX;;GNS, FPO;4.00;0.00;;;1987-04-01;4C1;;;1997-12-16
DEU105870210;;DEU;;;1.00;1.87;0.00;;5.15;0.00;---;MAA26;MAA26;;;N;;N;;;;;FX;;GNS, FPO;7.00;0.00;;;1990-06-07;4C1;;;2000-12-13
DEU105880210;;DEU;;;1.00;0.00;0.00;;5.70;0.00;HOLNIS;MAA28;MAA28;;;N;;N;;;;;FX;;GNS, FPO;15.00;0.00;Fiber/Plastic;;1983-07-01;MFL;1970-01-01;;
DEU105890210;;DEU;;;1.00;1.67;0.00;;4.85;0.00;---;MAA29;MAA29;;;N;;N;;;;;FX;;GNS, FPO;4.00;0.00;Fiber/Plastic;;1986-02-05;MFL;1964-01-01;;2003-05-19
DEU105900210;;DEU;;;1.00;3.21;0.00;;6.74;0.00;BEATE;MAA30;MAA30;;;N;;N;;;;;FX;;GNS, FPO;8.00;0.00;Wood;;1989-05-19;MFL;1989-01-01;;2014-07-04
DEU105910210;;DEU;;;1.00;2.14;0.00;;5.50;0.00;---;MAA31;MAA31;;;N;;N;;;;;FX;;GNS, FPO;3.00;0.00;Wood;;1986-02-05;MFL;1986-01-01;;2010-09-27
DEU105920210;;DEU;;;1.00;2.80;0.00;;6.30;0.00;---;MAA34;MAA34;;;N;;N;;;;;FX;;GNS, FPO;26.00;0.00;Fiber/Plastic;;1980-07-07;MFL;1968-01-01;;2007-11-30
DEU105930210;;DEU;;;1.00;0.00;0.00;;5.95;0.00;Heike;LAN11;LAN11;Langballigau;;N;;N;N;N;;;GO;;GNS, FPO, GTR, LLS;7.00;0.00;Fiber/Plastic;;1981-12-31;MFL;1975-01-01;;
DEU105940210;;DEU;;;1.00;3.17;0.00;;6.70;0.00;ORION;MAA100;MAA100;;;N;;N;;;;;FX;;GNS, FPO;32.00;0.00;Wood;;1987-06-19;MFL;1962-01-01;;2012-06-28
DEU105950210;;DEU;;;1.00;1.30;0.00;;4.30;0.00;RAUDI;MAA100A;MAA100A;;;N;;N;;;;;FX;;GNS, FPO;15.00;0.00;Fiber/Plastic;;1989-09-05;MFL;1975-01-01;;2012-06-22
DEU105960210;;DEU;;;1.00;1.95;0.00;;5.25;0.00;---;MAA111;MAA111;;;N;;N;;;;;FX;;GNS, FPO;4.00;0.00;;;1981-11-01;C19;;;1996-09-10
DEU105970210;;DEU;;;1.00;2.14;0.00;;5.50;0.00;---;MAA130;MAA130;;;N;;N;;;;;FX;;GNS, FPO;4.00;0.00;;;1983-04-01;C19;;;1996-09-10
DEU105980223;;DEU;;;1.00;0.00;0.00;;5.55;0.00;---;ARN1;ARN1;Arnis;;N;;N;N;N;;;GO;;GNS, FPO;7.00;0.00;Fiber/Plastic;;1973-05-10;MFL;1970-01-01;;
DEU105990223;;DEU;;;1.00;2.72;0.00;;6.20;0.00;ADVENTURE;ARN6;ARN6;;;N;;N;;;;;FX;;GNS, FPO;3.00;0.00;;;1992-01-01;4C1;;;2000-10-27
DEU106000223;;DEU;;;1.00;2.25;0.00;;5.64;0.00;---;ARN30;ARN30;;;N;;N;;;;;FX;;GNS, FPO;4.00;0.00;;;1984-05-01;C19;;;1996-09-10
DEU106000301;;DEU;;;0.00;981.38;0.00;;66.59;61.97;KOELN;NC471;NC471;;;Y;DFOP;N;;;;;FX;;OTB, OTM;1250.00;533.00;;;1966-02-01;G22;;1992-06-01;
DEU106010223;;DEU;;;1.00;1.77;0.00;;5.00;0.00;---;ARN31;ARN31;;;N;;N;;;;;FX;;GNS, FPO;4.00;0.00;;;1986-02-05;C19;;;1995-01-31
DEU106020223;;DEU;;;1.00;1.31;0.00;;4.30;0.00;---;ARN32;ARN32;;;N;;N;;;;;FX;;GNS, FPO;4.00;0.00;Fiber/Plastic;;1977-02-01;MFL;1970-01-01;;2005-02-08
DEU106030223;;DEU;;;1.00;1.43;0.00;;4.50;0.00;---;ARN5;ARN5;;;N;;N;;;;;FX;;GNS, FPO;4.00;0.00;Wood;;1980-08-01;MFL;1964-01-01;;2013-06-13
DEU106040223;;DEU;;;2.00;0.00;0.00;;6.56;0.00;---;ARN12;ARN12;Arnis;;N;;N;N;N;;;GO;;GNS, FPO;18.00;0.00;Fiber/Plastic;;1992-01-01;MFL;1969-01-01;;
DEU106050223;;DEU;;;1.00;2.54;0.00;;6.00;0.00;---;ARN12;ARN12;;;N;;N;;;;;FX;;GNS, FPO;6.00;0.00;Wood;;1964-10-28;MFL;1957-01-01;;2007-07-03
DEU106070223;;DEU;;;1.00;1.31;0.00;;4.30;0.00;---;ARN14;ARN14;;;N;;N;;;;;FX;;GNS, FPO;4.00;0.00;;;1981-06-16;C19;;;1996-09-10
DEU106080223;;DEU;;;1.00;2.54;0.00;;6.00;0.00;---;ARN15;ARN15;;;N;;N;;;;;FX;;GNS, FPO;8.00;0.00;Wood;;1981-06-01;MFL;1981-01-01;;2009-11-03
DEU106090223;;DEU;;;1.00;2.42;0.00;;5.85;0.00;---;ARN17;ARN17;;;N;;N;;;;;FX;;GNS, FPO;3.00;0.00;;;1981-05-01;C19;;;1996-09-10
DEU106100223;;DEU;;;1.00;1.43;0.00;;4.50;0.00;---;ARN19;ARN19;;;N;;N;;;;;FX;;GNS, FPO;3.00;0.00;;;1981-04-01;C19;;;1996-09-10
DEU106110223;;DEU;;;1.00;1.91;0.00;;5.20;0.00;---;ARN27;ARN27;;;N;;N;;;;;FX;;GNS, FPO;0.00;0.00;;;1983-06-01;C19;;;1996-09-10
DEU106120223;;DEU;;;1.00;0.00;0.00;;5.40;0.00;SCHWALBE;ARN50;ARN50;;;N;;N;;;;;FX;;GNS, FPO;7.00;0.00;Wood;;1981-07-28;MFL;1963-01-01;;2017-11-28
DEU106130223;;DEU;;;1.00;1.83;0.00;;5.00;0.00;---;ARN62;ARN62;;;N;;N;;;;;FX;;GNS, FPO;4.00;0.00;Wood;;1948-12-31;MFL;1948-01-01;;2010-10-25
DEU106140223;;DEU;;;1.00;1.91;0.00;;5.20;0.00;---;ARN68;ARN68;;;N;;N;;;;;FX;;GNS, FPO;4.00;0.00;Wood;;1967-01-01;MFL;1927-01-01;;
DEU106150223;;DEU;;;1.00;1.95;0.00;;5.25;0.00;BIBER;LIN1;LIN1;;;N;;N;;;;;FX;;GNS, FPO;7.00;0.00;Fiber/Plastic;;1983-06-01;MFL;1983-01-01;;2011-06-11
DEU106160217;;DEU;;;1.00;0.00;0.00;;5.25;0.00;VENNI;SCHUB1;SCHUB1;;;N;;N;;;;;FX;;GNS, FPO;13.00;0.00;Fiber/Plastic;;1981-09-13;MFL;1981-01-01;;2014-09-30
DEU106170217;;DEU;;;1.00;1.50;0.00;;5.95;0.00;---;SCHUB3;SCHUB3;;;N;;N;;;;;FX;;GNS, FPO;6.00;0.00;;;1992-01-01;4C1;;;2002-08-05
DEU106180217;;DEU;;;1.00;1.67;0.00;;4.90;0.00;---;SCHUB8;SCHUB8;;;N;;N;;;;;FX;;GNS, FPO;4.00;0.00;;;1981-04-01;C19;;;1996-09-10
DEU106190217;;DEU;;;1.00;1.56;0.00;;4.70;0.00;ANTON;DRE2;DRE2;;;N;;N;;;;;FX;;GNS, FPO;4.00;0.00;Fiber/Plastic;;1992-01-01;MFL;1975-01-01;;2009-09-04
DEU106200224;;DEU;;;1.00;2.22;0.00;;5.60;0.00;---;KRO1;KRO1;;;N;;N;;;;;FX;;GNS, FPO;4.00;0.00;;;1990-01-01;C19;;;1996-09-10
DEU106210224;;DEU;;;1.00;0.00;0.00;;5.60;0.00;---;KRO2;KRO2;Kronsgaard;;N;;N;N;N;;;GO;;GNS, FPO;4.00;0.00;Wood;;1986-03-12;MFL;1977-01-01;;2022-01-21
DEU106220224;;DEU;;;1.00;0.00;0.00;;4.40;0.00;---;KRO3;KRO3;;;N;;N;;;;;FX;;GNS, FPO;4.00;0.00;Fiber/Plastic;;1986-10-18;MFL;1986-01-01;;2009-02-13
DEU106230224;;DEU;;;1.00;0.00;0.00;;4.50;0.00;---;KRO5;KRO5;;;N;;N;;;;;FX;;GNS, FPO;7.00;0.00;Fiber/Plastic;;1989-05-16;MFL;1989-01-01;;2007-01-09
DEU106240224;;DEU;;;1.00;1.43;0.00;;3.95;0.00;---;KRO6;KRO6;;;N;;N;;;;;FX;;GNS, FPO;4.00;0.00;;;1992-01-01;4C1;;;2000-03-23
DEU106250210;;DEU;;;1.00;2.29;0.00;;5.70;0.00;HANEMUS;MAA24;MAA24;;;N;;N;;;;;FX;;GNS, FPO;15.00;0.00;Fiber/Plastic;;1971-01-01;MFL;1971-01-01;;2012-12-21
DEU106250213;;DEU;;;1.00;1.91;0.00;;5.20;0.00;---;FLE6;FLE6;;;N;;N;;;;;FX;;GNS, FPO;11.00;0.00;Wood;;1990-04-29;MFL;1965-01-01;;
DEU106260247;;DEU;;;1.00;0.00;0.00;;5.25;0.00;---;OHR10;OHR10;Ohrfeldhaff;;N;;N;N;N;;;GO;;GNS, FPO;7.00;0.00;Fiber/Plastic;;1982-01-01;MFL;1982-01-01;;
DEU106270246;;DEU;;;1.00;1.86;0.00;;5.14;0.00;ANNE;STEI9;STEI9;;;N;;N;;;;;FX;;GNS, FPO;11.00;0.00;Fiber/Plastic;;1985-01-01;MFL;1985-01-01;;2005-10-31
DEU106280246;;DEU;;;1.00;0.00;0.00;;4.50;0.00;---;STEI2;STEI2;;;N;;N;N;N;;;GO;;GNS, FPO;2.00;0.00;Fiber/Plastic;;1983-01-01;MFL;1982-01-01;;2022-02-17
DEU106290213;;DEU;;;2.00;3.26;0.00;;6.80;0.00;---;FLE68A;FLE68A;;;N;;N;;;;;FX;;GNS, FPO;15.00;0.00;;;1975-01-01;4C1;;;2001-05-26
DEU106300213;;DEU;;;1.00;1.00;0.00;;5.85;0.00;---;FLE8A;FLE8A;;;N;;N;;;;;FX;;GNS, FPO;12.00;0.00;;;1964-01-01;4C1;;;1997-12-16
DEU106310223;;DEU;;;1.00;2.25;0.00;;5.65;0.00;---;ARN8;ARN8;;;N;;N;;;;;FX;;GNS, FPO;4.00;0.00;Fiber/Plastic;;1980-01-01;MFL;1980-01-01;;2012-10-12
DEU106320209;;DEU;;;1.00;2.24;0.00;;5.64;0.00;SEESTERN;ECKE27;ECKE27;;;N;;N;;;;;FX;;GNS, FPO;4.00;0.00;Fiber/Plastic;;1982-01-01;MFL;1982-01-01;;2013-01-21
DEU106330209;;DEU;;;1.00;1.51;0.00;;4.62;0.00;---;KAP26;KAP26;;;N;;N;;;;;FX;;GNS, FPO;11.00;0.00;Fiber/Plastic;;1984-01-01;MFL;1984-01-01;;
DEU106340209;;DEU;;;2.00;4.32;0.00;;6.80;0.00;---;KAP21;KAP21;;;N;;N;;;;;FX;;GNS, FPO;12.00;0.00;Fiber/Plastic;;1979-01-01;MFL;1979-01-01;;2004-10-01
DEU106350217;;DEU;;;1.00;2.23;0.00;;5.62;0.00;---;FLE20;FLE20;;;N;;N;;;;;FX;;GNS, FPO;8.00;0.00;Fiber/Plastic;;1980-07-31;MFL;1976-01-01;;
DEU106360213;;DEU;;;1.00;0.00;0.00;;5.03;0.00;JOSCHI II;FLE65;FLE65;;;N;;N;;;;;FX;;GNS, FPO;6.00;0.00;Fiber/Plastic;;1984-12-31;MFL;1984-01-01;;2015-09-03
DEU106370246;;DEU;;;1.00;0.00;0.00;;4.62;0.00;BOLTIMO;STEI4;STEI4;;;N;;N;N;N;;;GO;;GNS, FPO;22.00;0.00;Fiber/Plastic;;1998-10-20;MFL;1997-01-01;;2020-11-30
DEU106380213;;DEU;;;1.00;0.00;0.00;;5.20;0.00;PULLE;FLE12;FLE12;;;N;;N;;;;;FX;;GNS, FPO;4.00;0.00;Fiber/Plastic;;1999-02-28;MFL;1983-01-01;;2005-04-19
DEU106390209;;DEU;;;1.00;0.00;0.00;;6.10;0.00;---;KAP29;KAP29;;;N;;N;;;;;FX;;GNS, FPO;15.00;0.00;Fiber/Plastic;;1999-05-14;MFL;1977-01-01;;
DEU106400213;;DEU;;;1.00;0.00;0.00;;5.52;0.00;HEIDI;FLE71;FLE71;;;N;;N;N;N;;;GO;;GNS, FPO;9.00;0.00;Fiber/Plastic;;2000-01-06;MFL;1973-01-01;;2018-07-26
DEU106410227;;DEU;;;1.00;0.00;0.00;;6.90;0.00;SEESTERN;VIT88N;VIT88N;;;N;;N;;;;;FX;;GNS, FPO;37.00;0.00;Fiber/Plastic;;2000-01-24;MFL;1985-01-01;;
DEU106420213;;DEU;;;2.00;0.00;0.00;;6.30;0.00;POMMERN;ECKE2;ECKE2;Eckernförde;;N;;N;N;N;;;GO;;GNS, FPO;12.00;0.00;Fiber/Plastic;;2000-05-25;MFL;1989-01-01;;
DEU106430209;;DEU;;;1.00;0.00;0.00;;6.14;0.00;---;KAP25;KAP25;;;N;;N;;;;;FX;;GNS, FPO;11.00;0.00;Fiber/Plastic;;2000-05-30;MFL;2000-01-01;;
DEU106440223;;DEU;;;1.00;0.00;0.00;;4.25;0.00;ADVENTURE;ARN6;ARN6;;;N;;N;;;;;FX;;GNS, FPO;3.00;0.00;Fiber/Plastic;;2000-10-27;MFL;1999-01-01;;2008-11-30
DEU106450210;;DEU;;;1.00;0.00;0.00;;5.20;0.00;---;MAA26;MAA26;;;N;;N;;;;;FX;;GNS, FPO;7.00;0.00;Fiber/Plastic;;2000-12-13;MFL;2000-01-01;;2009-01-01
DEU106460227;;DEU;;;1.00;0.00;0.00;;4.70;0.00;---;LAN23;LAN23;Langballigau;;N;;N;N;N;;;GO;;GNS, FPO;30.00;0.00;Fiber/Plastic;;2001-01-10;MFL;2000-01-01;;2022-02-18
DEU106470210;;DEU;;;1.00;0.00;0.00;;6.40;0.00;---;MAA255;MAA255;;;N;;N;;;;;FX;;GNS, FPO;13.00;0.00;Fiber/Plastic;;2001-04-02;MFL;1977-01-01;;
DEU106480225;;DEU;;;1.00;0.00;0.00;;6.35;0.00;---;ARN30;ARN30;;;N;;N;;;;;FX;;GNS, FPO;7.00;0.00;Wood;;2001-07-06;MFL;2001-01-01;;2006-08-14
DEU106490243;;DEU;;;1.00;0.00;0.00;;4.62;0.00;---;GLUE3;GLUE3;;;N;;N;;;;;FX;;GNS, LLS;40.00;0.00;Fiber/Plastic;;2001-07-27;MFL;1996-01-01;;2015-02-03
DEU106500213;;DEU;;;2.00;0.00;0.00;;7.94;0.00;LORBAS I;FLE1FF;FLE1FF;Flensburg;;N;;N;N;N;;;GO;;GNS, LLS, FPO, GTR;38.00;0.00;Fiber/Plastic;;2001-12-05;MFL;1983-01-01;;
DEU106510213;;DEU;;;2.00;0.00;0.00;;7.05;0.00;LIESCHEN;FLE10;FLE10;;;N;;N;;;;;FX;;GNS, FPO;22.00;0.00;Fiber/Plastic;;2001-12-18;MFL;2001-01-01;;2008-10-10
DEU106520223;;DEU;;;1.00;0.00;0.00;;5.70;0.00;---;ARN250;ARN250;;;N;;N;;;;;FX;;GNS, FPO;9.00;0.00;Wood;;2002-03-26;MFL;2002-01-01;;2007-03-20
DEU106530250;;DEU;;;1.00;0.00;0.00;;5.20;0.00;---;SCHUB3;SCHUB3;;;N;;N;;;;;FX;;GNS, LLS;6.00;0.00;Fiber/Plastic;;2002-07-15;MFL;1975-01-01;;2009-08-27
DEU106540209;;DEU;;;1.00;0.00;0.00;;5.95;0.00;SIMON;KAP19;KAP19;Kappeln;;N;;N;N;N;;;GO;;GNS, FPO;6.00;0.00;Fiber/Plastic;;2002-07-19;MFL;1972-01-01;;2025-07-03
DEU106550209;;DEU;;;1.00;0.00;0.00;;4.95;0.00;---;KAP14;KAP14;;;N;;N;;;;;FX;;GNS, FPO;6.00;0.00;Fiber/Plastic;;2002-12-16;MFL;1992-01-01;;2015-05-17
DEU106560213;;DEU;;;2.00;0.00;0.00;;7.90;0.00;LENA;FLE4;FLE4;;;N;;N;;;;;FX;;GNS, FPO;18.00;0.00;Fiber/Plastic;;2003-09-26;MFL;2003-01-01;;
DEU106570213;;DEU;;;1.00;0.00;0.00;;6.00;0.00;---;FLE1AFF;FLE1AFF;Flensburg;;N;;N;N;N;;;GO;;GNS, FPO, GTR, LLS;6.00;0.00;Fiber/Plastic;;2003-10-27;MFL;1975-01-01;;
DEU106580217;;DEU;;;1.00;0.00;0.00;;6.00;0.00;KAJORI;SCHLE4;SCHLE4;;;N;;N;;;;;FX;;GNS, FPO;8.00;0.00;Fiber/Plastic;;2004-03-19;MFL;1976-01-01;;2014-09-17
DEU106590213;;DEU;;;1.00;0.00;0.00;;5.85;0.00;MISCHI IV;BUR16;BUR16;Burgstaaken;;Y;DD7235;N;N;N;;;GO;;GNS, FPO;13.00;0.00;Fiber/Plastic;;2004-05-19;MFL;1975-01-01;;
DEU106600227;;DEU;;;1.00;0.00;0.00;;4.70;0.00;HEIDI;LAN25;LAN25;;;N;;N;;;;;FX;;GNS, FPO;14.00;0.00;Fiber/Plastic;;2005-04-18;MFL;1985-01-01;;2006-12-27
DEU106610232;;DEU;;;1.00;0.00;0.00;;4.62;0.00;BIRKO;KET2;KET2;;;N;;N;;;;;FX;;GNS, NO;7.00;0.00;Fiber/Plastic;;2005-06-11;MFL;2005-01-01;;2010-02-26
DEU106620223;;DEU;;;1.00;0.00;0.00;;5.65;0.00;---;ARN25;ARN25;Arnis;;N;;N;N;N;;;GO;;GNS, FPO, GTR, LLS;15.00;0.00;Fiber/Plastic;;2005-07-21;MFL;1970-01-01;;
DEU106630223;;DEU;;;1.00;0.00;0.00;;5.63;0.00;---;ARN68A;ARN68A;;;N;;N;;;;;FX;;GNS, FPO;4.00;0.00;Fiber/Plastic;;2005-07-20;MFL;1980-01-01;;
DEU106640244;;DEU;;;2.00;0.00;0.00;;6.10;0.00;LIESCHEN;BOCK3;BOCK3;;;N;;N;N;N;;;GO;;GNS, FPO;13.00;0.00;Fiber/Plastic;;2005-08-19;MFL;1985-01-01;;2020-01-27
DEU106650210;;DEU;;;1.00;0.00;0.00;;6.10;0.00;INGA;MAA32;MAA32;;;N;;N;;;;;FX;;GNS, LLS;10.00;0.00;Fiber/Plastic;;2006-04-27;MFL;1987-01-01;;
DEU106660223;;DEU;;;1.00;0.00;0.00;;5.64;0.00;Friedolin;ARN30;ARN30;;;N;;N;N;N;;;GO;;GNS, FPO;7.00;0.00;Fiber/Plastic;;2006-08-14;MFL;1984-01-01;;2018-06-26
DEU106670213;;DEU;;;1.00;0.00;0.00;;4.70;0.00;---;KAP51;KAP51;;;N;;N;N;N;;;GO;;GNS, FPO;18.00;0.00;Fiber/Plastic;;2006-09-08;MFL;1970-01-01;;2020-11-10
DEU106680210;;DEU;;;1.00;0.00;0.00;;4.22;0.00;POLLY;MAA8;MAA8;;;N;;N;;;;;FX;;GNS, FPO;6.00;0.00;Fiber/Plastic;;2006-09-11;MFL;1990-01-01;;2012-09-05
DEU106700223;;DEU;;;1.00;0.00;0.00;;4.41;0.00;---;ARN31;ARN31;;;N;;N;;;;;FX;;GNS, FPO;0.00;0.00;Fiber/Plastic;;2006-12-28;MFL;1970-01-01;;2010-02-23
DEU106710209;;DEU;;;1.00;0.00;0.00;;5.53;0.00;---;LAB120;LAB120;Laboe;;N;;N;N;N;;;GO;;GNS, LLS, FPO, GTR;44.00;0.00;Fiber/Plastic;;2007-01-01;MFL;1970-01-01;;
DEU106720217;;DEU;;;4.00;0.00;0.00;;7.98;0.00;Petra;TRA24;TRA24;;;N;;N;N;N;;;GO;;GNS, FPO;44.00;0.00;Fiber/Plastic;;2007-04-18;MFL;1978-01-01;;
DEU106730213;;DEU;;;1.00;0.00;0.00;;5.62;0.00;---;FLE27;FLE27;;;N;;N;;;;;FX;;GNS, FPO;8.00;0.00;Fiber/Plastic;;2007-05-24;MFL;1969-01-01;;
DEU106740213;;DEU;;;1.00;0.00;0.00;;5.05;0.00;LIESCHEN;FLE10;FLE10;;;N;;N;;;;;FX;;GNS, FPO;22.00;0.00;Fiber/Plastic;;2008-10-10;MFL;2007-01-01;;2017-09-05
DEU106750217;;DEU;;;1.00;0.00;0.00;;6.05;0.00;SCHLEI;SCHLE5;SCHLE5;Schleswig;;Y;DB2949;N;N;N;;;GO;;GNS, FPO, GTR, LLS;22.00;0.00;Fiber/Plastic;;2008-11-01;MFL;2007-01-01;;
DEU106760210;;DEU;;;1.00;0.00;0.00;;5.95;0.00;---;MAA18;MAA18;Maasholm;;N;;N;N;N;;;GO;;GNS, FPO, LLS, GTR;7.00;0.00;Fiber/Plastic;;2009-08-18;MFL;1979-01-01;;
DEU106770232;;DEU;;;1.00;0.00;0.00;;4.62;0.00;BIRKO;KET2;KET2;;;N;;N;;;;;FX;;GNS, NO;7.00;0.00;Fiber/Plastic;;2010-02-09;MFL;2009-01-01;;
DEU106780209;;DEU;;;1.00;0.00;0.00;;5.23;0.00;---;KAP32;KAP32;;;N;;N;;;;;FX;;GNS, FPO;29.00;0.00;Fiber/Plastic;;2011-08-31;MFL;2011-01-01;;
DEU106790227;;DEU;;;1.00;0.00;0.00;;5.20;0.00;---;LAN27;LAN27;;;N;;N;;;;;FX;;GNS, FPO;44.00;0.00;Fiber/Plastic;;2011-09-05;MFL;2004-01-01;;2015-02-28
DEU106800227;;DEU;;;1.00;0.00;0.00;;5.50;0.00;ANNELIE II;LAN15FF;LAN15FF;;;N;;N;;;;;FX;;GNS, FPO;59.00;0.00;Fiber/Plastic;;2013-04-11;MFL;1970-01-01;;
DEU106810227;;DEU;;;1.00;0.00;0.00;;4.08;0.00;---;FLE12;FLE12;;;N;;N;;;;;FX;;GNS, FPO;15.00;0.00;Fiber/Plastic;;2013-09-04;MFL;1970-01-01;;2014-03-01
DEU106820213;;DEU;;;4.00;0.00;0.00;;7.90;0.00;ARLUK;FLE2;FLE2;;;N;;N;;;;;FX;;GNS, FPO;44.00;0.00;Fiber/Plastic;;2014-02-01;MFL;1977-01-01;;
DEU106830213;;DEU;;;1.00;0.00;0.00;;4.70;0.00;---;FLE12;FLE12;;;N;;N;;;;;FX;;GNS, FPO;29.00;0.00;Fiber/Plastic;;2014-03-01;MFL;1970-01-01;;2015-08-10
DEU106840227;;DEU;;;1.00;0.00;0.00;;4.65;0.00;FERENC;LAN4;LAN4;Langballigau;;N;;N;N;N;;;GO;;GNS, FPO;29.00;0.00;Fiber/Plastic;;2014-08-05;MFL;2008-01-01;;2021-10-22
DEU106850213;;DEU;;;3.00;0.00;0.00;;7.71;0.00;MULLE;MAA4;MAA4;;;Y;DJ9424;N;N;N;;;GO;;GNS, FPO;18.00;0.00;Fiber/Plastic;;2014-09-24;MFL;1972-01-01;;
DEU106860213;;DEU;;;2.00;0.00;0.00;;6.84;0.00;ODIN;FLE69;FLE69;Flensburg;;N;;N;N;N;;;GO;;GNS, GTR;33.00;0.00;Fiber/Plastic;;2015-05-01;MFL;1985-01-01;;2024-09-26
DEU106870213;;DEU;;;2.00;0.00;0.00;;6.18;0.00;---;FLE12;FLE12;;;N;;N;;;;;FX;;GNS, FPO;29.00;0.00;Fiber/Plastic;;2015-08-10;MFL;1992-01-01;;
DEU106880213;;DEU;;;1.00;0.00;0.00;;4.65;0.00;JOSCHI III;FLE65;FLE65;;;N;;N;;;;;FX;;GNS, FPO;6.00;0.00;Fiber/Plastic;;2015-09-01;MFL;1995-01-01;;
DEU106890213;;DEU;;;1.00;0.00;0.00;;4.28;0.00;Klein Odin;FLE7;FLE7;Flensburg;;N;;N;N;N;;;GO;;GNS, GTR;11.00;0.00;Fiber/Plastic;;2015-10-27;MFL;2014-01-01;;2024-09-26
DEU106900227;;DEU;;;1.00;0.00;0.00;;5.60;0.00;INGE;LAN11FF;LAN11FF;;;N;;N;N;N;;;GO;;GNS, FPO;15.00;0.00;Fiber/Plastic;;2017-03-01;MFL;1972-01-01;;2018-11-15
DEU106910227;;DEU;;;2.00;0.00;0.00;;7.59;0.00;LIFJORDEN;LAN5;LAN5;;;N;;N;N;N;;;GO;;GNS, FPO;16.00;0.00;Wood;;2019-04-10;MFL;1950-01-01;;
DEU106920209;;DEU;;;1.00;0.00;0.00;;5.06;0.00;---;KAP6;KAP6;Kappeln;;N;;N;N;N;;;GO;;GNS, FPO;18.00;0.00;Fiber/Plastic;;2019-07-05;MFL;1950-01-01;;
DEU106930247;;DEU;;;1.00;0.00;0.00;;6.20;0.00;---;OHR7;OHR7;Ohrfeldhaff;;N;;N;N;N;;;GO;;GNS, FPO;16.00;0.00;Fiber/Plastic;;2020-01-27;MFL;2016-01-01;;
DEU106940210;;DEU;;;2.00;0.00;0.00;;6.40;0.00;JENNI;MAA6;MAA6;Maasholm;;Y;DD4409;N;N;N;;;GO;;GNS, FPO;7.00;0.00;Fiber/Plastic;;1992-03-12;MFL;1978-01-01;;
DEU106950244;;DEU;;;1.00;0.00;0.00;;4.65;0.00;LIESCHEN;BOCK3;BOCK3;Bockholmwik;;N;;N;N;N;;;GO;;GNS, FPO;14.00;0.00;Fiber/Plastic;;2020-04-17;MFL;2014-01-01;;2024-12-19
DEU106960227;;DEU;;;1.00;0.00;0.00;;4.92;0.00;---;LAN8FF;LAN8FF;Langballigau;;N;;N;N;N;;;GO;;GNS, FPO;44.00;0.00;Fiber/Plastic;;2020-04-24;MFL;2020-01-01;;2023-03-06
DEU106970210;;DEU;;;5.00;0.00;0.00;;7.96;0.00;HEIMATLAND;WYK76;WYK76;Wyk Auf Föhr;;N;;N;N;N;;;GO;;GNS, OTB, LLS, FPO, TBB;44.00;0.00;Fiber/Plastic;;2020-06-04;MFL;1994-01-01;;
DEU106980246;;DEU;;;1.00;0.00;0.00;;4.72;0.00;MUCKI;STEI4;STEI4;;;N;;N;N;N;;;GO;;GNS, FPO;22.00;0.00;Fiber/Plastic;;2020-12-11;MFL;2020-01-01;;
DEU106990250;;DEU;;;1.00;0.00;0.00;;6.10;0.00;DRALLE DEERN;SCHUB3;SCHUB3;Schubystrand;;N;;N;N;N;;;GO;;GNS, FPO;16.00;0.00;Fiber/Plastic;;2021-01-01;MFL;1983-01-01;;
DEU107000227;;DEU;;;1.00;0.00;0.00;;5.50;0.00;---;LAN23;LAN23;Langballigau;;N;;N;N;N;;;GO;;GNS, FPO;30.00;0.00;Fiber/Plastic;;2022-02-01;MFL;2022-01-01;;
DEU107000301;;DEU;;;3071.00;3181.17;0.00;;91.98;84.90;WIESBADEN;NC101;NC101;;;Y;DFQB;N;;;;;FX;;OTB, OTM;3530.00;588.00;Metal;;1973-09-01;MFL;1973-01-01;;
DEU108000301;;DEU;;;3071.00;3180.39;0.00;;92.00;84.90;MAINZ;NC100;NC100;;;Y;DFQA;N;;;;;FX;;OTB, OTM;3530.00;596.00;;;1973-06-01;G22;;1996-07-08;
DEU109000301;;DEU;;;0.00;3181.93;0.00;;91.97;82.20;MOND;NC102;NC102;;;Y;DEOL;N;;;;;FX;;OTB, OTM;3530.00;596.00;;;1973-04-01;1;;;1990-10-31
DEU110000301;;DEU;;;3071.00;0.00;0.00;;92.01;84.90;KIEL;NC105;NC105;;;Y;DEOF;Y;;;7234636;;TTP;;OTB, OTM;3530.00;596.00;Metal;;1973-02-01;MFL;1973-01-01;;2017-05-10
DEU111000301;;DEU;;;3071.00;3179.75;0.00;;91.84;84.90;HANNOVER;NC474;NC474;;;Y;DFPU;N;;;;;FX;;OTB, OTM;3530.00;588.00;;;1972-12-01;G22;;;1996-01-02
DEU112000402;;DEU;;;673.00;444.27;0.00;;44.00;34.50;BREMEN;BX777;BX777;;;Y;DFAU;N;;;;;FX;;OTB, NO;1620.00;414.00;;;1986-11-24;4C7;;;1997-08-26
DEU113000402;;DEU;;;671.00;445.41;0.00;;44.00;34.50;EUROPA;BX779;BX779;;;Y;DFBC;N;;;;;FX;;OTB, NO;1620.00;414.00;;;1987-07-21;4C7;;;1997-08-26
DEU114000300;211214200;DEU;;;1825.00;999.70;0.00;;81.32;74.74;GERDA MARIA;ROS786;ROS786;Rostock;;Y;DFLM;Y;Y;Y;8716928;;TTP;;OTB, OTM;3000.00;405.00;Metal;;1990-05-20;MFL;1990-01-01;;
DEU115000300;;DEU;;;1805.00;950.57;0.00;;60.33;52.20;AKRABERG;NC110;NC110;;;Y;DMEH;N;;;;;FX;;OTB, OTM;3375.00;0.00;;;1987-12-31;4C7;;;1997-06-23
DEU116000300;;DEU;;;2172.00;2016.32;0.00;;67.35;61.65;TROENDUR I GOETU;NC111;NC111;;;Y;DMEK;N;;;;;FX;;OTB, OTM;3375.00;0.00;;;1986-12-31;4C7;;;
DEU200010208;;DEU;;;40.00;35.13;0.00;;16.68;14.79;HOFFNUNG;SB16;SB16;;;Y;DLYD;Y;;;;;FX;;OTB, PTB;147.00;0.00;Fiber/Plastic;;1970-04-06;MFL;1970-01-01;;2011-12-31
DEU200020208;;DEU;;;4.00;0.00;0.00;;9.15;0.00;MIA;HEIL2;HEIL2;Heiligenhafen;;Y;DC3465;N;N;N;;;GO;;GNS, NK;46.00;0.00;Fiber/Plastic;;1977-11-01;MFL;1977-01-01;;
DEU200030208;;DEU;;;1.00;0.00;0.00;;5.95;0.00;MIA;ECKE32;ECKE32;Eckernförde;;N;;N;N;N;;;GO;;GNS, FPO;9.00;0.00;Fiber/Plastic;;1981-08-31;MFL;1979-01-01;;
DEU200040208;;DEU;;;27.00;0.00;0.00;;14.52;0.00;CHRISTA;ECKE3;ECKE3;;;Y;DJSN;Y;Y;Y;;;TTW;;PTB, OTB;110.00;0.00;Wood;;1946-01-01;MFL;1946-01-01;;2017-10-13
DEU200050208;;DEU;;;14.00;0.00;0.00;;11.03;0.00;KIRSTEN II;ECKE4;ECKE4;Eckernförde;;Y;DKRC;N;N;N;;;GO;;GNS, OTB;66.00;0.00;Fiber/Plastic;;1983-07-26;MFL;1983-01-01;;
DEU200060208;;DEU;;;0.00;8.42;0.00;;9.60;0.00;MILAN;ECKE9;ECKE9;;;N;;N;;;;;FX;;GNS, NO;74.00;0.00;;;1978-06-15;4;;;
DEU200070208;;DEU;;;0.00;3.71;0.00;;9.15;0.00;INGE;ECKE12;ECKE12;;;N;;N;;;;;FX;;GNS, NO;58.00;0.00;;;1976-11-22;4;;;1990-08-17
DEU200100208;;DEU;;;53.00;48.64;0.00;;17.18;0.00;SCHWALBE;ECKE15;ECKE15;;;Y;DJPE;Y;;;;;FX;;OTB, GNS;221.00;0.00;Wood;;1978-08-23;MFL;1978-01-01;;
DEU200110208;;DEU;;;4.00;7.00;0.00;;7.50;0.00;---;ECKE25;ECKE25;;;N;;N;;;;;FX;;GNS, NO;18.00;0.00;Wood;;1970-11-16;MFL;1970-01-01;;2005-08-05
DEU200120208;;DEU;;;0.00;17.75;0.00;;13.35;0.00;MARIANNE HOUGAARD;ECKE32;ECKE32;;;Y;DKFM;N;;;;;FX;;GNS, NO;99.00;0.00;;;1965-12-31;4;;1991-04-21;
DEU200140201;211613470;DEU;;;4.00;0.00;0.00;;9.24;8.79;SEEADLER;STEI2;STEI2;"Stein"", Plön";;Y;DG4459;N;N;N;;;GO;;GNS, FPO, LLS, GTR;70.00;0.00;Fiber/Plastic;;1978-05-08;MFL;1978-01-01;;
DEU200150201;;DEU;;;1.00;0.00;0.00;;5.40;0.00;WERNER W.;HEI24;HEI24;;;N;;N;;;;;FX;;GNS, FPO;7.00;0.00;Fiber/Plastic;;1973-03-05;MFL;1973-01-01;;2016-04-18
DEU200160201;211389690;DEU;;;28.00;0.00;0.00;;14.33;13.72;CHRISTIN-ALINE;SK9;SK9;Heikendorf;;Y;DJVW;Y;N;N;;;GO;;GTR, PTB, LHP, OTB, LLS, GNS;210.00;0.00;Wood;;1974-05-14;MFL;1973-01-01;;
DEU200170219;;DEU;;;4.00;7.10;0.00;;8.38;0.00;ANITA;ECKE12;ECKE12;;;N;;N;;;;;FX;;GNS, FPO;32.00;0.00;Fiber/Plastic;;1975-02-01;MFL;1975-01-01;;
DEU200180219;;DEU;;;1.00;1.73;0.00;;4.20;0.00;SILBERMOEWE;SK14A;SK14A;;;N;;N;;;;;FX;;GNS, NK;6.00;0.00;;;1970-04-01;4C1;;;2002-04-11
DEU200190219;;DEU;;;0.00;35.13;0.00;;17.00;0.00;HANNELORE;HEI4;HEI4;;;Y;DKHA;N;;;;;FX;;PTB, NO;110.00;0.00;;;1953-12-31;4;;1991-05-10;
DEU200200219;;DEU;;;0.00;22.97;0.00;;13.82;0.00;LIBELLE;HEI5;HEI5;;;Y;DKQQ;N;;;;;FX;;PTB, NO;110.00;0.00;;;1960-06-29;G16;;1992-12-14;
DEU200210219;;DEU;;;12.00;0.00;0.00;;9.84;8.77;JAN II;TRA43;TRA43;Travemünde;;Y;DKQE;N;N;N;;;GO;;GNS, FPO;110.00;0.00;Fiber/Plastic;;1989-05-12;MFL;1989-01-01;;
DEU200220219;;DEU;;;1.00;0.00;0.00;;6.10;0.00;LÜTT SUSI;KIE102;KIE102;;;N;;N;N;N;;;GO;;GNS, FPO;7.00;0.00;Fiber/Plastic;;1971-01-18;MFL;1970-01-01;;
DEU200230219;;DEU;;;11.00;11.87;0.00;;9.97;0.00;LILLE DAN;GZI28;GZI28;;;Y;DLRY;N;;;;;FX;;GNS, OTB;63.00;0.00;Wood;;1975-06-09;MFL;1974-01-01;;2012-01-23
DEU200240219;;DEU;;;1.00;0.00;0.00;;7.51;0.00;---;BOCK6FF;BOCK6FF;Bockholmwik;;N;;N;N;N;;;GO;;GNS, FPO, LLS, GTR;26.00;0.00;Fiber/Plastic;;1985-11-01;MFL;1985-01-01;;
DEU200250219;;DEU;;;12.00;7.60;0.00;;10.93;0.00;ERIK RASSMUS;HEI20;HEI20;;;N;;N;;;;;FX;;GNS, FPO;37.00;0.00;Wood;;1958-12-31;MFL;1958-01-01;;2011-12-28
DEU200260219;;DEU;;;1.00;3.04;0.00;;6.00;0.00;---;HEI15;HEI15;;;N;;N;;;;;FX;;GNS, NK;7.00;0.00;;;1964-10-08;4C1;;;2002-08-08
DEU200270219;;DEU;;;2.00;0.00;0.00;;6.50;0.00;HEIMAT;SCHÖN3;SCHÖN3;Schoenberger Strand;;Y;DJ5832;N;N;N;;;GO;;GNS, NK;11.00;0.00;Fiber/Plastic;;1976-12-31;MFL;1976-01-01;;2023-05-12
DEU200280219;;DEU;;;0.00;18.07;0.00;;13.21;0.00;MOEWE;HEI21;HEI21;;;N;;N;;;;;FX;;OTB, NO;136.00;0.00;;;1961-05-23;G16;;1992-12-14;
DEU200300219;;DEU;;;35.00;31.09;0.00;;17.60;16.05;MARIA I;HEI22;HEI22;;;Y;DJPU;Y;;;;;FX;;OTB, PTB;137.00;0.00;Wood;;1985-08-01;MFL;1949-01-01;;2006-12-11
DEU200310219;;DEU;;;0.00;26.71;0.00;;16.00;0.00;HAEGAR;HEI24;HEI24;;;Y;DJNY;N;;;;;FX;;GNS, NO;110.00;0.00;;;1965-09-15;C19;;1992-04-01;
DEU200320219;;DEU;;;12.00;0.00;0.00;;9.99;0.00;KYRA HAUSWALD;NIE1;NIE1;;;Y;DC5561;N;N;N;;;GO;;GNS, OTB;80.00;0.00;Fiber/Plastic;;1983-06-28;MFL;1983-01-01;;
DEU200330220;;DEU;;;35.00;29.19;0.00;;16.12;0.00;STRANDE;LAB1;LAB1;;;Y;DKRM;N;;;;;FX;;OTB, NO;220.00;0.00;Wood;;1949-01-01;MFL;1949-01-01;;2003-09-29
DEU200340220;;DEU;;;1.00;0.00;0.00;;5.45;0.00;---;LAB1;LAB1;;;N;;N;N;N;;;GO;;GNS, FPO;5.00;0.00;Fiber/Plastic;;1970-04-01;MFL;1970-01-01;;
DEU200350220;;DEU;;;35.00;0.00;0.00;;16.35;15.15;VINETA;ARN10;ARN10;;;Y;DKDL;Y;;;;;FX;;OTB, PTB;221.00;0.00;Wood;;1969-07-09;MFL;1969-01-01;;2016-09-20
DEU200360220;;DEU;;;6.00;6.00;0.00;;8.90;7.85;JENNIFER;WIE49;WIE49;Greifswald;;Y;DKFN;N;N;N;;;GO;;GNS, LLS;50.00;0.00;Fiber/Plastic;;1984-06-01;MFL;1984-01-01;;
DEU200370220;;DEU;;;0.00;21.08;0.00;;14.50;0.00;HILKE MARITA;LAB7;LAB7;;;Y;DJOG;N;;;;;FX;;PTB, NO;124.00;0.00;;;1939-12-31;G16;;1995-01-02;
DEU200380220;;DEU;;;1.00;2.54;0.00;;6.50;0.00;---;LAB7;LAB7;;;N;;N;;;;;FX;;GNS, NK;15.00;0.00;Wood;;1963-05-09;MFL;1963-01-01;;2007-11-06
DEU200400220;;DEU;;;58.00;49.11;0.00;;18.16;16.20;SILBERMOEWE;SB6;SB6;;;Y;DKGE;Y;;;;;FX;;OTB, PTB;219.00;0.00;Wood;;1951-01-01;MFL;1951-01-01;;2011-12-28
DEU200420220;;DEU;;;25.00;20.70;0.00;;14.49;0.00;JENNIFER;KAM22;KAM22;;;Y;DKRB;N;;;;;FX;;OTB, GNS;124.00;0.00;;;1960-11-29;4C3;;;2000-08-08
DEU200430220;;DEU;;;2.00;3.39;0.00;;6.50;0.00;---;LAB37;LAB37;;;N;;N;;;;;FX;;GNS, FPO;18.00;0.00;Fiber/Plastic;;1966-01-11;MFL;1965-01-01;;2007-11-07
DEU200440220;;DEU;;;1.00;2.26;0.00;;6.68;0.00;LORELEY;LAB38;LAB38;;;N;;N;;;;;FX;;GNS, NK;12.00;0.00;Wood;;1960-11-29;MFL;1960-01-01;;2007-10-22
DEU200450220;;DEU;;;40.00;35.21;0.00;;16.68;15.70;JENS-OTTO;ECKE43;ECKE43;;;Y;DKJJ;Y;;;;;FX;;OTB, PTB;220.00;0.00;Wood;;1952-12-31;MFL;1952-01-01;;2011-12-28
DEU200460220;;DEU;;;13.00;0.00;0.00;;11.00;0.00;ARGO;LAB41;LAB41;;;Y;DJOD;N;N;N;;;GO;;GNS, FPO;70.00;0.00;Fiber/Plastic;;1985-08-15;MFL;1984-01-01;;
DEU200470220;;DEU;;;2.00;0.00;0.00;;6.20;0.00;UWE;LAB41A;LAB41A;Laboe;;N;;N;N;N;;;GO;;GNS, NO;16.00;0.00;Fiber/Plastic;;1966-05-04;MFL;1966-01-01;;
DEU200480221;;DEU;;;11.00;0.00;0.00;;9.90;0.00;ANTJE;MAA13;MAA13;;;Y;DKRO;N;;;;;FX;;OTB, GNS;70.00;0.00;Wood;;1984-03-01;MFL;1983-01-01;;2005-12-21
DEU200490221;;DEU;;;2.00;0.00;0.00;;7.25;7.00;SCHWALBE;ECKE2;ECKE2;;;N;;N;N;N;;;GO;;GNS, FPO;22.00;0.00;Fiber/Plastic;;1979-10-08;MFL;1979-01-01;;2018-03-08
DEU200500221;;DEU;;;41.00;38.38;0.00;;18.38;16.72;CORINNA H;STEI6;STEI6;;;Y;DLXT;N;;;;;FX;;OTB, PTB;220.00;0.00;Wood;;1969-10-22;MFL;1969-01-01;;2003-12-05
DEU200510221;;DEU;;;1.00;0.00;0.00;;3.75;0.00;---;STEI6B;STEI6B;;;N;;N;;;;;FX;;GNS, NK;0.00;0.00;Wood;;1991-12-31;MFL;1991-01-01;;2005-12-13
DEU200520221;;DEU;;;0.00;2.47;0.00;;6.00;0.00;---;STEI9;STEI9;;;N;;N;;;;;FX;;GNS, NK;18.00;0.00;;;1979-12-17;C19;;;1993-05-11
DEU200530221;;DEU;;;0.00;2.12;0.00;;6.00;0.00;SIEGLINDE;STEI10;STEI10;;;N;;N;;;;;FX;;GNS, NK;7.00;0.00;;;1964-04-20;C19;;;1992-08-24
DEU200540221;;DEU;;;1.00;0.00;0.00;;6.40;0.00;BIRTHE;STEI12;STEI12;"Stein"", Plön";;N;;N;N;N;;;GO;;GNS, GTR, FPO, LLS;15.00;0.00;Fiber/Plastic;;1979-03-01;MFL;1976-01-01;;
DEU200550222;;DEU;;;2.00;0.00;0.00;;7.12;6.42;MUCKI;NEK6;NEK6;;;N;;N;N;N;;;GO;;GNS, LLS;22.00;0.00;Fiber/Plastic;;1988-05-20;MFL;1985-01-01;;
DEU200560222;;DEU;;;1.00;2.00;0.00;;5.32;0.00;MELANIE;SCHOEN1;SCHOEN1;;;N;;N;;;;;FX;;GNS, NK;7.00;0.00;Wood;;1977-10-03;MFL;1977-01-01;;2004-11-26
DEU200570222;;DEU;;;12.00;0.00;0.00;;10.99;10.35;BELLA;AHL45;AHL45;Ahlbeck;;N;;N;N;N;;;GO;;GNS, LLS;107.00;0.00;Fiber/Plastic;;1981-10-01;MFL;1981-01-01;;
DEU200580222;;DEU;;;11.00;0.00;0.00;;11.00;0.00;HEIMWAERTS;RER50;RER50;Rerik;;N;;N;N;N;;;GO;;GNS, NO;70.00;0.00;Fiber/Plastic;;1981-02-01;MFL;1980-01-01;;2021-02-09
DEU200590222;;DEU;;;1.00;2.12;0.00;;5.35;0.00;---;SCHOEN4A;SCHOEN4A;;;N;;N;;;;;FX;;GNS, NK;7.00;0.00;Wood;;1974-06-13;MFL;1973-01-01;;2005-02-02
DEU200600222;;DEU;;;1.00;2.12;0.00;;5.00;0.00;---;LIP8C;LIP8C;;;N;;N;;;;;FX;;GNS, FPO;0.00;0.00;Wood;;1968-03-29;MFL;1967-01-01;;2005-09-21
DEU200610222;;DEU;;;5.00;0.00;0.00;;7.86;0.00;CALIFORNIA;BUR14;BUR14;Burgstaaken;;Y;DF7460;N;N;N;;;GO;;GNS, FPO, GTR, LLS;46.00;0.00;Fiber/Plastic;;1976-01-12;MFL;1975-01-01;;
DEU200620230;;DEU;;;0.00;1.63;0.00;;5.20;0.00;---;RAD2;RAD2;;;N;;N;;;;;FX;;GNS, NK;4.00;0.00;;;1947-01-01;4;;;1992-01-01
DEU200630231;;DEU;;;1.00;1.98;0.00;;5.20;0.00;---;HUB1;HUB1;;;N;;N;;;;;FX;;GNS, NK;3.00;0.00;Wood;;1976-10-01;MFL;1976-01-01;;2007-05-21
DEU200640201;;DEU;;;107.00;105.54;0.00;;26.01;23.10;MERCATOR;NC306;NC306;;;Y;DJTX;N;;;;;FX;;PTB, OTB;294.00;0.00;Metal;;1973-01-05;MFL;1972-01-01;;
DEU200650219;;DEU;;;0.00;36.85;0.00;;17.50;15.82;WILHELM;NC335;NC335;;;Y;DJEI;N;;;8432558;;TU;;OTB, PTB;221.00;0.00;;;1976-09-01;4;;;
DEU200670201;;DEU;;;0.00;35.20;0.00;;18.45;0.00;TOMAS;SK6;SK6;;;Y;DJHB;N;;;;;FX;;OTB, NO;220.00;0.00;;;1967-12-31;G16;;;1992-06-18
DEU200680219;;DEU;;;28.00;22.10;0.00;;14.70;0.00;KERSTIN;SK7;SK7;;;Y;DKPQ;N;;;;;FX;;GNS, NO;103.00;0.00;;;1968-08-08;C19;;1995-01-02;
DEU200690219;;DEU;;;0.00;71.13;0.00;;23.90;0.00;CAPELLA;SK8;SK8;;;Y;DKHT;N;;;;;FX;;OTB, NO;177.00;0.00;;;1944-01-01;G20;;1992-12-14;
DEU200700219;211314800;DEU;;;132.00;104.73;0.00;;22.85;20.54;ANTARES;SAS211;SAS211;;;Y;DJRM;Y;Y;Y;8429070;;TTW;;OTB, PTB;221.00;0.00;Metal;;1985-11-07;MFL;1985-01-01;;
DEU200710219;;DEU;;;1.00;1.70;0.00;;5.00;0.00;---;SK11A;SK11A;;;N;;N;;;;;FX;;GNS, NK;5.00;0.00;Fiber/Plastic;;1973-07-02;MFL;1972-01-01;;2008-06-23
DEU200720219;;DEU;;;23.00;27.22;0.00;;14.42;13.50;TUEMMLER;SK14;SK14;Heikendorf;;Y;DJTL;N;Y;Y;;;TTW;;OTB, GNS;220.00;0.00;Fiber/Plastic;;1981-08-03;MFL;1981-01-01;;
DEU200730219;;DEU;;;32.00;0.00;0.00;;14.38;12.92;ANNA LENA;KUEH24;KUEH24;Kühlungsborn;;Y;DJUS;N;N;N;;;GO;;OTB, GNS;100.00;0.00;Fiber/Plastic;;1987-04-01;MFL;1987-01-01;;
DEU200740219;;DEU;;;0.00;71.72;0.00;;23.91;0.00;SEESTERN II;SK35;SK35;;;Y;DJAQ;N;;;;;FX;;OTB, NO;220.00;0.00;;;1943-01-01;G20;;1992-11-15;
DEU200750219;;DEU;;;0.00;1.41;0.00;;4.75;0.00;---;SK35A;SK35A;;;N;;N;;;;;FX;;GNS, NK;4.00;0.00;;;1972-12-31;C19;;;1992-06-30
DEU200780219;;DEU;;;48.00;0.00;0.00;;17.99;0.00;STEFANIE;SB11;SB11;;;Y;DKQA;Y;Y;Y;;;TTW;;OTB, PTB;220.00;0.00;Wood;;1955-01-01;MFL;1955-01-01;;2017-10-05
DEU200790219;;DEU;;;0.00;1.13;0.00;;4.00;0.00;BULLY;SK38A;SK38A;;;N;;N;;;;;FX;;GNS, NK;0.00;0.00;;;1982-06-23;C19;;;1993-04-06
DEU200800219;;DEU;;;1.00;2.97;0.00;;3.89;0.00;MAX;HEI38;HEI38;;;N;;N;;;;;FX;;GNS, FPO;4.00;0.00;Fiber/Plastic;;1983-06-20;MFL;1970-01-01;;
DEU200820222;;DEU;;;1.00;0.00;0.00;;5.57;0.00;SANDRA;SCHOEN6B;SCHOEN6B;;;N;;N;N;N;;;GO;;GNS, FPO;7.00;0.00;Wood;;1989-05-08;MFL;1989-01-01;2019-11-27;
DEU200840219;;DEU;;;1.00;1.25;0.00;;4.20;0.00;---;HEI8A;HEI8A;;;N;;N;;;;;FX;;GNS, NK;4.00;0.00;;;1991-12-31;4C1;;;2002-09-10
DEU200860208;;DEU;;;13.00;0.00;0.00;;9.84;0.00;PAULA;NIE22;NIE22;Niendorf Ostsee;;Y;DLFO;N;N;N;;;TTW;;OTB, GNS;100.00;0.00;Fiber/Plastic;;1990-04-02;MFL;1990-01-01;;
DEU200870221;211522830;DEU;;;16.00;0.00;0.00;;10.99;0.00;MERLE II;STEI1;STEI1;"Stein"", Plön";;Y;DLFK;N;N;N;;;GO;;GNS, FPO, GTR, OTB, PTB;220.00;0.00;Fiber/Plastic;;1990-06-05;MFL;1990-01-01;;
DEU200880219;211470240;DEU;;;16.00;0.00;0.00;;10.99;0.00;GOTLAND II;SK2;SK2;Strande;;Y;DJVL;N;N;N;;;GO;;GNS, GTR;72.00;0.00;Fiber/Plastic;;1990-07-16;MFL;1990-01-01;;
DEU200890229;;DEU;;;4.00;0.00;0.00;;8.05;0.00;KARIN II;FRIE18;FRIE18;;;N;;N;;;;;FX;;GNS, NO;46.00;0.00;Fiber/Plastic;;1990-10-16;MFL;1990-01-01;;2017-01-26
DEU200900222;;DEU;;;1.00;2.06;0.00;;5.39;0.00;KARL WILHELM;SCHOEN2A;SCHOEN2A;;;N;;N;;;;;FX;;GNS, NO;4.00;0.00;Wood;;1991-10-16;MFL;1990-01-01;;2007-04-13
DEU200910219;;DEU;;;1.00;1.95;0.00;;5.25;0.00;GOTLAND III;SK37A;SK37A;;;N;;N;;;;;FX;;GNS, NO;7.00;0.00;Fiber/Plastic;;1991-12-31;MFL;1981-01-01;;2009-09-28
DEU200920208;;DEU;;;1.00;2.25;0.00;;5.65;0.00;---;WEN3A;WEN3A;;;N;;N;;;;;FX;;GNS, FPO;6.00;0.00;Fiber/Plastic;;1981-08-31;MFL;1968-01-01;;2005-08-05
DEU200930219;;DEU;;;1.00;2.13;0.00;;5.50;0.00;---;HEI39;HEI39;;;N;;N;;;;;FX;;GNS, LLS;2.00;0.00;Fiber/Plastic;;1991-11-22;MFL;1988-01-01;;2007-07-11
DEU200940201;;DEU;;;1.00;1.71;0.00;;4.91;0.00;---;KIE10;KIE10;;;N;;N;;;;;FX;;GNS, NK;4.00;0.00;;;1969-04-15;4C1;;;2001-11-21
DEU200950230;;DEU;;;1.00;0.00;0.00;;4.80;0.00;TORBEN;RAD2;RAD2;Radeland;;N;;N;N;N;;;GO;;GNS, NO;11.00;0.00;Wood;;1991-06-27;MFL;1987-01-01;;2023-12-31
DEU200960220;;DEU;;;1.00;0.00;0.00;;5.95;0.00;MARIUS;LAB21;LAB21;;;N;;N;N;N;;;GO;;GNS, FPO;7.00;0.00;Fiber/Plastic;;1991-09-01;MFL;1982-01-01;;2019-06-06
DEU200970220;;DEU;;;0.00;2.93;0.00;;6.00;0.00;DIETMAR;LAB2A;LAB2A;;;N;;N;;;;;FX;;GNS, NK;26.00;0.00;;;1963-12-31;4;;1993-07-29;
DEU200980222;;DEU;;;1.00;0.00;0.00;;4.39;0.00;STERNCHEN;SCHOEN6;SCHOEN6;;;N;;N;N;N;;;GO;;GNS, FPO;7.00;0.00;Wood;;1992-01-02;MFL;1968-01-01;;
DEU200990220;;DEU;;;14.00;0.00;0.00;;11.23;11.09;Heringshai;FRE99;FRE99;;;Y;DF7326;N;N;N;;;GO;;GNS, LLS;80.00;0.00;Fiber/Plastic;;1992-02-01;MFL;1992-01-01;;
DEU201000222;;DEU;;;1.00;2.72;0.00;;6.20;0.00;JAN-BELLA II;SCHOEN3A;SCHOEN3A;;;N;;N;;;;;FX;;GNS, NO;7.00;0.00;Wood;;1992-06-18;MFL;1992-01-01;;2007-04-13
DEU201010219;;DEU;;;0.00;1.31;0.00;;4.30;0.00;---;HEI10;HEI10;;;N;;N;;;;;FX;;GNS;0.00;0.00;;;1992-07-18;4;;;1993-01-02
DEU201020219;;DEU;;;3.00;0.00;0.00;;6.20;0.00;DAGMAR L.;HEI4;HEI4;;;N;;N;N;N;;;GO;;GNS, FPO;15.00;0.00;Fiber/Plastic;;1992-07-18;MFL;1992-01-01;;
DEU201030208;;DEU;;;4.00;4.80;0.00;;7.50;0.00;ANITA;ECKE100;ECKE100;;;N;;N;;;;;FX;;GNS, LLS;11.00;0.00;Wood;;1993-03-11;MFL;1993-01-01;;2010-12-01
DEU201040219;;DEU;;;1.00;0.00;0.00;;5.95;0.00;SINA;HEI2;HEI2;;;N;;N;N;N;;;GO;;GNS, NK;7.00;0.00;Fiber/Plastic;;1993-04-07;MFL;1988-01-01;;
DEU201050221;;DEU;;;11.00;0.00;0.00;;10.37;9.00;HANNA;TAR19;TAR19;Tarnewitz;;Y;DJPB;N;N;N;;;GO;;GNS, FPO;73.00;0.00;Fiber/Plastic;;1993-05-01;MFL;1993-01-01;;
DEU201060219;;DEU;;;3.00;0.00;0.00;;7.92;0.00;HILANN;HEI5;HEI5;;;N;;N;;;;;FX;;GNS, FPO;18.00;0.00;Fiber/Plastic;;1993-05-12;MFL;1981-01-01;;2007-04-13
DEU201070208;;DEU;;;1.00;2.50;0.00;;7.10;0.00;KNAPPSCHNOOR;ECKE8;ECKE8;;;N;;N;;;;;FX;;GNS, NK;22.00;0.00;Fiber/Plastic;;1993-07-01;MFL;1972-01-01;;
DEU201080222;;DEU;;;2.00;0.00;0.00;;6.80;0.00;LACHS;WAR1;WAR1;Warnemünde;;N;;N;N;N;;;GO;;GNS, LLS;29.00;0.00;Fiber/Plastic;;1993-08-20;MFL;1989-01-01;;
DEU201090240;211787670;DEU;;;26.00;0.00;0.00;;11.13;10.00;Jan-Bella;TRA10;TRA10;Travemünde;;Y;DKHL;N;N;N;;;GO;;GNS, OTB;140.00;0.00;Fiber/Plastic;;1993-12-29;MFL;1993-01-01;;
DEU201100219;211680250;DEU;;;150.00;0.00;0.00;;23.93;21.02;MARIA CHRIS;NG21;NG21;Emden;;Y;DHNW2;Y;Y;Y;9013921;;TTW;;OTB, TBB;368.00;0.00;Metal;;1995-08-01;MFL;1989-01-01;;
DEU201110229;;DEU;;;2.00;2.00;0.00;;7.05;6.70;RENATE;STEI5;STEI5;;;N;;N;;;;;FX;;GNS, FPO;56.00;0.00;Wood;;1996-06-14;MFL;1995-01-01;;2013-05-16
DEU201120231;;DEU;;;1.00;1.00;0.00;;7.20;0.00;GITTA;HUB101;HUB101;;;N;;N;;;;;FX;;GNS, FPO;4.00;0.00;Fiber/Plastic;;1997-04-23;MFL;1957-01-01;;2014-04-10
DEU201130219;;DEU;;;13.00;0.00;0.00;;11.05;9.72;MOELTENORT III;FRE85;FRE85;;;N;;N;;;;;FX;;GNS, OTB;114.00;0.00;Fiber/Plastic;;1997-08-13;MFL;1997-01-01;;
DEU201140234;;DEU;;;5.00;0.00;0.00;;8.80;7.95;INGRID;LIP8;LIP8;;;Y;DE2941;N;;;;;FX;;GNS, NK;52.00;0.00;;;1999-09-17;4C1;;;2001-04-10
DEU201150222;;DEU;;;13.00;0.00;0.00;;9.98;8.77;CALIFORNIA II;SCHOEN9;SCHOEN9;Schoenberger Strand;;N;;N;N;N;;;GO;;GNS, LLS;80.00;0.00;Fiber/Plastic;;2000-04-11;MFL;2000-01-01;;
DEU201160221;;DEU;;;7.00;0.00;0.00;;9.30;8.90;HANNA;PEL12;PEL12;;;N;;N;;;;;FX;;GNS, OTB;82.00;0.00;Fiber/Plastic;;2000-07-17;MFL;2000-01-01;;
DEU201170234;;DEU;;;4.00;0.00;0.00;;8.60;7.75;---;LAU41;LAU41;"Lauterbach"", Rügen";;N;;N;N;N;;;GO;;GNS, FPO;59.00;0.00;Fiber/Plastic;;2001-03-09;MFL;2001-01-01;;
DEU201180234;;DEU;;;2.00;0.00;0.00;;6.30;0.00;KOBOLD;MAA12;MAA12;Maasholm;;N;;N;N;N;;;GO;;GNS, FPO;20.00;0.00;Fiber/Plastic;;2001-11-21;MFL;2001-01-01;;
DEU201190208;;DEU;;;2.00;0.00;0.00;;7.64;7.05;Lady 1;FLE15FF;FLE15FF;Flensburg;;N;;N;N;N;;;GO;;GNS, FPO, LLS, GTR;31.00;0.00;Fiber/Plastic;;1972-09-10;MFL;1972-01-01;;
DEU201200222;;DEU;;;1.00;0.00;0.00;;4.71;0.00;JONNY;SCHOEN5;SCHOEN5;;;N;;N;;;;;FX;;GNS, FPO;6.00;0.00;Fiber/Plastic;;2002-04-01;MFL;1999-01-01;;
DEU201210219;;DEU;;;1.00;0.00;0.00;;5.20;0.00;---;HEI15;HEI15;;;N;;N;N;N;;;GO;;GNS, FPO;7.00;0.00;Fiber/Plastic;;2002-07-08;MFL;1976-01-01;;
DEU201220234;;DEU;;;1.00;0.00;0.00;;5.40;0.00;---;NEU17A;NEU17A;;;N;;N;;;;;FX;;GNS, FPO;7.00;0.00;Fiber/Plastic;;2003-12-30;MFL;2003-01-01;;
DEU201230208;;DEU;;;1.00;0.00;0.00;;6.40;0.00;CONDOR;MAA15;MAA15;;;N;;N;N;N;;;GO;;GNS, FPO;18.00;0.00;Fiber/Plastic;;2004-01-26;MFL;2003-01-01;;2019-03-04
DEU201240208;211707460;DEU;;;3.00;0.00;0.00;;7.71;7.04;ANN CHRISTIN;ECKE20;ECKE20;Eckernförde;;Y;DJ4304;N;N;N;;;GO;;GNS, FPO;17.00;0.00;Fiber/Plastic;;2004-10-01;MFL;1978-01-01;;
DEU201250222;;DEU;;;1.00;0.00;0.00;;4.34;0.00;MELANIE;SCHOEN1;SCHOEN1;Schoenberger Strand;;N;;N;N;N;;;GO;;GNS, GTR, FPO;7.00;0.00;Fiber/Plastic;;2004-11-17;MFL;2004-01-01;;
DEU201260222;;DEU;;;1.00;0.00;0.00;;5.60;0.00;---;SCHOEN4;SCHOEN4;;;N;;N;N;N;;;GO;;GNS, FPO;21.00;0.00;Fiber/Plastic;;2005-01-21;MFL;2004-01-01;;2018-03-29
DEU201270220;;DEU;;;4.00;0.00;0.00;;7.97;0.00;Sturmvogel II;LAB30;LAB30;Laboe;;Y;DD3340;N;N;N;;;GO;;GNS, GTR, FPO;31.00;0.00;Fiber/Plastic;;2005-05-30;MFL;1974-01-01;;
DEU201280208;;DEU;;;1.00;0.00;0.00;;4.36;0.00;LONE;ECKE11;ECKE11;;;N;;N;;;;;FX;;GNS, FPO;7.00;0.00;Wood;;2005-08-05;MFL;1945-01-01;;2012-01-01
DEU201290208;;DEU;;;2.00;0.00;0.00;;7.31;0.00;Johanna;MOEN22;MOEN22;Moenkebude;;N;;N;N;N;;;GO;;GNS, LLS;40.00;0.00;Fiber/Plastic;;2005-08-26;MFL;1974-01-01;;
DEU201300234;211871200;DEU;;;4.00;0.00;0.00;;7.35;6.95;Nordlicht;LIP2;LIP2;Lippe;;Y;DD2533;N;N;N;;;GO;;GNS, FPO;42.00;0.00;Fiber/Plastic;;2005-09-21;MFL;2005-01-01;;
DEU201310221;;DEU;;;1.00;0.00;0.00;;5.04;0.00;-----;BAR16;BAR16;Barth;;N;;N;N;N;;;GO;;GNS, FPO;19.00;0.00;Fiber/Plastic;;2005-12-13;MFL;2003-01-01;;
DEU204000208;;DEU;;;2.00;3.90;0.00;;6.10;0.00;LOTTA;ECKE2B;ECKE2B;;;N;;N;;;;;FX;;GNS, FPO;4.00;0.00;;;1989-08-25;4C1;;;2001-11-12
DEU204010208;;DEU;;;2.00;4.30;0.00;;6.71;0.00;MARTIN;ECKE103;ECKE103;;;N;;N;;;;;FX;;GNS, FPO;18.00;0.00;Fiber/Plastic;;1982-11-15;MFL;1973-01-01;;
DEU204020208;;DEU;;;3.00;0.00;0.00;;7.65;0.00;GERDA;ECKE104;ECKE104;Eckernförde;;N;;N;N;N;;;GO;;GNS, FPO;31.00;0.00;Fiber/Plastic;;1978-06-16;MFL;1978-01-01;;
DEU204030208;;DEU;;;3.00;0.00;0.00;;8.40;0.00;ADLER;ECKE27;ECKE27;;;N;;N;N;N;;;GO;;GNS, FPO;16.00;0.00;Wood;;1966-11-05;MFL;1966-01-01;;
DEU204040208;;DEU;;;1.00;0.00;0.00;;6.40;0.00;---;ECKE14;ECKE14;;;N;;N;N;N;;;GO;;GNS, FPO;5.00;0.00;Wood;;1983-01-10;MFL;1982-01-01;;
DEU204050208;;DEU;;;1.00;0.00;0.00;;6.00;0.00;ALK;ECKE106;ECKE106;;;N;;N;N;N;;;GO;;GNS, FPO;14.00;0.00;Fiber/Plastic;;1991-09-01;MFL;1984-01-01;;
DEU204060208;;DEU;;;1.00;2.70;0.00;;4.30;0.00;---;ECKE112;ECKE112;;;N;;N;;;;;FX;;GNS, FPO;6.00;0.00;Wood;;1981-06-09;MFL;1981-01-01;;2014-12-14
DEU204070208;;DEU;;;1.00;0.00;0.00;;4.63;0.00;NORDSTERN;HEI21;HEI21;;;N;;N;;;;;FX;;GNS, FPO;8.00;0.00;Fiber/Plastic;;1992-01-01;MFL;1983-01-01;;
DEU204080208;;DEU;;;1.00;2.50;0.00;;4.10;0.00;---;SCHOEN3B;SCHOEN3B;;;N;;N;;;;;FX;;GNS, FPO;6.00;0.00;Wood;;1985-11-01;MFL;1981-01-01;;2007-04-13
DEU204090208;;DEU;;;1.00;3.80;0.00;;6.00;0.00;---;LANG102;LANG102;;;N;;N;;;;;FX;;GNS, FPO;5.00;0.00;Wood;;1970-11-17;MFL;1970-01-01;;2007-11-06
DEU204100221;;DEU;;;1.00;0.00;0.00;;5.80;0.00;---;STRA102;STRA102;;;N;;N;;;;;FX;;GNS, FPO;12.00;0.00;Fiber/Plastic;;1981-05-25;MFL;1981-01-01;;
DEU204110229;;DEU;;;1.00;2.64;0.00;;6.11;0.00;JESSICA;STRA103;STRA103;;;N;;N;;;;;FX;;GNS, FPO;18.00;0.00;Wood;;1992-01-01;MFL;1991-01-01;;
DEU204120229;;DEU;;;1.00;3.40;0.00;;5.25;0.00;MAREN II;STRA105;STRA105;;;N;;N;;;;;FX;;GNS, FPO;6.00;0.00;Fiber/Plastic;;1980-12-03;MFL;1980-01-01;;2013-10-17
DEU204130229;;DEU;;;1.00;3.70;0.00;;5.75;0.00;ADA;ECKE6A;ECKE6A;;;N;;N;;;;;FX;;GNS, FPO;22.00;0.00;Wood;;1990-01-19;MFL;1990-01-01;;2003-12-30
DEU204140229;;DEU;;;1.00;3.90;0.00;;6.10;0.00;SANDRA;ECKE2C;ECKE2C;;;N;;N;;;;;FX;;GNS, FPO;8.00;0.00;;;1979-07-30;4C1;;;2001-11-12
DEU204150229;;DEU;;;1.00;0.00;0.00;;5.97;0.00;KERSTIN;NEU2;NEU2;;;N;;N;;;;;FX;;GNS, FPO;26.00;0.00;Fiber/Plastic;;1987-08-14;MFL;1987-01-01;;
DEU204160229;;DEU;;;1.00;0.00;0.00;;4.85;0.00;DORSCH;STRA110;STRA110;;;N;;N;;;;;FX;;GNS, FPO;12.00;0.00;Fiber/Plastic;;1988-01-29;MFL;1981-01-01;;2006-02-17
DEU204170229;;DEU;;;1.00;2.70;0.00;;4.21;0.00;---;HEI3;HEI3;;;N;;N;;;;;FX;;GNS, FPO;11.00;0.00;Fiber/Plastic;;1981-03-09;MFL;1978-01-01;;2011-02-03
DEU204180229;;DEU;;;3.00;0.00;0.00;;7.15;0.00;ORCA;TRA16;TRA16;;;N;;N;;;;;FX;;GNS, FPO;19.00;0.00;Wood;;1986-01-01;MFL;1979-01-01;;2006-09-25
DEU204190229;;DEU;;;1.00;3.70;0.00;;5.62;0.00;ANDREA I;STRA113;STRA113;;;N;;N;;;;;FX;;GNS, FPO;12.00;0.00;Fiber/Plastic;;1981-02-09;MFL;1980-01-01;;2007-05-10
DEU204200229;;DEU;;;1.00;3.80;0.00;;5.93;0.00;BUTT;STRA120;STRA120;;;N;;N;;;;;FX;;GNS, FPO;19.00;0.00;Fiber/Plastic;;1992-01-01;MFL;1992-01-01;;2007-09-26
DEU204210229;;DEU;;;1.00;3.00;0.00;;4.85;0.00;SEEWOLF II;STRA122;STRA122;;;N;;N;;;;;FX;;GNS, FPO;13.00;0.00;Fiber/Plastic;;1986-04-18;MFL;1985-01-01;;
DEU204220229;;DEU;;;2.00;3.90;0.00;;6.20;0.00;RASMUS III;KAP5;KAP5;;;N;;N;;;;;FX;;GNS, FPO;8.00;0.00;Fiber/Plastic;;1982-03-22;MFL;1967-01-01;;
DEU204240229;;DEU;;;1.00;0.00;0.00;;4.48;0.00;Lasse;RAD1;RAD1;;;N;;N;N;N;;;GO;;GNS, FPO;12.00;0.00;Fiber/Plastic;;1981-03-26;MFL;1978-01-01;;2018-10-25
DEU204250229;;DEU;;;1.00;3.80;0.00;;5.75;0.00;---;STEI109;STEI109;;;N;;N;;;;;FX;;GNS, FPO;8.00;0.00;;;1992-01-01;4C1;;;2002-11-08
DEU204260229;;DEU;;;1.00;3.80;0.00;;5.90;0.00;ROEDE SILD;FRIE103;FRIE103;;;N;;N;;;;;FX;;GNS, FPO;4.00;0.00;Fiber/Plastic;;1988-01-22;MFL;1985-01-01;;2004-04-02
DEU204270229;;DEU;;;1.00;0.00;0.00;;4.21;0.00;MAIKE;FRIE109;FRIE109;Friedrichsort;;N;;N;N;N;;;GO;;GNS, FPO;7.00;0.00;Fiber/Plastic;;1985-06-05;MFL;1985-01-01;;2021-08-24
DEU204280229;;DEU;;;1.00;2.70;0.00;;4.30;0.00;MONIKA;FRIE11;FRIE11;;;N;;N;;;;;FX;;GNS, FPO;3.00;0.00;Fiber/Plastic;;1981-08-31;MFL;1981-01-01;;2007-04-13
DEU204290229;;DEU;;;2.00;4.00;0.00;;6.29;0.00;STURMVOGEL;LAB30;LAB30;;;N;;N;;;;;FX;;GNS, FPO;14.00;0.00;Fiber/Plastic;;1991-01-01;MFL;1975-01-01;;2005-08-02
DEU204300229;;DEU;;;1.00;0.00;0.00;;4.30;0.00;OLIVER;FRIE131;FRIE131;;;N;;N;;;;;FX;;GNS, FPO;11.00;0.00;Fiber/Plastic;;1985-01-21;MFL;1983-01-01;;
DEU204310229;;DEU;;;1.00;3.30;0.00;;5.12;0.00;SEESTERN;FRIE140;FRIE140;;;N;;N;;;;;FX;;GNS, FPO;4.00;0.00;Fiber/Plastic;;1984-07-13;MFL;1984-01-01;;2004-01-29
DEU204320201;;DEU;;;1.00;0.00;0.00;;4.30;0.00;IRIS;KIE102;KIE102;;;N;;N;N;N;;;GO;;GNS, FPO;4.00;0.00;Fiber/Plastic;;1981-03-02;MFL;1981-01-01;;2018-04-04
DEU204330201;;DEU;;;1.00;0.00;0.00;;4.30;0.00;---;KIE104;KIE104;Kiel;;N;;N;N;N;;;GO;;GNS, FPO;4.00;0.00;Fiber/Plastic;;1982-04-02;MFL;1982-01-01;;
DEU204340201;;DEU;;;4.00;0.00;0.00;;6.96;6.25;SEEFALKE;HEI16;HEI16;;;N;;N;;;;;FX;;GNS, FPO;27.00;0.00;Fiber/Plastic;;1986-06-20;MFL;1985-01-01;;
DEU204350201;;DEU;;;1.00;2.70;0.00;;4.52;0.00;ANDREAS;KIE109;KIE109;;;N;;N;;;;;FX;;GNS, FPO;4.00;0.00;Fiber/Plastic;;1984-05-04;MFL;1984-01-01;;
DEU204360201;;DEU;;;1.00;0.00;0.00;;5.70;0.00;---;KIE234;KIE234;;;N;;N;;;;;FX;;GNS, FPO;5.00;0.00;Fiber/Plastic;;1968-05-27;MFL;1959-01-01;;2006-02-17
DEU204370201;;DEU;;;1.00;0.00;0.00;;4.80;0.00;---;KIE266;KIE266;Kiel;;N;;N;N;N;;;GO;;GNS, FPO;6.00;0.00;Fiber/Plastic;;1979-05-14;MFL;1974-01-01;;2025-06-25
DEU204380219;;DEU;;;1.00;0.00;0.00;;6.02;0.00;GRETE R;HEI101;HEI101;Heikendorf;;N;;N;N;N;;;GO;;GNS, FPO;13.00;0.00;Fiber/Plastic;;1992-01-01;MFL;1969-01-01;;2022-05-23
DEU204390219;;DEU;;;1.00;2.40;0.00;;3.77;0.00;SILBERMOEWE;ECKE21;ECKE21;;;N;;N;;;;;FX;;GNS, FPO;7.00;0.00;Fiber/Plastic;;1991-09-03;MFL;1982-01-01;;2011-08-12
DEU204400219;;DEU;;;1.00;0.00;0.00;;6.00;0.00;ANJA;HEI103;HEI103;;;N;;N;;;;;FX;;GNS, FPO;8.00;0.00;Fiber/Plastic;;1976-02-09;MFL;1970-01-01;;2006-12-28
DEU204410219;;DEU;;;1.00;0.00;0.00;;5.90;0.00;MÖWE;HEI6;HEI6;Heikendorf;;N;;N;N;N;;;GO;;GNS, FPO;11.00;0.00;Fiber/Plastic;;1989-09-29;MFL;1967-01-01;;2022-01-10
DEU204420219;;DEU;;;2.00;4.00;0.00;;6.40;0.00;---;FRE37;FRE37;;;N;;N;;;;;FX;;GNS, LLS;20.00;0.00;Fiber/Plastic;;1977-01-31;MFL;1968-01-01;;2012-01-27
DEU204430219;;DEU;;;1.00;3.10;0.00;;4.90;0.00;TANJA;HEI107;HEI107;;;N;;N;;;;;FX;;GNS, FPO;7.00;0.00;Fiber/Plastic;;1983-04-25;MFL;1981-01-01;;2003-05-21
DEU204440219;;DEU;;;2.00;3.90;0.00;;6.30;0.00;KRABBE;HEI108;HEI108;;;N;;N;;;;;FX;;GNS, FPO;18.00;0.00;Fiber/Plastic;;1992-01-01;MFL;1991-01-01;;2007-10-10
DEU204450219;;DEU;;;1.00;2.18;0.00;;5.55;0.00;---;HEI110;HEI110;;;N;;N;;;;;FX;;GNS, FPO;17.00;0.00;Fiber/Plastic;;1983-03-11;MFL;1983-01-01;;2011-04-14
DEU204460220;;DEU;;;1.00;0.00;0.00;;5.45;0.00;STROLCH;LANG100;LANG100;;;N;;N;;;;;FX;;GNS, FPO;6.00;0.00;Fiber/Plastic;;1986-01-24;MFL;1968-01-01;;2016-10-19
DEU204470220;;DEU;;;1.00;0.00;0.00;;4.30;0.00;CHRISTIAN;LAB10A;LAB10A;;;N;;N;N;N;;;GO;;GNS, FPO;4.00;0.00;Fiber/Plastic;;1983-11-04;MFL;1983-01-01;;2019-12-12
DEU204480220;;DEU;;;1.00;3.90;0.00;;6.11;0.00;---;LAB103;LAB103;;;N;;N;;;;;FX;;GNS, FPO;8.00;0.00;Fiber/Plastic;;1984-01-09;MFL;1983-01-01;;2004-06-25
DEU204490220;;DEU;;;1.00;2.70;0.00;;4.30;0.00;CHRISTINA;LAB104;LAB104;;;N;;N;;;;;FX;;GNS, FPO;4.00;0.00;Fiber/Plastic;;1988-08-03;MFL;1982-01-01;;
DEU204500220;;DEU;;;1.00;0.00;0.00;;5.98;0.00;IRMI;LAB17;LAB17;Laboe;;N;;N;N;N;;;GO;;GNS, FPO;7.00;0.00;Fiber/Plastic;;1989-10-20;MFL;1989-01-01;;2025-06-26
DEU204510220;211836230;DEU;;;1.00;0.00;0.00;;4.26;0.00;EMILY;HEIL7;HEIL7;Heiligenhafen;;Y;DC2119;N;N;N;;;GO;;FPO, LLS, GNS, GTR;11.00;0.00;Fiber/Plastic;;1981-06-02;MFL;1967-01-01;;
DEU204520220;;DEU;;;2.00;4.20;0.00;;7.50;0.00;MADLINE;HEI1;HEI1;;;N;;N;;;;;FX;;GNS, FPO;37.00;0.00;Fiber/Plastic;;1992-01-01;MFL;1991-01-01;;
DEU204530220;;DEU;;;2.00;4.20;0.00;;6.52;0.00;KARIN;STRA2B;STRA2B;;;N;;N;;;;;FX;;GNS, FPO;26.00;0.00;;;1981-05-18;4C1;;;2000-09-05
DEU204540220;;DEU;;;1.00;0.00;0.00;;5.65;0.00;PASCAL;STEI103;STEI103;"Stein"", Plön";;N;;N;N;N;;;GO;;GNS, FPO;8.00;0.00;Fiber/Plastic;;1992-01-01;MFL;1985-01-01;;2024-12-31
DEU204550220;;DEU;;;1.00;3.50;0.00;;5.45;0.00;RIO;LAB110;LAB110;;;N;;N;;;;;FX;;GNS, FPO;5.00;0.00;Fiber/Plastic;;1982-07-15;MFL;1969-01-01;;2004-10-25
DEU204560220;;DEU;;;1.00;0.00;0.00;;4.84;0.00;CHRISTEL;WEN101;WEN101;;;N;;N;N;N;;;GO;;GNS, FPO;5.00;0.00;Fiber/Plastic;;1984-06-15;MFL;1981-01-01;;2018-06-13
DEU204570220;;DEU;;;1.00;0.00;0.00;;5.02;0.00;OLLI;LAB116;LAB116;Laboe;;N;;N;N;N;;;GO;;GNS, FPO;8.00;0.00;Fiber/Plastic;;1981-09-28;MFL;1974-01-01;;2023-10-27
DEU204580220;;DEU;;;1.00;0.00;0.00;;5.95;0.00;Atze;LAB11;LAB11;;;N;;N;N;N;;;GO;;GNS, FPO;8.00;0.00;Fiber/Plastic;;1987-03-01;MFL;1987-01-01;;2019-04-12
DEU204590202;;DEU;;;1.00;3.40;0.00;;5.26;0.00;TINI;LAB121;LAB121;;;N;;N;;;;;FX;;GNS, FPO;37.00;0.00;Fiber/Plastic;;1991-04-23;MFL;1990-01-01;;
DEU204600220;;DEU;;;1.00;3.90;0.00;;6.03;0.00;FLUNDER;WED1;WED1;;;N;;N;;;;;FX;;GNS, FPO;8.00;0.00;Fiber/Plastic;;1984-01-20;MFL;1963-01-01;;
DEU204610240;;DEU;;;2.00;0.00;0.00;;6.30;0.00;MONI;WEN3;WEN3;;;N;;N;N;N;;;GO;;GNS, FPO;25.00;0.00;Fiber/Plastic;;1993-09-03;MFL;1992-01-01;;2018-10-05
DEU204620221;;DEU;;;1.00;0.00;0.00;;4.30;0.00;MATTHIAS;STEI101;STEI101;;;N;;N;;;;;FX;;GNS, FPO;4.00;0.00;Fiber/Plastic;;1981-06-30;MFL;1981-01-01;;2006-09-07
DEU204630221;;DEU;;;1.00;0.00;0.00;;5.06;0.00;HEIKE;STEI102;STEI102;;;N;;N;N;N;;;GO;;GNS, FPO;5.00;0.00;Fiber/Plastic;;1985-02-18;MFL;1975-01-01;;2022-03-14
DEU204640221;;DEU;;;1.00;3.70;0.00;;5.75;0.00;ROSI;STEI103;STEI103;;;N;;N;;;;;FX;;GNS, FPO;26.00;0.00;Fiber/Plastic;;1965-06-24;MFL;1965-01-01;;2006-03-16
DEU204650221;;DEU;;;1.00;3.90;0.00;;5.75;0.00;ERWIN;STEI104;STEI104;;;N;;N;;;;;FX;;GNS, FPO;30.00;0.00;Fiber/Plastic;;1992-01-01;MFL;1989-01-01;;2004-02-27
DEU204660221;;DEU;;;1.00;0.00;0.00;;5.03;0.00;IWES;RAD100;RAD100;;;N;;N;;;;;FX;;GNS, FPO;19.00;0.00;Fiber/Plastic;;1984-01-01;MFL;1981-01-01;;2006-03-16
DEU204670221;;DEU;;;1.00;2.60;0.00;;4.10;0.00;BRITTA;STEI106;STEI106;;;N;;N;;;;;FX;;GNS, FPO;4.00;0.00;;;1981-09-07;4C1;;;2002-11-18
DEU204680221;;DEU;;;1.00;3.10;0.00;;4.84;0.00;LARS;STEI107;STEI107;;;N;;N;;;;;FX;;GNS, FPO;5.00;0.00;;;1982-02-01;4C1;;;2001-09-14
DEU204690221;;DEU;;;1.00;0.00;0.00;;4.20;0.00;---;STEI107;STEI107;"Stein"", Plön";;N;;N;N;N;;;GO;;GNS, FPO;11.00;0.00;Fiber/Plastic;;1986-10-24;MFL;1986-01-01;;2024-02-21
DEU204700221;;DEU;;;1.00;3.70;0.00;;5.70;0.00;FIETE;STEI108;STEI108;;;N;;N;;;;;FX;;GNS, FPO;5.00;0.00;Fiber/Plastic;;1991-05-24;MFL;1978-01-01;;2012-11-02
DEU204710221;;DEU;;;3.00;3.50;0.00;;7.30;0.00;MOEWE;FRIE10;FRIE10;;;N;;N;;;;;FX;;GNS, FPO;34.00;0.00;Fiber/Plastic;;1992-01-01;MFL;1985-01-01;;
DEU204720230;;DEU;;;1.00;0.00;0.00;;4.90;0.00;GODEWIND;RAD102;RAD102;;;N;;N;;;;;FX;;GNS, FPO;4.00;0.00;Fiber/Plastic;;1992-01-01;MFL;1982-01-01;;2015-11-05
DEU204730231;;DEU;;;1.00;3.40;0.00;;5.30;0.00;---;HUB101;HUB101;;;N;;N;;;;;FX;;GNS, FPO;4.00;0.00;;;1981-10-01;4C1;;;1997-05-22
DEU204740231;;DEU;;;1.00;2.40;0.00;;3.65;0.00;---;HUB103;HUB103;;;N;;N;;;;;FX;;GNS, FPO;3.00;0.00;Fiber/Plastic;;1983-01-01;MFL;1976-01-01;;2004-02-27
DEU204750208;;DEU;;;1.00;2.26;0.00;;5.65;0.00;---;LANG1;LANG1;;;N;;N;;;;;FX;;GNS, NO;6.00;0.00;;;1981-08-31;4C1;;;2002-04-03
DEU204760208;;DEU;;;3.00;0.00;0.00;;7.90;0.00;BABITONGA;ECKE1;ECKE1;Eckernförde;;N;;N;N;N;;;GO;;GNS, FPO;22.00;0.00;Fiber/Plastic;;1980-08-27;MFL;1980-01-01;;
DEU204760220;;DEU;;;1.00;0.00;0.00;;5.40;0.00;ALDEBARAN;TRA13;TRA13;Travemünde;;Y;DJ9217;N;N;N;;;GO;;GNS, FPO;6.00;0.00;Fiber/Plastic;;1974-05-27;MFL;1974-01-01;;
DEU204770208;;DEU;;;1.00;1.99;0.00;;5.30;0.00;HILDE;ECKE5;ECKE5;;;N;;N;;;;;FX;;GNS, NO;5.00;0.00;Fiber/Plastic;;1986-04-07;MFL;1967-01-01;;2010-10-29
DEU204770221;;DEU;;;1.00;0.00;0.00;;6.10;0.00;SEEADLER;WEN1;WEN1;;;N;;N;;;;;FX;;GNS, FPO;66.00;0.00;Fiber/Plastic;;1998-12-18;MFL;1990-01-01;;2017-05-19
DEU204780208;;DEU;;;1.00;1.84;0.00;;5.10;0.00;---;ECKE32;ECKE32;;;N;;N;;;;;FX;;GNS, LLS;4.00;0.00;Fiber/Plastic;;1992-01-01;MFL;1992-01-01;;2012-05-11
DEU204790208;;DEU;;;1.00;0.00;0.00;;5.78;0.00;---;POE50N;POE50N;;;N;;N;;;;;FX;;GNS, LLS;9.00;0.00;Fiber/Plastic;;1992-01-01;MFL;1979-01-01;;
DEU204800208;;DEU;;;1.00;2.38;0.00;;5.78;0.00;OLE;ECKE11;ECKE11;;;N;;N;;;;;FX;;GNS, NO;7.00;0.00;Fiber/Plastic;;1992-01-01;MFL;1970-01-01;;2005-08-05
DEU204810208;;DEU;;;1.00;1.73;0.00;;4.95;0.00;WILMA;ECKE100;ECKE100;;;N;;N;;;;;FX;;GNS, NO;4.00;0.00;;;1983-01-01;C19;;;1995-01-31
DEU204820208;;DEU;;;1.00;0.00;0.00;;6.08;0.00;INGA;ECKE17;ECKE17;;;N;;N;;;;;FX;;GNS, FPO;5.00;0.00;Fiber/Plastic;;2002-01-01;MFL;1980-01-01;;2006-11-06
DEU204820229;;DEU;;;3.00;0.00;0.00;;7.70;0.00;BENTE;STRA1;STRA1;;;N;;N;N;N;;;GO;;GNS, FPO;24.00;0.00;Wood;;1966-05-25;MFL;1959-01-01;;2019-12-31
DEU204830229;;DEU;;;2.00;3.33;0.00;;6.86;0.00;STOLLERGRUND;STRA2;STRA2;;;N;;N;;;;;FX;;GNS, FPO;43.00;0.00;Fiber/Plastic;;1982-04-22;MFL;1975-01-01;;
DEU204830240;;DEU;;;2.00;0.00;0.00;;6.30;0.00;TIMPE TE;HEI12;HEI12;;;N;;N;;;;;FX;;GNS, FPO;18.00;0.00;Fiber/Plastic;;2002-07-08;MFL;1990-01-01;;2015-06-04
DEU204840221;;DEU;;;1.00;0.00;0.00;;4.20;0.00;BRITTA;STEI106;STEI106;;;N;;N;N;N;;;GO;;GNS, FPO;4.00;0.00;Fiber/Plastic;;2002-10-04;MFL;1991-01-01;;2018-06-08
DEU204840229;;DEU;;;1.00;2.63;0.00;;6.10;0.00;KONGER;STRA2A;STRA2A;;;N;;N;;;;;FX;;GNS, FPO;8.00;0.00;Fiber/Plastic;;1982-04-02;MFL;1981-01-01;;
DEU204850221;;DEU;;;1.00;0.00;0.00;;5.06;0.00;KIRSTEN;STEI109;STEI109;;;N;;N;N;N;;;GO;;GNS, FPO;8.00;0.00;Fiber/Plastic;;2002-11-18;MFL;2002-01-01;;
DEU204850229;;DEU;;;2.00;0.00;0.00;;6.30;0.00;IRIS;FLE77;FLE77;;;N;;N;;;;;FX;;GNS, FPO;12.00;0.00;Fiber/Plastic;;1985-04-19;MFL;1976-01-01;;
DEU204860208;;DEU;;;1.00;0.00;0.00;;5.53;0.00;Anne II;ECKE110;ECKE110;Eckernförde;;N;;N;N;N;;;GO;;GNS, FPO;45.00;0.00;Fiber/Plastic;;2003-11-07;MFL;1994-01-01;;2023-12-20
DEU204860229;;DEU;;;1.00;1.71;0.00;;4.91;0.00;SUSI;STRA4A;STRA4A;;;N;;N;;;;;FX;;GNS, FPO;7.00;0.00;Fiber/Plastic;;1982-05-24;MFL;1982-01-01;;
DEU204870208;;DEU;;;1.00;0.00;0.00;;6.15;0.00;OHLSEN;HEIL2;HEIL2;;;N;;N;;;;;FX;;GNS, FPO;18.00;0.00;Fiber/Plastic;;1979-01-01;MFL;1977-01-01;;2012-01-02
DEU204870229;;DEU;;;1.00;0.00;0.00;;5.22;0.00;PAULA;BUR2;BUR2;Burgstaaken;;N;;N;N;N;;;GO;;GNS, FPO;8.00;0.00;Fiber/Plastic;;1984-01-01;MFL;1981-01-01;;2024-04-04
DEU204880221;;DEU;;;1.00;0.00;0.00;;4.95;0.00;---;STEI104A;STEI104A;;;N;;N;;;;;FX;;GNS, FPO;3.00;0.00;Fiber/Plastic;;2004-03-01;MFL;1994-01-01;;2008-07-28
DEU204880229;;DEU;;;1.00;1.84;0.00;;5.10;0.00;INA;STRA12;STRA12;;;N;;N;;;;;FX;;GNS, NO;6.00;0.00;;;1984-01-27;4C1;;;2001-01-02
DEU204890221;;DEU;;;1.00;0.00;0.00;;5.85;0.00;ERWIN;ECKE4;ECKE4;Eckernförde;;Y;DB5295;N;N;N;;;GO;;GNS, LLS, FPO, GTR;24.00;0.00;Fiber/Plastic;;2004-03-01;MFL;1995-01-01;;
DEU204890229;;DEU;;;1.00;2.37;0.00;;5.78;0.00;HELGA;FRIE4;FRIE4;;;N;;N;;;;;FX;;GNS, NO;13.00;0.00;;;1977-07-25;C19;;;1995-01-31
DEU204900229;;DEU;;;1.00;1.37;0.00;;4.40;0.00;---;FRIE10A;FRIE10A;;;N;;N;;;;;FX;;GNS, FPO;6.00;0.00;Fiber/Plastic;;1985-01-04;MFL;1984-01-01;;
DEU204900252;;DEU;;;1.00;0.00;0.00;;5.48;0.00;JAN-MALTE;STRA55;STRA55;;;N;;N;;;;;FX;;GNS, FPO;7.00;0.00;Fiber/Plastic;;2004-03-10;MFL;2004-01-01;;
DEU204910208;;DEU;;;2.00;0.00;0.00;;7.77;0.00;---;ECKE22;ECKE22;;;N;;N;;;;;FX;;GNS, FPO;25.00;0.00;Fiber/Plastic;;2004-06-25;MFL;1973-01-01;;2005-06-13
DEU204910229;;DEU;;;4.00;5.75;0.00;;9.02;0.00;GOLDBUTT;STRA5;STRA5;;;N;;N;;;;;FX;;GNS, FPO;27.00;0.00;Fiber/Plastic;;1977-10-17;MFL;1977-01-01;;
DEU204920208;;DEU;;;3.00;0.00;0.00;;8.23;7.62;INGA II;ECKE22;ECKE22;;;N;;N;;;;;FX;;GNS, FPO;50.00;0.00;Fiber/Plastic;;2005-05-30;MFL;1978-01-01;;
DEU204920229;;DEU;;;2.00;2.89;0.00;;6.40;0.00;---;ECKE2A;ECKE2A;;;N;;N;;;;;FX;;GNS, NO;8.00;0.00;;;1974-12-30;4C1;;;2001-11-12
DEU204930208;;DEU;;;1.00;0.00;0.00;;4.35;0.00;ANDREA;ECKE19;ECKE19;;;N;;N;;;;;FX;;GNS, FPO;6.00;0.00;Fiber/Plastic;;2005-08-05;MFL;1980-01-01;;2010-02-19
DEU204930229;;DEU;;;1.00;2.60;0.00;;6.07;0.00;TANJA;FRIE102;FRIE102;;;N;;N;;;;;FX;;GNS, LLS;8.00;0.00;Fiber/Plastic;;1982-07-19;MFL;1982-01-01;;2004-06-08
DEU204940221;;DEU;;;4.00;0.00;0.00;;8.60;0.00;SIRIUS;HEL1;HEL1;;;N;;N;;;;;FX;;LLS, GNS;52.00;0.00;Metal;;2006-03-15;MFL;2005-01-01;;
DEU204940229;;DEU;;;3.00;4.10;0.00;;7.62;0.00;MARMORATA;STEI5A;STEI5A;;;N;;N;;;;;FX;;GNS, LLS;56.00;0.00;;;1983-10-07;C19;;;1996-06-13
DEU204950229;211670270;DEU;;;2.00;0.00;0.00;;6.97;0.00;NORDLICHT;HEIL5;HEIL5;Heiligenhafen;;Y;DG8471;N;N;N;;;GO;;GTR, GNS;21.00;0.00;Fiber/Plastic;;1992-01-01;MFL;1986-01-01;;
DEU204960219;;DEU;;;2.00;0.00;0.00;;7.10;0.00;LUEDDEN;HEI9;HEI9;Heikendorf;;N;;N;N;N;;;GO;;GNS, GTR, LHP, FPO;23.00;0.00;Fiber/Plastic;;1981-05-04;MFL;1981-01-01;;
DEU204970219;;DEU;;;1.00;0.00;0.00;;4.30;0.00;---;HEI9A;HEI9A;Heikendorf;;N;;N;N;N;;;GO;;GNS, LHP, GTR, FPO;11.00;0.00;Fiber/Plastic;;1972-01-01;MFL;1972-01-01;;
DEU204980219;;DEU;;;1.00;0.00;0.00;;5.80;0.00;---;HEI18A;HEI18A;;;N;;N;;;;;FX;;GNS, FPO;7.00;0.00;Wood;;1961-08-23;MFL;1961-01-01;;2016-10-25
DEU204990219;;DEU;;;2.00;0.00;0.00;;7.07;0.00;ADDA;STRA6;STRA6;;;N;;N;N;N;;;GO;;GNS, FPO;23.00;0.00;Fiber/Plastic;;1981-04-02;MFL;1978-01-01;;2020-10-23
DEU205000220;;DEU;;;1.00;0.00;0.00;;5.94;0.00;PUMMEL;LAB6;LAB6;Laboe;;N;;N;N;N;;;GO;;GNS, LLS, GTR, FPO;8.00;0.00;Fiber/Plastic;;1986-08-18;MFL;1986-01-01;;
DEU205010220;;DEU;;;1.00;0.00;0.00;;5.98;0.00;---;NEU50;NEU50;"Neuendorf"", Hiddensee";;N;;N;N;N;;;GO;;GNS, LLS;18.00;0.00;Fiber/Plastic;;1985-06-21;MFL;1983-01-01;;
DEU205020220;;DEU;;;1.00;0.00;0.00;;5.95;0.00;LILLE VEN;LAB29;LAB29;;;N;;N;;;;;FX;;GNS, LLS;18.00;0.00;Metal;;1983-05-06;MFL;1983-01-01;;
DEU205030220;;DEU;;;1.00;2.25;0.00;;5.64;0.00;MUNCKI;LAB50;LAB50;;;N;;N;;;;;FX;;GNS, NO;17.00;0.00;Metal;;1983-06-10;MFL;1979-01-01;;2007-04-24
DEU205040220;;DEU;;;1.00;1.91;0.00;;5.20;0.00;---;HUB1;HUB1;;;N;;N;;;;;FX;;GNS, NO;3.00;0.00;;;1988-01-02;4C1;;;2002-09-10
DEU205050252;;DEU;;;1.00;0.00;0.00;;5.75;0.00;ADDA;STRA113;STRA113;;;N;;N;;;;;FX;;GNS, FPO;12.00;0.00;Fiber/Plastic;;2007-05-11;MFL;1989-01-01;;2010-12-20
DEU205080241;;DEU;;;1.00;0.00;0.00;;4.70;0.00;---;SCHOEN2;SCHOEN2;Schoenberger Strand;;N;;N;N;N;;;GO;;GNS, FPO;10.00;0.00;Fiber/Plastic;;2008-02-15;MFL;1995-01-01;;
DEU205090240;;DEU;;;3.00;0.00;0.00;;6.20;0.00;Nicola;WEN2;WEN2;;;N;;N;N;N;;;GO;;GNS, LLS;32.00;0.00;Fiber/Plastic;;2011-06-01;MFL;2011-01-01;;
DEU205100208;;DEU;;;2.00;0.00;0.00;;6.45;0.00;LEA;ECKE23;ECKE23;;;N;;N;;;;;FX;;GNS, FPO;22.00;0.00;Fiber/Plastic;;2012-04-01;MFL;1993-01-01;;2015-04-01
DEU205110208;;DEU;;;1.00;0.00;0.00;;5.65;0.00;SPEEDFISCHER;ECKE100;ECKE100;;;N;;N;;;;;FX;;GNS, FPO;66.00;0.00;Other;;2012-04-27;MFL;2010-01-01;;
DEU205120234;;DEU;;;4.00;0.00;0.00;;7.80;0.00;INGRID;LIP8;LIP8;;;Y;DG2941;N;;;;;FX;;GNS, FPO;63.00;0.00;Fiber/Plastic;;2013-04-03;MFL;2012-01-01;;2014-12-09
DEU205130208;;DEU;;;1.00;0.00;0.00;;3.95;0.00;LEIF-ERIK;ECKE6;ECKE6;;;N;;N;;;;;FX;;GNS, FPO;4.00;0.00;Fiber/Plastic;;2014-11-01;MFL;1970-01-01;;2015-05-28
DEU205140234;;DEU;;;5.00;0.00;0.00;;7.99;0.00;INGRID MÖLLER;STRA11;STRA11;Strande;;Y;DG2941;N;N;N;;;GO;;GNS, FPO, GTR, LLS;63.00;0.00;Fiber/Plastic;;2014-12-15;MFL;2014-01-01;;
DEU205150221;;DEU;;;5.00;0.00;0.00;;7.98;0.00;BEATE S.;STA51;STA51;Stahlbrode;;N;;N;N;N;;;GO;;GNS, LLS;52.00;0.00;Fiber/Plastic;;2015-01-16;MFL;1978-01-01;;
DEU205160219;;DEU;;;1.00;0.00;0.00;;5.50;0.00;EMMA;HEIL15C;HEIL15C;Heiligenhafen;;N;;N;N;N;;;GO;;FPO, GTR, LLS, GNS;19.00;0.00;Fiber/Plastic;;2017-08-01;MFL;2016-01-01;;
DEU205170208;;DEU;;;1.00;0.00;0.00;;6.58;0.00;ERIK;ECKE3;ECKE3;Eckernförde;;N;;N;N;N;;;GO;;GNS, FPO;12.00;0.00;Fiber/Plastic;;2018-01-01;MFL;2000-01-01;;2022-05-06
DEU205180208;;DEU;;;2.00;0.00;0.00;;7.95;0.00;LUCIA;ECKE23;ECKE23;;;N;;N;N;N;;;GO;;GNS, FPO;33.00;0.00;Fiber/Plastic;;2018-03-09;MFL;1980-01-01;;
DEU205190229;;DEU;;;3.00;0.00;0.00;;7.00;0.00;EMMA;KUEH44;KUEH44;;;N;;N;N;N;;;GO;;GNS, FPO;37.00;0.00;Fiber/Plastic;;2018-09-12;MFL;2017-01-01;;
DEU205200252;;DEU;;;1.00;0.00;0.00;;4.90;0.00;ONKEL HANNER;STRA10;STRA10;Strande;;Y;DK3720;N;N;N;;;GO;;GNS, FPO;4.00;0.00;Fiber/Plastic;;2019-11-01;MFL;1986-01-01;;
DEU205210220;;DEU;;;1.00;0.00;0.00;;5.07;0.00;HERTA;LAB106;LAB106;Laboe;;N;;N;N;N;;;GO;;GNS, FPO;4.00;0.00;Fiber/Plastic;;1981-06-02;MFL;1967-01-01;;2024-05-01
DEU300010234;;DEU;;;1.00;0.00;0.00;;6.50;0.00;ANKE;HEI17A;HEI17A;;;N;;N;;;;;FX;;GNS, NK;7.00;0.00;Wood;;1964-09-07;MFL;1964-01-01;;2006-03-16
DEU300020234;;DEU;;;1.00;1.31;0.00;;5.40;0.00;GOLDBUTT;LIP3A;LIP3A;;;N;;N;;;;;FX;;GNS, FPO;4.00;0.00;;;1974-01-07;4C1;;;2001-11-21
DEU300030234;;DEU;;;2.00;3.54;0.00;;7.08;0.00;CLAUDIA;LIP7;LIP7;;;N;;N;;;;;FX;;GNS, NO;17.00;0.00;;;1988-11-21;4C1;;;1999-04-15
DEU300050234;211534130;DEU;;;3.00;0.00;0.00;;8.20;0.00;EISVOGEL;HEIL11;HEIL11;Heiligenhafen;;Y;DG2133;N;N;N;;;GO;;GTR, FPO, GNS;60.00;0.00;Fiber/Plastic;;1985-11-01;MFL;1985-01-01;;
DEU300060234;;DEU;;;2.00;3.42;0.00;;7.01;0.00;ROLF;LIP8A;LIP8A;;;N;;N;;;;;FX;;GNS, NO;13.00;0.00;;;1972-07-14;4C1;;;1997-05-22
DEU300070234;;DEU;;;0.00;1.34;0.00;;4.90;0.00;---;LIP8B;LIP8B;;;N;;N;;;;;FX;;GNS, NO;4.00;0.00;;;1971-09-15;C19;;;1993-09-07
DEU300080233;;DEU;;;1.00;3.46;0.00;;7.00;0.00;KRUEMEL;HOH7A;HOH7A;;;N;;N;;;;;FX;;GNS, FPO;34.00;0.00;Fiber/Plastic;;1989-01-11;MFL;1976-01-01;;
DEU300090233;;DEU;;;1.00;3.18;0.00;;6.10;0.00;BLAUBAER;LIP1;LIP1;;;N;;N;;;;;FX;;GNS, FPO;7.00;0.00;Fiber/Plastic;;1974-11-23;MFL;1974-01-01;;2012-07-02
DEU300100233;;DEU;;;3.00;0.00;0.00;;7.98;0.00;Nele;HER14;HER14;Heringsdorf;;N;;N;N;N;;;GO;;GNS, OTB;45.00;0.00;Fiber/Plastic;;1982-03-15;MFL;1981-01-01;2022-11-30;
DEU300110207;;DEU;;;14.00;0.00;0.00;;12.07;11.16;MOBY DICK;VIT1;VIT1;;;N;;N;N;N;;;TTW;;OTB, TBB;100.00;0.00;Wood;;1977-03-01;MFL;1977-01-01;;2018-01-23
DEU300120207;;DEU;;;0.00;1.86;0.00;;5.13;0.00;---;HEIL1;HEIL1;;;N;;N;;;;;FX;;GNS, LLS;4.00;0.00;;;1969-05-30;C19;;;1992-08-17
DEU300130207;;DEU;;;42.00;42.61;0.00;;19.19;17.81;ELVIRA;HEIL3;HEIL3;;;Y;DKGJ;Y;;;;;FX;;OTB, PTB;219.00;0.00;Wood;;1951-01-01;MFL;1951-01-01;;2011-12-29
DEU300140207;;DEU;;;0.00;7.00;0.00;;9.30;0.00;ANTJE;HEIL5;HEIL5;;;N;;N;;;;;FX;;GNS, NO;21.00;0.00;;;1950-12-31;C19;;;1995-08-01
DEU300160207;;DEU;;;0.00;3.00;0.00;;8.00;0.00;JUMBO;BUR2;BUR2;;;N;;N;;;;;FX;;GNS, NO;40.00;0.00;;;1975-01-01;C19;;;1993-03-01
DEU300190207;;DEU;;;6.00;8.35;0.00;;9.53;9.25;ANNA II;TRA3;TRA3;Travemünde;;N;;N;N;N;;;GO;;GNS, FPO;85.00;0.00;Fiber/Plastic;;1978-01-02;MFL;1977-01-01;;
DEU300200207;;DEU;;;16.00;22.16;0.00;;11.99;0.00;BIRTE HEISLER;HEIL10;HEIL10;;;Y;DNQZ;N;;;;;FX;;GNS, OTB;118.00;0.00;;;1983-05-06;4C1;;;
DEU300210207;;DEU;;;4.00;4.00;0.00;;9.27;0.00;WIKINGER;HEIL11;HEIL11;;;N;;N;;;;;FX;;GNS, FPO;58.00;0.00;;;1979-04-02;C19;;;1996-06-07
DEU300220207;;DEU;;;8.00;8.38;0.00;;9.81;0.00;VENIA;HEIL12;HEIL12;;;N;;N;;;;;FX;;GNS, FPO;51.00;0.00;;;1977-05-02;4C1;;2002-10-31;
DEU300230207;;DEU;;;17.00;0.00;0.00;;10.98;9.96;VENUS;AHL41;AHL41;;;Y;DKSI;N;N;N;;;TTW;;OTB, GNS;80.00;0.00;Metal;;1984-06-19;MFL;1984-01-01;;
DEU300240207;;DEU;;;5.00;0.00;0.00;;9.84;0.00;STURMVOGEL;VIT55;VIT55;;;N;;N;N;N;;;GO;;GNS, LLS;71.00;0.00;Fiber/Plastic;;1985-04-20;MFL;1985-01-01;;
DEU300250207;;DEU;;;0.00;1.16;0.00;;4.05;0.00;PETRA;HEIL15A;HEIL15A;;;N;;N;;;;;FX;;GNS, LLS;4.00;0.00;;;1960-12-31;C19;;;1993-11-08
DEU300260207;;DEU;;;7.00;7.00;0.00;;9.24;0.00;HERTA;HEIL16;HEIL16;;;N;;N;;;;;FX;;GNS, LLS;44.00;0.00;Wood;;1967-01-02;MFL;1946-01-01;;2007-04-24
DEU300270207;;DEU;;;6.00;0.00;0.00;;9.80;9.02;TAIFUN;THI25;THI25;;;Y;DKVS;N;N;N;;;GO;;GNS, LLS;77.00;0.00;Fiber/Plastic;;1985-07-29;MFL;1985-01-01;;
DEU300280207;;DEU;;;3.00;0.00;0.00;;7.85;0.00;THOR;USE7N;USE7N;Usedom;;N;;N;N;N;;;GO;;GNS, FPO;38.00;0.00;Fiber/Plastic;;1977-07-01;MFL;1977-01-01;;2024-12-31
DEU300290207;;DEU;;;3.00;0.00;0.00;;8.22;7.58;VIVIEN;AWA25;AWA25;;;Y;DMKO;N;N;N;;;GO;;GNS, LLS;48.00;0.00;Fiber/Plastic;;1986-01-09;MFL;1985-01-01;;
DEU300300207;;DEU;;;0.00;18.80;0.00;;14.78;0.00;SEEDUEVEL;SX1;SX1;;;Y;DJFT;N;;;;;FX;;GNS, NO;177.00;0.00;;;1938-12-31;G16;;1992-12-20;
DEU300310207;;DEU;;;6.00;0.00;0.00;;10.15;0.00;FALKE;HEIL21;HEIL21;;;N;;N;;;;;FX;;GNS, LLS;59.00;0.00;Wood;;1947-01-01;MFL;1947-01-01;;2007-01-15
DEU300320207;;DEU;;;1.00;0.00;0.00;;5.05;0.00;---;HEIL21A;HEIL21A;;;N;;N;;;;;FX;;GNS, NO;0.00;0.00;Wood;;1991-12-31;MFL;1947-01-01;;2007-02-22
DEU300330207;;DEU;;;11.00;0.00;0.00;;9.96;9.00;LUPO;PRU14;PRU14;;;N;;N;N;N;;;GO;;GNS, LLS;96.00;0.00;Fiber/Plastic;;1980-12-29;MFL;1980-01-01;;
DEU300340207;;DEU;;;5.00;0.00;0.00;;9.20;0.00;SCHWALBE;HEIL24;HEIL24;;;N;;N;;;;;FX;;GNS, FPO;43.00;0.00;Wood;;1971-10-14;MFL;1948-01-01;;2017-05-08
DEU300350207;;DEU;;;1.00;1.59;0.00;;4.75;0.00;SPEKI;HEIL50A;HEIL50A;;;N;;N;;;;;FX;;GNS, FPO;4.00;0.00;Wood;;1983-05-30;MFL;1983-01-01;;2005-09-27
DEU300360207;;DEU;;;0.00;10.94;0.00;;11.00;0.00;GLUECKAUF;HEIL27;HEIL27;;;Y;DKAZ;N;;;;;FX;;GNS, LLS;72.00;0.00;;;1937-12-31;C19;;;1996-04-04
DEU300370207;;DEU;;;0.00;1.91;0.00;;5.20;0.00;---;HEIL27A;HEIL27A;;;N;;N;;;;;FX;;LLS, NO;0.00;0.00;;;1957-01-12;C19;;;1992-05-01
DEU300380207;;DEU;;;6.00;7.03;0.00;;8.70;0.00;OSTSEE;HEIL50;HEIL50;;;N;;N;;;;;FX;;GNS, LLS;38.00;0.00;Wood;;1972-11-28;MFL;1952-01-01;;2004-04-30
DEU300390207;;DEU;;;3.00;0.00;0.00;;8.02;0.00;PALOMA;HEIL33;HEIL33;Heiligenhafen;;Y;DG3894;N;N;N;;;GO;;GNS, GTR;63.00;0.00;Fiber/Plastic;;1976-11-20;MFL;1976-01-01;;
DEU300400207;;DEU;;;9.00;8.09;0.00;;10.00;0.00;EMMA;HEIL35;HEIL35;;;N;;N;;;;;FX;;GNS, LLS;48.00;0.00;;;1962-01-27;4C1;;;1998-08-26
DEU300410207;;DEU;;;0.00;2.02;0.00;;5.35;0.00;---;HEIL35A;HEIL35A;;;N;;N;;;;;FX;;GNS, NO;4.00;0.00;;;1981-08-03;C19;;;1992-10-05
DEU300420207;;DEU;;;2.00;4.22;0.00;;8.65;0.00;SEETEUFEL;HEIL40;HEIL40;;;N;;N;;;;;FX;;GNS, NO;15.00;0.00;Wood;;1939-12-31;MFL;1939-01-01;;2003-12-30
DEU300430207;;DEU;;;0.00;1.22;0.00;;4.15;0.00;CAIXA;HEIL40A;HEIL40A;;;N;;N;;;;;FX;;GNS, NO;4.00;0.00;;;1988-12-31;C19;;;1992-10-11
DEU300440207;;DEU;;;8.00;10.89;0.00;;10.12;9.28;ELFRIEDE;FRE2;FRE2;;;N;;N;;;;;FX;;GNS, LLS;59.00;0.00;;;1955-01-02;4C1;;;1999-08-06
DEU300450207;;DEU;;;1.00;2.55;0.00;;6.05;0.00;---;HEIL41A;HEIL41A;;;N;;N;;;;;FX;;GNS, NO;10.00;0.00;;;1967-12-31;4C1;;;1999-02-09
DEU300460207;;DEU;;;1.00;1.25;0.00;;4.20;0.00;---;HEIL41B;HEIL41B;;;N;;N;;;;;FX;;GNS, NO;3.00;0.00;;;1982-06-08;4C1;;;2002-03-20
DEU300470207;;DEU;;;19.00;12.99;0.00;;12.10;0.00;MARIA II;HEIL42;HEIL42;;;N;;N;;;;;FX;;GNS, LLS;101.00;0.00;Wood;;1962-12-20;MFL;1942-01-01;;2007-02-23
DEU300480207;;DEU;;;1.00;3.23;0.00;;6.75;0.00;---;HEIL42C;HEIL42C;;;N;;N;;;;;FX;;GNS, FPO;13.00;0.00;Wood;;1969-10-29;MFL;1969-01-01;;2010-02-23
DEU300490207;;DEU;;;9.00;10.43;0.00;;9.91;0.00;KLARA MARIE;HEIL45;HEIL45;;;N;;N;;;;;FX;;GNS, FPO;44.00;0.00;;;1969-05-19;4C1;;;2002-03-20
DEU300510207;;DEU;;;3.00;4.00;0.00;;7.50;0.00;---;HEIL20;HEIL20;;;N;;N;;;;;FX;;GNS, LLS;38.00;0.00;Wood;;1979-10-25;MFL;1979-01-01;;2003-09-16
DEU300520207;;DEU;;;0.00;7.11;0.00;;10.00;0.00;WALKUERE;HEIL68;HEIL68;;;N;;N;;;;;FX;;GNS, NO;30.00;0.00;;;1949-12-31;4;;1991-10-31;
DEU300530207;;DEU;;;7.00;0.00;0.00;;9.98;0.00;SILVIA;HEIL69;HEIL69;;;N;;N;;;;;FX;;GNS, LLS;48.00;0.00;Wood;;1965-03-27;MFL;1965-01-01;;2006-12-11
DEU300540207;;DEU;;;12.00;12.00;0.00;;11.04;0.00;SEESCHWALBE;HEIL73;HEIL73;;;Y;DNRL;N;;;;;FX;;GNS, LLS;70.00;0.00;Fiber/Plastic;;1983-05-20;MFL;1983-01-01;;
DEU300550207;;DEU;;;1.00;1.91;0.00;;5.20;0.00;TINA;HEIL73A;HEIL73A;;;N;;N;;;;;FX;;GNS, FPO;6.00;0.00;;;1987-08-03;4C1;;;2002-05-28
DEU300560207;;DEU;;;0.00;8.13;0.00;;9.01;0.00;ALFRED;HEIL83;HEIL83;;;N;;N;;;;;FX;;GNS, NO;37.00;0.00;;;1931-12-31;C19;;1993-02-07;
DEU300590207;;DEU;;;184.00;158.89;0.00;;31.17;27.05;RENATE II;SH2;SH2;;;Y;DLRQ;N;;;;;FX;;OTB, PTB;588.00;0.00;;;1980-12-09;4C3;;;
DEU300600207;;DEU;;;0.00;77.10;0.00;;24.50;0.00;SONJA;SH3;SH3;;;Y;DKLI;N;;;;;FX;;OTB, OTM;221.00;0.00;;;1944-12-31;G20;;1992-12-15;
DEU300610207;;DEU;;;0.00;75.32;0.00;;24.38;0.00;HEIMAT;SH4;SH4;;;Y;DKIY;N;;;;;FX;;OTB, OTM;221.00;0.00;;;1944-12-31;G20;;1992-09-18;
DEU300620207;;DEU;;;0.00;105.87;0.00;;26.40;24.90;UNTERNEHMUNG;SK18;SK18;;;Y;DEON;N;;;;;FX;;OTB, PTB;294.00;0.00;;;1983-12-27;G17;;;1995-08-01
DEU300630207;;DEU;;;0.00;75.99;0.00;;25.05;0.00;TANJA;SH6;SH6;;;Y;DIUD;N;;;;;FX;;TBB, NO;221.00;0.00;;;1989-03-01;4;;;1992-12-29
DEU300640207;211288860;DEU;;;83.00;0.00;0.00;;23.30;20.80;VERTRAUEN;SK42;SK42;;;Y;DMFP;Y;Y;Y;;;TU;;TBB, OTB;221.00;0.00;Metal;;1989-06-19;MFL;1985-01-01;;
DEU300650207;;DEU;;;62.00;52.54;0.00;;21.31;19.80;LIEBE;SH8;SH8;;;Y;DKAF;Y;;;;;FX;;OTB, OTM;220.00;0.00;Wood;;1951-10-12;MFL;1951-01-01;;2011-12-28
DEU300660207;;DEU;;;0.00;72.64;0.00;;23.94;0.00;BLEIBTREU;SH9;SH9;;;Y;DKIT;N;;;;;FX;;OTB, OTM;199.00;0.00;;;1942-12-31;G16;;;
DEU300670207;211317720;DEU;;;155.00;109.73;0.00;;25.05;22.39;CHRISTIN-BETTINA;SAS111;SAS111;Sassnitz;;Y;DNRM;Y;Y;Y;8429094;;TTW;;OTB, PTB;221.00;0.00;Metal;;1983-11-14;MFL;1983-01-01;;
DEU300680207;;DEU;;;151.00;108.26;0.00;;25.26;22.00;BORNHOLM;SH11;SH11;;;Y;DNRQ;N;;;;;FX;;OTB, PTB;294.00;0.00;;;1983-12-31;4C3;;;2002-04-23
DEU300690207;;DEU;;;0.00;42.32;0.00;;20.64;0.00;CHRISTIN-NADINE;SH14;SH14;;;Y;DKQK;N;;;;;FX;;OTB, OTM;221.00;0.00;;;1959-01-01;G16;;;1992-12-29
DEU300700207;;DEU;;;218.00;161.13;0.00;;27.98;24.00;HEIDI JARCHAU;SH15;SH15;;;Y;DKUU;N;;;;;FX;;OTB, PTB;441.00;0.00;;;1985-06-12;4C3;;;1997-10-13
DEU300710207;;DEU;;;0.00;74.23;0.00;;24.05;0.00;CHRISTINA;SH16;SH16;;;Y;DFCT;N;;;;;FX;;OTB, OTM;221.00;0.00;;;1971-12-31;4;;;
DEU300720207;;DEU;;;140.00;0.00;0.00;;25.70;23.06;ODIN;SH20;SH20;Heiligenhafen;;Y;DJWL;Y;Y;Y;8621185;;TTW;;OTB, OTM;220.00;0.00;Metal;;1975-05-13;MFL;1975-01-01;2021-11-22;
DEU300730207;;DEU;;;0.00;51.03;0.00;;18.10;0.00;BAERBEL;SH21;SH21;;;Y;DKNW;N;;;;;FX;;OTB, PTB;219.00;0.00;;;1965-12-31;G20;;;1992-11-06
DEU300740207;;DEU;;;50.00;45.02;0.00;;18.02;16.59;BORNEO;SH22;SH22;;;Y;DMEZ;N;;;;;FX;;OTB, OTM;220.00;0.00;Wood;;1989-01-01;MFL;1951-01-01;;
DEU300760238;;DEU;;;0.00;1.43;0.00;;4.50;0.00;---;STRU2;STRU2;;;N;;N;;;;;FX;;GNS, NK;0.00;0.00;;;1968-04-10;C19;;;1995-04-11
DEU300770235;;DEU;;;3.00;2.26;0.00;;7.33;0.00;JANA;GRO2;GRO2;;;N;;N;;;;;FX;;GNS, FPO;20.00;0.00;Fiber/Plastic;;1972-06-26;MFL;1972-01-01;;
DEU300780235;;DEU;;;1.00;2.02;0.00;;5.73;0.00;ZUKUNFT;ORT2B;ORT2B;;;N;;N;;;;;FX;;GNS, NO;7.00;0.00;;;1991-12-31;4C1;;;2000-01-11
DEU300800206;;DEU;;;0.00;19.36;0.00;;14.20;0.00;WOLLIN;BUR1;BUR1;;;Y;DJYU;N;;;;;FX;;OTB, NO;125.00;0.00;;;1946-12-31;G16;;1995-08-01;
DEU300810206;;DEU;;;0.00;1.43;0.00;;4.50;0.00;---;BUR1A;BUR1A;;;N;;N;;;;;FX;;GNS, NO;3.00;0.00;;;1991-12-31;C19;;;1995-08-01
DEU300820206;;DEU;;;28.00;26.50;0.00;;14.65;0.00;PILLAU;SAS103;SAS103;;;Y;DNRX;N;;;;;FX;;OTB, PTB;188.00;0.00;Wood;;1983-11-01;MFL;1983-01-01;;2012-01-01
DEU300830206;;DEU;;;0.00;6.64;0.00;;9.12;0.00;TANJA;BUR4;BUR4;;;N;;N;;;;;FX;;GNS;46.00;0.00;;;1975-12-31;4;;;1991-01-01
DEU300840206;;DEU;;;0.00;6.43;0.00;;10.37;0.00;FALKE;BUR5;BUR5;;;N;;N;;;;;FX;;GNS, LLS;76.00;0.00;;;1960-12-27;C19;;1996-03-17;
DEU300850206;211516210;DEU;;;22.00;0.00;0.00;;14.80;0.00;TUEMMLER;BUR6;BUR6;;;Y;DNRK;N;N;Y;;;TTW;;OTB, PTB;176.00;0.00;Wood;;1983-11-01;MFL;1983-01-01;;
DEU300860206;;DEU;;;15.00;19.27;0.00;;13.92;13.04;COLUMBUS;BUR7;BUR7;;;Y;DKNP;N;;;;;FX;;OTB, GNS;190.00;0.00;Wood;;1964-08-01;MFL;1964-01-01;;2011-12-31
DEU300870206;;DEU;;;1.00;1.87;0.00;;5.15;0.00;---;BUR7B;BUR7B;;;N;;N;;;;;FX;;GNS, FPO;0.00;0.00;Wood;;1963-04-25;MFL;1963-01-01;;
DEU300880206;;DEU;;;9.00;0.00;0.00;;11.25;0.00;---;WIE54N;WIE54N;;;N;;N;;;;;FX;;GNS, LLS;74.00;0.00;Wood;;1982-11-05;MFL;1982-01-01;;2012-01-17
DEU300890206;;DEU;;;0.00;1.40;0.00;;4.45;0.00;---;BUR8A;BUR8A;;;N;;N;;;;;FX;;GNS, NO;4.00;0.00;;;1983-08-10;C19;;;1995-01-09
DEU300900206;;DEU;;;4.00;4.00;0.00;;9.24;8.22;ANNA;BUR9;BUR9;;;Y;DKSN;N;;;;;FX;;FPO, GNS;50.00;0.00;Fiber/Plastic;;1984-06-01;MFL;1984-01-01;;
DEU300910206;;DEU;;;6.00;0.00;0.00;;9.66;9.35;CALYPSO;HEIL10;HEIL10;;;Y;DH5221;N;;;;;FX;;GNS, LLS;88.00;0.00;Fiber/Plastic;;1980-08-04;MFL;1980-01-01;;
DEU300920206;;DEU;;;29.00;0.00;0.00;;14.78;0.00;MARIANNE;BUR11;BUR11;;;Y;DKBO;N;Y;Y;;;TTW;;OTB, PTB;221.00;0.00;Wood;;1968-12-10;MFL;1968-01-01;;2017-10-09
DEU300930206;;DEU;;;4.00;0.00;0.00;;8.38;0.00;BIBER;BUR11;BUR11;;;N;;N;N;N;;;GO;;GNS, FPO;57.00;0.00;Fiber/Plastic;;1974-07-23;MFL;1974-01-01;;
DEU300940206;;DEU;;;0.00;24.40;0.00;;15.30;0.00;IRMGARD;BUR12;BUR12;;;Y;DJBE;N;;;;;FX;;OTB, NK;134.00;0.00;;;1946-12-31;G16;;1992-12-15;
DEU300950206;;DEU;;;0.00;33.76;0.00;;16.46;0.00;NORDLICHT;BUR14;BUR14;;;Y;DKEL;N;;;;;FX;;OTB, PTB;197.00;0.00;;;1951-07-25;4;;;1991-07-29
DEU300960206;;DEU;;;0.00;22.71;0.00;;15.00;0.00;ANJA;BUR15;BUR15;;;Y;DJZG;N;;;;;FX;;OTB, PTB;109.00;0.00;;;1972-11-01;4;;;1992-06-03
DEU300970206;;DEU;;;41.00;0.00;0.00;;17.76;0.00;NIOBE;BUR17;BUR17;;;Y;DJRX;Y;Y;Y;;;TTW;;OTB, PTB;220.00;0.00;Wood;;1950-12-31;MFL;1950-01-01;;2018-02-20
DEU300980206;;DEU;;;1.00;0.00;0.00;;5.70;0.00;OLLY;BUR22;BUR22;;;N;;N;;;;;FX;;GNS, FPO;18.00;0.00;Wood;;1986-04-23;MFL;1986-01-01;;2016-03-15
DEU300990206;;DEU;;;2.00;0.00;0.00;;7.30;0.00;SAGER;BUR18;BUR18;;;N;;N;;;;;FX;;GNS, FPO;53.00;0.00;Fiber/Plastic;;1985-06-15;MFL;1985-01-01;;
DEU301000206;;DEU;;;4.00;0.00;0.00;;8.33;0.00;WILLI;BUR26;BUR26;;;N;;N;N;N;;;GO;;GNS, FPO;33.00;0.00;Fiber/Plastic;;1969-07-17;MFL;1969-01-01;;2019-11-28
DEU301010206;;DEU;;;5.00;4.13;0.00;;8.60;0.00;HEIKO;BUR27;BUR27;;;N;;N;;;;;FX;;GNS, FPO;26.00;0.00;Wood;;1963-05-21;MFL;1963-01-01;;2011-12-28
DEU301020206;;DEU;;;0.00;1.53;0.00;;4.65;0.00;---;BUR27A;BUR27A;;;N;;N;;;;;FX;;GNS, NO;0.00;0.00;;;1961-05-19;C19;;;1994-10-18
DEU301030206;;DEU;;;0.00;4.17;0.00;;9.43;0.00;LEBBIN;BUR29;BUR29;;;N;;N;;;;;FX;;GNS, NK;18.00;0.00;;;1943-12-31;C19;;;1992-10-05
DEU301040206;;DEU;;;0.00;0.97;0.00;;3.70;0.00;---;BUR29A;BUR29A;;;N;;N;;;;;FX;;GNS, NO;0.00;0.00;;;1967-10-20;C19;;;1992-10-05
DEU301050206;;DEU;;;0.00;35.24;0.00;;16.07;0.00;PEGASUS;SB1;SB1;;;Y;DJEX;N;;;;;FX;;OTB, PTB;221.00;0.00;;;1968-11-23;4C3;;;
DEU301060206;;DEU;;;30.00;30.26;0.00;;17.12;0.00;SCHWALBE II;SB2;SB2;;;Y;DJRH;N;;;;;FX;;OTB, OTM;220.00;0.00;;;1964-06-25;4C3;;;2002-09-12
DEU301070206;;DEU;;;35.00;0.00;0.00;;16.11;14.75;CONDOR;SB14;SB14;;;Y;DKAV;Y;;;;;FX;;OTB, PTB;206.00;0.00;Wood;;1957-11-09;MFL;1943-01-01;2016-03-15;
DEU301080206;211400000;DEU;;;47.00;0.00;0.00;;15.45;0.00;ANDREA;TRA1;TRA1;Travemünde;;Y;DNRI;Y;Y;Y;;;TTW;;OTB, GNS;220.00;0.00;Fiber/Plastic;;1983-10-13;MFL;1983-01-01;;
DEU301090206;;DEU;;;45.00;0.00;0.00;;18.57;17.10;FALKLAND;SB5;SB5;Burgstaaken;;Y;DJYY;Y;Y;Y;;;TTW;;OTB, PTB;176.00;0.00;Wood;;1973-10-24;MFL;1973-01-01;;2023-01-27
DEU301110206;;DEU;;;26.00;24.03;0.00;;15.54;14.92;LINA;SB7;SB7;;;Y;DKHC;Y;;;;;FX;;OTB, PTM;220.00;0.00;Wood;;1966-08-23;MFL;1936-01-01;;2011-12-28
DEU301120206;;DEU;;;1.00;0.00;0.00;;4.54;0.00;---;BUR8;BUR8;;;N;;N;;;;;FX;;GNS, LLS;6.00;0.00;Wood;;1991-12-31;MFL;1977-01-01;;2017-11-23
DEU301130206;;DEU;;;42.00;0.00;0.00;;16.19;14.95;INGE LORE;SB9;SB9;;;Y;DKGL;Y;;;;;FX;;OTB, PTB;184.00;0.00;Wood;;1966-07-14;MFL;1951-01-01;;2016-07-20
DEU301140206;;DEU;;;1.00;0.00;0.00;;5.20;0.00;---;BUR25;BUR25;Burgstaaken;;N;;N;N;N;;;GO;;GNS, FPO;7.00;0.00;Fiber/Plastic;;1987-07-08;MFL;1987-01-01;;2025-02-10
DEU301150206;;DEU;;;38.00;32.28;0.00;;17.73;16.46;PERSEUS;SB10;SB10;;;Y;DJZQ;Y;;;;;FX;;OTB, PTB;165.00;0.00;Wood;;1946-12-31;MFL;1946-01-01;;2011-12-31
DEU301180206;;DEU;;;75.00;0.00;0.00;;20.09;18.94;KURFUERST;SB12;SB12;;;Y;DJWH;Y;Y;Y;;;TTW;;OTB, PTB;220.00;0.00;Wood;;1956-08-20;MFL;1956-01-01;;2018-02-20
DEU301190206;;DEU;;;89.00;70.07;0.00;;24.61;20.41;ELKE;SB14;SB14;;;Y;DETR;N;;;;;FX;;OTB, OTM;221.00;0.00;;;1944-12-31;G16;;1992-12-15;
DEU301200206;;DEU;;;52.00;34.74;0.00;;18.31;17.02;HEIMATLAND;MAA1;MAA1;;;Y;DJRZ;Y;;;;;FX;;OTB, PTB;220.00;0.00;Wood;;1964-09-26;MFL;1950-01-01;;2011-12-27
DEU301210236;;DEU;;;5.00;7.00;0.00;;9.25;0.00;JENNIFER;WUL1;WUL1;;;N;;N;;;;;FX;;GNS, LLS;47.00;0.00;Fiber/Plastic;;1977-10-01;MFL;1977-01-01;;
DEU301230216;;DEU;;;5.00;5.67;0.00;;8.85;0.00;NORDSTERN;GRO4;GRO4;;;N;;N;;;;;FX;;GNS, NO;44.00;0.00;;;1958-07-12;4C1;;;2002-09-09
DEU301240216;;DEU;;;0.00;6.36;0.00;;8.38;0.00;JOHANNES;WEN1;WEN1;;;N;;N;;;;;FX;;GNS, LLS;44.00;0.00;;;1980-04-14;C19;;;1994-01-17
DEU301250214;;DEU;;;5.00;0.00;0.00;;9.46;9.00;SEEBÃR;KAP10;KAP10;;;Y;DLYZ;N;;;;;FX;;OTB, GNS;70.00;0.00;Fiber/Plastic;;1989-02-01;MFL;1985-01-01;;2017-11-28
DEU301280214;;DEU;;;1.00;3.08;0.00;;6.60;0.00;HEIN GODENWIND;GROE6;GROE6;;;N;;N;;;;;FX;;GNS, FPO;18.00;0.00;Wood;;1991-12-31;MFL;1956-01-01;;2009-02-18
DEU301290214;;DEU;;;0.00;2.40;0.00;;7.82;0.00;ERIKA;GROE8;GROE8;;;N;;N;;;;;FX;;GNS, NO;26.00;0.00;;;1980-04-01;C19;;;1992-08-17
DEU301300214;;DEU;;;4.00;4.00;0.00;;9.09;0.00;ANNE-DORIS;GROE17;GROE17;;;N;;N;;;;;FX;;GNS, NO;66.00;0.00;;;1984-12-01;C19;;;1994-04-13
DEU301310205;;DEU;;;15.00;15.00;0.00;;10.08;0.00;SONJA;SK7;SK7;;;Y;DNRR;N;;;;;FX;;GNS, OTB;88.00;0.00;Fiber/Plastic;;1983-11-28;MFL;1983-01-01;;
DEU301320205;;DEU;;;1.00;1.63;0.00;;4.80;0.00;---;NEU1;NEU1;;;N;;N;;;;;FX;;GNS, FPO;3.00;0.00;Fiber/Plastic;;1981-10-01;MFL;1979-01-01;;
DEU301330205;;DEU;;;0.00;3.90;0.00;;8.50;0.00;NEPTUN;NEU2;NEU2;;;N;;N;;;;;FX;;GNS, NO;22.00;0.00;;;1969-05-20;4;;;1990-12-31
DEU301340205;;DEU;;;0.00;1.77;0.00;;5.00;0.00;---;NEU3;NEU3;;;N;;N;;;;;FX;;GNS, NO;0.00;0.00;;;1967-01-09;C19;;;1995-02-07
DEU301350205;;DEU;;;0.00;1.23;0.00;;4.25;0.00;---;NEU7A;NEU7A;;;N;;N;;;;;FX;;GNS, NO;3.00;0.00;;;1991-12-31;C19;;;1994-04-20
DEU301360205;;DEU;;;0.00;1.66;0.00;;4.85;0.00;---;NEU11;NEU11;;;N;;N;;;;;FX;;GNS, NO;3.00;0.00;;;1966-07-01;C19;;;1995-02-07
DEU301370205;;DEU;;;0.00;1.77;0.00;;5.00;0.00;---;NEU14;NEU14;;;N;;N;;;;;FX;;GNS, NO;5.00;0.00;;;1966-07-01;C19;;;1994-12-22
DEU301380205;;DEU;;;0.00;1.70;0.00;;4.90;0.00;---;NEU18A;NEU18A;;;N;;N;;;;;FX;;GNS, NO;2.00;0.00;;;1967-06-01;C19;;;1994-12-20
DEU301400205;;DEU;;;0.00;1.02;0.00;;3.80;0.00;---;NEU25;NEU25;;;N;;N;;;;;FX;;GNS, NO;0.00;0.00;;;1967-06-01;C19;;;1994-12-21
DEU301410205;;DEU;;;0.00;27.43;0.00;;16.80;0.00;THEDJE;BUES8;BUES8;;;Y;DKLC;N;;;;;FX;;TBB, NO;110.00;0.00;;;1949-12-31;4;;1992-06-03;
DEU301430205;;DEU;;;1.00;1.63;0.00;;4.80;0.00;ANNE;LAB2;LAB2;;;N;;N;;;;;FX;;GNS, FPO;6.00;0.00;Fiber/Plastic;;1986-04-01;MFL;1986-01-01;;
DEU301460205;;DEU;;;0.00;25.41;0.00;;14.90;0.00;HERMANN;NEU43;NEU43;;;Y;DRHO;N;;;;;FX;;OTB, GNS;132.00;0.00;;;1943-12-31;4;;1991-10-31;
DEU301470205;;DEU;;;1.00;0.00;0.00;;4.80;0.00;---;NEU43;NEU43;;;N;;N;;;;;FX;;GNS, FPO;3.00;0.00;Fiber/Plastic;;1981-10-01;MFL;1979-01-01;;2007-01-26
DEU301480228;;DEU;;;3.00;0.00;0.00;;7.76;7.18;NEPTUN;NIE4;NIE4;Niendorf Ostsee;;Y;DB3325;N;N;N;;;GO;;GNS, FPO;34.00;0.00;Fiber/Plastic;;1977-12-15;MFL;1977-01-01;;
DEU301490228;;DEU;;;1.00;1.84;0.00;;5.10;0.00;---;SIE1A;SIE1A;;;N;;N;;;;;FX;;GNS, NO;6.00;0.00;;;1991-12-31;4C1;;;2000-10-25
DEU301500228;;DEU;;;0.00;1.63;0.00;;4.80;0.00;---;SIE2;SIE2;;;N;;N;;;;;FX;;GNS, NK;7.00;0.00;;;1991-12-31;C19;;;1993-01-22
DEU301510228;;DEU;;;5.00;6.65;0.00;;8.41;7.45;LORBAS;ECKE10;ECKE10;;;N;;N;;;;;FX;;GNS, FPO;57.00;0.00;Fiber/Plastic;;1985-12-12;MFL;1985-01-01;;
DEU301530211;;DEU;;;0.00;21.45;0.00;;14.90;0.00;HANNCHEN;HAF1;HAF1;;;Y;DGLW;N;;;;;FX;;GNS, NO;88.00;0.00;;;1936-12-31;C19;;1992-03-01;
DEU301540211;;DEU;;;1.00;1.63;0.00;;4.80;0.00;ANNA;HAF1B;HAF1B;;;N;;N;;;;;FX;;GNS, NO;4.00;0.00;Fiber/Plastic;;1991-12-31;MFL;1981-01-01;;2006-03-28
DEU301550211;;DEU;;;11.00;11.49;0.00;;9.97;9.00;DELPHIN;HEIL9;HEIL9;;;Y;DLRS;N;;;;;FX;;GNS, LLS;59.00;0.00;Fiber/Plastic;;1980-12-15;MFL;1980-01-01;;
DEU301570211;;DEU;;;0.00;26.29;0.00;;17.00;0.00;SEEADLER;HAF11;HAF11;;;Y;DKJZ;N;;;;;FX;;GNS, NK;132.00;0.00;;;1947-01-01;C19;;1992-09-30;
DEU301580211;;DEU;;;2.00;0.00;0.00;;7.00;0.00;---;ECKE5;ECKE5;Eckernförde;;N;;N;N;N;;;GO;;GNS, FPO;26.00;0.00;Fiber/Plastic;;1975-11-10;MFL;1975-01-01;;
DEU301590215;;DEU;;;8.00;0.00;0.00;;9.18;0.00;ANNE-MARIA;NIE5;NIE5;Niendorf Ostsee;;Y;DLEW;N;N;N;;;GO;;GNS, OTB;48.00;0.00;Wood;;1984-12-31;MFL;1984-01-01;;2022-02-04
DEU301600215;;DEU;;;2.00;2.89;0.00;;6.40;0.00;---;TIM1A;TIM1A;;;N;;N;;;;;FX;;GNS, NO;5.00;0.00;Fiber/Plastic;;1970-12-08;MFL;1970-01-01;;2009-11-13
DEU301610215;;DEU;;;0.00;33.80;0.00;;23.96;0.00;SEELOEWE;TIM2;TIM2;;;N;;N;;;;;FX;;OTB, NO;151.00;0.00;;;1945-01-01;4;;;1991-01-23
DEU301620215;;DEU;;;1.00;1.43;0.00;;4.50;0.00;NELLI;TIM2A;TIM2A;;;N;;N;;;;;FX;;GNS, NO;3.00;0.00;;;1982-09-10;4C1;;;1997-09-19
DEU301630215;;DEU;;;1.00;1.63;0.00;;4.80;0.00;---;TIM2B;TIM2B;;;N;;N;;;;;FX;;GNS, NO;4.00;0.00;;;1986-01-17;4C1;;;1997-09-19
DEU301640215;;DEU;;;0.00;22.13;0.00;;16.00;0.00;STURMVOGEL;TIM3;TIM3;;;N;;N;;;;;FX;;GNS, NO;132.00;0.00;;;1946-01-01;C19;;1992-08-31;
DEU301650215;;DEU;;;5.00;0.00;0.00;;9.19;8.86;Kerstin S;NEU48;NEU48;;;Y;DJ7579;N;N;N;;;WOP;;FPO, GNS;78.00;0.00;Fiber/Plastic;;1981-08-01;MFL;1981-01-01;;
DEU301660215;;DEU;;;1.00;2.10;0.00;;5.45;0.00;---;TIM6A;TIM6A;;;N;;N;;;;;FX;;GNS, FPO;15.00;0.00;Fiber/Plastic;;1986-05-30;MFL;1985-01-01;;2003-11-26
DEU301670215;;DEU;;;2.00;0.00;0.00;;7.00;0.00;BLONDI;BAR20;BAR20;Barth;;N;;N;N;N;;;GO;;GNS, FPO;40.00;0.00;Fiber/Plastic;;1973-10-22;MFL;1973-01-01;;
DEU301680215;;DEU;;;12.00;0.00;0.00;;11.03;0.00;FALKE;MAA53;MAA53;Maasholm;;Y;DNPF;N;N;N;;;GO;;GNS, LLS;74.00;0.00;Fiber/Plastic;;1981-05-01;MFL;1981-01-01;;
DEU301690215;;DEU;;;0.00;4.65;0.00;;9.24;0.00;ROBBE 1;TIM19;TIM19;;;N;;N;;;;;FX;;GNS, LLS;70.00;0.00;;;1978-12-08;C19;;;1993-03-01
DEU301700204;;DEU;;;12.00;0.00;0.00;;11.15;10.04;PFADFINDER;VIT8;VIT8;;;Y;DKWH;N;;;;;FX;;OTB, GNS;88.00;0.00;Fiber/Plastic;;1986-04-16;MFL;1986-01-01;;
DEU301710204;;DEU;;;1.00;0.00;0.00;;6.10;0.00;WOTAN;NIE2;NIE2;;;N;;N;;;;;FX;;GNS, FPO;14.00;0.00;Fiber/Plastic;;1979-05-01;MFL;1978-01-01;;
DEU301730204;;DEU;;;2.00;2.72;0.00;;6.20;0.00;KJELL;NIE4;NIE4;;;N;;N;;;;;FX;;GNS, NO;12.00;0.00;Wood;;1983-07-01;MFL;1983-01-01;;2004-04-14
DEU301740204;;DEU;;;2.00;0.00;0.00;;7.20;0.00;ROSSITTEN;NIE6;NIE6;;;N;;N;;;;;FX;;GNS, FPO;40.00;0.00;Fiber/Plastic;;1975-09-01;MFL;1975-01-01;;
DEU301750204;211502210;DEU;;;15.00;0.00;0.00;;11.07;9.97;POLLUX;SM3;SM3;Kappeln;;Y;DKVJ;N;N;Y;;;TTW;;OTB, LLS, GTR, GNS, FPO, OTM;146.00;0.00;Metal;;1985-07-26;MFL;1985-01-01;;
DEU301760204;;DEU;;;11.00;0.00;0.00;;9.95;0.00;HAUKE;LAU16;LAU16;"Lauterbach"", Rügen";;N;;N;N;N;;;GO;;GNS, FPO;76.00;0.00;Fiber/Plastic;;1981-12-12;MFL;1981-01-01;2022-10-05;
DEU301770204;;DEU;;;2.00;0.00;0.00;;6.40;0.00;BUTT;RED20N;RED20N;Wismar;;N;;N;N;N;;;GO;;GNS, LLS;10.00;0.00;Fiber/Plastic;;1977-03-21;MFL;1977-01-01;;2024-10-07
DEU301790204;;DEU;;;16.00;0.00;0.00;;11.99;0.00;FREEDOM;NIE21;NIE21;Niendorf Ostsee;;Y;DNRF;N;N;N;;;TSW;;OTB, GNS;143.00;0.00;Fiber/Plastic;;1983-12-20;MFL;1983-01-01;;
DEU301800204;;DEU;;;0.00;1.77;0.00;;5.00;0.00;---;NIE26;NIE26;;;N;;N;;;;;FX;;GNS, NO;0.00;0.00;;;1991-12-31;C19;;;1994-12-22
DEU301810204;;DEU;;;13.00;13.00;0.00;;11.00;10.04;JULIA;BUR20;BUR20;;;Y;DD7265;N;;;;;FX;;GNS, LLS;71.00;0.00;Fiber/Plastic;;1983-07-01;MFL;1983-01-01;;
DEU301820204;;DEU;;;2.00;0.00;0.00;;7.00;0.00;Hannes;NIE36;NIE36;;;N;;N;N;N;;;GO;;GNS, FPO;15.00;0.00;Wood;;1960-10-17;MFL;1954-01-01;;2018-02-13
DEU301830204;;DEU;;;37.00;0.00;0.00;;16.45;14.98;JANINE;SB8;SB8;;;Y;DLFC;Y;Y;Y;;;TTW;;OTB, PTB;220.00;0.00;Wood;;1975-10-10;MFL;1975-01-01;;2017-10-04
DEU301840204;;DEU;;;0.00;36.60;0.00;;15.95;0.00;BENTE SICK;SO2;SO2;;;Y;DJMR;N;;;;;FX;;OTB, NO;132.00;0.00;;;1950-12-31;G16;;;1993-12-15
DEU301850204;211259270;DEU;;;33.00;0.00;0.00;;14.97;13.95;MANUELA HAUSWALD;MAA39;MAA39;Maasholm;;Y;DKWC;Y;Y;Y;;;TSW;;OTB, GNS, PTB, PTM, LLS;221.00;0.00;Wood;;1986-05-04;MFL;1986-01-01;;
DEU301860211;;DEU;;;0.00;105.82;0.00;;26.01;0.00;BETTINA;SO5;SO5;;;Y;DKND;N;;;;;FX;;OTB, PTB;221.00;0.00;;;1971-02-06;G20;;;1992-05-01
DEU301880204;;DEU;;;38.00;0.00;0.00;;17.97;16.66;CHARLOTTE;SO7;SO7;;;Y;DKDX;Y;Y;Y;;;TTW;;OTB, PTB;221.00;0.00;Wood;;1951-01-01;MFL;1950-01-01;;2017-10-13
DEU301890203;;DEU;;;5.00;0.00;0.00;;9.23;8.87;FREDI;TRA2;TRA2;;;Y;DNRS;N;;;;;FX;;GNS, LLS;47.00;0.00;Fiber/Plastic;;1978-12-01;MFL;1978-01-01;;
DEU301900203;;DEU;;;1.00;2.14;0.00;;5.50;0.00;---;TRA2A;TRA2A;;;N;;N;;;;;FX;;GNS;4.00;0.00;Wood;;1981-07-10;MFL;1981-01-01;;2004-08-31
DEU301910203;;DEU;;;0.00;3.87;0.00;;7.40;0.00;CHRISTINE;TRA3;TRA3;;;N;;N;;;;;FX;;GNS, LLS;21.00;0.00;;;1984-06-18;C19;;;1996-01-10
DEU301920203;;DEU;;;0.00;2.54;0.00;;6.00;0.00;ELFI;TRA4;TRA4;;;N;;N;;;;;FX;;GNS, LLS;7.00;0.00;;;1991-12-31;C19;;;1992-02-01
DEU301930203;;DEU;;;5.00;0.00;0.00;;9.15;0.00;STEPENITZ;TRA5;TRA5;;;N;;N;;;;;FX;;GNS, FPO;45.00;0.00;Fiber/Plastic;;1978-02-01;MFL;1977-01-01;;
DEU301960203;;DEU;;;11.00;11.00;0.00;;10.98;10.08;CHRISTOPH;TRA9;TRA9;;;Y;DNQX;N;;;;;FX;;GNS, NK;124.00;0.00;Fiber/Plastic;;1982-12-01;MFL;1982-01-01;;
DEU301970203;;DEU;;;2.00;0.00;0.00;;7.83;0.00;ZANDER;TRA10;TRA10;;;N;;N;;;;;FX;;GNS, LLS;36.00;0.00;Fiber/Plastic;;1981-11-20;MFL;1981-01-01;;2015-04-15
DEU301990203;;DEU;;;2.00;0.00;0.00;;7.10;0.00;JAN;TRA11;TRA11;;;N;;N;N;N;;;GO;;GNS, FPO;16.00;0.00;Fiber/Plastic;;1978-10-06;MFL;1978-01-01;;
DEU302010203;;DEU;;;3.00;0.00;0.00;;7.85;0.00;HEIKE;TRA15;TRA15;Travemünde;;N;;N;N;N;;;GO;;GNS, FPO;16.00;0.00;Fiber/Plastic;;1978-10-06;MFL;1978-01-01;;2024-09-26
DEU302020203;;DEU;;;5.00;6.69;0.00;;9.17;8.80;CHRISTIANE;BUR15;BUR15;;;Y;DKSO;N;;;;;FX;;GNS, LLS;86.00;0.00;Fiber/Plastic;;1981-07-06;MFL;1981-01-01;;
DEU302030203;;DEU;;;1.00;2.22;0.00;;5.60;0.00;---;TRA9A;TRA9A;;;N;;N;;;;;FX;;GNS, FPO;12.00;0.00;;;1968-04-26;4C1;;;2001-08-20
DEU302040203;;DEU;;;0.00;135.72;0.00;;29.78;27.86;CAROLINE;SL1;SL1;;;Y;DGGW;N;;;;;FX;;OTB, PTB;440.00;0.00;;;1966-12-31;G17;;;1994-12-22
DEU302060202;;DEU;;;30.00;27.56;0.00;;16.75;15.39;JULE;ST10;ST10;Tönning;;Y;DJGW;Y;;;;;TUB;;TBB, OTB;132.00;0.00;Wood;;1967-04-01;MFL;1967-01-01;;2006-10-13
DEU302070202;;DEU;;;0.00;3.46;0.00;;7.00;0.00;BOCKWARDER;SCHLU2B;SCHLU2B;;;N;;N;;;;;FX;;GNS;26.00;0.00;;;1980-06-13;C19;;;1992-05-01
DEU302080202;;DEU;;;0.00;3.71;0.00;;7.25;0.00;ANTARES;SCHLU2C;SCHLU2C;;;N;;N;;;;;FX;;GNS, NO;43.00;0.00;;;1986-06-01;C19;;;1992-05-01
DEU302090202;;DEU;;;2.00;6.50;0.00;;7.70;0.00;JAN;SCHLU3;SCHLU3;;;N;;N;;;;;FX;;GNS, LLS;15.00;0.00;Fiber/Plastic;;1970-06-14;MFL;1970-01-01;;2009-01-22
DEU302100202;;DEU;;;2.00;0.00;0.00;;7.25;0.00;---;SCHLU5;SCHLU5;;;N;;N;N;N;;;GO;;GNS, FPO;17.00;0.00;Fiber/Plastic;;1984-10-26;MFL;1984-01-01;;
DEU302110202;;DEU;;;2.00;0.00;0.00;;7.25;0.00;GREIF;SCHLU7;SCHLU7;;;N;;N;N;N;;;GO;;GNS, FPO;17.00;0.00;Fiber/Plastic;;1984-11-16;MFL;1984-01-01;;
DEU302120202;;DEU;;;36.00;33.85;0.00;;17.87;0.00;GERTRUD-MARTA;SCHLU8;SCHLU8;;;Y;DKCW;N;;;;;FX;;OTB, PTB;202.00;0.00;;;1963-09-01;4C3;;;
DEU302130202;;DEU;;;1.00;0.00;0.00;;7.96;0.00;---;SCHLU2A;SCHLU2A;Lübeck-Schlutup;;N;;N;N;N;;;GO;;GNS, FPO;5.00;0.00;Wood;;1965-01-01;MFL;1965-01-01;;2022-04-21
DEU302140202;;DEU;;;0.00;4.52;0.00;;8.00;0.00;---;SCHLU8B;SCHLU8B;;;N;;N;;;;;FX;;GNS, NO;12.00;0.00;;;1991-12-31;C19;;;1994-12-22
DEU302150202;;DEU;;;0.00;5.23;0.00;;8.60;0.00;MEIKE;SCHLU10;SCHLU10;;;N;;N;;;;;FX;;GNS;18.00;0.00;;;1943-12-31;C19;;;1996-01-11
DEU302160202;;DEU;;;0.00;2.54;0.00;;6.00;0.00;---;SCHLU10A;SCHLU10A;;;N;;N;;;;;FX;;GNS, NO;7.00;0.00;;;1991-12-31;C19;;;1996-01-10
DEU302180218;;DEU;;;15.00;0.00;0.00;;12.11;0.00;PIONIER;GOT1;GOT1;Lübeck-Gothmund;;N;;N;N;N;;;GO;;GNS, OTB;68.00;0.00;Wood;;1919-12-31;MFL;1919-01-01;;2023-01-27
DEU302190218;;DEU;;;4.00;5.00;0.00;;8.37;0.00;KORMORAN;GOT1A;GOT1A;;;N;;N;;;;;FX;;GNS;51.00;0.00;Fiber/Plastic;;1983-10-01;MFL;1983-01-01;;
DEU302200218;;DEU;;;1.00;0.00;0.00;;6.10;0.00;EVA JOLINA;GOT1B;GOT1B;;;Y;DA5813;N;N;N;;;WOP;;FPO, GNS;32.00;0.00;Fiber/Plastic;;1978-01-02;MFL;1976-01-01;;
DEU302210218;;DEU;;;3.00;0.00;0.00;;8.35;0.00;INGRID;GOT2;GOT2;Lübeck-Gothmund;;N;;N;N;N;;;GO;;GNS, FPO;24.00;0.00;Fiber/Plastic;;1985-06-28;MFL;1983-01-01;;2022-06-17
DEU302220218;;DEU;;;2.00;0.00;0.00;;6.40;0.00;---;GOT4;GOT4;;;N;;N;;;;;FX;;GNS, FPO;12.00;0.00;Fiber/Plastic;;1975-06-03;MFL;1975-01-01;;2008-01-24
DEU302230218;;DEU;;;1.00;0.00;0.00;;5.15;0.00;---;GOT4A;GOT4A;;;N;;N;;;;;FX;;GNS, FPO;6.00;0.00;Wood;;1991-12-31;MFL;1958-01-01;;2007-02-26
DEU302240218;;DEU;;;1.00;2.54;0.00;;6.00;0.00;MOBY DICK;GOT5;GOT5;;;N;;N;;;;;FX;;GNS, NO;7.00;0.00;;;1991-12-31;4C1;;;1998-01-08
DEU302250218;;DEU;;;30.00;28.86;0.00;;16.05;14.18;NORDLICHT I;NIE7;NIE7;;;Y;DJHN;Y;;;;;FX;;OTB, PTB;147.00;0.00;Wood;;1968-04-01;MFL;1968-01-01;;2011-12-28
DEU302260218;;DEU;;;2.00;3.71;0.00;;7.25;0.00;ANTJE;GOT8A;GOT8A;;;N;;N;;;;;FX;;GNS;24.00;0.00;Fiber/Plastic;;1983-07-01;MFL;1983-01-01;;
DEU302270218;;DEU;;;1.00;0.00;0.00;;6.80;0.00;PEGASUS;GOT9;GOT9;;;N;;N;;;;;FX;;GNS, NO;26.00;0.00;Wood;;1977-07-22;MFL;1977-01-01;;2006-12-20
DEU302280218;211467840;DEU;;;64.00;0.00;0.00;;19.20;17.55;HANSEAT;TRA64;TRA64;Travemünde;;Y;DKOT;Y;Y;Y;;;TTW;;OTB, PTB;221.00;0.00;Wood;;1966-07-01;MFL;1966-01-01;;
DEU302290218;;DEU;;;2.00;0.00;0.00;;7.00;0.00;RASMUSS;GOT10A;GOT10A;Lübeck-Gothmund;;N;;N;N;N;;;GO;;GNS, FPO;34.00;0.00;Fiber/Plastic;;1985-08-01;MFL;1985-01-01;;
DEU302300218;;DEU;;;2.00;0.00;0.00;;7.00;0.00;REETPIEPER;GOT10B;GOT10B;Lübeck-Gothmund;;N;;N;N;N;;;GO;;GNS, FPO;37.00;0.00;Fiber/Plastic;;1980-05-01;MFL;1980-01-01;;
DEU302310218;;DEU;;;0.00;4.52;0.00;;8.00;0.00;---;GOT10C;GOT10C;;;N;;N;;;;;FX;;GNS, NO;7.00;0.00;;;1922-12-31;C19;;;1992-08-17
DEU302320218;;DEU;;;12.00;12.00;0.00;;9.75;0.00;NEPTUN;GOT11;GOT11;;;Y;DKST;N;;;;;FX;;GNS, PTB;110.00;0.00;Fiber/Plastic;;1984-07-13;MFL;1984-01-01;;
DEU302330218;;DEU;;;2.00;3.71;0.00;;7.25;0.00;MOEWE;GOT11A;GOT11A;;;N;;N;;;;;FX;;GNS;24.00;0.00;Fiber/Plastic;;1983-07-01;MFL;1983-01-01;;
DEU302340218;;DEU;;;1.00;1.99;0.00;;5.30;0.00;---;GOT11B;GOT11B;;;N;;N;;;;;FX;;FPO, GNS;7.00;0.00;Wood;;1964-12-31;MFL;1964-01-01;;2015-05-12
DEU302350218;;DEU;;;0.00;4.52;0.00;;8.00;0.00;---;GOT12;GOT12;;;N;;N;;;;;FX;;GNS, NO;4.00;0.00;;;1991-12-31;C19;;;1994-12-22
DEU302360215;;DEU;;;1.00;0.00;0.00;;5.70;0.00;LÃ¼MMEL;NIE1;NIE1;;;N;;N;;;;;FX;;GNS, NK;8.00;0.00;Fiber/Plastic;;1974-12-31;MFL;1974-01-01;;2016-11-01
DEU302370204;;DEU;;;2.00;0.00;0.00;;6.20;0.00;BRIGITTE;NIE5;NIE5;;;N;;N;;;;;FX;;GNS, FPO;17.00;0.00;Wood;;1963-10-23;MFL;1963-01-01;;2011-04-11
DEU302390206;;DEU;;;0.00;2.60;0.00;;6.07;0.00;SANDRA;BUR12A;BUR12A;;;N;;N;;;;;FX;;GNS, NO;7.00;0.00;;;1991-12-31;C19;;;1992-12-23
DEU302400205;;DEU;;;2.00;0.00;0.00;;7.70;0.00;ANNA-MARIA;BUR7;BUR7;Burgstaaken;;Y;DK6202;N;N;N;;;GO;;GNS, LLS, FPO, GTR;31.00;0.00;Fiber/Plastic;;1989-12-05;MFL;1989-01-01;;
DEU302410203;;DEU;;;1.00;0.00;0.00;;5.70;0.00;---;TRA5A;TRA5A;Travemünde;;N;;N;N;N;;;GO;;GNS, FPO;7.00;0.00;Fiber/Plastic;;1990-03-23;MFL;1990-01-01;;2022-05-04
DEU302430203;;DEU;;;1.00;2.54;0.00;;6.00;0.00;DONNA;TRA7;TRA7;;;N;;N;;;;;FX;;GNS, NO;13.00;0.00;Fiber/Plastic;;1986-11-28;MFL;1986-01-01;;
DEU302440218;;DEU;;;17.00;16.18;0.00;;13.46;0.00;RUEM HART;GOT3;GOT3;;;Y;DLZY;N;;;;;FX;;GNS, NK;121.00;0.00;;;1985-10-01;4C2;;;1998-09-14
DEU302450218;;DEU;;;2.00;3.57;0.00;;7.10;0.00;EDITH;HAF3A;HAF3A;;;N;;N;;;;;FX;;GNS, FPO;25.00;0.00;Fiber/Plastic;;1990-02-21;MFL;1981-01-01;;
DEU302460218;;DEU;;;1.00;0.00;0.00;;6.07;0.00;JAN UHL;TAR14;TAR14;Tarnewitz;;N;;N;N;N;;;GO;;GNS, FPO;12.00;0.00;Fiber/Plastic;;1991-12-30;MFL;1981-01-01;;
DEU302470207;211824000;DEU;;;188.00;0.00;0.00;;28.93;25.78;DESTINY;BRA4;BRA4;Brake;;Y;DMHJ;Y;Y;Y;9018593;;TU;;TBB, OTB;221.00;0.00;Metal;;1991-06-25;MFL;1990-01-01;;
DEU302480207;;DEU;;;1.00;0.00;0.00;;5.80;0.00;Plattfisch;FLE9;FLE9;;;N;;N;N;N;;;GO;;GNS, FPO;7.00;0.00;Fiber/Plastic;;1983-12-31;MFL;1983-01-01;;
DEU302490216;;DEU;;;14.00;16.63;0.00;;11.00;10.30;NIMMERSATT;BUR28;BUR28;;;Y;DD3842;N;;;;;FX;;GNS, LLS;72.00;0.00;Fiber/Plastic;;1991-07-06;MFL;1991-01-01;;
DEU302500211;;DEU;;;1.00;0.00;0.00;;6.90;0.00;LISSY;NEU3;NEU3;"Neustadt"", Holstein";;N;;N;N;N;;;GO;;GNS, LLS;22.00;0.00;Fiber/Plastic;;1974-12-31;MFL;1974-01-01;;2024-08-14
DEU302520207;;DEU;;;0.00;52.88;0.00;;17.98;16.92;NANETTE;NG16;NG16;Emden;;Y;DMHM;N;;;;;TUB;;TBB, OTB;221.00;0.00;Metal;;1982-12-31;4C5;1982-01-01;;
DEU302530207;211271330;DEU;;;167.00;0.00;0.00;;23.96;21.75;BLEIBTREU;SH1;SH1;Heiligenhafen;;Y;DMHR;Y;Y;Y;9034183;;TTW;;OTB, TBB;220.00;0.00;Metal;;1992-03-05;MFL;1991-01-01;2022-10-17;
DEU302540207;;DEU;;;353.00;240.46;0.00;;37.52;32.45;BARBARA;SH5;SH5;Heiligenhafen;;Y;DMHS;N;;;9034080;;TUB;;TBB, OTB;1000.00;0.00;Metal;;1992-04-14;4C4;1992-01-01;;
DEU302550218;;DEU;;;2.00;3.46;0.00;;7.00;0.00;---;GOT8B;GOT8B;;;N;;N;;;;;FX;;GNS;4.00;0.00;Wood;;1992-07-01;MFL;1992-01-01;;2007-08-07
DEU302560218;;DEU;;;1.00;0.00;0.00;;5.00;0.00;---;GOT10C;GOT10C;Lübeck-Gothmund;;N;;N;N;N;;;GO;;GNS, FPO;7.00;0.00;Metal;;1992-08-17;MFL;1992-01-01;;
DEU302570207;;DEU;;;1.00;1.00;0.00;;4.00;0.00;MARCO;HEIL11A;HEIL11A;;;N;;N;;;;;FX;;GNS;7.00;0.00;Fiber/Plastic;;1992-07-07;MFL;1992-01-01;;2003-08-22
DEU302580203;;DEU;;;198.00;174.41;0.00;;32.74;29.38;MARIA;NG20;NG20;Emden;;Y;DQWP;N;;;;;TUB;;TBB, OTB;1103.00;0.00;Metal;;1971-12-31;4C4;1971-01-01;;
DEU302590234;;DEU;;;1.00;1.63;0.00;;4.80;0.00;---;LIP8B;LIP8B;;;N;;N;;;;;FX;;GNS, NO;5.00;0.00;;;1993-09-01;4C1;;;
DEU302600207;;DEU;;;1.00;2.14;0.00;;5.50;0.00;LIEBE II;HEIL18;HEIL18;;;N;;N;;;;;FX;;GNS, FPO;6.00;0.00;Wood;;1993-11-04;MFL;1993-01-01;;2015-10-27
DEU302610207;;DEU;;;149.00;0.00;0.00;;23.97;0.00;STELLA    POLARIS;SH3;SH3;Heiligenhafen;;Y;DMJZ;Y;Y;Y;9107605;;TU;;TBB, OTB;220.00;0.00;Metal;;1995-02-17;MFL;1995-01-01;2021-11-22;
DEU302620207;;DEU;;;167.00;0.00;0.00;;23.98;21.75;GLAUBE;SH9;SH9;;;Y;DMJY;Y;;;9107617;;DO;;OTB, TBB;221.00;0.00;Metal;;1995-03-27;MFL;1995-01-01;;
DEU302630207;;DEU;;;9.00;9.00;0.00;;10.80;9.42;SAGASBANK;MAA37;MAA37;;;Y;DMKS;N;;;;;FX;;GNS, OTB;73.00;0.00;Fiber/Plastic;;1996-04-05;MFL;1996-01-01;;2012-02-22
DEU302640207;211563380;DEU;;;11.00;0.00;0.00;;11.46;10.14;Möwe;ECKE11;ECKE11;Eckernförde;;Y;DMKT;N;N;N;;;GO;;GNS, OTB;160.00;0.00;Fiber/Plastic;;1996-04-15;MFL;1996-01-01;;
DEU302640234;;DEU;;;3.00;3.00;0.00;;7.35;6.95;NORDLICHT;LIP8A;LIP8A;;;N;;N;;;;;WO;;GNS, FPO;42.00;0.00;Fiber/Plastic;;1997-04-14;MFL;1996-01-01;;2005-09-21
DEU302650206;;DEU;;;2.00;0.00;0.00;;5.45;0.00;INES;BUR13;BUR13;;;N;;N;N;N;;;GO;;GNS, FPO;15.00;0.00;Fiber/Plastic;;1997-07-16;MFL;1997-01-01;;2019-08-19
DEU302660215;;DEU;;;2.00;2.00;0.00;;5.74;0.00;MELLI;TIM2;TIM2;;;N;;N;;;;;FX;;GNS, FPO;4.00;0.00;Wood;;1997-09-12;MFL;1997-01-01;;2006-12-18
DEU302670207;;DEU;;;13.00;0.00;0.00;;11.29;9.99;JANE;SK10;SK10;;;Y;DMMO;N;;;;;FX;;OTB, GNS;162.00;0.00;Fiber/Plastic;;1998-10-12;MFL;1998-01-01;;2017-06-26
DEU302670239;;DEU;;;1.00;0.00;0.00;;4.30;0.00;CONSTANTIA;DAH100;DAH100;;;N;;N;N;N;;;GO;;GNS, FPO;7.00;0.00;Fiber/Plastic;;1996-12-23;MFL;1990-01-01;;2020-10-23
DEU302680218;;DEU;;;1.00;0.00;0.00;;5.75;0.00;SILKE;GOT3A;GOT3A;Lübeck-Gothmund;;N;;N;N;N;;;GO;;GNS, LLS;11.00;0.00;Fiber/Plastic;;1999-05-07;MFL;1998-01-01;;
DEU302690218;;DEU;;;1.00;0.00;0.00;;5.17;0.00;RED BULL;GOT1C;GOT1C;;;N;;N;;;;;FX;;GNS, LLS;7.00;0.00;Fiber/Plastic;;2000-10-06;MFL;1997-01-01;;
DEU302700207;211517110;DEU;;;10.00;0.00;0.00;;10.65;9.81;FLÜGGE-SAND;HEIL22;HEIL22;Heiligenhafen;;Y;DKMQ;N;N;Y;;;TTW;;OTB, GTR;132.00;0.00;Fiber/Plastic;;2002-06-10;MFL;2002-01-01;;
DEU302710206;;DEU;;;1.00;0.00;0.00;;3.90;0.00;---;BUR11B;BUR11B;;;N;;N;;;;;FX;;GNS, NO;4.00;0.00;Fiber/Plastic;;2003-07-16;MFL;1995-01-01;;2017-11-17
DEU302720207;211499890;DEU;;;3.00;0.00;0.00;;8.10;0.00;STEPHANIE-SOPHIE;HEIL15;HEIL15;Heiligenhafen;;Y;DK5586;N;N;N;;;GO;;GNS, FPO;31.00;0.00;Fiber/Plastic;;2003-08-06;MFL;2003-01-01;;
DEU302730207;;DEU;;;1.00;0.00;0.00;;4.60;0.00;---;MAA36;MAA36;;;N;;N;;;;;FX;;GNS, FPO;4.00;0.00;Fiber/Plastic;;2004-06-07;MFL;1974-01-01;;2015-05-19
DEU302740206;;DEU;;;1.00;0.00;0.00;;5.60;0.00;---;BUR20;BUR20;;;N;;N;;;;;FX;;GNS, FPO;7.00;0.00;Fiber/Plastic;;2006-09-18;MFL;1972-01-01;;2007-06-07
DEU304000234;;DEU;;;1.00;1.76;0.00;;5.00;0.00;---;LIP101;LIP101;;;N;;N;;;;;FX;;GNS, FPO;7.00;0.00;Fiber/Plastic;;1980-07-31;MFL;1974-01-01;;2004-04-07
DEU304010234;;DEU;;;1.00;0.00;0.00;;4.85;0.00;OSKAR;WEN4;WEN4;;;N;;N;;;;;FX;;GNS, FPO;4.00;0.00;Fiber/Plastic;;1986-02-04;MFL;1980-01-01;;2015-05-19
DEU304020234;;DEU;;;1.00;1.30;0.00;;4.30;0.00;HEIKE;LIP104;LIP104;;;N;;N;;;;;FX;;GNS, FPO;3.00;0.00;Fiber/Plastic;;1986-04-22;MFL;1982-01-01;;2014-05-05
DEU304030234;;DEU;;;1.00;2.06;0.00;;5.40;0.00;KAETE;LIP105;LIP105;;;N;;N;;;;;FX;;GNS, FPO;8.00;0.00;;;1985-04-19;C19;;;1996-12-19
DEU304040234;;DEU;;;1.00;0.00;0.00;;4.82;0.00;MOEWE;LIP111;LIP111;;;N;;N;;;;;FX;;GNS, FPO;6.00;0.00;Fiber/Plastic;;1989-11-13;MFL;1980-01-01;;2007-01-01
DEU304050234;;DEU;;;1.00;2.02;0.00;;5.35;0.00;CHAMPI;STEI12;STEI12;;;N;;N;;;;;FX;;GNS, FPO;6.00;0.00;Wood;;1980-09-08;MFL;1980-01-01;;2013-04-30
DEU304060234;;DEU;;;1.00;1.44;0.00;;4.52;0.00;PETRA;KAP14;KAP14;;;N;;N;;;;;FX;;GNS, FPO;7.00;0.00;;;1983-12-27;4C1;;;2002-12-16
DEU304070233;;DEU;;;1.00;0.00;0.00;;4.80;0.00;BRITTA;STRA100;STRA100;Strande;;N;;N;N;N;;;GO;;GNS, FPO;4.00;0.00;Fiber/Plastic;;1986-07-02;MFL;1986-01-01;;2022-06-24
DEU304080233;;DEU;;;1.00;1.76;0.00;;5.05;5.00;TORBEN;HOH103;HOH103;;;N;;N;;;;;FX;;GNS, FPO;6.00;0.00;Fiber/Plastic;;1992-01-01;MFL;1991-01-01;;2011-07-31
DEU304090233;;DEU;;;1.00;1.49;0.00;;4.60;0.00;---;HOH105;HOH105;;;N;;N;;;;;FX;;GNS, FPO;3.00;0.00;;;1980-07-31;4C1;;;2001-11-21
DEU304100233;;DEU;;;1.00;2.06;0.00;;5.40;0.00;---;HOH106;HOH106;;;N;;N;;;;;FX;;GNS, FPO;3.00;0.00;;;1980-07-31;4C1;;;1997-08-01
DEU304110233;;DEU;;;1.00;1.24;0.00;;4.20;0.00;---;HOH107;HOH107;;;N;;N;;;;;FX;;GNS, FPO;6.00;0.00;Fiber/Plastic;;1984-07-31;MFL;1984-01-01;;2010-10-31
DEU304120233;;DEU;;;1.00;0.00;0.00;;4.83;0.00;BRUMMI;HOH112;HOH112;;;N;;N;N;N;;;GO;;GNS, FPO;6.00;0.00;Fiber/Plastic;;1988-02-18;MFL;1978-01-01;;2018-06-14
DEU304130235;;DEU;;;2.00;0.00;0.00;;6.20;0.00;MOEWE;BUR2A;BUR2A;;;N;;N;;;;;FX;;GNS, FPO;12.00;0.00;Wood;;1989-01-16;MFL;1964-01-01;;2007-01-03
DEU304140236;;DEU;;;1.00;2.29;0.00;;5.70;0.00;---;WUL102;WUL102;;;N;;N;;;;;FX;;GNS, FPO;0.00;0.00;Wood;;1981-03-24;MFL;1969-01-01;;2003-03-06
DEU304150236;;DEU;;;1.00;2.62;0.00;;6.10;0.00;SILKE;WUL2;WUL2;;;N;;N;;;;;FX;;GNS, FPO;7.00;0.00;;;1992-01-01;4C1;;;1998-10-21
DEU304160236;;DEU;;;1.00;2.29;0.00;;5.70;0.00;---;WUL2A;WUL2A;;;N;;N;;;;;FX;;GNS, FPO;5.00;0.00;;;1990-06-28;C19;;;1996-03-20
DEU304170216;;DEU;;;1.00;0.00;0.00;;4.55;0.00;SEEPFERD;DAN10N;DAN10N;;;N;;N;N;N;;;TU;;TBB, GNS;5.00;0.00;Fiber/Plastic;;1980-08-25;MFL;1974-01-01;;2019-10-18
DEU304180216;;DEU;;;1.00;0.00;0.00;;5.80;0.00;LORBASS;GRO3;GRO3;;;N;;N;;;;;FX;;GNS, FPO;7.00;0.00;Fiber/Plastic;;1987-06-29;MFL;1987-01-01;;2006-09-05
DEU304190216;;DEU;;;1.00;0.00;0.00;;5.95;0.00;NIMMERSATT;GRO6;GRO6;;;N;;N;;;;;FX;;GNS, FPO;15.00;0.00;Fiber/Plastic;;1986-01-01;MFL;1974-01-01;;
DEU304200216;;DEU;;;1.00;1.91;0.00;;5.20;0.00;---;KAP17;KAP17;;;N;;N;;;;;FX;;GNS, FPO;7.00;0.00;Wood;;1980-07-28;MFL;1980-01-01;;2007-11-19
DEU304210216;;DEU;;;1.00;0.00;0.00;;5.20;0.00;GODE WIND;KUEH9;KUEH9;;;N;;N;;;;;FX;;GNS, FPO;6.00;0.00;Fiber/Plastic;;1992-01-01;MFL;1973-01-01;;2015-10-14
DEU304220216;;DEU;;;2.00;0.00;0.00;;6.20;0.00;MITTELGRUND;HEIL17;HEIL17;;;N;;N;;;;;FX;;GNS, FPO;15.00;0.00;Wood;;1984-06-12;MFL;1964-01-01;;2016-11-01
DEU304230216;;DEU;;;1.00;1.76;0.00;;5.00;0.00;---;GRO104;GRO104;;;N;;N;;;;;FX;;GNS, FPO;4.00;0.00;Wood;;1984-06-12;MFL;1968-01-01;;2003-11-04
DEU304240216;;DEU;;;1.00;1.91;0.00;;5.20;0.00;KERMIT;GRO107;GRO107;;;N;;N;;;;;FX;;GNS, FPO;3.00;0.00;Fiber/Plastic;;1980-08-22;MFL;1965-01-01;;
DEU304250216;;DEU;;;1.00;2.09;0.00;;5.45;0.00;---;GRO5;GRO5;;;N;;N;;;;;FX;;GNS, FPO;7.00;0.00;Fiber/Plastic;;1971-12-31;MFL;1971-01-01;;2014-12-30
DEU304260207;;DEU;;;1.00;2.15;0.00;;5.52;0.00;RANA;HEIL1;HEIL1;;;N;;N;;;;;FX;;GNS, FPO;9.00;0.00;Wood;;1992-01-01;MFL;1992-01-01;;2009-07-13
DEU304270207;;DEU;;;1.00;1.77;0.00;;5.00;0.00;---;HEIL4;HEIL4;;;N;;N;;;;;FX;;GNS, FPO;6.00;0.00;Fiber/Plastic;;1990-04-12;MFL;1983-01-01;;2010-05-06
DEU304280207;;DEU;;;1.00;2.54;0.00;;6.00;0.00;ROBBY;HEIL6;HEIL6;;;N;;N;;;;;FX;;GNS, FPO;12.00;0.00;Wood;;1990-04-18;MFL;1990-01-01;;2015-04-14
DEU304290207;;DEU;;;1.00;1.77;0.00;;5.00;0.00;---;HEIL6A;HEIL6A;;;N;;N;;;;;FX;;GNS, FPO;7.00;0.00;Fiber/Plastic;;1991-02-18;MFL;1991-01-01;;2013-10-31
DEU304300207;;DEU;;;1.00;2.50;0.00;;5.95;0.00;KATTEGAT;HEIL14;HEIL14;;;N;;N;;;;;FX;;GNS, FPO;6.00;0.00;Wood;;1992-01-01;MFL;1960-01-01;;2013-01-10
DEU304310207;;DEU;;;1.00;0.00;0.00;;5.40;0.00;ELEA;HEIL3;HEIL3;Heiligenhafen;;Y;DD8043;N;N;N;;;GO;;GNS, LLS, FPO;5.00;0.00;Fiber/Plastic;;1992-01-01;MFL;1982-01-01;;
DEU304320207;;DEU;;;2.00;3.46;0.00;;7.00;0.00;BOOKWARDER;HEIL13;HEIL13;;;N;;N;;;;;FX;;GNS, FPO;27.00;0.00;Wood;;1992-01-01;MFL;1980-01-01;;2007-09-26
DEU304330207;;DEU;;;1.00;1.91;0.00;;5.20;0.00;FLEDERMAUS;HEIL15;HEIL15;;;N;;N;;;;;FX;;GNS, FPO;15.00;0.00;Fiber/Plastic;;1992-01-01;MFL;1992-01-01;;2003-08-22
DEU304340207;;DEU;;;1.00;2.14;0.00;;5.50;0.00;---;HEIL23;HEIL23;;;N;;N;;;;;FX;;GNS, FPO;15.00;0.00;Wood;;1990-05-09;MFL;1971-01-01;;2005-09-27
DEU304350207;;DEU;;;1.00;1.25;0.00;;4.22;0.00;SVEN;HEIL25;HEIL25;;;N;;N;;;;;FX;;GNS, FPO;4.00;0.00;Fiber/Plastic;;1992-01-01;MFL;1991-01-01;;2005-03-30
DEU304360207;;DEU;;;1.00;1.63;0.00;;4.80;0.00;---;HEIL26;HEIL26;;;N;;N;;;;;FX;;GNS, FPO;6.00;0.00;Fiber/Plastic;;1992-01-01;MFL;1983-01-01;;2011-10-27
DEU304370207;;DEU;;;1.00;0.00;0.00;;3.80;0.00;---;HEIL29;HEIL29;;;N;;N;;;;;FX;;GNS, FPO;4.00;0.00;Wood;;1991-05-21;MFL;1991-01-01;;2007-02-02
DEU304380207;;DEU;;;1.00;2.02;0.00;;5.35;0.00;---;HEIL29A;HEIL29A;;;N;;N;;;;;FX;;GNS, FPO;4.00;0.00;Wood;;1981-08-03;MFL;1981-01-01;;2005-02-02
DEU304390207;;DEU;;;1.00;1.91;0.00;;5.20;0.00;GISELA HENKE;HEIL30;HEIL30;;;N;;N;;;;;FX;;GNS, FPO;4.00;0.00;Wood;;1988-07-11;MFL;1988-01-01;;2004-06-11
DEU304400207;;DEU;;;1.00;2.22;0.00;;5.60;0.00;---;HEIL101;HEIL101;;;N;;N;;;;;FX;;GNS, FPO;7.00;0.00;;;1984-04-16;4C1;;;1999-01-12
DEU304410207;;DEU;;;1.00;1.77;0.00;;5.00;0.00;MOANA;HEIL102;HEIL102;;;N;;N;;;;;FX;;GNS, FPO;6.00;0.00;;;1980-07-31;4C1;;;2002-03-13
DEU304420207;;DEU;;;2.00;3.46;0.00;;7.00;0.00;MELANIE;HEIL103;HEIL103;;;N;;N;;;;;FX;;GNS, FPO;15.00;0.00;Wood;;1983-07-04;MFL;1983-01-01;;2003-11-24
DEU304430207;;DEU;;;2.00;3.66;0.00;;7.20;0.00;ORCA;STRA112;STRA112;;;N;;N;;;;;FX;;GNS, FPO;27.00;0.00;Fiber/Plastic;;1985-10-21;MFL;1984-01-01;;
DEU304440207;;DEU;;;1.00;2.54;0.00;;6.00;0.00;---;HEIL108;HEIL108;;;N;;N;;;;;FX;;GNS, FPO;8.00;0.00;Wood;;1989-01-02;MFL;1989-01-01;;2014-08-06
DEU304450207;;DEU;;;1.00;0.00;0.00;;5.06;0.00;BULLI;USE10;USE10;Usedom;;N;;N;N;N;;;GO;;GNS, FPO;22.00;0.00;Fiber/Plastic;;1992-01-01;MFL;1991-01-01;;
DEU304460207;;DEU;;;1.00;1.87;0.00;;5.15;0.00;---;MAA18;MAA18;;;N;;N;;;;;FX;;GNS, NK;11.00;0.00;Wood;;1984-06-14;MFL;1984-01-01;;2004-04-01
DEU304470207;;DEU;;;1.00;1.77;0.00;;5.00;0.00;---;HEIL110;HEIL110;;;N;;N;;;;;FX;;GNS, FPO;4.00;0.00;Wood;;1981-02-12;MFL;1981-01-01;;2004-10-01
DEU304480207;;DEU;;;1.00;0.00;0.00;;5.00;0.00;LILLE SKIB;HEIL32;HEIL32;Heiligenhafen;;Y;DK4998;N;N;N;;;GO;;GNS, LLS, FPO, GTR;11.00;0.00;Fiber/Plastic;;1983-08-30;MFL;1983-01-01;;
DEU304490207;;DEU;;;1.00;0.00;0.00;;4.40;0.00;KRUEMEL;HEIL32A;HEIL32A;Heiligenhafen;;N;;N;N;N;;;GO;;GNS, FPO;6.00;0.00;Fiber/Plastic;;1987-05-14;MFL;1987-01-01;;2022-06-17
DEU304500207;;DEU;;;1.00;2.14;0.00;;5.50;0.00;---;KAP31;KAP31;;;N;;N;;;;;FX;;GNS, NK;4.00;0.00;Wood;;1980-08-04;MFL;1977-01-01;;2009-07-15
DEU304510207;;DEU;;;1.00;1.80;0.00;;5.06;0.00;---;WES1;WES1;;;N;;N;;;;;FX;;GNS, FPO;8.00;0.00;Fiber/Plastic;;1984-06-12;MFL;1984-01-01;;2005-02-01
DEU304520207;;DEU;;;1.00;1.59;0.00;;4.75;0.00;ACM;HEIL114;HEIL114;;;N;;N;;;;;FX;;GNS, FPO;4.00;0.00;Fiber/Plastic;;1992-01-01;MFL;1992-01-01;;2004-04-14
DEU304530207;;DEU;;;1.00;0.00;0.00;;5.50;0.00;---;HEIL115;HEIL115;;;N;;N;;;;;FX;;GNS, FPO;6.00;0.00;Wood;;1985-01-17;MFL;1969-01-01;;2006-10-28
DEU304540207;;DEU;;;1.00;1.31;0.00;;4.30;0.00;PIRAT;HEIL116A;HEIL116A;;;N;;N;;;;;FX;;GNS, FPO;0.00;0.00;Fiber/Plastic;;1982-03-19;MFL;1978-01-01;;2012-11-02
DEU304550207;;DEU;;;1.00;2.72;0.00;;6.20;0.00;UWE;HEIL116;HEIL116;;;N;;N;;;;;FX;;GNS, FPO;4.00;0.00;Wood;;1988-07-11;MFL;1988-01-01;;2012-11-02
DEU304560207;;DEU;;;1.00;0.00;0.00;;4.80;0.00;BUSSARD;FRIE104;FRIE104;;;N;;N;;;;;FX;;GNS, FPO;7.00;0.00;Fiber/Plastic;;1980-08-08;MFL;1978-01-01;;
DEU304570207;;DEU;;;1.00;1.91;0.00;;5.20;0.00;---;HEIL120;HEIL120;;;N;;N;;;;;FX;;GNS, FPO;13.00;0.00;Wood;;1981-03-02;MFL;1981-01-01;;2010-10-20
DEU304580207;;DEU;;;1.00;1.13;0.00;;4.00;0.00;---;HEIL135;HEIL135;;;N;;N;;;;;FX;;GNS, FPO;15.00;0.00;Fiber/Plastic;;1988-09-19;MFL;1988-01-01;;2005-07-28
DEU304590207;;DEU;;;1.00;1.63;0.00;;4.80;0.00;BIRTE;HEIL143;HEIL143;;;N;;N;;;;;FX;;GNS, FPO;4.00;0.00;Fiber/Plastic;;1988-07-21;MFL;1980-01-01;;2004-01-02
DEU304600207;;DEU;;;1.00;0.00;0.00;;4.30;0.00;---;NEU17A;NEU17A;;;N;;N;;;;;FX;;GNS, FPO;15.00;0.00;Fiber/Plastic;;1990-11-19;MFL;1982-01-01;;2005-12-07
DEU304610207;;DEU;;;1.00;1.99;0.00;;5.30;0.00;KARINA;HEIL148;HEIL148;;;N;;N;;;;;FX;;GNS, FPO;4.00;0.00;;;1983-03-08;4C1;;;1999-05-07
DEU304620207;;DEU;;;1.00;1.19;0.00;;4.10;0.00;ENTE;HEIL151;HEIL151;;;N;;N;;;;;FX;;GNS, FPO;4.00;0.00;;;1981-12-08;C19;;;1996-02-29
DEU304630238;;DEU;;;1.00;1.62;0.00;;4.80;0.00;---;LEM1;LEM1;;;N;;N;;;;;FX;;GNS, FPO;4.00;0.00;Wood;;1979-07-06;MFL;1979-01-01;;2010-08-13
DEU304640238;;DEU;;;1.00;1.25;0.00;;4.20;0.00;MOEWE;LEM2;LEM2;;;N;;N;;;;;FX;;GNS, FPO;7.00;0.00;;;1992-01-01;4C1;;;2001-12-10
DEU304650238;;DEU;;;1.00;0.00;0.00;;4.98;0.00;Catharina;BUR21;BUR21;;;N;;N;N;N;;;GO;;GNS, FPO;4.00;0.00;Fiber/Plastic;;1991-06-11;MFL;1970-01-01;;2020-05-15
DEU304660238;;DEU;;;1.00;2.38;0.00;;5.80;0.00;---;BUR24;BUR24;;;N;;N;;;;;FX;;GNS, FPO;7.00;0.00;Fiber/Plastic;;1983-06-30;MFL;1983-01-01;;
DEU304670238;;DEU;;;1.00;1.47;0.00;;4.57;0.00;---;LEM105;LEM105;;;N;;N;;;;;FX;;GNS, FPO;6.00;0.00;Fiber/Plastic;;1980-09-19;MFL;1980-01-01;;2009-11-05
DEU304680238;;DEU;;;1.00;0.00;0.00;;4.90;0.00;SUSANNE;LEM106;LEM106;;;N;;N;;;;;FX;;GNS, FPO;5.00;0.00;Fiber/Plastic;;1980-10-01;MFL;1975-01-01;;2017-03-23
DEU304690233;;DEU;;;1.00;1.39;0.00;;4.43;0.00;---;BROE101;BROE101;;;N;;N;;;;;FX;;GNS, FPO;22.00;0.00;Fiber/Plastic;;1991-05-17;MFL;1991-01-01;;2013-07-18
DEU304700233;;DEU;;;1.00;1.43;0.00;;4.50;0.00;WIEBKE;BROE102;BROE102;;;N;;N;;;;;FX;;GNS, FPO;15.00;0.00;Fiber/Plastic;;1984-03-30;MFL;1984-01-01;;2008-09-01
DEU304710233;;DEU;;;1.00;1.42;0.00;;4.48;0.00;---;BROE103;BROE103;;;N;;N;;;;;FX;;GNS, FPO;23.00;0.00;Fiber/Plastic;;1992-01-01;MFL;1992-01-01;;2003-04-28
DEU304720233;;DEU;;;1.00;0.00;0.00;;4.50;0.00;MORITZ;HEIL15B;HEIL15B;Heiligenhafen;;Y;DG6849;N;N;N;;;GO;;FPO, GTR, GNS;22.00;0.00;Fiber/Plastic;;1991-07-04;MFL;1991-01-01;;
DEU304730233;;DEU;;;1.00;0.00;0.00;;4.50;0.00;---;NEU17;NEU17;;;N;;N;N;N;;;GO;;GNS, FPO;11.00;0.00;Fiber/Plastic;;1983-09-05;MFL;1983-01-01;;2018-09-05
DEU304740233;;DEU;;;1.00;1.08;0.00;;3.91;0.00;---;BROE109;BROE109;;;N;;N;;;;;FX;;GNS, FPO;4.00;0.00;;;1980-08-12;4C1;;;1997-12-11
DEU304750233;;DEU;;;1.00;1.43;0.00;;4.50;0.00;POMUCHEL II;BROE112;BROE112;;;N;;N;;;;;FX;;GNS, FPO;11.00;0.00;Fiber/Plastic;;1982-12-09;MFL;1982-01-01;;2011-07-04
DEU304760233;;DEU;;;1.00;0.00;0.00;;4.50;0.00;MARTMAR;BROE119;BROE119;Brök;;Y;DC6306;N;N;N;;;GO;;GNS, GTR, LLS, FPO;11.00;0.00;Fiber/Plastic;;1982-11-15;MFL;1982-01-01;;
DEU304770233;;DEU;;;1.00;0.00;0.00;;4.50;0.00;MALTE;GROE5;GROE5;;;N;;N;;;;;FX;;GNS, FPO;11.00;0.00;Fiber/Plastic;;1983-07-05;MFL;1983-01-01;;2016-12-05
DEU304780233;;DEU;;;1.00;1.63;0.00;;4.80;0.00;SEETEUFEL;BROE131;BROE131;;;N;;N;;;;;FX;;GNS, FPO;18.00;0.00;Fiber/Plastic;;1983-05-17;MFL;1982-01-01;;2008-08-14
DEU304790206;211561360;DEU;;;5.00;0.00;0.00;;9.12;0.00;Mathilda;BUR4;BUR4;Burgstaaken;;Y;DH7085;N;N;N;;;GO;;GNS, FPN, GTR;46.00;0.00;Fiber/Plastic;;1991-01-01;MFL;1975-01-01;;
DEU304800206;;DEU;;;2.00;3.51;0.00;;7.05;0.00;---;BUR13;BUR13;;;N;;N;;;;;FX;;GNS, FPO;15.00;0.00;;;1990-02-16;4C1;;;1997-09-04
DEU304810206;;DEU;;;2.00;3.08;0.00;;6.60;0.00;MISCHI;BUR16;BUR16;;;N;;N;;;;;FX;;GNS, FPO;6.00;0.00;;;1990-05-07;4C1;;;1999-01-04
DEU304820206;;DEU;;;1.00;2.76;0.00;;6.25;0.00;JULE;BUR19;BUR19;;;N;;N;;;;;FX;;GNS, FPO;25.00;0.00;Wood;;1992-01-01;MFL;1992-01-01;;2014-12-12
DEU304830206;;DEU;;;1.00;0.00;0.00;;4.12;0.00;---;BUR20;BUR20;;;N;;N;;;;;FX;;GNS, LLS;6.00;0.00;Wood;;1980-12-31;MFL;1970-01-01;;2006-09-18
DEU304840206;;DEU;;;1.00;1.45;0.00;;4.53;0.00;SANRA II;BUR21;BUR21;;;N;;N;;;;;FX;;GNS, FPO;4.00;0.00;;;1992-01-01;4C1;;;2000-03-23
DEU304850206;;DEU;;;1.00;0.00;0.00;;4.60;0.00;IDEFIX;BUR23;BUR23;;;N;;N;N;N;;;GO;;GNS, FPO;37.00;0.00;Fiber/Plastic;;1992-01-01;MFL;1992-01-01;;2018-01-25
DEU304860206;;DEU;;;4.00;4.17;0.00;;9.43;0.00;LASSE;HEI17;HEI17;;;N;;N;;;;;FX;;GNS, NK;18.00;0.00;Wood;;1992-01-01;MFL;1943-01-01;;2005-07-28
DEU304870206;;DEU;;;1.00;0.00;0.00;;5.04;0.00;---;LEM4;LEM4;;;N;;N;N;N;;;GO;;GNS, FPO;4.00;0.00;Wood;;1984-06-27;MFL;1983-01-01;;2020-06-08
DEU304880206;;DEU;;;1.00;0.00;0.00;;5.50;0.00;ANNI;BUR105;BUR105;Burgstaaken;;N;;N;N;N;;;GO;;GNS, FPO;6.00;0.00;Fiber/Plastic;;1983-07-06;MFL;1969-01-01;;2023-04-20
DEU304890206;;DEU;;;1.00;1.31;0.00;;4.30;0.00;LOLA;BUR106;BUR106;;;N;;N;;;;;FX;;GNS, FPO;3.00;0.00;Wood;;1980-08-06;MFL;1972-01-01;;2003-03-13
DEU304900206;;DEU;;;1.00;1.70;0.00;;4.90;0.00;DANNY;BUR110;BUR110;;;N;;N;;;;;FX;;GNS, FPO;7.00;0.00;Fiber/Plastic;;1981-04-03;MFL;1970-01-01;;2010-02-18
DEU304910206;;DEU;;;1.00;0.00;0.00;;4.50;0.00;HACO;STRU1;STRU1;Strukkamp;;Y;DD6016;N;N;N;;;GO;;GNS, FPO;6.00;0.00;Fiber/Plastic;;1991-02-11;MFL;1990-01-01;;
DEU304920206;;DEU;;;1.00;0.00;0.00;;4.80;0.00;LUMPI;STRU106;STRU106;;;N;;N;;;;;FX;;GNS, LLS;4.00;0.00;Fiber/Plastic;;1986-05-07;MFL;1981-01-01;;2017-12-29
DEU304930238;;DEU;;;1.00;2.38;0.00;;5.80;0.00;---;STRU115;STRU115;;;N;;N;;;;;FX;;GNS, FPO;5.00;0.00;;;1982-05-28;4C1;;;1999-01-12
DEU304940216;;DEU;;;1.00;0.00;0.00;;4.80;0.00;INKA;SUET1;SUET1;;;N;;N;N;N;;;GO;;GNS, FPO;44.00;0.00;Fiber/Plastic;;1982-01-27;MFL;1982-01-01;;2018-05-04
DEU304950216;;DEU;;;1.00;1.89;0.00;;5.18;0.00;NATASCHA II;ARN3;ARN3;;;N;;N;;;;;FX;;GNS, NK;22.00;0.00;Fiber/Plastic;;1984-06-22;MFL;1984-01-01;;2003-12-18
DEU304960216;;DEU;;;1.00;1.43;0.00;;4.50;0.00;CARMEN;LIP7A;LIP7A;;;N;;N;;;;;FX;;GNS, FPO;4.00;0.00;Fiber/Plastic;;1986-03-05;MFL;1984-01-01;;2007-04-13
DEU304970216;;DEU;;;1.00;1.63;0.00;;4.80;0.00;SEEADLER;SUET2;SUET2;;;N;;N;;;;;FX;;GNS, FPO;37.00;0.00;Fiber/Plastic;;1982-02-24;MFL;1982-01-01;;2008-07-18
DEU304980216;;DEU;;;1.00;1.13;0.00;;4.00;0.00;---;SUET119;SUET119;;;N;;N;;;;;FX;;GNS, FPO;4.00;0.00;;;1980-09-13;C19;;;1996-10-17
DEU304990216;;DEU;;;1.00;1.46;0.00;;4.55;0.00;---;SUET123;SUET123;;;N;;N;;;;;FX;;GNS, FPO;4.00;0.00;;;1981-05-16;4C1;;;1997-05-22
DEU305000237;;DEU;;;1.00;1.50;0.00;;4.60;0.00;FREDERIKE;WES102;WES102;;;N;;N;;;;;FX;;GNS, LLS;4.00;0.00;;;1992-01-01;4C1;;;2002-05-28
DEU305010235;;DEU;;;1.00;0.00;0.00;;4.60;0.00;---;ORT1;ORT1;;;N;;N;;;;;GO;;GNS, FPO;4.00;0.00;Fiber/Plastic;;1991-03-22;MFL;1991-01-01;;2018-01-19
DEU305020235;;DEU;;;1.00;1.37;0.00;;4.40;0.00;---;ORT2C;ORT2C;;;N;;N;;;;;FX;;GNS, FPO;4.00;0.00;Wood;;1991-10-15;MFL;1991-01-01;;2010-02-11
DEU305030235;;DEU;;;1.00;0.00;0.00;;5.45;0.00;SAKINE;ORT3;ORT3;Orth/Fehmarn;;Y;DB6718;N;N;N;;;GO;;GNS, LLS, GTR, FPO;5.00;0.00;Fiber/Plastic;;1991-04-25;MFL;1980-01-01;;
DEU305040235;;DEU;;;8.00;5.72;0.00;;9.00;0.00;TERVAN;ORT4;ORT4;;;N;;N;;;;;FX;;GNS, FPO;64.00;0.00;Metal;;1992-01-01;MFL;1991-01-01;;2007-09-26
DEU305060235;;DEU;;;2.00;0.00;0.00;;6.71;0.00;Seerabe;SCHLU4;SCHLU4;;;N;;N;N;N;;;GO;;GNS, FPO;26.00;0.00;Fiber/Plastic;;1990-11-05;MFL;1990-01-01;;
DEU305070235;;DEU;;;1.00;1.31;0.00;;4.30;0.00;---;ORT17A;ORT17A;;;N;;N;;;;;FX;;GNS, FPO;7.00;0.00;;;1990-02-16;C19;;;1995-09-01
DEU305080235;;DEU;;;5.00;5.72;0.00;;9.00;0.00;GRUESS GOTT;LAN1;LAN1;;;N;;N;;;;;FX;;GNS, FPO;72.00;0.00;Fiber/Plastic;;1982-02-22;MFL;1979-01-01;;2014-09-24
DEU305090235;;DEU;;;1.00;0.00;0.00;;5.80;0.00;JULE;ORT104A;ORT104A;;;N;;N;N;N;;;GO;;GNS, FPO;22.00;0.00;Fiber/Plastic;;1985-05-24;MFL;1985-01-01;;2020-12-15
DEU305100237;;DEU;;;1.00;0.00;0.00;;5.06;0.00;APSARA;PUT1;PUT1;Puttgarden;;Y;DD6331;N;N;N;;;GO;;GNS, LLS, GTR, FPO;15.00;0.00;Fiber/Plastic;;1992-01-01;MFL;1991-01-01;;
DEU305110237;;DEU;;;1.00;0.00;0.00;;5.15;0.00;MORITZ;PUT2;PUT2;;;Y;DB6039;N;N;N;;;LL;;LLS, FPO;4.00;0.00;Fiber/Plastic;;1991-03-11;MFL;1989-01-01;;
DEU305120237;;DEU;;;1.00;1.28;0.00;;4.25;0.00;HASE;PUT3;PUT3;;;N;;N;;;;;FX;;GNS, FPO;5.00;0.00;;;1991-02-28;C19;;;1995-01-31
DEU305130237;;DEU;;;1.00;1.25;0.00;;4.20;0.00;---;PUT4;PUT4;;;N;;N;;;;;FX;;GNS, FPO;11.00;0.00;Fiber/Plastic;;1991-04-22;MFL;1985-01-01;;2007-06-07
DEU305140237;;DEU;;;1.00;0.00;0.00;;4.53;0.00;SIMONE;PUT5;PUT5;;;N;;N;;;;;GO;;GNS, FPO;4.00;0.00;Wood;;1991-04-22;MFL;1991-01-01;;2018-01-19
DEU305150237;;DEU;;;1.00;0.00;0.00;;4.32;0.00;---;PUT6;PUT6;;;N;;N;;;;;FX;;GNS, FPO;7.00;0.00;Fiber/Plastic;;1991-12-23;MFL;1991-01-01;;2017-12-15
DEU305160235;;DEU;;;1.00;2.33;0.00;;5.73;0.00;ZUKUNFT;ORT2B;ORT2B;;;N;;N;;;;;FX;;GNS, FPO;7.00;0.00;;;1950-12-31;4C1;;;2002-05-28
DEU305170239;;DEU;;;1.00;1.30;0.00;;4.28;0.00;---;KEL1;KEL1;;;N;;N;;;;;FX;;GNS, FPO;7.00;0.00;;;1992-01-01;C19;;;1996-12-19
DEU305180239;;DEU;;;1.00;1.30;0.00;;4.28;0.00;---;KEL102;KEL102;;;N;;N;;;;;FX;;GNS, FPO;3.00;0.00;Fiber/Plastic;;1984-04-12;MFL;1981-01-01;;2003-03-13
DEU305190239;;DEU;;;1.00;0.00;0.00;;4.28;0.00;---;POL8;POL8;;;N;;N;;;;;FX;;GNS, LLS;3.00;0.00;Fiber/Plastic;;1981-07-09;MFL;1981-01-01;;2006-06-01
DEU305200239;;DEU;;;1.00;1.30;0.00;;4.28;0.00;---;DAH8;DAH8;;;N;;N;;;;;FX;;GNS, FPO;3.00;0.00;Fiber/Plastic;;1981-07-09;MFL;1981-01-01;;2007-05-31
DEU305210239;;DEU;;;1.00;1.90;0.00;;5.20;0.00;---;MAA23;MAA23;;;N;;N;;;;;FX;;GNS, NK;3.00;0.00;Wood;;1978-01-03;MFL;1945-01-01;;2004-04-01
DEU305220239;;DEU;;;1.00;1.53;0.00;;4.65;0.00;---;DAH100;DAH100;;;N;;N;;;;;FX;;GNS, FPO;8.00;0.00;Fiber/Plastic;;1984-03-21;MFL;1984-01-01;;2007-04-04
DEU305230239;;DEU;;;1.00;0.00;0.00;;4.55;0.00;PANORAMA;DAH101;DAH101;;;N;;N;;;;;FX;;GNS, FPO;7.00;0.00;Fiber/Plastic;;1981-09-18;MFL;1981-01-01;;2017-09-08
DEU305240239;;DEU;;;1.00;0.00;0.00;;4.70;0.00;---;DAH102;DAH102;;;N;;N;N;N;;;GO;;GNS, FPO;3.00;0.00;Fiber/Plastic;;1980-09-11;MFL;1980-01-01;;2021-04-21
DEU305250239;;DEU;;;1.00;1.43;0.00;;4.50;0.00;---;DAH102A;DAH102A;;;N;;N;;;;;FX;;GNS, FPO;3.00;0.00;Fiber/Plastic;;1982-03-26;MFL;1982-01-01;;2007-09-26
DEU305260239;;DEU;;;1.00;0.00;0.00;;4.57;0.00;---;DAH103;DAH103;;;N;;N;;;;;FX;;GNS, FPO;18.00;0.00;Fiber/Plastic;;1983-12-28;MFL;1983-01-01;;2015-12-03
DEU305270239;;DEU;;;1.00;0.00;0.00;;4.55;0.00;---;DAH104;DAH104;;;N;;N;N;N;;;GO;;GNS, FPO;3.00;0.00;Fiber/Plastic;;1981-09-18;MFL;1981-01-01;;2022-01-04
DEU305280239;;DEU;;;1.00;0.00;0.00;;4.28;0.00;---;DAH105;DAH105;;;N;;N;;;;;FX;;GNS, FPO;5.00;0.00;Fiber/Plastic;;1980-11-03;MFL;1980-01-01;;2010-12-20
DEU305290239;;DEU;;;1.00;1.30;0.00;;4.28;0.00;---;DAH106;DAH106;;;N;;N;;;;;FX;;GNS, FPO;0.00;0.00;;;1981-07-09;4C1;;;1997-10-13
DEU305300239;;DEU;;;1.00;1.40;0.00;;4.50;0.00;---;DAH107;DAH107;;;N;;N;;;;;FX;;GNS, FPO;4.00;0.00;;;1983-03-08;4C1;;;1997-12-23
DEU305310239;;DEU;;;1.00;1.40;0.00;;4.50;0.00;---;DAH108;DAH108;;;N;;N;;;;;FX;;GNS, FPO;5.00;0.00;Fiber/Plastic;;1983-03-09;MFL;1983-01-01;;2010-02-19
DEU305320239;;DEU;;;1.00;0.00;0.00;;4.65;0.00;---;DAH109;DAH109;;;N;;N;;;;;FX;;GNS, FPO;21.00;0.00;Fiber/Plastic;;1984-03-21;MFL;1984-01-01;;2015-11-16
DEU305330239;;DEU;;;1.00;0.00;0.00;;4.57;0.00;OMI;DAH110;DAH110;Dahme;;Y;DH8970;N;N;N;;;GO;;GNS, FPO, LLS, GTR;15.00;0.00;Fiber/Plastic;;1985-02-25;MFL;1985-01-01;;
DEU305340214;;DEU;;;1.00;1.50;0.00;;4.57;0.00;---;GROE100;GROE100;;;N;;N;;;;;FX;;GNS, FPO;22.00;0.00;Fiber/Plastic;;1985-01-29;MFL;1985-01-01;;2010-06-17
DEU305350214;;DEU;;;1.00;1.20;0.00;;4.00;0.00;---;GROE102;GROE102;;;N;;N;;;;;FX;;GNS, FPO;6.00;0.00;;;1981-01-05;4C1;;;2002-03-12
DEU305360214;;DEU;;;1.00;1.30;0.00;;4.15;0.00;---;NEU108A;NEU108A;;;N;;N;;;;;FX;;GNS, FPO;16.00;0.00;;;1982-02-02;4C1;;;1998-06-23
DEU305370214;;DEU;;;2.00;0.00;0.00;;6.50;0.00;Hexe;GROE7;GROE7;Groemitz;;Y;DH6860;N;N;N;;;GO;;GNS, GTR, LLS, FPO;40.00;0.00;Fiber/Plastic;;1976-08-05;MFL;1976-01-01;;
DEU305380214;;DEU;;;1.00;1.60;0.00;;4.80;0.00;MEERFORELLE;GROE3A;GROE3A;;;N;;N;;;;;FX;;GNS, FPO;11.00;0.00;Fiber/Plastic;;1991-03-11;MFL;1990-01-01;;2013-03-14
DEU305390214;;DEU;;;2.00;2.98;0.00;;6.50;0.00;---;GROE4;GROE4;;;N;;N;;;;;FX;;GNS, FPO;18.00;0.00;Fiber/Plastic;;1976-09-01;MFL;1976-01-01;;2014-06-18
DEU305400205;;DEU;;;1.00;1.90;0.00;;5.14;0.00;ANDRE;NEU2;NEU2;;;N;;N;;;;;FX;;GNS, FPO;5.00;0.00;;;1992-01-01;C19;;;1996-02-14
DEU305410214;;DEU;;;3.00;4.72;0.00;;8.18;0.00;NADINE;NEU4;NEU4;;;N;;N;;;;;FX;;GNS, FPO;30.00;0.00;;;1986-02-17;4C1;;;2002-09-24
DEU305420205;;DEU;;;2.00;2.70;0.00;;6.20;0.00;SCHNECKE;GROE2;GROE2;;;N;;N;;;;;FX;;GNS, FPO;8.00;0.00;Fiber/Plastic;;1987-06-15;MFL;1974-01-01;;2013-05-15
DEU305430205;;DEU;;;1.00;1.30;0.00;;4.25;0.00;---;NEU6;NEU6;;;N;;N;;;;;FX;;GNS, FPO;4.00;0.00;Fiber/Plastic;;1985-04-12;MFL;1985-01-01;;2010-10-14
DEU305440205;;DEU;;;1.00;1.70;0.00;;4.90;0.00;RENI;NEU8;NEU8;;;N;;N;;;;;FX;;GNS, FPO;6.00;0.00;;;1989-11-02;4C1;;;2000-06-05
DEU305450205;;DEU;;;1.00;2.10;0.00;;5.45;0.00;ERIKA;NEU10;NEU10;;;N;;N;;;;;FX;;GNS, FPO;7.00;0.00;;;1990-01-29;4C1;;;2000-02-04
DEU305460205;;DEU;;;3.00;0.00;0.00;;7.80;0.00;POMUCHEL III;HEIL11;HEIL11;Heiligenhafen;;Y;DA7380;N;N;N;;;GO;;GNS, FPO;40.00;0.00;Fiber/Plastic;;1992-01-01;MFL;1974-01-01;;2023-08-11
DEU305470205;;DEU;;;2.00;0.00;0.00;;7.07;0.00;ZORA;FRE48N;FRE48N;;;N;;N;N;N;;;GO;;GNS, FPO;15.00;0.00;Fiber/Plastic;;1992-01-01;MFL;1978-01-01;;
DEU305480205;;DEU;;;1.00;1.53;0.00;;4.65;0.00;ROBBY;NEU15;NEU15;;;N;;N;;;;;FX;;GNS, FPO;13.00;0.00;;;1992-01-01;C19;;;1995-09-18
DEU305490205;;DEU;;;1.00;1.70;0.00;;4.90;0.00;BONITO;AHR27N;AHR27N;;;N;;N;;;;;FX;;GNS, FPO;29.00;0.00;Fiber/Plastic;;1990-05-22;MFL;1990-01-01;;
DEU305500205;;DEU;;;1.00;1.63;0.00;;4.80;0.00;---;NEU42;NEU42;;;N;;N;;;;;FX;;GNS, FPO;3.00;0.00;Fiber/Plastic;;1981-10-01;MFL;1979-01-01;;2003-02-24
DEU305510205;;DEU;;;1.00;2.54;0.00;;6.00;0.00;ARIANE;NEU120B;NEU120B;;;N;;N;;;;;FX;;GNS, FPO;7.00;0.00;Wood;;1980-08-05;MFL;1974-01-01;;
DEU305520205;;DEU;;;1.00;1.77;0.00;;5.00;0.00;---;NEU7;NEU7;;;N;;N;;;;;FX;;GNS, FPO;7.00;0.00;Wood;;1980-08-05;MFL;1970-01-01;;2015-06-17
DEU305530205;;DEU;;;1.00;2.05;0.00;;5.38;0.00;---;NEU103;NEU103;;;N;;N;;;;;FX;;GNS, FPO;13.00;0.00;Fiber/Plastic;;1984-02-10;MFL;1983-01-01;;
DEU305540205;;DEU;;;1.00;1.77;0.00;;5.45;0.00;---;NEU105;NEU105;;;N;;N;;;;;FX;;GNS, FPO;7.00;0.00;Wood;;1983-10-25;MFL;1969-01-01;;2015-04-13
DEU305550205;;DEU;;;1.00;1.63;0.00;;4.80;0.00;---;NEU106;NEU106;;;N;;N;;;;;FX;;GNS, FPO;6.00;0.00;Fiber/Plastic;;1980-08-15;MFL;1979-01-01;;2004-04-06
DEU305560205;;DEU;;;1.00;0.00;0.00;;4.50;0.00;---;NEU107;NEU107;;;N;;N;;;;;FX;;GNS, FPO;4.00;0.00;Fiber/Plastic;;1980-08-15;MFL;1976-01-01;;2016-04-01
DEU305570205;;DEU;;;2.00;3.27;0.00;;6.80;0.00;SIRIUS;NEU108;NEU108;;;N;;N;;;;;FX;;GNS, FPO;35.00;0.00;Wood;;1980-08-15;MFL;1948-01-01;;2003-09-09
DEU305580205;;DEU;;;1.00;1.77;0.00;;5.00;0.00;KARIN;NEU109;NEU109;;;N;;N;;;;;FX;;GNS, FPO;4.00;0.00;Wood;;1980-08-18;MFL;1968-01-01;;2003-07-15
DEU305590205;;DEU;;;2.00;2.89;0.00;;6.40;0.00;---;NEU111;NEU111;;;N;;N;;;;;FX;;GNS, FPO;26.00;0.00;;;1969-10-24;4C1;;;2001-11-08
DEU305600205;;DEU;;;1.00;0.00;0.00;;6.28;0.00;BAERBEL;NEU112;NEU112;;;N;;N;;;;;FX;;GNS, FPO;13.00;0.00;Wood;;1986-04-18;MFL;1986-01-01;;2007-01-03
DEU305610205;;DEU;;;1.00;1.53;0.00;;4.65;0.00;---;NEU15;NEU15;;;N;;N;;;;;FX;;GNS, FPO;3.00;0.00;;;1986-06-02;C19;;;1995-08-23
DEU305620205;;DEU;;;1.00;1.77;0.00;;5.00;0.00;CECYLIA;NEU200;NEU200;;;N;;N;;;;;FX;;GNS, FPO;5.00;0.00;;;1983-12-21;4C1;;;1998-06-23
DEU305630205;;DEU;;;1.00;1.87;0.00;;5.15;0.00;---;NEU120;NEU120;;;N;;N;;;;;FX;;GNS, FPO;4.00;0.00;Wood;;1984-05-14;MFL;1975-01-01;;
DEU305640205;;DEU;;;1.00;2.30;0.00;;5.70;0.00;---;NEU120A;NEU120A;;;N;;N;;;;;FX;;GNS, FPO;7.00;0.00;Fiber/Plastic;;1990-04-12;MFL;1983-01-01;;
DEU305650205;;DEU;;;1.00;1.43;0.00;;4.50;0.00;---;NEU131;NEU131;;;N;;N;;;;;FX;;GNS, FPO;3.00;0.00;;;1983-04-15;4C1;;;1998-12-15
DEU305660205;;DEU;;;1.00;1.81;0.00;;5.06;0.00;---;NEU131A;NEU131A;;;N;;N;;;;;FX;;GNS, FPO;3.00;0.00;Fiber/Plastic;;1983-05-20;MFL;1983-01-01;;2004-07-07
DEU305670228;;DEU;;;3.00;0.00;0.00;;8.38;0.00;LORBAS;SIE4;SIE4;;;N;;N;;;;;FX;;GNS, FPO;46.00;0.00;Fiber/Plastic;;1985-12-12;MFL;1985-01-01;;2006-12-12
DEU305680228;;DEU;;;2.00;0.00;0.00;;6.40;0.00;LÜTT ANNA;TRA54;TRA54;Travemünde;;N;;N;N;N;;;GO;;GNS, FPO;5.00;0.00;Fiber/Plastic;;1977-02-21;MFL;1977-01-01;;
DEU305690228;;DEU;;;1.00;1.77;0.00;;5.00;0.00;---;SIE101;SIE101;Sierksdorf;;N;;N;N;N;;;GO;;GNS, FPO;4.00;0.00;Wood;;1980-08-13;MFL;1968-01-01;;
DEU305700228;;DEU;;;1.00;0.00;0.00;;4.60;0.00;LILLY;HAF3;HAF3;Haffkrug;;N;;N;N;N;;;GO;;GNS, FPO;3.00;0.00;Fiber/Plastic;;1981-12-31;MFL;1981-01-01;;
DEU305710228;;DEU;;;1.00;1.13;0.00;;4.20;0.00;---;SIE105;SIE105;Sierksdorf;;N;;N;N;N;;;GO;;GNS, FPO;6.00;0.00;Wood;;1980-09-25;MFL;1970-01-01;;
DEU305720228;;DEU;;;1.00;1.43;0.00;;4.50;0.00;SPETZKE;SIE108;SIE108;;;N;;N;;;;;FX;;GNS, FPO;5.00;0.00;Fiber/Plastic;;1984-05-23;MFL;1984-01-01;;2011-08-25
DEU305730228;;DEU;;;1.00;2.09;0.00;;5.44;0.00;TINA;SIE109;SIE109;;;N;;N;;;;;FX;;GNS, FPO;4.00;0.00;Wood;;1985-05-24;MFL;1965-01-01;;2003-08-18
DEU305740211;;DEU;;;1.00;0.00;0.00;;4.55;0.00;---;HAF2;HAF2;;;N;;N;N;N;;;GO;;GNS, FPO;6.00;0.00;Fiber/Plastic;;1983-03-04;MFL;1981-01-01;;
DEU305750211;;DEU;;;1.00;1.43;0.00;;4.50;0.00;---;HAF104;HAF104;;;N;;N;;;;;FX;;GNS, FPO;0.00;0.00;Fiber/Plastic;;1982-10-11;MFL;1982-01-01;;2008-01-25
DEU305760211;;DEU;;;1.00;1.81;0.00;;5.06;0.00;---;HAF105;HAF105;;;N;;N;;;;;FX;;GNS, FPO;4.00;0.00;Fiber/Plastic;;1985-06-28;MFL;1983-01-01;;
DEU305770204;;DEU;;;1.00;1.13;0.00;;4.00;0.00;LIEBLING;NIE14;NIE14;;;N;;N;;;;;FX;;GNS, FPO;4.00;0.00;;;1989-06-16;4C1;;;1998-02-02
DEU305780204;;DEU;;;1.00;1.43;0.00;;4.50;0.00;---;NIE100;NIE100;;;N;;N;;;;;FX;;GNS, FPO;3.00;0.00;Fiber/Plastic;;1984-01-27;MFL;1983-01-01;;2003-11-26
DEU305790204;;DEU;;;1.00;0.00;0.00;;4.80;0.00;EULE;NIE21A;NIE21A;;;N;;N;N;N;;;GO;;GNS, LLS;6.00;0.00;Fiber/Plastic;;1994-09-09;MFL;1988-01-01;;2018-02-13
DEU305800215;211853920;DEU;;;2.00;0.00;0.00;;6.10;0.00;HELENE;NIE103;NIE103;Niendorf Ostsee;;Y;DJ6751;N;N;N;;;GO;;GNS, FPO;13.00;0.00;Fiber/Plastic;;1981-03-23;MFL;1972-01-01;;
DEU305810204;;DEU;;;1.00;2.54;0.00;;6.00;0.00;COLUMBUS;NIE109;NIE109;;;N;;N;;;;;FX;;GNS, FPO;6.00;0.00;Wood;;1976-02-10;MFL;1976-01-01;;2011-11-15
DEU305820204;;DEU;;;2.00;0.00;0.00;;7.10;0.00;Lütte-Lotte;NIE111;NIE111;Niendorf Ostsee;;N;;N;N;N;;;GO;;GNS, FPO;36.00;0.00;Fiber/Plastic;;1978-03-13;MFL;1978-01-01;;2023-11-27
DEU305830204;;DEU;;;5.00;0.00;0.00;;9.24;8.77;ROBBE I;TRA44;TRA44;;;N;;N;N;N;;;GO;;GNS, FPO;70.00;0.00;Fiber/Plastic;;1991-12-31;MFL;1978-01-01;;
DEU305840204;;DEU;;;2.00;0.00;0.00;;6.70;0.00;Erna;NEU3;NEU3;Niendorf Ostsee;;Y;DH4870;N;N;N;;;GO;;GNS, FPO;24.00;0.00;Fiber/Plastic;;1983-07-01;MFL;1983-01-01;;
DEU305850215;;DEU;;;1.00;1.43;0.00;;4.50;0.00;DORINA;TIM102;TIM102;;;N;;N;;;;;FX;;GNS, FPO;3.00;0.00;Fiber/Plastic;;1972-12-31;MFL;1972-01-01;;2003-03-12
DEU305860204;;DEU;;;2.00;0.00;0.00;;6.50;0.00;---;TIM104;TIM104;;;N;;N;;;;;FX;;GNS, FPO;17.00;0.00;Wood;;1947-12-31;MFL;1947-01-01;;2006-09-29
DEU305870215;;DEU;;;4.00;0.00;0.00;;8.40;0.00;---;KUEH12N;KUEH12N;Kühlungsborn;;N;;N;N;N;;;GO;;GNS, LLS;44.00;0.00;Fiber/Plastic;;1986-05-30;MFL;1976-01-01;;2023-06-30
DEU305880203;;DEU;;;5.00;5.46;0.00;;8.79;0.00;SIGNE;TRA1;TRA1;;;N;;N;;;;;FX;;GNS, FPO;22.00;0.00;;;1989-05-12;4C1;;;2002-09-09
DEU305890203;;DEU;;;1.00;2.54;0.00;;6.00;0.00;ELFI;GOT11C;GOT11C;;;N;;N;;;;;FX;;GNS, FPO;7.00;0.00;Fiber/Plastic;;1983-06-02;MFL;1975-01-01;;2015-05-12
DEU305900203;;DEU;;;1.00;2.49;0.00;;5.94;0.00;SANTOS;TRA6;TRA6;;;N;;N;;;;;FX;;GNS, FPO;7.00;0.00;;;1990-03-16;C19;;;1996-01-10
DEU305910203;;DEU;;;2.00;3.17;0.00;;6.70;0.00;GUIDO;TRA16;TRA16;;;N;;N;;;;;FX;;GNS, FPO;27.00;0.00;Wood;;1991-12-31;MFL;1966-01-01;;2004-01-06
DEU305920203;;DEU;;;2.00;0.00;0.00;;6.60;0.00;ANTJE;TRA17;TRA17;Travemünde;;N;;N;N;N;;;GO;;GNS, FPO;32.00;0.00;Fiber/Plastic;;1992-01-01;MFL;1991-01-01;;
DEU305930203;;DEU;;;1.00;2.72;0.00;;6.20;0.00;TOBS;TRA100;TRA100;;;N;;N;;;;;FX;;GNS, FPO;25.00;0.00;Wood;;1987-06-19;MFL;1982-01-01;;2008-09-01
DEU305940203;;DEU;;;1.00;1.91;0.00;;5.20;0.00;FRIESLAND;TRA102;TRA102;;;N;;N;;;;;FX;;GNS, FPO;3.00;0.00;Wood;;1980-08-05;MFL;1968-01-01;;2007-07-26
DEU305950203;;DEU;;;1.00;2.63;0.00;;6.10;0.00;NINA;TRA103;TRA103;;;N;;N;;;;;FX;;GNS, FPO;11.00;0.00;Fiber/Plastic;;1980-08-05;MFL;1978-01-01;;2008-12-09
DEU305960203;;DEU;;;1.00;2.78;0.00;;6.28;0.00;HEIN;TRA106;TRA106;;;N;;N;;;;;FX;;GNS, FPO;24.00;0.00;Wood;;1983-11-11;MFL;1983-01-01;;
DEU305970203;;DEU;;;2.00;0.00;0.00;;6.50;0.00;JANMAAT;TRA109;TRA109;;;N;;N;N;N;;;GO;;GNS, FPO;18.00;0.00;Wood;;1982-02-19;MFL;1970-01-01;;2019-01-28
DEU305980203;;DEU;;;2.00;0.00;0.00;;6.77;0.00;---;STA50;STA50;Stahlbrode;;N;;N;N;N;;;GO;;GNS, LLS;41.00;0.00;Fiber/Plastic;;1983-09-30;MFL;1974-01-01;;
DEU305990212;;DEU;;;3.00;0.00;0.00;;8.00;0.00;TINA;TRA114;TRA114;;;N;;N;;;;;FX;;GNS, FPO;31.00;0.00;Metal;;1983-04-15;MFL;1951-01-01;;2006-08-03
DEU306000203;;DEU;;;1.00;2.38;0.00;;5.80;0.00;---;TRA117;TRA117;;;N;;N;;;;;FX;;GNS, FPO;7.00;0.00;;;1972-06-10;C19;;;1996-06-20
DEU306010203;;DEU;;;1.00;1.13;0.00;;4.00;0.00;GITTA;TRA123;TRA123;;;N;;N;;;;;FX;;GNS, FPO;3.00;0.00;;;1969-01-15;C19;;;1996-07-05
DEU306020203;;DEU;;;2.00;2.88;0.00;;6.39;0.00;CHARLY;TRA8;TRA8;;;N;;N;;;;;FX;;GNS, FPO;12.00;0.00;Fiber/Plastic;;1986-10-01;MFL;1968-01-01;;
DEU306030203;;DEU;;;2.00;3.22;0.00;;6.75;0.00;---;TRA12;TRA12;;;N;;N;;;;;FX;;GNS, FPO;12.00;0.00;Fiber/Plastic;;1977-01-10;MFL;1976-01-01;;2011-06-27
DEU306040202;;DEU;;;2.00;0.00;0.00;;7.25;0.00;ANJA;GOT10D;GOT10D;Lübeck-Gothmund;;N;;N;N;N;;;GO;;GNS, FPO;18.00;0.00;Fiber/Plastic;;1984-07-06;MFL;1984-01-01;;
DEU306050202;;DEU;;;2.00;4.29;0.00;;7.80;0.00;---;SCHLU1B;SCHLU1B;;;N;;N;;;;;FX;;GNS, FPO;7.00;0.00;Wood;;1949-12-31;MFL;1949-01-01;;2005-04-19
DEU306060202;;DEU;;;2.00;3.71;0.00;;7.25;0.00;ANTARES;TRA9B;TRA9B;;;N;;N;;;;;FX;;GNS, FPO;59.00;0.00;Fiber/Plastic;;1986-06-01;MFL;1986-01-01;;
DEU306070203;;DEU;;;6.00;0.00;0.00;;9.19;0.00;SANTOS;TRA6;TRA6;;;Y;DJ4073;N;N;N;;;GO;;GNS, FPO;55.00;0.00;Fiber/Plastic;;1995-12-27;MFL;1995-01-01;;
DEU306070205;;DEU;;;1.00;1.53;0.00;;5.20;0.00;ROBBY;NEU15;NEU15;;;N;;N;;;;;FX;;GNS, FPO;13.00;0.00;Fiber/Plastic;;1995-08-21;MFL;1991-01-01;;2010-12-31
DEU306070235;;DEU;;;1.00;1.50;0.00;;4.60;0.00;---;ORT17A;ORT17A;;;N;;N;;;;;FX;;GNS, FPO;6.00;0.00;;;1995-04-07;4C1;;;2001-11-27
DEU306070237;;DEU;;;1.00;1.43;0.00;;4.50;0.00;HASE;PUT3;PUT3;;;N;;N;;;;;FX;;GNS, FPO;5.00;0.00;Fiber/Plastic;;1994-11-18;MFL;1994-01-01;;2011-01-13
DEU306090203;;DEU;;;1.00;1.00;0.00;;5.98;0.00;ISABELL;TRA117;TRA117;;;N;;N;;;;;FX;;GNS, FPO;7.00;0.00;Other;;1996-05-24;MFL;1994-01-01;;2009-08-05
DEU306100203;;DEU;;;1.00;0.00;0.00;;6.00;0.00;---;LUB9;LUB9;;;N;;N;N;N;;;GO;;GNS, FPO;15.00;0.00;Fiber/Plastic;;1996-05-31;MFL;1990-01-01;;
DEU306110203;;DEU;;;1.00;1.00;0.00;;5.15;0.00;---;PRE103;PRE103;;;N;;N;;;;;FX;;GNS, FPO;5.00;0.00;Fiber/Plastic;;1992-01-01;MFL;1992-01-01;;2012-11-29
DEU306120203;;DEU;;;1.00;1.00;0.00;;4.84;0.00;---;MEE101;MEE101;;;N;;N;;;;;FX;;GNS, FPO;5.00;0.00;Fiber/Plastic;;1992-11-01;MFL;1978-01-01;;2007-05-03
DEU306130233;;DEU;;;1.00;1.00;0.00;;4.85;0.00;SEESCHWALBE;STEI2;STEI2;;;N;;N;;;;;FX;;GNS, FPO;11.00;0.00;Wood;;1980-07-31;MFL;1965-01-01;;2012-07-13
DEU306140213;;DEU;;;2.00;2.40;0.00;;7.83;0.00;ERIKA;GROE8;GROE8;;;N;;N;;;;;FX;;GNS, FPO;31.00;0.00;Fiber/Plastic;;1980-04-01;MFL;1980-01-01;;2003-09-25
DEU306150205;;DEU;;;1.00;0.00;0.00;;4.80;0.00;OLLI;HER2;HER2;Heringsdorf;;N;;N;N;N;;;GO;;GNS, LLS;5.00;0.00;Fiber/Plastic;;1997-06-03;MFL;1993-01-01;;
DEU306160233;;DEU;;;1.00;1.00;0.00;;4.82;0.00;HEIDI;HOH106;HOH106;;;N;;N;;;;;FX;;GNS, FPO;3.00;0.00;Fiber/Plastic;;1997-06-23;MFL;1995-01-01;;2010-10-31
DEU306170234;;DEU;;;2.00;0.00;0.00;;7.01;0.00;CLAUDIA;LIP7B;LIP7B;;;N;;N;;;;;FX;;GNS, FPO;17.00;0.00;Fiber/Plastic;;1999-03-26;MFL;1999-01-01;;2004-06-25
DEU306180207;;DEU;;;1.00;1.00;0.00;;4.60;0.00;JESSICA;HEIL201;HEIL201;;;N;;N;;;;;FX;;GNS, FPO;4.00;0.00;;;1997-07-08;4CZ;;;2001-11-05
DEU306200236;;DEU;;;1.00;0.00;0.00;;5.88;0.00;ANNIKA;BUR3;BUR3;Burgstaaken;;Y;DD8867;N;N;N;;;GO;;GNS, FPO;18.00;0.00;Fiber/Plastic;;1998-10-05;MFL;1998-01-01;;
DEU306210205;;DEU;;;1.00;0.00;0.00;;5.08;0.00;---;BUR31;BUR31;;;N;;N;;;;;FX;;GNS, FPO;11.00;0.00;Fiber/Plastic;;1998-10-13;MFL;1982-01-01;;
DEU306220238;;DEU;;;2.00;0.00;0.00;;5.94;0.00;---;STRU115;STRU115;;;N;;N;;;;;FX;;GNS, FPO;10.00;0.00;Fiber/Plastic;;1998-12-21;MFL;1994-01-01;;2014-06-27
DEU306230206;;DEU;;;1.00;0.00;0.00;;5.80;0.00;MISCHI III;BUR16;BUR16;Burgstaaken;;N;;N;N;N;;;GO;;GNS, FPO;6.00;0.00;Wood;;1998-12-28;MFL;1974-01-01;;2022-04-07
DEU306240216;;DEU;;;2.00;0.00;0.00;;8.75;0.00;WEGA;GRO202;GRO202;;;N;;N;;;;;FX;;GNS, LLS;19.00;0.00;Fiber/Plastic;;1999-04-26;MFL;1999-01-01;;2006-06-20
DEU306250207;;DEU;;;2.00;0.00;0.00;;7.80;0.00;BLANKAAL;SAS69N;SAS69N;;;N;;N;;;;;FX;;GNS, LLS;24.00;0.00;Wood;;1999-04-01;MFL;1958-01-01;;
DEU306260205;;DEU;;;1.00;0.00;0.00;;4.65;0.00;---;RED11N;RED11N;;;N;;N;;;;;FX;;GNS, FPO;7.00;0.00;Fiber/Plastic;;2000-01-11;MFL;1985-01-01;;
DEU306270205;;DEU;;;1.00;0.00;0.00;;4.90;0.00;RENI;NEU8;NEU8;;;N;;N;;;;;FX;;GNS, FPO;6.00;0.00;Fiber/Plastic;;2000-06-05;MFL;1985-01-01;;2014-01-20
DEU306280218;;DEU;;;1.00;0.00;0.00;;5.75;0.00;---;GOT206;GOT206;;;N;;N;;;;;FX;;GNS, FPO;3.00;0.00;Fiber/Plastic;;2000-10-20;MFL;1984-01-01;;
DEU306290228;;DEU;;;1.00;0.00;0.00;;4.37;0.00;---;SIE1A;SIE1A;;;N;;N;;;;;FX;;GNS, FPO;3.00;0.00;Fiber/Plastic;;2000-10-25;MFL;1988-01-01;;2011-06-22
DEU306300235;;DEU;;;1.00;0.00;0.00;;4.66;0.00;HOFFNUNG;ORT2;ORT2;Orth/Fehmarn;;Y;DF6166;N;N;N;;;GO;;FPO, GNS, GTR, LLS;19.00;0.00;Fiber/Plastic;;2001-11-27;MFL;2001-01-01;;
DEU306310205;;DEU;;;1.00;0.00;0.00;;4.83;0.00;Anni;NEU6;NEU6;"Neustadt"", Holstein";;Y;DD5771;N;N;N;;;GO;;GNS, FPO;4.00;0.00;Fiber/Plastic;;2001-11-08;MFL;2001-01-01;;
DEU306320259;;DEU;;;1.00;0.00;0.00;;4.90;0.00;MOEWE;LEM2;LEM2;;;N;;N;;;;;GO;;GNS, FPO;7.00;0.00;Fiber/Plastic;;2001-12-10;MFL;2001-01-01;;2018-01-19
DEU306330205;;DEU;;;1.00;0.00;0.00;;6.00;0.00;NADINE;NEU4;NEU4;;;N;;N;;;;;FX;;GNS, FPO;10.00;0.00;Fiber/Plastic;;2002-09-12;MFL;1974-01-01;;
DEU306340228;;DEU;;;1.00;0.00;0.00;;4.65;0.00;TINA;SIE109;SIE109;;;N;;N;N;N;;;GO;;GNS, LLS;3.00;0.00;Fiber/Plastic;;2003-08-11;MFL;2002-01-01;;2018-07-23
DEU306350216;;DEU;;;1.00;0.00;0.00;;5.00;0.00;---;GRO104;GRO104;Grossenbrode;;Y;DF8992;N;N;N;;;GO;;FPO, GNS;15.00;0.00;Fiber/Plastic;;2003-10-20;MFL;1993-01-01;;
DEU306360207;;DEU;;;1.00;0.00;0.00;;4.70;0.00;SARAH;HEIL103;HEIL103;;;N;;N;;;;;FX;;GNS, LLS;4.00;0.00;Fiber/Plastic;;2003-11-04;MFL;1992-01-01;;2004-10-01
DEU306370204;;DEU;;;2.00;0.00;0.00;;7.20;0.00;KLEEN ANNA;TIM6;TIM6;Niendorf Ostsee;;N;;N;N;N;;;GO;;GNS, FPO;18.00;0.00;Fiber/Plastic;;2003-11-14;MFL;2003-01-01;;
DEU306380206;;DEU;;;1.00;0.00;0.00;;4.70;0.00;---;BUR3A;BUR3A;;;N;;N;N;N;;;GO;;GNS, LLS;5.00;0.00;Wood;;2003-11-27;MFL;1990-01-01;;2018-01-25
DEU306390211;;DEU;;;1.00;0.00;0.00;;4.28;0.00;---;HAF4;HAF4;;;N;;N;;;;;FX;;GNS, LLS;6.00;0.00;Fiber/Plastic;;2004-04-02;MFL;2001-01-01;;2011-10-28
DEU306400218;;DEU;;;1.00;0.00;0.00;;4.40;0.00;---;GOT2A;GOT2A;;;N;;N;;;;;FX;;GNS, FPO;3.00;0.00;Fiber/Plastic;;2004-07-01;MFL;2004-01-01;;2015-10-05
DEU306410207;;DEU;;;1.00;0.00;0.00;;5.50;0.00;CLAUDIA;LEM5;LEM5;;;N;;N;;;;;FX;;GNS, FPO;7.00;0.00;Fiber/Plastic;;2005-03-21;MFL;2005-01-01;;2014-02-24
DEU306420207;;DEU;;;1.00;0.00;0.00;;5.62;0.00;PIGVAR;HEIL14;HEIL14;;;N;;N;;;;;FX;;GNS, LLS;13.00;0.00;Fiber/Plastic;;2005-09-27;MFL;2001-01-01;;2017-07-17
DEU306430202;;DEU;;;1.00;0.00;0.00;;6.00;0.00;---;SCHLU10;SCHLU10;Lübeck-Schlutup;;N;;N;N;N;;;GO;;GNS, FPO;12.00;0.00;Fiber/Plastic;;2007-03-01;MFL;1975-01-01;;2021-12-30
DEU306440239;;DEU;;;1.00;0.00;0.00;;4.34;0.00;Constantia I;KEL1;KEL1;Kellenhusen;;Y;DK8353;N;N;N;;;GO;;GNS, FPO;7.00;0.00;Fiber/Plastic;;2007-03-26;MFL;2007-01-01;;2025-03-04
DEU306450216;;DEU;;;1.00;0.00;0.00;;5.06;0.00;BIRGIT;GRO3;GRO3;Grossenbrode;;Y;DC6924;N;N;N;;;GO;;GNS, FPO, LLS, GTR;11.00;0.00;Fiber/Plastic;;2008-03-18;MFL;1970-01-01;;
DEU306460206;;DEU;;;1.00;0.00;0.00;;5.30;0.00;---;BUR30;BUR30;;;N;;N;;;;;FX;;GNS, FPO;5.00;0.00;Fiber/Plastic;;2009-09-11;MFL;1995-01-01;;2011-10-07
DEU306470216;;DEU;;;2.00;0.00;0.00;;6.96;0.00;RUBY;HEIL95;HEIL95;;;Y;DJ2902;N;N;N;;;GO;;GNS, LLS;22.00;0.00;Fiber/Plastic;;2015-04-23;MFL;2005-01-01;;
DEU306480207;;DEU;;;1.00;0.00;0.00;;5.10;0.00;FALKE;HEIL1;HEIL1;;;Y;DJ3752;N;N;N;;;GO;;GNS, LLS;18.00;0.00;Fiber/Plastic;;2016-07-29;MFL;1995-01-01;;
DEU306490207;;DEU;;;1.00;0.00;0.00;;4.26;0.00;MONIKA;HEIL15A;HEIL15A;Heiligenhafen;;N;;N;N;N;;;GO;;FPO, GNS;11.00;0.00;Fiber/Plastic;;2017-09-25;MFL;1984-01-01;;2024-09-09
DEU306500206;;DEU;;;1.00;0.00;0.00;;4.80;0.00;LORBASS;BUR1;BUR1;Burgstaaken;;Y;DFG7980;N;Y;N;;;GO;;LLS, GNS, FPO, GTR;4.00;0.00;Fiber/Plastic;;2019-08-07;MFL;1987-01-01;;
DEU306510254;;DEU;;;1.00;0.00;0.00;;5.00;0.00;CONSTANTIA;DAH100;DAH100;Dahme;;Y;DB8875;N;N;N;;;GO;;GNS, FPO, LLS, GTR;44.00;0.00;Fiber/Plastic;;2020-11-01;MFL;2020-09-01;;
DEU306530207;;DEU;;;1.00;0.00;0.00;;5.10;0.00;MONIKA;HEIL15A;HEIL15A;Heiligenhafen;;Y;DA6914;N;N;N;;;GO;;FPO, GNS, GTR, LLS;11.00;0.00;Fiber/Plastic;;2024-07-16;MFL;1986-01-01;;
DEU400010109;;DEU;;;0.00;2.14;0.00;;5.50;0.00;KEHRWIEDER;SEE4;SEE4;;;N;;N;;;;;FX;;OTB, NO;7.00;0.00;;;1967-04-10;C19;;;1992-11-30
DEU400020109;;DEU;;;0.00;1.63;0.00;;4.80;0.00;LIESEL;SEE8;SEE8;;;N;;N;;;;;FX;;GNS, NO;4.00;0.00;;;1920-12-31;C19;;;1992-11-30
DEU400030109;211519000;DEU;;;42.00;0.00;0.00;;17.24;15.51;GOODENWIND II;MAA19;MAA19;;;Y;DIOV;Y;Y;Y;;;TTW;;OTB, PTB;165.00;0.00;Metal;;1981-05-26;MFL;1971-01-01;;
DEU400040109;;DEU;;;107.00;98.60;0.00;;23.94;22.80;ROLAND I;SE10;SE10;;;Y;DFPP;N;;;;;FX;;TBB, PTB;221.00;0.00;;;1982-06-01;C12;;;1995-09-21
DEU400050119;;DEU;;;0.00;3.46;0.00;;7.00;0.00;HELGA;KOL5;KOL5;;;N;;N;;;;;FX;;GNS, NK;7.00;0.00;;;1971-02-18;C19;;;1992-11-30
DEU400060119;;DEU;;;0.00;8.55;0.00;;11.00;0.00;LISA;KOL6;KOL6;;;N;;N;;;;;FX;;GNS, NK;26.00;0.00;;;1970-11-08;C19;;;1992-11-30
DEU400070103;;DEU;;;0.00;74.01;0.00;;21.76;20.66;KEHRWIEDER;SG18;SG18;;;Y;DITB;N;;;;;FX;;OTB, NO;221.00;0.00;Metal;;1973-06-08;4C3;1973-01-01;2002-11-22;
DEU400080103;;DEU;;;0.00;74.28;0.00;;20.16;17.50;HEIKE;SG19;SG19;;;Y;DIRU;N;;;;;FX;;OTB, OTM;221.00;0.00;Metal;;1969-01-16;4C3;1968-01-01;2002-11-22;
DEU400090118;;DEU;;;19.00;0.00;0.00;;11.99;10.72;KULLE CHRISTOPH;SK30;SK30;;;Y;DIWR;N;Y;Y;;;GO;;GNS, OTB;186.00;0.00;Wood;;1984-08-01;MFL;1984-01-01;;2017-10-13
DEU400100107;;DEU;;;25.00;22.52;0.00;;14.72;13.67;ANNE K.;CUX12;CUX12;;;Y;DIRJ;Y;;;;;FX;;TBB, OTB;184.00;0.00;Wood;;1968-05-20;MFL;1968-01-01;;2014-07-28
DEU400110107;;DEU;;;16.00;15.07;0.00;;13.05;0.00;HOLSATIA;FRI3;FRI3;Friedrichskoog;;Y;DIST;N;;;;;TUB;;TBB, OTB;151.00;0.00;Wood;;1963-04-01;4C5;1962-01-01;;1999-11-16
DEU400120107;;DEU;;;26.00;19.05;0.00;;14.32;0.00;CHRISTINA;WIT1;WIT1;;;Y;DIQQ;N;;;;;FX;;TBB, NO;124.00;0.00;;;1967-04-01;4C5;;;1999-11-16
DEU400130107;;DEU;;;21.00;20.51;0.00;;14.21;13.10;POLARSTERN;SPI4;SPI4;Neukirchen;;Y;DIRH;N;N;N;;;TU;;TBB, OTB;151.00;0.00;Wood;;1968-05-01;MFL;1967-01-01;;
DEU400140107;211520700;DEU;;;16.00;0.00;0.00;;13.25;12.42;NANTJE;HUS1;HUS1;Husum;;Y;DIQL;N;N;N;;;TU;;TBB, GNS, OTB, FPO, LLS;190.00;0.00;Wood;;1965-07-01;MFL;1965-01-01;;
DEU400150107;211556620;DEU;;;21.00;0.00;0.00;;14.29;13.04;FALKE;SC22;SC22;Büsum;;Y;DIQT;N;N;Y;;;TU;;TBB, OTB;130.00;0.00;Wood;;1964-08-03;MFL;1964-01-01;;
DEU400160107;;DEU;;;19.00;18.30;0.00;;14.18;13.27;GODEWIND;ST9;ST9;Tönning;;Y;DIRK;Y;;;;;TUB;;TBB, NO;151.00;0.00;Wood;;1969-01-01;MFL;1968-01-01;;2012-11-01
DEU400170107;;DEU;;;10.00;10.83;0.00;;12.35;11.61;Eider;ST7;ST7;Tönning;;Y;DIRQ;Y;Y;N;;;TUB;;TBB, OTB;123.00;0.00;Wood;;1965-04-20;MFL;1965-01-01;;
DEU400180107;;DEU;;;16.00;0.00;0.00;;13.17;12.25;HEIMATLAND;DOR6;DOR6;Dorum;;Y;DIUP;N;N;N;;;TU;;TBB, OTB;129.00;0.00;Wood;;1965-01-27;MFL;1964-01-01;;2025-02-20
DEU400190107;;DEU;;;21.00;22.02;0.00;;15.50;14.21;LUISE;FRI75;FRI75;Friedrichskoog;;Y;DIYK;N;;;;;TUB;;TBB, NO;184.00;0.00;Wood;;1971-07-01;MFL;1941-01-01;;2003-01-02
DEU400200107;;DEU;;;20.00;16.67;0.00;;14.98;13.97;CARINA;CUX15;CUX15;Cuxhaven;;Y;DITD;N;;;;;TUB;;TBB, OTB;151.00;0.00;Wood;;1964-06-12;MFL;1964-01-01;2005-12-07;
DEU400210107;;DEU;;;15.00;15.66;0.00;;13.15;12.20;SIRIUS;NEU236;NEU236;Neuharlingersiel;;Y;DB5381;N;;;;;TUB;;TBB, OTB;151.00;0.00;Wood;;1957-01-01;MFL;1957-01-01;;2004-11-04
DEU400220107;;DEU;;;26.00;23.97;0.00;;14.58;13.56;HORNSRIFF;GRE34;GRE34;;;Y;DIZQ;Y;;;;;FX;;TBB, OTB;221.00;0.00;Wood;;1960-11-01;MFL;1960-01-01;;2013-07-18
DEU400230107;;DEU;;;0.00;19.51;0.00;;15.33;0.00;BLINKFUER;SD2;SD2;Friedrichskoog;;Y;DJFY;N;;;;;TUB;;TBB, NO;124.00;0.00;Wood;;1965-08-05;C11;1965-01-01;;1995-09-21
DEU400240107;211647800;DEU;;;48.00;0.00;0.00;;17.26;15.52;GERMANIA;GRE3;GRE3;Greetsiel;;Y;DITK;Y;Y;Y;;;TU;;TBB, OTB;221.00;0.00;Metal;;1974-07-01;MFL;1974-01-01;;
DEU400250107;;DEU;;;25.00;0.00;4.00;;15.34;13.80;BELUGA;NEU234;NEU234;Neuharlingersiel;;Y;DFCQ;Y;;;;;TUB;;TBB, OTB;164.00;0.00;Wood;;1977-10-09;MFL;1971-01-01;;2008-10-01
DEU400260107;;DEU;;;26.00;0.00;0.00;;15.66;14.48;HOFFNUNG;SC23;SC23;;;Y;DISX;Y;Y;Y;;;TU;;TBB, NK;151.00;0.00;Wood;;1972-04-01;MFL;1971-01-01;;2019-02-15
DEU400270107;;DEU;;;59.00;34.87;0.00;;19.95;17.82;CAP ARKONA;SD6;SD6;Friedrichskoog;;Y;DIRF;Y;;;;;TUB;;TBB, OTB;221.00;0.00;Metal;;1968-02-01;MFL;1968-01-01;;2007-03-20
DEU400280107;211510290;DEU;;;59.00;0.00;0.00;;18.71;16.82;DELPHIN;SD7;SD7;Friedrichskoog;;Y;DIUY;Y;Y;Y;;;TU;;TBB, OTB;216.00;0.00;Metal;;1979-08-26;MFL;1979-01-01;;
DEU400290107;;DEU;;;29.00;27.00;0.00;;14.35;12.89;MIA HANSEN;SC16;SC16;;;Y;DIWK;Y;;;;;FX;;TBB, OTB;183.00;0.00;Fiber/Plastic;;1983-11-01;MFL;1983-01-01;;2014-03-24
DEU400300107;;DEU;;;37.00;30.82;0.00;;16.65;15.27;DIEKSAND;SD9;SD9;Friedrichskoog;;Y;DIRB;Y;;;;;TUB;;TBB, OTB;184.00;0.00;Wood;;1968-02-25;MFL;1968-01-01;;2010-04-06
DEU400310107;;DEU;;;0.00;31.31;0.00;;16.55;0.00;BUSSARD;SD10;SD10;;;Y;DFNM;N;;;;;FX;;TBB, NO;110.00;0.00;;;1968-08-14;4;;;
DEU400320107;;DEU;;;38.00;35.14;0.00;;17.23;0.00;HINDENBURG;SD11;SD11;Friedrichskoog;;Y;DISC;Y;;;;;TUB;;TBB, OTB;184.00;0.00;Wood;;1970-03-07;MFL;1970-01-01;;2005-12-21
DEU400330107;218556000;DEU;;;26.00;0.00;0.00;;15.71;14.56;WIKING;SC20;SC20;;;Y;DISE;Y;Y;Y;;;TU;;TBB, OTB;172.00;0.00;Wood;;1970-05-01;MFL;1970-01-01;;
DEU400340107;211158000;DEU;;;35.00;0.00;0.00;;16.17;15.17;ANTARES;SD13;SD13;Friedrichskoog;;Y;DITA;Y;Y;Y;;;TU;;TBB, OTB;221.00;0.00;Metal;;1973-04-21;MFL;1973-01-01;;
DEU400350107;;DEU;;;30.00;29.09;0.00;;15.90;15.04;CONDOR;SC13;SC13;;;Y;DISD;Y;;;;;FX;;TBB, OTB;184.00;0.00;Wood;;1970-05-01;MFL;1970-01-01;;2014-07-23
DEU400360107;;DEU;;;43.00;34.48;0.00;;16.65;14.93;HANSEAT;SD15;SD15;;;Y;DIVW;Y;;;;;FX;;TBB, OTB;221.00;0.00;Metal;;1982-08-01;MFL;1982-01-01;;
DEU400370107;;DEU;;;28.00;0.00;0.00;;16.04;0.00;POLLI;WRE2;WRE2;;;Y;DIUZ;Y;;;;;FX;;TBB, OTB;221.00;0.00;Metal;;1979-08-01;MFL;1979-01-01;;
DEU400380107;;DEU;;;33.00;28.93;0.00;;16.21;0.00;ATLANTIK;ST18;ST18;;;Y;DISR;Y;;;;;FX;;TBB, OTB;221.00;0.00;Metal;;1971-03-01;MFL;1971-01-01;;
DEU400390107;211679730;DEU;;;35.00;0.00;0.00;;17.62;16.02;FREYJA;SW8;SW8;Wyk Auf Föhr;;Y;DISO;Y;Y;Y;;;TU;;TBB, OTB;221.00;0.00;Wood;;1971-05-01;MFL;1971-01-01;2022-02-18;
DEU400400107;;DEU;;;31.00;0.00;0.00;;15.65;14.48;SEEROSE;CUX13;CUX13;Cuxhaven;;Y;DISP;Y;;;;;TUB;;TBB, OTB;183.00;0.00;Wood;;1971-06-01;MFL;1971-01-01;;2011-02-28
DEU400410107;211426000;DEU;;;32.00;0.00;0.00;;16.42;14.48;KORMORAN;SD22;SD22;Friedrichskoog;;Y;DITZ;Y;Y;Y;;;TU;;TBB, NO;221.00;0.00;Metal;;1976-10-19;MFL;1976-01-01;;
DEU400420107;;DEU;;;37.00;36.00;0.00;;16.02;0.00;ODIN I;ST23;ST23;;;Y;DIRI;Y;;;;;FX;;TBB, OTB;221.00;0.00;Metal;;1986-07-23;MFL;1986-01-01;;
DEU400430107;211370000;DEU;;;28.00;0.00;0.00;;15.09;13.80;VENUS;SD24;SD24;Friedrichskoog;;Y;DITW;Y;Y;Y;;;TU;;TBB, OTB;221.00;0.00;Wood;;1976-06-01;MFL;1976-01-01;;
DEU400440107;;DEU;;;21.00;20.80;0.00;;15.47;13.80;NORDFRIESLAND;ST9;ST9;Tönning;;Y;DJHW;N;;;;;TUB;;TBB, GNS;153.00;0.00;Wood;;1968-08-03;MFL;1968-01-01;;2005-05-10
DEU400450107;211396000;DEU;;;43.00;0.00;0.00;;16.72;14.93;PALOMA G;SD26;SD26;Friedrichskoog;;Y;DIWG;Y;Y;Y;;;TU;;TBB, OTB;220.00;0.00;Metal;;1983-05-20;MFL;1983-01-01;;
DEU400460107;;DEU;;;35.00;34.10;0.00;;16.73;14.62;GERDA KATHARINA;ACC14;ACC14;;;Y;DIUO;Y;;;;;FX;;TBB, OTB;221.00;0.00;Metal;;1979-05-01;MFL;1978-01-01;;
DEU400470107;;DEU;;;25.00;24.30;0.00;;14.99;14.04;CORMORAN;GRE36;GRE36;Greetsiel;;Y;DFOC;N;;;;;TUB;;TBB, OTB;140.00;0.00;Wood;;1982-04-01;MFL;1963-01-01;2007-10-18;
DEU400480107;;DEU;;;29.00;27.18;0.00;;16.15;15.05;UTHOLM;SD31;SD31;;;Y;DJEE;Y;;;;;FX;;TBB, OTB;182.00;0.00;Wood;;1963-05-01;MFL;1963-01-01;;2014-10-08
DEU400490107;211182000;DEU;;;43.00;0.00;0.00;;18.01;16.24;TUEMMLER;PEL32;PEL32;Pellworm;;Y;DIXU;Y;Y;Y;;;TU;;TBB, OTB;221.00;0.00;Metal;;1985-07-24;MFL;1985-01-01;;
DEU400500107;211351000;DEU;;;41.00;0.00;0.00;;17.24;15.45;MARLIES;DOR8;DOR8;Dorum;;Y;DCQD;Y;Y;Y;;;TU;;TBB, OTB;221.00;0.00;Metal;;1984-05-14;MFL;1973-01-01;;2023-04-01
DEU400510107;211419000;DEU;;;28.00;0.00;0.00;;15.65;13.86;KEEN TIED;SD34;SD34;;;Y;DDEW;Y;Y;Y;;;TU;;TBB, OTB;184.00;0.00;Wood;;1982-06-01;MFL;1973-01-01;;
DEU400520107;211563000;DEU;;;53.00;40.00;2.00;;18.84;16.89;MARSCHENLAND;SD35;SD35;Friedrichskoog;;Y;DIQK;Y;Y;Y;;;TU;;TBB, OTB;220.00;0.00;Metal;;1987-06-21;MFL;1987-01-01;;
DEU400530101;;DEU;;;0.00;4.49;0.00;;9.75;0.00;BLUME;BUES2;BUES2;;;N;;N;;;;;FX;;TBB, NO;66.00;0.00;;;1938-12-31;4;;;1991-11-30
DEU400540101;;DEU;;;13.00;14.65;0.00;;13.20;0.00;ADLER;BUES4;BUES4;Büsum;;Y;DJIC;N;;;;;TUB;;TBB, NO;100.00;0.00;Wood;;1965-01-03;MFL;1946-01-01;;2005-02-08
DEU400550101;;DEU;;;0.00;13.21;0.00;;12.81;0.00;DAGGI;BUES6;BUES6;;;Y;DJID;N;;;;;FX;;TBB, NO;125.00;0.00;;;1957-02-01;4;;1991-07-20;
DEU400560101;;DEU;;;0.00;206.64;0.00;;38.00;36.10;NEPTUN;BUES10;BUES10;;;Y;DJHM;N;;;;;FX;;DRB, NO;265.00;0.00;;;1974-07-31;Z25;;;1993-08-10
DEU400570101;;DEU;;;0.00;19.31;0.00;;14.20;0.00;GODENWIND;SC1;SC1;Büsum;;Y;DJHV;N;;;;;TUB;;TBB, NO;184.00;0.00;Wood;;1968-08-24;C11;1968-01-01;;1995-09-21
DEU400580101;211552000;DEU;;;65.00;0.00;0.00;;19.71;17.75;Stolper Bank;SC2;SC2;Büsum;;Y;DIVQ;Y;Y;Y;;;TU;;TBB, OTB;221.00;0.00;Metal;;1982-03-01;MFL;1982-01-01;;
DEU400590101;;DEU;;;172.00;108.58;0.00;;29.56;26.58;FRANK C;SC3;SC3;;;Y;DIUS;N;;;;;FX;;LLS, OTB;386.00;0.00;;;1979-05-01;3;;1991-10-02;
DEU400600101;211807040;DEU;;;43.00;0.00;0.00;;17.88;16.10;CAP SKAGEN;SC4;SC4;;;Y;DITO;Y;Y;Y;;;TU;;TBB, OTB;220.00;0.00;Fiber/Plastic;;1986-10-01;MFL;1986-01-01;;
DEU400610101;211325290;DEU;;;67.00;0.00;0.00;;19.93;18.10;Glückauf;ST28;ST28;Tönning;;Y;DIXG;Y;Y;Y;;;TU;;TBB, OTB;221.00;0.00;Metal;;1988-06-06;MFL;1988-01-01;;
DEU400620101;211626320;DEU;;;67.00;0.00;0.00;;18.79;17.00;Helm Sand;SC6;SC6;Büsum;;Y;DISU;Y;Y;Y;;;TU;;TBB, FPO, OTB;221.00;0.00;Metal;;1986-10-01;MFL;1986-01-01;;
DEU400630101;211339220;DEU;;;90.00;0.00;0.00;;22.48;20.19;SEEFUCHS;SC7;SC7;;;Y;DIUQ;Y;Y;Y;;;TU;;TBB, OTB;221.00;0.00;Metal;;1979-09-16;MFL;1979-01-01;;
DEU400640101;211403000;DEU;;;38.00;0.00;0.00;;17.15;15.44;JULINA-LUISE;SD17;SD17;;;Y;DLYR;Y;Y;Y;;;TU;;TBB, OTB;220.00;57.00;Metal;;1971-09-01;MFL;1971-01-01;;
DEU400650101;211294100;DEU;;;44.00;0.00;0.00;;18.22;16.95;MARET;SC14;SC14;Büsum;;Y;DJIJ;Y;Y;Y;;;TU;;TBB, OTB;221.00;0.00;Wood;;1969-06-02;MFL;1969-01-01;;
DEU400660101;211588480;DEU;;;83.00;0.00;0.00;;23.24;21.17;MARIE LOUISE;SH16;SH16;Heiligenhafen;;Y;DIWD;Y;Y;Y;8538340;;TU;;TBB, OTB;221.00;0.00;Metal;;1983-01-02;MFL;1983-01-01;;
DEU400670101;;DEU;;;43.00;43.37;0.00;;19.31;16.97;ALBATROS;GRE32;GRE32;Greetsiel;;Y;DITV;N;;;;;TUB;;TBB, OTB;221.00;0.00;Metal;;1976-03-17;MFL;1962-01-01;;2005-01-18
DEU400680101;;DEU;;;37.00;37.06;0.00;;16.57;15.36;KORONA;ST22;ST22;Tönning;;Y;DLXU;Y;;;;;TUB;;TBB, OTB;169.00;0.00;Wood;;1967-04-15;MFL;1967-01-01;;2012-01-31
DEU400690101;;DEU;;;94.00;80.00;0.00;;24.18;0.00;BLAUORT;SC21;SC21;Büsum;;Y;DDEZ;N;;;;;TUB;;TBB, OTB;184.00;0.00;Metal;;1972-06-26;C11;1967-01-01;1992-12-22;
DEU400700101;;DEU;;;104.00;95.96;0.00;;26.24;23.62;HENNY II;SC22;SC22;;;Y;DFQK;N;;;;;FX;;PTB, OTB;551.00;0.00;Metal;;1988-02-04;MFL;1968-01-01;;2004-11-16
DEU400710101;;DEU;;;0.00;62.06;0.00;;25.76;24.30;WIKO I;SC23;SC23;;;Y;DJZH;N;;;;;TO;;OTB, NO;217.00;0.00;;;1974-09-24;3;;;
DEU400720101;;DEU;;;0.00;136.67;0.00;;31.16;29.30;BALTIK;SC24;SC24;;;Y;DIYJ;N;;;;;FX;;OTB, NO;441.00;0.00;;;1972-08-01;3;;;1991-07-12
DEU400740101;;DEU;;;186.00;121.80;0.00;;27.88;24.91;ANGELA;SC26;SC26;;;Y;DIYI;Y;;;;;FX;;OTB, PTB;441.00;0.00;Metal;;1986-03-12;MFL;1986-01-01;;2005-02-07
DEU400750101;;DEU;;;0.00;105.79;0.00;;26.80;25.15;WIKO II;SC29;SC29;;;Y;DAHT;N;;;;;FX;;PTB, NO;243.00;0.00;;;1987-09-03;3;;;
DEU400760101;;DEU;;;0.00;47.99;0.00;;18.30;0.00;BEATE WIKA;SC30;SC30;;;Y;DKOV;N;;;;;FX;;TBB, NO;182.00;0.00;;;1952-01-01;4;;;1991-11-30
DEU400770101;211193000;DEU;;;35.00;0.00;0.00;;17.50;15.13;HORNSRIFF;SD5;SD5;;;Y;DIUE;Y;Y;Y;;;TU;;TBB, OTB;184.00;0.00;Metal;;1977-05-14;MFL;1959-01-01;;
DEU400780101;;DEU;;;39.00;36.75;0.00;;19.47;17.45;JOKE SABINE;SC33;SC33;Büsum;;Y;DJGS;N;;;;;TUB;;TBB, OTB;221.00;0.00;Wood;;1947-01-01;MFL;1947-01-01;2003-06-10;
DEU400790101;211310410;DEU;;;46.00;0.00;0.00;;18.09;16.64;DITHMARSCHEN I;SC34;SC34;;;Y;DIRV;Y;Y;Y;;;TU;;TBB, OTB;221.00;0.00;Wood;;1969-09-09;MFL;1969-01-01;;
DEU400800101;211543290;DEU;;;15.00;0.00;0.00;;11.06;0.00;ACHAT;SC36;SC36;Büsum;;Y;DIVU;N;N;Y;;;TU;;TBB, OTB;118.00;0.00;Wood;;1988-04-20;MFL;1986-01-01;;
DEU400810101;211316900;DEU;;;81.00;0.00;0.00;;24.55;21.89;KLAUS GROTH I;SC44;SC44;Büsum;;Y;DIUC;Y;Y;Y;8335308;;TU;;TBB, OTB;221.00;0.00;Metal;;1977-10-15;MFL;1959-01-01;;
DEU400820101;;DEU;;;0.00;21.99;0.00;;15.40;0.00;BUSSARD II;SC45;SC45;;;Y;DJNR;N;;;;;FX;;TBB, NO;135.00;0.00;;;1953-12-29;4;;;1993-06-30
DEU400830101;211692850;DEU;;;45.00;0.00;0.00;;17.61;15.81;NORDWIND;CUX11;CUX11;Cuxhaven;;Y;DJHT;Y;Y;Y;;;TU;;TBB, OTB;221.00;0.00;Metal;;1968-06-15;MFL;1968-01-01;;2024-06-04
DEU400840101;;DEU;;;0.00;35.09;0.00;;17.77;0.00;SCHWALBE;SC54;SC54;;;Y;DJHS;N;;;;;TUB;;TBB, NO;162.00;0.00;;;1968-06-14;4;;;
DEU400850101;211427000;DEU;;;48.00;0.00;0.00;;18.84;17.38;SÜDWIND;SC57;SC57;Büsum;;Y;DJRS;Y;Y;Y;;;TU;;TBB, OTB;221.00;0.00;Wood;;1949-01-01;MFL;1949-01-01;;2023-02-03
DEU400860101;;DEU;;;85.00;65.00;0.00;;19.60;17.37;ODERBANK;SC58;SC58;Büsum;;Y;DIXM;Y;;;;;TUB;;TBB, OTB;221.00;0.00;Metal;;1989-04-18;MFL;1989-01-01;2005-06-07;
DEU400870106;211400480;DEU;;;8.00;0.00;0.00;;11.11;0.00;CLAUDIA;HEL4;HEL4;Helgoland;;Y;DD7820;N;N;N;;;GO;;FPO, GNS;54.00;0.00;Wood;;1971-06-01;MFL;1971-01-01;;
DEU400890106;;DEU;;;8.00;8.83;0.00;;10.67;0.00;ANGELIKA;HEL9;HEL9;;;N;;N;;;;;FX;;GNS, NK;20.00;0.00;Wood;;1975-06-01;MFL;1950-01-01;;2005-04-20
DEU400910106;;DEU;;;5.00;7.90;0.00;;9.70;9.62;DIE LIEBE;HEL11;HEL11;;;N;;N;;;;;FX;;GNS, NK;48.00;0.00;Wood;;1965-05-01;MFL;1965-01-01;;2005-04-20
DEU400920106;;DEU;;;7.00;0.00;0.00;;10.47;0.00;URANUS;HEL15;HEL15;;;N;;N;N;N;;;GO;;FPO, GNS;99.00;0.00;Wood;;1974-06-24;MFL;1974-01-01;;2020-08-14
DEU400940106;;DEU;;;3.00;4.75;0.00;;8.20;0.00;FRAUKE;HEL19;HEL19;;;N;;N;;;;;FX;;GNS, NK;14.00;0.00;;;1965-01-01;4C1;;;1997-03-10
DEU400950106;;DEU;;;0.00;7.94;0.00;;10.60;0.00;FRIEDA;HEL24;HEL24;;;N;;N;;;;;FX;;GNS, NK;51.00;0.00;;;1964-05-10;C19;;;1992-05-01
DEU400960106;;DEU;;;7.00;7.06;0.00;;10.06;9.00;JAN VAN GENT;HEL26;HEL26;;;N;;N;;;;;FX;;GNS, NO;93.00;0.00;Wood;;1963-04-10;MFL;1963-01-01;;
DEU400970106;;DEU;;;6.00;7.18;0.00;;10.08;0.00;---;ARN10;ARN10;;;N;;N;;;;;FX;;GNS, NK;61.00;0.00;Wood;;1963-05-20;MFL;1961-01-01;;2004-07-16
DEU400980106;;DEU;;;7.00;7.28;0.00;;10.15;0.00;ATLANTIS;HEL29;HEL29;;;N;;N;;;;;FX;;GNS, NO;59.00;0.00;Wood;;1978-06-09;MFL;1967-01-01;;2013-04-30
DEU400990106;;DEU;;;7.00;8.20;0.00;;10.11;0.00;STOERTEBEKER;HEL30;HEL30;;;N;;N;;;;;FX;;GNS, NO;53.00;0.00;Wood;;1964-05-02;MFL;1964-01-01;;2014-10-31
DEU401000106;;DEU;;;7.00;0.00;0.00;;10.65;0.00;SELLEBRUNN;HEL31;HEL31;;;N;;N;N;N;;;GO;;GNS, NO;99.00;0.00;Wood;;1965-01-01;MFL;1965-01-01;;2019-01-14
DEU401010106;;DEU;;;7.00;7.20;0.00;;10.09;0.00;RASMUS;HEL1;HEL1;;;N;;N;;;;;FX;;GNS, NK;53.00;0.00;Wood;;1991-12-31;MFL;1966-01-01;;2003-01-01
DEU401020106;;DEU;;;6.00;0.00;0.00;;9.97;0.00;BARBARA;HEL33;HEL33;;;N;;N;;;;;FX;;GNS, FPO;50.00;0.00;Wood;;1962-05-05;MFL;1962-01-01;;2006-09-28
DEU401030106;;DEU;;;7.00;7.28;0.00;;10.15;0.00;NATHURN;HEL34;HEL34;;;Y;DD5045;N;;;;;FX;;GNS, NK;48.00;0.00;;;1964-05-01;4C1;;;2001-03-13
DEU401040106;;DEU;;;7.00;8.52;0.00;;10.09;0.00;GISELA;HEL35;HEL35;;;N;;N;;;;;FX;;GNS, NK;88.00;0.00;;;1966-05-01;4C1;;;2002-09-09
DEU401050106;;DEU;;;7.00;7.22;0.00;;10.11;0.00;SEEADLER;HEL36;HEL36;;;N;;N;;;;;FX;;GNS, LLS;37.00;0.00;Wood;;1971-05-01;MFL;1964-01-01;;2003-04-07
DEU401060106;;DEU;;;7.00;0.00;0.00;;10.04;0.00;KORMORAN;KIE38;KIE38;;;Y;DJ4534;N;;;;;FX;;GNS, NO;88.00;0.00;Wood;;1967-05-01;MFL;1966-01-01;;2014-07-16
DEU401070106;;DEU;;;7.00;0.00;0.00;;10.05;0.00;ATOLL;HEL39;HEL39;;;N;;N;N;N;;;GO;;GNS, NK;44.00;0.00;Wood;;1973-05-20;MFL;1973-01-01;;2018-06-27
DEU401100106;;DEU;;;6.00;6.79;0.00;;9.80;0.00;SEETEUFEL II;HEL32;HEL32;;;N;;N;;;;;FX;;GNS, NK;52.00;0.00;Wood;;1966-01-01;MFL;1959-01-01;;2005-02-07
DEU401110101;;DEU;;;137.00;0.00;0.00;;23.98;21.01;LUMMETJE;SC28;SC28;;;Y;DIZL;Y;;;9045259;;MO;;TBB, OTB;220.00;0.00;Metal;;1991-02-21;MFL;1990-01-01;;2016-01-11
DEU401120106;;DEU;;;7.00;7.06;0.00;;10.00;0.00;PIRAT;HEL2;HEL2;;;N;;N;;;;;FX;;GNS, NK;44.00;0.00;;;1962-12-31;4C1;;;1997-10-22
DEU401130106;;DEU;;;7.00;0.00;0.00;;10.08;0.00;PINGUIN;HEL28;HEL28;;;N;;N;;;;;FX;;GNS, NO;92.00;0.00;Wood;;1967-03-27;MFL;1967-01-01;;
DEU401150101;;DEU;;;20.00;0.00;0.00;;11.99;10.92;ANKE;TRA4;TRA4;;;Y;DIZW;N;;;;;FX;;GNS, OTB;183.00;0.00;Fiber/Plastic;;1991-06-03;MFL;1991-01-01;;
DEU401160101;;DEU;;;167.00;108.82;0.00;;23.99;0.00;OSTEREMS;SC41;SC41;Büsum;;Y;DIQR;Y;;;9021710;;TUB;;TBB, OTB;220.00;0.00;Metal;;1991-07-12;MFL;1991-01-01;;
DEU401170101;;DEU;;;167.00;108.82;0.00;;23.97;21.35;WESTEREMS;SC42;SC42;Büsum;;Y;DIQN;Y;;;9021722;;TUB;;TBB, OTB;220.00;0.00;Metal;;1991-07-25;MFL;1991-01-01;;
DEU401180101;211572000;DEU;;;46.00;0.00;0.00;;17.79;15.18;WOTAN;SC9;SC9;Büsum;;Y;DIZO;Y;Y;Y;;;TU;;TBB, OTB;221.00;0.00;Fiber/Plastic;;1991-06-28;MFL;1991-01-01;2023-09-07;
DEU401190101;;DEU;;;157.00;116.57;0.00;;23.98;21.44;AMRUMBANK;SC10;SC10;Büsum;;Y;DIRT;Y;;;9019418;;TUB;;TBB, PTB;219.00;0.00;Metal;;1991-11-30;MFL;1991-01-01;;
DEU401200101;;DEU;;;159.00;98.20;0.00;;23.94;0.00;WIKING BANK;SC20;SC20;Büsum;;Y;DISA;Y;;;9019389;;TUB;;TBB, PTB;220.00;0.00;Metal;;1992-03-25;MFL;1992-01-01;;
DEU401210101;211555000;DEU;;;149.00;0.00;0.00;;23.99;21.67;BUTENDIEK;BRA2;BRA2;Brake;;Y;DIRZ;Y;Y;Y;9073593;;TU;;TBB, OTB;221.00;0.00;Metal;;1992-02-28;MFL;1992-01-01;;
DEU401220101;;DEU;;;160.00;118.52;0.00;;23.99;20.67;EVERT-JAN;SC30;SC30;Büsum;;Y;DITY;Y;;;;;TUB;;TBB, OTB;220.00;0.00;Metal;;1992-06-03;MFL;1992-01-01;;
DEU401230119;;DEU;;;0.00;1.00;0.00;;4.00;0.00;PUETZ;HAS1;HAS1;;;N;;N;;;;;FX;;GNS;26.00;0.00;;;1993-04-07;C19;;;1993-07-16
DEU401250101;211339490;DEU;;;73.00;0.00;0.00;;19.85;17.31;ANNE-GRET;SC11;SC11;Büsum;;Y;DIYM;Y;Y;Y;8538170;;TU;;TBB, OTB;221.00;0.00;Fiber/Plastic;;1994-12-23;MFL;1994-01-01;;
DEU401260101;211241240;DEU;;;159.00;0.00;0.00;;23.90;0.00;JACOB SENIOR;SC35;SC35;Büsum;;Y;DIRY;Y;Y;Y;9056129;;TU;;OTB, TBB;220.00;0.00;Metal;;1995-04-27;MFL;1995-01-01;;
DEU401270101;211279120;DEU;;;159.00;0.00;0.00;;23.89;21.02;MARIJTJE KEUTER;SC45;SC45;Büsum;;Y;DIYU;Y;Y;Y;9056131;;TU;;OTB, TBB;221.00;0.00;Metal;;1995-05-15;MFL;1995-01-01;;
DEU401300101;;DEU;;;256.00;256.00;0.00;;42.84;40.00;JENNY;SC3;SC3;Büsum;;Y;DKFD;N;;;;;TUB;;TBB, NO;191.00;0.00;Metal;;1995-07-13;4CZ;1954-01-01;;
DEU401310101;;DEU;;;8.00;0.00;0.00;;9.00;0.00;LUETTE CONDOR;BUES13;BUES13;Büsum;;N;;N;;;;;TUB;;TBB, OTB;90.00;0.00;Metal;;1998-04-21;4C5;1998-01-01;1999-10-12;
DEU401320101;;DEU;;;1.00;0.00;0.00;;5.21;0.00;NOBODY;BUES9;BUES9;;;N;;N;;;;;FX;;GNS, FPO;7.00;0.00;Fiber/Plastic;;2001-11-14;MFL;2001-01-01;;
DEU401330101;211386440;DEU;;;83.00;0.00;0.00;;22.74;19.98;Anna Catharina;NEU243;NEU243;Neuharlingersiel;;Y;DD8461;Y;Y;Y;;;TU;;TBB, OTB;221.00;140.00;Metal;;2003-04-15;MFL;2003-01-01;;
DEU401340101;;DEU;;;69.00;0.00;0.00;;19.96;17.84;THOR;SC58;SC58;;;Y;DIRS;Y;;;8538687;;TU;;TBB, OTB;221.00;0.00;Metal;;2005-05-27;MFL;2005-01-01;;
DEU401350107;211815000;DEU;;;76.00;0.00;0.00;;19.85;17.42;Cap Arkona;SD19;SD19;Friedrichskoog;;Y;DISJ;Y;Y;Y;8574772;;TU;;TBB, OTB;221.00;111.00;Metal;;2005-11-16;MFL;2005-01-01;;
DEU404010101;;DEU;;;11.00;18.08;0.00;;10.53;9.45;FLIPPER;BUES3;BUES3;;;Y;DIXV;N;;;;;FX;;TBB, GNS;60.00;0.00;Wood;;1986-01-01;MFL;1985-01-01;;2013-05-21
DEU404020101;;DEU;;;7.00;0.00;0.00;;10.08;0.00;YVONNE;BUES5;BUES5;Büsum;;N;;N;N;N;;;TU;;TBB, GNS;37.00;0.00;Wood;;1988-01-13;MFL;1970-01-01;;2023-03-10
DEU404030101;;DEU;;;5.00;6.18;0.00;;9.35;0.00;IMKE;BUES218;BUES218;Büsum;;N;;N;;;;;TUB;;TBB, NO;26.00;0.00;Fiber/Plastic;;1980-09-05;4C5;1980-01-01;;2001-08-01
DEU404040101;;DEU;;;4.00;6.72;0.00;;9.75;0.00;SEESCHWALBE;BUES231;BUES231;Büsum;;N;;N;;;;;TUB;;TBB, NO;66.00;0.00;Wood;;1991-04-01;MFL;1938-01-01;;2004-10-11
DEU404050128;;DEU;;;3.00;5.72;0.00;;9.00;0.00;MAPLE;BRU11;BRU11;Brunsbüttel;;N;;N;;;;;TUB;;TBB, FPO;25.00;0.00;Metal;;1974-05-10;MFL;1973-01-01;;2009-01-01
DEU404060101;;DEU;;;1.00;4.32;0.00;;6.80;0.00;FRIEDA;TOEN54;TOEN54;;;N;;N;;;;;FX;;GNS, TBB;12.00;0.00;;;1979-01-01;4C1;;;2000-12-28
DEU404070101;;DEU;;;1.00;2.54;0.00;;5.99;0.00;MANUELA-F.;BUES209;BUES209;;;N;;N;;;;;FX;;GNS, TBB;22.00;0.00;Wood;;1980-08-01;MFL;1980-01-01;;2004-05-04
DEU404080101;;DEU;;;2.00;0.00;0.00;;5.95;0.00;Henry;BUES4;BUES4;Büsum;;N;;N;;;;;TUB;;TBB, NO;34.00;0.00;Fiber/Plastic;;1992-01-01;MFL;1971-01-01;;2010-01-15
DEU404090106;;DEU;;;2.00;3.56;0.00;;7.10;0.00;GELA;GLUE6;GLUE6;;;N;;N;;;;;FX;;FPO, GNS;12.00;0.00;Wood;;1991-09-01;MFL;1978-01-01;;2013-12-31
DEU404100106;;DEU;;;3.00;4.52;0.00;;8.00;0.00;JULIA;HEL201;HEL201;;;N;;N;;;;;FX;;GNS, OTB;25.00;0.00;Wood;;1988-01-04;MFL;1959-01-01;;2005-02-10
DEU404110106;;DEU;;;1.00;2.14;0.00;;5.50;0.00;DOGGER;FLE23;FLE23;;;N;;N;;;;;FX;;GNS, LLS;10.00;0.00;Fiber/Plastic;;1984-01-01;MFL;1974-01-01;;2005-05-02
DEU404120106;;DEU;;;8.00;0.00;0.00;;10.15;0.00;METEOR;HEL211;HEL211;;;N;;N;;;;;FX;;GNS, NO;63.00;0.00;Metal;;1986-01-01;MFL;1986-01-01;;2016-06-03
DEU404130101;;DEU;;;1.00;2.30;0.00;;5.70;0.00;MARTIN C;MEL1;MEL1;;;N;;N;;;;;FX;;GNS, NO;37.00;0.00;Wood;;1992-01-01;MFL;1992-01-01;;2003-07-15
DEU404140101;;DEU;;;1.00;2.53;0.00;;5.99;0.00;MARLIN;MEL2;MEL2;;;N;;N;;;;;FX;;GNS, NO;16.00;0.00;;;1900-12-31;C19;;;1995-01-31
DEU404150101;;DEU;;;1.00;1.50;0.00;;4.60;0.00;STUMMEL;MEL210;MEL210;;;N;;N;;;;;FX;;GNS, NO;4.00;0.00;;;1980-09-06;C19;;;1995-01-31
DEU404160107;;DEU;;;3.00;4.48;0.00;;7.96;0.00;NICOLE;FRI19;FRI19;;;N;;N;;;;;FX;;GNS, NO;85.00;0.00;;;1991-04-01;C19;;;1996-06-12
DEU404170107;;DEU;;;2.00;0.00;0.00;;6.50;0.00;NORDERNEY;FRI21;FRI21;;;N;;N;N;N;;;GO;;GNS, TBB;20.00;0.00;Fiber/Plastic;;1992-01-01;MFL;1992-01-01;;2019-09-30
DEU404180107;;DEU;;;2.00;2.99;0.00;;6.50;0.00;URSULA;FRI201;FRI201;;;N;;N;;;;;FX;;GNS, NO;20.00;0.00;Fiber/Plastic;;1979-06-05;MFL;1979-01-01;;2015-05-21
DEU404190107;;DEU;;;2.00;3.66;0.00;;7.20;0.00;TINA;FRI203;FRI203;;;N;;N;;;;;FX;;GNS, NO;17.00;0.00;;;1979-01-01;C19;;;1995-01-31
DEU404200128;;DEU;;;3.00;4.32;0.00;;7.82;0.00;SUSANNE;NEU1;NEU1;;;Y;DH4089;N;;;;;FX;;GNS, TBB;29.00;0.00;Wood;;1989-03-03;MFL;1989-01-01;;2015-02-01
DEU404210128;;DEU;;;3.00;0.00;0.00;;8.50;0.00;ROMIE;NEU2;NEU2;;;N;;N;N;N;;;GO;;GNS, TBB;29.00;0.00;Fiber/Plastic;;1989-08-01;MFL;1989-01-01;;
DEU404220128;;DEU;;;2.00;3.42;0.00;;6.96;0.00;LISCHEN;FRI22;FRI22;;;N;;N;;;;;FX;;TBB, FPO;27.00;0.00;Wood;;1981-03-16;MFL;1952-01-01;;2015-10-01
DEU404230128;;DEU;;;4.00;0.00;0.00;;9.00;0.00;SONJA;NEU149;NEU149;;;N;;N;N;N;;;TU;;TBB, NK;31.00;0.00;Metal;;1979-01-01;MFL;1979-01-01;;2019-08-20
DEU404240128;;DEU;;;2.00;3.46;0.00;;7.00;0.00;GILA;NEU153;NEU153;Neufeld;;N;;N;;;;;TUB;;TBB, GNS;19.00;0.00;Unknown;;1973-12-31;4C1;1973-01-01;;2002-10-24
DEU404250128;;DEU;;;1.00;2.71;0.00;;6.20;0.00;JULE;NEU167;NEU167;Neufeld;;N;;N;;;;;TUB;;TBB, GNS;7.00;0.00;Fiber/Plastic;;1986-05-15;MFL;1986-01-01;;2008-12-31
DEU404260128;;DEU;;;2.00;3.98;0.00;;7.50;0.00;JETTE;BRU10;BRU10;;;N;;N;;;;;FX;;GNS, NO;7.00;0.00;;;1992-01-01;C19;;;1996-10-21
DEU404270128;;DEU;;;1.00;0.64;0.00;;3.00;0.00;KUMAJESA;BRU12;BRU12;;;N;;N;;;;;FX;;GNS, NO;3.00;0.00;;;1900-12-31;C19;;;1996-10-21
DEU404280128;;DEU;;;1.00;1.80;0.00;;5.00;0.00;ERLE;BRU14;BRU14;;;N;;N;;;;;FX;;GNS, NO;22.00;0.00;;;1992-01-01;4C1;;;1997-12-23
DEU404290128;;DEU;;;7.00;6.38;0.00;;9.50;0.00;CHANTENA;BRU15;BRU15;;;N;;N;;;;;FX;;GNS, NO;43.00;0.00;;;1979-01-01;C19;;;1995-01-31
DEU404300128;;DEU;;;3.00;4.52;0.00;;8.00;0.00;HOLSTEIN;BRU18;BRU18;;;N;;N;;;;;FX;;GNS, NO;19.00;0.00;;;1900-12-31;C19;;;1995-01-31
DEU404310128;;DEU;;;1.00;1.02;0.00;;3.80;0.00;NEPTUN;BRU19;BRU19;;;N;;N;;;;;FX;;GNS, NO;4.00;0.00;;;1980-08-07;C19;;;1996-10-21
DEU404320128;;DEU;;;5.00;6.38;0.00;;9.50;0.00;MOEWE;BRU22;BRU22;;;N;;N;;;;;FX;;GNS, NO;59.00;0.00;;;1980-09-11;C19;;;1995-01-31
DEU404330103;;DEU;;;1.00;2.63;0.00;;6.10;0.00;LEE;GLUE1;GLUE1;;;N;;N;;;;;FX;;GNS, NO;7.00;0.00;Wood;;1961-12-31;MFL;1961-01-01;;2010-12-31
DEU404340103;;DEU;;;2.00;3.46;0.00;;7.00;0.00;INGE;GLUE2;GLUE2;;;N;;N;;;;;FX;;GNS, NO;13.00;0.00;Fiber/Plastic;;1975-06-01;MFL;1971-01-01;;
DEU404350103;;DEU;;;2.00;3.08;0.00;;6.60;0.00;BUCKEL;GLUE6;GLUE6;;;N;;N;;;;;FX;;GNS, NO;10.00;0.00;;;1982-01-14;C19;;;1996-10-21
DEU404360103;;DEU;;;1.00;0.00;0.00;;4.84;0.00;SONJA;WEW1;WEW1;;;N;;N;;;;;FX;;GNS, NK;7.00;0.00;Fiber/Plastic;;1984-06-14;MFL;1982-01-01;;2015-11-01
DEU404370103;;DEU;;;1.00;0.00;0.00;;5.25;0.00;HEIN;BUR3;BUR3;;;N;;N;N;N;;;GO;;GNS, FPO;6.00;0.00;Fiber/Plastic;;1991-12-31;MFL;1975-01-01;;2018-01-25
DEU404380103;;DEU;;;1.00;0.00;0.00;;5.70;0.00;BAER;BAH3;BAH3;;;N;;N;;;;;FX;;GNS, NO;6.00;0.00;Fiber/Plastic;;1980-09-23;MFL;1970-01-01;;2006-12-19
DEU404390117;;DEU;;;2.00;3.22;0.00;;6.75;0.00;YVONNE;BEI11;BEI11;;;N;;N;;;;;FX;;GNS, NO;3.00;0.00;;;1979-01-01;C19;;;1996-10-21
DEU404400103;;DEU;;;2.00;3.46;0.00;;7.00;0.00;HAI;BRO1;BRO1;;;N;;N;;;;;FX;;GNS, NO;22.00;0.00;;;1987-04-01;4C1;;;1997-12-11
DEU404410117;;DEU;;;1.00;0.00;0.00;;5.25;0.00;---;ITZ6;ITZ6;;;N;;N;;;;;GO;;GNS, FPO;8.00;0.00;Fiber/Plastic;;1981-04-21;MFL;1981-01-01;;2018-01-15
DEU404420119;;DEU;;;2.00;2.89;0.00;;6.40;0.00;HAUKE;KOL2;KOL2;;;N;;N;;;;;FX;;GNS, NO;16.00;0.00;;;1980-08-20;C19;;;1995-01-31
DEU404430119;;DEU;;;1.00;2.14;0.00;;5.50;0.00;HEIKE;KOL4;KOL4;;;N;;N;;;;;FX;;GNS, NO;8.00;0.00;Fiber/Plastic;;1971-12-31;MFL;1971-01-01;;
DEU404440119;;DEU;;;2.00;3.46;0.00;;7.00;0.00;HELGA;KOL5;KOL5;;;N;;N;;;;;FX;;GNS, FPO;13.00;0.00;Fiber/Plastic;;1971-02-18;MFL;1969-01-01;;2010-11-10
DEU404450119;;DEU;;;1.00;2.63;0.00;;6.10;0.00;STINT;KOL10;KOL10;;;N;;N;;;;;FX;;GNS, FPO;10.00;0.00;Fiber/Plastic;;1980-09-04;MFL;1971-01-01;;2010-11-10
DEU404460119;;DEU;;;2.00;0.00;0.00;;8.00;0.00;MAIKE II;KOL7;KOL7;Kollmar;;N;;N;N;N;;;GO;;FPO, GNS;34.00;0.00;Fiber/Plastic;;1982-08-05;MFL;1982-01-01;;
DEU404470117;;DEU;;;1.00;0.00;0.00;;5.50;0.00;SILKE;NEU51;NEU51;;;N;;N;N;N;;;GO;;GNS, FPO;7.00;0.00;Fiber/Plastic;;1980-09-08;MFL;1970-01-01;;2018-09-03
DEU404480119;;DEU;;;3.00;5.11;0.00;;8.50;0.00;ESPERANZA;SEE1;SEE1;;;N;;N;;;;;FX;;GNS, NO;41.00;0.00;Metal;;1992-01-01;MFL;1985-01-01;;2007-11-27
DEU404490109;;DEU;;;7.00;6.18;0.00;;9.35;0.00;KATRIN;SEE5;SEE5;;;N;;N;;;;;FX;;GNS, NO;26.00;0.00;Metal;;1986-02-01;MFL;1984-01-01;;2009-05-01
DEU404500120;;DEU;;;5.00;5.72;0.00;;9.00;0.00;STURMVOGEL;UET1;UET1;;;N;;N;;;;;FX;;GNS, NK;50.00;0.00;Wood;;1979-06-21;MFL;1979-01-01;;2004-10-04
DEU404510120;;DEU;;;1.00;1.13;0.00;;4.00;0.00;ACHTERUT;UET5;UET5;;;N;;N;;;;;FX;;GNS, NO;4.00;0.00;;;1983-02-08;C19;;;1996-10-21
DEU404520103;;DEU;;;1.00;1.43;0.00;;4.50;0.00;ADLER;KLE1;KLE1;;;N;;N;;;;;FX;;GNS, NO;7.00;0.00;;;1980-09-17;C19;;;1995-01-31
DEU404530120;;DEU;;;1.00;0.00;0.00;;5.85;0.00;ANGUILLA III;HET4;HET4;;;N;;N;N;N;;;GO;;GNS, NO;5.00;0.00;Wood;;1992-01-01;MFL;1992-01-01;;
DEU404540120;;DEU;;;1.00;1.51;0.00;;4.62;0.00;ORION II;WED1;WED1;;;N;;N;;;;;FX;;GNS, NO;7.00;0.00;Fiber/Plastic;;1992-01-01;MFL;1992-01-01;;2003-12-15
DEU404550120;;DEU;;;1.00;0.00;0.00;;4.00;0.00;PUETZ;HAS1;HAS1;;;N;;N;N;N;;;GO;;GNS, NO;26.00;0.00;Fiber/Plastic;;1992-01-01;MFL;1992-01-01;;2019-04-24
DEU404560107;;DEU;;;3.00;4.47;0.00;;7.95;0.00;JETTE;BRU1;BRU1;;;N;;N;;;;;FX;;GNS, TBB;32.00;0.00;Wood;;1989-05-16;MFL;1989-01-01;;2003-11-25
DEU404570107;;DEU;;;2.00;2.99;0.00;;6.50;0.00;BIANCA;FRI2;FRI2;Friedrichskoog;;N;;N;;;;;TUB;;TBB, GNS;37.00;0.00;Wood;;1996-10-21;MFL;1996-01-01;;2003-02-28
DEU404580101;;DEU;;;1.00;1.25;0.00;;4.20;0.00;CHICO;BUES2;BUES2;Büsum;;N;;N;;;;;TUB;;TBB, GNS;15.00;0.00;Metal;;1996-10-21;4CZ;1977-01-01;;2001-12-17
DEU404590101;;DEU;;;1.00;1.02;0.00;;3.80;0.00;STEFAN;BUES1;BUES1;Büsum;;N;;N;;;;;TUB;;TBB, GNS;4.00;0.00;Wood;;1996-10-21;4CZ;1996-01-01;;1999-05-17
DEU404600119;;DEU;;;1.00;2.14;0.00;;5.50;0.00;JAN;KOL12;KOL12;;;N;;N;;;;;FX;;GNS, FPO;10.00;0.00;Wood;;1996-10-21;MFL;1971-01-01;;2008-05-26
DEU404610119;;DEU;;;3.00;4.64;0.00;;8.10;0.00;HAUKE;KOL1;KOL1;;;N;;N;;;;;FX;;GNS, FPO;37.00;0.00;Wood;;1996-10-21;MFL;1996-01-01;;
DEU404620118;;DEU;;;1.00;1.77;0.00;;5.00;0.00;JAN;KAS13;KAS13;;;N;;N;;;;;FX;;GNS, FPO;33.00;0.00;;;1996-10-21;4CZ;;;2000-03-23
DEU404630101;;DEU;;;1.00;2.22;0.00;;5.60;0.00;MAREIKE;MEL2;MEL2;Meldorf;;N;;N;;;;;TUB;;TBB, GNS;7.00;0.00;Wood;;1996-10-21;4CZ;1996-01-01;;1999-07-20
DEU404640128;;DEU;;;2.00;0.00;0.00;;6.29;0.00;MIKKEL;BRU17;BRU17;Brunsbüttel;;N;;N;;;;;TUB;;TBB, GNS;22.00;0.00;Wood;;1996-10-21;MFL;1975-01-01;;2006-03-22
DEU404670101;;DEU;;;5.00;5.00;0.00;;9.14;0.00;ORKA;BUES250;BUES250;Büsum;;N;;N;;;;;TUB;;TBB, FPO;26.00;0.00;Fiber/Plastic;;1996-05-29;4CZ;1978-01-01;;2001-03-13
DEU404680107;;DEU;;;3.00;0.00;0.00;;7.98;7.00;De Luettje;BUES1;BUES1;Büsum;;N;;N;N;N;;;TU;;TBB, GNS;110.00;0.00;Wood;;1996-06-12;MFL;1996-01-01;;
DEU404690448;;DEU;;;1.00;1.88;0.00;;5.16;0.00;STRANDVOGT;SEE255;SEE255;;;N;;N;;;;;FX;;FPO, GNS;4.00;0.00;;;1996-06-17;4CZ;;;2002-09-10
DEU404700128;;DEU;;;1.00;1.00;0.00;;4.30;0.00;STEFAN;BRU258;BRU258;;;N;;N;;;;;FX;;FPO, GNS;7.00;0.00;;;1996-07-01;Z25;;;1996-12-10
DEU404710129;;DEU;;;1.00;1.37;0.00;;4.40;0.00;DORSCH;FLE15;FLE15;;;N;;N;;;;;FX;;GNS, FPO;4.00;0.00;Fiber/Plastic;;1996-06-27;MFL;1993-01-01;;2005-05-02
DEU404720119;;DEU;;;1.00;0.00;0.00;;5.50;0.00;BISAM;BIE252;BIE252;;;N;;N;;;;;FX;;FPO, GNS;7.00;0.00;Metal;;1996-06-15;MFL;1972-01-01;;2005-08-18
DEU404730119;;DEU;;;3.00;2.90;0.00;;6.40;0.00;ELVDUEVEL;BIE251;BIE251;;;N;;N;;;;;FX;;FPO, GNS;9.00;0.00;Fiber/Plastic;;1996-06-01;MFL;1981-01-01;;
DEU404740107;;DEU;;;3.00;0.00;0.00;;7.95;0.00;INJA;FRI254;FRI254;;;N;;N;;;;;FX;;TBB, FPO;24.00;0.00;Fiber/Plastic;;1996-06-03;MFL;1996-01-01;;2005-12-21
DEU404750101;;DEU;;;1.00;0.00;0.00;;4.98;0.00;STEFAN;BUES253;BUES253;Büsum;;N;;N;;;;;TUB;;TBB, FPO;26.00;0.00;Fiber/Plastic;;1996-06-29;MFL;1996-01-01;;2007-01-10
DEU404760120;;DEU;;;1.00;1.13;0.00;;4.00;0.00;ACHTERUT;UET256;UET256;;;N;;N;;;;;FX;;FPO, NO;6.00;0.00;;;1996-06-07;C10;;;1996-12-10
DEU404770133;;DEU;;;1.00;0.97;0.00;;3.72;0.00;FINN;WEW260;WEW260;;;N;;N;;;;;FX;;FPO, NK;8.00;0.00;;;1996-08-26;4CZ;;;1998-06-15
DEU404780103;;DEU;;;1.00;2.42;0.00;;5.85;0.00;STURMVOGEL;GLUE256;GLUE256;;;N;;N;;;;;FX;;GNS, FPO;6.00;0.00;;;1996-09-04;4CZ;;;1997-03-11
DEU404790133;;DEU;;;1.00;1.13;0.00;;4.00;0.00;CHRISTIAN;WEW259;WEW259;;;N;;N;;;;;FX;;FPO, GNS;6.00;0.00;;;1996-08-26;4CZ;;;2002-12-30
DEU404800133;;DEU;;;1.00;1.00;0.00;;3.70;0.00;FEIVEL;WEW261;WEW261;;;N;;N;;;;;FX;;FPO, GNS;4.00;0.00;;;1996-10-16;4CZ;;;2001-10-22
DEU404810120;;DEU;;;1.00;2.40;0.00;;5.80;0.00;ERIKA;HAS2;HAS2;;;N;;N;;;;;FX;;FPO, GNS;19.00;0.00;Fiber/Plastic;;1996-08-21;MFL;1993-01-01;;2008-06-01
DEU404820119;;DEU;;;1.00;0.00;0.00;;5.50;0.00;BUTT;KOL1;KOL1;;;N;;N;;;;;FX;;GNS, FPO;8.00;0.00;Fiber/Plastic;;1996-10-21;MFL;1996-01-01;;2006-09-25
DEU404840119;;DEU;;;1.00;0.00;0.00;;5.00;0.00;LETTA;KOL2A;KOL2A;;;N;;N;;;;;FX;;FPO, GNS;37.00;0.00;Fiber/Plastic;;1999-03-24;MFL;1992-01-01;;2012-07-26
DEU404850133;;DEU;;;1.00;0.00;0.00;;4.00;0.00;FINN;WEW260;WEW260;;;N;;N;;;;;FX;;FPO, NK;8.00;0.00;Fiber/Plastic;;1998-06-03;MFL;1965-01-01;;2005-12-13
DEU404870133;;DEU;;;1.00;0.00;0.00;;4.05;0.00;HEIN;WEW301;WEW301;;;N;;N;;;;;FX;;FPO, GNS;7.00;0.00;Wood;;1985-12-31;MFL;1985-01-01;;2007-09-28
DEU404880141;;DEU;;;1.00;0.00;0.00;;4.00;0.00;SPEEDY;HAS1A;HAS1A;;;N;;N;;;;;FX;;FPO, GNS;7.00;0.00;;;1999-03-30;4CZ;;;1999-04-01
DEU404890119;;DEU;;;1.00;0.00;0.00;;4.99;0.00;JONNY;KOL11A;KOL11A;;;N;;N;N;N;;;WOP;;FPO, GNS;37.00;0.00;Fiber/Plastic;;1999-04-01;MFL;1998-01-01;;2020-10-30
DEU404900130;;DEU;;;1.00;0.00;0.00;;5.10;0.00;STURMVOGEL;MEL2;MEL2;Meldorf;;N;;N;;;;;TUB;;TBB, GNS;7.00;0.00;Fiber/Plastic;;1999-07-06;MFL;1999-01-01;;2005-12-07
DEU404910109;;DEU;;;1.00;0.00;0.00;;4.00;0.00;ANJA;SEE300;SEE300;Seester;;N;;N;N;N;;;GO;;GNS, FPO;4.00;0.00;Fiber/Plastic;;1999-12-14;MFL;1999-01-01;;
DEU404920133;;DEU;;;1.00;0.00;0.00;;3.82;0.00;FEIVEL;WEW261;WEW261;;;N;;N;;;;;FX;;FPO, GNS;4.00;0.00;Fiber/Plastic;;2001-10-11;MFL;1984-01-01;;
DEU404930131;;DEU;;;2.00;0.00;0.00;;8.50;0.00;TINA;NEU3;NEU3;Neufeld;;N;;N;N;N;;;TU;;TBB, GNS;36.00;0.00;Metal;;2002-06-01;MFL;2002-01-01;;
DEU404940131;;DEU;;;1.00;0.00;0.00;;4.65;0.00;DELPHIN;NEU4;NEU4;;;N;;N;;;;;FX;;FPO, GNS;11.00;0.00;Fiber/Plastic;;2003-05-06;MFL;1996-01-01;;2008-05-21
DEU404950130;;DEU;;;1.00;0.00;0.00;;5.00;0.00;MARTIN C.;MEL1;MEL1;;;N;;N;;;;;FX;;GNS, OTB;37.00;0.00;Fiber/Plastic;;2003-06-23;MFL;1989-01-01;;2012-08-20
DEU404970101;;DEU;;;1.00;0.00;0.00;;4.30;0.00;LARISSA;BUES6;BUES6;;;N;;N;;;;;FX;;GNS, FPO;24.00;0.00;Fiber/Plastic;;2007-07-30;MFL;1984-01-01;;2016-05-11
DEU404980101;;DEU;;;2.00;0.00;0.00;;6.54;0.00;LÃ¼TTEN STEFFI;BUES1;BUES1;;;N;;N;;;;;FX;;TBB, FPO;26.00;0.00;Fiber/Plastic;;2010-05-21;MFL;1970-01-01;;2014-09-10
DEU404990119;;DEU;;;1.00;0.00;0.00;;6.23;0.00;Stint II;KOL5;KOL5;;;N;;N;N;N;;;GO;;GNS, FPO;12.00;0.00;Fiber/Plastic;;2010-10-11;MFL;1986-01-01;;2018-08-02
DEU405000103;;DEU;;;1.00;0.00;0.00;;5.28;0.00;GELA;GLUE6;GLUE6;;;N;;N;;;;;FX;;FPO, GNS;12.00;0.00;Fiber/Plastic;;2014-01-01;MFL;1993-01-01;;2014-07-30
DEU405010103;;DEU;;;1.00;0.00;0.00;;4.60;0.00;GELA;GLUE6;GLUE6;;;N;;N;N;N;;;GO;;FPO, GNS;37.00;0.00;Fiber/Plastic;;2014-08-01;MFL;1988-01-01;;
DEU405020106;;DEU;;;3.00;0.00;0.00;;7.92;0.00;KEEM WEER;HEL3;HEL3;Helgoland;;N;;N;N;N;;;GO;;FPO, GNS;53.00;0.00;Fiber/Plastic;;2015-09-09;MFL;1989-01-01;;2025-07-10
DEU405030101;211801150;DEU;;;373.00;0.00;0.00;;31.97;0.00;Amrumbank;SC10;SC10;Büsum;;Y;DJUN;Y;Y;Y;9833046;;TTW;;OTB, SSC;749.00;670.00;Metal;;2018-09-07;MFL;2017-03-09;;
DEU405040101;211806460;DEU;;;150.00;0.00;0.00;;23.98;20.59;Ora et Labora;SC28;SC28;Büsum;;Y;DISY;Y;Y;Y;9826756;;TTP;;OTB, TBB;221.00;160.00;Metal;;2018-07-23;MFL;2018-01-01;;
DEU405050106;;DEU;;;5.00;0.00;0.00;;9.20;0.00;KÄPTN IGLO;HEL31;HEL31;;;Y;DB9209;N;N;N;;;WOP;;FPO, GNS;92.00;0.00;Other;;2019-04-01;MFL;1966-01-01;;
DEU405060119;;DEU;;;1.00;0.00;0.00;;5.20;0.00;JONNY;KOL11A;KOL11A;;;N;;N;N;N;;;GO;;FPO, GNS;29.00;0.00;Fiber/Plastic;;2020-10-30;MFL;2020-03-01;;
DEU405070119;;DEU;;;1.00;0.00;0.00;;5.65;0.00;TOLK;KOL6;KOL6;Kollmar;;N;;N;N;N;;;GO;;FPO, GNS;22.00;0.00;Metal;;2025-03-11;MFL;2022-01-01;;
DEU500010115;;DEU;;;1.00;2.54;0.00;;6.00;0.00;---;HEN1;HEN1;;;N;;N;;;;;FX;;GNS, NO;2.00;0.00;Wood;;1991-12-31;MFL;1940-01-01;;2004-09-14
DEU500020115;;DEU;;;1.00;0.00;0.00;;6.05;0.00;INGRID;HEN2;HEN2;Hennstedt;;N;;N;N;N;;;GO;;GNS, FPO;19.00;0.00;Wood;;1978-03-15;MFL;1978-01-01;;
DEU500030115;;DEU;;;2.00;0.00;0.00;;7.50;0.00;---;HEN3;HEN3;;;N;;N;N;N;;;GO;;GNS, NO;7.00;0.00;Metal;;1978-05-01;MFL;1978-01-01;;2018-05-11
DEU500040115;;DEU;;;1.00;0.00;0.00;;6.00;0.00;---;HEN4;HEN4;Hennstedt;;N;;N;N;N;;;GO;;GNS, FPO;0.00;0.00;Wood;;1958-01-01;MFL;1934-01-01;;
DEU500050115;;DEU;;;1.00;0.00;0.00;;5.65;0.00;---;HEN5;HEN5;Hennstedt;;N;;N;N;N;;;GO;;GNS, FPO;4.00;0.00;Wood;;1954-09-01;MFL;1948-01-01;;
DEU500060115;;DEU;;;1.00;0.00;0.00;;5.80;0.00;---;HEN8;HEN8;;;N;;N;N;N;;;GO;;GNS, NO;0.00;0.00;Wood;;1978-06-01;MFL;1978-01-01;;2018-05-11
DEU500070115;;DEU;;;1.00;0.00;0.00;;6.10;0.00;---;HEN12;HEN12;Hennstedt;;N;;N;N;N;;;GO;;GNS, FPO;4.00;0.00;Wood;;1987-04-01;MFL;1963-01-01;;
DEU500080105;;DEU;;;5.00;8.04;0.00;;9.64;9.31;PALOMA;BUES15;BUES15;Büsum;;Y;DJET;N;;;;;TUB;;TBB, OTB;74.00;0.00;Fiber/Plastic;;1978-08-15;4C5;1978-01-01;;1999-11-16
DEU500090105;;DEU;;;0.00;16.05;0.00;;14.07;0.00;PORNSTROM;TOEN4;TOEN4;;;Y;DJGD;N;;;;;FX;;TBB, NO;88.00;0.00;;;1960-04-01;4;;;1993-06-30
DEU500110105;;DEU;;;0.00;24.44;0.00;;15.25;0.00;CAPELLA II;TOEN32;TOEN32;Tönning;;Y;DJFS;N;;;;;TUB;;TBB, NO;165.00;0.00;Wood;;1965-01-01;C11;1965-01-01;;1994-01-12
DEU500120105;211773410;DEU;;;37.00;0.00;0.00;;16.60;15.25;DAVY JONES;SD16;SD16;Friedrichskoog;;Y;DJEZ;Y;Y;Y;;;TU;;TBB, NK;190.00;0.00;Wood;;1960-04-01;MFL;1960-01-01;;
DEU500130105;218299000;DEU;;;76.00;0.00;0.00;;25.27;0.00;BOREAS;ST2;ST2;Tönning;;Y;DJBC;Y;Y;Y;8528917;;TU;;TBB, OTM;221.00;0.00;Metal;;1976-05-27;MFL;1961-01-01;;2024-06-18
DEU500140105;211414290;DEU;;;42.00;0.00;0.00;;18.54;15.85;Irmgard-Marie;ACC6;ACC6;Accumersiel;;Y;DJBB;Y;Y;Y;;;TU;;TBB, OTB;221.00;0.00;Metal;;1964-01-01;MFL;1964-01-01;;
DEU500150105;;DEU;;;47.00;0.00;0.00;;20.57;17.68;FRIESLAND;ST5;ST5;Tönning;;Y;DJDU;Y;Y;Y;;;TUB;;TBB, NO;176.00;0.00;Metal;;1963-12-07;MFL;1959-01-01;;
DEU500160105;;DEU;;;0.00;29.15;0.00;;15.98;0.00;NIS RANDERS;ST6;ST6;Tönning;;Y;DJGV;N;;;;;TUB;;TBB, NO;107.00;0.00;Wood;;1966-12-31;C11;1966-01-01;1992-03-25;
DEU500170105;211651620;DEU;;;34.00;0.00;0.00;;17.17;15.24;BONA-FIDE;GRE8;GRE8;Greetsiel;;Y;DLXW;Y;Y;Y;;;TU;;TBB, OTB;221.00;0.00;Metal;;1969-11-12;MFL;1969-01-01;;2023-06-06
DEU500180105;;DEU;;;41.00;40.11;0.00;;19.12;17.39;SIGRID;ST8;ST8;Tönning;;Y;DJEP;Y;;;;;TUB;;TBB, NO;184.00;0.00;Metal;;1948-01-01;MFL;1947-01-01;;2012-04-25
DEU500190105;;DEU;;;34.00;33.99;0.00;;16.40;14.62;WENCKE;PEL15;PEL15;;;Y;DJDF;Y;;;;;FX;;TBB, GNS;221.00;0.00;Metal;;1977-06-15;MFL;1977-01-01;;
DEU500200105;211483620;DEU;;;32.00;0.00;0.00;;15.58;13.93;JAN LOODEN;GRE13;GRE13;Greetsiel;;Y;DJIV;Y;Y;Y;;;TU;;TBB, OTB;221.00;0.00;Metal;;1980-08-01;MFL;1980-01-01;;
DEU500220105;;DEU;;;0.00;36.15;0.00;;18.16;0.00;TINA I;ST17;ST17;Tönning;;Y;DLYX;N;;;;;TUB;;TBB, NO;165.00;0.00;Metal;;1972-04-01;C11;1960-01-01;;
DEU500240105;;DEU;;;38.00;28.93;0.00;;16.03;14.18;POSEIDON;ST20;ST20;;;Y;DJHQ;Y;;;;;FX;;TBB, OTB;165.00;0.00;Wood;;1968-06-09;MFL;1968-01-01;;2014-09-26
DEU500250105;;DEU;;;18.00;16.40;0.00;;14.08;0.00;JUPITER;SU2;SU2;Husum;;Y;DD6372;N;;;;;TUB;;TBB, OTB;131.00;0.00;Wood;;1981-08-01;4C5;1963-01-01;;1999-11-16
DEU500260105;211802810;DEU;;;32.00;0.00;0.00;;15.90;15.04;BIRTE;SU24;SU24;Husum;;Y;DJIF;Y;Y;Y;;;TU;;TBB, GNS;221.00;0.00;Wood;;1969-06-01;MFL;1969-01-01;2024-12-09;
DEU500270105;211315620;DEU;;;59.00;0.00;0.00;;23.69;21.00;JAN MAAT;SC3;SC3;Büsum;;Y;DJCE;Y;Y;Y;;;TU;;TBB, GNS;221.00;0.00;Metal;;1977-01-02;MFL;1963-01-01;;
DEU500280105;211344000;DEU;;;42.00;0.00;0.00;;17.95;16.35;STELLA POLARIS;SD28;SD28;;;Y;DLZP;Y;Y;Y;;;TU;;TBB, GNS;220.00;0.00;Wood;;1973-05-01;MFL;1973-01-01;;
DEU500290105;;DEU;;;0.00;31.36;0.00;;17.82;0.00;BRITTA;ST29;ST29;;;Y;DJBR;N;;;;;TUB;;TBB, NO;147.00;0.00;;;1977-01-02;4;;;1992-12-29
DEU500300105;;DEU;;;62.00;0.00;0.00;;19.96;18.19;Hindenburg;SD11;SD11;Friedrichskoog;;Y;DJMP;Y;Y;Y;8536885;;TU;;TBB, OTB;221.00;0.00;Metal;;1984-03-01;MFL;1984-01-01;;
DEU500310102;;DEU;;;161.00;148.41;0.00;;33.17;31.02;EDE CUNZE;HUS1;HUS1;;;Y;DJMU;Y;;;8404848;;DO;;DRB, NO;292.00;0.00;Metal;;1984-04-01;MFL;1984-01-01;;2008-11-25
DEU500320102;;DEU;;;0.00;15.20;0.00;;14.31;0.00;HEIKE;HUS2;HUS2;Husum;;Y;DJGJ;N;;;;;TUB;;TBB, NO;129.00;0.00;Wood;;1962-04-01;C11;1961-01-01;1992-11-26;
DEU500330102;;DEU;;;0.00;15.34;0.00;;14.28;0.00;OLAND;HUS6;HUS6;Husum;;Y;DJFU;N;;;;;TUB;;TBB, NO;174.00;0.00;Wood;;1964-01-01;C11;1963-01-01;;1995-01-10
DEU500340102;;DEU;;;10.00;10.93;0.00;;11.89;11.09;TROLL;CUX5;CUX5;Cuxhaven;;Y;DFMX;N;;;;;TUB;;TBB, OTB;93.00;0.00;Wood;;1987-04-01;MFL;1958-01-01;;2003-12-12
DEU500350102;;DEU;;;126.00;147.73;0.00;;32.44;29.20;BRANDENBURG;HUS8;HUS8;;;Y;DJWI;N;;;;;FX;;DRB, NO;221.00;0.00;;;1976-04-15;4CZ;;;1997-08-01
DEU500360102;;DEU;;;38.00;30.62;0.00;;16.65;15.32;EDELWEISS;SD14;SD14;;;Y;DJGC;Y;;;;;FX;;TBB, NO;221.00;0.00;Wood;;1966-04-01;MFL;1965-01-01;;
DEU500370102;;DEU;;;25.00;22.46;0.00;;15.60;14.70;FALKE I;VAR7;VAR7;Varel;;Y;DJDW;Y;;;;;TUB;;TBB, OTB;151.00;0.00;Wood;;1982-01-01;MFL;1962-01-01;;2007-12-03
DEU500380102;211265640;DEU;;;40.00;0.00;0.00;;18.76;16.81;FRIESLAND;HUS18;HUS18;;;Y;DJGB;Y;Y;Y;;;TU;;TBB, OTB;219.00;0.00;Metal;;1979-04-01;MFL;1979-01-01;;
DEU500390102;;DEU;;;43.00;36.98;0.00;;18.51;17.05;MARION;HUS19;HUS19;Husum;;Y;DJGF;Y;Y;Y;;;TUB;;TBB, OTB;184.00;0.00;Wood;;1980-04-01;MFL;1980-01-01;;
DEU500400102;;DEU;;;26.00;0.00;0.00;;15.08;13.80;CHRISTINE;SD10;SD10;;;Y;DJCH;Y;;;;;FX;;TBB, NO;190.00;0.00;Wood;;1976-12-01;MFL;1976-01-01;;
DEU500410102;;DEU;;;26.00;0.00;0.00;;15.55;14.48;ZUKUNFT;SC2;SC2;;;Y;DLYQ;Y;N;Y;;;TU;;TBB, OTB;184.00;0.00;Wood;;1971-08-01;MFL;1971-01-01;;2019-04-02
DEU500420102;;DEU;;;20.00;18.41;0.00;;14.76;13.59;ANITA;FED8;FED8;;;Y;DCPF;N;;;;;FX;;TBB, OTB;146.00;0.00;Wood;;1988-09-13;MFL;1956-01-01;;2012-12-17
DEU500430102;;DEU;;;0.00;40.56;0.00;;18.14;0.00;SUEDEROOG;ST22;ST22;;;Y;DJFO;N;;;;;FX;;TBB, NO;180.00;0.00;;;1978-11-30;4;;1991-11-28;
DEU500440102;;DEU;;;48.00;46.00;0.00;;18.56;17.03;THEODOR STORM;SU3;SU3;Husum;;Y;DJDM;Y;Y;Y;;;TUB;;TBB, OTB;219.00;0.00;Wood;;1977-10-07;MFL;1977-01-01;;
DEU500450102;;DEU;;;0.00;49.06;0.00;;17.98;0.00;ALK;SU4;SU4;;;Y;DDBX;N;;;;;MO;;TBB, NO;162.00;0.00;;;1986-12-04;4;;;
DEU500460105;;DEU;;;0.00;15.46;0.00;;11.26;0.00;BIRGIT;TOEN6;TOEN6;;;Y;DA7121;N;;;;;FX;;TBB, NO;130.00;0.00;;;1964-03-14;4;;;
DEU500470102;211161000;DEU;;;41.00;0.00;0.00;;17.27;15.35;ANDREA;SD23;SD23;Friedrichskoog;;Y;DJIM;Y;Y;Y;;;TU;;TBB, OTB;221.00;0.00;Metal;;1980-02-18;MFL;1980-01-01;;
DEU500480102;211245680;DEU;;;65.00;0.00;0.00;;20.87;18.76;OSTPREUSSEN;SU6;SU6;Husum;;Y;DJEL;Y;Y;Y;;;TU;;TBB, OTB;220.00;0.00;Metal;;1978-04-30;MFL;1978-01-01;;
DEU500490102;;DEU;;;29.00;25.06;0.00;;15.79;14.48;HOLSTEIN;SU7;SU7;Husum;;Y;DIRM;Y;;;;;TUB;;TBB, GNS;110.00;0.00;Wood;;1968-10-01;MFL;1968-01-01;;2005-05-10
DEU500500102;;DEU;;;44.00;41.23;0.00;;17.04;15.28;HEIMATLAND;SU8;SU8;;;Y;DLZK;Y;;;;;FX;;GNS, LLS;184.00;0.00;Metal;;1973-03-01;MFL;1972-01-01;;2011-12-28
DEU500520102;211546000;DEU;;;60.00;0.00;0.00;;18.83;17.10;ANTARES;NEU225;NEU225;Neuharlingersiel;;Y;DJES;Y;Y;Y;;;TU;;TBB, OTB;221.00;0.00;Wood;;1978-10-15;MFL;1978-01-01;;
DEU500530102;;DEU;;;68.00;0.00;0.00;;19.00;17.28;DOGGERBANK;SD1;SD1;;;Y;DJDS;Y;;;;;FX;;TBB, OTB;221.00;0.00;Metal;;1978-02-21;MFL;1978-01-01;;
DEU500540102;;DEU;;;20.00;0.00;0.00;;14.25;13.03;FORTUNA;CUX3;CUX3;Cuxhaven;;Y;DJEN;N;N;N;;;TU;;TBB, NO;130.00;0.00;Wood;;1966-11-21;MFL;1966-01-01;;2024-01-30
DEU500550108;211176000;DEU;;;46.00;0.00;0.00;;17.00;14.74;ANNA;NEU244;NEU244;Neuharlingersiel;;Y;DJIG;Y;Y;Y;;;TU;;TBB, OTB;221.00;0.00;Metal;;1986-10-14;MFL;1986-01-01;;
DEU500560108;;DEU;;;23.00;0.00;0.00;;14.55;0.00;ANNEMARIE;PEL21;PEL21;;;Y;DJFK;Y;;;;;FX;;TBB, GNS;176.00;0.00;Wood;;1965-01-16;MFL;1965-01-01;;
DEU500570108;211625000;DEU;;;49.00;0.00;0.00;;18.04;16.45;GOEDEKE MICHEL;SC29;SC29;Büsum;;Y;DJDR;Y;Y;Y;;;TU;;TBB, OTB;221.00;0.00;Wood;;1978-04-01;MFL;1978-01-01;;
DEU500580108;;DEU;;;0.00;3.77;0.00;;7.30;0.00;NICKELS;PEL6;PEL6;;;N;;N;;;;;FX;;GNS, NO;2.00;0.00;;;1988-08-08;C11;;;1994-02-23
DEU500590108;;DEU;;;5.00;0.00;0.00;;9.60;0.00;GEBRÜDER II;PEL8;PEL8;;;Y;DA2845;N;N;N;;;TU;;TBB, GNS;49.00;0.00;Metal;;1983-04-11;MFL;1982-01-01;;
DEU500600108;;DEU;;;43.00;34.96;0.00;;17.94;16.75;NORDEROOG;PEL9;PEL9;Pellworm;;Y;DLZC;Y;;;;;TUB;;TBB, GNS;182.00;0.00;Wood;;1972-02-18;MFL;1971-01-01;;2008-09-08
DEU500620108;;DEU;;;0.00;4.47;0.00;;7.95;0.00;SYLKA;PEL12;PEL12;;;N;;N;;;;;FX;;GNS, NO;26.00;0.00;;;1991-12-31;C11;;;1994-02-23
DEU500630124;211398000;DEU;;;38.00;0.00;0.00;;16.45;14.82;NANTIANE;HOO1;HOO1;Hooge;;Y;DJIS;Y;Y;Y;;;TU;;TBB, OTB, GNS, FPO;221.00;0.00;Metal;;1980-07-01;MFL;1980-01-01;;
DEU500640124;;DEU;;;21.00;0.00;0.00;;15.58;13.80;NANTIANE;HOO3;HOO3;;;Y;DLYL;Y;Y;Y;;;TU;;TBB, GNS;184.00;0.00;Wood;;1970-08-25;MFL;1970-01-01;;2019-10-08
DEU500650110;;DEU;;;26.00;0.00;0.00;;15.06;0.00;WIRONI;SU4;SU4;Husum;;Y;DLZV;Y;N;Y;;;TU;;TBB, OTB;125.00;0.00;Wood;;1974-04-10;MFL;1974-01-01;2022-02-18;
DEU500660110;;DEU;;;27.00;26.43;0.00;;15.65;14.28;CLAUDIA;WRE6;WRE6;;;Y;DJIO;Y;;;;;FX;;TBB, OTB;221.00;0.00;Wood;;1979-05-01;MFL;1979-01-01;;
DEU500680110;;DEU;;;46.00;43.00;0.00;;16.98;0.00;HARTJE;SW4;SW4;;;Y;DJGO;Y;;;;;FX;;TBB, OTB;221.00;0.00;Metal;;1986-08-28;MFL;1986-01-01;;
DEU500700110;211364320;DEU;;;189.00;0.00;0.00;;35.95;34.11;CORNELIS;WYK1;WYK1;Wyk Auf Föhr;;Y;DJMW;Y;Y;Y;8404850;;DB;;DRB, NK;358.00;82.00;Metal;;1984-05-09;AQU;1984-01-01;;
DEU500710110;;DEU;;;131.00;127.21;0.00;;30.08;27.07;SUEDSTRAND;WYK2;WYK2;;;Y;DJBF;N;;;8137172;;FX;;DRB, NO;221.00;0.00;Metal;;1976-08-01;MFL;1976-01-01;;
DEU500720110;;DEU;;;0.00;123.92;0.00;;35.10;31.60;CARDIUM;WYK3;WYK3;;;N;;N;;;;;FX;;DRB, NO;176.00;0.00;;;1911-12-31;5;;;
DEU500730110;;DEU;;;115.00;123.67;0.00;;30.91;28.80;ZEELAND;WYK4;WYK4;;;Y;DLXD;N;;;6814764;;FX;;DRB, NO;260.00;0.00;;;1968-02-15;4CZ;;;
DEU500740110;211364330;DEU;;;217.00;0.00;0.00;;35.85;32.27;CAPELLA;WYK5;WYK5;Wyk Auf Föhr;;Y;DJJR;Y;Y;Y;8729901;;DB;;DRB, NK;560.00;330.00;Metal;;1989-01-01;MFL;1988-01-01;;
DEU500750110;;DEU;;;0.00;77.02;0.00;;29.13;26.22;MYTILUS;WYK6;WYK6;;;Y;DJIY;N;;;;;FX;;DRB, NO;177.00;0.00;;;1925-12-31;Z25;;1995-04-11;
DEU500760110;;DEU;;;187.00;0.00;0.00;;36.22;33.00;ADRIAAN;WYK7;WYK7;;;Y;DLZD;Y;;;8421999;;FX;;DRB, NO;716.00;0.00;Metal;;1985-05-14;MFL;1985-01-01;;
DEU500770110;218342000;DEU;;;298.00;0.00;0.00;;42.66;39.99;WATTENLAEUFER;WYK8;WYK8;Wyk Auf Föhr;;Y;DJDB;Y;Y;Y;8826656;;DB;;DRB, NO;750.00;380.00;Metal;;1987-08-07;AQU;1987-01-01;;
DEU500790123;;DEU;;;36.00;31.98;0.00;;17.64;15.92;GILA;HUS7;HUS7;;;Y;DDFA;Y;;;;;FX;;TBB, OTB;221.00;0.00;Metal;;1987-02-11;MFL;1976-01-01;;
DEU500800122;;DEU;;;0.00;42.19;0.00;;19.29;0.00;RITA;MUN1;MUN1;;;N;;N;;;;;FX;;DRB, NO;103.00;0.00;;;1931-12-31;5;;;1990-02-28
DEU500810113;;DEU;;;0.00;11.71;0.00;;12.91;0.00;ORION;SCHL1;SCHL1;;;N;;N;;;;;FX;;TBB, NO;55.00;0.00;;;1960-08-01;C12;;;1995-02-28
DEU500820113;;DEU;;;0.00;120.85;0.00;;26.92;26.00;ADRIAAN SIMON;SCHL2;SCHL2;;;Y;DJGA;N;;;;;FX;;DRB, NO;221.00;0.00;;;1975-08-01;4CZ;;;1997-02-11
DEU500830113;;DEU;;;186.00;204.95;0.00;;36.00;33.00;---;WYK9;WYK9;;;Y;DJJP;N;;;8702094;;DO;;DRB, NO;368.00;0.00;Metal;;1987-02-19;MFL;1987-01-01;;
DEU500840125;;DEU;;;4.00;4.59;0.00;;8.30;0.00;WANEBANG;HOER1;HOER1;Hörnum-Sylt;;N;;N;;;;;TUB;;TBB, NO;26.00;0.00;Fiber/Plastic;;1988-03-01;4C5;1988-01-01;;1997-08-01
DEU500850115;;DEU;;;1.00;0.00;0.00;;5.85;0.00;---;HEN9;HEN9;;;N;;N;N;N;;;GO;;GNS, NO;4.00;0.00;Wood;;1991-12-31;MFL;1948-01-01;;2018-05-11
DEU500860102;211599000;DEU;;;61.00;0.00;0.00;;19.63;17.73;RUGENORT;SD8;SD8;Friedrichskoog;;Y;DLWN;Y;Y;Y;;;TU;;TBB, OTB;221.00;0.00;Metal;;1990-09-15;MFL;1990-01-01;;
DEU500870110;;DEU;;;53.00;32.23;0.00;;17.59;15.81;RUNGHOLT;SD21;SD21;;;Y;DLYA;Y;;;;;FX;;TBB, OTB;220.00;0.00;Metal;;1990-10-17;MFL;1990-01-01;;
DEU500880102;211519080;DEU;;;27.00;0.00;0.00;;15.48;14.74;WODAN;SPI9;SPI9;Spieka-Neufeld;;Y;DLWR;Y;Y;Y;;;TU;;TBB, OTB;129.00;0.00;Metal;;1992-11-30;MFL;1990-01-01;;
DEU500890115;;DEU;;;1.00;0.00;0.00;;6.40;0.00;---;HEN7;HEN7;;;N;;N;;;;;FX;;GNS, NK;4.00;0.00;Wood;;1993-03-23;MFL;1967-01-01;;2016-06-16
DEU500900105;;DEU;;;200.00;173.73;0.00;;34.02;32.49;STADT TOENNING;ST27;ST27;Tönning;;Y;DLXP;N;;;;;TUB;;TBB, OTB;908.00;0.00;Metal;;1988-06-01;MFL;1973-01-01;;2003-12-30
DEU500910108;;DEU;;;1.00;2.73;0.00;;4.30;0.00;NICKELS;PEL6;PEL6;;;N;;N;;;;;FX;;GNS, NO;3.00;0.00;Wood;;1994-02-23;MFL;1994-01-01;;2007-01-01
DEU500920108;;DEU;;;1.00;6.29;0.00;;8.70;0.00;FRIESIA I;PEL3;PEL3;Pellworm;;N;;N;;;;;TUB;;TBB, NO;51.00;0.00;Metal;;1974-12-31;MFL;1974-01-01;;2011-06-24
DEU500930108;;DEU;;;9.00;10.00;0.00;;11.00;0.00;GEBRUEDER;PEL7;PEL7;;;N;;N;;;;;FX;;GNS, TBB;37.00;0.00;Wood;;1996-03-04;MFL;1971-01-01;;2008-05-01
DEU500940115;;DEU;;;1.00;0.00;0.00;;6.20;0.00;HORST;HEN11;HEN11;Hennstedt;;N;;N;N;N;;;GO;;GNS, FPO;3.00;0.00;Wood;;1996-03-01;MFL;1960-01-01;;
DEU500950125;;DEU;;;4.00;6.04;0.00;;9.50;0.00;KONTIKI;HOER1;HOER1;Hörnum-Sylt;;N;;N;;;;;TUB;;TBB, GNS;0.00;0.00;Metal;;1997-07-09;4C5;1990-01-01;;2002-05-07
DEU500960110;211282410;DEU;;;377.00;0.00;0.00;;43.38;39.37;TRIJNTJE;WYK3;WYK3;Wyk Auf Föhr;;Y;DJEI;Y;Y;Y;9179098;;DB;;DRB, NK;750.00;520.00;Metal;;1998-08-07;MFL;1997-01-01;;
DEU500970104;;DEU;;;7.00;0.00;0.00;;10.51;8.99;LUETJE;LIST5;LIST5;List/Sylt;;N;;N;;;;;TUB;;TBB, GNS;58.00;0.00;Metal;;2001-08-01;MFL;1954-01-01;;2009-02-18
DEU500980105;;DEU;;;304.00;0.00;0.00;;38.33;33.49;JACOB GRIETJE;ST27;ST27;;;Y;DJMA;Y;Y;Y;8304543;;TU;;TBB, OTB;1030.00;0.00;Metal;;2003-12-30;MFL;1983-01-01;;2019-02-04
DEU500990110;211413470;DEU;;;406.00;0.00;0.00;;43.60;0.00;SIMON ALEXANDER;WYK9;WYK9;Wyk Auf Föhr;;Y;DLXQ;Y;Y;Y;8981523;;DB;;DRB, NK;736.00;729.00;Metal;;2004-03-30;MFL;2004-01-01;;
DEU501000110;211115000;DEU;;;419.00;0.00;0.00;;43.42;39.41;JOHANNA LEINTJE;WYK2;WYK2;Wyk Auf Föhr;;Y;DJNE;Y;Y;Y;9316426;;DB;;DRB, NK;747.00;743.00;Metal;;2004-07-01;MFL;2004-01-01;;
DEU501010115;;DEU;;;1.00;0.00;0.00;;6.08;0.00;---;HEN1;HEN1;;;N;;N;N;N;;;GO;;GNS, NK;2.00;0.00;Wood;;2004-08-01;MFL;2004-01-01;;2021-09-03
DEU501020108;211595000;DEU;;;54.00;0.00;0.00;;17.95;15.94;Anika;PEL2;PEL2;Pellworm;;Y;DKFF;Y;Y;Y;;;TU;;TBB, OTB, FPO, GNS;221.00;77.00;Metal;;2007-01-25;MFL;2006-01-01;;
DEU504000105;;DEU;;;3.00;4.52;0.00;;8.00;0.00;TRISCHEN;TOEN50;TOEN50;Tönning;;N;;N;;;;;TUB;;TBB, GNS;44.00;0.00;Metal;;1986-08-01;4C5;1986-01-01;;2000-05-29
DEU504010105;;DEU;;;3.00;0.00;0.00;;7.80;0.00;ELKE;TOEN51;TOEN51;Tönning;;N;;N;;;;;TUB;;TBB, NO;13.00;0.00;Wood;;1992-01-01;MFL;1992-01-01;;2006-12-30
DEU504020105;;DEU;;;3.00;0.00;0.00;;8.24;0.00;JAN;TOEN53;TOEN53;Tönning;;N;;N;;;;;TUB;;TBB, FPO;48.00;0.00;Metal;;1992-01-01;MFL;1963-01-01;;2006-12-30
DEU504030114;;DEU;;;2.00;0.00;0.00;;5.30;0.00;KARIN;PET11;PET11;Sankt Peter-Ording;;N;;N;N;N;;;TU;;TBB, GNS;7.00;0.00;Wood;;1980-10-03;MFL;1970-01-01;;2024-09-10
DEU504040114;;DEU;;;3.00;5.07;0.00;;8.21;0.00;STOER;ORD1;ORD1;Sankt Peter-Ording;;N;;N;;;;;TUB;;TBB, GNS;10.00;0.00;Wood;;1987-05-01;4C5;1973-01-01;;2001-08-01
DEU504050114;;DEU;;;3.00;0.00;0.00;;8.85;0.00;ALBIN;ORD2;ORD2;Sankt Peter-Ording;;N;;N;;;;;TUB;;TBB, NO;52.00;0.00;Wood;;1990-05-01;MFL;1962-01-01;;2005-12-02
DEU504060114;;DEU;;;2.00;0.00;0.00;;6.20;0.00;Katrin P;OHR6;OHR6;;;N;;N;N;N;;;GO;;GNS, FPO;16.00;0.00;Fiber/Plastic;;1980-04-14;MFL;1979-01-01;;2020-10-23
DEU504070114;;DEU;;;3.00;0.00;0.00;;7.50;0.00;ANGELA;ORD11;ORD11;;;N;;N;N;N;;;TU;;TBB, GNS;27.00;0.00;Fiber/Plastic;;1983-07-19;MFL;1975-01-01;;
DEU504080114;;DEU;;;2.00;4.58;0.00;;8.05;0.00;BISCAYA;BUES6;BUES6;Büsum;;N;;N;;;;;TUB;;TBB, GNS;30.00;0.00;Fiber/Plastic;;1983-07-19;4C5;1983-01-01;;2000-10-26
DEU504090102;;DEU;;;4.00;6.80;0.00;;9.77;0.00;DOERTE;HUS51;HUS51;Husum;;N;;N;;;;;TUB;;TBB, GNS;45.00;0.00;Wood;;1986-07-01;MFL;1986-01-01;;2004-10-26
DEU504100102;;DEU;;;2.00;2.99;0.00;;6.50;0.00;SEESTERN;HUS52;HUS52;Husum;;N;;N;;;;;TUB;;TBB, FPO;15.00;0.00;Wood;;1981-01-15;MFL;1940-01-01;;2011-12-31
DEU504110102;;DEU;;;5.00;6.05;0.00;;9.25;0.00;MEERY LENE;EMD2;EMD2;Emden;;N;;N;;;;;TUB;;TBB, GNS;67.00;0.00;Wood;;1991-04-01;4C5;1984-01-01;;1997-05-20
DEU504120102;;DEU;;;3.00;6.00;0.00;;9.20;0.00;INSULANER;HUS54;HUS54;Husum;;N;;N;;;;;TUB;;TBB, OTB;52.00;0.00;Wood;;1988-03-15;MFL;1958-01-01;;2011-12-31
DEU504130113;;DEU;;;1.00;2.22;0.00;;5.60;0.00;---;WYK12;WYK12;Wyk Auf Föhr;;N;;N;;;;;TUB;;TBB, GNS;0.00;0.00;Wood;;1979-04-01;MFL;1979-01-01;;2007-01-29
DEU504140108;;DEU;;;8.00;7.07;0.00;;10.60;0.00;LUETTE CONDOR;BUES13;BUES13;Büsum;;N;;N;;;;;TUB;;TBB, GNS;96.00;0.00;Wood;;1988-08-01;4C5;1988-01-01;;1998-08-21
DEU504150108;;DEU;;;1.00;2.54;0.00;;6.00;0.00;TAMMENWARFT;PEL10;PEL10;Pellworm;;N;;N;;;;;TUB;;TBB, GNS;6.00;0.00;Wood;;1985-06-01;MFL;1971-01-01;;2012-08-31
DEU504160108;;DEU;;;3.00;5.54;0.00;;8.85;0.00;ROBBE;PEL14;PEL14;Pellworm;;N;;N;;;;;TUB;;TBB, GNS;53.00;0.00;Metal;;1991-05-20;MFL;1975-01-01;;2012-06-29
DEU504170124;;DEU;;;2.00;4.67;0.00;;8.12;0.00;ROERBECK;HOO10;HOO10;Hooge;;N;;N;;;;;TUB;;TBB, GNS;24.00;0.00;Metal;;1981-04-01;MFL;1981-01-01;;2004-03-29
DEU504180124;;DEU;;;2.00;4.30;0.00;;7.80;0.00;HALLIGMOEWE;HOO14;HOO14;Hooge;;N;;N;N;N;;;TUB;;TBB, GNS;25.00;0.00;Wood;;1974-04-01;MFL;1974-01-01;;
DEU504190110;;DEU;;;3.00;5.11;0.00;;8.50;0.00;NORDLICHT;WYK22;WYK22;Wyk Auf Föhr;;N;;N;;;;;TUB;;TBB, GNS;21.00;0.00;Fiber/Plastic;;1992-01-01;MFL;1992-01-01;;2004-03-29
DEU504200110;;DEU;;;5.00;0.00;0.00;;9.15;0.00;PIRAT;FRE101;FRE101;Freest;;N;;N;N;N;;;GO;;GNS, LLS;88.00;0.00;Fiber/Plastic;;1981-03-01;MFL;1978-01-01;;
DEU504210125;;DEU;;;3.00;5.11;0.00;;8.50;0.00;BUTSCH II;HOER8;HOER8;Hörnum-Sylt;;Y;DD3275;N;;;;;TUB;;TBB, GNS;46.00;0.00;Metal;;1982-05-15;MFL;1982-01-01;;2003-08-18
DEU504220125;;DEU;;;2.00;0.00;0.00;;6.60;0.00;BO;RAN1;RAN1;;;N;;N;N;N;;;TU;;TBB, GNS;18.00;0.00;Fiber/Plastic;;1986-08-01;MFL;1975-01-01;;
DEU504230104;;DEU;;;5.00;0.00;0.00;;9.20;0.00;FARIDA;LIST4;LIST4;List/Sylt;;Y;DH6546;N;;;;;TUB;;TBB, GNS;58.00;0.00;Metal;;1992-01-01;MFL;1985-01-01;;2006-06-27
DEU504240104;;DEU;;;3.00;0.00;0.00;;8.52;0.00;TUEMMLER;LIST10;LIST10;;;N;;N;;;;;FX;;TBB, OTB;33.00;0.00;Fiber/Plastic;;1978-01-11;MFL;1977-01-01;;2016-06-23
DEU504250102;;DEU;;;3.00;0.00;0.00;;7.85;0.00;SPARKY;WYK4;WYK4;Wyk Auf Föhr;;N;;N;N;N;;;TU;;TBB, GNS;40.00;0.00;Fiber/Plastic;;1996-03-01;MFL;1976-01-01;;2025-04-10
DEU504260104;;DEU;;;5.00;5.40;0.00;;8.50;0.00;BRITTA;LIST3;LIST3;List/Sylt;;N;;N;;;;;TUB;;TBB, GNS;52.00;0.00;Wood;;1996-03-08;4CZ;1958-01-01;;2002-04-03
DEU504270102;;DEU;;;1.00;5.34;0.00;;8.40;0.00;GODEWIND;HUS200;HUS200;;;N;;N;;;;;FX;;GNS, FPO;59.00;0.00;Wood;;1996-07-11;MFL;1961-01-01;;2010-06-07
DEU504280114;;DEU;;;2.00;0.00;0.00;;7.00;0.00;KARIN-MARIE;PET211;PET211;Sankt Peter-Ording;;N;;N;N;N;;;TU;;TBB, GNS;45.00;0.00;Fiber/Plastic;;1996-10-01;MFL;1972-01-01;;2024-09-10
DEU504290102;;DEU;;;1.00;0.00;0.00;;6.72;0.00;DOTJE;HUS201;HUS201;Husum;;N;;N;;;;;TUB;;TBB, GNS;34.00;0.00;Metal;;1998-02-25;MFL;1972-01-01;;2006-12-20
DEU504300102;;DEU;;;2.00;0.00;0.00;;7.07;0.00;HYDRA;HUS202;HUS202;Husum;;N;;N;;;;;TUB;;TBB, GNS;29.00;0.00;Wood;;1999-02-01;MFL;1997-01-01;;2008-03-31
DEU504310108;;DEU;;;2.00;0.00;0.00;;6.25;0.00;MARINA;PEL100;PEL100;;;N;;N;;;;;FX;;GNS, OTB;36.00;0.00;Fiber/Plastic;;1999-05-31;MFL;1999-01-01;;2004-04-13
DEU504320102;;DEU;;;4.00;0.00;0.00;;9.46;0.00;ERNA;HUS203;HUS203;;;N;;N;;;;;FX;;GNS, FPO;84.00;0.00;Metal;;2000-09-19;MFL;1999-01-01;;2004-10-26
DEU504330102;;DEU;;;2.00;0.00;0.00;;7.20;0.00;JETTE;HUS204;HUS204;;;N;;N;;;;;FX;;GNS, TBB;15.00;0.00;Fiber/Plastic;;2001-01-12;MFL;2000-01-01;;2010-12-31
DEU504350105;;DEU;;;2.00;0.00;0.00;;8.08;0.00;SIMONE;TOEN55;TOEN55;;;N;;N;;;;;FX;;GNS, FPO;21.00;0.00;Fiber/Plastic;;2002-04-11;MFL;2002-01-01;;2012-08-03
DEU504360110;211632740;DEU;;;7.00;0.00;0.00;;9.98;0.00;NORDSTERN;SW8;SW8;Wyk Auf Föhr;;Y;DG3456;N;N;Y;;;TU;;TBB, GNS;100.00;0.00;Metal;;2004-03-28;MFL;1985-01-01;;
DEU504370108;211519950;DEU;;;33.00;0.00;0.00;;17.26;15.57;Columbus;PEL33;PEL33;Pellworm;;Y;DKZN;Y;Y;Y;;;TU;;TBB, GNS, FPO, OTB;221.00;0.00;Metal;;2008-04-22;MFL;2008-01-01;;
DEU504380105;;DEU;;;11.00;0.00;0.00;;11.89;10.95;Lina;TOEN56;TOEN56;Tönning;;N;;N;;;;;TUB;;TBB, NO;49.00;0.00;Metal;;2010-08-12;MFL;1968-01-01;;2011-11-15
DEU504390105;211586170;DEU;;;3.00;0.00;0.00;;8.08;7.88;KÄTHE BANDIX;SW5;SW5;Wyk Auf Föhr;;Y;DB2812;N;N;N;;;TU;;TBB, OTB;102.00;0.00;Metal;;1999-12-31;MFL;1999-01-01;;
DEU504400108;;DEU;;;1.00;0.00;0.00;;4.00;0.00;---;PEL34;PEL34;;;N;;N;;;;;FX;;GNS, FPO;11.00;0.00;Fiber/Plastic;;2012-07-23;MFL;2000-01-01;;
DEU600010205;;DEU;;;1.00;0.00;0.00;;5.95;0.00;---;NEU102;NEU102;"Neustadt"", Holstein";;N;;N;N;N;;;GO;;GNS, FPO;7.00;0.00;Fiber/Plastic;;2009-07-10;MFL;2009-01-01;;2022-12-01
DEU600020205;;DEU;;;1.00;0.00;0.00;;5.02;0.00;---;NEU107A;NEU107A;"Neustadt"", Holstein";;N;;N;N;N;;;GO;;GNS, FPO;4.00;0.00;Fiber/Plastic;;2009-09-14;MFL;2009-01-01;;2022-03-04
DEU600030205;;DEU;;;1.00;0.00;0.00;;4.80;0.00;Katharina;NEU112;NEU112;"Neustadt"", Holstein";;N;;N;N;N;;;GO;;GNS, FPO;11.00;0.00;Fiber/Plastic;;2009-12-01;MFL;1995-01-01;;2024-04-23
DEU600040203;;DEU;;;1.00;0.00;0.00;;5.06;0.00;DORIS;TRA12;TRA12;;;N;;N;N;N;;;GO;;GNS, FPO;11.00;0.00;Fiber/Plastic;;2011-08-04;MFL;2011-01-01;;
DEU600050218;;DEU;;;2.00;0.00;0.00;;7.30;0.00;MAMITA;GOT3;GOT3;Lübeck-Gothmund;;N;;N;N;N;;;GO;;GNS, FPO;32.00;0.00;Fiber/Plastic;;2023-01-05;MFL;1990-01-01;;
DEU600060205;;DEU;;;1.00;0.00;0.00;;5.30;0.00;CONSTANTIA III;NEU5;NEU5;"Neustadt"", Holstein";;Y;DA8902;N;N;N;;;GO;;GNS, FPO;18.00;0.00;Fiber/Plastic;;2023-07-07;MFL;1990-01-01;;
DNK000000610;;DEU;;;3.00;0.00;0.00;;7.90;0.00;Milan;ECKE9;ECKE9;Eckernförde;;N;;N;N;N;;;GO;;GNS, FPO;60.00;0.00;Fiber/Plastic;;2012-04-18;MFL;1976-01-01;;
DNK000001236;211477620;DEU;;;5.00;0.00;0.00;;8.90;0.00;Maleen;STRA108;STRA108;Strande;;Y;DF4765;N;N;N;;;GO;;GNS, FPO, LLS, GTR;52.00;0.00;Fiber/Plastic;;2008-01-01;MFL;1978-01-01;;
DNK000001744;;DEU;;;64.00;0.00;0.00;;18.52;17.01;SVALBARD;SH11;SH11;;;Y;DMNZ;Y;;;;;TS;;GNS, LLS;246.00;0.00;Wood;;2004-11-16;MFL;1978-01-01;;2007-11-15
DNK000002566;;DEU;;;12.00;0.00;0.00;;10.40;0.00;HILDE;AHL2;AHL2;;;N;;N;N;N;;;WO;;GNS, LLS;96.00;0.00;Fiber/Plastic;;2010-10-04;MFL;1977-01-01;;
DNK000003296;;DEU;;;215.00;0.00;0.00;;26.20;23.73;TINA CHRISTINA;SH6;SH6;;;Y;DMJK;Y;;;8108626;;SN;;OTB, OTM;459.00;0.00;Metal;;2005-03-10;MFL;1982-01-01;;2011-12-30
DNK000003461;;DEU;;;44.00;0.00;0.00;;15.98;14.81;KRISTINA;SH14;SH14;;;Y;DNRY;Y;;;;;WO;;GNS, LLS;175.00;0.00;Wood;;2002-03-17;MFL;1977-01-01;;2007-07-25
DNK000003602;;DEU;;;68.00;0.00;0.00;;18.53;17.18;Katharina Bork;SH15;SH15;Heiligenhafen;;Y;DKRF;Y;Y;Y;;;WO;;GNS, GTR;132.00;0.00;Wood;;2007-04-30;MFL;1964-01-01;;2021-05-18
DNK000005011;;DEU;;;83.00;0.00;0.00;;21.45;19.35;HELLE CHARLOTTE;SC18;SC18;;;Y;DFIF;Y;;;;;SN;;SDN, OTB;218.00;0.00;Metal;;2005-04-06;MFL;1984-01-01;;2011-12-28
DNK000005993;211452000;DEU;;;85.00;0.00;0.00;;24.01;20.78;Frigga;SH10;SH10;Heiligenhafen;;Y;DNPO;Y;Y;Y;8795417;;GO;;GNS, GTR;218.00;0.00;Metal;;2008-01-14;MFL;1978-01-01;;
DNK000006137;;DEU;;;374.00;0.00;0.00;;39.30;35.17;THOMAS BACH;SH4;SH4;;;Y;DMIZ;Y;Y;Y;8331833;;TT;;OTB, OTM;700.00;639.00;Metal;;2003-12-03;MFL;1983-01-01;;2018-03-29
DNK000006704;;DEU;;;195.00;0.00;0.00;;30.90;27.55;SYLVESTER;SH5;SH5;;;Y;DNPN;Y;;;;;TS;;PTB, OTB;625.00;0.00;Metal;;2008-04-29;MFL;1962-01-01;;2011-12-16
DNK000006772;;DEU;;;47.00;0.00;0.00;;17.31;15.68;KRISTINA;SH14;SH14;;;Y;DJSW;Y;;;;;WO;;GNS, GTR;220.00;0.00;Wood;;2007-07-24;MFL;1980-01-01;2015-02-18;
DNK000007088;;DEU;;;51.00;0.00;0.00;;18.27;16.40;VENUS;SH12;SH12;;;Y;DKVV;Y;;;;;TUB;;GNS, GTR;220.00;0.00;Metal;;2003-07-01;MFL;1970-01-01;;2015-11-06
DNK000007208;;DEU;;;29.00;0.00;0.00;;14.87;0.00;MARIA II;SH13;SH13;;;N;;N;;;;;TT;;OTB, PTB;218.00;0.00;Wood;;2006-12-11;MFL;1968-01-01;;2011-12-29
DNK000007999;;DEU;;;5.00;0.00;0.00;;8.12;0.00;VIVAT;GOT2;GOT2;Lübeck-Gothmund;;Y;DF7045;N;N;N;;;GO;;GNS, FPO;70.00;0.00;Fiber/Plastic;;2022-06-13;MFL;1977-01-01;;
DNK000008151;;DEU;;;5.00;0.00;0.00;;9.03;0.00;POPEYE;MAA8FF;MAA8FF;Maasholm;;Y;DH5103;N;N;N;;;GO;;GNS, FPO;50.00;0.00;Fiber/Plastic;;2017-12-30;MFL;1975-01-01;;
DNK000008291;;DEU;;;17.00;0.00;0.00;;11.98;10.68;INES;HEIL8;HEIL8;;;Y;DBFZ;N;;;;;TT;;OTB, PTB;206.00;0.00;Fiber/Plastic;;2002-02-01;MFL;1986-01-01;;2008-04-23
DNK000011784;;DEU;;;36.00;0.00;0.00;;16.09;0.00;VINETA;ARN10;ARN10;Arnis;;Y;DKYI;Y;Y;Y;;;TU;;OTB, PTB;217.00;0.00;Wood;;2016-09-15;MFL;1960-01-01;2022-10-17;
DNK000012465;;DEU;;;5.00;0.00;0.00;;7.98;0.00;CONSTANTIA II;TRA14;TRA14;;;Y;DJ4564;N;;;;;WO;;GNS, FPO;59.00;0.00;Fiber/Plastic;;2003-09-01;MFL;1985-01-01;;
DNK000013059;;DEU;;;80.00;0.00;0.00;;20.15;17.95;RONNI KARINA;SC17;SC17;;;Y;DFIE;Y;;;;;SN;;SDN, OTB;170.00;0.00;Metal;;2005-04-06;MFL;1963-01-01;;2011-12-28
DNK000013524;;DEU;;;3.00;0.00;0.00;;8.19;0.00;ANJA;TRA14;TRA14;;;N;;N;;;;;WO;;GNS, NO;32.00;0.00;Wood;;1991-11-15;MFL;1962-01-01;;2007-03-03
DNK000013895;;DEU;;;395.00;0.00;0.00;;39.48;37.15;STARHOLM;SH2;SH2;;;Y;DMKF;Y;;;;;TO;;OTB, OTM;961.00;0.00;Metal;;1973-12-31;MFL;1973-01-01;;2005-08-31
DNK000014003;;DEU;;;43.00;0.00;0.00;;15.64;0.00;EMIL;KAP3;KAP3;;;Y;DKZU;Y;;;;;TS;;OTB, PTB;220.00;0.00;Wood;;2008-05-28;MFL;1983-01-01;;2012-06-01
DNK000014292;;DEU;;;378.00;0.00;0.00;;40.50;37.15;STARHOLM II;SH2;SH2;;;Y;DKOZ;Y;;;6714809;;TT;;OTM, PTM;735.00;672.00;Metal;;1967-12-31;MFL;1967-01-01;;2011-12-28
DNK000014589;;DEU;;;7.00;0.00;0.00;;9.55;0.00;NORDERNEY;FRI21;FRI21;Friedrichskoog;;N;;N;N;N;;;TU;;TBB, GNS;87.00;0.00;Fiber/Plastic;;2019-09-30;MFL;1987-01-01;;
DNK000014669;;DEU;;;6.00;0.00;0.00;;9.33;0.00;NORDSTERN;KAM24;KAM24;;;Y;DF 2478;N;;;;;MTG;;GNS, FPO;63.00;0.00;Fiber/Plastic;;2002-07-26;MFL;1978-01-01;;2015-09-08
DNK000014789;;DEU;;;14.00;0.00;0.00;;10.06;8.86;MARIECHEN;SM6;SM6;;;Y;DJCI;N;;;;;MTG;;OTB, GNS;221.00;0.00;Metal;;1996-03-15;MFL;1991-01-01;;
DNK000015788;211554030;DEU;;;10.00;0.00;0.00;;9.86;0.00;BIRTE;MAA13;MAA13;Maasholm;;Y;DNQZ;N;N;N;;;GO;;GNS, FPO, LLS, GTR;88.00;0.00;Fiber/Plastic;;2001-02-20;MFL;1987-01-01;;
DNK000025501;;DEU;;;1.00;0.00;0.00;;6.05;0.00;HUGO;OHR1;OHR1;Ohrfeldhaff;;N;;N;N;N;;;GO;;GNS, GTR, FPO, LLS;20.00;0.00;Fiber/Plastic;;2022-06-14;MFL;1980-01-11;;
DNK000026630;211648000;DEU;;;48.00;0.00;0.00;;16.70;14.51;GITTE;SH7;SH7;Heiligenhafen;;Y;DKOC;Y;Y;Y;8341840;;GO;;GNS, LLS;221.00;0.00;Metal;;1995-12-31;MFL;1995-01-01;;
DNK000027104;;DEU;;;2.00;0.00;0.00;;6.70;0.00;Motte;WAR78;WAR78;Warnemünde;;N;;N;N;N;;;GO;;GNS, LLS;16.00;0.00;Fiber/Plastic;;2016-03-01;MFL;1995-01-01;;
DNK000027608;;DEU;;;1.00;0.00;0.00;;7.20;0.00;EVA;NRE17N;NRE17N;"Lauterbach"", Rügen";;N;;N;N;N;;;GO;;GNS, LLS;18.00;0.00;Fiber/Plastic;;1995-12-11;MFL;1995-01-01;;
DNK000030912;211757470;DEU;;;41.00;0.00;0.00;;16.00;14.11;METTE;SW3;SW3;Wyk Auf Föhr;;Y;DKRQ;Y;Y;Y;8549753;;TU;;TBB, SDN;220.00;0.00;Metal;;2018-06-20;MFL;1998-01-01;;
DNK000032060;;DEU;;;19.00;0.00;0.00;;12.50;0.00;ERNA B;FRE1;FRE1;;;Y;DKHZ;N;;;;;MTG;;GNS, LLS;158.00;0.00;Fiber/Plastic;;2007-02-23;MFL;1999-01-01;;2014-05-22
DNK000032399;211371290;DEU;;;18.00;0.00;0.00;;11.89;0.00;Christel;STRA9;STRA9;Strande;;Y;DF3739;N;N;Y;;;TTW;;OTB, GTR, PTB, GNS;130.00;0.00;Fiber/Plastic;;2020-10-14;MFL;2001-01-01;;
DNK000034997;211895440;DEU;;;79.00;0.00;0.00;;19.99;17.84;THOR;SC35;SC35;Büsum;;Y;DFSA;Y;Y;Y;;;TU;;TBB, OTB;221.00;120.00;Metal;;2023-02-14;MFL;2004-01-01;;
DNK000036906;;DEU;;;1.00;0.00;0.00;;6.93;0.00;ARGO;UMM58;UMM58;Ummanz;;N;;N;N;N;;;GO;;GNS, LLS;96.00;0.00;Fiber/Plastic;;2006-01-01;MFL;2005-01-01;;
GBR000013712;;DEU;;;201.00;0.00;0.00;;26.53;24.22;MARIA;NG17;NG17;;;Y;DQQQ;Y;;;;;FX;;OTB, PTB;773.00;0.00;Fiber/Plastic;;1988-12-31;MFL;1988-01-01;;
GBR000A21228;211721570;DEU;;;38.00;0.00;0.00;;18.25;0.00;TINA;CUX5;CUX5;;;Y;DFJH;Y;Y;Y;;;TU;;TBB, OTB;221.00;0.00;Metal;;1989-01-01;MFL;1959-01-01;;
GBR000B12216;211411630;DEU;;;428.00;0.00;0.00;;40.00;35.21;Jacob Grietje;ST27;ST27;Tönning;;Y;DMMO;Y;Y;Y;9021502;;TU;;TBB, PUL;1440.00;520.00;Metal;;2019-03-11;MFL;1990-01-01;;
GBR000B12558;211245890;DEU;;;269.00;0.00;0.00;;32.90;28.50;EVERT SNOEK;NC25;NC25;Cuxhaven;;Y;DIRE;Y;Y;Y;9044774;;TU;;TBB, OTB;1124.00;0.00;Metal;;1992-02-06;MFL;1991-01-01;;
GBR000B13912;;DEU;;;205.00;0.00;0.00;;23.71;21.65;NISSUM;NC326;NC326;;;Y;DIRN;Y;;;;;MTS;;OTB, PTB;772.00;0.00;Metal;;1988-01-01;MFL;1988-01-01;;
GBR000B14706;;DEU;;;338.00;0.00;0.00;;28.08;23.95;LONE LANGAA;NB4;NB4;;;Y;DGAM2;Y;Y;Y;9128386;;TTW;;OTB, SDN;588.00;0.00;Metal;;1996-09-12;MFL;1996-01-01;;2019-06-26
IRL000I01420;218162000;DEU;;;506.00;0.00;0.00;;37.05;0.00;VICTORIA;NC315;NC315;Cuxhaven;;Y;DFJD;Y;Y;Y;9295892;;TTW;;OTB, OTM;1720.00;660.00;Metal;;2004-12-10;MFL;2004-01-01;;
NLD000000006;;DEU;;;0.00;174.75;0.00;;30.60;27.54;BARTINA-KLAZINA;SH18;SH18;;;Y;DMEJ;N;;;;;FX;;TBB, NO;1044.00;0.00;;;1974-12-31;6;;;
NLD000000011;;DEU;;;225.00;188.07;0.00;;32.86;28.94;FOKKE GRIETJE;SH17;SH17;;;Y;DMEB;N;;;;;FX;;TBB, NO;588.00;0.00;;;1985-12-31;6;;;
NLD000000013;;DEU;;;0.00;1079.16;0.00;;70.70;67.73;ANNIE HILLINA;BX781;BX781;;;Y;DMBD;N;;;;;FX;;OTM, NO;2648.00;880.00;;;1981-09-25;6;;;
NLD000000014;;DEU;;;0.00;148.18;0.00;;33.00;30.67;STADT EMDEN;NG4;NG4;;;Y;DMAO;N;;;;;FX;;OTB, OTM;747.00;0.00;;;1990-03-08;6;;;
NLD194800306;;DEU;;;19.00;0.00;0.00;;16.83;15.07;EEMS;GRE25;GRE25;Greetsiel;;Y;DCVA;Y;Y;Y;;;TU;;TBB, OTB;134.00;0.00;Metal;;2003-06-25;MFL;1947-01-01;;2021-03-30
NLD196100556;211389510;DEU;;;31.00;0.00;0.00;;18.14;16.14;NOORDSTER;NOR207;NOR207;Norddeich;;Y;DBWH;Y;Y;Y;;;TU;;TBB, OTB;221.00;0.00;Metal;;2003-01-02;MFL;1961-01-01;;2023-06-26
NLD196300345;;DEU;;;36.00;0.00;0.00;;18.50;15.86;ELENA;CUX12;CUX12;;;Y;DQWL;Y;;;;;FX;;TBB, OTB;221.00;0.00;Metal;;1967-09-04;MFL;1963-01-01;;
NLD196300693;;DEU;;;194.00;194.09;0.00;;35.75;30.95;VERTRAUEN;NG4;NG4;;;Y;DDJZ;N;;;;;FX;;OTB, OTM;427.00;0.00;;;1988-02-08;4C3;;;
NLD196400646;;DEU;;;38.00;0.00;0.00;;18.03;16.60;VISAREND;GRE28;GRE28;;;Y;DBWB;Y;;;;;FX;;TBB, OTB;221.00;0.00;Metal;;2003-06-25;MFL;1964-01-01;;
NLD196900388;;DEU;;;88.00;0.00;0.00;;23.99;21.72;MARIA;CUX17;CUX17;;;Y;DJED;Y;;;;;FX;;TBB, OTB;220.00;0.00;Metal;;1998-06-24;MFL;1968-01-01;;
NLD197300894;;DEU;;;244.00;234.82;0.00;;37.87;36.06;DR. MAARTEN LUTHE;SC31;SC31;Büsum;;Y;DIYX;N;;;;;TUB;;TBB, OTB;1104.00;294.00;Metal;;1973-12-31;4C4;1973-01-01;;
NLD197400676;211522000;DEU;;;24.00;0.00;0.00;;15.55;14.41;ATLANTIS;SPI3;SPI3;Spieka-Neufeld;;Y;DFDX;Y;Y;Y;;;TU;;TBB, OTB;190.00;0.00;Wood;;1974-12-31;MFL;1974-01-01;;
NLD197401139;;DEU;;;271.00;249.34;0.00;;39.04;37.20;MARIJTJE;SC25;SC25;Büsum;;Y;DIVY;N;;;;;TUB;;TBB, OTB;912.00;327.00;Metal;;1988-02-02;G13;1975-01-01;;1996-12-30
NLD197800514;;DEU;;;18.00;0.00;0.00;;14.50;13.77;CHARLENE ANNE;GRE31;GRE31;;;Y;DBWG;Y;;;;;FX;;TBB, OTB;149.00;0.00;Metal;;2003-06-24;MFL;1978-01-01;;
NLD197800598;;DEU;;;20.00;0.00;0.00;;14.55;13.16;LAUWERSZEE;GRE41;GRE41;;;Y;DQQE;Y;;;;;TU;;TBB, OTB;134.00;0.00;Metal;;2004-07-28;MFL;1978-01-01;;2014-11-14
NLD197801975;211315220;DEU;;;39.00;0.00;0.00;;18.85;15.93;GEORGINA;DIT2;DIT2;Ditzum;;Y;DCQK;Y;Y;Y;;;TU;;TBB, OTB;221.00;0.00;Metal;;1978-12-31;MFL;1978-01-01;;
NLD197900440;;DEU;;;18.00;0.00;0.00;;14.55;13.77;REIDE;GRE21;GRE21;;;Y;DCRY;Y;;;;;FX;;TBB, OTB;134.00;0.00;Metal;;2002-01-15;MFL;1978-01-01;;2015-06-23
NLD197901002;;DEU;;;245.00;0.00;0.00;;35.67;31.16;MARIA;NG12;NG12;Emden;;Y;DQZO;Y;;;;;TUB;;TBB, OTB;1103.00;0.00;Metal;;1985-12-31;MFL;1985-01-01;;
NLD197901087;211270480;DEU;;;269.00;0.00;0.00;;36.28;32.61;JURIE VAN DEN BERG;NG1;NG1;Greetsiel;;Y;DCDW;Y;Y;Y;7904803;;TTW;;OTB, TBB;993.00;328.00;Metal;;1979-07-25;MFL;1979-01-01;;
NLD198100312;218359000;DEU;;;2417.00;0.00;0.00;;86.33;81.20;ANNIE HILLINA;ROS170;ROS170;Rostock;;Y;DEDT2;Y;Y;Y;;;TTP;;OTB, OTM;2863.00;880.00;Metal;;1999-06-15;MFL;1981-01-01;2023-08-14;
NLD198200994;211319670;DEU;;;113.00;0.00;0.00;;23.90;22.11;VERTROUWEN;GRE33;GRE33;Greetsiel;;Y;DQQI;Y;Y;Y;8128561;;TU;;TBB, OTB;221.00;0.00;Metal;;1983-11-28;MFL;1982-01-01;;
NLD198201193;;DEU;;;2122.00;1178.50;0.00;;78.22;73.33;GERDA-MARIA;BX780;BX780;;;Y;DENP;N;;;;;FX;;OTM, OTB;2941.00;0.00;;;1982-06-01;4C6;;2000-02-15;
NLD198300318;;DEU;;;3181.00;3019.00;0.00;;95.18;89.89;DIRK-DIRK;ROS784;ROS784;;;Y;DENR;Y;;;8209171;;TTF;;OTM, NO;2600.00;1042.00;Metal;;1983-11-28;MFL;1983-01-01;;
NLD198400946;;DEU;;;88.00;69.92;0.00;;23.94;22.15;JOOS-JOHANNES;NG8;NG8;Emden;;Y;DMED;Y;;;;;TUB;;TBB, OTB;221.00;0.00;Metal;;1990-05-31;MFL;1984-01-01;2005-09-21;
NLD198500203;;DEU;;;78.00;65.01;0.00;;22.37;0.00;HORNS RIFF;SC43;SC43;Büsum;;Y;DIZA;N;;;;;TUB;;TBB, OTB;220.00;0.00;Metal;;1989-11-01;4C5;1985-01-01;;1997-10-10
NLD198500441;211290000;DEU;;;82.00;0.00;0.00;;22.82;20.17;Mare-Liberum;CUX1;CUX1;Cuxhaven;;Y;DFMD;Y;Y;Y;;;TU;;TBB, OTB;221.00;0.00;Metal;;1991-05-29;MFL;1985-01-01;;
NLD198500737;211365280;DEU;;;315.00;0.00;0.00;;38.75;34.80;DR.MAARTEN LUTHER;SC31;SC31;Büsum;;Y;DIRA;Y;Y;Y;8421743;;TU;;TBB, OTB;1343.00;0.00;Metal;;1985-06-01;MFL;1985-01-01;;
NLD198500939;211318730;DEU;;;88.00;0.00;0.00;;23.49;20.80;BLEIBTREU;SD6;SD6;Friedrichskoog;;Y;DFNM;Y;Y;Y;8539320;;TU;;TBB, OTB;221.00;0.00;Metal;;1989-09-01;MFL;1986-01-01;;
NLD198501006;;DEU;;;95.00;66.83;0.00;;23.87;21.80;ANNA;NG7;NG7;Emden;;Y;DFLJ;Y;;;8577164;;TUB;;TBB, OTB;221.00;0.00;Metal;;1990-03-28;MFL;1985-01-01;;
NLD198600010;211670320;DEU;;;86.00;0.00;0.00;;22.30;19.87;HEIMDALL;SC58;SC58;Büsum;;Y;DKBJ2;Y;Y;Y;8432340;;TU;;TBB, OTB;221.00;64.00;Metal;;2015-01-20;MFL;1986-01-01;;
NLD198600738;211699000;DEU;;;107.00;0.00;0.00;;24.69;21.58;BONAFIDE;SC19;SC19;Büsum;;Y;DIYT;Y;Y;Y;8521646;;TU;;TBB, OTB;221.00;0.00;Metal;;1989-01-01;MFL;1986-01-01;;
NLD198800081;218094000;DEU;;;324.00;0.00;0.00;;45.15;42.74;CHARLOTTE;GRE115;GRE115;Greetsiel;;Y;DGEC2;Y;Y;Y;8807791;;DB;;DRB, NO;514.00;354.00;Metal;;1988-12-31;AQU;1988-01-01;;
NLD198800905;211793000;DEU;;;281.00;0.00;0.00;;36.30;32.12;Elisabeth;NG19;NG19;Emden;;Y;DCGA2;Y;Y;Y;;;TU;;TBB, OTB;749.00;440.00;Metal;;1988-12-31;MFL;1987-01-01;;
NLD198900256;211872390;DEU;;;396.00;0.00;0.00;;39.06;34.27;ELISABETH;SC1;SC1;Büsum;;Y;DKTP2;Y;Y;Y;8816132;;TU;;TBB, OTB;1343.00;670.00;Metal;;2022-06-10;MFL;1989-01-01;;
NLD199001095;246182000;DEU;;;62.00;0.00;0.00;;20.57;17.99;Gerda-Bianka;ACC1;ACC1;Accumersiel;;Y;DBYS;Y;Y;Y;8432314;;TU;;TBB, OTB;221.00;60.00;Metal;;1990-12-31;MFL;1990-01-01;;
NLD199001485;;DEU;;;78.00;0.00;0.00;;22.85;20.20;TRITON;GRE16;GRE16;;;Y;DCWX;Y;;;8431657;;FX;;TBB, OTB;221.00;0.00;Metal;;1991-08-20;MFL;1990-01-01;;
NLD199001509;;DEU;;;189.00;0.00;0.00;;28.42;25.34;AQUARIUS;SK18;SK18;;;Y;DFOL;Y;;;9019406;;FX;;OTB, TBB;559.00;0.00;Metal;;1993-11-15;MFL;1991-01-01;;
NLD199101249;211315540;DEU;;;446.00;0.00;0.00;;41.82;37.67;PRINS MAURITS;NG12;NG12;Emden;;Y;DQZO;Y;Y;Y;9018608;;TU;;TBB, OTB;1103.00;662.00;Metal;;1991-12-31;MFL;1991-01-01;;
NLD199902581;218066000;DEU;;;9182.00;0.00;0.00;;140.80;0.00;Maartje Theadora;ROS171;ROS171;Rostock;;Y;DEAN2;Y;Y;Y;9182801;;TTP;;OTM, OTB;8640.00;3280.00;Metal;;2000-05-31;MFL;1999-01-01;;
NLD200302676;211777300;DEU;;;94.00;0.00;0.00;;23.95;0.00;HOPE;SU42;SU42;Husum;;Y;DKXF;Y;Y;Y;8531213;;TU;;TBB, OTB;221.00;220.00;Metal;;2003-05-15;MFL;2003-01-01;;
NLD200801096;211169660;DEU;;;82.00;0.00;0.00;;20.96;18.35;MARIA L;SW2;SW2;Wittdün;;Y;DMJY;Y;Y;Y;;;TU;;TBB, OTB;221.00;60.00;Metal;;2009-01-16;MFL;2008-01-01;;
NLD200801098;211876300;DEU;;;13.00;0.00;0.00;;11.88;0.00;GREIF III;ARN2;ARN2;Arnis;;Y;DF2456;N;N;Y;;;TTW;;OTB, PTB;206.00;0.00;Metal;;2009-02-06;MFL;2008-01-01;;
SWE000004768;;DEU;;;17.00;0.00;0.00;;11.99;10.82;EMILIA;LAU33;LAU33;"Lauterbach"", Rügen";;N;;N;N;N;;;LL;;LLS, GNS;93.00;0.00;Metal;;2002-05-30;MFL;1985-01-01;;
SWE000004873;;DEU;;;10.00;0.00;0.00;;9.54;0.00;---;WIE58;WIE58;Greifswald;;N;;N;N;N;;;GO;;GNS, FPO;85.00;0.00;Fiber/Plastic;;1985-06-18;MFL;1981-01-01;;
SWE000007967;211601160;DEU;;;14.00;0.00;0.00;;11.00;0.00;TRITON;FRE55;FRE55;Freest;;Y;DH7746;N;N;Y;;;GO;;GNS, FPO;162.00;0.00;Fiber/Plastic;;1997-12-30;MFL;1997-01-01;;
SWE000008025;;DEU;;;306.00;0.00;0.00;;28.44;25.85;KRISTIN OF DONSOE;NC314;NC314;;;Y;DMEK;Y;;;;;FX;;OTB, OTM;735.00;0.00;Metal;;1998-01-01;MFL;1998-01-01;;
SWE000008077;;DEU;;;315.00;0.00;7.00;;28.20;25.85;VICTORIA AV ÃCKERÃ;NC315;NC315;;;Y;DFIN;Y;;;9212682;;TT;;OTB, OTM;736.00;0.00;Metal;;1999-12-31;MFL;1999-01-01;;
SWE000008166;;DEU;;;499.00;0.00;0.00;;40.31;36.05;KRISTIN;NC330;NC330;;;Y;DFIM;Y;;;;;FX;;OTB, OTM;735.00;318.00;Metal;;2000-02-15;MFL;2000-01-01;;2017-03-13
SWE000008173;;DEU;;;457.00;0.00;0.00;;37.33;0.00;LOEVOEN;BX790;BX790;;;Y;DMEB;Y;;;9222390;;FX;;PTM, OTM;1630.00;380.00;Metal;;2000-01-15;MFL;2000-01-01;;
SWE000008182;;DEU;;;713.00;0.00;0.00;;49.99;44.17;KRISTIN;NC320;NC320;;;Y;DFJZ;Y;Y;Y;9214484;;TO;;OTB, OTM;1595.00;724.00;Metal;;2001-12-05;MFL;2001-01-01;;
SWE000009717;211410690;DEU;;;764.00;0.00;0.00;;51.72;46.67;ELLEN BACH;SH4;SH4;Heiligenhafen;;Y;DKIH2;Y;Y;Y;9211676;;TTW;;OTB, OTM, PTB, PTM;2030.00;1077.00;Metal;;2018-03-29;MFL;1998-01-01;;
