Country of Registration;CFR;UVI;Event;Event Start Date;Event End Date;Registration Number;External marking;Name of vessel;Place of registration;Place of registration name;IRCS;IRCS indicator;Licence indicator;VMS indicator;ERS indicator;ERS Exempt indicator;AIS indicator;MMSI;Vessel Type;Main fishing gear;Subsidiary fishing gear 1;Subsidiary fishing gear 2;Subsidiary fishing gear 3;Subsidiary fishing gear 4;Subsidiary fishing gear 5;LOA;LBP;Tonnage GT;Other tonnage;GTs;Power of main engine;Power of auxiliary engine;Hull material;Date of entry into service;Segment;Country of importation/exportation;Type of export;Public aid;Year of construction
DEU;BEL011101959;;RET;2024-03-19;2024-03-19;FED10;FED10;OSTWIND;DECUX;Cuxhaven;DGDM2;Y;N;Y;Y;N;Y;211653680;TU;TBB;NK;;;;;18.00;16.20;34.00;0.00;0.00;221.00;0.00;2;1989-01-01;MFL;;;PA;1959-01-01
DEU;DEU000010300;;RET;2000-04-05;2000-04-05;NC302;NC302;ANDREA;0301;;DFPA;Y;N;N;;;;;FX;OTB;OTM;;;;;24.81;22.21;100.00;83.91;0.00;421.00;0.00;;1969-01-17;4C3;;;PA;
DEU;DEU000010400;;RET;1996-12-29;1996-12-29;HF574;HF574;JUWEL;0501;;DENU;Y;N;N;;;;;FX;LLS;OTM;;;;;26.05;23.00;170.00;128.76;0.00;423.00;0.00;;1973-01-20;G21;;;PA;
DEU;DEU000010500;;DES;1992-09-26;1992-09-26;HF348;HF348;ERNA BECKER;0501;;DECB;Y;N;N;;;;;FX;GNS;TBB;;;;;15.10;13.59;0.00;12.88;0.00;88.00;0.00;;1892-12-01;C12;;;PA;
DEU;DEU000010601;;DES;1991-12-31;1991-12-31;ROS304;ROS304;ERICH WEINERT;0601;;Y4BE;Y;N;N;;;;;FX;OTB;OTM;;;;;85.78;81.50;0.00;2431.63;0.00;1692.00;1176.00;;1962-08-30;1;;;PA;
DEU;DEU000010602;;DES;1997-06-10;1997-06-10;SAS025;SAS025;GLUECKAUF;0602;;Y4MJ;Y;N;N;;;;;FX;OTB;GNS;;;;;10.35;9.50;11.00;15.02;0.00;42.00;0.00;;1952-02-04;4C3;;;AC;
DEU;DEU000010603;;RET;1990-11-01;1990-11-01;WAR69;WAR69;WUSTROW;0603;;Y40W;Y;N;N;;;;;FX;OTB;PTB;;;;;11.95;0.00;0.00;10.09;0.00;44.00;0.00;;1956-05-01;4;;;PA;
DEU;DEU000010604;;RET;1990-12-31;1990-12-31;WIS107;WIS107;ATAIR;0604;;Y4PK;Y;N;N;;;;;FX;OTB;PTB;;;;;26.25;24.66;0.00;117.29;0.00;470.00;74.00;;1977-07-12;3;;;PA;
DEU;DEU000010606;;RET;1991-05-02;1991-05-02;KAR11;KAR11;INSEL USEDOM;0606;;Y4KX;Y;N;N;;;;;FX;OTB;OTM;;;;;26.27;24.66;0.00;117.29;0.00;470.00;49.00;;1977-02-07;3;;;PA;
DEU;DEU000010607;;RET;1992-01-08;1992-01-08;LAU01;LAU01;---;0607;;;N;N;N;;;;;FX;GNS;GNS;;;;;10.83;10.13;0.00;13.35;0.00;45.00;0.00;;1938-05-14;C19;;;PA;
DEU;DEU000010608;;RET;1990-11-29;1990-11-29;WIE31;WIE31;8. MAI;0608;;Y4TU;Y;N;N;;;;;FX;GNS;NK;;;;;11.95;0.00;0.00;15.17;0.00;44.00;0.00;;1956-07-19;4;;;PA;
DEU;DEU000010609;;RET;2005-12-08;2005-12-08;UEK1;UEK1;---;0609;;;N;N;N;;;;;FX;GNS;NK;;;;;8.60;0.00;2.00;0.00;0.00;7.00;0.00;1;1969-06-16;MFL;;;PA;1969-01-01
DEU;DEU000010610;;RET;2006-12-29;2006-12-29;BOD1;BOD1;---;0610;;;N;N;N;;;;;FX;GNS;NK;;;;;5.40;0.00;1.00;0.00;0.00;0.00;0.00;1;1981-11-14;MFL;;;PA;1981-01-01
DEU;DEU000010611;;RET;2018-12-31;2018-12-31;STA001;STA001;HEIMAT;0611;;DF8769;Y;N;N;N;;N;;GO;GNS;FPO;;;;;11.40;10.06;10.00;0.00;0.00;44.00;0.00;1;1953-02-07;MFL;;;PA;1952-01-01
DEU;DEU000010612;;RET;1998-03-23;1998-03-23;THI01;THI01;---;0612;;;N;N;N;;;;;FX;GNS;LLS;;;;;8.18;6.68;3.00;4.80;0.00;18.00;0.00;;1952-11-14;4C1;;;PA;
DEU;DEU000010613;;RET;1993-01-01;1993-01-01;BRE002;BRE002;---;0613;;;N;N;N;;;;;FX;GNS;LLS;;;;;10.79;0.00;0.00;12.95;0.00;37.00;0.00;;1935-08-12;4;;;PA;
DEU;DEU000010614;;RET;1992-03-30;1992-03-30;FRE2;FRE2;MARGARETE;0614;;Y4VA;Y;N;N;;;;;FX;GNS;OTB;;;;;13.72;0.00;0.00;18.94;0.00;44.00;0.00;;1937-06-11;G16;;;PA;
DEU;DEU000010615;;RET;1998-03-31;1998-03-31;GAG01;GAG01;---;0615;;;N;N;N;;;;;FX;GNS;GNS;;;;;8.03;7.63;4.00;5.93;0.00;18.00;0.00;;1948-07-24;4C1;;;PA;
DEU;DEU000010616;;RET;2010-05-18;2010-05-18;LAS25;LAS25;---;0616;;;N;N;N;;;;;FX;GNS;LLS;;;;;10.16;9.00;8.00;10.10;0.00;44.00;0.00;1;1949-03-30;MFL;;;PA;1949-01-01
DEU;DEU000010617;;RET;1991-08-01;1991-08-01;VIT2;VIT2;EMMI;0617;;Y4TW;Y;N;N;;;;;FX;OTB;PTB;;;;;14.75;0.00;0.00;26.00;0.00;98.00;0.00;;1940-02-21;4;;;PA;
DEU;DEU000010618;;RET;1993-07-01;1993-07-01;AHL001;AHL001;GISELA;0618;;;N;N;N;;;;;FX;GNS;LLS;;;;;9.02;7.70;0.00;9.67;0.00;44.00;0.00;;1965-04-12;4;;;PA;
DEU;DEU000010619;;DES;2022-12-01;2022-12-01;HER12;HER12;SEESCHWALBE;DEHDF;Heringsdorf;;N;N;N;N;;N;;GO;GNS;LLS;;;;;8.60;7.10;5.00;0.00;0.00;36.00;0.00;1;1978-04-03;MFL;;;AC;1978-01-01
DEU;DEU000010620;;RET;2007-03-28;2007-03-28;HER3;HER3;---;0620;;;N;N;N;;;;;FX;GNS;LLS;;;;;7.60;0.00;3.00;4.10;0.00;36.00;0.00;1;1964-05-10;MFL;;;PA;1964-01-01
DEU;DEU000010621;;RET;2022-01-01;2022-01-01;AHL43;AHL43;---;DEAHC;Ahlbeck;;N;N;N;N;;N;;GO;GNS;LLS;;;;;6.00;0.00;1.00;0.00;0.00;24.00;0.00;1;1976-05-02;MFL;;;PA;1976-01-01
DEU;DEU000010622;;RET;1994-03-22;1994-03-22;KOEL019;KOEL019;SANTA LUCIA;0622;;;N;N;N;;;;;FX;GNS;LLS;;;;;9.05;6.90;0.00;5.32;0.00;44.00;0.00;;1976-02-25;4;;;PA;
DEU;DEU000010623;;RET;1997-03-01;1997-03-01;KOS5;KOS5;---;0623;;;N;N;N;;;;;FX;GNS;LLS;;;;;7.20;0.00;1.00;3.66;0.00;5.00;0.00;;1953-04-19;4C1;;;PA;
DEU;DEU000010624;;RET;1998-03-23;1998-03-23;ZEM2;ZEM2;---;0624;;;N;N;N;;;;;FX;GNS;LLS;;;;;5.20;0.00;1.00;1.91;0.00;5.00;0.00;;1975-04-20;4C1;;;PA;
DEU;DEU000010625;;RET;2024-06-30;2024-06-30;ZIW1;ZIW1;---;DEZIN;Zinnowitz;;N;N;N;N;N;N;;GO;GNS;LLS;;;;;6.80;6.05;2.00;0.00;0.00;18.00;0.00;1;1977-03-01;MFL;;;PA;1977-01-01
DEU;DEU000010630;;RET;2006-10-25;2006-10-25;KAM47;KAM47;DRANSKE;0630;;Y4UB;Y;N;N;;;;;FX;OTB;OTM;;;;;11.95;11.49;16.00;15.17;0.00;150.00;0.00;1;1956-06-17;MFL;;;PA;1956-01-01
DEU;DEU000010631;;DES;2004-02-16;2004-02-16;AWA1;AWA1;---;0631;;;N;N;N;;;;;FX;GNS;NK;;;;;9.00;7.85;3.00;5.72;0.00;18.00;0.00;1;1981-02-15;MFL;;;PA;1981-01-01
DEU;DEU000010632;;RET;2006-05-16;2006-05-16;MOEN1;MOEN1;---;0632;;;N;N;N;;;;;FX;GNS;NK;;;;;8.05;7.10;2.00;0.00;0.00;22.00;0.00;2;1973-08-14;MFL;;;PA;1973-01-01
DEU;DEU000010633;;MOD;2004-11-04;2100-12-31;USE1;USE1;---;DEUSD;Usedom;;N;Y;N;N;Y;N;;GO;GNS;LLS;;;;;8.40;7.32;2.00;2.43;0.00;6.00;0.00;2;1978-04-15;MFL;;;;1978-01-01
DEU;DEU000010634;;RET;1995-07-17;1995-07-17;WOG001;WOG001;---;0634;;;N;N;N;;;;;FX;GNS;LLS;;;;;8.80;0.00;0.00;5.49;0.00;22.00;0.00;;1955-05-06;C19;;;PA;
DEU;DEU000010635;;RET;2007-03-21;2007-03-21;RAN2;RAN2;---;0635;;;N;N;N;;;;;FX;GNS;FPO;;;;;7.00;0.00;1.00;3.46;0.00;6.00;0.00;1;1949-03-02;MFL;;;PA;1949-01-01
DEU;DEU000010637;;MOD;2023-02-20;2100-12-31;NEU001;NEU001;LACHS;DENOZ;"Neuendorf"", Hiddensee";Y4TY;Y;Y;N;N;Y;N;;GO;GNS;OTB;;;;;11.59;11.04;17.00;0.00;0.00;100.00;0.00;1;1956-05-03;MFL;;;;1956-01-01
DEU;DEU000010638;;RET;1996-08-01;1996-08-01;LAU25;LAU25;EINHEIT;0607;;;N;N;N;;;;;FX;GNS;LLS;;;;;11.22;10.14;10.00;13.72;0.00;66.00;0.00;;1988-11-22;C19;;;PA;
DEU;DEU000010639;;RET;2023-01-19;2023-01-19;BRE60;BRE60;---;DEREQ;Breege;;N;N;N;N;N;N;;GO;GNS;LLS;;;;;10.72;10.42;7.00;0.00;0.00;37.00;0.00;1;1956-11-13;MFL;;;BO;1956-01-01
DEU;DEU000010640;;RET;1992-11-03;1992-11-03;WIR001;WIR001;MUTTLAND;0640;;;N;N;N;;;;;FX;GNS;LLS;;;;;11.35;10.85;0.00;17.05;0.00;44.00;0.00;;1951-04-12;4;;;PA;
DEU;DEU000010641;;RET;2019-01-01;2019-01-01;DRA004;DRA004;SEESTERN;0641;;;N;N;N;N;;N;;GO;GNS;LLS;;;;;9.53;8.50;9.00;0.00;0.00;81.00;0.00;1;1989-06-25;MFL;;;PA;1989-01-01
DEU;DEU000010642;;RET;1994-02-20;1994-02-20;KUEH001;KUEH001;---;0642;;;N;N;N;;;;;FX;GNS;LLS;;;;;8.87;0.00;0.00;5.56;0.00;18.00;0.00;;1975-01-01;4;;;PA;
DEU;DEU000010643;;RET;2000-01-10;2000-01-10;BOG001;BOG001;---;0643;;;N;N;N;;;;;FX;GNS;LLS;;;;;6.00;0.00;1.00;2.45;0.00;4.00;0.00;;1976-04-15;4C1;;;PA;
DEU;DEU000010644;;RET;1992-11-03;1992-11-03;GMUE1;GMUE1;---;0644;;;N;N;N;;;;;FX;GNS;LLS;;;;;4.50;0.00;0.00;1.43;0.00;0.00;0.00;;1989-04-14;C19;;;PA;
DEU;DEU000010645;;RET;1994-05-04;1994-05-04;AHR001;AHR001;---;0645;;;N;N;N;;;;;FX;GNS;NO;;;;;5.20;0.00;0.00;1.91;0.00;6.00;0.00;;1972-04-19;C19;;;PA;
DEU;DEU000010646;;DES;1992-01-01;1992-01-01;WUS001;WUS001;---;0646;;;N;N;N;;;;;FX;GNS;NO;;;;;6.80;0.00;0.00;2.63;0.00;13.00;0.00;;1971-06-23;4;;;PA;
DEU;DEU000010648;;DES;1993-07-05;1993-07-05;BOR1;BOR1;---;0648;;;N;N;N;;;;;FX;GNS;LLS;;;;;5.00;0.00;0.00;1.77;0.00;4.00;0.00;;1948-06-10;C19;;;PA;
DEU;DEU000010657;;RET;2001-10-26;2001-10-26;WID001;WID001;---;0665;;;N;N;N;;;;;FX;GNS;LLS;;;;;3.10;0.00;1.00;1.00;0.00;10.00;0.00;;1988-06-14;4C1;;;PA;
DEU;DEU000010665;;RET;2016-07-31;2016-07-31;WID7;WID7;---;0665;;;N;N;N;;;;;FX;GNS;LLS;;;;;5.70;0.00;1.00;0.00;0.00;15.00;0.00;3;2001-10-26;MFL;;;PA;2001-01-01
DEU;DEU000010668;;RET;2018-12-01;2018-12-01;DRA23;DRA23;---;0641;;;N;N;N;N;;N;;GO;GNS;LLS;;;;;5.85;0.00;1.00;0.00;0.00;12.00;0.00;3;2001-11-26;MFL;;;PA;2000-01-01
DEU;DEU000010669;;MOD;2022-09-08;2100-12-31;STRA8;STRA8;BLINKER;DESTD;Strande;;N;Y;N;N;;N;;GO;GNS;FPO;;;;;4.88;0.00;1.00;0.00;0.00;8.00;0.00;3;2017-05-09;MFL;;;;1998-01-01
DEU;DEU000010670;;MOD;2023-12-01;2100-12-31;STR34;STR34;---;DESTL;Stralsund;;N;Y;N;N;Y;N;;GO;GNS;FPO;;;;;5.50;0.00;1.00;0.00;0.00;37.00;0.00;3;2021-02-01;MFL;;;PA;1994-01-01
DEU;DEU000010671;;CHA;2013-02-11;2100-12-31;SEE14N;SEE14N;---;DESDY;Seedorf;;N;Y;N;N;Y;N;;GO;GNS;LLS;;;;;4.52;0.00;1.00;0.00;0.00;3.00;0.00;3;1999-05-03;MFL;;;PA;1999-01-01
DEU;DEU000010672;;MOD;2017-12-13;2100-12-31;KROE11;KROE11;---;0672;;;N;Y;N;;;;;FX;GNS;LLS;;;;;5.06;0.00;1.00;0.00;0.00;9.00;0.00;3;2002-11-12;MFL;;;;2002-01-01
DEU;DEU000010673;;MOD;2008-06-25;2100-12-31;BAA19N;BAA19N;---;0673;;;N;Y;N;;;;;FX;GNS;LLS;;;;;5.06;0.00;1.00;0.00;0.00;4.00;0.00;3;2005-11-03;MFL;;;;2005-01-01
DEU;DEU000010679;;CHA;2024-04-01;2100-12-31;RED21N;RED21N;---;DERDI;Redentin;;N;Y;N;N;Y;N;;GO;GNS;FPO;;;;;4.90;0.00;1.00;0.00;0.00;11.00;0.00;3;2024-04-01;MFL;;;PA;1990-01-01
DEU;DEU000020300;;RET;1993-05-27;1993-05-27;NC303;NC303;TAURUS;0301;;DFMJ;Y;N;N;;;;;FX;OTB;OTM;;;;;19.96;16.50;69.00;67.00;0.00;260.00;0.00;;1984-01-01;G16;;;PA;
DEU;DEU000020400;7315521;MOD;2024-10-07;2100-12-31;NG2;NG2;RHEIDERLAND;DEDIT;Ditzum;DEOG;Y;Y;Y;Y;N;Y;211234500;TTW;OTB;TBB;;;;;26.29;23.72;125.00;0.00;0.00;340.00;0.00;2;1973-02-21;MFL;;;;1973-01-01
DEU;DEU000020500;;RET;1994-08-10;1994-08-10;HF547;HF547;ORION;0501;;DIOL;Y;N;N;;;;;FX;OTB;PTB;;;;;24.47;22.76;0.00;74.89;0.00;337.00;0.00;;1960-12-31;G11;;;AC;
DEU;DEU000020601;;DES;1991-04-26;1991-04-26;ROS312;ROS312;BODO UHSE;0601;;Y4IO;Y;N;N;;;;;FX;OTB;OTM;;;;;87.73;84.12;0.00;2598.00;0.00;2134.00;1459.00;;1965-10-27;1;;;PA;
DEU;DEU000020602;;RET;2005-01-04;2005-01-04;SAS001;SAS001;HEIMAT;0602;;DQGD;Y;N;N;;;;;FX;OTB;PTB;;;;;11.96;11.60;21.00;22.38;0.00;80.00;0.00;1;1936-05-06;MFL;;;PA;1936-01-01
DEU;DEU000020603;;RET;1990-11-01;1990-11-01;WAR42;WAR42;AHRENSHOP;0603;;Y4QC;Y;N;N;;;;;FX;OTB;PTB;;;;;11.95;0.00;0.00;19.00;0.00;44.00;0.00;;1956-10-16;4;;;PA;
DEU;DEU000020604;;RET;1990-12-01;1990-12-01;WIS100;WIS100;MICHAEL GLINKA;0604;;Y4PE;Y;N;N;;;;;FX;OTB;PTB;;;;;24.00;0.00;0.00;72.47;0.00;152.00;9.00;;1952-03-27;4;;;PA;
DEU;DEU000020606;;RET;2003-07-07;2003-07-07;CUX18;CUX18;SACHSEN ANHALT;0301;;Y4KS;Y;N;N;;;;;FX;OTB;OTM;;;;;21.00;18.60;70.00;71.46;0.00;220.00;3.00;2;1949-06-11;MFL;;;PA;1948-01-01
DEU;DEU000020607;;DES;1994-07-01;1994-07-01;LAU03;LAU03;---;0607;;;N;N;N;;;;;FX;GNS;GNS;;;;;8.74;8.54;0.00;8.44;0.00;45.00;0.00;;1965-10-07;4;;;PA;
DEU;DEU000020608;;RET;2012-02-01;2012-02-01;WIE32;WIE32;USEDOM;0608;;Y4TV;Y;N;N;;;;;FX;GNS;LLS;;;;;11.95;0.00;16.00;15.17;0.00;44.00;0.00;1;1956-09-18;MFL;;;PA;1956-01-01
DEU;DEU000020609;;DES;1998-12-03;1998-12-03;UEK2;UEK2;---;0609;;;N;N;N;;;;;FX;GNS;LLS;;;;;8.08;7.02;2.00;4.00;0.00;6.00;0.00;;1958-04-12;4C1;;;AC;
DEU;DEU000020611;;RET;2006-12-18;2006-12-18;STA002;STA002;MARGARETE;0611;;;N;N;N;;;;;FX;GNS;NK;;;;;11.30;9.95;10.00;0.00;0.00;44.00;0.00;1;1932-08-16;MFL;;;PA;1932-01-01
DEU;DEU000020613;;RET;2002-12-11;2002-12-11;BRE003;BRE003;---;0613;;;N;N;N;;;;;FX;GNS;LLS;;;;;11.10;0.00;10.00;13.89;0.00;37.00;0.00;;1943-05-12;4C1;;;AC;
DEU;DEU000020614;;RET;2018-12-31;2018-12-31;FRE3;FRE3;MOEWE;0614;;Y4VG;Y;N;N;N;;N;;GO;GNS;OTB;;;;;11.87;10.85;18.00;0.00;0.00;147.00;0.00;1;1936-08-07;MFL;;;PA;1936-01-01
DEU;DEU000020615;;DES;2022-11-29;2022-11-29;GAG03;GAG03;---;DEGXG;Gager;;N;N;N;N;;N;;GO;GNS;LLS;;;;;8.85;8.50;6.00;0.00;0.00;18.00;0.00;1;1977-02-11;MFL;;;AC;1977-01-01
DEU;DEU000020616;;RET;1992-01-01;1992-01-01;LAS17;LAS17;---;0616;;;N;N;N;;;;;FX;GNS;NK;;;;;8.35;0.00;0.00;4.93;0.00;44.00;0.00;;1989-04-02;4;;;PA;
DEU;DEU000020617;;RET;2018-01-23;2018-01-23;VIT5;VIT5;HEIMAT;0617;;Y4TO;Y;N;N;N;;N;;TTW;OTB;TBB;;;;;14.98;13.56;26.00;0.00;0.00;100.00;0.00;1;1948-06-13;MFL;;;PA;1948-01-01
DEU;DEU000020618;;RET;2013-11-06;2013-11-06;AHL002N;AHL002N;STURMVOGEL;0618;;;N;N;N;;;;;FX;GNS;LLS;;;;;9.47;8.00;4.00;10.59;0.00;44.00;0.00;1;1972-10-15;MFL;;;PA;1972-01-01
DEU;DEU000020619;;RET;2015-02-23;2015-02-23;BAN002;BAN002;---;0619;;;N;N;N;;;;;FX;GNS;LLS;;;;;8.60;7.10;4.00;8.88;0.00;36.00;0.00;1;1970-03-15;MFL;;;PA;1970-01-01
DEU;DEU000020620;;RET;2011-02-15;2011-02-15;HER4N;HER4N;---;0620;;;N;N;N;;;;;FX;GNS;LLS;;;;;6.45;0.00;1.00;2.94;0.00;15.00;0.00;1;1983-03-09;MFL;;;PA;1983-01-01
DEU;DEU000020621;;RET;2019-10-31;2019-10-31;UETZ18;UETZ18;---;0621;;;N;N;N;N;;N;;GO;GNS;LLS;;;;;6.75;6.51;2.00;0.00;0.00;30.00;0.00;1;1980-02-19;MFL;;;PA;1980-01-01
DEU;DEU000020622;;RET;1992-02-14;1992-02-14;KOEL020;KOEL020;---;0622;;;N;N;N;;;;;FX;GNS;LLS;;;;;9.00;0.00;0.00;5.72;0.00;44.00;0.00;;1965-11-12;C19;;;PA;
DEU;DEU000020623;;MOD;2023-01-01;2100-12-31;KOS009;KOS009;---;DEKSW;Koserow;;N;Y;N;N;Y;N;;GO;GNS;LLS;;;;;6.60;6.50;1.00;0.00;0.00;10.00;0.00;1;1969-11-02;MFL;;;;1969-01-01
DEU;DEU000020624;;RET;2001-11-12;2001-11-12;ZEM5;ZEM5;---;0624;;;N;N;N;;;;;FX;GNS;LLS;;;;;6.85;5.05;2.00;3.18;0.00;19.00;0.00;;1977-05-14;4C1;;;PA;
DEU;DEU000020625;;RET;2024-06-30;2024-06-30;ZIW2;ZIW2;---;DEZIN;Zinnowitz;;N;N;N;N;N;N;;GO;GNS;LLS;;;;;4.99;0.00;1.00;0.00;0.00;26.00;0.00;3;2000-03-26;MFL;;;PA;1999-01-01
DEU;DEU000020627;;RET;1993-07-05;1993-07-05;BIN2;BIN2;---;0629;;;N;N;N;;;;;FX;GNS;GNS;;;;;6.00;0.00;0.00;2.55;0.00;10.00;0.00;;1966-06-12;4;;;PA;
DEU;DEU000020630;;RET;1994-07-07;1994-07-07;KAM48;KAM48;SEEADLER;0630;;;N;N;N;;;;;FX;OTB;OTM;;;;;14.10;0.00;0.00;19.80;0.00;59.00;0.00;;1941-09-27;G16;;;PA;
DEU;DEU000020631;;MOD;2017-03-15;2100-12-31;AWA2;AWA2;---;0631;;;N;Y;N;;;;;FX;GNS;FPO;;;;;8.65;7.45;3.00;0.00;0.00;52.00;0.00;2;1968-07-11;MFL;;;PA;1968-01-01
DEU;DEU000020632;;RET;2019-11-01;2019-11-01;MOEN2;MOEN2;---;0632;;;N;N;N;N;;N;;GO;GNS;NK;;;;;8.50;7.80;4.00;0.00;0.00;22.00;0.00;1;1947-04-14;MFL;;;PA;1947-01-01
DEU;DEU000020633;;MOD;2009-05-07;2100-12-31;USE2;USE2;---;DE73B;Börgerende;;N;Y;N;N;N;N;;GO;GNS;FPO;;;;;7.80;7.15;2.00;3.20;0.00;6.00;0.00;2;1963-01-15;MFL;;;PA;1963-01-01
DEU;DEU000020634;;RET;1995-06-23;1995-06-23;WOG2;WOG2;---;0634;;;N;N;N;;;;;FX;GNS;LLS;;;;;6.00;0.00;0.00;2.54;0.00;3.00;0.00;;1955-07-27;C19;;;PA;
DEU;DEU000020635;;RET;1992-09-30;1992-09-30;RAN6;RAN6;---;0635;;;N;N;N;;;;;FX;GNS;NK;;;;;7.50;0.00;0.00;4.52;0.00;4.00;0.00;;1940-04-10;C19;;;PA;
DEU;DEU000020637;;RET;1993-04-24;1993-04-24;FRE11;FRE11;FREIHERR VON SCHILL;0614;;;N;N;N;;;;;FX;GNS;LLS;;;;;11.68;11.08;0.00;20.31;0.00;58.00;0.00;;1956-11-13;C19;;;PA;
DEU;DEU000020638;;RET;1993-04-15;1993-04-15;GLE03;GLE03;---;0638;;;N;N;N;;;;;FX;GNS;GNS;;;;;5.20;0.00;0.00;1.91;0.00;6.00;0.00;;1940-07-24;4;;;PA;
DEU;DEU000020639;;RET;2024-11-30;2024-11-30;UMM6;UMM6;---;DEWSJ;Waase;;N;N;N;N;N;N;;GO;GNS;LLS;;;;;11.00;10.50;9.00;0.00;0.00;37.00;0.00;1;1931-04-02;MFL;;;PA;1931-01-01
DEU;DEU000020640;;DES;1992-09-09;1992-09-09;WIR002;WIR002;HAI;0640;;;N;N;N;;;;;FX;GNS;LLS;;;;;11.95;11.49;0.00;15.17;0.00;44.00;0.00;;1956-09-18;4;;;PA;
DEU;DEU000020641;;RET;2014-01-17;2014-01-17;KUEH15N;KUEH15N;SIRIUS;0642;;;N;N;N;;;;;FX;GNS;LLS;;;;;8.33;7.87;4.00;7.81;0.00;29.00;0.00;1;1950-09-12;MFL;;;PA;1950-01-01
DEU;DEU000020642;;DES;1991-07-19;1991-07-19;KUEH002;KUEH002;---;0642;;;N;N;N;;;;;FX;GNS;LLS;;;;;6.30;0.00;0.00;2.80;0.00;11.00;0.00;;1977-04-01;4;;;PA;
DEU;DEU000020643;;RET;2010-10-05;2010-10-05;POE25;POE25;---;0653;;;N;N;N;;;;;FX;GNS;LLS;;;;;6.00;0.00;2.00;2.45;0.00;4.00;0.00;1;1982-08-15;MFL;;;PA;1982-01-01
DEU;DEU000020644;;RET;1995-06-26;1995-06-26;GMUE2;GMUE2;---;0610;;;N;N;N;;;;;FX;GNS;LLS;;;;;6.30;0.00;2.00;2.80;0.00;16.00;0.00;;1983-03-02;C19;;;PA;
DEU;DEU000020645;;RET;1991-06-27;1991-06-27;RIB1;RIB1;---;0645;;;N;N;N;;;;;FX;GNS;NO;;;;;12.30;0.00;0.00;18.97;0.00;36.00;0.00;;1954-10-23;4;;;PA;
DEU;DEU000020646;;DES;1991-09-10;1991-09-10;WUS001A;WUS001A;---;0646;;;N;N;N;;;;;FX;GNS;NO;;;;;4.30;0.00;0.00;1.31;0.00;2.00;0.00;;1971-04-12;4;;;PA;
DEU;DEU000020648;;RET;2024-11-30;2024-11-30;PRU2;PRU2;---;DEORD;Born;;N;N;N;N;N;N;;GO;GNS;LLS;;;;;5.80;0.00;1.00;0.00;0.00;3.00;0.00;1;1983-01-01;MFL;;;PA;1983-01-01
DEU;DEU000020649;;RET;2000-01-20;2000-01-20;WAR41;WAR41;SEETEUFEL;0603;;;N;N;N;;;;;FX;GNS;NO;;;;;10.81;10.08;7.00;8.55;0.00;37.00;0.00;;1974-03-17;4C1;;;AC;
DEU;DEU000020650;;RET;2000-09-11;2000-09-11;ZID002;ZID002;---;0650;;;N;N;N;;;;;FX;GNS;NO;;;;;7.50;0.00;2.00;4.30;0.00;13.00;0.00;;1959-02-12;4C1;;;PA;
DEU;DEU000020656;;MOD;2024-07-01;2100-12-31;BAR17;BAR17;---;DEBBH;Barth;;N;Y;N;N;N;N;;GO;GNS;LLS;;;;;5.04;0.00;1.00;0.00;0.00;6.00;0.00;3;2004-03-15;MFL;;;;1979-01-01
DEU;DEU000020657;;RET;1994-04-30;1994-04-30;WID002;WID002;---;0657;;;N;N;N;;;;;FX;GNS;LLS;;;;;5.70;0.00;0.00;2.30;0.00;5.00;0.00;;1971-06-10;C19;;;PA;
DEU;DEU000020665;;MOD;2020-01-01;2100-12-31;PRU6;PRU6;---;0661;;;N;Y;N;N;;N;;GO;GNS;FPO;;;;;5.75;0.00;1.00;0.00;0.00;22.00;0.00;3;2007-10-30;MFL;;;;2007-01-01
DEU;DEU000020668;;RET;2002-08-12;2002-08-12;GLO19N;GLO19N;---;0668;;;N;N;N;;;;;FX;GNS;LLS;;;;;5.85;0.00;1.00;0.00;0.00;7.00;0.00;;2002-03-11;4C1;;;PA;
DEU;DEU000020672;;MOD;2021-05-25;2100-12-31;KROE12N;KROE12N;---;DEKSL;Kröslin;;N;Y;N;N;;N;;GO;GNS;LLS;;;;;5.06;0.00;1.00;0.00;0.00;9.00;0.00;3;2002-12-06;MFL;;;;2002-01-01
DEU;DEU000020673;;CST;2007-12-03;2100-12-31;BAA20;BAA20;---;0673;;;N;Y;N;;;;;FX;GNS;FPO;;;;;6.69;0.00;2.00;0.00;0.00;26.00;0.00;2;2007-12-03;MFL;;;PA;2007-01-01
DEU;DEU000020676;;CHA;2025-04-01;2100-12-31;WAT21N;WAT21N;---;DEWRJ;Warthe;;N;Y;N;N;Y;N;;GO;GNS;FPO;;;;;5.45;0.00;1.00;0.00;0.00;8.00;0.00;3;1983-07-22;MFL;;;PA;1971-01-01
DEU;DEU000030300;;DES;2010-01-13;2010-01-13;NC305;NC305;ORTEGAL UNO;0301;;DFPH;Y;N;Y;;;;;FX;GNS;GNC;;;;;29.36;26.18;179.00;145.00;0.00;422.00;66.00;2;1970-05-15;MFL;;;PA;1970-01-01
DEU;DEU000030400;;RET;1998-04-27;1998-04-27;BX750;BX750;KORMORAN;0402;;DEOH;Y;N;N;;;;;FX;OTB;OTM;;;;;29.01;25.90;122.00;120.65;0.00;441.00;0.00;;1973-03-19;4C3;;;AC;
DEU;DEU000030500;;DES;1992-10-13;1992-10-13;HF548;HF548;KAETE;0501;;DHKB;Y;N;N;;;;;FX;OTB;PTB;;;;;27.35;23.87;0.00;121.99;0.00;243.00;0.00;;1960-12-31;G11;;;PA;
DEU;DEU000030601;;DES;1991-12-31;1991-12-31;ROS313;ROS313;WILLI BREDEL;0601;;Y4IP;Y;N;N;;;;;FX;OTB;OTM;;;;;87.78;83.91;0.00;2583.21;0.00;2134.00;1459.00;;1966-05-02;2;;;PA;
DEU;DEU000030602;;RET;2006-05-10;2006-05-10;SAS010;SAS010;07. OKT;0602;;Y4MI;Y;N;N;;;;;FX;OTB;PTB;;;;;11.95;11.49;16.00;0.00;0.00;52.00;0.00;1;1956-05-01;MFL;;;PA;1956-01-01
DEU;DEU000030603;;MOD;2018-11-30;2100-12-31;WAR6;WAR6;PREROW;0603;;Y4QB;Y;Y;N;N;;N;;GO;GNS;OTB;;;;;12.60;11.18;19.00;0.00;0.00;59.00;0.00;1;1957-03-15;MFL;;;;1957-01-01
DEU;DEU000030604;;RET;1997-12-01;1997-12-01;WIS109;WIS109;DENEB;0604;;Y4PL;Y;N;N;;;;;FX;OTB;PTB;;;;;26.29;23.45;137.00;117.29;0.00;470.00;74.00;;1981-01-15;4C3;;;AC;
DEU;DEU000030606;;RET;2021-12-10;2021-12-10;UEK12;UEK12;BERGEN;DEUCK;Ueckermünde;Y4TL;Y;N;Y;Y;;Y;;TTW;PTB;OTB;;;;;17.80;15.94;41.00;0.00;0.00;220.00;6.00;1;1950-07-21;MFL;;;AC;1950-01-01
DEU;DEU000030607;;RET;2022-04-19;2022-04-19;LAU04N;LAU04N;---;DELAK;"Lauterbach"", Rügen";;N;N;N;N;;N;;WOP;FPO;GNS;;;;;9.59;8.79;6.00;0.00;0.00;68.00;0.00;2;1989-03-25;MFL;;;PA;1989-01-01
DEU;DEU000030608;;RET;2005-11-14;2005-11-14;FRE65;FRE65;BRIGITTE;0614;;DB9247;Y;N;N;;;;;FX;GNS;OTB;;;;;11.95;0.00;16.00;15.17;0.00;74.00;0.00;1;1956-02-14;MFL;;;PA;1956-01-01
DEU;DEU000030609;;RET;1992-06-01;1992-06-01;UEK3;UEK3;---;0609;;;N;N;N;;;;;FX;GNS;NK;;;;;5.00;0.00;0.00;1.77;0.00;2.00;0.00;;1970-06-14;C19;;;PA;
DEU;DEU000030610;;RET;1991-10-01;1991-10-01;PRU3;PRU3;---;0610;;;N;N;N;;;;;FX;GNS;NO;;;;;11.10;0.00;0.00;10.52;0.00;42.00;0.00;;1923-07-10;4;;;PA;
DEU;DEU000030611;;RET;2023-01-19;2023-01-19;STA003;STA003;MARIA;DESHY;Stahlbrode;DF8642;Y;N;N;N;N;N;;GO;GNS;LLS;;;;;11.78;10.01;9.00;0.00;0.00;59.00;0.00;1;1939-07-11;MFL;;;BO;1938-01-01
DEU;DEU000030612;;DES;1992-11-03;1992-11-03;THI004;THI004;---;0612;;;N;N;N;;;;;FX;GNS;GNS;;;;;8.00;0.00;0.00;4.52;0.00;18.00;0.00;;1972-01-10;C19;;;PA;
DEU;DEU000030613;;RET;1998-07-30;1998-07-30;BRE007;BRE007;---;0613;;;N;N;N;;;;;FX;GNS;LLS;;;;;6.40;6.15;1.00;2.91;0.00;6.00;0.00;;1927-05-03;4C1;;;PA;
DEU;DEU000030614;;RET;2002-12-05;2002-12-05;FRE4;FRE4;GREIF;0614;;DD6106;Y;N;N;;;;;FX;OTB;OTM;;;;;13.97;12.68;18.00;26.34;0.00;44.00;0.00;;1939-04-01;4C2;;;PA;
DEU;DEU000030615;;RET;2000-02-24;2000-02-24;GAG04;GAG04;---;0615;;;N;N;N;;;;;FX;GNS;GNS;;;;;8.48;8.08;5.00;7.16;0.00;30.00;0.00;;1949-07-01;4C1;;;PA;
DEU;DEU000030616;;RET;1992-01-01;1992-01-01;LAS20;LAS20;---;0616;;;N;N;N;;;;;FX;GNS;NK;;;;;8.35;0.00;0.00;4.93;0.00;44.00;0.00;;1987-02-01;4;;;PA;
DEU;DEU000030617;;RET;1992-01-01;1992-01-01;VIT007;VIT007;BETTY;0617;;Y4TP;Y;N;N;;;;;FX;OTB;PTB;;;;;0.00;15.25;0.00;19.38;0.00;98.00;0.00;;1941-04-12;4;;;PA;
DEU;DEU000030618;;RET;1996-03-12;1996-03-12;AHL005N;AHL005N;---;0618;;;N;N;N;;;;;FX;GNS;LLS;;;;;8.56;7.00;5.00;9.57;0.00;60.00;0.00;;1979-03-01;C19;;;PA;
DEU;DEU000030619;;RET;2020-02-26;2020-02-26;FRE88;FRE88;---;0614;;;N;N;N;N;;N;;GO;GNS;LLS;;;;;7.95;7.20;4.00;0.00;0.00;40.00;0.00;2;1989-10-12;MFL;;;PA;1989-01-01
DEU;DEU000030620;;RET;1999-12-08;1999-12-08;HER8;HER8;SEESCHWALBE;0620;;;N;N;N;;;;;FX;GNS;LLS;;;;;8.36;7.00;4.00;8.61;0.00;44.00;0.00;;1964-10-10;4C1;;;PA;
DEU;DEU000030621;;RET;1994-02-01;1994-02-01;UETZ13;UETZ13;---;0621;;;N;N;N;;;;;FX;GNS;LLS;;;;;6.10;0.00;0.00;2.38;0.00;5.00;0.00;;1978-02-04;4;;;PA;
DEU;DEU000030622;;RET;2009-09-22;2009-09-22;KOEL5;KOEL5;---;0622;;;N;N;N;;;;;FX;GNS;LLS;;;;;6.00;0.00;1.00;2.54;0.00;5.00;0.00;1;1972-05-15;MFL;;;PA;1972-01-01
DEU;DEU000030623;;MOD;2014-01-08;2100-12-31;KOS4;KOS4;---;0623;;;N;Y;N;;;;;FX;GNS;LLS;;;;;7.50;6.45;2.00;7.80;0.00;10.00;0.00;1;1968-04-03;MFL;;;;1968-01-01
DEU;DEU000030624;;RET;2005-02-18;2005-02-18;ZEM6;ZEM6;---;0624;;;N;N;N;;;;;FX;GNS;LLS;;;;;6.46;0.00;2.00;1.56;0.00;10.00;0.00;1;1961-02-10;MFL;;;PA;1961-01-01
DEU;DEU000030625;;MOD;2022-03-01;2100-12-31;ZIW3N;ZIW3N;---;DEZIN;Zinnowitz;;N;Y;N;N;;N;;GO;GNS;FPO;;;;;4.50;0.00;1.00;0.00;0.00;6.00;0.00;2;2021-05-01;MFL;;;PA;2016-01-01
DEU;DEU000030627;;RET;2008-06-30;2008-06-30;BAA03;BAA03;---;0627;;;N;N;N;;;;;FX;GNS;LLS;;;;;5.40;0.00;1.00;2.10;0.00;0.00;0.00;1;1975-07-04;MFL;;;PA;1975-01-01
DEU;DEU000030630;;RET;2006-10-25;2006-10-25;KAM50;KAM50;KRANICH;0630;;DMPP;Y;N;N;;;;;FX;OTB;OTM;;;;;11.98;10.78;15.00;0.00;0.00;114.00;0.00;1;1957-08-17;MFL;;;PA;1957-01-01
DEU;DEU000030631;;RET;2017-02-01;2017-02-01;AWA3N;AWA3N;---;0631;;;N;N;N;;;;;FX;GNS;FPO;;;;;8.40;7.45;3.00;0.00;0.00;18.00;0.00;1;1987-01-13;MFL;;;PA;1986-01-01
DEU;DEU000030632;;MOD;2025-07-01;2100-12-31;LAS7N;LAS7N;---;DELSA;Lassan;;N;Y;N;N;Y;N;;GO;GNS;FPO;;;;;8.50;7.70;3.00;0.00;0.00;22.00;0.00;2;1980-04-11;MFL;;;;1980-01-01
DEU;DEU000030633;;RET;1991-10-01;1991-10-01;USE4;USE4;---;0633;;;N;N;N;;;;;FX;GNS;NK;;;;;7.40;0.00;0.00;3.87;0.00;6.00;0.00;;1952-07-18;4;;;PA;
DEU;DEU000030634;;RET;2012-12-14;2012-12-14;WOG5N;WOG5N;---;0634;;;N;N;N;;;;;FX;GNS;LLS;;;;;5.70;0.00;1.00;2.29;0.00;2.00;0.00;1;1990-03-12;MFL;;;PA;1980-01-01
DEU;DEU000030635;;RET;2003-12-22;2003-12-22;RAN13N;RAN13N;---;0635;;;N;N;N;;;;;FX;GNS;NK;;;;;7.60;7.10;1.00;2.87;0.00;6.00;0.00;1;1959-10-11;MFL;;;PA;1959-01-01
DEU;DEU000030637;;RET;1992-11-17;1992-11-17;NEU002A;NEU002A;---;0637;;;N;N;N;;;;;FX;GNS;NO;;;;;4.60;0.00;0.00;1.50;0.00;0.00;0.00;;1976-05-14;C19;;;PA;
DEU;DEU000030638;;RET;2005-04-12;2005-04-12;GLE04N;GLE04N;---;0638;;;N;N;N;;;;;FX;GNS;LLS;;;;;5.25;0.00;1.00;2.00;0.00;6.00;0.00;1;1948-04-15;MFL;;;PA;1948-01-01
DEU;DEU000030639;;RET;2024-11-30;2024-11-30;UMM55;UMM55;---;DEWSJ;Waase;;N;N;N;N;N;N;;GO;GNS;LLS;;;;;10.85;10.01;8.00;0.00;0.00;51.00;0.00;1;1931-09-04;MFL;;;PA;1931-01-01
DEU;DEU000030640;;RET;1999-02-02;1999-02-02;WIR001C;WIR001C;---;0640;;;N;N;N;;;;;FX;GNS;LLS;;;;;4.50;0.00;1.00;1.43;0.00;10.00;0.00;;1950-04-13;4C1;;;PA;
DEU;DEU000030641;;RET;2002-11-13;2002-11-13;DRA007;DRA007;ARKONA;0641;;;N;Y;N;;;;;FX;GNS;LLS;;;;;11.23;0.00;9.00;0.00;0.00;92.00;0.00;;1930-05-12;4C1;;;AC;
DEU;DEU000030642;;RET;2018-01-01;2018-01-01;KUEH003;KUEH003;---;0642;;;N;N;N;;;;;GO;GNS;LLS;;;;;6.00;0.00;1.00;0.00;0.00;7.00;0.00;3;1990-07-01;MFL;;;PA;1990-01-01
DEU;DEU000030643;;RET;2024-09-16;2024-09-16;BOG1N;BOG1N;---;DE73B;Börgerende;;N;N;N;N;N;N;;GO;GNS;LLS;;;;;5.80;0.00;1.00;0.00;0.00;7.00;0.00;2;1978-01-01;MFL;;;PA;1978-01-01
DEU;DEU000030645;;RET;1991-06-27;1991-06-27;RIB2;RIB2;---;0645;;;N;N;N;;;;;FX;GNS;NO;;;;;12.20;0.00;0.00;13.29;0.00;52.00;0.00;;1954-11-09;4;;;PA;
DEU;DEU000030646;;RET;1996-11-25;1996-11-25;WUS003N;WUS003N;---;0646;;;N;N;N;;;;;FX;GNS;NO;;;;;5.70;0.00;1.00;2.30;0.00;4.00;0.00;;1960-05-17;C19;;;PA;
DEU;DEU000030648;;DES;1994-01-07;1994-01-07;BOR3;BOR3;---;0648;;;N;N;N;;;;;FX;GNS;NO;;;;;7.00;0.00;0.00;3.46;0.00;12.00;0.00;;1952-05-21;C19;;;PA;
DEU;DEU000030649;;RET;2007-05-14;2007-05-14;PRE3;PRE3;---;0649;;;N;N;N;;;;;FX;GNS;LLS;;;;;4.00;0.00;1.00;1.13;0.00;4.00;0.00;3;1989-04-14;MFL;;;PA;1989-01-01
DEU;DEU000030650;;RET;2010-12-22;2010-12-22;ZID2AN;ZID2AN;---;0650;;;N;N;N;;;;;FX;GNS;LLS;;;;;5.64;0.00;1.00;0.00;0.00;3.00;0.00;1;1979-04-12;MFL;;;PA;1979-01-01
DEU;DEU000030657;;RET;1992-04-01;1992-04-01;WID003;WID003;---;0657;;;N;N;N;;;;;FX;GNS;LLS;;;;;5.70;0.00;0.00;2.30;0.00;5.00;0.00;;1971-08-11;C19;;;PA;
DEU;DEU000030668;;RET;2006-01-31;2006-01-31;GLO22N;GLO22N;---;0668;;;N;N;N;;;;;FX;GNS;LLS;;;;;4.08;0.00;1.00;0.00;0.00;7.00;0.00;3;2002-08-16;MFL;;;PA;1994-01-01
DEU;DEU000030673;;CST;2008-01-29;2100-12-31;BAA23;BAA23;---;0673;;;N;Y;N;;;;;FX;GNS;FPO;;;;;6.70;0.00;2.00;0.00;0.00;26.00;0.00;2;2008-01-29;MFL;;;PA;2007-01-01
DEU;DEU000040300;;RET;1996-04-12;1996-04-12;NC309;NC309;NORDMEER;0301;;DFOO;Y;N;N;;;;;FX;OTB;OTM;;;;;33.18;27.75;333.00;211.06;0.00;600.00;0.00;;1988-10-22;G17;;;PA;
DEU;DEU000040400;5364932;CHA;2021-04-20;2100-12-31;BX757;BX757;PESORSA CUATRO;DEBRV;Bremerhaven;DEOJ;Y;N;Y;Y;;Y;211315870;WOP;FPO;GNS;;;;;31.05;27.05;199.00;0.00;0.00;441.00;324.00;2;1962-12-27;MFL;;;PA;1962-01-01
DEU;DEU000040500;;RET;2007-01-25;2007-01-25;NG3;NG3;NIEDERSACHSEN;0315;;DHCH;Y;N;Y;;;;;FX;OTB;PTB;;;;;27.23;24.00;100.00;0.00;0.00;441.00;0.00;2;1959-12-31;MFL;;;PA;1959-01-01
DEU;DEU000040601;;DES;1991-12-31;1991-12-31;ROS310;ROS310;PETER KAST;0601;;Y4BM;Y;N;N;;;;;FX;OTB;OTM;;;;;85.26;81.62;0.00;2425.66;0.00;1692.00;1140.00;;1965-01-14;1;;;PA;
DEU;DEU000040602;;RET;2011-12-29;2011-12-29;HEIL7;HEIL7;OSTSEE;0207;;Y4MK;Y;N;N;;;;;FX;OTB;PTB;;;;;13.63;13.16;22.00;17.55;0.00;80.00;0.00;1;1947-03-08;MFL;;;PA;1947-01-01
DEU;DEU000040603;;RET;1997-07-02;1997-07-02;WAR88;WAR88;---;0603;;;N;N;N;;;;;FX;GNS;LLS;;;;;8.11;7.38;3.00;2.60;0.00;36.00;0.00;;1955-12-01;4C1;;;AC;
DEU;DEU000040604;;RET;1999-03-31;1999-03-31;WIS113;WIS113;FRITZ REUTER;0604;;Y4PF;Y;N;N;;;;;FX;OTB;PTB;;;;;24.05;21.70;95.00;99.57;0.00;221.00;147.00;;1967-05-05;4C3;;;AC;
DEU;DEU000040606;;RET;1992-03-06;1992-03-06;KAR16;KAR16;FREUNDSCHAFT;0606;;Y4TH;Y;N;N;;;;;FX;PTB;OTB;;;;;17.80;0.00;0.00;38.41;0.00;147.00;6.00;;1950-07-20;G16;;;PA;
DEU;DEU000040607;;RET;2002-05-28;2002-05-28;LAU5;LAU5;---;0607;;;N;N;N;;;;;FX;GNS;LLS;;;;;6.00;0.00;1.00;2.54;0.00;18.00;0.00;;1963-04-25;4C1;;;PA;
DEU;DEU000040608;;RET;2017-06-30;2017-06-30;WIE33;WIE33;BREEGE;0608;;Y4NV;Y;N;N;;;;;FX;GNS;LLS;;;;;11.95;0.00;16.00;0.00;0.00;60.00;0.00;1;1957-07-19;MFL;;;PA;1957-01-01
DEU;DEU000040609;;DES;1999-01-18;1999-01-18;UEK4;UEK4;---;0609;;;N;N;N;;;;;FX;GNS;NK;;;;;7.10;6.50;2.00;4.41;0.00;6.00;0.00;;1965-05-16;4C1;;;PA;
DEU;DEU000040610;;RET;2001-08-13;2001-08-13;BAR4;BAR4;---;0610;;;N;N;N;;;;;FX;GNS;LLS;;;;;11.29;10.16;8.00;11.60;0.00;47.00;0.00;;1924-01-01;4C1;;;PA;
DEU;DEU000040611;;RET;2021-08-10;2021-08-10;ECKE19;ECKE19;LACHS;DEECK;Eckernförde;;N;N;N;N;;N;;GO;GNS;FPO;;;;;11.90;0.00;13.00;0.00;0.00;44.00;0.00;1;1938-06-30;MFL;;;PA;1938-01-01
DEU;DEU000040612;;RET;2011-11-01;2011-11-01;GZI06N;GZI06N;---;0612;;;N;N;N;;;;;FX;FPO;GNS;;;;;9.53;8.68;9.00;11.56;0.00;55.00;0.00;1;1975-07-14;MFL;;;PA;1975-01-01
DEU;DEU000040613;;RET;2014-03-17;2014-03-17;BRE009N;BRE009N;---;0613;;;N;N;N;;;;;FX;GNS;LLS;;;;;6.27;6.02;2.00;3.49;0.00;11.00;0.00;1;1944-11-12;MFL;;;PA;1944-01-01
DEU;DEU000040614;;DES;1995-12-29;1995-12-29;FRE5;FRE5;ILTIS;0614;;Y4VM;Y;N;N;;;;;FX;GNS;OTB;;;;;13.99;12.50;21.00;19.76;0.00;59.00;0.00;;1956-08-19;C19;;;AC;
DEU;DEU000040615;;RET;1991-09-09;1991-09-09;GAG008;GAG008;---;0615;;;N;N;N;;;;;FX;GNS;GNS;;;;;7.00;0.00;0.00;3.46;0.00;9.00;0.00;;1955-11-24;4;;;PA;
DEU;DEU000040616;;DES;2022-12-01;2022-12-01;VIT7;VIT7;LÜTT EMMI;DEVT2;Vitte;;N;N;N;N;;N;;GO;GNS;LLS;;;;;6.90;6.55;3.00;0.00;0.00;44.00;0.00;3;1980-04-03;MFL;;;AC;1980-01-01
DEU;DEU000040617;;RET;1993-04-24;1993-04-24;VIT008;VIT008;SEESTERN;0617;;;N;N;N;;;;;FX;GNS;LLS;;;;;11.12;10.47;0.00;23.47;0.00;52.00;0.00;;1939-10-12;C19;;;PA;
DEU;DEU000040618;;RET;1995-01-01;1995-01-01;AHL007;AHL007;KEHRWIEDER;0618;;;N;N;N;;;;;FX;GNS;LLS;;;;;8.70;7.20;0.00;10.44;0.00;60.00;0.00;;1983-02-10;4;;;PA;
DEU;DEU000040619;;RET;1999-12-08;1999-12-08;BAN004;BAN004;---;0619;;;N;N;N;;;;;FX;GNS;LLS;;;;;4.60;0.00;1.00;1.50;0.00;4.00;0.00;;1970-11-25;4C1;;;PA;
DEU;DEU000040620;;DES;1994-09-14;1994-09-14;HER9;HER9;---;0620;;;N;N;N;;;;;FX;GNS;LLS;;;;;7.00;0.00;0.00;3.46;0.00;5.00;0.00;;1948-01-10;C19;;;PA;
DEU;DEU000040621;;RET;2022-02-01;2022-02-01;UETZ12;UETZ12;---;DEUEC;Ueckeritz;;N;N;N;N;;N;;GO;GNS;LLS;;;;;6.20;0.00;1.00;0.00;0.00;33.00;0.00;1;1981-04-15;MFL;;;PA;1981-01-01
DEU;DEU000040622;;RET;1991-08-08;1991-08-08;KOEL12;KOEL12;---;0622;;;N;N;N;;;;;FX;GNS;LLS;;;;;7.00;0.00;0.00;3.46;0.00;36.00;0.00;;1964-02-15;4;;;PA;
DEU;DEU000040623;;MOD;2023-01-01;2100-12-31;KOS8;KOS8;---;DEKSW;Koserow;;N;Y;N;N;Y;N;;GO;GNS;LLS;;;;;7.20;0.00;1.00;0.00;0.00;5.00;0.00;1;1972-04-16;MFL;;;;1972-01-01
DEU;DEU000040624;;RET;2007-12-10;2007-12-10;WOG3N;WOG3N;---;0634;;;N;N;N;;;;;FX;GNS;LLS;;;;;6.00;0.00;2.00;2.54;0.00;5.00;0.00;1;1974-05-05;MFL;;;PA;1974-01-01
DEU;DEU000040627;;RET;1994-08-10;1994-08-10;BAA005;BAA005;---;0627;;;N;N;N;;;;;FX;GNS;GNS;;;;;6.00;0.00;0.00;2.54;0.00;6.00;0.00;;1972-06-11;C19;;;PA;
DEU;DEU000040630;;RET;1992-06-01;1992-06-01;KAM45;KAM45;SEEADLER;0630;;Y4UA;Y;N;N;;;;;FX;OTB;GNS;;;;;14.10;0.00;0.00;19.80;0.00;59.00;0.00;;1941-09-27;G16;;;PA;
DEU;DEU000040632;;RET;2005-12-08;2005-12-08;MOEN3N;MOEN3N;---;0632;;;N;N;N;;;;;FX;GNS;NK;;;;;8.35;0.00;2.00;0.00;0.00;9.00;0.00;1;1974-07-07;MFL;;;PA;1974-01-01
DEU;DEU000040633;;RET;1994-01-04;1994-01-04;USE6;USE6;---;0633;;;N;N;N;;;;;FX;GNS;NK;;;;;7.81;7.23;0.00;1.91;0.00;6.00;0.00;;1960-04-04;4;;;PA;
DEU;DEU000040634;;RET;2005-11-14;2005-11-14;WOG6;WOG6;---;0634;;;N;N;N;;;;;FX;GNS;NK;;;;;6.00;0.00;1.00;0.00;0.00;0.00;0.00;1;1949-04-04;MFL;;;PA;1949-01-01
DEU;DEU000040635;;RET;1994-01-05;1994-01-05;LAS11;LAS11;---;0635;;;N;N;N;;;;;FX;GNS;LLS;;;;;7.60;6.50;0.00;2.05;0.00;5.00;0.00;;1975-03-18;C19;;;PA;
DEU;DEU000040637;;RET;1992-11-17;1992-11-17;NEU002B;NEU002B;---;0637;;;N;N;N;;;;;FX;GNS;NO;;;;;8.00;0.00;0.00;4.52;0.00;18.00;0.00;;1955-08-27;C19;;;PA;
DEU;DEU000040638;;RET;2001-12-01;2001-12-01;LAU26;LAU26;---;0607;;;N;N;N;;;;;FX;GNS;LLS;;;;;8.20;6.90;3.00;5.66;0.00;18.00;0.00;;1954-06-14;4C1;;;PA;
DEU;DEU000040639;;RET;2002-01-28;2002-01-28;UMM1A;UMM1A;---;0639;;;N;N;N;;;;;FX;GNS;NO;;;;;6.00;0.00;1.00;2.54;0.00;0.00;0.00;;1956-07-19;4C1;;;PA;
DEU;DEU000040640;;RET;2008-04-08;2008-04-08;WIR002A;WIR002A;---;0640;;;N;N;N;;;;;FX;GNS;LLS;;;;;5.10;0.00;1.00;1.84;0.00;7.00;0.00;1;1966-01-03;MFL;;;PA;1966-01-01
DEU;DEU000040641;;CHA;2019-03-01;2100-12-31;DRA004A;DRA004A;---;0641;;;N;Y;N;N;;N;;GO;GNS;LLS;;;;;5.80;0.00;1.00;0.00;0.00;22.00;0.00;1;1962-05-13;MFL;;;PA;1962-01-01
DEU;DEU000040642;;DES;1991-07-19;1991-07-19;KUEH004;KUEH004;---;0642;;;N;N;N;;;;;FX;GNS;LLS;;;;;6.30;0.00;0.00;2.80;0.00;11.00;0.00;;1977-04-01;4;;;PA;
DEU;DEU000040643;;MOD;2024-09-01;2100-12-31;BOG3N;BOG3N;---;DE73B;Börgerende;;N;Y;N;N;Y;N;;GO;GNS;LLS;;;;;5.10;0.00;1.00;0.00;0.00;4.00;0.00;3;2000-01-10;MFL;;;;1984-01-01
DEU;DEU000040645;;RET;1998-03-02;1998-03-02;AHR4N;AHR4N;---;0645;;;N;N;N;;;;;FX;GNS;NO;;;;;5.95;0.00;1.00;2.63;0.00;8.00;0.00;;1989-03-17;4C1;;;PA;
DEU;DEU000040647;;RET;2003-09-27;2003-09-27;DIE4;DIE4;---;0647;;;N;N;N;;;;;FX;GNS;NK;;;;;6.50;6.10;1.00;1.24;0.00;5.00;0.00;1;1949-06-16;MFL;;;PA;1949-01-01
DEU;DEU000040648;;RET;1991-07-19;1991-07-19;BOR4;BOR4;---;0648;;;N;N;N;;;;;FX;GNS;NO;;;;;10.60;0.00;0.00;7.94;0.00;32.00;0.00;;1936-07-12;4;;;PA;
DEU;DEU000040650;;RET;2004-02-27;2004-02-27;ZID4;ZID4;---;0650;;;N;N;N;;;;;FX;GNS;LLS;;;;;7.80;0.00;3.00;4.30;0.00;30.00;0.00;2;1979-12-12;MFL;;;PA;1979-01-01
DEU;DEU000040657;;RET;2007-12-11;2007-12-11;ZEW18N;ZEW18N;---;0657;;;N;N;N;;;;;FX;GNS;LLS;;;;;4.20;0.00;1.00;1.19;0.00;6.00;0.00;3;1999-04-20;MFL;;;PA;1987-01-01
DEU;DEU000040668;;RET;2010-11-16;2010-11-16;GLO23N;GLO23N;PELIKAN;0668;;;N;N;N;;;;;FX;GNS;LLS;;;;;4.95;0.00;1.00;0.00;0.00;11.00;0.00;3;2003-04-07;MFL;;;PA;1979-01-01
DEU;DEU000040673;;MOD;2024-11-15;2100-12-31;LAU53N;LAU53N;---;DELAK;"Lauterbach"", Rügen";;N;Y;N;N;Y;N;;GO;GNS;FPO;;;;;5.26;0.00;1.00;0.00;0.00;11.00;0.00;3;2009-04-15;MFL;;;;2009-01-01
DEU;DEU000050300;8716930;RET;2019-01-02;2019-01-02;NC312;NC312;BIANCA;0301;;DFOK;Y;N;Y;Y;;Y;;TTW;OTB;OTM;;;;;40.22;36.33;455.00;0.00;0.00;784.00;116.00;2;1988-06-01;MFL;;;PA;1988-01-01
DEU;DEU000050400;;DES;2007-02-05;2007-02-05;NB1;NB1;HOHEWEG;0316;;DEOY;Y;N;Y;;;;;FX;OTB;OTM;;;;;26.55;23.71;122.00;105.74;0.00;221.00;0.00;2;1974-01-31;MFL;;;PA;1973-01-01
DEU;DEU000050500;8705450;DES;2023-11-21;2023-11-21;NC308;NC308;J.VON COELLN;DECUX;Cuxhaven;DHMC;Y;N;Y;Y;N;Y;211298640;TTW;OTB;OTM;;;;;40.26;36.63;459.00;0.00;0.00;675.00;150.00;2;1987-12-22;MFL;;;AC;1987-01-01
DEU;DEU000050601;;RET;1996-08-20;1996-08-20;ROS801;ROS801;AURIGA;0601;;Y4DU;Y;N;N;;;;;FX;OTB;OTM;;;;;62.23;56.11;1943.00;1568.91;0.00;1764.00;1324.00;;1986-12-09;G22;;;AC;
DEU;DEU000050602;;DES;1991-04-09;1991-04-09;SAS11;SAS11;STURMVOGEL;0602;;Y4LQ;Y;N;N;;;;;FX;OTB;PTB;;;;;15.72;0.00;0.00;22.16;0.00;59.00;0.00;;1932-01-01;4;;;PA;
DEU;DEU000050604;;RET;1990-12-01;1990-12-01;WIS114;WIS114;MAXIM GORKI;0604;;Y4PD;Y;N;N;;;;;FX;OTB;PTB;;;;;24.00;0.00;0.00;72.47;0.00;152.00;9.00;;1954-04-30;4;;;PA;
DEU;DEU000050606;;RET;1995-11-01;1995-11-01;KAR19;KAR19;SAALFELD;0606;;Y4TM;Y;N;N;;;;;FX;PTB;OTB;;;;;17.80;0.00;0.00;38.41;0.00;147.00;6.00;;1950-11-03;4;;;AC;
DEU;DEU000050607;;RET;1994-01-02;1994-01-02;LAU07;LAU07;---;0607;;;N;N;N;;;;;FX;GNS;GNS;;;;;10.13;9.90;0.00;13.05;0.00;45.00;0.00;;1953-10-15;4;;;AC;
DEU;DEU000050608;;MOD;2022-08-15;2100-12-31;BRE44;BRE44;CONNY;DEREQ;Breege;;N;Y;N;N;;N;;GO;GNS;LLS;;;;;10.51;9.20;9.00;0.00;0.00;78.00;0.00;3;1983-12-30;MFL;;;;1983-01-01
DEU;DEU000050609;;RET;2001-11-26;2001-11-26;AWA8N;AWA8N;---;0631;;;N;N;N;;;;;FX;GNS;NK;;;;;8.50;0.00;3.00;5.11;0.00;7.00;0.00;;1964-03-22;4C1;;;PA;
DEU;DEU000050610;;RET;1999-10-11;1999-10-11;BOD9;BOD9;---;0610;;;N;N;N;;;;;FX;GNS;LLS;;;;;5.10;0.00;1.00;1.84;0.00;22.00;0.00;;1950-07-15;4C1;;;PA;
DEU;DEU000050611;;RET;2016-07-31;2016-07-31;STA005;STA005;STINA;0611;;DF8593;Y;N;N;;;;;FX;GNS;FPO;;;;;12.25;10.88;11.00;0.00;0.00;44.00;0.00;1;1951-04-11;MFL;;;PA;1950-01-01
DEU;DEU000050612;;RET;2006-08-14;2006-08-14;THI07;THI07;---;0612;;;N;N;N;;;;;FX;GNS;LLS;;;;;8.90;8.00;6.00;0.00;0.00;36.00;0.00;1;1970-04-25;MFL;;;PA;1970-01-01
DEU;DEU000050613;;RET;1991-09-24;1991-09-24;BRE001;BRE001;---;0613;;;N;N;N;;;;;FX;GNS;LLS;;;;;11.65;0.00;0.00;9.59;0.00;44.00;0.00;;1931-03-19;4;;;PA;
DEU;DEU000050614;;RET;2011-09-19;2011-09-19;FRE7;FRE7;KNURRHAHN;0614;;DB2628;Y;N;N;;;;;FX;GNS;FPO;;;;;12.61;11.56;13.00;18.64;0.00;147.00;0.00;1;1950-06-18;MFL;;;PA;1950-01-01
DEU;DEU000050615;;RET;2011-11-04;2011-11-04;GAG09;GAG09;MOLLI;0615;;;N;N;N;;;;;FX;GNS;LLS;;;;;9.28;8.58;7.00;9.05;0.00;37.00;0.00;2;1980-11-20;MFL;;;PA;1980-01-01
DEU;DEU000050616;;RET;2006-11-03;2006-11-03;LAS3;LAS3;---;0616;;;N;N;N;;;;;FX;GNS;LLS;;;;;7.44;0.00;2.00;0.00;0.00;6.00;0.00;1;1960-06-12;MFL;;;PA;1960-01-01
DEU;DEU000050617;;MOD;2022-01-01;2100-12-31;VIT009;VIT009;ALMA;DEVT2;Vitte;DH2235;Y;Y;N;N;;N;;GO;OTB;GNS;;;;;12.64;12.04;16.00;0.00;0.00;100.00;0.00;1;1937-12-12;MFL;;;;1937-01-01
DEU;DEU000050618;;RET;1994-02-11;1994-02-11;AHL009;AHL009;SEETEUFEL;0618;;;N;N;N;;;;;FX;GNS;LLS;;;;;8.45;7.05;0.00;9.35;0.00;60.00;0.00;;1984-10-01;4;;;PA;
DEU;DEU000050619;;RET;1996-09-10;1996-09-10;BAN5N;BAN5N;---;0619;;;N;N;N;;;;;FX;GNS;LLS;;;;;8.60;7.10;4.00;8.75;0.00;29.00;0.00;;1974-05-20;C19;;;PA;
DEU;DEU000050620;;RET;2007-03-28;2007-03-28;HER10;HER10;---;0620;;;N;N;N;;;;;FX;GNS;LLS;;;;;4.60;0.00;1.00;1.50;0.00;5.00;0.00;1;1970-05-19;MFL;;;PA;1970-01-01
DEU;DEU000050621;;RET;2011-01-31;2011-01-31;LAS5N;LAS5N;---;0616;;;N;N;N;;;;;FX;GNS;LLS;;;;;8.10;7.20;2.00;0.00;0.00;33.00;0.00;2;1990-03-25;MFL;;;PA;1990-01-01
DEU;DEU000050622;;RET;2019-11-30;2019-11-30;KOEL3N;KOEL3N;---;0622;;;N;N;N;N;;N;;GO;GNS;LLS;;;;;6.55;6.12;2.00;0.00;0.00;25.00;0.00;1;1988-05-19;MFL;;;PA;1988-01-01
DEU;DEU000050623;;RET;1995-06-15;1995-06-15;WAR40;WAR40;---;0603;;;N;N;N;;;;;FX;GNS;LLS;;;;;8.20;0.00;0.00;3.46;0.00;29.00;0.00;;1954-06-18;C19;;;PA;
DEU;DEU000050624;;RET;2004-06-07;2004-06-07;ZEM21Z;ZEM21Z;---;0624;;;N;N;N;;;;;FX;GNS;LLS;;;;;7.50;6.30;2.00;3.46;0.00;28.00;0.00;1;1949-10-12;MFL;;;PA;1949-01-01
DEU;DEU000050627;;RET;2003-03-03;2003-03-03;LOB7N;LOB7N;---;0627;;;N;N;N;;;;;FX;GNS;LLS;;;;;5.80;0.00;1.00;2.38;0.00;6.00;0.00;1;1985-07-17;MFL;;;PA;1985-01-01
DEU;DEU000050630;;RET;1998-03-26;1998-03-26;KAM15;KAM15;---;0630;;;N;N;N;;;;;FX;GNS;NO;;;;;7.00;0.00;2.00;3.46;0.00;5.00;0.00;;1981-08-19;4C1;;;PA;
DEU;DEU000050631;;RET;1997-05-05;1997-05-05;AWA5N;AWA5N;---;0631;;;N;N;N;;;;;FX;GNS;NK;;;;;7.00;0.00;1.00;3.46;0.00;6.00;0.00;;1951-05-07;4C1;;;PA;
DEU;DEU000050632;;RET;2006-10-17;2006-10-17;MOEN4N;MOEN4N;---;0632;;;N;N;N;;;;;FX;GNS;NK;;;;;8.20;7.50;3.00;0.00;0.00;37.00;0.00;2;1970-06-19;MFL;;;PA;1970-01-01
DEU;DEU000050633;;DES;1992-05-29;1992-05-29;USE7;USE7;---;0633;;;N;N;N;;;;;FX;GNS;NK;;;;;7.50;0.00;0.00;2.98;0.00;6.00;0.00;;1945-10-10;C19;;;PA;
DEU;DEU000050634;;RET;2007-12-10;2007-12-10;WOG7N;WOG7N;---;0634;;;N;N;N;;;;;FX;GNS;LLS;;;;;9.10;8.45;5.00;6.37;0.00;26.00;0.00;1;1955-03-22;MFL;;;PA;1955-01-01
DEU;DEU000050635;;RET;2000-03-25;2000-03-25;RAN3;RAN3;---;0635;;;N;N;N;;;;;FX;GNS;LLS;;;;;6.00;0.00;1.00;2.56;0.00;41.00;0.00;;1975-01-23;4C1;;;PA;
DEU;DEU000050637;;DES;1993-07-01;1993-07-01;NEU004A;NEU004A;---;0637;;;N;N;N;;;;;FX;GNS;NO;;;;;5.00;0.00;0.00;1.77;0.00;0.00;0.00;;1948-05-06;C19;;;PA;
DEU;DEU000050638;;RET;1995-01-05;1995-01-05;ZUD002;ZUD002;---;0638;;;N;N;N;;;;;FX;GNS;GNS;;;;;9.00;0.00;0.00;5.72;0.00;18.00;0.00;;1975-02-20;C19;;;PA;
DEU;DEU000050639;;RET;2006-01-20;2006-01-20;UMM1B;UMM1B;---;0639;;;N;N;N;;;;;FX;GNS;NO;;;;;6.20;0.00;1.00;2.72;0.00;0.00;0.00;1;1991-12-31;MFL;;;PA;1940-01-01
DEU;DEU000050640;;MOD;2003-01-01;2100-12-31;WIR3N;WIR3N;---;0640;;;N;Y;N;;;;;FX;GNS;LLS;;;;;4.00;0.00;1.00;1.00;0.00;7.00;0.00;3;1996-08-30;MFL;;;;1993-01-01
DEU;DEU000050641;;RET;1992-11-24;1992-11-24;DRA004B;DRA004B;---;0641;;;N;N;N;;;;;FX;GNS;LLS;;;;;4.30;0.00;0.00;1.31;0.00;0.00;0.00;;1980-03-12;4;;;PA;
DEU;DEU000050642;;DES;1991-07-19;1991-07-19;KUEH005;KUEH005;---;0642;;;N;N;N;;;;;FX;GNS;LLS;;;;;6.30;0.00;0.00;2.80;0.00;11.00;0.00;;1977-04-01;4;;;PA;
DEU;DEU000050645;;RET;2007-03-06;2007-03-06;WUS11N;WUS11N;---;0646;;;N;N;N;;;;;FX;GNS;NO;;;;;5.70;0.00;1.00;2.30;0.00;4.00;0.00;1;1985-06-17;MFL;;;PA;1985-01-01
DEU;DEU000050646;;RET;1998-05-19;1998-05-19;WUS005;WUS005;---;0646;;;N;N;N;;;;;FX;GNS;NO;;;;;6.30;0.00;1.00;2.81;0.00;5.00;0.00;;1987-07-09;4C1;;;PA;
DEU;DEU000050647;;RET;1999-07-14;1999-07-14;DIE5;DIE5;---;0647;;;N;N;N;;;;;FX;GNS;LLS;;;;;6.00;0.00;1.00;2.54;0.00;15.00;0.00;;1960-06-27;4C1;;;PA;
DEU;DEU000050648;;RET;2021-12-17;2021-12-17;PRU4;PRU4;---;DEORD;Born;;N;N;N;N;;N;;GO;GNS;LLS;;;;;11.95;0.00;13.00;0.00;0.00;44.00;0.00;2;1954-11-10;MFL;;;AC;1953-01-01
DEU;DEU000050649;;RET;1993-01-02;1993-01-02;PRE005;PRE005;---;0649;;;N;N;N;;;;;FX;GNS;NO;;;;;7.20;0.00;0.00;3.66;0.00;7.00;0.00;;1987-11-20;4;;;PA;
DEU;DEU000050650;;RET;2001-08-13;2001-08-13;ZID005;ZID005;---;0650;;;N;N;N;;;;;FX;GNS;NO;;;;;10.25;8.68;7.00;9.70;0.00;37.00;0.00;;1932-07-06;4C1;;;PA;
DEU;DEU000050657;;RET;1998-10-21;1998-10-21;WID5;WID5;---;0665;;;N;N;N;;;;;FX;GNS;LLS;;;;;4.00;0.00;1.00;1.83;0.00;20.00;0.00;;1980-04-14;4C1;;;PA;
DEU;DEU000050668;;RET;2006-09-13;2006-09-13;GLO24NZ;GLO24NZ;---;0668;;;N;N;N;;;;;FX;GNS;LLS;;;;;4.20;0.00;1.00;0.00;0.00;0.00;0.00;3;2003-06-27;MFL;;;PA;1989-01-01
DEU;DEU000050673;;RET;2014-06-24;2014-06-24;BAA7;BAA7;---;0673;;;N;N;N;;;;;FX;GNS;LLS;;;;;5.35;0.00;1.00;0.00;0.00;11.00;0.00;3;2010-08-19;MFL;;;PA;2010-01-01
DEU;DEU000060300;;RET;1997-04-07;1997-04-07;NC316;NC316;HEIKE R;0301;;DFPX;Y;N;N;;;;;FX;OTB;OTM;;;;;29.50;26.50;183.00;166.19;0.00;438.00;0.00;;1973-03-01;4C3;;;AC;
DEU;DEU000060400;7022485;EXP;2012-01-10;2012-01-10;NG5;NG5;STADT EMDEN;DEEME;Emden;DEPL;Y;N;Y;;;;;TUB;TBB;OTB;;;;;31.78;28.85;151.00;0.00;0.00;485.00;180.00;2;1976-11-03;MFL;NLD;EX;PA;1970-01-01
DEU;DEU000060601;;RET;1997-10-14;1997-10-14;ROS802;ROS802;BOOTES;0601;;Y4DW;Y;N;N;;;;;FX;OTB;OTM;;;;;62.23;56.11;1943.00;1568.91;0.00;1764.00;1324.00;;1986-12-17;4C7;;;AC;
DEU;DEU000060602;;DES;1991-04-09;1991-04-09;SAS12;SAS12;FRANK;0602;;Y4LA;Y;N;N;;;;;FX;OTB;PTB;;;;;14.57;0.00;0.00;20.70;0.00;59.00;0.00;;1941-07-24;4;;;PA;
DEU;DEU000060603;;RET;1991-11-18;1991-11-18;WAR016;WAR016;---;0603;;;N;N;N;;;;;FX;GNS;LLS;;;;;6.80;0.00;0.00;2.70;0.00;26.00;0.00;;1983-06-14;4;;;PA;
DEU;DEU000060604;;RET;1990-12-01;1990-12-01;WIS116;WIS116;JOHANN WOLFGANG VON GOETHE;0604;;Y4PL;Y;N;N;;;;;FX;OTB;PTB;;;;;24.00;0.00;0.00;72.47;0.00;152.00;9.00;;1953-01-23;4;;;PA;
DEU;DEU000060606;;RET;1990-11-01;1990-11-01;KAR22;KAR22;MEISSEN;0606;;Y4KD;Y;N;N;;;;;FX;PTB;OTB;;;;;17.60;0.00;0.00;31.09;0.00;110.00;0.00;;1950-03-16;4;;;PA;
DEU;DEU000060607;;RET;2011-01-12;2011-01-12;BAA32N;BAA32N;---;0673;;;N;N;N;;;;;FX;GNS;LLS;;;;;6.80;6.40;1.00;2.17;0.00;7.00;0.00;1;1962-02-01;MFL;;;PA;1962-01-01
DEU;DEU000060608;;RET;2023-01-19;2023-01-19;WIE26;WIE26;---;DEFRJ;Freest;;N;N;N;N;N;N;;GO;GNS;LLS;;;;;10.60;9.20;9.00;0.00;0.00;62.00;0.00;3;1982-04-10;MFL;;;BO;1982-01-01
DEU;DEU000060609;;RET;2011-11-01;2011-11-01;RIT1;RIT1;---;0609;;;N;N;N;;;;;FX;GNS;FPO;;;;;8.80;8.05;3.00;5.47;0.00;22.00;0.00;1;1983-07-01;MFL;;;PA;1983-01-01
DEU;DEU000060610;;RET;2001-08-21;2001-08-21;PRE6;PRE6;---;0610;;;N;N;N;;;;;FX;GNS;LLS;;;;;6.20;0.00;1.00;2.71;0.00;22.00;0.00;;1951-08-21;4C1;;;PA;
DEU;DEU000060611;;DES;2022-12-05;2022-12-05;FRE25;FRE25;LAUING;DEFRJ;Freest;;N;N;N;N;;Y;211553980;GO;GNS;LLS;;;;;10.48;9.30;9.00;0.00;0.00;66.00;0.00;1;1952-02-14;MFL;;;AC;1951-01-01
DEU;DEU000060612;;RET;2010-04-08;2010-04-08;THI11N;THI11N;---;0612;;;N;N;N;;;;;FX;GNS;LLS;;;;;6.20;0.00;2.00;2.72;0.00;9.00;0.00;1;1974-10-14;MFL;;;PA;1974-01-01
DEU;DEU000060613;;RET;2003-03-03;2003-03-03;BRE001A;BRE001A;---;0613;;;N;N;N;;;;;FX;GNS;NO;;;;;6.00;0.00;1.00;2.54;0.00;0.00;0.00;1;1922-06-17;MFL;;;PA;1922-01-01
DEU;DEU000060614;;MOD;2018-01-09;2100-12-31;FRE9;FRE9;FALKE;0614;;Y4VC;Y;Y;N;N;;N;;GO;GNS;OTB;;;;;11.98;10.83;18.00;0.00;0.00;100.00;0.00;1;1952-05-19;MFL;;;PA;1952-01-01
DEU;DEU000060615;;RET;2022-12-31;2022-12-31;GAG11;GAG11;---;DEGXG;Gager;;N;N;N;N;;N;;GO;GNS;LLS;;;;;9.26;8.72;8.00;0.00;0.00;36.00;0.00;2;1979-06-06;MFL;;;PA;1979-01-01
DEU;DEU000060616;;RET;1999-03-30;1999-03-30;LAS4;LAS4;---;0616;;;N;N;N;;;;;FX;GNS;NK;;;;;6.80;0.00;1.00;3.27;0.00;6.00;0.00;;1961-01-20;4C1;;;PA;
DEU;DEU000060617;;RET;1991-08-01;1991-08-01;VIT023;VIT023;MOEWE;0617;;Y4TO;Y;N;N;;;;;FX;OTB;PTB;;;;;12.60;0.00;0.00;14.53;0.00;74.00;0.00;;1951-09-06;4;;;PA;
DEU;DEU000060618;;RET;2001-02-26;2001-02-26;AHL018;AHL018;SEEADLER;0618;;;N;N;N;;;;;FX;GNS;LLS;;;;;9.12;7.90;5.00;9.83;0.00;44.00;0.00;;1970-03-15;4C1;;;PA;
DEU;DEU000060619;;RET;2001-07-02;2001-07-02;BAN8N;BAN8N;---;0619;;;N;N;N;;;;;FX;GNS;LLS;;;;;5.00;0.00;1.00;1.77;0.00;5.00;0.00;;1976-07-12;4C1;;;PA;
DEU;DEU000060620;;RET;2010-10-26;2010-10-26;ZEM30;ZEM30;---;0624;;;N;N;N;;;;;FX;GNS;LLS;;;;;5.00;0.00;1.00;1.77;0.00;5.00;0.00;1;1970-10-25;MFL;;;PA;1970-01-01
DEU;DEU000060621;;MOD;2022-05-15;2100-12-31;AHL38;AHL38;KEHRWIEDER;DEAHC;Ahlbeck;;N;Y;N;N;;N;;GO;GNS;LLS;;;;;7.87;6.80;3.00;0.00;0.00;30.00;0.00;1;1991-06-15;MFL;;;;1991-01-01
DEU;DEU000060622;;RET;2019-10-31;2019-10-31;FRE98;FRE98;---;0614;;;N;N;N;N;;N;;GO;GNS;LLS;;;;;8.65;7.20;5.00;0.00;0.00;59.00;0.00;1;1965-09-13;MFL;;;PA;1965-01-01
DEU;DEU000060623;;RET;2023-10-15;2023-10-15;KOS2;KOS2;---;DEKSW;Koserow;;N;N;N;N;N;N;;GO;GNS;LLS;;;;;8.55;7.48;5.00;0.00;0.00;60.00;0.00;1;1996-03-12;MFL;;;PA;1996-01-01
DEU;DEU000060624;;RET;2012-01-24;2012-01-24;ZEM15;ZEM15;---;0624;;;N;N;N;;;;;FX;GNS;LLS;;;;;7.10;6.05;2.00;2.98;0.00;10.00;0.00;1;1950-08-03;MFL;;;PA;1950-01-01
DEU;DEU000060627;;RET;1997-08-22;1997-08-22;BAA013;BAA013;---;0627;;;N;N;N;;;;;FX;GNS;GNS;;;;;6.80;0.00;2.00;3.27;0.00;9.00;0.00;;1960-03-24;4C1;;;PA;
DEU;DEU000060630;;MOD;2017-03-14;2100-12-31;KAM8;KAM8;---;0630;;;N;Y;N;;;;;FX;GNS;LLS;;;;;7.98;0.00;3.00;0.00;0.00;37.00;0.00;2;1992-03-01;MFL;;;;1991-01-01
DEU;DEU000060631;;DES;1994-01-02;1994-01-02;AWA6;AWA6;---;0631;;;N;N;N;;;;;FX;GNS;NK;;;;;8.35;0.00;0.00;4.93;0.00;15.00;0.00;;1988-04-04;C19;;;PA;
DEU;DEU000060632;;RET;1994-01-02;1994-01-02;MOEN5;MOEN5;---;0632;;;N;N;N;;;;;FX;GNS;NK;;;;;8.00;0.00;0.00;4.52;0.00;9.00;0.00;;1986-03-02;C19;;;PA;
DEU;DEU000060633;;RET;2005-05-09;2005-05-09;USE8N;USE8N;---;0633;;;N;N;N;;;;;FX;GNS;LLS;;;;;7.58;6.78;2.00;2.06;0.00;6.00;0.00;2;1952-11-10;MFL;;;PA;1952-01-01
DEU;DEU000060634;;RET;2001-09-24;2001-09-24;WOG8N;WOG8N;---;0634;;;N;N;N;;;;;FX;GNS;LLS;;;;;6.00;0.00;1.00;2.54;0.00;6.00;0.00;;1954-06-19;4C1;;;PA;
DEU;DEU000060635;;RET;1996-04-23;1996-04-23;RAN1;RAN1;---;0635;;;N;N;N;;;;;FX;GNS;LLS;;;;;7.75;7.25;2.00;3.09;0.00;5.00;0.00;;1973-01-10;C19;;;PA;
DEU;DEU000060637;;DES;1993-07-06;1993-07-06;NEU004B;NEU004B;---;0637;;;N;N;N;;;;;FX;GNS;NO;;;;;7.00;0.00;0.00;3.46;0.00;0.00;0.00;;1948-07-11;C19;;;PA;
DEU;DEU000060638;;RET;1997-11-18;1997-11-18;ZUD04N;ZUD04N;---;0638;;;N;N;N;;;;;FX;GNS;LLS;;;;;9.90;8.63;5.00;6.62;0.00;29.00;0.00;;1953-08-05;4C1;;;PA;
DEU;DEU000060639;;DES;1992-11-17;1992-11-17;UMM2;UMM2;---;0639;;;N;N;N;;;;;FX;GNS;NO;;;;;6.00;0.00;0.00;2.54;0.00;5.00;0.00;;1965-06-14;C19;;;PA;
DEU;DEU000060640;;MOD;2024-01-01;2100-12-31;WIR7N;WIR7N;---;DEWIK;Wiek;;N;Y;N;N;Y;N;;GO;GNS;LLS;;;;;4.25;0.00;1.00;0.00;0.00;4.00;0.00;3;1999-02-03;MFL;;;;1984-01-01
DEU;DEU000060641;;RET;1992-11-24;1992-11-24;DRA004C;DRA004C;---;0641;;;N;N;N;;;;;FX;GNS;LLS;;;;;4.10;0.00;0.00;1.19;0.00;0.00;0.00;;1988-05-12;4;;;PA;
DEU;DEU000060642;;RET;2025-06-30;2025-06-30;AHR19N;AHR19N;---;DERZD;Ribnitz-Damgarten;;N;N;N;N;N;N;;GO;GNS;LLS;;;;;4.26;0.00;1.00;0.00;0.00;18.00;0.00;3;1990-08-27;MFL;;;PA;1990-01-01
DEU;DEU000060645;;RET;1991-07-25;1991-07-25;RIB3;RIB3;---;0645;;;N;N;N;;;;;FX;GNS;NO;;;;;10.00;0.00;0.00;7.07;0.00;58.00;0.00;;1967-08-04;4;;;PA;
DEU;DEU000060646;;DES;1995-06-26;1995-06-26;WUS006;WUS006;---;0646;;;N;N;N;;;;;FX;GNS;NO;;;;;5.70;0.00;0.00;2.30;0.00;3.00;0.00;;1960-08-17;C19;;;PA;
DEU;DEU000060648;;RET;2000-10-02;2000-10-02;NER1;NER1;---;0648;;;N;N;N;;;;;FX;GNS;LLS;;;;;5.60;0.00;1.00;2.22;0.00;4.00;0.00;;1990-12-03;4C1;;;PA;
DEU;DEU000060649;;RET;1995-06-26;1995-06-26;PRE006D;PRE006D;---;0649;;;N;N;N;;;;;FX;GNS;NK;;;;;3.10;0.00;1.00;0.73;0.00;3.00;0.00;;1988-05-14;C19;;;PA;
DEU;DEU000060650;;RET;1993-08-17;1993-08-17;ZID006;ZID006;---;0650;;;N;N;N;;;;;FX;GNS;NO;;;;;7.00;0.00;0.00;3.46;0.00;21.00;0.00;;1956-10-14;C19;;;PA;
DEU;DEU000060657;;RET;2001-01-03;2001-01-03;WID6;WID6;---;0665;;;N;N;N;;;;;FX;GNS;LLS;;;;;7.00;0.00;2.00;3.46;0.00;5.00;0.00;;1990-12-02;4C1;;;PA;
DEU;DEU000060668;;CHA;2019-08-01;2100-12-31;KAM11;KAM11;---;0630;;;N;Y;N;N;;N;;GO;GNS;FPO;;;;;6.10;0.00;1.00;0.00;0.00;7.00;0.00;3;2004-12-13;MFL;;;PA;1973-01-01
DEU;DEU000060673;;RET;2015-10-06;2015-10-06;BAA35N;BAA35N;---;0673;;;N;N;N;;;;;FX;GNS;LLS;;;;;4.25;0.00;1.00;0.00;0.00;2.00;0.00;3;2012-02-28;MFL;;;PA;1989-01-01
DEU;DEU000070300;;EXP;2003-12-05;2003-12-05;SH6;SH6;HEIMAT;0207;;DFCU;Y;N;N;;;;;FX;OTB;OTM;;;;;26.01;23.10;107.00;105.88;0.00;221.00;0.00;2;1972-03-24;MFL;POL;EX;PA;1972-01-01
DEU;DEU000070400;8745888;CHA;2025-05-12;2100-12-31;NG8;NG8;DAMKERORT;DEGRE;Greetsiel;DERT;Y;Y;Y;Y;N;Y;211315630;TU;FPO;OTB;DRB;TBB;OTM;;22.45;20.35;101.00;0.00;0.00;221.00;62.00;2;1981-08-15;MFL;;;PA;1981-01-01
DEU;DEU000070500;;MOD;2013-04-01;2100-12-31;NEU233;NEU233;JAN VAN GENT;0309;;DGWK;Y;Y;Y;;;;;FX;TBB;OTB;;;;;18.21;16.42;40.00;35.18;0.00;176.00;0.00;1;1970-04-21;MFL;;;;1970-01-01
DEU;DEU000070601;;RET;1995-07-14;1995-07-14;ROS803;ROS803;CETUS;0601;;Y4DY;Y;N;N;;;;;FX;OTB;OTM;;;;;62.23;56.11;1943.00;1568.91;0.00;1764.00;1324.00;;1987-01-16;G22;;;AC;
DEU;DEU000070602;;DES;1991-04-09;1991-04-09;SAS14;SAS14;VORWAERTS;0602;;Y4LR;Y;N;N;;;;;FX;OTB;PTB;;;;;14.50;0.00;0.00;18.99;0.00;59.00;0.00;;1939-07-01;4;;;PA;
DEU;DEU000070603;;RET;1990-11-01;1990-11-01;WAR5;WAR5;ZINGST;0603;;Y40T;Y;N;N;;;;;FX;OTB;PTB;;;;;11.95;0.00;0.00;19.00;0.00;44.00;0.00;;1957-07-20;4;;;PA;
DEU;DEU000070604;;RET;1998-01-13;1998-01-13;WIS117;WIS117;JOHN BRINCKMANN;0604;;Y4PG;Y;N;N;;;;;FX;OTB;PTB;;;;;24.15;21.70;95.00;99.57;0.00;221.00;9.00;;1967-01-09;4C3;;;AC;
DEU;DEU000070606;;RET;1990-11-01;1990-11-01;KAR28;KAR28;NEUBRANDENBURG;0606;;Y4KG;Y;N;N;;;;;FX;PTB;OTB;;;;;17.80;0.00;0.00;38.41;0.00;147.00;6.00;;1950-07-20;4;;;PA;
DEU;DEU000070607;;RET;1992-01-08;1992-01-08;LAU010;LAU010;---;0607;;;N;N;N;;;;;FX;GNS;GNS;;;;;10.30;0.00;0.00;7.50;0.00;60.00;0.00;;1938-04-15;C19;;;PA;
DEU;DEU000070608;;RET;2021-12-15;2021-12-15;WIE29;WIE29;---;DEGRD;Greifswald;;N;N;N;N;;N;;GO;GNS;LLS;;;;;10.60;9.20;8.00;0.00;0.00;62.00;0.00;3;1985-04-09;MFL;;;AC;1984-01-01
DEU;DEU000070609;;MOD;2013-09-03;2100-12-31;UEK7;UEK7;---;0609;;;N;Y;N;;;;;FX;GNS;FPO;;;;;4.00;0.00;1.00;1.13;0.00;13.00;0.00;1;1985-07-12;MFL;;;PA;1985-01-01
DEU;DEU000070610;;MOD;2011-01-01;2100-12-31;BOD3;BOD3;---;0610;;;N;Y;N;;;;;FX;GNS;FPO;;;;;5.60;0.00;1.00;2.22;0.00;0.00;0.00;1;1984-03-14;MFL;;;;1984-01-01
DEU;DEU000070611;;RET;2021-09-30;2021-09-30;STA010;STA010;ZOTTEL;DEST4;;DF8616;Y;N;N;N;;N;;GO;GNS;LLS;;;;;9.90;9.00;8.00;0.00;0.00;59.00;0.00;1;1939-05-17;MFL;;;PA;1938-01-01
DEU;DEU000070612;;RET;2021-09-03;2021-09-03;THI012;THI012;---;DETS2;Thiessow;;N;N;N;N;;N;;GO;GNS;LLS;;;;;6.00;0.00;1.00;0.00;0.00;18.00;0.00;2;1987-06-24;MFL;;;PA;1987-01-01
DEU;DEU000070613;;RET;2008-12-16;2008-12-16;BRE001B;BRE001B;---;0613;;;N;N;N;;;;;FX;GNS;NO;;;;;5.30;0.00;1.00;2.00;0.00;0.00;0.00;1;1981-04-13;MFL;;;PA;1981-01-01
DEU;DEU000070614;;RET;1991-02-01;1991-02-01;FRE11;FRE11;HOFFNUNG;0614;;Y4VN;Y;N;N;;;;;FX;GNS;OTB;;;;;14.20;0.00;0.00;17.95;0.00;59.00;0.00;;1920-05-16;4;;;PA;
DEU;DEU000070615;;RET;1991-07-15;1991-07-15;GAG017;GAG017;---;0615;;;N;N;N;;;;;FX;GNS;GNS;;;;;7.50;0.00;0.00;4.00;0.00;9.00;0.00;;1952-10-10;4;;;PA;
DEU;DEU000070616;;RET;2006-12-05;2006-12-05;LAS8;LAS8;---;0616;;;N;N;N;;;;;FX;GNS;NK;;;;;7.20;0.00;1.00;0.00;0.00;6.00;0.00;1;1962-05-02;MFL;;;PA;1962-01-01
DEU;DEU000070617;;RET;1992-11-25;1992-11-25;VIT003;VIT003;---;0617;;;N;N;N;;;;;FX;GNS;NO;;;;;8.13;0.00;0.00;4.67;0.00;18.00;0.00;;1971-09-19;C19;;;PA;
DEU;DEU000070618;;RET;1998-03-27;1998-03-27;AHL020;AHL020;SANTA MARIA;0618;;;N;N;N;;;;;FX;GNS;LLS;;;;;9.27;7.60;6.00;10.87;0.00;44.00;0.00;;1965-12-01;4C1;;;PA;
DEU;DEU000070619;;RET;2006-11-03;2006-11-03;BAN9N;BAN9N;---;0619;;;N;N;N;;;;;FX;GNS;LLS;;;;;5.90;0.00;1.00;0.00;0.00;5.00;0.00;1;1961-03-15;MFL;;;PA;1961-01-01
DEU;DEU000070620;;RET;2004-07-12;2004-07-12;HER6;HER6;---;0620;;;N;N;N;;;;;FX;GNS;LLS;;;;;5.00;0.00;1.00;1.77;0.00;9.00;0.00;1;1969-05-03;MFL;;;PA;1969-01-01
DEU;DEU000070621;;RET;2018-05-01;2018-05-01;UETZ1;UETZ1;---;0621;;;N;N;N;N;;N;;GO;GNS;LLS;;;;;6.25;5.71;2.00;0.00;0.00;5.00;0.00;1;1994-06-07;MFL;;;PA;1985-01-01
DEU;DEU000070622;;RET;2016-02-01;2016-02-01;KOEL7;KOEL7;---;0622;;;N;N;N;;;;;FX;GNS;LLS;;;;;6.00;0.00;1.00;0.00;0.00;10.00;0.00;1;1972-10-28;MFL;;;PA;1972-01-01
DEU;DEU000070623;;MOD;2023-01-01;2100-12-31;KOS6;KOS6;---;DEKSW;Koserow;;N;Y;N;N;Y;N;;GO;GNS;LLS;;;;;5.19;0.00;1.00;0.00;0.00;11.00;0.00;3;1997-03-02;MFL;;;;1996-01-01
DEU;DEU000070624;;RET;2004-08-11;2004-08-11;ZEM22;ZEM22;---;0615;;;N;N;N;;;;;FX;GNS;LLS;;;;;7.40;0.00;1.00;3.87;0.00;5.00;0.00;1;1965-02-08;MFL;;;PA;1965-01-01
DEU;DEU000070627;;RET;1994-09-05;1994-09-05;BAA018;BAA018;---;0627;;;N;N;N;;;;;FX;GNS;GNS;;;;;4.20;0.00;0.00;1.25;0.00;2.00;0.00;;1968-10-20;C19;;;PA;
DEU;DEU000070630;;RET;2006-07-25;2006-07-25;KAM4;KAM4;---;0630;;;N;N;N;;;;;FX;GNS;LLS;;;;;7.90;0.00;2.00;0.00;0.00;10.00;0.00;1;1983-12-31;MFL;;;PA;1983-01-01
DEU;DEU000070631;;RET;2004-11-03;2004-11-03;AWA6Z;AWA6Z;---;0631;;;N;N;N;;;;;FX;GNS;LLS;;;;;7.85;0.00;2.00;4.00;0.00;36.00;0.00;1;1981-04-03;MFL;;;PA;1981-01-01
DEU;DEU000070632;;RET;2011-10-11;2011-10-11;FRE38;FRE38;---;0614;;;N;N;N;;;;;FX;GNS;LLS;;;;;8.80;8.10;3.00;0.00;0.00;22.00;0.00;1;1987-06-11;MFL;;;PA;1987-01-01
DEU;DEU000070633;;RET;1994-01-04;1994-01-04;ZEU1;ZEU1;---;0633;;;N;N;N;;;;;FX;GNS;NK;;;;;7.65;6.57;0.00;2.98;0.00;6.00;0.00;;1970-10-15;4;;;PA;
DEU;DEU000070634;;RET;2006-10-17;2006-10-17;WOG9N;WOG9N;---;0634;;;N;N;N;;;;;FX;GNS;LLS;;;;;6.30;0.00;1.00;2.80;0.00;6.00;0.00;1;1950-06-15;MFL;;;PA;1950-01-01
DEU;DEU000070635;;RET;2017-01-27;2017-01-27;NEG1;NEG1;---;0616;;;N;N;N;;;;;FX;GNS;LLS;;;;;8.40;8.00;2.00;0.00;0.00;13.00;0.00;2;1994-01-11;MFL;;;PA;1994-01-01
DEU;DEU000070637;;RET;1992-05-01;1992-05-01;NEU005;NEU005;---;0637;;;N;N;N;;;;;FX;GNS;GNS;;;;;11.20;0.00;0.00;13.20;0.00;35.00;0.00;;1945-06-07;4;;;PA;
DEU;DEU000070638;;RET;1995-01-05;1995-01-05;ZUD005;ZUD005;---;0638;;;N;N;N;;;;;FX;GNS;GNS;;;;;9.00;0.00;0.00;5.72;0.00;20.00;0.00;;1975-09-25;C19;;;PA;
DEU;DEU000070639;;RET;2000-06-26;2000-06-26;UMM3;UMM3;---;0639;;;N;N;N;;;;;FX;GNS;LLS;;;;;5.60;0.00;1.00;2.22;0.00;30.00;0.00;;1957-04-11;4C1;;;PA;
DEU;DEU000070640;;MOD;2003-01-01;2100-12-31;WIR5N;WIR5N;---;0640;;;N;Y;N;;;;;FX;GNS;LLS;;;;;4.05;0.00;1.00;0.00;0.00;4.00;0.00;3;2001-03-14;MFL;;;;1997-01-01
DEU;DEU000070641;;RET;2006-12-08;2006-12-08;DRA9;DRA9;---;0641;;;N;N;N;;;;;FX;GNS;LLS;;;;;4.10;0.00;1.00;0.00;0.00;8.00;0.00;3;1983-06-13;MFL;;;PA;1983-01-01
DEU;DEU000070642;;RET;2001-09-01;2001-09-01;WAR77;WAR77;---;0603;;;N;N;N;;;;;FX;GNS;LLS;;;;;7.00;6.53;2.00;3.46;0.00;37.00;0.00;;1975-06-30;4C1;;;PA;
DEU;DEU000070645;;RET;1991-03-15;1991-03-15;RIB5;RIB5;---;0645;;;N;N;N;;;;;FX;GNS;NO;;;;;11.20;0.00;0.00;8.87;0.00;40.00;0.00;;1960-09-10;4;;;PA;
DEU;DEU000070646;;MOD;2021-02-01;2100-12-31;WUS7;WUS7;SANNERT;DEWUO;Wustrow;;N;Y;N;N;;N;;GO;GNS;NO;;;;;9.60;0.00;7.00;0.00;0.00;29.00;0.00;1;1936-11-14;MFL;;;;1936-01-01
DEU;DEU000070647;;RET;1995-12-13;1995-12-13;DIE007A;DIE007A;---;0647;;;N;N;N;;;;;FX;GNS;NO;;;;;5.00;0.00;0.00;1.77;0.00;6.00;0.00;;1982-09-17;C19;;;PA;
DEU;DEU000070648;;CHA;2020-11-01;2100-12-31;PRU7;PRU7;---;0661;;;N;Y;N;N;;N;;GO;GNS;LLS;;;;;10.60;9.80;7.00;0.00;0.00;58.00;0.00;1;1972-08-17;MFL;;;PA;1927-01-01
DEU;DEU000070649;;RET;1996-04-13;1996-04-13;PRE006A;PRE006A;---;0649;;;N;N;N;;;;;FX;GNS;NK;;;;;4.50;0.00;1.00;1.53;0.00;6.00;0.00;;1982-08-17;C19;;;PA;
DEU;DEU000070650;;RET;1995-12-13;1995-12-13;ZID007;ZID007;---;0650;;;N;N;N;;;;;FX;GNS;NO;;;;;6.20;0.00;2.00;2.72;0.00;6.00;0.00;;1967-09-14;C19;;;PA;
DEU;DEU000070657;;RET;2007-10-30;2007-10-30;WID3;WID3;---;0665;;;N;N;N;;;;;FX;GNS;LLS;;;;;8.50;8.08;4.00;0.00;0.00;22.00;0.00;3;1992-03-18;MFL;;;PA;1982-01-01
DEU;DEU000070668;;MOD;2019-08-26;2100-12-31;GLO27;GLO27;HELENE P.;0668;;DA2414;Y;Y;N;N;;N;;GO;OTB;GNS;;;;;10.85;0.00;7.00;0.00;0.00;80.00;0.00;3;2006-06-01;MFL;;;;1998-01-01
DEU;DEU000070673;;MOD;2025-04-01;2100-12-31;BAA37;BAA37;---;DEBA2;Baabe;;N;Y;N;N;Y;N;;GO;GNS;FPO;;;;;5.05;0.00;1.00;0.00;0.00;11.00;0.00;3;2014-01-27;MFL;;;PA;2013-01-01
DEU;DEU000080300;;RET;1993-11-30;1993-11-30;NC318;NC318;JAN MEES;0301;;DFPV;Y;N;N;;;;;FX;OTB;OTM;;;;;29.52;26.51;183.00;164.93;0.00;438.00;0.00;;1972-12-30;G17;;;PA;
DEU;DEU000080400;;RET;2011-12-10;2011-12-10;NB3;NB3;WESER;0316;;DESF;Y;N;Y;;;;;FX;OTB;OTM;;;;;28.26;24.44;162.00;124.96;0.00;441.00;0.00;2;1981-12-11;MFL;;;PA;1981-01-01
DEU;DEU000080500;;RET;1994-12-01;1994-12-01;HF462;HF462;KATERINE;0501;;DGTF;Y;N;N;;;;;FX;OTB;PTB;;;;;24.55;22.10;0.00;81.96;0.00;221.00;0.00;;1947-12-31;G16;;;AC;
DEU;DEU000080601;;RET;2002-01-09;2002-01-09;ROS804;ROS804;DORADO;0601;;Y4DZ;Y;N;Y;;;;;FX;OTB;OTM;;;;;62.23;56.11;1943.00;1568.91;0.00;1764.00;1324.00;;1987-01-16;4C7;;;PA;
DEU;DEU000080602;;RET;1998-01-02;1998-01-02;SAS15;SAS15;SEEADLER;0602;;Y4LS;Y;N;N;;;;;FX;OTB;PTB;;;;;15.52;13.92;26.00;22.44;0.00;59.00;0.00;;1948-03-07;4C3;;;AC;
DEU;DEU000080603;;RET;1990-11-01;1990-11-01;WAR40;WAR40;FREIHEIT;0603;;Y40A;Y;N;N;;;;;FX;OTB;PTB;;;;;17.60;0.00;0.00;38.40;0.00;110.00;0.00;;1949-06-01;4;;;PA;
DEU;DEU000080604;;RET;1995-07-18;1995-07-18;WIS119;WIS119;RITA;0604;;Y4PI;Y;N;N;;;;;FX;OTB;GNS;;;;;17.60;15.68;38.00;37.24;0.00;147.00;6.00;;1951-01-15;G16;;;AC;
DEU;DEU000080606;;RET;1991-08-22;1991-08-22;KAR29;KAR29;PIRNA;0606;;Y4KL;Y;N;N;;;;;FX;PTB;OTB;;;;;17.80;0.00;0.00;38.41;0.00;147.00;6.00;;1950-07-20;4;;;PA;
DEU;DEU000080607;;RET;1993-10-31;1993-10-31;LAU12;LAU12;---;0607;;;N;N;N;;;;;FX;GNS;GNS;;;;;9.70;9.50;0.00;10.67;0.00;18.00;0.00;;1938-10-07;4;;;PA;
DEU;DEU000080608;;RET;2003-12-08;2003-12-08;WIE3;WIE3;---;0608;;;N;N;N;;;;;FX;GNS;LLS;;;;;8.54;7.70;7.00;8.74;0.00;41.00;0.00;1;1977-09-19;MFL;;;PA;1977-01-01
DEU;DEU000080609;;RET;2023-05-15;2023-05-15;RIT2N;RIT2N;---;DEUCK;Ueckermünde;;N;N;N;N;N;N;;GO;GNS;NK;;;;;8.75;7.85;3.00;0.00;0.00;22.00;0.00;2;1986-01-14;MFL;;;PA;1985-01-01
DEU;DEU000080610;;RET;2017-01-01;2017-01-01;BOD8;BOD8;---;0610;;;N;N;N;;;;;FX;GNS;FPO;;;;;5.00;0.00;1.00;0.00;0.00;0.00;0.00;1;1934-07-11;MFL;;;PA;1934-01-01
DEU;DEU000080611;;RET;2010-12-10;2010-12-10;GRI002;GRI002;GRISTOW HEIMAT;0611;;DF8767;Y;N;N;;;;;FX;GNS;FPO;;;;;11.20;9.70;12.00;9.70;0.00;44.00;0.00;1;1951-03-12;MFL;;;PA;1951-01-01
DEU;DEU000080612;;RET;1996-12-05;1996-12-05;THI018;THI018;---;0612;;;N;N;N;;;;;FX;GNS;GNS;;;;;5.30;0.00;0.00;2.00;0.00;6.00;0.00;;1972-11-24;C19;;;PA;
DEU;DEU000080613;;RET;2002-12-13;2002-12-13;BRE002B;BRE002B;---;0613;;;N;N;N;;;;;FX;GNS;NO;;;;;3.70;0.00;1.00;0.90;0.00;0.00;0.00;;1974-06-16;4C1;;;PA;
DEU;DEU000080614;;RET;2012-01-20;2012-01-20;SAS33;SAS33;ROCHEL;0602;;DG9545;Y;N;N;;;;;FX;GNS;OTB;;;;;9.78;9.05;9.00;0.00;0.00;71.00;0.00;1;1950-04-19;MFL;;;PA;1950-01-01
DEU;DEU000080615;;RET;1998-03-23;1998-03-23;GAG18;GAG18;---;0615;;;N;N;N;;;;;FX;GNS;GNS;;;;;8.54;8.41;4.00;5.67;0.00;37.00;0.00;;1957-06-25;4C1;;;PA;
DEU;DEU000080616;;RET;1998-03-23;1998-03-23;LAS10N;LAS10N;---;0616;;;N;N;N;;;;;FX;GNS;NK;;;;;7.26;6.66;1.00;3.10;0.00;6.00;0.00;;1960-05-05;4C1;;;PA;
DEU;DEU000080617;;RET;1992-11-25;1992-11-25;VIT003A;VIT003A;---;0617;;;N;N;N;;;;;FX;GNS;NO;;;;;3.50;0.00;0.00;0.80;0.00;0.00;0.00;;1956-11-17;C19;;;PA;
DEU;DEU000080618;;RET;1998-12-03;1998-12-03;AHL021;AHL021;MEERESWELLE;0618;;;N;N;N;;;;;FX;GNS;LLS;;;;;8.20;0.00;5.00;4.75;0.00;44.00;0.00;;1985-03-01;4C1;;;PA;
DEU;DEU000080619;;RET;2005-02-18;2005-02-18;BAN10N;BAN10N;---;0619;;;N;N;N;;;;;FX;GNS;LLS;;;;;7.62;6.60;3.00;7.13;0.00;37.00;0.00;1;1952-03-10;MFL;;;PA;1952-01-01
DEU;DEU000080620;;RET;2001-11-12;2001-11-12;HER7;HER7;---;0620;;;N;N;N;;;;;FX;GNS;LLS;;;;;5.00;0.00;1.00;1.80;0.00;0.00;0.00;;1994-02-09;4C1;;;PA;
DEU;DEU000080621;;RET;2008-11-25;2008-11-25;UETZ5;UETZ5;---;0621;;;N;N;N;;;;;FX;GNS;LLS;;;;;5.15;0.00;1.00;1.70;0.00;6.00;0.00;1;1994-06-07;MFL;;;PA;1974-01-01
DEU;DEU000080622;;RET;2003-02-10;2003-02-10;KOEL8;KOEL8;---;0622;;;N;N;N;;;;;FX;GNS;LLS;;;;;6.00;0.00;1.00;2.54;0.00;5.00;0.00;1;1978-08-10;MFL;;;PA;1978-01-01
DEU;DEU000080623;;MOD;2023-01-01;2100-12-31;KOS1;KOS1;---;DEKSW;Koserow;;N;Y;N;N;Y;N;;GO;GNS;LLS;;;;;5.06;0.00;1.00;0.00;0.00;11.00;0.00;3;2007-11-06;MFL;;;;2002-01-01
DEU;DEU000080624;;RET;2008-07-04;2008-07-04;ZEM08;ZEM08;---;0624;;;N;N;N;;;;;FX;GNS;LLS;;;;;7.70;6.55;3.00;3.66;0.00;26.00;0.00;1;1953-06-17;MFL;;;PA;1953-01-01
DEU;DEU000080627;;RET;1993-04-15;1993-04-15;BAA033;BAA033;---;0627;;;N;N;N;;;;;FX;GNS;GNS;;;;;5.00;0.00;0.00;1.77;0.00;4.00;0.00;;1970-04-25;C19;;;PA;
DEU;DEU000080630;;RET;2007-10-16;2007-10-16;KAM3;KAM3;---;0630;;;N;N;N;;;;;FX;GNS;LLS;;;;;8.10;0.00;3.00;6.40;0.00;30.00;0.00;1;1992-06-09;MFL;;;PA;1992-01-01
DEU;DEU000080631;;DES;1992-05-01;1992-05-01;AWA8;AWA8;---;0631;;;N;N;N;;;;;FX;GNS;NK;;;;;7.30;0.00;0.00;3.77;0.00;6.00;0.00;;1954-11-02;C19;;;PA;
DEU;DEU000080632;;DES;2000-04-11;2000-04-11;MOEN8;MOEN8;---;0632;;;N;N;N;;;;;FX;GNS;NK;;;;;8.60;7.65;3.00;5.23;0.00;29.00;0.00;;1981-07-14;4C1;;;PA;
DEU;DEU000080633;;RET;2006-12-15;2006-12-15;PAS1;PAS1;---;0633;;;N;N;N;;;;;FX;GNS;NK;;;;;8.32;7.32;2.00;0.00;0.00;8.00;0.00;2;1975-12-10;MFL;;;PA;1975-01-01
DEU;DEU000080634;;RET;2006-10-17;2006-10-17;WOG10N;WOG10N;---;0634;;;N;N;N;;;;;FX;GNS;LLS;;;;;8.53;7.75;3.00;0.00;0.00;33.00;0.00;1;1951-04-14;MFL;;;PA;1951-01-01
DEU;DEU000080635;;RET;2023-10-31;2023-10-31;FRE69;FRE69;ANGELINA;DEFRJ;Freest;;N;N;N;N;N;N;;GO;GNS;LLS;;;;;11.00;0.00;11.00;0.00;0.00;74.00;0.00;1;1988-03-10;MFL;;;PA;1988-01-01
DEU;DEU000080637;;DES;1993-07-06;1993-07-06;NEU005A;NEU005A;---;0637;;;N;N;N;;;;;FX;GNS;NO;;;;;5.75;0.00;0.00;2.34;0.00;0.00;0.00;;1952-11-12;C19;;;PA;
DEU;DEU000080638;;RET;1996-01-05;1996-01-05;ZUD06N;ZUD06N;---;0638;;;N;N;N;;;;;FX;GNS;NO;;;;;4.25;0.00;1.00;1.42;0.00;7.00;0.00;;1975-06-10;C19;;;PA;
DEU;DEU000080639;;RET;1992-11-17;1992-11-17;UMM4;UMM4;---;0639;;;N;N;N;;;;;FX;GNS;NO;;;;;5.40;0.00;0.00;2.10;0.00;5.00;0.00;;1941-03-19;C19;;;PA;
DEU;DEU000080640;;MOD;2024-01-01;2100-12-31;WIR6N;WIR6N;---;DEWIK;Wiek;;N;Y;N;N;Y;N;;GO;GNS;LLS;;;;;5.06;0.00;1.00;0.00;0.00;15.00;0.00;3;2008-04-08;MFL;;;;1970-01-01
DEU;DEU000080641;;RET;1999-10-29;1999-10-29;DRA006C;DRA006C;---;0641;;;N;N;N;;;;;FX;GNS;LLS;;;;;4.10;0.00;1.00;1.19;0.00;8.00;0.00;;1985-03-12;4C1;;;PA;
DEU;DEU000080642;;RET;1996-11-22;1996-11-22;KUEH010;KUEH010;---;0642;;;N;N;N;;;;;FX;GNS;LLS;;;;;5.03;0.00;1.00;1.76;0.00;11.00;0.00;;1990-10-03;C19;;;PA;
DEU;DEU000080645;;RET;2004-10-18;2004-10-18;BAR10;BAR10;---;0610;;;N;N;N;;;;;FX;GNS;LLS;;;;;9.30;8.70;5.00;6.75;0.00;29.00;0.00;1;1960-04-14;MFL;;;PA;1960-01-01
DEU;DEU000080647;;RET;1999-07-14;1999-07-14;DIE8;DIE8;---;0647;;;N;N;N;;;;;FX;GNS;LLS;;;;;6.70;6.30;1.00;1.25;0.00;15.00;0.00;;1949-04-14;4C1;;;PA;
DEU;DEU000080648;;MOD;2023-09-01;2100-12-31;UMM57;UMM57;---;DEUMZ;Ummanz;;N;Y;N;N;Y;N;;GO;FPO;GNS;;;;;5.62;0.00;1.00;0.00;0.00;5.00;0.00;1;1942-01-01;MFL;;;;1942-01-01
DEU;DEU000080649;;RET;1995-06-26;1995-06-26;PRE006B;PRE006B;---;0649;;;N;N;N;;;;;FX;GNS;NK;;;;;4.50;0.00;1.00;1.53;0.00;3.00;0.00;;1982-10-14;C19;;;PA;
DEU;DEU000080650;;DES;1994-01-07;1994-01-07;ZID007A;ZID007A;---;0650;;;N;N;N;;;;;FX;GNS;NK;;;;;3.70;0.00;0.00;1.00;0.00;0.00;0.00;;1956-08-14;C19;;;PA;
DEU;DEU000080657;;MOD;2020-01-01;2100-12-31;PRU5;PRU5;---;0661;;;N;Y;N;N;;N;;GO;GNS;FPO;;;;;5.70;0.00;1.00;0.00;0.00;18.00;0.00;3;1994-04-30;MFL;;;;1994-01-01
DEU;DEU000080668;;RET;2015-04-10;2015-04-10;GLO28N;GLO28N;---;0668;;;N;N;N;;;;;FX;GNS;FPO;;;;;4.25;0.00;1.00;0.00;0.00;0.00;0.00;3;2006-09-13;MFL;;;PA;1989-01-01
DEU;DEU000080673;;MOD;2019-12-13;2100-12-31;BAA4;BAA4;---;0673;;;N;Y;N;N;;N;;GO;GNS;LLS;;;;;6.64;0.00;2.00;0.00;0.00;44.00;0.00;3;2014-04-29;MFL;;;;2014-01-01
DEU;DEU000090300;;RET;1998-03-16;1998-03-16;NC319;NC319;JAN VAN GENT;0301;;DFQI;Y;N;N;;;;;FX;OTB;OTM;;;;;32.96;27.00;359.00;249.88;0.00;784.00;0.00;;1987-10-01;4C3;;;AC;
DEU;DEU000090400;8104448;MOD;2021-01-01;2100-12-31;NG10;NG10;AQUA FAUNA;DEEME;Emden;DESL;Y;Y;Y;Y;;Y;211332630;TTW;OTB;TBB;;;;;31.37;27.00;189.00;0.00;0.00;746.00;401.00;2;1982-03-19;MFL;;;;1982-01-01
DEU;DEU000090500;;RET;2002-08-26;2002-08-26;HF406;HF406;BUSSARD;0501;;DIFT;Y;N;N;;;;;FX;OTB;PTB;;;;;24.10;21.69;0.00;68.65;0.00;206.00;0.00;;1954-07-10;4C3;;;PA;
DEU;DEU000090601;8707733;EXP;2007-07-06;2007-07-06;BX787;BX787;SEBASTES M.;0401;;DFDY;Y;N;Y;;;;;FX;OTB;OTM;;;;;62.22;56.11;1943.00;1568.91;0.00;1764.00;1324.00;2;1987-09-16;MFL;LTU;EX;PA;1987-01-01
DEU;DEU000090602;;DES;1991-04-09;1991-04-09;SAS17;SAS17;RUEGEN;0602;;Y4LT;Y;N;N;;;;;FX;OTB;PTB;;;;;15.32;0.00;0.00;21.92;0.00;59.00;0.00;;1937-08-01;4;;;PA;
DEU;DEU000090603;;RET;1990-11-01;1990-11-01;WAR41;WAR41;DESSAU;0603;;Y40P;Y;N;N;;;;;FX;OTB;PTB;;;;;17.80;0.00;0.00;38.41;0.00;110.00;0.00;;1950-04-01;4;;;PA;
DEU;DEU000090604;;RET;2012-01-06;2012-01-06;WIS121;WIS121;MARLEN;0604;;Y4PJ;Y;N;Y;;;;;FX;OTB;PTB;;;;;17.80;15.94;42.00;38.41;0.00;162.00;6.00;1;1950-11-03;MFL;;;PA;1950-01-01
DEU;DEU000090605;;RET;2001-03-19;2001-03-19;STR02;STR02;---;0605;;;N;N;N;;;;;FX;GNS;NK;;;;;11.95;10.40;12.00;11.45;0.00;58.00;0.00;;1934-09-18;4C1;;;PA;
DEU;DEU000090606;;RET;1994-05-18;1994-05-18;KAR30;KAR30;WAREN;0606;;Y4KH;Y;N;N;;;;;FX;PTB;OTB;;;;;17.80;0.00;0.00;38.41;0.00;147.00;6.00;;1950-07-20;4;;;PA;
DEU;DEU000090607;;RET;1993-11-23;1993-11-23;LAU14;LAU14;---;0607;;;N;N;N;;;;;FX;GNS;GNS;;;;;7.77;7.50;0.00;6.42;0.00;18.00;0.00;;1951-04-25;4;;;PA;
DEU;DEU000090608;;RET;1993-01-01;1993-01-01;WIE18;WIE18;ANJA;0608;;;N;N;N;;;;;FX;GNS;LLS;;;;;8.70;8.15;0.00;8.32;0.00;26.00;0.00;;1972-06-28;4;;;PA;
DEU;DEU000090609;;MOD;2005-03-08;2100-12-31;UEK9;UEK9;---;0609;;;N;Y;N;;;;;FX;GNS;NK;;;;;8.50;7.53;3.00;4.52;0.00;22.00;0.00;1;1950-07-18;MFL;;;;1950-01-01
DEU;DEU000090610;;RET;1994-06-17;1994-06-17;BOD8B;BOD8B;---;0610;;;N;N;N;;;;;FX;GNS;NK;;;;;5.50;0.00;0.00;2.14;0.00;0.00;0.00;;1968-04-14;C19;;;PA;
DEU;DEU000090612;;RET;2020-03-23;2020-03-23;THI53;THI53;---;0612;;;N;N;N;N;;N;;GO;GNS;LLS;;;;;7.40;6.70;1.00;0.00;0.00;15.00;0.00;1;1946-05-14;MFL;;;PA;1946-01-01
DEU;DEU000090613;;RET;1994-10-01;1994-10-01;BRE003B;BRE003B;---;0613;;;N;N;N;;;;;FX;GNS;NO;;;;;5.20;0.00;0.00;1.91;0.00;6.00;0.00;;1965-07-11;4;;;PA;
DEU;DEU000090614;;RET;1991-02-01;1991-02-01;FRE22;FRE22;STRANDVOGEL 2;0614;;Y4VH;Y;N;N;;;;;FX;GNS;OTB;;;;;11.79;0.00;0.00;11.80;0.00;44.00;0.00;;1922-03-11;4;;;PA;
DEU;DEU000090615;;RET;2010-05-18;2010-05-18;GAG19;GAG19;---;0615;;;N;N;N;;;;;FX;GNS;LLS;;;;;6.00;0.00;1.00;0.00;0.00;0.00;0.00;1;1969-07-25;MFL;;;PA;1969-01-01
DEU;DEU000090616;;RET;1992-01-01;1992-01-01;LAS11;LAS11;---;0616;;;N;N;N;;;;;FX;GNS;NK;;;;;7.00;0.00;0.00;3.46;0.00;6.00;0.00;;1975-10-11;4;;;PA;
DEU;DEU000090617;;RET;1992-11-25;1992-11-25;VIT003B;VIT003B;---;0617;;;N;N;N;;;;;FX;GNS;NO;;;;;4.00;0.00;0.00;1.13;0.00;0.00;0.00;;1950-02-17;C19;;;PA;
DEU;DEU000090618;;RET;1995-08-17;1995-08-17;AHL023;AHL023;STURMGESELL;0618;;;N;N;N;;;;;FX;GNS;LLS;;;;;8.30;6.70;0.00;8.35;0.00;44.00;0.00;;1966-07-26;4;;;PA;
DEU;DEU000090619;;RET;2004-05-06;2004-05-06;BAN12N;BAN12N;---;0619;;;N;N;N;;;;;FX;GNS;LLS;;;;;6.00;0.00;1.00;2.54;0.00;5.00;0.00;1;1972-03-07;MFL;;;PA;1972-01-01
DEU;DEU000090620;;MOD;2023-04-15;2100-12-31;HER1;HER1;---;DEHDF;Heringsdorf;;N;Y;N;N;Y;N;;GO;GNS;LLS;;;;;5.50;0.00;1.00;0.00;0.00;36.00;0.00;3;2003-10-27;MFL;;;PA;2003-01-01
DEU;DEU000090621;;MOD;2022-02-01;2100-12-31;UETZ11N;UETZ11N;---;DEUEC;Ueckeritz;;N;Y;N;N;;N;;GO;GNS;LLS;;;;;4.26;0.00;1.00;0.00;0.00;10.00;0.00;3;1994-06-27;MFL;;;;1979-01-01
DEU;DEU000090622;;RET;2003-02-10;2003-02-10;KOEL17N;KOEL17N;---;0622;;;N;N;N;;;;;FX;GNS;LLS;;;;;5.60;0.00;1.00;2.22;0.00;5.00;0.00;1;1969-03-18;MFL;;;PA;1969-01-01
DEU;DEU000090624;;DES;1997-09-10;1997-09-10;ZEM23;ZEM23;---;0624;;;N;N;N;;;;;FX;GNS;LLS;;;;;6.00;0.00;1.00;2.54;0.00;11.00;0.00;;1980-04-20;4C1;;;PA;
DEU;DEU000090627;;RET;2001-12-01;2001-12-01;LOB01;LOB01;---;0627;;;N;N;N;;;;;FX;GNS;GNS;;;;;8.50;8.10;3.00;6.29;0.00;30.00;0.00;;1965-07-10;4C1;;;PA;
DEU;DEU000090630;;RET;2004-08-17;2004-08-17;KAM7;KAM7;---;0630;;;N;N;N;;;;;FX;GNS;NK;;;;;8.10;6.95;3.00;4.08;0.00;37.00;0.00;1;1987-11-24;MFL;;;PA;1987-01-01
DEU;DEU000090631;;RET;2019-10-31;2019-10-31;AWA9;AWA9;---;0631;;;N;N;N;N;;N;;GO;GNS;LLS;;;;;8.50;7.50;3.00;0.00;0.00;30.00;0.00;2;1988-02-14;MFL;;;PA;1988-01-01
DEU;DEU000090632;;RET;2010-03-01;2010-03-01;MOEN9;MOEN9;---;0632;;;N;N;N;;;;;FX;GNS;LLS;;;;;7.96;0.00;2.00;4.52;0.00;13.00;0.00;2;1987-05-05;MFL;;;PA;1987-01-01
DEU;DEU000090633;;RET;2007-07-03;2007-07-03;PAS6;PAS6;---;0633;;;N;N;N;;;;;FX;GNS;LLS;;;;;7.75;7.18;2.00;2.30;0.00;6.00;0.00;2;1962-04-05;MFL;;;PA;1962-01-01
DEU;DEU000090634;;RET;2003-09-27;2003-09-27;WOG11N;WOG11N;---;0634;;;N;N;N;;;;;FX;GNS;LLS;;;;;6.90;0.00;2.00;3.36;0.00;5.00;0.00;1;1956-04-20;MFL;;;PA;1956-01-01
DEU;DEU000090635;;RET;2005-03-09;2005-03-09;UETZ7N;UETZ7N;---;0621;;;N;N;N;;;;;FX;GNS;LLS;;;;;4.35;0.00;1.00;1.27;0.00;6.00;0.00;3;1999-03-30;MFL;;;PA;1999-01-01
DEU;DEU000090637;;RET;1993-07-06;1993-07-06;NEU005B;NEU005B;---;0637;;;N;N;N;;;;;FX;GNS;NO;;;;;5.45;0.00;0.00;2.12;0.00;0.00;0.00;;1950-06-07;C19;;;PA;
DEU;DEU000090638;;RET;1999-03-04;1999-03-04;ZUD04AN;ZUD04AN;---;0638;;;N;N;N;;;;;FX;GNS;NO;;;;;4.26;0.00;1.00;1.28;0.00;4.00;0.00;;1985-05-16;4C1;;;PA;
DEU;DEU000090639;;RET;1992-11-17;1992-11-17;UMM4A;UMM4A;---;0639;;;N;N;N;;;;;FX;GNS;NO;;;;;4.20;0.00;0.00;1.25;0.00;10.00;0.00;;1978-04-12;C19;;;PA;
DEU;DEU000090641;;RET;1996-02-23;1996-02-23;DRA007A;DRA007A;---;0641;;;N;N;N;;;;;FX;GNS;NO;;;;;5.65;0.00;0.00;2.25;0.00;0.00;0.00;;1983-04-03;C19;;;PA;
DEU;DEU000090642;;RET;2006-11-20;2006-11-20;WAR24N;WAR24N;---;0603;;;N;N;N;;;;;FX;GNS;LLS;;;;;5.00;0.00;1.00;0.00;0.00;11.00;0.00;3;1968-01-14;MFL;;;PA;1968-01-01
DEU;DEU000090645;;RET;1994-01-05;1994-01-05;AHR009;AHR009;---;0645;;;N;N;N;;;;;FX;GNS;NK;;;;;5.20;0.00;0.00;1.91;0.00;3.00;0.00;;1950-04-14;C19;;;PA;
DEU;DEU000090646;;RET;2005-01-20;2005-01-20;WUS009N;WUS009N;---;0646;;;N;N;N;;;;;FX;GNS;NO;;;;;6.30;6.09;1.00;1.36;0.00;0.00;0.00;1;1984-05-15;MFL;;;PA;1984-01-01
DEU;DEU000090647;;DES;1995-06-27;1995-06-27;DIE007;DIE007;---;0647;;;N;N;N;;;;;FX;GNS;NK;;;;;6.80;0.00;0.00;3.34;0.00;13.00;0.00;;1981-05-15;C19;;;PA;
DEU;DEU000090648;;RET;2007-05-14;2007-05-14;PRU3BN;PRU3BN;---;0661;;;N;N;N;;;;;FX;GNS;FPO;;;;;5.70;0.00;1.00;0.00;0.00;3.00;0.00;1;1965-01-01;MFL;;;PA;1965-01-01
DEU;DEU000090649;;RET;1996-04-13;1996-04-13;PRE006C;PRE006C;---;0649;;;N;N;N;;;;;FX;GNS;NK;;;;;3.10;0.00;1.00;0.73;0.00;4.00;0.00;;1988-04-12;C19;;;PA;
DEU;DEU000090650;;RET;1994-01-06;1994-01-06;ZID009;ZID009;---;0650;;;N;N;N;;;;;FX;GNS;NK;;;;;9.72;9.07;0.00;6.66;0.00;44.00;0.00;;1980-09-07;4;;;PA;
DEU;DEU000090656;;MOD;2021-12-20;2100-12-31;POL5;POL5;---;DELZW;Lietzow;;N;Y;N;N;;N;;GO;GNS;LLS;;;;;4.65;0.00;1.00;0.00;0.00;15.00;0.00;3;2001-06-18;MFL;;;;2000-01-01
DEU;DEU000090668;;RET;2016-06-05;2016-06-05;GLO31N;GLO31N;---;0668;;;N;N;N;;;;;FX;GNS;LLS;;;;;4.35;0.00;1.00;0.00;0.00;5.00;0.00;3;2010-11-16;MFL;;;PA;1989-01-01
DEU;DEU000090673;;CHA;2015-10-06;2100-12-31;BAA38N;BAA38N;---;0673;;;N;Y;N;;;;;FX;GNS;NO;;;;;4.88;0.00;1.00;0.00;0.00;9.00;0.00;3;2015-10-06;MFL;;;PA;1996-01-01
DEU;DEU000100300;;RET;2000-04-05;2000-04-05;NC323;NC323;HANSEAT;0301;;DAOL;Y;N;N;;;;;FX;OTB;OTM;;;;;26.88;23.24;103.00;101.69;0.00;422.00;0.00;;1959-06-18;4C3;;;PA;
DEU;DEU000100400;;RET;2016-08-10;2016-08-10;NC302;NC302;EMMA HELENE;0301;;DEUR;Y;N;Y;;;;;FX;OTB;SDN;;;;;30.28;27.02;299.00;0.00;0.00;415.00;330.00;2;1985-04-02;MFL;;;PA;1985-01-01
DEU;DEU000100500;;RET;1991-06-30;1991-06-30;HF554;HF554;THUNFISCH;0501;;DNKT;Y;N;N;;;;;FX;OTB;PTB;;;;;25.97;23.37;0.00;105.67;0.00;294.00;0.00;;1970-07-27;4;;;PA;
DEU;DEU000100601;8707745;EXP;2006-02-17;2006-02-17;BX788;BX788;REINHARDTIUS H.;0401;;DENP;Y;N;Y;;;;;FX;OTB;OTM;;;;;62.22;56.11;1943.00;1568.91;0.00;1764.00;1324.00;2;1987-09-18;MFL;LTU;EX;PA;1987-01-01
DEU;DEU000100602;;RET;2000-09-01;2000-09-01;SAS18;SAS18;WALTRAUD;0602;;Y4ME;Y;N;N;;;;;FX;OTB;PTB;;;;;15.33;13.66;34.00;32.40;0.00;59.00;0.00;;1941-03-01;4C3;;;PA;
DEU;DEU000100603;;RET;1990-11-01;1990-11-01;WAR44;WAR44;STENDAL;0603;;;N;N;N;;;;;FX;OTB;PTB;;;;;17.60;0.00;0.00;31.09;0.00;59.00;0.00;;1950-10-10;4;;;PA;
DEU;DEU000100605;;RET;1998-11-10;1998-11-10;STR03;STR03;---;0605;;;N;N;N;;;;;FX;GNS;NK;;;;;11.70;10.20;15.00;11.28;0.00;55.00;0.00;;1951-07-06;4C1;;;AC;
DEU;DEU000100606;;RET;1994-10-12;1994-10-12;KAR31;KAR31;STORKOW;0606;;Y4KE;Y;N;N;;;;;FX;PTB;OTB;;;;;17.80;0.00;0.00;38.41;0.00;147.00;6.00;;1950-09-11;G16;;;PA;
DEU;DEU000100607;;RET;1993-04-15;1993-04-15;LAU16;LAU16;---;0607;;;N;N;N;;;;;FX;GNS;GNS;;;;;7.06;6.40;0.00;4.57;0.00;18.00;0.00;;1986-07-15;4;;;PA;
DEU;DEU000100608;;RET;2014-09-30;2014-09-30;WIE19;WIE19;STOER;0608;;;N;N;N;;;;;FX;GNS;LLS;;;;;10.84;10.06;10.00;14.20;0.00;44.00;0.00;1;1951-10-15;MFL;;;PA;1951-01-01
DEU;DEU000100609;;MOD;2011-12-01;2100-12-31;UEK10;UEK10;---;0609;;;N;Y;N;;;;;FX;GNS;FPO;;;;;4.26;0.00;1.00;1.27;0.00;5.00;0.00;1;1976-07-16;MFL;;;;1976-01-01
DEU;DEU000100610;;RET;1993-01-02;1993-01-02;PRE10;PRE10;---;0610;;;N;N;N;;;;;FX;GNS;NO;;;;;6.50;0.00;0.00;2.99;0.00;18.00;0.00;;1959-11-14;C19;;;PA;
DEU;DEU000100612;;RET;2012-01-13;2012-01-13;LAU3;LAU3;MÃWE;0607;;;N;N;N;;;;;FX;GNS;LLS;;;;;9.00;8.80;4.00;0.00;0.00;44.00;0.00;1;1950-03-24;MFL;;;PA;1950-01-01
DEU;DEU000100613;;RET;2006-12-19;2006-12-19;BRE003C;BRE003C;---;0613;;;N;N;N;;;;;FX;GNS;NO;;;;;3.70;0.00;1.00;0.00;0.00;0.00;0.00;1;1974-03-21;MFL;;;PA;1974-01-01
DEU;DEU000100614;;MOD;2017-12-13;2100-12-31;FRE23;FRE23;STRANDVOGEL 1;0614;;Y4VQ;Y;Y;N;;;;;FX;GNS;OTB;;;;;12.51;11.00;15.00;0.00;0.00;103.00;0.00;1;1952-04-18;MFL;;;;1952-01-01
DEU;DEU000100615;;RET;2004-09-29;2004-09-29;THI34;THI34;---;0615;;;N;N;N;;;;;FX;GNS;LLS;;;;;9.25;8.90;7.00;9.16;0.00;55.00;0.00;1;1954-05-14;MFL;;;PA;1954-01-01
DEU;DEU000100616;;DES;1998-03-23;1998-03-23;LAS7;LAS7;---;0616;;;N;N;N;;;;;FX;GNS;NK;;;;;8.20;6.05;2.00;3.50;0.00;5.00;0.00;;1983-01-20;4C1;;;PA;
DEU;DEU000100617;;RET;2000-02-23;2000-02-23;VIT004;VIT004;LUSTIG;0617;;;N;N;N;;;;;FX;GNS;NO;;;;;9.89;0.00;7.00;9.65;0.00;37.00;0.00;;1921-04-04;4C1;;;PA;
DEU;DEU000100618;;RET;1996-04-30;1996-04-30;AHL031;AHL031;DELPHIN;0618;;;N;N;N;;;;;FX;GNS;LLS;;;;;8.43;7.60;5.00;9.81;0.00;44.00;0.00;;1987-03-09;C19;;;PA;
DEU;DEU000100619;;RET;1994-02-22;1994-02-22;BAN013;BAN013;---;0619;;;N;N;N;;;;;FX;GNS;LLS;;;;;5.30;0.00;0.00;2.00;0.00;5.00;0.00;;1977-09-10;C19;;;PA;
DEU;DEU000100620;;RET;2023-10-31;2023-10-31;HER13N;HER13N;---;DEHDF;Heringsdorf;;N;N;N;N;N;N;;GO;GNS;LLS;;;;;6.40;0.00;1.00;0.00;0.00;9.00;0.00;3;2004-07-11;MFL;;;PA;2001-01-01
DEU;DEU000100621;;MOD;2022-01-21;2100-12-31;KOEL10;KOEL10;---;DEKOC;Koelpinsee;;N;Y;N;N;;N;;GO;GNS;LLS;;;;;6.22;5.75;2.00;0.00;0.00;25.00;0.00;1;1996-04-12;MFL;;;;1995-01-01
DEU;DEU000100622;;RET;2008-05-26;2008-05-26;SAS50N;SAS50N;---;0602;;;N;N;N;;;;;FX;GNS;LLS;;;;;8.12;6.57;4.00;4.52;0.00;32.00;0.00;1;1969-05-30;MFL;;;PA;1969-01-01
DEU;DEU000100624;;DES;1992-01-01;1992-01-01;ZEM3;ZEM3;---;0624;;;N;N;N;;;;;FX;GNS;LLS;;;;;7.60;0.00;0.00;4.10;0.00;19.00;0.00;;1947-02-03;4;;;PA;
DEU;DEU000100627;;RET;1994-09-12;1994-09-12;LOB02;LOB02;---;0627;;;N;N;N;;;;;FX;GNS;GNS;;;;;6.15;5.75;0.00;3.36;0.00;9.00;0.00;;1970-07-05;4;;;PA;
DEU;DEU000100630;;RET;2003-12-08;2003-12-08;KAM10;KAM10;---;0630;;;N;N;N;;;;;FX;GNS;LLS;;;;;8.10;0.00;2.00;4.63;0.00;26.00;0.00;1;1971-06-13;MFL;;;PA;1971-01-01
DEU;DEU000100631;;RET;1999-08-20;1999-08-20;AWA10;AWA10;---;0631;;;N;N;N;;;;;FX;GNS;NK;;;;;8.70;7.55;3.00;5.11;0.00;9.00;0.00;;1972-08-07;4C1;;;PA;
DEU;DEU000100632;;MOD;2003-01-01;2100-12-31;MOEN10;MOEN10;---;0632;;;N;Y;N;;;;;FX;GNS;LLS;;;;;11.90;10.55;11.00;9.34;0.00;66.00;0.00;1;1938-03-12;MFL;;;;1938-01-01
DEU;DEU000100633;;RET;2010-07-01;2010-07-01;PAS3;PAS3;---;0633;;;N;N;N;;;;;FX;GNS;LLS;;;;;8.45;7.35;2.00;2.28;0.00;5.00;0.00;2;1982-02-10;MFL;;;PA;1982-01-01
DEU;DEU000100634;;CST;2008-10-06;2100-12-31;WOG1N;WOG1N;---;0634;;;N;Y;N;;;;;FX;GNS;FPO;;;;;4.65;0.00;1.00;0.00;0.00;6.00;0.00;3;2008-10-06;MFL;;;PA;2008-01-01
DEU;DEU000100635;;RET;2001-02-26;2001-02-26;RAN9;RAN9;---;0635;;;N;N;N;;;;;FX;GNS;LLS;;;;;9.20;0.00;6.00;0.00;0.00;38.00;0.00;;1999-12-07;4C1;;;PA;
DEU;DEU000100637;;DES;1993-06-15;1993-06-15;NEU006;NEU006;---;0637;;;N;N;N;;;;;FX;GNS;LLS;;;;;11.60;0.00;0.00;9.51;0.00;37.00;0.00;;1943-11-12;C19;;;PA;
DEU;DEU000100638;;RET;2004-06-07;2004-06-07;ZUD11N;ZUD11N;---;0638;;;N;N;N;;;;;FX;GNS;NO;;;;;4.26;0.00;1.00;1.28;0.00;4.00;0.00;1;1986-05-16;MFL;;;PA;1986-01-01
DEU;DEU000100639;;RET;2006-07-28;2006-07-28;UMM5N;UMM5N;---;0639;;;N;N;N;;;;;FX;GNS;LLS;;;;;5.90;0.00;1.00;0.00;0.00;0.00;0.00;1;1952-06-11;MFL;;;PA;1952-01-01
DEU;DEU000100641;;RET;2000-05-11;2000-05-11;DRA007C;DRA007C;---;0641;;;N;N;N;;;;;FX;GNS;NO;;;;;5.48;0.00;1.00;2.12;0.00;29.00;0.00;;1985-09-16;4C1;;;PA;
DEU;DEU000100642;;RET;2022-03-31;2022-03-31;KUEH011N;KUEH011N;---;DEKU3;Kühlungsborn;;N;N;N;N;;N;;GO;GNS;NO;;;;;5.03;0.00;1.00;0.00;0.00;11.00;0.00;3;1990-01-22;MFL;;;PA;1990-01-01
DEU;DEU000100645;;RET;1991-06-20;1991-06-20;AHR10;AHR10;---;0645;;;N;N;N;;;;;FX;GNS;NO;;;;;10.50;0.00;0.00;9.15;0.00;48.00;0.00;;1990-03-07;4;;;PA;
DEU;DEU000100646;;MOD;2025-02-01;2100-12-31;WUS010;WUS010;---;DEWUO;Wustrow;;N;Y;N;N;Y;N;;GO;GNS;NO;;;;;5.30;0.00;1.00;0.00;0.00;3.00;0.00;1;1970-04-25;MFL;;;;1970-01-01
DEU;DEU000100647;;RET;2006-11-28;2006-11-28;DIE10;DIE10;---;0647;;;N;N;N;;;;;FX;GNS;NK;;;;;8.55;7.35;3.00;5.57;0.00;9.00;0.00;1;1950-06-17;MFL;;;PA;1950-01-01
DEU;DEU000100648;;RET;1996-01-18;1996-01-18;PRU3C;PRU3C;---;0648;;;N;N;N;;;;;FX;GNS;NK;;;;;5.60;0.00;1.00;2.21;0.00;0.00;0.00;;1985-01-01;C19;;;PA;
DEU;DEU000100649;;RET;1993-01-02;1993-01-02;PRE010A;PRE010A;---;0649;;;N;N;N;;;;;FX;GNS;NK;;;;;5.00;0.00;0.00;1.77;0.00;0.00;0.00;;1951-10-19;C19;;;PA;
DEU;DEU000100650;;DES;2010-08-20;2010-08-20;ZID008;ZID008;---;0650;;;N;N;N;;;;;FX;GNS;NK;;;;;5.10;0.00;1.00;1.84;0.00;0.00;0.00;1;1950-06-11;MFL;;;PA;1950-01-01
DEU;DEU000100651;;RET;2010-08-11;2010-08-11;RER002;RER002;---;0651;;;N;N;N;;;;;FX;GNS;LLS;;;;;8.10;7.15;3.00;4.64;0.00;7.00;0.00;1;1950-07-19;MFL;;;PA;1950-01-01
DEU;DEU000100668;;RET;2018-06-21;2018-06-21;GLO32N;GLO32N;---;0668;;;N;N;N;N;;N;;GO;GNS;LLS;;;;;5.00;0.00;1.00;0.00;0.00;29.00;0.00;3;2016-06-05;MFL;;;PA;1996-01-01
DEU;DEU000100673;;CHA;2021-08-01;2100-12-31;BAA41N;BAA41N;---;DEBA2;Baabe;;N;Y;N;N;;N;;GO;GNS;FPO;;;;;5.60;0.00;1.00;0.00;0.00;13.00;0.00;3;2021-08-01;MFL;;;PA;1987-01-01
DEU;DEU000103615;;RET;2006-12-29;2006-12-29;GAG03A;GAG03A;---;0615;;;N;N;N;;;;;FX;GNS;LLS;;;;;4.36;0.00;1.00;0.00;0.00;0.00;0.00;3;1991-01-28;MFL;;;PA;1984-01-01
DEU;DEU000110300;;RET;1997-08-25;1997-08-25;NC325;NC325;HALTENBANK;0301;;DFQE;Y;N;N;;;;;FX;OTB;OTM;;;;;32.18;28.19;197.00;174.96;0.00;441.00;0.00;;1974-09-10;4C3;;;AC;
DEU;DEU000110400;8509052;DES;2023-11-21;2023-11-21;NC309;NC309;SEEWOLF;DECUX;Cuxhaven;DFAC;Y;N;Y;Y;N;Y;211267780;TTW;OTB;OTM;;;;;30.34;26.00;261.00;0.00;0.00;600.00;160.00;2;1985-10-01;MFL;;;AC;1985-01-01
DEU;DEU000110500;;DES;1993-02-01;1993-02-01;HF518;HF518;WITTEBANK;0501;;DGOB;Y;N;N;;;;;FX;OTB;PTB;;;;;24.10;21.69;0.00;70.55;0.00;221.00;0.00;;1943-12-31;G11;;;PA;
DEU;DEU000110601;;EXP;2002-05-22;2002-05-22;ROS807;ROS807;GEMINI;0601;;Y4HQ;Y;N;N;;;;;FX;OTB;OTM;;;;;62.23;56.11;1943.00;1568.91;0.00;1764.00;1324.00;;1987-10-12;4C7;RUS;EX;PA;
DEU;DEU000110602;;RET;2005-04-06;2005-04-06;SAS26;SAS26;JASMUND;0602;;Y4LU;Y;N;N;;;;;FX;OTB;PTB;;;;;16.32;14.54;30.00;27.81;0.00;160.00;0.00;1;1937-04-03;MFL;;;PA;1937-01-01
DEU;DEU000110603;;RET;1990-11-01;1990-11-01;WAR46;WAR46;JAN PETERSEN;0603;;;N;N;N;;;;;FX;OTB;PTB;;;;;17.60;0.00;0.00;30.22;0.00;59.00;0.00;;1948-05-15;4;;;PA;
DEU;DEU000110605;;MOD;2022-01-01;2100-12-31;STR04;STR04;---;DESTL;Stralsund;;N;Y;N;N;;N;;GO;GNS;LLS;;;;;10.30;9.72;10.00;0.00;0.00;51.00;0.00;3;1984-03-11;MFL;;;;1984-01-01
DEU;DEU000110606;;RET;1990-11-01;1990-11-01;KAR32;KAR32;OSCHATZ;0606;;Y4KO;Y;N;N;;;;;FX;PTB;OTB;;;;;17.80;0.00;0.00;38.41;0.00;147.00;6.00;;1950-09-11;4;;;PA;
DEU;DEU000110607;;RET;1993-05-28;1993-05-28;LAU19;LAU19;---;0607;;;N;N;N;;;;;FX;GNS;GNS;;;;;10.35;9.30;0.00;11.31;0.00;30.00;0.00;;1952-10-10;4;;;PA;
DEU;DEU000110608;;RET;1996-02-14;1996-02-14;WIE23;WIE23;---;0608;;;N;N;N;;;;;FX;GNS;LLS;;;;;8.80;7.70;0.00;9.32;0.00;36.00;0.00;;1977-04-29;4;;;PA;
DEU;DEU000110609;;RET;1994-01-20;1994-01-20;UEK11;UEK11;---;0609;;;N;N;N;;;;;FX;GNS;NK;;;;;10.30;0.00;0.00;7.50;0.00;23.00;0.00;;1951-04-06;C19;;;PA;
DEU;DEU000110610;;RET;2006-12-29;2006-12-29;ZID11;ZID11;---;0650;;;N;N;N;;;;;FX;GNS;LLS;;;;;7.50;6.85;2.00;0.00;0.00;12.00;0.00;2;1976-09-13;MFL;;;PA;1976-01-01
DEU;DEU000110612;;RET;1994-09-05;1994-09-05;THI22;THI22;---;0612;;;N;N;N;;;;;FX;GNS;GNS;;;;;7.65;7.35;0.00;6.16;0.00;18.00;0.00;;1958-02-24;4;;;PA;
DEU;DEU000110613;;RET;2004-04-20;2004-04-20;BRE006;BRE006;---;0613;;;N;N;N;;;;;FX;GNS;LLS;;;;;5.15;0.00;1.00;1.87;0.00;7.00;0.00;1;1983-10-18;MFL;;;PA;1983-01-01
DEU;DEU000110614;;RET;1990-11-01;1990-11-01;FRE24;FRE24;---;0614;;Y4VD;Y;N;N;;;;;FX;GNS;NK;;;;;11.75;0.00;0.00;11.80;0.00;44.00;0.00;;1936-07-17;4;;;PA;
DEU;DEU000110615;;RET;2008-10-28;2008-10-28;GAG23;GAG23;---;0615;;;N;N;N;;;;;FX;GNS;LLS;;;;;9.13;8.43;5.00;9.65;0.00;22.00;0.00;1;1956-07-14;MFL;;;PA;1956-01-01
DEU;DEU000110616;;RET;2015-02-24;2015-02-24;LAS13;LAS13;---;0616;;;N;N;N;;;;;FX;GNS;FPO;;;;;8.55;8.15;3.00;4.63;0.00;20.00;0.00;2;1965-07-15;MFL;;;PA;1965-01-01
DEU;DEU000110617;;RET;1992-11-17;1992-11-17;VIT004A;VIT004A;---;0617;;;N;N;N;;;;;FX;GNS;NO;;;;;5.50;0.00;0.00;2.14;0.00;0.00;0.00;;1942-05-14;C19;;;PA;
DEU;DEU000110618;;RET;1993-07-01;1993-07-01;AHL003;AHL003;---;0618;;;N;N;N;;;;;FX;GNS;LLS;;;;;7.50;0.00;0.00;4.00;0.00;36.00;0.00;;1979-03-10;C19;;;PA;
DEU;DEU000110619;;RET;1995-12-01;1995-12-01;BAN014;BAN014;---;0619;;;N;N;N;;;;;FX;GNS;LLS;;;;;5.50;0.00;2.00;2.14;0.00;8.00;0.00;;1964-04-17;C19;;;PA;
DEU;DEU000110620;;MOD;2024-10-10;2100-12-31;HER10;HER10;---;DEHDF;Heringsdorf;;N;Y;N;N;N;N;;GO;GNS;LLS;;;;;8.70;7.56;3.00;0.00;0.00;11.00;0.00;2;2013-03-27;MFL;;;;1980-01-01
DEU;DEU000110621;;RET;2007-12-12;2007-12-12;UETZ6Z;UETZ6Z;---;0621;;;N;N;N;;;;;FX;GNS;LLS;;;;;4.25;0.00;1.00;0.00;0.00;3.00;0.00;3;2000-09-20;MFL;;;PA;1990-01-01
DEU;DEU000110622;;DES;1999-03-23;1999-03-23;KOEL13;KOEL13;---;0622;;;N;N;N;;;;;FX;GNS;LLS;;;;;7.50;6.05;3.00;4.52;0.00;26.00;0.00;;1972-03-24;4C1;;;PA;
DEU;DEU000110624;;RET;2006-11-27;2006-11-27;ZEM18;ZEM18;---;0624;;;N;N;N;;;;;FX;GNS;LLS;;;;;6.00;0.00;2.00;2.54;0.00;5.00;0.00;1;1968-01-15;MFL;;;PA;1968-01-01
DEU;DEU000110627;;RET;2016-10-04;2016-10-04;GZI26;GZI26;---;0615;;;N;N;N;;;;;FX;GNS;LLS;;;;;6.16;0.00;1.00;0.00;0.00;9.00;0.00;1;1986-05-10;MFL;;;PA;1986-01-01
DEU;DEU000110630;;MOD;2003-01-01;2100-12-31;KAM2;KAM2;---;DEKAV;Kamminke;;N;Y;N;N;;N;;GO;GNS;LLS;;;;;8.40;0.00;3.00;4.70;0.00;26.00;0.00;1;1986-05-05;MFL;;;;1986-01-01
DEU;DEU000110631;;RET;2007-07-20;2007-07-20;AWA11;AWA11;---;0631;;;N;N;N;;;;;FX;GNS;NK;;;;;9.30;8.35;3.00;0.00;0.00;38.00;0.00;2;1975-05-12;MFL;;;PA;1975-01-01
DEU;DEU000110632;;DES;2004-02-16;2004-02-16;MOEN14N;MOEN14N;---;0632;;;N;N;N;;;;;FX;GNS;NK;;;;;8.50;8.00;4.00;5.35;0.00;37.00;0.00;1;1970-03-04;MFL;;;PA;1970-01-01
DEU;DEU000110633;;RET;2017-03-01;2017-03-01;USE4N;USE4N;---;0633;;;N;N;N;;;;;FX;GNS;LLS;;;;;7.91;6.76;2.00;0.00;0.00;6.00;0.00;2;1991-12-02;MFL;;;PA;1991-01-01
DEU;DEU000110635;;RET;2004-01-30;2004-01-30;RAN4N;RAN4N;---;0635;;;N;N;N;;;;;FX;GNS;LLS;;;;;7.30;0.00;1.00;0.00;0.00;22.00;0.00;2;2001-02-26;MFL;;;PA;1970-01-01
DEU;DEU000110637;;RET;1993-07-06;1993-07-06;NEU006A;NEU006A;---;0637;;;N;N;N;;;;;FX;GNS;NO;;;;;5.25;0.00;0.00;1.95;0.00;0.00;0.00;;1943-06-15;C19;;;PA;
DEU;DEU000110638;;RET;1999-07-26;1999-07-26;ZUD12N;ZUD12N;---;0638;;;N;N;N;;;;;FX;GNS;NO;;;;;4.26;0.00;1.00;1.28;0.00;4.00;0.00;;1991-03-27;4C1;;;PA;
DEU;DEU000110639;;MOD;2016-01-01;2100-12-31;UMM5AN;UMM5AN;---;0639;;;N;Y;N;;;;;FX;GNS;FPO;;;;;5.00;0.00;1.00;0.00;0.00;10.00;0.00;1;1980-04-27;MFL;;;;1980-01-01
DEU;DEU000110641;;DES;1996-09-25;1996-09-25;DRA007B;DRA007B;---;0641;;;N;N;N;;;;;FX;GNS;NO;;;;;4.25;0.00;1.00;1.00;0.00;6.00;0.00;;1984-03-01;C19;;;PA;
DEU;DEU000110642;;RET;1996-09-26;1996-09-26;KUEH001;KUEH001;---;0642;;;N;N;N;;;;;FX;GNS;LLS;;;;;8.02;7.27;0.00;4.54;0.00;18.00;0.00;;1994-02-22;C19;;;PA;
DEU;DEU000110646;;MOD;2017-02-01;2100-12-31;WUS2;WUS2;---;0646;;;N;Y;N;;;;;FX;GNS;LLS;;;;;4.80;0.00;1.00;0.00;0.00;11.00;0.00;3;1992-10-23;MFL;;;;1992-01-01
DEU;DEU000110647;;RET;2006-11-28;2006-11-28;DIE11;DIE11;---;0647;;;N;N;N;;;;;FX;GNS;NK;;;;;6.80;6.60;1.00;1.27;0.00;4.00;0.00;1;1961-04-14;MFL;;;PA;1961-01-01
DEU;DEU000110648;;RET;1996-01-18;1996-01-18;PRU3D;PRU3D;---;0648;;;N;N;N;;;;;FX;GNS;NK;;;;;5.80;0.00;1.00;2.37;0.00;0.00;0.00;;1968-01-01;C19;;;PA;
DEU;DEU000110649;;RET;1997-03-10;1997-03-10;PRE011;PRE011;---;0649;;;N;N;N;;;;;FX;GNS;LLS;;;;;4.00;0.00;1.00;1.13;0.00;6.00;0.00;;1990-03-14;4C1;;;PA;
DEU;DEU000110651;;DES;1995-09-01;1995-09-01;RER003;RER003;---;0651;;;N;N;N;;;;;FX;GNS;LLS;;;;;5.50;0.00;0.00;2.14;0.00;3.00;0.00;;1983-07-12;C19;;;PA;
DEU;DEU000110668;;RET;2021-04-30;2021-04-30;GLO33N;GLO33N;---;DEGLY;Glowe;;N;N;N;N;;N;;GO;GNS;LLS;;;;;5.53;0.00;1.00;0.00;0.00;41.00;0.00;3;2018-06-21;MFL;;;PA;2000-01-01
DEU;DEU000110673;;RET;2025-07-28;2025-07-28;BAA43;BAA43;---;DEBA2;Baabe;;N;N;N;N;N;N;;GO;GNS;FPO;;;;;4.98;0.00;1.00;0.00;0.00;22.00;0.00;2;2022-11-01;MFL;;;PA;2022-01-01
DEU;DEU000120300;;RET;1991-04-22;1991-04-22;NC326;NC326;BIANCA I;0301;;DKIK;Y;N;N;;;;;FX;OTB;OTM;;;;;23.69;21.38;0.00;72.87;0.00;221.00;0.00;;1947-05-17;4;;;PA;
DEU;DEU000120400;8332277;RET;2002-08-26;2002-08-26;NC310;NC310;CHRISTINA JARCHAU;0301;;DESR;Y;N;N;;;;;TO;OTB;OTM;;;;;32.34;28.26;237.00;183.22;0.00;588.00;0.00;;1983-01-18;4C3;;;PA;
DEU;DEU000120500;;CHA;2015-06-27;2100-12-31;MAA1;MAA1;METEOR;0210;;DIJM;Y;Y;Y;;;;;FX;OTB;PTB;;;;;19.09;17.52;55.00;48.63;0.00;221.00;0.00;1;1971-08-11;MFL;;;PA;1971-01-01
DEU;DEU000120601;;EXP;1990-11-15;1990-11-15;ROS332;ROS332;KURT BARTHEL;0601;;Y4CB;Y;N;N;;;;;FX;OTB;OTM;;;;;101.84;95.16;0.00;3169.19;0.00;2856.00;2331.00;;1977-01-10;1;;;PA;
DEU;DEU000120602;;RET;2012-01-06;2012-01-06;SAS28;SAS28;SCHWALBE;0602;;Y4MF;Y;N;Y;;;;;FX;OTB;PTB;;;;;15.11;13.81;26.00;22.37;0.00;130.00;0.00;1;1949-06-11;MFL;;;PA;1949-01-01
DEU;DEU000120603;;RET;1991-02-01;1991-02-01;WAR47;WAR47;DOBERAN;0603;;Y400;Y;N;N;;;;;FX;OTB;PTB;;;;;17.60;0.00;0.00;38.41;0.00;110.00;0.00;;1950-07-01;4;;;PA;
DEU;DEU000120605;;RET;2011-11-10;2011-11-10;STR05;STR05;---;0605;;;N;N;N;;;;;FX;GNS;LLS;;;;;11.50;10.30;11.00;11.08;0.00;55.00;0.00;1;1950-01-17;MFL;;;PA;1950-01-01
DEU;DEU000120606;;RET;1990-11-01;1990-11-01;KAR33;KAR33;HANS SCHOLL;0606;;Y4KF;Y;N;N;;;;;FX;PTB;OTB;;;;;17.80;0.00;0.00;38.41;0.00;110.00;6.00;;1950-05-06;4;;;PA;
DEU;DEU000120607;;RET;2007-06-26;2007-06-26;NRE01;NRE01;---;0607;;;N;N;N;;;;;FX;GNS;LLS;;;;;6.04;0.00;1.00;1.77;0.00;0.00;0.00;1;1970-10-10;MFL;;;PA;1970-01-01
DEU;DEU000120608;;RET;1997-09-03;1997-09-03;WIE27N;WIE27N;---;0608;;;N;N;N;;;;;FX;GNS;LLS;;;;;9.50;0.00;6.00;6.37;0.00;37.00;0.00;;1944-06-17;4C1;;;PA;
DEU;DEU000120609;;RET;2003-04-22;2003-04-22;UEK11AN;UEK11AN;---;0609;;;N;N;N;;;;;FX;GNS;NO;;;;;8.00;0.00;2.00;4.52;0.00;6.00;0.00;1;1972-06-14;MFL;;;PA;1972-01-01
DEU;DEU000120612;;MOD;2020-10-12;2100-12-31;THI24N;THI24N;---;0612;;;N;Y;N;N;;N;;GO;GNS;LLS;;;;;10.30;8.95;9.00;0.00;0.00;36.00;0.00;1;1975-11-24;MFL;;;;1975-01-01
DEU;DEU000120613;;RET;1994-10-01;1994-10-01;BRE009A;BRE009A;---;0613;;;N;N;N;;;;;FX;GNS;NO;;;;;5.05;0.00;0.00;1.80;0.00;0.00;0.00;;1959-03-16;C19;;;PA;
DEU;DEU000120615;;RET;1991-07-30;1991-07-30;GAG025;GAG025;---;0615;;;N;N;N;;;;;FX;GNS;GNS;;;;;5.50;0.00;0.00;2.14;0.00;6.00;0.00;;1938-07-14;4;;;PA;
DEU;DEU000120616;;DES;1993-08-06;1993-08-06;LAS15;LAS15;---;0616;;;N;N;N;;;;;FX;GNS;NK;;;;;5.20;0.00;0.00;1.91;0.00;5.00;0.00;;1984-03-13;C19;;;PA;
DEU;DEU000120617;;RET;1992-11-17;1992-11-17;VIT004B;VIT004B;---;0617;;;N;N;N;;;;;FX;GNS;NO;;;;;6.75;0.00;0.00;3.22;0.00;0.00;0.00;;1925-04-07;C19;;;PA;
DEU;DEU000120618;;RET;2015-10-26;2015-10-26;VIT67;VIT67;---;0617;;;N;N;N;;;;;FX;GNS;LLS;;;;;7.40;6.35;2.00;5.19;0.00;33.00;0.00;1;1977-04-15;MFL;;;PA;1977-01-01
DEU;DEU000120619;;RET;2011-05-24;2011-05-24;BAN015N;BAN015N;---;0619;;;N;N;N;;;;;FX;GNS;LLS;;;;;5.30;0.00;1.00;0.00;0.00;5.00;0.00;1;1977-02-19;MFL;;;PA;1977-01-01
DEU;DEU000120620;;RET;2015-01-21;2015-01-21;HER5Z;HER5Z;---;0620;;;N;N;N;;;;;FX;GNS;LLS;;;;;4.34;0.00;1.00;0.00;0.00;15.00;0.00;3;2014-06-18;MFL;;;PA;2001-01-01
DEU;DEU000120621;;MOD;2022-02-01;2100-12-31;UETZ8N;UETZ8N;---;DEUEC;Ueckeritz;;N;Y;N;N;;N;;GO;GNS;LLS;;;;;4.28;0.00;1.00;0.00;0.00;5.00;0.00;3;2002-02-05;MFL;;;;2002-01-01
DEU;DEU000120622;;RET;2019-07-01;2019-07-01;USE12;USE12;LA PALOMA;DEUSD;Usedom;;N;N;N;N;N;N;;GO;GNS;LLS;;;;;7.90;6.85;4.00;0.00;0.00;48.00;0.00;2;1986-03-10;MFL;;;PA;1986-01-01
DEU;DEU000120624;;RET;2007-10-23;2007-10-23;ZEM16;ZEM16;---;0624;;;N;N;N;;;;;FX;GNS;LLS;;;;;7.70;6.10;1.00;0.00;0.00;5.00;0.00;1;1954-03-17;MFL;;;PA;1954-01-01
DEU;DEU000120627;;RET;1996-01-01;1996-01-01;LOB08;LOB08;---;0627;;;N;N;N;;;;;FX;GNS;GNS;;;;;6.03;5.58;0.00;2.68;0.00;18.00;0.00;;1976-01-05;4;;;PA;
DEU;DEU000120630;;DES;1996-07-04;1996-07-04;KAM1;KAM1;---;0630;;;N;N;N;;;;;FX;GNS;LLS;;;;;7.50;6.65;1.00;2.43;0.00;5.00;0.00;;1960-06-06;C19;;;PA;
DEU;DEU000120631;;RET;2011-09-19;2011-09-19;FRE18;FRE18;---;0614;;;N;N;N;;;;;FX;GNS;FPO;;;;;8.60;7.35;3.00;5.23;0.00;19.00;0.00;1;1981-04-14;MFL;;;PA;1981-01-01
DEU;DEU000120632;;RET;2010-08-03;2010-08-03;MOEN16N;MOEN16N;---;0632;;;N;N;N;;;;;FX;GNS;FPO;;;;;9.00;8.15;3.00;0.00;0.00;22.00;0.00;1;1947-09-15;MFL;;;PA;1947-01-01
DEU;DEU000120633;;RET;2005-11-15;2005-11-15;USE11;USE11;---;0633;;;N;N;N;;;;;FX;GNS;LLS;;;;;7.26;0.00;1.00;0.00;0.00;6.00;0.00;2;2003-12-22;MFL;;;PA;1967-01-01
DEU;DEU000120635;;RET;2023-08-01;2023-08-01;RAN8;RAN8;---;DERKZ;Rankwitz;;N;N;N;N;N;N;;GO;GNS;LLS;;;;;4.65;0.00;1.00;0.00;0.00;6.00;0.00;3;2005-11-15;MFL;;;PA;2004-01-01
DEU;DEU000120637;;RET;1993-07-01;1993-07-01;NEU006B;NEU006B;---;0637;;;N;N;N;;;;;FX;GNS;NO;;;;;5.25;0.00;0.00;1.95;0.00;0.00;0.00;;1942-06-17;C19;;;PA;
DEU;DEU000120638;;RET;2006-11-02;2006-11-02;GLE05N;GLE05N;---;0638;;;N;N;N;;;;;FX;GNS;LLS;;;;;5.27;0.00;1.00;0.00;0.00;5.00;0.00;1;1938-06-12;MFL;;;PA;1938-01-01
DEU;DEU000120639;;RET;2004-07-05;2004-07-05;UMM9;UMM9;---;0639;;;N;N;N;;;;;FX;GNS;NO;;;;;4.50;0.00;1.00;1.43;0.00;5.00;0.00;1;1925-06-27;MFL;;;PA;1925-01-01
DEU;DEU000120641;;RET;2006-01-30;2006-01-30;DRA008C;DRA008C;---;0641;;;N;N;N;;;;;FX;GNS;NO;;;;;4.10;0.00;1.00;0.00;0.00;4.00;0.00;3;1985-07-24;MFL;;;PA;1985-01-01
DEU;DEU000120642;;RET;2004-01-30;2004-01-30;KUEH2;KUEH2;---;0642;;;N;N;N;;;;;FX;GNS;LLS;;;;;4.20;0.00;1.00;1.24;0.00;3.00;0.00;3;1994-03-03;MFL;;;PA;1993-01-01
DEU;DEU000120645;;RET;1996-04-16;1996-04-16;AHR013;AHR013;---;0645;;;N;N;N;;;;;FX;GNS;NO;;;;;5.70;0.00;1.00;2.30;0.00;8.00;0.00;;1961-04-20;C19;;;PA;
DEU;DEU000120646;;RET;2024-10-01;2024-10-01;BOI5N;BOI5N;---;DEWIS;Wismar;;N;N;N;N;N;N;;GO;GNS;LLS;;;;;7.15;6.80;2.00;0.00;0.00;26.00;0.00;3;1992-10-23;MFL;;;PA;1986-01-01
DEU;DEU000120647;;RET;1991-11-18;1991-11-18;DIR12;DIR12;---;0647;;;N;N;N;;;;;FX;GNS;NO;;;;;5.00;0.00;0.00;1.77;0.00;6.00;0.00;;1987-10-12;4;;;PA;
DEU;DEU000120648;;DES;1992-09-10;1992-09-10;BOR12;BOR12;---;0648;;;N;N;N;;;;;FX;GNS;LLS;;;;;6.00;0.00;0.00;2.54;0.00;0.00;0.00;;1979-06-08;C19;;;PA;
DEU;DEU000120649;;RET;2000-10-25;2000-10-25;PRE2;PRE2;---;0649;;;N;N;N;;;;;FX;GNS;LLS;;;;;4.88;0.00;1.00;1.77;0.00;8.00;0.00;;1993-02-01;4C1;;;PA;
DEU;DEU000120650;;RET;2003-03-03;2003-03-03;ZID013;ZID013;---;0650;;;N;N;N;;;;;FX;GNS;LLS;;;;;5.90;0.00;1.00;2.46;0.00;14.00;0.00;1;1983-06-14;MFL;;;PA;1983-01-01
DEU;DEU000120651;;RET;2000-02-21;2000-02-21;RER040;RER040;---;0651;;;N;N;N;;;;;FX;GNS;LLS;;;;;9.25;7.80;5.00;6.05;0.00;37.00;0.00;;1985-09-19;4C1;;;PA;
DEU;DEU000120673;;CST;2022-12-01;2100-12-31;BAA44;BAA44;---;DEBA2;Baabe;;N;Y;N;N;;N;;GO;GNS;LLS;;;;;6.85;0.00;2.00;0.00;0.00;36.00;0.00;2;2022-12-01;MFL;;;PA;2022-01-01
DEU;DEU000130300;7420156;MOD;2010-08-05;2100-12-31;NC327;NC327;ORTEGAL DOS;DECUX;Cuxhaven;DFQF;Y;Y;Y;Y;;Y;211232850;GO;GNS;GNC;;;;;31.02;27.98;148.00;140.07;0.00;422.00;140.00;2;1974-12-12;MFL;;;PA;1974-01-01
DEU;DEU000130400;;EXP;1995-06-19;1995-06-19;BX772;BX772;BREMERHAVEN;0402;;DEUB;Y;N;N;;;;;FX;OTB;OTM;;;;;28.12;24.00;226.00;179.75;0.00;600.00;0.00;;1984-01-13;G17;;;AC;
DEU;DEU000130500;;RET;1993-11-04;1993-11-04;HF442;HF442;ANNELIES;0501;;DABJ;Y;N;N;;;;;FX;OTB;PTB;;;;;25.70;23.13;0.00;85.36;0.00;294.00;0.00;;1948-02-28;G16;;;PA;
DEU;DEU000130601;;DES;1991-12-31;1991-12-31;ROS334;ROS334;EDUARD CLAUDIUS;0601;;Y4CD;Y;N;N;;;;;FX;OTB;OTM;;;;;101.88;95.20;0.00;3169.19;0.00;2856.00;2331.00;;1978-10-20;1;;;PA;
DEU;DEU000130602;;RET;1995-05-31;1995-05-31;SAS32;SAS32;MOEWE;0602;;Y4MD;Y;N;N;;;;;FX;OTB;PTB;;;;;14.62;13.48;31.00;27.59;0.00;59.00;0.00;;1936-03-08;G16;;;PA;
DEU;DEU000130603;;RET;1991-02-01;1991-02-01;WAR48;WAR48;UECKERMUENDE;0603;;Y4TG;Y;N;N;;;;;FX;OTB;PTB;;;;;17.60;0.00;0.00;38.41;0.00;110.00;0.00;;1950-01-01;4;;;PA;
DEU;DEU000130605;;DES;1998-02-24;1998-02-24;STR06;STR06;---;0605;;;N;N;N;;;;;FX;GNS;NK;;;;;12.10;10.60;12.00;10.60;0.00;37.00;0.00;;1945-04-18;4C2;;;AC;
DEU;DEU000130606;;RET;1990-11-01;1990-11-01;KAR34;KAR34;WOLGAST;0606;;Y4KK;Y;N;N;;;;;FX;PTB;OTB;;;;;17.80;0.00;0.00;38.41;0.00;110.00;6.00;;1951-05-17;4;;;PA;
DEU;DEU000130607;;RET;2023-01-19;2023-01-19;NRE06;NRE06;---;DELAK;"Lauterbach"", Rügen";;N;N;N;N;N;N;;GO;GNS;LLS;;;;;7.20;7.00;3.00;0.00;0.00;0.00;0.00;1;1980-10-24;MFL;;;BO;1980-01-01
DEU;DEU000130608;;RET;2008-02-01;2008-02-01;WIE28;WIE28;---;0608;;;N;N;N;;;;;FX;GNS;LLS;;;;;9.20;8.80;5.00;7.00;0.00;46.00;0.00;2;1984-07-11;MFL;;;PA;1984-01-01
DEU;DEU000130609;;DES;1992-06-01;1992-06-01;UEK12;UEK12;---;0609;;;N;N;N;;;;;FX;GNS;NK;;;;;6.50;0.00;0.00;2.98;0.00;6.00;0.00;;1938-07-11;C19;;;PA;
DEU;DEU000130612;;RET;2004-10-19;2004-10-19;THI28;THI28;HEIMAT;0612;;;N;N;N;;;;;FX;GNS;LLS;;;;;11.00;10.40;9.00;13.83;0.00;35.00;0.00;1;1966-01-24;MFL;;;PA;1966-01-01
DEU;DEU000130613;;RET;1992-11-17;1992-11-17;BRE10;BRE10;---;0613;;;N;N;N;;;;;FX;GNS;NO;;;;;3.70;0.00;0.00;0.90;0.00;0.00;0.00;;1975-09-27;C19;;;PA;
DEU;DEU000130614;;RET;2011-10-17;2011-10-17;FRE26;FRE26;NEPTUN;0614;;Y4VP;Y;N;N;;;;;FX;GNS;OTB;;;;;13.88;12.68;17.00;13.62;0.00;147.00;0.00;1;1920-06-17;MFL;;;PA;1920-01-01
DEU;DEU000130615;;RET;2000-12-13;2000-12-13;BAR6;BAR6;CONNY;0610;;;N;N;N;;;;;FX;GNS;LLS;;;;;7.14;6.94;3.00;5.13;0.00;37.00;0.00;;1967-08-24;4C1;;;PA;
DEU;DEU000130616;;RET;2009-07-27;2009-07-27;ANK3;ANK3;---;0635;;;N;N;N;;;;;FX;GNS;FPO;;;;;8.12;7.76;2.00;3.30;0.00;12.00;0.00;2;1960-03-02;MFL;;;PA;1960-01-01
DEU;DEU000130617;;RET;1994-10-10;1994-10-10;VIT006;VIT006;---;0617;;;N;N;N;;;;;FX;GNS;NO;;;;;6.50;0.00;0.00;2.99;0.00;5.00;0.00;;1949-05-19;C19;;;PA;
DEU;DEU000130618;;RET;2007-02-20;2007-02-20;AHL006N;AHL006N;---;0618;;;N;N;N;;;;;FX;GNS;LLS;;;;;6.20;0.00;1.00;0.00;0.00;6.00;0.00;1;1982-12-12;MFL;;;PA;1982-01-01
DEU;DEU000130619;;RET;2003-04-10;2003-04-10;BAN017;BAN017;---;0619;;;N;N;N;;;;;FX;GNS;LLS;;;;;6.70;6.54;2.00;3.19;0.00;8.00;0.00;1;1974-12-15;MFL;;;PA;1974-01-01
DEU;DEU000130621;;MOD;2020-01-10;2100-12-31;UETZ9;UETZ9;---;0621;;;N;Y;N;N;;N;;GO;GNS;LLS;;;;;4.97;0.00;1.00;0.00;0.00;3.00;0.00;1;2003-03-17;MFL;;;;2002-01-01
DEU;DEU000130622;;MOD;2016-01-01;2100-12-31;KOEL4N;KOEL4N;---;0622;;;N;Y;N;;;;;FX;GNS;LLS;;;;;5.75;0.00;1.00;0.00;0.00;15.00;0.00;1;1965-05-10;MFL;;;;1965-01-01
DEU;DEU000130624;;MOD;2007-12-11;2100-12-31;ZEM26;ZEM26;---;0624;;;N;Y;N;;;;;FX;GNS;LLS;;;;;4.90;0.00;1.00;0.00;0.00;7.00;0.00;3;1990-04-20;MFL;;;PA;1990-01-01
DEU;DEU000130627;;RET;2006-11-22;2006-11-22;BAA27;BAA27;---;0627;;;N;N;N;;;;;FX;GNS;LLS;;;;;4.20;0.00;1.00;1.25;0.00;2.00;0.00;1;1984-10-15;MFL;;;PA;1984-01-01
DEU;DEU000130630;;EXP;2015-02-06;2015-02-06;KAM23;KAM23;JENNIFER;0630;;DBRC;Y;N;N;;;;;FX;OTB;GNS;;;;;11.89;9.99;15.00;0.00;0.00;176.00;0.00;3;2000-08-01;MFL;SWE;EX;PA;1999-01-01
DEU;DEU000130631;;MOD;2022-01-01;2100-12-31;AWA13N;AWA13N;---;DE8AN;Altwarp;;N;Y;N;N;;N;;GO;GNS;FPO;;;;;7.98;7.30;2.00;0.00;0.00;15.00;0.00;2;1966-04-07;MFL;;;;1966-01-01
DEU;DEU000130632;;DES;2001-04-27;2001-04-27;MOEN19;MOEN19;---;0632;;;N;N;N;;;;;FX;GNS;NK;;;;;8.50;8.00;2.00;4.52;0.00;7.00;0.00;;1971-07-01;4C1;;;PA;
DEU;DEU000130633;;CHA;2015-02-24;2100-12-31;USE3N;USE3N;---;DEUSD;Usedom;;N;Y;N;N;Y;N;;GO;GNS;FPO;;;;;4.00;0.00;1.00;0.00;0.00;20.00;0.00;3;2015-02-24;MFL;;;PA;1991-01-01
DEU;DEU000130635;;CST;2014-01-15;2100-12-31;WAT8N;WAT8N;---;0635;;;N;Y;N;;;;;FX;GNS;LLS;;;;;4.65;0.00;1.00;0.00;0.00;20.00;0.00;3;2014-01-15;MFL;;;PA;2013-01-01
DEU;DEU000130637;;RET;1992-11-17;1992-11-17;NEU006C;NEU006C;---;0637;;;N;N;N;;;;;FX;GNS;NO;;;;;5.00;0.00;0.00;1.77;0.00;0.00;0.00;;1948-05-12;C19;;;PA;
DEU;DEU000130638;;MOD;2014-10-15;2100-12-31;ZUD13N;ZUD13N;---;0638;;;N;Y;N;;;;;FX;GNS;LLS;;;;;4.08;0.00;1.00;1.10;0.00;8.00;0.00;3;1999-03-04;MFL;;;;1998-01-01
DEU;DEU000130639;;RET;2007-04-25;2007-04-25;UMM10N;UMM10N;---;0639;;;N;N;N;;;;;FX;GNS;LLS;;;;;5.60;0.00;1.00;2.22;0.00;5.00;0.00;1;1956-03-04;MFL;;;PA;1956-01-01
DEU;DEU000130641;;RET;2003-05-19;2003-05-19;DRA1;DRA1;---;0641;;;N;N;N;;;;;FX;GNS;LLS;;;;;4.10;0.00;1.00;1.20;0.00;6.00;0.00;3;1995-08-22;MFL;;;PA;1993-01-01
DEU;DEU000130642;;RET;2004-01-30;2004-01-30;KUEH5;KUEH5;---;0642;;;N;N;N;;;;;FX;GNS;LLS;;;;;4.10;0.00;1.00;1.18;0.00;5.00;0.00;1;1995-06-25;MFL;;;PA;1975-01-01
DEU;DEU000130646;;RET;2007-03-30;2007-03-30;WUS10A;WUS10A;---;0646;;;N;N;N;;;;;FX;GNS;LLS;;;;;4.00;0.00;1.00;1.13;0.00;3.00;0.00;3;1991-12-31;MFL;;;PA;1980-01-01
DEU;DEU000130647;;MOD;2019-09-01;2100-12-31;DIE12;DIE12;---;0647;;;N;Y;N;N;;N;;GO;GNS;LLS;;;;;7.50;7.00;1.00;0.00;0.00;15.00;0.00;3;1995-12-13;MFL;;;;1995-01-01
DEU;DEU000130648;;RET;2024-11-30;2024-11-30;PRU4A;PRU4A;---;DEORD;Born;;N;N;N;N;N;N;;GO;GNS;LLS;;;;;5.70;0.00;1.00;0.00;0.00;3.00;0.00;1;1960-01-01;MFL;;;PA;1960-01-01
DEU;DEU000130649;;MOD;2022-01-01;2100-12-31;PRE4;PRE4;---;DEPRW;Prerow;;N;Y;N;N;;N;;GO;GNS;LLS;;;;;4.88;0.00;1.00;0.00;0.00;11.00;0.00;3;1993-02-01;MFL;;;;1992-01-01
DEU;DEU000130650;;RET;1996-09-25;1996-09-25;ZID14;ZID14;---;0650;;;N;N;N;;;;;FX;GNS;NK;;;;;6.00;0.00;1.00;2.54;0.00;0.00;0.00;;1968-07-11;C19;;;PA;
DEU;DEU000130651;;RET;1993-06-22;1993-06-22;RER046;RER046;---;0651;;;N;N;N;;;;;FX;GNS;LLS;;;;;9.70;0.00;0.00;6.65;0.00;48.00;0.00;;1964-07-01;C19;;;PA;
DEU;DEU000140300;;RET;1992-09-10;1992-09-10;NC330;NC330;ACHIM;0301;;DFCO;Y;N;N;;;;;FX;OTB;OTM;;;;;27.56;24.05;0.00;133.55;0.00;375.00;0.00;;1984-12-28;3;;;PA;
DEU;DEU000140400;;EXP;1994-03-10;1994-03-10;BX773;BX773;STOERTEBEKER;0402;;DEUF;Y;N;N;;;;;FX;OTB;OTM;;;;;30.12;26.00;250.00;199.10;0.00;600.00;60.00;;1984-01-24;G17;;;PA;
DEU;DEU000140500;;EXP;1993-11-25;1993-11-25;HF551;HF551;NIXE;0501;;DHPN;Y;N;N;;;;;FX;OTB;PTB;;;;;31.87;28.68;0.00;133.83;0.00;368.00;0.00;;1970-03-24;G17;;;;
DEU;DEU000140601;;DES;1991-12-31;1991-12-31;ROS335;ROS335;ARNOLD ZWEIG;0601;;Y4CE;Y;N;N;;;;;FX;OTB;OTM;;;;;101.88;95.20;0.00;3169.19;0.00;2856.00;2330.00;;1978-11-20;1;;;PA;
DEU;DEU000140602;;RET;1996-05-24;1996-05-24;SAS34;SAS34;NORDSTERN;0602;;Y4LY;Y;N;N;;;;;FX;OTB;PTB;;;;;15.15;13.50;29.00;25.44;0.00;59.00;0.00;;1939-09-05;G16;;;AC;
DEU;DEU000140603;;RET;1991-05-21;1991-05-21;WAR49;WAR49;WITTOW;0603;;Y40H;Y;N;N;;;;;FX;OTB;PTB;;;;;17.60;0.00;0.00;37.24;0.00;147.00;0.00;;1950-01-19;4;;;PA;
DEU;DEU000140605;;RET;1992-12-07;1992-12-07;STR07;STR07;---;0605;;;N;N;N;;;;;FX;GNS;NK;;;;;10.63;10.12;0.00;11.02;0.00;37.00;0.00;;1945-04-19;4;;;PA;
DEU;DEU000140606;;RET;1991-08-22;1991-08-22;KAR35;KAR35;WEISSENFELS;0606;;Y4KJ;Y;N;N;;;;;FX;PTB;OTB;;;;;17.80;0.00;0.00;38.41;0.00;147.00;6.00;;1950-06-20;4;;;PA;
DEU;DEU000140607;;DES;2022-03-16;2022-03-16;NRE09;NRE09;---;DELAK;"Lauterbach"", Rügen";;N;N;N;N;;N;;GO;GNS;LLS;;;;;8.17;7.39;4.00;0.00;0.00;33.00;0.00;2;1985-05-10;MFL;;;AC;1985-01-01
DEU;DEU000140608;;RET;1991-07-30;1991-07-30;WIE34;WIE34;---;0608;;;N;N;N;;;;;FX;GNS;LLS;;;;;9.00;0.00;0.00;5.72;0.00;29.00;0.00;;1983-07-14;4;;;PA;
DEU;DEU000140609;;DES;1995-06-23;1995-06-23;MOEN11;MOEN11;---;0632;;;N;N;N;;;;;FX;GNS;NK;;;;;8.95;8.30;0.00;4.52;0.00;11.00;0.00;;1964-05-14;4;;;PA;
DEU;DEU000140612;;RET;2004-09-29;2004-09-29;THI29;THI29;---;0612;;;N;N;N;;;;;FX;GNS;LLS;;;;;9.30;8.30;5.00;8.37;0.00;40.00;0.00;1;1967-03-13;MFL;;;PA;1967-01-01
DEU;DEU000140613;;RET;1995-12-30;1995-12-30;BRE14;BRE14;---;0613;;;N;N;N;;;;;FX;GNS;NO;;;;;3.70;0.00;0.00;0.90;0.00;0.00;0.00;;1975-05-22;C19;;;PA;
DEU;DEU000140614;;RET;2002-04-23;2002-04-23;WAR51;WAR51;ORION;0603;;Y4TX;Y;N;N;;;;;FX;OTB;OTM;;;;;15.40;13.72;30.00;22.21;0.00;132.00;0.00;;1949-07-18;4C3;;;PA;
DEU;DEU000140615;;RET;1994-01-02;1994-01-02;GAG28;GAG28;---;0615;;;N;N;N;;;;;FX;GNS;GNS;;;;;9.23;8.80;0.00;8.87;0.00;40.00;0.00;;1956-06-15;4;;;PA;
DEU;DEU000140616;;RET;2002-08-12;2002-08-12;ANK4;ANK4;---;0616;;;N;N;N;;;;;FX;GNS;LLS;;;;;8.04;7.16;2.00;3.50;0.00;9.00;0.00;;1980-06-05;4C1;;;PA;
DEU;DEU000140617;;RET;2005-11-14;2005-11-14;VIT007A;VIT007A;---;0617;;;N;N;N;;;;;FX;GNS;NO;;;;;4.60;0.00;1.00;0.00;0.00;0.00;0.00;3;1956-04-14;MFL;;;PA;1956-01-01
DEU;DEU000140618;;RET;2001-03-21;2001-03-21;AHL8N;AHL8N;---;0618;;;N;N;N;;;;;FX;GNS;LLS;;;;;7.10;6.20;2.00;5.47;0.00;8.00;0.00;;1976-10-15;4C1;;;PA;
DEU;DEU000140619;;RET;2009-01-27;2009-01-27;KZI10;KZI10;---;0612;;;N;N;N;;;;;FX;GNS;LLS;;;;;8.37;6.90;4.00;9.45;0.00;40.00;0.00;1;1990-01-10;MFL;;;PA;1990-01-01
DEU;DEU000140621;;MOD;2020-01-10;2100-12-31;UETZ10;UETZ10;---;0621;;;N;Y;N;N;;N;;GO;GNS;LLS;;;;;4.65;0.00;1.00;0.00;0.00;14.00;0.00;3;2008-09-01;MFL;;;;2008-01-01
DEU;DEU000140622;;RET;1994-02-20;1994-02-20;KOEL001;KOEL001;---;0622;;;N;N;N;;;;;FX;GNS;LLS;;;;;5.50;0.00;0.00;2.14;0.00;11.00;0.00;;1978-08-14;C19;;;PA;
DEU;DEU000140624;;RET;1992-09-30;1992-09-30;ZEM17;ZEM17;---;0624;;;N;N;N;;;;;FX;GNS;LLS;;;;;6.40;0.00;0.00;2.90;0.00;5.00;0.00;;1954-03-18;4;;;PA;
DEU;DEU000140627;;RET;1993-04-05;1993-04-05;BAA031;BAA031;---;0627;;;N;N;N;;;;;FX;GNS;LLS;;;;;5.50;0.00;0.00;2.14;0.00;4.00;0.00;;1983-02-20;C19;;;PA;
DEU;DEU000140630;;MOD;2024-07-01;2100-12-31;PRU21;PRU21;---;DEPCE;Pruchten;;N;Y;N;N;Y;N;;GO;GNS;FPO;;;;;5.06;0.00;1.00;0.00;0.00;15.00;0.00;3;2007-09-24;MFL;;;;2007-01-01
DEU;DEU000140631;;MOD;2022-01-01;2100-12-31;AWA14N;AWA14N;---;DE8AN;Altwarp;;N;Y;N;N;;N;;GO;GNS;LLS;;;;;8.80;7.65;3.00;0.00;0.00;24.00;0.00;2;1984-09-14;MFL;;;;1984-01-01
DEU;DEU000140632;;RET;1994-01-02;1994-01-02;MOEN21;MOEN21;---;0632;;;N;N;N;;;;;FX;GNS;NK;;;;;8.50;0.00;0.00;5.11;0.00;11.00;0.00;;1963-06-11;C19;;;PA;
DEU;DEU000140633;;RET;2024-12-31;2024-12-31;USE5N;USE5N;"MS """"""""Fischkiste""""""""""""";DEUSD;Usedom;;N;N;N;N;Y;N;;GO;GNS;LLS;;;;;5.07;0.00;1.00;0.00;0.00;29.00;0.00;3;2017-06-01;MFL;;;PA;2013-01-01
DEU;DEU000140635;;MOD;2014-05-26;2100-12-31;WAT14;WAT14;---;0635;;;N;Y;N;;;;;FX;GNS;LLS;;;;;6.30;0.00;1.00;0.00;0.00;23.00;0.00;3;2014-02-26;MFL;;;PA;2014-01-01
DEU;DEU000140637;;RET;1991-06-01;1991-06-01;NEU007;NEU007;---;0637;;;N;N;N;;;;;FX;GNS;NO;;;;;10.06;0.00;0.00;7.16;0.00;22.00;0.00;;1943-08-11;4;;;PA;
DEU;DEU000140638;;RET;2021-05-25;2021-05-25;ZUD14N;ZUD14N;---;DEZUD;Zudar;;N;N;N;N;;N;;GO;GNS;LLS;;;;;4.08;0.00;1.00;0.00;0.00;4.00;0.00;3;1999-07-22;MFL;;;PA;1997-01-01
DEU;DEU000140639;;RET;1992-11-17;1992-11-17;UMM11;UMM11;---;0639;;;N;N;N;;;;;FX;GNS;NO;;;;;6.00;0.00;0.00;2.54;0.00;5.00;0.00;;1951-05-23;C19;;;PA;
DEU;DEU000140641;;RET;2000-01-10;2000-01-10;DRA2;DRA2;---;0641;;;N;N;N;;;;;FX;GNS;LLS;;;;;5.50;0.00;1.00;2.71;0.00;8.00;0.00;;1996-09-24;4C1;;;PA;
DEU;DEU000140642;;MOD;2023-06-01;2100-12-31;KUEH6;KUEH6;MAISCHOLLE;DEKU3;Kühlungsborn;DQLY;Y;Y;N;N;Y;N;;GO;GNS;LLS;;;;;8.62;7.49;3.00;0.00;0.00;36.00;0.00;3;1996-09-25;MFL;;;;1996-01-01
DEU;DEU000140645;;MOD;2017-01-01;2100-12-31;AHR014A;AHR014A;---;0645;;;N;Y;N;;;;;FX;GNS;LLS;;;;;4.20;0.00;1.00;0.00;0.00;3.00;0.00;1;1967-03-18;MFL;;;;1967-01-01
DEU;DEU000140646;;MOD;2025-02-01;2100-12-31;WUS12;WUS12;---;DEWUO;Wustrow;;N;Y;N;N;Y;N;;GO;GNS;LLS;;;;;6.22;5.90;1.00;0.00;0.00;11.00;0.00;3;1995-06-22;MFL;;;;1994-01-01
DEU;DEU000140647;;MOD;2014-12-05;2100-12-31;DIE13;DIE13;---;0647;;;N;Y;N;;;;;FX;GNS;LLS;;;;;7.80;0.00;1.00;0.00;0.00;11.00;0.00;3;1999-07-14;MFL;;;;1999-01-01
DEU;DEU000140648;;RET;1994-08-14;1994-08-14;BOR14;BOR14;---;0648;;;N;N;N;;;;;FX;GNS;NO;;;;;9.00;0.00;0.00;5.72;0.00;21.00;0.00;;1952-06-18;C19;;;PA;
DEU;DEU000140649;;MOD;2023-07-01;2100-12-31;PRE7;PRE7;---;DEPRW;Prerow;;N;Y;N;N;Y;N;;GO;GNS;LLS;;;;;5.00;0.00;1.00;0.00;0.00;22.00;0.00;3;1994-05-04;MFL;;;PA;1994-01-01
DEU;DEU000140650;;RET;2006-12-29;2006-12-29;ZID17;ZID17;---;0650;;;N;N;N;;;;;FX;GNS;LLS;;;;;5.70;0.00;1.00;0.00;0.00;3.00;0.00;1;1980-06-17;MFL;;;PA;1980-01-01
DEU;DEU000140651;;RET;1990-11-16;1990-11-16;RER025;RER025;---;0651;;;N;N;N;;;;;FX;GNS;LLS;;;;;8.00;0.00;0.00;4.42;0.00;9.00;0.00;;1950-05-17;4;;;PA;
DEU;DEU000140673;;CHA;2025-02-10;2100-12-31;BAA46;BAA46;---;DEBA2;Baabe;;N;Y;N;N;Y;N;;GO;GNS;FPO;;;;;5.60;0.00;1.00;0.00;0.00;37.00;0.00;3;2025-02-10;MFL;;;PA;2010-01-01
DEU;DEU000150300;;RET;2004-06-10;2004-06-10;NC333;NC333;ELKE M.;0301;;DFOE;Y;N;Y;;;;;FX;OTB;OTM;;;;;32.95;27.00;359.00;249.89;0.00;784.00;0.00;2;1987-06-26;MFL;;;PA;1987-01-01
DEU;DEU000150400;8716942;EXP;2002-08-26;2002-08-26;NC311;NC311;HARENGUS;0301;;DFDE;Y;Y;N;;;;;FX;OTB;OTM;;;;;30.71;26.25;296.00;199.41;0.00;700.00;0.00;2;1988-06-30;4C3;LVA;EX;PA;1988-01-01
DEU;DEU000150500;;RET;2003-04-07;2003-04-07;HF562;HF562;MARGRIT;0501;;DNIM;Y;N;N;;;;;FX;OTB;NK;;;;;17.26;15.53;38.00;36.91;0.00;165.00;0.00;2;1973-05-24;MFL;;;PA;1973-01-01
DEU;DEU000150601;;EXP;1991-10-23;1991-10-23;ROS336;ROS336;HANS MARCHWITZA;0601;;Y4CF;Y;N;N;;;;;FX;OTB;OTM;;;;;101.88;95.20;0.00;3222.89;0.00;2856.00;2331.00;;1982-08-02;1;;;PA;
DEU;DEU000150602;;RET;2005-04-06;2005-04-06;SAS39;SAS39;POMMERN;0602;;Y4LV;Y;N;N;;;;;FX;OTB;PTB;;;;;14.27;12.91;23.00;18.84;0.00;120.00;0.00;1;1940-06-18;MFL;;;PA;1940-01-01
DEU;DEU000150603;;RET;1992-01-15;1992-01-15;WAR50;WAR50;ALTERSTROM;0603;;Y40F;Y;N;N;;;;;FX;OTB;PTB;;;;;21.00;0.00;0.00;61.00;0.00;111.00;0.00;;1950-03-15;G16;;;PA;
DEU;DEU000150605;;RET;1993-11-16;1993-11-16;STR08;STR08;---;0605;;;N;N;N;;;;;FX;GNS;NK;;;;;11.92;10.49;0.00;10.85;0.00;37.00;0.00;;1932-06-23;4;;;PA;
DEU;DEU000150606;;RET;2015-01-13;2015-01-13;WAR58;WAR58;RÃDE ORM;0603;;Y4KP;Y;N;Y;;;;;FX;OTB;GNS;;;;;17.80;15.94;41.00;38.41;0.00;220.00;13.00;1;1950-09-11;MFL;;;PA;1950-01-01
DEU;DEU000150607;;RET;1994-11-14;1994-11-14;NRE13;NRE13;---;0607;;;N;N;N;;;;;FX;GNS;GNS;;;;;5.90;0.00;0.00;2.46;0.00;6.00;0.00;;1973-05-10;C19;;;PA;
DEU;DEU000150608;;RET;1995-06-20;1995-06-20;WIE35;WIE35;---;0608;;;N;N;N;;;;;FX;GNS;LLS;;;;;9.00;0.00;0.00;5.72;0.00;29.00;0.00;;1985-07-19;C19;;;PA;
DEU;DEU000150609;;RET;2002-08-12;2002-08-12;UEK26;UEK26;---;0609;;;N;N;N;;;;;FX;GNS;NK;;;;;9.45;8.80;3.00;4.99;0.00;37.00;0.00;;1983-07-17;4C1;;;PA;
DEU;DEU000150612;;RET;1991-07-09;1991-07-09;THI031;THI031;---;0612;;;N;N;N;;;;;FX;GNS;GNS;;;;;8.50;0.00;0.00;5.11;0.00;18.00;0.00;;1954-04-17;4;;;PA;
DEU;DEU000150613;;RET;1992-11-17;1992-11-17;BRE15;BRE15;---;0613;;;N;N;N;;;;;FX;GNS;NO;;;;;4.50;0.00;0.00;1.43;0.00;0.00;0.00;;1962-07-16;C19;;;PA;
DEU;DEU000150614;;RET;2004-04-13;2004-04-13;FRE28;FRE28;SEEADLER;0614;;Y4TZ;Y;N;N;;;;;FX;OTB;OTM;;;;;15.82;14.55;30.00;37.23;0.00;88.00;0.00;1;1951-06-18;MFL;;;PA;1951-01-01
DEU;DEU000150615;;RET;1991-07-18;1991-07-18;GAG029;GAG029;---;0615;;;N;N;N;;;;;FX;GNS;NO;;;;;7.40;0.00;0.00;3.87;0.00;22.00;0.00;;1988-06-30;4;;;PA;
DEU;DEU000150616;;RET;2007-03-08;2007-03-08;LAS24;LAS24;---;0616;;;N;N;N;;;;;FX;GNS;FPO;;;;;8.05;0.00;2.00;0.00;0.00;21.00;0.00;2;1987-06-03;MFL;;;PA;1987-01-01
DEU;DEU000150617;;RET;1992-11-17;1992-11-17;VIT008A;VIT008A;---;0617;;;N;N;N;;;;;FX;GNS;NO;;;;;3.70;0.00;0.00;0.90;0.00;0.00;0.00;;1974-04-14;C19;;;PA;
DEU;DEU000150618;;RET;1993-02-11;1993-02-11;AHL010;AHL010;---;0618;;;N;N;N;;;;;FX;GNS;LLS;;;;;8.40;0.00;0.00;4.99;0.00;44.00;0.00;;1967-03-19;C19;;;PA;
DEU;DEU000150619;;RET;2010-10-08;2010-10-08;BAN26;BAN26;---;0619;;;N;N;N;;;;;FX;GNS;LLS;;;;;6.30;0.00;1.00;0.00;0.00;5.00;0.00;1;1981-09-14;MFL;;;PA;1981-01-01
DEU;DEU000150621;;RET;2017-02-15;2017-02-15;UETZ13N;UETZ13N;---;0621;;;N;N;N;;;;;FX;GNS;FPO;;;;;4.22;0.00;1.00;0.00;0.00;20.00;0.00;3;2015-04-16;MFL;;;PA;2005-01-01
DEU;DEU000150622;;RET;2003-06-23;2003-06-23;KOEL03;KOEL03;---;0622;;;N;N;N;;;;;FX;GNS;LLS;;;;;5.20;0.00;1.00;1.91;0.00;5.00;0.00;1;1955-03-17;MFL;;;PA;1955-01-01
DEU;DEU000150624;;RET;1996-09-24;1996-09-24;ZEM14;ZEM14;---;0624;;;N;N;N;;;;;FX;GNS;LLS;;;;;3.96;0.00;1.00;1.77;0.00;3.00;0.00;;1970-02-18;C19;;;PA;
DEU;DEU000150627;;RET;2005-01-14;2005-01-14;BAA04;BAA04;---;0627;;;N;N;N;;;;;FX;GNS;NO;;;;;5.00;0.00;1.00;2.00;0.00;0.00;0.00;1;1994-01-01;MFL;;;PA;1989-01-01
DEU;DEU000150630;;RET;2022-12-01;2022-12-01;BAA39;BAA39;---;DEBA2;Baabe;;N;N;N;N;;N;;GO;GNS;LLS;;;;;7.98;0.00;3.00;0.00;0.00;36.00;0.00;2;2010-08-03;MFL;;;PA;1992-01-01
DEU;DEU000150631;;MOD;2017-01-05;2100-12-31;AWA15;AWA15;---;0631;;;N;Y;N;;;;;FX;GNS;LLS;;;;;7.93;7.10;2.00;0.00;0.00;22.00;0.00;2;1990-02-17;MFL;;;;1990-01-01
DEU;DEU000150632;;MOD;2003-01-01;2100-12-31;MOEN1A;MOEN1A;---;0632;;;N;Y;N;;;;;FX;GNS;LLS;;;;;9.60;9.02;4.00;6.51;0.00;58.00;0.00;2;1990-03-17;MFL;;;;1990-01-01
DEU;DEU000150633;;MOD;2023-05-15;2100-12-31;USE6;USE6;"MS """"""""Seekiste""""""""""""";DEUSD;Usedom;;N;Y;N;N;Y;N;;GO;GNS;FPO;;;;;4.65;0.00;1.00;0.00;0.00;37.00;0.00;3;2017-06-01;MFL;;;;1997-01-01
DEU;DEU000150635;;CST;2021-04-01;2100-12-31;WAT15;WAT15;---;DERKZ;Rankwitz;;N;Y;N;N;;N;;GO;GNS;FPO;;;;;7.98;0.00;2.00;0.00;0.00;27.00;0.00;3;2021-04-01;MFL;;;PA;2021-01-01
DEU;DEU000150637;;RET;1992-11-17;1992-11-17;NEU007B;NEU007B;---;0637;;;N;N;N;;;;;FX;GNS;NO;;;;;5.80;0.00;0.00;2.38;0.00;0.00;0.00;;1950-07-11;C19;;;PA;
DEU;DEU000150638;;MOD;2014-12-02;2100-12-31;GLE3N;GLE3N;TONI;0638;;;N;Y;N;;;;;FX;GNS;LLS;;;;;4.24;0.00;1.00;0.00;0.00;4.00;0.00;3;2000-12-27;MFL;;;PA;1985-01-01
DEU;DEU000150639;;RET;2009-03-06;2009-03-06;UMM14N;UMM14N;---;0639;;;N;N;N;;;;;FX;GNS;LLS;;;;;4.00;0.00;1.00;1.19;0.00;11.00;0.00;3;1989-08-07;MFL;;;PA;1989-01-01
DEU;DEU000150641;;RET;2009-12-04;2009-12-04;DRA3;DRA3;---;0641;;;N;N;N;;;;;FX;GNS;LLS;;;;;4.35;0.00;1.00;1.33;0.00;11.00;0.00;3;1996-09-24;MFL;;;PA;1996-01-01
DEU;DEU000150642;;RET;2002-10-02;2002-10-02;KUEH19;KUEH19;---;0642;;;N;N;N;;;;;FX;GNS;LLS;;;;;4.88;0.00;1.00;1.68;0.00;11.00;0.00;;1996-11-22;4C1;;;PA;
DEU;DEU000150645;;MOD;2017-01-01;2100-12-31;AHR014;AHR014;---;0645;;;N;Y;N;;;;;FX;GNS;NO;;;;;8.60;0.00;3.00;0.00;0.00;16.00;0.00;1;1970-10-11;MFL;;;;1970-01-01
DEU;DEU000150646;;RET;1998-10-31;1998-10-31;RIB31;RIB31;---;0645;;;N;N;N;;;;;FX;GNS;LLS;;;;;6.35;5.60;1.00;3.26;0.00;12.00;0.00;;1990-05-29;4C1;;;AC;
DEU;DEU000150647;;MOD;2010-02-24;2100-12-31;DIE14;DIE14;---;0647;;;N;Y;N;;;;;FX;GNS;LLS;;;;;7.80;0.00;1.00;0.00;0.00;11.00;0.00;3;1999-07-14;MFL;;;;1999-01-01
DEU;DEU000150648;;RET;2003-09-27;2003-09-27;BOR15;BOR15;---;0648;;;N;N;N;;;;;FX;GNS;LLS;;;;;5.68;0.00;1.00;2.25;0.00;4.00;0.00;1;1958-07-11;MFL;;;PA;1958-01-01
DEU;DEU000150649;;RET;2023-06-30;2023-06-30;PRE8;PRE8;---;DEPRW;Prerow;;N;N;N;N;N;N;;GO;GNS;LLS;;;;;4.40;0.00;1.00;0.00;0.00;22.00;0.00;3;1996-04-12;MFL;;;PA;1996-01-01
DEU;DEU000150650;;MOD;2024-11-28;2100-12-31;BOD4;BOD4;---;DEBBH;Barth;;N;Y;N;N;N;N;;GO;GNS;FPO;;;;;5.48;0.00;1.00;0.00;0.00;7.00;0.00;1;1975-04-12;MFL;;;;1975-01-01
DEU;DEU000150651;;DES;1991-05-06;1991-05-06;RER028;RER028;---;0651;;;N;N;N;;;;;FX;GNS;LLS;;;;;5.50;0.00;0.00;2.14;0.00;3.00;0.00;;1948-11-07;4;;;PA;
DEU;DEU000150673;;CHA;2025-03-17;2100-12-31;BAA47;BAA47;---;DEBA2;Baabe;;N;Y;N;N;Y;N;;GO;GNS;FPO;;;;;5.50;0.00;1.00;0.00;0.00;36.00;0.00;3;2025-03-17;MFL;;;PA;1991-01-01
DEU;DEU000160300;;DES;2021-10-05;2021-10-05;CUX9;CUX9;RAMONA;DECUX;Cuxhaven;DFNZ;Y;N;Y;Y;N;Y;;TU;TBB;OTB;;;;;15.87;15.05;33.00;0.00;0.00;146.00;0.00;1;1961-09-26;MFL;;;PA;1961-01-01
DEU;DEU000160500;;RET;1990-04-06;1990-04-06;HF540;HF540;WESTBANK;0501;;DETS;Y;N;N;;;;;FX;OTB;PTB;;;;;24.10;21.69;0.00;71.29;0.00;221.00;0.00;;1962-07-30;4;;;PA;
DEU;DEU000160601;;RET;1996-06-12;1996-06-12;ROS337;ROS337;HERCULES;0601;;DQEM;Y;N;N;;;;;FX;OTM;OTB;;;;;101.88;94.08;4006.00;3222.89;0.00;2856.00;2331.00;;1982-09-12;G19;;;PA;
DEU;DEU000160602;;DES;1991-04-09;1991-04-09;SAS58;SAS58;SASSNITZ;0602;;Y4LW;Y;N;N;;;;;FX;OTB;PTB;;;;;16.26;0.00;0.00;28.83;0.00;59.00;0.00;;1938-09-01;4;;;PA;
DEU;DEU000160603;;RET;2003-11-05;2003-11-05;WAR53;WAR53;ANDREA;0603;;Y4OU;Y;N;N;;;;;FX;OTB;GNS;;;;;18.43;16.01;41.00;39.78;0.00;147.00;0.00;2;1955-05-30;MFL;;;PA;1955-01-01
DEU;DEU000160605;;RET;1992-06-24;1992-06-24;STR174;STR174;MECKLENBURG;0605;;Y4NE;Y;N;N;;;;;FX;OTB;PTB;;;;;21.00;19.62;0.00;69.00;0.00;147.00;5.00;;1946-05-05;G16;;;PA;
DEU;DEU000160606;;RET;1995-11-07;1995-11-07;KAR37;KAR37;PREROW;0606;;Y4KI;Y;N;N;;;;;FX;PTB;OTB;;;;;17.80;0.00;0.00;38.41;0.00;147.00;6.00;;1950-07-20;4;;;AC;
DEU;DEU000160608;;RET;1992-08-12;1992-08-12;WIE36;WIE36;---;0608;;;N;N;N;;;;;FX;GNS;LLS;;;;;9.00;0.00;0.00;5.72;0.00;29.00;0.00;;1986-03-22;C19;;;PA;
DEU;DEU000160609;;MOD;2010-06-03;2100-12-31;WOG4N;WOG4N;---;0634;;;N;Y;N;;;;;FX;GNS;LLS;;;;;7.92;0.00;3.00;3.77;0.00;9.00;0.00;2;1965-05-27;MFL;;;;1965-01-01
DEU;DEU000160612;;RET;1993-11-16;1993-11-16;THI33;THI33;---;0612;;;N;N;N;;;;;FX;GNS;GNS;;;;;6.40;0.00;0.00;2.90;0.00;9.00;0.00;;1959-11-24;C19;;;PA;
DEU;DEU000160613;;RET;1995-12-28;1995-12-28;BRE21;BRE21;---;0613;;;N;N;N;;;;;FX;GNS;NO;;;;;4.30;0.00;0.00;1.31;0.00;0.00;0.00;;1950-07-29;C19;;;PA;
DEU;DEU000160614;;RET;1990-12-01;1990-12-01;FRE29;FRE29;VORWAERTS;0614;;Y4VI;Y;N;N;;;;;FX;GNS;OTB;;;;;15.85;0.00;0.00;26.19;0.00;59.00;0.00;;1946-06-27;4;;;PA;
DEU;DEU000160615;;RET;1991-07-18;1991-07-18;GAG030;GAG030;---;0615;;;N;N;N;;;;;FX;GNS;NO;;;;;9.40;0.00;0.00;6.24;0.00;45.00;0.00;;1977-11-14;4;;;PA;
DEU;DEU000160616;;RET;1994-06-06;1994-06-06;LAS26;LAS26;---;0616;;;N;N;N;;;;;FX;GNS;NK;;;;;7.78;6.94;0.00;2.90;0.00;6.00;0.00;;1960-05-14;C19;;;PA;
DEU;DEU000160617;;CHA;2024-11-01;2100-12-31;VIT86N;VIT86N;---;DEVT2;Vitte;;N;Y;N;N;Y;N;;GO;FPO;NO;;;;;3.75;0.00;1.00;0.00;0.00;0.00;0.00;1;1976-02-17;MFL;;;PA;1976-01-01
DEU;DEU000160618;;RET;2018-05-31;2018-05-31;AHL011N;AHL011N;---;0618;;;N;N;N;N;;N;;GO;GNS;LLS;;;;;6.00;0.00;1.00;0.00;0.00;4.00;0.00;1;1974-04-05;MFL;;;PA;1974-01-01
DEU;DEU000160619;;RET;1999-06-07;1999-06-07;BAN016;BAN016;---;0619;;;N;N;N;;;;;FX;GNS;LLS;;;;;5.50;0.00;1.00;2.14;0.00;5.00;0.00;;1970-03-25;4C1;;;PA;
DEU;DEU000160621;;RET;2022-12-31;2022-12-31;AWA12N;AWA12N;---;DE8AN;Altwarp;;N;N;N;N;;N;;GO;GNS;FPO;;;;;5.20;0.00;1.00;0.00;0.00;30.00;0.00;3;2017-05-01;MFL;;;PA;1995-01-01
DEU;DEU000160622;;RET;2003-02-10;2003-02-10;KOEL11;KOEL11;---;0622;;;N;N;N;;;;;FX;GNS;NK;;;;;4.20;0.00;1.00;1.30;0.00;5.00;0.00;1;1979-04-10;MFL;;;PA;1979-01-01
DEU;DEU000160624;;DES;1995-06-21;1995-06-21;ZEM04;ZEM04;---;0624;;;N;N;N;;;;;FX;GNS;LLS;;;;;7.32;0.00;1.00;2.91;0.00;5.00;0.00;;1965-04-28;C19;;;PA;
DEU;DEU000160627;;RET;2001-12-01;2001-12-01;LOB06;LOB06;---;0627;;;N;N;N;;;;;FX;GNS;NO;;;;;4.50;0.00;1.00;1.80;0.00;0.00;0.00;;1994-07-01;4C1;;;PA;
DEU;DEU000160630;;RET;2015-12-31;2015-12-31;KAM6;KAM6;---;0630;;;N;N;N;;;;;FX;GNS;FPO;;;;;4.98;0.00;1.00;0.00;0.00;36.00;0.00;3;2015-02-23;MFL;;;PA;1996-01-01
DEU;DEU000160631;;DES;1992-06-01;1992-06-01;AWA17;AWA17;---;0631;;;N;N;N;;;;;FX;GNS;NK;;;;;7.00;0.00;0.00;3.46;0.00;6.00;0.00;;1950-06-14;C19;;;PA;
DEU;DEU000160632;;RET;2023-10-01;2023-10-01;MOEN17N;MOEN17N;---;DEMKB;Moenkebude;;N;N;N;N;N;N;;GO;GNS;LLS;;;;;9.00;0.00;4.00;0.00;0.00;25.00;0.00;2;1994-01-01;MFL;;;PA;1991-01-01
DEU;DEU000160635;;CHA;2021-05-15;2100-12-31;RAN10N;RAN10N;---;DERKZ;Rankwitz;;N;Y;N;N;;N;;GO;GNS;FPO;;;;;5.20;0.00;1.00;0.00;0.00;18.00;0.00;3;2021-05-15;MFL;;;PA;1997-01-01
DEU;DEU000160637;;RET;1993-07-01;1993-07-01;NEU008;NEU008;---;0637;;;N;N;N;;;;;FX;GNS;NO;;;;;5.00;0.00;0.00;1.77;0.00;2.00;0.00;;1950-05-14;C19;;;PA;
DEU;DEU000160638;;RET;2008-12-05;2008-12-05;ZUD3N;ZUD3N;ROSI;0638;;;N;N;N;;;;;FX;GNS;LLS;;;;;4.26;0.00;1.00;0.00;0.00;3.00;0.00;3;2002-02-20;MFL;;;PA;1993-01-01
DEU;DEU000160639;;RET;1992-11-17;1992-11-17;UMM15;UMM15;---;0639;;;N;N;N;;;;;FX;GNS;NO;;;;;4.00;0.00;0.00;1.13;0.00;0.00;0.00;;1989-08-10;C19;;;PA;
DEU;DEU000160641;;RET;2011-02-04;2011-02-04;BRE58N;BRE58N;---;0613;;;N;N;N;;;;;FX;GNS;LLS;;;;;5.06;0.00;1.00;0.00;0.00;11.00;0.00;3;2000-05-10;MFL;;;PA;2000-01-01
DEU;DEU000160642;;MOD;2013-11-26;2100-12-31;AHR20N;AHR20N;---;DERZD;Ribnitz-Damgarten;;N;Y;N;N;;N;;GO;GNS;LLS;;;;;4.55;0.00;1.00;0.00;0.00;7.00;0.00;3;1997-04-13;MFL;;;;1996-01-01
DEU;DEU000160645;;DES;1992-08-01;1992-08-01;RIB30;RIB30;---;0645;;;N;N;N;;;;;FX;GNS;LLS;;;;;5.00;0.00;0.00;1.77;0.00;8.00;0.00;;1973-04-14;C19;;;PA;
DEU;DEU000160646;;MOD;2010-02-24;2100-12-31;BAR11N;BAR11N;---;DEBBH;Barth;;N;Y;N;N;;N;;GO;GNS;LLS;;;;;4.00;0.00;1.00;1.13;0.00;8.00;0.00;3;1996-12-02;MFL;;;;1996-01-01
DEU;DEU000160647;;RET;2018-01-23;2018-01-23;DIE15N;DIE15N;---;0647;;;N;N;N;N;;N;;GO;GNS;LLS;;;;;4.65;0.00;1.00;0.00;0.00;7.00;0.00;3;2005-10-17;MFL;;;PA;1990-01-01
DEU;DEU000160648;;RET;2004-04-20;2004-04-20;BOR16;BOR16;---;0648;;;N;N;N;;;;;FX;GNS;LLS;;;;;5.68;0.00;1.00;2.25;0.00;0.00;0.00;1;1980-06-14;MFL;;;PA;1980-01-01
DEU;DEU000160649;;RET;2021-02-01;2021-02-01;PRE9;PRE9;---;DEPRW;Prerow;;N;N;N;N;;N;;GO;GNS;LLS;;;;;4.40;0.00;1.00;0.00;0.00;4.00;0.00;3;1996-04-12;MFL;;;PA;1996-01-01
DEU;DEU000160650;;RET;1994-01-05;1994-01-05;ZID10;ZID10;---;0650;;;N;N;N;;;;;FX;GNS;NK;;;;;5.50;0.00;0.00;2.14;0.00;3.00;0.00;;1981-06-14;C19;;;PA;
DEU;DEU000160651;;RET;1995-06-26;1995-06-26;RER029;RER029;---;0651;;;N;N;N;;;;;FX;GNS;LLS;;;;;6.50;0.00;0.00;3.00;0.00;6.00;0.00;;1968-05-15;C19;;;PA;
DEU;DEU000170300;;MOD;2022-07-26;2100-12-31;DAN1;DAN1;FRIESLAND;DEDAN;Dangast;DFNB;Y;Y;N;N;;N;211519070;TU;TBB;OTB;;;;;11.66;9.79;18.00;0.00;0.00;169.00;0.00;2;1986-08-18;MFL;;;;1986-01-01
DEU;DEU000170500;;RET;1993-11-04;1993-11-04;HF560;HF560;GODENWIND;0501;;DHHG;Y;N;N;;;;;FX;OTB;PTB;;;;;28.74;25.87;0.00;123.12;0.00;456.00;0.00;;1971-08-09;G17;;;PA;
DEU;DEU000170601;;EXP;1991-10-23;1991-10-23;ROS338;ROS338;BRUNO APITZ;0601;;Y4CH;Y;N;N;;;;;FX;OTB;OTM;;;;;101.88;95.20;0.00;3222.89;0.00;2856.00;2331.00;;1982-10-19;1;;;PA;
DEU;DEU000170602;;DES;1993-12-28;1993-12-28;SAS59;SAS59;TRAUTE;0602;;Y4LZ;Y;N;N;;;;;FX;OTB;PTB;;;;;14.67;0.00;0.00;22.17;0.00;59.00;0.00;;1939-01-17;G16;;;PA;
DEU;DEU000170603;;RET;1990-11-01;1990-11-01;WAR54;WAR54;STRALSUND;0603;;Y40G;Y;N;N;;;;;FX;OTB;PTB;;;;;17.80;0.00;0.00;37.84;0.00;110.00;0.00;;1950-01-01;4;;;PA;
DEU;DEU000170605;;RET;1991-06-17;1991-06-17;STR175;STR175;SACHSEN;0605;;Y4NF;Y;N;N;;;;;FX;OTB;PTB;;;;;21.00;19.62;0.00;63.00;0.00;147.00;5.00;;1947-03-17;4;;;PA;
DEU;DEU000170606;;RET;1994-07-25;1994-07-25;KAR38;KAR38;EISENACH;0606;;Y4KR;Y;N;N;;;;;FX;PTB;OTB;;;;;17.80;0.00;0.00;38.41;0.00;147.00;6.00;;1950-11-03;4;;;AC;
DEU;DEU000170607;;RET;2023-11-13;2023-11-13;SEE04N;SEE04N;---;DELAK;"Lauterbach"", Rügen";;N;N;N;N;N;N;;GO;GNS;LLS;;;;;7.66;7.36;4.00;0.00;0.00;42.00;0.00;1;1955-06-23;MFL;;;PA;1955-01-01
DEU;DEU000170608;;RET;2001-02-05;2001-02-05;LUB1;LUB1;KEHRWIEDER;0608;;;N;N;N;;;;;FX;GNS;LLS;;;;;10.42;8.60;10.00;13.60;0.00;37.00;0.00;;1955-04-11;4C1;;;PA;
DEU;DEU000170609;;MOD;2003-01-01;2100-12-31;UEK29;UEK29;---;0609;;;N;Y;N;;;;;FX;GNS;NK;;;;;8.80;8.20;2.00;4.52;0.00;11.00;0.00;1;1983-06-14;MFL;;;;1983-01-01
DEU;DEU000170612;;RET;1993-04-15;1993-04-15;THI034;THI034;---;0612;;;N;N;N;;;;;FX;GNS;GNS;;;;;4.85;0.00;0.00;1.67;0.00;2.00;0.00;;1950-05-14;C19;;;PA;
DEU;DEU000170613;;RET;1992-11-17;1992-11-17;BRE23;BRE23;---;0613;;;N;N;N;;;;;FX;GNS;NO;;;;;4.00;0.00;0.00;1.13;0.00;0.00;0.00;;1921-06-14;C19;;;PA;
DEU;DEU000170614;;RET;2011-02-16;2011-02-16;FRE30;FRE30;THIESSOW;0614;;Y4VE;Y;N;N;;;;;FX;GNS;OTB;;;;;12.68;11.70;18.00;17.07;0.00;147.00;0.00;1;1957-07-19;MFL;;;PA;1957-01-01
DEU;DEU000170615;;RET;2003-05-20;2003-05-20;TAR1;TAR1;---;0654;;;N;N;N;;;;;FX;GNS;LLS;;;;;5.21;0.00;1.00;1.77;0.00;6.00;0.00;1;1968-06-17;MFL;;;PA;1968-01-01
DEU;DEU000170616;;RET;2023-06-01;2023-06-01;LAS28N;LAS28N;---;DEB6O;;;N;N;N;N;N;N;;GO;GNS;FPO;;;;;7.80;6.90;2.00;0.00;0.00;6.00;0.00;2;1960-04-14;MFL;;;PA;1960-01-01
DEU;DEU000170617;;RET;2007-11-06;2007-11-06;VIT010B;VIT010B;---;0617;;;N;N;N;;;;;FX;GNS;NO;;;;;4.00;0.00;1.00;1.13;0.00;7.00;0.00;1;1946-07-23;MFL;;;PA;1946-01-01
DEU;DEU000170618;;RET;2016-06-01;2016-06-01;AHL12;AHL12;---;0618;;;N;N;N;;;;;FX;GNS;LLS;;;;;7.00;6.76;2.00;0.00;0.00;24.00;0.00;1;1983-02-25;MFL;;;PA;1983-01-01
DEU;DEU000170619;;RET;1994-03-08;1994-03-08;BAN020;BAN020;---;0619;;;N;N;N;;;;;FX;GNS;LLS;;;;;8.40;6.80;0.00;8.86;0.00;36.00;0.00;;1965-06-13;4;;;PA;
DEU;DEU000170622;;MOD;2025-01-01;2100-12-31;KOEL1N;KOEL1N;---;DEKOC;Koelpinsee;;N;Y;N;N;Y;N;;GO;GNS;FPO;;;;;5.06;0.00;1.00;0.00;0.00;12.00;0.00;3;2005-08-18;MFL;;;;2005-01-01
DEU;DEU000170624;;RET;2001-11-12;2001-11-12;ZEM1;ZEM1;---;0624;;;N;N;N;;;;;FX;GNS;LLS;;;;;7.05;6.00;1.00;2.66;0.00;13.00;0.00;;1995-06-23;4C1;;;PA;
DEU;DEU000170627;;RET;1994-11-21;1994-11-21;LOB09;LOB09;---;0627;;;N;N;N;;;;;FX;GNS;NO;;;;;4.90;0.00;1.00;2.00;0.00;0.00;0.00;;1994-07-01;C19;;;PA;
DEU;DEU000170630;;DES;2022-03-15;2022-03-15;KAM26;KAM26;---;DEKAV;Kamminke;;N;N;N;N;;N;;GO;GNS;LLS;;;;;7.80;0.00;4.00;0.00;0.00;37.00;0.00;3;2015-07-27;MFL;;;AC;1979-01-01
DEU;DEU000170631;;RET;2010-11-05;2010-11-05;AWA19;AWA19;---;0631;;;N;N;N;;;;;FX;GNS;FPO;;;;;8.00;7.20;2.00;3.77;0.00;9.00;0.00;2;1954-09-15;MFL;;;PA;1954-01-01
DEU;DEU000170632;;RET;2004-04-14;2004-04-14;MOEN12;MOEN12;---;0632;;;N;N;N;;;;;FX;GNS;LLS;;;;;7.65;7.10;2.00;3.95;0.00;13.00;0.00;2;1995-06-21;MFL;;;PA;1994-01-01
DEU;DEU000170635;;MOD;2023-01-01;2100-12-31;WAT16;WAT16;---;DERKZ;Rankwitz;;N;Y;N;N;Y;N;;GO;GNS;FPO;;;;;4.75;0.00;1.00;0.00;0.00;15.00;0.00;3;2021-09-01;MFL;;;;2021-01-01
DEU;DEU000170637;;RET;1992-11-24;1992-11-24;NEU009;NEU009;---;0637;;;N;N;N;;;;;FX;GNS;NO;;;;;4.50;0.00;0.00;1.43;0.00;0.00;0.00;;1982-03-10;C19;;;PA;
DEU;DEU000170638;;RET;2006-07-26;2006-07-26;ZUD15NZ;ZUD15NZ;---;0638;;;N;N;N;;;;;FX;GNS;LLS;;;;;4.62;0.00;1.00;0.00;0.00;15.00;0.00;3;2003-04-06;MFL;;;PA;1994-01-01
DEU;DEU000170639;;RET;2005-03-02;2005-03-02;UMM16;UMM16;---;0639;;;N;N;N;;;;;FX;GNS;NK;;;;;4.00;0.00;1.00;1.13;0.00;7.00;0.00;3;1989-08-16;MFL;;;PA;1989-01-01
DEU;DEU000170641;;RET;2006-05-18;2006-05-18;DRA11N;DRA11N;---;0641;;;N;N;N;;;;;FX;GNS;LLS;;;;;4.13;0.00;1.00;0.00;0.00;4.00;0.00;2;2001-03-14;MFL;;;PA;2000-01-01
DEU;DEU000170642;;RET;2017-07-31;2017-07-31;KUEH14;KUEH14;STEFFI NAEHRING;0642;;;N;N;N;;;;;FX;GNS;LLS;;;;;11.27;9.99;10.00;0.00;0.00;100.00;0.00;3;1999-07-19;MFL;;;PA;1999-01-01
DEU;DEU000170645;;RET;1995-08-01;1995-08-01;AHR1;AHR1;---;0645;;;N;N;N;;;;;FX;GNS;NK;;;;;5.95;0.00;0.00;2.50;0.00;5.00;0.00;;1971-03-12;C19;;;PA;
DEU;DEU000170646;;MOD;2017-02-01;2100-12-31;WUS15;WUS15;---;0646;;;N;Y;N;;;;;FX;GNS;LLS;;;;;6.40;0.00;1.00;0.00;0.00;11.00;0.00;3;1998-05-19;MFL;;;;1998-01-01
DEU;DEU000170647;;CHA;2010-07-30;2100-12-31;DIE16;DIE16;---;0647;;;N;Y;N;;;;;FX;GNS;FPO;;;;;4.60;0.00;1.00;0.00;0.00;18.00;0.00;3;2010-07-30;MFL;;;PA;2007-01-01
DEU;DEU000170648;;RET;2011-09-16;2011-09-16;PRU4B;PRU4B;---;0648;;;N;N;N;;;;;FX;GNS;LLS;;;;;4.60;0.00;1.00;1.49;0.00;3.00;0.00;1;1985-01-01;MFL;;;PA;1985-01-01
DEU;DEU000170649;;RET;2000-11-06;2000-11-06;PRE12;PRE12;---;0649;;;N;N;N;;;;;FX;GNS;LLS;;;;;4.00;0.00;1.00;1.00;0.00;4.00;0.00;;1996-08-28;4C1;;;PA;
DEU;DEU000170650;;RET;2018-04-01;2018-04-01;BOD15;BOD15;DABITZER;0610;;;N;N;N;N;;N;;GO;GNS;LLS;;;;;4.15;0.00;1.00;0.00;0.00;18.00;0.00;3;1993-06-18;MFL;;;PA;1992-01-01
DEU;DEU000170651;;RET;2002-03-26;2002-03-26;RER037;RER037;---;0651;;;N;N;N;;;;;FX;GNS;LLS;;;;;6.00;0.00;1.00;2.54;0.00;16.00;0.00;;1964-11-12;4C1;;;PA;
DEU;DEU000180300;;RET;1994-03-28;1994-03-28;CUX3;CUX3;SEESTERN;DECUX;Cuxhaven;DFJO;Y;N;N;;;;;TUB;TBB;OTB;;;;;14.14;12.30;0.00;19.60;0.00;130.00;0.00;2;1951-03-17;C11;;;PA;1936-01-01
DEU;DEU000180500;;RET;1993-02-26;1993-02-26;DIT4;DIT4;URSULA;DEDIT;Ditzum;DIFU;Y;N;N;;;;;TUB;TBB;OTB;;;;;18.21;16.39;0.00;35.02;0.00;147.00;0.00;1;1971-01-28;C12;;;PA;1970-01-01
DEU;DEU000180601;;DES;1991-12-31;1991-12-31;ROS511;ROS511;SUND;0601;;Y4GQ;Y;N;N;;;;;FX;OTB;OTM;;;;;48.58;46.58;0.00;643.64;0.00;736.00;447.00;;1966-07-04;1;;;PA;
DEU;DEU000180602;;DES;1991-04-09;1991-04-09;SAS69;SAS69;ROBERT UHRIG;0602;;Y4LF;Y;N;N;;;;;FX;OTB;PTB;;;;;17.60;0.00;0.00;31.09;0.00;59.00;0.00;;1949-10-01;4;;;PA;
DEU;DEU000180603;;RET;1991-05-21;1991-05-21;WAR56;WAR56;PASEWALK;0603;;Y40K;Y;N;N;;;;;FX;OTB;PTB;;;;;17.60;0.00;0.00;38.41;0.00;115.00;0.00;;1950-06-01;4;;;PA;
DEU;DEU000180605;;RET;1992-06-24;1992-06-24;STR178;STR178;HIDDENSEE;0605;;Y4NA;Y;N;N;;;;;FX;OTB;PTB;;;;;17.76;16.86;0.00;37.00;0.00;110.00;5.00;;1950-05-16;G16;;;PA;
DEU;DEU000180606;;RET;1999-03-12;1999-03-12;KAR39;KAR39;GRIMMEN;0606;;Y4KN;Y;N;N;;;;;FX;PTB;OTB;;;;;17.80;15.94;41.00;38.41;0.00;147.00;6.00;;1950-07-20;4C3;;;AC;
DEU;DEU000180607;;DES;2018-12-10;2018-12-10;SEE05N;SEE05N;---;0607;;;N;N;N;N;;N;;GO;GNS;LLS;;;;;5.56;0.00;1.00;0.00;0.00;6.00;0.00;1;1972-06-12;MFL;;;PA;1972-01-01
DEU;DEU000180608;;RET;2021-01-08;2021-01-08;LUB2N;LUB2N;---;DEGRD;Greifswald;;N;N;N;N;;N;;GO;GNS;LLS;;;;;5.50;0.00;1.00;0.00;0.00;6.00;0.00;1;1972-07-14;MFL;;;PA;1972-01-01
DEU;DEU000180609;;DES;2004-02-16;2004-02-16;RIT6;RIT6;---;0609;;;N;N;N;;;;;FX;GNS;LLS;;;;;8.80;0.00;3.00;5.47;0.00;18.00;0.00;2;1981-04-28;MFL;;;PA;1981-01-01
DEU;DEU000180610;;RET;1994-02-15;1994-02-15;PRE018;PRE018;---;0610;;;N;N;N;;;;;FX;GNS;NO;;;;;6.60;0.00;0.00;3.10;0.00;18.00;0.00;;1961-03-14;C19;;;PA;
DEU;DEU000180612;;RET;2014-04-29;2014-04-29;THI36;THI36;---;0612;;;N;N;N;;;;;FX;GNS;LLS;;;;;7.04;6.24;3.00;5.33;0.00;14.00;0.00;1;1966-02-24;MFL;;;PA;1966-01-01
DEU;DEU000180613;;RET;1994-07-25;1994-07-25;BRE27;BRE27;---;0613;;;N;N;N;;;;;FX;GNS;NO;;;;;4.25;0.00;0.00;1.28;0.00;0.00;0.00;;1976-09-18;C19;;;PA;
DEU;DEU000180614;;RET;2010-10-04;2010-10-04;FRE31;FRE31;BINZ;0614;;Y4VJ;Y;N;N;;;;;FX;GNS;OTB;;;;;11.95;11.49;16.00;15.17;0.00;147.00;0.00;1;1957-07-17;MFL;;;PA;1957-01-01
DEU;DEU000180615;;RET;1995-09-27;1995-09-27;GAG34;GAG34;WIECK;0615;;;N;N;N;;;;;FX;GNS;GNS;;;;;9.24;8.79;0.00;12.52;0.00;45.00;0.00;;1979-11-24;4;;;PA;
DEU;DEU000180616;;RET;2008-07-25;2008-07-25;LAS32N;LAS32N;---;0616;;;N;N;N;;;;;FX;GNS;FPO;;;;;7.85;7.19;2.00;0.00;0.00;6.00;0.00;2;1989-04-30;MFL;;;PA;1989-01-01
DEU;DEU000180617;;RET;1996-09-25;1996-09-25;VIT012;VIT012;---;0617;;;N;N;N;;;;;FX;GNS;NO;;;;;6.30;0.00;1.00;2.80;0.00;10.00;0.00;;1990-03-14;C19;;;PA;
DEU;DEU000180618;;RET;1992-09-23;1992-09-23;AHL014;AHL014;---;0618;;;N;N;N;;;;;FX;GNS;LLS;;;;;6.60;0.00;0.00;3.10;0.00;4.00;0.00;;1970-12-15;C19;;;PA;
DEU;DEU000180619;;RET;1995-06-23;1995-06-23;BAN023;BAN023;---;0619;;;N;N;N;;;;;FX;GNS;LLS;;;;;8.97;7.95;0.00;9.50;0.00;44.00;0.00;;1967-05-14;C19;;;PA;
DEU;DEU000180622;;CHA;2019-12-01;2100-12-31;KOEL12N;KOEL12N;---;0622;;;N;Y;N;N;;N;;GO;GNS;LLS;;;;;4.80;0.00;1.00;0.00;0.00;15.00;0.00;3;2019-12-01;MFL;;;PA;1997-01-01
DEU;DEU000180624;;RET;2014-07-17;2014-07-17;ZEM7N;ZEM7N;---;0624;;;N;N;N;;;;;FX;GNS;LLS;;;;;7.30;0.00;2.00;4.00;0.00;19.00;0.00;1;1996-04-29;MFL;;;PA;1996-01-01
DEU;DEU000180627;;RET;1994-11-21;1994-11-21;LOB03;LOB03;---;0627;;;N;N;N;;;;;FX;GNS;NO;;;;;4.90;0.00;1.00;2.00;0.00;0.00;0.00;;1994-02-15;C19;;;PA;
DEU;DEU000180631;;RET;2022-09-01;2022-09-01;AWA20;AWA20;---;DE8AN;Altwarp;;N;N;N;N;;N;;GO;GNS;LLS;;;;;7.97;7.40;3.00;0.00;0.00;9.00;0.00;1;1967-07-02;MFL;;;PA;1967-01-01
DEU;DEU000180632;;MOD;2011-07-12;2100-12-31;AWA43;AWA43;---;0631;;;N;Y;N;;;;;FX;GNS;LLS;;;;;8.50;0.00;3.00;0.00;0.00;29.00;0.00;2;2000-04-14;MFL;;;;2000-01-01
DEU;DEU000180635;;CHA;2023-09-01;2100-12-31;RAN12;RAN12;---;DERKZ;Rankwitz;;N;Y;N;N;Y;N;;GO;GNS;FPO;;;;;5.50;0.00;1.00;0.00;0.00;19.00;0.00;3;2023-09-01;MFL;;;PA;2019-01-01
DEU;DEU000180637;;RET;1997-08-21;1997-08-21;NEU010;NEU010;---;0637;;;N;N;N;;;;;FX;GNS;NO;;;;;6.30;0.00;1.00;2.80;0.00;4.00;0.00;;1984-03-11;4C1;;;PA;
DEU;DEU000180638;;MOD;2014-12-02;2100-12-31;ZUD16N;ZUD16N;---;0638;;;N;Y;N;;;;;FX;GNS;LLS;;;;;4.08;0.00;1.00;0.00;0.00;4.00;0.00;3;2004-06-04;MFL;;;;1998-01-01
DEU;DEU000180639;;CHA;2011-03-01;2100-12-31;UMM51N;UMM51N;---;0639;;;N;Y;N;;;;;FX;GNS;LLS;;;;;5.50;0.00;1.00;2.14;0.00;4.00;0.00;1;1991-12-31;MFL;;;PA;1978-01-01
DEU;DEU000180641;;RET;2006-05-18;2006-05-18;DRA12Z;DRA12Z;---;0641;;;N;N;N;;;;;FX;GNS;LLS;;;;;6.03;0.00;1.00;0.00;0.00;7.00;0.00;3;2001-11-06;MFL;;;PA;2001-01-01
DEU;DEU000180642;;CST;2004-02-02;2100-12-31;KUEH7N;KUEH7N;---;0642;;;N;Y;N;;;;;FX;GNS;LLS;;;;;4.64;0.00;1.00;0.00;0.00;8.00;0.00;3;2004-01-30;MFL;;;;2003-01-01
DEU;DEU000180645;;RET;2001-08-13;2001-08-13;AHR12;AHR12;---;0645;;;N;N;N;;;;;FX;GNS;LLS;;;;;5.60;0.00;1.00;2.21;0.00;12.00;0.00;;1959-10-17;4C1;;;PA;
DEU;DEU000180646;;RET;2015-12-31;2015-12-31;WUS16N;WUS16N;---;0646;;;N;N;N;;;;;FX;GNS;LLS;;;;;4.40;0.00;1.00;0.00;0.00;4.00;0.00;2;2012-03-08;MFL;;;PA;1970-01-01
DEU;DEU000180647;;MOD;2023-09-01;2100-12-31;DIE17;DIE17;---;DEDIA;Dierhagen;;N;Y;N;N;Y;N;;GO;GNS;LLS;;;;;7.70;0.00;1.00;0.00;0.00;11.00;0.00;3;2017-06-01;MFL;;;;1993-01-01
DEU;DEU000180648;;RET;2000-03-03;2000-03-03;PRU4C;PRU4C;---;0648;;;N;N;N;;;;;FX;GNS;LLS;;;;;4.65;0.00;1.00;1.52;0.00;3.00;0.00;;1979-01-01;4C1;;;PA;
DEU;DEU000180649;;MOD;2015-02-06;2100-12-31;BAR8;BAR8;---;0610;;;N;Y;N;;;;;FX;GNS;LLS;;;;;4.65;0.00;1.00;0.00;0.00;10.00;0.00;3;1997-03-09;MFL;;;PA;1997-01-01
DEU;DEU000180650;;RET;2001-09-12;2001-09-12;ZID6B;ZID6B;---;0650;;;N;N;N;;;;;FX;GNS;LLS;;;;;4.00;0.00;1.00;1.00;0.00;3.00;0.00;;1975-01-01;4C1;;;PA;
DEU;DEU000180651;;MOD;2023-06-01;2100-12-31;RER036;RER036;MOEWE;DERRE;Rerik;;N;Y;N;N;Y;N;;GO;GNS;LLS;;;;;10.10;9.30;7.00;0.00;0.00;44.00;0.00;1;1951-09-17;MFL;;;;1951-01-01
DEU;DEU000190500;;RET;2012-02-01;2012-02-01;HF512;HF512;NORDSTERN;0501;;DGIQ;Y;N;N;;;;;FX;OTB;TBB;;;;;14.72;13.25;23.00;0.00;0.00;159.00;0.00;1;1957-04-01;MFL;;;PA;1950-01-01
DEU;DEU000190601;;DES;1991-11-21;1991-11-21;ROS409;ROS409;HEINZ KAPELLE;0601;;Y4IY;Y;N;N;;;;;FX;OTB;NO;;;;;63.24;59.08;0.00;963.63;0.00;1104.00;205.00;;1966-12-02;1;;;PA;
DEU;DEU000190602;;RET;2005-04-06;2005-04-06;SAS70;SAS70;HALLE;0602;;Y4LG;Y;N;N;;;;;FX;OTB;PTB;;;;;17.60;15.68;35.00;31.09;0.00;160.00;0.00;1;1949-10-03;MFL;;;PA;1949-01-01
DEU;DEU000190603;;RET;1994-11-10;1994-11-10;WAR57;WAR57;ANNE-FE;0603;;Y4OI;Y;N;N;;;;;FX;OTB;GNS;;;;;17.28;14.78;0.00;31.70;0.00;147.00;0.00;;1949-08-20;G16;;;AC;
DEU;DEU000190605;;MOD;2023-05-02;2100-12-31;SAS112N;SAS112N;LASSAN;DESAS;Sassnitz;Y4NB;Y;Y;Y;Y;N;Y;211758000;TU;OTB;GNS;;;;;17.69;15.48;45.00;0.00;0.00;175.00;0.00;1;1950-08-14;MFL;;;;1950-01-01
DEU;DEU000190606;;RET;1991-08-22;1991-08-22;KAR40;KAR40;STAVENHAGEN;0606;;Y4KM;Y;N;N;;;;;FX;PTB;OTB;;;;;17.80;0.00;0.00;38.41;0.00;147.00;6.00;;1950-07-20;4;;;PA;
DEU;DEU000190607;;RET;2001-12-01;2001-12-01;SEE07N;SEE07N;ANTJE;0607;;;N;N;N;;;;;FX;GNS;LLS;;;;;7.63;7.40;3.00;5.05;0.00;18.00;0.00;;1985-03-12;4C1;;;PA;
DEU;DEU000190608;;RET;2003-09-01;2003-09-01;WIE7;WIE7;---;0608;;;N;N;N;;;;;FX;GNS;LLS;;;;;7.32;0.00;2.00;4.79;0.00;13.00;0.00;1;1990-06-14;MFL;;;PA;1990-01-01
DEU;DEU000190609;;RET;1997-01-02;1997-01-02;UEK31;UEK31;---;0609;;;N;N;N;;;;;FX;GNS;NK;;;;;9.45;8.80;3.00;5.29;0.00;18.00;0.00;;1977-04-05;4C1;;;PA;
DEU;DEU000190610;;RET;2021-10-15;2021-10-15;BOD2;BOD2;---;DEBBH;Barth;;N;N;N;N;;N;;GO;GNS;NO;;;;;9.40;8.52;7.00;0.00;0.00;42.00;0.00;1;1938-12-31;MFL;;;PA;1938-01-01
DEU;DEU000190612;;RET;1991-07-12;1991-07-12;THI037;THI037;---;0612;;;N;N;N;;;;;FX;GNS;GNS;;;;;6.10;0.00;0.00;2.63;0.00;6.00;0.00;;1967-06-07;4;;;PA;
DEU;DEU000190613;;RET;1995-12-28;1995-12-28;BRE28;BRE28;---;0613;;;N;N;N;;;;;FX;GNS;NO;;;;;4.25;0.00;0.00;1.23;0.00;0.00;0.00;;1977-11-18;C19;;;PA;
DEU;DEU000190614;;RET;2002-03-05;2002-03-05;FRE32;FRE32;HAFTHAGEN;0614;;Y4VK;Y;N;N;;;;;FX;GNS;OTB;;;;;12.55;11.49;17.00;17.62;0.00;150.00;0.00;;1957-04-18;4C2;;;PA;
DEU;DEU000190615;;DES;1996-10-08;1996-10-08;GAG35N;GAG35N;---;0615;;;N;N;N;;;;;FX;GNS;LLS;;;;;4.90;0.00;1.00;1.70;0.00;9.00;0.00;;1975-12-10;C19;;;PA;
DEU;DEU000190616;;DES;1993-09-14;1993-09-14;WAT1;WAT1;---;0616;;;N;N;N;;;;;FX;GNS;NK;;;;;7.00;0.00;0.00;3.66;0.00;7.00;0.00;;1936-04-01;4;;;PA;
DEU;DEU000190617;;RET;1996-10-22;1996-10-22;VIT012A;VIT012A;---;0617;;;N;N;N;;;;;FX;GNS;NO;;;;;3.70;0.00;1.00;0.90;0.00;0.00;0.00;;1976-08-07;C19;;;PA;
DEU;DEU000190618;;RET;1996-12-29;1996-12-29;AHL015;AHL015;FORELLE;0618;;;N;N;N;;;;;FX;GNS;LLS;;;;;7.70;6.50;0.00;7.00;0.00;22.00;0.00;;1984-06-27;C19;;;PA;
DEU;DEU000190619;;RET;1995-12-13;1995-12-13;BAN11;BAN11;---;0619;;;N;N;N;;;;;FX;GNS;LLS;;;;;5.80;0.00;0.00;2.38;0.00;7.00;0.00;;1946-05-10;C19;;;PA;
DEU;DEU000190622;;MOD;2024-03-01;2100-12-31;KOEL6;KOEL6;---;DEGRD;Greifswald;;N;Y;N;N;Y;N;;GO;GNS;LLS;;;;;5.06;0.00;1.00;0.00;0.00;18.00;0.00;3;2020-03-01;MFL;;;PA;2009-01-01
DEU;DEU000190624;;CHA;2012-04-26;2100-12-31;WIE56;WIE56;---;0608;;;N;Y;N;;;;;FX;GNS;FPO;;;;;5.30;0.00;1.00;1.00;0.00;19.00;0.00;3;1996-09-23;MFL;;;PA;1996-01-01
DEU;DEU000190627;;RET;2009-04-15;2009-04-15;BAA04A;BAA04A;---;0627;;;N;N;N;;;;;FX;FPO;NO;;;;;5.00;0.00;1.00;0.00;0.00;3.00;0.00;1;1994-07-01;MFL;;;PA;1990-01-01
DEU;DEU000190631;;RET;1994-01-02;1994-01-02;AWA22;AWA22;---;0631;;;N;N;N;;;;;FX;GNS;NK;;;;;8.00;7.00;0.00;4.00;0.00;6.00;0.00;;1956-07-28;4;;;PA;
DEU;DEU000190632;;MOD;2023-05-15;2100-12-31;UEK20;UEK20;---;DEMKB;Moenkebude;;N;Y;N;N;Y;N;;GO;GNS;LLS;;;;;8.02;0.00;2.00;0.00;0.00;13.00;0.00;2;2001-05-02;MFL;;;;1978-01-01
DEU;DEU000190637;;RET;1997-07-14;1997-07-14;NEU010A;NEU010A;---;0637;;;N;N;N;;;;;FX;GNS;NO;;;;;4.70;0.00;1.00;1.76;0.00;6.00;0.00;;1982-07-17;4C1;;;PA;
DEU;DEU000190638;;CHA;2005-01-14;2100-12-31;ZUD17N;ZUD17N;---;0638;;;N;Y;N;;;;;FX;GNS;LLS;;;;;4.24;0.00;1.00;0.00;0.00;4.00;0.00;3;2005-01-14;MFL;;;;1982-01-01
DEU;DEU000190639;;DES;1995-06-25;1995-06-25;VIA5;VIA5;---;0613;;;N;N;N;;;;;FX;GNS;NK;;;;;6.72;6.62;2.00;3.52;0.00;30.00;0.00;;1985-07-09;C19;;;PA;
DEU;DEU000190641;;CHA;2019-06-28;2100-12-31;LAB21;LAB21;ARKONA;0220;;DB6312;Y;Y;N;N;;N;;GO;GNS;FPO;;;;;8.50;0.00;3.00;0.00;0.00;46.00;0.00;3;2002-12-04;MFL;;;PA;1988-01-01
DEU;DEU000190642;;MOD;2019-06-20;2100-12-31;TRA34;TRA34;SEEHASE;0203;;DJ7121;Y;Y;N;N;;N;;GO;GNS;FPO;;;;;6.30;0.00;2.00;0.00;0.00;20.00;0.00;3;2014-10-27;MFL;;;;1974-01-01
DEU;DEU000190645;;DES;1992-01-01;1992-01-01;RIB7;RIB7;---;0645;;;N;N;N;;;;;FX;GNS;NK;;;;;5.20;0.00;0.00;1.91;0.00;3.00;0.00;;1960-06-14;4;;;PA;
DEU;DEU000190646;;CHA;2017-02-01;2100-12-31;WUS4;WUS4;BLONDINE;0646;;;N;Y;N;;;;;FX;GNS;FPO;;;;;11.50;0.00;9.00;0.00;0.00;33.00;0.00;1;2017-02-01;MFL;;;PA;1935-01-01
DEU;DEU000190648;;RET;2009-10-26;2009-10-26;PRU7A;PRU7A;---;0661;;;N;N;N;;;;;FX;GNS;FPO;;;;;5.50;0.00;1.00;0.00;0.00;0.00;0.00;1;1985-01-01;MFL;;;PA;1985-01-01
DEU;DEU000190649;;MOD;2022-01-01;2100-12-31;PRE14;PRE14;---;DEPRW;Prerow;;N;Y;N;N;;N;;GO;GNS;LLS;;;;;5.50;0.00;1.00;0.00;0.00;20.00;0.00;3;1998-10-21;MFL;;;;1998-01-01
DEU;DEU000190650;;RET;1997-04-12;1997-04-12;ZID010;ZID010;---;0650;;;N;N;N;;;;;FX;GNS;NO;;;;;4.34;0.00;1.00;1.34;0.00;4.00;0.00;;1993-11-30;4C1;;;PA;
DEU;DEU000190651;;MOD;2014-12-03;2100-12-31;RER038;RER038;---;0651;;;N;Y;N;;;;;FX;GNS;LLS;;;;;9.70;8.80;6.00;6.65;0.00;37.00;0.00;2;1964-09-13;MFL;;;;1964-01-01
DEU;DEU000200300;;RET;2003-01-02;2003-01-02;CUX6;CUX6;HEIMKEHR;DECUX;Cuxhaven;DEKY;Y;N;N;;;;;TUB;TBB;OTB;;;;;12.50;11.00;13.00;11.86;0.00;130.00;0.00;1;1970-04-04;MFL;;;PA;1950-01-01
DEU;DEU000200400;8303276;RET;2019-06-26;2019-06-26;NC120;NC120;SUSANNE;0301;;DETY;Y;N;Y;Y;;Y;;TTW;OTB;OTM;;;;;40.09;36.44;492.00;0.00;0.00;735.00;204.00;2;1983-11-25;MFL;;;PA;1983-01-01
DEU;DEU000200500;;MOD;2024-11-28;2100-12-31;SC15;SC15;Neptun;DEBUM;Büsum;DNHA;Y;Y;Y;Y;N;Y;211325200;TU;TBB;OTB;;;;;20.79;18.48;81.00;0.00;0.00;221.00;0.00;2;1974-04-03;MFL;;;;1974-01-01
DEU;DEU000200601;;DES;1991-11-21;1991-11-21;ROS411;ROS411;BRUNO TESCH;0601;;Y4IA;Y;N;N;;;;;FX;OTB;OTM;;;;;63.63;59.10;0.00;962.09;0.00;1104.00;205.00;;1966-12-27;1;;;PA;
DEU;DEU000200602;;RET;2018-11-30;2018-11-30;SAS71;SAS71;WERNIGERODE;0602;;Y4LH;Y;N;Y;Y;;Y;;TTW;OTB;PTB;;;;;17.60;15.68;35.00;0.00;0.00;145.00;0.00;1;1949-08-08;MFL;;;PA;1949-01-01
DEU;DEU000200603;;RET;1991-05-21;1991-05-21;WAR58;WAR58;FREEST;0603;;Y40J;Y;N;N;;;;;FX;OTB;PTB;;;;;17.60;0.00;0.00;38.41;0.00;110.00;0.00;;1950-09-25;4;;;PA;
DEU;DEU000200605;;RET;1993-07-05;1993-07-05;STR180;STR180;FREUNDSCHAFT II;0605;;Y4NC;Y;N;N;;;;;FX;OTB;PTB;;;;;18.00;15.96;42.00;38.41;0.00;110.00;5.00;;1950-09-18;4;;;PA;
DEU;DEU000200606;;RET;2021-03-31;2021-03-31;KAR41;KAR41;EINHEIT;DEKAJ;Karlshagen;Y4KT;Y;N;Y;Y;;Y;;TTW;PTB;OTB;;;;;18.43;16.01;40.00;0.00;0.00;220.00;6.00;2;1956-02-13;MFL;;;PA;1955-01-01
DEU;DEU000200607;;RET;1995-08-01;1995-08-01;LAU002;LAU002;---;0607;;;N;N;N;;;;;FX;GNS;LLS;;;;;5.10;0.00;0.00;1.84;0.00;9.00;0.00;;1986-07-15;C19;;;PA;
DEU;DEU000200608;;RET;1993-03-16;1993-03-16;WIE15;WIE15;---;0608;;;N;N;N;;;;;FX;GNS;NO;;;;;5.50;0.00;0.00;2.37;0.00;6.00;0.00;;1970-05-18;C19;;;PA;
DEU;DEU000200609;;RET;2025-05-01;2025-05-01;UEK32N;UEK32N;---;DEUCK;Ueckermünde;;N;N;N;N;Y;N;;GO;GNS;FPO;;;;;7.80;7.50;2.00;0.00;0.00;6.00;0.00;1;1948-02-03;MFL;;;PA;1948-01-01
DEU;DEU000200610;;RET;1993-02-01;1993-02-01;BOD4;BOD4;---;0610;;;N;N;N;;;;;FX;GNS;NO;;;;;11.10;10.02;0.00;11.94;0.00;50.00;0.00;;1944-12-31;C19;;;PA;
DEU;DEU000200612;;RET;2006-02-09;2006-02-09;GZI15;GZI15;---;0615;;;N;N;N;;;;;FX;GNS;LLS;;;;;9.38;9.08;7.00;0.00;0.00;43.00;0.00;1;1979-08-18;MFL;;;PA;1979-01-01
DEU;DEU000200613;;RET;1992-11-17;1992-11-17;BRE029;BRE029;---;0613;;;N;N;N;;;;;FX;GNS;NK;;;;;6.20;0.00;0.00;2.72;0.00;44.00;0.00;;1968-07-16;C19;;;PA;
DEU;DEU000200614;;DES;1995-12-29;1995-12-29;FRE33;FRE33;1. MAI;0614;;Y4VR;Y;N;N;;;;;FX;GNS;OTB;;;;;11.95;0.00;0.00;15.17;0.00;44.00;0.00;;1956-07-25;4;;;AC;
DEU;DEU000200615;;RET;1996-11-14;1996-11-14;KZI01;KZI01;---;0615;;;N;N;N;;;;;FX;GNS;LLS;;;;;8.52;8.12;0.00;6.99;0.00;37.00;0.00;;1950-04-05;4;;;PA;
DEU;DEU000200616;;RET;2021-05-27;2021-05-27;WAT9;WAT9;KARIN;DELSA;Lassan;;N;N;N;N;;N;;GO;GNS;LLS;;;;;11.80;10.00;10.00;0.00;0.00;74.00;0.00;1;1950-10-25;MFL;;;PA;1930-01-01
DEU;DEU000200617;;RET;2000-05-11;2000-05-11;VIT013;VIT013;---;0617;;;N;N;N;;;;;FX;GNS;LLS;;;;;3.70;0.00;1.00;1.00;0.00;11.00;0.00;;1976-04-14;4C1;;;PA;
DEU;DEU000200618;;EXP;1992-06-01;1992-06-01;AHL016;AHL016;---;0618;;;N;N;N;;;;;FX;GNS;LLS;;;;;7.30;0.00;0.00;3.76;0.00;44.00;0.00;;1979-11-15;C19;POL;EX;PA;
DEU;DEU000200619;;RET;2001-10-15;2001-10-15;WAT5;WAT5;---;0616;;;N;N;N;;;;;FX;GNS;LLS;;;;;8.10;0.00;2.00;4.63;0.00;30.00;0.00;;1984-07-04;4C1;;;PA;
DEU;DEU000200624;;RET;2009-12-02;2009-12-02;ZEM13;ZEM13;---;0624;;;N;N;N;;;;;FX;GNS;LLS;;;;;5.20;0.00;1.00;1.91;0.00;8.00;0.00;3;1997-09-12;MFL;;;PA;1988-01-01
DEU;DEU000200627;;RET;2001-12-01;2001-12-01;LOB01C;LOB01C;---;0627;;;N;N;N;;;;;FX;GNS;NO;;;;;5.40;0.00;1.00;2.00;0.00;4.00;0.00;;1980-04-14;4C1;;;PA;
DEU;DEU000200631;;RET;2012-01-16;2012-01-16;AWA24;AWA24;---;0631;;;N;N;N;;;;;FX;GNS;FPO;;;;;8.65;7.50;3.00;5.11;0.00;9.00;0.00;2;1974-04-24;MFL;;;PA;1974-01-01
DEU;DEU000200632;;CHA;2017-09-15;2100-12-31;MOEN5;MOEN5;---;0632;;;N;Y;N;;;;;FX;GNS;FPO;;;;;8.85;0.00;3.00;0.00;0.00;22.00;0.00;2;2006-05-16;MFL;;;PA;2005-01-01
DEU;DEU000200637;;RET;2003-09-02;2003-09-02;NEU011;NEU011;MOEWE;0637;;;N;N;N;;;;;FX;GNS;LLS;;;;;11.12;10.22;9.00;12.70;0.00;44.00;0.00;1;1935-05-19;MFL;;;PA;1935-01-01
DEU;DEU000200638;;MOD;2007-12-18;2100-12-31;GLE4N;GLE4N;---;0638;;;N;Y;N;;;;;FX;GNS;FPO;;;;;4.25;0.00;1.00;0.00;0.00;6.00;0.00;1;2005-04-12;MFL;;;;1985-01-01
DEU;DEU000200639;;RET;1992-11-17;1992-11-17;UMM20;UMM20;---;0639;;;N;N;N;;;;;FX;GNS;LLS;;;;;7.20;7.00;0.00;2.97;0.00;10.00;0.00;;1949-06-21;4;;;PA;
DEU;DEU000200641;;RET;2009-07-07;2009-07-07;DRA14;DRA14;---;0641;;;N;N;N;;;;;FX;GNS;LLS;;;;;4.31;0.00;1.00;0.00;0.00;6.00;0.00;2;2003-05-20;MFL;;;PA;2003-01-01
DEU;DEU000200642;;RET;2023-03-29;2023-03-29;KUEH20N;KUEH20N;---;DEKU3;Kühlungsborn;;N;N;N;N;N;N;;GO;GNS;LLS;;;;;6.13;0.00;1.00;0.00;0.00;15.00;0.00;3;2016-02-15;MFL;;;PA;1986-01-01
DEU;DEU000200645;;RET;1994-01-07;1994-01-07;RIB09;RIB09;---;0645;;;N;N;N;;;;;FX;GNS;NK;;;;;5.40;0.00;0.00;2.10;0.00;3.00;0.00;;1937-06-14;C19;;;PA;
DEU;DEU000200646;;CHA;2022-01-01;2100-12-31;WUS17;WUS17;---;DEWUO;Wustrow;;N;Y;N;N;;N;;GO;GNS;FPO;;;;;5.70;0.00;1.00;0.00;0.00;23.00;0.00;3;2022-01-01;MFL;;;PA;2000-01-01
DEU;DEU000200648;;RET;2018-03-20;2018-03-20;PRU7B;PRU7B;---;0661;;;N;N;N;N;;N;;GO;GNS;FPO;;;;;6.05;0.00;1.00;0.00;0.00;0.00;0.00;1;1982-01-01;MFL;;;PA;1982-01-01
DEU;DEU000200649;;MOD;2022-01-01;2100-12-31;PRE15;PRE15;---;DEPRW;Prerow;;N;Y;N;N;;N;;GO;GNS;LLS;;;;;5.50;0.00;1.00;0.00;0.00;37.00;0.00;3;2000-12-14;MFL;;;;2000-01-01
DEU;DEU000200650;;RET;2015-02-17;2015-02-17;ZID001A;ZID001A;---;0650;;;N;N;N;;;;;FX;GNS;LLS;;;;;5.00;0.00;1.00;1.77;0.00;0.00;0.00;1;1961-05-10;MFL;;;PA;1961-01-01
DEU;DEU000200651;;RET;2002-05-06;2002-05-06;RER008;RER008;---;0651;;;N;N;N;;;;;FX;GNS;LLS;;;;;7.80;0.00;3.00;4.30;0.00;18.00;0.00;;1958-06-11;4C1;;;PA;
DEU;DEU000210300;;RET;2012-03-15;2012-03-15;CUX7;CUX7;EDELWEISS;DECUX;Cuxhaven;DFBO;Y;N;Y;;;;;TUB;TBB;OTB;;;;;15.31;13.80;20.00;19.50;0.00;184.00;0.00;1;1965-07-01;MFL;;;PA;1965-01-01
DEU;DEU000210400;8303288;RET;2019-01-02;2019-01-02;NC300;NC300;IRIS;0301;;DEUH;Y;N;Y;Y;;Y;;TTW;OTB;OTM;;;;;35.08;31.64;425.00;0.00;0.00;1020.00;453.00;2;1983-12-15;MFL;;;PA;1983-01-01
DEU;DEU000210500;;DES;1992-12-01;1992-12-01;HF500;HF500;MAIKE;0501;;DGXK;Y;N;N;;;;;FX;OTB;PTB;;;;;25.09;22.58;0.00;78.05;0.00;294.00;0.00;;1948-10-22;G11;;;PA;
DEU;DEU000210601;;DES;1991-11-21;1991-11-21;ROS413;ROS413;KARL WOLFF;0601;;Y4IC;Y;N;N;;;;;FX;OTB;NO;;;;;63.25;59.10;0.00;963.63;0.00;1104.00;205.00;;1967-03-30;1;;;PA;
DEU;DEU000210602;;DES;1991-04-09;1991-04-09;SAS72;SAS72;ANTON SAEFKOW;0602;;Y4LE;Y;N;N;;;;;FX;OTB;PTB;;;;;17.60;0.00;0.00;31.09;0.00;59.00;0.00;;1949-11-12;4;;;PA;
DEU;DEU000210603;;RET;1990-11-01;1990-11-01;WAR59;WAR59;CHEMNITZ;0603;;Y40E;Y;N;N;;;;;FX;OTB;PTB;;;;;17.60;0.00;0.00;38.41;0.00;110.00;0.00;;1949-06-30;4;;;PA;
DEU;DEU000210605;;RET;1992-06-24;1992-06-24;STR181;STR181;WUSTROW;0605;;Y4ND;Y;N;N;;;;;FX;OTB;PTB;;;;;17.30;16.09;0.00;38.00;0.00;110.00;5.00;;1950-09-04;G16;;;PA;
DEU;DEU000210606;;RET;1996-12-17;1996-12-17;KAR42;KAR42;FRIEDEN;0606;;Y4KV;Y;N;N;;;;;FX;GNS;OTB;;;;;18.43;16.01;39.00;39.78;0.00;147.00;6.00;;1956-02-13;C19;;;AC;
DEU;DEU000210607;;RET;1994-11-10;1994-11-10;SEE06;SEE06;---;0607;;;N;N;N;;;;;FX;GNS;LLS;;;;;8.00;0.00;0.00;4.52;0.00;19.00;0.00;;1985-10-07;C19;;;PA;
DEU;DEU000210608;;DES;2022-11-30;2022-11-30;WIE12;WIE12;---;DEGRD;Greifswald;;N;N;N;N;;N;;GO;GNS;LLS;;;;;7.95;0.00;2.00;0.00;0.00;15.00;0.00;2;1989-11-14;MFL;;;AC;1989-01-01
DEU;DEU000210609;;MOD;2010-02-22;2100-12-31;RIT10N;RIT10N;---;0609;;;N;Y;N;;;;;FX;GNS;FPO;;;;;7.00;6.40;2.00;3.46;0.00;6.00;0.00;1;1969-07-14;MFL;;;;1969-01-01
DEU;DEU000210610;;RET;1998-11-02;1998-11-02;BOD5;BOD5;---;0610;;;N;N;N;;;;;FX;GNS;NK;;;;;5.20;0.00;1.00;1.91;0.00;15.00;0.00;;1948-01-01;4C1;;;PA;
DEU;DEU000210612;;DES;2022-11-29;2022-11-29;WAR42;WAR42;---;DEWAR;Warnemünde;;N;N;N;N;;N;;GO;GNS;LLS;;;;;10.42;9.00;8.00;0.00;0.00;37.00;0.00;2;1981-07-14;MFL;;;AC;1981-01-01
DEU;DEU000210613;;RET;1994-01-02;1994-01-02;BRE30;BRE30;---;0613;;;N;N;N;;;;;FX;GNS;NO;;;;;4.25;0.00;0.00;1.28;0.00;0.00;0.00;;1975-10-19;C19;;;PA;
DEU;DEU000210614;;RET;2014-02-11;2014-02-11;GOEH19;GOEH19;NORDSTERN;0628;;Y4VL;Y;N;N;;;;;FX;GNS;OTB;;;;;12.68;11.90;16.00;19.00;0.00;80.00;0.00;1;1956-04-12;MFL;;;PA;1956-01-01
DEU;DEU000210615;;RET;2001-11-21;2001-11-21;KZI02;KZI02;---;0615;;;N;N;N;;;;;FX;GNS;LLS;;;;;8.16;7.66;4.00;6.19;0.00;37.00;0.00;;1963-11-10;4C1;;;PA;
DEU;DEU000210616;;RET;2007-12-18;2007-12-18;LAS6;LAS6;---;0616;;;N;N;N;;;;;FX;GNS;LLS;;;;;4.25;0.00;1.00;3.46;0.00;5.00;0.00;3;1952-07-18;MFL;;;PA;1952-01-01
DEU;DEU000210617;;RET;2000-08-22;2000-08-22;VIT014;VIT014;---;0617;;;N;N;N;;;;;FX;GNS;NO;;;;;4.00;0.00;1.00;1.13;0.00;6.00;0.00;;1980-06-14;4C1;;;PA;
DEU;DEU000210618;;RET;1994-02-01;1994-02-01;AHL017;AHL017;---;0618;;;N;N;N;;;;;FX;GNS;LLS;;;;;7.00;0.00;0.00;3.46;0.00;12.00;0.00;;1974-03-30;C19;;;PA;
DEU;DEU000210619;;RET;2000-03-25;2000-03-25;BAL9;BAL9;---;0619;;;N;N;N;;;;;FX;GNS;NK;;;;;6.50;0.00;1.00;2.98;0.00;5.00;0.00;;1991-12-09;4C1;;;PA;
DEU;DEU000210624;;MOD;2007-12-11;2100-12-31;ZEM25;ZEM25;---;0624;;;N;Y;N;;;;;FX;GNS;LLS;;;;;5.10;4.85;1.00;0.00;0.00;12.00;0.00;3;1998-03-27;MFL;;;PA;1998-01-01
DEU;DEU000210627;;DES;2019-02-21;2019-02-21;BAA28;BAA28;---;0673;;;N;N;N;N;;N;;GO;GNS;LLS;;;;;5.88;0.00;1.00;0.00;0.00;8.00;0.00;1;1981-04-02;MFL;;;PA;1981-01-01
DEU;DEU000210631;;RET;2006-10-24;2006-10-24;AWA26;AWA26;---;0631;;;N;N;N;;;;;FX;GNS;LLS;;;;;8.00;7.00;3.00;0.00;0.00;15.00;0.00;1;1965-10-22;MFL;;;PA;1965-01-01
DEU;DEU000210632;;MOD;2009-01-01;2100-12-31;MOEN18N;MOEN18N;---;0632;;;N;Y;N;;;;;FX;GNS;LLS;;;;;4.60;0.00;1.00;0.00;0.00;6.00;0.00;3;2008-11-25;MFL;;;;1996-01-01
DEU;DEU000210637;;RET;2007-07-17;2007-07-17;NEU11A;NEU11A;---;0637;;;N;N;N;;;;;FX;GNS;LLS;;;;;5.75;0.00;1.00;0.00;0.00;11.00;0.00;1;1948-04-12;MFL;;;PA;1948-01-01
DEU;DEU000210639;;MOD;2023-09-01;2100-12-31;UMM23;UMM23;Lore;DEUMZ;Ummanz;;N;Y;N;N;Y;N;;GO;GNS;FPO;;;;;7.10;6.75;1.00;0.00;0.00;21.00;0.00;3;1991-12-03;MFL;;;;1991-01-01
DEU;DEU000210641;;RET;2007-06-08;2007-06-08;DRA16;DRA16;---;0641;;;N;N;N;;;;;FX;GNS;LLS;;;;;4.05;0.00;1.00;0.00;0.00;4.00;0.00;3;2006-01-30;MFL;;;PA;1989-01-01
DEU;DEU000210645;;RET;1996-11-28;1996-11-28;LAN1N;LAN1N;---;0645;;;N;N;N;;;;;FX;GNS;LLS;;;;;6.44;6.14;1.00;2.08;0.00;3.00;0.00;;1950-07-14;C19;;;PA;
DEU;DEU000210648;;RET;2000-08-28;2000-08-28;PRU7C;PRU7C;---;0648;;;N;N;N;;;;;FX;GNS;LLS;;;;;5.40;0.00;1.00;2.06;0.00;22.00;0.00;;1984-01-01;4C1;;;PA;
DEU;DEU000210649;;MOD;2023-07-01;2100-12-31;PRE16;PRE16;---;DEPRW;Prerow;;N;Y;N;N;Y;N;;GO;GNS;LLS;;;;;5.50;0.00;1.00;0.00;0.00;52.00;0.00;3;2001-08-20;MFL;;;PA;2001-01-01
DEU;DEU000210650;;RET;1999-08-06;1999-08-06;ZID18;ZID18;---;0650;;;N;N;N;;;;;FX;GNS;LLS;;;;;3.70;0.00;1.00;0.96;0.00;15.00;0.00;;1994-06-16;4C1;;;PA;
DEU;DEU000210651;;RET;1991-10-18;1991-10-18;RER004;RER004;---;0651;;;N;N;N;;;;;FX;GNS;LLS;;;;;6.00;0.00;0.00;2.54;0.00;9.00;0.00;;1964-05-05;4;;;PA;
DEU;DEU000220300;;RET;2021-02-15;2021-02-15;HUS1;HUS1;JOHANNA;DEHUS;Husum;DFLJ;Y;N;N;N;;N;;TU;TBB;NK;;;;;11.79;10.25;10.00;0.00;0.00;91.00;0.00;1;1976-04-26;MFL;;;PA;1946-01-01
DEU;DEU000220400;;EXP;2013-04-24;2013-04-24;NC110;NC110;ODRA;0301;;DFIR;Y;Y;Y;;;;;FX;OTB;OTM;;;;;85.85;76.18;2968.00;0.00;0.00;4500.00;1040.00;2;1994-10-07;MFL;DNK;EX;PA;1994-01-01
DEU;DEU000220500;;RET;2004-09-11;2004-09-11;HF511;HF511;LUISE;0501;;DHMH;Y;N;N;;;;;FX;TBB;NK;;;;;16.22;14.60;29.00;23.96;0.00;79.00;0.00;2;1951-02-12;MFL;;;PA;1950-01-01
DEU;DEU000220601;;EXP;1990-12-04;1990-12-04;ROS306;ROS306;F.C.WEISKOPF;0601;;Y4BG;Y;N;N;;;;;FX;OTB;OTM;;;;;85.78;81.50;0.00;2401.21;0.00;1692.00;0.00;;1963-01-22;1;;;PA;
DEU;DEU000220602;;RET;2015-03-06;2015-03-06;SAS73;SAS73;VEREINIGUNG;0602;;Y4LC;Y;N;Y;;;;;FX;OTB;PTB;;;;;17.60;15.68;35.00;32.81;0.00;145.00;9.00;1;1948-04-01;MFL;;;PA;1948-01-01
DEU;DEU000220603;;RET;1991-02-01;1991-02-01;WAR60;WAR60;HANNO GUENTER;0603;;Y40D;Y;N;N;;;;;FX;OTB;PTB;;;;;17.60;0.00;0.00;31.09;0.00;110.00;0.00;;1949-06-18;4;;;PA;
DEU;DEU000220605;;RET;1993-07-05;1993-07-05;STR301;STR301;STRALSUND;0605;;Y4NG;Y;N;N;;;;;FX;OTB;PTB;;;;;23.97;21.85;95.00;99.57;0.00;214.00;77.00;;1967-01-21;4;;;PA;
DEU;DEU000220606;;RET;1990-11-01;1990-11-01;KAR43;KAR43;FREIHEIT;0606;;Y4KU;Y;N;N;;;;;FX;PTB;OTB;;;;;18.43;0.00;0.00;39.78;0.00;110.00;6.00;;1956-02-13;4;;;PA;
DEU;DEU000220607;;RET;1994-09-10;1994-09-10;SEE03;SEE03;---;0607;;;N;N;N;;;;;FX;GNS;LLS;;;;;6.07;0.00;0.00;2.82;0.00;18.00;0.00;;1992-01-01;4;;;PA;
DEU;DEU000220608;;RET;1996-07-01;1996-07-01;BIN3;BIN3;---;0629;;;N;N;N;;;;;FX;GNS;LLS;;;;;8.68;0.00;0.00;5.14;0.00;26.00;0.00;;1989-01-17;C19;;;PA;
DEU;DEU000220609;;RET;2016-07-15;2016-07-15;AWA44;AWA44;---;0609;;;N;N;N;;;;;FX;GNS;FPO;;;;;8.10;7.80;2.00;0.00;0.00;6.00;0.00;1;1984-03-04;MFL;;;PA;1984-01-01
DEU;DEU000220610;;RET;2003-05-28;2003-05-28;BAR2A;BAR2A;---;0610;;;N;N;N;;;;;FX;GNS;NK;;;;;5.00;0.00;1.00;1.76;0.00;11.00;0.00;1;1943-01-01;MFL;;;PA;1943-01-01
DEU;DEU000220612;;RET;2006-05-29;2006-05-29;ZEW16N;ZEW16N;---;0606;;;N;N;N;;;;;FX;GNS;LLS;;;;;8.30;7.80;4.00;0.00;0.00;37.00;0.00;1;1979-04-25;MFL;;;PA;1960-01-01
DEU;DEU000220613;;RET;1992-04-01;1992-04-01;GLO001;GLO001;---;0613;;;N;N;N;;;;;FX;GNS;LLS;;;;;8.30;0.00;0.00;4.87;0.00;15.00;0.00;;1953-04-20;C19;;;PA;
DEU;DEU000220614;;RET;2011-12-29;2011-12-29;HEIL8;HEIL8;PEENE;0207;;Y4VF;Y;N;N;;;;;FX;GNS;OTM;;;;;12.68;11.70;18.00;17.07;0.00;147.00;0.00;1;1957-05-17;MFL;;;PA;1957-01-01
DEU;DEU000220615;;MOD;2020-10-12;2100-12-31;GZI01;GZI01;Eisvogel;0615;;;N;Y;N;N;;N;;GO;GNS;LLS;;;;;9.53;8.67;8.00;0.00;0.00;37.00;0.00;2;1981-06-15;MFL;;;;1981-01-01
DEU;DEU000220616;;RET;2020-08-26;2020-08-26;LAS12;LAS12;---;0616;;;N;N;N;N;;N;;GO;GNS;LLS;;;;;7.80;0.00;1.00;0.00;0.00;6.00;0.00;2;1935-05-18;MFL;;;PA;1935-01-01
DEU;DEU000220617;;RET;1992-11-17;1992-11-17;VIT016;VIT016;---;0617;;;N;N;N;;;;;FX;GNS;NO;;;;;4.60;0.00;0.00;1.50;0.00;0.00;0.00;;1976-07-11;C19;;;PA;
DEU;DEU000220618;;RET;1993-10-19;1993-10-19;AHL019;AHL019;---;0618;;;N;N;N;;;;;FX;GNS;LLS;;;;;6.50;0.00;0.00;2.98;0.00;5.00;0.00;;1971-05-05;C19;;;PA;
DEU;DEU000220619;;RET;2013-01-30;2013-01-30;BAN06N;BAN06N;---;0619;;;N;N;N;;;;;FX;GNS;LLS;;;;;4.20;0.00;1.00;1.24;0.00;5.00;0.00;1;1992-01-01;MFL;;;PA;1991-01-01
DEU;DEU000220624;;RET;2007-10-23;2007-10-23;ZEM3Z;ZEM3Z;---;0624;;;N;N;N;;;;;FX;GNS;LLS;;;;;4.25;0.00;1.00;0.00;0.00;3.00;0.00;3;2000-06-07;MFL;;;PA;2000-01-01
DEU;DEU000220627;;RET;1996-01-16;1996-01-16;LOB02A;LOB02A;---;0627;;;N;N;N;;;;;FX;GNS;NO;;;;;5.24;0.00;1.00;1.94;0.00;0.00;0.00;;1991-11-26;C19;;;PA;
DEU;DEU000220631;;RET;2000-12-06;2000-12-06;AWA27;AWA27;---;0631;;;N;N;N;;;;;FX;GNS;NO;;;;;5.00;0.00;1.00;1.77;0.00;0.00;0.00;;1968-09-14;4C1;;;PA;
DEU;DEU000220632;;MOD;2021-01-01;2100-12-31;MOEN15;MOEN15;---;DEMKB;Moenkebude;;N;Y;N;N;;N;;GO;GNS;FPO;;;;;5.06;0.00;1.00;0.00;0.00;24.00;0.00;3;2020-07-01;MFL;;;;2020-01-01
DEU;DEU000220637;;DES;1992-04-01;1992-04-01;NEU011B;NEU011B;---;0637;;;N;N;N;;;;;FX;GNS;NO;;;;;3.50;0.00;0.00;0.87;0.00;0.00;0.00;;1948-04-17;C19;;;PA;
DEU;DEU000220639;;MOD;2010-02-23;2100-12-31;UMM28N;UMM28N;---;0639;;;N;Y;N;;;;;FX;GNS;FPO;;;;;4.25;0.00;1.00;1.27;0.00;3.00;0.00;3;1994-07-01;MFL;;;;1988-01-01
DEU;DEU000220641;;RET;2007-03-01;2007-03-01;DRA17;DRA17;---;0641;;;N;N;N;;;;;FX;GNS;LLS;;;;;6.03;0.00;1.00;0.00;0.00;7.00;0.00;3;2006-05-18;MFL;;;PA;2001-01-01
DEU;DEU000220645;;RET;1995-06-22;1995-06-22;AHR002;AHR002;---;0645;;;N;N;N;;;;;FX;GNS;LLS;;;;;5.20;0.00;0.00;1.91;0.00;5.00;0.00;;1948-04-16;C19;;;PA;
DEU;DEU000220648;;RET;2020-03-01;2020-03-01;PRU8;PRU8;---;0661;;;N;N;N;N;;N;;GO;GNS;FPO;;;;;5.20;0.00;1.00;0.00;0.00;14.00;0.00;3;1992-01-01;MFL;;;PA;1973-01-01
DEU;DEU000220649;;MOD;2022-01-01;2100-12-31;PRE2;PRE2;---;DEPRW;Prerow;;N;Y;N;N;;N;;GO;GNS;LLS;;;;;4.90;0.00;1.00;0.00;0.00;15.00;0.00;3;2007-05-14;MFL;;;;2007-01-01
DEU;DEU000220650;;MOD;2024-01-01;2100-12-31;ZID19;ZID19;---;DEZIS;Zingst;;N;Y;N;N;Y;N;;GO;GNS;LLS;;;;;5.70;0.00;1.00;0.00;0.00;15.00;0.00;3;1995-12-13;MFL;;;;1995-01-01
DEU;DEU000230402;;RET;2014-07-21;2014-07-21;BX786;BX786;ATLANTIC PEACE;0402;;DEOT;Y;N;Y;;;;;FX;OTB;OTM;;;;;57.00;49.82;1597.00;0.00;0.00;2427.00;325.00;2;1987-12-08;MFL;;;PA;1987-01-01
DEU;DEU000230500;;RET;1994-12-02;1994-12-02;HF410;HF410;KARIN;0501;;DIIC;Y;N;N;;;;;FX;OTB;PTB;;;;;24.10;21.69;0.00;68.65;0.00;221.00;0.00;;1955-01-05;G11;;;AC;
DEU;DEU000230601;;EXP;1990-12-04;1990-12-04;ROS311;ROS311;RUDOLF LEONHARD;0601;;Y4BN;Y;N;N;;;;;FX;OTB;OTM;;;;;85.24;81.55;0.00;2359.49;0.00;1692.00;0.00;;1965-03-23;1;;;PA;
DEU;DEU000230602;;DES;1991-04-09;1991-04-09;SAS60;SAS60;SOPHIE SCHOLL;0602;;Y4LL;Y;N;N;;;;;FX;OTB;PTB;;;;;17.80;0.00;0.00;38.41;0.00;103.00;0.00;;1950-01-07;4;;;PA;
DEU;DEU000230603;;RET;1991-05-21;1991-05-21;WAR61;WAR61;DRESDEN;0603;;Y40E;Y;N;N;;;;;FX;OTB;PTB;;;;;17.60;0.00;0.00;31.09;0.00;147.00;0.00;;1949-06-20;4;;;PA;
DEU;DEU000230605;;RET;1992-06-24;1992-06-24;STR302;STR302;BINZ;0605;;Y4NH;Y;N;N;;;;;FX;OTB;PTB;;;;;24.54;22.87;0.00;99.00;0.00;309.00;51.00;;1967-01-21;G16;;;PA;
DEU;DEU000230607;;MOD;2018-12-18;2100-12-31;LAU24N;LAU24N;---;DELAK;"Lauterbach"", Rügen";;N;Y;N;N;;N;;GO;GNS;NO;;;;;4.80;0.00;1.00;0.00;0.00;13.00;0.00;3;1980-03-12;MFL;;;;1980-01-01
DEU;DEU000230608;;DES;2022-11-30;2022-11-30;WIE59;WIE59;---;DEGRD;Greifswald;;N;N;N;N;;N;;GO;GNS;LLS;;;;;8.08;0.00;2.00;0.00;0.00;15.00;0.00;2;1987-06-18;MFL;;;AC;1987-01-01
DEU;DEU000230609;;RET;1992-04-07;1992-04-07;UEK23;UEK23;---;0609;;;N;N;N;;;;;FX;GNS;NK;;;;;7.00;0.00;0.00;3.46;0.00;4.00;0.00;;1955-08-11;C19;;;PA;
DEU;DEU000230610;;RET;2013-02-15;2013-02-15;BAR9N;BAR9N;---;0610;;;N;N;N;;;;;FX;GNS;LLS;;;;;6.10;0.00;1.00;2.63;0.00;11.00;0.00;1;1987-01-01;MFL;;;PA;1987-01-01
DEU;DEU000230612;;DES;2022-03-16;2022-03-16;THI43;THI43;---;DETS2;Thiessow;;N;N;N;N;;N;;GO;GNS;LLS;;;;;7.91;7.05;4.00;0.00;0.00;0.00;0.00;2;1984-03-24;MFL;;;AC;1984-01-01
DEU;DEU000230613;;RET;2010-07-01;2010-07-01;VIT33;VIT33;---;0617;;;N;N;N;;;;;FX;GNS;LLS;;;;;10.14;9.65;12.00;16.11;0.00;107.00;0.00;2;1985-05-12;MFL;;;PA;1985-01-01
DEU;DEU000230614;;RET;2008-01-16;2008-01-16;HOL1N;HOL1N;---;0614;;;N;N;N;;;;;FX;GNS;NK;;;;;4.30;0.00;1.00;1.30;0.00;6.00;0.00;3;1985-06-11;MFL;;;PA;1985-01-01
DEU;DEU000230615;;RET;2000-07-11;2000-07-11;GZI07;GZI07;OSSI;0612;;;N;N;N;;;;;FX;GNS;LLS;;;;;9.50;8.90;7.00;8.97;0.00;37.00;0.00;;1979-11-05;4C1;;;PA;
DEU;DEU000230616;;RET;1994-01-25;1994-01-25;WAT22;WAT22;---;0616;;;N;N;N;;;;;FX;GNS;NK;;;;;7.50;0.00;0.00;4.00;0.00;6.00;0.00;;1967-02-02;C19;;;PA;
DEU;DEU000230617;;MOD;2008-01-01;2100-12-31;VIT017;VIT017;---;0617;;;N;Y;N;;;;;FX;FPO;NO;;;;;5.00;0.00;1.00;1.77;0.00;5.00;0.00;1;1962-07-16;MFL;;;;1962-01-01
DEU;DEU000230618;;RET;1991-10-01;1991-10-01;AHL022;AHL022;---;0618;;;N;N;N;;;;;FX;GNS;LLS;;;;;7.00;0.00;0.00;3.46;0.00;17.00;0.00;;1984-03-25;4;;;PA;
DEU;DEU000230619;;RET;2011-06-14;2011-06-14;BAN7;BAN7;---;0619;;;N;N;N;;;;;FX;GNS;LLS;;;;;9.22;8.96;5.00;9.55;0.00;52.00;0.00;1;1995-06-26;MFL;;;PA;1995-01-01
DEU;DEU000230624;;MOD;2010-01-07;2100-12-31;ZEM28;ZEM28;---;0624;;;N;Y;N;;;;;FX;GNS;LLS;;;;;5.55;0.00;1.00;0.00;0.00;30.00;0.00;3;2001-02-26;MFL;;;;2000-01-01
DEU;DEU000230627;;RET;2005-11-03;2005-11-03;BAA10;BAA10;---;0627;;;N;N;N;;;;;FX;GNS;LLS;;;;;5.10;0.00;1.00;0.00;0.00;4.00;0.00;1;1960-08-03;MFL;;;PA;1960-01-01
DEU;DEU000230631;;RET;2000-10-02;2000-10-02;AWA29N;AWA29N;---;0631;;;N;N;N;;;;;FX;GNS;NK;;;;;8.70;7.50;3.00;5.23;0.00;18.00;0.00;;1973-06-24;4C1;;;PA;
DEU;DEU000230637;;RET;1992-11-24;1992-11-24;NEU012;NEU012;---;0637;;;N;N;N;;;;;FX;GNS;NO;;;;;4.50;0.00;0.00;1.43;0.00;0.00;0.00;;1951-04-15;C19;;;PA;
DEU;DEU000230639;;RET;2007-03-26;2007-03-26;UMM29;UMM29;---;0639;;;N;N;N;;;;;FX;GNS;NK;;;;;5.00;0.00;1.00;1.80;0.00;3.00;0.00;1;1994-07-01;MFL;;;PA;1988-01-01
DEU;DEU000230641;;RET;2013-12-16;2013-12-16;DRA20N;DRA20N;---;0641;;;N;N;N;;;;;FX;FPO;GNS;;;;;3.80;0.00;1.00;0.00;0.00;0.00;0.00;3;2006-09-21;MFL;;;PA;2005-01-01
DEU;DEU000230645;;RET;2001-08-13;2001-08-13;AHR003;AHR003;---;0645;;;N;N;N;;;;;FX;GNS;LLS;;;;;5.50;0.00;1.00;2.14;0.00;4.00;0.00;;1960-05-17;4C1;;;PA;
DEU;DEU000230648;;RET;2020-05-31;2020-05-31;BOR12;BOR12;---;0648;;;N;N;N;N;;N;;GO;GNS;LLS;;;;;4.88;0.00;1.00;0.00;0.00;13.00;0.00;3;1992-09-10;MFL;;;PA;1992-01-01
DEU;DEU000230649;;MOD;2023-12-19;2100-12-31;UMM60;UMM60;---;DEUMZ;Ummanz;;N;Y;N;N;Y;N;;GO;GNS;FPO;;;;;6.20;0.00;1.00;0.00;0.00;66.00;0.00;3;2009-11-12;MFL;;;;1996-01-01
DEU;DEU000230650;;RET;2001-08-13;2001-08-13;ZID20;ZID20;---;0650;;;N;N;N;;;;;FX;GNS;LLS;;;;;4.40;0.00;1.00;1.36;0.00;8.00;0.00;;1996-09-24;4C1;;;PA;
DEU;DEU000230651;;RET;2000-08-28;2000-08-28;RER005N;RER005N;---;0651;;;N;N;N;;;;;FX;GNS;LLS;;;;;6.80;0.00;1.00;3.27;0.00;6.00;0.00;;1950-06-07;4C1;;;PA;
DEU;DEU000240300;;RET;1995-01-23;1995-01-23;CUX9;CUX9;NORDLICHT;DECUX;Cuxhaven;;N;N;N;;;;;TUB;TBB;OTB;;;;;13.18;12.28;0.00;15.15;0.00;138.00;0.00;1;1976-03-01;C11;;;PA;1958-01-01
DEU;DEU000240601;;EXP;1990-12-04;1990-12-04;ROS331;ROS331;LUDWIG TUREK;0601;;Y4CA;Y;N;N;;;;;FX;OTM;OTB;;;;;101.84;95.16;0.00;3171.02;0.00;2856.00;0.00;;1977-01-10;2;;;PA;
DEU;DEU000240602;;RET;1998-01-02;1998-01-02;SAS61;SAS61;PRENZLAU;0602;;Y4LM;Y;N;N;;;;;FX;OTB;PTB;;;;;17.80;15.94;42.00;38.41;0.00;103.00;0.00;;1950-04-04;4C3;;;AC;
DEU;DEU000240603;;RET;1991-02-01;1991-02-01;WAR65;WAR65;RUEGENLAND;0603;;Y40L;Y;N;N;;;;;FX;OTB;PTB;;;;;17.02;0.00;0.00;32.38;0.00;110.00;0.00;;1950-09-30;4;;;PA;
DEU;DEU000240605;;RET;1993-07-05;1993-07-05;STR303;STR303;WARNEMUENDE;0605;;Y4NI;Y;N;N;;;;;FX;OTB;PTB;;;;;23.93;21.85;95.00;99.57;0.00;214.00;77.00;;1967-01-09;4;;;PA;
DEU;DEU000240606;;RET;2024-08-08;2024-08-08;KAR1;KAR1;FALKE;DEKAJ;Karlshagen;Y4UF;Y;N;N;N;N;N;;GO;GNS;LLS;;;;;10.10;9.63;8.00;0.00;0.00;70.00;0.00;3;1984-03-17;MFL;;;PA;1984-01-01
DEU;DEU000240607;;RET;2014-09-22;2014-09-22;LAU05A;LAU05A;---;0607;;;N;N;N;;;;;FX;GNS;LLS;;;;;5.00;0.00;1.00;1.85;0.00;11.00;0.00;1;1981-01-10;MFL;;;PA;1981-01-01
DEU;DEU000240608;;RET;2005-07-07;2005-07-07;WIE9;WIE9;---;0608;;;N;N;N;;;;;FX;GNS;LLS;;;;;7.00;0.00;1.00;3.46;0.00;6.00;0.00;1;1973-10-19;MFL;;;PA;1973-01-01
DEU;DEU000240609;;RET;1994-02-01;1994-02-01;UEK39;UEK39;---;0609;;;N;N;N;;;;;FX;GNS;NK;;;;;11.60;0.00;0.00;9.51;0.00;44.00;0.00;;1941-03-05;C19;;;PA;
DEU;DEU000240610;;RET;2001-04-07;2001-04-07;BAR4B;BAR4B;---;0610;;;N;N;N;;;;;FX;GNS;LLS;;;;;6.00;0.00;1.00;2.54;0.00;11.00;0.00;;1948-01-01;4C1;;;PA;
DEU;DEU000240612;;DES;2022-03-14;2022-03-14;THI44;THI44;---;DETS2;Thiessow;;N;N;N;N;;N;;GO;GNS;LLS;;;;;10.50;9.27;9.00;0.00;0.00;50.00;0.00;2;1984-03-02;MFL;;;AC;1984-01-01
DEU;DEU000240613;;RET;2000-04-10;2000-04-10;GLO003;GLO003;---;0613;;;N;N;N;;;;;FX;GNS;LLS;;;;;7.92;0.00;4.00;5.58;0.00;15.00;0.00;;1969-02-12;4C1;;;PA;
DEU;DEU000240614;;RET;1993-01-11;1993-01-11;HOL2;HOL2;---;0614;;;N;N;N;;;;;FX;GNS;NK;;;;;5.60;0.00;0.00;2.21;0.00;6.00;0.00;;1965-04-08;C19;;;PA;
DEU;DEU000240615;;DES;2000-12-27;2000-12-27;GZI18;GZI18;---;0615;;;N;N;N;;;;;FX;GNS;LLS;;;;;9.65;9.06;7.00;14.29;0.00;49.00;0.00;1;1981-06-17;4C1;;;AC;1981-01-01
DEU;DEU000240616;;RET;2011-10-11;2011-10-11;FRE29;FRE29;---;0614;;;N;N;N;;;;;FX;GNS;FPO;;;;;8.70;7.45;3.00;2.67;0.00;22.00;0.00;2;1986-03-15;MFL;;;PA;1986-01-01
DEU;DEU000240617;;RET;2006-09-20;2006-09-20;VIT18;VIT18;---;0617;;;N;N;N;;;;;FX;GNS;LLS;;;;;5.00;0.00;1.00;0.00;0.00;6.00;0.00;1;1974-04-14;MFL;;;PA;1974-01-01
DEU;DEU000240618;;RET;1999-02-02;1999-02-02;AHL25;AHL25;---;0618;;;N;N;N;;;;;FX;GNS;LLS;;;;;5.00;0.00;1.00;1.77;0.00;5.00;0.00;;1976-10-13;4C1;;;PA;
DEU;DEU000240619;;RET;2024-08-01;2024-08-01;BAN24;BAN24;---;DEBA4;Bansin;;N;N;N;N;N;N;;GO;GNS;LLS;;;;;6.95;6.83;2.00;0.00;0.00;20.00;0.00;1;1995-12-01;MFL;;;PA;1995-01-01
DEU;DEU000240624;;MOD;2007-07-16;2100-12-31;FRE19;FRE19;MINDY;0614;;;N;Y;N;;;;;FX;GNS;LLS;;;;;8.65;0.00;6.00;0.00;0.00;68.00;0.00;3;2001-11-14;MFL;;;;1983-01-01
DEU;DEU000240627;;RET;2006-01-30;2006-01-30;GOEH2;GOEH2;---;0628;;;N;N;N;;;;;FX;GNS;LLS;;;;;5.20;0.00;1.00;0.00;0.00;6.00;0.00;1;1974-04-18;MFL;;;PA;1974-01-01
DEU;DEU000240631;;RET;2004-07-05;2004-07-05;AWA30;AWA30;---;0631;;;N;N;N;;;;;FX;GNS;NK;;;;;8.50;7.60;3.00;5.11;0.00;22.00;0.00;1;1963-07-02;MFL;;;PA;1963-01-01
DEU;DEU000240637;;RET;1993-07-01;1993-07-01;NEU013;NEU013;---;0637;;;N;N;N;;;;;FX;GNS;NO;;;;;6.30;0.00;0.00;2.80;0.00;3.00;0.00;;1964-07-11;C19;;;PA;
DEU;DEU000240639;;RET;2005-05-10;2005-05-10;NEU37N;NEU37N;---;0637;;;N;N;N;;;;;FX;GNS;LLS;;;;;6.20;0.00;1.00;2.71;0.00;15.00;0.00;3;1978-01-25;MFL;;;PA;1963-01-01
DEU;DEU000240641;;CHA;2022-11-02;2100-12-31;SAS87N;SAS87N;---;DESAS;Sassnitz;;N;Y;N;N;Y;N;;GO;GNS;LLS;;;;;4.70;0.00;1.00;0.00;0.00;15.00;0.00;3;2007-06-08;MFL;;;PA;2007-01-01
DEU;DEU000240645;;RET;1994-05-05;1994-05-05;RIB10;RIB10;---;0645;;;N;N;N;;;;;FX;GNS;NK;;;;;5.80;0.00;0.00;2.38;0.00;4.00;0.00;;1965-11-17;C19;;;PA;
DEU;DEU000240648;;MOD;2008-05-22;2100-12-31;BOR13;BOR13;---;0648;;;N;Y;N;;;;;FX;GNS;FPO;;;;;4.88;0.00;1.00;0.00;0.00;11.00;0.00;3;1992-09-10;MFL;;;PA;1992-01-01
DEU;DEU000240650;;RET;2020-04-30;2020-04-30;ZID21;ZID21;---;0650;;;N;N;N;N;;N;;GO;GNS;LLS;;;;;4.40;0.00;1.00;0.00;0.00;5.00;0.00;3;1999-08-06;MFL;;;PA;1999-01-01
DEU;DEU000240651;;RET;1993-05-01;1993-05-01;RER009;RER009;---;0651;;;N;N;N;;;;;FX;GNS;LLS;;;;;9.30;0.00;0.00;6.11;0.00;15.00;0.00;;1958-11-07;C19;;;PA;
DEU;DEU000250300;;RET;1992-08-17;1992-08-17;BRA1;BRA1;FREIHEIT;0316;;;N;N;N;;;;;FX;GNS;NO;;;;;14.08;12.24;0.00;12.33;0.00;53.00;0.00;;1971-11-26;C19;;;PA;
DEU;DEU000250500;;RET;1994-12-05;1994-12-05;HF538;HF538;GERMANIA;0501;;DARS;Y;N;N;;;;;FX;OTB;PTB;;;;;26.47;23.82;0.00;101.69;0.00;441.00;0.00;;1960-08-24;G20;;;AC;
DEU;DEU000250601;;RET;1990-12-04;1990-12-04;ROS333;ROS333;EHRN WELK;0601;;Y4CC;Y;N;N;;;;;FX;OTM;OTB;;;;;101.88;95.20;0.00;3169.19;0.00;2856.00;0.00;;1977-12-07;2;;;PA;
DEU;DEU000250602;;RET;2006-06-01;2006-06-01;SAS62;SAS62;LOECKNITZ;0602;;Y4LO;Y;N;N;;;;;FX;OTB;PTB;;;;;17.80;15.94;42.00;0.00;0.00;103.00;0.00;1;1950-06-17;MFL;;;PA;1950-01-01
DEU;DEU000250603;;EXP;1995-08-01;1995-08-01;WAR66;WAR66;ANGERMUENDE;0603;;Y4OR;Y;N;N;;;;;FX;OTB;PTB;;;;;17.80;15.94;41.00;38.41;0.00;147.00;0.00;;1950-12-01;G16;NLD;EX;PA;
DEU;DEU000250605;;RET;1990-11-01;1990-11-01;STR304;STR304;KARLSHAGEN;0605;;Y4NJ;Y;N;N;;;;;FX;OTB;PTB;;;;;24.19;22.55;0.00;99.00;0.00;309.00;50.00;;1967-01-09;4;;;PA;
DEU;DEU000250606;;MOD;2019-09-12;2100-12-31;GRI5;GRI5;CONDOR;0664;;DH3690;Y;Y;N;N;;N;;GO;GNS;LLS;;;;;10.10;9.63;7.00;0.00;0.00;70.00;0.00;3;1984-03-05;MFL;;;;1983-01-01
DEU;DEU000250607;;RET;1994-11-10;1994-11-10;LAU20;LAU20;---;0607;;;N;N;N;;;;;FX;GNS;NO;;;;;4.00;0.00;0.00;1.50;0.00;0.00;0.00;;1981-10-10;C19;;;PA;
DEU;DEU000250608;;RET;2007-06-01;2007-06-01;WIE1;WIE1;---;0608;;;N;N;N;;;;;FX;FPO;LLS;;;;;7.00;0.00;1.00;3.46;0.00;6.00;0.00;1;1965-07-11;MFL;;;PA;1965-01-01
DEU;DEU000250609;;DES;2000-04-11;2000-04-11;UEK40;UEK40;---;0609;;;N;N;N;;;;;FX;GNS;LLS;;;;;7.50;7.00;2.00;4.52;0.00;6.00;0.00;;1949-04-03;4C1;;;PA;
DEU;DEU000250610;;RET;1998-06-08;1998-06-08;BAR5;BAR5;---;0610;;;N;N;N;;;;;FX;GNS;NK;;;;;6.42;6.08;1.00;1.90;0.00;4.00;0.00;;1953-01-01;4C1;;;PA;
DEU;DEU000250612;;RET;2003-12-11;2003-12-11;THI45;THI45;---;0612;;;N;N;N;;;;;FX;GNS;LLS;;;;;7.00;0.00;3.00;3.46;0.00;30.00;0.00;2;1984-06-20;MFL;;;PA;1984-01-01
DEU;DEU000250613;;DES;1991-08-12;1991-08-12;GLO004;GLO004;---;0613;;;N;N;N;;;;;FX;GNS;LLS;;;;;8.50;0.00;0.00;5.11;0.00;15.00;0.00;;1974-03-12;4;;;PA;
DEU;DEU000250614;;RET;1993-01-11;1993-01-11;HOL3;HOL3;---;0614;;;N;N;N;;;;;FX;GNS;NK;;;;;5.60;0.00;0.00;2.21;0.00;0.00;0.00;;1959-06-07;C19;;;PA;
DEU;DEU000250615;;RET;1993-04-15;1993-04-15;KHA02;KHA02;---;0615;;;N;N;N;;;;;FX;GNS;GNS;;;;;4.00;0.00;0.00;1.13;0.00;6.00;0.00;;1948-04-25;4;;;PA;
DEU;DEU000250616;;RET;2005-12-08;2005-12-08;ANF5;ANF5;---;0616;;;N;N;N;;;;;FX;GNS;LLS;;;;;8.34;7.32;2.00;0.00;0.00;6.00;0.00;2;1950-03-05;MFL;;;PA;1950-01-01
DEU;DEU000250617;;RET;2000-08-22;2000-08-22;VIT019;VIT019;---;0617;;;N;N;N;;;;;FX;GNS;NO;;;;;7.20;0.00;3.00;3.66;0.00;37.00;0.00;;1969-08-27;4C1;;;PA;
DEU;DEU000250619;;RET;2007-11-06;2007-11-06;BAN25;BAN25;---;0619;;;N;N;N;;;;;FX;GNS;LLS;;;;;4.50;0.00;1.00;1.40;0.00;0.00;0.00;3;1995-12-14;MFL;;;PA;1994-01-01
DEU;DEU000250624;;RET;2013-06-27;2013-06-27;ZEM11N;ZEM11N;---;0624;;;N;N;N;;;;;FX;GNS;LLS;;;;;7.05;0.00;1.00;0.00;0.00;11.00;0.00;3;2002-02-05;MFL;;;PA;1991-01-01
DEU;DEU000250627;;RET;2017-01-31;2017-01-31;GZI29N;GZI29N;---;0615;;;N;N;N;;;;;FX;GNS;LLS;;;;;4.24;0.00;1.00;0.00;0.00;4.00;0.00;1;1985-02-16;MFL;;;PA;1985-01-01
DEU;DEU000250631;;RET;2001-04-27;2001-04-27;AWA33;AWA33;---;0631;;;N;N;N;;;;;FX;GNS;NK;;;;;8.60;7.50;3.00;5.23;0.00;9.00;0.00;;1983-09-27;4C1;;;PA;
DEU;DEU000250637;;RET;1992-11-24;1992-11-24;NEU013A;NEU013A;---;0637;;;N;N;N;;;;;FX;GNS;NO;;;;;4.70;0.00;0.00;1.56;0.00;3.00;0.00;;1974-06-17;C19;;;PA;
DEU;DEU000250639;;RET;2006-09-13;2006-09-13;UMM22N;UMM22N;---;0639;;;N;N;N;;;;;FX;GNS;FPO;;;;;5.00;0.00;1.00;0.00;0.00;0.00;0.00;3;1991-01-07;MFL;;;PA;1982-01-01
DEU;DEU000250641;;CHA;2019-03-01;2100-12-31;DRA5;DRA5;---;0641;;;N;Y;N;N;;N;;GO;GNS;FPO;;;;;4.10;0.00;1.00;0.00;0.00;8.00;0.00;3;2009-02-11;MFL;;;PA;1983-01-01
DEU;DEU000250645;;RET;1997-03-25;1997-03-25;RIB11;RIB11;---;0645;;;N;N;N;;;;;FX;GNS;NK;;;;;7.18;6.43;1.00;1.63;0.00;5.00;0.00;;1950-10-15;4C1;;;PA;
DEU;DEU000250648;;RET;1992-05-01;1992-05-01;BOR4;BOR4;---;0648;;;N;N;N;;;;;FX;GNS;LLS;;;;;4.88;0.00;0.00;1.68;0.00;7.00;0.00;;1992-02-06;4;;;PA;
DEU;DEU000250650;;MOD;2024-01-01;2100-12-31;ZID23;ZID23;---;DEZIS;Zingst;;N;Y;N;N;Y;N;;GO;GNS;LLS;;;;;5.70;0.00;1.00;0.00;0.00;13.00;0.00;3;2000-09-12;MFL;;;;1999-01-01
DEU;DEU000250651;;RET;2007-11-06;2007-11-06;RER017N;RER017N;---;0651;;;N;N;N;;;;;FX;GNS;LLS;;;;;7.40;6.80;2.00;3.87;0.00;9.00;0.00;1;1975-04-12;MFL;;;PA;1975-01-01
DEU;DEU000260300;;RET;1992-12-31;1992-12-31;BRA2;BRA2;FRIEDEN;0316;;DJSU;Y;N;N;;;;;FX;GNS;NO;;;;;16.70;15.23;0.00;26.47;0.00;162.00;0.00;;1987-08-03;4;;;PA;
DEU;DEU000260601;;RET;1990-12-01;1990-12-01;ROS408;ROS408;HERBERT BAUM;0601;;;N;N;N;;;;;FX;OTB;OTM;;;;;63.19;59.01;0.00;998.05;0.00;1104.00;205.00;;1966-08-11;1;;;PA;
DEU;DEU000260602;;RET;2005-04-06;2005-04-06;SAS63;SAS63;FISCHLAND;0602;;Y4LN;Y;N;N;;;;;FX;OTB;PTB;;;;;17.80;15.94;41.00;38.41;0.00;103.00;9.00;1;1950-07-14;MFL;;;PA;1950-01-01
DEU;DEU000260603;;RET;1991-05-21;1991-05-21;WAR67;WAR67;DEMMIN;0603;;Y40N;Y;N;N;;;;;FX;OTB;PTB;;;;;17.60;0.00;0.00;38.41;0.00;147.00;0.00;;1950-06-15;4;;;PA;
DEU;DEU000260605;;RET;1990-11-01;1990-11-01;STR171;STR171;RUDOLF VIRCHOW;0605;;Y4NL;Y;N;N;;;;;FX;OTB;PTB;;;;;24.00;22.00;0.00;72.00;0.00;147.00;5.00;;1953-05-04;4;;;PA;
DEU;DEU000260606;;RET;2009-12-07;2009-12-07;KAR2A;KAR2A;---;0606;;;N;N;N;;;;;FX;GNS;LLS;;;;;4.26;0.00;1.00;1.28;0.00;0.00;0.00;3;1983-06-26;MFL;;;PA;1983-01-01
DEU;DEU000260607;;RET;1997-04-15;1997-04-15;NKA04;NKA04;---;0607;;;N;N;N;;;;;FX;GNS;NO;;;;;4.50;0.00;1.00;1.80;0.00;4.00;0.00;;1994-01-01;4C1;;;PA;
DEU;DEU000260608;;RET;1996-03-05;1996-03-05;WIE5;WIE5;---;0608;;;N;N;N;;;;;FX;GNS;LLS;;;;;6.90;0.00;0.00;3.36;0.00;9.00;0.00;;1972-07-06;C19;;;PA;
DEU;DEU000260609;;RET;2015-10-22;2015-10-22;UEK41;UEK41;---;0609;;;N;N;N;;;;;FX;GNS;NK;;;;;8.16;7.66;2.00;4.76;0.00;9.00;0.00;1;1990-01-14;MFL;;;PA;1989-01-01
DEU;DEU000260610;;RET;2001-08-21;2001-08-21;BAR5A;BAR5A;---;0610;;;N;N;N;;;;;FX;GNS;NK;;;;;5.50;0.00;1.00;2.13;0.00;11.00;0.00;;1970-01-01;4C1;;;PA;
DEU;DEU000260612;;MOD;2020-10-07;2100-12-31;THI47;THI47;---;0612;;;N;Y;N;N;;N;;GO;GNS;LLS;;;;;10.55;9.14;9.00;0.00;0.00;38.00;0.00;2;1988-07-25;MFL;;;;1988-01-01
DEU;DEU000260613;;RET;1998-08-14;1998-08-14;GLO005;GLO005;---;0613;;;N;N;N;;;;;FX;GNS;LLS;;;;;7.91;0.00;4.00;6.58;0.00;15.00;0.00;;1983-01-01;4C1;;;PA;
DEU;DEU000260614;;RET;1993-02-01;1993-02-01;KROE2;KROE2;---;0614;;;N;N;N;;;;;FX;GNS;NK;;;;;4.70;0.00;0.00;1.56;0.00;0.00;0.00;;1955-08-17;C19;;;PA;
DEU;DEU000260615;;RET;2009-03-03;2009-03-03;KHA3;KHA3;---;0615;;;N;N;N;;;;;FX;GNS;GNS;;;;;8.61;7.71;4.00;7.12;0.00;18.00;0.00;1;1981-04-15;MFL;;;PA;1981-01-01
DEU;DEU000260616;;DES;1999-03-30;1999-03-30;ANF5B;ANF5B;---;0616;;;N;N;N;;;;;FX;GNS;NK;;;;;7.80;0.00;2.00;3.46;0.00;6.00;0.00;;1965-04-11;4C1;;;PA;
DEU;DEU000260617;;RET;2011-11-08;2011-11-08;ZEM27;ZEM27;---;0624;;;N;N;N;;;;;FX;GNS;LLS;;;;;4.88;0.00;1.00;1.67;0.00;11.00;0.00;3;1990-03-14;MFL;;;PA;1990-01-01
DEU;DEU000260618;;RET;1994-11-01;1994-11-01;AHL027;AHL027;---;0618;;;N;N;N;;;;;FX;GNS;LLS;;;;;6.30;0.00;0.00;2.98;0.00;36.00;0.00;;1984-11-25;C19;;;PA;
DEU;DEU000260619;;MOD;2014-01-15;2100-12-31;BAN27;BAN27;---;DEBA4;Bansin;;N;Y;N;N;Y;N;;GO;GNS;LLS;;;;;5.30;0.00;1.00;1.00;0.00;29.00;0.00;3;1996-08-01;MFL;;;PA;1996-01-01
DEU;DEU000260624;;RET;2007-10-23;2007-10-23;ZEM19Z;ZEM19Z;---;0624;;;N;N;N;;;;;FX;GNS;LLS;;;;;4.26;0.00;1.00;0.00;0.00;6.00;0.00;3;2002-02-05;MFL;;;PA;1989-01-01
DEU;DEU000260627;;RET;2002-02-20;2002-02-20;BAA13A;BAA13A;---;0627;;;N;N;N;;;;;FX;GNS;NO;;;;;5.16;0.00;1.00;1.88;0.00;3.00;0.00;;1947-04-24;4C1;;;PA;
DEU;DEU000260631;;RET;2022-12-31;2022-12-31;AWA41N;AWA41N;---;DE8AN;Altwarp;;N;N;N;N;;N;;GO;GNS;LLS;;;;;8.65;7.75;3.00;0.00;0.00;18.00;0.00;1;1971-07-12;MFL;;;PA;1971-01-01
DEU;DEU000260637;;RET;1994-10-10;1994-10-10;NEU014;NEU014;---;0637;;;N;N;N;;;;;FX;GNS;NO;;;;;4.50;0.00;0.00;1.37;0.00;0.00;0.00;;1975-04-18;C19;;;PA;
DEU;DEU000260639;;DES;2001-01-04;2001-01-04;UMM12N;UMM12N;---;0639;;;N;N;N;;;;;FX;GNS;LLS;;;;;4.25;0.00;1.00;1.28;0.00;7.00;0.00;;1988-07-10;4C1;;;PA;
DEU;DEU000260641;;RET;2024-06-14;2024-06-14;DRA21;DRA21;---;DEDRA;Dranske;;N;N;N;N;N;N;;GO;GNS;FPO;;;;;4.62;0.00;1.00;0.00;0.00;0.00;0.00;3;2010-11-12;MFL;;;PA;1995-01-01
DEU;DEU000260645;;RET;2001-04-07;2001-04-07;RIB30;RIB30;---;0645;;;N;N;N;;;;;FX;GNS;LLS;;;;;6.20;6.15;1.00;1.93;0.00;18.00;0.00;;1991-09-01;4C1;;;PA;
DEU;DEU000260648;;RET;2009-03-09;2009-03-09;BOR1;BOR1;---;0648;;;N;N;N;;;;;FX;GNS;LLS;;;;;4.88;0.00;1.00;1.58;0.00;7.00;0.00;3;1993-07-05;MFL;;;PA;1993-01-01
DEU;DEU000260650;;RET;2020-04-30;2020-04-30;ZID24;ZID24;---;0650;;;N;N;N;N;;N;;GO;GNS;LLS;;;;;4.40;0.00;1.00;0.00;0.00;6.00;0.00;3;2001-08-07;MFL;;;PA;1996-01-01
DEU;DEU000260651;;RET;1992-10-17;1992-10-17;RER013;RER013;---;0651;;;N;N;N;;;;;FX;GNS;LLS;;;;;5.80;0.00;0.00;2.38;0.00;3.00;0.00;;1958-04-04;4;;;PA;
DEU;DEU000270300;8826668;CHA;2024-09-26;2100-12-31;SD18;SD18;ROTESAND;DEBUM;Büsum;DLHX;Y;Y;Y;Y;N;Y;211342220;TTW;TBB;OTB;;;;;23.99;22.06;111.00;0.00;0.00;221.00;0.00;2;1983-02-03;MFL;;;PA;1982-01-01
DEU;DEU000270500;;RET;2002-08-26;2002-08-26;NC307;NC307;NYMPHE;0301;;DETW;Y;N;N;;;;;FX;OTB;PTB;;;;;24.11;21.30;81.00;67.35;0.00;221.00;0.00;;1954-11-25;4C3;;;PA;
DEU;DEU000270602;;DES;1998-04-23;1998-04-23;SAS64;SAS64;FRIEDLAND;0602;;Y4LP;Y;N;N;;;;;FX;OTB;PTB;;;;;17.60;15.95;46.00;37.24;0.00;103.00;0.00;;1950-09-01;4C3;;;AC;
DEU;DEU000270603;;RET;1991-05-21;1991-05-21;WAR68;WAR68;GERA;0603;;Y4OQ;Y;N;N;;;;;FX;OTB;PTB;;;;;17.60;0.00;0.00;37.67;0.00;110.00;0.00;;1950-08-15;4;;;PA;
DEU;DEU000270605;;RET;1990-11-01;1990-11-01;STR173;STR173;MIKALININ;0605;;Y4NM;Y;N;N;;;;;FX;OTB;PTB;;;;;24.00;22.00;0.00;72.00;0.00;147.00;5.00;;1952-01-30;4;;;PA;
DEU;DEU000270606;;MOD;2022-05-15;2100-12-31;AHL1;AHL1;---;DEAHC;Ahlbeck;;N;Y;N;N;;N;;GO;GNS;LLS;;;;;6.80;0.00;2.00;0.00;0.00;36.00;0.00;3;1984-07-11;MFL;;;;1984-01-01
DEU;DEU000270607;;RET;1994-11-10;1994-11-10;LAU22;LAU22;---;0607;;;N;N;N;;;;;FX;GNS;NO;;;;;5.20;0.00;0.00;2.00;0.00;0.00;0.00;;1974-04-02;C19;;;PA;
DEU;DEU000270608;;DES;1994-01-04;1994-01-04;LUB18;LUB18;---;0608;;;N;N;N;;;;;FX;GNS;LLS;;;;;6.00;0.00;0.00;2.54;0.00;6.00;0.00;;1948-04-14;C19;;;PA;
DEU;DEU000270609;;RET;2016-10-18;2016-10-18;RIT13N;RIT13N;---;0609;;;N;N;N;;;;;FX;GNS;FPO;;;;;7.50;6.64;2.00;0.00;0.00;23.00;0.00;1;1969-04-22;MFL;;;PA;1969-01-01
DEU;DEU000270610;;RET;2008-06-17;2008-06-17;BAR14N;BAR14N;---;0610;;;N;N;N;;;;;FX;GNS;LLS;;;;;7.80;0.00;1.00;0.00;0.00;6.00;0.00;3;2004-06-04;MFL;;;PA;2004-01-01
DEU;DEU000270612;;DES;1994-08-09;1994-08-09;KZI003;KZI003;---;0612;;;N;N;N;;;;;FX;GNS;NK;;;;;9.00;0.00;0.00;5.72;0.00;18.00;0.00;;1966-04-30;C19;;;PA;
DEU;DEU000270613;;RET;2007-05-14;2007-05-14;UMM27;UMM27;---;0639;;;N;N;N;;;;;FX;GNS;LLS;;;;;8.29;8.09;4.00;6.40;0.00;33.00;0.00;1;1978-06-13;MFL;;;PA;1978-01-01
DEU;DEU000270614;;RET;2008-03-25;2008-03-25;KROE4;KROE4;---;0614;;;N;N;N;;;;;FX;GNS;NK;;;;;4.40;0.00;1.00;1.37;0.00;0.00;0.00;3;1985-04-11;MFL;;;PA;1985-01-01
DEU;DEU000270615;;DES;1994-03-09;1994-03-09;KHA07;KHA07;---;0615;;;N;N;N;;;;;FX;GNS;GNS;;;;;4.00;0.00;0.00;1.13;0.00;6.00;0.00;;1969-07-24;4;;;PA;
DEU;DEU000270616;;DES;1994-01-25;1994-01-25;ANK2;ANK2;---;0616;;;N;N;N;;;;;FX;GNS;NK;;;;;8.25;0.00;0.00;4.81;0.00;7.00;0.00;;1963-04-14;C19;;;PA;
DEU;DEU000270617;;RET;1992-11-17;1992-11-17;VIT021;VIT021;---;0617;;;N;N;N;;;;;FX;GNS;NO;;;;;6.00;0.00;0.00;2.54;0.00;5.00;0.00;;1954-08-07;C19;;;PA;
DEU;DEU000270618;;RET;1996-08-01;1996-08-01;AHL28;AHL28;---;0618;;;N;N;N;;;;;FX;GNS;LLS;;;;;7.60;7.05;0.00;4.00;0.00;11.00;0.00;;1971-05-10;C19;;;PA;
DEU;DEU000270619;;CHA;2015-04-14;2100-12-31;AHL7;AHL7;---;0618;;;N;Y;N;;;;;FX;GNS;FPO;;;;;5.30;0.00;1.00;1.98;0.00;12.00;0.00;3;1996-12-29;MFL;;;PA;1996-01-01
DEU;DEU000270624;;MOD;2023-01-01;2100-12-31;ZEM29;ZEM29;---;DEZMP;Zempin;;N;Y;N;N;Y;N;;GO;GNS;LLS;;;;;4.65;0.00;1.00;0.00;0.00;13.00;0.00;3;2002-02-19;MFL;;;;2002-01-01
DEU;DEU000270627;;RET;2005-04-05;2005-04-05;BAA26;BAA26;---;0673;;;N;N;N;;;;;FX;GNS;NO;;;;;5.10;0.00;1.00;1.80;0.00;6.00;0.00;1;1979-04-24;MFL;;;PA;1979-01-01
DEU;DEU000270631;;MOD;2003-01-01;2100-12-31;RIT4;RIT4;---;0631;;;N;Y;N;;;;;FX;GNS;LLS;;;;;7.95;7.11;2.00;4.41;0.00;12.00;0.00;2;1991-01-13;MFL;;;;1991-01-01
DEU;DEU000270637;;DES;1992-08-18;1992-08-18;NEU015;NEU015;---;0637;;;N;N;N;;;;;FX;GNS;NK;;;;;7.88;0.00;0.00;7.46;0.00;33.00;0.00;;1954-08-19;4;;;PA;
DEU;DEU000270641;;RET;2024-06-14;2024-06-14;DRA22;DRA22;---;DEDRA;Dranske;;N;N;N;N;N;N;;GO;GNS;FPO;;;;;3.98;0.00;1.00;0.00;0.00;3.00;0.00;3;2012-06-22;MFL;;;PA;1995-01-01
DEU;DEU000270645;;RET;1995-06-27;1995-06-27;RIB1;RIB1;---;0645;;;N;N;N;;;;;FX;GNS;NK;;;;;6.00;0.00;1.00;2.54;0.00;7.00;0.00;;1960-05-14;C19;;;PA;
DEU;DEU000270648;;RET;1997-11-05;1997-11-05;BOR4;BOR4;---;0648;;;N;N;N;;;;;FX;GNS;LLS;;;;;4.44;0.00;1.00;1.50;0.00;6.00;0.00;;1994-01-04;4C1;;;PA;
DEU;DEU000270650;;RET;2022-11-30;2022-11-30;ZID22;ZID22;Uns Stiene;DEZIS;Zingst;;N;N;N;N;;N;;GO;GNS;LLS;;;;;10.05;8.78;5.00;0.00;0.00;125.00;0.00;3;2001-08-13;MFL;;;PA;1987-01-01
DEU;DEU000270651;;RET;1997-05-06;1997-05-06;RER046;RER046;---;0651;;;N;N;N;;;;;FX;GNS;LLS;;;;;8.85;8.40;4.00;5.54;0.00;44.00;0.00;;1978-12-12;4C1;;;PA;
DEU;DEU000280300;;EXP;1992-04-06;1992-04-06;BRA4;BRA4;R.H.VAN SCHIJNDEL;DEBKE;Brake;DDHL;Y;N;N;;;;;TUB;TBB;OTM;;;;;24.71;22.17;87.00;69.99;0.00;221.00;0.00;2;1988-02-16;C12;DNK;EX;PA;1983-01-01
DEU;DEU000280500;;MOD;2023-07-31;2100-12-31;HF567;HF567;OSTETAL;DEHAM;Hamburg;DIDO;Y;Y;Y;Y;N;Y;211551000;TU;TBB;NO;;;;;21.44;19.30;65.00;0.00;0.00;221.00;0.00;2;1981-06-12;MFL;;;;1981-01-01
DEU;DEU000280602;;EXP;2002-10-15;2002-10-15;SH4;SH4;KAI-TIMO;0207;;Y4LK;Y;N;N;;;;;FX;OTB;PTB;;;;;17.80;15.94;41.00;38.41;0.00;177.00;0.00;;1950-09-03;4C3;POL;EX;PA;
DEU;DEU000280603;;RET;2011-12-27;2011-12-27;WAR70;WAR70;BARTH;0603;;Y4OV;Y;N;N;;;;;FX;OTB;PTB;;;;;12.60;11.18;19.00;19.00;0.00;80.00;0.00;1;1956-04-01;MFL;;;PA;1956-01-01
DEU;DEU000280606;;RET;2024-08-08;2024-08-08;KAR3A;KAR3A;---;DEKAJ;Karlshagen;;N;N;N;N;N;N;;GO;GNS;LLS;;;;;4.26;0.00;1.00;0.00;0.00;5.00;0.00;3;1984-07-27;MFL;;;PA;1984-01-01
DEU;DEU000280607;;RET;2001-03-20;2001-03-20;SEE07AN;SEE07AN;---;0607;;;N;N;N;;;;;FX;GNS;NO;;;;;4.35;0.00;1.00;1.34;0.00;0.00;0.00;;1965-06-16;4C1;;;PA;
DEU;DEU000280608;;DES;2022-11-30;2022-11-30;PRE17;PRE17;STEFFI;DEPRW;Prerow;DG9561;Y;N;N;N;;N;;GO;GNS;LLS;;;;;9.84;8.77;10.00;0.00;0.00;72.00;0.00;3;1992-03-11;MFL;;;AC;1991-01-01
DEU;DEU000280609;;RET;1992-06-01;1992-06-01;RIT18;RIT18;---;0609;;;N;N;N;;;;;FX;GNS;NK;;;;;6.50;0.00;0.00;2.98;0.00;6.00;0.00;;1962-05-23;C19;;;PA;
DEU;DEU000280610;;DES;2015-11-30;2015-11-30;BAR15;BAR15;KRANICH;0610;;;N;N;N;;;;;FX;GNS;LLS;;;;;7.73;0.00;2.00;0.00;0.00;39.00;0.00;2;2004-10-18;MFL;;;PA;1971-01-01
DEU;DEU000280611;;RET;1992-06-01;1992-06-01;STA012;STA012;---;0611;;;N;N;N;;;;;FX;GNS;NO;;;;;5.40;0.00;0.00;2.10;0.00;0.00;0.00;;1969-04-11;C19;;;PA;
DEU;DEU000280612;;DES;2022-03-10;2022-03-10;GZI6;GZI6;---;DETS2;Thiessow;;N;N;N;N;;N;;GO;GNS;LLS;;;;;9.50;8.10;8.00;0.00;0.00;37.00;0.00;1;1979-05-10;MFL;;;AC;1979-01-01
DEU;DEU000280613;;DES;1993-06-10;1993-06-10;GLO008;GLO008;---;0613;;;N;N;N;;;;;FX;GNS;LLS;;;;;8.30;0.00;0.00;4.87;0.00;15.00;0.00;;1968-04-12;C19;;;PA;
DEU;DEU000280614;;RET;1993-02-01;1993-02-01;KROE6;KROE6;---;0614;;;N;N;N;;;;;FX;GNS;NK;;;;;6.00;0.00;0.00;2.54;0.00;6.00;0.00;;1943-03-11;C19;;;PA;
DEU;DEU000280615;;DES;1994-08-14;1994-08-14;ARE01;ARE01;---;0615;;;N;N;N;;;;;FX;GNS;GNS;;;;;7.40;6.80;0.00;5.40;0.00;18.00;0.00;;1979-08-11;4;;;PA;
DEU;DEU000280616;;DES;1993-07-20;1993-07-20;ANK3;ANK3;---;0616;;;N;N;N;;;;;FX;GNS;NK;;;;;8.00;0.00;0.00;4.10;0.00;44.00;0.00;;1977-02-12;C19;;;PA;
DEU;DEU000280617;;RET;2006-12-08;2006-12-08;VIT022;VIT022;---;0617;;;N;N;N;;;;;FX;GNS;NO;;;;;4.60;0.00;1.00;0.00;0.00;5.00;0.00;3;1981-11-11;MFL;;;PA;1981-01-01
DEU;DEU000280618;;RET;2008-07-25;2008-07-25;AHL029;AHL029;---;0618;;;N;N;N;;;;;FX;GNS;LLS;;;;;8.70;7.56;3.00;4.35;0.00;18.00;0.00;1;1988-10-03;MFL;;;PA;1980-01-01
DEU;DEU000280619;;RET;2010-04-06;2010-04-06;BAL10;BAL10;---;0619;;;N;N;N;;;;;FX;GNS;LLS;;;;;5.52;5.11;1.00;2.15;0.00;5.00;0.00;1;1997-01-01;MFL;;;PA;1970-01-01
DEU;DEU000280624;;RET;2017-06-13;2017-06-13;ZEM1;ZEM1;LENNOX;0624;;;N;N;N;;;;;FX;GNS;LLS;;;;;4.05;0.00;1.00;0.00;0.00;14.00;0.00;3;2007-10-23;MFL;;;PA;2004-01-01
DEU;DEU000280627;;RET;2008-06-30;2008-06-30;BAA03A;BAA03A;---;0627;;;N;N;N;;;;;FX;FPO;NO;;;;;4.00;0.00;1.00;2.00;0.00;4.00;0.00;1;1963-07-06;MFL;;;PA;1963-01-01
DEU;DEU000280631;;RET;2024-03-15;2024-03-15;AWA17;AWA17;---;DEUCK;Ueckermünde;;N;N;N;N;N;N;;GO;GNS;LLS;;;;;8.20;0.00;2.00;0.00;0.00;13.00;0.00;2;1992-05-18;MFL;;;PA;1992-01-01
DEU;DEU000280637;;RET;2002-10-07;2002-10-07;NEU015A;NEU015A;---;0637;;;N;N;N;;;;;FX;GNS;NO;;;;;5.30;0.00;1.00;2.00;0.00;9.00;0.00;;1970-07-18;4C1;;;PA;
DEU;DEU000280639;;RET;2001-02-26;2001-02-26;UMM1C;UMM1C;---;0639;;;N;N;N;;;;;FX;GNS;NO;;;;;6.18;0.00;1.00;2.70;0.00;5.00;0.00;;1957-08-13;4C1;;;PA;
DEU;DEU000280641;;MOD;2015-12-17;2100-12-31;DRA24;DRA24;---;0641;;;N;Y;N;;;;;FX;GNS;FPO;;;;;4.45;0.00;1.00;0.00;0.00;19.00;0.00;3;2014-12-04;MFL;;;PA;2014-01-01
DEU;DEU000280645;;MOD;2022-06-01;2100-12-31;RIB8;RIB8;---;DERZD;Ribnitz-Damgarten;;N;Y;N;N;;N;;GO;GNS;FPO;;;;;7.50;6.10;1.00;0.00;0.00;7.00;0.00;3;1994-01-02;MFL;;;;1993-01-01
DEU;DEU000280648;;RET;1997-09-02;1997-09-02;PRU9;PRU9;---;0648;;;N;N;N;;;;;FX;GNS;LLS;;;;;5.50;0.00;1.00;1.91;0.00;6.00;0.00;;1994-01-01;4C1;;;PA;
DEU;DEU000280650;;RET;2010-12-22;2010-12-22;ZID18N;ZID18N;---;0650;;;N;N;N;;;;;FX;GNS;LLS;;;;;4.40;0.00;1.00;0.00;0.00;3.00;0.00;3;2001-09-14;MFL;;;PA;2001-01-01
DEU;DEU000280651;;RET;2007-03-13;2007-03-13;RER001;RER001;---;0651;;;N;N;N;;;;;FX;GNS;LLS;;;;;6.20;0.00;1.00;0.00;0.00;6.00;0.00;1;1990-03-20;MFL;;;PA;1990-01-01
DEU;DEU000290300;8531938;EXP;2021-08-03;2021-08-03;BRA5;BRA5;PIETER;DEBKE;Brake;DDHM;Y;N;Y;Y;;Y;211320460;TU;TBB;PTB;;;;;24.65;22.17;98.00;0.00;0.00;221.00;0.00;2;1988-02-16;MFL;NLD;EX;PA;1983-01-01
DEU;DEU000290500;;DES;2003-11-05;2003-11-05;HF544;HF544;HANSA;0501;;DGLB;Y;N;N;;;;;FX;LLS;NO;;;;;31.17;27.00;213.00;196.45;0.00;368.00;0.00;2;1966-10-02;MFL;;;PA;1966-01-01
DEU;DEU000290602;;RET;2001-12-17;2001-12-17;SAS66;SAS66;GOERLITZ;0602;;Y4LI;Y;N;N;;;;;FX;OTB;PTB;;;;;17.80;15.94;43.00;38.41;0.00;180.00;0.00;;1949-09-21;4C3;;;PA;
DEU;DEU000290603;;RET;1996-10-15;1996-10-15;WAR73;WAR73;RERIK;0603;;Y4QA;Y;N;N;;;;;FX;GNS;LLS;;;;;12.60;11.14;19.00;19.00;0.00;44.00;0.00;;1956-04-01;C19;;;PA;
DEU;DEU000290606;;RET;2003-08-05;2003-08-05;KAR4;KAR4;---;0606;;;N;N;N;;;;;FX;GNS;LLS;;;;;6.00;0.00;1.00;2.54;0.00;9.00;0.00;1;1979-05-14;MFL;;;PA;1979-01-01
DEU;DEU000290607;;RET;2018-08-07;2018-08-07;NRE11;NRE11;---;0607;;;N;N;N;N;;N;;GO;GNS;LLS;;;;;5.08;0.00;1.00;0.00;0.00;0.00;0.00;1;1980-03-12;MFL;;;PA;1980-01-01
DEU;DEU000290608;;RET;2001-09-24;2001-09-24;WIE19A;WIE19A;---;0608;;;N;N;N;;;;;FX;GNS;LLS;;;;;8.50;0.00;2.00;5.10;0.00;5.00;0.00;;1965-08-10;4C1;;;PA;
DEU;DEU000290609;;RET;1995-06-21;1995-06-21;WAS1;WAS1;---;0609;;;N;N;N;;;;;FX;GNS;NK;;;;;8.50;0.00;0.00;5.11;0.00;11.00;0.00;;1965-11-12;C19;;;PA;
DEU;DEU000290611;;MOD;2018-01-01;2100-12-31;STA013N;STA013N;---;0611;;;N;Y;N;N;;N;;WOP;FPO;NO;;;;;5.40;0.00;1.00;0.00;0.00;7.00;0.00;1;1970-04-27;MFL;;;;1969-01-01
DEU;DEU000290612;;RET;2013-12-18;2013-12-18;LAU1;LAU1;---;0607;;;N;N;N;;;;;FX;GNS;LLS;;;;;8.22;7.92;5.00;0.00;0.00;37.00;0.00;1;1973-07-05;MFL;;;PA;1973-01-01
DEU;DEU000290613;;RET;2000-04-10;2000-04-10;GLO009;GLO009;---;0613;;;N;N;N;;;;;FX;GNS;LLS;;;;;6.93;6.73;2.00;4.26;0.00;24.00;0.00;;1967-10-23;4C1;;;PA;
DEU;DEU000290614;;RET;1993-05-18;1993-05-18;KROE7;KROE7;---;0614;;;N;N;N;;;;;FX;GNS;NK;;;;;4.20;0.00;0.00;1.24;0.00;0.00;0.00;;1987-08-17;C19;;;PA;
DEU;DEU000290615;;RET;2012-01-23;2012-01-23;GAG27;GAG27;---;0615;;;N;N;N;;;;;FX;GNS;LLS;;;;;9.36;9.06;6.00;8.84;0.00;37.00;0.00;1;1984-07-30;MFL;;;PA;1984-01-01
DEU;DEU000290616;;RET;1994-01-02;1994-01-02;WKL1;WKL1;---;0616;;;N;N;N;;;;;FX;GNS;NK;;;;;7.98;6.85;0.00;1.94;0.00;6.00;0.00;;1967-02-12;4;;;PA;
DEU;DEU000290617;;RET;1994-07-25;1994-07-25;VIT023A;VIT023A;---;0617;;;N;N;N;;;;;FX;GNS;NO;;;;;4.25;0.00;0.00;1.28;0.00;0.00;0.00;;1975-05-06;C19;;;PA;
DEU;DEU000290618;;RET;2015-04-30;2015-04-30;AHL030N;AHL030N;WIRBELWIND;0618;;;N;N;N;;;;;FX;GNS;LLS;;;;;6.70;0.00;2.00;3.18;0.00;44.00;0.00;2;1987-07-15;MFL;;;PA;1987-01-01
DEU;DEU000290619;;RET;2008-08-04;2008-08-04;BAN29N;BAN29N;---;0619;;;N;N;N;;;;;FX;GNS;LLS;;;;;3.85;0.00;1.00;1.10;0.00;5.00;0.00;1;1999-02-03;MFL;;;PA;1999-01-01
DEU;DEU000290624;;CST;2007-12-11;2100-12-31;ZEM2;ZEM2;---;0624;;;N;Y;N;;;;;FX;GNS;LLS;;;;;5.50;0.00;1.00;0.00;0.00;36.00;0.00;3;2007-12-11;MFL;;;PA;2007-01-01
DEU;DEU000290627;;RET;1996-02-22;1996-02-22;LOB01B;LOB01B;---;0627;;;N;N;N;;;;;FX;GNS;NO;;;;;5.93;0.00;1.00;2.48;0.00;0.00;0.00;;1980-04-14;C19;;;PA;
DEU;DEU000290631;;RET;1999-06-16;1999-06-16;AWA4A;AWA4A;---;0631;;;N;N;N;;;;;FX;GNS;LLS;;;;;4.60;0.00;1.00;1.49;0.00;26.00;0.00;;1988-06-10;4C1;;;PA;
DEU;DEU000290637;;RET;2021-12-31;2021-12-31;NEU016;NEU016;FALKE;DENOZ;"Neuendorf"", Hiddensee";;N;N;N;N;;N;;GO;GNS;LLS;;;;;11.13;0.00;13.00;0.00;0.00;81.00;0.00;1;1943-09-18;MFL;;;PA;1943-01-01
DEU;DEU000290639;;RET;2014-06-30;2014-06-30;UMM1D;UMM1D;---;0639;;;N;N;N;;;;;FX;GNS;NO;;;;;5.78;0.00;1.00;0.00;0.00;0.00;0.00;1;1959-07-02;MFL;;;PA;1959-01-01
DEU;DEU000290641;;CST;2021-09-25;2100-12-31;DRA25;DRA25;---;DEDRA;Dranske;;N;Y;N;N;;N;;GO;GNS;FPO;;;;;5.20;0.00;1.00;0.00;0.00;51.00;0.00;3;2021-09-25;MFL;;;PA;2021-01-01
DEU;DEU000290645;;RET;2006-12-19;2006-12-19;AHR15;AHR15;---;0645;;;N;N;N;;;;;FX;GNS;NO;;;;;4.00;0.00;1.00;0.00;0.00;0.00;0.00;3;1994-04-05;MFL;;;PA;1985-01-01
DEU;DEU000290648;;RET;1994-05-03;1994-05-03;BOR2;BOR2;---;0648;;;N;N;N;;;;;FX;GNS;LLS;;;;;4.03;0.00;0.00;1.80;0.00;7.00;0.00;;1990-06-15;C19;;;PA;
DEU;DEU000290650;;CHA;2025-05-01;2100-12-31;ZID4;ZID4;---;DEZIS;Zingst;;N;Y;N;N;Y;N;;GO;GNS;LLS;;;;;5.40;0.00;1.00;0.00;0.00;29.00;0.00;3;2008-11-18;MFL;;;PA;2008-01-01
DEU;DEU000290651;;RET;2004-06-07;2004-06-07;RER007;RER007;---;0651;;;N;N;N;;;;;FX;GNS;LLS;;;;;6.65;6.10;2.00;3.13;0.00;11.00;0.00;1;1990-09-25;MFL;;;PA;1990-01-01
DEU;DEU000300500;7360930;MOD;2010-09-10;2100-12-31;HF564;HF564;PESORSA DOS;DEHAM;Hamburg;DIFC;Y;Y;Y;Y;;Y;211313600;LL;LLS;NO;;;;;27.77;24.00;196.00;105.87;0.00;412.00;0.00;2;1974-05-08;MFL;;;;1974-01-01
DEU;DEU000300601;9126364;MOD;2021-02-08;2100-12-31;ROS785;ROS785;HELEN MARY;DERSK;Rostock;DQLI;Y;Y;Y;Y;N;Y;211238930;TTP;OTM;OTB;;;;;116.70;109.41;7278.00;0.00;0.00;5299.00;3520.00;2;1996-05-22;MFL;;;PA;1996-01-01
DEU;DEU000300602;;DES;1991-04-09;1991-04-09;SAS67;SAS67;ORANIENBURG;0602;;Y4LJ;Y;N;N;;;;;FX;OTB;PTB;;;;;17.80;0.00;0.00;38.41;0.00;103.00;0.00;;1949-10-01;4;;;PA;
DEU;DEU000300603;;RET;1991-02-01;1991-02-01;WAR100;WAR100;SILBERMOEWE;0603;;Y40X;Y;N;N;;;;;FX;OTB;PTB;;;;;26.20;24.66;0.00;117.26;0.00;490.00;92.00;;1977-07-15;3;;;PA;
DEU;DEU000300606;;RET;2006-12-08;2006-12-08;KAR5;KAR5;---;0606;;;N;N;N;;;;;FX;GNS;NO;;;;;6.00;0.00;1.00;0.00;0.00;10.00;0.00;1;1983-04-14;MFL;;;PA;1983-01-01
DEU;DEU000300607;;RET;1997-07-14;1997-07-14;LAU06;LAU06;---;0607;;;N;N;N;;;;;FX;GNS;LLS;;;;;4.26;0.00;1.00;1.28;0.00;9.00;0.00;;1979-04-03;4C1;;;PA;
DEU;DEU000300608;;RET;2022-11-30;2022-11-30;LUB13N;LUB13N;---;DEGRD;Greifswald;;N;N;N;N;;N;;GO;GNS;LLS;;;;;4.20;0.00;1.00;0.00;0.00;6.00;0.00;3;1994-04-12;MFL;;;PA;1983-01-01
DEU;DEU000300609;;RET;1995-01-01;1995-01-01;WAS2N;WAS2N;---;0609;;;N;N;N;;;;;FX;GNS;NK;;;;;8.15;6.80;3.00;4.52;0.00;18.00;0.00;;1973-04-15;C19;;;PA;
DEU;DEU000300611;;RET;1992-06-01;1992-06-01;STA014;STA014;---;0611;;;N;N;N;;;;;FX;GNS;NO;;;;;5.70;0.00;0.00;2.30;0.00;0.00;0.00;;1989-07-16;C19;;;PA;
DEU;DEU000300612;;RET;1993-04-05;1993-04-05;KZI020;KZI020;---;0612;;;N;N;N;;;;;FX;GNS;GNS;;;;;5.30;0.00;0.00;2.00;0.00;6.00;0.00;;1985-09-02;C19;;;PA;
DEU;DEU000300613;;MOD;2012-03-29;2100-12-31;VIA001;VIA001;---;0670;;;N;Y;N;;;;;FX;GNS;LLS;;;;;4.88;0.00;1.00;1.68;0.00;12.00;0.00;3;1990-07-13;MFL;;;;1990-01-01
DEU;DEU000300614;;RET;1992-11-23;1992-11-23;KROE8;KROE8;---;0614;;;N;N;N;;;;;FX;GNS;NK;;;;;4.00;0.00;0.00;1.13;0.00;6.00;0.00;;1986-05-14;C19;;;PA;
DEU;DEU000300615;;CHA;2025-01-01;2100-12-31;ARE03N;ARE03N;---;DEGXG;Gager;;N;N;N;N;Y;N;;GO;GNS;LLS;;;;;7.88;7.50;3.00;0.00;0.00;9.00;0.00;1;1978-09-10;MFL;;;PA;1978-01-01
DEU;DEU000300616;;DES;1997-05-15;1997-05-15;WAT2;WAT2;---;0616;;;N;N;N;;;;;FX;GNS;NK;;;;;7.73;6.65;2.00;2.04;0.00;6.00;0.00;;1969-03-10;4C1;;;PA;
DEU;DEU000300617;;RET;1996-02-27;1996-02-27;VIT024;VIT024;---;0617;;;N;N;N;;;;;FX;GNS;LLS;;;;;4.00;0.00;1.00;1.13;0.00;6.00;0.00;;1983-07-16;C19;;;PA;
DEU;DEU000300618;;RET;2003-12-22;2003-12-22;GZI11;GZI11;---;0615;;;N;N;N;;;;;FX;GNS;LLS;;;;;7.80;7.00;1.00;3.66;0.00;37.00;0.00;1;1965-07-20;MFL;;;PA;1965-01-01
DEU;DEU000300619;;MOD;2009-10-27;2100-12-31;BAN30;BAN30;---;DEBA4;Bansin;;N;Y;N;N;Y;N;;GO;GNS;LLS;;;;;4.35;0.00;1.00;1.27;0.00;23.00;0.00;3;1999-03-30;MFL;;;PA;1999-01-01
DEU;DEU000300624;;RET;2009-03-02;2009-03-02;ZEM4;ZEM4;ILSEBIL;0624;;;N;N;N;;;;;FX;GNS;LLS;;;;;7.80;0.00;2.00;0.00;0.00;26.00;0.00;1;2008-07-04;MFL;;;PA;2007-01-01
DEU;DEU000300627;;RET;2017-01-05;2017-01-05;BAA9;BAA9;---;0673;;;N;N;N;;;;;FX;GNS;LLS;;;;;5.44;0.00;1.00;0.00;0.00;6.00;0.00;1;1996-02-22;MFL;;;PA;1990-01-01
DEU;DEU000300631;;RET;2012-12-03;2012-12-03;AWA42N;AWA42N;---;0631;;;N;N;N;;;;;FX;GNS;LLS;;;;;5.85;0.00;1.00;0.00;0.00;36.00;0.00;2;1999-06-16;MFL;;;PA;1999-01-01
DEU;DEU000300637;;RET;2017-01-01;2017-01-01;BOD16;BOD16;---;0610;;;N;N;N;;;;;FX;GNS;LLS;;;;;5.70;0.00;1.00;0.00;0.00;6.00;0.00;1;1943-05-19;MFL;;;PA;1943-01-01
DEU;DEU000300639;;RET;2021-02-01;2021-02-01;THI55;THI55;---;DETS2;Thiessow;;N;N;N;N;;N;;GO;GNS;LLS;;;;;5.85;0.00;1.00;0.00;0.00;0.00;0.00;1;1960-07-24;MFL;;;PA;1960-01-01
DEU;DEU000300645;;RET;1997-11-19;1997-11-19;NER2;NER2;---;0645;;;N;N;N;;;;;FX;GNS;LLS;;;;;4.00;0.00;1.00;1.13;0.00;3.00;0.00;;1994-05-05;4C1;;;PA;
DEU;DEU000300648;;RET;2009-12-10;2009-12-10;BOR5N;BOR5N;---;0648;;;N;N;N;;;;;FX;GNS;LLS;;;;;4.95;0.00;1.00;0.00;0.00;0.00;0.00;2;1994-05-03;MFL;;;PA;1994-01-01
DEU;DEU000300651;;RET;1996-07-16;1996-07-16;RER033;RER033;RACKER;0651;;;N;N;N;;;;;FX;GNS;LLS;;;;;9.95;8.10;0.00;7.07;0.00;59.00;0.00;;1985-02-23;C19;;;PA;
DEU;DEU000310300;;RET;2014-04-01;2014-04-01;ST6;ST6;STADT TOENNING;0105;;DITL;Y;N;Y;;;;;FX;TBB;OTB;;;;;18.65;16.71;56.00;0.00;0.00;221.00;0.00;2;1974-01-08;MFL;;;PA;1973-01-01
DEU;DEU000310500;7424580;MOD;2025-03-24;2100-12-31;HF570;HF570;ORTEGAL TRES;DEHAM;Hamburg;DFQG;Y;Y;Y;Y;N;Y;211285880;LL;LLS;NO;;;;;32.36;28.00;265.00;0.00;0.00;662.00;0.00;2;1975-09-16;MFL;;;PA;1975-01-01
DEU;DEU000310601;;RET;1999-10-25;1999-10-25;ROS810;ROS810;SVALBAKUR;0601;;DMEE;Y;N;N;;;;;FX;OTB;OTM;;;;;67.00;59.30;2291.00;1419.00;0.00;3300.00;0.00;;1997-04-28;4C7;;;PA;
DEU;DEU000310603;;RET;1991-02-01;1991-02-01;WAR101;WAR101;SEESCHWALBE;0603;;Y40Z;Y;N;N;;;;;FX;OTB;PTB;;;;;26.20;24.66;0.00;117.29;0.00;490.00;92.00;;1977-11-18;3;;;PA;
DEU;DEU000310606;;RET;1998-03-02;1998-03-02;KAR6;KAR6;---;0606;;;N;N;N;;;;;FX;GNS;NO;;;;;6.00;0.00;1.00;2.54;0.00;10.00;0.00;;1983-06-14;4C1;;;PA;
DEU;DEU000310607;;RET;2017-01-10;2017-01-10;LAU07B;LAU07B;---;0607;;;N;N;N;;;;;FX;FPO;NO;;;;;5.10;0.00;1.00;0.00;0.00;6.00;0.00;1;1980-01-02;MFL;;;PA;1980-01-01
DEU;DEU000310608;;RET;2007-03-08;2007-03-08;LUB15;LUB15;---;0608;;;N;N;N;;;;;FX;GNS;NO;;;;;5.10;0.00;1.00;0.00;0.00;0.00;0.00;1;1954-04-12;MFL;;;PA;1954-01-01
DEU;DEU000310609;;RET;1994-09-20;1994-09-20;WAS3;WAS3;---;0609;;;N;N;N;;;;;FX;GNS;NK;;;;;8.10;6.75;0.00;4.58;0.00;9.00;0.00;;1973-04-03;4;;;PA;
DEU;DEU000310611;;RET;2018-03-31;2018-03-31;STA15;STA15;---;0611;;;N;N;N;N;;N;;GO;GNS;LLS;;;;;5.60;0.00;1.00;0.00;0.00;7.00;0.00;1;1961-11-13;MFL;;;PA;1960-01-01
DEU;DEU000310612;;RET;1999-11-11;1999-11-11;BAA17N;BAA17N;---;0627;;;N;N;N;;;;;FX;GNS;LLS;;;;;5.40;0.00;1.00;2.10;0.00;6.00;0.00;;1968-11-10;4C1;;;PA;
DEU;DEU000310613;;RET;2005-05-12;2005-05-12;VIA002N;VIA002N;---;0670;;;N;N;N;;;;;FX;GNS;LLS;;;;;7.10;6.95;2.00;4.06;0.00;18.00;0.00;1;1976-05-15;MFL;;;PA;1976-01-01
DEU;DEU000310614;;RET;1994-08-16;1994-08-16;FRE1;FRE1;---;0614;;;N;N;N;;;;;FX;GNS;NK;;;;;6.00;0.00;0.00;2.54;0.00;6.00;0.00;;1980-09-17;4;;;PA;
DEU;DEU000310615;;RET;2000-02-22;2000-02-22;ARE04;ARE04;---;0615;;;N;N;N;;;;;FX;GNS;LLS;;;;;8.83;8.40;5.00;7.07;0.00;37.00;0.00;;1977-10-25;4C1;;;PA;
DEU;DEU000310616;;RET;1996-08-05;1996-08-05;AHL13;AHL13;---;0618;;;N;N;N;;;;;FX;GNS;NK;;;;;7.50;6.30;0.00;1.20;0.00;6.00;0.00;;1953-02-10;C19;;;PA;
DEU;DEU000310617;;RET;1992-11-17;1992-11-17;VIT024A;VIT024A;---;0617;;;N;N;N;;;;;FX;GNS;NO;;;;;3.15;0.00;0.00;0.80;0.00;0.00;0.00;;1984-04-14;C19;;;PA;
DEU;DEU000310618;;RET;1993-08-03;1993-08-03;BAL2;BAL2;---;0618;;;N;N;N;;;;;FX;GNS;LLS;;;;;7.00;0.00;0.00;3.46;0.00;5.00;0.00;;1968-04-10;C19;;;PA;
DEU;DEU000310619;;RET;2007-11-06;2007-11-06;BAL2Z;BAL2Z;---;0619;;;N;N;N;;;;;FX;GNS;LLS;;;;;5.20;0.00;1.00;0.00;0.00;0.00;0.00;1;2000-07-03;MFL;;;PA;1970-01-01
DEU;DEU000310624;;RET;2010-05-18;2010-05-18;ZEM10;ZEM10;---;0624;;;N;N;N;;;;;FX;GNS;FPO;;;;;5.20;0.00;1.00;0.00;0.00;0.00;0.00;3;2008-10-07;MFL;;;PA;1995-01-01
DEU;DEU000310627;;RET;2000-02-24;2000-02-24;BAA15;BAA15;KAPT`N SILVER;0627;;;N;N;N;;;;;FX;GNS;LLS;;;;;9.34;7.70;5.00;9.76;0.00;37.00;0.00;;1996-04-26;4C1;;;PA;
DEU;DEU000310628;;RET;2014-10-14;2014-10-14;KZI04;KZI04;---;0612;;;N;N;N;;;;;FX;GNS;LLS;;;;;8.94;8.34;4.00;8.70;0.00;38.00;0.00;1;1979-06-04;MFL;;;PA;1979-01-01
DEU;DEU000310631;;RET;2005-12-08;2005-12-08;AWA31NZ;AWA31NZ;---;0631;;;N;N;N;;;;;FX;GNS;LLS;;;;;5.00;0.00;1.00;0.00;0.00;4.00;0.00;2;2000-12-06;MFL;;;PA;1968-01-01
DEU;DEU000310637;;DES;1992-04-01;1992-04-01;NEU016B;NEU016B;---;0637;;;N;N;N;;;;;FX;GNS;NO;;;;;5.90;0.00;0.00;2.46;0.00;6.00;0.00;;1975-06-14;C19;;;PA;
DEU;DEU000310639;;MOD;2023-09-01;2100-12-31;UMM24;UMM24;---;DEUMZ;Ummanz;;N;Y;N;N;Y;N;;GO;GNS;LLS;;;;;4.07;0.00;1.00;0.00;0.00;4.00;0.00;3;1995-09-27;MFL;;;;1992-01-01
DEU;DEU000310645;;MOD;2020-01-01;2100-12-31;AHR26;AHR26;---;0645;;;N;Y;N;N;;N;;GO;GNS;LLS;;;;;4.65;0.00;1.00;0.00;0.00;11.00;0.00;3;1995-06-23;MFL;;;;1994-01-01
DEU;DEU000310648;;RET;2005-11-14;2005-11-14;BOR17;BOR17;---;0648;;;N;N;N;;;;;FX;GNS;NO;;;;;4.00;0.00;1.00;0.00;0.00;0.00;0.00;3;1994-06-14;MFL;;;PA;1985-01-01
DEU;DEU000310653;;RET;2000-08-04;2000-08-04;POE30;POE30;HEINI;0653;;;N;N;N;;;;;FX;GNS;LLS;;;;;8.60;7.75;4.00;5.23;0.00;26.00;0.00;;1954-07-17;4C1;;;PA;
DEU;DEU000320300;;RET;1995-08-01;1995-08-01;NC326;NC326;BIANCA I;0301;;DDLU;Y;N;N;;;;;FX;OTB;TBB;;;;;23.56;22.04;0.00;70.02;0.00;210.00;0.00;;1991-04-15;C12;;;PA;
DEU;DEU000320500;;EXP;1997-11-19;1997-11-19;HF571;HF571;DE HOOP;0501;;DJRJ;Y;N;N;;;;;FX;LLS;NO;;;;;29.82;24.80;204.00;149.44;0.00;368.00;0.00;;1971-05-03;4C2;;;AC;
DEU;DEU000320601;9690688;CST;2015-03-24;2100-12-31;ROS777;ROS777;MARK;DERSK;Rostock;DKAL2;Y;Y;Y;Y;N;Y;218799000;TTP;OTB;OTT;OTM;;;;90.66;80.40;4248.00;0.00;0.00;4000.00;1530.00;2;2015-03-24;MFL;;;PA;2014-01-01
DEU;DEU000320603;;RET;1992-04-03;1992-04-03;WAR039;WAR039;---;0603;;;N;N;N;;;;;FX;GNS;LLS;;;;;8.00;0.00;0.00;4.52;0.00;18.00;0.00;;1950-04-20;C19;;;PA;
DEU;DEU000320606;;RET;2002-12-13;2002-12-13;KAR7;KAR7;---;0606;;;N;N;N;;;;;FX;GNS;LLS;;;;;6.00;0.00;1.00;2.54;0.00;21.00;0.00;;1979-07-09;4C1;;;PA;
DEU;DEU000320607;;RET;2010-06-21;2010-06-21;LAU07C;LAU07C;---;0607;;;N;N;N;;;;;FX;FPO;NO;;;;;5.15;0.00;1.00;1.87;0.00;6.00;0.00;1;1980-04-17;MFL;;;PA;1973-01-01
DEU;DEU000320608;;RET;1995-06-20;1995-06-20;LUB21;LUB21;---;0608;;;N;N;N;;;;;FX;GNS;NO;;;;;5.15;0.00;1.00;1.87;0.00;0.00;0.00;;1977-06-17;C19;;;PA;
DEU;DEU000320609;;RET;1994-09-20;1994-09-20;WAS4;WAS4;---;0609;;;N;N;N;;;;;FX;GNS;NO;;;;;4.50;0.00;0.00;1.43;0.00;0.00;0.00;;1983-03-05;C19;;;PA;
DEU;DEU000320611;;MOD;2019-02-01;2100-12-31;STA016N;STA016N;---;0611;;;N;Y;N;N;;N;;WOP;FPO;NK;;;;;5.50;0.00;1.00;0.00;0.00;7.00;0.00;1;1970-04-11;MFL;;;;1969-01-01
DEU;DEU000320612;;RET;1995-08-01;1995-08-01;KZI022;KZI022;---;0612;;;N;N;N;;;;;FX;GNS;GNS;;;;;6.10;0.00;0.00;2.63;0.00;6.00;0.00;;1967-06-19;C19;;;PA;
DEU;DEU000320613;;RET;2002-01-22;2002-01-22;UMM30;UMM30;---;0613;;;N;N;N;;;;;FX;GNS;LLS;;;;;7.15;7.00;3.00;4.36;0.00;20.00;0.00;;1986-04-10;4C1;;;PA;
DEU;DEU000320614;;RET;2001-09-24;2001-09-24;FRE6;FRE6;---;0614;;;N;N;N;;;;;FX;GNS;NK;;;;;7.35;6.35;2.00;1.69;0.00;6.00;0.00;;1964-07-14;4C1;;;PA;
DEU;DEU000320615;;RET;2002-07-08;2002-07-08;ARE07;ARE07;---;0615;;;N;N;N;;;;;FX;GNS;LLS;;;;;6.00;0.00;1.00;2.54;0.00;9.00;0.00;;1985-10-25;4C1;;;PA;
DEU;DEU000320616;;RET;2021-05-15;2021-05-15;RAN7N;RAN7N;---;DERKZ;Rankwitz;;N;N;N;N;;N;;GO;GNS;FPO;;;;;7.50;0.00;1.00;0.00;0.00;18.00;0.00;2;1962-03-19;MFL;;;PA;1962-01-01
DEU;DEU000320617;;RET;2002-12-13;2002-12-13;VIT025;VIT025;---;0617;;;N;N;N;;;;;FX;GNS;GNS;;;;;4.00;0.00;1.00;1.18;0.00;4.00;0.00;;1983-06-14;4C1;;;PA;
DEU;DEU000320618;;RET;2012-08-21;2012-08-21;WIE46;WIE46;SCHWAN;0608;;;N;N;N;;;;;FX;GNS;LLS;;;;;8.30;7.20;3.00;4.28;0.00;25.00;0.00;2;1993-02-01;MFL;;;PA;1993-01-01
DEU;DEU000320619;;RET;2007-11-06;2007-11-06;BAL3Z;BAL3Z;---;0619;;;N;N;N;;;;;FX;GNS;LLS;;;;;6.30;0.00;1.00;0.00;0.00;4.00;0.00;3;2001-04-04;MFL;;;PA;2001-01-01
DEU;DEU000320624;;RET;2017-11-15;2017-11-15;ZEM14;ZEM14;---;0624;;;N;N;N;;;;;FX;GNS;LLS;;;;;7.98;0.00;4.00;0.00;0.00;45.00;0.00;1;2009-03-02;MFL;;;PA;2006-01-01
DEU;DEU000320627;;RET;2021-08-01;2021-08-01;BAA8N;BAA8N;---;DEBA2;Baabe;;N;N;N;N;;N;;GO;GNS;LLS;;;;;5.50;0.00;1.00;0.00;0.00;13.00;0.00;1;1976-12-31;MFL;;;PA;1976-01-01
DEU;DEU000320628;;DES;1991-11-29;1991-11-29;GOEH006;GOEH006;---;0628;;;N;N;N;;;;;FX;GNS;LLS;;;;;8.00;0.00;0.00;4.52;0.00;34.00;0.00;;1969-05-01;4;;;PA;
DEU;DEU000320631;;MOD;2023-01-01;2100-12-31;AWA7N;AWA7N;LAURA;DE8AN;Altwarp;;N;Y;N;N;;N;;GO;GNS;LLS;;;;;5.00;0.00;1.00;0.00;0.00;30.00;0.00;3;2002-11-15;MFL;;;;2002-01-01
DEU;DEU000320637;;RET;1993-07-01;1993-07-01;NEU016C;NEU016C;---;0637;;;N;N;N;;;;;FX;GNS;NO;;;;;4.90;0.00;0.00;1.70;0.00;0.00;0.00;;1978-04-14;C19;;;PA;
DEU;DEU000320639;;MOD;2018-02-01;2100-12-31;UMM38;UMM38;---;0639;;;N;Y;N;N;;N;;GO;GNS;LLS;;;;;5.00;0.00;1.00;0.00;0.00;5.00;0.00;3;2001-02-26;MFL;;;;1985-01-01
DEU;DEU000320645;;RET;2013-02-27;2013-02-27;AHR17N;AHR17N;---;0645;;;N;N;N;;;;;FX;GNS;LLS;;;;;5.60;0.00;1.00;0.00;0.00;8.00;0.00;3;1996-04-15;MFL;;;PA;1995-01-01
DEU;DEU000320648;;RET;2002-05-02;2002-05-02;BOR2N;BOR2N;---;0648;;;N;N;N;;;;;FX;GNS;LLS;;;;;5.10;0.00;1.00;1.84;0.00;10.00;0.00;;1995-06-22;4C1;;;PA;
DEU;DEU000320653;;RET;2012-07-06;2012-07-06;POE22N;POE22N;---;0653;;;N;N;N;;;;;FX;GNS;LLS;;;;;8.00;7.55;4.00;0.00;0.00;66.00;0.00;1;1986-05-16;MFL;;;PA;1986-01-01
DEU;DEU000330300;;EXP;2000-04-04;2000-04-04;BRA8;BRA8;JADE;DEBKE;Brake;DDID;Y;N;N;;;;;TUB;TBB;PTB;;;;;22.97;20.19;96.00;69.49;0.00;220.00;0.00;2;1989-07-20;4C5;NLD;EX;PA;1984-01-01
DEU;DEU000330500;7236103;RET;2021-03-15;2021-03-15;HF572;HF572;PESORSA TRES;DEHAM;Hamburg;DFPW;Y;N;Y;Y;;Y;;LL;LLS;NO;;;;;26.72;23.50;183.00;0.00;0.00;404.00;0.00;2;1973-03-26;MFL;;;PA;1972-01-01
DEU;DEU000330603;;RET;1992-04-03;1992-04-03;WAR038;WAR038;---;0603;;;N;N;N;;;;;FX;GNS;LLS;;;;;6.10;0.00;0.00;2.54;0.00;4.00;0.00;;1950-11-11;C19;;;PA;
DEU;DEU000330606;;RET;2011-07-22;2011-07-22;WIE44N;WIE44N;MOEWE;0608;;;N;N;N;;;;;FX;GNS;LLS;;;;;8.50;6.75;2.00;4.52;0.00;37.00;0.00;2;1981-05-04;MFL;;;PA;1981-01-01
DEU;DEU000330607;;RET;2018-08-07;2018-08-07;NRE2;NRE2;---;0607;;;N;N;N;N;;N;;GO;GNS;FPO;;;;;6.37;0.00;1.00;0.00;0.00;2.00;0.00;1;1978-03-18;MFL;;;PA;1977-01-01
DEU;DEU000330608;;RET;2006-03-28;2006-03-28;LUB17;LUB17;---;0608;;;N;N;N;;;;;FX;GNS;NO;;;;;5.38;0.00;1.00;0.00;0.00;5.00;0.00;1;1965-08-08;MFL;;;PA;1948-01-01
DEU;DEU000330609;;RET;1992-10-12;1992-10-12;WAS5;WAS5;---;0609;;;N;N;N;;;;;FX;GNS;NK;;;;;8.00;0.00;0.00;4.52;0.00;22.00;0.00;;1963-02-05;C19;;;PA;
DEU;DEU000330610;;DES;1996-01-18;1996-01-18;PRU3;PRU3;---;0610;;;N;N;N;;;;;FX;GNS;LLS;;;;;11.50;10.70;0.00;13.97;0.00;40.00;0.00;;1932-12-31;C19;;;AC;
DEU;DEU000330611;;RET;2011-11-23;2011-11-23;STA17N;STA17N;---;0611;;;N;N;N;;;;;FX;GNS;LLS;;;;;5.80;0.00;1.00;2.38;0.00;3.00;0.00;1;1944-05-22;MFL;;;PA;1943-01-01
DEU;DEU000330612;;DES;1995-08-01;1995-08-01;SAS9;SAS9;---;0602;;;N;N;N;;;;;FX;GNS;GNS;;;;;6.20;0.00;0.00;2.72;0.00;4.00;0.00;;1971-04-17;C19;;;PA;
DEU;DEU000330613;;RET;1992-11-25;1992-11-25;VIA006;VIA006;---;0613;;;N;N;N;;;;;FX;GNS;LLS;;;;;4.00;0.00;0.00;1.13;0.00;5.00;0.00;;1989-09-12;C19;;;PA;
DEU;DEU000330615;;MOD;2015-11-09;2100-12-31;WOG13N;WOG13N;---;0634;;;N;Y;N;;;;;FX;GNS;FPO;;;;;9.83;8.90;6.00;0.00;0.00;37.00;0.00;1;1983-07-07;MFL;;;PA;1983-01-01
DEU;DEU000330616;;MOD;2024-08-12;2100-12-31;WOG12N;WOG12N;---;DEWOL;Wolgast;;N;Y;N;N;Y;N;;GO;GNS;LLS;;;;;7.70;6.92;1.00;0.00;0.00;9.00;0.00;2;1960-11-13;MFL;;;;1960-01-01
DEU;DEU000330617;;RET;1998-07-30;1998-07-30;VIT026;VIT026;---;0617;;;N;N;N;;;;;FX;GNS;NO;;;;;5.80;0.00;1.00;2.38;0.00;5.00;0.00;;1954-10-11;4C1;;;PA;
DEU;DEU000330618;;RET;2023-08-01;2023-08-01;RAN5;RAN5;---;DERKZ;Rankwitz;;N;N;N;N;N;N;;GO;GNS;FPO;;;;;7.98;7.10;2.00;0.00;0.00;13.00;0.00;2;1993-03-01;MFL;;;PA;1992-01-01
DEU;DEU000330619;;CHA;2014-02-13;2100-12-31;UETZ19;UETZ19;---;0621;;;N;Y;N;;;;;FX;GNS;LLS;;;;;5.06;0.00;1.00;0.00;0.00;22.00;0.00;3;2004-08-11;MFL;;;PA;2004-01-01
DEU;DEU000330624;;MOD;2023-01-01;2100-12-31;ZEM24;ZEM24;---;DEZMP;Zempin;;N;Y;N;N;Y;N;;GO;GNS;LLS;;;;;5.55;0.00;1.00;0.00;0.00;18.00;0.00;3;2010-10-26;MFL;;;;2010-01-01
DEU;DEU000330627;;MOD;2019-12-13;2100-12-31;BAA6;BAA6;MOENCHGUT;0673;;DMPZ;Y;Y;N;N;;N;;GO;GNS;LLS;;;;;10.05;9.09;14.00;0.00;0.00;79.00;0.00;2;2000-02-24;MFL;;;;2000-01-01
DEU;DEU000330628;;RET;2007-04-26;2007-04-26;GZI24;GZI24;---;0615;;;N;N;N;;;;;FX;GNS;LLS;;;;;8.60;8.50;5.00;0.00;0.00;37.00;0.00;1;1979-07-14;MFL;;;PA;1979-01-01
DEU;DEU000330631;;MOD;2024-08-01;2100-12-31;AWA18N;AWA18N;---;DE8AN;Altwarp;;N;Y;N;N;Y;N;;GO;GNS;LLS;;;;;5.00;0.00;1.00;0.00;0.00;29.00;0.00;3;2002-12-10;MFL;;;;2002-01-01
DEU;DEU000330637;;RET;2002-10-02;2002-10-02;NEU016D;NEU016D;---;0637;;;N;N;N;;;;;FX;GNS;NO;;;;;5.80;0.00;1.00;2.38;0.00;0.00;0.00;;1944-06-04;4C1;;;PA;
DEU;DEU000330639;;RET;2020-05-13;2020-05-13;THI54;THI54;---;0612;;;N;N;N;N;;N;;GO;GNS;LLS;;;;;5.60;0.00;1.00;0.00;0.00;0.00;0.00;1;1996-02-23;MFL;;;PA;1972-01-01
DEU;DEU000330645;;RET;1997-11-11;1997-11-11;NER3;NER3;---;0645;;;N;N;N;;;;;FX;GNS;LLS;;;;;4.10;0.00;1.00;1.18;0.00;4.00;0.00;;1996-11-25;4C1;;;PA;
DEU;DEU000330648;;RET;2006-10-24;2006-10-24;PRU10;PRU10;---;0661;;;N;N;N;;;;;FX;GNS;LLS;;;;;4.10;0.00;1.00;0.00;0.00;13.00;0.00;3;1997-08-26;MFL;;;PA;1997-01-01
DEU;DEU000330653;;RET;1999-04-28;1999-04-28;POE002;POE002;---;0653;;;N;N;N;;;;;FX;GNS;LLS;;;;;7.20;6.65;2.00;3.66;0.00;26.00;0.00;;1982-09-29;4C1;;;PA;
DEU;DEU000340300;;RET;2002-01-15;2002-01-15;DAN3;DAN3;SEESTERN;DEDAN;Dangast;;N;N;N;;;;;TUB;TBB;OTB;;;;;12.70;10.24;13.00;11.25;0.00;68.00;0.00;1;1964-12-10;4C5;;;PA;1931-01-01
DEU;DEU000340500;8860858;DES;2022-03-17;2022-03-17;SAS110;SAS110;WESTBANK;DESAS;Sassnitz;DGWV;Y;N;Y;Y;;Y;211390480;TTW;OTB;PTB;;;;;21.65;19.40;107.00;0.00;0.00;221.00;0.00;2;1990-07-19;MFL;;;AC;1990-01-01
DEU;DEU000340603;;RET;1992-04-03;1992-04-03;WAR031;WAR031;---;0603;;;N;N;N;;;;;FX;GNS;LLS;;;;;7.60;0.00;0.00;4.08;0.00;5.00;0.00;;1955-02-01;C19;;;PA;
DEU;DEU000340606;;RET;2007-08-14;2007-08-14;PEE1N;PEE1N;SCHWAN;0606;;;N;N;N;;;;;FX;GNS;LLS;;;;;9.15;8.15;6.00;5.72;0.00;51.00;0.00;1;1984-03-11;MFL;;;PA;1984-01-01
DEU;DEU000340607;;CHA;2023-09-01;2100-12-31;LAU10E;LAU10E;---;DELAK;"Lauterbach"", Rügen";;N;Y;N;N;Y;N;;GO;GNS;LLS;;;;;4.12;0.00;1.00;0.00;0.00;11.00;0.00;3;1980-06-03;MFL;;;PA;1980-01-01
DEU;DEU000340608;;RET;2006-03-28;2006-03-28;LUB8;LUB8;---;0608;;;N;N;N;;;;;FX;GNS;NO;;;;;5.30;0.00;1.00;0.00;0.00;0.00;0.00;1;1980-07-16;MFL;;;PA;1980-01-01
DEU;DEU000340609;;RET;1993-08-20;1993-08-20;WAS6;WAS6;---;0609;;;N;N;N;;;;;FX;GNS;NK;;;;;8.60;8.00;0.00;4.52;0.00;9.00;0.00;;1970-08-27;4;;;PA;
DEU;DEU000340611;;RET;1995-12-06;1995-12-06;STA018;STA018;---;0611;;;N;N;N;;;;;FX;GNS;NO;;;;;5.55;0.00;1.00;2.18;0.00;4.00;0.00;;1956-06-15;C19;;;PA;
DEU;DEU000340612;;RET;1996-08-28;1996-08-28;THI30;THI30;---;0612;;;N;N;N;;;;;FX;GNS;LLS;;;;;9.30;9.20;0.00;9.77;0.00;45.00;0.00;;1973-11-24;4;;;PA;
DEU;DEU000340613;;RET;1992-11-25;1992-11-25;VIA007;VIA007;ARKONA;0613;;;N;N;N;;;;;FX;GNS;LLS;;;;;4.00;0.00;0.00;1.13;0.00;5.00;0.00;;1969-07-25;C19;;;PA;
DEU;DEU000340614;;RET;2003-07-09;2003-07-09;FRE12;FRE12;---;0614;;;N;N;N;;;;;FX;GNS;NK;;;;;6.50;0.00;1.00;2.98;0.00;6.00;0.00;1;1978-03-12;MFL;;;PA;1978-01-01
DEU;DEU000340615;;RET;1991-07-18;1991-07-18;ARE014;ARE014;---;0615;;;N;N;N;;;;;FX;GNS;GNS;;;;;8.00;0.00;0.00;4.52;0.00;25.00;0.00;;1978-11-14;4;;;PA;
DEU;DEU000340616;;RET;1997-01-02;1997-01-02;LAS2;LAS2;---;0616;;;N;N;N;;;;;FX;GNS;NK;;;;;8.65;7.35;3.00;4.52;0.00;5.00;0.00;;1986-05-17;4C1;;;PA;
DEU;DEU000340617;;RET;2015-06-29;2015-06-29;VIT026AN;VIT026AN;---;0617;;;N;N;N;;;;;FX;GNS;LLS;;;;;4.60;0.00;1.00;1.50;0.00;11.00;0.00;3;1981-07-18;MFL;;;PA;1981-01-01
DEU;DEU000340618;;RET;2019-01-01;2019-01-01;AHL23N;AHL23N;---;0618;;;N;N;N;N;;N;;GO;GNS;LLS;;;;;4.88;0.00;1.00;0.00;0.00;11.00;0.00;3;1990-06-07;MFL;;;PA;1990-01-01
DEU;DEU000340624;;MOD;2023-01-01;2100-12-31;ZEM31;ZEM31;---;DEZMP;Zempin;;N;Y;N;N;Y;N;;GO;GNS;LLS;;;;;5.06;0.00;1.00;0.00;0.00;11.00;0.00;3;2013-06-27;MFL;;;;2013-01-01
DEU;DEU000340627;;RET;2011-07-11;2011-07-11;BAA16;BAA16;---;0627;;;N;N;N;;;;;FX;GNS;LLS;;;;;5.18;0.00;1.00;0.00;0.00;6.00;0.00;1;2001-10-29;MFL;;;PA;1982-01-01
DEU;DEU000340628;;RET;2000-08-23;2000-08-23;GOEH012;GOEH012;---;0628;;;N;N;N;;;;;FX;GNS;LLS;;;;;7.42;7.22;3.00;4.72;0.00;18.00;0.00;;1970-10-12;4C1;;;PA;
DEU;DEU000340631;;RET;2008-09-01;2008-09-01;AWA21NZ;AWA21NZ;---;0631;;;N;N;N;;;;;FX;GNS;LLS;;;;;5.00;0.00;1.00;0.00;0.00;14.00;0.00;3;2003-01-07;MFL;;;PA;2003-01-01
DEU;DEU000340637;;RET;1992-11-24;1992-11-24;NEU017;NEU017;---;0637;;;N;N;N;;;;;FX;GNS;NO;;;;;4.00;0.00;0.00;1.13;0.00;0.00;0.00;;1956-06-14;C19;;;PA;
DEU;DEU000340639;;RET;2010-03-09;2010-03-09;UMM32N;UMM32N;---;0639;;;N;N;N;;;;;FX;GNS;LLS;;;;;5.40;0.00;1.00;2.06;0.00;5.00;0.00;1;1996-04-26;MFL;;;PA;1941-01-01
DEU;DEU000340645;;RET;1998-05-26;1998-05-26;LAN2N;LAN2N;---;0645;;;N;N;N;;;;;FX;GNS;LLS;;;;;6.00;0.00;1.00;2.54;0.00;3.00;0.00;;1996-11-28;4C1;;;PA;
DEU;DEU000340648;;RET;2004-08-24;2004-08-24;BOR18;BOR18;---;0648;;;N;N;N;;;;;FX;GNS;LLS;;;;;4.30;0.00;1.00;2.00;0.00;6.00;0.00;3;1997-11-01;MFL;;;PA;1997-01-01
DEU;DEU000340653;;RET;2000-04-13;2000-04-13;POE006;POE006;RUEDIGER;0653;;;N;N;N;;;;;FX;GNS;LLS;;;;;9.30;8.80;5.00;6.11;0.00;76.00;0.00;;1967-07-16;4C1;;;PA;
DEU;DEU000350300;;RET;2024-12-27;2024-12-27;CUX10;CUX10;HOFFNUNG;DECUX;Cuxhaven;DESX;Y;N;Y;Y;N;Y;211458000;TU;TBB;OTB;;;;;15.73;14.38;26.00;0.00;0.00;190.00;0.00;1;1983-06-01;MFL;;;PA;1983-01-01
DEU;DEU000350603;;RET;2006-09-20;2006-09-20;WAR030N;WAR030N;---;0603;;;N;N;N;;;;;FX;GNS;LLS;;;;;5.81;0.00;1.00;0.00;0.00;6.00;0.00;1;1956-01-15;MFL;;;PA;1956-01-01
DEU;DEU000350606;;RET;2020-11-30;2020-11-30;PEE2N;PEE2N;---;0606;;;N;N;N;N;;N;;GO;GNS;LLS;;;;;7.00;0.00;1.00;0.00;0.00;6.00;0.00;1;1986-08-07;MFL;;;PA;1986-01-01
DEU;DEU000350607;;RET;2002-05-28;2002-05-28;LAU10F;LAU10F;---;0607;;;N;N;N;;;;;FX;GNS;NO;;;;;6.35;0.00;2.00;2.85;0.00;0.00;0.00;;1982-10-02;4C1;;;PA;
DEU;DEU000350608;;RET;2007-06-01;2007-06-01;WIE6;WIE6;---;0608;;;N;N;N;;;;;FX;FPO;NO;;;;;6.09;0.00;1.00;2.62;0.00;0.00;0.00;1;1975-02-10;MFL;;;PA;1960-01-01
DEU;DEU000350609;;RET;2006-11-01;2006-11-01;WAS8;WAS8;---;0609;;;N;N;N;;;;;FX;GNS;NK;;;;;8.60;7.20;2.00;0.00;0.00;9.00;0.00;1;1980-07-15;MFL;;;PA;1980-01-01
DEU;DEU000350610;;RET;2023-06-30;2023-06-30;BOD9;BOD9;---;DEBBH;Barth;;N;N;N;N;N;N;;GO;GNS;LLS;;;;;7.15;0.00;2.00;0.00;0.00;40.00;0.00;3;1995-06-26;MFL;;;PA;1989-01-01
DEU;DEU000350611;;RET;2009-10-27;2009-10-27;STA019;STA019;---;0611;;;N;N;N;;;;;FX;FPO;NO;;;;;5.65;0.00;1.00;2.26;0.00;0.00;0.00;1;1955-04-17;MFL;;;PA;1954-01-01
DEU;DEU000350612;;RET;2001-07-02;2001-07-02;BAA2;BAA2;---;0627;;;N;N;N;;;;;FX;GNS;LLS;;;;;6.50;0.00;1.00;2.98;0.00;9.00;0.00;;1990-06-17;4C1;;;PA;
DEU;DEU000350613;;EXP;1993-07-21;1993-07-21;BRE31;BRE31;FLOTTBEK;0613;;Y4NP;Y;N;N;;;;;FX;OTM;OTM;;;;;25.96;0.00;0.00;117.00;0.00;221.00;0.00;;1990-06-01;G20;;;;
DEU;DEU000350614;;RET;2004-11-11;2004-11-11;FRE13;FRE13;---;0614;;;N;N;N;;;;;FX;GNS;LLS;;;;;5.70;0.00;1.00;2.29;0.00;6.00;0.00;1;1982-11-14;MFL;;;PA;1982-01-01
DEU;DEU000350615;;RET;2006-07-26;2006-07-26;ARE17;ARE17;---;0615;;;N;N;N;;;;;FX;GNS;LLS;;;;;8.06;7.90;4.00;0.00;0.00;22.00;0.00;3;1980-07-07;MFL;;;PA;1980-01-01
DEU;DEU000350616;;RET;1993-03-22;1993-03-22;BAL8;BAL8;---;0616;;;N;N;N;;;;;FX;GNS;LLS;;;;;9.00;0.00;0.00;5.72;0.00;38.00;0.00;;1970-03-15;4;;;PA;
DEU;DEU000350617;;RET;2001-02-13;2001-02-13;VIT27N;VIT27N;---;0617;;;N;N;N;;;;;FX;GNS;NO;;;;;6.00;0.00;1.00;2.54;0.00;33.00;0.00;;1980-02-16;4C1;;;PA;
DEU;DEU000350618;;RET;2004-06-07;2004-06-07;AHL19;AHL19;---;0618;;;N;N;N;;;;;FX;GNS;LLS;;;;;7.30;0.00;2.00;2.50;0.00;11.00;0.00;1;1960-01-01;MFL;;;PA;1960-01-01
DEU;DEU000350624;;RET;2023-12-31;2023-12-31;ZEM32N;ZEM32N;---;DEZMP;Zempin;;N;N;N;N;N;N;;GO;GNS;LLS;;;;;4.15;0.00;1.00;0.00;0.00;7.00;0.00;3;2014-01-31;MFL;;;PA;1989-01-01
DEU;DEU000350627;;MOD;2020-09-24;2100-12-31;GAG2;GAG2;---;0615;;;N;Y;N;N;;N;;GO;GNS;LLS;;;;;5.90;0.00;1.00;0.00;0.00;0.00;0.00;1;2003-03-03;MFL;;;PA;1985-01-01
DEU;DEU000350628;;RET;1998-03-26;1998-03-26;GOEH012B;GOEH012B;---;0628;;;N;N;N;;;;;FX;GNS;LLS;;;;;8.84;8.14;5.00;8.20;0.00;34.00;0.00;;1990-09-02;4C1;;;PA;
DEU;DEU000350631;;MOD;2022-01-01;2100-12-31;AWA22;AWA22;---;DE8AN;Altwarp;;N;Y;N;N;;N;;GO;GNS;LLS;;;;;9.97;0.00;7.00;0.00;0.00;73.00;0.00;2;2004-01-23;MFL;;;;2004-01-01
DEU;DEU000350637;;RET;1992-11-24;1992-11-24;NEU018;NEU018;---;0637;;;N;N;N;;;;;FX;GNS;NO;;;;;3.70;0.00;0.00;0.90;0.00;0.00;0.00;;1976-05-14;C19;;;PA;
DEU;DEU000350639;;RET;2013-02-04;2013-02-04;UMM33N;UMM33N;---;0639;;;N;N;N;;;;;FX;GNS;LLS;;;;;4.07;0.00;1.00;1.17;0.00;6.00;0.00;3;1997-07-10;MFL;;;PA;1997-01-01
DEU;DEU000350645;;MOD;2016-01-01;2100-12-31;RIB15;RIB15;---;0645;;;N;Y;N;;;;;FX;GNS;LLS;;;;;6.80;0.00;1.00;0.00;0.00;8.00;0.00;2;1997-03-25;MFL;;;;1997-01-01
DEU;DEU000350648;;MOD;2025-02-01;2100-12-31;PRU11;PRU11;---;DEPCE;Pruchten;;N;Y;N;N;Y;N;;GO;GNS;LLS;;;;;4.00;0.00;1.00;0.00;0.00;11.00;0.00;3;2000-03-03;MFL;;;PA;1999-01-01
DEU;DEU000350653;;RET;1994-09-23;1994-09-23;POE009;POE009;---;0653;;;N;N;N;;;;;FX;GNS;LLS;;;;;11.80;10.35;0.00;9.80;0.00;140.00;0.00;;1981-02-18;4;;;PA;
DEU;DEU000360300;;MOD;2015-01-01;2100-12-31;CUX14;CUX14;SAPHIR;0301;;DFAX;Y;Y;Y;;;;;FX;TBB;OTB;;;;;16.38;14.47;41.00;27.84;0.00;207.00;0.00;2;1987-04-12;MFL;;;;1987-01-01
DEU;DEU000360603;;RET;1992-04-02;1992-04-02;WAR014;WAR014;---;0603;;;N;N;N;;;;;FX;GNS;LLS;;;;;6.00;0.00;0.00;2.54;0.00;4.00;0.00;;1950-04-30;C19;;;PA;
DEU;DEU000360606;;RET;2002-10-02;2002-10-02;TRA1;TRA1;---;0626;;;N;N;N;;;;;FX;GNS;LLS;;;;;6.30;0.00;2.00;2.80;0.00;43.00;0.00;;1975-05-14;4C1;;;PA;
DEU;DEU000360607;;RET;2008-05-07;2008-05-07;LAU10G;LAU10G;---;0607;;;N;N;N;;;;;FX;GNS;LLS;;;;;4.10;0.00;1.00;1.19;0.00;4.00;0.00;3;1983-03-13;MFL;;;PA;1983-01-01
DEU;DEU000360608;;DES;1995-07-17;1995-07-17;WIE4;WIE4;---;0608;;;N;N;N;;;;;FX;GNS;NO;;;;;6.09;0.00;1.00;2.62;0.00;0.00;0.00;;1985-08-03;C19;;;PA;
DEU;DEU000360609;;RET;1994-01-02;1994-01-02;WAS9;WAS9;---;0609;;;N;N;N;;;;;FX;GNS;NO;;;;;4.50;0.00;0.00;1.43;0.00;0.00;0.00;;1983-03-12;C19;;;PA;
DEU;DEU000360610;;RET;2002-03-11;2002-03-11;BAR7;BAR7;---;0610;;;N;N;N;;;;;FX;GNS;NK;;;;;5.00;0.00;1.00;2.50;0.00;3.00;0.00;;1998-05-26;4C1;;;PA;
DEU;DEU000360611;;MOD;2017-07-01;2100-12-31;STA020N;STA020N;---;DESHY;Stahlbrode;;N;Y;N;N;Y;N;;GO;GNS;FPO;;;;;5.40;0.00;1.00;0.00;0.00;7.00;0.00;1;1974-04-02;MFL;;;;1973-01-01
DEU;DEU000360612;;RET;1993-04-05;1993-04-05;THI038;THI038;---;0612;;;N;N;N;;;;;FX;GNS;LLS;;;;;4.90;0.00;0.00;1.70;0.00;5.00;0.00;;1975-04-12;C19;;;PA;
DEU;DEU000360613;;DES;1992-06-01;1992-06-01;NEK2;NEK2;---;0613;;;N;N;N;;;;;FX;GNS;NO;;;;;6.90;0.00;0.00;3.32;0.00;5.00;0.00;;1978-06-18;C19;;;PA;
DEU;DEU000360614;;RET;1993-04-13;1993-04-13;FRE14;FRE14;---;0614;;;N;N;N;;;;;FX;GNS;NO;;;;;5.50;0.00;0.00;2.13;0.00;0.00;0.00;;1981-08-11;4;;;PA;
DEU;DEU000360615;;RET;2001-08-13;2001-08-13;ARE18;ARE18;---;0615;;;N;N;N;;;;;FX;GNS;LLS;;;;;6.40;6.26;1.00;2.79;0.00;17.00;0.00;;1950-06-17;4C1;;;PA;
DEU;DEU000360616;;RET;2018-02-20;2018-02-20;LAS21N;LAS21N;---;0616;;;N;N;N;N;;N;;GO;GNS;LLS;;;;;4.90;0.00;1.00;0.00;0.00;18.00;0.00;3;1990-01-20;MFL;;;PA;1990-01-01
DEU;DEU000360617;;RET;2000-05-11;2000-05-11;VIT27AN;VIT27AN;---;0617;;;N;N;N;;;;;FX;GNS;NO;;;;;4.20;0.00;1.00;1.25;0.00;2.00;0.00;;1982-08-23;4C1;;;PA;
DEU;DEU000360618;;RET;1996-08-01;1996-08-01;AHL1;AHL1;---;0618;;;N;N;N;;;;;FX;GNS;LLS;;;;;5.60;0.00;2.00;2.95;0.00;11.00;0.00;;1995-08-19;C19;;;PA;
DEU;DEU000360624;;CST;2017-07-01;2100-12-31;ZEM33;ZEM33;FRÃ¤NZI;0624;;;N;Y;N;;;;;FX;GNS;LLS;;;;;4.65;0.00;1.00;0.00;0.00;14.00;0.00;3;2017-07-01;MFL;;;PA;2017-01-01
DEU;DEU000360627;;RET;2010-08-19;2010-08-19;BAA22;BAA22;---;0627;;;N;N;N;;;;;FX;GNS;LLS;;;;;6.73;0.00;1.00;0.00;0.00;9.00;0.00;2;2003-10-01;MFL;;;PA;1987-01-01
DEU;DEU000360628;;RET;2010-01-29;2010-01-29;KROE8;KROE8;MENDY;0623;;;N;N;N;;;;;FX;GNS;LLS;;;;;8.12;7.52;4.00;6.88;0.00;42.00;0.00;1;1968-06-17;MFL;;;PA;1968-01-01
DEU;DEU000360631;;MOD;2023-10-15;2100-12-31;AWA23;AWA23;---;DE8AN;Altwarp;;N;Y;N;N;Y;N;;GO;GNS;FPO;;;;;7.98;0.00;4.00;0.00;0.00;48.00;0.00;2;2004-07-02;MFL;;;;2004-01-01
DEU;DEU000360637;;RET;2006-05-18;2006-05-18;NEU019;NEU019;---;0637;;;N;N;N;;;;;FX;GNS;LLS;;;;;4.20;0.00;1.00;0.00;0.00;11.00;0.00;3;1973-05-19;MFL;;;PA;1973-01-01
DEU;DEU000360639;;CHA;2012-01-27;2100-12-31;UMM52N;UMM52N;---;0639;;;N;Y;N;;;;;FX;GNS;FPO;;;;;6.00;0.00;1.00;0.00;0.00;4.00;0.00;1;2000-05-23;MFL;;;PA;1984-01-01
DEU;DEU000360645;;RET;1997-10-20;1997-10-20;RIB4;RIB4;---;0645;;;N;N;N;;;;;FX;GNS;LLS;;;;;7.25;0.00;1.00;1.63;0.00;17.00;0.00;;1997-04-15;4C1;;;PA;
DEU;DEU000360648;;MOD;2020-01-01;2100-12-31;PRU12;PRU12;---;0661;;;N;Y;N;N;;N;;GO;GNS;LLS;;;;;4.95;0.00;1.00;0.00;0.00;22.00;0.00;3;2000-08-28;MFL;;;;2000-01-01
DEU;DEU000360653;;RET;1994-07-27;1994-07-27;POE025;POE025;---;0653;;;N;N;N;;;;;FX;GNS;LLS;;;;;7.00;0.00;0.00;3.46;0.00;26.00;0.00;;1990-09-25;C19;;;PA;
DEU;DEU000370300;;RET;2008-06-03;2008-06-03;PEL4;PEL4;STOER;DEPEL;Pellworm;DFAT;Y;N;N;;;;;TUB;TBB;GNS;;;;;14.64;13.37;22.00;19.96;0.00;221.00;0.00;1;1962-03-15;MFL;;;PA;1961-01-01
DEU;DEU000370603;;RET;1992-04-02;1992-04-02;WAR013;WAR013;---;0603;;;N;N;N;;;;;FX;GNS;LLS;;;;;5.00;0.00;0.00;1.76;0.00;14.00;0.00;;1983-06-07;C19;;;PA;
DEU;DEU000370606;;EXP;2006-10-17;2006-10-17;KAR48;KAR48;STEFFI;0606;;DF6435;Y;N;N;;;;;FX;OTB;PTB;;;;;11.54;10.75;22.00;0.00;0.00;147.00;0.00;2;1999-03-12;MFL;POL;EX;PA;1999-01-01
DEU;DEU000370607;;RET;2009-06-04;2009-06-04;NRE01A;NRE01A;---;0607;;;N;N;N;;;;;FX;GNS;NO;;;;;5.35;0.00;1.00;2.00;0.00;0.00;0.00;1;1980-03-07;MFL;;;PA;1980-01-01
DEU;DEU000370608;;RET;2006-03-14;2006-03-14;WIE15N;WIE15N;---;0608;;;N;N;N;;;;;FX;GNS;LLS;;;;;7.80;0.00;2.00;0.00;0.00;15.00;0.00;2;1988-05-17;MFL;;;PA;1988-01-01
DEU;DEU000370609;;RET;1992-10-12;1992-10-12;WAS10;WAS10;---;0609;;;N;N;N;;;;;FX;GNS;NO;;;;;5.00;0.00;0.00;1.77;0.00;0.00;0.00;;1984-07-22;C19;;;PA;
DEU;DEU000370610;;MOD;2024-11-28;2100-12-31;BOD10;BOD10;---;DEBBH;Barth;;N;Y;N;N;N;N;;GO;GNS;LLS;;;;;4.65;0.00;1.00;0.00;0.00;15.00;0.00;3;1998-11-02;MFL;;;;1995-01-01
DEU;DEU000370611;;RET;1992-06-01;1992-06-01;STA021;STA021;---;0611;;;N;N;N;;;;;FX;GNS;NO;;;;;5.50;0.00;0.00;2.14;0.00;0.00;0.00;;1969-05-18;C19;;;PA;
DEU;DEU000370612;;RET;2005-03-09;2005-03-09;THI17B;THI17B;---;0612;;;N;N;N;;;;;FX;GNS;LLS;;;;;3.50;0.00;1.00;0.87;0.00;0.00;0.00;1;1970-07-05;MFL;;;PA;1970-01-01
DEU;DEU000370613;;DES;1992-06-01;1992-06-01;NEK1;NEK1;---;0613;;;N;N;N;;;;;FX;GNS;NO;;;;;7.40;0.00;0.00;3.87;0.00;7.00;0.00;;1965-08-19;C19;;;PA;
DEU;DEU000370614;;DES;1994-08-10;1994-08-10;FRE15;FRE15;---;0614;;;N;N;N;;;;;FX;GNS;NK;;;;;5.00;0.00;0.00;1.76;0.00;0.00;0.00;;1977-07-05;C19;;;PA;
DEU;DEU000370615;;RET;1991-07-24;1991-07-24;GAG024;GAG024;---;0615;;;N;N;N;;;;;FX;GNS;LLS;;;;;6.10;0.00;0.00;2.63;0.00;20.00;0.00;;1982-06-10;4;;;PA;
DEU;DEU000370616;;RET;2014-03-11;2014-03-11;WAT10N;WAT10N;---;0616;;;N;N;N;;;;;FX;GNS;LLS;;;;;7.92;7.30;2.00;0.00;0.00;26.00;0.00;2;1991-08-25;MFL;;;PA;1991-01-01
DEU;DEU000370617;;RET;2007-01-09;2007-01-09;VIT028;VIT028;---;0617;;;N;N;N;;;;;FX;GNS;NO;;;;;4.60;0.00;1.00;0.00;0.00;5.00;0.00;1;1965-04-14;MFL;;;PA;1965-01-01
DEU;DEU000370618;;RET;2014-01-21;2014-01-21;AHL32N;AHL32N;---;0618;;;N;N;N;;;;;FX;GNS;LLS;;;;;6.40;0.00;2.00;2.89;0.00;26.00;0.00;1;1996-09-10;MFL;;;PA;1965-01-01
DEU;DEU000370624;;RET;2018-08-01;2018-08-01;ZEM34;ZEM34;---;0624;;;N;N;N;N;;N;;GO;GNS;FPO;;;;;4.60;0.00;1.00;0.00;0.00;30.00;0.00;3;2018-01-01;MFL;;;PA;1995-01-01
DEU;DEU000370626;;RET;1994-09-02;1994-09-02;TRA2;TRA2;---;0626;;;N;N;N;;;;;FX;GNS;LLS;;;;;6.40;0.00;0.00;2.89;0.00;6.00;0.00;;1975-07-11;C19;;;PA;
DEU;DEU000370627;;CHA;2023-01-04;2100-12-31;BAA18;BAA18;---;DELB2;Lobbe;;N;Y;N;N;Y;N;;GO;GNS;LLS;;;;;5.05;0.00;1.00;0.00;0.00;6.00;0.00;3;2005-04-05;MFL;;;PA;2005-01-01
DEU;DEU000370628;;RET;1994-07-01;1994-07-01;GOEH018;GOEH018;---;0628;;;N;N;N;;;;;FX;GNS;LLS;;;;;7.00;0.00;0.00;4.43;0.00;10.00;0.00;;1971-09-30;4;;;PA;
DEU;DEU000370631;;MOD;2023-01-01;2100-12-31;RIT6;RIT6;Anja-Marie;DEUCK;Ueckermünde;;N;Y;N;N;;N;;GO;GNS;LLS;;;;;9.75;0.00;5.00;0.00;0.00;24.00;0.00;1;2010-11-08;MFL;;;;1990-01-01
DEU;DEU000370637;;RET;2010-05-03;2010-05-03;NEU019A;NEU019A;---;0637;;;N;N;N;;;;;FX;GNS;LLS;;;;;4.40;0.00;1.00;1.37;0.00;11.00;0.00;3;1985-03-11;MFL;;;PA;1985-01-01
DEU;DEU000370639;;RET;2007-06-29;2007-06-29;UMM35;UMM35;---;0639;;;N;N;N;;;;;FX;GNS;LLS;;;;;5.60;0.00;1.00;0.00;0.00;30.00;0.00;3;2000-06-26;MFL;;;PA;1995-01-01
DEU;DEU000370645;;MOD;2010-02-24;2100-12-31;RIB5;RIB5;---;0645;;;N;Y;N;;;;;FX;GNS;LLS;;;;;6.80;0.00;1.00;3.27;0.00;13.00;0.00;2;1997-10-21;MFL;;;;1997-01-01
DEU;DEU000370648;;RET;2011-12-02;2011-12-02;BOR19N;BOR19N;---;0648;;;N;N;N;;;;;FX;GNS;LLS;;;;;5.64;0.00;1.00;0.00;0.00;11.00;0.00;2;2004-04-20;MFL;;;PA;2004-01-01
DEU;DEU000370653;;RET;1998-12-30;1998-12-30;POE035;POE035;CORINA;0653;;;N;N;N;;;;;FX;GNS;NK;;;;;5.80;0.00;1.00;2.38;0.00;11.00;0.00;;1980-05-21;4C1;;;PA;
DEU;DEU000380300;;RET;2009-02-26;2009-02-26;DOR8;DOR8;DELPHIN;DE75Q;Dorum;DEUP;Y;N;N;;;;;TUB;TBB;OTB;;;;;14.25;13.42;17.00;16.53;0.00;151.00;0.00;1;1966-05-01;MFL;;;PA;1966-01-01
DEU;DEU000380603;;RET;1992-04-02;1992-04-02;WAR012;WAR012;---;0603;;;N;N;N;;;;;FX;GNS;LLS;;;;;6.50;0.00;0.00;2.98;0.00;4.00;0.00;;1963-10-10;C19;;;PA;
DEU;DEU000380606;;RET;2010-11-08;2010-11-08;KAR12;KAR12;---;0606;;;N;N;N;;;;;FX;GNS;LLS;;;;;7.10;0.00;2.00;0.00;0.00;21.00;0.00;1;2002-12-13;MFL;;;PA;2002-01-01
DEU;DEU000380607;;RET;2001-10-26;2001-10-26;NRE02;NRE02;---;0602;;;N;N;N;;;;;FX;GNS;NO;;;;;5.20;0.00;1.00;2.00;0.00;0.00;0.00;;1951-04-11;4C1;;;PA;
DEU;DEU000380608;;RET;1997-07-20;1997-07-20;WIE40;WIE40;---;0608;;DH4316;Y;N;N;;;;;FX;GNS;NK;;;;;4.08;0.00;1.00;1.20;0.00;6.00;0.00;;1995-03-21;4C1;;;PA;
DEU;DEU000380609;;RET;2012-03-08;2012-03-08;WAS11N;WAS11N;---;0609;;;N;N;N;;;;;FX;GNS;LLS;;;;;9.00;8.40;3.00;4.99;0.00;37.00;0.00;2;1987-03-04;MFL;;;PA;1987-01-01
DEU;DEU000380610;;MOD;2024-11-28;2100-12-31;BOD12;BOD12;---;DEBBH;Barth;;N;Y;N;N;N;N;;GO;GNS;LLS;;;;;5.10;0.00;1.00;0.00;0.00;3.00;0.00;1;1999-06-07;MFL;;;;1988-01-01
DEU;DEU000380611;;MOD;2020-12-10;2100-12-31;STA022N;STA022N;---;0611;;;N;Y;N;N;;N;;GO;GNS;FPO;;;;;5.70;0.00;1.00;0.00;0.00;7.00;0.00;1;1983-07-28;MFL;;;;1982-01-01
DEU;DEU000380612;;RET;1992-02-06;1992-02-06;KZI004;KZI004;---;0612;;;N;N;N;;;;;FX;GNS;LLS;;;;;9.00;0.00;0.00;5.72;0.00;38.00;0.00;;1978-10-20;C19;;;PA;
DEU;DEU000380613;;RET;1992-01-01;1992-01-01;GLO4;GLO4;---;0613;;;N;N;N;;;;;FX;GNS;LLS;;;;;7.20;0.00;0.00;3.66;0.00;22.00;0.00;;1984-12-31;4;;;PA;
DEU;DEU000380614;;RET;1996-03-05;1996-03-05;FRE16;FRE16;---;0614;;;N;N;N;;;;;FX;GNS;NK;;;;;8.00;6.80;0.00;1.95;0.00;6.00;0.00;;1980-07-19;4;;;PA;
DEU;DEU000380615;;RET;1996-01-23;1996-01-23;GAG14;GAG14;---;0615;;;N;N;N;;;;;FX;GNS;LLS;;;;;9.30;9.20;0.00;12.68;0.00;38.00;0.00;;1987-08-10;4;;;PA;
DEU;DEU000380616;;RET;2001-04-27;2001-04-27;WAT20;WAT20;---;0616;;;N;N;N;;;;;FX;GNS;LLS;;;;;6.50;0.00;1.00;2.98;0.00;5.00;0.00;;1968-12-31;4C1;;;PA;
DEU;DEU000380617;;RET;2006-07-21;2006-07-21;VIT29N;VIT29N;---;0617;;;N;N;N;;;;;FX;GNS;NO;;;;;5.70;0.00;1.00;2.30;0.00;6.00;0.00;1;1988-03-22;MFL;;;PA;1988-01-01
DEU;DEU000380618;;RET;2019-02-28;2019-02-28;LUB3;LUB3;---;0608;;;N;N;N;N;;N;;GO;GNS;LLS;;;;;5.53;0.00;1.00;0.00;0.00;36.00;0.00;3;1998-12-03;MFL;;;PA;1998-01-01
DEU;DEU000380624;;RET;2022-06-15;2022-06-15;ZEM35;ZEM35;---;DEZMP;Zempin;;N;N;N;N;;N;;GO;GNS;FPO;;;;;5.06;0.00;1.00;0.00;0.00;30.00;0.00;3;2019-12-01;MFL;;;PA;2017-01-01
DEU;DEU000380626;;RET;1993-01-11;1993-01-11;TRA3;TRA3;---;0626;;;N;N;N;;;;;FX;GNS;LLS;;;;;4.30;0.00;0.00;1.30;0.00;0.00;0.00;;1986-06-12;C19;;;PA;
DEU;DEU000380627;;CHA;2008-06-30;2100-12-31;BAA31;BAA31;---;0627;;;N;Y;N;;;;;FX;GNS;LLS;;;;;5.52;0.00;1.00;0.00;0.00;4.00;0.00;1;2008-06-30;MFL;;;PA;1983-01-01
DEU;DEU000380628;;RET;2000-11-06;2000-11-06;GOEH027;GOEH027;---;0628;;;N;N;N;;;;;FX;GNS;LLS;;;;;8.69;8.39;5.00;6.88;0.00;30.00;0.00;;1966-03-11;4C1;;;PA;
DEU;DEU000380631;;RET;2022-01-01;2022-01-01;RIT8N;RIT8N;---;DE8AN;Altwarp;;N;N;N;N;;N;;GO;GNS;LLS;;;;;9.00;0.00;3.00;0.00;0.00;22.00;0.00;2;2011-11-25;MFL;;;PA;2003-01-01
DEU;DEU000380637;;RET;2007-07-06;2007-07-06;NEU020;NEU020;---;0637;;;N;N;N;;;;;FX;GNS;LLS;;;;;4.40;0.00;1.00;1.37;0.00;7.00;0.00;4;1985-03-27;MFL;;;PA;1985-01-01
DEU;DEU000380639;;RET;2008-07-18;2008-07-18;UMM36N;UMM36N;---;0639;;;N;N;N;;;;;FX;GNS;LLS;;;;;4.15;0.00;1.00;0.00;0.00;7.00;0.00;3;2000-12-27;MFL;;;PA;2000-01-01
DEU;DEU000380645;;RET;2018-08-31;2018-08-31;PRU18;PRU18;---;0610;;;N;N;N;N;;N;;GO;GNS;LLS;;;;;7.50;0.00;1.00;0.00;0.00;15.00;0.00;3;1997-11-18;MFL;;;PA;1997-01-01
DEU;DEU000380653;;RET;2007-05-08;2007-05-08;POE008N;POE008N;---;0653;;;N;N;N;;;;;FX;GNS;LLS;;;;;9.00;8.35;6.00;0.00;0.00;66.00;0.00;1;1986-06-22;MFL;;;PA;1986-01-01
DEU;DEU000390300;;MOD;2022-05-02;2100-12-31;NEU227;NEU227;HARMONIE;DENHS;Neuharlingersiel;DESC;Y;Y;Y;Y;;Y;211648620;TU;TBB;OTB;;;;;15.64;14.11;25.00;0.00;0.00;221.00;0.00;1;1981-11-11;MFL;;;;1981-01-01
DEU;DEU000390602;;RET;1996-04-26;1996-04-26;BAA01;BAA01;---;0627;;;N;N;N;;;;;FX;GNS;LLS;;;;;8.70;8.60;2.00;7.89;0.00;37.00;0.00;;1986-07-01;C19;;;PA;
DEU;DEU000390603;;RET;1992-04-02;1992-04-02;WAR011;WAR011;---;0603;;;N;N;N;;;;;FX;GNS;LLS;;;;;6.20;0.00;0.00;2.71;0.00;4.00;0.00;;1950-08-07;C19;;;PA;
DEU;DEU000390606;;RET;1998-01-03;1998-01-03;ZEW1N;ZEW1N;---;0606;;;N;N;N;;;;;FX;GNS;LLS;;;;;5.20;0.00;1.00;1.91;0.00;4.00;0.00;;1985-03-02;4C1;;;PA;
DEU;DEU000390607;;RET;2007-12-11;2007-12-11;NRE3;NRE3;---;0607;;;N;N;N;;;;;FX;GNS;LLS;;;;;5.17;0.00;1.00;2.00;0.00;0.00;0.00;1;1979-03-03;MFL;;;PA;1979-01-01
DEU;DEU000390608;;RET;2016-04-01;2016-04-01;LUB22;LUB22;---;0608;;;N;N;N;;;;;FX;GNS;LLS;;;;;5.06;0.00;1.00;0.00;0.00;15.00;0.00;3;1995-05-19;MFL;;;PA;1995-01-01
DEU;DEU000390609;;RET;1994-08-31;1994-08-31;WAS13;WAS13;---;0609;;;N;N;N;;;;;FX;GNS;NK;;;;;8.50;8.00;0.00;4.87;0.00;7.00;0.00;;1964-07-02;C19;;;PA;
DEU;DEU000390610;;MOD;2024-11-28;2100-12-31;BOD18;BOD18;---;DE5B6;Bodstedt;;N;Y;N;N;N;N;;GO;GNS;FPO;;;;;5.50;0.00;1.00;0.00;0.00;37.00;0.00;3;1999-10-13;MFL;;;;1999-01-01
DEU;DEU000390611;;RET;1992-02-04;1992-02-04;GRI01;GRI01;---;0611;;;N;N;N;;;;;FX;GNS;NO;;;;;6.00;0.00;0.00;2.54;0.00;5.00;0.00;;1977-03-14;C19;;;PA;
DEU;DEU000390612;;RET;2022-01-28;2022-01-28;THI06;THI06;---;DETS2;Thiessow;;N;N;N;N;;N;;GO;GNS;LLS;;;;;6.00;0.00;1.00;0.00;0.00;10.00;0.00;1;1980-06-14;MFL;;;PA;1980-01-01
DEU;DEU000390613;;RET;1992-02-01;1992-02-01;GLO7;GLO7;---;0613;;;N;N;N;;;;;FX;GNS;LLS;;;;;6.80;0.00;0.00;3.27;0.00;22.00;0.00;;1982-12-31;C19;;;PA;
DEU;DEU000390615;;RET;1993-04-05;1993-04-05;ARE004A;ARE004A;---;0615;;;N;N;N;;;;;FX;GNS;LLS;;;;;4.10;0.00;0.00;1.19;0.00;5.00;0.00;;1981-05-10;C19;;;PA;
DEU;DEU000390616;;MOD;2008-09-30;2100-12-31;RIT5;RIT5;---;0609;;;N;Y;N;;;;;FX;GNS;LLS;;;;;7.98;7.10;2.00;0.00;0.00;13.00;0.00;2;1991-06-16;MFL;;;;1991-01-01
DEU;DEU000390617;;RET;1992-11-17;1992-11-17;VIT030;VIT030;---;0617;;;N;N;N;;;;;FX;GNS;NO;;;;;4.60;0.00;0.00;1.50;0.00;5.00;0.00;;1974-06-11;C19;;;PA;
DEU;DEU000390618;;MOD;2012-01-01;2100-12-31;AHL34;AHL34;---;0618;;;N;Y;N;;;;;FX;GNS;LLS;;;;;4.65;0.00;1.00;1.52;0.00;30.00;0.00;3;1999-03-22;MFL;;;;1999-01-01
DEU;DEU000390624;;MOD;2020-12-31;2100-12-31;ZEM9;ZEM9;---;DEZMP;Zempin;;N;Y;N;N;N;N;;GO;GNS;LLS;;;;;5.50;0.00;1.00;0.00;0.00;41.00;0.00;3;2020-05-14;MFL;;;PA;2020-01-01
DEU;DEU000390627;;MOD;2020-10-12;2100-12-31;KZI31N;KZI31N;---;0663;;;N;Y;N;N;;N;;GO;GNS;LLS;;;;;4.88;0.00;1.00;0.00;0.00;11.00;0.00;3;2009-02-10;MFL;;;;2006-01-01
DEU;DEU000390631;;RET;2023-12-31;2023-12-31;AWA28N;AWA28N;---;DE8AN;Altwarp;;N;N;N;N;N;N;;GO;GNS;LLS;;;;;8.50;0.00;3.00;0.00;0.00;9.00;0.00;2;2012-02-10;MFL;;;PA;1981-01-01
DEU;DEU000390637;;RET;1992-10-19;1992-10-19;NEU020A;NEU020A;---;0637;;;N;N;N;;;;;FX;GNS;NO;;;;;4.40;0.00;0.00;1.40;0.00;0.00;0.00;;1975-03-17;C19;;;PA;
DEU;DEU000390639;;MOD;2018-02-01;2100-12-31;UMM39;UMM39;---;0639;;;N;Y;N;N;;N;;GO;GNS;LLS;;;;;4.77;0.00;1.00;0.00;0.00;20.00;0.00;3;2001-03-26;MFL;;;;2001-01-01
DEU;DEU000390645;;MOD;2019-10-11;2100-12-31;RIB16;RIB16;---;0645;;;N;Y;N;N;;N;;GO;GNS;LLS;;;;;7.50;0.00;1.00;0.00;0.00;15.00;0.00;3;1997-11-17;MFL;;;PA;1997-01-01
DEU;DEU000390648;;RET;2007-09-18;2007-09-18;NER6;NER6;---;0645;;;N;N;N;;;;;FX;GNS;LLS;;;;;4.32;0.00;1.00;0.00;0.00;5.00;0.00;3;2000-10-02;MFL;;;PA;2000-01-01
DEU;DEU000390653;;RET;2013-02-05;2013-02-05;POE010N;POE010N;---;0653;;;N;N;N;;;;;FX;GNS;LLS;;;;;9.60;8.70;8.00;6.51;0.00;39.00;0.00;1;1987-03-12;MFL;;;PA;1987-01-01
DEU;DEU000400300;;RET;2003-12-12;2003-12-12;CUX4;CUX4;DITHMARSCHEN;DECUX;Cuxhaven;DIZM;Y;N;N;;;;;TUB;TBB;OTB;;;;;14.25;13.05;22.00;18.35;0.00;125.00;0.00;1;1968-04-01;MFL;;;PA;1959-01-01
DEU;DEU000400603;;RET;1992-04-02;1992-04-02;WAR023;WAR023;---;0603;;;N;N;N;;;;;FX;GNS;LLS;;;;;6.20;0.00;0.00;2.71;0.00;4.00;0.00;;1979-05-15;C19;;;PA;
DEU;DEU000400606;;RET;1999-04-20;1999-04-20;ZEW2N;ZEW2N;---;0606;;;N;N;N;;;;;FX;GNS;LLS;;;;;6.40;0.00;1.00;2.89;0.00;6.00;0.00;;1988-10-22;4C1;;;PA;
DEU;DEU000400607;;MOD;2022-01-19;2100-12-31;NRE4N;NRE4N;---;DELAK;"Lauterbach"", Rügen";;N;Y;N;N;N;N;;GO;GNS;LLS;;;;;4.60;0.00;1.00;0.00;0.00;5.00;0.00;1;1991-12-31;MFL;;;;1932-01-01
DEU;DEU000400609;;RET;2006-09-15;2006-09-15;UEK42;UEK42;---;0609;;;N;N;N;;;;;FX;GNS;LLS;;;;;8.65;8.05;3.00;0.00;0.00;9.00;0.00;1;1991-12-31;MFL;;;PA;1979-01-01
DEU;DEU000400610;;RET;2001-10-26;2001-10-26;BOD13;BOD13;---;0610;;;N;N;N;;;;;FX;GNS;LLS;;;;;4.95;0.00;1.00;0.00;0.00;22.00;0.00;;2001-04-10;4C1;;;PA;
DEU;DEU000400611;;RET;2007-11-23;2007-11-23;GRI03;GRI03;HEIMAT;0611;;;N;N;N;;;;;FX;GNS;LLS;;;;;6.00;0.00;1.00;2.54;0.00;0.00;0.00;1;1978-06-19;MFL;;;PA;1978-01-01
DEU;DEU000400612;;RET;2001-10-26;2001-10-26;KZI08;KZI08;---;0612;;;N;N;N;;;;;FX;GNS;NK;;;;;5.00;0.00;1.00;1.77;0.00;8.00;0.00;;1965-05-12;4C1;;;PA;
DEU;DEU000400613;;RET;2001-10-26;2001-10-26;SAS5;SAS5;---;0602;;;N;N;N;;;;;FX;GNS;LLS;;;;;6.55;6.22;2.00;3.85;0.00;11.00;0.00;;1991-12-09;4C1;;;PA;
DEU;DEU000400614;;RET;2002-11-11;2002-11-11;FRE017;FRE017;---;0614;;;N;N;N;;;;;FX;GNS;NK;;;;;5.00;0.00;1.00;1.76;0.00;18.00;0.00;;1979-07-19;4C1;;;PA;
DEU;DEU000400615;;RET;1999-09-01;1999-09-01;SAS16N;SAS16N;---;0602;;;N;N;N;;;;;FX;GNS;LLS;;;;;7.18;6.68;2.00;4.20;0.00;18.00;0.00;;1972-07-18;4C1;;;PA;
DEU;DEU000400616;;MOD;2025-07-01;2100-12-31;LAS20N;LAS20N;---;DELSA;Lassan;;N;Y;N;N;Y;N;;GO;GNS;LLS;;;;;7.77;7.11;2.00;0.00;0.00;4.00;0.00;2;1993-04-01;MFL;;;;1961-01-01
DEU;DEU000400617;;RET;1992-11-17;1992-11-17;VIT030A;VIT030A;---;0617;;;N;N;N;;;;;FX;GNS;NO;;;;;3.70;0.00;0.00;1.00;0.00;5.00;0.00;;1970-04-14;C19;;;PA;
DEU;DEU000400618;;RET;2021-08-15;2021-08-15;USE14;USE14;---;DEUSD;Usedom;;N;N;N;N;N;N;;GO;GNS;LLS;;;;;9.76;0.00;6.00;0.00;0.00;37.00;0.00;2;2001-11-21;MFL;;;PA;2001-01-01
DEU;DEU000400629;;RET;1994-02-01;1994-02-01;GLO4;GLO4;---;0613;;;N;N;N;;;;;FX;GNS;LLS;;;;;7.21;0.00;0.00;4.99;0.00;22.00;0.00;;1984-02-10;4;;;PA;
DEU;DEU000400631;;MOD;2016-08-01;2100-12-31;KOS3N;KOS3N;---;0623;;;N;Y;N;;;;;FX;GNS;LLS;;;;;4.65;0.00;1.00;0.00;0.00;18.00;0.00;3;2012-03-08;MFL;;;;2012-01-01
DEU;DEU000400637;;RET;1990-11-01;1990-11-01;NEU003;NEU003;---;0637;;;N;N;N;;;;;FX;OTB;NO;;;;;12.80;0.00;0.00;15.00;0.00;68.00;0.00;;1962-12-31;4;;;PA;
DEU;DEU000400639;;RET;2015-10-01;2015-10-01;UMM40Z;UMM40Z;---;0639;;;N;N;N;;;;;FX;GNS;LLS;;;;;5.00;0.00;1.00;0.00;0.00;0.00;0.00;1;2001-07-27;MFL;;;PA;1980-01-01
DEU;DEU000400645;;RET;2006-11-21;2006-11-21;AHR18N;AHR18N;---;0645;;;N;N;N;;;;;FX;GNS;LLS;;;;;4.65;0.00;1.00;0.00;0.00;8.00;0.00;3;1998-03-02;MFL;;;PA;1998-01-01
DEU;DEU000400648;;RET;2021-06-30;2021-06-30;PRU10;PRU10;---;DEPCE;Pruchten;;N;N;N;N;;N;;GO;GNS;FPO;;;;;4.10;0.00;1.00;0.00;0.00;13.00;0.00;3;2006-10-24;MFL;;;PA;2005-01-01
DEU;DEU000400652;;RET;2001-03-16;2001-03-16;POE066;POE066;---;0652;;;N;N;N;;;;;FX;GNS;LLS;;;;;8.80;7.95;5.00;5.47;0.00;35.00;0.00;;1956-08-17;4C1;;;PA;
DEU;DEU000410300;;RET;2006-03-06;2006-03-06;DOR15;DOR15;ELSE;DE75Q;Dorum;;N;N;N;;;;;TUB;TBB;OTB;;;;;12.49;11.58;11.00;0.00;0.00;124.00;0.00;1;1961-03-03;MFL;;;PA;1960-01-01
DEU;DEU000410603;;RET;1991-11-18;1991-11-18;WAR019;WAR019;---;0603;;;N;N;N;;;;;FX;GNS;LLS;;;;;6.00;0.00;0.00;2.54;0.00;7.00;0.00;;1954-05-20;4;;;PA;
DEU;DEU000410606;;MOD;2017-06-07;2100-12-31;ZEW3N;ZEW3N;ALBATROS;0657;;Y4UG;Y;Y;N;;;;;FX;GNS;LLS;;;;;10.10;9.63;8.00;0.00;0.00;51.00;0.00;3;1984-07-17;MFL;;;;1984-01-01
DEU;DEU000410607;;RET;2019-05-01;2019-05-01;NRE5;NRE5;---;0607;;;N;N;N;N;;N;;GO;GNS;LLS;;;;;4.22;0.00;1.00;0.00;0.00;5.00;0.00;3;1987-11-04;MFL;;;PA;1984-01-01
DEU;DEU000410609;;RET;1997-05-30;1997-05-30;UEK33;UEK33;---;0609;;;N;N;N;;;;;FX;GNS;NK;;;;;7.50;7.00;2.00;3.46;0.00;6.00;0.00;;1938-07-05;4C1;;;PA;
DEU;DEU000410610;;RET;2017-01-01;2017-01-01;BOD14;BOD14;---;0610;;;N;N;N;;;;;FX;GNS;LLS;;;;;5.50;0.00;1.00;0.00;0.00;22.00;0.00;3;2001-10-26;MFL;;;PA;1999-01-01
DEU;DEU000410611;;RET;1994-08-01;1994-08-01;STA09;STA09;---;0611;;;N;N;N;;;;;FX;GNS;NO;;;;;6.30;0.00;0.00;2.80;0.00;0.00;0.00;;1973-03-05;C19;;;PA;
DEU;DEU000410612;;DES;1995-01-01;1995-01-01;KZI08A;KZI08A;---;0612;;;N;N;N;;;;;FX;GNS;NK;;;;;4.00;0.00;0.00;1.13;0.00;0.00;0.00;;1964-07-14;4;;;PA;
DEU;DEU000410613;;RET;2008-07-04;2008-07-04;BRE35;BRE35;---;0613;;;N;N;N;;;;;FX;GNS;LLS;;;;;4.15;0.00;1.00;1.22;0.00;4.00;0.00;3;1980-04-12;MFL;;;PA;1980-01-01
DEU;DEU000410614;;RET;2002-12-05;2002-12-05;FRE018;FRE018;---;0614;;;N;N;N;;;;;FX;GNS;LLS;;;;;6.00;0.00;1.00;2.54;0.00;9.00;0.00;;1969-06-07;4C1;;;PA;
DEU;DEU000410615;;RET;2009-08-06;2009-08-06;GZI04;GZI04;---;0615;;;N;N;N;;;;;FX;GNS;FPO;;;;;4.60;0.00;1.00;1.49;0.00;0.00;0.00;1;1936-10-10;MFL;;;PA;1936-01-01
DEU;DEU000410616;;RET;2015-10-19;2015-10-19;BAL8;BAL8;---;0619;;;N;N;N;;;;;FX;GNS;FPO;;;;;7.98;7.25;2.00;3.70;0.00;5.00;0.00;1;1993-03-23;MFL;;;PA;1992-01-01
DEU;DEU000410617;;RET;2006-11-30;2006-11-30;VIT031;VIT031;---;0617;;;N;N;N;;;;;FX;GNS;NO;;;;;4.60;0.00;1.00;0.00;0.00;5.00;0.00;3;1980-07-15;MFL;;;PA;1980-01-01
DEU;DEU000410618;;MOD;2021-12-01;2100-12-31;AHL39;AHL39;---;DEAHC;Ahlbeck;;N;Y;N;N;;N;;GO;GNS;LLS;;;;;5.06;0.00;1.00;0.00;0.00;30.00;0.00;3;2004-01-02;MFL;;;;2002-01-01
DEU;DEU000410629;;RET;2009-10-29;2009-10-29;BIN001;BIN001;---;0629;;;N;N;N;;;;;FX;GNS;LLS;;;;;6.92;6.82;3.00;0.00;0.00;23.00;0.00;1;1982-03-12;MFL;;;PA;1982-01-01
DEU;DEU000410631;;CHA;2016-11-18;2100-12-31;RIT12;RIT12;---;0631;;;N;Y;N;;;;;FX;GNS;FPO;;;;;8.70;0.00;5.00;0.00;0.00;57.00;0.00;2;2016-11-18;MFL;;;PA;1968-01-01
DEU;DEU000410637;;MOD;2012-06-22;2100-12-31;NEU2;NEU2;HILDE S.;0637;;DQHC;Y;Y;N;;;;;FX;OTB;GNS;;;;;12.21;10.90;22.00;20.00;0.00;100.00;0.00;3;1992-12-09;MFL;;;PA;1992-01-01
DEU;DEU000410639;;RET;2015-10-01;2015-10-01;UMM41Z;UMM41Z;---;0639;;;N;N;N;;;;;FX;GNS;LLS;;;;;5.80;0.00;1.00;0.00;0.00;0.00;0.00;1;2001-07-27;MFL;;;PA;1980-01-01
DEU;DEU000410645;;MOD;2019-10-11;2100-12-31;RIB13;RIB13;---;0645;;;N;Y;N;N;;N;;GO;GNS;LLS;;;;;6.45;0.00;1.00;0.00;0.00;21.00;0.00;3;1998-11-01;MFL;;;PA;1998-01-01
DEU;DEU000410648;;MOD;2011-04-12;2100-12-31;PRU16N;PRU16N;---;0661;;;N;Y;N;;;;;FX;GNS;FPO;;;;;4.35;0.00;1.00;0.00;0.00;12.00;0.00;3;2007-07-18;MFL;;;;1970-01-01
DEU;DEU000410651;;RET;2002-03-05;2002-03-05;RER010;RER010;---;0651;;;N;N;N;;;;;FX;GNS;LLS;;;;;9.65;7.95;6.00;6.58;0.00;37.00;0.00;;1960-05-19;4C1;;;PA;
DEU;DEU000420300;;RET;2012-07-17;2012-07-17;GRE33;GRE33;POSEIDON;0308;;DFCS;Y;N;Y;;;;;FX;TBB;OTB;;;;;15.55;14.03;26.00;0.00;0.00;221.00;0.00;2;1971-10-01;MFL;;;PA;1971-01-01
DEU;DEU000420603;;RET;1991-11-18;1991-11-18;WAR004;WAR004;---;0603;;;N;N;N;;;;;FX;GNS;LLS;;;;;6.00;0.00;0.00;2.54;0.00;11.00;0.00;;1950-06-14;4;;;PA;
DEU;DEU000420606;;RET;2010-01-29;2010-01-29;ZEW4;ZEW4;---;0606;;;N;N;N;;;;;FX;GNS;LLS;;;;;6.00;0.00;1.00;2.54;0.00;4.00;0.00;1;1928-05-11;MFL;;;PA;1928-01-01
DEU;DEU000420607;;MOD;2019-04-23;2100-12-31;NRE07N;NRE07N;---;DELAK;"Lauterbach"", Rügen";;N;Y;N;N;N;N;;GO;GNS;LLS;;;;;4.60;0.00;1.00;0.00;0.00;5.00;0.00;1;1979-03-18;MFL;;;;1979-01-01
DEU;DEU000420609;;MOD;2022-05-01;2100-12-31;UEK30;UEK30;---;DEUCK;Ueckermünde;;N;Y;N;N;;N;;GO;GNS;LLS;;;;;6.60;0.00;1.00;0.00;0.00;6.00;0.00;1;1983-06-14;MFL;;;;1983-01-01
DEU;DEU000420610;;RET;2011-05-27;2011-05-27;BAR12;BAR12;---;0610;;;N;N;N;;;;;FX;GNS;FPO;;;;;7.10;0.00;1.00;0.00;0.00;20.00;0.00;3;2009-01-05;MFL;;;PA;1997-01-01
DEU;DEU000420611;;RET;2016-07-31;2016-07-31;STA23;STA23;---;0611;;;N;N;N;;;;;FX;FPO;NO;;;;;6.30;0.00;1.00;0.00;0.00;0.00;0.00;1;1973-04-03;MFL;;;PA;1973-01-01
DEU;DEU000420612;;RET;1994-10-25;1994-10-25;KZI08;KZI08;---;0612;;;N;N;N;;;;;FX;GNS;NK;;;;;5.50;0.00;0.00;2.14;0.00;6.00;0.00;;1951-02-03;4;;;PA;
DEU;DEU000420613;;RET;1994-05-17;1994-05-17;BRE36;BRE36;---;0613;;;N;N;N;;;;;FX;GNS;LLS;;;;;5.40;0.00;0.00;2.06;0.00;11.00;0.00;;1981-12-31;C19;;;PA;
DEU;DEU000420614;;RET;1993-02-01;1993-02-01;FRE19;FRE19;---;0614;;;N;N;N;;;;;FX;GNS;GNS;;;;;4.35;0.00;0.00;1.33;0.00;6.00;0.00;;1979-11-17;C19;;;PA;
DEU;DEU000420615;;MOD;2020-09-24;2100-12-31;GAG24;GAG24;---;0615;;;N;Y;N;N;;N;;GO;GNS;LLS;;;;;5.20;0.00;1.00;0.00;0.00;8.00;0.00;1;1994-01-01;MFL;;;;1970-01-01
DEU;DEU000420616;;MOD;2023-01-01;2100-12-31;WAT1;WAT1;---;DELSA;Lassan;;N;Y;N;N;Y;N;;GO;GNS;LLS;;;;;7.95;7.30;2.00;0.00;0.00;27.00;0.00;2;1993-04-14;MFL;;;;1992-01-01
DEU;DEU000420617;;RET;1994-07-25;1994-07-25;VIT032;VIT032;---;0617;;;N;N;N;;;;;FX;GNS;NO;;;;;9.00;0.00;0.00;5.72;0.00;44.00;0.00;;1960-06-05;C19;;;PA;
DEU;DEU000420618;;RET;2023-01-01;2023-01-01;AHL36N;AHL36N;HANNES II;DEAHC;Ahlbeck;;N;N;N;N;;N;;GO;GNS;LLS;;;;;5.11;0.00;1.00;0.00;0.00;22.00;0.00;3;2004-01-30;MFL;;;PA;2003-01-01
DEU;DEU000420629;;RET;1996-02-22;1996-02-22;BRE12;BRE12;---;0613;;;N;N;N;;;;;FX;GNS;LLS;;;;;6.70;6.40;2.00;4.30;0.00;22.00;0.00;;1982-11-01;C19;;;PA;
DEU;DEU000420631;;CHA;2025-04-01;2100-12-31;AWA32;AWA32;---;DE8AN;Altwarp;;N;Y;N;N;Y;N;;GO;GNS;FPO;;;;;5.85;0.00;1.00;0.00;0.00;30.00;0.00;2;2025-04-01;MFL;;;PA;1999-06-16
DEU;DEU000420637;;RET;2001-05-30;2001-05-30;NEU7;NEU7;ADLER;0637;;;N;N;N;;;;;FX;GNS;LLS;;;;;7.40;6.18;3.00;4.74;0.00;42.00;0.00;;1993-06-15;4C1;;;PA;
DEU;DEU000420639;;MOD;2018-02-01;2100-12-31;UMM42;UMM42;---;0639;;;N;Y;N;N;;N;;GO;GNS;LLS;;;;;4.60;0.00;1.00;0.00;0.00;4.00;0.00;3;2002-01-28;MFL;;;;1980-01-01
DEU;DEU000420645;;RET;2001-08-14;2001-08-14;RIB104Z;RIB104Z;---;0645;;;N;N;N;;;;;FX;GNS;LLS;;;;;7.18;0.00;1.00;0.00;0.00;6.00;0.00;;2000-12-04;4CZ;;;PA;
DEU;DEU000420648;;MOD;2020-01-01;2100-12-31;PRU1;PRU1;---;0661;;;N;Y;N;N;;N;;GO;GNS;LLS;;;;;4.40;0.00;1.00;0.00;0.00;22.00;0.00;3;2009-10-26;MFL;;;;2009-01-01
DEU;DEU000420654;;RET;1994-08-16;1994-08-16;TAR010;TAR010;HANS CHRISTIAN;0654;;;N;N;N;;;;;FX;GNS;LLS;;;;;10.00;0.00;0.00;7.01;0.00;59.00;0.00;;1952-07-13;C19;;;PA;
DEU;DEU000430300;;RET;2003-09-29;2003-09-29;SM1;SM1;JUPITER;DEMAO;Maasholm;DLHG;Y;N;N;;;;;TUB;TBB;OTB;;;;;18.33;16.26;38.00;34.55;0.00;213.00;0.00;2;1970-03-10;MFL;;;PA;1969-01-01
DEU;DEU000430603;;RET;1991-11-18;1991-11-18;WAR003;WAR003;---;0603;;;N;N;N;;;;;FX;GNS;LLS;;;;;5.00;0.00;0.00;1.76;0.00;8.00;0.00;;1948-08-10;4;;;PA;
DEU;DEU000430606;;RET;2000-06-06;2000-06-06;ZEW20N;ZEW20N;---;0606;;;N;N;N;;;;;FX;GNS;LLS;;;;;6.25;0.00;1.00;2.71;0.00;5.00;0.00;;1953-04-29;4C1;;;PA;
DEU;DEU000430607;;RET;2014-08-04;2014-08-04;SEE04A;SEE04A;---;0607;;;N;N;N;;;;;FX;GNS;NO;;;;;4.65;0.00;1.00;1.52;0.00;4.00;0.00;1;1948-07-16;MFL;;;PA;1948-01-01
DEU;DEU000430608;;MOD;2003-01-01;2100-12-31;WIE41;WIE41;---;DEGRD;Greifswald;;N;Y;N;N;Y;N;;GO;GNS;LLS;;;;;5.06;0.00;1.00;2.00;0.00;12.00;0.00;3;1995-07-17;MFL;;;;1995-01-01
DEU;DEU000430609;;RET;2008-07-04;2008-07-04;UEK28;UEK28;---;0609;;;N;N;N;;;;;FX;GNS;FPO;;;;;8.80;8.20;2.00;4.30;0.00;6.00;0.00;1;1982-06-11;MFL;;;PA;1982-01-01
DEU;DEU000430610;;RET;2019-12-31;2019-12-31;BAR1;BAR1;---;0610;;;N;N;N;N;;N;;GO;GNS;LLS;;;;;4.67;0.00;1.00;0.00;0.00;16.00;0.00;3;2011-09-19;MFL;;;PA;2004-01-01
DEU;DEU000430611;;RET;2009-10-27;2009-10-27;STA24;STA24;---;0611;;;N;N;N;;;;;FX;FPO;NO;;;;;6.30;0.00;1.00;2.80;0.00;0.00;0.00;1;1981-04-19;MFL;;;PA;1981-01-01
DEU;DEU000430612;;MOD;2024-01-01;2100-12-31;THI03;THI03;POMMERN;DETS2;Thiessow;DQID;Y;Y;N;N;Y;N;;GO;GNS;OTB;;;;;11.95;10.35;23.00;0.00;0.00;220.00;0.00;2;1993-04-05;MFL;;;;1993-01-01
DEU;DEU000430613;;RET;2004-03-18;2004-03-18;BRE37;BRE37;---;0613;;;N;N;N;;;;;FX;GNS;LLS;;;;;2.79;0.00;1.00;0.55;0.00;0.00;0.00;3;1981-12-31;MFL;;;PA;1981-01-01
DEU;DEU000430614;;RET;1996-07-01;1996-07-01;FRE20;FRE20;---;0614;;;N;N;N;;;;;FX;GNS;NO;;;;;5.00;0.00;0.00;1.77;0.00;7.00;0.00;;1968-04-14;C19;;;PA;
DEU;DEU000430615;;RET;2009-10-21;2009-10-21;GZI02;GZI02;---;0615;;;N;N;N;;;;;FX;FPO;NO;;;;;4.60;0.00;1.00;1.80;0.00;4.00;0.00;1;1967-07-02;MFL;;;PA;1967-01-01
DEU;DEU000430616;;RET;2022-08-15;2022-08-15;LAS16N;LAS16N;---;DELSA;Lassan;;N;N;N;N;;N;;GO;GNS;LLS;;;;;7.93;6.73;2.00;0.00;0.00;12.00;0.00;2;1993-07-24;MFL;;;PA;1993-01-01
DEU;DEU000430617;;RET;1994-02-02;1994-02-02;VIT033;VIT033;MARIEANNE;0617;;;N;N;N;;;;;FX;GNS;LLS;;;;;15.14;14.17;0.00;27.19;0.00;60.00;0.00;;1941-06-05;C19;;;PA;
DEU;DEU000430618;;MOD;2018-04-10;2100-12-31;AHL4;AHL4;RASMUS;0618;;;N;Y;N;N;;N;;GO;GNS;LLS;;;;;11.59;0.00;8.00;0.00;0.00;37.00;0.00;3;2008-07-25;MFL;;;;1980-01-01
DEU;DEU000430629;;RET;1999-03-31;1999-03-31;GLO2;GLO2;---;0629;;;N;N;N;;;;;FX;GNS;LLS;;;;;5.00;0.00;1.00;1.76;0.00;7.00;0.00;;1967-05-15;4C1;;;PA;
DEU;DEU000430637;;RET;1998-03-02;1998-03-02;NEU29;NEU29;---;0637;;;N;N;N;;;;;FX;GNS;LLS;;;;;5.00;0.00;1.00;1.77;0.00;0.00;0.00;;1962-03-01;4C1;;;PA;
DEU;DEU000430639;;RET;2015-10-01;2015-10-01;UMM43;UMM43;---;0639;;;N;N;N;;;;;FX;GNS;LLS;;;;;4.70;0.00;1.00;0.00;0.00;20.00;0.00;3;2002-04-11;MFL;;;PA;2001-01-01
DEU;DEU000430645;;MOD;2020-01-01;2100-12-31;PRU15;PRU15;---;0661;;;N;Y;N;N;;N;;GO;GNS;LLS;;;;;5.00;0.00;1.00;0.00;0.00;18.00;0.00;3;2001-04-05;MFL;;;;2001-01-01
DEU;DEU000430648;;CHA;2011-04-04;2100-12-31;BOR3;BOR3;---;0648;;;N;Y;N;;;;;FX;GNS;FPO;;;;;4.85;0.00;1.00;0.00;0.00;11.00;0.00;3;2011-04-04;MFL;;;PA;1995-01-01
DEU;DEU000430654;;RET;2008-02-26;2008-02-26;TAR001AN;TAR001AN;---;0654;;;N;N;N;;;;;FX;GNS;LLS;;;;;5.50;0.00;1.00;2.14;0.00;15.00;0.00;1;1952-08-01;MFL;;;PA;1952-01-01
DEU;DEU000440300;;RET;2015-02-27;2015-02-27;FED1;FED1;ORION;0311;;DDMP;Y;N;N;;;;;FX;TBB;OTB;;;;;14.98;13.46;19.00;20.03;0.00;184.00;0.00;1;1961-11-26;MFL;;;PA;1960-01-01
DEU;DEU000440603;;RET;1991-11-18;1991-11-18;WAR002;WAR002;---;0603;;;N;N;N;;;;;FX;GNS;LLS;;;;;6.20;0.00;0.00;2.71;0.00;4.00;0.00;;1950-05-18;4;;;PA;
DEU;DEU000440606;;RET;1995-06-21;1995-06-21;ZEW6N;ZEW6N;---;0606;;;N;N;N;;;;;FX;GNS;LLS;;;;;6.10;0.00;2.00;2.62;0.00;4.00;0.00;;1956-07-03;C19;;;PA;
DEU;DEU000440607;;RET;2006-05-16;2006-05-16;SEE04B;SEE04B;---;0607;;;N;N;N;;;;;FX;GNS;NO;;;;;4.44;0.00;1.00;0.00;0.00;0.00;0.00;1;1965-04-08;MFL;;;PA;1965-01-01
DEU;DEU000440608;;MOD;2017-06-15;2100-12-31;WIE43;WIE43;BRIGITTE;0608;;;N;Y;N;;;;;FX;GNS;LLS;;;;;9.15;0.00;6.00;0.00;0.00;36.00;0.00;3;1996-02-13;MFL;;;;1982-01-01
DEU;DEU000440609;;RET;2021-12-13;2021-12-13;FRE94;FRE94;---;DEFRJ;Freest;;N;N;N;N;;N;;GO;GNS;FPO;;;;;8.50;8.00;3.00;0.00;0.00;22.00;0.00;2;1985-05-15;MFL;;;AC;1985-01-01
DEU;DEU000440610;;MOD;2024-11-28;2100-12-31;BOD17;BOD17;---;DEBBH;Barth;;N;Y;N;N;N;N;;GO;GNS;LLS;;;;;5.64;0.00;1.00;0.00;0.00;18.00;0.00;3;2018-04-01;MFL;;;;1970-01-01
DEU;DEU000440612;;RET;2000-08-18;2000-08-18;KZI09N;KZI09N;---;0612;;;N;N;N;;;;;FX;GNS;NO;;;;;4.10;0.00;1.00;1.80;0.00;6.00;0.00;;1994-01-01;4C1;;;PA;
DEU;DEU000440613;;MOD;2007-08-08;2100-12-31;GOT8;GOT8;SEEHUND;0218;;;N;Y;N;;;;;FX;GNS;FPO;;;;;7.00;6.45;3.00;4.44;0.00;44.00;0.00;3;1989-02-02;MFL;;;;1989-01-01
DEU;DEU000440615;;RET;2009-05-05;2009-05-05;GAG23AN;GAG23AN;---;0615;;;N;N;N;;;;;FX;GNS;LLS;;;;;4.20;0.00;1.00;1.60;0.00;4.00;0.00;1;1986-10-10;MFL;;;PA;1986-01-01
DEU;DEU000440616;;RET;2000-07-11;2000-07-11;WAT1A;WAT1A;---;0616;;;N;N;N;;;;;FX;GNS;LLS;;;;;4.20;0.00;1.00;1.24;0.00;0.00;0.00;;1978-04-15;4C1;;;PA;
DEU;DEU000440617;;RET;2010-10-04;2010-10-04;FRE8;FRE8;---;0614;;;N;N;N;;;;;FX;GNS;FPO;;;;;6.10;0.00;1.00;2.63;0.00;14.00;0.00;1;1990-05-14;MFL;;;PA;1990-01-01
DEU;DEU000440618;;MOD;2012-01-01;2100-12-31;AHL6;AHL6;MEERESWELLE;0618;;;N;Y;N;;;;;FX;GNS;FPO;;;;;6.98;0.00;2.00;0.00;0.00;60.00;0.00;3;2011-05-06;MFL;;;;2010-01-01
DEU;DEU000440628;;DES;1992-03-03;1992-03-03;GOEH004A;GOEH004A;---;0628;;;N;N;N;;;;;FX;GNS;LLS;;;;;4.50;0.00;0.00;1.43;0.00;0.00;0.00;;1979-06-23;C19;;;PA;
DEU;DEU000440629;;RET;1999-03-31;1999-03-31;GLO4;GLO4;---;0629;;;N;N;N;;;;;FX;GNS;LLS;;;;;5.10;0.00;1.00;1.84;0.00;7.00;0.00;;1972-07-10;4C1;;;PA;
DEU;DEU000440637;;DES;2003-01-07;2003-01-07;NEU26;NEU26;---;0637;;;N;N;N;;;;;FX;GNS;NO;;;;;5.20;0.00;1.00;1.91;0.00;0.00;0.00;1;1972-06-10;MFL;;;PA;1972-01-01
DEU;DEU000440639;;RET;2013-11-06;2013-11-06;UMM37NZ;UMM37NZ;---;0639;;;N;N;N;;;;;FX;GNS;LLS;;;;;4.07;0.00;1.00;0.00;0.00;8.00;0.00;3;2000-12-19;MFL;;;PA;1985-01-01
DEU;DEU000440645;;RET;2018-12-31;2018-12-31;NER7N;NER7N;---;0645;;;N;N;N;N;;N;;GO;GNS;LLS;;;;;7.55;0.00;1.00;0.00;0.00;5.00;0.00;3;2005-01-04;MFL;;;PA;1997-01-01
DEU;DEU000440648;;CST;2020-06-01;2100-12-31;BOR22;BOR22;---;0648;;;N;Y;N;N;;N;;GO;GNS;FPO;;;;;4.65;0.00;1.00;0.00;0.00;13.00;0.00;3;2020-06-01;MFL;;;PA;2020-01-01
DEU;DEU000440654;;MOD;2020-09-24;2100-12-31;GAG20;GAG20;SEEADLER;0615;;;N;Y;N;N;;N;;GO;GNS;LLS;;;;;9.96;9.75;7.00;0.00;0.00;69.00;0.00;3;1985-07-22;MFL;;;;1985-01-01
DEU;DEU000450300;;RET;1998-10-22;1998-10-22;FED2;FED2;SIRIUS;DEFEZ;Fedderwardersiel;;N;N;N;;;;;TUB;TBB;OTB;;;;;15.04;13.22;0.00;17.39;0.00;147.00;0.00;1;1956-05-24;4C5;;;AC;1956-01-01
DEU;DEU000450603;;RET;1991-11-18;1991-11-18;WAR001;WAR001;---;0603;;;N;N;N;;;;;FX;GNS;LLS;;;;;7.20;0.00;0.00;3.66;0.00;14.00;0.00;;1950-01-16;4;;;PA;
DEU;DEU000450606;;RET;1999-12-07;1999-12-07;ZEW7N;ZEW7N;---;0606;;;N;N;N;;;;;FX;GNS;LLS;;;;;9.40;8.35;6.00;6.24;0.00;44.00;0.00;;1965-11-12;4C1;;;PA;
DEU;DEU000450607;;RET;2017-02-07;2017-02-07;LAU12A;LAU12A;---;0607;;;N;N;N;;;;;FX;FPO;NO;;;;;4.80;0.00;1.00;0.00;0.00;6.00;0.00;1;1991-02-27;MFL;;;PA;1950-01-01
DEU;DEU000450608;;MOD;2016-12-01;2100-12-31;AWA4;AWA4;---;0631;;;N;Y;N;;;;;FX;GNS;LLS;;;;;8.48;7.65;3.00;0.00;0.00;31.00;0.00;3;1996-02-15;MFL;;;PA;1996-01-01
DEU;DEU000450609;;RET;1995-10-17;1995-10-17;UEK8;UEK8;---;0609;;;N;N;N;;;;;FX;GNS;NK;;;;;7.70;7.30;0.00;4.20;0.00;9.00;0.00;;1974-03-14;4;;;PA;
DEU;DEU000450611;;RET;2007-01-30;2007-01-30;STA26;STA26;---;0611;;;N;N;N;;;;;FX;GNS;NO;;;;;6.30;0.00;1.00;0.00;0.00;0.00;0.00;1;1982-07-04;MFL;;;PA;1982-01-01
DEU;DEU000450612;;RET;2021-01-05;2021-01-05;BAA36;BAA36;---;DEBA2;Baabe;;N;N;N;N;;N;;WOP;FPO;GNS;;;;;5.46;0.00;1.00;0.00;0.00;7.00;0.00;1;1994-02-10;MFL;;;PA;1990-01-01
DEU;DEU000450613;;MOD;2020-07-15;2100-12-31;NEK1;NEK1;---;0613;;;N;Y;N;N;;N;;GO;GNS;LLS;;;;;4.88;0.00;1.00;0.00;0.00;3.00;0.00;3;1991-08-16;MFL;;;;1991-01-01
DEU;DEU000450614;;RET;2003-02-03;2003-02-03;FRE10N;FRE10N;---;0614;;;N;N;N;;;;;FX;GNS;LLS;;;;;5.03;0.00;1.00;1.24;0.00;3.00;0.00;1;1981-02-13;MFL;;;PA;1981-01-01
DEU;DEU000450615;;RET;1998-07-22;1998-07-22;GAG10;GAG10;---;0615;;;N;N;N;;;;;FX;GNS;NO;;;;;4.60;0.00;1.00;1.65;0.00;7.00;0.00;;1988-04-03;4C1;;;PA;
DEU;DEU000450616;;MOD;2010-01-28;2100-12-31;ANK2;ANK2;---;0616;;;N;Y;N;;;;;FX;GNS;LLS;;;;;7.98;7.24;2.00;4.98;0.00;13.00;0.00;2;1994-01-25;MFL;;;;1992-01-01
DEU;DEU000450617;;RET;2000-05-18;2000-05-18;VIT035;VIT035;---;0617;;;N;N;N;;;;;FX;GNS;LLS;;;;;4.00;0.00;1.00;1.13;0.00;7.00;0.00;;1987-04-14;4C1;;;PA;
DEU;DEU000450618;;CST;2013-11-06;2100-12-31;AHL37N;AHL37N;---;0618;;;N;Y;N;;;;;FX;GNS;LLS;;;;;5.06;0.00;1.00;0.00;0.00;30.00;0.00;3;2013-11-06;MFL;;;PA;2013-01-01
DEU;DEU000450628;;RET;1992-02-04;1992-02-04;GOEH006A;GOEH006A;---;0628;;;N;N;N;;;;;FX;GNS;LLS;;;;;4.50;0.00;0.00;1.43;0.00;0.00;0.00;;1970-03-11;C19;;;PA;
DEU;DEU000450629;;RET;2007-09-20;2007-09-20;KZI12;KZI12;---;0612;;;N;N;N;;;;;FX;GNS;LLS;;;;;4.20;0.00;1.00;1.60;0.00;8.00;0.00;3;1991-12-31;MFL;;;PA;1990-01-01
DEU;DEU000450637;;MOD;2020-10-07;2100-12-31;THI56;THI56;---;0612;;;N;Y;N;N;;N;;GO;GNS;LLS;;;;;4.85;0.00;1.00;0.00;0.00;11.00;0.00;1;1974-03-04;MFL;;;;1974-01-01
DEU;DEU000450639;;RET;2008-12-09;2008-12-09;UMM44NZ;UMM44NZ;---;0639;;;N;N;N;;;;;FX;GNS;LLS;;;;;4.15;0.00;1.00;0.00;0.00;7.00;0.00;3;2003-05-19;MFL;;;PA;2003-01-01
DEU;DEU000450645;;MOD;2011-04-04;2100-12-31;BOR14;BOR14;---;0648;;;N;Y;N;;;;;FX;GNS;LLS;;;;;4.30;0.00;1.00;0.00;0.00;6.00;0.00;3;2005-05-10;MFL;;;PA;1990-01-01
DEU;DEU000450651;;MOD;2007-09-27;2100-12-31;RER011N;RER011N;---;0651;;;N;Y;N;;;;;FX;GNS;LLS;;;;;7.80;7.20;2.00;4.52;0.00;32.00;0.00;3;1978-05-24;MFL;;;;1978-01-01
DEU;DEU000460300;;MOD;2019-05-14;2100-12-31;GRE36;GRE36;VENUS;0308;;DLIL;Y;Y;Y;Y;;Y;211667030;TU;TBB;OTB;;;;;16.20;14.48;33.00;0.00;0.00;217.00;0.00;2;1976-06-01;MFL;;;;1976-01-01
DEU;DEU000460603;;RET;2006-10-19;2006-10-19;WAR40A;WAR40A;---;0603;;;N;N;N;;;;;FX;GNS;LLS;;;;;8.10;0.00;4.00;0.00;0.00;18.00;0.00;2;1960-05-15;MFL;;;PA;1960-01-01
DEU;DEU000460604;;RET;1997-03-25;1997-03-25;WIS002;WIS002;---;0604;;;N;N;N;;;;;FX;GNS;LLS;;;;;7.50;7.20;3.00;3.98;0.00;22.00;0.00;;1966-03-16;4C1;;;PA;
DEU;DEU000460606;;DES;1999-02-02;1999-02-02;ZEW8N;ZEW8N;---;0606;;;N;N;N;;;;;FX;GNS;NK;;;;;5.50;0.00;1.00;2.13;0.00;4.00;0.00;;1975-07-14;4C1;;;PA;
DEU;DEU000460607;;RET;2006-08-07;2006-08-07;LAU12B;LAU12B;---;0607;;;N;N;N;;;;;FX;GNS;NO;;;;;6.34;0.00;1.00;0.00;0.00;0.00;0.00;1;1991-02-27;MFL;;;PA;1977-01-01
DEU;DEU000460608;;MOD;2021-03-22;2100-12-31;WIE45;WIE45;MARIE;DEGRD;Greifswald;;N;Y;N;N;;N;;GO;GNS;LLS;;;;;7.10;6.65;3.00;0.00;0.00;37.00;0.00;3;2000-02-23;MFL;;;PA;2000-01-01
DEU;DEU000460609;;RET;2018-11-01;2018-11-01;BEL2;BEL2;---;0609;;;N;N;N;N;;N;;GO;GNS;LLS;;;;;5.90;0.00;1.00;0.00;0.00;3.00;0.00;1;1980-01-22;MFL;;;PA;1980-01-01
DEU;DEU000460611;;RET;2016-07-31;2016-07-31;STA27;STA27;---;0611;;;N;N;N;;;;;FX;FPO;NO;;;;;6.30;0.00;1.00;0.00;0.00;0.00;0.00;1;1982-04-24;MFL;;;PA;1982-01-01
DEU;DEU000460612;;RET;1996-02-23;1996-02-23;THI16;THI16;---;0612;;;N;N;N;;;;;FX;GNS;LLS;;;;;5.00;0.00;0.00;2.00;0.00;0.00;0.00;;1970-02-05;C19;;;PA;
DEU;DEU000460613;;RET;2006-11-24;2006-11-24;NEK3;NEK3;---;0613;;;N;N;N;;;;;FX;GNS;LLS;;;;;5.30;0.00;1.00;1.98;0.00;15.00;0.00;1;1990-10-10;MFL;;;PA;1990-01-01
DEU;DEU000460614;;RET;2010-01-29;2010-01-29;FRE45N;FRE45N;---;0614;;;N;N;N;;;;;FX;GNS;LLS;;;;;5.49;0.00;1.00;1.76;0.00;0.00;0.00;2;1985-03-02;MFL;;;PA;1985-01-01
DEU;DEU000460615;;RET;2010-01-06;2010-01-06;GAG07;GAG07;---;0615;;;N;N;N;;;;;FX;GNS;NO;;;;;4.00;0.00;1.00;1.80;0.00;0.00;0.00;1;1958-07-01;MFL;;;PA;1958-01-01
DEU;DEU000460616;;RET;2001-04-27;2001-04-27;ANF6;ANF6;---;0616;;;N;N;N;;;;;FX;GNS;LLS;;;;;6.95;6.83;1.00;3.33;0.00;5.00;0.00;;1978-05-08;4C1;;;PA;
DEU;DEU000460617;;RET;1999-12-07;1999-12-07;VIT036;VIT036;---;0617;;;N;N;N;;;;;FX;GNS;GNS;;;;;3.70;0.00;1.00;1.00;0.00;12.00;0.00;;1976-03-15;4C1;;;PA;
DEU;DEU000460628;;RET;2007-02-05;2007-02-05;GOEH6;GOEH6;---;0628;;;N;N;N;;;;;FX;GNS;LLS;;;;;3.50;0.00;1.00;0.00;0.00;6.00;0.00;1;1970-04-04;MFL;;;PA;1970-01-01
DEU;DEU000460629;;RET;2006-12-08;2006-12-08;BIN3A;BIN3A;---;0629;;;N;N;N;;;;;FX;GNS;NO;;;;;4.22;0.00;1.00;0.00;0.00;0.00;0.00;3;1985-07-13;MFL;;;PA;1985-01-01
DEU;DEU000460637;;RET;2004-12-20;2004-12-20;NEU28;NEU28;---;0637;;;N;N;N;;;;;FX;GNS;NO;;;;;4.90;0.00;1.00;1.69;0.00;0.00;0.00;1;1976-08-10;MFL;;;PA;1976-01-01
DEU;DEU000460639;;RET;2015-10-01;2015-10-01;UMM45;UMM45;---;0639;;;N;N;N;;;;;FX;GNS;FPO;;;;;4.37;0.00;1.00;0.00;0.00;11.00;0.00;3;2004-07-02;MFL;;;PA;2004-01-01
DEU;DEU000460645;;MOD;2018-07-01;2100-12-31;AHR21;AHR21;Lachs;0645;;;N;Y;N;N;;N;;GO;GNS;FPO;;;;;4.65;0.00;1.00;0.00;0.00;11.00;0.00;3;2006-09-28;MFL;;;PA;1999-01-01
DEU;DEU000470603;;RET;1992-01-13;1992-01-13;ROS003;ROS003;AALJE VISSER;0603;;Y4ES;Y;N;N;;;;;FX;OTB;OTM;;;;;35.11;29.40;0.00;390.00;0.00;1617.00;0.00;;1983-04-28;G17;;;PA;
DEU;DEU000470604;;RET;1994-07-28;1994-07-28;WIS009;WIS009;---;0604;;;N;N;N;;;;;FX;GNS;LLS;;;;;4.90;0.00;0.00;1.70;0.00;4.00;0.00;;1953-05-19;C19;;;PA;
DEU;DEU000470606;;RET;2002-03-12;2002-03-12;ZEW9;ZEW9;---;0606;;;N;N;N;;;;;FX;GNS;LLS;;;;;6.90;0.00;1.00;3.36;0.00;10.00;0.00;;1987-10-12;4C1;;;PA;
DEU;DEU000470607;;RET;1997-04-14;1997-04-14;LAU15;LAU15;---;0645;;;N;N;N;;;;;FX;GNS;NO;;;;;4.10;0.00;1.00;1.00;0.00;17.00;0.00;;1986-04-03;4C1;;;PA;
DEU;DEU000470608;;MOD;2022-03-01;2100-12-31;WIE48N;WIE48N;---;DEGRD;Greifswald;;N;Y;N;N;;N;;GO;GNS;LLS;;;;;6.50;0.00;2.00;0.00;0.00;13.00;0.00;3;2003-09-01;MFL;;;;1989-01-01
DEU;DEU000470609;;RET;2022-01-01;2022-01-01;UEK22;UEK22;---;DEUCK;Ueckermünde;;N;N;N;N;;N;;GO;GNS;LLS;;;;;6.77;6.11;1.00;0.00;0.00;7.00;0.00;3;1985-02-28;MFL;;;PA;1985-01-01
DEU;DEU000470611;;RET;1991-07-15;1991-07-15;STA008;STA008;---;0611;;;N;N;N;;;;;FX;GNS;NK;;;;;9.00;0.00;0.00;3.00;0.00;44.00;0.00;;1951-08-19;4;;;PA;
DEU;DEU000470612;;RET;2009-02-27;2009-02-27;THI21A;THI21A;---;0612;;;N;N;N;;;;;FX;GNS;LLS;;;;;4.00;0.00;1.00;1.80;0.00;0.00;0.00;1;1956-03-10;MFL;;;PA;1956-01-01
DEU;DEU000470613;;RET;2010-12-31;2010-12-31;NEK5N;NEK5N;---;0613;;;N;N;N;;;;;FX;GNS;LLS;;;;;4.88;0.00;1.00;1.68;0.00;11.00;0.00;3;1991-11-10;MFL;;;PA;1991-01-01
DEU;DEU000470614;;RET;2007-09-11;2007-09-11;FRE50;FRE50;---;0614;;;N;N;N;;;;;FX;FPO;LLS;;;;;6.00;0.00;1.00;0.00;0.00;21.00;0.00;1;1975-08-14;MFL;;;PA;1975-01-01
DEU;DEU000470615;;RET;2006-10-17;2006-10-17;GAG09A;GAG09A;---;0615;;;N;N;N;;;;;FX;GNS;NO;;;;;4.20;0.00;1.00;0.00;0.00;4.00;0.00;3;1994-07-01;MFL;;;PA;1985-01-01
DEU;DEU000470616;;RET;2022-12-01;2022-12-01;ANF3N;ANF3N;---;DELSA;Lassan;;N;N;N;N;;N;;GO;GNS;NK;;;;;8.25;0.00;3.00;0.00;0.00;39.00;0.00;2;1988-05-13;MFL;;;PA;1988-01-01
DEU;DEU000470617;;RET;2018-01-02;2018-01-02;VIT37N;VIT37N;---;0617;;;N;N;N;;;;;GO;GNS;LLS;;;;;4.88;0.00;1.00;0.00;0.00;10.00;0.00;3;1990-01-14;MFL;;;PA;1990-01-01
DEU;DEU000470628;;RET;2002-04-04;2002-04-04;GOEH017A;GOEH017A;---;0628;;;N;N;N;;;;;FX;GNS;OTB;;;;;4.00;0.00;1.00;1.13;0.00;0.00;0.00;;1971-09-12;4C1;;;PA;
DEU;DEU000470637;;MOD;2010-12-07;2100-12-31;NEU25;NEU25;---;0637;;;N;Y;N;;;;;FX;GNS;NO;;;;;4.88;0.00;1.00;1.68;0.00;11.00;0.00;3;1994-07-19;MFL;;;;1993-01-01
DEU;DEU000470639;;CHA;2005-01-13;2100-12-31;UMM46N;UMM46N;---;0639;;;N;Y;N;;;;;FX;GNS;FPO;;;;;4.70;0.00;1.00;0.00;0.00;3.00;0.00;3;2005-01-13;MFL;;;;2004-01-01
DEU;DEU000470645;;RET;2023-09-30;2023-09-30;PRU20;PRU20;---;DEPCE;Pruchten;;N;N;N;N;N;N;;GO;GNS;FPO;;;;;7.60;0.00;1.00;0.00;0.00;11.00;0.00;3;2007-09-18;MFL;;;PA;2007-01-01
DEU;DEU000480300;8536964;MOD;2024-07-16;2100-12-31;SW6;SW6;BUTJADINGEN;DE69S;Wittdün;DDHN;Y;Y;Y;Y;N;Y;211565000;TU;TBB;OTB;;;;;18.24;16.47;61.00;0.00;0.00;221.00;0.00;2;1988-03-01;MFL;;;;1988-01-01
DEU;DEU000480603;;MOD;2020-01-01;2100-12-31;WAR75;WAR75;---;0603;;;N;Y;N;N;;N;;GO;GNS;LLS;;;;;6.00;0.00;1.00;0.00;0.00;15.00;0.00;3;1984-09-14;MFL;;;;1984-01-01
DEU;DEU000480604;;RET;2010-07-14;2010-07-14;WIS004;WIS004;---;0604;;;N;N;N;;;;;FX;GNS;LLS;;;;;7.70;0.00;3.00;4.19;0.00;29.00;0.00;1;1970-09-27;MFL;;;PA;1970-01-01
DEU;DEU000480606;;RET;2005-01-04;2005-01-04;ZEW21N;ZEW21N;---;0657;;;N;N;N;;;;;FX;GNS;LLS;;;;;6.50;0.00;1.00;2.54;0.00;5.00;0.00;1;1976-05-14;MFL;;;PA;1976-01-01
DEU;DEU000480607;;RET;1995-08-24;1995-08-24;LAU18;LAU18;---;0607;;;N;N;N;;;;;FX;GNS;NO;;;;;5.64;0.00;1.00;2.00;0.00;0.00;0.00;;1991-02-26;C19;;;PA;
DEU;DEU000480608;;MOD;2025-01-01;2100-12-31;WIE50;WIE50;---;DEGRD;Greifswald;;N;Y;N;N;Y;N;;GO;GNS;FPO;;;;;4.05;0.00;1.00;0.00;0.00;20.00;0.00;3;2005-03-09;MFL;;;PA;1986-01-01
DEU;DEU000480609;;RET;1994-04-26;1994-04-26;UEK35;UEK35;---;0609;;;N;N;N;;;;;FX;GNS;LLS;;;;;7.00;6.85;0.00;4.61;0.00;4.00;0.00;;1955-12-31;4;;;PA;
DEU;DEU000480611;;RET;2004-01-08;2004-01-08;STA28;STA28;---;0611;;;N;N;N;;;;;FX;GNS;NO;;;;;6.00;0.00;1.00;2.80;0.00;4.00;0.00;1;1983-07-06;MFL;;;PA;1983-01-01
DEU;DEU000480612;;RET;2003-05-02;2003-05-02;THI27;THI27;---;0612;;;N;N;N;;;;;FX;GNS;LLS;;;;;5.00;0.00;1.00;1.90;0.00;0.00;0.00;1;1978-10-12;MFL;;;PA;1978-01-01
DEU;DEU000480613;;RET;2004-12-13;2004-12-13;GLO18;GLO18;---;0668;;;N;N;N;;;;;FX;GNS;LLS;;;;;4.15;0.00;1.00;1.22;0.00;7.00;0.00;3;1994-05-17;MFL;;;PA;1982-01-01
DEU;DEU000480614;;MOD;2014-01-08;2100-12-31;RAN6;RAN6;ALK;0635;;;N;Y;N;;;;;FX;GNS;LLS;;;;;7.80;7.60;2.00;2.10;0.00;20.00;0.00;2;1988-03-12;MFL;;;;1987-01-01
DEU;DEU000480615;;RET;1995-01-01;1995-01-01;GZI07B;GZI07B;---;0615;;;N;N;N;;;;;FX;GNS;NO;;;;;5.10;0.00;0.00;1.90;0.00;0.00;0.00;;1980-02-17;C19;;;PA;
DEU;DEU000480616;;RET;2021-12-07;2021-12-07;NEG4;NEG4;---;DELSA;Lassan;;N;N;N;N;;N;;GO;GNS;LLS;;;;;4.65;0.00;1.00;0.00;0.00;11.00;0.00;3;1996-08-05;MFL;;;PA;1996-01-01
DEU;DEU000480617;;RET;1992-11-17;1992-11-17;VIT038;VIT038;---;0617;;;N;N;N;;;;;FX;GNS;NO;;;;;3.70;0.00;0.00;1.00;0.00;2.00;0.00;;1973-03-11;C19;;;PA;
DEU;DEU000480628;;RET;2000-11-06;2000-11-06;GOEH027;GOEH027;---;0628;;;N;N;N;;;;;FX;GNS;LLS;;;;;4.00;0.00;1.00;1.13;0.00;0.00;0.00;;1970-04-01;4C1;;;PA;
DEU;DEU000480637;;MOD;2023-01-01;2100-12-31;NEU31;NEU31;---;DENOZ;"Neuendorf"", Hiddensee";;N;Y;N;N;;N;;GO;GNS;LLS;;;;;4.65;0.00;1.00;0.00;0.00;22.00;0.00;3;1994-07-18;MFL;;;PA;1992-01-01
DEU;DEU000480639;;MOD;2016-01-01;2100-12-31;UMM47N;UMM47N;---;0639;;;N;Y;N;;;;;FX;GNS;FPO;;;;;4.80;0.00;1.00;0.00;0.00;11.00;0.00;3;2005-03-02;MFL;;;;2004-01-01
DEU;DEU000480645;;RET;2016-02-29;2016-02-29;NER9;NER9;---;0645;;;N;N;N;;;;;FX;GNS;LLS;;;;;4.90;0.00;1.00;0.00;0.00;22.00;0.00;3;2008-03-10;MFL;;;PA;2007-01-01
DEU;DEU000490300;;RET;1994-01-06;1994-01-06;FED6;FED6;VOERUT;DEFEZ;Fedderwardersiel;DDDT;Y;N;N;;;;;TUB;TBB;OTB;;;;;11.80;10.70;0.00;10.09;0.00;93.00;0.00;1;1960-04-09;C11;;;PA;1950-01-01
DEU;DEU000490603;;RET;1995-06-25;1995-06-25;KUEH4;KUEH4;---;0642;;;N;N;N;;;;;FX;GNS;LLS;;;;;5.20;0.00;1.00;1.91;0.00;10.00;0.00;;1981-05-14;C19;;;PA;
DEU;DEU000490604;;RET;2005-10-18;2005-10-18;WIS004B;WIS004B;---;0604;;;N;N;N;;;;;FX;GNS;LLS;;;;;6.80;0.00;1.00;3.27;0.00;2.00;0.00;2;1986-04-15;MFL;;;PA;1986-01-01
DEU;DEU000490605;;RET;1994-08-01;1994-08-01;STR01;STR01;---;0605;;;N;N;N;;;;;FX;GNS;NO;;;;;9.00;0.00;0.00;5.72;0.00;5.00;0.00;;1974-06-19;C19;;;PA;
DEU;DEU000490606;;MOD;2017-06-07;2100-12-31;ZEW11N;ZEW11N;---;0657;;;N;Y;N;;;;;FX;GNS;LLS;;;;;6.80;0.00;3.00;0.00;0.00;26.00;0.00;3;1985-05-12;MFL;;;;1985-01-01
DEU;DEU000490607;;RET;2013-06-11;2013-06-11;LAU18B;LAU18B;---;0607;;;N;N;N;;;;;FX;GNS;NO;;;;;6.33;0.00;1.00;0.00;0.00;0.00;0.00;1;1991-02-27;MFL;;;PA;1977-01-01
DEU;DEU000490608;;MOD;2025-01-01;2100-12-31;WIE51;WIE51;---;DEGRD;Greifswald;;N;Y;N;N;Y;N;;GO;GNS;LLS;;;;;5.85;0.00;1.00;0.00;0.00;23.00;0.00;3;2005-06-28;MFL;;;PA;2005-01-01
DEU;DEU000490609;;RET;2001-12-01;2001-12-01;UEK24;UEK24;---;0609;;;N;N;N;;;;;FX;GNS;LLS;;;;;8.30;8.10;2.00;5.91;0.00;20.00;0.00;;1972-12-31;4C1;;;PA;
DEU;DEU000490611;;MOD;2018-02-01;2100-12-31;STA29N;STA29N;---;0611;;;N;Y;N;N;;N;;GO;GNS;LLS;;;;;5.30;0.00;1.00;0.00;0.00;11.00;0.00;3;1995-12-06;MFL;;;;1993-01-01
DEU;DEU000490612;;RET;2005-01-10;2005-01-10;GAG36N;GAG36N;---;0615;;;N;N;N;;;;;FX;GNS;NO;;;;;5.00;0.00;1.00;2.00;0.00;0.00;0.00;1;1954-03-06;MFL;;;PA;1954-01-01
DEU;DEU000490613;;RET;2006-07-21;2006-07-21;GLO1N;GLO1N;---;0613;;;N;N;N;;;;;FX;GNS;LLS;;;;;6.00;0.00;1.00;0.00;0.00;18.00;0.00;1;1992-01-01;MFL;;;PA;1984-01-01
DEU;DEU000490614;;RET;2007-12-20;2007-12-20;FRE53;FRE53;---;0614;;;N;N;N;;;;;FX;GNS;NO;;;;;4.80;0.00;1.00;1.62;0.00;6.00;0.00;1;1989-04-02;MFL;;;PA;1989-01-01
DEU;DEU000490615;;RET;2011-03-11;2011-03-11;GAG28AN;GAG28AN;---;0615;;;N;N;N;;;;;FX;GNS;NO;;;;;4.07;0.00;1.00;1.24;0.00;0.00;0.00;3;1987-03-14;MFL;;;PA;1987-01-01
DEU;DEU000490616;;RET;2011-10-18;2011-10-18;WAT4;WAT4;---;0616;;;N;N;N;;;;;FX;GNS;LLS;;;;;7.68;7.16;2.00;4.16;0.00;12.00;0.00;1;1997-05-15;MFL;;;PA;1997-01-01
DEU;DEU000490617;;RET;1992-11-17;1992-11-17;VIT039;VIT039;---;0617;;;N;N;N;;;;;FX;GNS;NO;;;;;4.50;0.00;0.00;1.43;0.00;2.00;0.00;;1950-03-15;C19;;;PA;
DEU;DEU000490628;;DES;1995-12-13;1995-12-13;GOEH8;GOEH8;---;0628;;;N;N;N;;;;;FX;GNS;NO;;;;;4.77;0.00;1.00;1.60;0.00;0.00;0.00;;1971-06-06;C19;;;PA;
DEU;DEU000490637;;RET;1995-07-17;1995-07-17;NEU30;NEU30;---;0637;;;N;N;N;;;;;FX;GNS;NO;;;;;4.10;0.00;1.00;1.19;0.00;11.00;0.00;;1994-07-19;C19;;;PA;
DEU;DEU000490639;;MOD;2016-01-01;2100-12-31;UMM49N;UMM49N;---;0639;;;N;Y;N;;;;;FX;GNS;FPO;;;;;4.70;0.00;1.00;0.00;0.00;15.00;0.00;3;2007-06-29;MFL;;;PA;2007-01-01
DEU;DEU000490656;;RET;2017-05-23;2017-05-23;SAS56N;SAS56N;---;0656;;;N;N;N;;;;;FX;GNS;LLS;;;;;5.20;0.00;1.00;0.00;0.00;5.00;0.00;1;1977-10-14;MFL;;;PA;1977-01-01
DEU;DEU000500300;;RET;2000-04-14;2000-04-14;FED7;FED7;SEESTERN;DEFEZ;Fedderwardersiel;DB2505;Y;N;N;;;;;TUB;TBB;OTB;;;;;13.91;12.70;15.00;13.09;0.00;110.00;0.00;1;1963-10-16;4C5;;;PA;1963-01-01
DEU;DEU000500602;;RET;1990-12-05;1990-12-05;SAS272;SAS272;ELSTER;0602;;Y4SC;Y;N;N;;;;;FX;OTB;PTB;;;;;26.45;23.40;0.00;132.70;0.00;184.00;31.00;;1957-02-19;4;;;PA;
DEU;DEU000500603;;RET;1991-11-18;1991-11-18;WAR010;WAR010;SEBASTIAN;0603;;;N;N;N;;;;;FX;GNS;LLS;;;;;7.00;0.00;0.00;2.70;0.00;37.00;0.00;;1980-10-06;4;;;PA;
DEU;DEU000500605;;RET;2004-06-07;2004-06-07;STR10;STR10;---;0605;;;N;N;N;;;;;FX;GNS;LLS;;;;;6.00;0.00;1.00;2.54;0.00;0.00;0.00;1;1953-08-11;MFL;;;PA;1953-01-01
DEU;DEU000500606;;RET;2000-07-07;2000-07-07;ZEW12;ZEW12;MILAN;0606;;Y4KZ;Y;N;N;;;;;FX;GNS;LLS;;;;;11.25;10.00;10.00;15.25;0.00;77.00;0.00;;1962-03-12;4C1;;;PA;
DEU;DEU000500607;;RET;2008-03-11;2008-03-11;LAU19A;LAU19A;---;0607;;;N;N;N;;;;;FX;GNS;NO;;;;;5.08;0.00;1.00;1.82;0.00;4.00;0.00;1;1980-03-12;MFL;;;PA;1949-01-01
DEU;DEU000500608;;RET;2010-11-05;2010-11-05;WIE10N;WIE10N;---;0608;;;N;N;N;;;;;FX;GNS;LLS;;;;;8.30;0.00;2.00;0.00;0.00;15.00;0.00;2;2006-03-14;MFL;;;PA;2006-01-01
DEU;DEU000500609;;RET;2006-11-10;2006-11-10;UEK23;UEK23;---;0609;;;N;N;N;;;;;FX;GNS;LLS;;;;;8.10;0.00;2.00;6.18;0.00;16.00;0.00;1;1988-03-10;MFL;;;PA;1988-01-01
DEU;DEU000500611;;RET;2014-09-22;2014-09-22;GRI4;GRI4;---;0664;;;N;N;N;;;;;FX;GNS;LLS;;;;;4.20;0.00;1.00;1.10;0.00;11.00;0.00;3;1997-09-12;MFL;;;PA;1997-01-01
DEU;DEU000500612;;RET;1999-09-06;1999-09-06;THI08;THI08;---;0612;;;N;N;N;;;;;FX;GNS;LLS;;;;;4.75;0.00;1.00;1.45;0.00;8.00;0.00;;1992-01-01;4C1;;;PA;
DEU;DEU000500613;;RET;2000-05-19;2000-05-19;GLO11N;GLO11N;---;0613;;;N;N;N;;;;;FX;GNS;LLS;;;;;4.30;0.00;1.00;1.30;0.00;7.00;0.00;;1999-03-30;4C1;;;PA;
DEU;DEU000500614;;RET;1993-01-12;1993-01-12;FRE55;FRE55;---;0614;;;N;N;N;;;;;FX;GNS;LLS;;;;;6.80;0.00;0.00;3.26;0.00;26.00;0.00;;1984-04-08;C19;;;PA;
DEU;DEU000500615;;RET;2002-03-13;2002-03-13;GAG08N;GAG08N;---;0615;;;N;N;N;;;;;FX;GNS;NO;;;;;6.30;0.00;1.00;2.80;0.00;13.00;0.00;;1978-03-02;4C1;;;PA;
DEU;DEU000500616;;RET;2014-01-15;2014-01-15;LAS1N;LAS1N;---;0616;;;N;N;N;;;;;FX;GNS;LLS;;;;;7.20;6.60;2.00;3.20;0.00;20.00;0.00;2;1998-03-23;MFL;;;PA;1997-01-01
DEU;DEU000500617;;MOD;2024-05-01;2100-12-31;VIT40;VIT40;---;DEVT2;Vitte;;N;Y;N;N;Y;N;;GO;GNS;LLS;;;;;4.88;0.00;1.00;0.00;0.00;11.00;0.00;3;1990-05-14;MFL;;;PA;1990-01-01
DEU;DEU000500628;;RET;2000-08-23;2000-08-23;GOEH11;GOEH11;---;0628;;;N;N;N;;;;;FX;GNS;NO;;;;;4.77;0.00;1.00;1.60;0.00;0.00;0.00;;1971-03-18;4C1;;;PA;
DEU;DEU000500629;;RET;2005-01-18;2005-01-18;BIN4Z;BIN4Z;---;0629;;;N;N;N;;;;;FX;GNS;LLS;;;;;3.10;0.00;1.00;0.00;0.00;4.00;0.00;3;2002-01-16;MFL;;;PA;2001-01-01
DEU;DEU000500637;;RET;2009-09-18;2009-09-18;NEU31N;NEU31N;---;0637;;;N;N;N;;;;;FX;GNS;LLS;;;;;4.00;0.00;1.00;1.13;0.00;7.00;0.00;3;1994-07-19;MFL;;;PA;1991-01-01
DEU;DEU000500639;;RET;2015-11-27;2015-11-27;UMM11Z;UMM11Z;---;0666;;;N;N;N;;;;;FX;FPO;GNS;;;;;4.60;0.00;1.00;0.00;0.00;7.00;0.00;3;2010-03-15;MFL;;;PA;1982-01-01
DEU;DEU000500652;;RET;2015-06-29;2015-06-29;POE016N;POE016N;SEESCHWALBE;0652;;;N;N;N;;;;;FX;GNS;LLS;;;;;9.96;9.63;7.00;7.21;0.00;51.00;0.00;3;1983-05-17;MFL;;;PA;1983-01-01
DEU;DEU000510300;;RET;2011-02-16;2011-02-16;CUX17;CUX17;OSTERIFF;DECUX;Cuxhaven;DDGE;Y;N;Y;;;;;TUB;TBB;OTB;;;;;17.74;16.50;44.00;35.29;0.00;210.00;0.00;1;1967-09-25;MFL;;;PA;1967-01-01
DEU;DEU000510602;;RET;1990-11-20;1990-11-20;SAS273;SAS273;DAHME;0602;;Y4SE;Y;N;N;;;;;FX;OTB;PTB;;;;;26.45;23.40;0.00;132.70;0.00;220.00;18.00;;1956-03-04;4;;;PA;
DEU;DEU000510603;;RET;1992-04-02;1992-04-02;WAR007;WAR007;---;0603;;;N;N;N;;;;;FX;GNS;LLS;;;;;6.00;0.00;0.00;2.54;0.00;4.00;0.00;;1981-03-18;C19;;;PA;
DEU;DEU000510604;;RET;2010-10-04;2010-10-04;WIS19;WIS19;---;0604;;;N;N;N;;;;;FX;GNS;LLS;;;;;6.57;0.00;2.00;5.10;0.00;5.00;0.00;3;1962-01-17;MFL;;;PA;1962-01-01
DEU;DEU000510605;;RET;2008-09-26;2008-09-26;STR14;STR14;---;0605;;;N;N;N;;;;;FX;GNS;LLS;;;;;6.80;0.00;2.00;3.30;0.00;26.00;0.00;3;1988-04-14;MFL;;;PA;1988-01-01
DEU;DEU000510606;;MOD;2017-06-07;2100-12-31;ZEW24N;ZEW24N;---;0657;;;N;Y;N;;;;;FX;GNS;LLS;;;;;5.25;0.00;1.00;0.00;0.00;30.00;0.00;3;1971-03-15;MFL;;;;1971-01-01
DEU;DEU000510607;;DES;1998-01-03;1998-01-03;LAU19B;LAU19B;---;0607;;;N;N;N;;;;;FX;GNS;NO;;;;;6.30;0.00;1.00;2.80;0.00;0.00;0.00;;1980-03-14;4C1;;;PA;
DEU;DEU000510608;;CST;2007-07-20;2100-12-31;WIE2;WIE2;---;0608;;;N;Y;N;;;;;FX;GNS;FPO;;;;;5.06;0.00;1.00;0.00;0.00;38.00;0.00;3;2007-07-20;MFL;;;PA;2007-01-01
DEU;DEU000510609;;RET;2011-08-09;2011-08-09;UEK3;UEK3;---;0609;;;N;N;N;;;;;FX;GNS;FPO;;;;;8.60;8.00;3.00;0.00;0.00;18.00;0.00;1;1990-03-12;MFL;;;PA;1990-01-01
DEU;DEU000510611;;RET;2013-10-22;2013-10-22;STA30NZ;STA30NZ;---;0611;;;N;N;N;;;;;FX;GNS;LLS;;;;;5.50;0.00;1.00;0.00;0.00;5.00;0.00;1;2002-12-10;MFL;;;PA;1953-01-01
DEU;DEU000510612;;RET;2000-10-09;2000-10-09;THI20;THI20;---;0612;;;N;N;N;;;;;FX;GNS;NK;;;;;5.20;0.00;1.00;1.91;0.00;3.00;0.00;;1970-03-14;4C1;;;PA;
DEU;DEU000510613;;RET;1997-05-02;1997-05-02;BRZ002;BRZ002;---;0613;;;N;N;N;;;;;FX;GNS;NO;;;;;5.55;0.00;1.00;2.17;0.00;3.00;0.00;;1962-02-13;4C1;;;PA;
DEU;DEU000510614;;RET;2001-12-01;2001-12-01;LAU27;LAU27;---;0607;;;N;N;N;;;;;FX;GNS;LLS;;;;;6.80;6.18;3.00;3.26;0.00;26.00;0.00;;1984-04-06;4C1;;;PA;
DEU;DEU000510615;;RET;1998-01-03;1998-01-03;GAG01A;GAG01A;---;0615;;;N;N;N;;;;;FX;GNS;NK;;;;;6.10;0.00;1.00;2.63;0.00;10.00;0.00;;1942-03-10;4C1;;;PA;
DEU;DEU000510616;;MOD;2013-01-29;2100-12-31;WAT3N;WAT3N;---;0616;;;N;Y;N;;;;;FX;GNS;LLS;;;;;7.55;0.00;1.00;0.00;0.00;8.00;0.00;3;2000-03-22;MFL;;;PA;2000-01-01
DEU;DEU000510617;;RET;1990-11-01;1990-11-01;VIT011;VIT011;---;0617;;;N;N;N;;;;;FX;OTB;NK;;;;;11.60;0.00;10.00;14.00;0.00;50.00;0.00;;1948-12-31;4;;;PA;
DEU;DEU000510628;;RET;2006-08-10;2006-08-10;GOEH13;GOEH13;---;0628;;;N;N;N;;;;;FX;GNS;NO;;;;;4.77;0.00;1.00;0.00;0.00;0.00;0.00;1;1971-04-16;MFL;;;PA;1971-01-01
DEU;DEU000510629;;CST;2009-10-29;2100-12-31;BIN11;BIN11;---;0629;;;N;Y;N;;;;;FX;GNS;LLS;;;;;7.62;0.00;4.00;0.00;0.00;35.00;0.00;1;2009-10-29;MFL;;;PA;2009-01-01
DEU;DEU000510637;;RET;2006-01-31;2006-01-31;NEU4;NEU4;---;0637;;;N;N;N;;;;;FX;GNS;NO;;;;;4.00;0.00;1.00;0.00;0.00;7.00;0.00;3;1994-07-18;MFL;;;PA;1992-01-01
DEU;DEU000510639;;MOD;2023-09-01;2100-12-31;UMM53;UMM53;---;DEUMZ;Ummanz;;N;Y;N;N;Y;N;;GO;GNS;LLS;;;;;4.60;0.00;1.00;0.00;0.00;19.00;0.00;3;2015-08-11;MFL;;;;2008-01-01
DEU;DEU000520300;;RET;2010-09-13;2010-09-13;FED9;FED9;BIANCA;DEFEZ;Fedderwardersiel;DLIX;Y;N;Y;;;;;TUB;TBB;OTB;;;;;15.61;13.80;21.00;21.87;0.00;191.00;0.00;1;1974-07-24;MFL;;;PA;1974-01-01
DEU;DEU000520602;;RET;1990-12-05;1990-12-05;SAS274;SAS274;HAVEL;0602;;Y4SF;Y;N;N;;;;;FX;OTB;PTB;;;;;26.45;23.40;0.00;132.70;0.00;184.00;18.00;;1957-03-04;4;;;PA;
DEU;DEU000520603;;RET;1991-05-21;1991-05-21;WAR45;WAR45;JOHANN STELLING;0603;;;N;N;N;;;;;FX;OTB;OTM;;;;;17.60;0.00;0.00;31.25;0.00;103.00;0.00;;1949-04-15;4;;;PA;
DEU;DEU000520604;;RET;2000-08-04;2000-08-04;WIS019B;WIS019B;---;0604;;;N;N;N;;;;;FX;GNS;LLS;;;;;6.36;0.00;1.00;4.52;0.00;4.00;0.00;;1960-04-15;4C1;;;PA;
DEU;DEU000520605;;RET;2011-11-02;2011-11-02;STR15;STR15;---;0605;;;N;N;N;;;;;FX;GNS;LLS;;;;;5.70;0.00;1.00;2.30;0.00;4.00;0.00;1;1963-06-19;MFL;;;PA;1963-01-01
DEU;DEU000520606;;RET;1995-01-05;1995-01-05;NEW1;NEW1;---;0606;;;N;N;N;;;;;FX;GNS;NK;;;;;7.35;0.00;0.00;3.82;0.00;5.00;0.00;;1971-02-10;C19;;;PA;
DEU;DEU000520607;;RET;2017-09-06;2017-09-06;LAU22A;LAU22A;---;0607;;;N;N;N;;;;;FX;GNS;NO;;;;;5.12;0.00;1.00;0.00;0.00;11.00;0.00;1;1991-03-18;MFL;;;PA;1974-01-01
DEU;DEU000520608;;MOD;2012-02-09;2100-12-31;WIE11;WIE11;---;0608;;;N;Y;N;;;;;FX;GNS;LLS;;;;;4.55;0.00;1.00;0.00;0.00;11.00;0.00;3;2009-12-09;MFL;;;PA;2009-01-01
DEU;DEU000520609;;RET;2013-09-26;2013-09-26;WAS6;WAS6;---;0609;;;N;N;N;;;;;FX;GNS;LLS;;;;;7.96;0.00;2.00;4.55;0.00;37.00;0.00;2;1993-05-21;MFL;;;PA;1993-01-01
DEU;DEU000520611;;RET;2012-05-08;2012-05-08;STA31;STA31;---;0611;;;N;N;N;;;;;FX;FPO;GNS;;;;;5.75;0.00;1.00;0.00;0.00;2.00;0.00;1;2008-05-30;MFL;;;PA;1953-01-01
DEU;DEU000520612;;RET;2010-06-21;2010-06-21;GAG30;GAG30;---;0615;;;N;N;N;;;;;FX;GNS;LLS;;;;;4.86;0.00;1.00;0.00;0.00;4.00;0.00;1;1982-03-06;MFL;;;PA;1982-01-01
DEU;DEU000520613;;RET;1996-02-22;1996-02-22;BRE4;BRE4;---;0613;;;N;N;N;;;;;FX;GNS;GNS;;;;;3.71;0.00;1.00;1.00;0.00;8.00;0.00;;1987-03-03;C19;;;PA;
DEU;DEU000520614;;RET;1992-11-24;1992-11-24;FRE55A;FRE55A;---;0614;;;N;N;N;;;;;FX;GNS;NO;;;;;3.80;0.00;0.00;1.02;0.00;0.00;0.00;;1990-08-21;C19;;;PA;
DEU;DEU000520615;;RET;2021-11-24;2021-11-24;GZI22;GZI22;---;DEGXG;Gager;;N;N;N;N;;N;;WOP;FPO;GNS;;;;;5.25;0.00;1.00;0.00;0.00;0.00;0.00;1;1985-07-23;MFL;;;PA;1985-01-01
DEU;DEU000520616;;RET;2021-12-07;2021-12-07;NEG5;NEG5;---;DELSA;Lassan;;N;N;N;N;;N;;GO;GNS;LLS;;;;;4.65;0.00;1.00;0.00;0.00;20.00;0.00;3;2000-03-28;MFL;;;PA;1999-01-01
DEU;DEU000520617;;RET;1990-11-01;1990-11-01;VIT001;VIT001;---;0617;;;N;N;N;;;;;FX;OTB;NK;;;;;11.60;0.00;0.00;14.00;0.00;50.00;0.00;;1948-12-31;4;;;PA;
DEU;DEU000520628;;RET;2006-08-10;2006-08-10;GOEH3;GOEH3;---;0628;;;N;N;N;;;;;FX;GNS;LLS;;;;;8.99;8.14;5.00;0.00;0.00;30.00;0.00;2;2000-11-06;MFL;;;PA;1990-01-01
DEU;DEU000520637;;RET;1996-01-01;1996-01-01;NEU6;NEU6;---;0637;;;N;N;N;;;;;FX;GNS;NO;;;;;4.05;0.00;1.00;1.16;0.00;7.00;0.00;;1994-07-18;C19;;;PA;
DEU;DEU000520639;;MOD;2018-02-01;2100-12-31;UMM54;UMM54;---;0639;;;N;Y;N;N;;N;;GO;GNS;LLS;;;;;7.80;0.00;2.00;0.00;0.00;24.00;0.00;3;2016-05-10;MFL;;;;1987-01-01
DEU;DEU000530300;;RET;2008-01-14;2008-01-14;FED10;FED10;EDELWEISS;DEFEZ;Fedderwardersiel;DDJB;Y;N;Y;;;;;TUB;TBB;OTB;;;;;15.44;13.80;20.00;0.00;0.00;180.00;0.00;1;1961-10-26;MFL;;;PA;1961-01-01
DEU;DEU000530602;;RET;1990-12-05;1990-12-05;SAS277;SAS277;SAALE;0602;;Y4SJ;Y;N;N;;;;;FX;OTB;PTB;;;;;26.45;23.40;0.00;132.70;0.00;184.00;31.00;;1957-03-19;4;;;PA;
DEU;DEU000530603;;RET;1992-09-08;1992-09-08;WAR72;WAR72;---;0603;;;N;N;N;;;;;FX;GNS;LLS;;;;;7.50;0.00;0.00;3.98;0.00;10.00;0.00;;1965-08-18;C19;;;PA;
DEU;DEU000530604;;RET;2015-08-11;2015-08-11;POE46;POE46;SEESTERN;0652;;;N;N;N;;;;;FX;GNS;LLS;;;;;9.96;9.75;7.00;7.20;0.00;66.00;0.00;3;1986-06-14;MFL;;;PA;1986-01-01
DEU;DEU000530605;;RET;2007-11-28;2007-11-28;STR17;STR17;---;0605;;;N;N;N;;;;;FX;GNS;LLS;;;;;6.00;0.00;1.00;2.54;0.00;0.00;0.00;1;1981-07-14;MFL;;;PA;1981-01-01
DEU;DEU000530606;;RET;1994-09-27;1994-09-27;KAR44;KAR44;FREUNDSCHAFT;0606;;Y4KW;Y;N;N;;;;;FX;GNS;GNS;;;;;18.43;0.00;0.00;39.78;0.00;110.00;6.00;;1956-02-13;C19;;;AC;
DEU;DEU000530607;;RET;2001-12-17;2001-12-17;LAU22B;LAU22B;---;0607;;;N;N;N;;;;;FX;GNS;NO;;;;;5.08;0.00;1.00;1.82;0.00;5.00;0.00;;1991-02-27;4C1;;;PA;
DEU;DEU000530608;;MOD;2016-08-01;2100-12-31;WIE55;WIE55;---;0608;;;N;Y;N;;;;;FX;FPO;GNS;;;;;6.40;0.00;1.00;0.00;0.00;74.00;0.00;3;2012-01-17;MFL;;;PA;2011-01-01
DEU;DEU000530609;;RET;2013-07-08;2013-07-08;UEK43;UEK43;---;0609;;;N;N;N;;;;;FX;GNS;LLS;;;;;7.98;0.00;3.00;5.22;0.00;14.00;0.00;2;1994-02-02;MFL;;;PA;1991-01-01
DEU;DEU000530611;;RET;2011-09-15;2011-09-15;STA32N;STA32N;---;0611;;;N;N;N;;;;;FX;FPO;GNS;;;;;5.06;0.00;1.00;0.00;0.00;22.00;0.00;3;2010-02-01;MFL;;;PA;2009-01-01
DEU;DEU000530612;;RET;2012-12-04;2012-12-04;THI47A;THI47A;---;0612;;;N;N;N;;;;;FX;GNS;LLS;;;;;5.40;0.00;1.00;2.00;0.00;0.00;0.00;1;1979-07-07;MFL;;;PA;1979-01-01
DEU;DEU000530613;;RET;2006-05-18;2006-05-18;DRA15;DRA15;---;0641;;;N;N;N;;;;;FX;GNS;LLS;;;;;7.00;6.45;3.00;0.00;0.00;30.00;0.00;3;1988-06-17;MFL;;;PA;1988-01-01
DEU;DEU000530614;;RET;1993-01-12;1993-01-12;FRE47;FRE47;---;0614;;;N;N;N;;;;;FX;GNS;NO;;;;;4.40;0.00;0.00;1.36;0.00;4.00;0.00;;1990-08-21;C19;;;PA;
DEU;DEU000530615;;RET;2007-12-18;2007-12-18;GAG14A;GAG14A;---;0615;;;N;N;N;;;;;FX;GNS;NO;;;;;5.44;0.00;1.00;2.00;0.00;0.00;0.00;1;1983-12-29;MFL;;;PA;1950-01-01
DEU;DEU000530616;;RET;2006-11-03;2006-11-03;ANF1Z;ANF1Z;---;0616;;;N;N;N;;;;;FX;GNS;LLS;;;;;7.80;0.00;2.00;0.00;0.00;6.00;0.00;2;2000-04-11;MFL;;;PA;1965-01-01
DEU;DEU000530617;;RET;1990-11-01;1990-11-01;VIT010;VIT010;---;0617;;;N;N;N;;;;;FX;OTB;NK;;;;;11.80;0.00;0.00;14.00;0.00;50.00;0.00;;1948-12-31;4;;;PA;
DEU;DEU000530628;;RET;2020-12-31;2020-12-31;GOEH9N;GOEH9N;---;0628;;;N;N;N;N;;N;;GO;GNS;LLS;;;;;4.65;0.00;1.00;0.00;0.00;6.00;0.00;3;2009-05-15;MFL;;;PA;2003-01-01
DEU;DEU000530637;;RET;2006-07-28;2006-07-28;NEU9;NEU9;---;0637;;;N;N;N;;;;;FX;GNS;NO;;;;;4.34;0.00;1.00;0.00;0.00;11.00;0.00;3;1994-07-19;MFL;;;PA;1994-01-01
DEU;DEU000530639;;MOD;2023-09-01;2100-12-31;UMM59;UMM59;---;DEUMZ;Ummanz;;N;Y;N;N;Y;N;;GO;GNS;FPO;;;;;4.65;0.00;1.00;0.00;0.00;7.00;0.00;3;2022-12-01;MFL;;;;1995-01-01
DEU;DEU000540300;;RET;1994-03-25;1994-03-25;FED11;FED11;NORDSTERN;DEFEZ;Fedderwardersiel;;N;N;N;;;;;TUB;TBB;OTB;;;;;11.80;10.70;0.00;10.98;0.00;93.00;0.00;1;1959-04-08;C11;;;PA;1948-01-01
DEU;DEU000540602;;RET;1990-12-05;1990-12-05;SAS279;SAS279;UNSTRUT;0602;;Y4SK;Y;N;N;;;;;FX;OTB;PTB;;;;;26.45;23.40;0.00;132.70;0.00;220.00;18.00;;1957-05-02;4;;;PA;
DEU;DEU000540603;;RET;1992-09-08;1992-09-08;WAR76;WAR76;---;0603;;;N;N;N;;;;;FX;GNS;LLS;;;;;8.10;0.00;0.00;4.64;0.00;20.00;0.00;;1970-08-17;C19;;;PA;
DEU;DEU000540604;;RET;1997-08-07;1997-08-07;WIS005;WIS005;---;0604;;;N;N;N;;;;;FX;GNS;LLS;;;;;6.20;0.00;2.00;2.71;0.00;33.00;0.00;;1981-06-26;4C1;;;PA;
DEU;DEU000540605;;RET;2007-09-24;2007-09-24;STR18;STR18;---;0605;;;N;N;N;;;;;FX;GNS;LLS;;;;;5.70;0.00;1.00;2.30;0.00;0.00;0.00;1;1943-06-07;MFL;;;PA;1943-01-01
DEU;DEU000540606;;RET;1997-09-14;1997-09-14;NEE6N;NEE6N;---;0606;;;N;N;N;;;;;FX;GNS;NK;;;;;7.30;6.50;1.00;3.46;0.00;5.00;0.00;;1970-03-25;4C1;;;PA;
DEU;DEU000540607;;RET;1999-05-03;1999-05-03;SEE06AN;SEE06AN;---;0607;;;N;N;N;;;;;FX;GNS;NO;;;;;4.77;0.00;1.00;1.40;0.00;0.00;0.00;;1960-02-14;4C1;;;PA;
DEU;DEU000540608;;RET;2017-06-20;2017-06-20;WIE57;WIE57;---;0608;;;N;N;N;;;;;FX;GNS;FPO;;;;;5.06;0.00;1.00;0.00;0.00;22.00;0.00;3;2013-09-26;MFL;;;PA;2009-01-01
DEU;DEU000540609;;MOD;2012-01-30;2100-12-31;UEK35;UEK35;---;0609;;;N;Y;N;;;;;FX;GNS;LLS;;;;;8.45;0.00;2.00;5.04;0.00;28.00;0.00;3;1996-12-09;MFL;;;;1996-01-01
DEU;DEU000540611;;MOD;2018-05-16;2100-12-31;STA1;STA1;---;0611;;;N;Y;N;N;;N;;GO;GNS;FPO;;;;;4.42;0.00;1.00;0.00;0.00;12.00;0.00;3;2012-05-08;MFL;;;;2011-01-01
DEU;DEU000540612;;RET;2018-06-22;2018-06-22;THI48;THI48;---;0612;;;N;N;N;N;;N;;GO;GNS;LLS;;;;;5.30;0.00;1.00;0.00;0.00;22.00;0.00;1;1979-03-16;MFL;;;PA;1979-01-01
DEU;DEU000540613;;RET;2000-12-11;2000-12-11;GLO003A;GLO003A;---;0613;;;N;N;N;;;;;FX;GNS;LLS;;;;;5.16;0.00;1.00;1.88;0.00;15.00;0.00;;1978-04-10;4C1;;;PA;
DEU;DEU000540614;;RET;1993-01-12;1993-01-12;FRE48;FRE48;---;0614;;;N;N;N;;;;;FX;GNS;NO;;;;;3.80;0.00;0.00;1.02;0.00;0.00;0.00;;1990-08-21;C19;;;PA;
DEU;DEU000540615;;RET;1996-01-01;1996-01-01;GAG15;GAG15;---;0615;;;N;N;N;;;;;FX;GNS;NO;;;;;5.98;0.00;1.00;2.52;0.00;5.00;0.00;;1982-01-20;C19;;;PA;
DEU;DEU000540616;;RET;2010-12-02;2010-12-02;WAT6Z;WAT6Z;---;0616;;;N;N;N;;;;;FX;GNS;FPO;;;;;4.63;0.00;1.00;0.00;0.00;16.00;0.00;3;2000-05-19;MFL;;;PA;1997-01-01
DEU;DEU000540617;;RET;1990-11-01;1990-11-01;VIT015;VIT015;---;0617;;;N;N;N;;;;;FX;OTB;OTM;;;;;17.60;0.00;0.00;37.73;0.00;100.00;0.00;;1949-12-31;4;;;PA;
DEU;DEU000540637;;MOD;2023-01-01;2100-12-31;NEU32;NEU32;---;DENOZ;"Neuendorf"", Hiddensee";;N;Y;N;N;;N;;GO;GNS;LLS;;;;;4.65;0.00;1.00;0.00;0.00;22.00;0.00;3;1995-07-18;MFL;;;;1995-01-01
DEU;DEU000550300;;MOD;2013-04-01;2100-12-31;HOO52;HOO52;AGGI;0310;;DDAE;Y;Y;Y;;;;;FX;TBB;OTB;;;;;15.92;14.18;24.00;0.00;0.00;198.00;0.00;1;1975-02-12;MFL;;;;1975-01-01
DEU;DEU000550602;;RET;1990-11-20;1990-11-20;SAS281;SAS281;DASGAT;0602;;Y4SL;Y;N;N;;;;;FX;OTB;PTB;;;;;26.45;23.40;0.00;132.70;0.00;220.00;31.00;;1958-02-17;4;;;PA;
DEU;DEU000550603;;RET;1994-08-31;1994-08-31;WAR4;WAR4;---;0603;;;N;N;N;;;;;FX;GNS;LLS;;;;;7.15;6.70;2.00;4.07;0.00;26.00;0.00;;1991-11-01;C19;;;PA;
DEU;DEU000550604;;RET;2003-12-30;2003-12-30;WIS060;WIS060;SCHWANNSEE;0604;;;N;Y;N;;;;;FX;GNS;LLS;;;;;11.95;0.00;16.00;15.17;0.00;44.00;0.00;1;1956-08-18;MFL;;;AC;1956-01-01
DEU;DEU000550605;;RET;1998-03-31;1998-03-31;STR19;STR19;---;0605;;;N;N;N;;;;;FX;GNS;NO;;;;;6.50;0.00;1.00;2.98;0.00;0.00;0.00;;1942-03-16;4C1;;;PA;
DEU;DEU000550606;;RET;2007-01-15;2007-01-15;NEE5;NEE5;---;0606;;;N;N;N;;;;;FX;GNS;NK;;;;;7.10;6.30;1.00;0.00;0.00;5.00;0.00;1;1970-09-10;MFL;;;PA;1970-01-01
DEU;DEU000550607;;RET;2000-11-21;2000-11-21;SEE03AN;SEE03AN;---;0607;;;N;N;N;;;;;FX;GNS;NK;;;;;4.75;0.00;1.00;1.60;0.00;3.00;0.00;;1973-07-14;4C1;;;PA;
DEU;DEU000550608;;CHA;2022-01-01;2100-12-31;WIE60;WIE60;---;DEGRD;Greifswald;;N;N;N;N;;N;;GO;GNS;LLS;;;;;5.30;0.00;1.00;0.00;0.00;30.00;0.00;3;2020-06-15;MFL;;;PA;1996-01-01
DEU;DEU000550609;;RET;2006-09-14;2006-09-14;UEK21;UEK21;---;0609;;;N;N;N;;;;;FX;GNS;LLS;;;;;4.40;0.00;1.00;0.00;0.00;6.00;0.00;3;1997-05-05;MFL;;;PA;1994-01-01
DEU;DEU000550611;;RET;2018-08-31;2018-08-31;GRI6;GRI6;---;0664;;;N;N;N;N;;N;;WOP;FPO;GNS;;;;;4.10;0.00;1.00;0.00;0.00;15.00;0.00;3;2013-06-03;MFL;;;PA;2013-01-01
DEU;DEU000550612;;RET;1999-12-10;1999-12-10;THI15;THI15;---;0612;;;N;N;N;;;;;FX;GNS;NK;;;;;5.42;0.00;1.00;2.10;0.00;10.00;0.00;;1952-07-08;4C1;;;PA;
DEU;DEU000550613;;RET;2001-07-02;2001-07-02;GLO005A;GLO005A;---;0613;;;N;N;N;;;;;FX;GNS;LLS;;;;;5.22;0.00;1.00;1.70;0.00;20.00;0.00;;1980-04-17;4C1;;;PA;
DEU;DEU000550614;;RET;2010-01-29;2010-01-29;KROE9;KROE9;---;0614;;;N;N;N;;;;;FX;GNS;LLS;;;;;4.00;0.00;1.00;1.13;0.00;6.00;0.00;3;1988-08-05;MFL;;;PA;1985-01-01
DEU;DEU000550615;;RET;2009-04-28;2009-04-28;GAG16;GAG16;---;0615;;;N;N;N;;;;;FX;FPO;NO;;;;;4.00;0.00;1.00;0.00;0.00;0.00;0.00;3;1987-12-17;MFL;;;PA;1987-01-01
DEU;DEU000550616;;RET;2007-11-23;2007-11-23;ANK1Z;ANK1Z;---;0616;;;N;N;N;;;;;FX;GNS;LLS;;;;;6.30;0.00;1.00;0.00;0.00;6.00;0.00;3;2001-01-19;MFL;;;PA;2000-01-01
DEU;DEU000550617;;RET;2020-10-31;2020-10-31;PRU19;PRU19;INGE;0661;;;N;N;N;N;;N;;GO;GNS;LLS;;;;;9.12;8.62;5.00;0.00;0.00;85.00;0.00;3;1976-08-03;MFL;;;PA;1976-01-01
DEU;DEU000550619;;RET;2007-11-06;2007-11-06;BAN20;BAN20;---;0619;;;N;N;N;;;;;FX;GNS;LLS;;;;;4.63;0.00;1.00;0.00;0.00;0.00;0.00;3;2003-04-11;MFL;;;PA;2003-01-01
DEU;DEU000550637;;RET;1997-08-07;1997-08-07;NEU33;NEU33;---;0637;;;N;N;N;;;;;FX;GNS;LLS;;;;;5.00;0.00;1.00;1.80;0.00;18.00;0.00;;1996-01-01;4C1;;;PA;
DEU;DEU000560300;8566165;MOD;2025-03-04;2100-12-31;SU16;SU16;JONAS;DEHUS;Husum;DCEV;Y;Y;Y;Y;N;Y;211416000;TU;TBB;GNS;OTB;FPO;;;17.15;15.49;49.00;0.00;0.00;221.00;85.00;2;1980-06-01;MFL;;;;1980-01-01
DEU;DEU000560602;;RET;1990-12-01;1990-12-01;SAS282;SAS282;DOGGERBANK;0602;;Y4SM;Y;N;N;;;;;FX;OTB;PTB;;;;;26.45;23.40;0.00;132.70;0.00;184.00;31.00;;1958-02-07;4;;;PA;
DEU;DEU000560603;;RET;1996-04-26;1996-04-26;WAR5N;WAR5N;---;0603;;;N;N;N;;;;;FX;GNS;LLS;;;;;9.08;0.00;4.00;7.24;0.00;24.00;0.00;;1991-10-01;C19;;;PA;
DEU;DEU000560604;;MOD;2003-01-01;2100-12-31;WIS11;WIS11;---;0604;;;N;Y;N;;;;;FX;GNS;LLS;;;;;7.40;6.60;3.00;3.87;0.00;26.00;0.00;3;1981-08-18;MFL;;;;1981-01-01
DEU;DEU000560605;;RET;2023-08-02;2023-08-02;STR20N;STR20N;---;DESTL;Stralsund;;N;N;N;N;N;N;;GO;GNS;LLS;;;;;5.70;0.00;1.00;0.00;0.00;22.00;0.00;1;1963-01-01;MFL;;;PA;1963-01-01
DEU;DEU000560606;;MOD;2021-04-01;2100-12-31;KAM09;KAM09;SEEADLER;DEKAV;Kamminke;Y4UA;Y;Y;N;Y;;N;;GO;GNS;OTB;;;;;14.10;12.60;21.00;0.00;0.00;100.00;0.00;1;1941-09-27;MFL;;;PA;1941-01-01
DEU;DEU000560607;;RET;2000-03-28;2000-03-28;SEE01N;SEE01N;---;0607;;;N;N;N;;;;;FX;GNS;NO;;;;;4.33;0.00;1.00;1.35;0.00;0.00;0.00;;1990-02-14;4C1;;;PA;
DEU;DEU000560609;;MOD;2023-05-15;2100-12-31;UEK38;UEK38;---;DEUCK;Ueckermünde;;N;Y;N;N;Y;N;;GO;GNS;FPO;;;;;8.50;0.00;2.00;0.00;0.00;28.00;0.00;3;1997-05-26;MFL;;;;1997-01-01
DEU;DEU000560611;;RET;2021-10-31;2021-10-31;STA6N;STA6N;---;DESHY;Stahlbrode;;N;N;N;N;;N;;GO;GNS;FPO;;;;;5.85;0.00;1.00;0.00;0.00;10.00;0.00;3;2016-05-15;MFL;;;PA;1995-01-01
DEU;DEU000560612;;RET;2022-05-09;2022-05-09;THI01B;THI01B;---;DETS2;Thiessow;;N;N;N;N;;N;;GO;GNS;LLS;;;;;6.10;0.00;1.00;0.00;0.00;6.00;0.00;1;1973-03-20;MFL;;;PA;1972-01-01
DEU;DEU000560613;;DES;1997-11-17;1997-11-17;GLO009D;GLO009D;---;0613;;;N;N;N;;;;;FX;GNS;LLS;;;;;5.27;0.00;1.00;1.90;0.00;7.00;0.00;;1982-07-12;4C1;;;PA;
DEU;DEU000560614;;RET;1992-01-01;1992-01-01;FRE25;FRE25;SEESTERN;0614;;;N;N;N;;;;;FX;GNS;GNS;;;;;9.80;0.00;0.00;12.00;0.00;44.00;0.00;;1952-12-31;4;;;PA;
DEU;DEU000560615;;RET;1998-07-30;1998-07-30;GAG01B;GAG01B;---;0615;;;N;N;N;;;;;FX;GNS;NO;;;;;5.34;0.00;1.00;2.00;0.00;0.00;0.00;;1991-01-28;4C1;;;PA;
DEU;DEU000560616;;MOD;2019-04-01;2100-12-31;WAT7N;WAT7N;---;0616;;;N;Y;N;N;;N;;GO;GNS;LLS;;;;;8.40;0.00;3.00;0.00;0.00;5.00;0.00;2;2001-04-26;MFL;;;;1983-01-01
DEU;DEU000560617;;MOD;2018-05-16;2100-12-31;POE67N;POE67N;HERING;0653;;;N;Y;N;;;;;FX;GNS;LLS;;;;;7.70;7.50;4.00;0.00;0.00;29.00;0.00;3;1972-07-04;MFL;;;;1972-01-01
DEU;DEU000560619;;MOD;2021-11-01;2100-12-31;BAN1N;BAN1N;---;DEBA4;Bansin;;N;Y;N;N;;N;;GO;GNS;LLS;;;;;5.06;0.00;1.00;0.00;0.00;37.00;0.00;3;2005-02-18;MFL;;;;2005-01-01
DEU;DEU000560637;;RET;1999-06-07;1999-06-07;NEU34N;NEU34N;---;0637;;;N;N;N;;;;;FX;GNS;LLS;;;;;5.90;0.00;1.00;2.00;0.00;18.00;0.00;;1997-08-07;4C1;;;PA;
DEU;DEU000570300;;RET;2008-04-17;2008-04-17;HOO61;HOO61;SAMLAND;DEHOO;Hooksiel;DDEP;Y;N;Y;;;;;TUB;TBB;OTB;;;;;15.46;13.80;22.00;22.64;0.00;206.00;0.00;1;1972-03-20;MFL;;;PA;1971-01-01
DEU;DEU000570602;;RET;1990-12-05;1990-12-05;SAS283;SAS283;FLADENGRUND;0602;;Y4SN;Y;N;N;;;;;FX;OTB;PTB;;;;;26.45;23.40;0.00;132.70;0.00;184.00;38.00;;1958-02-07;4;;;PA;
DEU;DEU000570603;;MOD;2023-01-01;2100-12-31;WAR77A;WAR77A;---;DEWAR;Warnemünde;;N;Y;N;N;Y;N;;GO;GNS;LLS;;;;;5.90;5.40;1.00;0.00;0.00;26.00;0.00;3;1994-02-23;MFL;;;;1993-01-01
DEU;DEU000570604;;RET;2005-07-13;2005-07-13;WIS001;WIS001;SABINE;0604;;;N;N;N;;;;;FX;GNS;LLS;;;;;9.80;7.90;6.00;6.79;0.00;37.00;0.00;1;1956-07-27;MFL;;;PA;1956-01-01
DEU;DEU000570605;;RET;1998-04-16;1998-04-16;STR22;STR22;---;0605;;;N;N;N;;;;;FX;GNS;LLS;;;;;5.30;0.00;1.00;2.00;0.00;0.00;0.00;;1975-07-18;4C1;;;PA;
DEU;DEU000570606;;RET;1997-09-14;1997-09-14;NEE2N;NEE2N;---;0606;;;N;N;N;;;;;FX;GNS;LLS;;;;;6.50;5.50;2.00;2.39;0.00;5.00;0.00;;1977-06-20;4C1;;;PA;
DEU;DEU000570607;;RET;2017-03-29;2017-03-29;NRE8;NRE8;---;0607;;;N;N;N;;;;;FX;GNS;LLS;;;;;5.45;0.00;1.00;0.00;0.00;6.00;0.00;1;1975-08-14;MFL;;;PA;1975-01-01
DEU;DEU000570609;;MOD;2005-03-08;2100-12-31;UEK14;UEK14;---;DEUCK;Ueckermünde;;N;Y;N;N;;N;;GO;GNS;LLS;;;;;7.70;6.70;2.00;4.19;0.00;4.00;0.00;1;1998-12-03;MFL;;;;1989-01-01
DEU;DEU000570611;;CST;2018-08-01;2100-12-31;GRI1;GRI1;---;0664;;;N;Y;N;N;;N;;GO;GNS;LLS;;;;;5.00;0.00;1.00;0.00;0.00;29.00;0.00;2;2018-08-01;MFL;;;PA;2018-01-01
DEU;DEU000570613;;RET;2002-08-12;2002-08-12;BRE10;BRE10;---;0613;;;N;N;N;;;;;FX;GNS;NK;;;;;4.08;0.00;1.00;1.17;0.00;7.00;0.00;;1992-01-01;4C1;;;PA;
DEU;DEU000570614;;RET;2003-11-05;2003-11-05;FRE8;FRE8;---;0614;;;N;N;N;;;;;FX;GNS;NK;;;;;4.20;0.00;1.00;1.24;0.00;0.00;0.00;1;1981-11-14;MFL;;;PA;1981-01-01
DEU;DEU000570615;;RET;2007-12-18;2007-12-18;GAG12N;GAG12N;---;0615;;;N;N;N;;;;;FX;GNS;LLS;;;;;5.26;0.00;1.00;2.00;0.00;9.00;0.00;1;1991-01-28;MFL;;;PA;1936-01-01
DEU;DEU000570616;;RET;2002-06-25;2002-06-25;WAT11Z;WAT11Z;---;0616;;;N;N;N;;;;;FX;GNS;LLS;;;;;7.73;0.00;2.00;0.00;0.00;6.00;0.00;;2002-02-05;4CZ;;;PA;
DEU;DEU000570617;;MOD;2014-03-19;2100-12-31;ECKE17;ECKE17;BIRKNAC II;0208;;;N;Y;N;;;;;FX;GNS;FPO;;;;;7.94;7.50;2.00;0.00;0.00;42.00;0.00;3;1978-07-04;MFL;;;;1978-01-01
DEU;DEU000570619;;RET;2023-12-31;2023-12-31;BAN4N;BAN4N;---;DEBA4;Bansin;;N;N;N;N;N;N;;GO;GNS;LLS;;;;;5.06;0.00;1.00;0.00;0.00;6.00;0.00;3;2005-03-09;MFL;;;PA;1992-01-01
DEU;DEU000570637;;RET;2006-04-05;2006-04-05;NEU36N;NEU36N;---;0637;;;N;N;N;;;;;FX;GNS;LLS;;;;;4.05;0.00;1.00;0.00;0.00;15.00;0.00;3;1998-03-02;MFL;;;PA;1998-01-01
DEU;DEU000580300;;RET;1990-09-15;1990-09-15;HOO70;HOO70;JADE;0310;;DDAR;Y;N;N;;;;;FX;DRB;NO;;;;;21.69;20.81;0.00;49.58;0.00;129.00;0.00;;1964-12-10;5;;;PA;
DEU;DEU000580602;;RET;1990-12-01;1990-12-01;SAS285;SAS285;SCHLICKBANK;0602;;Y4GB;Y;N;N;;;;;FX;OTB;PTB;;;;;26.45;23.40;0.00;132.70;0.00;184.00;31.00;;1958-02-07;4;;;PA;
DEU;DEU000580603;;RET;2003-11-05;2003-11-05;WAR8;WAR8;SEEHASE;0603;;;N;N;N;;;;;FX;GNS;LLS;;;;;8.99;8.62;5.00;5.67;0.00;35.00;0.00;2;1994-09-01;MFL;;;PA;1987-01-01
DEU;DEU000580604;;MOD;2012-01-19;2100-12-31;WIS10N;WIS10N;---;0604;;;N;Y;N;;;;;FX;GNS;LLS;;;;;6.35;0.00;1.00;0.00;0.00;8.00;0.00;3;2000-08-04;MFL;;;;1974-01-01
DEU;DEU000580605;;RET;2015-08-12;2015-08-12;STR23;STR23;---;0605;;;N;N;N;;;;;FX;GNS;LLS;;;;;6.00;0.00;1.00;2.54;0.00;0.00;0.00;1;1948-06-09;MFL;;;PA;1948-01-01
DEU;DEU000580606;;RET;1998-03-27;1998-03-27;ZIE2;ZIE2;---;0606;;;N;N;N;;;;;FX;GNS;LLS;;;;;6.95;6.05;1.00;2.27;0.00;5.00;0.00;;1980-05-23;4C1;;;PA;
DEU;DEU000580607;;RET;2006-12-19;2006-12-19;LAU10CN;LAU10CN;---;0607;;;N;N;N;;;;;FX;GNS;NO;;;;;4.12;0.00;1.00;0.00;0.00;6.00;0.00;1;1995-06-26;MFL;;;PA;1980-01-01
DEU;DEU000580609;;RET;2012-11-26;2012-11-26;UEK51;UEK51;---;0609;;;N;N;N;;;;;FX;GNS;LLS;;;;;4.03;0.00;1.00;1.10;0.00;18.00;0.00;3;1999-01-02;MFL;;;PA;1998-01-01
DEU;DEU000580611;;CST;2025-02-01;2100-12-31;STA2;STA2;---;DESHY;Stahlbrode;;N;Y;N;N;Y;N;;GO;GNS;LLS;;;;;4.29;0.00;1.00;0.00;0.00;22.00;0.00;3;2025-02-01;MFL;;;PA;2024-01-01
DEU;DEU000580612;;DES;1998-02-10;1998-02-10;THI07A;THI07A;---;0612;;;N;N;N;;;;;FX;GNS;NO;;;;;5.20;0.00;1.00;1.90;0.00;0.00;0.00;;1971-04-16;4C1;;;PA;
DEU;DEU000580613;;MOD;2022-08-15;2100-12-31;BRE61;BRE61;---;DEREQ;Breege;;N;Y;N;N;;N;;GO;GNS;LLS;;;;;4.98;0.00;1.00;0.00;0.00;19.00;0.00;3;1995-06-26;MFL;;;;1995-01-01
DEU;DEU000580614;;RET;2002-03-05;2002-03-05;FRE41;FRE41;---;0614;;;N;N;N;;;;;FX;GNS;LLS;;;;;6.80;0.00;2.00;2.28;0.00;26.00;0.00;;1987-07-14;4C1;;;PA;
DEU;DEU000580615;;RET;2011-12-31;2011-12-31;GAG13N;GAG13N;---;0615;;;N;N;N;;;;;FX;GNS;LLS;;;;;5.58;0.00;1.00;2.00;0.00;6.00;0.00;1;1991-01-28;MFL;;;PA;1973-01-01
DEU;DEU000580616;;RET;2005-08-18;2005-08-18;WAT12Z;WAT12Z;---;0616;;;N;N;N;;;;;FX;GNS;LLS;;;;;4.27;0.00;1.00;0.00;0.00;7.00;0.00;3;2002-04-08;MFL;;;PA;2002-01-01
DEU;DEU000580617;;MOD;2016-07-01;2100-12-31;VIT44;VIT44;KARIN;0617;;;N;Y;N;;;;;FX;GNS;LLS;;;;;10.92;9.88;15.00;0.00;0.00;118.00;0.00;3;1992-10-05;MFL;;;;1992-01-01
DEU;DEU000580619;;RET;2009-10-27;2009-10-27;BAN5;BAN5;---;0619;;;N;N;N;;;;;FX;GNS;FPO;;;;;4.30;0.00;1.00;0.00;0.00;17.00;0.00;3;2006-11-03;MFL;;;PA;1996-01-01
DEU;DEU000580637;;MOD;2016-09-30;2100-12-31;VIT70N;VIT70N;---;0617;;;N;Y;N;;;;;FX;GNS;LLS;;;;;4.34;0.00;1.00;0.00;0.00;13.00;0.00;3;1998-03-02;MFL;;;;1997-01-01
DEU;DEU000580654;;MOD;2008-06-18;2100-12-31;TAR008;TAR008;GÃ¼NTHER;0654;;;N;Y;N;;;;;FX;GNS;LLS;;;;;7.96;7.75;3.00;5.05;0.00;35.00;0.00;1;1948-08-27;MFL;;;;1948-01-01
DEU;DEU000590300;8100612;EXP;2001-02-07;2001-02-07;HOO71;HOO71;SCHILLHOERN;0310;;DDBT;Y;N;N;;;;;DM;DRB;NK;;;;;35.58;32.00;266.00;156.31;0.00;440.00;0.00;;1981-10-24;4CZ;NLD;EX;PA;
DEU;DEU000590602;;RET;1990-12-01;1990-12-01;SAS286;SAS286;VIKINGBANK;0602;;Y4GC;Y;N;N;;;;;FX;OTB;PTB;;;;;26.45;23.40;0.00;132.70;0.00;220.00;31.00;;1958-02-07;4;;;PA;
DEU;DEU000590603;;MOD;2005-06-28;2100-12-31;WAR7;WAR7;---;0603;;;N;Y;N;;;;;FX;GNS;LLS;;;;;7.70;0.00;2.00;4.50;0.00;14.00;0.00;3;1979-04-28;MFL;;;;1978-01-01
DEU;DEU000590604;;RET;1990-11-01;1990-11-01;WIS101;WIS101;HANS COPPI;0604;;Y4PA;Y;N;N;;;;;FX;OTB;PTB;;;;;14.48;0.00;0.00;31.09;0.00;103.00;0.00;;1950-01-14;4;;;PA;
DEU;DEU000590605;;RET;2005-02-28;2005-02-28;STR25;STR25;---;0605;;;N;N;N;;;;;FX;GNS;LLS;;;;;5.30;0.00;1.00;2.00;0.00;0.00;0.00;1;1975-08-18;MFL;;;PA;1975-01-01
DEU;DEU000590606;;RET;1993-03-16;1993-03-16;WOG4;WOG4;---;0634;;;N;N;N;;;;;FX;GNS;LLS;;;;;7.10;6.40;0.00;2.27;0.00;10.00;0.00;;1988-03-14;4;;;PA;
DEU;DEU000590607;;RET;2017-03-29;2017-03-29;NRE10;NRE10;---;0607;;;N;N;N;;;;;FX;GNS;LLS;;;;;6.00;0.00;1.00;0.00;0.00;0.00;0.00;1;2001-10-26;MFL;;;PA;1956-01-01
DEU;DEU000590609;;RET;2013-05-13;2013-05-13;UEK45Z;UEK45Z;---;0609;;;N;Y;N;;;;;FX;GNS;LLS;;;;;4.50;0.00;1.00;0.00;0.00;22.00;0.00;3;2000-03-06;MFL;;;PA;1998-01-01
DEU;DEU000590612;;RET;2012-01-11;2012-01-11;THI9;THI9;---;0612;;;N;N;N;;;;;FX;GNS;LLS;;;;;5.35;0.00;1.00;0.00;0.00;0.00;0.00;1;1977-01-18;MFL;;;PA;1975-01-01
DEU;DEU000590613;;RET;2002-02-04;2002-02-04;BRE13;BRE13;---;0613;;;N;N;N;;;;;FX;GNS;LLS;;;;;3.96;0.00;1.00;1.10;0.00;18.00;0.00;;1996-01-01;4C1;;;PA;
DEU;DEU000590614;;RET;2012-06-20;2012-06-20;WAR15;WAR15;PLUEMPER;0603;;DH3605;Y;N;N;;;;;FX;GNS;LLS;;;;;6.30;6.05;2.00;0.00;0.00;13.00;0.00;3;1992-03-09;MFL;;;PA;1986-01-01
DEU;DEU000590615;;RET;1998-02-04;1998-02-04;GAG18A;GAG18A;---;0615;;;N;N;N;;;;;FX;GNS;NO;;;;;4.20;0.00;1.00;1.24;0.00;0.00;0.00;;1991-01-28;4C1;;;PA;
DEU;DEU000590616;;RET;2016-12-01;2016-12-01;ANK5Z;ANK5Z;---;0616;;;N;N;N;;;;;FX;GNS;LLS;;;;;5.10;0.00;1.00;0.00;0.00;17.00;0.00;3;2003-06-02;MFL;;;PA;2003-01-01
DEU;DEU000590617;;RET;2010-07-01;2010-07-01;VIT46;VIT46;---;0617;;;N;N;N;;;;;FX;GNS;LLS;;;;;4.85;0.00;1.00;1.66;0.00;22.00;0.00;3;1994-05-17;MFL;;;PA;1994-01-01
DEU;DEU000590619;;MOD;2014-05-08;2100-12-31;AHL14N;AHL14N;---;0618;;;N;Y;N;;;;;FX;GNS;LLS;;;;;5.06;0.00;1.00;0.00;0.00;29.00;0.00;3;2007-11-06;MFL;;;PA;2007-01-01
DEU;DEU000590637;;RET;2006-01-20;2006-01-20;NEU38N;NEU38N;---;0637;;;N;N;N;;;;;FX;GNS;LLS;;;;;6.37;0.00;1.00;0.00;0.00;8.00;0.00;1;1999-06-07;MFL;;;PA;1964-01-01
DEU;DEU000600300;;RET;1997-02-27;1997-02-27;HOO83;HOO83;HOOKSIEL;0310;;DDEH;Y;N;N;;;;;FX;DRB;NO;;;;;26.05;23.45;0.00;62.56;0.00;236.00;0.00;;1969-11-20;4CZ;;;PA;
DEU;DEU000600602;;RET;1990-12-05;1990-12-05;SAS287;SAS287;LINKBANK;0602;;Y4GD;Y;N;N;;;;;FX;OTB;PTB;;;;;26.45;23.40;0.00;132.70;0.00;220.00;31.00;;1958-02-07;4;;;PA;
DEU;DEU000600603;;MOD;2006-10-19;2100-12-31;WAR9;WAR9;FRANZISKA;0603;;;N;Y;N;;;;;FX;GNS;OTB;;;;;9.23;8.64;6.00;5.40;0.00;64.00;0.00;3;1995-06-15;MFL;;;PA;1995-01-01
DEU;DEU000600604;;RET;1990-11-01;1990-11-01;WIS102;WIS102;COTTBUS;0604;;Y4PH;Y;N;N;;;;;FX;OTB;PTB;;;;;16.48;0.00;0.00;31.09;0.00;103.00;0.00;;1950-03-16;4;;;PA;
DEU;DEU000600605;;RET;2008-09-26;2008-09-26;STR26;STR26;---;0605;;;N;N;N;;;;;FX;GNS;LLS;;;;;5.30;0.00;1.00;2.00;0.00;4.00;0.00;1;1947-07-13;MFL;;;PA;1947-01-01
DEU;DEU000600606;;RET;2023-12-31;2023-12-31;LUB18N;LUB18N;---;DEGRD;Greifswald;;N;N;N;N;N;N;;GO;GNS;LLS;;;;;4.20;0.00;1.00;0.00;0.00;9.00;0.00;3;1993-11-16;MFL;;;PA;1982-01-01
DEU;DEU000600607;;RET;2008-06-25;2008-06-25;LAU35N;LAU35N;---;0607;;;N;N;N;;;;;FX;GNS;LLS;;;;;4.26;0.00;1.00;0.00;0.00;8.00;0.00;3;2003-05-02;MFL;;;PA;1980-01-01
DEU;DEU000600609;;MOD;2019-12-01;2100-12-31;UEK46;UEK46;HANNES;0609;;;N;Y;N;N;;N;;GO;GNS;LLS;;;;;8.40;0.00;3.00;0.00;0.00;42.00;0.00;3;2000-04-14;MFL;;;;2000-01-01
DEU;DEU000600612;;RET;1998-08-20;1998-08-20;THI13;THI13;---;0612;;;N;N;N;;;;;FX;GNS;NO;;;;;4.30;0.00;1.00;1.30;0.00;0.00;0.00;;1991-01-15;4C1;;;PA;
DEU;DEU000600613;;RET;2002-08-12;2002-08-12;BRZ3;BRZ3;---;0613;;;N;N;N;;;;;FX;GNS;LLS;;;;;4.25;0.00;1.00;1.23;0.00;8.00;0.00;;1996-01-01;4C1;;;PA;
DEU;DEU000600614;;RET;2010-10-13;2010-10-13;FRE24;FRE24;---;0614;;;N;N;N;;;;;FX;GNS;LLS;;;;;8.20;7.00;2.00;2.30;0.00;7.00;0.00;1;1991-04-29;MFL;;;PA;1990-01-01
DEU;DEU000600615;;RET;2006-07-31;2006-07-31;ARE02A;ARE02A;---;0615;;;N;N;N;;;;;FX;GNS;NO;;;;;6.00;0.00;1.00;0.00;0.00;0.00;0.00;1;1979-08-16;MFL;;;PA;1979-01-01
DEU;DEU000600616;;RET;2015-06-29;2015-06-29;LAS14Z;LAS14Z;---;0616;;;N;N;N;;;;;FX;GNS;LLS;;;;;4.65;0.00;1.00;0.00;0.00;20.00;0.00;3;2001-11-08;MFL;;;PA;2001-01-01
DEU;DEU000600617;;RET;2020-12-31;2020-12-31;VIT2;VIT2;---;0617;;;N;N;N;N;;N;;GO;GNS;LLS;;;;;4.10;0.00;1.00;0.00;0.00;11.00;0.00;3;1994-07-22;MFL;;;PA;1991-01-01
DEU;DEU000600619;;CST;2011-06-14;2100-12-31;BAN3;BAN3;Carmen Calypso;DEBA4;Bansin;;N;Y;N;N;Y;N;;GO;GNS;LLS;;;;;9.95;0.00;3.00;0.00;0.00;221.00;0.00;3;2011-06-14;MFL;;;PA;2011-01-01
DEU;DEU000600637;;RET;2006-12-19;2006-12-19;NEU39N;NEU39N;---;0637;;;N;N;N;;;;;FX;GNS;LLS;;;;;4.30;0.00;1.00;0.00;0.00;11.00;0.00;3;2000-07-10;MFL;;;PA;1988-01-01
DEU;DEU000610300;;RET;2015-06-29;2015-06-29;HOR1;HOR1;FALKE;0330;;DEPJ;Y;N;N;;;;;FX;TBB;OTB;;;;;14.99;13.46;20.00;20.03;0.00;110.00;0.00;1;1959-12-07;MFL;;;PA;1959-01-01
DEU;DEU000610602;;RET;1990-12-01;1990-12-01;SAS288;SAS288;GROSSE FISCHERBANK;0602;;Y4GE;Y;N;N;;;;;FX;OTB;PTB;;;;;26.45;23.40;0.00;132.70;0.00;184.00;31.00;;1958-03-04;4;;;PA;
DEU;DEU000610603;;MOD;2021-01-01;2100-12-31;WAR5N;WAR5N;ROBERT;DEWAR;Warnemünde;;N;Y;N;N;;N;;GO;GNS;LLS;;;;;7.15;0.00;2.00;0.00;0.00;24.00;0.00;3;1996-04-26;MFL;;;;1987-01-01
DEU;DEU000610604;;RET;1998-06-20;1998-06-20;BOI002;BOI002;---;0604;;;N;N;N;;;;;FX;GNS;LLS;;;;;5.00;0.00;1.00;1.77;0.00;7.00;0.00;;1981-07-10;4C1;;;PA;
DEU;DEU000610605;;RET;2009-02-13;2009-02-13;STR27;STR27;---;0605;;;N;N;N;;;;;FX;GNS;LLS;;;;;6.00;0.00;1.00;2.54;0.00;0.00;0.00;1;1981-09-07;MFL;;;PA;1981-01-01
DEU;DEU000610606;;RET;2001-04-27;2001-04-27;NEE4N;NEE4N;---;0606;;;N;N;N;;;;;FX;GNS;NO;;;;;5.50;0.00;1.00;2.14;0.00;0.00;0.00;;1992-01-01;4C1;;;PA;
DEU;DEU000610607;;RET;2002-05-28;2002-05-28;LAU29;LAU29;SILVANA;0607;;;N;N;N;;;;;FX;GNS;LLS;;;;;11.26;9.90;12.00;16.12;0.00;88.00;0.00;;1996-08-01;4C1;;;PA;
DEU;DEU000610609;;MOD;2021-02-01;2100-12-31;UEK36;UEK36;MICHELLE;DEUCK;Ueckermünde;;N;Y;N;N;;N;;GO;GNS;LLS;;;;;8.70;0.00;5.00;0.00;0.00;45.00;0.00;2;2002-08-12;MFL;;;;2002-01-01
DEU;DEU000610612;;RET;1996-12-02;1996-12-02;THI14;THI14;---;0612;;;N;N;N;;;;;FX;GNS;NO;;;;;5.28;0.00;1.00;1.95;0.00;0.00;0.00;;1973-04-14;C19;;;PA;
DEU;DEU000610613;;RET;1998-03-02;1998-03-02;BRE11;BRE11;---;0613;;;N;N;N;;;;;FX;GNS;LLS;;;;;8.31;7.73;2.00;6.06;0.00;26.00;0.00;;1996-02-23;4C1;;;PA;
DEU;DEU000610614;;MOD;2013-04-04;2100-12-31;VIT77;VIT77;SEETEUFEL;0617;;;N;Y;N;;;;;FX;GNS;LLS;;;;;7.31;7.02;4.00;4.30;0.00;48.00;0.00;3;1992-04-01;MFL;;;PA;1992-01-01
DEU;DEU000610615;;RET;2014-03-07;2014-03-07;ARE2B;ARE2B;---;0615;;;N;N;N;;;;;FX;GNS;LLS;;;;;5.97;0.00;1.00;2.50;0.00;3.00;0.00;1;1979-08-16;MFL;;;PA;1979-01-01
DEU;DEU000610616;;RET;2014-03-18;2014-03-18;LAS15;LAS15;---;0616;;;N;N;N;;;;;FX;GNS;LLS;;;;;5.54;0.00;1.00;0.00;0.00;18.00;0.00;3;2002-07-03;MFL;;;PA;2002-01-01
DEU;DEU000610617;;RET;2010-11-18;2010-11-18;VIT30;VIT30;---;0617;;;N;N;N;;;;;FX;GNS;LLS;;;;;6.00;0.00;1.00;2.54;0.00;13.00;0.00;1;1994-03-22;MFL;;;PA;1989-01-01
DEU;DEU000610619;;RET;2015-12-31;2015-12-31;BAN5N;BAN5N;---;0619;;;N;N;N;;;;;FX;GNS;LLS;;;;;4.70;0.00;1.00;0.00;0.00;10.00;0.00;3;2011-05-24;MFL;;;PA;2011-01-01
DEU;DEU000610637;;RET;2005-02-04;2005-02-04;NEU40Z;NEU40Z;---;0637;;;N;N;N;;;;;FX;GNS;LLS;;;;;3.80;0.00;1.00;0.00;0.00;4.00;0.00;3;2000-10-09;MFL;;;PA;1993-01-01
DEU;DEU000610656;;DES;1992-03-03;1992-03-03;ZIT2;ZIT2;---;0656;;;N;N;N;;;;;FX;GNS;LLS;;;;;5.00;0.00;0.00;1.77;0.00;5.00;0.00;;1970-11-12;C19;;;PA;
DEU;DEU000620300;;RET;2005-04-28;2005-04-28;SPI1;SPI1;SONNY-BOY;0303;;DFBI;Y;N;N;;;;;FX;TBB;OTB;;;;;14.09;13.10;18.00;18.45;0.00;138.00;0.00;1;1964-04-29;MFL;;;PA;1964-01-01
DEU;DEU000620602;;DES;1991-04-02;1991-04-02;SAS289;SAS289;UTSIRALOCH;0602;;Y4GF;Y;N;N;;;;;FX;OTB;PTB;;;;;26.45;23.40;0.00;132.70;0.00;220.00;31.00;;1958-03-12;4;;;PA;
DEU;DEU000620603;;RET;2006-11-10;2006-11-10;WAR10;WAR10;SEESTERN;0603;;DMOF;Y;N;N;;;;;FX;GNS;LLS;;;;;7.38;6.68;2.00;2.90;0.00;35.00;0.00;3;1996-10-16;MFL;;;PA;1995-01-01
DEU;DEU000620604;;MOD;2020-01-10;2100-12-31;WIS14;WIS14;---;0604;;;N;Y;N;N;;N;;GO;GNS;LLS;;;;;5.50;0.00;1.00;0.00;0.00;37.00;0.00;3;2003-05-21;MFL;;;;2003-01-01
DEU;DEU000620605;;RET;2008-09-26;2008-09-26;STR28;STR28;---;0605;;;N;N;N;;;;;FX;GNS;NO;;;;;6.80;0.00;2.00;3.30;0.00;0.00;0.00;3;1988-03-23;MFL;;;PA;1988-01-01
DEU;DEU000620606;;RET;2013-06-03;2013-06-03;ZEW15N;ZEW15N;---;0606;;;N;Y;N;;;;;FX;GNS;LLS;;;;;6.00;0.00;1.00;2.54;0.00;5.00;0.00;1;1975-03-16;MFL;;;PA;1975-01-01
DEU;DEU000620607;;RET;2006-06-13;2006-06-13;LAU30;LAU30;---;0607;;;N;N;N;;;;;FX;GNS;LLS;;;;;5.20;0.00;1.00;1.91;0.00;11.00;0.00;1;1996-11-15;MFL;;;PA;1986-01-01
DEU;DEU000620609;;MOD;2019-04-25;2100-12-31;FRE15;FRE15;---;0614;;;N;Y;N;N;;N;;GO;GNS;LLS;;;;;5.06;0.00;1.00;0.00;0.00;37.00;0.00;3;2002-09-10;MFL;;;PA;2002-01-01
DEU;DEU000620612;;RET;2004-12-01;2004-12-01;THI17A;THI17A;---;0612;;;N;N;N;;;;;FX;GNS;NO;;;;;5.30;0.00;1.00;2.00;0.00;0.00;0.00;1;1991-07-09;MFL;;;PA;1976-01-01
DEU;DEU000620613;;RET;2006-06-01;2006-06-01;GLO7N;GLO7N;---;0613;;;N;N;N;;;;;FX;GNS;LLS;;;;;4.60;0.00;1.00;0.00;0.00;11.00;0.00;3;1996-10-21;MFL;;;PA;1985-01-01
DEU;DEU000620614;;RET;2011-09-19;2011-09-19;FRE35A;FRE35A;SEESTERN;0614;;;N;N;N;;;;;FX;GNS;LLS;;;;;7.15;6.80;3.00;3.55;0.00;33.00;0.00;3;1986-10-23;MFL;;;PA;1986-01-01
DEU;DEU000620615;;RET;2002-05-28;2002-05-28;ARE02C;ARE02C;---;0615;;;N;N;N;;;;;FX;GNS;LLS;;;;;5.28;0.00;1.00;1.97;0.00;0.00;0.00;;1979-08-18;4C1;;;PA;
DEU;DEU000620616;;MOD;2020-01-10;2100-12-31;NEE7N;NEE7N;---;0616;;;N;Y;N;N;;N;;GO;GNS;LLS;;;;;4.37;0.00;1.00;0.00;0.00;11.00;0.00;3;2003-01-04;MFL;;;;2003-01-01
DEU;DEU000620617;;MOD;2018-04-13;2100-12-31;VIT41;VIT41;Marmorata;0617;;;N;Y;N;N;;N;;GO;GNS;LLS;;;;;7.62;0.00;2.00;0.00;0.00;38.00;0.00;3;1994-08-23;MFL;;;;1983-01-01
DEU;DEU000620619;;MOD;2023-01-01;2100-12-31;BAL12;BAL12;---;DEBA4;Bansin;;N;Y;N;N;Y;N;;GO;GNS;LLS;;;;;4.55;0.00;1.00;0.00;0.00;27.00;0.00;3;2012-11-13;MFL;;;;2012-01-01
DEU;DEU000620637;;RET;2017-08-28;2017-08-28;NEU41N;NEU41N;---;0637;;;N;N;N;;;;;FX;GNS;LLS;;;;;4.30;0.00;1.00;0.00;0.00;9.00;0.00;3;2002-10-06;MFL;;;PA;1993-01-01
DEU;DEU000620654;;RET;1994-10-12;1994-10-12;TAR007;TAR007;EVA;0654;;;N;N;N;;;;;FX;GNS;LLS;;;;;7.00;0.00;0.00;3.46;0.00;22.00;0.00;;1990-09-28;C19;;;PA;
DEU;DEU000620656;;RET;1992-02-09;1992-02-09;ZIT2A;ZIT2A;---;0656;;;N;N;N;;;;;FX;GNS;LLS;;;;;4.20;0.00;0.00;1.25;0.00;5.00;0.00;;1971-09-16;C19;;;PA;
DEU;DEU000630300;;RET;2010-10-01;2010-10-01;SPI2;SPI2;SKUA;DESKW;;DERJ;Y;N;Y;;;;;TUB;TBB;OTB;;;;;15.60;14.48;24.00;22.98;0.00;183.00;0.00;1;1981-03-01;MFL;;;PA;1980-01-01
DEU;DEU000630602;;RET;1990-11-20;1990-11-20;SAS290;SAS290;NARWAL;0602;;Y4SO;Y;N;N;;;;;FX;OTB;OTM;;;;;26.45;23.40;0.00;133.93;0.00;184.00;31.00;;1958-08-01;4;;;PA;
DEU;DEU000630603;;MOD;2023-01-01;2100-12-31;WAR14;WAR14;CHRISTIN;DEWAR;Warnemünde;DMOM;Y;Y;N;N;Y;N;;GO;GNS;LLS;;;;;9.18;8.51;3.00;0.00;0.00;78.00;0.00;3;1997-07-01;MFL;;;;1997-01-01
DEU;DEU000630605;;RET;2011-11-02;2011-11-02;STR29;STR29;---;0605;;;N;N;N;;;;;FX;FPO;NO;;;;;6.80;0.00;2.00;3.27;0.00;0.00;0.00;3;1988-09-17;MFL;;;PA;1988-01-01
DEU;DEU000630606;;RET;1998-05-14;1998-05-14;MAH1N;MAH1N;---;0606;;;N;N;N;;;;;FX;GNS;LLS;;;;;4.90;0.00;1.00;1.70;0.00;3.00;0.00;;1986-04-15;4C1;;;PA;
DEU;DEU000630607;;RET;2010-11-15;2010-11-15;VIT69;VIT69;---;0617;;;N;N;N;;;;;FX;GNS;LLS;;;;;6.40;0.00;1.00;0.00;0.00;13.00;0.00;3;1997-06-18;MFL;;;PA;1997-01-01
DEU;DEU000630609;;DES;2022-12-05;2022-12-05;FRE49;FRE49;---;DEFRJ;Freest;;N;N;N;N;;N;;GO;GNS;LLS;;;;;7.70;0.00;2.00;0.00;0.00;6.00;0.00;2;2003-03-25;MFL;;;AC;1975-01-01
DEU;DEU000630612;;RET;2021-08-24;2021-08-24;THI19A;THI19A;---;DETS2;Thiessow;;N;N;N;N;;N;;GO;GNS;LLS;;;;;5.35;0.00;1.00;0.00;0.00;0.00;0.00;1;1991-01-17;MFL;;;PA;1950-01-01
DEU;DEU000630613;;RET;2009-11-09;2009-11-09;BRZ4;BRZ4;---;0613;;;N;N;N;;;;;FX;GNS;LLS;;;;;4.07;0.00;1.00;1.17;0.00;5.00;0.00;3;1997-05-02;MFL;;;PA;1992-01-01
DEU;DEU000630614;;MOD;2014-12-05;2100-12-31;FRE22;FRE22;FREESENDORF;0614;;DQGV;Y;Y;N;;;;;FX;GNS;LLS;;;;;9.86;9.02;10.00;0.00;0.00;80.00;0.00;3;1992-07-20;MFL;;;PA;1992-01-01
DEU;DEU000630615;;DES;2016-01-05;2016-01-05;ARE03A;ARE03A;---;0615;;;N;N;N;;;;;FX;GNS;LLS;;;;;5.26;0.00;1.00;0.00;0.00;0.00;0.00;1;1983-05-23;MFL;;;PA;1983-01-01
DEU;DEU000630616;;MOD;2020-06-15;2100-12-31;FRE100N;FRE100N;---;0672;;;N;Y;N;N;;N;;GO;GNS;LLS;;;;;4.65;0.00;1.00;0.00;0.00;22.00;0.00;3;2002-02-04;MFL;;;;1995-01-01
DEU;DEU000630617;;MOD;2008-01-01;2100-12-31;VIT009A;VIT009A;---;0617;;;N;Y;N;;;;;FX;FPO;NO;;;;;3.75;0.00;1.00;1.00;0.00;0.00;0.00;3;1974-08-10;MFL;;;;1974-01-01
DEU;DEU000630619;;CST;2014-01-15;2100-12-31;BAN14;BAN14;---;DEBA4;Bansin;;N;Y;N;N;Y;N;;GO;GNS;LLS;;;;;5.50;0.00;1.00;0.00;0.00;30.00;0.00;3;2014-01-15;MFL;;;PA;2013-01-01
DEU;DEU000630637;;RET;2011-11-07;2011-11-07;NEU42N;NEU42N;---;0637;;;N;N;N;;;;;FX;GNS;LLS;;;;;4.30;0.00;1.00;0.00;0.00;6.00;0.00;3;2002-10-02;MFL;;;PA;1993-01-01
DEU;DEU000630654;;MOD;2021-01-01;2100-12-31;TAR006;TAR006;USCHI;DETAZ;Tarnewitz;;N;Y;N;N;;N;;GO;GNS;LLS;;;;;9.95;8.40;8.00;0.00;0.00;51.00;0.00;1;1988-12-05;MFL;;;;1988-01-01
DEU;DEU000630656;;DES;1993-02-18;1993-02-18;ZIT2B;ZIT2B;---;0656;;;N;N;N;;;;;FX;GNS;LLS;;;;;6.45;6.35;0.00;2.65;0.00;9.00;0.00;;1986-04-11;C19;;;PA;
DEU;DEU000640300;;RET;2017-03-15;2017-03-15;ST4;ST4;MOEWE;0105;;DCSP;Y;N;Y;;;;;FX;TBB;OTB;;;;;15.43;13.80;21.00;0.00;0.00;184.00;0.00;1;1967-10-25;MFL;;;PA;1967-01-01
DEU;DEU000640602;;RET;1990-12-05;1990-12-05;SAS291;SAS291;POTTWAL;0602;;Y4SP;Y;N;N;;;;;FX;OTB;PTB;;;;;26.45;23.40;0.00;133.93;0.00;184.00;31.00;;1958-08-01;4;;;PA;
DEU;DEU000640603;;DES;2022-10-05;2022-10-05;WAR2;WAR2;SEETEUFEL;DEWAR;Warnemünde;DMPF;Y;N;N;N;;N;;GO;GNS;OTB;;;;;9.84;9.04;13.00;0.00;0.00;85.00;0.00;2;2000-01-19;MFL;;;AC;1999-01-01
DEU;DEU000640605;;RET;2011-11-02;2011-11-02;STR30;STR30;---;0605;;;N;N;N;;;;;FX;FPO;NO;;;;;6.80;0.00;2.00;3.27;0.00;0.00;0.00;3;1988-07-15;MFL;;;PA;1988-01-01
DEU;DEU000640606;;RET;2007-01-15;2007-01-15;NEE3;NEE3;---;0606;;;N;N;N;;;;;FX;GNS;NK;;;;;5.32;0.00;1.00;0.00;0.00;6.00;0.00;1;1969-03-16;MFL;;;PA;1969-01-01
DEU;DEU000640607;;MOD;2015-03-18;2100-12-31;SEE9N;SEE9N;---;0607;;;N;Y;N;;;;;FX;GNS;LLS;;;;;4.30;0.00;1.00;1.30;0.00;9.00;0.00;3;1997-08-20;MFL;;;;1985-01-01
DEU;DEU000640609;;CHA;2022-01-01;2100-12-31;UEK49;UEK49;---;DEUCK;Ueckermünde;;N;Y;N;N;;N;;GO;GNS;LLS;;;;;5.00;0.00;1.00;0.00;0.00;40.00;0.00;3;2003-06-24;MFL;;;PA;2003-01-01
DEU;DEU000640612;;RET;2022-05-31;2022-05-31;THI19B;THI19B;---;DETS2;Thiessow;;N;N;N;N;;N;;GO;GNS;LLS;;;;;5.20;0.00;1.00;0.00;0.00;0.00;0.00;1;1991-01-17;MFL;;;PA;1972-01-01
DEU;DEU000640613;;MOD;2021-12-22;2100-12-31;LAU95;LAU95;ERNA B.;DELAK;"Lauterbach"", Rügen";;N;Y;N;N;;N;;GO;GNS;FPO;;;;;9.87;8.97;9.00;0.00;0.00;96.00;0.00;3;1997-07-17;MFL;;;;1997-01-01
DEU;DEU000640615;;RET;2006-07-26;2006-07-26;ARE03B;ARE03B;---;0615;;;N;N;N;;;;;FX;GNS;NO;;;;;6.02;0.00;1.00;0.00;0.00;0.00;0.00;1;1951-08-12;MFL;;;PA;1951-01-01
DEU;DEU000640616;;RET;2016-03-01;2016-03-01;LAS18N;LAS18N;---;0616;;;N;N;N;;;;;FX;GNS;LLS;;;;;4.65;0.00;1.00;0.00;0.00;6.00;0.00;3;2009-05-06;MFL;;;PA;1970-01-01
DEU;DEU000640617;;RET;2000-03-25;2000-03-25;VIT6;VIT6;---;0617;;;N;N;N;;;;;FX;GNS;NO;;;;;4.07;0.00;1.00;1.00;0.00;11.00;0.00;;1979-03-16;4C1;;;PA;
DEU;DEU000640619;;MOD;2015-01-21;2100-12-31;BAL14;BAL14;---;0619;;;N;Y;N;;;;;FX;GNS;LLS;;;;;5.00;0.00;1.00;0.00;0.00;51.00;0.00;3;2014-02-13;MFL;;;PA;2014-01-01
DEU;DEU000640637;;CST;2006-04-05;2100-12-31;NEU43N;NEU43N;---;0637;;;N;Y;N;;;;;FX;GNS;LLS;;;;;4.70;0.00;1.00;0.00;0.00;15.00;0.00;3;2006-04-05;MFL;;;PA;2006-01-01
DEU;DEU000640652;;MOD;2011-01-01;2100-12-31;WIS6N;WIS6N;ONKEL FRITZ;0604;;;N;Y;N;;;;;FX;GNS;LLS;;;;;5.00;0.00;1.00;1.77;0.00;11.00;0.00;3;1990-10-03;MFL;;;;1983-01-01
DEU;DEU000640656;;DES;1992-03-03;1992-03-03;ZIT3;ZIT3;---;0656;;;N;N;N;;;;;FX;GNS;LLS;;;;;5.50;0.00;0.00;2.14;0.00;28.00;0.00;;1968-07-23;C19;;;PA;
DEU;DEU000650300;;RET;2023-11-13;2023-11-13;CUX19;CUX19;SEEHUND;DECUX;Cuxhaven;DERF;Y;N;Y;Y;N;Y;211469000;TU;TBB;OTB;;;;;15.62;13.86;27.00;0.00;0.00;184.00;0.00;1;1980-04-01;MFL;;;PA;1979-01-01
DEU;DEU000650602;;RET;1997-11-18;1997-11-18;SAS42;SAS42;STEINBUTT;0602;;Y4ED;Y;N;N;;;;;FX;OTB;PTB;;;;;16.43;14.69;34.00;33.10;0.00;111.00;0.00;;1955-01-14;4C3;;;AC;
DEU;DEU000650603;;RET;2011-10-18;2011-10-18;WAR11N;WAR11N;HANNES;0603;;;N;N;N;;;;;FX;GNS;LLS;;;;;6.00;0.00;1.00;0.00;0.00;4.00;0.00;2;2000-10-25;MFL;;;PA;1989-01-01
DEU;DEU000650606;;RET;1999-04-20;1999-04-20;ZEW17N;ZEW17N;---;0606;;;N;N;N;;;;;FX;GNS;LLS;;;;;4.20;0.00;1.00;1.15;0.00;6.00;0.00;;1997-07-15;4C1;;;PA;
DEU;DEU000650607;;CHA;2025-03-17;2100-12-31;BAA48;BAA48;---;DESAS;Sassnitz;;N;Y;N;N;Y;N;;GO;GNS;FPO;;;;;4.85;0.00;1.00;0.00;0.00;0.00;0.00;3;2001-10-26;MFL;;;PA;2001-01-01
DEU;DEU000650609;;RET;2023-12-13;2023-12-13;UEK5;UEK5;---;DEUCK;Ueckermünde;;N;N;N;N;N;N;;GO;GNS;FPO;;;;;9.16;0.00;4.00;0.00;0.00;31.00;0.00;2;2005-12-08;MFL;;;PA;2005-01-01
DEU;DEU000650612;;RET;2010-06-23;2010-06-23;GZI10;GZI10;---;0612;;;N;N;N;;;;;FX;GNS;NO;;;;;4.90;0.00;1.00;1.80;0.00;0.00;0.00;3;1991-01-17;MFL;;;PA;1987-01-01
DEU;DEU000650613;;RET;2001-10-29;2001-10-29;BRE40N;BRE40N;---;0613;;;N;N;N;;;;;FX;GNS;LLS;;;;;4.30;0.00;1.00;1.30;0.00;11.00;0.00;;1997-08-20;4C1;;;PA;
DEU;DEU000650615;;RET;2002-05-28;2002-05-28;ARE03C;ARE03C;---;0615;;;N;N;N;;;;;FX;GNS;LLS;;;;;6.08;0.00;1.00;2.54;0.00;0.00;0.00;;1951-08-19;4C1;;;PA;
DEU;DEU000650616;;MOD;2025-07-01;2100-12-31;LAS30N;LAS30N;---;DELSA;Lassan;;N;Y;N;N;Y;N;;GO;GNS;LLS;;;;;5.50;0.00;1.00;0.00;0.00;30.00;0.00;3;2014-03-18;MFL;;;;2014-01-01
DEU;DEU000650617;;RET;2009-02-13;2009-02-13;VIT50;VIT50;---;0617;;;N;N;N;;;;;FX;GNS;GNS;;;;;4.25;0.00;1.00;1.00;0.00;6.00;0.00;3;1987-02-01;MFL;;;PA;1987-01-01
DEU;DEU000650637;;MOD;2022-01-01;2100-12-31;NEU44N;NEU44N;---;DENOZ;"Neuendorf"", Hiddensee";;N;Y;N;N;;N;;GO;GNS;LLS;;;;;4.70;0.00;1.00;0.00;0.00;15.00;0.00;3;2006-05-18;MFL;;;;2006-01-01
DEU;DEU000650654;;RET;1993-03-01;1993-03-01;TAR004;TAR004;---;0654;;;N;N;N;;;;;FX;GNS;LLS;;;;;6.90;0.00;0.00;3.36;0.00;10.00;0.00;;1978-04-18;C19;;;PA;
DEU;DEU000650656;;RET;1992-03-03;1992-03-03;ZIT3A;ZIT3A;---;0656;;;N;N;N;;;;;FX;GNS;LLS;;;;;4.00;0.00;0.00;1.13;0.00;0.00;0.00;;1980-09-11;C19;;;PA;
DEU;DEU000660300;;MOD;2015-11-30;2100-12-31;DOR5;DOR5;NIXE II;0306;;DF7983;Y;Y;Y;;;;;FX;TBB;OTB;;;;;15.09;14.02;24.00;0.00;0.00;221.00;0.00;1;1977-05-09;MFL;;;;1977-01-01
DEU;DEU000660602;;RET;1996-05-29;1996-05-29;SAS292;SAS292;WEISSWAL;0602;;Y4SQ;Y;N;N;;;;;FX;OTB;PTB;;;;;26.45;23.49;121.00;133.93;0.00;184.00;38.00;;1958-09-01;G17;;;AC;
DEU;DEU000660603;;RET;2017-04-01;2017-04-01;WAR12N;WAR12N;KAEPTN BLAUBAER;0603;;;N;N;N;;;;;FX;GNS;LLS;;;;;4.76;0.00;1.00;0.00;0.00;8.00;0.00;3;2000-11-06;MFL;;;PA;2000-01-01
DEU;DEU000660605;;RET;2001-03-19;2001-03-19;STR11;STR11;---;0605;;;N;N;N;;;;;FX;GNS;LLS;;;;;5.25;0.00;1.00;1.94;0.00;0.00;0.00;;1994-09-07;4C1;;;PA;
DEU;DEU000660606;;MOD;2022-04-08;2100-12-31;BAA40N;BAA40N;---;DELAK;"Lauterbach"", Rügen";;N;Y;N;N;N;N;;GO;GNS;LLS;;;;;7.00;0.00;1.00;0.00;0.00;25.00;0.00;3;1997-09-10;MFL;;;;1989-01-01
DEU;DEU000660607;;MOD;2012-01-01;2100-12-31;AWA40;AWA40;GADUS;0631;;;N;Y;N;;;;;FX;GNS;LLS;;;;;9.99;8.80;8.00;0.00;0.00;114.00;0.00;3;2001-12-01;MFL;;;;2001-01-01
DEU;DEU000660609;;RET;2021-09-30;2021-09-30;UEK2;UEK2;---;DEUCK;Ueckermünde;;N;N;N;N;;N;;GO;GNS;FPO;;;;;4.65;0.00;1.00;0.00;0.00;13.00;0.00;3;2006-09-14;MFL;;;PA;2006-01-01
DEU;DEU000660612;;RET;2002-02-04;2002-02-04;THI18A;THI18A;---;0612;;;N;N;N;;;;;FX;GNS;LLS;;;;;5.35;0.00;1.00;2.00;0.00;8.00;0.00;;1986-09-18;4C1;;;PA;
DEU;DEU000660613;;MOD;2022-02-03;2100-12-31;BRE63;BRE63;---;DEREQ;Breege;;N;Y;N;N;;N;;GO;GNS;LLS;;;;;5.00;0.00;1.00;0.00;0.00;22.00;0.00;3;1997-11-18;MFL;;;;1997-01-01
DEU;DEU000660615;;CHA;2025-01-01;2100-12-31;ARE04AN;ARE04AN;---;DEGXG;Gager;;N;N;N;N;Y;N;;WOP;FPO;NO;;;;;4.52;0.00;1.00;0.00;0.00;11.00;0.00;1;1978-03-03;MFL;;;PA;1978-01-01
DEU;DEU000660616;;RET;2022-12-31;2022-12-31;LAS9N;LAS9N;---;DELSA;Lassan;;N;N;N;N;;N;;GO;GNS;LLS;;;;;4.65;0.00;1.00;0.00;0.00;20.00;0.00;3;2015-06-29;MFL;;;PA;2015-01-01
DEU;DEU000660617;;RET;2015-09-29;2015-09-29;VIT49N;VIT49N;---;0617;;;N;N;N;;;;;FX;GNS;LLS;;;;;5.40;0.00;1.00;2.06;0.00;15.00;0.00;3;1984-06-10;MFL;;;PA;1984-01-01
DEU;DEU000660637;;MOD;2023-01-01;2100-12-31;NEU45;NEU45;---;DENOZ;"Neuendorf"", Hiddensee";;N;Y;N;N;;N;;WOP;FPO;GNS;;;;;4.70;0.00;1.00;0.00;0.00;22.00;0.00;3;2006-07-28;MFL;;;;2006-01-01
DEU;DEU000660654;;MOD;2024-10-07;2100-12-31;RED22N;RED22N;---;DERDI;Redentin;;N;Y;N;N;Y;N;;GO;GNS;FPO;;;;;7.40;6.60;3.00;0.00;0.00;26.00;0.00;3;1983-08-17;MFL;;;;1983-01-01
DEU;DEU000660656;;RET;2007-08-13;2007-08-13;BUS1;BUS1;---;0656;;;N;N;N;;;;;FX;GNS;LLS;;;;;4.20;0.00;1.00;1.25;0.00;4.00;0.00;1;1968-09-17;MFL;;;PA;1968-01-01
DEU;DEU000670300;;RET;1997-05-20;1997-05-20;SPI6;SPI6;NORDSTERN;0303;;DFBG;Y;N;N;;;;;FX;TBB;OTB;;;;;15.14;13.97;0.00;20.03;0.00;110.00;0.00;;1963-10-14;4C5;;;PA;
DEU;DEU000670602;;DES;1991-04-02;1991-04-02;SAS293;SAS293;GRINDWAL;0602;;Y4SR;Y;N;N;;;;;FX;OTB;PTB;;;;;26.45;23.40;0.00;133.93;0.00;220.00;31.00;;1958-09-02;4;;;PA;
DEU;DEU000670603;;MOD;2024-04-04;2100-12-31;POE15N;POE15N;LYRA;DEKDM;Kirchdorf;DH2277;Y;Y;N;N;Y;N;211883910;GO;GNS;LLS;;;;;8.67;7.56;3.00;0.00;0.00;37.00;0.00;3;2001-09-01;MFL;;;;2000-01-01
DEU;DEU000670605;;RET;2003-03-03;2003-03-03;STR1;STR1;---;0605;;;N;N;N;;;;;FX;GNS;LLS;;;;;7.00;0.00;2.00;3.46;0.00;18.00;0.00;3;1998-03-31;MFL;;;PA;1982-01-01
DEU;DEU000670606;;RET;2006-12-08;2006-12-08;KAR47;KAR47;---;0606;;;N;N;N;;;;;FX;GNS;LLS;;;;;4.62;0.00;1.00;0.00;0.00;10.00;0.00;3;1998-03-02;MFL;;;PA;1997-01-01
DEU;DEU000670607;;MOD;2021-06-14;2100-12-31;BAA24;BAA24;JANNIK;DEBA2;Baabe;DBRN;Y;Y;N;N;;N;;GO;GNS;OTB;;;;;11.27;9.97;10.00;0.00;0.00;114.00;0.00;3;2001-12-01;MFL;;;;2001-01-01
DEU;DEU000670609;;CHA;2008-07-04;2100-12-31;UEK4;UEK4;---;0609;;;N;Y;N;;;;;FX;GNS;LLS;;;;;4.65;0.00;1.00;0.00;0.00;14.00;0.00;3;2008-07-04;MFL;;;PA;2007-01-01
DEU;DEU000670612;;RET;2012-05-22;2012-05-22;THI24A;THI24A;---;0612;;;N;N;N;;;;;FX;GNS;NO;;;;;5.30;0.00;1.00;2.00;0.00;6.00;0.00;1;1991-01-18;MFL;;;PA;1977-01-01
DEU;DEU000670613;;RET;2009-07-15;2009-07-15;BRE41N;BRE41N;---;0613;;;N;N;N;;;;;FX;GNS;LLS;;;;;4.30;0.00;1.00;1.10;0.00;5.00;0.00;3;1998-07-30;MFL;;;PA;1985-01-01
DEU;DEU000670615;;RET;2001-01-03;2001-01-03;ARE07A;ARE07A;---;0615;;;N;N;N;;;;;FX;GNS;NO;;;;;5.02;0.00;1.00;1.78;0.00;3.00;0.00;;1980-02-13;4C1;;;PA;
DEU;DEU000670616;;CST;2016-03-15;2100-12-31;LAS8N;LAS8N;---;0616;;;N;Y;N;;;;;FX;GNS;LLS;;;;;5.50;0.00;1.00;0.00;0.00;39.00;0.00;;2016-03-15;MFL;;;PA;
DEU;DEU000670617;;RET;1998-04-08;1998-04-08;VIT23N;VIT23N;---;0617;;;N;N;N;;;;;FX;GNS;LLS;;;;;5.20;0.00;1.00;1.91;0.00;6.00;0.00;;1963-03-03;4C1;;;PA;
DEU;DEU000670637;;RET;2008-09-25;2008-09-25;NEU46N;NEU46N;---;0637;;;N;N;N;;;;;FX;GNS;FPO;;;;;4.30;0.00;1.00;0.00;0.00;11.00;0.00;3;2008-02-20;MFL;;;PA;1985-01-01
DEU;DEU000670654;;CHA;2021-11-11;2100-12-31;GAG60;GAG60;SEEMOEWE;DEGXG;Gager;;N;N;N;N;;N;;GO;GNS;LLS;;;;;9.96;9.75;7.00;0.00;0.00;51.00;0.00;3;1984-05-12;MFL;;;PA;1984-01-01
DEU;DEU000670656;;DES;1998-03-06;1998-03-06;SAS6;SAS6;---;0602;;;N;N;N;;;;;FX;GNS;LLS;;;;;5.20;0.00;1.00;1.91;0.00;6.00;0.00;;1971-03-12;4C1;;;PA;
DEU;DEU000680300;;RET;1993-02-10;1993-02-10;SPI7;SPI7;FAHRWOHL;0303;;;N;N;N;;;;;FX;TBB;OTB;;;;;12.47;11.42;0.00;12.45;0.00;132.00;0.00;;1960-12-13;4;;;PA;
DEU;DEU000680602;;RET;1990-12-05;1990-12-05;SAS294;SAS294;SCHWERTWAL;0602;;Y4SS;Y;N;N;;;;;FX;OTB;PTB;;;;;26.45;23.40;0.00;133.93;0.00;220.00;31.00;;1958-09-04;4;;;PA;
DEU;DEU000680603;;MOD;2021-01-01;2100-12-31;WAR25N;WAR25N;THOR;DEWAR;Warnemünde;;N;Y;N;N;;N;;GO;GNS;LLS;;;;;5.55;0.00;1.00;0.00;0.00;10.00;0.00;3;2002-05-02;MFL;;;;1986-01-01
DEU;DEU000680604;;RET;2005-10-17;2005-10-17;RED002;RED002;---;0604;;;N;N;N;;;;;FX;GNS;LLS;;;;;9.00;7.75;4.00;5.73;0.00;37.00;0.00;1;1951-06-27;MFL;;;PA;1951-01-01
DEU;DEU000680605;;MOD;2023-09-01;2100-12-31;UMM50;UMM50;---;DEUMZ;Ummanz;;N;Y;N;N;Y;N;;GO;GNS;LLS;;;;;5.50;0.00;1.00;0.00;0.00;37.00;0.00;3;2001-03-22;MFL;;;;2000-01-01
DEU;DEU000680606;;RET;2010-01-11;2010-01-11;MAH2N;MAH2N;---;0606;;;N;N;N;;;;;FX;GNS;LLS;;;;;4.30;0.00;1.00;1.50;0.00;3.00;0.00;3;1998-05-14;MFL;;;PA;1998-01-01
DEU;DEU000680607;;RET;2019-08-19;2019-08-19;LAU34;LAU34;---;0607;;;N;N;N;N;;N;;GO;GNS;LLS;;;;;6.35;0.00;2.00;0.00;0.00;0.00;0.00;1;2003-05-02;MFL;;;PA;1982-01-01
DEU;DEU000680609;;MOD;2010-07-01;2100-12-31;UEK15;UEK15;---;DEUCK;Ueckermünde;;N;Y;N;N;Y;N;;GO;GNS;LLS;;;;;4.65;0.00;1.00;0.00;0.00;18.00;0.00;3;2009-06-18;MFL;;;;2009-01-01
DEU;DEU000680612;;MOD;2020-10-12;2100-12-31;THI24B;THI24B;---;0612;;;N;Y;N;N;;N;;GO;GNS;LLS;;;;;5.32;0.00;1.00;0.00;0.00;10.00;0.00;1;1991-01-17;MFL;;;;1981-01-01
DEU;DEU000680613;;RET;2008-12-16;2008-12-16;BRE42;BRE42;---;0613;;;N;N;N;;;;;FX;GNS;LLS;;;;;4.25;0.00;1.00;1.10;0.00;4.00;0.00;3;1998-07-30;MFL;;;PA;1975-01-01
DEU;DEU000680615;;RET;2010-02-01;2010-02-01;ARE17AN;ARE17AN;---;0615;;;N;N;N;;;;;FX;GNS;LLS;;;;;4.63;0.00;1.00;1.55;0.00;3.00;0.00;3;1980-07-24;MFL;;;PA;1980-01-01
DEU;DEU000680616;;MOD;2020-01-10;2100-12-31;ANK7;ANK7;---;0616;;;N;Y;N;N;;N;;GO;GNS;FPO;;;;;7.70;0.00;1.00;0.00;0.00;17.00;0.00;3;2016-12-01;MFL;;;;2016-01-01
DEU;DEU000680617;;RET;2009-06-02;2009-06-02;VIT24N;VIT24N;---;0617;;;N;N;N;;;;;FX;GNS;LLS;;;;;4.00;0.00;1.00;1.13;0.00;3.00;0.00;3;1990-02-16;MFL;;;PA;1990-01-01
DEU;DEU000680637;;RET;2018-03-12;2018-03-12;NEU47;NEU47;---;0637;;;N;N;N;;;;;FX;FPO;GNS;;;;;4.70;0.00;1.00;0.00;0.00;18.00;0.00;3;2008-09-15;MFL;;;PA;2008-01-01
DEU;DEU000680654;;RET;2005-03-09;2005-03-09;TAR013N;TAR013N;---;0654;;;N;N;N;;;;;FX;GNS;LLS;;;;;5.60;0.00;1.00;0.00;0.00;7.00;0.00;1;1955-02-08;MFL;;;PA;1955-01-01
DEU;DEU000680656;;RET;1993-01-04;1993-01-04;POL3;POL3;---;0656;;;N;N;N;;;;;FX;GNS;LLS;;;;;8.94;0.00;0.00;7.13;0.00;18.00;0.00;;1958-04-01;4;;;PA;
DEU;DEU000690300;;RET;2011-05-11;2011-05-11;HOO50;HOO50;STURMVOGEL;DEHOO;Hooksiel;DDAX;Y;N;Y;;;;;TUB;TBB;OTB;;;;;15.60;13.86;26.00;21.32;0.00;175.00;0.00;1;1976-04-10;MFL;;;PA;1976-01-01
DEU;DEU000690602;5046243;RET;2021-12-15;2021-12-15;SAS295;SAS295;BLAUWAL;DESAS;Sassnitz;Y4ST;Y;N;Y;Y;;Y;;TTW;OTB;PTB;;;;;26.45;23.49;126.00;0.00;0.00;184.00;31.00;2;1958-09-05;MFL;;;AC;1958-01-01
DEU;DEU000690603;;CHA;2003-03-04;2100-12-31;WAR17;WAR17;---;0603;;;N;Y;N;;;;;FX;GNS;LLS;;;;;6.90;0.00;3.00;0.00;0.00;15.00;0.00;3;2003-03-03;MFL;;;;1987-01-01
DEU;DEU000690604;;RET;2008-11-10;2008-11-10;RED003N;RED003N;---;0604;;;N;N;N;;;;;FX;GNS;LLS;;;;;6.90;6.10;1.00;3.36;0.00;5.00;0.00;1;1986-03-22;MFL;;;PA;1986-01-01
DEU;DEU000690605;;RET;2010-02-16;2010-02-16;STR31N;STR31N;---;0605;;;N;N;N;;;;;FX;GNS;LLS;;;;;4.10;0.00;1.00;0.00;0.00;11.00;0.00;3;2003-05-28;MFL;;;PA;1991-01-01
DEU;DEU000690606;;RET;2007-12-18;2007-12-18;ZEW19N;ZEW19N;---;0606;;;N;Y;N;;;;;FX;GNS;LLS;;;;;4.20;0.00;1.00;1.24;0.00;4.00;0.00;3;1999-02-03;MFL;;;PA;1999-01-01
DEU;DEU000690607;;RET;2008-09-29;2008-09-29;LAU17;LAU17;---;0607;;;N;N;N;;;;;FX;GNS;LLS;;;;;4.36;0.00;1.00;0.00;0.00;3.00;0.00;1;2007-06-26;MFL;;;PA;1948-01-01
DEU;DEU000690609;;RET;2024-10-01;2024-10-01;UEK52N;UEK52N;---;DEUCK;Ueckermünde;;N;N;N;N;N;N;;GO;GNS;LLS;;;;;4.65;0.00;1.00;0.00;0.00;18.00;0.00;3;2011-06-27;MFL;;;PA;2010-01-01
DEU;DEU000690612;;RET;2003-05-02;2003-05-02;THI27A;THI27A;---;0612;;;N;N;N;;;;;FX;GNS;NO;;;;;4.34;0.00;1.00;1.30;0.00;0.00;0.00;1;1955-03-14;MFL;;;PA;1955-01-01
DEU;DEU000690613;;RET;2001-11-26;2001-11-26;GLO10N;GLO10N;---;0613;;;N;N;N;;;;;FX;GNS;LLS;;;;;5.65;0.00;1.00;1.88;0.00;12.00;0.00;;1998-08-14;4C1;;;PA;
DEU;DEU000690615;;RET;2022-12-31;2022-12-31;GZI27;GZI27;---;DEGXG;Gager;;N;N;N;N;;N;;WOP;FPO;GNS;;;;;6.23;0.00;1.00;0.00;0.00;0.00;0.00;3;1987-02-02;MFL;;;PA;1986-01-01
DEU;DEU000690616;;CHA;2025-07-01;2100-12-31;LAS22N;LAS22N;---;DELSA;Lassan;;N;Y;N;N;Y;N;;GO;GNS;LLS;;;;;5.06;0.00;1.00;0.00;0.00;22.00;0.00;3;2017-03-01;MFL;;;PA;2017-01-01
DEU;DEU000690617;;MOD;2012-12-11;2100-12-31;VIT3N;VIT3N;---;DEVT2;Vitte;;N;Y;N;N;;N;;GO;GNS;LLS;;;;;5.45;0.00;1.00;2.09;0.00;7.00;0.00;1;1952-10-18;MFL;;;;1952-01-01
DEU;DEU000690637;;CHA;2023-02-20;2100-12-31;NEU51;NEU51;EISVOGEL;DENOZ;"Neuendorf"", Hiddensee";;N;Y;N;N;Y;N;;GO;GNS;LLS;;;;;7.61;0.00;4.00;0.00;0.00;23.00;0.00;3;2023-02-20;MFL;;;PA;1979-01-01
DEU;DEU000690654;;RET;2002-02-14;2002-02-14;TAR004N;TAR004N;---;0654;;;N;N;N;;;;;FX;GNS;LLS;;;;;5.30;0.00;1.00;1.90;0.00;18.00;0.00;;1992-01-01;4C1;;;PA;
DEU;DEU000690656;;RET;1992-09-15;1992-09-15;POL3A;POL3A;---;0656;;;N;N;N;;;;;FX;GNS;LLS;;;;;3.65;0.00;0.00;0.94;0.00;0.00;0.00;;1974-06-03;4;;;PA;
DEU;DEU000700300;;MOD;2013-04-01;2100-12-31;VAR6;VAR6;HEIN GODENWIND;0312;;DDBL;Y;Y;Y;;;;;FX;TBB;OTB;;;;;15.89;14.18;26.00;23.76;0.00;180.00;0.00;1;1974-02-14;MFL;;;;1974-01-01
DEU;DEU000700602;;DES;1991-04-02;1991-04-02;SAS296;SAS296;FINNWAL;0602;;Y4SU;Y;N;N;;;;;FX;OTB;PTB;;;;;26.45;23.40;0.00;133.93;0.00;220.00;38.00;;1958-11-03;4;;;PA;
DEU;DEU000700603;;RET;2007-04-05;2007-04-05;WAR22N;WAR22N;---;0603;;;N;N;N;;;;;FX;GNS;LLS;;;;;8.90;0.00;3.00;0.00;0.00;15.00;0.00;3;2004-02-27;MFL;;;PA;1982-01-01
DEU;DEU000700604;;RET;2002-02-14;2002-02-14;RED004N;RED004N;---;0604;;;N;N;N;;;;;FX;GNS;LLS;;;;;8.20;0.00;2.00;4.75;0.00;22.00;0.00;;1955-01-17;4C1;;;PA;
DEU;DEU000700605;;RET;2016-09-30;2016-09-30;STR32N;STR32N;---;0605;;;N;N;N;;;;;FX;GNS;FPO;;;;;5.05;0.00;1.00;0.00;0.00;23.00;0.00;3;2015-04-16;MFL;;;PA;2014-01-01
DEU;DEU000700606;;RET;2011-12-09;2011-12-09;KAR49N;KAR49N;---;0606;;;N;N;N;;;;;FX;GNS;LLS;;;;;4.25;0.00;1.00;1.27;0.00;6.00;0.00;3;1999-04-20;MFL;;;PA;1979-01-01
DEU;DEU000700607;;RET;2011-06-14;2011-06-14;LAU38;LAU38;---;0607;;;N;N;N;;;;;FX;GNS;LLS;;;;;4.23;0.00;1.00;0.00;0.00;7.00;0.00;3;2008-05-07;MFL;;;PA;1970-01-01
DEU;DEU000700609;;MOD;2025-04-01;2100-12-31;AHL44;AHL44;---;DEAHC;Ahlbeck;;N;Y;N;N;Y;N;;GO;GNS;LLS;;;;;5.06;0.00;1.00;0.00;0.00;40.00;0.00;3;2011-08-09;MFL;;;;2008-01-01
DEU;DEU000700612;;RET;2006-01-19;2006-01-19;THI28AN;THI28AN;---;0612;;;N;N;N;;;;;FX;GNS;NO;;;;;4.33;0.00;1.00;1.20;0.00;0.00;0.00;1;1990-12-10;MFL;;;PA;1961-01-01
DEU;DEU000700613;;MOD;2025-04-24;2100-12-31;HEIL6;HEIL6;HOFFNUNG;DEHHF;Heiligenhafen;DH4198;Y;Y;N;N;Y;N;211152210;GO;GNS;FPO;GTR;LLS;;;8.23;0.00;3.00;0.00;0.00;46.00;0.00;3;2000-04-10;MFL;;;;1981-01-01
DEU;DEU000700614;;RET;2007-10-23;2007-10-23;FRE36;FRE36;---;0614;;;N;N;N;;;;;FX;GNS;LLS;;;;;4.03;0.00;1.00;1.14;0.00;5.00;0.00;3;1992-12-01;MFL;;;PA;1985-01-01
DEU;DEU000700615;;RET;1995-07-17;1995-07-17;GAG03A;GAG03A;---;0615;;;N;N;N;;;;;FX;GNS;NO;;;;;4.36;0.00;1.00;1.34;0.00;0.00;0.00;;1991-01-28;C19;;;PA;
DEU;DEU000700616;;MOD;2023-03-28;2100-12-31;LAS23N;LAS23N;---;DELSA;Lassan;;N;Y;N;N;Y;N;;GO;GNS;LLS;;;;;5.06;0.00;1.00;0.00;0.00;18.00;0.00;3;2018-02-20;MFL;;;;2017-01-01
DEU;DEU000700617;;MOD;2017-01-01;2100-12-31;VIT42N;VIT42N;---;0617;;;N;Y;N;;;;;FX;GNS;LLS;;;;;4.65;0.00;1.00;0.00;0.00;12.00;0.00;3;1995-08-18;MFL;;;;1994-01-01
DEU;DEU000700654;;RET;2004-10-26;2004-10-26;TAR013AN;TAR013AN;---;0654;;;N;N;N;;;;;FX;GNS;NK;;;;;4.50;0.00;1.00;1.43;0.00;10.00;0.00;3;1990-07-10;MFL;;;PA;1990-01-01
DEU;DEU000700656;;RET;2007-11-13;2007-11-13;POL7;POL7;---;0656;;;N;N;N;;;;;FX;GNS;LLS;;;;;4.00;0.00;1.00;1.13;0.00;0.00;0.00;3;1987-04-16;MFL;;;PA;1987-01-01
DEU;DEU000710300;;RET;2001-07-11;2001-07-11;VAR18N;VAR18N;HELGA;DEVAR;Varel;;N;N;N;;;;;TUB;TBB;OTB;;;;;13.91;12.10;13.00;13.09;0.00;109.00;0.00;1;1962-09-20;4C5;;;PA;1962-01-01
DEU;DEU000710602;;RET;1990-11-20;1990-11-20;SAS299;SAS299;GRAUWAL;0602;;Y4SX;Y;N;N;;;;;FX;OTB;PTB;;;;;26.45;23.40;0.00;133.93;0.00;184.00;31.00;;1958-11-03;4;;;PA;
DEU;DEU000710603;;RET;2005-05-09;2005-05-09;WAR23;WAR23;KNURRHAHN;0603;;;N;N;N;;;;;FX;GNS;LLS;;;;;6.95;0.00;3.00;0.00;0.00;51.00;0.00;3;2004-04-02;MFL;;;PA;1984-01-01
DEU;DEU000710604;;RET;1991-05-10;1991-05-10;RED007;RED007;---;0604;;;N;N;N;;;;;FX;GNS;LLS;;;;;9.00;0.00;0.00;5.72;0.00;37.00;0.00;;1953-06-18;4;;;PA;
DEU;DEU000710605;;MOD;2023-12-01;2100-12-31;STR24;STR24;---;DESTL;Stralsund;;N;Y;N;N;Y;N;;GO;GNS;LLS;;;;;3.95;0.00;1.00;0.00;0.00;11.00;0.00;3;2015-08-12;MFL;;;PA;1995-01-01
DEU;DEU000710606;;RET;2017-09-19;2017-09-19;ZEW22N;ZEW22N;---;0606;;;N;N;N;;;;;FX;GNS;LLS;;;;;9.40;0.00;5.00;0.00;0.00;59.00;0.00;1;2000-06-28;MFL;;;PA;1977-01-01
DEU;DEU000710607;;CST;2011-06-14;2100-12-31;LAU39;LAU39;---;DELAK;"Lauterbach"", Rügen";;N;Y;N;N;;N;;GO;GNS;LLS;;;;;5.60;0.00;1.00;0.00;0.00;15.00;0.00;3;2011-06-14;MFL;;;PA;2011-01-01
DEU;DEU000710609;;RET;2020-11-01;2020-11-01;UEK16N;UEK16N;---;0609;;;N;N;N;N;;N;;GO;GNS;FPO;;;;;4.65;0.00;1.00;0.00;0.00;18.00;0.00;3;2013-02-05;MFL;;;PA;2013-01-01
DEU;DEU000710612;;RET;2022-10-28;2022-10-28;THI28BN;THI28BN;---;DETS2;Thiessow;;N;N;N;N;;N;;GO;GNS;LLS;;;;;5.23;0.00;1.00;0.00;0.00;5.00;0.00;1;1990-12-10;MFL;;;PA;1974-01-01
DEU;DEU000710613;;RET;2006-10-16;2006-10-16;NEK8;NEK8;---;0613;;;N;N;N;;;;;FX;GNS;LLS;;;;;4.70;0.00;1.00;0.00;0.00;15.00;0.00;3;2000-05-11;MFL;;;PA;2000-01-01
DEU;DEU000710614;;RET;2003-05-20;2003-05-20;FRE46;FRE46;---;0614;;;N;N;N;;;;;FX;GNS;NK;;;;;4.05;0.00;1.00;1.14;0.00;5.00;0.00;3;1992-12-02;MFL;;;PA;1988-01-01
DEU;DEU000710615;;RET;2004-06-18;2004-06-18;GAG04A;GAG04A;---;0615;;;N;N;N;;;;;FX;GNS;LLS;;;;;5.15;0.00;1.00;1.87;0.00;7.00;0.00;1;1991-01-28;MFL;;;PA;1948-01-01
DEU;DEU000710617;;RET;2006-11-30;2006-11-30;VIT16;VIT16;---;0617;;;N;N;N;;;;;FX;GNS;LLS;;;;;4.25;0.00;1.00;0.00;0.00;4.00;0.00;3;1995-09-18;MFL;;;PA;1978-01-01
DEU;DEU000710654;;RET;2000-12-15;2000-12-15;TAR011N;TAR011N;---;0654;;;N;N;N;;;;;FX;GNS;LLS;;;;;4.29;0.00;1.00;1.30;0.00;4.00;0.00;;1989-02-16;4C1;;;PA;
DEU;DEU000710656;;RET;1992-01-31;1992-01-31;POL4A;POL4A;---;0656;;;N;N;N;;;;;FX;GNS;LLS;;;;;3.65;0.00;0.00;0.94;0.00;2.00;0.00;;1987-10-01;C19;;;PA;
DEU;DEU000720300;;MOD;2018-11-19;2100-12-31;WRE1;WRE1;APOLLO;0305;;DFCM;Y;Y;Y;Y;;Y;211618000;TU;TBB;OTB;;;;;16.31;14.70;25.00;0.00;0.00;221.00;0.00;3;1970-04-15;MFL;;;PA;1970-01-01
DEU;DEU000720602;;RET;1990-12-01;1990-12-01;SAS301;SAS301;SEELOEWE;0602;;Y4SY;Y;N;N;;;;;FX;OTB;PTB;;;;;26.45;23.40;0.00;133.93;0.00;220.00;31.00;;1958-11-01;4;;;PA;
DEU;DEU000720604;;MOD;2023-06-01;2100-12-31;RED15;RED15;LIESETTE;DEWIS;Wismar;;N;Y;N;N;Y;N;;GO;GNS;LLS;;;;;8.30;7.30;3.00;0.00;0.00;26.00;0.00;1;1956-04-15;MFL;;;;1956-01-01
DEU;DEU000720605;;RET;2022-11-30;2022-11-30;STR33;STR33;---;DESTL;Stralsund;;N;N;N;N;;N;;GO;GNS;FPO;;;;;3.95;0.00;1.00;0.00;0.00;4.00;0.00;3;2022-01-01;MFL;;;PA;1998-01-01
DEU;DEU000720606;;RET;2002-03-12;2002-03-12;ZEW23;ZEW23;---;0606;;;N;N;N;;;;;FX;GNS;LLS;;;;;4.80;0.00;1.00;0.00;0.00;18.00;0.00;;2000-07-07;4C1;;;PA;
DEU;DEU000720607;;RET;2014-03-11;2014-03-11;LAU40N;LAU40N;---;0607;;;N;N;N;;;;;FX;GNS;LLS;;;;;4.60;0.00;1.00;0.00;0.00;5.00;0.00;3;2013-11-27;MFL;;;PA;2009-01-01
DEU;DEU000720609;;CHA;2022-04-01;2100-12-31;UEK53N;UEK53N;---;DEUCK;Ueckermünde;;N;Y;N;N;;N;;GO;FPO;GNS;;;;;4.55;0.00;1.00;0.00;0.00;22.00;0.00;3;2013-05-13;MFL;;;PA;2013-01-01
DEU;DEU000720612;;MOD;2011-07-11;2100-12-31;BAA34;BAA34;---;0673;;;N;Y;N;;;;;FX;FPO;GNS;;;;;5.31;0.00;1.00;2.00;0.00;6.00;0.00;1;1991-05-21;MFL;;;PA;1979-01-01
DEU;DEU000720613;;RET;2009-12-01;2009-12-01;GLO13N;GLO13N;---;0613;;;N;N;N;;;;;FX;GNS;LLS;;;;;4.15;0.00;1.00;0.00;0.00;3.00;0.00;3;2000-05-19;MFL;;;PA;1999-01-01
DEU;DEU000720614;;RET;2018-07-31;2018-07-31;FRE40;FRE40;---;0614;;;N;N;N;N;;N;;GO;GNS;LLS;;;;;4.00;0.00;1.00;0.00;0.00;4.00;0.00;3;1992-11-24;MFL;;;PA;1990-01-01
DEU;DEU000720615;;RET;1998-03-31;1998-03-31;GAG06A;GAG06A;---;0615;;;N;N;N;;;;;FX;GNS;NO;;;;;4.90;0.00;1.00;1.70;0.00;0.00;0.00;;1991-01-28;4C1;;;PA;
DEU;DEU000720617;;RET;2009-01-29;2009-01-29;VIT51;VIT51;---;0617;;;N;N;N;;;;;FX;GNS;LLS;;;;;4.25;0.00;1.00;1.23;0.00;11.00;0.00;3;1996-01-01;MFL;;;PA;1983-01-01
DEU;DEU000720652;;RET;1994-03-01;1994-03-01;POE021;POE021;---;0652;;;N;N;N;;;;;FX;GNS;LLS;;;;;7.45;0.00;0.00;3.92;0.00;7.00;0.00;;1933-05-11;C19;;;PA;
DEU;DEU000720654;;RET;2008-02-26;2008-02-26;TAR001BN;TAR001BN;---;0654;;;N;N;N;;;;;FX;GNS;LLS;;;;;4.00;0.00;1.00;1.20;0.00;0.00;0.00;1;1990-01-15;MFL;;;PA;1985-01-01
DEU;DEU000720656;;DES;1992-03-03;1992-03-03;POL4B;POL4B;---;0656;;;N;N;N;;;;;FX;GNS;LLS;;;;;6.00;0.00;0.00;2.54;0.00;5.00;0.00;;1968-04-14;C19;;;PA;
DEU;DEU000730300;;RET;1993-09-15;1993-09-15;WRE2;WRE2;KORALLE;DEWRY;Wremen;DFBB;Y;N;N;;;;;TUB;TBB;OTB;;;;;15.14;13.97;0.00;20.03;0.00;131.00;0.00;1;1962-03-01;C11;;;PA;1962-01-01
DEU;DEU000730602;;RET;1994-11-01;1994-11-01;SAS302;SAS302;SEEBAER;0602;;Y4GG;Y;N;N;;;;;FX;OTB;PTB;;;;;26.45;23.40;0.00;133.93;0.00;220.00;31.00;;1958-11-01;4;;;AC;
DEU;DEU000730603;;MOD;2024-12-04;2100-12-31;WAR45;WAR45;MARIA;DEWAR;Warnemünde;;N;Y;N;N;Y;N;;GO;GNS;OTB;;;;;8.60;0.00;4.00;0.00;0.00;57.00;0.00;3;2005-05-09;MFL;;;;2005-01-01
DEU;DEU000730604;;RET;2012-01-06;2012-01-06;RED001;RED001;---;0604;;;N;N;N;;;;;FX;GNS;LLS;;;;;9.20;8.50;4.00;5.98;0.00;37.00;0.00;1;1990-09-25;MFL;;;PA;1990-01-01
DEU;DEU000730605;;CST;2023-08-15;2100-12-31;STR9N;STR9N;---;DESTL;Stralsund;;N;Y;N;N;Y;N;;GO;GNS;FPO;;;;;4.72;0.00;1.00;0.00;0.00;22.00;0.00;3;2023-08-15;MFL;;;PA;2023-01-01
DEU;DEU000730606;;MOD;2020-12-31;2100-12-31;KAR11;KAR11;---;0606;;;N;Y;N;N;;N;;GO;GNS;LLS;;;;;5.06;0.00;1.00;0.00;0.00;22.00;0.00;3;2002-10-02;MFL;;;;2002-01-01
DEU;DEU000730607;;RET;2015-10-06;2015-10-06;LAU42N;LAU42N;---;0607;;;N;N;N;;;;;FX;GNS;LLS;;;;;4.60;0.00;1.00;0.00;0.00;4.00;0.00;3;2014-03-11;MFL;;;PA;1994-01-01
DEU;DEU000730609;;RET;2022-08-01;2022-08-01;UEK54N;UEK54N;---;DEUCK;Ueckermünde;;N;N;N;N;;N;;GO;GNS;FPO;;;;;4.75;0.00;1.00;0.00;0.00;9.00;0.00;3;2015-10-22;MFL;;;PA;1985-01-01
DEU;DEU000730612;;RET;2007-02-22;2007-02-22;THI36B;THI36B;---;0612;;;N;N;N;;;;;FX;GNS;NO;;;;;5.20;0.00;1.00;0.00;0.00;0.00;0.00;1;1984-09-10;MFL;;;PA;1972-01-01
DEU;DEU000730613;;RET;2002-03-12;2002-03-12;GLO14N;GLO14N;---;0613;;;N;N;N;;;;;FX;GNS;LLS;;;;;3.95;0.00;1.00;0.00;0.00;7.00;0.00;;2000-05-19;4C1;;;PA;
DEU;DEU000730614;;DES;1996-02-21;1996-02-21;FRE14;FRE14;---;0614;;;N;N;N;;;;;FX;GNS;LLS;;;;;7.50;0.00;0.00;4.00;0.00;6.00;0.00;;1993-04-16;C19;;;PA;
DEU;DEU000730615;;RET;1998-12-03;1998-12-03;GAG06B;GAG06B;---;0615;;;N;N;N;;;;;FX;GNS;NO;;;;;4.11;0.00;1.00;1.20;0.00;0.00;0.00;;1991-01-28;4C1;;;PA;
DEU;DEU000730617;;CHA;2020-11-16;2100-12-31;VIT52;VIT52;---;0617;;;N;Y;N;N;;N;;GO;GNS;FPO;;;;;4.65;0.00;1.00;0.00;0.00;15.00;0.00;3;1996-02-27;MFL;;;PA;1995-01-01
DEU;DEU000730654;;RET;2009-10-07;2009-10-07;TAR9;TAR9;---;0654;;;N;Y;N;;;;;FX;GNS;LLS;;;;;4.35;0.00;1.00;0.00;0.00;4.00;0.00;3;2000-12-15;MFL;;;PA;1990-01-01
DEU;DEU000740300;;MOD;2015-12-14;2100-12-31;WRE3;WRE3;FALKE;0305;;DESJ;Y;Y;Y;;;;;FX;TBB;OTB;;;;;16.30;14.57;29.00;0.00;0.00;221.00;0.00;3;1982-01-01;MFL;;;PA;1976-01-01
DEU;DEU000740602;;RET;1990-12-01;1990-12-01;SAS306;SAS306;BANDROBBE;0602;;Y4SZ;Y;N;N;;;;;FX;OTB;PTB;;;;;26.45;23.40;0.00;133.93;0.00;220.00;31.00;;1958-12-22;4;;;PA;
DEU;DEU000740603;;CHA;2006-10-19;2100-12-31;WAR46;WAR46;SUSANNE;0603;;;N;Y;N;;;;;FX;GNS;FPO;;;;;6.80;0.00;2.00;0.00;0.00;0.00;0.00;3;2006-10-19;MFL;;;PA;1986-01-01
DEU;DEU000740606;;RET;2020-05-13;2020-05-13;KAR10;KAR10;---;0606;;;N;N;N;N;;N;;GO;GNS;FPO;;;;;5.00;0.00;1.00;0.00;0.00;41.00;0.00;3;2006-12-08;MFL;;;PA;2006-01-01
DEU;DEU000740607;;MOD;2017-03-28;2100-12-31;LAU43N;LAU43N;---;DELAK;"Lauterbach"", Rügen";;N;Y;N;N;;N;;GO;GNS;LLS;;;;;4.95;0.00;1.00;0.00;0.00;8.00;0.00;3;2015-10-06;MFL;;;PA;2001-01-01
DEU;DEU000740609;;CHA;2022-05-01;2100-12-31;UEK55N;UEK55N;---;DEUCK;Ueckermünde;;N;Y;N;N;;N;;GO;GNS;FPO;;;;;4.65;0.00;1.00;0.00;0.00;13.00;0.00;3;2021-10-01;MFL;;;PA;2021-01-01
DEU;DEU000740612;;RET;1998-05-26;1998-05-26;LOB13;LOB13;---;0627;;;N;N;N;;;;;FX;GNS;LLS;;;;;5.40;0.00;1.00;2.00;0.00;7.00;0.00;;1991-01-17;4C1;;;PA;
DEU;DEU000740613;;RET;2006-12-14;2006-12-14;GLO15N;GLO15N;---;0613;;;N;N;N;;;;;FX;GNS;LLS;;;;;4.65;0.00;1.00;0.00;0.00;10.00;0.00;3;2001-03-14;MFL;;;PA;1999-01-01
DEU;DEU000740614;;RET;2007-03-08;2007-03-08;FRE39;FRE39;---;0614;;;N;N;N;;;;;FX;GNS;LLS;;;;;4.30;0.00;1.00;0.00;0.00;2.00;0.00;3;1994-01-17;MFL;;;PA;1990-01-01
DEU;DEU000740615;;RET;2000-12-18;2000-12-18;GAG12AN;GAG12AN;---;0615;;;N;N;N;;;;;FX;GNS;NO;;;;;4.30;0.00;1.00;1.30;0.00;2.00;0.00;;1991-12-31;4C1;;;PA;
DEU;DEU000740617;;MOD;2024-11-15;2100-12-31;LAU49N;LAU49N;Seestern;DELAK;"Lauterbach"", Rügen";;N;Y;N;N;Y;N;;GO;GNS;LLS;;;;;8.23;0.00;4.00;0.00;0.00;59.00;0.00;3;1996-04-15;MFL;;;PA;1981-01-01
DEU;DEU000740645;;MOD;2018-07-01;2100-12-31;AHR22;AHR22;FLO;0645;;;N;Y;N;N;;N;;GO;GNS;FPO;;;;;5.00;0.00;1.00;0.00;0.00;10.00;0.00;3;2007-01-30;MFL;;;PA;1985-01-01
DEU;DEU000740652;;RET;1994-06-20;1994-06-20;POE001;POE001;---;0652;;;N;N;N;;;;;FX;GNS;LLS;;;;;6.80;0.00;0.00;3.26;0.00;4.00;0.00;;1985-01-01;C19;;;PA;
DEU;DEU000740654;;MOD;2006-01-06;2100-12-31;TAR15;TAR15;---;0654;;;N;Y;N;;;;;FX;GNS;LLS;;;;;5.70;0.00;1.00;0.00;0.00;40.00;0.00;3;2002-02-14;MFL;;;;1994-01-01
DEU;DEU000750300;;RET;2024-02-27;2024-02-27;SD3;SD3;FORTUNA;DEBUM;Büsum;DFAZ;Y;N;Y;Y;N;Y;211561000;TU;TBB;OTB;;;;;18.70;16.87;50.00;0.00;0.00;220.00;0.00;2;1987-05-01;MFL;;;PA;1987-01-01
DEU;DEU000750602;;DES;1991-04-02;1991-04-02;SAS307;SAS307;KEGELROBBE;0602;;Y4EA;Y;N;N;;;;;FX;OTB;PTB;;;;;26.45;23.40;0.00;133.93;0.00;184.00;31.00;;1958-12-22;4;;;PA;
DEU;DEU000750603;;CHA;2010-07-20;2100-12-31;WAR19;WAR19;BUTT;0603;;;N;Y;N;;;;;FX;GNS;LLS;;;;;6.03;0.00;1.00;0.00;0.00;11.00;0.00;3;2010-07-20;MFL;;;PA;1985-01-01
DEU;DEU000750606;;CHA;2024-02-01;2100-12-31;ZEW27N;ZEW27N;---;DEZEQ;Zecherin;;N;Y;N;N;Y;N;;GO;GNS;LLS;;;;;4.60;0.00;1.00;0.00;0.00;5.00;0.00;3;2008-02-25;MFL;;;PA;1978-01-01
DEU;DEU000750607;;MOD;2021-03-01;2100-12-31;LAU44N;LAU44N;---;DELAK;"Lauterbach"", Rügen";;N;Y;N;N;;N;;GO;GNS;FPO;;;;;5.05;0.00;1.00;0.00;0.00;11.00;0.00;3;2017-02-07;MFL;;;;2017-01-01
DEU;DEU000750609;;CHA;2023-06-01;2100-12-31;RIT14N;RIT14N;EMMA;DEUCK;Ueckermünde;;N;Y;N;N;Y;N;;GO;GNS;FPO;;;;;6.00;0.00;1.00;0.00;0.00;24.00;0.00;3;2023-06-01;MFL;;;PA;1996-01-01
DEU;DEU000750612;;RET;1995-08-01;1995-08-01;THI46;THI46;---;0612;;;N;N;N;;;;;FX;GNS;NO;;;;;5.45;0.00;1.00;2.00;0.00;0.00;0.00;;1984-09-10;C19;;;PA;
DEU;DEU000750613;;MOD;2025-01-01;2100-12-31;BOI12;BOI12;---;DE7B6;Boiensdorf;;N;Y;N;N;Y;N;;GO;GNS;FPO;;;;;4.65;0.00;1.00;0.00;0.00;20.00;0.00;3;2001-07-03;MFL;;;;2001-01-01
DEU;DEU000750614;;RET;2008-01-23;2008-01-23;SPA2;SPA2;---;0614;;;N;N;N;;;;;FX;GNS;LLS;;;;;4.00;0.00;1.00;1.13;0.00;11.00;0.00;3;1981-07-18;MFL;;;PA;1981-01-01
DEU;DEU000750615;;RET;2018-05-31;2018-05-31;GAG13A;GAG13A;---;0615;;;N;N;N;N;;N;;GO;GNS;NO;;;;;4.43;0.00;1.00;0.00;0.00;0.00;0.00;3;1984-09-10;MFL;;;PA;1984-01-01
DEU;DEU000750617;;MOD;2024-03-26;2100-12-31;VIT54;VIT54;RAMBO;DEVT2;Vitte;;N;Y;N;N;Y;N;;GO;GNS;LLS;;;;;8.40;0.00;3.00;0.00;0.00;48.00;0.00;3;1997-08-10;MFL;;;PA;1997-01-01
DEU;DEU000750645;;RET;2010-01-21;2010-01-21;AHR23;AHR23;---;0645;;;N;N;N;;;;;FX;GNS;LLS;;;;;4.30;0.00;1.00;0.00;0.00;7.00;0.00;3;2009-02-13;MFL;;;PA;1993-01-01
DEU;DEU000750652;;RET;2000-08-04;2000-08-04;WIS003;WIS003;---;0604;;;N;N;N;;;;;FX;GNS;LLS;;;;;6.00;0.00;1.00;2.54;0.00;4.00;0.00;;1933-05-11;4C1;;;PA;
DEU;DEU000750654;;MOD;2008-04-07;2100-12-31;TAR16N;TAR16N;INGA;0654;;;N;Y;N;;;;;FX;GNS;LLS;;;;;4.58;0.00;1.00;0.00;0.00;6.00;0.00;3;2003-05-19;MFL;;;;1995-01-01
DEU;DEU000750656;;RET;1992-09-15;1992-09-15;POL6B;POL6B;---;0656;;;N;N;N;;;;;FX;GNS;NK;;;;;4.80;0.00;0.00;1.63;0.00;0.00;0.00;;1976-06-19;4;;;PA;
DEU;DEU000760300;;MOD;2015-01-01;2100-12-31;WRE5;WRE5;LAND WURSTEN;0305;;DEQW;Y;Y;Y;;;;;FX;TBB;OTB;;;;;19.40;17.32;46.00;31.92;0.00;221.00;0.00;2;1979-09-01;MFL;;;;1979-01-01
DEU;DEU000760602;;RET;2011-12-27;2011-12-27;CUX30;CUX30;BLAUROBBE;0301;;Y4EB;Y;N;Y;;;;;FX;OTB;OTM;;;;;26.45;24.70;121.00;0.00;0.00;371.00;0.00;2;1959-01-03;MFL;;;PA;1958-01-01
DEU;DEU000760603;;RET;2023-01-01;2023-01-01;WAR54;WAR54;Knurrhahn;DEWAR;Warnemünde;;N;N;N;N;N;N;;GO;GNS;FPO;;;;;6.80;0.00;2.00;0.00;0.00;0.00;0.00;3;2012-12-12;MFL;;;PA;1986-01-01
DEU;DEU000760606;;MOD;2019-01-29;2100-12-31;NEE8N;NEE8N;---;0616;;;N;Y;N;N;;N;;GO;GNS;FPO;;;;;5.06;0.00;1.00;0.00;0.00;11.00;0.00;3;2008-11-26;MFL;;;;2004-01-01
DEU;DEU000760607;;RET;2021-01-27;2021-01-27;LAU46N;LAU46N;---;DELAK;"Lauterbach"", Rügen";;N;N;N;N;;N;;GO;GNS;FPO;;;;;4.20;0.00;1.00;0.00;0.00;4.00;0.00;3;2018-09-25;MFL;;;PA;2007-01-01
DEU;DEU000760612;;RET;1996-12-20;1996-12-20;KZI01A;KZI01A;---;0612;;;N;N;N;;;;;FX;GNS;NO;;;;;5.00;0.00;1.00;1.76;0.00;0.00;0.00;;1991-01-25;C19;;;PA;
DEU;DEU000760613;;MOD;2018-02-20;2100-12-31;BRE43N;BRE43N;---;0613;;;N;Y;N;N;;N;;GO;GNS;LLS;;;;;4.65;0.00;1.00;0.00;0.00;22.00;0.00;3;2001-10-29;MFL;;;PA;2001-01-01
DEU;DEU000760614;;RET;2005-11-14;2005-11-14;SPA16;SPA16;---;0614;;;N;N;N;;;;;FX;GNS;NK;;;;;4.00;0.00;1.00;0.00;0.00;4.00;0.00;3;1986-06-24;MFL;;;PA;1986-01-01
DEU;DEU000760615;;RET;1996-04-29;1996-04-29;GAG18B;GAG18B;---;0615;;;N;N;N;;;;;FX;GNS;NO;;;;;5.11;0.00;1.00;1.85;0.00;0.00;0.00;;1975-04-28;C19;;;PA;
DEU;DEU000760617;;RET;2005-05-06;2005-05-06;VIT56N;VIT56N;---;0617;;;N;N;N;;;;;FX;GNS;LLS;;;;;4.70;0.00;1.00;1.41;0.00;10.00;0.00;3;1998-04-08;MFL;;;PA;1998-01-01
DEU;DEU000760645;;RET;2025-06-30;2025-06-30;AHR24N;AHR24N;---;DERZD;Ribnitz-Damgarten;;N;N;N;N;N;N;;GO;GNS;FPO;;;;;4.70;0.00;1.00;0.00;0.00;11.00;0.00;3;2010-01-21;MFL;;;PA;2000-01-01
DEU;DEU000760652;;RET;1994-06-20;1994-06-20;POE033;POE033;---;0652;;;N;N;N;;;;;FX;GNS;LLS;;;;;5.00;0.00;0.00;1.76;0.00;7.00;0.00;;1963-11-17;C19;;;PA;
DEU;DEU000760656;;RET;1992-04-02;1992-04-02;MUK001C;MUK001C;---;0656;;;N;N;N;;;;;FX;GNS;LLS;;;;;6.50;0.00;0.00;2.98;0.00;0.00;0.00;;1983-02-11;C19;;;PA;
DEU;DEU000770300;;RET;2002-01-15;2002-01-15;GRE18;GRE18;CONDOR;DEGRE;Greetsiel;DETZ;Y;N;N;;;;;TUB;TBB;OTB;;;;;15.14;13.97;0.00;20.03;0.00;110.00;0.00;1;1961-11-01;4C5;;;PA;1961-01-01
DEU;DEU000770602;;RET;1994-07-22;1994-07-22;SAS309;SAS309;TUEMMLER;0602;;Y4EC;Y;N;N;;;;;FX;OTB;PTB;;;;;26.45;23.40;0.00;133.93;0.00;220.00;38.00;;1959-01-03;4;;;AC;
DEU;DEU000770603;;MOD;2023-09-01;2100-12-31;WAR43;WAR43;IGEL;DEWAR;Warnemünde;;N;Y;N;N;Y;N;;GO;GNS;LLS;;;;;5.70;0.00;1.00;0.00;0.00;7.00;0.00;3;2015-01-15;MFL;;;;1974-01-01
DEU;DEU000770604;;MOD;2023-10-12;2100-12-31;WIS8;WIS8;---;DEWIS;Wismar;;N;Y;N;N;Y;N;;GO;GNS;LLS;;;;;7.10;6.39;3.00;0.00;0.00;21.00;0.00;3;1994-07-28;MFL;;;;1994-01-01
DEU;DEU000770606;;RET;2018-06-30;2018-06-30;ZEW25N;ZEW25N;---;0657;;;N;N;N;N;;N;;GO;GNS;FPO;;;;;5.07;0.00;1.00;0.00;0.00;5.00;0.00;3;2013-06-03;MFL;;;PA;1996-01-01
DEU;DEU000770607;;MOD;2024-11-15;2100-12-31;LAU47N;LAU47N;---;DELAK;"Lauterbach"", Rügen";;N;Y;N;N;Y;N;;GO;GNS;FPO;;;;;5.47;0.00;1.00;0.00;0.00;18.00;0.00;3;2018-12-13;MFL;;;;1996-01-01
DEU;DEU000770612;;RET;2011-06-15;2011-06-15;KZI02A;KZI02A;---;0612;;;N;N;N;;;;;FX;FPO;NO;;;;;5.95;0.00;1.00;2.50;0.00;0.00;0.00;1;1991-01-25;MFL;;;PA;1967-01-01
DEU;DEU000770613;;MOD;2025-02-01;2100-12-31;BRE45;BRE45;---;DEREQ;Breege;;N;Y;N;N;N;N;;GO;GNS;LLS;;;;;5.06;0.00;1.00;0.00;0.00;36.00;0.00;3;2002-02-05;MFL;;;;2002-01-01
DEU;DEU000770614;;RET;2005-05-10;2005-05-10;SPA23;SPA23;---;0614;;;N;N;N;;;;;FX;GNS;LLS;;;;;4.60;0.00;1.00;1.49;0.00;11.00;0.00;3;1989-04-19;MFL;;;PA;1989-01-01
DEU;DEU000770615;;RET;1997-09-10;1997-09-10;GAG18C;GAG18C;---;0615;;;N;N;N;;;;;FX;GNS;NO;;;;;4.04;0.00;1.00;1.20;0.00;5.00;0.00;;1991-01-28;4C1;;;PA;
DEU;DEU000770617;;RET;2000-05-19;2000-05-19;VIT58N;VIT58N;---;0617;;;N;N;N;;;;;FX;GNS;LLS;;;;;3.96;0.00;1.00;1.00;0.00;3.00;0.00;;1999-04-01;4C1;;;PA;
DEU;DEU000770645;;CST;2011-07-01;2100-12-31;NER1;NER1;---;0645;;;N;Y;N;;;;;FX;FPO;NO;;;;;7.65;0.00;1.00;0.00;0.00;11.00;0.00;3;2011-07-01;MFL;;;PA;2011-01-01
DEU;DEU000770656;;RET;1992-04-02;1992-04-02;MUK002B;MUK002B;---;0656;;;N;N;N;;;;;FX;GNS;LLS;;;;;4.20;0.00;0.00;1.25;0.00;5.00;0.00;;1980-11-17;C19;;;PA;
DEU;DEU000780300;;RET;2022-04-01;2022-04-01;SC17;SC17;SEEROSE;DEBUM;Büsum;DEQX;Y;N;Y;Y;;Y;211376000;TU;TBB;OTB;;;;;15.59;13.86;25.00;0.00;0.00;184.00;0.00;1;1979-09-02;MFL;;;PA;1979-01-01
DEU;DEU000780602;;RET;2003-12-05;2003-12-05;SAS310;SAS310;DELPHIN;0602;;Y4SD;Y;N;N;;;;;FX;OTB;PTB;;;;;26.45;23.49;121.00;133.93;0.00;184.00;38.00;2;1959-01-10;MFL;;;PA;1958-01-01
DEU;DEU000780603;;CHA;2015-05-27;2100-12-31;WAR67N;WAR67N;---;0603;;;N;Y;N;;;;;FX;GNS;LLS;;;;;6.40;0.00;1.00;0.00;0.00;10.00;0.00;3;2015-05-27;MFL;;;PA;1986-01-01
DEU;DEU000780606;;CST;2018-02-20;2100-12-31;KAR18N;KAR18N;---;0606;;;N;Y;N;N;;N;;GO;GNS;LLS;;;;;5.06;0.00;1.00;0.00;0.00;23.00;0.00;3;2018-02-20;MFL;;;PA;2017-01-01
DEU;DEU000780607;;RET;2024-01-05;2024-01-05;LAU50N;LAU50N;---;DELAK;"Lauterbach"", Rügen";;N;N;N;N;N;N;;GO;GNS;FPO;;;;;3.50;0.00;1.00;0.00;0.00;9.00;0.00;3;2022-04-19;MFL;;;PA;1989-01-01
DEU;DEU000780612;;MOD;2024-01-01;2100-12-31;THI51;THI51;---;DETS2;Thiessow;;N;Y;N;N;Y;N;;LL;LLS;GNS;;;;;6.33;0.00;1.00;0.00;0.00;14.00;0.00;1;1991-01-25;MFL;;;;1968-01-01
DEU;DEU000780613;;RET;2005-05-06;2005-05-06;BRE46;BRE46;---;0613;;;N;N;N;;;;;FX;GNS;LLS;;;;;4.10;0.00;1.00;0.00;0.00;3.00;0.00;3;2004-03-18;MFL;;;PA;1995-01-01
DEU;DEU000780614;;RET;2005-03-09;2005-03-09;FRE56;FRE56;---;0614;;;N;N;N;;;;;FX;GNS;NK;;;;;4.20;0.00;1.00;1.18;0.00;3.00;0.00;3;1989-08-09;MFL;;;PA;1989-01-01
DEU;DEU000780615;;RET;1998-03-26;1998-03-26;GAG19A;GAG19A;---;0615;;;N;N;N;;;;;FX;GNS;NO;;;;;3.96;0.00;1.00;1.10;0.00;0.00;0.00;;1989-04-10;4C1;;;PA;
DEU;DEU000780617;;MOD;2009-12-07;2100-12-31;VIT57;VIT57;ANNA-LENA;0617;;DFGE;Y;Y;N;;;;;FX;GNS;LLS;;;;;9.98;8.77;9.00;0.00;0.00;110.00;0.00;3;1999-04-27;MFL;;;PA;1999-01-01
DEU;DEU000780645;;MOD;2021-05-01;2100-12-31;KUEH48;KUEH48;---;DEKU3;Kühlungsborn;;N;Y;N;N;;N;;GO;GNS;FPO;;;;;5.60;0.00;1.00;0.00;0.00;15.00;0.00;3;2012-06-05;MFL;;;;2012-01-01
DEU;DEU000780652;;RET;2011-10-04;2011-10-04;POE015;POE015;---;0652;;;N;N;N;;;;;FX;GNS;LLS;;;;;7.78;7.08;2.00;2.49;0.00;6.00;0.00;1;1985-02-18;MFL;;;PA;1985-01-01
DEU;DEU000790300;;MOD;2016-05-25;2100-12-31;HOO60;HOO60;TROTZ;0310;;DISK;Y;Y;Y;;;;;FX;TBB;OTB;;;;;17.51;15.32;37.00;0.00;0.00;221.00;0.00;2;1971-01-01;MFL;;;;1970-01-01
DEU;DEU000790602;;RET;1996-12-30;1996-12-30;SAS311;SAS311;KRAGENHAI;0602;;Y4EE;Y;N;N;;;;;FX;OTB;OTM;;;;;26.45;23.49;121.00;133.93;0.00;184.00;38.00;;1959-01-10;G17;;;AC;
DEU;DEU000790603;;MOD;2023-01-01;2100-12-31;WAR79;WAR79;---;DEWAR;Warnemünde;;N;Y;N;N;Y;N;;GO;GNS;LLS;;;;;6.15;0.00;1.00;0.00;0.00;10.00;0.00;3;2018-10-01;MFL;;;;1976-01-01
DEU;DEU000790607;;RET;2023-05-16;2023-05-16;LAU51N;LAU51N;---;DELAK;"Lauterbach"", Rügen";;N;N;N;N;N;N;;GO;GNS;LLS;;;;;4.11;0.00;1.00;0.00;0.00;6.00;0.00;3;2022-06-01;MFL;;;PA;2000-01-01
DEU;DEU000790612;;RET;2011-12-06;2011-12-06;KZI04A;KZI04A;---;0612;;;N;N;N;;;;;FX;GNS;LLS;;;;;5.25;0.00;1.00;1.94;0.00;4.00;0.00;3;1984-09-10;MFL;;;PA;1983-01-01
DEU;DEU000790613;;RET;2005-06-01;2005-06-01;BRE47;BRE47;---;0613;;;N;N;N;;;;;FX;GNS;LLS;;;;;3.70;0.00;1.00;0.00;0.00;7.00;0.00;3;2004-04-20;MFL;;;PA;1995-01-01
DEU;DEU000790614;;RET;2000-01-25;2000-01-25;FRE71;FRE71;STOER;0614;;;N;N;N;;;;;FX;GNS;LLS;;;;;8.40;0.00;4.00;4.98;0.00;15.00;0.00;;1943-09-12;4C1;;;PA;
DEU;DEU000790615;;RET;1999-02-18;1999-02-18;GAG22A;GAG22A;---;0615;;;N;N;N;;;;;FX;GNS;LLS;;;;;5.00;0.00;1.00;1.80;0.00;11.00;0.00;;1991-01-28;4C1;;;PA;
DEU;DEU000790617;;MOD;2003-01-01;2100-12-31;VIT59;VIT59;ANGELA;0617;;;N;Y;N;;;;;FX;GNS;LLS;;;;;9.95;8.77;9.00;0.00;0.00;88.00;0.00;3;1999-07-06;MFL;;;;1999-01-01
DEU;DEU000790645;;MOD;2017-01-01;2100-12-31;RIB2;RIB2;---;0645;;;N;Y;N;;;;;FX;GNS;FPO;;;;;7.60;0.00;1.00;0.00;0.00;11.00;0.00;3;2013-02-15;MFL;;;PA;2012-01-01
DEU;DEU000790652;;RET;1994-06-20;1994-06-20;POE014;POE014;---;0652;;;N;N;N;;;;;FX;GNS;LLS;;;;;7.40;0.00;0.00;3.86;0.00;7.00;0.00;;1950-03-17;C19;;;PA;
DEU;DEU000800300;;MOD;2014-03-25;2100-12-31;GRE23;GRE23;MERLAN;0308;;DJHL;Y;Y;Y;;;;;FX;TBB;OTB;;;;;16.21;14.48;33.00;32.89;0.00;221.00;0.00;2;1976-09-15;MFL;;;PA;1976-01-01
DEU;DEU000800602;;RET;2009-02-17;2009-02-17;SAS312;SAS312;DORNHAI;0602;;Y4EF;Y;N;Y;;;;;FX;OTB;PTB;;;;;26.45;23.49;121.00;0.00;0.00;184.00;31.00;2;1959-01-10;MFL;;;PA;1958-01-01
DEU;DEU000800603;;RET;2024-09-01;2024-09-01;WAR13;WAR13;SILBERLACHS;DEWAR;Warnemünde;;N;N;N;N;N;N;;GO;GNS;LLS;;;;;6.80;0.00;1.00;0.00;0.00;41.00;0.00;3;2019-04-10;MFL;;;PA;1984-01-01
DEU;DEU000800607;;MOD;2024-10-01;2100-12-31;LAU52N;LAU52N;---;DELAK;"Lauterbach"", Rügen";;N;Y;N;N;Y;N;;GO;GNS;FPO;;;;;4.25;0.00;1.00;0.00;0.00;6.00;0.00;3;2023-05-16;MFL;;;PA;2002-01-01
DEU;DEU000800612;;RET;1998-11-01;1998-11-01;KZI05;KZI05;---;0612;;;N;N;N;;;;;FX;GNS;NO;;;;;5.15;0.00;1.00;1.87;0.00;0.00;0.00;;1991-01-25;4C1;;;PA;
DEU;DEU000800613;;MOD;2020-09-01;2100-12-31;BRE59;BRE59;---;0613;;;N;Y;N;N;;N;;GO;GNS;FPO;;;;;3.96;0.00;1.00;0.00;0.00;2.00;0.00;3;2005-01-20;MFL;;;;1992-01-01
DEU;DEU000800614;;RET;1998-01-03;1998-01-03;KROE2N;KROE2N;---;0614;;;N;N;N;;;;;FX;GNS;NK;;;;;4.00;0.00;1.00;1.13;0.00;3.00;0.00;;1986-03-14;4C1;;;PA;
DEU;DEU000800615;;RET;2009-08-06;2009-08-06;GZI01A;GZI01A;---;0615;;;N;N;N;;;;;FX;GNS;NO;;;;;6.32;0.00;1.00;2.82;0.00;0.00;0.00;1;1991-01-28;MFL;;;PA;1981-01-01
DEU;DEU000800617;;RET;2015-05-27;2015-05-27;VIT60;VIT60;---;0617;;;N;N;N;;;;;FX;GNS;LLS;;;;;4.70;0.00;1.00;0.00;0.00;12.00;0.00;3;1999-12-08;MFL;;;PA;1999-01-01
DEU;DEU000800645;;CHA;2018-06-01;2100-12-31;AHR28;AHR28;Lachs II;0645;;;N;Y;N;N;;N;;GO;GNS;FPO;;;;;4.26;0.00;1.00;0.00;0.00;11.00;0.00;3;2018-06-01;MFL;;;PA;1984-01-01
DEU;DEU000800652;;RET;1994-06-20;1994-06-20;POE029;POE029;---;0652;;;N;N;N;;;;;FX;GNS;LLS;;;;;6.98;0.00;0.00;3.44;0.00;7.00;0.00;;1983-07-25;C19;;;PA;
DEU;DEU000810300;;MOD;2013-04-01;2100-12-31;GRE26;GRE26;AVALON;0308;;DCDK;Y;Y;Y;;;;;FX;TBB;OTB;;;;;17.14;15.24;33.00;32.50;0.00;221.00;0.00;2;1968-11-01;MFL;;;;1968-01-01
DEU;DEU000810602;;RET;1990-12-01;1990-12-01;SAS314;SAS314;BLAUHAI;0602;;Y4EH;Y;N;N;;;;;FX;OTB;PTB;;;;;26.45;23.40;0.00;133.93;0.00;184.00;31.00;;1959-01-12;4;;;PA;
DEU;DEU000810603;;MOD;2024-07-01;2100-12-31;WAR26;WAR26;---;DEWAR;Warnemünde;;N;Y;N;N;N;N;;GO;GNS;FPO;;;;;5.70;0.00;1.00;0.00;0.00;29.00;0.00;3;2021-08-01;MFL;;;;2000-01-01
DEU;DEU000810612;;RET;2013-01-10;2013-01-10;BAA33N;BAA33N;---;0673;;;N;N;N;;;;;FX;GNS;LLS;;;;;5.10;0.00;1.00;0.00;0.00;3.00;0.00;1;1973-03-27;MFL;;;PA;1969-01-01
DEU;DEU000810613;;RET;2022-08-15;2022-08-15;BRE49;BRE49;---;DEBG8;;;N;N;N;N;;N;;GO;GNS;LLS;;;;;4.70;0.00;1.00;0.00;0.00;18.00;0.00;3;2005-05-10;MFL;;;PA;2005-01-01
DEU;DEU000810614;;RET;2007-02-06;2007-02-06;SPA21N;SPA21N;---;0614;;;N;N;N;;;;;FX;GNS;NK;;;;;4.00;0.00;1.00;0.00;0.00;6.00;0.00;3;1992-01-01;MFL;;;PA;1991-01-01
DEU;DEU000810615;;RET;2009-08-06;2009-08-06;GZI01B;GZI01B;---;0615;;;N;N;N;;;;;FX;GNS;NO;;;;;5.30;0.00;1.00;1.98;0.00;0.00;0.00;1;1991-01-28;MFL;;;PA;1950-01-01
DEU;DEU000810617;;RET;2016-06-09;2016-06-09;VIT61;VIT61;---;0617;;;N;N;N;;;;;FX;GNS;LLS;;;;;4.20;0.00;1.00;0.00;0.00;8.00;0.00;3;2000-01-10;MFL;;;PA;1976-01-01
DEU;DEU000810652;;RET;1993-03-18;1993-03-18;POE019;POE019;---;0652;;;N;N;N;;;;;FX;GNS;LLS;;;;;13.75;0.00;0.00;13.36;0.00;59.00;0.00;;1934-08-22;C19;;;PA;
DEU;DEU000810656;;CHA;2025-03-17;2100-12-31;BAA42;BAA42;---;DEBA2;Baabe;;N;Y;N;N;N;N;;GO;GNS;LLS;;;;;6.00;0.00;1.00;0.00;0.00;37.00;0.00;3;1990-01-31;MFL;;;PA;1990-01-01
DEU;DEU000820300;;MOD;2019-10-01;2100-12-31;ACC2;ACC2;URANUS;0313;;DCGK;Y;Y;Y;Y;;Y;211152000;TU;TBB;OTB;FPO;;;;14.97;13.56;23.00;0.00;0.00;221.00;0.00;2;1986-05-12;MFL;;;;1986-01-01
DEU;DEU000820602;;RET;1994-07-11;1994-07-11;SAS315;SAS315;HAMMERHAI;0602;;Y4EJ;Y;N;N;;;;;FX;OTB;PTB;;;;;26.45;23.40;0.00;133.93;0.00;220.00;38.00;;1959-01-12;4;;;AC;
DEU;DEU000820612;;RET;2003-05-02;2003-05-02;LAU32N;LAU32N;---;0607;;;N;N;N;;;;;FX;GNS;LLS;;;;;4.47;0.00;1.00;1.00;0.00;8.00;0.00;1;1991-01-25;MFL;;;PA;1965-01-01
DEU;DEU000820613;;RET;2007-06-06;2007-06-06;BRE50;BRE50;---;0613;;;N;N;N;;;;;FX;GNS;LLS;;;;;4.20;0.00;1.00;0.00;0.00;3.00;0.00;3;2005-05-06;MFL;;;PA;1987-01-01
DEU;DEU000820614;;RET;2007-01-24;2007-01-24;FRE57N;FRE57N;---;0614;;;N;N;N;;;;;FX;GNS;LLS;;;;;4.08;0.00;1.00;0.00;0.00;11.00;0.00;3;1992-01-01;MFL;;;PA;1989-01-01
DEU;DEU000820615;;RET;1996-01-01;1996-01-01;GZI03;GZI03;---;0615;;;N;N;N;;;;;FX;GNS;NO;;;;;5.10;0.00;1.00;1.84;0.00;0.00;0.00;;1991-01-28;C19;;;PA;
DEU;DEU000820617;;DES;2023-11-01;2023-11-01;VIT62;VIT62;---;DEVT2;Vitte;;N;N;N;N;N;N;;GO;GNS;LLS;;;;;4.65;0.00;1.00;0.00;0.00;19.00;0.00;3;2000-03-25;MFL;;;PA;1999-01-01
DEU;DEU000820652;;RET;1993-03-18;1993-03-18;POE026;POE026;---;0652;;;N;N;N;;;;;FX;GNS;LLS;;;;;5.00;0.00;0.00;1.76;0.00;4.00;0.00;;1953-04-13;C19;;;PA;
DEU;DEU000830300;;RET;1991-04-01;1991-04-01;ACC3;ACC3;NORDMARK;0313;;DCBX;Y;N;N;;;;;FX;TBB;OTB;;;;;14.95;13.96;0.00;18.24;0.00;111.00;0.00;;1957-12-31;4;;;PA;
DEU;DEU000830602;;RET;1992-08-31;1992-08-31;SAS316;SAS316;HERINGSHAI;0602;;Y4EK;Y;N;N;;;;;FX;OTB;PTB;;;;;26.45;23.40;0.00;133.93;0.00;184.00;31.00;;1959-01-19;4;;;PA;
DEU;DEU000830612;;RET;1997-03-26;1997-03-26;KZI11;KZI11;---;0612;;;N;N;N;;;;;FX;GNS;LLS;;;;;5.43;0.00;1.00;2.00;0.00;5.00;0.00;;1991-01-25;4C1;;;PA;
DEU;DEU000830613;;RET;2005-08-05;2005-08-05;BRE51N;BRE51N;---;0613;;;N;N;N;;;;;FX;GNS;FPO;;;;;4.30;0.00;1.00;0.00;0.00;8.00;0.00;3;2005-06-28;MFL;;;PA;1988-01-01
DEU;DEU000830614;;RET;2008-01-16;2008-01-16;HOL3N;HOL3N;---;0614;;;N;N;N;;;;;FX;GNS;FPO;;;;;4.29;0.00;1.00;1.30;0.00;5.00;0.00;3;1985-04-16;MFL;;;PA;1985-01-01
DEU;DEU000830615;;RET;1995-05-17;1995-05-17;GZI05;GZI05;---;0615;;;N;N;N;;;;;FX;GNS;NO;;;;;5.90;0.00;1.00;2.46;0.00;0.00;0.00;;1991-01-28;C19;;;PA;
DEU;DEU000830617;;RET;2014-10-30;2014-10-30;VIT63;VIT63;---;0617;;;N;N;N;;;;;FX;GNS;LLS;;;;;4.65;0.00;1.00;0.00;0.00;11.00;0.00;3;2000-05-10;MFL;;;PA;1999-01-01
DEU;DEU000830652;;RET;2012-01-06;2012-01-06;POE9;POE9;HOFFNUNG;0652;;;N;N;N;;;;;FX;GNS;LLS;;;;;10.50;9.55;12.00;7.79;0.00;44.00;0.00;1;1951-03-27;MFL;;;PA;1951-01-01
DEU;DEU000840300;;MOD;2013-04-01;2100-12-31;ACC4;ACC4;FREYA;0313;;DCGU;Y;Y;Y;;;;;FX;TBB;OTB;;;;;17.55;15.94;31.00;26.81;0.00;220.00;0.00;2;1970-04-15;MFL;;;;1970-01-01
DEU;DEU000840602;;RET;2012-01-01;2012-01-01;SAS317;SAS317;EISHAI;0602;;Y4EL;Y;N;Y;;;;;FX;OTB;OTM;;;;;26.45;23.49;121.00;0.00;0.00;184.00;38.00;2;1959-01-19;MFL;;;PA;1958-01-01
DEU;DEU000840612;;RET;2012-01-11;2012-01-11;KZI14;KZI14;---;0612;;;N;N;N;;;;;FX;FPO;NO;;;;;5.00;0.00;1.00;2.00;0.00;0.00;0.00;1;1991-12-31;MFL;;;PA;1928-01-01
DEU;DEU000840613;;MOD;2023-03-13;2100-12-31;SAS58;SAS58;---;DESAS;Sassnitz;;N;Y;N;N;Y;N;;GO;GNS;FPO;;;;;4.70;0.00;1.00;0.00;0.00;15.00;0.00;3;2005-08-05;MFL;;;;2005-01-01
DEU;DEU000840614;;RET;1996-04-26;1996-04-26;SPA5;SPA5;---;0614;;;N;N;N;;;;;FX;GNS;NO;;;;;5.28;0.00;1.00;2.00;0.00;5.00;0.00;;1960-02-18;C19;;;PA;
DEU;DEU000840615;;RET;1995-07-20;1995-07-20;GZI06A;GZI06A;---;0615;;;N;N;N;;;;;FX;GNS;NO;;;;;4.93;0.00;1.00;1.72;0.00;0.00;0.00;;1982-06-29;C19;;;PA;
DEU;DEU000840617;;RET;2009-01-27;2009-01-27;VIT64;VIT64;---;0617;;;N;N;N;;;;;FX;GNS;LLS;;;;;4.65;0.00;1.00;0.00;0.00;7.00;0.00;3;2000-05-19;MFL;;;PA;1994-01-01
DEU;DEU000840652;;RET;2004-07-07;2004-07-07;POE007;POE007;---;0652;;;N;N;N;;;;;FX;GNS;LLS;;;;;7.30;7.00;2.00;3.76;0.00;9.00;0.00;1;1956-03-18;MFL;;;PA;1956-01-01
DEU;DEU000850300;;RET;2016-08-31;2016-08-31;SU2;SU2;GOODEWIND;0102;;DCCA;Y;N;Y;;;;;FX;TBB;OTB;;;;;15.44;13.80;21.00;0.00;0.00;184.00;0.00;1;1967-04-01;MFL;;;PA;1967-01-01
DEU;DEU000850602;;RET;2002-12-30;2002-12-30;SAS319;SAS319;RIESENHAI;0602;;Y4EN;Y;N;N;;;;;FX;OTB;PTB;;;;;26.45;23.49;121.00;133.93;0.00;221.00;31.00;2;1959-04-30;4C3;;;AC;1958-01-01
DEU;DEU000850612;;RET;2012-06-18;2012-06-18;KZI19N;KZI19N;---;0612;;;N;N;N;;;;;FX;GNS;LLS;;;;;5.17;0.00;1.00;2.00;0.00;6.00;0.00;1;1990-12-17;MFL;;;PA;1960-01-01
DEU;DEU000850613;;RET;2008-05-26;2008-05-26;BRE53N;BRE53N;---;0613;;;N;N;N;;;;;FX;GNS;LLS;;;;;4.30;0.00;1.00;0.00;0.00;3.00;0.00;3;2006-01-31;MFL;;;PA;1986-01-01
DEU;DEU000850614;;RET;1996-09-24;1996-09-24;FRE44;FRE44;---;0614;;;N;N;N;;;;;FX;GNS;NK;;;;;3.70;0.00;1.00;0.96;0.00;2.00;0.00;;1978-04-10;C19;;;PA;
DEU;DEU000850615;;RET;1995-07-20;1995-07-20;GZI12;GZI12;---;0615;;;N;N;N;;;;;FX;GNS;NO;;;;;5.14;0.00;1.00;1.86;0.00;0.00;0.00;;1991-01-28;C19;;;PA;
DEU;DEU000850617;;MOD;2025-08-01;2100-12-31;BAR21;BAR21;---;DESTL;Stralsund;;N;Y;N;N;Y;N;;GO;GNS;LLS;;;;;4.65;0.00;1.00;0.00;0.00;22.00;0.00;3;2000-08-22;MFL;;;;1995-01-01
DEU;DEU000850652;;RET;1994-06-20;1994-06-20;POE024;POE024;---;0652;;;N;N;N;;;;;FX;GNS;LLS;;;;;7.40;0.00;0.00;3.86;0.00;6.00;0.00;;1972-06-19;C19;;;PA;
DEU;DEU000860300;;MOD;2022-08-08;2100-12-31;NEU226;NEU226;ZENIT;DENHS;Neuharlingersiel;DCGN;Y;Y;Y;N;;N;211181000;TU;TBB;OTB;;;;;14.96;13.50;23.00;0.00;0.00;190.00;0.00;1;1986-05-20;MFL;;;;1986-01-01
DEU;DEU000860602;;RET;2014-09-26;2014-09-26;SAS320;SAS320;STERNHAI;0602;;Y4EO;Y;N;Y;;;;;FX;OTB;OTM;;;;;26.45;23.49;121.00;0.00;0.00;220.00;38.00;2;1959-04-30;MFL;;;PA;1958-01-01
DEU;DEU000860612;;RET;2006-01-31;2006-01-31;KZI19A;KZI19A;---;0612;;;N;N;N;;;;;FX;GNS;NO;;;;;4.40;0.00;1.00;0.00;0.00;0.00;0.00;3;1991-01-24;MFL;;;PA;1980-01-01
DEU;DEU000860613;;RET;2021-11-20;2021-11-20;BRE54N;BRE54N;---;DEBG8;;;N;N;N;N;;N;;GO;GNS;LLS;;;;;4.70;0.00;1.00;0.00;0.00;11.00;0.00;3;2006-01-31;MFL;;;PA;2005-01-01
DEU;DEU000860614;;MOD;2023-01-01;2100-12-31;RIT7;RIT7;LOLA;DEUCK;Ueckermünde;;N;Y;N;N;;N;;GO;GNS;LLS;;;;;4.94;0.00;1.00;0.00;0.00;7.00;0.00;3;1984-03-23;MFL;;;;1984-01-01
DEU;DEU000860615;;RET;2004-03-15;2004-03-15;GZI18A;GZI18A;---;0615;;;N;N;N;;;;;FX;GNS;NO;;;;;5.38;0.00;1.00;2.04;0.00;0.00;0.00;1;1984-05-16;MFL;;;PA;1981-01-01
DEU;DEU000860617;;MOD;2024-01-01;2100-12-31;VIT66;VIT66;---;DEVT2;Vitte;;N;Y;N;N;Y;N;;GO;GNS;LLS;;;;;5.50;0.00;1.00;0.00;0.00;29.00;0.00;3;2000-08-23;MFL;;;PA;1995-01-01
DEU;DEU000860653;;RET;2006-05-29;2006-05-29;POE028;POE028;---;0653;;;N;N;N;;;;;FX;GNS;LLS;;;;;7.65;0.00;3.00;0.00;0.00;33.00;0.00;1;1986-04-11;MFL;;;PA;1986-01-01
DEU;DEU000870300;;MOD;2024-10-08;2100-12-31;ACC8;ACC8;ORION;DEACC;Accumersiel;DCFM;Y;Y;Y;Y;N;Y;211292280;TU;TBB;FPO;OTB;;;;20.65;18.50;53.00;0.00;0.00;221.00;0.00;2;1981-05-04;MFL;;;;1981-01-01
DEU;DEU000870612;;RET;2009-01-05;2009-01-05;KZI20A;KZI20A;---;0612;;;N;N;N;;;;;FX;GNS;NO;;;;;4.29;0.00;1.00;1.20;0.00;0.00;0.00;1;1991-01-25;MFL;;;PA;1968-01-01
DEU;DEU000870613;;RET;2016-12-30;2016-12-30;BRE55N;BRE55N;---;0613;;;N;N;N;;;;;FX;FPO;GNS;;;;;5.06;0.00;1.00;0.00;0.00;15.00;0.00;3;2006-11-14;MFL;;;PA;2006-01-01
DEU;DEU000870614;;RET;2002-04-10;2002-04-10;FRE43;FRE43;---;0614;;;N;N;N;;;;;FX;GNS;NK;;;;;4.10;0.00;1.00;1.19;0.00;5.00;0.00;;1985-04-20;4C1;;;PA;
DEU;DEU000870615;;RET;2004-03-15;2004-03-15;GZI18B;GZI18B;---;0615;;;N;N;N;;;;;FX;GNS;NO;;;;;4.04;0.00;1.00;1.15;0.00;3.00;0.00;3;1987-03-14;MFL;;;PA;1987-01-01
DEU;DEU000870617;;MOD;2023-07-01;2100-12-31;BAR18;BAR18;---;DEBBH;Barth;;N;Y;N;N;Y;N;;GO;GNS;FPO;;;;;4.40;0.00;1.00;0.00;0.00;24.00;0.00;3;2005-05-06;MFL;;;PA;2004-01-01
DEU;DEU000870652;;RET;2010-01-04;2010-01-04;POE061N;POE061N;KUMM WEDDER;0652;;;N;N;N;;;;;FX;GNS;LLS;;;;;12.00;11.00;18.00;10.35;0.00;44.00;0.00;1;1955-03-05;MFL;;;PA;1955-01-01
DEU;DEU000880300;;MOD;2024-02-08;2100-12-31;SD9;SD9;OZEAN;DEBUM;Büsum;DCHI;Y;Y;Y;Y;N;Y;211307520;TU;TBB;OTB;;;;;18.95;16.40;71.00;0.00;0.00;220.00;0.00;2;1986-06-14;MFL;;;PA;1985-01-01
DEU;DEU000880612;;RET;2014-04-29;2014-04-29;KZI20B;KZI20B;---;0612;;;N;N;N;;;;;FX;FPO;NO;;;;;5.27;0.00;1.00;1.96;0.00;6.00;0.00;1;1991-01-24;MFL;;;PA;1974-01-01
DEU;DEU000880613;;MOD;2020-04-07;2100-12-31;BRE56N;BRE56N;---;0602;;;N;Y;N;N;;N;;GO;GNS;FPO;;;;;4.70;0.00;1.00;0.00;0.00;22.00;0.00;3;2008-04-08;MFL;;;;2008-01-01
DEU;DEU000880614;;DES;2002-10-02;2002-10-02;SPA11;SPA11;---;0614;;;N;N;N;;;;;FX;GNS;NK;;;;;4.24;0.00;1.00;1.27;0.00;5.00;0.00;;1985-03-01;4C1;;;PA;
DEU;DEU000880615;;DES;1998-03-26;1998-03-26;GZI18C;GZI18C;---;0615;;;N;N;N;;;;;FX;GNS;NO;;;;;5.04;0.00;1.00;1.80;0.00;18.00;0.00;;1990-03-30;4C1;;;PA;
DEU;DEU000880617;;RET;2021-09-01;2021-09-01;VIT19;VIT19;---;DEVT2;Vitte;;N;N;N;N;;N;;GO;GNS;LLS;;;;;4.10;0.00;1.00;0.00;0.00;6.00;0.00;3;2006-09-20;MFL;;;PA;1989-01-01
DEU;DEU000880652;;MOD;2007-01-15;2100-12-31;WIE47;WIE47;SEEWOLF;0608;;DA3825;Y;Y;N;;;;;FX;GNS;LLS;;;;;10.18;9.65;7.00;0.00;0.00;64.00;0.00;3;1985-04-15;MFL;;;PA;1985-01-01
DEU;DEU000890300;;MOD;2022-03-28;2100-12-31;GRE24;GRE24;KOMET;DEGRE;Greetsiel;DCWK;Y;Y;Y;Y;;Y;211544000;TU;TBB;FPO;OTB;;;;18.79;16.91;52.00;0.00;0.00;221.00;0.00;2;1978-04-01;MFL;;;;1977-01-01
DEU;DEU000890602;;RET;1991-12-03;1991-12-03;SAS040;SAS040;---;0602;;;N;N;N;;;;;FX;GNS;LLS;;;;;7.20;0.00;0.00;3.66;0.00;15.00;0.00;;1979-03-18;4;;;PA;
DEU;DEU000890612;;RET;1997-05-05;1997-05-05;KZI22A;KZI22A;---;0612;;;N;N;N;;;;;FX;GNS;NO;;;;;4.72;0.00;1.00;1.57;0.00;4.00;0.00;;1983-02-08;4C1;;;PA;
DEU;DEU000890613;;MOD;2018-04-13;2100-12-31;VIT73;VIT73;---;0613;;;N;Y;N;N;;N;;GO;GNS;FPO;;;;;4.60;0.00;1.00;0.00;0.00;18.00;0.00;3;2008-04-21;MFL;;;;2008-01-01
DEU;DEU000890614;;RET;2011-03-03;2011-03-03;SPA4;SPA4;---;0614;;;N;N;N;;;;;FX;GNS;LLS;;;;;4.24;0.00;1.00;1.27;0.00;6.00;0.00;3;1980-04-16;MFL;;;PA;1980-01-01
DEU;DEU000890615;;RET;2010-05-18;2010-05-18;KHA1A;KHA1A;---;0615;;;N;N;N;;;;;FX;FPO;NO;;;;;5.83;0.00;1.00;2.40;0.00;0.00;0.00;1;1975-04-28;MFL;;;PA;1968-01-01
DEU;DEU000890617;;CHA;2008-04-08;2100-12-31;VIT71;VIT71;---;0660;;;N;Y;N;;;;;FX;GNS;FPO;;;;;4.70;0.00;1.00;0.00;0.00;19.00;0.00;3;2008-04-08;MFL;;;PA;2007-01-01
DEU;DEU000890652;;RET;1994-10-25;1994-10-25;POE034;POE034;---;0652;;;N;N;N;;;;;FX;GNS;LLS;;;;;6.80;0.00;0.00;3.26;0.00;26.00;0.00;;1983-06-11;C19;;;PA;
DEU;DEU000900300;;MOD;2020-04-14;2100-12-31;ACC12;ACC12;POSEIDON;0313;;DCFL;Y;Y;Y;Y;;Y;211550000;TU;TBB;OTB;;;;;19.44;17.79;46.00;0.00;0.00;221.00;0.00;2;1981-04-01;MFL;;;;1981-01-01
DEU;DEU000900602;;RET;1991-12-03;1991-12-03;SAS041;SAS041;---;0602;;;N;N;N;;;;;FX;GNS;LLS;;;;;7.20;0.00;0.00;3.66;0.00;20.00;0.00;;1979-10-24;4;;;PA;
DEU;DEU000900604;;RET;1998-06-20;1998-06-20;BOI001;BOI001;---;0604;;;N;N;N;;;;;FX;GNS;LLS;;;;;6.00;0.00;1.00;2.54;0.00;7.00;0.00;;1968-04-14;4C1;;;PA;
DEU;DEU000900612;;RET;2008-10-28;2008-10-28;BAA21;BAA21;---;0627;;;N;N;N;;;;;FX;GNS;NO;;;;;5.40;0.00;1.00;2.00;0.00;3.00;0.00;3;1984-09-10;MFL;;;PA;1982-01-01
DEU;DEU000900613;;MOD;2013-02-15;2100-12-31;GLO29N;GLO29N;---;DEREQ;Breege;;N;Y;N;N;Y;N;;GO;GNS;LLS;;;;;4.40;0.00;1.00;0.00;0.00;11.00;0.00;3;2009-01-05;MFL;;;;2000-01-01
DEU;DEU000900614;;RET;1998-05-14;1998-05-14;SPA20;SPA20;---;0614;;;N;N;N;;;;;FX;GNS;NO;;;;;4.08;0.00;1.00;1.20;0.00;5.00;0.00;;1985-02-02;4C1;;;PA;
DEU;DEU000900615;;RET;2001-10-29;2001-10-29;KHA01B;KHA01B;---;0615;;;N;N;N;;;;;FX;GNS;LLS;;;;;5.78;0.00;1.00;2.36;0.00;12.00;0.00;;1975-04-28;4C1;;;PA;
DEU;DEU000900617;;CHA;2009-02-09;2100-12-31;VIT72;VIT72;---;0617;;;N;Y;N;;;;;FX;GNS;LLS;;;;;4.65;0.00;1.00;0.00;0.00;20.00;0.00;3;2009-02-05;MFL;;;PA;1994-01-01
DEU;DEU000910300;;DES;2000-02-21;2000-02-21;ACC13;ACC13;ERIKA;DEACC;Accumersiel;DCJD;Y;N;N;;;;;TUB;TBB;OTB;;;;;15.01;13.76;0.00;18.49;0.00;164.00;0.00;1;1957-05-01;4C5;;;PA;1957-01-01
DEU;DEU000910602;;RET;2021-12-20;2021-12-20;WIR1;WIR1;FORELLE;DEWIK;Wiek;;N;N;N;N;;N;;GO;GNS;LLS;;;;;10.00;9.90;10.00;0.00;0.00;58.00;0.00;3;1989-04-17;MFL;;;AC;1989-01-01
DEU;DEU000910604;;RET;2014-05-27;2014-05-27;RER014N;RER014N;MONIKA;0651;;;N;N;N;;;;;FX;GNS;LLS;;;;;9.60;7.70;6.00;6.51;0.00;37.00;0.00;1;1958-06-13;MFL;;;PA;1958-01-01
DEU;DEU000910612;;MOD;2024-01-01;2100-12-31;THI01C;THI01C;---;DETS2;Thiessow;;N;Y;N;N;Y;N;;GO;GNS;LLS;;;;;6.05;0.00;1.00;0.00;0.00;0.00;0.00;1;1991-10-16;MFL;;;;1991-01-01
DEU;DEU000910613;;CHA;2021-11-20;2100-12-31;BRE62N;BRE62N;---;DEREQ;Breege;;N;Y;N;N;;N;;GO;GNS;LLS;;;;;5.51;0.00;1.00;0.00;0.00;30.00;0.00;3;2021-11-20;MFL;;;PA;1998-01-01
DEU;DEU000910614;;RET;1999-08-20;1999-08-20;SPA12;SPA12;---;0614;;;N;N;N;;;;;FX;GNS;NK;;;;;4.26;0.00;1.00;1.27;0.00;5.00;0.00;;1988-06-24;4C1;;;PA;
DEU;DEU000910615;;RET;2010-01-19;2010-01-19;KHA4;KHA4;---;0615;;;N;N;N;;;;;FX;FPO;NO;;;;;5.25;0.00;1.00;1.95;0.00;0.00;0.00;3;1991-01-28;MFL;;;PA;1985-01-01
DEU;DEU000910617;;CHA;2011-01-01;2100-12-31;VIT74;VIT74;---;0617;;;N;Y;N;;;;;FX;GNS;FPO;;;;;5.95;0.00;2.00;0.00;0.00;13.00;0.00;3;2011-01-01;MFL;;;PA;1986-01-01
DEU;DEU000920300;;RET;1990-03-31;1990-03-31;ACC14;ACC14;ATLANTIS I;0313;;DDAN;Y;N;N;;;;;FX;TBB;OTB;;;;;15.18;14.03;0.00;19.62;0.00;106.00;0.00;;1964-12-31;4;;;PA;
DEU;DEU000920602;;RET;1990-11-20;1990-11-20;SAS270;SAS270;ELBE;0602;;;N;N;N;;;;;FX;OTB;NO;;;;;26.45;0.00;0.00;132.70;0.00;220.00;0.00;;1900-12-31;4;;;PA;
DEU;DEU000920604;;RET;2007-12-27;2007-12-27;BOI003N;BOI003N;---;0604;;;N;N;N;;;;;FX;GNS;LLS;;;;;7.50;6.60;2.00;3.98;0.00;18.00;0.00;1;1957-08-14;MFL;;;PA;1957-01-01
DEU;DEU000920612;;RET;2005-03-22;2005-03-22;KZI15;KZI15;---;0663;;;N;N;N;;;;;FX;GNS;LLS;;;;;4.05;0.00;1.00;1.16;0.00;5.00;0.00;3;1997-03-25;MFL;;;PA;1987-01-01
DEU;DEU000920613;;CHA;2024-01-01;2100-12-31;BRE64N;BRE64N;JUTTA;DEREQ;Breege;;N;Y;N;N;Y;N;;GO;FPO;GNS;;;;;4.25;0.00;1.00;0.00;0.00;5.00;0.00;3;2024-01-01;MFL;;;PA;1989-01-01
DEU;DEU000920614;;RET;2016-04-30;2016-04-30;SPA14;SPA14;---;0614;;;N;N;N;;;;;FX;GNS;FPO;;;;;4.08;0.00;1.00;0.00;0.00;11.00;0.00;3;1985-03-20;MFL;;;PA;1983-01-01
DEU;DEU000920615;;RET;2007-08-14;2007-08-14;KHA06A;KHA06A;---;0615;;;N;N;N;;;;;FX;GNS;NO;;;;;4.73;0.00;1.00;1.58;0.00;2.00;0.00;3;1985-08-16;MFL;;;PA;1985-01-01
DEU;DEU000920617;;CHA;2011-01-01;2100-12-31;VIT75;VIT75;---;0617;;;N;Y;N;N;;N;;GO;GNS;FPO;;;;;6.20;0.00;2.00;0.00;0.00;13.00;0.00;1;2011-01-01;MFL;;;PA;1989-01-01
DEU;DEU000930300;;MOD;2022-09-02;2100-12-31;SU1;SU1;Stoertebeker;DEHUS;Husum;DDEJ;Y;Y;Y;Y;;Y;211178000;TU;TBB;OTB;;;;;15.56;13.80;22.00;0.00;0.00;175.00;0.00;1;1970-06-25;MFL;;;;1970-01-01
DEU;DEU000930602;;RET;1990-11-16;1990-11-16;SAS407;SAS407;SVINOEY;0602;;Y4GL;Y;N;N;;;;;FX;OTM;OTB;;;;;48.85;46.53;0.00;643.64;0.00;736.00;0.00;;1967-10-19;1;;;PA;
DEU;DEU000930604;;MOD;2014-01-14;2100-12-31;TAR10N;TAR10N;---;0654;;;N;Y;N;;;;;FX;GNS;LLS;;;;;7.40;6.60;3.00;3.87;0.00;27.00;0.00;3;1984-07-14;MFL;;;;1984-01-01
DEU;DEU000930612;;RET;2003-07-11;2003-07-11;KZI24;KZI24;---;0612;;;N;N;N;;;;;FX;GNS;LLS;;;;;3.85;0.00;1.00;1.00;0.00;4.00;0.00;3;1997-05-05;MFL;;;PA;1996-01-01
DEU;DEU000930614;;RET;2007-09-11;2007-09-11;FRE51;FRE51;---;0614;;;N;N;N;;;;;FX;GNS;NK;;;;;4.24;0.00;1.00;1.28;0.00;7.00;0.00;3;1989-05-04;MFL;;;PA;1981-01-01
DEU;DEU000930615;;RET;2003-10-01;2003-10-01;KHA08;KHA08;---;0615;;;N;N;N;;;;;FX;GNS;NO;;;;;5.02;0.00;1.00;1.78;0.00;0.00;0.00;1;1991-01-28;MFL;;;PA;1950-01-01
DEU;DEU000930617;;CHA;2011-06-23;2100-12-31;VIT76N;VIT76N;---;0617;;;N;Y;N;;;;;FX;GNS;FPO;;;;;4.65;0.00;1.00;0.00;0.00;11.00;0.00;3;2011-06-23;MFL;;;PA;2000-01-01
DEU;DEU000940300;;MOD;2013-04-01;2100-12-31;ACC16;ACC16;EDELWEISS;0313;;DCPJ;Y;Y;Y;;;;;FX;TBB;OTB;;;;;15.14;13.80;22.00;20.03;0.00;144.00;0.00;1;1963-05-22;MFL;;;;1963-01-01
DEU;DEU000940602;;RET;1990-11-01;1990-11-01;SAS408;SAS408;NORDMEER;0602;;Y4GS;Y;N;N;;;;;FX;OTM;OTB;;;;;48.58;46.53;0.00;643.64;0.00;854.00;0.00;;1966-11-19;1;;;PA;
DEU;DEU000940604;;MOD;2015-03-11;2100-12-31;PEP001AN;PEP001AN;---;DEWIS;Wismar;;N;Y;N;N;;N;;GO;GNS;LLS;;;;;4.10;0.00;1.00;1.19;0.00;4.00;0.00;3;1985-02-23;MFL;;;;1985-01-01
DEU;DEU000940612;;MOD;2020-10-07;2100-12-31;THI35;THI35;---;0612;;;N;Y;N;N;;N;;GO;GNS;LLS;;;;;8.28;7.77;4.00;0.00;0.00;48.00;0.00;3;1998-03-23;MFL;;;;1985-01-01
DEU;DEU000940614;;MOD;2013-10-21;2100-12-31;FRE59;FRE59;ANNE-MAREN;0614;;DQKW;Y;Y;N;;;;;FX;GNS;OTB;;;;;11.18;10.02;17.00;0.00;0.00;100.00;0.00;3;1995-03-07;MFL;;;PA;1995-01-01
DEU;DEU000940615;;RET;2009-03-03;2009-03-03;KHA10;KHA10;---;0615;;;N;N;N;;;;;FX;FPO;NO;;;;;5.00;0.00;1.00;1.76;0.00;4.00;0.00;1;1991-12-31;MFL;;;PA;1927-01-01
DEU;DEU000940617;;CHA;2013-11-25;2100-12-31;VIT78;VIT78;---;0660;;;N;Y;N;;;;;FX;GNS;FPO;;;;;6.85;0.00;1.00;0.00;0.00;59.00;0.00;3;2013-11-25;MFL;;;PA;1987-01-01
DEU;DEU000940628;;RET;1992-02-04;1992-02-04;GOEH001;GOEH001;---;0628;;;N;N;N;;;;;FX;GNS;LLS;;;;;5.50;0.00;0.00;2.11;0.00;5.00;0.00;;1989-12-18;C19;;;PA;
DEU;DEU000940655;;RET;1992-01-13;1992-01-13;DAS001;DAS001;---;0655;;;N;N;N;;;;;FX;GNS;LLS;;;;;14.08;0.00;0.00;14.01;0.00;44.00;0.00;;1935-08-18;C19;;;PA;
DEU;DEU000950300;;MOD;2022-04-20;2100-12-31;GRE9;GRE9;ODIN;DEGRE;Greetsiel;DCBG;Y;Y;Y;Y;;Y;211545000;TU;TBB;FPO;OTB;;;;18.69;16.50;44.00;0.00;0.00;221.00;0.00;2;1978-07-07;MFL;;;;1978-01-01
DEU;DEU000950602;;RET;1993-07-05;1993-07-05;SAS8;SAS8;---;0602;;;N;N;N;;;;;FX;GNS;LLS;;;;;6.00;0.00;0.00;3.10;0.00;29.00;0.00;;1991-03-07;C19;;;PA;
DEU;DEU000950604;;RET;2011-09-14;2011-09-14;BOI7;BOI7;---;0604;;;N;N;N;;;;;FX;GNS;LLS;;;;;7.40;0.00;2.00;3.26;0.00;14.00;0.00;3;1998-06-19;MFL;;;PA;1993-01-01
DEU;DEU000950612;;MOD;2020-10-12;2100-12-31;THI2;THI2;WIKING;0612;;DMPW;Y;Y;N;N;;N;;GO;GNS;LLS;;;;;11.95;9.95;15.00;0.00;0.00;162.00;0.00;3;2000-02-21;MFL;;;;2000-01-01
DEU;DEU000950614;;RET;2010-01-29;2010-01-29;KROE10;KROE10;---;0614;;;N;N;N;;;;;FX;GNS;LLS;;;;;4.10;0.00;1.00;1.20;0.00;6.00;0.00;3;1995-07-18;MFL;;;PA;1995-01-01
DEU;DEU000950615;;MOD;2020-09-24;2100-12-31;GAG21;GAG21;---;0615;;;N;Y;N;N;;N;;GO;GNS;LLS;;;;;4.46;0.00;1.00;0.00;0.00;4.00;0.00;1;1991-01-28;MFL;;;;1970-01-01
DEU;DEU000950617;;RET;2017-09-08;2017-09-08;VIT79;VIT79;---;0617;;;N;N;N;;;;;FX;GNS;FPO;;;;;5.06;0.00;1.00;0.00;0.00;19.00;0.00;3;2015-05-27;MFL;;;PA;2015-01-01
DEU;DEU000950655;;RET;1995-08-23;1995-08-23;DAS003;DAS003;PETER;0655;;;N;N;N;;;;;FX;GNS;LLS;;;;;9.95;9.10;7.00;7.07;0.00;37.00;0.00;;1948-04-11;C19;;;PA;
DEU;DEU000950656;;RET;2023-07-17;2023-07-17;ZIT2A;ZIT2A;---;DELZW;Lietzow;;N;N;N;N;N;N;;GO;GNS;LLS;;;;;4.20;0.00;1.00;0.00;0.00;5.00;0.00;3;1992-02-11;MFL;;;PA;1991-01-01
DEU;DEU000960300;;MOD;2021-02-17;2100-12-31;NEU232;NEU232;MOEWE;DENHS;Neuharlingersiel;DCET;Y;Y;Y;Y;;Y;211671000;TU;TBB;OTB;;;;;17.07;15.31;45.00;0.00;0.00;190.00;0.00;2;1980-05-01;MFL;;;;1980-01-01
DEU;DEU000960602;;RET;2001-02-26;2001-02-26;SAS8A;SAS8A;---;0602;;;N;N;N;;;;;FX;GNS;LLS;;;;;3.80;0.00;1.00;1.02;0.00;4.00;0.00;;1991-03-07;4C1;;;PA;
DEU;DEU000960604;;MOD;2020-03-11;2100-12-31;RER55;RER55;---;0651;;;N;Y;N;N;;N;;GO;GNS;FPO;;;;;5.00;0.00;1.00;0.00;0.00;15.00;0.00;3;2002-08-12;MFL;;;;2002-01-01
DEU;DEU000960612;;RET;2007-01-24;2007-01-24;THI5Z;THI5Z;---;0612;;;N;N;N;;;;;FX;GNS;LLS;;;;;3.30;0.00;1.00;0.00;0.00;4.00;0.00;3;2000-07-10;MFL;;;PA;2000-01-01
DEU;DEU000960614;;RET;2011-05-27;2011-05-27;FRE64;FRE64;---;0614;;;N;N;N;;;;;FX;GNS;LLS;;;;;7.48;0.00;2.00;0.00;0.00;6.00;0.00;1;1996-02-22;MFL;;;PA;1996-01-01
DEU;DEU000960615;;RET;2006-03-09;2006-03-09;ARE17BN;ARE17BN;---;0615;;;N;N;N;;;;;FX;GNS;NO;;;;;4.52;0.00;1.00;1.45;0.00;3.00;0.00;1;1984-08-10;MFL;;;PA;1978-01-01
DEU;DEU000960617;;CST;2015-06-29;2100-12-31;VIT80N;VIT80N;---;0617;;;N;Y;N;;;;;FX;GNS;FPO;;;;;4.70;0.00;1.00;0.00;0.00;11.00;0.00;3;2015-06-29;MFL;;;PA;2015-01-01
DEU;DEU000960655;;RET;1994-10-10;1994-10-10;DAS004;DAS004;---;0655;;;N;N;N;;;;;FX;GNS;LLS;;;;;5.10;0.00;0.00;1.83;0.00;7.00;0.00;;1948-09-12;C19;;;PA;
DEU;DEU000970300;;MOD;2024-03-06;2100-12-31;SPI7;SPI7;POSEIDON;DESNV;Spieka-Neufeld;DCWF;Y;Y;Y;Y;N;Y;;TU;TBB;OTB;;;;;15.39;13.80;22.00;0.00;0.00;129.00;0.00;1;1968-03-15;MFL;;;;1968-01-01
DEU;DEU000970602;;RET;2002-12-16;2002-12-16;LIZ5;LIZ5;---;0656;;;N;N;N;;;;;FX;GNS;LLS;;;;;3.80;0.00;1.00;1.02;0.00;4.00;0.00;;1992-03-16;4C1;;;PA;
DEU;DEU000970604;;RET;1991-07-28;1991-07-28;RED001;RED001;---;0604;;;N;N;N;;;;;FX;GNS;LLS;;;;;8.00;0.00;0.00;4.52;0.00;33.00;0.00;;1929-02-14;4;;;PA;
DEU;DEU000970612;;RET;2003-05-05;2003-05-05;THI23Z;THI23Z;---;0612;;;N;N;N;;;;;FX;GNS;LLS;;;;;4.65;0.00;1.00;0.00;0.00;15.00;0.00;3;2000-07-10;MFL;;;PA;2000-01-01
DEU;DEU000970614;;MOD;2020-02-15;2100-12-31;LAS17N;LAS17N;---;0616;;;N;Y;N;N;;N;;GO;GNS;LLS;;;;;8.45;7.65;3.00;0.00;0.00;31.00;0.00;3;1996-03-05;MFL;;;;1996-01-01
DEU;DEU000970615;;MOD;2020-09-24;2100-12-31;GAG48;GAG48;---;0615;;;N;Y;N;N;;N;;GO;GNS;LLS;;;;;6.00;0.00;1.00;0.00;0.00;7.00;0.00;3;1995-07-19;MFL;;;;1990-01-01
DEU;DEU000970617;;RET;2020-12-31;2020-12-31;VIT81;VIT81;---;0617;;;N;N;N;N;;N;;GO;GNS;LLS;;;;;7.25;0.00;3.00;0.00;0.00;31.00;0.00;3;2015-10-26;MFL;;;PA;2015-01-01
DEU;DEU000970655;;RET;2022-01-01;2022-01-01;DAS002BN;DAS002BN;---;DEMVD;Dassow;;N;N;N;N;;N;;WOP;FPO;NO;;;;;7.48;0.00;1.00;0.00;0.00;4.00;0.00;1;1958-04-13;MFL;;;PA;1958-01-01
DEU;DEU000970656;;MOD;2021-05-05;2100-12-31;LAU48;LAU48;---;DELAK;"Lauterbach"", Rügen";;N;Y;N;N;;N;;GO;GNS;LLS;;;;;9.43;8.68;5.00;0.00;0.00;67.00;0.00;3;1992-12-15;MFL;;;;1989-01-01
DEU;DEU000980300;;MOD;2014-01-30;2100-12-31;GRE34;GRE34;EMILLY-SOPHIA;0308;;DLZN;Y;Y;Y;;;;;FX;TBB;OTB;;;;;19.33;16.75;48.00;44.43;0.00;221.00;0.00;2;1973-03-01;MFL;;;;1963-01-01
DEU;DEU000980602;;RET;2008-03-17;2008-03-17;SH5;SH5;HERINGSHAI;0207;;DQHP;Y;N;Y;;;;;FX;OTB;PTB;;;;;23.86;20.40;205.00;121.93;0.00;478.00;0.00;2;1993-06-01;MFL;;;PA;1993-01-01
DEU;DEU000980604;;MOD;2018-02-01;2100-12-31;BOI9N;BOI9N;---;0604;;;N;Y;N;N;;N;;GO;GNS;FPO;;;;;5.06;0.00;1.00;0.00;0.00;6.00;0.00;3;2005-12-01;MFL;;;;2005-01-01
DEU;DEU000980612;;RET;2015-10-16;2015-10-16;KAR50N;KAR50N;ERNI;0606;;;N;N;N;;;;;FX;GNS;LLS;;;;;4.25;0.00;1.00;0.00;0.00;10.00;0.00;3;2000-08-17;MFL;;;PA;2000-01-01
DEU;DEU000980614;;MOD;2024-07-01;2100-12-31;FRE54;FRE54;---;DEFRJ;Freest;;N;Y;N;N;Y;N;;GO;GNS;LLS;;;;;5.20;0.00;1.00;0.00;0.00;22.00;0.00;3;1996-07-01;MFL;;;;1996-01-01
DEU;DEU000980615;;RET;2009-08-13;2009-08-13;GAG31;GAG31;---;0615;;;N;N;N;;;;;FX;GNS;LLS;;;;;4.52;0.00;1.00;0.00;0.00;0.00;0.00;1;1996-04-26;MFL;;;PA;1987-01-01
DEU;DEU000980617;;MOD;2023-01-01;2100-12-31;VIT38N;VIT38N;---;DEVT2;Vitte;;N;Y;N;N;;N;;GO;GNS;FPO;;;;;4.55;0.00;1.00;0.00;0.00;19.00;0.00;3;2016-06-09;MFL;;;;2016-01-01
DEU;DEU000980654;;RET;1993-03-18;1993-03-18;TAR002;TAR002;---;0654;;;N;N;N;;;;;FX;GNS;LLS;;;;;5.00;0.00;0.00;1.76;0.00;11.00;0.00;;1968-05-17;C19;;;PA;
DEU;DEU000980655;;MOD;2024-06-01;2100-12-31;TAR7;TAR7;JULCHEN;DETAZ;Tarnewitz;;N;Y;N;N;Y;N;;GO;GNS;LLS;;;;;8.47;8.27;3.00;0.00;0.00;37.00;0.00;3;1995-08-22;MFL;;;;1987-01-01
DEU;DEU000980656;;MOD;2022-11-01;2100-12-31;ZIT2;ZIT2;Scholle;DELZW;Lietzow;;N;Y;N;N;;N;;GO;GNS;LLS;;;;;7.17;6.57;1.00;0.00;0.00;13.00;0.00;3;1993-02-11;MFL;;;;1992-01-01
DEU;DEU000990300;;RET;1996-06-10;1996-06-10;DIT1;DIT1;BERENDINE;DEDIT;Ditzum;DCSY;Y;N;N;;;;;TUB;TBB;OTB;;;;;15.25;14.10;0.00;20.57;0.00;188.00;0.00;1;1966-03-29;C11;;;PA;1965-01-01
DEU;DEU000990602;;MOD;2019-03-08;2100-12-31;TRA16;TRA16;STINT II;0203;;DH8966;Y;Y;N;N;;N;;GO;GNS;LLS;;;;;9.30;9.02;7.00;0.00;0.00;33.00;0.00;3;1993-04-19;MFL;;;PA;1993-01-01
DEU;DEU000990612;;MOD;2020-10-12;2100-12-31;THI31;THI31;---;0612;;;N;Y;N;N;;N;;GO;GNS;LLS;;;;;4.93;0.00;1.00;0.00;0.00;8.00;0.00;3;2002-02-04;MFL;;;;2002-01-01
DEU;DEU000990614;;RET;2007-12-10;2007-12-10;FRE67;FRE67;---;0614;;;N;N;N;;;;;FX;GNS;LLS;;;;;4.05;0.00;1.00;1.15;0.00;4.00;0.00;3;1996-07-04;MFL;;;PA;1988-01-01
DEU;DEU000990615;;RET;2007-07-02;2007-07-02;ARE16;ARE16;---;0615;;;N;N;N;;;;;FX;GNS;LLS;;;;;5.23;0.00;1.00;1.93;0.00;4.00;0.00;1;1997-04-14;MFL;;;PA;1997-01-01
DEU;DEU000990617;;MOD;2024-01-01;2100-12-31;VIT82;VIT82;---;DEVT2;Vitte;;N;Y;N;N;Y;N;;WOP;GNS;FPO;;;;;5.30;0.00;1.00;0.00;0.00;19.00;0.00;3;2016-11-01;MFL;;;;2016-01-01
DEU;DEU000990651;;RET;2007-08-16;2007-08-16;RER012N;RER012N;---;0651;;;N;N;N;;;;;FX;GNS;LLS;;;;;5.50;0.00;1.00;2.13;0.00;0.00;0.00;1;1990-10-03;MFL;;;PA;1990-01-01
DEU;DEU000990655;;RET;2021-02-01;2021-02-01;DAS1N;DAS1N;---;DEMVD;Dassow;;N;N;N;N;;N;;GO;GNS;FPO;;;;;4.62;0.00;1.00;0.00;0.00;5.00;0.00;3;2008-11-27;MFL;;;PA;2007-01-01
DEU;DEU000990656;;RET;2010-11-26;2010-11-26;LIZ3N;LIZ3N;---;0656;;;N;N;N;;;;;FX;GNS;LLS;;;;;5.50;0.00;1.00;2.13;0.00;5.00;0.00;2;1987-06-03;MFL;;;PA;1987-01-01
DEU;DEU001000300;;RET;1996-07-23;1996-07-23;DIT2;DIT2;ANNAEUS BRUHNS;0315;;DCIC;Y;N;N;;;;;FX;TBB;OTB;;;;;15.30;14.10;0.00;21.69;0.00;110.00;0.00;;1971-04-15;4;;;PA;
DEU;DEU001000602;;RET;2007-02-05;2007-02-05;SAS28A;SAS28A;---;0602;;;N;N;N;;;;;FX;GNS;NO;;;;;4.80;0.00;1.00;0.00;0.00;0.00;0.00;1;1975-07-06;MFL;;;PA;1975-01-01
DEU;DEU001000612;;MOD;2020-10-12;2100-12-31;KZI27N;KZI27N;---;0663;;;N;Y;N;N;;N;;GO;GNS;LLS;;;;;4.26;0.00;1.00;0.00;0.00;4.00;0.00;3;2003-07-11;MFL;;;;1981-01-01
DEU;DEU001000614;;RET;2000-02-10;2000-02-10;FRE68;FRE68;STUEBBER;0614;;;N;N;N;;;;;FX;GNS;LLS;;;;;7.50;7.42;3.00;3.97;0.00;22.00;0.00;;1996-09-02;4C1;;;PA;
DEU;DEU001000615;;RET;2007-03-02;2007-03-02;GAG17;GAG17;---;0615;;;N;N;N;;;;;FX;GNS;LLS;;;;;4.20;0.00;1.00;0.00;0.00;4.00;0.00;3;1998-03-26;MFL;;;PA;1998-01-01
DEU;DEU001000617;;MOD;2018-05-14;2100-12-31;VIT83;VIT83;---;0617;;;N;Y;N;N;;N;;WOP;FPO;GNS;;;;;5.30;0.00;1.00;0.00;0.00;19.00;0.00;3;2017-09-08;MFL;;;;2017-01-01
DEU;DEU001000651;;RET;2009-04-28;2009-04-28;RER12BN;RER12BN;NORDSTERN;0651;;;N;N;N;;;;;FX;GNS;LLS;;;;;5.49;0.00;1.00;2.09;0.00;6.00;0.00;3;1990-10-03;MFL;;;PA;1990-01-01
DEU;DEU001000656;;RET;1998-07-30;1998-07-30;LI7N;LI7N;---;0656;;;N;N;N;;;;;FX;GNS;NO;;;;;5.50;0.00;1.00;2.13;0.00;6.00;0.00;;1986-04-30;4C1;;;PA;
DEU;DEU001010300;;RET;2008-10-20;2008-10-20;CUX2;CUX2;JAN JANSHEN BRUHNS;DECUX;Cuxhaven;DCSR;Y;N;Y;;;;;TUB;TBB;OTB;;;;;15.39;13.80;21.00;20.57;0.00;151.00;0.00;1;1965-12-03;MFL;;;PA;1965-01-01
DEU;DEU001010400;;RET;1992-08-17;1992-08-17;ABH3;ABH3;ODIN I;DEBKE;Brake;DJCG;Y;N;N;;;;;TUB;TBB;NK;;;;;20.56;18.95;0.00;49.89;0.00;219.00;0.00;2;1986-09-01;C12;;;PA;1963-01-01
DEU;DEU001010602;;DES;1997-09-12;1997-09-12;SAS2N;SAS2N;---;0602;;;N;N;N;;;;;FX;GNS;LLS;;;;;5.05;0.00;2.00;1.80;0.00;17.00;0.00;;1991-02-12;4C1;;;PA;
DEU;DEU001010612;;RET;2022-05-03;2022-05-03;THI26;THI26;---;DETS2;Thiessow;;N;N;N;N;;N;;GO;GNS;LLS;;;;;6.76;0.00;3.00;0.00;0.00;23.00;0.00;1;2003-12-11;MFL;;;PA;2003-01-01
DEU;DEU001010614;;RET;2010-06-15;2010-06-15;FRE70N;FRE70N;---;0614;;;N;N;N;;;;;FX;GNS;LLS;;;;;5.00;0.00;1.00;1.76;0.00;11.00;0.00;3;1997-09-04;MFL;;;PA;1997-01-01
DEU;DEU001010615;;RET;2011-12-31;2011-12-31;GAG32N;GAG32N;---;0615;;;N;N;N;;;;;FX;GNS;LLS;;;;;4.00;0.00;1.00;1.13;0.00;4.00;0.00;3;1998-05-26;MFL;;;PA;1998-01-01
DEU;DEU001010617;;MOD;2021-09-01;2100-12-31;VIT90N;VIT90N;---;DEVT2;Vitte;;N;Y;N;N;;N;;GO;GNS;FPO;;;;;5.30;0.00;1.00;0.00;0.00;22.00;0.00;3;2020-03-01;MFL;;;;2020-01-01
DEU;DEU001010652;;RET;1995-03-07;1995-03-07;POE003;POE003;RAMONA;0652;;;N;N;N;;;;;FX;GNS;LLS;;;;;9.00;0.00;0.00;5.26;0.00;37.00;0.00;;1965-01-02;C19;;;PA;
DEU;DEU001010656;;RET;2007-08-13;2007-08-13;BUS3;BUS3;---;0656;;;N;N;N;;;;;FX;GNS;NO;;;;;4.32;0.00;1.00;1.28;0.00;6.00;0.00;1;1971-03-09;MFL;;;PA;1971-01-01
DEU;DEU001020300;;RET;2008-08-26;2008-08-26;NOR213;NOR213;NORDSEE;DENOE;Norddeich;DCPV;Y;N;Y;;;;;TUB;TBB;OTB;;;;;15.17;13.80;21.00;20.57;0.00;214.00;0.00;1;1964-09-13;MFL;;;PA;1964-01-01
DEU;DEU001020602;;RET;2007-02-13;2007-02-13;SAS13N;SAS13N;---;0602;;;N;N;N;;;;;FX;GNS;LLS;;;;;4.88;0.00;1.00;0.00;0.00;10.00;0.00;3;1991-02-26;MFL;;;PA;1991-01-01
DEU;DEU001020612;;DES;2022-03-14;2022-03-14;THI4;THI4;GRAF;DETS2;Thiessow;;N;N;N;N;;N;;LL;LLS;GNS;;;;;9.00;7.50;12.00;0.00;0.00;135.00;0.00;2;2004-09-29;MFL;;;AC;2004-01-01
DEU;DEU001020614;;RET;2008-03-25;2008-03-25;FRE72;FRE72;---;0614;;;N;N;N;;;;;FX;GNS;LLS;;;;;4.05;0.00;1.00;1.13;0.00;5.00;0.00;3;1998-05-14;MFL;;;PA;1986-01-01
DEU;DEU001020615;;RET;2007-11-13;2007-11-13;GAG26;GAG26;---;0615;;;N;N;N;;;;;FX;GNS;LLS;;;;;4.70;0.00;1.00;1.20;0.00;7.00;0.00;3;1998-07-22;MFL;;;PA;1998-01-01
DEU;DEU001020617;;CHA;2022-08-01;2100-12-31;VIT84N;VIT84N;---;DEVT2;Vitte;;N;Y;N;N;;N;;GO;LLS;FPO;;;;;4.70;0.00;1.00;0.00;0.00;22.00;0.00;3;2022-08-01;MFL;;;PA;2009-01-01
DEU;DEU001020651;;RET;2000-07-20;2000-07-20;RER002A;RER002A;---;0651;;;N;N;N;;;;;FX;GNS;GNS;;;;;4.50;0.00;1.00;1.43;0.00;0.00;0.00;;1983-10-19;4C1;;;PA;
DEU;DEU001020656;;RET;2018-02-20;2018-02-20;POL3A;POL3A;---;0656;;;N;N;N;N;;N;;GO;GNS;LLS;;;;;4.56;0.00;1.00;0.00;0.00;15.00;0.00;3;1991-12-31;MFL;;;PA;1984-01-01
DEU;DEU001030300;;RET;1996-04-09;1996-04-09;DIT6;DIT6;HEIKE;DEDIT;Ditzum;DCRE;Y;N;N;;;;;TUB;TBB;OTB;;;;;15.25;14.01;0.00;20.57;0.00;170.00;0.00;1;1965-03-04;C11;;;PA;1964-01-01
DEU;DEU001030602;;RET;1995-09-01;1995-09-01;SAS11N;SAS11N;---;0602;;;N;N;N;;;;;FX;GNS;LLS;;;;;5.80;0.00;1.00;2.37;0.00;23.00;0.00;;1991-07-11;C19;;;PA;
DEU;DEU001030612;;MOD;2020-10-12;2100-12-31;KZI28N;KZI28N;---;0663;;;N;Y;N;N;;N;;GO;GNS;LLS;;;;;4.22;0.00;1.00;0.00;0.00;5.00;0.00;3;2005-03-22;MFL;;;;2000-01-01
DEU;DEU001030614;;MOD;2024-11-01;2100-12-31;KAM13;KAM13;---;DEKAV;Kamminke;;N;Y;N;N;Y;N;;GO;GNS;LLS;;;;;8.25;0.00;2.00;0.00;0.00;44.00;0.00;3;1999-12-08;MFL;;;;1979-01-01
DEU;DEU001030615;;CHA;2025-01-01;2100-12-31;ARE19N;ARE19N;---;DEGXG;Gager;;N;N;N;N;Y;N;;GO;GNS;LLS;;;;;4.88;0.00;1.00;0.00;0.00;11.00;0.00;3;1997-02-18;MFL;;;PA;1997-01-01
DEU;DEU001030651;;RET;1998-07-22;1998-07-22;RER040A;RER040A;---;0651;;;N;N;N;;;;;FX;GNS;GNS;;;;;5.00;0.00;1.00;1.77;0.00;0.00;0.00;;1985-04-14;4C1;;;PA;
DEU;DEU001030656;;RET;2008-12-08;2008-12-08;LIZ1N;LIZ1N;---;0656;;;N;N;N;;;;;FX;GNS;LLS;;;;;5.50;0.00;1.00;2.13;0.00;6.00;0.00;3;1998-07-30;MFL;;;PA;1986-01-01
DEU;DEU001040300;;RET;1992-08-17;1992-08-17;DIT7;DIT7;LINY;0315;;;N;N;N;;;;;FX;GNS;NO;;;;;8.00;6.96;0.00;3.64;0.00;16.00;0.00;;1973-10-01;C19;;;PA;
DEU;DEU001040602;;RET;2007-02-05;2007-02-05;SAS14N;SAS14N;---;0602;;;N;N;N;;;;;FX;GNS;LLS;;;;;5.50;0.00;1.00;0.00;0.00;7.00;0.00;1;1991-10-29;MFL;;;PA;1991-01-01
DEU;DEU001040612;;MOD;2024-11-01;2100-12-31;VIT87;VIT87;---;DEVT2;Vitte;;N;Y;N;N;Y;N;;GO;GNS;LLS;;;;;5.05;0.00;1.00;0.00;0.00;30.00;0.00;3;2006-02-01;MFL;;;PA;2005-01-01
DEU;DEU001040614;;RET;2011-09-19;2011-09-19;FRE73;FRE73;---;0614;;;N;N;N;;;;;FX;GNS;LLS;;;;;4.20;0.00;1.00;0.00;0.00;6.00;0.00;3;2000-01-24;MFL;;;PA;1984-01-01
DEU;DEU001040615;;RET;2003-05-05;2003-05-05;GAG37Z;GAG37Z;---;0615;;;N;N;N;;;;;FX;GNS;NK;;;;;4.39;0.00;1.00;1.10;0.00;3.00;0.00;3;1999-06-01;MFL;;;PA;1999-01-01
DEU;DEU001040651;;RET;1994-10-12;1994-10-12;RER025A;RER025A;---;0651;;;N;N;N;;;;;FX;GNS;GNS;;;;;3.20;0.00;0.00;0.72;0.00;0.00;0.00;;1965-03-19;C19;;;PA;
DEU;DEU001040656;;RET;2015-10-02;2015-10-02;LIZ4;LIZ4;---;0656;;;N;N;N;;;;;FX;GNS;LLS;;;;;3.90;0.00;1.00;0.00;0.00;8.00;0.00;3;2001-10-26;MFL;;;PA;2001-01-01
DEU;DEU001050300;;RET;1992-08-17;1992-08-17;DIT8;DIT8;VENUS;0315;;;N;N;N;;;;;FX;GNS;NO;;;;;8.00;6.96;0.00;3.64;0.00;21.00;0.00;;1973-10-01;C19;;;PA;
DEU;DEU001050602;;RET;1995-08-01;1995-08-01;SAS4N;SAS4N;---;0602;;;N;N;N;;;;;FX;GNS;NK;;;;;4.80;0.00;0.00;1.63;0.00;3.00;0.00;;1952-04-17;C19;;;PA;
DEU;DEU001050612;;RET;2013-05-13;2013-05-13;KZI30;KZI30;---;0663;;;N;Y;N;;;;;FX;GNS;LLS;;;;;4.30;0.00;1.00;0.00;0.00;8.00;0.00;3;2007-09-20;MFL;;;PA;2006-01-01
DEU;DEU001050614;;MOD;2019-12-31;2100-12-31;FRE76N;FRE76N;---;DEFRJ;Freest;;N;Y;N;N;Y;N;;GO;GNS;LLS;;;;;4.00;0.00;1.00;0.00;0.00;7.00;0.00;3;2001-02-07;MFL;;;;2001-01-01
DEU;DEU001050615;;RET;2008-05-05;2008-05-05;LAU36N;LAU36N;---;0607;;;N;N;N;;;;;FX;GNS;LLS;;;;;4.63;0.00;1.00;0.00;0.00;4.00;0.00;3;1999-12-11;MFL;;;PA;1999-01-01
DEU;DEU001050651;;RET;2018-01-01;2018-01-01;RER028AN;RER028AN;---;0651;;;N;N;N;N;;N;;GO;GNS;LLS;;;;;4.60;0.00;1.00;0.00;0.00;6.00;0.00;1;1950-07-16;MFL;;;PA;1950-01-01
DEU;DEU001050656;;RET;2022-11-21;2022-11-21;ZIT3N;ZIT3N;---;DELZW;Lietzow;;N;N;N;N;;N;;GO;GNS;LLS;;;;;4.20;0.00;1.00;0.00;0.00;2.00;0.00;3;2001-12-12;MFL;;;PA;1994-01-01
DEU;DEU001060300;;RET;1992-08-17;1992-08-17;DIT10;DIT10;DOLLART;0315;;;N;N;N;;;;;FX;GNS;NO;;;;;8.00;6.96;0.00;3.64;0.00;22.00;0.00;;1973-10-01;C19;;;PA;
DEU;DEU001060602;;MOD;2021-10-15;2100-12-31;SAS72;SAS72;KÄTHE HENKE;DESAS;Sassnitz;;N;Y;N;N;N;N;;LL;LLS;FPO;;;;;7.86;0.00;2.00;0.00;0.00;27.00;0.00;3;1991-01-10;MFL;;;;1982-01-01
DEU;DEU001060612;;MOD;2024-01-01;2100-12-31;THI33;THI33;---;DETS2;Thiessow;;N;Y;N;N;Y;N;;GO;GNS;LLS;;;;;5.23;0.00;1.00;0.00;0.00;0.00;0.00;1;2009-01-21;MFL;;;;1987-01-01
DEU;DEU001060614;;MOD;2016-02-04;2100-12-31;FRE77N;FRE77N;---;0614;;;N;Y;N;;;;;FX;GNS;LLS;;;;;4.25;0.00;1.00;0.00;0.00;7.00;0.00;3;2001-02-07;MFL;;;;1999-01-01
DEU;DEU001060615;;RET;2024-12-31;2024-12-31;ARE5N;ARE5N;UTE;DEGXG;Gager;DBQY;Y;N;N;N;N;N;;GO;GNS;LLS;;;;;10.25;8.90;9.00;0.00;0.00;125.00;0.00;4;2000-02-22;MFL;;;PA;2000-01-01
DEU;DEU001060651;;RET;2003-02-03;2003-02-03;RER036A;RER036A;---;0651;;;N;N;N;;;;;FX;GNS;LLS;;;;;4.50;0.00;1.00;1.43;0.00;11.00;0.00;1;1970-07-13;MFL;;;PA;1970-01-01
DEU;DEU001060656;;RET;2005-09-29;2005-09-29;LIZ8;LIZ8;---;0656;;;N;N;N;;;;;FX;GNS;LLS;;;;;5.20;0.00;1.00;0.00;0.00;7.00;0.00;2;2002-12-16;MFL;;;PA;1982-01-01
DEU;DEU001070300;;RET;1992-08-17;1992-08-17;DIT14;DIT14;GRETCHEN;0315;;;N;N;N;;;;;FX;GNS;NO;;;;;6.90;6.00;0.00;3.36;0.00;21.00;0.00;;1971-03-15;C19;;;PA;
DEU;DEU001070602;;RET;2009-12-01;2009-12-01;POE45N;POE45N;---;0653;;;N;N;N;;;;;FX;GNS;LLS;;;;;4.56;0.00;1.00;0.00;0.00;17.00;0.00;3;1995-08-01;MFL;;;PA;1994-01-01
DEU;DEU001070612;;MOD;2022-12-16;2100-12-31;KZI7N;KZI7N;---;DETS2;Thiessow;;N;Y;N;N;Y;N;;GO;GNS;LLS;;;;;5.03;0.00;1.00;0.00;0.00;22.00;0.00;3;2011-09-30;MFL;;;;2010-01-01
DEU;DEU001070614;;RET;2009-03-13;2009-03-13;FRE80;FRE80;---;0614;;;N;N;N;;;;;FX;GNS;LLS;;;;;7.04;0.00;2.00;0.00;0.00;26.00;0.00;1;2002-03-05;MFL;;;PA;1977-01-01
DEU;DEU001070615;;RET;2022-10-25;2022-10-25;SK2;SK2;STRANDE II;DESTD;Strande;DBQZ;Y;N;N;N;;Y;211548100;GO;GNS;LLS;;;;;10.74;9.74;10.00;0.00;0.00;113.00;0.00;3;2000-02-24;MFL;;;PA;2000-01-01
DEU;DEU001070651;;RET;2007-01-31;2007-01-31;RER008A;RER008A;---;0651;;;N;N;N;;;;;FX;GNS;NK;;;;;4.55;0.00;1.00;0.00;0.00;11.00;0.00;3;1960-06-19;MFL;;;PA;1960-01-01
DEU;DEU001070656;;RET;2014-05-06;2014-05-06;POL9;POL9;---;0656;;;N;N;N;;;;;FX;GNS;LLS;;;;;4.37;0.00;1.00;0.00;0.00;31.00;0.00;3;2004-10-20;MFL;;;PA;2003-01-01
DEU;DEU001080300;;RET;1992-08-17;1992-08-17;DIT15;DIT15;DELPHIN;0315;;;N;N;N;;;;;FX;GNS;NO;;;;;6.90;6.00;0.00;3.36;0.00;21.00;0.00;;1971-03-15;C19;;;PA;
DEU;DEU001080602;;RET;2003-04-10;2003-04-10;SAS12N;SAS12N;---;0602;;;N;N;N;;;;;FX;GNS;NK;;;;;6.80;0.00;2.00;4.36;0.00;18.00;0.00;3;1995-09-04;MFL;;;PA;1966-01-01
DEU;DEU001080612;;MOD;2024-01-01;2100-12-31;THI50;THI50;---;DETS2;Thiessow;;N;Y;N;N;Y;N;;GO;GNS;FPO;;;;;5.48;0.00;1.00;0.00;0.00;29.00;0.00;3;2012-01-11;MFL;;;;2011-01-01
DEU;DEU001080614;;MOD;2019-12-31;2100-12-31;FRE79N;FRE79N;---;0614;;;N;Y;N;N;;N;;GO;GNS;FPO;;;;;5.00;0.00;1.00;0.00;0.00;13.00;0.00;3;2002-03-11;MFL;;;;2002-01-01
DEU;DEU001080615;;MOD;2023-02-01;2100-12-31;GZI14;GZI14;CHRISTINE;DEGXG;Gager;;N;Y;N;N;Y;N;;GO;GNS;LLS;;;;;8.41;7.56;5.00;0.00;0.00;42.00;0.00;3;2000-07-11;MFL;;;;2000-01-01
DEU;DEU001080651;;RET;1994-08-09;1994-08-09;RER004A;RER004A;---;0651;;;N;N;N;;;;;FX;GNS;GNS;;;;;3.50;0.00;0.00;0.86;0.00;0.00;0.00;;1986-10-17;C19;;;PA;
DEU;DEU001080656;;CHA;2022-03-01;2100-12-31;GLO34;GLO34;---;DEGLY;Glowe;;N;Y;N;N;;N;;GO;GNS;FPO;;;;;5.50;0.00;1.00;0.00;0.00;38.00;0.00;3;2005-08-22;MFL;;;PA;2000-01-01
DEU;DEU001090300;;MOD;2015-02-05;2100-12-31;DIT18;DIT18;JAN BRUHNS;0315;;DETV;Y;Y;Y;;;;;FX;TBB;OTB;;;;;19.69;17.76;50.00;36.49;0.00;217.00;0.00;2;1983-10-10;MFL;;;;1983-01-01
DEU;DEU001090602;;DES;2001-11-08;2001-11-08;SAS104;SAS104;BELUGA;0602;;DQLK;Y;N;N;;;;;FX;OTM;OTB;;;;;17.58;15.45;85.00;85.00;0.00;219.00;0.00;;1996-05-28;4C3;;;PA;
DEU;DEU001090612;;RET;2022-05-09;2022-05-09;AHL42;AHL42;---;DEAHC;Ahlbeck;;N;N;N;N;;N;;GO;GNS;LLS;;;;;5.42;0.00;1.00;0.00;0.00;29.00;0.00;3;2013-09-04;MFL;;;PA;2011-01-01
DEU;DEU001090614;;RET;2019-12-31;2019-12-31;SPA18;SPA18;---;0614;;;N;N;N;N;;N;;GO;GNS;LLS;;;;;5.06;0.00;1.00;0.00;0.00;22.00;0.00;3;2002-10-01;MFL;;;PA;2002-01-01
DEU;DEU001090615;;RET;2020-09-28;2020-09-28;GZI13;GZI13;---;0615;;;N;N;N;N;;N;;GO;GNS;LLS;;;;;4.05;0.00;1.00;0.00;0.00;3.00;0.00;3;2000-10-09;MFL;;;PA;1986-01-01
DEU;DEU001090651;;RET;2006-12-22;2006-12-22;RER009AN;RER009AN;---;0651;;;N;N;N;;;;;FX;GNS;GNS;;;;;4.10;0.00;1.00;0.00;0.00;0.00;0.00;1;1968-08-17;MFL;;;PA;1968-01-01
DEU;DEU001090656;;RET;2008-06-06;2008-06-06;LIZ11;LIZ11;---;0656;;;N;N;N;;;;;FX;LLS;FPO;;;;;4.62;0.00;1.00;0.00;0.00;7.00;0.00;3;2005-09-29;MFL;;;PA;2001-01-01
DEU;DEU001100602;;RET;2012-08-10;2012-08-10;SAS22N;SAS22N;---;0602;;;N;N;N;;;;;FX;GNS;LLS;;;;;4.50;0.00;1.00;1.43;0.00;7.00;0.00;3;1996-07-01;MFL;;;PA;1996-01-01
DEU;DEU001100612;;RET;2016-05-10;2016-05-10;THI32;THI32;---;0612;;;N;N;N;;;;;FX;GNS;LLS;;;;;4.10;0.00;1.00;0.00;0.00;6.00;0.00;3;2014-04-29;MFL;;;PA;1987-01-01
DEU;DEU001100614;;RET;2024-09-30;2024-09-30;FRE81N;FRE81N;---;DEFRJ;Freest;;N;N;N;N;N;N;;GO;GNS;LLS;;;;;5.06;0.00;1.00;0.00;0.00;6.00;0.00;3;2003-02-04;MFL;;;PA;2003-01-01
DEU;DEU001100615;;RET;2020-03-23;2020-03-23;GAG40N;GAG40N;---;0615;;;N;N;N;N;;N;;GO;GNS;LLS;;;;;4.28;0.00;1.00;0.00;0.00;11.00;0.00;3;2000-12-18;MFL;;;PA;2000-01-01
DEU;DEU001100651;;RET;2007-11-06;2007-11-06;RER017AN;RER017AN;---;0651;;;N;N;N;;;;;FX;GNS;GNS;;;;;4.00;0.00;1.00;0.86;0.00;6.00;0.00;1;1984-06-13;MFL;;;PA;1984-01-01
DEU;DEU001100656;;MOD;2024-01-02;2100-12-31;LIZ13N;LIZ13N;---;DELZW;Lietzow;;N;Y;N;N;Y;N;;GO;GNS;LLS;;;;;4.32;0.00;1.00;0.00;0.00;7.00;0.00;3;2008-06-06;MFL;;;;2007-01-01
DEU;DEU001110300;;RET;2017-02-21;2017-02-21;SC21;SC21;LINE;0101;;DFPN;Y;N;Y;;;;;FX;TBB;OTB;;;;;23.88;22.32;119.00;0.00;0.00;221.00;0.00;2;1971-12-06;MFL;;;PA;1971-01-01
DEU;DEU001110602;;RET;2006-01-11;2006-01-11;SAS23N;SAS23N;---;0602;;;N;N;N;;;;;FX;GNS;LLS;;;;;5.00;0.00;1.00;1.76;0.00;5.00;0.00;1;1996-07-01;MFL;;;PA;1996-01-01
DEU;DEU001110612;;MOD;2020-10-07;2100-12-31;THI57;THI57;---;0612;;;N;Y;N;N;;N;;GO;GNS;LLS;;;;;5.60;0.00;1.00;0.00;0.00;44.00;0.00;3;2018-06-22;MFL;;;;2013-01-01
DEU;DEU001110614;;MOD;2019-01-01;2100-12-31;FRE83N;FRE83N;---;0614;;;N;Y;N;N;;N;;GO;GNS;LLS;;;;;5.06;0.00;1.00;0.00;0.00;18.00;0.00;3;2003-05-20;MFL;;;;2003-01-01
DEU;DEU001110615;;RET;2008-12-09;2008-12-09;GAG41Z;GAG41Z;NIXE;0615;;;N;N;N;;;;;FX;GNS;LLS;;;;;4.00;0.00;1.00;0.00;0.00;5.00;0.00;3;2002-01-02;MFL;;;PA;1994-01-01
DEU;DEU001110651;;RET;2004-06-07;2004-06-07;RER033A;RER033A;---;0651;;;N;N;N;;;;;FX;GNS;NK;;;;;5.00;0.00;1.00;1.76;0.00;15.00;0.00;1;1985-02-13;MFL;;;PA;1985-01-01
DEU;DEU001110656;;MOD;2021-05-01;2100-12-31;LIZ14;LIZ14;---;DELZW;Lietzow;;N;Y;N;N;;N;;LL;LLS;FPO;;;;;4.15;0.00;1.00;0.00;0.00;11.00;0.00;3;2012-12-14;MFL;;;;1989-01-01
DEU;DEU001120300;;EXP;1992-06-30;1992-06-30;NG3;NG3;NIEDERSACHSEN;0308;;DFOX;Y;N;N;;;;;FX;OTB;OTM;;;;;24.33;22.85;0.00;87.63;0.00;383.00;0.00;;1968-05-14;G16;NLD;EX;PA;
DEU;DEU001120602;;RET;2013-07-05;2013-07-05;SAS21N;SAS21N;---;0602;;;N;N;N;;;;;FX;GNS;LLS;;;;;6.00;0.00;1.00;1.00;0.00;6.00;0.00;1;1996-07-01;MFL;;;PA;1955-01-01
DEU;DEU001120612;;MOD;2023-01-01;2100-12-31;THI58N;THI58N;---;DETS2;Thiessow;;N;Y;N;N;;N;;GO;GNS;LLS;;;;;5.06;0.00;1.00;0.00;0.00;11.00;0.00;3;2019-03-07;MFL;;;;2018-01-01
DEU;DEU001120614;;RET;2006-07-25;2006-07-25;FRE84;FRE84;---;0614;;;N;N;N;;;;;FX;GNS;LLS;;;;;4.25;0.00;1.00;0.00;0.00;9.00;0.00;3;2003-08-05;MFL;;;PA;1979-01-01
DEU;DEU001120615;;RET;2007-12-27;2007-12-27;GAG42N;GAG42N;---;0615;;;N;N;N;;;;;FX;GNS;LLS;;;;;5.21;0.00;1.00;0.00;0.00;7.00;0.00;1;2002-03-14;MFL;;;PA;1979-01-01
DEU;DEU001120651;;RET;1994-10-24;1994-10-24;RER013A;RER013A;---;0651;;;N;N;N;;;;;FX;GNS;GNS;;;;;3.80;0.00;0.00;1.02;0.00;0.00;0.00;;1980-04-02;C19;;;PA;
DEU;DEU001120656;;MOD;2021-02-01;2100-12-31;LIZ15;LIZ15;---;DELZW;Lietzow;;N;Y;N;N;;N;;GO;GNS;LLS;;;;;4.80;0.00;1.00;0.00;0.00;29.00;0.00;3;2013-06-03;MFL;;;;2013-01-01
DEU;DEU001130300;;MOD;2015-07-22;2100-12-31;SW1;SW1;ELTJE LOODEN;0110;;DCKC;Y;Y;Y;;;;;FX;TBB;OTB;;;;;14.96;13.76;20.00;18.79;0.00;213.00;0.00;1;1958-01-10;MFL;;;PA;1957-01-01
DEU;DEU001130602;;RET;2007-06-11;2007-06-11;SAS24N;SAS24N;---;0602;;;N;N;N;;;;;FX;GNS;LLS;;;;;4.56;0.00;1.00;1.00;0.00;11.00;0.00;3;1996-08-30;MFL;;;PA;1993-01-01
DEU;DEU001130612;;MOD;2024-01-01;2100-12-31;THI59;THI59;---;DETS2;Thiessow;;N;Y;N;N;Y;N;;GO;GNS;LLS;;;;;6.20;0.00;2.00;0.00;0.00;85.00;0.00;3;2020-05-14;MFL;;;;2020-01-01
DEU;DEU001130614;;RET;2011-12-19;2011-12-19;FRE91;FRE91;---;0614;;;N;N;N;;;;;FX;GNS;LLS;;;;;9.75;0.00;7.00;0.00;0.00;65.00;0.00;2;2004-11-11;MFL;;;PA;2004-01-01
DEU;DEU001130615;;RET;2013-12-06;2013-12-06;GZI8;GZI8;---;0615;;;N;N;N;;;;;FX;GNS;LLS;;;;;5.32;0.00;1.00;0.00;0.00;5.00;0.00;1;2003-12-15;MFL;;;PA;1981-01-01
DEU;DEU001130653;;RET;1994-07-27;1994-07-27;POE025A;POE025A;---;0653;;;N;N;N;;;;;FX;GNS;GNS;;;;;5.00;0.00;0.00;1.76;0.00;0.00;0.00;;1987-10-19;C19;;;PA;
DEU;DEU001130656;;MOD;2018-05-15;2100-12-31;POL1;POL1;---;0668;;;N;Y;N;N;;N;;GO;GNS;LLS;;;;;5.51;0.00;1.00;0.00;0.00;37.00;0.00;3;2014-05-06;MFL;;;;2014-01-01
DEU;DEU001140300;;MOD;2013-04-01;2100-12-31;GRE1;GRE1;EDDE;0308;;DCSJ;Y;Y;Y;;;;;FX;TBB;OTB;;;;;15.55;13.80;21.00;20.57;0.00;146.00;0.00;1;1965-06-01;MFL;;;;1965-01-01
DEU;DEU001140602;;RET;2002-11-11;2002-11-11;SAS27;SAS27;CINDY;0602;;;N;N;N;;;;;FX;GNS;LLS;;;;;10.20;9.48;9.00;7.88;0.00;99.00;0.00;;1997-03-14;4C1;;;AC;
DEU;DEU001140612;;CHA;2022-06-01;2100-12-31;THI60;THI60;---;DETS2;Thiessow;;N;N;N;N;;N;;GO;GNS;LLS;;;;;4.32;0.00;1.00;0.00;0.00;6.00;0.00;3;2021-09-08;MFL;;;PA;2005-01-01
DEU;DEU001140614;;CHA;2012-07-06;2100-12-31;FRE93;FRE93;BRIGITTE II;0614;;;N;Y;N;;;;;FX;GNS;OTB;;;;;14.75;0.00;26.00;0.00;0.00;100.00;0.00;1;2005-11-14;MFL;;;PA;1939-01-01
DEU;DEU001140615;;MOD;2018-04-30;2100-12-31;SPA3;SPA3;SEESTERN;DEFRJ;Freest;;N;Y;N;N;Y;N;;GO;GNS;LLS;;;;;4.70;0.00;1.00;0.00;0.00;18.00;0.00;3;2004-06-18;MFL;;;;2004-01-01
DEU;DEU001140651;;RET;2017-01-01;2017-01-01;RER12AN;RER12AN;---;0651;;;N;N;N;;;;;FX;GNS;LLS;;;;;3.75;0.00;1.00;0.00;0.00;4.00;0.00;1;1988-07-16;MFL;;;PA;1988-01-01
DEU;DEU001140656;;RET;2021-10-20;2021-10-20;LIZ16;LIZ16;---;DELZW;Lietzow;;N;N;N;N;;N;;GO;GNS;LLS;;;;;7.20;0.00;1.00;0.00;0.00;11.00;0.00;2;2015-10-02;MFL;;;PA;1983-01-01
DEU;DEU001150300;;MOD;2017-11-20;2100-12-31;CUX16;CUX16;HORIZONT;0301;;DCMU;Y;Y;Y;;;;;FX;TBB;OTB;;;;;19.90;18.05;55.00;0.00;0.00;221.00;0.00;2;1984-05-22;MFL;;;;1984-01-01
DEU;DEU001150602;;CHA;2017-10-01;2100-12-31;ZEW26N;ZEW26N;---;0657;;;N;Y;N;;;;;FX;GNS;LLS;;;;;6.65;0.00;2.00;0.00;0.00;28.00;0.00;3;1997-11-01;MFL;;;PA;1978-01-01
DEU;DEU001150614;;MOD;2013-02-27;2100-12-31;FRE58N;FRE58N;---;0614;;;N;Y;N;;;;;FX;GNS;FPO;;;;;5.06;0.00;1.00;0.00;0.00;18.00;0.00;3;2007-01-24;MFL;;;PA;2007-01-01
DEU;DEU001150615;;RET;2006-05-29;2006-05-29;GAG44N;GAG44N;---;0615;;;N;N;N;;;;;FX;GNS;LLS;;;;;4.08;0.00;1.00;0.00;0.00;10.00;0.00;3;2004-07-30;MFL;;;PA;1988-01-01
DEU;DEU001150651;;DES;1992-08-19;1992-08-19;RER006;RER006;---;0651;;;N;N;N;;;;;FX;GNS;LLS;;;;;5.80;0.00;0.00;2.38;0.00;3.00;0.00;;1948-05-14;C19;;;PA;
DEU;DEU001150654;;RET;2017-04-01;2017-04-01;TAR008A;TAR008A;---;0654;;;N;N;N;;;;;FX;GNS;LLS;;;;;4.00;0.00;1.00;0.00;0.00;0.00;0.00;3;1970-07-14;MFL;;;PA;1970-01-01
DEU;DEU001150656;;MOD;2021-02-03;2100-12-31;POL10;POL10;---;DEGLY;Glowe;;N;Y;N;N;;N;;GO;GNS;LLS;;;;;5.53;0.00;1.00;0.00;0.00;45.00;0.00;3;2015-11-27;MFL;;;PA;2000-01-01
DEU;DEU001160300;;MOD;2015-01-08;2100-12-31;NOR202;NOR202;PIROLA;0304;;DCIL;Y;Y;Y;;;;;FX;TBB;OTB;;;;;16.97;15.26;45.00;0.00;0.00;216.00;0.00;2;1987-07-31;MFL;;;PA;1987-01-01
DEU;DEU001160602;;EXP;2011-04-19;2011-04-19;SH17;SH17;BÃ¤RBEL;0207;;DMOL;Y;N;N;;;;;FX;OTB;PTB;;;;;11.60;9.99;24.00;27.45;0.00;220.00;0.00;2;1997-11-18;MFL;FIN;EX;PA;1997-01-01
DEU;DEU001160614;;RET;2022-12-31;2022-12-31;ANK6N;ANK6N;---;DELSA;Lassan;;N;N;N;N;;N;;GO;GNS;FPO;;;;;5.06;0.00;1.00;0.00;0.00;19.00;0.00;3;2007-02-06;MFL;;;PA;2007-01-01
DEU;DEU001160615;;RET;2014-05-21;2014-05-21;GZI21;GZI21;---;0615;;;N;N;N;;;;;FX;GNS;LLS;;;;;6.02;0.00;1.00;0.00;0.00;0.00;0.00;1;2004-12-01;MFL;;;PA;1986-01-01
DEU;DEU001160654;;RET;1993-03-18;1993-03-18;TAR002A;TAR002A;---;0654;;;N;N;N;;;;;FX;GNS;GNS;;;;;4.00;0.00;0.00;1.13;0.00;6.00;0.00;;1972-06-14;C19;;;PA;
DEU;DEU001160656;;MOD;2021-02-01;2100-12-31;LIZ18;LIZ18;---;DELZW;Lietzow;;N;Y;N;N;;N;;GO;GNS;LLS;;;;;6.30;0.00;2.00;0.00;0.00;15.00;0.00;3;2018-04-01;MFL;;;;1998-01-01
DEU;DEU001170300;;RET;2015-07-14;2015-07-14;CUX11;CUX11;ALBATROS;0301;;DCJJ;Y;N;Y;;;;;FX;TBB;OTB;;;;;15.96;15.04;30.00;29.09;0.00;184.00;0.00;1;1971-03-15;MFL;;;PA;1971-01-01
DEU;DEU001170602;;RET;2004-03-15;2004-03-15;LIZ6;LIZ6;---;0656;;;N;N;N;;;;;FX;GNS;LLS;;;;;3.80;0.00;1.00;1.10;0.00;6.00;0.00;3;1998-03-06;MFL;;;PA;1992-01-01
DEU;DEU001170614;;CHA;2023-11-01;2100-12-31;FRE17;FRE17;---;DEFRJ;Freest;;N;Y;N;N;Y;N;;GO;GNS;FPO;;;;;4.55;0.00;1.00;0.00;0.00;30.00;0.00;3;2007-12-10;MFL;;;PA;2007-01-01
DEU;DEU001170615;;RET;2019-10-22;2019-10-22;GAG45N;GAG45N;---;0615;;;N;N;N;N;;N;;GO;GNS;LLS;;;;;4.70;0.00;1.00;0.00;0.00;11.00;0.00;3;2005-01-10;MFL;;;PA;2004-01-01
DEU;DEU001170654;;RET;2016-01-01;2016-01-01;TAR005AN;TAR005AN;---;0654;;;N;N;N;;;;;FX;GNS;NK;;;;;4.50;0.00;1.00;0.00;0.00;5.00;0.00;3;1960-07-19;MFL;;;PA;1960-01-01
DEU;DEU001170656;;MOD;2023-04-06;2100-12-31;POL11;POL11;---;DELZW;Lietzow;;N;Y;N;N;Y;N;;GO;GNS;LLS;;;;;5.60;0.00;1.00;0.00;0.00;30.00;0.00;3;2018-02-20;MFL;;;PA;1983-01-01
DEU;DEU001180300;;MOD;2022-10-28;2100-12-31;SU10;SU10;ARGUS;DEHUS;Husum;DCCH;Y;Y;Y;Y;;Y;211667470;TU;TBB;OTB;;;;;17.12;15.24;43.00;0.00;0.00;221.00;0.00;2;1979-04-22;MFL;;;;1979-01-01
DEU;DEU001180602;;EXP;2025-07-17;2025-07-17;SH11;SH11;Neptun;DEHHF;Heiligenhafen;DFGA;Y;N;N;N;N;Y;;TTW;OTB;GNS;;;;;11.83;9.99;15.00;0.00;0.00;133.00;0.00;3;1999-02-03;MFL;DNK;EX;PA;1999-01-01
DEU;DEU001180604;;RET;2013-03-27;2013-03-27;WIS004A;WIS004A;---;0604;;;N;N;N;;;;;FX;GNS;GNS;;;;;4.27;0.00;1.00;1.13;0.00;4.00;0.00;3;1980-05-07;MFL;;;PA;1980-01-01
DEU;DEU001180614;;RET;2024-05-31;2024-05-31;FRE89;FRE89;---;DEFRJ;Freest;;N;N;N;N;Y;N;;GO;GNS;LLS;;;;;7.43;0.00;3.00;0.00;0.00;37.00;0.00;3;2009-03-13;MFL;;;PA;1998-01-01
DEU;DEU001180615;;MOD;2018-01-01;2100-12-31;KUEH3;KUEH3;---;0642;;;N;Y;N;N;;N;;GO;GNS;LLS;;;;;6.30;0.00;1.00;0.00;0.00;22.00;0.00;3;2006-02-09;MFL;;;;1984-01-01
DEU;DEU001180656;;MOD;2021-05-01;2100-12-31;LIZ20;LIZ20;---;DELZW;Lietzow;;N;Y;N;N;;N;;GO;GNS;LLS;;;;;5.50;0.00;1.00;0.00;0.00;30.00;0.00;3;2018-06-12;MFL;;;;2017-01-01
DEU;DEU001190300;;RET;2009-02-18;2009-02-18;HAR3;HAR3;SPERBER;DEHSX;Harlesiel;DCVF;Y;N;Y;;;;;TUB;TBB;OTB;;;;;15.38;14.00;21.00;20.57;0.00;146.00;0.00;1;1967-06-01;MFL;;;PA;1967-01-01
DEU;DEU001190602;;RET;2001-03-20;2001-03-20;SAS17N;SAS17N;---;0602;;;N;N;N;;;;;FX;GNS;LLS;;;;;7.20;0.00;2.00;0.00;0.00;18.00;0.00;;1999-09-01;4C1;;;PA;
DEU;DEU001190604;;RET;2013-05-13;2013-05-13;POE41N;POE41N;---;0653;;;N;Y;N;;;;;FX;GNS;FPO;;;;;5.00;0.00;1.00;0.00;0.00;3.00;0.00;1;1970-03-19;MFL;;;PA;1970-01-01
DEU;DEU001190614;;CHA;2022-12-17;2100-12-31;SAS86;SAS86;---;DESAS;Sassnitz;;N;Y;N;N;;N;;GO;GNS;LLS;;;;;5.06;0.00;1.00;0.00;0.00;22.00;0.00;3;2009-05-11;MFL;;;PA;2009-01-01
DEU;DEU001190615;;RET;2009-01-23;2009-01-23;GAG46;GAG46;---;0615;;;N;N;N;;;;;FX;GNS;LLS;;;;;4.95;0.00;1.00;0.00;0.00;11.00;0.00;3;2006-06-13;MFL;;;PA;1966-01-01
DEU;DEU001190656;;MOD;2023-09-01;2100-12-31;UMM56;UMM56;---;DEUMZ;Ummanz;;N;Y;N;N;Y;N;;GO;GNS;FPO;;;;;4.00;0.00;1.00;0.00;0.00;4.00;0.00;3;2018-06-19;MFL;;;;2000-01-01
DEU;DEU001200300;;MOD;2016-06-07;2100-12-31;GRE18;GRE18;NORDSTERN;0308;;DFRK;Y;Y;Y;;;;;FX;TBB;OTB;;;;;15.96;14.18;26.00;0.00;0.00;185.00;0.00;1;1975-04-17;MFL;;;;1975-01-01
DEU;DEU001200602;;RET;2001-08-18;2001-08-18;SAS36Z;SAS36Z;---;0602;;;N;N;N;;;;;FX;GNS;LLS;;;;;4.20;0.00;1.00;0.00;0.00;3.00;0.00;;2000-08-05;4CZ;;;PA;
DEU;DEU001200604;;RET;1996-08-01;1996-08-01;RED007A;RED007A;---;0604;;;N;N;N;;;;;FX;GNS;GNS;;;;;5.50;0.00;1.00;2.13;0.00;4.00;0.00;;1966-04-18;C19;;;PA;
DEU;DEU001200614;;CHA;2015-04-22;2100-12-31;FRE96;FRE96;---;0614;;;N;Y;N;;;;;FX;GNS;FPO;;;;;4.10;0.00;1.00;0.00;0.00;5.00;0.00;3;2015-04-22;MFL;;;PA;1979-01-01
DEU;DEU001200615;;MOD;2020-10-12;2100-12-31;GZI25N;GZI25N;ELA;0615;;;N;Y;N;N;;N;;GO;GNS;LLS;;;;;5.10;0.00;1.00;0.00;0.00;11.00;0.00;3;2008-10-28;MFL;;;;2008-01-01
DEU;DEU001200656;;RET;2020-02-18;2020-02-18;POL13;POL13;---;0656;;;N;N;N;N;;N;;GO;GNS;LLS;;;;;6.05;0.00;1.00;0.00;0.00;27.00;0.00;3;2019-11-05;MFL;;;PA;1995-01-01
DEU;DEU001210300;;MOD;2019-03-18;2100-12-31;GRE11;GRE11;KORSAR;0308;;DCEJ;Y;Y;Y;Y;;Y;211528000;TU;TBB;OTB;;;;;20.84;18.93;49.00;0.00;0.00;184.00;0.00;2;1980-10-10;MFL;;;;1980-01-01
DEU;DEU001210602;;RET;2011-01-28;2011-01-28;SAS30N;SAS30N;INGEBORG;0602;;;N;N;N;;;;;FX;GNS;LLS;;;;;4.88;0.00;1.00;0.00;0.00;4.00;0.00;3;2000-08-25;MFL;;;PA;1989-01-01
DEU;DEU001210604;;RET;2021-12-01;2021-12-01;RED001AN;RED001AN;---;DEWIS;Wismar;;N;N;N;N;;N;;GO;GNS;LLS;;;;;5.50;4.85;1.00;0.00;0.00;8.00;0.00;1;1975-05-11;MFL;;;PA;1975-01-01
DEU;DEU001210614;;MOD;2025-01-01;2100-12-31;FRE97N;FRE97N;---;DEFRJ;Freest;;N;Y;N;N;N;N;;GO;GNS;LLS;;;;;4.65;0.00;1.00;0.00;0.00;11.00;0.00;3;2016-05-01;MFL;;;;2016-01-01
DEU;DEU001210615;;RET;2019-10-01;2019-10-01;GAG1N;GAG1N;---;0615;;;N;N;N;N;;N;;GO;GNS;LLS;;;;;4.56;0.00;1.00;0.00;0.00;11.00;0.00;3;2009-07-10;MFL;;;PA;2009-01-01
DEU;DEU001210656;;CHA;2024-01-29;2100-12-31;LIZ21N;LIZ21N;---;DELZW;Lietzow;;N;Y;N;N;Y;N;;GO;GNS;FPO;;;;;4.18;0.00;1.00;0.00;0.00;11.00;0.00;3;2021-10-20;MFL;;;PA;2015-01-01
DEU;DEU001220300;;MOD;2013-04-01;2100-12-31;GRE12;GRE12;CONDOR;0308;;DCVO;Y;Y;Y;;;;;FX;TBB;OTB;;;;;15.98;14.32;23.00;22.70;0.00;188.00;0.00;1;1977-03-21;MFL;;;;1977-01-01
DEU;DEU001220602;;RET;2016-08-31;2016-08-31;SAS19N;SAS19N;LULU;0602;;;N;N;N;;;;;FX;GNS;LLS;;;;;4.00;0.00;1.00;0.00;0.00;5.00;0.00;3;2000-08-23;MFL;;;PA;1989-01-01
DEU;DEU001220604;;MOD;2018-06-29;2100-12-31;RED8AN;RED8AN;---;0604;;;N;Y;N;N;;N;;GO;GNS;LLS;;;;;5.20;0.00;1.00;0.00;0.00;0.00;0.00;1;1982-05-27;MFL;;;;1982-01-01
DEU;DEU001220614;;MOD;2021-12-31;2100-12-31;SPA6N;SPA6N;---;DEFRJ;Freest;;N;Y;N;N;N;N;;GO;GNS;LLS;;;;;4.60;0.00;1.00;0.00;0.00;22.00;0.00;3;2020-04-24;MFL;;;;2003-01-01
DEU;DEU001220615;;MOD;2020-10-12;2100-12-31;GZI9;GZI9;---;0615;;;N;Y;N;N;;N;;GO;GNS;LLS;;;;;5.05;0.00;1.00;0.00;0.00;7.00;0.00;3;2009-10-21;MFL;;;;2009-01-01
DEU;DEU001220656;;RET;2023-01-31;2023-01-31;POL14N;POL14N;DONNA;DELZW;Lietzow;;N;N;N;N;;N;;GO;GNS;LLS;;;;;4.24;0.00;1.00;0.00;0.00;11.00;0.00;3;2022-01-01;MFL;;;PA;1995-01-01
DEU;DEU001230300;;MOD;2023-08-10;2100-12-31;GRE14;GRE14;WANGERLAND;DEGRE;Greetsiel;DCEQ;Y;Y;Y;Y;N;Y;211495000;TU;TBB;OTB;;;;;16.29;14.62;36.00;0.00;0.00;180.00;0.00;2;1980-04-19;MFL;;;;1980-01-01
DEU;DEU001230602;;RET;2018-11-30;2018-11-30;SAS31N;SAS31N;---;0602;;;N;N;N;N;;N;;GO;GNS;LLS;;;;;6.02;0.00;1.00;0.00;0.00;7.00;0.00;3;2000-08-25;MFL;;;PA;1988-01-01
DEU;DEU001230614;;CHA;2023-11-01;2100-12-31;SPA24;SPA24;---;DEFRJ;Freest;;N;Y;N;N;Y;N;;GO;GNS;LLS;;;;;5.60;0.00;1.00;0.00;0.00;37.00;0.00;3;2023-05-16;MFL;;;PA;2023-01-01
DEU;DEU001230615;;RET;2023-08-18;2023-08-18;ARE8;ARE8;---;DEGXG;Gager;;N;N;N;N;N;N;;GO;GNS;NO;;;;;5.83;0.00;1.00;0.00;0.00;0.00;0.00;3;2017-03-15;MFL;;;PA;1970-01-01
DEU;DEU001230653;;RET;2009-12-01;2009-12-01;POE022AN;POE022AN;---;0653;;;N;N;N;;;;;FX;GNS;LLS;;;;;4.50;0.00;1.00;0.00;0.00;6.00;0.00;1;1986-04-14;MFL;;;PA;1986-01-01
DEU;DEU001230656;;CHA;2023-02-01;2100-12-31;POL15N;POL15N;DONNA;DELZW;Lietzow;;N;Y;N;N;Y;N;;GO;GNS;LLS;;;;;4.50;0.00;1.00;0.00;0.00;11.00;0.00;3;2023-02-01;MFL;;;PA;1996-01-01
DEU;DEU001240300;;MOD;2015-02-04;2100-12-31;GRE15;GRE15;ZWEI GEBRUEDER;0308;;DCEP;Y;Y;Y;;;;;FX;TBB;OTB;;;;;16.80;15.24;32.00;0.00;0.00;221.00;0.00;2;1969-06-01;MFL;;;PA;1969-01-01
DEU;DEU001240602;;RET;2009-06-05;2009-06-05;SAS38;SAS38;---;0602;;;N;N;N;;;;;FX;GNS;LLS;;;;;3.95;0.00;1.00;0.00;0.00;11.00;0.00;3;2001-02-26;MFL;;;PA;2000-01-01
DEU;DEU001240614;;CHA;2023-06-20;2100-12-31;SPA25;SPA25;---;DEFRJ;Freest;;N;Y;N;N;Y;N;;GO;GNS;LLS;;;;;4.90;0.00;1.00;0.00;0.00;37.00;0.00;3;2023-06-20;MFL;;;PA;1996-01-01
DEU;DEU001240615;;RET;2022-12-31;2022-12-31;GZI31;GZI31;---;DEGXG;Gager;;N;N;N;N;;N;;GO;GNS;LLS;;;;;4.07;0.00;1.00;0.00;0.00;2.00;0.00;3;2018-06-01;MFL;;;PA;1992-01-01
DEU;DEU001240653;;DES;1996-02-21;1996-02-21;POE027B;POE027B;---;0653;;;N;N;N;;;;;FX;GNS;GNS;;;;;4.60;0.00;0.00;1.49;0.00;0.00;0.00;;1980-03-07;4;;;PA;
DEU;DEU001240656;;CHA;2023-07-17;2100-12-31;LIZ22;LIZ22;---;DELZW;Lietzow;;N;Y;N;N;Y;N;;GO;GNS;FPO;;;;;4.11;0.00;1.00;0.00;0.00;3.00;0.00;3;2023-07-17;MFL;;;PA;2005-01-01
DEU;DEU001250300;;RET;2016-01-13;2016-01-13;GRE16;GRE16;ANGELIKA;0308;;DCEY;Y;N;Y;;;;;FX;TBB;OTB;;;;;17.14;15.24;33.00;0.00;0.00;221.00;0.00;2;1969-08-06;MFL;;;PA;1969-01-01
DEU;DEU001250602;;DES;2003-02-15;2003-02-15;SAS37N;SAS37N;---;0602;;;N;N;N;;;;;FX;GNS;LLS;;;;;3.80;0.00;1.00;0.00;0.00;7.00;0.00;3;2001-05-30;MFL;;;PA;1972-01-01
DEU;DEU001250615;;MOD;2020-10-09;2100-12-31;GAG49N;GAG49N;---;0615;;;N;Y;N;N;;N;;GO;GNS;FPO;;;;;4.55;0.00;1.00;0.00;0.00;15.00;0.00;3;2020-03-23;MFL;;;;2020-01-01
DEU;DEU001250653;;RET;2011-06-20;2011-06-20;POE006AN;POE006AN;---;0653;;;N;N;N;;;;;FX;FPO;GNS;;;;;4.80;0.00;1.00;1.62;0.00;4.00;0.00;1;1987-04-03;MFL;;;PA;1987-01-01
DEU;DEU001260300;;DES;2021-11-17;2021-11-17;GRE17;GRE17;ODYSSEUS;DEGRE;Greetsiel;DCFP;Y;N;Y;Y;;Y;211530000;TU;TBB;OTB;;;;;17.21;15.24;33.00;0.00;0.00;206.00;0.00;2;1969-09-15;MFL;;;PA;1969-01-01
DEU;DEU001260602;;MOD;2024-03-01;2100-12-31;KOEL9;KOEL9;---;DEKOC;Koelpinsee;;N;Y;N;N;Y;N;;GO;GNS;FPO;;;;;5.96;0.00;2.00;0.00;0.00;19.00;0.00;3;2001-10-29;MFL;;;PA;1990-01-01
DEU;DEU001260615;;CHA;2020-11-16;2100-12-31;GAG50;GAG50;---;0615;;;N;Y;N;N;;N;;GO;GNS;LLS;;;;;4.90;0.00;1.00;0.00;0.00;7.00;0.00;3;2020-11-16;MFL;;;PA;1994-01-01
DEU;DEU001260652;;RET;1993-03-18;1993-03-18;POE010A;POE010A;---;0652;;;N;N;N;;;;;FX;GNS;GNS;;;;;4.80;0.00;0.00;1.62;0.00;0.00;0.00;;1987-04-05;4;;;PA;
DEU;DEU001260653;;MOD;2017-01-01;2100-12-31;POE38N;POE38N;---;0653;;;N;Y;N;;;;;FX;GNS;FPO;;;;;4.50;0.00;1.00;0.00;0.00;10.00;0.00;1;1999-11-01;MFL;;;;1999-01-01
DEU;DEU001270300;;MOD;2022-10-10;2100-12-31;NOR210;NOR210;HANNES KROEGER;DENOE;Norddeich;DCVQ;Y;Y;Y;Y;N;Y;211131000;TU;TBB;FPO;OTB;;;;19.04;16.83;41.00;0.00;0.00;221.00;0.00;2;1977-04-19;MFL;;;;1976-01-01
DEU;DEU001270602;;MOD;2022-03-04;2100-12-31;SAS107;SAS107;CRAMPAS;DESAS;Sassnitz;DBVB;Y;Y;Y;Y;;Y;211474000;TTW;OTB;OTM;;;;;17.35;14.99;75.00;0.00;0.00;219.00;0.00;2;2001-11-08;MFL;;;;2001-01-01
DEU;DEU001270615;;RET;2022-12-31;2022-12-31;GAG51;GAG51;---;DEGXG;Gager;;N;N;N;N;;N;;GO;FPO;GNS;;;;;4.05;0.00;1.00;0.00;0.00;4.00;0.00;3;2021-04-01;MFL;;;PA;1987-01-01
DEU;DEU001270652;;RET;2007-01-09;2007-01-09;POE66AN;POE66AN;---;0652;;;N;N;N;;;;;FX;GNS;LLS;;;;;5.60;0.00;1.00;0.00;0.00;28.00;0.00;1;1983-07-17;MFL;;;PA;1983-01-01
DEU;DEU001270653;;CHA;2022-04-01;2100-12-31;POE52N;POE52N;---;DETMD;"Timmendorf"", Poel";;N;Y;N;N;;N;;GO;GNS;LLS;;;;;5.20;0.00;1.00;0.00;0.00;23.00;0.00;3;2000-01-14;MFL;;;PA;1998-01-01
DEU;DEU001280300;;MOD;2013-09-10;2100-12-31;GRE19;GRE19;FLAMINGO;0308;;DCFW;Y;Y;Y;;;;;FX;TBB;OTB;;;;;18.41;16.26;38.00;34.86;0.00;221.00;0.00;2;1969-10-12;MFL;;;PA;1969-01-01
DEU;DEU001280602;;RET;2011-12-21;2011-12-21;SAS88;SAS88;MARIKA;0602;;DBRW;Y;N;N;;;;;TTW;OTB;PTB;;;;;11.96;9.97;31.00;0.00;0.00;180.00;0.00;2;2001-12-17;MFL;;;PA;2001-01-01
DEU;DEU001280653;;RET;2017-11-01;2017-11-01;POE002AN;POE002AN;---;0653;;;N;N;N;;;;;FX;GNS;LLS;;;;;4.85;0.00;1.00;0.00;0.00;10.00;0.00;1;1991-12-31;MFL;;;PA;1985-01-01
DEU;DEU001290300;;MOD;2013-04-01;2100-12-31;GRE20;GRE20;SECHS GEBRUEDER;0308;;DCGO;Y;Y;Y;;;;;FX;TBB;OTB;;;;;17.78;16.50;49.00;35.29;0.00;210.00;0.00;1;1970-04-01;MFL;;;;1969-01-01
DEU;DEU001290602;;MOD;2015-07-06;2100-12-31;VIA4;VIA4;---;0670;;;N;Y;N;;;;;FX;GNS;LLS;;;;;5.85;0.00;1.00;0.00;0.00;15.00;0.00;3;2002-09-10;MFL;;;;2002-01-01
DEU;DEU001290652;;RET;1994-06-20;1994-06-20;POE001A;POE001A;---;0652;;;N;N;N;;;;;FX;GNS;GNS;;;;;4.50;0.00;0.00;1.43;0.00;0.00;0.00;;1965-07-19;C19;;;PA;
DEU;DEU001290653;;RET;2009-06-19;2009-06-19;POE40;POE40;---;0653;;;N;N;N;;;;;FX;GNS;LLS;;;;;4.10;0.00;1.00;0.00;0.00;10.00;0.00;3;1976-04-11;MFL;;;PA;1976-01-01
DEU;DEU001300300;;CHA;2025-08-04;2100-12-31;DOR1;DOR1;STURMVOGEL;DE75Q;Dorum;DCGR;Y;Y;Y;Y;N;Y;211459000;TU;TBB;OTB;;;;;16.03;14.48;31.00;0.00;0.00;220.00;0.00;2;1970-04-01;MFL;;;PA;1970-01-01
DEU;DEU001300602;;RET;2005-07-01;2005-07-01;SAS46NZ;SAS46NZ;---;0602;;;N;N;N;;;;;FX;GNS;LLS;;;;;4.15;0.00;1.00;0.00;0.00;5.00;0.00;3;2003-01-17;MFL;;;PA;2003-01-01
DEU;DEU001300652;;RET;2015-06-29;2015-06-29;POE048AN;POE048AN;---;0652;;;N;N;N;;;;;FX;GNS;FPO;;;;;5.00;0.00;1.00;1.76;0.00;0.00;0.00;1;1965-08-11;MFL;;;PA;1965-01-01
DEU;DEU001300653;;MOD;2021-12-01;2100-12-31;POE42N;POE42N;---;DETMD;"Timmendorf"", Poel";;N;Y;N;N;;N;;GO;GNS;FPO;;;;;5.20;0.00;1.00;0.00;0.00;10.00;0.00;3;2000-04-13;MFL;;;;1976-01-01
DEU;DEU001310300;;MOD;2013-04-01;2100-12-31;GRE22;GRE22;FRIEDA-LUISE;0308;;DCPU;Y;Y;Y;;;;;FX;TBB;OTB;;;;;15.96;14.38;25.00;23.55;0.00;199.00;0.00;1;1973-03-20;MFL;;;;1973-01-01
DEU;DEU001310602;;RET;2011-01-28;2011-01-28;SAS47N;SAS47N;---;0602;;;N;N;N;;;;;FX;GNS;LLS;;;;;4.38;0.00;1.00;0.00;0.00;7.00;0.00;3;2003-02-20;MFL;;;PA;2003-01-01
DEU;DEU001310652;;RET;1994-03-01;1994-03-01;POE021A;POE021A;---;0652;;;N;N;N;;;;;FX;GNS;GNS;;;;;4.00;0.00;0.00;1.13;0.00;0.00;0.00;;1985-06-14;C19;;;PA;
DEU;DEU001310653;;RET;2020-07-01;2020-07-01;POE4;POE4;---;0653;;;N;N;N;N;;N;;GO;GNS;LLS;;;;;6.05;0.00;1.00;0.00;0.00;8.00;0.00;3;2000-08-03;MFL;;;PA;1974-01-01
DEU;DEU001320300;;MOD;2024-05-31;2100-12-31;FED14;FED14;HEIMAT;DEFEZ;Fedderwardersiel;DCVW;Y;Y;Y;Y;N;Y;211319400;TU;TBB;OTB;;;;;20.00;17.88;52.00;0.00;0.00;216.00;0.00;2;1977-04-01;MFL;;;;1977-01-01
DEU;DEU001320602;;MOD;2023-02-01;2100-12-31;GZI32;GZI32;---;DESAS;Sassnitz;;N;Y;N;N;Y;N;;GO;GNS;LLS;;;;;5.00;0.00;1.00;0.00;0.00;3.00;0.00;3;2003-04-07;MFL;;;;2003-01-01
DEU;DEU001320652;;RET;1994-06-20;1994-06-20;POE033A;POE033A;---;0652;;;N;N;N;;;;;FX;GNS;GNS;;;;;4.50;0.00;0.00;1.43;0.00;0.00;0.00;;1984-08-11;C19;;;PA;
DEU;DEU001330300;;MOD;2024-04-04;2100-12-31;SU9;SU9;DELPHIN;DEHUS;Husum;DCME;Y;Y;Y;Y;N;Y;211192000;TU;TBB;FPO;GNS;;;;18.20;16.45;41.00;0.00;0.00;221.00;0.00;2;1971-09-07;MFL;;;;1971-01-01
DEU;DEU001330602;;RET;2007-01-09;2007-01-09;SAS49Z;SAS49Z;---;0602;;;N;N;N;;;;;FX;GNS;LLS;;;;;4.10;0.00;1.00;0.00;0.00;4.00;0.00;3;2005-01-18;MFL;;;PA;1990-01-01
DEU;DEU001330652;;RET;1993-03-25;1993-03-25;POE020A;POE020A;---;0652;;;N;N;N;;;;;FX;GNS;GNS;;;;;4.00;0.00;0.00;1.13;0.00;0.00;0.00;;1985-07-19;C19;;;PA;
DEU;DEU001340300;8137093;RET;2023-09-08;2023-09-08;GRE27;GRE27;URSULA;DEGRE;Greetsiel;DCRB;Y;N;Y;N;N;Y;;DB;DRB;NO;;;;;35.06;34.03;143.00;0.00;0.00;221.00;0.00;2;1974-09-15;MFL;;;PA;1974-01-01
DEU;DEU001340602;;RET;2017-06-30;2017-06-30;SAS51N;SAS51N;LACHS;0602;;;N;N;N;;;;;FX;GNS;LLS;;;;;3.75;0.00;1.00;0.00;0.00;8.00;0.00;3;2004-12-20;MFL;;;PA;2004-01-01
DEU;DEU001340652;;RET;1994-06-20;1994-06-20;POE015A;POE015A;---;0652;;;N;N;N;;;;;FX;GNS;GNS;;;;;4.00;0.00;0.00;1.13;0.00;0.00;0.00;;1970-06-14;C19;;;PA;
DEU;DEU001350300;;MOD;2017-10-09;2100-12-31;PEL16;PEL16;MAJA;0108;;DCDN;Y;Y;Y;;;;;FX;TBB;OTB;;;;;14.86;11.34;20.00;0.00;0.00;213.00;0.00;2;1979-06-27;MFL;;;;1979-01-01
DEU;DEU001350602;;RET;2007-05-15;2007-05-15;SAS52NZ;SAS52NZ;---;0602;;;N;N;N;;;;;FX;GNS;LLS;;;;;4.32;0.00;1.00;0.00;0.00;0.00;0.00;3;2005-07-01;MFL;;;PA;1986-01-01
DEU;DEU001350652;;RET;1994-06-20;1994-06-20;POE029A;POE029A;---;0652;;;N;N;N;;;;;FX;GNS;GNS;;;;;4.00;0.00;0.00;1.13;0.00;0.00;0.00;;1977-04-12;C19;;;PA;
DEU;DEU001360300;;MOD;2013-04-01;2100-12-31;GRE29;GRE29;PALOMA;0308;;DCEL;Y;Y;Y;;;;;FX;TBB;OTB;;;;;16.96;15.18;38.00;36.71;0.00;219.00;0.00;2;1980-03-21;MFL;;;;1980-01-01
DEU;DEU001360602;;RET;2009-09-17;2009-09-17;SAS53N;SAS53N;---;0602;;;N;N;N;;;;;FX;LLS;FPO;;;;;4.32;0.00;1.00;0.00;0.00;6.00;0.00;3;2006-01-10;MFL;;;PA;1986-01-01
DEU;DEU001360652;;RET;1993-03-18;1993-03-18;POE019A;POE019A;---;0652;;;N;N;N;;;;;FX;GNS;GNS;;;;;5.00;0.00;0.00;1.76;0.00;0.00;0.00;;1955-06-05;C19;;;PA;
DEU;DEU001370300;;RET;2020-04-29;2020-04-29;BEN1;BEN1;Albatros;0321;;DCQM;Y;N;Y;Y;;Y;;TU;TBB;OTB;;;;;15.96;14.54;22.00;0.00;0.00;191.00;0.00;1;1973-11-01;MFL;;;PA;1973-01-01
DEU;DEU001370602;;RET;2013-01-18;2013-01-18;SAS55N;SAS55N;MOBBY II;0602;;;N;N;N;;;;;FX;GNS;LLS;;;;;6.32;0.00;1.00;0.00;0.00;10.00;0.00;3;2007-02-13;MFL;;;PA;1974-01-01
DEU;DEU001370652;;RET;2015-08-11;2015-08-11;POE007A;POE007A;---;0652;;;N;N;N;;;;;FX;GNS;LLS;;;;;4.20;0.00;1.00;1.24;0.00;7.00;0.00;1;1975-03-04;MFL;;;PA;1975-01-01
DEU;DEU001380300;;RET;2020-05-11;2020-05-11;HAR2N;HAR2N;JENS ALBRECHT II;0314;;DB7833;Y;N;N;N;;Y;;TU;TBB;OTB;;;;;13.86;12.41;13.00;0.00;0.00;121.00;0.00;1;1959-04-13;MFL;;;PA;1959-01-01
DEU;DEU001380602;;MOD;2024-01-01;2100-12-31;WIR8N;WIR8N;RIEKE;DEWIK;Wiek;;N;Y;N;N;Y;N;;GO;GNS;LLS;;;;;7.85;0.00;2.00;0.00;0.00;38.00;0.00;3;2008-05-26;MFL;;;;1980-01-01
DEU;DEU001380653;;RET;2005-10-24;2005-10-24;POE028A;POE028A;---;0653;;;N;N;N;;;;;FX;GNS;NO;;;;;4.20;0.00;1.00;1.24;0.00;0.00;0.00;1;1978-07-18;MFL;;;PA;1978-01-01
DEU;DEU001390300;;RET;2021-03-22;2021-03-22;SW6;SW6;ALK;DEWYK;Wyk Auf Föhr;DCJG;Y;N;Y;Y;;Y;;TU;TBB;OTB;;;;;15.36;13.80;21.00;0.00;0.00;198.00;0.00;1;1970-12-01;MFL;;;PA;1970-01-01
DEU;DEU001390602;;RET;2013-06-03;2013-06-03;SAS60;SAS60;---;0602;;;N;Y;N;;;;;FX;GNS;LLS;;;;;4.65;0.00;1.00;0.00;0.00;11.00;0.00;3;2009-06-05;MFL;;;PA;1998-01-01
DEU;DEU001390652;;RET;2001-04-06;2001-04-06;POE017B;POE017B;---;0652;;;N;N;N;;;;;FX;GNS;NK;;;;;5.00;0.00;1.00;1.76;0.00;6.00;0.00;;1961-10-18;4C1;;;PA;
DEU;DEU001390653;;MOD;2012-01-18;2100-12-31;WIS15;WIS15;SEEADLER;0604;;;N;Y;N;;;;;FX;GNS;FPO;;;;;8.50;7.95;6.00;5.10;0.00;48.00;0.00;3;1994-07-27;MFL;;;;1986-01-01
DEU;DEU001400300;;RET;2007-04-30;2007-04-30;HAR5;HAR5;RUTH ALBRECHT;DEHSX;Harlesiel;DCMI;Y;N;Y;;;;;TUB;TBB;OTB;;;;;15.35;13.59;21.00;21.75;0.00;175.00;0.00;1;1971-09-20;MFL;;;PA;1971-01-01
DEU;DEU001400602;;RET;2020-12-31;2020-12-31;SAS65N;SAS65N;---;0602;;;N;N;N;N;;N;;GO;GNS;LLS;;;;;4.65;0.00;1.00;0.00;0.00;19.00;0.00;3;2016-05-12;MFL;;;PA;2016-01-01
DEU;DEU001400604;;RET;2007-02-12;2007-02-12;BOI004A;BOI004A;---;0604;;;N;N;N;;;;;FX;GNS;LLS;;;;;4.60;0.00;1.00;0.00;0.00;0.00;0.00;1;1981-08-11;MFL;;;PA;1981-01-01
DEU;DEU001400652;;MOD;2008-07-28;2100-12-31;POE18N;POE18N;HEINER;0653;;;N;Y;N;;;;;FX;GNS;LLS;;;;;7.00;0.00;2.00;3.46;0.00;26.00;0.00;3;1994-10-03;MFL;;;;1990-01-01
DEU;DEU001400653;;CHA;2017-11-10;2100-12-31;WIE14;WIE14;BLEIB TREU;0608;;;N;Y;N;;;;;FX;GNS;LLS;;;;;10.20;8.80;10.00;0.00;0.00;74.00;0.00;3;1994-09-24;MFL;;;PA;1994-01-01
DEU;DEU001410300;;MOD;2016-05-10;2100-12-31;GRE5;GRE5;MARTJE;0308;;DCCD;Y;Y;Y;;;;;FX;TBB;OTB;;;;;16.72;14.65;35.00;0.00;0.00;221.00;0.00;2;1979-04-02;MFL;;;;1979-01-01
DEU;DEU001410602;;CHA;2024-12-20;2100-12-31;SAS89;SAS89;BREEGE;DESAS;Sassnitz;;N;Y;N;N;Y;N;;GO;GNS;LLS;;;;;4.15;0.00;1.00;0.00;0.00;11.00;0.00;3;2024-12-20;MFL;;;PA;2010-01-01
DEU;DEU001410604;;RET;2002-08-12;2002-08-12;BOI001A;BOI001A;---;0604;;;N;N;N;;;;;FX;GNS;LLS;;;;;4.00;0.00;1.00;1.13;0.00;5.00;0.00;;1965-04-28;4C1;;;PA;
DEU;DEU001410652;;RET;2015-07-28;2015-07-28;POE007B;POE007B;---;0652;;;N;N;N;;;;;FX;GNS;LLS;;;;;4.80;0.00;1.00;1.63;0.00;7.00;0.00;1;1988-03-07;MFL;;;PA;1988-01-01
DEU;DEU001410653;;RET;2007-08-14;2007-08-14;POE025B;POE025B;---;0653;;;N;N;N;;;;;FX;GNS;NO;;;;;4.20;0.00;1.00;1.25;0.00;4.00;0.00;1;1988-02-14;MFL;;;PA;1988-01-01
DEU;DEU001420300;;MOD;2009-12-04;2100-12-31;ST10;ST10;JULE MARIE;0105;;DCLC;Y;Y;Y;;;;;FX;TBB;OTB;;;;;17.51;15.40;46.00;35.01;0.00;221.00;0.00;2;1983-06-03;MFL;;;;1983-01-01
DEU;DEU001420604;;RET;2007-12-27;2007-12-27;BOI003AN;BOI003AN;---;0604;;;N;N;N;;;;;FX;GNS;LLS;;;;;4.80;0.00;1.00;1.62;0.00;0.00;0.00;1;1987-08-23;MFL;;;PA;1987-01-01
DEU;DEU001420652;;RET;2025-06-30;2025-06-30;POE003AN;POE003AN;---;DEKDM;Kirchdorf;;N;N;N;N;N;N;;GO;GNS;FPO;;;;;4.93;0.00;1.00;0.00;0.00;4.00;0.00;3;1964-07-10;MFL;;;PA;1960-01-01
DEU;DEU001420653;;RET;2019-02-01;2019-02-01;POE035AN;POE035AN;---;0653;;;N;N;N;N;;N;;GO;GNS;LLS;;;;;4.80;0.00;1.00;0.00;0.00;6.00;0.00;1;1991-12-31;MFL;;;PA;1988-01-01
DEU;DEU001430300;;MOD;2015-01-01;2100-12-31;DOR10;DOR10;WANGERLAND;0306;;DCVZ;Y;Y;Y;;;;;FX;TBB;OTB;;;;;16.10;14.51;35.00;30.00;0.00;220.00;0.00;1;1987-05-25;MFL;;;;1987-01-01
DEU;DEU001430604;;RET;1994-10-10;1994-10-10;DAS001A;DAS001A;---;0604;;;N;N;N;;;;;FX;GNS;GNS;;;;;7.20;0.00;0.00;3.66;0.00;0.00;0.00;;1986-06-18;C19;;;PA;
DEU;DEU001430652;;RET;2025-06-30;2025-06-30;POE003BN;POE003BN;---;DEKDM;Kirchdorf;;N;N;N;N;N;N;;GO;GNS;FPO;;;;;4.66;0.00;1.00;0.00;0.00;8.00;0.00;1;1980-08-13;MFL;;;PA;1980-01-01
DEU;DEU001430653;;RET;2007-01-02;2007-01-02;POE010C;POE010C;---;0653;;;N;N;N;;;;;FX;GNS;NO;;;;;4.26;0.00;1.00;0.00;0.00;0.00;0.00;1;1968-10-10;MFL;;;PA;1965-01-01
DEU;DEU001440300;;EXP;1998-04-14;1998-04-14;HAR14;HAR14;GEORG ALBRECHT;DEHSX;Harlesiel;DCBU;Y;N;N;;;;;TUB;TBB;OTB;;;;;15.17;13.99;0.00;21.08;0.00;180.00;0.00;1;1966-01-01;4C5;NLD;EX;PA;1966-01-01
DEU;DEU001440604;;RET;2020-11-01;2020-11-01;DAS002AN;DAS002AN;---;0655;;;N;N;N;N;;N;;WOP;FPO;GNS;;;;;7.25;6.60;1.00;0.00;0.00;4.00;0.00;1;1980-06-09;MFL;;;PA;1980-01-01
DEU;DEU001440652;;RET;2001-01-31;2001-01-31;POE017A;POE017A;---;0652;;;N;N;N;;;;;FX;GNS;NO;;;;;6.22;0.00;1.00;2.70;0.00;6.00;0.00;;1958-07-10;4C1;;;PA;
DEU;DEU001440653;;RET;2005-07-12;2005-07-12;POE028B;POE028B;---;0653;;;N;N;N;;;;;FX;GNS;NO;;;;;4.26;0.00;1.00;1.30;0.00;8.00;0.00;3;1983-04-17;MFL;;;PA;1983-01-01
DEU;DEU001450300;;RET;2008-04-14;2008-04-14;HAR20;HAR20;MARION ALBRECHT;DEHSX;Harlesiel;DCGF;Y;N;Y;;;;;TUB;TBB;OTB;;;;;15.36;13.59;21.00;21.08;0.00;175.00;0.00;1;1969-04-15;MFL;;;PA;1968-01-01
DEU;DEU001450604;;RET;2008-11-27;2008-11-27;DAS3AN;DAS3AN;---;0655;;;N;N;N;;;;;FX;GNS;FPO;;;;;6.50;0.00;1.00;0.00;0.00;5.00;0.00;1;1984-07-16;MFL;;;PA;1984-01-01
DEU;DEU001450652;;RET;2022-01-01;2022-01-01;POE47N;POE47N;---;DEKDM;Kirchdorf;;N;N;N;N;;N;;GO;GNS;FPO;;;;;4.55;0.00;1.00;0.00;0.00;3.00;0.00;3;1990-09-13;MFL;;;PA;1990-01-01
DEU;DEU001450653;;RET;2008-09-26;2008-09-26;POE18A;POE18A;---;0653;;;N;N;N;;;;;FX;GNS;NO;;;;;4.26;0.00;1.00;1.28;0.00;0.00;0.00;3;1983-06-12;MFL;;;PA;1983-01-01
DEU;DEU001460300;;RET;1992-08-17;1992-08-17;HAT2;HAT2;MICHAEL;0318;;;N;N;N;;;;;FX;GNS;NO;;;;;8.00;6.96;0.00;3.42;0.00;29.00;0.00;;1977-03-01;C19;;;PA;
DEU;DEU001460604;;MOD;2022-06-01;2100-12-31;KAM18;KAM18;---;DEKAV;Kamminke;;N;Y;N;N;;N;;GO;GNS;LLS;;;;;7.85;7.60;2.00;0.00;0.00;44.00;0.00;3;1990-01-17;MFL;;;;1990-01-01
DEU;DEU001460652;;MOD;2025-01-01;2100-12-31;BOI10;BOI10;---;DEKDM;Kirchdorf;;N;Y;N;N;Y;N;;GO;GNS;LLS;;;;;5.06;0.00;1.00;0.00;0.00;6.00;0.00;3;1998-01-05;MFL;;;;1997-01-01
DEU;DEU001460653;;RET;2007-01-02;2007-01-02;POE010B;POE010B;---;0653;;;N;N;N;;;;;FX;GNS;NO;;;;;4.26;0.00;1.00;0.00;0.00;0.00;0.00;1;1965-08-03;MFL;;;PA;1965-01-01
DEU;DEU001470300;;RET;1992-08-17;1992-08-17;JEM4;JEM4;ATSCHI;0319;;;N;N;N;;;;;FX;GNS;NO;;;;;7.20;6.26;0.00;2.77;0.00;55.00;0.00;;1969-10-25;C19;;;PA;
DEU;DEU001470604;;RET;1996-04-29;1996-04-29;RED004A;RED004A;---;0604;;;N;N;N;;;;;FX;GNS;LLS;;;;;5.45;0.00;0.00;2.09;0.00;0.00;0.00;;1975-01-01;C19;;;PA;
DEU;DEU001470652;;RET;2007-01-09;2007-01-09;POE16Z;POE16Z;---;0652;;;N;N;N;;;;;FX;GNS;LLS;;;;;5.10;0.00;1.00;0.00;0.00;0.00;0.00;1;2000-07-10;MFL;;;PA;1987-01-01
DEU;DEU001470653;;RET;2018-01-01;2018-01-01;POE36;POE36;---;0653;;;N;N;N;;;;;GO;GNS;LLS;;;;;4.65;0.00;1.00;0.00;0.00;12.00;0.00;3;1996-02-22;MFL;;;PA;1995-01-01
DEU;DEU001480300;;RET;1992-08-17;1992-08-17;JEM5;JEM5;BERNHARD;DEJEM;Jemgum;;N;N;N;;;;;TUB;TBB;NO;;;;;10.72;9.33;0.00;9.26;0.00;59.00;0.00;1;1933-12-31;C19;;;PA;1933-01-01
DEU;DEU001480604;;RET;1999-03-30;1999-03-30;RED003AN;RED003AN;---;0604;;;N;N;N;;;;;FX;GNS;LLS;;;;;4.50;0.00;1.00;1.43;0.00;0.00;0.00;;1986-01-01;4C1;;;PA;
DEU;DEU001480652;;CHA;2016-11-01;2100-12-31;RIT11;RIT11;USCHI;0631;;;N;Y;N;;;;;FX;GNS;LLS;;;;;7.10;0.00;4.00;0.00;0.00;40.00;0.00;3;1998-03-23;MFL;;;PA;1980-01-01
DEU;DEU001480653;;MOD;2017-11-01;2100-12-31;RER54;RER54;ELSA MARIE;0651;;;N;Y;N;;;;;FX;GNS;LLS;;;;;8.40;0.00;3.00;0.00;0.00;22.00;0.00;3;1999-04-27;MFL;;;;1992-01-01
DEU;DEU001490300;;RET;1993-12-13;1993-12-13;AZ5;AZ5;GEBRUEDER;DENHS;Neuharlingersiel;DCGW;Y;N;N;;;;;TUB;TBB;OTB;;;;;15.00;13.64;0.00;20.76;0.00;145.00;0.00;1;1960-05-15;C12;;;PA;1929-01-01
DEU;DEU001490604;;RET;2011-12-02;2011-12-02;BOI3B;BOI3B;---;0604;;;N;N;N;;;;;FX;GNS;LLS;;;;;5.45;0.00;1.00;2.10;0.00;0.00;0.00;1;1987-06-24;MFL;;;PA;1984-01-01
DEU;DEU001490652;;RET;2016-06-10;2016-06-10;POE12N;POE12N;---;0652;;;N;N;N;;;;;FX;GNS;LLS;;;;;5.00;0.00;1.00;0.00;0.00;8.00;0.00;1;1998-03-23;MFL;;;PA;1958-01-01
DEU;DEU001490654;;RET;2017-04-01;2017-04-01;TAR008B;TAR008B;---;0654;;;N;N;N;;;;;FX;GNS;LLS;;;;;4.20;0.00;1.00;0.00;0.00;9.00;0.00;3;1991-02-01;MFL;;;PA;1990-01-01
DEU;DEU001500300;;DES;2002-01-11;2002-01-11;DIT9;DIT9;CONDOR;DEDIT;Ditzum;DCVS;Y;N;N;;;;;TUB;TBB;OTB;;;;;16.02;14.62;24.00;23.83;0.00;180.00;0.00;2;1967-05-08;4C5;;;PA;1967-01-01
DEU;DEU001500604;;RET;2007-06-01;2007-06-01;RED002A;RED002A;---;0604;;;N;N;N;;;;;FX;GNS;LLS;;;;;5.38;0.00;1.00;2.00;0.00;0.00;0.00;1;1990-09-20;MFL;;;PA;1972-01-01
DEU;DEU001500652;;RET;2016-06-10;2016-06-10;POE19N;POE19N;---;0652;;;N;N;N;;;;;FX;GNS;LLS;;;;;4.80;0.00;1.00;0.00;0.00;0.00;0.00;1;1998-08-20;MFL;;;PA;1955-01-01
DEU;DEU001500654;;RET;2010-10-05;2010-10-05;TAR003AN;TAR003AN;---;0654;;;N;N;N;;;;;FX;GNS;LLS;;;;;3.80;0.00;1.00;1.02;0.00;3.00;0.00;3;1991-02-05;MFL;;;PA;1990-01-01
DEU;DEU001510300;;RET;2020-03-26;2020-03-26;NEU226;NEU226;KEEN TIED;0309;;DCBQ;Y;N;Y;Y;;Y;;TU;TBB;OTB;;;;;15.41;13.80;21.00;0.00;0.00;184.00;0.00;1;1968-05-01;MFL;;;PA;1968-01-01
DEU;DEU001510604;;RET;2000-12-12;2000-12-12;RED002C;RED002C;---;0604;;;N;N;N;;;;;FX;GNS;LLS;;;;;4.25;0.00;1.00;1.27;0.00;4.00;0.00;;1990-09-20;4C1;;;PA;
DEU;DEU001510652;;RET;2007-09-11;2007-09-11;POE37;POE37;---;0652;;;N;N;N;;;;;FX;GNS;LLS;;;;;4.82;0.00;1.00;1.52;0.00;0.00;0.00;1;1998-12-26;MFL;;;PA;1980-01-01
DEU;DEU001510655;;MOD;2019-10-08;2100-12-31;NEU10;NEU10;BOSSE;0205;;;N;Y;N;N;;N;;GO;GNS;FPO;;;;;5.95;0.00;1.00;0.00;0.00;15.00;0.00;3;1991-06-03;MFL;;;PA;1991-01-01
DEU;DEU001520300;;EXP;2007-10-17;2007-10-17;NEU227;NEU227;STOERTEBEKER;DENHS;Neuharlingersiel;DLYJ;Y;N;Y;;;;;TUB;TBB;OTB;;;;;15.58;13.80;21.00;21.36;0.00;175.00;0.00;1;1970-06-25;MFL;NLD;EX;PA;1970-01-01
DEU;DEU001520604;;RET;2008-09-30;2008-09-30;RED1B;RED1B;---;0604;;;N;N;N;;;;;FX;GNS;LLS;;;;;4.80;0.00;1.00;0.00;0.00;7.00;0.00;1;1990-10-11;MFL;;;PA;1983-01-01
DEU;DEU001520651;;MOD;2021-01-01;2100-12-31;RER037A;RER037A;---;DERRE;Rerik;;N;Y;N;N;;N;;GO;GNS;LLS;;;;;5.30;0.00;1.00;0.00;0.00;11.00;0.00;3;1991-09-30;MFL;;;;1990-01-01
DEU;DEU001520652;;RET;2013-02-05;2013-02-05;POE43N;POE43N;---;0652;;;N;N;N;;;;;FX;GNS;LLS;;;;;5.60;0.00;1.00;0.00;0.00;6.00;0.00;1;2001-02-01;MFL;;;PA;1987-01-01
DEU;DEU001530300;;MOD;2013-01-01;2100-12-31;NEU228N;NEU228N;GORCH FOCK;DENHS;Neuharlingersiel;DCMO;Y;Y;Y;N;Y;Y;;TU;TBB;OTB;;;;;15.42;13.80;21.00;0.00;0.00;147.00;0.00;1;1971-08-05;MFL;;;;1971-01-01
DEU;DEU001530604;;RET;2010-08-20;2010-08-20;RED8BN;RED8BN;---;0604;;;N;N;N;;;;;FX;GNS;LLS;;;;;4.60;0.00;1.00;1.50;0.00;0.00;0.00;1;1990-09-24;MFL;;;PA;1984-01-01
DEU;DEU001530651;;RET;2020-10-01;2020-10-01;KUEH22;KUEH22;ANNA;0642;;;N;N;N;N;;N;;GO;GNS;LLS;;;;;9.35;8.88;5.00;0.00;0.00;51.00;0.00;3;1993-06-22;MFL;;;PA;1980-01-01
DEU;DEU001530652;;CHA;2018-06-22;2100-12-31;TRA4A;TRA4A;Darleen;0203;;;N;Y;N;N;;N;;GO;GNS;FPO;;;;;6.10;0.00;1.00;0.00;0.00;7.00;0.00;3;2001-03-19;MFL;;;PA;1982-01-01
DEU;DEU001540300;;RET;2005-07-25;2005-07-25;NEU229;NEU229;FALKE;DENHS;Neuharlingersiel;DCGQ;Y;N;N;;;;;TUB;TBB;OTB;;;;;15.51;13.80;21.00;0.00;0.00;174.00;0.00;1;1970-04-01;MFL;;;PA;1970-01-01
DEU;DEU001540604;;MOD;2023-06-01;2100-12-31;RED8C;RED8C;---;DEWIS;Wismar;;N;Y;N;N;Y;N;;GO;GNS;LLS;;;;;5.20;0.00;1.00;0.00;0.00;6.00;0.00;1;1996-04-26;MFL;;;;1990-01-01
DEU;DEU001540651;;RET;1998-05-14;1998-05-14;RER011A;RER011A;---;0651;;;N;N;N;;;;;FX;GNS;LLS;;;;;6.00;0.00;1.00;2.54;0.00;7.00;0.00;;1960-04-12;4C1;;;PA;
DEU;DEU001540652;;RET;2011-02-09;2011-02-09;POE26N;POE26N;---;0652;;;N;N;N;;;;;FX;GNS;LLS;;;;;4.35;0.00;1.00;0.00;0.00;5.00;0.00;3;2004-05-03;MFL;;;PA;1980-01-01
DEU;DEU001550300;;CHA;2025-03-17;2100-12-31;NEU230;NEU230;POLARIS;DENHS;Neuharlingersiel;DCCX;Y;Y;Y;Y;N;Y;211623000;TU;TBB;OTB;;;;;16.15;14.54;32.00;0.00;0.00;179.00;41.00;2;1987-11-06;MFL;;;PA;1987-01-01
DEU;DEU001550604;;RET;2008-11-10;2008-11-10;RED003BN;RED003BN;---;0604;;;N;N;N;;;;;FX;FPO;NO;;;;;4.25;0.00;1.00;1.27;0.00;0.00;0.00;3;1991-01-29;MFL;;;PA;1983-01-01
DEU;DEU001550651;;RET;2001-05-11;2001-05-11;RER046A;RER046A;---;0651;;;N;N;N;;;;;FX;GNS;LLS;;;;;5.85;0.00;1.00;2.40;0.00;7.00;0.00;;1983-12-04;4C1;;;PA;
DEU;DEU001550652;;RET;2015-07-28;2015-07-28;POE7;POE7;---;0652;;;N;N;N;;;;;FX;GNS;LLS;;;;;5.85;0.00;1.00;0.00;0.00;9.00;0.00;3;2004-07-06;MFL;;;PA;1987-01-01
DEU;DEU001560300;;CHA;2024-02-21;2100-12-31;HOER1;HOER1;MEDUSA;DEHRM;Hörnum-Sylt;DCFU;Y;Y;Y;Y;N;Y;211526880;TU;TBB;DRB;FPO;;;;14.98;13.58;39.00;0.00;0.00;184.00;0.00;2;1988-05-12;MFL;;;PA;1988-01-01
DEU;DEU001560604;;RET;2008-11-10;2008-11-10;RED004BN;RED004BN;---;0604;;;N;N;N;;;;;FX;GNS;NO;;;;;4.25;0.00;1.00;1.27;0.00;0.00;0.00;3;1991-01-29;MFL;;;PA;1984-01-01
DEU;DEU001560651;;MOD;2018-12-31;2100-12-31;RER52N;RER52N;---;0651;;;N;Y;N;N;;N;;GO;GNS;LLS;;;;;4.25;0.00;1.00;0.00;0.00;8.00;0.00;1;1988-12-01;MFL;;;;1985-01-01
DEU;DEU001560652;;RET;2020-12-21;2020-12-21;POE3N;POE3N;RAMONA;0652;;;N;N;N;N;;N;;GO;GNS;LLS;;;;;8.38;7.80;4.00;0.00;0.00;37.00;0.00;3;1995-04-03;MFL;;;PA;1995-01-01
DEU;DEU001570300;;RET;2008-12-30;2008-12-30;NEU235;NEU235;NORDLICHT;DENHS;Neuharlingersiel;;N;N;N;;;;;TUB;TBB;OTB;;;;;12.97;11.67;11.00;11.06;0.00;126.00;0.00;1;1953-09-10;MFL;;;PA;1952-01-01
DEU;DEU001570604;;RET;2012-07-17;2012-07-17;RED2N;RED2N;---;0604;;;N;N;N;;;;;FX;FPO;NO;;;;;5.45;0.00;1.00;2.10;0.00;6.00;0.00;1;1990-09-20;MFL;;;PA;1983-01-01
DEU;DEU001570651;;RET;2025-05-01;2025-05-01;RER045AN;RER045AN;---;DERRE;Rerik;;N;N;N;N;N;N;;GO;GNS;NO;;;;;4.10;0.00;1.00;0.00;0.00;11.00;0.00;1;1988-12-01;MFL;;;PA;1980-01-01
DEU;DEU001570652;;MOD;2024-01-01;2100-12-31;POE13;POE13;---;DETMD;"Timmendorf"", Poel";;N;Y;N;N;Y;N;;GO;GNS;FPO;;;;;4.60;0.00;1.00;0.00;0.00;4.00;0.00;3;2007-08-14;MFL;;;;2007-01-01
DEU;DEU001580300;;MOD;2024-05-31;2100-12-31;NOR223;NOR223;NORDLICHT;DENOE;Norddeich;DDFS;Y;Y;Y;Y;N;Y;211498000;TU;TBB;OTB;;;;;15.38;14.10;21.00;0.00;0.00;205.00;0.00;1;1967-10-15;MFL;;;;1967-01-01
DEU;DEU001580604;;RET;2019-05-21;2019-05-21;RED7N;RED7N;---;0604;;;N;N;N;N;;N;;GO;GNS;LLS;;;;;6.50;0.00;1.00;0.00;0.00;11.00;0.00;3;1996-08-01;MFL;;;PA;1994-01-01
DEU;DEU001580651;;RET;2014-11-25;2014-11-25;RER45B;RER45B;---;0651;;;N;N;N;;;;;FX;GNS;LLS;;;;;4.60;0.00;1.00;0.00;0.00;18.00;0.00;1;1988-12-01;MFL;;;PA;1980-01-01
DEU;DEU001580652;;MOD;2024-01-01;2100-12-31;POE33;POE33;Mona;DEKDM;Kirchdorf;;N;Y;N;N;Y;N;;GO;GNS;FPO;;;;;6.35;0.00;1.00;0.00;0.00;14.00;0.00;3;2011-09-14;MFL;;;;1977-01-01
DEU;DEU001590300;;RET;1995-09-30;1995-09-30;NEU241;NEU241;LIEBE;DENHS;Neuharlingersiel;;N;N;N;;;;;TUB;TBB;OTB;;;;;12.78;11.38;0.00;10.21;0.00;114.00;0.00;1;1956-11-28;C11;;;AC;1956-01-01
DEU;DEU001590604;;RET;2005-12-01;2005-12-01;BOI6;BOI6;---;0604;;;N;N;N;;;;;FX;GNS;LLS;;;;;4.25;0.00;1.00;0.00;0.00;6.00;0.00;3;1997-03-25;MFL;;;PA;1997-01-01
DEU;DEU001590651;;RET;1998-01-05;1998-01-05;RER28N;RER28N;---;0651;;;N;N;N;;;;;FX;GNS;LLS;;;;;5.00;0.00;1.00;1.80;0.00;6.00;0.00;;1995-06-26;4C1;;;PA;
DEU;DEU001590652;;RET;2024-01-01;2024-01-01;POE49N;POE49N;---;DEKDM;Kirchdorf;;N;N;N;N;N;N;;GO;GNS;FPO;;;;;5.06;0.00;1.00;0.00;0.00;22.00;0.00;3;2015-06-29;MFL;;;PA;2015-01-01
DEU;DEU001600300;;RET;1998-04-27;1998-04-27;NEU243;NEU243;SEESCHWALBE;DENHS;Neuharlingersiel;DFNS;Y;N;N;;;;;TUB;TBB;OTB;;;;;15.52;14.54;0.00;24.11;0.00;177.00;0.00;1;1968-06-01;4C5;;;AC;1960-01-01
DEU;DEU001600604;;RET;1998-08-14;1998-08-14;WIS7N;WIS7N;---;0604;;;N;N;N;;;;;FX;GNS;LLS;;;;;5.30;0.00;1.00;1.98;0.00;10.00;0.00;;1997-03-25;4C1;;;PA;
DEU;DEU001600651;;MOD;2005-12-23;2100-12-31;RER3;RER3;---;0651;;;N;Y;N;;;;;FX;GNS;LLS;;;;;4.80;0.00;1.00;0.00;0.00;13.00;0.00;3;1995-09-01;MFL;;;PA;1994-01-01
DEU;DEU001600652;;RET;2019-02-01;2019-02-01;POE51N;POE51N;---;0652;;;N;N;N;N;;N;;GO;GNS;FPO;;;;;5.06;0.00;1.00;0.00;0.00;6.00;0.00;3;2016-05-01;MFL;;;PA;2016-01-01
DEU;DEU001600654;;MOD;2014-09-23;2100-12-31;TRA4B;TRA4B;POLLUX;0203;;;N;Y;N;;;;;FX;GNS;FPO;;;;;4.26;0.00;1.00;0.00;0.00;6.00;0.00;3;2004-09-21;MFL;;;;1996-01-01
DEU;DEU001610300;;MOD;2023-06-19;2100-12-31;NEU245;NEU245;SEESTERN;DENHS;Neuharlingersiel;DCKM;Y;Y;Y;Y;N;Y;;TU;TBB;OTB;;;;;16.27;14.82;35.00;0.00;0.00;221.00;0.00;2;1983-03-12;MFL;;;;1983-01-01
DEU;DEU001610604;;MOD;2005-02-02;2100-12-31;WIS9N;WIS9N;RENATE;0604;;;N;Y;N;;;;;FX;GNS;LLS;;;;;5.25;0.00;1.00;1.76;0.00;27.00;0.00;3;1997-08-07;MFL;;;;1997-01-01
DEU;DEU001610651;;MOD;2004-06-07;2100-12-31;RER35;RER35;CAROLINE;0651;;;N;Y;N;;;;;FX;GNS;LLS;;;;;9.83;8.36;7.00;7.00;0.00;59.00;0.00;3;1996-07-09;MFL;;;;1996-01-01
DEU;DEU001610652;;MOD;2024-01-01;2100-12-31;POE99;POE99;---;DEKDM;Kirchdorf;;N;Y;N;N;Y;N;;GO;GNS;FPO;;;;;4.35;0.00;1.00;0.00;0.00;10.00;0.00;3;2018-03-01;MFL;;;;2010-01-01
DEU;DEU001620300;;MOD;2016-03-16;2100-12-31;NOR201;NOR201;ROSWIETHA;0304;;DCDM;Y;Y;Y;;;;;FX;TBB;OTB;;;;;18.91;17.00;43.00;0.00;0.00;221.00;0.00;2;1979-08-01;MFL;;;PA;1979-01-01
DEU;DEU001620604;;RET;2010-10-05;2010-10-05;RED9;RED9;---;0604;;;N;N;N;;;;;FX;GNS;LLS;;;;;4.25;0.00;1.00;1.25;0.00;4.00;0.00;3;1998-08-14;MFL;;;PA;1997-01-01
DEU;DEU001620651;;RET;2017-06-01;2017-06-01;RER18;RER18;---;0651;;;N;N;N;;;;;FX;GNS;LLS;;;;;5.25;0.00;1.00;0.00;0.00;29.00;0.00;3;1997-05-05;MFL;;;PA;1996-01-01
DEU;DEU001620652;;CHA;2020-01-01;2100-12-31;POE53N;POE53N;---;0652;;;N;Y;N;N;;N;;GO;GNS;LLS;;;;;4.15;0.00;1.00;0.00;0.00;19.00;0.00;3;2020-01-01;MFL;;;PA;1994-01-01
DEU;DEU001630300;;MOD;2013-04-01;2100-12-31;ACC3;ACC3;HARMONIE;0313;;DCRK;Y;Y;Y;;;;;FX;TBB;OTB;;;;;22.56;20.10;61.00;0.00;0.00;221.00;0.00;2;1974-10-15;MFL;;;;1962-01-01
DEU;DEU001630604;;RET;2018-05-04;2018-05-04;BUR2;BUR2;KIM;0206;;;N;N;N;N;;N;;GO;GNS;FPO;;;;;6.39;0.00;1.00;0.00;0.00;18.00;0.00;3;2000-10-02;MFL;;;PA;1986-01-01
DEU;DEU001630651;;MOD;2003-01-01;2100-12-31;RER19;RER19;---;0651;;;N;Y;N;;;;;FX;GNS;LLS;;;;;5.25;0.00;1.00;1.76;0.00;18.00;0.00;3;1997-05-05;MFL;;;;1996-01-01
DEU;DEU001640300;;RET;2011-01-01;2011-01-01;NOR203;NOR203;SPERBER;DENOE;Norddeich;DFND;Y;N;Y;;;;;TUB;TBB;OTB;;;;;16.74;15.52;35.00;33.88;0.00;169.00;0.00;1;1956-05-17;MFL;;;PA;1956-01-01
DEU;DEU001640604;;MOD;2008-07-22;2100-12-31;WIS12;WIS12;LINA;0604;;;N;Y;N;;;;;FX;GNS;LLS;;;;;7.80;0.00;3.00;5.71;0.00;47.00;0.00;3;2003-12-08;MFL;;;;1974-01-01
DEU;DEU001640651;;MOD;2006-03-06;2100-12-31;RER15N;RER15N;---;0651;;;N;Y;N;;;;;FX;GNS;LLS;;;;;4.80;0.00;1.00;0.00;0.00;7.00;0.00;3;1987-05-14;MFL;;;PA;1987-01-01
DEU;DEU001650300;8429082;RET;2025-02-23;2025-02-23;NOR204;NOR204;ANDREA;DENOE;Norddeich;DCWH;Y;N;Y;Y;N;Y;211103000;DB;DRB;TBB;;;;;34.91;32.95;171.00;0.00;0.00;294.00;164.00;2;1977-10-01;AQU;;;PA;1977-01-01
DEU;DEU001650604;;MOD;2023-10-12;2100-12-31;WIS5;WIS5;---;DEWIS;Wismar;;N;Y;N;N;Y;N;;GO;GNS;FPO;;;;;4.70;0.00;1.00;0.00;0.00;10.00;0.00;3;2005-10-18;MFL;;;;2005-01-01
DEU;DEU001650651;;MOD;2007-03-13;2100-12-31;RER21;RER21;---;0651;;;N;Y;N;;;;;FX;GNS;LLS;;;;;4.85;0.00;1.00;1.20;0.00;6.00;0.00;3;1998-07-22;MFL;;;;1998-01-01
DEU;DEU001660300;;MOD;2022-02-22;2100-12-31;GRE7;GRE7;Horst Looden;DEGRE;Greetsiel;DCEM;Y;Y;Y;Y;;Y;211605000;TU;TBB;OTB;;;;;16.44;14.78;27.00;0.00;0.00;221.00;0.00;1;1980-03-10;MFL;;;;1980-01-01
DEU;DEU001660604;;MOD;2015-03-11;2100-12-31;PEP2N;PEP2N;---;DEWIS;Wismar;;N;Y;N;N;;N;;GO;GNS;FPO;;;;;4.74;0.00;1.00;0.00;0.00;7.00;0.00;3;2008-05-22;MFL;;;;2008-01-01
DEU;DEU001660651;;RET;2007-01-31;2007-01-31;RER20;RER20;---;0651;;;N;N;N;;;;;FX;GNS;LLS;;;;;4.25;0.00;1.00;0.00;0.00;0.00;0.00;3;1998-07-30;MFL;;;PA;1965-01-01
DEU;DEU001670300;;RET;2004-11-04;2004-11-04;NOR206;NOR206;NEPTUN;DENOE;Norddeich;DCKS;Y;N;N;;;;;TUB;TBB;OTB;;;;;17.03;15.07;32.00;29.78;0.00;221.00;0.00;2;1971-08-25;MFL;;;PA;1971-01-01
DEU;DEU001670604;;MOD;2020-08-27;2100-12-31;RED12N;RED12N;---;0604;;;N;Y;N;N;;N;;GO;GNS;LLS;;;;;5.74;0.00;1.00;0.00;0.00;15.00;0.00;3;2008-11-25;MFL;;;;2008-01-01
DEU;DEU001670651;;RET;2007-06-01;2007-06-01;RER16N;RER16N;---;0651;;;N;N;N;;;;;FX;GNS;LLS;;;;;4.25;0.00;1.00;0.00;0.00;0.00;0.00;3;1999-03-30;MFL;;;PA;1976-01-01
DEU;DEU001680300;;RET;2011-01-31;2011-01-31;NOR207;NOR207;SEESTERN;DENOE;Norddeich;DCJS;Y;N;Y;;;;;TUB;TBB;OTB;;;;;15.42;13.80;22.00;20.67;0.00;147.00;0.00;1;1971-04-01;MFL;;;PA;1971-01-01
DEU;DEU001680604;;CHA;2011-07-12;2100-12-31;WIS13;WIS13;BEN-OLE;0604;;;N;Y;N;;;;;FX;GNS;FPO;;;;;4.15;0.00;1.00;0.00;0.00;4.00;0.00;3;2011-07-12;MFL;;;PA;1988-01-01
DEU;DEU001680651;;RET;2008-11-04;2008-11-04;RER32;RER32;SEESTERN;0651;;;N;N;N;;;;;FX;GNS;LLS;;;;;6.00;0.00;1.00;0.00;0.00;18.00;0.00;3;2000-02-10;MFL;;;PA;1992-01-01
DEU;DEU001690300;;MOD;2019-03-13;2100-12-31;NOR208;NOR208;ERIKA;0304;;DCHU;Y;Y;Y;Y;;Y;211484000;TU;TBB;OTB;;;;;17.09;15.24;32.00;0.00;0.00;191.00;0.00;2;1969-04-15;MFL;;;;1969-01-01
DEU;DEU001690604;;MOD;2023-10-12;2100-12-31;WIS16;WIS16;---;DEWIS;Wismar;;N;Y;N;N;Y;N;;GO;GNS;FPO;;;;;5.06;0.00;1.00;0.00;0.00;22.00;0.00;3;2012-02-14;MFL;;;;2012-01-01
DEU;DEU001690651;;MOD;2003-01-01;2100-12-31;RER30;RER30;NIDDEN;0651;;DMPY;Y;Y;N;;;;;FX;GNS;LLS;;;;;9.98;8.98;10.00;0.00;0.00;82.00;0.00;3;2000-02-21;MFL;;;;2000-01-01
DEU;DEU001700300;;RET;1995-11-20;1995-11-20;NOR209;NOR209;SIRIUS;0304;;DCLS;Y;N;N;;;;;FX;GNS;NK;;;;;12.65;11.90;13.00;13.26;0.00;96.00;0.00;;1955-11-19;C11;;;PA;
DEU;DEU001700604;;MOD;2019-01-01;2100-12-31;RED13N;RED13N;---;0604;;;N;Y;N;N;;N;;GO;GNS;LLS;;;;;4.74;0.00;1.00;0.00;0.00;8.00;0.00;3;2012-07-17;MFL;;;;2012-01-01
DEU;DEU001700651;;CHA;2008-07-25;2100-12-31;RER22N;RER22N;---;0651;;;N;Y;N;;;;;FX;GNS;LLS;;;;;4.80;0.00;1.00;0.00;0.00;6.00;0.00;3;2000-08-28;MFL;;;PA;2000-01-01
DEU;DEU001700654;;MOD;2025-02-01;2100-12-31;TAR18;TAR18;Svalen;DETAZ;Tarnewitz;DJ4533;Y;Y;N;N;Y;N;;GO;GNS;FPO;;;;;8.38;7.38;4.00;0.00;0.00;60.00;0.00;3;2006-05-29;MFL;;;;1989-01-01
DEU;DEU001710300;;RET;1991-10-04;1991-10-04;NOR210;NOR210;HILDEGARD;0304;;DCMF;Y;N;N;;;;;FX;TBB;OTB;;;;;15.14;13.97;0.00;20.03;0.00;147.00;0.00;;1960-04-01;4;;;PA;
DEU;DEU001710604;;MOD;2019-01-01;2100-12-31;RED14N;RED14N;---;0604;;;N;Y;N;N;;N;;GO;GNS;FPO;;;;;5.20;0.00;1.00;0.00;0.00;15.00;0.00;3;2013-08-27;MFL;;;;1978-01-01
DEU;DEU001710651;;MOD;2023-11-20;2100-12-31;RER47N;RER47N;---;DERRE;Rerik;;N;Y;N;N;Y;N;;GO;GNS;LLS;;;;;4.45;0.00;1.00;0.00;0.00;7.00;0.00;3;2001-05-15;MFL;;;;2001-01-01
DEU;DEU001720300;;MOD;2013-04-01;2100-12-31;NOR211;NOR211;HELGA;0304;;DCPP;Y;Y;Y;;;;;FX;TBB;OTB;;;;;15.97;14.38;25.00;23.55;0.00;175.00;0.00;1;1973-04-01;MFL;;;;1973-01-01
DEU;DEU001720651;;RET;2005-11-22;2005-11-22;RER33Z;RER33Z;---;0651;;;N;N;N;;;;;FX;GNS;LLS;;;;;4.40;0.00;1.00;0.00;0.00;20.00;0.00;3;2001-07-20;MFL;;;PA;2000-01-01
DEU;DEU001730300;;RET;2000-04-14;2000-04-14;WRE8;WRE8;LUISE;DEWRY;Wremen;DCMN;Y;N;N;;;;;TUB;TBB;GNS;;;;;11.19;9.56;14.00;12.00;0.00;91.00;0.00;1;1989-05-10;4C5;;;PA;1989-01-01
DEU;DEU001730604;;CHA;2019-03-01;2100-12-31;RED16N;RED16N;---;0604;;;N;Y;N;N;;N;;GO;GNS;LLS;;;;;4.20;0.00;1.00;0.00;0.00;4.00;0.00;3;2019-03-01;MFL;;;PA;2000-01-01
DEU;DEU001730651;;MOD;2014-01-28;2100-12-31;WIE53;WIE53;GEMINI;0608;;DBRM;Y;Y;N;;;;;FX;GNS;LLS;;;;;11.44;9.97;10.00;0.00;0.00;80.00;0.00;3;2001-12-17;MFL;;;PA;2001-01-01
DEU;DEU001740300;;RET;1992-08-17;1992-08-17;NOR215;NOR215;HERMANN OHE;0304;;;N;N;N;;;;;FX;GNS;NO;;;;;7.90;0.00;0.00;4.41;0.00;33.00;0.00;;1986-05-01;C19;;;PA;
DEU;DEU001740651;;MOD;2014-12-03;2100-12-31;RER39;RER39;---;0651;;;N;Y;N;;;;;FX;GNS;LLS;;;;;4.70;0.00;1.00;0.00;0.00;16.00;0.00;3;2002-03-27;MFL;;;;2001-01-01
DEU;DEU001750300;;DES;1997-12-30;1997-12-30;NOR218;NOR218;ELISE;0304;;DCDX;Y;N;N;;;;;FX;DRB;NO;;;;;17.94;17.09;0.00;34.78;0.00;221.00;0.00;;1965-04-20;4CZ;;;PA;
DEU;DEU001750651;;RET;2007-12-27;2007-12-27;RER41;RER41;---;0651;;;N;N;N;;;;;FX;GNS;LLS;;;;;7.23;0.00;2.00;0.00;0.00;18.00;0.00;3;2002-05-02;MFL;;;PA;1990-01-01
DEU;DEU001760300;;RET;2020-03-11;2020-03-11;GRE32;GRE32;SPERBER;0308;;DCTH;Y;N;Y;Y;;Y;;TU;TBB;OTB;;;;;15.55;13.80;21.00;0.00;0.00;110.00;0.00;1;1976-04-26;MFL;;;PA;1976-01-01
DEU;DEU001760651;;MOD;2014-12-03;2100-12-31;RER48N;RER48N;---;0651;;;N;Y;N;;;;;FX;GNS;LLS;;;;;4.28;0.00;1.00;0.00;0.00;11.00;0.00;3;2003-01-30;MFL;;;;1997-01-01
DEU;DEU001770300;;MOD;2023-12-01;2100-12-31;NOR225;NOR225;NORDMEER;DENOE;Norddeich;DCDB;Y;Y;Y;Y;N;Y;211490000;TU;TBB;FPO;OTB;;;;15.57;13.80;22.00;0.00;0.00;206.00;0.00;1;1979-05-21;MFL;;;;1979-01-01
DEU;DEU001770651;;MOD;2018-12-31;2100-12-31;RER49N;RER49N;---;0651;;;N;Y;N;N;;N;;GO;GNS;LLS;;;;;5.06;0.00;1.00;0.00;0.00;7.00;0.00;3;2007-01-31;MFL;;;PA;2007-01-01
DEU;DEU001780300;;RET;1996-03-12;1996-03-12;NOR224;NOR224;NORDLAND;DENOE;Norddeich;DCTA;Y;N;N;;;;;TUB;TBB;OTB;;;;;15.10;13.29;0.00;17.15;0.00;110.00;0.00;1;1949-12-20;C11;;;PA;1949-01-01
DEU;DEU001780651;;RET;2021-02-09;2021-02-09;RER51;RER51;---;DERRE;Rerik;;N;N;N;N;;N;;GO;GNS;LLS;;;;;4.28;0.00;1.00;0.00;0.00;4.00;0.00;3;2007-03-28;MFL;;;PA;1992-01-01
DEU;DEU001790300;;RET;2004-04-20;2004-04-20;NOR228;NOR228;NORDSTERN;DENOE;Norddeich;DCWV;Y;N;N;;;;;TUB;TBB;OTB;;;;;15.51;13.80;21.00;21.08;0.00;185.00;0.00;1;1968-04-01;MFL;;;PA;1968-01-01
DEU;DEU001790651;;RET;2017-01-01;2017-01-01;RER23N;RER23N;---;0651;;;N;N;N;;;;;FX;GNS;LLS;;;;;4.74;0.00;1.00;0.00;0.00;6.00;0.00;3;2009-04-28;MFL;;;PA;2009-01-01
DEU;DEU001800300;;RET;1996-03-12;1996-03-12;NOR230;NOR230;NORDSEE;DENOE;Norddeich;DCKR;Y;N;N;;;;;TUB;TBB;OTB;;;;;15.16;14.09;0.00;17.98;0.00;110.00;0.00;1;1959-04-01;C11;;;PA;1959-01-01
DEU;DEU001800651;;CST;2017-01-01;2100-12-31;RER53N;RER53N;---;0651;;;N;Y;N;;;;;FX;GNS;FPO;;;;;4.20;0.00;1.00;0.00;0.00;18.00;0.00;3;2017-01-01;MFL;;;PA;2016-01-01
DEU;DEU001800654;;MOD;2014-01-14;2100-12-31;TAR1AN;TAR1AN;---;0654;;;N;Y;N;;;;;FX;GNS;LLS;;;;;5.50;0.00;1.00;0.00;0.00;12.00;0.00;3;2008-02-26;MFL;;;;1994-01-01
DEU;DEU001810300;;MOD;2013-04-01;2100-12-31;NOR231;NOR231;NORDSTROM I;0304;;DCIO;Y;Y;Y;;;;;FX;TBB;OTB;;;;;17.10;15.38;38.00;35.28;0.00;219.00;0.00;2;1982-04-18;MFL;;;;1982-01-01
DEU;DEU001810651;;CST;2022-05-03;2100-12-31;RER56;RER56;---;DERRE;Rerik;;N;Y;N;N;;N;;GO;GNS;FPO;;;;;5.06;0.00;1.00;0.00;0.00;29.00;0.00;3;2022-05-03;MFL;;;PA;2022-01-01
DEU;DEU001820300;;DES;2024-03-20;2024-03-20;NOR232;NOR232;NORDSTRAND;DENOE;Norddeich;DCTA;Y;N;Y;Y;N;Y;211643000;TU;TBB;OTB;;;;;15.41;13.80;21.00;0.00;0.00;221.00;0.00;1;1966-06-01;MFL;;;PA;1966-01-01
DEU;DEU001820651;;CHA;2022-05-01;2100-12-31;RER57N;RER57N;---;DERRE;Rerik;;N;Y;N;N;;N;;GO;GNS;FPO;;;;;4.80;0.00;1.00;0.00;0.00;8.00;0.00;3;2022-05-01;MFL;;;PA;1998-01-01
DEU;DEU001830300;;RET;1996-09-06;1996-09-06;NOR236N;NOR236N;SEEPFERDCHEN;DENRD;Norderney;DITX;Y;N;N;;;;;TUB;TBB;OTB;;;;;16.58;15.26;0.00;28.36;0.00;99.00;0.00;2;1985-04-01;C11;;;PA;1961-01-01
DEU;DEU001830651;;CHA;2023-08-02;2100-12-31;RER60;RER60;---;DERRE;Rerik;;N;Y;N;N;Y;N;;GO;GNS;FPO;;;;;4.95;0.00;1.00;0.00;0.00;19.00;0.00;3;2023-08-02;MFL;;;PA;2003-01-01
DEU;DEU001840300;;RET;1996-04-15;1996-04-15;POG2;POG2;JAN;DEPGM;Pogum;DCRD;Y;N;N;;;;;TUB;TBB;OTB;;;;;15.25;13.22;0.00;20.57;0.00;146.00;0.00;1;1965-04-15;C11;;;PA;1965-01-01
DEU;DEU001840651;;CST;2023-11-07;2100-12-31;RER61;RER61;---;DERRE;Rerik;;N;Y;N;N;Y;N;;GO;GNS;FPO;;;;;5.00;0.00;1.00;0.00;0.00;37.00;0.00;3;2023-11-07;MFL;;;PA;2023-01-01
DEU;DEU001850300;;RET;1992-08-17;1992-08-17;POG3;POG3;GLUECKAUF;0317;;;N;N;N;;;;;FX;GNS;NO;;;;;7.00;6.09;0.00;2.47;0.00;7.00;0.00;;1951-09-04;C19;;;PA;
DEU;DEU001860300;;RET;1992-08-17;1992-08-17;POG4;POG4;NEPTUN;0317;;;N;N;N;;;;;FX;GNS;NO;;;;;6.90;0.00;0.00;3.36;0.00;23.00;0.00;;1971-01-01;C19;;;PA;
DEU;DEU001870300;;RET;1992-08-17;1992-08-17;TER5;TER5;DIANA;0331;;;N;N;N;;;;;FX;TBB;OTB;;;;;13.00;12.00;0.00;12.30;0.00;26.00;0.00;;1940-01-01;C12;;;PA;
DEU;DEU001880300;;RET;1992-08-17;1992-08-17;TER6;TER6;GERDA;0331;;;N;N;N;;;;;FX;GNS;NO;;;;;5.20;4.52;0.00;1.59;0.00;8.00;0.00;;1966-04-01;C19;;;PA;
DEU;DEU001890300;;RET;2002-01-15;2002-01-15;NOR202;NOR202;JOHANNE;DENOE;Norddeich;DD3833;Y;N;N;;;;;TUB;TBB;OTB;;;;;14.06;12.99;15.00;15.30;0.00;107.00;0.00;1;1957-03-27;4C5;;;PA;1956-01-01
DEU;DEU001900300;;RET;2023-11-30;2023-11-30;GRE2;GRE2;ERNA;DEGRE;Greetsiel;DCOH;Y;N;Y;Y;N;Y;211521000;TU;TBB;OTB;;;;;15.62;13.86;26.00;0.00;0.00;110.00;0.00;1;1972-04-20;MFL;;;PA;1972-01-01
DEU;DEU001900654;;CHA;2022-09-09;2100-12-31;NIE3;NIE3;PEARL;DE64Z;Niendorf Ostsee;;N;Y;N;N;;N;;GO;GNS;LLS;;;;;5.06;0.00;1.00;0.00;0.00;19.00;0.00;3;2009-11-09;MFL;;;PA;2009-01-01
DEU;DEU001910300;;DES;2009-03-03;2009-03-03;GRE13;GRE13;JAN LOODEN;DEGRE;Greetsiel;DCRA;Y;N;Y;;;;;TUB;TBB;OTB;;;;;15.97;14.38;28.00;24.10;0.00;221.00;0.00;1;1974-10-21;MFL;;;PA;1974-01-01
DEU;DEU001910654;;RET;2021-05-01;2021-05-01;TAR21N;TAR21N;Lütt Johann;DETAZ;Tarnewitz;;N;N;N;N;;N;;GO;GNS;LLS;;;;;6.10;0.00;1.00;0.00;0.00;37.00;0.00;3;2011-06-20;MFL;;;PA;1980-01-01
DEU;DEU001920300;;RET;1993-02-10;1993-02-10;VAR11;VAR11;SEEFALKE;DEVAR;Varel;;N;N;N;;;;;TUB;TBB;OTB;;;;;11.75;10.22;0.00;12.55;0.00;140.00;0.00;1;1940-01-01;C12;;;PA;1932-01-01
DEU;DEU001930300;;RET;1992-08-17;1992-08-17;NOR1;NOR1;GARNELE;DENHA;Nordenham;;N;N;N;;;;;TUB;TBB;NO;;;;;13.91;12.38;0.00;13.09;0.00;85.00;0.00;1;1961-12-31;C19;;;PA;1961-01-01
DEU;DEU001940300;;RET;1992-08-04;1992-08-04;TOEN2;TOEN2;HAY;DETOE;Tönning;;N;N;N;;;;;TUB;TBB;OTB;;;;;8.20;0.00;0.00;6.00;0.00;40.00;0.00;1;1961-12-31;C11;;;PA;1961-01-01
DEU;DEU001950300;;DES;1990-05-31;1990-05-31;SPI9;SPI9;RUEM HART 2;0303;;DIVK;Y;N;N;;;;;FX;TBB;OTB;;;;;13.80;13.05;0.00;15.61;0.00;130.00;0.00;;1957-12-31;4;;;PA;
DEU;DEU001980300;9001899;MOD;2024-02-01;2100-12-31;HOO71;HOO71;SIEBENNUS GERJETS;DEHOO;Hooksiel;DCYE;Y;Y;Y;Y;N;Y;211363300;DB;DRB;TBB;;;;;38.65;35.75;221.00;0.00;0.00;600.00;529.00;2;1990-11-28;MFL;;;;1990-01-01
DEU;DEU001990300;;MOD;2013-04-01;2100-12-31;GRE4;GRE4;MAGELLAN;0308;;DMXQ;Y;Y;Y;;;;;FX;TBB;OTB;;;;;17.52;15.81;49.00;31.90;0.00;184.00;0.00;2;1991-02-01;MFL;;;;1990-01-01
DEU;DEU002000300;9187203;EXP;2009-02-11;2009-02-11;NG15;NG15;AALTJE VISSER;DEEME;Emden;DFRA;Y;N;Y;;;;;TUB;TBB;OTB;;;;;23.97;21.07;150.00;0.00;0.00;220.00;0.00;2;1998-06-24;MFL;GBR;EX;PA;1997-01-01
DEU;DEU002010300;;MOD;2013-09-10;2100-12-31;FED12;FED12;RUBIN;0311;;DDIT;Y;Y;Y;;;;;FX;TBB;OTB;;;;;16.98;14.93;45.00;28.65;0.00;220.00;0.00;2;1991-08-14;MFL;;;PA;1991-01-01
DEU;DEU002020300;;RET;2017-04-13;2017-04-13;SC40;SC40;SIRIUS;0101;;DFMP;Y;N;Y;;;;;FX;TBB;OTB;;;;;23.96;22.38;86.00;0.00;0.00;221.00;0.00;2;1991-10-09;MFL;;;PA;1990-01-01
DEU;DEU002030300;9107629;MOD;2022-10-28;2100-12-31;SU14;SU14;MADONNA;DENOR;Nordstrand;DFPD;Y;Y;Y;Y;;Y;211317290;TU;TBB;OTB;;;;;23.39;21.28;81.00;0.00;0.00;220.00;93.00;2;1994-11-25;MFL;;;;1994-01-01
DEU;DEU002040300;;MOD;2020-07-31;2100-12-31;DIT6;DIT6;AMISIA;0315;;DQNW;Y;Y;Y;Y;;Y;211587000;TU;TBB;OTB;;;;;18.90;17.06;62.00;0.00;0.00;221.00;0.00;2;1996-04-09;MFL;;;;1995-01-01
DEU;DEU002050300;;MOD;2023-08-28;2100-12-31;POG1;POG1;JAN;DEPGM;Pogum;DQQH;Y;Y;Y;Y;N;Y;211590000;TU;TBB;OTB;FPO;;;;18.97;17.06;62.00;0.00;0.00;221.00;0.00;2;1996-03-28;MFL;;;;1996-01-01
DEU;DEU002060300;;MOD;2015-02-16;2100-12-31;DIT3;DIT3;STIENE BRUHNS;0315;;DQNX;Y;Y;Y;;;;;FX;TBB;OTB;;;;;18.98;17.06;62.00;0.00;0.00;216.00;0.00;2;1996-04-04;MFL;;;;1996-01-01
DEU;DEU002070300;;MOD;2023-06-22;2100-12-31;DIT1;DIT1;MARTHA BRUHNS;DEDIT;Ditzum;DQQJ;Y;Y;Y;Y;N;Y;211586000;TU;TBB;OTB;FPO;;;;18.99;17.06;62.00;0.00;0.00;216.00;0.00;2;1996-06-10;MFL;;;;1996-01-01
DEU;DEU002080300;;MOD;2025-05-12;2100-12-31;GRE21;GRE21;GEEN TIED;DEGRE;Greetsiel;DQQY;Y;Y;Y;Y;N;Y;211589000;TU;TBB;OTB;FPO;;;;18.90;17.06;62.00;0.00;0.00;221.00;0.00;2;1996-07-23;MFL;;;;1996-01-01
DEU;DEU002090300;8933576;MOD;2024-09-06;2100-12-31;NOR214;NOR214;ANNA;DENOE;Norddeich;DQUQ;Y;Y;Y;Y;N;Y;211105000;DB;DRB;NO;;;;;35.15;32.77;193.00;0.00;0.00;560.00;371.00;2;1997-05-20;MFL;;;;1997-01-01
DEU;DEU002100300;;MOD;2014-04-28;2100-12-31;FED2;FED2;SEESTERN;0311;;DDHZ;Y;Y;N;;;;;FX;TBB;OTB;;;;;14.65;13.41;27.00;0.00;0.00;216.00;0.00;2;2000-04-14;MFL;;;PA;1999-01-01
DEU;DEU002110300;9226243;MOD;2015-12-01;2100-12-31;BRA7;BRA7;JADE;DEBKE;Brake;DDIV;Y;Y;Y;Y;;Y;211332750;TU;TBB;OTB;;;;;23.80;21.32;158.00;0.00;0.00;367.00;0.00;2;2000-06-05;MFL;;;PA;2000-01-01
DEU;DEU002120300;9048902;RET;2024-02-26;2024-02-26;NC101;NC101;BALDVIN;DECUX;Cuxhaven;DFIT;Y;N;Y;Y;N;Y;211102000;TTP;OTB;OTM;;;;;80.35;73.65;2348.00;0.00;0.00;3000.00;536.00;2;1992-12-31;MFL;;;PA;1992-01-01
DEU;DEU002130300;;MOD;2013-04-01;2100-12-31;GRE10;GRE10;NORDLICHT;0308;;DBWY;Y;Y;Y;;;;;FX;TBB;OTB;;;;;19.75;17.72;51.00;0.00;0.00;221.00;0.00;2;2003-03-19;MFL;;;;2002-01-01
DEU;DEU002140300;9284099;MOD;2013-04-01;2100-12-31;HOO70;HOO70;ROYAL FRYSK;0310;;DCZY;Y;Y;Y;;;;;FX;DRB;TBB;;;;;45.54;43.29;345.00;0.00;0.00;750.00;732.00;2;2003-10-07;MFL;;;;2003-01-01
DEU;DEU002150300;;EXP;2005-07-18;2005-07-18;NC102;NC102;SUNDABERG;0301;;DMEL;Y;N;Y;;;;;FX;OTB;OTM;;;;;67.00;59.33;2385.00;0.00;0.00;3604.00;0.00;2;1988-12-31;MFL;FRO;SM;PA;1988-01-01
DEU;DEU002160300;;MOD;2021-03-18;2100-12-31;GRE6;GRE6;ALBATROS;DEGRE;Greetsiel;DCBF;Y;Y;Y;Y;;Y;211626000;TU;TBB;OTB;;;;;21.99;19.88;59.00;0.00;0.00;221.00;0.00;2;2005-01-18;MFL;;;PA;2004-01-01
DEU;DEU002170300;;RET;2023-03-08;2023-03-08;DOR9;DOR9;SOLEA;DE75Q;Dorum;DDIX;Y;N;Y;Y;N;Y;211438440;TU;TBB;NO;;;;;11.85;10.80;13.00;0.00;0.00;118.00;0.00;2;2001-08-23;MFL;;;PA;1999-01-01
DEU;DEU002180300;8450172;EXP;2023-08-11;2023-08-11;GRE37;GRE37;LAMBERT;DEGRE;Greetsiel;DCFE2;Y;N;Y;Y;N;Y;211518140;TU;TBB;OTB;;;;;19.99;17.37;72.00;0.00;0.00;221.00;0.00;2;2011-01-10;MFL;NLD;EX;PA;2010-01-01
DEU;DEU002190300;9683300;MOD;2025-05-26;2100-12-31;NC322;NC322;HELGOLAND;DECUX;Cuxhaven;DFKR;Y;Y;Y;Y;N;Y;211593750;TTW;OTB;SDN;;;;;35.90;31.37;432.00;0.00;0.00;1326.00;199.00;2;2013-02-27;MFL;;;PA;2012-01-01
DEU;DEU002200300;9782778;MOD;2025-01-09;2100-12-31;NC100;NC100;CUXHAVEN;DECUX;Cuxhaven;DFQH;Y;Y;Y;Y;N;Y;218830000;TTP;OTB;OTM;;;;;81.22;75.54;3969.00;0.00;0.00;3600.00;2560.00;2;2017-08-16;MFL;;;;2017-01-01
DEU;DEU002210300;9782780;EXP;2021-10-01;2021-10-01;NC105;NC105;BERLIN;DECUX;Cuxhaven;DFQB;Y;N;Y;Y;;Y;218832000;TTP;OTB;OTM;;;;;81.22;75.54;3969.00;0.00;0.00;3600.00;2560.00;2;2017-12-01;MFL;RUS;EX;PA;2017-01-01
DEU;DEU002220300;9826055;MOD;2024-09-25;2100-12-31;NC302;NC302;IRIS;DECUX;Cuxhaven;DFKA;Y;Y;Y;Y;N;Y;211789180;TTW;OTB;OTM;;;;;35.30;32.70;684.00;0.00;0.00;1326.00;491.00;2;2019-06-26;MFL;;;PA;2017-11-08
DEU;DEU002230300;9826043;MOD;2024-09-30;2100-12-31;NC333;NC333;Janne-Kristin;DECUX;Cuxhaven;DFKB;Y;Y;Y;Y;N;Y;211789170;TTW;OTB;OTM;;;;;35.30;32.70;684.00;0.00;0.00;1326.00;450.00;2;2019-01-07;MFL;;;PA;2017-06-19
DEU;DEU002240300;;RET;2024-11-19;2024-11-19;DAN11N;DAN11N;JETTCHEN;DEWVN;Wilhelmshaven;;N;N;N;N;N;N;;WOP;FPO;GNS;;;;;6.03;0.00;1.00;0.00;0.00;7.00;0.00;3;2018-02-19;MFL;;;PA;1977-01-01
DEU;DEU002250300;;RET;2020-07-16;2020-07-16;DAN10N;DAN10N;FK-WILHELMSHAVEN;0333;;;N;N;N;N;;N;;TU;TBB;FPO;;;;;7.75;0.00;3.00;0.00;0.00;25.00;0.00;3;2019-12-06;MFL;;;PA;1955-01-01
DEU;DEU002260300;9900966;MOD;2024-10-02;2100-12-31;NC336;NC336;KRISTIN;DECUX;Cuxhaven;DFIR;Y;Y;Y;Y;N;Y;211325510;TTW;OTB;OTM;;;;;53.55;50.16;973.00;0.00;0.00;2309.00;852.00;2;2020-05-15;MFL;;;;2019-03-11
DEU;DEU002270300;;MOD;2022-09-29;2100-12-31;DAN12N;DAN12N;FK-WILHELMSHAVEN;DEWVN;Wilhelmshaven;;N;Y;N;N;;N;;TU;TBB;GNS;FPO;;;;7.90;0.00;4.00;0.00;0.00;59.00;0.00;3;2020-07-16;MFL;;;;1985-01-01
DEU;DEU002280300;9917397;MOD;2024-07-18;2100-12-31;BX792;BX792;JAN MARIA;DEBRV;Bremerhaven;DDPQ;Y;Y;Y;Y;N;Y;218004830;TTP;OTB;OTT;;;;;88.10;80.54;5997.00;0.00;0.00;7320.00;2600.00;2;2023-09-01;MFL;;;PA;2021-07-30
DEU;DEU002290300;9969558;MOD;2024-06-13;2100-12-31;NC107;NC107;BERLIN;DECUX;Cuxhaven;DFQB;Y;Y;Y;Y;N;Y;211887330;TTP;OTB;OTM;;;;;84.00;76.78;4345.00;0.00;0.00;5400.00;2425.00;2;2024-02-27;MFL;;;PA;2022-06-23
DEU;DEU002300300;;CHA;2024-08-14;2100-12-31;KNO1-N;KNO1-N;Mistral;DEEME;Emden;;N;Y;N;N;Y;N;;TU;TBB;TBB;;;;;7.98;0.00;3.00;0.00;0.00;35.00;0.00;2;2024-08-14;MFL;;;PA;1988-01-01
DEU;DEU002310300;;CHA;2024-09-14;2100-12-31;OLD1N;OLD1N;RIKI;DEOLU;Oldersum;;N;Y;N;N;Y;N;;TU;TBB;NK;;;;;6.30;0.00;1.00;0.00;0.00;26.00;0.00;2;2024-09-14;MFL;;;PA;2009-01-01
DEU;DEU002320300;;CHA;2025-01-30;2100-12-31;DAN11N;DAN11N;FK Arngast;DEDAN;Dangast;;N;Y;N;N;Y;N;;TU;GNS;FPO;LHP;;;;7.70;0.00;3.00;0.00;0.00;30.00;0.00;3;2025-01-30;MFL;;;PA;2000-01-01
DEU;DEU003330300;;RET;2000-06-08;2000-06-08;WIL5N;WIL5N;LIEKEDEELER;0333;;;N;N;N;;;;;FX;GNS;NO;;;;;10.99;0.00;8.00;4.92;0.00;48.00;0.00;;1985-01-01;4C1;;;PA;
DEU;DEU003400300;;RET;1992-08-17;1992-08-17;CUX9;CUX9;HOFFNUNG;0301;;;N;N;N;;;;;FX;GNS;TBB;;;;;10.00;0.00;0.00;7.07;0.00;66.00;0.00;;1988-04-01;C19;;;PA;
DEU;DEU003410300;;RET;1998-10-05;1998-10-05;CUX31N;CUX31N;ROSENGARTEN;DECUX;Cuxhaven;;N;N;N;;;;;TUB;TBB;NO;;;;;7.90;0.00;3.00;6.00;0.00;37.00;0.00;4;1983-12-01;4C5;;;PA;1983-01-01
DEU;DEU003430300;;MOD;2020-03-01;2100-12-31;WAR44N;WAR44N;CELINE;0603;;DA9418;Y;Y;N;N;;N;;GO;GNS;LLS;;;;;7.95;7.16;3.00;0.00;0.00;57.00;0.00;2;1996-11-15;MFL;;;;1974-01-01
DEU;DEU003530300;;RET;1998-05-07;1998-05-07;BEN3N;BEN3N;JUPITER;0321;;;N;N;N;;;;;FX;GNS;NO;;;;;6.00;0.00;1.00;1.00;0.00;22.00;0.00;;1984-09-01;4C1;;;PA;
DEU;DEU004700300;8577255;MOD;2025-07-01;2100-12-31;FED4;FED4;CHRISTINE;DEFEZ;Fedderwardersiel;DLIG;Y;Y;Y;Y;N;Y;211342400;TU;TBB;FPO;GNS;LHP;OTB;;19.70;17.80;59.00;0.00;0.00;221.00;0.00;2;1981-10-10;MFL;;;;1981-01-01
DEU;DEU100010213;;MOD;2024-11-11;2100-12-31;ECKE102;ECKE102;NINA;DEECK;Eckernförde;;N;Y;N;N;Y;N;;GO;GNS;GTR;LLS;FPO;;;6.40;0.00;1.00;0.00;0.00;7.00;0.00;3;1969-03-01;MFL;;;PA;1967-01-01
DEU;DEU100020213;;RET;2010-10-06;2010-10-06;FLE7A;FLE7A;---;0213;;;N;N;N;;;;;FX;GNS;LLS;;;;;6.00;0.00;1.00;2.54;0.00;7.00;0.00;1;1958-06-01;MFL;;;PA;1958-01-01
DEU;DEU100030213;;RET;2009-12-16;2009-12-16;FLE21;FLE21;---;0213;;;N;N;N;;;;;FX;GNS;LLS;;;;;5.30;0.00;1.00;1.99;0.00;4.00;0.00;3;1967-09-15;MFL;;;PA;1967-01-01
DEU;DEU100040213;;MOD;2025-09-04;2100-12-31;FLE21;FLE21;---;DEFLF;Flensburg;;N;Y;N;N;N;N;;GO;GNS;FPO;GTR;LLS;;;6.10;0.00;1.00;0.00;0.00;7.00;0.00;3;1982-06-01;MFL;;;;1982-01-01
DEU;DEU100050213;;RET;1993-10-11;1993-10-11;FLE22;FLE22;---;0213;;;N;N;N;;;;;FX;GNS;LLS;;;;;6.20;0.00;0.00;2.72;0.00;7.00;0.00;;1980-05-01;C19;;;PA;
DEU;DEU100100227;;MOD;2009-05-25;2100-12-31;KOL11;KOL11;FELIX;0119;;;N;Y;N;;;;;FX;FPO;GNS;;;;;7.90;0.00;3.00;6.01;0.00;37.00;0.00;3;1977-05-01;MFL;;;PA;1977-01-01
DEU;DEU100110227;;RET;1994-10-18;1994-10-18;LAN3;LAN3;---;0227;;;N;N;N;;;;;FX;DRB;LLS;;;;;8.10;0.00;0.00;7.00;0.00;29.00;0.00;;1980-09-22;G16;;;PA;
DEU;DEU100120227;;RET;1994-10-18;1994-10-18;LAN3A;LAN3A;---;0227;;;N;N;N;;;;;FX;GNS;NK;;;;;3.80;0.00;0.00;1.02;0.00;3.00;0.00;;1987-04-01;C19;;;PA;
DEU;DEU100130227;;RET;1994-10-18;1994-10-18;LAN3B;LAN3B;---;0227;;;N;N;N;;;;;FX;GNS;NK;;;;;6.20;0.00;0.00;2.72;0.00;0.00;0.00;;1987-09-01;C19;;;PA;
DEU;DEU100150227;;MOD;2022-12-07;2100-12-31;LAN9;LAN9;GESA;DELGY;Langballigau;DD5864;Y;Y;N;N;;N;;GO;GNS;FPO;GTR;;;;7.10;0.00;1.00;0.00;0.00;26.00;0.00;3;1987-05-01;MFL;;;;1980-01-01
DEU;DEU100160227;;RET;2023-10-23;2023-10-23;LAN28;LAN28;PETRA;DELGY;Langballigau;;N;N;N;N;N;N;;GO;GNS;LLS;;;;;5.30;0.00;1.00;0.00;0.00;5.00;0.00;3;1991-12-31;MFL;;;PA;1976-01-01
DEU;DEU100170225;;DES;1992-12-15;1992-12-15;WACK1;WACK1;BIRKNACK;0225;;;N;N;N;;;;;FX;GNS;NK;;;;;12.60;0.00;0.00;22.61;0.00;121.00;0.00;;1963-09-01;C19;;;PA;
DEU;DEU100180225;;RET;1992-05-01;1992-05-01;WACK1A;WACK1A;---;0225;;;N;N;N;;;;;FX;GNS;NK;;;;;6.40;0.00;0.00;2.89;0.00;13.00;0.00;;1973-08-01;C19;;;PA;
DEU;DEU100190225;;RET;1992-05-01;1992-05-01;WACK2;WACK2;---;0225;;;N;N;N;;;;;FX;GNS;NK;;;;;5.50;0.00;0.00;2.14;0.00;0.00;0.00;;1952-01-01;C19;;;PA;
DEU;DEU100210210;;MOD;2015-03-23;2100-12-31;HEI22;HEI22;MARIA;0219;;DJDZ;Y;Y;N;;;;;FX;OTB;LLD;;;;;14.65;14.19;24.00;0.00;0.00;221.00;0.00;1;1959-01-01;MFL;;;;1936-01-01
DEU;DEU100220210;;MOD;2021-05-01;2100-12-31;FLE40FF;FLE40FF;INGA;DEFLF;Flensburg;;N;Y;N;N;;N;;GO;GNS;FPO;;;;;6.40;0.00;2.00;0.00;0.00;4.00;0.00;3;1973-10-23;MFL;;;;1973-01-01
DEU;DEU100230210;;RET;1994-02-27;1994-02-27;MAA2;MAA2;PILGRIM;0210;;;N;N;N;;;;;FX;GNS;OTB;;;;;7.20;0.00;0.00;3.67;0.00;16.00;0.00;;1940-12-31;C19;;;PA;
DEU;DEU100250210;;RET;2011-06-08;2011-06-08;WIT2;WIT2;ROEDE ORM;DEWT1;;DF2250;Y;N;N;;;;;TUB;TBB;GNS;;;;;7.71;0.00;2.00;0.00;0.00;16.00;0.00;3;1983-01-16;MFL;;;PA;1974-01-01
DEU;DEU100260210;;RET;2022-01-21;2022-01-21;MAA9;MAA9;MUTTI;DEMAO;Maasholm;DG3975;Y;N;N;N;;N;;GO;GNS;LLS;;;;;8.85;0.00;3.00;0.00;0.00;63.00;0.00;3;1975-11-14;MFL;;;PA;1975-01-01
DEU;DEU100270210;;RET;2011-08-31;2011-08-31;MAA6;MAA6;SEEHUND;0210;;DJMK;Y;N;N;;;;;FX;GNS;OTB;;;;;14.75;0.00;25.00;19.92;0.00;191.00;0.00;1;1950-06-14;MFL;;;PA;1950-01-01
DEU;DEU100280210;;RET;2015-12-31;2015-12-31;MAA9;MAA9;LENA;0210;;;N;N;N;;;;;FX;GNS;NO;;;;;7.10;0.00;1.00;0.00;0.00;15.00;0.00;3;1983-04-01;MFL;;;PA;1983-01-01
DEU;DEU100290210;;MOD;2023-10-06;2100-12-31;MAA16A;MAA16A;SLIE;DEMAO;Maasholm;DJ5092;Y;Y;N;N;Y;N;;GO;GNS;GTR;FPO;;;;7.95;0.00;2.00;0.00;0.00;37.00;0.00;3;1977-10-11;MFL;;;;1977-01-01
DEU;DEU100310210;;MOD;2008-10-22;2100-12-31;MAA10;MAA10;ANNE MARIA;0210;;DLFG;Y;Y;N;;;;;FX;OTB;PTB;;;;;14.28;0.00;26.00;24.50;0.00;214.00;0.00;1;1976-04-12;MFL;;;;1976-01-01
DEU;DEU100320210;;DES;1992-12-15;1992-12-15;MAA11;MAA11;MICHA;0210;;;N;N;N;;;;;FX;GNS;NK;;;;;11.25;0.00;0.00;11.40;0.00;70.00;0.00;;1936-12-31;C19;;;PA;
DEU;DEU100330210;;RET;1990-08-24;1990-08-24;MAA13;MAA13;---;0210;;;N;N;N;;;;;FX;GNS;NK;;;;;10.75;0.00;0.00;15.97;0.00;74.00;0.00;;1956-05-09;4;;;PA;
DEU;DEU100340210;;RET;2004-06-10;2004-06-10;MAA13A;MAA13A;---;0210;;;N;N;N;;;;;FX;GNS;NK;;;;;4.50;0.00;1.00;1.43;0.00;3.00;0.00;1;1991-12-31;MFL;;;PA;1973-01-01
DEU;DEU100350210;;MOD;2025-02-13;2100-12-31;MAA14;MAA14;MUKI II;DEMAO;Maasholm;DB8309;Y;Y;N;N;Y;N;;GO;GNS;GTR;FPO;LLS;;;7.71;0.00;2.00;0.00;0.00;16.00;0.00;3;1975-07-17;MFL;;;;1975-01-01
DEU;DEU100360210;;RET;2012-12-12;2012-12-12;MAA16;MAA16;---;0210;;;N;N;N;;;;;FX;GNS;NO;;;;;5.20;0.00;1.00;0.00;0.00;7.00;0.00;3;1974-07-22;MFL;;;PA;1974-01-01
DEU;DEU100370210;;RET;2004-08-23;2004-08-23;MAA17;MAA17;CHARLOTTE;0210;;;N;N;N;;;;;FX;GNS;NK;;;;;8.90;0.00;5.00;6.07;0.00;59.00;0.00;3;1981-01-15;MFL;;;PA;1981-01-01
DEU;DEU100380210;;DES;1993-10-15;1993-10-15;MAA19;MAA19;HELENE;0210;;DJEY;Y;N;N;;;;;FX;PTB;OTB;;;;;13.90;0.00;0.00;15.70;0.00;110.00;0.00;;1958-09-30;G16;;;PA;
DEU;DEU100390210;;MOD;2010-01-01;2100-12-31;MAA19A;MAA19A;MINKA;0210;;;N;Y;N;;;;;FX;GNS;FPO;;;;;6.10;0.00;1.00;2.63;0.00;7.00;0.00;3;1983-03-25;MFL;;;;1970-01-01
DEU;DEU100400210;;RET;2004-10-11;2004-10-11;OEL11;OEL11;SOENKE;0108;;;N;N;N;;;;;FX;GNS;NK;;;;;8.10;0.00;2.00;6.00;0.00;59.00;0.00;3;1978-10-01;MFL;;;PA;1978-01-01
DEU;DEU100410210;;RET;1994-12-20;1994-12-20;MAA55;MAA55;---;0210;;;N;N;N;;;;;FX;GNS;NK;;;;;6.40;0.00;0.00;2.89;0.00;13.00;0.00;;1973-05-10;C19;;;PA;
DEU;DEU100420210;;RET;1994-02-28;1994-02-28;MAA2A;MAA2A;---;0210;;;N;N;N;;;;;FX;GNS;NK;;;;;6.00;0.00;0.00;2.54;0.00;4.00;0.00;;1974-07-31;4;;;PA;
DEU;DEU100430209;;MOD;2022-07-15;2100-12-31;ARN7;ARN7;BIRKNACK;DE4AV;Arnis;DG4415;Y;Y;N;N;;N;;GO;GNS;FPO;;;;;7.50;7.10;2.00;0.00;0.00;37.00;0.00;3;1977-01-15;MFL;;;;1977-01-01
DEU;DEU100440209;;CHA;2012-06-01;2100-12-31;KAP3;KAP3;MARGARETE;DEKAP;Kappeln;DJUU;Y;Y;N;N;Y;Y;;TTW;OTB;PTB;;;;;14.56;0.00;32.00;0.00;0.00;220.00;0.00;1;1966-05-14;MFL;;;PA;1959-01-01
DEU;DEU100450209;;MOD;2014-04-29;2100-12-31;MAA5;MAA5;SEESTERN;0210;;DJ4035;Y;Y;N;;;;;FX;OTB;GNS;;;;;8.38;0.00;4.00;4.96;0.00;69.00;0.00;3;1979-06-21;MFL;;;;1979-01-01
DEU;DEU100460209;;RET;2016-06-03;2016-06-03;KAP3A;KAP3A;---;0209;;;N;N;N;;;;;FX;GNS;FPO;;;;;5.10;0.00;1.00;0.00;0.00;6.00;0.00;3;1990-08-01;MFL;;;PA;1975-01-01
DEU;DEU100470209;;RET;1994-10-18;1994-10-18;KAP5B;KAP5B;---;0209;;;N;N;N;;;;;FX;GNS;NK;;;;;4.15;0.00;0.00;1.22;0.00;7.00;0.00;;1991-12-31;C19;;;PA;
DEU;DEU100480209;;RET;1993-11-10;1993-11-10;KAP6;KAP6;STADT ARNIS;0209;;DF 3369;Y;N;N;;;;;FX;PTB;NO;;;;;15.60;0.00;0.00;13.30;0.00;200.00;0.00;;1987-12-01;G16;;;PA;
DEU;DEU100490209;;MOD;2024-11-13;2100-12-31;HOR8;HOR8;ODIN;DEHOS;Horumersiel;DJ4762;Y;Y;Y;N;Y;N;211386120;TU;TBB;GNS;;;;;9.23;8.88;3.00;0.00;0.00;65.00;0.00;4;1979-11-20;MFL;;;;1979-01-01
DEU;DEU100500209;;MOD;2024-07-11;2100-12-31;MAA2;MAA2;GRETEN GESINE;DEMAO;Maasholm;DF4218;Y;Y;N;N;Y;N;211561090;GO;GNS;GTR;;;;;9.54;9.05;5.00;0.00;0.00;66.00;0.00;3;1979-10-29;MFL;;;;1979-01-01
DEU;DEU100510209;;RET;2022-04-30;2022-04-30;KROE1;KROE1;POMMERN;DEKSL;Kröslin;DJLV;Y;N;N;N;;N;;GO;GNS;LLS;;;;;9.15;0.00;4.00;0.00;0.00;51.00;0.00;3;1983-07-09;MFL;;;PA;1983-01-01
DEU;DEU100520209;;RET;2022-07-14;2022-07-14;KAP9A;KAP9A;---;DEKAP;Kappeln;;N;N;N;N;;N;;GO;GNS;NK;;;;;5.25;0.00;1.00;0.00;0.00;7.00;0.00;3;1979-03-01;MFL;;;PA;1979-01-01
DEU;DEU100540210;;RET;1992-10-21;1992-10-21;SM1;SM1;RITA;0223;;DLZE;Y;N;N;;;;;FX;PTB;OTB;;;;;17.98;0.00;0.00;31.24;0.00;88.00;0.00;;1973-04-25;G16;;;PA;
DEU;DEU100550210;;MOD;2009-06-09;2100-12-31;SM2;SM2;SIRIUS;0223;;DJAM;Y;Y;Y;;;;;FX;OTB;PTB;;;;;18.29;16.92;46.00;36.50;0.00;220.00;0.00;1;1985-11-26;MFL;;;PA;1966-01-01
DEU;DEU100560210;;EXP;1995-09-25;1995-09-25;SM6;SM6;MARIECHEN;0209;;DJJN;Y;N;N;;;;;FX;OTB;NO;;;;;19.28;0.00;67.00;61.00;0.00;221.00;0.00;;1987-04-01;G16;GBR;EX;PA;
DEU;DEU100570210;;RET;2011-10-25;2011-10-25;SM8;SM8;ADLER;0209;;DJND;Y;N;Y;;;;;FX;PTB;GNS;;;;;16.02;15.06;32.00;29.00;0.00;220.00;0.00;1;1955-05-16;MFL;;;PA;1942-01-01
DEU;DEU100590210;;EXP;1991-11-30;1991-11-30;SM12;SM12;CHRISTA;0209;;DKQO;Y;N;N;;;;;FX;OTB;PTB;;;;;17.45;0.00;0.00;35.06;0.00;154.00;0.00;;1960-04-18;4;NLD;EX;PA;
DEU;DEU100600223;;RET;2011-09-19;2011-09-19;FRE21N;FRE21N;SEEIGEL;0614;;DC4236;Y;N;N;;;;;FX;GNS;FPO;;;;;7.81;7.04;2.00;0.00;0.00;37.00;0.00;3;1975-04-24;MFL;;;PA;1975-01-01
DEU;DEU100610223;;RET;2002-01-16;2002-01-16;ARN2;ARN2;VORWAERTS;0223;;DJNH;Y;N;N;;;;;FX;OTB;PTB;;;;;15.50;0.00;0.00;20.55;0.00;219.00;0.00;;1948-12-31;4C3;;;PA;
DEU;DEU100630223;;RET;2016-08-12;2016-08-12;ARN2;ARN2;BIRTHE;0223;;;N;N;N;;;;;FX;GNS;NO;;;;;5.20;0.00;1.00;0.00;0.00;7.00;0.00;3;1975-12-31;MFL;;;PA;1975-01-01
DEU;DEU100640223;;MOD;2022-07-28;2100-12-31;ARN4;ARN4;GREIF;DE4AV;Arnis;DJDN;Y;Y;Y;Y;;Y;211500000;TSW;OTB;PTB;;;;;17.88;15.68;33.00;0.00;0.00;164.00;0.00;1;1977-11-01;MFL;;;;1949-01-01
DEU;DEU100650223;;MOD;2010-01-01;2100-12-31;ARN11;ARN11;---;0223;;;N;Y;N;;;;;FX;GNS;FPO;;;;;6.26;0.00;1.00;2.77;0.00;4.00;0.00;1;1963-11-29;MFL;;;;1963-01-01
DEU;DEU100660223;;MOD;2010-01-01;2100-12-31;ARN11A;ARN11A;---;0223;;;N;Y;N;;;;;FX;GNS;FPO;;;;;5.20;0.00;1.00;1.91;0.00;7.00;0.00;3;1975-03-21;MFL;;;;1974-01-01
DEU;DEU100670223;;RET;1996-09-10;1996-09-10;ARN11B;ARN11B;---;0223;;;N;N;N;;;;;FX;GNS;NK;;;;;6.50;0.00;0.00;2.99;0.00;7.00;0.00;;1983-04-01;C19;;;PA;
DEU;DEU100680223;;RET;1991-12-31;1991-12-31;ARN13;ARN13;RASMUS;0223;;;N;N;N;;;;;FX;GNS;NK;;;;;8.10;0.00;0.00;6.00;0.00;22.00;0.00;;1978-04-01;4;;;PA;
DEU;DEU100710223;;MOD;2022-07-28;2100-12-31;ARN4A;ARN4A;SEEHASE;DE4AV;Arnis;;N;Y;N;N;;N;;GO;GNS;FPO;;;;;5.25;0.00;1.00;0.00;0.00;24.00;0.00;3;1973-05-05;MFL;;;;1972-01-01
DEU;DEU100720223;;RET;2010-02-24;2010-02-24;ARN2B;ARN2B;STENBIDER;0223;;;N;N;N;;;;;FX;GNS;FPO;;;;;5.95;0.00;1.00;2.50;0.00;13.00;0.00;3;1979-04-01;MFL;;;PA;1979-01-01
DEU;DEU100730232;;RET;2005-06-11;2005-06-11;KET2;KET2;ULLA II;0232;;;N;N;N;;;;;FX;GNS;NK;;;;;5.00;0.00;1.00;1.77;0.00;7.00;0.00;3;1971-01-01;MFL;;;PA;1971-01-01
DEU;DEU100740210;;RET;2009-03-03;2009-03-03;MAA6B;MAA6B;---;0210;;;N;N;N;;;;;FX;GNS;NK;;;;;6.00;0.00;1.00;2.54;0.00;0.00;0.00;1;1974-02-19;MFL;;;PA;1949-01-01
DEU;DEU100750217;;MOD;2022-05-25;2100-12-31;SCHLE1;SCHLE1;---;DESLS;Schleswig;;N;Y;N;N;N;N;;GO;GNS;FPO;;;;;6.40;0.00;1.00;0.00;0.00;7.00;0.00;3;1974-06-01;MFL;;;;1974-01-01
DEU;DEU100760217;;RET;1994-10-18;1994-10-18;SCHLE1A;SCHLE1A;---;0217;;;N;N;N;;;;;FX;GNS;NK;;;;;5.30;0.00;0.00;1.99;0.00;6.00;0.00;;1991-12-31;C19;;;PA;
DEU;DEU100770217;;RET;1994-10-18;1994-10-18;SCHLE2;SCHLE2;---;0217;;;N;N;N;;;;;FX;GNS;LLS;;;;;5.30;0.00;0.00;1.99;0.00;4.00;0.00;;1968-10-23;C19;;;PA;
DEU;DEU100780217;;RET;2007-04-24;2007-04-24;SCHLE3;SCHLE3;---;0217;;;N;N;N;;;;;FX;GNS;FPO;;;;;6.50;0.00;1.00;0.00;0.00;7.00;0.00;3;1979-04-01;MFL;;;PA;1979-01-01
DEU;DEU100790217;;RET;1993-05-10;1993-05-10;SCHLE6;SCHLE6;---;0217;;;N;N;N;;;;;FX;GNS;NK;;;;;5.30;0.00;0.00;1.99;0.00;4.00;0.00;;1973-04-03;C19;;;PA;
DEU;DEU100800217;;RET;1993-05-10;1993-05-10;SCHLE6A;SCHLE6A;---;0217;;;N;N;N;;;;;FX;GNS;NK;;;;;5.00;0.00;0.00;1.77;0.00;0.00;0.00;;1963-06-22;C19;;;PA;
DEU;DEU100810217;;RET;1994-10-18;1994-10-18;SCHLE7;SCHLE7;---;0217;;;N;N;N;;;;;FX;GNS;NK;;;;;7.25;0.00;0.00;3.71;0.00;7.00;0.00;;1968-07-09;C19;;;PA;
DEU;DEU100820217;;RET;2025-07-10;2025-07-10;SCHLE8;SCHLE8;MAGISTER WIGBOLD;DESLS;Schleswig;;N;N;N;N;Y;N;;GO;GNS;GTR;;;;;5.50;0.00;1.00;0.00;0.00;7.00;0.00;1;1967-02-15;MFL;;;PA;1967-01-01
DEU;DEU100830217;;RET;2018-07-26;2018-07-26;SCHLE8A;SCHLE8A;HEIN UNBESCHEIDEN;0217;;;N;N;N;N;;N;;GO;GNS;NO;;;;;6.40;0.00;1.00;0.00;0.00;8.00;0.00;3;1988-03-01;MFL;;;PA;1988-01-01
DEU;DEU100840217;;RET;1994-10-18;1994-10-18;SCHLE9A;SCHLE9A;---;0217;;;N;N;N;;;;;FX;GNS;NO;;;;;9.00;0.00;0.00;5.72;0.00;0.00;0.00;;1950-01-01;C19;;;PA;
DEU;DEU100850217;;MOD;2010-01-01;2100-12-31;SCHLE11;SCHLE11;---;0217;;;N;Y;N;;;;;FX;GNS;FPO;;;;;6.10;0.00;1.00;0.00;0.00;7.00;0.00;3;1980-06-11;MFL;;;;1978-01-01
DEU;DEU100860217;;RET;1993-01-01;1993-01-01;SCHLE16;SCHLE16;---;0217;;;N;N;N;;;;;FX;GNS;NK;;;;;5.00;0.00;0.00;1.77;0.00;7.00;0.00;;1980-01-01;C19;;;PA;
DEU;DEU100870217;;RET;1993-05-10;1993-05-10;SCHLE18;SCHLE18;---;0217;;;N;N;N;;;;;FX;GNS;NK;;;;;6.00;0.00;0.00;2.54;0.00;7.00;0.00;;1962-03-09;C19;;;PA;
DEU;DEU100880217;;RET;2009-12-04;2009-12-04;SCHLE18;SCHLE18;---;0217;;;N;N;N;;;;;FX;GNS;NO;;;;;5.00;0.00;1.00;1.91;0.00;7.00;0.00;3;1975-07-31;MFL;;;PA;1975-01-01
DEU;DEU100910217;;RET;2009-09-03;2009-09-03;SCHLE25;SCHLE25;---;0217;;;N;N;N;;;;;FX;GNS;NK;;;;;5.95;0.00;1.00;2.50;0.00;7.00;0.00;3;1979-01-01;MFL;;;PA;1979-01-01
DEU;DEU100920217;;MOD;2017-08-02;2100-12-31;SCHLE26;SCHLE26;FILIUS;DESLS;Schleswig;DLXF;Y;Y;N;N;Y;N;;TTW;OTB;GNS;;;;;11.54;10.54;15.00;0.00;0.00;101.00;0.00;3;1985-03-01;MFL;;;PA;1984-01-01
DEU;DEU100940217;;RET;1994-12-20;1994-12-20;SCHLE34;SCHLE34;---;0217;;;N;N;N;;;;;FX;GNS;NK;;;;;5.30;0.00;0.00;1.99;0.00;4.00;0.00;;1969-04-24;C19;;;PA;
DEU;DEU100950210;;RET;1993-06-18;1993-06-18;MAA3;MAA3;---;0210;;;N;N;N;;;;;FX;PTB;GNS;;;;;6.20;0.00;0.00;2.72;0.00;7.00;0.00;;1962-12-31;C19;;;PA;
DEU;DEU100960210;;MOD;2024-07-01;2100-12-31;WAR27;WAR27;---;DEWAR;Warnemünde;DJNI;Y;Y;N;N;N;N;;GO;GNS;FPO;;;;;9.24;9.00;4.00;0.00;0.00;62.00;0.00;3;1990-03-12;MFL;;;;1985-01-01
DEU;DEU100970210;;RET;1992-09-22;1992-09-22;MAA17A;MAA17A;---;0210;;;N;N;N;;;;;FX;GNS;LLS;;;;;4.70;0.00;0.00;1.56;0.00;18.00;0.00;;1990-12-31;C19;;;PA;
DEU;DEU100980210;;MOD;2009-07-21;2100-12-31;MAA20A;MAA20A;---;0210;;;N;Y;N;;;;;FX;GNS;LLS;;;;;6.00;0.00;1.00;2.54;0.00;18.00;0.00;3;1990-06-19;MFL;;;;1978-01-01
DEU;DEU100990210;;RET;2008-12-08;2008-12-08;MAA20B;MAA20B;---;0210;;;N;N;N;;;;;FX;GNS;NK;;;;;6.00;0.00;1.00;2.54;0.00;4.00;0.00;1;1964-02-16;MFL;;;PA;1964-01-01
DEU;DEU101000210;;RET;2008-02-01;2008-02-01;FRE87;FRE87;MEERU;0614;;;N;N;N;;;;;FX;GNS;LLS;;;;;11.58;10.50;13.00;10.85;0.00;36.00;0.00;1;1967-12-20;MFL;;;PA;1947-01-01
DEU;DEU101000402;;EXP;2018-09-13;2018-09-13;BX791;BX791;JAN MARIA;0402;;DFDJ;Y;N;Y;Y;;Y;;TTP;OTM;NO;;;;;125.53;117.29;7646.00;0.00;0.00;6000.00;2880.00;2;1988-12-02;MFL;RUS;EX;PA;1988-01-01
DEU;DEU101010227;;RET;1997-10-02;1997-10-02;LAN6;LAN6;---;0227;;;N;N;N;;;;;FX;GNS;NK;;;;;6.40;0.00;1.00;2.89;0.00;26.00;0.00;;1991-12-31;4C1;;;PA;
DEU;DEU101020210;;RET;2001-04-09;2001-04-09;MAA11;MAA11;---;0210;;;N;N;N;;;;;FX;GNS;FPO;;;;;5.20;0.00;1.00;1.91;0.00;18.00;0.00;;1991-05-24;4C1;;;PA;
DEU;DEU101030210;;RET;2006-04-27;2006-04-27;MAA32;MAA32;---;0210;;;N;N;N;;;;;FX;GNS;NK;;;;;5.30;0.00;1.00;0.00;0.00;23.00;0.00;3;1991-12-31;MFL;;;PA;1968-01-01
DEU;DEU101040225;;RET;2008-09-08;2008-09-08;WACK2;WACK2;---;0225;;;N;N;N;;;;;FX;GNS;FPO;;;;;4.75;0.00;1.00;2.13;0.00;22.00;0.00;3;1992-03-23;MFL;;;PA;1992-01-01
DEU;DEU101050213;;RET;2003-02-06;2003-02-06;FLE42;FLE42;NORFRI;0213;;;N;N;N;;;;;FX;GNS;NO;;;;;7.40;0.00;2.00;3.88;0.00;26.00;0.00;3;1992-07-10;MFL;;;PA;1989-01-01
DEU;DEU101070223;;RET;1993-12-17;1993-12-17;ARN1;ARN1;---;0223;;;N;N;N;;;;;FX;GNS;NK;;;;;5.55;0.00;0.00;2.18;0.00;7.00;0.00;;1993-01-19;C19;;;PA;
DEU;DEU101080209;;RET;2010-02-24;2010-02-24;KAP13;KAP13;BIBER;0209;;;N;N;N;;;;;FX;GNS;NO;;;;;4.15;0.00;1.00;0.00;0.00;7.00;0.00;3;1993-02-15;MFL;;;PA;1963-01-01
DEU;DEU101090227;;RET;2021-07-12;2021-07-12;OHR11;OHR11;ODIN;DEORH;;;N;N;N;N;;N;;GO;GNS;FPO;;;;;5.60;0.00;1.00;0.00;0.00;18.00;0.00;3;1993-03-15;MFL;;;PA;1981-01-01
DEU;DEU101100210;;RET;2012-01-11;2012-01-11;HEIL13;HEIL13;NORDSTERN;0207;;DLYE;Y;N;N;;;;;FX;GNS;LLS;;;;;9.20;0.00;4.00;0.00;0.00;72.00;0.00;3;1994-01-21;MFL;;;PA;1976-01-01
DEU;DEU101100217;;RET;1994-01-06;1994-01-06;SCHLE4;SCHLE4;---;0217;;;N;N;N;;;;;FX;GNS;NK;;;;;5.85;0.00;0.00;2.50;0.00;11.00;0.00;;1993-04-21;C19;;;PA;
DEU;DEU101120217;;MOD;2022-05-25;2100-12-31;SCHLE12;SCHLE12;---;DESLS;Schleswig;;N;Y;N;N;;N;;GO;GNS;LLS;;;;;6.00;0.00;2.00;0.00;0.00;7.00;0.00;3;1982-01-01;MFL;;;;1982-01-01
DEU;DEU101130217;;MOD;2023-09-07;2100-12-31;SCHLE6;SCHLE6;LAURIN;DESLS;Schleswig;;N;Y;N;N;Y;N;;GO;GNS;GTR;LLS;FPO;;;6.46;0.00;2.00;0.00;0.00;7.00;0.00;3;1970-12-31;MFL;;;PA;1970-01-01
DEU;DEU101140217;;RET;2001-11-14;2001-11-14;SCHLE26B;SCHLE26B;---;0217;;;N;N;N;;;;;FX;GNS;LLS;;;;;5.00;0.00;1.00;1.77;0.00;20.00;0.00;;1975-01-01;4C1;;;PA;
DEU;DEU101150223;;MOD;2020-06-10;2100-12-31;FRE82;FRE82;SEEADLER;0614;;;N;Y;N;N;;N;;GO;GNS;LLS;;;;;8.12;0.00;4.00;0.00;0.00;55.00;0.00;3;1995-10-30;MFL;;;;1978-01-01
DEU;DEU101160209;;RET;2007-04-24;2007-04-24;KAP40;KAP40;---;0209;;;N;N;N;;;;;FX;GNS;FPO;;;;;6.10;0.00;2.00;0.00;0.00;15.00;0.00;3;1995-05-19;MFL;;;PA;1977-01-01
DEU;DEU101170217;;RET;2003-05-22;2003-05-22;SCHLE12A;SCHLE12A;---;0217;;;N;N;N;;;;;FX;GNS;FPO;;;;;6.30;0.00;2.00;2.80;0.00;23.00;0.00;3;1980-12-31;MFL;;;PA;1980-01-01
DEU;DEU101180210;;RET;2013-01-01;2013-01-01;MAA1C;MAA1C;---;0210;;;N;N;N;;;;;FX;GNS;FPO;;;;;5.70;0.00;1.00;0.00;0.00;0.00;0.00;3;1970-01-02;MFL;;;PA;1970-01-01
DEU;DEU101190210;;MOD;2024-11-14;2100-12-31;MAA3;MAA3;Silke;DEMAO;Maasholm;DH5908;Y;Y;N;N;N;N;;GO;GNS;GTR;LLS;FPO;;;6.30;0.00;2.00;0.00;0.00;32.00;0.00;3;1986-01-01;MFL;;;;1986-01-01
DEU;DEU101200223;;CHA;2015-07-17;2100-12-31;ARN9;ARN9;CARINA;0223;;;N;Y;N;;;;;FX;GNS;OTB;;;;;9.88;0.00;8.00;8.00;0.00;123.00;0.00;3;1997-06-30;MFL;;;PA;1983-01-01
DEU;DEU101210209;;MOD;2013-11-13;2100-12-31;KAP250;KAP250;BUTT;0209;;;N;Y;N;;;;;FX;FPO;LLS;;;;;5.18;0.00;1.00;0.00;0.00;22.00;0.00;3;1999-05-05;MFL;;;;1998-01-01
DEU;DEU101220209;;RET;2015-06-11;2015-06-11;KAP24;KAP24;KARIN;0209;;;N;N;N;;;;;FX;GNS;FPO;;;;;5.00;0.00;1.00;0.00;0.00;4.00;0.00;3;2000-06-23;MFL;;;PA;2000-01-01
DEU;DEU101230213;;RET;2011-01-01;2011-01-01;BUES2;BUES2;JENNI;0101;;;N;N;N;;;;;FX;GNS;TBB;;;;;7.84;0.00;1.00;0.00;0.00;14.00;0.00;3;2000-06-19;MFL;;;PA;1983-01-01
DEU;DEU101240210;;RET;2024-05-29;2024-05-29;MAA11;MAA11;Elbe I;DEMAO;Maasholm;;N;N;N;N;N;N;;GO;GNS;FPO;;;;;6.10;0.00;1.00;0.00;0.00;18.00;0.00;3;2001-04-06;MFL;;;PA;2001-01-01
DEU;DEU101250217;;MOD;2017-10-09;2100-12-31;SCHLE11A;SCHLE11A;---;0217;;DD7488;Y;Y;N;;;;;FX;GNS;FPO;;;;;5.95;0.00;1.00;0.00;0.00;20.00;0.00;3;2001-11-14;MFL;;;;2001-01-01
DEU;DEU101260209;;MOD;2020-02-27;2100-12-31;KAP4;KAP4;JAN LASSE;0209;;DB8682;Y;Y;N;N;;N;;GO;GNS;NK;;;;;6.15;0.00;3.00;0.00;0.00;59.00;0.00;3;2003-01-01;MFL;;;;2002-01-01
DEU;DEU101270209;;CHA;2020-03-13;2100-12-31;MAA35;MAA35;RASMUS;0210;;;N;Y;N;N;;N;;GO;GNS;FPO;;;;;6.30;0.00;2.00;0.00;0.00;6.00;0.00;3;2003-05-14;MFL;;;PA;1980-01-01
DEU;DEU101280217;;MOD;2025-07-24;2100-12-31;MAA9;MAA9;NINA;DEMAO;Maasholm;DD8650;Y;Y;N;N;Y;N;211691070;GO;GNS;GTR;FPO;LLS;;;6.15;0.00;2.00;0.00;0.00;23.00;0.00;3;2003-05-16;MFL;;;;2003-01-01
DEU;DEU101290210;;MOD;2016-01-20;2100-12-31;MAA33;MAA33;ANNA;0210;;;N;Y;N;;;;;FX;GNS;FPO;;;;;6.20;0.00;2.00;0.00;0.00;49.00;0.00;3;2003-05-19;MFL;;;;2003-01-01
DEU;DEU101300210;;MOD;2024-11-28;2100-12-31;MAA23;MAA23;MERLE;DEMAO;Maasholm;DB8777;Y;Y;N;N;Y;N;211705040;GO;GNS;FPO;GTR;LLS;;;6.20;0.00;2.00;0.00;0.00;26.00;0.00;3;2004-04-02;MFL;;;PA;2004-01-01
DEU;DEU101310209;;RET;2015-05-19;2015-05-19;KAP12;KAP12;---;0209;;;N;Y;N;;;;;GO;GNS;NO;;;;;5.25;0.00;1.00;0.00;0.00;5.00;0.00;3;2004-10-15;MFL;;;PA;1982-01-01
DEU;DEU101320223;;MOD;2018-06-21;2100-12-31;ARN32;ARN32;---;0223;;;N;Y;N;N;;N;;GO;GNS;FPO;;;;;5.30;0.00;1.00;0.00;0.00;12.00;0.00;3;2005-01-31;MFL;;;;2004-01-01
DEU;DEU101330213;;RET;2020-06-15;2020-06-15;FLE3;FLE3;Irene;0213;;DJJT;Y;N;Y;Y;;Y;;DB;DRB;NO;;;;;17.72;16.72;53.00;0.00;0.00;252.00;0.00;1;2005-09-06;MFL;;;PA;1951-01-01
DEU;DEU101340217;;MOD;2010-01-01;2100-12-31;SCHLE10;SCHLE10;---;0217;;;N;Y;N;;;;;FX;GNS;FPO;;;;;5.30;0.00;1.00;0.00;0.00;7.00;0.00;3;2005-11-15;MFL;;;;1985-01-01
DEU;DEU102000402;;RET;1993-10-14;1993-10-14;NC107;NC107;DRESDEN;0301;;DEPZ;Y;N;N;;;;;FX;OTB;NO;;;;;51.57;44.00;0.00;940.00;0.00;1765.00;161.00;;1977-04-01;1;;;PA;
DEU;DEU103000402;;RET;1993-10-14;1993-10-14;NC108;NC108;DARMSTADT;0301;;DEQC;Y;N;N;;;;;FX;OTB;NO;;;;;51.57;44.00;0.00;940.00;0.00;1765.00;161.00;;1977-06-01;1;;;PA;
DEU;DEU104000217;;RET;1998-05-05;1998-05-05;SCHLE6;SCHLE6;---;0217;;;N;N;N;;;;;FX;GNS;FPO;;;;;5.10;0.00;1.00;1.84;0.00;4.00;0.00;;1992-01-01;4C1;;;PA;
DEU;DEU104000301;;RET;1993-10-14;1993-10-14;NC103;NC103;BONN;0301;;DEQG;Y;N;N;;;;;FX;OTB;OTM;;;;;54.58;50.43;0.00;932.73;0.00;1765.00;378.00;;1978-04-01;1;;;PA;
DEU;DEU104010217;;RET;2025-09-04;2025-09-04;SCHLE16;SCHLE16;---;DESLS;Schleswig;;N;N;N;N;N;N;;GO;GNS;FPO;;;;;5.00;0.00;1.00;0.00;0.00;7.00;0.00;3;1980-12-31;MFL;;;PA;1980-01-01
DEU;DEU104020217;;RET;2013-02-25;2013-02-25;SCHLE20;SCHLE20;---;0217;;;N;N;N;;;;;FX;GNS;FPO;;;;;6.50;0.00;1.00;2.98;0.00;7.00;0.00;3;1990-12-02;MFL;;;PA;1973-01-01
DEU;DEU104030217;;RET;2013-02-26;2013-02-26;SCHLE20A;SCHLE20A;---;0217;;;N;N;N;;;;;FX;GNS;FPO;;;;;5.30;0.00;1.00;1.98;0.00;6.00;0.00;3;1990-12-02;MFL;;;PA;1967-01-01
DEU;DEU104040213;;RET;2001-12-05;2001-12-05;FLE1;FLE1;RITA;0213;;;N;N;N;;;;;FX;GNS;FPO;;;;;9.00;0.00;4.00;5.72;0.00;16.00;0.00;;1981-10-01;4C1;;;PA;
DEU;DEU104050213;;RET;2003-11-03;2003-11-03;FLE1A;FLE1A;---;0213;;;N;N;N;;;;;FX;GNS;FPO;;;;;6.00;0.00;1.00;2.54;0.00;6.00;0.00;1;1992-01-01;MFL;;;PA;1992-01-01
DEU;DEU104060213;;RET;1997-12-16;1997-12-16;FLE2;FLE2;---;0213;;;N;N;N;;;;;FX;GNS;FPO;;;;;4.20;0.00;1.00;1.25;0.00;3.00;0.00;;1989-08-07;4C1;;;PA;
DEU;DEU104070213;;RET;2003-09-30;2003-09-30;FLE4;FLE4;---;0213;;;N;N;N;;;;;FX;GNS;FPO;;;;;8.48;0.00;3.00;5.08;0.00;18.00;0.00;1;1987-04-01;MFL;;;PA;1947-01-01
DEU;DEU104080213;;RET;2012-11-05;2012-11-05;FLE5;FLE5;---;0213;;;N;N;N;;;;;FX;GNS;FPO;;;;;4.70;0.00;1.00;1.57;0.00;4.00;0.00;3;1981-12-31;MFL;;;PA;1981-01-01
DEU;DEU104090213;;MOD;2007-04-17;2100-12-31;NEU17B;NEU17B;---;0205;;;N;Y;N;;;;;FX;GNS;LLS;;;;;4.70;0.00;1.00;1.56;0.00;15.00;0.00;3;1990-06-13;MFL;;;;1988-01-01
DEU;DEU104100213;;RET;2016-08-31;2016-08-31;FLE8;FLE8;---;0213;;;N;N;N;;;;;FX;GNS;FPO;;;;;8.20;0.00;3.00;0.00;0.00;32.00;0.00;1;1985-10-01;MFL;;;PA;1975-01-01
DEU;DEU104110213;;RET;2001-12-18;2001-12-18;FLE10;FLE10;---;0213;;;N;N;N;;;;;FX;GNS;FPO;;;;;9.00;0.00;3.00;5.72;0.00;22.00;0.00;;1990-12-10;4C1;;;PA;
DEU;DEU104120213;;RET;2012-06-05;2012-06-05;FLE11;FLE11;KARIN;0213;;;N;N;N;;;;;FX;GNS;FPO;;;;;5.50;0.00;1.00;2.14;0.00;18.00;0.00;3;1990-06-01;MFL;;;PA;1973-01-01
DEU;DEU104130213;;RET;1999-06-01;1999-06-01;FLE12;FLE12;PULLE;0213;;;N;N;N;;;;;FX;GNS;FPO;;;;;4.60;0.00;1.00;1.50;0.00;4.00;0.00;;1991-12-31;4C1;;;PA;
DEU;DEU104140213;;MOD;2023-11-14;2100-12-31;FLE13;FLE13;KIKKI;DEFLF;Flensburg;;N;Y;N;N;Y;N;;GO;GNS;FPO;;;;;4.70;0.00;1.00;0.00;0.00;29.00;0.00;3;1990-12-14;MFL;;;;1987-01-01
DEU;DEU104150213;;RET;1997-12-16;1997-12-16;LAN25;LAN25;GILA;0227;;;N;N;N;;;;;FX;GNS;FPO;;;;;4.70;0.00;1.00;1.56;0.00;18.00;0.00;;1991-05-02;4C1;;;PA;
DEU;DEU104160213;;RET;2017-11-10;2017-11-10;FLE16FF;FLE16FF;---;0213;;;N;N;N;;;;;FX;GNS;FPO;;;;;5.68;0.00;1.00;0.00;0.00;6.00;0.00;1;1990-03-29;MFL;;;PA;1968-01-01
DEU;DEU104170213;;RET;2002-05-15;2002-05-15;FLE18A;FLE18A;---;0213;;;N;N;N;;;;;FX;GNS;FPO;;;;;6.00;0.00;1.00;2.54;0.00;8.00;0.00;;1979-09-17;4C1;;;PA;
DEU;DEU104180213;;MOD;2024-04-09;2100-12-31;FLE19;FLE19;---;DEFLF;Flensburg;;N;Y;N;N;Y;N;;GO;GNS;FPO;;;;;5.06;0.00;1.00;0.00;0.00;11.00;0.00;1;1992-01-01;MFL;;;;1983-01-01
DEU;DEU104190213;;RET;2022-10-06;2022-10-06;FLE17;FLE17;---;DEFLF;Flensburg;;N;N;N;N;;N;;GO;GNS;FPO;;;;;5.30;0.00;1.00;0.00;0.00;4.00;0.00;3;1967-09-15;MFL;;;PA;1967-01-01
DEU;DEU104200213;;MOD;2003-08-05;2100-12-31;FLE22;FLE22;---;0213;;;N;Y;N;;;;;FX;GNS;FPO;;;;;6.20;0.00;2.00;2.72;0.00;7.00;0.00;3;1980-05-01;MFL;;;;1980-01-01
DEU;DEU104210213;;RET;2007-07-11;2007-07-11;MAA15;MAA15;ORCA;0210;;;N;N;N;;;;;FX;GNS;FPO;;;;;6.80;0.00;2.00;3.26;0.00;25.00;0.00;3;1989-04-24;MFL;;;PA;1980-01-01
DEU;DEU104220213;;MOD;2003-01-01;2100-12-31;MUN1;MUN1;BILLE;0125;;;N;Y;N;;;;;FX;GNS;FPO;;;;;4.80;0.00;1.00;1.63;0.00;3.00;0.00;1;1987-10-01;MFL;;;;1987-01-01
DEU;DEU104230213;;RET;2000-05-24;2000-05-24;FLE25;FLE25;SEEADLER;0213;;;N;N;N;;;;;FX;GNS;FPO;;;;;6.30;0.00;2.00;2.80;0.00;10.00;0.00;;1992-01-01;4C1;;;PA;
DEU;DEU104240213;;RET;2000-05-30;2000-05-30;KAP25;KAP25;---;0213;;;N;N;N;;;;;FX;GNS;FPO;;;;;6.25;0.00;2.00;2.80;0.00;7.00;0.00;;1970-12-31;4C1;;;PA;
DEU;DEU104250213;;RET;2005-08-03;2005-08-03;FLE29;FLE29;MELLE;0213;;;N;N;N;;;;;FX;GNS;FPO;;;;;4.80;0.00;1.00;1.62;0.00;4.00;0.00;3;1989-04-19;MFL;;;PA;1989-01-01
DEU;DEU104260213;;RET;2003-08-21;2003-08-21;FLE30;FLE30;---;0213;;;N;N;N;;;;;FX;GNS;FPO;;;;;4.60;0.00;1.00;1.62;0.00;6.00;0.00;3;1989-04-11;MFL;;;PA;1985-01-01
DEU;DEU104270213;;MOD;2021-11-17;2100-12-31;FRE78;FRE78;---;DEFRJ;Freest;;N;Y;N;N;;N;;GO;GNS;FPO;;;;;6.20;0.00;1.00;0.00;0.00;7.00;0.00;3;1979-05-01;MFL;;;;1975-01-01
DEU;DEU104280213;;RET;2007-06-08;2007-06-08;FLE27;FLE27;---;0213;;;N;N;N;;;;;FX;GNS;FPO;;;;;5.00;0.00;1.00;0.00;0.00;12.00;0.00;3;1991-05-24;MFL;;;PA;1975-01-01
DEU;DEU104290213;;RET;2015-12-21;2015-12-21;HEIL8;HEIL8;KRISTINA;0207;;;N;N;N;;;;;FX;GNS;FPO;;;;;6.07;0.00;1.00;0.00;0.00;7.00;0.00;3;1963-04-30;MFL;;;PA;1963-01-01
DEU;DEU104300213;;RET;2003-05-19;2003-05-19;FLE34;FLE34;---;0213;;;N;N;N;;;;;FX;GNS;FPO;;;;;4.20;0.00;1.00;1.25;0.00;4.00;0.00;3;1990-08-21;MFL;;;PA;1990-01-01
DEU;DEU104310213;;RET;2010-07-21;2010-07-21;FLE35;FLE35;HAI;0213;;;N;N;N;;;;;FX;GNS;FPO;;;;;4.60;0.00;1.00;1.49;0.00;11.00;0.00;3;1991-03-07;MFL;;;PA;1986-01-01
DEU;DEU104320213;;RET;2011-09-29;2011-09-29;FLE36;FLE36;---;0213;;;N;N;N;;;;;FX;GNS;FPO;;;;;4.80;0.00;1.00;1.63;0.00;7.00;0.00;3;1990-06-07;MFL;;;PA;1990-01-01
DEU;DEU104330213;;RET;2018-07-27;2018-07-27;FLE37;FLE37;---;0213;;;N;N;N;N;;N;;GO;GNS;FPO;;;;;5.25;0.00;1.00;0.00;0.00;6.00;0.00;3;1987-04-01;MFL;;;PA;1979-01-01
DEU;DEU104340213;;RET;2009-09-30;2009-09-30;FLE38;FLE38;ANJA;0213;;;N;N;N;;;;;FX;GNS;FPO;;;;;6.00;0.00;1.00;2.54;0.00;7.00;0.00;1;1983-10-03;MFL;;;PA;1983-01-01
DEU;DEU104350213;;RET;2004-03-29;2004-03-29;RAN3;RAN3;---;0125;;;N;N;N;;;;;FX;GNS;FPO;;;;;4.90;0.00;1.00;1.70;0.00;0.00;0.00;3;1991-12-31;MFL;;;PA;1977-01-01
DEU;DEU104360213;;RET;1996-09-10;1996-09-10;FLE40;FLE40;NICKI;0213;;;N;N;N;;;;;FX;GNS;FPO;;;;;5.00;0.00;1.00;1.77;0.00;4.00;0.00;;1988-06-24;C19;;;PA;
DEU;DEU104370213;;RET;1997-12-16;1997-12-16;FLE51;FLE51;---;0213;;;N;N;N;;;;;FX;GNS;FPO;;;;;4.80;0.00;1.00;1.63;0.00;5.00;0.00;;1960-05-01;4C1;;;PA;
DEU;DEU104380213;;RET;2001-11-14;2001-11-14;FLE64;FLE64;ANNE;0213;;;N;N;N;;;;;FX;GNS;FPO;;;;;4.60;0.00;1.00;1.49;0.00;7.00;0.00;;1982-08-01;4C1;;;PA;
DEU;DEU104390213;;RET;1998-06-23;1998-06-23;FLE65;FLE65;JOSCHI II;0213;;;N;N;N;;;;;FX;GNS;FPO;;;;;4.70;0.00;1.00;1.56;0.00;6.00;0.00;;1992-01-01;4C1;;;PA;
DEU;DEU104400213;;RET;2010-01-29;2010-01-29;FLE66;FLE66;BUTT;0213;;;N;N;N;;;;;FX;GNS;FPO;;;;;5.25;0.00;1.00;1.95;0.00;13.00;0.00;3;1987-07-21;MFL;;;PA;1980-01-01
DEU;DEU104410213;;RET;2006-09-08;2006-09-08;FLE69A;FLE69A;---;0213;;;N;N;N;;;;;FX;GNS;FPO;;;;;5.62;0.00;1.00;0.00;0.00;8.00;0.00;3;1988-07-01;MFL;;;PA;1969-01-01
DEU;DEU104420213;;MOD;2017-12-15;2100-12-31;LAN3;LAN3;ODIN;0227;;DH3396;Y;Y;N;;;;;FX;GNS;FPO;;;;;7.90;0.00;3.00;0.00;0.00;45.00;0.00;3;1991-12-31;MFL;;;;1980-01-01
DEU;DEU104430213;;MOD;2003-01-01;2100-12-31;FLE70;FLE70;---;0213;;;N;Y;N;;;;;FX;GNS;FPO;;;;;6.30;0.00;2.00;2.80;0.00;18.00;0.00;3;1986-07-01;MFL;;;;1979-01-01
DEU;DEU104440213;;RET;2000-03-31;2000-03-31;FLE71;FLE71;HEIDI;0213;;;N;N;N;;;;;FX;GNS;FPO;;;;;5.06;0.00;1.00;1.81;0.00;18.00;0.00;;1987-05-05;4C1;;;PA;
DEU;DEU104450213;;RET;1995-10-30;1995-10-30;FLE72;FLE72;---;0213;;;N;N;N;;;;;FX;GNS;FPO;;;;;5.62;0.00;1.00;2.23;0.00;11.00;0.00;;1986-08-22;C19;;;PA;
DEU;DEU104460213;;MOD;2011-01-12;2100-12-31;LAN17;LAN17;Daggi;DELGY;Langballigau;;N;Y;N;N;;N;;GO;GNS;FPO;;;;;4.65;0.00;1.00;1.53;0.00;29.00;0.00;3;1982-06-29;MFL;;;;1981-01-01
DEU;DEU104470213;;MOD;2017-09-05;2100-12-31;SCHLE7;SCHLE7;JAN-TIM;0217;;DJ9030;Y;Y;N;;;;;FX;GNS;FPO;;;;;6.00;0.00;1.00;0.00;0.00;7.00;0.00;3;1991-10-16;MFL;;;;1979-01-01
DEU;DEU104480213;;RET;2015-10-19;2015-10-19;FLE77;FLE77;---;0213;;;N;N;N;;;;;FX;GNS;FPO;;;;;5.10;0.00;1.00;1.84;0.00;6.00;0.00;1;1991-10-16;MFL;;;PA;1979-01-01
DEU;DEU104490213;;MOD;2009-12-09;2100-12-31;FLE78;FLE78;---;0213;;;N;Y;N;;;;;FX;GNS;FPO;;;;;6.00;0.00;1.00;2.54;0.00;16.00;0.00;3;1984-07-01;MFL;;;;1975-01-01
DEU;DEU104500213;;RET;2023-07-11;2023-07-11;FLE80;FLE80;THOR;DEFLF;Flensburg;;N;N;N;N;N;N;;GO;GNS;FPO;;;;;6.80;0.00;2.00;0.00;0.00;15.00;0.00;3;1988-07-01;MFL;;;PA;1983-01-01
DEU;DEU104510213;;CHA;2022-06-03;2100-12-31;ECKE101;ECKE101;WOTAN;DEECK;Eckernförde;;N;Y;N;N;;N;;GO;GNS;FPO;;;;;5.70;0.00;1.00;0.00;0.00;7.00;0.00;3;1985-06-01;MFL;;;PA;1970-01-01
DEU;DEU104520213;;RET;2008-12-18;2008-12-18;MAA27;MAA27;MAI-FLE;0210;;;N;N;N;;;;;FX;GNS;FPO;;;;;4.86;0.00;1.00;1.67;0.00;5.00;0.00;3;1992-01-01;MFL;;;PA;1980-01-01
DEU;DEU104530213;;RET;2005-08-31;2005-08-31;BOCK3;BOCK3;---;0244;;;N;N;N;;;;;FX;GNS;FPO;;;;;6.40;0.00;2.00;2.89;0.00;13.00;0.00;3;1989-09-29;MFL;;;PA;1981-01-01
DEU;DEU104540213;;RET;2014-12-31;2014-12-31;FLE91A;FLE91A;BUTTJE;0213;;;N;N;N;;;;;FX;GNS;FPO;;;;;6.40;0.00;2.00;2.89;0.00;7.00;0.00;3;1992-01-01;MFL;;;PA;1978-01-01
DEU;DEU104550213;;RET;2020-11-06;2020-11-06;WYK24;WYK24;---;0110;;;N;N;N;N;;N;;GO;GNS;NK;;;;;4.95;0.00;1.00;0.00;0.00;1.00;0.00;3;1990-05-15;MFL;;;PA;1981-01-01
DEU;DEU104560213;;RET;2004-03-25;2004-03-25;FLE96;FLE96;ELFI;0213;;;N;N;N;;;;;FX;GNS;FPO;;;;;4.30;0.00;1.00;1.25;0.00;4.00;0.00;3;1991-10-07;MFL;;;PA;1985-01-01
DEU;DEU104570213;;RET;2002-03-20;2002-03-20;GLUE1;GLUE1;---;0243;;;N;N;N;;;;;FX;GNS;FPO;;;;;4.80;0.00;1.00;1.63;0.00;3.00;0.00;;1991-12-19;4C1;;;PA;
DEU;DEU104580213;;RET;2004-10-26;2004-10-26;GLUE2;GLUE2;---;0243;;;N;N;N;;;;;FX;GNS;FPO;;;;;5.30;0.00;1.00;1.98;0.00;4.00;0.00;3;1982-04-01;MFL;;;PA;1971-01-01
DEU;DEU104590213;;RET;2001-08-21;2001-08-21;GLUE3;GLUE3;---;0243;;;N;N;N;;;;;FX;GNS;FPO;;;;;4.50;0.00;1.00;1.43;0.00;40.00;0.00;;1992-01-01;4C1;;;PA;
DEU;DEU104600213;;RET;1996-09-10;1996-09-10;GLUE7;GLUE7;---;0213;;;N;N;N;;;;;FX;GNS;FPO;;;;;6.00;0.00;1.00;2.54;0.00;4.00;0.00;;1956-05-20;C19;;;PA;
DEU;DEU104610213;;RET;2003-12-30;2003-12-30;GLUE9;GLUE9;---;0213;;;N;N;N;;;;;FX;GNS;FPO;;;;;6.30;0.00;2.00;2.84;0.00;12.00;0.00;1;1973-05-01;MFL;;;PA;1966-01-01
DEU;DEU104620213;;RET;1995-10-30;1995-10-30;GLUE14;GLUE14;---;0213;;;N;N;N;;;;;FX;GNS;FPO;;;;;6.30;0.00;2.00;2.80;0.00;7.00;0.00;;1983-08-01;C19;;;PA;
DEU;DEU104630213;;MOD;2004-06-03;2100-12-31;BOCK1;BOCK1;---;0244;;;N;Y;N;;;;;FX;GNS;FPO;;;;;5.20;0.00;1.00;1.91;0.00;4.00;0.00;3;1980-07-07;MFL;;;;1979-01-01
DEU;DEU104640213;;RET;2007-11-30;2007-11-30;BOCK2;BOCK2;---;0244;;;N;N;N;;;;;FX;GNS;FPO;;;;;5.70;0.00;1.00;0.00;0.00;15.00;0.00;3;1982-04-30;MFL;;;PA;1977-01-01
DEU;DEU104650213;;RET;1996-09-10;1996-09-10;BOCK3;BOCK3;---;0213;;;N;N;N;;;;;FX;GNS;FPO;;;;;4.50;0.00;1.00;1.43;0.00;2.00;0.00;;1980-07-08;C19;;;PA;
DEU;DEU104660213;;RET;1997-12-16;1997-12-16;BOCK4;BOCK4;---;0213;;;N;N;N;;;;;FX;GNS;FPO;;;;;4.85;0.00;1.00;1.66;0.00;4.00;0.00;;1982-08-23;4C1;;;PA;
DEU;DEU104670213;;RET;1996-09-10;1996-09-10;BOCK6FF;BOCK6FF;---;0213;;;N;N;N;;;;;FX;GNS;FPO;;;;;3.30;0.00;1.00;0.77;0.00;4.00;0.00;;1980-08-12;C19;;;PA;
DEU;DEU104680213;;RET;1996-09-10;1996-09-10;BOCK7;BOCK7;---;0213;;;N;N;N;;;;;FX;GNS;FPO;;;;;4.20;0.00;1.00;1.25;0.00;0.00;0.00;;1982-09-10;C19;;;PA;
DEU;DEU104690213;;RET;2010-01-20;2010-01-20;FLE14;FLE14;GILA;0213;;;N;N;N;;;;;FX;GNS;FPO;;;;;5.62;0.00;1.00;2.23;0.00;7.00;0.00;3;1971-01-01;MFL;;;PA;1969-01-01
DEU;DEU104700213;;RET;1995-10-30;1995-10-30;BOCK9;BOCK9;---;0213;;;N;N;N;;;;;FX;GNS;FPO;;;;;6.30;0.00;2.00;2.80;0.00;6.00;0.00;;1982-10-01;C19;;;PA;
DEU;DEU104710213;;RET;1998-05-05;1998-05-05;BOCK10;BOCK10;---;0213;;;N;N;N;;;;;FX;GNS;FPO;;;;;0.00;4.00;1.00;1.13;0.00;0.00;0.00;;1970-12-31;4C1;;;PA;
DEU;DEU104720227;;RET;2011-01-10;2011-01-10;LAN2FF;LAN2FF;DODI;0227;;;N;N;N;;;;;FX;GNS;FPO;;;;;5.90;0.00;1.00;2.46;0.00;8.00;0.00;1;1978-05-01;MFL;;;PA;1963-01-01
DEU;DEU104730227;;RET;2014-08-05;2014-08-05;LAN4;LAN4;---;0227;;;N;N;N;;;;;FX;GNS;FPO;;;;;4.62;0.00;1.00;1.56;0.00;29.00;0.00;3;1992-01-01;MFL;;;PA;1967-01-01
DEU;DEU104740227;;MOD;2020-03-12;2100-12-31;RAN2;RAN2;META;0104;;;N;Y;N;N;;N;;TU;TBB;GNS;;;;;6.10;0.00;2.00;0.00;0.00;7.00;0.00;1;1980-08-01;MFL;;;;1958-01-01
DEU;DEU104750227;;RET;1996-09-10;1996-09-10;LAN6FF;LAN6FF;---;0227;;;N;N;N;;;;;FX;GNS;FPO;;;;;5.80;0.00;1.00;2.37;0.00;7.00;0.00;;1972-09-01;C19;;;PA;
DEU;DEU104760227;;CHA;2013-08-30;2100-12-31;LAN2;LAN2;DODI;0227;;;N;Y;N;;;;;FX;GNS;FPO;;;;;4.82;0.00;1.00;0.00;0.00;37.00;0.00;3;1991-06-17;MFL;;;PA;1984-01-01
DEU;DEU104770227;;RET;2025-03-06;2025-03-06;MAA9;MAA9;INGE;DEMAO;Maasholm;DD3190;Y;N;N;N;Y;N;211845420;GO;GNS;GTR;;;;;6.30;0.00;1.00;0.00;0.00;20.00;0.00;3;1983-09-01;MFL;;;PA;1975-01-01
DEU;DEU104780227;;RET;2010-09-10;2010-09-10;LAN10;LAN10;---;0227;;;N;N;N;;;;;FX;GNS;FPO;;;;;4.70;0.00;1.00;1.57;0.00;22.00;0.00;3;1992-01-01;MFL;;;PA;1991-01-01
DEU;DEU104790227;;RET;2015-12-19;2015-12-19;LIP19;LIP19;ANDREA;0234;;;N;N;N;;;;;FX;GNS;FPO;;;;;6.21;0.00;2.00;0.00;0.00;10.00;0.00;3;1985-08-26;MFL;;;PA;1979-01-01
DEU;DEU104800227;;RET;1998-09-14;1998-09-14;LAN11A;LAN11A;---;0227;;;N;N;N;;;;;FX;GNS;FPO;;;;;4.60;0.00;1.00;1.49;0.00;18.00;0.00;;1991-11-01;4C1;;;PA;
DEU;DEU104810227;;RET;2005-04-07;2005-04-07;KOL11;KOL11;BUTT II;0119;;;N;N;N;;;;;FX;FPO;GNS;;;;;6.40;5.76;2.00;2.89;0.00;15.00;0.00;3;1983-05-01;MFL;;;PA;1974-01-01
DEU;DEU104820227;;CHA;2024-02-01;2100-12-31;ZEW28N;ZEW28N;Sandrena;DEZEQ;Zecherin;;N;Y;N;N;Y;N;;GO;GNS;LLS;;;;;6.30;0.00;2.00;0.00;0.00;21.00;0.00;3;1990-10-08;MFL;;;PA;1974-01-01
DEU;DEU104830227;;RET;1995-01-25;1995-01-25;LAN14;LAN14;---;0227;;;N;N;N;;;;;FX;GNS;FPO;;;;;6.20;0.00;1.00;2.72;0.00;4.00;0.00;;1981-04-01;C19;;;PA;
DEU;DEU104840227;;RET;2012-12-31;2012-12-31;LAN15;LAN15;ANNELIE;0227;;;N;N;N;;;;;FX;GNS;FPO;;;;;7.71;0.00;3.00;4.20;0.00;16.00;0.00;3;1981-08-01;MFL;;;PA;1972-01-01
DEU;DEU104850213;;RET;2017-02-21;2017-02-21;LAN16FF;LAN16FF;---;0227;;;N;N;N;;;;;FX;GNS;FPO;;;;;5.00;0.00;1.00;0.00;0.00;25.00;0.00;3;1987-05-01;MFL;;;PA;1976-01-01
DEU;DEU104860227;;RET;1995-01-25;1995-01-25;LAN18;LAN18;KARIN;0227;;;N;N;N;;;;;FX;GNS;FPO;;;;;7.00;0.00;2.00;3.46;0.00;9.00;0.00;;1991-04-11;C19;;;PA;
DEU;DEU104870227;;RET;2017-03-28;2017-03-28;LAN5FF;LAN5FF;---;0227;;;N;N;N;;;;;FX;GNS;FPO;;;;;6.40;0.00;2.00;0.00;0.00;32.00;0.00;1;1989-04-25;MFL;;;PA;1975-01-01
DEU;DEU104880227;;RET;2009-09-15;2009-09-15;LAN20;LAN20;HELGA;0227;;;N;N;N;;;;;FX;GNS;FPO;;;;;5.25;0.00;1.00;1.95;0.00;6.00;0.00;3;1990-04-04;MFL;;;PA;1979-01-01
DEU;DEU104890227;;RET;1995-01-18;1995-01-18;LAN21;LAN21;---;0227;;;N;N;N;;;;;FX;GNS;FPO;;;;;5.95;0.00;1.00;2.50;0.00;9.00;0.00;;1985-04-01;C19;;;PA;
DEU;DEU104900227;;RET;2001-01-10;2001-01-10;LAN23;LAN23;---;0227;;;N;N;N;;;;;FX;GNS;FPO;;;;;6.80;0.00;1.00;3.27;0.00;30.00;0.00;;1980-09-01;4C1;;;PA;
DEU;DEU104910227;;MOD;2007-03-19;2100-12-31;LAN24;LAN24;DUEPHEID;0227;;;N;Y;N;;;;;FX;GNS;FPO;;;;;5.62;0.00;1.00;2.23;0.00;7.00;0.00;3;1983-06-01;MFL;;;;1969-01-01
DEU;DEU104920227;;RET;2011-09-05;2011-09-05;LAN27;LAN27;---;0227;;;N;N;N;;;;;FX;GNS;FPO;;;;;4.70;0.00;1.00;1.56;0.00;29.00;0.00;3;1990-02-05;MFL;;;PA;1990-01-01
DEU;DEU104930227;;RET;2018-10-22;2018-10-22;LAN31;LAN31;LENA;0227;;;N;N;N;N;;N;;GO;GNS;FPO;;;;;5.40;0.00;1.00;0.00;0.00;11.00;0.00;3;1991-12-31;MFL;;;PA;1991-01-01
DEU;DEU104940227;;RET;2009-08-14;2009-08-14;FLE30;FLE30;ORCA II;0213;;;N;N;N;;;;;FX;GNS;FPO;;;;;5.80;0.00;1.00;2.38;0.00;7.00;0.00;3;1991-12-31;MFL;;;PA;1964-01-01
DEU;DEU104950227;;MOD;2015-12-07;2100-12-31;LAN33FF;LAN33FF;SUSI II;0227;;;N;Y;N;;;;;FX;GNS;FPO;;;;;5.20;0.00;1.00;0.00;0.00;6.00;0.00;3;1992-01-01;MFL;;;;1972-01-01
DEU;DEU104960211;;RET;1995-10-30;1995-10-30;NEUK3FF;NEUK3FF;---;0211;;;N;N;N;;;;;FX;GNS;FPO;;;;;5.80;0.00;1.00;2.37;0.00;11.00;0.00;;1979-09-21;C19;;;PA;
DEU;DEU104970211;;RET;2000-06-30;2000-06-30;NEUK10;NEUK10;---;0245;;;N;N;N;;;;;FX;GNS;FPO;;;;;6.10;0.00;1.00;2.64;0.00;37.00;0.00;;1979-05-01;4C1;;;PA;
DEU;DEU104980211;;RET;1996-09-10;1996-09-10;NEUK11;NEUK11;---;0211;;;N;N;N;;;;;FX;GNS;FPO;;;;;6.50;0.00;1.00;2.98;0.00;0.00;0.00;;1971-01-01;C19;;;PA;
DEU;DEU104990211;;RET;1997-10-13;1997-10-13;FLE41;FLE41;---;0213;;;N;N;N;;;;;FX;GNS;FPO;;;;;5.00;0.00;1.00;1.77;0.00;11.00;0.00;;1992-01-01;4C1;;;PA;
DEU;DEU105000211;;RET;1996-09-10;1996-09-10;NEUK13;NEUK13;---;0211;;;N;N;N;;;;;FX;GNS;FPO;;;;;4.55;0.00;1.00;1.46;0.00;3.00;0.00;;1982-03-01;C19;;;PA;
DEU;DEU105000301;;DES;1992-11-03;1992-11-03;NC104;NC104;SAARBRUECKEN;0301;;DFBY;Y;N;N;;;;;FX;OTB;OTM;;;;;63.29;55.20;0.00;887.70;0.00;1574.00;190.00;;1966-12-01;G22;;;PA;
DEU;DEU105010211;;RET;1995-10-30;1995-10-30;NEUK14;NEUK14;---;0211;;;N;N;N;;;;;FX;GNS;FPO;;;;;4.70;0.00;1.00;1.56;0.00;11.00;0.00;;1990-04-01;C19;;;PA;
DEU;DEU105020211;;RET;2005-09-27;2005-09-27;STEI3;STEI3;---;0246;;;N;N;N;;;;;FX;GNS;FPO;;;;;5.30;0.00;1.00;1.93;0.00;4.00;0.00;1;1964-01-01;MFL;;;PA;1964-01-01
DEU;DEU105030211;;RET;1998-10-26;1998-10-26;STEI4;STEI4;AMIGO;0246;;;N;N;N;;;;;FX;GNS;FPO;;;;;6.40;0.00;2.00;2.89;0.00;28.00;0.00;;1992-01-01;4C1;;;PA;
DEU;DEU105040211;;RET;2010-03-31;2010-03-31;STEI5;STEI5;---;0246;;;N;N;N;;;;;FX;GNS;FPO;;;;;4.50;0.00;1.00;1.43;0.00;4.00;0.00;3;1977-12-31;MFL;;;PA;1977-01-01
DEU;DEU105060211;;RET;2004-05-19;2004-05-19;STEI6;STEI6;NIXE;0246;;;N;N;N;;;;;FX;GNS;FPO;;;;;5.95;0.00;1.00;2.50;0.00;7.00;0.00;3;1992-01-01;MFL;;;PA;1983-01-01
DEU;DEU105070211;;RET;1996-09-10;1996-09-10;STEI7;STEI7;---;0211;;;N;N;N;;;;;FX;GNS;FPO;;;;;4.00;0.00;1.00;1.13;0.00;0.00;0.00;;1981-03-01;C19;;;PA;
DEU;DEU105080211;;RET;2005-11-29;2005-11-29;STEI1;STEI1;---;0246;;;N;N;N;;;;;FX;GNS;FPO;;;;;4.80;0.00;1.00;0.00;0.00;11.00;0.00;3;1991-12-31;MFL;;;PA;1991-01-01
DEU;DEU105090211;;RET;2004-03-25;2004-03-25;STEI11;STEI11;---;0246;;;N;N;N;;;;;FX;GNS;FPO;;;;;4.50;0.00;1.00;1.43;0.00;4.00;0.00;3;1981-09-15;MFL;;;PA;1979-01-01
DEU;DEU105100211;;RET;1995-10-30;1995-10-30;STEI12;STEI12;CHAMPI;0211;;;N;N;N;;;;;FX;GNS;FPO;;;;;5.30;0.00;1.00;1.98;0.00;4.00;0.00;;1990-05-01;C19;;;PA;
DEU;DEU105110211;;RET;2000-06-23;2000-06-23;KAP24;KAP24;---;0209;;;N;N;N;;;;;FX;GNS;FPO;;;;;5.50;0.00;1.00;2.14;0.00;5.00;0.00;;1980-08-01;4C1;;;PA;
DEU;DEU105120211;;MOD;2014-01-08;2100-12-31;STEI15;STEI15;---;DESBJ;Steinberghaff;;N;Y;N;N;Y;N;;GO;GNS;FPO;;;;;4.70;0.00;1.00;1.56;0.00;29.00;0.00;3;1984-04-01;MFL;;;;1984-01-01
DEU;DEU105130211;;RET;2000-07-21;2000-07-21;STEI15A;STEI15A;---;0246;;;N;N;N;;;;;FX;GNS;FPO;;;;;4.55;0.00;1.00;1.56;0.00;4.00;0.00;;1990-06-01;4C1;;;PA;
DEU;DEU105140211;;RET;1997-12-16;1997-12-16;STEI16;STEI16;---;0211;;;N;N;N;;;;;FX;GNS;FPO;;;;;4.50;0.00;1.00;1.43;0.00;3.00;0.00;;1981-05-01;4C1;;;PA;
DEU;DEU105150211;;RET;1997-12-16;1997-12-16;STEI17;STEI17;---;0211;;;N;N;N;;;;;FX;GNS;FPO;;;;;5.00;0.00;1.00;1.77;0.00;3.00;0.00;;1981-05-09;4C1;;;PA;
DEU;DEU105160211;;RET;2000-06-19;2000-06-19;WIT10;WIT10;JENNI;0213;;;N;N;N;;;;;FX;GNS;FPO;;;;;5.21;0.00;1.00;1.92;0.00;14.00;0.00;;1992-01-01;4C1;;;PA;
DEU;DEU105170211;;RET;1995-10-30;1995-10-30;STEI21;STEI21;---;0211;;;N;N;N;;;;;FX;GNS;FPO;;;;;3.70;0.00;1.00;0.97;0.00;4.00;0.00;;1982-07-01;C19;;;PA;
DEU;DEU105180211;;RET;1996-09-10;1996-09-10;STEI23;STEI23;---;0211;;;N;N;N;;;;;FX;GNS;FPO;;;;;6.00;0.00;1.00;2.54;0.00;4.00;0.00;;1982-07-01;C19;;;PA;
DEU;DEU105190211;;RET;1996-09-10;1996-09-10;STEI25;STEI25;KORALLE;0211;;;N;N;N;;;;;FX;GNS;FPO;;;;;4.35;0.00;1.00;1.34;0.00;4.00;0.00;;1982-07-08;C19;;;PA;
DEU;DEU105200211;;RET;1996-09-10;1996-09-10;STEI26;STEI26;---;0211;;;N;N;N;;;;;FX;GNS;FPO;;;;;4.10;0.00;1.00;1.19;0.00;4.00;0.00;;1982-08-01;C19;;;PA;
DEU;DEU105210227;;MOD;2010-11-12;2100-12-31;WAR21;WAR21;SEEHUND;0603;;;N;Y;N;;;;;FX;GNS;LLS;;;;;6.30;0.00;2.00;2.80;0.00;7.00;0.00;3;1984-06-01;MFL;;;;1978-01-01
DEU;DEU105220227;;RET;2008-10-31;2008-10-31;OHR2;OHR2;RAMONA;0247;;;N;N;N;;;;;FX;GNS;FPO;;;;;4.80;0.00;1.00;1.63;0.00;7.00;0.00;3;1989-08-18;MFL;;;PA;1983-01-01
DEU;DEU105230227;;RET;2014-01-01;2014-01-01;OHR3;OHR3;---;0247;;;N;N;N;;;;;FX;GNS;FPO;;;;;4.50;0.00;1.00;0.00;0.00;4.00;0.00;3;1986-04-01;MFL;;;PA;1976-01-01
DEU;DEU105240227;;RET;2003-05-22;2003-05-22;WACK12;WACK12;HOFFNUNG;0247;;;N;N;N;;;;;FX;GNS;FPO;;;;;5.62;0.00;1.00;2.23;0.00;15.00;0.00;3;1974-12-31;MFL;;;PA;1974-01-01
DEU;DEU105250227;;RET;2022-06-17;2022-06-17;OHR4A;OHR4A;HUGO;DEORV;Ohrfeldhaff;;N;N;N;N;;N;;GO;GNS;FPO;;;;;5.00;0.00;1.00;0.00;0.00;7.00;0.00;3;1990-03-16;MFL;;;PA;1981-01-01
DEU;DEU105260227;;RET;1997-12-16;1997-12-16;OHR5;OHR5;---;0227;;;N;N;N;;;;;FX;GNS;FPO;;;;;4.70;0.00;1.00;1.56;0.00;7.00;0.00;;1990-06-08;4C1;;;PA;
DEU;DEU105270227;;RET;2006-12-18;2006-12-18;OHR6;OHR6;KATRIN P;0227;;;N;N;N;;;;;FX;GNS;FPO;;;;;6.80;0.00;2.00;0.00;0.00;16.00;0.00;1;1992-01-01;MFL;;;PA;1974-01-01
DEU;DEU105280227;;RET;1996-09-10;1996-09-10;OHR7;OHR7;---;0227;;;N;N;N;;;;;FX;GNS;FPO;;;;;4.50;0.00;1.00;1.43;0.00;0.00;0.00;;1980-07-07;C19;;;PA;
DEU;DEU105290227;;RET;2006-11-20;2006-11-20;OHR9;OHR9;---;0227;;;N;N;N;;;;;FX;GNS;FPO;;;;;4.00;0.00;1.00;0.00;0.00;4.00;0.00;3;1992-01-01;MFL;;;PA;1992-01-01
DEU;DEU105300227;;RET;1997-12-16;1997-12-16;OHR9A;OHR9A;---;0227;;;N;N;N;;;;;FX;GNS;FPO;;;;;4.00;0.00;1.00;1.13;0.00;4.00;0.00;;1979-03-01;4C1;;;PA;
DEU;DEU105310227;;RET;2012-01-01;2012-01-01;OHR12;OHR12;---;0227;;;N;N;N;;;;;FX;GNS;NO;;;;;4.80;0.00;1.00;1.60;0.00;7.00;0.00;3;1991-12-31;MFL;;;PA;1985-01-01
DEU;DEU105320227;;RET;1996-09-10;1996-09-10;OHR13;OHR13;---;0227;;;N;N;N;;;;;FX;GNS;FPO;;;;;6.00;0.00;1.00;2.54;0.00;4.00;0.00;;1982-04-01;C19;;;PA;
DEU;DEU105330225;;RET;2010-02-02;2010-02-02;WACK1;WACK1;---;0225;;;N;N;N;;;;;FX;GNS;FPO;;;;;6.40;0.00;1.00;0.00;0.00;14.00;0.00;3;1973-08-01;MFL;;;PA;1973-01-01
DEU;DEU105340225;;RET;2010-02-24;2010-02-24;SCHLE9;SCHLE9;---;0217;;;N;N;N;;;;;FX;GNS;LLS;;;;;4.20;0.00;1.00;0.00;0.00;11.00;0.00;3;1992-01-01;MFL;;;PA;1986-01-01
DEU;DEU105350225;;RET;1995-01-25;1995-01-25;WACK3;WACK3;---;0225;;;N;N;N;;;;;FX;GNS;FPO;;;;;4.30;0.00;1.00;1.31;0.00;0.00;0.00;;1991-12-31;C19;;;PA;
DEU;DEU105360225;;RET;1997-06-23;1997-06-23;WACK4;WACK4;---;0225;;;N;N;N;;;;;FX;GNS;FPO;;;;;4.90;0.00;1.00;1.70;0.00;0.00;0.00;;1979-06-01;4C1;;;PA;
DEU;DEU105370225;;RET;2004-04-14;2004-04-14;RAN2;RAN2;BRIGITTE;0125;;;N;N;N;;;;;FX;GNS;FPO;;;;;6.50;0.00;2.00;2.98;0.00;8.00;0.00;1;1981-05-01;MFL;;;PA;1950-01-01
DEU;DEU105380225;;RET;2003-12-29;2003-12-29;WACK6;WACK6;---;0225;;;N;N;N;;;;;FX;GNS;FPO;;;;;4.75;0.00;1.00;1.59;0.00;11.00;0.00;3;1988-05-13;MFL;;;PA;1987-01-01
DEU;DEU105390225;;RET;2001-07-06;2001-07-06;WACK7;WACK7;---;0225;;;N;N;N;;;;;FX;GNS;FPO;;;;;6.00;0.00;1.00;2.54;0.00;7.00;0.00;;1980-08-01;4C1;;;PA;
DEU;DEU105400225;;RET;2005-11-15;2005-11-15;WACK10;WACK10;CHRISTA;0225;;;N;N;N;;;;;FX;GNS;FPO;;;;;4.64;0.00;1.00;0.00;0.00;7.00;0.00;1;1987-05-01;MFL;;;PA;1972-01-01
DEU;DEU105410225;;MOD;2024-05-15;2100-12-31;OHR4;OHR4;HOFFNUNG;DEORV;Ohrfeldhaff;;N;Y;N;N;Y;N;;GO;GNS;LLS;GTR;FPO;;;7.59;0.00;3.00;0.00;0.00;15.00;0.00;3;1981-12-01;MFL;;;;1979-01-01
DEU;DEU105420225;;RET;1996-09-10;1996-09-10;WACK15;WACK15;---;0225;;;N;N;N;;;;;FX;GNS;FPO;;;;;5.95;0.00;1.00;2.50;0.00;4.00;0.00;;1983-10-01;C19;;;PA;
DEU;DEU105430225;;RET;2021-10-01;2021-10-01;SCHUB2;SCHUB2;---;DESC7;;;N;N;N;N;;N;;GO;GNS;FPO;;;;;4.62;0.00;1.00;0.00;0.00;7.00;0.00;3;1992-01-01;MFL;;;PA;1991-01-01
DEU;DEU105440210;;RET;2006-09-11;2006-09-11;FAL1;FAL1;---;0210;;;N;N;N;;;;;FX;GNS;FPO;;;;;4.55;0.00;1.00;0.00;0.00;6.00;0.00;3;1975-12-31;MFL;;;PA;1975-01-01
DEU;DEU105450210;;RET;2006-11-20;2006-11-20;FAL2;FAL2;GERDA;0248;;;N;N;N;;;;;FX;GNS;FPO;;;;;4.65;0.00;1.00;0.00;0.00;4.00;0.00;3;1980-09-12;MFL;;;PA;1979-01-01
DEU;DEU105460210;;RET;2016-03-15;2016-03-15;FAL3;FAL3;---;0248;;;N;N;N;;;;;FX;GNS;FPO;;;;;4.55;0.00;1.00;0.00;0.00;4.00;0.00;1;1983-03-11;MFL;;;PA;1972-01-01
DEU;DEU105470210;;RET;2014-12-31;2014-12-31;FAL5;FAL5;---;0248;;;N;N;N;;;;;FX;GNS;FPO;;;;;4.20;0.00;1.00;1.43;0.00;4.00;0.00;3;1983-09-15;MFL;;;PA;1982-01-01
DEU;DEU105480210;;RET;2016-01-06;2016-01-06;FAL6;FAL6;LONZO;0248;;;N;N;N;;;;;FX;GNS;FPO;;;;;5.18;0.00;1.00;0.00;0.00;18.00;0.00;3;1991-01-17;MFL;;;PA;1990-01-01
DEU;DEU105490210;;RET;2013-11-30;2013-11-30;FAL7;FAL7;BOSSI III;0248;;;N;N;N;;;;;FX;GNS;FPO;;;;;4.80;0.00;1.00;1.63;0.00;4.00;0.00;3;1992-01-01;MFL;;;PA;1986-01-01
DEU;DEU105500209;;RET;2023-01-23;2023-01-23;KAP2;KAP2;---;DEKAP;Kappeln;;N;N;N;N;N;N;;GO;GNS;FPO;;;;;7.85;0.00;3.00;0.00;0.00;38.00;0.00;3;1984-01-01;MFL;;;BO;1984-01-01
DEU;DEU105510209;;RET;2000-02-03;2000-02-03;KAP2A;KAP2A;---;0209;;;N;N;N;;;;;FX;GNS;FPO;;;;;4.30;0.00;1.00;1.31;0.00;4.00;0.00;;1991-08-01;4C1;;;PA;
DEU;DEU105520209;;RET;2009-08-12;2009-08-12;KAP33;KAP33;BREIFLABB;0209;;;N;N;N;;;;;FX;GNS;FPO;;;;;6.40;0.00;2.00;2.89;0.00;15.00;0.00;3;1979-07-01;MFL;;;PA;1978-01-01
DEU;DEU105530209;;RET;2022-08-16;2022-08-16;LAB9;LAB9;NICOLE;DELAB;Laboe;;N;N;N;N;;N;;GO;GNS;FPO;;;;;5.30;0.00;1.00;0.00;0.00;19.00;0.00;3;1992-01-01;MFL;;;PA;1968-01-01
DEU;DEU105540209;;RET;1996-10-22;1996-10-22;KAP10;KAP10;---;0209;;;N;N;N;;;;;FX;GNS;FPO;;;;;5.00;0.00;1.00;1.77;0.00;3.00;0.00;;1988-02-22;C19;;;PA;
DEU;DEU105550209;;RET;2003-11-18;2003-11-18;KAP11;KAP11;OMA LISA;0209;;;N;N;N;;;;;FX;GNS;FPO;;;;;5.00;0.00;1.00;1.77;0.00;45.00;0.00;3;1992-01-01;MFL;;;PA;1981-01-01
DEU;DEU105560209;;RET;2010-12-30;2010-12-30;KAP18;KAP18;---;0209;;;N;N;N;;;;;FX;GNS;FPO;;;;;5.30;0.00;1.00;2.38;0.00;6.00;0.00;3;1986-06-06;MFL;;;PA;1967-01-01
DEU;DEU105570209;;RET;1997-12-16;1997-12-16;KAP12;KAP12;---;0209;;;N;N;N;;;;;FX;GNS;FPO;;;;;4.30;0.00;1.00;1.31;0.00;4.00;0.00;;1981-07-15;4C1;;;PA;
DEU;DEU105580209;;RET;2002-01-21;2002-01-21;KAP14;KAP14;JETTE;0209;;;N;N;N;;;;;FX;GNS;FPO;;;;;4.85;0.00;1.00;1.66;0.00;5.00;0.00;;1987-09-01;4C1;;;PA;
DEU;DEU105590209;;RET;1997-12-11;1997-12-11;KAP15;KAP15;---;0209;;;N;N;N;;;;;FX;GNS;FPO;;;;;6.00;0.00;1.00;2.54;0.00;30.00;0.00;;1992-01-01;4C1;;;PA;
DEU;DEU105600209;;RET;2010-03-11;2010-03-11;KAP16;KAP16;SCHNEEWITTCHEN;0209;;;N;N;N;;;;;FX;GNS;FPO;;;;;4.10;0.00;1.00;1.19;0.00;5.00;0.00;3;1992-01-01;MFL;;;PA;1969-01-01
DEU;DEU105610209;;MOD;2022-02-01;2100-12-31;UETZ20N;UETZ20N;---;DEUEC;Ueckeritz;;N;Y;N;N;;N;;GO;GNS;FPO;;;;;5.25;0.00;1.00;0.00;0.00;7.00;0.00;3;1980-09-09;MFL;;;;1977-01-01
DEU;DEU105620209;;RET;2002-10-22;2002-10-22;KAP19;KAP19;---;0209;;;N;N;N;;;;;FX;GNS;FPO;;;;;5.06;0.00;1.00;1.81;0.00;6.00;0.00;;1985-04-01;4C1;;;PA;
DEU;DEU105630209;;MOD;2024-05-16;2100-12-31;KAP12;KAP12;ODIN;DEKAP;Kappeln;DJ5035;Y;Y;N;N;Y;N;211562050;GO;GNS;FPO;LLS;GTR;;;7.49;0.00;3.00;0.00;0.00;29.00;0.00;3;1990-06-01;MFL;;;;1974-01-01
DEU;DEU105640209;;RET;1995-01-31;1995-01-31;KAP24;KAP24;---;0209;;;N;N;N;;;;;FX;GNS;FPO;;;;;4.70;0.00;1.00;1.56;0.00;3.00;0.00;;1992-01-01;C19;;;PA;
DEU;DEU105650209;;RET;1997-12-16;1997-12-16;KAP35;KAP35;---;0209;;;N;N;N;;;;;FX;GNS;FPO;;;;;5.30;0.00;1.00;2.34;0.00;6.00;0.00;;1985-01-01;4C1;;;PA;
DEU;DEU105660209;;MOD;2012-10-01;2100-12-31;ARN3;ARN3;---;0223;;;N;Y;N;;;;;FX;GNS;FPO;;;;;4.80;0.00;1.00;1.63;0.00;12.00;0.00;3;1991-07-01;MFL;;;PA;1991-01-01
DEU;DEU105670209;;RET;2021-07-09;2021-07-09;HEI23;HEI23;---;DEHED;Heikendorf;;N;N;N;N;;N;;GO;GNS;FPO;;;;;5.30;0.00;1.00;0.00;0.00;6.00;0.00;3;1981-01-01;MFL;;;PA;1967-01-01
DEU;DEU105680209;;RET;1996-01-10;1996-01-10;KAP25;KAP25;---;0209;;;N;N;N;;;;;FX;GNS;FPO;;;;;4.70;0.00;1.00;1.56;0.00;4.00;0.00;;1982-03-01;C19;;;PA;
DEU;DEU105690209;;RET;2018-08-23;2018-08-23;KAP27;KAP27;---;0209;;;N;N;N;N;;N;;GO;GNS;FPO;;;;;4.50;0.00;1.00;0.00;0.00;7.00;0.00;3;1981-04-01;MFL;;;PA;1981-01-01
DEU;DEU105700209;;MOD;2019-02-04;2100-12-31;KAP28;KAP28;TROLL;0209;;;N;Y;N;N;;N;;GO;GNS;FPO;;;;;6.10;0.00;1.00;0.00;0.00;7.00;0.00;3;1992-01-01;MFL;;;;1976-01-01
DEU;DEU105710209;;RET;2024-01-25;2024-01-25;KAP30;KAP30;BALU;DEKAP;Kappeln;;N;N;N;N;N;N;;GO;GNS;FPO;;;;;4.65;0.00;1.00;0.00;0.00;18.00;0.00;3;1988-08-12;MFL;;;PA;1988-01-01
DEU;DEU105720209;;RET;1996-09-10;1996-09-10;KAP37;KAP37;---;0209;;;N;N;N;;;;;FX;GNS;FPO;;;;;4.80;0.00;1.00;1.63;0.00;0.00;0.00;;1986-04-01;C19;;;PA;
DEU;DEU105730209;;MOD;2007-03-20;2100-12-31;KAP39;KAP39;---;0209;;;N;Y;N;;;;;FX;GNS;FPO;;;;;6.40;0.00;2.00;2.89;0.00;4.00;0.00;3;1989-03-09;MFL;;;;1969-01-01
DEU;DEU105740209;;RET;1996-09-10;1996-09-10;KAP40;KAP40;---;0209;;;N;N;N;;;;;FX;GNS;FPO;;;;;5.20;0.00;1.00;1.91;0.00;6.00;0.00;;1986-06-01;C19;;;PA;
DEU;DEU105750209;;RET;2007-06-21;2007-06-21;KAP41;KAP41;---;0209;;;N;N;N;;;;;FX;GNS;FPO;;;;;4.25;0.00;1.00;1.28;0.00;6.00;0.00;2;1986-03-10;MFL;;;PA;1973-01-01
DEU;DEU105760209;;RET;2008-04-14;2008-04-14;ECKE101;ECKE101;ANNE;0208;;;N;N;N;;;;;FX;GNS;FPO;;;;;4.85;0.00;1.00;0.00;0.00;12.00;0.00;3;1992-01-01;MFL;;;PA;1982-01-01
DEU;DEU105770209;;RET;1996-09-10;1996-09-10;KAP44;KAP44;---;0209;;;N;N;N;;;;;FX;GNS;FPO;;;;;5.20;0.00;1.00;1.91;0.00;12.00;0.00;;1986-07-02;C19;;;PA;
DEU;DEU105780209;;RET;2022-11-24;2022-11-24;KAP45;KAP45;---;DEKAP;Kappeln;;N;N;N;N;;N;;GO;GNS;FPO;;;;;5.90;0.00;1.00;0.00;0.00;10.00;0.00;3;1986-04-01;MFL;;;PA;1970-01-01
DEU;DEU105790209;;RET;1996-09-10;1996-09-10;KAP47;KAP47;ARGUS;0209;;;N;N;N;;;;;FX;GNS;FPO;;;;;5.00;0.00;1.00;1.77;0.00;40.00;0.00;;1991-04-10;C19;;;PA;
DEU;DEU105800209;;RET;2008-12-05;2008-12-05;KAP50;KAP50;MOK WI;0209;;;N;N;N;;;;;FX;GNS;FPO;;;;;4.00;0.00;1.00;0.00;0.00;7.00;0.00;3;1990-07-12;MFL;;;PA;1988-01-01
DEU;DEU105810209;;RET;2011-08-31;2011-08-31;KAP51;KAP51;SALMO II;0209;;;N;N;N;;;;;FX;GNS;FPO;;;;;5.12;0.00;1.00;1.80;0.00;11.00;0.00;3;1990-08-15;MFL;;;PA;1987-01-01
DEU;DEU105820210;;MOD;2007-11-06;2100-12-31;MAA7;MAA7;---;0210;;;N;Y;N;;;;;FX;GNS;FPO;;;;;5.13;0.00;1.00;1.86;0.00;7.00;0.00;3;1977-10-11;MFL;;;;1948-01-01
DEU;DEU105830210;;RET;2009-10-12;2009-10-12;MAA12;MAA12;---;0210;;;N;N;N;;;;;FX;GNS;FPO;;;;;6.50;0.00;1.00;2.98;0.00;4.00;0.00;1;1990-11-13;MFL;;;PA;1952-01-01
DEU;DEU105840210;;RET;2023-08-11;2023-08-11;MAA21;MAA21;POPPEY;DEMAO;Maasholm;;N;N;N;N;N;N;;GO;GNS;FPO;;;;;5.25;0.00;1.00;0.00;0.00;14.00;0.00;3;1981-11-01;MFL;;;PA;1980-01-01
DEU;DEU105850210;;RET;2010-12-31;2010-12-31;MAA22;MAA22;---;0210;;;N;N;N;;;;;FX;GNS;FPO;;;;;6.40;0.00;1.00;0.00;0.00;18.00;0.00;3;1980-07-07;MFL;;;PA;1966-01-01
DEU;DEU105860210;;RET;1997-12-16;1997-12-16;MAA23;MAA23;---;0210;;;N;N;N;;;;;FX;GNS;FPO;;;;;6.00;0.00;1.00;2.54;0.00;4.00;0.00;;1987-04-01;4C1;;;PA;
DEU;DEU105870210;;RET;2000-12-13;2000-12-13;MAA26;MAA26;---;0210;;;N;N;N;;;;;FX;GNS;FPO;;;;;5.15;0.00;1.00;1.87;0.00;7.00;0.00;;1990-06-07;4C1;;;PA;
DEU;DEU105880210;;MOD;2016-06-03;2100-12-31;MAA28;MAA28;HOLNIS;0210;;;N;Y;N;;;;;FX;GNS;FPO;;;;;5.70;0.00;1.00;0.00;0.00;15.00;0.00;3;1983-07-01;MFL;;;PA;1970-01-01
DEU;DEU105890210;;RET;2003-05-19;2003-05-19;MAA29;MAA29;---;0210;;;N;N;N;;;;;FX;GNS;FPO;;;;;4.85;0.00;1.00;1.67;0.00;4.00;0.00;3;1986-02-05;MFL;;;PA;1964-01-01
DEU;DEU105900210;;RET;2014-07-04;2014-07-04;MAA30;MAA30;BEATE;0210;;;N;N;N;;;;;FX;GNS;FPO;;;;;6.74;0.00;1.00;3.21;0.00;8.00;0.00;1;1989-05-19;MFL;;;PA;1989-01-01
DEU;DEU105910210;;RET;2010-09-27;2010-09-27;MAA31;MAA31;---;0210;;;N;N;N;;;;;FX;GNS;FPO;;;;;5.50;0.00;1.00;2.14;0.00;3.00;0.00;1;1986-02-05;MFL;;;PA;1986-01-01
DEU;DEU105920210;;RET;2007-11-30;2007-11-30;MAA34;MAA34;---;0210;;;N;N;N;;;;;FX;GNS;FPO;;;;;6.30;0.00;1.00;2.80;0.00;26.00;0.00;3;1980-07-07;MFL;;;PA;1968-01-01
DEU;DEU105930210;;CHA;2024-08-15;2100-12-31;LAN11;LAN11;Heike;DELGY;Langballigau;;N;Y;N;N;Y;N;;GO;GNS;FPO;GTR;LLS;;;5.95;0.00;1.00;0.00;0.00;7.00;0.00;3;1981-12-31;MFL;;;PA;1975-01-01
DEU;DEU105940210;;RET;2012-06-28;2012-06-28;MAA100;MAA100;ORION;0210;;;N;N;N;;;;;FX;GNS;FPO;;;;;6.70;0.00;1.00;3.17;0.00;32.00;0.00;1;1987-06-19;MFL;;;PA;1962-01-01
DEU;DEU105950210;;RET;2012-06-22;2012-06-22;MAA100A;MAA100A;RAUDI;0210;;;N;N;N;;;;;FX;GNS;FPO;;;;;4.30;0.00;1.00;1.30;0.00;15.00;0.00;3;1989-09-05;MFL;;;PA;1975-01-01
DEU;DEU105960210;;RET;1996-09-10;1996-09-10;MAA111;MAA111;---;0210;;;N;N;N;;;;;FX;GNS;FPO;;;;;5.25;0.00;1.00;1.95;0.00;4.00;0.00;;1981-11-01;C19;;;PA;
DEU;DEU105970210;;RET;1996-09-10;1996-09-10;MAA130;MAA130;---;0210;;;N;N;N;;;;;FX;GNS;FPO;;;;;5.50;0.00;1.00;2.14;0.00;4.00;0.00;;1983-04-01;C19;;;PA;
DEU;DEU105980223;;MOD;2022-07-28;2100-12-31;ARN1;ARN1;---;DE4AV;Arnis;;N;Y;N;N;;N;;GO;GNS;FPO;;;;;5.55;0.00;1.00;0.00;0.00;7.00;0.00;3;1973-05-10;MFL;;;;1970-01-01
DEU;DEU105990223;;RET;2000-10-27;2000-10-27;ARN6;ARN6;ADVENTURE;0223;;;N;N;N;;;;;FX;GNS;FPO;;;;;6.20;0.00;1.00;2.72;0.00;3.00;0.00;;1992-01-01;4C1;;;PA;
DEU;DEU106000223;;RET;1996-09-10;1996-09-10;ARN30;ARN30;---;0223;;;N;N;N;;;;;FX;GNS;FPO;;;;;5.64;0.00;1.00;2.25;0.00;4.00;0.00;;1984-05-01;C19;;;PA;
DEU;DEU106000301;;DES;1992-06-01;1992-06-01;NC471;NC471;KOELN;0301;;DFOP;Y;N;N;;;;;FX;OTB;OTM;;;;;66.59;61.97;0.00;981.38;0.00;1250.00;533.00;;1966-02-01;G22;;;PA;
DEU;DEU106010223;;RET;1995-01-31;1995-01-31;ARN31;ARN31;---;0223;;;N;N;N;;;;;FX;GNS;FPO;;;;;5.00;0.00;1.00;1.77;0.00;4.00;0.00;;1986-02-05;C19;;;PA;
DEU;DEU106020223;;RET;2005-02-08;2005-02-08;ARN32;ARN32;---;0223;;;N;N;N;;;;;FX;GNS;FPO;;;;;4.30;0.00;1.00;1.31;0.00;4.00;0.00;3;1977-02-01;MFL;;;PA;1970-01-01
DEU;DEU106030223;;RET;2013-06-13;2013-06-13;ARN5;ARN5;---;0223;;;N;N;N;;;;;FX;GNS;FPO;;;;;4.50;0.00;1.00;1.43;0.00;4.00;0.00;1;1980-08-01;MFL;;;PA;1964-01-01
DEU;DEU106040223;;MOD;2022-02-11;2100-12-31;ARN12;ARN12;---;DE4AV;Arnis;;N;Y;N;N;;N;;GO;GNS;FPO;;;;;6.56;0.00;2.00;0.00;0.00;18.00;0.00;3;1992-01-01;MFL;;;;1969-01-01
DEU;DEU106050223;;RET;2007-07-03;2007-07-03;ARN12;ARN12;---;0223;;;N;N;N;;;;;FX;GNS;FPO;;;;;6.00;0.00;1.00;2.54;0.00;6.00;0.00;1;1964-10-28;MFL;;;PA;1957-01-01
DEU;DEU106070223;;RET;1996-09-10;1996-09-10;ARN14;ARN14;---;0223;;;N;N;N;;;;;FX;GNS;FPO;;;;;4.30;0.00;1.00;1.31;0.00;4.00;0.00;;1981-06-16;C19;;;PA;
DEU;DEU106080223;;RET;2009-11-03;2009-11-03;ARN15;ARN15;---;0223;;;N;N;N;;;;;FX;GNS;FPO;;;;;6.00;0.00;1.00;2.54;0.00;8.00;0.00;1;1981-06-01;MFL;;;PA;1981-01-01
DEU;DEU106090223;;RET;1996-09-10;1996-09-10;ARN17;ARN17;---;0223;;;N;N;N;;;;;FX;GNS;FPO;;;;;5.85;0.00;1.00;2.42;0.00;3.00;0.00;;1981-05-01;C19;;;PA;
DEU;DEU106100223;;RET;1996-09-10;1996-09-10;ARN19;ARN19;---;0223;;;N;N;N;;;;;FX;GNS;FPO;;;;;4.50;0.00;1.00;1.43;0.00;3.00;0.00;;1981-04-01;C19;;;PA;
DEU;DEU106110223;;RET;1996-09-10;1996-09-10;ARN27;ARN27;---;0223;;;N;N;N;;;;;FX;GNS;FPO;;;;;5.20;0.00;1.00;1.91;0.00;0.00;0.00;;1983-06-01;C19;;;PA;
DEU;DEU106120223;;RET;2017-11-28;2017-11-28;ARN50;ARN50;SCHWALBE;0223;;;N;N;N;;;;;FX;GNS;FPO;;;;;5.40;0.00;1.00;0.00;0.00;7.00;0.00;1;1981-07-28;MFL;;;PA;1963-01-01
DEU;DEU106130223;;RET;2010-10-25;2010-10-25;ARN62;ARN62;---;0223;;;N;N;N;;;;;FX;GNS;FPO;;;;;5.00;0.00;1.00;1.83;0.00;4.00;0.00;1;1948-12-31;MFL;;;PA;1948-01-01
DEU;DEU106140223;;MOD;2004-12-22;2100-12-31;ARN68;ARN68;---;0223;;;N;Y;N;;;;;FX;GNS;FPO;;;;;5.20;0.00;1.00;1.91;0.00;4.00;0.00;1;1967-01-01;MFL;;;;1927-01-01
DEU;DEU106150223;;RET;2011-06-11;2011-06-11;LIN1;LIN1;BIBER;0249;;;N;N;N;;;;;FX;GNS;FPO;;;;;5.25;0.00;1.00;1.95;0.00;7.00;0.00;3;1983-06-01;MFL;;;PA;1983-01-01
DEU;DEU106160217;;RET;2014-09-30;2014-09-30;SCHUB1;SCHUB1;VENNI;0250;;;N;N;N;;;;;FX;GNS;FPO;;;;;5.25;0.00;1.00;0.00;0.00;13.00;0.00;3;1981-09-13;MFL;;;PA;1981-01-01
DEU;DEU106170217;;RET;2002-08-05;2002-08-05;SCHUB3;SCHUB3;---;0210;;;N;N;N;;;;;FX;GNS;FPO;;;;;5.95;0.00;1.00;1.50;0.00;6.00;0.00;;1992-01-01;4C1;;;PA;
DEU;DEU106180217;;RET;1996-09-10;1996-09-10;SCHUB8;SCHUB8;---;0217;;;N;N;N;;;;;FX;GNS;FPO;;;;;4.90;0.00;1.00;1.67;0.00;4.00;0.00;;1981-04-01;C19;;;PA;
DEU;DEU106190217;;RET;2009-09-04;2009-09-04;DRE2;DRE2;ANTON;0217;;;N;N;N;;;;;FX;GNS;FPO;;;;;4.70;0.00;1.00;1.56;0.00;4.00;0.00;3;1992-01-01;MFL;;;PA;1975-01-01
DEU;DEU106200224;;RET;1996-09-10;1996-09-10;KRO1;KRO1;---;0224;;;N;N;N;;;;;FX;GNS;FPO;;;;;5.60;0.00;1.00;2.22;0.00;4.00;0.00;;1990-01-01;C19;;;PA;
DEU;DEU106210224;;RET;2022-01-21;2022-01-21;KRO2;KRO2;---;DEKGA;Kronsgaard;;N;N;N;N;;N;;GO;GNS;FPO;;;;;5.60;0.00;1.00;0.00;0.00;4.00;0.00;1;1986-03-12;MFL;;;PA;1977-01-01
DEU;DEU106220224;;RET;2009-02-13;2009-02-13;KRO3;KRO3;---;0224;;;N;N;N;;;;;FX;GNS;FPO;;;;;4.40;0.00;1.00;0.00;0.00;4.00;0.00;3;1986-10-18;MFL;;;PA;1986-01-01
DEU;DEU106230224;;RET;2007-01-09;2007-01-09;KRO5;KRO5;---;0224;;;N;N;N;;;;;FX;GNS;FPO;;;;;4.50;0.00;1.00;0.00;0.00;7.00;0.00;3;1989-05-16;MFL;;;PA;1989-01-01
DEU;DEU106240224;;RET;2000-03-23;2000-03-23;KRO6;KRO6;---;0224;;;N;N;N;;;;;FX;GNS;FPO;;;;;3.95;0.00;1.00;1.43;0.00;4.00;0.00;;1992-01-01;4C1;;;PA;
DEU;DEU106250210;;RET;2012-12-21;2012-12-21;MAA24;MAA24;HANEMUS;0210;;;N;N;N;;;;;FX;GNS;FPO;;;;;5.70;0.00;1.00;2.29;0.00;15.00;0.00;3;1971-01-01;MFL;;;PA;1971-01-01
DEU;DEU106250213;;MOD;2009-10-05;2100-12-31;FLE6;FLE6;---;0213;;;N;Y;N;;;;;FX;GNS;FPO;;;;;5.20;0.00;1.00;1.91;0.00;11.00;0.00;1;1990-04-29;MFL;;;;1965-01-01
DEU;DEU106260247;;MOD;2024-12-19;2100-12-31;OHR10;OHR10;---;DEORV;Ohrfeldhaff;;N;Y;N;N;Y;N;;GO;GNS;FPO;;;;;5.25;0.00;1.00;0.00;0.00;7.00;0.00;3;1982-01-01;MFL;;;;1982-01-01
DEU;DEU106270246;;RET;2005-10-31;2005-10-31;STEI9;STEI9;ANNE;0246;;;N;N;N;;;;;FX;GNS;FPO;;;;;5.14;0.00;1.00;1.86;0.00;11.00;0.00;3;1985-01-01;MFL;;;PA;1985-01-01
DEU;DEU106280246;;RET;2022-02-17;2022-02-17;STEI2;STEI2;---;DEST1;;;N;N;N;N;;N;;GO;GNS;FPO;;;;;4.50;0.00;1.00;0.00;0.00;2.00;0.00;3;1983-01-01;MFL;;;PA;1982-01-01
DEU;DEU106290213;;RET;2001-05-26;2001-05-26;FLE68A;FLE68A;---;0213;;;N;N;N;;;;;FX;GNS;FPO;;;;;6.80;0.00;2.00;3.26;0.00;15.00;0.00;;1975-01-01;4C1;;;PA;
DEU;DEU106300213;;RET;1997-12-16;1997-12-16;FLE8A;FLE8A;---;0213;;;N;N;N;;;;;FX;GNS;FPO;;;;;5.85;0.00;1.00;1.00;0.00;12.00;0.00;;1964-01-01;4C1;;;PA;
DEU;DEU106310223;;RET;2012-10-12;2012-10-12;ARN8;ARN8;---;0223;;;N;N;N;;;;;FX;GNS;FPO;;;;;5.65;0.00;1.00;2.25;0.00;4.00;0.00;3;1980-01-01;MFL;;;PA;1980-01-01
DEU;DEU106320209;;RET;2013-01-21;2013-01-21;ECKE27;ECKE27;SEESTERN;0208;;;N;N;N;;;;;FX;GNS;FPO;;;;;5.64;0.00;1.00;2.24;0.00;4.00;0.00;3;1982-01-01;MFL;;;PA;1982-01-01
DEU;DEU106330209;;MOD;2009-06-29;2100-12-31;KAP26;KAP26;---;0209;;;N;Y;N;;;;;FX;GNS;FPO;;;;;4.62;0.00;1.00;1.51;0.00;11.00;0.00;3;1984-01-01;MFL;;;;1984-01-01
DEU;DEU106340209;;RET;2004-10-01;2004-10-01;KAP21;KAP21;---;0209;;;N;N;N;;;;;FX;GNS;FPO;;;;;6.80;0.00;2.00;4.32;0.00;12.00;0.00;3;1979-01-01;MFL;;;PA;1979-01-01
DEU;DEU106350217;;MOD;2015-01-28;2100-12-31;FLE20;FLE20;---;0213;;;N;Y;N;;;;;FX;GNS;FPO;;;;;5.62;0.00;1.00;2.23;0.00;8.00;0.00;3;1980-07-31;MFL;;;;1976-01-01
DEU;DEU106360213;;RET;2015-09-03;2015-09-03;FLE65;FLE65;JOSCHI II;0213;;;N;N;N;;;;;FX;GNS;FPO;;;;;5.03;0.00;1.00;0.00;0.00;6.00;0.00;3;1984-12-31;MFL;;;PA;1984-01-01
DEU;DEU106370246;;RET;2020-11-30;2020-11-30;STEI4;STEI4;BOLTIMO;0246;;;N;N;N;N;;N;;GO;GNS;FPO;;;;;4.62;0.00;1.00;0.00;0.00;22.00;0.00;3;1998-10-20;MFL;;;PA;1997-01-01
DEU;DEU106380213;;RET;2005-04-19;2005-04-19;FLE12;FLE12;PULLE;0213;;;N;N;N;;;;;FX;GNS;FPO;;;;;5.20;0.00;1.00;0.00;0.00;4.00;0.00;3;1999-02-28;MFL;;;PA;1983-01-01
DEU;DEU106390209;;MOD;2003-01-01;2100-12-31;KAP29;KAP29;---;0209;;;N;Y;N;;;;;FX;GNS;FPO;;;;;6.10;0.00;1.00;0.00;0.00;15.00;0.00;3;1999-05-14;MFL;;;;1977-01-01
DEU;DEU106400213;;RET;2018-07-26;2018-07-26;FLE71;FLE71;HEIDI;0213;;;N;N;N;N;;N;;GO;GNS;FPO;;;;;5.52;0.00;1.00;0.00;0.00;9.00;0.00;3;2000-01-06;MFL;;;PA;1973-01-01
DEU;DEU106410227;;MOD;2016-09-30;2100-12-31;VIT88N;VIT88N;SEESTERN;0617;;;N;Y;N;;;;;FX;GNS;FPO;;;;;6.90;0.00;1.00;0.00;0.00;37.00;0.00;3;2000-01-24;MFL;;;;1985-01-01
DEU;DEU106420213;;MOD;2022-04-20;2100-12-31;ECKE2;ECKE2;POMMERN;DEECK;Eckernförde;;N;Y;N;N;;N;;GO;GNS;FPO;;;;;6.30;0.00;2.00;0.00;0.00;12.00;0.00;3;2000-05-25;MFL;;;;1989-01-01
DEU;DEU106430209;;MOD;2012-09-01;2100-12-31;KAP25;KAP25;---;0209;;;N;Y;N;;;;;FX;GNS;FPO;;;;;6.14;0.00;1.00;0.00;0.00;11.00;0.00;3;2000-05-30;MFL;;;;2000-01-01
DEU;DEU106440223;;RET;2008-11-30;2008-11-30;ARN6;ARN6;ADVENTURE;0223;;;N;N;N;;;;;FX;GNS;FPO;;;;;4.25;0.00;1.00;0.00;0.00;3.00;0.00;3;2000-10-27;MFL;;;PA;1999-01-01
DEU;DEU106450210;;RET;2009-01-01;2009-01-01;MAA26;MAA26;---;0210;;;N;N;N;;;;;FX;GNS;FPO;;;;;5.20;0.00;1.00;0.00;0.00;7.00;0.00;3;2000-12-13;MFL;;;PA;2000-01-01
DEU;DEU106460227;;RET;2022-02-18;2022-02-18;LAN23;LAN23;---;DELGY;Langballigau;;N;N;N;N;;N;;GO;GNS;FPO;;;;;4.70;0.00;1.00;0.00;0.00;30.00;0.00;3;2001-01-10;MFL;;;PA;2000-01-01
DEU;DEU106470210;;MOD;2003-01-01;2100-12-31;MAA255;MAA255;---;0210;;;N;Y;N;;;;;FX;GNS;FPO;;;;;6.40;0.00;1.00;0.00;0.00;13.00;0.00;3;2001-04-02;MFL;;;;1977-01-01
DEU;DEU106480225;;RET;2006-08-14;2006-08-14;ARN30;ARN30;---;0223;;;N;N;N;;;;;FX;GNS;FPO;;;;;6.35;0.00;1.00;0.00;0.00;7.00;0.00;1;2001-07-06;MFL;;;PA;2001-01-01
DEU;DEU106490243;;RET;2015-02-03;2015-02-03;GLUE3;GLUE3;---;0243;;;N;N;N;;;;;FX;GNS;LLS;;;;;4.62;0.00;1.00;0.00;0.00;40.00;0.00;3;2001-07-27;MFL;;;PA;1996-01-01
DEU;DEU106500213;;MOD;2024-12-10;2100-12-31;FLE1FF;FLE1FF;LORBAS I;DEFLF;Flensburg;;N;Y;N;N;Y;N;;GO;GNS;LLS;FPO;GTR;;;7.94;0.00;2.00;0.00;0.00;38.00;0.00;3;2001-12-05;MFL;;;;1983-01-01
DEU;DEU106510213;;RET;2008-10-10;2008-10-10;FLE10;FLE10;LIESCHEN;0213;;;N;Y;N;;;;;FX;GNS;FPO;;;;;7.05;0.00;2.00;0.00;0.00;22.00;0.00;3;2001-12-18;MFL;;;PA;2001-01-01
DEU;DEU106520223;;RET;2007-03-20;2007-03-20;ARN250;ARN250;---;0223;;;N;N;N;;;;;FX;GNS;FPO;;;;;5.70;0.00;1.00;0.00;0.00;9.00;0.00;1;2002-03-26;MFL;;;PA;2002-01-01
DEU;DEU106530250;;RET;2009-08-27;2009-08-27;SCHUB3;SCHUB3;---;0250;;;N;N;N;;;;;FX;GNS;LLS;;;;;5.20;0.00;1.00;0.00;0.00;6.00;0.00;3;2002-07-15;MFL;;;PA;1975-01-01
DEU;DEU106540209;;RET;2025-07-03;2025-07-03;KAP19;KAP19;SIMON;DEKAP;Kappeln;;N;N;N;N;N;N;;GO;GNS;FPO;;;;;5.95;0.00;1.00;0.00;0.00;6.00;0.00;3;2002-07-19;MFL;;;PA;1972-01-01
DEU;DEU106550209;;RET;2015-05-17;2015-05-17;KAP14;KAP14;---;0209;;;N;N;N;;;;;FX;GNS;FPO;;;;;4.95;0.00;1.00;0.00;0.00;6.00;0.00;3;2002-12-16;MFL;;;PA;1992-01-01
DEU;DEU106560213;;CST;2003-09-30;2100-12-31;FLE4;FLE4;LENA;0213;;;N;Y;N;;;;;FX;GNS;FPO;;;;;7.90;0.00;2.00;0.00;0.00;18.00;0.00;3;2003-09-26;MFL;;;;2003-01-01
DEU;DEU106570213;;MOD;2024-12-10;2100-12-31;FLE1AFF;FLE1AFF;---;DEFLF;Flensburg;;N;Y;N;N;Y;N;;GO;GNS;FPO;GTR;LLS;;;6.00;0.00;1.00;0.00;0.00;6.00;0.00;3;2003-10-27;MFL;;;;1975-01-01
DEU;DEU106580217;;RET;2014-09-17;2014-09-17;SCHLE4;SCHLE4;KAJORI;0217;;;N;N;N;;;;;FX;GNS;FPO;;;;;6.00;0.00;1.00;0.00;0.00;8.00;0.00;3;2004-03-19;MFL;;;PA;1976-01-01
DEU;DEU106590213;;MOD;2022-04-08;2100-12-31;BUR16;BUR16;MISCHI IV;DEBSK;Burgstaaken;DD7235;Y;Y;N;N;;N;;GO;GNS;FPO;;;;;5.85;0.00;1.00;0.00;0.00;13.00;0.00;3;2004-05-19;MFL;;;;1975-01-01
DEU;DEU106600227;;RET;2006-12-27;2006-12-27;LAN25;LAN25;HEIDI;0227;;;N;N;N;;;;;FX;GNS;FPO;;;;;4.70;0.00;1.00;0.00;0.00;14.00;0.00;3;2005-04-18;MFL;;;PA;1985-01-01
DEU;DEU106610232;;RET;2010-02-26;2010-02-26;KET2;KET2;BIRKO;0232;;;N;N;N;;;;;FX;GNS;NO;;;;;4.62;0.00;1.00;0.00;0.00;7.00;0.00;3;2005-06-11;MFL;;;PA;2005-01-01
DEU;DEU106620223;;MOD;2024-06-19;2100-12-31;ARN25;ARN25;---;DE4AV;Arnis;;N;Y;N;N;Y;N;;GO;GNS;FPO;GTR;LLS;;;5.65;0.00;1.00;0.00;0.00;15.00;0.00;3;2005-07-21;MFL;;;;1970-01-01
DEU;DEU106630223;;CHA;2005-08-03;2100-12-31;ARN68A;ARN68A;---;0223;;;N;Y;N;;;;;FX;GNS;FPO;;;;;5.63;0.00;1.00;0.00;0.00;4.00;0.00;3;2005-07-20;MFL;;;PA;1980-01-01
DEU;DEU106640244;;RET;2020-01-27;2020-01-27;BOCK3;BOCK3;LIESCHEN;0244;;;N;N;N;N;;N;;GO;GNS;FPO;;;;;6.10;0.00;2.00;0.00;0.00;13.00;0.00;3;2005-08-19;MFL;;;PA;1985-01-01
DEU;DEU106650210;;MOD;2013-05-01;2100-12-31;MAA32;MAA32;INGA;0210;;;N;Y;N;;;;;FX;GNS;LLS;;;;;6.10;0.00;1.00;0.00;0.00;10.00;0.00;3;2006-04-27;MFL;;;;1987-01-01
DEU;DEU106660223;;RET;2018-06-26;2018-06-26;ARN30;ARN30;Friedolin;0223;;;N;N;N;N;;N;;GO;GNS;FPO;;;;;5.64;0.00;1.00;0.00;0.00;7.00;0.00;3;2006-08-14;MFL;;;PA;1984-01-01
DEU;DEU106670213;;RET;2020-11-10;2020-11-10;KAP51;KAP51;---;0209;;;N;N;N;N;;N;;GO;GNS;FPO;;;;;4.70;0.00;1.00;0.00;0.00;18.00;0.00;3;2006-09-08;MFL;;;PA;1970-01-01
DEU;DEU106680210;;RET;2012-09-05;2012-09-05;MAA8;MAA8;POLLY;0210;;;N;N;N;;;;;FX;GNS;FPO;;;;;4.22;0.00;1.00;0.00;0.00;6.00;0.00;3;2006-09-11;MFL;;;PA;1990-01-01
DEU;DEU106700223;;RET;2010-02-23;2010-02-23;ARN31;ARN31;---;0223;;;N;N;N;;;;;FX;GNS;FPO;;;;;4.41;0.00;1.00;0.00;0.00;0.00;0.00;3;2006-12-28;MFL;;;PA;1970-01-01
DEU;DEU106710209;;MOD;2024-10-21;2100-12-31;LAB120;LAB120;---;DELAB;Laboe;;N;Y;N;N;Y;N;;GO;GNS;LLS;FPO;GTR;;;5.53;0.00;1.00;0.00;0.00;44.00;0.00;3;2007-01-01;MFL;;;;1970-01-01
DEU;DEU106720217;;MOD;2020-11-12;2100-12-31;TRA24;TRA24;Petra;0203;;;N;Y;N;N;;N;;GO;GNS;FPO;;;;;7.98;0.00;4.00;0.00;0.00;44.00;0.00;3;2007-04-18;MFL;;;PA;1978-01-01
DEU;DEU106730213;;CHA;2007-06-08;2100-12-31;FLE27;FLE27;---;0213;;;N;Y;N;;;;;FX;GNS;FPO;;;;;5.62;0.00;1.00;0.00;0.00;8.00;0.00;3;2007-05-24;MFL;;;PA;1969-01-01
DEU;DEU106740213;;RET;2017-09-05;2017-09-05;FLE10;FLE10;LIESCHEN;0213;;;N;N;N;;;;;FX;GNS;FPO;;;;;5.05;0.00;1.00;0.00;0.00;22.00;0.00;3;2008-10-10;MFL;;;PA;2007-01-01
DEU;DEU106750217;;MOD;2023-04-18;2100-12-31;SCHLE5;SCHLE5;SCHLEI;DESLS;Schleswig;DB2949;Y;Y;N;N;Y;N;;GO;GNS;FPO;GTR;LLS;;;6.05;0.00;1.00;0.00;0.00;22.00;0.00;3;2008-11-01;MFL;;;;2007-01-01
DEU;DEU106760210;;MOD;2024-04-16;2100-12-31;MAA18;MAA18;---;DEMAO;Maasholm;;N;Y;N;N;Y;N;;GO;GNS;FPO;LLS;GTR;;;5.95;0.00;1.00;0.00;0.00;7.00;0.00;3;2009-08-18;MFL;;;;1979-01-01
DEU;DEU106770232;;CST;2010-02-26;2100-12-31;KET2;KET2;BIRKO;0232;;;N;Y;N;;;;;FX;GNS;NO;;;;;4.62;0.00;1.00;0.00;0.00;7.00;0.00;3;2010-02-09;MFL;;;PA;2009-01-01
DEU;DEU106780209;;CST;2011-08-31;2100-12-31;KAP32;KAP32;---;0209;;;N;Y;N;;;;;FX;GNS;FPO;;;;;5.23;0.00;1.00;0.00;0.00;29.00;0.00;3;2011-08-31;MFL;;;PA;2011-01-01
DEU;DEU106790227;;RET;2015-02-28;2015-02-28;LAN27;LAN27;---;0227;;;N;N;N;;;;;FX;GNS;FPO;;;;;5.20;0.00;1.00;0.00;0.00;44.00;0.00;3;2011-09-05;MFL;;;PA;2004-01-01
DEU;DEU106800227;;MOD;2016-07-20;2100-12-31;LAN15FF;LAN15FF;ANNELIE II;0227;;;N;Y;N;;;;;FX;GNS;FPO;;;;;5.50;0.00;1.00;0.00;0.00;59.00;0.00;3;2013-04-11;MFL;;;PA;1970-01-01
DEU;DEU106810227;;RET;2014-03-01;2014-03-01;FLE12;FLE12;---;0227;;;N;N;N;;;;;FX;GNS;FPO;;;;;4.08;0.00;1.00;0.00;0.00;15.00;0.00;3;2013-09-04;MFL;;;PA;1970-01-01
DEU;DEU106820213;;MOD;2014-04-01;2100-12-31;FLE2;FLE2;ARLUK;0213;;;N;Y;N;;;;;FX;GNS;FPO;;;;;7.90;0.00;4.00;0.00;0.00;44.00;0.00;3;2014-02-01;MFL;;;;1977-01-01
DEU;DEU106830213;;RET;2015-08-10;2015-08-10;FLE12;FLE12;---;0213;;;N;N;N;;;;;FX;GNS;FPO;;;;;4.70;0.00;1.00;0.00;0.00;29.00;0.00;3;2014-03-01;MFL;;;PA;1970-01-01
DEU;DEU106840227;;RET;2021-10-22;2021-10-22;LAN4;LAN4;FERENC;DELGY;Langballigau;;N;N;N;N;;N;;GO;GNS;FPO;;;;;4.65;0.00;1.00;0.00;0.00;29.00;0.00;3;2014-08-05;MFL;;;PA;2008-01-01
DEU;DEU106850213;;MOD;2018-06-05;2100-12-31;MAA4;MAA4;MULLE;0210;;DJ9424;Y;Y;N;N;;N;;GO;GNS;FPO;;;;;7.71;0.00;3.00;0.00;0.00;18.00;0.00;3;2014-09-24;MFL;;;;1972-01-01
DEU;DEU106860213;;RET;2024-09-26;2024-09-26;FLE69;FLE69;ODIN;DEFLF;Flensburg;;N;N;N;N;N;N;;GO;GNS;GTR;;;;;6.84;0.00;2.00;0.00;0.00;33.00;0.00;3;2015-05-01;MFL;;;PA;1985-01-01
DEU;DEU106870213;;CHA;2015-08-10;2100-12-31;FLE12;FLE12;---;0213;;;N;Y;N;;;;;FX;GNS;FPO;;;;;6.18;0.00;2.00;0.00;0.00;29.00;0.00;3;2015-08-10;MFL;;;PA;1992-01-01
DEU;DEU106880213;;CHA;2015-09-03;2100-12-31;FLE65;FLE65;JOSCHI III;0213;;;N;Y;N;;;;;FX;GNS;FPO;;;;;4.65;0.00;1.00;0.00;0.00;6.00;0.00;3;2015-09-01;MFL;;;PA;1995-01-01
DEU;DEU106890213;;RET;2024-09-26;2024-09-26;FLE7;FLE7;Klein Odin;DEFLF;Flensburg;;N;N;N;N;Y;N;;GO;GNS;GTR;;;;;4.28;0.00;1.00;0.00;0.00;11.00;0.00;3;2015-10-27;MFL;;;PA;2014-01-01
DEU;DEU106900227;;RET;2018-11-15;2018-11-15;LAN11FF;LAN11FF;INGE;0227;;;N;N;N;N;;N;;GO;GNS;FPO;;;;;5.60;0.00;1.00;0.00;0.00;15.00;0.00;3;2017-03-01;MFL;;;PA;1972-01-01
DEU;DEU106910227;;CHA;2019-04-18;2100-12-31;LAN5;LAN5;LIFJORDEN;0227;;;N;Y;N;N;;N;;GO;GNS;FPO;;;;;7.59;0.00;2.00;0.00;0.00;16.00;0.00;1;2019-04-10;MFL;;;PA;1950-01-01
DEU;DEU106920209;;MOD;2022-07-18;2100-12-31;KAP6;KAP6;---;DEKAP;Kappeln;;N;Y;N;N;;N;;GO;GNS;FPO;;;;;5.06;0.00;1.00;0.00;0.00;18.00;0.00;3;2019-07-05;MFL;;;;1950-01-01
DEU;DEU106930247;;MOD;2024-12-19;2100-12-31;OHR7;OHR7;---;DEORV;Ohrfeldhaff;;N;Y;N;N;Y;N;;GO;GNS;FPO;;;;;6.20;0.00;1.00;0.00;0.00;16.00;0.00;3;2020-01-27;MFL;;;;2016-01-01
DEU;DEU106940210;;MOD;2021-01-01;2100-12-31;MAA6;MAA6;JENNI;DEMAO;Maasholm;DD4409;Y;Y;N;N;;N;;GO;GNS;FPO;;;;;6.40;0.00;2.00;0.00;0.00;7.00;0.00;3;1992-03-12;MFL;;;;1978-01-01
DEU;DEU106950244;;RET;2024-12-19;2024-12-19;BOCK3;BOCK3;LIESCHEN;DEB99;Bockholmwik;;N;N;N;N;N;N;;GO;GNS;FPO;;;;;4.65;0.00;1.00;0.00;0.00;14.00;0.00;3;2020-04-17;MFL;;;PA;2014-01-01
DEU;DEU106960227;;RET;2023-03-06;2023-03-06;LAN8FF;LAN8FF;---;DELGY;Langballigau;;N;N;N;N;;N;;GO;GNS;FPO;;;;;4.92;0.00;1.00;0.00;0.00;44.00;0.00;3;2020-04-24;MFL;;;PA;2020-01-01
DEU;DEU106970210;;MOD;2024-12-05;2100-12-31;WYK76;WYK76;HEIMATLAND;DEWYK;Wyk Auf Föhr;;N;Y;N;N;Y;N;;GO;GNS;OTB;LLS;FPO;TBB;;7.96;0.00;5.00;0.00;0.00;44.00;0.00;3;2020-06-04;MFL;;;;1994-01-01
DEU;DEU106980246;;CST;2020-12-11;2100-12-31;STEI4;STEI4;MUCKI;0246;;;N;Y;N;N;;N;;GO;GNS;FPO;;;;;4.72;0.00;1.00;0.00;0.00;22.00;0.00;3;2020-12-11;MFL;;;PA;2020-01-01
DEU;DEU106990250;;CHA;2021-01-01;2100-12-31;SCHUB3;SCHUB3;DRALLE DEERN;DESYR;Schubystrand;;N;Y;N;N;;N;;GO;GNS;FPO;;;;;6.10;0.00;1.00;0.00;0.00;16.00;0.00;3;2021-01-01;MFL;;;PA;1983-01-01
DEU;DEU107000227;;CST;2022-02-18;2100-12-31;LAN23;LAN23;---;DELGY;Langballigau;;N;Y;N;N;;N;;GO;GNS;FPO;;;;;5.50;0.00;1.00;0.00;0.00;30.00;0.00;3;2022-02-01;MFL;;;PA;2022-01-01
DEU;DEU107000301;;EXP;2003-08-14;2003-08-14;NC101;NC101;WIESBADEN;0301;;DFQB;Y;N;N;;;;;FX;OTB;OTM;;;;;91.98;84.90;3071.00;3181.17;0.00;3530.00;588.00;2;1973-09-01;MFL;POL;EX;PA;1973-01-01
DEU;DEU108000301;;DES;1996-07-08;1996-07-08;NC100;NC100;MAINZ;0301;;DFQA;Y;N;N;;;;;FX;OTB;OTM;;;;;92.00;84.90;3071.00;3180.39;0.00;3530.00;596.00;;1973-06-01;G22;;;PA;
DEU;DEU109000301;;RET;1990-10-31;1990-10-31;NC102;NC102;MOND;0301;;DEOL;Y;N;N;;;;;FX;OTB;OTM;;;;;91.97;82.20;0.00;3181.93;0.00;3530.00;596.00;;1973-04-01;1;;;PA;
DEU;DEU110000301;7234636;RET;2017-05-10;2017-05-10;NC105;NC105;KIEL;0301;;DEOF;Y;N;Y;;;;;TTP;OTB;OTM;;;;;92.01;84.90;3071.00;0.00;0.00;3530.00;596.00;2;1973-02-01;MFL;;;PA;1973-01-01
DEU;DEU111000301;;RET;1996-01-02;1996-01-02;NC474;NC474;HANNOVER;0301;;DFPU;Y;N;N;;;;;FX;OTB;OTM;;;;;91.84;84.90;3071.00;3179.75;0.00;3530.00;588.00;;1972-12-01;G22;;;AC;
DEU;DEU112000402;;RET;1997-08-26;1997-08-26;BX777;BX777;BREMEN;0402;;DFAU;Y;N;N;;;;;FX;OTB;NO;;;;;44.00;34.50;673.00;444.27;0.00;1620.00;414.00;;1986-11-24;4C7;;;PA;
DEU;DEU113000402;;RET;1997-08-26;1997-08-26;BX779;BX779;EUROPA;0402;;DFBC;Y;N;N;;;;;FX;OTB;NO;;;;;44.00;34.50;671.00;445.41;0.00;1620.00;414.00;;1987-07-21;4C7;;;PA;
DEU;DEU114000300;8716928;MOD;2013-07-17;2100-12-31;ROS786;ROS786;GERDA MARIA;DERSK;Rostock;DFLM;Y;Y;Y;Y;N;Y;211214200;TTP;OTB;OTM;;;;;81.32;74.74;1825.00;999.70;0.00;3000.00;405.00;2;1990-05-20;MFL;;;;1990-01-01
DEU;DEU115000300;;RET;1997-06-23;1997-06-23;NC110;NC110;AKRABERG;0301;;DMEH;Y;N;N;;;;;FX;OTB;OTM;;;;;60.33;52.20;1805.00;950.57;0.00;3375.00;0.00;;1987-12-31;4C7;;;PA;
DEU;DEU116000300;;EXP;1998-09-18;1998-09-18;NC111;NC111;TROENDUR I GOETU;0301;;DMEK;Y;N;N;;;;;FX;OTB;OTM;;;;;67.35;61.65;2172.00;2016.32;0.00;3375.00;0.00;;1986-12-31;4C7;;;PA;
DEU;DEU200010208;;RET;2011-12-31;2011-12-31;SB16;SB16;HOFFNUNG;0206;;DLYD;Y;N;Y;;;;;FX;OTB;PTB;;;;;16.68;14.79;40.00;35.13;0.00;147.00;0.00;3;1970-04-06;MFL;;;PA;1970-01-01
DEU;DEU200020208;;MOD;2021-08-01;2100-12-31;HEIL2;HEIL2;MIA;DEHHF;Heiligenhafen;DC3465;Y;Y;N;N;;N;;GO;GNS;NK;;;;;9.15;0.00;4.00;0.00;0.00;46.00;0.00;3;1977-11-01;MFL;;;;1977-01-01
DEU;DEU200030208;;CHA;2021-10-15;2100-12-31;ECKE32;ECKE32;MIA;DEECK;Eckernförde;;N;Y;N;N;;N;;GO;GNS;FPO;;;;;5.95;0.00;1.00;0.00;0.00;9.00;0.00;3;1981-08-31;MFL;;;PA;1979-01-01
DEU;DEU200040208;;RET;2017-10-13;2017-10-13;ECKE3;ECKE3;CHRISTA;0208;;DJSN;Y;N;Y;Y;;Y;;TTW;PTB;OTB;;;;;14.52;0.00;27.00;0.00;0.00;110.00;0.00;1;1946-01-01;MFL;;;AC;1946-01-01
DEU;DEU200050208;;EXP;2024-12-02;2024-12-02;ECKE4;ECKE4;KIRSTEN II;DEECK;Eckernförde;DKRC;Y;N;N;N;N;N;;GO;GNS;OTB;;;;;11.03;0.00;14.00;0.00;0.00;66.00;0.00;3;1983-07-26;MFL;NLD;EX;PA;1983-01-01
DEU;DEU200060208;;EXP;1990-04-01;1990-04-01;ECKE9;ECKE9;MILAN;0208;;;N;N;N;;;;;FX;GNS;NO;;;;;9.60;0.00;0.00;8.42;0.00;74.00;0.00;;1978-06-15;4;DNK;EX;PA;
DEU;DEU200070208;;RET;1990-08-17;1990-08-17;ECKE12;ECKE12;INGE;0208;;;N;N;N;;;;;FX;GNS;NO;;;;;9.15;0.00;0.00;3.71;0.00;58.00;0.00;;1976-11-22;4;;;PA;
DEU;DEU200100208;;MOD;2011-01-01;2100-12-31;ECKE15;ECKE15;SCHWALBE;0208;;DJPE;Y;Y;Y;;;;;FX;OTB;GNS;;;;;17.18;0.00;53.00;48.64;0.00;221.00;0.00;1;1978-08-23;MFL;;;;1978-01-01
DEU;DEU200110208;;RET;2005-08-05;2005-08-05;ECKE25;ECKE25;---;0208;;;N;N;N;;;;;FX;GNS;NO;;;;;7.50;0.00;4.00;7.00;0.00;18.00;0.00;1;1970-11-16;MFL;;;PA;1970-01-01
DEU;DEU200120208;;DES;1991-04-21;1991-04-21;ECKE32;ECKE32;MARIANNE HOUGAARD;0208;;DKFM;Y;N;N;;;;;FX;GNS;NO;;;;;13.35;0.00;0.00;17.75;0.00;99.00;0.00;;1965-12-31;4;;;PA;
DEU;DEU200140201;;MOD;2025-01-01;2100-12-31;STEI2;STEI2;SEEADLER;DESNQ;"Stein"", Plön";DG4459;Y;Y;N;N;Y;N;211613470;GO;GNS;FPO;LLS;GTR;;;9.24;8.79;4.00;0.00;0.00;70.00;0.00;3;1978-05-08;MFL;;;;1978-01-01
DEU;DEU200150201;;RET;2016-04-18;2016-04-18;HEI24;HEI24;WERNER W.;0219;;;N;N;N;;;;;FX;GNS;FPO;;;;;5.40;0.00;1.00;0.00;0.00;7.00;0.00;3;1973-03-05;MFL;;;PA;1973-01-01
DEU;DEU200160201;;MOD;2025-02-18;2100-12-31;SK9;SK9;CHRISTIN-ALINE;DEHED;Heikendorf;DJVW;Y;Y;Y;N;Y;N;211389690;GO;GTR;PTB;LHP;OTB;LLS;GNS;14.33;13.72;28.00;0.00;0.00;210.00;0.00;1;1974-05-14;MFL;;;;1973-01-01
DEU;DEU200170219;;MOD;2011-01-01;2100-12-31;ECKE12;ECKE12;ANITA;0208;;;N;Y;N;;;;;FX;GNS;FPO;;;;;8.38;0.00;4.00;7.10;0.00;32.00;0.00;3;1975-02-01;MFL;;;;1975-01-01
DEU;DEU200180219;;RET;2002-04-11;2002-04-11;SK14A;SK14A;SILBERMOEWE;0219;;;N;N;N;;;;;FX;GNS;NK;;;;;4.20;0.00;1.00;1.73;0.00;6.00;0.00;;1970-04-01;4C1;;;PA;
DEU;DEU200190219;;DES;1991-05-10;1991-05-10;HEI4;HEI4;HANNELORE;0219;;DKHA;Y;N;N;;;;;FX;PTB;NO;;;;;17.00;0.00;0.00;35.13;0.00;110.00;0.00;;1953-12-31;4;;;PA;
DEU;DEU200200219;;DES;1992-12-14;1992-12-14;HEI5;HEI5;LIBELLE;0219;;DKQQ;Y;N;N;;;;;FX;PTB;NO;;;;;13.82;0.00;0.00;22.97;0.00;110.00;0.00;;1960-06-29;G16;;;PA;
DEU;DEU200210219;;MOD;2021-01-01;2100-12-31;TRA43;TRA43;JAN II;DETRV;Travemünde;DKQE;Y;Y;N;N;;N;;GO;GNS;FPO;;;;;9.84;8.77;12.00;0.00;0.00;110.00;0.00;3;1989-05-12;MFL;;;;1989-01-01
DEU;DEU200220219;;CHA;2018-04-04;2100-12-31;KIE102;KIE102;LÜTT SUSI;0201;;;N;Y;N;N;;N;;GO;GNS;FPO;;;;;6.10;0.00;1.00;0.00;0.00;7.00;0.00;3;1971-01-18;MFL;;;PA;1970-01-01
DEU;DEU200230219;;RET;2012-01-23;2012-01-23;GZI28;GZI28;LILLE DAN;0615;;DLRY;Y;N;N;;;;;FX;GNS;OTB;;;;;9.97;0.00;11.00;11.87;0.00;63.00;0.00;1;1975-06-09;MFL;;;PA;1974-01-01
DEU;DEU200240219;;MOD;2025-09-03;2100-12-31;BOCK6FF;BOCK6FF;---;DEB99;Bockholmwik;;N;Y;N;N;Y;N;;GO;GNS;FPO;LLS;GTR;;;7.51;0.00;1.00;0.00;0.00;26.00;0.00;3;1985-11-01;MFL;;;;1985-01-01
DEU;DEU200250219;;RET;2011-12-28;2011-12-28;HEI20;HEI20;ERIK RASSMUS;0219;;;N;N;N;;;;;FX;GNS;FPO;;;;;10.93;0.00;12.00;7.60;0.00;37.00;0.00;1;1958-12-31;MFL;;;PA;1958-01-01
DEU;DEU200260219;;RET;2002-08-08;2002-08-08;HEI15;HEI15;---;0219;;;N;N;N;;;;;FX;GNS;NK;;;;;6.00;0.00;1.00;3.04;0.00;7.00;0.00;;1964-10-08;4C1;;;PA;
DEU;DEU200270219;;RET;2023-05-12;2023-05-12;SCHÖN3;SCHÖN3;HEIMAT;DESSG;Schoenberger Strand;DJ5832;Y;N;N;N;N;N;;GO;GNS;NK;;;;;6.50;0.00;2.00;0.00;0.00;11.00;0.00;3;1976-12-31;MFL;;;PA;1976-01-01
DEU;DEU200280219;;DES;1992-12-14;1992-12-14;HEI21;HEI21;MOEWE;0219;;;N;N;N;;;;;FX;OTB;NO;;;;;13.21;0.00;0.00;18.07;0.00;136.00;0.00;;1961-05-23;G16;;;PA;
DEU;DEU200300219;;RET;2006-12-11;2006-12-11;HEI22;HEI22;MARIA I;0219;;DJPU;Y;N;Y;;;;;FX;OTB;PTB;;;;;17.60;16.05;35.00;31.09;0.00;137.00;0.00;1;1985-08-01;MFL;;;PA;1949-01-01
DEU;DEU200310219;;DES;1992-04-01;1992-04-01;HEI24;HEI24;HAEGAR;0219;;DJNY;Y;N;N;;;;;FX;GNS;NO;;;;;16.00;0.00;0.00;26.71;0.00;110.00;0.00;;1965-09-15;C19;;;PA;
DEU;DEU200320219;;MOD;2018-10-05;2100-12-31;NIE1;NIE1;KYRA HAUSWALD;0204;;DC5561;Y;Y;N;N;;N;;GO;GNS;OTB;;;;;9.99;0.00;12.00;0.00;0.00;80.00;0.00;3;1983-06-28;MFL;;;;1983-01-01
DEU;DEU200330220;;RET;2003-09-29;2003-09-29;LAB1;LAB1;STRANDE;0220;;DKRM;Y;N;N;;;;;FX;OTB;NO;;;;;16.12;0.00;35.00;29.19;0.00;220.00;0.00;1;1949-01-01;MFL;;;PA;1949-01-01
DEU;DEU200340220;;MOD;2018-09-03;2100-12-31;LAB1;LAB1;---;0220;;;N;Y;N;N;;N;;GO;GNS;FPO;;;;;5.45;0.00;1.00;0.00;0.00;5.00;0.00;3;1970-04-01;MFL;;;;1970-01-01
DEU;DEU200350220;;RET;2016-09-20;2016-09-20;ARN10;ARN10;VINETA;0223;;DKDL;Y;N;Y;;;;;FX;OTB;PTB;;;;;16.35;15.15;35.00;0.00;0.00;221.00;0.00;1;1969-07-09;MFL;;;PA;1969-01-01
DEU;DEU200360220;;MOD;2003-12-10;2100-12-31;WIE49;WIE49;JENNIFER;DEGRD;Greifswald;DKFN;Y;Y;N;N;Y;N;;GO;GNS;LLS;;;;;8.90;7.85;6.00;6.00;0.00;50.00;0.00;3;1984-06-01;MFL;;;;1984-01-01
DEU;DEU200370220;;DES;1995-01-02;1995-01-02;LAB7;LAB7;HILKE MARITA;0220;;DJOG;Y;N;N;;;;;FX;PTB;NO;;;;;14.50;0.00;0.00;21.08;0.00;124.00;0.00;;1939-12-31;G16;;;AC;
DEU;DEU200380220;;RET;2007-11-06;2007-11-06;LAB7;LAB7;---;0220;;;N;N;N;;;;;FX;GNS;NK;;;;;6.50;0.00;1.00;2.54;0.00;15.00;0.00;1;1963-05-09;MFL;;;PA;1963-01-01
DEU;DEU200400220;;RET;2011-12-28;2011-12-28;SB6;SB6;SILBERMOEWE;0206;;DKGE;Y;N;Y;;;;;FX;OTB;PTB;;;;;18.16;16.20;58.00;49.11;0.00;219.00;0.00;1;1951-01-01;MFL;;;PA;1951-01-01
DEU;DEU200420220;;RET;2000-08-08;2000-08-08;KAM22;KAM22;JENNIFER;0630;;DKRB;Y;N;N;;;;;FX;OTB;GNS;;;;;14.49;0.00;25.00;20.70;0.00;124.00;0.00;;1960-11-29;4C3;;;PA;
DEU;DEU200430220;;RET;2007-11-07;2007-11-07;LAB37;LAB37;---;0220;;;N;N;N;;;;;FX;GNS;FPO;;;;;6.50;0.00;2.00;3.39;0.00;18.00;0.00;3;1966-01-11;MFL;;;PA;1965-01-01
DEU;DEU200440220;;RET;2007-10-22;2007-10-22;LAB38;LAB38;LORELEY;0220;;;N;N;N;;;;;FX;GNS;NK;;;;;6.68;0.00;1.00;2.26;0.00;12.00;0.00;1;1960-11-29;MFL;;;PA;1960-01-01
DEU;DEU200450220;;RET;2011-12-28;2011-12-28;ECKE43;ECKE43;JENS-OTTO;0208;;DKJJ;Y;N;Y;;;;;FX;OTB;PTB;;;;;16.68;15.70;40.00;35.21;0.00;220.00;0.00;1;1952-12-31;MFL;;;PA;1952-01-01
DEU;DEU200460220;;EXP;2020-09-18;2020-09-18;LAB41;LAB41;ARGO;0220;;DJOD;Y;N;N;N;;N;;GO;GNS;FPO;;;;;11.00;0.00;13.00;0.00;0.00;70.00;0.00;3;1985-08-15;MFL;DNK;EX;PA;1984-01-01
DEU;DEU200470220;;MOD;2020-07-29;2100-12-31;LAB41A;LAB41A;UWE;DELAB;Laboe;;N;Y;N;N;N;N;;GO;GNS;NO;;;;;6.20;0.00;2.00;0.00;0.00;16.00;0.00;3;1966-05-04;MFL;;;;1966-01-01
DEU;DEU200480221;;RET;2005-12-21;2005-12-21;MAA13;MAA13;ANTJE;0210;;DKRO;Y;N;N;;;;;FX;OTB;GNS;;;;;9.90;0.00;11.00;0.00;0.00;70.00;0.00;1;1984-03-01;MFL;;;PA;1983-01-01
DEU;DEU200490221;;RET;2018-03-08;2018-03-08;ECKE2;ECKE2;SCHWALBE;0208;;;N;N;N;N;;N;;GO;GNS;FPO;;;;;7.25;7.00;2.00;0.00;0.00;22.00;0.00;3;1979-10-08;MFL;;;PA;1979-01-01
DEU;DEU200500221;;RET;2003-12-05;2003-12-05;STEI6;STEI6;CORINNA H;0221;;DLXT;Y;N;N;;;;;FX;OTB;PTB;;;;;18.38;16.72;41.00;38.38;0.00;220.00;0.00;1;1969-10-22;MFL;;;PA;1969-01-01
DEU;DEU200510221;;RET;2005-12-13;2005-12-13;STEI6B;STEI6B;---;0221;;;N;N;N;;;;;FX;GNS;NK;;;;;3.75;0.00;1.00;0.00;0.00;0.00;0.00;1;1991-12-31;MFL;;;PA;1991-01-01
DEU;DEU200520221;;RET;1993-05-11;1993-05-11;STEI9;STEI9;---;0221;;;N;N;N;;;;;FX;GNS;NK;;;;;6.00;0.00;0.00;2.47;0.00;18.00;0.00;;1979-12-17;C19;;;PA;
DEU;DEU200530221;;RET;1992-08-24;1992-08-24;STEI10;STEI10;SIEGLINDE;0221;;;N;N;N;;;;;FX;GNS;NK;;;;;6.00;0.00;0.00;2.12;0.00;7.00;0.00;;1964-04-20;C19;;;PA;
DEU;DEU200540221;;MOD;2025-01-01;2100-12-31;STEI12;STEI12;BIRTHE;DESNQ;"Stein"", Plön";;N;Y;N;N;Y;N;;GO;GNS;GTR;FPO;LLS;;;6.40;0.00;1.00;0.00;0.00;15.00;0.00;3;1979-03-01;MFL;;;;1976-01-01
DEU;DEU200550222;;MOD;2020-07-15;2100-12-31;NEK6;NEK6;MUCKI;0613;;;N;Y;N;N;;N;;GO;GNS;LLS;;;;;7.12;6.42;2.00;0.00;0.00;22.00;0.00;3;1988-05-20;MFL;;;;1985-01-01
DEU;DEU200560222;;RET;2004-11-26;2004-11-26;SCHOEN1;SCHOEN1;MELANIE;0222;;;N;N;N;;;;;FX;GNS;NK;;;;;5.32;0.00;1.00;2.00;0.00;7.00;0.00;1;1977-10-03;MFL;;;PA;1977-01-01
DEU;DEU200570222;;CHA;2024-04-10;2100-12-31;AHL45;AHL45;BELLA;DEAHC;Ahlbeck;;N;Y;N;N;Y;N;;GO;GNS;LLS;;;;;10.99;10.35;12.00;0.00;0.00;107.00;0.00;3;1981-10-01;MFL;;;PA;1981-01-01
DEU;DEU200580222;;RET;2021-02-09;2021-02-09;RER50;RER50;HEIMWAERTS;DERRE;Rerik;;N;N;N;N;;N;;GO;GNS;NO;;;;;11.00;0.00;11.00;0.00;0.00;70.00;0.00;3;1981-02-01;MFL;;;PA;1980-01-01
DEU;DEU200590222;;RET;2005-02-02;2005-02-02;SCHOEN4A;SCHOEN4A;---;0222;;;N;N;N;;;;;FX;GNS;NK;;;;;5.35;0.00;1.00;2.12;0.00;7.00;0.00;1;1974-06-13;MFL;;;PA;1973-01-01
DEU;DEU200600222;;RET;2005-09-21;2005-09-21;LIP8C;LIP8C;---;0234;;;N;N;N;;;;;FX;GNS;FPO;;;;;5.00;0.00;1.00;2.12;0.00;0.00;0.00;1;1968-03-29;MFL;;;PA;1967-01-01
DEU;DEU200610222;;MOD;2025-03-06;2100-12-31;BUR14;BUR14;CALIFORNIA;DEBSK;Burgstaaken;DF7460;Y;Y;N;N;Y;N;;GO;GNS;FPO;GTR;LLS;;;7.86;0.00;5.00;0.00;0.00;46.00;0.00;3;1976-01-12;MFL;;;;1975-01-01
DEU;DEU200620230;;RET;1992-01-01;1992-01-01;RAD2;RAD2;---;0230;;;N;N;N;;;;;FX;GNS;NK;;;;;5.20;0.00;0.00;1.63;0.00;4.00;0.00;;1947-01-01;4;;;PA;
DEU;DEU200630231;;RET;2007-05-21;2007-05-21;HUB1;HUB1;---;0231;;;N;N;N;;;;;FX;GNS;NK;;;;;5.20;0.00;1.00;1.98;0.00;3.00;0.00;1;1976-10-01;MFL;;;PA;1976-01-01
DEU;DEU200640201;;EXP;2003-07-07;2003-07-07;NC306;NC306;MERCATOR;0301;;DJTX;Y;N;N;;;;;FX;PTB;OTB;;;;;26.01;23.10;107.00;105.54;0.00;294.00;0.00;2;1973-01-05;MFL;POL;EX;PA;1972-01-01
DEU;DEU200650219;8432558;EXP;1993-04-05;1993-04-05;NC335;NC335;WILHELM;0301;;DJEI;Y;N;N;;;;;TU;OTB;PTB;;;;;17.50;15.82;0.00;36.85;0.00;221.00;0.00;;1976-09-01;4;NLD;EX;PA;
DEU;DEU200670201;;RET;1992-06-18;1992-06-18;SK6;SK6;TOMAS;0201;;DJHB;Y;N;N;;;;;FX;OTB;NO;;;;;18.45;0.00;0.00;35.20;0.00;220.00;0.00;;1967-12-31;G16;;;PA;
DEU;DEU200680219;;DES;1995-01-02;1995-01-02;SK7;SK7;KERSTIN;0219;;DKPQ;Y;N;N;;;;;FX;GNS;NO;;;;;14.70;0.00;28.00;22.10;0.00;103.00;0.00;;1968-08-08;C19;;;AC;
DEU;DEU200690219;;DES;1992-12-14;1992-12-14;SK8;SK8;CAPELLA;0219;;DKHT;Y;N;N;;;;;FX;OTB;NO;;;;;23.90;0.00;0.00;71.13;0.00;177.00;0.00;;1944-01-01;G20;;;PA;
DEU;DEU200700219;8429070;MOD;2011-01-01;2100-12-31;SAS211;SAS211;ANTARES;0602;;DJRM;Y;Y;Y;Y;;Y;211314800;TTW;OTB;PTB;;;;;22.85;20.54;132.00;104.73;0.00;221.00;0.00;2;1985-11-07;MFL;;;;1985-01-01
DEU;DEU200710219;;RET;2008-06-23;2008-06-23;SK11A;SK11A;---;0219;;;N;N;N;;;;;FX;GNS;NK;;;;;5.00;0.00;1.00;1.70;0.00;5.00;0.00;3;1973-07-02;MFL;;;PA;1972-01-01
DEU;DEU200720219;;MOD;2012-07-06;2100-12-31;SK14;SK14;TUEMMLER;DEHED;Heikendorf;DJTL;Y;Y;N;Y;N;Y;;TTW;OTB;GNS;;;;;14.42;13.50;23.00;27.22;0.00;220.00;0.00;3;1981-08-03;MFL;;;;1981-01-01
DEU;DEU200730219;;MOD;2022-01-01;2100-12-31;KUEH24;KUEH24;ANNA LENA;DEKU3;Kühlungsborn;DJUS;Y;Y;N;N;Y;N;;GO;OTB;GNS;;;;;14.38;12.92;32.00;0.00;0.00;100.00;0.00;3;1987-04-01;MFL;;;PA;1987-01-01
DEU;DEU200740219;;DES;1992-11-15;1992-11-15;SK35;SK35;SEESTERN II;0219;;DJAQ;Y;N;N;;;;;FX;OTB;NO;;;;;23.91;0.00;0.00;71.72;0.00;220.00;0.00;;1943-01-01;G20;;;PA;
DEU;DEU200750219;;RET;1992-06-30;1992-06-30;SK35A;SK35A;---;0219;;;N;N;N;;;;;FX;GNS;NK;;;;;4.75;0.00;0.00;1.41;0.00;4.00;0.00;;1972-12-31;C19;;;PA;
DEU;DEU200780219;;RET;2017-10-05;2017-10-05;SB11;SB11;STEFANIE;0206;;DKQA;Y;N;Y;Y;;Y;;TTW;OTB;PTB;;;;;17.99;0.00;48.00;0.00;0.00;220.00;0.00;1;1955-01-01;MFL;;;AC;1955-01-01
DEU;DEU200790219;;RET;1993-04-06;1993-04-06;SK38A;SK38A;BULLY;0219;;;N;N;N;;;;;FX;GNS;NK;;;;;4.00;0.00;0.00;1.13;0.00;0.00;0.00;;1982-06-23;C19;;;PA;
DEU;DEU200800219;;MOD;2010-04-18;2100-12-31;HEI38;HEI38;MAX;0219;;;N;Y;N;;;;;FX;GNS;FPO;;;;;3.89;0.00;1.00;2.97;0.00;4.00;0.00;3;1983-06-20;MFL;;;;1970-01-01
DEU;DEU200820222;;DES;2019-11-27;2019-11-27;SCHOEN6B;SCHOEN6B;SANDRA;0222;;;N;N;N;N;;N;;GO;GNS;FPO;;;;;5.57;0.00;1.00;0.00;0.00;7.00;0.00;1;1989-05-08;MFL;;;PA;1989-01-01
DEU;DEU200840219;;RET;2002-09-10;2002-09-10;HEI8A;HEI8A;---;0219;;;N;N;N;;;;;FX;GNS;NK;;;;;4.20;0.00;1.00;1.25;0.00;4.00;0.00;;1991-12-31;4C1;;;PA;
DEU;DEU200860208;;MOD;2022-09-09;2100-12-31;NIE22;NIE22;PAULA;DE64Z;Niendorf Ostsee;DLFO;Y;Y;N;N;;N;;TTW;OTB;GNS;;;;;9.84;0.00;13.00;0.00;0.00;100.00;0.00;3;1990-04-02;MFL;;;PA;1990-01-01
DEU;DEU200870221;;MOD;2025-01-01;2100-12-31;STEI1;STEI1;MERLE II;DESNQ;"Stein"", Plön";DLFK;Y;Y;N;N;Y;N;211522830;GO;GNS;FPO;GTR;OTB;PTB;;10.99;0.00;16.00;0.00;0.00;220.00;0.00;3;1990-06-05;MFL;;;;1990-01-01
DEU;DEU200880219;;MOD;2025-03-03;2100-12-31;SK2;SK2;GOTLAND II;DESTD;Strande;DJVL;Y;Y;N;N;Y;N;211470240;GO;GNS;GTR;;;;;10.99;0.00;16.00;0.00;0.00;72.00;0.00;3;1990-07-16;MFL;;;;1990-01-01
DEU;DEU200890229;;RET;2017-01-26;2017-01-26;FRIE18;FRIE18;KARIN II;0229;;;N;N;N;;;;;FX;GNS;NO;;;;;8.05;0.00;4.00;0.00;0.00;46.00;0.00;3;1990-10-16;MFL;;;PA;1990-01-01
DEU;DEU200900222;;RET;2007-04-13;2007-04-13;SCHOEN2A;SCHOEN2A;KARL WILHELM;0222;;;N;N;N;;;;;FX;GNS;NO;;;;;5.39;0.00;1.00;2.06;0.00;4.00;0.00;1;1991-10-16;MFL;;;PA;1990-01-01
DEU;DEU200910219;;RET;2009-09-28;2009-09-28;SK37A;SK37A;GOTLAND III;0219;;;N;N;N;;;;;FX;GNS;NO;;;;;5.25;0.00;1.00;1.95;0.00;7.00;0.00;3;1991-12-31;MFL;;;PA;1981-01-01
DEU;DEU200920208;;RET;2005-08-05;2005-08-05;WEN3A;WEN3A;---;0240;;;N;N;N;;;;;FX;GNS;FPO;;;;;5.65;0.00;1.00;2.25;0.00;6.00;0.00;3;1981-08-31;MFL;;;PA;1968-01-01
DEU;DEU200930219;;RET;2007-07-11;2007-07-11;HEI39;HEI39;---;0219;;;N;N;N;;;;;FX;GNS;LLS;;;;;5.50;0.00;1.00;2.13;0.00;2.00;0.00;3;1991-11-22;MFL;;;PA;1988-01-01
DEU;DEU200940201;;RET;2001-11-21;2001-11-21;KIE10;KIE10;---;0201;;;N;N;N;;;;;FX;GNS;NK;;;;;4.91;0.00;1.00;1.71;0.00;4.00;0.00;;1969-04-15;4C1;;;PA;
DEU;DEU200950230;;RET;2023-12-31;2023-12-31;RAD2;RAD2;TORBEN;DERDX;Radeland;;N;N;N;N;N;N;;GO;GNS;NO;;;;;4.80;0.00;1.00;0.00;0.00;11.00;0.00;1;1991-06-27;MFL;;;PA;1987-01-01
DEU;DEU200960220;;RET;2019-06-06;2019-06-06;LAB21;LAB21;MARIUS;0220;;;N;N;N;N;;N;;GO;GNS;FPO;;;;;5.95;0.00;1.00;0.00;0.00;7.00;0.00;3;1991-09-01;MFL;;;PA;1982-01-01
DEU;DEU200970220;;DES;1993-07-29;1993-07-29;LAB2A;LAB2A;DIETMAR;0220;;;N;N;N;;;;;FX;GNS;NK;;;;;6.00;0.00;0.00;2.93;0.00;26.00;0.00;;1963-12-31;4;;;PA;
DEU;DEU200980222;;CHA;2019-11-28;2100-12-31;SCHOEN6;SCHOEN6;STERNCHEN;0222;;;N;Y;N;N;;N;;GO;GNS;FPO;;;;;4.39;0.00;1.00;0.00;0.00;7.00;0.00;1;1992-01-02;MFL;;;PA;1968-01-01
DEU;DEU200990220;;MOD;2020-12-10;2100-12-31;FRE99;FRE99;Heringshai;0614;;DF7326;Y;Y;N;N;;N;;GO;GNS;LLS;;;;;11.23;11.09;14.00;0.00;0.00;80.00;0.00;3;1992-02-01;MFL;;;;1992-01-01
DEU;DEU201000222;;RET;2007-04-13;2007-04-13;SCHOEN3A;SCHOEN3A;JAN-BELLA II;0222;;;N;N;N;;;;;FX;GNS;NO;;;;;6.20;0.00;1.00;2.72;0.00;7.00;0.00;1;1992-06-18;MFL;;;PA;1992-01-01
DEU;DEU201010219;;RET;1993-01-02;1993-01-02;HEI10;HEI10;---;0219;;;N;N;N;;;;;FX;GNS;GNS;;;;;4.30;0.00;0.00;1.31;0.00;0.00;0.00;;1992-07-18;4;;;PA;
DEU;DEU201020219;;MOD;2018-03-21;2100-12-31;HEI4;HEI4;DAGMAR L.;0219;;;N;Y;N;N;;N;;GO;GNS;FPO;;;;;6.20;0.00;3.00;0.00;0.00;15.00;0.00;3;1992-07-18;MFL;;;;1992-01-01
DEU;DEU201030208;;RET;2010-12-01;2010-12-01;ECKE100;ECKE100;ANITA;0208;;;N;N;N;;;;;FX;GNS;LLS;;;;;7.50;0.00;4.00;4.80;0.00;11.00;0.00;1;1993-03-11;MFL;;;PA;1993-01-01
DEU;DEU201040219;;MOD;2019-10-25;2100-12-31;HEI2;HEI2;SINA;0219;;;N;Y;N;N;;N;;GO;GNS;NK;;;;;5.95;0.00;1.00;0.00;0.00;7.00;0.00;3;1993-04-07;MFL;;;;1988-01-01
DEU;DEU201050221;;MOD;2025-02-01;2100-12-31;TAR19;TAR19;HANNA;DETAZ;Tarnewitz;DJPB;Y;Y;N;N;Y;N;;GO;GNS;FPO;;;;;10.37;9.00;11.00;0.00;0.00;73.00;0.00;3;1993-05-01;MFL;;;;1993-01-01
DEU;DEU201060219;;RET;2007-04-13;2007-04-13;HEI5;HEI5;HILANN;0219;;;N;N;N;;;;;FX;GNS;FPO;;;;;7.92;0.00;3.00;0.00;0.00;18.00;0.00;3;1993-05-12;MFL;;;PA;1981-01-01
DEU;DEU201070208;;MOD;2003-01-01;2100-12-31;ECKE8;ECKE8;KNAPPSCHNOOR;0208;;;N;Y;N;;;;;FX;GNS;NK;;;;;7.10;0.00;1.00;2.50;0.00;22.00;0.00;3;1993-07-01;MFL;;;;1972-01-01
DEU;DEU201080222;;MOD;2021-01-01;2100-12-31;WAR1;WAR1;LACHS;DEWAR;Warnemünde;;N;Y;N;N;;N;;GO;GNS;LLS;;;;;6.80;0.00;2.00;0.00;0.00;29.00;0.00;3;1993-08-20;MFL;;;;1989-01-01
DEU;DEU201090240;;CHA;2023-03-10;2100-12-31;TRA10;TRA10;Jan-Bella;DETRV;Travemünde;DKHL;Y;Y;N;N;Y;N;211787670;GO;GNS;OTB;;;;;11.13;10.00;26.00;0.00;0.00;140.00;0.00;3;1993-12-29;MFL;;;PA;1993-01-01
DEU;DEU201100219;9013921;MOD;2017-09-17;2100-12-31;NG21;NG21;MARIA CHRIS;DEEME;Emden;DHNW2;Y;Y;Y;Y;N;Y;211680250;TTW;OTB;TBB;;;;;23.93;21.02;150.00;0.00;0.00;368.00;0.00;2;1995-08-01;MFL;;;PA;1989-01-01
DEU;DEU201110229;;RET;2013-05-16;2013-05-16;STEI5;STEI5;RENATE;0221;;;N;N;N;;;;;FX;GNS;FPO;;;;;7.05;6.70;2.00;2.00;0.00;56.00;0.00;1;1996-06-14;MFL;;;PA;1995-01-01
DEU;DEU201120231;;RET;2014-04-10;2014-04-10;HUB101;HUB101;GITTA;0231;;;N;N;N;;;;;FX;GNS;FPO;;;;;7.20;0.00;1.00;1.00;0.00;4.00;0.00;3;1997-04-23;MFL;;;PA;1957-01-01
DEU;DEU201130219;;MOD;2016-02-04;2100-12-31;FRE85;FRE85;MOELTENORT III;0614;;;N;Y;N;;;;;FX;GNS;OTB;;;;;11.05;9.72;13.00;0.00;0.00;114.00;0.00;3;1997-08-13;MFL;;;;1997-01-01
DEU;DEU201140234;;RET;2001-04-10;2001-04-10;LIP8;LIP8;INGRID;0234;;DE2941;Y;N;N;;;;;FX;GNS;NK;;;;;8.80;7.95;5.00;0.00;0.00;52.00;0.00;;1999-09-17;4C1;;;PA;
DEU;DEU201150222;;MOD;2021-07-08;2100-12-31;SCHOEN9;SCHOEN9;CALIFORNIA II;DESSG;Schoenberger Strand;;N;Y;N;N;Y;N;;GO;GNS;LLS;;;;;9.98;8.77;13.00;0.00;0.00;80.00;0.00;3;2000-04-11;MFL;;;;2000-01-01
DEU;DEU201160221;;MOD;2013-04-01;2100-12-31;PEL12;PEL12;HANNA;0108;;;N;Y;N;;;;;FX;GNS;OTB;;;;;9.30;8.90;7.00;0.00;0.00;82.00;0.00;3;2000-07-17;MFL;;;;2000-01-01
DEU;DEU201170234;;MOD;2022-09-13;2100-12-31;LAU41;LAU41;---;DELAK;"Lauterbach"", Rügen";;N;Y;N;N;;N;;GO;GNS;FPO;;;;;8.60;7.75;4.00;0.00;0.00;59.00;0.00;3;2001-03-09;MFL;;;;2001-01-01
DEU;DEU201180234;;MOD;2022-04-13;2100-12-31;MAA12;MAA12;KOBOLD;DEMAO;Maasholm;;N;Y;N;N;;N;;GO;GNS;FPO;;;;;6.30;0.00;2.00;0.00;0.00;20.00;0.00;3;2001-11-21;MFL;;;;2001-01-01
DEU;DEU201190208;;MOD;2023-05-11;2100-12-31;FLE15FF;FLE15FF;Lady 1;DEFLF;Flensburg;;N;Y;N;N;Y;N;;GO;GNS;FPO;LLS;GTR;;;7.64;7.05;2.00;0.00;0.00;31.00;0.00;3;1972-09-10;MFL;;;;1972-01-01
DEU;DEU201200222;;MOD;2009-04-16;2100-12-31;SCHOEN5;SCHOEN5;JONNY;0241;;;N;Y;N;;;;;FX;GNS;FPO;;;;;4.71;0.00;1.00;0.00;0.00;6.00;0.00;3;2002-04-01;MFL;;;;1999-01-01
DEU;DEU201210219;;MOD;2017-12-08;2100-12-31;HEI15;HEI15;---;0219;;;N;Y;N;N;;N;;GO;GNS;FPO;;;;;5.20;0.00;1.00;0.00;0.00;7.00;0.00;3;2002-07-08;MFL;;;;1976-01-01
DEU;DEU201220234;;MOD;2015-03-24;2100-12-31;NEU17A;NEU17A;---;0205;;;N;Y;N;;;;;FX;GNS;FPO;;;;;5.40;0.00;1.00;0.00;0.00;7.00;0.00;3;2003-12-30;MFL;;;PA;2003-01-01
DEU;DEU201230208;;RET;2019-03-04;2019-03-04;MAA15;MAA15;CONDOR;0210;;;N;N;N;N;;N;;GO;GNS;FPO;;;;;6.40;0.00;1.00;0.00;0.00;18.00;0.00;3;2004-01-26;MFL;;;PA;2003-01-01
DEU;DEU201240208;;MOD;2022-08-12;2100-12-31;ECKE20;ECKE20;ANN CHRISTIN;DEECK;Eckernförde;DJ4304;Y;Y;N;N;;N;211707460;GO;GNS;FPO;;;;;7.71;7.04;3.00;0.00;0.00;17.00;0.00;3;2004-10-01;MFL;;;;1978-01-01
DEU;DEU201250222;;MOD;2023-08-31;2100-12-31;SCHOEN1;SCHOEN1;MELANIE;DESSG;Schoenberger Strand;;N;Y;N;N;Y;N;;GO;GNS;GTR;FPO;;;;4.34;0.00;1.00;0.00;0.00;7.00;0.00;3;2004-11-17;MFL;;;;2004-01-01
DEU;DEU201260222;;RET;2018-03-29;2018-03-29;SCHOEN4;SCHOEN4;---;0241;;;N;N;N;N;;N;;GO;GNS;FPO;;;;;5.60;0.00;1.00;0.00;0.00;21.00;0.00;3;2005-01-21;MFL;;;PA;2004-01-01
DEU;DEU201270220;;MOD;2023-03-24;2100-12-31;LAB30;LAB30;Sturmvogel II;DELAB;Laboe;DD3340;Y;Y;N;N;Y;N;;GO;GNS;GTR;FPO;;;;7.97;0.00;4.00;0.00;0.00;31.00;0.00;3;2005-05-30;MFL;;;PA;1974-01-01
DEU;DEU201280208;;RET;2012-01-01;2012-01-01;ECKE11;ECKE11;LONE;0208;;;N;N;N;;;;;FX;GNS;FPO;;;;;4.36;0.00;1.00;0.00;0.00;7.00;0.00;1;2005-08-05;MFL;;;PA;1945-01-01
DEU;DEU201290208;;MOD;2016-01-01;2100-12-31;MOEN22;MOEN22;Johanna;DEMKB;Moenkebude;;N;Y;N;N;Y;N;;GO;GNS;LLS;;;;;7.31;0.00;2.00;0.00;0.00;40.00;0.00;3;2005-08-26;MFL;;;;1974-01-01
DEU;DEU201300234;;MOD;2024-02-12;2100-12-31;LIP2;LIP2;Nordlicht;DELPA;Lippe;DD2533;Y;Y;N;N;Y;N;211871200;GO;GNS;FPO;;;;;7.35;6.95;4.00;0.00;0.00;42.00;0.00;3;2005-09-21;MFL;;;;2005-01-01
DEU;DEU201310221;;MOD;2024-07-01;2100-12-31;BAR16;BAR16;-----;DEBBH;Barth;;N;Y;N;N;N;N;;GO;GNS;FPO;;;;;5.04;0.00;1.00;0.00;0.00;19.00;0.00;3;2005-12-13;MFL;;;;2003-01-01
DEU;DEU204000208;;RET;2001-11-12;2001-11-12;ECKE2B;ECKE2B;LOTTA;0208;;;N;N;N;;;;;FX;GNS;FPO;;;;;6.10;0.00;2.00;3.90;0.00;4.00;0.00;;1989-08-25;4C1;;;PA;
DEU;DEU204010208;;MOD;2003-01-01;2100-12-31;ECKE103;ECKE103;MARTIN;0208;;;N;Y;N;;;;;FX;GNS;FPO;;;;;6.71;0.00;2.00;4.30;0.00;18.00;0.00;3;1982-11-15;MFL;;;;1973-01-01
DEU;DEU204020208;;MOD;2021-07-09;2100-12-31;ECKE104;ECKE104;GERDA;DEECK;Eckernförde;;N;Y;N;N;;N;;GO;GNS;FPO;;;;;7.65;0.00;3.00;0.00;0.00;31.00;0.00;3;1978-06-16;MFL;;;;1978-01-01
DEU;DEU204030208;;MOD;2019-10-25;2100-12-31;ECKE27;ECKE27;ADLER;0208;;;N;Y;N;N;;N;;GO;GNS;FPO;;;;;8.40;0.00;3.00;0.00;0.00;16.00;0.00;1;1966-11-05;MFL;;;;1966-01-01
DEU;DEU204040208;;MOD;2018-03-29;2100-12-31;ECKE14;ECKE14;---;0208;;;N;Y;N;N;;N;;GO;GNS;FPO;;;;;6.40;0.00;1.00;0.00;0.00;5.00;0.00;1;1983-01-10;MFL;;;;1982-01-01
DEU;DEU204050208;;MOD;2020-01-13;2100-12-31;ECKE106;ECKE106;ALK;0208;;;N;Y;N;N;;N;;GO;GNS;FPO;;;;;6.00;0.00;1.00;0.00;0.00;14.00;0.00;3;1991-09-01;MFL;;;;1984-01-01
DEU;DEU204060208;;RET;2014-12-14;2014-12-14;ECKE112;ECKE112;---;0208;;;N;N;N;;;;;FX;GNS;FPO;;;;;4.30;0.00;1.00;2.70;0.00;6.00;0.00;1;1981-06-09;MFL;;;PA;1981-01-01
DEU;DEU204070208;;MOD;2017-12-05;2100-12-31;HEI21;HEI21;NORDSTERN;0219;;;N;Y;N;;;;;FX;GNS;FPO;;;;;4.63;0.00;1.00;0.00;0.00;8.00;0.00;3;1992-01-01;MFL;;;;1983-01-01
DEU;DEU204080208;;RET;2007-04-13;2007-04-13;SCHOEN3B;SCHOEN3B;---;0222;;;N;N;N;;;;;FX;GNS;FPO;;;;;4.10;0.00;1.00;2.50;0.00;6.00;0.00;1;1985-11-01;MFL;;;PA;1981-01-01
DEU;DEU204090208;;RET;2007-11-06;2007-11-06;LANG102;LANG102;---;0208;;;N;N;N;;;;;FX;GNS;FPO;;;;;6.00;0.00;1.00;3.80;0.00;5.00;0.00;1;1970-11-17;MFL;;;PA;1970-01-01
DEU;DEU204100221;;MOD;2009-01-27;2100-12-31;STRA102;STRA102;---;0252;;;N;Y;N;;;;;FX;GNS;FPO;;;;;5.80;0.00;1.00;0.00;0.00;12.00;0.00;3;1981-05-25;MFL;;;PA;1981-01-01
DEU;DEU204110229;;MOD;2003-01-01;2100-12-31;STRA103;STRA103;JESSICA;0229;;;N;Y;N;;;;;FX;GNS;FPO;;;;;6.11;0.00;1.00;2.64;0.00;18.00;0.00;1;1992-01-01;MFL;;;;1991-01-01
DEU;DEU204120229;;RET;2013-10-17;2013-10-17;STRA105;STRA105;MAREN II;0252;;;N;N;N;;;;;FX;GNS;FPO;;;;;5.25;0.00;1.00;3.40;0.00;6.00;0.00;3;1980-12-03;MFL;;;PA;1980-01-01
DEU;DEU204130229;;RET;2003-12-30;2003-12-30;ECKE6A;ECKE6A;ADA;0208;;;N;N;N;;;;;FX;GNS;FPO;;;;;5.75;0.00;1.00;3.70;0.00;22.00;0.00;1;1990-01-19;MFL;;;PA;1990-01-01
DEU;DEU204140229;;RET;2001-11-12;2001-11-12;ECKE2C;ECKE2C;SANDRA;0208;;;N;N;N;;;;;FX;GNS;FPO;;;;;6.10;0.00;1.00;3.90;0.00;8.00;0.00;;1979-07-30;4C1;;;PA;
DEU;DEU204150229;;CHA;2009-09-10;2100-12-31;NEU2;NEU2;KERSTIN;0205;;;N;Y;N;;;;;FX;GNS;FPO;;;;;5.97;0.00;1.00;0.00;0.00;26.00;0.00;3;1987-08-14;MFL;;;PA;1987-01-01
DEU;DEU204160229;;RET;2006-02-17;2006-02-17;STRA110;STRA110;DORSCH;0253;;;N;N;N;;;;;FX;GNS;FPO;;;;;4.85;0.00;1.00;0.00;0.00;12.00;0.00;3;1988-01-29;MFL;;;PA;1981-01-01
DEU;DEU204170229;;RET;2011-02-03;2011-02-03;HEI3;HEI3;---;0219;;;N;N;N;;;;;FX;GNS;FPO;;;;;4.21;0.00;1.00;2.70;0.00;11.00;0.00;3;1981-03-09;MFL;;;PA;1978-01-01
DEU;DEU204180229;;RET;2006-09-25;2006-09-25;TRA16;TRA16;ORCA;0203;;;N;N;N;;;;;FX;GNS;FPO;;;;;7.15;0.00;3.00;0.00;0.00;19.00;0.00;1;1986-01-01;MFL;;;PA;1979-01-01
DEU;DEU204190229;;RET;2007-05-10;2007-05-10;STRA113;STRA113;ANDREA I;0252;;;N;N;N;;;;;FX;GNS;FPO;;;;;5.62;0.00;1.00;3.70;0.00;12.00;0.00;3;1981-02-09;MFL;;;PA;1980-01-01
DEU;DEU204200229;;RET;2007-09-26;2007-09-26;STRA120;STRA120;BUTT;0253;;;N;N;N;;;;;FX;GNS;FPO;;;;;5.93;0.00;1.00;3.80;0.00;19.00;0.00;3;1992-01-01;MFL;;;PA;1992-01-01
DEU;DEU204210229;;MOD;2010-09-14;2100-12-31;STRA122;STRA122;SEEWOLF II;0252;;;N;Y;N;;;;;FX;GNS;FPO;;;;;4.85;0.00;1.00;3.00;0.00;13.00;0.00;3;1986-04-18;MFL;;;;1985-01-01
DEU;DEU204220229;;MOD;2010-11-03;2100-12-31;KAP5;KAP5;RASMUS III;0209;;;N;Y;N;;;;;FX;GNS;FPO;;;;;6.20;0.00;2.00;3.90;0.00;8.00;0.00;3;1982-03-22;MFL;;;;1967-01-01
DEU;DEU204240229;;RET;2018-10-25;2018-10-25;RAD1;RAD1;Lasse;0230;;;N;N;N;N;;N;;GO;GNS;FPO;;;;;4.48;0.00;1.00;0.00;0.00;12.00;0.00;3;1981-03-26;MFL;;;PA;1978-01-01
DEU;DEU204250229;;RET;2002-11-08;2002-11-08;STEI109;STEI109;---;0221;;;N;N;N;;;;;FX;GNS;FPO;;;;;5.75;0.00;1.00;3.80;0.00;8.00;0.00;;1992-01-01;4C1;;;PA;
DEU;DEU204260229;;RET;2004-04-02;2004-04-02;FRIE103;FRIE103;ROEDE SILD;0229;;;N;N;N;;;;;FX;GNS;FPO;;;;;5.90;0.00;1.00;3.80;0.00;4.00;0.00;3;1988-01-22;MFL;;;PA;1985-01-01
DEU;DEU204270229;;RET;2021-08-24;2021-08-24;FRIE109;FRIE109;MAIKE;DEFRO;Friedrichsort;;N;N;N;N;;N;;GO;GNS;FPO;;;;;4.21;0.00;1.00;0.00;0.00;7.00;0.00;3;1985-06-05;MFL;;;PA;1985-01-01
DEU;DEU204280229;;RET;2007-04-13;2007-04-13;FRIE11;FRIE11;MONIKA;0229;;;N;N;N;;;;;FX;GNS;FPO;;;;;4.30;0.00;1.00;2.70;0.00;3.00;0.00;3;1981-08-31;MFL;;;PA;1981-01-01
DEU;DEU204290229;;RET;2005-08-02;2005-08-02;LAB30;LAB30;STURMVOGEL;0220;;;N;N;N;;;;;FX;GNS;FPO;;;;;6.29;0.00;2.00;4.00;0.00;14.00;0.00;3;1991-01-01;MFL;;;PA;1975-01-01
DEU;DEU204300229;;MOD;2006-02-10;2100-12-31;FRIE131;FRIE131;OLIVER;0229;;;N;Y;N;;;;;FX;GNS;FPO;;;;;4.30;0.00;1.00;0.00;0.00;11.00;0.00;3;1985-01-21;MFL;;;PA;1983-01-01
DEU;DEU204310229;;RET;2004-01-29;2004-01-29;FRIE140;FRIE140;SEESTERN;0229;;;N;N;N;;;;;FX;GNS;FPO;;;;;5.12;0.00;1.00;3.30;0.00;4.00;0.00;3;1984-07-13;MFL;;;PA;1984-01-01
DEU;DEU204320201;;RET;2018-04-04;2018-04-04;KIE102;KIE102;IRIS;0201;;;N;N;N;N;;N;;GO;GNS;FPO;;;;;4.30;0.00;1.00;0.00;0.00;4.00;0.00;3;1981-03-02;MFL;;;PA;1981-01-01
DEU;DEU204330201;;MOD;2025-06-30;2100-12-31;KIE104;KIE104;---;DEKEL;Kiel;;N;Y;N;N;N;N;;GO;GNS;FPO;;;;;4.30;0.00;1.00;0.00;0.00;4.00;0.00;3;1982-04-02;MFL;;;;1982-01-01
DEU;DEU204340201;;MOD;2016-04-18;2100-12-31;HEI16;HEI16;SEEFALKE;0219;;;N;Y;N;;;;;FX;GNS;FPO;;;;;6.96;6.25;4.00;0.00;0.00;27.00;0.00;3;1986-06-20;MFL;;;;1985-01-01
DEU;DEU204350201;;MOD;2008-03-13;2100-12-31;KIE109;KIE109;ANDREAS;0201;;;N;Y;N;;;;;FX;GNS;FPO;;;;;4.52;0.00;1.00;2.70;0.00;4.00;0.00;3;1984-05-04;MFL;;;;1984-01-01
DEU;DEU204360201;;RET;2006-02-17;2006-02-17;KIE234;KIE234;---;0201;;;N;N;N;;;;;FX;GNS;FPO;;;;;5.70;0.00;1.00;0.00;0.00;5.00;0.00;3;1968-05-27;MFL;;;PA;1959-01-01
DEU;DEU204370201;;RET;2025-06-25;2025-06-25;KIE266;KIE266;---;DEKEL;Kiel;;N;N;N;N;N;N;;GO;GNS;FPO;;;;;4.80;0.00;1.00;0.00;0.00;6.00;0.00;3;1979-05-14;MFL;;;PA;1974-01-01
DEU;DEU204380219;;RET;2022-05-23;2022-05-23;HEI101;HEI101;GRETE R;DEHED;Heikendorf;;N;N;N;N;;N;;GO;GNS;FPO;;;;;6.02;0.00;1.00;0.00;0.00;13.00;0.00;3;1992-01-01;MFL;;;PA;1969-01-01
DEU;DEU204390219;;RET;2011-08-12;2011-08-12;ECKE21;ECKE21;SILBERMOEWE;0208;;;N;N;N;;;;;FX;GNS;FPO;;;;;3.77;0.00;1.00;2.40;0.00;7.00;0.00;3;1991-09-03;MFL;;;PA;1982-01-01
DEU;DEU204400219;;RET;2006-12-28;2006-12-28;HEI103;HEI103;ANJA;0219;;;N;N;N;;;;;FX;GNS;FPO;;;;;6.00;0.00;1.00;0.00;0.00;8.00;0.00;3;1976-02-09;MFL;;;PA;1970-01-01
DEU;DEU204410219;;RET;2022-01-10;2022-01-10;HEI6;HEI6;MÖWE;DEHED;Heikendorf;;N;N;N;N;;N;;GO;GNS;FPO;;;;;5.90;0.00;1.00;0.00;0.00;11.00;0.00;3;1989-09-29;MFL;;;PA;1967-01-01
DEU;DEU204420219;;RET;2012-01-27;2012-01-27;FRE37;FRE37;---;0614;;;N;N;N;;;;;FX;GNS;LLS;;;;;6.40;0.00;2.00;4.00;0.00;20.00;0.00;3;1977-01-31;MFL;;;PA;1968-01-01
DEU;DEU204430219;;RET;2003-05-21;2003-05-21;HEI107;HEI107;TANJA;0219;;;N;N;N;;;;;FX;GNS;FPO;;;;;4.90;0.00;1.00;3.10;0.00;7.00;0.00;3;1983-04-25;MFL;;;PA;1981-01-01
DEU;DEU204440219;;RET;2007-10-10;2007-10-10;HEI108;HEI108;KRABBE;0219;;;N;N;N;;;;;FX;GNS;FPO;;;;;6.30;0.00;2.00;3.90;0.00;18.00;0.00;3;1992-01-01;MFL;;;PA;1991-01-01
DEU;DEU204450219;;RET;2011-04-14;2011-04-14;HEI110;HEI110;---;0219;;;N;N;N;;;;;FX;GNS;FPO;;;;;5.55;0.00;1.00;2.18;0.00;17.00;0.00;3;1983-03-11;MFL;;;PA;1983-01-01
DEU;DEU204460220;;RET;2016-10-19;2016-10-19;LANG100;LANG100;STROLCH;0253;;;N;N;N;;;;;FX;GNS;FPO;;;;;5.45;0.00;1.00;0.00;0.00;6.00;0.00;3;1986-01-24;MFL;;;PA;1968-01-01
DEU;DEU204470220;;RET;2019-12-12;2019-12-12;LAB10A;LAB10A;CHRISTIAN;0220;;;N;N;N;N;;N;;GO;GNS;FPO;;;;;4.30;0.00;1.00;0.00;0.00;4.00;0.00;3;1983-11-04;MFL;;;PA;1983-01-01
DEU;DEU204480220;;RET;2004-06-25;2004-06-25;LAB103;LAB103;---;0220;;;N;N;N;;;;;FX;GNS;FPO;;;;;6.11;0.00;1.00;3.90;0.00;8.00;0.00;3;1984-01-09;MFL;;;PA;1983-01-01
DEU;DEU204490220;;MOD;2010-02-19;2100-12-31;LAB104;LAB104;CHRISTINA;0220;;;N;Y;N;;;;;FX;GNS;FPO;;;;;4.30;0.00;1.00;2.70;0.00;4.00;0.00;3;1988-08-03;MFL;;;PA;1982-01-01
DEU;DEU204500220;;RET;2025-06-26;2025-06-26;LAB17;LAB17;IRMI;DELAB;Laboe;;N;N;N;N;N;N;;GO;GNS;FPO;;;;;5.98;0.00;1.00;0.00;0.00;7.00;0.00;3;1989-10-20;MFL;;;PA;1989-01-01
DEU;DEU204510220;;MOD;2025-04-24;2100-12-31;HEIL7;HEIL7;EMILY;DEHHF;Heiligenhafen;DC2119;Y;Y;N;N;Y;N;211836230;GO;FPO;LLS;GNS;GTR;;;4.26;0.00;1.00;0.00;0.00;11.00;0.00;3;1981-06-02;MFL;;;;1967-01-01
DEU;DEU204520220;;MOD;2011-03-24;2100-12-31;HEI1;HEI1;MADLINE;0219;;;N;Y;N;;;;;FX;GNS;FPO;;;;;7.50;0.00;2.00;4.20;0.00;37.00;0.00;3;1992-01-01;MFL;;;PA;1991-01-01
DEU;DEU204530220;;RET;2000-09-05;2000-09-05;STRA2B;STRA2B;KARIN;0252;;;N;N;N;;;;;FX;GNS;FPO;;;;;6.52;0.00;2.00;4.20;0.00;26.00;0.00;;1981-05-18;4C1;;;PA;
DEU;DEU204540220;;RET;2024-12-31;2024-12-31;STEI103;STEI103;PASCAL;DESNQ;"Stein"", Plön";;N;N;N;N;Y;N;;GO;GNS;FPO;;;;;5.65;0.00;1.00;0.00;0.00;8.00;0.00;3;1992-01-01;MFL;;;PA;1985-01-01
DEU;DEU204550220;;RET;2004-10-25;2004-10-25;LAB110;LAB110;RIO;0220;;;N;N;N;;;;;FX;GNS;FPO;;;;;5.45;0.00;1.00;3.50;0.00;5.00;0.00;3;1982-07-15;MFL;;;PA;1969-01-01
DEU;DEU204560220;;RET;2018-06-13;2018-06-13;WEN101;WEN101;CHRISTEL;0220;;;N;N;N;N;;N;;GO;GNS;FPO;;;;;4.84;0.00;1.00;0.00;0.00;5.00;0.00;3;1984-06-15;MFL;;;PA;1981-01-01
DEU;DEU204570220;;RET;2023-10-27;2023-10-27;LAB116;LAB116;OLLI;DELAB;Laboe;;N;N;N;N;N;N;;GO;GNS;FPO;;;;;5.02;0.00;1.00;0.00;0.00;8.00;0.00;3;1981-09-28;MFL;;;PA;1974-01-01
DEU;DEU204580220;;RET;2019-04-12;2019-04-12;LAB11;LAB11;Atze;0220;;;N;N;N;N;;N;;GO;GNS;FPO;;;;;5.95;0.00;1.00;0.00;0.00;8.00;0.00;3;1987-03-01;MFL;;;PA;1987-01-01
DEU;DEU204590202;;MOD;2003-01-01;2100-12-31;LAB121;LAB121;TINI;0220;;;N;Y;N;;;;;FX;GNS;FPO;;;;;5.26;0.00;1.00;3.40;0.00;37.00;0.00;3;1991-04-23;MFL;;;;1990-01-01
DEU;DEU204600220;;MOD;2015-02-09;2100-12-31;WED1;WED1;FLUNDER;0135;;;N;Y;N;;;;;FX;GNS;FPO;;;;;6.03;0.00;1.00;3.90;0.00;8.00;0.00;3;1984-01-20;MFL;;;;1963-01-01
DEU;DEU204610240;;RET;2018-10-05;2018-10-05;WEN3;WEN3;MONI;0240;;;N;N;N;N;;N;;GO;GNS;FPO;;;;;6.30;0.00;2.00;0.00;0.00;25.00;0.00;3;1993-09-03;MFL;;;PA;1992-01-01
DEU;DEU204620221;;RET;2006-09-07;2006-09-07;STEI101;STEI101;MATTHIAS;0221;;;N;N;N;;;;;FX;GNS;FPO;;;;;4.30;0.00;1.00;0.00;0.00;4.00;0.00;3;1981-06-30;MFL;;;PA;1981-01-01
DEU;DEU204630221;;RET;2022-03-14;2022-03-14;STEI102;STEI102;HEIKE;DESN2;;;N;N;N;N;;N;;GO;GNS;FPO;;;;;5.06;0.00;1.00;0.00;0.00;5.00;0.00;3;1985-02-18;MFL;;;PA;1975-01-01
DEU;DEU204640221;;RET;2006-03-16;2006-03-16;STEI103;STEI103;ROSI;0221;;;N;N;N;;;;;FX;GNS;FPO;;;;;5.75;0.00;1.00;3.70;0.00;26.00;0.00;3;1965-06-24;MFL;;;PA;1965-01-01
DEU;DEU204650221;;RET;2004-02-27;2004-02-27;STEI104;STEI104;ERWIN;0221;;;N;N;N;;;;;FX;GNS;FPO;;;;;5.75;0.00;1.00;3.90;0.00;30.00;0.00;3;1992-01-01;MFL;;;PA;1989-01-01
DEU;DEU204660221;;RET;2006-03-16;2006-03-16;RAD100;RAD100;IWES;0230;;;N;N;N;;;;;FX;GNS;FPO;;;;;5.03;0.00;1.00;0.00;0.00;19.00;0.00;3;1984-01-01;MFL;;;PA;1981-01-01
DEU;DEU204670221;;RET;2002-11-18;2002-11-18;STEI106;STEI106;BRITTA;0221;;;N;N;N;;;;;FX;GNS;FPO;;;;;4.10;0.00;1.00;2.60;0.00;4.00;0.00;;1981-09-07;4C1;;;PA;
DEU;DEU204680221;;RET;2001-09-14;2001-09-14;STEI107;STEI107;LARS;0221;;;N;N;N;;;;;FX;GNS;FPO;;;;;4.84;0.00;1.00;3.10;0.00;5.00;0.00;;1982-02-01;4C1;;;PA;
DEU;DEU204690221;;RET;2024-02-21;2024-02-21;STEI107;STEI107;---;DESNQ;"Stein"", Plön";;N;N;N;N;N;N;;GO;GNS;FPO;;;;;4.20;0.00;1.00;0.00;0.00;11.00;0.00;3;1986-10-24;MFL;;;PA;1986-01-01
DEU;DEU204700221;;RET;2012-11-02;2012-11-02;STEI108;STEI108;FIETE;0221;;;N;N;N;;;;;FX;GNS;FPO;;;;;5.70;0.00;1.00;3.70;0.00;5.00;0.00;3;1991-05-24;MFL;;;PA;1978-01-01
DEU;DEU204710221;;MOD;2012-02-23;2100-12-31;FRIE10;FRIE10;MOEWE;0229;;;N;Y;N;;;;;FX;GNS;FPO;;;;;7.30;0.00;3.00;3.50;0.00;34.00;0.00;3;1992-01-01;MFL;;;;1985-01-01
DEU;DEU204720230;;RET;2015-11-05;2015-11-05;RAD102;RAD102;GODEWIND;0230;;;N;N;N;;;;;FX;GNS;FPO;;;;;4.90;0.00;1.00;0.00;0.00;4.00;0.00;3;1992-01-01;MFL;;;PA;1982-01-01
DEU;DEU204730231;;RET;1997-05-22;1997-05-22;HUB101;HUB101;---;0231;;;N;N;N;;;;;FX;GNS;FPO;;;;;5.30;0.00;1.00;3.40;0.00;4.00;0.00;;1981-10-01;4C1;;;PA;
DEU;DEU204740231;;RET;2004-02-27;2004-02-27;HUB103;HUB103;---;0231;;;N;N;N;;;;;FX;GNS;FPO;;;;;3.65;0.00;1.00;2.40;0.00;3.00;0.00;3;1983-01-01;MFL;;;PA;1976-01-01
DEU;DEU204750208;;RET;2002-04-03;2002-04-03;LANG1;LANG1;---;0208;;;N;N;N;;;;;FX;GNS;NO;;;;;5.65;0.00;1.00;2.26;0.00;6.00;0.00;;1981-08-31;4C1;;;PA;
DEU;DEU204760208;;MOD;2021-01-11;2100-12-31;ECKE1;ECKE1;BABITONGA;DEECK;Eckernförde;;N;Y;N;N;;N;;GO;GNS;FPO;;;;;7.90;0.00;3.00;0.00;0.00;22.00;0.00;3;1980-08-27;MFL;;;;1980-01-01
DEU;DEU204760220;;MOD;2025-03-06;2100-12-31;TRA13;TRA13;ALDEBARAN;DETRV;Travemünde;DJ9217;Y;Y;N;N;Y;N;;GO;GNS;FPO;;;;;5.40;0.00;1.00;0.00;0.00;6.00;0.00;3;1974-05-27;MFL;;;;1974-01-01
DEU;DEU204770208;;RET;2010-10-29;2010-10-29;ECKE5;ECKE5;HILDE;0208;;;N;N;N;;;;;FX;GNS;NO;;;;;5.30;0.00;1.00;1.99;0.00;5.00;0.00;3;1986-04-07;MFL;;;PA;1967-01-01
DEU;DEU204770221;;RET;2017-05-19;2017-05-19;WEN1;WEN1;SEEADLER;0240;;;N;N;N;;;;;FX;GNS;FPO;;;;;6.10;0.00;1.00;0.00;0.00;66.00;0.00;3;1998-12-18;MFL;;;PA;1990-01-01
DEU;DEU204780208;;RET;2012-05-11;2012-05-11;ECKE32;ECKE32;---;0208;;;N;N;N;;;;;FX;GNS;LLS;;;;;5.10;0.00;1.00;1.84;0.00;4.00;0.00;3;1992-01-01;MFL;;;PA;1992-01-01
DEU;DEU204790208;;CHA;2016-05-01;2100-12-31;POE50N;POE50N;---;0652;;;N;Y;N;;;;;FX;GNS;LLS;;;;;5.78;0.00;1.00;0.00;0.00;9.00;0.00;3;1992-01-01;MFL;;;PA;1979-01-01
DEU;DEU204800208;;RET;2005-08-05;2005-08-05;ECKE11;ECKE11;OLE;0208;;;N;N;N;;;;;FX;GNS;NO;;;;;5.78;0.00;1.00;2.38;0.00;7.00;0.00;3;1992-01-01;MFL;;;PA;1970-01-01
DEU;DEU204810208;;RET;1995-01-31;1995-01-31;ECKE100;ECKE100;WILMA;0208;;;N;N;N;;;;;FX;GNS;NO;;;;;4.95;0.00;1.00;1.73;0.00;4.00;0.00;;1983-01-01;C19;;;PA;
DEU;DEU204820208;;RET;2006-11-06;2006-11-06;ECKE17;ECKE17;INGA;0208;;;N;N;N;;;;;FX;GNS;FPO;;;;;6.08;0.00;1.00;0.00;0.00;5.00;0.00;3;2002-01-01;MFL;;;PA;1980-01-01
DEU;DEU204820229;;RET;2019-12-31;2019-12-31;STRA1;STRA1;BENTE;0252;;;N;N;N;N;;N;;GO;GNS;FPO;;;;;7.70;0.00;3.00;0.00;0.00;24.00;0.00;1;1966-05-25;MFL;;;PA;1959-01-01
DEU;DEU204830229;;MOD;2003-01-01;2100-12-31;STRA2;STRA2;STOLLERGRUND;0252;;;N;Y;N;;;;;FX;GNS;FPO;;;;;6.86;0.00;2.00;3.33;0.00;43.00;0.00;3;1982-04-22;MFL;;;;1975-01-01
DEU;DEU204830240;;RET;2015-06-04;2015-06-04;HEI12;HEI12;TIMPE TE;0219;;;N;N;N;;;;;FX;GNS;FPO;;;;;6.30;0.00;2.00;0.00;0.00;18.00;0.00;3;2002-07-08;MFL;;;PA;1990-01-01
DEU;DEU204840221;;RET;2018-06-08;2018-06-08;STEI106;STEI106;BRITTA;0221;;;N;N;N;N;;N;;GO;GNS;FPO;;;;;4.20;0.00;1.00;0.00;0.00;4.00;0.00;3;2002-10-04;MFL;;;PA;1991-01-01
DEU;DEU204840229;;MOD;2004-10-18;2100-12-31;STRA2A;STRA2A;KONGER;0252;;;N;Y;N;;;;;FX;GNS;FPO;;;;;6.10;0.00;1.00;2.63;0.00;8.00;0.00;3;1982-04-02;MFL;;;;1981-01-01
DEU;DEU204850221;;MOD;2019-05-10;2100-12-31;STEI109;STEI109;KIRSTEN;0221;;;N;Y;N;N;;N;;GO;GNS;FPO;;;;;5.06;0.00;1.00;0.00;0.00;8.00;0.00;3;2002-11-18;MFL;;;;2002-01-01
DEU;DEU204850229;;MOD;2017-01-11;2100-12-31;FLE77;FLE77;IRIS;0213;;;N;Y;N;;;;;FX;GNS;FPO;;;;;6.30;0.00;2.00;0.00;0.00;12.00;0.00;3;1985-04-19;MFL;;;;1976-01-01
DEU;DEU204860208;;RET;2023-12-20;2023-12-20;ECKE110;ECKE110;Anne II;DEECK;Eckernförde;;N;N;N;N;N;N;;GO;GNS;FPO;;;;;5.53;0.00;1.00;0.00;0.00;45.00;0.00;3;2003-11-07;MFL;;;PA;1994-01-01
DEU;DEU204860229;;MOD;2012-01-27;2100-12-31;STRA4A;STRA4A;SUSI;0252;;;N;Y;N;;;;;FX;GNS;FPO;;;;;4.91;0.00;1.00;1.71;0.00;7.00;0.00;3;1982-05-24;MFL;;;PA;1982-01-01
DEU;DEU204870208;;RET;2012-01-02;2012-01-02;HEIL2;HEIL2;OHLSEN;0207;;;N;N;N;;;;;FX;GNS;FPO;;;;;6.15;0.00;1.00;0.00;0.00;18.00;0.00;3;1979-01-01;MFL;;;PA;1977-01-01
DEU;DEU204870229;;RET;2024-04-04;2024-04-04;BUR2;BUR2;PAULA;DEBSK;Burgstaaken;;N;N;N;N;N;N;;GO;GNS;FPO;;;;;5.22;0.00;1.00;0.00;0.00;8.00;0.00;3;1984-01-01;MFL;;;PA;1981-01-01
DEU;DEU204880221;;RET;2008-07-28;2008-07-28;STEI104A;STEI104A;---;0221;;;N;N;N;;;;;FX;GNS;FPO;;;;;4.95;0.00;1.00;0.00;0.00;3.00;0.00;3;2004-03-01;MFL;;;PA;1994-01-01
DEU;DEU204880229;;RET;2001-01-02;2001-01-02;STRA12;STRA12;INA;0252;;;N;N;N;;;;;FX;GNS;NO;;;;;5.10;0.00;1.00;1.84;0.00;6.00;0.00;;1984-01-27;4C1;;;PA;
DEU;DEU204890221;;MOD;2025-07-10;2100-12-31;ECKE4;ECKE4;ERWIN;DEECK;Eckernförde;DB5295;Y;Y;N;N;Y;N;;GO;GNS;LLS;FPO;GTR;;;5.85;0.00;1.00;0.00;0.00;24.00;0.00;3;2004-03-01;MFL;;;;1995-01-01
DEU;DEU204890229;;RET;1995-01-31;1995-01-31;FRIE4;FRIE4;HELGA;0229;;;N;N;N;;;;;FX;GNS;NO;;;;;5.78;0.00;1.00;2.37;0.00;13.00;0.00;;1977-07-25;C19;;;PA;
DEU;DEU204900229;;MOD;2013-04-26;2100-12-31;FRIE10A;FRIE10A;---;0229;;;N;Y;N;;;;;FX;GNS;FPO;;;;;4.40;0.00;1.00;1.37;0.00;6.00;0.00;3;1985-01-04;MFL;;;PA;1984-01-01
DEU;DEU204900252;;MOD;2012-12-31;2100-12-31;STRA55;STRA55;JAN-MALTE;0252;;;N;Y;N;;;;;FX;GNS;FPO;;;;;5.48;0.00;1.00;0.00;0.00;7.00;0.00;3;2004-03-10;MFL;;;;2004-01-01
DEU;DEU204910208;;RET;2005-06-13;2005-06-13;ECKE22;ECKE22;---;0208;;;N;N;N;;;;;FX;GNS;FPO;;;;;7.77;0.00;2.00;0.00;0.00;25.00;0.00;3;2004-06-25;MFL;;;PA;1973-01-01
DEU;DEU204910229;;MOD;2010-11-02;2100-12-31;STRA5;STRA5;GOLDBUTT;0252;;;N;Y;N;;;;;FX;GNS;FPO;;;;;9.02;0.00;4.00;5.75;0.00;27.00;0.00;3;1977-10-17;MFL;;;PA;1977-01-01
DEU;DEU204920208;;MOD;2012-09-28;2100-12-31;ECKE22;ECKE22;INGA II;0208;;;N;Y;N;;;;;FX;GNS;FPO;;;;;8.23;7.62;3.00;0.00;0.00;50.00;0.00;3;2005-05-30;MFL;;;PA;1978-01-01
DEU;DEU204920229;;RET;2001-11-12;2001-11-12;ECKE2A;ECKE2A;---;0208;;;N;N;N;;;;;FX;GNS;NO;;;;;6.40;0.00;2.00;2.89;0.00;8.00;0.00;;1974-12-30;4C1;;;PA;
DEU;DEU204930208;;RET;2010-02-19;2010-02-19;ECKE19;ECKE19;ANDREA;0208;;;N;N;N;;;;;FX;GNS;FPO;;;;;4.35;0.00;1.00;0.00;0.00;6.00;0.00;3;2005-08-05;MFL;;;PA;1980-01-01
DEU;DEU204930229;;RET;2004-06-08;2004-06-08;FRIE102;FRIE102;TANJA;0229;;;N;N;N;;;;;FX;GNS;LLS;;;;;6.07;0.00;1.00;2.60;0.00;8.00;0.00;3;1982-07-19;MFL;;;PA;1982-01-01
DEU;DEU204940221;;CHA;2015-05-01;2100-12-31;HEL1;HEL1;SIRIUS;0106;;;N;Y;N;;;;;FX;LLS;GNS;;;;;8.60;0.00;4.00;0.00;0.00;52.00;0.00;2;2006-03-15;MFL;;;PA;2005-01-01
DEU;DEU204940229;;RET;1996-06-13;1996-06-13;STEI5A;STEI5A;MARMORATA;0221;;;N;N;N;;;;;FX;GNS;LLS;;;;;7.62;0.00;3.00;4.10;0.00;56.00;0.00;;1983-10-07;C19;;;PA;
DEU;DEU204950229;;MOD;2025-02-10;2100-12-31;HEIL5;HEIL5;NORDLICHT;DEHHF;Heiligenhafen;DG8471;Y;Y;N;N;Y;N;211670270;GO;GTR;GNS;;;;;6.97;0.00;2.00;0.00;0.00;21.00;0.00;3;1992-01-01;MFL;;;;1986-01-01
DEU;DEU204960219;;MOD;2025-01-13;2100-12-31;HEI9;HEI9;LUEDDEN;DEHED;Heikendorf;;N;Y;N;N;N;N;;GO;GNS;GTR;LHP;FPO;;;7.10;0.00;2.00;0.00;0.00;23.00;0.00;3;1981-05-04;MFL;;;;1981-01-01
DEU;DEU204970219;;MOD;2025-01-13;2100-12-31;HEI9A;HEI9A;---;DEHED;Heikendorf;;N;Y;N;N;Y;N;;GO;GNS;LHP;GTR;FPO;;;4.30;0.00;1.00;0.00;0.00;11.00;0.00;3;1972-01-01;MFL;;;;1972-01-01
DEU;DEU204980219;;RET;2016-10-25;2016-10-25;HEI18A;HEI18A;---;0219;;;N;N;N;;;;;FX;GNS;FPO;;;;;5.80;0.00;1.00;0.00;0.00;7.00;0.00;1;1961-08-23;MFL;;;PA;1961-01-01
DEU;DEU204990219;;RET;2020-10-23;2020-10-23;STRA6;STRA6;ADDA;0252;;;N;N;N;N;;N;;GO;GNS;FPO;;;;;7.07;0.00;2.00;0.00;0.00;23.00;0.00;3;1981-04-02;MFL;;;PA;1978-01-01
DEU;DEU205000220;;MOD;2024-04-03;2100-12-31;LAB6;LAB6;PUMMEL;DELAB;Laboe;;N;Y;N;N;Y;N;;GO;GNS;LLS;GTR;FPO;;;5.94;0.00;1.00;0.00;0.00;8.00;0.00;3;1986-08-18;MFL;;;;1986-01-01
DEU;DEU205010220;;MOD;2023-01-01;2100-12-31;NEU50;NEU50;---;DENOZ;"Neuendorf"", Hiddensee";;N;Y;N;N;;N;;GO;GNS;LLS;;;;;5.98;0.00;1.00;0.00;0.00;18.00;0.00;3;1985-06-21;MFL;;;;1983-01-01
DEU;DEU205020220;;MOD;2006-08-14;2100-12-31;LAB29;LAB29;LILLE VEN;0220;;;N;Y;N;;;;;FX;GNS;LLS;;;;;5.95;0.00;1.00;0.00;0.00;18.00;0.00;2;1983-05-06;MFL;;;PA;1983-01-01
DEU;DEU205030220;;RET;2007-04-24;2007-04-24;LAB50;LAB50;MUNCKI;0220;;;N;N;N;;;;;FX;GNS;NO;;;;;5.64;0.00;1.00;2.25;0.00;17.00;0.00;2;1983-06-10;MFL;;;PA;1979-01-01
DEU;DEU205040220;;RET;2002-09-10;2002-09-10;HUB1;HUB1;---;0220;;;N;N;N;;;;;FX;GNS;NO;;;;;5.20;0.00;1.00;1.91;0.00;3.00;0.00;;1988-01-02;4C1;;;PA;
DEU;DEU205050252;;RET;2010-12-20;2010-12-20;STRA113;STRA113;ADDA;0252;;;N;N;N;;;;;FX;GNS;FPO;;;;;5.75;0.00;1.00;0.00;0.00;12.00;0.00;3;2007-05-11;MFL;;;PA;1989-01-01
DEU;DEU205080241;;MOD;2015-11-01;2100-12-31;SCHOEN2;SCHOEN2;---;DESSG;Schoenberger Strand;;N;Y;N;N;Y;N;;GO;GNS;FPO;;;;;4.70;0.00;1.00;0.00;0.00;10.00;0.00;3;2008-02-15;MFL;;;;1995-01-01
DEU;DEU205090240;;CHA;2019-09-13;2100-12-31;WEN2;WEN2;Nicola;0240;;;N;Y;N;N;;N;;GO;GNS;LLS;;;;;6.20;0.00;3.00;0.00;0.00;32.00;0.00;3;2011-06-01;MFL;;;PA;2011-01-01
DEU;DEU205100208;;RET;2015-04-01;2015-04-01;ECKE23;ECKE23;LEA;0208;;;N;N;N;;;;;FX;GNS;FPO;;;;;6.45;0.00;2.00;0.00;0.00;22.00;0.00;3;2012-04-01;MFL;;;PA;1993-01-01
DEU;DEU205110208;;CHA;2012-04-27;2100-12-31;ECKE100;ECKE100;SPEEDFISCHER;0208;;;N;Y;N;;;;;FX;GNS;FPO;;;;;5.65;0.00;1.00;0.00;0.00;66.00;0.00;4;2012-04-27;MFL;;;PA;2010-01-01
DEU;DEU205120234;;RET;2014-12-09;2014-12-09;LIP8;LIP8;INGRID;0234;;DG2941;Y;N;N;;;;;FX;GNS;FPO;;;;;7.80;0.00;4.00;0.00;0.00;63.00;0.00;3;2013-04-03;MFL;;;PA;2012-01-01
DEU;DEU205130208;;RET;2015-05-28;2015-05-28;ECKE6;ECKE6;LEIF-ERIK;0208;;;N;N;N;;;;;FX;GNS;FPO;;;;;3.95;0.00;1.00;0.00;0.00;4.00;0.00;3;2014-11-01;MFL;;;PA;1970-01-01
DEU;DEU205140234;;MOD;2025-03-18;2100-12-31;STRA11;STRA11;INGRID MÖLLER;DESTD;Strande;DG2941;Y;Y;N;N;Y;N;;GO;GNS;FPO;GTR;LLS;;;7.99;0.00;5.00;0.00;0.00;63.00;0.00;3;2014-12-15;MFL;;;;2014-01-01
DEU;DEU205150221;;MOD;2023-11-01;2100-12-31;STA51;STA51;BEATE S.;DESHY;Stahlbrode;;N;Y;N;N;Y;N;;GO;GNS;LLS;;;;;7.98;0.00;5.00;0.00;0.00;52.00;0.00;3;2015-01-16;MFL;;;;1978-01-01
DEU;DEU205160219;;CHA;2025-08-21;2100-12-31;HEIL15C;HEIL15C;EMMA;DEHHF;Heiligenhafen;;N;Y;N;N;Y;N;;GO;FPO;GTR;LLS;GNS;;;5.50;0.00;1.00;0.00;0.00;19.00;0.00;3;2017-08-01;MFL;;;PA;2016-01-01
DEU;DEU205170208;;RET;2022-05-06;2022-05-06;ECKE3;ECKE3;ERIK;DEECK;Eckernförde;;N;N;N;N;;N;;GO;GNS;FPO;;;;;6.58;0.00;1.00;0.00;0.00;12.00;0.00;3;2018-01-01;MFL;;;PA;2000-01-01
DEU;DEU205180208;;CHA;2018-03-09;2100-12-31;ECKE23;ECKE23;LUCIA;0208;;;N;Y;N;N;;N;;GO;GNS;FPO;;;;;7.95;0.00;2.00;0.00;0.00;33.00;0.00;3;2018-03-09;MFL;;;PA;1980-01-01
DEU;DEU205190229;;CHA;2020-10-01;2100-12-31;KUEH44;KUEH44;EMMA;0642;;;N;Y;N;N;;N;;GO;GNS;FPO;;;;;7.00;0.00;3.00;0.00;0.00;37.00;0.00;3;2018-09-12;MFL;;;PA;2017-01-01
DEU;DEU205200252;;MOD;2025-03-03;2100-12-31;STRA10;STRA10;ONKEL HANNER;DESTD;Strande;DK3720;Y;Y;N;N;Y;N;;GO;GNS;FPO;;;;;4.90;0.00;1.00;0.00;0.00;4.00;0.00;3;2019-11-01;MFL;;;;1986-01-01
DEU;DEU205210220;;RET;2024-05-01;2024-05-01;LAB106;LAB106;HERTA;DELAB;Laboe;;N;N;N;N;Y;N;;GO;GNS;FPO;;;;;5.07;0.00;1.00;0.00;0.00;4.00;0.00;3;1981-06-02;MFL;;;PA;1967-01-01
DEU;DEU300010234;;RET;2006-03-16;2006-03-16;HEI17A;HEI17A;ANKE;0219;;;N;N;N;;;;;FX;GNS;NK;;;;;6.50;0.00;1.00;0.00;0.00;7.00;0.00;1;1964-09-07;MFL;;;PA;1964-01-01
DEU;DEU300020234;;RET;2001-11-21;2001-11-21;LIP3A;LIP3A;GOLDBUTT;0234;;;N;N;N;;;;;FX;GNS;FPO;;;;;5.40;0.00;1.00;1.31;0.00;4.00;0.00;;1974-01-07;4C1;;;PA;
DEU;DEU300030234;;RET;1999-04-15;1999-04-15;LIP7;LIP7;CLAUDIA;0234;;;N;N;N;;;;;FX;GNS;NO;;;;;7.08;0.00;2.00;3.54;0.00;17.00;0.00;;1988-11-21;4C1;;;PA;
DEU;DEU300050234;;MOD;2024-07-16;2100-12-31;HEIL11;HEIL11;EISVOGEL;DEHHF;Heiligenhafen;DG2133;Y;Y;N;N;Y;N;211534130;GO;GTR;FPO;GNS;;;;8.20;0.00;3.00;0.00;0.00;60.00;0.00;3;1985-11-01;MFL;;;PA;1985-01-01
DEU;DEU300060234;;RET;1997-05-22;1997-05-22;LIP8A;LIP8A;ROLF;0234;;;N;N;N;;;;;FX;GNS;NO;;;;;7.01;0.00;2.00;3.42;0.00;13.00;0.00;;1972-07-14;4C1;;;PA;
DEU;DEU300070234;;RET;1993-09-07;1993-09-07;LIP8B;LIP8B;---;0234;;;N;N;N;;;;;FX;GNS;NO;;;;;4.90;0.00;0.00;1.34;0.00;4.00;0.00;;1971-09-15;C19;;;PA;
DEU;DEU300080233;;MOD;2011-01-01;2100-12-31;HOH7A;HOH7A;KRUEMEL;0234;;;N;Y;N;;;;;FX;GNS;FPO;;;;;7.00;0.00;1.00;3.46;0.00;34.00;0.00;3;1989-01-11;MFL;;;;1976-01-01
DEU;DEU300090233;;RET;2012-07-02;2012-07-02;LIP1;LIP1;BLAUBAER;0234;;;N;N;N;;;;;FX;GNS;FPO;;;;;6.10;0.00;1.00;3.18;0.00;7.00;0.00;3;1974-11-23;MFL;;;PA;1974-01-01
DEU;DEU300100233;;DES;2022-11-30;2022-11-30;HER14;HER14;Nele;DEHDF;Heringsdorf;;N;N;N;N;;N;;GO;GNS;OTB;;;;;7.98;0.00;3.00;0.00;0.00;45.00;0.00;3;1982-03-15;MFL;;;AC;1981-01-01
DEU;DEU300110207;;RET;2018-01-23;2018-01-23;VIT1;VIT1;MOBY DICK;0617;;;N;N;N;N;;N;;TTW;OTB;TBB;;;;;12.07;11.16;14.00;0.00;0.00;100.00;0.00;1;1977-03-01;MFL;;;PA;1977-01-01
DEU;DEU300120207;;RET;1992-08-17;1992-08-17;HEIL1;HEIL1;---;0207;;;N;N;N;;;;;FX;GNS;LLS;;;;;5.13;0.00;0.00;1.86;0.00;4.00;0.00;;1969-05-30;C19;;;PA;
DEU;DEU300130207;;RET;2011-12-29;2011-12-29;HEIL3;HEIL3;ELVIRA;0207;;DKGJ;Y;N;Y;;;;;FX;OTB;PTB;;;;;19.19;17.81;42.00;42.61;0.00;219.00;0.00;1;1951-01-01;MFL;;;PA;1951-01-01
DEU;DEU300140207;;RET;1995-08-01;1995-08-01;HEIL5;HEIL5;ANTJE;0207;;;N;N;N;;;;;FX;GNS;NO;;;;;9.30;0.00;0.00;7.00;0.00;21.00;0.00;;1950-12-31;C19;;;PA;
DEU;DEU300160207;;RET;1993-03-01;1993-03-01;BUR2;BUR2;JUMBO;0206;;;N;N;N;;;;;FX;GNS;NO;;;;;8.00;0.00;0.00;3.00;0.00;40.00;0.00;;1975-01-01;C19;;;PA;
DEU;DEU300190207;;MOD;2011-01-01;2100-12-31;TRA3;TRA3;ANNA II;DETRV;Travemünde;;N;Y;N;N;;N;;GO;GNS;FPO;;;;;9.53;9.25;6.00;8.35;0.00;85.00;0.00;3;1978-01-02;MFL;;;;1977-01-01
DEU;DEU300200207;;EXP;2001-03-14;2001-03-14;HEIL10;HEIL10;BIRTE HEISLER;0207;;DNQZ;Y;N;N;;;;;FX;GNS;OTB;;;;;11.99;0.00;16.00;22.16;0.00;118.00;0.00;;1983-05-06;4C1;DNK;EX;PA;
DEU;DEU300210207;;RET;1996-06-07;1996-06-07;HEIL11;HEIL11;WIKINGER;0207;;;N;N;N;;;;;FX;GNS;FPO;;;;;9.27;0.00;4.00;4.00;0.00;58.00;0.00;;1979-04-02;C19;;;PA;
DEU;DEU300220207;;DES;2002-10-31;2002-10-31;HEIL12;HEIL12;VENIA;0207;;;N;N;N;;;;;FX;GNS;FPO;;;;;9.81;0.00;8.00;8.38;0.00;51.00;0.00;;1977-05-02;4C1;;;AC;
DEU;DEU300230207;;MOD;2020-11-01;2100-12-31;AHL41;AHL41;VENUS;0618;;DKSI;Y;Y;N;N;;N;;TTW;OTB;GNS;;;;;10.98;9.96;17.00;0.00;0.00;80.00;0.00;2;1984-06-19;MFL;;;PA;1984-01-01
DEU;DEU300240207;;MOD;2018-05-14;2100-12-31;VIT55;VIT55;STURMVOGEL;0617;;;N;Y;N;N;;N;;GO;GNS;LLS;;;;;9.84;0.00;5.00;0.00;0.00;71.00;0.00;3;1985-04-20;MFL;;;;1985-01-01
DEU;DEU300250207;;RET;1993-11-08;1993-11-08;HEIL15A;HEIL15A;PETRA;0207;;;N;N;N;;;;;FX;GNS;LLS;;;;;4.05;0.00;0.00;1.16;0.00;4.00;0.00;;1960-12-31;C19;;;PA;
DEU;DEU300260207;;RET;2007-04-24;2007-04-24;HEIL16;HEIL16;HERTA;0207;;;N;N;N;;;;;FX;GNS;LLS;;;;;9.24;0.00;7.00;7.00;0.00;44.00;0.00;1;1967-01-02;MFL;;;PA;1946-01-01
DEU;DEU300270207;;MOD;2020-10-12;2100-12-31;THI25;THI25;TAIFUN;0612;;DKVS;Y;Y;N;N;;N;;GO;GNS;LLS;;;;;9.80;9.02;6.00;0.00;0.00;77.00;0.00;3;1985-07-29;MFL;;;;1985-01-01
DEU;DEU300280207;;RET;2024-12-31;2024-12-31;USE7N;USE7N;THOR;DEUSD;Usedom;;N;N;N;N;Y;N;;GO;GNS;FPO;;;;;7.85;0.00;3.00;0.00;0.00;38.00;0.00;3;1977-07-01;MFL;;;PA;1977-01-01
DEU;DEU300290207;;MOD;2019-01-01;2100-12-31;AWA25;AWA25;VIVIEN;0631;;DMKO;Y;Y;N;N;;N;;GO;GNS;LLS;;;;;8.22;7.58;3.00;0.00;0.00;48.00;0.00;3;1986-01-09;MFL;;;;1985-01-01
DEU;DEU300300207;;DES;1992-12-20;1992-12-20;SX1;SX1;SEEDUEVEL;0106;;DJFT;Y;N;N;;;;;FX;GNS;NO;;;;;14.78;0.00;0.00;18.80;0.00;177.00;0.00;;1938-12-31;G16;;;PA;
DEU;DEU300310207;;RET;2007-01-15;2007-01-15;HEIL21;HEIL21;FALKE;0207;;;N;N;N;;;;;FX;GNS;LLS;;;;;10.15;0.00;6.00;0.00;0.00;59.00;0.00;1;1947-01-01;MFL;;;PA;1947-01-01
DEU;DEU300320207;;RET;2007-02-22;2007-02-22;HEIL21A;HEIL21A;---;0207;;;N;N;N;;;;;FX;GNS;NO;;;;;5.05;0.00;1.00;0.00;0.00;0.00;0.00;1;1991-12-31;MFL;;;PA;1947-01-01
DEU;DEU300330207;;MOD;2020-01-01;2100-12-31;PRU14;PRU14;LUPO;0661;;;N;Y;N;N;;N;;GO;GNS;LLS;;;;;9.96;9.00;11.00;0.00;0.00;96.00;0.00;3;1980-12-29;MFL;;;;1980-01-01
DEU;DEU300340207;;RET;2017-05-08;2017-05-08;HEIL24;HEIL24;SCHWALBE;0207;;;N;N;N;;;;;FX;GNS;FPO;;;;;9.20;0.00;5.00;0.00;0.00;43.00;0.00;1;1971-10-14;MFL;;;PA;1948-01-01
DEU;DEU300350207;;RET;2005-09-27;2005-09-27;HEIL50A;HEIL50A;SPEKI;0207;;;N;N;N;;;;;FX;GNS;FPO;;;;;4.75;0.00;1.00;1.59;0.00;4.00;0.00;1;1983-05-30;MFL;;;PA;1983-01-01
DEU;DEU300360207;;RET;1996-04-04;1996-04-04;HEIL27;HEIL27;GLUECKAUF;0207;;DKAZ;Y;N;N;;;;;FX;GNS;LLS;;;;;11.00;0.00;0.00;10.94;0.00;72.00;0.00;;1937-12-31;C19;;;PA;
DEU;DEU300370207;;RET;1992-05-01;1992-05-01;HEIL27A;HEIL27A;---;0207;;;N;N;N;;;;;FX;LLS;NO;;;;;5.20;0.00;0.00;1.91;0.00;0.00;0.00;;1957-01-12;C19;;;PA;
DEU;DEU300380207;;RET;2004-04-30;2004-04-30;HEIL50;HEIL50;OSTSEE;0207;;;N;N;N;;;;;FX;GNS;LLS;;;;;8.70;0.00;6.00;7.03;0.00;38.00;0.00;1;1972-11-28;MFL;;;PA;1952-01-01
DEU;DEU300390207;;MOD;2022-06-17;2100-12-31;HEIL33;HEIL33;PALOMA;DEHHF;Heiligenhafen;DG3894;Y;Y;N;N;;N;;GO;GNS;GTR;;;;;8.02;0.00;3.00;0.00;0.00;63.00;0.00;3;1976-11-20;MFL;;;;1976-01-01
DEU;DEU300400207;;RET;1998-08-26;1998-08-26;HEIL35;HEIL35;EMMA;0207;;;N;N;N;;;;;FX;GNS;LLS;;;;;10.00;0.00;9.00;8.09;0.00;48.00;0.00;;1962-01-27;4C1;;;PA;
DEU;DEU300410207;;RET;1992-10-05;1992-10-05;HEIL35A;HEIL35A;---;0207;;;N;N;N;;;;;FX;GNS;NO;;;;;5.35;0.00;0.00;2.02;0.00;4.00;0.00;;1981-08-03;C19;;;PA;
DEU;DEU300420207;;RET;2003-12-30;2003-12-30;HEIL40;HEIL40;SEETEUFEL;0207;;;N;N;N;;;;;FX;GNS;NO;;;;;8.65;0.00;2.00;4.22;0.00;15.00;0.00;1;1939-12-31;MFL;;;PA;1939-01-01
DEU;DEU300430207;;RET;1992-10-11;1992-10-11;HEIL40A;HEIL40A;CAIXA;0207;;;N;N;N;;;;;FX;GNS;NO;;;;;4.15;0.00;0.00;1.22;0.00;4.00;0.00;;1988-12-31;C19;;;PA;
DEU;DEU300440207;;RET;1999-08-06;1999-08-06;FRE2;FRE2;ELFRIEDE;0614;;;N;N;N;;;;;FX;GNS;LLS;;;;;10.12;9.28;8.00;10.89;0.00;59.00;0.00;;1955-01-02;4C1;;;PA;
DEU;DEU300450207;;RET;1999-02-09;1999-02-09;HEIL41A;HEIL41A;---;0207;;;N;N;N;;;;;FX;GNS;NO;;;;;6.05;0.00;1.00;2.55;0.00;10.00;0.00;;1967-12-31;4C1;;;PA;
DEU;DEU300460207;;RET;2002-03-20;2002-03-20;HEIL41B;HEIL41B;---;0207;;;N;N;N;;;;;FX;GNS;NO;;;;;4.20;0.00;1.00;1.25;0.00;3.00;0.00;;1982-06-08;4C1;;;PA;
DEU;DEU300470207;;RET;2007-02-23;2007-02-23;HEIL42;HEIL42;MARIA II;0207;;;N;N;N;;;;;FX;GNS;LLS;;;;;12.10;0.00;19.00;12.99;0.00;101.00;0.00;1;1962-12-20;MFL;;;PA;1942-01-01
DEU;DEU300480207;;RET;2010-02-23;2010-02-23;HEIL42C;HEIL42C;---;0207;;;N;N;N;;;;;FX;GNS;FPO;;;;;6.75;0.00;1.00;3.23;0.00;13.00;0.00;1;1969-10-29;MFL;;;PA;1969-01-01
DEU;DEU300490207;;RET;2002-03-20;2002-03-20;HEIL45;HEIL45;KLARA MARIE;0207;;;N;N;N;;;;;FX;GNS;FPO;;;;;9.91;0.00;9.00;10.43;0.00;44.00;0.00;;1969-05-19;4C1;;;PA;
DEU;DEU300510207;;RET;2003-09-16;2003-09-16;HEIL20;HEIL20;---;0207;;;N;N;N;;;;;FX;GNS;LLS;;;;;7.50;0.00;3.00;4.00;0.00;38.00;0.00;1;1979-10-25;MFL;;;PA;1979-01-01
DEU;DEU300520207;;DES;1991-10-31;1991-10-31;HEIL68;HEIL68;WALKUERE;0207;;;N;N;N;;;;;FX;GNS;NO;;;;;10.00;0.00;0.00;7.11;0.00;30.00;0.00;;1949-12-31;4;;;PA;
DEU;DEU300530207;;RET;2006-12-11;2006-12-11;HEIL69;HEIL69;SILVIA;0207;;;N;N;N;;;;;FX;GNS;LLS;;;;;9.98;0.00;7.00;0.00;0.00;48.00;0.00;1;1965-03-27;MFL;;;PA;1965-01-01
DEU;DEU300540207;;EXP;2004-08-17;2004-08-17;HEIL73;HEIL73;SEESCHWALBE;0207;;DNRL;Y;N;N;;;;;FX;GNS;LLS;;;;;11.04;0.00;12.00;12.00;0.00;70.00;0.00;3;1983-05-20;MFL;POL;EX;PA;1983-01-01
DEU;DEU300550207;;RET;2002-05-28;2002-05-28;HEIL73A;HEIL73A;TINA;0207;;;N;N;N;;;;;FX;GNS;FPO;;;;;5.20;0.00;1.00;1.91;0.00;6.00;0.00;;1987-08-03;4C1;;;PA;
DEU;DEU300560207;;DES;1993-02-07;1993-02-07;HEIL83;HEIL83;ALFRED;0207;;;N;N;N;;;;;FX;GNS;NO;;;;;9.01;0.00;0.00;8.13;0.00;37.00;0.00;;1931-12-31;C19;;;PA;
DEU;DEU300590207;;EXP;2002-09-27;2002-09-27;SH2;SH2;RENATE II;0207;;DLRQ;Y;N;N;;;;;FX;OTB;PTB;;;;;31.17;27.05;184.00;158.89;0.00;588.00;0.00;;1980-12-09;4C3;POL;EX;PA;
DEU;DEU300600207;;DES;1992-12-15;1992-12-15;SH3;SH3;SONJA;0207;;DKLI;Y;N;N;;;;;FX;OTB;OTM;;;;;24.50;0.00;0.00;77.10;0.00;221.00;0.00;;1944-12-31;G20;;;PA;
DEU;DEU300610207;;DES;1992-09-18;1992-09-18;SH4;SH4;HEIMAT;0207;;DKIY;Y;N;N;;;;;FX;OTB;OTM;;;;;24.38;0.00;0.00;75.32;0.00;221.00;0.00;;1944-12-31;G20;;;PA;
DEU;DEU300620207;;RET;1995-08-01;1995-08-01;SK18;SK18;UNTERNEHMUNG;0201;;DEON;Y;N;N;;;;;FX;OTB;PTB;;;;;26.40;24.90;0.00;105.87;0.00;294.00;0.00;;1983-12-27;G17;;;PA;
DEU;DEU300630207;;RET;1992-12-29;1992-12-29;SH6;SH6;TANJA;0207;;DIUD;Y;N;N;;;;;FX;TBB;NO;;;;;25.05;0.00;0.00;75.99;0.00;221.00;0.00;;1989-03-01;4;;;PA;
DEU;DEU300640207;;MOD;2020-01-28;2100-12-31;SK42;SK42;VERTRAUEN;0201;;DMFP;Y;Y;Y;Y;;Y;211288860;TU;TBB;OTB;;;;;23.30;20.80;83.00;0.00;0.00;221.00;0.00;2;1989-06-19;MFL;;;;1985-01-01
DEU;DEU300650207;;RET;2011-12-28;2011-12-28;SH8;SH8;LIEBE;0207;;DKAF;Y;N;Y;;;;;FX;OTB;OTM;;;;;21.31;19.80;62.00;52.54;0.00;220.00;0.00;1;1951-10-12;MFL;;;PA;1951-01-01
DEU;DEU300660207;;EXP;1992-02-20;1992-02-20;SH9;SH9;BLEIBTREU;0207;;DKIT;Y;N;N;;;;;FX;OTB;OTM;;;;;23.94;0.00;0.00;72.64;0.00;199.00;0.00;;1942-12-31;G16;NLD;EX;PA;
DEU;DEU300670207;8429094;MOD;2012-09-27;2100-12-31;SAS111;SAS111;CHRISTIN-BETTINA;DESAS;Sassnitz;DNRM;Y;Y;Y;Y;;Y;211317720;TTW;OTB;PTB;;;;;25.05;22.39;155.00;109.73;0.00;221.00;0.00;2;1983-11-14;MFL;;;PA;1983-01-01
DEU;DEU300680207;;RET;2002-04-23;2002-04-23;SH11;SH11;BORNHOLM;0207;;DNRQ;Y;N;N;;;;;FX;OTB;PTB;;;;;25.26;22.00;151.00;108.26;0.00;294.00;0.00;;1983-12-31;4C3;;;PA;
DEU;DEU300690207;;RET;1992-12-29;1992-12-29;SH14;SH14;CHRISTIN-NADINE;0207;;DKQK;Y;N;N;;;;;FX;OTB;OTM;;;;;20.64;0.00;0.00;42.32;0.00;221.00;0.00;;1959-01-01;G16;;;PA;
DEU;DEU300700207;;RET;1997-10-13;1997-10-13;SH15;SH15;HEIDI JARCHAU;0207;;DKUU;Y;N;N;;;;;FX;OTB;PTB;;;;;27.98;24.00;218.00;161.13;0.00;441.00;0.00;;1985-06-12;4C3;;;AC;
DEU;DEU300710207;;EXP;1991-07-03;1991-07-03;SH16;SH16;CHRISTINA;0207;;DFCT;Y;N;N;;;;;FX;OTB;OTM;;;;;24.05;0.00;0.00;74.23;0.00;221.00;0.00;;1971-12-31;4;POL;EX;PA;
DEU;DEU300720207;8621185;DES;2021-11-22;2021-11-22;SH20;SH20;ODIN;DEHHF;Heiligenhafen;DJWL;Y;N;Y;Y;N;Y;;TTW;OTB;OTM;;;;;25.70;23.06;140.00;0.00;0.00;220.00;0.00;2;1975-05-13;MFL;;;AC;1975-01-01
DEU;DEU300730207;;RET;1992-11-06;1992-11-06;SH21;SH21;BAERBEL;0207;;DKNW;Y;N;N;;;;;FX;OTB;PTB;;;;;18.10;0.00;0.00;51.03;0.00;219.00;0.00;;1965-12-31;G20;;;PA;
DEU;DEU300740207;;EXP;2003-12-05;2003-12-05;SH22;SH22;BORNEO;0207;;DMEZ;Y;N;N;;;;;FX;OTB;OTM;;;;;18.02;16.59;50.00;45.02;0.00;220.00;0.00;1;1989-01-01;MFL;POL;EX;PA;1951-01-01
DEU;DEU300760238;;RET;1995-04-11;1995-04-11;STRU2;STRU2;---;0238;;;N;N;N;;;;;FX;GNS;NK;;;;;4.50;0.00;0.00;1.43;0.00;0.00;0.00;;1968-04-10;C19;;;PA;
DEU;DEU300770235;;MOD;2008-08-15;2100-12-31;GRO2;GRO2;JANA;0216;;;N;Y;N;;;;;FX;GNS;FPO;;;;;7.33;0.00;3.00;2.26;0.00;20.00;0.00;3;1972-06-26;MFL;;;PA;1972-01-01
DEU;DEU300780235;;RET;2000-01-11;2000-01-11;ORT2B;ORT2B;ZUKUNFT;0235;;;N;N;N;;;;;FX;GNS;NO;;;;;5.73;0.00;1.00;2.02;0.00;7.00;0.00;;1991-12-31;4C1;;;PA;
DEU;DEU300800206;;DES;1995-08-01;1995-08-01;BUR1;BUR1;WOLLIN;0206;;DJYU;Y;N;N;;;;;FX;OTB;NO;;;;;14.20;0.00;0.00;19.36;0.00;125.00;0.00;;1946-12-31;G16;;;AC;
DEU;DEU300810206;;RET;1995-08-01;1995-08-01;BUR1A;BUR1A;---;0206;;;N;N;N;;;;;FX;GNS;NO;;;;;4.50;0.00;0.00;1.43;0.00;3.00;0.00;;1991-12-31;C19;;;PA;
DEU;DEU300820206;;RET;2012-01-01;2012-01-01;SAS103;SAS103;PILLAU;0602;;DNRX;Y;N;N;;;;;FX;OTB;PTB;;;;;14.65;0.00;28.00;26.50;0.00;188.00;0.00;1;1983-11-01;MFL;;;PA;1983-01-01
DEU;DEU300830206;;RET;1991-01-01;1991-01-01;BUR4;BUR4;TANJA;0206;;;N;N;N;;;;;FX;GNS;GNS;;;;;9.12;0.00;0.00;6.64;0.00;46.00;0.00;;1975-12-31;4;;;PA;
DEU;DEU300840206;;DES;1996-03-17;1996-03-17;BUR5;BUR5;FALKE;0206;;;N;N;N;;;;;FX;GNS;LLS;;;;;10.37;0.00;0.00;6.43;0.00;76.00;0.00;;1960-12-27;C19;;;PA;
DEU;DEU300850206;;MOD;2020-05-19;2100-12-31;BUR6;BUR6;TUEMMLER;0206;;DNRK;Y;Y;N;N;;Y;211516210;TTW;OTB;PTB;;;;;14.80;0.00;22.00;0.00;0.00;176.00;0.00;1;1983-11-01;MFL;;;;1983-01-01
DEU;DEU300860206;;RET;2011-12-31;2011-12-31;BUR7;BUR7;COLUMBUS;0206;;DKNP;Y;N;N;;;;;FX;OTB;GNS;;;;;13.92;13.04;15.00;19.27;0.00;190.00;0.00;1;1964-08-01;MFL;;;PA;1964-01-01
DEU;DEU300870206;;MOD;2011-01-01;2100-12-31;BUR7B;BUR7B;---;0206;;;N;Y;N;;;;;FX;GNS;FPO;;;;;5.15;0.00;1.00;1.87;0.00;0.00;0.00;1;1963-04-25;MFL;;;;1963-01-01
DEU;DEU300880206;;RET;2012-01-17;2012-01-17;WIE54N;WIE54N;---;0608;;;N;N;N;;;;;FX;GNS;LLS;;;;;11.25;0.00;9.00;0.00;0.00;74.00;0.00;1;1982-11-05;MFL;;;PA;1982-01-01
DEU;DEU300890206;;RET;1995-01-09;1995-01-09;BUR8A;BUR8A;---;0206;;;N;N;N;;;;;FX;GNS;NO;;;;;4.45;0.00;0.00;1.40;0.00;4.00;0.00;;1983-08-10;C19;;;PA;
DEU;DEU300900206;;MOD;2011-01-01;2100-12-31;BUR9;BUR9;ANNA;0206;;DKSN;Y;Y;N;;;;;FX;FPO;GNS;;;;;9.24;8.22;4.00;4.00;0.00;50.00;0.00;3;1984-06-01;MFL;;;;1984-01-01
DEU;DEU300910206;;CHA;2011-01-18;2100-12-31;HEIL10;HEIL10;CALYPSO;0207;;DH5221;Y;Y;N;;;;;FX;GNS;LLS;;;;;9.66;9.35;6.00;0.00;0.00;88.00;0.00;3;1980-08-04;MFL;;;PA;1980-01-01
DEU;DEU300920206;;RET;2017-10-09;2017-10-09;BUR11;BUR11;MARIANNE;0206;;DKBO;Y;N;N;Y;;Y;;TTW;OTB;PTB;;;;;14.78;0.00;29.00;0.00;0.00;221.00;0.00;1;1968-12-10;MFL;;;AC;1968-01-01
DEU;DEU300930206;;MOD;2018-01-01;2100-12-31;BUR11;BUR11;BIBER;0206;;;N;Y;N;N;;N;;GO;GNS;FPO;;;;;8.38;0.00;4.00;0.00;0.00;57.00;0.00;3;1974-07-23;MFL;;;;1974-01-01
DEU;DEU300940206;;DES;1992-12-15;1992-12-15;BUR12;BUR12;IRMGARD;0206;;DJBE;Y;N;N;;;;;FX;OTB;NK;;;;;15.30;0.00;0.00;24.40;0.00;134.00;0.00;;1946-12-31;G16;;;PA;
DEU;DEU300950206;;RET;1991-07-29;1991-07-29;BUR14;BUR14;NORDLICHT;0206;;DKEL;Y;N;N;;;;;FX;OTB;PTB;;;;;16.46;0.00;0.00;33.76;0.00;197.00;0.00;;1951-07-25;4;;;PA;
DEU;DEU300960206;;RET;1992-06-03;1992-06-03;BUR15;BUR15;ANJA;0206;;DJZG;Y;N;N;;;;;FX;OTB;PTB;;;;;15.00;0.00;0.00;22.71;0.00;109.00;0.00;;1972-11-01;4;;;PA;
DEU;DEU300970206;;RET;2018-02-20;2018-02-20;BUR17;BUR17;NIOBE;0206;;DJRX;Y;N;Y;Y;;Y;;TTW;OTB;PTB;;;;;17.76;0.00;41.00;0.00;0.00;220.00;0.00;1;1950-12-31;MFL;;;PA;1950-01-01
DEU;DEU300980206;;RET;2016-03-15;2016-03-15;BUR22;BUR22;OLLY;0206;;;N;N;N;;;;;FX;GNS;FPO;;;;;5.70;0.00;1.00;0.00;0.00;18.00;0.00;1;1986-04-23;MFL;;;PA;1986-01-01
DEU;DEU300990206;;MOD;2016-11-03;2100-12-31;BUR18;BUR18;SAGER;0206;;;N;Y;N;;;;;FX;GNS;FPO;;;;;7.30;0.00;2.00;0.00;0.00;53.00;0.00;3;1985-06-15;MFL;;;;1985-01-01
DEU;DEU301000206;;RET;2019-11-28;2019-11-28;BUR26;BUR26;WILLI;0206;;;N;N;N;N;;N;;GO;GNS;FPO;;;;;8.33;0.00;4.00;0.00;0.00;33.00;0.00;3;1969-07-17;MFL;;;PA;1969-01-01
DEU;DEU301010206;;RET;2011-12-28;2011-12-28;BUR27;BUR27;HEIKO;0206;;;N;N;N;;;;;FX;GNS;FPO;;;;;8.60;0.00;5.00;4.13;0.00;26.00;0.00;1;1963-05-21;MFL;;;PA;1963-01-01
DEU;DEU301020206;;RET;1994-10-18;1994-10-18;BUR27A;BUR27A;---;0206;;;N;N;N;;;;;FX;GNS;NO;;;;;4.65;0.00;0.00;1.53;0.00;0.00;0.00;;1961-05-19;C19;;;PA;
DEU;DEU301030206;;RET;1992-10-05;1992-10-05;BUR29;BUR29;LEBBIN;0206;;;N;N;N;;;;;FX;GNS;NK;;;;;9.43;0.00;0.00;4.17;0.00;18.00;0.00;;1943-12-31;C19;;;PA;
DEU;DEU301040206;;RET;1992-10-05;1992-10-05;BUR29A;BUR29A;---;0206;;;N;N;N;;;;;FX;GNS;NO;;;;;3.70;0.00;0.00;0.97;0.00;0.00;0.00;;1967-10-20;C19;;;PA;
DEU;DEU301050206;;EXP;2002-09-27;2002-09-27;SB1;SB1;PEGASUS;0206;;DJEX;Y;N;N;;;;;FX;OTB;PTB;;;;;16.07;0.00;0.00;35.24;0.00;221.00;0.00;;1968-11-23;4C3;POL;EX;PA;
DEU;DEU301060206;;RET;2002-09-12;2002-09-12;SB2;SB2;SCHWALBE II;0206;;DJRH;Y;N;N;;;;;FX;OTB;OTM;;;;;17.12;0.00;30.00;30.26;0.00;220.00;0.00;;1964-06-25;4C3;;;PA;
DEU;DEU301070206;;DES;2016-03-15;2016-03-15;SB14;SB14;CONDOR;0206;;DKAV;Y;N;Y;;;;;FX;OTB;PTB;;;;;16.11;14.75;35.00;0.00;0.00;206.00;0.00;1;1957-11-09;MFL;;;PA;1943-01-01
DEU;DEU301080206;;MOD;2023-10-27;2100-12-31;TRA1;TRA1;ANDREA;DETRV;Travemünde;DNRI;Y;Y;Y;Y;N;Y;211400000;TTW;OTB;GNS;;;;;15.45;0.00;47.00;0.00;0.00;220.00;0.00;3;1983-10-13;MFL;;;;1983-01-01
DEU;DEU301090206;;RET;2023-01-27;2023-01-27;SB5;SB5;FALKLAND;DEBSK;Burgstaaken;DJYY;Y;N;Y;Y;N;Y;;TTW;OTB;PTB;;;;;18.57;17.10;45.00;0.00;0.00;176.00;0.00;1;1973-10-24;MFL;;;BO;1973-01-01
DEU;DEU301110206;;RET;2011-12-28;2011-12-28;SB7;SB7;LINA;0206;;DKHC;Y;N;Y;;;;;FX;OTB;PTM;;;;;15.54;14.92;26.00;24.03;0.00;220.00;0.00;1;1966-08-23;MFL;;;PA;1936-01-01
DEU;DEU301120206;;RET;2017-11-23;2017-11-23;BUR8;BUR8;---;0206;;;N;N;N;;;;;FX;GNS;LLS;;;;;4.54;0.00;1.00;0.00;0.00;6.00;0.00;1;1991-12-31;MFL;;;PA;1977-01-01
DEU;DEU301130206;;RET;2016-07-20;2016-07-20;SB9;SB9;INGE LORE;0206;;DKGL;Y;N;Y;;;;;FX;OTB;PTB;;;;;16.19;14.95;42.00;0.00;0.00;184.00;0.00;1;1966-07-14;MFL;;;PA;1951-01-01
DEU;DEU301140206;;RET;2025-02-10;2025-02-10;BUR25;BUR25;---;DEBSK;Burgstaaken;;N;N;N;N;N;N;;GO;GNS;FPO;;;;;5.20;0.00;1.00;0.00;0.00;7.00;0.00;3;1987-07-08;MFL;;;PA;1987-01-01
DEU;DEU301150206;;RET;2011-12-31;2011-12-31;SB10;SB10;PERSEUS;0206;;DJZQ;Y;N;Y;;;;;FX;OTB;PTB;;;;;17.73;16.46;38.00;32.28;0.00;165.00;0.00;1;1946-12-31;MFL;;;PA;1946-01-01
DEU;DEU301180206;;RET;2018-02-20;2018-02-20;SB12;SB12;KURFUERST;0206;;DJWH;Y;N;Y;Y;;Y;;TTW;OTB;PTB;;;;;20.09;18.94;75.00;0.00;0.00;220.00;0.00;1;1956-08-20;MFL;;;PA;1956-01-01
DEU;DEU301190206;;DES;1992-12-15;1992-12-15;SB14;SB14;ELKE;0206;;DETR;Y;N;N;;;;;FX;OTB;OTM;;;;;24.61;20.41;89.00;70.07;0.00;221.00;0.00;;1944-12-31;G16;;;PA;
DEU;DEU301200206;;RET;2011-12-27;2011-12-27;MAA1;MAA1;HEIMATLAND;0210;;DJRZ;Y;N;Y;;;;;FX;OTB;PTB;;;;;18.31;17.02;52.00;34.74;0.00;220.00;0.00;1;1964-09-26;MFL;;;PA;1950-01-01
DEU;DEU301210236;;MOD;2011-01-01;2100-12-31;WUL1;WUL1;JENNIFER;0236;;;N;Y;N;;;;;FX;GNS;LLS;;;;;9.25;0.00;5.00;7.00;0.00;47.00;0.00;3;1977-10-01;MFL;;;;1977-01-01
DEU;DEU301230216;;RET;2002-09-09;2002-09-09;GRO4;GRO4;NORDSTERN;0216;;;N;N;N;;;;;FX;GNS;NO;;;;;8.85;0.00;5.00;5.67;0.00;44.00;0.00;;1958-07-12;4C1;;;PA;
DEU;DEU301240216;;RET;1994-01-17;1994-01-17;WEN1;WEN1;JOHANNES;0240;;;N;N;N;;;;;FX;GNS;LLS;;;;;8.38;0.00;0.00;6.36;0.00;44.00;0.00;;1980-04-14;C19;;;PA;
DEU;DEU301250214;;RET;2017-11-28;2017-11-28;KAP10;KAP10;SEEBÃR;0209;;DLYZ;Y;N;N;;;;;FX;OTB;GNS;;;;;9.46;9.00;5.00;0.00;0.00;70.00;0.00;3;1989-02-01;MFL;;;PA;1985-01-01
DEU;DEU301280214;;RET;2009-02-18;2009-02-18;GROE6;GROE6;HEIN GODENWIND;0214;;;N;N;N;;;;;FX;GNS;FPO;;;;;6.60;0.00;1.00;3.08;0.00;18.00;0.00;1;1991-12-31;MFL;;;PA;1956-01-01
DEU;DEU301290214;;RET;1992-08-17;1992-08-17;GROE8;GROE8;ERIKA;0214;;;N;N;N;;;;;FX;GNS;NO;;;;;7.82;0.00;0.00;2.40;0.00;26.00;0.00;;1980-04-01;C19;;;PA;
DEU;DEU301300214;;RET;1994-04-13;1994-04-13;GROE17;GROE17;ANNE-DORIS;0214;;;N;N;N;;;;;FX;GNS;NO;;;;;9.09;0.00;4.00;4.00;0.00;66.00;0.00;;1984-12-01;C19;;;PA;
DEU;DEU301310205;;MOD;2011-01-01;2100-12-31;SK7;SK7;SONJA;0220;;DNRR;Y;Y;N;;;;;FX;GNS;OTB;;;;;10.08;0.00;15.00;15.00;0.00;88.00;0.00;3;1983-11-28;MFL;;;;1983-01-01
DEU;DEU301320205;;MOD;2003-01-01;2100-12-31;NEU1;NEU1;---;0205;;;N;Y;N;;;;;FX;GNS;FPO;;;;;4.80;0.00;1.00;1.63;0.00;3.00;0.00;3;1981-10-01;MFL;;;;1979-01-01
DEU;DEU301330205;;RET;1990-12-31;1990-12-31;NEU2;NEU2;NEPTUN;0205;;;N;N;N;;;;;FX;GNS;NO;;;;;8.50;0.00;0.00;3.90;0.00;22.00;0.00;;1969-05-20;4;;;PA;
DEU;DEU301340205;;RET;1995-02-07;1995-02-07;NEU3;NEU3;---;0205;;;N;N;N;;;;;FX;GNS;NO;;;;;5.00;0.00;0.00;1.77;0.00;0.00;0.00;;1967-01-09;C19;;;PA;
DEU;DEU301350205;;RET;1994-04-20;1994-04-20;NEU7A;NEU7A;---;0205;;;N;N;N;;;;;FX;GNS;NO;;;;;4.25;0.00;0.00;1.23;0.00;3.00;0.00;;1991-12-31;C19;;;PA;
DEU;DEU301360205;;RET;1995-02-07;1995-02-07;NEU11;NEU11;---;0205;;;N;N;N;;;;;FX;GNS;NO;;;;;4.85;0.00;0.00;1.66;0.00;3.00;0.00;;1966-07-01;C19;;;PA;
DEU;DEU301370205;;RET;1994-12-22;1994-12-22;NEU14;NEU14;---;0205;;;N;N;N;;;;;FX;GNS;NO;;;;;5.00;0.00;0.00;1.77;0.00;5.00;0.00;;1966-07-01;C19;;;PA;
DEU;DEU301380205;;RET;1994-12-20;1994-12-20;NEU18A;NEU18A;---;0205;;;N;N;N;;;;;FX;GNS;NO;;;;;4.90;0.00;0.00;1.70;0.00;2.00;0.00;;1967-06-01;C19;;;PA;
DEU;DEU301400205;;RET;1994-12-21;1994-12-21;NEU25;NEU25;---;0205;;;N;N;N;;;;;FX;GNS;NO;;;;;3.80;0.00;0.00;1.02;0.00;0.00;0.00;;1967-06-01;C19;;;PA;
DEU;DEU301410205;;DES;1992-06-03;1992-06-03;BUES8;BUES8;THEDJE;0101;;DKLC;Y;N;N;;;;;FX;TBB;NO;;;;;16.80;0.00;0.00;27.43;0.00;110.00;0.00;;1949-12-31;4;;;PA;
DEU;DEU301430205;;MOD;2012-11-02;2100-12-31;LAB2;LAB2;ANNE;0220;;;N;Y;N;;;;;FX;GNS;FPO;;;;;4.80;0.00;1.00;1.63;0.00;6.00;0.00;3;1986-04-01;MFL;;;;1986-01-01
DEU;DEU301460205;;DES;1991-10-31;1991-10-31;NEU43;NEU43;HERMANN;0205;;DRHO;Y;N;N;;;;;FX;OTB;GNS;;;;;14.90;0.00;0.00;25.41;0.00;132.00;0.00;;1943-12-31;4;;;PA;
DEU;DEU301470205;;RET;2007-01-26;2007-01-26;NEU43;NEU43;---;0205;;;N;N;N;;;;;FX;GNS;FPO;;;;;4.80;0.00;1.00;0.00;0.00;3.00;0.00;3;1981-10-01;MFL;;;PA;1979-01-01
DEU;DEU301480228;;MOD;2024-03-05;2100-12-31;NIE4;NIE4;NEPTUN;DE64Z;Niendorf Ostsee;DB3325;Y;Y;N;N;Y;N;;GO;GNS;FPO;;;;;7.76;7.18;3.00;0.00;0.00;34.00;0.00;3;1977-12-15;MFL;;;;1977-01-01
DEU;DEU301490228;;RET;2000-10-25;2000-10-25;SIE1A;SIE1A;---;0228;;;N;N;N;;;;;FX;GNS;NO;;;;;5.10;0.00;1.00;1.84;0.00;6.00;0.00;;1991-12-31;4C1;;;PA;
DEU;DEU301500228;;RET;1993-01-22;1993-01-22;SIE2;SIE2;---;0228;;;N;N;N;;;;;FX;GNS;NK;;;;;4.80;0.00;0.00;1.63;0.00;7.00;0.00;;1991-12-31;C19;;;PA;
DEU;DEU301510228;;MOD;2011-01-01;2100-12-31;ECKE10;ECKE10;LORBAS;0208;;;N;Y;N;;;;;FX;GNS;FPO;;;;;8.41;7.45;5.00;6.65;0.00;57.00;0.00;3;1985-12-12;MFL;;;;1985-01-01
DEU;DEU301530211;;DES;1992-03-01;1992-03-01;HAF1;HAF1;HANNCHEN;0211;;DGLW;Y;N;N;;;;;FX;GNS;NO;;;;;14.90;0.00;0.00;21.45;0.00;88.00;0.00;;1936-12-31;C19;;;PA;
DEU;DEU301540211;;RET;2006-03-28;2006-03-28;HAF1B;HAF1B;ANNA;0211;;;N;N;N;;;;;FX;GNS;NO;;;;;4.80;0.00;1.00;1.63;0.00;4.00;0.00;3;1991-12-31;MFL;;;PA;1981-01-01
DEU;DEU301550211;;MOD;2009-03-11;2100-12-31;HEIL9;HEIL9;DELPHIN;0207;;DLRS;Y;Y;N;;;;;FX;GNS;LLS;;;;;9.97;9.00;11.00;11.49;0.00;59.00;0.00;3;1980-12-15;MFL;;;;1980-01-01
DEU;DEU301570211;;DES;1992-09-30;1992-09-30;HAF11;HAF11;SEEADLER;0211;;DKJZ;Y;N;N;;;;;FX;GNS;NK;;;;;17.00;0.00;0.00;26.29;0.00;132.00;0.00;;1947-01-01;C19;;;PA;
DEU;DEU301580211;;MOD;2015-11-27;2100-12-31;ECKE5;ECKE5;---;DEECK;Eckernförde;;N;Y;N;N;;N;;GO;GNS;FPO;;;;;7.00;0.00;2.00;0.00;0.00;26.00;0.00;3;1975-11-10;MFL;;;;1975-01-01
DEU;DEU301590215;;RET;2022-02-04;2022-02-04;NIE5;NIE5;ANNE-MARIA;DE64Z;Niendorf Ostsee;DLEW;Y;N;N;N;;N;;GO;GNS;OTB;;;;;9.18;0.00;8.00;0.00;0.00;48.00;0.00;1;1984-12-31;MFL;;;PA;1984-01-01
DEU;DEU301600215;;RET;2009-11-13;2009-11-13;TIM1A;TIM1A;---;0215;;;N;N;N;;;;;FX;GNS;NO;;;;;6.40;0.00;2.00;2.89;0.00;5.00;0.00;3;1970-12-08;MFL;;;PA;1970-01-01
DEU;DEU301610215;;RET;1991-01-23;1991-01-23;TIM2;TIM2;SEELOEWE;0215;;;N;N;N;;;;;FX;OTB;NO;;;;;23.96;0.00;0.00;33.80;0.00;151.00;0.00;;1945-01-01;4;;;PA;
DEU;DEU301620215;;RET;1997-09-19;1997-09-19;TIM2A;TIM2A;NELLI;0215;;;N;N;N;;;;;FX;GNS;NO;;;;;4.50;0.00;1.00;1.43;0.00;3.00;0.00;;1982-09-10;4C1;;;PA;
DEU;DEU301630215;;RET;1997-09-19;1997-09-19;TIM2B;TIM2B;---;0215;;;N;N;N;;;;;FX;GNS;NO;;;;;4.80;0.00;1.00;1.63;0.00;4.00;0.00;;1986-01-17;4C1;;;PA;
DEU;DEU301640215;;DES;1992-08-31;1992-08-31;TIM3;TIM3;STURMVOGEL;0215;;;N;N;N;;;;;FX;GNS;NO;;;;;16.00;0.00;0.00;22.13;0.00;132.00;0.00;;1946-01-01;C19;;;PA;
DEU;DEU301650215;;CHA;2019-01-01;2100-12-31;NEU48;NEU48;Kerstin S;0637;;DJ7579;Y;Y;N;N;;N;;WOP;FPO;GNS;;;;;9.19;8.86;5.00;0.00;0.00;78.00;0.00;3;1981-08-01;MFL;;;PA;1981-01-01
DEU;DEU301660215;;RET;2003-11-26;2003-11-26;TIM6A;TIM6A;---;0204;;;N;N;N;;;;;FX;GNS;FPO;;;;;5.45;0.00;1.00;2.10;0.00;15.00;0.00;3;1986-05-30;MFL;;;PA;1985-01-01
DEU;DEU301670215;;MOD;2024-07-01;2100-12-31;BAR20;BAR20;BLONDI;DEBBH;Barth;;N;Y;N;N;N;N;;GO;GNS;FPO;;;;;7.00;0.00;2.00;0.00;0.00;40.00;0.00;3;1973-10-22;MFL;;;;1973-01-01
DEU;DEU301680215;;MOD;2023-11-10;2100-12-31;MAA53;MAA53;FALKE;DEMAO;Maasholm;DNPF;Y;Y;N;N;Y;N;;GO;GNS;LLS;;;;;11.03;0.00;12.00;0.00;0.00;74.00;0.00;3;1981-05-01;MFL;;;;1981-01-01
DEU;DEU301690215;;RET;1993-03-01;1993-03-01;TIM19;TIM19;ROBBE 1;0215;;;N;N;N;;;;;FX;GNS;LLS;;;;;9.24;0.00;0.00;4.65;0.00;70.00;0.00;;1978-12-08;C19;;;PA;
DEU;DEU301700204;;MOD;2016-12-10;2100-12-31;VIT8;VIT8;PFADFINDER;0617;;DKWH;Y;Y;N;;;;;FX;OTB;GNS;;;;;11.15;10.04;12.00;0.00;0.00;88.00;0.00;3;1986-04-16;MFL;;;;1986-01-01
DEU;DEU301710204;;CHA;2010-02-23;2100-12-31;NIE2;NIE2;WOTAN;0204;;;N;Y;N;;;;;FX;GNS;FPO;;;;;6.10;0.00;1.00;0.00;0.00;14.00;0.00;3;1979-05-01;MFL;;;PA;1978-01-01
DEU;DEU301730204;;RET;2004-04-14;2004-04-14;NIE4;NIE4;KJELL;0204;;;N;N;N;;;;;FX;GNS;NO;;;;;6.20;0.00;2.00;2.72;0.00;12.00;0.00;1;1983-07-01;MFL;;;PA;1983-01-01
DEU;DEU301740204;;MOD;2011-01-01;2100-12-31;NIE6;NIE6;ROSSITTEN;0204;;;N;Y;N;;;;;FX;GNS;FPO;;;;;7.20;0.00;2.00;0.00;0.00;40.00;0.00;3;1975-09-01;MFL;;;;1975-01-01
DEU;DEU301750204;;MOD;2022-09-09;2100-12-31;SM3;SM3;POLLUX;DEKAP;Kappeln;DKVJ;Y;Y;N;N;;Y;211502210;TTW;OTB;LLS;GTR;GNS;FPO;OTM;11.07;9.97;15.00;0.00;0.00;146.00;0.00;2;1985-07-26;MFL;;;;1985-01-01
DEU;DEU301760204;;DES;2022-10-05;2022-10-05;LAU16;LAU16;HAUKE;DELAK;"Lauterbach"", Rügen";;N;N;N;N;;N;;GO;GNS;FPO;;;;;9.95;0.00;11.00;0.00;0.00;76.00;0.00;3;1981-12-12;MFL;;;AC;1981-01-01
DEU;DEU301770204;;RET;2024-10-07;2024-10-07;RED20N;RED20N;BUTT;DEWIS;Wismar;;N;N;N;N;N;N;;GO;GNS;LLS;;;;;6.40;0.00;2.00;0.00;0.00;10.00;0.00;3;1977-03-21;MFL;;;PA;1977-01-01
DEU;DEU301790204;;MOD;2022-09-09;2100-12-31;NIE21;NIE21;FREEDOM;DE64Z;Niendorf Ostsee;DNRF;Y;Y;N;N;;N;;TSW;OTB;GNS;;;;;11.99;0.00;16.00;0.00;0.00;143.00;0.00;3;1983-12-20;MFL;;;;1983-01-01
DEU;DEU301800204;;RET;1994-12-22;1994-12-22;NIE26;NIE26;---;0204;;;N;N;N;;;;;FX;GNS;NO;;;;;5.00;0.00;0.00;1.77;0.00;0.00;0.00;;1991-12-31;C19;;;PA;
DEU;DEU301810204;;MOD;2011-01-01;2100-12-31;BUR20;BUR20;JULIA;0206;;DD7265;Y;Y;N;;;;;FX;GNS;LLS;;;;;11.00;10.04;13.00;13.00;0.00;71.00;0.00;3;1983-07-01;MFL;;;;1983-01-01
DEU;DEU301820204;;RET;2018-02-13;2018-02-13;NIE36;NIE36;Hannes;0204;;;N;N;N;N;;N;;GO;GNS;FPO;;;;;7.00;0.00;2.00;0.00;0.00;15.00;0.00;1;1960-10-17;MFL;;;PA;1954-01-01
DEU;DEU301830204;;RET;2017-10-04;2017-10-04;SB8;SB8;JANINE;0206;;DLFC;Y;N;Y;Y;;Y;;TTW;OTB;PTB;;;;;16.45;14.98;37.00;0.00;0.00;220.00;0.00;1;1975-10-10;MFL;;;AC;1975-01-01
DEU;DEU301840204;;RET;1993-12-15;1993-12-15;SO2;SO2;BENTE SICK;0204;;DJMR;Y;N;N;;;;;FX;OTB;NO;;;;;15.95;0.00;0.00;36.60;0.00;132.00;0.00;;1950-12-31;G16;;;PA;
DEU;DEU301850204;;MOD;2024-12-19;2100-12-31;MAA39;MAA39;MANUELA HAUSWALD;DEMAO;Maasholm;DKWC;Y;Y;Y;Y;N;Y;211259270;TSW;OTB;GNS;PTB;PTM;LLS;;14.97;13.95;33.00;0.00;0.00;221.00;0.00;1;1986-05-04;MFL;;;PA;1986-01-01
DEU;DEU301860211;;RET;1992-05-01;1992-05-01;SO5;SO5;BETTINA;0211;;DKND;Y;N;N;;;;;FX;OTB;PTB;;;;;26.01;0.00;0.00;105.82;0.00;221.00;0.00;;1971-02-06;G20;;;PA;
DEU;DEU301880204;;RET;2017-10-13;2017-10-13;SO7;SO7;CHARLOTTE;0204;;DKDX;Y;N;Y;Y;;Y;;TTW;OTB;PTB;;;;;17.97;16.66;38.00;0.00;0.00;221.00;0.00;1;1951-01-01;MFL;;;AC;1950-01-01
DEU;DEU301890203;;MOD;2016-05-25;2100-12-31;TRA2;TRA2;FREDI;0203;;DNRS;Y;Y;N;;;;;FX;GNS;LLS;;;;;9.23;8.87;5.00;0.00;0.00;47.00;0.00;3;1978-12-01;MFL;;;PA;1978-01-01
DEU;DEU301900203;;RET;2004-08-31;2004-08-31;TRA2A;TRA2A;---;0203;;;N;N;N;;;;;FX;GNS;GNS;;;;;5.50;0.00;1.00;2.14;0.00;4.00;0.00;1;1981-07-10;MFL;;;PA;1981-01-01
DEU;DEU301910203;;RET;1996-01-10;1996-01-10;TRA3;TRA3;CHRISTINE;0203;;;N;N;N;;;;;FX;GNS;LLS;;;;;7.40;0.00;0.00;3.87;0.00;21.00;0.00;;1984-06-18;C19;;;PA;
DEU;DEU301920203;;RET;1992-02-01;1992-02-01;TRA4;TRA4;ELFI;0203;;;N;N;N;;;;;FX;GNS;LLS;;;;;6.00;0.00;0.00;2.54;0.00;7.00;0.00;;1991-12-31;C19;;;PA;
DEU;DEU301930203;;MOD;2017-10-06;2100-12-31;TRA5;TRA5;STEPENITZ;0203;;;N;Y;N;;;;;FX;GNS;FPO;;;;;9.15;0.00;5.00;0.00;0.00;45.00;0.00;3;1978-02-01;MFL;;;;1977-01-01
DEU;DEU301960203;;MOD;2011-01-01;2100-12-31;TRA9;TRA9;CHRISTOPH;0203;;DNQX;Y;Y;N;;;;;FX;GNS;NK;;;;;10.98;10.08;11.00;11.00;0.00;124.00;0.00;3;1982-12-01;MFL;;;;1982-01-01
DEU;DEU301970203;;RET;2015-04-15;2015-04-15;TRA10;TRA10;ZANDER;0203;;;N;N;N;;;;;FX;GNS;LLS;;;;;7.83;0.00;2.00;0.00;0.00;36.00;0.00;3;1981-11-20;MFL;;;PA;1981-01-01
DEU;DEU301990203;;MOD;2019-01-18;2100-12-31;TRA11;TRA11;JAN;0203;;;N;Y;N;N;;N;;GO;GNS;FPO;;;;;7.10;0.00;2.00;0.00;0.00;16.00;0.00;3;1978-10-06;MFL;;;PA;1978-01-01
DEU;DEU302010203;;RET;2024-09-26;2024-09-26;TRA15;TRA15;HEIKE;DETRV;Travemünde;;N;N;N;N;N;N;;GO;GNS;FPO;;;;;7.85;0.00;3.00;0.00;0.00;16.00;0.00;3;1978-10-06;MFL;;;PA;1978-01-01
DEU;DEU302020203;;MOD;2013-03-21;2100-12-31;BUR15;BUR15;CHRISTIANE;0206;;DKSO;Y;Y;N;;;;;FX;GNS;LLS;;;;;9.17;8.80;5.00;6.69;0.00;86.00;0.00;3;1981-07-06;MFL;;;;1981-01-01
DEU;DEU302030203;;RET;2001-08-20;2001-08-20;TRA9A;TRA9A;---;0203;;;N;N;N;;;;;FX;GNS;FPO;;;;;5.60;0.00;1.00;2.22;0.00;12.00;0.00;;1968-04-26;4C1;;;PA;
DEU;DEU302040203;;RET;1994-12-22;1994-12-22;SL1;SL1;CAROLINE;0203;;DGGW;Y;N;N;;;;;FX;OTB;PTB;;;;;29.78;27.86;0.00;135.72;0.00;440.00;0.00;;1966-12-31;G17;;;AC;
DEU;DEU302060202;;RET;2006-10-13;2006-10-13;ST10;ST10;JULE;DETOE;Tönning;DJGW;Y;N;Y;;;;;TUB;TBB;OTB;;;;;16.75;15.39;30.00;27.56;0.00;132.00;0.00;1;1967-04-01;MFL;;;PA;1967-01-01
DEU;DEU302070202;;RET;1992-05-01;1992-05-01;SCHLU2B;SCHLU2B;BOCKWARDER;0202;;;N;N;N;;;;;FX;GNS;GNS;;;;;7.00;0.00;0.00;3.46;0.00;26.00;0.00;;1980-06-13;C19;;;PA;
DEU;DEU302080202;;RET;1992-05-01;1992-05-01;SCHLU2C;SCHLU2C;ANTARES;0202;;;N;N;N;;;;;FX;GNS;NO;;;;;7.25;0.00;0.00;3.71;0.00;43.00;0.00;;1986-06-01;C19;;;PA;
DEU;DEU302090202;;RET;2009-01-22;2009-01-22;SCHLU3;SCHLU3;JAN;0202;;;N;N;N;;;;;FX;GNS;LLS;;;;;7.70;0.00;2.00;6.50;0.00;15.00;0.00;3;1970-06-14;MFL;;;PA;1970-01-01
DEU;DEU302100202;;MOD;2020-12-15;2100-12-31;SCHLU5;SCHLU5;---;0202;;;N;Y;N;N;;N;;GO;GNS;FPO;;;;;7.25;0.00;2.00;0.00;0.00;17.00;0.00;3;1984-10-26;MFL;;;;1984-01-01
DEU;DEU302110202;;MOD;2020-12-15;2100-12-31;SCHLU7;SCHLU7;GREIF;0202;;;N;Y;N;N;;N;;GO;GNS;FPO;;;;;7.25;0.00;2.00;0.00;0.00;17.00;0.00;3;1984-11-16;MFL;;;;1984-01-01
DEU;DEU302120202;;EXP;2002-10-15;2002-10-15;SCHLU8;SCHLU8;GERTRUD-MARTA;0202;;DKCW;Y;N;N;;;;;FX;OTB;PTB;;;;;17.87;0.00;36.00;33.85;0.00;202.00;0.00;;1963-09-01;4C3;POL;EX;PA;
DEU;DEU302130202;;RET;2022-04-21;2022-04-21;SCHLU2A;SCHLU2A;---;DELSP;Lübeck-Schlutup;;N;N;N;N;;N;;GO;GNS;FPO;;;;;7.96;0.00;1.00;0.00;0.00;5.00;0.00;1;1965-01-01;MFL;;;PA;1965-01-01
DEU;DEU302140202;;RET;1994-12-22;1994-12-22;SCHLU8B;SCHLU8B;---;0202;;;N;N;N;;;;;FX;GNS;NO;;;;;8.00;0.00;0.00;4.52;0.00;12.00;0.00;;1991-12-31;C19;;;PA;
DEU;DEU302150202;;RET;1996-01-11;1996-01-11;SCHLU10;SCHLU10;MEIKE;0202;;;N;N;N;;;;;FX;GNS;GNS;;;;;8.60;0.00;0.00;5.23;0.00;18.00;0.00;;1943-12-31;C19;;;AC;
DEU;DEU302160202;;RET;1996-01-10;1996-01-10;SCHLU10A;SCHLU10A;---;0202;;;N;N;N;;;;;FX;GNS;NO;;;;;6.00;0.00;0.00;2.54;0.00;7.00;0.00;;1991-12-31;C19;;;PA;
DEU;DEU302180218;;RET;2023-01-27;2023-01-27;GOT1;GOT1;PIONIER;DEGTM;Lübeck-Gothmund;;N;N;N;N;N;N;;GO;GNS;OTB;;;;;12.11;0.00;15.00;0.00;0.00;68.00;0.00;1;1919-12-31;MFL;;;BO;1919-01-01
DEU;DEU302190218;;MOD;2013-01-01;2100-12-31;GOT1A;GOT1A;KORMORAN;0218;;;N;Y;N;;;;;FX;GNS;GNS;;;;;8.37;0.00;4.00;5.00;0.00;51.00;0.00;3;1983-10-01;MFL;;;;1983-01-01
DEU;DEU302200218;;MOD;2020-12-07;2100-12-31;GOT1B;GOT1B;EVA JOLINA;0218;;DA5813;Y;Y;N;N;;N;;WOP;FPO;GNS;;;;;6.10;0.00;1.00;0.00;0.00;32.00;0.00;3;1978-01-02;MFL;;;;1976-01-01
DEU;DEU302210218;;RET;2022-06-17;2022-06-17;GOT2;GOT2;INGRID;DEGTM;Lübeck-Gothmund;;N;N;N;N;;N;;GO;GNS;FPO;;;;;8.35;0.00;3.00;0.00;0.00;24.00;0.00;3;1985-06-28;MFL;;;PA;1983-01-01
DEU;DEU302220218;;RET;2008-01-24;2008-01-24;GOT4;GOT4;---;0218;;;N;N;N;;;;;FX;GNS;FPO;;;;;6.40;0.00;2.00;0.00;0.00;12.00;0.00;3;1975-06-03;MFL;;;PA;1975-01-01
DEU;DEU302230218;;RET;2007-02-26;2007-02-26;GOT4A;GOT4A;---;0218;;;N;N;N;;;;;FX;GNS;FPO;;;;;5.15;0.00;1.00;0.00;0.00;6.00;0.00;1;1991-12-31;MFL;;;PA;1958-01-01
DEU;DEU302240218;;RET;1998-01-08;1998-01-08;GOT5;GOT5;MOBY DICK;0218;;;N;N;N;;;;;FX;GNS;NO;;;;;6.00;0.00;1.00;2.54;0.00;7.00;0.00;;1991-12-31;4C1;;;PA;
DEU;DEU302250218;;RET;2011-12-28;2011-12-28;NIE7;NIE7;NORDLICHT I;0204;;DJHN;Y;N;Y;;;;;FX;OTB;PTB;;;;;16.05;14.18;30.00;28.86;0.00;147.00;0.00;1;1968-04-01;MFL;;;PA;1968-01-01
DEU;DEU302260218;;CHA;2007-08-31;2100-12-31;GOT8A;GOT8A;ANTJE;0218;;;N;Y;N;;;;;FX;GNS;GNS;;;;;7.25;0.00;2.00;3.71;0.00;24.00;0.00;3;1983-07-01;MFL;;;PA;1983-01-01
DEU;DEU302270218;;RET;2006-12-20;2006-12-20;GOT9;GOT9;PEGASUS;0218;;;N;N;N;;;;;FX;GNS;NO;;;;;6.80;0.00;1.00;0.00;0.00;26.00;0.00;1;1977-07-22;MFL;;;PA;1977-01-01
DEU;DEU302280218;;MOD;2022-01-07;2100-12-31;TRA64;TRA64;HANSEAT;DETRV;Travemünde;DKOT;Y;Y;Y;Y;;Y;211467840;TTW;OTB;PTB;;;;;19.20;17.55;64.00;0.00;0.00;221.00;0.00;1;1966-07-01;MFL;;;;1966-01-01
DEU;DEU302290218;;MOD;2022-01-07;2100-12-31;GOT10A;GOT10A;RASMUSS;DEGTM;Lübeck-Gothmund;;N;Y;N;N;;N;;GO;GNS;FPO;;;;;7.00;0.00;2.00;0.00;0.00;34.00;0.00;3;1985-08-01;MFL;;;;1985-01-01
DEU;DEU302300218;;MOD;2022-01-07;2100-12-31;GOT10B;GOT10B;REETPIEPER;DEGTM;Lübeck-Gothmund;;N;Y;N;N;;N;;GO;GNS;FPO;;;;;7.00;0.00;2.00;0.00;0.00;37.00;0.00;3;1980-05-01;MFL;;;;1980-01-01
DEU;DEU302310218;;RET;1992-08-17;1992-08-17;GOT10C;GOT10C;---;0218;;;N;N;N;;;;;FX;GNS;NO;;;;;8.00;0.00;0.00;4.52;0.00;7.00;0.00;;1922-12-31;C19;;;PA;
DEU;DEU302320218;;MOD;2013-03-21;2100-12-31;GOT11;GOT11;NEPTUN;0218;;DKST;Y;Y;N;;;;;FX;GNS;PTB;;;;;9.75;0.00;12.00;12.00;0.00;110.00;0.00;3;1984-07-13;MFL;;;;1984-01-01
DEU;DEU302330218;;MOD;2011-01-01;2100-12-31;GOT11A;GOT11A;MOEWE;0218;;;N;Y;N;;;;;FX;GNS;GNS;;;;;7.25;0.00;2.00;3.71;0.00;24.00;0.00;3;1983-07-01;MFL;;;;1983-01-01
DEU;DEU302340218;;RET;2015-05-12;2015-05-12;GOT11B;GOT11B;---;0218;;;N;N;N;;;;;FX;FPO;GNS;;;;;5.30;0.00;1.00;1.99;0.00;7.00;0.00;1;1964-12-31;MFL;;;PA;1964-01-01
DEU;DEU302350218;;RET;1994-12-22;1994-12-22;GOT12;GOT12;---;0218;;;N;N;N;;;;;FX;GNS;NO;;;;;8.00;0.00;0.00;4.52;0.00;4.00;0.00;;1991-12-31;C19;;;PA;
DEU;DEU302360215;;RET;2016-11-01;2016-11-01;NIE1;NIE1;LÃ¼MMEL;0204;;;N;N;N;;;;;FX;GNS;NK;;;;;5.70;0.00;1.00;0.00;0.00;8.00;0.00;3;1974-12-31;MFL;;;PA;1974-01-01
DEU;DEU302370204;;RET;2011-04-11;2011-04-11;NIE5;NIE5;BRIGITTE;0204;;;N;N;N;;;;;FX;GNS;FPO;;;;;6.20;0.00;2.00;0.00;0.00;17.00;0.00;1;1963-10-23;MFL;;;PA;1963-01-01
DEU;DEU302390206;;RET;1992-12-23;1992-12-23;BUR12A;BUR12A;SANDRA;0206;;;N;N;N;;;;;FX;GNS;NO;;;;;6.07;0.00;0.00;2.60;0.00;7.00;0.00;;1991-12-31;C19;;;PA;
DEU;DEU302400205;;MOD;2024-04-04;2100-12-31;BUR7;BUR7;ANNA-MARIA;DEBSK;Burgstaaken;DK6202;Y;Y;N;N;Y;N;;GO;GNS;LLS;FPO;GTR;;;7.70;0.00;2.00;0.00;0.00;31.00;0.00;3;1989-12-05;MFL;;;;1989-01-01
DEU;DEU302410203;;RET;2022-05-04;2022-05-04;TRA5A;TRA5A;---;DETRV;Travemünde;;N;N;N;N;;N;;GO;GNS;FPO;;;;;5.70;0.00;1.00;0.00;0.00;7.00;0.00;3;1990-03-23;MFL;;;PA;1990-01-01
DEU;DEU302430203;;MOD;2011-01-01;2100-12-31;TRA7;TRA7;DONNA;0203;;;N;Y;N;;;;;FX;GNS;NO;;;;;6.00;0.00;1.00;2.54;0.00;13.00;0.00;3;1986-11-28;MFL;;;;1986-01-01
DEU;DEU302440218;;RET;1998-09-14;1998-09-14;GOT3;GOT3;RUEM HART;0218;;DLZY;Y;N;N;;;;;FX;GNS;NK;;;;;13.46;0.00;17.00;16.18;0.00;121.00;0.00;;1985-10-01;4C2;;;PA;
DEU;DEU302450218;;MOD;2008-12-16;2100-12-31;HAF3A;HAF3A;EDITH;0211;;;N;Y;N;;;;;FX;GNS;FPO;;;;;7.10;0.00;2.00;3.57;0.00;25.00;0.00;3;1990-02-21;MFL;;;;1981-01-01
DEU;DEU302460218;;MOD;2021-12-08;2100-12-31;TAR14;TAR14;JAN UHL;DETAZ;Tarnewitz;;N;Y;N;N;;N;;GO;GNS;FPO;;;;;6.07;0.00;1.00;0.00;0.00;12.00;0.00;3;1991-12-30;MFL;;;;1981-01-01
DEU;DEU302470207;9018593;MOD;2019-08-09;2100-12-31;BRA4;BRA4;DESTINY;DEBKE;Brake;DMHJ;Y;Y;Y;Y;;Y;211824000;TU;TBB;OTB;;;;;28.93;25.78;188.00;0.00;0.00;221.00;0.00;2;1991-06-25;MFL;;;;1990-01-01
DEU;DEU302480207;;MOD;2020-09-11;2100-12-31;FLE9;FLE9;Plattfisch;0213;;;N;Y;N;N;;N;;GO;GNS;FPO;;;;;5.80;0.00;1.00;0.00;0.00;7.00;0.00;3;1983-12-31;MFL;;;;1983-01-01
DEU;DEU302490216;;MOD;2011-09-28;2100-12-31;BUR28;BUR28;NIMMERSATT;0206;;DD3842;Y;Y;N;;;;;FX;GNS;LLS;;;;;11.00;10.30;14.00;16.63;0.00;72.00;0.00;3;1991-07-06;MFL;;;;1991-01-01
DEU;DEU302500211;;RET;2024-08-14;2024-08-14;NEU3;NEU3;LISSY;DENHO;"Neustadt"", Holstein";;N;N;N;N;N;N;;GO;GNS;LLS;;;;;6.90;0.00;1.00;0.00;0.00;22.00;0.00;3;1974-12-31;MFL;;;PA;1974-01-01
DEU;DEU302520207;;EXP;2002-01-11;2002-01-11;NG16;NG16;NANETTE;DEEME;Emden;DMHM;Y;N;N;;;;;TUB;TBB;OTB;;;;;17.98;16.92;0.00;52.88;0.00;221.00;0.00;2;1982-12-31;4C5;DNK;EX;PA;1982-01-01
DEU;DEU302530207;9034183;DES;2022-10-17;2022-10-17;SH1;SH1;BLEIBTREU;DEHHF;Heiligenhafen;DMHR;Y;N;Y;Y;;Y;211271330;TTW;OTB;TBB;;;;;23.96;21.75;167.00;0.00;0.00;220.00;0.00;2;1992-03-05;MFL;;;AC;1991-01-01
DEU;DEU302540207;9034080;EXP;2002-11-10;2002-11-10;SH5;SH5;BARBARA;DEHHF;Heiligenhafen;DMHS;Y;N;N;;;;;TUB;TBB;OTB;;;;;37.52;32.45;353.00;240.46;0.00;1000.00;0.00;2;1992-04-14;4C4;DNK;EX;PA;1992-01-01
DEU;DEU302550218;;RET;2007-08-07;2007-08-07;GOT8B;GOT8B;---;0218;;;N;N;N;;;;;FX;GNS;GNS;;;;;7.00;0.00;2.00;3.46;0.00;4.00;0.00;1;1992-07-01;MFL;;;PA;1992-01-01
DEU;DEU302560218;;MOD;2022-01-07;2100-12-31;GOT10C;GOT10C;---;DEGTM;Lübeck-Gothmund;;N;Y;N;N;;N;;GO;GNS;FPO;;;;;5.00;0.00;1.00;0.00;0.00;7.00;0.00;2;1992-08-17;MFL;;;;1992-01-01
DEU;DEU302570207;;RET;2003-08-22;2003-08-22;HEIL11A;HEIL11A;MARCO;0207;;;N;N;N;;;;;FX;GNS;GNS;;;;;4.00;0.00;1.00;1.00;0.00;7.00;0.00;3;1992-07-07;MFL;;;PA;1992-01-01
DEU;DEU302580203;;EXP;1999-06-01;1999-06-01;NG20;NG20;MARIA;DEEME;Emden;DQWP;Y;N;N;;;;;TUB;TBB;OTB;;;;;32.74;29.38;198.00;174.41;0.00;1103.00;0.00;2;1971-12-31;4C4;IRL;EX;PA;1971-01-01
DEU;DEU302590234;;EXP;1997-05-22;1997-05-22;LIP8B;LIP8B;---;0234;;;N;N;N;;;;;FX;GNS;NO;;;;;4.80;0.00;1.00;1.63;0.00;5.00;0.00;;1993-09-01;4C1;;;PA;
DEU;DEU302600207;;RET;2015-10-27;2015-10-27;HEIL18;HEIL18;LIEBE II;0207;;;N;N;N;;;;;FX;GNS;FPO;;;;;5.50;0.00;1.00;2.14;0.00;6.00;0.00;1;1993-11-04;MFL;;;PA;1993-01-01
DEU;DEU302610207;9107605;DES;2021-11-22;2021-11-22;SH3;SH3;STELLA    POLARIS;DEHHF;Heiligenhafen;DMJZ;Y;N;Y;Y;N;Y;;TU;TBB;OTB;;;;;23.97;0.00;149.00;0.00;0.00;220.00;0.00;2;1995-02-17;MFL;;;AC;1995-01-01
DEU;DEU302620207;9107617;EXP;2017-09-08;2017-09-08;SH9;SH9;GLAUBE;0207;;DMJY;Y;N;Y;;;;;DO;OTB;TBB;;;;;23.98;21.75;167.00;0.00;0.00;221.00;0.00;2;1995-03-27;MFL;IRL;EX;PA;1995-01-01
DEU;DEU302630207;;RET;2012-02-22;2012-02-22;MAA37;MAA37;SAGASBANK;0210;;DMKS;Y;N;N;;;;;FX;GNS;OTB;;;;;10.80;9.42;9.00;9.00;0.00;73.00;0.00;3;1996-04-05;MFL;;;PA;1996-01-01
DEU;DEU302640207;;MOD;2024-11-11;2100-12-31;ECKE11;ECKE11;Möwe;DEECK;Eckernförde;DMKT;Y;Y;N;N;Y;N;211563380;GO;GNS;OTB;;;;;11.46;10.14;11.00;0.00;0.00;160.00;0.00;3;1996-04-15;MFL;;;;1996-01-01
DEU;DEU302640234;;RET;2005-09-21;2005-09-21;LIP8A;LIP8A;NORDLICHT;0234;;;N;N;N;;;;;WO;GNS;FPO;;;;;7.35;6.95;3.00;3.00;0.00;42.00;0.00;3;1997-04-14;MFL;;;PA;1996-01-01
DEU;DEU302650206;;RET;2019-08-19;2019-08-19;BUR13;BUR13;INES;0206;;;N;N;N;N;;N;;GO;GNS;FPO;;;;;5.45;0.00;2.00;0.00;0.00;15.00;0.00;3;1997-07-16;MFL;;;PA;1997-01-01
DEU;DEU302660215;;RET;2006-12-18;2006-12-18;TIM2;TIM2;MELLI;0215;;;N;N;N;;;;;FX;GNS;FPO;;;;;5.74;0.00;2.00;2.00;0.00;4.00;0.00;1;1997-09-12;MFL;;;PA;1997-01-01
DEU;DEU302670207;;RET;2017-06-26;2017-06-26;SK10;SK10;JANE;0219;;DMMO;Y;N;N;;;;;FX;OTB;GNS;;;;;11.29;9.99;13.00;0.00;0.00;162.00;0.00;3;1998-10-12;MFL;;;PA;1998-01-01
DEU;DEU302670239;;RET;2020-10-23;2020-10-23;DAH100;DAH100;CONSTANTIA;0254;;;N;N;N;N;;N;;GO;GNS;FPO;;;;;4.30;0.00;1.00;0.00;0.00;7.00;0.00;3;1996-12-23;MFL;;;PA;1990-01-01
DEU;DEU302680218;;MOD;2017-11-10;2100-12-31;GOT3A;GOT3A;SILKE;DEGTM;Lübeck-Gothmund;;N;Y;N;N;N;N;;GO;GNS;LLS;;;;;5.75;0.00;1.00;0.00;0.00;11.00;0.00;3;1999-05-07;MFL;;;;1998-01-01
DEU;DEU302690218;;MOD;2013-07-19;2100-12-31;GOT1C;GOT1C;RED BULL;0218;;;N;Y;N;;;;;FX;GNS;LLS;;;;;5.17;0.00;1.00;0.00;0.00;7.00;0.00;3;2000-10-06;MFL;;;;1997-01-01
DEU;DEU302700207;;MOD;2022-09-09;2100-12-31;HEIL22;HEIL22;FLÜGGE-SAND;DEHHF;Heiligenhafen;DKMQ;Y;Y;N;N;;Y;211517110;TTW;OTB;GTR;;;;;10.65;9.81;10.00;0.00;0.00;132.00;0.00;3;2002-06-10;MFL;;;;2002-01-01
DEU;DEU302710206;;RET;2017-11-17;2017-11-17;BUR11B;BUR11B;---;0206;;;N;N;N;;;;;FX;GNS;NO;;;;;3.90;0.00;1.00;0.00;0.00;4.00;0.00;3;2003-07-16;MFL;;;PA;1995-01-01
DEU;DEU302720207;;MOD;2023-10-18;2100-12-31;HEIL15;HEIL15;STEPHANIE-SOPHIE;DEHHF;Heiligenhafen;DK5586;Y;Y;N;N;Y;N;211499890;GO;GNS;FPO;;;;;8.10;0.00;3.00;0.00;0.00;31.00;0.00;3;2003-08-06;MFL;;;PA;2003-01-01
DEU;DEU302730207;;RET;2015-05-19;2015-05-19;MAA36;MAA36;---;0210;;;N;N;N;;;;;FX;GNS;FPO;;;;;4.60;0.00;1.00;0.00;0.00;4.00;0.00;3;2004-06-07;MFL;;;PA;1974-01-01
DEU;DEU302740206;;RET;2007-06-07;2007-06-07;BUR20;BUR20;---;0206;;;N;N;N;;;;;FX;GNS;FPO;;;;;5.60;0.00;1.00;0.00;0.00;7.00;0.00;3;2006-09-18;MFL;;;PA;1972-01-01
DEU;DEU304000234;;RET;2004-04-07;2004-04-07;LIP101;LIP101;---;0234;;;N;N;N;;;;;FX;GNS;FPO;;;;;5.00;0.00;1.00;1.76;0.00;7.00;0.00;3;1980-07-31;MFL;;;PA;1974-01-01
DEU;DEU304010234;;RET;2015-05-19;2015-05-19;WEN4;WEN4;OSKAR;0240;;;N;N;N;;;;;FX;GNS;FPO;;;;;4.85;0.00;1.00;0.00;0.00;4.00;0.00;3;1986-02-04;MFL;;;PA;1980-01-01
DEU;DEU304020234;;RET;2014-05-05;2014-05-05;LIP104;LIP104;HEIKE;0234;;;N;N;N;;;;;FX;GNS;FPO;;;;;4.30;0.00;1.00;1.30;0.00;3.00;0.00;3;1986-04-22;MFL;;;PA;1982-01-01
DEU;DEU304030234;;RET;1996-12-19;1996-12-19;LIP105;LIP105;KAETE;0234;;;N;N;N;;;;;FX;GNS;FPO;;;;;5.40;0.00;1.00;2.06;0.00;8.00;0.00;;1985-04-19;C19;;;PA;
DEU;DEU304040234;;RET;2007-01-01;2007-01-01;LIP111;LIP111;MOEWE;0234;;;N;N;N;;;;;FX;GNS;FPO;;;;;4.82;0.00;1.00;0.00;0.00;6.00;0.00;3;1989-11-13;MFL;;;PA;1980-01-01
DEU;DEU304050234;;RET;2013-04-30;2013-04-30;STEI12;STEI12;CHAMPI;0246;;;N;Y;N;;;;;FX;GNS;FPO;;;;;5.35;0.00;1.00;2.02;0.00;6.00;0.00;1;1980-09-08;MFL;;;PA;1980-01-01
DEU;DEU304060234;;RET;2002-12-16;2002-12-16;KAP14;KAP14;PETRA;0234;;;N;N;N;;;;;FX;GNS;FPO;;;;;4.52;0.00;1.00;1.44;0.00;7.00;0.00;;1983-12-27;4C1;;;PA;
DEU;DEU304070233;;RET;2022-06-24;2022-06-24;STRA100;STRA100;BRITTA;DESTD;Strande;;N;N;N;N;;N;;GO;GNS;FPO;;;;;4.80;0.00;1.00;0.00;0.00;4.00;0.00;3;1986-07-02;MFL;;;PA;1986-01-01
DEU;DEU304080233;;RET;2011-07-31;2011-07-31;HOH103;HOH103;TORBEN;0233;;;N;N;N;;;;;FX;GNS;FPO;;;;;5.05;5.00;1.00;1.76;0.00;6.00;0.00;3;1992-01-01;MFL;;;PA;1991-01-01
DEU;DEU304090233;;RET;2001-11-21;2001-11-21;HOH105;HOH105;---;0233;;;N;N;N;;;;;FX;GNS;FPO;;;;;4.60;0.00;1.00;1.49;0.00;3.00;0.00;;1980-07-31;4C1;;;PA;
DEU;DEU304100233;;RET;1997-08-01;1997-08-01;HOH106;HOH106;---;0233;;;N;N;N;;;;;FX;GNS;FPO;;;;;5.40;0.00;1.00;2.06;0.00;3.00;0.00;;1980-07-31;4C1;;;PA;
DEU;DEU304110233;;RET;2010-10-31;2010-10-31;HOH107;HOH107;---;0233;;;N;N;N;;;;;FX;GNS;FPO;;;;;4.20;0.00;1.00;1.24;0.00;6.00;0.00;3;1984-07-31;MFL;;;PA;1984-01-01
DEU;DEU304120233;;RET;2018-06-14;2018-06-14;HOH112;HOH112;BRUMMI;0233;;;N;N;N;N;;N;;GO;GNS;FPO;;;;;4.83;0.00;1.00;0.00;0.00;6.00;0.00;3;1988-02-18;MFL;;;PA;1978-01-01
DEU;DEU304130235;;RET;2007-01-03;2007-01-03;BUR2A;BUR2A;MOEWE;0206;;;N;N;N;;;;;FX;GNS;FPO;;;;;6.20;0.00;2.00;0.00;0.00;12.00;0.00;1;1989-01-16;MFL;;;PA;1964-01-01
DEU;DEU304140236;;RET;2003-03-06;2003-03-06;WUL102;WUL102;---;0236;;;N;N;N;;;;;FX;GNS;FPO;;;;;5.70;0.00;1.00;2.29;0.00;0.00;0.00;1;1981-03-24;MFL;;;PA;1969-01-01
DEU;DEU304150236;;RET;1998-10-21;1998-10-21;WUL2;WUL2;SILKE;0236;;;N;N;N;;;;;FX;GNS;FPO;;;;;6.10;0.00;1.00;2.62;0.00;7.00;0.00;;1992-01-01;4C1;;;PA;
DEU;DEU304160236;;RET;1996-03-20;1996-03-20;WUL2A;WUL2A;---;0236;;;N;N;N;;;;;FX;GNS;FPO;;;;;5.70;0.00;1.00;2.29;0.00;5.00;0.00;;1990-06-28;C19;;;PA;
DEU;DEU304170216;;RET;2019-10-18;2019-10-18;DAN10N;DAN10N;SEEPFERD;0322;;;N;N;N;N;;N;;TU;TBB;GNS;;;;;4.55;0.00;1.00;0.00;0.00;5.00;0.00;3;1980-08-25;MFL;;;PA;1974-01-01
DEU;DEU304180216;;RET;2006-09-05;2006-09-05;GRO3;GRO3;LORBASS;0216;;;N;N;N;;;;;FX;GNS;FPO;;;;;5.80;0.00;1.00;0.00;0.00;7.00;0.00;3;1987-06-29;MFL;;;PA;1987-01-01
DEU;DEU304190216;;MOD;2017-04-21;2100-12-31;GRO6;GRO6;NIMMERSATT;0216;;;N;Y;N;;;;;FX;GNS;FPO;;;;;5.95;0.00;1.00;0.00;0.00;15.00;0.00;3;1986-01-01;MFL;;;PA;1974-01-01
DEU;DEU304200216;;RET;2007-11-19;2007-11-19;KAP17;KAP17;---;0209;;;N;N;N;;;;;FX;GNS;FPO;;;;;5.20;0.00;1.00;1.91;0.00;7.00;0.00;1;1980-07-28;MFL;;;PA;1980-01-01
DEU;DEU304210216;;RET;2015-10-14;2015-10-14;KUEH9;KUEH9;GODE WIND;0642;;;N;N;N;;;;;FX;GNS;FPO;;;;;5.20;0.00;1.00;0.00;0.00;6.00;0.00;3;1992-01-01;MFL;;;PA;1973-01-01
DEU;DEU304220216;;RET;2016-11-01;2016-11-01;HEIL17;HEIL17;MITTELGRUND;0207;;;N;N;N;;;;;FX;GNS;FPO;;;;;6.20;0.00;2.00;0.00;0.00;15.00;0.00;1;1984-06-12;MFL;;;PA;1964-01-01
DEU;DEU304230216;;RET;2003-11-04;2003-11-04;GRO104;GRO104;---;0216;;;N;N;N;;;;;FX;GNS;FPO;;;;;5.00;0.00;1.00;1.76;0.00;4.00;0.00;1;1984-06-12;MFL;;;PA;1968-01-01
DEU;DEU304240216;;MOD;2003-01-01;2100-12-31;GRO107;GRO107;KERMIT;0216;;;N;Y;N;;;;;FX;GNS;FPO;;;;;5.20;0.00;1.00;1.91;0.00;3.00;0.00;3;1980-08-22;MFL;;;;1965-01-01
DEU;DEU304250216;;RET;2014-12-30;2014-12-30;GRO5;GRO5;---;0216;;;N;N;N;;;;;FX;GNS;FPO;;;;;5.45;0.00;1.00;2.09;0.00;7.00;0.00;3;1971-12-31;MFL;;;PA;1971-01-01
DEU;DEU304260207;;RET;2009-07-13;2009-07-13;HEIL1;HEIL1;RANA;0207;;;N;N;N;;;;;FX;GNS;FPO;;;;;5.52;0.00;1.00;2.15;0.00;9.00;0.00;1;1992-01-01;MFL;;;PA;1992-01-01
DEU;DEU304270207;;RET;2010-05-06;2010-05-06;HEIL4;HEIL4;---;0207;;;N;N;N;;;;;FX;GNS;FPO;;;;;5.00;0.00;1.00;1.77;0.00;6.00;0.00;3;1990-04-12;MFL;;;PA;1983-01-01
DEU;DEU304280207;;RET;2015-04-14;2015-04-14;HEIL6;HEIL6;ROBBY;0207;;;N;N;N;;;;;FX;GNS;FPO;;;;;6.00;0.00;1.00;2.54;0.00;12.00;0.00;1;1990-04-18;MFL;;;PA;1990-01-01
DEU;DEU304290207;;RET;2013-10-31;2013-10-31;HEIL6A;HEIL6A;---;0207;;;N;N;N;;;;;FX;GNS;FPO;;;;;5.00;0.00;1.00;1.77;0.00;7.00;0.00;3;1991-02-18;MFL;;;PA;1991-01-01
DEU;DEU304300207;;RET;2013-01-10;2013-01-10;HEIL14;HEIL14;KATTEGAT;0207;;;N;N;N;;;;;FX;GNS;FPO;;;;;5.95;0.00;1.00;2.50;0.00;6.00;0.00;1;1992-01-01;MFL;;;PA;1960-01-01
DEU;DEU304310207;;MOD;2023-10-27;2100-12-31;HEIL3;HEIL3;ELEA;DEHHF;Heiligenhafen;DD8043;Y;Y;N;N;Y;N;;GO;GNS;LLS;FPO;;;;5.40;0.00;1.00;0.00;0.00;5.00;0.00;3;1992-01-01;MFL;;;PA;1982-01-01
DEU;DEU304320207;;RET;2007-09-26;2007-09-26;HEIL13;HEIL13;BOOKWARDER;0207;;;N;N;N;;;;;FX;GNS;FPO;;;;;7.00;0.00;2.00;3.46;0.00;27.00;0.00;1;1992-01-01;MFL;;;PA;1980-01-01
DEU;DEU304330207;;RET;2003-08-22;2003-08-22;HEIL15;HEIL15;FLEDERMAUS;0207;;;N;N;N;;;;;FX;GNS;FPO;;;;;5.20;0.00;1.00;1.91;0.00;15.00;0.00;3;1992-01-01;MFL;;;PA;1992-01-01
DEU;DEU304340207;;RET;2005-09-27;2005-09-27;HEIL23;HEIL23;---;0207;;;N;N;N;;;;;FX;GNS;FPO;;;;;5.50;0.00;1.00;2.14;0.00;15.00;0.00;1;1990-05-09;MFL;;;PA;1971-01-01
DEU;DEU304350207;;RET;2005-03-30;2005-03-30;HEIL25;HEIL25;SVEN;0207;;;N;N;N;;;;;FX;GNS;FPO;;;;;4.22;0.00;1.00;1.25;0.00;4.00;0.00;3;1992-01-01;MFL;;;PA;1991-01-01
DEU;DEU304360207;;RET;2011-10-27;2011-10-27;HEIL26;HEIL26;---;0207;;;N;N;N;;;;;FX;GNS;FPO;;;;;4.80;0.00;1.00;1.63;0.00;6.00;0.00;3;1992-01-01;MFL;;;PA;1983-01-01
DEU;DEU304370207;;RET;2007-02-02;2007-02-02;HEIL29;HEIL29;---;0207;;;N;N;N;;;;;FX;GNS;FPO;;;;;3.80;0.00;1.00;0.00;0.00;4.00;0.00;1;1991-05-21;MFL;;;PA;1991-01-01
DEU;DEU304380207;;RET;2005-02-02;2005-02-02;HEIL29A;HEIL29A;---;0207;;;N;N;N;;;;;FX;GNS;FPO;;;;;5.35;0.00;1.00;2.02;0.00;4.00;0.00;1;1981-08-03;MFL;;;PA;1981-01-01
DEU;DEU304390207;;RET;2004-06-11;2004-06-11;HEIL30;HEIL30;GISELA HENKE;0207;;;N;N;N;;;;;FX;GNS;FPO;;;;;5.20;0.00;1.00;1.91;0.00;4.00;0.00;1;1988-07-11;MFL;;;PA;1988-01-01
DEU;DEU304400207;;RET;1999-01-12;1999-01-12;HEIL101;HEIL101;---;0207;;;N;N;N;;;;;FX;GNS;FPO;;;;;5.60;0.00;1.00;2.22;0.00;7.00;0.00;;1984-04-16;4C1;;;PA;
DEU;DEU304410207;;RET;2002-03-13;2002-03-13;HEIL102;HEIL102;MOANA;0207;;;N;N;N;;;;;FX;GNS;FPO;;;;;5.00;0.00;1.00;1.77;0.00;6.00;0.00;;1980-07-31;4C1;;;PA;
DEU;DEU304420207;;RET;2003-11-24;2003-11-24;HEIL103;HEIL103;MELANIE;0207;;;N;N;N;;;;;FX;GNS;FPO;;;;;7.00;0.00;2.00;3.46;0.00;15.00;0.00;1;1983-07-04;MFL;;;PA;1983-01-01
DEU;DEU304430207;;MOD;2010-03-30;2100-12-31;STRA112;STRA112;ORCA;0252;;;N;Y;N;;;;;FX;GNS;FPO;;;;;7.20;0.00;2.00;3.66;0.00;27.00;0.00;3;1985-10-21;MFL;;;PA;1984-01-01
DEU;DEU304440207;;RET;2014-08-06;2014-08-06;HEIL108;HEIL108;---;0207;;;N;N;N;;;;;FX;GNS;FPO;;;;;6.00;0.00;1.00;2.54;0.00;8.00;0.00;1;1989-01-02;MFL;;;PA;1989-01-01
DEU;DEU304450207;;MOD;2017-08-01;2100-12-31;USE10;USE10;BULLI;DEUSD;Usedom;;N;Y;N;N;N;N;;GO;GNS;FPO;;;;;5.06;0.00;1.00;0.00;0.00;22.00;0.00;3;1992-01-01;MFL;;;;1991-01-01
DEU;DEU304460207;;RET;2004-04-01;2004-04-01;MAA18;MAA18;---;0210;;;N;N;N;;;;;FX;GNS;NK;;;;;5.15;0.00;1.00;1.87;0.00;11.00;0.00;1;1984-06-14;MFL;;;PA;1984-01-01
DEU;DEU304470207;;RET;2004-10-01;2004-10-01;HEIL110;HEIL110;---;0207;;;N;N;N;;;;;FX;GNS;FPO;;;;;5.00;0.00;1.00;1.77;0.00;4.00;0.00;1;1981-02-12;MFL;;;PA;1981-01-01
DEU;DEU304480207;;MOD;2025-04-30;2100-12-31;HEIL32;HEIL32;LILLE SKIB;DEHHF;Heiligenhafen;DK4998;Y;Y;N;N;Y;N;;GO;GNS;LLS;FPO;GTR;;;5.00;0.00;1.00;0.00;0.00;11.00;0.00;3;1983-08-30;MFL;;;;1983-01-01
DEU;DEU304490207;;RET;2022-06-17;2022-06-17;HEIL32A;HEIL32A;KRUEMEL;DEHHF;Heiligenhafen;;N;N;N;N;;N;;GO;GNS;FPO;;;;;4.40;0.00;1.00;0.00;0.00;6.00;0.00;3;1987-05-14;MFL;;;PA;1987-01-01
DEU;DEU304500207;;RET;2009-07-15;2009-07-15;KAP31;KAP31;---;0209;;;N;N;N;;;;;FX;GNS;NK;;;;;5.50;0.00;1.00;2.14;0.00;4.00;0.00;1;1980-08-04;MFL;;;PA;1977-01-01
DEU;DEU304510207;;RET;2005-02-01;2005-02-01;WES1;WES1;---;0237;;;N;N;N;;;;;FX;GNS;FPO;;;;;5.06;0.00;1.00;1.80;0.00;8.00;0.00;3;1984-06-12;MFL;;;PA;1984-01-01
DEU;DEU304520207;;RET;2004-04-14;2004-04-14;HEIL114;HEIL114;ACM;0207;;;N;N;N;;;;;FX;GNS;FPO;;;;;4.75;0.00;1.00;1.59;0.00;4.00;0.00;3;1992-01-01;MFL;;;PA;1992-01-01
DEU;DEU304530207;;RET;2006-10-28;2006-10-28;HEIL115;HEIL115;---;0207;;;N;N;N;;;;;FX;GNS;FPO;;;;;5.50;0.00;1.00;0.00;0.00;6.00;0.00;1;1985-01-17;MFL;;;PA;1969-01-01
DEU;DEU304540207;;RET;2012-11-02;2012-11-02;HEIL116A;HEIL116A;PIRAT;0207;;;N;N;N;;;;;FX;GNS;FPO;;;;;4.30;0.00;1.00;1.31;0.00;0.00;0.00;3;1982-03-19;MFL;;;PA;1978-01-01
DEU;DEU304550207;;RET;2012-11-02;2012-11-02;HEIL116;HEIL116;UWE;0207;;;N;N;N;;;;;FX;GNS;FPO;;;;;6.20;0.00;1.00;2.72;0.00;4.00;0.00;1;1988-07-11;MFL;;;PA;1988-01-01
DEU;DEU304560207;;MOD;2007-03-05;2100-12-31;FRIE104;FRIE104;BUSSARD;0229;;;N;Y;N;;;;;FX;GNS;FPO;;;;;4.80;0.00;1.00;0.00;0.00;7.00;0.00;3;1980-08-08;MFL;;;PA;1978-01-01
DEU;DEU304570207;;RET;2010-10-20;2010-10-20;HEIL120;HEIL120;---;0207;;;N;N;N;;;;;FX;GNS;FPO;;;;;5.20;0.00;1.00;1.91;0.00;13.00;0.00;1;1981-03-02;MFL;;;PA;1981-01-01
DEU;DEU304580207;;RET;2005-07-28;2005-07-28;HEIL135;HEIL135;---;0207;;;N;N;N;;;;;FX;GNS;FPO;;;;;4.00;0.00;1.00;1.13;0.00;15.00;0.00;3;1988-09-19;MFL;;;PA;1988-01-01
DEU;DEU304590207;;RET;2004-01-02;2004-01-02;HEIL143;HEIL143;BIRTE;0207;;;N;N;N;;;;;FX;GNS;FPO;;;;;4.80;0.00;1.00;1.63;0.00;4.00;0.00;3;1988-07-21;MFL;;;PA;1980-01-01
DEU;DEU304600207;;RET;2005-12-07;2005-12-07;NEU17A;NEU17A;---;0205;;;N;N;N;;;;;FX;GNS;FPO;;;;;4.30;0.00;1.00;0.00;0.00;15.00;0.00;3;1990-11-19;MFL;;;PA;1982-01-01
DEU;DEU304610207;;RET;1999-05-07;1999-05-07;HEIL148;HEIL148;KARINA;0207;;;N;N;N;;;;;FX;GNS;FPO;;;;;5.30;0.00;1.00;1.99;0.00;4.00;0.00;;1983-03-08;4C1;;;PA;
DEU;DEU304620207;;RET;1996-02-29;1996-02-29;HEIL151;HEIL151;ENTE;0207;;;N;N;N;;;;;FX;GNS;FPO;;;;;4.10;0.00;1.00;1.19;0.00;4.00;0.00;;1981-12-08;C19;;;PA;
DEU;DEU304630238;;RET;2010-08-13;2010-08-13;LEM1;LEM1;---;0259;;;N;N;N;;;;;FX;GNS;FPO;;;;;4.80;0.00;1.00;1.62;0.00;4.00;0.00;1;1979-07-06;MFL;;;PA;1979-01-01
DEU;DEU304640238;;RET;2001-12-10;2001-12-10;LEM2;LEM2;MOEWE;0238;;;N;N;N;;;;;FX;GNS;FPO;;;;;4.20;0.00;1.00;1.25;0.00;7.00;0.00;;1992-01-01;4C1;;;PA;
DEU;DEU304650238;;RET;2020-05-15;2020-05-15;BUR21;BUR21;Catharina;0206;;;N;N;N;N;;N;;GO;GNS;FPO;;;;;4.98;0.00;1.00;0.00;0.00;4.00;0.00;3;1991-06-11;MFL;;;PA;1970-01-01
DEU;DEU304660238;;MOD;2009-07-27;2100-12-31;BUR24;BUR24;---;0206;;;N;Y;N;;;;;FX;GNS;FPO;;;;;5.80;0.00;1.00;2.38;0.00;7.00;0.00;3;1983-06-30;MFL;;;;1983-01-01
DEU;DEU304670238;;RET;2009-11-05;2009-11-05;LEM105;LEM105;---;0238;;;N;Y;N;;;;;FX;GNS;FPO;;;;;4.57;0.00;1.00;1.47;0.00;6.00;0.00;3;1980-09-19;MFL;;;PA;1980-01-01
DEU;DEU304680238;;RET;2017-03-23;2017-03-23;LEM106;LEM106;SUSANNE;0259;;;N;N;N;;;;;FX;GNS;FPO;;;;;4.90;0.00;1.00;0.00;0.00;5.00;0.00;3;1980-10-01;MFL;;;PA;1975-01-01
DEU;DEU304690233;;RET;2013-07-18;2013-07-18;BROE101;BROE101;---;0260;;;N;N;N;;;;;FX;GNS;FPO;;;;;4.43;0.00;1.00;1.39;0.00;22.00;0.00;3;1991-05-17;MFL;;;PA;1991-01-01
DEU;DEU304700233;;RET;2008-09-01;2008-09-01;BROE102;BROE102;WIEBKE;0233;;;N;N;N;;;;;FX;GNS;FPO;;;;;4.50;0.00;1.00;1.43;0.00;15.00;0.00;3;1984-03-30;MFL;;;PA;1984-01-01
DEU;DEU304710233;;RET;2003-04-28;2003-04-28;BROE103;BROE103;---;0260;;;N;N;N;;;;;FX;GNS;FPO;;;;;4.48;0.00;1.00;1.42;0.00;23.00;0.00;3;1992-01-01;MFL;;;PA;1992-01-01
DEU;DEU304720233;;MOD;2023-08-31;2100-12-31;HEIL15B;HEIL15B;MORITZ;DEHHF;Heiligenhafen;DG6849;Y;Y;N;N;Y;N;;GO;FPO;GTR;GNS;;;;4.50;0.00;1.00;0.00;0.00;22.00;0.00;3;1991-07-04;MFL;;;PA;1991-01-01
DEU;DEU304730233;;RET;2018-09-05;2018-09-05;NEU17;NEU17;---;0205;;;N;N;N;N;;N;;GO;GNS;FPO;;;;;4.50;0.00;1.00;0.00;0.00;11.00;0.00;3;1983-09-05;MFL;;;PA;1983-01-01
DEU;DEU304740233;;RET;1997-12-11;1997-12-11;BROE109;BROE109;---;0233;;;N;N;N;;;;;FX;GNS;FPO;;;;;3.91;0.00;1.00;1.08;0.00;4.00;0.00;;1980-08-12;4C1;;;PA;
DEU;DEU304750233;;RET;2011-07-04;2011-07-04;BROE112;BROE112;POMUCHEL II;0260;;;N;N;N;;;;;FX;GNS;FPO;;;;;4.50;0.00;1.00;1.43;0.00;11.00;0.00;3;1982-12-09;MFL;;;PA;1982-01-01
DEU;DEU304760233;;MOD;2025-01-20;2100-12-31;BROE119;BROE119;MARTMAR;DEB02;Brök;DC6306;Y;Y;N;N;Y;N;;GO;GNS;GTR;LLS;FPO;;;4.50;0.00;1.00;0.00;0.00;11.00;0.00;3;1982-11-15;MFL;;;;1982-01-01
DEU;DEU304770233;;RET;2016-12-05;2016-12-05;GROE5;GROE5;MALTE;0214;;;N;N;N;;;;;FX;GNS;FPO;;;;;4.50;0.00;1.00;0.00;0.00;11.00;0.00;3;1983-07-05;MFL;;;PA;1983-01-01
DEU;DEU304780233;;RET;2008-08-14;2008-08-14;BROE131;BROE131;SEETEUFEL;0233;;;N;N;N;;;;;FX;GNS;FPO;;;;;4.80;0.00;1.00;1.63;0.00;18.00;0.00;3;1983-05-17;MFL;;;PA;1982-01-01
DEU;DEU304790206;;MOD;2023-04-17;2100-12-31;BUR4;BUR4;Mathilda;DEBSK;Burgstaaken;DH7085;Y;Y;N;N;Y;N;211561360;GO;GNS;FPN;GTR;;;;9.12;0.00;5.00;0.00;0.00;46.00;0.00;3;1991-01-01;MFL;;;;1975-01-01
DEU;DEU304800206;;RET;1997-09-04;1997-09-04;BUR13;BUR13;---;0206;;;N;N;N;;;;;FX;GNS;FPO;;;;;7.05;0.00;2.00;3.51;0.00;15.00;0.00;;1990-02-16;4C1;;;PA;
DEU;DEU304810206;;RET;1999-01-04;1999-01-04;BUR16;BUR16;MISCHI;0206;;;N;N;N;;;;;FX;GNS;FPO;;;;;6.60;0.00;2.00;3.08;0.00;6.00;0.00;;1990-05-07;4C1;;;PA;
DEU;DEU304820206;;RET;2014-12-12;2014-12-12;BUR19;BUR19;JULE;0206;;;N;N;N;;;;;FX;GNS;FPO;;;;;6.25;0.00;1.00;2.76;0.00;25.00;0.00;1;1992-01-01;MFL;;;PA;1992-01-01
DEU;DEU304830206;;RET;2006-09-18;2006-09-18;BUR20;BUR20;---;0206;;;N;N;N;;;;;FX;GNS;LLS;;;;;4.12;0.00;1.00;0.00;0.00;6.00;0.00;1;1980-12-31;MFL;;;PA;1970-01-01
DEU;DEU304840206;;RET;2000-03-23;2000-03-23;BUR21;BUR21;SANRA II;0206;;;N;N;N;;;;;FX;GNS;FPO;;;;;4.53;0.00;1.00;1.45;0.00;4.00;0.00;;1992-01-01;4C1;;;PA;
DEU;DEU304850206;;RET;2018-01-25;2018-01-25;BUR23;BUR23;IDEFIX;0206;;;N;N;N;N;;N;;GO;GNS;FPO;;;;;4.60;0.00;1.00;0.00;0.00;37.00;0.00;3;1992-01-01;MFL;;;PA;1992-01-01
DEU;DEU304860206;;RET;2005-07-28;2005-07-28;HEI17;HEI17;LASSE;0219;;;N;N;N;;;;;FX;GNS;NK;;;;;9.43;0.00;4.00;4.17;0.00;18.00;0.00;1;1992-01-01;MFL;;;PA;1943-01-01
DEU;DEU304870206;;RET;2020-06-08;2020-06-08;LEM4;LEM4;---;0259;;;N;N;N;N;;N;;GO;GNS;FPO;;;;;5.04;0.00;1.00;0.00;0.00;4.00;0.00;1;1984-06-27;MFL;;;PA;1983-01-01
DEU;DEU304880206;;RET;2023-04-20;2023-04-20;BUR105;BUR105;ANNI;DEBSK;Burgstaaken;;N;N;N;N;N;N;;GO;GNS;FPO;;;;;5.50;0.00;1.00;0.00;0.00;6.00;0.00;3;1983-07-06;MFL;;;PA;1969-01-01
DEU;DEU304890206;;RET;2003-03-13;2003-03-13;BUR106;BUR106;LOLA;0206;;;N;N;N;;;;;FX;GNS;FPO;;;;;4.30;0.00;1.00;1.31;0.00;3.00;0.00;1;1980-08-06;MFL;;;PA;1972-01-01
DEU;DEU304900206;;RET;2010-02-18;2010-02-18;BUR110;BUR110;DANNY;0206;;;N;N;N;;;;;FX;GNS;FPO;;;;;4.90;0.00;1.00;1.70;0.00;7.00;0.00;3;1981-04-03;MFL;;;PA;1970-01-01
DEU;DEU304910206;;MOD;2023-07-11;2100-12-31;STRU1;STRU1;HACO;DESKQ;Strukkamp;DD6016;Y;Y;N;N;Y;N;;GO;GNS;FPO;;;;;4.50;0.00;1.00;0.00;0.00;6.00;0.00;3;1991-02-11;MFL;;;;1990-01-01
DEU;DEU304920206;;RET;2017-12-29;2017-12-29;STRU106;STRU106;LUMPI;0238;;;N;N;N;;;;;FX;GNS;LLS;;;;;4.80;0.00;1.00;0.00;0.00;4.00;0.00;3;1986-05-07;MFL;;;PA;1981-01-01
DEU;DEU304930238;;RET;1999-01-12;1999-01-12;STRU115;STRU115;---;0238;;;N;N;N;;;;;FX;GNS;FPO;;;;;5.80;0.00;1.00;2.38;0.00;5.00;0.00;;1982-05-28;4C1;;;PA;
DEU;DEU304940216;;RET;2018-05-04;2018-05-04;SUET1;SUET1;INKA;0216;;;N;N;N;N;;N;;GO;GNS;FPO;;;;;4.80;0.00;1.00;0.00;0.00;44.00;0.00;3;1982-01-27;MFL;;;PA;1982-01-01
DEU;DEU304950216;;RET;2003-12-18;2003-12-18;ARN3;ARN3;NATASCHA II;0223;;;N;N;N;;;;;FX;GNS;NK;;;;;5.18;0.00;1.00;1.89;0.00;22.00;0.00;3;1984-06-22;MFL;;;PA;1984-01-01
DEU;DEU304960216;;RET;2007-04-13;2007-04-13;LIP7A;LIP7A;CARMEN;0234;;;N;N;N;;;;;FX;GNS;FPO;;;;;4.50;0.00;1.00;1.43;0.00;4.00;0.00;3;1986-03-05;MFL;;;PA;1984-01-01
DEU;DEU304970216;;RET;2008-07-18;2008-07-18;SUET2;SUET2;SEEADLER;0255;;;N;N;N;;;;;FX;GNS;FPO;;;;;4.80;0.00;1.00;1.63;0.00;37.00;0.00;3;1982-02-24;MFL;;;PA;1982-01-01
DEU;DEU304980216;;RET;1996-10-17;1996-10-17;SUET119;SUET119;---;0216;;;N;N;N;;;;;FX;GNS;FPO;;;;;4.00;0.00;1.00;1.13;0.00;4.00;0.00;;1980-09-13;C19;;;PA;
DEU;DEU304990216;;RET;1997-05-22;1997-05-22;SUET123;SUET123;---;0216;;;N;N;N;;;;;FX;GNS;FPO;;;;;4.55;0.00;1.00;1.46;0.00;4.00;0.00;;1981-05-16;4C1;;;PA;
DEU;DEU305000237;;RET;2002-05-28;2002-05-28;WES102;WES102;FREDERIKE;0237;;;N;N;N;;;;;FX;GNS;LLS;;;;;4.60;0.00;1.00;1.50;0.00;4.00;0.00;;1992-01-01;4C1;;;PA;
DEU;DEU305010235;;RET;2018-01-19;2018-01-19;ORT1;ORT1;---;0235;;;N;N;N;;;;;GO;GNS;FPO;;;;;4.60;0.00;1.00;0.00;0.00;4.00;0.00;3;1991-03-22;MFL;;;PA;1991-01-01
DEU;DEU305020235;;RET;2010-02-11;2010-02-11;ORT2C;ORT2C;---;0235;;;N;N;N;;;;;FX;GNS;FPO;;;;;4.40;0.00;1.00;1.37;0.00;4.00;0.00;1;1991-10-15;MFL;;;PA;1991-01-01
DEU;DEU305030235;;MOD;2025-04-24;2100-12-31;ORT3;ORT3;SAKINE;DEORT;Orth/Fehmarn;DB6718;Y;Y;N;N;Y;N;;GO;GNS;LLS;GTR;FPO;;;5.45;0.00;1.00;0.00;0.00;5.00;0.00;3;1991-04-25;MFL;;;;1980-01-01
DEU;DEU305040235;;RET;2007-09-26;2007-09-26;ORT4;ORT4;TERVAN;0235;;;N;N;N;;;;;FX;GNS;FPO;;;;;9.00;0.00;8.00;5.72;0.00;64.00;0.00;2;1992-01-01;MFL;;;PA;1991-01-01
DEU;DEU305060235;;MOD;2020-12-15;2100-12-31;SCHLU4;SCHLU4;Seerabe;0202;;;N;Y;N;N;;N;;GO;GNS;FPO;;;;;6.71;0.00;2.00;0.00;0.00;26.00;0.00;3;1990-11-05;MFL;;;;1990-01-01
DEU;DEU305070235;;RET;1995-09-01;1995-09-01;ORT17A;ORT17A;---;0235;;;N;N;N;;;;;FX;GNS;FPO;;;;;4.30;0.00;1.00;1.31;0.00;7.00;0.00;;1990-02-16;C19;;;PA;
DEU;DEU305080235;;RET;2014-09-24;2014-09-24;LAN1;LAN1;GRUESS GOTT;0227;;;N;N;N;;;;;FX;GNS;FPO;;;;;9.00;0.00;5.00;5.72;0.00;72.00;0.00;3;1982-02-22;MFL;;;PA;1979-01-01
DEU;DEU305090235;;RET;2020-12-15;2020-12-15;ORT104A;ORT104A;JULE;0235;;;N;N;N;N;;N;;GO;GNS;FPO;;;;;5.80;0.00;1.00;0.00;0.00;22.00;0.00;3;1985-05-24;MFL;;;PA;1985-01-01
DEU;DEU305100237;;MOD;2025-01-23;2100-12-31;PUT1;PUT1;APSARA;DEPUT;Puttgarden;DD6331;Y;Y;N;N;Y;N;;GO;GNS;LLS;GTR;FPO;;;5.06;0.00;1.00;0.00;0.00;15.00;0.00;3;1992-01-01;MFL;;;;1991-01-01
DEU;DEU305110237;;MOD;2020-06-18;2100-12-31;PUT2;PUT2;MORITZ;0258;;DB6039;Y;Y;N;N;;N;;LL;LLS;FPO;;;;;5.15;0.00;1.00;0.00;0.00;4.00;0.00;3;1991-03-11;MFL;;;;1989-01-01
DEU;DEU305120237;;RET;1995-01-31;1995-01-31;PUT3;PUT3;HASE;0237;;;N;N;N;;;;;FX;GNS;FPO;;;;;4.25;0.00;1.00;1.28;0.00;5.00;0.00;;1991-02-28;C19;;;PA;
DEU;DEU305130237;;RET;2007-06-07;2007-06-07;PUT4;PUT4;---;0258;;;N;N;N;;;;;FX;GNS;FPO;;;;;4.20;0.00;1.00;1.25;0.00;11.00;0.00;3;1991-04-22;MFL;;;PA;1985-01-01
DEU;DEU305140237;;RET;2018-01-19;2018-01-19;PUT5;PUT5;SIMONE;0258;;;N;N;N;;;;;GO;GNS;FPO;;;;;4.53;0.00;1.00;0.00;0.00;4.00;0.00;1;1991-04-22;MFL;;;PA;1991-01-01
DEU;DEU305150237;;RET;2017-12-15;2017-12-15;PUT6;PUT6;---;0258;;;N;N;N;;;;;FX;GNS;FPO;;;;;4.32;0.00;1.00;0.00;0.00;7.00;0.00;3;1991-12-23;MFL;;;PA;1991-01-01
DEU;DEU305160235;;RET;2002-05-28;2002-05-28;ORT2B;ORT2B;ZUKUNFT;0235;;;N;N;N;;;;;FX;GNS;FPO;;;;;5.73;0.00;1.00;2.33;0.00;7.00;0.00;;1950-12-31;4C1;;;PA;
DEU;DEU305170239;;RET;1996-12-19;1996-12-19;KEL1;KEL1;---;0239;;;N;N;N;;;;;FX;GNS;FPO;;;;;4.28;0.00;1.00;1.30;0.00;7.00;0.00;;1992-01-01;C19;;;PA;
DEU;DEU305180239;;RET;2003-03-13;2003-03-13;KEL102;KEL102;---;0239;;;N;N;N;;;;;FX;GNS;FPO;;;;;4.28;0.00;1.00;1.30;0.00;3.00;0.00;3;1984-04-12;MFL;;;PA;1981-01-01
DEU;DEU305190239;;RET;2006-06-01;2006-06-01;POL8;POL8;---;0656;;;N;N;N;;;;;FX;GNS;LLS;;;;;4.28;0.00;1.00;0.00;0.00;3.00;0.00;3;1981-07-09;MFL;;;PA;1981-01-01
DEU;DEU305200239;;RET;2007-05-31;2007-05-31;DAH8;DAH8;---;0239;;;N;N;N;;;;;FX;GNS;FPO;;;;;4.28;0.00;1.00;1.30;0.00;3.00;0.00;3;1981-07-09;MFL;;;PA;1981-01-01
DEU;DEU305210239;;RET;2004-04-01;2004-04-01;MAA23;MAA23;---;0210;;;N;N;N;;;;;FX;GNS;NK;;;;;5.20;0.00;1.00;1.90;0.00;3.00;0.00;1;1978-01-03;MFL;;;PA;1945-01-01
DEU;DEU305220239;;RET;2007-04-04;2007-04-04;DAH100;DAH100;---;0239;;;N;N;N;;;;;FX;GNS;FPO;;;;;4.65;0.00;1.00;1.53;0.00;8.00;0.00;3;1984-03-21;MFL;;;PA;1984-01-01
DEU;DEU305230239;;RET;2017-09-08;2017-09-08;DAH101;DAH101;PANORAMA;0254;;;N;N;N;;;;;FX;GNS;FPO;;;;;4.55;0.00;1.00;0.00;0.00;7.00;0.00;3;1981-09-18;MFL;;;PA;1981-01-01
DEU;DEU305240239;;RET;2021-04-21;2021-04-21;DAH102;DAH102;---;DEDHM;;;N;N;N;N;;N;;GO;GNS;FPO;;;;;4.70;0.00;1.00;0.00;0.00;3.00;0.00;3;1980-09-11;MFL;;;PA;1980-01-01
DEU;DEU305250239;;RET;2007-09-26;2007-09-26;DAH102A;DAH102A;---;0239;;;N;N;N;;;;;FX;GNS;FPO;;;;;4.50;0.00;1.00;1.43;0.00;3.00;0.00;3;1982-03-26;MFL;;;PA;1982-01-01
DEU;DEU305260239;;RET;2015-12-03;2015-12-03;DAH103;DAH103;---;0254;;;N;N;N;;;;;FX;GNS;FPO;;;;;4.57;0.00;1.00;0.00;0.00;18.00;0.00;3;1983-12-28;MFL;;;PA;1983-01-01
DEU;DEU305270239;;RET;2022-01-04;2022-01-04;DAH104;DAH104;---;DEDHM;;;N;N;N;N;;N;;GO;GNS;FPO;;;;;4.55;0.00;1.00;0.00;0.00;3.00;0.00;3;1981-09-18;MFL;;;PA;1981-01-01
DEU;DEU305280239;;RET;2010-12-20;2010-12-20;DAH105;DAH105;---;0239;;;N;N;N;;;;;FX;GNS;FPO;;;;;4.28;0.00;1.00;0.00;0.00;5.00;0.00;3;1980-11-03;MFL;;;PA;1980-01-01
DEU;DEU305290239;;RET;1997-10-13;1997-10-13;DAH106;DAH106;---;0239;;;N;N;N;;;;;FX;GNS;FPO;;;;;4.28;0.00;1.00;1.30;0.00;0.00;0.00;;1981-07-09;4C1;;;PA;
DEU;DEU305300239;;RET;1997-12-23;1997-12-23;DAH107;DAH107;---;0239;;;N;N;N;;;;;FX;GNS;FPO;;;;;4.50;0.00;1.00;1.40;0.00;4.00;0.00;;1983-03-08;4C1;;;PA;
DEU;DEU305310239;;RET;2010-02-19;2010-02-19;DAH108;DAH108;---;0254;;;N;N;N;;;;;FX;GNS;FPO;;;;;4.50;0.00;1.00;1.40;0.00;5.00;0.00;3;1983-03-09;MFL;;;PA;1983-01-01
DEU;DEU305320239;;RET;2015-11-16;2015-11-16;DAH109;DAH109;---;0254;;;N;N;N;;;;;FX;GNS;FPO;;;;;4.65;0.00;1.00;0.00;0.00;21.00;0.00;3;1984-03-21;MFL;;;PA;1984-01-01
DEU;DEU305330239;;MOD;2025-04-30;2100-12-31;DAH110;DAH110;OMI;DEDHI;Dahme;DH8970;Y;Y;N;N;Y;N;;GO;GNS;FPO;LLS;GTR;;;4.57;0.00;1.00;0.00;0.00;15.00;0.00;3;1985-02-25;MFL;;;;1985-01-01
DEU;DEU305340214;;RET;2010-06-17;2010-06-17;GROE100;GROE100;---;0214;;;N;N;N;;;;;FX;GNS;FPO;;;;;4.57;0.00;1.00;1.50;0.00;22.00;0.00;3;1985-01-29;MFL;;;PA;1985-01-01
DEU;DEU305350214;;RET;2002-03-12;2002-03-12;GROE102;GROE102;---;0214;;;N;N;N;;;;;FX;GNS;FPO;;;;;4.00;0.00;1.00;1.20;0.00;6.00;0.00;;1981-01-05;4C1;;;PA;
DEU;DEU305360214;;RET;1998-06-23;1998-06-23;NEU108A;NEU108A;---;0205;;;N;N;N;;;;;FX;GNS;FPO;;;;;4.15;0.00;1.00;1.30;0.00;16.00;0.00;;1982-02-02;4C1;;;PA;
DEU;DEU305370214;;MOD;2025-04-29;2100-12-31;GROE7;GROE7;Hexe;DEGZZ;Groemitz;DH6860;Y;Y;N;N;Y;N;;GO;GNS;GTR;LLS;FPO;;;6.50;0.00;2.00;0.00;0.00;40.00;0.00;3;1976-08-05;MFL;;;;1976-01-01
DEU;DEU305380214;;RET;2013-03-14;2013-03-14;GROE3A;GROE3A;MEERFORELLE;0214;;;N;N;N;;;;;FX;GNS;FPO;;;;;4.80;0.00;1.00;1.60;0.00;11.00;0.00;3;1991-03-11;MFL;;;PA;1990-01-01
DEU;DEU305390214;;RET;2014-06-18;2014-06-18;GROE4;GROE4;---;0214;;;N;N;N;;;;;FX;GNS;FPO;;;;;6.50;0.00;2.00;2.98;0.00;18.00;0.00;3;1976-09-01;MFL;;;PA;1976-01-01
DEU;DEU305400205;;RET;1996-02-14;1996-02-14;NEU2;NEU2;ANDRE;0205;;;N;N;N;;;;;FX;GNS;FPO;;;;;5.14;0.00;1.00;1.90;0.00;5.00;0.00;;1992-01-01;C19;;;PA;
DEU;DEU305410214;;RET;2002-09-24;2002-09-24;NEU4;NEU4;NADINE;0214;;;N;N;N;;;;;FX;GNS;FPO;;;;;8.18;0.00;3.00;4.72;0.00;30.00;0.00;;1986-02-17;4C1;;;PA;
DEU;DEU305420205;;RET;2013-05-15;2013-05-15;GROE2;GROE2;SCHNECKE;0214;;;N;N;N;;;;;FX;GNS;FPO;;;;;6.20;0.00;2.00;2.70;0.00;8.00;0.00;3;1987-06-15;MFL;;;PA;1974-01-01
DEU;DEU305430205;;RET;2010-10-14;2010-10-14;NEU6;NEU6;---;0205;;;N;N;N;;;;;FX;GNS;FPO;;;;;4.25;0.00;1.00;1.30;0.00;4.00;0.00;3;1985-04-12;MFL;;;PA;1985-01-01
DEU;DEU305440205;;RET;2000-06-05;2000-06-05;NEU8;NEU8;RENI;0205;;;N;N;N;;;;;FX;GNS;FPO;;;;;4.90;0.00;1.00;1.70;0.00;6.00;0.00;;1989-11-02;4C1;;;PA;
DEU;DEU305450205;;RET;2000-02-04;2000-02-04;NEU10;NEU10;ERIKA;0205;;;N;N;N;;;;;FX;GNS;FPO;;;;;5.45;0.00;1.00;2.10;0.00;7.00;0.00;;1990-01-29;4C1;;;PA;
DEU;DEU305460205;;RET;2023-08-11;2023-08-11;HEIL11;HEIL11;POMUCHEL III;DEHHF;Heiligenhafen;DA7380;Y;N;N;N;N;N;;GO;GNS;FPO;;;;;7.80;0.00;3.00;0.00;0.00;40.00;0.00;3;1992-01-01;MFL;;;PA;1974-01-01
DEU;DEU305470205;;MOD;2020-01-01;2100-12-31;FRE48N;FRE48N;ZORA;0614;;;N;Y;N;N;;N;;GO;GNS;FPO;;;;;7.07;0.00;2.00;0.00;0.00;15.00;0.00;3;1992-01-01;MFL;;;;1978-01-01
DEU;DEU305480205;;RET;1995-09-18;1995-09-18;NEU15;NEU15;ROBBY;0205;;;N;N;N;;;;;FX;GNS;FPO;;;;;4.65;0.00;1.00;1.53;0.00;13.00;0.00;;1992-01-01;C19;;;PA;
DEU;DEU305490205;;MOD;2013-02-27;2100-12-31;AHR27N;AHR27N;BONITO;0645;;;N;Y;N;;;;;FX;GNS;FPO;;;;;4.90;0.00;1.00;1.70;0.00;29.00;0.00;3;1990-05-22;MFL;;;PA;1990-01-01
DEU;DEU305500205;;RET;2003-02-24;2003-02-24;NEU42;NEU42;---;0205;;;N;N;N;;;;;FX;GNS;FPO;;;;;4.80;0.00;1.00;1.63;0.00;3.00;0.00;3;1981-10-01;MFL;;;PA;1979-01-01
DEU;DEU305510205;;MOD;2003-01-01;2100-12-31;NEU120B;NEU120B;ARIANE;0205;;;N;Y;N;;;;;FX;GNS;FPO;;;;;6.00;0.00;1.00;2.54;0.00;7.00;0.00;1;1980-08-05;MFL;;;;1974-01-01
DEU;DEU305520205;;RET;2015-06-17;2015-06-17;NEU7;NEU7;---;0205;;;N;N;N;;;;;FX;GNS;FPO;;;;;5.00;0.00;1.00;1.77;0.00;7.00;0.00;1;1980-08-05;MFL;;;PA;1970-01-01
DEU;DEU305530205;;MOD;2003-01-01;2100-12-31;NEU103;NEU103;---;0205;;;N;Y;N;;;;;FX;GNS;FPO;;;;;5.38;0.00;1.00;2.05;0.00;13.00;0.00;3;1984-02-10;MFL;;;;1983-01-01
DEU;DEU305540205;;RET;2015-04-13;2015-04-13;NEU105;NEU105;---;0205;;;N;N;N;;;;;FX;GNS;FPO;;;;;5.45;0.00;1.00;1.77;0.00;7.00;0.00;1;1983-10-25;MFL;;;PA;1969-01-01
DEU;DEU305550205;;RET;2004-04-06;2004-04-06;NEU106;NEU106;---;0205;;;N;N;N;;;;;FX;GNS;FPO;;;;;4.80;0.00;1.00;1.63;0.00;6.00;0.00;3;1980-08-15;MFL;;;PA;1979-01-01
DEU;DEU305560205;;RET;2016-04-01;2016-04-01;NEU107;NEU107;---;0205;;;N;N;N;;;;;FX;GNS;FPO;;;;;4.50;0.00;1.00;0.00;0.00;4.00;0.00;3;1980-08-15;MFL;;;PA;1976-01-01
DEU;DEU305570205;;RET;2003-09-09;2003-09-09;NEU108;NEU108;SIRIUS;0205;;;N;N;N;;;;;FX;GNS;FPO;;;;;6.80;0.00;2.00;3.27;0.00;35.00;0.00;1;1980-08-15;MFL;;;PA;1948-01-01
DEU;DEU305580205;;RET;2003-07-15;2003-07-15;NEU109;NEU109;KARIN;0205;;;N;N;N;;;;;FX;GNS;FPO;;;;;5.00;0.00;1.00;1.77;0.00;4.00;0.00;1;1980-08-18;MFL;;;PA;1968-01-01
DEU;DEU305590205;;RET;2001-11-08;2001-11-08;NEU111;NEU111;---;0205;;;N;N;N;;;;;FX;GNS;FPO;;;;;6.40;0.00;2.00;2.89;0.00;26.00;0.00;;1969-10-24;4C1;;;PA;
DEU;DEU305600205;;RET;2007-01-03;2007-01-03;NEU112;NEU112;BAERBEL;0205;;;N;N;N;;;;;FX;GNS;FPO;;;;;6.28;0.00;1.00;0.00;0.00;13.00;0.00;1;1986-04-18;MFL;;;PA;1986-01-01
DEU;DEU305610205;;RET;1995-08-23;1995-08-23;NEU15;NEU15;---;0205;;;N;N;N;;;;;FX;GNS;FPO;;;;;4.65;0.00;1.00;1.53;0.00;3.00;0.00;;1986-06-02;C19;;;PA;
DEU;DEU305620205;;RET;1998-06-23;1998-06-23;NEU200;NEU200;CECYLIA;0205;;;N;N;N;;;;;FX;GNS;FPO;;;;;5.00;0.00;1.00;1.77;0.00;5.00;0.00;;1983-12-21;4C1;;;PA;
DEU;DEU305630205;;MOD;2003-01-01;2100-12-31;NEU120;NEU120;---;0205;;;N;Y;N;;;;;FX;GNS;FPO;;;;;5.15;0.00;1.00;1.87;0.00;4.00;0.00;1;1984-05-14;MFL;;;;1975-01-01
DEU;DEU305640205;;MOD;2009-06-15;2100-12-31;NEU120A;NEU120A;---;0205;;;N;Y;N;;;;;FX;GNS;FPO;;;;;5.70;0.00;1.00;2.30;0.00;7.00;0.00;3;1990-04-12;MFL;;;;1983-01-01
DEU;DEU305650205;;RET;1998-12-15;1998-12-15;NEU131;NEU131;---;0205;;;N;N;N;;;;;FX;GNS;FPO;;;;;4.50;0.00;1.00;1.43;0.00;3.00;0.00;;1983-04-15;4C1;;;PA;
DEU;DEU305660205;;RET;2004-07-07;2004-07-07;NEU131A;NEU131A;---;0205;;;N;N;N;;;;;FX;GNS;FPO;;;;;5.06;0.00;1.00;1.81;0.00;3.00;0.00;3;1983-05-20;MFL;;;PA;1983-01-01
DEU;DEU305670228;;RET;2006-12-12;2006-12-12;SIE4;SIE4;LORBAS;0228;;;N;N;N;;;;;FX;GNS;FPO;;;;;8.38;0.00;3.00;0.00;0.00;46.00;0.00;3;1985-12-12;MFL;;;PA;1985-01-01
DEU;DEU305680228;;MOD;2021-11-26;2100-12-31;TRA54;TRA54;LÜTT ANNA;DETRV;Travemünde;;N;Y;N;N;;N;;GO;GNS;FPO;;;;;6.40;0.00;2.00;0.00;0.00;5.00;0.00;3;1977-02-21;MFL;;;;1977-01-01
DEU;DEU305690228;;MOD;2012-03-22;2100-12-31;SIE101;SIE101;---;DE64R;Sierksdorf;;N;Y;N;N;Y;N;;GO;GNS;FPO;;;;;5.00;0.00;1.00;1.77;0.00;4.00;0.00;1;1980-08-13;MFL;;;PA;1968-01-01
DEU;DEU305700228;;CHA;2021-05-20;2100-12-31;HAF3;HAF3;LILLY;DE64V;Haffkrug;;N;Y;N;N;;N;;GO;GNS;FPO;;;;;4.60;0.00;1.00;0.00;0.00;3.00;0.00;3;1981-12-31;MFL;;;PA;1981-01-01
DEU;DEU305710228;;MOD;2011-08-31;2100-12-31;SIE105;SIE105;---;DE64R;Sierksdorf;;N;Y;N;N;Y;N;;GO;GNS;FPO;;;;;4.20;0.00;1.00;1.13;0.00;6.00;0.00;1;1980-09-25;MFL;;;;1970-01-01
DEU;DEU305720228;;RET;2011-08-25;2011-08-25;SIE108;SIE108;SPETZKE;0228;;;N;N;N;;;;;FX;GNS;FPO;;;;;4.50;0.00;1.00;1.43;0.00;5.00;0.00;3;1984-05-23;MFL;;;PA;1984-01-01
DEU;DEU305730228;;RET;2003-08-18;2003-08-18;SIE109;SIE109;TINA;0228;;;N;N;N;;;;;FX;GNS;FPO;;;;;5.44;0.00;1.00;2.09;0.00;4.00;0.00;1;1985-05-24;MFL;;;PA;1965-01-01
DEU;DEU305740211;;MOD;2020-11-09;2100-12-31;HAF2;HAF2;---;0211;;;N;Y;N;N;;N;;GO;GNS;FPO;;;;;4.55;0.00;1.00;0.00;0.00;6.00;0.00;3;1983-03-04;MFL;;;;1981-01-01
DEU;DEU305750211;;RET;2008-01-25;2008-01-25;HAF104;HAF104;---;0211;;;N;N;N;;;;;FX;GNS;FPO;;;;;4.50;0.00;1.00;1.43;0.00;0.00;0.00;3;1982-10-11;MFL;;;PA;1982-01-01
DEU;DEU305760211;;MOD;2012-03-02;2100-12-31;HAF105;HAF105;---;0211;;;N;Y;N;;;;;FX;GNS;FPO;;;;;5.06;0.00;1.00;1.81;0.00;4.00;0.00;3;1985-06-28;MFL;;;;1983-01-01
DEU;DEU305770204;;RET;1998-02-02;1998-02-02;NIE14;NIE14;LIEBLING;0204;;;N;N;N;;;;;FX;GNS;FPO;;;;;4.00;0.00;1.00;1.13;0.00;4.00;0.00;;1989-06-16;4C1;;;PA;
DEU;DEU305780204;;RET;2003-11-26;2003-11-26;NIE100;NIE100;---;0204;;;N;N;N;;;;;FX;GNS;FPO;;;;;4.50;0.00;1.00;1.43;0.00;3.00;0.00;3;1984-01-27;MFL;;;PA;1983-01-01
DEU;DEU305790204;;RET;2018-02-13;2018-02-13;NIE21A;NIE21A;EULE;0204;;;N;N;N;N;;N;;GO;GNS;LLS;;;;;4.80;0.00;1.00;0.00;0.00;6.00;0.00;3;1994-09-09;MFL;;;PA;1988-01-01
DEU;DEU305800215;;MOD;2023-07-07;2100-12-31;NIE103;NIE103;HELENE;DE64Z;Niendorf Ostsee;DJ6751;Y;Y;N;N;Y;N;211853920;GO;GNS;FPO;;;;;6.10;0.00;2.00;0.00;0.00;13.00;0.00;3;1981-03-23;MFL;;;PA;1972-01-01
DEU;DEU305810204;;RET;2011-11-15;2011-11-15;NIE109;NIE109;COLUMBUS;0204;;;N;N;N;;;;;FX;GNS;FPO;;;;;6.00;0.00;1.00;2.54;0.00;6.00;0.00;1;1976-02-10;MFL;;;PA;1976-01-01
DEU;DEU305820204;;RET;2023-11-27;2023-11-27;NIE111;NIE111;Lütte-Lotte;DE64Z;Niendorf Ostsee;;N;N;N;N;N;N;;GO;GNS;FPO;;;;;7.10;0.00;2.00;0.00;0.00;36.00;0.00;3;1978-03-13;MFL;;;PA;1978-01-01
DEU;DEU305830204;;MOD;2019-10-18;2100-12-31;TRA44;TRA44;ROBBE I;0203;;;N;Y;N;N;;N;;GO;GNS;FPO;;;;;9.24;8.77;5.00;0.00;0.00;70.00;0.00;3;1991-12-31;MFL;;;;1978-01-01
DEU;DEU305840204;;CHA;2024-07-16;2100-12-31;NEU3;NEU3;Erna;DE64Z;Niendorf Ostsee;DH4870;Y;Y;N;N;Y;N;;GO;GNS;FPO;;;;;6.70;0.00;2.00;0.00;0.00;24.00;0.00;3;1983-07-01;MFL;;;PA;1983-01-01
DEU;DEU305850215;;RET;2003-03-12;2003-03-12;TIM102;TIM102;DORINA;0215;;;N;N;N;;;;;FX;GNS;FPO;;;;;4.50;0.00;1.00;1.43;0.00;3.00;0.00;3;1972-12-31;MFL;;;PA;1972-01-01
DEU;DEU305860204;;RET;2006-09-29;2006-09-29;TIM104;TIM104;---;0204;;;N;N;N;;;;;FX;GNS;FPO;;;;;6.50;0.00;2.00;0.00;0.00;17.00;0.00;1;1947-12-31;MFL;;;PA;1947-01-01
DEU;DEU305870215;;RET;2023-06-30;2023-06-30;KUEH12N;KUEH12N;---;DEKU3;Kühlungsborn;;N;N;N;N;N;N;;GO;GNS;LLS;;;;;8.40;0.00;4.00;0.00;0.00;44.00;0.00;3;1986-05-30;MFL;;;PA;1976-01-01
DEU;DEU305880203;;RET;2002-09-09;2002-09-09;TRA1;TRA1;SIGNE;0203;;;N;N;N;;;;;FX;GNS;FPO;;;;;8.79;0.00;5.00;5.46;0.00;22.00;0.00;;1989-05-12;4C1;;;PA;
DEU;DEU305890203;;RET;2015-05-12;2015-05-12;GOT11C;GOT11C;ELFI;0218;;;N;N;N;;;;;FX;GNS;FPO;;;;;6.00;0.00;1.00;2.54;0.00;7.00;0.00;3;1983-06-02;MFL;;;PA;1975-01-01
DEU;DEU305900203;;RET;1996-01-10;1996-01-10;TRA6;TRA6;SANTOS;0203;;;N;N;N;;;;;FX;GNS;FPO;;;;;5.94;0.00;1.00;2.49;0.00;7.00;0.00;;1990-03-16;C19;;;PA;
DEU;DEU305910203;;RET;2004-01-06;2004-01-06;TRA16;TRA16;GUIDO;0203;;;N;N;N;;;;;FX;GNS;FPO;;;;;6.70;0.00;2.00;3.17;0.00;27.00;0.00;1;1991-12-31;MFL;;;PA;1966-01-01
DEU;DEU305920203;;MOD;2023-02-03;2100-12-31;TRA17;TRA17;ANTJE;DETRV;Travemünde;;N;Y;N;N;N;N;;GO;GNS;FPO;;;;;6.60;0.00;2.00;0.00;0.00;32.00;0.00;3;1992-01-01;MFL;;;;1991-01-01
DEU;DEU305930203;;RET;2008-09-01;2008-09-01;TRA100;TRA100;TOBS;0203;;;N;N;N;;;;;FX;GNS;FPO;;;;;6.20;0.00;1.00;2.72;0.00;25.00;0.00;1;1987-06-19;MFL;;;PA;1982-01-01
DEU;DEU305940203;;RET;2007-07-26;2007-07-26;TRA102;TRA102;FRIESLAND;0203;;;N;N;N;;;;;FX;GNS;FPO;;;;;5.20;0.00;1.00;1.91;0.00;3.00;0.00;1;1980-08-05;MFL;;;PA;1968-01-01
DEU;DEU305950203;;RET;2008-12-09;2008-12-09;TRA103;TRA103;NINA;0203;;;N;N;N;;;;;FX;GNS;FPO;;;;;6.10;0.00;1.00;2.63;0.00;11.00;0.00;3;1980-08-05;MFL;;;PA;1978-01-01
DEU;DEU305960203;;MOD;2003-07-16;2100-12-31;TRA106;TRA106;HEIN;0203;;;N;Y;N;;;;;FX;GNS;FPO;;;;;6.28;0.00;1.00;2.78;0.00;24.00;0.00;1;1983-11-11;MFL;;;;1983-01-01
DEU;DEU305970203;;RET;2019-01-28;2019-01-28;TRA109;TRA109;JANMAAT;0203;;;N;N;N;N;;N;;GO;GNS;FPO;;;;;6.50;0.00;2.00;0.00;0.00;18.00;0.00;1;1982-02-19;MFL;;;PA;1970-01-01
DEU;DEU305980203;;CHA;2019-10-02;2100-12-31;STA50;STA50;---;DESHY;Stahlbrode;;N;Y;N;N;Y;N;;GO;GNS;LLS;;;;;6.77;0.00;2.00;0.00;0.00;41.00;0.00;3;1983-09-30;MFL;;;PA;1974-01-01
DEU;DEU305990212;;RET;2006-08-03;2006-08-03;TRA114;TRA114;TINA;0212;;;N;N;N;;;;;FX;GNS;FPO;;;;;8.00;0.00;3.00;0.00;0.00;31.00;0.00;2;1983-04-15;MFL;;;PA;1951-01-01
DEU;DEU306000203;;RET;1996-06-20;1996-06-20;TRA117;TRA117;---;0203;;;N;N;N;;;;;FX;GNS;FPO;;;;;5.80;0.00;1.00;2.38;0.00;7.00;0.00;;1972-06-10;C19;;;PA;
DEU;DEU306010203;;RET;1996-07-05;1996-07-05;TRA123;TRA123;GITTA;0203;;;N;N;N;;;;;FX;GNS;FPO;;;;;4.00;0.00;1.00;1.13;0.00;3.00;0.00;;1969-01-15;C19;;;PA;
DEU;DEU306020203;;MOD;2014-12-01;2100-12-31;TRA8;TRA8;CHARLY;0203;;;N;Y;N;;;;;FX;GNS;FPO;;;;;6.39;0.00;2.00;2.88;0.00;12.00;0.00;3;1986-10-01;MFL;;;PA;1968-01-01
DEU;DEU306030203;;RET;2011-06-27;2011-06-27;TRA12;TRA12;---;0203;;;N;N;N;;;;;FX;GNS;FPO;;;;;6.75;0.00;2.00;3.22;0.00;12.00;0.00;3;1977-01-10;MFL;;;PA;1976-01-01
DEU;DEU306040202;;MOD;2022-01-07;2100-12-31;GOT10D;GOT10D;ANJA;DEGTM;Lübeck-Gothmund;;N;Y;N;N;;N;;GO;GNS;FPO;;;;;7.25;0.00;2.00;0.00;0.00;18.00;0.00;3;1984-07-06;MFL;;;;1984-01-01
DEU;DEU306050202;;RET;2005-04-19;2005-04-19;SCHLU1B;SCHLU1B;---;0202;;;N;N;N;;;;;FX;GNS;FPO;;;;;7.80;0.00;2.00;4.29;0.00;7.00;0.00;1;1949-12-31;MFL;;;PA;1949-01-01
DEU;DEU306060202;;MOD;2013-08-19;2100-12-31;TRA9B;TRA9B;ANTARES;0203;;;N;Y;N;;;;;FX;GNS;FPO;;;;;7.25;0.00;2.00;3.71;0.00;59.00;0.00;3;1986-06-01;MFL;;;PA;1986-01-01
DEU;DEU306070203;;CHA;2017-06-01;2100-12-31;TRA6;TRA6;SANTOS;0203;;DJ4073;Y;N;N;N;;N;;GO;GNS;FPO;;;;;9.19;0.00;6.00;0.00;0.00;55.00;0.00;3;1995-12-27;MFL;;;PA;1995-01-01
DEU;DEU306070205;;RET;2010-12-31;2010-12-31;NEU15;NEU15;ROBBY;0205;;;N;N;N;;;;;FX;GNS;FPO;;;;;5.20;0.00;1.00;1.53;0.00;13.00;0.00;3;1995-08-21;MFL;;;PA;1991-01-01
DEU;DEU306070235;;RET;2001-11-27;2001-11-27;ORT17A;ORT17A;---;0235;;;N;N;N;;;;;FX;GNS;FPO;;;;;4.60;0.00;1.00;1.50;0.00;6.00;0.00;;1995-04-07;4C1;;;PA;
DEU;DEU306070237;;RET;2011-01-13;2011-01-13;PUT3;PUT3;HASE;0258;;;N;N;N;;;;;FX;GNS;FPO;;;;;4.50;0.00;1.00;1.43;0.00;5.00;0.00;3;1994-11-18;MFL;;;PA;1994-01-01
DEU;DEU306090203;;RET;2009-08-05;2009-08-05;TRA117;TRA117;ISABELL;0203;;;N;N;N;;;;;FX;GNS;FPO;;;;;5.98;0.00;1.00;1.00;0.00;7.00;0.00;4;1996-05-24;MFL;;;PA;1994-01-01
DEU;DEU306100203;;MOD;2020-09-22;2100-12-31;LUB9;LUB9;---;0608;;;N;Y;N;N;;N;;GO;GNS;FPO;;;;;6.00;0.00;1.00;0.00;0.00;15.00;0.00;3;1996-05-31;MFL;;;;1990-01-01
DEU;DEU306110203;;RET;2012-11-29;2012-11-29;PRE103;PRE103;---;0203;;;N;N;N;;;;;FX;GNS;FPO;;;;;5.15;0.00;1.00;1.00;0.00;5.00;0.00;3;1992-01-01;MFL;;;PA;1992-01-01
DEU;DEU306120203;;RET;2007-05-03;2007-05-03;MEE101;MEE101;---;0203;;;N;N;N;;;;;FX;GNS;FPO;;;;;4.84;0.00;1.00;1.00;0.00;5.00;0.00;3;1992-11-01;MFL;;;PA;1978-01-01
DEU;DEU306130233;;RET;2012-07-13;2012-07-13;STEI2;STEI2;SEESCHWALBE;0221;;;N;N;N;;;;;FX;GNS;FPO;;;;;4.85;0.00;1.00;1.00;0.00;11.00;0.00;1;1980-07-31;MFL;;;PA;1965-01-01
DEU;DEU306140213;;RET;2003-09-25;2003-09-25;GROE8;GROE8;ERIKA;0214;;;N;N;N;;;;;FX;GNS;FPO;;;;;7.83;0.00;2.00;2.40;0.00;31.00;0.00;3;1980-04-01;MFL;;;PA;1980-01-01
DEU;DEU306150205;;MOD;2024-10-10;2100-12-31;HER2;HER2;OLLI;DEHDF;Heringsdorf;;N;Y;N;N;N;N;;GO;GNS;LLS;;;;;4.80;0.00;1.00;0.00;0.00;5.00;0.00;3;1997-06-03;MFL;;;;1993-01-01
DEU;DEU306160233;;RET;2010-10-31;2010-10-31;HOH106;HOH106;HEIDI;0233;;;N;N;N;;;;;FX;GNS;FPO;;;;;4.82;0.00;1.00;1.00;0.00;3.00;0.00;3;1997-06-23;MFL;;;PA;1995-01-01
DEU;DEU306170234;;RET;2004-06-25;2004-06-25;LIP7B;LIP7B;CLAUDIA;0234;;;N;N;N;;;;;FX;GNS;FPO;;;;;7.01;0.00;2.00;0.00;0.00;17.00;0.00;3;1999-03-26;MFL;;;PA;1999-01-01
DEU;DEU306180207;;RET;2001-11-05;2001-11-05;HEIL201;HEIL201;JESSICA;0207;;;N;N;N;;;;;FX;GNS;FPO;;;;;4.60;0.00;1.00;1.00;0.00;4.00;0.00;;1997-07-08;4CZ;;;PA;
DEU;DEU306200236;;MOD;2023-03-03;2100-12-31;BUR3;BUR3;ANNIKA;DEBSK;Burgstaaken;DD8867;Y;Y;N;N;Y;N;;GO;GNS;FPO;;;;;5.88;0.00;1.00;0.00;0.00;18.00;0.00;3;1998-10-05;MFL;;;PA;1998-01-01
DEU;DEU306210205;;MOD;2010-07-06;2100-12-31;BUR31;BUR31;---;0206;;;N;Y;N;;;;;FX;GNS;FPO;;;;;5.08;0.00;1.00;0.00;0.00;11.00;0.00;3;1998-10-13;MFL;;;;1982-01-01
DEU;DEU306220238;;RET;2014-06-27;2014-06-27;STRU115;STRU115;---;0238;;;N;N;N;;;;;FX;GNS;FPO;;;;;5.94;0.00;2.00;0.00;0.00;10.00;0.00;3;1998-12-21;MFL;;;PA;1994-01-01
DEU;DEU306230206;;RET;2022-04-07;2022-04-07;BUR16;BUR16;MISCHI III;DEBSK;Burgstaaken;;N;N;N;N;;N;;GO;GNS;FPO;;;;;5.80;0.00;1.00;0.00;0.00;6.00;0.00;1;1998-12-28;MFL;;;PA;1974-01-01
DEU;DEU306240216;;RET;2006-06-20;2006-06-20;GRO202;GRO202;WEGA;0216;;;N;N;N;;;;;FX;GNS;LLS;;;;;8.75;0.00;2.00;0.00;0.00;19.00;0.00;3;1999-04-26;MFL;;;PA;1999-01-01
DEU;DEU306250207;;CHA;2010-08-16;2100-12-31;SAS69N;SAS69N;BLANKAAL;0602;;;N;Y;N;;;;;FX;GNS;LLS;;;;;7.80;0.00;2.00;0.00;0.00;24.00;0.00;1;1999-04-01;MFL;;;PA;1958-01-01
DEU;DEU306260205;;MOD;2016-09-01;2100-12-31;RED11N;RED11N;---;0604;;;N;Y;N;;;;;FX;GNS;FPO;;;;;4.65;0.00;1.00;0.00;0.00;7.00;0.00;3;2000-01-11;MFL;;;;1985-01-01
DEU;DEU306270205;;RET;2014-01-20;2014-01-20;NEU8;NEU8;RENI;0205;;;N;N;N;;;;;FX;GNS;FPO;;;;;4.90;0.00;1.00;0.00;0.00;6.00;0.00;3;2000-06-05;MFL;;;PA;1985-01-01
DEU;DEU306280218;;MOD;2003-01-01;2100-12-31;GOT206;GOT206;---;0218;;;N;Y;N;;;;;FX;GNS;FPO;;;;;5.75;0.00;1.00;0.00;0.00;3.00;0.00;3;2000-10-20;MFL;;;;1984-01-01
DEU;DEU306290228;;RET;2011-06-22;2011-06-22;SIE1A;SIE1A;---;0228;;;N;N;N;;;;;FX;GNS;FPO;;;;;4.37;0.00;1.00;0.00;0.00;3.00;0.00;3;2000-10-25;MFL;;;PA;1988-01-01
DEU;DEU306300235;;MOD;2025-01-23;2100-12-31;ORT2;ORT2;HOFFNUNG;DEORT;Orth/Fehmarn;DF6166;Y;Y;N;N;Y;N;;GO;FPO;GNS;GTR;LLS;;;4.66;0.00;1.00;0.00;0.00;19.00;0.00;3;2001-11-27;MFL;;;;2001-01-01
DEU;DEU306310205;;CHA;2024-08-15;2100-12-31;NEU6;NEU6;Anni;DENHO;"Neustadt"", Holstein";DD5771;Y;Y;N;N;Y;N;;GO;GNS;FPO;;;;;4.83;0.00;1.00;0.00;0.00;4.00;0.00;3;2001-11-08;MFL;;;PA;2001-01-01
DEU;DEU306320259;;RET;2018-01-19;2018-01-19;LEM2;LEM2;MOEWE;0259;;;N;N;N;;;;;GO;GNS;FPO;;;;;4.90;0.00;1.00;0.00;0.00;7.00;0.00;3;2001-12-10;MFL;;;PA;2001-01-01
DEU;DEU306330205;;MOD;2015-10-27;2100-12-31;NEU4;NEU4;NADINE;0205;;;N;Y;N;;;;;FX;GNS;FPO;;;;;6.00;0.00;1.00;0.00;0.00;10.00;0.00;3;2002-09-12;MFL;;;;1974-01-01
DEU;DEU306340228;;RET;2018-07-23;2018-07-23;SIE109;SIE109;TINA;0228;;;N;N;N;N;;N;;GO;GNS;LLS;;;;;4.65;0.00;1.00;0.00;0.00;3.00;0.00;3;2003-08-11;MFL;;;PA;2002-01-01
DEU;DEU306350216;;MOD;2024-06-18;2100-12-31;GRO104;GRO104;---;DEGRO;Grossenbrode;DF8992;Y;Y;N;N;Y;N;;GO;FPO;GNS;;;;;5.00;0.00;1.00;0.00;0.00;15.00;0.00;3;2003-10-20;MFL;;;;1993-01-01
DEU;DEU306360207;;RET;2004-10-01;2004-10-01;HEIL103;HEIL103;SARAH;0207;;;N;N;N;;;;;FX;GNS;LLS;;;;;4.70;0.00;1.00;0.00;0.00;4.00;0.00;3;2003-11-04;MFL;;;PA;1992-01-01
DEU;DEU306370204;;MOD;2021-10-01;2100-12-31;TIM6;TIM6;KLEEN ANNA;DE64Z;Niendorf Ostsee;;N;Y;N;N;;N;;GO;GNS;FPO;;;;;7.20;0.00;2.00;0.00;0.00;18.00;0.00;3;2003-11-14;MFL;;;;2003-01-01
DEU;DEU306380206;;RET;2018-01-25;2018-01-25;BUR3A;BUR3A;---;0206;;;N;N;N;N;;N;;GO;GNS;LLS;;;;;4.70;0.00;1.00;0.00;0.00;5.00;0.00;1;2003-11-27;MFL;;;PA;1990-01-01
DEU;DEU306390211;;RET;2011-10-28;2011-10-28;HAF4;HAF4;---;0211;;;N;N;N;;;;;FX;GNS;LLS;;;;;4.28;0.00;1.00;0.00;0.00;6.00;0.00;3;2004-04-02;MFL;;;PA;2001-01-01
DEU;DEU306400218;;RET;2015-10-05;2015-10-05;GOT2A;GOT2A;---;0218;;;N;N;N;;;;;FX;GNS;FPO;;;;;4.40;0.00;1.00;0.00;0.00;3.00;0.00;3;2004-07-01;MFL;;;PA;2004-01-01
DEU;DEU306410207;;RET;2014-02-24;2014-02-24;LEM5;LEM5;CLAUDIA;0259;;;N;N;N;;;;;FX;GNS;FPO;;;;;5.50;0.00;1.00;0.00;0.00;7.00;0.00;3;2005-03-21;MFL;;;PA;2005-01-01
DEU;DEU306420207;;RET;2017-07-17;2017-07-17;HEIL14;HEIL14;PIGVAR;0207;;;N;N;N;;;;;FX;GNS;LLS;;;;;5.62;0.00;1.00;0.00;0.00;13.00;0.00;3;2005-09-27;MFL;;;PA;2001-01-01
DEU;DEU306430202;;RET;2021-12-30;2021-12-30;SCHLU10;SCHLU10;---;DELSP;Lübeck-Schlutup;;N;N;N;N;;N;;GO;GNS;FPO;;;;;6.00;0.00;1.00;0.00;0.00;12.00;0.00;3;2007-03-01;MFL;;;PA;1975-01-01
DEU;DEU306440239;;RET;2025-03-04;2025-03-04;KEL1;KEL1;Constantia I;DE63V;Kellenhusen;DK8353;Y;N;N;N;Y;N;;GO;GNS;FPO;;;;;4.34;0.00;1.00;0.00;0.00;7.00;0.00;3;2007-03-26;MFL;;;PA;2007-01-01
DEU;DEU306450216;;MOD;2025-04-01;2100-12-31;GRO3;GRO3;BIRGIT;DEGRO;Grossenbrode;DC6924;Y;Y;N;N;N;N;;GO;GNS;FPO;LLS;GTR;;;5.06;0.00;1.00;0.00;0.00;11.00;0.00;3;2008-03-18;MFL;;;;1970-01-01
DEU;DEU306460206;;RET;2011-10-07;2011-10-07;BUR30;BUR30;---;0206;;;N;N;N;;;;;FX;GNS;FPO;;;;;5.30;0.00;1.00;0.00;0.00;5.00;0.00;3;2009-09-11;MFL;;;PA;1995-01-01
DEU;DEU306470216;;CHA;2020-07-21;2100-12-31;HEIL95;HEIL95;RUBY;0216;;DJ2902;Y;Y;N;N;;N;;GO;GNS;LLS;;;;;6.96;0.00;2.00;0.00;0.00;22.00;0.00;3;2015-04-23;MFL;;;PA;2005-01-01
DEU;DEU306480207;;MOD;2020-04-21;2100-12-31;HEIL1;HEIL1;FALKE;0207;;DJ3752;Y;Y;N;N;;N;;GO;GNS;LLS;;;;;5.10;0.00;1.00;0.00;0.00;18.00;0.00;3;2016-07-29;MFL;;;;1995-01-01
DEU;DEU306490207;;RET;2024-09-09;2024-09-09;HEIL15A;HEIL15A;MONIKA;DEHHF;Heiligenhafen;;N;N;N;N;N;N;;GO;FPO;GNS;;;;;4.26;0.00;1.00;0.00;0.00;11.00;0.00;3;2017-09-25;MFL;;;PA;1984-01-01
DEU;DEU306500206;;MOD;2025-01-20;2100-12-31;BUR1;BUR1;LORBASS;DEBSK;Burgstaaken;DFG7980;Y;Y;N;Y;N;N;;GO;LLS;GNS;FPO;GTR;;;4.80;0.00;1.00;0.00;0.00;4.00;0.00;3;2019-08-07;MFL;;;;1987-01-01
DEU;DEU306510254;;MOD;2025-01-23;2100-12-31;DAH100;DAH100;CONSTANTIA;DEDHI;Dahme;DB8875;Y;Y;N;N;Y;N;;GO;GNS;FPO;LLS;GTR;;;5.00;0.00;1.00;0.00;0.00;44.00;0.00;3;2020-11-01;MFL;;;;2020-09-01
DEU;DEU306530207;;CHA;2024-09-09;2100-12-31;HEIL15A;HEIL15A;MONIKA;DEHHF;Heiligenhafen;DA6914;Y;Y;N;N;Y;N;;GO;FPO;GNS;GTR;LLS;;;5.10;0.00;1.00;0.00;0.00;11.00;0.00;3;2024-07-16;MFL;;;PA;1986-01-01
DEU;DEU400010109;;RET;1992-11-30;1992-11-30;SEE4;SEE4;KEHRWIEDER;0109;;;N;N;N;;;;;FX;OTB;NO;;;;;5.50;0.00;0.00;2.14;0.00;7.00;0.00;;1967-04-10;C19;;;PA;
DEU;DEU400020109;;RET;1992-11-30;1992-11-30;SEE8;SEE8;LIESEL;0109;;;N;N;N;;;;;FX;GNS;NO;;;;;4.80;0.00;0.00;1.63;0.00;4.00;0.00;;1920-12-31;C19;;;PA;
DEU;DEU400030109;;MOD;2018-04-18;2100-12-31;MAA19;MAA19;GOODENWIND II;0210;;DIOV;Y;Y;Y;Y;;Y;211519000;TTW;OTB;PTB;;;;;17.24;15.51;42.00;0.00;0.00;165.00;0.00;2;1981-05-26;MFL;;;;1971-01-01
DEU;DEU400040109;;RET;1995-09-21;1995-09-21;SE10;SE10;ROLAND I;0109;;DFPP;Y;N;N;;;;;FX;TBB;PTB;;;;;23.94;22.80;107.00;98.60;0.00;221.00;0.00;;1982-06-01;C12;;;PA;
DEU;DEU400050119;;RET;1992-11-30;1992-11-30;KOL5;KOL5;HELGA;0119;;;N;N;N;;;;;FX;GNS;NK;;;;;7.00;0.00;0.00;3.46;0.00;7.00;0.00;;1971-02-18;C19;;;PA;
DEU;DEU400060119;;RET;1992-11-30;1992-11-30;KOL6;KOL6;LISA;0119;;;N;N;N;;;;;FX;GNS;NK;;;;;11.00;0.00;0.00;8.55;0.00;26.00;0.00;;1970-11-08;C19;;;PA;
DEU;DEU400070103;;DES;2002-11-22;2002-11-22;SG18;SG18;KEHRWIEDER;0103;;DITB;Y;N;N;;;;;FX;OTB;NO;;;;;21.76;20.66;0.00;74.01;0.00;221.00;0.00;2;1973-06-08;4C3;;;AC;1973-01-01
DEU;DEU400080103;;DES;2002-11-22;2002-11-22;SG19;SG19;HEIKE;0103;;DIRU;Y;N;N;;;;;FX;OTB;OTM;;;;;20.16;17.50;0.00;74.28;0.00;221.00;0.00;2;1969-01-16;4C3;;;AC;1968-01-01
DEU;DEU400090118;;RET;2017-10-13;2017-10-13;SK30;SK30;KULLE CHRISTOPH;0219;;DIWR;Y;N;N;Y;;Y;;GO;GNS;OTB;;;;;11.99;10.72;19.00;0.00;0.00;186.00;0.00;1;1984-08-01;MFL;;;AC;1984-01-01
DEU;DEU400100107;;RET;2014-07-28;2014-07-28;CUX12;CUX12;ANNE K.;0301;;DIRJ;Y;N;Y;;;;;FX;TBB;OTB;;;;;14.72;13.67;25.00;22.52;0.00;184.00;0.00;1;1968-05-20;MFL;;;PA;1968-01-01
DEU;DEU400110107;;RET;1999-11-16;1999-11-16;FRI3;FRI3;HOLSATIA;DE68S;Friedrichskoog;DIST;Y;N;N;;;;;TUB;TBB;OTB;;;;;13.05;0.00;16.00;15.07;0.00;151.00;0.00;1;1963-04-01;4C5;;;PA;1962-01-01
DEU;DEU400120107;;RET;1999-11-16;1999-11-16;WIT1;WIT1;CHRISTINA;0123;;DIQQ;Y;N;N;;;;;FX;TBB;NO;;;;;14.32;0.00;26.00;19.05;0.00;124.00;0.00;;1967-04-01;4C5;;;PA;
DEU;DEU400130107;;MOD;2015-03-25;2100-12-31;SPI4;SPI4;POLARSTERN;DENKX;Neukirchen;DIRH;Y;Y;N;N;N;N;;TU;TBB;OTB;;;;;14.21;13.10;21.00;20.51;0.00;151.00;0.00;1;1968-05-01;MFL;;;;1967-01-01
DEU;DEU400140107;;MOD;2025-09-04;2100-12-31;HUS1;HUS1;NANTJE;DEHUS;Husum;DIQL;Y;Y;N;N;Y;N;211520700;TU;TBB;GNS;OTB;FPO;LLS;;13.25;12.42;16.00;0.00;0.00;190.00;0.00;1;1965-07-01;MFL;;;;1965-01-01
DEU;DEU400150107;;MOD;2025-04-23;2100-12-31;SC22;SC22;FALKE;DEBUM;Büsum;DIQT;Y;Y;N;N;N;Y;211556620;TU;TBB;OTB;;;;;14.29;13.04;21.00;0.00;0.00;130.00;0.00;1;1964-08-03;MFL;;;;1964-01-01
DEU;DEU400160107;;RET;2012-11-01;2012-11-01;ST9;ST9;GODEWIND;DETOE;Tönning;DIRK;Y;N;Y;;;;;TUB;TBB;NO;;;;;14.18;13.27;19.00;18.30;0.00;151.00;0.00;1;1969-01-01;MFL;;;PA;1968-01-01
DEU;DEU400170107;;MOD;2012-07-06;2100-12-31;ST7;ST7;Eider;DETOE;Tönning;DIRQ;Y;Y;Y;Y;N;N;;TUB;TBB;OTB;;;;;12.35;11.61;10.00;10.83;0.00;123.00;0.00;1;1965-04-20;MFL;;;;1965-01-01
DEU;DEU400180107;;RET;2025-02-20;2025-02-20;DOR6;DOR6;HEIMATLAND;DE75Q;Dorum;DIUP;Y;N;N;N;N;N;;TU;TBB;OTB;;;;;13.17;12.25;16.00;0.00;0.00;129.00;0.00;1;1965-01-27;MFL;;;PA;1964-01-01
DEU;DEU400190107;;RET;2003-01-02;2003-01-02;FRI75;FRI75;LUISE;DE68S;Friedrichskoog;DIYK;Y;N;N;;;;;TUB;TBB;NO;;;;;15.50;14.21;21.00;22.02;0.00;184.00;0.00;1;1971-07-01;MFL;;;PA;1941-01-01
DEU;DEU400200107;;DES;2005-12-07;2005-12-07;CUX15;CUX15;CARINA;DECUX;Cuxhaven;DITD;Y;N;N;;;;;TUB;TBB;OTB;;;;;14.98;13.97;20.00;16.67;0.00;151.00;0.00;1;1964-06-12;MFL;;;PA;1964-01-01
DEU;DEU400210107;;RET;2004-11-04;2004-11-04;NEU236;NEU236;SIRIUS;DENHS;Neuharlingersiel;DB5381;Y;N;N;;;;;TUB;TBB;OTB;;;;;13.15;12.20;15.00;15.66;0.00;151.00;0.00;1;1957-01-01;MFL;;;PA;1957-01-01
DEU;DEU400220107;;RET;2013-07-18;2013-07-18;GRE34;GRE34;HORNSRIFF;0308;;DIZQ;Y;N;Y;;;;;FX;TBB;OTB;;;;;14.58;13.56;26.00;23.97;0.00;221.00;0.00;1;1960-11-01;MFL;;;PA;1960-01-01
DEU;DEU400230107;;RET;1995-09-21;1995-09-21;SD2;SD2;BLINKFUER;DE68S;Friedrichskoog;DJFY;Y;N;N;;;;;TUB;TBB;NO;;;;;15.33;0.00;0.00;19.51;0.00;124.00;0.00;1;1965-08-05;C11;;;PA;1965-01-01
DEU;DEU400240107;;MOD;2024-08-01;2100-12-31;GRE3;GRE3;GERMANIA;DEGRE;Greetsiel;DITK;Y;Y;Y;Y;N;Y;211647800;TU;TBB;OTB;;;;;17.26;15.52;48.00;0.00;0.00;221.00;0.00;2;1974-07-01;MFL;;;;1974-01-01
DEU;DEU400250107;;RET;2008-10-01;2008-10-01;NEU234;NEU234;BELUGA;DENHS;Neuharlingersiel;DFCQ;Y;N;Y;;;;;TUB;TBB;OTB;;;;;15.34;13.80;25.00;0.00;4.00;164.00;0.00;1;1977-10-09;MFL;;;PA;1971-01-01
DEU;DEU400260107;;RET;2019-02-15;2019-02-15;SC23;SC23;HOFFNUNG;0101;;DISX;Y;N;Y;Y;;Y;;TU;TBB;NK;;;;;15.66;14.48;26.00;0.00;0.00;151.00;0.00;1;1972-04-01;MFL;;;PA;1971-01-01
DEU;DEU400270107;;RET;2007-03-20;2007-03-20;SD6;SD6;CAP ARKONA;DE68S;Friedrichskoog;DIRF;Y;N;Y;;;;;TUB;TBB;OTB;;;;;19.95;17.82;59.00;34.87;0.00;221.00;0.00;2;1968-02-01;MFL;;;PA;1968-01-01
DEU;DEU400280107;;MOD;2023-09-07;2100-12-31;SD7;SD7;DELPHIN;DE68S;Friedrichskoog;DIUY;Y;N;Y;Y;N;Y;211510290;TU;TBB;OTB;;;;;18.71;16.82;59.00;0.00;0.00;216.00;0.00;2;1979-08-26;MFL;;;;1979-01-01
DEU;DEU400290107;;RET;2014-03-24;2014-03-24;SC16;SC16;MIA HANSEN;0101;;DIWK;Y;N;Y;;;;;FX;TBB;OTB;;;;;14.35;12.89;29.00;27.00;0.00;183.00;0.00;3;1983-11-01;MFL;;;PA;1983-01-01
DEU;DEU400300107;;RET;2010-04-06;2010-04-06;SD9;SD9;DIEKSAND;DE68S;Friedrichskoog;DIRB;Y;N;Y;;;;;TUB;TBB;OTB;;;;;16.65;15.27;37.00;30.82;0.00;184.00;0.00;1;1968-02-25;MFL;;;PA;1968-01-01
DEU;DEU400310107;;EXP;1990-01-02;1990-01-02;SD10;SD10;BUSSARD;0107;;DFNM;Y;N;N;;;;;FX;TBB;NO;;;;;16.55;0.00;0.00;31.31;0.00;110.00;0.00;;1968-08-14;4;NLD;EX;PA;
DEU;DEU400320107;;RET;2005-12-21;2005-12-21;SD11;SD11;HINDENBURG;DE68S;Friedrichskoog;DISC;Y;N;Y;;;;;TUB;TBB;OTB;;;;;17.23;0.00;38.00;35.14;0.00;184.00;0.00;1;1970-03-07;MFL;;;PA;1970-01-01
DEU;DEU400330107;;MOD;2018-01-19;2100-12-31;SC20;SC20;WIKING;0101;;DISE;Y;Y;Y;Y;;Y;218556000;TU;TBB;OTB;;;;;15.71;14.56;26.00;0.00;0.00;172.00;0.00;1;1970-05-01;MFL;;;;1970-01-01
DEU;DEU400340107;;MOD;2022-03-04;2100-12-31;SD13;SD13;ANTARES;DE68S;Friedrichskoog;DITA;Y;Y;Y;Y;;Y;211158000;TU;TBB;OTB;;;;;16.17;15.17;35.00;0.00;0.00;221.00;0.00;2;1973-04-21;MFL;;;;1973-01-01
DEU;DEU400350107;;RET;2014-07-23;2014-07-23;SC13;SC13;CONDOR;0101;;DISD;Y;N;Y;;;;;FX;TBB;OTB;;;;;15.90;15.04;30.00;29.09;0.00;184.00;0.00;1;1970-05-01;MFL;;;PA;1970-01-01
DEU;DEU400360107;;MOD;2015-01-02;2100-12-31;SD15;SD15;HANSEAT;0107;;DIVW;Y;Y;Y;;;;;FX;TBB;OTB;;;;;16.65;14.93;43.00;34.48;0.00;221.00;0.00;2;1982-08-01;MFL;;;PA;1982-01-01
DEU;DEU400370107;;MOD;2017-04-02;2100-12-31;WRE2;WRE2;POLLI;0305;;DIUZ;Y;Y;Y;;;;;FX;TBB;OTB;;;;;16.04;0.00;28.00;0.00;0.00;221.00;0.00;2;1979-08-01;MFL;;;PA;1979-01-01
DEU;DEU400380107;;MOD;2015-03-30;2100-12-31;ST18;ST18;ATLANTIK;0105;;DISR;Y;Y;Y;;;;;FX;TBB;OTB;;;;;16.21;0.00;33.00;28.93;0.00;221.00;0.00;2;1971-03-01;MFL;;;PA;1971-01-01
DEU;DEU400390107;;DES;2022-02-18;2022-02-18;SW8;SW8;FREYJA;DEWYK;Wyk Auf Föhr;DISO;Y;N;Y;Y;;Y;211679730;TU;TBB;OTB;;;;;17.62;16.02;35.00;0.00;0.00;221.00;0.00;1;1971-05-01;MFL;;;PA;1971-01-01
DEU;DEU400400107;;RET;2011-02-28;2011-02-28;CUX13;CUX13;SEEROSE;DECUX;Cuxhaven;DISP;Y;N;Y;;;;;TUB;TBB;OTB;;;;;15.65;14.48;31.00;0.00;0.00;183.00;0.00;1;1971-06-01;MFL;;;PA;1971-01-01
DEU;DEU400410107;;MOD;2015-03-04;2100-12-31;SD22;SD22;KORMORAN;DE68S;Friedrichskoog;DITZ;Y;Y;Y;Y;;Y;211426000;TU;TBB;NO;;;;;16.42;14.48;32.00;0.00;0.00;221.00;0.00;2;1976-10-19;MFL;;;;1976-01-01
DEU;DEU400420107;;MOD;2013-04-01;2100-12-31;ST23;ST23;ODIN I;0105;;DIRI;Y;Y;Y;;;;;FX;TBB;OTB;;;;;16.02;0.00;37.00;36.00;0.00;221.00;0.00;2;1986-07-23;MFL;;;;1986-01-01
DEU;DEU400430107;;MOD;2023-04-05;2100-12-31;SD24;SD24;VENUS;DE68S;Friedrichskoog;DITW;Y;Y;Y;Y;N;Y;211370000;TU;TBB;OTB;;;;;15.09;13.80;28.00;0.00;0.00;221.00;0.00;1;1976-06-01;MFL;;;PA;1976-01-01
DEU;DEU400440107;;RET;2005-05-10;2005-05-10;ST9;ST9;NORDFRIESLAND;DETOE;Tönning;DJHW;Y;N;N;;;;;TUB;TBB;GNS;;;;;15.47;13.80;21.00;20.80;0.00;153.00;0.00;1;1968-08-03;MFL;;;PA;1968-01-01
DEU;DEU400450107;;MOD;2022-01-03;2100-12-31;SD26;SD26;PALOMA G;DE68S;Friedrichskoog;DIWG;Y;Y;Y;Y;;Y;211396000;TU;TBB;OTB;;;;;16.72;14.93;43.00;0.00;0.00;220.00;0.00;2;1983-05-20;MFL;;;;1983-01-01
DEU;DEU400460107;;MOD;2013-04-01;2100-12-31;ACC14;ACC14;GERDA KATHARINA;0313;;DIUO;Y;Y;Y;;;;;FX;TBB;OTB;;;;;16.73;14.62;35.00;34.10;0.00;221.00;0.00;2;1979-05-01;MFL;;;;1978-01-01
DEU;DEU400470107;;DES;2007-10-18;2007-10-18;GRE36;GRE36;CORMORAN;DEGRE;Greetsiel;DFOC;Y;N;N;;;;;TUB;TBB;OTB;;;;;14.99;14.04;25.00;24.30;0.00;140.00;0.00;1;1982-04-01;MFL;;;PA;1963-01-01
DEU;DEU400480107;;RET;2014-10-08;2014-10-08;SD31;SD31;UTHOLM;0107;;DJEE;Y;N;Y;;;;;FX;TBB;OTB;;;;;16.15;15.05;29.00;27.18;0.00;182.00;0.00;1;1963-05-01;MFL;;;PA;1963-01-01
DEU;DEU400490107;;MOD;2022-04-08;2100-12-31;PEL32;PEL32;TUEMMLER;DEPEL;Pellworm;DIXU;Y;Y;Y;Y;;Y;211182000;TU;TBB;OTB;;;;;18.01;16.24;43.00;0.00;0.00;221.00;0.00;2;1985-07-24;MFL;;;PA;1985-01-01
DEU;DEU400500107;;RET;2023-04-01;2023-04-01;DOR8;DOR8;MARLIES;DE75Q;Dorum;DCQD;Y;N;Y;Y;N;Y;211351000;TU;TBB;OTB;;;;;17.24;15.45;41.00;0.00;0.00;221.00;0.00;2;1984-05-14;MFL;;;PA;1973-01-01
DEU;DEU400510107;;MOD;2019-01-18;2100-12-31;SD34;SD34;KEEN TIED;0101;;DDEW;Y;Y;Y;Y;;Y;211419000;TU;TBB;OTB;;;;;15.65;13.86;28.00;0.00;0.00;184.00;0.00;1;1982-06-01;MFL;;;;1973-01-01
DEU;DEU400520107;;MOD;2013-04-01;2100-12-31;SD35;SD35;MARSCHENLAND;DE68S;Friedrichskoog;DIQK;Y;Y;Y;Y;N;Y;211563000;TU;TBB;OTB;;;;;18.84;16.89;53.00;40.00;2.00;220.00;0.00;2;1987-06-21;MFL;;;;1987-01-01
DEU;DEU400530101;;RET;1991-11-30;1991-11-30;BUES2;BUES2;BLUME;0101;;;N;N;N;;;;;FX;TBB;NO;;;;;9.75;0.00;0.00;4.49;0.00;66.00;0.00;;1938-12-31;4;;;PA;
DEU;DEU400540101;;RET;2005-02-08;2005-02-08;BUES4;BUES4;ADLER;DEBUM;Büsum;DJIC;Y;N;N;;;;;TUB;TBB;NO;;;;;13.20;0.00;13.00;14.65;0.00;100.00;0.00;1;1965-01-03;MFL;;;PA;1946-01-01
DEU;DEU400550101;;DES;1991-07-20;1991-07-20;BUES6;BUES6;DAGGI;0101;;DJID;Y;N;N;;;;;FX;TBB;NO;;;;;12.81;0.00;0.00;13.21;0.00;125.00;0.00;;1957-02-01;4;;;PA;
DEU;DEU400560101;;RET;1993-08-10;1993-08-10;BUES10;BUES10;NEPTUN;0101;;DJHM;Y;N;N;;;;;FX;DRB;NO;;;;;38.00;36.10;0.00;206.64;0.00;265.00;0.00;;1974-07-31;Z25;;;PA;
DEU;DEU400570101;;RET;1995-09-21;1995-09-21;SC1;SC1;GODENWIND;DEBUM;Büsum;DJHV;Y;N;N;;;;;TUB;TBB;NO;;;;;14.20;0.00;0.00;19.31;0.00;184.00;0.00;1;1968-08-24;C11;;;PA;1968-01-01
DEU;DEU400580101;;CHA;2024-06-06;2100-12-31;SC2;SC2;Stolper Bank;DEBUM;Büsum;DIVQ;Y;Y;Y;Y;N;Y;211552000;TU;TBB;OTB;;;;;19.71;17.75;65.00;0.00;0.00;221.00;0.00;2;1982-03-01;MFL;;;PA;1982-01-01
DEU;DEU400590101;;DES;1991-10-02;1991-10-02;SC3;SC3;FRANK C;0101;;DIUS;Y;N;N;;;;;FX;LLS;OTB;;;;;29.56;26.58;172.00;108.58;0.00;386.00;0.00;;1979-05-01;3;;;PA;
DEU;DEU400600101;;MOD;2019-12-12;2100-12-31;SC4;SC4;CAP SKAGEN;0101;;DITO;Y;Y;Y;Y;;Y;211807040;TU;TBB;OTB;;;;;17.88;16.10;43.00;0.00;0.00;220.00;0.00;3;1986-10-01;MFL;;;;1986-01-01
DEU;DEU400610101;;MOD;2022-04-12;2100-12-31;ST28;ST28;Glückauf;DETOE;Tönning;DIXG;Y;Y;Y;Y;;Y;211325290;TU;TBB;OTB;;;;;19.93;18.10;67.00;0.00;0.00;221.00;0.00;2;1988-06-06;MFL;;;;1988-01-01
DEU;DEU400620101;;MOD;2022-07-22;2100-12-31;SC6;SC6;Helm Sand;DEBUM;Büsum;DISU;Y;Y;Y;Y;;Y;211626320;TU;TBB;FPO;OTB;;;;18.79;17.00;67.00;0.00;0.00;221.00;0.00;2;1986-10-01;MFL;;;;1986-01-01
DEU;DEU400630101;;MOD;2018-10-01;2100-12-31;SC7;SC7;SEEFUCHS;0101;;DIUQ;Y;Y;Y;Y;;Y;211339220;TU;TBB;OTB;;;;;22.48;20.19;90.00;0.00;0.00;221.00;0.00;2;1979-09-16;MFL;;;;1979-01-01
DEU;DEU400640101;;MOD;2018-04-06;2100-12-31;SD17;SD17;JULINA-LUISE;0107;;DLYR;Y;Y;Y;Y;;Y;211403000;TU;TBB;OTB;;;;;17.15;15.44;38.00;0.00;0.00;220.00;57.00;2;1971-09-01;MFL;;;PA;1971-01-01
DEU;DEU400650101;;MOD;2025-04-01;2100-12-31;SC14;SC14;MARET;DEBUM;Büsum;DJIJ;Y;N;Y;Y;N;Y;211294100;TU;TBB;OTB;;;;;18.22;16.95;44.00;0.00;0.00;221.00;0.00;1;1969-06-02;MFL;;;;1969-01-01
DEU;DEU400660101;8538340;MOD;2021-01-15;2100-12-31;SH16;SH16;MARIE LOUISE;DEHHF;Heiligenhafen;DIWD;Y;Y;Y;Y;;Y;211588480;TU;TBB;OTB;;;;;23.24;21.17;83.00;0.00;0.00;221.00;0.00;2;1983-01-02;MFL;;;;1983-01-01
DEU;DEU400670101;;RET;2005-01-18;2005-01-18;GRE32;GRE32;ALBATROS;DEGRE;Greetsiel;DITV;Y;N;N;;;;;TUB;TBB;OTB;;;;;19.31;16.97;43.00;43.37;0.00;221.00;0.00;2;1976-03-17;MFL;;;PA;1962-01-01
DEU;DEU400680101;;RET;2012-01-31;2012-01-31;ST22;ST22;KORONA;DETOE;Tönning;DLXU;Y;N;Y;;;;;TUB;TBB;OTB;;;;;16.57;15.36;37.00;37.06;0.00;169.00;0.00;1;1967-04-15;MFL;;;PA;1967-01-01
DEU;DEU400690101;;DES;1992-12-22;1992-12-22;SC21;SC21;BLAUORT;DEBUM;Büsum;DDEZ;Y;N;N;;;;;TUB;TBB;OTB;;;;;24.18;0.00;94.00;80.00;0.00;184.00;0.00;2;1972-06-26;C11;;;PA;1967-01-01
DEU;DEU400700101;;RET;2004-11-16;2004-11-16;SC22;SC22;HENNY II;0101;;DFQK;Y;N;N;;;;;FX;PTB;OTB;;;;;26.24;23.62;104.00;95.96;0.00;551.00;0.00;2;1988-02-04;MFL;;;PA;1968-01-01
DEU;DEU400710101;;EXP;1991-05-29;1991-05-29;SC23;SC23;WIKO I;0101;;DJZH;Y;N;N;;;;;TO;OTB;NO;;;;;25.76;24.30;0.00;62.06;0.00;217.00;0.00;;1974-09-24;3;IRL;EX;PA;
DEU;DEU400720101;;RET;1991-07-12;1991-07-12;SC24;SC24;BALTIK;0101;;DIYJ;Y;N;N;;;;;FX;OTB;NO;;;;;31.16;29.30;0.00;136.67;0.00;441.00;0.00;;1972-08-01;3;;;PA;
DEU;DEU400740101;;RET;2005-02-07;2005-02-07;SC26;SC26;ANGELA;0101;;DIYI;Y;N;Y;;;;;FX;OTB;PTB;;;;;27.88;24.91;186.00;121.80;0.00;441.00;0.00;2;1986-03-12;MFL;;;PA;1986-01-01
DEU;DEU400750101;;EXP;1991-07-20;1991-07-20;SC29;SC29;WIKO II;0101;;DAHT;Y;N;N;;;;;FX;PTB;NO;;;;;26.80;25.15;0.00;105.79;0.00;243.00;0.00;;1987-09-03;3;NLD;EX;PA;
DEU;DEU400760101;;RET;1991-11-30;1991-11-30;SC30;SC30;BEATE WIKA;0101;;DKOV;Y;N;N;;;;;FX;TBB;NO;;;;;18.30;0.00;0.00;47.99;0.00;182.00;0.00;;1952-01-01;4;;;PA;
DEU;DEU400770101;;MOD;2019-04-05;2100-12-31;SD5;SD5;HORNSRIFF;0101;;DIUE;Y;Y;Y;Y;;Y;211193000;TU;TBB;OTB;;;;;17.50;15.13;35.00;0.00;0.00;184.00;0.00;2;1977-05-14;MFL;;;;1959-01-01
DEU;DEU400780101;;DES;2003-06-10;2003-06-10;SC33;SC33;JOKE SABINE;DEBUM;Büsum;DJGS;Y;N;N;;;;;TUB;TBB;OTB;;;;;19.47;17.45;39.00;36.75;0.00;221.00;0.00;1;1947-01-01;MFL;;;PA;1947-01-01
DEU;DEU400790101;;MOD;2020-02-12;2100-12-31;SC34;SC34;DITHMARSCHEN I;0101;;DIRV;Y;Y;Y;Y;;Y;211310410;TU;TBB;OTB;;;;;18.09;16.64;46.00;0.00;0.00;221.00;0.00;1;1969-09-09;MFL;;;;1969-01-01
DEU;DEU400800101;;MOD;2025-05-05;2100-12-31;SC36;SC36;ACHAT;DEBUM;Büsum;DIVU;Y;Y;N;N;N;Y;211543290;TU;TBB;OTB;;;;;11.06;0.00;15.00;0.00;0.00;118.00;0.00;1;1988-04-20;MFL;;;;1986-01-01
DEU;DEU400810101;8335308;MOD;2024-12-19;2100-12-31;SC44;SC44;KLAUS GROTH I;DEBUM;Büsum;DIUC;Y;Y;Y;Y;N;Y;211316900;TU;TBB;OTB;;;;;24.55;21.89;81.00;0.00;0.00;221.00;0.00;2;1977-10-15;MFL;;;;1959-01-01
DEU;DEU400820101;;RET;1993-06-30;1993-06-30;SC45;SC45;BUSSARD II;0101;;DJNR;Y;N;N;;;;;FX;TBB;NO;;;;;15.40;0.00;0.00;21.99;0.00;135.00;0.00;;1953-12-29;4;;;PA;
DEU;DEU400830101;;RET;2024-06-04;2024-06-04;CUX11;CUX11;NORDWIND;DECUX;Cuxhaven;DJHT;Y;N;Y;Y;N;Y;211692850;TU;TBB;OTB;;;;;17.61;15.81;45.00;0.00;0.00;221.00;0.00;2;1968-06-15;MFL;;;PA;1968-01-01
DEU;DEU400840101;;EXP;1991-11-30;1991-11-30;SC54;SC54;SCHWALBE;0101;;DJHS;Y;N;N;;;;;TUB;TBB;NO;;;;;17.77;0.00;0.00;35.09;0.00;162.00;0.00;;1968-06-14;4;DNK;EX;PA;
DEU;DEU400850101;;RET;2023-02-03;2023-02-03;SC57;SC57;SÜDWIND;DEBUM;Büsum;DJRS;Y;N;Y;Y;;Y;211427000;TU;TBB;OTB;;;;;18.84;17.38;48.00;0.00;0.00;221.00;0.00;1;1949-01-01;MFL;;;PA;1949-01-01
DEU;DEU400860101;;DES;2005-06-07;2005-06-07;SC58;SC58;ODERBANK;DEBUM;Büsum;DIXM;Y;N;Y;;;;;TUB;TBB;OTB;;;;;19.60;17.37;85.00;65.00;0.00;221.00;0.00;2;1989-04-18;MFL;;;PA;1989-01-01
DEU;DEU400870106;;MOD;2025-04-29;2100-12-31;HEL4;HEL4;CLAUDIA;DEHGL;Helgoland;DD7820;Y;Y;N;N;Y;N;211400480;GO;FPO;GNS;;;;;11.11;0.00;8.00;0.00;0.00;54.00;0.00;1;1971-06-01;MFL;;;;1971-01-01
DEU;DEU400890106;;RET;2005-04-20;2005-04-20;HEL9;HEL9;ANGELIKA;0106;;;N;N;N;;;;;FX;GNS;NK;;;;;10.67;0.00;8.00;8.83;0.00;20.00;0.00;1;1975-06-01;MFL;;;PA;1950-01-01
DEU;DEU400910106;;RET;2005-04-20;2005-04-20;HEL11;HEL11;DIE LIEBE;0106;;;N;N;N;;;;;FX;GNS;NK;;;;;9.70;9.62;5.00;7.90;0.00;48.00;0.00;1;1965-05-01;MFL;;;PA;1965-01-01
DEU;DEU400920106;;RET;2020-08-14;2020-08-14;HEL15;HEL15;URANUS;0106;;;N;N;N;N;;N;;GO;FPO;GNS;;;;;10.47;0.00;7.00;0.00;0.00;99.00;0.00;1;1974-06-24;MFL;;;PA;1974-01-01
DEU;DEU400940106;;RET;1997-03-10;1997-03-10;HEL19;HEL19;FRAUKE;0106;;;N;N;N;;;;;FX;GNS;NK;;;;;8.20;0.00;3.00;4.75;0.00;14.00;0.00;;1965-01-01;4C1;;;PA;
DEU;DEU400950106;;RET;1992-05-01;1992-05-01;HEL24;HEL24;FRIEDA;0106;;;N;N;N;;;;;FX;GNS;NK;;;;;10.60;0.00;0.00;7.94;0.00;51.00;0.00;;1964-05-10;C19;;;PA;
DEU;DEU400960106;;MOD;2010-02-09;2100-12-31;HEL26;HEL26;JAN VAN GENT;0106;;;N;Y;N;;;;;FX;GNS;NO;;;;;10.06;9.00;7.00;7.06;0.00;93.00;0.00;1;1963-04-10;MFL;;;;1963-01-01
DEU;DEU400970106;;RET;2004-07-16;2004-07-16;ARN10;ARN10;---;0223;;;N;N;N;;;;;FX;GNS;NK;;;;;10.08;0.00;6.00;7.18;0.00;61.00;0.00;1;1963-05-20;MFL;;;PA;1961-01-01
DEU;DEU400980106;;RET;2013-04-30;2013-04-30;HEL29;HEL29;ATLANTIS;0106;;;N;Y;N;;;;;FX;GNS;NO;;;;;10.15;0.00;7.00;7.28;0.00;59.00;0.00;1;1978-06-09;MFL;;;PA;1967-01-01
DEU;DEU400990106;;RET;2014-10-31;2014-10-31;HEL30;HEL30;STOERTEBEKER;0106;;;N;N;N;;;;;FX;GNS;NO;;;;;10.11;0.00;7.00;8.20;0.00;53.00;0.00;1;1964-05-02;MFL;;;PA;1964-01-01
DEU;DEU401000106;;RET;2019-01-14;2019-01-14;HEL31;HEL31;SELLEBRUNN;0106;;;N;N;N;N;;N;;GO;GNS;NO;;;;;10.65;0.00;7.00;0.00;0.00;99.00;0.00;1;1965-01-01;MFL;;;PA;1965-01-01
DEU;DEU401010106;;RET;2003-01-01;2003-01-01;HEL1;HEL1;RASMUS;0106;;;N;N;N;;;;;FX;GNS;NK;;;;;10.09;0.00;7.00;7.20;0.00;53.00;0.00;1;1991-12-31;MFL;;;PA;1966-01-01
DEU;DEU401020106;;RET;2006-09-28;2006-09-28;HEL33;HEL33;BARBARA;0106;;;N;N;N;;;;;FX;GNS;FPO;;;;;9.97;0.00;6.00;0.00;0.00;50.00;0.00;1;1962-05-05;MFL;;;PA;1962-01-01
DEU;DEU401030106;;RET;2001-03-13;2001-03-13;HEL34;HEL34;NATHURN;0106;;DD5045;Y;N;N;;;;;FX;GNS;NK;;;;;10.15;0.00;7.00;7.28;0.00;48.00;0.00;;1964-05-01;4C1;;;PA;
DEU;DEU401040106;;RET;2002-09-09;2002-09-09;HEL35;HEL35;GISELA;0106;;;N;N;N;;;;;FX;GNS;NK;;;;;10.09;0.00;7.00;8.52;0.00;88.00;0.00;;1966-05-01;4C1;;;PA;
DEU;DEU401050106;;RET;2003-04-07;2003-04-07;HEL36;HEL36;SEEADLER;0106;;;N;N;N;;;;;FX;GNS;LLS;;;;;10.11;0.00;7.00;7.22;0.00;37.00;0.00;1;1971-05-01;MFL;;;PA;1964-01-01
DEU;DEU401060106;;RET;2014-07-16;2014-07-16;KIE38;KIE38;KORMORAN;0201;;DJ4534;Y;N;N;;;;;FX;GNS;NO;;;;;10.04;0.00;7.00;0.00;0.00;88.00;0.00;1;1967-05-01;MFL;;;PA;1966-01-01
DEU;DEU401070106;;RET;2018-06-27;2018-06-27;HEL39;HEL39;ATOLL;0106;;;N;N;N;N;;N;;GO;GNS;NK;;;;;10.05;0.00;7.00;0.00;0.00;44.00;0.00;1;1973-05-20;MFL;;;PA;1973-01-01
DEU;DEU401100106;;RET;2005-02-07;2005-02-07;HEL32;HEL32;SEETEUFEL II;0106;;;N;N;N;;;;;FX;GNS;NK;;;;;9.80;0.00;6.00;6.79;0.00;52.00;0.00;1;1966-01-01;MFL;;;PA;1959-01-01
DEU;DEU401110101;9045259;RET;2016-01-11;2016-01-11;SC28;SC28;LUMMETJE;0101;;DIZL;Y;N;Y;;;;;MO;TBB;OTB;;;;;23.98;21.01;137.00;0.00;0.00;220.00;0.00;2;1991-02-21;MFL;;;PA;1990-01-01
DEU;DEU401120106;;RET;1997-10-22;1997-10-22;HEL2;HEL2;PIRAT;0106;;;N;N;N;;;;;FX;GNS;NK;;;;;10.00;0.00;7.00;7.06;0.00;44.00;0.00;;1962-12-31;4C1;;;PA;
DEU;DEU401130106;;MOD;2017-07-14;2100-12-31;HEL28;HEL28;PINGUIN;0106;;;N;Y;N;;;;;FX;GNS;NO;;;;;10.08;0.00;7.00;0.00;0.00;92.00;0.00;1;1967-03-27;MFL;;;;1967-01-01
DEU;DEU401150101;;CHA;2017-02-01;2100-12-31;TRA4;TRA4;ANKE;0203;;DIZW;Y;N;N;;;;;FX;GNS;OTB;;;;;11.99;10.92;20.00;0.00;0.00;183.00;0.00;3;1991-06-03;MFL;;;PA;1991-01-01
DEU;DEU401160101;9021710;EXP;2011-11-18;2011-11-18;SC41;SC41;OSTEREMS;DEBUM;Büsum;DIQR;Y;N;Y;;;;;TUB;TBB;OTB;;;;;23.99;0.00;167.00;108.82;0.00;220.00;0.00;2;1991-07-12;MFL;GBR;EX;PA;1991-01-01
DEU;DEU401170101;9021722;EXP;2004-09-27;2004-09-27;SC42;SC42;WESTEREMS;DEBUM;Büsum;DIQN;Y;N;Y;;;;;TUB;TBB;OTB;;;;;23.97;21.35;167.00;108.82;0.00;220.00;0.00;2;1991-07-25;MFL;NLD;EX;PA;1991-01-01
DEU;DEU401180101;;DES;2023-09-07;2023-09-07;SC9;SC9;WOTAN;DEBUM;Büsum;DIZO;Y;N;Y;Y;N;Y;211572000;TU;TBB;OTB;;;;;17.79;15.18;46.00;0.00;0.00;221.00;0.00;3;1991-06-28;MFL;;;PA;1991-01-01
DEU;DEU401190101;9019418;EXP;2011-03-25;2011-03-25;SC10;SC10;AMRUMBANK;DEBUM;Büsum;DIRT;Y;N;Y;;;;;TUB;TBB;PTB;;;;;23.98;21.44;157.00;116.57;0.00;219.00;0.00;2;1991-11-30;MFL;GBR;EX;PA;1991-01-01
DEU;DEU401200101;9019389;EXP;2011-03-25;2011-03-25;SC20;SC20;WIKING BANK;DEBUM;Büsum;DISA;Y;N;Y;;;;;TUB;TBB;PTB;;;;;23.94;0.00;159.00;98.20;0.00;220.00;0.00;2;1992-03-25;MFL;GBR;EX;PA;1992-01-01
DEU;DEU401210101;9073593;MOD;2013-01-01;2100-12-31;BRA2;BRA2;BUTENDIEK;DEBKE;Brake;DIRZ;Y;N;Y;Y;N;Y;211555000;TU;TBB;OTB;;;;;23.99;21.67;149.00;0.00;0.00;221.00;0.00;2;1992-02-28;MFL;;;;1992-01-01
DEU;DEU401220101;;EXP;2007-10-01;2007-10-01;SC30;SC30;EVERT-JAN;DEBUM;Büsum;DITY;Y;N;Y;;;;;TUB;TBB;OTB;;;;;23.99;20.67;160.00;118.52;0.00;220.00;0.00;2;1992-06-03;MFL;IRL;EX;PA;1992-01-01
DEU;DEU401230119;;RET;1993-07-16;1993-07-16;HAS1;HAS1;PUETZ;0119;;;N;N;N;;;;;FX;GNS;GNS;;;;;4.00;0.00;0.00;1.00;0.00;26.00;0.00;;1993-04-07;C19;;;PA;
DEU;DEU401250101;8538170;MOD;2025-03-31;2100-12-31;SC11;SC11;ANNE-GRET;DEBUM;Büsum;DIYM;Y;N;Y;Y;N;Y;211339490;TU;TBB;OTB;;;;;19.85;17.31;73.00;0.00;0.00;221.00;0.00;3;1994-12-23;MFL;;;;1994-01-01
DEU;DEU401260101;9056129;EXP;2022-09-08;2022-09-08;SC35;SC35;JACOB SENIOR;DEBUM;Büsum;DIRY;Y;N;Y;Y;;Y;211241240;TU;OTB;TBB;;;;;23.90;0.00;159.00;0.00;0.00;220.00;0.00;2;1995-04-27;MFL;IRL;EX;PA;1995-01-01
DEU;DEU401270101;9056131;EXP;2023-03-10;2023-03-10;SC45;SC45;MARIJTJE KEUTER;DEBUM;Büsum;DIYU;Y;N;Y;Y;;Y;211279120;TU;OTB;TBB;;;;;23.89;21.02;159.00;0.00;0.00;221.00;0.00;2;1995-05-15;MFL;IRL;EX;PA;1995-01-01
DEU;DEU401300101;;EXP;1997-05-12;1997-05-12;SC3;SC3;JENNY;DEBUM;Büsum;DKFD;Y;N;N;;;;;TUB;TBB;NO;;;;;42.84;40.00;256.00;256.00;0.00;191.00;0.00;2;1995-07-13;4CZ;NLD;EX;PA;1954-01-01
DEU;DEU401310101;;DES;1999-10-12;1999-10-12;BUES13;BUES13;LUETTE CONDOR;DEBUM;Büsum;;N;N;N;;;;;TUB;TBB;OTB;;;;;9.00;0.00;8.00;0.00;0.00;90.00;0.00;2;1998-04-21;4C5;;;PA;1998-01-01
DEU;DEU401320101;;CHA;2011-01-01;2100-12-31;BUES9;BUES9;NOBODY;0101;;;N;Y;N;;;;;FX;GNS;FPO;;;;;5.21;0.00;1.00;0.00;0.00;7.00;0.00;3;2001-11-14;MFL;;;PA;2001-01-01
DEU;DEU401330101;;MOD;2024-08-13;2100-12-31;NEU243;NEU243;Anna Catharina;DENHS;Neuharlingersiel;DD8461;Y;Y;Y;Y;N;Y;211386440;TU;TBB;OTB;;;;;22.74;19.98;83.00;0.00;0.00;221.00;140.00;2;2003-04-15;MFL;;;;2003-01-01
DEU;DEU401340101;8538687;EXP;2014-08-20;2014-08-20;SC58;SC58;THOR;0101;;DIRS;Y;N;Y;;;;;TU;TBB;OTB;;;;;19.96;17.84;69.00;0.00;0.00;221.00;0.00;2;2005-05-27;MFL;NLD;EX;PA;2005-01-01
DEU;DEU401350107;8574772;MOD;2025-07-07;2100-12-31;SD19;SD19;Cap Arkona;DE68S;Friedrichskoog;DISJ;Y;Y;Y;Y;N;Y;211815000;TU;TBB;OTB;;;;;19.85;17.42;76.00;0.00;0.00;221.00;111.00;2;2005-11-16;MFL;;;;2005-01-01
DEU;DEU404010101;;RET;2013-05-21;2013-05-21;BUES3;BUES3;FLIPPER;0101;;DIXV;Y;Y;N;;;;;FX;TBB;GNS;;;;;10.53;9.45;11.00;18.08;0.00;60.00;0.00;1;1986-01-01;MFL;;;PA;1985-01-01
DEU;DEU404020101;;RET;2023-03-10;2023-03-10;BUES5;BUES5;YVONNE;DEBUM;Büsum;;N;N;N;N;;N;;TU;TBB;GNS;;;;;10.08;0.00;7.00;0.00;0.00;37.00;0.00;1;1988-01-13;MFL;;;PA;1970-01-01
DEU;DEU404030101;;RET;2001-08-01;2001-08-01;BUES218;BUES218;IMKE;DEBUM;Büsum;;N;N;N;;;;;TUB;TBB;NO;;;;;9.35;0.00;5.00;6.18;0.00;26.00;0.00;3;1980-09-05;4C5;;;PA;1980-01-01
DEU;DEU404040101;;RET;2004-10-11;2004-10-11;BUES231;BUES231;SEESCHWALBE;DEBUM;Büsum;;N;N;N;;;;;TUB;TBB;NO;;;;;9.75;0.00;4.00;6.72;0.00;66.00;0.00;1;1991-04-01;MFL;;;PA;1938-01-01
DEU;DEU404050128;;RET;2009-01-01;2009-01-01;BRU11;BRU11;MAPLE;DEBRB;Brunsbüttel;;N;N;N;;;;;TUB;TBB;FPO;;;;;9.00;0.00;3.00;5.72;0.00;25.00;0.00;2;1974-05-10;MFL;;;PA;1973-01-01
DEU;DEU404060101;;RET;2000-12-28;2000-12-28;TOEN54;TOEN54;FRIEDA;0105;;;N;N;N;;;;;FX;GNS;TBB;;;;;6.80;0.00;1.00;4.32;0.00;12.00;0.00;;1979-01-01;4C1;;;PA;
DEU;DEU404070101;;RET;2004-05-04;2004-05-04;BUES209;BUES209;MANUELA-F.;0101;;;N;N;N;;;;;FX;GNS;TBB;;;;;5.99;0.00;1.00;2.54;0.00;22.00;0.00;1;1980-08-01;MFL;;;PA;1980-01-01
DEU;DEU404080101;;RET;2010-01-15;2010-01-15;BUES4;BUES4;Henry;DEBUM;Büsum;;N;N;N;;;;;TUB;TBB;NO;;;;;5.95;0.00;2.00;0.00;0.00;34.00;0.00;3;1992-01-01;MFL;;;PA;1971-01-01
DEU;DEU404090106;;RET;2013-12-31;2013-12-31;GLUE6;GLUE6;GELA;0103;;;N;Y;N;;;;;FX;FPO;GNS;;;;;7.10;0.00;2.00;3.56;0.00;12.00;0.00;1;1991-09-01;MFL;;;PA;1978-01-01
DEU;DEU404100106;;RET;2005-02-10;2005-02-10;HEL201;HEL201;JULIA;0106;;;N;N;N;;;;;FX;GNS;OTB;;;;;8.00;0.00;3.00;4.52;0.00;25.00;0.00;1;1988-01-04;MFL;;;PA;1959-01-01
DEU;DEU404110106;;RET;2005-05-02;2005-05-02;FLE23;FLE23;DOGGER;0213;;;N;N;N;;;;;FX;GNS;LLS;;;;;5.50;0.00;1.00;2.14;0.00;10.00;0.00;3;1984-01-01;MFL;;;PA;1974-01-01
DEU;DEU404120106;;RET;2016-06-03;2016-06-03;HEL211;HEL211;METEOR;0106;;;N;N;N;;;;;FX;GNS;NO;;;;;10.15;0.00;8.00;0.00;0.00;63.00;0.00;2;1986-01-01;MFL;;;PA;1986-01-01
DEU;DEU404130101;;RET;2003-07-15;2003-07-15;MEL1;MEL1;MARTIN C;0130;;;N;N;N;;;;;FX;GNS;NO;;;;;5.70;0.00;1.00;2.30;0.00;37.00;0.00;1;1992-01-01;MFL;;;PA;1992-01-01
DEU;DEU404140101;;RET;1995-01-31;1995-01-31;MEL2;MEL2;MARLIN;0101;;;N;N;N;;;;;FX;GNS;NO;;;;;5.99;0.00;1.00;2.53;0.00;16.00;0.00;;1900-12-31;C19;;;PA;
DEU;DEU404150101;;RET;1995-01-31;1995-01-31;MEL210;MEL210;STUMMEL;0101;;;N;N;N;;;;;FX;GNS;NO;;;;;4.60;0.00;1.00;1.50;0.00;4.00;0.00;;1980-09-06;C19;;;PA;
DEU;DEU404160107;;RET;1996-06-12;1996-06-12;FRI19;FRI19;NICOLE;0107;;;N;N;N;;;;;FX;GNS;NO;;;;;7.96;0.00;3.00;4.48;0.00;85.00;0.00;;1991-04-01;C19;;;PA;
DEU;DEU404170107;;RET;2019-09-30;2019-09-30;FRI21;FRI21;NORDERNEY;0107;;;N;N;N;N;;N;;GO;GNS;TBB;;;;;6.50;0.00;2.00;0.00;0.00;20.00;0.00;3;1992-01-01;MFL;;;PA;1992-01-01
DEU;DEU404180107;;RET;2015-05-21;2015-05-21;FRI201;FRI201;URSULA;0107;;;N;N;N;;;;;FX;GNS;NO;;;;;6.50;0.00;2.00;2.99;0.00;20.00;0.00;3;1979-06-05;MFL;;;PA;1979-01-01
DEU;DEU404190107;;RET;1995-01-31;1995-01-31;FRI203;FRI203;TINA;0107;;;N;N;N;;;;;FX;GNS;NO;;;;;7.20;0.00;2.00;3.66;0.00;17.00;0.00;;1979-01-01;C19;;;PA;
DEU;DEU404200128;;RET;2015-02-01;2015-02-01;NEU1;NEU1;SUSANNE;0128;;DH4089;Y;N;N;;;;;FX;GNS;TBB;;;;;7.82;0.00;3.00;4.32;0.00;29.00;0.00;1;1989-03-03;MFL;;;PA;1989-01-01
DEU;DEU404210128;;MOD;2018-03-21;2100-12-31;NEU2;NEU2;ROMIE;0128;;;N;Y;N;N;;N;;GO;GNS;TBB;;;;;8.50;0.00;3.00;0.00;0.00;29.00;0.00;3;1989-08-01;MFL;;;;1989-01-01
DEU;DEU404220128;;RET;2015-10-01;2015-10-01;FRI22;FRI22;LISCHEN;0107;;;N;N;N;;;;;FX;TBB;FPO;;;;;6.96;0.00;2.00;3.42;0.00;27.00;0.00;1;1981-03-16;MFL;;;PA;1952-01-01
DEU;DEU404230128;;RET;2019-08-20;2019-08-20;NEU149;NEU149;SONJA;0131;;;N;N;N;N;;N;;TU;TBB;NK;;;;;9.00;0.00;4.00;0.00;0.00;31.00;0.00;2;1979-01-01;MFL;;;PA;1979-01-01
DEU;DEU404240128;;RET;2002-10-24;2002-10-24;NEU153;NEU153;GILA;DENEF;Neufeld;;N;N;N;;;;;TUB;TBB;GNS;;;;;7.00;0.00;2.00;3.46;0.00;19.00;0.00;5;1973-12-31;4C1;;;PA;1973-01-01
DEU;DEU404250128;;RET;2008-12-31;2008-12-31;NEU167;NEU167;JULE;DENEF;Neufeld;;N;N;N;;;;;TUB;TBB;GNS;;;;;6.20;0.00;1.00;2.71;0.00;7.00;0.00;3;1986-05-15;MFL;;;PA;1986-01-01
DEU;DEU404260128;;RET;1996-10-21;1996-10-21;BRU10;BRU10;JETTE;0128;;;N;N;N;;;;;FX;GNS;NO;;;;;7.50;0.00;2.00;3.98;0.00;7.00;0.00;;1992-01-01;C19;;;PA;
DEU;DEU404270128;;RET;1996-10-21;1996-10-21;BRU12;BRU12;KUMAJESA;0128;;;N;N;N;;;;;FX;GNS;NO;;;;;3.00;0.00;1.00;0.64;0.00;3.00;0.00;;1900-12-31;C19;;;PA;
DEU;DEU404280128;;RET;1997-12-23;1997-12-23;BRU14;BRU14;ERLE;0128;;;N;N;N;;;;;FX;GNS;NO;;;;;5.00;0.00;1.00;1.80;0.00;22.00;0.00;;1992-01-01;4C1;;;PA;
DEU;DEU404290128;;RET;1995-01-31;1995-01-31;BRU15;BRU15;CHANTENA;0128;;;N;N;N;;;;;FX;GNS;NO;;;;;9.50;0.00;7.00;6.38;0.00;43.00;0.00;;1979-01-01;C19;;;PA;
DEU;DEU404300128;;RET;1995-01-31;1995-01-31;BRU18;BRU18;HOLSTEIN;0128;;;N;N;N;;;;;FX;GNS;NO;;;;;8.00;0.00;3.00;4.52;0.00;19.00;0.00;;1900-12-31;C19;;;PA;
DEU;DEU404310128;;RET;1996-10-21;1996-10-21;BRU19;BRU19;NEPTUN;0128;;;N;N;N;;;;;FX;GNS;NO;;;;;3.80;0.00;1.00;1.02;0.00;4.00;0.00;;1980-08-07;C19;;;PA;
DEU;DEU404320128;;RET;1995-01-31;1995-01-31;BRU22;BRU22;MOEWE;0128;;;N;N;N;;;;;FX;GNS;NO;;;;;9.50;0.00;5.00;6.38;0.00;59.00;0.00;;1980-09-11;C19;;;PA;
DEU;DEU404330103;;RET;2010-12-31;2010-12-31;GLUE1;GLUE1;LEE;0103;;;N;N;N;;;;;FX;GNS;NO;;;;;6.10;0.00;1.00;2.63;0.00;7.00;0.00;1;1961-12-31;MFL;;;PA;1961-01-01
DEU;DEU404340103;;MOD;2003-01-01;2100-12-31;GLUE2;GLUE2;INGE;0103;;;N;Y;N;;;;;FX;GNS;NO;;;;;7.00;0.00;2.00;3.46;0.00;13.00;0.00;3;1975-06-01;MFL;;;;1971-01-01
DEU;DEU404350103;;RET;1996-10-21;1996-10-21;GLUE6;GLUE6;BUCKEL;0103;;;N;N;N;;;;;FX;GNS;NO;;;;;6.60;0.00;2.00;3.08;0.00;10.00;0.00;;1982-01-14;C19;;;PA;
DEU;DEU404360103;;RET;2015-11-01;2015-11-01;WEW1;WEW1;SONJA;0133;;;N;N;N;;;;;FX;GNS;NK;;;;;4.84;0.00;1.00;0.00;0.00;7.00;0.00;3;1984-06-14;MFL;;;PA;1982-01-01
DEU;DEU404370103;;RET;2018-01-25;2018-01-25;BUR3;BUR3;HEIN;0206;;;N;N;N;N;;N;;GO;GNS;FPO;;;;;5.25;0.00;1.00;0.00;0.00;6.00;0.00;3;1991-12-31;MFL;;;PA;1975-01-01
DEU;DEU404380103;;RET;2006-12-19;2006-12-19;BAH3;BAH3;BAER;0134;;;N;N;N;;;;;FX;GNS;NO;;;;;5.70;0.00;1.00;0.00;0.00;6.00;0.00;3;1980-09-23;MFL;;;PA;1970-01-01
DEU;DEU404390117;;RET;1996-10-21;1996-10-21;BEI11;BEI11;YVONNE;0117;;;N;N;N;;;;;FX;GNS;NO;;;;;6.75;0.00;2.00;3.22;0.00;3.00;0.00;;1979-01-01;C19;;;PA;
DEU;DEU404400103;;RET;1997-12-11;1997-12-11;BRO1;BRO1;HAI;0103;;;N;N;N;;;;;FX;GNS;NO;;;;;7.00;0.00;2.00;3.46;0.00;22.00;0.00;;1987-04-01;4C1;;;PA;
DEU;DEU404410117;;RET;2018-01-15;2018-01-15;ITZ6;ITZ6;---;0136;;;N;N;N;;;;;GO;GNS;FPO;;;;;5.25;0.00;1.00;0.00;0.00;8.00;0.00;3;1981-04-21;MFL;;;PA;1981-01-01
DEU;DEU404420119;;RET;1995-01-31;1995-01-31;KOL2;KOL2;HAUKE;0119;;;N;N;N;;;;;FX;GNS;NO;;;;;6.40;0.00;2.00;2.89;0.00;16.00;0.00;;1980-08-20;C19;;;PA;
DEU;DEU404430119;;MOD;2003-01-01;2100-12-31;KOL4;KOL4;HEIKE;0119;;;N;Y;N;;;;;FX;GNS;NO;;;;;5.50;0.00;1.00;2.14;0.00;8.00;0.00;3;1971-12-31;MFL;;;;1971-01-01
DEU;DEU404440119;;RET;2010-11-10;2010-11-10;KOL5;KOL5;HELGA;0119;;;N;N;N;;;;;FX;GNS;FPO;;;;;7.00;0.00;2.00;3.46;0.00;13.00;0.00;3;1971-02-18;MFL;;;PA;1969-01-01
DEU;DEU404450119;;RET;2010-11-10;2010-11-10;KOL10;KOL10;STINT;0119;;;N;N;N;;;;;FX;GNS;FPO;;;;;6.10;0.00;1.00;2.63;0.00;10.00;0.00;3;1980-09-04;MFL;;;PA;1971-01-01
DEU;DEU404460119;;MOD;2022-05-10;2100-12-31;KOL7;KOL7;MAIKE II;DEKOL;Kollmar;;N;Y;N;N;;N;;GO;FPO;GNS;;;;;8.00;0.00;2.00;0.00;0.00;34.00;0.00;3;1982-08-05;MFL;;;;1982-01-01
DEU;DEU404470117;;RET;2018-09-03;2018-09-03;NEU51;NEU51;SILKE;0117;;;N;N;N;N;;N;;GO;GNS;FPO;;;;;5.50;0.00;1.00;0.00;0.00;7.00;0.00;3;1980-09-08;MFL;;;PA;1970-01-01
DEU;DEU404480119;;RET;2007-11-27;2007-11-27;SEE1;SEE1;ESPERANZA;0109;;;N;N;N;;;;;FX;GNS;NO;;;;;8.50;0.00;3.00;5.11;0.00;41.00;0.00;2;1992-01-01;MFL;;;PA;1985-01-01
DEU;DEU404490109;;RET;2009-05-01;2009-05-01;SEE5;SEE5;KATRIN;0109;;;N;N;N;;;;;FX;GNS;NO;;;;;9.35;0.00;7.00;6.18;0.00;26.00;0.00;2;1986-02-01;MFL;;;PA;1984-01-01
DEU;DEU404500120;;RET;2004-10-04;2004-10-04;UET1;UET1;STURMVOGEL;0120;;;N;N;N;;;;;FX;GNS;NK;;;;;9.00;0.00;5.00;5.72;0.00;50.00;0.00;1;1979-06-21;MFL;;;PA;1979-01-01
DEU;DEU404510120;;RET;1996-10-21;1996-10-21;UET5;UET5;ACHTERUT;0120;;;N;N;N;;;;;FX;GNS;NO;;;;;4.00;0.00;1.00;1.13;0.00;4.00;0.00;;1983-02-08;C19;;;PA;
DEU;DEU404520103;;RET;1995-01-31;1995-01-31;KLE1;KLE1;ADLER;0103;;;N;N;N;;;;;FX;GNS;NO;;;;;4.50;0.00;1.00;1.43;0.00;7.00;0.00;;1980-09-17;C19;;;PA;
DEU;DEU404530120;;MOD;2020-03-25;2100-12-31;HET4;HET4;ANGUILLA III;0139;;;N;Y;N;N;;N;;GO;GNS;NO;;;;;5.85;0.00;1.00;0.00;0.00;5.00;0.00;1;1992-01-01;MFL;;;;1992-01-01
DEU;DEU404540120;;RET;2003-12-15;2003-12-15;WED1;WED1;ORION II;0135;;;N;N;N;;;;;FX;GNS;NO;;;;;4.62;0.00;1.00;1.51;0.00;7.00;0.00;3;1992-01-01;MFL;;;PA;1992-01-01
DEU;DEU404550120;;RET;2019-04-24;2019-04-24;HAS1;HAS1;PUETZ;0120;;;N;N;N;N;;N;;GO;GNS;NO;;;;;4.00;0.00;1.00;0.00;0.00;26.00;0.00;3;1992-01-01;MFL;;;PA;1992-01-01
DEU;DEU404560107;;RET;2003-11-25;2003-11-25;BRU1;BRU1;JETTE;0132;;;N;N;N;;;;;FX;GNS;TBB;;;;;7.95;0.00;3.00;4.47;0.00;32.00;0.00;1;1989-05-16;MFL;;;PA;1989-01-01
DEU;DEU404570107;;RET;2003-02-28;2003-02-28;FRI2;FRI2;BIANCA;DE68S;Friedrichskoog;;N;N;N;;;;;TUB;TBB;GNS;;;;;6.50;0.00;2.00;2.99;0.00;37.00;0.00;1;1996-10-21;MFL;;;PA;1996-01-01
DEU;DEU404580101;;RET;2001-12-17;2001-12-17;BUES2;BUES2;CHICO;DEBUM;Büsum;;N;N;N;;;;;TUB;TBB;GNS;;;;;4.20;0.00;1.00;1.25;0.00;15.00;0.00;2;1996-10-21;4CZ;;;PA;1977-01-01
DEU;DEU404590101;;RET;1999-05-17;1999-05-17;BUES1;BUES1;STEFAN;DEBUM;Büsum;;N;N;N;;;;;TUB;TBB;GNS;;;;;3.80;0.00;1.00;1.02;0.00;4.00;0.00;1;1996-10-21;4CZ;;;PA;1996-01-01
DEU;DEU404600119;;RET;2008-05-26;2008-05-26;KOL12;KOL12;JAN;0119;;;N;N;N;;;;;FX;GNS;FPO;;;;;5.50;0.00;1.00;2.14;0.00;10.00;0.00;1;1996-10-21;MFL;;;PA;1971-01-01
DEU;DEU404610119;;MOD;2012-08-01;2100-12-31;KOL1;KOL1;HAUKE;0119;;;N;Y;N;;;;;FX;GNS;FPO;;;;;8.10;0.00;3.00;4.64;0.00;37.00;0.00;1;1996-10-21;MFL;;;;1996-01-01
DEU;DEU404620118;;RET;2000-03-23;2000-03-23;KAS13;KAS13;JAN;0118;;;N;N;N;;;;;FX;GNS;FPO;;;;;5.00;0.00;1.00;1.77;0.00;33.00;0.00;;1996-10-21;4CZ;;;PA;
DEU;DEU404630101;;RET;1999-07-20;1999-07-20;MEL2;MEL2;MAREIKE;DEMEL;Meldorf;;N;N;N;;;;;TUB;TBB;GNS;;;;;5.60;0.00;1.00;2.22;0.00;7.00;0.00;1;1996-10-21;4CZ;;;PA;1996-01-01
DEU;DEU404640128;;RET;2006-03-22;2006-03-22;BRU17;BRU17;MIKKEL;DEBRB;Brunsbüttel;;N;N;N;;;;;TUB;TBB;GNS;;;;;6.29;0.00;2.00;0.00;0.00;22.00;0.00;1;1996-10-21;MFL;;;PA;1975-01-01
DEU;DEU404670101;;RET;2001-03-13;2001-03-13;BUES250;BUES250;ORKA;DEBUM;Büsum;;N;N;N;;;;;TUB;TBB;FPO;;;;;9.14;0.00;5.00;5.00;0.00;26.00;0.00;3;1996-05-29;4CZ;;;PA;1978-01-01
DEU;DEU404680107;;MOD;2024-08-15;2100-12-31;BUES1;BUES1;De Luettje;DEBUM;Büsum;;N;Y;N;N;Y;N;;TU;TBB;GNS;;;;;7.98;7.00;3.00;0.00;0.00;110.00;0.00;1;1996-06-12;MFL;;;;1996-01-01
DEU;DEU404690448;;RET;2002-09-10;2002-09-10;SEE255;SEE255;STRANDVOGT;0109;;;N;N;N;;;;;FX;FPO;GNS;;;;;5.16;0.00;1.00;1.88;0.00;4.00;0.00;;1996-06-17;4CZ;;;PA;
DEU;DEU404700128;;RET;1996-12-10;1996-12-10;BRU258;BRU258;STEFAN;0128;;;N;N;N;;;;;FX;FPO;GNS;;;;;4.30;0.00;1.00;1.00;0.00;7.00;0.00;;1996-07-01;Z25;;;PA;
DEU;DEU404710129;;RET;2005-05-02;2005-05-02;FLE15;FLE15;DORSCH;0213;;;N;N;N;;;;;FX;GNS;FPO;;;;;4.40;0.00;1.00;1.37;0.00;4.00;0.00;3;1996-06-27;MFL;;;PA;1993-01-01
DEU;DEU404720119;;RET;2005-08-18;2005-08-18;BIE252;BIE252;BISAM;0140;;;N;N;N;;;;;FX;FPO;GNS;;;;;5.50;0.00;1.00;0.00;0.00;7.00;0.00;2;1996-06-15;MFL;;;PA;1972-01-01
DEU;DEU404730119;;MOD;2005-06-29;2100-12-31;BIE251;BIE251;ELVDUEVEL;0140;;;N;Y;N;;;;;FX;FPO;GNS;;;;;6.40;0.00;3.00;2.90;0.00;9.00;0.00;3;1996-06-01;MFL;;;;1981-01-01
DEU;DEU404740107;;RET;2005-12-21;2005-12-21;FRI254;FRI254;INJA;0107;;;N;N;N;;;;;FX;TBB;FPO;;;;;7.95;0.00;3.00;0.00;0.00;24.00;0.00;3;1996-06-03;MFL;;;PA;1996-01-01
DEU;DEU404750101;;RET;2007-01-10;2007-01-10;BUES253;BUES253;STEFAN;DEBUM;Büsum;;N;N;N;;;;;TUB;TBB;FPO;;;;;4.98;0.00;1.00;0.00;0.00;26.00;0.00;3;1996-06-29;MFL;;;PA;1996-01-01
DEU;DEU404760120;;RET;1996-12-10;1996-12-10;UET256;UET256;ACHTERUT;0120;;;N;N;N;;;;;FX;FPO;NO;;;;;4.00;0.00;1.00;1.13;0.00;6.00;0.00;;1996-06-07;C10;;;PA;
DEU;DEU404770133;;RET;1998-06-15;1998-06-15;WEW260;WEW260;FINN;0133;;;N;N;N;;;;;FX;FPO;NK;;;;;3.72;0.00;1.00;0.97;0.00;8.00;0.00;;1996-08-26;4CZ;;;PA;
DEU;DEU404780103;;RET;1997-03-11;1997-03-11;GLUE256;GLUE256;STURMVOGEL;0103;;;N;N;N;;;;;FX;GNS;FPO;;;;;5.85;0.00;1.00;2.42;0.00;6.00;0.00;;1996-09-04;4CZ;;;PA;
DEU;DEU404790133;;RET;2002-12-30;2002-12-30;WEW259;WEW259;CHRISTIAN;0133;;;N;N;N;;;;;FX;FPO;GNS;;;;;4.00;0.00;1.00;1.13;0.00;6.00;0.00;;1996-08-26;4CZ;;;PA;
DEU;DEU404800133;;RET;2001-10-22;2001-10-22;WEW261;WEW261;FEIVEL;0133;;;N;N;N;;;;;FX;FPO;GNS;;;;;3.70;0.00;1.00;1.00;0.00;4.00;0.00;;1996-10-16;4CZ;;;PA;
DEU;DEU404810120;;RET;2008-06-01;2008-06-01;HAS2;HAS2;ERIKA;0141;;;N;N;N;;;;;FX;FPO;GNS;;;;;5.80;0.00;1.00;2.40;0.00;19.00;0.00;3;1996-08-21;MFL;;;PA;1993-01-01
DEU;DEU404820119;;RET;2006-09-25;2006-09-25;KOL1;KOL1;BUTT;0119;;;N;N;N;;;;;FX;GNS;FPO;;;;;5.50;0.00;1.00;0.00;0.00;8.00;0.00;3;1996-10-21;MFL;;;PA;1996-01-01
DEU;DEU404840119;;RET;2012-07-26;2012-07-26;KOL2A;KOL2A;LETTA;0119;;;N;N;N;;;;;FX;FPO;GNS;;;;;5.00;0.00;1.00;0.00;0.00;37.00;0.00;3;1999-03-24;MFL;;;PA;1992-01-01
DEU;DEU404850133;;RET;2005-12-13;2005-12-13;WEW260;WEW260;FINN;0133;;;N;N;N;;;;;FX;FPO;NK;;;;;4.00;0.00;1.00;0.00;0.00;8.00;0.00;3;1998-06-03;MFL;;;PA;1965-01-01
DEU;DEU404870133;;RET;2007-09-28;2007-09-28;WEW301;WEW301;HEIN;0133;;;N;N;N;;;;;FX;FPO;GNS;;;;;4.05;0.00;1.00;0.00;0.00;7.00;0.00;1;1985-12-31;MFL;;;PA;1985-01-01
DEU;DEU404880141;;RET;1999-04-01;1999-04-01;HAS1A;HAS1A;SPEEDY;0141;;;N;N;N;;;;;FX;FPO;GNS;;;;;4.00;0.00;1.00;0.00;0.00;7.00;0.00;;1999-03-30;4CZ;;;PA;
DEU;DEU404890119;;RET;2020-10-30;2020-10-30;KOL11A;KOL11A;JONNY;0119;;;N;N;N;N;;N;;WOP;FPO;GNS;;;;;4.99;0.00;1.00;0.00;0.00;37.00;0.00;3;1999-04-01;MFL;;;PA;1998-01-01
DEU;DEU404900130;;RET;2005-12-07;2005-12-07;MEL2;MEL2;STURMVOGEL;DEMEL;Meldorf;;N;N;N;;;;;TUB;TBB;GNS;;;;;5.10;0.00;1.00;0.00;0.00;7.00;0.00;3;1999-07-06;MFL;;;PA;1999-01-01
DEU;DEU404910109;;MOD;2003-01-01;2100-12-31;SEE300;SEE300;ANJA;DE63D;Seester;;N;Y;N;N;Y;N;;GO;GNS;FPO;;;;;4.00;0.00;1.00;0.00;0.00;4.00;0.00;3;1999-12-14;MFL;;;;1999-01-01
DEU;DEU404920133;;MOD;2003-01-01;2100-12-31;WEW261;WEW261;FEIVEL;0133;;;N;Y;N;;;;;FX;FPO;GNS;;;;;3.82;0.00;1.00;0.00;0.00;4.00;0.00;3;2001-10-11;MFL;;;;1984-01-01
DEU;DEU404930131;;MOD;2023-12-13;2100-12-31;NEU3;NEU3;TINA;DENEF;Neufeld;;N;Y;N;N;Y;N;;TU;TBB;GNS;;;;;8.50;0.00;2.00;0.00;0.00;36.00;0.00;2;2002-06-01;MFL;;;;2002-01-01
DEU;DEU404940131;;RET;2008-05-21;2008-05-21;NEU4;NEU4;DELPHIN;0131;;;N;N;N;;;;;FX;FPO;GNS;;;;;4.65;0.00;1.00;0.00;0.00;11.00;0.00;3;2003-05-06;MFL;;;PA;1996-01-01
DEU;DEU404950130;;RET;2012-08-20;2012-08-20;MEL1;MEL1;MARTIN C.;0130;;;N;N;N;;;;;FX;GNS;OTB;;;;;5.00;0.00;1.00;0.00;0.00;37.00;0.00;3;2003-06-23;MFL;;;PA;1989-01-01
DEU;DEU404970101;;RET;2016-05-11;2016-05-11;BUES6;BUES6;LARISSA;0101;;;N;N;N;;;;;FX;GNS;FPO;;;;;4.30;0.00;1.00;0.00;0.00;24.00;0.00;3;2007-07-30;MFL;;;PA;1984-01-01
DEU;DEU404980101;;RET;2014-09-10;2014-09-10;BUES1;BUES1;LÃ¼TTEN STEFFI;0101;;;N;N;N;;;;;FX;TBB;FPO;;;;;6.54;0.00;2.00;0.00;0.00;26.00;0.00;3;2010-05-21;MFL;;;PA;1970-01-01
DEU;DEU404990119;;RET;2018-08-02;2018-08-02;KOL5;KOL5;Stint II;0119;;;N;N;N;N;;N;;GO;GNS;FPO;;;;;6.23;0.00;1.00;0.00;0.00;12.00;0.00;3;2010-10-11;MFL;;;PA;1986-01-01
DEU;DEU405000103;;RET;2014-07-30;2014-07-30;GLUE6;GLUE6;GELA;0103;;;N;N;N;;;;;FX;FPO;GNS;;;;;5.28;0.00;1.00;0.00;0.00;12.00;0.00;3;2014-01-01;MFL;;;PA;1993-01-01
DEU;DEU405010103;;MOD;2020-10-15;2100-12-31;GLUE6;GLUE6;GELA;0103;;;N;Y;N;N;;N;;GO;FPO;GNS;;;;;4.60;0.00;1.00;0.00;0.00;37.00;0.00;3;2014-08-01;MFL;;;;1988-01-01
DEU;DEU405020106;;RET;2025-07-10;2025-07-10;HEL3;HEL3;KEEM WEER;DEHGL;Helgoland;;N;N;N;N;N;N;;GO;FPO;GNS;;;;;7.92;0.00;3.00;0.00;0.00;53.00;0.00;3;2015-09-09;MFL;;;PA;1989-01-01
DEU;DEU405030101;9833046;MOD;2024-04-03;2100-12-31;SC10;SC10;Amrumbank;DEBUM;Büsum;DJUN;Y;Y;Y;Y;N;Y;211801150;TTW;OTB;SSC;;;;;31.97;0.00;373.00;0.00;0.00;749.00;670.00;2;2018-09-07;MFL;;;;2017-03-09
DEU;DEU405040101;9826756;MOD;2023-08-21;2100-12-31;SC28;SC28;Ora et Labora;DEBUM;Büsum;DISY;Y;Y;Y;Y;N;Y;211806460;TTP;OTB;TBB;;;;;23.98;20.59;150.00;0.00;0.00;221.00;160.00;2;2018-07-23;MFL;;;;2018-01-01
DEU;DEU405050106;;CHA;2019-04-01;2100-12-31;HEL31;HEL31;KÄPTN IGLO;0106;;DB9209;Y;Y;N;N;;N;;WOP;FPO;GNS;;;;;9.20;0.00;5.00;0.00;0.00;92.00;0.00;4;2019-04-01;MFL;;;PA;1966-01-01
DEU;DEU405060119;;CST;2020-10-30;2100-12-31;KOL11A;KOL11A;JONNY;0119;;;N;Y;N;N;;N;;GO;FPO;GNS;;;;;5.20;0.00;1.00;0.00;0.00;29.00;0.00;3;2020-10-30;MFL;;;PA;2020-03-01
DEU;DEU405070119;;CHA;2025-04-29;2100-12-31;KOL6;KOL6;TOLK;DEKOL;Kollmar;;N;Y;N;N;Y;N;;GO;FPO;GNS;;;;;5.65;0.00;1.00;0.00;0.00;22.00;0.00;2;2025-03-11;MFL;;;PA;2022-01-01
DEU;DEU500010115;;RET;2004-09-14;2004-09-14;HEN1;HEN1;---;0115;;;N;N;N;;;;;FX;GNS;NO;;;;;6.00;0.00;1.00;2.54;0.00;2.00;0.00;1;1991-12-31;MFL;;;PA;1940-01-01
DEU;DEU500020115;;MOD;2024-09-30;2100-12-31;HEN2;HEN2;INGRID;DEHNX;Hennstedt;;N;Y;N;N;N;N;;GO;GNS;FPO;;;;;6.05;0.00;1.00;0.00;0.00;19.00;0.00;1;1978-03-15;MFL;;;;1978-01-01
DEU;DEU500030115;;RET;2018-05-11;2018-05-11;HEN3;HEN3;---;0115;;;N;N;N;N;;N;;GO;GNS;NO;;;;;7.50;0.00;2.00;0.00;0.00;7.00;0.00;2;1978-05-01;MFL;;;PA;1978-01-01
DEU;DEU500040115;;MOD;2016-01-01;2100-12-31;HEN4;HEN4;---;DEHNX;Hennstedt;;N;Y;N;N;Y;N;;GO;GNS;FPO;;;;;6.00;0.00;1.00;0.00;0.00;0.00;0.00;1;1958-01-01;MFL;;;;1934-01-01
DEU;DEU500050115;;MOD;2016-01-01;2100-12-31;HEN5;HEN5;---;DEHNX;Hennstedt;;N;Y;N;N;Y;N;;GO;GNS;FPO;;;;;5.65;0.00;1.00;0.00;0.00;4.00;0.00;1;1954-09-01;MFL;;;;1948-01-01
DEU;DEU500060115;;RET;2018-05-11;2018-05-11;HEN8;HEN8;---;0115;;;N;N;N;N;;N;;GO;GNS;NO;;;;;5.80;0.00;1.00;0.00;0.00;0.00;0.00;1;1978-06-01;MFL;;;PA;1978-01-01
DEU;DEU500070115;;MOD;2024-09-30;2100-12-31;HEN12;HEN12;---;DEHNX;Hennstedt;;N;Y;N;N;Y;N;;GO;GNS;FPO;;;;;6.10;0.00;1.00;0.00;0.00;4.00;0.00;1;1987-04-01;MFL;;;;1963-01-01
DEU;DEU500080105;;RET;1999-11-16;1999-11-16;BUES15;BUES15;PALOMA;DEBUM;Büsum;DJET;Y;N;N;;;;;TUB;TBB;OTB;;;;;9.64;9.31;5.00;8.04;0.00;74.00;0.00;3;1978-08-15;4C5;;;PA;1978-01-01
DEU;DEU500090105;;RET;1993-06-30;1993-06-30;TOEN4;TOEN4;PORNSTROM;0105;;DJGD;Y;N;N;;;;;FX;TBB;NO;;;;;14.07;0.00;0.00;16.05;0.00;88.00;0.00;;1960-04-01;4;;;PA;
DEU;DEU500110105;;RET;1994-01-12;1994-01-12;TOEN32;TOEN32;CAPELLA II;DETOE;Tönning;DJFS;Y;N;N;;;;;TUB;TBB;NO;;;;;15.25;0.00;0.00;24.44;0.00;165.00;0.00;1;1965-01-01;C11;;;PA;1965-01-01
DEU;DEU500120105;;MOD;2021-09-10;2100-12-31;SD16;SD16;DAVY JONES;DE68S;Friedrichskoog;DJEZ;Y;N;Y;Y;;Y;211773410;TU;TBB;NK;;;;;16.60;15.25;37.00;0.00;0.00;190.00;0.00;1;1960-04-01;MFL;;;;1960-01-01
DEU;DEU500130105;8528917;RET;2024-06-18;2024-06-18;ST2;ST2;BOREAS;DETOE;Tönning;DJBC;Y;N;Y;Y;N;Y;218299000;TU;TBB;OTM;;;;;25.27;0.00;76.00;0.00;0.00;221.00;0.00;2;1976-05-27;MFL;;;PA;1961-01-01
DEU;DEU500140105;;MOD;2021-04-20;2100-12-31;ACC6;ACC6;Irmgard-Marie;DEACC;Accumersiel;DJBB;Y;Y;Y;Y;;Y;211414290;TU;TBB;OTB;;;;;18.54;15.85;42.00;0.00;0.00;221.00;0.00;2;1964-01-01;MFL;;;;1964-01-01
DEU;DEU500150105;;MOD;2011-03-23;2100-12-31;ST5;ST5;FRIESLAND;DETOE;Tönning;DJDU;Y;Y;Y;Y;N;Y;;TUB;TBB;NO;;;;;20.57;17.68;47.00;0.00;0.00;176.00;0.00;2;1963-12-07;MFL;;;;1959-01-01
DEU;DEU500160105;;DES;1992-03-25;1992-03-25;ST6;ST6;NIS RANDERS;DETOE;Tönning;DJGV;Y;N;N;;;;;TUB;TBB;NO;;;;;15.98;0.00;0.00;29.15;0.00;107.00;0.00;1;1966-12-31;C11;;;PA;1966-01-01
DEU;DEU500170105;;RET;2023-06-06;2023-06-06;GRE8;GRE8;BONA-FIDE;DEGRE;Greetsiel;DLXW;Y;N;Y;Y;N;Y;211651620;TU;TBB;OTB;;;;;17.17;15.24;34.00;0.00;0.00;221.00;0.00;2;1969-11-12;MFL;;;PA;1969-01-01
DEU;DEU500180105;;RET;2012-04-25;2012-04-25;ST8;ST8;SIGRID;DETOE;Tönning;DJEP;Y;N;Y;;;;;TUB;TBB;NO;;;;;19.12;17.39;41.00;40.11;0.00;184.00;0.00;2;1948-01-01;MFL;;;PA;1947-01-01
DEU;DEU500190105;;MOD;2013-04-01;2100-12-31;PEL15;PEL15;WENCKE;0108;;DJDF;Y;Y;Y;;;;;FX;TBB;GNS;;;;;16.40;14.62;34.00;33.99;0.00;221.00;0.00;2;1977-06-15;MFL;;;;1977-01-01
DEU;DEU500200105;;MOD;2024-04-18;2100-12-31;GRE13;GRE13;JAN LOODEN;DEGRE;Greetsiel;DJIV;Y;Y;Y;Y;N;Y;211483620;TU;TBB;OTB;;;;;15.58;13.93;32.00;0.00;0.00;221.00;0.00;2;1980-08-01;MFL;;;;1980-01-01
DEU;DEU500220105;;EXP;1995-02-28;1995-02-28;ST17;ST17;TINA I;DETOE;Tönning;DLYX;Y;N;N;;;;;TUB;TBB;NO;;;;;18.16;0.00;0.00;36.15;0.00;165.00;0.00;2;1972-04-01;C11;NLD;EX;PA;1960-01-01
DEU;DEU500240105;;RET;2014-09-26;2014-09-26;ST20;ST20;POSEIDON;0105;;DJHQ;Y;N;Y;;;;;FX;TBB;OTB;;;;;16.03;14.18;38.00;28.93;0.00;165.00;0.00;1;1968-06-09;MFL;;;PA;1968-01-01
DEU;DEU500250105;;RET;1999-11-16;1999-11-16;SU2;SU2;JUPITER;DEHUS;Husum;DD6372;Y;N;N;;;;;TUB;TBB;OTB;;;;;14.08;0.00;18.00;16.40;0.00;131.00;0.00;1;1981-08-01;4C5;;;PA;1963-01-01
DEU;DEU500260105;;DES;2024-12-09;2024-12-09;SU24;SU24;BIRTE;DEHUS;Husum;DJIF;Y;N;Y;Y;N;Y;211802810;TU;TBB;GNS;;;;;15.90;15.04;32.00;0.00;0.00;221.00;0.00;1;1969-06-01;MFL;;;PA;1969-01-01
DEU;DEU500270105;;MOD;2016-06-15;2100-12-31;SC3;SC3;JAN MAAT;DEBUM;Büsum;DJCE;Y;Y;Y;Y;;Y;211315620;TU;TBB;GNS;;;;;23.69;21.00;59.00;0.00;0.00;221.00;0.00;2;1977-01-02;MFL;;;PA;1963-01-01
DEU;DEU500280105;;MOD;2019-02-13;2100-12-31;SD28;SD28;STELLA POLARIS;0107;;DLZP;Y;Y;Y;Y;;Y;211344000;TU;TBB;GNS;;;;;17.95;16.35;42.00;0.00;0.00;220.00;0.00;1;1973-05-01;MFL;;;;1973-01-01
DEU;DEU500290105;;RET;1992-12-29;1992-12-29;ST29;ST29;BRITTA;0105;;DJBR;Y;N;N;;;;;TUB;TBB;NO;;;;;17.82;0.00;0.00;31.36;0.00;147.00;0.00;;1977-01-02;4;;;PA;
DEU;DEU500300105;8536885;MOD;2025-02-27;2100-12-31;SD11;SD11;Hindenburg;DE68S;Friedrichskoog;DJMP;Y;Y;Y;Y;N;Y;;TU;TBB;OTB;;;;;19.96;18.19;62.00;0.00;0.00;221.00;0.00;2;1984-03-01;MFL;;;;1984-01-01
DEU;DEU500310102;8404848;RET;2008-11-25;2008-11-25;HUS1;HUS1;EDE CUNZE;0102;;DJMU;Y;N;Y;;;;;DO;DRB;NO;;;;;33.17;31.02;161.00;148.41;0.00;292.00;0.00;2;1984-04-01;MFL;;;PA;1984-01-01
DEU;DEU500320102;;DES;1992-11-26;1992-11-26;HUS2;HUS2;HEIKE;DEHUS;Husum;DJGJ;Y;N;N;;;;;TUB;TBB;NO;;;;;14.31;0.00;0.00;15.20;0.00;129.00;0.00;1;1962-04-01;C11;;;PA;1961-01-01
DEU;DEU500330102;;RET;1995-01-10;1995-01-10;HUS6;HUS6;OLAND;DEHUS;Husum;DJFU;Y;N;N;;;;;TUB;TBB;NO;;;;;14.28;0.00;0.00;15.34;0.00;174.00;0.00;1;1964-01-01;C11;;;AC;1963-01-01
DEU;DEU500340102;;RET;2003-12-12;2003-12-12;CUX5;CUX5;TROLL;DECUX;Cuxhaven;DFMX;Y;N;N;;;;;TUB;TBB;OTB;;;;;11.89;11.09;10.00;10.93;0.00;93.00;0.00;1;1987-04-01;MFL;;;PA;1958-01-01
DEU;DEU500350102;;RET;1997-08-01;1997-08-01;HUS8;HUS8;BRANDENBURG;0102;;DJWI;Y;N;N;;;;;FX;DRB;NO;;;;;32.44;29.20;126.00;147.73;0.00;221.00;0.00;;1976-04-15;4CZ;;;PA;
DEU;DEU500360102;;MOD;2014-10-02;2100-12-31;SD14;SD14;EDELWEISS;0107;;DJGC;Y;Y;Y;;;;;FX;TBB;NO;;;;;16.65;15.32;38.00;30.62;0.00;221.00;0.00;1;1966-04-01;MFL;;;;1965-01-01
DEU;DEU500370102;;RET;2007-12-03;2007-12-03;VAR7;VAR7;FALKE I;DEVAR;Varel;DJDW;Y;N;Y;;;;;TUB;TBB;OTB;;;;;15.60;14.70;25.00;22.46;0.00;151.00;0.00;1;1982-01-01;MFL;;;PA;1962-01-01
DEU;DEU500380102;;MOD;2020-12-01;2100-12-31;HUS18;HUS18;FRIESLAND;0126;;DJGB;Y;Y;Y;Y;;Y;211265640;TU;TBB;OTB;;;;;18.76;16.81;40.00;0.00;0.00;219.00;0.00;2;1979-04-01;MFL;;;;1979-01-01
DEU;DEU500390102;;MOD;2010-03-18;2100-12-31;HUS19;HUS19;MARION;DEHUS;Husum;DJGF;Y;Y;Y;Y;N;Y;;TUB;TBB;OTB;;;;;18.51;17.05;43.00;36.98;0.00;184.00;0.00;1;1980-04-01;MFL;;;;1980-01-01
DEU;DEU500400102;;MOD;2015-03-09;2100-12-31;SD10;SD10;CHRISTINE;0107;;DJCH;Y;Y;Y;;;;;FX;TBB;NO;;;;;15.08;13.80;26.00;0.00;0.00;190.00;0.00;1;1976-12-01;MFL;;;;1976-01-01
DEU;DEU500410102;;RET;2019-04-02;2019-04-02;SC2;SC2;ZUKUNFT;0102;;DLYQ;Y;N;Y;N;;Y;;TU;TBB;OTB;;;;;15.55;14.48;26.00;0.00;0.00;184.00;0.00;1;1971-08-01;MFL;;;PA;1971-01-01
DEU;DEU500420102;;RET;2012-12-17;2012-12-17;FED8;FED8;ANITA;0311;;DCPF;Y;N;N;;;;;FX;TBB;OTB;;;;;14.76;13.59;20.00;18.41;0.00;146.00;0.00;1;1988-09-13;MFL;;;PA;1956-01-01
DEU;DEU500430102;;DES;1991-11-28;1991-11-28;ST22;ST22;SUEDEROOG;0105;;DJFO;Y;N;N;;;;;FX;TBB;NO;;;;;18.14;0.00;0.00;40.56;0.00;180.00;0.00;;1978-11-30;4;;;PA;
DEU;DEU500440102;;MOD;2010-08-04;2100-12-31;SU3;SU3;THEODOR STORM;DEHUS;Husum;DJDM;Y;Y;Y;Y;N;Y;;TUB;TBB;OTB;;;;;18.56;17.03;48.00;46.00;0.00;219.00;0.00;1;1977-10-07;MFL;;;PA;1977-01-01
DEU;DEU500450102;;EXP;1991-07-01;1991-07-01;SU4;SU4;ALK;0102;;DDBX;Y;N;N;;;;;MO;TBB;NO;;;;;17.98;0.00;0.00;49.06;0.00;162.00;0.00;;1986-12-04;4;NLD;EX;PA;
DEU;DEU500460105;;EXP;1993-01-08;1993-01-08;TOEN6;TOEN6;BIRGIT;0105;;DA7121;Y;N;N;;;;;FX;TBB;NO;;;;;11.26;0.00;0.00;15.46;0.00;130.00;0.00;;1964-03-14;4;NLD;EX;PA;
DEU;DEU500470102;;MOD;2023-09-07;2100-12-31;SD23;SD23;ANDREA;DE68S;Friedrichskoog;DJIM;Y;N;Y;Y;N;Y;211161000;TU;TBB;OTB;;;;;17.27;15.35;41.00;0.00;0.00;221.00;0.00;2;1980-02-18;MFL;;;;1980-01-01
DEU;DEU500480102;;MOD;2022-10-05;2100-12-31;SU6;SU6;OSTPREUSSEN;DEHUS;Husum;DJEL;Y;Y;Y;Y;;Y;211245680;TU;TBB;OTB;;;;;20.87;18.76;65.00;0.00;0.00;220.00;0.00;2;1978-04-30;MFL;;;;1978-01-01
DEU;DEU500490102;;RET;2005-05-10;2005-05-10;SU7;SU7;HOLSTEIN;DEHUS;Husum;DIRM;Y;N;Y;;;;;TUB;TBB;GNS;;;;;15.79;14.48;29.00;25.06;0.00;110.00;0.00;1;1968-10-01;MFL;;;PA;1968-01-01
DEU;DEU500500102;;RET;2011-12-28;2011-12-28;SU8;SU8;HEIMATLAND;0102;;DLZK;Y;N;Y;;;;;FX;GNS;LLS;;;;;17.04;15.28;44.00;41.23;0.00;184.00;0.00;2;1973-03-01;MFL;;;PA;1972-01-01
DEU;DEU500520102;;MOD;2023-08-28;2100-12-31;NEU225;NEU225;ANTARES;DENHS;Neuharlingersiel;DJES;Y;Y;Y;Y;N;Y;211546000;TU;TBB;OTB;;;;;18.83;17.10;60.00;0.00;0.00;221.00;0.00;1;1978-10-15;MFL;;;;1978-01-01
DEU;DEU500530102;;MOD;2013-07-26;2100-12-31;SD1;SD1;DOGGERBANK;0107;;DJDS;Y;Y;Y;;;;;FX;TBB;OTB;;;;;19.00;17.28;68.00;0.00;0.00;221.00;0.00;2;1978-02-21;MFL;;;;1978-01-01
DEU;DEU500540102;;RET;2024-01-30;2024-01-30;CUX3;CUX3;FORTUNA;DECUX;Cuxhaven;DJEN;Y;N;N;N;N;N;;TU;TBB;NO;;;;;14.25;13.03;20.00;0.00;0.00;130.00;0.00;1;1966-11-21;MFL;;;PA;1966-01-01
DEU;DEU500550108;;CHA;2024-04-29;2100-12-31;NEU244;NEU244;ANNA;DENHS;Neuharlingersiel;DJIG;Y;Y;Y;Y;N;Y;211176000;TU;TBB;OTB;;;;;17.00;14.74;46.00;0.00;0.00;221.00;0.00;2;1986-10-14;MFL;;;PA;1986-01-01
DEU;DEU500560108;;MOD;2013-04-01;2100-12-31;PEL21;PEL21;ANNEMARIE;0108;;DJFK;Y;Y;Y;;;;;FX;TBB;GNS;;;;;14.55;0.00;23.00;0.00;0.00;176.00;0.00;1;1965-01-16;MFL;;;;1965-01-01
DEU;DEU500570108;;MOD;2022-11-22;2100-12-31;SC29;SC29;GOEDEKE MICHEL;DEBUM;Büsum;DJDR;Y;Y;Y;Y;;Y;211625000;TU;TBB;OTB;;;;;18.04;16.45;49.00;0.00;0.00;221.00;0.00;1;1978-04-01;MFL;;;;1978-01-01
DEU;DEU500580108;;RET;1994-02-23;1994-02-23;PEL6;PEL6;NICKELS;0108;;;N;N;N;;;;;FX;GNS;NO;;;;;7.30;0.00;0.00;3.77;0.00;2.00;0.00;;1988-08-08;C11;;;PA;
DEU;DEU500590108;;MOD;2018-03-21;2100-12-31;PEL8;PEL8;GEBRÜDER II;0108;;DA2845;Y;Y;N;N;;N;;TU;TBB;GNS;;;;;9.60;0.00;5.00;0.00;0.00;49.00;0.00;2;1983-04-11;MFL;;;;1982-01-01
DEU;DEU500600108;;RET;2008-09-08;2008-09-08;PEL9;PEL9;NORDEROOG;DEPEL;Pellworm;DLZC;Y;N;Y;;;;;TUB;TBB;GNS;;;;;17.94;16.75;43.00;34.96;0.00;182.00;0.00;1;1972-02-18;MFL;;;PA;1971-01-01
DEU;DEU500620108;;RET;1994-02-23;1994-02-23;PEL12;PEL12;SYLKA;0108;;;N;N;N;;;;;FX;GNS;NO;;;;;7.95;0.00;0.00;4.47;0.00;26.00;0.00;;1991-12-31;C11;;;PA;
DEU;DEU500630124;;MOD;2024-09-16;2100-12-31;HOO1;HOO1;NANTIANE;DEHGE;Hooge;DJIS;Y;Y;Y;Y;N;Y;211398000;TU;TBB;OTB;GNS;FPO;;;16.45;14.82;38.00;0.00;0.00;221.00;0.00;2;1980-07-01;MFL;;;PA;1980-01-01
DEU;DEU500640124;;RET;2019-10-08;2019-10-08;HOO3;HOO3;NANTIANE;0124;;DLYL;Y;N;Y;Y;;Y;;TU;TBB;GNS;;;;;15.58;13.80;21.00;0.00;0.00;184.00;0.00;1;1970-08-25;MFL;;;PA;1970-01-01
DEU;DEU500650110;;DES;2022-02-18;2022-02-18;SU4;SU4;WIRONI;DEHUS;Husum;DLZV;Y;N;Y;N;;Y;;TU;TBB;OTB;;;;;15.06;0.00;26.00;0.00;0.00;125.00;0.00;1;1974-04-10;MFL;;;PA;1974-01-01
DEU;DEU500660110;;MOD;2015-01-01;2100-12-31;WRE6;WRE6;CLAUDIA;0305;;DJIO;Y;Y;Y;;;;;FX;TBB;OTB;;;;;15.65;14.28;27.00;26.43;0.00;221.00;0.00;1;1979-05-01;MFL;;;;1979-01-01
DEU;DEU500680110;;MOD;2013-04-01;2100-12-31;SW4;SW4;HARTJE;0110;;DJGO;Y;Y;Y;;;;;FX;TBB;OTB;;;;;16.98;0.00;46.00;43.00;0.00;221.00;0.00;2;1986-08-28;MFL;;;;1986-01-01
DEU;DEU500700110;8404850;MOD;2024-02-20;2100-12-31;WYK1;WYK1;CORNELIS;DEWYK;Wyk Auf Föhr;DJMW;Y;Y;Y;Y;N;Y;211364320;DB;DRB;NK;;;;;35.95;34.11;189.00;0.00;0.00;358.00;82.00;2;1984-05-09;AQU;;;;1984-01-01
DEU;DEU500710110;8137172;EXP;2004-07-02;2004-07-02;WYK2;WYK2;SUEDSTRAND;0110;;DJBF;Y;N;N;;;;;FX;DRB;NO;;;;;30.08;27.07;131.00;127.21;0.00;221.00;0.00;2;1976-08-01;MFL;NLD;EX;PA;1976-01-01
DEU;DEU500720110;;EXP;1991-07-01;1991-07-01;WYK3;WYK3;CARDIUM;0110;;;N;N;N;;;;;FX;DRB;NO;;;;;35.10;31.60;0.00;123.92;0.00;176.00;0.00;;1911-12-31;5;NLD;EX;PA;
DEU;DEU500730110;6814764;EXP;2001-03-01;2001-03-01;WYK4;WYK4;ZEELAND;0110;;DLXD;Y;N;N;;;;;FX;DRB;NO;;;;;30.91;28.80;115.00;123.67;0.00;260.00;0.00;;1968-02-15;4CZ;NLD;EX;PA;
DEU;DEU500740110;8729901;MOD;2021-03-18;2100-12-31;WYK5;WYK5;CAPELLA;DEWYK;Wyk Auf Föhr;DJJR;Y;Y;Y;Y;;Y;211364330;DB;DRB;NK;;;;;35.85;32.27;217.00;0.00;0.00;560.00;330.00;2;1989-01-01;MFL;;;;1988-01-01
DEU;DEU500750110;;DES;1995-04-11;1995-04-11;WYK6;WYK6;MYTILUS;0110;;DJIY;Y;N;N;;;;;FX;DRB;NO;;;;;29.13;26.22;0.00;77.02;0.00;177.00;0.00;;1925-12-31;Z25;;;PA;
DEU;DEU500760110;8421999;EXP;2017-07-17;2017-07-17;WYK7;WYK7;ADRIAAN;0110;;DLZD;Y;N;Y;;;;;FX;DRB;NO;;;;;36.22;33.00;187.00;0.00;0.00;716.00;0.00;2;1985-05-14;MFL;NLD;EX;PA;1985-01-01
DEU;DEU500770110;8826656;MOD;2021-03-18;2100-12-31;WYK8;WYK8;WATTENLAEUFER;DEWYK;Wyk Auf Föhr;DJDB;Y;N;Y;Y;;Y;218342000;DB;DRB;NO;;;;;42.66;39.99;298.00;0.00;0.00;750.00;380.00;2;1987-08-07;AQU;;;PA;1987-01-01
DEU;DEU500790123;;MOD;2013-04-01;2100-12-31;HUS7;HUS7;GILA;0102;;DDFA;Y;Y;Y;;;;;FX;TBB;OTB;;;;;17.64;15.92;36.00;31.98;0.00;221.00;0.00;2;1987-02-11;MFL;;;;1976-01-01
DEU;DEU500800122;;RET;1990-02-28;1990-02-28;MUN1;MUN1;RITA;0122;;;N;N;N;;;;;FX;DRB;NO;;;;;19.29;0.00;0.00;42.19;0.00;103.00;0.00;;1931-12-31;5;;;PA;
DEU;DEU500810113;;RET;1995-02-28;1995-02-28;SCHL1;SCHL1;ORION;0113;;;N;N;N;;;;;FX;TBB;NO;;;;;12.91;0.00;0.00;11.71;0.00;55.00;0.00;;1960-08-01;C12;;;PA;
DEU;DEU500820113;;RET;1997-02-11;1997-02-11;SCHL2;SCHL2;ADRIAAN SIMON;0113;;DJGA;Y;N;N;;;;;FX;DRB;NO;;;;;26.92;26.00;0.00;120.85;0.00;221.00;0.00;;1975-08-01;4CZ;;;PA;
DEU;DEU500830113;8702094;EXP;2004-03-31;2004-03-31;WYK9;WYK9;---;0110;;DJJP;Y;N;N;;;;;DO;DRB;NO;;;;;36.00;33.00;186.00;204.95;0.00;368.00;0.00;2;1987-02-19;MFL;NLD;EX;PA;1987-01-01
DEU;DEU500840125;;RET;1997-08-01;1997-08-01;HOER1;HOER1;WANEBANG;DEHRM;Hörnum-Sylt;;N;N;N;;;;;TUB;TBB;NO;;;;;8.30;0.00;4.00;4.59;0.00;26.00;0.00;3;1988-03-01;4C5;;;PA;1988-01-01
DEU;DEU500850115;;RET;2018-05-11;2018-05-11;HEN9;HEN9;---;0115;;;N;N;N;N;;N;;GO;GNS;NO;;;;;5.85;0.00;1.00;0.00;0.00;4.00;0.00;1;1991-12-31;MFL;;;PA;1948-01-01
DEU;DEU500860102;;MOD;2022-08-12;2100-12-31;SD8;SD8;RUGENORT;DE68S;Friedrichskoog;DLWN;Y;Y;Y;Y;;Y;211599000;TU;TBB;OTB;;;;;19.63;17.73;61.00;0.00;0.00;221.00;0.00;2;1990-09-15;MFL;;;;1990-01-01
DEU;DEU500870110;;MOD;2013-04-01;2100-12-31;SD21;SD21;RUNGHOLT;0107;;DLYA;Y;Y;Y;;;;;FX;TBB;OTB;;;;;17.59;15.81;53.00;32.23;0.00;220.00;0.00;2;1990-10-17;MFL;;;;1990-01-01
DEU;DEU500880102;;MOD;2023-10-05;2100-12-31;SPI9;SPI9;WODAN;DESNV;Spieka-Neufeld;DLWR;Y;Y;Y;Y;N;Y;211519080;TU;TBB;OTB;;;;;15.48;14.74;27.00;0.00;0.00;129.00;0.00;2;1992-11-30;MFL;;;PA;1990-01-01
DEU;DEU500890115;;RET;2016-06-16;2016-06-16;HEN7;HEN7;---;0115;;;N;N;N;;;;;FX;GNS;NK;;;;;6.40;0.00;1.00;0.00;0.00;4.00;0.00;1;1993-03-23;MFL;;;PA;1967-01-01
DEU;DEU500900105;;RET;2003-12-30;2003-12-30;ST27;ST27;STADT TOENNING;DETOE;Tönning;DLXP;Y;N;N;;;;;TUB;TBB;OTB;;;;;34.02;32.49;200.00;173.73;0.00;908.00;0.00;2;1988-06-01;MFL;;;PA;1973-01-01
DEU;DEU500910108;;RET;2007-01-01;2007-01-01;PEL6;PEL6;NICKELS;0108;;;N;N;N;;;;;FX;GNS;NO;;;;;4.30;0.00;1.00;2.73;0.00;3.00;0.00;1;1994-02-23;MFL;;;PA;1994-01-01
DEU;DEU500920108;;RET;2011-06-24;2011-06-24;PEL3;PEL3;FRIESIA I;DEPEL;Pellworm;;N;N;N;;;;;TUB;TBB;NO;;;;;8.70;0.00;1.00;6.29;0.00;51.00;0.00;2;1974-12-31;MFL;;;PA;1974-01-01
DEU;DEU500930108;;RET;2008-05-01;2008-05-01;PEL7;PEL7;GEBRUEDER;0108;;;N;N;N;;;;;FX;GNS;TBB;;;;;11.00;0.00;9.00;10.00;0.00;37.00;0.00;1;1996-03-04;MFL;;;PA;1971-01-01
DEU;DEU500940115;;MOD;2024-09-30;2100-12-31;HEN11;HEN11;HORST;DEHNX;Hennstedt;;N;Y;N;N;Y;N;;GO;GNS;FPO;;;;;6.20;0.00;1.00;0.00;0.00;3.00;0.00;1;1996-03-01;MFL;;;;1960-01-01
DEU;DEU500950125;;RET;2002-05-07;2002-05-07;HOER1;HOER1;KONTIKI;DEHRM;Hörnum-Sylt;;N;N;N;;;;;TUB;TBB;GNS;;;;;9.50;0.00;4.00;6.04;0.00;0.00;0.00;2;1997-07-09;4C5;;;PA;1990-01-01
DEU;DEU500960110;9179098;MOD;2021-03-17;2100-12-31;WYK3;WYK3;TRIJNTJE;DEWYK;Wyk Auf Föhr;DJEI;Y;N;Y;Y;;Y;211282410;DB;DRB;NK;;;;;43.38;39.37;377.00;0.00;0.00;750.00;520.00;2;1998-08-07;MFL;;;;1997-01-01
DEU;DEU500970104;;RET;2009-02-18;2009-02-18;LIST5;LIST5;LUETJE;DELIS;List/Sylt;;N;N;N;;;;;TUB;TBB;GNS;;;;;10.51;8.99;7.00;0.00;0.00;58.00;0.00;2;2001-08-01;MFL;;;PA;1954-01-01
DEU;DEU500980105;8304543;RET;2019-02-04;2019-02-04;ST27;ST27;JACOB GRIETJE;0105;;DJMA;Y;N;Y;Y;;Y;;TU;TBB;OTB;;;;;38.33;33.49;304.00;0.00;0.00;1030.00;0.00;2;2003-12-30;MFL;;;PA;1983-01-01
DEU;DEU500990110;8981523;MOD;2025-09-04;2100-12-31;WYK9;WYK9;SIMON ALEXANDER;DEWYK;Wyk Auf Föhr;DLXQ;Y;Y;Y;Y;N;Y;211413470;DB;DRB;NK;;;;;43.60;0.00;406.00;0.00;0.00;736.00;729.00;2;2004-03-30;MFL;;;PA;2004-01-01
DEU;DEU501000110;9316426;MOD;2021-05-07;2100-12-31;WYK2;WYK2;JOHANNA LEINTJE;DEWYK;Wyk Auf Föhr;DJNE;Y;Y;Y;Y;;Y;211115000;DB;DRB;NK;;;;;43.42;39.41;419.00;0.00;0.00;747.00;743.00;2;2004-07-01;MFL;;;PA;2004-01-01
DEU;DEU501010115;;RET;2021-09-03;2021-09-03;HEN1;HEN1;---;DEHN1;;;N;N;N;N;;N;;GO;GNS;NK;;;;;6.08;0.00;1.00;0.00;0.00;2.00;0.00;1;2004-08-01;MFL;;;PA;2004-01-01
DEU;DEU501020108;;MOD;2024-06-18;2100-12-31;PEL2;PEL2;Anika;DEPEL;Pellworm;DKFF;Y;Y;Y;Y;N;Y;211595000;TU;TBB;OTB;FPO;GNS;;;17.95;15.94;54.00;0.00;0.00;221.00;77.00;2;2007-01-25;MFL;;;;2006-01-01
DEU;DEU504000105;;RET;2000-05-29;2000-05-29;TOEN50;TOEN50;TRISCHEN;DETOE;Tönning;;N;N;N;;;;;TUB;TBB;GNS;;;;;8.00;0.00;3.00;4.52;0.00;44.00;0.00;2;1986-08-01;4C5;;;PA;1986-01-01
DEU;DEU504010105;;RET;2006-12-30;2006-12-30;TOEN51;TOEN51;ELKE;DETOE;Tönning;;N;N;N;;;;;TUB;TBB;NO;;;;;7.80;0.00;3.00;0.00;0.00;13.00;0.00;1;1992-01-01;MFL;;;PA;1992-01-01
DEU;DEU504020105;;RET;2006-12-30;2006-12-30;TOEN53;TOEN53;JAN;DETOE;Tönning;;N;N;N;;;;;TUB;TBB;FPO;;;;;8.24;0.00;3.00;0.00;0.00;48.00;0.00;2;1992-01-01;MFL;;;PA;1963-01-01
DEU;DEU504030114;;RET;2024-09-10;2024-09-10;PET11;PET11;KARIN;DEPSH;Sankt Peter-Ording;;N;N;N;N;Y;N;;TU;TBB;GNS;;;;;5.30;0.00;2.00;0.00;0.00;7.00;0.00;1;1980-10-03;MFL;;;PA;1970-01-01
DEU;DEU504040114;;RET;2001-08-01;2001-08-01;ORD1;ORD1;STOER;DEPSH;Sankt Peter-Ording;;N;N;N;;;;;TUB;TBB;GNS;;;;;8.21;0.00;3.00;5.07;0.00;10.00;0.00;1;1987-05-01;4C5;;;PA;1973-01-01
DEU;DEU504050114;;RET;2005-12-02;2005-12-02;ORD2;ORD2;ALBIN;DEPSH;Sankt Peter-Ording;;N;N;N;;;;;TUB;TBB;NO;;;;;8.85;0.00;3.00;0.00;0.00;52.00;0.00;1;1990-05-01;MFL;;;PA;1962-01-01
DEU;DEU504060114;;RET;2020-10-23;2020-10-23;OHR6;OHR6;Katrin P;0247;;;N;N;N;N;;N;;GO;GNS;FPO;;;;;6.20;0.00;2.00;0.00;0.00;16.00;0.00;3;1980-04-14;MFL;;;PA;1979-01-01
DEU;DEU504070114;;MOD;2019-01-18;2100-12-31;ORD11;ORD11;ANGELA;0114;;;N;Y;N;N;;N;;TU;TBB;GNS;;;;;7.50;0.00;3.00;0.00;0.00;27.00;0.00;3;1983-07-19;MFL;;;;1975-01-01
DEU;DEU504080114;;RET;2000-10-26;2000-10-26;BUES6;BUES6;BISCAYA;DEBUM;Büsum;;N;N;N;;;;;TUB;TBB;GNS;;;;;8.05;0.00;2.00;4.58;0.00;30.00;0.00;3;1983-07-19;4C5;;;PA;1983-01-01
DEU;DEU504090102;;RET;2004-10-26;2004-10-26;HUS51;HUS51;DOERTE;DEHUS;Husum;;N;N;N;;;;;TUB;TBB;GNS;;;;;9.77;0.00;4.00;6.80;0.00;45.00;0.00;1;1986-07-01;MFL;;;PA;1986-01-01
DEU;DEU504100102;;RET;2011-12-31;2011-12-31;HUS52;HUS52;SEESTERN;DEHUS;Husum;;N;N;N;;;;;TUB;TBB;FPO;;;;;6.50;0.00;2.00;2.99;0.00;15.00;0.00;1;1981-01-15;MFL;;;PA;1940-01-01
DEU;DEU504110102;;RET;1997-05-20;1997-05-20;EMD2;EMD2;MEERY LENE;DEEME;Emden;;N;N;N;;;;;TUB;TBB;GNS;;;;;9.25;0.00;5.00;6.05;0.00;67.00;0.00;1;1991-04-01;4C5;;;PA;1984-01-01
DEU;DEU504120102;;RET;2011-12-31;2011-12-31;HUS54;HUS54;INSULANER;DEHUS;Husum;;N;N;N;;;;;TUB;TBB;OTB;;;;;9.20;0.00;3.00;6.00;0.00;52.00;0.00;1;1988-03-15;MFL;;;PA;1958-01-01
DEU;DEU504130113;;RET;2007-01-29;2007-01-29;WYK12;WYK12;---;DEWYK;Wyk Auf Föhr;;N;N;N;;;;;TUB;TBB;GNS;;;;;5.60;0.00;1.00;2.22;0.00;0.00;0.00;1;1979-04-01;MFL;;;PA;1979-01-01
DEU;DEU504140108;;RET;1998-08-21;1998-08-21;BUES13;BUES13;LUETTE CONDOR;DEBUM;Büsum;;N;N;N;;;;;TUB;TBB;GNS;;;;;10.60;0.00;8.00;7.07;0.00;96.00;0.00;1;1988-08-01;4C5;;;PA;1988-01-01
DEU;DEU504150108;;RET;2012-08-31;2012-08-31;PEL10;PEL10;TAMMENWARFT;DEPEL;Pellworm;;N;N;N;;;;;TUB;TBB;GNS;;;;;6.00;0.00;1.00;2.54;0.00;6.00;0.00;1;1985-06-01;MFL;;;PA;1971-01-01
DEU;DEU504160108;;RET;2012-06-29;2012-06-29;PEL14;PEL14;ROBBE;DEPEL;Pellworm;;N;N;N;;;;;TUB;TBB;GNS;;;;;8.85;0.00;3.00;5.54;0.00;53.00;0.00;2;1991-05-20;MFL;;;PA;1975-01-01
DEU;DEU504170124;;RET;2004-03-29;2004-03-29;HOO10;HOO10;ROERBECK;DEHGE;Hooge;;N;N;N;;;;;TUB;TBB;GNS;;;;;8.12;0.00;2.00;4.67;0.00;24.00;0.00;2;1981-04-01;MFL;;;PA;1981-01-01
DEU;DEU504180124;;MOD;2003-01-01;2100-12-31;HOO14;HOO14;HALLIGMOEWE;DEHGE;Hooge;;N;Y;N;N;Y;N;;TUB;TBB;GNS;;;;;7.80;0.00;2.00;4.30;0.00;25.00;0.00;1;1974-04-01;MFL;;;;1974-01-01
DEU;DEU504190110;;RET;2004-03-29;2004-03-29;WYK22;WYK22;NORDLICHT;DEWYK;Wyk Auf Föhr;;N;N;N;;;;;TUB;TBB;GNS;;;;;8.50;0.00;3.00;5.11;0.00;21.00;0.00;3;1992-01-01;MFL;;;PA;1992-01-01
DEU;DEU504200110;;CHA;2022-10-25;2100-12-31;FRE101;FRE101;PIRAT;DEFRJ;Freest;;N;Y;N;N;Y;N;;GO;GNS;LLS;;;;;9.15;0.00;5.00;0.00;0.00;88.00;0.00;3;1981-03-01;MFL;;;PA;1978-01-01
DEU;DEU504210125;;RET;2003-08-18;2003-08-18;HOER8;HOER8;BUTSCH II;DEHRM;Hörnum-Sylt;DD3275;Y;N;N;;;;;TUB;TBB;GNS;;;;;8.50;0.00;3.00;5.11;0.00;46.00;0.00;2;1982-05-15;MFL;;;PA;1982-01-01
DEU;DEU504220125;;MOD;2020-03-10;2100-12-31;RAN1;RAN1;BO;0125;;;N;Y;N;N;;N;;TU;TBB;GNS;;;;;6.60;0.00;2.00;0.00;0.00;18.00;0.00;3;1986-08-01;MFL;;;;1975-01-01
DEU;DEU504230104;;RET;2006-06-27;2006-06-27;LIST4;LIST4;FARIDA;DELIS;List/Sylt;DH6546;Y;N;N;;;;;TUB;TBB;GNS;;;;;9.20;0.00;5.00;0.00;0.00;58.00;0.00;2;1992-01-01;MFL;;;PA;1985-01-01
DEU;DEU504240104;;RET;2016-06-23;2016-06-23;LIST10;LIST10;TUEMMLER;0104;;;N;N;N;;;;;FX;TBB;OTB;;;;;8.52;0.00;3.00;0.00;0.00;33.00;0.00;3;1978-01-11;MFL;;;PA;1977-01-01
DEU;DEU504250102;;RET;2025-04-10;2025-04-10;WYK4;WYK4;SPARKY;DEWYK;Wyk Auf Föhr;;N;N;N;N;N;N;;TU;TBB;GNS;;;;;7.85;0.00;3.00;0.00;0.00;40.00;0.00;3;1996-03-01;MFL;;;PA;1976-01-01
DEU;DEU504260104;;RET;2002-04-03;2002-04-03;LIST3;LIST3;BRITTA;DELIS;List/Sylt;;N;N;N;;;;;TUB;TBB;GNS;;;;;8.50;0.00;5.00;5.40;0.00;52.00;0.00;1;1996-03-08;4CZ;;;PA;1958-01-01
DEU;DEU504270102;;RET;2010-06-07;2010-06-07;HUS200;HUS200;GODEWIND;0102;;;N;N;N;;;;;FX;GNS;FPO;;;;;8.40;0.00;1.00;5.34;0.00;59.00;0.00;1;1996-07-11;MFL;;;PA;1961-01-01
DEU;DEU504280114;;RET;2024-09-10;2024-09-10;PET211;PET211;KARIN-MARIE;DEPSH;Sankt Peter-Ording;;N;N;N;N;Y;N;;TU;TBB;GNS;;;;;7.00;0.00;2.00;0.00;0.00;45.00;0.00;3;1996-10-01;MFL;;;PA;1972-01-01
DEU;DEU504290102;;RET;2006-12-20;2006-12-20;HUS201;HUS201;DOTJE;DEHUS;Husum;;N;N;N;;;;;TUB;TBB;GNS;;;;;6.72;0.00;1.00;0.00;0.00;34.00;0.00;2;1998-02-25;MFL;;;PA;1972-01-01
DEU;DEU504300102;;RET;2008-03-31;2008-03-31;HUS202;HUS202;HYDRA;DEHUS;Husum;;N;N;N;;;;;TUB;TBB;GNS;;;;;7.07;0.00;2.00;0.00;0.00;29.00;0.00;1;1999-02-01;MFL;;;PA;1997-01-01
DEU;DEU504310108;;RET;2004-04-13;2004-04-13;PEL100;PEL100;MARINA;0108;;;N;N;N;;;;;FX;GNS;OTB;;;;;6.25;0.00;2.00;0.00;0.00;36.00;0.00;3;1999-05-31;MFL;;;PA;1999-01-01
DEU;DEU504320102;;RET;2004-10-26;2004-10-26;HUS203;HUS203;ERNA;0102;;;N;N;N;;;;;FX;GNS;FPO;;;;;9.46;0.00;4.00;0.00;0.00;84.00;0.00;2;2000-09-19;MFL;;;PA;1999-01-01
DEU;DEU504330102;;RET;2010-12-31;2010-12-31;HUS204;HUS204;JETTE;0102;;;N;N;N;;;;;FX;GNS;TBB;;;;;7.20;0.00;2.00;0.00;0.00;15.00;0.00;3;2001-01-12;MFL;;;PA;2000-01-01
DEU;DEU504350105;;RET;2012-08-03;2012-08-03;TOEN55;TOEN55;SIMONE;0105;;;N;N;N;;;;;FX;GNS;FPO;;;;;8.08;0.00;2.00;0.00;0.00;21.00;0.00;3;2002-04-11;MFL;;;PA;2002-01-01
DEU;DEU504360110;;MOD;2025-02-25;2100-12-31;SW8;SW8;NORDSTERN;DEWYK;Wyk Auf Föhr;DG3456;Y;Y;N;N;Y;Y;211632740;TU;TBB;GNS;;;;;9.98;0.00;7.00;0.00;0.00;100.00;0.00;2;2004-03-28;MFL;;;;1985-01-01
DEU;DEU504370108;;MOD;2024-05-16;2100-12-31;PEL33;PEL33;Columbus;DEPEL;Pellworm;DKZN;Y;Y;Y;Y;N;Y;211519950;TU;TBB;GNS;FPO;OTB;;;17.26;15.57;33.00;0.00;0.00;221.00;0.00;2;2008-04-22;MFL;;;;2008-01-01
DEU;DEU504380105;;RET;2011-11-15;2011-11-15;TOEN56;TOEN56;Lina;DETOE;Tönning;;N;N;N;;;;;TUB;TBB;NO;;;;;11.89;10.95;11.00;0.00;0.00;49.00;0.00;2;2010-08-12;MFL;;;PA;1968-01-01
DEU;DEU504390105;;MOD;2023-03-27;2100-12-31;SW5;SW5;KÄTHE BANDIX;DEWYK;Wyk Auf Föhr;DB2812;Y;Y;N;N;Y;N;211586170;TU;TBB;OTB;;;;;8.08;7.88;3.00;0.00;0.00;102.00;0.00;2;1999-12-31;MFL;;;;1999-01-01
DEU;DEU504400108;;MOD;2016-07-20;2100-12-31;PEL34;PEL34;---;0108;;;N;Y;N;;;;;FX;GNS;FPO;;;;;4.00;0.00;1.00;0.00;0.00;11.00;0.00;3;2012-07-23;MFL;;;;2000-01-01
DEU;DEU600010205;;RET;2022-12-01;2022-12-01;NEU102;NEU102;---;DENHO;"Neustadt"", Holstein";;N;N;N;N;;N;;GO;GNS;FPO;;;;;5.95;0.00;1.00;0.00;0.00;7.00;0.00;3;2009-07-10;MFL;;;PA;2009-01-01
DEU;DEU600020205;;RET;2022-03-04;2022-03-04;NEU107A;NEU107A;---;DENHO;"Neustadt"", Holstein";;N;N;N;N;;N;;GO;GNS;FPO;;;;;5.02;0.00;1.00;0.00;0.00;4.00;0.00;3;2009-09-14;MFL;;;PA;2009-01-01
DEU;DEU600030205;;RET;2024-04-23;2024-04-23;NEU112;NEU112;Katharina;DENHO;"Neustadt"", Holstein";;N;N;N;N;N;N;;GO;GNS;FPO;;;;;4.80;0.00;1.00;0.00;0.00;11.00;0.00;3;2009-12-01;MFL;;;PA;1995-01-01
DEU;DEU600040203;;CST;2011-08-04;2100-12-31;TRA12;TRA12;DORIS;0203;;;N;Y;N;N;;N;;GO;GNS;FPO;;;;;5.06;0.00;1.00;0.00;0.00;11.00;0.00;3;2011-08-04;MFL;;;PA;2011-01-01
DEU;DEU600050218;;CHA;2023-02-03;2100-12-31;GOT3;GOT3;MAMITA;DEGTM;Lübeck-Gothmund;;N;Y;N;N;Y;N;;GO;GNS;FPO;;;;;7.30;0.00;2.00;0.00;0.00;32.00;0.00;3;2023-01-05;MFL;;;PA;1990-01-01
DEU;DEU600060205;;CHA;2023-07-07;2100-12-31;NEU5;NEU5;CONSTANTIA III;DENHO;"Neustadt"", Holstein";DA8902;Y;Y;N;N;Y;N;;GO;GNS;FPO;;;;;5.30;0.00;1.00;0.00;0.00;18.00;0.00;3;2023-07-07;MFL;;;PA;1990-01-01
DEU;DNK000000610;;MOD;2024-11-11;2100-12-31;ECKE9;ECKE9;Milan;DEECK;Eckernförde;;N;Y;N;N;Y;N;;GO;GNS;FPO;;;;;7.90;0.00;3.00;0.00;0.00;60.00;0.00;3;2012-04-18;MFL;;;;1976-01-01
DEU;DNK000001236;;MOD;2024-04-16;2100-12-31;STRA108;STRA108;Maleen;DESTD;Strande;DF4765;Y;Y;N;N;Y;N;211477620;GO;GNS;FPO;LLS;GTR;;;8.90;0.00;5.00;0.00;0.00;52.00;0.00;3;2008-01-01;MFL;;;PA;1978-01-01
DEU;DNK000001744;;RET;2007-11-15;2007-11-15;SH11;SH11;SVALBARD;0207;;DMNZ;Y;N;Y;;;;;TS;GNS;LLS;;;;;18.52;17.01;64.00;0.00;0.00;246.00;0.00;1;2004-11-16;MFL;;;PA;1978-01-01
DEU;DNK000002566;;MOD;2019-11-01;2100-12-31;AHL2;AHL2;HILDE;0618;;;N;Y;N;N;;N;;WO;GNS;LLS;;;;;10.40;0.00;12.00;0.00;0.00;96.00;0.00;3;2010-10-04;MFL;;;;1977-01-01
DEU;DNK000003296;8108626;RET;2011-12-30;2011-12-30;SH6;SH6;TINA CHRISTINA;0207;;DMJK;Y;N;Y;;;;;SN;OTB;OTM;;;;;26.20;23.73;215.00;0.00;0.00;459.00;0.00;2;2005-03-10;MFL;;;PA;1982-01-01
DEU;DNK000003461;;RET;2007-07-25;2007-07-25;SH14;SH14;KRISTINA;0207;;DNRY;Y;N;Y;;;;;WO;GNS;LLS;;;;;15.98;14.81;44.00;0.00;0.00;175.00;0.00;1;2002-03-17;MFL;;;PA;1977-01-01
DEU;DNK000003602;;RET;2021-05-18;2021-05-18;SH15;SH15;Katharina Bork;DEHHF;Heiligenhafen;DKRF;Y;N;Y;Y;;Y;;WO;GNS;GTR;;;;;18.53;17.18;68.00;0.00;0.00;132.00;0.00;1;2007-04-30;MFL;;;PA;1964-01-01
DEU;DNK000005011;;RET;2011-12-28;2011-12-28;SC18;SC18;HELLE CHARLOTTE;0101;;DFIF;Y;N;Y;;;;;SN;SDN;OTB;;;;;21.45;19.35;83.00;0.00;0.00;218.00;0.00;2;2005-04-06;MFL;;;PA;1984-01-01
DEU;DNK000005993;8795417;MOD;2024-09-12;2100-12-31;SH10;SH10;Frigga;DEHHF;Heiligenhafen;DNPO;Y;Y;Y;Y;N;Y;211452000;GO;GNS;GTR;;;;;24.01;20.78;85.00;0.00;0.00;218.00;0.00;2;2008-01-14;MFL;;;PA;1978-01-01
DEU;DNK000006137;8331833;RET;2018-03-29;2018-03-29;SH4;SH4;THOMAS BACH;0207;;DMIZ;Y;N;Y;Y;;Y;;TT;OTB;OTM;;;;;39.30;35.17;374.00;0.00;0.00;700.00;639.00;2;2003-12-03;MFL;;;PA;1983-01-01
DEU;DNK000006704;;RET;2011-12-16;2011-12-16;SH5;SH5;SYLVESTER;0207;;DNPN;Y;N;Y;;;;;TS;PTB;OTB;;;;;30.90;27.55;195.00;0.00;0.00;625.00;0.00;2;2008-04-29;MFL;;;PA;1962-01-01
DEU;DNK000006772;;DES;2015-02-18;2015-02-18;SH14;SH14;KRISTINA;0207;;DJSW;Y;N;Y;;;;;WO;GNS;GTR;;;;;17.31;15.68;47.00;0.00;0.00;220.00;0.00;1;2007-07-24;MFL;;;PA;1980-01-01
DEU;DNK000007088;;RET;2015-11-06;2015-11-06;SH12;SH12;VENUS;0207;;DKVV;Y;N;Y;;;;;TUB;GNS;GTR;;;;;18.27;16.40;51.00;0.00;0.00;220.00;0.00;2;2003-07-01;MFL;;;PA;1970-01-01
DEU;DNK000007208;;RET;2011-12-29;2011-12-29;SH13;SH13;MARIA II;0207;;;N;N;N;;;;;TT;OTB;PTB;;;;;14.87;0.00;29.00;0.00;0.00;218.00;0.00;1;2006-12-11;MFL;;;PA;1968-01-01
DEU;DNK000007999;;IMP;2022-06-17;2100-12-31;GOT2;GOT2;VIVAT;DEGTM;Lübeck-Gothmund;DF7045;Y;Y;N;N;;N;;GO;GNS;FPO;;;;;8.12;0.00;5.00;0.00;0.00;70.00;0.00;3;2022-06-13;MFL;DNK;;PA;1977-01-01
DEU;DNK000008151;;MOD;2021-11-16;2100-12-31;MAA8FF;MAA8FF;POPEYE;DEMAO;Maasholm;DH5103;Y;Y;N;N;N;N;;GO;GNS;FPO;;;;;9.03;0.00;5.00;0.00;0.00;50.00;0.00;3;2017-12-30;MFL;;;;1975-01-01
DEU;DNK000008291;;RET;2008-04-23;2008-04-23;HEIL8;HEIL8;INES;0207;;DBFZ;Y;N;N;;;;;TT;OTB;PTB;;;;;11.98;10.68;17.00;0.00;0.00;206.00;0.00;3;2002-02-01;MFL;;;PA;1986-01-01
DEU;DNK000011784;;DES;2022-10-17;2022-10-17;ARN10;ARN10;VINETA;DE4AV;Arnis;DKYI;Y;N;Y;Y;;Y;;TU;OTB;PTB;;;;;16.09;0.00;36.00;0.00;0.00;217.00;0.00;1;2016-09-15;MFL;;;AC;1960-01-01
DEU;DNK000012465;;CHA;2016-05-11;2100-12-31;TRA14;TRA14;CONSTANTIA II;0203;;DJ4564;Y;Y;N;;;;;WO;GNS;FPO;;;;;7.98;0.00;5.00;0.00;0.00;59.00;0.00;3;2003-09-01;MFL;;;PA;1985-01-01
DEU;DNK000013059;;RET;2011-12-28;2011-12-28;SC17;SC17;RONNI KARINA;0101;;DFIE;Y;N;Y;;;;;SN;SDN;OTB;;;;;20.15;17.95;80.00;0.00;0.00;170.00;0.00;2;2005-04-06;MFL;;;PA;1963-01-01
DEU;DNK000013524;;RET;2007-03-03;2007-03-03;TRA14;TRA14;ANJA;0203;;;N;N;N;;;;;WO;GNS;NO;;;;;8.19;0.00;3.00;0.00;0.00;32.00;0.00;1;1991-11-15;MFL;;;PA;1962-01-01
DEU;DNK000013895;;RET;2005-08-31;2005-08-31;SH2;SH2;STARHOLM;0207;;DMKF;Y;N;Y;;;;;TO;OTB;OTM;;;;;39.48;37.15;395.00;0.00;0.00;961.00;0.00;2;1973-12-31;MFL;;;PA;1973-01-01
DEU;DNK000014003;;RET;2012-06-01;2012-06-01;KAP3;KAP3;EMIL;0209;;DKZU;Y;N;Y;;;;;TS;OTB;PTB;;;;;15.64;0.00;43.00;0.00;0.00;220.00;0.00;1;2008-05-28;MFL;;;PA;1983-01-01
DEU;DNK000014292;6714809;RET;2011-12-28;2011-12-28;SH2;SH2;STARHOLM II;0207;;DKOZ;Y;N;Y;;;;;TT;OTM;PTM;;;;;40.50;37.15;378.00;0.00;0.00;735.00;672.00;2;1967-12-31;MFL;;;PA;1967-01-01
DEU;DNK000014589;;MOD;2024-10-17;2100-12-31;FRI21;FRI21;NORDERNEY;DE68S;Friedrichskoog;;N;Y;N;N;Y;N;;TU;TBB;GNS;;;;;9.55;0.00;7.00;0.00;0.00;87.00;0.00;3;2019-09-30;MFL;;;;1987-01-01
DEU;DNK000014669;;RET;2015-09-08;2015-09-08;KAM24;KAM24;NORDSTERN;0630;;DF 2478;Y;N;N;;;;;MTG;GNS;FPO;;;;;9.33;0.00;6.00;0.00;0.00;63.00;0.00;3;2002-07-26;MFL;;;PA;1978-01-01
DEU;DNK000014789;;EXP;2017-04-27;2017-04-27;SM6;SM6;MARIECHEN;0209;;DJCI;Y;N;N;;;;;MTG;OTB;GNS;;;;;10.06;8.86;14.00;0.00;0.00;221.00;0.00;2;1996-03-15;MFL;DNK;EX;PA;1991-01-01
DEU;DNK000015788;;MOD;2024-11-13;2100-12-31;MAA13;MAA13;BIRTE;DEMAO;Maasholm;DNQZ;Y;Y;N;N;Y;N;211554030;GO;GNS;FPO;LLS;GTR;;;9.86;0.00;10.00;0.00;0.00;88.00;0.00;3;2001-02-20;MFL;;;;1987-01-01
DEU;DNK000025501;;MOD;2023-02-02;2100-12-31;OHR1;OHR1;HUGO;DEORV;Ohrfeldhaff;;N;Y;N;N;Y;N;;GO;GNS;GTR;FPO;LLS;;;6.05;0.00;1.00;0.00;0.00;20.00;0.00;3;2022-06-14;MFL;;;PA;1980-01-11
DEU;DNK000026630;8341840;MOD;2024-09-12;2100-12-31;SH7;SH7;GITTE;DEHHF;Heiligenhafen;DKOC;Y;Y;Y;Y;N;Y;211648000;GO;GNS;LLS;;;;;16.70;14.51;48.00;0.00;0.00;221.00;0.00;2;1995-12-31;MFL;;;;1995-01-01
DEU;DNK000027104;;MOD;2023-09-01;2100-12-31;WAR78;WAR78;Motte;DEWAR;Warnemünde;;N;Y;N;N;Y;N;;GO;GNS;LLS;;;;;6.70;0.00;2.00;0.00;0.00;16.00;0.00;3;2016-03-01;MFL;;;;1995-01-01
DEU;DNK000027608;;MOD;2022-01-19;2100-12-31;NRE17N;NRE17N;EVA;DELAK;"Lauterbach"", Rügen";;N;Y;N;N;N;N;;GO;GNS;LLS;;;;;7.20;0.00;1.00;0.00;0.00;18.00;0.00;3;1995-12-11;MFL;;;;1995-01-01
DEU;DNK000030912;8549753;MOD;2024-05-16;2100-12-31;SW3;SW3;METTE;DEWYK;Wyk Auf Föhr;DKRQ;Y;Y;Y;Y;N;Y;211757470;TU;TBB;SDN;;;;;16.00;14.11;41.00;0.00;0.00;220.00;0.00;2;2018-06-20;MFL;;;;1998-01-01
DEU;DNK000032060;;RET;2014-05-22;2014-05-22;FRE1;FRE1;ERNA B;0614;;DKHZ;Y;N;N;;;;;MTG;GNS;LLS;;;;;12.50;0.00;19.00;0.00;0.00;158.00;0.00;3;2007-02-23;MFL;;;PA;1999-01-01
DEU;DNK000032399;;MOD;2022-09-08;2100-12-31;STRA9;STRA9;Christel;DESTD;Strande;DF3739;Y;Y;N;N;;Y;211371290;TTW;OTB;GTR;PTB;GNS;;;11.89;0.00;18.00;0.00;0.00;130.00;0.00;3;2020-10-14;MFL;;;;2001-01-01
DEU;DNK000034997;;IMP;2023-04-03;2100-12-31;SC35;SC35;THOR;DEBUM;Büsum;DFSA;Y;Y;Y;Y;N;Y;211895440;TU;TBB;OTB;;;;;19.99;17.84;79.00;0.00;0.00;221.00;120.00;2;2023-02-14;MFL;DNK;;PA;2004-01-01
DEU;DNK000036906;;MOD;2023-09-01;2100-12-31;UMM58;UMM58;ARGO;DEUMZ;Ummanz;;N;Y;N;N;Y;N;;GO;GNS;LLS;;;;;6.93;0.00;1.00;0.00;0.00;96.00;0.00;3;2006-01-01;MFL;;;;2005-01-01
DEU;GBR000013712;;EXP;2005-09-21;2005-09-21;NG17;NG17;MARIA;0302;;DQQQ;Y;N;Y;;;;;FX;OTB;PTB;;;;;26.53;24.22;201.00;0.00;0.00;773.00;0.00;3;1988-12-31;MFL;SWE;EX;PA;1988-01-01
DEU;GBR000A21228;;MOD;2020-08-07;2100-12-31;CUX5;CUX5;TINA;0301;;DFJH;Y;Y;Y;Y;;Y;211721570;TU;TBB;OTB;;;;;18.25;0.00;38.00;0.00;0.00;221.00;0.00;2;1989-01-01;MFL;;;;1959-01-01
DEU;GBR000B12216;9021502;IMP;2019-03-22;2100-12-31;ST27;ST27;Jacob Grietje;DETOE;Tönning;DMMO;Y;Y;Y;Y;;Y;211411630;TU;TBB;PUL;;;;;40.00;35.21;428.00;0.00;0.00;1440.00;520.00;2;2019-03-11;MFL;GBR;;PA;1990-01-01
DEU;GBR000B12558;9044774;MOD;2023-10-24;2100-12-31;NC25;NC25;EVERT SNOEK;DECUX;Cuxhaven;DIRE;Y;Y;Y;Y;N;Y;211245890;TU;TBB;OTB;;;;;32.90;28.50;269.00;0.00;0.00;1124.00;0.00;2;1992-02-06;MFL;;;;1991-01-01
DEU;GBR000B13912;;EXP;2008-09-17;2008-09-17;NC326;NC326;NISSUM;0301;;DIRN;Y;N;Y;;;;;MTS;OTB;PTB;;;;;23.71;21.65;205.00;0.00;0.00;772.00;0.00;2;1988-01-01;MFL;SWE;EX;PA;1988-01-01
DEU;GBR000B14706;9128386;RET;2019-06-26;2019-06-26;NB4;NB4;LONE LANGAA;0316;;DGAM2;Y;N;Y;Y;;Y;;TTW;OTB;SDN;;;;;28.08;23.95;338.00;0.00;0.00;588.00;0.00;2;1996-09-12;MFL;;;PA;1996-01-01
DEU;IRL000I01420;9295892;MOD;2024-09-27;2100-12-31;NC315;NC315;VICTORIA;DECUX;Cuxhaven;DFJD;Y;Y;Y;Y;N;Y;218162000;TTW;OTB;OTM;;;;;37.05;0.00;506.00;0.00;0.00;1720.00;660.00;2;2004-12-10;MFL;;;PA;2004-01-01
DEU;NLD000000006;;EXP;1991-01-31;1991-01-31;SH18;SH18;BARTINA-KLAZINA;0207;;DMEJ;Y;N;N;;;;;FX;TBB;NO;;;;;30.60;27.54;0.00;174.75;0.00;1044.00;0.00;;1974-12-31;6;GBR;EX;PA;
DEU;NLD000000011;;EXP;1991-12-27;1991-12-27;SH17;SH17;FOKKE GRIETJE;0207;;DMEB;Y;N;N;;;;;FX;TBB;NO;;;;;32.86;28.94;225.00;188.07;0.00;588.00;0.00;;1985-12-31;6;NLD;EX;PA;
DEU;NLD000000013;;EXP;1990-09-01;1990-09-01;BX781;BX781;ANNIE HILLINA;0402;;DMBD;Y;N;N;;;;;FX;OTM;NO;;;;;70.70;67.73;0.00;1079.16;0.00;2648.00;880.00;;1981-09-25;6;NLD;EX;PA;
DEU;NLD000000014;;EXP;1991-03-21;1991-03-21;NG4;NG4;STADT EMDEN;0308;;DMAO;Y;N;N;;;;;FX;OTB;OTM;;;;;33.00;30.67;0.00;148.18;0.00;747.00;0.00;;1990-03-08;6;GBR;EX;PA;
DEU;NLD194800306;;RET;2021-03-30;2021-03-30;GRE25;GRE25;EEMS;DEGRE;Greetsiel;DCVA;Y;N;Y;Y;;Y;;TU;TBB;OTB;;;;;16.83;15.07;19.00;0.00;0.00;134.00;0.00;2;2003-06-25;MFL;;;PA;1947-01-01
DEU;NLD196100556;;RET;2023-06-26;2023-06-26;NOR207;NOR207;NOORDSTER;DENOE;Norddeich;DBWH;Y;Y;Y;Y;N;Y;211389510;TU;TBB;OTB;;;;;18.14;16.14;31.00;0.00;0.00;221.00;0.00;2;2003-01-02;MFL;;;PA;1961-01-01
DEU;NLD196300345;;MOD;2017-03-20;2100-12-31;CUX12;CUX12;ELENA;0301;;DQWL;Y;Y;Y;;;;;FX;TBB;OTB;;;;;18.50;15.86;36.00;0.00;0.00;221.00;0.00;2;1967-09-04;MFL;;;;1963-01-01
DEU;NLD196300693;;EXP;2000-03-17;2000-03-17;NG4;NG4;VERTRAUEN;0302;;DDJZ;Y;N;N;;;;;FX;OTB;OTM;;;;;35.75;30.95;194.00;194.09;0.00;427.00;0.00;;1988-02-08;4C3;NLD;EX;PA;
DEU;NLD196400646;;MOD;2015-05-07;2100-12-31;GRE28;GRE28;VISAREND;0308;;DBWB;Y;Y;Y;;;;;FX;TBB;OTB;;;;;18.03;16.60;38.00;0.00;0.00;221.00;0.00;2;2003-06-25;MFL;;;;1964-01-01
DEU;NLD196900388;;CHA;2017-10-23;2100-12-31;CUX17;CUX17;MARIA;0301;;DJED;Y;Y;Y;;;;;FX;TBB;OTB;;;;;23.99;21.72;88.00;0.00;0.00;220.00;0.00;2;1998-06-24;MFL;;;PA;1968-01-01
DEU;NLD197300894;;EXP;2001-05-28;2001-05-28;SC31;SC31;DR. MAARTEN LUTHE;DEBUM;Büsum;DIYX;Y;N;N;;;;;TUB;TBB;OTB;;;;;37.87;36.06;244.00;234.82;0.00;1104.00;294.00;2;1973-12-31;4C4;IRL;EX;PA;1973-01-01
DEU;NLD197400676;;MOD;2024-03-01;2100-12-31;SPI3;SPI3;ATLANTIS;DESNV;Spieka-Neufeld;DFDX;Y;Y;Y;Y;N;Y;211522000;TU;TBB;OTB;;;;;15.55;14.41;24.00;0.00;0.00;190.00;0.00;1;1974-12-31;MFL;;;;1974-01-01
DEU;NLD197401139;;RET;1996-12-30;1996-12-30;SC25;SC25;MARIJTJE;DEBUM;Büsum;DIVY;Y;N;N;;;;;TUB;TBB;OTB;;;;;39.04;37.20;271.00;249.34;0.00;912.00;327.00;2;1988-02-02;G13;;;PA;1975-01-01
DEU;NLD197800514;;EXP;2017-03-06;2017-03-06;GRE31;GRE31;CHARLENE ANNE;0308;;DBWG;Y;N;Y;;;;;FX;TBB;OTB;;;;;14.50;13.77;18.00;0.00;0.00;149.00;0.00;2;2003-06-24;MFL;NLD;EX;PA;1978-01-01
DEU;NLD197800598;;RET;2014-11-14;2014-11-14;GRE41;GRE41;LAUWERSZEE;0308;;DQQE;Y;N;Y;;;;;TU;TBB;OTB;;;;;14.55;13.16;20.00;0.00;0.00;134.00;0.00;2;2004-07-28;MFL;;;PA;1978-01-01
DEU;NLD197801975;;CHA;2023-08-14;2100-12-31;DIT2;DIT2;GEORGINA;DEDIT;Ditzum;DCQK;Y;Y;Y;Y;N;Y;211315220;TU;TBB;OTB;;;;;18.85;15.93;39.00;0.00;0.00;221.00;0.00;2;1978-12-31;MFL;;;PA;1978-01-01
DEU;NLD197900440;;RET;2015-06-23;2015-06-23;GRE21;GRE21;REIDE;0308;;DCRY;Y;N;Y;;;;;FX;TBB;OTB;;;;;14.55;13.77;18.00;0.00;0.00;134.00;0.00;2;2002-01-15;MFL;;;PA;1978-01-01
DEU;NLD197901002;;EXP;2004-04-26;2004-04-26;NG12;NG12;MARIA;DEEME;Emden;DQZO;Y;N;Y;;;;;TUB;TBB;OTB;;;;;35.67;31.16;245.00;0.00;0.00;1103.00;0.00;2;1985-12-31;MFL;NLD;EX;PA;1985-01-01
DEU;NLD197901087;7904803;MOD;2023-11-22;2100-12-31;NG1;NG1;JURIE VAN DEN BERG;DEGRE;Greetsiel;DCDW;Y;Y;Y;Y;N;Y;211270480;TTW;OTB;TBB;;;;;36.28;32.61;269.00;0.00;0.00;993.00;328.00;2;1979-07-25;MFL;;;;1979-01-01
DEU;NLD198100312;;DES;2023-08-14;2023-08-14;ROS170;ROS170;ANNIE HILLINA;DERSK;Rostock;DEDT2;Y;N;Y;Y;N;Y;218359000;TTP;OTB;OTM;;;;;86.33;81.20;2417.00;0.00;0.00;2863.00;880.00;2;1999-06-15;MFL;;;PA;1981-01-01
DEU;NLD198200994;8128561;MOD;2024-11-04;2100-12-31;GRE33;GRE33;VERTROUWEN;DEGRE;Greetsiel;DQQI;Y;Y;Y;Y;N;Y;211319670;TU;TBB;OTB;;;;;23.90;22.11;113.00;0.00;0.00;221.00;0.00;2;1983-11-28;MFL;;;;1982-01-01
DEU;NLD198201193;;DES;2000-02-15;2000-02-15;BX780;BX780;GERDA-MARIA;0402;;DENP;Y;N;N;;;;;FX;OTM;OTB;;;;;78.22;73.33;2122.00;1178.50;0.00;2941.00;0.00;;1982-06-01;4C6;;;PA;
DEU;NLD198300318;8209171;EXP;2009-10-28;2009-10-28;ROS784;ROS784;DIRK-DIRK;0601;;DENR;Y;N;Y;;;;;TTF;OTM;NO;;;;;95.18;89.89;3181.00;3019.00;0.00;2600.00;1042.00;2;1983-11-28;MFL;FRO;EX;PA;1983-01-01
DEU;NLD198400946;;DES;2005-09-21;2005-09-21;NG8;NG8;JOOS-JOHANNES;DEEME;Emden;DMED;Y;N;Y;;;;;TUB;TBB;OTB;;;;;23.94;22.15;88.00;69.92;0.00;221.00;0.00;2;1990-05-31;MFL;;;PA;1984-01-01
DEU;NLD198500203;;RET;1997-10-10;1997-10-10;SC43;SC43;HORNS RIFF;DEBUM;Büsum;DIZA;Y;N;N;;;;;TUB;TBB;OTB;;;;;22.37;0.00;78.00;65.01;0.00;220.00;0.00;2;1989-11-01;4C5;;;PA;1985-01-01
DEU;NLD198500441;;MOD;2024-10-11;2100-12-31;CUX1;CUX1;Mare-Liberum;DECUX;Cuxhaven;DFMD;Y;Y;Y;Y;N;Y;211290000;TU;TBB;OTB;;;;;22.82;20.17;82.00;0.00;0.00;221.00;0.00;2;1991-05-29;MFL;;;;1985-01-01
DEU;NLD198500737;8421743;MOD;2024-06-06;2100-12-31;SC31;SC31;DR.MAARTEN LUTHER;DEBUM;Büsum;DIRA;Y;Y;Y;Y;N;Y;211365280;TU;TBB;OTB;;;;;38.75;34.80;315.00;0.00;0.00;1343.00;0.00;2;1985-06-01;MFL;;;;1985-01-01
DEU;NLD198500939;8539320;MOD;2020-05-14;2100-12-31;SD6;SD6;BLEIBTREU;DE68S;Friedrichskoog;DFNM;Y;N;Y;Y;N;Y;211318730;TU;TBB;OTB;;;;;23.49;20.80;88.00;0.00;0.00;221.00;0.00;2;1989-09-01;MFL;;;;1986-01-01
DEU;NLD198501006;8577164;EXP;2007-05-31;2007-05-31;NG7;NG7;ANNA;DEEME;Emden;DFLJ;Y;N;Y;;;;;TUB;TBB;OTB;;;;;23.87;21.80;95.00;66.83;0.00;221.00;0.00;2;1990-03-28;MFL;IRL;EX;PA;1985-01-01
DEU;NLD198600010;8432340;MOD;2023-03-24;2100-12-31;SC58;SC58;HEIMDALL;DEBUM;Büsum;DKBJ2;Y;Y;Y;Y;N;Y;211670320;TU;TBB;OTB;;;;;22.30;19.87;86.00;0.00;0.00;221.00;64.00;2;2015-01-20;MFL;;;;1986-01-01
DEU;NLD198600738;8521646;MOD;2022-05-01;2100-12-31;SC19;SC19;BONAFIDE;DEBUM;Büsum;DIYT;Y;Y;Y;Y;N;Y;211699000;TU;TBB;OTB;;;;;24.69;21.58;107.00;0.00;0.00;221.00;0.00;2;1989-01-01;MFL;;;;1986-01-01
DEU;NLD198800081;8807791;MOD;2024-07-27;2100-12-31;GRE115;GRE115;CHARLOTTE;DEGRE;Greetsiel;DGEC2;Y;Y;Y;Y;N;Y;218094000;DB;DRB;NO;;;;;45.15;42.74;324.00;0.00;0.00;514.00;354.00;2;1988-12-31;AQU;;;;1988-01-01
DEU;NLD198800905;;EXP;2022-01-26;2022-01-26;NG19;NG19;Elisabeth;DEEME;Emden;DCGA2;Y;N;Y;Y;;Y;211793000;TU;TBB;OTB;;;;;36.30;32.12;281.00;0.00;0.00;749.00;440.00;2;1988-12-31;MFL;GBR;EX;PA;1987-01-01
DEU;NLD198900256;8816132;MOD;2023-03-10;2100-12-31;SC1;SC1;ELISABETH;DEBUM;Büsum;DKTP2;Y;Y;Y;Y;N;Y;211872390;TU;TBB;OTB;;;;;39.06;34.27;396.00;0.00;0.00;1343.00;670.00;2;2022-06-10;MFL;;;;1989-01-01
DEU;NLD199001095;8432314;IMP;2024-04-30;2100-12-31;ACC1;ACC1;Gerda-Bianka;DEACC;Accumersiel;DBYS;Y;Y;Y;Y;N;Y;246182000;TU;TBB;OTB;;;;;20.57;17.99;62.00;0.00;0.00;221.00;60.00;2;1990-12-31;MFL;NLD;;PA;1990-01-01
DEU;NLD199001485;8431657;IMP;2016-11-03;2100-12-31;GRE16;GRE16;TRITON;0308;;DCWX;Y;Y;Y;;;;;FX;TBB;OTB;;;;;22.85;20.20;78.00;0.00;0.00;221.00;0.00;2;1991-08-20;MFL;NLD;;PA;1990-01-01
DEU;NLD199001509;9019406;EXP;2017-09-07;2017-09-07;SK18;SK18;AQUARIUS;0201;;DFOL;Y;N;Y;;;;;FX;OTB;TBB;;;;;28.42;25.34;189.00;0.00;0.00;559.00;0.00;2;1993-11-15;MFL;BEL;EX;PA;1991-01-01
DEU;NLD199101249;9018608;MOD;2016-05-14;2100-12-31;NG12;NG12;PRINS MAURITS;DEEME;Emden;DQZO;Y;Y;Y;Y;N;Y;211315540;TU;TBB;OTB;;;;;41.82;37.67;446.00;0.00;0.00;1103.00;662.00;2;1991-12-31;MFL;;;PA;1991-01-01
DEU;NLD199902581;9182801;MOD;2023-07-10;2100-12-31;ROS171;ROS171;Maartje Theadora;DERSK;Rostock;DEAN2;Y;Y;Y;Y;N;Y;218066000;TTP;OTM;OTB;;;;;140.80;0.00;9182.00;0.00;0.00;8640.00;3280.00;2;2000-05-31;MFL;;;PA;1999-01-01
DEU;NLD200302676;8531213;MOD;2021-02-15;2100-12-31;SU42;SU42;HOPE;DEHUS;Husum;DKXF;Y;Y;Y;Y;N;Y;211777300;TU;TBB;OTB;;;;;23.95;0.00;94.00;0.00;0.00;221.00;220.00;2;2003-05-15;MFL;;;;2003-01-01
DEU;NLD200801096;;CHA;2022-08-18;2100-12-31;SW2;SW2;MARIA L;DE69S;Wittdün;DMJY;Y;N;Y;Y;;Y;211169660;TU;TBB;OTB;;;;;20.96;18.35;82.00;0.00;0.00;221.00;60.00;2;2009-01-16;MFL;;;PA;2008-01-01
DEU;NLD200801098;;IMP;2022-08-05;2100-12-31;ARN2;ARN2;GREIF III;DE4AV;Arnis;DF2456;Y;Y;N;N;;Y;211876300;TTW;OTB;PTB;;;;;11.88;0.00;13.00;0.00;0.00;206.00;0.00;2;2009-02-06;MFL;NLD;;PA;2008-01-01
DEU;SWE000004768;;MOD;2015-01-27;2100-12-31;LAU33;LAU33;EMILIA;DELAK;"Lauterbach"", Rügen";;N;Y;N;N;;N;;LL;LLS;GNS;;;;;11.99;10.82;17.00;0.00;0.00;93.00;0.00;2;2002-05-30;MFL;;;AC;1985-01-01
DEU;SWE000004873;;MOD;2022-01-21;2100-12-31;WIE58;WIE58;---;DEGRD;Greifswald;;N;Y;N;N;;N;;GO;GNS;FPO;;;;;9.54;0.00;10.00;0.00;0.00;85.00;0.00;3;1985-06-18;MFL;;;;1981-01-01
DEU;SWE000007967;;CHA;2023-11-01;2100-12-31;FRE55;FRE55;TRITON;DEFRJ;Freest;DH7746;Y;Y;N;N;Y;Y;211601160;GO;GNS;FPO;;;;;11.00;0.00;14.00;0.00;0.00;162.00;0.00;3;1997-12-30;MFL;;;PA;1997-01-01
DEU;SWE000008025;;EXP;2007-09-20;2007-09-20;NC314;NC314;KRISTIN OF DONSOE;0301;;DMEK;Y;N;Y;;;;;FX;OTB;OTM;;;;;28.44;25.85;306.00;0.00;0.00;735.00;0.00;2;1998-01-01;MFL;SWE;EX;PA;1998-01-01
DEU;SWE000008077;9212682;EXP;2009-02-24;2009-02-24;NC315;NC315;VICTORIA AV ÃCKERÃ;0301;;DFIN;Y;Y;Y;;;;;TT;OTB;OTM;;;;;28.20;25.85;315.00;0.00;7.00;736.00;0.00;2;1999-12-31;MFL;DNK;EX;PA;1999-01-01
DEU;SWE000008166;;RET;2017-03-13;2017-03-13;NC330;NC330;KRISTIN;0301;;DFIM;Y;N;Y;;;;;FX;OTB;OTM;;;;;40.31;36.05;499.00;0.00;0.00;735.00;318.00;2;2000-02-15;MFL;;;PA;2000-01-01
DEU;SWE000008173;9222390;EXP;2006-12-01;2006-12-01;BX790;BX790;LOEVOEN;0402;;DMEB;Y;N;Y;;;;;FX;PTM;OTM;;;;;37.33;0.00;457.00;0.00;0.00;1630.00;380.00;2;2000-01-15;MFL;SWE;EX;PA;2000-01-01
DEU;SWE000008182;9214484;EXP;2019-10-29;2019-10-29;NC320;NC320;KRISTIN;0301;;DFJZ;Y;N;Y;Y;;Y;;TO;OTB;OTM;;;;;49.99;44.17;713.00;0.00;0.00;1595.00;724.00;2;2001-12-05;MFL;NOR;EX;PA;2001-01-01
DEU;SWE000009717;9211676;MOD;2025-06-11;2100-12-31;SH4;SH4;ELLEN BACH;DEHHF;Heiligenhafen;DKIH2;Y;Y;Y;Y;N;Y;211410690;TTW;OTB;OTM;PTB;PTM;;;51.72;46.67;764.00;0.00;0.00;2030.00;1077.00;2;2018-03-29;MFL;;;;1998-01-01
