Country of Registration;CFR;UVI;Event;Event Start Date;Event End Date;Registration Number;External marking;Name of vessel;Place of registration;Place of registration name;IRCS;IRCS indicator;Licence indicator;VMS indicator;ERS indicator;ERS Exempt indicator;AIS indicator;MMSI;Vessel Type;Main fishing gear;Subsidiary fishing gear 1;Subsidiary fishing gear 2;Subsidiary fishing gear 3;Subsidiary fishing gear 4;Subsidiary fishing gear 5;LOA;LBP;Tonnage GT;Other tonnage;GTs;Power of main engine;Power of auxiliary engine;Hull material;Date of entry into service;Segment;Country of importation/exportation;Type of export;Public aid;Year of construction
NLD;BEL000041982;;MOD;2024-06-07;2100-12-31;BEL000041982;BR-9;BOURIC;NLBRS;Breskens;PA2442;Y;Y;Y;Y;N;N;;TU;FPO;LHP;;;;;14.36;0.00;14.00;0.00;0.00;83.00;0.00;2;2012-01-12;MFL;;;;1982-01-01
NLD;BEL000071985;8530257;MOD;2023-08-09;2100-12-31;BEL000071985;ZK-44;JELTE ALBERT;NLZOT;Zoutkamp;PDKV;Y;Y;Y;Y;N;Y;244170523;TU;TBB;FPO;;;;;19.10;0.00;57.00;0.00;0.00;221.00;0.00;2;1985-03-22;MFL;;;;1985-01-01
NLD;BEL001191970;8432601;MOD;2023-07-25;2100-12-31;BEL001191970;WR-27;VISAREND;NLWRG;Wieringen/Den Oever;PDPG;Y;Y;Y;Y;N;Y;244052000;MO;TBB;OTB;;;;;22.55;0.00;66.00;0.00;0.00;220.00;13.00;2;1992-06-30;MFL;;;;1970-01-01
NLD;BEL001391987;;MOD;2025-06-26;2100-12-31;BEL001391987;TX-50;EVA MARIA;NLTEX;Texel;;N;Y;N;N;Y;N;;MO;OTB;TBB;;;;;11.10;0.00;9.00;0.00;0.00;66.00;0.00;2;1997-11-10;MFL;;;PA;1987-01-01
NLD;BEL002011991;;EXP;1995-08-08;1995-08-08;BEL002011991;BRU-201;ADRIANA MARIA;NLBSE;Bruinisse;PCDU;Y;N;N;N;N;N;;FX;OTB;OTM;;;;;23.93;0.00;160.00;0.00;0.00;220.00;398.00;2;1994-08-17;E17;DEU;EX;PA;1989-01-01
NLD;BEL010821987;8431803;MOD;2024-02-16;2100-12-31;BEL010821987;WL-18;VRIJHEID;NLWDE;Westdongeradeel;PIIW;Y;Y;Y;Y;N;Y;245504000;DB;TBB;MIS;;;;;20.86;0.00;50.00;0.00;0.00;221.00;56.00;2;1994-10-17;MFL;;;;1987-01-01
NLD;BEL011101959;;EXP;2017-05-23;2017-05-23;BEL011101959;ZK-67;DORUS;NLZOT;Zoutkamp;PCHO;Y;N;Y;N;N;N;;FX;TBB;MIS;;;;;18.00;0.00;34.00;0.00;0.00;221.00;3.00;2;1999-12-14;MFL;DEU;EX;PA;1959-01-01
NLD;BEL012111971;;MOD;2021-01-15;2100-12-31;BEL012111971;UK-190;GERRIT SENIOR;NLURK;Urk;PBAY;Y;Y;Y;Y;N;Y;244810702;MTG;OTB;MIS;;;;;14.95;0.00;28.00;0.00;0.00;194.00;37.00;2;1999-08-23;MFL;;;;1971-01-01
NLD;BEL014271964;;DES;2012-02-03;2012-02-03;BEL014271964;TH-11;MARJON;NLTHO;Tholen;;N;N;Y;N;N;N;;FX;TBB;OTB;;;;;22.31;0.00;69.00;0.00;0.00;220.00;40.00;2;1999-01-25;MFL;;;PA;1964-01-01
NLD;BEL014551964;;RET;2014-05-12;2014-05-12;BEL014551964;WL-23;MARLOUGER;NLWDE;Westdongeradeel;PFAK;Y;N;Y;N;N;N;;FX;TBB;MIS;;;;;18.56;0.00;34.00;0.00;0.00;221.00;0.00;2;2000-07-19;MFL;;;PA;1964-01-01
NLD;BEL025181998;8740797;DES;2023-07-04;2023-07-04;BEL025181998;UK-136;DRAKKAR;NLURK;Urk;PBJS;Y;N;Y;Y;N;Y;244150372;MO;TBB;MIS;;;;;37.81;0.00;384.00;0.00;0.00;1471.00;833.00;2;1998-06-26;MFL;;;AC;1998-01-01
NLD;BEL030381986;8412326;MOD;2018-08-13;2100-12-31;BEL030381986;VD-6;BRIGITTA;NLVOD;Volendam;PDGY;Y;Y;Y;Y;N;Y;244165000;TU;TBB;OTB;;;;;24.54;0.00;75.00;0.00;0.00;221.00;0.00;2;1995-07-06;MFL;;;;1986-01-01
NLD;BEL030992022;9917268;IMP;2023-05-26;2100-12-31;BEL030992022;SCH-99;ARAVIS;NLSCE;Scheveningen;PGXS;Y;Y;Y;Y;N;Y;244682000;SN;SSC;OTB;;;;;24.99;0.00;240.00;0.00;0.00;500.00;0.00;2;2023-05-26;MFL;BEL;;PA;2022-01-01
NLD;BEL031981967;;EXP;2001-02-23;2001-02-23;BEL031981967;DZ-8;ARTIC RANGER;NLDZL;Delfzijl;;N;N;N;N;N;N;;FX;SDN;MIS;;;;;29.20;0.00;158.00;0.00;0.00;368.00;40.00;2;1999-05-12;4J7;ESP;EX;PA;1967-01-01
NLD;BEL032071985;;MOD;2018-02-01;2100-12-31;BEL032071985;UK-368;PETRONELLA;NLURK;Urk;PBBC;Y;Y;Y;Y;N;Y;244157000;TU;TBB;MIS;;;;;23.77;0.00;78.00;0.00;0.00;221.00;110.00;2;2001-04-04;MFL;;;;1985-01-01
NLD;BEL033211961;;RET;1994-08-03;1994-08-03;BEL033211961;BR-21;AURORA;NLBRS;Breskens;PCWR;Y;N;N;N;N;N;;FX;DRB;TBB;;;;;26.50;0.00;98.00;0.00;0.00;416.00;233.00;2;1992-10-12;Z18;;;PA;1961-01-01
NLD;BEL034301957;;MOD;2023-02-17;2100-12-31;BEL034301957;UK-94;JAN VAN CEES;NLURK;Urk;PBBF;Y;Y;Y;Y;N;Y;244792000;TU;TBB;GNS;;;;;19.75;0.00;51.00;0.00;0.00;221.00;65.00;2;2000-02-17;MFL;;;;1957-01-01
NLD;BEL035541964;8433186;MOD;2017-09-05;2100-12-31;BEL035541964;UK-271;ESTER JACOBA;NLURK;Urk;PCFC;Y;Y;Y;Y;N;Y;244721000;TU;TBB;MIS;;;;;22.25;0.00;50.00;0.00;0.00;221.00;70.00;2;1998-10-09;MFL;;;;1964-01-01
NLD;BEL040521984;8985153;MOD;2022-01-21;2100-12-31;BEL040521984;TX-33;NOVA SPES;NLTEX;Texel;PBQJ;Y;Y;Y;Y;N;Y;244570000;TU;TBB;MIS;;;;;23.90;0.00;106.00;0.00;0.00;221.00;124.00;2;1999-09-30;MFL;;;;1984-01-01
NLD;BEL043501985;;EXP;1995-08-22;1995-08-22;BEL043501985;ST-10;IMMETJE HANS;NLSTA;Stavoren;PEVU;Y;N;N;N;N;N;;FX;TBB;GNS;;;;;19.94;0.00;61.00;0.00;0.00;191.00;20.00;2;1992-02-10;Z18;GBR;EX;PA;1985-01-01
NLD;BEL044021963;8529076;MOD;2017-08-14;2100-12-31;BEL044021963;LO-7;ZWERVER;NLLAN;Lauwersoog;PBBD;Y;Y;Y;Y;N;Y;244175000;TU;TBB;MIS;;;;;23.78;0.00;97.00;0.00;0.00;221.00;85.00;2;2001-01-18;MFL;;;;1963-01-01
NLD;BEL045751966;;RET;2001-01-16;2001-01-16;BEL045751966;ZK-186;BOREAS;NLZOT;Zoutkamp;;N;N;N;N;N;N;;FX;TBB;OTB;;;;;20.97;0.00;63.00;0.00;0.00;221.00;0.00;2;1999-09-30;4J6;;;PA;1966-01-01
NLD;BEL047201963;;RET;2016-04-26;2016-04-26;BEL047201963;UK-367;STELLA MARIS;NLURK;Urk;PA3809;Y;N;Y;N;N;N;;FX;TBB;MIS;;;;;22.00;0.00;68.00;0.00;0.00;221.00;6.00;2;2013-03-29;MFL;;;PA;1963-01-01
NLD;DEU000060400;7022485;DES;2023-05-31;2023-05-31;DEU000060400;UK-5;VANTAGE;NLURK;Urk;PCMX;Y;N;Y;Y;N;Y;246833000;MO;TBB;MIS;;;;;31.65;0.00;174.00;0.00;0.00;736.00;60.00;2;2012-11-12;MFL;;;AC;1970-01-01
NLD;DEU000250603;;EXP;1996-09-05;1996-09-05;DEU000250603;HA-35;ANGERMUNDE;NLHAR;Harlingen;;N;N;N;N;N;N;;FX;OTB;PTB;;;;;17.80;0.00;41.00;0.00;0.00;147.00;0.00;1;1995-08-04;Z18;IRL;EX;PA;1950-01-01
NLD;DEU000280300;;EXP;1992-06-05;1992-06-05;DEU000280300;HD-101;RH VAN SCHIJNDEL;NLDHR;Den Helder;;N;N;N;N;N;N;;FX;OTB;TBB;;;;;24.71;0.00;87.00;0.00;0.00;220.00;116.00;2;1983-11-29;Z18;DNK;EX;PA;1983-01-01
NLD;DEU000290300;8531938;MOD;2024-07-26;2100-12-31;DEU000290300;HD-66;PIETER;NLDHR;Den Helder;PEAM;Y;Y;Y;Y;N;Y;244020098;TU;TBB;FPO;;;;;24.65;0.00;98.00;0.00;0.00;221.00;200.00;;2021-08-27;MFL;;;PA;1983-01-01
NLD;DEU000590300;8100612;MOD;2011-08-17;2100-12-31;DEU000590300;HA-36;SCHILLHÖRN;NLHAR;Harlingen;PHJJ;Y;Y;Y;Y;N;Y;245647000;DM;DRB;MIS;;;;;39.30;0.00;257.00;0.00;0.00;714.00;636.00;2;1993-07-28;MFL;;;PA;1981-01-01
NLD;DEU001120300;;RET;1997-02-04;1997-02-04;DEU001120300;WR-289;BONAFIDE;NLWRG;Wieringen/Den Oever;;N;N;N;N;N;N;;FX;OTB;OTM;;;;;24.33;0.00;124.00;0.00;0.00;459.00;44.00;1;1992-10-13;4J3;;;PA;1968-01-01
NLD;DEU001440300;;RET;2003-01-21;2003-01-21;DEU001440300;ZK-22;AALTJE;NLZOT;Zoutkamp;;N;N;N;N;N;N;;FX;TBB;OTB;;;;;15.17;0.00;23.00;0.00;0.00;221.00;0.00;1;1998-04-15;MFL;;;PA;1966-01-01
NLD;DEU002170300;;MOD;2025-04-09;2100-12-31;DEU002170300;ZK-1;SOLEA;NLZOT;Zoutkamp;PC6287;Y;Y;N;N;Y;N;;WOP;GNS;FPO;;;;;11.50;0.00;9.00;0.00;0.00;70.00;0.00;2;2024-08-09;MFL;;;PA;1999-01-01
NLD;DEU002180300;8450172;IMP;2023-10-09;2100-12-31;DEU002180300;YE-238;GEERTRUIDA;NLYSK;Yerseke;PFOW;Y;Y;Y;Y;N;Y;244328000;MO;TBB;OTB;;;;;19.99;0.00;70.00;0.00;0.00;221.00;0.00;2;2023-10-09;MFL;DEU;;PA;2010-01-01
NLD;DEU200050208;;IMP;2025-01-24;2100-12-31;DEU200050208;ST-6;ALBATROS;NLSTA;Stavoren;;N;Y;N;N;Y;N;;GO;GNS;FPO;;;;;11.03;0.00;14.00;0.00;0.00;115.00;0.00;3;2025-01-24;MFL;DEU;;PA;1983-01-01
NLD;DEU200650219;8432558;MOD;2016-11-04;2100-12-31;DEU200650219;WL-33;WILLEM ANNE;NLWDE;Westdongeradeel;PCSG;Y;Y;Y;Y;N;Y;245715000;TU;TBB;OTB;;;;;20.25;0.00;58.00;0.00;0.00;221.00;40.00;2;1993-04-06;MFL;;;;1976-01-01
NLD;DEU201100219;9013921;EXP;2015-05-06;2015-05-06;DEU201100219;UK-194;LUB ROMKES;NLURK;Urk;PCNS;Y;N;Y;N;N;N;;FX;OTB;TBB;;;;;23.93;0.00;160.00;0.00;0.00;221.00;260.00;2;2011-12-16;MFL;DEU;EX;PA;1991-01-01
NLD;DEU300660207;;RET;2000-04-01;2000-04-01;DEU300660207;GO-2;WILLEM;NLGDR;Goedereede;;N;N;N;N;N;N;;FX;OTB;OTM;;;;;23.94;0.00;105.00;0.00;0.00;221.00;5.00;1;1992-02-21;4J4;;;PA;1964-01-01
NLD;DEU400040109;;RET;2005-02-25;2005-02-25;DEU400040109;UK-229;AALTJE;NLURK;Urk;PCAQ;Y;N;Y;N;N;N;;FX;TBB;MIS;;;;;23.85;0.00;108.00;0.00;0.00;208.00;85.00;2;1999-12-03;MFL;;;PA;1972-01-01
NLD;DEU400290107;;MOD;2015-12-21;2100-12-31;DEU400290107;IJM-31;MERON IV;NLIJM;Ijmuiden/Velsen;PBNW;Y;Y;Y;Y;N;Y;244790085;FX;TBB;MIS;;;;;14.35;0.00;24.00;0.00;0.00;221.00;45.00;3;2014-06-26;MFL;;;;1983-01-01
NLD;DEU400750101;;RET;1996-10-17;1996-10-17;DEU400750101;WR-61;ZEEMEEUW;NLWRG;Wieringen/Den Oever;;N;N;N;N;N;N;;FX;PTB;MIS;;;;;26.80;0.00;93.00;0.00;0.00;243.00;18.00;2;1993-05-25;Z18;;;PA;1959-01-01
NLD;DEU400760101;;RET;1992-08-04;1992-08-04;DEU400760101;GO-17;MARIA;NLGDR;Goedereede;;N;N;N;N;N;N;;FX;TBB;MIS;;;;;18.65;0.00;0.00;47.99;0.00;206.00;0.00;1;1991-12-16;E17;;;PA;1972-01-01
NLD;DEU401110101;9045259;RET;2021-02-26;2021-02-26;DEU401110101;LO-28;MARE FRISICUM;NLLAN;Lauwersoog;PDCL;Y;N;Y;Y;N;Y;244630078;MO;OTB;TBB;;;;;23.98;0.00;137.00;0.00;0.00;221.00;181.00;;2016-03-22;MFL;;;PA;1990-01-01
NLD;DEU401170101;9021722;MOD;2021-03-01;2100-12-31;DEU401170101;HD-36;VOLHARDING;NLDHR;Den Helder;PHBS;Y;Y;Y;Y;N;Y;245813000;MO;OTB;TBB;;;;;26.47;0.00;184.00;0.00;0.00;423.00;0.00;2;2004-09-28;MFL;;;;1991-01-01
NLD;DEU401300101;;RET;2008-03-14;2008-03-14;DEU401300101;HA-17;JENNY;NLHAR;Harlingen;PCEC;Y;N;Y;N;N;N;;FX;HMD;DRB;;;;;42.84;0.00;257.00;0.00;0.00;191.00;142.00;2;1997-05-13;MFL;;;PA;1954-01-01
NLD;DEU401340101;8538687;MOD;2025-08-27;2100-12-31;DEU401340101;UK-214;MAARTEN SENIOR;NLURK;Urk;PCZC;Y;Y;Y;Y;N;Y;244615490;MO;TBB;OTB;;;;;19.96;0.00;69.00;0.00;0.00;221.00;0.00;2;2021-06-17;MFL;;;;2004-01-01
NLD;DEU500080105;;IMP;2009-05-15;2100-12-31;DEU500080105;TX-45;PALOMA;NLTEX;Texel;;N;Y;N;N;Y;N;;FX;OTB;MIS;;;;;9.64;0.00;6.00;0.00;0.00;75.00;0.00;3;2009-05-15;MFL;DEU;;PA;1978-01-01
NLD;DEU500220105;;RET;2002-07-05;2002-07-05;DEU500220105;HA-1;VERA;NLHAR;Harlingen;PIFU;Y;N;N;N;N;N;;FX;TBB;MIS;;;;;18.16;0.00;37.00;0.00;0.00;160.00;60.00;2;1995-03-09;4JZ;;;AC;1960-01-01
NLD;DEU500450102;;RET;2021-09-01;2021-09-01;DEU500450102;UK-4;HELMINA CHRISTINA;NLURK;Urk;PE7723;Y;N;Y;Y;N;N;245104000;MO;TBB;GNS;;;;;18.06;0.00;40.00;0.00;0.00;221.00;0.00;2;2021-06-01;MFL;;;PA;1946-01-01
NLD;DEU500710110;8137172;RET;2010-09-29;2010-09-29;DEU500710110;YE-44;SUDSTRAND;NLYSK;Yerseke;PHBE;Y;N;N;N;N;N;;FX;DRB;MIS;;;;;31.20;0.00;131.00;0.00;0.00;220.00;78.20;2;2004-07-20;AQU;;;PA;1976-01-01
NLD;DEU500730110;6814764;MOD;2005-01-01;2100-12-31;DEU500730110;YE-37;ZEELAND;NLYSK;Yerseke;PI6250;Y;Y;N;N;N;N;;FX;DRB;MIS;;;;;30.91;0.00;115.00;0.00;0.00;360.00;0.00;2;2001-03-02;AQU;;;;1968-01-01
NLD;DEU500760110;8421999;DES;2022-05-16;2022-05-16;DEU500760110;YE-77;ADRIAAN;NLYSK;Yerseke;PDEK;Y;N;N;N;N;N;;FX;DRB;MIS;;;;;36.22;0.00;187.00;0.00;0.00;716.00;0.00;2;1985-01-01;AQU;;;PA;1985-01-01
NLD;DEU500830113;8702094;EXP;2009-03-05;2009-03-05;DEU500830113;YE-182;EX MARE GRATIA;NLYSK;Yerseke;DJJP;Y;N;N;N;N;N;;FX;DRB;MIS;;;;;35.90;0.00;186.00;0.00;0.00;362.00;411.00;2;2004-08-04;AQU;IRL;EX;PA;1987-01-01
NLD;DNK000005696;8590752;MOD;2012-09-06;2100-12-31;DNK000005696;HA-19;POLARIS;NLHAR;Harlingen;PE9840;Y;Y;Y;Y;N;Y;244740354;DB;DRH;MIS;;;;;27.98;0.00;79.00;0.00;0.00;251.00;190.00;2;2012-07-31;MFL;;;;1955-01-01
NLD;DNK000010726;;RET;2017-04-26;2017-04-26;DNK000010726;IJM-368;ALETTA;NLIJM;Ijmuiden/Velsen;PD8804;Y;N;Y;N;N;N;;FX;GNS;OTB;;;;;14.54;0.00;22.00;0.00;0.00;98.00;6.00;1;2009-03-17;MFL;;;PA;1955-01-01
NLD;DNK000013605;8608212;EXP;2019-11-12;2019-11-12;DNK000013605;UK-157;JAN DE WIT;NLURK;Urk;PCPH;Y;N;Y;Y;N;Y;244790800;MO;OTT;OTB;;;;;28.80;0.00;186.00;0.00;0.00;634.00;102.00;2;2013-12-10;MFL;ZAF;EX;PA;1987-01-01
NLD;DNK000014039;;MOD;2019-10-31;2100-12-31;DNK000014039;SCH-35;SOLE TRADER;NLSCE;Scheveningen;;N;Y;N;N;Y;N;;GO;GNS;FPO;;;;;10.80;0.00;12.00;0.00;0.00;96.00;0.00;3;2005-08-02;MFL;;;;1995-01-01
NLD;DNK000014314;;MOD;2020-06-08;2100-12-31;DNK000014314;HD-79;CALETA;NLDHR;Den Helder;PDEL;Y;Y;Y;Y;N;Y;244110439;MO;TBB;OTB;;;;;19.98;0.00;60.00;0.00;0.00;221.00;25.00;2;1989-01-01;MFL;;;;1976-01-01
NLD;DNK000015003;;IMP;2018-11-23;2100-12-31;DNK000015003;TH-36;DE ZEEUW;NLTHO;Tholen;;N;Y;N;N;Y;N;;GO;GNS;OTB;;;;;9.85;0.00;10.00;0.00;0.00;88.00;0.00;3;2018-11-23;MFL;DNK;;PA;1989-01-01
NLD;DNK000018558;7813377;MOD;2013-10-11;2100-12-31;DNK000018558;UK-268;JACOBA ALIJDA;NLURK;Urk;PHJS;Y;Y;Y;Y;N;Y;244507000;TU;OTT;OTB;;;;;25.92;0.00;208.00;0.00;0.00;683.00;380.00;2;2007-04-06;MFL;;;;1979-01-01
NLD;DNK000019683;8592815;MOD;2017-10-06;2100-12-31;DNK000019683;UK-128;ALBERTJE;NLURK;Urk;PF2155;Y;Y;Y;Y;N;Y;244030922;GO;GNS;MIS;;;;;13.41;0.00;25.00;0.00;0.00;143.00;0.00;3;2008-06-27;MFL;;;;1992-01-01
NLD;DNK000040071;9568079;MOD;2021-07-16;2100-12-31;DNK000040071;UK-642;BERENDINA;NLURK;Urk;PCIN;Y;Y;Y;Y;N;Y;244150302;FX;SDN;OTT;;;;;27.12;0.00;219.00;0.00;0.00;746.00;110.00;2;2010-04-15;MFL;;;;2009-01-01
NLD;FRA000322866;;DES;2008-01-16;2008-01-16;FRA000322866;SL-18;VERTROUWEN;NLSTD;Stellendam;PD4127;Y;N;N;N;N;N;;FX;GNS;OTB;;;;;12.00;0.00;11.00;0.00;0.00;206.00;0.00;3;2006-06-16;MFL;;;PA;1977-01-01
NLD;FRA000544858;7928835;MOD;2015-06-02;2100-12-31;FRA000544858;SL-9;JOHANNA;NLSTD;Stellendam;PHOE;Y;Y;Y;Y;N;Y;244938000;SPE;SDN;OTB;;;;;34.30;0.00;310.00;0.00;0.00;500.00;660.00;2;2007-10-24;MFL;;;;1981-01-01
NLD;FRA000545164;8108688;MOD;2017-10-12;2100-12-31;FRA000545164;SCH-65;SIMPLON;NLSCE;Scheveningen;PCFG;Y;Y;Y;Y;N;Y;246742000;SPE;SDN;OTB;;;;;34.30;0.00;310.00;0.00;0.00;500.00;660.00;2;2010-07-28;MFL;;;;1982-01-01
NLD;FRA000545166;8120442;MOD;2016-08-19;2100-12-31;FRA000545166;SCH-135;GALIBIER;NLSCE;Scheveningen;PBIB;Y;Y;Y;Y;N;Y;244630637;FX;OTB;OTT;;;;;34.50;0.00;317.00;0.00;0.00;500.00;670.00;2;2016-03-24;MFL;;;;1982-01-01
NLD;FRA000648870;;MOD;2022-02-18;2100-12-31;FRA000648870;BR-8;DAUWTRIPPER;NLBRS;Breskens;PCDV;Y;Y;N;N;Y;Y;245434000;MO;TBB;LHP;;;;;9.74;0.00;6.00;0.00;0.00;118.00;0.00;3;2016-02-09;MFL;;;;1987-01-01
NLD;FRA000686426;;IMP;2021-11-04;2100-12-31;FRA000686426;ZZ-85;ALEXIS 2;NLZIE;Zierikzee;;N;Y;N;N;Y;N;;WOP;FPO;GNS;;;;;11.99;0.00;17.00;0.00;0.00;84.00;0.00;2;1988-01-01;MFL;BEL;;PA;1988-01-01
NLD;FRA000716630;8202812;EXP;2015-05-08;2015-05-08;FRA000716630;SCH-27;SCOMBRUS;NLSCE;Scheveningen;PCJQ;Y;N;Y;N;N;N;;FX;OTM;MIS;;;;;78.22;0.00;2125.00;0.00;0.00;2942.00;2177.00;2;2011-02-04;MFL;PAN;EX;PA;1982-01-01
NLD;FRA102636030;8433162;EXP;1998-09-03;1998-09-03;FRA102636030;GO-64;ANNEWIEN;NLGDR;Goedereede;;N;N;N;N;N;N;;FX;TBB;MIS;;;;;22.32;0.00;0.00;70.67;0.00;221.00;120.00;2;1993-02-09;4J7;BEL;;PA;1970-01-01
NLD;GBR000010737;;RET;2000-04-01;2000-04-01;GBR000010737;SCH-1;TOBY VISHOLM;NLSCE;Scheveningen;;N;N;N;N;N;N;;FX;NK;MIS;;;;;14.63;0.00;20.00;0.00;0.00;165.00;0.00;1;1996-08-22;4J7;;;PA;1948-01-01
NLD;GBR000011478;;RET;2004-06-28;2004-06-28;GBR000011478;DZ-9;SHEMARA;NLDZL;Delfzijl;ONB 4;Y;N;N;N;N;N;;FX;DRB;GNS;;;;;32.31;0.00;233.00;0.00;0.00;559.00;460.00;2;2000-08-16;MFL;;;PA;1975-01-01
NLD;GBR000018956;;RET;1994-09-08;1994-09-08;GBR000018956;UK-6;DE VROUW MELANIE;NLURK;Urk;;N;N;N;N;N;N;;FX;TBB;MIS;;;;;36.60;0.00;328.00;0.00;0.00;1294.00;368.00;2;1993-04-21;E17;;;PA;1974-01-01
NLD;GBR000A14515;;MOD;2021-07-14;2100-12-31;GBR000A14515;YE-152;MERU;NLYSK;Yerseke;;N;Y;N;N;Y;N;;GO;OTB;GNS;;;;;9.95;0.00;6.00;0.00;0.00;95.00;0.00;2;2021-07-14;MFL;;;;1987-01-01
NLD;GBR000A18852;8521725;DES;2023-06-03;2023-06-03;GBR000A18852;UK-189;GERT JAN;NLURK;Urk;PCMH;Y;N;Y;Y;N;Y;244890644;TU;TBB;MIS;;;;;36.50;0.00;312.00;0.00;0.00;1325.00;0.00;2;1987-05-22;MFL;;;AC;1986-01-01
NLD;GBR000A21191;;EXP;2015-02-08;2015-02-08;GBR000A21191;SCH-61;ZILVERMEEUW;NLSCE;Scheveningen;;N;N;Y;N;N;N;;FX;GNS;MIS;;;;;12.88;0.00;7.00;0.00;0.00;198.00;0.00;3;2009-01-01;MFL;IRL;EX;PA;1987-01-01
NLD;GBR000A22077;;IMP;2011-02-01;2100-12-31;GBR000A22077;KW-37;MARE;NLKWK;Katwijk;;N;Y;N;N;Y;Y;246711000;GO;GNS;OTB;;;;;6.20;0.00;2.00;0.00;0.00;22.00;0.00;3;2011-02-01;MFL;GBR;;PA;1980-01-01
NLD;GBR000A23814;;RET;2009-01-28;2009-01-28;GBR000A23814;SCH-61;ZILVERMEEUW;NLSCE;Scheveningen;;N;N;N;N;Y;N;;FX;GNS;LHP;;;;;10.47;0.00;3.00;0.00;0.00;208.00;0.00;3;2006-01-06;MFL;;;PA;1987-01-01
NLD;GBR000B11622;;EXP;2006-11-08;2006-11-08;GBR000B11622;IJM-7;ELISABETH MARIA;NLIJM;Ijmuiden/Velsen;;N;N;N;N;N;N;;FX;GNS;OTB;;;;;12.09;0.00;25.00;0.00;0.00;221.00;30.00;2;2003-01-01;MFL;MLT;EX;PA;1990-01-01
NLD;GBR000B12088;;EXP;2011-08-12;2011-08-12;GBR000B12088;UK-168;VOORWAARTS;NLURK;Urk;PBWN;Y;N;Y;N;N;N;;FX;TBB;MIS;;;;;39.40;0.00;390.00;0.00;0.00;1323.00;450.00;2;2010-03-05;MFL;BEL;EX;PA;1983-01-01
NLD;GBR000B12885;8794920;CHA;2024-03-28;2100-12-31;GBR000B12885;TH-119;DEO VOLENTE;NLTHO;Tholen;PBBQ;Y;Y;Y;Y;N;Y;244620254;MO;TBB;MIS;;;;;23.60;0.00;86.00;0.00;0.00;220.00;0.00;2;2024-03-28;MFL;;;PA;1983-01-01
NLD;GBR000B14641;;RET;2018-11-14;2018-11-14;GBR000B14641;TX-34;SOLA GRATIA;NLTEX;Texel;;N;N;N;N;Y;N;;FX;LHP;MIS;;;;;10.08;0.00;8.00;0.00;0.00;115.00;0.00;3;1997-01-30;MFL;;;PA;1988-01-01
NLD;GBR000C16061;;DES;2019-08-05;2019-08-05;GBR000C16061;YE-74;PIETER;NLYSK;Yerseke;PD4873;Y;N;N;N;N;N;;FX;DRB;MIS;;;;;31.53;0.00;90.00;0.00;0.00;235.00;0.00;2;2007-01-23;AQU;;;PA;1969-01-01
NLD;GBR000C16214;8205840;DES;2023-06-09;2023-06-09;GBR000C16214;UK-161;HENDRIK BRANDS;NLURK;Urk;PDGL;Y;N;Y;Y;N;Y;244130992;TU;TBB;MIS;;;;;42.00;0.00;477.00;0.00;0.00;1471.00;1000.00;2;1997-12-08;MFL;;;AC;1984-01-01
NLD;GBR000C16965;;RET;2011-06-07;2011-06-07;GBR000C16965;SCH-101;STARDUST;NLSCE;Scheveningen;;N;N;N;N;Y;N;;FX;OTB;GNS;;;;;9.91;0.00;8.00;0.00;0.00;150.00;0.00;2;2009-07-10;MFL;;;PA;2000-01-01
NLD;GBR000C17019;;MOD;2023-05-11;2100-12-31;GBR000C17019;IJM-22;BLACK JACK;NLIJM;Ijmuiden/Velsen;PCPX;Y;Y;Y;Y;N;Y;244810301;MO;TBB;OTB;;;;;14.10;0.00;24.00;0.00;0.00;221.00;0.00;2;2013-09-30;MFL;;;;1987-01-01
NLD;GBR000C17393;9222182;DES;2023-05-10;2023-05-10;GBR000C17393;UK-272;ADRIAANTJE;NLURK;Urk;PDIG;Y;N;Y;Y;N;Y;244140343;TU;OTT;MIS;;;;;28.00;0.00;468.00;0.00;0.00;1060.00;360.00;2;2001-07-01;MFL;;;AC;2001-01-01
NLD;GBR000C17670;8121549;MOD;2024-02-22;2100-12-31;GBR000C17670;UK-157;JAN DE WIT;NLURK;Urk;PBHN;Y;Y;Y;Y;N;Y;244880000;MO;TBB;MIS;;;;;40.20;0.00;454.00;0.00;0.00;1470.00;625.00;2;2021-09-16;MFL;;;PA;1982-01-01
NLD;GBR000C18088;;EXP;2015-12-01;2015-12-01;GBR000C18088;WR-210;AMADEUS;NLWRG;Wieringen/Den Oever;PBUM;Y;N;N;N;Y;N;;FX;GNS;LHP;;;;;10.01;0.00;6.00;0.00;0.00;208.00;0.00;3;2014-01-15;MFL;GBR;EX;PA;2003-01-01
NLD;GBR000C18147;;MOD;2015-05-01;2100-12-31;GBR000C18147;YE-117;DEN BREEËN;NLYSK;Yerseke;;N;Y;N;N;N;N;;FX;DRB;DRH;;;;;21.00;0.00;99.00;0.00;0.00;587.00;625.00;2;2012-07-17;AQU;;;;2004-01-01
NLD;GBR000C18358;;RET;2022-06-01;2022-06-01;GBR000C18358;SL-77;KERMIT;NLSTD;Stellendam;;N;N;N;N;Y;N;;GO;GNS;LHP;;;;;6.50;0.00;1.00;0.00;0.00;30.00;0.00;3;2011-04-15;MFL;;;PA;2004-01-01
NLD;GBR000C18427;;EXP;2014-03-31;2014-03-31;GBR000C18427;UK-98;DE JONGE JOHANNES;NLURK;Urk;;N;N;N;N;Y;N;;FX;GNS;TBB;;;;;9.65;0.00;9.00;0.00;0.00;258.00;0.00;3;2008-10-16;MFL;GBR;EX;PA;2005-01-01
NLD;GBR000C19588;9454371;DES;2022-03-03;2022-03-03;GBR000C19588;UK-160;RIEMDA;NLURK;Urk;PDJX;Y;N;Y;Y;N;Y;244170169;SN;OTT;SSC;;;;;32.90;0.00;300.00;0.00;0.00;720.00;344.00;2;2010-03-05;MFL;;;PA;2007-01-01
NLD;GBR740479000;;RET;2001-04-01;2001-04-01;GBR740479000;DZ-6;NORINA;NLDZL;Delfzijl;;N;N;N;N;N;N;;FX;OTB;NK;;;;;39.24;0.00;381.00;0.00;0.00;1268.00;95.00;2;1999-12-07;4J7;;;PA;1975-01-01
NLD;GBR740480300;;RET;2001-04-01;2001-04-01;GBR740480300;DZ-7;IDENA;NLDZL;Delfzijl;;N;N;N;N;N;N;;FX;OTB;NK;;;;;39.30;0.00;381.00;0.00;0.00;1268.00;95.00;2;1999-12-07;4J7;;;PA;1975-01-01
NLD;GBRA00010059;;RET;1997-07-11;1997-07-11;GBRA00010059;IJM-342;AN;NLIJM;Ijmuiden/Velsen;;N;N;N;N;N;N;;FX;GNS;NK;;;;;7.00;0.00;10.00;0.00;0.00;82.00;0.00;3;1996-08-27;4J7;;;PA;1988-01-01
NLD;IRL000I01444;9306055;MOD;2019-01-01;2100-12-31;IRL000I01444;YE-243;CREADAN LADY;NLYSK;Yerseke;PBHV;Y;Y;Y;Y;N;Y;244870246;DB;DRM;DRB;;;;;43.60;0.00;473.00;0.00;0.00;940.00;500.00;2;2015-11-30;MFL;;;;2004-01-01
NLD;IRL000I11722;8700802;MOD;2021-03-16;2100-12-31;IRL000I11722;UK-22;STELLA POLARIS;NLURK;Urk;PHSU;Y;Y;Y;Y;N;Y;245308000;SPE;SSC;OTB;;;;;30.50;0.00;330.00;0.00;0.00;736.00;450.00;2;2005-12-15;MFL;;;;1986-01-01
NLD;IRL000I13000;9204556;EXP;2018-09-20;2018-09-20;IRL000I13000;KW-174;ANNELIES ILENA;NLKWK;Katwijk;PHKE;Y;N;Y;N;N;N;;TTF;OTM;MIS;;;;;144.60;0.00;14055.00;0.00;0.00;14400.00;6720.00;2;2007-03-21;MFL;POL;EX;PA;2000-01-01
NLD;NLD000000114;;MOD;2025-05-19;2100-12-31;NLD000000114;UK-98;ANTONIA MARTRUIDA;NLURK;Urk;;N;Y;N;N;Y;N;;GO;GNS;OTB;;;;;9.20;0.00;5.00;0.00;0.00;30.00;0.00;2;2006-08-15;MFL;;;;
NLD;NLD000001107;;RET;2023-05-03;2023-05-03;NLD000001107;IJM-6;ELISABETH;NLIJM;Ijmuiden/Velsen;;N;N;N;N;Y;N;;FX;GNS;OTB;;;;;8.19;0.00;2.00;0.00;0.00;89.00;0.00;3;2009-05-07;MFL;;;PA;
NLD;NLD000002014;;CHA;2016-06-03;2100-12-31;NLD000002014;WR-60;MARINA MARGRETHA;NLWRG;Wieringen/Den Oever;;N;Y;N;N;Y;N;;TU;OTB;FPO;;;;;3.60;0.00;1.00;0.00;0.00;11.00;0.00;3;2016-06-03;MFL;;;;2010-01-01
NLD;NLD000002670;;MOD;2012-08-28;2100-12-31;NLD000002670;IJM-324;SYMEN;NLIJM;Ijmuiden/Velsen;;N;Y;N;N;Y;N;;GO;GNS;FPO;;;;;5.20;0.00;1.00;0.00;0.00;7.30;0.00;3;2003-08-11;MFL;;;;1990-01-01
NLD;NLD000002672;8571237;MOD;2020-10-02;2100-12-31;NLD000002672;TS-31;INTERNOS;NLWTE;West-Terschelling;PC6732;Y;Y;Y;Y;N;Y;244670326;FX;FPO;GNS;;;;;35.97;0.00;122.00;0.00;0.00;127.00;17.50;2;2002-12-30;MFL;;;;1927-01-01
NLD;NLD000002673;;RET;2019-09-09;2019-09-09;NLD000002673;VLL-1;WILSAM;NLVLL;Vlieland;;N;N;N;N;Y;N;;FX;GTN;SDN;;;;;7.54;0.00;3.00;0.00;0.00;24.00;0.00;2;2002-12-30;MFL;;;PA;1850-01-01
NLD;NLD000002678;;RET;2008-03-04;2008-03-04;NLD000002678;ZK-31;MARIA;NLZOT;Zoutkamp;;N;N;N;N;Y;N;;FX;GND;GNS;;;;;4.00;0.00;1.00;0.00;0.00;1.00;0.00;2;2003-07-15;MFL;;;PA;2003-01-01
NLD;NLD000002681;;RET;2008-03-04;2008-03-04;NLD000002681;ZK-33;SOPHIA;NLZOT;Zoutkamp;;N;N;N;N;Y;N;;FX;TBB;OTB;;;;;3.40;0.00;1.00;0.00;0.00;4.00;0.00;2;2003-07-21;MFL;;;PA;2003-01-01
NLD;NLD000002689;;RET;2014-06-15;2014-06-15;NLD000002689;TX-15;BARACUDA;NLTEX;Texel;;N;N;N;N;Y;N;;FX;FPO;MIS;;;;;5.18;0.00;1.00;0.00;0.00;26.00;0.00;3;2003-11-20;MFL;;;PA;2003-01-01
NLD;NLD000002690;;MOD;2025-09-15;2100-12-31;NLD000002690;IJM-7;TYDA KYRA;NLIJM;Ijmuiden/Velsen;PBJA;Y;Y;N;N;Y;N;;GO;GNS;FPO;;;;;11.35;0.00;12.00;0.00;0.00;112.00;0.00;3;2003-12-04;MFL;;;PA;2003-01-01
NLD;NLD000072138;;CHA;2023-08-25;2100-12-31;NLD000072138;TH-7;VONGOLE;NLTHO;Tholen;;N;Y;N;N;Y;N;;DB;DRH;FPO;;;;;4.22;0.00;1.00;0.00;0.00;15.00;0.00;3;2023-08-25;MFL;;;;
NLD;NLD185000053;;RET;2004-05-19;2004-05-19;NLD185000053;BZ-10;MIRANDA;NLBZM;Bergse Diepsluis/Bergen Op Zoom;;N;N;N;N;Y;N;;FX;DRB;MIS;;;;;7.70;0.00;2.00;0.00;0.00;14.00;0.00;2;1988-06-24;MFL;;;PA;1988-01-01
NLD;NLD185000190;;RET;1993-07-27;1993-07-27;NLD185000190;HA-36;WULLUM;NLHAR;Harlingen;;N;N;N;N;N;N;;FX;DRB;GNS;;;;;5.70;0.00;0.00;2.00;0.00;22.00;0.00;2;1988-09-19;Z18;;;PA;
NLD;NLD185000192;;RET;1994-06-24;1994-06-24;NLD185000192;HD-48;HD-48;NLDHR;Den Helder;;N;N;N;N;N;N;;FX;NK;MIS;;;;;7.50;0.00;0.00;12.00;0.00;15.00;0.00;2;1972-06-30;Z18;;;PA;
NLD;NLD185000193;;DES;1998-01-21;1998-01-21;NLD185000193;HD-51;ZEEWOLF;NLDHR;Den Helder;;N;N;N;N;N;N;;FX;GNS;MIS;;;;;7.20;0.00;3.00;0.00;0.00;12.00;0.00;1;1982-05-04;4J1;;;PA;1982-01-01
NLD;NLD185000197;;RET;1994-06-23;1994-06-23;NLD185000197;HA-53;MARCA;NLHAR;Harlingen;;N;N;N;N;N;N;;FX;DRB;NK;;;;;17.29;0.00;0.00;15.68;0.00;72.00;0.00;2;1989-04-07;Z18;;;PA;
NLD;NLD185000249;;CHA;2014-05-27;2100-12-31;NLD185000249;SL-15;PIETA;NLSTD;Stellendam;;N;Y;N;N;Y;N;;GO;FPO;GNS;;;;;6.80;0.00;1.00;0.00;0.00;7.00;0.00;3;1973-11-13;MFL;;;;1973-01-01
NLD;NLD185000251;;RET;1994-06-23;1994-06-23;NLD185000251;HA-1;MEEUW;NLHAR;Harlingen;;N;N;N;N;N;N;;FX;FPO;NK;;;;;5.60;0.00;0.00;2.21;0.00;14.00;0.00;2;1978-05-03;Z18;;;PA;
NLD;NLD185000264;;RET;1994-08-03;1994-08-03;NLD185000264;NZ-3;NZ-3;NLTNZ;Terneuzen;;N;N;N;N;N;N;;FX;NK;MIS;;;;;6.80;0.00;0.00;4.70;0.00;11.00;0.00;1;1981-05-12;Z18;;;PA;
NLD;NLD185000439;;RET;1994-06-27;1994-06-27;NLD185000439;IJM-22;ELISABETH;NLIJM;Ijmuiden/Velsen;;N;N;N;N;N;N;;FX;NK;MIS;;;;;17.52;0.00;0.00;25.81;0.00;124.00;0.00;1;1985-02-25;Z18;;;PA;
NLD;NLD185000456;;MOD;2006-10-18;2100-12-31;NLD185000456;IJM-24;CONDOR;NLIJM;Ijmuiden/Velsen;;N;Y;N;N;Y;N;;GO;GNS;OTB;;;;;11.74;0.00;5.00;0.00;0.00;26.00;0.00;3;1989-08-10;MFL;;;;1989-01-01
NLD;NLD185000459;;RET;2001-09-24;2001-09-24;NLD185000459;IJM-30;IMRE;NLIJM;Ijmuiden/Velsen;;N;N;N;N;N;N;;FX;GNS;NK;;;;;8.40;0.00;7.00;0.00;0.00;22.00;0.00;4;1989-06-02;4J1;;;PA;1989-01-01
NLD;NLD185000470;;RET;1994-09-08;1994-09-08;NLD185000470;IJM-35;ZEEWOLF;NLIJM;Ijmuiden/Velsen;;N;N;N;N;N;N;;FX;GNS;MIS;;;;;8.00;0.00;0.00;5.68;0.00;21.00;0.00;3;1989-09-05;Z18;;;PA;
NLD;NLD185000508;;RET;1998-09-03;1998-09-03;NLD185000508;VLI-4;ERIK;NLVLI;Vlissingen;;N;N;N;N;N;N;;FX;NK;MIS;;;;;7.80;0.00;0.00;7.39;0.00;50.00;0.00;2;1987-03-25;4J7;;;PA;1987-01-01
NLD;NLD185000663;;RET;1995-06-08;1995-06-08;NLD185000663;ZL-37;ADRIANA;NLHOZ;Hooge Zwaluwe;;N;N;N;N;N;N;;FX;NK;MIS;;;;;10.70;0.00;0.00;4.00;0.00;21.00;0.00;2;1972-12-15;Z18;;;PA;
NLD;NLD185000823;;RET;2012-01-12;2012-01-12;NLD185000823;WR-84;MARIANNE WARDA;NLWRG;Wieringen/Den Oever;PF9079;Y;N;N;N;N;N;;FX;OTB;FPO;;;;;14.99;0.00;9.00;0.00;0.00;54.00;0.00;2;1986-11-06;MFL;;;PA;1986-01-01
NLD;NLD185000842;;RET;1994-06-28;1994-06-28;NLD185000842;WR-149;WR-149;NLWRG;Wieringen/Den Oever;;N;N;N;N;N;N;;FX;NK;MIS;;;;;7.00;0.00;0.00;1.00;0.00;6.00;0.00;2;1970-11-04;Z18;;;PA;
NLD;NLD185000867;;RET;1994-06-28;1994-06-28;NLD185000867;YE-51;KNIJPJE;NLYSK;Yerseke;;N;N;N;N;N;N;;FX;NK;MIS;;;;;7.00;0.00;0.00;4.58;0.00;14.00;0.00;2;1974-10-16;Z18;;;PA;
NLD;NLD185000952;;RET;2002-10-07;2002-10-07;NLD185000952;UK-262;UK-262;NLURK;Urk;;N;N;N;N;N;N;;FX;GNS;LLS;;;;;12.40;0.00;7.00;0.00;0.00;88.00;0.00;2;1951-04-18;4JZ;;;PA;1951-01-01
NLD;NLD185000983;;RET;1992-06-23;1992-06-23;NLD185000983;UK-285;JANNE MARIE;NLURK;Urk;;N;N;N;N;N;N;;FX;GNS;MIS;;;;;4.50;0.00;0.00;3.00;0.00;18.00;0.00;3;1983-12-28;E17;;;PA;
NLD;NLD185001018;;RET;1994-06-23;1994-06-23;NLD185001018;HA-40;TITANIC;NLHAR;Harlingen;;N;N;N;N;N;N;;FX;NK;MIS;;;;;6.00;0.00;0.00;0.74;0.00;38.00;0.00;2;1988-06-02;Z18;;;PA;
NLD;NLD185001030;;RET;2005-06-01;2005-06-01;NLD185001030;WR-134;LEANDER;NLWRG;Wieringen/Den Oever;;N;N;N;N;N;N;;FX;OTB;FPO;;;;;19.31;0.00;22.00;0.00;0.00;71.00;0.00;2;1989-12-01;MFL;;;PA;1989-01-01
NLD;NLD185001033;;DES;1994-02-24;1994-02-24;NLD185001033;UK-85;TENDER;NLURK;Urk;;N;N;N;N;N;N;;FX;GNS;MIS;;;;;8.00;0.00;0.00;4.12;0.00;162.00;0.00;2;1989-12-01;E17;;;PA;
NLD;NLD185001045;;RET;2001-04-01;2001-04-01;NLD185001045;GO-21;ELIZABETH;NLGDR;Goedereede;;N;N;N;N;N;N;;FX;GNS;NK;;;;;4.00;0.00;1.00;0.00;0.00;7.00;0.00;2;1990-03-19;4J1;;;PA;1990-01-01
NLD;NLD185001057;;RET;1994-06-27;1994-06-27;NLD185001057;UK-100;GEESJE;NLURK;Urk;;N;N;N;N;N;N;;FX;NK;MIS;;;;;4.10;0.00;0.00;2.33;0.00;29.00;0.00;3;1990-05-21;Z18;;;PA;
NLD;NLD185001061;;RET;2001-06-20;2001-06-20;NLD185001061;IJM-29;ELIZABETH III;NLIJM;Ijmuiden/Velsen;;N;N;N;N;N;N;;FX;GNS;NK;;;;;5.20;0.00;1.00;0.00;0.00;7.00;0.00;3;1990-05-21;4J1;;;PA;1990-01-01
NLD;NLD185001063;;MOD;2018-06-14;2100-12-31;NLD185001063;HD-25;ENNIE EN APPIE;NLDHR;Den Helder;;N;Y;N;N;Y;N;;MO;TBB;OTB;;;;;4.37;0.00;1.00;0.00;0.00;18.00;0.00;3;1990-05-21;MFL;;;;1990-01-01
NLD;NLD185001064;;RET;1993-09-24;1993-09-24;NLD185001064;IJM-39;COBY;NLIJM;Ijmuiden/Velsen;;N;N;N;N;N;N;;FX;GNS;MIS;;;;;6.00;0.00;0.00;1.36;0.00;15.00;0.00;3;1990-06-25;Z18;;;PA;
NLD;NLD185001102;;RET;2008-02-01;2008-02-01;NLD185001102;ZK-27;TRIENTJE;NLZOT;Zoutkamp;;N;N;N;N;Y;N;;FX;FPO;MIS;;;;;7.20;0.00;1.00;0.00;0.00;7.00;0.00;2;1990-11-06;MFL;;;PA;1990-01-01
NLD;NLD185001106;;RET;2018-10-12;2018-10-12;NLD185001106;SCH-68;LADY M;NLSCE;Scheveningen;PD2440;Y;N;N;N;Y;N;;FX;OTB;MIS;;;;;6.65;0.00;2.00;0.00;0.00;15.00;0.00;2;2009-04-17;MFL;;;PA;1850-01-01
NLD;NLD185001121;;RET;1994-06-24;1994-06-24;NLD185001121;SCH-17;GERJO;NLSCE;Scheveningen;;N;N;N;N;N;N;;FX;TBB;LLS;;;;;4.50;0.00;0.00;1.74;0.00;4.00;0.00;3;1990-11-29;Z18;;;PA;
NLD;NLD185001123;;RET;1994-06-24;1994-06-24;NLD185001123;SCH-19;TINY;NLSCE;Scheveningen;;N;N;N;N;N;N;;FX;OTB;MIS;;;;;5.85;0.00;0.00;2.11;0.00;8.00;0.00;3;1990-12-05;Z18;;;PA;
NLD;NLD185001131;;RET;2006-12-22;2006-12-22;NLD185001131;IJM-27;GULLEMEPPER;NLIJM;Ijmuiden/Velsen;;N;N;N;N;Y;N;;FX;GNS;MIS;;;;;8.00;0.00;5.00;0.00;0.00;44.00;0.00;3;1990-12-07;MFL;;;PA;1990-01-01
NLD;NLD185001135;;RET;1994-09-08;1994-09-08;NLD185001135;UK-116;GRIETJE MARIA;NLURK;Urk;;N;N;N;N;N;N;;FX;GNS;PTB;;;;;7.50;0.00;0.00;0.73;0.00;33.00;0.00;2;1990-12-11;Z18;;;PA;
NLD;NLD185001180;;MOD;2005-01-01;2100-12-31;NLD185001180;WR-83;EEUWIGE DRIFT;NLWRG;Wieringen/Den Oever;;N;Y;N;N;Y;N;;FX;GNS;OTB;;;;;4.90;0.00;1.00;0.00;0.00;33.00;0.00;3;1991-02-13;MFL;;;;1991-01-01
NLD;NLD185001184;;RET;1991-09-23;1991-09-23;NLD185001184;HA-18;JANNIE;NLHAR;Harlingen;;N;N;N;N;N;N;;FX;FPO;GNS;;;;;4.00;0.00;0.00;2.69;0.00;11.00;0.00;3;1991-02-28;OVG;;;PA;
NLD;NLD185001186;;RET;1994-06-24;1994-06-24;NLD185001186;HON-6;JAN;NLHTN;Hontenisse;;N;N;N;N;N;N;;FX;TBB;FPO;;;;;7.90;0.00;0.00;1.59;0.00;25.00;0.00;2;1991-03-06;Z18;;;PA;
NLD;NLD185001199;;RET;1994-06-28;1994-06-28;NLD185001199;WL-11;HOOP OP ZEGEN;NLWDE;Westdongeradeel;;N;N;N;N;N;N;;FX;TBB;MIS;;;;;11.60;0.00;0.00;4.40;0.00;7.00;0.00;2;1991-03-13;Z18;;;PA;
NLD;NLD185001224;;RET;1994-06-23;1994-06-23;NLD185001224;HA-46;WILLEM II;NLHAR;Harlingen;;N;N;N;N;N;N;;FX;TBB;NK;;;;;4.30;0.00;0.00;1.08;0.00;11.00;0.00;3;1991-04-11;Z18;;;PA;
NLD;NLD185001225;;RET;1994-03-25;1994-03-25;NLD185001225;HD-44;ADO;NLDHR;Den Helder;;N;N;N;N;N;N;;FX;TBB;LLS;;;;;8.00;0.00;0.00;5.93;0.00;29.00;0.00;2;1991-04-11;Z18;;;PA;
NLD;NLD185001254;;RET;1995-06-08;1995-06-08;NLD185001254;HD-68;DIRKJE;NLDHR;Den Helder;;N;N;N;N;N;N;;FX;LLS;OTB;;;;;7.50;0.00;0.00;5.00;0.00;8.00;0.00;2;1991-05-06;Z18;;;PA;
NLD;NLD185001256;;RET;1993-08-20;1993-08-20;NLD185001256;HD-71;PETMARK;NLDHR;Den Helder;;N;N;N;N;N;N;;FX;TBB;NK;;;;;8.50;0.00;0.00;4.99;0.00;17.00;0.00;3;1991-05-06;Z18;;;PA;
NLD;NLD185001259;;RET;1994-06-27;1994-06-27;NLD185001259;TX-17;BART;NLTEX;Texel;;N;N;N;N;N;N;;FX;FPO;NK;;;;;5.50;0.00;0.00;1.42;0.00;10.00;0.00;2;1991-05-07;Z18;;;PA;
NLD;NLD185001273;;RET;1994-06-27;1994-06-27;NLD185001273;TX-86;ORION;NLTEX;Texel;;N;N;N;N;N;N;;FX;OTB;NK;;;;;6.00;0.00;0.00;1.50;0.00;11.00;4.00;2;1991-05-15;Z18;;;PA;
NLD;NLD185001282;;MOD;2023-06-01;2100-12-31;NLD185001282;TS-7;JUNA;NLWTE;West-Terschelling;;N;Y;N;N;Y;N;;GO;GNS;OTB;;;;;4.87;0.00;1.00;0.00;0.00;11.00;0.00;3;1991-05-21;MFL;;;;1991-01-01
NLD;NLD185001296;;RET;1994-06-27;1994-06-27;NLD185001296;SCH-104;JAAPJE;NLSCE;Scheveningen;;N;N;N;N;N;N;;FX;LLS;OTB;;;;;4.55;0.00;0.00;5.98;0.00;15.00;0.00;3;1991-05-22;Z18;;;PA;
NLD;NLD185001306;;MOD;2013-10-29;2100-12-31;NLD185001306;UK-105;ANNA;NLURK;Urk;;N;Y;N;N;Y;N;;MO;TBB;OTB;;;;;5.17;0.00;1.00;0.00;0.00;18.00;0.00;3;1991-05-23;MFL;;;;1991-01-01
NLD;NLD185001310;;RET;1994-06-27;1994-06-27;NLD185001310;UK-255;KAMELEON;NLURK;Urk;;N;N;N;N;N;N;;FX;GNS;OTB;;;;;6.00;0.00;0.00;3.09;0.00;9.00;0.00;2;1991-06-05;Z18;;;PA;
NLD;NLD185001311;;RET;1998-12-17;1998-12-17;NLD185001311;UK-256;HERMINA;NLURK;Urk;;N;N;N;N;N;N;;FX;TBB;MIS;;;;;5.00;0.00;1.00;0.00;0.00;44.00;0.00;3;1991-06-05;4J5;;;PA;1991-01-01
NLD;NLD185001313;;RET;1994-06-27;1994-06-27;NLD185001313;VLI-10;WILLEM;NLVLI;Vlissingen;;N;N;N;N;N;N;;FX;TBB;MIS;;;;;7.50;0.00;0.00;4.83;0.00;28.00;0.00;2;1991-06-05;Z18;;;PA;
NLD;NLD185001317;;RET;1991-10-31;1991-10-31;NLD185001317;VLI-15;ZILVERMEEUW;NLVLI;Vlissingen;;N;N;N;N;N;N;;FX;TBB;OTB;;;;;7.60;0.00;0.00;3.85;0.00;40.00;0.00;3;1991-06-05;OVG;;;PA;
NLD;NLD185001323;;RET;1991-09-27;1991-09-27;NLD185001323;VLI-29;SNORKEL;NLVLI;Vlissingen;;N;N;N;N;N;N;;FX;TBB;MIS;;;;;7.50;0.00;0.00;5.00;0.00;38.00;0.00;1;1991-06-06;OVG;;;PA;
NLD;NLD185001324;;RET;1992-08-27;1992-08-27;NLD185001324;VLI-33;TJILOHO;NLVLI;Vlissingen;;N;N;N;N;N;N;;FX;TBB;MIS;;;;;7.77;0.00;0.00;2.30;0.00;12.00;0.00;3;1991-06-06;Z18;;;PA;
NLD;NLD185001346;;RET;1994-06-24;1994-06-24;NLD185001346;SCH-13;STERN;NLSCE;Scheveningen;;N;N;N;N;N;N;;FX;TBB;OTB;;;;;2.20;0.00;0.00;0.80;0.00;6.00;0.00;3;1991-06-10;Z18;;;PA;
NLD;NLD185001361;;DES;1992-10-15;1992-10-15;NLD185001361;TX-97;ZUIDERZEE;NLTEX;Texel;;N;N;N;N;N;N;;FX;OTB;MIS;;;;;6.45;0.00;0.00;1.89;0.00;11.00;0.00;2;1991-06-12;Z18;;;PA;
NLD;NLD185001362;;RET;1994-06-27;1994-06-27;NLD185001362;TX-100;GASSA;NLTEX;Texel;;N;N;N;N;N;N;;FX;TBB;MIS;;;;;4.80;0.00;0.00;1.78;0.00;96.00;0.00;4;1991-06-12;Z18;;;PA;
NLD;NLD185001375;;RET;1991-08-30;1991-08-30;NLD185001375;VLI-14;STERN;NLVLI;Vlissingen;;N;N;N;N;N;N;;FX;TBB;MIS;;;;;6.50;0.00;0.00;4.19;0.00;11.00;0.00;1;1991-06-13;OVG;;;PA;
NLD;NLD185001386;;RET;1994-06-28;1994-06-28;NLD185001386;WR-99;CAROLINE;NLWRG;Wieringen/Den Oever;;N;N;N;N;N;N;;FX;FPO;GNS;;;;;6.53;0.00;0.00;2.56;0.00;11.00;0.00;2;1991-06-18;Z18;;;PA;
NLD;NLD185001395;;RET;1994-06-23;1994-06-23;NLD185001395;HA-57;BART;NLHAR;Harlingen;;N;N;N;N;N;N;;FX;GNS;NK;;;;;4.20;0.00;0.00;0.97;0.00;7.00;0.00;3;1991-06-19;Z18;;;PA;
NLD;NLD185001397;;RET;1994-06-24;1994-06-24;NLD185001397;HD-73;JACOBA;NLDHR;Den Helder;;N;N;N;N;N;N;;FX;TBB;NK;;;;;5.20;0.00;0.00;1.81;0.00;12.00;0.00;1;1991-06-19;Z18;;;PA;
NLD;NLD185001402;;RET;1994-06-24;1994-06-24;NLD185001402;HD-74;FLASH;NLDHR;Den Helder;;N;N;N;N;N;N;;FX;TBB;NK;;;;;4.00;0.00;0.00;1.00;0.00;10.00;0.00;3;1991-06-19;Z18;;;PA;
NLD;NLD185001405;;RET;1994-06-28;1994-06-28;NLD185001405;OD-19;EBEN HAEZER;NLGDO;Goedereede-Ouddorp;;N;N;N;N;N;N;;FX;TBB;GND;;;;;3.65;0.00;0.00;0.64;0.00;3.00;0.00;2;1991-06-19;Z18;;;PA;
NLD;NLD185001414;;RET;1994-06-27;1994-06-27;NLD185001414;IJM-314;RING;NLIJM;Ijmuiden/Velsen;;N;N;N;N;N;N;;FX;GNS;OTB;;;;;4.75;0.00;0.00;1.26;0.00;11.00;0.00;3;1991-06-20;Z18;;;PA;
NLD;NLD185001419;;RET;1994-09-08;1994-09-08;NLD185001419;WR-212;SOLEA SOLEA;NLWRG;Wieringen/Den Oever;;N;N;N;N;N;N;;FX;TBB;FPO;;;;;4.00;0.00;0.00;1.55;0.00;4.00;0.00;2;1991-06-20;Z18;;;PA;
NLD;NLD185001421;;RET;1994-06-27;1994-06-27;NLD185001421;VLI-23;COSTA ERICA;NLVLI;Vlissingen;;N;N;N;N;N;N;;FX;OTB;PTB;;;;;4.70;0.00;0.00;1.38;0.00;21.00;0.00;3;1991-06-24;Z18;;;PA;
NLD;NLD185001426;;RET;1994-06-27;1994-06-27;NLD185001426;TX-96;LUMARA;NLTEX;Texel;;N;N;N;N;N;N;;FX;TBB;OTB;;;;;5.25;0.00;0.00;2.71;0.00;18.00;0.00;3;1991-06-24;Z18;;;PA;
NLD;NLD185001437;;RET;1994-03-17;1994-03-17;NLD185001437;HD-82;ENNIE I;NLDHR;Den Helder;;N;N;N;N;N;N;;FX;TBB;OTB;;;;;6.25;0.00;0.00;6.43;0.00;7.00;0.00;3;1991-06-25;Z18;;;PA;
NLD;NLD185001447;;RET;1994-06-27;1994-06-27;NLD185001447;TX-104;GRINZING;NLTEX;Texel;;N;N;N;N;N;N;;FX;TBB;FPO;;;;;6.00;0.00;0.00;5.22;0.00;40.00;0.00;3;1991-06-25;Z18;;;PA;
NLD;NLD185001453;;RET;1994-06-28;1994-06-28;NLD185001453;YE-160;ALBATROS;NLYSK;Yerseke;;N;N;N;N;N;N;;FX;NK;MIS;;;;;8.50;0.00;0.00;5.96;0.00;11.00;0.00;2;1991-06-26;Z18;;;PA;
NLD;NLD185001454;;RET;1994-06-27;1994-06-27;NLD185001454;SL-2;STERN;NLSTD;Stellendam;;N;N;N;N;N;N;;FX;TBB;PTB;;;;;7.00;0.00;0.00;6.57;0.00;28.00;0.00;2;1991-06-26;Z18;;;PA;
NLD;NLD185001457;;RET;1994-06-23;1994-06-23;NLD185001457;GO-54;CHANTAL;NLGDR;Goedereede;;N;N;N;N;N;N;;FX;GNS;NK;;;;;5.20;0.00;0.00;0.52;0.00;18.00;0.00;3;1991-06-27;Z18;;;PA;
NLD;NLD185001458;;RET;1994-06-28;1994-06-28;NLD185001458;KW-249;ORKA;NLKWK;Katwijk;;N;N;N;N;N;N;;FX;TBB;OTB;;;;;5.20;0.00;0.00;1.81;0.00;45.00;0.00;3;1991-06-27;Z18;;;PA;
NLD;NLD185001460;;RET;1991-09-16;1991-09-16;NLD185001460;SCH-109;DE KLEINE ARIE;NLSCE;Scheveningen;;N;N;N;N;N;N;;FX;TBB;OTB;;;;;5.80;0.00;0.00;3.10;0.00;7.00;0.00;3;1991-06-27;OVG;;;PA;
NLD;NLD185001464;;RET;2001-12-12;2001-12-12;NLD185001464;IJM-106;RIEK;NLIJM;Ijmuiden/Velsen;;N;N;N;N;N;N;;FX;OTB;MIS;;;;;5.60;0.00;1.00;0.00;0.00;6.00;0.00;3;1991-08-01;4J5;;;PA;1991-01-01
NLD;NLD185001467;;RET;1994-06-27;1994-06-27;NLD185001467;TX-31;IMMETJE;NLTEX;Texel;;N;N;N;N;N;N;;FX;OTM;MIS;;;;;5.24;0.00;0.00;1.89;0.00;6.00;2.00;2;1991-08-08;Z18;;;PA;
NLD;NLD185001470;;RET;1994-06-27;1994-06-27;NLD185001470;SCH-112;CAMILLA;NLSCE;Scheveningen;;N;N;N;N;N;N;;FX;GNS;LLS;;;;;5.35;0.00;0.00;3.48;0.00;45.00;0.00;3;1991-08-15;Z18;;;PA;
NLD;NLD185001472;;RET;1994-06-24;1994-06-24;NLD185001472;HD-92;HENDRIKA;NLDHR;Den Helder;;N;N;N;N;N;N;;FX;TBB;MIS;;;;;6.30;0.00;0.00;2.60;0.00;11.00;0.00;1;1991-08-16;Z18;;;PA;
NLD;NLD185001479;;RET;1992-01-24;1992-01-24;NLD185001479;NZ-13;AURORA;NLTNZ;Terneuzen;;N;N;N;N;N;N;;FX;TBB;NK;;;;;7.50;0.00;0.00;4.84;0.00;37.00;0.00;1;1991-08-19;Z18;;;PA;
NLD;NLD185001487;;RET;1994-06-24;1994-06-24;NLD185001487;HD-90;FREYA;NLDHR;Den Helder;;N;N;N;N;N;N;;FX;TBB;GNS;;;;;8.00;0.00;0.00;8.05;0.00;40.00;0.00;2;1991-08-21;Z18;;;PA;
NLD;NLD185001488;;RET;1994-06-24;1994-06-24;NLD185001488;HD-91;HANNY;NLDHR;Den Helder;PGWU;Y;N;N;N;N;N;;FX;GNS;LLS;;;;;4.50;0.00;0.00;0.87;0.00;6.00;0.00;3;1991-08-21;Z18;;;PA;
NLD;NLD185001504;;RET;1994-06-27;1994-06-27;NLD185001504;UK-81;IRIS;NLURK;Urk;;N;N;N;N;N;N;;FX;GNS;MIS;;;;;10.00;0.00;0.00;7.74;0.00;63.00;0.00;2;1991-09-13;Z18;;;PA;
NLD;NLD185001511;;RET;1994-06-27;1994-06-27;NLD185001511;IJM-332;RANA;NLIJM;Ijmuiden/Velsen;;N;N;N;N;N;N;;FX;GNS;OTB;;;;;8.50;0.00;0.00;10.36;0.00;28.00;0.00;2;1991-09-19;Z18;;;PA;
NLD;NLD185001517;;RET;1994-06-27;1994-06-27;NLD185001517;UK-99;JOKE;NLURK;Urk;;N;N;N;N;N;N;;FX;NK;MIS;;;;;5.17;0.00;0.00;3.20;0.00;30.00;0.00;3;1991-09-25;Z18;;;PA;
NLD;NLD185001522;;RET;1994-06-27;1994-06-27;NLD185001522;TM-28;WESTEREEMS;NLTMZ;Termunterzijl;;N;N;N;N;N;N;;FX;NK;MIS;;;;;5.50;0.00;0.00;1.84;0.00;8.00;0.00;3;1991-09-30;Z18;;;PA;
NLD;NLD185001525;;RET;1994-06-28;1994-06-28;NLD185001525;OD-40;NICOLE;NLGDO;Goedereede-Ouddorp;;N;N;N;N;N;N;;FX;TBB;GNS;;;;;7.85;0.00;0.00;3.53;0.00;18.00;0.00;2;1991-10-02;E17;;;PA;
NLD;NLD185001531;;RET;1994-06-24;1994-06-24;NLD185001531;HD-100;HD-100;NLDHR;Den Helder;;N;N;N;N;N;N;;FX;TBB;MIS;;;;;5.00;0.00;0.00;2.09;0.00;4.00;0.00;3;1991-10-03;Z18;;;PA;
NLD;NLD185001547;;RET;1994-06-23;1994-06-23;NLD185001547;HA-58;DANKBAARHEID;NLHAR;Harlingen;;N;N;N;N;N;N;;FX;GNS;MIS;;;;;3.90;0.00;0.00;0.53;0.00;18.00;0.00;3;1991-10-16;Z18;;;PA;
NLD;NLD185001552;;RET;1992-09-23;1992-09-23;NLD185001552;HON-32;SIWER;NLHTN;Hontenisse;;N;N;N;N;N;N;;FX;TBB;NK;;;;;8.20;0.00;0.00;8.29;0.00;15.00;0.00;2;1991-10-17;Z18;;;PA;
NLD;NLD185001555;;RET;1994-06-27;1994-06-27;NLD185001555;TX-113;COCUNEY;NLTEX;Texel;;N;N;N;N;N;N;;FX;TBB;MIS;;;;;5.70;0.00;0.00;3.01;0.00;18.00;0.00;3;1991-10-17;Z18;;;PA;
NLD;NLD185001565;;RET;1993-03-17;1993-03-17;NLD185001565;HD-49;ADRIANA;NLDHR;Den Helder;;N;N;N;N;N;N;;FX;TBB;MIS;;;;;5.00;0.00;0.00;2.63;0.00;11.00;0.00;3;1991-10-21;Z18;;;PA;
NLD;NLD185001588;;RET;1994-06-27;1994-06-27;NLD185001588;IJM-344;SHARK;NLIJM;Ijmuiden/Velsen;;N;N;N;N;N;N;;FX;TBB;GNS;;;;;4.74;0.00;0.00;2.78;0.00;15.00;0.00;4;1991-12-10;Z18;;;PA;
NLD;NLD185001589;;RET;1994-01-12;1994-01-12;NLD185001589;IJM-345;OLLE;NLIJM;Ijmuiden/Velsen;;N;N;N;N;N;N;;FX;GNS;PTB;;;;;6.90;0.00;0.00;5.48;0.00;15.00;0.00;2;1991-12-10;Z18;;;PA;
NLD;NLD185001605;;RET;1994-06-24;1994-06-24;NLD185001605;HD-105;FRANCOISE C;NLDHR;Den Helder;;N;N;N;N;N;N;;FX;TBB;NK;;;;;6.00;0.00;0.00;2.79;0.00;7.00;0.00;2;1992-01-16;Z18;;;PA;
NLD;NLD185001629;;MOD;2014-04-14;2100-12-31;NLD185001629;YE-167;ROERDOMP;NLYSK;Yerseke;;N;Y;N;N;Y;N;;WOP;FPO;GNS;;;;;7.55;0.00;2.00;0.00;0.00;18.00;0.00;2;1992-04-08;MFL;;;;1992-01-01
NLD;NLD185001643;;RET;1994-06-27;1994-06-27;NLD185001643;TX-103;ZIJM EN BLONK II;NLTEX;Texel;;N;N;N;N;N;N;;FX;TBB;MIS;;;;;5.10;0.00;0.00;2.50;0.00;40.00;0.00;3;1992-05-25;Z18;;;PA;
NLD;NLD185001646;;RET;1994-09-08;1994-09-08;NLD185001646;WR-124;RANA;NLWRG;Wieringen/Den Oever;;N;N;N;N;N;N;;FX;NK;MIS;;;;;4.50;0.00;0.00;1.51;0.00;9.00;0.00;3;1992-06-09;Z18;;;PA;
NLD;NLD185001669;;RET;1994-06-23;1994-06-23;NLD185001669;HA-52;HA-52;NLHAR;Harlingen;;N;N;N;N;N;N;;FX;NK;MIS;;;;;5.00;0.00;0.00;0.68;0.00;11.00;0.00;3;1992-06-29;Z18;;;PA;
NLD;NLD185001671;;RET;1994-06-23;1994-06-23;NLD185001671;HA-54;HA-54;NLHAR;Harlingen;;N;N;N;N;N;N;;FX;OTB;MIS;;;;;7.60;0.00;0.00;2.71;0.00;10.00;0.00;2;1992-06-30;Z18;;;PA;
NLD;NLD185001680;;RET;1994-06-23;1994-06-23;NLD185001680;HA-85;HA-85;NLHAR;Harlingen;;N;N;N;N;N;N;;FX;NK;MIS;;;;;6.50;0.00;0.00;1.26;0.00;4.00;0.00;2;1992-08-07;Z18;;;PA;
NLD;NLD185001696;;RET;1994-06-28;1994-06-28;NLD185001696;YE-162;ZEEAREND;NLYSK;Yerseke;;N;N;N;N;N;N;;FX;FPO;NK;;;;;8.00;0.00;0.00;8.36;0.00;26.00;0.00;3;1992-09-09;Z18;;;PA;
NLD;NLD185001700;;RET;1994-06-24;1994-06-24;NLD185001700;HON-32;SIWER II;NLHTN;Hontenisse;;N;N;N;N;N;N;;FX;TBB;NK;;;;;10.00;0.00;0.00;16.77;0.00;93.00;0.00;2;1992-09-23;Z18;;;PA;
NLD;NLD185001704;;DES;1993-08-11;1993-08-11;NLD185001704;IJM-356;DE STERN;NLIJM;Ijmuiden/Velsen;;N;N;N;N;N;N;;FX;TBB;GNS;;;;;4.90;0.00;0.00;1.29;0.00;8.00;0.00;1;1992-09-28;Z18;;;PA;
NLD;NLD185001705;;RET;1994-09-08;1994-09-08;NLD185001705;TX-80;TX-80;NLTEX;Texel;;N;N;N;N;N;N;;FX;GNS;OTB;;;;;6.40;0.00;0.00;2.97;0.00;18.00;0.00;1;1992-09-29;E17;;;PA;
NLD;NLD185001711;;RET;1992-12-10;1992-12-10;NLD185001711;OD-37;ASTRID;NLGDO;Goedereede-Ouddorp;;N;N;N;N;N;N;;FX;OTB;OTM;;;;;4.75;0.00;0.00;5.87;0.00;18.00;0.00;3;1992-11-04;E17;;;PA;
NLD;NLD185001743;;RET;2002-07-15;2002-07-15;NLD185001743;LO-1;GEJA;NLLAN;Lauwersoog;;N;N;N;N;N;N;;FX;NK;MIS;;;;;20.50;0.00;0.00;30.93;0.00;7.00;0.00;2;1993-02-17;4J4;;;AC;1933-01-01
NLD;NLD185001744;;RET;2001-04-01;2001-04-01;NLD185001744;UK-51;WILLEM;NLURK;Urk;;N;N;N;N;N;N;;FX;NK;MIS;;;;;4.50;0.00;1.00;0.00;0.00;3.00;0.00;3;1993-02-17;4J1;;;PA;1993-01-01
NLD;NLD185001772;;RET;1994-06-28;1994-06-28;NLD185001772;WR-143;ALMAR;NLWRG;Wieringen/Den Oever;;N;N;N;N;N;N;;FX;OTB;MIS;;;;;4.25;0.00;0.00;1.12;0.00;37.00;0.00;3;1993-04-28;Z18;;;PA;
NLD;NLD185001784;;RET;1994-08-03;1994-08-03;NLD185001784;IJM-365;TRAMP;NLIJM;Ijmuiden/Velsen;;N;N;N;N;N;N;;FX;FPO;GNS;;;;;5.70;0.00;0.00;4.63;0.00;7.00;0.00;3;1993-06-08;Z18;;;PA;
NLD;NLD185001786;;RET;1994-06-28;1994-06-28;NLD185001786;YE-21;ALPHA;NLYSK;Yerseke;;N;N;N;N;N;N;;FX;FPO;NK;;;;;6.90;0.00;0.00;6.48;0.00;15.00;0.00;3;1993-06-08;Z18;;;PA;
NLD;NLD185001791;;RET;1994-06-24;1994-06-24;NLD185001791;HA-111;PIETER JANNY;NLHAR;Harlingen;;N;N;N;N;N;N;;FX;OTB;MIS;;;;;4.10;0.00;0.00;1.11;0.00;11.00;0.00;3;1993-06-25;Z18;;;PA;
NLD;NLD185001798;;RET;1994-06-23;1994-06-23;NLD185001798;HA-90;HENK;NLHAR;Harlingen;;N;N;N;N;N;N;;FX;NK;MIS;;;;;4.50;0.00;0.00;0.97;0.00;11.00;0.00;3;1993-06-29;Z18;;;PA;
NLD;NLD185001819;;RET;1994-06-24;1994-06-24;NLD185001819;HA-104;BEPPIE;NLHAR;Harlingen;;N;N;N;N;N;N;;FX;NK;MIS;;;;;5.20;0.00;0.00;1.29;0.00;26.00;0.00;3;1993-08-20;Z18;;;PA;
NLD;NLD185001825;;RET;1994-06-24;1994-06-24;NLD185001825;HA-105;HA-105;NLHAR;Harlingen;;N;N;N;N;N;N;;FX;LLS;NK;;;;;3.40;0.00;0.00;0.74;0.00;6.00;0.00;3;1993-09-28;Z18;;;PA;
NLD;NLD185001838;;RET;2007-08-20;2007-08-20;NLD185001838;YE-163;STORMVOGEL;NLYSK;Yerseke;;N;N;N;N;Y;N;;FX;FPO;MIS;;;;;6.00;0.00;2.00;0.00;0.00;58.00;0.00;2;1993-12-08;MFL;;;PA;1993-01-01
NLD;NLD185001841;;RET;1998-09-03;1998-09-03;NLD185001841;WR-113;JANNETJE;NLWRG;Wieringen/Den Oever;;N;N;N;N;N;N;;FX;FPO;GNS;;;;;7.50;0.00;2.00;0.00;0.00;13.00;0.00;1;1993-12-14;4J7;;;PA;1993-01-01
NLD;NLD185001865;;RET;1998-03-23;1998-03-23;NLD185001865;BRU-28;NATHALIE;NLBSE;Bruinisse;;N;N;N;N;N;N;;FX;FPO;GNS;;;;;7.32;0.00;0.00;4.46;0.00;18.00;0.00;3;1994-06-17;4J7;;;PA;1994-01-01
NLD;NLD185001874;;RET;2003-06-30;2003-06-30;NLD185001874;WR-309;VATROP;NLWRG;Wieringen/Den Oever;;N;N;N;N;Y;N;;FX;GNS;OTB;;;;;3.92;0.00;1.00;0.00;0.00;9.00;0.00;3;1994-08-25;MFL;;;PA;1850-01-01
NLD;NLD185001881;;RET;2007-01-10;2007-01-10;NLD185001881;VL-1;WILLEM;NLVLA;Vlaardingen;PE3250;Y;N;N;N;N;N;;FX;GNS;FPO;;;;;16.55;0.00;13.00;0.00;0.00;74.00;0.00;2;1994-10-26;MFL;;;PA;1994-01-01
NLD;NLD185001886;;RET;2001-04-01;2001-04-01;NLD185001886;HD-37;VOORUIT;NLDHR;Den Helder;;N;N;N;N;N;N;;FX;GNS;OTB;;;;;4.45;0.00;1.00;0.00;0.00;3.00;0.00;3;1994-12-08;4J5;;;PA;1994-01-01
NLD;NLD185001894;;RET;2002-09-05;2002-09-05;NLD185001894;UK-285;JANNE MARIE;NLURK;Urk;;N;N;N;N;N;N;;FX;GNS;MIS;;;;;3.20;0.00;1.00;0.00;0.00;7.00;0.00;2;1994-12-12;4J1;;;PA;1994-01-01
NLD;NLD185001904;;RET;2006-06-12;2006-06-12;NLD185001904;TH-37;PICA;NLTHO;Tholen;;N;N;N;N;Y;N;;FX;FPO;GNS;;;;;7.12;0.00;1.00;0.00;0.00;7.00;0.00;3;1995-01-31;MFL;;;PA;1995-01-01
NLD;NLD185001905;;MOD;2021-04-12;2100-12-31;NLD185001905;ARM-6;PIETER;NLARM;Arnemuiden;;N;Y;N;N;Y;N;;LH;TBB;LHP;;;;;3.96;0.00;1.00;0.00;0.00;7.00;0.00;4;1995-02-27;MFL;;;;1995-01-01
NLD;NLD185001906;;RET;2018-10-05;2018-10-05;NLD185001906;ARM-3;NOOITGEDACHT;NLARM;Arnemuiden;;N;N;N;N;Y;N;;FX;TBB;GNS;;;;;3.67;0.00;1.00;0.00;0.00;7.00;0.00;4;1995-02-27;MFL;;;PA;1995-01-01
NLD;NLD185001907;;MOD;2005-01-01;2100-12-31;NLD185001907;UK-89;JAN JR.;NLURK;Urk;;N;Y;N;N;Y;N;;FX;SDN;MIS;;;;;5.00;0.00;1.00;0.00;0.00;7.00;7.00;3;1995-02-27;MFL;;;;1995-01-01
NLD;NLD185001908;;RET;2006-09-07;2006-09-07;NLD185001908;VD-73;DE VISSERMAN;NLVOD;Volendam;;N;N;N;N;Y;N;;FX;GNS;MIS;;;;;4.88;0.00;1.00;0.00;0.00;15.00;0.00;3;1995-02-28;MFL;;;PA;1995-01-01
NLD;NLD185001927;;RET;2023-03-20;2023-03-20;NLD185001927;YE-141;YE-141;NLYSK;Yerseke;;N;N;N;N;Y;N;;WOP;FPO;MIS;;;;;8.72;0.00;2.00;0.00;0.00;37.00;0.00;2;1995-05-18;MFL;;;PA;1995-01-01
NLD;NLD185001929;;RET;2009-05-07;2009-05-07;NLD185001929;IJM-6;ELISABETH;NLIJM;Ijmuiden/Velsen;;N;N;N;N;Y;N;;FX;GNS;FPO;;;;;4.40;0.00;1.00;0.00;0.00;4.00;0.00;3;1995-05-19;MFL;;;PA;1995-01-01
NLD;NLD185001933;;RET;2005-06-01;2005-06-01;NLD185001933;UK-71;ESTER JACOBA;NLURK;Urk;;N;N;N;N;Y;N;;FX;GNS;MIS;;;;;4.88;0.00;1.00;0.00;0.00;6.00;0.00;3;1995-06-28;MFL;;;PA;1995-01-01
NLD;NLD185001952;;RET;2008-03-25;2008-03-25;NLD185001952;TX-110;IMMETJE;NLTEX;Texel;;N;N;N;N;Y;N;;FX;TBB;OTB;;;;;4.10;0.00;1.00;0.00;0.00;134.00;0.00;3;1996-01-17;MFL;;;PA;1996-01-01
NLD;NLD185001959;;RET;2000-04-01;2000-04-01;NLD185001959;HK-10;AR-JAN-TEUN;NLHRD;Harderwijk;;N;N;N;N;N;N;;FX;GNS;NK;;;;;7.05;0.00;0.00;1.86;0.00;7.00;0.00;2;1996-03-05;4J7;;;PA;1996-01-01
NLD;NLD185001966;;RET;2017-11-14;2017-11-14;NLD185001966;WR-331;DEO VOLENTE;NLWRG;Wieringen/Den Oever;;N;N;N;N;Y;N;;FX;TBB;MIS;;;;;3.95;0.00;1.00;0.00;0.00;11.00;0.00;3;1996-03-15;MFL;;;PA;1986-01-01
NLD;NLD185001969;;RET;2000-04-01;2000-04-01;NLD185001969;HD-19;NOORDKAAP;NLDHR;Den Helder;;N;N;N;N;N;N;;FX;TBB;OTB;;;;;4.90;0.00;1.00;0.00;0.00;30.00;0.00;3;1996-05-06;4J5;;;PA;1996-01-01
NLD;NLD185001970;;RET;2001-04-01;2001-04-01;NLD185001970;HD-91;NIEUWEDIEP;NLDHR;Den Helder;;N;N;N;N;N;N;;FX;TBB;OTB;;;;;5.27;0.00;1.00;0.00;0.00;7.00;0.00;1;1996-05-07;4J5;;;PA;1996-01-01
NLD;NLD185001971;;RET;2002-05-28;2002-05-28;NLD185001971;HD-201;ADRIANA;NLDHR;Den Helder;;N;N;N;N;N;N;;FX;TBB;GNS;;;;;5.00;0.00;1.00;0.00;0.00;7.00;0.00;3;1996-05-08;4JZ;;;PA;1996-01-01
NLD;NLD185001976;;RET;1998-09-03;1998-09-03;NLD185001976;UK-245;JELLE;NLURK;Urk;;N;N;N;N;N;N;;FX;TBB;MIS;;;;;7.80;0.00;0.00;2.41;0.00;48.00;0.00;4;1996-05-09;4J7;;;PA;1996-01-01
NLD;NLD185001977;;RET;2000-04-01;2000-04-01;NLD185001977;UK-29;HENRI;NLURK;Urk;;N;N;N;N;N;N;;FX;GNS;MIS;;;;;10.20;0.00;7.00;0.00;0.00;33.00;0.00;2;1996-05-10;4J7;;;PA;1996-01-01
NLD;NLD185001989;;RET;2001-04-01;2001-04-01;NLD185001989;UK-112;DE KLEINE WALVIS;NLURK;Urk;;N;N;N;N;N;N;;FX;GNS;NK;;;;;7.40;0.00;1.00;0.00;0.00;29.00;0.00;2;1996-06-26;4JZ;;;PA;1996-01-01
NLD;NLD185001995;;CHA;2007-11-20;2100-12-31;NLD185001995;TX-100;CORNELIE;NLTEX;Texel;;N;Y;N;N;Y;N;;MO;OTB;OTM;;;;;4.65;0.00;1.00;0.00;0.00;3.00;0.00;3;1996-08-09;MFL;;;;1996-01-01
NLD;NLD185001998;;RET;2014-01-01;2014-01-01;NLD185001998;TH-39;ACCIPITER - NISUS;NLTHO;Tholen;;N;N;N;N;Y;N;;FX;PS;MIS;;;;;6.05;0.00;2.00;0.00;0.00;5.00;0.00;2;1996-08-21;MFL;;;PA;1996-01-01
NLD;NLD185001999;;RET;2014-01-01;2014-01-01;NLD185001999;TH-41;ACCIPITER GENTILLIS;NLTHO;Tholen;;N;N;N;N;Y;N;;FX;FPO;MIS;;;;;4.40;0.00;1.00;0.00;0.00;5.00;0.00;3;1996-08-21;MFL;;;PA;1996-01-01
NLD;NLD185002008;;RET;2001-04-01;2001-04-01;NLD185002008;TX-134;DOGGERSBANK;NLTEX;Texel;;N;N;N;N;N;N;;FX;OTB;TBB;;;;;5.52;0.00;1.00;0.00;0.00;22.00;0.00;3;1996-09-23;4J5;;;PA;1996-01-01
NLD;NLD185002010;;RET;2004-09-10;2004-09-10;NLD185002010;EH-6;JOS;NLENK;Enkhuizen;;N;N;N;N;Y;N;;FX;GNS;MIS;;;;;5.85;0.00;1.00;0.00;0.00;18.00;0.00;2;1996-10-07;MFL;;;PA;1996-01-01
NLD;NLD185002011;;RET;2004-09-10;2004-09-10;NLD185002011;EH-7;ANN;NLENK;Enkhuizen;;N;N;N;N;Y;N;;FX;GNS;MIS;;;;;7.40;0.00;2.00;0.00;0.00;15.00;0.00;2;1996-10-07;MFL;;;PA;1996-01-01
NLD;NLD185002024;;RET;2003-06-30;2003-06-30;NLD185002024;KW-22;ELISABETH;NLKWK;Katwijk;;N;N;N;N;Y;N;;FX;TBB;MIS;;;;;4.90;0.00;1.00;0.00;0.00;1.00;0.00;3;1996-11-18;MFL;;;PA;1996-01-01
NLD;NLD185002030;;RET;2001-04-01;2001-04-01;NLD185002030;UK-291;DIANNE;NLURK;Urk;;N;N;N;N;N;N;;FX;GNS;OTB;;;;;5.25;0.00;1.00;0.00;0.00;3.00;0.00;3;1996-12-11;4J7;;;PA;1996-01-01
NLD;NLD185002035;;CHA;2022-09-26;2100-12-31;NLD185002035;UK-39;MARIJKE;NLURK;Urk;;N;Y;N;N;Y;N;;LH;LHP;MIS;;;;;3.00;0.00;1.00;0.00;0.00;1.00;0.00;3;1997-01-14;MFL;;;PA;1850-01-01
NLD;NLD185002036;;MOD;2012-11-09;2100-12-31;NLD185002036;UK-36;INGRID;NLURK;Urk;;N;Y;N;N;Y;N;;TU;OTB;MIS;;;;;2.40;0.00;1.00;0.00;0.00;3.00;0.00;3;1997-01-14;MFL;;;;1997-01-01
NLD;NLD185002044;;RET;2003-06-30;2003-06-30;NLD185002044;ZK-52;COLUMBUS;NLZOT;Zoutkamp;;N;Y;N;N;Y;N;;FX;GNS;GND;;;;;3.93;0.00;1.00;0.00;0.00;4.00;0.00;2;1997-02-17;MFL;;;PA;1997-01-01
NLD;NLD185002050;;MOD;2018-02-28;2100-12-31;NLD185002050;BRU-38;PATRICK;NLBSE;Bruinisse;;N;Y;N;N;Y;N;;GO;FPO;GNS;;;;;6.63;0.00;1.00;0.00;0.00;42.00;0.00;3;1997-05-16;MFL;;;;1997-01-01
NLD;NLD185002053;;RET;1998-12-09;1998-12-09;NLD185002053;IJM-47;NELLIE;NLIJM;Ijmuiden/Velsen;;N;N;N;N;N;N;;FX;GNS;NK;;;;;10.00;0.00;0.00;7.05;0.00;112.00;0.00;3;1997-05-22;4J7;;;PA;1997-01-01
NLD;NLD185002058;;MOD;2014-06-10;2100-12-31;NLD185002058;YE-8;STERN;NLYSK;Yerseke;;N;Y;N;N;Y;N;;WOP;FPO;GNS;;;;;8.02;0.00;3.00;0.00;0.00;25.00;0.00;3;1997-06-10;MFL;;;;1997-01-01
NLD;NLD185002065;;RET;1998-09-03;1998-09-03;NLD185002065;UK-49;JANNETJE;NLURK;Urk;;N;N;N;N;N;N;;FX;GNS;LLS;;;;;3.10;0.00;0.00;0.75;0.00;3.00;0.00;3;1997-08-07;4J7;;;PA;1997-01-01
NLD;NLD185002068;;RET;1998-09-03;1998-09-03;NLD185002068;BRU-42;BRU-42;NLBSE;Bruinisse;;N;N;N;N;N;N;;FX;GNS;NK;;;;;6.70;0.00;0.00;2.46;0.00;75.00;0.00;2;1997-08-12;4J7;;;PA;1997-01-01
NLD;NLD185002074;;RET;2001-04-01;2001-04-01;NLD185002074;SCH-48;STERENN;NLSCE;Scheveningen;;N;N;N;N;N;N;;FX;TBB;GNS;;;;;8.39;0.00;3.00;0.00;0.00;50.00;0.00;1;1997-09-04;4J7;;;PA;1997-01-01
NLD;NLD185002078;;RET;2004-06-28;2004-06-28;NLD185002078;OD-23;LISANNE;NLGDO;Goedereede-Ouddorp;;N;N;N;N;Y;N;;FX;GNS;NK;;;;;5.75;0.00;1.00;0.00;0.00;8.00;0.00;2;1997-10-08;MFL;;;PA;1997-01-01
NLD;NLD185002079;;MOD;2011-01-01;2100-12-31;NLD185002079;HD-17;MANDY;NLDHR;Den Helder;;N;Y;N;N;Y;N;;WOP;FPO;MIS;;;;;6.85;0.00;1.00;0.00;0.00;10.00;0.00;2;1997-10-14;MFL;;;;1997-01-01
NLD;NLD185002080;;RET;2005-06-01;2005-06-01;NLD185002080;IJM-316;NAUTIC;NLIJM;Ijmuiden/Velsen;;N;N;N;N;Y;N;;FX;OTB;PTM;;;;;10.50;0.00;8.00;0.00;0.00;121.00;0.00;2;1997-10-15;MFL;;;PA;1997-01-01
NLD;NLD185002094;;RET;2018-10-01;2018-10-01;NLD185002094;HD-57;VIKING II;NLDHR;Den Helder;;N;N;N;N;Y;N;;FX;GNS;OTB;;;;;7.93;0.00;3.00;0.00;0.00;21.00;0.00;3;1998-03-20;MFL;;;PA;1998-01-01
NLD;NLD185002101;;RET;2001-04-01;2001-04-01;NLD185002101;EH-23;DIRK;NLENK;Enkhuizen;;N;N;N;N;N;N;;FX;GNS;LLS;;;;;6.85;0.00;1.00;0.00;0.00;7.00;0.00;2;1998-04-10;4J7;;;PA;1998-01-01
NLD;NLD185002105;;RET;2018-10-12;2018-10-12;NLD185002105;KG-3;SIL;NLKOG;Kortgene;;N;N;N;N;Y;N;;FX;FPO;MIS;;;;;7.55;0.00;1.00;0.00;0.00;22.00;0.00;2;1998-04-15;MFL;;;PA;1998-01-01
NLD;NLD185002119;;MOD;2012-02-22;2100-12-31;NLD185002119;EH-42;JACOB;NLENK;Enkhuizen;;N;Y;N;N;Y;N;;LH;LLS;MIS;;;;;6.40;0.00;2.00;0.00;0.00;7.00;0.00;2;1998-07-27;MFL;;;;1998-01-01
NLD;NLD185002146;;MOD;2022-04-29;2100-12-31;NLD185002146;ARM-1;ALBATROS;NLARM;Arnemuiden;;N;Y;N;N;Y;N;;LH;TBB;LHP;;;;;2.92;0.00;1.00;0.00;0.00;1.50;0.00;3;1998-11-19;MFL;;;;1998-01-01
NLD;NLD185002147;;RET;2018-10-05;2018-10-05;NLD185002147;ARM-8;ZEELEEUW;NLARM;Arnemuiden;;N;N;N;N;Y;N;;FX;LHP;MIS;;;;;2.92;0.00;1.00;0.00;0.00;3.70;0.00;3;1998-11-19;MFL;;;PA;1998-01-01
NLD;NLD185002148;;RET;2018-10-05;2018-10-05;NLD185002148;ARM-9;JAN VAN GENT;NLARM;Arnemuiden;;N;N;N;N;Y;N;;FX;LHP;MIS;;;;;3.45;0.00;1.00;0.00;0.00;3.70;0.00;3;1998-11-19;MFL;;;PA;1998-01-01
NLD;NLD185002149;;RET;2001-04-01;2001-04-01;NLD185002149;ARM-19;VERWACHTING;NLARM;Arnemuiden;;N;N;N;N;N;N;;FX;OTB;OTM;;;;;5.18;0.00;1.00;0.00;0.00;1.50;0.00;3;1998-11-20;4J5;;;PA;1998-01-01
NLD;NLD185002155;;RET;2013-06-01;2013-06-01;NLD185002155;TX-99;AGFRA;NLTEX;Texel;;N;N;N;N;Y;N;;FX;OTB;MIS;;;;;4.08;0.00;1.00;0.00;0.00;18.00;0.00;3;1998-11-20;MFL;;;PA;1998-01-01
NLD;NLD185002156;;RET;2003-06-30;2003-06-30;NLD185002156;WR-33;WITJE;NLWRG;Wieringen/Den Oever;;N;N;N;N;Y;N;;FX;GNS;OTB;;;;;2.83;0.00;1.00;0.00;0.00;11.00;0.00;3;1998-11-20;MFL;;;PA;1998-01-01
NLD;NLD185002157;;RET;2003-06-30;2003-06-30;NLD185002157;WR-295;PINOKKIO;NLWRG;Wieringen/Den Oever;;N;N;N;N;Y;N;;FX;GNS;OTB;;;;;5.15;0.00;1.00;0.00;0.00;26.00;0.00;2;1998-11-20;MFL;;;PA;1998-01-01
NLD;NLD185002158;;RET;2018-10-01;2018-10-01;NLD185002158;WSW-12;ZOË;NLWSW;Westenschouwen;;N;N;N;N;Y;N;;FX;LHP;MIS;;;;;6.20;0.00;2.00;0.00;0.00;147.00;0.00;3;1998-11-20;MFL;;;PA;1998-01-01
NLD;NLD185002177;;MOD;2015-10-01;2100-12-31;NLD185002177;UK-256;HERMINA;NLURK;Urk;;N;Y;N;N;Y;N;;MO;TBB;OTB;;;;;4.05;0.00;1.00;0.00;0.00;29.00;0.00;3;1999-02-17;MFL;;;;1999-01-01
NLD;NLD185002178;;MOD;2013-10-29;2100-12-31;NLD185002178;UK-355;WYBRIGJE;NLURK;Urk;;N;Y;N;N;Y;N;;MO;TBB;OTB;;;;;4.30;0.00;1.00;0.00;0.00;15.00;0.00;3;1999-02-17;MFL;;;;1999-01-01
NLD;NLD185002196;;RET;2003-06-30;2003-06-30;NLD185002196;ZK-24;DE SOLTCAMP;NLZOT;Zoutkamp;;N;Y;N;N;Y;N;;FX;FPO;GNS;;;;;3.60;0.00;1.00;0.00;0.00;1.00;0.00;2;1999-06-07;MFL;;;PA;1999-01-01
NLD;NLD185002198;;RET;2000-04-01;2000-04-01;NLD185002198;VLI-3;VLI-3;NLVLI;Vlissingen;;N;N;N;N;N;N;;FX;GND;GNS;;;;;4.80;0.00;0.00;1.09;0.00;3.00;0.00;3;1999-06-09;4J7;;;PA;1999-01-01
NLD;NLD185002201;;MOD;2011-04-05;2100-12-31;NLD185002201;YE-4;YE-4;NLYSK;Yerseke;;N;Y;N;N;Y;N;;WOP;GNS;GTN;;;;;7.34;0.00;2.00;0.00;0.00;48.00;0.00;3;1999-06-18;MFL;;;PA;1924-01-01
NLD;NLD185002202;;RET;2011-07-19;2011-07-19;NLD185002202;YE-94;KRAB;NLYSK;Yerseke;;N;N;N;N;Y;N;;FX;OTB;MIS;;;;;8.50;0.00;1.00;0.00;0.00;25.00;0.00;2;1999-06-18;MFL;;;PA;1999-01-01
NLD;NLD185002550;;MOD;2011-01-01;2100-12-31;NLD185002550;OD-25;ELIZABETH;NLGDO;Goedereede-Ouddorp;;N;Y;N;N;Y;N;;FX;OTB;MIS;;;;;8.70;0.00;3.00;0.00;0.00;51.00;0.00;2;1999-11-05;MFL;;;;1999-01-01
NLD;NLD185002560;;MOD;2014-04-28;2100-12-31;NLD185002560;IJM-311;RANGER;NLIJM;Ijmuiden/Velsen;;N;Y;N;N;Y;N;;FX;LHP;GNS;;;;;6.59;0.00;3.00;0.00;0.00;96.00;0.00;3;2000-01-19;MFL;;;;2000-01-01
NLD;NLD185002568;;RET;2002-12-31;2002-12-31;NLD185002568;EH-55;DAMMERINA 3;NLENK;Enkhuizen;;N;Y;N;N;N;N;;FX;NK;MIS;;;;;4.85;0.00;1.00;0.00;0.00;26.00;0.00;3;2000-02-28;4JZ;;;PA;2000-01-01
NLD;NLD185002592;;MOD;2017-05-30;2100-12-31;NLD185002592;OD-24;NELLEKE;NLGDO;Goedereede-Ouddorp;;N;Y;N;N;Y;N;;WOP;FPO;GTN;;;;;6.54;0.00;1.00;0.00;0.00;22.00;0.00;4;2000-07-12;MFL;;;;2000-01-01
NLD;NLD185002593;;RET;2019-03-15;2019-03-15;NLD185002593;YE-22;CATHARINA;NLYSK;Yerseke;;N;N;N;N;Y;N;;FX;FPO;MIS;;;;;8.16;0.00;2.00;0.00;0.00;29.00;0.00;4;2000-07-12;MFL;;;PA;2000-01-01
NLD;NLD185002622;;RET;2002-12-31;2002-12-31;NLD185002622;TX-40;KAY;NLTEX;Texel;;N;N;N;N;N;N;;FX;FPO;OTB;;;;;5.70;0.00;1.00;0.00;0.00;14.90;0.00;2;2001-04-12;4JZ;;;PA;2001-01-01
NLD;NLD185013649;;CHA;2015-05-20;2100-12-31;NLD185013649;VL-105;ANNETTE J;NLVLA;Vlaardingen;;N;Y;N;N;Y;N;;LH;FPO;LHM;;;;;4.55;0.00;1.00;0.00;0.00;22.00;0.00;3;2015-05-20;MFL;;;;1850-01-01
NLD;NLD185013676;;CHA;2016-02-29;2100-12-31;NLD185013676;GO-3;VIOS;NLGDR;Goedereede;PBOM;Y;Y;N;N;Y;Y;245606000;TU;OTB;MIS;;;;;8.54;0.00;2.00;0.00;0.00;31.00;0.00;2;2016-02-29;MFL;;;;1850-01-01
NLD;NLD189200664;;RET;2004-03-19;2004-03-19;NLD189200664;WR-31;CONFIANCE;NLWRG;Wieringen/Den Oever;;N;N;N;N;N;N;;FX;GNS;MIS;;;;;19.86;0.00;37.00;0.00;0.00;117.00;29.00;2;1988-04-25;MFL;;;PA;1892-01-01
NLD;NLD189400201;;RET;2022-10-11;2022-10-11;NLD189400201;WR-70;NEPTUNUS;NLWRG;Wieringen/Den Oever;PD4608;Y;N;Y;Y;N;N;;FX;OTB;PTM;;;;;25.32;0.00;61.00;0.00;0.00;124.00;0.00;2;1988-04-28;MFL;;;PA;1894-01-01
NLD;NLD189700036;;RET;1994-09-08;1994-09-08;NLD189700036;BR-52;ZEEMEEUW;NLBRS;Breskens;;N;N;N;N;N;N;;FX;TBB;MIS;;;;;19.56;0.00;0.00;24.73;0.00;121.00;0.00;2;1987-05-26;Z18;;;PA;1897-01-01
NLD;NLD189900729;;MOD;2023-07-18;2100-12-31;NLD189900729;LO-17;LIQUENDA;NLLAN;Lauwersoog;PCFB;Y;Y;Y;Y;N;Y;244691000;MO;TBB;MIS;;;;;22.04;0.00;48.00;0.00;0.00;221.00;0.00;2;1980-02-27;MFL;;;;1899-01-01
NLD;NLD189901069;;MOD;2012-11-09;2100-12-31;NLD189901069;WR-79;SPEKULANT;NLWRG;Wieringen/Den Oever;PE4285;Y;Y;N;N;Y;N;;TU;OTM;GNS;;;;;11.40;0.00;11.00;0.00;0.00;92.00;0.00;1;1990-06-25;MFL;;;;1899-01-01
NLD;NLD190001636;;RET;1994-06-23;1994-06-23;NLD190001636;HA-65;VOLLENHOVE;NLHAR;Harlingen;;N;N;N;N;N;N;;FX;NK;MIS;;;;;12.50;0.00;0.00;12.90;0.00;45.00;0.00;1;1992-04-22;Z18;;;PA;1900-01-01
NLD;NLD190001682;;RET;1994-09-08;1994-09-08;NLD190001682;KW-58;PEGASUS;NLKWK;Katwijk;;N;N;N;N;N;N;;FX;OTB;MIS;;;;;11.00;0.00;0.00;19.86;0.00;7.00;0.00;1;1992-08-10;Z18;;;PA;1900-01-01
NLD;NLD190002093;;MOD;2020-03-27;2100-12-31;NLD190002093;BRU-11;NOOIT GEDACHT;NLBSE;Bruinisse;;N;Y;N;N;N;N;;FX;DRB;MIS;;;;;23.32;0.00;47.00;0.00;0.00;176.00;0.00;2;1998-03-13;AQU;;;;1900-01-01
NLD;NLD190100079;;RET;2003-03-26;2003-03-26;NLD190100079;BRU-30;DOLFIJN;NLBSE;Bruinisse;;N;N;N;N;N;N;;FX;DRB;MIS;;;;;20.32;0.00;37.00;0.00;0.00;72.00;0.00;2;1958-06-03;AQU;;;PA;1901-01-01
NLD;NLD190100381;;RET;1995-06-08;1995-06-08;NLD190100381;HA-28;KATINKA;NLHAR;Harlingen;;N;N;N;N;N;N;;FX;NK;MIS;;;;;19.90;0.00;0.00;23.61;0.00;88.00;0.00;2;1969-12-24;Z18;;;PA;1901-01-01
NLD;NLD190100715;;RET;2007-01-01;2007-01-01;NLD190100715;YE-13;ADDER;NLYSK;Yerseke;;N;N;N;N;N;N;;FX;FPO;MIS;;;;;17.87;0.00;24.00;0.00;0.00;56.00;0.00;2;1948-06-23;MFL;;;PA;1901-01-01
NLD;NLD190172067;;RET;2022-03-18;2022-03-18;NLD190172067;YE-185;SANDRA;NLYSK;Yerseke;PH6546;Y;N;Y;Y;N;Y;246313000;GO;FPO;GNS;;;;;17.87;0.00;24.00;0.00;0.00;88.00;0.00;2;2021-03-05;MFL;;;PA;1901-01-01
NLD;NLD190200049;;CHA;2021-04-22;2100-12-31;NLD190200049;BR-7;ZEELANDIA;NLBRS;Breskens;PE9396;Y;Y;N;N;N;N;;DM;DRB;DRH;;;;;21.96;0.00;40.00;0.00;0.00;77.00;33.00;2;2021-04-22;AQU;;;;1902-01-01
NLD;NLD190200208;;RET;2000-11-30;2000-11-30;NLD190200208;HD-95;DISPONIBEL;NLDHR;Den Helder;;N;N;N;N;N;N;;FX;NK;MIS;;;;;14.91;0.00;21.00;0.00;0.00;166.00;0.00;2;1985-10-02;4J7;;;PA;1902-01-01
NLD;NLD190200702;;RET;1992-11-05;1992-11-05;NLD190200702;TH-16;BARRACUDA;NLTHO;Tholen;;N;N;N;N;N;N;;FX;OTB;MIS;;;;;23.26;0.00;0.00;42.98;0.00;134.00;0.00;2;1981-05-08;Z18;;;AC;1902-01-01
NLD;NLD190200723;;MOD;2005-06-17;2100-12-31;NLD190200723;YE-15;VIER GEBROEDERS;NLYSK;Yerseke;PF9918;Y;Y;N;Y;N;N;;FX;DRB;MIS;;;;;23.78;0.00;51.00;0.00;0.00;210.00;0.00;2;1981-12-04;AQU;;;PA;1902-01-01
NLD;NLD190200825;;RET;1994-06-07;1994-06-07;NLD190200825;YE-41;JOHANNA;NLYSK;Yerseke;;N;N;N;N;N;N;;FX;DRB;MIS;;;;;17.70;0.00;0.00;36.55;0.00;41.00;0.00;2;1970-03-06;Z18;;;PA;1902-01-01
NLD;NLD190200839;;RET;1993-05-25;1993-05-25;NLD190200839;WR-133;MARIANNE;NLWRG;Wieringen/Den Oever;;N;N;N;N;N;N;;FX;NK;MIS;;;;;16.10;0.00;0.00;21.40;0.00;66.00;0.00;2;1977-10-08;Z18;;;AC;1902-01-01
NLD;NLD190200842;;RET;1994-06-28;1994-06-28;NLD190200842;YE-44;NOOIT GEDACHT;NLYSK;Yerseke;;N;N;N;N;N;N;;FX;DRB;MIS;;;;;31.25;0.00;0.00;89.06;0.00;235.00;0.00;2;1975-05-24;Z18;;;PA;1902-01-01
NLD;NLD190200856;;EXP;2001-05-03;2001-05-03;NLD190200856;YE-103;DINGENIS JAN;NLYSK;Yerseke;;N;N;N;N;N;N;;FX;DRB;MIS;;;;;31.46;0.00;112.00;0.00;0.00;397.00;0.00;2;1980-10-21;4JZ;IRL;EX;PA;1902-01-01
NLD;NLD190200931;;EXP;1993-06-17;1993-06-17;NLD190200931;YE-68;DE TWEE GEBROEDERS;NLYSK;Yerseke;;N;N;N;N;N;N;;FX;DRB;MIS;;;;;25.10;0.00;0.00;53.10;0.00;235.00;0.00;2;1981-07-02;Z18;DNK;EX;PA;1902-01-01
NLD;NLD190300403;8571500;MOD;2006-07-19;2100-12-31;NLD190300403;TH-4;ELIZABETH;NLTHO;Tholen;PG4021;Y;Y;N;N;N;Y;246884000;FX;DRB;MIS;;;;;29.70;0.00;101.00;0.00;0.00;440.00;93.00;2;1981-05-26;AQU;;;;1903-01-01
NLD;NLD190401088;;RET;1995-09-18;1995-09-18;NLD190401088;WON-3;VERTROUWEN;NLMKM;Wonseradeel/Makkum;;N;N;N;N;N;N;;FX;NK;MIS;;;;;22.27;0.00;0.00;66.43;0.00;257.00;0.00;2;1990-08-31;Z18;;;PA;1904-01-01
NLD;NLD190500203;8944604;MOD;2018-03-13;2100-12-31;NLD190500203;YE-270;JOHANNES;NLYSK;Yerseke;PGBS;Y;Y;N;N;N;N;;FX;DRB;MIS;;;;;33.31;0.00;156.00;0.00;0.00;537.00;0.00;2;1974-01-23;AQU;;;;1905-01-01
NLD;NLD190500460;;RET;2003-03-17;2003-03-17;NLD190500460;ZK-33;REITDIEP;NLZOT;Zoutkamp;;N;N;N;N;N;N;;FX;TBB;MIS;;;;;20.45;0.00;27.00;0.00;0.00;79.00;0.00;4;1980-10-27;MFL;;;AC;1905-01-01
NLD;NLD190500461;;RET;2023-05-04;2023-05-04;NLD190500461;HA-62;WILLEM TJITSCHE;NLHAR;Harlingen;PF9943;Y;N;Y;Y;N;Y;244610000;TU;TBB;MIS;;;;;19.58;0.00;36.00;0.00;0.00;169.00;0.01;2;1980-07-17;MFL;;;PA;1905-01-01
NLD;NLD190500712;;EXP;2011-04-07;2011-04-07;NLD190500712;YE-12;OSTREA;NLYSK;Yerseke;PH4085;Y;N;N;N;N;N;;FX;DRB;MIS;;;;;24.12;0.00;57.00;0.00;0.00;147.00;0.00;2;1966-07-06;AQU;BEL;EX;PA;1905-01-01
NLD;NLD190500784;;RET;2003-06-30;2003-06-30;NLD190500784;YE-141;JACOMINA;NLYSK;Yerseke;;N;N;N;N;N;N;;FX;DRB;MIS;;;;;21.32;0.00;50.00;0.00;0.00;132.00;0.00;2;1977-01-31;AQU;;;PA;1905-01-01
NLD;NLD190500970;;RET;2004-11-26;2004-11-26;NLD190500970;HA-32;ADRIANA;NLHAR;Harlingen;;N;N;N;N;N;N;;FX;DRH;MIS;;;;;20.42;0.00;31.00;0.00;0.00;637.00;15.00;2;1988-03-22;MFL;;;PA;1905-01-01
NLD;NLD190501173;;RET;1994-06-28;1994-06-28;NLD190501173;WR-127;CLARA DIEUWERTJE;NLWRG;Wieringen/Den Oever;;N;N;N;N;N;N;;FX;OTB;NK;;;;;19.08;0.00;0.00;29.20;0.00;55.00;0.00;2;1991-02-11;Z18;;;PA;1905-01-01
NLD;NLD190502549;;RET;2006-03-24;2006-03-24;NLD190502549;TH-9;COBINA;NLTHO;Tholen;PH4658;Y;N;Y;N;N;N;;FX;DRH;MIS;;;;;31.22;0.00;91.00;0.00;0.00;201.00;250.00;2;1999-11-04;MFL;;;PA;1905-01-01
NLD;NLD190600056;;RET;1996-03-26;1996-03-26;NLD190600056;BZ-14;NOORDLAND;NLBZM;Bergse Diepsluis/Bergen Op Zoom;;N;N;N;N;N;N;;FX;NK;MIS;;;;;20.67;0.00;0.00;36.07;0.00;177.00;0.00;2;1985-04-29;Z18;;;PA;1906-01-01
NLD;NLD190600060;;EXP;1999-06-23;1999-06-23;NLD190600060;BRU-34;WILLEMINA;NLBSE;Bruinisse;;N;N;N;N;N;N;;FX;DRB;MIS;;;;;32.14;0.00;74.00;0.00;0.00;235.00;0.00;2;1976-05-17;4JZ;IRL;EX;PA;1906-01-01
NLD;NLD190600097;;RET;2000-08-10;2000-08-10;NLD190600097;GO-34;REINA;NLGDR;Goedereede;;N;N;N;N;N;N;;FX;DRB;MIS;;;;;31.43;0.00;0.00;75.00;0.00;180.00;0.00;2;1979-03-12;4J7;;;PA;1906-01-01
NLD;NLD190600223;;RET;1995-12-21;1995-12-21;NLD190600223;TX-30;NIENKE;NLTEX;Texel;;N;N;N;N;N;N;;FX;TBB;MIS;;;;;19.57;0.00;0.00;33.70;0.00;177.00;0.00;2;1979-10-23;Z18;;;PA;1906-01-01
NLD;NLD190600600;;RET;2016-02-11;2016-02-11;NLD190600600;IJM-77;DIRK;NLIJM;Ijmuiden/Velsen;PCFN;Y;N;Y;N;N;N;;FX;GNS;PS;;;;;26.17;0.00;57.00;0.00;0.00;80.00;0.00;2;1981-08-19;MFL;;;PA;1906-01-01
NLD;NLD190600821;;RET;1994-06-28;1994-06-28;NLD190600821;YE-176;MARIS STELLA;NLYSK;Yerseke;;N;N;N;N;N;N;;FX;DRB;NK;;;;;17.47;0.00;0.00;49.85;0.00;59.00;0.00;2;1988-01-26;Z18;;;PA;1906-01-01
NLD;NLD190600843;;RET;1996-01-18;1996-01-18;NLD190600843;YE-76;YE-76;NLYSK;Yerseke;;N;N;N;N;N;N;;FX;DRB;MIS;;;;;26.06;0.00;44.00;0.00;0.00;151.00;0.00;2;1978-04-19;Z18;;;AC;1906-01-01
NLD;NLD190600923;;RET;2001-03-05;2001-03-05;NLD190600923;TH-16;WILLEMINA MARIA;NLTHO;Tholen;;N;N;N;N;N;N;;FX;DRB;MIS;;;;;28.15;0.00;57.00;0.00;0.00;221.00;0.00;2;1984-11-20;4J6;;;PA;1906-01-01
NLD;NLD190601032;;RET;1991-03-10;1991-03-10;NLD190601032;ZZ-1;TJOBA;NLZIE;Zierikzee;;N;N;N;N;N;N;;FX;NK;MIS;;;;;27.80;0.00;0.00;156.10;0.00;81.00;0.00;2;1989-12-01;SDV;;;PA;1906-01-01
NLD;NLD190700013;;RET;1995-09-08;1995-09-08;NLD190700013;ZK-35;ZEESTER;NLZOT;Zoutkamp;;N;N;N;N;N;N;;FX;TBB;MIS;;;;;18.48;0.00;18.00;0.00;0.00;136.00;0.00;2;1979-08-06;E12;;;PA;1907-01-01
NLD;NLD190700606;;RET;1994-06-28;1994-06-28;NLD190700606;WR-18;WOUTER;NLWRG;Wieringen/Den Oever;;N;N;N;N;N;N;;FX;OTB;MIS;;;;;14.53;0.00;0.00;17.30;0.00;52.00;0.00;2;1979-10-16;Z18;;;PA;1907-01-01
NLD;NLD190700790;;RET;1990-09-26;1990-09-26;NLD190700790;NB-4;PROEFSTUK;NLNBE;Nieuw-Beijerland;;N;N;N;N;N;N;;FX;DRB;MIS;;;;;16.90;0.00;0.00;32.66;0.00;59.00;0.00;2;1964-11-17;OVG;;;PA;1907-01-01
NLD;NLD190800290;;RET;2007-06-15;2007-06-15;NLD190800290;TX-44;WADDENZEE;NLTEX;Texel;PH2614;Y;N;Y;N;N;N;;FX;TBB;OTB;;;;;23.30;0.00;44.00;0.00;0.00;158.00;0.00;2;1980-08-08;MFL;;;PA;1908-01-01
NLD;NLD190800502;;RET;1989-11-01;1989-11-01;NLD190800502;VLI-3;NEELTJE;NLVLI;Vlissingen;;N;N;N;N;N;N;;FX;NK;MIS;;;;;16.00;0.00;0.00;18.62;0.00;29.00;0.00;2;1981-12-16;OVG;;;PA;1908-01-01
NLD;NLD190800726;;RET;2000-04-01;2000-04-01;NLD190800726;YE-117;YE-117;NLYSK;Yerseke;;N;N;N;N;N;N;;FX;DRB;MIS;;;;;23.10;0.00;0.00;42.21;0.00;110.00;0.00;2;1970-10-06;4JZ;;;PA;1908-01-01
NLD;NLD190800777;;DES;2016-10-20;2016-10-20;NLD190800777;HA-24;ALEA IACTA EST;NLHAR;Harlingen;PD9993;Y;N;Y;N;N;N;;FX;DRH;MIS;;;;;28.32;0.00;78.00;0.00;0.00;269.00;22.00;2;1978-06-30;MFL;;;PA;1908-01-01
NLD;NLD190800814;;EXP;2002-11-27;2002-11-27;NLD190800814;YE-77;ORION;NLYSK;Yerseke;;N;N;N;N;N;N;;FX;DRB;MIS;;;;;26.98;0.00;61.00;0.00;0.00;184.00;14.00;2;1981-10-15;4JZ;IRL;EX;PA;1908-01-01
NLD;NLD190801142;;MOD;2013-04-01;2100-12-31;NLD190801142;BRU-45;JACOBA;NLBSE;Bruinisse;;N;Y;Y;N;N;N;;FX;DRB;MIS;;;;;23.88;0.00;45.00;0.00;0.00;132.00;0.00;2;1991-01-21;AQU;;;;1908-01-01
NLD;NLD190801248;;RET;2005-08-19;2005-08-19;NLD190801248;YE-102;NEELTJE;NLYSK;Yerseke;PH2595;Y;N;N;N;N;N;;FX;HMD;MIS;;;;;31.04;0.00;104.00;0.00;0.00;252.00;138.00;2;1991-04-18;MFL;;;PA;1908-01-01
NLD;NLD190801833;;RET;2001-04-01;2001-04-01;NLD190801833;YE-171;NI-EL;NLYSK;Yerseke;;N;N;N;N;N;N;;FX;DRB;FPO;;;;;22.87;0.00;52.00;0.00;0.00;183.00;84.00;2;1993-11-09;4J7;;;PA;1908-01-01
NLD;NLD190802113;;RET;2022-11-04;2022-11-04;NLD190802113;WON-17;CHARLOTTE;NLMKM;Wonseradeel/Makkum;PE4434;Y;N;Y;Y;N;Y;245071000;TU;TBB;MIS;;;;;24.25;0.00;43.00;0.00;0.00;221.00;65.00;2;1998-06-12;MFL;;;PA;1908-01-01
NLD;NLD190900032;;RET;2001-04-20;2001-04-20;NLD190900032;BRU-14;GOEDE VERWACHTING;NLBSE;Bruinisse;;N;N;N;N;N;N;;FX;DRB;MIS;;;;;33.45;0.00;114.00;0.00;0.00;370.00;180.00;2;1975-07-11;4J7;;;PA;1909-01-01
NLD;NLD190900074;;MOD;2025-08-20;2100-12-31;NLD190900074;WL-8;LUBBERT SR;NLWDE;Westdongeradeel;PBAM;Y;Y;Y;Y;N;Y;244991000;TU;TBB;MIS;;;;;23.92;0.00;86.00;0.00;0.00;221.00;105.00;2;1977-11-18;MFL;;;;1909-01-01
NLD;NLD190900354;;RET;1994-06-23;1994-06-23;NLD190900354;HA-17;RAM;NLHAR;Harlingen;;N;N;N;N;N;N;;FX;DRB;MIS;;;;;18.12;0.00;0.00;28.08;0.00;96.00;0.00;2;1978-02-10;Z18;;;PA;1909-01-01
NLD;NLD190900401;;RET;1996-08-27;1996-08-27;NLD190900401;IJM-10;MAARTEN;NLIJM;Ijmuiden/Velsen;;N;N;N;N;N;N;;FX;TBB;MIS;;;;;18.50;0.00;21.00;0.00;0.00;147.00;0.00;2;1974-04-25;E17;;;PA;1909-01-01
NLD;NLD190900810;8571160;MOD;2023-05-15;2100-12-31;NLD190900810;YE-39;DRIE GEBROEDERS;NLYSK;Yerseke;PF4008;Y;Y;N;N;N;N;;DB;DRB;MIS;;;;;32.93;0.00;133.00;0.00;0.00;440.00;290.00;2;1967-04-13;AQU;;;;1909-01-01
NLD;NLD190900815;;DES;2011-04-15;2011-04-15;NLD190900815;YE-200;JOHANNES;NLYSK;Yerseke;PG4410;Y;N;N;N;N;N;;FX;DRB;MIS;;;;;28.25;0.00;58.00;0.00;0.00;235.00;0.00;2;1980-11-04;AQU;;;PA;1909-01-01
NLD;NLD190900846;;DES;2022-02-03;2022-02-03;NLD190900846;YE-145;ELISABETH;NLYSK;Yerseke;PE3344;Y;N;N;N;N;N;;FX;DRB;DRH;;;;;28.42;0.00;63.00;0.00;0.00;257.00;0.00;2;1980-03-05;AQU;;;PA;1909-01-01
NLD;NLD190901051;8571421;MOD;2021-02-24;2100-12-31;NLD190901051;YE-140;DEI-GRATIA;NLYSK;Yerseke;PC6607;Y;Y;N;N;N;N;;DB;DRB;MIS;;;;;31.67;0.00;115.00;0.00;0.00;403.00;180.00;2;2012-05-11;AQU;;;;1909-01-01
NLD;NLD190901995;;MOD;2023-09-22;2100-12-31;NLD190901995;UK-29;JAN;NLURK;Urk;;N;Y;N;N;Y;N;;MSN;PS;MIS;;;;;6.50;0.00;1.00;0.00;0.00;7.00;0.00;2;2007-08-06;MFL;;;;1909-01-01
NLD;NLD191000136;;RET;1994-06-23;1994-06-23;NLD191000136;GOE-2;HELENA F;NLGOE;Goes;;N;N;N;N;N;N;;FX;DRB;MIS;;;;;34.76;0.00;0.00;60.00;0.00;124.00;0.00;2;1976-09-06;Z18;;;PA;1910-01-01
NLD;NLD191000289;;RET;1991-11-28;1991-11-28;NLD191000289;HA-10;ALBATROS;NLHAR;Harlingen;;N;N;N;N;N;N;;FX;NK;MIS;;;;;28.55;0.00;0.00;67.00;0.00;147.00;110.00;2;1984-03-15;KUQ;;;AC;1910-01-01
NLD;NLD191000315;;MOD;2012-11-09;2100-12-31;NLD191000315;OL-37;INSULINDE;NLDDE;Oostdongeradeel;PH3084;Y;Y;Y;Y;N;Y;244846000;TU;TBB;MIS;;;;;20.54;0.00;42.00;0.00;0.00;220.00;0.01;2;1975-09-30;MFL;;;;1910-01-01
NLD;NLD191000343;;RET;2000-03-01;2000-03-01;NLD191000343;ST-3;DRIE GEBROEDERS;NLSTA;Stavoren;;N;N;N;N;N;N;;FX;TBB;MIS;;;;;22.80;0.00;37.00;0.00;0.00;202.00;0.00;2;1979-07-03;4J6;;;PA;1910-01-01
NLD;NLD191000386;;RET;1994-06-23;1994-06-23;NLD191000386;HA-30;TWEE GEBROEDERS;NLHAR;Harlingen;;N;N;N;N;N;N;;FX;NK;MIS;;;;;27.90;0.00;0.00;45.16;0.00;121.00;0.00;2;1988-04-07;Z18;;;PA;1910-01-01
NLD;NLD191000444;;RET;2022-04-15;2022-04-15;NLD191000444;WL-25;ANTJE;NLWDE;Westdongeradeel;PG2397;Y;N;Y;Y;N;Y;244030722;TU;TBB;OTB;;;;;19.80;0.00;30.00;0.00;0.00;162.00;0.00;2;1979-04-20;MFL;;;PA;1910-01-01
NLD;NLD191000695;;EXP;1994-02-08;1994-02-08;NLD191000695;YE-7;TANNIE CHRISTINA;NLYSK;Yerseke;;N;N;N;N;N;N;;FX;DRB;MIS;;;;;26.45;0.00;0.00;73.49;0.00;177.00;0.00;2;1981-01-21;Z18;IRL;EX;PA;1910-01-01
NLD;NLD191000807;;RET;2003-05-19;2003-05-19;NLD191000807;YE-99;DRIE GEBROEDERS;NLYSK;Yerseke;;N;N;N;N;N;N;;FX;OTB;MIS;;;;;18.43;0.00;0.00;36.11;0.00;110.00;0.00;2;1960-08-10;AQU;;;PA;1910-01-01
NLD;NLD191000849;;EXP;1994-06-08;1994-06-08;NLD191000849;YE-46;JANNY;NLYSK;Yerseke;;N;N;N;N;N;N;;FX;DRB;MIS;;;;;25.77;0.00;0.00;68.70;0.00;199.00;0.00;2;1975-11-13;Z18;IRL;;PA;1910-01-01
NLD;NLD191001283;;RET;1994-06-27;1994-06-27;NLD191001283;IJM-310;FONIX;NLIJM;Ijmuiden/Velsen;;N;N;N;N;N;N;;FX;TBB;GNS;;;;;10.80;0.00;0.00;10.53;0.00;68.00;0.00;1;1991-05-21;Z18;;;PA;1910-01-01
NLD;NLD191001425;;RET;1993-11-09;1993-11-09;NLD191001425;TX-89;KARIMOEN;NLTEX;Texel;;N;N;N;N;N;N;;FX;OTB;TBB;;;;;15.00;0.00;0.00;25.53;0.00;110.00;0.00;2;1991-06-24;Z18;;;PA;1910-01-01
NLD;NLD191001849;;RET;1994-12-08;1994-12-08;NLD191001849;VLI-9;CORNELIA CATHARINA;NLVLI;Vlissingen;;N;N;N;N;N;N;;FX;DRB;GNS;;;;;28.98;0.00;0.00;69.30;0.00;410.00;495.00;2;1994-01-26;Z18;;;PA;1910-01-01
NLD;NLD191072027;;MOD;2025-07-18;2100-12-31;NLD191072027;UQ-4;VERANDERING;NLNPZ;Usquert/Noordpolderzijl;PI5485;Y;Y;Y;Y;N;Y;244750312;WO;FPO;LLD;;;;;19.85;0.00;28.00;0.00;0.00;51.00;0.00;2;2019-05-03;MFL;;;;1910-01-01
NLD;NLD191100029;8783799;EXP;1998-07-24;1998-07-24;NLD191100029;BRU-6;OSTREA;NLBSE;Bruinisse;;N;N;N;N;N;N;;FX;DRB;MIS;;;;;29.72;0.00;0.00;125.48;0.00;349.00;0.00;2;1965-06-04;4JZ;IRL;;PA;1911-01-01
NLD;NLD191100480;;RET;2012-06-15;2012-06-15;NLD191100480;UQ-17;ATLANTIS;NLNPZ;Usquert/Noordpolderzijl;PD2660;Y;N;Y;N;N;N;;FX;TBB;MIS;;;;;18.78;0.00;40.00;0.00;0.00;221.00;0.00;2;1981-08-21;MFL;;;PA;1911-01-01
NLD;NLD191100591;;MOD;2025-04-10;2100-12-31;NLD191100591;UQ-21;LOUWINA;NLNPZ;Usquert/Noordpolderzijl;;N;Y;Y;Y;N;Y;245946000;FX;TBB;FPO;;;;;23.99;0.00;51.00;0.00;0.00;221.00;40.00;2;1981-02-09;MFL;;;;1911-01-01
NLD;NLD191100769;;RET;2007-03-16;2007-03-16;NLD191100769;WR-72;ALBERTA;NLWRG;Wieringen/Den Oever;PCKF;Y;N;Y;N;N;N;;FX;TBB;OTB;;;;;21.09;0.00;40.00;0.00;0.00;188.00;0.00;2;1980-09-16;MFL;;;PA;1911-01-01
NLD;NLD191100844;;EXP;1998-07-28;1998-07-28;NLD191100844;YE-94;OP HOOP VAN ZEGEN;NLYSK;Yerseke;;N;N;N;N;N;N;;FX;DRB;MIS;;;;;29.41;0.00;0.00;83.32;0.00;235.00;0.00;2;1981-05-14;4J7;IRL;EX;PA;1911-01-01
NLD;NLD191100929;;RET;2001-03-27;2001-03-27;NLD191100929;TH-15;MARIA;NLTHO;Tholen;;N;N;N;N;N;N;;FX;DRB;MIS;;;;;18.10;0.00;29.00;0.00;0.00;88.00;0.00;2;1978-05-09;4J4;;;PA;1911-01-01
NLD;NLD191100995;;RET;2000-04-01;2000-04-01;NLD191100995;ZZ-11;TJOBA;NLZIE;Zierikzee;;N;N;N;N;N;N;;FX;DRB;MIS;;;;;17.81;0.00;0.00;24.33;0.00;163.00;0.00;2;1967-09-18;4JZ;;;PA;1911-01-01
NLD;NLD191101096;;RET;2004-11-26;2004-11-26;NLD191101096;BRU-49;DRIE GEBROEDERS;NLBSE;Bruinisse;;N;N;N;N;N;N;;FX;DRB;FPO;;;;;22.11;0.00;37.00;0.00;0.00;131.00;27.00;2;1990-10-17;MFL;;;PA;1911-01-01
NLD;NLD191200112;;EXP;2000-10-17;2000-10-17;NLD191200112;BRU-63;ZEESTER;NLBSE;Bruinisse;;N;N;N;N;N;N;;FX;DRB;MIS;;;;;36.84;0.00;153.00;0.00;0.00;242.00;0.00;2;1981-12-29;4J7;IRL;EX;PA;1912-01-01
NLD;NLD191200334;;RET;1990-07-17;1990-07-17;NLD191200334;ST-20;AUKE SENIOR;NLSTA;Stavoren;;N;N;N;N;N;N;;FX;TBB;MIS;;;;;20.28;0.00;0.00;31.80;0.00;96.00;0.00;2;1951-02-16;KUG;;;PA;1912-01-01
NLD;NLD191200411;;RET;1996-08-19;1996-08-19;NLD191200411;HA-39;ANNA;NLHAR;Harlingen;;N;N;N;N;N;N;;FX;TBB;MIS;;;;;19.00;0.00;0.00;34.58;0.00;155.00;30.00;2;1964-03-11;Z18;;;PA;1912-01-01
NLD;NLD191200520;8570568;MOD;2005-01-01;2100-12-31;NLD191200520;YE-89;MAATJE CATHARINA;NLYSK;Yerseke;PF9971;Y;Y;N;N;N;N;;FX;DRB;MIS;;;;;32.47;0.00;109.00;0.00;0.00;257.00;103.00;2;1980-08-06;AQU;;;;1912-01-01
NLD;NLD191200567;;RET;1994-06-27;1994-06-27;NLD191200567;UK-112;WOUTER;NLURK;Urk;PIRZ;Y;N;N;N;N;N;;FX;LLS;NK;;;;;17.00;0.00;0.00;23.00;0.00;75.00;0.00;2;1977-04-06;Z18;;;PA;1912-01-01
NLD;NLD191200624;;RET;1994-06-28;1994-06-28;NLD191200624;ZK-26;DE IJZEREN KAAP;NLZOT;Zoutkamp;;N;N;N;N;N;N;;FX;GNS;MIS;;;;;16.00;0.00;0.00;37.14;0.00;88.00;0.00;2;1987-06-16;Z18;;;PA;1912-01-01
NLD;NLD191200823;;RET;2002-09-27;2002-09-27;NLD191200823;YE-180;AVONTUUR;NLYSK;Yerseke;;N;N;N;N;N;N;;FX;DRB;MIS;;;;;22.88;0.00;0.00;56.76;0.00;155.00;0.00;2;1973-10-15;4JZ;;;PA;1912-01-01
NLD;NLD191200860;;RET;1998-09-03;1998-09-03;NLD191200860;YE-49;HEDI;NLYSK;Yerseke;;N;N;N;N;N;N;;FX;DRB;MIS;;;;;24.06;0.00;0.00;115.96;0.00;100.00;0.00;2;1989-05-26;4J7;;;PA;1912-01-01
NLD;NLD191201788;;RET;1995-11-16;1995-11-16;NLD191201788;WR-39;WUTA;NLWRG;Wieringen/Den Oever;;N;N;N;N;N;N;;FX;FPO;GNS;;;;;20.21;0.00;34.00;0.00;0.00;71.00;4.00;2;1993-06-24;E17;;;PA;1912-01-01
NLD;NLD191300173;;RET;2018-09-28;2018-09-28;NLD191300173;HA-102;PESCADO;NLHAR;Harlingen;PF7245;Y;N;Y;N;N;N;;FX;PS;MIS;;;;;17.72;0.00;17.00;0.00;0.00;97.00;0.00;2;1976-01-19;MFL;;;PA;1913-01-01
NLD;NLD191300300;;RET;1997-05-07;1997-05-07;NLD191300300;ZK-8;BJORN;NLZOT;Zoutkamp;;N;N;N;N;N;N;;FX;TBB;MIS;;;;;18.14;0.00;29.00;0.00;0.00;134.00;0.00;2;1978-03-22;4J6;;;AC;1913-01-01
NLD;NLD191300467;;RET;2016-07-21;2016-07-21;NLD191300467;UQ-8;ZEEMEEUW;NLNPZ;Usquert/Noordpolderzijl;;N;N;Y;N;N;N;;FX;TBB;OTB;;;;;19.10;0.00;28.00;0.00;0.00;176.00;0.10;2;1958-01-08;MFL;;;PA;1913-01-01
NLD;NLD191300469;;RET;1994-06-23;1994-06-23;NLD191300469;HA-67;MARGRETHA;NLHAR;Harlingen;;N;N;N;N;N;N;;FX;DRB;MIS;;;;;24.10;0.00;0.00;44.81;0.00;74.00;0.00;2;1988-10-07;Z18;;;PA;1913-01-01
NLD;NLD191300546;;RET;1997-07-11;1997-07-11;NLD191300546;ZZ-15;LODIJKE;NLZIE;Zierikzee;;N;N;N;N;N;N;;FX;NK;MIS;;;;;21.07;0.00;31.00;0.00;0.00;132.00;0.00;2;1981-06-19;4J7;;;PA;1913-01-01
NLD;NLD191300676;;EXP;2001-09-10;2001-09-10;NLD191300676;YE-115;JOHANNA CORNELIA;NLYSK;Yerseke;;N;N;N;N;N;N;;FX;DRB;MIS;;;;;30.71;0.00;70.00;0.00;0.00;202.00;0.00;2;1977-06-27;4JZ;IRL;EX;PA;1913-01-01
NLD;NLD191400361;;RET;2002-01-09;2002-01-09;NLD191400361;YE-33;CATHARINA;NLYSK;Yerseke;;N;N;N;N;N;N;;FX;TBB;MIS;;;;;16.77;0.00;21.00;0.00;0.00;97.00;0.00;2;1983-10-20;4J6;;;PA;1914-01-01
NLD;NLD191400661;;RET;1994-06-28;1994-06-28;NLD191400661;ZL-7;HERA;NLHOZ;Hooge Zwaluwe;;N;N;N;N;N;N;;FX;NK;MIS;;;;;16.50;0.00;0.00;30.00;0.00;64.00;0.00;2;1973-11-13;Z18;;;PA;1914-01-01
NLD;NLD191400696;8571316;MOD;2019-03-12;2100-12-31;NLD191400696;BRU-39;LUCTOR;NLBSE;Bruinisse;PD4012;Y;Y;N;N;N;Y;244850157;DB;DRB;FPO;;;;;30.68;0.00;116.00;0.00;0.00;358.00;0.00;2;1981-07-20;AQU;;;;1914-01-01
NLD;NLD191400874;;EXP;2003-08-28;2003-08-28;NLD191400874;YE-84;KEETEN;NLYSK;Yerseke;WVKRV;Y;N;N;N;N;N;;FX;DRB;MIS;;;;;24.94;0.00;55.00;0.00;0.00;174.00;0.00;2;1971-10-13;AQU;IRL;EX;PA;1914-01-01
NLD;NLD191401019;;MOD;2021-10-14;2100-12-31;NLD191401019;ZK-9;ANTONIA;NLZOT;Zoutkamp;PA6790;Y;Y;Y;Y;N;Y;244830939;FX;OTM;MIS;;;;;18.37;0.00;18.00;0.00;0.00;97.00;0.00;2;1980-11-13;MFL;;;;1914-01-01
NLD;NLD191401701;;RET;1997-08-28;1997-08-28;NLD191401701;HD-18;L'ECLUSE;NLDHR;Den Helder;;N;N;N;N;N;N;;FX;FPO;GNS;;;;;13.10;0.00;0.00;20.13;0.00;77.00;0.00;2;1992-09-28;4J7;;;PA;1914-01-01
NLD;NLD191500109;8985086;MOD;2006-06-23;2100-12-31;NLD191500109;BRU-50;WISSELVALLIGHEID;NLBSE;Bruinisse;PCIA;Y;Y;N;N;N;N;;FX;DRB;MIS;;;;;33.77;0.00;155.00;0.00;0.00;403.00;227.00;2;1979-12-18;AQU;;;;1915-01-01
NLD;NLD191500362;;RET;2000-08-18;2000-08-18;NLD191500362;HA-21;NOORDSE STERN;NLHAR;Harlingen;;N;N;N;N;N;N;;FX;DRB;MIS;;;;;28.19;0.00;69.00;0.00;0.00;86.00;0.00;2;1988-06-24;4JZ;;;PA;1915-01-01
NLD;NLD191500566;;RET;2002-12-31;2002-12-31;NLD191500566;WON-32;LUCTOR ET EMERGO;NLMKM;Wonseradeel/Makkum;;N;N;N;N;N;N;;FX;GNS;NK;;;;;17.00;0.00;20.00;0.00;0.00;56.00;0.00;2;1975-04-09;4JZ;;;PA;1915-01-01
NLD;NLD191500785;;RET;1993-01-11;1993-01-11;NLD191500785;YE-31;JANNETJE;NLYSK;Yerseke;;N;N;N;N;N;N;;FX;NK;MIS;;;;;25.15;0.00;51.00;0.00;0.00;147.00;0.00;2;1980-02-25;Z18;;;AC;1915-01-01
NLD;NLD191500832;;RET;1996-01-31;1996-01-31;NLD191500832;YE-197;PETTONA;NLYSK;Yerseke;;N;N;N;N;N;N;;FX;DRB;MIS;;;;;18.16;0.00;0.00;40.37;0.00;118.00;0.00;2;1975-06-26;Z18;;;PA;1915-01-01
NLD;NLD191501596;;RET;1994-06-23;1994-06-23;NLD191501596;HA-48;AALTJE JOHANNA;NLHAR;Harlingen;;N;N;N;N;N;N;;FX;TBB;MIS;;;;;17.88;0.00;0.00;17.06;0.00;124.00;0.00;2;1991-12-20;Z18;;;PA;1915-01-01
NLD;NLD191600206;;RET;1994-08-18;1994-08-18;NLD191600206;LE-31;LE-31;NLLEM;Lemsterland;;N;N;N;N;N;N;;FX;NK;MIS;;;;;7.85;0.00;0.00;7.30;0.00;8.00;0.00;2;1961-01-24;Z18;;;PA;1916-01-01
NLD;NLD191600920;;RET;1994-06-28;1994-06-28;NLD191600920;LO-90;DEPURATOR;NLLAN;Lauwersoog;;N;N;N;N;N;N;;FX;DRB;MIS;;;;;32.05;0.00;0.00;93.00;0.00;183.00;0.00;2;1983-07-06;Z18;;;PA;1916-01-01
NLD;NLD191700178;;RET;1994-06-24;1994-06-24;NLD191700178;HON-19;NORTH STAR;NLHTN;Hontenisse;;N;N;N;N;N;N;;FX;DRB;MIS;;;;;17.80;0.00;0.00;28.72;0.00;99.00;0.00;2;1973-04-17;Z18;;;PA;1917-01-01
NLD;NLD191700258;;RET;2024-02-14;2024-02-14;NLD191700258;OD-2;NEELTJE;NLGDO;Goedereede-Ouddorp;;N;N;Y;Y;N;Y;246097000;TU;TBB;FPO;;;;;22.21;0.00;34.00;0.00;0.00;113.00;0.00;2;1989-04-05;MFL;;;PA;1917-01-01
NLD;NLD191700783;8924068;RET;2020-05-08;2020-05-08;NLD191700783;BRU-90;DRIE GEBROEDERS;NLBSE;Bruinisse;PCAD;Y;N;N;N;N;N;;FX;DRB;MIS;;;;;40.61;0.00;201.00;0.00;0.00;714.00;221.00;2;1966-09-15;AQU;;;PA;1917-01-01
NLD;NLD191800102;;EXP;1996-03-06;1996-03-06;NLD191800102;BRU-40;JOHANNES;NLBSE;Bruinisse;;N;N;N;N;N;N;;FX;DRB;MIS;;;;;32.99;0.00;0.00;80.91;0.00;403.00;213.00;2;1980-07-11;Z18;IRL;EX;PA;1918-01-01
NLD;NLD191800434;;RET;2021-03-05;2021-03-05;NLD191800434;YE-185;JACOBUS;NLYSK;Yerseke;PH6546;Y;N;Y;N;N;Y;246313000;WOP;FPO;GNS;;;;;16.57;0.00;19.00;0.00;0.00;88.00;0.00;2;1964-10-09;MFL;;;PA;1918-01-01
NLD;NLD191800835;;DES;1993-11-08;1993-11-08;NLD191800835;YE-89;DE LOES;NLYSK;Yerseke;;N;N;N;N;N;N;;FX;DRB;MIS;;;;;25.84;0.00;0.00;63.36;0.00;180.00;0.00;2;1979-04-18;Z18;;;PA;1918-01-01
NLD;NLD191800975;;EXP;1990-04-11;1990-04-11;NLD191800975;TH-27;MARLENA;NLTHO;Tholen;;N;N;N;N;N;N;;FX;DRB;NK;;;;;23.54;0.00;0.00;51.59;0.00;154.00;0.00;2;1969-10-06;OVG;BEL;EX;PA;1918-01-01
NLD;NLD191801216;;RET;1994-06-27;1994-06-27;NLD191801216;TX-47;NEPTUNES;NLTEX;Texel;;N;N;N;N;N;N;;FX;OTB;TBB;;;;;15.00;0.00;0.00;38.69;0.00;92.00;0.00;2;1991-03-27;Z18;;;PA;1918-01-01
NLD;NLD192000101;;RET;1997-07-30;1997-07-30;NLD192000101;BRU-39;LUCTOR;NLBSE;Bruinisse;;N;N;N;N;N;N;;FX;DRB;MIS;;;;;31.89;0.00;78.00;0.00;0.00;240.00;0.00;2;1979-07-04;4JZ;;;PA;1920-01-01
NLD;NLD192000176;;RET;1994-06-24;1994-06-24;NLD192000176;HD-31;MARTHA;NLDHR;Den Helder;;N;N;N;N;N;N;;FX;NK;MIS;;;;;14.07;0.00;0.00;10.70;0.00;83.00;0.00;2;1971-12-03;Z18;;;PA;1920-01-01
NLD;NLD192000442;;RET;1995-06-08;1995-06-08;NLD192000442;IJM-23;ELIZABETH;NLIJM;Ijmuiden/Velsen;;N;N;N;N;N;N;;FX;NK;MIS;;;;;16.00;0.00;12.00;0.00;0.00;118.00;0.00;2;1989-05-31;Z18;;;PA;1920-01-01
NLD;NLD192000452;;RET;1994-06-27;1994-06-27;NLD192000452;UQ-5;ALBATROS;NLNPZ;Usquert/Noordpolderzijl;;N;N;N;N;N;N;;FX;TBB;DRB;;;;;20.01;0.00;0.00;30.50;0.00;53.00;0.00;2;1965-02-12;Z18;;;PA;1920-01-01
NLD;NLD192000751;;RET;1997-10-22;1997-10-22;NLD192000751;WON-11;JIKKE;NLMKM;Wonseradeel/Makkum;;N;N;N;N;N;N;;FX;NK;MIS;;;;;20.35;0.00;0.00;80.00;0.00;88.00;0.00;2;1982-08-25;4J7;;;PA;1920-01-01
NLD;NLD192000763;;RET;1989-12-01;1989-12-01;NLD192000763;WR-53;ANNIE CILIA;NLWRG;Wieringen/Den Oever;;N;N;N;N;N;N;;FX;NK;MIS;;;;;14.18;0.00;0.00;18.91;0.00;113.00;0.00;2;1974-12-17;OVG;;;PA;1920-01-01
NLD;NLD192001469;;RET;1994-06-27;1994-06-27;NLD192001469;UQ-12;HENDRIK;NLNPZ;Usquert/Noordpolderzijl;;N;N;N;N;N;N;;FX;NK;MIS;;;;;8.90;0.00;0.00;8.82;0.00;40.00;0.00;2;1991-08-13;Z18;;;PA;1920-01-01
NLD;NLD192001627;;RET;1994-06-27;1994-06-27;NLD192001627;UQ-14;WADDENZEE;NLNPZ;Usquert/Noordpolderzijl;;N;N;N;N;N;N;;FX;GND;GNS;;;;;10.00;0.00;0.00;13.00;0.00;60.00;0.00;2;1992-03-26;Z18;;;PA;1920-01-01
NLD;NLD192001709;;RET;1994-06-27;1994-06-27;NLD192001709;VD-310;DE ONDERZEEER;NLVOD;Volendam;;N;N;N;N;N;N;;FX;OTB;MIS;;;;;8.50;0.00;0.00;3.51;0.00;29.00;0.00;2;1992-10-19;Z18;;;PA;1920-01-01
NLD;NLD192100226;;RET;1990-09-27;1990-09-27;NLD192100226;TX-27;LIDA MARCO;NLTEX;Texel;;N;N;N;N;N;N;;FX;TBB;MIS;;;;;24.01;0.00;0.00;43.00;0.00;206.00;0.00;2;1983-10-25;KDQ;;;PA;1921-01-01
NLD;NLD192100234;;DES;2022-05-02;2022-05-02;NLD192100234;LO-14;FETSKE;NLLAN;Lauwersoog;PH9712;Y;N;Y;Y;N;Y;245856000;TU;TBB;MIS;;;;;21.61;0.00;35.00;0.00;0.00;127.00;0.00;2;1981-12-10;MFL;;;PA;1921-01-01
NLD;NLD192100347;8466494;MOD;2025-07-28;2100-12-31;NLD192100347;TM-19;REIDERLAND;NLTMZ;Termunterzijl;PCXO;Y;Y;Y;Y;N;Y;244830394;TU;TBB;MIS;;;;;23.02;0.00;34.00;0.00;0.00;138.00;0.00;2;1979-06-14;MFL;;;PA;1921-01-01
NLD;NLD192100385;;RET;2003-06-12;2003-06-12;NLD192100385;TX-24;ALBATROS;NLTEX;Texel;;N;N;N;N;N;N;;FX;TBB;MIS;;;;;18.00;0.00;19.00;0.00;0.00;149.00;0.00;2;1969-04-01;MFL;;;PA;1921-01-01
NLD;NLD192100910;;EXP;1990-02-01;1990-02-01;NLD192100910;TH-13;TH-13;NLTHO;Tholen;;N;N;N;N;N;N;;FX;NK;MIS;;;;;17.50;0.00;0.00;18.51;0.00;121.00;0.00;2;1958-05-28;OVG;BEL;EX;PA;1921-01-01
NLD;NLD192200030;8985098;MOD;2003-01-01;2100-12-31;NLD192200030;BRU-5;DANKBAARHEID;NLBSE;Bruinisse;PBAE;Y;Y;N;N;N;N;;FX;DRB;MIS;;;;;35.32;0.00;162.00;0.00;0.00;403.00;0.00;2;1977-06-27;AQU;;;;1922-01-01
NLD;NLD192200113;;EXP;2001-02-23;2001-02-23;NLD192200113;BRU-91;MOSSELSCHELP;NLBSE;Bruinisse;;N;N;N;N;N;N;;FX;DRB;MIS;;;;;30.98;0.00;105.00;0.00;0.00;265.00;0.00;2;1964-10-28;4JZ;IRL;EX;PA;1922-01-01
NLD;NLD192200217;;RET;1992-08-06;1992-08-06;NLD192200217;LO-1;GEJA;NLLAN;Lauwersoog;;N;N;N;N;N;N;;FX;DRB;MIS;;;;;26.17;0.00;0.00;45.68;0.00;161.00;0.00;2;1981-02-09;Z18;;;AC;1922-01-01
NLD;NLD192200247;;RET;1991-03-07;1991-03-07;NLD192200247;MO-2;HORIZON;NLMNN;Monnickendam;;N;N;N;N;N;N;;FX;OTB;TBB;;;;;15.50;0.00;0.00;19.09;0.00;88.00;0.00;2;1982-01-20;OVG;;;PA;1922-01-01
NLD;NLD192200717;8570647;MOD;2005-01-01;2100-12-31;NLD192200717;YE-46;JANNY;NLYSK;Yerseke;PE7290;Y;Y;N;N;N;N;;FX;DRB;MIS;;;;;36.67;0.00;163.00;0.00;0.00;537.00;307.00;2;1981-11-19;AQU;;;;1922-01-01
NLD;NLD192200792;;RET;1994-06-28;1994-06-28;NLD192200792;YE-33;MARKO;NLYSK;Yerseke;;N;N;N;N;N;N;;FX;DRB;MIS;;;;;28.17;0.00;0.00;68.77;0.00;180.00;0.00;2;1973-02-26;Z18;;;PA;1922-01-01
NLD;NLD192200876;;EXP;1997-06-10;1997-06-10;NLD192200876;YE-53;ELISABETH;NLYSK;Yerseke;;N;N;N;N;N;N;;FX;DRB;MIS;;;;;28.54;0.00;0.00;75.10;0.00;225.00;75.00;2;1980-11-10;4J7;IRL;EX;PA;1922-01-01
NLD;NLD192200968;;MOD;2003-12-12;2100-12-31;NLD192200968;BRU-65;CHRISTIAAN;NLBSE;Bruinisse;PD3484;Y;Y;N;N;N;N;;FX;DRB;MIS;;;;;25.39;0.00;73.00;0.00;0.00;121.00;0.00;2;1981-10-22;AQU;;;;1922-01-01
NLD;NLD192201501;;RET;1994-06-23;1994-06-23;NLD192201501;HA-3;DWAAL IK WACHT U;NLHAR;Harlingen;;N;N;N;N;N;N;;FX;GNS;TBB;;;;;18.20;0.00;0.00;23.48;0.00;88.00;4.00;2;1991-09-11;Z18;;;PA;1922-01-01
NLD;NLD192201834;;MOD;2003-01-01;2100-12-31;NLD192201834;YE-49;DENNIS;NLYSK;Yerseke;PE5322;Y;Y;N;N;N;N;;FX;DRB;MIS;;;;;26.25;0.00;76.00;0.00;0.00;200.00;90.00;2;1993-11-09;AQU;;;;1922-01-01
NLD;NLD192300077;8822844;MOD;2024-11-19;2100-12-31;NLD192300077;ZZ-61;NOOIT GEDACHT 1;NLZIE;Zierikzee;PD9919;Y;Y;N;N;N;N;;FX;DRB;MIS;;;;;33.78;0.00;130.00;0.00;0.00;447.00;0.00;2;1976-05-17;AQU;;;;1923-01-01
NLD;NLD192300105;;MOD;2021-05-26;2100-12-31;NLD192300105;YE-132;VERTROUWEN;NLYSK;Yerseke;PF3784;Y;Y;N;N;N;N;;FX;DRB;MIS;;;;;29.97;0.00;71.00;0.00;0.00;360.00;125.00;2;1969-07-15;AQU;;;;1923-01-01
NLD;NLD192300110;;MOD;2024-01-22;2100-12-31;NLD192300110;BRU-4;JOHANNA;NLBSE;Bruinisse;PD9904;Y;Y;N;N;N;N;;FX;DRB;MIS;;;;;33.61;0.00;88.00;0.00;0.00;346.00;153.00;2;1981-12-03;AQU;;;;1923-01-01
NLD;NLD192300398;;RET;1994-06-23;1994-06-23;NLD192300398;HA-32;PESCADOR;NLHAR;Harlingen;;N;N;N;N;N;N;;FX;NK;MIS;;;;;25.08;0.00;0.00;37.75;0.00;88.00;0.00;2;1985-04-15;Z18;;;PA;1923-01-01
NLD;NLD192300435;;RET;2001-04-01;2001-04-01;NLD192300435;WR-38;LIBRA;NLWRG;Wieringen/Den Oever;;N;N;N;N;N;N;;FX;TBB;MIS;;;;;16.18;0.00;0.00;22.25;0.00;146.00;0.00;2;1978-01-18;4J7;;;PA;1923-01-01
NLD;NLD192300472;;DES;2025-02-05;2025-02-05;NLD192300472;UQ-1;CONDOR;NLNPZ;Usquert/Noordpolderzijl;;N;N;Y;Y;N;N;;FX;TBB;MIS;;;;;19.96;0.00;32.00;0.00;0.00;149.00;0.00;2;1981-05-13;MFL;;;PA;1923-01-01
NLD;NLD192300607;;RET;2002-08-14;2002-08-14;NLD192300607;ZK-18;LIBERTY;NLZOT;Zoutkamp;;N;N;N;N;N;N;;FX;TBB;OTB;;;;;17.40;0.00;28.00;0.00;0.00;138.00;0.00;2;1977-09-28;4J4;;;PA;1923-01-01
NLD;NLD192300633;;RET;2016-12-16;2016-12-16;NLD192300633;ZK-46;ZEEMEEUW;NLZOT;Zoutkamp;PE8911;Y;N;Y;Y;N;Y;244108000;MO;TBB;MIS;;;;;20.44;0.00;29.00;0.00;0.00;100.00;0.00;2;1977-12-03;MFL;;;PA;1923-01-01
NLD;NLD192301076;;RET;2000-04-01;2000-04-01;NLD192301076;WL-24;LEONARDO;NLWDE;Westdongeradeel;;N;N;N;N;N;N;;FX;TBB;MIS;;;;;19.05;0.00;0.00;26.38;0.00;94.00;0.00;2;1968-06-26;4J6;;;PA;1923-01-01
NLD;NLD192302727;;RET;2015-01-12;2015-01-12;NLD192302727;HA-7;ZILVERPUT;NLHAR;Harlingen;PI2767;Y;N;Y;N;N;N;;FX;DRH;DRB;;;;;33.07;0.00;90.00;0.00;0.00;208.00;51.36;2;2005-06-17;MFL;;;PA;1923-01-01
NLD;NLD192400410;;RET;1998-09-03;1998-09-03;NLD192400410;HA-37;STERN;NLHAR;Harlingen;;N;N;N;N;N;N;;FX;DRB;GNS;;;;;35.98;0.00;136.00;0.00;0.00;280.00;210.00;2;1988-09-19;4J7;;;PA;1924-01-01
NLD;NLD192400497;;MOD;2025-08-20;2100-12-31;NLD192400497;WL-28;JAN-HARMEN;NLWDE;Westdongeradeel;PE6847;Y;Y;Y;Y;N;Y;245885000;TU;TBB;MIS;;;;;21.48;0.00;34.00;0.00;0.00;221.00;0.00;2;1986-05-21;MFL;;;;1924-01-01
NLD;NLD192400512;;MOD;2016-01-19;2100-12-31;NLD192400512;WL-15;MONTE TJERK;NLWDE;Westdongeradeel;PJ4016;Y;Y;Y;Y;N;Y;245366000;MO;TBB;MIS;;;;;20.53;0.00;26.00;0.00;0.00;200.00;0.00;2;1971-09-16;MFL;;;;1924-01-01
NLD;NLD192400554;;RET;1991-12-11;1991-12-11;NLD192400554;ZZ-16;ANQUILLA;NLZIE;Zierikzee;;N;N;N;N;N;N;;FX;NK;MIS;;;;;28.22;0.00;58.00;0.00;0.00;129.00;0.00;2;1974-02-07;KUQ;;;AC;1924-01-01
NLD;NLD192400612;;DES;2005-11-12;2005-11-12;NLD192400612;GO-21;LAMMIE;NLGDR;Goedereede;;N;N;Y;N;N;N;;FX;TBB;MIS;;;;;20.30;0.00;34.00;0.00;0.00;124.00;0.00;2;1981-07-03;MFL;;;AC;1924-01-01
NLD;NLD192400621;;RET;1993-08-11;1993-08-11;NLD192400621;ZK-24;SOLTKAMP;NLZOT;Zoutkamp;;N;N;N;N;N;N;;FX;TBB;OTB;;;;;17.50;0.00;0.00;27.04;0.00;96.00;0.00;2;1981-06-29;Z18;;;PA;1924-01-01
NLD;NLD192400720;;MOD;2004-02-20;2100-12-31;NLD192400720;YE-14;PARAAT;NLYSK;Yerseke;PI5096;Y;Y;N;N;N;N;;FX;DRB;MIS;;;;;24.60;0.00;53.00;0.00;0.00;132.00;0.00;2;1978-04-19;AQU;;;;1924-01-01
NLD;NLD192400772;;DES;2013-03-28;2013-03-28;NLD192400772;BRU-7;PIETER;NLBSE;Bruinisse;;N;N;N;N;N;N;;WO;FPO;PS;;;;;19.42;0.00;29.00;0.00;0.00;51.00;0.00;2;1976-09-06;MFL;;;PA;1924-01-01
NLD;NLD192400820;;RET;2002-09-27;2002-09-27;NLD192400820;BRU-46;MYTILUS;NLBSE;Bruinisse;;N;N;N;N;N;N;;FX;DRB;MIS;;;;;26.61;0.00;72.00;0.00;0.00;180.00;0.00;2;1977-09-22;4JZ;;;PA;1924-01-01
NLD;NLD192400837;;MOD;2023-06-09;2100-12-31;NLD192400837;YE-91;ADRIAAN;NLYSK;Yerseke;PD3629;Y;Y;Y;Y;N;Y;244774000;DB;DRH;MIS;;;;;29.10;0.00;77.00;0.00;0.00;174.00;110.00;2;1981-05-15;MFL;;;;1924-01-01
NLD;NLD192400877;;EXP;1997-02-17;1997-02-17;NLD192400877;YE-147;CORNELIS;NLYSK;Yerseke;;N;N;N;N;N;N;;FX;DRB;MIS;;;;;22.87;0.00;0.00;35.00;0.00;132.00;185.00;2;1975-01-13;4JZ;IRL;EX;PA;1924-01-01
NLD;NLD192400878;;RET;2005-08-19;2005-08-19;NLD192400878;YE-85;JANNETJE;NLYSK;Yerseke;PD9991;Y;N;N;N;N;N;;FX;HMD;MIS;;;;;31.28;0.00;79.00;0.00;0.00;218.00;75.00;2;1978-06-29;MFL;;;PA;1924-01-01
NLD;NLD192500576;;RET;2011-03-22;2011-03-22;NLD192500576;ZK-7;DE JAN;NLZOT;Zoutkamp;PF4059;Y;N;Y;N;N;N;;FX;TBB;GNS;;;;;18.40;0.00;24.00;0.00;0.00;96.00;0.00;2;1978-02-02;MFL;;;PA;1925-01-01
NLD;NLD192500705;;RET;1994-06-28;1994-06-28;NLD192500705;YE-10;ADRIAAN;NLYSK;Yerseke;;N;N;N;N;N;N;;FX;DRB;MIS;;;;;29.13;0.00;0.00;77.02;0.00;180.00;0.00;2;1980-10-27;Z18;;;PA;1925-01-01
NLD;NLD192500813;;RET;2010-11-24;2010-11-24;NLD192500813;YE-68;TWEE GEBROEDERS;NLYSK;Yerseke;;N;N;N;N;N;N;;FX;DRB;HMD;;;;;23.94;0.00;45.00;0.00;0.00;134.00;0.00;2;1977-04-20;AQU;;;PA;1925-01-01
NLD;NLD192500852;;MOD;2003-01-01;2100-12-31;NLD192500852;YE-47;WILHELMINA;NLYSK;Yerseke;PE3330;Y;Y;N;N;N;N;;FX;DRB;FPO;;;;;26.53;0.00;68.00;0.00;0.00;349.00;0.00;4;1980-04-28;AQU;;;;1925-01-01
NLD;NLD192500979;;RET;2007-01-10;2007-01-10;NLD192500979;TH-28;PIETERNELLA ELIZABETH;NLTHO;Tholen;;N;N;N;N;N;N;;FX;GNS;MIS;;;;;19.08;0.00;28.00;0.00;0.00;113.00;53.00;2;1981-01-21;MFL;;;PA;1925-01-01
NLD;NLD192501026;;RET;2002-09-27;2002-09-27;NLD192501026;YE-10;AVONTUUR;NLYSK;Yerseke;;N;N;N;N;N;N;;FX;NK;MIS;;;;;16.65;0.00;0.00;20.78;0.00;110.00;0.00;2;1976-05-18;4J7;;;PA;1925-01-01
NLD;NLD192501035;;RET;1994-09-08;1994-09-08;NLD192501035;HA-51;VRIJHEID;NLHAR;Harlingen;;N;N;N;N;N;N;;FX;NK;MIS;;;;;16.75;0.00;0.00;13.76;0.00;76.00;0.00;2;1990-02-01;Z18;;;PA;1925-01-01
NLD;NLD192501308;;RET;1994-06-27;1994-06-27;NLD192501308;TX-58;PHILEAS FOGG;NLTEX;Texel;;N;N;N;N;N;N;;FX;GNS;LLS;;;;;12.87;0.00;0.00;20.31;0.00;155.00;0.00;1;1991-05-23;Z18;;;PA;1925-01-01
NLD;NLD192501478;;RET;1994-06-28;1994-06-28;NLD192501478;NZ-11;STELLA MARIS II;NLTNZ;Terneuzen;;N;N;N;N;N;N;;FX;TBB;MIS;;;;;15.08;0.00;0.00;26.96;0.00;120.00;0.00;2;1991-08-19;Z18;;;PA;1925-01-01
NLD;NLD192502728;;RET;2013-07-01;2013-07-01;NLD192502728;HA-22;KOKHAAN;NLHAR;Harlingen;PF9953;Y;N;Y;N;N;N;;FX;DRH;DRB;;;;;30.25;0.00;85.00;0.00;0.00;134.00;59.66;2;2005-06-17;MFL;;;PA;1925-01-01
NLD;NLD192600022;8570910;MOD;2005-01-01;2100-12-31;NLD192600022;YE-95;PRIMAR;NLYSK;Yerseke;PC5960;Y;Y;N;N;N;N;;FX;DRB;MIS;;;;;32.76;0.00;106.00;0.00;0.00;235.00;0.00;2;1979-03-20;AQU;;;;1926-01-01
NLD;NLD192600190;;RET;2001-04-01;2001-04-01;NLD192600190;HD-45;MARIE-ANNE;NLDHR;Den Helder;;N;N;N;N;N;N;;FX;NK;MIS;;;;;16.20;0.00;18.00;0.00;0.00;79.00;0.00;2;1974-08-29;4J7;;;PA;1926-01-01
NLD;NLD192600237;;RET;2006-03-02;2006-03-02;NLD192600237;ST-2;JELLE SJOERD;NLSTA;Stavoren;;N;N;Y;N;N;N;;FX;TBB;MIS;;;;;18.66;0.00;30.00;0.00;0.00;111.00;0.00;2;1980-05-19;MFL;;;PA;1926-01-01
NLD;NLD192600402;;RET;1992-04-14;1992-04-14;NLD192600402;HA-34;ADRIANA;NLHAR;Harlingen;;N;N;N;N;N;N;;FX;NK;MIS;;;;;26.55;0.00;0.00;74.21;0.00;177.00;0.00;2;1988-04-28;Z18;;;PA;1926-01-01
NLD;NLD192600453;;RET;1994-06-23;1994-06-23;NLD192600453;HA-55;HATSJEPSOET;NLHAR;Harlingen;;N;N;N;N;N;N;;FX;DRB;MIS;;;;;24.55;0.00;0.00;61.33;0.00;77.00;0.00;2;1988-07-05;Z18;;;PA;1926-01-01
NLD;NLD192600587;;MOD;2020-08-26;2100-12-31;NLD192600587;ZK-11;HOOP OP ZEGEN;NLZOT;Zoutkamp;;N;Y;Y;Y;N;Y;245328000;TU;TBB;MIS;;;;;20.58;0.00;28.00;0.00;0.00;134.00;0.00;2;1981-09-30;MFL;;;;1926-01-01
NLD;NLD192600848;;EXP;2001-03-30;2001-03-30;NLD192600848;KG-10;ANNIE;NLKOG;Kortgene;;N;N;N;N;N;N;;FX;DRB;MIS;;;;;25.57;0.00;59.00;0.00;0.00;172.00;0.00;2;1980-09-13;4J7;IRL;EX;PA;1926-01-01
NLD;NLD192601875;;RET;1995-06-08;1995-06-08;NLD192601875;HA-86;GREY DOLPHIN;NLHAR;Harlingen;;N;N;N;N;N;N;;FX;FPO;OTB;;;;;13.70;0.00;0.00;18.65;0.00;88.00;0.00;2;1994-09-09;Z18;;;PA;1926-01-01
NLD;NLD192700052;;RET;2002-02-18;2002-02-18;NLD192700052;BZ-9;ZEEWAD;NLBZM;Bergse Diepsluis/Bergen Op Zoom;;N;N;N;N;N;N;;FX;DRB;NK;;;;;28.82;0.00;54.00;0.00;0.00;127.00;0.00;2;1988-05-17;4JZ;;;PA;1927-01-01
NLD;NLD192700054;;RET;2006-12-01;2006-12-01;NLD192700054;BZ-11;QUO VADIS;NLBZM;Bergse Diepsluis/Bergen Op Zoom;PG2726;Y;N;N;N;N;N;;FX;DRB;MIS;;;;;33.30;0.00;101.00;0.00;0.00;282.00;0.00;2;1978-11-14;MFL;;;PA;1927-01-01
NLD;NLD192700086;;DES;1995-09-15;1995-09-15;NLD192700086;DZ-1;LAUWERSZEE;NLDZL;Delfzijl;;N;N;N;N;N;N;;FX;TBB;MIS;;;;;16.34;0.00;0.00;25.41;0.00;88.00;0.00;2;1977-12-20;Z18;;;PA;1927-01-01
NLD;NLD192700221;;MOD;2012-11-09;2100-12-31;NLD192700221;LO-5;EELTJE JAN;NLLAN;Lauwersoog;PF4044;Y;Y;Y;Y;N;Y;245201000;TU;TBB;MIS;;;;;18.76;0.00;22.00;0.00;0.00;125.00;0.00;2;1979-08-20;MFL;;;;1927-01-01
NLD;NLD192700272;;RET;1995-07-21;1995-07-21;NLD192700272;HA-6;JOHANNA AALTJE;NLHAR;Harlingen;;N;N;N;N;N;N;;FX;TBB;NK;;;;;19.55;0.00;0.00;36.08;0.00;116.00;25.00;2;1980-09-23;Z18;;;PA;1927-01-01
NLD;NLD192700279;;MOD;2022-04-21;2100-12-31;NLD192700279;HA-37;NJORD;NLHAR;Harlingen;PG4067;Y;Y;Y;Y;N;Y;245185000;DB;DRH;MIS;;;;;19.99;0.00;30.00;0.00;0.00;126.00;34.00;2;2021-06-08;MFL;;;;1927-01-01
NLD;NLD192700490;;MOD;2015-06-29;2100-12-31;NLD192700490;WL-2;ZEESTER;NLWDE;Westdongeradeel;PI4027;Y;Y;Y;Y;N;Y;246052000;TU;TBB;MIS;;;;;19.33;0.00;27.00;0.00;0.00;175.00;36.00;2;1975-03-12;MFL;;;;1927-01-01
NLD;NLD192700506;;MOD;2010-10-20;2100-12-31;NLD192700506;HA-11;INEKE;NLHAR;Harlingen;PE2669;Y;Y;Y;Y;N;Y;245287000;GO;GNS;FPO;;;;;20.00;0.00;26.00;0.00;0.00;112.00;20.00;2;1967-06-20;MFL;;;;1927-01-01
NLD;NLD192700863;;RET;1995-06-08;1995-06-08;NLD192700863;YE-81;VERTROUWEN;NLYSK;Yerseke;;N;N;N;N;N;N;;FX;DRB;MIS;;;;;34.95;0.00;133.00;0.00;0.00;169.00;0.00;2;1978-07-03;E17;;;PA;1927-01-01
NLD;NLD192700909;;EXP;2002-07-23;2002-07-23;NLD192700909;YE-61;KLIPPER;NLYSK;Yerseke;;N;N;N;N;N;N;;FX;DRB;NK;;;;;16.63;0.00;20.00;0.00;0.00;75.00;0.00;2;1954-10-18;4JZ;GBR;EX;PA;1927-01-01
NLD;NLD192700927;;RET;2002-12-30;2002-12-30;NLD192700927;YE-67;WILHELMINA;NLYSK;Yerseke;;N;N;N;N;N;N;;FX;NK;MIS;;;;;18.04;0.00;16.00;0.00;0.00;59.00;7.00;2;1985-03-06;4J4;;;PA;1927-01-01
NLD;NLD192701034;;RET;2006-12-01;2006-12-01;NLD192701034;BZ-4;ALIDA;NLBZM;Bergse Diepsluis/Bergen Op Zoom;PI8738;Y;N;N;N;N;N;;FX;HMD;MIS;;;;;38.14;0.00;111.00;0.00;0.00;101.00;0.00;2;1990-02-01;MFL;;;PA;1927-01-01
NLD;NLD192701357;;RET;1994-06-27;1994-06-27;NLD192701357;TX-75;DE VRIENDSCHAP;NLTEX;Texel;;N;N;N;N;N;N;;FX;LLS;SDN;;;;;23.04;0.00;0.00;24.72;0.00;88.00;7.00;2;1991-06-12;Z18;;;PA;1927-01-01
NLD;NLD192701872;;RET;1995-07-12;1995-07-12;NLD192701872;WR-163;SUSANNA;NLWRG;Wieringen/Den Oever;;N;N;N;N;N;N;;FX;FPO;GNS;;;;;18.15;0.00;0.00;35.96;0.00;59.00;7.00;2;1994-08-15;Z18;;;PA;1927-01-01
NLD;NLD192701945;;RET;1999-05-20;1999-05-20;NLD192701945;TH-40;WILLEMINA MARIA;NLTHO;Tholen;;N;N;N;N;N;N;;FX;DRB;GNS;;;;;33.74;0.00;149.00;0.00;0.00;221.00;103.00;2;1995-11-14;4J6;;;AC;1927-01-01
NLD;NLD192800260;;RET;2005-08-05;2005-08-05;NLD192800260;TX-22;LIDERINO;NLTEX;Texel;PH2572;Y;N;N;N;N;N;;FX;DRH;MIS;;;;;15.92;0.00;12.00;0.00;0.00;25.00;0.00;2;1981-09-08;MFL;;;PA;1928-01-01
NLD;NLD192800266;;MOD;2019-06-24;2100-12-31;NLD192800266;HA-4;TINA;NLHAR;Harlingen;PC5428;Y;Y;Y;Y;N;Y;244572000;TU;TBB;MIS;;;;;23.50;0.00;52.00;0.00;0.00;221.00;60.00;2;1976-01-23;MFL;;;;1928-01-01
NLD;NLD192800353;;MOD;2021-06-08;2100-12-31;NLD192800353;HA-9;WILLEM BLOEM;NLHAR;Harlingen;PE3247;Y;Y;Y;Y;N;Y;244263000;DB;DRH;PS;;;;;30.28;0.00;66.00;0.00;0.00;230.00;145.00;2;1980-03-31;MFL;;;;1928-01-01
NLD;NLD192800423;;MOD;2018-05-18;2100-12-31;NLD192800423;WR-72;PAULUS HENDRIK;NLWRG;Wieringen/Den Oever;PI8371;Y;Y;Y;Y;N;Y;244818000;FX;TBB;MIS;;;;;23.38;0.00;44.00;0.00;0.00;158.00;60.00;2;1974-02-07;MFL;;;;1928-01-01
NLD;NLD192800741;;RET;1994-06-28;1994-06-28;NLD192800741;WR-52;ELIZABETH;NLWRG;Wieringen/Den Oever;;N;N;N;N;N;N;;FX;NK;MIS;;;;;16.36;0.00;0.00;24.67;0.00;80.00;0.00;2;1987-03-03;Z18;;;PA;1928-01-01
NLD;NLD192800873;;RET;1994-06-28;1994-06-28;NLD192800873;YE-108;NOOIT VOLMAAKT;NLYSK;Yerseke;;N;N;N;N;N;N;;FX;DRB;MIS;;;;;31.20;0.00;0.00;40.00;0.00;77.00;0.00;2;1986-04-03;Z18;;;PA;1928-01-01
NLD;NLD192800964;;RET;1990-10-04;1990-10-04;NLD192800964;UK-263;LUBBETJE;NLURK;Urk;;N;N;N;N;N;N;;FX;NK;MIS;;;;;14.78;0.00;0.00;17.56;0.00;74.00;0.00;2;1975-12-11;OVG;;;PA;1928-01-01
NLD;NLD192801015;;EXP;1993-02-16;1993-02-16;NLD192801015;YE-153;DANKBAARHEID;NLYSK;Yerseke;;N;N;N;N;N;N;;FX;DRB;MIS;;;;;18.70;0.00;0.00;39.22;0.00;132.00;0.00;2;1980-03-19;Z18;IRL;EX;PA;1928-01-01
NLD;NLD192801914;;RET;2001-04-01;2001-04-01;NLD192801914;WR-310;JANINE SUZANNE;NLWRG;Wieringen/Den Oever;;N;N;N;N;N;N;;FX;GNS;OTB;;;;;18.85;0.00;29.00;0.00;0.00;88.00;0.00;2;1982-07-07;4J7;;;PA;1928-01-01
NLD;NLD192802117;;MOD;2016-02-19;2100-12-31;NLD192802117;WL-35;BRAKZAND;NLWDE;Westdongeradeel;PD9086;Y;Y;Y;Y;N;Y;245202000;MTG;OTM;MIS;;;;;27.65;0.00;90.00;0.00;0.00;221.00;50.00;2;1998-07-23;MFL;;;;1928-01-01
NLD;NLD192802664;;RET;2006-11-01;2006-11-01;NLD192802664;TX-18;M.S. RIVAL;NLTEX;Texel;PE8786;Y;N;N;N;N;N;;FX;FPO;MIS;;;;;28.00;0.00;81.00;0.00;0.00;124.00;37.00;2;2002-07-03;MFL;;;PA;1928-01-01
NLD;NLD192900157;;MOD;2021-11-18;2100-12-31;NLD192900157;TH-27;ZWERVER;NLTHO;Tholen;PC4414;Y;Y;Y;Y;N;Y;244770191;DB;DRH;MIS;;;;;26.80;0.00;57.00;0.00;0.00;120.00;15.00;2;1971-04-07;MFL;;;;1929-01-01
NLD;NLD192900183;;RET;1995-07-21;1995-07-21;NLD192900183;HA-29;ESPERANZA;NLHAR;Harlingen;;N;N;N;N;N;N;;FX;TBB;MIS;;;;;17.46;0.00;0.00;23.53;0.00;124.00;0.00;2;1972-04-21;Z18;;;PA;1929-01-01
NLD;NLD192900389;;MOD;2016-10-14;2100-12-31;NLD192900389;HA-31;INNOVATIE;NLHAR;Harlingen;PD4046;Y;Y;Y;Y;N;Y;245264000;TU;TBB;MIS;;;;;23.40;0.00;57.00;0.00;0.00;221.00;162.00;2;1988-06-02;MFL;;;;1929-01-01
NLD;NLD192900471;;RET;2000-12-06;2000-12-06;NLD192900471;WR-181;WOUTER;NLWRG;Wieringen/Den Oever;;N;N;N;N;N;N;;FX;TBB;MIS;;;;;18.79;0.00;29.00;0.00;0.00;143.00;0.00;2;1982-04-16;4J4;;;PA;1929-01-01
NLD;NLD192900748;;RET;2002-08-26;2002-08-26;NLD192900748;WON-5;GEESJE;NLMKM;Wonseradeel/Makkum;;N;N;N;N;N;N;;FX;NK;MIS;;;;;14.85;0.00;0.00;29.11;0.00;87.00;10.00;2;1989-06-18;4J7;;;PA;1929-01-01
NLD;NLD192901513;;RET;1994-06-24;1994-06-24;NLD192901513;HON-29;NAJADE;NLHTN;Hontenisse;;N;N;N;N;N;N;;FX;TBB;LLS;;;;;11.40;0.00;1.00;0.00;0.00;50.00;0.00;2;1991-09-19;Z18;;;PA;1929-01-01
NLD;NLD192901845;;MOD;2017-02-01;2100-12-31;NLD192901845;WR-117;JOMAR;NLWRG;Wieringen/Den Oever;PH4053;Y;Y;Y;Y;N;Y;244010315;TU;OTB;PTM;;;;;22.85;0.00;48.00;0.00;0.00;138.00;40.00;2;1994-01-11;MFL;;;;1929-01-01
NLD;NLD193000004;;RET;1994-06-23;1994-06-23;NLD193000004;BIW-5;BIW-5;NLBIW;Broek In Waterland;;N;N;N;N;N;N;;FX;NK;MIS;;;;;7.57;0.00;0.00;7.46;0.00;45.00;0.00;1;1964-09-15;Z18;;;PA;1930-01-01
NLD;NLD193000020;;DES;2012-06-08;2012-06-08;NLD193000020;UK-249;HOOP OP ZEGEN;NLURK;Urk;;N;N;Y;N;N;N;;FX;TBB;MIS;;;;;18.54;0.00;32.00;0.00;0.00;176.00;14.00;2;1975-11-07;MFL;;;PA;1930-01-01
NLD;NLD193000207;;RET;1994-06-24;1994-06-24;NLD193000207;HD-88;MI AMIGO;NLDHR;Den Helder;;N;N;N;N;N;N;;FX;FPO;MIS;;;;;28.92;0.00;0.00;52.00;0.00;90.00;0.00;2;1980-08-18;Z18;;;PA;1930-01-01
NLD;NLD193000228;;RET;2020-04-23;2020-04-23;NLD193000228;IJM-77;NOOIT VOLMAAKT;NLIJM;Ijmuiden/Velsen;PF4078;Y;N;Y;Y;N;Y;244790766;FX;FPO;MIS;;;;;23.24;0.00;39.00;0.00;0.00;95.00;0.00;2;2016-02-11;MFL;;;PA;1930-01-01
NLD;NLD193000638;;RET;1994-09-08;1994-09-08;NLD193000638;HA-86;LONG JOHN SILVER;NLHAR;Harlingen;;N;N;N;N;N;N;;FX;GNS;MIS;;;;;9.00;0.00;0.00;9.19;0.00;48.00;0.00;1;1989-09-25;Z18;;;PA;1930-01-01
NLD;NLD193000709;;RET;2002-09-27;2002-09-27;NLD193000709;YE-11;MIJN GEDACHT;NLYSK;Yerseke;;N;N;N;N;N;N;;FX;DRB;MIS;;;;;17.51;0.00;0.00;30.95;0.00;81.00;0.00;2;1961-01-10;4JZ;;;PA;1930-01-01
NLD;NLD193000760;;EXP;1991-04-11;1991-04-11;NLD193000760;YE-24;HET KAN NIET LANGER;NLYSK;Yerseke;;N;N;N;N;N;N;;FX;DRB;MIS;;;;;13.89;0.00;0.00;30.11;0.00;88.00;0.00;2;1971-03-19;OVG;CAN;EX;PA;1930-01-01
NLD;NLD193001108;;RET;1993-04-06;1993-04-06;NLD193001108;BZ-6;REPANAUTIC;NLBZM;Bergse Diepsluis/Bergen Op Zoom;;N;N;N;N;N;N;;FX;NK;MIS;;;;;33.64;0.00;0.00;97.31;0.00;121.00;10.00;2;1990-11-19;Z18;;;AC;1930-01-01
NLD;NLD193001585;;RET;1994-06-23;1994-06-23;NLD193001585;HA-45;AQUA LUDENS;NLHAR;Harlingen;;N;N;N;N;N;N;;FX;NK;MIS;;;;;20.00;0.00;0.00;31.57;0.00;82.00;3.00;2;1991-12-09;Z18;;;PA;1930-01-01
NLD;NLD193001614;;RET;2008-09-25;2008-09-25;NLD193001614;TX-18;ZWALUW;NLTEX;Texel;;N;N;N;N;Y;N;;FX;FPO;MIS;;;;;6.45;0.00;1.00;0.00;0.00;11.00;0.00;2;1992-02-17;MFL;;;PA;1930-01-01
NLD;NLD193001639;;RET;1994-06-28;1994-06-28;NLD193001639;OL-4;ALIDA;NLDDE;Oostdongeradeel;;N;N;N;N;N;N;;FX;NK;MIS;;;;;9.00;0.00;0.00;3.48;0.00;15.00;15.00;2;1992-05-21;Z18;;;PA;1930-01-01
NLD;NLD193001740;;RET;1994-09-09;1994-09-09;NLD193001740;HA-87;ORCA;NLHAR;Harlingen;;N;N;N;N;N;N;;FX;NK;MIS;;;;;6.50;0.00;0.00;2.41;0.00;7.00;0.00;1;1993-02-17;Z18;;;PA;1930-01-01
NLD;NLD193001816;;RET;1994-06-28;1994-06-28;NLD193001816;YE-150;CORNELIS LOUWRUS;NLYSK;Yerseke;;N;N;N;N;N;N;;FX;FPO;GNS;;;;;15.92;0.00;0.00;29.16;0.00;88.00;5.00;2;1993-08-16;Z18;;;PA;1930-01-01
NLD;NLD193002045;8571275;MOD;2009-03-27;2100-12-31;NLD193002045;HA-15;SHELLFISH;NLHAR;Harlingen;PF5233;Y;Y;Y;Y;N;Y;245873000;DB;DRH;MIS;;;;;33.05;0.00;122.00;0.00;0.00;132.00;52.00;;2008-07-20;MFL;;;;1930-01-01
NLD;NLD193100235;;RET;1994-06-28;1994-06-28;NLD193100235;KW-10;MARIS STELLA;NLKWK;Katwijk;;N;N;N;N;N;N;;FX;OTB;MIS;;;;;18.40;0.00;0.00;43.25;0.00;110.00;0.00;2;1985-08-20;Z18;;;PA;1931-01-01
NLD;NLD193100259;;RET;1992-02-28;1992-02-28;NLD193100259;NZ-1;SPERA IN DEO;NLTNZ;Terneuzen;;N;N;N;N;N;N;;FX;TBB;MIS;;;;;14.92;0.00;0.00;22.64;0.00;83.00;0.00;2;1967-04-20;Z18;;;AC;1931-01-01
NLD;NLD193100523;8571201;MOD;2005-01-01;2100-12-31;NLD193100523;YE-183;MYTILUS;NLYSK;Yerseke;PH4086;Y;Y;N;N;N;N;;FX;DRB;MIS;;;;;34.40;0.00;122.00;0.00;0.00;382.00;0.00;2;1979-01-17;AQU;;;;1931-01-01
NLD;NLD193100731;;RET;2016-12-21;2016-12-21;NLD193100731;YE-17;ELJA;NLYSK;Yerseke;;N;N;N;N;N;N;;FX;DRB;MIS;;;;;21.25;0.00;47.00;0.00;0.00;177.00;0.00;2;1981-11-20;AQU;;;PA;1931-01-01
NLD;NLD193100765;8571067;MOD;2016-12-28;2100-12-31;NLD193100765;YE-155;STORMVOGEL;NLYSK;Yerseke;PD4036;Y;Y;N;N;N;N;;FX;DRB;MIS;;;;;32.98;0.00;146.00;0.00;0.00;336.00;0.00;2;1973-03-01;AQU;;;;1931-01-01
NLD;NLD193100829;;RET;2008-05-09;2008-05-09;NLD193100829;TH-27;ADRIANA;NLTHO;Tholen;PD3227;Y;N;Y;N;N;N;;FX;OTM;GNS;;;;;28.99;0.00;75.00;0.00;0.00;221.00;0.00;2;1979-02-08;MFL;;;PA;1931-01-01
NLD;NLD193101023;;EXP;1997-06-10;1997-06-10;NLD193101023;YE-90;YE-90;NLYSK;Yerseke;;N;N;N;N;N;N;;FX;DRB;MIS;;;;;27.81;0.00;0.00;66.59;0.00;202.00;0.00;2;1979-08-02;4J7;IRL;EX;PA;1931-01-01
NLD;NLD193101594;;RET;1994-06-27;1994-06-27;NLD193101594;TX-76;BRAKESTEIN II;NLTEX;Texel;;N;N;N;N;N;N;;FX;TBB;MIS;;;;;19.76;0.00;0.00;45.17;0.00;144.00;48.00;2;1991-12-13;Z18;;;PA;1931-01-01
NLD;NLD193101866;;RET;1998-09-03;1998-09-03;NLD193101866;HA-66;PETRA;NLHAR;Harlingen;;N;N;N;N;N;N;;FX;GNS;LLS;;;;;31.54;0.00;0.00;85.67;0.00;221.00;0.00;2;1994-06-29;4J7;;;PA;1931-01-01
NLD;NLD193200171;;MOD;2014-03-12;2100-12-31;NLD193200171;HON-2;VIER GEZUSTERS;NLHTN;Hontenisse;;N;Y;N;N;N;N;;FX;DRB;MIS;;;;;17.67;0.00;37.00;0.00;0.00;150.00;0.00;2;1976-12-28;AQU;;;;1932-01-01
NLD;NLD193200358;;RET;1996-08-23;1996-08-23;NLD193200358;TS-6;ARYANNE;NLWTE;West-Terschelling;;N;N;N;N;N;N;;FX;TBB;OTB;;;;;20.44;0.00;36.00;0.00;0.00;155.00;0.00;2;1980-11-10;E12;;;PA;1932-01-01
NLD;NLD193200570;;RET;1993-04-07;1993-04-07;NLD193200570;ZK-3;GEJA;NLZOT;Zoutkamp;;N;N;N;N;N;N;;FX;TBB;MIS;;;;;20.70;0.00;0.00;33.27;0.00;121.00;0.00;2;1971-11-15;Z18;;;AC;1932-01-01
NLD;NLD193200626;;RET;1992-02-17;1992-02-17;NLD193200626;ZK-37;TWEE GEBROEDERS;NLZOT;Zoutkamp;;N;N;N;N;N;N;;FX;TBB;NK;;;;;13.50;0.00;0.00;18.17;0.00;71.00;0.00;2;1964-09-17;Z18;;;PA;1932-01-01
NLD;NLD193200985;;RET;1991-05-23;1991-05-23;NLD193200985;TH-41;VOLHARDING;NLTHO;Tholen;;N;N;N;N;N;N;;FX;PTB;MIS;;;;;18.22;0.00;0.00;35.69;0.00;151.00;0.00;2;1976-04-04;KDQ;;;PA;1932-01-01
NLD;NLD193301766;;RET;1994-09-08;1994-09-08;NLD193301766;UK-26;VRIJHEID;NLURK;Urk;;N;N;N;N;N;N;;FX;FPO;NK;;;;;11.22;0.00;0.00;1.30;0.00;63.00;0.00;2;1993-04-20;Z18;;;PA;1933-01-01
NLD;NLD193302070;;RET;2013-07-01;2013-07-01;NLD193302070;HA-37;CLASINA;NLHAR;Harlingen;PF7367;Y;N;Y;N;N;N;;FX;DRH;MIS;;;;;32.32;0.00;114.00;0.00;0.00;360.00;231.00;2;1997-08-13;MFL;;;PA;1933-01-01
NLD;NLD193302554;;RET;2006-12-01;2006-12-01;NLD193302554;BZ-29;DE STAALMEESTERS;NLBZM;Bergse Diepsluis/Bergen Op Zoom;PE9734;Y;N;N;N;N;N;;FX;GNS;MIS;;;;;30.02;0.00;70.00;0.00;0.00;202.00;0.00;2;1999-11-17;MFL;;;PA;1933-01-01
NLD;NLD193400058;;RET;1995-06-08;1995-06-08;NLD193400058;DM-1;DM-1;NLDIM;Diemen;;N;N;N;N;N;N;;FX;NK;MIS;;;;;10.45;0.00;0.00;14.53;0.00;37.00;0.00;2;1971-07-02;Z18;;;PA;1934-01-01
NLD;NLD193400200;;RET;2003-09-12;2003-09-12;NLD193400200;KL-46;DE VIJF GEZUSTERS;NLKLU;Klundert;;N;N;N;N;N;N;;FX;FPO;NK;;;;;15.72;0.00;51.00;0.00;0.00;162.00;0.00;2;1977-11-23;MFL;;;PA;1934-01-01
NLD;NLD193400219;;RET;1994-01-10;1994-01-10;NLD193400219;LO-4;RANA;NLLAN;Lauwersoog;;N;N;N;N;N;N;;FX;TBB;MIS;;;;;11.22;0.00;0.00;16.98;0.00;99.00;0.00;2;1972-03-20;Z18;;;PA;1934-01-01
NLD;NLD193400360;;RET;1994-06-23;1994-06-23;NLD193400360;HA-20;PETRONELLA;NLHAR;Harlingen;;N;N;N;N;N;N;;FX;DRB;MIS;;;;;24.63;0.00;0.00;15.29;0.00;85.00;0.00;2;1987-06-25;Z18;;;PA;1934-01-01
NLD;NLD193400533;;RET;2019-05-21;2019-05-21;NLD193400533;WON-4;IJFKE;NLMKM;Wonseradeel/Makkum;;N;N;N;N;N;N;;FX;TBB;LLS;;;;;13.26;0.00;11.00;0.00;0.00;131.00;115.00;2;1977-08-30;MFL;;;PA;1934-01-01
NLD;NLD193400698;;RET;1994-06-28;1994-06-28;NLD193400698;YE-8;GERMAINE;NLYSK;Yerseke;;N;N;N;N;N;N;;FX;DRB;MIS;;;;;26.05;0.00;0.00;56.13;0.00;110.00;0.00;2;1969-10-13;Z18;;;PA;1934-01-01
NLD;NLD193401580;;RET;1994-06-27;1994-06-27;NLD193401580;TS-8;AIKE VAN PIET;NLWTE;West-Terschelling;;N;N;N;N;N;N;;FX;DRB;FPO;;;;;14.94;0.00;0.00;27.47;0.00;90.00;0.00;1;1991-11-28;Z18;;;PA;1934-01-01
NLD;NLD193402018;;RET;2002-01-24;2002-01-24;NLD193402018;TH-38;KORNE;NLTHO;Tholen;;N;N;N;N;N;N;;FX;NK;MIS;;;;;39.10;0.00;189.00;0.00;0.00;21.00;0.00;2;1996-10-16;4J4;;;PA;1934-01-01
NLD;NLD193500540;;RET;1994-06-28;1994-06-28;NLD193500540;WON-10;JONGE LEEN;NLMKM;Wonseradeel/Makkum;;N;N;N;N;N;N;;FX;NK;MIS;;;;;7.00;0.00;0.00;3.25;0.00;26.00;0.00;2;1977-10-31;Z18;;;PA;1935-01-01
NLD;NLD193500703;;RET;2002-12-31;2002-12-31;NLD193500703;WR-43;SJIERKJE JOSE;NLWRG;Wieringen/Den Oever;;N;Y;N;N;N;N;;FX;TBB;NK;;;;;18.64;0.00;28.00;0.00;0.00;136.00;0.00;2;1958-07-22;4JZ;;;PA;1935-01-01
NLD;NLD193500925;;RET;1997-07-11;1997-07-11;NLD193500925;BRU-66;ROZANNE;NLBSE;Bruinisse;;N;N;N;N;N;N;;FX;DRB;MIS;;;;;24.68;0.00;0.00;63.25;0.00;113.00;0.00;2;1960-12-07;4J7;;;PA;1935-01-01
NLD;NLD193500997;8531172;MOD;2005-01-01;2100-12-31;NLD193500997;BRU-25;MARIA CORNELIA;NLBSE;Bruinisse;PF2790;Y;Y;N;N;N;N;;FX;DRB;MIS;;;;;35.26;0.00;183.00;0.00;0.00;672.00;268.00;2;1977-01-11;AQU;;;;1935-01-01
NLD;NLD193501732;;RET;1994-06-27;1994-06-27;NLD193501732;UQ-4;P.M.F.;NLNPZ;Usquert/Noordpolderzijl;;N;N;N;N;N;N;;FX;TBB;GND;;;;;19.75;0.00;33.00;0.00;0.00;66.00;20.00;2;1993-01-22;Z18;;;PA;1935-01-01
NLD;NLD193600123;;RET;2001-11-11;2001-11-11;NLD193600123;GO-49;BLUE VALLEY;NLGDR;Goedereede;;N;N;N;N;N;N;;FX;DRB;MIS;;;;;23.73;0.00;0.00;59.48;0.00;140.00;0.00;2;1979-11-28;4J7;;;PA;1936-01-01
NLD;NLD193600167;;RET;1991-03-26;1991-03-26;NLD193600167;HN-1;HN-1;NLHRN;Hoorn;;N;N;N;N;N;N;;FX;GNS;LLS;;;;;9.00;0.00;0.00;10.00;0.00;15.00;0.00;2;1958-04-16;OVG;;;PA;1936-01-01
NLD;NLD193600438;;RET;1999-09-30;1999-09-30;NLD193600438;TX-40;'T SUUDGAT;NLTEX;Texel;;N;N;N;N;N;N;;FX;TBB;FPO;;;;;14.87;0.00;10.00;0.00;0.00;110.00;0.00;2;1984-03-23;4J7;;;PA;1936-01-01
NLD;NLD193600690;;MOD;2021-02-24;2100-12-31;NLD193600690;YE-40;MAATJE CORNELIA;NLYSK;Yerseke;ONB7;Y;Y;N;N;N;N;;DB;DRB;MIS;;;;;29.98;0.00;77.00;0.00;0.00;176.00;142.00;2;1980-12-04;AQU;;;;1936-01-01
NLD;NLD193600759;;RET;1993-01-29;1993-01-29;NLD193600759;WR-309;ANNA;NLWRG;Wieringen/Den Oever;;N;N;N;N;N;N;;FX;OTB;MIS;;;;;15.70;0.00;0.00;23.57;0.00;110.00;0.00;2;1982-12-30;Z18;;;AC;1936-01-01
NLD;NLD193600921;;RET;1990-07-17;1990-07-17;NLD193600921;TH-16;PIETERNELLA JOHANNA IV;NLTHO;Tholen;;N;N;N;N;N;N;;FX;TBB;MIS;;;;;23.00;0.00;0.00;75.00;0.00;151.00;0.00;2;1978-07-19;KUQ;;;AC;1936-01-01
NLD;NLD193601046;;RET;1990-05-21;1990-05-21;NLD193601046;HA-43;LIBRA;NLHAR;Harlingen;;N;N;N;N;N;N;;FX;NK;MIS;;;;;42.00;0.00;0.00;116.67;0.00;124.00;0.00;2;1990-03-19;OVG;;;PA;1936-01-01
NLD;NLD193602086;;RET;1998-12-10;1998-12-10;NLD193602086;VD-8;CATHARINA;NLVOD;Volendam;;N;N;N;N;N;N;;FX;OTB;NK;;;;;11.00;0.00;14.00;0.00;0.00;45.00;0.00;2;1997-12-03;4J7;;;PA;1936-01-01
NLD;NLD193700151;;RET;1997-07-11;1997-07-11;NLD193700151;HD-15;JOLANDA;NLDHR;Den Helder;;N;N;N;N;N;N;;FX;NK;MIS;;;;;16.00;0.00;15.00;0.00;0.00;116.00;0.00;2;1981-09-21;4J7;;;PA;1937-01-01
NLD;NLD193700483;;RET;1991-08-14;1991-08-14;NLD193700483;VD-4;ALIDA;NLVOD;Volendam;;N;N;N;N;N;N;;FX;GNS;NK;;;;;10.45;0.00;0.00;14.50;0.00;84.00;0.00;2;1969-09-08;VYV;;;PA;1937-01-01
NLD;NLD193700571;;RET;2002-12-31;2002-12-31;NLD193700571;WON-37;HOOP OP ZEGEN;NLMKM;Wonseradeel/Makkum;;N;N;N;N;N;N;;FX;FPO;GNS;;;;;15.98;0.00;15.00;0.00;0.00;124.00;0.00;2;1975-12-02;4JZ;;;PA;1937-01-01
NLD;NLD193700588;;RET;2005-11-02;2005-11-02;NLD193700588;WON-62;NOORDSTER;NLMKM;Wonseradeel/Makkum;;N;N;N;N;N;N;;FX;FPO;MIS;;;;;14.25;0.00;17.00;0.00;0.00;56.00;0.00;2;1974-08-30;MFL;;;PA;1937-01-01
NLD;NLD193700709;;RET;2004-09-17;2004-09-17;NLD193700709;VD-195;MARIA;NLVOD;Volendam;;N;N;N;N;Y;N;;FX;FPO;MIS;;;;;10.60;0.00;7.00;0.00;0.00;60.00;0.00;2;1966-05-10;MFL;;;PA;1937-01-01
NLD;NLD193700858;8985103;MOD;2020-08-04;2100-12-31;NLD193700858;BRU-2;SCHELDESTROOM;NLBSE;Bruinisse;PBJO;Y;Y;N;N;N;N;;FX;DRB;MIS;;;;;35.00;0.00;148.00;0.00;0.00;403.00;150.00;2;1981-07-07;AQU;;;;1937-01-01
NLD;NLD193800309;;RET;2020-05-12;2020-05-12;NLD193800309;SL-22;NOOITGEDACHT;NLSTD;Stellendam;;N;N;Y;Y;N;Y;244260000;WO;FPO;MIS;;;;;17.23;0.00;29.00;0.00;0.00;125.00;0.00;2;1980-08-01;MFL;;;PA;1938-01-01
NLD;NLD193800409;;RET;1990-05-21;1990-05-21;NLD193800409;IJM-12;ELIZABETH;NLIJM;Ijmuiden/Velsen;;N;N;N;N;N;N;;FX;TBB;OTB;;;;;9.00;0.00;0.00;8.00;0.00;23.00;0.00;2;1974-04-08;OVG;;;PA;1938-01-01
NLD;NLD193800466;;DES;2005-11-26;2005-11-26;NLD193800466;TH-22;WUTA;NLTHO;Tholen;;N;N;Y;N;N;N;;FX;OTB;TBB;;;;;20.22;0.00;36.00;0.00;0.00;217.00;0.10;2;1981-12-10;MFL;;;AC;1938-01-01
NLD;NLD193800544;;RET;1994-06-27;1994-06-27;NLD193800544;VD-23;JAN;NLVOD;Volendam;;N;N;N;N;N;N;;FX;GNS;NK;;;;;10.45;0.00;0.00;16.19;0.00;79.00;0.00;2;1972-01-05;Z18;;;PA;1938-01-01
NLD;NLD193800700;;RET;1989-12-01;1989-12-01;NLD193800700;YE-9;ANDRE;NLYSK;Yerseke;;N;N;N;N;N;N;;FX;NK;MIS;;;;;10.27;0.00;0.00;10.00;0.00;113.00;0.00;2;1969-01-20;OVG;;;PA;1938-01-01
NLD;NLD193800710;;RET;1994-03-24;1994-03-24;NLD193800710;WR-44;JANNY;NLWRG;Wieringen/Den Oever;PFAH;Y;N;N;N;N;N;;FX;TBB;MIS;;;;;24.00;0.00;0.00;68.35;0.00;221.00;0.00;2;1978-07-19;Z18;;;AC;1938-01-01
NLD;NLD193800753;;RET;1994-06-16;1994-06-16;NLD193800753;YE-22;ANNET;NLYSK;Yerseke;;N;N;N;N;N;N;;FX;FPO;MIS;;;;;7.00;0.00;0.00;1.00;0.00;6.00;0.00;2;1969-02-20;Z18;;;PA;1938-01-01
NLD;NLD193800795;;MOD;2003-01-01;2100-12-31;NLD193800795;YE-148;NOOIT GEDACHT;NLYSK;Yerseke;PG4089;Y;Y;N;N;N;N;;FX;DRB;MIS;;;;;24.34;0.00;53.00;0.00;0.00;405.00;0.00;2;1980-04-28;AQU;;;;1938-01-01
NLD;NLD193800853;;EXP;1999-03-11;1999-03-11;NLD193800853;YE-95;PRIMAR;NLYSK;Yerseke;;N;N;N;N;N;N;;FX;DRB;MIS;;;;;26.05;0.00;0.00;42.00;0.00;147.00;0.00;2;1973-07-07;4JZ;IRL;EX;PA;1938-01-01
NLD;NLD193801148;;RET;1995-06-08;1995-06-08;NLD193801148;LO-24;OOSTEREEMS;NLLAN;Lauwersoog;;N;N;N;N;N;N;;FX;TBB;MIS;;;;;13.81;0.00;0.00;12.31;0.00;92.00;0.00;1;1991-01-23;Z18;;;PA;1938-01-01
NLD;NLD193801174;;RET;2017-03-03;2017-03-03;NLD193801174;TM-9;WIDEJO;NLTMZ;Termunterzijl;PH7550;Y;N;Y;N;N;N;;FX;GNS;FPO;;;;;23.77;0.00;54.00;0.00;0.00;199.00;40.00;2;1991-02-11;MFL;;;PA;1938-01-01
NLD;NLD193802667;;RET;2004-09-17;2004-09-17;NLD193802667;HA-71;JONGE HOYTE;NLHAR;Harlingen;;N;N;N;N;Y;N;;FX;GNS;MIS;;;;;11.80;0.00;10.00;0.00;0.00;22.00;0.00;2;1938-11-08;MFL;;;PA;1938-01-01
NLD;NLD193900476;;RET;1997-03-26;1997-03-26;NLD193900476;IJM-70;PISCATOR;NLIJM;Ijmuiden/Velsen;;N;N;N;N;N;N;;FX;GNS;SSC;;;;;37.08;0.00;158.00;0.00;0.00;221.00;40.00;2;1988-11-24;4J7;;;AC;1939-01-01
NLD;NLD193900478;;RET;1998-09-03;1998-09-03;NLD193900478;HA-19;HA-19;NLHAR;Harlingen;;N;N;N;N;N;N;;FX;GNS;NK;;;;;9.50;0.00;0.00;8.00;0.00;37.00;0.00;2;1985-03-19;4J7;;;PA;1939-01-01
NLD;NLD193901665;;RET;1994-06-27;1994-06-27;NLD193901665;TM-34;VRIJBUITER;NLTMZ;Termunterzijl;;N;N;N;N;N;N;;FX;TBB;NK;;;;;7.75;0.00;0.00;3.50;0.00;32.00;0.00;1;1992-06-25;Z18;;;PA;1939-01-01
NLD;NLD194001345;;RET;1994-06-28;1994-06-28;NLD194001345;NZ-7;ALTIJD WAT;NLTNZ;Terneuzen;;N;N;N;N;N;N;;FX;TBB;MIS;;;;;9.69;0.00;0.00;18.80;0.00;70.00;0.00;2;1991-06-10;Z18;;;PA;1940-01-01
NLD;NLD194001377;;RET;1994-06-27;1994-06-27;NLD194001377;VLI-31;ODIN;NLVLI;Vlissingen;;N;N;N;N;N;N;;FX;TBB;MIS;;;;;17.80;0.00;0.00;78.05;0.00;126.00;0.00;2;1991-06-13;Z18;;;PA;1940-01-01
NLD;NLD194100102;;RET;2018-04-25;2018-04-25;NLD194100102;FL-12;DOLLARD;NLFIN;Finterwolde;;N;N;N;N;Y;N;;FX;TBB;FPO;;;;;4.90;0.00;1.00;0.00;0.00;6.00;0.00;1;1947-08-08;MFL;;;PA;1941-01-01
NLD;NLD194100637;;RET;1994-06-28;1994-06-28;NLD194100637;WR-26;JANNIE;NLWRG;Wieringen/Den Oever;;N;N;N;N;N;N;;FX;NK;MIS;;;;;11.68;0.00;0.00;11.47;0.00;53.00;0.00;2;1970-11-04;Z18;;;PA;1941-01-01
NLD;NLD194100670;;EXP;1993-10-12;1993-10-12;NLD194100670;YE-1;JANNA MARIA;NLYSK;Yerseke;;N;N;N;N;N;N;;FX;DRB;MIS;;;;;33.98;0.00;0.00;188.06;0.00;550.00;0.00;2;1968-06-20;Z18;IRL;EX;PA;1941-01-01
NLD;NLD194200046;;RET;1989-12-01;1989-12-01;NLD194200046;BZ-4;BZ-4;NLBZM;Bergse Diepsluis/Bergen Op Zoom;;N;N;N;N;N;N;;FX;NK;MIS;;;;;7.00;0.00;0.00;3.46;0.00;15.00;0.00;2;1979-03-12;OVG;;;PA;1942-01-01
NLD;NLD194272009;;MOD;2019-01-18;2100-12-31;NLD194272009;BRU-20;SCHELDE;NLBSE;Bruinisse;PH4066;Y;Y;N;N;N;Y;244031376;DB;DRB;FPO;;;;;22.61;0.00;58.00;0.00;0.00;224.00;39.70;2;2018-11-23;AQU;;;;1942-01-01
NLD;NLD194302090;;RET;1999-08-05;1999-08-05;NLD194302090;IJM-23;MEEUW II;NLIJM;Ijmuiden/Velsen;;N;N;N;N;N;N;;FX;FPO;NK;;;;;20.64;0.00;39.00;0.00;0.00;20.00;0.00;2;1998-03-03;4J7;;;PA;1943-01-01
NLD;NLD194302431;;RET;2001-04-01;2001-04-01;NLD194302431;IJM-23;OOSTERSCHELDE;NLIJM;Ijmuiden/Velsen;;N;N;N;N;N;N;;FX;FPO;GNS;;;;;17.40;0.00;0.00;36.00;0.00;1.00;0.00;2;1999-08-03;4J7;;;PA;1943-01-01
NLD;NLD194400527;;DES;2005-11-06;2005-11-06;NLD194400527;UQ-2;NOOITGEDACHT;NLNPZ;Usquert/Noordpolderzijl;PGID;Y;N;Y;N;N;N;;FX;TBB;MIS;;;;;23.95;0.00;78.00;0.00;0.00;220.00;0.00;2;1981-02-09;MFL;;;AC;1944-01-01
NLD;NLD194401039;;MOD;2020-10-30;2100-12-31;NLD194401039;WR-211;DE TWEE GEBROEDERS;NLWRG;Wieringen/Den Oever;;N;Y;N;N;Y;N;;GO;GNS;FPO;;;;;7.22;0.00;1.00;0.00;0.00;10.00;0.00;2;1990-02-01;MFL;;;;1944-01-01
NLD;NLD194401879;;RET;2014-01-01;2014-01-01;NLD194401879;GO-77;MARIA;NLGDR;Goedereede;;N;N;N;N;Y;N;;FX;TBB;PTB;;;;;9.05;0.00;4.00;0.00;0.00;8.00;0.00;2;1994-10-20;MFL;;;PA;1944-01-01
NLD;NLD194500838;;RET;1994-06-28;1994-06-28;NLD194500838;YE-43;MOSSEL;NLYSK;Yerseke;;N;N;N;N;N;N;;FX;DRB;MIS;;;;;7.40;0.00;0.00;2.00;0.00;5.00;0.00;2;1973-09-24;Z18;;;PA;1945-01-01
NLD;NLD194500918;8431463;MOD;2018-02-20;2100-12-31;NLD194500918;WR-14;JOOST;NLWRG;Wieringen/Den Oever;PDGH;Y;Y;Y;Y;N;Y;245253000;MO;OTB;TBB;;;;;21.41;0.00;48.00;0.00;0.00;221.00;0.00;2;1981-07-15;MFL;;;;1945-01-01
NLD;NLD194600518;8431413;RET;2022-03-17;2022-03-17;NLD194600518;ZK-37;Aldert van Thijs;NLZOT;Zoutkamp;PCRZ;Y;N;Y;Y;N;Y;244529000;FX;TBB;MIS;;;;;20.34;0.00;43.00;0.00;0.00;221.00;0.00;2;1980-10-28;MFL;;;PA;1946-01-01
NLD;NLD194600628;;RET;1991-08-15;1991-08-15;NLD194600628;VD-65;STELLA MARIS;NLVOD;Volendam;;N;N;N;N;N;N;;FX;LLS;NK;;;;;11.25;0.00;0.00;16.83;0.00;79.00;0.00;2;1978-02-15;VYV;;;PA;1946-01-01
NLD;NLD194601151;;RET;1998-09-03;1998-09-03;NLD194601151;SCH-26;NOORDZEE;NLSCE;Scheveningen;;N;N;N;N;N;N;;FX;OTB;MIS;;;;;10.28;0.00;0.00;6.76;0.00;44.00;0.00;2;1991-01-24;4J7;;;PA;1946-01-01
NLD;NLD194601278;;RET;1994-06-24;1994-06-24;NLD194601278;HD-39;SPRINGBOK;NLDHR;Den Helder;;N;N;N;N;N;N;;FX;TBB;LLS;;;;;7.80;0.00;0.00;4.65;0.00;20.00;0.00;1;1991-05-17;Z18;;;PA;1946-01-01
NLD;NLD194601936;;RET;1997-07-11;1997-07-11;NLD194601936;IJM-358;TESSA;NLIJM;Ijmuiden/Velsen;;N;N;N;N;N;N;;FX;GNS;MIS;;;;;8.00;0.00;0.00;8.36;0.00;10.00;0.00;2;1995-08-15;4J7;;;PA;1946-01-01
NLD;NLD194700254;;RET;1994-06-28;1994-06-28;NLD194700254;OH-4;OH-4;NLOHZ;Zeevang Oosthuizen;;N;N;N;N;N;N;;FX;GNS;LLS;;;;;9.70;0.00;0.00;8.32;0.00;23.00;0.00;2;1957-03-04;Z18;;;PA;1947-01-01
NLD;NLD194700377;;EXP;1995-03-31;1995-03-31;NLD194700377;HA-27;WADDENZEE;NLHAR;Harlingen;;N;N;N;N;N;N;;FX;DRB;MIS;;;;;27.90;0.00;0.00;85.28;0.00;346.00;0.00;2;1978-12-12;Z18;IRL;EX;PA;1947-01-01
NLD;NLD194700424;;MOD;2012-11-09;2100-12-31;NLD194700424;HA-40;SIMONA;NLHAR;Harlingen;PG4061;Y;Y;Y;Y;N;Y;244630064;TU;TBB;MIS;;;;;21.90;0.00;35.00;0.00;0.00;184.00;90.00;2;1988-07-13;MFL;;;;1947-01-01
NLD;NLD194700582;;RET;2000-08-30;2000-08-30;NLD194700582;HD-68;MARIAN;NLDHR;Den Helder;PIFI;Y;N;N;N;N;N;;FX;TBB;MIS;;;;;17.32;0.00;23.00;0.00;0.00;112.00;0.00;2;1963-10-28;4J6;;;PA;1947-01-01
NLD;NLD194700585;;RET;1995-06-08;1995-06-08;NLD194700585;LO-2;AURORA;NLLAN;Lauwersoog;;N;N;N;N;N;N;;FX;TBB;MIS;;;;;13.30;0.00;0.00;23.18;0.00;103.00;0.00;2;1964-07-17;Z18;;;PA;1947-01-01
NLD;NLD194700604;;EXP;1997-08-05;1997-08-05;NLD194700604;IJM-42;AVONTUUR;NLIJM;Ijmuiden/Velsen;PFFC;Y;N;N;N;N;N;;FX;TBB;OTB;;;;;16.65;0.00;20.00;0.00;0.00;113.00;0.00;2;1980-09-23;4J6;PRT;EX;PA;1947-01-01
NLD;NLD194700660;;MOD;2018-05-04;2100-12-31;NLD194700660;HD-180;AME-KOK;NLDHR;Den Helder;;N;Y;Y;Y;N;Y;245095000;MO;OTM;FPO;;;;;16.59;0.00;20.00;0.00;0.00;66.00;0.00;2;1977-04-19;MFL;;;;1947-01-01
NLD;NLD194700666;;RET;1993-12-22;1993-12-22;NLD194700666;WSW-5;JAN VAN GENT;NLWSW;Westenschouwen;;N;N;N;N;N;N;;FX;DRB;OTB;;;;;15.80;0.00;0.00;23.38;0.00;44.00;0.00;2;1981-10-28;Z18;;;PA;1947-01-01
NLD;NLD194700668;;RET;1994-06-28;1994-06-28;NLD194700668;WR-33;SIMON FRANSISCA;NLWRG;Wieringen/Den Oever;;N;N;N;N;N;N;;FX;NK;MIS;;;;;12.00;0.00;0.00;19.75;0.00;55.00;0.00;2;1970-04-09;Z18;;;PA;1947-01-01
NLD;NLD194700721;;RET;2002-12-31;2002-12-31;NLD194700721;UK-55;PAULUS;NLURK;Urk;;N;Y;N;N;N;N;;FX;NK;MIS;;;;;12.12;0.00;10.00;0.00;0.00;97.00;0.00;2;1978-12-14;4JZ;;;PA;1947-01-01
NLD;NLD194700926;;RET;2021-02-22;2021-02-22;NLD194700926;YE-36;LAUWERS;NLYSK;Yerseke;;N;N;N;N;N;N;;FX;FPO;MIS;;;;;16.83;0.00;19.00;0.00;0.00;134.00;0.00;2;1977-03-31;AQU;;;PA;1947-01-01
NLD;NLD194701201;;RET;1994-09-08;1994-09-08;NLD194701201;WR-66;SARA MAGDALENA;NLWRG;Wieringen/Den Oever;;N;N;N;N;N;N;;FX;FPO;MIS;;;;;8.75;0.00;0.00;8.80;0.00;69.00;0.00;2;1991-03-13;Z18;;;PA;1947-01-01
NLD;NLD194701202;;RET;1994-06-27;1994-06-27;NLD194701202;SCH-100;ELIZABETH;NLSCE;Scheveningen;;N;N;N;N;N;N;;FX;OTB;MIS;;;;;14.25;0.00;17.00;0.00;0.00;114.00;10.00;2;1991-03-19;Z18;;;PA;1947-01-01
NLD;NLD194701607;;RET;1994-09-08;1994-09-08;NLD194701607;UK-31;D'OTTER;NLURK;Urk;;N;N;N;N;N;N;;FX;LLS;NK;;;;;13.85;0.00;0.00;17.06;0.00;140.00;0.00;2;1992-01-21;Z18;;;PA;1947-01-01
NLD;NLD194701656;;RET;1994-04-28;1994-04-28;NLD194701656;UK-185;JANNE MARIE;NLURK;Urk;;N;N;N;N;N;N;;FX;FPO;GNS;;;;;8.50;0.00;0.00;3.91;0.00;15.00;0.00;2;1992-06-23;E17;;;PA;1947-01-01
NLD;NLD194800021;;RET;1999-06-06;1999-06-06;NLD194800021;ZK-24;SOLTCAMP;NLZOT;Zoutkamp;;N;N;N;N;N;N;;FX;TBB;MIS;;;;;15.10;0.00;19.00;0.00;0.00;198.00;0.00;2;1980-12-04;4J7;;;PA;1948-01-01
NLD;NLD194800122;;RET;1994-06-23;1994-06-23;NLD194800122;EH-18;TRIJNTJE;NLENK;Enkhuizen;;N;N;N;N;N;N;;FX;GNS;LLS;;;;;13.75;0.00;0.00;23.49;0.00;75.00;0.00;2;1970-03-23;Z18;;;PA;1948-01-01
NLD;NLD194800132;;RET;1997-10-27;1997-10-27;NLD194800132;GM-18;JENNY;NLGNM;Genemuiden;;N;N;N;N;N;N;;FX;NK;MIS;;;;;16.30;0.00;0.00;23.23;0.00;113.00;0.00;2;1977-07-29;4JZ;;;PA;1948-01-01
NLD;NLD194800204;;RET;2002-12-31;2002-12-31;NLD194800204;LE-21;HILTSJE;NLLEM;Lemsterland;;N;Y;N;N;N;N;;FX;FPO;MIS;;;;;14.52;0.00;18.00;0.00;0.00;108.00;0.00;2;1965-01-26;4JZ;;;PA;1948-01-01
NLD;NLD194800291;;RET;2000-11-23;2000-11-23;NLD194800291;GO-70;ALBATROS;NLGDR;Goedereede;;N;N;N;N;N;N;;FX;GNS;MIS;;;;;12.56;0.00;17.00;0.00;0.00;77.00;0.00;2;1989-01-31;4J4;;;PA;1948-01-01
NLD;NLD194800306;;EXP;2001-02-02;2001-02-02;NLD194800306;ZK-34;EEMS;NLZOT;Zoutkamp;PDVR;Y;N;N;N;N;N;;FX;TBB;MIS;;;;;15.46;0.00;18.00;0.00;0.00;134.00;0.00;2;1981-09-17;4J6;DEU;;PA;1948-01-01
NLD;NLD194800329;;RET;1991-10-21;1991-10-21;NLD194800329;SCH-7;ADRIANA;NLSCE;Scheveningen;;N;N;N;N;N;N;;FX;OTB;MIS;;;;;14.00;0.00;0.00;14.21;0.00;52.00;0.00;2;1985-03-28;OVG;;;PA;1948-01-01
NLD;NLD194800351;;EXP;2022-04-08;2022-04-08;NLD194800351;WK-10;JOHANNA;NLWKU;Workum;PF4088;Y;N;Y;Y;N;Y;245416000;TU;TBB;OTB;;;;;17.66;0.00;24.00;0.00;0.00;134.00;0.00;2;1966-01-13;MFL;GMB;EX;PA;1948-01-01
NLD;NLD194800419;;RET;2011-01-01;2011-01-01;NLD194800419;HA-42;NEELTJE DIRK;NLHAR;Harlingen;;N;N;N;N;N;N;;FX;GNS;MIS;;;;;15.58;0.00;15.00;0.00;0.00;81.00;0.00;2;1977-09-01;MFL;;;PA;1948-01-01
NLD;NLD194800421;;RET;1994-04-07;1994-04-07;NLD194800421;HA-71;BART;NLHAR;Harlingen;;N;N;N;N;N;N;;FX;OTB;MIS;;;;;14.00;0.00;0.00;17.66;0.00;118.00;0.00;2;1979-08-01;Z18;;;PA;1948-01-01
NLD;NLD194800500;;RET;2002-09-27;2002-09-27;NLD194800500;VD-7;JANNETJE;NLVOD;Volendam;;N;N;N;N;N;N;;FX;GNS;MIS;;;;;14.99;0.00;12.00;0.00;0.00;75.00;0.00;2;1980-05-21;4JZ;;;PA;1948-01-01
NLD;NLD194800561;;RET;2001-01-05;2001-01-05;NLD194800561;WR-5;DE GEBROEDERS;NLWRG;Wieringen/Den Oever;;N;N;N;N;N;N;;FX;GNS;NK;;;;;16.04;0.00;0.00;16.97;0.00;75.00;0.00;2;1981-10-13;4JZ;;;PA;1948-01-01
NLD;NLD194800568;8592841;MOD;2024-07-23;2100-12-31;NLD194800568;WR-225;SEMPER CRESCENDO;NLWRG;Wieringen/Den Oever;;N;Y;Y;Y;N;Y;244615536;TU;OTM;LHM;;;;;14.98;0.00;18.00;0.00;0.00;97.00;15.00;2;1974-08-30;MFL;;;;1948-01-01
NLD;NLD194800586;;RET;2001-04-01;2001-04-01;NLD194800586;WON-55;GONNY;NLMKM;Wonseradeel/Makkum;;N;N;N;N;N;N;;FX;NK;MIS;;;;;14.99;0.00;16.00;0.00;0.00;137.00;0.00;2;1976-11-30;4JZ;;;PA;1948-01-01
NLD;NLD194800625;;RET;2014-05-12;2014-05-12;NLD194800625;ZK-4;STELLA MARIS;NLZOT;Zoutkamp;;N;N;Y;N;N;N;;FX;SDN;OTM;;;;;16.76;0.00;19.00;0.00;0.00;90.00;6.00;2;1966-05-04;MFL;;;PA;1948-01-01
NLD;NLD194800657;;RET;2002-12-31;2002-12-31;NLD194800657;VD-104;IJSSELMEER;NLVOD;Volendam;;N;Y;N;N;N;N;;FX;GNS;MIS;;;;;14.80;0.00;18.00;0.00;0.00;121.00;0.00;2;1978-03-06;4JZ;;;PA;1948-01-01
NLD;NLD194800658;;RET;2002-12-31;2002-12-31;NLD194800658;UK-261;WYBRIGJE;NLURK;Urk;;N;Y;N;N;N;N;;FX;GNS;LLS;;;;;12.38;0.00;14.00;0.00;0.00;168.00;0.00;2;1971-12-16;4JZ;;;PA;1948-01-01
NLD;NLD194800662;;RET;1993-11-29;1993-11-29;NLD194800662;VD-123;JONGE JAN;NLVOD;Volendam;;N;N;N;N;N;N;;FX;GNS;MIS;;;;;13.00;0.00;0.00;16.15;0.00;118.00;0.00;2;1984-02-17;Z18;;;PA;1948-01-01
NLD;NLD194800944;;RET;1997-07-11;1997-07-11;NLD194800944;TH-22;LEVINA;NLTHO;Tholen;;N;N;N;N;N;N;;FX;FPO;NK;;;;;15.05;0.00;0.00;12.96;0.00;118.00;0.00;2;1969-10-26;4J7;;;PA;1948-01-01
NLD;NLD194801632;;RET;1992-11-16;1992-11-16;NLD194801632;HA-71;MARIA;NLHAR;Harlingen;;N;N;N;N;N;N;;FX;TBB;OTB;;;;;12.00;0.00;0.00;17.00;0.00;100.00;5.00;2;1992-04-09;Z18;;;PA;1948-01-01
NLD;NLD194801692;;RET;2002-07-23;2002-07-23;NLD194801692;ZZ-16;DE VROUWE JOHANNA;NLZIE;Zierikzee;;N;N;N;N;N;N;;FX;DRB;TBB;;;;;12.87;0.00;9.00;0.00;0.00;66.00;0.00;2;1992-08-27;4J7;;;PA;1948-01-01
NLD;NLD194801832;;RET;1994-06-27;1994-06-27;NLD194801832;TS-4;TALISMAN;NLWTE;West-Terschelling;;N;N;N;N;N;N;;FX;FPO;OTB;;;;;17.00;0.00;0.00;36.00;0.00;130.00;0.00;2;1993-11-02;Z18;;;PA;1948-01-01
NLD;NLD194900261;;RET;2001-04-01;2001-04-01;NLD194900261;SCH-31;JAR;NLSCE;Scheveningen;;N;N;N;N;N;N;;FX;NK;MIS;;;;;15.51;0.00;23.00;0.00;0.00;188.00;0.00;2;1972-05-11;4J7;;;PA;1949-01-01
NLD;NLD194900282;;RET;2000-04-06;2000-04-06;NLD194900282;UK-228;AALTJE;NLURK;Urk;;N;N;N;N;N;N;;FX;TBB;MIS;;;;;18.00;0.00;44.00;0.00;0.00;208.00;9.00;2;1981-03-12;4J6;;;PA;1949-01-01
NLD;NLD194900328;;RET;2005-11-06;2005-11-06;NLD194900328;OL-23;DOLIMAH;NLDDE;Oostdongeradeel;;N;N;Y;N;N;N;;FX;TBB;MIS;;;;;18.32;0.00;32.00;0.00;0.00;134.00;20.00;2;1981-06-02;MFL;;;AC;1949-01-01
NLD;NLD194900355;;DES;1997-01-30;1997-01-30;NLD194900355;WR-25;BERTINA;NLWRG;Wieringen/Den Oever;PDAG;Y;N;N;N;N;N;;FX;TBB;MIS;;;;;17.75;0.00;33.00;0.00;0.00;128.00;0.00;1;1979-05-10;4J7;;;PA;1949-01-01
NLD;NLD194900397;;RET;2005-06-08;2005-06-08;NLD194900397;UK-81;IMMANUEL;NLURK;Urk;PFDE;Y;N;Y;N;N;N;;FX;TBB;MIS;;;;;18.10;0.00;38.00;0.00;0.00;221.00;0.00;2;1981-07-23;MFL;;;PA;1949-01-01
NLD;NLD194900562;;RET;1995-09-27;1995-09-27;NLD194900562;WON-29;ALBERTJE;NLMKM;Wonseradeel/Makkum;;N;N;N;N;N;N;;FX;TBB;NK;;;;;14.99;0.00;20.00;0.00;0.00;136.00;0.00;2;1977-04-15;E12;;;PA;1949-01-01
NLD;NLD194900616;;RET;1994-05-27;1994-05-27;NLD194900616;VD-45;HUBERTA;NLVOD;Volendam;;N;N;N;N;N;N;;FX;GNS;MIS;;;;;13.00;0.00;0.00;18.27;0.00;105.00;0.00;2;1974-05-06;Z18;;;PA;1949-01-01
NLD;NLD194900745;;RET;1996-03-14;1996-03-14;NLD194900745;UK-65;JENNY MAARTEN;NLURK;Urk;;N;N;N;N;N;N;;FX;NK;MIS;;;;;14.69;0.00;0.00;26.33;0.00;113.00;0.00;2;1979-03-30;Z18;;;PA;1949-01-01
NLD;NLD194900761;;RET;1991-09-13;1991-09-13;NLD194900761;WR-332;WR-332;NLWRG;Wieringen/Den Oever;;N;N;N;N;N;N;;FX;NK;MIS;;;;;4.00;0.00;0.00;0.68;0.00;1.00;0.00;2;1951-10-24;OVG;;;PA;1949-01-01
NLD;NLD194900766;8432259;CHA;2017-06-19;2100-12-31;NLD194900766;KG-18;LADEBOMADO;NLKOG;Kortgene;PCQS;Y;Y;Y;Y;N;Y;245106000;MO;TBB;MIS;;;;;19.00;0.00;44.00;0.00;0.00;221.00;22.00;2;1979-01-09;MFL;;;;1949-01-01
NLD;NLD194900884;;RET;2000-04-01;2000-04-01;NLD194900884;UK-182;NEELTJE JOHANNA;NLURK;Urk;;N;N;N;N;N;N;;FX;GNS;NK;;;;;14.08;0.00;30.00;0.00;0.00;96.00;0.00;2;1978-07-31;4JZ;;;PA;1949-01-01
NLD;NLD194900919;;RET;2021-10-29;2021-10-29;NLD194900919;EH-93;CORNELIS MARIA;NLENK;Enkhuizen;PH 4026;Y;N;Y;Y;N;Y;244426000;GO;GNS;FPO;;;;;17.35;0.00;35.00;0.00;0.00;150.00;0.00;2;1978-01-02;MFL;;;PA;1949-01-01
NLD;NLD194900934;;RET;1999-05-25;1999-05-25;NLD194900934;UK-203;OP HOOP VAN ZEGEN;NLURK;Urk;;N;N;N;N;N;N;;FX;NK;MIS;;;;;13.72;0.00;0.00;22.64;0.00;114.00;0.00;2;1978-08-21;4JZ;;;PA;1949-01-01
NLD;NLD194900965;;RET;2002-12-31;2002-12-31;NLD194900965;UK-128;JANSJE;NLURK;Urk;;N;Y;N;N;N;N;;FX;NK;MIS;;;;;14.98;0.00;21.00;0.00;0.00;121.00;0.00;2;1983-06-21;4JZ;;;PA;1949-01-01
NLD;NLD194900995;;RET;2002-12-31;2002-12-31;NLD194900995;UK-238;TWEE GEBROEDERS;NLURK;Urk;;N;Y;N;N;N;N;;FX;NK;MIS;;;;;14.99;0.00;15.00;0.00;0.00;103.00;0.00;2;1980-06-04;4JZ;;;PA;1949-01-01
NLD;NLD194901014;;RET;1996-05-28;1996-05-28;NLD194901014;WR-50;NOOIT GEDACHT;NLWRG;Wieringen/Den Oever;;N;N;N;N;N;N;;FX;NK;MIS;;;;;13.30;0.00;0.00;23.15;0.00;99.00;0.00;2;1965-10-29;Z18;;;PA;1949-01-01
NLD;NLD194901328;;RET;1994-06-24;1994-06-24;NLD194901328;HD-67;JUTTER;NLDHR;Den Helder;;N;N;N;N;N;N;;FX;OTB;TBB;;;;;10.00;0.00;0.00;7.73;0.00;37.00;0.00;2;1991-06-07;Z18;;;PA;1949-01-01
NLD;NLD194901738;;RET;1994-09-08;1994-09-08;NLD194901738;HD-18;ALCOR;NLDHR;Den Helder;PCGV;Y;N;N;N;N;N;;FX;GNS;MIS;;;;;39.01;0.00;0.00;244.13;0.00;265.00;0.00;2;1993-02-16;E17;;;PA;1949-01-01
NLD;NLD194901986;;RET;2014-06-15;2014-06-15;NLD194901986;HA-14;ILLUSIE;NLHAR;Harlingen;;N;N;N;N;Y;N;;FX;TBB;OTB;;;;;6.48;0.00;1.00;0.00;0.00;6.00;0.00;2;2007-01-19;MFL;;;PA;1949-01-01
NLD;NLD194902638;8433045;CHA;2017-10-25;2100-12-31;NLD194902638;TS-3;VIKING;NLWTE;West-Terschelling;PD2333;Y;Y;Y;Y;N;Y;246164000;TU;OTM;MIS;;;;;30.85;0.00;127.00;0.00;0.00;221.00;65.00;2;2017-10-25;MFL;;;;1949-01-01
NLD;NLD194913611;;RET;2017-03-06;2017-03-06;NLD194913611;TX-44;TEXEL 44;NLTEX;Texel;PH9240;Y;N;Y;N;N;N;;FX;OTB;LHP;;;;;34.19;0.00;232.00;0.00;0.00;584.00;190.00;2;2014-03-10;MFL;;;PA;1949-01-01
NLD;NLD195000005;;RET;1995-06-07;1995-06-07;NLD195000005;BIW-16;BIW-16;NLBIW;Broek In Waterland;;N;N;N;N;N;N;;FX;NK;MIS;;;;;9.50;0.00;0.00;9.98;0.00;22.00;0.00;2;1978-08-24;Z18;;;PA;1950-01-01
NLD;NLD195000025;;RET;1996-01-15;1996-01-15;NLD195000025;BRU-4;JOHANNA;NLBSE;Bruinisse;;N;N;N;N;N;N;;FX;DRB;MIS;;;;;29.70;0.00;0.00;93.22;0.00;365.00;0.00;2;1980-01-17;Z18;;;PA;1950-01-01
NLD;NLD195000172;;RET;1995-08-22;1995-08-22;NLD195000172;ZK-31;HUNZE;NLZOT;Zoutkamp;;N;N;N;N;N;N;;FX;TBB;GNS;;;;;15.76;0.00;26.00;0.00;0.00;125.00;0.00;2;1981-05-27;E12;;;PA;1950-01-01
NLD;NLD195000268;;EXP;1997-05-21;1997-05-21;NLD195000268;NZ-12;NZ-12;NLTNZ;Terneuzen;;N;N;N;N;N;N;;FX;TBB;MIS;;;;;15.30;0.00;0.00;23.16;0.00;114.00;0.00;2;1981-02-06;4J6;BEL;EX;PA;1950-01-01
NLD;NLD195000307;;RET;2000-04-01;2000-04-01;NLD195000307;OL-27;JELTE;NLDDE;Oostdongeradeel;;N;N;N;N;N;N;;FX;TBB;NK;;;;;15.17;0.00;15.00;0.00;0.00;94.00;0.00;2;1974-06-18;4J7;;;PA;1950-01-01
NLD;NLD195000383;;RET;1994-12-08;1994-12-08;NLD195000383;IJM-6;SPIERING;NLIJM;Ijmuiden/Velsen;PHRA;Y;N;N;N;N;N;;FX;OTB;MIS;;;;;22.00;0.00;0.00;63.59;0.00;260.00;0.00;2;1980-08-05;Z18;;;AC;1950-01-01
NLD;NLD195001056;;RET;1991-04-08;1991-04-08;NLD195001056;TH-27;WIKA;NLTHO;Tholen;;N;N;N;N;N;N;;FX;NK;MIS;;;;;11.25;0.00;0.00;19.46;0.00;66.00;0.00;2;1990-05-21;OVG;;;PA;1950-01-01
NLD;NLD195001118;;RET;1994-06-24;1994-06-24;NLD195001118;HD-17;JOHANNA-S;NLDHR;Den Helder;;N;N;N;N;N;N;;FX;LLS;NK;;;;;11.34;0.00;0.00;18.92;0.00;45.00;0.00;2;1990-11-28;Z18;;;PA;1950-01-01
NLD;NLD195001119;;RET;1994-06-24;1994-06-24;NLD195001119;SCH-2;POLARIS;NLSCE;Scheveningen;;N;N;N;N;N;N;;FX;TBB;GNS;;;;;17.00;0.00;0.00;57.37;0.00;56.00;10.00;2;1990-11-29;Z18;;;PA;1950-01-01
NLD;NLD195001141;;RET;1994-09-08;1994-09-08;NLD195001141;BR-11;ZEESTER;NLBRS;Breskens;;N;N;N;N;N;N;;FX;TBB;NK;;;;;6.60;0.00;0.00;3.75;0.00;7.00;0.00;1;1991-01-21;Z18;;;PA;1950-01-01
NLD;NLD195001222;;RET;1994-06-23;1994-06-23;NLD195001222;HA-23;LAUWERSSEE;NLHAR;Harlingen;;N;N;N;N;N;N;;FX;GNS;LLS;;;;;9.00;0.00;0.00;2.67;0.00;44.00;0.00;1;1991-04-11;Z18;;;PA;1950-01-01
NLD;NLD195001286;;DES;1992-08-10;1992-08-10;NLD195001286;NZ-8;MANTS;NLTNZ;Terneuzen;;N;N;N;N;N;N;;FX;TBB;NK;;;;;9.00;0.00;0.00;7.80;0.00;60.00;0.00;1;1991-05-21;Z18;;;PA;1950-01-01
NLD;NLD195001486;;RET;1994-06-24;1994-06-24;NLD195001486;HD-89;KAAP FALGA;NLDHR;Den Helder;;N;N;N;N;N;N;;FX;TBB;GNS;;;;;6.30;0.00;0.00;5.23;0.00;22.00;0.00;3;1991-08-20;Z18;;;PA;1950-01-01
NLD;NLD195001498;;RET;2018-10-05;2018-10-05;NLD195001498;IJM-302;ZEEVALK;NLIJM;Ijmuiden/Velsen;;N;N;N;N;Y;N;;FX;LHP;FPO;;;;;9.27;0.00;3.00;0.00;0.00;58.00;0.00;2;1991-08-29;MFL;;;PA;1950-01-01
NLD;NLD195001499;;RET;1994-06-28;1994-06-28;NLD195001499;ZZ-22;ANNA BELL;NLZIE;Zierikzee;;N;N;N;N;N;N;;FX;TBB;MIS;;;;;9.00;0.00;0.00;10.45;0.00;9.00;0.00;2;1991-08-30;Z18;;;PA;1950-01-01
NLD;NLD195001529;;RET;1994-06-24;1994-06-24;NLD195001529;HD-98;JOL;NLDHR;Den Helder;;N;N;N;N;N;N;;FX;TBB;OTB;;;;;6.30;0.00;0.00;4.88;0.00;11.00;0.00;1;1991-10-03;Z18;;;PA;1950-01-01
NLD;NLD195001854;;RET;1994-06-24;1994-06-24;NLD195001854;HD-112;VROUWE JOHANNA;NLDHR;Den Helder;;N;N;N;N;N;N;;FX;TBB;GNS;;;;;8.00;0.00;0.00;11.56;0.00;40.00;0.00;2;1994-02-08;Z18;;;PA;1950-01-01
NLD;NLD195001857;;RET;1994-06-28;1994-06-28;NLD195001857;YE-7;AALTJE;NLYSK;Yerseke;;N;N;N;N;N;N;;FX;FPO;NK;;;;;8.00;0.00;0.00;5.63;0.00;50.00;0.00;3;1994-02-09;Z18;;;PA;1950-01-01
NLD;NLD195002618;;RET;2001-03-30;2001-03-30;NLD195002618;VD-68;DE PAREL;NLVOD;Volendam;;N;N;N;N;N;N;;FX;NK;MIS;;;;;8.70;0.00;3.00;0.00;0.00;32.00;0.01;2;2001-01-19;4JZ;;;PA;1950-01-01
NLD;NLD195100297;;EXP;1993-04-07;1993-04-07;NLD195100297;KW-132;DIRK SENIOR;NLKWK;Katwijk;PDQR;Y;N;N;N;N;N;;FX;GNS;NK;;;;;24.80;0.00;75.00;0.00;0.00;220.00;0.00;2;1983-03-28;Z18;IRL;EX;PA;1951-01-01
NLD;NLD195100539;8432194;MOD;2019-07-02;2100-12-31;NLD195100539;UK-162;GERRIT SENIOR;NLURK;Urk;PBPA;Y;Y;Y;Y;N;Y;246189000;MO;TBB;OTB;;;;;23.12;0.00;65.00;0.00;0.00;221.00;50.00;2;1981-12-03;MFL;;;;1951-01-01
NLD;NLD195100635;;RET;2006-01-28;2006-01-28;NLD195100635;GO-10;ELISABETH;NLGDR;Goedereede;PDXE;Y;N;Y;N;N;N;;FX;TBB;MIS;;;;;20.60;0.00;29.00;0.00;0.00;118.00;0.00;2;1968-07-08;MFL;;;AC;1951-01-01
NLD;NLD195100689;;RET;2017-08-17;2017-08-17;NLD195100689;TS-7;SABINE;NLWTE;West-Terschelling;PDQD;Y;N;Y;N;N;N;;FX;TBB;MIS;;;;;19.86;0.00;28.00;0.00;0.00;158.00;12.00;2;1976-03-24;MFL;;;PA;1951-01-01
NLD;NLD195100812;;DES;2014-01-08;2014-01-08;NLD195100812;IJM-77;DIRK;NLIJM;Ijmuiden/Velsen;PCIZ;Y;N;Y;N;N;N;;FX;TBB;MIS;;;;;17.76;0.00;27.00;0.00;0.00;96.00;5.00;2;1973-01-31;MFL;;;PA;1951-01-01
NLD;NLD195101114;;RET;1994-09-08;1994-09-08;NLD195101114;NZ-4;TOEKOMST;NLTNZ;Terneuzen;;N;N;N;N;N;N;;FX;TBB;FPO;;;;;9.07;0.00;0.00;6.32;0.00;22.00;0.00;2;1990-11-27;Z18;;;PA;1951-01-01
NLD;NLD195101392;;RET;1994-06-24;1994-06-24;NLD195101392;HON-20;ISABELLE;NLHTN;Hontenisse;;N;N;N;N;N;N;;FX;TBB;OTB;;;;;9.10;0.00;0.00;5.42;0.00;44.00;0.00;2;1991-06-18;Z18;;;PA;1951-01-01
NLD;NLD195102113;;RET;2023-07-21;2023-07-21;NLD195102113;IJM-39;ISABELLE;NLIJM;Ijmuiden/Velsen;;N;N;N;N;Y;N;;GO;GNS;LHP;;;;;7.61;0.00;2.00;0.00;0.00;31.00;0.00;1;2021-07-07;MFL;;;PA;1951-01-01
NLD;NLD195200263;;RET;1991-09-09;1991-09-09;NLD195200263;HA-3;HA-3;NLHAR;Harlingen;;N;N;N;N;N;N;;FX;GNS;NK;;;;;6.50;0.00;0.00;2.04;0.00;27.00;0.00;2;1964-12-02;OVG;;;PA;1952-01-01
NLD;NLD195201104;;RET;1994-06-28;1994-06-28;NLD195201104;WR-274;ALBERTJE;NLWRG;Wieringen/Den Oever;;N;N;N;N;N;N;;FX;FPO;GNS;;;;;8.00;0.00;0.00;5.16;0.00;10.00;0.00;2;1990-11-13;Z18;;;PA;1952-01-01
NLD;NLD195202174;;RET;2001-04-01;2001-04-01;NLD195202174;ZK-35;LAUWERSLAND;NLZOT;Zoutkamp;PFNT;Y;N;N;N;N;N;;FX;DRB;TBB;;;;;23.96;0.00;65.00;0.00;0.00;221.00;28.00;2;1999-02-05;4J6;;;PA;1952-01-01
NLD;NLD195300027;8431798;MOD;2017-06-09;2100-12-31;NLD195300027;WR-126;VERTROUWEN;NLWRG;Wieringen/Den Oever;PIPD;Y;Y;Y;Y;N;Y;246338000;TU;TBB;MIS;;;;;20.50;0.00;40.00;0.00;0.00;221.00;65.00;2;1980-06-18;MFL;;;;1953-01-01
NLD;NLD195300395;;DES;2005-11-06;2005-11-06;NLD195300395;IJM-8;Rony;NLIJM;Ijmuiden/Velsen;PFRM;Y;N;Y;N;N;N;;FX;OTB;GNS;;;;;20.00;0.00;52.00;0.00;0.00;221.00;0.00;2;1983-02-28;MFL;;;AC;1953-01-01
NLD;NLD195300538;8571146;MOD;2013-11-01;2100-12-31;NLD195300538;YE-60;VERTROUWEN;NLYSK;Yerseke;PF4520;Y;Y;N;N;N;N;;FX;DRB;MIS;;;;;31.58;0.00;133.00;0.00;0.00;368.00;100.00;2;1980-08-06;AQU;;;;1953-01-01
NLD;NLD195301277;;RET;1994-06-27;1994-06-27;NLD195301277;SCH-229;ADRIANA WILHELMINA;NLSCE;Scheveningen;;N;N;N;N;N;N;;FX;GNS;LLS;;;;;18.00;0.00;0.00;36.25;0.00;120.00;13.00;1;1991-05-17;Z18;;;PA;1953-01-01
NLD;NLD195400175;;MOD;2005-01-17;2100-12-31;NLD195400175;YE-48;OP HOOP VAN ZEGEN;NLYSK;Yerseke;PF4036;Y;Y;N;N;N;N;;FX;DRB;MIS;;;;;31.15;0.00;87.00;0.00;0.00;350.00;125.00;2;1979-01-02;AQU;;;;1954-01-01
NLD;NLD195400191;;RET;1992-11-23;1992-11-23;NLD195400191;KG-12;JOZIAS TANNETJE;NLKOG;Kortgene;PFFI;Y;N;N;N;N;N;;FX;TBB;MIS;;;;;22.96;0.00;67.00;0.00;0.00;221.00;0.00;2;1981-07-08;Z18;;;AC;1954-01-01
NLD;NLD195400672;;RET;1995-06-08;1995-06-08;NLD195400672;UQ-22;HEJO;NLNPZ;Usquert/Noordpolderzijl;;N;N;N;N;N;N;;FX;TBB;MIS;;;;;12.74;0.00;0.00;10.98;0.00;110.00;0.00;1;1982-07-01;Z18;;;PA;1954-01-01
NLD;NLD195400751;;EXP;2001-05-22;2001-05-22;NLD195400751;YE-39;RIVAL;NLYSK;Yerseke;;N;N;N;N;N;N;;FX;DRB;MIS;;;;;27.14;0.00;122.00;0.00;0.00;441.00;0.00;2;1976-08-04;4JZ;IRL;EX;PA;1954-01-01
NLD;NLD195400969;8431580;MOD;2021-11-23;2100-12-31;NLD195400969;HD-5;ALBERTINA WILLEMINA;NLDHR;Den Helder;PCKE;Y;Y;Y;Y;N;Y;244766000;TU;TBB;MIS;;;;;19.55;0.00;49.00;0.00;0.00;221.00;41.00;2;1980-05-21;MFL;;;;1954-01-01
NLD;NLD195401482;;RET;1994-06-27;1994-06-27;NLD195401482;IJM-328;RONDARIUS;NLIJM;Ijmuiden/Velsen;;N;N;N;N;N;N;;FX;GNS;OTB;;;;;14.00;0.00;0.00;13.90;0.00;108.00;0.00;2;1991-08-19;Z18;;;PA;1954-01-01
NLD;NLD195401698;;RET;2000-04-01;2000-04-01;NLD195401698;HD-42;BARRACUDA;NLDHR;Den Helder;;N;N;N;N;N;N;;FX;GNS;LLS;;;;;6.70;0.00;0.00;2.40;0.00;26.00;0.00;1;1992-09-23;4J7;;;PA;1954-01-01
NLD;NLD195402189;;RET;2000-04-01;2000-04-01;NLD195402189;OD-14;ELIZABETH;NLGDO;Goedereede-Ouddorp;;N;N;N;N;N;N;;FX;OTB;TBB;;;;;6.35;0.00;0.00;10.42;0.00;17.00;0.00;1;1999-03-22;4J7;;;PA;1954-01-01
NLD;NLD195500043;8571122;RET;2021-03-02;2021-03-02;NLD195500043;BRU-121;WOLFERT FRANKE II;NLBSE;Bruinisse;PFCH;Y;Y;N;N;N;N;;FX;DRB;DRH;;;;;32.03;0.00;135.00;0.00;0.00;701.00;0.00;2;1979-09-13;AQU;;;PA;1955-01-01
NLD;NLD195500365;;RET;1994-06-24;1994-06-24;NLD195500365;IJM-2;ZIJPE;NLIJM;Ijmuiden/Velsen;;N;N;N;N;N;N;;FX;GNS;MIS;;;;;11.00;0.00;0.00;13.50;0.00;88.00;0.00;2;1984-02-20;Z18;;;PA;1955-01-01
NLD;NLD195500528;;RET;2025-07-22;2025-07-22;NLD195500528;YE-22;OP BETERE TIJDEN;NLYSK;Yerseke;PF3194;Y;N;N;N;N;Y;244020244;DB;DRB;MIS;;;;;29.35;0.00;80.00;0.00;0.00;221.00;0.00;2;1955-06-21;AQU;;;PA;1955-01-01
NLD;NLD195500619;8431920;MOD;2017-08-29;2100-12-31;NLD195500619;UK-156;POOLSTER;NLURK;Urk;PFCW;Y;Y;Y;Y;N;Y;245442000;MO;TBB;MIS;;;;;22.99;0.00;56.00;0.00;0.00;221.00;25.00;2;1974-03-08;MFL;;;;1955-01-01
NLD;NLD195500639;8432780;EXP;2023-08-11;2023-08-11;NLD195500639;UK-12;HOOP OP ZEGEN;NLURK;Urk;PGHU;Y;N;Y;N;N;Y;245655000;FX;TBB;MIS;;;;;21.90;0.00;48.00;0.00;0.00;221.00;0.00;2;1979-05-01;MFL;COD;EX;PA;1955-01-01
NLD;NLD195500883;8589961;MOD;2022-02-03;2100-12-31;NLD195500883;YE-45;OSTREA;NLYSK;Yerseke;PD2062;Y;Y;N;N;N;N;;FX;DRB;MIS;;;;;36.12;0.00;145.00;0.00;0.00;403.00;306.00;2;1983-07-25;AQU;;;;1955-01-01
NLD;NLD195501332;;RET;1994-06-24;1994-06-24;NLD195501332;HON-10;ANTRICK;NLHTN;Hontenisse;;N;N;N;N;N;N;;FX;TBB;FPO;;;;;12.00;0.00;0.00;9.75;0.00;60.00;0.00;2;1991-06-07;Z18;;;PA;1955-01-01
NLD;NLD195501462;;RET;1994-06-28;1994-06-28;NLD195501462;WON-6;CATHARINA;NLMKM;Wonseradeel/Makkum;;N;N;N;N;N;N;;FX;GNS;LLS;;;;;8.50;0.00;0.00;2.19;0.00;45.00;0.00;2;1991-06-27;Z18;;;PA;1955-01-01
NLD;NLD195501587;;RET;1994-06-27;1994-06-27;NLD195501587;IJM-330;WHALE;NLIJM;Ijmuiden/Velsen;;N;N;N;N;N;N;;FX;GNS;TBB;;;;;7.50;0.00;0.00;5.45;0.00;28.00;0.00;2;1991-12-10;Z18;;;PA;1955-01-01
NLD;NLD195501592;;RET;1994-09-08;1994-09-08;NLD195501592;GO-60;MARIA;NLGDR;Goedereede;;N;N;N;N;N;N;;FX;TBB;MIS;;;;;12.04;0.00;0.00;16.97;0.00;71.00;5.00;2;1991-12-12;E17;;;PA;1955-01-01
NLD;NLD195501768;;RET;1994-02-07;1994-02-07;NLD195501768;HD-112;BEVER;NLDHR;Den Helder;;N;N;N;N;N;N;;FX;TBB;MIS;;;;;8.00;0.00;0.00;5.09;0.00;48.00;0.00;2;1993-04-21;Z18;;;PA;1955-01-01
NLD;NLD195501891;;DES;1998-04-14;1998-04-14;NLD195501891;IJM-307;ZEEMEEUW;NLIJM;Ijmuiden/Velsen;;N;N;N;N;N;N;;FX;TBB;GNS;;;;;8.45;0.00;0.00;7.63;0.00;14.00;0.00;1;1994-12-09;4J6;;;PA;1955-01-01
NLD;NLD195501997;;RET;2018-09-28;2018-09-28;NLD195501997;BR-24;PETER;NLBRS;Breskens;;N;N;N;N;Y;N;;FX;LHP;MIS;;;;;5.10;0.00;1.00;0.00;0.00;4.00;0.00;2;1996-08-16;MFL;;;PA;1955-01-01
NLD;NLD195600007;;RET;1990-05-21;1990-05-21;NLD195600007;ARM-8;BEAUTY;NLARM;Arnemuiden;;N;N;N;N;N;N;;FX;TBB;MIS;;;;;11.00;0.00;0.00;13.00;0.00;24.00;0.00;2;1982-06-07;OVG;;;PA;1956-01-01
NLD;NLD195600202;;RET;1994-06-28;1994-06-28;NLD195600202;LE-2;LE-2;NLLEM;Lemsterland;;N;N;N;N;N;N;;FX;NK;MIS;;;;;12.50;0.00;0.00;8.38;0.00;22.00;0.00;2;1986-06-01;Z18;;;PA;1956-01-01
NLD;NLD195600559;;RET;1991-12-10;1991-12-10;NLD195600559;ZZ-18;HAMMEN;NLZIE;Zierikzee;;N;N;N;N;N;N;;FX;GNS;NK;;;;;11.08;0.00;0.00;20.00;0.00;77.00;0.00;2;1986-04-08;KUQ;;;PA;1956-01-01
NLD;NLD195600622;;DES;1998-12-17;1998-12-17;NLD195600622;WR-22;BAREND JAN;NLWRG;Wieringen/Den Oever;PCYC;Y;N;N;N;N;N;;FX;TBB;MIS;;;;;24.69;0.00;77.00;0.00;0.00;221.00;20.00;2;1980-01-07;4J4;;;PA;1956-01-01
NLD;NLD195600900;;MOD;2004-07-19;2100-12-31;NLD195600900;BRU-75;CHRISTAAN JOHANNES;NLBSE;Bruinisse;PD3491;Y;Y;N;N;N;N;;FX;DRB;MIS;;;;;27.32;0.00;73.00;0.00;0.00;132.00;231.00;2;1956-09-12;AQU;;;;1956-01-01
NLD;NLD195600917;;RET;1994-06-28;1994-06-28;NLD195600917;YE-63;PILK;NLYSK;Yerseke;;N;N;N;N;N;N;;FX;FPO;MIS;;;;;7.20;0.00;0.00;4.02;0.00;10.00;0.00;2;1976-02-24;Z18;;;PA;1956-01-01
NLD;NLD195600966;;EXP;1999-11-09;1999-11-09;NLD195600966;UK-234;NOOIT GEDACHT;NLURK;Urk;PGHY;Y;N;N;N;N;N;;FX;PTM;TBB;;;;;23.07;0.00;66.00;0.00;0.00;221.00;0.00;2;1956-07-17;4J4;SUR;EX;PA;1956-01-01
NLD;NLD195601260;;RET;1994-06-27;1994-06-27;NLD195601260;UK-220;MARJAN;NLURK;Urk;;N;N;N;N;N;N;;FX;GNS;OTB;;;;;9.35;0.00;0.00;4.82;0.00;60.00;0.00;2;1991-05-07;Z18;;;PA;1956-01-01
NLD;NLD195601348;;RET;1994-06-27;1994-06-27;NLD195601348;SCH-71;CONDOR;NLSCE;Scheveningen;;N;N;N;N;N;N;;FX;GNS;LLS;;;;;7.55;0.00;0.00;4.96;0.00;42.00;0.00;1;1991-06-11;Z18;;;PA;1956-01-01
NLD;NLD195601442;;RET;1994-06-28;1994-06-28;NLD195601442;NZ-9;GEKO;NLTNZ;Terneuzen;;N;N;N;N;N;N;;FX;TBB;MIS;;;;;8.00;0.00;0.00;5.78;0.00;63.00;0.00;2;1991-06-25;Z18;;;PA;1956-01-01
NLD;NLD195601466;;RET;1994-06-28;1994-06-28;NLD195601466;ZZ-21;BASJE;NLZIE;Zierikzee;;N;N;N;N;N;N;;FX;GNS;NK;;;;;5.50;0.00;0.00;2.70;0.00;37.00;0.00;2;1991-08-08;Z18;;;PA;1956-01-01
NLD;NLD195601620;;RET;1994-06-27;1994-06-27;NLD195601620;IJM-351;KLUUT;NLIJM;Ijmuiden/Velsen;;N;N;N;N;N;N;;FX;GNS;OTB;;;;;10.15;0.00;0.00;11.36;0.00;80.00;5.00;2;1992-03-12;Z18;;;PA;1956-01-01
NLD;NLD195601842;;RET;1994-09-08;1994-09-08;NLD195601842;WSW-5;ZEEZOT;NLWSW;Westenschouwen;;N;N;N;N;N;N;;FX;GNS;LLS;;;;;7.30;0.00;0.00;4.48;0.00;11.00;2.00;2;1993-12-22;Z18;;;PA;1956-01-01
NLD;NLD195602195;;RET;2000-04-01;2000-04-01;NLD195602195;WR-311;FRANS NAEREBOUT;NLWRG;Wieringen/Den Oever;PEDP;Y;N;N;N;N;N;;FX;OTB;MIS;;;;;40.60;0.00;0.00;236.49;0.00;331.00;62.00;2;1999-06-07;4J7;;;PA;1956-01-01
NLD;NLD195700182;;RET;1994-06-27;1994-06-27;NLD195700182;KG-3;PANDORA;NLKOG;Kortgene;;N;N;N;N;N;N;;FX;NK;MIS;;;;;13.77;0.00;0.00;10.90;0.00;96.00;0.00;2;1982-03-06;Z18;;;PA;1957-01-01
NLD;NLD195700285;;RET;1991-01-31;1991-01-31;NLD195700285;KW-77;CLASINA JACOBA;NLKWK;Katwijk;PDKG;Y;N;N;N;N;N;;FX;OTB;MIS;;;;;29.26;0.00;0.00;119.83;0.00;386.00;0.00;2;1979-11-08;KUQ;;;AC;1957-01-01
NLD;NLD195700359;;DES;1992-11-19;1992-11-19;NLD195700359;SCH-43;ALIDA MARIA;NLSCE;Scheveningen;PCLP;Y;N;N;N;N;N;;FX;GNS;OTB;;;;;26.78;0.00;0.00;84.63;0.00;221.00;0.00;2;1981-01-21;Z18;;;AC;1957-01-01
NLD;NLD195700464;;RET;1999-11-05;1999-11-05;NLD195700464;IJM-31;MERON II;NLIJM;Ijmuiden/Velsen;PFYJ;Y;N;N;N;N;N;;FX;GNS;OTB;;;;;20.03;0.00;74.00;0.00;0.00;154.00;0.00;2;1980-12-22;4J4;;;AC;1957-01-01
NLD;NLD195700677;;RET;2002-10-30;2002-10-30;NLD195700677;WR-36;WILLEM STEFAN;NLWRG;Wieringen/Den Oever;PIPH;Y;N;N;N;N;N;;FX;TBB;MIS;;;;;18.02;0.00;24.00;0.00;0.00;169.00;25.00;2;1981-05-08;4J6;;;PA;1957-01-01
NLD;NLD195700691;8431619;MOD;2018-02-01;2100-12-31;NLD195700691;UK-166;LIMANDA;NLURK;Urk;PGAQ;Y;Y;Y;Y;N;Y;245262000;TU;TBB;MIS;;;;;23.63;0.00;78.00;0.00;0.00;221.00;0.00;2;1981-05-22;MFL;;;;1957-01-01
NLD;NLD195700796;;MOD;2025-07-23;2100-12-31;NLD195700796;YE-34;JACOMINA;NLYSK;Yerseke;PG5141;Y;Y;N;N;N;N;;FX;DRB;MIS;;;;;30.56;0.00;91.00;0.00;0.00;235.00;0.00;2;1981-05-12;AQU;;;;1957-01-01
NLD;NLD195700907;;MOD;2015-01-27;2100-12-31;NLD195700907;YE-25;RIVAL;NLYSK;Yerseke;PG9443;Y;Y;N;N;N;N;;FX;DRB;MIS;;;;;24.08;0.00;49.00;0.00;0.00;147.00;0.00;2;1969-11-23;AQU;;;;1957-01-01
NLD;NLD195700992;;EXP;2005-01-28;2005-01-28;NLD195700992;YE-196;SHARON;NLYSK;Yerseke;PDNG;Y;N;N;N;N;N;;FX;DRB;MIS;;;;;40.23;0.00;181.00;0.00;0.00;403.00;314.00;2;1984-08-28;AQU;GBR;EX;PA;1957-01-01
NLD;NLD195701452;;RET;2014-06-15;2014-06-15;NLD195701452;IJM-322;BAKSENIOR;NLIJM;Ijmuiden/Velsen;PE9385;Y;N;N;N;Y;N;;FX;OTB;LHP;;;;;11.28;0.00;7.00;0.00;0.00;44.00;3.00;2;1991-06-26;MFL;;;PA;1957-01-01
NLD;NLD195800213;;EXP;1992-02-17;1992-02-17;NLD195800213;HD-125;GEO SERVANT;NLDHR;Den Helder;;N;N;N;N;N;N;;FX;LLS;NK;;;;;40.34;0.00;0.00;272.62;0.00;551.00;0.00;2;1989-02-03;Z18;PAN;EX;AC;1958-01-01
NLD;NLD195800335;;RET;1990-10-31;1990-10-31;NLD195800335;SCH-18;GEMMA JACOBA;NLSCE;Scheveningen;PEHF;Y;N;N;N;N;N;;FX;TBB;MIS;;;;;23.56;0.00;0.00;69.81;0.00;390.00;0.00;2;1981-11-02;KUG;;;AC;1958-01-01
NLD;NLD195800368;8432833;RET;2023-06-13;2023-06-13;NLD195800368;TS-9;TRIX;NLWTE;West-Terschelling;PIAZ;Y;N;Y;Y;N;Y;245766000;TU;TBB;MIS;;;;;19.00;0.00;27.00;0.00;0.00;132.00;0.00;2;1981-07-07;MFL;;;PA;1958-01-01
NLD;NLD195800391;;RET;1991-03-20;1991-03-20;NLD195800391;HD-19;POOLSTER;NLDHR;Den Helder;;N;N;N;N;N;N;;FX;OTM;TBB;;;;;27.54;0.00;0.00;88.53;0.00;368.00;0.00;2;1972-12-08;KUQ;;;AC;1958-01-01
NLD;NLD195800477;;RET;1997-06-27;1997-06-27;NLD195800477;HA-43;ELISABETH;NLHAR;Harlingen;PDXU;Y;N;N;N;N;N;;FX;TBB;MIS;;;;;25.81;0.00;84.00;0.00;0.00;441.00;0.00;2;1981-01-09;4J7;;;AC;1958-01-01
NLD;NLD195800596;8431554;MOD;2017-01-03;2100-12-31;NLD195800596;ZK-17;JOHANNES DIRK;NLZOT;Zoutkamp;PFMJ;Y;Y;Y;Y;N;Y;244686000;TU;TBB;MIS;;;;;17.74;0.00;33.00;0.00;0.00;221.00;14.00;2;1981-07-23;MFL;;;;1958-01-01
NLD;NLD195800734;;RET;2000-05-30;2000-05-30;NLD195800734;WR-52;ASTRID CORNELIS;NLWRG;Wieringen/Den Oever;PGKG;Y;N;N;N;N;N;;FX;TBB;MIS;;;;;23.96;0.00;71.00;0.00;0.00;221.00;0.00;2;1973-04-06;4J4;;;PA;1958-01-01
NLD;NLD195800747;8431712;MOD;2016-11-11;2100-12-31;NLD195800747;WR-222;ANNA TATJANA;NLWRG;Wieringen/Den Oever;PCRL;Y;Y;Y;Y;N;Y;245458000;TU;TBB;MIS;;;;;23.86;0.00;83.00;0.00;0.00;220.00;88.00;2;1979-09-20;MFL;;;;1958-01-01
NLD;NLD195800898;8335061;RET;1998-09-03;1998-09-03;NLD195800898;YE-158;NOORDSTER;NLYSK;Yerseke;PDAX;Y;N;N;N;N;N;;FX;DRB;MIS;;;;;36.76;0.00;0.00;128.84;0.00;373.00;258.00;2;1975-09-30;4J7;;;PA;1958-01-01
NLD;NLD195801079;;MOD;2018-05-18;2100-12-31;NLD195801079;UK-248;DAGERAAD;NLURK;Urk;;N;Y;N;Y;Y;Y;;MTG;TBB;GND;;;;;11.50;0.00;8.00;0.00;0.00;85.00;0.00;2;1990-07-17;MFL;;;;1958-01-01
NLD;NLD195802184;;DES;2008-09-02;2008-09-02;NLD195802184;WR-42;JOHANNA DIEUWERTJE;NLWRG;Wieringen/Den Oever;PCAV;Y;N;Y;N;N;N;;FX;HMD;MIS;;;;;38.77;0.00;304.00;0.00;0.00;882.00;221.00;2;1999-03-10;MFL;;;PA;1958-01-01
NLD;NLD195802405;;RET;2004-06-28;2004-06-28;NLD195802405;DZ-10;CLARINDA H;NLDZL;Delfzijl;ONB 3;Y;N;N;N;N;N;;FX;DRB;GNS;;;;;29.62;0.00;174.00;0.00;0.00;566.00;406.00;2;1974-12-23;MFL;;;PA;1958-01-01
NLD;NLD195802619;;RET;2002-12-31;2002-12-31;NLD195802619;WR-293;CORNELIS;NLWRG;Wieringen/Den Oever;;N;Y;N;N;N;N;;FX;NK;MIS;;;;;5.80;0.00;1.00;0.00;0.00;6.00;0.00;2;2001-02-01;4JZ;;;PA;1958-01-01
NLD;NLD195900002;;RET;1990-04-11;1990-04-11;NLD195900002;BIW-3;ALIDA CORNELIA;NLBIW;Broek In Waterland;;N;N;N;N;N;N;;FX;GNS;NK;;;;;14.00;0.00;0.00;18.15;0.00;98.00;0.00;2;1979-11-01;OVG;;;PA;1959-01-01
NLD;NLD195900153;;RET;1992-09-23;1992-09-23;NLD195900153;HD-14;SKAGERAK;NLDHR;Den Helder;PHMI;Y;N;N;N;N;N;;FX;TBB;MIS;;;;;21.00;0.00;0.00;49.57;0.00;221.00;0.00;2;1980-11-24;Z18;;;AC;1959-01-01
NLD;NLD195900159;;RET;2002-12-31;2002-12-31;NLD195900159;HK-17;DE ZEVENTIEN;NLHRD;Harderwijk;;N;Y;N;N;N;N;;FX;GNS;NK;;;;;17.25;0.00;22.00;0.00;0.00;100.00;0.00;2;1979-11-01;4JZ;;;PA;1959-01-01
NLD;NLD195900172;;RET;2006-06-12;2006-06-12;NLD195900172;GO-2;NOORDSTER;NLGDR;Goedereede;PGIC;Y;N;Y;N;N;N;;FX;OTB;MIS;;;;;25.69;0.00;84.00;0.00;0.00;294.00;44.00;2;1980-11-03;MFL;;;PA;1959-01-01
NLD;NLD195900243;;RET;1995-01-17;1995-01-17;NLD195900243;KW-24;DEO JUVANTE;NLKWK;Katwijk;PDPE;Y;N;N;N;N;N;;FX;OTB;MIS;;;;;24.92;0.00;92.00;0.00;0.00;368.00;0.00;2;1979-05-08;Z18;;;AC;1959-01-01
NLD;NLD195900278;8431932;MOD;2023-09-07;2100-12-31;NLD195900278;TS-10;HILLEGONDA;NLWTE;West-Terschelling;PERT;Y;Y;Y;Y;N;Y;246055000;TU;TBB;MIS;;;;;17.20;0.00;22.00;0.00;0.00;132.00;11.00;2;1974-12-18;MFL;;;;1959-01-01
NLD;NLD195900443;8432091;MOD;2022-09-13;2100-12-31;NLD195900443;ZK-8;HUNSINGO;NLZOT;Zoutkamp;PFAG;Y;Y;Y;Y;N;Y;244174000;TU;TBB;MIS;;;;;19.75;0.00;39.00;0.00;0.00;221.00;0.00;2;1973-09-07;MFL;;;;1959-01-01
NLD;NLD195900479;;RET;1991-02-15;1991-02-15;NLD195900479;IJM-154;PROTINUS;NLIJM;Ijmuiden/Velsen;PGWV;Y;N;N;N;N;N;;FX;OTB;MIS;;;;;30.68;0.00;0.00;165.61;0.00;552.00;0.00;2;1973-08-22;KUQ;;;AC;1959-01-01
NLD;NLD195900516;;RET;2011-08-18;2011-08-18;NLD195900516;UK-46;ALICE;NLURK;Urk;;N;N;N;N;N;N;;FX;TBB;MIS;;;;;13.15;0.00;16.00;0.00;0.00;99.00;0.00;2;1959-04-02;MFL;;;PA;1959-01-01
NLD;NLD195900530;;RET;1994-06-27;1994-06-27;NLD195900530;KG-1;VERTROUWEN;NLKOG;Kortgene;;N;N;N;N;N;N;;FX;NK;MIS;;;;;18.88;0.00;0.00;30.00;0.00;82.00;0.00;2;1980-06-03;Z18;;;PA;1959-01-01
NLD;NLD195900542;;RET;1994-06-27;1994-06-27;NLD195900542;VD-22;ST. PETRUS;NLVOD;Volendam;;N;N;N;N;N;N;;FX;GNS;MIS;;;;;13.00;0.00;0.00;18.15;0.00;105.00;0.00;2;1959-04-24;Z18;;;PA;1959-01-01
NLD;NLD195900636;;RET;2002-12-31;2002-12-31;NLD195900636;LE-22;SICCO;NLLEM;Lemsterland;;N;Y;N;N;N;N;;FX;GNS;NK;;;;;15.74;0.00;17.00;0.00;0.00;155.00;0.00;2;1966-04-28;4JZ;;;PA;1959-01-01
NLD;NLD195900649;;RET;2019-03-12;2019-03-12;NLD195900649;WR-28;DE VROUW MARIE;NLWRG;Wieringen/Den Oever;PE6614;Y;N;Y;N;N;N;;FX;OTM;OTB;;;;;13.10;0.00;17.00;0.00;0.00;93.00;0.00;2;1989-06-23;MFL;;;PA;1959-01-01
NLD;NLD195900654;;RET;1996-01-30;1996-01-30;NLD195900654;VD-77;CORNELIA JOHANNES;NLVOD;Volendam;PDME;Y;N;N;N;N;N;;FX;OTB;MIS;;;;;23.75;0.00;84.00;0.00;0.00;300.00;0.00;2;1972-03-30;Z18;;;AC;1959-01-01
NLD;NLD195900667;;RET;1994-06-27;1994-06-27;NLD195900667;VD-167;JACOB;NLVOD;Volendam;;N;N;N;N;N;N;;FX;GNS;MIS;;;;;13.00;0.00;0.00;18.15;0.00;75.00;0.00;2;1961-06-06;Z18;;;PA;1959-01-01
NLD;NLD195900719;;RET;2007-01-10;2007-01-10;NLD195900719;WR-35;AMSTELMEER;NLWRG;Wieringen/Den Oever;PE8654;Y;N;N;N;N;N;;FX;OTM;MIS;;;;;17.99;0.00;21.00;0.00;0.00;90.00;0.00;2;1967-12-12;MFL;;;PA;1959-01-01
NLD;NLD195900740;;RET;1994-03-06;1994-03-06;NLD195900740;WR-210;EX MERA GRATIA;NLWRG;Wieringen/Den Oever;PEAS;Y;N;N;N;N;N;;FX;PTB;TBB;;;;;24.55;0.00;0.00;78.93;0.00;383.00;0.00;2;1979-04-02;Z18;;;AC;1959-01-01
NLD;NLD195900758;;RET;2001-01-31;2001-01-31;NLD195900758;WR-293;CORNELIS;NLWRG;Wieringen/Den Oever;;N;N;N;N;N;N;;FX;NK;MIS;;;;;17.28;0.00;20.00;0.00;0.00;94.00;0.00;2;1977-10-10;4JZ;;;PA;1959-01-01
NLD;NLD195900859;;EXP;1999-03-15;1999-03-15;NLD195900859;YE-97;NIJVERHEID;NLYSK;Yerseke;;N;N;N;N;N;N;;FX;DRB;MIS;;;;;34.80;0.00;0.00;135.20;0.00;257.00;0.00;2;1977-08-02;4J7;IRL;EX;PA;1959-01-01
NLD;NLD195900993;;RET;2002-06-26;2002-06-26;NLD195900993;IJM-39;BARRACUDA;NLIJM;Ijmuiden/Velsen;;N;N;N;N;N;N;;FX;GNS;MIS;;;;;15.00;0.00;19.00;0.00;0.00;80.00;0.00;2;1981-01-13;4J4;;;PA;1959-01-01
NLD;NLD195901009;;RET;1991-04-25;1991-04-25;NLD195901009;UK-333;GEERTJE;NLURK;Urk;PEGQ;Y;N;N;N;N;N;;FX;PTB;MIS;;;;;25.15;0.00;0.00;80.24;0.00;397.00;0.00;2;1981-01-08;KUQ;;;AC;1959-01-01
NLD;NLD196000035;;RET;2001-04-04;2001-04-04;NLD196000035;BR-50;BAYONA;NLBRS;Breskens;PFDJ;Y;N;N;N;N;N;;FX;TBB;NK;;;;;18.48;0.00;32.00;0.00;0.00;191.00;10.00;2;1960-11-02;4J4;;;AC;1960-01-01
NLD;NLD196000130;;RET;2012-07-23;2012-07-23;NLD196000130;FL-7;FL-7;NLFIN;Finterwolde;;N;N;N;N;Y;N;;FX;TBB;FPO;;;;;8.00;0.00;3.00;0.00;0.00;14.00;0.00;1;1965-03-22;MFL;;;PA;1960-01-01
NLD;NLD196000133;;RET;2002-09-27;2002-09-27;NLD196000133;GM-26;AALTJE;NLGNM;Genemuiden;;N;N;N;N;N;N;;FX;NK;MIS;;;;;17.46;0.00;21.00;0.00;0.00;119.00;0.00;2;1981-06-22;4JZ;;;PA;1960-01-01
NLD;NLD196000138;;RET;1999-01-13;1999-01-13;NLD196000138;GOE-6;NEELTJE MARIA;NLGOE;Goes;;N;N;N;N;N;N;;FX;NK;MIS;;;;;15.17;0.00;0.00;21.18;0.00;115.00;0.00;2;1971-05-27;4J7;;;PA;1960-01-01
NLD;NLD196000150;;RET;2002-12-31;2002-12-31;NLD196000150;HK-3;JACOBA;NLHRD;Harderwijk;;N;Y;N;N;N;N;;FX;FPO;NK;;;;;15.50;0.00;19.00;0.00;0.00;79.00;0.00;2;1966-01-15;4JZ;;;PA;1960-01-01
NLD;NLD196000152;;RET;1997-07-11;1997-07-11;NLD196000152;HK-7;PETER VAN JACOB;NLHRD;Harderwijk;;N;N;N;N;N;N;;FX;GNS;NK;;;;;13.00;0.00;0.00;18.15;0.00;90.00;26.00;2;1977-09-12;4J7;;;PA;1960-01-01
NLD;NLD196000154;;RET;1992-03-19;1992-03-19;NLD196000154;HK-8;HK-8;NLHRD;Harderwijk;;N;N;N;N;N;N;;FX;GNS;NK;;;;;14.00;0.00;0.00;19.68;0.00;88.00;0.00;2;1982-11-08;Z18;;;PA;1960-01-01
NLD;NLD196000187;;RET;1994-06-23;1994-06-23;NLD196000187;HA-33;MARCA;NLHAR;Harlingen;;N;N;N;N;N;N;;FX;DRB;NK;;;;;10.00;0.00;0.00;7.74;0.00;38.00;0.00;2;1989-04-07;Z18;;;PA;1960-01-01
NLD;NLD196000211;;RET;1994-06-24;1994-06-24;NLD196000211;HD-115;VROUWE ELISABETH;NLDHR;Den Helder;PIKE;Y;N;N;N;N;N;;FX;NK;MIS;;;;;25.38;0.00;0.00;75.19;0.00;207.00;0.00;2;1982-12-09;E17;;;PA;1960-01-01
NLD;NLD196000230;8431815;MOD;2021-01-21;2100-12-31;NLD196000230;EH-15;GERRIT SENIOR;NLENK;Enkhuizen;PIBP;Y;Y;Y;Y;N;Y;245700000;TU;TBB;MIS;;;;;20.19;0.00;39.00;0.00;0.00;188.00;0.00;2;1979-12-21;MFL;;;;1960-01-01
NLD;NLD196000265;;DES;2001-05-22;2001-05-22;NLD196000265;KW-37;JANNETJE GRIETJE;NLKWK;Katwijk;PEZO;Y;N;N;N;N;N;;FX;TBB;MIS;;;;;18.16;0.00;38.00;0.00;0.00;200.00;0.10;2;1976-11-30;4J4;;;AC;1960-01-01
NLD;NLD196000270;;RET;2007-11-22;2007-11-22;NLD196000270;WR-134;DE TIJD;NLWRG;Wieringen/Den Oever;PD9962;Y;N;Y;N;N;N;;FX;TBB;GNS;;;;;15.35;0.00;19.00;0.00;0.00;99.00;0.00;2;1971-01-15;MFL;;;PA;1960-01-01
NLD;NLD196000296;;RET;2014-03-17;2014-03-17;NLD196000296;ZK-20;LAUWERSZEE;NLZOT;Zoutkamp;;N;N;Y;N;N;N;;FX;TBB;FPO;;;;;18.02;0.00;24.00;0.00;0.00;158.00;0.00;2;2009-03-16;MFL;;;PA;1960-01-01
NLD;NLD196000308;;RET;1990-11-12;1990-11-12;NLD196000308;KW-152;SOLI DEO GLORIA;NLKWK;Katwijk;PHPN;Y;N;N;N;N;N;;FX;OTB;MIS;;;;;30.48;0.00;0.00;170.36;0.00;445.00;0.00;2;1972-03-28;KUQ;;;AC;1960-01-01
NLD;NLD196000330;;RET;2002-12-31;2002-12-31;NLD196000330;ST-8;MIRANDA;NLSTA;Stavoren;;N;Y;N;N;N;N;;FX;NK;MIS;;;;;15.70;0.00;0.00;23.00;0.00;99.00;0.00;2;1977-12-13;4JZ;;;PA;1960-01-01
NLD;NLD196000333;;RET;2002-12-31;2002-12-31;NLD196000333;ST-14;LUKAS HARMEN;NLSTA;Stavoren;;N;Y;N;N;N;N;;FX;NK;MIS;;;;;15.53;0.00;15.00;0.00;0.00;83.00;0.00;2;1963-11-19;4JZ;;;PA;1960-01-01
NLD;NLD196000371;;RET;2001-04-01;2001-04-01;NLD196000371;SCH-4;FISHERMAN I;NLSCE;Scheveningen;;N;N;N;N;N;N;;FX;GNS;NK;;;;;9.28;0.00;1.00;0.00;0.00;40.00;0.00;1;1984-11-08;4J7;;;PA;1960-01-01
NLD;NLD196000392;;RET;1994-06-27;1994-06-27;NLD196000392;SCH-333;CORNELIS ROELEVELD;NLSCE;Scheveningen;PDMP;Y;N;N;N;N;N;;FX;LLS;MIS;;;;;38.60;0.00;202.00;0.00;0.00;280.00;0.00;2;1983-04-27;Z18;;;PA;1960-01-01
NLD;NLD196000454;;RET;2013-07-01;2013-07-01;NLD196000454;SL-6;CORNELIA CHRISTINA;NLSTD;Stellendam;PD3215;Y;N;Y;N;N;N;;FX;TBB;OTB;;;;;15.50;0.00;17.00;0.00;0.00;113.00;0.00;2;1960-04-06;MFL;;;PA;1960-01-01
NLD;NLD196000465;;RET;2001-04-01;2001-04-01;NLD196000465;UK-12;DE VROUW NAALKE;NLURK;Urk;;N;N;N;N;N;N;;FX;LLS;NK;;;;;16.00;0.00;21.00;0.00;0.00;113.00;0.00;2;1963-01-17;4JZ;;;PA;1960-01-01
NLD;NLD196000494;;RET;2008-12-19;2008-12-19;NLD196000494;ZK-68;ALBATROS;NLZOT;Zoutkamp;PEYX;Y;N;Y;N;N;N;;FX;TBB;OTB;;;;;21.90;0.00;58.00;0.00;0.00;208.00;11.00;2;1980-07-14;MFL;;;PA;1960-01-01
NLD;NLD196000505;;RET;2002-12-31;2002-12-31;NLD196000505;VD-10;ST. FRANCISCUS;NLVOD;Volendam;;N;Y;N;N;N;N;;FX;LLS;MIS;;;;;13.48;0.00;17.00;0.00;0.00;94.00;0.00;2;1977-12-06;4JZ;;;PA;1960-01-01
NLD;NLD196000517;;RET;1994-06-28;1994-06-28;NLD196000517;ZZ-2;KREEFT;NLZIE;Zierikzee;;N;N;N;N;N;N;;FX;NK;MIS;;;;;6.80;0.00;0.00;3.03;0.00;30.00;0.00;2;1960-01-11;Z18;;;PA;1960-01-01
NLD;NLD196000537;;RET;1994-09-08;1994-09-08;NLD196000537;UK-35;NOORDSTER;NLURK;Urk;;N;N;N;N;N;N;;FX;NK;MIS;;;;;15.58;0.00;0.00;25.94;0.00;110.00;0.00;2;1967-05-05;Z18;;;PA;1960-01-01
NLD;NLD196000551;;RET;2002-12-31;2002-12-31;NLD196000551;WR-1;ANNE MARIJN;NLWRG;Wieringen/Den Oever;PCRR;Y;N;Y;N;N;N;;FX;OTB;MIS;;;;;25.69;0.00;89.00;0.00;0.00;368.00;50.00;2;1973-03-01;4J3;;;AC;1960-01-01
NLD;NLD196000569;;EXP;1990-07-17;1990-07-17;NLD196000569;WR-7;JOHANNA;NLWRG;Wieringen/Den Oever;PFDP;Y;N;N;N;N;N;;FX;TBB;OTB;;;;;24.07;0.00;0.00;94.21;0.00;221.00;0.00;2;1973-04-02;KUQ;IRL;EX;PA;1960-01-01
NLD;NLD196000594;;DES;1996-04-25;1996-04-25;NLD196000594;WR-15;PIETER CORNELIS;NLWRG;Wieringen/Den Oever;PGSW;Y;N;N;N;N;N;;FX;TBB;MIS;;;;;23.75;0.00;68.00;0.00;0.00;220.00;0.00;2;1981-09-23;E17;;;PA;1960-01-01
NLD;NLD196000645;;RET;2007-08-31;2007-08-31;NLD196000645;ZK-16;NORDHAVET;NLZOT;Zoutkamp;;N;N;N;N;N;N;;FX;TBB;OTB;;;;;12.31;0.00;11.00;0.00;0.00;77.00;0.00;1;1981-07-03;MFL;;;PA;1960-01-01
NLD;NLD196000651;;RET;1994-07-14;1994-07-14;NLD196000651;KW-87;PIETER AGATHA;NLKWK;Katwijk;PGSH;Y;N;N;N;N;N;;FX;OTB;TBB;;;;;25.66;0.00;0.00;93.89;0.00;397.00;0.00;2;1980-08-28;Z18;;;AC;1960-01-01
NLD;NLD196000656;;RET;2002-12-31;2002-12-31;NLD196000656;VD-94;DE GEBROEDERS;NLVOD;Volendam;;N;Y;N;N;N;N;;FX;GNS;MIS;;;;;17.52;0.00;20.00;0.00;0.00;176.00;0.00;2;1977-06-14;4JZ;;;PA;1960-01-01
NLD;NLD196000692;;RET;2013-07-01;2013-07-01;NLD196000692;ZK-1;ZEEPAARD;NLZOT;Zoutkamp;;N;N;N;N;N;N;;FX;FPO;MIS;;;;;12.22;0.00;11.00;0.00;0.00;96.00;0.00;2;1970-02-11;MFL;;;PA;1960-01-01
NLD;NLD196000704;;EXP;1999-08-17;1999-08-17;NLD196000704;WR-136;WILHELMINA;NLWRG;Wieringen/Den Oever;PIPT;Y;N;N;N;N;N;;FX;OTB;TBB;;;;;24.92;0.00;87.00;0.00;0.00;221.00;51.00;2;1980-08-07;4J4;IRL;EX;PA;1960-01-01
NLD;NLD196000732;;RET;2002-12-31;2002-12-31;NLD196000732;WR-173;IJSSELMEER;NLWRG;Wieringen/Den Oever;;N;Y;N;N;N;N;;FX;TBB;NK;;;;;17.00;0.00;23.00;0.00;0.00;79.00;0.00;2;1964-08-27;4JZ;;;PA;1960-01-01
NLD;NLD196000755;8431944;MOD;2019-01-04;2100-12-31;NLD196000755;WR-98;ELSE JEANNETTE;NLWRG;Wieringen/Den Oever;PDWC;Y;Y;Y;Y;N;Y;245352000;TU;TBB;OTB;;;;;23.70;0.00;75.00;0.00;0.00;221.00;0.00;2;1972-08-01;MFL;;;;1960-01-01
NLD;NLD196000768;8432742;MOD;2023-03-14;2100-12-31;NLD196000768;WR-71;MARRY-AN;NLWRG;Wieringen/Den Oever;PFVJ;Y;Y;Y;Y;N;Y;245667000;TU;TBB;OTB;;;;;19.08;0.00;40.00;0.00;0.00;220.00;0.00;2;1965-07-02;MFL;;;;1960-01-01
NLD;NLD196000787;8431827;MOD;2020-06-26;2100-12-31;NLD196000787;UK-77;ALBERT H;NLURK;Urk;PHIG;Y;Y;Y;Y;N;Y;244446000;TU;TBB;MIS;;;;;19.14;0.00;35.00;0.00;0.00;176.00;30.00;2;1965-06-28;MFL;;;;1960-01-01
NLD;NLD196000824;8431475;MOD;2022-11-14;2100-12-31;NLD196000824;WR-36;NOVA VICTORIA;NLWRG;Wieringen/Den Oever;PCLM;Y;Y;Y;Y;N;Y;244877000;TU;TBB;MIS;;;;;21.25;0.00;39.00;0.00;0.00;221.00;0.00;2;1978-02-06;MFL;;;;1960-01-01
NLD;NLD196000846;;RET;1994-07-07;1994-07-07;NLD196000846;WR-163;WR-163;NLWRG;Wieringen/Den Oever;;N;N;N;N;N;N;;FX;NK;MIS;;;;;5.80;0.00;0.00;4.00;0.00;11.00;0.00;2;1976-09-27;Z18;;;PA;1960-01-01
NLD;NLD196000892;;RET;1993-06-07;1993-06-07;NLD196000892;UK-185;THE WHITE SEA;NLURK;Urk;;N;N;N;N;N;N;;FX;GNS;MIS;;;;;21.50;0.00;0.00;74.87;0.00;154.00;0.00;1;1988-09-08;Z18;;;AC;1960-01-01
NLD;NLD196000955;;RET;2002-12-31;2002-12-31;NLD196000955;UK-122;FRANK;NLURK;Urk;;N;Y;N;N;N;N;;FX;GNS;NK;;;;;13.54;0.00;31.00;0.00;0.00;113.00;0.00;2;1960-07-20;4JZ;;;PA;1960-01-01
NLD;NLD196000962;;RET;2002-12-31;2002-12-31;NLD196000962;OL-3;BONNY;NLDDE;Oostdongeradeel;PDXA;Y;N;N;N;N;N;;FX;OTB;TBB;;;;;20.27;0.00;45.00;0.00;0.00;221.00;20.00;2;1980-02-20;4J6;;;AC;1960-01-01
NLD;NLD196000999;;RET;2001-05-14;2001-05-14;NLD196000999;LE-23;GRIETJE GESINA;NLLEM;Lemsterland;;N;N;N;N;N;N;;FX;LLS;MIS;;;;;14.90;0.00;10.00;0.00;0.00;71.00;0.00;2;1978-04-19;4JZ;;;PA;1960-01-01
NLD;NLD196001107;;RET;1993-01-21;1993-01-21;NLD196001107;IJM-17;PLEUN;NLIJM;Ijmuiden/Velsen;PGTT;Y;N;N;N;N;N;;FX;GNS;MIS;;;;;26.81;0.00;112.00;0.00;0.00;309.00;33.00;2;1990-11-14;Z18;;;AC;1960-01-01
NLD;NLD196001178;;RET;1991-10-10;1991-10-10;NLD196001178;IJM-28;ROBBIE-LISETTE;NLIJM;Ijmuiden/Velsen;;N;N;N;N;N;N;;FX;GNS;LLS;;;;;7.50;0.00;0.00;8.68;0.00;37.00;0.00;3;1991-02-13;OVG;;;PA;1960-01-01
NLD;NLD196001275;;RET;1994-06-24;1994-06-24;NLD196001275;HD-40;FRANCIS;NLDHR;Den Helder;;N;N;N;N;N;N;;FX;LLS;NK;;;;;6.40;0.00;0.00;3.76;0.00;10.00;0.00;3;1991-05-16;Z18;;;PA;1960-01-01
NLD;NLD196001404;;RET;1994-06-24;1994-06-24;NLD196001404;HON-23;MARCO;NLHTN;Hontenisse;;N;N;N;N;N;N;;FX;TBB;MIS;;;;;7.80;0.00;0.00;2.00;0.00;10.00;0.00;2;1991-06-19;Z18;;;PA;1960-01-01
NLD;NLD196001417;;DES;1997-05-28;1997-05-28;NLD196001417;IJM-316;PESCADOR;NLIJM;Ijmuiden/Velsen;;N;N;N;N;N;N;;FX;GNS;OTB;;;;;9.20;0.00;0.00;11.84;0.00;88.00;0.00;2;1991-06-20;4J7;;;PA;1960-01-01
NLD;NLD196001465;;RET;1996-11-05;1996-11-05;NLD196001465;WR-181;WOUTER;NLWRG;Wieringen/Den Oever;;N;N;N;N;N;N;;FX;FPO;NK;;;;;6.40;0.00;2.00;0.00;0.00;7.00;0.00;2;1991-08-07;Z18;;;PA;1960-01-01
NLD;NLD196001473;;RET;1992-03-04;1992-03-04;NLD196001473;GO-77;TWEE GEBROEDERS;NLGDR;Goedereede;;N;N;N;N;N;N;;FX;OTB;OTM;;;;;17.45;0.00;0.00;56.24;0.00;167.00;18.00;1;1991-08-16;Z18;;;PA;1960-01-01
NLD;NLD196001556;;RET;1997-07-11;1997-07-11;NLD196001556;IJM-28;RUDOLF;NLIJM;Ijmuiden/Velsen;;N;N;N;N;N;N;;FX;GNS;SDN;;;;;7.50;0.00;4.00;0.00;0.00;48.00;0.00;3;1991-10-17;4J7;;;PA;1960-01-01
NLD;NLD196001566;;RET;1994-06-28;1994-06-28;NLD196001566;WR-97;MS AVONTUUR;NLWRG;Wieringen/Den Oever;;N;N;N;N;N;N;;FX;TBB;OTB;;;;;12.82;0.00;0.00;17.80;0.00;176.00;0.00;2;1991-10-28;Z18;;;PA;1960-01-01
NLD;NLD196001685;;RET;1996-01-31;1996-01-31;NLD196001685;WR-139;JOHANNA III;NLWRG;Wieringen/Den Oever;;N;N;N;N;N;N;;FX;FPO;GNS;;;;;6.00;0.00;0.00;2.10;0.00;6.00;0.00;2;1992-08-10;Z18;;;PA;1960-01-01
NLD;NLD196001694;;RET;1994-02-16;1994-02-16;NLD196001694;HON-36;RICSON;NLHTN;Hontenisse;;N;N;N;N;N;N;;FX;TBB;FPO;;;;;7.00;0.00;0.00;6.93;0.00;11.00;0.00;2;1992-09-09;Z18;;;PA;1960-01-01
NLD;NLD196001751;;RET;1998-09-03;1998-09-03;NLD196001751;YE-21;PETE;NLYSK;Yerseke;;N;N;N;N;N;N;;FX;FPO;NK;;;;;8.20;0.00;0.00;12.66;0.00;7.00;0.00;2;1993-03-01;4J7;;;PA;1960-01-01
NLD;NLD196001753;;RET;1993-06-08;1993-06-08;NLD196001753;LE-65;SEA HUNTER;NLLEM;Lemsterland;;N;N;N;N;N;N;;FX;GNS;TBB;;;;;3.80;0.00;0.00;1.30;0.00;11.00;0.00;2;1993-03-02;Z18;;;PA;1960-01-01
NLD;NLD196001758;;RET;2002-12-31;2002-12-31;NLD196001758;UK-65;JENNY MAARTEN;NLURK;Urk;;N;N;N;N;N;N;;FX;NK;MIS;;;;;16.50;0.00;19.00;0.00;0.00;88.00;0.00;2;1993-04-06;4JZ;;;PA;1960-01-01
NLD;NLD196001855;;RET;2024-10-02;2024-10-02;NLD196001855;LO-4;RANA;NLLAN;Lauwersoog;PF5989;Y;N;Y;Y;N;Y;244020461;TU;TBB;MIS;;;;;13.50;0.00;13.00;0.00;0.00;88.00;0.00;2;1994-02-08;MFL;;;PA;1960-01-01
NLD;NLD196001953;;MOD;2025-07-10;2100-12-31;NLD196001953;WR-139;JOHANNA III;NLWRG;Wieringen/Den Oever;;N;Y;N;N;Y;N;;FX;FPO;MIS;;;;;3.40;0.00;1.00;0.00;0.00;6.00;0.00;3;1996-01-31;MFL;;;PA;1960-01-01
NLD;NLD196002052;;RET;1998-09-03;1998-09-03;NLD196002052;EH-3;DOLFIJN;NLENK;Enkhuizen;;N;N;N;N;N;N;;FX;GNS;LLS;;;;;7.20;0.00;0.00;5.85;0.00;15.00;0.00;2;1997-05-16;4JZ;;;PA;1960-01-01
NLD;NLD196100018;8431633;MOD;2020-07-29;2100-12-31;NLD196100018;ZK-47;PIETER JOHANNES;NLZOT;Zoutkamp;PGAO;Y;Y;Y;Y;N;Y;244806000;TU;TBB;PTB;;;;;20.61;0.00;39.00;0.00;0.00;220.00;9.00;2;1967-01-04;MFL;;;;1961-01-01
NLD;NLD196100019;;EXP;1990-02-01;1990-02-01;NLD196100019;SL-8;JACOB;NLSTD;Stellendam;;N;N;N;N;N;N;;FX;OTM;MIS;;;;;28.95;0.00;0.00;135.51;0.00;588.00;0.00;2;1978-12-12;OVG;IRL;EX;PA;1961-01-01
NLD;NLD196100126;;RET;1996-11-08;1996-11-08;NLD196100126;EH-45;DE VROUWE KLAZIENA;NLENK;Enkhuizen;;N;N;N;N;N;N;;FX;NK;MIS;;;;;16.00;0.00;0.00;19.10;0.00;96.00;0.00;2;1973-09-14;Z18;;;PA;1961-01-01
NLD;NLD196100233;;RET;1991-05-06;1991-05-06;NLD196100233;KW-7;JOKE;NLKWK;Katwijk;PFEF;Y;N;N;N;N;N;;FX;TBB;MIS;;;;;28.95;0.00;0.00;128.96;0.00;588.00;0.00;2;1980-09-15;KUQ;;;AC;1961-01-01
NLD;NLD196100310;;EXP;1989-11-01;1989-11-01;NLD196100310;KW-167;MICHIEL;NLKWK;Katwijk;PFZJ;Y;N;N;N;N;N;;FX;OTM;MIS;;;;;34.64;0.00;0.00;197.99;0.00;625.00;0.00;2;1962-03-05;KUQ;SEN;EX;AC;1961-01-01
NLD;NLD196100322;;RET;1991-03-06;1991-03-06;NLD196100322;KW-191;PIETER AGATHA;NLKWK;Katwijk;PGSR;Y;N;N;N;N;N;;FX;OTB;MIS;;;;;33.60;0.00;0.00;192.31;0.00;588.00;0.00;2;1981-02-09;KUQ;;;AC;1961-01-01
NLD;NLD196100376;;RET;2015-06-17;2015-06-17;NLD196100376;OL-3;BONNY;NLDDE;Oostdongeradeel;PCMH;Y;N;Y;N;N;N;;FX;TBB;OTB;;;;;18.33;0.00;40.00;0.00;0.00;174.00;0.00;2;1965-06-02;MFL;;;PA;1961-01-01
NLD;NLD196100556;;EXP;2001-11-22;2001-11-22;NLD196100556;WR-3;NOORDSTER;NLWRG;Wieringen/Den Oever;PGII;Y;N;N;N;N;N;;FX;TBB;MIS;;;;;18.14;0.00;31.00;0.00;0.00;221.00;0.01;2;1984-01-20;4J4;DEU;;PA;1961-01-01
NLD;NLD196100590;8432845;MOD;2016-10-27;2100-12-31;NLD196100590;WON-77;WIETSKE;NLMKM;Wonseradeel/Makkum;PIRC;Y;Y;Y;Y;N;Y;244982000;TU;TBB;PS;;;;;19.12;0.00;35.00;0.00;0.00;162.00;0.00;2;1979-09-13;MFL;;;;1961-01-01
NLD;NLD196100614;;RET;2002-12-31;2002-12-31;NLD196100614;VD-65;DE OUWE LOEGE;NLVOD;Volendam;;N;Y;N;N;N;N;;FX;GNS;MIS;;;;;13.95;0.00;12.00;0.00;0.00;63.00;0.00;2;1976-06-25;4JZ;;;PA;1961-01-01
NLD;NLD196100679;8431542;MOD;2019-03-21;2100-12-31;NLD196100679;WR-15;CORNELIS JOHANNES;NLWRG;Wieringen/Den Oever;PEKN;Y;Y;Y;Y;N;Y;246095000;TU;TBB;MIS;;;;;18.14;0.00;34.00;0.00;0.00;149.00;0.00;2;1973-04-25;MFL;;;;1961-01-01
NLD;NLD196100699;;MOD;2012-11-09;2100-12-31;NLD196100699;WON-21;JURJENNA;NLMKM;Wonseradeel/Makkum;;N;Y;Y;Y;N;Y;244750180;TU;OTM;TBB;;;;;13.90;0.00;13.00;0.00;0.00;75.00;0.00;2;1981-07-03;MFL;;;;1961-01-01
NLD;NLD196100714;;EXP;1990-07-17;1990-07-17;NLD196100714;HA-46;ANTONIA;NLHAR;Harlingen;;N;N;N;N;N;N;;FX;TBB;MIS;;;;;26.20;0.00;0.00;80.81;0.00;463.00;0.00;2;1974-01-29;KUQ;IRL;EX;PA;1961-01-01
NLD;NLD196100718;;RET;2002-12-31;2002-12-31;NLD196100718;UK-54;GRIETJE;NLURK;Urk;PEKS;Y;N;N;N;N;N;;FX;NK;MIS;;;;;16.43;0.00;21.00;0.00;0.00;115.00;44.00;2;1961-04-25;4JZ;;;PA;1961-01-01
NLD;NLD196100754;;EXP;1999-02-24;1999-02-24;NLD196100754;ZK-15;LAMBERT;NLZOT;Zoutkamp;PHXZ;Y;N;N;N;N;N;;FX;TBB;MIS;;;;;21.91;0.00;51.00;0.00;0.00;220.00;42.00;2;1964-06-02;4J4;IRL;EX;PA;1961-01-01
NLD;NLD196100804;;EXP;2004-02-13;2004-02-13;NLD196100804;YE-36;EENDRACHT;NLYSK;Yerseke;ONB 8;Y;Y;N;N;N;N;;FX;DRB;MIS;;;;;36.54;0.00;186.00;0.00;0.00;452.00;0.00;2;1980-01-25;AQU;IRL;EX;PA;1961-01-01
NLD;NLD196100809;8432015;MOD;2019-06-27;2100-12-31;NLD196100809;SL-2;ARENTJE;NLSTD;Stellendam;PGUJ;Y;Y;Y;Y;N;Y;246299000;MO;TBB;FPO;;;;;20.80;0.00;36.00;0.00;0.00;221.00;30.00;2;1962-01-23;MFL;;;;1961-01-01
NLD;NLD196100847;;EXP;1999-11-09;1999-11-09;NLD196100847;UK-170;EN AVANT;NLURK;Urk;PDXR;Y;N;N;N;N;N;;FX;OTB;PTB;;;;;25.16;0.00;92.00;0.00;0.00;265.00;63.00;2;1980-01-18;4J3;SUR;EX;PA;1961-01-01
NLD;NLD196101043;;RET;2011-02-24;2011-02-24;NLD196101043;HA-38;FRISIA;NLHAR;Harlingen;PEEC;Y;N;Y;N;N;N;;FX;HMD;DRB;;;;;42.25;0.00;258.00;0.00;0.00;396.00;175.00;2;1990-03-01;MFL;;;PA;1961-01-01
NLD;NLD196101187;;RET;2001-04-01;2001-04-01;NLD196101187;HD-35;JANETTE;NLDHR;Den Helder;;N;N;N;N;N;N;;FX;TBB;GNS;;;;;8.07;0.00;5.00;0.00;0.00;37.00;0.00;1;1991-03-06;4J5;;;PA;1961-01-01
NLD;NLD196101264;;RET;1994-06-24;1994-06-24;NLD196101264;HD-42;PIONIER;NLDHR;Den Helder;;N;N;N;N;N;N;;FX;GNS;NK;;;;;8.00;0.00;0.00;7.68;0.00;37.00;0.00;1;1991-05-14;Z18;;;PA;1961-01-01
NLD;NLD196101325;;RET;1994-06-27;1994-06-27;NLD196101325;VLI-34;HOBBY;NLVLI;Vlissingen;;N;N;N;N;N;N;;FX;TBB;MIS;;;;;4.45;0.00;0.00;0.97;0.00;12.00;4.00;3;1991-06-06;Z18;;;PA;1961-01-01
NLD;NLD196101961;;RET;2015-11-30;2015-11-30;NLD196101961;HA-5;THORSTEN J;NLHAR;Harlingen;PHYN;Y;N;Y;N;N;N;;FX;HMD;MIS;;;;;41.78;0.00;216.00;0.00;0.00;634.00;300.00;2;1996-03-11;MFL;;;PA;1961-01-01
NLD;NLD196102491;;RET;2001-04-01;2001-04-01;NLD196102491;IJM-88;WHY-K-NOT;NLIJM;Ijmuiden/Velsen;;N;N;N;N;N;N;;FX;FPO;GNS;;;;;21.00;0.00;0.00;39.00;0.00;1.00;0.00;2;1999-08-09;4J7;;;PA;1961-01-01
NLD;NLD196102576;;RET;2001-04-01;2001-04-01;NLD196102576;ZK-66;VERTROUWEN;NLZOT;Zoutkamp;PEUY;Y;N;N;N;N;N;;FX;NK;MIS;;;;;48.40;0.00;316.00;0.00;0.00;169.00;545.00;2;2000-04-14;4J7;;;PA;1961-01-01
NLD;NLD196200131;;RET;2000-04-01;2000-04-01;NLD196200131;OD-52;JET;NLGDO;Goedereede-Ouddorp;PIBF;Y;N;N;N;N;N;;FX;TBB;NK;;;;;17.83;0.00;24.00;0.00;0.00;134.00;0.00;2;1980-10-29;4J6;;;PA;1962-01-01
NLD;NLD196200222;;RET;1990-09-28;1990-09-28;NLD196200222;HD-202;JONAS;NLDHR;Den Helder;PFEH;Y;N;N;N;N;N;;FX;TBB;MIS;;;;;33.00;0.00;0.00;150.68;0.00;787.00;0.00;2;1971-06-26;KUQ;;;AC;1962-01-01
NLD;NLD196200319;;RET;1997-07-11;1997-07-11;NLD196200319;KW-44;WILLY ALIDA;NLKWK;Katwijk;PDNW;Y;N;N;N;N;N;;FX;TBB;MIS;;;;;17.90;0.00;33.00;0.00;0.00;199.00;0.00;2;1984-07-20;4J6;;;PA;1962-01-01
NLD;NLD196200324;8432584;MOD;2023-05-22;2100-12-31;NLD196200324;ZK-80;LINQUENDA;NLZOT;Zoutkamp;PDGI;Y;Y;Y;Y;N;Y;246459000;MO;FPO;TBB;;;;;24.89;0.00;88.00;0.00;0.00;221.00;22.00;2;1979-05-31;MFL;;;;1962-01-01
NLD;NLD196200332;;RET;1993-04-20;1993-04-20;NLD196200332;SCH-60;MARTINA JOHANNA;NLSCE;Scheveningen;PFWO;Y;N;N;N;N;N;;FX;TBB;MIS;;;;;19.02;0.00;0.00;44.50;0.00;202.00;0.00;2;1981-12-23;Z18;;;AC;1962-01-01
NLD;NLD196200342;;EXP;2005-12-15;2005-12-15;NLD196200342;OL-4;DE VOLHARDING;NLDDE;Oostdongeradeel;PEYJ;Y;N;Y;N;N;N;;FX;TBB;MIS;;;;;16.95;0.00;27.00;0.00;0.00;175.00;7.00;2;1971-03-04;MFL;ZAF;EX;PA;1962-01-01
NLD;NLD196200405;;RET;1994-06-23;1994-06-23;NLD196200405;HA-35;HA-35;NLHAR;Harlingen;;N;N;N;N;N;N;;FX;FPO;NK;;;;;8.50;0.00;0.00;2.00;0.00;53.00;0.00;2;1980-04-21;Z18;;;PA;1962-01-01
NLD;NLD196200482;8431918;DES;2023-07-28;2023-07-28;NLD196200482;WR-18;IN SOLIDUM;NLWRG;Wieringen/Den Oever;PFDA;Y;N;Y;Y;N;Y;244775000;MO;TBB;OTB;;;;;24.88;0.00;64.00;0.00;0.00;221.00;25.00;2;1970-10-19;MFL;;;AC;1962-01-01
NLD;NLD196200486;;EXP;1990-08-31;1990-08-31;NLD196200486;WK-7;REUZEN JAN;NLWKU;Workum;PHAE;Y;N;N;N;N;N;;FX;TBB;MIS;;;;;19.03;0.00;0.00;39.60;0.00;210.00;0.00;2;1980-04-18;KDQ;DNK;;PA;1962-01-01
NLD;NLD196200553;;EXP;1990-07-19;1990-07-19;NLD196200553;UK-17;JANNIE;NLURK;Urk;PEZU;Y;N;N;N;N;N;;FX;TBB;MIS;;;;;37.10;0.00;0.00;230.57;0.00;883.00;0.00;2;1981-12-29;KUQ;ESP;EX;AC;1962-01-01
NLD;NLD196200609;;RET;1990-03-01;1990-03-01;NLD196200609;TX-88;ANNA MARIA;NLTEX;Texel;PCRR;Y;N;N;N;N;N;;FX;TBB;MIS;;;;;27.17;0.00;0.00;103.47;0.00;265.00;0.00;2;1983-02-23;KDQ;;;AC;1962-01-01
NLD;NLD196200653;;RET;1991-06-07;1991-06-07;NLD196200653;ZK-157;AALTJE POSTMA;NLZOT;Zoutkamp;;N;N;N;N;N;N;;FX;TBB;MIS;;;;;33.00;0.00;0.00;158.91;0.00;772.00;0.00;2;1980-08-28;KUQ;;;PA;1962-01-01
NLD;NLD196200686;8432704;MOD;2018-05-01;2100-12-31;NLD196200686;WR-122;ANNE-NOËLLE;NLWRG;Wieringen/Den Oever;PFFQ;Y;Y;Y;Y;N;Y;246503000;TU;TBB;OTT;;;;;24.66;0.00;63.00;0.00;0.00;221.00;50.00;2;1978-10-17;MFL;;;;1962-01-01
NLD;NLD196200744;8432572;MOD;2020-06-30;2100-12-31;NLD196200744;ZK-21;ANNA;NLZOT;Zoutkamp;PDEW;Y;Y;Y;Y;N;Y;245436000;TU;TBB;PTB;;;;;21.96;0.00;46.00;0.00;0.00;221.00;0.00;2;1980-11-11;MFL;;;;1962-01-01
NLD;NLD196200789;;EXP;1993-01-14;1993-01-14;NLD196200789;WR-76;CORNELIS FERDINAND;NLWRG;Wieringen/Den Oever;PDKU;Y;N;N;N;N;N;;FX;OTB;MIS;;;;;29.83;0.00;0.00;115.68;0.00;441.00;0.00;2;1973-06-25;Z18;IRL;EX;PA;1962-01-01
NLD;NLD196200805;8432807;MOD;2023-03-03;2100-12-31;NLD196200805;WR-88;FIDES MAREM;NLWRG;Wieringen/Den Oever;PGYN;Y;Y;Y;Y;N;Y;246176000;FX;TBB;OTB;;;;;21.25;0.00;61.00;0.00;0.00;221.00;130.00;2;1975-06-18;MFL;;;;1962-01-01
NLD;NLD196200996;;RET;1991-06-21;1991-06-21;NLD196200996;UK-289;CORNELIS DE RIDDER;NLURK;Urk;PDKH;Y;N;N;N;N;N;;FX;OTB;TBB;;;;;28.60;0.00;0.00;129.44;0.00;529.00;0.00;2;1981-11-17;KUQ;;;AC;1962-01-01
NLD;NLD196201140;;MOD;2024-01-12;2100-12-31;NLD196201140;TX-17;ADRIANA;NLTEX;Texel;PF2729;Y;Y;N;N;Y;N;;TU;TBB;MIS;;;;;8.60;0.00;4.00;0.00;0.00;51.00;0.00;3;1991-01-18;MFL;;;;1962-01-01
NLD;NLD196201599;;RET;1994-06-27;1994-06-27;NLD196201599;IJM-315;THORINA;NLIJM;Ijmuiden/Velsen;;N;N;N;N;N;N;;FX;GNS;LLS;;;;;6.30;0.00;0.00;5.46;0.00;16.00;0.00;3;1992-01-13;Z18;;;PA;1962-01-01
NLD;NLD196201796;;RET;1997-07-11;1997-07-11;NLD196201796;IJM-19;PANDORA;NLIJM;Ijmuiden/Velsen;;N;N;N;N;N;N;;FX;FPO;GNS;;;;;8.20;0.00;2.00;0.00;0.00;16.00;0.00;3;1993-06-29;4J7;;;PA;1962-01-01
NLD;NLD196300034;;DES;2007-03-01;2007-03-01;NLD196300034;HD-147;WILHELMINA;NLDHR;Den Helder;PIPP;Y;N;Y;N;N;N;;FX;TBB;MIS;;;;;21.10;0.00;53.00;0.00;0.00;221.00;0.00;2;1970-07-08;MFL;;;PA;1963-01-01
NLD;NLD196300083;;RET;2022-11-24;2022-11-24;NLD196300083;TH-26;ZEEHAAN;NLTHO;Tholen;PC3816;Y;N;Y;Y;N;Y;244780214;DB;DRH;FPO;;;;;26.50;0.00;60.00;0.00;0.00;162.00;0.00;2;1975-02-24;MFL;;;PA;1963-01-01
NLD;NLD196300229;;DES;1991-06-18;1991-06-18;NLD196300229;KW-4;JANNY JACOBA;NLKWK;Katwijk;PFAJ;Y;N;N;N;N;N;;FX;OTB;MIS;;;;;34.74;0.00;0.00;168.67;0.00;728.00;0.00;2;1979-03-30;KUQ;;;AC;1963-01-01
NLD;NLD196300294;;RET;1991-02-07;1991-02-07;NLD196300294;KW-125;MAARTEN SENIOR;NLKWK;Katwijk;PFQV;Y;N;N;N;N;N;;FX;OTB;MIS;;;;;29.75;0.00;118.00;0.00;0.00;441.00;0.00;2;1980-05-06;KUQ;;;AC;1963-01-01
NLD;NLD196300331;8432120;MOD;2015-10-19;2100-12-31;NLD196300331;ZK-49;TWEE GEBROEDERS;NLZOT;Zoutkamp;PHXM;Y;Y;Y;Y;N;Y;244658000;TU;TBB;MIS;;;;;21.06;0.00;60.00;0.00;0.00;220.00;36.10;2;1981-02-12;MFL;;;;1963-01-01
NLD;NLD196300345;;EXP;2003-10-15;2003-10-15;NLD196300345;BR-39;ELENA;NLBRS;Breskens;PDVE;Y;N;N;N;N;N;;FX;TBB;OTB;;;;;18.50;0.00;36.00;0.00;0.00;188.00;0.00;2;1967-09-04;MFL;DEU;EX;PA;1963-01-01
NLD;NLD196300396;;RET;2003-01-21;2003-01-21;NLD196300396;UK-25;ELISE;NLURK;Urk;;N;N;N;N;N;N;;FX;TBB;TBB;;;;;21.74;0.00;51.00;0.00;0.00;221.00;0.00;2;1980-09-10;MFL;;;PA;1963-01-01
NLD;NLD196300447;;RET;2002-12-16;2002-12-16;NLD196300447;TX-27;LIDA MARCO;NLTEX;Texel;;N;N;N;N;N;N;;FX;TBB;MIS;;;;;33.00;0.00;170.00;0.00;0.00;221.00;0.00;2;1981-09-30;4J6;;;PA;1963-01-01
NLD;NLD196300448;;RET;1991-05-15;1991-05-15;NLD196300448;UK-7;JANNETJE;NLURK;Urk;PFAM;Y;N;N;N;N;N;;FX;OTM;MIS;;;;;25.50;0.00;0.00;79.82;0.00;390.00;0.00;2;1971-09-14;KUQ;;;PA;1963-01-01
NLD;NLD196300513;;DES;1993-12-29;1993-12-29;NLD196300513;IJM-209;MEIJERT MENNO;NLIJM;Ijmuiden/Velsen;;N;N;N;N;N;N;;FX;OTB;PTM;;;;;33.10;0.00;0.00;167.66;0.00;588.00;0.00;2;1976-06-28;Z18;;;PA;1963-01-01
NLD;NLD196300613;;RET;2002-08-26;2002-08-26;NLD196300613;TH-16;WILLEMINA MARIA;NLTHO;Tholen;;N;N;N;N;N;N;;FX;TBB;NK;;;;;24.80;0.00;63.00;0.00;0.00;221.00;0.00;2;1981-01-09;4JZ;;;AC;1963-01-01
NLD;NLD196300615;8432182;MOD;2017-07-04;2100-12-31;NLD196300615;UK-168;KEES KORF;NLURK;Urk;PDXH;Y;Y;Y;Y;N;Y;245572000;TU;TBB;MIS;;;;;24.60;0.00;83.00;0.00;0.00;221.00;0.00;2;1980-03-31;MFL;;;;1963-01-01
NLD;NLD196300617;;RET;2002-12-31;2002-12-31;NLD196300617;GO-52;ZEEHOND;NLGDR;Goedereede;;N;N;N;N;N;N;;FX;TBB;MIS;;;;;18.43;0.00;56.00;0.00;0.00;221.00;0.00;2;1980-10-28;4J6;;;AC;1963-01-01
NLD;NLD196300631;8431750;MOD;2019-08-07;2100-12-31;NLD196300631;ZK-23;SEMPER FIDELIS;NLZOT;Zoutkamp;PBFI;Y;Y;Y;Y;N;Y;245883000;TU;TBB;MIS;;;;;21.72;0.00;43.00;0.00;0.00;221.00;55.00;2;1980-02-13;MFL;;;;1963-01-01
NLD;NLD196300652;8432728;MOD;2017-01-05;2100-12-31;NLD196300652;WR-291;ESTHER JENKE;NLWRG;Wieringen/Den Oever;PFMI;Y;Y;Y;Y;N;Y;244213000;TU;TBB;OTB;;;;;21.06;0.00;57.00;0.00;0.00;221.00;22.00;2;1970-11-19;MFL;;;;1963-01-01
NLD;NLD196300665;;RET;2001-04-01;2001-04-01;NLD196300665;WR-15;BOUKJE ELISABETH;NLWRG;Wieringen/Den Oever;PGSW;Y;N;N;N;N;N;;FX;OTB;MIS;;;;;23.80;0.00;53.00;0.00;0.00;220.00;0.00;2;1981-11-04;4J7;;;PA;1963-01-01
NLD;NLD196300693;;EXP;1992-12-18;1992-12-18;NLD196300693;WR-126;VERTRAUEN;NLWRG;Wieringen/Den Oever;PIFM;Y;N;N;N;N;N;;FX;OTB;MIS;;;;;35.75;0.00;0.00;194.09;0.00;427.00;0.00;2;1980-03-25;Z18;DEU;EX;PA;1963-01-01
NLD;NLD196300697;8432065;DES;2022-02-01;2022-02-01;NLD196300697;WR-129;JACOB MARCEL;NLWRG;Wieringen/Den Oever;PEKX;Y;N;Y;Y;N;Y;245269000;MO;TBB;MIS;;;;;24.30;0.00;87.00;0.00;0.00;221.00;145.00;2;1980-05-14;MFL;;;PA;1963-01-01
NLD;NLD196300716;8432479;DES;2023-05-31;2023-05-31;NLD196300716;UK-171;SPES SALUTIS;NLURK;Urk;PCZG;Y;N;Y;Y;N;Y;245502000;MO;OTT;TBB;;;;;23.46;0.00;77.00;0.00;0.00;220.00;0.00;2;1981-09-17;MFL;;;AC;1963-01-01
NLD;NLD196300782;;RET;1990-01-30;1990-01-30;NLD196300782;UK-78;JANNETJE;NLURK;Urk;PEZQ;Y;N;N;N;N;N;;FX;TBB;MIS;;;;;32.92;0.00;0.00;151.41;0.00;956.00;0.00;2;1973-07-03;KUQ;;;AC;1963-01-01
NLD;NLD196301097;;MOD;2025-07-18;2100-12-31;NLD196301097;UQ-11;PARMA;NLNPZ;Usquert/Noordpolderzijl;PG4092;Y;Y;N;N;Y;N;;WO;LLD;LHP;;;;;7.42;0.00;2.00;0.00;0.00;16.00;0.00;2;2012-07-23;MFL;;;;1963-01-01
NLD;NLD196301147;8878130;CHA;2019-06-30;2100-12-31;NLD196301147;YE-35;RI-JOS;NLYSK;Yerseke;PB4118;Y;Y;N;N;N;Y;244650703;DB;DRH;MIS;;;;;43.53;0.00;240.00;0.00;0.00;501.00;700.00;2;1994-07-06;AQU;;;;1963-01-01
NLD;NLD196301149;;RET;1994-06-24;1994-06-24;NLD196301149;SCH-30;ORION;NLSCE;Scheveningen;;N;N;N;N;N;N;;FX;OTB;MIS;;;;;8.00;0.00;0.00;4.20;0.00;16.00;0.00;2;1991-01-24;Z18;;;PA;1963-01-01
NLD;NLD196301255;;RET;1994-06-24;1994-06-24;NLD196301255;HD-69;BRUINVIS;NLDHR;Den Helder;;N;N;N;N;N;N;;FX;OTB;PTB;;;;;10.00;0.00;0.00;11.19;0.00;62.00;0.00;2;1991-05-06;Z18;;;PA;1963-01-01
NLD;NLD196301428;;RET;1994-06-27;1994-06-27;NLD196301428;SCH-108;JO;NLSCE;Scheveningen;;N;N;N;N;N;N;;FX;TBB;OTB;;;;;8.50;0.00;0.00;5.81;0.00;30.00;0.00;2;1991-06-24;Z18;;;PA;1963-01-01
NLD;NLD196302032;;RET;2001-12-31;2001-12-31;NLD196302032;WR-389;WADDENZEE;NLWRG;Wieringen/Den Oever;;N;N;N;N;N;N;;FX;TBB;MIS;;;;;18.00;0.00;35.00;0.00;0.00;220.00;0.00;2;1996-12-19;4J4;;;PA;1963-01-01
NLD;NLD196400033;;RET;1989-12-01;1989-12-01;NLD196400033;BRU-7;HOOP OP WELVAART;NLBSE;Bruinisse;PETM;Y;N;N;N;N;N;;FX;TBB;MIS;;;;;34.97;0.00;0.00;169.52;0.00;736.00;0.00;2;1974-01-14;KUQ;;;AC;1964-01-01
NLD;NLD196400107;;MOD;2003-01-01;2100-12-31;NLD196400107;YE-147;CORNELIS;NLYSK;Yerseke;PH5991;Y;Y;N;N;N;N;;FX;DRB;MIS;;;;;32.09;0.00;95.00;0.00;0.00;240.00;0.00;2;1980-02-29;AQU;;;;1964-01-01
NLD;NLD196400149;;RET;2016-01-21;2016-01-21;NLD196400149;VD-77;CORNELIA JOHANNES;NLVOD;Volendam;PGGP;Y;N;Y;N;N;N;;FX;OTT;OTB;;;;;24.95;0.00;82.00;0.00;0.00;221.00;0.00;2;1981-10-16;MFL;;;PA;1964-01-01
NLD;NLD196400242;;RET;2004-03-26;2004-03-26;NLD196400242;ZK-48;RELINQUENDA;NLZOT;Zoutkamp;PGZQ;Y;N;N;N;N;N;;FX;TBB;MIS;;;;;21.71;0.00;73.00;0.00;0.00;206.00;0.00;2;1971-11-23;MFL;;;PA;1964-01-01
NLD;NLD196400316;;RET;2005-12-10;2005-12-10;NLD196400316;KW-173;WILHELMINA;NLKWK;Katwijk;PIPN;Y;N;Y;N;N;N;;FX;OTB;TBB;;;;;30.48;0.00;152.00;0.00;0.00;445.00;210.00;2;1964-03-19;MFL;;;AC;1964-01-01
NLD;NLD196400323;;RET;1990-05-21;1990-05-21;NLD196400323;KW-221;ARIE JACOB;NLKWK;Katwijk;PCTZ;Y;N;N;N;N;N;;FX;OTB;MIS;;;;;34.44;0.00;0.00;141.64;0.00;588.00;0.00;2;1964-06-02;KUQ;;;AC;1964-01-01
NLD;NLD196400449;8432792;MOD;2018-09-14;2100-12-31;NLD196400449;HA-43;DE VROUWE ELISABETH;NLHAR;Harlingen;PGTN;Y;Y;Y;Y;N;Y;244965000;FX;TBB;MIS;;;;;22.90;0.00;72.00;0.00;0.00;221.00;7.00;2;1981-11-04;MFL;;;;1964-01-01
NLD;NLD196400474;8432273;MOD;2013-10-09;2100-12-31;NLD196400474;HA-75;ELIZABETH;NLHAR;Harlingen;PDWR;Y;Y;Y;Y;N;Y;244211000;TU;TBB;MIS;;;;;21.06;0.00;54.00;0.00;0.00;221.00;50.00;2;1966-11-17;MFL;;;;1964-01-01
NLD;NLD196400507;;DES;1993-12-29;1993-12-29;NLD196400507;IJM-207;WIRON VII;NLIJM;Ijmuiden/Velsen;;N;N;N;N;N;N;;FX;OTB;PTM;;;;;32.75;0.00;0.00;150.88;0.00;463.00;0.00;2;1974-09-09;Z18;;;PA;1964-01-01
NLD;NLD196400548;8432209;MOD;2015-08-07;2100-12-31;NLD196400548;WR-112;ZWAANTJE;NLWRG;Wieringen/Den Oever;PIZE;Y;Y;Y;Y;N;Y;244759000;MO;TBB;MIS;;;;;25.45;0.00;71.00;0.00;0.00;219.00;0.00;2;1981-11-09;MFL;;;;1964-01-01
NLD;NLD196400557;;EXP;1991-01-31;1991-01-31;NLD196400557;UK-90;ALBATROS;NLURK;Urk;PCGE;Y;N;N;N;N;N;;FX;TBB;MIS;;;;;33.00;0.00;0.00;148.18;0.00;747.00;0.00;2;1979-02-22;KUQ;GBR;EX;PA;1964-01-01
NLD;NLD196400575;8432211;MOD;2019-04-12;2100-12-31;NLD196400575;UK-123;ORA ET LABORA;NLURK;Urk;PGOE;Y;Y;Y;Y;N;Y;246238000;TU;TBB;MIS;;;;;19.03;0.00;38.00;0.00;0.00;221.00;0.00;2;1981-08-27;MFL;;;;1964-01-01
NLD;NLD196400646;;EXP;2001-11-28;2001-11-28;NLD196400646;ZK-25;LAUWERS;NLZOT;Zoutkamp;PIGX;Y;N;N;N;N;N;;FX;TBB;OTB;;;;;19.03;0.00;44.00;0.00;0.00;221.00;0.00;2;1972-12-11;4J4;DEU;;PA;1964-01-01
NLD;NLD196400688;;RET;1989-11-30;1989-11-30;NLD196400688;WR-39;WR-39;NLWRG;Wieringen/Den Oever;;N;N;N;N;N;N;;FX;NK;MIS;;;;;9.01;0.00;0.00;3.60;0.00;3.00;0.00;2;1972-06-30;KUQ;;;PA;1964-01-01
NLD;NLD196400735;;DES;2011-05-02;2011-05-02;NLD196400735;WR-174;ALEIDA;NLWRG;Wieringen/Den Oever;PCKC;Y;N;Y;N;N;N;;FX;TBB;OTB;;;;;23.85;0.00;68.00;0.00;0.00;221.00;0.00;2;1980-10-22;MFL;;;PA;1964-01-01
NLD;NLD196400750;;RET;1991-01-31;1991-01-31;NLD196400750;WR-224;DE VROUWE TEA;NLWRG;Wieringen/Den Oever;PDPJ;Y;N;N;N;N;N;;FX;OTB;MIS;;;;;31.80;0.00;0.00;122.72;0.00;625.00;0.00;2;1964-10-12;KUQ;;;AC;1964-01-01
NLD;NLD196400793;;DES;2008-01-26;2008-01-26;NLD196400793;YE-31;JOZIAS JANNETJE;NLYSK;Yerseke;PFFU;Y;N;Y;N;N;N;;FX;TBB;PTB;;;;;24.60;0.00;78.00;0.00;0.00;221.00;180.00;2;1972-08-28;MFL;;;AC;1964-01-01
NLD;NLD196400947;;DES;2019-05-06;2019-05-06;NLD196400947;TH-23;TH-23;NLTHO;Tholen;;N;N;N;N;Y;N;;FX;FPO;MIS;;;;;7.10;0.00;4.00;0.00;0.00;53.00;0.00;2;1965-04-27;MFL;;;PA;1964-01-01
NLD;NLD196400953;;EXP;1990-05-21;1990-05-21;NLD196400953;UK-121;HESSEL VAN URK;NLURK;Urk;;N;N;N;N;N;N;;FX;OTB;TBB;;;;;23.75;0.00;0.00;69.93;0.00;221.00;0.00;2;1980-06-16;KUQ;DEU;EX;PA;1964-01-01
NLD;NLD196401038;;RET;2013-11-12;2013-11-12;NLD196401038;HD-102;MARIA CORNELIA;NLDHR;Den Helder;;N;N;N;N;Y;N;;FX;GNS;PS;;;;;9.00;0.00;3.00;0.00;0.00;18.00;0.00;2;1990-02-01;MFL;;;PA;1964-01-01
NLD;NLD196401049;;RET;1991-11-18;1991-11-18;NLD196401049;WR-103;JENNIJ;NLWRG;Wieringen/Den Oever;;N;N;N;N;N;N;;FX;GNS;MIS;;;;;8.10;0.00;0.00;8.31;0.00;18.00;0.00;3;1990-03-19;OVG;;;PA;1964-01-01
NLD;NLD196401060;;RET;2004-06-28;2004-06-28;NLD196401060;IJM-12;ELISABETH;NLIJM;Ijmuiden/Velsen;;N;N;N;N;Y;N;;FX;GNS;NK;;;;;9.00;0.00;4.00;0.00;0.00;63.00;0.00;2;1990-05-21;MFL;;;PA;1964-01-01
NLD;NLD196401400;;MOD;2005-01-01;2100-12-31;NLD196401400;UK-346;BERTUS;NLURK;Urk;;N;Y;N;N;Y;N;;LH;LLS;MIS;;;;;5.86;0.00;1.00;0.00;0.00;15.00;0.00;2;1991-06-19;MFL;;;;1964-01-01
NLD;NLD196401806;;RET;1994-06-24;1994-06-24;NLD196401806;HD-114;BRANDAAN;NLDHR;Den Helder;;N;N;N;N;N;N;;FX;LLS;MIS;;;;;9.00;0.00;0.00;8.94;0.00;15.00;0.00;2;1993-07-29;Z18;;;PA;1964-01-01
NLD;NLD196402009;6413297;RET;2022-12-07;2022-12-07;NLD196402009;KG-8;ENSIS;NLKOG;Kortgene;PDXM;Y;N;Y;Y;N;Y;246364000;DM;DRB;MIS;;;;;33.78;0.00;254.00;0.00;0.00;520.00;220.00;2;1996-10-03;MFL;;;PA;1964-01-01
NLD;NLD196500302;;RET;1992-11-05;1992-11-05;NLD196500302;KW-144;SAMENWERKING;NLKWK;Katwijk;PIQJ;Y;N;N;N;N;N;;FX;OTB;TBB;;;;;21.07;0.00;0.00;49.96;0.00;221.00;0.00;2;1977-09-05;Z18;;;AC;1965-01-01
NLD;NLD196500305;;RET;2001-04-01;2001-04-01;NLD196500305;OD-13;JACOB TRIJNTJE;NLGDO;Goedereede-Ouddorp;;N;N;N;N;N;N;;FX;TBB;MIS;;;;;8.42;0.00;5.00;0.00;0.00;7.00;0.00;2;1988-08-25;4J7;;;PA;1965-01-01
NLD;NLD196500428;8431530;MOD;2017-07-06;2100-12-31;NLD196500428;UK-179;ONDERNEMING;NLURK;Urk;PDUG;Y;Y;Y;Y;N;Y;245562000;MO;TBB;OTT;;;;;25.20;0.00;84.00;0.00;0.00;221.00;0.00;2;1981-11-20;MFL;;;;1965-01-01
NLD;NLD196500681;;EXP;2002-06-11;2002-06-11;NLD196500681;BRU-66;MARIA ROZANNA;NLBSE;Bruinisse;PHTG;Y;N;Y;N;N;N;;FX;TBB;MIS;;;;;26.02;0.00;72.00;0.00;0.00;221.00;0.00;2;1980-12-04;4JZ;SUR;;AC;1965-01-01
NLD;NLD196500723;;RET;1990-08-31;1990-08-31;NLD196500723;VLI-11;SCALLOPER;NLVLI;Vlissingen;;N;N;N;N;N;N;;FX;NK;MIS;;;;;79.20;0.00;0.00;1340.46;0.00;1914.00;0.00;2;1988-02-19;OVG;;;PA;1965-01-01
NLD;NLD196500739;;DES;1993-06-25;1993-06-25;NLD196500739;YE-120;EEMSHORN;NLYSK;Yerseke;;N;N;N;N;N;N;;FX;DRB;MIS;;;;;46.78;0.00;0.00;298.06;0.00;305.00;0.00;2;1988-10-05;Z18;;;PA;1965-01-01
NLD;NLD196500757;;RET;1994-06-28;1994-06-28;NLD196500757;WR-258;SIMON JELLE;NLWRG;Wieringen/Den Oever;;N;N;N;N;N;N;;FX;NK;MIS;;;;;10.00;0.00;0.00;7.00;0.00;52.00;0.00;2;1970-02-23;Z18;;;PA;1965-01-01
NLD;NLD196501054;;RET;1994-06-27;1994-06-27;NLD196501054;UQ-9;HENNY;NLNPZ;Usquert/Noordpolderzijl;;N;N;N;N;N;N;;FX;NK;MIS;;;;;6.75;0.00;0.00;4.58;0.00;9.00;0.00;2;1990-04-11;Z18;;;PA;1965-01-01
NLD;NLD196501111;;RET;2019-05-03;2019-05-03;NLD196501111;UQ-4;STORMVOGEL;NLNPZ;Usquert/Noordpolderzijl;;N;N;Y;N;N;N;;FX;LLS;OTB;;;;;14.20;0.00;11.00;0.00;0.00;94.00;0.00;2;2009-07-03;MFL;;;PA;1965-01-01
NLD;NLD196501125;;RET;1994-06-24;1994-06-24;NLD196501125;SCH-22;MANTA;NLSCE;Scheveningen;;N;N;N;N;N;N;;FX;LLS;TBB;;;;;5.20;0.00;0.00;0.54;0.00;18.00;0.00;3;1990-12-05;Z18;;;PA;1965-01-01
NLD;NLD196501331;;RET;1992-11-19;1992-11-19;NLD196501331;HON-9;LUDE;NLHTN;Hontenisse;;N;N;N;N;N;N;;FX;TBB;FPO;;;;;10.00;0.00;0.00;8.38;0.00;55.00;0.00;2;1991-06-07;Z18;;;PA;1965-01-01
NLD;NLD196501360;;RET;1994-06-27;1994-06-27;NLD196501360;TX-93;DE TUIMELAAR;NLTEX;Texel;;N;N;N;N;N;N;;FX;TBB;MIS;;;;;5.30;0.00;0.00;0.61;0.00;6.00;0.00;1;1991-06-12;Z18;;;PA;1965-01-01
NLD;NLD196501436;;RET;1994-06-24;1994-06-24;NLD196501436;HD-76;STELLA;NLDHR;Den Helder;;N;N;N;N;N;N;;FX;GNS;LLS;;;;;5.30;0.00;0.00;1.97;0.00;4.00;0.00;1;1991-06-25;Z18;;;PA;1965-01-01
NLD;NLD196501481;;RET;1994-06-27;1994-06-27;NLD196501481;VLI-44;ANGUILLA;NLVLI;Vlissingen;;N;N;N;N;N;N;;FX;TBB;NK;;;;;9.30;0.00;0.00;18.29;0.00;74.00;0.00;2;1991-08-19;Z18;;;PA;1965-01-01
NLD;NLD196501502;;RET;1994-06-28;1994-06-28;NLD196501502;WON-7;GYAS;NLMKM;Wonseradeel/Makkum;;N;N;N;N;N;N;;FX;OTB;OTM;;;;;13.24;0.00;0.00;13.36;0.00;105.00;0.00;2;1991-09-11;Z18;;;PA;1965-01-01
NLD;NLD196501520;;RET;1992-08-24;1992-08-24;NLD196501520;IJM-327;NATASJA;NLIJM;Ijmuiden/Velsen;;N;N;N;N;N;N;;FX;OTB;PTB;;;;;6.80;0.00;0.00;4.42;0.00;22.00;0.00;2;1991-09-27;Z18;;;PA;1965-01-01
NLD;NLD196501527;;RET;1994-06-24;1994-06-24;NLD196501527;HD-84;BANJER;NLDHR;Den Helder;;N;N;N;N;N;N;;FX;TBB;GNS;;;;;9.20;0.00;0.00;10.30;0.00;74.00;0.00;2;1991-10-03;Z18;;;PA;1965-01-01
NLD;NLD196501576;;RET;1994-06-23;1994-06-23;NLD196501576;HA-60;ZEEMEEUW;NLHAR;Harlingen;;N;N;N;N;N;N;;FX;TBB;MIS;;;;;6.20;0.00;0.00;2.30;0.00;11.00;0.00;3;1991-11-18;Z18;;;PA;1965-01-01
NLD;NLD196501578;;RET;1995-06-08;1995-06-08;NLD196501578;TM-14;ENJA;NLTMZ;Termunterzijl;;N;N;N;N;N;N;;FX;TBB;NK;;;;;5.20;0.00;0.00;1.13;0.00;13.00;0.00;3;1991-11-18;Z18;;;PA;1965-01-01
NLD;NLD196501595;;RET;1994-06-27;1994-06-27;NLD196501595;TX-110;BRUINVIS;NLTEX;Texel;;N;N;N;N;N;N;;FX;NK;MIS;;;;;5.00;0.00;0.00;1.80;0.00;4.00;0.00;1;1991-12-20;Z18;;;PA;1965-01-01
NLD;NLD196501615;;RET;1994-06-28;1994-06-28;NLD196501615;ME-9;LAZARUS;NLMDM;Medemblik;;N;N;N;N;N;N;;FX;GNS;LLS;;;;;9.50;0.00;0.00;11.47;0.00;17.00;0.00;2;1992-02-18;Z18;;;PA;1965-01-01
NLD;NLD196501917;;MOD;2011-01-01;2100-12-31;NLD196501917;IJM-43;SOPHIA;NLIJM;Ijmuiden/Velsen;;N;Y;N;N;Y;N;;GO;GNS;MIS;;;;;7.67;0.00;3.00;0.00;0.00;29.00;0.00;3;1995-04-21;MFL;;;;1965-01-01
NLD;NLD196502019;;RET;2006-03-30;2006-03-30;NLD196502019;WR-9;AMSTELDIEP II;NLWRG;Wieringen/Den Oever;;N;N;N;N;Y;N;;FX;FPO;OTM;;;;;5.37;0.00;1.00;0.00;0.00;6.00;0.00;2;1996-10-16;MFL;;;PA;1965-01-01
NLD;NLD196502194;;RET;2002-12-31;2002-12-31;NLD196502194;EH-3;DOLFIJN 2;NLENK;Enkhuizen;;N;Y;N;N;N;N;;FX;NK;MIS;;;;;7.00;0.00;1.00;0.00;0.00;7.00;0.00;2;1999-05-21;4JZ;;;PA;1965-01-01
NLD;NLD196600473;;RET;1993-04-13;1993-04-13;NLD196600473;TX-18;MARIAN;NLTEX;Texel;PFUL;Y;N;N;N;N;N;;FX;TBB;MIS;;;;;19.41;0.00;55.00;0.00;0.00;206.00;0.00;2;1985-02-01;E12;;;AC;1966-01-01
NLD;NLD196600641;;EXP;1991-02-13;1991-02-13;NLD196600641;UK-247;ORANJE NASSAU;NLURK;Urk;PGOK;Y;N;N;N;N;N;;FX;OTB;TBB;;;;;25.84;0.00;0.00;79.95;0.00;382.00;0.00;2;1980-08-28;KUQ;IRL;EX;PA;1966-01-01
NLD;NLD196600655;;RET;2002-12-31;2002-12-31;NLD196600655;VD-84;JOHANNA;NLVOD;Volendam;;N;Y;N;N;N;N;;FX;LLS;MIS;;;;;13.90;0.00;18.00;0.00;0.00;86.00;0.00;2;1978-04-11;4JZ;;;PA;1966-01-01
NLD;NLD196600694;8431970;MOD;2023-07-18;2100-12-31;NLD196600694;OL-12;DRIE GEBROEDERS;NLDDE;Oostdongeradeel;PDJQ;Y;Y;Y;Y;N;Y;245283000;TU;TBB;FPO;;;;;19.15;0.00;43.00;0.00;0.00;221.00;32.00;2;1978-02-20;MFL;;;;1966-01-01
NLD;NLD196600791;8431982;MOD;2022-04-06;2100-12-31;NLD196600791;ST-27;VANQUISH;NLSTA;Stavoren;PCQZ;Y;Y;Y;Y;N;Y;245456000;TU;TBB;MIS;;;;;20.68;0.00;41.00;0.00;0.00;188.00;66.00;2;1966-11-15;MFL;;;;1966-01-01
NLD;NLD196600803;;RET;1994-06-28;1994-06-28;NLD196600803;WR-85;WR-85;NLWRG;Wieringen/Den Oever;;N;N;N;N;N;N;;FX;NK;MIS;;;;;5.50;0.00;0.00;1.00;0.00;1.00;0.00;2;1966-12-21;Z18;;;PA;1966-01-01
NLD;NLD196600816;;RET;1990-09-28;1990-09-28;NLD196600816;WR-80;ANTJE;NLWRG;Wieringen/Den Oever;;N;N;N;N;N;N;;FX;OTB;MIS;;;;;29.45;0.00;0.00;93.23;0.00;552.00;0.00;2;1975-03-12;KUQ;;;AC;1966-01-01
NLD;NLD196600941;;EXP;1997-10-16;1997-10-16;NLD196600941;UK-216;NELIE;NLURK;Urk;PGES;Y;N;N;N;N;N;;FX;OTB;MIS;;;;;25.10;0.00;79.00;0.00;0.00;353.00;63.00;2;1980-03-06;4J7;LTU;EX;AC;1966-01-01
NLD;NLD196601545;;RET;1994-06-27;1994-06-27;NLD196601545;TX-106;WOMMES;NLTEX;Texel;;N;N;N;N;N;N;;FX;TBB;MIS;;;;;6.50;0.00;0.00;3.35;0.00;7.00;0.00;3;1991-10-15;Z18;;;PA;1966-01-01
NLD;NLD196601672;;RET;1994-06-27;1994-06-27;NLD196601672;TX-111;SILVA;NLTEX;Texel;;N;N;N;N;N;N;;FX;TBB;MIS;;;;;6.50;0.00;0.00;0.74;0.00;20.00;0.00;1;1992-06-30;Z18;;;PA;1966-01-01
NLD;NLD196601706;;RET;1994-06-24;1994-06-24;NLD196601706;HON-38;SABRINA;NLHTN;Hontenisse;;N;N;N;N;N;N;;FX;TBB;MIS;;;;;7.00;0.00;0.00;5.64;0.00;4.00;0.00;2;1992-10-13;Z18;;;PA;1966-01-01
NLD;NLD196700012;8431906;MOD;2021-09-03;2100-12-31;NLD196700012;UK-121;SOLA GRATIA;NLURK;Urk;PFDQ;Y;Y;Y;Y;N;Y;245235000;MO;TBB;OTB;;;;;18.56;0.00;39.00;0.00;0.00;217.00;9.00;2;1979-10-16;MFL;;;;1967-01-01
NLD;NLD196700023;6509242;MOD;2022-04-29;2100-12-31;NLD196700023;WR-230;GIDEON;NLWRG;Wieringen/Den Oever;PDOI;Y;Y;Y;Y;N;Y;246626000;MO;TBB;OTB;;;;;22.50;0.00;63.00;0.00;0.00;221.00;75.00;2;1981-10-14;MFL;;;PA;1967-01-01
NLD;NLD196700024;8432443;MOD;2018-02-19;2100-12-31;NLD196700024;BR-29;EENDRACHT;NLBRS;Breskens;PDYB;Y;Y;Y;Y;N;Y;245244000;MO;TBB;OTB;;;;;19.68;0.00;49.00;0.00;0.00;221.00;0.00;2;1983-06-01;MFL;;;;1967-01-01
NLD;NLD196700167;;RET;1994-08-03;1994-08-03;NLD196700167;HA-12;HA-12;NLHAR;Harlingen;;N;N;N;N;N;N;;FX;FPO;NK;;;;;5.70;0.00;0.00;1.32;0.00;11.00;0.00;2;1986-08-11;Z18;;;PA;1967-01-01
NLD;NLD196700188;;RET;1991-11-22;1991-11-22;NLD196700188;HD-43;FORTUNA;NLDHR;Den Helder;PEDI;Y;N;N;N;N;N;;FX;OTM;TBB;;;;;36.08;0.00;287.00;0.00;0.00;772.00;0.00;2;1981-06-11;KUQ;;;AC;1967-01-01
NLD;NLD196700430;8432132;MOD;2020-06-12;2100-12-31;NLD196700430;ZK-50;ZEEVALK;NLZOT;Zoutkamp;PIXY;Y;Y;Y;Y;N;Y;244030325;MO;TBB;MIS;;;;;18.22;0.00;37.00;0.00;0.00;165.00;0.00;2;2017-02-09;MFL;;;;1967-01-01
NLD;NLD196700529;;DES;1994-06-16;1994-06-16;NLD196700529;OL-26;ANNE JENNY;NLDDE;Oostdongeradeel;PCRT;Y;N;N;N;N;N;;FX;TBB;MIS;;;;;23.75;0.00;70.00;0.00;0.00;220.00;0.00;2;1975-01-15;E12;;;PA;1967-01-01
NLD;NLD196700572;;EXP;1990-10-17;1990-10-17;NLD196700572;UK-27;VERWACHTING;NLURK;Urk;PIFB;Y;N;N;N;N;N;;FX;OTB;TBB;;;;;26.05;0.00;0.00;95.78;0.00;441.00;0.00;2;1974-03-18;KUQ;IRL;EX;PA;1967-01-01
NLD;NLD196700586;;EXP;2001-03-08;2001-03-08;NLD196700586;UK-7;JANNETJE;NLURK;Urk;PEZZ;Y;N;Y;N;N;N;;FX;TBB;MIS;;;;;30.29;0.00;133.00;0.00;0.00;588.00;88.00;2;1973-03-19;4J3;CHL;EX;AC;1967-01-01
NLD;NLD196700618;;RET;1994-07-15;1994-07-15;NLD196700618;UK-27;VERWACHTING;NLURK;Urk;PIFH;Y;N;N;N;N;N;;FX;TBB;MIS;;;;;26.04;0.00;0.00;98.10;0.00;465.00;0.00;2;1973-04-16;Z18;;;AC;1967-01-01
NLD;NLD196700682;6801834;MOD;2025-04-28;2100-12-31;NLD196700682;UK-48;NOVA CURA;NLURK;Urk;PGKE;Y;Y;Y;Y;N;Y;244377000;SN;SSC;OTT;;;;;28.60;0.00;140.00;0.00;0.00;368.00;367.00;2;1979-05-03;MFL;;;;1967-01-01
NLD;NLD196700730;;RET;1989-11-01;1989-11-01;NLD196700730;UK-60;LUMMETJE;NLURK;Urk;PFQO;Y;N;N;N;N;N;;FX;NK;MIS;;;;;29.84;0.00;196.00;0.00;0.00;765.00;0.00;2;1973-07-18;KUQ;;;AC;1967-01-01
NLD;NLD196700767;;RET;1994-08-01;1994-08-01;NLD196700767;WR-67;MAARTJE;NLWRG;Wieringen/Den Oever;PFRE;Y;N;N;N;N;N;;FX;PTB;TBB;;;;;30.95;0.00;0.00;135.54;0.00;441.00;0.00;2;1977-03-03;Z18;;;AC;1967-01-01
NLD;NLD196700808;;MOD;2012-11-09;2100-12-31;NLD196700808;WR-89;GEJA ANJO;NLWRG;Wieringen/Den Oever;;N;Y;Y;Y;N;Y;244417000;TU;TBB;MIS;;;;;18.12;0.00;26.00;0.00;0.00;208.00;0.00;2;1967-03-06;MFL;;;;1967-01-01
NLD;NLD196700826;;DES;1991-04-24;1991-04-24;NLD196700826;UK-159;MICHIEL;NLURK;Urk;PFZH;Y;N;N;N;N;N;;FX;TBB;MIS;;;;;30.20;0.00;143.00;0.00;0.00;515.00;0.00;2;1979-07-18;KUQ;;;AC;1967-01-01
NLD;NLD196700870;8994063;MOD;2023-07-03;2100-12-31;NLD196700870;YE-26;PROVIDENCE;NLYSK;Yerseke;PF2125;Y;Y;Y;Y;N;Y;244620146;LH;DRH;MIS;;;;;28.01;0.00;108.00;0.00;0.00;324.00;20.00;2;1967-03-31;MFL;;;;1967-01-01
NLD;NLD196700981;;EXP;1991-01-18;1991-01-18;NLD196700981;UK-137;TRUITJE;NLURK;Urk;PIBI;Y;N;N;N;N;N;;FX;OTB;TBB;;;;;29.89;0.00;0.00;110.89;0.00;440.00;0.00;2;1981-12-14;KUQ;PAN;EX;AC;1967-01-01
NLD;NLD196700992;;RET;1994-08-25;1994-08-25;NLD196700992;WR-47;MEIJERT CORNELIS;NLWRG;Wieringen/Den Oever;PFEU;Y;N;N;N;N;N;;FX;OTB;TBB;;;;;26.19;0.00;0.00;98.10;0.00;449.00;0.00;2;1976-03-18;Z18;;;AC;1967-01-01
NLD;NLD196701071;;RET;1994-06-28;1994-06-28;NLD196701071;ZK-88;SAMENWERKING;NLZOT;Zoutkamp;;N;N;N;N;N;N;;FX;NK;MIS;;;;;30.70;0.00;0.00;119.65;0.00;1120.00;0.00;2;1979-05-31;Z18;;;PA;1967-01-01
NLD;NLD196701378;;RET;1994-06-27;1994-06-27;NLD196701378;VLI-32;MARJA;NLVLI;Vlissingen;;N;N;N;N;N;N;;FX;OTM;MIS;;;;;7.20;0.00;0.00;4.63;0.00;12.00;0.00;3;1991-06-13;Z18;;;PA;1967-01-01
NLD;NLD196701427;;RET;1994-06-27;1994-06-27;NLD196701427;TX-101;HARRY;NLTEX;Texel;;N;N;N;N;N;N;;FX;GNS;OTB;;;;;4.50;0.00;0.00;1.02;0.00;8.00;0.00;3;1991-06-24;Z18;;;PA;1967-01-01
NLD;NLD196701781;;RET;1994-06-27;1994-06-27;NLD196701781;IJM-362;ALBATROS;NLIJM;Ijmuiden/Velsen;;N;N;N;N;N;N;;FX;FPO;GNS;;;;;6.30;0.00;0.00;4.16;0.00;16.00;0.00;3;1993-06-08;Z18;;;PA;1967-01-01
NLD;NLD196800008;;RET;1995-06-08;1995-06-08;NLD196800008;BR-6;ZUIDERZEE;NLBRS;Breskens;PIYY;Y;N;N;N;N;N;;FX;TBB;MIS;;;;;30.60;0.00;0.00;122.87;0.00;588.00;0.00;2;1980-05-22;Z18;;;PA;1968-01-01
NLD;NLD196800029;8432651;MOD;2017-10-06;2100-12-31;NLD196800029;UK-129;JOHANNES;NLURK;Urk;PCEA;Y;Y;Y;Y;N;Y;245254000;MO;TBB;OTB;;;;;21.58;0.00;61.00;0.00;0.00;221.00;11.00;2;1972-08-14;MFL;;;;1968-01-01
NLD;NLD196800116;;RET;1994-06-23;1994-06-23;NLD196800116;GO-45;MIEKE;NLGDR;Goedereede;;N;N;N;N;N;N;;FX;NK;MIS;;;;;8.00;0.00;0.00;5.00;0.00;56.00;0.00;2;1975-06-09;Z18;;;PA;1968-01-01
NLD;NLD196800173;;RET;1991-05-08;1991-05-08;NLD196800173;HON-3;HENRIETTE;NLHTN;Hontenisse;;N;N;N;N;N;N;;FX;NK;MIS;;;;;10.00;0.00;0.00;8.90;0.00;23.00;0.00;2;1977-07-08;OVG;;;PA;1968-01-01
NLD;NLD196800184;8432625;MOD;2023-03-27;2100-12-31;NLD196800184;SCH-10;DRIE GEBROEDERS;NLSCE;Scheveningen;PDTG;Y;Y;Y;Y;N;Y;244049000;TU;TBB;GNS;;;;;22.47;0.00;69.00;0.00;0.00;221.00;0.00;2;1981-07-20;MFL;;;;1968-01-01
NLD;NLD196800346;;EXP;1997-08-14;1997-08-14;NLD196800346;KW-54;DEO VOLENTE;NLKWK;Katwijk;PDOX;Y;N;N;N;N;N;;FX;OTB;OTM;;;;;30.74;0.00;130.00;0.00;0.00;518.00;0.00;2;1973-08-14;4J7;NAM;EX;AC;1968-01-01
NLD;NLD196800370;;EXP;2001-04-10;2001-04-10;NLD196800370;SCH-64;ORKA;NLSCE;Scheveningen;PGOS;Y;N;N;N;N;N;;FX;OTB;TBB;;;;;22.26;0.00;81.00;0.00;0.00;221.00;0.00;2;1968-08-16;4J4;SUR;EX;AC;1968-01-01
NLD;NLD196800394;;RET;1994-06-27;1994-06-27;NLD196800394;TX-6;TX-6;NLTEX;Texel;;N;N;N;N;N;N;;FX;NK;MIS;;;;;6.00;0.00;0.00;1.00;0.00;2.00;0.00;1;1970-12-09;Z18;;;PA;1968-01-01
NLD;NLD196800510;;MOD;2023-09-22;2100-12-31;NLD196800510;UK-262;CORNELIA HENDRIKA;NLURK;Urk;PD7787;Y;Y;Y;Y;N;Y;;GO;GNS;MIS;;;;;14.96;0.00;22.00;0.00;0.00;157.00;44.00;2;1969-03-24;MFL;;;;1968-01-01
NLD;NLD196800536;;EXP;1989-12-01;1989-12-01;NLD196800536;VLI-18;PIETER SENIOR;NLVLI;Vlissingen;PGSS;Y;N;N;N;N;N;;FX;OTB;TBB;;;;;24.61;0.00;90.00;0.00;0.00;220.00;0.00;2;1981-11-19;KUQ;GBR;EX;PA;1968-01-01
NLD;NLD196800563;;RET;1993-08-11;1993-08-11;NLD196800563;ZK-1;ZK-1;NLZOT;Zoutkamp;;N;N;N;N;N;N;;FX;DRB;NK;;;;;7.00;0.00;0.00;9.50;0.00;8.00;0.00;1;1977-03-31;Z18;;;PA;1968-01-01
NLD;NLD196800592;;MOD;2019-10-10;2100-12-31;NLD196800592;WR-141;DE TWEE GEBROEDERS;NLWRG;Wieringen/Den Oever;PCBE;Y;Y;Y;Y;N;Y;244090586;FX;GNS;OTM;;;;;13.51;0.00;14.00;0.00;0.00;94.00;0.00;2;1968-05-24;MFL;;;;1968-01-01
NLD;NLD196800602;8431528;DES;2023-06-09;2023-06-09;NLD196800602;HD-32;KLAASJE;NLDHR;Den Helder;PDEY;Y;N;Y;Y;N;Y;245348000;MO;TBB;MIS;;;;;22.47;0.00;68.00;0.00;0.00;221.00;0.00;2;1968-04-01;MFL;;;AC;1968-01-01
NLD;NLD196800640;;EXP;1993-09-21;1993-09-21;NLD196800640;UK-38;HERMINA;NLURK;Urk;PERJ;Y;N;N;N;N;N;;FX;OTB;TBB;;;;;30.19;0.00;0.00;118.72;0.00;662.00;0.00;2;1973-10-04;E17;ZAF;EX;AC;1968-01-01
NLD;NLD196800728;8431724;DES;2023-08-01;2023-08-01;NLD196800728;WR-67;MAARTJE;NLWRG;Wieringen/Den Oever;PFRE;Y;N;Y;Y;N;Y;245276000;TU;OTT;OTB;;;;;30.95;0.00;137.00;0.00;0.00;432.00;0.00;2;1980-11-03;MFL;;;AC;1968-01-01
NLD;NLD196800730;;RET;1994-06-28;1994-06-28;NLD196800730;VLL-1;HARDER;NLVLL;Vlieland;;N;N;N;N;N;N;;FX;NK;MIS;;;;;14.00;0.00;0.00;14.54;0.00;139.00;0.00;2;1978-07-17;Z18;;;PA;1968-01-01
NLD;NLD196800779;;EXP;1990-08-31;1990-08-31;NLD196800779;UK-76;TRIJNTJE CORNELIA;NLURK;Urk;PIBH;Y;N;N;N;N;N;;FX;TBB;MIS;;;;;28.38;0.00;0.00;122.57;0.00;519.00;0.00;2;1978-04-20;KUQ;CHL;EX;AC;1968-01-01
NLD;NLD196800851;;RET;1990-10-02;1990-10-02;NLD196800851;UK-171;QUO VADIS;NLURK;Urk;PGXM;Y;N;N;N;N;N;;FX;OTB;TBB;;;;;32.74;0.00;0.00;161.45;0.00;772.00;0.00;2;1968-10-30;KUQ;;;AC;1968-01-01
NLD;NLD196800956;;EXP;1992-04-27;1992-04-27;NLD196800956;TH-24;TANNETJE;NLTHO;Tholen;PHWW;Y;N;N;N;N;N;;FX;TBB;MIS;;;;;26.24;0.00;0.00;97.27;0.00;478.00;0.00;2;1979-05-08;Z18;IRL;EX;PA;1968-01-01
NLD;NLD196800959;;EXP;1990-03-19;1990-03-19;NLD196800959;UK-227;JACOB JAN PIETER;NLURK;Urk;PEYC;Y;N;N;N;N;N;;FX;TBB;MIS;;;;;27.11;0.00;0.00;104.03;0.00;736.00;0.00;2;1974-06-17;KUQ;GBR;EX;PA;1968-01-01
NLD;NLD196800972;;DES;1991-08-30;1991-08-30;NLD196800972;UK-132;CORINA;NLURK;Urk;PDKM;Y;N;N;N;N;N;;FX;PTB;TBB;;;;;29.42;0.00;0.00;115.71;0.00;552.00;0.00;2;1975-09-22;KUQ;;;AC;1968-01-01
NLD;NLD196801115;;RET;1999-11-24;1999-11-24;NLD196801115;SCH-36;CORNELIA;NLSCE;Scheveningen;;N;N;N;N;N;N;;FX;OTB;OTM;;;;;12.70;0.00;17.00;0.00;0.00;121.00;33.00;2;1977-11-25;4J7;;;PA;1968-01-01
NLD;NLD196801167;;RET;1994-06-27;1994-06-27;NLD196801167;SCH-75;ZUIDERKRUIS;NLSCE;Scheveningen;;N;N;N;N;N;N;;FX;OTB;MIS;;;;;6.40;0.00;0.00;1.90;0.00;11.00;0.00;3;1991-01-31;Z18;;;PA;1968-01-01
NLD;NLD196801321;;RET;1994-06-27;1994-06-27;NLD196801321;VLI-20;RIO;NLVLI;Vlissingen;;N;N;N;N;N;N;;FX;TBB;OTB;;;;;7.40;0.00;0.00;3.35;0.00;13.00;0.00;2;1991-06-06;Z18;;;PA;1968-01-01
NLD;NLD196801410;;RET;1994-09-08;1994-09-08;NLD196801410;IJM-307;BZN;NLIJM;Ijmuiden/Velsen;;N;N;N;N;N;N;;FX;TBB;GNS;;;;;7.50;0.00;0.00;7.43;0.00;15.00;0.00;3;1991-06-20;Z18;;;PA;1968-01-01
NLD;NLD196801459;;RET;2001-04-01;2001-04-01;NLD196801459;WSW-9;JAIME;NLWSW;Westenschouwen;;N;N;N;N;N;N;;FX;TBB;GNS;;;;;5.00;0.00;1.00;0.00;0.00;11.00;0.00;1;1991-06-27;4J7;;;PA;1968-01-01
NLD;NLD196801490;;RET;1994-06-24;1994-06-24;NLD196801490;HON-12;ROCKY;NLHTN;Hontenisse;;N;N;N;N;N;N;;FX;TBB;MIS;;;;;9.50;0.00;0.00;10.29;0.00;30.00;0.00;2;1991-08-21;Z18;;;PA;1968-01-01
NLD;NLD196801494;;RET;1994-06-27;1994-06-27;NLD196801494;SCH-113;RIWI;NLSCE;Scheveningen;;N;N;N;N;N;N;;FX;OTB;MIS;;;;;4.25;0.00;0.00;2.08;0.00;7.00;0.00;3;1991-08-23;Z18;;;PA;1968-01-01
NLD;NLD196801598;;RET;1994-06-27;1994-06-27;NLD196801598;TM-32;TIJ;NLTMZ;Termunterzijl;;N;N;N;N;N;N;;FX;TBB;NK;;;;;8.50;0.00;0.00;7.35;0.00;25.00;0.00;1;1992-01-13;Z18;;;PA;1968-01-01
NLD;NLD196801693;;RET;1994-06-27;1994-06-27;NLD196801693;UK-306;JACKY;NLURK;Urk;;N;N;N;N;N;N;;FX;TBB;GNS;;;;;5.18;0.00;0.00;2.84;0.00;22.00;0.00;3;1992-09-09;Z18;;;PA;1968-01-01
NLD;NLD196801736;;RET;2001-04-01;2001-04-01;NLD196801736;UK-253;CORNELIA ANNA LOUISA;NLURK;Urk;;N;N;N;N;N;N;;FX;GNS;NK;;;;;10.00;0.00;8.00;0.00;0.00;35.00;0.00;2;1993-02-09;4J7;;;PA;1968-01-01
NLD;NLD196801787;;RET;1997-01-30;1997-01-30;NLD196801787;WR-16;CATHARINA-JUDIT;NLWRG;Wieringen/Den Oever;;N;N;N;N;N;N;;FX;FPO;GNS;;;;;10.80;0.00;7.00;0.00;0.00;67.00;0.00;2;1993-06-17;4J5;;;PA;1968-01-01
NLD;NLD196802152;;RET;2009-09-01;2009-09-01;NLD196802152;KW-37;MARE;NLKWK;Katwijk;;N;N;N;N;Y;N;;FX;GNS;OTB;;;;;4.28;0.00;1.00;0.00;0.00;7.00;0.00;3;1998-11-20;MFL;;;PA;1968-01-01
NLD;NLD196900147;;RET;1996-06-20;1996-06-20;NLD196900147;HI-35;GRIETJE;NLHLP;Hindeloopen;;N;N;N;N;N;N;;FX;NK;MIS;;;;;13.05;0.00;0.00;10.00;0.00;79.00;0.00;2;1969-10-10;Z18;;;PA;1969-01-01
NLD;NLD196900165;;RET;2002-12-31;2002-12-31;NLD196900165;HL-6;EINSPUL;NLHMO;Hemelumer-Oldeferd;;N;Y;N;N;N;N;;FX;GNS;LLS;;;;;9.65;0.00;7.00;0.00;0.00;53.00;0.00;2;1969-04-09;4JZ;;;PA;1969-01-01
NLD;NLD196900183;;RET;1991-11-25;1991-11-25;NLD196900183;HD-37;LAMMIE;NLDHR;Den Helder;PFMP;Y;N;N;N;N;N;;FX;TBB;MIS;;;;;32.14;0.00;223.00;0.00;0.00;625.00;0.00;2;1979-11-28;KUQ;;;AC;1969-01-01
NLD;NLD196900220;;RET;1990-02-01;1990-02-01;NLD196900220;HD-194;EVERDINA;NLDHR;Den Helder;PEAB;Y;N;N;N;N;N;;FX;TBB;MIS;;;;;35.35;0.00;0.00;187.57;0.00;845.00;0.00;2;1973-11-13;KUQ;;;AC;1969-01-01
NLD;NLD196900388;;EXP;1998-04-07;1998-04-07;NLD196900388;VLI-8;ESPERANTO;NLVLI;Vlissingen;PDPL;Y;N;N;N;N;N;;FX;TBB;MIS;;;;;23.99;0.00;88.00;0.00;0.00;221.00;154.00;2;1969-02-06;4J6;DEU;EX;PA;1969-01-01
NLD;NLD196900552;8432596;MOD;2016-02-03;2100-12-31;NLD196900552;ZK-12;PIETER DION;NLZOT;Zoutkamp;PDHV;Y;Y;Y;Y;N;Y;246112000;TU;TBB;MIS;;;;;21.54;0.00;47.00;0.00;0.00;214.00;7.00;2;1980-11-06;MFL;;;;1969-01-01
NLD;NLD196900708;;RET;1991-11-15;1991-11-15;NLD196900708;UK-52;VROUWTJE;NLURK;Urk;PIKK;Y;N;N;N;N;N;;FX;OTB;TBB;;;;;29.25;0.00;0.00;132.33;0.00;518.00;0.00;2;1977-08-25;KUQ;;;AC;1969-01-01
NLD;NLD196900780;7229215;DES;2023-06-23;2023-06-23;NLD196900780;WR-19;ESPADA;NLWRG;Wieringen/Den Oever;PDZM;Y;N;Y;Y;N;Y;245273000;MO;TBB;OTB;;;;;26.98;0.00;105.00;0.00;0.00;360.00;81.00;2;1983-09-29;MFL;;;AC;1969-01-01
NLD;NLD196900982;8432235;DES;2023-07-27;2023-07-27;NLD196900982;YE-88;IDA;NLYSK;Yerseke;PEXR;Y;N;Y;Y;N;Y;245706000;MO;TBB;OTB;;;;;22.46;0.00;63.00;0.00;0.00;221.00;150.00;2;1969-09-18;MFL;;;AC;1969-01-01
NLD;NLD196900987;;RET;2000-02-29;2000-02-29;NLD196900987;WR-242;ONDERNEMING;NLWRG;Wieringen/Den Oever;PGMV;Y;N;N;N;N;N;;FX;TBB;MIS;;;;;30.15;0.00;140.00;0.00;0.00;530.00;0.00;2;1974-04-16;4J7;;;PA;1969-01-01
NLD;NLD196901146;;RET;1991-09-24;1991-09-24;NLD196901146;SCH-14;MYRAKEL;NLSCE;Scheveningen;;N;N;N;N;N;N;;FX;TBB;NK;;;;;6.20;0.00;0.00;3.17;0.00;9.00;0.00;3;1991-01-22;OVG;;;PA;1969-01-01
NLD;NLD196901445;;RET;1991-12-18;1991-12-18;NLD196901445;TM-27;ALBERTA;NLTMZ;Termunterzijl;;N;N;N;N;N;N;;FX;TBB;NK;;;;;7.80;0.00;0.00;9.75;0.00;31.00;0.00;3;1991-06-25;OVG;;;PA;1969-01-01
NLD;NLD196901630;;RET;1994-06-23;1994-06-23;NLD196901630;HA-68;LADY FINN;NLHAR;Harlingen;;N;N;N;N;N;N;;FX;OTB;MIS;;;;;10.70;0.00;0.00;9.30;0.00;54.00;0.00;3;1992-04-08;Z18;;;PA;1969-01-01
NLD;NLD196901896;6923838;DES;2023-03-16;2023-03-16;NLD196901896;UK-242;KLEINE JAN;NLURK;Urk;PBAK;Y;N;Y;Y;N;Y;244987000;SN;FPO;MIS;;;;;29.20;0.00;188.00;0.00;0.00;500.00;0.01;2;1978-06-13;MFL;;;AC;1969-01-01
NLD;NLD196902059;;RET;2003-06-30;2003-06-30;NLD196902059;UK-77;ALISON LOUISE;NLURK;Urk;PFQP;Y;N;Y;N;N;N;;FX;OTB;OTM;;;;;30.65;0.00;155.00;0.00;0.00;728.00;240.00;2;1997-06-10;MFL;;;PA;1969-01-01
NLD;NLD196902551;;RET;2003-12-04;2003-12-04;NLD196902551;IJM-68;ELISABETH IV;NLIJM;Ijmuiden/Velsen;;N;N;N;N;N;N;;FX;GNS;OTB;;;;;12.50;0.00;20.00;0.00;0.00;60.00;0.00;2;1999-11-11;MFL;;;PA;1969-01-01
NLD;NLD197000045;;RET;1997-07-11;1997-07-11;NLD197000045;BRU-10;BRU-10;NLBSE;Bruinisse;;N;N;N;N;N;N;;FX;FPO;NK;;;;;7.00;0.00;0.00;2.00;0.00;18.00;0.00;2;1981-12-02;4J7;;;PA;1970-01-01
NLD;NLD197000127;;EXP;1990-09-28;1990-09-28;NLD197000127;GO-50;JACOB NEELTJE;NLGDR;Goedereede;PEYO;Y;N;N;N;N;N;;FX;TBB;MIS;;;;;34.79;0.00;0.00;192.35;0.00;964.00;0.00;2;1979-11-19;KUQ;LBR;EX;AC;1970-01-01
NLD;NLD197000276;;RET;2009-03-16;2009-03-16;NLD197000276;HA-71;MARIA;NLHAR;Harlingen;PF3108;Y;N;N;N;Y;N;;FX;TBB;FPO;;;;;10.00;0.00;8.00;0.00;0.00;74.00;0.00;2;1970-02-12;MFL;;;PA;1970-01-01
NLD;NLD197000555;;RET;1994-07-15;1994-07-15;NLD197000555;UK-18;IMMANUEL;NLURK;Urk;PEVX;Y;N;N;N;N;N;;FX;OTM;MIS;;;;;31.52;0.00;0.00;152.68;0.00;890.00;0.00;2;1973-07-18;Z18;;;AC;1970-01-01
NLD;NLD197000706;;RET;1991-11-15;1991-11-15;NLD197000706;UK-51;WILLEM;NLURK;Urk;PIOV;Y;N;N;N;N;N;;FX;PTB;TBB;;;;;30.60;0.00;0.00;164.40;0.00;588.00;0.00;2;1980-05-13;KUQ;;;AC;1970-01-01
NLD;NLD197000857;;RET;1994-06-28;1994-06-28;NLD197000857;YE-48;YE-48;NLYSK;Yerseke;;N;N;N;N;N;N;;FX;FPO;NK;;;;;8.00;0.00;0.00;6.64;0.00;29.00;0.00;2;1989-04-07;Z18;;;PA;1970-01-01
NLD;NLD197000890;;EXP;1996-09-13;1996-09-13;NLD197000890;BRU-74;ZEELEEUW;NLBSE;Bruinisse;;N;N;N;N;N;N;;FX;DRB;MIS;;;;;29.28;0.00;0.00;98.05;0.00;235.00;0.00;2;1970-10-09;Z18;GBR;EX;PA;1970-01-01
NLD;NLD197000897;;EXP;1989-10-13;1989-10-13;NLD197000897;TH-10;DIRKJE;NLTHO;Tholen;PDQY;Y;N;N;N;N;N;;FX;OTB;TBB;;;;;28.50;0.00;0.00;139.70;0.00;845.00;0.00;2;1974-09-02;KUQ;CHL;EX;AC;1970-01-01
NLD;NLD197001036;;MOD;2018-04-24;2100-12-31;NLD197001036;TH-13;TH-13;NLTHO;Tholen;;N;Y;N;N;Y;N;;WOP;FPO;MIS;;;;;7.80;0.00;3.00;0.00;0.00;37.00;0.00;2;1990-02-01;MFL;;;;1970-01-01
NLD;NLD197001081;;RET;1991-11-18;1991-11-18;NLD197001081;WR-134;LEANDER;NLWRG;Wieringen/Den Oever;;N;N;N;N;N;N;;FX;FPO;NK;;;;;3.80;0.00;0.00;2.28;0.00;3.00;0.00;2;1990-07-17;OVG;;;PA;1970-01-01
NLD;NLD197001129;;MOD;2012-01-27;2100-12-31;NLD197001129;YE-31;DE PILK;NLYSK;Yerseke;;N;Y;N;N;Y;N;;WOP;FPO;MIS;;;;;7.40;0.00;2.00;0.00;0.00;35.00;0.00;3;2009-12-15;MFL;;;;1970-01-01
NLD;NLD197001143;;RET;1994-06-23;1994-06-23;NLD197001143;GO-53;ELISABETH II;NLGDR;Goedereede;;N;N;N;N;N;N;;FX;GNS;MIS;;;;;6.25;0.00;0.00;1.50;0.00;11.00;0.00;2;1991-01-21;Z18;;;PA;1970-01-01
NLD;NLD197001150;;RET;1994-06-24;1994-06-24;NLD197001150;SCH-27;MALLE-MOK;NLSCE;Scheveningen;;N;N;N;N;N;N;;FX;OTB;MIS;;;;;7.00;0.00;0.00;4.33;0.00;15.00;0.00;2;1991-01-24;Z18;;;PA;1970-01-01
NLD;NLD197001152;;RET;1994-06-24;1994-06-24;NLD197001152;SCH-23;VINVIS;NLSCE;Scheveningen;;N;N;N;N;N;N;;FX;OTB;MIS;;;;;5.35;0.00;0.00;1.52;0.00;9.00;0.00;3;1991-01-24;Z18;;;PA;1970-01-01
NLD;NLD197001185;;RET;1994-06-24;1994-06-24;NLD197001185;HON-5;CASUWELE;NLHTN;Hontenisse;;N;N;N;N;N;N;;FX;TBB;FPO;;;;;7.90;0.00;0.00;4.89;0.00;15.00;0.00;2;1991-02-28;Z18;;;PA;1970-01-01
NLD;NLD197001215;;RET;2003-11-07;2003-11-07;NLD197001215;TM-10;DOLLARD;NLTMZ;Termunterzijl;;N;N;N;N;Y;N;;FX;GNS;NK;;;;;7.20;0.00;10.00;0.00;0.00;55.00;0.00;2;1991-03-27;MFL;;;PA;1970-01-01
NLD;NLD197001238;;RET;1994-06-27;1994-06-27;NLD197001238;SL-21;ATMAR;NLSTD;Stellendam;;N;N;N;N;N;N;;FX;TBB;GNS;;;;;9.12;0.00;0.00;11.43;0.00;30.00;0.00;2;1991-04-15;Z18;;;PA;1970-01-01
NLD;NLD197001241;;RET;1994-06-27;1994-06-27;NLD197001241;TX-45;HARMA;NLTEX;Texel;;N;N;N;N;N;N;;FX;GND;MIS;;;;;5.00;0.00;0.00;2.09;0.00;7.00;0.00;3;1991-04-16;Z18;;;PA;1970-01-01
NLD;NLD197001284;;RET;1994-06-27;1994-06-27;NLD197001284;IJM-311;DAMY;NLIJM;Ijmuiden/Velsen;;N;N;N;N;N;N;;FX;GNS;OTB;;;;;7.25;0.00;0.00;6.22;0.00;55.00;0.00;2;1991-05-21;Z18;;;PA;1970-01-01
NLD;NLD197001316;;RET;2006-06-12;2006-06-12;NLD197001316;VLI-15;MICHAEL;NLVLI;Vlissingen;;N;N;N;N;Y;N;;FX;TBB;MIS;;;;;7.54;0.00;2.00;0.00;0.00;18.00;0.00;2;1991-06-05;MFL;;;PA;1970-01-01
NLD;NLD197001318;;RET;1991-09-27;1991-09-27;NLD197001318;VLI-16;DOLFIJN;NLVLI;Vlissingen;;N;N;N;N;N;N;;FX;TBB;NK;;;;;6.20;0.00;0.00;3.51;0.00;9.00;0.00;2;1991-06-06;OVG;;;PA;1970-01-01
NLD;NLD197001322;;RET;1994-06-27;1994-06-27;NLD197001322;VLI-21;ZEEHOND;NLVLI;Vlissingen;;N;N;N;N;N;N;;FX;TBB;OTB;;;;;9.30;0.00;0.00;12.95;0.00;20.00;0.00;2;1991-06-06;Z18;;;PA;1970-01-01
NLD;NLD197001380;;RET;1994-06-27;1994-06-27;NLD197001380;VLI-38;DELTA 1047;NLVLI;Vlissingen;;N;N;N;N;N;N;;FX;TBB;MIS;;;;;4.65;0.00;0.00;1.40;0.00;14.00;4.00;3;1991-06-14;Z18;;;PA;1970-01-01
NLD;NLD197001383;;RET;1991-10-10;1991-10-10;NLD197001383;VLI-40;ZEEKATJE;NLVLI;Vlissingen;;N;N;N;N;N;N;;FX;TBB;MIS;;;;;6.40;0.00;0.00;3.54;0.00;13.00;0.00;2;1991-06-14;OVG;;;PA;1970-01-01
NLD;NLD197001391;;RET;1994-06-23;1994-06-23;NLD197001391;BRU-13;MAATJE;NLBSE;Bruinisse;;N;N;N;N;N;N;;FX;TBB;GNS;;;;;6.00;0.00;0.00;3.47;0.00;18.00;0.00;3;1991-06-18;Z18;;;PA;1970-01-01
NLD;NLD197001449;;RET;1994-06-28;1994-06-28;NLD197001449;WR-245;ANNA;NLWRG;Wieringen/Den Oever;;N;N;N;N;N;N;;FX;FPO;GNS;;;;;5.50;0.00;0.00;2.23;0.00;7.00;0.00;2;1991-06-26;Z18;;;PA;1970-01-01
NLD;NLD197001548;;RET;1994-06-24;1994-06-24;NLD197001548;HD-62;DE ZWALUW;NLDHR;Den Helder;;N;N;N;N;N;N;;FX;TBB;MIS;;;;;8.50;0.00;0.00;10.06;0.00;88.00;0.00;3;1991-10-16;Z18;;;PA;1970-01-01
NLD;NLD197001600;;RET;1994-06-27;1994-06-27;NLD197001600;IJM-348;GERARDA RITA;NLIJM;Ijmuiden/Velsen;;N;N;N;N;N;N;;FX;TBB;GNS;;;;;5.35;0.00;0.00;4.14;0.00;11.00;0.00;1;1992-01-14;Z18;;;PA;1970-01-01
NLD;NLD197001745;;RET;1994-06-28;1994-06-28;NLD197001745;WR-223;JAN BAREND;NLWRG;Wieringen/Den Oever;;N;N;N;N;N;N;;FX;FPO;MIS;;;;;5.00;0.00;0.00;0.97;0.00;6.00;0.00;2;1993-02-17;Z18;;;PA;1970-01-01
NLD;NLD197001759;;RET;1994-09-08;1994-09-08;NLD197001759;IJM-361;SPETTER;NLIJM;Ijmuiden/Velsen;;N;N;N;N;N;N;;FX;TBB;GNS;;;;;5.20;0.00;0.00;2.35;0.00;9.00;0.00;1;1993-04-06;Z18;;;PA;1970-01-01
NLD;NLD197001810;;RET;1994-06-24;1994-06-24;NLD197001810;HD-43;TARKA;NLDHR;Den Helder;;N;N;N;N;N;N;;FX;TBB;MIS;;;;;7.00;0.00;0.00;2.00;0.00;29.00;0.00;3;1993-07-29;Z18;;;PA;1970-01-01
NLD;NLD197001947;;RET;2000-04-01;2000-04-01;NLD197001947;HD-12;JOLANDA;NLDHR;Den Helder;;N;N;N;N;N;N;;FX;NK;MIS;;;;;6.00;0.00;0.00;3.10;0.00;4.00;0.00;2;1995-11-21;4J7;;;PA;1970-01-01
NLD;NLD197002013;;RET;2005-05-18;2005-05-18;NLD197002013;IJM-90;ZEBEDEE;NLIJM;Ijmuiden/Velsen;;N;N;N;N;Y;N;;FX;GNS;MIS;;;;;6.75;0.00;3.00;0.00;0.00;11.00;0.00;3;1996-10-08;MFL;;;PA;1970-01-01
NLD;NLD197002168;;RET;2014-06-15;2014-06-15;NLD197002168;KG-1;VAYA CON DIOS;NLKOG;Kortgene;;N;N;N;N;Y;N;;FX;GNS;MIS;;;;;10.05;0.00;8.00;0.00;0.00;44.00;0.00;2;1999-01-25;MFL;;;PA;1970-01-01
NLD;NLD197002176;;RET;1999-06-22;1999-06-22;NLD197002176;LE-22;SICCO;NLLEM;Lemsterland;;N;N;N;N;N;N;;FX;NK;MIS;;;;;6.15;0.00;1.00;0.00;0.00;7.00;0.00;3;1999-02-11;4J7;;;PA;1970-01-01
NLD;NLD197002552;;MOD;2018-10-23;2100-12-31;NLD197002552;WR-81;ALBERT SIMON;NLWRG;Wieringen/Den Oever;PCDY;Y;Y;Y;Y;N;Y;244670837;WOP;FPO;MIS;;;;;13.30;0.00;14.00;0.00;0.00;95.00;30.00;2;1999-11-15;MFL;;;;1970-01-01
NLD;NLD197002572;;RET;2001-04-01;2001-04-01;NLD197002572;ARM-13;NORTHSTAR;NLARM;Arnemuiden;;N;N;N;N;N;N;;FX;GNS;PTM;;;;;9.24;0.00;6.00;0.00;0.00;88.00;0.00;2;2000-03-23;4J7;;;PA;1970-01-01
NLD;NLD197002600;;RET;2001-10-31;2001-10-31;NLD197002600;IJM-48;HENK;NLIJM;Ijmuiden/Velsen;;N;N;N;N;N;N;;FX;GNS;NK;;;;;16.54;0.00;33.00;0.00;0.00;221.00;0.00;2;2000-08-21;4J4;;;PA;1970-01-01
NLD;NLD197100048;;RET;1995-06-08;1995-06-08;NLD197100048;BRU-15;BRU-15;NLBSE;Bruinisse;;N;N;N;N;N;N;;FX;FPO;NK;;;;;7.50;0.00;0.00;4.16;0.00;32.00;0.00;2;1978-01-12;Z18;;;PA;1971-01-01
NLD;NLD197100076;7042590;MOD;2020-09-07;2100-12-31;NLD197100076;YE-85;MANUS;NLYSK;Yerseke;PH4061;Y;Y;N;N;N;N;;FX;DRH;DRB;;;;;33.11;0.00;123.00;0.00;0.00;470.00;238.00;2;1971-04-23;AQU;;;;1971-01-01
NLD;NLD197100364;;RET;1991-11-27;1991-11-27;NLD197100364;TS-8;IDA;NLWTE;West-Terschelling;;N;N;N;N;N;N;;FX;DRB;MIS;;;;;9.50;0.00;0.00;8.09;0.00;55.00;0.00;2;1988-10-18;OVG;;;PA;1971-01-01
NLD;NLD197100372;;RET;1994-06-24;1994-06-24;NLD197100372;SCH-5;SOLEA;NLSCE;Scheveningen;;N;N;N;N;N;N;;FX;GNS;OTB;;;;;9.60;0.00;0.00;11.70;0.00;55.00;0.00;2;1977-08-18;Z18;;;PA;1971-01-01
NLD;NLD197100374;;RET;2015-11-11;2015-11-11;NLD197100374;WON-42;GEERTJE;NLMKM;Wonseradeel/Makkum;;N;N;N;N;Y;N;;FX;GNS;MIS;;;;;7.25;0.00;2.00;0.00;0.00;22.00;0.00;3;1985-05-29;MFL;;;PA;1971-01-01
NLD;NLD197100496;;EXP;1994-07-06;1994-07-06;NLD197100496;VLI-1;GRIETJE ELIZABETH;NLVLI;Vlissingen;PEKG;Y;N;N;N;N;N;;FX;TBB;MIS;;;;;31.90;0.00;0.00;170.67;0.00;908.00;0.00;2;1981-09-04;Z18;SLE;EX;AC;1971-01-01
NLD;NLD197100499;;RET;1994-07-06;1994-07-06;NLD197100499;VLI-2;JAN SENIOR;NLVLI;Vlissingen;PFBS;Y;N;N;N;N;N;;FX;TBB;MIS;;;;;32.91;0.00;0.00;168.64;0.00;883.00;0.00;2;1981-07-28;Z18;;;AC;1971-01-01
NLD;NLD197100534;;EXP;2001-06-07;2001-06-07;NLD197100534;VD-19;ZES GEBROEDERS;NLVOD;Volendam;PIYD;Y;N;Y;N;N;N;;FX;TBB;MIS;;;;;26.19;0.00;97.00;0.00;0.00;441.00;0.00;2;1974-09-09;4J3;HRV;;AC;1971-01-01
NLD;NLD197100550;;RET;1989-12-01;1989-12-01;NLD197100550;VLI-30;ELISABETH MARIA;NLVLI;Vlissingen;;N;N;N;N;N;N;;FX;TBB;MIS;;;;;34.80;0.00;0.00;189.42;0.00;1324.00;0.00;2;1978-12-14;KUQ;;;PA;1971-01-01
NLD;NLD197100573;;EXP;1989-12-05;1989-12-05;NLD197100573;TX-40;GEESKE;NLTEX;Texel;;N;N;N;N;N;N;;FX;TBB;MIS;;;;;30.33;0.00;0.00;162.09;0.00;588.00;0.00;2;1979-03-14;KUQ;GBR;EX;PA;1971-01-01
NLD;NLD197100610;;RET;2002-12-31;2002-12-31;NLD197100610;ZK-19;SOLEA;NLZOT;Zoutkamp;;N;N;N;N;N;N;;FX;TBB;NK;;;;;9.30;0.00;10.00;0.00;0.00;79.00;0.00;2;1989-08-07;4J6;;;PA;1971-01-01
NLD;NLD197100623;;RET;1997-05-07;1997-05-07;NLD197100623;UK-32;MARRETJE;NLURK;Urk;PFVT;Y;N;N;N;N;N;;FX;TBB;MIS;;;;;32.88;0.00;178.00;0.00;0.00;706.00;0.00;2;1980-04-06;4J7;;;AC;1971-01-01
NLD;NLD197100936;;EXP;1989-12-01;1989-12-01;NLD197100936;UK-208;ALBATROS;NLURK;Urk;PCGC;Y;N;N;N;N;N;;FX;TBB;MIS;;;;;33.81;0.00;192.00;0.00;0.00;838.00;0.00;2;1979-03-21;KUQ;CHL;EX;AC;1971-01-01
NLD;NLD197101008;7114408;RET;1994-07-15;1994-07-15;NLD197101008;UK-307;HILTJE JACOBA;NLURK;Urk;PERS;Y;N;N;N;N;N;;FX;OTB;TBB;;;;;25.06;0.00;133.00;0.00;0.00;488.00;0.00;2;1980-12-22;Z18;;;AC;1971-01-01
NLD;NLD197101044;;RET;2002-09-27;2002-09-27;NLD197101044;OD-12;ASTRID ILSE;NLGDO;Goedereede-Ouddorp;;N;N;N;N;N;N;;FX;NK;MIS;;;;;7.46;0.00;2.00;0.00;0.00;29.00;0.00;2;1981-01-09;4J1;;;PA;1971-01-01
NLD;NLD197101165;;RET;1994-06-27;1994-06-27;NLD197101165;SCH-73;WILLY;NLSCE;Scheveningen;;N;N;N;N;N;N;;FX;GNS;LLS;;;;;7.50;0.00;0.00;3.00;0.00;25.00;0.00;3;1991-01-31;Z18;;;PA;1971-01-01
NLD;NLD197101212;;RET;1994-06-24;1994-06-24;NLD197101212;HD-47;OKKO;NLDHR;Den Helder;;N;N;N;N;N;N;;FX;PTM;MIS;;;;;6.60;0.00;0.00;4.98;0.00;9.00;0.00;2;1991-03-26;Z18;;;PA;1971-01-01
NLD;NLD197101240;;RET;1994-06-27;1994-06-27;NLD197101240;TX-26;GROTE BEER;NLTEX;Texel;;N;N;N;N;N;N;;FX;GNS;LLS;;;;;9.90;0.00;0.00;12.03;0.00;38.00;0.00;3;1991-04-16;Z18;;;PA;1971-01-01
NLD;NLD197101535;;RET;1994-06-27;1994-06-27;NLD197101535;VLI-30;VERWENSE;NLVLI;Vlissingen;;N;N;N;N;N;N;;FX;TBB;OTB;;;;;8.00;0.00;0.00;9.91;0.00;34.00;0.00;2;1991-10-11;Z18;;;PA;1971-01-01
NLD;NLD197101537;;RET;1994-06-27;1994-06-27;NLD197101537;VLI-43;ADRIANA;NLVLI;Vlissingen;;N;N;N;N;N;N;;FX;TBB;OTB;;;;;8.00;0.00;0.00;16.72;0.00;40.00;0.00;2;1991-10-11;Z18;;;PA;1971-01-01
NLD;NLD197101668;;RET;2014-01-01;2014-01-01;NLD197101668;WR-221;ANITA;NLWRG;Wieringen/Den Oever;;N;N;N;N;Y;N;;FX;FPO;MIS;;;;;5.15;0.00;1.00;0.00;0.00;22.00;0.00;2;1992-06-29;MFL;;;PA;1971-01-01
NLD;NLD197101822;;RET;1994-06-24;1994-06-24;NLD197101822;HD-116;WILLEM;NLDHR;Den Helder;;N;N;N;N;N;N;;FX;GNS;LLS;;;;;4.85;0.00;0.00;1.39;0.00;12.00;0.00;3;1993-08-30;Z18;;;PA;1971-01-01
NLD;NLD197101922;;RET;2005-06-01;2005-06-01;NLD197101922;UK-161;BRANDING;NLURK;Urk;;N;N;N;N;Y;N;;FX;LHP;LHM;;;;;5.72;0.00;1.00;0.00;0.00;6.00;0.00;3;1995-05-11;MFL;;;PA;1971-01-01
NLD;NLD197102142;;RET;2001-04-01;2001-04-01;NLD197102142;IJM-210;ANGELIQUE;NLIJM;Ijmuiden/Velsen;;N;N;N;N;N;N;;FX;GNS;MIS;;;;;5.20;0.00;1.00;0.00;0.00;3.00;0.00;1;1998-10-23;4J1;;;PA;1971-01-01
NLD;NLD197102153;;MOD;2005-01-01;2100-12-31;NLD197102153;NB-2;CORNELIA;NLNBE;Nieuw-Beijerland;;N;Y;N;N;Y;N;;WOP;FPO;MIS;;;;;8.85;0.00;3.00;0.00;0.00;31.00;0.00;2;1998-11-20;MFL;;;;1971-01-01
NLD;NLD197172091;;IMP;2021-11-30;2100-12-31;NLD197172091;BR-18;MOBY-DICK;NLBRS;Breskens;;N;Y;N;N;Y;N;;WOP;FPO;LHP;;;;;11.26;0.00;9.00;0.00;0.00;115.00;15.00;2;2021-11-30;MFL;BEL;;PA;1971-01-01
NLD;NLD197200049;;RET;1997-07-11;1997-07-11;NLD197200049;BRU-16;BRU-16;NLBSE;Bruinisse;;N;N;N;N;N;N;;FX;FPO;NK;;;;;5.00;0.00;0.00;2.00;0.00;15.00;0.00;3;1982-06-22;4J7;;;PA;1972-01-01
NLD;NLD197200091;;RET;1991-05-02;1991-05-02;NLD197200091;GO-27;JOHANNES;NLGDR;Goedereede;PFDT;Y;N;N;N;N;N;;FX;TBB;MIS;;;;;37.40;0.00;257.00;0.00;0.00;1103.00;0.00;2;1978-12-06;KUQ;;;AC;1972-01-01
NLD;NLD197200094;;EXP;1990-10-12;1990-10-12;NLD197200094;GO-30;KLAARTJE;NLGDR;Goedereede;PFJQ;Y;N;N;N;N;N;;FX;TBB;MIS;;;;;31.17;0.00;0.00;167.58;0.00;1103.00;0.00;2;1979-07-20;KUQ;SEN;EX;AC;1972-01-01
NLD;NLD197200142;;EXP;1994-03-25;1994-03-25;NLD197200142;GO-65;SOLI DEO GLORIA;NLGDR;Goedereede;PHSM;Y;N;N;N;N;N;;FX;TBB;MIS;;;;;32.88;0.00;0.00;164.62;0.00;880.00;0.00;2;1972-07-19;Z18;GBR;EX;PA;1972-01-01
NLD;NLD197200198;;RET;1994-08-18;1994-08-18;NLD197200198;KL-8;WILMA;NLKLU;Klundert;;N;N;N;N;N;N;;FX;NK;MIS;;;;;8.70;0.00;0.00;6.00;0.00;14.00;0.00;2;1974-04-16;Z18;;;PA;1972-01-01
NLD;NLD197200199;;RET;1991-04-19;1991-04-19;NLD197200199;HD-67;WILLEM;NLDHR;Den Helder;PIPH;Y;N;N;N;N;N;;FX;OTM;TBB;;;;;32.84;0.00;0.00;165.01;0.00;910.00;0.00;2;1973-06-13;KUQ;;;AC;1972-01-01
NLD;NLD197200231;;RET;1999-06-24;1999-06-24;NLD197200231;KW-5;LEENDERT DE MOL;NLKWK;Katwijk;PFOJ;Y;N;N;N;N;N;;FX;OTM;TBB;;;;;34.15;0.00;204.00;0.00;0.00;1471.00;0.00;2;1973-01-11;4J7;;;AC;1972-01-01
NLD;NLD197200415;;RET;1996-01-31;1996-01-31;NLD197200415;IJM-13;ORCA;NLIJM;Ijmuiden/Velsen;;N;N;N;N;N;N;;FX;NK;MIS;;;;;7.31;0.00;0.00;5.60;0.00;11.00;0.00;3;1985-08-13;E17;;;PA;1972-01-01
NLD;NLD197200445;;RET;1994-06-27;1994-06-27;NLD197200445;TH-9;TH-9;NLTHO;Tholen;;N;N;N;N;N;N;;FX;FPO;NK;;;;;6.00;0.00;0.00;5.00;0.00;14.00;0.00;2;1976-06-25;Z18;;;PA;1972-01-01
NLD;NLD197200639;;RET;1994-08-23;1994-08-23;NLD197200639;UK-37;URSA MINOR;NLURK;Urk;PICU;Y;N;N;N;N;N;;FX;OTB;TBB;;;;;32.25;0.00;188.00;0.00;0.00;747.00;0.00;2;1980-07-14;Z18;;;AC;1972-01-01
NLD;NLD197200641;;RET;1990-11-26;1990-11-26;NLD197200641;UK-39;JOHANNA;NLURK;Urk;PFDN;Y;N;N;N;N;N;;FX;OTM;PTM;;;;;35.25;0.00;372.00;0.00;0.00;1052.00;0.00;2;1981-09-18;KUQ;;;AC;1972-01-01
NLD;NLD197200673;;RET;1992-04-14;1992-04-14;NLD197200673;WR-35;WR-35;NLWRG;Wieringen/Den Oever;;N;N;N;N;N;N;;FX;NK;MIS;;;;;5.50;0.00;0.00;2.30;0.00;7.00;0.00;1;1988-09-07;Z18;;;PA;1972-01-01
NLD;NLD197200683;;DES;1992-09-09;1992-09-09;NLD197200683;WR-38;ANNA;NLWRG;Wieringen/Den Oever;;N;N;N;N;N;N;;FX;FPO;GNS;;;;;12.00;0.00;0.00;13.93;0.00;70.00;0.00;2;1989-06-09;Z18;;;PA;1972-01-01
NLD;NLD197200685;;EXP;1996-03-20;1996-03-20;NLD197200685;WR-109;BOUKJE-ELISABETH;NLWRG;Wieringen/Den Oever;PDEO;Y;N;N;N;N;N;;FX;TBB;MIS;;;;;32.76;0.00;182.00;0.00;0.00;905.00;0.00;2;1974-09-20;Z18;MLT;EX;AC;1972-01-01
NLD;NLD197200839;;EXP;1999-03-19;1999-03-19;NLD197200839;UK-17;JANNIE;NLURK;Urk;PEZK;Y;N;N;N;N;N;;FX;TBB;MIS;;;;;36.48;0.00;268.00;0.00;0.00;1177.00;301.00;2;1972-04-17;4J7;IRL;EX;PA;1972-01-01
NLD;NLD197200855;;EXP;1993-04-20;1993-04-20;NLD197200855;UK-175;BERENDINA HERMINA;NLURK;Urk;PDAS;Y;N;N;N;N;N;;FX;TBB;MIS;;;;;33.96;0.00;0.00;192.30;0.00;920.00;241.00;2;1979-12-12;Z18;NAM;EX;AC;1972-01-01
NLD;NLD197200908;;RET;1994-07-15;1994-07-15;NLD197200908;UK-89;JOOS JOHANNES;NLURK;Urk;PFFF;Y;N;N;N;N;N;;FX;TBB;MIS;;;;;29.74;0.00;136.00;0.00;0.00;588.00;0.00;2;1981-07-06;Z18;;;AC;1972-01-01
NLD;NLD197200961;;RET;1995-06-08;1995-06-08;NLD197200961;UK-127;JANNIE EN KLAAS;NLURK;Urk;PFAF;Y;N;N;N;N;N;;FX;TBB;MIS;;;;;33.92;0.00;198.00;0.00;0.00;885.00;0.00;2;1981-04-21;Z18;;;PA;1972-01-01
NLD;NLD197201016;;EXP;1996-02-19;1996-02-19;NLD197201016;UK-73;ORA ET LABORA;NLURK;Urk;PGOM;Y;N;N;N;N;N;;FX;TBB;MIS;;;;;37.85;0.00;265.00;0.00;0.00;1324.00;301.00;2;1980-04-15;Z18;CHL;EX;AC;1972-01-01
NLD;NLD197201047;;MOD;2023-07-13;2100-12-31;NLD197201047;OD-20;JASMIJN;NLGDO;Goedereede-Ouddorp;;N;Y;N;N;Y;N;;WOP;FPO;MIS;;;;;4.32;0.00;1.00;0.00;0.00;18.00;0.00;3;1990-03-19;MFL;;;;1972-01-01
NLD;NLD197201090;;RET;2005-06-01;2005-06-01;NLD197201090;WR-271;WIRONI;NLWRG;Wieringen/Den Oever;;N;N;N;N;Y;N;;FX;OTB;MIS;;;;;5.05;0.00;1.00;0.00;0.00;18.00;0.00;2;1990-08-31;MFL;;;PA;1972-01-01
NLD;NLD197201127;;RET;1994-09-08;1994-09-08;NLD197201127;SCH-39;CORNELIS;NLSCE;Scheveningen;;N;N;N;N;N;N;;FX;TBB;OTB;;;;;5.20;0.00;0.00;2.04;0.00;7.00;0.00;3;1990-12-06;Z18;;;PA;1972-01-01
NLD;NLD197201145;;RET;1991-09-24;1991-09-24;NLD197201145;SCH-12;MOBY DICK;NLSCE;Scheveningen;;N;N;N;N;N;N;;FX;TBB;LLS;;;;;9.20;0.00;0.00;15.95;0.00;37.00;0.00;2;1991-01-22;OVG;;;PA;1972-01-01
NLD;NLD197201176;;MOD;2008-05-15;2100-12-31;NLD197201176;TX-39;MORGENSTER;NLTEX;Texel;;N;Y;N;N;Y;N;;MO;OTB;FPO;;;;;6.00;0.00;1.00;0.00;0.00;15.00;0.00;2;1991-02-12;MFL;;;;1972-01-01
NLD;NLD197201207;;RET;1994-06-23;1994-06-23;NLD197201207;BR-1;NELLY;NLBRS;Breskens;;N;N;N;N;N;N;;FX;TBB;MIS;;;;;9.30;0.00;0.00;19.79;0.00;88.00;0.00;3;1991-03-25;Z18;;;PA;1972-01-01
NLD;NLD197201261;;RET;1991-09-19;1991-09-19;NLD197201261;SCH-59;MARIJKE;NLSCE;Scheveningen;;N;N;N;N;N;N;;FX;TBB;MIS;;;;;8.00;0.00;0.00;5.87;0.00;20.00;0.00;3;1991-05-07;OVG;;;PA;1972-01-01
NLD;NLD197201274;;RET;1992-08-25;1992-08-25;NLD197201274;HD-55;COBY;NLDHR;Den Helder;;N;N;N;N;N;N;;FX;TBB;LLS;;;;;5.50;0.00;0.00;3.12;0.00;7.00;0.00;2;1991-05-16;Z18;;;PA;1972-01-01
NLD;NLD197201300;;RET;1994-06-27;1994-06-27;NLD197201300;TX-13;MARJAC;NLTEX;Texel;;N;N;N;N;N;N;;FX;GNS;NK;;;;;4.00;0.00;0.00;1.48;0.00;6.00;2.00;3;1991-05-23;Z18;;;PA;1972-01-01
NLD;NLD197201301;;RET;1994-06-27;1994-06-27;NLD197201301;TX-40;GEESKE;NLTEX;Texel;PEGP;Y;N;N;N;N;N;;FX;TBB;OTB;;;;;7.30;0.00;0.00;4.61;0.00;30.00;0.00;3;1991-05-23;Z18;;;PA;1972-01-01
NLD;NLD197201506;;RET;1994-06-24;1994-06-24;NLD197201506;HON-24;ADRIANA;NLHTN;Hontenisse;;N;N;N;N;N;N;;FX;TBB;MIS;;;;;12.80;0.00;0.00;21.13;0.00;68.00;0.00;2;1991-09-13;Z18;;;PA;1972-01-01
NLD;NLD197201563;;RET;1994-06-28;1994-06-28;NLD197201563;ZZ-23;ORKA;NLZIE;Zierikzee;;N;N;N;N;N;N;;FX;TBB;MIS;;;;;8.63;0.00;0.00;6.92;0.00;38.00;0.00;2;1991-10-17;Z18;;;PA;1972-01-01
NLD;NLD197201618;;RET;1994-09-08;1994-09-08;NLD197201618;IJM-350;RANA 15;NLIJM;Ijmuiden/Velsen;;N;N;N;N;N;N;;FX;GNS;NK;;;;;4.20;0.00;0.00;0.84;0.00;11.00;0.00;3;1992-03-04;Z18;;;PA;1972-01-01
NLD;NLD197201634;;RET;1994-06-27;1994-06-27;NLD197201634;IJM-352;LOLA;NLIJM;Ijmuiden/Velsen;;N;N;N;N;N;N;;FX;GNS;NK;;;;;4.40;0.00;0.00;1.16;0.00;11.00;0.00;3;1992-04-14;Z18;;;PA;1972-01-01
NLD;NLD197201652;;RET;1994-06-23;1994-06-23;NLD197201652;HA-69;GEEP;NLHAR;Harlingen;;N;N;N;N;N;N;;FX;NK;MIS;;;;;4.20;0.00;0.00;1.24;0.00;22.00;0.00;3;1992-06-09;Z18;;;PA;1972-01-01
NLD;NLD197201653;;RET;1994-06-23;1994-06-23;NLD197201653;HA-70;ROB;NLHAR;Harlingen;;N;N;N;N;N;N;;FX;NK;MIS;;;;;5.50;0.00;0.00;1.89;0.00;15.00;0.00;3;1992-06-09;Z18;;;PA;1972-01-01
NLD;NLD197201729;;RET;1994-06-27;1994-06-27;NLD197201729;VD-306;GOUWZEE;NLVOD;Volendam;;N;N;N;N;N;N;;FX;GNS;NK;;;;;7.50;0.00;0.00;5.00;0.00;6.00;0.00;2;1993-01-14;Z18;;;PA;1972-01-01
NLD;NLD197201777;;RET;1994-06-27;1994-06-27;NLD197201777;TX-97;ORION;NLTEX;Texel;;N;N;N;N;N;N;;FX;TBB;OTB;;;;;6.00;0.00;0.00;2.48;0.00;11.00;0.00;3;1993-06-07;Z18;;;PA;1972-01-01
NLD;NLD197201858;;RET;1998-09-03;1998-09-03;NLD197201858;WSW-8;MARIANNE;NLWSW;Westenschouwen;;N;N;N;N;N;N;;FX;GNS;MIS;;;;;8.70;0.00;0.00;3.50;0.00;40.00;0.00;3;1994-02-16;4J7;;;PA;1972-01-01
NLD;NLD197201859;;RET;1997-12-04;1997-12-04;NLD197201859;HA-71;VROUWE MARIA;NLHAR;Harlingen;;N;N;N;N;N;N;;FX;OTB;NK;;;;;14.90;0.00;0.00;51.00;0.00;124.00;3.00;2;1994-04-07;4J7;;;PA;1972-01-01
NLD;NLD197201860;;RET;2000-01-18;2000-01-18;NLD197201860;IJM-311;ORKA;NLIJM;Ijmuiden/Velsen;;N;N;N;N;N;N;;FX;GNS;OTB;;;;;6.95;0.00;2.00;0.00;0.00;48.00;0.00;2;1994-05-19;4J7;;;PA;1972-01-01
NLD;NLD197201974;;RET;2002-05-28;2002-05-28;NLD197201974;GO-17;TWEE GEBROEDERS;NLGDR;Goedereede;;N;N;N;N;N;N;;FX;TBB;GNS;;;;;7.92;0.00;2.00;0.00;0.00;25.00;0.00;2;1996-05-08;4JZ;;;PA;1972-01-01
NLD;NLD197202012;;MOD;2012-01-01;2100-12-31;NLD197202012;YE-11;DOBBER;NLYSK;Yerseke;;N;Y;N;N;Y;N;;GO;GNS;OTB;;;;;7.80;0.00;3.00;0.00;0.00;37.00;0.00;3;1996-10-07;MFL;;;;1972-01-01
NLD;NLD197202073;;EXP;2020-03-26;2020-03-26;NLD197202073;GO-4;GEORGE JOHANNES KLAZINA;NLGDR;Goedereede;;N;N;N;N;Y;N;;FX;OTB;LHP;;;;;3.77;0.00;1.00;0.00;0.00;11.00;0.00;3;2013-11-14;MFL;BEL;EX;PA;1972-01-01
NLD;NLD197202582;;RET;2002-09-27;2002-09-27;NLD197202582;TM-3;GOOFY;NLTMZ;Termunterzijl;;N;N;N;N;N;N;;FX;FPO;MIS;;;;;9.70;0.00;7.00;0.00;0.00;66.00;0.00;2;2000-06-05;4J7;;;PA;1972-01-01
NLD;NLD197300064;;EXP;1989-11-01;1989-11-01;NLD197300064;GO-5;ORA ET LABORA;NLGDR;Goedereede;PGOD;Y;N;N;N;N;N;;FX;TBB;MIS;;;;;33.95;0.00;0.00;237.99;0.00;883.00;0.00;2;1980-12-03;KUQ;CHL;EX;PA;1973-01-01
NLD;NLD197300065;;RET;1992-02-28;1992-02-28;NLD197300065;GO-6;WISSELVALLIGHEID;NLGDR;Goedereede;PIRG;Y;N;N;N;N;N;;FX;TBB;MIS;;;;;32.99;0.00;0.00;208.76;0.00;1030.00;0.00;2;1973-06-06;Z18;;;AC;1973-01-01
NLD;NLD197300066;;RET;1991-03-20;1991-03-20;NLD197300066;GO-7;JACOB;NLGDR;Goedereede;;N;N;N;N;N;N;;FX;TBB;MIS;;;;;32.99;0.00;0.00;207.73;0.00;955.00;0.00;2;1973-08-10;KUQ;;;AC;1973-01-01
NLD;NLD197300080;;EXP;1991-01-21;1991-01-21;NLD197300080;GO-15;CORNELIS MARINUS;NLGDR;Goedereede;PDMK;Y;N;N;N;N;N;;FX;TBB;MIS;;;;;32.12;0.00;185.00;0.00;0.00;662.00;0.00;2;1974-01-24;KUQ;ESP;EX;AC;1973-01-01
NLD;NLD197300098;;RET;1993-02-17;1993-02-17;NLD197300098;GO-36;DE VROUW JANNETJE;NLGDR;Goedereede;;N;N;N;N;N;N;;FX;TBB;MIS;;;;;35.34;0.00;0.00;233.64;0.00;1103.00;0.00;2;1974-05-09;E17;;;AC;1973-01-01
NLD;NLD197300100;;RET;1993-02-15;1993-02-15;NLD197300100;GO-37;CONCORDIA;NLGDR;Goedereede;PDMT;Y;N;N;N;N;N;;FX;GNS;TBB;;;;;34.00;0.00;0.00;202.96;0.00;995.00;0.00;2;1978-06-13;E17;;;AC;1973-01-01
NLD;NLD197300114;;RET;1990-05-21;1990-05-21;NLD197300114;GO-60;QUO VADIS;NLGDR;Goedereede;;N;N;N;N;N;N;;FX;TBB;MIS;;;;;34.72;0.00;0.00;202.79;0.00;912.00;0.00;2;1973-12-04;KUQ;;;AC;1973-01-01
NLD;NLD197300157;;EXP;1992-09-23;1992-09-23;NLD197300157;HD-18;CATHARINA;NLDHR;Den Helder;PDIW;Y;N;N;N;N;N;;FX;TBB;MIS;;;;;33.56;0.00;0.00;189.95;0.00;908.00;0.00;2;1973-07-03;Z18;VCT;EX;AC;1973-01-01
NLD;NLD197300170;;RET;1994-07-18;1994-07-18;NLD197300170;HN-20;NEELTJE;NLHRN;Hoorn;;N;N;N;N;N;N;;FX;NK;MIS;;;;;10.60;0.00;0.00;20.00;0.00;88.00;0.00;2;1973-05-10;Z18;;;PA;1973-01-01
NLD;NLD197300185;;EXP;1996-01-18;1996-01-18;NLD197300185;GO-24;POOLSTER;NLGDR;Goedereede;PGUS;Y;N;N;N;N;N;;FX;OTB;TBB;;;;;39.19;0.00;287.00;0.00;0.00;1397.00;0.00;2;1975-12-22;Z18;PAN;EX;AC;1973-01-01
NLD;NLD197300275;;EXP;1990-10-23;1990-10-23;NLD197300275;HD-29;MORGENSTER;NLDHR;Den Helder;;N;N;N;N;N;N;;FX;OTB;TBB;;;;;29.36;0.00;0.00;165.60;0.00;827.00;0.00;2;1979-11-05;KUQ;PAN;EX;PA;1973-01-01
NLD;NLD197300280;;RET;1991-05-08;1991-05-08;NLD197300280;KW-63;DOGGERSBANK;NLKWK;Katwijk;;N;N;N;N;N;N;;FX;TBB;MIS;;;;;28.93;0.00;0.00;145.36;0.00;662.00;0.00;2;1981-06-11;KUQ;;;AC;1973-01-01
NLD;NLD197300287;;RET;1990-08-31;1990-08-31;NLD197300287;KW-8;PELIKAAN;NLKWK;Katwijk;;N;N;N;N;N;N;;FX;OTB;MIS;;;;;32.98;0.00;0.00;207.00;0.00;883.00;0.00;2;1979-11-29;KUQ;;;AC;1973-01-01
NLD;NLD197300304;;EXP;1990-06-25;1990-06-25;NLD197300304;KW-145;TINY;NLKWK;Katwijk;PHZH;Y;N;N;N;N;N;;FX;OTB;MIS;;;;;37.85;0.00;0.00;258.26;0.00;1324.00;0.00;2;1973-08-22;KUQ;PAN;EX;AC;1973-01-01
NLD;NLD197300313;;EXP;1991-11-15;1991-11-15;NLD197300313;UK-389;GRIETJE CORNELIS;NLURK;Urk;;N;N;N;N;N;N;;FX;TBB;MIS;;;;;34.50;0.00;0.00;206.84;0.00;1048.00;0.00;2;1981-01-09;KUQ;GBR;EX;PA;1973-01-01
NLD;NLD197300320;;RET;1996-01-29;1996-01-29;NLD197300320;KW-189;HANS;NLKWK;Katwijk;PENC;Y;N;N;N;N;N;;FX;TBB;MIS;;;;;37.95;0.00;249.00;0.00;0.00;993.00;132.00;2;1981-06-08;Z18;;;AC;1973-01-01
NLD;NLD197300363;8135887;RET;2013-03-08;2013-03-08;NLD197300363;HA-222;BERNADETTE;NLHAR;Harlingen;PDAV;Y;N;Y;N;N;N;;FX;HMD;MIS;;;;;39.00;0.00;147.00;0.00;0.00;702.00;70.00;2;1980-05-07;MFL;;;PA;1973-01-01
NLD;NLD197300406;;RET;1991-01-16;1991-01-16;NLD197300406;TX-9;DEO JUVANTE;NLTEX;Texel;;N;N;N;N;N;N;;FX;TBB;MIS;;;;;34.40;0.00;0.00;229.61;0.00;1066.00;0.00;2;1974-01-16;KUQ;;;AC;1973-01-01
NLD;NLD197300432;;DES;2005-11-06;2005-11-06;NLD197300432;KW-146;ADRIAANTJE CATHARINA;NLKWK;Katwijk;PCDQ;Y;N;N;N;N;N;;FX;TBB;OTB;;;;;40.38;0.00;325.00;0.00;0.00;1449.00;430.00;2;1973-12-13;MFL;;;AC;1973-01-01
NLD;NLD197300583;;RET;1994-09-08;1994-09-08;NLD197300583;WR-11;WR-11;NLWRG;Wieringen/Den Oever;;N;N;N;N;N;N;;FX;GNS;NK;;;;;8.00;0.00;0.00;7.43;0.00;26.00;0.00;2;1988-11-10;E17;;;PA;1973-01-01
NLD;NLD197300634;7301049;RET;1996-01-29;1996-01-29;NLD197300634;UK-36;URSA MAJOR;NLURK;Urk;PICW;Y;N;N;N;N;N;;FX;TBB;MIS;;;;;32.25;0.00;188.00;0.00;0.00;747.00;0.00;2;1981-05-08;Z18;;;AC;1973-01-01
NLD;NLD197300674;;EXP;2000-05-30;2000-05-30;NLD197300674;UK-45;LEENDERT MARIE;NLURK;Urk;PFNW;Y;N;N;N;N;N;;FX;TBB;MIS;;;;;38.76;0.00;288.00;0.00;0.00;1397.00;0.00;2;1981-01-12;4J7;IRL;EX;PA;1973-01-01
NLD;NLD197300773;;EXP;1995-11-03;1995-11-03;NLD197300773;VD-54;NELLIE;NLVOD;Volendam;PGFW;Y;N;N;N;N;N;;FX;TBB;MIS;;;;;31.99;0.00;0.00;210.26;0.00;956.00;0.00;2;1980-10-16;E17;GBR;EX;PA;1973-01-01
NLD;NLD197300831;;EXP;1989-10-31;1989-10-31;NLD197300831;UK-164;MATTANJA;NLURK;Urk;PFWK;Y;N;N;N;N;N;;FX;OTB;TBB;;;;;32.70;0.00;0.00;199.63;0.00;883.00;0.00;2;1973-10-29;KUQ;GBR;EX;PA;1973-01-01
NLD;NLD197300894;;EXP;1992-12-23;1992-12-23;NLD197300894;UK-187;DR. MAARTEN LUTHER;NLURK;Urk;PDTR;Y;N;N;N;N;N;;FX;OTB;TBB;;;;;37.87;0.00;0.00;234.82;0.00;1103.00;0.00;2;1978-01-30;E17;DEU;EX;PA;1973-01-01
NLD;NLD197300915;;RET;1994-06-24;1994-06-24;NLD197300915;HD-197;ALBATROS;NLDHR;Den Helder;PCFZ;Y;N;N;N;N;N;;FX;OTB;TBB;;;;;32.92;0.00;0.00;174.24;0.00;908.00;0.00;2;1981-05-12;Z18;;;PA;1973-01-01
NLD;NLD197300916;;EXP;1996-11-21;1996-11-21;NLD197300916;UK-92;LIMANDA;NLURK;Urk;;N;N;N;N;N;N;;FX;TBB;MIS;;;;;34.00;0.00;200.00;0.00;0.00;956.00;0.00;2;1981-03-25;Z18;IRL;EX;PA;1973-01-01
NLD;NLD197300948;;EXP;1997-09-25;1997-09-25;NLD197300948;UK-222;ALBERT JACOB;NLURK;Urk;PCGO;Y;N;N;N;N;N;;FX;TBB;MIS;;;;;38.03;0.00;247.00;0.00;0.00;950.00;147.00;2;1979-08-20;4J7;SYC;EX;AC;1973-01-01
NLD;NLD197300950;;RET;1997-03-05;1997-03-05;NLD197300950;UK-149;BROEDERTROUW;NLURK;Urk;PGOQ;Y;N;N;N;N;N;;FX;TBB;MIS;;;;;34.12;0.00;229.00;0.00;0.00;882.00;184.00;2;1979-10-11;4J7;;;AC;1973-01-01
NLD;NLD197300960;;RET;1991-08-14;1991-08-14;NLD197300960;UK-232;ZWAANTJE CORNELIS;NLURK;Urk;;N;N;N;N;N;N;;FX;TBB;MIS;;;;;34.24;0.00;0.00;231.93;0.00;883.00;0.00;2;1980-05-14;KUQ;;;AC;1973-01-01
NLD;NLD197301000;;RET;1996-02-19;1996-02-19;NLD197301000;UK-142;AALTJE MARGRIET;NLURK;Urk;PCAS;Y;N;N;N;N;N;;FX;PTM;MIS;;;;;34.98;0.00;265.00;0.00;0.00;1030.00;0.00;2;1973-12-14;Z18;;;AC;1973-01-01
NLD;NLD197301020;;RET;2003-12-20;2003-12-20;NLD197301020;TX-56;CORNELIA CATHERINA;NLTEX;Texel;PDKL;Y;N;Y;N;N;N;;FX;TBB;MIS;;;;;29.78;0.00;146.00;0.00;0.00;736.00;0.00;2;1974-06-04;MFL;;;AC;1973-01-01
NLD;NLD197301082;;RET;2020-03-06;2020-03-06;NLD197301082;ZZ-12;ONKEL SAM;NLZIE;Zierikzee;;N;N;N;N;Y;N;;WOP;FPO;MIS;;;;;8.45;0.00;4.00;0.00;0.00;43.00;0.00;2;1990-07-17;MFL;;;PA;1973-01-01
NLD;NLD197301126;;RET;1994-06-24;1994-06-24;NLD197301126;SCH-29;MALLEMOK;NLSCE;Scheveningen;;N;N;N;N;N;N;;FX;OTB;MIS;;;;;5.85;0.00;0.00;3.55;0.00;8.00;0.00;3;1990-12-06;Z18;;;PA;1973-01-01
NLD;NLD197301154;;RET;1991-09-24;1991-09-24;NLD197301154;SCH-15;CORRY;NLSCE;Scheveningen;;N;N;N;N;N;N;;FX;TBB;NK;;;;;6.85;0.00;0.00;3.58;0.00;26.00;0.00;3;1991-01-24;OVG;;;PA;1973-01-01
NLD;NLD197301156;;RET;1991-10-08;1991-10-08;NLD197301156;SCH-35;BATAVIER;NLSCE;Scheveningen;;N;N;N;N;N;N;;FX;OTB;MIS;;;;;5.70;0.00;0.00;2.65;0.00;6.00;0.00;3;1991-01-25;OVG;;;PA;1973-01-01
NLD;NLD197301209;;RET;1994-06-23;1994-06-23;NLD197301209;BR-3;RA III;NLBRS;Breskens;;N;N;N;N;N;N;;FX;TBB;NK;;;;;7.20;0.00;0.00;9.40;0.00;11.00;0.00;2;1991-03-26;Z18;;;PA;1973-01-01
NLD;NLD197301210;;EXP;1993-06-08;1993-06-08;NLD197301210;HD-93;STADT TONNING;NLDHR;Den Helder;;N;N;N;N;N;N;;FX;PTM;TBB;;;;;34.15;0.00;0.00;173.73;0.00;908.00;179.00;2;1980-11-28;Z18;DEU;EX;PA;1973-01-01
NLD;NLD197301211;;RET;1994-06-24;1994-06-24;NLD197301211;HON-1;MARC;NLHTN;Hontenisse;;N;N;N;N;N;N;;FX;TBB;NK;;;;;9.60;0.00;0.00;15.85;0.00;120.00;0.00;3;1991-03-26;Z18;;;PA;1973-01-01
NLD;NLD197301401;;RET;1991-09-19;1991-09-19;NLD197301401;VLI-22;ADRIANA;NLVLI;Vlissingen;;N;N;N;N;N;N;;FX;TBB;OTB;;;;;7.25;0.00;0.00;3.93;0.00;35.00;0.00;2;1991-06-19;OVG;;;PA;1973-01-01
NLD;NLD197301508;;RET;1993-01-14;1993-01-14;NLD197301508;HON-26;CAROLINE;NLHTN;Hontenisse;;N;N;N;N;N;N;;FX;TBB;MIS;;;;;9.60;0.00;0.00;15.02;0.00;93.00;0.00;3;1991-09-13;Z18;;;PA;1973-01-01
NLD;NLD197301516;;RET;1994-06-27;1994-06-27;NLD197301516;TX-105;RETEP;NLTEX;Texel;;N;N;N;N;N;N;;FX;TBB;GNS;;;;;5.00;0.00;0.00;6.70;0.00;15.00;0.00;1;1991-09-25;Z18;;;PA;1973-01-01
NLD;NLD197301532;;RET;1994-06-24;1994-06-24;NLD197301532;HON-17;ILMAR;NLHTN;Hontenisse;;N;N;N;N;N;N;;FX;TBB;FPO;;;;;10.00;0.00;0.00;22.29;0.00;62.00;0.00;2;1991-10-08;Z18;;;PA;1973-01-01
NLD;NLD197301550;;RET;1994-06-24;1994-06-24;NLD197301550;HON-28;HENRIETTE;NLHTN;Hontenisse;;N;N;N;N;N;N;;FX;TBB;MIS;;;;;11.95;0.00;0.00;29.01;0.00;88.00;8.00;2;1991-10-16;Z18;;;PA;1973-01-01
NLD;NLD197301577;;RET;1994-06-27;1994-06-27;NLD197301577;SL-17;VAPIJO;NLSTD;Stellendam;;N;N;N;N;N;N;;FX;NK;MIS;;;;;9.00;0.00;0.00;17.41;0.00;29.00;0.00;2;1991-11-18;Z18;;;PA;1973-01-01
NLD;NLD197301720;;RET;1994-06-24;1994-06-24;NLD197301720;SCH-8;CALYPSO;NLSCE;Scheveningen;;N;N;N;N;N;N;;FX;OTB;MIS;;;;;8.20;0.00;0.00;10.49;0.00;40.00;0.00;3;1992-11-26;Z18;;;PA;1973-01-01
NLD;NLD197301734;;RET;1997-07-11;1997-07-11;NLD197301734;IJM-357;NINA;NLIJM;Ijmuiden/Velsen;;N;N;N;N;N;N;;FX;GNS;OTB;;;;;7.94;0.00;4.00;0.00;0.00;22.00;0.00;3;1993-01-29;4J5;;;PA;1973-01-01
NLD;NLD197301843;;RET;2001-04-01;2001-04-01;NLD197301843;UK-62;NEREIDE;NLURK;Urk;;N;N;N;N;N;N;;FX;GNS;MIS;;;;;9.80;0.00;7.00;0.00;0.00;71.00;0.00;2;1993-12-30;4J1;;;PA;1973-01-01
NLD;NLD197302022;;RET;2002-05-15;2002-05-15;NLD197302022;TH-60;PIETERNELLA;NLTHO;Tholen;;N;N;N;N;N;N;;FX;NK;MIS;;;;;7.63;0.00;2.00;0.00;0.00;37.00;0.00;2;1996-10-23;4JZ;;;PA;1973-01-01
NLD;NLD197302040;;RET;1998-09-03;1998-09-03;NLD197302040;WR-110;SUZANNA;NLWRG;Wieringen/Den Oever;;N;N;N;N;N;N;;FX;GNS;NK;;;;;9.60;0.00;0.00;17.22;0.00;110.00;0.00;2;1997-02-07;4J7;;;PA;1973-01-01
NLD;NLD197400082;;EXP;2001-11-27;2001-11-27;NLD197400082;UK-234;PIETER SENIOR;NLURK;Urk;PEYW;Y;N;N;N;N;N;;FX;TBB;MIS;;;;;33.81;0.00;220.00;0.00;0.00;1030.00;191.00;2;1979-03-20;4J7;IRL;EX;PA;1974-01-01
NLD;NLD197400084;;EXP;1992-03-11;1992-03-11;NLD197400084;GO-18;NOOIT VERWACHT;NLGDR;Goedereede;PGIE;Y;N;N;N;N;N;;FX;TBB;MIS;;;;;42.89;0.00;311.00;0.00;0.00;1290.00;0.00;2;1977-07-19;E17;GBR;EX;PA;1974-01-01
NLD;NLD197400085;;EXP;1994-06-22;1994-06-22;NLD197400085;GO-19;WESTERSCHELDE;NLGDR;Goedereede;PINV;Y;N;N;N;N;N;;FX;TBB;MIS;;;;;36.60;0.00;0.00;301.50;0.00;1666.00;0.00;2;1974-09-09;Z18;ZAF;EX;AC;1974-01-01
NLD;NLD197400117;;RET;2001-03-16;2001-03-16;NLD197400117;GO-47;MAARTEN;NLGDR;Goedereede;;N;N;N;N;N;N;;FX;OTB;MIS;;;;;8.00;0.00;5.00;0.00;0.00;19.00;0.00;2;1981-09-01;4J5;;;PA;1974-01-01
NLD;NLD197400134;;RET;1992-08-04;1992-08-04;NLD197400134;GO-55;ZUIDERKRUIS;NLGDR;Goedereede;PIYT;Y;N;N;N;N;N;;FX;TBB;MIS;;;;;34.00;0.00;0.00;198.42;0.00;985.00;0.00;2;1979-01-08;Z18;;;AC;1974-01-01
NLD;NLD197400137;;EXP;1991-07-30;1991-07-30;NLD197400137;GO-56;SOLA GRATIA;NLGDR;Goedereede;PHTB;Y;N;N;N;N;N;;FX;TBB;MIS;;;;;33.87;0.00;0.00;220.04;0.00;912.00;0.00;2;1979-11-14;KUQ;GBR;EX;PA;1974-01-01
NLD;NLD197400166;;EXP;1992-03-25;1992-03-25;NLD197400166;HD-26;HOOP OP ZEGEN;NLDHR;Den Helder;PETX;Y;N;N;N;N;N;;FX;TBB;MIS;;;;;37.10;0.00;0.00;259.31;0.00;1103.00;0.00;2;1974-07-30;E17;GBR;EX;PA;1974-01-01
NLD;NLD197400195;8432730;MOD;2023-10-09;2100-12-31;NLD197400195;YE-239;GEERTRUIDA II;NLYSK;Yerseke;PHLT;Y;Y;Y;Y;N;Y;244619000;MO;FPO;MIS;;;;;22.39;0.00;67.00;0.00;0.00;221.00;100.00;2;1981-04-21;MFL;;;;1974-01-01
NLD;NLD197400201;;RET;2001-08-09;2001-08-09;NLD197400201;GO-71;ZEEOTTER;NLGDR;Goedereede;PENH;Y;N;N;N;N;N;;FX;TBB;MIS;;;;;37.10;0.00;269.00;0.00;0.00;1265.00;0.00;2;1979-07-09;4J3;;;PA;1974-01-01
NLD;NLD197400236;;RET;1991-05-03;1991-05-03;NLD197400236;KW-11;DEO VOLENTE II;NLKWK;Katwijk;PDPC;Y;N;N;N;N;N;;FX;TBB;MIS;;;;;34.76;0.00;0.00;219.39;0.00;1007.00;0.00;2;1974-10-09;KUQ;;;AC;1974-01-01
NLD;NLD197400238;;RET;1991-06-18;1991-06-18;NLD197400238;KW-12;DEO JUVANTE;NLKWK;Katwijk;PDOD;Y;N;N;N;N;N;;FX;TBB;MIS;;;;;34.44;0.00;0.00;206.88;0.00;1103.00;0.00;2;1981-06-03;KUQ;;;AC;1974-01-01
NLD;NLD197400252;;RET;2005-07-18;2005-07-18;NLD197400252;MS-3;YVON;NLMDS;Middenschouwen;;N;N;N;N;Y;Y;244010218;GO;GNS;FPO;;;;;7.30;0.00;2.00;0.00;0.00;30.00;0.00;2;1974-11-27;MFL;;;PA;1974-01-01
NLD;NLD197400339;;RET;2013-11-15;2013-11-15;NLD197400339;ST-22;PIETER VAN PEKE;NLSTA;Stavoren;PB2459;Y;N;Y;N;N;N;;FX;PTB;MIS;;;;;14.22;0.00;10.00;0.00;0.00;81.00;0.00;2;1974-07-31;MFL;;;PA;1974-01-01
NLD;NLD197400371;;EXP;1991-08-08;1991-08-08;NLD197400371;TX-1;CORNELIA;NLTEX;Texel;PDLE;Y;N;N;N;N;N;;FX;OTB;TBB;;;;;40.80;0.00;324.00;0.00;0.00;1648.00;0.00;2;1977-09-12;KUQ;GBR;EX;PA;1974-01-01
NLD;NLD197400412;;RET;1992-08-06;1992-08-06;NLD197400412;TX-14;ELLEN;NLTEX;Texel;PDXE;Y;N;N;N;N;N;;FX;TBB;MIS;;;;;36.11;0.00;0.00;265.12;0.00;1398.00;0.00;2;1974-09-03;E17;;;PA;1974-01-01
NLD;NLD197400431;;EXP;1991-01-16;1991-01-16;NLD197400431;TX-22;BARTINA - KLAZINA;NLTEX;Texel;PCZC;Y;N;N;N;N;N;;FX;PTB;TBB;;;;;30.60;0.00;0.00;174.75;0.00;1044.00;0.00;2;1980-06-16;KUQ;GBR;EX;PA;1974-01-01
NLD;NLD197400437;;EXP;1999-06-14;1999-06-14;NLD197400437;UK-4;PETRA;NLURK;Urk;PGSG;Y;N;N;N;N;N;;FX;PTB;PTM;;;;;40.24;0.00;302.00;0.00;0.00;1471.00;0.00;2;1974-12-09;4J7;ANT;EX;AC;1974-01-01
NLD;NLD197400473;;EXP;1991-10-09;1991-10-09;NLD197400473;IJM-44;MAARTEN CORNELIA;NLIJM;Ijmuiden/Velsen;PCDK;Y;N;N;N;N;N;;FX;OTM;TBB;;;;;38.97;0.00;285.00;0.00;0.00;1323.00;0.00;2;1976-09-15;KUQ;GBR;EX;PA;1974-01-01
NLD;NLD197400498;;RET;1997-08-07;1997-08-07;NLD197400498;TX-34;SOLA GRATIA;NLTEX;Texel;PHRM;Y;N;N;N;N;N;;FX;TBB;MIS;;;;;38.17;0.00;281.00;0.00;0.00;1325.00;0.00;2;1979-10-18;4J7;;;AC;1974-01-01
NLD;NLD197400560;;RET;1994-07-15;1994-07-15;NLD197400560;UK-20;FILADELFIA;NLURK;Urk;PEBX;Y;N;N;N;N;N;;FX;TBB;MIS;;;;;33.24;0.00;0.00;200.71;0.00;1048.00;0.00;2;1974-11-05;Z18;;;AC;1974-01-01
NLD;NLD197400601;;RET;1999-06-02;1999-06-02;NLD197400601;ZK-57;ERNST EDUARD;NLZOT;Zoutkamp;PCBG;Y;N;N;N;N;N;;FX;TBB;MIS;;;;;39.75;0.00;319.00;0.00;0.00;1250.00;220.00;2;1980-08-18;4J7;;;AC;1974-01-01
NLD;NLD197400676;;EXP;1992-05-21;1992-05-21;NLD197400676;UQ-16;ATLANTIS;NLNPZ;Usquert/Noordpolderzijl;;N;N;N;N;N;N;;FX;TBB;MIS;;;;;15.55;0.00;0.00;34.51;0.00;147.00;0.00;1;1988-05-10;Z18;DEU;EX;PA;1974-01-01
NLD;NLD197400684;;RET;1997-07-11;1997-07-11;NLD197400684;YE-4;STERN;NLYSK;Yerseke;;N;N;N;N;N;N;;FX;DRB;MIS;;;;;37.42;0.00;0.00;96.35;0.00;368.00;0.00;2;1980-01-17;4J7;;;PA;1974-01-01
NLD;NLD197400722;;RET;1991-05-06;1991-05-06;NLD197400722;WR-47;CORNELIA MARIE;NLWRG;Wieringen/Den Oever;PDKP;Y;N;N;N;N;N;;FX;TBB;MIS;;;;;36.12;0.00;0.00;269.97;0.00;1325.00;0.00;2;1980-04-25;KUQ;;;AC;1974-01-01
NLD;NLD197400727;;RET;2005-12-03;2005-12-03;NLD197400727;UK-59;HENDRIKJE;NLURK;Urk;PEQD;Y;N;Y;N;N;N;;FX;OTB;OTT;;;;;34.75;0.00;306.00;0.00;0.00;736.00;179.00;2;1974-09-13;MFL;;;AC;1974-01-01
NLD;NLD197400748;;RET;1997-03-20;1997-03-20;NLD197400748;UK-66;TJEERD JACOBA;NLURK;Urk;PHZR;Y;N;N;N;N;N;;FX;OTB;TBB;;;;;33.99;0.00;239.00;0.00;0.00;1105.00;0.00;2;1974-06-04;4J7;;;AC;1974-01-01
NLD;NLD197400776;;EXP;1997-05-23;1997-05-23;NLD197400776;UK-71;ESTER JACOBA;NLURK;Urk;PDZQ;Y;N;N;N;N;N;;FX;TBB;MIS;;;;;39.15;0.00;328.00;0.00;0.00;1471.00;0.00;2;1980-12-08;4J7;PAN;EX;AC;1974-01-01
NLD;NLD197400801;;RET;2000-03-31;2000-03-31;NLD197400801;YE-35;JAAP WILLEM;NLYSK;Yerseke;;N;N;N;N;N;N;;FX;DRB;MIS;;;;;35.06;0.00;145.00;0.00;0.00;352.00;0.00;2;1981-08-19;4JZ;;;PA;1974-01-01
NLD;NLD197400845;;RET;1994-08-23;1994-08-23;NLD197400845;UK-167;JACOB KORF;NLURK;Urk;PEYL;Y;N;N;N;N;N;;FX;OTB;TBB;;;;;34.05;0.00;0.00;218.17;0.00;1103.00;0.00;2;1980-04-15;Z18;;;AC;1974-01-01
NLD;NLD197400879;;RET;1991-09-12;1991-09-12;NLD197400879;YE-54;RIAN;NLYSK;Yerseke;;N;N;N;N;N;N;;FX;FPO;NK;;;;;10.70;0.00;0.00;8.21;0.00;14.00;0.00;2;1974-03-27;OVG;;;PA;1974-01-01
NLD;NLD197400896;;EXP;1996-02-19;1996-02-19;NLD197400896;UK-188;GRIETJE KLAAS;NLURK;Urk;PEKL;Y;N;N;N;N;N;;FX;OTB;TBB;;;;;34.58;0.00;252.00;0.00;0.00;955.00;125.00;2;1976-02-02;Z18;MLT;EX;AC;1974-01-01
NLD;NLD197400899;;RET;1989-12-01;1989-12-01;NLD197400899;UK-189;GRIETJE HENDRIKA;NLURK;Urk;;N;N;N;N;N;N;;FX;OTB;TBB;;;;;34.02;0.00;0.00;240.46;0.00;908.00;0.00;2;1979-05-03;KUQ;;;AC;1974-01-01
NLD;NLD197400902;;EXP;1992-11-09;1992-11-09;NLD197400902;UK-193;DE HOOP;NLURK;Urk;PDNO;Y;N;N;N;N;N;;FX;OTB;TBB;;;;;33.95;0.00;0.00;238.38;0.00;955.00;257.00;2;1974-05-20;E17;GBR;EX;PA;1974-01-01
NLD;NLD197400904;7367794;RET;2011-12-16;2011-12-16;NLD197400904;UK-88;WILMA;NLURK;Urk;PIQN;Y;N;Y;N;N;N;;FX;TBB;MIS;;;;;39.83;0.00;292.00;0.00;0.00;1324.00;129.00;2;1979-05-01;MFL;;;PA;1974-01-01
NLD;NLD197400938;;RET;1991-03-12;1991-03-12;NLD197400938;UK-105;ANNEGIENA;NLURK;Urk;PCRJ;Y;N;N;N;N;N;;FX;OTB;PTB;;;;;38.55;0.00;0.00;263.96;0.00;1471.00;0.00;2;1981-12-03;KUQ;;;AC;1974-01-01
NLD;NLD197400973;;RET;1989-12-01;1989-12-01;NLD197400973;UK-133;AALTJE JACOBA;NLURK;Urk;PCAR;Y;N;N;N;N;N;;FX;TBB;MIS;;;;;35.45;0.00;0.00;226.77;0.00;964.00;0.00;2;1981-05-11;KUQ;;;AC;1974-01-01
NLD;NLD197400978;;RET;1996-02-22;1996-02-22;NLD197400978;GO-15;BRUINVIS;NLGDR;Goedereede;;N;N;N;N;N;N;;FX;TBB;MIS;;;;;34.94;0.00;239.00;0.00;0.00;1030.00;0.00;2;1980-07-17;Z18;;;AC;1974-01-01
NLD;NLD197400988;;EXP;1995-11-06;1995-11-06;NLD197400988;GO-19;DOLFIJN;NLGDR;Goedereede;;N;N;N;N;N;N;;FX;OTB;TBB;;;;;38.20;0.00;302.00;0.00;0.00;1124.00;0.00;2;1975-10-29;E17;DNK;EX;PA;1974-01-01
NLD;NLD197401012;;EXP;1991-03-13;1991-03-13;NLD197401012;UK-308;ZUIDERZEE;NLURK;Urk;PIZA;Y;N;N;N;N;N;;FX;PTB;TBB;;;;;29.36;0.00;0.00;165.84;0.00;827.00;0.00;2;1974-09-03;KUQ;ZAF;EX;AC;1974-01-01
NLD;NLD197401139;;EXP;1992-12-09;1992-12-09;NLD197401139;UK-257;MARIJTJE;NLURK;Urk;;N;N;N;N;N;N;;FX;OTM;TBB;;;;;39.04;0.00;271.00;0.00;0.00;912.00;265.00;2;1982-01-07;Z18;DEU;EX;PA;1974-01-01
NLD;NLD197401160;;RET;1994-06-24;1994-06-24;NLD197401160;SCH-61;SEEPAERT;NLSCE;Scheveningen;;N;N;N;N;N;N;;FX;OTB;MIS;;;;;7.65;0.00;0.00;5.33;0.00;12.00;0.00;3;1991-01-25;Z18;;;PA;1974-01-01
NLD;NLD197401257;;RET;1994-06-23;1994-06-23;NLD197401257;DZ-9;ORION;NLDZL;Delfzijl;;N;N;N;N;N;N;;FX;TBB;NK;;;;;8.00;0.00;0.00;9.28;0.00;11.00;0.00;3;1991-05-06;Z18;;;PA;1974-01-01
NLD;NLD197401320;;RET;1991-10-10;1991-10-10;NLD197401320;VLI-19;FRANK;NLVLI;Vlissingen;;N;N;N;N;N;N;;FX;TBB;MIS;;;;;8.00;0.00;0.00;5.50;0.00;42.00;0.00;2;1991-06-06;OVG;;;PA;1974-01-01
NLD;NLD197401350;;RET;1994-06-27;1994-06-27;NLD197401350;SCH-90;AVONTUUR;NLSCE;Scheveningen;;N;N;N;N;N;N;;FX;LLS;OTB;;;;;6.75;0.00;0.00;6.96;0.00;29.00;0.00;3;1991-06-11;Z18;;;PA;1974-01-01
NLD;NLD197401446;;RET;1994-06-27;1994-06-27;NLD197401446;TX-102;ANNA MARIA;NLTEX;Texel;;N;N;N;N;N;N;;FX;TBB;OTB;;;;;15.00;0.00;0.00;25.77;0.00;170.00;0.00;2;1991-06-25;Z18;;;PA;1974-01-01
NLD;NLD197401611;;RET;1994-06-23;1994-06-23;NLD197401611;HA-49;GIDEON;NLHAR;Harlingen;;N;N;N;N;N;N;;FX;NK;MIS;;;;;11.00;0.00;0.00;18.73;0.00;20.00;0.00;3;1992-02-12;Z18;;;PA;1974-01-01
NLD;NLD197401621;;RET;1994-06-23;1994-06-23;NLD197401621;DZ-18;JAFRE;NLDZL;Delfzijl;;N;N;N;N;N;N;;FX;TBB;LLS;;;;;8.49;0.00;0.00;13.88;0.00;25.00;0.00;2;1992-03-18;Z18;;;PA;1974-01-01
NLD;NLD197401628;;RET;1994-06-28;1994-06-28;NLD197401628;WR-86;CAMP I;NLWRG;Wieringen/Den Oever;;N;N;N;N;N;N;;FX;TBB;GNS;;;;;5.20;0.00;0.00;1.61;0.00;10.00;0.00;3;1992-03-31;Z18;;;PA;1974-01-01
NLD;NLD197401658;;RET;1994-06-24;1994-06-24;NLD197401658;HD-108;KORJAK;NLDHR;Den Helder;;N;N;N;N;N;N;;FX;TBB;NK;;;;;8.00;0.00;0.00;8.51;0.00;132.00;0.00;2;1992-06-24;Z18;;;PA;1974-01-01
NLD;NLD197401739;;RET;1994-06-28;1994-06-28;NLD197401739;WON-59;WON-59;NLMKM;Wonseradeel/Makkum;;N;N;N;N;N;N;;FX;GNS;LLS;;;;;10.30;0.00;0.00;9.00;0.00;50.00;0.00;2;1993-02-17;Z18;;;PA;1974-01-01
NLD;NLD197401847;;RET;1994-06-28;1994-06-28;NLD197401847;WON-49;VERITA ANNA;NLMKM;Wonseradeel/Makkum;;N;N;N;N;N;N;;FX;GNS;LLS;;;;;5.00;0.00;0.00;1.29;0.00;7.00;0.00;2;1994-01-13;Z18;;;PA;1974-01-01
NLD;NLD197401918;;MOD;2017-07-18;2100-12-31;NLD197401918;VLI-24;CLASINA;NLVLI;Vlissingen;PF2880;Y;Y;N;N;Y;Y;244010067;TU;TBB;MIS;;;;;11.98;0.00;7.00;0.00;0.00;89.00;0.00;2;1979-05-31;MFL;;;;1974-01-01
NLD;NLD197402083;;RET;2000-04-01;2000-04-01;NLD197402083;WR-8;AALTJE MARGRIET;NLWRG;Wieringen/Den Oever;;N;N;N;N;N;N;;FX;GNS;OTB;;;;;9.40;0.00;0.00;12.37;0.00;33.00;0.00;2;1997-11-06;4J7;;;PA;1974-01-01
NLD;NLD197402165;7367720;EXP;2003-01-02;2003-01-02;NLD197402165;GO-7;JACOB;NLGDR;Goedereede;PEAB;Y;N;Y;N;N;N;;FX;OTB;TBB;;;;;35.00;0.00;227.00;0.00;0.00;883.00;240.00;2;1998-12-17;MFL;IRL;EX;PA;1974-01-01
NLD;NLD197500068;;RET;1992-07-14;1992-07-14;NLD197500068;BRU-12;WOLFERT FRANKE;NLBSE;Bruinisse;PIRH;Y;N;N;N;N;N;;FX;TBB;MIS;;;;;37.40;0.00;272.00;0.00;0.00;1030.00;0.00;2;1975-10-29;E17;;;AC;1975-01-01
NLD;NLD197500089;;RET;1991-09-08;1991-09-08;NLD197500089;GO-24;POOLSTER;NLGDR;Goedereede;PGUS;Y;N;N;N;N;N;;FX;TBB;MIS;;;;;32.00;0.00;0.00;204.58;0.00;736.00;0.00;2;1975-02-13;KUQ;;;AC;1975-01-01
NLD;NLD197500090;;RET;1994-03-17;1994-03-17;NLD197500090;GO-25;DE VERWACHTING;NLGDR;Goedereede;;N;N;N;N;N;N;;FX;TBB;MIS;;;;;36.68;0.00;0.00;300.83;0.00;1489.00;0.00;2;1975-02-13;Z18;;;AC;1975-01-01
NLD;NLD197500168;;RET;2002-12-31;2002-12-31;NLD197500168;HN-2;HN-2;NLHRN;Hoorn;;N;Y;N;N;N;N;;FX;NK;MIS;;;;;13.50;0.00;21.00;0.00;0.00;97.00;0.00;2;1976-12-13;4JZ;;;PA;1975-01-01
NLD;NLD197500179;;RET;1999-07-14;1999-07-14;NLD197500179;HD-34;DE VROUW MARIE;NLDHR;Den Helder;PDPY;Y;N;N;N;N;N;;FX;TBB;MIS;;;;;35.10;0.00;242.00;0.00;0.00;1219.00;135.00;2;1975-03-05;4J7;;;AC;1975-01-01
NLD;NLD197500210;;EXP;2010-11-19;2010-11-19;NLD197500210;UK-307;JACOBA;NLURK;Urk;PEYP;Y;N;Y;N;N;N;;FX;DRB;TBB;;;;;37.10;0.00;270.00;0.00;0.00;1103.00;0.00;2;1975-09-22;MFL;GBR;EX;PA;1975-01-01
NLD;NLD197500284;;EXP;2002-12-31;2002-12-31;NLD197500284;UK-16;FRANS VAN DE BERG;NLURK;Urk;PDKT;Y;N;Y;N;N;N;;FX;TBB;MIS;;;;;32.51;0.00;203.00;0.00;0.00;883.00;0.00;2;1981-03-25;4J3;HRV;;AC;1975-01-01
NLD;NLD197500292;;EXP;1990-05-21;1990-05-21;NLD197500292;KW-113;WILMA;NLKWK;Katwijk;PIQU;Y;N;N;N;N;N;;FX;TBB;MIS;;;;;35.34;0.00;0.00;236.62;0.00;1145.00;0.00;2;1981-01-12;KUQ;SWE;EX;AC;1975-01-01
NLD;NLD197500418;;RET;1994-06-27;1994-06-27;NLD197500418;TX-16;GRIETJE;NLTEX;Texel;;N;N;N;N;N;N;;FX;FPO;NK;;;;;5.15;0.00;0.00;3.85;0.00;6.00;0.00;3;1989-05-08;Z18;;;PA;1975-01-01
NLD;NLD197500429;;EXP;1997-04-15;1997-04-15;NLD197500429;TX-21;PIETER VAN ARIS;NLTEX;Texel;PGSQ;Y;N;N;N;N;N;;FX;TBB;MIS;;;;;36.75;0.00;280.00;0.00;0.00;1177.00;0.00;2;1980-02-20;4J7;PAN;EX;AC;1975-01-01
NLD;NLD197500458;;EXP;1990-02-01;1990-02-01;NLD197500458;DZ-60;WESTEREEMS;NLDZL;Delfzijl;PINY;Y;N;N;N;N;N;;FX;TBB;MIS;;;;;38.76;0.00;0.00;333.52;0.00;1655.00;0.00;2;1981-03-12;KUQ;CHL;EX;AC;1975-01-01
NLD;NLD197500644;;EXP;2001-06-11;2001-06-11;NLD197500644;UK-18;IMMANUEL;NLURK;Urk;PEVL;Y;N;N;N;N;N;;FX;OTB;TBB;;;;;40.30;0.00;310.00;0.00;0.00;1471.00;0.00;2;1975-07-17;4J3;ZAF;;AC;1975-01-01
NLD;NLD197500731;;RET;1994-06-28;1994-06-28;NLD197500731;VLL-2;VLL-2;NLVLL;Vlieland;;N;N;N;N;N;N;;FX;NK;MIS;;;;;6.00;0.00;0.00;2.00;0.00;4.00;0.00;1;1975-05-22;Z18;;;PA;1975-01-01
NLD;NLD197500866;7365617;MOD;2020-09-08;2100-12-31;NLD197500866;UK-176;VERWACHTING;NLURK;Urk;PIGF;Y;Y;Y;Y;N;Y;245771000;FX;TBB;MIS;;;;;33.62;0.00;212.00;0.00;0.00;736.00;154.00;2;1979-03-09;MFL;;;;1975-01-01
NLD;NLD197500891;7513587;EXP;1999-05-17;1999-05-17;NLD197500891;YE-88;EBEN HAEZER;NLYSK;Yerseke;PDVT;Y;N;N;N;N;N;;FX;DRB;MIS;;;;;34.59;0.00;0.00;134.00;0.00;516.00;158.00;2;1981-01-08;4JZ;IRL;EX;PA;1975-01-01
NLD;NLD197500924;;RET;1994-06-23;1994-06-23;NLD197500924;HA-81;MARDAN;NLHAR;Harlingen;;N;N;N;N;N;N;;FX;DRB;NK;;;;;11.50;0.00;0.00;10.59;0.00;88.00;0.00;2;1975-01-15;Z18;;;PA;1975-01-01
NLD;NLD197500984;;EXP;1991-07-02;1991-07-02;NLD197500984;UK-141;JACOB;NLURK;Urk;PEYH;Y;N;N;N;N;N;;FX;OTM;TBB;;;;;40.28;0.00;361.00;0.00;0.00;1820.00;0.00;2;1975-06-19;KUQ;GBR;EX;PA;1975-01-01
NLD;NLD197501001;;EXP;2002-05-01;2002-05-01;NLD197501001;UK-38;JACOBA HERMINA;NLURK;Urk;PDQO;Y;N;Y;N;N;N;;FX;OTB;TBB;;;;;41.30;0.00;370.00;0.00;0.00;1471.00;0.00;2;1975-06-03;4JZ;PAN;EX;AC;1975-01-01
NLD;NLD197501010;;DES;1991-01-17;1991-01-17;NLD197501010;UK-368;LINQUENDA;NLURK;Urk;PFOT;Y;N;N;N;N;N;;FX;TBB;MIS;;;;;38.98;0.00;306.00;0.00;0.00;1325.00;0.00;2;1981-03-09;KUQ;;;AC;1975-01-01
NLD;NLD197501132;;RET;1994-09-08;1994-09-08;NLD197501132;WR-58;WR-58;NLWRG;Wieringen/Den Oever;;N;N;N;N;N;N;;FX;FPO;GNS;;;;;5.50;0.00;0.00;1.86;0.00;12.00;0.00;1;1990-12-10;Z18;;;PA;1975-01-01
NLD;NLD197501229;;RET;1994-06-28;1994-06-28;NLD197501229;OD-27;DELTA 345;NLGDO;Goedereede-Ouddorp;;N;N;N;N;N;N;;FX;TBB;OTB;;;;;4.80;0.00;0.00;1.39;0.00;15.00;0.00;3;1991-04-12;Z18;;;PA;1975-01-01
NLD;NLD197501270;;RET;1994-06-24;1994-06-24;NLD197501270;HD-41;ZEEVALK;NLDHR;Den Helder;;N;N;N;N;N;N;;FX;TBB;LLS;;;;;6.00;0.00;0.00;3.71;0.00;40.00;0.00;2;1991-05-15;Z18;;;PA;1975-01-01
NLD;NLD197501272;;RET;1994-06-24;1994-06-24;NLD197501272;HD-54;NEELTJE;NLDHR;Den Helder;;N;N;N;N;N;N;;FX;OTM;TBB;;;;;6.80;0.00;0.00;2.35;0.00;13.00;0.00;1;1991-05-15;Z18;;;PA;1975-01-01
NLD;NLD197501315;;RET;1991-10-24;1991-10-24;NLD197501315;VLI-12;GERARDA;NLVLI;Vlissingen;;N;N;N;N;N;N;;FX;TBB;MIS;;;;;10.00;0.00;0.00;13.23;0.00;50.00;0.00;2;1991-06-05;OVG;;;PA;1975-01-01
NLD;NLD197501339;;RET;1994-06-28;1994-06-28;NLD197501339;KW-236;MUITER;NLKWK;Katwijk;;N;N;N;N;N;N;;FX;OTB;NK;;;;;5.35;0.00;0.00;3.93;0.00;70.00;0.00;3;1991-06-10;Z18;;;PA;1975-01-01
NLD;NLD197501344;;RET;2000-04-01;2000-04-01;NLD197501344;IJM-101;STORMVOGEL;NLIJM;Ijmuiden/Velsen;;N;N;N;N;N;N;;FX;GNS;LLS;;;;;4.70;0.00;1.00;0.00;0.00;2.00;0.00;3;1991-06-10;4J5;;;PA;1975-01-01
NLD;NLD197501359;;RET;1994-06-27;1994-06-27;NLD197501359;TX-84;KAJAK;NLTEX;Texel;;N;N;N;N;N;N;;FX;TBB;NK;;;;;5.20;0.00;0.00;3.38;0.00;26.00;0.00;3;1991-06-12;Z18;;;PA;1975-01-01
NLD;NLD197501366;;RET;1994-06-27;1994-06-27;NLD197501366;UK-10;BLAUWE ZEE;NLURK;Urk;;N;N;N;N;N;N;;FX;TBB;FPO;;;;;5.50;0.00;0.00;4.02;0.00;88.00;0.00;3;1991-06-13;Z18;;;PA;1975-01-01
NLD;NLD197501495;;RET;1994-06-27;1994-06-27;NLD197501495;SCH-115;MARGARETHA;NLSCE;Scheveningen;;N;N;N;N;N;N;;FX;OTB;TBB;;;;;6.99;0.00;0.00;3.68;0.00;14.00;0.00;3;1991-08-26;Z18;;;PA;1975-01-01
NLD;NLD197501519;;RET;1994-06-27;1994-06-27;NLD197501519;IJM-326;AREND;NLIJM;Ijmuiden/Velsen;;N;N;N;N;N;N;;FX;TBB;OTB;;;;;9.80;0.00;0.00;11.33;0.00;43.00;0.00;2;1991-09-25;Z18;;;PA;1975-01-01
NLD;NLD197501591;;RET;1994-06-27;1994-06-27;NLD197501591;IJM-347;LIZZY;NLIJM;Ijmuiden/Velsen;;N;N;N;N;N;N;;FX;FPO;GNS;;;;;5.85;0.00;0.00;5.00;0.00;37.00;0.00;3;1991-12-10;Z18;;;PA;1975-01-01
NLD;NLD197501640;;MOD;2013-09-27;2100-12-31;NLD197501640;HD-107;DE GOEDE HOOP;NLDHR;Den Helder;;N;Y;N;N;Y;N;;TU;OTB;MIS;;;;;9.00;0.00;6.00;0.00;0.00;17.00;0.00;2;1992-05-21;MFL;;;;1975-01-01
NLD;NLD197501670;;RET;1994-06-23;1994-06-23;NLD197501670;HA-64;CONGER;NLHAR;Harlingen;;N;N;N;N;N;N;;FX;NK;MIS;;;;;4.50;0.00;0.00;0.52;0.00;11.00;0.00;1;1992-06-30;Z18;;;PA;1975-01-01
NLD;NLD197501818;;RET;1994-06-24;1994-06-24;NLD197501818;HA-103;REZA;NLHAR;Harlingen;;N;N;N;N;N;N;;FX;NK;MIS;;;;;5.02;0.00;0.00;1.29;0.00;51.00;0.00;3;1993-08-20;Z18;;;PA;1975-01-01
NLD;NLD197501898;8138140;DES;2024-06-13;2024-06-13;NLD197501898;YE-93;ADRIAAN SIMON;NLYSK;Yerseke;PF7387;Y;N;N;N;N;N;;FX;DRB;MIS;;;;;35.49;0.00;148.00;0.00;0.00;522.00;150.00;2;1994-12-16;AQU;;;PA;1975-01-01
NLD;NLD197501926;;RET;2005-06-01;2005-06-01;NLD197501926;HD-203;NEELTJE;NLDHR;Den Helder;;N;N;N;N;Y;N;;FX;GNS;OTB;;;;;6.60;0.00;1.00;0.00;0.00;13.00;0.00;3;1995-05-18;MFL;;;PA;1975-01-01
NLD;NLD197501994;;RET;2002-09-27;2002-09-27;NLD197501994;SCH-42;BZN;NLSCE;Scheveningen;;N;N;N;N;N;N;;FX;TBB;OTB;;;;;12.27;0.00;7.00;0.00;0.00;103.00;0.00;2;1996-08-07;4J7;;;PA;1975-01-01
NLD;NLD197502006;;RET;2001-09-24;2001-09-24;NLD197502006;IJM-46;KLAAS;NLIJM;Ijmuiden/Velsen;;N;N;N;N;N;N;;FX;GNS;NK;;;;;4.66;0.00;1.00;0.00;0.00;13.00;0.00;4;1996-09-11;4J1;;;PA;1975-01-01
NLD;NLD197502049;;RET;1998-03-10;1998-03-10;NLD197502049;GOE-8;TWEETY;NLGOE;Goes;;N;N;N;N;N;N;;FX;GNS;NK;;;;;6.50;0.00;0.00;2.77;0.00;19.00;0.00;3;1997-04-24;4J7;;;PA;1975-01-01
NLD;NLD197502166;;RET;2001-04-01;2001-04-01;NLD197502166;WR-333;ANNE ANNEMARIJN;NLWRG;Wieringen/Den Oever;;N;N;N;N;N;N;;FX;FPO;OTB;;;;;3.20;0.00;1.00;0.00;0.00;3.00;0.00;3;1998-12-18;4J5;;;PA;1975-01-01
NLD;NLD197502661;;RET;2014-01-01;2014-01-01;NLD197502661;IJM-1;STORMVOGEL;NLIJM;Ijmuiden/Velsen;;N;N;N;N;Y;N;;FX;GNS;GND;;;;;8.17;0.00;3.00;0.00;0.00;96.00;0.00;3;2006-01-06;MFL;;;PA;1975-01-01
NLD;NLD197513618;;MOD;2021-04-21;2100-12-31;NLD197513618;MS-10;E-MEEUW;NLMDS;Middenschouwen;;N;Y;N;N;Y;N;;GO;GNS;LHM;;;;;7.90;0.00;3.00;0.00;0.00;40.00;0.00;3;2014-04-28;MFL;;;;1975-01-01
NLD;NLD197600060;;EXP;2001-05-29;2001-05-29;NLD197600060;OD-50;JACOB NEELTJE;NLGDO;Goedereede-Ouddorp;PEZF;Y;N;N;N;N;N;;FX;TBB;MIS;;;;;34.54;0.00;266.00;0.00;0.00;1324.00;0.00;2;1976-02-17;4J3;ZAF;;AC;1976-01-01
NLD;NLD197600125;8556249;EXP;1998-10-15;1998-10-15;NLD197600125;WR-8;HOOP OP ZEGEN;NLWRG;Wieringen/Den Oever;;N;N;N;N;N;N;;FX;LLS;NK;;;;;16.00;0.00;0.00;25.00;0.00;134.00;53.00;2;1977-03-25;4JZ;DNK;EX;PA;1976-01-01
NLD;NLD197600144;;RET;1994-06-24;1994-06-24;NLD197600144;HD-1;JOEPIE II;NLDHR;Den Helder;;N;N;N;N;N;N;;FX;FPO;MIS;;;;;5.20;0.00;0.00;3.60;0.00;11.00;0.00;1;1987-12-17;Z18;;;PA;1976-01-01
NLD;NLD197600369;7605940;CHA;2007-10-10;2100-12-31;NLD197600369;BRU-40;LUCTOR ET EMERGO;NLBSE;Bruinisse;PI4048;Y;Y;N;N;N;N;;FX;DRB;MIS;;;;;39.52;0.00;209.00;0.00;0.00;750.00;0.00;2;1976-05-07;AQU;;;;1976-01-01
NLD;NLD197600509;;MOD;2022-11-24;2100-12-31;NLD197600509;TH-26;ADRIANA;NLTHO;Tholen;PE8371;Y;Y;Y;Y;N;N;;DB;DRB;LHP;;;;;20.33;0.00;22.00;0.00;0.00;132.00;0.00;2;1981-05-22;MFL;;;;1976-01-01
NLD;NLD197600521;;MOD;2023-03-03;2100-12-31;NLD197600521;ZK-38;ANJA;NLZOT;Zoutkamp;PB4071;Y;Y;Y;Y;N;Y;244650685;GO;FPO;GNS;;;;;14.96;0.00;24.00;0.00;0.00;181.00;25.00;2;1980-03-24;MFL;;;;1976-01-01
NLD;NLD197600541;7605952;MOD;2019-07-23;2100-12-31;NLD197600541;YE-86;CORNELIS;NLYSK;Yerseke;PDPU;Y;Y;N;N;N;N;;FX;DRB;MIS;;;;;37.06;0.00;170.00;0.00;0.00;596.00;0.00;2;1976-10-13;AQU;;;;1976-01-01
NLD;NLD197600659;;RET;2002-12-31;2002-12-31;NLD197600659;VD-119;AFRA MARIA;NLVOD;Volendam;;N;Y;N;N;N;N;;FX;NK;MIS;;;;;17.82;0.00;27.00;0.00;0.00;221.00;0.00;2;1977-01-18;4JZ;;;PA;1976-01-01
NLD;NLD197600675;;RET;2002-12-31;2002-12-31;NLD197600675;VD-214;HENDRIK;NLVOD;Volendam;;N;Y;N;N;N;N;;FX;GNS;MIS;;;;;14.77;0.00;25.00;0.00;0.00;124.00;0.00;2;1976-09-06;4JZ;;;PA;1976-01-01
NLD;NLD197600752;;RET;1998-09-03;1998-09-03;NLD197600752;WON-19;WON-19;NLMKM;Wonseradeel/Makkum;;N;N;N;N;N;N;;FX;NK;MIS;;;;;5.00;0.00;0.00;3.67;0.00;7.00;0.00;2;1977-09-07;4J7;;;PA;1976-01-01
NLD;NLD197600901;;RET;1994-06-27;1994-06-27;NLD197600901;TH-11;TH-11;NLTHO;Tholen;;N;N;N;N;N;N;;FX;NK;MIS;;;;;7.50;0.00;0.00;4.00;0.00;29.00;0.00;2;1976-05-31;Z18;;;PA;1976-01-01
NLD;NLD197601084;;MOD;2011-01-01;2100-12-31;NLD197601084;WR-53;Grietje;NLWRG;Wieringen/Den Oever;;N;Y;N;N;Y;N;;GO;GNS;LHP;;;;;4.78;0.00;1.00;0.00;0.00;15.00;0.00;3;1990-08-31;MFL;;;;1976-01-01
NLD;NLD197601103;;RET;1994-06-24;1994-06-24;NLD197601103;HD-46;DE BRIES;NLDHR;Den Helder;;N;N;N;N;N;N;;FX;FPO;GNS;;;;;10.00;0.00;0.00;7.50;0.00;80.00;0.00;2;1990-11-09;Z18;;;PA;1976-01-01
NLD;NLD197601129;;RET;1994-09-08;1994-09-08;NLD197601129;UK-117;CORNELIS SJOERD;NLURK;Urk;;N;N;N;N;N;N;;FX;GNS;LLS;;;;;7.40;0.00;0.00;2.41;0.00;11.00;0.00;2;1990-12-07;Z18;;;PA;1976-01-01
NLD;NLD197601162;;RET;1994-06-27;1994-06-27;NLD197601162;SCH-63;ROUTIER II;NLSCE;Scheveningen;;N;N;N;N;N;N;;FX;LLS;OTB;;;;;9.80;0.00;0.00;9.71;0.00;66.00;0.00;2;1991-01-29;Z18;;;PA;1976-01-01
NLD;NLD197601189;;RET;1994-06-28;1994-06-28;NLD197601189;LO-26;HEEN EN WEER;NLLAN;Lauwersoog;;N;N;N;N;N;N;;FX;TBB;MIS;;;;;9.35;0.00;0.00;8.62;0.00;29.00;0.00;2;1991-03-07;Z18;;;PA;1976-01-01
NLD;NLD197601190;;RET;1994-06-27;1994-06-27;NLD197601190;SCH-84;MIRANDA;NLSCE;Scheveningen;;N;N;N;N;N;N;;FX;OTB;MIS;;;;;8.50;0.00;0.00;8.22;0.00;45.00;6.00;2;1991-03-07;Z18;;;PA;1976-01-01
NLD;NLD197601221;;RET;1994-06-24;1994-06-24;NLD197601221;HD-203;ZEEWOLF;NLDHR;Den Helder;;N;N;N;N;N;N;;FX;OTB;MIS;;;;;8.30;0.00;0.00;10.98;0.00;75.00;0.00;3;1991-04-09;Z18;;;PA;1976-01-01
NLD;NLD197601226;;RET;1994-06-24;1994-06-24;NLD197601226;HON-7;PETROWI;NLHTN;Hontenisse;;N;N;N;N;N;N;;FX;TBB;FPO;;;;;9.50;0.00;0.00;3.68;0.00;68.00;0.00;2;1991-04-12;Z18;;;PA;1976-01-01
NLD;NLD197601285;;RET;1992-06-24;1992-06-24;NLD197601285;IJM-305;MARIJKE;NLIJM;Ijmuiden/Velsen;;N;N;N;N;N;N;;FX;OTB;NK;;;;;4.25;0.00;0.00;2.11;0.00;7.00;0.00;3;1991-05-21;Z18;;;PA;1976-01-01
NLD;NLD197601295;;RET;1994-06-27;1994-06-27;NLD197601295;SCH-102;VIGILANTER;NLSCE;Scheveningen;;N;N;N;N;N;N;;FX;TBB;LLS;;;;;9.80;0.00;0.00;14.56;0.00;66.00;0.00;2;1991-05-22;Z18;;;PA;1976-01-01
NLD;NLD197601337;;RET;1994-06-28;1994-06-28;NLD197601337;KW-232;SCHUIMER;NLKWK;Katwijk;;N;N;N;N;N;N;;FX;OTB;MIS;;;;;5.35;0.00;0.00;2.96;0.00;60.00;0.00;3;1991-06-10;Z18;;;PA;1976-01-01
NLD;NLD197601396;;RET;1994-07-29;1994-07-29;NLD197601396;WR-144;ELLIS;NLWRG;Wieringen/Den Oever;;N;N;N;N;N;N;;FX;GNS;MIS;;;;;10.50;0.00;0.00;12.99;0.00;59.00;0.00;2;1991-06-19;Z18;;;PA;1976-01-01
NLD;NLD197601409;;RET;1994-05-27;1994-05-27;NLD197601409;IJM-306;MAARTJE;NLIJM;Ijmuiden/Velsen;;N;N;N;N;N;N;;FX;OTB;NK;;;;;4.25;0.00;0.00;2.11;0.00;11.00;0.00;3;1991-06-19;Z18;;;PA;1976-01-01
NLD;NLD197601438;;RET;1994-06-24;1994-06-24;NLD197601438;HD-83;HENKIE;NLDHR;Den Helder;;N;N;N;N;N;N;;FX;GNS;MIS;;;;;4.95;0.00;0.00;1.38;0.00;16.00;0.00;3;1991-06-25;Z18;;;PA;1976-01-01
NLD;NLD197601530;;RET;1994-06-24;1994-06-24;NLD197601530;HD-99;COLUMBO;NLDHR;Den Helder;;N;N;N;N;N;N;;FX;TBB;OTB;;;;;9.80;0.00;0.00;17.19;0.00;60.00;0.00;2;1991-10-03;Z18;;;PA;1976-01-01
NLD;NLD197601553;;RET;1994-06-28;1994-06-28;NLD197601553;OD-35;GRETHA JOHANNA;NLGDO;Goedereede-Ouddorp;;N;N;N;N;N;N;;FX;TBB;GNS;;;;;6.20;0.00;0.00;1.92;0.00;11.00;0.00;2;1991-10-17;E17;;;PA;1976-01-01
NLD;NLD197601564;;RET;1994-06-24;1994-06-24;NLD197601564;HON-33;BOOMER;NLHTN;Hontenisse;;N;N;N;N;N;N;;FX;TBB;MIS;;;;;9.00;0.00;0.00;13.23;0.00;39.00;0.00;2;1991-10-21;Z18;;;PA;1976-01-01
NLD;NLD197601567;;RET;1994-06-27;1994-06-27;NLD197601567;TM-31;SCHRIJVERTJE;NLTMZ;Termunterzijl;;N;N;N;N;N;N;;FX;TBB;MIS;;;;;10.00;0.00;0.00;9.72;0.00;30.00;0.00;3;1991-10-28;Z18;;;PA;1976-01-01
NLD;NLD197601590;;RET;1994-06-27;1994-06-27;NLD197601590;IJM-346;WILD ROVER;NLIJM;Ijmuiden/Velsen;;N;N;N;N;N;N;;FX;FPO;GNS;;;;;6.00;0.00;0.00;3.00;0.00;18.00;0.00;3;1991-12-10;Z18;;;PA;1976-01-01
NLD;NLD197601663;;RET;1994-06-27;1994-06-27;NLD197601663;TX-115;GOUDVIS;NLTEX;Texel;;N;N;N;N;N;N;;FX;OTB;MIS;;;;;7.00;0.00;0.00;5.00;0.00;18.00;0.00;3;1992-06-24;Z18;;;PA;1976-01-01
NLD;NLD197601776;;RET;1994-09-08;1994-09-08;NLD197601776;HN-4;VROUWE MARJANNE;NLHRN;Hoorn;;N;N;N;N;N;N;;FX;TBB;LLS;;;;;10.00;0.00;0.00;6.90;0.00;46.00;0.00;2;1993-05-27;Z18;;;PA;1976-01-01
NLD;NLD197601790;;RET;1994-06-27;1994-06-27;NLD197601790;UK-352;BRASIL;NLURK;Urk;;N;N;N;N;N;N;;FX;GNS;MIS;;;;;16.40;0.00;0.00;29.66;0.00;397.00;12.00;2;1993-06-25;Z18;;;PA;1976-01-01
NLD;NLD197601805;;RET;1994-09-08;1994-09-08;NLD197601805;YE-77;ZEEROB;NLYSK;Yerseke;;N;N;N;N;N;N;;FX;FPO;NK;;;;;5.60;0.00;0.00;3.47;0.00;10.00;0.00;3;1993-07-29;Z18;;;PA;1976-01-01
NLD;NLD197601862;;RET;1999-03-08;1999-03-08;NLD197601862;IJM-306;WHY-K-NOT;NLIJM;Ijmuiden/Velsen;;N;N;N;N;N;N;;FX;GNS;OTB;;;;;9.05;0.00;0.00;4.58;0.00;26.00;0.00;2;1994-05-27;4J7;;;PA;1976-01-01
NLD;NLD197601968;;RET;2000-04-01;2000-04-01;NLD197601968;ARM-16;LENIE ADRIANA;NLARM;Arnemuiden;;N;N;N;N;N;N;;FX;TBB;OTB;;;;;4.78;0.00;1.00;0.00;0.00;11.00;0.00;3;1996-03-28;4J5;;;PA;1976-01-01
NLD;NLD197602002;;RET;1998-09-03;1998-09-03;NLD197602002;UK-141;JACOB;NLURK;Urk;;N;N;N;N;N;N;;FX;GNS;MIS;;;;;7.69;0.00;0.00;8.48;0.00;27.00;0.00;2;1996-09-05;4J1;;;PA;1976-01-01
NLD;NLD197602003;;RET;1998-09-03;1998-09-03;NLD197602003;UK-151;ALBERT - JAN;NLURK;Urk;;N;N;N;N;N;N;;FX;GNS;MIS;;;;;7.69;0.00;0.00;8.48;0.00;17.00;0.00;2;1996-09-06;4J1;;;PA;1976-01-01
NLD;NLD197602067;;RET;1998-09-03;1998-09-03;NLD197602067;IJM-206;JELLE;NLIJM;Ijmuiden/Velsen;;N;N;N;N;N;N;;FX;GNS;NK;;;;;4.10;0.00;0.00;2.00;0.00;3.00;0.00;3;1997-08-11;4J1;;;PA;1976-01-01
NLD;NLD197602636;;MOD;2024-01-24;2100-12-31;NLD197602636;KW-2;ASTRID;NLKWK;Katwijk;;N;Y;N;N;Y;Y;244090965;GO;GNS;TBB;;;;;10.52;0.00;11.00;0.00;0.00;76.00;0.00;3;2024-01-24;MFL;;;;1976-01-01
NLD;NLD197602673;;RET;2017-08-01;2017-08-01;NLD197602673;SCH-14;LA CANTINA;NLSCE;Scheveningen;;N;N;N;N;Y;N;;FX;GNS;OTB;;;;;9.90;0.00;8.00;0.00;0.00;37.00;0.00;2;2006-04-21;MFL;;;PA;1976-01-01
NLD;NLD197700057;;RET;2000-03-23;2000-03-23;NLD197700057;BZ-30;DE NACHTWACHT;NLBZM;Bergse Diepsluis/Bergen Op Zoom;PDPD;Y;N;N;N;N;N;;FX;NK;MIS;;;;;40.85;0.00;148.00;0.00;0.00;350.00;0.00;2;1977-03-25;4JZ;;;PA;1977-01-01
NLD;NLD197700128;;RET;2002-12-31;2002-12-31;NLD197700128;EH-49;LEONORA;NLENK;Enkhuizen;;N;Y;N;N;N;N;;FX;NK;MIS;;;;;15.83;0.00;22.00;0.00;0.00;135.00;0.00;2;1977-07-07;4JZ;;;PA;1977-01-01
NLD;NLD197700129;;RET;2002-12-31;2002-12-31;NLD197700129;EH-22;PETRA CORINA;NLENK;Enkhuizen;;N;N;N;N;N;N;;FX;NK;MIS;;;;;15.96;0.00;25.00;0.00;0.00;184.00;47.00;2;1979-03-21;4JZ;;;PA;1977-01-01
NLD;NLD197700162;;RET;2002-12-31;2002-12-31;NLD197700162;EH-45;ANITA DESIRE;NLENK;Enkhuizen;;N;Y;N;N;N;N;;FX;GNS;NK;;;;;15.00;0.00;0.00;28.04;0.00;89.00;22.00;2;1977-07-21;4JZ;;;PA;1977-01-01
NLD;NLD197700327;;RET;2002-09-27;2002-09-27;NLD197700327;ST-2;DE TWEE GEBROEDERS;NLSTA;Stavoren;;N;N;N;N;N;N;;FX;NK;MIS;;;;;14.04;0.00;13.00;0.00;0.00;111.00;0.00;2;1978-03-20;4J7;;;PA;1977-01-01
NLD;NLD197700350;;RET;1994-09-08;1994-09-08;NLD197700350;TM-29;TM-29;NLTMZ;Termunterzijl;;N;N;N;N;N;N;;FX;FPO;NK;;;;;6.00;0.00;0.00;3.00;0.00;6.00;0.00;2;1986-02-27;Z18;;;PA;1977-01-01
NLD;NLD197700375;8571005;MOD;2009-07-24;2100-12-31;NLD197700375;TX-10;EMMIE;NLTEX;Texel;PF3481;Y;Y;Y;Y;N;Y;245498000;FX;TBB;OTT;;;;;41.11;0.00;171.00;0.00;0.00;221.00;0.00;2;1977-07-15;MFL;;;;1977-01-01
NLD;NLD197700382;;RET;1993-01-29;1993-01-29;NLD197700382;IJM-5;CORRIE;NLIJM;Ijmuiden/Velsen;;N;N;N;N;N;N;;FX;GNS;MIS;;;;;9.00;0.00;0.00;9.00;0.00;59.00;0.00;2;1983-04-13;Z18;;;PA;1977-01-01
NLD;NLD197700387;;RET;2002-09-27;2002-09-27;NLD197700387;TH-3;TH-3;NLTHO;Tholen;;N;N;N;N;N;N;;FX;NK;MIS;;;;;7.58;0.00;1.00;0.00;0.00;32.00;0.00;2;1977-05-18;4J7;;;PA;1977-01-01
NLD;NLD197700436;;RET;2002-08-27;2002-08-27;NLD197700436;TX-148;BRUINE BANK;NLTEX;Texel;;N;N;N;N;N;N;;FX;LLS;MIS;;;;;5.18;0.00;1.00;0.00;0.00;12.00;0.00;4;1987-04-09;4J1;;;PA;1977-01-01
NLD;NLD197700491;;RET;1995-03-15;1995-03-15;NLD197700491;VL-218;VL-218;NLVLA;Vlaardingen;;N;N;N;N;N;N;;FX;FPO;NK;;;;;6.80;0.00;0.00;3.36;0.00;8.00;0.00;2;1978-04-19;Z18;;;PA;1977-01-01
NLD;NLD197700903;;RET;2002-09-27;2002-09-27;NLD197700903;YE-59;STORMVOGEL;NLYSK;Yerseke;;N;N;N;N;N;N;;FX;DRB;MIS;;;;;53.87;0.00;270.00;0.00;0.00;346.00;0.00;2;1980-01-25;4JZ;;;PA;1977-01-01
NLD;NLD197701027;;RET;1992-11-19;1992-11-19;NLD197701027;NB-2;KEES;NLNBE;Nieuw-Beijerland;;N;N;N;N;N;N;;FX;FPO;NK;;;;;7.50;0.00;0.00;2.32;0.00;18.00;0.00;3;1989-12-01;Z18;;;PA;1977-01-01
NLD;NLD197701048;;RET;1994-09-08;1994-09-08;NLD197701048;UK-60;AQUARIUS;NLURK;Urk;;N;N;N;N;N;N;;FX;GNS;MIS;;;;;4.20;0.00;0.00;2.21;0.00;12.00;0.00;3;1990-03-19;Z18;;;PA;1977-01-01
NLD;NLD197701059;;RET;1994-06-28;1994-06-28;NLD197701059;WR-73;PAUL MARTIEN;NLWRG;Wieringen/Den Oever;;N;N;N;N;N;N;;FX;FPO;GNS;;;;;8.50;0.00;0.00;5.26;0.00;18.00;0.00;2;1990-05-21;Z18;;;PA;1977-01-01
NLD;NLD197701175;;RET;1994-06-27;1994-06-27;NLD197701175;TX-3;PETRA;NLTEX;Texel;;N;N;N;N;N;N;;FX;GNS;OTB;;;;;6.20;0.00;0.00;1.28;0.00;22.00;0.00;1;1991-02-12;Z18;;;PA;1977-01-01
NLD;NLD197701179;;RET;1991-11-18;1991-11-18;NLD197701179;VLI-9;ZWALKER;NLVLI;Vlissingen;;N;N;N;N;N;N;;FX;TBB;MIS;;;;;10.00;0.00;0.00;6.19;0.00;18.00;0.00;2;1991-02-13;OVG;;;PA;1977-01-01
NLD;NLD197701191;;RET;1994-06-24;1994-06-24;NLD197701191;SCH-35;BATAVIER;NLSCE;Scheveningen;;N;N;N;N;N;N;;FX;OTB;MIS;;;;;6.75;0.00;0.00;3.76;0.00;18.00;0.00;3;1991-03-07;Z18;;;PA;1977-01-01
NLD;NLD197701203;;RET;1991-11-18;1991-11-18;NLD197701203;SCH-99;SAN FELICE;NLSCE;Scheveningen;;N;N;N;N;N;N;;FX;OTB;MIS;;;;;10.00;0.00;0.00;16.51;0.00;46.00;0.00;2;1991-03-19;OVG;;;PA;1977-01-01
NLD;NLD197701227;;RET;1994-06-28;1994-06-28;NLD197701227;NZ-5;STERN;NLTNZ;Terneuzen;;N;N;N;N;N;N;;FX;TBB;OTB;;;;;6.70;0.00;0.00;5.70;0.00;16.00;0.00;2;1991-04-12;Z18;;;PA;1977-01-01
NLD;NLD197701314;;RET;1994-06-27;1994-06-27;NLD197701314;VLI-11;THALASSA;NLVLI;Vlissingen;;N;N;N;N;N;N;;FX;TBB;OTB;;;;;9.35;0.00;0.00;11.81;0.00;26.00;0.00;2;1991-06-05;Z18;;;PA;1977-01-01
NLD;NLD197701327;;RET;1994-06-27;1994-06-27;NLD197701327;VLI-36;NJORD;NLVLI;Vlissingen;;N;N;N;N;N;N;;FX;TBB;MIS;;;;;8.50;0.00;0.00;4.30;0.00;20.00;0.00;3;1991-06-07;Z18;;;PA;1977-01-01
NLD;NLD197701335;;RET;1993-04-07;1993-04-07;NLD197701335;HON-22;SLOEBER;NLHTN;Hontenisse;;N;N;N;N;N;N;;FX;TBB;NK;;;;;9.55;0.00;0.00;7.75;0.00;77.00;0.00;2;1991-06-10;Z18;;;PA;1977-01-01
NLD;NLD197701406;;RET;1996-06-24;1996-06-24;NLD197701406;GOE-7;SPEEDY;NLGOE;Goes;;N;N;N;N;N;N;;FX;GNS;NK;;;;;7.00;0.00;0.00;5.30;0.00;30.00;0.00;2;1991-06-19;Z18;;;PA;1977-01-01
NLD;NLD197701424;;RET;1994-06-27;1994-06-27;NLD197701424;TX-83;MON REVE;NLTEX;Texel;;N;N;N;N;N;N;;FX;LLS;OTB;;;;;5.80;0.00;0.00;3.14;0.00;33.00;0.00;3;1991-06-24;Z18;;;PA;1977-01-01
NLD;NLD197701483;;RET;1994-09-08;1994-09-08;NLD197701483;DZ-15;SWARTE BEER;NLDZL;Delfzijl;;N;N;N;N;N;N;;FX;TBB;NK;;;;;9.45;0.00;0.00;7.70;0.00;37.00;0.00;2;1991-08-19;Z18;;;PA;1977-01-01
NLD;NLD197701518;;RET;1994-06-27;1994-06-27;NLD197701518;UK-123;FLIPPER;NLURK;Urk;;N;N;N;N;N;N;;FX;TBB;OTB;;;;;6.20;0.00;0.00;8.06;0.00;19.00;0.00;3;1991-09-25;Z18;;;PA;1977-01-01
NLD;NLD197701524;;RET;1994-06-27;1994-06-27;NLD197701524;TX-114;LUCKY STAR;NLTEX;Texel;;N;N;N;N;N;N;;FX;TBB;GNS;;;;;10.50;0.00;0.00;8.13;0.00;20.00;0.00;3;1991-09-30;Z18;;;PA;1977-01-01
NLD;NLD197701542;;RET;1994-06-28;1994-06-28;NLD197701542;WR-116;DE KULE;NLWRG;Wieringen/Den Oever;;N;N;N;N;N;N;;FX;FPO;GNS;;;;;5.20;0.00;0.00;2.20;0.00;18.00;4.00;3;1991-10-14;Z18;;;PA;1977-01-01
NLD;NLD197701551;;RET;1994-06-24;1994-06-24;NLD197701551;HON-31;WILCOR II;NLHTN;Hontenisse;;N;N;N;N;N;N;;FX;TBB;MIS;;;;;10.00;0.00;0.00;7.31;0.00;50.00;0.00;2;1991-10-16;Z18;;;PA;1977-01-01
NLD;NLD197701774;;RET;2018-10-22;2018-10-22;NLD197701774;LO-3;DASYATIS;NLLAN;Lauwersoog;PG8021;Y;N;N;N;Y;N;;FX;GNS;GND;;;;;11.05;0.00;7.00;0.00;0.00;59.00;0.00;3;1993-05-25;MFL;;;PA;1977-01-01
NLD;NLD197701789;;RET;2001-12-19;2001-12-19;NLD197701789;LE-65;SEA HUNTER;NLLEM;Lemsterland;;N;N;N;N;N;N;;FX;OTB;PTB;;;;;5.52;0.00;1.00;0.00;0.00;11.00;0.00;2;1993-06-25;4J5;;;PA;1977-01-01
NLD;NLD197701793;;RET;1997-11-09;1997-11-09;NLD197701793;WK-119;FROUKJE;NLWKU;Workum;;N;N;N;N;N;N;;FX;GNS;NK;;;;;5.10;0.00;2.00;0.00;0.00;66.00;0.00;3;1993-06-25;4J1;;;PA;1977-01-01
NLD;NLD197701900;;MOD;2005-01-01;2100-12-31;NLD197701900;HD-56;VIKING;NLDHR;Den Helder;;N;Y;N;N;Y;N;;FX;LHP;MIS;;;;;6.22;0.00;2.00;0.00;0.00;62.00;0.00;3;1995-01-16;MFL;;;;1977-01-01
NLD;NLD197701978;;RET;1997-11-05;1997-11-05;NLD197701978;UK-142;AALTJE MARGRIET;NLURK;Urk;;N;N;N;N;N;N;;FX;GNS;MIS;;;;;9.90;0.00;0.00;3.47;0.00;33.00;0.00;2;1996-05-10;4J1;;;PA;1977-01-01
NLD;NLD197701988;;RET;2000-06-05;2000-06-05;NLD197701988;GOE-7;SPEEDY;NLGOE;Goes;;N;N;N;N;N;N;;FX;GNS;NK;;;;;7.24;0.00;2.00;0.00;0.00;46.00;0.00;3;1996-06-24;4J7;;;PA;1977-01-01
NLD;NLD197702620;;RET;2002-12-31;2002-12-31;NLD197702620;VD-68;DE PAREL;NLVOD;Volendam;;N;Y;N;N;N;N;;FX;LLS;MIS;;;;;9.85;0.00;8.00;0.00;0.00;88.30;0.00;2;2001-03-30;4JZ;;;PA;1977-01-01
NLD;NLD197713656;;RET;2018-02-16;2018-02-16;NLD197713656;YE-52;VISAREND;NLYSK;Yerseke;;N;N;N;N;Y;N;;FX;LHM;FPO;;;;;9.29;0.00;4.00;0.00;0.00;66.00;0.00;3;2015-08-25;MFL;;;PA;1977-01-01
NLD;NLD197771993;;RET;2021-09-14;2021-09-14;NLD197771993;SL-3;MARTHA-LENA;NLSTD;Stellendam;;N;N;N;N;Y;N;;MO;TBB;FPO;;;;;5.08;0.00;1.00;0.00;0.00;40.00;0.00;3;2018-08-30;MFL;;;PA;1977-01-01
NLD;NLD197772162;;CHA;2024-09-30;2100-12-31;NLD197772162;HD-40;ANNA-LISA;NLDHR;Den Helder;;N;Y;N;N;N;N;;LH;LHP;MIS;;;;;14.23;0.00;10.00;0.00;0.00;81.00;0.00;2;2024-09-30;MFL;;;;1977-01-01
NLD;NLD197800071;8135916;IMP;2012-06-26;2100-12-31;NLD197800071;YE-179;CORNELIS GERRIT;NLYSK;Yerseke;PB8578;Y;Y;N;N;N;N;;FX;DRB;MIS;;;;;35.58;0.00;162.00;0.00;0.00;484.00;165.00;2;2012-06-26;AQU;IRL;;PA;1978-01-01
NLD;NLD197800099;;RET;2019-01-15;2019-01-15;NLD197800099;BZ-9;DOLFIJN;NLBZM;Bergse Diepsluis/Bergen Op Zoom;PBFK;Y;N;Y;N;N;N;;FX;DRB;MIS;;;;;39.32;0.00;193.00;0.00;0.00;515.00;300.00;2;1978-09-25;MFL;;;PA;1978-01-01
NLD;NLD197800104;;RET;1994-06-23;1994-06-23;NLD197800104;BRU-42;BRU-42;NLBSE;Bruinisse;;N;N;N;N;N;N;;FX;NK;MIS;;;;;6.50;0.00;0.00;2.00;0.00;60.00;0.00;3;1979-03-15;Z18;;;PA;1978-01-01
NLD;NLD197800216;;RET;2018-10-22;2018-10-22;NLD197800216;WR-35;AMSTELMEER;NLWRG;Wieringen/Den Oever;PE6465;Y;N;Y;N;N;N;;FX;OTB;OTM;;;;;12.20;0.00;9.00;0.00;0.00;88.00;0.00;2;1978-06-19;MFL;;;PA;1978-01-01
NLD;NLD197800246;;RET;1997-05-15;1997-05-15;NLD197800246;ME-19;NOOIT GEDACHT;NLMDM;Medemblik;;N;N;N;N;N;N;;FX;LLS;NK;;;;;13.00;0.00;0.00;33.00;0.00;46.00;0.00;2;1981-10-19;4J7;;;PA;1978-01-01
NLD;NLD197800301;;RET;1994-06-28;1994-06-28;NLD197800301;OD-12;KORINA;NLGDO;Goedereede-Ouddorp;;N;N;N;N;N;N;;FX;NK;MIS;;;;;6.75;0.00;0.00;3.50;0.00;11.00;0.00;2;1988-05-31;Z18;;;PA;1978-01-01
NLD;NLD197800321;;RET;2014-02-01;2014-02-01;NLD197800321;OD-22;JOHANNA;NLGDO;Goedereede-Ouddorp;;N;N;N;N;Y;N;;FX;GNS;FPO;;;;;4.39;0.00;1.00;0.00;0.00;22.00;0.00;3;1985-07-29;MFL;;;PA;1978-01-01
NLD;NLD197800420;;RET;1994-06-27;1994-06-27;NLD197800420;IJM-16;MIRJAM;NLIJM;Ijmuiden/Velsen;;N;N;N;N;N;N;;FX;NK;MIS;;;;;9.78;0.00;0.00;8.00;0.00;71.00;0.00;4;1986-01-17;Z18;;;PA;1978-01-01
NLD;NLD197800462;;RET;2016-03-25;2016-03-25;NLD197800462;UK-9;JAN TEUNIS;NLURK;Urk;PHIR;Y;N;Y;N;N;N;;FX;GNS;GTN;;;;;17.28;0.00;40.00;0.00;0.00;114.00;0.00;2;2006-12-12;MFL;;;PA;1978-01-01
NLD;NLD197800487;;MOD;2011-01-01;2100-12-31;NLD197800487;VL-217;VROUWE ARINA;NLVLA;Vlaardingen;PF4055;Y;Y;N;N;N;N;;FX;GNS;FPO;;;;;14.99;0.00;18.00;0.00;0.00;126.00;0.00;2;1979-05-10;MFL;;;;1978-01-01
NLD;NLD197800514;;MOD;2023-06-19;2100-12-31;NLD197800514;IJM-33;AVA;NLIJM;Ijmuiden/Velsen;PDEH;Y;Y;Y;Y;N;Y;244090711;MO;TBB;FPO;;;;;14.50;0.00;18.00;0.00;0.00;149.00;0.00;2;1978-06-14;MFL;;;;1978-01-01
NLD;NLD197800581;;RET;2002-12-31;2002-12-31;NLD197800581;WON-39;KLAASKE JAN;NLMKM;Wonseradeel/Makkum;;N;Y;N;N;N;N;;FX;GNS;NK;;;;;14.04;0.00;13.00;0.00;0.00;96.00;0.00;2;1979-12-18;4JZ;;;PA;1978-01-01
NLD;NLD197800598;;MOD;2025-06-20;2100-12-31;NLD197800598;ZK-48;RELINQUENDA;NLZOT;Zoutkamp;PB4069;Y;Y;Y;Y;N;Y;244650683;MO;GNS;OTB;;;;;14.55;0.00;20.00;0.00;0.00;96.00;0.00;2;1978-06-13;MFL;;;PA;1978-01-01
NLD;NLD197800632;;RET;2002-12-31;2002-12-31;NLD197800632;VD-67;SINT JOSEF;NLVOD;Volendam;;N;Y;N;N;N;N;;FX;NK;MIS;;;;;16.04;0.00;15.00;0.00;0.00;180.00;0.00;2;1979-03-13;4JZ;;;PA;1978-01-01
NLD;NLD197800672;;RET;2002-12-31;2002-12-31;NLD197800672;UK-263;AUKE SENIOR;NLURK;Urk;;N;Y;N;N;N;N;;FX;GNS;MIS;;;;;15.90;0.00;0.00;30.47;0.00;132.00;0.00;2;1989-06-19;4JZ;;;PA;1978-01-01
NLD;NLD197800774;8136128;MOD;2004-02-13;2100-12-31;NLD197800774;YE-27;PROSPER JULIEN;NLYSK;Yerseke;PD9977;Y;Y;N;N;N;N;;FX;DRB;MIS;;;;;30.08;0.00;131.00;0.00;0.00;395.00;220.00;2;1978-12-16;AQU;;;;1978-01-01
NLD;NLD197800781;;DES;2005-06-14;2005-06-14;NLD197800781;YE-29;JURGEN;NLYSK;Yerseke;PH4078;Y;N;N;N;N;N;;FX;DRB;HMD;;;;;36.03;0.00;134.00;0.00;0.00;508.00;0.00;2;1978-04-04;AQU;;;PA;1978-01-01
NLD;NLD197800786;;RET;2000-12-13;2000-12-13;NLD197800786;YE-142;SANCTA MARIA;NLYSK;Yerseke;;N;N;N;N;N;N;;FX;DRB;MIS;;;;;36.51;0.00;128.00;0.00;0.00;184.00;0.00;2;1980-01-25;4JZ;;;PA;1978-01-01
NLD;NLD197800881;;RET;1995-06-08;1995-06-08;NLD197800881;YE-72;SUZANNA;NLYSK;Yerseke;;N;N;N;N;N;N;;FX;DRB;MIS;;;;;41.80;0.00;0.00;209.96;0.00;262.00;0.00;2;1981-06-16;Z18;;;PA;1978-01-01
NLD;NLD197800889;8136130;EXP;2001-01-05;2001-01-05;NLD197800889;YE-6;MARIA;NLYSK;Yerseke;;N;N;N;N;N;N;;FX;DRB;MIS;;;;;34.03;0.00;0.00;147.91;0.00;235.00;0.00;2;1978-05-08;4JZ;IRL;EX;PA;1978-01-01
NLD;NLD197800913;;RET;1990-08-31;1990-08-31;NLD197800913;YE-62;DINGENIS JAN;NLYSK;Yerseke;;N;N;N;N;N;N;;FX;DRB;MIS;;;;;34.83;0.00;0.00;169.26;0.00;368.00;0.00;2;1980-09-17;SDV;;;PA;1978-01-01
NLD;NLD197800943;;RET;1994-06-27;1994-06-27;NLD197800943;UK-108;JACOB FEMMETJE;NLURK;Urk;;N;N;N;N;N;N;;FX;NK;MIS;;;;;17.00;0.00;0.00;25.00;0.00;110.00;0.00;2;1979-07-04;E17;;;PA;1978-01-01
NLD;NLD197800963;;RET;1997-07-11;1997-07-11;NLD197800963;TH-21;TH-21;NLTHO;Tholen;;N;N;N;N;N;N;;FX;FPO;NK;;;;;8.40;0.00;0.00;4.67;0.00;29.00;0.00;2;1978-06-19;4J7;;;PA;1978-01-01
NLD;NLD197801031;;RET;1998-11-13;1998-11-13;NLD197801031;BR-8;ZEEAREND;NLBRS;Breskens;PCDV;Y;N;N;N;N;N;;FX;GNS;MIS;;;;;17.94;0.00;27.00;0.00;0.00;113.00;0.00;2;1978-10-13;4J4;;;PA;1978-01-01
NLD;NLD197801062;;RET;2016-05-10;2016-05-10;NLD197801062;HD-20;MARJA;NLDHR;Den Helder;;N;N;N;N;Y;N;;MO;TBB;OTB;;;;;6.15;0.00;2.00;0.00;0.00;18.00;0.00;1;1990-05-21;MFL;;;PA;1978-01-01
NLD;NLD197801092;;RET;2018-11-15;2018-11-15;NLD197801092;TH-31;TH-31;NLTHO;Tholen;;N;N;N;N;Y;N;;FX;PS;GNS;;;;;9.98;0.00;4.00;0.00;0.00;7.00;0.00;2;1990-09-26;MFL;;;PA;1978-01-01
NLD;NLD197801098;;RET;1995-06-08;1995-06-08;NLD197801098;SCH-37;DIANA;NLSCE;Scheveningen;;N;N;N;N;N;N;;FX;TBB;MIS;;;;;9.00;0.00;0.00;4.88;0.00;58.00;0.00;3;1990-10-31;Z18;;;PA;1978-01-01
NLD;NLD197801117;;RET;2018-10-26;2018-10-26;NLD197801117;TH-33;TH-33;NLTHO;Tholen;;N;N;N;N;Y;N;;FX;PS;MIS;;;;;7.70;0.00;1.00;0.00;0.00;7.00;0.00;2;1990-11-28;MFL;;;PA;1978-01-01
NLD;NLD197801137;;RET;1993-02-17;1993-02-17;NLD197801137;HON-4;SCHELDE;NLHTN;Hontenisse;;N;N;N;N;N;N;;FX;TBB;FPO;;;;;7.80;0.00;0.00;11.62;0.00;51.00;0.00;2;1990-12-18;Z18;;;PA;1978-01-01
NLD;NLD197801144;;RET;1994-06-24;1994-06-24;NLD197801144;SCH-1;DE BOTTER;NLSCE;Scheveningen;;N;N;N;N;N;N;;FX;TBB;LLS;;;;;5.00;0.00;0.00;1.29;0.00;44.00;0.00;3;1991-01-22;Z18;;;PA;1978-01-01
NLD;NLD197801159;;RET;1994-06-24;1994-06-24;NLD197801159;SCH-45;ORKA;NLSCE;Scheveningen;;N;N;N;N;N;N;;FX;OTB;MIS;;;;;7.00;0.00;0.00;4.60;0.00;16.00;0.00;3;1991-01-25;Z18;;;PA;1978-01-01
NLD;NLD197801161;;RET;1991-10-15;1991-10-15;NLD197801161;SCH-62;GOLFJE;NLSCE;Scheveningen;;N;N;N;N;N;N;;FX;OTB;MIS;;;;;4.61;0.00;0.00;1.10;0.00;12.00;0.00;3;1991-01-28;OVG;;;PA;1978-01-01
NLD;NLD197801163;;RET;1994-06-27;1994-06-27;NLD197801163;SCH-69;DE ZWARTE ZWAAN;NLSCE;Scheveningen;;N;N;N;N;N;N;;FX;GNS;LLS;;;;;6.70;0.00;0.00;2.79;0.00;8.00;0.00;3;1991-01-29;Z18;;;PA;1978-01-01
NLD;NLD197801164;;RET;1994-06-27;1994-06-27;NLD197801164;SCH-70;KLARA;NLSCE;Scheveningen;;N;N;N;N;N;N;;FX;NK;MIS;;;;;7.00;0.00;0.00;9.93;0.00;11.00;0.00;3;1991-01-30;Z18;;;PA;1978-01-01
NLD;NLD197801170;;RET;1994-06-27;1994-06-27;NLD197801170;SCH-187;JAN VAN GENT;NLSCE;Scheveningen;;N;N;N;N;N;N;;FX;OTB;MIS;;;;;7.00;0.00;0.00;4.60;0.00;20.00;0.00;3;1991-01-31;Z18;;;PA;1978-01-01
NLD;NLD197801182;;RET;1994-06-27;1994-06-27;NLD197801182;SCH-81;ZEEHOND;NLSCE;Scheveningen;;N;N;N;N;N;N;;FX;OTB;MIS;;;;;5.90;0.00;0.00;2.63;0.00;7.00;0.00;3;1991-02-14;Z18;;;PA;1978-01-01
NLD;NLD197801206;;RET;2014-02-10;2014-02-10;NLD197801206;UK-147;RIEKELT ELISABETH;NLURK;Urk;;N;N;N;N;Y;N;;FX;OTB;MIS;;;;;4.55;0.00;1.00;0.00;0.00;15.00;0.00;3;1991-03-22;MFL;;;PA;1978-01-01
NLD;NLD197801239;;RET;2019-01-30;2019-01-30;NLD197801239;TH-34;TH-34;NLTHO;Tholen;;N;N;N;N;Y;N;;FX;GNS;FPO;;;;;7.07;0.00;2.00;0.00;0.00;5.00;0.00;2;1991-04-15;MFL;;;PA;1978-01-01
NLD;NLD197801252;;RET;1991-08-14;1991-08-14;NLD197801252;HD-58;ARNAUD;NLDHR;Den Helder;;N;N;N;N;N;N;;FX;TBB;GNS;;;;;9.90;0.00;0.00;18.42;0.00;158.00;0.00;3;1991-05-03;OVG;;;PA;1978-01-01
NLD;NLD197801276;;RET;1994-06-27;1994-06-27;NLD197801276;SCH-168;NEELTJE;NLSCE;Scheveningen;;N;N;N;N;N;N;;FX;OTB;MIS;;;;;19.65;0.00;0.00;22.00;0.00;260.00;0.00;2;1991-05-16;Z18;;;PA;1978-01-01
NLD;NLD197801294;;RET;1994-06-27;1994-06-27;NLD197801294;SCH-101;SONJA;NLSCE;Scheveningen;;N;N;N;N;N;N;;FX;GNS;OTB;;;;;5.35;0.00;0.00;2.22;0.00;45.00;0.00;3;1991-05-22;Z18;;;PA;1978-01-01
NLD;NLD197801307;;RET;1994-06-27;1994-06-27;NLD197801307;UK-125;UK-125;NLURK;Urk;;N;N;N;N;N;N;;FX;TBB;GNS;;;;;9.50;0.00;0.00;10.98;0.00;29.00;3.00;2;1991-05-23;Z18;;;PA;1978-01-01
NLD;NLD197801330;;RET;1994-06-24;1994-06-24;NLD197801330;HON-8;ADRIAN;NLHTN;Hontenisse;;N;N;N;N;N;N;;FX;TBB;MIS;;;;;10.00;0.00;0.00;7.31;0.00;62.00;0.00;2;1991-06-07;Z18;;;PA;1978-01-01
NLD;NLD197801354;;RET;1994-06-27;1994-06-27;NLD197801354;TX-63;TJANDI;NLTEX;Texel;;N;N;N;N;N;N;;FX;TBB;FPO;;;;;8.00;0.00;0.00;9.28;0.00;40.00;0.00;2;1991-06-12;Z18;;;PA;1978-01-01
NLD;NLD197801356;;RET;1994-06-27;1994-06-27;NLD197801356;TX-74;VALREEP;NLTEX;Texel;;N;N;N;N;N;N;;FX;OTB;TBB;;;;;9.30;0.00;0.00;5.50;0.00;38.00;0.00;2;1991-06-12;Z18;;;PA;1978-01-01
NLD;NLD197801370;;RET;1994-06-27;1994-06-27;NLD197801370;UK-29;JANNIE;NLURK;Urk;;N;N;N;N;N;N;;FX;GNS;OTB;;;;;9.50;0.00;0.00;12.08;0.00;69.00;0.00;2;1991-06-13;Z18;;;PA;1978-01-01
NLD;NLD197801390;;RET;1994-06-28;1994-06-28;NLD197801390;WR-146;BAYE LOVE;NLWRG;Wieringen/Den Oever;;N;N;N;N;N;N;;FX;NK;MIS;;;;;4.00;0.00;0.00;1.28;0.00;29.00;0.00;3;1991-06-18;Z18;;;PA;1978-01-01
NLD;NLD197801403;;RET;1994-06-24;1994-06-24;NLD197801403;HD-79;CLOJO;NLDHR;Den Helder;;N;N;N;N;N;N;;FX;NK;MIS;;;;;5.20;0.00;0.00;1.59;0.00;15.00;0.00;3;1991-06-19;Z18;;;PA;1978-01-01
NLD;NLD197801493;;RET;1994-06-28;1994-06-28;NLD197801493;OL-1;OL-1;NLDDE;Oostdongeradeel;;N;N;N;N;N;N;;FX;GNS;LLS;;;;;5.00;0.00;0.00;1.74;0.00;6.00;0.00;3;1991-08-23;Z18;;;PA;1978-01-01
NLD;NLD197801497;;RET;2000-01-14;2000-01-14;NLD197801497;HD-58;RIEKELT SR;NLDHR;Den Helder;;N;N;N;N;N;N;;FX;TBB;OTM;;;;;9.94;0.00;8.00;0.00;0.00;221.00;0.00;3;1991-08-27;4J5;;;PA;1978-01-01
NLD;NLD197801514;;RET;1994-06-23;1994-06-23;NLD197801514;GO-67;EASY MAID;NLGDR;Goedereede;;N;N;N;N;N;N;;FX;GNS;MIS;;;;;8.84;0.00;0.00;5.60;0.00;65.00;0.00;3;1991-09-23;Z18;;;PA;1978-01-01
NLD;NLD197801560;;RET;1994-06-27;1994-06-27;NLD197801560;IJM-334;JOHN;NLIJM;Ijmuiden/Velsen;;N;N;N;N;N;N;;FX;TBB;GNS;;;;;5.18;0.00;0.00;2.84;0.00;25.00;0.00;3;1991-10-17;Z18;;;PA;1978-01-01
NLD;NLD197801568;;RET;1992-03-09;1992-03-09;NLD197801568;SCH-201;KEMPHAAN;NLSCE;Scheveningen;;N;N;N;N;N;N;;FX;OTB;MIS;;;;;7.10;0.00;0.00;5.22;0.00;23.00;0.00;3;1991-10-29;Z18;;;PA;1978-01-01
NLD;NLD197801569;;RET;1994-09-08;1994-09-08;NLD197801569;WR-64;WR-64;NLWRG;Wieringen/Den Oever;;N;N;N;N;N;N;;FX;GNS;NK;;;;;5.80;0.00;0.00;2.39;0.00;7.00;0.00;3;1991-10-30;Z18;;;PA;1978-01-01
NLD;NLD197801574;;RET;1994-06-28;1994-06-28;NLD197801574;NZ-14;RASBORA;NLTNZ;Terneuzen;;N;N;N;N;N;N;;FX;TBB;MIS;;;;;12.75;0.00;0.00;5.49;0.00;176.00;0.00;3;1991-11-14;Z18;;;PA;1978-01-01
NLD;NLD197801584;;CHA;2017-07-11;2100-12-31;NLD197801584;WR-103;JENNIE;NLWRG;Wieringen/Den Oever;;N;Y;N;N;Y;N;;LH;LHP;OTB;;;;;7.08;0.00;1.00;0.00;0.00;13.00;0.00;2;1991-12-03;MFL;;;;1978-01-01
NLD;NLD197801681;;RET;1994-06-24;1994-06-24;NLD197801681;HD-109;DRIE GEBROEDERS;NLDHR;Den Helder;;N;N;N;N;N;N;;FX;GNS;OTB;;;;;5.00;0.00;0.00;3.09;0.00;15.00;0.00;3;1992-08-10;Z18;;;PA;1978-01-01
NLD;NLD197801690;;RET;1994-06-24;1994-06-24;NLD197801690;HD-66;ADRI;NLDHR;Den Helder;;N;N;N;N;N;N;;FX;TBB;MIS;;;;;6.30;0.00;0.00;4.29;0.00;70.00;0.00;3;1992-08-27;Z18;;;PA;1978-01-01
NLD;NLD197801737;;RET;1994-06-23;1994-06-23;NLD197801737;GO-81;MOORHEN;NLGDR;Goedereede;;N;N;N;N;N;N;;FX;TBB;MIS;;;;;4.25;0.00;0.00;1.42;0.00;6.00;0.00;3;1993-02-09;E17;;;PA;1978-01-01
NLD;NLD197801741;;RET;1994-06-27;1994-06-27;NLD197801741;UK-57;SEAFURI;NLURK;Urk;;N;N;N;N;N;N;;FX;TBB;GNS;;;;;6.00;0.00;0.00;1.78;0.00;121.00;0.00;3;1993-02-17;Z18;;;PA;1978-01-01
NLD;NLD197801887;;MOD;2012-07-23;2100-12-31;NLD197801887;ZK-6;MAYO;NLZOT;Zoutkamp;;N;Y;N;N;Y;N;;WO;FPO;SPR;;;;;10.50;0.00;12.00;0.00;0.00;33.00;0.00;2;1994-12-08;MFL;;;;1978-01-01
NLD;NLD197801892;;RET;2022-01-20;2022-01-20;NLD197801892;HD-50;JANNA JOHANNA CORNELIA;NLDHR;Den Helder;;N;N;N;N;Y;N;;FX;GNS;LLS;;;;;8.53;0.00;2.00;0.00;0.00;22.00;0.00;3;1994-12-09;MFL;;;PA;1978-01-01
NLD;NLD197801958;;RET;1997-07-11;1997-07-11;NLD197801958;WSW-10;WATERSNIP;NLWSW;Westenschouwen;;N;N;N;N;N;N;;FX;GND;GNS;;;;;9.29;0.00;9.00;0.00;0.00;221.00;0.00;3;1996-02-07;4J7;;;PA;1978-01-01
NLD;NLD197801962;;RET;2006-06-20;2006-06-20;NLD197801962;OD-55;RE-AS;NLGDO;Goedereede-Ouddorp;;N;N;N;N;Y;N;;FX;OTB;GNS;;;;;8.61;0.00;3.00;0.00;0.00;33.00;0.00;2;1996-03-13;MFL;;;PA;1978-01-01
NLD;NLD197801975;;EXP;1998-01-22;1998-01-22;NLD197801975;ZK-35;NOORDZEE;NLZOT;Zoutkamp;;N;N;N;N;N;N;;FX;FPO;GNS;;;;;18.85;0.00;39.00;0.00;0.00;221.00;14.00;2;1996-05-09;4J7;DEU;EX;PA;1978-01-01
NLD;NLD197802031;;RET;2002-09-27;2002-09-27;NLD197802031;GO-68;ZUIDERDIEP;NLGDR;Goedereede;;N;N;N;N;N;N;;FX;TBB;GNS;;;;;4.10;0.00;1.00;0.00;0.00;4.00;0.00;2;1996-12-18;4J5;;;PA;1978-01-01
NLD;NLD197802033;;RET;1998-09-03;1998-09-03;NLD197802033;SCH-17;MALLE MOK;NLSCE;Scheveningen;;N;N;N;N;N;N;;FX;OTB;MIS;;;;;7.69;0.00;0.00;3.96;0.00;18.00;0.00;3;1996-12-20;4J7;;;PA;1978-01-01
NLD;NLD197802038;;RET;2009-07-10;2009-07-10;NLD197802038;SCH-101;AMSTEL;NLSCE;Scheveningen;;N;N;N;N;Y;N;;FX;GNS;LHP;;;;;9.91;0.00;1.00;0.00;0.00;160.00;0.00;3;2008-06-20;MFL;;;PA;1978-01-01
NLD;NLD197802047;;RET;2021-02-12;2021-02-12;NLD197802047;BRU-7;AART;NLBSE;Bruinisse;;N;N;N;N;Y;N;;FX;FPO;GNS;;;;;5.93;0.00;1.00;0.00;0.00;51.00;0.00;3;2013-03-28;MFL;;;PA;1978-01-01
NLD;NLD197802055;;RET;2002-12-31;2002-12-31;NLD197802055;EH-5;DAMMERINA II;NLENK;Enkhuizen;;N;Y;N;N;N;N;;FX;GNS;LLS;;;;;6.95;0.00;1.00;0.00;0.00;21.00;0.00;2;1997-05-22;4JZ;;;PA;1978-01-01
NLD;NLD197802116;;RET;2000-04-01;2000-04-01;NLD197802116;KG-5;RAZOR;NLKOG;Kortgene;;N;N;N;N;N;N;;FX;GNS;TBB;;;;;5.00;0.00;0.00;2.58;0.00;4.00;0.00;2;1998-07-23;4J7;;;PA;1978-01-01
NLD;NLD197802615;;MOD;2012-11-09;2100-12-31;NLD197802615;TH-21;LIA;NLTHO;Tholen;;N;Y;N;N;Y;N;;TU;OTB;MIS;;;;;9.54;0.00;2.00;0.00;0.00;38.00;0.00;2;2000-12-18;MFL;;;;1978-01-01
NLD;NLD197802632;;MOD;2024-08-12;2100-12-31;NLD197802632;IJM-369;JONGE-JAN;NLIJM;Ijmuiden/Velsen;;N;Y;N;N;Y;Y;244660553;GO;GNS;LHP;;;;;10.05;0.00;6.00;0.00;0.00;46.00;0.00;3;2001-09-21;MFL;;;;1978-01-01
NLD;NLD197802635;;RET;2002-12-31;2002-12-31;NLD197802635;LE-23;GRIETJE GESINA;NLLEM;Lemsterland;;N;N;N;N;N;N;;FX;GNS;FPO;;;;;6.10;0.00;4.00;0.00;0.00;11.00;0.00;;2001-06-26;4JZ;;;PA;1978-01-01
NLD;NLD197802672;;MOD;2017-03-28;2100-12-31;NLD197802672;HD-11;ANNA;NLDHR;Den Helder;;N;Y;N;N;Y;N;;GO;GNS;LHP;;;;;4.90;0.00;1.00;0.00;0.00;18.00;0.00;3;2006-04-12;MFL;;;;1978-01-01
NLD;NLD197813648;;RET;2025-04-23;2025-04-23;NLD197813648;VL-21;LABRAX 2;NLVLA;Vlaardingen;;N;N;N;N;N;N;;LH;LHP;LHM;;;;;5.78;0.00;1.00;0.00;0.00;65.00;0.00;3;2015-05-20;MFL;;;PA;1978-01-01
NLD;NLD197900044;;RET;2013-12-01;2013-12-01;NLD197900044;BZ-2;TWEE GEBROEDERS;NLBZM;Bergse Diepsluis/Bergen Op Zoom;;N;N;N;N;N;N;;WO;FPO;MIS;;;;;13.15;0.00;10.00;0.00;0.00;66.00;0.00;2;1979-03-19;MFL;;;PA;1979-01-01
NLD;NLD197900047;8928600;MOD;2015-02-28;2100-12-31;NLD197900047;YE-100;ADRIAAN MARINUS;NLYSK;Yerseke;PH2090;Y;Y;N;N;N;N;;FX;DRH;MIS;;;;;38.37;0.00;169.00;0.00;0.00;442.00;394.00;2;1979-07-03;AQU;;;;1979-01-01
NLD;NLD197900093;7912410;MOD;2016-12-29;2100-12-31;NLD197900093;GO-29;JAN MARIA;NLGDR;Goedereede;PEZI;Y;Y;Y;Y;N;Y;245703000;MO;TBB;OTB;;;;;23.22;0.00;80.00;0.00;0.00;221.00;103.00;2;1979-10-18;MFL;;;;1979-01-01
NLD;NLD197900119;7817218;RET;1997-08-28;1997-08-28;NLD197900119;WR-76;CATHARINA ELISABETH;NLWRG;Wieringen/Den Oever;PDJB;Y;N;N;N;N;N;;FX;TBB;MIS;;;;;34.40;0.00;253.00;0.00;0.00;934.00;0.00;2;1979-10-30;4J7;;;AC;1979-01-01
NLD;NLD197900135;;RET;2000-04-01;2000-04-01;NLD197900135;GOE-1;GOE-1;NLGOE;Goes;;N;N;N;N;N;N;;FX;NK;MIS;;;;;9.60;0.00;0.00;9.61;0.00;30.00;0.00;2;1979-03-26;4J7;;;PA;1979-01-01
NLD;NLD197900155;;EXP;1997-02-18;1997-02-18;NLD197900155;HD-16;NEELTJE CORNELIS;NLDHR;Den Helder;PGFH;Y;N;N;N;N;N;;FX;TBB;MIS;;;;;37.14;0.00;275.00;0.00;0.00;1387.00;0.00;2;1979-08-01;4J7;CAN;EX;AC;1979-01-01
NLD;NLD197900224;;EXP;1997-06-27;1997-06-27;NLD197900224;GO-12;GRIEND;NLGDR;Goedereede;PFFT;Y;N;N;N;N;N;;FX;TBB;MIS;;;;;40.00;0.00;376.00;0.00;0.00;1471.00;0.00;2;1980-07-16;4J7;DNK;EX;PA;1979-01-01
NLD;NLD197900311;;MOD;2017-05-30;2100-12-31;NLD197900311;OD-11;JACOB;NLGDO;Goedereede-Ouddorp;;N;Y;N;N;Y;N;;WO;FPO;MIS;;;;;8.10;0.00;4.00;0.00;0.00;22.00;0.00;2;1979-03-30;MFL;;;;1979-01-01
NLD;NLD197900338;;DES;1993-01-20;1993-01-20;NLD197900338;GO-64;DEO JUVANTE;NLGDR;Goedereede;PDPA;Y;N;N;N;N;N;;FX;TBB;MIS;;;;;39.93;0.00;0.00;295.81;0.00;1680.00;0.00;2;1980-05-20;Z18;;;AC;1979-01-01
NLD;NLD197900378;;RET;1994-06-27;1994-06-27;NLD197900378;IJM-4;JAN ZONDER VREES;NLIJM;Ijmuiden/Velsen;;N;N;N;N;N;N;;FX;GNS;MIS;;;;;11.62;0.00;0.00;7.81;0.00;74.00;0.00;2;1982-12-08;Z18;;;PA;1979-01-01
NLD;NLD197900392;;EXP;1992-01-13;1992-01-13;NLD197900392;TX-5;JANNA WILLEMPJE;NLTEX;Texel;PEZD;Y;N;N;N;N;N;;FX;OTB;TBB;;;;;39.62;0.00;320.00;0.00;0.00;1400.00;0.00;2;1980-05-30;E17;GBR;EX;PA;1979-01-01
NLD;NLD197900440;;EXP;2002-01-14;2002-01-14;NLD197900440;TM-16;REIDE;NLTMZ;Termunterzijl;;N;N;N;N;N;N;;FX;TBB;NK;;;;;14.55;0.00;21.00;0.00;0.00;97.00;0.00;2;1979-07-03;4J7;DEU;;PA;1979-01-01
NLD;NLD197900574;8465000;MOD;2021-09-01;2100-12-31;NLD197900574;HK-82;JAN;NLHRD;Harderwijk;PF3908;Y;Y;Y;Y;N;Y;245773000;TU;TBB;MIS;;;;;18.20;0.00;25.00;0.00;0.00;175.00;46.00;2;1981-07-03;MFL;;;;1979-01-01
NLD;NLD197900647;;DES;2008-01-26;2008-01-26;NLD197900647;GO-56;SOLA GRATIA;NLGDR;Goedereede;PHVN;Y;N;Y;N;N;N;;FX;TBB;MIS;;;;;41.20;0.00;366.00;0.00;0.00;1467.00;0.00;2;1980-01-16;MFL;;;AC;1979-01-01
NLD;NLD197900742;7926344;RET;2013-07-01;2013-07-01;NLD197900742;UK-73;FRISIAN;NLURK;Urk;PEKO;Y;N;Y;N;N;N;;FX;DRB;MIS;;;;;34.12;0.00;245.00;0.00;0.00;525.00;200.00;2;1979-10-20;MFL;;;PA;1979-01-01
NLD;NLD197900775;8136013;MOD;2016-04-26;2100-12-31;NLD197900775;BRU-12;WOLFERT FRANKE;NLBSE;Bruinisse;PCIJ;Y;Y;N;N;N;N;;FX;DRB;DRH;;;;;36.98;0.00;178.00;0.00;0.00;470.00;0.00;2;1980-03-01;AQU;;;PA;1979-01-01
NLD;NLD197900798;;EXP;2000-11-28;2000-11-28;NLD197900798;UK-154;ALBERT PIETER LOUWE;NLURK;Urk;PCKA;Y;N;N;N;N;N;;FX;OTB;TBB;;;;;39.86;0.00;349.00;0.00;0.00;1325.00;0.00;2;1980-02-21;4J3;ZAF;EX;PA;1979-01-01
NLD;NLD197900834;;DES;1993-04-22;1993-04-22;NLD197900834;UK-165;ORANJE NASSAU;NLURK;Urk;PGOO;Y;N;N;N;N;N;;FX;TBB;MIS;;;;;39.92;0.00;0.00;298.39;0.00;1471.00;0.00;2;1980-01-23;Z18;;;AC;1979-01-01
NLD;NLD197900865;7917202;RET;2001-07-09;2001-07-09;NLD197900865;YE-100;WILHELMINA JEANINE;NLYSK;Yerseke;PIOW;Y;N;N;N;N;N;;FX;DRB;MIS;;;;;37.47;0.00;175.00;0.00;0.00;588.00;0.00;2;1979-08-15;4JZ;;;PA;1979-01-01
NLD;NLD197900954;;EXP;2002-12-31;2002-12-31;NLD197900954;HD-202;REPOS AILLEURS;NLDHR;Den Helder;PHAB;Y;N;Y;N;N;N;;FX;TBB;MIS;;;;;36.28;0.00;297.00;0.00;0.00;1124.00;0.00;2;1979-11-19;4J3;ZAF;;AC;1979-01-01
NLD;NLD197900998;8432534;MOD;2018-02-09;2100-12-31;NLD197900998;UK-146;ALBERT;NLURK;Urk;PCGN;Y;Y;Y;Y;N;Y;244605000;GO;GNS;TBB;;;;;20.27;0.00;58.00;0.00;0.00;129.00;23.00;2;1979-04-23;MFL;;;;1979-01-01
NLD;NLD197901002;;RET;2007-06-14;2007-06-14;NLD197901002;UK-168;LIMANDA;NLURK;Urk;PFOZ;Y;N;Y;N;N;N;;FX;TBB;OTB;;;;;35.67;0.00;245.00;0.00;0.00;1103.00;320.00;2;1979-12-12;MFL;;;PA;1979-01-01
NLD;NLD197901040;;RET;1994-06-24;1994-06-24;NLD197901040;HD-15;KOKMEEUW;NLDHR;Den Helder;;N;N;N;N;N;N;;FX;FPO;MIS;;;;;6.80;0.00;0.00;2.63;0.00;22.00;0.00;2;1990-02-01;Z18;;;PA;1977-01-01
NLD;NLD197901070;;RET;2002-09-27;2002-09-27;NLD197901070;WR-90;JAAP DOKKES;NLWRG;Wieringen/Den Oever;;N;N;N;N;N;N;;FX;FPO;GNS;;;;;9.87;0.00;6.00;0.00;0.00;85.00;0.00;3;1990-06-25;4J7;;;PA;1979-01-01
NLD;NLD197901087;7904803;EXP;1992-12-14;1992-12-14;NLD197901087;UK-62;JURIE VAN DEN BERG;NLURK;Urk;;N;N;N;N;N;N;;FX;TBB;MIS;;;;;36.28;0.00;0.00;247.22;0.00;993.00;0.00;2;1979-08-08;E17;DEU;EX;PA;1979-01-01
NLD;NLD197901124;;RET;1994-06-24;1994-06-24;NLD197901124;SCH-26;ALBACORA;NLSCE;Scheveningen;;N;N;N;N;N;N;;FX;TBB;OTB;;;;;7.20;0.00;0.00;4.64;0.00;28.00;0.00;3;1990-12-05;Z18;;;PA;1979-01-01
NLD;NLD197901157;;RET;1991-10-08;1991-10-08;NLD197901157;SCH-34;MARTINA;NLSCE;Scheveningen;;N;N;N;N;N;N;;FX;OTB;NK;;;;;7.00;0.00;0.00;3.90;0.00;9.00;0.00;3;1991-01-25;OVG;;;PA;1979-01-01
NLD;NLD197901171;;RET;1994-06-27;1994-06-27;NLD197901171;SCH-234;POSEIDON;NLSCE;Scheveningen;;N;N;N;N;N;N;;FX;OTB;MIS;;;;;7.00;0.00;0.00;4.51;0.00;9.00;0.00;3;1991-01-31;Z18;;;PA;1979-01-01
NLD;NLD197901192;;RET;1994-06-27;1994-06-27;NLD197901192;SCH-88;MALLE MOK;NLSCE;Scheveningen;;N;N;N;N;N;N;;FX;GNS;OTB;;;;;5.35;0.00;0.00;2.76;0.00;45.00;0.00;3;1991-03-07;Z18;;;PA;1979-01-01
NLD;NLD197901208;;RET;1994-06-23;1994-06-23;NLD197901208;BR-2;DANUTA;NLBRS;Breskens;;N;N;N;N;N;N;;FX;TBB;MIS;;;;;8.00;0.00;0.00;9.93;0.00;37.00;0.00;2;1991-03-26;Z18;;;PA;1979-01-01
NLD;NLD197901253;;RET;1994-02-24;1994-02-24;NLD197901253;HD-61;MELANIE;NLDHR;Den Helder;;N;N;N;N;N;N;;FX;TBB;NK;;;;;6.00;0.00;0.00;3.40;0.00;15.00;0.00;3;1991-05-06;Z18;;;PA;1979-01-01
NLD;NLD197901347;;RET;1993-12-13;1993-12-13;NLD197901347;SCH-32;ADRIANA;NLSCE;Scheveningen;;N;N;N;N;N;N;;FX;NK;MIS;;;;;7.00;0.00;0.00;3.90;0.00;9.00;0.00;3;1991-06-10;Z18;;;PA;1979-01-01
NLD;NLD197901352;;RET;1994-06-27;1994-06-27;NLD197901352;SCH-98;HERON;NLSCE;Scheveningen;;N;N;N;N;N;N;;FX;TBB;OTM;;;;;9.45;0.00;0.00;3.30;0.00;10.00;0.00;3;1991-06-12;Z18;;;PA;1979-01-01
NLD;NLD197901355;;RET;1994-06-27;1994-06-27;NLD197901355;TX-69;MORREBAK;NLTEX;Texel;;N;N;N;N;N;N;;FX;TBB;NK;;;;;7.45;0.00;0.00;6.36;0.00;140.00;0.00;3;1991-06-12;Z18;;;PA;1979-01-01
NLD;NLD197901368;;RET;1994-06-27;1994-06-27;NLD197901368;UK-14;BRANDARIS;NLURK;Urk;;N;N;N;N;N;N;;FX;TBB;GNS;;;;;5.20;0.00;0.00;1.99;0.00;44.00;0.00;3;1991-06-13;Z18;;;PA;1979-01-01
NLD;NLD197901373;;EXP;1993-12-14;1993-12-14;NLD197901373;UK-351;ANNA;NLURK;Urk;;N;N;N;N;N;N;;FX;GNS;TBB;;;;;5.18;0.00;0.00;1.98;0.00;44.00;0.00;3;1991-06-13;Z18;DEU;EX;PA;1979-01-01
NLD;NLD197901388;;RET;1994-06-28;1994-06-28;NLD197901388;WR-110;IDA II;NLWRG;Wieringen/Den Oever;;N;N;N;N;N;N;;FX;TBB;FPO;;;;;6.60;0.00;0.00;3.74;0.00;50.00;0.00;3;1991-06-18;Z18;;;PA;1979-01-01
NLD;NLD197901422;;RET;1994-06-28;1994-06-28;NLD197901422;OD-34;CORNELIS;NLGDO;Goedereede-Ouddorp;;N;N;N;N;N;N;;FX;TBB;GND;;;;;4.80;0.00;0.00;1.00;0.00;3.00;0.00;2;1991-06-24;Z18;;;PA;1979-01-01
NLD;NLD197901432;;RET;1994-06-28;1994-06-28;NLD197901432;KW-247;IMPIE;NLKWK;Katwijk;;N;N;N;N;N;N;;FX;OTB;NK;;;;;5.00;0.00;0.00;3.87;0.00;44.00;0.00;3;1991-06-24;Z18;;;PA;1979-01-01
NLD;NLD197901444;;RET;1994-06-27;1994-06-27;NLD197901444;SL-13;ZEEWOLF;NLSTD;Stellendam;;N;N;N;N;N;N;;FX;TBB;GNS;;;;;7.00;0.00;0.00;7.75;0.00;22.00;0.00;2;1991-06-25;Z18;;;PA;1979-01-01
NLD;NLD197901471;;RET;1994-06-23;1994-06-23;NLD197901471;BRU-17;DELTA MARIEN 82;NLBSE;Bruinisse;;N;N;N;N;N;N;;FX;GNS;NK;;;;;5.10;0.00;0.00;2.47;0.00;37.00;0.00;3;1991-08-16;Z18;;;PA;1979-01-01
NLD;NLD197901476;;RET;1994-09-08;1994-09-08;NLD197901476;KW-250;BLUE WHALE;NLKWK;Katwijk;;N;N;N;N;N;N;;FX;TBB;OTB;;;;;16.00;0.00;0.00;33.54;0.00;90.00;7.00;2;1991-08-16;Z18;;;PA;1979-01-01
NLD;NLD197901489;;RET;1994-06-24;1994-06-24;NLD197901489;HON-11;NELLY;NLHTN;Hontenisse;;N;N;N;N;N;N;;FX;TBB;OTB;;;;;14.00;0.00;0.00;34.67;0.00;76.00;0.00;2;1991-08-21;Z18;;;PA;1979-01-01
NLD;NLD197901544;;RET;1994-06-27;1994-06-27;NLD197901544;SCH-62;ZEEHAAN;NLSCE;Scheveningen;;N;N;N;N;N;N;;FX;OTB;MIS;;;;;6.00;0.00;0.00;1.78;0.00;18.00;0.00;3;1991-10-15;Z18;;;PA;1979-01-01
NLD;NLD197901557;;MOD;2005-01-01;2100-12-31;NLD197901557;IJM-240;JAN;NLIJM;Ijmuiden/Velsen;;N;Y;N;N;Y;N;;GO;GNS;MIS;;;;;4.50;0.00;1.00;0.00;0.00;8.00;0.00;3;1991-10-17;MFL;;;;1979-01-01
NLD;NLD197901575;;RET;1994-06-23;1994-06-23;NLD197901575;DZ-16;RIGEL;NLDZL;Delfzijl;;N;N;N;N;N;N;;FX;TBB;MIS;;;;;8.50;0.00;0.00;8.26;0.00;8.00;0.00;3;1991-11-18;Z18;;;PA;1979-01-01
NLD;NLD197901619;;RET;1994-06-24;1994-06-24;NLD197901619;TM-33;ANNAGONDA;NLTMZ;Termunterzijl;;N;N;N;N;N;N;;FX;TBB;MIS;;;;;9.50;0.00;0.00;15.00;0.00;29.00;0.00;2;1992-03-05;Z18;;;PA;1979-01-01
NLD;NLD197901661;;RET;1994-06-23;1994-06-23;NLD197901661;HA-63;SEABIRD;NLHAR;Harlingen;;N;N;N;N;N;N;;FX;NK;MIS;;;;;5.30;0.00;0.00;0.55;0.00;48.00;0.00;3;1992-06-24;Z18;;;PA;1979-01-01
NLD;NLD197901703;;RET;1993-01-29;1993-01-29;NLD197901703;HON-37;QUEEN TONG;NLHTN;Hontenisse;;N;N;N;N;N;N;;FX;TBB;MIS;;;;;9.73;0.00;0.00;7.25;0.00;88.00;0.00;3;1992-09-28;Z18;;;PA;1979-01-01
NLD;NLD197901760;;RET;1998-09-03;1998-09-03;NLD197901760;TH-24;JOMA;NLTHO;Tholen;;N;N;N;N;N;N;;FX;GNS;NK;;;;;7.00;0.00;0.00;4.00;0.00;48.00;0.00;2;1993-04-06;4J7;;;PA;1979-01-01
NLD;NLD197901764;;RET;1998-12-16;1998-12-16;NLD197901764;WSW-7;WSW-7;NLWSW;Westenschouwen;;N;N;N;N;N;N;;FX;GNS;NK;;;;;5.36;0.00;0.00;2.01;0.00;66.00;0.00;3;1993-04-19;4J7;;;PA;1979-01-01
NLD;NLD197901767;;RET;2011-04-12;2011-04-12;NLD197901767;HD-111;ARAMIS II;NLDHR;Den Helder;;N;N;N;N;Y;N;;FX;TBB;MIS;;;;;8.85;0.00;4.00;0.00;0.00;75.00;0.00;3;1993-04-21;MFL;;;PA;1979-01-01
NLD;NLD197901769;;RET;1994-06-27;1994-06-27;NLD197901769;TX-108;JAN VAN GENT;NLTEX;Texel;;N;N;N;N;N;N;;FX;LLS;NK;;;;;5.70;0.00;0.00;3.60;0.00;56.00;0.00;3;1993-04-22;Z18;;;PA;1979-01-01
NLD;NLD197901782;;RET;1994-06-27;1994-06-27;NLD197901782;IJM-363;ZILVERMEEUW;NLIJM;Ijmuiden/Velsen;;N;N;N;N;N;N;;FX;FPO;GNS;;;;;4.90;0.00;0.00;2.32;0.00;7.00;0.00;3;1993-06-08;Z18;;;PA;1979-01-01
NLD;NLD197901812;;RET;1994-06-24;1994-06-24;NLD197901812;HD-125;NARWAL;NLDHR;Den Helder;;N;N;N;N;N;N;;FX;TBB;NK;;;;;9.92;0.00;0.00;10.91;0.00;200.00;10.00;3;1993-08-11;Z18;;;PA;1979-01-01
NLD;NLD197901824;;RET;1994-06-24;1994-06-24;NLD197901824;SCH-42;GROMMER;NLSCE;Scheveningen;;N;N;N;N;N;N;;FX;OTB;MIS;;;;;8.00;0.00;0.00;5.67;0.00;20.00;0.00;3;1993-08-31;Z18;;;PA;1979-01-01
NLD;NLD197901913;;RET;2013-01-21;2013-01-21;NLD197901913;HD-6;ABSON;NLDHR;Den Helder;;N;N;N;N;Y;N;;FX;LLS;MIS;;;;;7.80;0.00;2.00;0.00;0.00;30.00;0.00;2;1995-04-18;MFL;;;PA;1979-01-01
NLD;NLD197901915;;RET;1997-07-11;1997-07-11;NLD197901915;IJM-7;LISETTE;NLIJM;Ijmuiden/Velsen;;N;N;N;N;N;N;;FX;GNS;NK;;;;;6.20;0.00;0.00;2.00;0.00;23.00;0.00;3;1995-04-18;4J7;;;PA;1979-01-01
NLD;NLD197902000;;EXP;2011-03-21;2011-03-21;NLD197902000;ZK-16;ESK;NLZOT;Zoutkamp;;N;N;N;N;Y;N;;FX;GNS;OTB;;;;;10.40;0.00;14.00;0.00;0.00;183.00;0.00;3;2007-08-31;MFL;NOR;EX;PA;1979-01-01
NLD;NLD198000043;;DES;1996-11-28;1996-11-28;NLD198000043;BZ-1;STATICE;NLBZM;Bergse Diepsluis/Bergen Op Zoom;;N;N;N;N;N;N;;FX;DRB;NK;;;;;10.45;0.00;0.00;1.08;0.00;21.00;0.00;2;1986-08-15;Z18;;;PA;1980-01-01
NLD;NLD198000062;;RET;1992-01-15;1992-01-15;NLD198000062;GO-4;GEORGE JOHANNES;NLGDR;Goedereede;PEHN;Y;N;N;N;N;N;;FX;TBB;MIS;;;;;33.86;0.00;0.00;195.58;0.00;908.00;0.00;2;1980-09-29;E17;;;PA;1980-01-01
NLD;NLD198000063;8136178;MOD;2019-09-20;2100-12-31;NLD198000063;YE-197;GUSTAAF EDUARD;NLYSK;Yerseke;PCBG;Y;Y;N;N;N;N;;FX;DRB;MIS;;;;;33.98;0.00;153.00;0.00;0.00;403.00;315.00;2;1980-04-29;AQU;;;;1980-01-01
NLD;NLD198000075;8431621;MOD;2022-05-16;2100-12-31;NLD198000075;YE-76;TOBBER;NLYSK;Yerseke;PHAU;Y;Y;Y;Y;N;Y;245731000;MO;TBB;FPO;;;;;23.85;0.00;92.00;0.00;0.00;221.00;115.00;2;1980-11-03;MFL;;;;1980-01-01
NLD;NLD198000106;;EXP;2005-09-02;2005-09-02;NLD198000106;GO-40;ZEEAREND;NLGDR;Goedereede;PIWI;Y;N;Y;N;N;N;;FX;TBB;MIS;;;;;33.86;0.00;236.00;0.00;0.00;1030.00;400.00;2;1980-12-03;MFL;IRL;EX;PA;1980-01-01
NLD;NLD198000111;7907855;EXP;2012-04-20;2012-04-20;NLD198000111;GO-27;NOORDZEE;NLGDR;Goedereede;PDNX;Y;N;Y;N;N;N;;FX;TBB;MIS;;;;;34.18;0.00;239.00;0.00;0.00;1048.00;211.00;2;1980-09-29;MFL;GBR;EX;PA;1980-01-01
NLD;NLD198000118;;RET;2014-07-02;2014-07-02;NLD198000118;SCH-14;AJA;NLSCE;Scheveningen;;N;N;N;N;Y;N;;FX;GNS;OTB;;;;;7.68;0.00;1.00;0.00;0.00;37.00;0.00;3;2006-11-10;MFL;;;PA;1980-01-01
NLD;NLD198000187;7931052;EXP;2002-05-23;2002-05-23;NLD198000187;KG-7;CHRISTINA;NLKOG;Kortgene;PDKC;Y;N;Y;N;N;N;;FX;TBB;MIS;;;;;24.55;0.00;91.00;0.00;0.00;221.00;0.00;2;1980-08-01;4J4;IRL;EX;PA;1980-01-01
NLD;NLD198000218;;RET;1994-06-24;1994-06-24;NLD198000218;HD-190;HD-190;NLDHR;Den Helder;;N;N;N;N;N;N;;FX;FPO;NK;;;;;7.50;0.00;0.00;7.00;0.00;23.00;0.00;2;1980-09-09;Z18;;;PA;1980-01-01
NLD;NLD198000257;;RET;1989-11-30;1989-11-30;NLD198000257;NB-2;KEES;NLNBE;Nieuw-Beijerland;;N;N;N;N;N;N;;FX;FPO;LLS;;;;;9.50;0.00;0.00;5.00;0.00;74.00;0.00;2;1989-08-10;OVG;;;PA;1980-01-01
NLD;NLD198000349;;EXP;1990-05-21;1990-05-21;NLD198000349;TS-1;MARLEEN;NLWTE;West-Terschelling;PFWF;Y;N;N;N;N;N;;FX;TBB;MIS;;;;;34.72;0.00;0.00;228.55;0.00;662.00;0.00;2;1980-05-23;KUQ;CHL;EX;AC;1980-01-01
NLD;NLD198000372;;RET;2006-07-05;2006-07-05;NLD198000372;HA-25;GRIETJE;NLHAR;Harlingen;PCDI;Y;N;N;N;N;N;;FX;HMD;MIS;;;;;41.17;0.00;174.00;0.00;0.00;750.00;0.00;2;1982-01-26;MFL;;;PA;1980-01-01
NLD;NLD198000393;7912214;EXP;2015-11-10;2015-11-10;NLD198000393;SL-3;MARTHA LENA;NLSTD;Stellendam;PFWT;Y;N;Y;N;N;N;;FX;TBB;MIS;;;;;30.55;0.00;213.00;0.00;0.00;1035.00;262.00;2;1980-02-13;MFL;GBR;EX;PA;1980-01-01
NLD;NLD198000404;;RET;2006-03-22;2006-03-22;NLD198000404;IJM-11;POOLSTER;NLIJM;Ijmuiden/Velsen;PGUV;Y;N;Y;N;N;N;;FX;TBB;MIS;;;;;38.92;0.00;322.00;0.00;0.00;1471.00;0.00;2;1980-08-19;MFL;;;PA;1980-01-01
NLD;NLD198000446;;RET;2013-07-01;2013-07-01;NLD198000446;UK-244;JURIE SJOERD;NLURK;Urk;PIWE;Y;N;Y;N;N;N;;FX;GNS;GTN;;;;;17.60;0.00;51.00;0.00;0.00;220.00;0.00;2;1980-04-23;MFL;;;PA;1980-01-01
NLD;NLD198000455;7922348;MOD;2017-04-11;2100-12-31;NLD198000455;UK-37;URSA MINOR;NLURK;Urk;PICU;Y;Y;Y;Y;N;Y;245325000;MTS;OTB;OTM;;;;;35.34;0.00;336.00;0.00;0.00;1052.00;221.00;2;1980-05-10;MFL;;;;1980-01-01
NLD;NLD198000525;;DES;1996-04-17;1996-04-17;NLD198000525;GO-6;WISSELVALLIGHEID;NLGDR;Goedereede;PIRG;Y;N;N;N;N;N;;FX;TBB;MIS;;;;;40.00;0.00;384.00;0.00;0.00;1324.00;0.00;2;1980-12-04;E17;;;PA;1980-01-01
NLD;NLD198000535;;EXP;2001-03-09;2001-03-09;NLD198000535;ZZ-8;LEVINA WILHELMINA;NLZIE;Zierikzee;PFOK;Y;N;N;N;N;N;;FX;DRB;MIS;;;;;32.12;0.00;132.00;0.00;0.00;225.00;0.00;2;1980-12-04;4JZ;GBR;EX;PA;1980-01-01
NLD;NLD198000608;;RET;1992-12-11;1992-12-11;NLD198000608;TX-68;VERTROUWEN;NLTEX;Texel;PIFL;Y;N;N;N;N;N;;FX;TBB;MIS;;;;;36.48;0.00;0.00;266.30;0.00;1325.00;0.00;2;1980-12-04;E17;;;PA;1980-01-01
NLD;NLD198000640;;RET;1996-01-29;1996-01-29;NLD198000640;UK-52;VROUWTJE;NLURK;Urk;PDKW;Y;N;N;N;N;N;;FX;TBB;MIS;;;;;36.51;0.00;302.00;0.00;0.00;1103.00;162.00;2;1980-09-12;Z18;;;AC;1980-01-01
NLD;NLD198000707;;RET;1994-06-28;1994-06-28;NLD198000707;WR-148;GERRY;NLWRG;Wieringen/Den Oever;;N;N;N;N;N;N;;FX;GNS;MIS;;;;;12.40;0.00;0.00;11.00;0.00;59.00;0.00;2;1980-09-10;Z18;;;PA;1980-01-01
NLD;NLD198000724;;EXP;1990-02-01;1990-02-01;NLD198000724;UK-56;JACOBA;NLURK;Urk;PEYD;Y;N;N;N;N;N;;FX;TBB;MIS;;;;;39.86;0.00;399.00;0.00;0.00;3330.00;0.00;2;1980-07-30;KUQ;GBR;EX;PA;1980-01-01
NLD;NLD198000725;;DES;2008-01-26;2008-01-26;NLD198000725;GO-24;POOLSTER;NLGDR;Goedereede;PDJU;Y;N;Y;N;N;N;;FX;TBB;MIS;;;;;40.00;0.00;377.00;0.00;0.00;1471.00;0.00;2;1981-03-05;MFL;;;AC;1980-01-01
NLD;NLD198000788;;RET;2012-01-04;2012-01-04;NLD198000788;YE-32;CONCORDANCE;NLYSK;Yerseke;PF4083;Y;N;N;N;N;N;;FX;DRB;HMD;;;;;32.65;0.00;112.00;0.00;0.00;328.00;0.00;2;1980-05-06;AQU;;;PA;1980-01-01
NLD;NLD198000872;7904798;DES;2023-07-27;2023-07-27;NLD198000872;UK-177;CORNELIS EVERT;NLURK;Urk;PDLD;Y;N;Y;Y;N;Y;245530000;TU;TBB;OTB;;;;;30.05;0.00;184.00;0.00;0.00;662.00;0.00;2;1980-09-16;MFL;;;AC;1980-01-01
NLD;NLD198000875;;EXP;2002-04-22;2002-04-22;NLD198000875;TX-9;DEO JUVANTE;NLTEX;Texel;PDPM;Y;N;Y;N;N;N;;FX;TBB;MIS;;;;;39.94;0.00;409.00;0.00;0.00;1467.00;450.00;2;1981-08-27;4JZ;AUS;;AC;1980-01-01
NLD;NLD198000882;8136207;MOD;2015-04-17;2100-12-31;NLD198000882;HON-14;ALFOBERT;NLHTN;Hontenisse;PEAW;Y;Y;N;N;N;N;;FX;DRB;MIS;;;;;33.98;0.00;155.00;0.00;0.00;459.00;220.00;2;1980-11-05;AQU;;;;1980-01-01
NLD;NLD198000914;;RET;1994-06-27;1994-06-27;NLD198000914;TH-14;TH-14;NLTHO;Tholen;;N;N;N;N;N;N;;FX;NK;MIS;;;;;7.50;0.00;0.00;3.00;0.00;12.00;0.00;2;1981-08-11;Z18;;;PA;1980-01-01
NLD;NLD198000932;;DES;2008-01-26;2008-01-26;NLD198000932;UK-202;MATTHEUS;NLURK;Urk;PFWX;Y;N;Y;N;N;N;;FX;TBB;FPO;;;;;36.51;0.00;299.00;0.00;0.00;1323.00;467.00;2;1980-09-02;MFL;;;AC;1980-01-01
NLD;NLD198000949;;EXP;1990-05-21;1990-05-21;NLD198000949;UK-256;HERMINA;NLURK;Urk;PERB;Y;N;N;N;N;N;;FX;OTB;TBB;;;;;39.86;0.00;0.00;338.44;0.00;1765.00;0.00;2;1980-12-10;KUQ;GBR;EX;PA;1980-01-01
NLD;NLD198000951;;RET;1997-08-12;1997-08-12;NLD198000951;UK-224;WILHELMINA;NLURK;Urk;PIPS;Y;N;N;N;N;N;;FX;TBB;MIS;;;;;36.51;0.00;291.00;0.00;0.00;1177.00;176.00;2;1980-08-26;4J7;;;AC;1980-01-01
NLD;NLD198000980;;DES;1996-02-19;1996-02-19;NLD198000980;UK-114;LUMMETJE;NLURK;Urk;PFQF;Y;N;N;N;N;N;;FX;TBB;MIS;;;;;36.52;0.00;304.00;0.00;0.00;1103.00;0.00;2;1980-07-31;E17;;;PA;1980-01-01
NLD;NLD198000991;7931284;RET;2018-02-27;2018-02-27;NLD198000991;HD-70;HANNY;NLDHR;Den Helder;PIGE;Y;N;Y;Y;N;Y;246107000;MO;TBB;MIS;;;;;40.00;0.00;373.00;0.00;0.00;1469.00;0.00;2;1981-07-01;MFL;;;PA;1980-01-01
NLD;NLD198001003;;RET;2005-06-01;2005-06-01;NLD198001003;GO-50;ZILVERMEEUW;NLGDR;Goedereede;PGSL;Y;N;N;N;N;N;;FX;TBB;OTB;;;;;39.86;0.00;349.00;0.00;0.00;1325.00;375.00;2;1980-04-18;MFL;;;PA;1980-01-01
NLD;NLD198001005;;RET;1997-02-05;1997-02-05;NLD198001005;UK-300;MARRETJE;NLURK;Urk;PFVQ;Y;N;N;N;N;N;;FX;TBB;MIS;;;;;39.62;0.00;330.00;0.00;0.00;1471.00;331.00;2;1980-05-16;4J7;;;AC;1980-01-01
NLD;NLD198001011;;EXP;2002-05-15;2002-05-15;NLD198001011;UK-317;KLAASJE CATHARINA;NLURK;Urk;PFJS;Y;N;Y;N;N;N;;FX;TBB;MIS;;;;;40.52;0.00;353.00;0.00;0.00;1618.00;0.00;2;1981-06-02;4JZ;NAM;;AC;1980-01-01
NLD;NLD198001080;;RET;1994-06-28;1994-06-28;NLD198001080;WR-56;ORKNEY LONGLINER;NLWRG;Wieringen/Den Oever;;N;N;N;N;N;N;;FX;FPO;GNS;;;;;4.90;0.00;0.00;1.74;0.00;6.00;0.00;3;1990-07-17;Z18;;;PA;1980-01-01
NLD;NLD198001111;;RET;2008-02-01;2008-02-01;NLD198001111;ZK-29;PATRICIA;NLZOT;Zoutkamp;;N;N;N;N;Y;N;;FX;FPO;MIS;;;;;4.82;0.00;1.00;0.00;0.00;8.00;0.00;2;1990-11-21;MFL;;;PA;1980-01-01
NLD;NLD198001136;;RET;1994-09-08;1994-09-08;NLD198001136;VLI-3;MARIANNE;NLVLI;Vlissingen;;N;N;N;N;N;N;;FX;GNS;LLS;;;;;5.28;0.00;0.00;2.10;0.00;6.00;0.00;3;1990-12-18;E17;;;PA;1980-01-01
NLD;NLD198001172;;CHA;2011-02-25;2100-12-31;NLD198001172;IJM-304;LIZZY;NLIJM;Ijmuiden/Velsen;;N;Y;N;N;Y;N;;GO;GNS;LHP;;;;;6.95;0.00;1.00;0.00;0.00;14.00;0.00;3;2011-02-25;MFL;;;;1980-01-01
NLD;NLD198001181;;RET;1994-09-08;1994-09-08;NLD198001181;WR-105;STERN;NLWRG;Wieringen/Den Oever;;N;N;N;N;N;N;;FX;NK;MIS;;;;;4.20;0.00;0.00;1.33;0.00;22.00;0.00;3;1991-02-14;E17;;;PA;1980-01-01
NLD;NLD198001194;;RET;1993-04-06;1993-04-06;NLD198001194;WR-96;PIETER JANINE;NLWRG;Wieringen/Den Oever;;N;N;N;N;N;N;;FX;TBB;GNS;;;;;5.10;0.00;0.00;0.45;0.00;21.00;0.00;3;1991-03-11;Z18;;;PA;1980-01-01
NLD;NLD198001205;;MOD;2018-02-21;2100-12-31;NLD198001205;GO-11;SOLI DEO GLORIA;NLGDR;Goedereede;;N;Y;N;N;Y;Y;244670090;MTG;OTB;LHP;;;;;11.98;0.00;14.00;0.00;0.00;98.00;0.00;2;2011-12-15;MFL;;;;1980-01-01
NLD;NLD198001214;;RET;1994-06-28;1994-06-28;NLD198001214;OD-25;ZEEROB;NLGDO;Goedereede-Ouddorp;;N;N;N;N;N;N;;FX;TBB;OTB;;;;;7.00;0.00;0.00;2.38;0.00;7.00;0.00;2;1991-03-26;Z18;;;PA;1980-01-01
NLD;NLD198001232;;RET;1994-06-28;1994-06-28;NLD198001232;OD-31;VISSIE;NLGDO;Goedereede-Ouddorp;;N;N;N;N;N;N;;FX;TBB;MIS;;;;;4.60;0.00;0.00;1.54;0.00;6.00;0.00;3;1991-04-12;Z18;;;PA;1980-01-01
NLD;NLD198001266;;RET;1994-06-23;1994-06-23;NLD198001266;GO-27;ZWERVER;NLGDR;Goedereede;;N;N;N;N;N;N;;FX;GNS;OTM;;;;;5.50;0.00;0.00;0.78;0.00;28.00;0.00;3;1991-05-14;Z18;;;PA;1980-01-01
NLD;NLD198001267;;RET;1994-06-23;1994-06-23;NLD198001267;GO-42;GO-42;NLGDR;Goedereede;;N;N;N;N;N;N;;FX;TBB;OTB;;;;;5.20;0.00;0.00;1.88;0.00;37.00;0.00;3;1991-05-14;Z18;;;PA;1980-01-01
NLD;NLD198001293;;RET;1994-06-27;1994-06-27;NLD198001293;SCH-96;STERN;NLSCE;Scheveningen;;N;N;N;N;N;N;;FX;GNS;OTB;;;;;5.35;0.00;0.00;2.22;0.00;45.00;0.00;3;1991-05-22;Z18;;;PA;1980-01-01
NLD;NLD198001297;;RET;1994-06-27;1994-06-27;NLD198001297;SCH-237;EVENAAR;NLSCE;Scheveningen;;N;N;N;N;N;N;;FX;TBB;PTM;;;;;4.65;0.00;0.00;5.98;0.00;14.00;0.00;3;1991-05-22;Z18;;;PA;1980-01-01
NLD;NLD198001329;;RET;1994-06-24;1994-06-24;NLD198001329;HD-72;MIKE;NLDHR;Den Helder;;N;N;N;N;N;N;;FX;GNS;TBB;;;;;5.20;0.00;0.00;1.59;0.00;15.00;2.00;1;1991-06-07;Z18;;;PA;1980-01-01
NLD;NLD198001338;;RET;1994-06-28;1994-06-28;NLD198001338;KW-235;DEINING;NLKWK;Katwijk;;N;N;N;N;N;N;;FX;LLS;OTB;;;;;5.50;0.00;0.00;1.42;0.00;30.00;0.00;3;1991-06-10;Z18;;;PA;1980-01-01
NLD;NLD198001341;;RET;1994-06-28;1994-06-28;NLD198001341;KW-242;CALYPSO;NLKWK;Katwijk;;N;N;N;N;N;N;;FX;TBB;GNS;;;;;4.25;0.00;0.00;1.09;0.00;30.00;0.00;3;1991-06-10;Z18;;;PA;1980-01-01
NLD;NLD198001342;;RET;1993-10-12;1993-10-12;NLD198001342;KW-243;PANCRAS;NLKWK;Katwijk;;N;N;N;N;N;N;;FX;TBB;OTB;;;;;4.20;0.00;0.00;1.62;0.00;30.00;0.00;3;1991-06-10;Z18;;;PA;1980-01-01
NLD;NLD198001349;;RET;1994-06-27;1994-06-27;NLD198001349;SCH-86;CORRIE;NLSCE;Scheveningen;;N;N;N;N;N;N;;FX;TBB;NK;;;;;4.15;0.00;0.00;1.28;0.00;22.00;0.00;3;1991-06-11;Z18;;;PA;1980-01-01
NLD;NLD198001379;;RET;1994-06-27;1994-06-27;NLD198001379;VLI-37;WK 253;NLVLI;Vlissingen;;N;N;N;N;N;N;;FX;TBB;MIS;;;;;5.18;0.00;0.00;1.09;0.00;18.00;0.00;3;1991-06-13;Z18;;;PA;1980-01-01
NLD;NLD198001381;;RET;1991-09-19;1991-09-19;NLD198001381;VLI-39;AGNES;NLVLI;Vlissingen;;N;N;N;N;N;N;;FX;TBB;MIS;;;;;7.35;0.00;0.00;3.97;0.00;11.00;0.00;3;1991-06-14;OVG;;;PA;1980-01-01
NLD;NLD198001384;;RET;1994-06-28;1994-06-28;NLD198001384;WR-62;WR-62;NLWRG;Wieringen/Den Oever;;N;N;N;N;N;N;;FX;FPO;NK;;;;;5.00;0.00;0.00;0.96;0.00;4.00;0.00;2;1991-06-14;Z18;;;PA;1980-01-01
NLD;NLD198001385;;RET;1994-06-23;1994-06-23;NLD198001385;DZ-14;WADDENFLEUR;NLDZL;Delfzijl;;N;N;N;N;N;N;;FX;TBB;NK;;;;;5.18;0.00;0.00;1.55;0.00;45.00;0.00;3;1991-06-17;Z18;;;PA;1980-01-01
NLD;NLD198001408;;RET;1998-09-03;1998-09-03;NLD198001408;IJM-301;CONDOR;NLIJM;Ijmuiden/Velsen;;N;N;N;N;N;N;;FX;TBB;GNS;;;;;8.85;0.00;0.00;6.39;0.00;71.00;0.00;3;1991-06-19;4J7;;;PA;1980-01-01
NLD;NLD198001412;;RET;1994-06-27;1994-06-27;NLD198001412;IJM-313;BOET;NLIJM;Ijmuiden/Velsen;;N;N;N;N;N;N;;FX;TBB;GNS;;;;;4.88;0.00;0.00;1.28;0.00;10.00;0.00;3;1991-06-20;Z18;;;PA;1980-01-01
NLD;NLD198001423;;RET;1994-06-27;1994-06-27;NLD198001423;TX-82;PANDION;NLTEX;Texel;;N;N;N;N;N;N;;FX;LLS;OTB;;;;;5.00;0.00;0.00;2.58;0.00;37.00;0.00;3;1991-06-24;Z18;;;PA;1980-01-01
NLD;NLD198001443;;RET;1994-06-27;1994-06-27;NLD198001443;SCH-107;VOOR ELKAAR;NLSCE;Scheveningen;;N;N;N;N;N;N;;FX;GNS;LLS;;;;;4.60;0.00;0.00;2.13;0.00;45.00;0.00;3;1991-06-25;Z18;;;PA;1980-01-01
NLD;NLD198001496;;RET;1994-06-27;1994-06-27;NLD198001496;TX-73;RENTEVREUGD;NLTEX;Texel;;N;N;N;N;N;N;;FX;GNS;OTB;;;;;5.70;0.00;0.00;2.12;0.00;50.00;0.00;3;1991-08-26;Z18;;;PA;1980-01-01
NLD;NLD198001507;;RET;1993-08-26;1993-08-26;NLD198001507;HON-25;JAF;NLHTN;Hontenisse;;N;N;N;N;N;N;;FX;TBB;MIS;;;;;12.02;0.00;0.00;25.55;0.00;76.00;0.00;2;1991-09-13;Z18;;;PA;1980-01-01
NLD;NLD198001523;;MOD;2005-01-01;2100-12-31;NLD198001523;TX-168;NELLIE;NLTEX;Texel;;N;Y;N;N;Y;N;;MO;OTB;MIS;;;;;5.43;0.00;1.00;0.00;0.00;11.00;0.00;1;1991-09-30;MFL;;;;1980-01-01
NLD;NLD198001543;;RET;1992-10-14;1992-10-14;NLD198001543;VD-306;POOLSTER;NLVOD;Volendam;;N;N;N;N;N;N;;FX;TBB;FPO;;;;;9.95;0.00;0.00;8.47;0.00;39.00;0.00;2;1991-10-14;Z18;;;PA;1980-01-01
NLD;NLD198001549;;RET;1994-08-03;1994-08-03;NLD198001549;HD-63;HARMTJE;NLDHR;Den Helder;;N;N;N;N;N;N;;FX;TBB;MIS;;;;;12.50;0.00;0.00;20.64;0.00;75.00;0.00;2;1991-10-16;Z18;;;PA;1980-01-01
NLD;NLD198001570;;RET;1994-06-27;1994-06-27;NLD198001570;IJM-338;MOSK;NLIJM;Ijmuiden/Velsen;;N;N;N;N;N;N;;FX;GNS;OTM;;;;;4.80;0.00;0.00;1.34;0.00;11.00;0.00;3;1991-10-30;Z18;;;PA;1980-01-01
NLD;NLD198001593;;RET;1994-03-17;1994-03-17;NLD198001593;DZ-17;OTERDAM;NLDZL;Delfzijl;;N;N;N;N;N;N;;FX;TBB;NK;;;;;5.80;0.00;0.00;0.81;0.00;25.00;0.00;3;1991-12-12;Z18;;;PA;1980-01-01
NLD;NLD198001603;;RET;1992-09-09;1992-09-09;NLD198001603;HD-103;HD-103;NLDHR;Den Helder;;N;N;N;N;N;N;;FX;GNS;TBB;;;;;5.10;0.00;0.00;1.45;0.00;18.00;0.00;3;1992-01-16;Z18;;;PA;1980-01-01
NLD;NLD198001613;;RET;1994-06-28;1994-06-28;NLD198001613;WR-155;KOKKEL;NLWRG;Wieringen/Den Oever;;N;N;N;N;N;N;;FX;GNS;LLS;;;;;10.20;0.00;0.00;18.94;0.00;22.00;0.00;2;1992-02-17;Z18;;;PA;1980-01-01
NLD;NLD198001638;;RET;1994-06-27;1994-06-27;NLD198001638;UK-249;INGRID;NLURK;Urk;;N;N;N;N;N;N;;FX;FPO;GNS;;;;;5.10;0.00;0.00;1.12;0.00;8.00;0.00;3;1992-05-21;Z18;;;PA;1980-01-01
NLD;NLD198001659;;RET;1994-06-23;1994-06-23;NLD198001659;HA-78;FAMKE;NLHAR;Harlingen;;N;N;N;N;N;N;;FX;NK;MIS;;;;;6.30;0.00;0.00;0.85;0.00;22.00;0.00;3;1992-06-24;Z18;;;PA;1980-01-01
NLD;NLD198001714;;RET;1994-06-24;1994-06-24;NLD198001714;HON-40;VITA NOVA;NLHTN;Hontenisse;;N;N;N;N;N;N;;FX;TBB;MIS;;;;;8.50;0.00;0.00;7.24;0.00;37.00;0.00;2;1992-11-11;Z18;;;PA;1980-01-01
NLD;NLD198001716;;RET;1994-06-27;1994-06-27;NLD198001716;TX-44;ZUIDERZEE;NLTEX;Texel;;N;N;N;N;N;N;;FX;NK;MIS;;;;;5.80;0.00;0.00;1.97;0.00;18.00;0.00;3;1992-11-19;Z18;;;PA;1980-01-01
NLD;NLD198001718;;RET;1994-06-24;1994-06-24;NLD198001718;HON-9;LUDE;NLHTN;Hontenisse;;N;N;N;N;N;N;;FX;TBB;FPO;;;;;11.30;0.00;0.00;11.54;0.00;59.00;0.00;2;1992-11-20;Z18;;;PA;1980-01-01
NLD;NLD198001727;;RET;1994-06-28;1994-06-28;NLD198001727;WK-6;HINKE VAN OEKE;NLWKU;Workum;;N;N;N;N;N;N;;FX;GNS;LLS;;;;;9.80;0.00;0.00;10.00;0.00;35.00;0.00;2;1993-01-14;Z18;;;PA;1980-01-01
NLD;NLD198001752;;RET;1994-06-24;1994-06-24;NLD198001752;HD-55;AB;NLDHR;Den Helder;;N;N;N;N;N;N;;FX;TBB;NK;;;;;5.20;0.00;0.00;1.72;0.00;12.00;0.00;3;1993-03-02;Z18;;;PA;1980-01-01
NLD;NLD198001773;;RET;1994-10-20;1994-10-20;NLD198001773;KW-38;CORDIJKE;NLKWK;Katwijk;;N;N;N;N;N;N;;FX;OTB;MIS;;;;;7.00;0.00;0.00;1.35;0.00;7.00;0.00;3;1993-05-11;E17;;;PA;1980-01-01
NLD;NLD198001775;;RET;1994-06-28;1994-06-28;NLD198001775;YE-64;GUL;NLYSK;Yerseke;;N;N;N;N;N;N;;FX;FPO;NK;;;;;7.20;0.00;0.00;7.66;0.00;40.00;0.00;3;1993-05-27;Z18;;;PA;1980-01-01
NLD;NLD198001785;;RET;1994-06-28;1994-06-28;NLD198001785;WR-96;PIETER JANINE;NLWRG;Wieringen/Den Oever;;N;N;N;N;N;N;;FX;TBB;GNS;;;;;5.20;0.00;0.00;0.80;0.00;29.00;4.00;3;1993-06-08;Z18;;;PA;1980-01-01
NLD;NLD198001811;;RET;1994-06-24;1994-06-24;NLD198001811;HN-5;ZWARTE ZEE;NLHRN;Hoorn;;N;N;N;N;N;N;;FX;TBB;NK;;;;;11.20;0.00;0.00;14.00;0.00;74.00;4.00;2;1993-07-29;Z18;;;PA;1980-01-01
NLD;NLD198001877;;MOD;2011-01-01;2100-12-31;NLD198001877;WR-26;JANNIE;NLWRG;Wieringen/Den Oever;;N;Y;N;N;Y;N;;LH;FPO;MIS;;;;;4.75;0.00;1.00;0.00;0.00;4.00;0.00;2;1994-09-12;MFL;;;;1980-01-01
NLD;NLD198001911;;RET;2018-06-29;2018-06-29;NLD198001911;BR-58;DENNIS;NLBRS;Breskens;;N;N;N;N;Y;N;;FX;TBB;MIS;;;;;5.10;0.00;1.00;0.00;0.00;8.00;0.00;3;1995-03-10;MFL;;;PA;1980-01-01
NLD;NLD198001925;;RET;1996-08-26;1996-08-26;NLD198001925;VD-195;MAARTJE;NLVOD;Volendam;;N;N;N;N;N;N;;FX;GNS;LLS;;;;;6.00;0.00;0.00;8.45;0.00;7.00;0.00;2;1995-05-17;Z18;;;PA;1980-01-01
NLD;NLD198001930;;RET;1998-09-03;1998-09-03;NLD198001930;VD-4;ALIDA;NLVOD;Volendam;;N;N;N;N;N;N;;FX;GNS;LLS;;;;;6.00;0.00;0.00;3.10;0.00;30.00;0.00;2;1995-06-14;4JZ;;;PA;1980-01-01
NLD;NLD198001937;;MOD;2005-01-01;2100-12-31;NLD198001937;IJM-305;DE EEUWIGE DRIFT;NLIJM;Ijmuiden/Velsen;;N;Y;N;N;Y;N;;GO;GNS;LLS;;;;;4.87;0.00;1.00;0.00;0.00;11.00;0.00;3;1995-09-18;MFL;;;;1980-01-01
NLD;NLD198001949;;RET;2001-03-19;2001-03-19;NLD198001949;ARM-2;ZWERVER;NLARM;Arnemuiden;;N;N;N;N;N;N;;FX;GNS;OTB;;;;;9.09;0.00;5.00;0.00;0.00;58.00;0.00;3;1995-11-30;4J5;;;PA;1980-01-01
NLD;NLD198001964;;RET;2010-02-05;2010-02-05;NLD198001964;WR-231;AMSTELDIEP;NLWRG;Wieringen/Den Oever;;N;N;N;N;Y;N;;FX;PS;OTM;;;;;5.30;0.00;1.00;0.00;0.00;11.00;0.00;1;1996-03-14;MFL;;;PA;1980-01-01
NLD;NLD198001979;;MOD;2017-07-30;2100-12-31;NLD198001979;WR-44;ANNEKE V;NLWRG;Wieringen/Den Oever;;N;Y;N;N;Y;N;;TU;OTB;MIS;;;;;5.75;0.00;1.00;0.00;0.00;4.00;0.00;1;1996-05-13;MFL;;;;1980-01-01
NLD;NLD198002039;;RET;2005-06-01;2005-06-01;NLD198002039;WR-289;BONAFIDE;NLWRG;Wieringen/Den Oever;;N;N;N;N;Y;N;;FX;GNS;FPO;;;;;4.17;0.00;1.00;0.00;0.00;2.00;0.00;4;1997-02-04;MFL;;;PA;1980-01-01
NLD;NLD198002060;;RET;2001-04-01;2001-04-01;NLD198002060;SL-31;VALERIE;NLSTD;Stellendam;;N;N;N;N;N;N;;FX;GNS;OTB;;;;;7.48;0.00;2.00;0.00;0.00;15.00;0.00;2;1997-06-16;4J5;;;PA;1980-01-01
NLD;NLD198002098;;RET;1998-10-08;1998-10-08;NLD198002098;SCH-3;VERKADE;NLSCE;Scheveningen;;N;N;N;N;N;N;;FX;GNS;MIS;;;;;4.20;0.00;0.00;1.08;0.00;28.00;0.00;3;1998-04-07;4J7;;;PA;1980-01-01
NLD;NLD198002124;;RET;2001-04-01;2001-04-01;NLD198002124;IJM-7;LEENTJE;NLIJM;Ijmuiden/Velsen;;N;N;N;N;N;N;;FX;GND;TBB;;;;;5.18;0.00;1.00;0.00;0.00;29.00;0.00;3;1998-10-05;4J7;;;PA;1980-01-01
NLD;NLD198002145;;RET;2000-04-01;2000-04-01;NLD198002145;WR-74;RANA;NLWRG;Wieringen/Den Oever;;N;N;N;N;N;N;;FX;NK;MIS;;;;;5.18;0.00;1.00;0.00;0.00;15.00;0.00;4;1998-11-18;4J7;;;PA;1980-01-01
NLD;NLD198002167;;RET;2001-04-01;2001-04-01;NLD198002167;IJM-14;ZWAPA;NLIJM;Ijmuiden/Velsen;;N;N;N;N;N;N;;FX;GNS;OTB;;;;;4.95;0.00;1.00;0.00;0.00;11.00;0.00;3;1999-01-22;4J7;;;PA;1980-01-01
NLD;NLD198002190;;RET;2001-04-12;2001-04-12;NLD198002190;OD-56;SUFFICIENT;NLGDO;Goedereede-Ouddorp;;N;N;N;N;N;N;;FX;GNS;MIS;;;;;12.71;0.00;17.00;0.00;0.00;9.00;0.00;2;1999-03-22;4J7;;;PA;1980-01-01
NLD;NLD198002580;;RET;2004-06-28;2004-06-28;NLD198002580;VLI-2;TWEETY;NLVLI;Vlissingen;;N;N;N;N;Y;N;;FX;GNS;MIS;;;;;6.60;0.00;1.00;0.00;0.00;11.20;0.00;3;2000-05-25;MFL;;;PA;1980-01-01
NLD;NLD198002584;;RET;2001-04-01;2001-04-01;NLD198002584;WSW-8;MARIANNE III;NLWSW;Westenschouwen;;N;N;N;N;N;N;;FX;GNS;MIS;;;;;9.80;0.00;5.00;0.00;0.00;55.00;0.00;3;2000-06-06;4J7;;;PA;1980-01-01
NLD;NLD198002585;;RET;2000-11-28;2000-11-28;NLD198002585;GO-81;SJORS;NLGDR;Goedereede;;N;N;N;N;N;N;;FX;GNS;MIS;;;;;4.12;0.00;1.00;0.00;0.00;40.00;0.00;3;2000-06-08;4J7;;;PA;1980-01-01
NLD;NLD198072143;;CHA;2023-11-24;2100-12-31;NLD198072143;BR-27;PETER;NLBRS;Breskens;;N;Y;N;N;Y;N;;MO;OTB;TBB;;;;;9.99;0.00;5.00;0.00;0.00;116.00;0.00;2;2023-11-24;MFL;;;;1980-01-01
NLD;NLD198100026;8431451;MOD;2010-11-12;2100-12-31;NLD198100026;WR-7;JOHANNA;NLWRG;Wieringen/Den Oever;PFDU;Y;Y;Y;Y;N;Y;244668000;MO;TBB;SPR;;;;;24.45;0.00;95.00;0.00;0.00;221.00;92.00;2;1981-09-03;MFL;;;;1981-01-01
NLD;NLD198100039;;RET;2018-08-09;2018-08-09;NLD198100039;HK-173;GERRIT SR.;NLHRD;Harderwijk;P14022;Y;N;Y;N;N;Y;244770959;WO;FPO;MIS;;;;;14.98;0.00;19.00;0.00;0.00;145.00;62.00;2;1983-08-03;MFL;;;PA;1981-01-01
NLD;NLD198100040;;EXP;1997-08-26;1997-08-26;NLD198100040;UK-287;JOHANNES CALVIJN;NLURK;Urk;PFEA;Y;N;N;N;N;N;;FX;TBB;MIS;;;;;39.94;0.00;407.00;0.00;0.00;1765.00;0.00;2;1981-12-02;4J7;GBR;EX;PA;1981-01-01
NLD;NLD198100045;;RET;2006-12-01;2006-12-01;NLD198100045;BZ-3;CORNELIA;NLBZM;Bergse Diepsluis/Bergen Op Zoom;PE9708;Y;N;N;N;N;N;;FX;HMD;MIS;;;;;40.14;0.00;169.00;0.00;0.00;474.00;0.00;2;1981-07-07;MFL;;;PA;1981-01-01
NLD;NLD198100061;;EXP;1993-01-08;1993-01-08;NLD198100061;GO-3;GEORGE KLAZINA;NLGDR;Goedereede;PEHU;Y;N;N;N;N;N;;FX;TBB;MIS;;;;;37.05;0.00;0.00;266.45;0.00;1103.00;0.00;2;1981-11-13;E17;GBR;EX;PA;1981-01-01
NLD;NLD198100078;8022664;EXP;1998-12-16;1998-12-16;NLD198100078;GO-7;JACOB;NLGDR;Goedereede;PEYK;Y;N;N;N;N;N;;FX;TBB;MIS;;;;;36.05;0.00;266.00;0.00;0.00;1260.00;482.00;2;1981-12-29;4J3;IRL;EX;PA;1981-01-01
NLD;NLD198100181;8008371;MOD;2017-05-30;2100-12-31;NLD198100181;OD-3;ADRIANNE;NLGDO;Goedereede-Ouddorp;PFWH;Y;Y;Y;Y;N;Y;245617000;MO;TBB;OTB;;;;;23.85;0.00;91.00;0.00;0.00;221.00;0.00;2;1981-11-19;MFL;;;;1981-01-01
NLD;NLD198100212;;EXP;1991-08-07;1991-08-07;NLD198100212;LE-63;SOLI DEO GLORIA;NLLEM;Lemsterland;PNPV;Y;N;N;N;N;N;;FX;OTB;TBB;;;;;39.94;0.00;0.00;346.04;0.00;1654.00;0.00;2;1981-03-25;KUQ;GBR;EX;PA;1981-01-01
NLD;NLD198100240;;EXP;1994-12-23;1994-12-23;NLD198100240;KW-220;ALIDA;NLKWK;Katwijk;PCLK;Y;N;N;N;N;N;;FX;PTB;TBB;;;;;39.30;0.00;322.00;0.00;0.00;1545.00;0.00;2;1981-05-26;Z18;GBR;EX;PA;1981-01-01
NLD;NLD198100244;;RET;1997-07-11;1997-07-11;NLD198100244;ME-3;DE TIJD ZAL HET LEREN;NLMDM;Medemblik;;N;N;N;N;N;N;;FX;NK;MIS;;;;;10.95;0.00;0.00;15.00;0.00;88.00;0.00;2;1981-07-15;4J7;;;PA;1981-01-01
NLD;NLD198100273;;RET;2006-11-06;2006-11-06;NLD198100273;OD-4;NOORDZEE;NLGDO;Goedereede-Ouddorp;PF9985;Y;N;N;N;N;N;;FX;HMD;MIS;;;;;40.81;0.00;172.00;0.00;0.00;640.00;500.00;2;1981-08-18;MFL;;;PA;1981-01-01
NLD;NLD198100274;;MOD;2012-03-02;2100-12-31;NLD198100274;HA-77;BDS TRANSPORTER;NLHAR;Harlingen;PF9910;Y;Y;N;N;N;N;;FX;DRB;DRH;;;;;36.44;0.00;128.00;0.00;0.00;470.00;270.00;2;1981-09-15;AQU;;;PA;1981-01-01
NLD;NLD198100299;8026335;EXP;2012-11-26;2012-11-26;NLD198100299;WR-115;MARIJKE;NLWRG;Wieringen/Den Oever;PFWP;Y;N;Y;N;N;N;;FX;OTT;OTB;;;;;26.50;0.00;180.00;0.00;0.00;588.00;130.00;2;1981-12-17;MFL;GBR;EX;PA;1981-01-01
NLD;NLD198100312;;EXP;2009-12-21;2009-12-21;NLD198100312;KW-170;ANNIE HILLINA;NLKWK;Katwijk;PCSD;Y;N;Y;N;N;N;;FX;OTM;MIS;;;;;86.33;0.00;2417.00;0.00;0.00;2863.00;1990.00;2;1981-10-14;MFL;DEU;EX;PA;1981-01-01
NLD;NLD198100344;;EXP;1994-07-15;1994-07-15;NLD198100344;SCH-33;JOHANNA MARIA;NLSCE;Scheveningen;PFEL;Y;N;N;N;N;N;;FX;OTM;MIS;;;;;71.25;0.00;0.00;937.11;0.00;2354.00;0.00;2;1981-07-08;E16;FRA;EX;PA;1981-01-01
NLD;NLD198100422;8008357;DES;2023-05-11;2023-05-11;NLD198100422;TH-6;JOHANNA CORNELIA;NLTHO;Tholen;PFDD;Y;N;Y;Y;N;Y;244907000;TU;TBB;FPO;;;;;23.95;0.00;88.00;0.00;0.00;221.00;110.00;2;1981-05-25;MFL;;;AC;1981-01-01
NLD;NLD198100488;;MOD;2017-02-28;2100-12-31;NLD198100488;YE-41;GOEDE HOOP;NLYSK;Yerseke;;N;Y;N;N;N;N;;FX;LLD;MIS;;;;;17.70;0.00;25.00;0.00;0.00;110.00;12.00;2;1981-05-15;AQU;;;;1981-01-01
NLD;NLD198100522;;DES;2008-01-26;2008-01-26;NLD198100522;OD-8;EBEN HAEZER;NLGDO;Goedereede-Ouddorp;PDUI;Y;N;Y;N;N;N;;FX;TBB;MIS;;;;;40.55;0.00;338.00;0.00;0.00;1471.00;515.00;2;1981-06-25;MFL;;;AC;1981-01-01
NLD;NLD198100545;8008319;MOD;2017-05-19;2100-12-31;NLD198100545;WR-244;HENK JAN;NLWRG;Wieringen/Den Oever;PEYY;Y;Y;Y;Y;N;Y;244659000;MO;TBB;OTB;;;;;24.45;0.00;113.00;0.00;0.00;221.00;0.00;2;1981-03-24;MFL;;;;1981-01-01
NLD;NLD198100565;;RET;2005-11-06;2005-11-06;NLD198100565;UK-22;STELLE POLARIS;NLURK;Urk;PHSU;Y;N;Y;N;N;N;;FX;SSC;MIS;;;;;24.94;0.00;107.00;0.00;0.00;441.00;30.00;2;1981-06-29;MFL;;;AC;1981-01-01
NLD;NLD198100602;;EXP;1991-01-29;1991-01-29;NLD198100602;UK-172;SURSUM CORDA;NLURK;Urk;PHVE;Y;N;N;N;N;N;;FX;TBB;MIS;;;;;38.25;0.00;0.00;283.28;0.00;1325.00;0.00;2;1981-06-02;KUQ;GBR;EX;PA;1981-01-01
NLD;NLD198100630;;EXP;1991-06-21;1991-06-21;NLD198100630;UK-34;BERENDINA;NLURK;Urk;PDAU;Y;N;N;N;N;N;;FX;OTB;TBB;;;;;37.39;0.00;0.00;277.48;0.00;1324.00;0.00;2;1981-06-29;KUQ;GBR;EX;PA;1981-01-01
NLD;NLD198100678;;EXP;2001-05-31;2001-05-31;NLD198100678;SL-14;CHRISTINA DEBORA;NLSTD;Stellendam;PDKJ;Y;N;N;N;N;N;;FX;TBB;MIS;;;;;38.77;0.00;329.00;0.00;0.00;1324.00;295.00;2;1981-09-09;4J3;ZAF;;AC;1981-01-01
NLD;NLD198100687;;RET;2001-09-03;2001-09-03;NLD198100687;YE-5;ZILVERMEEUW;NLYSK;Yerseke;PIYK;Y;N;N;N;N;N;;FX;DRB;MIS;;;;;37.58;0.00;193.00;0.00;0.00;590.00;150.00;2;1981-12-18;4JZ;;;PA;1981-01-01
NLD;NLD198100711;;RET;1995-06-08;1995-06-08;NLD198100711;WR-154;MARGARETHA;NLWRG;Wieringen/Den Oever;;N;N;N;N;N;N;;FX;NK;MIS;;;;;9.60;0.00;0.00;6.00;0.00;22.00;0.00;2;1983-10-20;Z18;;;PA;1981-01-01
NLD;NLD198100799;8135899;MOD;2019-01-01;2100-12-31;NLD198100799;WR-82;GERDIA;NLWRG;Wieringen/Den Oever;PEHN;Y;Y;Y;Y;N;Y;244077000;DM;DRM;MIS;;;;;41.38;0.00;221.00;0.00;0.00;948.00;513.00;2;1983-08-12;MFL;;;;1981-01-01
NLD;NLD198100806;8008321;EXP;1990-03-19;1990-03-19;NLD198100806;YE-161;ENTERPRISE;NLYSK;Yerseke;;N;N;N;N;N;N;;FX;DRB;MIS;;;;;32.18;0.00;0.00;139.71;0.00;221.00;0.00;2;1981-07-20;SDV;GBR;EX;PA;1981-01-01
NLD;NLD198100817;;RET;1998-09-03;1998-09-03;NLD198100817;UK-157;JOHANNA JURIANNA;NLURK;Urk;PFDX;Y;N;N;N;N;N;;FX;OTB;TBB;;;;;40.08;0.00;0.00;373.58;0.00;1765.00;0.00;2;1981-12-02;4J7;;;PA;1981-01-01
NLD;NLD198100828;;RET;2002-05-28;2002-05-28;NLD198100828;UK-161;JENNY;NLURK;Urk;PFCA;Y;N;Y;N;N;N;;FX;TBB;MIS;;;;;39.94;0.00;406.00;0.00;0.00;1765.00;0.00;2;1981-07-09;4JZ;;;AC;1981-01-01
NLD;NLD198100830;;DES;2010-03-05;2010-03-05;NLD198100830;UK-168;LIMANDA;NLURK;Urk;PHAT;Y;N;Y;N;N;N;;FX;TBB;OTB;;;;;39.94;0.00;406.00;0.00;0.00;1470.00;380.00;2;1981-11-24;MFL;;;PA;1981-01-01
NLD;NLD198100885;;EXP;2002-05-30;2002-05-30;NLD198100885;UK-183;LUBBETJE;NLURK;Urk;PFQG;Y;N;Y;N;N;N;;FX;TBB;MIS;;;;;38.77;0.00;324.00;0.00;0.00;1324.00;0.00;2;1982-03-10;4JZ;ZAF;;AC;1981-01-01
NLD;NLD198100888;;RET;1996-12-11;1996-12-11;NLD198100888;UK-184;GEERTRUIDA;NLURK;Urk;PEGF;Y;N;N;N;N;N;;FX;OTM;TBB;;;;;36.54;0.00;300.00;0.00;0.00;1105.00;0.00;2;1982-04-02;Z18;;;AC;1981-01-01
NLD;NLD198100895;8012073;EXP;2001-07-16;2001-07-16;NLD198100895;YE-74;JOHANNA ALIDA;NLYSK;Yerseke;PDVU;Y;N;N;N;N;N;;FX;DRB;MIS;;;;;36.08;0.00;0.00;180.88;0.00;566.00;0.00;2;1981-10-15;4JZ;IRL;EX;PA;1981-01-01
NLD;NLD198100911;;DES;2005-12-03;2005-12-03;NLD198100911;GO-36;VROUW JANNETJE;NLGDR;Goedereede;PIIR;Y;N;N;N;N;N;;FX;TBB;MIS;;;;;38.71;0.00;327.00;0.00;0.00;1469.00;0.00;2;1981-06-11;MFL;;;AC;1981-01-01
NLD;NLD198100912;7912422;DES;2014-06-16;2014-06-16;NLD198100912;UK-20;PETRA;NLURK;Urk;PHSX;Y;N;Y;N;N;N;;FX;TBB;MIS;;;;;40.00;0.00;372.00;0.00;0.00;1471.00;0.00;2;1981-06-10;MFL;;;PA;1981-01-01
NLD;NLD198100930;;RET;1997-09-03;1997-09-03;NLD198100930;UK-308;KORNELIS ROMKES;NLURK;Urk;PFKY;Y;N;N;N;N;N;;FX;OTB;TBB;;;;;38.77;0.00;323.00;0.00;0.00;1389.00;338.00;2;1981-07-08;4J7;;;AC;1981-01-01
NLD;NLD198100974;;RET;1997-07-11;1997-07-11;NLD198100974;UK-282;JOSEPHINA MARIA;NLURK;Urk;PFFH;Y;N;N;N;N;N;;FX;OTB;TBB;;;;;36.54;0.00;0.00;264.48;0.00;1105.00;0.00;2;1981-02-06;4J7;;;PA;1981-01-01
NLD;NLD198100976;;RET;1997-07-11;1997-07-11;NLD198100976;UK-283;TRUI VAN HINTE;NLURK;Urk;PIBO;Y;N;N;N;N;N;;FX;OTM;TBB;;;;;36.54;0.00;0.00;264.48;0.00;1105.00;0.00;2;1981-08-04;4J7;;;PA;1981-01-01
NLD;NLD198100990;;DES;2008-01-26;2008-01-26;NLD198100990;UK-237;GRIETJE BOS;NLURK;Urk;PEKJ;Y;N;Y;N;N;N;;FX;TBB;MIS;;;;;39.13;0.00;419.00;0.00;0.00;1467.00;316.00;2;1981-10-23;MFL;;;AC;1981-01-01
NLD;NLD198101112;;RET;2003-06-30;2003-06-30;NLD198101112;ZK-32;GRAZIA;NLZOT;Zoutkamp;;N;Y;N;N;Y;N;;FX;GNS;TBB;;;;;4.70;0.00;1.00;0.00;0.00;7.00;0.00;3;1990-11-23;MFL;;;PA;1981-01-01
NLD;NLD198101153;;RET;1991-10-08;1991-10-08;NLD198101153;SCH-20;GROMMER;NLSCE;Scheveningen;;N;N;N;N;N;N;;FX;NK;MIS;;;;;7.80;0.00;0.00;5.53;0.00;10.00;0.00;3;1991-01-24;OVG;;;PA;1981-01-01
NLD;NLD198101223;;RET;1994-06-24;1994-06-24;NLD198101223;HD-13;KIJKDUIN;NLDHR;Den Helder;;N;N;N;N;N;N;;FX;GNS;LLS;;;;;5.00;0.00;0.00;1.03;0.00;29.00;0.00;3;1991-04-11;Z18;;;PA;1981-01-01
NLD;NLD198101237;;RET;1994-06-27;1994-06-27;NLD198101237;SL-10;DIRKJE;NLSTD;Stellendam;;N;N;N;N;N;N;;FX;TBB;MIS;;;;;5.60;0.00;0.00;2.02;0.00;7.00;0.00;2;1991-04-15;Z18;;;PA;1981-01-01
NLD;NLD198101290;;RET;1994-06-24;1994-06-24;NLD198101290;HON-3;SIBEL;NLHTN;Hontenisse;;N;N;N;N;N;N;;FX;TBB;OTB;;;;;9.80;0.00;0.00;7.85;0.00;103.00;0.00;2;1991-05-22;Z18;;;PA;1981-01-01
NLD;NLD198101319;;RET;1991-12-09;1991-12-09;NLD198101319;VLI-17;BEER;NLVLI;Vlissingen;;N;N;N;N;N;N;;FX;TBB;NK;;;;;8.00;0.00;0.00;5.00;0.00;40.00;0.00;2;1991-06-06;OVG;;;PA;1981-01-01
NLD;NLD198101340;;RET;1994-06-28;1994-06-28;NLD198101340;KW-238;DOLF;NLKWK;Katwijk;;N;N;N;N;N;N;;FX;OTB;NK;;;;;5.37;0.00;0.00;2.01;0.00;45.00;3.00;3;1991-06-10;Z18;;;PA;1981-01-01
NLD;NLD198101367;;RET;1994-06-27;1994-06-27;NLD198101367;UK-303;MALLE MOK;NLURK;Urk;;N;N;N;N;N;N;;FX;TBB;GNS;;;;;7.00;0.00;0.00;4.55;0.00;16.00;0.00;2;1991-06-13;Z18;;;PA;1981-01-01
NLD;NLD198101372;;RET;1994-06-27;1994-06-27;NLD198101372;UK-350;ANNET;NLURK;Urk;;N;N;N;N;N;N;;FX;TBB;GNS;;;;;5.18;0.00;0.00;2.72;0.00;44.00;0.00;3;1991-06-13;Z18;;;PA;1981-01-01
NLD;NLD198101411;;RET;1994-06-27;1994-06-27;NLD198101411;IJM-312;S VAN OPBERGEN;NLIJM;Ijmuiden/Velsen;;N;N;N;N;N;N;;FX;NK;MIS;;;;;10.00;0.00;0.00;18.57;0.00;368.00;0.00;2;1991-06-20;Z18;;;PA;1981-01-01
NLD;NLD198101429;;RET;1994-06-27;1994-06-27;NLD198101429;SCH-110;URSINUS;NLSCE;Scheveningen;;N;N;N;N;N;N;;FX;TBB;OTB;;;;;8.05;0.00;0.00;11.44;0.00;32.00;0.00;3;1991-06-24;Z18;;;PA;1981-01-01
NLD;NLD198101434;;RET;1994-06-23;1994-06-23;NLD198101434;DZ-10;MATHILDE;NLDZL;Delfzijl;;N;N;N;N;N;N;;FX;GNS;LLS;;;;;8.54;0.00;0.00;12.65;0.00;11.00;0.00;4;1991-06-25;Z18;;;PA;1981-01-01
NLD;NLD198101435;;RET;1994-06-23;1994-06-23;NLD198101435;DZ-13;ZWERVER;NLDZL;Delfzijl;;N;N;N;N;N;N;;FX;TBB;LLS;;;;;5.18;0.00;0.00;1.59;0.00;45.00;0.00;3;1991-06-25;Z18;;;PA;1981-01-01
NLD;NLD198101441;;RET;1994-06-28;1994-06-28;NLD198101441;NZ-6;ADMA;NLTNZ;Terneuzen;;N;N;N;N;N;N;;FX;TBB;OTB;;;;;9.27;0.00;0.00;11.55;0.00;85.00;0.00;2;1991-06-25;Z18;;;PA;1981-01-01
NLD;NLD198101474;;RET;1994-06-28;1994-06-28;NLD198101474;KW-237;ATIE;NLKWK;Katwijk;;N;N;N;N;N;N;;FX;TBB;OTB;;;;;4.50;0.00;0.00;0.87;0.00;26.00;0.00;3;1991-08-16;Z18;;;PA;1981-01-01
NLD;NLD198101491;;RET;1994-06-24;1994-06-24;NLD198101491;HON-16;BEATRIX II;NLHTN;Hontenisse;;N;N;N;N;N;N;;FX;TBB;MIS;;;;;11.00;0.00;0.00;19.86;0.00;77.00;0.00;2;1991-08-21;Z18;;;PA;1981-01-01
NLD;NLD198101559;;RET;1994-06-27;1994-06-27;NLD198101559;IJM-340;DANJA;NLIJM;Ijmuiden/Velsen;;N;N;N;N;N;N;;FX;TBB;GNS;;;;;4.88;0.00;0.00;0.64;0.00;11.00;0.00;3;1991-10-17;Z18;;;PA;1981-01-01
NLD;NLD198101597;;RET;1994-06-27;1994-06-27;NLD198101597;SCH-215;SANDRA;NLSCE;Scheveningen;;N;N;N;N;N;N;;FX;TBB;OTB;;;;;5.35;0.00;0.00;2.22;0.00;44.00;0.00;3;1991-12-20;Z18;;;PA;1981-01-01
NLD;NLD198101660;;RET;1994-06-23;1994-06-23;NLD198101660;HA-76;HA-76;NLHAR;Harlingen;;N;N;N;N;N;N;;FX;NK;MIS;;;;;4.60;0.00;0.00;1.20;0.00;22.00;0.00;3;1992-06-24;Z18;;;PA;1981-01-01
NLD;NLD198101699;;RET;1994-06-27;1994-06-27;NLD198101699;UK-70;SULVERTJEN;NLURK;Urk;;N;N;N;N;N;N;;FX;PTB;MIS;;;;;6.10;0.00;0.00;4.63;0.00;18.00;0.00;3;1992-09-23;E17;;;PA;1981-01-01
NLD;NLD198101814;;RET;1994-06-28;1994-06-28;NLD198101814;YE-257;ANITA;NLYSK;Yerseke;;N;N;N;N;N;N;;FX;FPO;NK;;;;;5.00;0.00;0.00;0.74;0.00;6.00;0.00;3;1993-08-11;Z18;;;PA;1981-01-01
NLD;NLD198101850;;RET;1997-07-11;1997-07-11;NLD198101850;UK-159;DIRK;NLURK;Urk;;N;N;N;N;N;N;;FX;GNS;OTB;;;;;5.70;0.00;2.00;0.00;0.00;221.00;0.00;3;1994-01-26;4J7;;;PA;1981-01-01
NLD;NLD198101934;;RET;1998-10-22;1998-10-22;NLD198101934;IJM-4;PESCADOR;NLIJM;Ijmuiden/Velsen;;N;N;N;N;N;N;;FX;GNS;NK;;;;;6.50;0.00;0.00;3.54;0.00;15.00;0.00;3;1995-07-24;4J1;;;PA;1981-01-01
NLD;NLD198101991;;CHA;2007-06-13;2100-12-31;NLD198101991;KW-4;JANNY JACOBA;NLKWK;Katwijk;;N;Y;N;N;Y;N;;GO;GNS;TBB;;;;;4.20;0.00;1.00;0.00;0.00;6.00;0.00;3;2007-06-13;MFL;;;PA;1981-01-01
NLD;NLD198102037;;MOD;2025-01-30;2100-12-31;NLD198102037;WR-281;TWEE GEBROEDERS;NLWRG;Wieringen/Den Oever;;N;Y;N;N;Y;N;;WO;FPO;GNS;;;;;5.08;0.00;1.00;0.00;0.00;37.00;0.00;2;2021-07-13;MFL;;;;1982-01-01
NLD;NLD198102038;;RET;2000-04-01;2000-04-01;NLD198102038;WR-116;CATHARINA - JUDITH;NLWRG;Wieringen/Den Oever;;N;N;N;N;N;N;;FX;FPO;GNS;;;;;7.50;0.00;1.00;0.00;0.00;22.00;0.00;2;1997-01-30;4J7;;;PA;1981-01-01
NLD;NLD198102072;;RET;2001-04-01;2001-04-01;NLD198102072;HD-9;DAGERAAD;NLDHR;Den Helder;;N;N;N;N;N;N;;FX;GNS;OTB;;;;;8.33;0.00;5.00;0.00;0.00;70.00;0.00;2;1997-08-20;4J7;;;PA;1981-01-01
NLD;NLD198102091;;RET;2005-03-04;2005-03-04;NLD198102091;GOE-8;NISJA;NLGOE;Goes;;N;N;N;N;Y;N;;FX;FPO;GNS;;;;;7.24;0.00;2.00;0.00;0.00;48.00;0.00;3;1998-03-10;MFL;;;PA;1981-01-01
NLD;NLD198200016;8215924;MOD;2017-12-01;2100-12-31;NLD198200016;WR-21;JENTE;NLWRG;Wieringen/Den Oever;PGUX;Y;Y;Y;Y;N;Y;246184000;MO;TBB;OTB;;;;;23.92;0.00;86.00;0.00;0.00;221.00;127.00;2;1983-05-17;MFL;;;;1982-01-01
NLD;NLD198200103;;EXP;2002-06-14;2002-06-14;NLD198200103;GO-38;DE VERTROUWEN;NLGDR;Goedereede;PDOY;Y;N;Y;N;N;N;;FX;TBB;MIS;;;;;40.20;0.00;454.00;0.00;0.00;1986.00;0.00;2;1982-12-15;4J3;GBR;EX;PA;1982-01-01
NLD;NLD198200161;;DES;2005-12-03;2005-12-03;NLD198200161;SL-27;JOHANNES;NLSTD;Stellendam;PEZN;Y;N;Y;N;N;N;;FX;TBB;MIS;;;;;40.20;0.00;462.00;0.00;0.00;1470.00;0.00;2;1983-04-28;MFL;;;AC;1982-01-01
NLD;NLD198200177;;EXP;2001-05-18;2001-05-18;NLD198200177;UK-208;JAN DE BOER;NLURK;Urk;PEYS;Y;N;N;N;N;N;;FX;OTM;TBB;;;;;38.77;0.00;336.00;0.00;0.00;1397.00;268.00;2;1982-07-16;4J3;ZAF;;AC;1982-01-01
NLD;NLD198200197;;EXP;2002-05-16;2002-05-16;NLD198200197;GO-5;ORA ET LABORA;NLGDR;Goedereede;PGOL;Y;N;Y;N;N;N;;FX;TBB;MIS;;;;;40.40;0.00;346.00;0.00;0.00;1471.00;0.00;2;1983-01-13;4J3;HRV;EX;AC;1982-01-01
NLD;NLD198200209;;RET;2002-12-31;2002-12-31;NLD198200209;UK-175;BERENDINA HERMINA;NLURK;Urk;PDAR;Y;N;Y;N;N;N;;FX;TBB;MIS;;;;;40.20;0.00;454.00;0.00;0.00;1760.00;0.00;2;1982-11-30;4J3;;;AC;1982-01-01
NLD;NLD198200214;8205785;DES;2023-06-01;2023-06-01;NLD198200214;UK-297;LOTTE ROSALIE;NLURK;Urk;PDLF;Y;N;Y;Y;N;Y;244190093;TU;TBB;MIS;;;;;42.00;0.00;485.00;0.00;0.00;1467.00;430.00;2;2019-05-24;MFL;;;AC;1982-01-01
NLD;NLD198200215;;MOD;2012-11-09;2100-12-31;NLD198200215;ST-26;ANNA MARIA;NLSTA;Stavoren;PC6614;Y;Y;Y;Y;N;Y;246856000;TU;PTB;FPO;;;;;14.34;0.00;12.00;0.00;0.00;77.00;0.00;2;1982-10-29;MFL;;;;1982-01-01
NLD;NLD198200227;;DES;2005-12-03;2005-12-03;NLD198200227;GO-6;WISSELVALLIGHEID;NLGDR;Goedereede;PEJE;Y;N;Y;N;N;N;;FX;TBB;MIS;;;;;40.13;0.00;397.00;0.00;0.00;1471.00;0.00;2;1983-02-09;MFL;;;AC;1982-01-01
NLD;NLD198200271;;EXP;2005-09-30;2005-09-30;NLD198200271;UK-168;LIMANDA;NLURK;Urk;PCRK;Y;N;Y;N;N;N;;FX;TBB;MIS;;;;;42.85;0.00;357.00;0.00;0.00;1471.00;368.00;2;1982-04-27;MFL;CYP;EX;PA;1982-01-01
NLD;NLD198200283;8128236;MOD;2023-06-21;2100-12-31;NLD198200283;UK-71;KOBUS POST;NLURK;Urk;PHYT;Y;Y;Y;Y;N;Y;245228000;MO;TBB;MIS;;;;;21.70;0.00;75.00;0.00;0.00;221.00;22.00;2;1982-05-25;MFL;;;;1982-01-01
NLD;NLD198200286;;RET;1990-02-01;1990-02-01;NLD198200286;SL-4;MARTIJN EVA;NLSTD;Stellendam;;N;N;N;N;N;N;;FX;TBB;MIS;;;;;12.27;0.00;12.00;0.00;0.00;221.00;0.00;2;1988-10-20;KUQ;;;PA;1982-01-01
NLD;NLD198200407;;MOD;2012-11-09;2100-12-31;NLD198200407;WR-161;JACOB JUNIOR;NLWRG;Wieringen/Den Oever;PEYD;Y;Y;Y;Y;N;Y;244135000;TU;OTT;FPO;;;;;18.22;0.00;29.00;0.00;0.00;134.00;0.00;2;1982-11-23;MFL;;;;1982-01-01
NLD;NLD198200413;;EXP;2012-05-31;2012-05-31;NLD198200413;SCH-303;ARIADNE;NLSCE;Scheveningen;PCTO;Y;N;Y;N;N;N;;FX;OTM;MIS;;;;;89.32;0.00;2180.00;0.00;0.00;2650.00;0.00;2;1982-03-31;MFL;DNK;EX;PA;1982-01-01
NLD;NLD198200451;;MOD;2008-05-09;2100-12-31;NLD198200451;TX-56;ELAN;NLTEX;Texel;;N;Y;N;N;Y;N;;FX;PS;LHP;;;;;8.10;0.00;2.00;0.00;0.00;50.00;0.00;1;1985-06-20;MFL;;;;1982-01-01
NLD;NLD198200463;;RET;1990-06-25;1990-06-25;NLD198200463;TX-32;CORNELIA WILHELMINA;NLTEX;Texel;PDLM;Y;N;N;N;N;N;;FX;PTM;TBB;;;;;23.75;0.00;0.00;104.44;0.00;441.00;0.00;2;1982-11-29;KUQ;;;AC;1982-01-01
NLD;NLD198200475;;RET;2002-12-31;2002-12-31;NLD198200475;VD-2;DE TWEE GEBROEDERS;NLVOD;Volendam;;N;Y;N;N;N;N;;FX;GNS;NK;;;;;14.42;0.00;24.00;0.00;0.00;96.00;0.00;2;1983-01-14;4JZ;;;PA;1982-01-01
NLD;NLD198200510;;EXP;1998-12-01;1998-12-01;NLD198200510;SCH-28;CONCORDIA CONSTANS;NLSCE;Scheveningen;PFPX;Y;N;N;N;N;N;;FX;TBB;MIS;;;;;40.72;0.00;463.00;0.00;0.00;1655.00;515.00;2;1983-01-10;4J3;GBR;EX;PA;1982-01-01
NLD;NLD198200558;8121343;DES;2023-05-18;2023-05-18;NLD198200558;UK-19;MARJA NETTY;NLURK;Urk;PFVC;Y;N;Y;Y;N;Y;244541000;TU;TBB;MIS;;;;;39.55;0.00;331.00;0.00;0.00;1103.00;441.00;2;1982-08-24;MFL;;;AC;1982-01-01
NLD;NLD198200578;;MOD;2021-01-14;2100-12-31;NLD198200578;LO-20;ZWARTE AREND;NLLAN;Lauwersoog;PBBJ;Y;Y;Y;Y;N;Y;245544000;FX;TBB;MIS;;;;;21.00;0.00;40.00;0.00;0.00;162.00;40.00;2;1982-12-15;MFL;;;;1982-01-01
NLD;NLD198200599;;RET;1994-10-11;1994-10-11;NLD198200599;TX-52;JOHANNES JAN;NLTEX;Texel;PFEB;Y;N;N;N;N;N;;FX;OTB;PTB;;;;;22.55;0.00;0.00;97.56;0.00;441.00;0.00;2;1982-09-10;Z18;;;AC;1982-01-01
NLD;NLD198200603;;RET;1993-02-16;1993-02-16;NLD198200603;TX-156;CORNELIA CATHARINA;NLTEX;Texel;PDKL;Y;N;N;N;N;N;;FX;OTB;PTM;;;;;22.50;0.00;0.00;97.56;0.00;382.00;0.00;2;1982-06-21;Z18;;;AC;1982-01-01
NLD;NLD198200669;8432089;EXP;2005-12-02;2005-12-02;NLD198200669;WR-34;LEENDERT JAN;NLWRG;Wieringen/Den Oever;PFNU;Y;N;Y;N;N;N;;FX;TBB;OTB;;;;;24.45;0.00;96.00;0.00;0.00;221.00;206.00;2;1982-12-08;MFL;IRL;EX;PA;1982-01-01
NLD;NLD198200726;;DES;2008-01-26;2008-01-26;NLD198200726;VLI-26;MARIA;NLVLI;Vlissingen;PFVF;Y;N;Y;N;N;N;;FX;TBB;MIS;;;;;40.20;0.00;454.00;0.00;0.00;1471.00;0.00;2;1982-11-01;MFL;;;AC;1982-01-01
NLD;NLD198200749;;DES;2008-01-26;2008-01-26;NLD198200749;UK-67;SOLA GRATIA;NLURK;Urk;PHQU;Y;N;Y;N;N;N;;FX;TBB;OTB;;;;;43.09;0.00;411.00;0.00;0.00;1469.00;526.00;2;1982-11-01;MFL;;;AC;1982-01-01
NLD;NLD198200771;8571457;MOD;2005-01-01;2100-12-31;NLD198200771;YE-125;CHRISTIAAN;NLYSK;Yerseke;PH4064;Y;Y;N;N;N;N;;FX;DRB;MIS;;;;;31.32;0.00;110.00;0.00;0.00;596.00;210.00;2;1984-06-05;AQU;;;;1982-01-01
NLD;NLD198200819;;EXP;1992-02-14;1992-02-14;NLD198200819;UK-158;WILLEM JACOB;NLURK;Urk;PIPJ;Y;N;N;N;N;N;;FX;TBB;MIS;;;;;29.16;0.00;209.00;0.00;0.00;588.00;0.00;2;1983-04-14;E17;GBR;EX;PA;1982-01-01
NLD;NLD198200922;;EXP;1999-05-07;1999-05-07;NLD198200922;GO-19;ORCA;NLGDR;Goedereede;PFXI;Y;N;N;N;N;N;;FX;TBB;MIS;;;;;40.74;0.00;439.00;0.00;0.00;1655.00;610.00;2;1983-01-13;4J3;ITA;EX;PA;1982-01-01
NLD;NLD198200928;;RET;2001-05-03;2001-05-03;NLD198200928;UK-97;ORION;NLURK;Urk;PGPD;Y;N;N;N;N;N;;FX;TBB;MIS;;;;;39.58;0.00;327.00;0.00;0.00;1655.00;0.00;2;1983-03-30;4J3;;;AC;1982-01-01
NLD;NLD198200937;8205577;MOD;2005-04-08;2100-12-31;NLD198200937;YE-70;MARIA JACOBA;NLYSK;Yerseke;PCBY;Y;Y;N;N;N;N;;FX;DRB;MIS;;;;;38.10;0.00;180.00;0.00;0.00;745.00;352.00;2;1982-12-07;AQU;;;;1982-01-01
NLD;NLD198200942;8106862;RET;2014-04-15;2014-04-15;NLD198200942;SL-8;MADDY;NLSTD;Stellendam;PFFM;Y;N;Y;N;N;N;;FX;TBB;OTB;;;;;38.23;0.00;319.00;0.00;0.00;1452.00;375.00;2;1982-02-11;MFL;;;PA;1982-01-01
NLD;NLD198200958;;DES;2008-01-26;2008-01-26;NLD198200958;UK-226;PRINS WILLEM;NLURK;Urk;PGVV;Y;N;Y;N;N;N;;FX;TBB;MIS;;;;;40.82;0.00;452.00;0.00;0.00;1470.00;0.00;2;1983-04-07;MFL;;;AC;1982-01-01
NLD;NLD198200977;8128573;EXP;2011-09-12;2011-09-12;NLD198200977;UK-170;EN AVANT;NLURK;Urk;PDMF;Y;N;Y;N;N;N;;FX;OTB;OTT;;;;;25.16;0.00;113.00;0.00;0.00;221.00;200.00;2;1982-10-06;MFL;POL;EX;PA;1982-01-01
NLD;NLD198200994;8128561;EXP;1999-11-24;1999-11-24;NLD198200994;UK-145;TEUNIS VAN ATJE;NLURK;Urk;PSUY;Y;N;N;N;N;N;;FX;OTB;TBB;;;;;24.93;0.00;113.00;0.00;0.00;368.00;76.00;2;1982-08-10;4J7;DEU;EX;PA;1982-01-01
NLD;NLD198201053;;RET;1994-06-23;1994-06-23;NLD198201053;HA-16;WOLLIE;NLHAR;Harlingen;;N;N;N;N;N;N;;FX;NK;MIS;;;;;8.50;0.00;0.00;3.62;0.00;415.00;0.00;1;1990-04-11;Z18;;;PA;1982-01-01
NLD;NLD198201089;;MOD;2013-09-27;2100-12-31;NLD198201089;HD-2;MILSTAR;NLDHR;Den Helder;;N;Y;N;N;Y;N;;TU;OTB;MIS;;;;;4.25;0.00;1.00;0.00;0.00;4.00;0.00;3;1990-08-31;MFL;;;;1982-01-01
NLD;NLD198201138;;RET;2017-11-07;2017-11-07;NLD198201138;SCH-16;CORNELIA;NLSCE;Scheveningen;PD5303;Y;N;N;N;Y;N;;FX;GNS;OTB;;;;;9.85;0.00;11.00;0.00;0.00;59.00;0.00;2;1990-12-20;MFL;;;PA;1982-01-01
NLD;NLD198201193;;RET;1991-04-19;1991-04-19;NLD198201193;KW-80;GERDA MARIA;NLKWK;Katwijk;;N;N;N;N;N;N;;FX;OTM;MIS;;;;;78.22;0.00;0.00;1178.50;0.00;4600.00;925.00;2;1982-06-08;DTR;;;PA;1982-01-01
NLD;NLD198201218;;RET;1994-06-27;1994-06-27;NLD198201218;TX-99;AGFRA;NLTEX;Texel;;N;N;N;N;N;N;;FX;OTB;MIS;;;;;5.28;0.00;0.00;2.45;0.00;35.00;0.00;3;1991-03-27;Z18;;;PA;1982-01-01
NLD;NLD198201230;;RET;1994-06-28;1994-06-28;NLD198201230;OD-29;DELTA 407;NLGDO;Goedereede-Ouddorp;;N;N;N;N;N;N;;FX;TBB;PTB;;;;;4.80;0.00;0.00;1.79;0.00;15.00;0.00;3;1991-04-12;Z18;;;PA;1982-01-01
NLD;NLD198201233;;RET;1994-06-28;1994-06-28;NLD198201233;KW-241;ZEEROVER;NLKWK;Katwijk;;N;N;N;N;N;N;;FX;LLS;OTB;;;;;5.35;0.00;0.00;2.38;0.00;45.00;0.00;3;1991-04-15;Z18;;;PA;1982-01-01
NLD;NLD198201263;;RET;1994-06-24;1994-06-24;NLD198201263;HD-52;NORTHHORN;NLDHR;Den Helder;;N;N;N;N;N;N;;FX;TBB;GNS;;;;;5.20;0.00;0.00;1.61;0.00;15.00;5.00;3;1991-05-14;Z18;;;PA;1982-01-01
NLD;NLD198201269;;RET;1994-06-23;1994-06-23;NLD198201269;GO-50;MARIA;NLGDR;Goedereede;;N;N;N;N;N;N;;FX;FPO;GNS;;;;;7.00;0.00;0.00;3.15;0.00;12.00;0.00;3;1991-05-14;Z18;;;PA;1982-01-01
NLD;NLD198201280;;RET;1994-06-27;1994-06-27;NLD198201280;IJM-304;DOP;NLIJM;Ijmuiden/Velsen;;N;N;N;N;N;N;;FX;TBB;GNS;;;;;4.88;0.00;0.00;1.28;0.00;11.00;0.00;3;1991-05-21;Z18;;;PA;1982-01-01
NLD;NLD198201289;;RET;1994-06-28;1994-06-28;NLD198201289;ZZ-19;ZUIDWESTER;NLZIE;Zierikzee;;N;N;N;N;N;N;;FX;TBB;NK;;;;;10.53;0.00;0.00;24.90;0.00;77.00;0.00;2;1991-05-22;Z18;;;PA;1982-01-01
NLD;NLD198201302;;RET;2014-01-01;2014-01-01;NLD198201302;TX-46;COMEDIANT;NLTEX;Texel;;N;N;N;N;Y;N;;FX;OTB;TBB;;;;;5.00;0.00;1.00;0.00;0.00;30.00;0.00;3;1991-05-23;MFL;;;PA;1982-01-01
NLD;NLD198201351;;RET;1994-06-27;1994-06-27;NLD198201351;SCH-93;JOPIE;NLSCE;Scheveningen;;N;N;N;N;N;N;;FX;TBB;OTB;;;;;8.15;0.00;0.00;5.09;0.00;36.00;0.00;2;1991-06-11;Z18;;;PA;1982-01-01
NLD;NLD198201363;;RET;1994-06-27;1994-06-27;NLD198201363;TX-57;RANA 17 FISK;NLTEX;Texel;;N;N;N;N;N;N;;FX;TBB;NK;;;;;5.18;0.00;0.00;1.54;0.00;22.00;0.00;3;1991-06-12;Z18;;;PA;1982-01-01
NLD;NLD198201374;;RET;1994-06-27;1994-06-27;NLD198201374;UK-387;JACOBA;NLURK;Urk;;N;N;N;N;N;N;;FX;GNS;OTB;;;;;5.70;0.00;0.00;2.86;0.00;25.00;0.00;3;1991-06-13;Z18;;;PA;1982-01-01
NLD;NLD198201407;;RET;1994-06-27;1994-06-27;NLD198201407;IJM-300;ZEESTERN;NLIJM;Ijmuiden/Velsen;;N;N;N;N;N;N;;FX;TBB;GNS;;;;;5.15;0.00;0.00;1.00;0.00;40.00;0.00;3;1991-06-19;Z18;;;PA;1982-01-01
NLD;NLD198201418;;RET;1994-09-08;1994-09-08;NLD198201418;IJM-317;VAN KA;NLIJM;Ijmuiden/Velsen;;N;N;N;N;N;N;;FX;GNS;NK;;;;;5.20;0.00;0.00;1.27;0.00;11.00;0.00;3;1991-06-20;E17;;;PA;1982-01-01
NLD;NLD198201475;;RET;1994-06-28;1994-06-28;NLD198201475;KW-246;SEA HORSE;NLKWK;Katwijk;;N;N;N;N;N;N;;FX;TBB;LLS;;;;;5.35;0.00;0.00;1.66;0.00;45.00;0.00;3;1991-08-16;Z18;;;PA;1982-01-01
NLD;NLD198201484;;DES;1992-08-26;1992-08-26;NLD198201484;HD-66;ADRI;NLDHR;Den Helder;;N;N;N;N;N;N;;FX;TBB;MIS;;;;;5.20;0.00;0.00;1.45;0.00;15.00;0.00;3;1991-08-20;Z18;;;PA;1982-01-01
NLD;NLD198201510;;RET;1994-06-27;1994-06-27;NLD198201510;SCH-114;SEAGULL;NLSCE;Scheveningen;;N;N;N;N;N;N;;FX;TBB;OTB;;;;;5.20;0.00;0.00;2.98;0.00;29.00;5.00;3;1991-09-19;Z18;;;PA;1982-01-01
NLD;NLD198201533;;RET;1994-06-24;1994-06-24;NLD198201533;HON-18;NEELTJE;NLHTN;Hontenisse;;N;N;N;N;N;N;;FX;TBB;FPO;;;;;10.66;0.00;0.00;17.96;0.00;62.00;0.00;2;1991-10-08;Z18;;;PA;1982-01-01
NLD;NLD198201554;;RET;1998-09-03;1998-09-03;NLD198201554;TX-109;VIKING;NLTEX;Texel;;N;N;N;N;N;N;;FX;NK;MIS;;;;;5.65;0.00;0.00;2.82;0.00;28.00;0.00;3;1991-10-17;4J7;;;PA;1982-01-01
NLD;NLD198201558;;RET;1994-06-27;1994-06-27;NLD198201558;IJM-339;ISIS;NLIJM;Ijmuiden/Velsen;;N;N;N;N;N;N;;FX;GNS;MIS;;;;;5.18;0.00;0.00;3.09;0.00;29.00;0.00;3;1991-10-17;Z18;;;PA;1982-01-01
NLD;NLD198201579;;RET;1994-06-27;1994-06-27;NLD198201579;SCH-200;PILOT 520;NLSCE;Scheveningen;;N;N;N;N;N;N;;FX;GNS;LLS;;;;;5.20;0.00;0.00;3.00;0.00;44.00;0.00;3;1991-11-27;Z18;;;PA;1982-01-01
NLD;NLD198201601;;RET;1994-06-27;1994-06-27;NLD198201601;IJM-349;KALLEFIE;NLIJM;Ijmuiden/Velsen;;N;N;N;N;N;N;;FX;GNS;TBB;;;;;5.10;0.00;0.00;2.13;0.00;29.00;0.00;3;1992-01-14;Z18;;;PA;1982-01-01
NLD;NLD198201622;;RET;1994-06-23;1994-06-23;NLD198201622;DZ-19;JUMBO;NLDZL;Delfzijl;;N;N;N;N;N;N;;FX;TBB;NK;;;;;5.35;0.00;0.00;2.58;0.00;51.00;25.00;3;1992-03-20;Z18;;;PA;1982-01-01
NLD;NLD198201637;;RET;1994-06-27;1994-06-27;NLD198201637;TM-38;JUBA;NLTMZ;Termunterzijl;;N;N;N;N;N;N;;FX;TBB;MIS;;;;;10.00;0.00;0.00;15.42;0.00;77.00;0.00;2;1992-04-22;Z18;;;PA;1982-01-01
NLD;NLD198201651;;RET;1994-06-27;1994-06-27;NLD198201651;IJM-353;KONING A;NLIJM;Ijmuiden/Velsen;;N;N;N;N;N;N;;FX;TBB;GNS;;;;;5.20;0.00;0.00;1.53;0.00;29.00;0.00;3;1992-06-09;Z18;;;PA;1982-01-01
NLD;NLD198201662;;RET;1994-06-28;1994-06-28;NLD198201662;KW-3;WILLEM JAN II;NLKWK;Katwijk;;N;N;N;N;N;N;;FX;NK;MIS;;;;;4.20;0.00;0.00;2.00;0.00;3.00;0.00;3;1992-06-24;E17;;;PA;1982-01-01
NLD;NLD198201733;;RET;1994-08-03;1994-08-03;NLD198201733;HD-14;RENE;NLDHR;Den Helder;;N;N;N;N;N;N;;FX;TBB;NK;;;;;4.50;0.00;0.00;6.00;0.00;4.00;0.00;3;1993-01-22;Z18;;;PA;1982-01-01
NLD;NLD198201735;;RET;1994-06-27;1994-06-27;NLD198201735;UK-252;VAN OENS;NLURK;Urk;;N;N;N;N;N;N;;FX;GNS;NK;;;;;5.25;0.00;0.00;2.00;0.00;29.00;0.00;3;1993-01-29;Z18;;;PA;1982-01-01
NLD;NLD198201846;;RET;2002-09-27;2002-09-27;NLD198201846;WR-140;STERN;NLWRG;Wieringen/Den Oever;;N;N;N;N;N;N;;FX;FPO;GNS;;;;;5.37;0.00;1.00;0.00;0.00;22.00;0.00;3;1994-01-11;4J1;;;PA;1982-01-01
NLD;NLD198201861;;RET;1995-07-12;1995-07-12;NLD198201861;IJM-318;IJM-318;NLIJM;Ijmuiden/Velsen;;N;N;N;N;N;N;;FX;TBB;GNS;;;;;3.60;0.00;0.00;0.83;0.00;4.00;0.00;3;1994-05-26;Z18;;;PA;1982-01-01
NLD;NLD198201873;;RET;1997-07-11;1997-07-11;NLD198201873;TX-51;MAGIC;NLTEX;Texel;;N;N;N;N;N;N;;FX;FPO;NK;;;;;5.74;0.00;0.00;1.83;0.00;85.00;0.00;3;1994-08-22;4J7;;;PA;1982-01-01
NLD;NLD198201893;;RET;2004-05-14;2004-05-14;NLD198201893;TH-6;TH-6;NLTHO;Tholen;;N;N;N;N;Y;N;;FX;GNS;MIS;;;;;6.64;0.00;2.00;0.00;0.00;6.00;0.00;2;1994-12-09;MFL;;;PA;1982-01-01
NLD;NLD198201987;;RET;1997-02-04;1997-02-04;NLD198201987;IJM-310;JAN VAN GENT;NLIJM;Ijmuiden/Velsen;;N;N;N;N;N;N;;FX;TBB;GNS;;;;;4.80;0.00;0.00;2.37;0.00;11.00;0.00;3;1996-06-24;4J7;;;PA;1982-01-01
NLD;NLD198202047;;RET;1998-03-20;1998-03-20;NLD198202047;SCH-3;ON THE MOVE;NLSCE;Scheveningen;;N;N;N;N;N;N;;FX;GNS;MIS;;;;;5.00;0.00;0.00;2.58;0.00;63.00;0.00;3;1997-04-24;4J7;;;PA;1982-01-01
NLD;NLD198202122;;RET;2000-04-01;2000-04-01;NLD198202122;IJM-49;LUCKY;NLIJM;Ijmuiden/Velsen;;N;N;N;N;N;N;;FX;GNS;MIS;;;;;5.80;0.00;0.00;3.00;0.00;64.00;0.00;3;1998-07-30;4J7;;;PA;1982-01-01
NLD;NLD198202678;;MOD;2011-01-01;2100-12-31;NLD198202678;WR-24;VOLHARDING;NLWRG;Wieringen/Den Oever;;N;Y;N;N;Y;N;;GO;GNS;LLS;;;;;4.40;0.00;1.00;0.00;0.00;8.00;0.00;3;2006-06-01;MFL;;;;1982-01-01
NLD;NLD198213642;;MOD;2017-05-15;2100-12-31;NLD198213642;KW-7;BERT BAS;NLKWK;Katwijk;;N;Y;N;N;Y;N;;GO;GNS;OTB;;;;;5.30;0.00;1.00;0.00;0.00;40.00;0.00;3;2015-03-04;MFL;;;;1982-01-01
NLD;NLD198300028;8205838;DES;2023-06-01;2023-06-01;NLD198300028;UK-56;JOHANNA MARIA;NLURK;Urk;PBRZ;Y;N;Y;Y;N;Y;244630630;MO;TBB;MIS;;;;;40.20;0.00;454.00;0.00;0.00;1471.00;500.00;2;1983-11-29;MFL;;;AC;1983-01-01
NLD;NLD198300059;;EXP;2002-12-31;2002-12-31;NLD198300059;HD-225;GILLIS JOZINA;NLDHR;Den Helder;PGOX;Y;N;Y;N;N;N;;FX;TBB;MIS;;;;;42.00;0.00;469.00;0.00;0.00;1985.00;404.00;2;1983-09-07;4J3;PAN;;AC;1983-01-01
NLD;NLD198300121;8589923;MOD;2022-06-01;2100-12-31;NLD198300121;IJM-77;WILHELMINA JOHANNA;NLIJM;Ijmuiden/Velsen;PD6287;Y;Y;Y;N;N;Y;244050737;GO;GNS;FPO;;;;;14.98;0.00;21.00;0.00;0.00;90.00;0.00;2;2021-04-30;MFL;;;;1983-01-01
NLD;NLD198300124;;MOD;2012-05-29;2100-12-31;NLD198300124;WR-16;DEO VOLENTE;NLWRG;Wieringen/Den Oever;PI4085;Y;Y;Y;Y;N;N;;WO;FPO;PS;;;;;14.45;0.00;19.00;0.00;0.00;78.00;0.00;2;1983-12-02;MFL;;;;1983-01-01
NLD;NLD198300143;;RET;2000-04-01;2000-04-01;NLD198300143;UK-103;ANNETJE;NLURK;Urk;PFQX;Y;N;N;N;N;N;;FX;TBB;MIS;;;;;42.00;0.00;472.00;0.00;0.00;1986.00;387.00;2;1983-06-06;4J7;;;PA;1983-01-01
NLD;NLD198300156;;RET;2002-12-31;2002-12-31;NLD198300156;HK-61;JANINE WILLEMIEK;NLHRD;Harderwijk;;N;Y;N;N;N;N;;FX;NK;MIS;;;;;17.16;0.00;26.00;0.00;0.00;110.00;0.00;2;1983-07-19;4JZ;;;PA;1983-01-01
NLD;NLD198300174;8304749;RET;2002-06-13;2002-06-13;NLD198300174;HD-30;SIMON SENIOR;NLDHR;Den Helder;PHMG;Y;N;N;N;N;N;;FX;OTM;TBB;;;;;38.81;0.00;331.00;0.00;0.00;1470.00;327.00;2;1983-12-02;4JZ;;;AC;1983-01-01
NLD;NLD198300245;;RET;2002-12-31;2002-12-31;NLD198300245;UK-64;HESSEL DE VRIES;NLURK;Urk;PERK;Y;N;N;N;N;N;;FX;TBB;MIS;;;;;40.82;0.00;452.00;0.00;0.00;1489.00;0.00;2;1983-05-03;4J3;;;AC;1983-01-01
NLD;NLD198300253;;RET;2003-06-30;2003-06-30;NLD198300253;GO-39;WALRUS;NLGDR;Goedereede;PFNP;Y;Y;Y;N;N;N;;FX;TBB;MIS;;;;;43.45;0.00;501.00;0.00;0.00;2059.00;0.00;2;1984-02-20;MFL;;;PA;1983-01-01
NLD;NLD198300262;;RET;2002-12-31;2002-12-31;NLD198300262;UK-69;JANNIE HELENA;NLURK;Urk;PEZX;Y;N;Y;N;N;N;;FX;TBB;MIS;;;;;43.29;0.00;502.00;0.00;0.00;1846.00;0.00;2;1983-12-23;4J3;;;AC;1983-01-01
NLD;NLD198300298;;EXP;2001-06-01;2001-06-01;NLD198300298;SCH-27;CONCORDIA CONSTANS;NLSCE;Scheveningen;PDLJ;Y;N;N;N;N;N;;FX;PTM;TBB;;;;;40.29;0.00;350.00;0.00;0.00;1320.00;0.00;2;1983-05-17;4J3;ZAF;;AC;1983-01-01
NLD;NLD198300317;8211813;EXP;2012-09-04;2012-09-04;NLD198300317;HD-70;HANNY;NLDHR;Den Helder;PEZM;Y;N;Y;N;N;N;;FX;TBB;OTT;;;;;40.29;0.00;350.00;0.00;0.00;1320.00;0.00;2;1983-09-07;MFL;GBR;EX;PA;1983-01-01
NLD;NLD198300318;8209171;MOD;2017-03-03;2100-12-31;NLD198300318;KW-172;DIRK DIRK;NLKWK;Katwijk;PBBZ;Y;Y;Y;Y;N;Y;244030073;TTF;OTM;MIS;;;;;95.18;0.00;3181.00;0.00;0.00;3200.00;3300.00;2;1983-12-07;MFL;;;;1983-01-01
NLD;NLD198300352;;MOD;2020-11-03;2100-12-31;NLD198300352;OL-7;HOOP OP ZEGEN;NLDDE;Oostdongeradeel;PC2169;Y;Y;Y;Y;N;Y;244110963;WOP;TBB;OTB;;;;;18.64;0.00;29.00;0.00;0.00;155.00;0.00;2;1984-02-27;MFL;;;;1983-01-01
NLD;NLD198300357;;RET;2006-01-06;2006-01-06;NLD198300357;IJM-1;CONDOR;NLIJM;Ijmuiden/Velsen;;N;N;N;N;Y;N;;FX;GNS;GND;;;;;5.80;0.00;1.00;0.00;0.00;37.00;0.01;3;1989-06-19;MFL;;;PA;1983-01-01
NLD;NLD198300373;;MOD;2022-03-18;2100-12-31;NLD198300373;YE-50;ADRIANA;NLYSK;Yerseke;;N;Y;N;N;Y;N;;GO;GNS;MIS;;;;;8.30;0.00;2.00;0.00;0.00;85.00;0.00;2;1985-03-06;MFL;;;;1983-01-01
NLD;NLD198300390;;RET;1994-06-27;1994-06-27;NLD198300390;IJM-7;WADDENZEE;NLIJM;Ijmuiden/Velsen;;N;N;N;N;N;N;;FX;GNS;MIS;;;;;11.89;0.00;0.00;9.00;0.00;78.00;0.00;1;1983-05-03;Z18;;;PA;1983-01-01
NLD;NLD198300393;8224406;EXP;1994-01-11;1994-01-11;NLD198300393;SCH-72;PRINS BERNHARD;NLSCE;Scheveningen;PGVQ;Y;N;N;N;N;N;;FX;OTB;OTM;;;;;88.24;0.00;2610.00;0.00;0.00;3236.00;0.00;2;1983-10-06;E16;FRA;EX;PA;1983-01-01
NLD;NLD198300416;;MOD;2019-03-05;2100-12-31;NLD198300416;YE-9;KREEFT;NLYSK;Yerseke;;N;Y;N;N;Y;N;;FX;FPO;MIS;;;;;10.19;0.00;6.00;0.00;0.00;83.00;30.00;2;1983-03-18;MFL;;;;1983-01-01
NLD;NLD198300425;;RET;2005-12-03;2005-12-03;NLD198300425;SL-12;TWEE GEBROEDERS;NLSTD;Stellendam;PIBL;Y;N;Y;N;N;N;;FX;TBB;MIS;;;;;39.52;0.00;323.00;0.00;0.00;1324.00;0.00;2;1983-08-18;MFL;;;AC;1983-01-01
NLD;NLD198300427;8304672;EXP;2002-11-06;2002-11-06;NLD198300427;TH-7;ADRIANA MARIA;NLTHO;Tholen;PCDY;Y;N;N;N;N;N;;FX;TBB;NK;;;;;23.78;0.00;103.00;0.00;0.00;221.00;248.00;2;1983-11-24;4J4;IRL;EX;PA;1983-01-01
NLD;NLD198300433;;RET;1995-06-23;1995-06-23;NLD198300433;LO-9;LIEUWE;NLLAN;Lauwersoog;;N;N;N;N;N;N;;FX;NK;MIS;;;;;9.10;0.00;0.00;10.00;0.00;22.00;0.00;1;1983-05-25;Z18;;;PA;1983-01-01
NLD;NLD198300524;;MOD;2005-01-01;2100-12-31;NLD198300524;WON-1;SIETSKE KLAAS;NLMKM;Wonseradeel/Makkum;PH4065;Y;Y;N;Y;N;Y;244780586;WOP;GNS;FPO;;;;;13.15;0.00;10.00;0.00;0.00;79.00;0.00;2;1983-04-12;MFL;;;;1983-01-01
NLD;NLD198300532;;EXP;1999-11-05;1999-11-05;NLD198300532;TX-38;BRANDING III;NLTEX;Texel;PDGB;Y;N;N;N;N;N;;FX;PTM;TBB;;;;;39.96;0.00;418.00;0.00;0.00;1469.00;512.00;2;1983-10-03;4J3;GBR;EX;PA;1983-01-01
NLD;NLD198300543;;MOD;2018-02-27;2100-12-31;NLD198300543;ZZ-14;'T LUITJE;NLZIE;Zierikzee;;N;Y;N;N;Y;N;;WOP;FPO;LHP;;;;;7.55;0.00;4.00;0.00;0.00;56.00;0.00;3;1983-10-13;MFL;;;;1983-01-01
NLD;NLD198300580;8431566;MOD;2017-12-11;2100-12-31;NLD198300580;YE-63;KIEK UUT;NLYSK;Yerseke;PGSD;Y;Y;Y;Y;N;Y;245731000;MO;TBB;OTB;;;;;20.55;0.00;53.00;0.00;0.00;220.00;0.00;2;1984-01-24;MFL;;;;1983-01-01
NLD;NLD198300584;;RET;2005-11-06;2005-11-06;NLD198300584;TX-21;PIETER VAN ARIS;NLTEX;Texel;PCLV;Y;N;Y;N;N;N;;FX;TBB;MIS;;;;;40.40;0.00;342.00;0.00;0.00;1470.00;0.00;2;1983-03-22;MFL;;;AC;1983-01-01
NLD;NLD198300593;8432388;MOD;2024-09-20;2100-12-31;NLD198300593;LO-44;STELLA MARIS;NLLAN;Lauwersoog;PHGU;Y;Y;Y;Y;N;Y;245449000;MO;TBB;MIS;;;;;19.98;0.00;60.00;0.00;0.00;221.00;70.00;2;1983-06-02;MFL;;;;1983-01-01
NLD;NLD198300595;;EXP;1998-06-11;1998-06-11;NLD198300595;TX-49;CORNELIS MARIA;NLTEX;Texel;PDLY;Y;N;N;N;N;N;;FX;TBB;MIS;;;;;38.33;0.00;304.00;0.00;0.00;1470.00;411.00;2;1984-03-08;4J7;GBR;EX;PA;1983-01-01
NLD;NLD198300680;8952869;MOD;2017-06-29;2100-12-31;NLD198300680;BRU-14;LUCTOR ET EMERGO;NLBSE;Bruinisse;PEAG;Y;Y;N;N;N;N;;FX;DRB;MIS;;;;;35.93;0.00;168.00;0.00;0.00;537.00;0.00;2;1983-06-15;AQU;;;;1983-01-01
NLD;NLD198300725;8215895;MOD;2003-01-01;2100-12-31;NLD198300725;ZZ-4;CHRISTINA;NLZIE;Zierikzee;PDKF;Y;Y;N;N;N;N;;FX;DRB;MIS;;;;;36.00;0.00;169.00;0.00;0.00;458.00;0.00;2;1983-03-22;AQU;;;;1983-01-01
NLD;NLD198300743;8220503;EXP;2006-07-20;2006-07-20;NLD198300743;YE-19;CECILIA;NLYSK;Yerseke;PDJC;Y;N;N;N;N;N;;FX;DRB;MIS;;;;;36.00;0.00;170.00;0.00;0.00;746.00;295.00;2;1983-05-19;AQU;IRL;EX;PA;1983-01-01
NLD;NLD198300762;;EXP;1992-08-04;1992-08-04;NLD198300762;WK-119;REUZEN JAN;NLWKU;Workum;PHAC;Y;N;N;N;N;N;;FX;TBB;MIS;;;;;23.84;0.00;81.00;0.00;0.00;221.00;0.00;2;1984-04-27;E17;GBR;EX;PA;1983-01-01
NLD;NLD198300822;8209200;DES;2023-05-12;2023-05-12;NLD198300822;UK-87;MARIA;NLURK;Urk;PFUI;Y;N;Y;Y;N;Y;245310000;TU;TBB;MIS;;;;;40.40;0.00;346.00;0.00;0.00;1467.00;463.00;2;1983-06-02;MFL;;;AC;1983-01-01
NLD;NLD198300869;8925256;MOD;2004-02-13;2100-12-31;NLD198300869;YE-83;SCHELPDIER;NLYSK;Yerseke;PHHW;Y;Y;N;N;N;N;;FX;DRB;MIS;;;;;35.93;0.00;168.00;0.00;0.00;474.00;0.00;2;1983-06-23;AQU;;;;1983-01-01
NLD;NLD198300871;8220474;MOD;2017-01-13;2100-12-31;NLD198300871;UK-80;LINQUENDA;NLURK;Urk;PCEB;Y;Y;Y;Y;N;Y;245100000;TU;TBB;MIS;;;;;24.12;0.00;86.00;0.00;0.00;221.00;60.00;2;1983-07-05;MFL;;;;1983-01-01
NLD;NLD198300886;;EXP;2006-04-07;2006-04-07;NLD198300886;YE-73;MYTILUS;NLYSK;Yerseke;PGCH;Y;N;N;N;N;N;;FX;DRB;MIS;;;;;36.00;0.00;169.00;0.00;0.00;463.00;140.00;2;1983-08-22;AQU;IRL;EX;PA;1983-01-01
NLD;NLD198300945;;EXP;1992-11-09;1992-11-09;NLD198300945;UK-253;AALTJE VISSER;NLURK;Urk;PCAQ;Y;N;N;N;N;N;;FX;TBB;MIS;;;;;39.38;0.00;390.00;0.00;0.00;1508.00;0.00;2;1983-05-06;E17;GBR;EX;PA;1983-01-01
NLD;NLD198301007;;EXP;1992-03-19;1992-03-19;NLD198301007;UK-367;ELLA PETRONELLA;NLURK;Urk;PDWZ;Y;N;N;N;N;N;;FX;TBB;MIS;;;;;42.50;0.00;370.00;0.00;0.00;1325.00;520.00;2;1983-12-01;Z18;GBR;EX;PA;1983-01-01
NLD;NLD198301133;;RET;1994-06-27;1994-06-27;NLD198301133;IJM-40;ISIS;NLIJM;Ijmuiden/Velsen;;N;N;N;N;N;N;;FX;GNS;LLS;;;;;5.18;0.00;0.00;1.68;0.00;40.00;0.00;3;1990-12-10;Z18;;;PA;1983-01-01
NLD;NLD198301166;;RET;1992-06-09;1992-06-09;NLD198301166;SCH-74;LENNARD;NLSCE;Scheveningen;;N;N;N;N;N;N;;FX;GNS;LLS;;;;;5.35;0.00;0.00;2.22;0.00;52.00;0.00;3;1991-01-31;Z18;;;PA;1983-01-01
NLD;NLD198301217;;RET;1994-06-27;1994-06-27;NLD198301217;TX-67;TRITON;NLTEX;Texel;;N;N;N;N;N;N;;FX;TBB;NK;;;;;8.00;0.00;0.00;5.00;0.00;78.00;0.00;2;1991-03-27;Z18;;;PA;1983-01-01
NLD;NLD198301228;;RET;1997-03-20;1997-03-20;NLD198301228;OD-26;MARGARETHA;NLGDO;Goedereede-Ouddorp;;N;N;N;N;N;N;;FX;GNS;LLS;;;;;4.10;0.00;0.00;1.14;0.00;18.00;0.00;3;1991-04-12;4J7;;;PA;1983-01-01
NLD;NLD198301235;;RET;1994-06-27;1994-06-27;NLD198301235;SCH-97;ASTRELLA;NLSCE;Scheveningen;;N;N;N;N;N;N;;FX;GNS;OTB;;;;;5.35;0.00;0.00;4.39;0.00;45.00;0.00;3;1991-04-15;Z18;;;PA;1983-01-01
NLD;NLD198301242;;RET;1994-06-27;1994-06-27;NLD198301242;TX-53;FENNA PIETERNELLA;NLTEX;Texel;;N;N;N;N;N;N;;FX;TBB;OTB;;;;;4.10;0.00;0.00;0.70;0.00;25.00;0.00;3;1991-04-16;Z18;;;PA;1983-01-01
NLD;NLD198301292;;RET;1994-06-28;1994-06-28;NLD198301292;KW-239;STERN;NLKWK;Katwijk;;N;N;N;N;N;N;;FX;OTB;NK;;;;;5.35;0.00;0.00;4.72;0.00;50.00;0.00;3;1991-05-22;Z18;;;PA;1983-01-01
NLD;NLD198301298;;DES;1999-11-17;1999-11-17;NLD198301298;SL-13;ZEEWOLF;NLSTD;Stellendam;;N;N;N;N;N;N;;FX;TBB;GNS;;;;;7.95;0.00;0.00;6.81;0.00;22.00;0.00;2;1991-05-23;4J7;;;PA;1983-01-01
NLD;NLD198301353;;RET;1994-06-27;1994-06-27;NLD198301353;TX-62;ACHTEROM;NLTEX;Texel;;N;N;N;N;N;N;;FX;TBB;FPO;;;;;5.12;0.00;0.00;0.99;0.00;9.00;0.00;1;1991-06-12;Z18;;;PA;1983-01-01
NLD;NLD198301358;;RET;1994-06-27;1994-06-27;NLD198301358;TX-77;SHELTIE;NLTEX;Texel;;N;N;N;N;N;N;244730464;LH;FPO;GNS;;;;;5.35;0.00;0.00;0.34;0.00;44.00;0.00;3;1991-06-12;Z18;;;PA;1983-01-01
NLD;NLD198301365;;RET;1994-06-27;1994-06-27;NLD198301365;UK-3;GEA;NLURK;Urk;;N;N;N;N;N;N;;FX;TBB;FPO;;;;;5.30;0.00;0.00;2.46;0.00;85.00;0.00;3;1991-06-13;Z18;;;PA;1983-01-01
NLD;NLD198301376;;RET;1991-09-23;1991-09-23;NLD198301376;VLI-18;KEDAPI;NLVLI;Vlissingen;;N;N;N;N;N;N;;FX;TBB;OTB;;;;;7.00;0.00;0.00;4.50;0.00;40.00;0.00;2;1991-06-13;OVG;;;PA;1983-01-01
NLD;NLD198301416;;RET;1991-09-27;1991-09-27;NLD198301416;IJM-315;THORINA;NLIJM;Ijmuiden/Velsen;;N;N;N;N;N;N;;FX;GNS;LLS;;;;;5.00;0.00;0.00;1.55;0.00;5.00;0.00;2;1991-06-20;OVG;;;PA;1983-01-01
NLD;NLD198301448;;RET;1994-09-08;1994-09-08;NLD198301448;UK-223;MIENTJE;NLURK;Urk;;N;N;N;N;N;N;;FX;LLS;NK;;;;;7.00;0.00;0.00;4.00;0.00;50.00;0.00;3;1991-06-25;Z18;;;PA;1983-01-01
NLD;NLD198301461;;RET;1994-06-27;1994-06-27;NLD198301461;VLI-42;RENATE-LENIE;NLVLI;Vlissingen;;N;N;N;N;N;N;;FX;GNS;OTB;;;;;4.75;0.00;0.00;4.83;0.00;21.00;0.00;3;1991-06-27;Z18;;;PA;1983-01-01
NLD;NLD198301477;;RET;1994-06-28;1994-06-28;NLD198301477;NZ-10;KRISIRA;NLTNZ;Terneuzen;;N;N;N;N;N;N;;FX;TBB;NK;;;;;8.00;0.00;0.00;5.94;0.00;7.00;0.00;3;1991-08-16;Z18;;;PA;1983-01-01
NLD;NLD198301480;;RET;1994-06-27;1994-06-27;NLD198301480;VD-301;VD-301;NLVOD;Volendam;;N;N;N;N;N;N;;FX;TBB;GNS;;;;;5.35;0.00;0.00;3.17;0.00;66.00;4.00;3;1991-08-19;Z18;;;PA;1983-01-01
NLD;NLD198301644;;RET;1994-06-23;1994-06-23;NLD198301644;DZ-20;ORKA;NLDZL;Delfzijl;;N;N;N;N;N;N;;FX;TBB;NK;;;;;5.20;0.00;0.00;1.78;0.00;11.00;0.00;3;1992-06-09;Z18;;;PA;1983-01-01
NLD;NLD198301783;;RET;1994-06-27;1994-06-27;NLD198301783;IJM-364;ZWARTJE;NLIJM;Ijmuiden/Velsen;;N;N;N;N;N;N;;FX;FPO;GNS;;;;;5.20;0.00;0.00;1.51;0.00;30.00;0.00;3;1993-06-08;Z18;;;PA;1983-01-01
NLD;NLD198301800;;RET;2005-09-23;2005-09-23;NLD198301800;YE-120;EEMSHORN;NLYSK;Yerseke;PDYC;Y;Y;N;N;N;N;;FX;HMD;MIS;;;;;56.23;0.00;621.00;0.00;0.00;471.00;221.00;2;1993-06-29;MFL;;;PA;1983-01-01
NLD;NLD198301817;;RET;1994-06-24;1994-06-24;NLD198301817;HA-101;VITREA;NLHAR;Harlingen;;N;N;N;N;N;N;;FX;NK;MIS;;;;;10.00;0.00;0.00;17.78;0.00;88.00;0.00;2;1993-08-18;Z18;;;PA;1983-01-01
NLD;NLD198301932;;EXP;2009-11-05;2009-11-05;NLD198301932;SCH-68;MIREILLE - KELLY;NLSCE;Scheveningen;;N;N;N;N;Y;N;;FX;OTB;TBB;;;;;10.82;0.00;6.00;0.00;0.00;110.00;0.00;4;1995-06-27;MFL;DEU;EX;PA;1983-01-01
NLD;NLD198301990;;RET;1999-05-19;1999-05-19;NLD198301990;GM-57;GERRY;NLGNM;Genemuiden;;N;N;N;N;N;N;;FX;GNS;NK;;;;;10.00;0.00;0.00;13.54;0.00;27.00;0.00;2;1996-07-15;4JZ;;;PA;1983-01-01
NLD;NLD198302024;;MOD;2018-06-01;2100-12-31;NLD198302024;TH-16;HARDER;NLTHO;Tholen;PB4961;Y;Y;Y;Y;N;Y;244740916;TU;FPO;MIS;;;;;19.98;0.00;46.00;0.00;0.00;160.00;0.00;2;2012-07-13;MFL;;;;1983-01-01
NLD;NLD198302029;;RET;1998-04-15;1998-04-15;NLD198302029;ZZ-2;ZEEBEER;NLZIE;Zierikzee;;N;N;N;N;N;N;;FX;LLS;NK;;;;;7.00;0.00;7.80;0.00;0.00;16.00;0.00;3;1996-12-10;4J7;;;PA;1983-01-01
NLD;NLD198302092;;RET;2000-10-02;2000-10-02;NLD198302092;EH-75;EH-75;NLENK;Enkhuizen;;N;N;N;N;N;N;;FX;LLS;NK;;;;;7.54;0.00;0.00;3.30;0.00;7.00;0.00;2;1998-03-12;4JZ;;;PA;1983-01-01
NLD;NLD198302099;;RET;2001-11-27;2001-11-27;NLD198302099;IJM-85;JELLE;NLIJM;Ijmuiden/Velsen;;N;N;N;N;N;N;;FX;GNS;MIS;;;;;5.25;0.00;1.00;0.00;0.00;7.00;0.00;3;1998-04-08;4J1;;;PA;1983-01-01
NLD;NLD198302107;;RET;2015-01-13;2015-01-13;NLD198302107;BZ-6;BZ-6;NLBZM;Bergse Diepsluis/Bergen Op Zoom;;N;N;N;N;Y;N;;WOP;FPO;MIS;;;;;8.94;0.00;3.00;0.00;0.00;15.00;0.00;2;1998-05-15;MFL;;;PA;1983-01-01
NLD;NLD198302587;;MOD;2018-08-29;2100-12-31;NLD198302587;IJM-310;SHETLAND;NLIJM;Ijmuiden/Velsen;;N;Y;N;N;Y;N;;GO;GNS;LHP;;;;;5.18;0.00;1.00;0.00;0.00;11.00;0.00;3;2000-06-09;MFL;;;;1983-01-01
NLD;NLD198313620;;MOD;2023-04-21;2100-12-31;NLD198313620;WR-23;NEELTJE WILLEM;NLWRG;Wieringen/Den Oever;;N;Y;N;N;Y;N;;LH;LHP;FPO;;;;;4.30;0.00;1.00;0.00;0.00;44.00;0.00;3;2014-06-05;MFL;;;;1983-01-01
NLD;NLD198400006;;RET;1992-08-24;1992-08-24;NLD198400006;TH-35;MORGENSTER;NLTHO;Tholen;PGAW;Y;N;N;N;N;N;;FX;TBB;MIS;;;;;22.75;0.00;0.00;67.25;0.00;221.00;0.00;2;1984-04-04;E17;;;PA;1984-01-01
NLD;NLD198400050;8500587;EXP;2002-06-24;2002-06-24;NLD198400050;KW-72;HENDRIK LEENDERT;NLKWK;Katwijk;PDWW;Y;N;Y;N;N;N;;FX;TBB;MIS;;;;;24.69;0.00;107.00;0.00;0.00;221.00;0.01;2;1984-09-18;4J4;IRL;EX;PA;1984-01-01
NLD;NLD198400069;;EXP;2001-06-11;2001-06-11;NLD198400069;GO-9;ONDERNEMING;NLGDR;Goedereede;PGMZ;Y;N;N;N;N;N;;FX;TBB;MIS;;;;;35.79;0.00;301.00;0.00;0.00;1471.00;395.00;2;1984-12-07;4J3;IRL;EX;PA;1984-01-01
NLD;NLD198400096;;EXP;2003-02-04;2003-02-04;NLD198400096;GO-33;DE HINDER;NLGDR;Goedereede;PDNI;Y;N;N;N;N;N;;FX;TBB;MIS;;;;;19.51;0.00;59.00;0.00;0.00;221.00;0.00;2;1984-09-05;MFL;IRL;EX;PA;1984-01-01
NLD;NLD198400108;;DES;2005-12-03;2005-12-03;NLD198400108;GO-41;WOUTER SENIOR;NLGDR;Goedereede;PIRV;Y;N;Y;N;N;N;;FX;TBB;MIS;;;;;40.13;0.00;395.00;0.00;0.00;1471.00;0.01;2;1984-02-20;MFL;;;AC;1984-01-01
NLD;NLD198400140;8432675;MOD;2018-05-07;2100-12-31;NLD198400140;GO-58;JAKORIWI;NLGDR;Goedereede;PEZC;Y;Y;Y;Y;N;Y;245247000;MO;TBB;OTB;;;;;22.37;0.00;78.00;0.00;0.00;221.00;0.00;2;1984-12-21;MFL;;;;1984-01-01
NLD;NLD198400141;;RET;2002-12-31;2002-12-31;NLD198400141;UK-97;ORION;NLURK;Urk;PCDK;Y;N;Y;N;N;N;;FX;TBB;MIS;;;;;39.54;0.00;410.00;0.00;0.00;1765.00;0.00;2;1985-01-03;4J3;;;AC;1984-01-01
NLD;NLD198400148;;EXP;1992-03-31;1992-03-31;NLD198400148;HD-7;ZES GEBROEDERS;NLDHR;Den Helder;PIYF;Y;N;N;N;N;N;;FX;TBB;MIS;;;;;40.25;0.00;390.00;0.00;0.00;1618.00;0.00;2;1984-11-08;E17;GBR;EX;PA;1984-01-01
NLD;NLD198400160;;MOD;2023-07-25;2100-12-31;NLD198400160;ZK-20;LAUWERSZEE;NLZOT;Zoutkamp;PI4078;Y;Y;Y;Y;N;Y;244293000;GO;TBB;DRB;;;;;18.10;0.00;32.00;0.00;0.00;96.00;25.00;2;1985-01-09;MFL;;;;1984-01-01
NLD;NLD198400205;;DES;2008-01-26;2008-01-26;NLD198400205;HD-80;FREEK EN JANNY;NLDHR;Den Helder;PEEK;Y;N;Y;N;N;N;;FX;TBB;OTT;;;;;41.08;0.00;363.00;0.00;0.00;1471.00;0.00;2;1984-04-06;MFL;;;AC;1984-01-01
NLD;NLD198400267;;RET;2007-02-02;2007-02-02;NLD198400267;TX-53;JAN VAN GENT;NLTEX;Texel;PI4058;Y;N;N;N;N;N;;FX;HMD;MIS;;;;;40.06;0.00;169.00;0.00;0.00;594.00;237.00;2;1984-08-22;MFL;;;PA;1984-01-01
NLD;NLD198400288;8325286;DES;2023-05-12;2023-05-12;NLD198400288;UK-236;DEO VOLENTE;NLURK;Urk;PEGK;Y;N;Y;Y;N;Y;245587000;MO;OTB;TBB;;;;;24.44;0.00;114.00;0.00;0.00;221.00;96.00;2;1984-06-04;MFL;;;AC;1984-01-01
NLD;NLD198400303;;EXP;1997-09-10;1997-09-10;NLD198400303;GO-25;ELIZABETH;NLGDR;Goedereede;PDXD;Y;N;N;N;N;N;;FX;PTB;PTM;;;;;23.41;0.00;101.00;0.00;0.00;221.00;0.00;2;1984-12-19;4J4;GBR;EX;PA;1984-01-01
NLD;NLD198400326;8224418;MOD;2018-06-25;2100-12-31;NLD198400326;SCH-6;ALIDA;NLSCE;Scheveningen;PCLU;Y;Y;Y;Y;N;Y;244309000;TTF;OTM;MIS;;;;;99.94;0.00;3274.00;0.00;0.00;3960.00;1950.00;2;1984-01-20;MFL;;;;1984-01-01
NLD;NLD198400380;;RET;2005-11-06;2005-11-06;NLD198400380;TX-2;WILLEM;NLTEX;Texel;PIOX;Y;N;Y;N;N;N;;FX;TBB;MIS;;;;;40.65;0.00;390.00;0.00;0.00;1471.00;0.00;2;1984-11-21;MFL;;;AC;1984-01-01
NLD;NLD198400384;8205826;EXP;2015-03-09;2015-03-09;NLD198400384;ARM-4;JOZINA;NLARM;Arnemuiden;PDLZ;Y;N;Y;N;N;N;;FX;TBB;MIS;;;;;40.20;0.00;454.00;0.00;0.00;1471.00;0.00;2;1984-05-08;MFL;PAN;EX;PA;1984-01-01
NLD;NLD198400468;;EXP;1999-11-10;1999-11-10;NLD198400468;IJM-34;ORCA;NLIJM;Ijmuiden/Velsen;PGOY;Y;N;N;N;N;N;;FX;GNS;MIS;;;;;19.50;0.00;60.00;0.00;0.00;164.00;0.00;2;1984-02-28;4J4;SWE;EX;PA;1984-01-01
NLD;NLD198400481;;EXP;1992-04-22;1992-04-22;NLD198400481;HA-106;RESEDA;NLHAR;Harlingen;PHAH;Y;N;N;N;N;N;;FX;TBB;MIS;;;;;24.06;0.00;100.00;0.00;0.00;221.00;0.00;2;1984-08-23;Z18;DNK;EX;PA;1984-01-01
NLD;NLD198400504;8432053;MOD;2020-06-17;2100-12-31;NLD198400504;ZK-46;ZEEMEEUW;NLZOT;Zoutkamp;PGNS;Y;Y;Y;Y;N;Y;244108000;FX;TBB;OTB;;;;;23.95;0.00;81.00;0.00;0.00;221.00;97.00;2;1984-12-11;MFL;;;;1984-01-01
NLD;NLD198400589;8432883;CHA;2022-03-17;2100-12-31;NLD198400589;ZK-37;ALDERT VAN THIJS;NLZOT;Zoutkamp;PCRZ;Y;Y;Y;Y;N;Y;244529000;TU;TBB;MIS;;;;;20.99;0.00;69.00;0.00;0.00;221.00;60.00;2;2021-07-08;MFL;;;PA;1984-01-01
NLD;NLD198400611;8404472;DES;2023-06-01;2023-06-01;NLD198400611;UK-57;HERMINA;NLURK;Urk;PCTD;Y;N;Y;Y;N;Y;244600000;MO;TBB;OTB;;;;;41.08;0.00;363.00;0.00;0.00;1471.00;0.00;2;1984-10-29;MFL;;;AC;1984-01-01
NLD;NLD198400643;8559758;MOD;2020-11-03;2100-12-31;NLD198400643;OL-2;DE VOLHARDING OL2;NLDDE;Oostdongeradeel;PI9920;Y;Y;Y;Y;N;Y;244810663;TU;TBB;MIS;;;;;17.88;0.00;34.00;0.00;0.00;111.00;30.00;2;2008-02-05;MFL;;;;1984-01-01
NLD;NLD198400671;;RET;1999-02-10;1999-02-10;NLD198400671;UK-44;ANNEGINA;NLURK;Urk;PCRO;Y;N;N;N;N;N;;FX;PTM;TBB;;;;;42.00;0.00;477.00;0.00;0.00;1765.00;0.00;2;1984-05-09;4J3;;;PA;1984-01-01
NLD;NLD198400764;;MOD;2015-12-12;2100-12-31;NLD198400764;WR-54;CORNELIS-NAN;NLWRG;Wieringen/Den Oever;PDJG;Y;Y;Y;Y;N;Y;244646000;MO;TBB;FPO;;;;;19.00;0.00;49.00;0.00;0.00;221.00;0.00;2;1984-04-04;MFL;;;;1984-01-01
NLD;NLD198400797;;MOD;2023-09-22;2100-12-31;NLD198400797;UK-264;ANNE MATHEA;NLURK;Urk;PD4226;Y;Y;Y;Y;N;Y;244750304;GO;GNS;OTB;;;;;14.05;0.00;16.00;0.00;0.00;180.00;0.00;2;1984-08-22;MFL;;;;1984-01-01
NLD;NLD198400854;;EXP;1990-01-22;1990-01-22;NLD198400854;UK-173;LUBBERTJE KRAMER;NLURK;Urk;PFQC;Y;N;N;N;N;N;;FX;TBB;MIS;;;;;44.42;0.00;511.00;0.00;0.00;2979.00;0.00;2;1984-11-27;KUQ;SWE;EX;AC;1984-01-01
NLD;NLD198400861;;RET;2018-02-22;2018-02-22;NLD198400861;YE-98;MARINUS-JOZIAS;NLYSK;Yerseke;PI9924;Y;N;Y;N;N;N;;FX;HMD;DRB;;;;;40.04;0.00;236.00;0.00;0.00;702.00;0.00;2;1985-01-24;MFL;;;PA;1984-01-01
NLD;NLD198400946;;EXP;1990-05-21;1990-05-21;NLD198400946;UK-221;HENDRIKA MARIA;NLURK;Urk;;N;N;N;N;N;N;;FX;OTM;TBB;;;;;24.67;0.00;88.00;0.00;0.00;221.00;0.00;2;1984-09-05;KUQ;DEU;EX;PA;1984-01-01
NLD;NLD198400968;8411516;MOD;2020-12-17;2100-12-31;NLD198400968;UK-44;GRIETJE;NLURK;Urk;PGSY;Y;Y;Y;Y;N;Y;244070000;MO;OTB;TBB;;;;;23.75;0.00;103.00;0.00;0.00;221.00;135.00;2;1984-04-02;MFL;;;;1984-01-01
NLD;NLD198401017;;EXP;1999-01-27;1999-01-27;NLD198401017;UK-355;WILLIANNE;NLURK;Urk;PISE;Y;N;N;N;N;N;;FX;PTB;TBB;;;;;42.00;0.00;477.00;0.00;0.00;1765.00;0.00;2;1984-02-16;4J7;GBR;EX;PA;1984-01-01
NLD;NLD198401105;;RET;1992-08-27;1992-08-27;NLD198401105;SCH-38;NINA;NLSCE;Scheveningen;;N;N;N;N;N;N;;FX;GND;GNS;;;;;5.35;0.00;0.00;2.22;0.00;37.00;0.00;3;1990-11-13;Z18;;;PA;1984-01-01
NLD;NLD198401106;;RET;1994-01-12;1994-01-12;NLD198401106;IJM-343;SOPHIA;NLIJM;Ijmuiden/Velsen;;N;N;N;N;N;N;;FX;GNS;NK;;;;;5.18;0.00;0.00;1.68;0.00;40.00;0.00;3;1990-11-13;Z18;;;PA;1984-01-01
NLD;NLD198401122;;RET;1994-06-24;1994-06-24;NLD198401122;HD-50;ZEESTER;NLDHR;Den Helder;;N;N;N;N;N;N;;FX;NK;MIS;;;;;9.50;0.00;0.00;14.70;0.00;88.00;0.00;2;1990-12-04;Z18;;;PA;1984-01-01
NLD;NLD198401128;;MOD;2017-03-20;2100-12-31;NLD198401128;TX-145;BEREND-CORNELIS;NLTEX;Texel;;N;Y;N;N;Y;N;;MO;OTB;TBB;;;;;5.65;0.00;1.00;0.00;0.00;11.00;0.00;1;1990-12-06;MFL;;;;1984-01-01
NLD;NLD198401151;;CHA;2010-06-25;2100-12-31;NLD198401151;WON-11;FEMKE;NLMKM;Wonseradeel/Makkum;;N;Y;N;N;Y;N;;WOP;FPO;MIS;;;;;6.70;0.00;1.00;0.00;0.00;11.00;0.00;2;2010-06-25;MFL;;;;1984-01-01
NLD;NLD198401169;;RET;1994-06-27;1994-06-27;NLD198401169;SCH-106;ZEEZWALUW;NLSCE;Scheveningen;;N;N;N;N;N;N;;FX;LLS;OTB;;;;;5.33;0.00;0.00;2.31;0.00;29.00;0.00;3;1991-01-31;Z18;;;PA;1984-01-01
NLD;NLD198401172;;RET;2001-04-01;2001-04-01;NLD198401172;WR-2;NEELTJE;NLWRG;Wieringen/Den Oever;;N;N;N;N;N;N;;FX;TBB;MIS;;;;;14.00;0.00;0.00;27.45;0.00;221.00;0.00;2;1991-02-04;4J7;;;PA;1984-01-01
NLD;NLD198401200;;RET;1994-11-09;1994-11-09;NLD198401200;UK-24;VALK;NLURK;Urk;;N;N;N;N;N;N;;FX;GNS;LLS;;;;;5.00;0.00;0.00;1.93;0.00;35.00;0.00;3;1991-03-13;E17;;;PA;1984-01-01
NLD;NLD198401220;;RET;1994-06-27;1994-06-27;NLD198401220;TH-27;TH-27;NLTHO;Tholen;;N;N;N;N;N;N;;FX;FPO;NK;;;;;5.30;0.00;0.00;1.95;0.00;45.00;0.00;3;1991-04-08;Z18;;;PA;1984-01-01
NLD;NLD198401268;;RET;1994-06-23;1994-06-23;NLD198401268;HA-47;TRIAN;NLHAR;Harlingen;;N;N;N;N;N;N;;FX;FPO;GNS;;;;;5.20;0.00;0.00;1.36;0.00;11.00;0.00;1;1991-05-14;Z18;;;PA;1984-01-01
NLD;NLD198401299;;RET;1991-06-12;1991-06-12;NLD198401299;SL-13;ONIPIN;NLSTD;Stellendam;;N;N;N;N;N;N;;FX;TBB;GNS;;;;;6.00;0.00;0.00;5.00;0.00;51.00;0.00;3;1991-05-23;OVG;;;PA;1984-01-01
NLD;NLD198401369;;RET;1994-06-27;1994-06-27;NLD198401369;UK-15;TRIJNTJE;NLURK;Urk;;N;N;N;N;N;N;;FX;GNS;TBB;;;;;5.00;0.00;0.00;1.93;0.00;45.00;8.00;3;1991-06-13;Z18;;;PA;1984-01-01
NLD;NLD198401371;;RET;1994-06-27;1994-06-27;NLD198401371;UK-30;UK-30;NLURK;Urk;;N;N;N;N;N;N;;FX;TBB;GNS;;;;;5.40;0.00;0.00;2.78;0.00;21.00;0.00;3;1991-06-13;Z18;;;PA;1984-01-01
NLD;NLD198401389;;RET;1994-06-28;1994-06-28;NLD198401389;WR-111;SOLEA;NLWRG;Wieringen/Den Oever;;N;N;N;N;N;N;;FX;FPO;GNS;;;;;5.20;0.00;0.00;1.01;0.00;6.00;0.00;1;1991-06-18;Z18;;;PA;1984-01-01
NLD;NLD198401393;;RET;1994-06-28;1994-06-28;NLD198401393;OD-33;WOUTER;NLGDO;Goedereede-Ouddorp;;N;N;N;N;N;N;;FX;TBB;GNS;;;;;5.35;0.00;0.00;2.13;0.00;40.00;0.00;3;1991-06-18;Z18;;;PA;1984-01-01
NLD;NLD198401536;;RET;1991-11-27;1991-11-27;NLD198401536;VLI-41;J.P. DE BRAUWER;NLVLI;Vlissingen;;N;N;N;N;N;N;;FX;TBB;GNS;;;;;10.00;0.00;0.00;19.58;0.00;88.00;0.00;2;1991-10-11;OVG;;;PA;1984-01-01
NLD;NLD198401604;;RET;1994-09-08;1994-09-08;NLD198401604;HD-104;HD-104;NLDHR;Den Helder;;N;N;N;N;N;N;;FX;TBB;GNS;;;;;5.30;0.00;0.00;2.15;0.00;30.00;0.00;3;1992-01-16;Z18;;;PA;1984-01-01
NLD;NLD198401612;;RET;2005-03-18;2005-03-18;NLD198401612;ZZ-1;MOSSEL;NLZIE;Zierikzee;;N;N;N;N;Y;N;;FX;DRB;GNS;;;;;6.90;0.00;1.00;0.00;0.00;18.00;0.00;2;1992-02-13;MFL;;;PA;1984-01-01
NLD;NLD198401649;;RET;2001-12-12;2001-12-12;NLD198401649;IJM-123;EENTWEEDRIE;NLIJM;Ijmuiden/Velsen;;N;N;N;N;N;N;;FX;GNS;LLS;;;;;6.65;0.00;3.00;0.00;0.00;7.00;0.00;3;1992-06-09;4J5;;;PA;1984-01-01
NLD;NLD198401678;;RET;1994-06-23;1994-06-23;NLD198401678;HA-82;HA-82;NLHAR;Harlingen;;N;N;N;N;N;N;;FX;NK;MIS;;;;;5.28;0.00;0.00;2.43;0.00;37.00;0.00;3;1992-08-07;Z18;;;PA;1984-01-01
NLD;NLD198401679;;RET;1994-06-23;1994-06-23;NLD198401679;HA-84;HA-84;NLHAR;Harlingen;;N;N;N;N;N;N;;FX;NK;MIS;;;;;4.65;0.00;0.00;0.99;0.00;18.00;0.00;3;1992-08-07;Z18;;;PA;1984-01-01
NLD;NLD198401689;;RET;2001-12-11;2001-12-11;NLD198401689;OD-36;HELENA;NLGDO;Goedereede-Ouddorp;;N;N;N;N;N;N;;FX;GNS;NK;;;;;5.18;0.00;1.00;0.00;0.00;30.00;0.00;3;1992-08-24;4J7;;;PA;1984-01-01
NLD;NLD198401762;;RET;1994-06-27;1994-06-27;NLD198401762;IJM-360;RIHA;NLIJM;Ijmuiden/Velsen;;N;N;N;N;N;N;;FX;OTB;NK;;;;;5.50;0.00;0.00;2.13;0.00;48.00;0.00;3;1993-04-07;Z18;;;PA;1984-01-01
NLD;NLD198401815;;RET;1994-09-08;1994-09-08;NLD198401815;HA-97;CORRIE;NLHAR;Harlingen;;N;N;N;N;N;N;;FX;NK;MIS;;;;;5.18;0.00;0.00;2.32;0.00;29.00;0.00;3;1993-08-16;Z18;;;PA;1984-01-01
NLD;NLD198401955;;RET;2002-09-27;2002-09-27;NLD198401955;IJM-13;BONNIE;NLIJM;Ijmuiden/Velsen;;N;N;N;N;N;N;;FX;FPO;GNS;;;;;5.35;0.00;1.00;0.00;0.00;11.00;0.00;3;1996-01-31;4J1;;;PA;1984-01-01
NLD;NLD198401960;;RET;2013-08-26;2013-08-26;NLD198401960;SCH-11;OLDEBURGER;NLSCE;Scheveningen;;N;N;N;N;Y;N;;FX;LHP;MIS;;;;;5.30;0.00;1.00;0.00;0.00;88.00;0.00;3;1996-03-11;MFL;;;PA;1984-01-01
NLD;NLD198401983;;MOD;2021-03-09;2100-12-31;NLD198401983;IJM-81;NICK;NLIJM;Ijmuiden/Velsen;;N;Y;N;N;Y;N;;GO;GNS;OTB;;;;;4.35;0.00;1.00;0.00;0.00;29.00;0.00;3;1996-06-17;MFL;;;;1984-01-01
NLD;NLD198401984;;MOD;2021-04-01;2100-12-31;NLD198401984;IJM-82;ZEEBAARS;NLIJM;Ijmuiden/Velsen;;N;Y;N;N;Y;N;;GO;GNS;PS;;;;;5.25;0.00;1.00;0.00;0.00;11.00;0.00;3;1996-06-17;MFL;;;;1984-01-01
NLD;NLD198402001;;CHA;2012-03-30;2100-12-31;NLD198402001;SCH-159;CORNELIA MARGARETHA;NLSCE;Scheveningen;;N;Y;N;N;Y;N;;FX;OTB;MIS;;;;;7.55;0.00;1.00;0.00;0.00;30.00;0.00;3;2007-08-31;MFL;;;;1984-01-01
NLD;NLD198402045;;RET;2000-04-01;2000-04-01;NLD198402045;HD-59;VIKING III;NLDHR;Den Helder;;N;N;N;N;N;N;;FX;GNS;MIS;;;;;9.95;0.00;9.00;0.00;0.00;368.00;0.00;3;1997-02-17;4J1;;;PA;1984-01-01
NLD;NLD198402056;;RET;2013-06-01;2013-06-01;NLD198402056;WR-1;LEA OCEANA;NLWRG;Wieringen/Den Oever;;N;N;N;N;Y;N;;FX;GNS;LLS;;;;;8.50;0.00;4.00;0.00;0.00;18.00;0.00;3;1997-05-23;MFL;;;PA;1984-01-01
NLD;NLD198402071;;RET;2001-11-27;2001-11-27;NLD198402071;IJM-17;ZEVENTIEN;NLIJM;Ijmuiden/Velsen;;N;N;N;N;N;N;;FX;GNS;MIS;;;;;3.70;0.00;1.00;0.00;0.00;11.00;0.00;4;1997-08-20;4J1;;;PA;1984-01-01
NLD;NLD198402088;;MOD;2019-04-25;2100-12-31;NLD198402088;HD-51;PESCADOR;NLDHR;Den Helder;PEAF;Y;Y;N;N;Y;N;;MO;TBB;OTB;;;;;9.90;0.00;7.00;0.00;0.00;51.00;0.00;2;1998-01-27;MFL;;;;1984-01-01
NLD;NLD198402097;;MOD;2018-02-27;2100-12-31;NLD198402097;WR-1;HOLLANDS KROON;NLWRG;Wieringen/Den Oever;;N;Y;N;Y;Y;N;;TU;TBB;MIS;;;;;8.52;0.00;1.00;0.00;0.00;3.00;0.00;2;1998-03-25;MFL;;;;1984-01-01
NLD;NLD198402120;;RET;2001-11-27;2001-11-27;NLD198402120;IJM-2;TWISTER;NLIJM;Ijmuiden/Velsen;;N;N;N;N;N;N;;FX;GNS;MIS;;;;;4.50;0.00;1.00;0.00;0.00;11.00;0.00;3;1998-07-29;4J1;;;PA;1984-01-01
NLD;NLD198402163;;RET;2022-08-03;2022-08-03;NLD198402163;WSW-7;SEAKING;NLWSW;Westenschouwen;;N;N;N;N;Y;N;;LH;LHP;LHM;;;;;6.62;0.00;2.00;0.00;0.00;110.00;0.00;3;1998-12-16;MFL;;;PA;1984-01-01
NLD;NLD198402180;;RET;2000-04-01;2000-04-01;NLD198402180;BR-52;ZEEMEEUW;NLBRS;Breskens;;N;N;N;N;N;N;;FX;OTB;MIS;;;;;9.50;0.00;0.00;11.02;0.00;42.00;0.00;2;1999-02-22;4J7;;;PA;1984-01-01
NLD;NLD198402571;;RET;2000-04-17;2000-04-17;NLD198402571;HD-180;JAN;NLDHR;Den Helder;;N;N;N;N;N;N;;FX;GNS;LLS;;;;;5.20;0.00;1.00;0.00;0.00;11.00;0.00;3;2000-03-07;4J7;;;PA;1984-01-01
NLD;NLD198402589;;RET;2003-04-28;2003-04-28;NLD198402589;WR-14;SEAFIRE;NLWRG;Wieringen/Den Oever;;N;N;N;N;Y;N;;FX;TBB;GNS;;;;;6.66;0.00;2.00;0.00;0.00;38.00;0.00;3;2000-04-12;MFL;;;PA;1984-01-01
NLD;NLD198402671;;RET;2005-03-24;2005-03-24;NLD198402671;BRU-37;SAM;NLBSE;Bruinisse;;N;N;N;N;Y;N;;FX;FPO;SDN;;;;;4.28;0.00;1.00;0.00;0.00;22.00;0.00;3;2002-12-30;MFL;;;PA;1984-01-01
NLD;NLD198413673;;EXP;2018-12-04;2018-12-04;NLD198413673;TX-41;BROEDERTROUW;NLTEX;Texel;;N;N;N;N;Y;N;;FX;OTB;LHM;;;;;7.96;0.00;2.00;0.00;0.00;155.00;0.00;3;2016-01-29;MFL;BEL;EX;PA;1984-01-01
NLD;NLD198500014;;EXP;2002-04-22;2002-04-22;NLD198500014;ARM-18;JORIS SENIOR;NLARM;Arnemuiden;PFEY;Y;N;N;N;N;N;;FX;TBB;MIS;;;;;45.51;0.00;634.00;0.00;0.00;2765.00;0.00;2;1985-10-14;4JZ;AUS;;AC;1985-01-01
NLD;NLD198500041;8421729;EXP;2004-04-07;2004-04-07;NLD198500041;SCH-20;DEO VOLENTE;NLSCE;Scheveningen;PDOQ;Y;Y;Y;N;N;N;;FX;TBB;OTB;;;;;24.45;0.00;92.00;0.00;0.00;221.00;0.00;2;1985-07-09;MFL;IRL;EX;PA;1985-01-01
NLD;NLD198500048;8509492;MOD;2018-11-02;2100-12-31;NLD198500048;ARM-44;NEELTJE JANNETJE;NLARM;Arnemuiden;PGFT;Y;Y;Y;Y;N;Y;245148000;TU;TBB;MIS;;;;;45.54;0.00;542.00;0.00;0.00;1471.00;0.00;2;1985-12-14;MFL;;;;1985-01-01
NLD;NLD198500146;8413772;DES;2023-07-27;2023-07-27;NLD198500146;TX-29;HELENA ELIZABETH;NLTEX;Texel;PEPO;Y;N;Y;Y;N;Y;245263000;MO;TBB;MIS;;;;;40.40;0.00;348.00;0.00;0.00;1471.00;0.00;2;1985-04-12;MFL;;;AC;1985-01-01
NLD;NLD198500169;;RET;2005-11-06;2005-11-06;NLD198500169;HD-27;ZUIDERHAAKS;NLDHR;Den Helder;PIZP;Y;N;Y;N;N;N;;FX;TBB;MIS;;;;;40.20;0.00;465.00;0.00;0.00;1471.00;0.00;2;1985-07-22;MFL;;;AC;1985-01-01
NLD;NLD198500189;8516940;MOD;2023-04-21;2100-12-31;NLD198500189;KG-9;PIETERNELLA;NLKOG;Kortgene;PGTD;Y;Y;Y;Y;N;Y;245364000;MO;TBB;MIS;;;;;23.01;0.00;100.00;0.00;0.00;221.00;0.00;2;1985-12-11;MFL;;;;1985-01-01
NLD;NLD198500194;8432041;EXP;2003-06-26;2003-06-26;NLD198500194;OD-21;CORNELIS WILLEM;NLGDO;Goedereede-Ouddorp;PDMX;Y;N;N;N;N;N;;FX;TBB;MIS;;;;;23.34;0.00;83.00;0.00;0.00;221.00;0.00;2;1986-08-25;MFL;IRL;EX;PA;1985-01-01
NLD;NLD198500203;;EXP;1989-11-01;1989-11-01;NLD198500203;HD-73;CORNELIS ANNA MARIA;NLDHR;Den Helder;PDKJ;Y;N;N;N;N;N;;FX;TBB;MIS;;;;;22.37;0.00;78.00;0.00;0.00;221.00;0.00;2;1985-06-28;KDQ;DEU;EX;PA;1985-01-01
NLD;NLD198500255;;MOD;2005-01-01;2100-12-31;NLD198500255;NB-1;JOHANNES ADRIANUS;NLNBE;Nieuw-Beijerland;PI9922;Y;Y;N;N;N;N;;WO;FPO;MIS;;;;;19.02;0.00;32.00;0.00;0.00;96.00;0.00;2;1986-01-20;MFL;;;;1985-01-01
NLD;NLD198500341;;EXP;1996-01-01;1996-01-01;NLD198500341;SCH-25;ANNIE B;NLSCE;Scheveningen;PCTF;Y;N;N;N;N;N;;FX;TBB;MIS;;;;;23.85;0.00;82.00;0.00;0.00;221.00;0.00;2;1985-10-09;E17;BEL;EX;PA;1985-01-01
NLD;NLD198500379;8431592;EXP;2006-03-28;2006-03-28;NLD198500379;IJM-8;RONY;NLIJM;Ijmuiden/Velsen;PIHC;Y;N;Y;N;N;N;;FX;TBB;OTB;;;;;24.32;0.00;98.00;0.00;0.00;220.00;114.00;2;1986-10-01;MFL;IRL;EX;PA;1985-01-01
NLD;NLD198500399;;EXP;1996-03-13;1996-03-13;NLD198500399;UK-144;JURIE SJOERD;NLURK;Urk;PFFY;Y;N;N;N;N;N;;FX;GNS;MIS;;;;;19.49;0.00;60.00;0.00;0.00;165.00;0.00;2;1985-02-04;Z18;SWE;;PA;1985-01-01
NLD;NLD198500400;8509519;MOD;2016-12-30;2100-12-31;NLD198500400;UK-16;ORION;NLURK;Urk;PHHJ;Y;Y;Y;Y;N;Y;244634000;MO;TBB;OTT;;;;;22.37;0.00;77.00;0.00;0.00;221.00;31.00;2;1985-08-28;MFL;;;;1985-01-01
NLD;NLD198500414;8411645;MOD;2025-05-26;2100-12-31;NLD198500414;UK-35;MARIA CORNELIS;NLURK;Urk;PCDG;Y;Y;Y;Y;N;Y;245415000;MO;TBB;FPO;;;;;22.97;0.00;83.00;0.00;0.00;221.00;57.00;2;1985-03-08;MFL;;;;1985-01-01
NLD;NLD198500441;;EXP;1991-08-08;1991-08-08;NLD198500441;UK-6;AALTJE VAN ENTE;NLURK;Urk;PCAP;Y;N;N;N;N;N;;FX;PTM;TBB;;;;;22.82;0.00;82.00;0.00;0.00;221.00;0.00;2;1985-09-30;KDQ;DEU;EX;PA;1985-01-01
NLD;NLD198500484;;EXP;1993-09-30;1993-09-30;NLD198500484;KW-171;MAARTJE THEODORA;NLKWK;Katwijk;PFSY;Y;N;N;N;N;N;;FX;OTB;OTM;;;;;97.75;0.00;3229.00;0.00;0.00;4853.00;0.00;2;1985-01-11;E16;GBR;EX;PA;1985-01-01
NLD;NLD198500493;;EXP;1991-06-10;1991-06-10;NLD198500493;IJM-205;WIRON V;NLIJM;Ijmuiden/Velsen;PIRE;Y;N;N;N;N;N;;FX;OTM;PTM;;;;;36.55;0.00;441.00;0.00;0.00;883.00;0.00;2;1985-12-23;KUQ;NAM;EX;AC;1985-01-01
NLD;NLD198500526;8416310;EXP;2011-12-14;2011-12-14;NLD198500526;OD-7;ADRIANUS;NLGDO;Goedereede-Ouddorp;PHEQ;Y;N;Y;N;N;N;;FX;TBB;OTB;;;;;24.45;0.00;91.00;0.00;0.00;221.00;90.00;2;1985-05-29;MFL;IRL;EX;PA;1985-01-01
NLD;NLD198500564;;RET;1994-06-28;1994-06-28;NLD198500564;WR-6;ALIDA;NLWRG;Wieringen/Den Oever;;N;N;N;N;N;N;;FX;GNS;NK;;;;;6.00;0.00;0.00;3.71;0.00;22.00;0.00;4;1989-08-11;Z18;;;PA;1985-01-01
NLD;NLD198500597;8432106;MOD;2018-10-23;2100-12-31;NLD198500597;HK-81;HANNAH;NLHRD;Harderwijk;PDNF;Y;Y;Y;Y;N;Y;244684000;TU;TBB;MIS;;;;;19.45;0.00;62.00;0.00;0.00;208.00;42.00;2;1985-12-04;MFL;;;;1985-01-01
NLD;NLD198500605;;RET;2005-11-06;2005-11-06;NLD198500605;UK-292;DIRKJE ALJA;NLURK;Urk;PCRP;Y;N;Y;N;N;N;;FX;TBB;OTB;;;;;44.10;0.00;434.00;0.00;0.00;1471.00;0.00;2;1985-05-29;MFL;;;AC;1985-01-01
NLD;NLD198500737;8421743;EXP;2001-10-23;2001-10-23;NLD198500737;UK-63;GRIETJE LUMMETJE;NLURK;Urk;PEKW;Y;N;N;N;N;N;;FX;TBB;MIS;;;;;38.75;0.00;342.00;0.00;0.00;1324.00;0.00;2;1985-10-25;4J3;DEU;EX;PA;1985-01-01
NLD;NLD198500780;8516938;MOD;2016-11-30;2100-12-31;NLD198500780;YE-139;ELIZABETH;NLYSK;Yerseke;PDXB;Y;Y;Y;Y;N;Y;245591000;TU;TBB;OTB;;;;;25.09;0.00;115.00;0.00;0.00;221.00;0.00;2;1985-11-08;MFL;;;;1985-01-01
NLD;NLD198500893;8509507;MOD;2020-10-30;2100-12-31;NLD198500893;WR-20;ELISABETH;NLWRG;Wieringen/Den Oever;PFJY;Y;Y;Y;Y;N;Y;245633000;MO;OTT;TBB;;;;;24.44;0.00;113.00;0.00;0.00;221.00;50.00;2;1985-10-10;MFL;;;;1985-01-01
NLD;NLD198500939;8539320;RET;1994-06-27;1994-06-27;NLD198500939;UK-212;GRETHA JOHANNA;NLURK;Urk;PEJZ;Y;N;N;N;N;N;;FX;TBB;MIS;;;;;23.49;0.00;88.00;0.00;0.00;221.00;0.00;2;1985-07-10;Z18;;;PA;1985-01-01
NLD;NLD198500957;;RET;1994-06-27;1994-06-27;NLD198500957;UK-126;FOKKE GRIETJE;NLURK;Urk;PEDH;Y;N;N;N;N;N;;FX;TBB;MIS;;;;;32.86;0.00;225.00;0.00;0.00;588.00;0.00;2;1986-01-06;Z18;;;PA;1985-01-01
NLD;NLD198500986;8505654;MOD;2024-04-04;2100-12-31;NLD198500986;WR-274;DIRK SENIOR;NLWRG;Wieringen/Den Oever;PDPX;Y;Y;Y;Y;N;Y;244959000;MO;TBB;OTT;;;;;23.94;0.00;105.00;0.00;0.00;221.00;103.00;2;1985-10-14;MFL;;;PA;1985-01-01
NLD;NLD198501006;8577164;RET;1994-06-27;1994-06-27;NLD198501006;UK-321;HESSEL VAN URK;NLURK;Urk;PERF;Y;N;N;N;N;N;;FX;PTB;TBB;;;;;24.37;0.00;95.00;0.00;0.00;221.00;0.00;2;1985-08-08;Z18;;;PA;1985-01-01
NLD;NLD198501024;;DES;1993-08-26;1993-08-26;NLD198501024;SCH-3;HOBIM;NLSCE;Scheveningen;;N;N;N;N;N;N;;FX;GNS;MIS;;;;;5.20;0.00;0.00;8.38;0.00;85.00;0.00;3;1989-12-01;E17;;;PA;1985-01-01
NLD;NLD198501067;;RET;1998-09-03;1998-09-03;NLD198501067;TH-30;JOMA;NLTHO;Tholen;;N;N;N;N;N;N;;FX;FPO;NK;;;;;7.00;0.00;0.00;4.51;0.00;15.00;0.00;2;1990-06-25;4JZ;;;PA;1985-01-01
NLD;NLD198501073;;RET;2001-03-13;2001-03-13;NLD198501073;IJM-37;JIGGER;NLIJM;Ijmuiden/Velsen;;N;N;N;N;N;N;;FX;GNS;MIS;;;;;4.72;0.00;1.00;0.00;0.00;2.00;0.00;3;1990-07-17;4J1;;;PA;1985-01-01
NLD;NLD198501097;;EXP;2014-01-21;2014-01-21;NLD198501097;IJM-32;ELISABETH ROSE;NLIJM;Ijmuiden/Velsen;;N;N;N;N;Y;N;;FX;OTB;GNS;;;;;8.80;0.00;4.00;0.00;0.00;66.00;0.00;3;2009-01-28;MFL;DNK;EX;PA;1985-01-01
NLD;NLD198501130;;RET;1994-09-08;1994-09-08;NLD198501130;WR-50;JANNIE;NLWRG;Wieringen/Den Oever;;N;N;N;N;N;N;;FX;FPO;GNS;;;;;5.25;0.00;0.00;2.57;0.00;7.00;0.00;3;1990-12-07;Z18;;;PA;1985-01-01
NLD;NLD198501155;;RET;1994-06-27;1994-06-27;NLD198501155;SCH-67;SCOTTY;NLSCE;Scheveningen;;N;N;N;N;N;N;;FX;TBB;LLS;;;;;8.00;0.00;0.00;7.50;0.00;53.00;0.00;3;1991-01-25;Z18;;;PA;1985-01-01
NLD;NLD198501177;;RET;1994-06-27;1994-06-27;NLD198501177;TX-51;TX-51;NLTEX;Texel;;N;N;N;N;N;N;;FX;FPO;LLS;;;;;10.05;0.00;0.00;10.12;0.00;53.00;0.00;2;1991-02-12;Z18;;;PA;1985-01-01
NLD;NLD198501213;;RET;1994-06-28;1994-06-28;NLD198501213;KW-233;KW-233;NLKWK;Katwijk;;N;N;N;N;N;N;;FX;GNS;OTB;;;;;5.50;0.00;0.00;2.55;0.00;44.00;0.00;3;1991-03-26;Z18;;;PA;1985-01-01
NLD;NLD198501231;;RET;1994-06-28;1994-06-28;NLD198501231;OD-30;JODOCUS;NLGDO;Goedereede-Ouddorp;;N;N;N;N;N;N;;FX;TBB;GNS;;;;;5.25;0.00;0.00;1.79;0.00;45.00;0.00;3;1991-04-12;Z18;;;PA;1985-01-01
NLD;NLD198501236;;RET;1994-06-27;1994-06-27;NLD198501236;SCH-103;AEGIR;NLSCE;Scheveningen;;N;N;N;N;N;N;;FX;TBB;GNS;;;;;5.00;0.00;0.00;1.29;0.00;37.00;0.00;3;1991-04-15;Z18;;;PA;1985-01-01
NLD;NLD198501244;;RET;1994-06-27;1994-06-27;NLD198501244;TX-65;LONNEKE;NLTEX;Texel;;N;N;N;N;N;N;;FX;GNS;TBB;;;;;4.50;0.00;0.00;1.22;0.00;18.00;0.00;3;1991-04-16;Z18;;;PA;1985-01-01
NLD;NLD198501251;;RET;1994-06-24;1994-06-24;NLD198501251;HD-56;MARJO;NLDHR;Den Helder;;N;N;N;N;N;N;;FX;LLS;NK;;;;;5.18;0.00;0.00;2.53;0.00;30.00;0.00;3;1991-05-03;Z18;;;PA;1985-01-01
NLD;NLD198501258;;RET;1994-06-23;1994-06-23;NLD198501258;GO-15;AREND;NLGDR;Goedereede;PDMK;Y;N;N;N;N;N;;FX;TBB;MIS;;;;;3.40;0.00;0.00;1.00;0.00;4.00;0.00;3;1991-05-06;Z18;;;PA;1985-01-01
NLD;NLD198501279;;RET;1992-08-04;1992-08-04;NLD198501279;IJM-303;ORKNEY;NLIJM;Ijmuiden/Velsen;;N;N;N;N;N;N;;FX;TBB;GNS;;;;;4.88;0.00;0.00;1.28;0.00;11.00;0.00;3;1991-05-21;Z18;;;PA;1985-01-01
NLD;NLD198501336;;RET;1994-06-28;1994-06-28;NLD198501336;KW-231;ORION;NLKWK;Katwijk;;N;N;N;N;N;N;;FX;OTB;NK;;;;;5.60;0.00;0.00;2.18;0.00;45.00;0.00;3;1991-06-10;Z18;;;PA;1985-01-01
NLD;NLD198501382;;RET;1994-06-23;1994-06-23;NLD198501382;DZ-12;DOLFIJN;NLDZL;Delfzijl;;N;N;N;N;N;N;;FX;TBB;NK;;;;;5.90;0.00;0.00;2.34;0.00;14.00;0.00;3;1991-06-14;Z18;;;PA;1985-01-01
NLD;NLD198501415;;RET;1997-07-11;1997-07-11;NLD198501415;ZZ-20;ROXANNE;NLZIE;Zierikzee;;N;N;N;N;N;N;;FX;GNS;SDN;;;;;8.00;0.00;0.00;11.49;0.00;35.00;0.00;2;1991-06-20;4J7;;;PA;1985-01-01
NLD;NLD198501439;;RET;1994-06-24;1994-06-24;NLD198501439;HD-87;BOEKANIER 8;NLDHR;Den Helder;;N;N;N;N;N;N;;FX;TBB;NK;;;;;5.40;0.00;0.00;1.90;0.00;11.00;0.00;3;1991-06-25;Z18;;;PA;1985-01-01
NLD;NLD198501440;;RET;1994-06-28;1994-06-28;NLD198501440;KW-248;MARJANNE;NLKWK;Katwijk;;N;N;N;N;N;N;;FX;OTB;NK;;;;;5.35;0.00;0.00;2.38;0.00;62.00;0.00;3;1991-06-25;Z18;;;PA;1985-01-01
NLD;NLD198501450;;RET;1992-06-29;1992-06-29;NLD198501450;WR-323;STEFANIE;NLWRG;Wieringen/Den Oever;;N;N;N;N;N;N;;FX;TBB;FPO;;;;;7.50;0.00;0.00;1.74;0.00;40.00;0.00;3;1991-06-26;E17;;;PA;1985-01-01
NLD;NLD198501463;;RET;1994-06-23;1994-06-23;NLD198501463;GO-62;JUMBO;NLGDR;Goedereede;;N;N;N;N;N;N;;FX;TBB;GNS;;;;;5.35;0.00;0.00;3.49;0.00;55.00;0.00;3;1991-08-01;Z18;;;PA;1985-01-01
NLD;NLD198501512;;RET;1994-06-24;1994-06-24;NLD198501512;HON-27;LEVANT;NLHTN;Hontenisse;;N;N;N;N;N;N;;FX;TBB;MIS;;;;;10.20;0.00;0.00;21.05;0.00;77.00;0.00;2;1991-09-19;Z18;;;PA;1985-01-01
NLD;NLD198501521;;RET;2004-09-17;2004-09-17;NLD198501521;TH-17;TH-17;NLTHO;Tholen;;N;N;N;N;Y;N;;FX;FPO;NK;;;;;8.50;0.00;1.00;0.00;0.00;7.00;0.00;2;1991-09-27;MFL;;;PA;1985-01-01
NLD;NLD198501538;;RET;1994-06-24;1994-06-24;NLD198501538;HN-3;VROUWE MARINA;NLHRN;Hoorn;;N;N;N;N;N;N;;FX;TBB;MIS;;;;;10.00;0.00;0.00;18.06;0.00;42.00;0.00;2;1991-10-14;Z18;;;PA;1985-01-01
NLD;NLD198501561;;RET;1994-06-27;1994-06-27;NLD198501561;IJM-342;ENGEL;NLIJM;Ijmuiden/Velsen;;N;N;N;N;N;N;;FX;TBB;GNS;;;;;4.88;0.00;0.00;1.28;0.00;11.00;0.00;3;1991-10-17;Z18;;;PA;1985-01-01
NLD;NLD198501624;;RET;1994-06-27;1994-06-27;NLD198501624;TM-36;SIRIUS II;NLTMZ;Termunterzijl;;N;N;N;N;N;N;;FX;TBB;NK;;;;;5.50;0.00;0.00;0.68;0.00;11.00;0.00;1;1992-03-20;Z18;;;PA;1985-01-01
NLD;NLD198501633;;RET;1994-09-08;1994-09-08;NLD198501633;YE-40;YE-40;NLYSK;Yerseke;;N;N;N;N;N;N;;FX;FPO;NK;;;;;8.50;0.00;0.00;3.56;0.00;180.00;0.00;2;1992-04-09;Z18;;;PA;1985-01-01
NLD;NLD198501657;;RET;1994-06-23;1994-06-23;NLD198501657;HA-56;HA-56;NLHAR;Harlingen;;N;N;N;N;N;N;;FX;NK;MIS;;;;;4.50;0.00;0.00;1.49;0.00;11.00;0.00;3;1992-06-24;Z18;;;PA;1985-01-01
NLD;NLD198501684;;RET;1998-09-03;1998-09-03;NLD198501684;WR-91;INA;NLWRG;Wieringen/Den Oever;;N;N;N;N;N;N;;FX;FPO;GNS;;;;;7.50;0.00;2.00;0.00;0.00;29.00;0.00;2;1992-08-10;4J7;;;PA;1985-01-01
NLD;NLD198501687;;RET;1994-06-27;1994-06-27;NLD198501687;IJM-354;DE VISSERMAN;NLIJM;Ijmuiden/Velsen;;N;N;N;N;N;N;;FX;TBB;GNS;;;;;4.50;0.00;0.00;3.48;0.00;11.00;0.00;3;1992-08-17;Z18;;;PA;1985-01-01
NLD;NLD198501695;;RET;1994-06-24;1994-06-24;NLD198501695;HD-103;TORSK;NLDHR;Den Helder;;N;N;N;N;N;N;;FX;GNS;TBB;;;;;6.45;0.00;0.00;4.08;0.00;96.00;0.00;3;1992-09-09;Z18;;;PA;1985-01-01
NLD;NLD198501717;;RET;1993-04-19;1993-04-19;NLD198501717;NB-2;KEES;NLNBE;Nieuw-Beijerland;;N;N;N;N;N;N;;FX;FPO;LLS;;;;;7.00;0.00;0.00;2.15;0.00;18.00;0.00;3;1992-11-20;Z18;;;PA;1985-01-01
NLD;NLD198501728;;RET;1994-06-24;1994-06-24;NLD198501728;HON-35;KINKOORN;NLHTN;Hontenisse;;N;N;N;N;N;N;;FX;TBB;MIS;;;;;10.50;0.00;0.00;10.00;0.00;60.00;0.00;2;1993-01-14;Z18;;;PA;1985-01-01
NLD;NLD198501761;;MOD;2013-05-24;2100-12-31;NLD198501761;IJM-52;MARISSTELLA;NLIJM;Ijmuiden/Velsen;;N;Y;N;N;Y;N;;FX;GNS;MIS;;;;;10.39;0.00;6.00;0.00;0.00;51.00;0.00;3;1993-04-07;MFL;;;;1985-01-01
NLD;NLD198501802;;RET;1994-06-23;1994-06-23;NLD198501802;HA-88;RANA;NLHAR;Harlingen;;N;N;N;N;N;N;;FX;OTB;NK;;;;;4.00;0.00;0.00;0.41;0.00;11.00;0.00;3;1993-07-15;Z18;;;PA;1985-01-01
NLD;NLD198501809;;RET;1994-06-23;1994-06-23;NLD198501809;HA-95;ELINE;NLHAR;Harlingen;;N;N;N;N;N;N;;FX;NK;MIS;;;;;5.18;0.00;0.00;1.20;0.00;29.00;0.00;3;1993-07-29;Z18;;;PA;1985-01-01
NLD;NLD198501880;;RET;1997-07-11;1997-07-11;NLD198501880;IJM-304;LIZZY;NLIJM;Ijmuiden/Velsen;;N;N;N;N;N;N;;FX;GNS;PTB;;;;;6.40;0.00;0.00;3.42;0.00;16.00;0.00;3;1994-10-20;4J7;;;PA;1985-01-01
NLD;NLD198501919;;RET;2002-09-27;2002-09-27;NLD198501919;IJM-21;DOBBER;NLIJM;Ijmuiden/Velsen;;N;N;N;N;N;N;;FX;GNS;MIS;;;;;5.35;0.00;1.00;0.00;0.00;3.00;0.00;3;1995-05-11;4J1;;;PA;1985-01-01
NLD;NLD198501941;;RET;1997-07-11;1997-07-11;NLD198501941;WR-78;MARK;NLWRG;Wieringen/Den Oever;;N;N;N;N;N;N;;FX;FPO;GNS;;;;;5.20;0.00;0.00;1.51;0.00;3.00;0.00;1;1995-10-06;4J7;;;PA;1985-01-01
NLD;NLD198501986;;RET;2002-12-31;2002-12-31;NLD198501986;HI-35;PIETER VAN GRIETJE;NLHLP;Hindeloopen;;N;Y;N;N;N;N;;FX;GNS;LLS;;;;;18.04;0.00;40.00;0.00;0.00;96.00;0.00;2;1996-06-20;4JZ;;;PA;1985-01-01
NLD;NLD198502054;;CHA;2024-04-02;2100-12-31;NLD198502054;SCH-4;OLDENBURG 17;NLSCE;Scheveningen;;N;Y;N;Y;Y;N;;GO;GNS;LHP;;;;;5.27;0.00;1.00;0.00;0.00;37.00;37.00;3;2014-07-16;MFL;;;;1985-01-01
NLD;NLD198502069;;RET;2018-10-01;2018-10-01;NLD198502069;WR-51;NOVA CURA;NLWRG;Wieringen/Den Oever;;N;N;N;N;Y;N;;FX;GNS;OTM;;;;;6.00;0.00;1.00;0.00;0.00;22.00;0.00;3;1997-08-12;MFL;;;PA;1985-01-01
NLD;NLD198502154;;RET;2004-01-16;2004-01-16;NLD198502154;OD-31;JODOCUS;NLGDO;Goedereede-Ouddorp;;N;N;N;N;Y;N;;FX;FPO;MIS;;;;;5.25;0.00;1.00;0.00;0.00;22.00;0.00;4;1998-11-20;MFL;;;PA;1985-01-01
NLD;NLD198502204;;MOD;2008-05-09;2100-12-31;NLD198502204;TX-58;DE GEUL;NLTEX;Texel;;N;Y;N;N;Y;N;;LH;LHP;FPO;;;;;5.00;0.00;1.00;0.00;0.00;6.00;0.00;1;1999-06-21;MFL;;;;1985-01-01
NLD;NLD198502210;8301187;EXP;2005-12-05;2005-12-05;NLD198502210;KW-174;ANNELIES ILENA;NLKWK;Katwijk;PCFD;Y;N;Y;N;N;N;;FX;OTM;OTB;;;;;112.47;0.00;7244.00;0.00;0.00;9840.00;2000.00;2;1999-07-13;MFL;LTU;EX;PA;1985-01-01
NLD;NLD198502215;8422096;MOD;2016-12-21;2100-12-31;NLD198502215;WR-108;STELLA MARIS;NLWRG;Wieringen/Den Oever;PEBX;Y;Y;Y;Y;N;Y;246489000;MO;OTT;TBB;;;;;22.97;0.00;83.00;0.00;0.00;221.00;283.00;2;1985-10-13;MFL;;;;1985-01-01
NLD;NLD198502590;;RET;2001-04-01;2001-04-01;NLD198502590;WSW-6;ZEEHOND;NLWSW;Westenschouwen;;N;N;N;N;N;N;;FX;GNS;MIS;;;;;5.30;0.00;1.00;0.00;0.00;25.00;0.00;3;2000-07-03;4J7;;;PA;1985-01-01
NLD;NLD198571998;;RET;2021-04-20;2021-04-20;NLD198571998;HA-32;JOUKE VAN BROER;NLHAR;Harlingen;;N;N;Y;Y;N;N;;DB;DRH;PS;;;;;14.75;0.00;17.00;0.00;0.00;418.00;0.00;;2018-10-08;MFL;;;PA;1985-01-01
NLD;NLD198572085;;RET;2025-01-24;2025-01-24;NLD198572085;ST-6;MARIS STELLA;NLSTA;Stavoren;;N;N;N;N;N;N;;GO;GNS;FPO;;;;;10.46;0.00;6.00;0.00;0.00;88.00;0.00;;2021-09-27;MFL;;;PA;1985-01-01
NLD;NLD198572135;;CHA;2023-07-17;2100-12-31;NLD198572135;SL-77;KERMIT;NLSTD;Stellendam;;N;Y;N;N;Y;N;;GO;GNS;LHP;;;;;6.88;0.00;1.00;0.00;0.00;30.00;0.00;3;2023-07-17;MFL;;;;1985-01-01
NLD;NLD198572170;;CHA;2025-01-17;2100-12-31;NLD198572170;TH-22;OP HOOP VAN ZEGEN;NLTHO;Tholen;;N;Y;N;N;Y;N;;GO;GNS;GND;;;;;6.61;0.00;1.00;0.00;0.00;6.00;0.00;3;2025-01-17;MFL;;;;1985-01-01
NLD;NLD198572180;;CHA;2025-04-07;2100-12-31;NLD198572180;HD-71;HANNY;NLDHR;Den Helder;;N;Y;N;N;Y;N;;GO;GTN;LHP;;;;;5.15;0.00;1.00;0.00;0.00;6.00;0.00;2;2025-04-07;MFL;;;;1985-01-01
NLD;NLD198572186;;CHA;2025-05-28;2100-12-31;NLD198572186;SCH-61;ZILVERMEEUW;NLSCE;Scheveningen;;N;Y;N;N;Y;N;;LH;LHP;FPO;;;;;4.74;0.00;1.00;0.00;0.00;7.00;0.00;3;2025-05-28;MFL;;;;1985-01-01
NLD;NLD198572187;;CHA;2025-05-28;2100-12-31;NLD198572187;IJM-26;DRÉ;NLIJM;Ijmuiden/Velsen;;N;Y;N;N;Y;N;;LH;LHP;FPO;;;;;4.74;0.00;1.00;0.00;0.00;7.00;0.00;;2025-05-28;MFL;;;;1985-01-01
NLD;NLD198572188;;CHA;2025-05-28;2100-12-31;NLD198572188;SCH-461;STORMMEEUW;NLSCE;Scheveningen;;N;Y;N;N;Y;N;;LH;LHP;FPO;;;;;4.74;0.00;1.00;0.00;0.00;7.00;0.00;3;2025-05-28;MFL;;;;1985-01-01
NLD;NLD198572189;;CHA;2025-05-28;2100-12-31;NLD198572189;SCH-361;MANTELMEEUW;NLSCE;Scheveningen;;N;Y;N;N;Y;N;;LH;LHP;FPO;;;;;4.74;0.00;1.00;0.00;0.00;7.00;0.00;3;2025-05-28;MFL;;;;1985-01-01
NLD;NLD198600010;8432340;EXP;2014-12-15;2014-12-15;NLD198600010;GO-33;IMMANUEL;NLGDR;Goedereede;PDNI;Y;N;Y;N;N;N;;FX;TBB;OTT;;;;;22.30;0.00;86.00;0.00;0.00;221.00;59.00;2;1987-06-26;MFL;DEU;EX;PA;1986-01-01
NLD;NLD198600031;8431683;MOD;2018-09-28;2100-12-31;NLD198600031;IJM-8;RONY;NLIJM;Ijmuiden/Velsen;PFFE;Y;Y;Y;Y;N;Y;246206000;FX;OTB;TBB;;;;;23.50;0.00;75.00;0.00;0.00;221.00;0.00;2;1986-10-16;MFL;;;;1986-01-01
NLD;NLD198600037;;EXP;2003-10-02;2003-10-02;NLD198600037;ARM-20;GEERTRUID ADRIANA;NLARM;Arnemuiden;PEGM;Y;N;Y;N;N;N;;FX;TBB;MIS;;;;;45.39;0.00;542.00;0.00;0.00;2820.00;0.00;2;1986-11-26;MFL;GBR;EX;PA;1986-01-01
NLD;NLD198600038;;EXP;2002-12-31;2002-12-31;NLD198600038;BR-57;MARIA HELENA;NLBRS;Breskens;PFUC;Y;N;Y;N;N;N;;FX;TBB;MIS;;;;;45.54;0.00;544.00;0.00;0.00;2795.00;0.00;2;1986-08-22;4J3;PAN;;AC;1986-01-01
NLD;NLD198600042;;RET;2002-12-31;2002-12-31;NLD198600042;BU-191;DE GEBROEDERS;NLBUN;Bunschoten;;N;N;N;N;N;N;;FX;NK;MIS;;;;;14.10;0.00;18.00;0.00;0.00;113.00;0.00;4;1986-03-05;4JZ;;;PA;1986-01-01
NLD;NLD198600092;;DES;2005-12-03;2005-12-03;NLD198600092;UK-208;JANNY KORNELIS;NLURK;Urk;PGOC;Y;N;Y;N;N;N;;FX;TBB;OTT;;;;;42.44;0.00;420.00;0.00;0.00;1800.00;0.00;2;1986-12-05;MFL;;;AC;1986-01-01
NLD;NLD198600095;;DES;2008-01-26;2008-01-26;NLD198600095;UK-44;MORGENSTER;NLURK;Urk;PGAU;Y;N;Y;N;N;N;;FX;TBB;OTT;;;;;45.68;0.00;558.00;0.00;0.00;1471.00;700.00;2;1987-10-02;MFL;;;AC;1986-01-01
NLD;NLD198600120;8432613;DES;2020-09-07;2020-09-07;NLD198600120;UK-165;LUMMETJE;NLURK;Urk;PDQZ;Y;N;Y;Y;N;Y;244038000;MO;TBB;OTT;;;;;19.57;0.00;48.00;0.00;0.00;221.00;0.00;2;1986-09-03;MFL;;;PA;1986-01-01
NLD;NLD198600232;8805901;RET;2018-09-28;2018-09-28;NLD198600232;TX-63;VERWACHTING;NLTEX;Texel;PIFV;Y;N;Y;N;N;N;;FX;HMD;MIS;;;;;43.70;0.00;311.00;0.00;0.00;812.00;0.00;2;1986-06-04;MFL;;;PA;1986-01-01
NLD;NLD198600248;8519071;EXP;2012-08-15;2012-08-15;NLD198600248;SCH-333;OCEAAN VII;NLSCE;Scheveningen;PEGR;Y;N;Y;N;N;N;;FX;OTM;MIS;;;;;90.20;0.00;2624.00;0.00;0.00;3714.00;0.00;2;1986-05-29;MFL;COM;EX;PA;1986-01-01
NLD;NLD198600295;8505757;DES;2023-07-27;2023-07-27;NLD198600295;ARM-46;CORNELIA ADRIANA;NLARM;Arnemuiden;PDQJ;Y;N;Y;N;N;Y;244932000;FX;TBB;OTB;;;;;25.00;0.00;112.00;0.00;0.00;221.00;240.00;2;1986-06-06;MFL;;;AC;1986-01-01
NLD;NLD198600314;8505745;EXP;2012-06-01;2012-06-01;NLD198600314;HD-222;LIDA SUZANNA;NLDHR;Den Helder;PEPZ;Y;N;Y;N;N;N;;FX;TBB;PTB;;;;;25.00;0.00;112.00;0.00;0.00;221.00;0.00;2;1986-04-03;MFL;IRL;EX;PA;1986-01-01
NLD;NLD198600336;;RET;2004-06-28;2004-06-28;NLD198600336;SCH-21;FRIESLAND;NLSCE;Scheveningen;PEEM;Y;N;Y;N;N;N;;FX;OTM;MIS;;;;;101.74;0.00;3440.00;0.00;0.00;4600.00;0.00;2;1986-11-28;MFL;;;PA;1986-01-01
NLD;NLD198600450;;RET;1993-02-18;1993-02-18;NLD198600450;IJM-26;ORCA;NLIJM;Ijmuiden/Velsen;;N;N;N;N;N;N;;FX;GNS;MIS;;;;;6.00;0.00;0.00;1.55;0.00;66.00;0.00;4;1989-03-08;Z18;;;PA;1986-01-01
NLD;NLD198600485;;RET;1998-09-03;1998-09-03;NLD198600485;IJM-203;WIRON III;NLIJM;Ijmuiden/Velsen;PIRD;Y;N;N;N;N;N;;FX;PTM;MIS;;;;;39.89;0.00;499.00;0.00;0.00;1102.00;0.00;2;1986-12-09;4J7;;;PA;1986-01-01
NLD;NLD198600503;;EXP;1991-06-10;1991-06-10;NLD198600503;IJM-206;WIRON VI;NLIJM;Ijmuiden/Velsen;PIRI;Y;N;N;N;N;N;;FX;OTB;PTM;;;;;36.55;0.00;444.00;0.00;0.00;883.00;0.00;2;1986-09-09;KUQ;NAM;EX;AC;1986-01-01
NLD;NLD198600515;8930005;MOD;2019-01-01;2100-12-31;NLD198600515;VLI-5;BLUE FIN;NLVLI;Vlissingen;PFSF;Y;Y;Y;Y;N;Y;244977000;DM;DRM;DRB;;;;;32.20;0.00;80.00;0.00;0.00;280.00;364.00;2;1989-08-21;MFL;;;;1986-01-01
NLD;NLD198600519;;DES;2005-11-06;2005-11-06;NLD198600519;VLI-6;MARIA;NLVLI;Vlissingen;PFUH;Y;N;Y;N;N;N;;FX;TBB;MIS;;;;;38.06;0.00;361.00;0.00;0.00;1471.00;535.00;2;1986-11-17;MFL;;;AC;1986-01-01
NLD;NLD198600577;;RET;2002-12-31;2002-12-31;NLD198600577;WON-38;BARI;NLMKM;Wonseradeel/Makkum;;N;N;N;N;N;N;;FX;GNS;NK;;;;;15.18;0.00;29.00;0.00;0.00;96.00;0.00;2;1988-05-03;4JZ;;;PA;1986-01-01
NLD;NLD198600627;8705826;DES;2023-05-03;2023-05-03;NLD198600627;UK-33;WILLEMPJE HOEKSTRA;NLURK;Urk;PIPL;Y;N;Y;Y;N;Y;245293000;MO;TBB;MIS;;;;;40.73;0.00;426.00;0.00;0.00;1471.00;0.00;2;1987-01-14;MFL;;;AC;1986-01-01
NLD;NLD198600738;8521646;EXP;1990-04-11;1990-04-11;NLD198600738;WR-189;BONAFIDE;NLWRG;Wieringen/Den Oever;PDEW;Y;N;N;N;N;N;;FX;PTB;TBB;;;;;24.69;0.00;107.00;0.00;0.00;290.00;0.00;2;1987-02-05;KUQ;DEU;EX;PA;1986-01-01
NLD;NLD198600752;;RET;2005-04-08;2005-04-08;NLD198600752;WR-238;THEODORA;NLWRG;Wieringen/Den Oever;PI6810;Y;N;N;N;N;N;;FX;HMD;MIS;;;;;36.02;0.00;169.00;0.00;0.00;812.00;0.00;2;1987-06-15;MFL;;;PA;1986-01-01
NLD;NLD198600800;8605387;MOD;2024-06-13;2100-12-31;NLD198600800;YE-24;TWEE GEBROEDERS;NLYSK;Yerseke;PI3682;Y;Y;N;N;N;N;;FX;DRB;DRM;;;;;31.05;0.00;134.00;0.00;0.00;508.00;185.00;2;1987-05-11;AQU;;;;1986-01-01
NLD;NLD198600864;8985127;IMP;2013-07-11;2100-12-31;NLD198600864;BRU-72;STORMVOGEL;NLBSE;Bruinisse;PEBA;Y;Y;N;N;N;N;;FX;DRB;MIS;;;;;35.98;0.00;170.00;0.00;0.00;459.00;234.00;2;1986-10-09;AQU;GBR;;PA;1986-01-01
NLD;NLD198600880;;RET;2013-11-25;2013-11-25;NLD198600880;KL-46;RENATE;NLKLU;Klundert;PBDZ;Y;N;N;N;N;N;;FX;FPO;MIS;;;;;17.00;0.00;51.00;0.00;0.00;162.00;0.00;2;1987-01-27;MFL;;;PA;1986-01-01
NLD;NLD198600940;;RET;1994-06-28;1994-06-28;NLD198600940;WON-8;DAGERAAD;NLMKM;Wonseradeel/Makkum;;N;N;N;N;N;N;;FX;TBB;MIS;;;;;8.50;0.00;0.00;9.00;0.00;66.00;0.00;2;1986-09-18;Z18;;;PA;1986-01-01
NLD;NLD198600967;;RET;2005-10-24;2005-10-24;NLD198600967;UK-68;DE JONGE JOHANNES;NLURK;Urk;PDOV;Y;N;Y;N;N;N;;FX;TBB;OTB;;;;;42.44;0.00;427.00;0.00;0.00;2000.00;515.00;2;1986-06-10;MFL;;;AC;1986-01-01
NLD;NLD198600989;8521737;RET;2015-09-24;2015-09-24;NLD198600989;TH-43;MARIA;NLTHO;Tholen;PFTW;Y;N;Y;N;N;N;;FX;TBB;MIS;;;;;39.38;0.00;381.00;0.00;0.00;1471.00;0.00;2;1986-08-27;MFL;;;PA;1986-01-01
NLD;NLD198601158;;RET;1994-06-24;1994-06-24;NLD198601158;SCH-40;GULLETJE;NLSCE;Scheveningen;;N;N;N;N;N;N;;FX;OTB;MIS;;;;;5.60;0.00;0.00;2.31;0.00;5.00;0.00;3;1991-01-25;Z18;;;PA;1986-01-01
NLD;NLD198601168;;RET;1994-06-27;1994-06-27;NLD198601168;SCH-91;DE KLEINE BEER;NLSCE;Scheveningen;;N;N;N;N;N;N;;FX;GNS;LLS;;;;;5.70;0.00;0.00;2.23;0.00;4.00;0.00;3;1991-01-31;Z18;;;PA;1986-01-01
NLD;NLD198601170;;CHA;2020-05-01;2100-12-31;NLD198601170;LE-62;NADINE-HILTJE;NLLEM;Lemsterland;;N;Y;N;N;Y;N;;MSN;OTB;GNS;;;;;8.04;0.00;1.00;0.00;0.00;52.00;0.00;3;2020-05-01;MFL;;;;1986-01-01
NLD;NLD198601198;;RET;1996-05-08;1996-05-08;NLD198601198;UK-245;JELLE;NLURK;Urk;;N;N;N;N;N;N;;FX;TBB;MIS;;;;;4.50;0.00;1.00;0.00;0.00;18.00;0.00;4;1991-03-12;Z18;;;PA;1986-01-01
NLD;NLD198601343;;RET;2000-04-01;2000-04-01;NLD198601343;KW-244;MARLENE;NLKWK;Katwijk;;N;N;N;N;N;N;;FX;TBB;OTB;;;;;5.40;0.00;0.00;2.85;0.00;44.00;0.00;3;1991-06-10;4J7;;;PA;1986-01-01
NLD;NLD198601387;;RET;1994-06-28;1994-06-28;NLD198601387;WR-104;MARIETJE;NLWRG;Wieringen/Den Oever;;N;N;N;N;N;N;;FX;FPO;GNS;;;;;4.10;0.00;0.00;1.14;0.00;10.00;0.00;3;1991-06-18;Z18;;;PA;1986-01-01
NLD;NLD198601468;;RET;1994-09-08;1994-09-08;NLD198601468;UK-13;ALBATROS;NLURK;Urk;;N;N;N;N;N;N;;FX;TBB;GNS;;;;;6.30;0.00;0.00;3.82;0.00;10.00;0.00;2;1991-08-12;Z18;;;PA;1986-01-01
NLD;NLD198601492;;RET;1994-06-28;1994-06-28;NLD198601492;KW-240;WILLY;NLKWK;Katwijk;;N;N;N;N;N;N;;FX;TBB;OTB;;;;;4.50;0.00;0.00;0.75;0.00;18.00;0.00;3;1991-08-23;Z18;;;PA;1986-01-01
NLD;NLD198601528;;RET;1994-06-24;1994-06-24;NLD198601528;HD-94;ABSON;NLDHR;Den Helder;;N;N;N;N;N;N;;FX;GNS;TBB;;;;;5.35;0.00;0.00;2.17;0.00;33.00;10.00;3;1991-10-03;Z18;;;PA;1986-01-01
NLD;NLD198601581;;RET;2000-04-01;2000-04-01;NLD198601581;HD-97;NAOMI JACOBA;NLDHR;Den Helder;;N;N;N;N;N;N;;FX;TBB;NK;;;;;8.00;0.00;0.00;4.95;0.00;20.00;0.00;2;1991-11-29;4J7;;;PA;1986-01-01
NLD;NLD198601583;;RET;1994-06-27;1994-06-27;NLD198601583;IJM-324;SYJO;NLIJM;Ijmuiden/Velsen;;N;N;N;N;N;N;;FX;GNS;LLS;;;;;5.10;0.00;0.00;2.25;0.00;15.00;0.00;3;1991-11-29;Z18;;;PA;1986-01-01
NLD;NLD198601609;;RET;1993-05-27;1993-05-27;NLD198601609;WR-63;DITRIALDIE;NLWRG;Wieringen/Den Oever;;N;N;N;N;N;N;;FX;GNS;LLS;;;;;5.00;0.00;0.00;2.14;0.00;18.00;0.00;3;1992-01-27;Z18;;;PA;1986-01-01
NLD;NLD198601616;;RET;1994-06-27;1994-06-27;NLD198601616;UQ-13;WYPKE;NLNPZ;Usquert/Noordpolderzijl;;N;N;N;N;N;N;;FX;GNS;LLS;;;;;10.40;0.00;0.00;19.85;0.00;40.00;0.00;2;1992-02-18;Z18;;;PA;1986-01-01
NLD;NLD198601625;;RET;1994-06-27;1994-06-27;NLD198601625;TM-37;SIRIUS;NLTMZ;Termunterzijl;;N;N;N;N;N;N;;FX;TBB;NK;;;;;7.80;0.00;0.00;3.44;0.00;37.00;0.00;2;1992-03-20;Z18;;;PA;1986-01-01
NLD;NLD198601641;;RET;1997-07-11;1997-07-11;NLD198601641;LO-11;NYNKE;NLLAN;Lauwersoog;;N;N;N;N;N;N;;FX;NK;MIS;;;;;4.08;0.00;1.00;0.00;0.00;15.00;0.00;3;1992-05-21;4J7;;;PA;1986-01-01
NLD;NLD198601674;;RET;1994-09-08;1994-09-08;NLD198601674;UK-171;QUO VADIS;NLURK;Urk;;N;N;N;N;N;N;;FX;OTB;MIS;;;;;4.90;0.00;0.00;0.96;0.00;30.00;0.00;4;1992-08-04;E17;;;PA;1986-01-01
NLD;NLD198601731;;MOD;2012-11-09;2100-12-31;NLD198601731;UK-353;RIEKELT;NLURK;Urk;;N;Y;N;N;Y;N;;TU;OTB;MIS;;;;;3.80;0.00;1.00;0.00;0.00;4.00;0.00;4;1993-01-21;MFL;;;;1986-01-01
NLD;NLD198601830;;RET;1994-09-08;1994-09-08;NLD198601830;UK-25;FLORIAN;NLURK;Urk;;N;N;N;N;N;N;;FX;TBB;OTB;;;;;6.25;0.00;0.00;4.19;0.00;66.00;0.00;3;1993-10-12;Z18;;;PA;1986-01-01
NLD;NLD198601856;;MOD;2017-07-30;2100-12-31;NLD198601856;WR-243;DE NOORDSTER;NLWRG;Wieringen/Den Oever;;N;Y;N;N;Y;N;;TU;PTB;PTM;;;;;10.77;0.00;6.00;0.00;0.00;24.00;0.00;1;1994-02-08;MFL;;;;1986-01-01
NLD;NLD198601878;;RET;1997-07-11;1997-07-11;NLD198601878;BRU-21;BRU-21;NLBSE;Bruinisse;;N;N;N;N;N;N;;FX;FPO;NK;;;;;6.90;0.00;0.00;4.36;0.00;30.00;0.00;3;1994-10-20;4J7;;;PA;1986-01-01
NLD;NLD198601973;;RET;2001-04-01;2001-04-01;NLD198601973;HD-226;JOZINA II;NLDHR;Den Helder;;N;N;N;N;N;N;;FX;TBB;GNS;;;;;13.92;0.00;17.00;0.00;0.00;77.00;10.00;2;1996-05-08;4J7;;;PA;1986-01-01
NLD;NLD198601996;;RET;1996-12-09;1996-12-09;NLD198601996;UK-173;ICHTHUS;NLURK;Urk;;N;N;N;N;N;N;;FX;GNS;LLS;;;;;9.00;0.00;8.36;0.00;0.00;19.00;0.00;2;1996-08-12;Z18;;;PA;1986-01-01
NLD;NLD198602061;;RET;1998-07-28;1998-07-28;NLD198602061;IJM-2;TWISTER;NLIJM;Ijmuiden/Velsen;;N;N;N;N;N;N;;FX;GNS;MIS;;;;;8.00;0.00;0.00;6.00;0.00;110.00;0.00;3;1997-06-30;4J1;;;PA;1986-01-01
NLD;NLD198602072;;MOD;2021-04-07;2100-12-31;NLD198602072;HON-1;CHRISTIANNE;NLHTN;Hontenisse;;N;Y;N;N;Y;N;;TU;OTB;TBB;;;;;11.82;0.00;8.00;0.00;0.00;88.00;0.00;2;2013-10-29;MFL;;;;1986-01-01
NLD;NLD198602130;;RET;2006-06-12;2006-06-12;NLD198602130;IJM-50;TINA;NLIJM;Ijmuiden/Velsen;;N;N;N;N;Y;N;;FX;GNS;MIS;;;;;3.60;0.00;1.00;0.00;0.00;4.00;0.00;3;1998-10-07;MFL;;;PA;1986-01-01
NLD;NLD198602563;;MOD;2010-09-14;2100-12-31;NLD198602563;IJM-51;FRANCISCUS;NLIJM;Ijmuiden/Velsen;;N;Y;N;N;Y;N;;FX;GNS;LHP;;;;;9.99;0.00;6.00;0.00;0.00;36.50;0.00;3;2000-01-27;MFL;;;;1986-01-01
NLD;NLD198602591;;RET;2005-04-08;2005-04-08;NLD198602591;UQ-31;MERLIJN;NLNPZ;Usquert/Noordpolderzijl;;N;N;N;N;Y;N;;FX;GNS;GNC;;;;;5.40;0.00;1.00;0.00;0.00;11.00;0.00;4;2000-07-06;MFL;;;PA;1986-01-01
NLD;NLD198602666;;RET;2024-07-23;2024-07-23;NLD198602666;ARM-24;RUYTINGEN;NLARM;Arnemuiden;;N;N;N;N;Y;N;;LH;OTB;GNS;;;;;7.20;0.00;3.00;0.00;0.00;31.00;0.00;2;2006-03-17;MFL;;;PA;1986-01-01
NLD;NLD198602667;;RET;2007-08-24;2007-08-24;NLD198602667;ARM-19;AOLTIED WA;NLARM;Arnemuiden;;N;N;N;N;Y;N;;FX;OTB;GNS;;;;;8.00;0.00;3.00;0.00;0.00;35.00;0.00;2;2006-03-20;MFL;;;PA;1986-01-01
NLD;NLD198613675;;CHA;2016-02-25;2100-12-31;NLD198613675;BRU-30;CLAZINA TEUNTJE;NLBSE;Bruinisse;;N;Y;N;N;Y;N;;WOP;FPO;LHM;;;;;6.65;0.00;1.00;0.00;0.00;44.00;0.00;2;2016-02-25;MFL;;;;1986-01-01
NLD;NLD198640084;;RET;2023-04-03;2023-04-03;NLD198640084;VL-23;LUCKY-23;NLVLA;Vlaardingen;PD2877;Y;N;N;N;Y;N;;LH;LHP;LLS;;;;;5.27;0.00;1.00;0.00;0.00;66.00;0.00;4;2018-05-15;MFL;;;PA;1986-01-01
NLD;NLD198700001;;EXP;2005-03-04;2005-03-04;NLD198700001;ARM-4;JOZINA;NLARM;Arnemuiden;PFFK;Y;N;Y;N;N;N;;FX;TBB;MIS;;;;;45.68;0.00;560.00;0.00;0.00;2820.00;0.00;2;1987-12-14;MFL;GBR;EX;PA;1987-01-01
NLD;NLD198700003;8718938;MOD;2017-03-31;2100-12-31;NLD198700003;ARM-7;JAN SENIOR;NLARM;Arnemuiden;PFBT;Y;Y;Y;Y;N;Y;245441000;MO;TBB;MIS;;;;;45.68;0.00;560.00;0.00;0.00;1471.00;0.00;2;1987-12-04;MFL;;;;1987-01-01
NLD;NLD198700011;;DES;2008-01-26;2008-01-26;NLD198700011;ARM-17;JACOMINA BLAZINA;NLARM;Arnemuiden;PEYG;Y;N;Y;N;N;N;;FX;TBB;MIS;;;;;43.70;0.00;555.00;0.00;0.00;2210.00;0.00;2;1987-11-30;MFL;;;AC;1987-01-01
NLD;NLD198700015;8701428;EXP;2004-10-01;2004-10-01;NLD198700015;BR-14;CORNELIA-J;NLBRS;Breskens;PDLS;Y;N;Y;N;N;N;;FX;TBB;MIS;;;;;45.68;0.00;557.00;0.00;0.00;2820.00;525.00;2;1987-12-18;MFL;GBR;EX;PA;1987-01-01
NLD;NLD198700051;;RET;2008-07-24;2008-07-24;NLD198700051;HA-81;DELTA QUEEN;NLHAR;Harlingen;PDPF;Y;N;Y;N;N;N;;FX;DRB;MIS;;;;;43.24;0.00;282.00;0.00;0.00;810.00;0.00;2;1987-08-21;MFL;;;PA;1987-01-01
NLD;NLD198700055;;RET;2003-06-30;2003-06-30;NLD198700055;BZ-12;STATICE II;NLBZM;Bergse Diepsluis/Bergen Op Zoom;;N;N;N;N;Y;N;;FX;GNS;MIS;;;;;9.84;0.00;2.00;0.00;0.00;40.00;0.00;2;1989-03-08;MFL;;;PA;1987-01-01
NLD;NLD198700087;;EXP;1999-04-28;1999-04-28;NLD198700087;GO-22;CORNELIS;NLGDR;Goedereede;PDMW;Y;N;N;Y;N;Y;246214000;TUB;TBB;MIS;;;;;45.60;0.00;557.00;0.00;0.00;2868.00;0.00;2;1987-11-19;4J3;IRL;EX;PA;1987-01-01
NLD;NLD198700088;8521749;MOD;2022-04-29;2100-12-31;NLD198700088;UK-38;KLEINE JAN;NLURK;Urk;PBNV;Y;Y;Y;Y;N;Y;245928000;SN;SSC;OTB;;;;;35.79;0.00;338.00;0.00;0.00;500.00;700.00;2;1987-03-09;MFL;;;;1987-01-01
NLD;NLD198700139;8431891;MOD;2020-05-14;2100-12-31;NLD198700139;ZK-147;DE KIM;NLZOT;Zoutkamp;PFDS;Y;Y;Y;Y;N;Y;245445000;MO;TBB;OTB;;;;;23.92;0.00;88.00;0.00;0.00;221.00;85.00;2;1988-04-21;MFL;;;;1987-01-01
NLD;NLD198700158;;DES;2008-01-26;2008-01-26;NLD198700158;HD-21;JACOB SENIOR;NLDHR;Den Helder;PEYF;Y;N;Y;N;N;N;;FX;TBB;MIS;;;;;40.20;0.00;465.00;0.00;0.00;1471.00;0.00;2;1987-04-01;MFL;;;AC;1987-01-01
NLD;NLD198700164;8701404;DES;2023-06-01;2023-06-01;NLD198700164;UK-456;MARIE-JOSE;NLURK;Urk;PBQF;Y;N;Y;Y;N;Y;244890031;MO;TBB;MIS;;;;;40.20;0.00;477.00;0.00;0.00;1469.00;440.00;2;2016-08-24;MFL;;;AC;1987-01-01
NLD;NLD198700180;;DES;2005-11-06;2005-11-06;NLD198700180;HD-36;VOLHARDING;NLDHR;Den Helder;PIHZ;Y;N;Y;N;N;N;;FX;TBB;MIS;;;;;39.90;0.00;371.00;0.00;0.00;1471.00;0.00;2;1987-03-16;MFL;;;AC;1987-01-01
NLD;NLD198700225;8615203;MOD;2016-12-09;2100-12-31;NLD198700225;WR-29;LAURINA ARIETTA;NLWRG;Wieringen/Den Oever;PIZO;Y;Y;Y;Y;N;Y;246135000;MO;TBB;OTB;;;;;22.97;0.00;83.00;0.00;0.00;221.00;60.00;2;1987-04-16;MFL;;;;1987-01-01
NLD;NLD198700241;8431437;MOD;2021-01-14;2100-12-31;NLD198700241;WL-22;GERDA;NLWDE;Westdongeradeel;PIZQ;Y;Y;Y;Y;N;Y;244687000;TU;TBB;OTB;;;;;19.60;0.00;54.00;0.00;0.00;188.00;0.00;2;1988-01-28;MFL;;;;1987-01-01
NLD;NLD198700250;;DES;2005-11-06;2005-11-06;NLD198700250;KW-32;STERN;NLKWK;Katwijk;PHDW;Y;N;Y;N;N;N;;FX;TBB;OTB;;;;;45.54;0.00;547.00;0.00;0.00;2626.00;0.00;2;1987-07-17;MFL;;;AC;1987-01-01
NLD;NLD198700281;8619998;MOD;2025-09-02;2100-12-31;NLD198700281;OD-6;ZELDEN RUST;NLGDO;Goedereede-Ouddorp;PIXX;Y;Y;Y;Y;N;Y;245794000;FX;TBB;OTB;;;;;39.45;0.00;294.00;0.00;0.00;749.00;1280.00;2;1987-10-28;MFL;;;PA;1987-01-01
NLD;NLD198700293;;CHA;2020-06-09;2100-12-31;NLD198700293;OD-10;LAURINA;NLGDO;Goedereede-Ouddorp;;N;Y;N;N;Y;N;;WO;FPO;GNS;;;;;8.95;0.00;4.00;0.00;0.00;65.00;0.00;2;2020-06-09;MFL;;;;1987-01-01
NLD;NLD198700337;;CHA;2022-04-15;2100-12-31;NLD198700337;WL-25;ANTJE;NLWDE;Westdongeradeel;PH3137;Y;Y;Y;Y;N;Y;244030722;MO;TBB;MIS;;;;;19.81;0.00;38.00;0.00;0.00;162.00;22.00;2;1988-05-31;MFL;;;;1987-01-01
NLD;NLD198700489;;RET;1998-09-03;1998-09-03;NLD198700489;IJM-204;WIRON IV;NLIJM;Ijmuiden/Velsen;PIRF;Y;N;N;N;N;N;;FX;PTM;MIS;;;;;39.89;0.00;499.00;0.00;0.00;1102.00;0.00;2;1987-06-12;4J7;;;PA;1987-01-01
NLD;NLD198700492;;DES;2005-11-06;2005-11-06;NLD198700492;TX-33;MAARTEN CORNELIS;NLTEX;Texel;PFQT;Y;N;Y;Y;N;Y;244570000;TUB;TBB;OTT;;;;;40.40;0.00;350.00;0.00;0.00;1681.00;438.00;2;1987-08-03;MFL;;;AC;1987-01-01
NLD;NLD198700501;8431994;MOD;2024-06-19;2100-12-31;NLD198700501;YE-44;DENNIS;NLYSK;Yerseke;PIFW;Y;Y;Y;Y;N;Y;245863000;MO;TBB;GNS;;;;;22.33;0.00;69.00;0.00;0.00;221.00;0.00;2;1987-11-12;MFL;;;;1987-01-01
NLD;NLD198700547;;DES;2008-01-26;2008-01-26;NLD198700547;VLI-27;ROSALIA CLASINA;NLVLI;Vlissingen;PHDT;Y;N;Y;N;N;N;;FX;TBB;MIS;;;;;45.68;0.00;558.00;0.00;0.00;1471.00;530.00;2;1987-07-29;MFL;;;AC;1987-01-01
NLD;NLD198700557;;RET;2019-04-15;2019-04-15;NLD198700557;TH-15;ELEAZAR;NLTHO;Tholen;PE2368;Y;N;N;N;Y;N;;FX;GNS;GND;;;;;8.84;0.00;3.00;0.00;0.00;132.00;0.00;3;1987-01-01;MFL;;;PA;1987-01-01
NLD;NLD198700579;8701399;MOD;2017-03-31;2100-12-31;NLD198700579;UK-45;JACOB WILLEMINA;NLURK;Urk;PDCV;Y;Y;Y;Y;N;Y;244299000;FX;TBB;MIS;;;;;40.20;0.00;462.00;0.00;0.00;1471.00;554.00;2;1987-12-28;MFL;;;;1987-01-01
NLD;NLD198700629;8805913;MOD;2023-03-27;2100-12-31;NLD198700629;UK-159;DE JONGE ALBERT;NLURK;Urk;PDPO;Y;Y;Y;Y;N;Y;244188000;MO;OTB;TBB;;;;;24.69;0.00;108.00;0.00;0.00;221.00;0.01;2;1988-01-08;MFL;;;;1987-01-01
NLD;NLD198700713;;DES;2005-11-06;2005-11-06;NLD198700713;UK-53;MAARTEN POST;NLURK;Urk;PFQZ;Y;N;Y;N;N;N;;FX;TBB;MIS;;;;;40.73;0.00;418.00;0.00;0.00;1570.00;0.00;2;1988-01-16;MFL;;;AC;1987-01-01
NLD;NLD198700770;;DES;2005-10-21;2005-10-21;NLD198700770;UK-268;JACOBA ALIJDA;NLURK;Urk;PEYB;Y;N;Y;N;N;N;;FX;TBB;OTT;;;;;42.44;0.00;429.00;0.00;0.00;2000.00;368.00;2;1987-12-03;MFL;;;PA;1987-01-01
NLD;NLD198700778;8712972;EXP;2011-02-22;2011-02-22;NLD198700778;HD-64;LIA-JAN;NLDHR;Den Helder;PFSB;Y;N;Y;N;N;N;;FX;TBB;OTB;;;;;24.73;0.00;106.00;0.00;0.00;221.00;160.00;2;1987-08-31;MFL;IRL;EX;PA;1987-01-01
NLD;NLD198700794;;RET;2024-08-09;2024-08-09;NLD198700794;ZK-1;MIRLE;NLZOT;Zoutkamp;PH9461;Y;N;Y;Y;N;Y;244150996;TU;TBB;FPO;;;;;14.99;0.00;17.00;0.00;0.00;100.00;0.00;2;1988-06-06;MFL;;;PA;1987-01-01
NLD;NLD198700811;8619974;MOD;2008-06-06;2100-12-31;NLD198700811;YE-71;JOHANNA ANTOINETTE;NLYSK;Yerseke;PH8323;Y;Y;N;N;N;N;;FX;DRB;MIS;;;;;33.04;0.00;155.00;0.00;0.00;596.00;100.00;2;1987-06-16;AQU;;;;1987-01-01
NLD;NLD198700818;8706466;MOD;2019-01-01;2100-12-31;NLD198700818;YE-172;PIET HEIN;NLYSK;Yerseke;PGTJ;Y;Y;Y;Y;N;Y;246092000;DM;DRM;MIS;;;;;40.06;0.00;191.00;0.00;0.00;626.00;0.00;2;1987-09-11;MFL;;;;1987-01-01
NLD;NLD198700827;8704028;MOD;2023-08-18;2100-12-31;NLD198700827;TX-20;WALRUS;NLTEX;Texel;PE2931;Y;Y;N;Y;N;Y;244770343;FX;OTB;MIS;;;;;30.04;0.00;138.00;0.00;0.00;217.00;0.00;2;1987-09-28;MFL;;;;1987-01-01
NLD;NLD198700833;8706284;MOD;2019-01-01;2100-12-31;NLD198700833;YE-42;ANNA ELIZABETH;NLYSK;Yerseke;PCRI;Y;Y;Y;N;N;Y;246027000;DM;DRM;DRB;;;;;40.08;0.00;267.00;0.00;0.00;750.00;0.00;2;1987-08-25;MFL;;;;1987-01-01
NLD;NLD198700836;8703983;MOD;2019-01-01;2100-12-31;NLD198700836;YE-198;IDA MARIA;NLYSK;Yerseke;PEVO;Y;Y;Y;N;N;N;;FX;DRM;DRB;;;;;40.04;0.00;220.00;0.00;0.00;702.00;150.00;2;1987-09-01;AQU;;;;1987-01-01
NLD;NLD198700840;8704016;MOD;2019-12-18;2100-12-31;NLD198700840;YE-92;DE ZEEMEERMIN;NLYSK;Yerseke;PIXF;Y;Y;Y;Y;N;Y;246209000;DM;DRM;MIS;;;;;40.15;0.00;283.00;0.00;0.00;678.00;520.00;2;1987-08-31;MFL;;;;1987-01-01
NLD;NLD198700841;;EXP;1993-10-27;1993-10-27;NLD198700841;YE-93;OSTREA;NLYSK;Yerseke;;N;N;N;N;N;N;;FX;DRB;MIS;;;;;28.46;0.00;0.00;122.04;0.00;442.00;0.00;2;1988-07-19;Z18;GBR;EX;PA;1987-01-01
NLD;NLD198700868;;RET;2009-04-02;2009-04-02;NLD198700868;YE-101;PHILIPPUS;NLYSK;Yerseke;PGSP;Y;N;Y;N;N;N;;FX;DRB;MIS;;;;;39.56;0.00;195.00;0.00;0.00;700.00;800.00;2;1987-08-31;AQU;;;PA;1987-01-01
NLD;NLD198700887;8712142;MOD;2003-01-01;2100-12-31;NLD198700887;YE-87;DANIEL PIETER;NLYSK;Yerseke;PDUL;Y;Y;N;N;N;N;;FX;DRB;MIS;;;;;36.36;0.00;205.00;0.00;0.00;670.00;475.00;4;1988-03-09;AQU;;;;1987-01-01
NLD;NLD198700935;;DES;2008-01-26;2008-01-26;NLD198700935;UK-104;NEELTJE;NLURK;Urk;PGEK;Y;N;Y;N;N;N;;FX;TBB;OTB;;;;;45.02;0.00;499.00;0.00;0.00;1471.00;0.00;2;1988-01-08;MFL;;;AC;1987-01-01
NLD;NLD198700971;;EXP;1998-12-15;1998-12-15;NLD198700971;UK-281;KORNELIS JAN;NLURK;Urk;PFLH;Y;N;N;N;N;N;;FX;TBB;MIS;;;;;42.05;0.00;394.00;0.00;0.00;1680.00;0.00;2;1987-08-18;4J3;GBR;EX;PA;1987-01-01
NLD;NLD198701004;8701105;EXP;2012-10-16;2012-10-16;NLD198701004;UK-167;DEO JUVANTE;NLURK;Urk;PDPP;Y;N;Y;N;N;N;;FX;TBB;OTT;;;;;43.97;0.00;527.00;0.00;0.00;1471.00;0.00;2;1988-04-15;MFL;BLZ;EX;PA;1987-01-01
NLD;NLD198701037;8587236;MOD;2020-10-28;2100-12-31;NLD198701037;HK-86;MARKERWAARD;NLHRD;Harderwijk;PBSP;Y;Y;Y;Y;N;Y;244820038;TU;TBB;MIS;;;;;23.59;0.00;55.00;0.00;0.00;221.00;69.00;2;2019-03-28;MFL;;;PA;1987-01-01
NLD;NLD198701074;;RET;2007-07-26;2007-07-26;NLD198701074;KW-88;PELIKAAN;NLKWK;Katwijk;PGRY;Y;N;Y;N;N;N;;FX;TBB;OTB;;;;;45.68;0.00;560.00;0.00;0.00;2820.00;700.00;2;1990-07-17;MFL;;;PA;1990-01-01
NLD;NLD198701100;;MOD;2025-07-22;2100-12-31;NLD198701100;YE-122;NATASHA;NLYSK;Yerseke;;N;Y;N;N;Y;N;;GO;GNS;FPO;;;;;7.58;0.00;3.00;0.00;0.00;37.00;0.00;;1990-11-06;MFL;;;;1987-01-01
NLD;NLD198701101;;RET;2000-07-11;2000-07-11;NLD198701101;OD-24;NELLA;NLGDO;Goedereede-Ouddorp;;N;N;N;N;N;N;;FX;FPO;GNS;;;;;8.24;0.00;1.00;0.00;0.00;37.00;0.00;2;1990-11-06;4J7;;;PA;1987-01-01
NLD;NLD198701185;;CHA;2011-05-24;2100-12-31;NLD198701185;SCH-335;MANDY;NLSCE;Scheveningen;;N;Y;N;N;Y;Y;244710825;GO;GNS;OTB;;;;;9.50;0.00;7.00;0.00;0.00;48.00;0.00;3;2011-05-24;MFL;;;;1987-01-01
NLD;NLD198701188;;RET;2002-09-20;2002-09-20;NLD198701188;LO-16;ZUIDERZEE;NLLAN;Lauwersoog;;N;N;N;N;N;N;;FX;GNS;TBB;;;;;7.15;0.00;3.00;0.00;0.00;24.00;0.00;3;1991-03-06;4J5;;;PA;1987-01-01
NLD;NLD198701195;;MOD;2010-05-26;2100-12-31;NLD198701195;TX-54;WENDY;NLTEX;Texel;;N;Y;N;N;Y;N;;GO;FPO;OTB;;;;;6.56;0.00;1.00;0.00;0.00;9.00;0.00;2;1991-03-12;MFL;;;;1987-01-01
NLD;NLD198701197;;RET;1994-06-27;1994-06-27;NLD198701197;SCH-82;BEP;NLSCE;Scheveningen;;N;N;N;N;N;N;;FX;GNS;LLS;;;;;6.00;0.00;0.00;2.84;0.00;81.00;0.00;3;1991-03-12;Z18;;;PA;1987-01-01
NLD;NLD198701245;;RET;1994-06-27;1994-06-27;NLD198701245;TX-71;NELY B;NLTEX;Texel;;N;N;N;N;N;N;;FX;TBB;NK;;;;;5.00;0.00;0.00;2.45;0.00;20.00;5.00;3;1991-04-16;Z18;;;PA;1987-01-01
NLD;NLD198701250;;RET;1994-06-24;1994-06-24;NLD198701250;HD-60;RIA;NLDHR;Den Helder;;N;N;N;N;N;N;;FX;TBB;NK;;;;;5.65;0.00;0.00;1.13;0.00;12.00;0.00;2;1991-05-03;Z18;;;PA;1987-01-01
NLD;NLD198701309;;RET;1994-06-24;1994-06-24;NLD198701309;SCH-11;JUMBO RESCUE;NLSCE;Scheveningen;;N;N;N;N;N;N;;FX;GNS;LLS;;;;;5.35;0.00;0.00;3.49;0.00;60.00;0.00;3;1991-06-04;Z18;;;PA;1987-01-01
NLD;NLD198701334;;RET;1993-01-11;1993-01-11;NLD198701334;HON-21;CATHARINA;NLHTN;Hontenisse;;N;N;N;N;N;N;;FX;TBB;MIS;;;;;9.30;0.00;0.00;3.00;0.00;100.00;0.00;2;1991-06-07;Z18;;;PA;1987-01-01
NLD;NLD198701394;;RET;1994-03-17;1994-03-17;NLD198701394;GO-46;ZWAARDVIS;NLGDR;Goedereede;;N;N;N;N;N;N;;FX;TBB;GNS;;;;;4.00;0.00;0.00;0.84;0.00;4.00;0.00;3;1991-06-19;Z18;;;PA;1987-01-01
NLD;NLD198701399;;RET;1994-06-24;1994-06-24;NLD198701399;HD-78;RUNNER;NLDHR;Den Helder;;N;N;N;N;N;N;;FX;NK;MIS;;;;;5.18;0.00;0.00;1.52;0.00;30.00;0.00;3;1991-06-19;Z18;;;PA;1987-01-01
NLD;NLD198701456;;RET;2003-06-30;2003-06-30;NLD198701456;IJM-102;PK-LICENTIE 02;NLIJM;Ijmuiden/Velsen;;N;Y;N;N;Y;N;;FX;GNS;LLS;;;;;4.80;0.00;1.00;0.00;0.00;26.00;0.00;3;1991-06-27;MFL;;;PA;1987-01-01
NLD;NLD198701500;;RET;1994-06-27;1994-06-27;NLD198701500;VD-300;JANNETJE;NLVOD;Volendam;;N;N;N;N;N;N;;FX;TBB;FPO;;;;;5.35;0.00;0.00;3.17;0.00;44.00;0.00;3;1991-08-30;Z18;;;PA;1987-01-01
NLD;NLD198701503;;RET;1998-09-03;1998-09-03;NLD198701503;WSW-6;DE NERE;NLWSW;Westenschouwen;;N;N;N;N;N;N;;FX;GNS;MIS;;;;;6.50;0.00;0.00;3.96;0.00;10.00;0.00;3;1991-09-13;4J7;;;PA;1987-01-01
NLD;NLD198701515;;RET;1994-06-24;1994-06-24;NLD198701515;HON-30;WILTIAN;NLHTN;Hontenisse;;N;N;N;N;N;N;;FX;TBB;FPO;;;;;10.20;0.00;0.00;10.58;0.00;59.00;0.00;2;1991-09-25;Z18;;;PA;1987-01-01
NLD;NLD198701586;;RET;2009-06-26;2009-06-26;NLD198701586;WR-274;SIMONE II;NLWRG;Wieringen/Den Oever;;N;N;N;N;Y;N;;FX;OTB;FPO;;;;;5.58;0.00;1.00;0.00;0.00;11.00;0.00;2;1991-12-10;MFL;;;PA;1987-01-01
NLD;NLD198701610;;RET;2000-04-01;2000-04-01;NLD198701610;HD-11;POOLSTER;NLDHR;Den Helder;;N;N;N;N;N;N;;FX;TBB;OTB;;;;;5.28;0.00;1.00;0.00;0.00;29.00;0.00;3;1992-01-28;4J5;;;PA;1987-01-01
NLD;NLD198701626;;RET;2000-04-01;2000-04-01;NLD198701626;HD-26;HOOP OP ZEGEN;NLDHR;Den Helder;;N;N;N;N;N;N;;FX;TBB;OTM;;;;;5.19;0.00;1.00;0.00;0.00;22.00;0.00;3;1992-03-26;4J5;;;PA;1987-01-01
NLD;NLD198701664;;RET;1994-06-27;1994-06-27;NLD198701664;IJM-305;MARIJKE;NLIJM;Ijmuiden/Velsen;;N;N;N;N;N;N;;FX;TBB;GNS;;;;;5.20;0.00;0.00;3.35;0.00;30.00;7.00;3;1992-06-24;Z18;;;PA;1987-01-01
NLD;NLD198701688;;RET;1994-06-27;1994-06-27;NLD198701688;IJM-355;TINY;NLIJM;Ijmuiden/Velsen;;N;N;N;N;N;N;;FX;FPO;LLS;;;;;5.60;0.00;0.00;3.05;0.00;26.00;0.00;3;1992-08-17;Z18;;;PA;1987-01-01
NLD;NLD198701780;;RET;1994-09-08;1994-09-08;NLD198701780;IJM-359;ZAROWKA;NLIJM;Ijmuiden/Velsen;;N;N;N;N;N;N;;FX;GNS;OTB;;;;;4.25;0.00;0.00;1.49;0.00;7.00;0.00;3;1993-06-08;Z18;;;PA;1987-01-01
NLD;NLD198701804;;RET;1994-06-23;1994-06-23;NLD198701804;HA-96;HA-96;NLHAR;Harlingen;;N;N;N;N;N;N;;FX;NK;MIS;;;;;5.18;0.00;0.00;1.20;0.00;44.00;0.00;3;1993-07-29;Z18;;;PA;1987-01-01
NLD;NLD198701903;;RET;2007-07-02;2007-07-02;NLD198701903;OD-28;NEELTJE;NLGDO;Goedereede-Ouddorp;;N;N;N;N;Y;N;;FX;FPO;GNS;;;;;4.39;0.00;1.00;0.00;0.00;21.00;0.00;3;1995-01-27;MFL;;;PA;1987-01-01
NLD;NLD198701980;;MOD;2005-01-01;2100-12-31;NLD198701980;WR-178;SPIERING;NLWRG;Wieringen/Den Oever;;N;Y;N;N;Y;N;;FX;FPO;OTB;;;;;6.80;0.00;1.00;0.00;0.00;7.00;0.00;2;1996-05-13;MFL;;;;1987-01-01
NLD;NLD198702004;;MOD;2022-03-21;2100-12-31;NLD198702004;IJM-68;ELISABETH;NLIJM;Ijmuiden/Velsen;;N;Y;N;N;Y;N;;FX;GNS;GND;;;;;10.70;0.00;10.00;0.00;0.00;80.00;0.00;3;2007-11-07;MFL;;;;1987-01-01
NLD;NLD198702028;;MOD;2005-03-31;2100-12-31;NLD198702028;TH-12;JURIAN;NLTHO;Tholen;;N;Y;N;N;Y;N;;WOP;GNS;FPO;;;;;4.50;0.00;1.00;0.00;0.00;11.00;0.00;3;1996-12-05;MFL;;;;1987-01-01
NLD;NLD198702033;;MOD;2025-09-04;2100-12-31;NLD198702033;VLI-6;JOHANNES-MARIA;NLVLI;Vlissingen;;N;Y;N;N;Y;N;;MO;TBB;OTB;;;;;11.15;0.00;12.00;0.00;0.00;111.00;0.00;2;2012-11-12;MFL;;;;1987-01-01
NLD;NLD198702039;;CHA;2025-06-19;2100-12-31;NLD198702039;BZ-1;4 FUN;NLBZM;Bergse Diepsluis/Bergen Op Zoom;;N;Y;N;N;Y;N;;LH;LHP;FPO;;;;;4.03;0.00;1.00;0.00;0.00;15.00;0.00;3;2013-01-18;MFL;;;PA;1987-01-01
NLD;NLD198702054;;RET;2018-10-01;2018-10-01;NLD198702054;SCH-73;A VICTORIA DE JESUS;NLSCE;Scheveningen;;N;N;N;N;Y;N;;FX;GNS;GTR;;;;;9.97;0.00;3.00;0.00;0.00;98.00;0.00;3;2009-01-14;MFL;;;PA;1987-01-01
NLD;NLD198702076;;MOD;2016-08-04;2100-12-31;NLD198702076;IJM-60;FISK-HBLW;NLIJM;Ijmuiden/Velsen;;N;Y;N;N;Y;N;;FX;GNS;FPO;;;;;5.20;0.00;1.00;0.00;0.00;29.00;0.00;3;1997-09-24;MFL;;;;1987-01-01
NLD;NLD198702115;;RET;2000-04-01;2000-04-01;NLD198702115;SCH-2;SEA WITCH;NLSCE;Scheveningen;;N;N;N;N;N;N;;FX;LLS;MIS;;;;;6.00;0.00;1.00;0.00;0.00;110.00;0.00;3;1998-07-10;4J7;;;PA;1987-01-01
NLD;NLD198702121;;RET;2000-07-28;2000-07-28;NLD198702121;IJM-48;WENDY;NLIJM;Ijmuiden/Velsen;;N;N;N;N;N;N;;FX;GNS;MIS;;;;;4.80;0.00;0.00;1.00;0.00;22.00;0.00;3;1998-07-29;4J7;;;PA;1987-01-01
NLD;NLD198713678;;MOD;2019-06-22;2100-12-31;NLD198713678;VL-8;VOLHARDING;NLVLA;Vlaardingen;;N;Y;N;N;Y;N;;FX;FPO;GNS;;;;;8.28;0.00;1.00;0.00;0.00;29.00;0.00;2;2016-03-14;MFL;;;;1987-01-01
NLD;NLD198772119;;CHA;2023-01-20;2100-12-31;NLD198772119;WR-70;JIPP-JAN;NLWRG;Wieringen/Den Oever;;N;Y;N;N;Y;N;;TU;OTM;MIS;;;;;9.98;0.00;7.00;0.00;0.00;65.00;0.00;2;2023-01-20;MFL;;;;1987-01-01
NLD;NLD198800009;8810774;DES;2023-05-04;2023-05-04;NLD198800009;ARM-15;DE VROUW JANNETJE;NLARM;Arnemuiden;PDRE;Y;N;Y;Y;N;Y;245542000;TU;TBB;MIS;;;;;45.56;0.00;573.00;0.00;0.00;1471.00;0.00;2;1988-12-19;MFL;;;AC;1988-01-01
NLD;NLD198800017;8816118;MOD;2018-05-18;2100-12-31;NLD198800017;VLI-25;CINDY;NLVLI;Vlissingen;PGGM;Y;Y;Y;Y;N;Y;244179000;MO;TBB;MIS;;;;;40.20;0.00;463.00;0.00;0.00;1470.00;0.00;2;1988-12-13;MFL;;;;1988-01-01
NLD;NLD198800081;8807791;EXP;2007-08-20;2007-08-20;NLD198800081;YE-115;CHARLOTTE;NLYSK;Yerseke;PEHR;Y;N;Y;N;N;N;;FX;DRB;HMD;;;;;45.15;0.00;324.00;0.00;0.00;522.00;610.00;2;2006-11-28;AQU;DEU;EX;PA;1988-01-01
NLD;NLD198800086;8811182;DES;2023-06-03;2023-06-03;NLD198800086;GO-20;MARIA;NLGDR;Goedereede;PFTX;Y;N;Y;Y;N;Y;245665000;TU;TBB;MIS;;;;;39.45;0.00;405.00;0.00;0.00;1471.00;47.00;2;1988-12-15;MFL;;;AC;1988-01-01
NLD;NLD198800115;;RET;2002-12-31;2002-12-31;NLD198800115;EH-4;DOLFIJN;NLENK;Enkhuizen;;N;Y;N;N;N;N;;FX;NK;MIS;;;;;19.90;0.00;73.00;0.00;0.00;304.00;0.00;2;1988-04-14;4JZ;;;PA;1988-01-01
NLD;NLD198800118;;RET;2002-12-31;2002-12-31;NLD198800118;EH-10;DAMMERINA;NLENK;Enkhuizen;;N;Y;N;N;N;N;;FX;GNS;NK;;;;;19.90;0.00;73.00;0.00;0.00;184.00;0.00;2;1988-06-08;4JZ;;;PA;1988-01-01
NLD;NLD198800145;;RET;2001-04-24;2001-04-24;NLD198800145;HD-3;TRIJNTJE GERDA;NLDHR;Den Helder;PIBK;Y;N;N;N;N;N;;FX;TBB;MIS;;;;;42.85;0.00;515.00;0.00;0.00;1765.00;0.00;2;1989-01-13;4J3;;;AC;1988-01-01
NLD;NLD198800163;;RET;2005-11-19;2005-11-19;NLD198800163;HD-23;VERTROUWEN;NLDHR;Den Helder;PIFK;Y;N;Y;N;N;N;;FX;TBB;OTB;;;;;45.68;0.00;571.00;0.00;0.00;2941.00;0.00;2;1989-04-04;MFL;;;AC;1988-01-01
NLD;NLD198800186;8718861;MOD;2018-03-29;2100-12-31;NLD198800186;WR-123;ANNA JOHANNA;NLWRG;Wieringen/Den Oever;PEVK;Y;Y;Y;Y;N;Y;245341000;MO;TBB;OTB;;;;;23.54;0.00;89.00;0.00;0.00;221.00;200.00;2;1988-05-18;MFL;;;;1988-01-01
NLD;NLD198800196;;RET;2002-03-18;2002-03-18;NLD198800196;HD-64;BROEDERTROUW;NLDHR;Den Helder;PDHM;Y;N;Y;N;N;N;;FX;TBB;MIS;;;;;42.85;0.00;520.00;0.00;0.00;2170.00;0.00;2;1988-05-27;4JZ;;;AC;1988-01-01
NLD;NLD198800239;;EXP;2005-03-02;2005-03-02;NLD198800239;SCH-120;OCEAAN IV;NLSCE;Scheveningen;PHXW;Y;N;Y;N;N;N;;FX;OTM;MIS;;;;;95.06;0.00;3938.00;0.00;0.00;4398.00;0.00;2;1988-07-18;MFL;BLZ;EX;PA;1988-01-01
NLD;NLD198800269;;DES;2008-01-26;2008-01-26;NLD198800269;ARM-14;GRIETJE GEERTRUIDA;NLARM;Arnemuiden;PDWQ;Y;N;Y;N;N;N;;FX;TBB;MIS;;;;;43.70;0.00;552.00;0.00;0.00;1471.00;0.00;2;1988-03-09;MFL;;;AC;1988-01-01
NLD;NLD198800277;8432522;MOD;2022-05-20;2100-12-31;NLD198800277;LO-13;STORMVOGEL;NLLAN;Lauwersoog;PHUX;Y;Y;Y;Y;N;Y;244102000;TU;TBB;OTB;;;;;20.20;0.00;58.00;0.00;0.00;183.00;0.00;2;1988-10-26;MFL;;;;1988-01-01
NLD;NLD198800325;;RET;2002-12-31;2002-12-31;NLD198800325;ST-1;JOT VAN KLEINE JELLE;NLSTA;Stavoren;;N;Y;N;N;N;N;;FX;LLS;NK;;;;;14.55;0.00;13.00;0.00;0.00;107.00;0.00;2;1989-05-16;4JZ;;;PA;1988-01-01
NLD;NLD198800340;;CHA;2024-05-02;2100-12-31;NLD198800340;HA-3;JOUKE VAN BROER;NLHAR;Harlingen;PD8409;Y;Y;Y;Y;N;Y;244032368;LH;LLS;MIS;;;;;16.98;0.00;22.00;0.00;0.00;97.00;12.00;2;1989-04-05;MFL;;;PA;1988-01-01
NLD;NLD198800348;;RET;2007-01-10;2007-01-10;NLD198800348;TH-1;TANNETJE JOHANNA CORNELIA;NLTHO;Tholen;;N;N;N;N;N;N;;FX;FPO;PS;;;;;15.87;0.00;23.00;0.00;0.00;94.00;0.00;2;1988-10-07;MFL;;;PA;1988-01-01
NLD;NLD198800356;;MOD;2023-06-13;2100-12-31;NLD198800356;TS-1;MOBY DICK;NLWTE;West-Terschelling;PI9112;Y;Y;Y;Y;N;Y;244957000;TU;TBB;MIS;;;;;18.99;0.00;56.00;0.00;0.00;132.00;0.00;2;1989-01-24;MFL;;;;1988-01-01
NLD;NLD198800366;8814641;MOD;2009-03-27;2100-12-31;NLD198800366;HA-73;POSEIDON;NLHAR;Harlingen;PGTX;Y;Y;Y;Y;N;Y;244916000;DB;DRH;MIS;;;;;39.98;0.00;196.00;0.00;0.00;670.00;0.00;2;1988-07-13;MFL;;;;1988-01-01
NLD;NLD198800408;;EXP;2006-03-10;2006-03-10;NLD198800408;SCH-171;CORNELIS VROLIJK FZN;NLSCE;Scheveningen;PDNH;Y;Y;Y;N;N;N;;FX;OTM;MIS;;;;;113.97;0.00;5579.00;0.00;0.00;7007.00;0.00;2;1988-06-27;MFL;GBR;EX;PA;1988-01-01
NLD;NLD198800426;8718859;DES;2023-05-05;2023-05-05;NLD198800426;UK-1;ALBERT;NLURK;Urk;PCIB;Y;N;Y;Y;N;Y;245333000;TU;TBB;MIS;;;;;42.70;0.00;503.00;0.00;0.00;1471.00;900.00;2;1988-06-30;MFL;;;AC;1988-01-01
NLD;NLD198800457;8433136;MOD;2020-08-03;2100-12-31;NLD198800457;TS-2;SVEN;NLWTE;West-Terschelling;PCCE;Y;Y;Y;Y;N;Y;245520000;TU;TBB;OTB;;;;;20.15;0.00;63.00;0.00;0.00;221.00;140.00;2;1988-12-13;MFL;;;;1988-01-01
NLD;NLD198800495;8432429;MOD;2018-10-23;2100-12-31;NLD198800495;WR-80;SIMON ALBERT;NLWRG;Wieringen/Den Oever;PIWW;Y;Y;Y;Y;N;Y;246145000;TU;TBB;MIS;;;;;23.15;0.00;54.00;0.00;0.00;221.00;0.00;2;1988-10-12;MFL;;;;1988-01-01
NLD;NLD198800511;;DES;2008-01-26;2008-01-26;NLD198800511;UK-52;PETER;NLURK;Urk;PFAP;Y;N;Y;N;N;N;;FX;TBB;MIS;;;;;40.28;0.00;466.00;0.00;0.00;2206.00;0.00;2;1988-06-14;MFL;;;AC;1988-01-01
NLD;NLD198800531;8808680;MOD;2004-08-27;2100-12-31;NLD198800531;ZZ-7;EENHORN;NLZIE;Zierikzee;PDWB;Y;Y;N;N;N;N;;FX;DRB;MIS;;;;;36.41;0.00;210.00;0.00;0.00;716.00;0.00;2;1988-07-05;AQU;;;;1988-01-01
NLD;NLD198800549;;DES;2005-12-03;2005-12-03;NLD198800549;VLI-28;MARGARETHA JOB;NLVLI;Vlissingen;PFTO;Y;N;Y;N;N;N;;FX;TBB;MIS;;;;;39.00;0.00;363.00;0.00;0.00;1574.00;449.00;2;1988-10-04;MFL;;;AC;1988-01-01
NLD;NLD198800567;8432663;MOD;2021-09-20;2100-12-31;NLD198800567;ST-28;LUBBERT SENIOR;NLSTA;Stavoren;PEZH;Y;Y;Y;Y;N;Y;245841000;TU;TBB;MIS;;;;;20.35;0.00;63.00;0.00;0.00;221.00;0.00;2;1988-05-31;MFL;;;;1988-01-01
NLD;NLD198800620;;RET;2002-12-31;2002-12-31;NLD198800620;HK-8;DREES;NLHRD;Harderwijk;;N;Y;N;N;N;N;;FX;NK;MIS;;;;;16.39;0.00;45.00;0.00;0.00;117.00;40.00;2;1988-07-14;4JZ;;;PA;1988-01-01
NLD;NLD198800642;;EXP;1994-03-31;1994-03-31;NLD198800642;ZK-52;COLUMBUS;NLZOT;Zoutkamp;;N;N;N;N;N;N;;FX;NK;MIS;;;;;13.99;0.00;29.00;0.00;0.00;240.00;0.00;2;1989-03-08;Z18;DNK;EX;PA;1988-01-01
NLD;NLD198800648;;EXP;1997-02-18;1997-02-18;NLD198800648;ZK-57;ERNST EDUARD;NLZOT;Zoutkamp;PDYU;Y;N;N;N;N;N;;FX;OTB;TBB;;;;;42.10;0.00;487.00;0.00;0.00;1471.00;0.00;2;1988-11-11;4J3;DNK;EX;PA;1988-01-01
NLD;NLD198800733;8711473;RET;2013-07-05;2013-07-05;NLD198800733;UK-61;VERTROUWEN;NLURK;Urk;PIGD;Y;N;Y;N;N;N;;FX;TBB;MIS;;;;;40.20;0.00;408.00;0.00;0.00;1471.00;0.00;2;1988-11-22;MFL;;;PA;1988-01-01
NLD;NLD198800736;8804476;EXP;2005-06-15;2005-06-15;NLD198800736;WR-41;BRANDING;NLWRG;Wieringen/Den Oever;PD4040;Y;N;N;N;N;N;;FX;DRB;MIS;;;;;35.14;0.00;187.00;0.00;0.00;506.00;0.00;2;1989-01-04;AQU;IRL;EX;PA;1988-01-01
NLD;NLD198800746;8804464;MOD;2022-07-29;2100-12-31;NLD198800746;WR-10;JOHAN PRINS;NLWRG;Wieringen/Den Oever;PCDP;Y;Y;Y;Y;N;Y;244592000;DB;DRB;DRH;;;;;39.12;0.00;220.00;0.00;0.00;714.00;500.00;2;1988-09-07;MFL;;;;1988-01-01
NLD;NLD198800756;8807818;MOD;2019-01-01;2100-12-31;NLD198800756;YE-23;JANNE;NLYSK;Yerseke;PEZR;Y;Y;Y;N;N;Y;246065000;DM;DRM;MIS;;;;;42.30;0.00;221.00;0.00;0.00;750.00;0.00;2;1988-08-11;MFL;;;;1988-01-01
NLD;NLD198800811;;RET;1994-06-28;1994-06-28;NLD198800811;WR-59;WR-59;NLWRG;Wieringen/Den Oever;;N;N;N;N;N;N;;FX;NK;MIS;;;;;8.00;0.00;0.00;5.68;0.00;25.00;0.00;2;1988-10-06;Z18;;;PA;1988-01-01
NLD;NLD198800816;;DES;2008-01-26;2008-01-26;NLD198800816;UK-156;HERMINA;NLURK;Urk;PERL;Y;N;Y;N;N;N;;FX;TBB;OTB;;;;;45.02;0.00;499.00;0.00;0.00;1471.00;0.00;2;1988-06-02;MFL;;;AC;1988-01-01
NLD;NLD198800850;8718811;EXP;2011-09-09;2011-09-09;NLD198800850;YE-78;WILHELMINA;NLYSK;Yerseke;PIOZ;Y;N;Y;N;N;N;;FX;HMD;MIS;;;;;40.15;0.00;283.00;0.00;0.00;702.00;0.00;2;1988-08-22;MFL;DNK;EX;PA;1988-01-01
NLD;NLD198800862;8809414;MOD;2004-04-02;2100-12-31;NLD198800862;YE-82;MAATJE VAN LIERE;NLYSK;Yerseke;PCFV;Y;Y;N;N;N;N;;FX;DRB;DRH;;;;;36.20;0.00;213.00;0.00;0.00;948.00;0.00;2;1988-11-01;AQU;;;;1988-01-01
NLD;NLD198800905;;EXP;2005-07-29;2005-07-29;NLD198800905;UK-194;ELISABETH;NLURK;Urk;PDWM;Y;N;Y;N;N;N;;FX;TBB;MIS;;;;;36.30;0.00;281.00;0.00;0.00;1257.00;416.00;2;1988-12-21;MFL;DEU;EX;PA;1988-01-01
NLD;NLD198800906;;RET;2002-12-31;2002-12-31;NLD198800906;TH-12;SARAH;NLTHO;Tholen;;N;N;N;N;N;N;;FX;NK;MIS;;;;;9.10;0.00;1.00;0.00;0.00;30.00;0.00;2;1988-11-24;4JZ;;;PA;1988-01-01
NLD;NLD198800933;8809397;MOD;2007-11-22;2100-12-31;NLD198800933;BRU-48;ADRIAAN;NLBSE;Bruinisse;PDAG;Y;Y;N;N;N;N;;FX;DRB;MIS;;;;;32.20;0.00;156.00;0.00;0.00;714.00;400.00;2;1989-04-10;AQU;;;;1988-01-01
NLD;NLD198801013;8432699;MOD;2020-07-07;2100-12-31;NLD198801013;UK-258;JACOBA;NLURK;Urk;PFEO;Y;Y;Y;Y;N;Y;244790684;WOP;FPO;MIS;;;;;19.53;0.00;47.00;0.00;0.00;221.00;22.00;2;1989-02-22;MFL;;;;1988-01-01
NLD;NLD198801052;;RET;1994-09-08;1994-09-08;NLD198801052;GO-10;BANCO;NLGDR;Goedereede;;N;N;N;N;N;N;;FX;TBB;MIS;;;;;24.00;0.00;0.00;121.30;0.00;459.00;0.00;2;1990-04-11;E17;;;PA;1988-01-01
NLD;NLD198801104;8571213;MOD;2017-01-02;2100-12-31;NLD198801104;UK-155;FRIENDSHIP;NLURK;Urk;PBRG;Y;Y;Y;Y;N;Y;245553000;FX;GNS;TBB;;;;;20.95;0.00;122.00;0.00;0.00;221.00;42.00;2;2009-03-27;MFL;;;;1988-01-01
NLD;NLD198801116;;RET;2025-02-03;2025-02-03;NLD198801116;TH-32;VIER GEBROEDERS;NLTHO;Tholen;PC5083;Y;N;N;N;N;N;244260981;GO;GNS;FPO;;;;;9.15;0.00;2.00;0.00;0.00;149.00;4.00;2;1990-11-28;MFL;;;PA;1988-01-01
NLD;NLD198801246;;RET;2002-09-27;2002-09-27;NLD198801246;TX-78;GOEDE VERWACHTING;NLTEX;Texel;;N;N;N;N;N;N;;FX;TBB;OTB;;;;;4.08;0.00;1.00;0.00;0.00;25.00;0.00;3;1991-04-16;4J7;;;PA;1988-01-01
NLD;NLD198801262;;RET;1994-06-24;1994-06-24;NLD198801262;HD-6;HD-6;NLDHR;Den Helder;;N;N;N;N;N;N;;FX;NK;MIS;;;;;4.85;0.00;0.00;0.63;0.00;15.00;0.00;3;1991-05-14;Z18;;;PA;1988-01-01
NLD;NLD198801305;;RET;1993-04-19;1993-04-19;NLD198801305;UK-40;MARIJKE;NLURK;Urk;;N;N;N;N;N;N;;FX;GNS;NK;;;;;5.18;0.00;0.00;3.61;0.00;29.00;6.00;3;1991-05-23;E17;;;PA;1988-01-01
NLD;NLD198801398;;RET;1994-06-23;1994-06-23;NLD198801398;DZ-11;PASCAL;NLDZL;Delfzijl;;N;N;N;N;N;N;;FX;TBB;NK;;;;;5.18;0.00;0.00;2.58;0.00;22.00;0.00;3;1991-06-19;Z18;;;PA;1988-01-01
NLD;NLD198801420;;RET;2008-06-20;2008-06-20;NLD198801420;IJM-32;SEA ANGLER;NLIJM;Ijmuiden/Velsen;;N;N;N;N;Y;N;;FX;GNS;MIS;;;;;4.71;0.00;1.00;0.00;0.00;14.00;0.00;3;1991-06-20;MFL;;;PA;1988-01-01
NLD;NLD198801433;;RET;1994-06-24;1994-06-24;NLD198801433;HD-85;DE IKAN;NLDHR;Den Helder;;N;N;N;N;N;N;;FX;TBB;GNS;;;;;8.00;0.00;0.00;1.82;0.00;22.00;0.00;2;1991-06-24;Z18;;;PA;1988-01-01
NLD;NLD198801562;;RET;2008-10-16;2008-10-16;NLD198801562;UK-98;DE JONGE JOHANNES;NLURK;Urk;;N;N;N;N;Y;N;;FX;GNS;TBB;;;;;4.80;0.00;1.00;0.00;0.00;66.00;0.00;3;1991-10-17;MFL;;;PA;1988-01-01
NLD;NLD198801676;;RET;1994-09-08;1994-09-08;NLD198801676;GO-80;IRNA;NLGDR;Goedereede;;N;N;N;N;N;N;;FX;TBB;GNS;;;;;4.70;0.00;0.00;1.44;0.00;19.00;0.00;3;1992-08-07;Z18;;;PA;1988-01-01
NLD;NLD198801677;;RET;1994-06-23;1994-06-23;NLD198801677;HA-79;HA-79;NLHAR;Harlingen;;N;N;N;N;N;N;;FX;NK;MIS;;;;;4.75;0.00;0.00;0.77;0.00;7.00;0.00;1;1992-08-07;Z18;;;PA;1988-01-01
NLD;NLD198801683;;RET;1993-10-13;1993-10-13;NLD198801683;TX-98;DOLFIJN;NLTEX;Texel;;N;N;N;N;N;N;;FX;FPO;GND;;;;;5.35;0.00;0.00;2.48;0.00;37.00;0.00;3;1992-08-10;Z18;;;PA;1988-01-01
NLD;NLD198801799;;MOD;2011-02-02;2100-12-31;NLD198801799;IJM-367;FINN;NLIJM;Ijmuiden/Velsen;;N;Y;N;N;Y;N;;FX;GNS;LHP;;;;;4.80;0.00;1.00;0.00;0.00;11.00;0.00;4;1993-06-29;MFL;;;;1988-01-01
NLD;NLD198801992;;MOD;2018-03-09;2100-12-31;NLD198801992;GO-15;NOORDSTER;NLGDR;Goedereede;;N;Y;N;N;Y;N;;LH;LHP;MIS;;;;;5.50;0.00;1.00;0.00;0.00;11.00;0.00;2;1996-08-06;MFL;;;;1988-01-01
NLD;NLD198802020;;MOD;2019-02-19;2100-12-31;NLD198802020;WR-59;TINEKE;NLWRG;Wieringen/Den Oever;;N;Y;N;N;Y;N;;FX;FPO;GNS;;;;;7.07;0.00;1.00;0.00;0.00;55.00;0.00;2;1996-10-22;MFL;;;;1988-01-01
NLD;NLD198802032;;MOD;2012-03-30;2100-12-31;NLD198802032;TX-101;CORNELIA;NLTEX;Texel;;N;Y;N;N;Y;N;;MO;OTB;OTM;;;;;5.24;0.00;1.00;0.00;0.00;44.00;0.00;3;2008-06-12;MFL;;;;1988-01-01
NLD;NLD198802041;;RET;2008-07-18;2008-07-18;NLD198802041;WR-210;FRANS NAERE BOUT I;NLWRG;Wieringen/Den Oever;;N;N;N;N;Y;N;;FX;GNS;LLS;;;;;3.50;0.00;1.00;0.00;0.00;7.00;0.00;3;1997-02-11;MFL;;;PA;1988-01-01
NLD;NLD198802051;;RET;2013-11-12;2013-11-12;NLD198802051;HD-104;FRANS;NLDHR;Den Helder;;N;N;N;N;Y;N;;FX;GNS;GNC;;;;;5.65;0.00;2.00;0.00;0.00;37.00;8.00;3;1997-05-16;MFL;;;PA;1988-01-01
NLD;NLD198802100;;RET;2001-11-27;2001-11-27;NLD198802100;IJM-86;GERRIE;NLIJM;Ijmuiden/Velsen;;N;N;N;N;N;N;;FX;GNS;LLS;;;;;4.25;0.00;1.00;0.00;0.00;7.00;0.00;3;1998-04-08;4J1;;;PA;1988-01-01
NLD;NLD198802140;;RET;2004-06-28;2004-06-28;NLD198802140;IJM-205;ANGEL;NLIJM;Ijmuiden/Velsen;;N;N;N;N;Y;N;;FX;GNS;MIS;;;;;3.20;0.00;1.00;0.00;0.00;0.25;0.00;4;1998-10-22;MFL;;;PA;1988-01-01
NLD;NLD198802141;;RET;2001-04-01;2001-04-01;NLD198802141;IJM-206;ANGEL 2;NLIJM;Ijmuiden/Velsen;;N;N;N;N;N;N;;FX;GNS;MIS;;;;;3.20;0.00;1.00;0.00;0.00;0.25;0.00;4;1998-10-22;4J1;;;PA;1988-01-01
NLD;NLD198802144;;RET;2002-09-27;2002-09-27;NLD198802144;TH-30;SARAH 2;NLTHO;Tholen;;N;N;N;N;N;N;;FX;FPO;MIS;;;;;6.23;0.00;1.00;0.00;0.00;18.00;0.00;2;1998-11-16;4JZ;;;PA;1988-01-01
NLD;NLD198802191;;MOD;2018-07-17;2100-12-31;NLD198802191;BRU-15;LIESJE;NLBSE;Bruinisse;;N;Y;N;N;Y;N;;WO;FPO;MIS;;;;;8.10;0.00;1.00;0.00;0.00;29.40;20.00;2;1999-05-10;MFL;;;;1988-01-01
NLD;NLD198802634;;RET;2005-06-01;2005-06-01;NLD198802634;WR-74;CATHARINA;NLWRG;Wieringen/Den Oever;;N;N;N;N;N;N;;FX;OTB;GNS;;;;;12.80;0.00;18.00;0.00;0.00;96.00;20.00;2;2001-10-31;MFL;;;PA;1988-01-01
NLD;NLD198802723;;RET;2015-02-05;2015-02-05;NLD198802723;WSW-10;INDY;NLWSW;Westenschouwen;PC4246;Y;N;N;N;Y;N;;FX;LHP;LHM;;;;;6.22;0.00;2.00;0.00;0.00;167.00;0.00;3;2005-05-30;MFL;;;PA;1988-01-01
NLD;NLD198802725;;MOD;2011-01-01;2100-12-31;NLD198802725;IJM-12;BUNDERTJE EN PA;NLIJM;Ijmuiden/Velsen;;N;Y;N;N;Y;N;;GO;GNS;LLS;;;;;5.20;0.00;1.00;0.00;0.00;38.00;0.00;3;2005-06-08;MFL;;;;1988-01-01
NLD;NLD198813610;;MOD;2022-07-22;2100-12-31;NLD198813610;HD-104;BORUS;NLDHR;Den Helder;;N;Y;N;N;Y;N;;GO;GNS;FPO;;;;;11.25;0.00;12.00;0.00;0.00;88.00;0.00;2;2014-02-01;MFL;;;;1988-01-01
NLD;NLD198813672;;MOD;2021-01-21;2100-12-31;NLD198813672;SL-88;MARGARETHA;NLSTD;Stellendam;PH7089;Y;Y;N;Y;Y;Y;244670929;GO;OTB;FPO;;;;;11.33;0.00;6.00;0.00;0.00;76.00;0.00;3;2016-02-01;MFL;;;;1988-01-01
NLD;NLD198872155;;CHA;2024-06-04;2100-12-31;NLD198872155;HD-63;DORUS;NLDHR;Den Helder;;N;Y;N;N;Y;N;;GO;GNS;FPO;;;;;10.70;0.00;8.00;0.00;0.00;59.00;59.00;3;2024-06-04;MFL;;;PA;1988-01-01
NLD;NLD198900067;8906377;DES;2023-05-16;2023-05-16;NLD198900067;UK-152;SOLAR;NLURK;Urk;PDUK;Y;N;Y;Y;N;Y;245564000;TU;TBB;MIS;;;;;39.06;0.00;405.00;0.00;0.00;1471.00;543.00;2;1989-06-26;MFL;;;AC;1989-01-01
NLD;NLD198900070;8817394;MOD;2024-12-11;2100-12-31;NLD198900070;GO-23;CORNELIS JANNETJE;NLGDR;Goedereede;PHQL;Y;Y;Y;Y;N;Y;245728000;TU;TBB;OTB;;;;;39.00;0.00;366.00;0.00;0.00;1100.00;0.00;2;1989-06-13;MFL;;;;1989-01-01
NLD;NLD198900072;8821840;MOD;2004-01-23;2100-12-31;NLD198900072;BRU-23;MATTHEUS;NLBSE;Bruinisse;PBLA;Y;Y;N;N;N;N;;FX;DRB;MIS;;;;;35.17;0.00;197.00;0.00;0.00;790.00;0.00;2;1989-05-30;AQU;;;;1989-01-01
NLD;NLD198900073;8821838;MOD;2020-06-03;2100-12-31;NLD198900073;TH-24;LEEN WILLEM;NLTHO;Tholen;PCIQ;Y;Y;N;N;N;N;;FX;DRB;MIS;;;;;35.17;0.00;197.00;0.00;0.00;588.00;220.00;2;1989-04-11;AQU;;;;1989-01-01
NLD;NLD198900256;8816132;EXP;2022-04-22;2022-04-22;NLD198900256;OD-17;BUIS;NLGDO;Goedereede-Ouddorp;PFSI;Y;N;Y;Y;N;Y;245663000;TU;TBB;MIS;;;;;39.06;0.00;402.00;0.00;0.00;1471.00;0.00;2;1989-02-02;MFL;DEU;EX;PA;1989-01-01
NLD;NLD198900367;;EXP;2015-12-07;2015-12-07;NLD198900367;SCH-54;FRANZISKA;NLSCE;Scheveningen;PCXG;Y;N;Y;N;N;N;;FX;OTM;MIS;;;;;119.18;0.00;7153.00;0.00;0.00;7648.00;1315.00;2;1989-02-22;MFL;RUS;EX;PA;1989-01-01
NLD;NLD198900417;8433174;MOD;2021-01-19;2100-12-31;NLD198900417;HA-41;ANTJE;NLHAR;Harlingen;PCMP;Y;Y;Y;Y;N;Y;244277000;TU;TBB;MIS;;;;;20.20;0.00;50.00;0.00;0.00;221.00;85.00;2;1989-08-02;MFL;;;;1989-01-01
NLD;NLD198900650;;RET;2005-12-03;2005-12-03;NLD198900650;UK-43;DEO VOLENTE;NLURK;Urk;PDOA;Y;N;Y;N;N;N;;FX;TBB;MIS;;;;;40.20;0.00;468.00;0.00;0.00;1471.00;500.00;2;1989-04-14;MFL;;;AC;1989-01-01
NLD;NLD198900701;8432637;MOD;2018-09-14;2100-12-31;NLD198900701;ST-24;MARIA JOSEFINA;NLSTA;Stavoren;PEAH;Y;Y;Y;Y;N;Y;246104000;TU;TBB;OTB;;;;;20.03;0.00;55.00;0.00;0.00;221.00;0.00;2;1989-06-12;MFL;;;;1989-01-01
NLD;NLD198900802;8811168;MOD;2014-03-06;2100-12-31;NLD198900802;ZZ-3;CORNELIS JOHANNUS;NLZIE;Zierikzee;PFSS;Y;Y;N;N;N;N;;FX;DRB;MIS;;;;;36.47;0.00;213.00;0.00;0.00;894.00;0.00;2;1989-05-18;AQU;;;;1989-01-01
NLD;NLD198901021;8906365;MOD;2009-05-08;2100-12-31;NLD198901021;BRU-27;ELISABETH;NLBSE;Bruinisse;PDXV;Y;Y;N;N;N;N;;FX;DRB;MIS;;;;;36.52;0.00;224.00;0.00;0.00;896.00;0.00;2;1989-11-01;AQU;;;;1989-01-01
NLD;NLD198901022;;DES;2008-01-26;2008-01-26;NLD198901022;UK-68;VROUW MARRETJE;NLURK;Urk;PEYE;Y;N;Y;N;N;N;;FX;TBB;OTB;;;;;39.53;0.00;412.00;0.00;0.00;1471.00;500.00;2;1989-11-01;MFL;;;AC;1989-01-01
NLD;NLD198901025;8901913;MOD;2018-10-16;2100-12-31;NLD198901025;SCH-123;ZEELAND;NLSCE;Scheveningen;PIWT;Y;Y;Y;Y;N;Y;244583000;TTF;OTM;MIS;;;;;114.87;0.00;6128.00;0.00;0.00;7260.00;0.00;2;1989-12-01;MFL;;;;1989-01-01
NLD;NLD198901028;;DES;2008-01-26;2008-01-26;NLD198901028;UK-133;AALTJE JACOBA;NLURK;Urk;PCAO;Y;N;Y;N;N;N;;FX;TBB;MIS;;;;;40.73;0.00;435.00;0.00;0.00;1471.00;295.00;2;1989-12-01;MFL;;;AC;1989-01-01
NLD;NLD198901029;;RET;1998-09-03;1998-09-03;NLD198901029;KW-22;SOLA FIDE;NLKWK;Katwijk;PHQT;Y;N;N;N;N;N;;FX;TBB;MIS;;;;;43.97;0.00;527.00;0.00;0.00;1471.00;450.00;2;1989-12-01;4J7;;;PA;1989-01-01
NLD;NLD198901050;8906248;RET;2024-08-28;2024-08-28;NLD198901050;YE-170;DEO JUVANTE;NLYSK;Yerseke;PEAL;Y;N;N;N;N;N;;FX;DRB;DRH;;;;;35.17;0.00;197.00;0.00;0.00;759.00;370.00;2;1990-03-19;AQU;;;PA;1989-01-01
NLD;NLD198901068;;RET;2001-04-01;2001-04-01;NLD198901068;TX-8;ORION;NLTEX;Texel;;N;N;N;N;N;N;;FX;OTB;MIS;;;;;10.92;0.00;8.00;0.00;0.00;100.00;0.00;2;1990-06-25;4J7;;;PA;1989-01-01
NLD;NLD198901072;;RET;1994-06-23;1994-06-23;NLD198901072;BZ-16;BZ-16;NLBZM;Bergse Diepsluis/Bergen Op Zoom;;N;N;N;N;N;N;;FX;NK;MIS;;;;;6.15;0.00;0.00;2.03;0.00;15.00;0.00;2;1990-07-17;Z18;;;PA;1989-01-01
NLD;NLD198901083;8925268;MOD;2015-05-18;2100-12-31;NLD198901083;YE-257;SOLI DEO GLORIA;NLYSK;Yerseke;PDMM;Y;Y;N;N;N;N;;FX;DRB;MIS;;;;;38.16;0.00;221.00;0.00;0.00;890.00;300.00;2;1990-07-17;AQU;;;;1989-01-01
NLD;NLD198901085;;RET;2002-12-31;2002-12-31;NLD198901085;ME-1;GUUS;NLMDM;Medemblik;;N;N;N;N;N;N;;FX;NK;MIS;;;;;16.26;0.00;14.00;0.00;0.00;81.00;0.00;2;1990-08-31;4JZ;;;PA;1989-01-01
NLD;NLD198901091;8918318;EXP;2014-11-24;2014-11-24;NLD198901091;KW-172;DIRK-DIEDERIK;NLKWK;Katwijk;PDQW;Y;N;Y;N;N;N;;FX;OTM;OTB;;;;;110.80;0.00;5099.00;0.00;0.00;6600.00;0.00;2;1990-09-25;MFL;FRO;EX;PA;1989-01-01
NLD;NLD198901093;8461884;MOD;2016-04-15;2100-12-31;NLD198901093;WR-9;SHRIMPER;NLWRG;Wieringen/Den Oever;PG6514;Y;Y;Y;Y;N;Y;245878000;FX;TBB;MIS;;;;;23.95;0.00;55.00;0.00;0.00;221.00;41.00;2;1990-09-27;MFL;;;;1989-01-01
NLD;NLD198901099;8432338;MOD;2019-06-25;2100-12-31;NLD198901099;WR-57;JACOBA;NLWRG;Wieringen/Den Oever;PEYI;Y;Y;Y;Y;N;Y;244119000;MO;TBB;GNS;;;;;23.85;0.00;73.00;0.00;0.00;221.00;55.00;2;1990-11-05;MFL;;;;1989-01-01
NLD;NLD198901120;;RET;2010-06-25;2010-06-25;NLD198901120;SCH-9;LEE GENT 224;NLSCE;Scheveningen;;N;N;N;N;Y;N;;FX;GNS;MIS;;;;;5.85;0.00;1.00;0.00;0.00;59.00;0.00;3;1990-11-29;MFL;;;PA;1989-01-01
NLD;NLD198901154;8814653;RET;2021-05-18;2021-05-18;NLD198901154;IJM-26;NORD-VISTA;NLIJM;Ijmuiden/Velsen;PBQT;Y;N;Y;Y;N;Y;244000000;WOP;FPO;MIS;;;;;38.10;0.00;541.00;0.00;0.00;729.00;760.00;2;2019-09-17;MFL;;;PA;1989-01-01
NLD;NLD198901161;;MOD;2014-07-08;2100-12-31;NLD198901161;YE-32;ROMI;NLYSK;Yerseke;;N;Y;N;N;Y;N;;GO;GNS;FPO;;;;;7.58;0.00;1.00;0.00;0.00;11.00;0.00;3;2010-11-24;MFL;;;;1989-01-01
NLD;NLD198901234;;RET;1994-06-27;1994-06-27;NLD198901234;SCH-92;DRA;NLSCE;Scheveningen;;N;N;N;N;N;N;;FX;GNS;LLS;;;;;5.40;0.00;0.00;0.96;0.00;88.00;0.00;3;1991-04-15;Z18;;;PA;1989-01-01
NLD;NLD198901281;;RET;1994-06-27;1994-06-27;NLD198901281;IJM-308;IRMA;NLIJM;Ijmuiden/Velsen;;N;N;N;N;N;N;;FX;GNS;OTB;;;;;4.98;0.00;0.00;2.01;0.00;29.00;0.00;3;1991-05-21;Z18;;;PA;1989-01-01
NLD;NLD198901291;;RET;1994-06-24;1994-06-24;NLD198901291;HON-13;STEFANIE;NLHTN;Hontenisse;;N;N;N;N;N;N;;FX;TBB;FPO;;;;;9.00;0.00;0.00;9.05;0.00;60.00;0.00;2;1991-05-22;Z18;;;PA;1989-01-01
NLD;NLD198901451;;RET;1994-06-27;1994-06-27;NLD198901451;IJM-321;BELLY;NLIJM;Ijmuiden/Velsen;;N;N;N;N;N;N;;FX;NK;MIS;;;;;5.67;0.00;0.00;5.89;0.00;15.00;0.00;3;1991-06-26;Z18;;;PA;1989-01-01
NLD;NLD198901539;;RET;1994-01-10;1994-01-10;NLD198901539;WR-140;STERN;NLWRG;Wieringen/Den Oever;;N;N;N;N;N;N;;FX;FPO;GNS;;;;;7.20;0.00;0.00;5.71;0.00;173.00;0.00;3;1991-10-14;E17;;;PA;1989-01-01
NLD;NLD198901648;;RET;2001-04-01;2001-04-01;NLD198901648;YE-54;YE-54;NLYSK;Yerseke;;N;N;N;N;N;N;;FX;FPO;NK;;;;;5.50;0.00;0.00;1.77;0.00;55.00;0.00;3;1992-06-09;4J7;;;PA;1989-01-01
NLD;NLD198901713;;RET;1993-04-20;1993-04-20;NLD198901713;HON-39;DAISY BELLE;NLHTN;Hontenisse;;N;N;N;N;N;N;;FX;TBB;MIS;;;;;8.50;0.00;0.00;11.13;0.00;30.00;0.00;2;1992-11-10;Z18;;;PA;1989-01-01
NLD;NLD198901719;;RET;1994-06-24;1994-06-24;NLD198901719;SCH-31;G248;NLSCE;Scheveningen;;N;N;N;N;N;N;;FX;OTB;MIS;;;;;4.75;0.00;0.00;0.70;0.00;45.00;0.00;3;1992-11-25;Z18;;;PA;1989-01-01
NLD;NLD198901754;;RET;2002-09-27;2002-09-27;NLD198901754;WR-13;ELISABETH ROSE;NLWRG;Wieringen/Den Oever;;N;N;N;N;N;N;;FX;GNS;MIS;;;;;10.45;0.00;7.00;0.00;0.00;77.00;0.00;3;1993-03-04;4J1;;;PA;1989-01-01
NLD;NLD198901757;;RET;1994-06-24;1994-06-24;NLD198901757;HA-98;DIRK CLEMENS;NLHAR;Harlingen;;N;N;N;N;N;N;;FX;GNS;MIS;;;;;9.20;0.00;0.00;13.56;0.00;28.00;0.00;2;1993-03-23;Z18;;;PA;1989-01-01
NLD;NLD198901831;;RET;1994-06-27;1994-06-27;NLD198901831;TX-98;WHITE BEAUTY;NLTEX;Texel;;N;N;N;N;N;N;;FX;FPO;GNS;;;;;5.35;0.00;0.00;2.22;0.00;74.00;0.00;3;1993-10-21;Z18;;;PA;1989-01-01
NLD;NLD198901909;;MOD;2017-08-25;2100-12-31;NLD198901909;ARM-23;VOLHARDING;NLARM;Arnemuiden;;N;Y;N;N;Y;N;;LH;LHP;DRH;;;;;4.57;0.00;1.00;0.00;0.00;11.00;0.00;2;1995-03-07;MFL;;;;1989-01-01
NLD;NLD198901965;;RET;2002-12-01;2002-12-01;NLD198901965;IJM-45;ANNEKE;NLIJM;Ijmuiden/Velsen;;N;N;N;N;N;N;;FX;FPO;GNS;;;;;3.30;0.00;1.00;0.00;0.00;11.00;0.00;4;1996-03-14;4J1;;;PA;1989-01-01
NLD;NLD198901993;;MOD;2005-01-01;2100-12-31;NLD198901993;KW-8;WILMA;NLKWK;Katwijk;;N;Y;N;N;Y;N;;LH;LHP;MIS;;;;;4.70;0.00;1.00;0.00;0.00;4.00;0.00;3;1996-08-07;MFL;;;;1989-01-01
NLD;NLD198902005;;RET;2017-10-30;2017-10-30;NLD198902005;BR-75;ROEFFIE;NLBRS;Breskens;;N;N;N;N;Y;N;;FX;GNS;LHP;;;;;7.37;0.00;1.00;0.00;0.00;52.00;0.00;3;2016-04-15;MFL;;;PA;1989-01-01
NLD;NLD198902040;;EXP;2012-12-01;2012-12-01;NLD198902040;BR-8;POLARIS;NLBRS;Breskens;PCDV;Y;N;N;N;Y;N;;FX;LHP;GNS;;;;;7.50;0.00;2.00;0.00;0.00;184.00;0.00;3;2008-07-03;MFL;BEL;EX;PA;1989-01-01
NLD;NLD198902053;;RET;2014-01-01;2014-01-01;NLD198902053;YE-52;ADRIANA;NLYSK;Yerseke;;N;N;N;N;Y;N;;FX;PS;MIS;;;;;4.50;0.00;1.00;0.00;0.00;22.00;0.00;3;2008-12-16;MFL;;;PA;1989-01-01
NLD;NLD198902151;;MOD;2011-01-01;2100-12-31;NLD198902151;KW-116;WILMA;NLKWK;Katwijk;;N;Y;N;N;Y;N;;GO;TBB;GNS;;;;;4.30;0.00;1.00;0.00;0.00;7.00;0.00;3;1998-11-20;MFL;;;;1989-01-01
NLD;NLD198902175;;RET;2004-07-12;2004-07-12;NLD198902175;ZK-20;LAUWERSZEE;NLZOT;Zoutkamp;PFMT;Y;N;N;N;N;N;;FX;DRB;MIS;;;;;59.40;0.00;476.00;0.00;0.00;525.00;788.00;2;1999-02-11;MFL;;;PA;1989-01-01
NLD;NLD198902675;;RET;2003-09-18;2003-09-18;NLD198902675;HA-12;--;NLHAR;Harlingen;;N;N;N;N;Y;N;;FX;FPO;MIS;;;;;4.00;0.00;10.00;0.00;0.00;35.00;0.00;3;2002-12-30;MFL;;;PA;1989-01-01
NLD;NLD198902685;;MOD;2012-07-20;2100-12-31;NLD198902685;HA-12;NIELS;NLHAR;Harlingen;;N;Y;N;N;Y;N;;WO;FPO;MIS;;;;;4.09;0.00;1.00;0.00;0.00;29.00;0.00;3;2003-09-18;MFL;;;;1989-01-01
NLD;NLD198902717;;RET;2014-12-10;2014-12-10;NLD198902717;WSW-8;CALIMERO;NLWSW;Westenschouwen;PD 8579;Y;N;N;N;Y;N;;FX;LHP;MIS;;;;;6.50;0.00;2.00;0.00;0.00;110.00;0.00;3;2005-05-10;MFL;;;PA;1989-01-01
NLD;NLD198972031;;RET;2021-11-19;2021-11-19;NLD198972031;IJM-70;ELISABETH;NLIJM;Ijmuiden/Velsen;PCVE;Y;N;Y;Y;N;Y;244661000;MO;TBB;FPO;;;;;14.38;0.00;24.00;0.00;0.00;164.00;0.00;2;2019-05-24;MFL;;;PA;1989-01-01
NLD;NLD198972094;;CHA;2022-02-04;2100-12-31;NLD198972094;IJM-1;MYLENA;NLIJM;Ijmuiden/Velsen;PCPR;Y;Y;Y;Y;N;Y;246271000;GO;GNS;FPO;;;;;14.38;0.00;24.00;0.00;0.00;80.00;0.00;;2022-02-04;MFL;;;;1989-01-01
NLD;NLD199001041;8911970;MOD;2004-01-23;2100-12-31;NLD199001041;BRU-8;MARINUS;NLBSE;Bruinisse;PFUE;Y;Y;N;N;N;N;;FX;DRB;MIS;;;;;40.02;0.00;258.00;0.00;0.00;1220.00;585.00;2;1990-03-01;AQU;;;;1990-01-01
NLD;NLD199001042;8906327;DES;2023-05-10;2023-05-10;NLD199001042;GO-44;QUO VADIS;NLGDR;Goedereede;PGXN;Y;N;Y;Y;N;Y;244637000;TU;TBB;MIS;;;;;39.02;0.00;367.00;0.00;0.00;1471.00;0.00;2;1990-03-01;MFL;;;AC;1990-01-01
NLD;NLD199001055;9005998;EXP;2012-08-01;2012-08-01;NLD199001055;KW-43;SATURNUS;NLKWK;Katwijk;PCKI;Y;N;Y;N;N;N;;FX;TBB;OTB;;;;;24.00;0.00;156.00;0.00;5.00;221.00;150.00;2;1990-05-21;MFL;GBR;EX;PA;1990-01-01
NLD;NLD199001058;;DES;2008-01-26;2008-01-26;NLD199001058;UK-383;HARMEN POST;NLURK;Urk;PEME;Y;N;Y;N;N;N;;FX;TBB;OTB;;;;;41.78;0.00;446.00;0.00;0.00;1471.00;0.00;2;1990-05-21;MFL;;;AC;1990-01-01
NLD;NLD199001065;9001887;DES;2023-07-28;2023-07-28;NLD199001065;TH-10;DIRKJE;NLTHO;Tholen;PDQX;Y;N;Y;Y;N;Y;244742000;MO;OTT;TBB;;;;;23.97;0.00;86.00;0.00;0.00;221.00;305.00;2;1990-06-25;MFL;;;AC;1990-01-01
NLD;NLD199001066;;RET;2011-02-16;2011-02-16;NLD199001066;TH-18;TH-18;NLTHO;Tholen;;N;N;N;N;Y;N;;FX;FPO;PS;;;;;7.75;0.00;1.00;0.00;0.00;18.00;0.00;2;1990-06-25;MFL;;;PA;1990-01-01
NLD;NLD199001075;9013907;MOD;2017-05-11;2100-12-31;NLD199001075;UK-2;ADRIAANTJE;NLURK;Urk;PDHR;Y;Y;Y;Y;N;Y;245307000;MO;TBB;MIS;;;;;42.45;0.00;498.00;0.00;0.00;1471.00;508.00;2;1990-07-17;MFL;;;;1990-01-01
NLD;NLD199001077;9012599;MOD;2016-05-30;2100-12-31;NLD199001077;KW-45;ANNA HENDRIKA;NLKWK;Katwijk;PDXZ;Y;Y;Y;Y;N;Y;244672000;MO;TBB;MIS;;;;;42.00;0.00;489.00;0.00;0.00;1471.00;441.00;2;1990-07-17;MFL;;;;1990-01-01
NLD;NLD199001078;8432493;MOD;2021-09-08;2100-12-31;NLD199001078;WR-226;JACK CORNELIS;NLWRG;Wieringen/Den Oever;PDUP;Y;Y;Y;Y;N;Y;244323000;TU;TBB;MIS;;;;;21.33;0.00;43.00;0.00;0.00;221.00;0.00;;1990-01-01;MFL;;;;1990-01-01
NLD;NLD199001086;;MOD;2017-02-27;2100-12-31;NLD199001086;ST-20;AUKE SENIOR;NLSTA;Stavoren;PE4524;Y;Y;Y;Y;N;Y;244954000;TU;TBB;MIS;;;;;21.99;0.00;46.00;0.00;4.00;184.00;104.00;2;1990-08-31;MFL;;;;1990-01-01
NLD;NLD199001094;9006019;EXP;2016-05-11;2016-05-11;NLD199001094;OD-50;BRAMME'IE;NLGDO;Goedereede-Ouddorp;PFJT;Y;N;Y;N;N;N;;FX;TBB;MIS;;;;;24.00;0.00;151.00;0.00;0.00;221.00;0.00;2;1990-09-28;MFL;SUR;EX;PA;1990-01-01
NLD;NLD199001095;8432314;EXP;2024-05-10;2024-05-10;NLD199001095;ST-4;HARMEN SENIOR;NLSTA;Stavoren;PDJV;Y;N;Y;Y;N;Y;246182000;TU;TBB;MIS;;;;;20.57;0.00;62.00;0.00;0.00;221.00;50.00;2;1990-09-28;MFL;DEU;EX;PA;1990-01-01
NLD;NLD199001109;8432431;MOD;2021-03-15;2100-12-31;NLD199001109;WL-39;MONTE SR.;NLWDE;Westdongeradeel;PDWL;Y;Y;Y;Y;N;Y;244095000;FX;TBB;MIS;;;;;22.06;0.00;92.00;0.00;0.00;221.00;0.00;2;1990-11-20;MFL;;;;1990-01-01
NLD;NLD199001110;;RET;2008-02-01;2008-02-01;NLD199001110;ZK-28;SASKIA;NLZOT;Zoutkamp;;N;N;N;N;Y;N;;FX;FPO;MIS;;;;;5.60;0.00;1.00;0.00;0.00;10.00;0.00;2;1990-11-21;MFL;;;PA;1990-01-01
NLD;NLD199001113;;EXP;1998-12-02;1998-12-02;NLD199001113;UK-153;WILLY;NLURK;Urk;PIQM;Y;N;N;N;N;N;;FX;TBB;MIS;;;;;40.11;0.00;421.00;0.00;0.00;1471.00;526.00;2;1990-11-26;4J3;IRL;EX;PA;1990-01-01
NLD;NLD199001134;;EXP;2007-03-26;2007-03-26;NLD199001134;GO-18;ZEEAREND;NLGDR;Goedereede;PIWA;Y;N;Y;N;N;N;;FX;TBB;OTB;;;;;23.13;0.00;121.00;0.00;0.00;221.00;0.00;2;1990-12-11;MFL;GBR;EX;PA;1990-01-01
NLD;NLD199001142;;MOD;2024-06-10;2100-12-31;NLD199001142;GO-19;SOLEA;NLGDR;Goedereede;;N;Y;N;N;Y;Y;244060154;GO;OTB;GNS;;;;;8.81;0.00;4.00;0.00;0.00;90.00;0.00;2;2010-05-04;MFL;;;;1990-01-01
NLD;NLD199001183;8911982;MOD;2005-01-07;2100-12-31;NLD199001183;YE-79;ANNA TRIJNTJE;NLYSK;Yerseke;PCRQ;Y;Y;N;N;N;N;;FX;DRB;MIS;;;;;37.90;0.00;259.00;0.00;0.00;716.00;400.00;2;1991-02-28;AQU;;;;1990-01-01
NLD;NLD199001196;;MOD;2019-02-15;2100-12-31;NLD199001196;TX-133;CORNELIS;NLTEX;Texel;;N;Y;N;N;Y;N;;LH;LLS;LHP;;;;;5.20;0.00;1.00;0.00;0.00;29.00;0.00;3;1991-03-12;MFL;;;;1990-01-01
NLD;NLD199001204;9021497;EXP;2011-09-14;2011-09-14;NLD199001204;UK-143;ANDRIES DE VRIES;NLURK;Urk;PHZU;Y;N;Y;N;N;N;;FX;TBB;OTT;;;;;40.11;0.00;419.00;0.00;0.00;1471.00;608.00;2;1991-03-20;MFL;GBR;EX;PA;1990-01-01
NLD;NLD199001219;9035151;MOD;2024-05-24;2100-12-31;NLD199001219;YE-110;ANNA CRISTINA;NLYSK;Yerseke;PH5780;Y;Y;N;N;N;N;;FX;DRB;MIS;;;;;33.04;0.00;162.00;0.00;0.00;716.00;120.00;2;1991-03-28;AQU;;;;1990-01-01
NLD;NLD199001243;;RET;1994-06-27;1994-06-27;NLD199001243;TX-59;MANTA;NLTEX;Texel;;N;N;N;N;N;N;;FX;GNS;LLS;;;;;9.30;0.00;0.00;4.80;0.00;96.00;0.00;1;1991-04-16;Z18;;;PA;1990-01-01
NLD;NLD199001265;;RET;1994-06-23;1994-06-23;NLD199001265;EH-11;BRUNO;NLENK;Enkhuizen;;N;N;N;N;N;N;;FX;GNS;LLS;;;;;5.00;0.00;0.00;4.19;0.00;30.00;4.00;3;1991-05-14;Z18;;;PA;1990-01-01
NLD;NLD199001271;;RET;1994-06-24;1994-06-24;NLD199001271;HD-53;RANGER;NLDHR;Den Helder;;N;N;N;N;N;N;;FX;TBB;GNS;;;;;5.35;0.00;0.00;8.12;0.00;60.00;0.00;3;1991-05-15;Z18;;;PA;1990-01-01
NLD;NLD199001287;;RET;2001-12-12;2001-12-12;NLD199001287;IJM-100;JAN VAN GENT I;NLIJM;Ijmuiden/Velsen;;N;N;N;N;N;N;;FX;GNS;LLS;;;;;7.50;0.00;3.00;0.00;0.00;11.00;0.00;3;1991-05-21;4J5;;;PA;1990-01-01
NLD;NLD199001303;;RET;1994-06-27;1994-06-27;NLD199001303;UK-11;WALLEYE;NLURK;Urk;;N;N;N;N;N;N;;FX;GNS;LLS;;;;;5.20;0.00;0.00;2.81;0.00;86.00;10.00;3;1991-05-23;Z18;;;PA;1990-01-01
NLD;NLD199001304;;RET;1994-06-27;1994-06-27;NLD199001304;UK-23;ROHINI;NLURK;Urk;;N;N;N;N;N;N;;FX;NK;MIS;;;;;4.88;0.00;0.00;1.66;0.00;75.00;0.00;3;1991-05-23;Z18;;;PA;1990-01-01
NLD;NLD199001312;;RET;1994-06-27;1994-06-27;NLD199001312;UK-291;DIANNE;NLURK;Urk;;N;N;N;N;N;N;;FX;GNS;LLS;;;;;5.18;0.00;0.00;3.61;0.00;30.00;0.00;3;1991-06-05;Z18;;;PA;1990-01-01
NLD;NLD199001326;;RET;1994-06-27;1994-06-27;NLD199001326;VLI-35;SUZANNA;NLVLI;Vlissingen;;N;N;N;N;N;N;;FX;TBB;NK;;;;;8.60;0.00;0.00;16.14;0.00;44.00;0.00;3;1991-06-06;Z18;;;PA;1990-01-01
NLD;NLD199001364;;RET;1994-06-27;1994-06-27;NLD199001364;TX-91;PIETER BENJAMIN;NLTEX;Texel;;N;N;N;N;N;N;;FX;TBB;LLS;;;;;7.80;0.00;0.00;9.85;0.00;240.00;0.00;3;1991-06-13;Z18;;;PA;1990-01-01
NLD;NLD199001485;8431657;EXP;2016-10-05;2016-10-05;NLD199001485;TX-21;PIETER VAN ARIS;NLTEX;Texel;PFDO;Y;N;Y;N;N;N;;FX;TBB;OTT;;;;;22.85;0.00;78.00;0.00;0.00;221.00;58.00;2;1991-08-20;MFL;DEU;EX;PA;1990-01-01
NLD;NLD199001509;9019406;EXP;1993-11-19;1993-11-19;NLD199001509;UK-159;MICHIEL;NLURK;Urk;PFZK;Y;N;N;N;N;N;;FX;OTB;PTB;;;;;23.97;0.00;160.00;0.00;0.00;221.00;222.00;2;1991-09-16;E17;DEU;EX;PA;1990-01-01
NLD;NLD199001526;;RET;1994-06-23;1994-06-23;NLD199001526;GO-69;GOMPIE;NLGDR;Goedereede;;N;N;N;N;N;N;;FX;GND;GNS;;;;;6.00;0.00;0.00;4.57;0.00;15.00;0.00;2;1991-10-03;Z18;;;PA;1990-01-01
NLD;NLD199001540;;RET;1994-03-17;1994-03-17;NLD199001540;WR-141;DOLFIE;NLWRG;Wieringen/Den Oever;;N;N;N;N;N;N;;FX;FPO;GNS;;;;;5.00;0.00;0.00;2.01;0.00;45.00;7.00;3;1991-10-14;Z18;;;PA;1990-01-01
NLD;NLD199001541;;RET;1993-08-31;1993-08-31;NLD199001541;WR-142;JOHANNA II;NLWRG;Wieringen/Den Oever;;N;N;N;N;N;N;;FX;FPO;GNS;;;;;7.00;0.00;0.00;4.06;0.00;20.00;0.00;2;1991-10-14;E17;;;PA;1990-01-01
NLD;NLD199001546;;MOD;2021-12-13;2100-12-31;NLD199001546;BRU-18;PIETER;NLBSE;Bruinisse;;N;Y;N;N;Y;N;;FX;GNS;FPO;;;;;7.36;0.00;1.00;0.00;0.00;44.00;8.00;4;1991-10-16;MFL;;;;1990-01-01
NLD;NLD199001582;;RET;1994-06-24;1994-06-24;NLD199001582;HD-102;REA;NLDHR;Den Helder;;N;N;N;N;N;N;;FX;GNS;TBB;;;;;5.00;0.00;0.00;1.81;0.00;37.00;6.00;3;1991-11-29;Z18;;;PA;1990-01-01
NLD;NLD199001602;;RET;1994-06-27;1994-06-27;NLD199001602;SL-8;JACOB;NLSTD;Stellendam;;N;N;N;N;N;N;;FX;TBB;NK;;;;;5.84;0.00;0.00;2.36;0.00;130.00;0.00;3;1992-01-15;E17;;;PA;1990-01-01
NLD;NLD199001608;;RET;1998-09-03;1998-09-03;NLD199001608;HON-34;HON-34;NLHTN;Hontenisse;;N;N;N;N;N;N;;FX;TBB;MIS;;;;;8.90;0.00;0.00;2.89;0.00;32.00;0.00;3;1992-01-22;4J7;;;PA;1990-01-01
NLD;NLD199001642;;MOD;2018-10-05;2100-12-31;NLD199001642;LO-12;PETER;NLLAN;Lauwersoog;;N;Y;N;N;Y;N;;MSN;PS;OTB;;;;;6.00;0.00;1.00;0.00;0.00;38.00;0.00;3;1992-05-25;MFL;;;;1990-01-01
NLD;NLD199001647;;RET;2008-07-07;2008-07-07;NLD199001647;WR-92;NEPTUNUS II;NLWRG;Wieringen/Den Oever;;N;N;N;N;Y;N;;FX;FPO;GNS;;;;;3.45;0.00;1.00;0.00;0.00;18.00;0.00;3;1992-06-09;MFL;;;PA;1990-01-01
NLD;NLD199001686;;RET;2007-06-15;2007-06-15;NLD199001686;UK-160;WILLY;NLURK;Urk;;N;N;N;N;Y;N;;FX;GNS;LLS;;;;;5.72;0.00;1.00;0.00;0.00;8.10;0.00;3;1992-08-17;MFL;;;PA;1990-01-01
NLD;NLD199001708;;RET;2000-04-01;2000-04-01;NLD199001708;UK-75;JONGE JOHANNES;NLURK;Urk;;N;N;N;N;N;N;;FX;OTB;PTB;;;;;4.30;0.00;1.00;0.00;0.00;19.00;0.00;3;1992-10-19;4J5;;;PA;1990-01-01
NLD;NLD199001726;;RET;2001-04-01;2001-04-01;NLD199001726;BR-49;AQUARIUS;NLBRS;Breskens;;N;N;N;N;N;N;;FX;OTB;TBB;;;;;9.57;0.00;8.00;0.00;0.00;77.00;0.00;2;1993-01-12;4J7;;;PA;1990-01-01
NLD;NLD199001742;;RET;1994-06-27;1994-06-27;NLD199001742;UK-58;UK-58;NLURK;Urk;;N;N;N;N;N;N;;FX;TBB;GNS;;;;;5.84;0.00;0.00;4.04;0.00;121.00;0.00;3;1993-02-17;Z18;;;PA;1990-01-01
NLD;NLD199001778;;RET;1994-06-24;1994-06-24;NLD199001778;HD-113;VERONICA;NLDHR;Den Helder;;N;N;N;N;N;N;;FX;GNS;LLS;;;;;5.70;0.00;0.00;8.09;0.00;50.00;0.00;3;1993-06-08;Z18;;;PA;1990-01-01
NLD;NLD199001801;;RET;1994-06-24;1994-06-24;NLD199001801;HD-110;HD-110;NLDHR;Den Helder;;N;N;N;N;N;N;;FX;GNS;LLS;;;;;4.95;0.00;0.00;1.17;0.00;45.00;3.00;3;1993-06-29;Z18;;;PA;1990-01-01
NLD;NLD199001828;;MOD;2013-09-27;2100-12-31;NLD199001828;IJM-356;NOUTTILES;NLIJM;Ijmuiden/Velsen;;N;Y;N;N;Y;N;;GO;GNS;OTB;;;;;5.80;0.00;1.00;0.00;0.00;51.50;0.01;3;1993-09-30;MFL;;;;1990-01-01
NLD;NLD199001972;;RET;2000-04-01;2000-04-01;NLD199001972;HD-224;GILLIS;NLDHR;Den Helder;;N;N;N;N;N;N;;FX;TBB;GNS;;;;;3.00;0.00;1.00;0.00;0.00;4.00;0.00;3;1996-05-08;4J5;;;PA;1990-01-01
NLD;NLD199001982;;MOD;2005-01-01;2100-12-31;NLD199001982;KW-25;ZEEAREND;NLKWK;Katwijk;;N;Y;N;N;Y;N;;GO;TBB;GNS;;;;;5.55;0.00;1.00;0.00;0.00;35.00;0.00;3;1996-06-13;MFL;;;;1990-01-01
NLD;NLD199002004;;RET;2001-05-04;2001-05-04;NLD199002004;TX-91;ONIDEN;NLTEX;Texel;;N;N;N;N;N;N;;FX;OTB;PTB;;;;;7.20;0.00;2.00;0.00;0.00;46.00;0.00;3;1996-09-10;4J5;;;PA;1990-01-01
NLD;NLD199002011;;RET;2010-02-23;2010-02-23;NLD199002011;KG-6;TORNADO;NLKOG;Kortgene;PF5372;Y;N;N;N;Y;N;;FX;LHP;MIS;;;;;7.85;0.00;1.00;0.00;0.00;159.00;0.00;3;2008-03-25;MFL;;;PA;1990-01-01
NLD;NLD199002025;;RET;2007-06-15;2007-06-15;NLD199002025;KW-14;CATHARINA II;NLKWK;Katwijk;;N;N;N;N;Y;N;;FX;OTB;GNS;;;;;4.70;0.00;1.00;0.00;0.00;11.00;0.00;4;1996-11-22;MFL;;;PA;1990-01-01
NLD;NLD199002048;;RET;2010-06-25;2010-06-25;NLD199002048;WL-27;ALBATROS;NLWDE;Westdongeradeel;PH9198;Y;N;Y;N;N;N;;FX;HMD;MIS;;;;;21.91;0.00;68.00;0.00;0.00;124.00;12.00;2;2008-09-03;MFL;;;PA;1990-01-01
NLD;NLD199002103;;RET;2013-06-01;2013-06-01;NLD199002103;IJM-303;SIMONE;NLIJM;Ijmuiden/Velsen;;N;N;N;N;Y;N;;FX;GNS;LHP;;;;;4.87;0.00;1.00;0.00;0.00;11.00;0.00;3;1998-04-14;MFL;;;PA;1990-01-01
NLD;NLD199002129;;RET;2006-06-12;2006-06-12;NLD199002129;IJM-42;ELISABETH;NLIJM;Ijmuiden/Velsen;;N;N;N;N;Y;N;;FX;GNS;MIS;;;;;3.92;0.00;1.00;0.00;0.00;5.00;0.00;3;1998-10-07;MFL;;;PA;1990-01-01
NLD;NLD199002131;;RET;1999-06-11;1999-06-11;NLD199002131;SCH-3;SCH-3;NLSCE;Scheveningen;;N;N;N;N;N;N;;FX;GNS;MIS;;;;;4.10;0.00;0.00;0.79;0.00;2.00;0.00;3;1998-10-08;4J7;;;PA;1990-01-01
NLD;NLD199002161;;MOD;2024-03-18;2100-12-31;NLD199002161;IJM-47;TWISTER;NLIJM;Ijmuiden/Velsen;;N;Y;N;N;Y;N;;GO;GNS;FPO;;;;;4.91;0.00;1.00;0.00;0.00;11.00;0.00;3;1998-12-10;MFL;;;;1990-01-01
NLD;NLD199002172;;MOD;2005-01-01;2100-12-31;NLD199002172;VL-3;KLOPVIS;NLVLA;Vlaardingen;;N;Y;N;N;Y;N;;FX;FPO;MIS;;;;;8.15;0.00;1.00;0.00;0.00;19.00;0.00;2;1999-01-28;MFL;;;;1990-01-01
NLD;NLD199002207;;RET;2019-01-10;2019-01-10;NLD199002207;YE-64;AALTJE;NLYSK;Yerseke;;N;N;N;N;Y;N;;FX;GNS;MIS;;;;;7.90;0.00;3.00;0.00;0.00;37.00;0.00;3;1999-06-22;MFL;;;PA;1990-01-01
NLD;NLD199002599;;RET;2007-07-02;2007-07-02;NLD199002599;MS-2;CATRIEN;NLMDS;Middenschouwen;;N;N;N;N;Y;N;;FX;GNS;TBB;;;;;6.66;0.00;1.00;0.00;0.00;55.00;0.01;3;2000-08-16;MFL;;;PA;1990-01-01
NLD;NLD199002616;;RET;2002-12-31;2002-12-31;NLD199002616;EH-555;SCHAVUIT;NLENK;Enkhuizen;;N;Y;N;N;N;N;;FX;NK;MIS;;;;;4.00;0.00;1.00;0.00;0.00;4.00;0.01;2;2000-12-18;4JZ;;;PA;1990-01-01
NLD;NLD199002626;;MOD;2015-01-09;2100-12-31;NLD199002626;IJM-64;ANDREA;NLIJM;Ijmuiden/Velsen;;N;Y;N;N;Y;N;;FX;GNS;FPO;;;;;7.31;0.00;4.00;0.00;0.00;41.00;0.00;3;2001-06-19;MFL;;;;1990-01-01
NLD;NLD199002668;;MOD;2016-12-28;2100-12-31;NLD199002668;YE-126;MINIMA;NLYSK;Yerseke;;N;Y;N;N;Y;N;;WO;FPO;MIS;;;;;6.70;0.00;1.00;0.00;0.00;38.00;0.00;2;2002-12-30;MFL;;;;1990-01-01
NLD;NLD199002669;;MOD;2012-01-27;2100-12-31;NLD199002669;YE-131;JOANDE;NLYSK;Yerseke;;N;Y;N;N;Y;N;;WOP;GNC;FPO;;;;;4.97;0.00;1.00;0.00;0.00;22.00;0.00;3;2002-12-30;MFL;;;;1990-01-01
NLD;NLD199002671;;MOD;2016-07-29;2100-12-31;NLD199002671;HA-6;SEA MAX;NLHAR;Harlingen;;N;Y;N;N;Y;N;;GO;LHP;GNS;;;;;5.10;0.00;1.00;0.00;0.00;37.00;0.00;3;2006-03-30;MFL;;;;1990-01-01
NLD;NLD199002680;;RET;2012-08-15;2012-08-15;NLD199002680;IJM-14;SPOTTED MARLIN;NLIJM;Ijmuiden/Velsen;PH4507;Y;N;N;N;Y;N;;FX;LHP;OTB;;;;;7.22;0.00;1.00;0.00;0.00;110.00;0.00;3;2006-06-08;MFL;;;PA;1990-01-01
NLD;NLD199002704;;RET;2018-12-07;2018-12-07;NLD199002704;BRU-3;WILLEMIEN;NLBSE;Bruinisse;;N;N;N;N;Y;N;;FX;GNS;LHM;;;;;7.48;0.00;2.00;0.00;0.00;6.00;0.00;3;2005-01-28;MFL;;;PA;1990-01-01
NLD;NLD199072003;;RET;2021-01-28;2021-01-28;NLD199072003;SCH-4;REINEL;NLSCE;Scheveningen;;N;N;N;N;Y;N;;GO;GNS;LHP;;;;;7.34;0.00;1.00;0.00;0.00;37.00;0.00;3;2018-10-18;MFL;;;PA;1990-01-01
NLD;NLD199072038;8814665;IMP;2020-11-25;2100-12-31;NLD199072038;SCH-153;CAP BLANC;NLSCE;Scheveningen;PDVB;Y;Y;Y;Y;N;Y;246857000;TTW;OTM;MIS;;;;;56.00;0.00;1230.00;0.00;0.00;1729.00;920.00;2;2020-11-25;MFL;FRO;;;1990-01-01
NLD;NLD199101117;;RET;2024-02-23;2024-02-23;NLD199101117;KW-137;MARIJKE;NLKWK;Katwijk;;N;N;N;N;Y;N;;GO;GNS;MIS;;;;;4.60;0.00;1.00;0.00;0.00;96.00;0.00;3;2023-02-16;MFL;;;PA;1991-01-01
NLD;NLD199101247;9033660;MOD;2003-01-01;2100-12-31;NLD199101247;YE-62;JANNA MARGARETHA;NLYSK;Yerseke;PEZE;Y;Y;N;N;N;N;;FX;DRB;DRH;;;;;40.18;0.00;248.00;0.00;0.00;806.00;0.00;2;1991-04-17;AQU;;;;1991-01-01
NLD;NLD199101249;9018608;EXP;2004-03-23;2004-03-23;NLD199101249;UK-225;PRINS MAURITS;NLURK;Urk;PGVW;Y;N;Y;N;N;N;;FX;TBB;MIS;;;;;41.82;0.00;446.00;0.00;0.00;1471.00;625.00;2;1991-04-25;MFL;DEU;EX;PA;1991-01-01
NLD;NLD199101288;;RET;1994-06-28;1994-06-28;NLD199101288;ZZ-11;ALBATROS;NLZIE;Zierikzee;;N;N;N;N;N;N;;FX;TBB;NK;;;;;5.35;0.00;0.00;1.59;0.00;60.00;0.00;3;1991-05-22;Z18;;;PA;1991-01-01
NLD;NLD199101333;;RET;1993-09-28;1993-09-28;NLD199101333;HON-15;DEMIE;NLHTN;Hontenisse;;N;N;N;N;N;N;;FX;TBB;MIS;;;;;12.50;0.00;0.00;34.75;0.00;118.00;15.00;2;1991-06-07;Z18;;;PA;1991-01-01
NLD;NLD199101413;9018610;DES;2023-07-28;2023-07-28;NLD199101413;UK-47;IEDE KORNELIS;NLURK;Urk;PEVQ;Y;N;Y;N;N;Y;245220000;FX;TBB;MIS;;;;;40.92;0.00;436.00;0.00;0.00;1470.00;507.00;2;1991-06-20;MFL;;;AC;1991-01-01
NLD;NLD199101430;;RET;1994-06-28;1994-06-28;NLD199101430;LO-3;FREDERIK HITZERUS;NLLAN;Lauwersoog;;N;N;N;N;N;N;;FX;GNS;TBB;;;;;9.95;0.00;0.00;14.31;0.00;160.00;0.00;2;1991-06-24;Z18;;;PA;1991-01-01
NLD;NLD199101431;;RET;1994-06-28;1994-06-28;NLD199101431;KW-245;WITTE HAAI;NLKWK;Katwijk;;N;N;N;N;N;N;;FX;GNS;LLS;;;;;5.85;0.00;0.00;2.49;0.00;60.00;0.00;3;1991-06-24;Z18;;;PA;1991-01-01
NLD;NLD199101455;;RET;2001-12-12;2001-12-12;NLD199101455;IJM-9;DOLFIJN;NLIJM;Ijmuiden/Velsen;;N;N;N;N;N;N;;FX;GNS;LLS;;;;;9.00;0.00;6.00;0.00;0.00;6.00;0.00;3;1991-06-27;4J5;;;PA;1991-01-01
NLD;NLD199101505;;MOD;2021-03-18;2100-12-31;NLD199101505;WR-332;JULIA-SOFIA;NLWRG;Wieringen/Den Oever;;N;Y;N;N;Y;N;;LH;LHP;FPO;;;;;5.10;0.00;1.00;0.00;0.00;37.00;0.00;2;1991-09-13;MFL;;;;1991-01-01
NLD;NLD199101534;;MOD;2024-05-27;2100-12-31;NLD199101534;TH-50;GEERTRUIDA;NLTHO;Tholen;;N;Y;N;N;Y;N;;FX;PS;MIS;;;;;9.10;0.00;4.00;0.00;0.00;7.00;0.00;2;1991-10-11;MFL;;;;1991-01-01
NLD;NLD199101571;;DES;2008-01-26;2008-01-26;NLD199101571;KW-49;LEENDERT JUNIOR;NLKWK;Katwijk;PDKS;Y;N;Y;N;N;N;;FX;TBB;MIS;;;;;40.11;0.00;422.00;0.00;0.00;1468.00;432.00;2;1991-11-11;MFL;;;AC;1991-01-01
NLD;NLD199101572;9034119;MOD;2021-03-14;2100-12-31;NLD199101572;UK-172;SURSUM CORDA;NLURK;Urk;PHVB;Y;Y;Y;Y;N;Y;245612000;FX;TBB;OTT;;;;;41.35;0.00;458.00;0.00;0.00;1470.00;220.00;2;1991-11-14;MFL;;;;1991-01-01
NLD;NLD199101573;;RET;1994-02-24;1994-02-24;NLD199101573;IJM-336;RANA;NLIJM;Ijmuiden/Velsen;;N;N;N;N;N;N;;FX;GNS;MIS;;;;;4.50;0.00;0.00;1.40;0.00;11.00;0.00;3;1991-11-14;Z18;;;PA;1991-01-01
NLD;NLD199101606;;EXP;1998-01-14;1998-01-14;NLD199101606;HD-38;PIETER JR;NLDHR;Den Helder;PGTE;Y;N;N;N;N;N;;FX;TBB;MIS;;;;;40.20;0.00;472.00;0.00;0.00;1467.00;436.00;2;1992-01-17;4J7;GBR;EX;PA;1991-01-01
NLD;NLD199101623;;EXP;2007-05-08;2007-05-08;NLD199101623;GO-1;CATHARINA;NLGDR;Goedereede;PDIT;Y;N;Y;N;N;N;;FX;TBB;OTB;;;;;23.97;0.00;160.00;0.00;0.00;221.00;212.00;2;1992-03-20;MFL;GBR;EX;PA;1991-01-01
NLD;NLD199101645;;RET;1994-06-27;1994-06-27;NLD199101645;UK-46;MALISSA;NLURK;Urk;;N;N;N;N;N;N;;FX;GNS;LLS;;;;;5.40;0.00;0.00;5.93;0.00;41.00;0.00;3;1992-06-09;Z18;;;PA;1991-01-01
NLD;NLD199101691;;RET;2023-12-14;2023-12-14;NLD199101691;SCH-38;SILVERPIT;NLSCE;Scheveningen;;N;N;N;N;Y;Y;244670971;TU;GNS;OTB;;;;;9.45;0.00;6.00;0.00;0.00;65.00;0.00;2;1992-08-27;MFL;;;PA;1991-01-01
NLD;NLD199101723;9019377;MOD;2017-07-18;2100-12-31;NLD199101723;VLI-27;JEANET- MAARTJE;NLVLI;Vlissingen;PIYW;Y;Y;Y;Y;N;Y;244245000;TU;TBB;OTB;;;;;23.97;0.00;160.00;0.00;0.00;221.00;289.00;2;1992-12-22;MFL;;;;1991-01-01
NLD;NLD199101730;9019420;MOD;2016-07-01;2100-12-31;NLD199101730;UK-158;WILLEM-JACOB;NLURK;Urk;PIPM;Y;Y;Y;Y;N;Y;246161000;MO;OTB;TBB;;;;;23.97;0.00;161.00;0.00;0.00;344.00;222.00;2;1993-01-21;MFL;;;;1991-01-01
NLD;NLD199101747;;RET;1994-06-28;1994-06-28;NLD199101747;WR-118;BACHUS;NLWRG;Wieringen/Den Oever;;N;N;N;N;N;N;;FX;GNS;LLS;;;;;5.58;0.00;0.00;0.65;0.00;9.00;0.00;3;1993-02-18;Z18;;;PA;1991-01-01
NLD;NLD199101755;;RET;1997-07-11;1997-07-11;NLD199101755;UQ-16;ELSE;NLNPZ;Usquert/Noordpolderzijl;;N;N;N;N;N;N;;FX;FPO;LLS;;;;;8.79;0.00;0.00;6.53;0.00;7.00;0.00;3;1993-03-08;4J7;;;PA;1991-01-01
NLD;NLD199101797;;RET;1994-06-24;1994-06-24;NLD199101797;HA-99;ORCA;NLHAR;Harlingen;;N;N;N;N;N;N;;FX;NK;MIS;;;;;5.50;0.00;0.00;2.98;0.00;37.00;0.00;3;1993-06-29;Z18;;;PA;1991-01-01
NLD;NLD199101808;;RET;1994-06-23;1994-06-23;NLD199101808;HA-94;MAIKEL;NLHAR;Harlingen;;N;N;N;N;N;N;;FX;LLS;NK;;;;;5.18;0.00;0.00;1.55;0.00;29.00;0.00;3;1993-07-29;Z18;;;PA;1991-01-01
NLD;NLD199101836;;RET;1994-06-28;1994-06-28;NLD199101836;WR-156;WR-156;NLWRG;Wieringen/Den Oever;;N;N;N;N;N;N;;FX;FPO;GNS;;;;;5.20;0.00;0.00;3.10;0.00;45.00;7.00;3;1993-11-25;Z18;;;PA;1991-01-01
NLD;NLD199101931;;RET;1996-03-07;1996-03-07;NLD199101931;IJM-300;SKYLGE;NLIJM;Ijmuiden/Velsen;;N;N;N;N;N;N;;FX;TBB;GNS;;;;;4.65;0.00;0.00;2.00;0.00;15.00;0.00;3;1995-06-14;Z18;;;PA;1991-01-01
NLD;NLD199102013;;MOD;2019-09-30;2100-12-31;NLD199102013;SCH-261;MANTELMEEUW;NLSCE;Scheveningen;;N;Y;N;N;Y;N;;LH;LHP;FPO;;;;;8.65;0.00;2.00;0.00;0.00;199.00;0.00;3;2016-05-20;MFL;;;;1991-01-01
NLD;NLD199102027;;RET;2010-09-16;2010-09-16;NLD199102027;WSW-3;JORDINA;NLWSW;Westenschouwen;PD3624;Y;N;N;N;Y;N;;FX;LHP;MIS;;;;;6.30;0.00;2.00;0.00;0.00;117.00;0.00;3;2008-05-19;MFL;;;PA;1991-01-01
NLD;NLD199102043;;RET;2008-06-20;2008-06-20;NLD199102043;IJM-33;ELISABETH ROSE;NLIJM;Ijmuiden/Velsen;;N;N;N;N;Y;N;;FX;GNS;MIS;;;;;4.23;0.00;1.00;0.00;0.00;11.00;0.00;3;1997-02-14;MFL;;;PA;1991-01-01
NLD;NLD199102102;;RET;2012-09-03;2012-09-03;NLD199102102;SCH-1;GEAR;NLSCE;Scheveningen;;N;N;N;N;Y;N;;FX;GNS;OTB;;;;;6.65;0.00;1.00;0.00;0.00;28.00;0.00;3;1998-04-14;MFL;;;PA;1991-01-01
NLD;NLD199102123;;RET;2001-11-27;2001-11-27;NLD199102123;IJM-25;CRAFTY K;NLIJM;Ijmuiden/Velsen;;N;N;N;N;N;N;;FX;GNS;MIS;;;;;3.70;0.00;1.00;0.00;0.00;11.00;0.00;4;1998-09-10;4J1;;;PA;1991-01-01
NLD;NLD199102135;;RET;2018-10-12;2018-10-12;NLD199102135;IJM-4;A;NLIJM;Ijmuiden/Velsen;;N;N;N;N;Y;N;;FX;GNS;FPO;;;;;2.60;0.00;1.00;0.00;0.00;3.00;0.00;4;1998-10-22;MFL;;;PA;1991-01-01
NLD;NLD199102136;;RET;2001-06-20;2001-06-20;NLD199102136;IJM-60;B;NLIJM;Ijmuiden/Velsen;;N;N;N;N;N;N;;FX;GNS;MIS;;;;;2.60;0.00;1.00;0.00;0.00;3.00;0.00;4;1998-10-22;4J1;;;PA;1991-01-01
NLD;NLD199102137;;MOD;2023-06-05;2100-12-31;NLD199102137;IJM-61;C;NLIJM;Ijmuiden/Velsen;;N;Y;N;N;Y;N;;FX;GNS;LHP;;;;;2.60;0.00;1.00;0.00;0.00;3.00;0.00;4;1998-10-22;MFL;;;;1991-01-01
NLD;NLD199102138;;MOD;2009-05-15;2100-12-31;NLD199102138;IJM-62;D;NLIJM;Ijmuiden/Velsen;;N;Y;N;N;Y;N;;FX;GNS;GTN;;;;;2.60;0.00;1.00;0.00;0.00;3.00;0.00;4;1998-10-22;MFL;;;;1991-01-01
NLD;NLD199102139;;RET;2001-06-20;2001-06-20;NLD199102139;IJM-63;E;NLIJM;Ijmuiden/Velsen;;N;N;N;N;N;N;;FX;GNS;MIS;;;;;2.60;0.00;1.00;0.00;0.00;3.00;0.00;4;1998-10-22;4J1;;;PA;1991-01-01
NLD;NLD199102143;;RET;2005-05-10;2005-05-10;NLD199102143;BR-8;ZEEAREND;NLBRS;Breskens;PCDV;Y;N;N;N;Y;N;;FX;GNS;MIS;;;;;8.15;0.00;4.00;0.00;0.00;113.00;0.01;3;1998-11-13;MFL;;;PA;1991-01-01
NLD;NLD199102663;;MOD;2012-06-06;2100-12-31;NLD199102663;BZ-7;KIM;NLBZM;Bergse Diepsluis/Bergen Op Zoom;;N;Y;N;N;Y;N;;WOP;GNS;FPO;;;;;6.78;0.00;1.00;0.00;0.00;26.00;0.00;2;2002-12-30;MFL;;;;1991-01-01
NLD;NLD199102668;;RET;2007-05-08;2007-05-08;NLD199102668;VLI-9;ROMINO;NLVLI;Vlissingen;PC4491;Y;N;N;N;Y;N;;FX;LHP;GNS;;;;;6.53;0.00;2.00;0.00;0.00;191.00;0.00;3;2006-03-17;MFL;;;PA;1991-01-01
NLD;NLD199102675;;MOD;2007-04-18;2100-12-31;NLD199102675;UK-228;HOOP;NLURK;Urk;;N;N;N;N;N;N;;FX;GNS;MIS;;;;;12.40;0.00;9.00;0.00;0.00;95.00;0.00;2;2006-05-10;MFL;;;PA;1991-01-01
NLD;NLD199172019;;CHA;2019-03-04;2100-12-31;NLD199172019;IJM-36;PIETER ELTIN;NLIJM;Ijmuiden/Velsen;PE8578;Y;Y;N;N;Y;Y;244180122;GO;GNS;FPO;;;;;11.98;0.00;4.00;0.00;0.00;95.00;0.00;2;2019-03-04;MFL;;;;1991-01-01
NLD;NLD199201159;;RET;2015-06-24;2015-06-24;NLD199201159;BR-50;SPIRIT;NLBRS;Breskens;;N;N;N;N;Y;N;;FX;LHP;MIS;;;;;6.35;0.00;1.00;0.00;0.00;140.00;0.00;3;2010-10-14;MFL;;;PA;1992-01-01
NLD;NLD199201617;9039200;MOD;2017-04-01;2100-12-31;NLD199201617;UK-284;CORNELIS ZEEMAN;NLURK;Urk;PDLI;Y;Y;Y;Y;N;Y;245876000;TU;TBB;MIS;;;;;41.80;0.00;462.00;0.00;0.00;1471.00;501.00;2;1992-02-26;MFL;;;;1992-01-01
NLD;NLD199201631;;RET;1994-06-08;1994-06-08;NLD199201631;TS-1;RENEGADE;NLWTE;West-Terschelling;;N;N;N;N;N;N;;FX;GNS;OTB;;;;;9.99;0.00;0.00;15.98;0.00;191.00;0.00;2;1992-04-09;Z18;;;PA;1992-01-01
NLD;NLD199201635;;RET;2000-04-13;2000-04-13;NLD199201635;WR-35;AMSTELMEER;NLWRG;Wieringen/Den Oever;;N;N;N;N;N;N;;FX;GNS;LLS;;;;;10.54;0.00;5.00;0.00;0.00;74.00;0.00;2;1992-04-14;4J7;;;PA;1992-01-01
NLD;NLD199201650;;CHA;2009-10-02;2100-12-31;NLD199201650;SCH-74;VISDIEFJE;NLSCE;Scheveningen;PD2438;Y;Y;N;N;Y;N;244060606;LH;OTB;MIS;;;;;5.24;0.00;1.00;0.00;0.00;44.00;0.00;3;1992-06-09;MFL;;;;1992-01-01
NLD;NLD199201654;;RET;1997-07-11;1997-07-11;NLD199201654;UK-80;RIEKELT;NLURK;Urk;;N;N;N;N;N;N;;FX;OTB;MIS;;;;;6.93;0.00;4.00;0.00;0.00;18.00;0.00;3;1992-06-10;4J7;;;PA;1992-01-01
NLD;NLD199201655;9056856;DES;2023-07-27;2023-07-27;NLD199201655;ZK-87;PIETERNELLE HELENA;NLZOT;Zoutkamp;PFKD;Y;N;Y;Y;N;Y;246047000;TU;TBB;OTB;;;;;23.88;0.00;151.00;0.00;0.00;221.00;125.00;2;1992-06-18;MFL;;;AC;1992-01-01
NLD;NLD199201666;;RET;2014-01-01;2014-01-01;NLD199201666;WR-323;STEFANIE;NLWRG;Wieringen/Den Oever;;N;N;N;N;Y;N;;FX;FPO;MIS;;;;;4.50;0.00;1.00;0.00;0.00;44.00;0.00;3;1992-06-29;MFL;;;PA;1992-01-01
NLD;NLD199201667;8432821;MOD;2019-08-15;2100-12-31;NLD199201667;WR-213;TINI SIMONE;NLWRG;Wieringen/Den Oever;PHZA;Y;Y;Y;Y;N;Y;245914000;MO;TBB;OTT;;;;;22.72;0.00;78.00;0.00;0.00;221.00;90.00;2;1992-06-29;MFL;;;;1992-01-01
NLD;NLD199201673;9039212;MOD;2024-06-06;2100-12-31;NLD199201673;UK-34;KOBUS JR;NLURK;Urk;PFKP;Y;Y;Y;Y;N;Y;246009000;TU;TBB;OTT;;;;;41.35;0.00;458.00;0.00;0.00;1471.00;480.00;2;1992-07-29;MFL;;;;1992-01-01
NLD;NLD199201675;8432223;MOD;2018-02-09;2100-12-31;NLD199201675;TX-14;GRIETJE;NLTEX;Texel;PEKM;Y;Y;Y;Y;N;Y;246014000;MO;TBB;MIS;;;;;40.90;0.00;449.00;0.00;0.00;1471.00;477.00;2;1992-08-06;MFL;;;;1992-01-01
NLD;NLD199201697;9056143;MOD;2015-08-26;2100-12-31;NLD199201697;UK-237;GRIETJE BOS;NLURK;Urk;PGSZ;Y;Y;Y;Y;N;Y;244836000;TU;TBB;MIS;;;;;42.81;0.00;455.00;0.00;0.00;1471.00;570.00;2;1992-09-16;MFL;;;;1992-01-01
NLD;NLD199201702;;RET;1994-03-25;1994-03-25;NLD199201702;HD-19;JACOB;NLDHR;Den Helder;;N;N;N;N;N;N;;FX;TBB;NK;;;;;5.60;0.00;0.00;3.29;0.00;11.00;0.00;3;1992-09-28;Z18;;;PA;1992-01-01
NLD;NLD199201707;;RET;1994-06-24;1994-06-24;NLD199201707;HD-101;ORION;NLDHR;Den Helder;;N;N;N;N;N;N;;FX;TBB;MIS;;;;;5.50;0.00;0.00;3.19;0.00;6.00;0.00;3;1992-10-14;Z18;;;PA;1992-01-01
NLD;NLD199201710;9056155;MOD;2016-08-26;2100-12-31;NLD199201710;SL-42;JAN CORNELIS III;NLSTD;Stellendam;PCRJ;Y;Y;Y;Y;N;Y;246054000;FX;TBB;OTM;;;;;41.99;0.00;475.00;0.00;0.00;1467.00;0.00;2;1992-10-22;MFL;;;;1992-01-01
NLD;NLD199201712;9056181;MOD;2020-04-01;2100-12-31;NLD199201712;UK-68;JELLE KORNELIS;NLURK;Urk;PDER;Y;Y;Y;Y;N;Y;244075000;MO;TBB;OTB;;;;;23.94;0.00;138.00;0.00;0.00;221.00;232.00;2;1992-11-09;MFL;;;;1992-01-01
NLD;NLD199201715;;EXP;2000-10-24;2000-10-24;NLD199201715;EH-212;NELLY EVELEIN;NLENK;Enkhuizen;;N;N;N;N;N;N;;FX;GNS;NK;;;;;18.10;0.00;37.00;0.00;0.00;158.00;53.00;2;1992-11-17;4JZ;DNK;EX;PA;1992-01-01
NLD;NLD199201721;9048677;DES;2023-05-03;2023-05-03;NLD199201721;ARM-18;JORIS SENIOR;NLARM;Arnemuiden;PFBR;Y;N;Y;Y;N;Y;246057000;TU;TBB;MIS;;;;;45.98;0.00;572.00;0.00;0.00;1471.00;522.00;2;1992-12-10;MFL;;;AC;1992-01-01
NLD;NLD199201722;9055034;MOD;2025-01-10;2100-12-31;NLD199201722;UK-246;CONCORDIA;NLURK;Urk;PDLQ;Y;Y;Y;Y;N;Y;246068000;TU;TBB;MIS;;;;;40.36;0.00;443.00;0.00;0.00;1265.00;441.00;2;1992-12-18;MFL;;;;1992-01-01
NLD;NLD199201724;;DES;2008-01-26;2008-01-26;NLD199201724;HD-7;ZES GEBROEDERS;NLDHR;Den Helder;PIYG;Y;N;Y;N;N;N;;FX;TBB;MIS;;;;;42.87;0.00;547.00;0.00;0.00;1470.00;750.00;2;1992-12-24;MFL;;;AC;1992-01-01
NLD;NLD199201746;;RET;1994-06-28;1994-06-28;NLD199201746;WR-204;NOORDERZON;NLWRG;Wieringen/Den Oever;;N;N;N;N;N;N;;FX;GNS;LLS;;;;;9.88;0.00;0.00;11.77;0.00;55.00;0.00;2;1993-02-18;Z18;;;PA;1992-01-01
NLD;NLD199201748;;RET;1995-06-08;1995-06-08;NLD199201748;IJM-26;SEAHAWK;NLIJM;Ijmuiden/Velsen;;N;N;N;N;N;N;;FX;GNS;NK;;;;;6.50;0.00;0.00;3.12;0.00;128.00;0.00;3;1993-02-18;Z18;;;PA;1992-01-01
NLD;NLD199201749;;RET;1994-06-27;1994-06-27;NLD199201749;IJM-36;PIETER;NLIJM;Ijmuiden/Velsen;;N;N;N;N;N;N;;FX;GNS;NK;;;;;4.70;0.00;0.00;1.79;0.00;74.00;0.00;3;1993-02-18;Z18;;;PA;1992-01-01
NLD;NLD199201750;9056179;DES;2023-04-21;2023-04-21;NLD199201750;HD-29;MORGENSTER;NLDHR;Den Helder;PGAP;Y;N;Y;Y;N;Y;244205000;TU;TBB;OTB;;;;;43.99;0.00;546.00;0.00;0.00;1471.00;905.00;2;1993-02-24;MFL;;;AC;1992-01-01
NLD;NLD199201765;9044580;EXP;2011-11-29;2011-11-29;NLD199201765;GO-4;GEORGE JOHANNES KLAZINA;NLGDR;Goedereede;PEHL;Y;N;Y;N;N;N;;FX;TBB;MIS;;;;;40.11;0.00;417.00;0.00;0.00;1467.00;612.00;2;1993-04-19;MFL;BEL;EX;PA;1992-01-01
NLD;NLD199201770;9044578;DES;2023-05-03;2023-05-03;NLD199201770;GO-48;CORNELIS SENIOR;NLGDR;Goedereede;PDMY;Y;N;Y;Y;N;Y;246183000;TU;TBB;MIS;;;;;40.14;0.00;418.00;0.00;0.00;1467.00;612.00;2;1993-04-26;MFL;;;AC;1992-01-01
NLD;NLD199201803;9056167;DES;2023-04-21;2023-04-21;NLD199201803;HD-27;ZUIDERHAAKS;NLDHR;Den Helder;PCAR;Y;N;Y;Y;N;Y;246222000;TU;TBB;MIS;;;;;41.99;0.00;489.00;0.00;0.00;1467.00;837.00;2;1993-07-27;MFL;;;AC;1992-01-01
NLD;NLD199201823;;RET;1996-01-31;1996-01-31;NLD199201823;WR-142;JOHANNA II;NLWRG;Wieringen/Den Oever;;N;N;N;N;N;N;;FX;FPO;GNS;;;;;7.00;0.00;2.00;0.00;0.00;26.00;0.00;2;1993-08-31;E17;;;PA;1992-01-01
NLD;NLD199201839;;RET;1995-04-20;1995-04-20;NLD199201839;IJM-43;SOPHIA II;NLIJM;Ijmuiden/Velsen;;N;N;N;N;N;N;;FX;GNS;MIS;;;;;6.20;0.00;2.00;0.00;0.00;29.00;0.00;3;1993-12-08;E17;;;PA;1992-01-01
NLD;NLD199201840;;RET;2000-04-01;2000-04-01;NLD199201840;SCH-45;DOLPHIN;NLSCE;Scheveningen;;N;N;N;N;N;N;;FX;FPO;GNS;;;;;7.29;0.00;1.00;0.00;0.00;150.00;0.00;3;1993-12-14;4J7;;;PA;1992-01-01
NLD;NLD199201864;;RET;2018-04-10;2018-04-10;NLD199201864;YE-3;BORNRIF;NLYSK;Yerseke;;N;N;N;N;Y;N;;FX;OTB;GNS;;;;;10.22;0.00;10.00;0.00;0.00;97.00;0.00;2;1994-06-10;MFL;;;PA;1992-01-01
NLD;NLD199201901;;RET;2024-06-06;2024-06-06;NLD199201901;TH-65;ARIE JAKOB SR;NLTHO;Tholen;PI2004;Y;N;N;N;N;N;;LH;LHP;MIS;;;;;7.32;0.00;1.00;0.00;0.00;75.00;0.00;3;1995-01-17;MFL;;;PA;1992-01-01
NLD;NLD199201912;;MOD;2019-03-26;2100-12-31;NLD199201912;VL-218;VL-218;NLVLA;Vlaardingen;;N;Y;N;N;Y;N;;WO;FPO;GTR;;;;;9.04;0.00;4.00;0.00;0.00;37.00;0.00;2;1995-03-16;MFL;;;;1992-01-01
NLD;NLD199201935;;MOD;2018-11-01;2100-12-31;NLD199201935;ZK-7;HUNZE;NLZOT;Zoutkamp;;N;Y;N;N;Y;N;;MO;TBB;MIS;;;;;6.92;0.00;1.00;0.00;0.00;18.00;0.00;2;1998-09-01;MFL;;;;1992-01-01
NLD;NLD199201950;;RET;2000-04-01;2000-04-01;NLD199201950;UK-233;JACOLIEN;NLURK;Urk;;N;N;N;N;N;N;;FX;GNS;MIS;;;;;4.80;0.00;0.00;4.00;0.00;4.00;0.00;1;1995-11-30;4J1;;;PA;1992-01-01
NLD;NLD199201985;;RET;2023-01-18;2023-01-18;NLD199201985;SCH-661;LIENTJE;NLSCE;Scheveningen;;N;N;N;N;Y;N;;GO;LHP;FPO;;;;;4.95;0.00;1.00;0.00;0.00;66.00;0.00;3;2016-10-06;MFL;;;PA;1992-01-01
NLD;NLD199202000;;RET;2013-07-01;2013-07-01;NLD199202000;TH-46;BUTEO BUTEO;NLTHO;Tholen;;N;N;N;N;N;N;;FX;TBB;OTB;;;;;12.60;0.00;6.00;0.00;0.00;5.00;0.00;2;1996-08-21;MFL;;;PA;1992-01-01
NLD;NLD199202027;;RET;2016-05-30;2016-05-30;NLD199202027;SCH-1;KELLY;NLSCE;Scheveningen;PE7522;Y;N;N;N;Y;N;;LH;GNS;LHP;;;;;7.15;0.00;1.00;0.00;0.00;83.00;0.00;3;2012-09-03;MFL;;;PA;1992-01-01
NLD;NLD199202031;;RET;2008-11-25;2008-11-25;NLD199202031;SCH-14;AJA;NLSCE;Scheveningen;;N;N;N;N;Y;N;;FX;GNS;LHP;;;;;5.35;0.00;1.00;0.00;0.00;66.00;0.00;;2008-06-05;MFL;;;PA;1992-01-01
NLD;NLD199202128;;RET;2006-06-12;2006-06-12;NLD199202128;IJM-41;PIETER;NLIJM;Ijmuiden/Velsen;;N;N;N;N;Y;N;;FX;GNS;MIS;;;;;5.15;0.00;1.00;0.00;0.00;5.00;0.00;3;1998-10-06;MFL;;;PA;1992-01-01
NLD;NLD199202205;;MOD;2008-05-09;2100-12-31;NLD199202205;TX-59;DE MOK;NLTEX;Texel;;N;Y;N;N;Y;N;;FX;PS;LHP;;;;;4.90;0.00;1.00;0.00;0.00;15.00;0.00;1;1999-06-21;MFL;;;;1992-01-01
NLD;NLD199202558;;RET;2001-04-01;2001-04-01;NLD199202558;IJM-304;LISSIE;NLIJM;Ijmuiden/Velsen;;N;N;N;N;N;N;;FX;GNS;OTB;;;;;5.55;0.00;2.00;0.00;0.00;6.00;0.00;3;1999-12-15;4J7;;;PA;1992-01-01
NLD;NLD199202658;;RET;2013-02-13;2013-02-13;NLD199202658;BRU-67;MAATJE JACOBA;NLBSE;Bruinisse;;N;N;N;N;Y;N;;FX;GNS;MIS;;;;;11.53;0.00;11.00;0.00;0.00;150.00;0.00;3;2005-11-10;MFL;;;PA;1992-01-01
NLD;NLD199202715;;RET;2015-04-08;2015-04-08;NLD199202715;KG-4;BRUINVIS;NLKOG;Kortgene;;N;N;N;N;Y;N;;FX;LHP;TBB;;;;;7.36;0.00;3.00;0.00;0.00;147.00;0.00;3;2005-04-22;MFL;;;PA;1992-01-01
NLD;NLD199213614;;RET;2024-06-04;2024-06-04;NLD199213614;HD-63;CORNELIS ANNA MARIA;NLDHR;Den Helder;;N;N;N;N;Y;N;;GO;GNS;LHP;;;;;10.03;0.00;8.00;0.00;0.00;93.00;0.00;3;2014-03-28;MFL;;;PA;1992-01-01
NLD;NLD199301102;;MOD;2019-07-16;2100-12-31;NLD199301102;WR-5;ZEEBAARS;NLWRG;Wieringen/Den Oever;;N;Y;N;N;Y;N;;WO;FPO;MIS;;;;;8.10;0.00;2.00;0.00;0.00;41.00;0.00;2;2009-03-20;MFL;;;;1993-01-01
NLD;NLD199301725;9051454;DES;2023-05-31;2023-05-31;NLD199301725;TX-94;AVONTUUR;NLTEX;Texel;PCWO;Y;N;Y;Y;N;Y;246075000;TU;TBB;MIS;;;;;40.00;0.00;424.00;0.00;0.00;1124.00;440.00;2;1993-01-11;MFL;;;AC;1993-01-01
NLD;NLD199301756;8432819;EXP;2013-01-15;2013-01-15;NLD199301756;HA-106;RESEDA;NLHAR;Harlingen;PHAD;Y;N;Y;N;N;N;;FX;TBB;MIS;;;;;23.96;0.00;150.00;0.00;0.00;221.00;110.00;2;1993-03-17;MFL;GBR;EX;PA;1993-01-01
NLD;NLD199301763;;RET;1994-06-27;1994-06-27;NLD199301763;UK-40;MARIJKE;NLURK;Urk;;N;N;N;N;N;N;;FX;GNS;LLS;;;;;7.32;0.00;0.00;3.42;0.00;164.00;0.00;3;1993-04-19;Z18;;;PA;1993-01-01
NLD;NLD199301771;9067609;DES;2023-05-12;2023-05-12;NLD199301771;UK-227;ORANJE NASSAU;NLURK;Urk;PGOI;Y;N;Y;Y;N;Y;246155000;MO;TBB;MIS;;;;;40.90;0.00;458.00;0.00;0.00;1471.00;640.00;2;1993-04-28;MFL;;;AC;1993-01-01
NLD;NLD199301779;;RET;1994-06-27;1994-06-27;NLD199301779;UQ-20;ALIDA CORNELIA;NLNPZ;Usquert/Noordpolderzijl;;N;N;N;N;N;N;;FX;TBB;GNS;;;;;9.00;0.00;0.00;12.19;0.00;26.00;0.00;2;1993-06-08;Z18;;;PA;1993-01-01
NLD;NLD199301792;;RET;1998-09-03;1998-09-03;NLD199301792;WR-214;BURGHOS;NLWRG;Wieringen/Den Oever;;N;N;N;N;N;N;;FX;NK;MIS;;;;;5.80;0.00;0.00;2.80;0.00;37.00;0.00;2;1993-06-25;4J7;;;PA;1993-01-01
NLD;NLD199301794;;RET;1994-06-23;1994-06-23;NLD199301794;HA-59;SHIRLEY;NLHAR;Harlingen;;N;N;N;N;N;N;;FX;OTB;MIS;;;;;4.30;0.00;0.00;1.10;0.00;7.00;0.00;3;1993-06-25;Z18;;;PA;1993-01-01
NLD;NLD199301795;9065455;RET;2023-12-14;2023-12-14;NLD199301795;TX-68;VERTROUWEN;NLTEX;Texel;PIFT;Y;N;Y;Y;N;Y;244567000;TU;TBB;MIS;;;;;41.15;0.00;438.00;0.00;0.00;1467.00;442.00;2;1993-06-28;MFL;;;PA;1993-01-01
NLD;NLD199301807;;RET;1994-06-23;1994-06-23;NLD199301807;HA-89;RHEA;NLHAR;Harlingen;;N;N;N;N;N;N;;FX;TBB;GNS;;;;;12.30;0.00;0.00;6.28;0.00;150.00;0.00;3;1993-07-29;Z18;;;PA;1993-01-01
NLD;NLD199301813;;RET;1994-06-24;1994-06-24;NLD199301813;HD-211;CLASINA;NLDHR;Den Helder;;N;N;N;N;N;N;;FX;TBB;GNS;;;;;9.00;0.00;0.00;3.20;0.00;157.00;0.00;3;1993-08-11;Z18;;;PA;1993-01-01
NLD;NLD199301820;;DES;1997-04-23;1997-04-23;NLD199301820;SCH-3;SCH-3;NLSCE;Scheveningen;;N;N;N;N;N;N;;FX;GNS;MIS;;;;;6.00;0.00;2.00;0.00;0.00;63.00;0.00;3;1993-08-26;4J7;;;PA;1993-01-01
NLD;NLD199301821;9085170;DES;2023-05-11;2023-05-11;NLD199301821;UK-197;NOORDERLICHT;NLURK;Urk;PGHQ;Y;N;Y;Y;N;Y;246204000;MO;TBB;OTB;;;;;40.90;0.00;460.00;0.00;0.00;1465.00;559.00;2;1993-08-27;MFL;;;AC;1993-01-01
NLD;NLD199301826;;RET;2003-06-30;2003-06-30;NLD199301826;UK-28;HOOP DOET LEVEN;NLURK;Urk;;N;N;N;N;Y;N;;FX;GNS;NK;;;;;5.18;0.00;1.00;0.00;0.00;3.00;0.00;3;1993-09-28;MFL;;;PA;1993-01-01
NLD;NLD199301827;;MOD;2022-08-09;2100-12-31;NLD199301827;WR-130;JOHANNA II;NLWRG;Wieringen/Den Oever;PF3892;Y;Y;Y;Y;N;Y;244010915;FX;OTB;TBB;;;;;22.25;0.00;53.00;0.00;0.00;221.00;12.00;2;1993-09-29;MFL;;;;1993-01-01
NLD;NLD199301829;;RET;1996-12-04;1996-12-04;NLD199301829;IJM-16;NEELTJE;NLIJM;Ijmuiden/Velsen;;N;N;N;N;N;N;;FX;TBB;GNS;;;;;6.40;0.00;3.00;0.00;0.00;151.00;0.00;3;1993-10-11;E17;;;PA;1993-01-01
NLD;NLD199301835;;RET;1994-06-27;1994-06-27;NLD199301835;TX-89;KARIMOEN;NLTEX;Texel;;N;N;N;N;N;N;;FX;NK;MIS;;;;;10.20;0.00;0.00;5.00;0.00;275.00;0.00;3;1993-11-19;Z18;;;PA;1993-01-01
NLD;NLD199301837;;RET;2002-12-31;2002-12-31;NLD199301837;GM-29;JAN WILLEM;NLGNM;Genemuiden;;N;Y;N;N;N;N;;FX;GNS;LLS;;;;;16.47;0.00;51.00;0.00;0.00;147.00;0.00;2;1993-11-29;4JZ;;;PA;1993-01-01
NLD;NLD199301848;9085182;DES;2023-05-13;2023-05-13;NLD199301848;UK-149;STELLA MARIS;NLURK;Urk;PFBA;Y;N;Y;Y;N;Y;244399000;TU;TBB;MIS;;;;;42.00;0.00;471.00;0.00;0.00;1103.00;361.00;2;1994-01-25;MFL;;;AC;1993-01-01
NLD;NLD199301851;9102461;MOD;2003-01-01;2100-12-31;NLD199301851;YE-1;JANNA MARIA;NLYSK;Yerseke;PEZL;Y;Y;N;N;N;N;;FX;DRB;MIS;;;;;37.65;0.00;214.00;0.00;0.00;708.00;224.00;2;1994-01-27;AQU;;;;1993-01-01
NLD;NLD199301852;9085247;MOD;2006-11-02;2100-12-31;NLD199301852;YE-56;PIETER;NLYSK;Yerseke;PGSI;Y;Y;N;N;N;N;;FX;DRB;MIS;;;;;41.11;0.00;253.00;0.00;0.00;894.00;415.00;2;1994-01-27;AQU;;;;1993-01-01
NLD;NLD199301863;9074951;EXP;2019-08-12;2019-08-12;NLD199301863;SCH-72;FRANK BONEFAAS;NLSCE;Scheveningen;PEDV;Y;N;Y;N;N;N;;FX;OTM;MIS;;;;;119.65;0.00;6562.00;0.00;0.00;6134.00;2500.00;2;1994-06-01;MFL;GBR;EX;PA;1993-01-01
NLD;NLD199301876;;RET;1995-06-08;1995-06-08;NLD199301876;HA-87;ORCA;NLHAR;Harlingen;;N;N;N;N;N;N;;FX;NK;MIS;;;;;10.00;0.00;0.00;2.58;0.00;11.00;0.00;2;1994-09-09;Z18;;;PA;1993-01-01
NLD;NLD199301884;9085742;DES;2015-05-29;2015-05-29;NLD199301884;SCH-118;JOHANNA MARIA;NLSCE;Scheveningen;PFDP;Y;N;Y;N;N;N;;FX;OTM;MIS;;;;;119.65;0.00;6534.00;0.00;0.00;6600.00;2600.00;2;1994-11-16;MFL;;;PA;1993-01-01
NLD;NLD199301885;9063940;MOD;2023-10-31;2100-12-31;NLD199301885;ARM-22;KLAAS ADRIANA;NLARM;Arnemuiden;PFJO;Y;Y;Y;Y;N;Y;244221000;TU;TBB;MIS;;;;;43.99;0.00;549.00;0.00;0.00;1115.00;1037.00;2;1994-11-30;MFL;;;;1993-01-01
NLD;NLD199301890;9101211;MOD;2013-05-06;2100-12-31;NLD199301890;UK-95;AART MAASKANT;NLURK;Urk;PCAX;Y;Y;Y;Y;N;Y;245836000;TU;TBB;OTM;;;;;42.36;0.00;501.00;0.00;0.00;1467.00;813.00;2;1994-12-09;MFL;;;;1993-01-01
NLD;NLD199301897;;MOD;2016-04-29;2100-12-31;NLD199301897;UQ-6;DINA;NLNPZ;Usquert/Noordpolderzijl;;N;Y;Y;Y;N;Y;244870056;MO;TBB;MIS;;;;;18.44;0.00;32.00;0.00;0.00;154.00;60.00;2;1994-12-15;MFL;;;;1993-01-01
NLD;NLD199301963;;RET;1997-06-15;1997-06-15;NLD199301963;SL-31;VALERIE;NLSTD;Stellendam;;N;N;N;N;N;N;;FX;OTB;MIS;;;;;7.60;0.00;0.00;4.59;0.00;15.00;0.00;3;1996-03-13;4J5;;;PA;1993-01-01
NLD;NLD199301981;;RET;2023-02-16;2023-02-16;NLD199301981;UK-81;ALICE;NLURK;Urk;;N;N;N;N;Y;Y;244650714;GO;GNS;FPO;;;;;9.33;0.00;5.00;0.00;0.00;98.00;0.00;3;1996-05-15;MFL;;;PA;1993-01-01
NLD;NLD199301987;;DES;2013-05-03;2013-05-03;NLD199301987;SCH-4;CONERO;NLSCE;Scheveningen;;N;N;N;N;Y;N;;FX;GNS;LHP;;;;;6.05;0.00;1.00;0.00;0.00;59.00;0.00;3;2007-02-09;MFL;;;PA;1993-01-01
NLD;NLD199302023;;RET;2002-01-04;2002-01-04;NLD199302023;KW-38;CORDIJKE;NLKWK;Katwijk;;N;N;N;N;N;N;;FX;GNS;OTB;;;;;8.00;0.00;4.00;0.00;0.00;136.00;0.00;3;1996-10-29;4J5;;;PA;1993-01-01
NLD;NLD199302033;;MOD;2012-03-30;2100-12-31;NLD199302033;TX-2;SPARKY;NLTEX;Texel;;N;Y;N;N;Y;N;;MO;OTB;MIS;;;;;3.75;0.00;1.00;0.00;0.00;4.00;0.00;3;2008-06-13;MFL;;;;1993-01-01
NLD;NLD199302053;;RET;2016-01-19;2016-01-19;NLD199302053;KG-5;DELTA 326;NLKOG;Kortgene;PA3991;Y;N;N;N;Y;N;;FX;LHP;LLS;;;;;7.07;0.00;1.00;0.00;0.00;129.00;0.00;3;2013-04-10;MFL;;;PA;1993-01-01
NLD;NLD199302110;;MOD;2019-12-06;2100-12-31;NLD199302110;TH-117;LIZA RAMADA;NLTHO;Tholen;;N;Y;N;N;Y;N;;GO;GNS;LHP;;;;;5.05;0.00;1.00;0.00;0.00;22.00;0.00;3;1998-06-05;MFL;;;;1993-01-01
NLD;NLD199302127;;RET;2006-06-12;2006-06-12;NLD199302127;IJM-40;STEIN;NLIJM;Ijmuiden/Velsen;;N;N;N;N;Y;N;;FX;FPO;MIS;;;;;4.35;0.00;1.00;0.00;0.00;5.00;0.00;3;1998-10-06;MFL;;;PA;1993-01-01
NLD;NLD199302160;;MOD;2012-06-14;2100-12-31;NLD199302160;BRU-41;JOSE;NLBSE;Bruinisse;;N;Y;N;N;Y;N;;FX;FPO;DRH;;;;;7.28;0.00;1.00;0.00;0.00;40.00;0.00;4;1998-12-09;MFL;;;;1993-01-01
NLD;NLD199302707;;MOD;2018-12-04;2100-12-31;NLD199302707;ZZ-8;KOKKEL;NLZIE;Zierikzee;;N;Y;N;N;Y;N;;DB;DRB;MIS;;;;;6.20;0.00;1.00;0.00;0.00;18.00;0.00;4;2005-03-18;MFL;;;;1993-01-01
NLD;NLD199313619;;RET;2018-08-06;2018-08-06;NLD199313619;BR-74;JEAN-MARGUERITE;NLBRS;Breskens;;N;N;N;N;Y;N;;FX;LHP;LHM;;;;;7.38;0.00;1.00;0.00;0.00;149.00;0.00;3;2014-03-28;MFL;;;PA;1993-01-01
NLD;NLD199313677;;CHA;2016-03-07;2100-12-31;NLD199313677;WR-25;VERTROUWEN;NLWRG;Wieringen/Den Oever;;N;Y;N;N;Y;N;;GO;GNS;FPO;;;;;4.98;0.00;1.00;0.00;0.00;44.00;0.00;3;2016-03-07;MFL;;;;1993-01-01
NLD;NLD199400446;;CHA;2017-05-04;2100-12-31;NLD199400446;SL-7;KERMIT 2;NLSTD;Stellendam;;N;Y;N;N;Y;N;;LH;LHP;FPO;;;;;5.81;0.00;1.00;0.00;0.00;37.00;0.00;3;2017-01-30;MFL;;;;1994-01-01
NLD;NLD199401138;;CHA;2010-02-05;2100-12-31;NLD199401138;WR-231;AMSTELDIEP;NLWRG;Wieringen/Den Oever;;N;Y;N;N;Y;N;;FX;PS;OTM;;;;;6.60;0.00;1.00;0.00;0.00;11.00;0.00;2;2010-02-05;MFL;;;;1994-01-01
NLD;NLD199401844;9073866;RET;2011-04-01;2011-04-01;NLD199401844;LE-63;MARTIN MICHIEL;NLLEM;Lemsterland;PFWS;Y;N;Y;N;N;N;;FX;TBB;MIS;;;;;44.14;0.00;552.00;0.00;0.00;1467.00;783.00;2;1994-01-07;MFL;;;PA;1994-01-01
NLD;NLD199401853;9073878;MOD;2017-05-02;2100-12-31;NLD199401853;SCH-63;QUO VADIS;NLSCE;Scheveningen;PCJV;Y;Y;Y;Y;N;Y;244020352;MO;TBB;OTB;;;;;44.14;0.00;552.00;0.00;0.00;1467.00;750.00;2;2017-02-06;MFL;;;;1994-01-01
NLD;NLD199401867;;RET;1995-06-08;1995-06-08;NLD199401867;WR-145;VROUWE JOBINA;NLWRG;Wieringen/Den Oever;;N;N;N;N;N;N;;FX;OTB;MIS;;;;;18.60;0.00;39.00;0.00;0.00;121.00;40.00;2;1994-07-06;Z18;;;PA;1994-01-01
NLD;NLD199401868;;RET;2002-12-31;2002-12-31;NLD199401868;HN-20;NEELTJE;NLHRN;Hoorn;;N;Y;N;N;N;N;;FX;GNS;LLS;;;;;14.40;0.00;11.00;0.00;0.00;88.00;0.00;2;1994-07-18;4JZ;;;PA;1994-01-01
NLD;NLD199401869;9101209;DES;2023-07-11;2023-07-11;NLD199401869;UK-195;NOORDERHAAKS;NLURK;Urk;PGKO;Y;N;Y;Y;N;Y;245922000;MO;TBB;OTB;;;;;44.03;0.00;560.00;0.00;0.00;1470.00;823.00;2;1994-07-20;MFL;;;AC;1994-01-01
NLD;NLD199401870;9102629;MOD;2012-11-09;2100-12-31;NLD199401870;UK-382;JANSSIEN;NLURK;Urk;PEZW;Y;Y;Y;Y;N;Y;245999000;MO;TBB;OTB;;;;;41.80;0.00;466.00;0.00;0.00;1471.00;145.00;2;1994-08-09;MFL;;;;1994-01-01
NLD;NLD199401871;;RET;2007-01-01;2007-01-01;NLD199401871;LO-13;CATJAN;NLLAN;Lauwersoog;PDJO;Y;N;N;Y;N;Y;244102000;TUB;HMD;PS;;;;;44.50;0.00;247.00;0.00;0.00;426.00;550.00;2;1994-08-09;MFL;;;PA;1994-01-01
NLD;NLD199401882;;RET;1996-10-28;1996-10-28;NLD199401882;KW-38;CORDIJKE;NLKWK;Katwijk;;N;N;N;N;N;N;;FX;GNS;OTB;;;;;4.75;0.00;1.00;0.00;0.00;37.00;0.00;3;1994-10-28;E17;;;PA;1994-01-01
NLD;NLD199401883;;RET;2002-09-27;2002-09-27;NLD199401883;WR-150;SUZANNE;NLWRG;Wieringen/Den Oever;;N;N;N;N;N;N;;FX;FPO;GNS;;;;;6.40;0.00;1.00;0.00;0.00;6.00;0.00;2;1994-11-11;4J1;;;PA;1994-01-01
NLD;NLD199401888;8897863;MOD;2004-01-23;2100-12-31;NLD199401888;YE-116;ELIZABETH;NLYSK;Yerseke;PDWS;Y;Y;N;N;N;N;;FX;DRB;MIS;;;;;40.15;0.00;232.00;0.00;0.00;1074.00;250.00;2;1994-12-08;AQU;;;;1994-01-01
NLD;NLD199401889;;EXP;2003-01-02;2003-01-02;NLD199401889;KW-36;NICOLAAS SENIOR;NLKWK;Katwijk;PGDJ;Y;N;Y;N;N;N;;FX;TBB;MIS;;;;;42.36;0.00;501.00;0.00;0.00;1471.00;0.00;2;1994-12-08;MFL;GBR;EX;PA;1994-01-01
NLD;NLD199401895;9115951;DES;2023-05-04;2023-05-04;NLD199401895;HD-4;HENDRIK PETRONELLA;NLDHR;Den Helder;PEQU;Y;N;Y;Y;N;Y;244197000;TU;TBB;MIS;;;;;42.90;0.00;493.00;0.00;0.00;1102.00;500.00;2;1994-12-14;MFL;;;AC;1994-01-01
NLD;NLD199401899;9110834;MOD;2004-02-06;2100-12-31;NLD199401899;YE-57;EBEN HAEZER;NLYSK;Yerseke;PDVU;Y;Y;N;N;N;N;;FX;DRB;MIS;;;;;38.00;0.00;238.00;0.00;0.00;702.00;415.00;2;1994-12-27;AQU;;;;1994-01-01
NLD;NLD199401902;;RET;2001-04-01;2001-04-01;NLD199401902;ARM-5;TWEE GEBROEDERS;NLARM;Arnemuiden;;N;N;N;N;N;N;;FX;GNS;OTB;;;;;4.68;0.00;1.00;0.00;0.00;6.00;0.00;3;1995-01-26;4J5;;;PA;1994-01-01
NLD;NLD199401916;;MOD;2011-01-01;2100-12-31;NLD199401916;YE-66;Kreeft;NLYSK;Yerseke;;N;Y;N;N;Y;N;;WOP;FPO;MIS;;;;;5.35;0.00;2.00;0.00;0.00;19.00;0.00;3;1995-04-19;MFL;;;;1994-01-01
NLD;NLD199401923;;MOD;2008-02-06;2100-12-31;NLD199401923;WR-30;JOHANNA;NLWRG;Wieringen/Den Oever;;N;Y;N;N;Y;N;;FX;FPO;GNS;;;;;8.15;0.00;2.00;0.00;0.00;66.00;0.00;2;1995-05-16;MFL;;;;1994-01-01
NLD;NLD199401924;;MOD;2017-08-25;2100-12-31;NLD199401924;ARM-21;CORNELIS MARIJS;NLARM;Arnemuiden;;N;Y;N;N;Y;N;;LH;LHP;DRH;;;;;4.65;0.00;1.00;0.00;0.00;18.00;0.00;3;1995-05-17;MFL;;;;1994-01-01
NLD;NLD199401928;9126699;MOD;2004-01-23;2100-12-31;NLD199401928;YE-58;ICHTHUS;NLYSK;Yerseke;PEVH;Y;Y;N;N;N;N;;FX;DRB;MIS;;;;;40.19;0.00;236.00;0.00;0.00;634.00;246.00;2;1995-05-19;AQU;;;;1994-01-01
NLD;NLD199401948;;MOD;2017-07-30;2100-12-31;NLD199401948;WR-241;KEMPHAAN;NLWRG;Wieringen/Den Oever;;N;Y;N;N;Y;N;;TU;OTB;MIS;;;;;8.30;0.00;3.00;0.00;0.00;11.00;0.00;3;1995-11-29;MFL;;;;1994-01-01
NLD;NLD199401956;;RET;2001-04-01;2001-04-01;NLD199401956;IJM-308;ORKA 1;NLIJM;Ijmuiden/Velsen;;N;N;N;N;N;N;;FX;TBB;GNS;;;;;5.30;0.00;1.00;0.00;0.00;67.00;0.00;3;1996-01-31;4J7;;;PA;1994-01-01
NLD;NLD199401998;;RET;2012-10-31;2012-10-31;NLD199401998;WSW-6;NEELTJE JANS;NLWSW;Westenschouwen;;N;N;N;N;Y;N;;FX;LHP;LHM;;;;;8.00;0.00;4.00;0.00;0.00;182.00;0.00;3;2007-08-20;MFL;;;PA;1994-01-01
NLD;NLD199402001;8930017;MOD;2014-03-14;2100-12-31;NLD199402001;ZK-10;VIJKO SR.;NLZOT;Zoutkamp;PCBA;Y;Y;Y;Y;N;Y;246372000;TU;TBB;LHM;;;;;21.95;0.00;96.00;0.00;0.00;221.00;45.00;2;1996-08-23;MFL;;;;1994-01-01
NLD;NLD199402005;;DES;2003-01-09;2003-01-09;NLD199402005;SCH-33;JOHANNA HELENA;NLSCE;Scheveningen;;N;N;N;N;Y;N;;FX;GNS;NK;;;;;5.95;0.00;1.00;0.00;0.00;17.00;0.00;3;1996-09-10;MFL;;;PA;1994-01-01
NLD;NLD199402014;;CHA;2018-02-22;2100-12-31;NLD199402014;KW-6;KERMIT;NLKWK;Katwijk;;N;Y;N;N;Y;N;;FX;GNS;LHP;;;;;2.50;0.00;1.00;0.00;0.00;1.00;0.00;3;1996-10-14;MFL;;;;1994-01-01
NLD;NLD199402017;;RET;2000-04-01;2000-04-01;NLD199402017;UK-57;ANDRIES;NLURK;Urk;;N;N;N;N;N;N;;FX;GND;OTB;;;;;4.50;0.00;0.00;2.98;0.00;11.00;0.00;3;1996-10-14;4J5;;;PA;1994-01-01
NLD;NLD199402042;;RET;2002-09-27;2002-09-27;NLD199402042;WR-313;ANTARIS;NLWRG;Wieringen/Den Oever;;N;N;N;N;N;N;;FX;GNS;MIS;;;;;4.75;0.00;1.00;0.00;0.00;18.00;0.00;3;1997-02-14;4J1;;;PA;1994-01-01
NLD;NLD199402085;;RET;2000-03-09;2000-03-09;NLD199402085;SCH-14;SCH-14;NLSCE;Scheveningen;;N;N;N;N;N;N;;FX;GNS;NK;;;;;10.95;0.00;9.00;0.00;0.00;63.00;0.00;2;1997-11-11;4J7;;;PA;1994-01-01
NLD;NLD199402132;;RET;2000-04-01;2000-04-01;NLD199402132;SL-10;PAUL I;NLSTD;Stellendam;;N;N;N;N;N;N;;FX;GNS;OTB;;;;;7.20;0.00;0.00;6.62;0.00;155.00;0.00;3;1998-10-13;4J7;;;PA;1994-01-01
NLD;NLD199402159;;RET;2001-09-24;2001-09-24;NLD199402159;HD-106;LUCKY;NLDHR;Den Helder;;N;N;N;N;N;N;;FX;GNS;NK;;;;;2.70;0.00;1.00;0.00;0.00;2.00;0.00;4;1998-12-07;4J1;;;PA;1994-01-01
NLD;NLD199402181;;RET;2000-04-01;2000-04-01;NLD199402181;IJM-233;SEA BIRD;NLIJM;Ijmuiden/Velsen;;N;N;N;N;N;N;;FX;NK;MIS;;;;;3.23;0.00;1.00;0.00;0.00;1.00;0.00;3;1999-02-24;4J7;;;PA;1994-01-01
NLD;NLD199402724;;MOD;2021-01-12;2100-12-31;NLD199402724;KG-11;OBI-WAN;NLKOG;Kortgene;;N;Y;N;N;Y;N;;MSN;LHP;LHM;;;;;5.10;0.00;1.00;0.00;0.00;37.00;0.00;3;2005-06-02;MFL;;;PA;1994-01-01
NLD;NLD199413643;;EXP;2022-05-12;2022-05-12;NLD199413643;IJM-9;ALTIJD WAD;NLIJM;Ijmuiden/Velsen;;N;N;N;N;Y;N;;FX;GNS;MIS;;;;;11.20;0.00;10.00;0.00;0.00;80.00;0.00;3;2015-03-09;MFL;NOR;EX;PA;1994-01-01
NLD;NLD199445174;;CHA;2016-07-22;2100-12-31;NLD199445174;IJM-67;ELISABETH 5;NLIJM;Ijmuiden/Velsen;;N;Y;N;N;Y;N;;FX;GNS;LHM;;;;;8.70;0.00;1.00;0.00;0.00;96.00;0.00;3;2016-07-22;MFL;;;;1994-01-01
NLD;NLD199501191;;MOD;2019-07-25;2100-12-31;NLD199501191;SL-4;BRANDING;NLSTD;Stellendam;;N;Y;N;N;Y;Y;244730167;TU;OTB;TBB;;;;;9.45;0.00;3.00;0.00;0.00;92.00;0.00;2;2011-06-09;MFL;;;;1995-01-01
NLD;NLD199501910;9115963;MOD;2021-04-22;2100-12-31;NLD199501910;HD-35;NOORDERLICHT;NLDHR;Den Helder;PDPH;Y;Y;Y;Y;N;Y;246327000;MO;TBB;OTT;;;;;23.93;0.00;130.00;0.00;0.00;221.00;222.00;2;1995-03-09;MFL;;;;1995-01-01
NLD;NLD199501920;;MOD;2024-04-05;2100-12-31;NLD199501920;GO-46;JOHANNES;NLGDR;Goedereede;;N;Y;N;N;Y;Y;244020104;GO;FPO;OTB;;;;;7.92;0.00;5.00;0.00;0.00;70.00;0.00;3;1995-05-11;MFL;;;;1995-01-01
NLD;NLD199501921;;RET;2024-02-07;2024-02-07;NLD199501921;GO-19;SOLEA;NLGDR;Goedereede;PBVQ;Y;N;N;N;Y;Y;245993000;GO;OTB;GNS;;;;;9.94;0.00;5.00;0.00;0.00;96.00;0.00;4;1995-05-11;MFL;;;PA;1995-01-01
NLD;NLD199501938;9129988;MOD;2013-09-20;2100-12-31;NLD199501938;YE-19;JOHANNA-K;NLYSK;Yerseke;PDLE;Y;Y;N;N;N;N;;FX;DRB;MIS;;;;;38.35;0.00;225.00;0.00;0.00;770.00;0.00;2;1995-09-25;AQU;;;;1995-01-01
NLD;NLD199501939;8432297;MOD;2024-02-15;2100-12-31;NLD199501939;LO-8;TRIJNTJE;NLLAN;Lauwersoog;PIBJ;Y;Y;Y;Y;N;Y;245178000;TU;TBB;FPO;;;;;22.06;0.00;56.00;0.00;0.00;221.00;70.00;2;1995-10-02;MFL;;;;1995-01-01
NLD;NLD199501940;9117519;IMP;2021-11-23;2100-12-31;NLD199501940;SCH-27;WIRON 1;NLSCE;Scheveningen;PEOE;Y;Y;Y;Y;N;Y;246975000;TTF;OTM;PTM;;;;;51.47;0.00;1059.00;0.00;0.00;1800.00;756.00;2;2021-11-23;MFL;FIN;;PA;1995-01-01
NLD;NLD199501942;;RET;2024-05-30;2024-05-30;NLD199501942;TX-26;HARDER;NLTEX;Texel;;N;N;N;N;Y;N;;FX;FPO;MIS;;;;;7.00;0.00;1.00;0.00;0.00;15.00;0.00;2;1995-10-11;MFL;;;PA;1995-01-01
NLD;NLD199501943;;MOD;2005-01-01;2100-12-31;NLD199501943;LE-1;URSA MAJOR;NLLEM;Lemsterland;;N;Y;N;N;Y;N;;LH;LHP;MIS;;;;;4.60;0.00;1.00;0.00;0.00;15.00;0.00;4;1995-10-19;MFL;;;;1995-01-01
NLD;NLD199501944;8536172;MOD;2023-05-16;2100-12-31;NLD199501944;WON-3;VERTROUWEN;NLMKM;Wonseradeel/Makkum;PA3445;Y;Y;Y;Y;N;Y;244780677;DB;DRH;OTB;;;;;23.90;0.00;73.00;0.00;0.00;257.00;0.00;2;1995-10-27;MFL;;;;1995-01-01
NLD;NLD199501946;;MOD;2025-02-03;2100-12-31;NLD199501946;WR-87;QUOD LICET JOVI;NLWRG;Wieringen/Den Oever;;N;Y;N;N;Y;N;;WOP;GNS;FPO;;;;;7.90;0.00;2.00;0.00;0.00;55.00;0.00;4;1995-11-27;MFL;;;;1995-01-01
NLD;NLD199501951;;CHA;2020-10-14;2100-12-31;NLD199501951;BRU-22;MILAN-LISE;NLBSE;Bruinisse;;N;Y;N;N;Y;N;;DB;DRB;DRH;;;;;9.88;0.00;3.00;0.00;0.00;18.00;0.00;;2020-10-14;AQU;;;;1995-01-01
NLD;NLD199501954;;MOD;2008-01-17;2100-12-31;NLD199501954;WR-142;JOHANNA II;NLWRG;Wieringen/Den Oever;;N;Y;N;N;Y;N;;FX;GTN;FPO;;;;;3.40;0.00;1.00;0.00;0.00;26.00;0.00;3;1996-01-31;MFL;;;;1995-01-01
NLD;NLD199501957;9121364;EXP;2014-04-15;2014-04-15;NLD199501957;SL-45;JAN CORNELIS;NLSTD;Stellendam;PGXM;Y;N;Y;N;N;N;;FX;TBB;OTB;;;;;23.93;0.00;130.00;0.00;0.00;221.00;225.00;2;1996-02-05;MFL;SUR;EX;PA;1995-01-01
NLD;NLD199501967;9121455;MOD;2024-11-20;2100-12-31;NLD199501967;ZZ-6;NOOIT GEDACHT;NLZIE;Zierikzee;PFDY;Y;Y;N;N;N;N;;FX;DRB;MIS;;;;;39.16;0.00;252.00;0.00;0.00;895.00;454.00;2;1996-03-20;AQU;;;;1995-01-01
NLD;NLD199502055;;RET;2018-08-06;2018-08-06;NLD199502055;BRU-22;FLIPPER;NLBSE;Bruinisse;PG5225;Y;N;N;N;Y;N;;FX;LHP;MIS;;;;;6.94;0.00;1.00;0.00;0.00;173.00;0.00;3;2009-01-12;MFL;;;PA;1995-01-01
NLD;NLD199502063;;RET;2015-11-09;2015-11-09;NLD199502063;VLI-6;DE BOEKANIER;NLVLI;Vlissingen;;N;N;N;N;Y;N;;FX;LHP;LHM;;;;;5.00;0.00;1.00;0.00;0.00;23.00;0.00;3;2013-09-03;MFL;;;PA;1995-01-01
NLD;NLD199502077;;EXP;1998-07-28;1998-07-28;NLD199502077;ZK-4;GENOAT;NLZOT;Zoutkamp;;N;N;N;N;N;N;;FX;TBB;MIS;;;;;16.71;0.00;0.00;37.59;0.00;188.00;0.00;2;1997-10-08;4J6;DNK;EX;PA;1995-01-01
NLD;NLD199502126;;RET;2019-03-04;2019-03-04;NLD199502126;IJM-36;PIETER ELTIN;NLIJM;Ijmuiden/Velsen;;N;N;N;N;Y;N;;FX;GNS;OTB;;;;;5.20;0.00;1.00;0.00;0.00;19.00;0.00;3;2015-09-29;MFL;;;PA;1995-01-01
NLD;NLD199502171;;MOD;2013-09-26;2100-12-31;NLD199502171;VL-2;DOBBER;NLVLA;Vlaardingen;;N;Y;N;N;Y;N;;GO;FPO;GNS;;;;;8.44;0.00;1.00;0.00;0.00;55.00;0.00;2;1999-01-28;MFL;;;;1995-01-01
NLD;NLD199502173;;RET;2000-04-01;2000-04-01;NLD199502173;VLI-4;ORKA;NLVLI;Vlissingen;;N;N;N;N;N;N;;FX;NK;MIS;;;;;5.30;0.00;1.00;0.00;0.00;37.00;0.00;3;1999-01-29;4J7;;;PA;1995-01-01
NLD;NLD199502197;;RET;2002-12-31;2002-12-31;NLD199502197;EH-2;DOLFIJNTJE;NLENK;Enkhuizen;;N;Y;N;N;N;N;;FX;NK;MIS;;;;;4.65;0.00;1.00;0.00;0.00;15.00;0.00;3;1999-06-09;4JZ;;;PA;1995-01-01
NLD;NLD199502206;;MOD;2008-05-09;2100-12-31;NLD199502206;TX-60;DE ROGSLOOT;NLTEX;Texel;;N;Y;N;N;Y;N;;LH;LHP;FPO;;;;;3.38;0.00;1.00;0.00;0.00;2.00;0.00;1;1999-06-21;MFL;;;;1995-01-01
NLD;NLD199502562;;RET;2001-04-01;2001-04-01;NLD199502562;ZZ-17;ZEEBEER II;NLZIE;Zierikzee;;N;N;N;N;N;N;;FX;FPO;NK;;;;;4.21;0.00;1.00;0.00;0.00;12.00;0.00;3;2000-01-21;4J7;;;PA;1995-01-01
NLD;NLD199502586;;MOD;2012-06-06;2100-12-31;NLD199502586;KG-12;EVIL EYE;NLKOG;Kortgene;;N;Y;N;N;Y;N;;WOP;FPO;GTN;;;;;5.63;0.00;1.00;0.00;0.00;37.00;0.00;3;2000-06-08;MFL;;;;1995-01-01
NLD;NLD199502706;;RET;2020-03-06;2020-03-06;NLD199502706;ZZ-15;KREEFT;NLZIE;Zierikzee;;N;N;N;N;Y;N;;WOP;FPO;MIS;;;;;8.60;0.00;1.00;0.00;0.00;18.00;0.00;2;2005-03-18;MFL;;;PA;1995-01-01
NLD;NLD199514040;;RET;2010-11-16;2010-11-16;NLD199514040;KG-18;SPEERVIS;NLKOG;Kortgene;PF8998;Y;N;N;N;Y;N;;FX;LHM;LHP;;;;;7.31;0.00;3.00;0.00;0.00;220.00;0.00;3;2005-08-05;MFL;;;PA;1995-01-01
NLD;NLD199514041;;CHA;2005-08-23;2100-12-31;NLD199514041;LE-2;URSA MINOR;NLLEM;Lemsterland;;N;Y;N;N;Y;N;;LH;LHP;LTL;;;;;4.62;0.00;1.00;0.00;0.00;4.00;0.00;3;2005-08-23;MFL;;;;1995-01-01
NLD;NLD199514045;;RET;2024-12-13;2024-12-13;NLD199514045;SCH-40;ROSANNE;NLSCE;Scheveningen;PG8177;Y;N;N;N;N;N;;GO;GNS;LHP;;;;;5.34;0.00;1.00;0.00;0.00;55.00;0.00;3;2005-09-20;MFL;;;PA;1995-01-01
NLD;NLD199601991;;RET;2003-06-10;2003-06-10;NLD199601991;WR-220;ZUIDERHAAKS;NLWRG;Wieringen/Den Oever;;N;N;N;N;N;N;;FX;GNS;LLS;;;;;12.16;0.00;15.00;0.00;0.00;221.00;0.00;3;1996-07-23;MFL;;;PA;1996-01-01
NLD;NLD199602007;9152636;MOD;2019-01-01;2100-12-31;NLD199602007;YE-96;JAN PRINS;NLYSK;Yerseke;PEYM;Y;Y;N;N;N;N;;FX;DRB;DRM;;;;;41.27;0.00;267.00;0.00;0.00;948.00;360.00;2;1996-09-12;AQU;;;;1996-01-01
NLD;NLD199602015;;RET;2014-01-01;2014-01-01;NLD199602015;UK-41;VERTROUWEN;NLURK;Urk;;N;N;N;N;Y;N;;FX;LHP;OTB;;;;;4.37;0.00;1.00;0.00;0.00;11.00;0.00;3;1996-10-14;MFL;;;PA;1996-01-01
NLD;NLD199602016;;RET;2004-06-28;2004-06-28;NLD199602016;UK-179;KARINA;NLURK;Urk;;N;N;N;N;Y;N;;FX;GNS;OTB;;;;;3.55;0.00;1.00;0.00;0.00;3.00;0.00;3;1996-10-14;MFL;;;PA;1996-01-01
NLD;NLD199602018;;MOD;2018-10-12;2100-12-31;NLD199602018;VLI-3;SEAHUNTER;NLVLI;Vlissingen;PD8939;Y;Y;N;N;Y;Y;244620025;LH;LHP;MIS;;;;;6.26;0.00;1.00;0.00;0.00;110.00;0.00;3;2012-06-01;MFL;;;;1996-01-01
NLD;NLD199602021;;RET;2012-01-04;2012-01-04;NLD199602021;HN-35;HERMINA;NLHRN;Hoorn;;N;N;N;N;N;N;;FX;FPO;MIS;;;;;14.02;0.00;16.00;0.00;0.00;134.00;0.00;2;1996-10-22;MFL;;;PA;1996-01-01
NLD;NLD199602026;;EXP;2001-02-26;2001-02-26;NLD199602026;SCH-23;WIRON 2;NLSCE;Scheveningen;PILB;Y;N;N;N;N;N;;FX;OTM;PTM;;;;;51.47;0.00;1068.00;0.00;0.00;1800.00;830.00;2;1996-11-26;4J2;GBR;EX;PA;1996-01-01
NLD;NLD199602027;;RET;2004-02-27;2004-02-27;NLD199602027;BZ-1;STATICE;NLBZM;Bergse Diepsluis/Bergen Op Zoom;;N;N;N;N;Y;N;;FX;GNS;NK;;;;;11.65;0.00;8.00;0.00;0.00;87.00;0.00;2;1996-11-28;AQU;;;PA;1996-01-01
NLD;NLD199602034;9152650;MOD;2021-10-22;2100-12-31;NLD199602034;TX-1;KLASINA-J;NLTEX;Texel;PCCV;Y;Y;Y;Y;N;Y;244815000;TU;TBB;MIS;;;;;42.36;0.00;499.00;0.00;0.00;1467.00;700.00;2;1996-12-20;MFL;;;;1996-01-01
NLD;NLD199602048;;MOD;2016-09-30;2100-12-31;NLD199602048;BRU-17;BRU-17;NLBSE;Bruinisse;;N;Y;N;N;Y;N;;WO;DRB;FPO;;;;;9.93;0.00;2.00;0.00;0.00;18.00;0.00;2;1997-04-24;MFL;;;;1996-01-01
NLD;NLD199602063;8929991;MOD;2004-02-06;2100-12-31;NLD199602063;YE-69;ZWALUW;NLYSK;Yerseke;PIVE;Y;Y;N;N;N;N;;FX;DRB;DRH;;;;;40.14;0.00;236.00;0.00;0.00;702.00;320.00;2;1997-08-05;AQU;;;;1996-01-01
NLD;NLD199602064;;RET;1998-01-21;1998-01-21;NLD199602064;HD-57;BRUTUS;NLDHR;Den Helder;;N;N;N;N;N;N;;FX;GNS;OTB;;;;;7.50;0.00;0.00;4.64;0.00;156.00;0.00;3;1997-08-07;4J5;;;PA;1996-01-01
NLD;NLD199602066;;MOD;2011-02-28;2100-12-31;NLD199602066;UK-187;HEIN;NLURK;Urk;;N;Y;N;N;Y;N;;FX;GNS;MIS;;;;;4.00;0.00;1.00;0.00;0.00;4.00;0.00;3;1997-08-07;MFL;;;;1996-01-01
NLD;NLD199602075;9177698;MOD;2003-01-01;2100-12-31;NLD199602075;YE-38;DRIE GEBROEDERS;NLYSK;Yerseke;PDNM;Y;Y;N;N;N;N;;FX;DRB;MIS;;;;;40.16;0.00;235.00;0.00;0.00;706.00;368.00;2;1997-09-23;AQU;;;;1996-01-01
NLD;NLD199602081;;MOD;2018-05-08;2100-12-31;NLD199602081;WON-50;BRIES;NLMKM;Wonseradeel/Makkum;PDBI;Y;Y;Y;Y;N;Y;246105000;TU;TBB;MIS;;;;;20.41;0.00;54.00;0.00;0.00;221.00;120.00;2;1997-10-16;MFL;;;;1996-01-01
NLD;NLD199602104;;RET;2000-04-01;2000-04-01;NLD199602104;IJM-307;ZEEMEEUW;NLIJM;Ijmuiden/Velsen;;N;N;N;N;N;N;;FX;OTB;MIS;;;;;9.15;0.00;0.00;11.33;0.00;34.00;0.00;2;1998-04-14;4J7;;;PA;1996-01-01
NLD;NLD199602125;;RET;2006-06-12;2006-06-12;NLD199602125;IJM-35;RAINBOW PACIFIC;NLIJM;Ijmuiden/Velsen;;N;N;N;N;Y;N;;FX;GNS;MIS;;;;;4.50;0.00;1.00;0.00;0.00;5.00;0.00;3;1998-10-06;MFL;;;PA;1996-01-01
NLD;NLD199602674;;DES;2010-01-01;2010-01-01;NLD199602674;BRU-81;MARGRIET;NLBSE;Bruinisse;;N;N;N;N;Y;N;;FX;FPO;LHP;;;;;7.36;0.00;1.00;0.00;0.00;29.00;8.00;4;2002-12-30;MFL;;;PA;1996-01-01
NLD;NLD199614044;;RET;2009-11-27;2009-11-27;NLD199614044;BR-60;PROFISH 2;NLBRS;Breskens;;N;N;N;N;Y;N;;FX;GNS;LHP;;;;;6.54;0.00;2.00;0.00;0.00;104.00;0.00;3;2005-09-14;MFL;;;PA;1996-01-01
NLD;NLD199701113;;CHA;2009-07-10;2100-12-31;NLD199701113;BR-1;CORTEZ;NLBRS;Breskens;;N;Y;N;N;Y;N;;FX;LHP;LHM;;;;;7.04;0.00;1.00;0.00;0.00;96.00;0.00;3;2009-07-10;MFL;;;;1997-01-01
NLD;NLD199702008;;MOD;2011-06-24;2100-12-31;NLD199702008;SCH-7;LUCKY SEVEN;NLSCE;Scheveningen;PH3783;Y;Y;N;N;Y;Y;244010526;GO;GNS;LHP;;;;;9.16;0.00;7.00;0.00;0.00;147.00;0.00;3;2008-02-15;MFL;;;;1997-01-01
NLD;NLD199702046;;RET;1998-09-03;1998-09-03;NLD199702046;TX-32;OPTIMIST II;NLTEX;Texel;;N;N;N;N;N;N;;FX;FPO;GNS;;;;;8.00;0.00;6.22;0.00;0.00;147.00;0.00;3;1997-02-21;4J7;;;PA;1997-01-01
NLD;NLD199702054;;RET;2004-06-04;2004-06-04;NLD199702054;GO-46;JOHANNES;NLGDR;Goedereede;;N;N;N;N;Y;N;;FX;FPO;GNS;;;;;9.13;0.00;5.00;0.00;0.00;147.00;4.00;2;1997-05-22;MFL;;;PA;1997-01-01
NLD;NLD199702062;9177703;EXP;2005-02-01;2005-02-01;NLD199702062;HD-31;MARSDIEP;NLDHR;Den Helder;PCES;Y;N;Y;N;N;N;;FX;TBB;MIS;;;;;23.95;0.00;161.00;0.00;0.00;221.00;360.00;2;1997-07-07;MFL;IRL;EX;PA;1997-01-01
NLD;NLD199702073;9168427;MOD;2022-07-14;2100-12-31;NLD199702073;SL-49;JAN SENIOR;NLSTD;Stellendam;PDAU;Y;Y;Y;Y;N;Y;245933000;MO;TBB;FPO;;;;;23.99;0.00;147.00;0.00;0.00;221.00;312.00;2;1997-08-20;MFL;;;;1997-01-01
NLD;NLD199702082;9179062;MOD;2004-01-30;2100-12-31;NLD199702082;YE-18;JOHANNES;NLYSK;Yerseke;PCCP;Y;Y;N;N;N;N;;FX;DRB;MIS;;;;;41.66;0.00;245.00;0.00;0.00;1100.00;304.00;2;1997-10-22;AQU;;;;1997-01-01
NLD;NLD199702084;9152662;DES;2023-07-26;2023-07-26;NLD199702084;KW-34;ROSEMARIE;NLKWK;Katwijk;PEAV;Y;N;Y;Y;N;Y;245899000;FX;TBB;OTT;;;;;42.36;0.00;503.00;0.00;0.00;1471.00;1015.00;2;1997-11-07;MFL;;;AC;1997-01-01
NLD;NLD199702087;9162655;MOD;2011-02-09;2100-12-31;NLD199702087;SCH-81;CAROLIEN;NLSCE;Scheveningen;PDHC;Y;Y;Y;Y;N;Y;246274000;TTF;OTM;MIS;;;;;126.22;0.00;7053.00;0.00;0.00;7690.00;3595.00;2;1998-01-19;MFL;;;;1997-01-01
NLD;NLD199702089;9179074;MOD;2014-05-13;2100-12-31;NLD199702089;YE-72;SURSUM CORDA;NLYSK;Yerseke;PCEW;Y;Y;N;N;N;N;;FX;DRB;MIS;;;;;41.11;0.00;246.00;0.00;0.00;806.00;712.00;2;1998-02-11;AQU;;;;1997-01-01
NLD;NLD199702095;;RET;2002-11-06;2002-11-06;NLD199702095;SCH-144;ONWARD;NLSCE;Scheveningen;;N;N;N;N;N;N;;FX;NK;MIS;;;;;6.20;0.00;1.00;0.00;0.00;1.00;0.00;4;1998-03-20;4J1;;;PA;1997-01-01
NLD;NLD199702106;;RET;2001-03-01;2001-03-01;NLD199702106;SCH-44;MIRANDA;NLSCE;Scheveningen;;N;N;N;N;N;N;;FX;GNS;TBB;;;;;8.12;0.00;3.00;0.00;0.00;164.00;0.00;3;1998-05-13;4J7;;;PA;1997-01-01
NLD;NLD199702108;;RET;2020-03-06;2020-03-06;NLD199702108;ZZ-2;CHRISTINA;NLZIE;Zierikzee;;N;N;N;N;Y;N;;WOP;FPO;GNS;;;;;7.10;0.00;2.00;0.00;0.00;44.00;0.00;2;1998-05-19;MFL;;;PA;1997-01-01
NLD;NLD199702109;9187198;MOD;2023-12-14;2100-12-31;NLD199702109;SL-23;ALBATROS;NLSTD;Stellendam;PFTL;Y;Y;Y;Y;N;Y;245744000;TU;TBB;MIS;;;;;23.98;0.00;151.00;0.00;0.00;221.00;0.00;2;1998-06-04;MFL;;;;1997-01-01
NLD;NLD199702111;9044786;MOD;2017-05-23;2100-12-31;NLD199702111;UK-224;TUNIS VAN LUUT;NLURK;Urk;PGBK;Y;Y;Y;Y;N;Y;246015000;MTG;SSC;OTT;;;;;33.55;0.00;331.00;0.00;0.00;720.00;330.00;2;1998-06-11;MFL;;;;1997-01-01
NLD;NLD199702114;;MOD;2003-11-24;2100-12-31;NLD199702114;ZZ-18;MYTIOS AD LINEA;NLZIE;Zierikzee;;N;Y;N;N;N;N;;FX;DRB;MIS;;;;;14.91;0.00;29.00;0.00;0.00;192.00;50.00;2;1998-06-12;AQU;;;;1997-01-01
NLD;NLD199702134;9179103;DES;2023-05-13;2023-05-13;NLD199702134;UK-148;LUNAR;NLURK;Urk;PIAT;Y;N;Y;Y;N;Y;244577000;TU;OTB;TBB;;;;;42.36;0.00;503.00;0.00;0.00;1471.00;1015.00;2;1998-10-15;MFL;;;AC;1997-01-01
NLD;NLD199702162;;MOD;2012-06-14;2100-12-31;NLD199702162;BRU-42;JAAP;NLBSE;Bruinisse;;N;Y;N;N;Y;N;;FX;PS;FPO;;;;;7.15;0.00;1.00;0.00;0.00;55.00;0.00;4;1998-12-15;MFL;;;;1997-01-01
NLD;NLD199702186;;MOD;2006-07-18;2100-12-31;NLD199702186;IJM-65;JELLE 1;NLIJM;Ijmuiden/Velsen;;N;Y;N;N;Y;N;;GO;FPO;GNS;;;;;2.60;0.00;1.00;0.00;0.00;0.25;0.00;4;1999-03-10;MFL;;;;1997-01-01
NLD;NLD199702187;;RET;2001-04-01;2001-04-01;NLD199702187;IJM-66;JELLE 2;NLIJM;Ijmuiden/Velsen;;N;N;N;N;N;N;;FX;GNS;MIS;;;;;2.60;0.00;1.00;0.00;0.00;0.25;0.00;4;1999-03-10;4J1;;;PA;1997-01-01
NLD;NLD199702188;;RET;2000-04-01;2000-04-01;NLD199702188;KG-4;STERN;NLKOG;Kortgene;;N;N;N;N;N;N;;FX;NK;MIS;;;;;5.36;0.00;1.00;0.00;0.00;67.00;0.00;3;1999-03-18;4J7;;;PA;1997-01-01
NLD;NLD199702193;;RET;2002-12-31;2002-12-31;NLD199702193;GM-57;GERRY;NLGNM;Genemuiden;;N;Y;N;N;N;N;;FX;NK;MIS;;;;;14.99;0.00;13.00;0.00;0.00;110.00;88.00;2;1999-05-19;4JZ;;;PA;1997-01-01
NLD;NLD199702647;;CHA;2018-01-04;2100-12-31;NLD199702647;WR-160;BARENTSZZEE;NLWRG;Wieringen/Den Oever;;N;Y;N;N;Y;N;;FX;OTB;FPO;;;;;5.01;0.00;1.00;0.00;0.00;7.00;0.00;3;2018-01-04;MFL;;;;1997-01-01
NLD;NLD199702665;;CHA;2006-03-10;2100-12-31;NLD199702665;TH-20;HADDOCK;NLTHO;Tholen;PC2126;Y;Y;N;N;Y;Y;244030520;LH;LHP;MIS;;;;;7.36;0.00;3.00;0.00;0.00;110.00;0.00;3;2006-03-10;MFL;;;;1997-01-01
NLD;NLD199702682;;MOD;2018-12-11;2100-12-31;NLD199702682;YE-51;HUBREGT;NLYSK;Yerseke;;N;Y;N;N;Y;N;;WOP;GNS;FPO;;;;;7.90;0.00;2.00;0.00;0.00;20.00;0.00;2;2003-05-09;MFL;;;PA;1997-01-01
NLD;NLD199713621;;MOD;2022-01-25;2100-12-31;NLD199713621;YE-16;WANNES;NLYSK;Yerseke;;N;Y;N;N;Y;N;;FX;DRB;MIS;;;;;11.98;0.00;6.00;0.00;0.00;158.00;0.00;2;2014-05-08;AQU;;;;1997-01-01
NLD;NLD199800434;;CHA;2017-03-02;2100-12-31;NLD199800434;TX-25;TX25;NLTEX;Texel;;N;Y;N;N;Y;N;;FX;GNS;FPO;;;;;10.81;0.00;6.00;0.00;0.00;314.00;0.00;3;2017-03-02;MFL;;;;1998-01-01
NLD;NLD199801161;;RET;2023-07-26;2023-07-26;NLD199801161;SCH-61;PERSEVERANCE;NLSCE;Scheveningen;;N;N;N;N;Y;N;;WOP;FPO;GNS;;;;;9.96;0.00;4.00;0.00;0.00;120.00;0.00;3;2019-11-20;MFL;;;PA;1998-01-01
NLD;NLD199802028;;RET;2016-04-29;2016-04-29;NLD199802028;IJM-5;ZEEBEER;NLIJM;Ijmuiden/Velsen;;N;N;N;N;Y;N;;FX;GNS;GND;;;;;4.20;0.00;1.00;0.00;0.00;11.00;0.00;3;2008-05-23;MFL;;;PA;1998-01-01
NLD;NLD199802042;;RET;2017-12-11;2017-12-11;NLD199802042;GO-47;MAARTEN;NLGDR;Goedereede;PE3262;Y;N;Y;N;N;N;;FX;GNS;OTB;;;;;12.50;0.00;14.00;0.00;0.00;179.00;6.00;2;2008-07-11;MFL;;;PA;1998-01-01
NLD;NLD199802096;;MOD;2025-08-11;2100-12-31;NLD199802096;IJM-63;NEVER READY;NLIJM;Ijmuiden/Velsen;PC3306;Y;Y;N;N;Y;N;;WOP;FPO;GNS;;;;;7.85;0.00;1.00;0.00;0.00;120.00;0.00;4;1998-03-23;MFL;;;PA;1998-01-01
NLD;NLD199802112;;RET;2002-09-27;2002-09-27;NLD199802112;VD-105;JUNIOR;NLVOD;Volendam;;N;N;N;N;N;N;;FX;NK;MIS;;;;;9.00;0.00;0.00;6.50;0.00;68.00;0.00;2;1998-06-12;4J7;;;PA;1998-01-01
NLD;NLD199802118;9179086;MOD;2016-09-12;2100-12-31;NLD199802118;BRU-36;JOHANNES CORNELIS;NLBSE;Bruinisse;PFRY;Y;Y;N;N;N;N;;FX;DRB;MIS;;;;;40.00;0.00;294.00;0.00;0.00;806.00;347.00;2;1998-07-24;AQU;;;;1998-01-01
NLD;NLD199802133;8593106;MOD;2021-11-22;2100-12-31;NLD199802133;HA-2;PESCADOR;NLHAR;Harlingen;PD2410;Y;Y;Y;Y;N;Y;244780967;DB;DRH;MIS;;;;;22.17;0.00;36.00;0.00;0.00;192.00;0.00;2;2006-12-14;MFL;;;;1998-01-01
NLD;NLD199802150;;RET;2000-04-01;2000-04-01;NLD199802150;ARM-24;NOOITGEDACHT;NLARM;Arnemuiden;;N;N;N;N;N;N;;FX;OTB;OTM;;;;;4.39;0.00;1.00;0.00;0.00;1.50;0.00;3;1998-11-20;4J5;;;PA;1998-01-01
NLD;NLD199802164;;EXP;2019-04-18;2019-04-18;NLD199802164;HK-43;ZUIDERZEE;NLHRD;Harderwijk;PC2611;Y;N;N;N;Y;N;;FX;GNS;FPO;;;;;9.94;0.00;7.00;0.00;0.00;221.00;0.00;3;1998-12-17;MFL;IRL;EX;PA;1998-01-01
NLD;NLD199802170;9184744;MOD;2017-04-21;2100-12-31;NLD199802170;UK-184;JOSEPHINA MARIA;NLURK;Urk;PEAS;Y;Y;Y;Y;N;Y;245738000;MO;TBB;OTB;;;;;42.46;0.00;510.00;0.00;0.00;1467.00;0.00;2;1999-01-27;MFL;;;;1998-01-01
NLD;NLD199802179;9187021;MOD;2004-01-23;2100-12-31;NLD199802179;YE-20;SEMPER CONFIDENS;NLYSK;Yerseke;PIAL;Y;Y;N;N;N;N;;FX;DRB;MIS;;;;;40.11;0.00;295.00;0.00;0.00;800.00;350.00;2;1999-02-18;AQU;;;;1998-01-01
NLD;NLD199802182;9175834;MOD;2015-09-08;2100-12-31;NLD199802182;SCH-24;AFRIKA;NLSCE;Scheveningen;PEAT;Y;Y;Y;Y;N;Y;245811000;TTF;OTM;MIS;;;;;126.22;0.00;7127.00;0.00;0.00;7210.00;3970.00;2;1999-03-05;MFL;;;;1998-01-01
NLD;NLD199802183;;RET;2000-04-01;2000-04-01;NLD199802183;IJM-306;ANGEL 3;NLIJM;Ijmuiden/Velsen;;N;N;N;N;N;N;;FX;OTB;MIS;;;;;3.20;0.00;0.00;0.45;0.00;1.00;0.00;4;1999-03-08;4J7;;;PA;1998-01-01
NLD;NLD199802199;9168001;MOD;2003-01-01;2100-12-31;NLD199802199;YE-157;CORNELIA;NLYSK;Yerseke;PEOK;Y;Y;N;N;N;N;;FX;DRB;MIS;;;;;40.85;0.00;317.00;0.00;0.00;882.00;395.00;2;1999-06-10;AQU;;;;1998-01-01
NLD;NLD199802200;9196541;MOD;2022-02-07;2100-12-31;NLD199802200;KW-88;PELIKAAN;NLKWK;Katwijk;PCFI;Y;Y;Y;Y;N;Y;244869000;TU;TBB;MIS;;;;;42.40;0.00;499.00;0.00;0.00;1471.00;1060.00;2;1999-06-11;MFL;;;;1998-01-01
NLD;NLD199802203;;MOD;2008-05-09;2100-12-31;NLD199802203;TX-57;KILTJE;NLTEX;Texel;;N;Y;N;N;Y;N;;FX;LHP;FPO;;;;;6.60;0.00;2.00;0.00;0.00;22.00;0.00;1;1999-06-21;MFL;;;;1998-01-01
NLD;NLD199802312;;MOD;2005-01-01;2100-12-31;NLD199802312;ARM-26;JOHANNA;NLARM;Arnemuiden;;N;Y;N;N;Y;N;;LH;PTB;MIS;;;;;4.65;0.00;1.00;0.00;0.00;22.00;0.00;4;1999-07-28;MFL;;;;1998-01-01
NLD;NLD199802553;;MOD;2018-02-13;2100-12-31;NLD199802553;SL-13;ZEEWOLF;NLSTD;Stellendam;;N;Y;N;Y;Y;Y;244650455;MO;OTB;TBB;;;;;7.95;0.00;4.00;0.00;0.00;71.00;0.00;2;1999-11-17;MFL;;;;1998-01-01
NLD;NLD199802566;;RET;2002-12-31;2002-12-31;NLD199802566;UK-8;MARIEKE;NLURK;Urk;;N;Y;N;N;N;N;;FX;GNS;NK;;;;;9.24;0.00;5.00;0.00;0.00;179.00;20.00;2;2000-02-01;4JZ;;;PA;1998-01-01
NLD;NLD199802575;;RET;2008-04-28;2008-04-28;NLD199802575;KG-11;BAS;NLKOG;Kortgene;;N;N;N;N;Y;N;;FX;GNS;FPO;;;;;4.95;0.00;1.00;0.00;0.00;44.70;0.00;3;2000-04-13;MFL;;;PA;1998-01-01
NLD;NLD199802719;;RET;2019-06-07;2019-06-07;NLD199802719;WSW-4;INNOVATION;NLWSW;Westenschouwen;PC5598;Y;N;N;N;Y;N;;FX;LHP;LHM;;;;;7.20;0.00;1.00;0.00;0.00;184.00;0.00;3;2005-05-12;MFL;;;PA;1998-01-01
NLD;NLD199802731;;RET;2007-08-03;2007-08-03;NLD199802731;KG-7;JIM;NLKOG;Kortgene;;N;N;N;N;Y;N;;FX;LHP;GND;;;;;5.35;0.00;1.00;0.00;0.00;66.00;0.00;3;2005-07-18;MFL;;;PA;1998-01-01
NLD;NLD199813659;;CHA;2015-09-18;2100-12-31;NLD199813659;VLI-31;LIN-LI;NLVLI;Vlissingen;;N;Y;N;N;Y;Y;244780837;LH;LHP;LHM;;;;;8.18;0.00;3.00;0.00;0.00;188.00;0.00;3;2015-09-18;MFL;;;;1998-01-01
NLD;NLD199813668;;RET;2020-04-17;2020-04-17;NLD199813668;KL-2;BERTHA-CORNELIS;NLKLU;Klundert;PG9978;Y;N;N;N;Y;Y;244017024;LH;LHM;LHP;;;;;4.82;0.00;1.00;0.00;0.00;60.00;0.00;3;2016-01-11;MFL;;;PA;1998-01-01
NLD;NLD199813680;;CHA;2016-03-21;2100-12-31;NLD199813680;VL-42;SEA-BASS;NLVLA;Vlaardingen;;N;Y;N;N;Y;N;;FX;LTL;LHP;;;;;4.98;0.00;1.00;0.00;0.00;45.00;0.00;2;2016-03-21;MFL;;;;1998-01-01
NLD;NLD199872033;;CHA;2019-06-04;2100-12-31;NLD199872033;TM-9;MARCIA;NLTMZ;Termunterzijl;;N;Y;N;N;Y;N;;GO;FPO;GNS;;;;;6.60;0.00;1.00;0.00;0.00;29.00;0.00;2;2019-06-04;MFL;;;;1998-01-01
NLD;NLD199872107;;CHA;2022-08-03;2100-12-31;NLD199872107;WSW-7;SEAKING;NLWSW;Westenschouwen;;N;Y;N;N;Y;N;;LH;LHP;LHM;;;;;7.45;0.00;2.00;0.00;0.00;110.00;0.00;3;2022-08-03;MFL;;;;1998-01-01
NLD;NLD199872178;;CHA;2025-03-31;2100-12-31;NLD199872178;KG-2;ALWAYS BUSY;NLKOG;Kortgene;;N;Y;N;N;Y;N;;LH;LHP;LHM;;;;;4.83;0.00;1.00;0.00;0.00;110.00;0.00;3;2025-03-31;MFL;;;;1998-01-01
NLD;NLD199900447;;MOD;2019-06-03;2100-12-31;NLD199900447;BRU-10;SNUFFEL;NLBSE;Bruinisse;;N;Y;N;N;Y;Y;244030524;LH;LHP;FPO;;;;;7.02;0.00;1.00;0.00;0.00;139.00;0.00;3;2017-05-11;MFL;;;;1999-01-01
NLD;NLD199901136;;MOD;2021-06-28;2100-12-31;NLD199901136;TH-25;MORNINGSTAR;NLTHO;Tholen;PF2974;Y;Y;N;N;Y;Y;244090046;LH;LHP;MIS;;;;;7.70;0.00;1.00;0.00;0.00;158.00;0.00;3;2010-04-01;MFL;;;;1999-01-01
NLD;NLD199901143;;MOD;2025-07-29;2100-12-31;NLD199901143;BR-3;TORNADO;NLBRS;Breskens;;N;Y;N;N;Y;N;;FX;LHP;MIS;;;;;8.60;0.00;3.00;0.00;0.00;211.00;0.00;3;2010-06-04;MFL;;;;1999-01-01
NLD;NLD199901171;;CHA;2020-05-08;2100-12-31;NLD199901171;YE-123;ROMIBRA;NLYSK;Yerseke;;N;Y;N;N;N;Y;;DB;DRB;DRH;;;;;13.36;0.00;6.00;0.00;0.00;74.00;0.00;2;2020-05-08;AQU;;;;1999-01-01
NLD;NLD199902013;;MOD;2019-08-06;2100-12-31;NLD199902013;VL-7;WAVE;NLVLA;Vlaardingen;;N;Y;N;N;Y;N;;LH;LHP;LHM;;;;;5.41;0.00;1.00;0.00;0.00;90.00;0.00;3;2012-05-21;MFL;;;;1999-01-01
NLD;NLD199902022;;MOD;2023-09-14;2100-12-31;NLD199902022;SL-1;TROPHY;NLSTD;Stellendam;PB8557;Y;Y;N;N;Y;Y;244870889;LH;LHP;MIS;;;;;8.55;0.00;2.00;0.00;0.00;233.00;0.00;3;2012-06-08;MFL;;;;1999-01-01
NLD;NLD199902025;;RET;2016-04-08;2016-04-08;NLD199902025;BR-22;NOTUS;NLBRS;Breskens;;N;N;N;N;Y;N;;FX;LHP;MIS;;;;;7.32;0.00;1.00;0.00;0.00;128.00;0.00;3;2012-07-31;MFL;;;PA;1999-01-01
NLD;NLD199902034;;CHA;2012-10-25;2100-12-31;NLD199902034;VLI-8;LUBINA;NLVLI;Vlissingen;PF2656;Y;Y;N;N;Y;N;244740366;LH;LHP;MIS;;;;;7.95;0.00;2.00;0.00;0.00;225.00;0.00;3;2012-10-25;MFL;;;;1999-01-01
NLD;NLD199902050;;MOD;2025-06-12;2100-12-31;NLD199902050;WR-84;MARIANNE WARDA;NLWRG;Wieringen/Den Oever;;N;Y;N;Y;Y;N;;TU;TBB;OTM;;;;;8.10;0.00;2.00;0.00;0.00;100.00;0.00;2;2013-04-03;MFL;;;;1999-01-01
NLD;NLD199902051;;MOD;2016-09-16;2100-12-31;NLD199902051;WR-85;MAARTJE ADRIANA;NLWRG;Wieringen/Den Oever;;N;Y;N;Y;Y;N;;TU;TBB;LHM;;;;;8.10;0.00;2.00;0.00;0.00;3.00;0.00;2;2013-04-03;MFL;;;;1999-01-01
NLD;NLD199902107;;MOD;2017-03-03;2100-12-31;NLD199902107;TX-233;ROSEMARIE;NLTEX;Texel;;N;Y;N;N;Y;N;;MSN;SPR;LHP;;;;;3.99;0.00;1.00;0.00;0.00;4.00;0.00;3;2016-12-15;MFL;;;;1999-01-01
NLD;NLD199902185;;RET;2000-11-28;2000-11-28;NLD199902185;IJM-64;MEEUW 3;NLIJM;Ijmuiden/Velsen;;N;N;N;N;N;N;;FX;GNS;OTB;;;;;12.20;0.00;0.00;1.00;0.00;11.00;0.00;1;1999-03-10;4J4;;;PA;1999-01-01
NLD;NLD199902268;;MOD;2025-03-28;2100-12-31;NLD199902268;UK-422;BART;NLURK;Urk;;N;Y;N;N;Y;N;;FX;FPO;MIS;;;;;7.25;0.00;2.00;0.00;0.00;7.00;0.00;2;1999-07-22;MFL;;;;1999-01-01
NLD;NLD199902514;;RET;2002-02-14;2002-02-14;NLD199902514;HD-63;R H VAN SCHIJNDEL;NLDHR;Den Helder;;N;N;N;N;N;N;;FX;LLS;OTB;;;;;23.99;0.00;174.00;0.00;0.00;213.00;160.00;2;1999-08-30;4J4;;;PA;1999-01-01
NLD;NLD199902545;9196553;DES;2023-05-31;2023-05-31;NLD199902545;TX-3;BIEM-JAN;NLTEX;Texel;PCGA;Y;N;Y;Y;N;Y;245369000;TU;TBB;MIS;;;;;42.21;0.00;494.00;0.00;0.00;1471.00;1145.00;2;1999-09-16;MFL;;;AC;1999-01-01
NLD;NLD199902555;;MOD;2025-07-01;2100-12-31;NLD199902555;IJM-69;PASCAL;NLIJM;Ijmuiden/Velsen;;N;Y;N;N;Y;N;;LH;LHP;FPO;;;;;3.80;0.00;1.00;0.00;0.00;2.00;0.00;3;1999-11-19;MFL;;;;1999-01-01
NLD;NLD199902556;9225689;EXP;2011-10-15;2011-10-15;NLD199902556;GO-55;ZUIDERKRUIS;NLGDR;Goedereede;PDBR;Y;N;Y;N;N;N;;FX;TBB;OTB;;;;;23.99;0.00;159.00;0.00;0.00;221.00;331.00;2;1999-12-10;MFL;GBR;EX;PA;1999-01-01
NLD;NLD199902557;;RET;2000-08-24;2000-08-24;NLD199902557;HA-10;SCHONE WAARDIN;NLHAR;Harlingen;;N;N;N;N;N;N;;FX;OTB;NK;;;;;8.75;0.00;6.00;0.00;0.00;9.00;0.00;2;1999-12-13;4J7;;;PA;1999-01-01
NLD;NLD199902559;9211640;DES;2023-05-13;2023-05-13;NLD199902559;UK-147;MORGENSTER;NLURK;Urk;PCHQ;Y;N;Y;Y;N;Y;246032000;TU;TBB;MIS;;;;;42.35;0.00;494.00;0.00;0.00;1471.00;880.00;2;1999-12-16;MFL;;;AC;1999-01-01
NLD;NLD199902561;;RET;2014-06-01;2014-06-01;NLD199902561;WR-11;GEERTJE;NLWRG;Wieringen/Den Oever;;N;N;N;N;Y;N;;FX;LLS;MIS;;;;;5.02;0.00;1.00;0.00;0.00;6.00;0.00;1;2000-01-20;MFL;;;PA;1999-01-01
NLD;NLD199902565;8433203;MOD;2024-06-13;2100-12-31;NLD199902565;GO-52;JOLISINO;NLGDR;Goedereede;PIIG;Y;Y;Y;Y;N;Y;246143000;GO;GNS;FPO;;;;;12.50;0.00;14.00;0.00;0.00;424.00;0.00;2;2000-01-31;MFL;;;;1999-01-01
NLD;NLD199902567;9225639;MOD;2016-10-13;2100-12-31;NLD199902567;TX-38;BRANDING IV;NLTEX;Texel;PEGB;Y;Y;Y;Y;N;Y;246485000;FX;TBB;MIS;;;;;42.21;0.00;494.00;0.00;0.00;1469.00;840.00;2;2000-02-22;MFL;;;;1999-01-01
NLD;NLD199902569;;EXP;2002-01-24;2002-01-24;NLD199902569;HD-1;ANNEMIEK;NLDHR;Den Helder;;N;N;N;N;N;N;;FX;OTB;MIS;;;;;23.99;0.00;115.00;0.00;0.00;161.00;160.00;2;2000-03-03;4J4;CUB;EX;PA;1999-01-01
NLD;NLD199902570;;RET;2001-04-01;2001-04-01;NLD199902570;SL-2;JAN;NLSTD;Stellendam;;N;N;N;N;N;N;;FX;TBB;LLS;;;;;23.99;0.00;174.00;0.00;0.00;221.00;160.00;2;2000-03-03;4J4;;;PA;1999-01-01
NLD;NLD199902577;;MOD;2023-03-21;2100-12-31;NLD199902577;GO-6;WISSELVALLIGHEID;NLGDR;Goedereede;PECK;Y;Y;Y;Y;N;Y;244650704;GO;LHP;FPO;;;;;12.82;0.00;11.00;0.00;0.00;221.00;0.00;3;2000-04-18;MFL;;;;1999-01-01
NLD;NLD199902581;9182801;EXP;2007-03-15;2007-03-15;NLD199902581;KW-171;MAARTJE THEADORA;NLKWK;Katwijk;PCIN;Y;N;Y;N;N;N;;FX;OTM;OTB;;;;;140.80;0.00;9082.00;0.00;0.00;8640.00;3280.00;2;2000-05-31;MFL;DEU;EX;PA;1999-01-01
NLD;NLD199902603;9225627;MOD;2024-07-23;2100-12-31;NLD199902603;ARM-24;BLAAS SENIOR;NLARM;Arnemuiden;PFBS;Y;Y;Y;Y;N;Y;245390000;TU;TBB;OTB;;;;;42.21;0.00;494.00;0.00;0.00;1124.00;840.00;2;2000-10-23;MFL;;;;1999-01-01
NLD;NLD199902608;;RET;2018-05-15;2018-05-15;NLD199902608;HD-95;VIKING;NLDHR;Den Helder;PD2877;Y;N;N;N;Y;N;;FX;LHP;LLS;;;;;5.95;0.00;2.00;0.00;0.00;66.00;0.00;4;2000-11-30;MFL;;;PA;1999-01-01
NLD;NLD199902648;8592580;MOD;2024-03-15;2100-12-31;NLD199902648;WR-147;ANNA-LOTTE;NLWRG;Wieringen/Den Oever;PBHW;Y;Y;Y;Y;N;Y;244609000;FX;FPO;GNS;;;;;18.80;0.00;33.00;0.00;0.00;138.00;15.00;2;2002-08-14;MFL;;;;1999-01-01
NLD;NLD199902692;;RET;2008-03-04;2008-03-04;NLD199902692;ZK-66;VERTROUWEN;NLZOT;Zoutkamp;;N;N;N;N;Y;N;;FX;TBB;OTB;;;;;4.20;0.00;1.00;0.00;0.00;7.00;0.00;3;2003-12-16;MFL;;;PA;1999-01-01
NLD;NLD199902716;;RET;2017-01-20;2017-01-20;NLD199902716;KG-16;SEABASS;NLKOG;Kortgene;;N;N;N;N;Y;N;;FX;LHP;MIS;;;;;8.60;0.00;4.00;0.00;0.00;184.00;0.00;3;2005-04-22;MFL;;;PA;1999-01-01
NLD;NLD199972042;;MOD;2021-03-11;2100-12-31;NLD199972042;IJM-25;MARIS STELLA;NLIJM;Ijmuiden/Velsen;;N;Y;N;N;Y;N;;GO;GNS;LHP;;;;;8.08;0.00;1.00;0.00;0.00;29.00;0.00;3;2020-12-17;MFL;;;;1999-01-01
NLD;NLD199972153;;MOD;2024-04-05;2100-12-31;NLD199972153;TS-6;JUNA;NLWTE;West-Terschelling;PC8458;Y;Y;N;N;Y;N;;LH;LHP;LHM;;;;;9.85;0.00;4.00;0.00;0.00;272.00;0.00;3;2024-04-03;MFL;;;;1999-01-01
NLD;NLD200000113;;RET;2017-06-27;2017-06-27;NLD200000113;SCH-8;LISA;NLSCE;Scheveningen;;N;N;N;N;Y;N;;FX;LHP;MIS;;;;;6.12;0.00;1.00;0.00;0.00;63.00;0.00;3;2006-07-21;MFL;;;PA;2000-01-01
NLD;NLD200000115;;CST;2006-09-07;2100-12-31;NLD200000115;VD-73;LINSEA;NLVOD;Volendam;;N;Y;N;N;Y;N;;FX;GNS;FPO;;;;;10.00;0.00;8.00;0.00;0.00;90.00;0.00;3;2006-09-07;MFL;;;;2000-01-01
NLD;NLD200001145;;MOD;2024-01-15;2100-12-31;NLD200001145;ARM-16;ILONA;NLARM;Arnemuiden;;N;Y;N;N;Y;N;;LH;OTB;LHP;;;;;6.13;0.00;1.00;0.00;0.00;85.00;0.00;3;2010-06-03;MFL;;;;2000-01-01
NLD;NLD200001176;;CHA;2011-02-22;2100-12-31;NLD200001176;TX-77;SOEPKIP;NLTEX;Texel;;N;Y;N;N;Y;N;;LH;LHP;LLS;;;;;5.92;0.00;2.00;0.00;0.00;85.00;0.00;3;2011-02-22;MFL;;;;2000-01-01
NLD;NLD200001204;;MOD;2013-01-01;2100-12-31;NLD200001204;BR-6;CAROLISA;NLBRS;Breskens;;N;Y;N;N;Y;N;;LH;LHP;LHM;;;;;8.60;0.00;3.00;0.00;0.00;183.00;0.00;3;2011-12-01;MFL;;;;2000-01-01
NLD;NLD200001997;;MOD;2017-06-19;2100-12-31;NLD200001997;YE-10;JOEY;NLYSK;Yerseke;;N;Y;N;N;Y;N;;GO;GNS;FPO;;;;;7.36;0.00;1.00;0.00;0.00;99.00;0.00;4;2007-08-17;MFL;;;;2000-01-01
NLD;NLD200002573;;MOD;2021-02-22;2100-12-31;NLD200002573;TX-138;MASALI;NLTEX;Texel;;N;Y;N;N;Y;N;;MO;OTB;OTM;;;;;4.40;0.00;1.00;0.00;0.00;4.50;0.00;3;2000-04-04;MFL;;;;2000-01-01
NLD;NLD200002574;9187306;MOD;2018-06-25;2100-12-31;NLD200002574;SCH-302;WILLEM VAN DER ZWAN;NLSCE;Scheveningen;PCII;Y;Y;Y;Y;N;Y;246429000;TTF;OTM;OTB;;;;;142.50;0.00;9494.00;0.00;0.00;7920.00;4720.00;2;2000-04-10;MFL;;;;2000-01-01
NLD;NLD200002578;;MOD;2018-06-11;2100-12-31;NLD200002578;ST-22;PEKE SR.;NLSTA;Stavoren;PIAI;Y;Y;Y;Y;N;Y;245408000;TU;TBB;MIS;;;;;19.99;0.00;41.00;0.00;0.00;202.00;70.00;2;2000-05-15;MFL;;;;2000-01-01
NLD;NLD200002579;9211652;MOD;2024-01-12;2100-12-31;NLD200002579;TX-36;JAN VAN TOON;NLTEX;Texel;PEDH;Y;Y;Y;Y;N;Y;244345000;TU;TBB;MIS;;;;;42.35;0.00;494.00;0.00;0.00;1471.00;845.00;2;2000-05-22;MFL;;;;2000-01-01
NLD;NLD200002583;;EXP;2002-12-29;2002-12-29;NLD200002583;GOE-7;SEA EAGLE;NLGOE;Goes;;N;N;N;N;N;N;;FX;FPO;MIS;;;;;8.65;0.00;2.00;0.00;0.00;232.00;0.00;3;2000-06-05;4J7;IRL;;PA;2000-01-01
NLD;NLD200002588;9217840;MOD;2015-04-22;2100-12-31;NLD200002588;TH-48;VIER GEBROEDERS;NLTHO;Tholen;PCHA;Y;Y;N;N;N;N;;FX;DRB;MIS;;;;;41.43;0.00;312.00;0.00;0.00;948.00;474.00;2;2000-06-09;AQU;;;;2000-01-01
NLD;NLD200002594;9250103;EXP;2019-05-13;2019-05-13;NLD200002594;UK-135;CORNELIS TRIJNTJE;NLURK;Urk;PFAY;Y;N;Y;N;N;N;;FX;SPR;PTB;;;;;27.10;0.00;200.00;0.00;0.00;367.00;66.00;2;2000-06-30;MFL;IRL;EX;PA;2000-01-01
NLD;NLD200002595;9250115;MOD;2017-07-21;2100-12-31;NLD200002595;UK-145;TEUNIS VAN ATJE;NLURK;Urk;PCUY;Y;Y;Y;Y;N;Y;245316000;SN;SPR;PTB;;;;;27.10;0.00;200.00;0.00;0.00;368.00;66.00;2;2000-06-30;MFL;;;;2000-01-01
NLD;NLD200002596;9225598;MOD;2024-12-12;2100-12-31;NLD200002596;GO-37;EBEN HAËZER;NLGDR;Goedereede;PECI;Y;Y;Y;Y;N;Y;246511000;TU;TBB;OTB;;;;;40.72;0.00;448.00;0.00;0.00;1100.00;0.00;2;2000-07-20;MFL;;;;2000-01-01
NLD;NLD200002598;9219745;MOD;2019-07-18;2100-12-31;NLD200002598;WR-109;BAUKJE ELISABETH;NLWRG;Wieringen/Den Oever;PBAF;Y;Y;Y;Y;N;Y;244633000;MO;TBB;OTB;;;;;22.69;0.00;80.00;0.00;0.00;221.00;0.01;2;2000-08-08;MFL;;;;2000-01-01
NLD;NLD200002601;9222053;MOD;2003-12-08;2100-12-31;NLD200002601;ZZ-9;VERTROUWEN;NLZIE;Zierikzee;PECT;Y;Y;N;N;N;N;;FX;DRB;MIS;;;;;41.18;0.00;332.00;0.00;0.00;916.00;374.00;2;2000-07-11;AQU;;;;2000-01-01
NLD;NLD200002602;9219757;MOD;2022-07-13;2100-12-31;NLD200002602;UK-104;EBEN HAËZER;NLURK;Urk;PIGY;Y;Y;Y;Y;N;Y;245345000;TU;TBB;FPO;;;;;22.50;0.00;97.00;0.00;0.00;221.00;104.00;4;2000-10-06;MFL;;;;2000-01-01
NLD;NLD200002604;9219733;MOD;2019-03-21;2100-12-31;NLD200002604;WL-20;PIETER-KEES;NLWDE;Westdongeradeel;PBAT;Y;Y;Y;Y;N;Y;245150000;TU;TBB;MIS;;;;;19.99;0.00;70.00;0.00;0.00;221.00;70.00;2;2000-10-24;MFL;;;;2000-01-01
NLD;NLD200002605;;RET;2002-12-31;2002-12-31;NLD200002605;EH-41;JONASSIS;NLENK;Enkhuizen;;N;Y;N;N;N;N;;FX;NK;MIS;;;;;8.61;0.00;2.00;0.00;0.00;22.40;0.00;2;2000-11-06;4JZ;;;PA;2000-01-01
NLD;NLD200002606;9227572;MOD;2015-02-25;2100-12-31;NLD200002606;SCH-45;JACOB CORNELIS;NLSCE;Scheveningen;PBHE;Y;Y;Y;Y;N;Y;246273000;MO;TBB;OTB;;;;;23.97;0.00;151.00;0.00;0.00;221.00;336.00;2;2000-11-08;MFL;;;;2000-01-01
NLD;NLD200002607;9223095;EXP;2008-02-20;2008-02-20;NLD200002607;UK-186;GERRIT SR;NLURK;Urk;;N;N;Y;N;N;N;;FX;TBB;MIS;;;;;23.97;0.00;150.00;0.00;0.00;221.00;335.00;2;2000-11-29;MFL;GBR;EX;PA;2000-01-01
NLD;NLD200002609;9223112;EXP;2012-10-01;2012-10-01;NLD200002609;OD-9;GEERTRUIDA;NLGDO;Goedereede-Ouddorp;PFDL;Y;N;Y;N;N;N;;FX;TBB;OTB;;;;;23.97;0.00;152.00;0.00;0.00;221.00;335.00;2;2000-12-04;MFL;GBR;EX;PA;2000-01-01
NLD;NLD200002610;9223083;EXP;2024-09-05;2024-09-05;NLD200002610;SCH-18;BOEIER;NLSCE;Scheveningen;PFBM;Y;N;Y;Y;N;Y;245370000;MO;TBB;OTB;;;;;23.97;0.00;151.00;0.00;0.00;221.00;335.00;2;2000-12-05;MFL;IRL;EX;PA;2000-01-01
NLD;NLD200002611;9223100;DES;2023-03-16;2023-03-16;NLD200002611;KW-5;LEENDERT DE MOL;NLKWK;Katwijk;PFOJ;Y;N;Y;Y;N;Y;244286000;MO;TBB;OTB;;;;;23.97;0.00;152.00;0.00;0.00;221.00;335.00;2;2000-12-07;MFL;;;AC;2000-01-01
NLD;NLD200002612;9246671;EXP;2011-03-10;2011-03-10;NLD200002612;TX-48;SOLEA;NLTEX;Texel;PBDY;Y;N;Y;N;N;N;;FX;TBB;OTB;;;;;23.97;0.00;151.00;0.00;0.00;221.00;335.00;2;2000-12-08;MFL;GBR;EX;PA;2000-01-01
NLD;NLD200002613;9213430;MOD;2003-01-01;2100-12-31;NLD200002613;YE-30;OOSTERSCHELDE;NLYSK;Yerseke;PFBJ;Y;Y;N;N;N;N;;FX;DRB;MIS;;;;;42.56;0.00;349.00;0.00;0.00;916.00;425.00;2;2000-12-12;AQU;;;;2000-01-01
NLD;NLD200002614;9244025;MOD;2019-07-16;2100-12-31;NLD200002614;WR-181;ELISABETH;NLWRG;Wieringen/Den Oever;PBBP;Y;Y;Y;Y;N;Y;244042000;MO;TBB;MIS;;;;;23.73;0.00;75.00;0.00;0.00;221.00;55.00;2;2000-12-14;MFL;;;;2000-01-01
NLD;NLD200002617;8458904;MOD;2018-11-28;2100-12-31;NLD200002617;TX-34;SOLA GRATIA;NLTEX;Texel;PFCY;Y;Y;Y;Y;N;Y;245660000;TU;TBB;MIS;;;;;21.15;0.00;78.00;0.00;0.00;221.00;0.90;2;2000-12-30;MFL;;;;2000-01-01
NLD;NLD200002621;8985139;MOD;2015-12-08;2100-12-31;NLD200002621;WR-2;DUNJA LYNN;NLWRG;Wieringen/Den Oever;PBCL;Y;Y;Y;Y;N;Y;246030000;FX;TBB;MIS;;;;;21.15;0.00;78.00;0.00;0.00;220.00;140.00;2;2001-01-03;MFL;;;;2000-01-01
NLD;NLD200002624;;MOD;2022-06-30;2100-12-31;NLD200002624;TX-51;MARE VITAE;NLTEX;Texel;;N;Y;N;N;Y;N;;GO;GNS;FPO;;;;;9.00;0.00;6.00;0.00;0.00;107.00;0.00;3;2001-05-04;MFL;;;;2000-01-01
NLD;NLD200002625;;RET;2002-12-31;2002-12-31;NLD200002625;YE-21;YE 21;NLYSK;Yerseke;;N;Y;N;N;N;N;;FX;FPO;MIS;;;;;7.60;0.00;2.00;0.00;0.00;24.00;0.01;3;2001-05-17;4JZ;;;PA;2000-01-01
NLD;NLD200002627;9242754;MOD;2018-08-24;2100-12-31;NLD200002627;OD-1;MAARTEN JACOB;NLGDO;Goedereede-Ouddorp;PHNE;Y;Y;Y;Y;N;Y;245159000;TU;TBB;MIS;;;;;42.37;0.00;496.00;0.00;0.00;1470.00;760.00;2;2001-08-10;MFL;;;;2000-01-01
NLD;NLD200002628;9213428;MOD;2005-04-18;2100-12-31;NLD200002628;YE-55;ARNOUT MAGDALENA;NLYSK;Yerseke;PECZ;Y;Y;N;N;N;N;;FX;DRB;MIS;;;;;42.61;0.00;348.00;0.00;0.00;916.00;364.00;2;2001-08-21;AQU;;;;2000-01-01
NLD;NLD200002638;9225706;DES;2023-05-03;2023-05-03;NLD200002638;HD-3;NIEUWEDIEP;NLDHR;Den Helder;PBFZ;Y;N;Y;Y;N;Y;245074000;TU;TBB;FPO;;;;;23.99;0.00;161.00;0.00;0.00;221.00;200.00;2;2002-01-24;MFL;;;AC;2000-01-01
NLD;NLD200002645;9564877;MOD;2009-11-20;2100-12-31;NLD200002645;GO-1;WOUTER ADRIAANTJE;NLGDR;Goedereede;PBPE;Y;Y;Y;Y;N;Y;246233000;SN;SSC;OTB;;;;;26.99;0.00;215.00;0.00;0.00;708.00;278.00;2;2001-12-14;MFL;;;;2000-01-01
NLD;NLD200002674;;RET;2013-05-14;2013-05-14;NLD200002674;HA-20;JACK IJST;NLHAR;Harlingen;;N;N;N;N;Y;N;;FX;GNS;FPO;;;;;6.10;0.00;1.00;0.00;0.00;11.00;0.00;2;2006-04-27;MFL;;;PA;2000-01-01
NLD;NLD200002676;;CHA;2012-04-20;2100-12-31;NLD200002676;IJM-127;MY JOY;NLIJM;Ijmuiden/Velsen;;N;Y;N;N;Y;N;;FX;GNS;OTB;;;;;9.92;0.00;4.00;0.00;0.00;80.00;0.00;3;2006-05-18;MFL;;;;2000-01-01
NLD;NLD200002677;;CHA;2025-04-16;2100-12-31;NLD200002677;HD-73;CEDONULIE;NLDHR;Den Helder;;N;Y;N;N;Y;N;;GO;GNS;OTB;;;;;5.17;0.00;1.00;0.00;0.00;22.00;0.00;3;2006-05-24;MFL;;;PA;2000-01-01
NLD;NLD200002693;;RET;2004-10-15;2004-10-15;NLD200002693;ZK-84;RIENK JAN;NLZOT;Zoutkamp;;N;N;N;N;N;N;;FX;TBB;MIS;;;;;21.15;0.00;78.00;0.00;0.00;221.00;0.00;2;2003-12-19;MFL;;;PA;2000-01-01
NLD;NLD200002714;;RET;2012-01-25;2012-01-25;NLD200002714;KG-2;ALWAYS BUSY;NLKOG;Kortgene;;N;N;N;N;Y;N;;FX;LHP;MIS;;;;;8.20;0.00;4.00;0.00;0.00;213.00;0.00;3;2005-04-22;MFL;;;PA;2000-01-01
NLD;NLD200013606;;RET;2023-08-02;2023-08-02;NLD200013606;BZ-2;DE WEER;NLBZM;Bergse Diepsluis/Bergen Op Zoom;;N;N;N;N;Y;N;;FX;FPO;MIS;;;;;9.52;0.00;1.00;0.00;0.00;99.00;0.00;4;2013-12-01;MFL;;;PA;2000-01-01
NLD;NLD200072071;;RET;2024-04-02;2024-04-02;NLD200072071;SCH-44;LARSON 220;NLSCE;Scheveningen;;N;N;N;N;Y;N;;GO;GNS;LHP;;;;;6.68;0.00;1.00;0.00;0.00;37.00;0.00;3;2021-06-09;MFL;;;PA;2000-01-01
NLD;NLD200072134;;CHA;2023-07-06;2100-12-31;NLD200072134;YE-138;MAATJE HELENA;NLYSK;Yerseke;;N;Y;N;N;Y;N;;LH;LHP;FPO;;;;;2.90;0.00;1.00;0.00;0.00;1.00;0.00;3;2023-07-06;MFL;;;;2000-01-01
NLD;NLD200072176;;CHA;2025-03-07;2100-12-31;NLD200072176;TH-6;WILLEM;NLTHO;Tholen;;N;Y;N;N;Y;N;;MSN;FPO;MIS;;;;;4.33;0.00;1.00;0.00;0.00;15.00;15.00;3;2025-03-07;MFL;;;;2000-01-01
NLD;NLD200100110;;RET;2011-02-16;2011-02-16;NLD200100110;VLI-2;MARZAN;NLVLI;Vlissingen;PI3166;Y;N;N;N;Y;N;;FX;LHP;MIS;;;;;6.53;0.00;2.00;0.00;0.00;110.00;0.00;3;2006-07-07;MFL;;;PA;2001-01-01
NLD;NLD200102010;;RET;2016-06-28;2016-06-28;NLD200102010;WSW-9;PATHFINDER II;NLWSW;Westenschouwen;PD8459;Y;N;N;N;Y;N;;FX;LHP;MIS;;;;;8.50;0.00;4.00;0.00;0.00;169.00;0.00;3;2008-03-18;MFL;;;PA;2001-01-01
NLD;NLD200102049;;MOD;2018-02-27;2100-12-31;NLD200102049;BRU-43;FIK;NLBSE;Bruinisse;;N;Y;N;N;Y;N;;WOP;FPO;MIS;;;;;6.76;0.00;1.00;0.00;0.00;52.00;13.00;2;2013-04-01;MFL;;;;2001-01-01
NLD;NLD200102050;;RET;2014-01-01;2014-01-01;NLD200102050;SCH-25;ORKA;NLSCE;Scheveningen;;N;N;N;N;Y;N;;FX;LHP;MIS;;;;;4.75;0.00;1.00;0.00;0.00;44.00;0.00;3;2008-10-03;MFL;;;PA;2001-01-01
NLD;NLD200102623;;RET;2007-01-26;2007-01-26;NLD200102623;GO-47;MAARTEN;NLGDR;Goedereede;;N;N;N;N;Y;N;;FX;GNS;OTB;;;;;10.00;0.00;11.00;0.00;0.00;214.00;0.01;4;2001-03-17;MFL;;;PA;2001-01-01
NLD;NLD200102629;;MOD;2017-09-12;2100-12-31;NLD200102629;UQ-15;CAROLINE-ELISE;NLNPZ;Usquert/Noordpolderzijl;PBEA;Y;Y;Y;Y;N;Y;244670362;TU;TBB;GNS;;;;;19.99;0.00;70.00;0.00;0.00;221.00;120.00;2;2001-10-01;MFL;;;;2001-01-01
NLD;NLD200102630;;MOD;2021-06-02;2100-12-31;NLD200102630;WR-3;NOORDSTER;NLWRG;Wieringen/Den Oever;PBEK;Y;Y;Y;Y;N;Y;246136000;TU;TBB;MIS;;;;;22.05;0.00;75.00;0.00;0.00;221.00;140.00;2;2001-11-23;MFL;;;;2001-01-01
NLD;NLD200102631;;MOD;2017-10-30;2100-12-31;NLD200102631;WR-143;FRANS NAN;NLWRG;Wieringen/Den Oever;PBEE;Y;Y;Y;Y;N;Y;246150000;TU;TBB;MIS;;;;;22.25;0.00;75.00;0.00;0.00;221.00;140.00;2;2001-10-31;MFL;;;;2001-01-01
NLD;NLD200102633;8985141;MOD;2020-01-29;2100-12-31;NLD200102633;SCH-33;TEMPUS FUGIT;NLSCE;Scheveningen;PBFH;Y;Y;Y;Y;N;Y;245331000;MO;TBB;OTB;;;;;23.97;0.00;152.00;0.00;0.00;221.00;336.00;2;2001-11-29;MFL;;;;2001-01-01
NLD;NLD200102637;;RET;2002-12-31;2002-12-31;NLD200102637;VD-64;MARGRETHA;NLVOD;Volendam;PI 4873;Y;Y;N;N;N;N;;FX;NK;MIS;;;;;19.98;0.00;40.00;0.00;0.00;279.00;0.00;2;2002-02-26;4JZ;;;PA;2001-01-01
NLD;NLD200102639;;MOD;2021-10-08;2100-12-31;NLD200102639;TX-27;NOVA CURA;NLTEX;Texel;PBIE;Y;Y;Y;Y;N;Y;244083000;TU;TBB;MIS;;;;;22.74;0.00;82.00;0.00;0.00;221.00;110.00;2;2002-01-01;MFL;;;;2001-01-01
NLD;NLD200102643;;MOD;2024-03-11;2100-12-31;NLD200102643;HK-83;ZUIDERZEE;NLHRD;Harderwijk;PF6233;Y;Y;Y;Y;N;Y;245337000;TU;TBB;OTB;;;;;17.70;0.00;39.00;0.00;0.00;183.00;35.00;2;2002-04-12;MFL;;;;2001-01-01
NLD;NLD200102653;;RET;2013-07-01;2013-07-01;NLD200102653;ZK-26;RIENK ALBERT;NLZOT;Zoutkamp;;N;N;Y;N;N;N;;FX;TBB;OTB;;;;;21.15;0.00;78.00;0.00;0.00;221.00;0.00;2;2002-12-18;MFL;;;PA;2001-01-01
NLD;NLD200102663;8997584;EXP;2025-05-22;2025-05-22;NLD200102663;UK-210;CHRISTINA MARIA;NLURK;Urk;PHEL;Y;N;Y;Y;N;Y;246504000;FX;OTT;MIS;;;;;22.80;0.00;192.00;0.00;0.00;392.00;183.00;2;2006-02-09;MFL;SUR;EX;PA;2001-01-01
NLD;NLD200102679;;RET;2017-05-04;2017-05-04;NLD200102679;WSW-11;LAVRAKIA;NLWSW;Westenschouwen;;N;N;N;N;Y;N;;FX;LHP;MIS;;;;;5.05;0.00;1.00;0.00;0.00;37.00;0.00;3;2006-06-06;MFL;;;PA;2001-01-01
NLD;NLD200102688;;MOD;2012-03-30;2100-12-31;NLD200102688;TH-19;ZEEBAARS;NLTHO;Tholen;;N;Y;N;N;Y;N;;WO;GND;PS;;;;;7.31;0.00;1.00;0.00;0.00;44.00;0.00;2;2003-11-21;MFL;;;;2001-01-01
NLD;NLD200102729;;RET;2015-04-08;2015-04-08;NLD200102729;KG-22;EARLY BIRD;NLKOG;Kortgene;PE5413;Y;N;N;N;Y;N;;FX;LHP;MIS;;;;;9.15;0.00;7.00;0.00;0.00;368.00;0.00;3;2005-06-28;MFL;;;PA;2001-01-01
NLD;NLD200102730;;CHA;2005-07-18;2100-12-31;NLD200102730;MS-3;YVON;NLMDS;Middenschouwen;;N;Y;N;N;Y;N;;FX;GNS;SDN;;;;;8.90;0.00;4.00;0.00;0.00;147.00;0.00;4;2005-07-18;MFL;;;PA;2001-01-01
NLD;NLD200113658;9241229;MOD;2020-04-24;2100-12-31;NLD200113658;SL-45;STELLAR;NLSTD;Stellendam;PBCX;Y;Y;Y;Y;N;Y;244860535;SN;SSC;OTB;;;;;31.67;0.00;340.00;0.00;0.00;500.00;344.00;2;2015-09-15;MFL;;;;2001-01-01
NLD;NLD200171987;;CHA;2018-06-26;2100-12-31;NLD200171987;YE-17;BOEIE;NLYSK;Yerseke;;N;Y;N;N;Y;N;;WO;FPO;MIS;;;;;4.67;0.00;1.00;0.00;0.00;11.00;0.00;3;2018-06-26;MFL;;;;2001-01-01
NLD;NLD200171994;;MOD;2025-03-21;2100-12-31;NLD200171994;WR-52;MAUD;NLWRG;Wieringen/Den Oever;;N;Y;N;N;Y;N;;WO;FPO;LHP;;;;;5.93;0.00;1.00;0.00;0.00;19.00;0.00;2;2018-09-18;MFL;;;;2001-01-01
NLD;NLD200200111;;RET;2011-02-16;2011-02-16;NLD200200111;VLI-3;FINT;NLVLI;Vlissingen;PD7940;Y;N;N;N;Y;N;;FX;LHP;MIS;;;;;6.53;0.00;2.00;0.00;0.00;147.00;0.00;3;2006-07-14;MFL;;;PA;2002-01-01
NLD;NLD200200779;;RET;2024-04-03;2024-04-03;NLD200200779;WR-220;WARRIOR;NLWRG;Wieringen/Den Oever;;N;N;N;N;Y;Y;244670465;LH;LHP;GNS;;;;;9.10;0.00;4.00;0.00;0.00;408.00;0.00;3;2005-07-29;MFL;;;PA;2002-01-01
NLD;NLD200201134;;RET;2020-07-24;2020-07-24;NLD200201134;KG-1;KODIAK;NLKOG;Kortgene;PF5372;Y;N;N;N;Y;N;244140330;LH;LHP;LHM;;;;;7.68;0.00;1.00;0.00;0.00;159.00;0.00;3;2010-02-23;MFL;;;PA;2002-01-01
NLD;NLD200202014;;MOD;2022-03-08;2100-12-31;NLD200202014;WSW-1;CYCLONE;NLWSW;Westenschouwen;PF5803;Y;Y;N;N;Y;Y;244110433;LH;LHP;LHM;;;;;9.15;0.00;4.00;0.00;0.00;264.00;0.00;3;2008-04-22;MFL;;;;2002-01-01
NLD;NLD200202076;;MOD;2024-03-14;2100-12-31;NLD200202076;KL-46;MATTHIJS;NLKLU;Klundert;;N;Y;N;N;Y;N;;WOP;FPO;MIS;;;;;9.67;0.00;2.00;0.00;0.00;66.00;0.00;2;2013-11-25;MFL;;;;2002-01-01
NLD;NLD200202640;9242742;MOD;2017-05-23;2100-12-31;NLD200202640;GO-26;AREND-JAN;NLGDR;Goedereede;PBGF;Y;Y;Y;Y;N;Y;245252000;TU;TBB;MIS;;;;;42.37;0.00;496.00;0.00;0.00;1470.00;812.50;2;2002-04-03;MFL;;;;2002-01-01
NLD;NLD200202641;9249556;EXP;2014-04-10;2014-04-10;NLD200202641;SCH-22;WIRON 5;NLSCE;Scheveningen;PBGV;Y;N;Y;N;N;N;;FX;PTM;MIS;;;;;55.64;0.00;1230.00;0.00;0.00;2125.00;0.00;2;2002-03-28;MFL;GBR;EX;PA;2002-01-01
NLD;NLD200202642;9249568;MOD;2025-03-26;2100-12-31;NLD200202642;SCH-23;WIRON 6;NLSCE;Scheveningen;PDCH;Y;Y;Y;N;N;N;244820666;TTF;OTM;MIS;;;;;55.64;0.00;1230.00;0.00;0.00;2744.00;1260.00;2;2025-03-18;MFL;;;PA;2002-01-01
NLD;NLD200202644;;CHA;2018-01-18;2100-12-31;NLD200202644;SL-31;CATCHFISH;NLSTD;Stellendam;;N;Y;N;N;Y;N;;TU;OTB;FPO;;;;;9.22;0.00;3.00;0.00;0.00;70.00;0.00;2;2002-03-27;MFL;;;;2002-01-01
NLD;NLD200202646;9257943;EXP;2020-12-01;2020-12-01;NLD200202646;GO-9;ONDERNEMING;NLGDR;Goedereede;PBHD;Y;N;Y;Y;N;Y;246250000;FX;TBB;MIS;;;;;41.59;0.00;471.00;0.00;0.00;1470.00;860.00;2;2002-06-17;MFL;GBR;EX;PA;2002-01-01
NLD;NLD200202647;;MOD;2018-07-02;2100-12-31;NLD200202647;ZK-14;EMMA;NLZOT;Zoutkamp;PBGL;Y;Y;Y;Y;N;Y;244090000;TU;TBB;MIS;;;;;23.73;0.00;73.00;0.00;0.00;221.00;55.00;2;2002-09-05;MFL;;;;2002-01-01
NLD;NLD200202649;;MOD;2016-12-08;2100-12-31;NLD200202649;WR-106;CELESTE KARLIJN;NLWRG;Wieringen/Den Oever;PBCU;Y;Y;Y;Y;N;Y;244358000;MO;TBB;OTT;;;;;23.40;0.00;73.00;0.00;0.00;221.00;114.00;2;2002-10-30;MFL;;;;2002-01-01
NLD;NLD200202650;9280249;MOD;2003-01-01;2100-12-31;NLD200202650;YE-161;DINGENIS MARIA;NLYSK;Yerseke;PBHC;Y;Y;N;N;N;N;;FX;DRB;MIS;;;;;40.66;0.00;319.00;0.00;0.00;940.00;626.00;2;2002-09-14;AQU;;;;2002-01-01
NLD;NLD200202651;9255373;DES;2023-06-03;2023-06-03;NLD200202651;GO-38;DE VERTROUWEN;NLGDR;Goedereede;PBIN;Y;N;Y;Y;N;Y;244470000;TU;TBB;MIS;;;;;42.37;0.00;499.00;0.00;0.00;1470.00;812.50;2;2002-11-01;MFL;;;AC;2002-01-01
NLD;NLD200202652;8587420;MOD;2022-03-16;2100-12-31;NLD200202652;ST-25;ELLY MARIJE;NLSTA;Stavoren;PBIL;Y;Y;Y;Y;N;Y;245775000;MO;TBB;FPO;;;;;21.77;0.00;83.00;0.00;0.00;221.00;130.00;2;2002-12-06;MFL;;;;2002-01-01
NLD;NLD200202654;;RET;2014-01-01;2014-01-01;NLD200202654;SCH-144;ONWARD;NLSCE;Scheveningen;;N;N;N;N;Y;N;;FX;LHP;LTL;;;;;4.20;0.00;1.00;0.00;0.00;1.00;0.00;4;2002-11-06;MFL;;;PA;2002-01-01
NLD;NLD200202655;;RET;2014-01-01;2014-01-01;NLD200202655;SCH-33;JOHANNA HELENA;NLSCE;Scheveningen;;N;N;N;N;Y;N;;FX;OTB;LHP;;;;;4.20;0.00;1.00;0.00;0.00;15.00;0.00;4;2003-01-09;MFL;;;PA;2002-01-01
NLD;NLD200202656;;MOD;2017-10-10;2100-12-31;NLD200202656;ZK-13;BEREND CORNELIS;NLZOT;Zoutkamp;PBJB;Y;Y;Y;Y;N;Y;245019000;TU;TBB;MIS;;;;;23.60;0.00;89.00;0.00;0.00;221.00;65.00;2;2002-12-29;MFL;;;;2002-01-01
NLD;NLD200202659;;MOD;2014-04-14;2100-12-31;NLD200202659;YE-67;Wilhelmina;NLYSK;Yerseke;;N;Y;Y;N;N;Y;244090368;WOP;FPO;DRB;;;;;16.47;0.00;28.00;0.00;0.00;59.00;20.00;2;2002-12-31;MFL;;;;2002-01-01
NLD;NLD200202666;;MOD;2021-06-17;2100-12-31;NLD200202666;YE-68;SEA EAGLE;NLYSK;Yerseke;;N;Y;N;N;Y;N;;WOP;FPO;LHP;;;;;7.70;0.00;3.00;0.00;0.00;44.00;0.00;3;2021-06-17;MFL;;;;2002-01-01
NLD;NLD200202677;8464666;CHA;2025-02-06;2100-12-31;NLD200202677;WR-111;BREEHORN;NLWRG;Wieringen/Den Oever;PE9775;Y;Y;Y;Y;N;Y;245894000;MO;TBB;MIS;;;;;18.80;0.00;45.00;0.00;0.00;221.00;85.00;2;2025-02-06;MFL;;;PA;2002-01-01
NLD;NLD200202721;;RET;2015-04-16;2015-04-16;NLD200202721;WSW-2;JAN VAN GENT;NLWSW;Westenschouwen;PE6495;Y;N;N;N;Y;N;;FX;LHP;MIS;;;;;9.58;0.00;8.00;0.00;0.00;234.00;0.00;3;2005-05-27;MFL;;;PA;2002-01-01
NLD;NLD200214043;;RET;2013-06-01;2013-06-01;NLD200214043;OD-21;ROELI;NLGDO;Goedereede-Ouddorp;;N;N;N;N;Y;N;;FX;LHP;MIS;;;;;4.30;0.00;1.00;0.00;0.00;4.00;0.00;2;2005-09-08;MFL;;;PA;2002-01-01
NLD;NLD200272032;;RET;2021-04-13;2021-04-13;NLD200272032;WSW-4;INNOVATION;NLWSW;Westenschouwen;;N;N;N;N;Y;N;;LH;LHP;LHM;;;;;5.05;0.00;1.00;0.00;0.00;55.00;0.00;3;2019-06-07;MFL;;;PA;2002-01-01
NLD;NLD200272181;;CHA;2025-04-23;2100-12-31;NLD200272181;VL-21;SPIGOLA;NLVLA;Vlaardingen;PG4968;Y;Y;N;N;Y;N;244717905;LH;LHP;LHM;;;;;5.23;0.00;1.00;0.00;0.00;65.00;0.00;3;2025-04-23;MFL;;;;2002-01-01
NLD;NLD200301150;;CST;2010-07-06;2100-12-31;NLD200301150;SL-16;ISA;NLSTD;Stellendam;;N;Y;N;N;Y;N;;GO;FPO;GNS;;;;;6.12;0.00;1.00;0.00;0.00;15.00;0.00;2;2010-07-06;MFL;;;;2003-01-01
NLD;NLD200301158;;RET;2018-09-28;2018-09-28;NLD200301158;YE-137;DIEB;NLYSK;Yerseke;;N;N;N;N;Y;N;;FX;LHP;MIS;;;;;4.60;0.00;1.00;0.00;0.00;11.00;0.00;3;2010-10-04;MFL;;;PA;2003-01-01
NLD;NLD200302007;;RET;2014-01-01;2014-01-01;NLD200302007;BR-32;SEA BASS;NLBRS;Breskens;;N;N;N;N;Y;N;;LH;LHP;LHM;;;;;7.24;0.00;1.00;0.00;0.00;205.00;0.00;3;2012-04-20;MFL;;;PA;2003-01-01
NLD;NLD200302657;9264295;DES;2023-05-04;2023-05-04;NLD200302657;HD-30;FORTUNA;NLDHR;Den Helder;PCJZ;Y;N;Y;Y;N;Y;246784000;MO;TBB;OTT;;;;;26.64;0.00;178.00;0.00;0.00;221.00;348.00;2;2003-02-26;MFL;;;AC;2003-01-01
NLD;NLD200302661;8571524;MOD;2021-04-08;2100-12-31;NLD200302661;TX-21;PIETER VAN ARIS;NLTEX;Texel;PBKX;Y;Y;Y;Y;N;Y;244100829;TU;TBB;MIS;;;;;19.96;0.00;69.00;0.00;0.00;221.00;160.00;2;2003-04-04;MFL;;;PA;2003-01-01
NLD;NLD200302662;;MOD;2005-01-01;2100-12-31;NLD200302662;BZ-17;KRABBEGAT;NLBZM;Bergse Diepsluis/Bergen Op Zoom;PD5827;Y;Y;N;Y;N;N;;FX;DRB;MIS;;;;;27.52;0.00;66.00;0.00;0.00;660.00;146.00;2;2003-04-17;AQU;;;;2003-01-01
NLD;NLD200302664;8997572;IMP;2023-03-09;2100-12-31;NLD200302664;WR-74;VANQUISH;NLWRG;Wieringen/Den Oever;PHEM;Y;Y;Y;Y;N;Y;246505000;DM;DRB;DRH;;;;;24.80;0.00;246.00;0.00;0.00;392.00;0.00;2;2006-02-09;MFL;GBR;;PA;2003-01-01
NLD;NLD200302665;;RET;2012-03-15;2012-03-15;NLD200302665;YE-5;JOZIAS;NLYSK;Yerseke;;N;N;N;N;Y;N;;FX;FPO;GNS;;;;;7.76;0.00;1.00;0.00;0.00;44.00;0.00;3;2002-12-30;MFL;;;PA;2002-01-01
NLD;NLD200302676;8531213;EXP;2017-04-12;2017-04-12;NLD200302676;HD-42;GRIETJE CORNELIA;NLDHR;Den Helder;PBKG;Y;N;Y;N;N;N;;FX;TBB;OTB;;;;;23.95;0.00;94.00;0.00;0.00;221.00;140.00;2;2003-05-15;MFL;DEU;EX;PA;2003-01-01
NLD;NLD200302679;;MOD;2017-11-27;2100-12-31;NLD200302679;WR-22;JACQUELINE;NLWRG;Wieringen/Den Oever;PBIS;Y;Y;Y;Y;N;Y;244620000;MO;TBB;MIS;;;;;22.15;0.00;77.00;0.00;0.00;221.00;70.00;2;2003-07-10;MFL;;;;2003-01-01
NLD;NLD200302680;9255385;MOD;2018-02-21;2100-12-31;NLD200302680;GO-5;ORA ET LABORA;NLGDR;Goedereede;PBKQ;Y;Y;Y;Y;N;Y;244669000;MO;TBB;MIS;;;;;42.37;0.00;499.00;0.00;0.00;1471.00;708.00;2;2003-07-16;MFL;;;;2003-01-01
NLD;NLD200302683;9095163;MOD;2005-01-01;2100-12-31;NLD200302683;YE-84;ISABEL;NLYSK;Yerseke;PI9926;Y;Y;N;N;N;N;;FX;DRB;MIS;;;;;31.38;0.00;175.00;0.00;0.00;224.00;157.00;2;2003-08-28;AQU;;;;2003-01-01
NLD;NLD200302686;9282003;EXP;2021-12-21;2021-12-21;NLD200302686;TH-7;ADRIANA MARIA;NLTHO;Tholen;PBKP;Y;N;Y;Y;N;Y;244062000;MO;OTT;TBB;;;;;23.97;0.00;152.00;0.00;0.00;221.00;331.00;2;2021-12-03;MFL;GBR;EX;PA;2003-01-01
NLD;NLD200302687;8431401;MOD;2016-09-02;2100-12-31;NLD200302687;TX-42;RES NOVA;NLTEX;Texel;PDVE;Y;Y;Y;Y;N;Y;246226000;TU;TBB;OTB;;;;;19.99;0.00;67.00;0.00;0.00;188.00;111.00;2;2003-08-15;MFL;;;;2003-01-01
NLD;NLD200302691;9302217;MOD;2025-04-16;2100-12-31;NLD200302691;ARM-20;GEERTRUID ADRIANA;NLARM;Arnemuiden;PBLR;Y;Y;Y;Y;N;Y;245473000;TU;TBB;OTB;;;;;42.37;0.00;499.00;0.00;0.00;1103.00;916.00;2;2003-12-08;MFL;;;;2003-01-01
NLD;NLD200302694;8985165;MOD;2019-05-10;2100-12-31;NLD200302694;UK-64;MATTANJA;NLURK;Urk;PBKE;Y;Y;Y;Y;N;Y;245265000;FX;TBB;MIS;;;;;39.67;0.00;418.00;0.00;0.00;1470.00;641.00;2;2004-01-12;MFL;;;;2003-01-01
NLD;NLD200302695;9295816;MOD;2015-02-16;2100-12-31;NLD200302695;TX-19;ELISABETH CHRISTINA;NLTEX;Texel;PDXY;Y;Y;Y;Y;N;Y;244427000;TU;TBB;MIS;;;;;42.58;0.00;503.00;0.00;0.00;1471.00;700.00;2;2004-02-06;MFL;;;;2003-01-01
NLD;NLD200302700;;RET;2009-07-24;2009-07-24;NLD200302700;BR-4;CORNELIA JOHANNA;NLBRS;Breskens;;N;N;N;N;Y;N;;FX;GND;GNS;;;;;7.55;0.00;2.00;0.00;0.00;22.00;0.00;2;2004-09-10;MFL;;;PA;2003-01-01
NLD;NLD200302710;;MOD;2018-10-21;2100-12-31;NLD200302710;BRU-37;SAM;NLBSE;Bruinisse;;N;Y;N;N;Y;N;;WOP;FPO;PS;;;;;6.35;0.00;1.00;0.00;0.00;44.00;0.00;4;2005-03-24;MFL;;;;2003-01-01
NLD;NLD200302720;;MOD;2025-05-27;2100-12-31;NLD200302720;KG-20;PEGASUS;NLKOG;Kortgene;PG9884;Y;Y;N;N;Y;N;;LH;LHP;FPO;;;;;9.65;0.00;9.00;0.00;0.00;376.00;0.00;3;2005-05-27;MFL;;;PA;2003-01-01
NLD;NLD200400112;;EXP;2017-07-30;2017-07-30;NLD200400112;WR-52;ASTRID CORNELIS;NLWRG;Wieringen/Den Oever;MMSI;Y;N;N;N;Y;N;;FX;GNS;LHM;;;;;9.99;0.00;7.00;0.00;0.00;324.00;0.00;3;2006-07-21;MFL;IRL;EX;PA;2004-01-01
NLD;NLD200400780;;RET;2009-01-12;2009-01-12;NLD200400780;BRU-22;FLIPPER;NLBSE;Bruinisse;PG5225;Y;N;N;N;Y;N;244110704;LH;LHP;GNS;;;;;5.40;0.00;1.00;0.00;0.00;73.60;0.00;3;2005-08-02;MFL;;;PA;2004-01-01
NLD;NLD200401140;;RET;2011-02-26;2011-02-26;NLD200401140;WSW-4;INNOVATION;NLWSW;Westenschouwen;PC5598;Y;N;N;N;Y;N;;FX;LHP;MIS;;;;;6.50;0.00;2.00;0.00;0.00;96.00;0.00;;2010-05-04;MFL;;;PA;2004-01-01
NLD;NLD200401141;;RET;2016-02-01;2016-02-01;NLD200401141;SCH-3;RENZO;NLSCE;Scheveningen;PH7089;Y;N;N;Y;Y;Y;244670929;GO;GNS;LHP;;;;;9.99;0.00;6.00;0.00;0.00;199.00;0.00;3;2010-05-04;MFL;;;PA;2004-01-01
NLD;NLD200401177;;CHA;2011-03-18;2100-12-31;NLD200401177;VD-128;JOHANNA PAULINA;NLVOD;Volendam;;N;Y;N;N;Y;N;;LH;LHP;OTB;;;;;4.85;0.00;1.00;0.00;0.00;30.00;0.00;3;2011-03-18;MFL;;;;2004-01-01
NLD;NLD200401988;;RET;2020-09-23;2020-09-23;NLD200401988;BR-65;NINKI;NLBRS;Breskens;;N;N;N;N;Y;N;;LH;LHP;MIS;;;;;7.00;0.00;2.00;0.00;0.00;139.00;0.00;3;2007-02-23;MFL;;;PA;2004-01-01
NLD;NLD200402006;;RET;2025-01-17;2025-01-17;NLD200402006;TH-22;OP HOOP VAN ZEGEN;NLTHO;Tholen;;N;N;N;N;N;N;;GO;LHP;GNS;;;;;2.91;0.00;1.00;0.00;0.00;6.00;0.00;4;2007-12-21;MFL;;;PA;2004-01-01
NLD;NLD200402030;;CHA;2012-10-09;2100-12-31;NLD200402030;VL-5;ZOMERZALM;NLVLA;Vlaardingen;;N;Y;N;N;Y;N;;FX;FPO;GNS;;;;;10.08;0.00;3.00;0.00;0.00;55.00;14.70;2;2012-10-09;MFL;;;;2004-01-01
NLD;NLD200402070;;RET;2019-04-19;2019-04-19;NLD200402070;BR-99;ESSEF;NLBRS;Breskens;;N;N;N;N;Y;N;;FX;LHP;LHM;;;;;10.95;0.00;5.00;0.00;0.00;353.00;0.00;3;2013-11-04;MFL;;;PA;2004-01-01
NLD;NLD200402697;;RET;2006-06-12;2006-06-12;NLD200402697;HD-63;R.H. VAN SCHIJNDEL;NLDHR;Den Helder;;N;N;N;N;N;N;;FX;TBB;OTB;;;;;23.99;0.00;161.00;0.00;0.00;221.00;348.00;2;2004-06-18;MFL;;;PA;2004-01-01
NLD;NLD200402698;9284166;DES;2023-07-26;2023-07-26;NLD200402698;KW-36;MARGRIET;NLKWK;Katwijk;PBHR;Y;N;Y;Y;N;Y;244030996;MO;TBB;MIS;;;;;40.72;0.00;441.00;0.00;0.00;1470.00;514.00;2;2004-06-20;MFL;;;AC;2004-01-01
NLD;NLD200402699;;MOD;2025-07-21;2100-12-31;NLD200402699;TX-98;FENNA PIETERNELLA;NLTEX;Texel;PG4457;Y;Y;Y;Y;N;Y;244434000;LH;DRH;PS;;;;;17.72;0.00;27.00;0.00;0.00;130.00;18.00;4;2004-07-30;MFL;;;;2004-01-01
NLD;NLD200402701;;MOD;2005-01-01;2100-12-31;NLD200402701;TH-17;SCALDIS;NLTHO;Tholen;;N;Y;N;N;Y;Y;244780017;SP;PS;FPO;;;;;9.99;0.00;1.00;0.00;0.00;27.00;0.00;2;2004-09-17;MFL;;;;2004-01-01
NLD;NLD200402702;9316438;MOD;2025-04-04;2100-12-31;NLD200402702;UK-14;NEELTJE;NLURK;Urk;PHBW;Y;Y;Y;Y;N;Y;246225000;TU;TBB;MIS;;;;;41.05;0.00;484.00;0.00;0.00;1470.00;681.00;2;2025-04-04;MFL;;;;2004-01-01
NLD;NLD200402703;;MOD;2015-10-20;2100-12-31;NLD200402703;BRU-49;PIETER WILLEM;NLBSE;Bruinisse;PF9955;Y;Y;N;N;N;N;;FX;DRB;MIS;;;;;24.94;0.00;72.00;0.00;0.00;190.00;106.00;2;2004-11-26;AQU;;;;2004-01-01
NLD;NLD200402709;;MOD;2024-12-13;2100-12-31;NLD200402709;TH-3;HARDER;NLTHO;Tholen;;N;Y;N;N;Y;N;;GO;GNS;FPO;;;;;6.30;0.00;1.00;0.00;0.00;11.00;0.00;3;2005-03-23;MFL;;;;2004-01-01
NLD;NLD200402711;;RET;2009-05-20;2009-05-20;NLD200402711;TS-32;MERLIJN;NLWTE;West-Terschelling;;N;N;N;N;Y;N;;FX;GNS;MIS;;;;;7.00;0.00;2.00;0.00;0.00;22.00;0.00;4;2005-04-08;MFL;;;PA;2004-01-01
NLD;NLD200402712;;MOD;2019-05-07;2100-12-31;NLD200402712;IJM-14;ADRIANA;NLIJM;Ijmuiden/Velsen;;N;Y;N;N;Y;Y;244870638;GO;GNS;OTB;;;;;7.90;0.00;2.00;0.00;0.00;55.00;0.00;3;2005-04-15;MFL;;;;2004-01-01
NLD;NLD200402718;;RET;2012-03-14;2012-03-14;NLD200402718;BRU-88;SARA MARIA;NLBSE;Bruinisse;;N;N;N;N;Y;Y;244250166;LH;FPO;LHP;;;;;5.35;0.00;1.00;0.00;0.00;55.00;0.00;3;2005-05-12;MFL;;;PA;2004-01-01
NLD;NLD200413613;;RET;2021-11-09;2021-11-09;NLD200413613;HK-84;VISCHPOORT;NLHRD;Harderwijk;;N;N;N;N;Y;N;;TU;TBB;GNS;;;;;10.17;0.00;2.00;0.00;0.00;98.00;0.00;4;2014-03-25;MFL;;;PA;2004-01-01
NLD;NLD200414047;;RET;2007-04-13;2007-04-13;NLD200414047;KG-25;ZEEHOND;NLKOG;Kortgene;PH3596;Y;N;N;N;Y;N;;FX;LHP;TBB;;;;;7.35;0.00;2.00;0.00;0.00;162.00;0.00;3;2005-09-30;MFL;;;PA;2004-01-01
NLD;NLD200472005;;CHA;2018-10-20;2100-12-31;NLD200472005;HD-7;ZEEBEER 2;NLDHR;Den Helder;;N;Y;N;N;Y;N;;GO;GNS;FPO;;;;;7.03;0.00;1.00;0.00;0.00;74.00;0.00;3;2018-10-20;MFL;;;;2004-01-01
NLD;NLD200472183;;CHA;2025-04-29;2100-12-31;NLD200472183;SL-53;BIG USER;NLSTD;Stellendam;;N;Y;N;N;Y;N;;LH;LHP;LHM;;;;;7.28;0.00;2.00;0.00;0.00;165.00;0.00;3;2025-04-29;MFL;;;PA;2004-01-01
NLD;NLD200500117;;MOD;2009-10-22;2100-12-31;NLD200500117;GO-16;SPROT;NLGDR;Goedereede;;N;Y;N;N;Y;N;;LH;LHP;MIS;;;;;4.02;0.00;1.00;0.00;0.00;4.40;0.00;2;2006-09-28;MFL;;;;2005-01-01
NLD;NLD200502013;;RET;2017-02-13;2017-02-13;NLD200502013;UK-208;ALBATROS;NLURK;Urk;;N;N;N;N;Y;N;;FX;GNS;OTB;;;;;9.95;0.00;10.00;0.00;0.00;243.00;0.00;3;2008-04-10;MFL;;;PA;2005-01-01
NLD;NLD200502042;;CHA;2013-01-30;2100-12-31;NLD200502042;BR-72;GANNET;NLBRS;Breskens;;N;Y;N;N;Y;N;;FX;LHP;LHM;;;;;9.85;0.00;5.00;0.00;0.00;328.00;0.00;3;2013-01-30;MFL;;;;2005-01-01
NLD;NLD200502044;;MOD;2016-06-10;2100-12-31;NLD200502044;BR-73;RAYCOR;NLBRS;Breskens;;N;Y;N;N;Y;Y;244750723;LH;LHP;LHM;;;;;11.78;0.00;6.00;0.00;0.00;606.00;0.00;3;2013-02-05;MFL;;;;2005-01-01
NLD;NLD200502670;;MOD;2021-10-20;2100-12-31;NLD200502670;TH-9;COBINA;NLTHO;Tholen;PH4658;Y;Y;Y;Y;N;Y;244660709;DB;DRH;MIS;;;;;21.92;0.00;46.00;0.00;0.00;201.00;30.00;2;2006-03-24;MFL;;;;2005-01-01
NLD;NLD200502708;;MOD;2021-11-24;2100-12-31;NLD200502708;ZZ-19;NEHALENNIA;NLZIE;Zierikzee;PG3399;Y;Y;Y;N;N;Y;244850098;DB;DRB;MIS;;;;;14.92;0.00;23.00;0.00;0.00;100.00;24.00;4;2005-03-18;MFL;;;;2005-01-01
NLD;NLD200502713;;RET;2008-02-25;2008-02-25;NLD200502713;KG-5;PRO-FISH;NLKOG;Kortgene;;N;N;N;N;Y;N;;FX;LHP;GNS;;;;;6.53;0.00;2.00;0.00;0.00;147.00;0.00;3;2005-04-15;MFL;;;PA;2005-01-01
NLD;NLD200502722;;RET;2011-02-28;2011-02-28;NLD200502722;BR-12;NAUTILUS;NLBRS;Breskens;;N;N;N;N;Y;N;;FX;LHP;MIS;;;;;6.53;0.00;2.00;0.00;0.00;155.00;0.00;3;2005-05-30;MFL;;;PA;2005-01-01
NLD;NLD200502726;9377157;MOD;2019-01-01;2100-12-31;NLD200502726;YE-29;JACOBA PRINS;NLYSK;Yerseke;PH4078;Y;Y;N;N;N;N;;FX;DRB;DRM;;;;;29.10;0.00;130.00;0.00;0.00;320.00;492.00;2;2005-06-14;AQU;;;PA;2005-01-01
NLD;NLD200513640;;MOD;2022-08-05;2100-12-31;NLD200513640;YE-80;STORMVOGEL;NLYSK;Yerseke;;N;Y;N;N;Y;N;;LH;LHP;FPO;;;;;7.37;0.00;2.00;0.00;0.00;147.00;0.00;3;2014-12-16;MFL;;;;2005-01-01
NLD;NLD200514046;;RET;2007-07-02;2007-07-02;NLD200514046;SL-51;DOLFIJN II;NLSTD;Stellendam;PE4333;Y;N;N;N;Y;N;;FX;LHP;OTB;;;;;11.70;0.00;5.00;0.00;0.00;180.00;0.00;3;2005-09-30;MFL;;;PA;2005-01-01
NLD;NLD200572079;;CHA;2021-06-25;2100-12-31;NLD200572079;SCH-11;WILLEM;NLSCE;Scheveningen;;N;Y;N;N;Y;N;;GO;GNS;MIS;;;;;5.10;0.00;1.00;0.00;0.00;37.00;0.00;3;2021-06-25;MFL;;;;2005-01-01
NLD;NLD200601123;;RET;2013-11-04;2013-11-04;NLD200601123;BR-15;BRISE L'ÂME;NLBRS;Breskens;;N;N;N;N;Y;N;;FX;LHP;LHM;;;;;9.96;0.00;5.00;0.00;0.00;378.00;0.00;3;2009-10-02;MFL;;;PA;2006-01-01
NLD;NLD200601144;;RET;2023-06-02;2023-06-02;NLD200601144;BR-300;JENS;NLBRS;Breskens;PG9799;Y;N;N;N;Y;Y;244573154;LH;LHP;MIS;;;;;9.10;0.00;4.00;0.00;0.00;382.00;0.00;3;2010-06-22;MFL;;;PA;2006-01-01
NLD;NLD200601149;;RET;2013-07-01;2013-07-01;NLD200601149;UK-293;MARILYN;NLURK;Urk;;N;N;N;N;N;N;;FX;GNS;GTN;;;;;12.25;0.00;12.00;0.00;0.00;154.00;0.00;3;2010-07-12;MFL;;;PA;2006-01-01
NLD;NLD200601155;;CHA;2019-10-22;2100-12-31;NLD200601155;TH-15;WUTA;NLTHO;Tholen;;N;Y;N;N;Y;N;;GO;GNS;GND;;;;;9.66;0.00;4.00;0.00;0.00;75.00;0.00;2;2019-10-22;MFL;;;;2006-01-01
NLD;NLD200601985;9405590;MOD;2017-05-23;2100-12-31;NLD200601985;UK-112;WILHELMINA;NLURK;Urk;PHHF;Y;Y;Y;Y;N;Y;246557000;MTG;SSC;OTT;;;;;28.30;0.00;296.00;0.00;0.00;500.00;336.00;2;2006-12-12;MFL;;;;2006-01-01
NLD;NLD200601989;;MOD;2016-02-01;2100-12-31;NLD200601989;IJM-32;NW-TIEN;NLIJM;Ijmuiden/Velsen;;N;Y;N;N;Y;N;;FX;GNS;MIS;;;;;6.95;0.00;2.00;0.00;0.00;44.00;0.00;3;2007-03-09;MFL;;;;2006-01-01
NLD;NLD200601999;;MOD;2012-03-27;2100-12-31;NLD200601999;YE-163;TODO NADA;NLYSK;Yerseke;;N;Y;N;N;Y;N;;WO;FPO;MIS;;;;;7.94;0.00;2.00;0.00;0.00;85.00;10.00;1;2007-08-20;MFL;;;;2006-01-01
NLD;NLD200602002;8593144;MOD;2019-09-04;2100-12-31;NLD200602002;HA-13;NIJSSIEN;NLHAR;Harlingen;PHLF;Y;Y;Y;Y;N;Y;244586000;TU;TBB;MIS;;;;;21.98;0.00;75.00;0.00;0.00;221.00;152.00;2;2007-09-20;MFL;;;;2006-01-01
NLD;NLD200602021;;RET;2013-11-12;2013-11-12;NLD200602021;IJM-20;COUNTDOWN;NLIJM;Ijmuiden/Velsen;PG8198;Y;N;N;N;Y;N;;FX;LHP;LHM;;;;;11.94;0.00;16.00;0.00;0.00;534.00;0.00;3;2012-06-08;MFL;;;PA;2006-01-01
NLD;NLD200602026;;RET;2025-06-11;2025-06-11;NLD200602026;SCH-616;PERSEVERNCE 2;NLSCE;Scheveningen;;N;N;N;N;Y;Y;244700711;LH;LHP;FPO;;;;;10.80;0.00;14.00;0.00;0.00;432.00;0.00;3;2012-08-15;MFL;;;PA;2006-01-01
NLD;NLD200602662;9368663;MOD;2017-05-23;2100-12-31;NLD200602662;GO-22;JAN-CORNELIS;NLGDR;Goedereede;PHAG;Y;Y;Y;Y;N;Y;246214000;TU;TBB;MIS;;;;;41.05;0.00;484.00;0.00;0.00;1471.00;833.00;2;2006-01-10;MFL;;;;2006-01-01
NLD;NLD200602669;9370496;MOD;2019-02-01;2100-12-31;NLD200602669;KW-145;CATHARINA;NLKWK;Katwijk;PHEZ;Y;Y;Y;Y;N;Y;246464000;TU;TBB;MIS;;;;;41.25;0.00;491.00;0.00;0.00;1470.00;827.00;2;2006-03-22;MFL;;;;2006-01-01
NLD;NLD200613641;;MOD;2020-12-09;2100-12-31;NLD200613641;BR-17;WHITE PEARL;NLBRS;Breskens;PB9910;Y;Y;N;N;Y;Y;244710025;LH;LHP;MIS;;;;;5.77;0.00;1.00;0.00;0.00;103.00;0.00;3;2014-12-10;MFL;;;;2006-01-01
NLD;NLD200672125;;CHA;2023-03-06;2100-12-31;NLD200672125;TX-41;TWO SONS;NLTEX;Texel;PD9756;Y;Y;N;N;Y;N;;LH;LHP;FPO;;;;;7.49;0.00;2.00;0.00;0.00;120.00;0.00;3;2023-03-06;MFL;;;;2006-01-01
NLD;NLD200701116;;RET;2019-04-19;2019-04-19;NLD200701116;BR-4;BLACK & WHITE;NLBRS;Breskens;;N;N;N;N;Y;N;;FX;LHP;MIS;;;;;7.80;0.00;1.00;0.00;0.00;180.00;0.00;4;2009-07-24;MFL;;;PA;2007-01-01
NLD;NLD200701164;;RET;2014-06-18;2014-06-18;NLD200701164;BR-25;LEONIE;NLBRS;Breskens;;N;N;N;N;Y;N;;FX;LHP;LHM;;;;;6.70;0.00;1.00;0.00;0.00;111.00;0.00;3;2011-01-01;MFL;;;PA;2007-01-01
NLD;NLD200701168;;MOD;2020-01-21;2100-12-31;NLD200701168;HD-54;EVERLASTING;NLDHR;Den Helder;PH2440;Y;Y;N;N;Y;N;;FX;GNS;OTB;;;;;9.01;0.00;3.00;0.00;0.00;60.00;0.00;3;2011-01-01;MFL;;;;2007-01-01
NLD;NLD200701169;;CHA;2020-04-17;2100-12-31;NLD200701169;KL-2;BERTHA-CORNELIS;NLKLU;Klundert;PG9978;Y;Y;N;N;Y;Y;244017024;LH;LHP;LLS;;;;;5.65;0.00;1.00;0.00;0.00;60.00;0.00;3;2020-04-17;MFL;;;;2007-01-01
NLD;NLD200701196;;MOD;2018-01-26;2100-12-31;NLD200701196;TX-48;SOLEA;NLTEX;Texel;;N;Y;N;N;Y;N;;LH;LHP;TBB;;;;;7.63;0.00;1.00;0.00;0.00;219.00;0.00;3;2011-08-16;MFL;;;;2007-01-01
NLD;NLD200701990;;MOD;2020-07-06;2100-12-31;NLD200701990;VLI-9;ROMINO;NLVLI;Vlissingen;;N;Y;N;N;Y;N;;FX;LHP;OTB;;;;;8.50;0.00;4.00;0.00;0.00;190.00;0.00;3;2007-05-08;MFL;;;;2007-01-01
NLD;NLD200701992;;RET;2010-05-04;2010-05-04;NLD200701992;SCH-3;ROPE;NLSCE;Scheveningen;PE8063;Y;N;N;N;Y;N;;FX;GNS;LHP;;;;;5.46;0.00;1.00;0.00;0.00;74.00;0.00;3;2007-06-27;MFL;;;PA;2007-01-01
NLD;NLD200701993;9454345;MOD;2019-07-23;2100-12-31;NLD200701993;ZZ-10;DE VIER GEBROEDERS;NLZIE;Zierikzee;PD6475;Y;Y;N;N;N;N;;DB;DRB;DRM;;;;;42.68;0.00;348.00;0.00;0.00;896.00;542.00;2;2007-07-05;AQU;;;;2007-01-01
NLD;NLD200701994;;MOD;2017-05-24;2100-12-31;NLD200701994;KG-7;FLYING DUTCHMAN;NLKOG;Kortgene;;N;Y;N;N;Y;N;;LH;LHP;MIS;;;;;6.65;0.00;1.00;0.00;0.00;110.00;0.00;4;2007-08-03;MFL;;;;2007-01-01
NLD;NLD200701996;;RET;2012-02-28;2012-02-28;NLD200701996;BR-2;BAR DE LIGNE;NLBRS;Breskens;;N;N;N;N;Y;N;;FX;LHP;MIS;;;;;7.70;0.00;3.00;0.00;0.00;233.00;0.00;3;2007-08-06;MFL;;;PA;2007-01-01
NLD;NLD200702005;;RET;2018-06-04;2018-06-04;NLD200702005;GO-36;JANEL;NLGDR;Goedereede;PD8693;Y;N;Y;N;N;N;;FX;GNS;MIS;;;;;12.96;0.00;25.00;0.00;0.00;529.00;44.00;2;2007-11-07;MFL;;;PA;2007-01-01
NLD;NLD200702007;8543369;MOD;2025-06-27;2100-12-31;NLD200702007;UK-175;CHRISTIAN KLAAS;NLURK;Urk;PHML;Y;Y;Y;Y;N;Y;245053000;MO;OTB;TBB;;;;;23.98;0.00;137.00;0.00;0.00;221.00;0.00;2;2008-02-15;MFL;;;PA;2007-01-01
NLD;NLD200702016;;RET;2011-04-14;2011-04-14;NLD200702016;KG-11;BAS;NLKOG;Kortgene;;N;N;N;N;Y;N;;FX;LHP;MIS;;;;;6.10;0.00;1.00;0.00;0.00;74.00;0.00;3;2008-04-28;MFL;;;PA;2007-01-01
NLD;NLD200702071;;RET;2016-07-25;2016-07-25;NLD200702071;IJM-20;COUNTDOWN JR;NLIJM;Ijmuiden/Velsen;PG8198;Y;N;N;N;Y;N;;LH;LHP;LHM;;;;;6.51;0.00;1.00;0.00;0.00;147.00;0.00;3;2013-11-12;MFL;;;PA;2007-01-01
NLD;NLD200713679;;MOD;2018-11-28;2100-12-31;NLD200713679;VL-10;PARIS;NLVLA;Vlaardingen;;N;Y;N;N;Y;N;;LH;LHP;LHM;;;;;7.24;0.00;1.00;0.00;0.00;166.00;0.00;3;2016-03-21;MFL;;;;2007-01-01
NLD;NLD200745177;;CHA;2016-08-12;2100-12-31;NLD200745177;OD-8;EVI;NLGDO;Goedereede-Ouddorp;;N;Y;N;N;Y;N;;MSN;OTB;LHP;;;;;4.37;0.00;1.00;0.00;0.00;15.00;0.00;2;2016-08-12;MFL;;;;2007-01-01
NLD;NLD200771995;;CHA;2018-09-21;2100-12-31;NLD200771995;IJM-10;AIMY;NLIJM;Ijmuiden/Velsen;;N;Y;N;N;Y;N;;LH;LHP;FPO;;;;;5.55;0.00;1.00;0.00;0.00;85.00;0.00;4;2018-09-21;MFL;;;PA;2007-01-01
NLD;NLD200772028;;CHA;2019-05-13;2100-12-31;NLD200772028;BRU-47;SIM;NLBSE;Bruinisse;;N;Y;N;N;Y;N;;WOP;FPO;MIS;;;;;5.28;0.00;1.00;0.00;0.00;29.00;0.00;2;2019-05-13;MFL;;;;2007-01-01
NLD;NLD200772130;;RET;2025-04-02;2025-04-02;NLD200772130;BR-66;EAULALA;NLBRS;Breskens;;N;N;N;N;N;N;;LH;LHP;OTB;;;;;9.81;0.00;5.00;0.00;0.00;382.00;0.00;3;2023-06-02;MFL;;;PA;2007-01-01
NLD;NLD200801096;;EXP;2018-07-31;2018-07-31;NLD200801096;ZK-2;PORTUNUS;NLZOT;Zoutkamp;PBQD;Y;N;Y;N;N;N;;FX;TBB;OTT;;;;;20.96;0.00;82.00;0.00;0.00;221.00;63.00;2;2009-01-23;MFL;DEU;EX;PA;2008-01-01
NLD;NLD200801098;;EXP;2022-09-05;2022-09-05;NLD200801098;ARM-25;DEO-VOLENTE;NLARM;Arnemuiden;PD4127;Y;N;N;N;Y;N;;FX;GTN;TBB;;;;;11.88;0.00;13.00;0.00;0.00;206.00;35.00;2;2009-02-06;MFL;DEU;EX;PA;2008-01-01
NLD;NLD200801119;;MOD;2010-09-08;2100-12-31;NLD200801119;BRU-85;CORINE;NLBSE;Bruinisse;;N;Y;N;N;Y;N;;FX;DRB;MIS;;;;;11.07;0.00;2.00;0.00;0.00;48.00;0.00;2;2009-09-08;AQU;;;;2008-01-01
NLD;NLD200801122;;CHA;2016-09-20;2100-12-31;NLD200801122;BR-12;MALIBU;NLBRS;Breskens;PDEF;Y;Y;N;N;Y;Y;244060590;LH;LHP;OTB;;;;;9.81;0.00;5.00;0.00;0.00;382.00;0.00;3;2009-10-02;MFL;;;;2008-01-01
NLD;NLD200801126;;MOD;2017-12-11;2100-12-31;NLD200801126;YE-75;FINN;NLYSK;Yerseke;;N;Y;N;N;Y;N;;GO;GNS;MIS;;;;;10.00;0.00;6.00;0.00;0.00;110.00;0.00;2;2009-11-05;MFL;;;;2008-01-01
NLD;NLD200801181;;MOD;2020-01-21;2100-12-31;NLD200801181;VLI-2;TURBO;NLVLI;Vlissingen;;N;Y;N;N;Y;Y;246708000;LH;LHP;MIS;;;;;7.80;0.00;2.00;0.00;0.00;268.00;0.00;3;2011-04-14;MFL;;;;2008-01-01
NLD;NLD200802008;;RET;2025-04-29;2025-04-29;NLD200802008;BR-16;SANDRA;NLBRS;Breskens;;N;N;N;N;N;Y;244620276;LH;LHP;LHM;;;;;7.33;0.00;1.00;0.00;0.00;166.00;0.00;3;2012-04-23;MFL;;;PA;2008-01-01
NLD;NLD200802009;;RET;2025-07-28;2025-07-28;NLD200802009;BRU-88;SARA MARIA;NLBSE;Bruinisse;PH7344;Y;N;N;N;Y;N;;LH;LHP;FPO;;;;;7.20;0.00;1.00;0.00;0.00;147.00;0.00;3;2008-02-25;MFL;;;PA;2008-01-01
NLD;NLD200802012;;RET;2018-10-12;2018-10-12;NLD200802012;BR-70;SEALINE;NLBRS;Breskens;PB7982;Y;N;N;N;Y;N;;FX;LHP;MIS;;;;;8.15;0.00;2.00;0.00;0.00;221.00;0.00;3;2008-04-02;MFL;;;PA;2008-01-01
NLD;NLD200802037;;RET;2013-02-05;2013-02-05;NLD200802037;BR-73;GOODLUC;NLBRS;Breskens;;N;N;N;N;Y;N;;FX;LHP;LHM;;;;;6.30;0.00;1.00;0.00;0.00;85.00;0.00;3;2012-12-14;MFL;;;PA;2008-01-01
NLD;NLD200802041;;MOD;2024-01-24;2100-12-31;NLD200802041;SCH-161;ZEEMEEUW;NLSCE;Scheveningen;;N;Y;N;N;Y;N;;GO;GNS;LHM;;;;;5.97;0.00;1.00;0.00;0.00;120.00;0.00;3;2024-01-24;MFL;;;;2008-01-01
NLD;NLD200802047;;MOD;2018-03-15;2100-12-31;NLD200802047;WSW-5;TWISTER;NLWSW;Westenschouwen;PD7217;Y;Y;N;N;Y;Y;244050253;LH;LHP;LLS;;;;;8.15;0.00;2.00;0.00;0.00;221.00;0.00;3;2008-08-14;MFL;;;;2008-01-01
NLD;NLD200802048;;CHA;2013-02-28;2100-12-31;NLD200802048;ARM-2;ZEEAREND;NLARM;Arnemuiden;;N;Y;N;Y;Y;Y;244750106;LH;LHP;LHM;;;;;7.64;0.00;1.00;0.00;0.00;232.00;0.00;3;2013-02-28;MFL;;;;2008-01-01
NLD;NLD200802049;;RET;2020-12-17;2020-12-17;NLD200802049;TX-18;ZWALUW;NLTEX;Texel;;N;N;N;N;Y;N;;SP;PS;MIS;;;;;8.08;0.00;1.00;0.00;0.00;29.00;0.00;2;2008-09-25;MFL;;;PA;2008-01-01
NLD;NLD200813612;;RET;2019-06-27;2019-06-27;NLD200813612;BRU-16;TYPHOON;NLBSE;Bruinisse;;N;N;N;N;Y;N;;FX;LHP;FPO;;;;;7.81;0.00;1.00;0.00;0.00;177.00;0.00;3;2014-03-20;MFL;;;PA;2008-01-01
NLD;NLD200813638;;CHA;2015-01-13;2100-12-31;NLD200813638;BZ-6;DE NIM;NLBZM;Bergse Diepsluis/Bergen Op Zoom;;N;Y;N;N;Y;N;;FX;FPO;MIS;;;;;8.61;0.00;2.00;0.00;0.00;40.00;0.00;4;2015-01-13;MFL;;;;2008-01-01
NLD;NLD200813647;;MOD;2020-06-18;2100-12-31;NLD200813647;SL-8;HENNIE;NLSTD;Stellendam;PC3353;Y;Y;N;N;Y;Y;244260247;LH;LHP;FPO;;;;;5.81;0.00;1.00;0.00;0.00;103.00;0.00;3;2015-04-16;MFL;;;;2008-01-01
NLD;NLD200813654;;RET;2019-04-19;2019-04-19;NLD200813654;BR-98;DRENNECK;NLBRS;Breskens;;N;N;N;N;Y;N;;FX;LHP;FPO;;;;;6.33;0.00;1.00;0.00;0.00;74.00;0.00;3;2015-07-17;MFL;;;PA;2008-01-01
NLD;NLD200872103;;RET;2023-07-17;2023-07-17;NLD200872103;SL-77;KERMIT;NLSTD;Stellendam;;N;N;N;N;Y;N;;GO;GNS;LHP;;;;;5.15;0.00;1.00;0.00;0.00;30.00;0.00;3;2022-06-01;MFL;;;PA;2008-01-01
NLD;NLD200901100;;RET;2020-05-11;2020-05-11;NLD200901100;HK-78;HEIDI;NLHRD;Harderwijk;;N;N;Y;Y;N;Y;244820740;TU;TBB;FPO;;;;;16.92;0.00;34.00;0.00;0.00;221.00;0.00;2;2009-03-06;MFL;;;PA;2009-01-01
NLD;NLD200901108;;RET;2019-11-21;2019-11-21;NLD200901108;SL-55;'T VOSKE;NLSTD;Stellendam;;N;N;N;N;Y;Y;;LH;LHP;OTM;;;;;8.03;0.00;1.00;0.00;0.00;194.00;0.00;3;2009-06-12;MFL;;;PA;2009-01-01
NLD;NLD200901127;;MOD;2018-05-22;2100-12-31;NLD200901127;TX-53;REESBOOT;NLTEX;Texel;;N;Y;N;N;Y;N;;GO;GNS;PS;;;;;5.80;0.00;1.00;0.00;0.00;37.00;0.00;2;2009-12-04;MFL;;;;2009-01-01
NLD;NLD200901130;;CST;2010-01-08;2100-12-31;NLD200901130;VL-555;TALAKE;NLVLA;Vlaardingen;PI6721;Y;Y;N;N;Y;Y;244630673;LH;LHP;LLD;;;;;5.45;0.00;1.00;0.00;0.00;85.00;0.00;3;2010-01-08;MFL;;;;2009-01-01
NLD;NLD200901180;;CST;2011-04-05;2100-12-31;NLD200901180;YE-2;LOBSTER;NLYSK;Yerseke;;N;Y;N;N;Y;N;;GO;GNS;FPO;;;;;9.75;0.00;4.00;0.00;0.00;48.00;0.00;3;2011-04-05;MFL;;;;2009-01-01
NLD;NLD200901200;;CHA;2011-09-15;2100-12-31;NLD200901200;SCH-20;ZEEBAAS;NLSCE;Scheveningen;PD2980;Y;Y;N;N;Y;Y;244750536;LH;LHP;LHM;;;;;7.63;0.00;1.00;0.00;0.00;220.00;0.00;3;2011-09-15;MFL;;;;2009-01-01
NLD;NLD200902041;;MOD;2018-04-09;2100-12-31;NLD200902041;IJM-21;BRUINVIS;NLIJM;Ijmuiden/Velsen;;N;Y;N;N;Y;N;;LH;LHP;LHM;;;;;5.35;0.00;1.00;0.00;0.00;66.00;0.00;3;2013-01-30;MFL;;;;2009-01-01
NLD;NLD200902059;;RET;2025-04-28;2025-04-28;NLD200902059;YE-12;WHITE WARRIOR;NLYSK;Yerseke;PCTI;Y;N;N;N;N;N;;FX;LHP;LHM;;;;;9.25;0.00;3.00;0.00;0.00;258.00;0.00;3;2013-07-01;MFL;;;PA;2009-01-01
NLD;NLD200913624;;RET;2018-09-21;2018-09-21;NLD200913624;IJM-10;AIMY;NLIJM;Ijmuiden/Velsen;PA5505;Y;N;N;N;Y;N;;FX;LHP;FPO;;;;;9.92;0.00;5.00;0.00;0.00;191.00;0.00;3;2014-06-25;MFL;;;PA;2009-01-01
NLD;NLD201001154;;RET;2022-02-25;2022-02-25;NLD201001154;WSW-3;JORDINA;NLWSW;Westenschouwen;PD3624;Y;N;N;N;Y;N;;LH;LHP;MIS;;;;;7.15;0.00;1.00;0.00;0.00;167.00;0.00;3;2010-09-16;MFL;;;PA;2010-01-01
NLD;NLD201001155;9599731;MOD;2011-05-26;2100-12-31;NLD201001155;UK-153;LUB SENIOR;NLURK;Urk;PCGC;Y;Y;Y;Y;N;Y;246749000;SPE;SDN;OTB;;;;;28.50;0.00;339.00;0.00;0.00;500.00;600.00;2;2010-09-13;MFL;;;;2010-01-01
NLD;NLD201001157;;RET;2016-12-28;2016-12-28;NLD201001157;KG-21;WHITE EAGLE;NLKOG;Kortgene;PBKB;Y;N;N;N;Y;N;;FX;LHP;LHM;;;;;9.00;0.00;3.00;0.00;0.00;383.00;0.00;3;2010-10-06;MFL;;;PA;2010-01-01
NLD;NLD201001173;;MOD;2012-04-05;2100-12-31;NLD201001173;TH-18;DE ZEEBAARS;NLTHO;Tholen;;N;Y;N;N;Y;N;;WO;FPO;PS;;;;;8.95;0.00;3.00;0.00;0.00;134.00;67.00;2;2011-02-16;MFL;;;;2010-01-01
NLD;NLD201001178;;MOD;2025-06-25;2100-12-31;NLD201001178;BR-22;NOTUS;NLBRS;Breskens;PCQN;Y;Y;N;N;Y;N;;LH;LHP;MIS;;;;;8.55;0.00;1.00;0.00;0.00;257.40;0.00;3;2011-02-28;MFL;;;;2010-01-01
NLD;NLD201001179;;RET;2021-09-29;2021-09-29;NLD201001179;SL-35;OSPREY;NLSTD;Stellendam;PD8173;Y;N;N;N;Y;Y;244810265;MSN;LHP;LHM;;;;;9.95;0.00;2.00;0.00;0.00;328.00;0.00;2;2011-02-26;MFL;;;PA;2010-01-01
NLD;NLD201001184;;CST;2011-04-08;2100-12-31;NLD201001184;MS-1;PETRA;NLMDS;Middenschouwen;;N;Y;N;N;Y;N;;WOP;FPO;GNS;;;;;7.50;0.00;1.00;0.00;0.00;59.00;0.00;;2011-04-08;MFL;;;;2010-01-01
NLD;NLD201002010;;RET;2018-09-28;2018-09-28;NLD201002010;WR-15;LINDA;NLWRG;Wieringen/Den Oever;;N;N;N;N;Y;N;;FX;OTB;FPO;;;;;3.66;0.00;1.00;0.00;0.00;4.00;0.00;3;2016-05-19;MFL;;;PA;2010-01-01
NLD;NLD201002045;;CST;2013-02-12;2100-12-31;NLD201002045;BRU-81;MARGRIET;NLBSE;Bruinisse;;N;Y;N;N;Y;N;;WO;FPO;MIS;;;;;7.35;0.00;1.00;0.00;0.00;44.00;0.00;4;2013-02-12;MFL;;;;2010-01-01
NLD;NLD201013622;;CHA;2014-06-18;2100-12-31;NLD201013622;BR-25;LEONIE;NLBRS;Breskens;;N;Y;N;N;Y;N;;LH;LHP;LHM;;;;;7.91;0.00;1.00;0.00;0.00;221.00;0.00;3;2014-06-18;MFL;;;;2010-01-01
NLD;NLD201013653;;RET;2025-06-19;2025-06-19;NLD201013653;BR-50;SPIRIT;NLBRS;Breskens;;N;N;N;N;N;N;;FX;LHP;LHM;;;;;7.71;0.00;1.00;0.00;0.00;184.00;0.00;3;2015-06-24;MFL;;;PA;2010-01-01
NLD;NLD201045176;;MOD;2018-10-23;2100-12-31;NLD201045176;HK-80;SARAH;NLHRD;Harderwijk;PB4375;Y;Y;Y;Y;N;Y;244710206;TU;TBB;MIS;;;;;19.70;0.00;42.00;0.00;0.00;176.00;25.00;2;2016-07-21;MFL;;;;2010-01-01
NLD;NLD201072068;;RET;2023-08-31;2023-08-31;NLD201072068;WSW-4;INNOVATION;NLWSW;Westenschouwen;;N;N;N;N;Y;N;;LH;LHP;LHM;;;;;5.90;0.00;1.00;0.00;0.00;55.00;0.00;3;2021-04-13;MFL;;;PA;2010-01-01
NLD;NLD201072132;;CHA;2023-06-29;2100-12-31;NLD201072132;YE-158;NORTHSTAR;NLYSK;Yerseke;PFYB;Y;Y;N;N;Y;N;246480000;LH;LHP;OTB;;;;;8.21;0.00;3.00;0.00;0.00;140.00;0.00;3;2023-06-29;MFL;;;;2010-01-01
NLD;NLD201101192;;MOD;2021-11-10;2100-12-31;NLD201101192;YE-94;KRAB;NLYSK;Yerseke;;N;Y;N;N;Y;N;;DB;DRH;MIS;;;;;9.21;0.00;1.00;0.00;0.00;110.00;0.00;2;2011-07-19;MFL;;;;2011-01-01
NLD;NLD201101197;;DES;2012-10-10;2012-10-10;NLD201101197;VLI-1;TRENDSETTER;NLVLI;Vlissingen;;N;N;N;N;Y;N;;FX;LHP;MIS;;;;;9.52;0.00;2.00;0.00;0.00;280.00;0.00;3;2011-08-26;MFL;;;PA;2011-01-01
NLD;NLD201101198;;CST;2011-08-24;2100-12-31;NLD201101198;SCH-2;ZEEVALK;NLSCE;Scheveningen;PC7118;Y;Y;N;N;Y;Y;244010087;LH;LHP;LHM;;;;;9.02;0.00;2.00;0.00;0.00;220.00;0.00;3;2011-08-24;MFL;;;;2011-01-01
NLD;NLD201101209;;RET;2025-03-31;2025-03-31;NLD201101209;KG-2;ALWAYS BUSY;NLKOG;Kortgene;PI4775;Y;N;N;N;N;Y;244020679;LH;LHP;MIS;;;;;8.10;0.00;1.00;0.00;0.00;190.00;0.00;3;2012-01-25;MFL;;;PA;2011-01-01
NLD;NLD201101210;;MOD;2023-05-26;2100-12-31;NLD201101210;BR-77;RAPTOR;NLBRS;Breskens;PDWX;Y;Y;N;N;Y;Y;244467000;LH;LHP;LLS;;;;;8.06;0.00;1.00;0.00;0.00;175.00;0.00;3;2012-02-28;MFL;;;;2011-01-01
NLD;NLD201102003;;RET;2023-02-17;2023-02-17;NLD201102003;YE-5;JOZIAS;NLYSK;Yerseke;;N;N;N;N;Y;N;;WOP;GNS;FPO;;;;;4.50;0.00;1.00;0.00;0.00;15.00;0.00;3;2012-03-15;MFL;;;PA;2011-01-01
NLD;NLD201102004;;RET;2022-01-24;2022-01-24;NLD201102004;BR-31;ANDRÉ;NLBRS;Breskens;;N;N;N;N;Y;N;;LH;LHP;LHM;;;;;7.70;0.00;1.00;0.00;0.00;184.00;0.00;3;2012-04-20;MFL;;;PA;2011-01-01
NLD;NLD201102010;;MOD;2024-06-13;2100-12-31;NLD201102010;TX-52;PLATTE BAK;NLTEX;Texel;;N;Y;N;N;Y;N;;MSN;FPO;LHP;;;;;6.63;0.00;1.00;0.00;0.00;9.00;9.00;2;2012-04-20;MFL;;;;2011-01-01
NLD;NLD201102043;;MOD;2016-10-28;2100-12-31;NLD201102043;WL-4;HENDERIKA;NLWDE;Westdongeradeel;PCSS;Y;Y;Y;Y;N;Y;244780802;FX;TBB;MIS;;;;;19.95;0.00;67.00;0.00;0.00;221.00;0.00;2;2013-02-15;MFL;;;;2011-01-01
NLD;NLD201102067;;RET;2018-09-28;2018-09-28;NLD201102067;LO-113;CHRISTINA;NLLAN;Lauwersoog;;N;N;N;N;Y;N;;FX;PTB;MIS;;;;;4.10;0.00;1.00;0.00;0.00;15.00;0.00;3;2013-10-03;MFL;;;PA;2011-01-01
NLD;NLD201140077;;CHA;2018-05-04;2100-12-31;NLD201140077;WL-17;ZELDENRUST;NLWDE;Westdongeradeel;;N;Y;N;N;Y;N;;LH;LHP;MIS;;;;;3.73;0.00;1.00;0.00;0.00;5.00;0.00;3;2011-01-01;MFL;;;;2011-01-01
NLD;NLD201172093;;MOD;2024-10-11;2100-12-31;NLD201172093;HD-21;MAEVE;NLDHR;Den Helder;;N;Y;N;N;Y;N;;LH;LHP;FPO;;;;;7.42;0.00;1.00;0.00;0.00;18.00;0.00;3;2022-02-04;MFL;;;;2011-01-01
NLD;NLD201202009;;CST;2012-04-23;2100-12-31;NLD201202009;HA-35;CONFIANZA;NLHAR;Harlingen;PG6278;Y;Y;Y;Y;N;Y;246194000;LH;DRH;MIS;;;;;19.94;0.00;57.00;0.00;0.00;128.00;10.00;2;2012-04-23;MFL;;;;2012-01-01
NLD;NLD201202032;;RET;2020-03-21;2020-03-21;NLD201202032;GOE-7;SEA EAGLE;NLGOE;Goes;;N;N;N;N;Y;N;;WOP;FPO;GNS;;;;;6.20;0.00;1.00;0.00;0.00;31.00;0.00;3;2012-10-24;MFL;;;PA;2012-01-01
NLD;NLD201202036;;RET;2023-07-11;2023-07-11;NLD201202036;GO-12;COASTER;NLGDR;Goedereede;PC3640;Y;N;N;N;Y;Y;244030856;LH;LHP;FPO;;;;;8.49;0.00;2.00;0.00;0.00;134.00;0.00;3;2012-12-13;MFL;;;PA;2012-01-01
NLD;NLD201202052;;CHA;2025-05-07;2100-12-31;NLD201202052;BR-14;SUZY;NLBRS;Breskens;;N;Y;N;N;Y;N;;WOP;FPO;LHP;;;;;7.20;0.00;1.00;0.00;0.00;211.00;0.00;3;2012-04-12;MFL;;;PA;2012-01-01
NLD;NLD201202060;;MOD;2020-04-23;2100-12-31;NLD201202060;BR-5;CHEETAH;NLBRS;Breskens;PDEE;Y;Y;N;N;Y;Y;244060589;LH;LHP;LLS;;;;;9.29;0.00;2.00;0.00;0.00;368.00;0.00;3;2013-08-22;MFL;;;;2012-01-01
NLD;NLD201202069;;CHA;2013-11-04;2100-12-31;NLD201202069;BR-15;DE NOORDVIS;NLBRS;Breskens;;N;Y;N;Y;Y;N;;LH;LHP;LHM;;;;;11.78;0.00;6.00;0.00;0.00;544.00;0.00;3;2013-11-04;MFL;;;;2012-01-01
NLD;NLD201213661;;RET;2023-06-29;2023-06-29;NLD201213661;YE-158;NORTHSTAR;NLYSK;Yerseke;PE7904;Y;N;N;N;Y;Y;244740310;LH;LHP;OTB;;;;;7.84;0.00;1.00;0.00;0.00;140.00;0.00;3;2015-10-01;MFL;;;PA;2012-01-01
NLD;NLD201302056;9680920;MOD;2020-08-28;2100-12-31;NLD201302056;UK-200;HENDRIK SR;NLURK;Urk;PCUX;Y;Y;Y;Y;N;Y;244790677;MO;OTT;TBB;;;;;22.65;0.00;111.00;0.00;0.00;221.00;120.00;2;2013-06-10;MFL;;;;2013-01-01
NLD;NLD201302057;;MOD;2024-05-24;2100-12-31;NLD201302057;GO-55;ZUIDERKRUIS;NLGDR;Goedereede;;N;Y;N;N;Y;N;;LH;OTB;LHP;;;;;4.04;0.00;1.00;0.00;0.00;4.00;0.00;3;2013-05-28;MFL;;;;2013-01-01
NLD;NLD201302058;;CST;2013-07-15;2100-12-31;NLD201302058;BZ-3;KRAAIJER;NLBZM;Bergse Diepsluis/Bergen Op Zoom;;N;Y;N;N;Y;N;;WO;FPO;MIS;;;;;9.73;0.00;1.00;0.00;0.00;66.00;0.00;2;2013-07-15;MFL;;;;2013-01-01
NLD;NLD201302068;;RET;2025-07-25;2025-07-25;NLD201302068;VLI-1;TRENDSETTER;NLVLI;Vlissingen;PA5798;Y;N;N;N;Y;Y;244810050;LH;LHP;FPO;;;;;9.95;0.00;2.00;0.00;0.00;280.00;0.00;2;2013-10-21;MFL;;;PA;2013-01-01
NLD;NLD201302074;8341682;MOD;2020-10-30;2100-12-31;NLD201302074;WR-40;ANNA CAROLA;NLWRG;Wieringen/Den Oever;PCYF;Y;Y;Y;Y;N;Y;244810627;MO;TBB;FPO;;;;;23.00;0.00;85.00;0.00;0.00;221.00;200.00;2;2013-12-02;MFL;;;;2013-01-01
NLD;NLD201313607;;CST;2014-01-01;2100-12-31;NLD201313607;BR-32;WHITE CHEETAH;NLBRS;Breskens;;N;Y;N;N;Y;N;;FX;LHP;MIS;;;;;9.29;0.00;2.00;0.00;0.00;368.00;368.00;3;2014-01-01;MFL;;;;2013-01-01
NLD;NLD201313609;;CST;2014-01-21;2100-12-31;NLD201313609;SCH-101;WANOWAN;NLSCE;Scheveningen;;N;Y;N;N;Y;N;;GO;GNS;OTB;;;;;9.95;0.00;4.00;0.00;0.00;94.00;0.00;3;2014-01-21;MFL;;;;2013-01-01
NLD;NLD201313626;;RET;2023-07-06;2023-07-06;NLD201313626;KW-3;WHITE PEARL;NLKWK;Katwijk;;N;N;N;Y;Y;Y;244710025;GO;GNS;LHP;;;;;10.28;0.00;2.00;0.00;0.00;368.00;0.00;3;2014-06-05;MFL;;;PA;2013-01-01
NLD;NLD201313646;;CHA;2015-04-08;2100-12-31;NLD201313646;KG-4;BRUINVIS;NLKOG;Kortgene;;N;Y;N;N;Y;N;;LH;LHP;MIS;;;;;9.77;0.00;2.00;0.00;0.00;368.00;0.00;3;2015-04-08;MFL;;;;2013-01-01
NLD;NLD201345173;;CHA;2016-07-25;2100-12-31;NLD201345173;IJM-20;KEYWEST;NLIJM;Ijmuiden/Velsen;PG8198;Y;Y;N;N;Y;N;;FX;LHP;LHM;;;;;6.18;0.00;1.00;0.00;0.00;111.00;0.00;3;2016-07-25;MFL;;;;2013-01-01
NLD;NLD201371992;;CHA;2018-08-06;2100-12-31;NLD201371992;BR-33;WHITE WATER;NLBRS;Breskens;PF5780;Y;Y;N;N;Y;Y;244013286;LH;LHP;LHM;;;;;9.29;0.00;2.00;0.00;0.00;292.00;0.00;3;2018-08-06;MFL;;;;2013-01-01
NLD;NLD201372156;;CHA;2024-06-06;2100-12-31;NLD201372156;TH-65;ARIE JACOB SR;NLTHO;Tholen;;N;Y;N;N;Y;N;;LH;LHP;GNS;;;;;6.34;0.00;1.00;0.00;0.00;75.00;75.00;3;2024-06-06;MFL;;;PA;2013-01-01
NLD;NLD201372185;;CHA;2025-05-01;2100-12-31;NLD201372185;TH-11;ZEEAREND II;NLTHO;Tholen;;N;Y;N;N;Y;N;;GO;GNS;OTB;;;;;3.29;0.00;1.00;0.00;0.00;1.00;0.00;3;2025-05-01;MFL;;;PA;2013-01-01
NLD;NLD201400431;;CHA;2017-02-17;2100-12-31;NLD201400431;TH-56;MISSISSIPPI;NLTHO;Tholen;;N;Y;N;N;Y;N;;WOP;FPO;MIS;;;;;8.99;0.00;1.00;0.00;0.00;37.00;0.00;2;2017-02-17;MFL;;;;2014-01-01
NLD;NLD201402101;;MOD;2024-07-29;2100-12-31;NLD201402101;HA-24;ALEA IACTA EST;NLHAR;Harlingen;PD9306;Y;Y;Y;Y;N;Y;244615990;DB;DRB;MIS;;;;;22.70;0.00;46.00;0.00;0.00;260.00;20.00;2;2016-10-20;MFL;;;;2014-01-01
NLD;NLD201413634;8463973;MOD;2021-05-25;2100-12-31;NLD201413634;TX-96;LOUISE MARLOU;NLTEX;Texel;PH4028;Y;Y;Y;Y;N;Y;244830188;LH;DRH;MIS;;;;;22.22;0.00;78.00;0.00;0.00;296.00;75.00;2;2014-10-21;MFL;;;;2014-01-01
NLD;NLD201472136;;CHA;2023-08-02;2100-12-31;NLD201472136;BZ-2;DE WEER;NLBZM;Bergse Diepsluis/Bergen Op Zoom;;N;Y;N;N;Y;N;;WOP;FPO;MIS;;;;;9.85;0.00;1.00;0.00;0.00;10.00;0.00;2;2023-08-02;MFL;;;;2014-01-01
NLD;NLD201472139;;CHA;2023-08-25;2100-12-31;NLD201472139;TH-8;KOKKEL;NLTHO;Tholen;;N;Y;N;N;Y;N;;DB;DRH;FPO;;;;;3.46;0.00;1.00;0.00;0.00;22.00;0.00;4;2023-08-25;MFL;;;;2014-01-01
NLD;NLD201500440;;EXP;2025-09-03;2025-09-03;NLD201500440;BR-2;FULL HOUSE;NLBRS;Breskens;;N;N;N;N;Y;N;;LH;LHP;LHM;;;;;9.70;0.00;4.00;0.00;0.00;368.00;0.00;3;2017-03-31;MFL;ESP;EX;PA;2015-01-01
NLD;NLD201502007;;MOD;2017-12-07;2100-12-31;NLD201502007;IJM-5;ZEEBEER;NLIJM;Ijmuiden/Velsen;;N;Y;N;N;Y;N;;GO;GNS;GND;;;;;6.10;0.00;2.00;0.00;0.00;11.00;0.00;3;2016-04-29;MFL;;;;2015-01-01
NLD;NLD201513650;;MOD;2016-08-18;2100-12-31;NLD201513650;YE-33;LOUP DE MER;NLYSK;Yerseke;;N;Y;N;N;Y;N;;GO;GNS;FPO;;;;;7.08;0.00;1.00;0.00;0.00;85.00;0.00;3;2015-05-29;MFL;;;;2015-01-01
NLD;NLD201513651;9771573;MOD;2015-06-15;2100-12-31;NLD201513651;MDV-1;IMMANUEL;NLMDV;Urk;PDBE;Y;Y;Y;Y;N;Y;244860048;TU;OTB;OTT;;;;;30.15;0.00;335.00;0.00;0.00;400.00;617.00;2;2015-06-05;MFL;;;;2015-01-01
NLD;NLD201513662;9775995;MOD;2019-01-01;2100-12-31;NLD201513662;YE-118;NOORDLAND;NLYSK;Yerseke;PBWP;Y;Y;Y;Y;N;Y;244860699;DM;DRM;MIS;;;;;43.10;0.00;342.00;0.00;0.00;894.00;585.00;2;2015-10-02;MFL;;;;2015-01-01
NLD;NLD201513666;9783849;MOD;2021-08-04;2100-12-31;NLD201513666;WR-289;BONA FIDE;NLWRG;Wieringen/Den Oever;PBDD;Y;Y;Y;Y;N;Y;244860538;FX;TBB;FPO;;;;;23.89;0.00;114.00;0.00;0.00;221.00;0.00;2;2015-12-22;MFL;;;;2015-01-01
NLD;NLD201572087;;MOD;2023-04-06;2100-12-31;NLD201572087;SL-35;OBELIX;NLSTD;Stellendam;;N;Y;N;N;Y;N;;LH;LHP;LHM;;;;;5.64;0.00;1.00;0.00;0.00;110.00;0.00;3;2021-09-29;MFL;;;;2015-01-01
NLD;NLD201572172;;CHA;2025-02-03;2100-12-31;NLD201572172;TH-32;VIER GEBROEDERS;NLTHO;Tholen;;N;Y;N;N;Y;N;;WOP;GNC;FPO;;;;;6.01;0.00;1.00;0.00;0.00;73.00;0.00;4;2025-02-03;MFL;;;;2015-01-01
NLD;NLD201601178;;MOD;2024-11-04;2100-12-31;NLD201601178;GO-33;AR-MEN;NLGDR;Goedereede;;N;Y;N;N;Y;N;;LH;LHP;LHM;;;;;7.90;0.00;1.00;0.00;0.00;139.00;0.00;3;2020-09-23;MFL;;;;2016-01-01
NLD;NLD201602009;;MOD;2021-07-05;2100-12-31;NLD201602009;HD-20;MARJA;NLDHR;Den Helder;;N;Y;N;N;Y;N;;MO;TBB;OTB;;;;;5.60;0.00;1.00;0.00;0.00;18.00;0.00;4;2016-05-10;MFL;;;;2016-01-01
NLD;NLD201602011;;MOD;2020-03-04;2100-12-31;NLD201602011;VL-161;C-Meeuw;NLVLA;Vlaardingen;PH8234;Y;Y;N;N;Y;N;;GO;LHP;GNS;;;;;6.05;0.00;1.00;0.00;0.00;74.00;0.00;2;2016-05-30;MFL;;;;2016-01-01
NLD;NLD201602099;;CST;2016-09-30;2100-12-31;NLD201602099;BRU-35;JOHANNA;NLBSE;Bruinisse;;N;Y;N;N;N;N;;FX;DRH;MIS;;;;;12.61;0.00;9.00;0.00;0.00;117.00;0.00;2;2016-09-30;AQU;;;;2016-01-01
NLD;NLD201602112;;MOD;2022-01-24;2100-12-31;NLD201602112;BR-31;ANDRÉ;NLBRS;Breskens;PG7533;Y;Y;N;N;Y;Y;244668305;LH;LHP;LHM;;;;;7.04;0.00;2.00;0.00;0.00;170.00;0.00;3;2017-01-20;MFL;;;;2016-01-01
NLD;NLD201645167;;CST;2016-03-30;2100-12-31;NLD201645167;YE-28;CHANNEL;NLYSK;Yerseke;;N;Y;N;N;Y;N;;WOP;FPO;MIS;;;;;6.30;0.00;1.00;0.00;0.00;36.00;0.00;2;2016-03-30;MFL;;;;2016-01-01
NLD;NLD201702636;;MOD;2019-03-08;2100-12-31;NLD201702636;SL-28;JEANINE;NLSTD;Stellendam;;N;Y;N;N;Y;Y;244140873;TU;OTB;GNS;;;;;9.60;0.00;5.00;0.00;0.00;90.00;0.00;2;2017-08-24;MFL;;;;2017-01-01
NLD;NLD201740073;;CST;2018-02-16;2100-12-31;NLD201740073;YE-52;VISAREND;NLYSK;Yerseke;;N;Y;N;N;Y;N;;WOP;FPO;LHM;;;;;7.49;0.00;3.00;0.00;0.00;37.00;0.00;2;2018-02-16;MFL;;;;2017-01-01
NLD;NLD201740074;9830276;MOD;2025-08-29;2100-12-31;NLD201740074;UK-46;WILLEKE;NLURK;Urk;PDGN;Y;Y;Y;Y;N;Y;244140042;TU;TBB;MIS;;;;;41.05;0.00;484.00;0.00;0.00;1471.00;776.00;2;2018-03-08;MFL;;;PA;2017-01-01
NLD;NLD201740082;9851361;CST;2018-05-11;2100-12-31;NLD201740082;UK-150;POLAR;NLURK;Urk;PCDZ;Y;Y;Y;Y;N;Y;244070300;SN;OTB;SSC;;;;;32.00;0.00;339.00;0.00;0.00;768.00;500.00;2;2018-05-11;MFL;;;;2017-01-01
NLD;NLD201771988;;EXP;2024-10-17;2024-10-17;NLD201771988;HD-16;COURAGE;NLDHR;Den Helder;PBGV;Y;N;N;N;N;N;244180283;LH;LHP;FPO;;;;;11.12;0.00;3.00;0.00;0.00;294.00;20.00;3;2018-04-01;MFL;SWE;EX;PA;2017-01-01
NLD;NLD201771990;;MOD;2024-06-13;2100-12-31;NLD201771990;YE-7;C'EST LA VIE;NLYSK;Yerseke;PE2505;Y;Y;N;N;N;Y;244100345;DB;FPO;DRB;;;;;21.07;0.00;28.00;0.00;0.00;132.00;0.00;4;2018-07-25;AQU;;;;2017-01-01
NLD;NLD201772013;9869734;MOD;2019-04-09;2100-12-31;NLD201772013;WR-50;CONCORDIA;NLWRG;Wieringen/Den Oever;PBMJ;Y;Y;Y;Y;N;Y;244170409;TU;OTB;MIS;;;;;23.93;0.00;91.00;0.00;0.00;221.00;150.00;2;2018-12-06;MFL;;;;2017-01-01
NLD;NLD201772022;9881031;MOD;2020-01-06;2100-12-31;NLD201772022;ZK-5;KLAAS SR.;NLZOT;Zoutkamp;PCDK;Y;Y;Y;Y;N;Y;244131000;TU;TBB;FPO;;;;;19.98;0.00;70.00;0.00;0.00;221.00;140.00;;2019-04-12;MFL;;;;2017-01-01
NLD;NLD201772133;;CHA;2023-07-06;2100-12-31;NLD201772133;TS-12;WILDE OESTER;NLWTE;West-Terschelling;;N;Y;N;N;Y;N;;WOP;FPO;MIS;;;;;7.00;0.00;1.00;0.00;0.00;44.00;0.00;2;2023-07-06;AQU;;;;2017-01-01
NLD;NLD201801159;9843479;MOD;2023-11-27;2100-12-31;NLD201801159;UK-205;SPES NOVA;NLURK;Urk;PDLR;Y;Y;Y;Y;N;Y;244013672;MTS;OTT;SDN;;;;;32.22;0.00;497.00;0.00;0.00;1050.00;105.00;2;2019-10-31;MFL;;;PA;2018-01-01
NLD;NLD201801162;9871256;CST;2019-12-05;2100-12-31;NLD201801162;MDV-2;METANOIA;NLMDV;Urk;PCYM;Y;Y;Y;Y;N;Y;244373000;MTS;OTB;MIS;;;;;30.15;0.00;335.00;0.00;0.00;400.00;606.00;2;2019-12-05;MFL;;;PA;2018-01-01
NLD;NLD201840080;9853797;CST;2018-05-11;2100-12-31;NLD201840080;WR-12;EMMA;NLWRG;Wieringen/Den Oever;PDJT;Y;Y;Y;Y;N;Y;244170146;TU;TBB;MIS;;;;;23.99;0.00;88.00;0.00;0.00;221.00;76.00;2;2018-05-11;MFL;;;;2018-01-01
NLD;NLD201840081;9853802;MOD;2019-04-16;2100-12-31;NLD201840081;WR-212;REIN-WILLEM;NLWRG;Wieringen/Den Oever;PDIK;Y;Y;Y;Y;N;Y;244170098;TU;TBB;MIS;;;;;23.99;0.00;88.00;0.00;0.00;221.00;175.00;2;2018-05-11;MFL;;;;2018-01-01
NLD;NLD201871991;9845398;MOD;2019-04-17;2100-12-31;NLD201871991;TX-65;BONA FIDE;NLTEX;Texel;PDLM;Y;Y;Y;Y;N;Y;244013121;TU;TBB;MIS;;;;;23.86;0.00;91.00;0.00;0.00;221.00;172.00;2;2018-07-25;MFL;;;PA;2018-01-01
NLD;NLD201872014;;MOD;2021-02-24;2100-12-31;NLD201872014;YE-240;CHALLAND;NLYSK;Yerseke;;N;Y;N;N;N;N;;DB;DRB;MIS;;;;;13.10;0.00;5.00;0.00;0.00;258.00;12.00;;2018-12-21;AQU;;;;2018-01-01
NLD;NLD201872023;;CST;2019-04-19;2100-12-31;NLD201872023;BR-4;DRENNECK;NLBRS;Breskens;;N;Y;N;N;Y;N;;LH;LHP;LHM;;;;;8.50;0.00;5.00;0.00;0.00;243.00;0.00;3;2019-04-19;MFL;;;PA;2018-01-01
NLD;NLD201872024;;CST;2019-04-19;2100-12-31;NLD201872024;BR-99;SWEET CAROLISA;NLBRS;Breskens;;N;Y;N;N;Y;N;;LH;LHP;LHM;;;;;9.77;0.00;2.00;0.00;0.00;331.00;0.00;3;2019-04-19;MFL;;;PA;2018-01-01
NLD;NLD201872034;9860001;CST;2019-06-06;2100-12-31;NLD201872034;HD-42;GRIETJE CORNELIA;NLDHR;Den Helder;PBKG;Y;Y;Y;Y;N;Y;245795000;MO;TBB;OTT;;;;;23.65;0.00;117.00;0.00;0.00;221.00;144.00;2;2019-06-06;MFL;;;PA;2018-01-01
NLD;NLD201901148;9856517;CST;2019-07-04;2100-12-31;NLD201901148;UK-225;AUKE SENIOR;NLURK;Urk;PCWI;Y;Y;Y;Y;N;Y;244704000;MTS;OTB;OTT;;;;;30.15;0.00;335.00;0.00;0.00;400.00;606.00;2;2019-07-04;MFL;;;;2019-01-01
NLD;NLD201901149;;CST;2019-07-12;2100-12-31;NLD201901149;BRU-99;DOCK;NLBSE;Bruinisse;;N;Y;N;N;Y;N;;WOP;FPO;MIS;;;;;6.38;0.00;1.00;0.00;0.00;74.00;0.00;2;2019-07-12;MFL;;;;2019-01-01
NLD;NLD201901153;;EXP;2024-10-31;2024-10-31;NLD201901153;SCH-43;ALIDA JOLANDA;NLSCE;Scheveningen;PCVC;Y;N;Y;Y;N;Y;244660000;MO;TBB;MIS;;;;;13.47;0.00;36.00;0.00;0.00;221.00;60.00;2;2019-09-02;MFL;GBR;EX;PA;2019-01-01
NLD;NLD201901160;;MOD;2025-04-28;2100-12-31;NLD201901160;SL-55;'T VOSKE;NLSTD;Stellendam;PDAL;Y;Y;N;N;Y;Y;244850652;LH;LHP;FPO;;;;;8.76;0.00;1.00;0.00;0.00;258.00;0.00;3;2019-11-21;MFL;;;;2019-01-01
NLD;NLD201901165;9873838;CST;2020-02-28;2100-12-31;NLD201901165;UK-124;LUUT SENIOR;NLURK;Urk;PDSS;Y;Y;Y;Y;N;Y;244921000;MTS;SSC;OTT;;;;;24.98;0.00;233.00;0.00;0.00;749.00;556.00;;2020-02-28;MFL;;;;2019-01-01
NLD;NLD201901174;9880142;MOD;2023-07-07;2100-12-31;NLD201901174;SCH-144;VERTROUWEN;NLSCE;Scheveningen;PFAY;Y;Y;Y;Y;N;Y;244810000;SN;SSC;OTB;;;;;24.98;0.00;233.00;0.00;0.00;500.00;556.00;2;2023-07-07;MFL;;;;2019-01-01
NLD;NLD201972026;;CST;2019-05-06;2100-12-31;NLD201972026;TH-23;TH-23;NLTHO;Tholen;;N;Y;N;N;Y;N;;WOP;FPO;FYK;;;;;9.03;0.00;1.00;0.00;0.00;29.00;0.00;2;2019-05-06;MFL;;;PA;2019-01-01
NLD;NLD201972037;;CST;2019-06-17;2100-12-31;NLD201972037;YE-99;TRANSFERO;NLYSK;Yerseke;;N;Y;N;N;Y;N;;DB;DRB;MIS;;;;;10.70;0.00;3.00;0.00;0.00;130.00;0.00;2;2019-06-17;AQU;;;;2019-01-01
NLD;NLD201972065;;CST;2021-01-28;2100-12-31;NLD201972065;TH-31;HARDER;NLTHO;Tholen;;N;Y;N;N;Y;N;;GO;GNS;FPO;;;;;5.97;0.00;1.00;0.00;0.00;37.00;0.00;2;2021-01-28;MFL;;;;2019-01-01
NLD;NLD202001167;;CST;2020-03-06;2100-12-31;NLD202001167;ZZ-15;KREEFT;NLZIE;Zierikzee;;N;Y;N;Y;Y;Y;;WOP;FPO;GNS;;;;;10.97;0.00;4.00;0.00;0.00;111.00;0.00;2;2020-03-06;MFL;;;;2020-01-01
NLD;NLD202001172;9890111;CST;2020-05-29;2100-12-31;NLD202001172;UK-24;ANNA;NLURK;Urk;PDUF;Y;Y;Y;Y;N;Y;246424000;MTS;OTB;OTT;;;;;27.70;0.00;325.00;0.00;0.00;677.00;631.00;2;2020-05-29;MFL;;;;2020-01-01
NLD;NLD202001177;;RET;2023-07-07;2023-07-07;NLD202001177;KG-1;KODIAK;NLKOG;Kortgene;PE8534;Y;N;N;N;Y;N;;LH;LHP;LHM;;;;;7.95;0.00;1.00;0.00;0.00;148.00;0.00;3;2020-07-24;MFL;;;PA;2020-01-01
NLD;NLD202072066;;MOD;2024-08-07;2100-12-31;NLD202072066;BRU-7;AART;NLBSE;Bruinisse;;N;Y;N;N;Y;N;;GO;FPO;GNC;;;;;7.60;0.00;1.00;0.00;0.00;46.00;0.00;4;2021-02-12;MFL;;;;2020-01-01
NLD;NLD202072081;;RET;2025-03-05;2025-03-05;NLD202072081;TH-2;ELISABETH;NLTHO;Tholen;;N;N;N;N;N;N;;GO;GNS;LHP;;;;;9.95;0.00;9.00;0.00;0.00;66.00;0.00;4;2021-08-10;MFL;;;PA;2020-01-01
NLD;NLD202072097;;CST;2022-02-25;2100-12-31;NLD202072097;BR-55;CHEETAH II;NLBRS;Breskens;;N;Y;N;N;Y;N;;LH;LHP;OTB;;;;;7.90;0.00;1.00;0.00;0.00;162.00;0.00;3;2022-02-25;MFL;;;;2020-01-01
NLD;NLD202172082;9909118;MOD;2022-07-28;2100-12-31;NLD202172082;SL-26;ANNE MARIE;NLSTD;Stellendam;PDYQ;Y;Y;Y;Y;N;Y;246106000;SN;SSC;OTB;;;;;24.98;0.00;234.00;0.00;0.00;496.00;556.00;2;2021-08-20;MFL;;;;2021-01-01
NLD;NLD202172123;;MOD;2024-07-09;2100-12-31;NLD202172123;YE-5;JOZIAS;NLYSK;Yerseke;;N;Y;N;N;Y;N;;WOP;GNS;FPO;;;;;4.95;0.00;1.00;0.00;0.00;15.00;0.00;4;2023-02-17;MFL;;;;2021-01-01
NLD;NLD202172124;;CST;2023-02-17;2100-12-31;NLD202172124;YE-105;MAARTJE;NLYSK;Yerseke;;N;Y;N;N;Y;N;;WOP;FPO;GNS;;;;;5.85;0.00;1.00;0.00;0.00;52.00;0.00;4;2023-02-17;MFL;;;;2021-01-01
NLD;NLD202272104;;CST;2022-04-26;2100-12-31;NLD202272104;YE-267;MARINUS;NLYSK;Yerseke;;N;Y;N;N;Y;N;;WOP;FPO;LHP;;;;;7.08;0.00;1.00;0.00;0.00;44.00;0.00;2;2022-04-26;MFL;;;;2022-01-01
NLD;NLD202272117;9958248;CST;2022-12-07;2100-12-31;NLD202272117;KG-8;ENSIS;NLKOG;Kortgene;PFTF;Y;Y;Y;Y;N;Y;246840000;FX;DRM;DRB;;;;;24.95;0.00;228.00;0.00;0.00;400.00;748.00;;2022-12-07;MFL;;;;2022-01-01
NLD;NLD202272127;;CST;2023-04-03;2100-12-31;NLD202272127;VL-23;INTERCEPTOR;NLVLA;Vlaardingen;PA2777;Y;Y;N;N;Y;N;244000423;LH;LHP;LHM;;;;;6.25;0.00;1.00;0.00;0.00;66.00;0.00;3;2023-04-03;MFL;;;;2022-01-01
NLD;NLD202272137;9980617;CST;2023-08-11;2100-12-31;NLD202272137;HA-1;WANTIJ;NLHAR;Harlingen;PA6732;Y;Y;Y;N;N;Y;244180830;LH;DRH;DRM;;;;;19.44;0.00;73.00;0.00;0.00;250.00;93.60;2;2023-08-11;MFL;;;;2022-01-01
NLD;NLD202272182;;MOD;2025-04-30;2100-12-31;NLD202272182;YE-12;WHITE WARRIOR;NLYSK;Yerseke;;N;Y;N;N;Y;N;;LH;LHP;FPO;;;;;6.55;0.00;1.00;0.00;0.00;184.00;0.00;3;2025-04-28;MFL;;;PA;2022-01-01
NLD;NLD202372129;;CST;2023-05-03;2100-12-31;NLD202372129;TH-14;ZEEAREND;NLTHO;Tholen;;N;Y;N;N;Y;N;244420000;DB;DRH;GNS;;;;;7.17;0.00;1.00;0.00;0.00;88.00;0.00;2;2023-05-03;MFL;;;;2023-01-01
NLD;NLD202372140;;CST;2023-08-31;2100-12-31;NLD202372140;WSW-4;TIPPI-TIPPI;NLWSW;Westenschouwen;;N;Y;N;N;Y;N;;LH;LHP;LHM;;;;;6.90;0.00;1.00;0.00;0.00;55.00;0.00;3;2023-08-31;MFL;;;;2023-01-01
NLD;NLD202372146;;CST;2024-02-23;2100-12-31;NLD202372146;TH-35;SNURF;NLTHO;Tholen;;N;Y;N;N;Y;N;;GO;GNS;MIS;;;;;5.05;0.00;1.00;0.00;0.00;96.00;0.00;3;2023-12-22;MFL;;;;2023-01-01
NLD;NLD202372151;;CST;2024-03-21;2100-12-31;NLD202372151;BRU-137;KRAB;NLBSE;Bruinisse;;N;Y;N;N;Y;N;;WOP;FPO;PS;;;;;8.48;0.00;1.00;0.00;0.00;44.00;20.00;3;2024-03-21;MFL;;;PA;2023-01-01
NLD;NLD202372157;;CHA;2024-06-07;2100-12-31;NLD202372157;BR-10;ANNA;NLBRS;Breskens;;N;Y;N;N;Y;N;;MTS;OTB;FPO;;;;;9.99;0.00;6.00;0.00;0.00;83.00;0.00;2;2024-06-07;MFL;;;;2023-01-01
NLD;NLD202372179;;CHA;2025-04-02;2100-12-31;NLD202372179;BR-666;JAP;NLBRS;Breskens;;N;Y;N;N;Y;N;;FX;LHP;LHM;;;;;5.89;0.00;1.00;0.00;0.00;85.00;0.00;3;2025-04-02;MFL;;;;2023-01-01
NLD;NLD202472160;;CST;2024-08-15;2100-12-31;NLD202472160;BRU-1;ARIËL;NLBSE;Bruinisse;;N;Y;N;N;Y;N;;SN;GNS;FPO;;;;;7.66;0.00;1.00;0.00;0.00;74.00;0.00;2;2024-08-15;MFL;;;;2024-01-01
NLD;NLD202472191;;CST;2025-06-11;2100-12-31;NLD202472191;BR-11;MORNING LIGHT;NLBRS;Breskens;;N;Y;N;N;Y;N;;LH;LHP;LHM;;;;;11.16;0.00;2.00;0.00;0.00;432.00;432.00;3;2025-06-11;MFL;;;PA;2024-01-01
NLD;NLD202472193;;CST;2025-06-19;2100-12-31;NLD202472193;BR-50;SPIRIT;NLBRS;Breskens;;N;Y;N;N;N;N;;LH;LHP;LHM;;;;;8.50;0.00;1.00;0.00;0.00;184.00;0.00;3;2025-06-19;MFL;;;;2024-01-01
NLD;NLD202572173;;CHA;2025-02-05;2100-12-31;NLD202572173;WR-104;JO;NLWRG;Wieringen/Den Oever;;N;Y;N;N;Y;N;;WO;FPO;MIS;;;;;5.00;0.00;1.00;0.00;0.00;44.00;0.00;4;2025-02-05;MFL;;;;2025-01-01
NLD;NLD202572175;;CST;2025-03-05;2100-12-31;NLD202572175;TH-2;ELISABETH;NLTHO;Tholen;;N;Y;N;N;Y;N;;GO;GNS;LHP;;;;;8.95;0.00;1.00;0.00;0.00;66.00;0.00;2;2025-03-05;MFL;;;;2025-01-01
NLD;NLD202572195;;CST;2025-09-12;2100-12-31;NLD202572195;WR-389;GRIETJE;NLWRG;Wieringen/Den Oever;PBCY;Y;Y;N;Y;N;N;246348000;GO;GNS;FPO;;;;;14.01;0.00;24.00;0.00;0.00;529.00;0.00;2;2025-09-12;MFL;;;PA;2025-01-01
NLD;SWE000004295;;DES;2013-05-28;2013-05-28;SWE000004295;SCH-100;CARDO;NLSCE;Scheveningen;;N;N;N;N;Y;N;;FX;GNS;FPO;;;;;10.10;0.00;6.00;0.00;0.00;97.00;0.00;3;2005-05-18;MFL;;;PA;1982-01-01
NLD;SWE000004655;;MOD;2011-03-09;2100-12-31;SWE000004655;UK-255;ALBERTINA;NLURK;Urk;;N;Y;N;N;Y;Y;244630262;GO;GNS;GND;;;;;11.62;0.00;9.00;0.00;0.00;59.00;0.00;3;2006-06-07;MFL;;;;1981-01-01
NLD;SWE000004796;;MOD;2015-04-21;2100-12-31;SWE000004796;UK-254;ANTJE;NLURK;Urk;;N;Y;N;N;Y;Y;245342000;GO;GNS;MIS;;;;;11.97;0.00;10.00;0.00;0.00;99.00;0.00;3;2006-02-23;MFL;;;;1985-01-01
NLD;SWE000006112;;MOD;2022-09-19;2100-12-31;SWE000006112;UK-133;ZORG EN VLIJT;NLURK;Urk;PHPH;Y;Y;N;N;Y;Y;246410000;GO;GNS;FPO;;;;;11.99;0.00;7.00;0.00;0.00;134.00;0.00;3;2006-07-21;MFL;;;;1990-01-01
NLD;SWE000007856;;MOD;2025-07-04;2100-12-31;SWE000007856;IJM-39;ISABELLE;NLIJM;Ijmuiden/Velsen;;N;Y;N;N;Y;N;;MTS;OTB;GNS;;;;;11.99;0.00;15.00;0.00;0.00;129.00;0.00;3;2023-07-21;MFL;;;PA;1996-01-01
NLD;SWE000007894;;RET;2014-06-24;2014-06-24;SWE000007894;OD-8;EBEN HAËZER;NLGDO;Goedereede-Ouddorp;PFCK;Y;N;N;N;N;N;;FX;GNS;OTB;;;;;12.85;0.00;15.00;0.00;0.00;221.00;0.00;3;2003-06-10;MFL;;;PA;1996-01-01
NLD;SWE000007967;;EXP;2013-03-21;2013-03-21;SWE000007967;OD-55;SARA;NLGDO;Goedereede-Ouddorp;;N;N;N;N;Y;N;;FX;GNS;OTB;;;;;11.00;0.00;11.00;0.00;0.00;162.00;0.00;3;2006-06-20;MFL;DEU;EX;PA;1997-01-01
